kind,trade_id,symbol,exec_date,exec_price,shares,buy_date,buy_price,buy_fee,sell_fee,gross_pnl,net_pnl,net_return_pct,hold_days,exit_reason,sig_sig_date,sig_sig_w_close,sig_sig_w_ema,sig_sig_w_sma,sig_sig_d_close,sig_sig_d_ema,sig_sig_d_sma,sig_sig_h_close,sig_sig_h_atr,sig_gap_w,sig_atr_dist,sig_freshness_days,sig_emasma_score,sig_mtf_score,sig_early_score,sig_near_score
BUY,1,TSLA,2023-07-05,279.0,358.24,,,49.98,,,,,,,2023-07-03,274.44,234.04,190.46,279.9,259.26,216.79,279.01,271.76,44.1,2.6,28,5,5.5,2.3,2.8
BUY,2,APP,2023-07-11,27.24,706.23,,,9.62,,,,,,,2023-07-10,28.15,23.99,16.67,27.07,25.71,24.18,27.07,26.46,68.84,2.25,63,5,5.4,-0.0,2.5
BUY,3,COIN,2023-07-11,80.89,237.84,,,9.62,,,,,,,2023-07-10,105.42,71.8,58.77,81.21,74.24,61.84,81.21,77.82,79.38,4.17,119,5,5.8,-1.0,0.2
BUY,6,CVNA,2023-07-11,6.92,2780.83,,,9.62,,,,,,,2023-07-10,7.54,4.62,2.36,6.85,5.44,3.81,6.85,6.24,219.35,9.01,35,5,7.4,1.4,1.4
BUY,4,PLTR,2023-07-11,16.5,1166.28,,,9.62,,,,,,,2023-07-10,16.4,14.04,9.33,16.3,15.41,14.02,16.3,15.78,75.75,3.19,91,5,5.6,-0.5,1.4
BUY,5,SMCI,2023-07-11,27.49,699.81,,,9.62,,,,,,,2023-07-10,29.51,22.69,12.34,26.98,24.95,21.6,26.98,25.97,139.17,3.75,448,5,5.5,-1,0.5
SELL,1,TSLA,2023-07-11,268.63,358.24,2023-07-05,279.0,49.98,48.12,-3714.99,-3763.1,-3.76,4,rotation (out of top-N),2023-07-10,281.39,242.65,191.92,269.49,267.8,227.37,269.49,263.18,46.62,2.34,35,5,5.3,2.1,2.9
BUY,7,HOOD,2023-07-18,12.46,1612.53,,,10.05,,,,,,,2023-07-17,12.76,10.66,9.73,12.49,11.61,9.89,12.49,12.14,31.14,2.88,14,5,5.2,3.2,2.8
SELL,2,APP,2023-07-18,28.41,706.23,2023-07-11,27.24,9.62,10.03,826.29,816.26,4.24,5,rotation (out of top-N),2023-07-17,28.09,24.74,16.93,28.43,27.42,24.89,28.43,27.95,65.93,1.71,70,5,5.0,-0.2,2.7
BUY,8,APP,2023-07-25,28.57,719.98,,,10.29,,,,,,,2023-07-24,31.26,25.92,17.27,28.16,27.92,25.31,28.16,27.48,80.98,2.41,77,5,5.3,-0.3,2.1
SELL,7,HOOD,2023-07-25,12.77,1612.53,2023-07-18,12.46,10.05,10.29,491.82,481.53,2.4,5,rotation (out of top-N),2023-07-24,12.71,11.03,9.79,12.74,12.36,10.41,12.74,12.46,29.72,2.21,21,5,4.6,3.2,3.2
BUY,9,DLR,2023-08-01,113.67,200.51,,,11.4,,,,,,,2023-07-31,110.02,104.06,94.89,114.34,110.2,102.7,113.58,109.35,15.94,3.72,42,3.19,4.6,3.5,3.2
SELL,3,COIN,2023-08-01,95.88,237.84,2023-07-11,80.89,9.62,11.4,3566.42,3555.02,18.48,15,rotation (out of top-N),2023-07-31,87.3,81.57,60.79,98.63,97.19,76.81,98.63,95.27,43.61,3.41,140,5,4.5,-0.2,0.7
BUY,10,VRT,2023-08-08,35.42,623.64,,,11.04,,,,,,,2023-08-07,33.4,26.85,17.49,35.6,30.93,25.54,35.59,34.35,90.95,3.48,280,5,5.3,-1,0.7
SELL,9,DLR,2023-08-08,110.22,200.51,2023-08-01,113.67,11.4,11.05,-691.75,-702.8,-3.08,5,rotation (out of top-N),2023-08-07,110.33,105.2,95.51,110.86,110.9,104.78,110.13,108.47,15.52,1.51,49,3.1,3.0,3.4,4.6
BUY,11,MPC,2023-08-22,135.56,130.3,,,8.83,,,,,,,2023-08-21,136.06,125.71,114.58,134.99,134.49,121.29,134.99,132.9,18.75,1.55,28,3.75,3.5,3.6,4.6
BUY,12,NVDA,2023-08-22,48.08,367.37,,,8.83,,,,,,,2023-08-21,45.97,42.77,29.37,46.93,44.15,44.03,46.87,45.7,56.53,2.49,217,5,4.5,-0.8,1.3
SELL,4,PLTR,2023-08-22,14.8,1166.28,2023-07-11,16.5,9.62,8.63,-1976.84,-1985.47,-10.32,30,rotation (out of top-N),2023-08-21,14.52,15.23,10.55,14.49,15.37,16.38,14.49,14.05,37.69,3.1,133,5,4.0,0.1,0.9
SELL,5,SMCI,2023-08-22,25.85,699.81,2023-07-11,27.49,9.62,9.05,-1147.69,-1156.73,-6.01,30,rotation (out of top-N),2023-08-21,25.39,26.26,15.57,25.26,26.73,28.5,25.26,24.39,63.04,3.43,490,5,5.3,-1,0.7
BUY,13,APA,2023-08-29,38.55,456.67,,,8.8,,,,,,,2023-08-28,40.5,36.92,34.95,38.53,38.62,36.07,38.53,37.8,15.89,1.89,14,3.18,3.8,4.0,4.9
SELL,11,MPC,2023-08-29,135.11,130.3,2023-08-22,135.56,8.83,8.8,-58.63,-67.44,-0.38,5,rotation (out of top-N),2023-08-28,137.91,127.93,115.12,135.19,135.14,124.71,135.19,133.03,19.8,1.6,35,3.96,3.5,3.4,4.4
BUY,14,SW,2023-09-12,33.45,512.13,,,8.57,,,,,,,2023-09-11,33.86,30.54,29.04,31.56,30.65,30.02,31.56,30.94,16.58,1.95,14,3.32,3.9,3.9,4.8
BUY,15,TSLA,2023-09-12,270.75,63.27,,,8.57,,,,,,,2023-09-11,274.44,249.24,203.32,273.63,253.21,252.17,273.77,266.06,34.98,2.82,98,5,4.0,0.6,1.5
SELL,13,APA,2023-09-12,39.12,456.67,2023-08-29,38.55,8.8,8.93,260.3,251.37,1.43,9,rotation (out of top-N),2023-09-11,38.12,37.56,34.93,38.53,39.46,37.82,38.53,37.87,9.12,1.71,28,1.82,3.1,4.1,5.5
SELL,12,NVDA,2023-09-12,44.7,367.37,2023-08-22,48.08,8.83,8.21,-1241.72,-1249.93,-7.08,14,rotation (out of top-N),2023-09-11,43.85,44.07,31.56,45.15,46.64,45.66,45.09,44.05,38.94,2.31,238,5,3.5,0.1,1.5
BUY,17,CF,2023-09-19,76.57,224.85,,,8.61,,,,,,,2023-09-18,79.04,74.65,71.87,76.24,76.3,74.59,76.24,75.01,9.97,1.62,14,1.99,3.3,4.3,5.7
BUY,16,VLO,2023-09-19,136.63,126.01,,,8.61,,,,,,,2023-09-18,134.31,124.8,116.1,135.23,131.37,122.99,135.23,132.84,15.69,1.77,35,3.14,3.4,3.6,4.7
SELL,14,SW,2023-09-19,34.63,512.13,2023-09-12,33.45,8.57,8.87,604.31,595.44,3.48,5,rotation (out of top-N),2023-09-18,32.67,30.93,29.07,33.87,32.53,30.75,33.87,33.44,12.38,1.27,21,2.48,3.1,4.0,5.6
SELL,15,TSLA,2023-09-19,264.2,63.27,2023-09-12,270.75,8.57,8.36,-414.12,-422.47,-2.47,5,rotation (out of top-N),2023-09-18,244.85,248.45,205.68,265.27,264.29,251.09,265.27,258.5,19.04,2.55,105,3.81,2.9,1.3,2.6
BUY,19,TPL,2023-09-26,200.61,87.09,,,8.74,,,,,,,2023-09-25,198.5,191.43,189.03,200.81,199.01,195.46,200.81,197.15,5.01,1.82,0,1.0,3.5,4.7,6.3
BUY,18,WSM,2023-09-26,74.73,233.78,,,8.74,,,,,,,2023-09-25,74.39,67.53,60.3,74.85,69.27,66.87,74.85,72.74,23.37,2.81,91,4.67,3.5,1.3,2.3
SELL,17,CF,2023-09-26,80.38,224.85,2023-09-19,76.57,8.61,9.04,856.69,847.66,4.92,5,rotation (out of top-N),2023-09-25,80.4,75.7,71.79,80.72,78.11,74.98,80.72,79.65,12.0,1.33,21,2.4,3.1,4.1,5.6
SELL,16,VLO,2023-09-26,133.99,126.01,2023-09-19,136.63,8.61,8.44,-332.67,-341.11,-1.98,5,rotation (out of top-N),2023-09-25,130.95,125.92,116.57,135.45,133.14,125.26,135.45,133.05,12.34,1.77,42,2.47,3.1,3.7,4.9
BUY,21,CF,2023-10-03,77.69,237.65,,,9.23,,,,,,,2023-10-02,75.93,75.74,71.72,78.55,79.01,75.43,78.55,76.92,5.87,2.08,28,1.17,3.2,4.2,5.6
BUY,22,HAL,2023-10-03,37.13,497.25,,,9.23,,,,,,,2023-10-02,36.46,37.07,33.68,37.47,38.58,37.91,37.31,36.36,8.26,2.55,63,1.65,3.1,2.5,4.4
BUY,20,JBL,2023-10-03,127.39,144.93,,,9.23,,,,,,,2023-10-02,129.24,113.2,93.53,128.14,115.31,108.36,128.14,125.85,38.17,1.79,357,5,3.1,0.1,1.8
SELL,6,CVNA,2023-10-03,7.79,2780.83,2023-07-11,6.92,9.62,10.83,2413.76,2402.93,12.49,59,rotation (out of top-N),2023-10-02,7.53,8.31,4.46,7.85,8.48,8.86,7.85,7.47,68.97,4.84,119,5,6.0,-1.0,0.0
SELL,19,TPL,2023-10-03,189.99,87.09,2023-09-26,200.61,8.74,8.27,-924.85,-933.12,-5.34,5,rotation (out of top-N),2023-10-02,193.66,191.84,187.62,188.16,197.81,199.24,188.16,183.78,3.22,2.33,7,0.64,3.6,4.7,6.0
SELL,18,WSM,2023-10-03,73.7,233.78,2023-09-26,74.73,8.74,8.61,-240.79,-249.41,-1.43,5,rotation (out of top-N),2023-10-02,74.4,68.78,60.81,73.78,72.35,67.8,73.78,72.6,22.34,1.6,98,4.47,2.6,1.2,3.1
BUY,26,CRWD,2023-10-10,181.57,120.99,,,10.98,,,,,,,2023-10-09,185.69,166.46,140.13,181.79,169.56,160.79,181.79,176.44,32.51,2.94,140,5,3.6,0.4,1.0
BUY,24,GD,2023-10-10,227.88,96.4,,,10.98,,,,,,,2023-10-09,231.39,213.22,209.26,227.06,212.06,210.74,227.06,221.47,10.58,2.46,0,2.12,4.2,4.5,5.3
BUY,25,PLTR,2023-10-10,18.07,1215.73,,,10.98,,,,,,,2023-10-09,17.39,15.81,12.09,17.61,15.96,15.22,17.61,16.81,43.81,4.56,182,5,5.2,-0.2,0.0
BUY,23,SMCI,2023-10-10,29.5,744.68,,,10.98,,,,,,,2023-10-09,28.51,27.06,18.83,29.01,27.74,26.42,29.01,28.09,51.41,3.18,539,5,4.7,-0.6,0.9
SELL,8,APP,2023-10-10,41.7,719.98,2023-07-25,28.57,10.29,15.01,9449.71,9434.7,45.86,54,rotation (out of top-N),2023-10-09,38.53,38.24,24.56,40.84,40.11,40.5,40.84,39.95,56.9,2.16,154,5,4.3,-0.8,1.6
SELL,21,CF,2023-10-10,80.94,237.65,2023-10-03,77.69,9.23,9.62,772.35,762.73,4.13,5,rotation (out of top-N),2023-10-09,79.32,76.39,71.75,80.82,78.17,75.72,80.82,79.01,10.55,2.24,35,2.11,3.4,3.9,4.9
SELL,22,HAL,2023-10-10,38.87,497.25,2023-10-03,37.13,9.23,9.66,865.21,855.55,4.63,5,rotation (out of top-N),2023-10-09,39.98,37.6,33.74,38.93,37.68,37.82,38.76,37.8,18.48,2.47,70,3.7,3.4,1.9,3.3
SELL,20,JBL,2023-10-10,133.49,144.93,2023-10-03,127.39,9.23,9.67,884.08,874.41,4.74,5,rotation (out of top-N),2023-10-09,135.14,117.19,95.23,133.23,124.59,111.21,133.23,131.27,41.91,1.47,364,5,3.1,-0.1,2.0
BUY,29,ALL,2023-10-17,118.21,184.53,,,10.91,,,,,,,2023-10-16,116.34,107.71,107.21,118.02,110.03,104.54,118.02,115.19,8.51,2.39,0,1.7,4.0,4.6,5.6
BUY,28,HUM,2023-10-17,508.34,42.91,,,10.91,,,,,,,2023-10-16,504.46,476.22,472.18,507.45,485.81,468.38,506.26,495.37,6.84,2.15,0,1.37,3.8,4.7,5.9
BUY,27,PGR,2023-10-17,144.52,150.94,,,10.91,,,,,,,2023-10-16,141.62,130.65,124.04,143.73,134.4,127.25,143.73,140.16,14.17,2.48,28,2.83,3.9,3.8,4.5
SELL,26,CRWD,2023-10-17,185.47,120.99,2023-10-10,181.57,10.98,11.22,471.86,460.64,2.1,5,rotation (out of top-N),2023-10-16,178.76,168.7,142.11,187.67,180.49,165.57,187.67,184.4,25.79,1.74,147,5,2.5,0.7,2.3
SELL,24,GD,2023-10-17,230.22,96.4,2023-10-10,227.88,10.98,11.1,225.58,214.48,0.98,5,rotation (out of top-N),2023-10-16,223.67,215.12,209.26,231.19,222.61,212.74,231.19,228.55,6.89,1.14,7,1.38,3.0,4.5,6.4
SELL,23,SMCI,2023-10-17,27.97,744.68,2023-10-10,29.5,10.98,10.41,-1139.37,-1149.78,-5.23,5,rotation (out of top-N),2023-10-16,24.86,26.66,19.25,29.15,28.88,26.95,29.15,28.19,29.14,3.28,546,5,3.6,0.5,0.9
BUY,30,SMCI,2023-10-24,26.01,824.85,,,10.73,,,,,,,2023-10-23,24.14,26.2,19.67,25.48,27.42,27.07,25.48,24.48,22.7,3.93,553,4.54,3.8,0.9,1.1
BUY,31,TPL,2023-10-24,200.73,106.88,,,10.73,,,,,,,2023-10-23,195.56,196.12,184.73,200.94,204.04,199.54,200.94,196.78,5.87,2.07,28,1.17,3.2,4.2,5.6
SELL,28,HUM,2023-10-24,503.58,42.91,2023-10-17,508.34,10.91,10.8,-204.26,-215.06,-0.99,5,rotation (out of top-N),2023-10-23,493.61,479.38,472.55,499.05,496.87,472.91,497.88,493.55,4.46,0.87,7,0.89,2.7,4.7,6.9
SELL,27,PGR,2023-10-24,141.18,150.94,2023-10-17,144.52,10.91,10.65,-504.14,-514.79,-2.36,5,rotation (out of top-N),2023-10-23,140.09,132.37,124.63,140.48,139.82,130.16,140.48,139.0,12.4,1.05,35,2.48,2.7,3.8,5.5
BUY,32,AOS,2023-10-31,66.82,320.83,,,10.72,,,,,,,2023-10-30,68.3,65.46,65.16,66.31,64.69,64.46,66.31,65.3,4.81,1.53,0,0.96,3.3,4.8,6.5
BUY,33,DECK,2023-10-31,98.17,218.37,,,10.72,,,,,,,2023-10-30,99.47,89.36,81.9,97.4,87.48,85.87,97.4,93.39,21.45,4.12,434,4.29,3.8,0.9,1.1
BUY,34,TMUS,2023-10-31,135.54,158.17,,,10.72,,,,,,,2023-10-30,141.04,134.42,134.23,135.39,134.5,133.91,135.39,133.3,5.08,1.54,0,1.02,3.3,4.7,6.5
SELL,30,SMCI,2023-10-31,23.48,824.85,2023-10-24,26.01,10.73,9.68,-2086.88,-2096.56,-9.77,5,rotation (out of top-N),2023-10-30,25.48,26.07,20.12,23.67,25.53,26.8,23.67,22.87,26.61,3.37,560,5,3.6,0.7,1.1
SELL,31,TPL,2023-10-31,200.19,106.88,2023-10-24,200.73,10.73,10.7,-57.72,-68.41,-0.32,5,rotation (out of top-N),2023-10-30,197.5,196.37,183.41,197.17,199.7,198.49,197.17,193.01,7.68,2.11,35,1.54,3.2,4.0,5.2
SELL,10,VRT,2023-10-31,37.83,623.64,2023-08-08,35.42,11.04,11.8,1502.96,1491.17,6.75,59,rotation (out of top-N),2023-10-30,40.28,37.06,24.61,38.13,37.55,38.07,38.12,36.97,63.66,3.02,364,5,5.0,-1,1.0
BUY,36,COIN,2023-11-07,85.9,259.01,,,11.12,,,,,,,2023-11-06,92.92,80.22,71.22,86.43,80.35,76.85,86.43,82.03,30.48,5.09,238,5,4.5,0.5,0.0
BUY,37,EXPE,2023-11-07,110.57,201.22,,,11.12,,,,,,,2023-11-06,117.26,104.46,102.11,110.31,99.64,99.52,110.31,104.98,14.83,4.83,0,2.97,5.7,4.3,3.5
BUY,35,GDDY,2023-11-07,86.41,257.48,,,11.12,,,,,,,2023-11-06,87.6,77.91,74.81,86.59,77.84,74.84,86.59,83.69,17.1,3.35,7,3.42,5.0,4.0,3.9
BUY,38,VRT,2023-11-07,39.86,558.18,,,11.12,,,,,,,2023-11-06,41.7,37.9,25.29,39.63,39.0,38.17,39.62,38.4,64.88,3.08,371,5,5.1,-1,0.9
SELL,29,ALL,2023-11-07,123.22,184.53,2023-10-17,118.21,10.91,11.37,924.51,913.14,4.19,15,rotation (out of top-N),2023-11-06,123.03,114.06,107.44,123.34,120.92,111.73,123.34,121.75,14.51,1.29,21,2.9,3.2,3.9,5.3
SELL,32,AOS,2023-11-07,67.31,320.83,2023-10-31,66.82,10.72,10.8,157.21,146.41,0.68,5,rotation (out of top-N),2023-11-06,69.43,66.18,65.27,67.84,66.65,64.46,67.84,66.92,6.37,1.36,7,1.27,3.1,4.6,6.3
SELL,33,DECK,2023-11-07,102.49,218.37,2023-10-31,98.17,10.72,11.19,943.38,932.19,4.35,5,rotation (out of top-N),2023-11-06,105.43,92.28,82.81,102.04,95.55,87.38,102.04,100.62,27.31,1.39,441,5,2.3,0.6,2.3
SELL,34,TMUS,2023-11-07,141.23,158.17,2023-10-31,135.54,10.72,11.17,899.97,888.8,4.15,5,rotation (out of top-N),2023-11-06,141.24,135.66,134.29,140.94,137.99,134.96,140.94,139.59,5.18,0.95,7,1.04,2.8,4.6,6.7
BUY,39,APP,2023-11-14,42.65,538.83,,,11.49,,,,,,,2023-11-13,39.13,39.09,27.88,41.4,40.1,39.05,41.4,39.58,40.33,4.37,189,5,4.9,-0.0,0.1
SELL,35,GDDY,2023-11-14,89.16,257.48,2023-11-07,86.41,11.12,11.48,708.07,696.59,3.13,5,rotation (out of top-N),2023-11-13,91.96,80.46,75.09,88.24,83.96,76.36,88.24,87.59,22.47,0.74,14,4.49,3.4,3.6,5.0
BUY,40,GEN,2023-11-21,20.32,1034.24,,,10.51,,,,,,,2023-11-20,20.28,18.12,17.28,19.83,18.65,16.93,19.83,19.5,17.39,1.64,7,3.48,3.8,4.0,5.0
SELL,39,APP,2023-11-21,39.02,538.83,2023-11-14,42.65,11.49,10.51,-1953.27,-1963.78,-8.55,5,rotation (out of top-N),2023-11-20,39.52,39.17,28.5,39.49,39.95,39.23,39.49,38.75,38.68,1.88,196,5,3.2,0.1,1.7
BUY,41,KEY,2023-11-28,10.45,2013.03,,,10.52,,,,,,,2023-11-27,11.86,10.23,9.74,10.44,10.37,9.48,10.44,10.3,21.78,1.38,7,4.36,3.9,3.8,4.8
SELL,40,GEN,2023-11-28,20.35,1034.24,2023-11-21,20.32,10.51,10.52,31.03,20.5,0.1,4,rotation (out of top-N),2023-11-27,21.28,18.69,17.34,20.34,19.53,17.26,20.5,20.24,22.75,1.28,14,4.55,3.8,3.6,4.6
BUY,42,BXP,2023-12-05,55.02,451.88,,,12.43,,,,,,,2023-12-04,56.04,51.17,48.96,55.73,50.75,48.38,55.73,53.96,14.45,3.17,7,2.89,4.7,4.2,4.3
BUY,43,CVNA,2023-12-05,7.73,3218.04,,,12.43,,,,,,,2023-12-04,8.04,7.02,5.52,8.01,6.74,6.45,8.01,7.36,45.65,8.13,182,5,5.3,-0.3,0.0
SELL,37,EXPE,2023-12-05,136.96,201.22,2023-11-07,110.57,11.12,13.78,5310.19,5296.41,23.81,19,rotation (out of top-N),2023-12-04,143.83,123.24,105.31,138.11,133.61,112.26,138.11,136.16,36.58,1.42,28,5,4.3,2.7,3.6
SELL,25,PLTR,2023-12-05,18.27,1215.73,2023-10-10,18.07,10.98,11.1,237.07,225.96,1.03,39,rotation (out of top-N),2023-12-04,17.77,18.21,14.2,18.41,19.54,18.14,18.41,17.64,25.1,4.16,238,5,4.0,0.7,0.7
BUY,44,HOOD,2023-12-12,11.81,2049.08,,,12.1,,,,,,,2023-12-11,11.67,9.96,9.92,11.72,10.5,9.16,11.72,11.29,17.63,3.64,0,3.53,5.3,4.1,3.8
BUY,45,XYZ,2023-12-12,69.06,350.44,,,12.1,,,,,,,2023-12-11,74.23,60.23,60.03,68.61,65.78,53.48,68.61,67.07,23.66,2.25,0,4.73,4.7,3.8,4.1
SELL,42,BXP,2023-12-12,55.26,451.88,2023-12-05,55.02,12.43,12.49,108.45,95.97,0.39,5,rotation (out of top-N),2023-12-11,62.49,53.23,49.33,56.04,53.95,49.26,56.04,55.07,26.67,1.73,14,5,4.3,3.4,3.9
SELL,41,KEY,2023-12-12,11.65,2013.03,2023-11-28,10.45,10.52,11.73,2415.64,2403.91,11.43,10,rotation (out of top-N),2023-12-11,12.85,10.95,9.64,11.7,11.42,10.08,11.7,11.53,33.34,1.44,21,5,4.3,3.0,3.7
BUY,46,LEN,2023-12-19,130.57,204.54,,,13.35,,,,,,,2023-12-18,129.74,116.37,103.9,129.62,125.74,110.33,129.62,125.62,24.88,3.08,49,4.98,4.5,2.9,2.6
SELL,38,VRT,2023-12-19,47.85,558.18,2023-11-07,39.86,11.12,13.35,4459.82,4446.47,19.99,29,rotation (out of top-N),2023-12-18,48.62,43.82,29.89,47.65,46.78,42.47,47.64,46.62,62.65,2.14,413,5,4.4,-1,1.6
BUY,48,CRWD,2024-01-09,265.35,95.17,,,12.63,,,,,,,2024-01-08,283.39,241.13,175.05,261.28,252.08,234.85,261.28,256.79,61.89,1.72,231,5,4.1,-1,1.9
BUY,47,DOC,2024-01-09,16.81,1502.35,,,12.63,,,,,,,2024-01-08,17.81,16.14,15.87,17.08,16.77,15.42,17.0,16.65,12.26,2.03,0,2.45,4.0,4.4,5.4
BUY,49,VRT,2024-01-09,48.03,525.81,,,12.63,,,,,,,2024-01-08,49.39,45.68,32.49,48.39,47.11,45.41,48.38,47.3,52.03,2.23,434,5,4.1,-0.6,1.5
SELL,44,HOOD,2024-01-09,12.24,2049.08,2023-12-12,11.81,12.1,12.55,891.35,878.8,3.63,18,rotation (out of top-N),2024-01-08,11.03,11.09,10.2,12.43,12.31,10.6,12.43,12.07,8.1,2.86,28,1.62,3.8,4.1,4.8
SELL,46,LEN,2024-01-09,130.24,204.54,2023-12-19,130.57,13.35,13.32,-67.5,-80.82,-0.3,13,rotation (out of top-N),2024-01-08,133.56,123.14,106.96,131.38,129.49,120.92,131.38,129.58,24.87,1.37,70,4.97,3.0,1.6,3.4
SELL,45,XYZ,2024-01-09,68.76,350.44,2023-12-12,69.06,12.1,12.05,-103.38,-115.43,-0.48,18,rotation (out of top-N),2024-01-08,66.47,66.14,60.44,69.31,71.63,66.68,69.31,67.87,9.97,2.08,28,1.99,3.4,4.0,5.1
BUY,52,AMD,2024-01-23,166.45,177.61,,,14.78,,,,,,,2024-01-22,177.26,147.28,117.29,168.19,158.2,138.63,168.19,162.03,51.13,3.66,322,5,5.0,-0.6,0.6
BUY,51,COHR,2024-01-23,47.27,625.34,,,14.78,,,,,,,2024-01-22,47.3,42.44,39.24,46.99,44.51,41.76,46.99,45.8,20.53,2.54,35,4.11,4.1,3.4,3.7
BUY,50,SMCI,2024-01-23,43.08,686.23,,,14.78,,,,,,,2024-01-22,47.4,34.48,26.63,43.63,35.62,30.09,43.64,40.36,78.02,7.52,644,5,6,-1,0.0
SELL,36,COIN,2024-01-23,122.59,259.01,2023-11-07,85.9,11.12,15.88,9504.34,9488.46,42.65,51,rotation (out of top-N),2024-01-22,125.16,132.62,91.9,128.16,136.4,145.58,128.16,121.74,36.19,5.01,315,5,4.8,0.2,0.0
SELL,43,CVNA,2024-01-23,9.8,3218.04,2023-12-05,7.73,12.43,15.77,6674.21,6658.44,26.78,32,rotation (out of top-N),2024-01-22,8.36,8.71,6.9,9.67,9.13,8.92,9.67,9.1,21.1,5.87,231,4.22,4.1,0.9,0.9
SELL,47,DOC,2024-01-23,16.94,1502.35,2024-01-09,16.81,12.63,12.72,195.31,182.58,0.72,9,rotation (out of top-N),2024-01-22,16.6,16.33,15.89,16.84,17.03,16.19,16.76,16.5,4.49,1.56,14,0.9,3.0,4.5,6.3
BUY,53,AXP,2024-01-30,195.69,156.27,,,15.29,,,,,,,2024-01-29,201.43,181.51,161.3,195.94,185.6,177.34,195.94,190.66,24.88,2.7,56,4.98,4.1,2.8,2.8
SELL,51,COHR,2024-01-30,48.88,625.34,2024-01-23,47.27,14.78,15.28,1003.67,988.39,3.34,5,rotation (out of top-N),2024-01-29,49.11,43.65,39.62,48.92,46.72,43.21,48.92,48.1,23.96,1.68,42,4.79,3.6,3.1,3.8
BUY,55,COHR,2024-02-06,58.85,515.54,,,15.17,,,,,,,2024-02-05,62.31,47.04,40.38,49.41,48.06,44.5,49.41,48.12,54.3,2.61,49,5,5.6,1.5,2.4
BUY,54,DECK,2024-02-06,142.1,213.51,,,15.17,,,,,,,2024-02-05,140.69,124.66,97.71,141.86,132.17,120.3,141.86,136.08,43.99,4.08,532,5,4.9,-0.2,0.3
BUY,56,NVDA,2024-02-06,69.62,435.79,,,15.17,,,,,,,2024-02-05,72.06,58.25,46.17,69.27,63.11,53.9,69.19,67.02,56.06,3.13,385,5,4.9,-0.8,0.9
SELL,52,AMD,2024-02-06,173.09,177.61,2024-01-23,166.45,14.78,15.37,1179.32,1163.95,3.94,10,rotation (out of top-N),2024-02-05,172.48,156.37,121.56,174.24,171.95,151.99,174.24,169.1,41.89,2.95,336,5,4.1,-0.1,1.0
SELL,53,AXP,2024-02-06,200.1,156.27,2024-01-30,195.69,15.29,15.63,689.15,673.51,2.2,5,rotation (out of top-N),2024-02-05,207.21,186.18,162.8,200.88,194.4,181.42,200.88,198.85,27.28,1.01,63,5,3.0,1.6,3.5
SELL,48,CRWD,2024-02-06,305.58,95.17,2024-01-09,265.35,12.63,14.54,3828.86,3814.32,15.1,19,rotation (out of top-N),2024-02-05,329.41,277.39,192.63,302.66,296.88,271.0,302.66,296.61,71.0,2.0,259,5,4.3,-1,1.7
BUY,58,CVNA,2024-02-13,10.32,2918.82,,,15.06,,,,,,,2024-02-12,10.5,9.32,7.52,11.06,9.81,9.66,11.06,10.49,39.66,5.13,252,5,5.0,0.0,0.0
BUY,57,PLTR,2024-02-13,23.48,1282.89,,,15.06,,,,,,,2024-02-12,24.45,19.52,16.77,25.05,21.41,17.81,25.05,24.0,45.78,4.19,308,5,5.1,-0.3,0.2
SELL,54,DECK,2024-02-13,138.6,213.51,2024-02-06,142.1,15.17,14.8,-747.29,-762.08,-2.51,5,rotation (out of top-N),2024-02-12,143.88,128.15,99.26,140.6,136.86,123.07,140.6,139.14,44.95,1.04,539,5,2.9,-0.2,2.3
SELL,56,NVDA,2024-02-13,70.37,435.79,2024-02-06,69.62,15.17,15.33,326.84,311.51,1.03,5,rotation (out of top-N),2024-02-12,72.52,60.84,47.28,72.25,68.0,56.79,71.94,70.31,53.39,2.27,392,5,4.2,-0.7,1.5
BUY,61,COIN,2024-02-27,205.37,156.24,,,16.04,,,,,,,2024-02-26,205.85,157.34,105.4,193.96,166.17,144.86,193.96,184.73,95.3,4.76,350,5,6,-1,0.0
BUY,59,FIX,2024-02-27,286.71,111.92,,,16.04,,,,,,,2024-02-26,311.41,243.05,189.23,282.39,253.61,219.65,282.39,270.99,64.57,4.04,574,5,5.7,-1,0.3
BUY,60,HOOD,2024-02-27,15.88,2021.29,,,16.04,,,,,,,2024-02-26,16.6,12.94,10.84,15.58,13.73,11.93,15.58,15.11,53.14,3.03,77,5,5.4,0.1,1.7
SELL,55,COHR,2024-02-27,59.31,515.54,2024-02-06,58.85,15.17,15.29,237.15,221.86,0.73,14,rotation (out of top-N),2024-02-26,63.49,53.33,42.55,58.57,58.66,50.39,58.57,57.5,49.23,1.83,70,5,4.5,0.4,2.6
SELL,57,PLTR,2024-02-27,23.83,1282.89,2024-02-13,23.48,15.06,15.29,449.01,433.73,1.44,9,rotation (out of top-N),2024-02-26,24.95,21.02,17.34,23.56,23.28,19.21,23.56,22.98,43.89,2.46,322,5,3.8,-0.2,1.4
SELL,49,VRT,2024-02-27,66.91,525.81,2024-01-09,48.03,12.63,17.59,9927.23,9909.64,39.24,33,rotation (out of top-N),2024-02-26,70.37,58.73,40.55,66.13,62.41,55.34,66.12,64.05,73.52,3.13,483,5,5.1,-1,0.9
BUY,62,DELL,2024-03-05,116.36,303.64,,,17.67,,,,,,,2024-03-04,112.01,91.52,67.49,117.46,97.2,82.7,117.46,111.06,65.97,5.45,329,5,6,-1,0.0
SELL,59,FIX,2024-03-05,315.58,111.92,2024-02-27,286.71,16.04,17.66,3231.06,3213.4,10.01,5,rotation (out of top-N),2024-03-04,307.77,254.81,193.1,317.75,286.45,232.45,317.75,311.97,59.39,1.82,581,5,4.2,-1.0,1.8
BUY,63,NVDA,2024-03-12,88.05,389.01,,,17.13,,,,,,,2024-03-11,87.79,74.09,51.98,85.79,84.53,70.79,85.69,80.7,68.89,5.83,420,5,6,-1,0.0
SELL,62,DELL,2024-03-12,112.86,303.64,2024-03-05,116.36,17.67,17.13,-1062.75,-1079.88,-3.06,5,rotation (out of top-N),2024-03-11,103.19,93.64,68.94,111.73,107.37,87.52,111.73,109.23,49.68,2.24,336,5,4.0,-0.5,1.5
BUY,64,VRT,2024-03-19,74.7,450.71,,,16.83,,,,,,,2024-03-18,82.3,66.56,44.61,76.93,72.2,63.65,76.91,73.98,84.5,3.82,504,5,5.5,-1,0.5
SELL,63,NVDA,2024-03-19,86.59,389.01,2024-03-12,88.05,17.13,16.84,-567.96,-584.8,-1.71,5,rotation (out of top-N),2024-03-18,94.25,77.75,53.27,88.41,87.36,74.88,87.85,84.98,76.93,3.27,427,5,5.2,-1,0.8
BUY,65,MU,2024-03-26,118.05,313.36,,,18.5,,,,,,,2024-03-25,117.04,96.49,76.92,116.19,101.9,90.17,116.19,112.19,52.16,3.45,406,5,4.9,-0.6,0.7
SELL,64,VRT,2024-03-26,82.12,450.71,2024-03-19,74.7,16.83,18.51,3344.26,3325.75,9.88,5,rotation (out of top-N),2024-03-25,81.45,69.26,46.05,81.75,77.54,67.01,81.73,79.89,76.86,2.25,511,5,4.5,-1,1.5
BUY,66,APP,2024-04-09,78.7,531.4,,,20.91,,,,,,,2024-04-08,75.5,64.87,45.17,78.06,72.37,63.08,78.06,75.6,67.14,3.16,336,5,5.1,-1,0.9
BUY,67,VRT,2024-04-09,84.1,497.28,,,20.91,,,,,,,2024-04-08,83.67,74.24,49.04,83.95,81.9,72.25,83.93,81.47,70.61,2.93,525,5,5.0,-1,1.0
BUY,68,VST,2024-04-09,74.01,565.08,,,20.91,,,,,,,2024-04-08,68.78,60.77,39.72,73.44,70.34,58.17,73.34,71.28,73.14,2.81,392,5,4.9,-1,1.1
SELL,58,CVNA,2024-04-09,16.78,2918.82,2024-02-13,10.32,15.06,24.49,18855.58,18831.09,62.52,38,rotation (out of top-N),2024-04-08,15.0,14.9,9.97,16.54,16.82,15.01,16.54,16.11,50.43,2.6,308,5,4.3,-0.5,1.3
SELL,60,HOOD,2024-04-09,18.66,2021.29,2024-02-27,15.88,16.04,18.86,5639.39,5620.53,17.52,29,rotation (out of top-N),2024-04-08,17.98,16.78,12.11,18.57,18.8,16.63,18.57,18.1,48.43,2.54,119,5,4.1,-0.4,1.3
SELL,65,MU,2024-04-09,124.03,313.36,2024-03-26,118.05,18.5,19.43,1873.89,1854.45,5.01,9,rotation (out of top-N),2024-04-08,121.72,104.98,79.97,122.14,119.01,98.31,122.14,118.85,52.2,2.69,420,5,4.4,-0.6,1.2
BUY,69,CVNA,2024-04-16,13.83,4465.81,,,30.88,,,,,,,2024-04-15,14.27,14.79,10.14,13.96,15.86,15.6,13.96,13.34,40.74,4.42,315,5,5.0,-0.0,0.1
SELL,50,SMCI,2024-04-16,90.0,686.23,2024-01-23,43.08,14.78,30.88,32198.12,32167.24,108.81,58,rotation (out of top-N),2024-04-15,71.4,84.86,46.99,88.3,93.26,97.44,88.3,85.47,51.95,3.21,728,5,4.7,-0.6,0.9
BUY,71,DELL,2024-04-23,112.67,442.71,,,24.94,,,,,,,2024-04-22,121.12,109.35,78.72,111.85,114.6,110.9,111.85,108.27,53.87,3.2,378,5,4.8,-0.7,0.9
BUY,70,UAL,2024-04-23,53.17,938.12,,,24.94,,,,,,,2024-04-22,52.82,46.51,43.69,53.94,47.72,44.92,53.94,52.61,20.89,2.46,7,4.18,4.6,3.8,4.2
SELL,61,COIN,2024-04-23,224.77,156.24,2024-02-27,205.37,16.04,17.56,3031.14,3013.58,9.39,39,rotation (out of top-N),2024-04-22,236.45,223.16,139.46,225.88,228.42,238.7,225.88,214.12,69.55,5.2,406,5,6,-1,0.0
SELL,69,CVNA,2024-04-23,14.49,4465.81,2024-04-16,13.83,30.88,32.35,2947.43,2915.08,4.72,5,rotation (out of top-N),2024-04-22,16.88,15.17,10.33,14.29,14.8,15.99,14.29,13.73,63.35,3.95,322,5,5.6,-1,0.4
BUY,73,RMD,2024-04-30,210.1,245.99,,,25.84,,,,,,,2024-04-29,212.51,191.68,165.97,212.5,190.47,185.51,212.5,202.49,28.04,4.71,77,5,5.1,1.3,0.9
BUY,72,WDC,2024-04-30,47.72,1083.04,,,25.84,,,,,,,2024-04-29,48.09,45.35,35.72,47.38,47.33,45.56,47.37,45.56,34.64,3.81,336,5,4.3,0.3,0.5
SELL,71,DELL,2024-04-30,122.81,442.71,2024-04-23,112.67,24.94,27.18,4489.05,4461.87,8.95,5,rotation (out of top-N),2024-04-29,121.09,111.48,80.49,123.64,118.34,113.88,123.64,120.77,50.45,2.32,385,5,4.1,-0.5,1.5
SELL,70,UAL,2024-04-30,52.28,938.12,2024-04-23,53.17,24.94,24.52,-830.24,-854.76,-1.71,5,rotation (out of top-N),2024-04-29,51.65,47.45,43.63,52.95,51.14,45.95,52.95,52.14,18.37,1.52,14,3.67,3.7,3.8,4.9
BUY,74,AES,2024-05-07,17.15,3059.27,,,26.23,,,,,,,2024-05-06,17.96,15.84,15.02,17.04,16.23,15.2,17.04,16.55,19.54,2.9,7,3.91,4.8,3.9,4.0
BUY,75,CVNA,2024-05-07,24.78,2117.29,,,26.23,,,,,,,2024-05-06,23.35,18.02,11.08,24.6,19.74,16.7,24.6,23.41,110.77,4.83,336,5,6,-1,0.0
SELL,73,RMD,2024-05-07,211.76,245.99,2024-04-30,210.1,25.84,26.05,408.34,382.3,0.74,5,rotation (out of top-N),2024-05-06,210.1,195.03,166.87,212.45,204.14,189.36,212.45,210.11,25.9,1.1,84,5,2.6,1.3,3.3
SELL,72,WDC,2024-05-07,48.84,1083.04,2024-04-30,47.72,25.84,26.45,1213.0,1186.55,2.3,5,rotation (out of top-N),2024-05-06,48.56,45.94,36.19,49.25,47.9,46.15,49.24,48.2,34.17,2.12,343,5,3.1,0.3,1.6
BUY,77,MRNA,2024-05-14,127.42,400.12,,,25.49,,,,,,,2024-05-13,132.91,113.09,98.6,125.73,119.55,109.33,125.73,120.6,34.8,4.08,49,5,5.6,2.4,1.5
BUY,76,MTD,2024-05-14,1467.27,34.75,,,25.49,,,,,,,2024-05-13,1521.49,1340.58,1189.76,1461.68,1329.42,1285.24,1461.68,1404.87,27.88,3.89,77,5,4.7,1.3,1.3
SELL,74,AES,2024-05-14,18.13,3059.27,2024-05-07,17.15,26.23,27.73,2998.09,2970.35,5.66,5,rotation (out of top-N),2024-05-13,19.18,16.45,15.08,18.0,17.21,15.66,18.0,17.69,27.2,1.71,14,5,4.3,3.4,3.9
SELL,67,VRT,2024-05-14,93.61,497.28,2024-04-09,84.1,20.91,23.28,4729.14,4705.87,11.25,25,rotation (out of top-N),2024-05-13,96.62,85.62,56.69,94.63,93.88,85.32,94.61,92.51,70.43,2.22,560,5,4.5,-1,1.5
BUY,80,DELL,2024-05-21,140.38,347.81,,,24.41,,,,,,,2024-05-20,155.16,126.44,87.26,140.66,134.95,121.35,140.66,136.46,77.81,2.99,406,5,5.0,-1,1.0
BUY,79,FSLR,2024-05-21,198.32,246.2,,,24.41,,,,,,,2024-05-20,276.86,197.45,165.49,196.34,192.23,180.14,196.34,192.95,67.3,1.73,35,5,5.6,1.4,3.3
BUY,78,HOOD,2024-05-21,21.02,2323.39,,,24.41,,,,,,,2024-05-20,20.52,18.08,13.09,20.82,18.58,18.08,20.82,19.79,56.67,4.95,161,5,5.8,-0.8,0.0
SELL,66,APP,2024-05-21,84.44,531.4,2024-04-09,78.7,20.91,22.44,3050.25,3027.81,7.24,30,rotation (out of top-N),2024-05-20,82.17,75.15,51.94,84.54,81.98,74.79,84.54,82.92,58.19,1.92,378,5,4.2,-0.9,1.7
SELL,75,CVNA,2024-05-21,23.49,2117.29,2024-05-07,24.78,26.23,24.87,-2731.31,-2756.18,-5.25,10,rotation (out of top-N),2024-05-20,21.85,19.53,11.81,23.5,23.11,18.55,23.5,22.9,85.0,2.56,350,5,4.7,-1,1.3
SELL,76,MTD,2024-05-21,1495.59,34.75,2024-05-14,1467.27,25.49,25.98,983.85,957.87,1.88,5,rotation (out of top-N),2024-05-20,1480.5,1366.02,1197.18,1517.7,1449.55,1310.79,1517.7,1502.75,23.67,0.99,84,4.73,2.4,1.4,3.6
BUY,81,COIN,2024-06-04,232.11,192.24,,,22.31,,,,,,,2024-06-03,243.87,225.77,160.73,231.33,229.04,224.55,231.33,220.42,51.73,4.72,448,5,5.6,-0.6,0.0
SELL,80,DELL,2024-06-04,128.21,347.81,2024-05-21,140.38,24.41,22.3,-4232.88,-4255.18,-8.71,9,rotation (out of top-N),2024-06-03,125.61,127.63,90.82,127.95,146.06,129.11,127.95,115.72,38.31,9.56,420,5,4.9,0.1,0.0
BUY,83,CVNA,2024-06-11,21.18,2487.81,,,26.35,,,,,,,2024-06-10,20.6,20.05,12.66,21.62,21.12,20.08,21.62,20.58,62.67,4.82,371,5,6,-1,0.0
BUY,82,TPL,2024-06-11,231.58,227.53,,,26.35,,,,,,,2024-06-10,243.86,201.51,184.16,235.95,201.74,194.33,235.95,226.33,32.42,4.08,63,5,5.3,1.3,1.2
SELL,81,COIN,2024-06-11,242.41,192.24,2024-06-04,232.11,22.31,23.3,1980.11,1956.81,4.39,5,rotation (out of top-N),2024-06-10,244.43,229.16,164.79,249.81,241.89,224.22,249.81,240.66,48.33,3.66,455,5,4.9,-0.4,0.6
SELL,77,MRNA,2024-06-11,147.12,400.12,2024-05-14,127.42,25.49,29.43,7882.28,7852.85,15.4,19,rotation (out of top-N),2024-06-10,140.0,132.54,102.76,148.6,149.63,129.1,148.6,143.95,36.24,3.13,77,5,4.6,0.9,1.6
BUY,84,SMCI,2024-06-18,89.5,635.06,,,28.42,,,,,,,2024-06-17,90.49,84.25,59.43,88.68,82.59,82.25,88.68,84.5,52.27,4.72,791,5,5.6,-0.6,0.0
SELL,82,TPL,2024-06-18,249.82,227.53,2024-06-11,231.58,26.35,28.42,4150.19,4121.76,7.82,5,rotation (out of top-N),2024-06-17,245.6,209.52,185.51,247.85,230.97,201.65,247.85,243.15,32.39,1.9,70,5,3.7,1.2,2.6
BUY,85,DELL,2024-06-25,134.53,418.88,,,28.18,,,,,,,2024-06-24,133.48,130.97,95.92,133.26,136.64,134.95,133.26,127.93,39.15,4.0,441,5,4.6,0.0,0.3
BUY,86,NVDA,2024-06-25,121.14,465.18,,,28.18,,,,,,,2024-06-24,123.37,111.25,73.33,118.02,125.26,106.1,116.53,112.26,68.24,3.67,525,5,5.4,-1,0.6
SELL,79,FSLR,2024-06-25,259.24,246.2,2024-05-21,198.32,24.41,31.91,14998.37,14966.46,30.65,23,rotation (out of top-N),2024-06-24,225.4,233.92,175.82,261.32,267.24,235.03,261.32,253.71,28.2,2.91,70,5,4.2,1.4,2.1
SELL,68,VST,2024-06-25,86.65,565.08,2024-04-09,74.01,20.91,24.48,7142.57,7118.09,17.02,53,rotation (out of top-N),2024-06-24,85.12,84.35,55.18,87.28,87.31,88.62,87.16,84.34,54.26,3.23,469,5,4.9,-0.7,0.8
BUY,87,FSLR,2024-07-02,222.13,256.29,,,28.46,,,,,,,2024-07-01,222.03,231.76,177.34,222.61,247.97,242.72,222.61,213.73,25.2,3.99,77,5,4.6,1.5,1.5
SELL,85,DELL,2024-07-02,135.91,418.88,2024-06-25,134.53,28.18,28.47,578.05,549.59,0.98,5,rotation (out of top-N),2024-07-01,134.49,131.61,97.64,138.26,135.9,136.86,138.26,134.22,37.74,2.92,448,5,3.8,0.1,1.1
BUY,88,APP,2024-07-09,85.92,633.9,,,27.23,,,,,,,2024-07-08,84.83,80.95,59.15,85.11,83.77,82.01,85.11,81.68,43.41,4.03,427,5,4.9,-0.2,0.3
BUY,89,TSLA,2024-07-09,251.1,216.9,,,27.23,,,,,,,2024-07-08,248.32,204.0,202.43,252.88,222.89,186.89,252.88,245.27,22.67,3.01,0,4.53,5.1,3.9,3.7
SELL,87,FSLR,2024-07-09,223.18,256.29,2024-07-02,222.13,28.46,28.6,269.1,240.5,0.42,4,rotation (out of top-N),2024-07-08,233.08,232.0,179.45,227.05,235.1,245.86,227.05,220.22,29.89,3.01,84,5,4.1,1.1,1.6
SELL,78,HOOD,2024-07-09,22.3,2323.39,2024-05-21,21.02,24.41,25.91,2985.55,2959.65,6.06,32,rotation (out of top-N),2024-07-08,22.27,21.29,15.17,22.07,22.44,21.18,22.07,21.44,46.86,2.88,210,5,4.3,-0.3,1.1
BUY,90,HOOD,2024-07-16,24.07,2357.89,,,28.38,,,,,,,2024-07-15,23.41,21.67,15.52,23.95,22.64,21.84,23.95,23.17,50.79,3.23,217,5,4.7,-0.5,0.8
BUY,91,LITE,2024-07-16,58.26,974.36,,,28.38,,,,,,,2024-07-15,54.77,51.32,47.7,58.0,55.75,48.93,58.0,56.82,14.81,2.04,21,2.96,3.8,3.9,4.8
SELL,88,APP,2024-07-16,89.03,633.9,2024-07-09,85.92,27.23,28.22,1971.43,1943.21,3.57,5,rotation (out of top-N),2024-07-15,81.81,81.11,60.23,87.96,84.6,81.98,87.96,86.04,35.82,2.18,434,5,3.2,0.2,1.5
SELL,84,SMCI,2024-07-16,90.0,635.06,2024-06-18,89.5,28.42,28.58,317.53,288.95,0.51,18,rotation (out of top-N),2024-07-15,79.62,84.21,65.14,89.75,88.24,85.09,89.75,86.23,22.22,3.92,819,4.44,3.7,0.9,1.2
BUY,92,COIN,2024-07-23,263.0,203.74,,,26.79,,,,,,,2024-07-22,243.0,233.23,188.18,265.12,242.83,235.17,265.12,255.38,29.13,3.68,497,5,3.9,0.5,0.6
SELL,91,LITE,2024-07-23,54.99,974.36,2024-07-16,58.26,28.38,26.79,-3186.16,-3212.95,-5.66,5,rotation (out of top-N),2024-07-22,51.83,51.41,48.03,55.47,55.95,50.19,55.47,54.45,7.91,1.84,28,1.58,3.2,4.1,5.5
BUY,95,MMM,2024-07-30,121.25,411.57,,,24.95,,,,,,,2024-07-29,120.42,104.95,85.62,120.35,106.77,99.1,120.35,114.37,40.65,4.97,140,5,5.0,-0.0,0.0
BUY,94,RVTY,2024-07-30,124.32,401.41,,,24.95,,,,,,,2024-07-29,122.68,110.79,103.64,125.11,113.28,108.19,125.11,121.32,18.37,3.03,77,3.67,3.7,1.8,2.9
BUY,93,UNH,2024-07-30,545.07,91.55,,,24.95,,,,,,,2024-07-29,567.05,512.82,490.94,544.81,533.35,491.42,541.72,532.89,15.5,1.63,14,3.1,3.6,4.0,5.1
SELL,92,COIN,2024-07-30,234.72,203.74,2024-07-23,263.0,26.79,23.91,-5761.74,-5785.65,-10.8,5,rotation (out of top-N),2024-07-29,204.47,228.0,191.52,234.31,241.39,236.13,234.31,222.25,6.76,5.14,504,1.35,3.3,1.7,2.3
SELL,90,HOOD,2024-07-30,21.27,2357.89,2024-07-16,24.07,28.38,25.08,-6613.89,-6638.97,-11.7,10,rotation (out of top-N),2024-07-29,17.88,20.91,16.05,21.17,22.1,22.43,21.17,20.51,11.4,3.11,231,2.28,2.6,1.4,2.8
SELL,86,NVDA,2024-07-30,111.48,465.18,2024-06-25,121.14,28.18,25.93,-4493.64,-4519.57,-8.02,24,rotation (out of top-N),2024-07-29,107.29,114.61,82.76,111.58,117.53,123.41,111.04,108.09,29.65,2.66,560,5,3.3,0.5,1.3
BUY,96,DASH,2024-08-06,123.06,386.52,,,23.78,,,,,,,2024-08-05,123.8,113.74,113.52,121.34,110.8,109.1,121.34,114.64,9.05,5.53,0,1.81,5.5,4.5,4.1
BUY,98,PLTR,2024-08-06,27.02,1760.03,,,23.78,,,,,,,2024-08-05,30.02,26.33,22.14,24.1,26.14,26.1,28.69,26.35,35.62,8.15,483,5,4.8,0.2,0.0
BUY,99,PYPL,2024-08-06,60.31,788.67,,,23.78,,,,,,,2024-08-05,64.38,61.17,61.15,60.2,61.27,60.29,60.0,57.75,5.28,3.75,0,1.06,4.8,4.7,5.0
BUY,97,SWK,2024-08-06,88.83,535.46,,,23.78,,,,,,,2024-08-05,88.04,83.77,83.28,88.89,89.76,80.81,87.95,84.87,5.72,3.5,0,1.14,4.6,4.7,5.1
SELL,95,MMM,2024-08-06,118.68,411.57,2024-07-30,121.25,24.95,24.42,-1057.74,-1082.16,-2.17,5,rotation (out of top-N),2024-08-05,119.37,107.57,86.86,119.84,115.79,102.34,119.84,116.83,37.42,2.51,147,5,3.5,0.1,1.3
SELL,94,RVTY,2024-08-06,119.64,401.41,2024-07-30,124.32,24.95,24.01,-1878.59,-1902.6,-3.81,5,rotation (out of top-N),2024-08-05,118.4,112.17,104.41,119.62,119.43,110.03,119.62,116.36,13.4,2.73,84,2.68,3.1,1.9,3.4
SELL,89,TSLA,2024-08-06,201.12,216.9,2024-07-09,251.1,27.23,21.81,-10840.9,-10862.71,-19.94,20,rotation (out of top-N),2024-08-05,199.99,209.25,201.84,198.96,220.28,216.88,198.96,187.05,-0.92,5.99,28,-0.18,4.5,4.6,4.6
SELL,93,UNH,2024-08-06,544.83,91.55,2024-07-30,545.07,24.95,24.94,-21.97,-46.91,-0.09,5,rotation (out of top-N),2024-08-05,537.06,517.23,491.76,548.1,546.84,500.84,544.99,533.49,9.21,2.11,21,1.84,3.5,4.2,5.3
BUY,101,CHTR,2024-08-13,352.92,137.23,,,24.21,,,,,,,2024-08-12,353.32,333.39,320.63,350.8,358.37,321.73,350.8,344.65,10.2,1.75,7,2.04,3.6,4.4,5.7
BUY,100,FTNT,2024-08-13,70.28,689.05,,,24.21,,,,,,,2024-08-12,74.73,63.53,62.28,70.39,63.97,59.81,70.39,69.07,19.99,1.87,0,4.0,4.2,4.0,4.8
SELL,99,PYPL,2024-08-13,63.66,788.67,2024-08-06,60.31,23.78,25.1,2642.05,2616.95,5.5,5,rotation (out of top-N),2024-08-12,67.6,62.34,61.48,63.1,62.59,60.14,62.9,61.86,9.95,1.65,7,1.99,3.5,4.4,5.8
SELL,97,SWK,2024-08-13,87.13,535.46,2024-08-06,88.83,23.78,23.33,-910.28,-933.61,-1.96,5,rotation (out of top-N),2024-08-12,90.42,84.98,83.62,86.36,88.28,81.98,85.45,84.23,8.14,1.43,7,1.63,3.2,4.5,6.1
BUY,102,APP,2024-08-20,85.25,565.69,,,24.11,,,,,,,2024-08-19,90.25,81.57,65.34,85.79,80.96,80.32,85.79,83.74,38.13,2.39,469,5,3.5,0.1,1.4
SELL,101,CHTR,2024-08-20,351.44,137.23,2024-08-13,352.92,24.21,24.11,-202.41,-226.52,-0.47,5,rotation (out of top-N),2024-08-19,348.7,336.18,319.16,355.18,355.39,330.58,355.18,351.15,9.26,1.14,14,1.85,3.0,4.3,6.1
BUY,104,CIEN,2024-08-27,56.1,917.0,,,25.72,,,,,,,2024-08-26,57.65,52.04,49.69,56.83,54.06,50.17,56.83,55.77,16.02,1.87,14,3.2,3.8,4.0,4.9
BUY,103,LITE,2024-08-27,55.24,931.27,,,25.72,,,,,,,2024-08-26,57.61,52.37,49.26,56.44,53.82,52.06,56.44,54.79,16.96,2.93,63,3.39,3.8,2.1,3.3
SELL,96,DASH,2024-08-27,127.51,386.52,2024-08-06,123.06,23.78,24.64,1720.0,1695.36,3.56,15,rotation (out of top-N),2024-08-26,128.68,120.55,116.27,128.52,127.42,114.64,128.52,126.21,10.67,1.8,21,2.13,3.4,4.1,5.4
SELL,98,PLTR,2024-08-27,30.5,1760.03,2024-08-06,27.02,23.78,26.84,6116.11,6089.27,12.8,15,rotation (out of top-N),2024-08-26,31.48,28.77,23.03,30.85,31.17,28.44,30.85,30.14,36.68,2.29,504,5,3.4,0.2,1.5
BUY,106,COHR,2024-09-10,70.56,690.52,,,24.36,,,,,,,2024-09-09,77.96,72.47,60.73,70.81,73.62,71.44,70.81,68.53,28.38,3.22,266,5,3.6,0.6,1.0
BUY,107,PLTR,2024-09-10,34.9,1396.08,,,24.36,,,,,,,2024-09-09,35.59,30.25,23.73,34.59,31.39,29.34,34.59,33.19,49.99,4.05,518,5,5.2,-0.5,0.3
BUY,105,UAL,2024-09-10,48.89,996.59,,,24.36,,,,,,,2024-09-09,50.23,45.89,45.87,48.76,44.75,43.67,48.76,47.18,9.51,3.25,0,1.9,4.6,4.5,4.9
SELL,104,CIEN,2024-09-10,51.47,917.0,2024-08-27,56.1,25.72,23.6,-4245.69,-4269.29,-8.3,9,rotation (out of top-N),2024-09-09,56.18,52.66,50.1,51.48,53.77,51.82,51.48,50.46,12.15,1.97,28,2.43,3.5,3.9,5.0
SELL,100,FTNT,2024-09-10,75.25,689.05,2024-08-13,70.28,24.21,25.93,3421.13,3395.21,7.01,19,rotation (out of top-N),2024-09-09,75.01,70.06,64.59,75.09,75.45,67.15,75.09,74.15,16.14,1.25,28,3.23,3.2,3.7,5.1
SELL,103,LITE,2024-09-10,50.7,931.27,2024-08-27,55.24,25.72,23.61,-4227.98,-4251.58,-8.26,9,rotation (out of top-N),2024-09-09,55.78,52.95,49.75,51.2,54.0,51.94,51.2,49.73,12.13,2.88,77,2.43,3.2,2.1,3.6
BUY,108,NCLH,2024-09-17,19.98,2601.99,,,26.0,,,,,,,2024-09-16,20.89,18.24,17.94,19.87,18.46,17.33,19.87,19.46,16.4,2.07,0,3.28,4.2,4.2,5.0
BUY,109,VST,2024-09-17,89.52,580.88,,,26.0,,,,,,,2024-09-16,106.77,85.27,69.8,88.45,80.73,77.61,88.33,85.71,52.96,2.97,553,5,4.6,-0.6,1.0
SELL,106,COHR,2024-09-17,75.66,690.52,2024-09-10,70.56,24.36,26.12,3521.66,3495.54,7.17,5,rotation (out of top-N),2024-09-16,87.07,75.12,61.81,75.3,74.8,71.27,75.3,73.29,40.88,2.67,273,5,3.8,-0.0,1.2
SELL,105,UAL,2024-09-17,51.97,996.59,2024-09-10,48.89,24.36,25.89,3064.51,3038.61,6.24,5,rotation (out of top-N),2024-09-16,52.17,47.03,46.08,51.34,48.04,44.06,51.34,50.36,13.21,1.91,7,2.64,3.8,4.2,5.3
BUY,110,CEG,2024-09-24,251.52,210.53,,,26.48,,,,,,,2024-09-23,254.36,210.21,178.89,254.51,213.39,188.68,254.51,236.58,42.19,7.04,469,5,5.1,-0.1,0.0
SELL,107,PLTR,2024-09-24,37.93,1396.08,2024-09-10,34.9,24.36,26.48,4230.12,4203.64,8.63,10,rotation (out of top-N),2024-09-23,36.85,32.48,24.69,37.93,35.96,31.36,37.93,37.18,49.25,1.98,532,5,3.8,-0.5,1.7
BUY,111,CCL,2024-10-01,18.5,2916.11,,,26.97,,,,,,,2024-09-30,17.82,17.12,16.04,18.28,18.11,16.33,18.28,17.53,11.08,4.12,21,2.22,4.9,4.1,3.8
SELL,110,CEG,2024-10-01,256.38,210.53,2024-09-24,251.52,26.48,26.99,1023.17,996.19,1.88,5,rotation (out of top-N),2024-09-30,282.65,223.38,183.08,257.24,240.13,198.97,257.24,250.56,54.39,2.6,476,5,4.4,-0.7,1.3
BUY,113,COHR,2024-10-08,95.47,892.69,,,42.61,,,,,,,2024-10-07,104.64,85.28,65.82,95.12,91.16,80.19,95.12,92.35,58.98,2.91,294,5,4.9,-0.9,1.1
BUY,112,UAL,2024-10-08,59.68,1428.11,,,42.61,,,,,,,2024-10-07,61.83,52.86,47.42,59.17,56.46,48.41,59.17,57.14,30.39,3.43,28,5,5.3,3.0,2.2
SELL,102,APP,2024-10-08,141.37,565.69,2024-08-20,85.25,24.11,39.99,31743.55,31703.57,65.74,34,rotation (out of top-N),2024-10-07,146.99,115.5,79.25,139.97,131.94,105.12,139.97,136.62,85.48,2.39,518,5,4.6,-1,1.4
SELL,83,CVNA,2024-10-08,36.43,2487.81,2024-06-11,21.18,26.35,45.32,37939.16,37893.84,71.92,82,rotation (out of top-N),2024-10-07,38.45,32.39,21.79,35.93,34.85,31.32,35.93,34.99,76.43,2.61,490,5,4.7,-1,1.3
BUY,114,APP,2024-10-15,144.75,524.53,,,37.96,,,,,,,2024-10-14,145.22,120.9,81.83,145.28,140.25,112.94,145.28,141.74,77.45,2.44,525,5,4.6,-1,1.4
BUY,115,PLTR,2024-10-15,43.48,1746.23,,,37.96,,,,,,,2024-10-14,42.96,36.94,26.6,43.41,41.25,35.63,43.41,42.33,61.48,2.5,553,5,4.7,-1,1.3
SELL,111,CCL,2024-10-15,20.63,2916.11,2024-10-01,18.5,26.97,30.08,6211.32,6181.24,11.46,10,rotation (out of top-N),2024-10-14,21.09,18.3,16.23,19.99,19.14,17.35,19.99,19.69,29.97,1.52,35,5,3.9,2.9,3.4
SELL,113,COHR,2024-10-15,102.79,892.69,2024-10-08,95.47,42.61,45.88,6530.01,6484.13,7.61,5,rotation (out of top-N),2024-10-14,98.23,87.64,67.23,102.51,97.49,84.04,102.51,99.87,46.11,2.57,301,5,4.0,-0.3,1.3
BUY,117,CVNA,2024-10-22,37.97,1793.24,,,34.04,,,,,,,2024-10-21,40.5,34.74,23.32,38.32,37.86,33.35,38.32,37.59,73.64,1.89,504,5,4.3,-1,1.7
BUY,116,TPL,2024-10-22,360.62,188.81,,,34.04,,,,,,,2024-10-21,362.04,316.55,232.56,350.54,341.51,301.69,350.54,342.07,55.68,2.42,196,5,4.4,-0.8,1.4
SELL,108,NCLH,2024-10-22,23.75,2601.99,2024-09-17,19.98,26.0,30.9,9796.5,9765.6,18.78,25,rotation (out of top-N),2024-10-21,23.15,21.03,18.4,23.72,23.25,20.24,23.72,23.41,25.8,1.31,35,5,3.6,3.1,4.0
SELL,115,PLTR,2024-10-22,42.63,1746.23,2024-10-15,43.48,37.96,37.22,-1484.29,-1521.52,-2.0,5,rotation (out of top-N),2024-10-21,44.85,38.38,27.31,42.7,42.02,36.91,42.7,41.93,64.25,1.8,560,5,4.2,-1,1.8
BUY,118,NCLH,2024-10-29,23.47,3089.12,,,36.25,,,,,,,2024-10-28,24.88,21.73,18.59,23.8,23.4,20.95,23.8,23.19,33.8,2.56,42,5,4.7,2.6,2.6
SELL,109,VST,2024-10-29,124.82,580.88,2024-09-17,89.52,26.0,36.25,20505.23,20468.98,39.36,30,rotation (out of top-N),2024-10-28,118.51,112.6,82.77,126.8,125.87,109.77,126.62,123.7,43.18,2.3,595,5,3.7,-0.2,1.5
BUY,119,PLTR,2024-11-05,47.8,1683.34,,,40.23,,,,,,,2024-11-04,58.44,42.56,28.98,41.45,42.73,39.95,46.91,45.23,101.65,3.58,574,5,5.4,-1,0.6
BUY,120,VST,2024-11-05,115.49,696.71,,,40.23,,,,,,,2024-11-04,140.69,117.71,85.19,114.74,122.21,115.59,114.58,109.98,65.15,4.01,602,5,5.7,-1,0.3
SELL,114,APP,2024-11-05,161.38,524.53,2024-10-15,144.75,37.96,42.32,8722.97,8680.65,11.43,15,rotation (out of top-N),2024-11-04,290.04,162.97,93.93,159.12,162.12,139.12,159.12,154.79,208.77,2.72,546,5,4.8,-1,1.2
SELL,116,TPL,2024-11-05,404.65,188.81,2024-10-22,360.62,34.04,38.2,8313.39,8275.19,12.15,10,rotation (out of top-N),2024-11-04,454.53,352.07,245.67,398.3,373.31,325.62,398.3,388.46,85.02,2.47,210,5,4.6,-1,1.4
BUY,122,APP,2024-11-12,280.5,356.3,,,49.97,,,,,,,2024-11-11,291.17,186.28,100.06,286.25,214.9,155.08,286.25,270.03,191.01,5.67,553,5,6,-1,0.0
BUY,124,AXON,2024-11-12,608.72,164.19,,,49.97,,,,,,,2024-11-11,599.38,471.43,345.73,616.22,499.96,432.6,616.22,576.4,73.37,6.46,441,5,6,-1,0.0
BUY,123,COIN,2024-11-12,310.3,322.09,,,49.97,,,,,,,2024-11-11,305.85,224.05,217.11,324.56,243.67,194.71,324.56,301.41,40.87,7.13,0,5,7.0,3.0,2.0
BUY,121,HOOD,2024-11-12,31.67,3155.77,,,49.97,,,,,,,2024-11-11,32.32,26.48,20.97,32.8,28.54,25.45,32.8,31.27,54.1,4.67,336,5,5.7,-0.7,0.0
BUY,125,XYZ,2024-11-12,82.5,1211.43,,,49.97,,,,,,,2024-11-11,84.33,72.85,70.12,83.44,75.68,70.68,83.44,79.7,20.27,4.49,7,4.05,5.9,3.9,2.9
SELL,117,CVNA,2024-11-12,49.3,1793.24,2024-10-22,37.97,34.04,44.2,20317.43,20273.22,29.77,15,rotation (out of top-N),2024-11-11,48.24,40.64,26.21,50.0,46.61,39.15,50.0,48.73,84.08,2.54,525,5,4.7,-1,1.3
SELL,118,NCLH,2024-11-12,27.43,3089.12,2024-10-29,23.47,36.25,42.36,12217.47,12175.11,16.79,10,rotation (out of top-N),2024-11-11,26.41,23.41,19.08,27.83,26.2,22.9,27.83,27.27,38.41,2.03,56,5,4.3,2.1,2.7
SELL,119,PLTR,2024-11-12,59.04,1683.34,2024-11-05,47.8,40.23,49.69,18920.71,18871.02,23.45,5,rotation (out of top-N),2024-11-11,65.8,46.78,30.02,60.27,51.81,42.57,60.27,58.17,119.21,3.49,581,5,5.3,-1,0.7
SELL,112,UAL,2024-11-12,88.85,1428.11,2024-10-08,59.68,42.61,63.44,41657.84,41594.4,48.8,25,rotation (out of top-N),2024-11-11,91.17,72.24,52.5,89.4,82.88,67.23,89.4,87.88,73.67,1.7,63,5,5.1,-0.0,2.8
SELL,120,VST,2024-11-12,144.59,696.71,2024-11-05,115.49,40.23,50.37,20274.38,20224.01,25.13,5,rotation (out of top-N),2024-11-11,141.02,121.95,87.65,144.68,130.75,122.07,144.48,138.64,60.89,4.04,609,5,5.7,-1,0.3
BUY,126,PLTR,2024-11-19,59.64,1745.66,,,52.06,,,,,,,2024-11-18,64.32,49.97,31.01,61.26,58.05,45.62,61.26,58.34,107.39,4.75,588,5,6,-1,0.0
BUY,127,TSLA,2024-11-19,335.76,310.07,,,52.06,,,,,,,2024-11-18,352.67,281.02,212.76,338.71,312.21,260.23,338.71,323.68,65.76,4.44,133,5,6.0,-1,0.0
SELL,124,AXON,2024-11-19,603.5,164.19,2024-11-12,608.72,49.97,49.54,-857.05,-906.59,-0.91,5,rotation (out of top-N),2024-11-18,636.81,501.5,354.91,600.63,563.53,459.04,600.63,591.05,79.43,1.6,448,5,4.1,-1,1.9
SELL,121,HOOD,2024-11-19,34.57,3155.77,2024-11-12,31.67,49.97,54.55,9151.72,9097.18,9.1,5,rotation (out of top-N),2024-11-18,36.61,28.32,21.54,35.01,31.43,26.71,35.28,34.05,69.97,3.48,343,5,5.3,-1,0.7
BUY,128,HOOD,2024-11-26,36.98,2955.03,,,54.63,,,,,,,2024-11-25,37.52,29.99,22.11,37.86,34.59,28.36,37.86,36.24,69.66,4.29,350,5,5.9,-1,0.1
BUY,129,TPL,2024-11-26,520.49,209.92,,,54.63,,,,,,,2024-11-25,528.0,428.58,272.12,530.16,490.09,393.03,530.16,498.95,94.03,5.89,231,5,6,-1,0.0
BUY,130,VST,2024-11-26,153.46,711.99,,,54.63,,,,,,,2024-11-25,158.54,134.34,93.31,152.83,150.0,132.68,152.61,146.69,69.9,3.88,623,5,5.6,-1,0.4
SELL,126,PLTR,2024-11-26,64.54,1745.66,2024-11-19,59.64,52.06,56.33,8553.75,8497.42,8.16,5,rotation (out of top-N),2024-11-25,67.08,53.08,32.12,64.65,61.39,48.88,64.65,62.29,108.86,3.66,595,5,5.4,-1,0.6
SELL,127,TSLA,2024-11-26,341.08,310.07,2024-11-19,335.76,52.06,52.88,1648.03,1595.15,1.53,5,rotation (out of top-N),2024-11-25,345.13,292.68,216.59,338.57,332.08,271.02,338.57,326.95,59.35,3.43,140,5,5.3,-1.0,0.7
SELL,125,XYZ,2024-11-26,90.46,1211.43,2024-11-12,82.5,49.97,54.79,9643.0,9588.2,9.59,10,rotation (out of top-N),2024-11-25,88.58,78.6,71.03,90.79,88.28,76.14,90.79,88.75,24.72,2.25,21,4.94,4.4,3.4,3.7
BUY,131,XYZ,2024-12-03,91.85,1198.45,,,55.04,,,,,,,2024-12-02,98.27,82.17,71.5,92.78,89.28,78.52,92.78,89.94,37.44,3.06,28,5,5.4,2.7,2.5
SELL,130,VST,2024-12-03,154.53,711.99,2024-11-26,153.46,54.63,55.01,761.83,706.82,0.65,4,rotation (out of top-N),2024-12-02,158.73,138.78,95.94,152.8,153.29,135.46,152.59,148.2,65.44,2.88,630,5,4.9,-1,1.1
BUY,133,LULU,2024-12-10,403.89,267.57,,,54.03,,,,,,,2024-12-09,391.62,334.2,313.3,404.98,354.64,316.78,404.98,388.3,25.0,4.12,7,5.0,5.9,3.6,2.6
BUY,134,PLTR,2024-12-10,71.97,1501.49,,,54.03,,,,,,,2024-12-09,76.08,60.72,34.65,72.5,69.54,55.46,72.57,68.74,119.57,5.28,609,5,6,-1,0.0
BUY,132,WBD,2024-12-10,10.57,10224.19,,,54.03,,,,,,,2024-12-09,12.07,9.79,8.31,10.57,10.44,9.01,10.57,10.21,45.27,3.45,28,5,6.1,2.3,2.2
SELL,128,HOOD,2024-12-10,39.76,2955.03,2024-11-26,36.98,54.63,58.75,8229.76,8171.01,7.48,9,rotation (out of top-N),2024-12-09,40.19,33.58,23.32,39.53,38.5,31.65,39.53,37.92,72.33,4.06,364,5,5.7,-1,0.3
SELL,129,TPL,2024-12-10,435.55,209.92,2024-11-26,520.49,54.63,45.72,-17830.77,-17876.48,-16.36,9,rotation (out of top-N),2024-12-09,394.86,424.54,284.66,437.81,472.22,430.08,437.81,427.65,38.71,2.32,245,5,3.5,0.1,1.5
SELL,131,XYZ,2024-12-10,96.42,1198.45,2024-12-03,91.85,55.04,57.78,5476.93,5419.16,4.92,5,rotation (out of top-N),2024-12-09,92.03,83.97,71.78,95.42,93.81,82.02,95.42,92.86,28.21,2.68,35,5,4.6,3.0,2.8
BUY,136,AVGO,2024-12-17,237.36,463.14,,,54.97,,,,,,,2024-12-16,218.29,185.21,156.63,246.57,193.26,173.01,246.0,234.48,39.37,4.68,728,5,5.0,0.0,0.0
BUY,135,HOOD,2024-12-17,42.23,2603.13,,,54.97,,,,,,,2024-12-16,38.36,34.45,23.83,43.19,39.55,33.25,43.19,41.72,61.0,3.41,371,5,5.3,-1,0.7
SELL,133,LULU,2024-12-17,384.96,267.57,2024-12-10,403.89,54.03,51.5,-5065.08,-5116.58,-4.73,5,rotation (out of top-N),2024-12-16,379.41,342.42,311.16,389.75,378.72,329.86,389.75,383.22,21.94,1.68,14,4.39,4.0,3.7,4.5
SELL,132,WBD,2024-12-17,11.44,10224.19,2024-12-10,10.57,54.03,58.46,8843.92,8785.47,8.13,5,rotation (out of top-N),2024-12-16,10.71,9.96,8.36,11.59,11.22,9.49,11.59,11.22,28.0,3.16,35,5,4.9,3.0,2.5
BUY,137,TSLA,2024-12-24,435.92,201.97,,,44.02,,,,,,,2024-12-23,431.7,364.15,240.74,424.7,425.45,348.86,424.7,404.38,79.32,4.79,168,5,6,-1,0.0
SELL,123,COIN,2024-12-24,273.29,322.09,2024-11-12,310.3,49.97,44.01,-11920.58,-11964.59,-11.97,29,rotation (out of top-N),2024-12-23,265.85,273.48,229.43,267.69,291.46,283.75,267.69,252.55,15.87,5.65,42,3.17,5.1,3.5,2.7
BUY,138,UAL,2024-12-31,98.01,1100.32,,,53.92,,,,,,,2024-12-30,95.67,91.09,61.66,98.19,98.12,93.86,98.19,96.13,55.16,2.1,112,5,4.3,-0.6,1.7
SELL,136,AVGO,2024-12-31,232.99,463.14,2024-12-17,237.36,54.97,53.95,-2023.91,-2077.86,-1.89,9,rotation (out of top-N),2024-12-30,229.61,201.29,161.78,232.87,225.92,185.86,232.5,227.52,41.93,2.14,742,5,3.5,-0.1,1.6
BUY,139,VST,2025-01-07,162.18,678.93,,,55.05,,,,,,,2025-01-06,165.73,147.48,106.38,162.79,148.34,147.18,162.56,156.4,55.79,3.79,665,5,5.3,-0.8,0.5
SELL,135,HOOD,2025-01-07,42.32,2603.13,2024-12-17,42.23,54.97,55.08,234.28,179.2,0.16,13,rotation (out of top-N),2025-01-06,40.08,37.06,25.42,42.72,39.87,37.33,42.72,41.46,57.69,2.94,392,5,4.8,-0.9,1.0
BUY,140,HOOD,2025-01-14,41.83,2758.87,,,57.7,,,,,,,2025-01-13,48.12,39.07,26.17,39.59,40.04,38.22,39.59,38.03,83.88,3.94,399,5,5.6,-1,0.4
SELL,122,APP,2025-01-14,324.06,356.3,2024-11-12,280.5,49.97,57.73,15520.58,15462.85,15.47,41,rotation (out of top-N),2025-01-13,342.5,314.72,162.22,315.57,330.61,332.47,315.57,301.62,111.14,4.42,616,5,5.9,-1,0.1
BUY,141,APP,2025-01-28,348.17,281.89,,,49.07,,,,,,,2025-01-27,369.55,331.9,177.02,343.25,346.08,340.58,343.25,327.33,108.76,4.64,630,5,6,-1,0.0
BUY,142,CIEN,2025-01-28,79.19,1239.34,,,49.07,,,,,,,2025-01-27,87.15,83.64,62.49,76.29,87.67,82.24,76.29,70.54,39.45,7.53,168,5,5.0,0.0,0.0
SELL,137,TSLA,2025-01-28,396.72,201.97,2024-12-24,435.92,44.02,40.06,-7917.38,-7957.44,-9.04,21,rotation (out of top-N),2025-01-27,404.68,392.23,271.14,397.41,409.95,406.34,399.3,387.01,49.25,3.08,203,5,4.5,-0.5,0.9
SELL,138,UAL,2025-01-28,105.69,1100.32,2024-12-31,98.01,53.92,58.15,8455.97,8397.82,7.79,17,rotation (out of top-N),2025-01-27,105.85,99.42,67.56,106.73,105.53,100.07,106.73,103.31,56.67,3.2,140,5,5.0,-0.8,0.9
BUY,143,UAL,2025-02-04,106.73,1001.46,,,53.45,,,,,,,2025-02-03,109.05,101.17,69.0,104.78,106.25,101.36,104.78,101.54,58.05,3.1,147,5,5.0,-0.9,0.9
SELL,142,CIEN,2025-02-04,86.25,1239.34,2025-01-28,79.19,49.07,53.45,8755.95,8702.5,8.87,5,rotation (out of top-N),2025-02-03,89.74,84.75,63.54,85.13,85.52,83.94,85.13,82.24,41.23,3.39,175,5,4.3,-0.1,0.7
BUY,145,TPR,2025-02-11,77.71,1401.17,,,54.44,,,,,,,2025-02-10,86.09,71.26,50.66,77.6,74.98,67.96,77.38,75.07,69.94,2.99,147,5,5.0,-1,1.0
BUY,144,UBER,2025-02-11,78.88,1380.38,,,54.44,,,,,,,2025-02-10,79.42,70.37,70.14,78.61,70.66,65.3,78.61,75.26,13.24,4.26,0,2.65,5.5,4.3,3.8
SELL,143,UAL,2025-02-11,105.56,1001.46,2025-02-04,106.73,53.45,52.86,-1176.71,-1229.57,-1.15,5,rotation (out of top-N),2025-02-10,104.27,101.74,70.29,106.08,107.33,102.52,106.08,103.41,48.34,2.52,154,5,4.1,-0.4,1.3
SELL,139,VST,2025-02-11,165.29,678.93,2025-01-07,162.18,55.05,56.11,2111.46,2055.35,1.87,23,rotation (out of top-N),2025-02-10,166.52,162.02,118.39,167.31,167.13,157.45,167.08,161.43,40.65,3.38,700,5,4.3,-0.0,0.7
BUY,147,CVS,2025-02-25,60.16,1843.42,,,55.45,,,,,,,2025-02-24,62.76,55.46,53.74,60.18,59.8,51.32,60.18,58.74,16.79,2.4,7,3.36,4.3,4.0,4.6
BUY,146,DPZ,2025-02-25,445.6,248.88,,,55.45,,,,,,,2025-02-24,479.68,447.98,437.75,446.2,457.05,434.2,443.46,429.13,9.58,3.23,7,1.92,4.5,4.4,4.8
SELL,145,TPR,2025-02-25,83.15,1401.17,2025-02-11,77.71,54.44,58.25,7622.34,7564.09,6.95,9,rotation (out of top-N),2025-02-24,83.86,75.3,52.8,82.86,82.93,73.02,82.63,80.95,58.82,2.03,161,5,4.3,-0.9,1.6
SELL,144,UBER,2025-02-25,76.36,1380.38,2025-02-11,78.88,54.44,52.7,-3478.57,-3531.27,-3.24,9,rotation (out of top-N),2025-02-24,76.0,72.66,70.76,76.41,77.87,69.49,76.41,74.39,7.41,2.65,14,1.48,3.9,4.4,5.3
BUY,148,MNST,2025-03-04,55.4,1873.14,,,51.88,,,,,,,2025-03-03,55.05,51.82,50.93,55.17,52.45,49.97,55.17,53.62,8.09,2.8,7,1.62,4.2,4.5,5.2
BUY,149,TPL,2025-03-04,435.05,238.51,,,51.88,,,,,,,2025-03-03,458.85,445.55,357.06,448.18,452.08,442.0,448.18,431.34,28.51,3.76,329,5,3.9,0.6,0.6
SELL,141,APP,2025-03-04,322.1,281.89,2025-01-28,348.17,49.07,45.4,-7347.4,-7392.8,-7.53,24,rotation (out of top-N),2025-03-03,270.45,351.32,214.27,337.65,371.08,371.3,337.65,314.17,26.22,6.95,665,5,4.3,0.7,0.4
SELL,146,DPZ,2025-03-04,469.41,248.88,2025-02-25,445.6,55.45,58.41,5925.78,5867.37,5.29,5,rotation (out of top-N),2025-03-03,462.37,450.6,436.98,473.4,466.79,440.8,470.49,462.16,5.81,1.77,14,1.16,3.2,4.5,6.0
BUY,150,AWK,2025-03-18,139.84,807.35,,,56.45,,,,,,,2025-03-17,136.65,130.9,130.28,140.28,137.6,126.86,140.28,138.33,4.89,1.39,0,0.98,3.2,4.8,6.6
BUY,151,CSGP,2025-03-18,79.47,1420.57,,,56.45,,,,,,,2025-03-17,78.46,76.87,75.66,80.14,77.81,76.47,80.14,78.5,3.7,2.05,14,0.74,3.3,4.6,6.0
BUY,153,ED,2025-03-18,102.84,1097.82,,,56.45,,,,,,,2025-03-17,103.49,96.19,92.61,103.28,99.98,93.47,103.28,101.89,11.75,1.34,14,2.35,3.3,4.2,5.7
BUY,152,VRTX,2025-03-18,510.2,221.28,,,56.45,,,,,,,2025-03-17,503.13,477.19,467.92,513.84,497.08,470.26,513.84,505.01,7.53,1.72,7,1.51,3.4,4.5,6.0
SELL,140,HOOD,2025-03-18,40.8,2758.87,2025-01-14,41.83,57.7,56.29,-2827.84,-2884.12,-2.5,43,rotation (out of top-N),2025-03-17,44.36,46.51,33.15,42.02,41.46,49.87,42.02,40.33,33.83,4.03,462,5,4.4,0.3,0.3
SELL,148,MNST,2025-03-18,56.15,1873.14,2025-03-04,55.4,51.88,52.59,1414.22,1361.63,1.31,10,rotation (out of top-N),2025-03-17,57.31,53.3,51.22,56.22,54.86,51.05,56.22,55.47,11.89,1.34,21,2.38,3.1,4.1,5.6
SELL,134,PLTR,2025-03-18,85.61,1501.49,2024-12-10,71.97,54.03,64.27,20465.3,20401.03,18.88,65,rotation (out of top-N),2025-03-17,90.97,88.4,57.25,87.37,84.71,91.76,87.37,83.78,58.89,4.1,707,5,5.7,-0.9,0.3
SELL,149,TPL,2025-03-18,443.01,238.51,2025-03-04,435.05,51.88,52.83,1898.52,1845.69,1.78,10,rotation (out of top-N),2025-03-17,419.58,439.39,367.59,444.23,441.31,446.39,444.23,426.32,14.14,4.03,343,2.83,3.4,1.3,1.9
BUY,154,ZBH,2025-03-25,110.11,1025.08,,,56.44,,,,,,,2025-03-24,110.82,106.85,106.38,109.85,108.92,105.21,109.56,108.11,4.18,1.32,0,0.84,3.1,4.8,6.7
SELL,152,VRTX,2025-03-25,509.56,221.28,2025-03-18,510.2,56.45,56.38,-141.62,-198.0,-0.18,5,rotation (out of top-N),2025-03-24,492.29,479.94,468.52,511.55,504.94,480.05,511.55,505.69,5.07,1.15,14,1.01,2.8,4.5,6.5
BUY,157,AMT,2025-04-01,210.75,546.36,,,57.57,,,,,,,2025-03-31,210.53,198.23,197.98,208.14,204.14,193.67,206.17,203.93,6.34,1.09,0,1.27,3.0,4.7,6.6
BUY,156,VRTX,2025-04-01,486.07,236.89,,,57.57,,,,,,,2025-03-31,474.38,478.93,468.66,484.38,498.91,486.62,484.38,474.02,1.22,2.14,21,0.24,3.1,4.6,6.1
BUY,155,WRB,2025-04-01,69.12,1665.88,,,57.57,,,,,,,2025-03-31,63.71,62.02,57.37,69.29,64.81,61.02,68.67,66.08,11.06,3.78,553,2.21,3.1,1.4,2.4
SELL,151,CSGP,2025-04-01,78.81,1420.57,2025-03-18,79.47,56.45,55.98,-944.68,-1000.66,-0.89,10,rotation (out of top-N),2025-03-31,72.6,76.46,75.75,79.21,79.34,77.53,79.21,78.15,-4.16,1.34,28,-0.83,2.2,4.7,7.1
SELL,147,CVS,2025-04-01,64.9,1843.42,2025-02-25,60.16,55.45,59.82,8737.8,8677.98,7.83,25,rotation (out of top-N),2025-03-31,60.8,60.12,54.64,64.71,64.13,61.04,64.71,63.8,11.26,1.41,42,2.25,2.8,3.7,5.2
SELL,154,ZBH,2025-04-01,111.34,1025.08,2025-03-25,110.11,56.44,57.07,1260.85,1203.78,1.07,5,rotation (out of top-N),2025-03-31,106.3,106.75,106.37,111.99,110.02,105.29,111.69,110.6,-0.06,0.97,7,-0.01,2.5,4.9,7.2
BUY,160,AIG,2025-04-08,77.43,1430.81,,,55.39,,,,,,,2025-04-07,80.18,78.18,73.69,75.79,81.16,78.97,75.29,71.75,8.8,4.7,49,1.76,4.6,3.7,3.3
BUY,161,CVS,2025-04-08,67.9,1631.63,,,55.39,,,,,,,2025-04-07,66.46,61.27,55.0,60.97,63.25,62.35,60.97,57.89,20.84,5.06,49,4.17,5.2,3.1,2.1
BUY,158,NEM,2025-04-08,45.89,2414.2,,,55.39,,,,,,,2025-04-07,54.13,46.02,45.4,44.17,46.08,45.06,44.17,41.64,19.22,5.73,0,3.84,6.0,4.0,3.1
BUY,159,NOC,2025-04-08,490.35,225.94,,,55.39,,,,,,,2025-04-07,523.42,482.31,479.3,471.97,489.35,469.12,471.97,456.82,9.21,3.21,0,1.84,4.6,4.5,4.9
SELL,150,AWK,2025-04-08,137.82,807.35,2025-03-18,139.84,56.45,55.63,-1630.85,-1686.49,-1.49,15,rotation (out of top-N),2025-04-07,141.41,135.88,131.65,137.96,140.81,134.25,137.96,132.74,7.41,3.79,21,1.48,4.5,4.3,4.4
SELL,153,ED,2025-04-08,102.23,1097.82,2025-03-18,102.84,56.45,56.12,-669.67,-725.79,-0.64,15,rotation (out of top-N),2025-04-07,105.35,100.15,94.18,101.16,104.13,99.05,101.16,97.35,11.86,3.76,35,2.37,4.5,3.8,3.7
SELL,156,VRTX,2025-04-08,477.25,236.89,2025-04-01,486.07,57.57,56.53,-2089.35,-2145.88,-1.86,5,rotation (out of top-N),2025-04-07,484.0,479.85,468.89,475.0,486.41,486.88,475.0,453.19,3.22,4.59,28,0.64,4.7,4.4,4.2
SELL,155,WRB,2025-04-08,64.15,1665.88,2025-04-01,69.12,57.57,53.43,-8279.41,-8332.85,-7.24,5,rotation (out of top-N),2025-04-07,66.72,62.87,57.78,62.63,65.3,61.92,62.07,59.59,15.47,4.0,560,3.09,3.4,1.2,1.8
BUY,162,KDP,2025-04-15,34.65,3218.34,,,55.76,,,,,,,2025-04-14,34.26,32.69,32.42,34.56,33.55,32.61,34.32,33.75,5.67,1.66,7,1.13,3.3,4.6,6.2
BUY,163,SJM,2025-04-15,112.2,993.9,,,55.76,,,,,,,2025-04-14,110.71,107.47,106.9,112.09,109.66,106.88,112.09,110.22,3.57,1.66,7,0.71,3.2,4.7,6.4
SELL,160,AIG,2025-04-15,80.25,1430.81,2025-04-08,77.43,55.39,57.41,4034.89,3977.48,3.59,5,rotation (out of top-N),2025-04-14,79.36,78.39,73.82,79.68,80.11,79.66,79.15,77.51,7.51,2.08,56,1.5,2.8,3.7,4.9
SELL,161,CVS,2025-04-15,66.32,1631.63,2025-04-08,67.9,55.39,54.1,-2577.98,-2632.08,-2.38,5,rotation (out of top-N),2025-04-14,64.22,61.81,55.24,66.08,65.05,63.33,66.08,64.94,16.25,1.73,56,3.25,3.0,3.3,4.3
BUY,167,CI,2025-04-22,320.25,347.08,,,55.58,,,,,,,2025-04-21,328.46,314.02,312.13,318.1,319.93,312.77,316.27,309.97,5.23,1.99,0,1.05,3.6,4.7,6.1
BUY,164,DG,2025-04-22,93.37,1190.44,,,55.58,,,,,,,2025-04-21,91.72,84.36,82.35,93.72,88.74,81.36,93.72,91.74,11.38,2.11,0,2.28,4.0,4.4,5.5
BUY,166,MOS,2025-04-22,26.4,4210.27,,,55.58,,,,,,,2025-04-21,27.96,25.54,25.17,26.12,25.23,24.7,26.12,25.62,11.07,1.91,0,2.21,3.8,4.4,5.6
BUY,165,PLTR,2025-04-22,93.06,1194.4,,,55.58,,,,,,,2025-04-21,112.79,92.0,65.3,90.81,90.45,86.72,90.81,87.3,72.73,3.87,742,5,5.6,-1,0.4
SELL,157,AMT,2025-04-22,212.39,546.36,2025-04-01,210.75,57.57,58.02,896.03,838.01,0.73,14,rotation (out of top-N),2025-04-21,203.24,202.49,199.06,210.25,208.48,202.93,208.27,204.75,2.1,1.69,21,0.42,2.9,4.5,6.3
SELL,162,KDP,2025-04-22,34.45,3218.34,2025-04-15,34.65,55.76,55.44,-643.67,-699.1,-0.63,4,rotation (out of top-N),2025-04-21,33.27,32.8,32.47,34.17,33.89,32.84,33.93,33.53,2.46,1.19,14,0.49,2.7,4.6,6.7
SELL,159,NOC,2025-04-22,475.24,225.94,2025-04-08,490.35,55.39,53.69,-3413.9,-3467.58,-3.13,9,rotation (out of top-N),2025-04-21,463.74,485.85,483.07,520.17,514.72,485.61,520.17,513.5,-4.0,1.28,14,-0.8,2.4,5.0,7.3
SELL,163,SJM,2025-04-22,111.33,993.9,2025-04-15,112.2,55.76,55.33,-864.69,-920.02,-0.83,4,rotation (out of top-N),2025-04-21,109.47,107.84,106.91,110.19,109.93,107.89,110.19,108.94,2.39,1.14,14,0.48,2.6,4.6,6.8
BUY,169,APH,2025-04-29,75.39,1556.77,,,58.68,,,,,,,2025-04-28,80.1,69.27,67.42,75.35,69.94,65.08,75.23,73.69,18.82,2.05,0,3.76,4.3,4.1,4.7
BUY,170,AVGO,2025-04-29,190.3,616.74,,,58.68,,,,,,,2025-04-28,202.0,188.09,186.15,190.88,179.44,178.42,190.58,185.82,8.52,2.5,7,1.7,4.0,4.5,5.4
BUY,171,DLTR,2025-04-29,80.34,1460.76,,,58.68,,,,,,,2025-04-28,84.27,75.48,74.11,80.14,78.76,71.45,80.14,78.58,13.71,1.94,0,2.74,4.0,4.3,5.3
BUY,168,HOOD,2025-04-29,49.43,2374.37,,,58.68,,,,,,,2025-04-28,48.61,45.11,36.27,48.91,45.06,42.38,48.91,47.06,34.03,3.79,504,5,4.2,0.3,0.5
SELL,167,CI,2025-04-29,328.33,347.08,2025-04-22,320.25,55.58,56.98,2804.38,2747.4,2.47,5,rotation (out of top-N),2025-04-28,327.11,316.4,312.01,327.9,325.48,316.56,326.01,322.04,4.84,1.22,7,0.97,2.9,4.6,6.6
SELL,164,DG,2025-04-29,90.95,1190.44,2025-04-22,93.37,55.58,54.14,-2880.86,-2935.0,-2.64,5,rotation (out of top-N),2025-04-28,88.51,85.11,81.73,90.61,90.89,83.67,90.61,89.32,8.3,1.43,7,1.66,3.2,4.5,6.1
SELL,166,MOS,2025-04-29,28.47,4210.27,2025-04-22,26.4,55.58,59.93,8715.27,8655.33,7.79,5,rotation (out of top-N),2025-04-28,29.27,26.22,25.21,28.36,26.8,25.16,28.36,27.88,16.1,1.68,7,3.22,3.8,4.1,5.2
SELL,158,NEM,2025-04-29,52.86,2414.2,2025-04-08,45.89,55.39,63.81,16827.0,16763.19,15.13,14,rotation (out of top-N),2025-04-28,50.75,48.94,45.93,53.22,52.93,47.85,53.22,52.12,10.48,2.06,21,2.1,3.5,4.1,5.2
BUY,172,APP,2025-05-06,293.99,413.06,,,60.72,,,,,,,2025-05-05,328.67,295.15,258.73,301.84,280.13,272.57,301.84,290.13,27.03,3.88,728,5,3.9,0.6,0.7
BUY,173,DXCM,2025-05-06,79.47,1528.18,,,60.72,,,,,,,2025-05-05,84.68,75.86,75.62,80.24,73.44,69.58,80.24,77.09,11.98,3.92,0,2.4,5.2,4.4,4.2
SELL,169,APH,2025-05-06,78.82,1556.77,2025-04-29,75.39,58.68,61.35,5339.73,5278.37,4.5,5,rotation (out of top-N),2025-05-05,80.33,71.28,67.97,79.66,75.36,67.02,79.54,78.46,18.19,1.35,7,3.64,3.7,4.0,5.2
SELL,170,AVGO,2025-05-06,194.86,616.74,2025-04-29,190.3,58.68,60.09,2812.32,2752.23,2.35,5,rotation (out of top-N),2025-05-05,206.42,191.42,187.77,199.08,190.31,179.59,198.76,195.03,9.93,1.87,14,1.99,3.5,4.3,5.5
BUY,174,NRG,2025-05-13,148.03,875.21,,,64.78,,,,,,,2025-05-12,157.37,113.25,95.53,149.01,119.87,101.33,149.01,141.8,64.74,4.84,679,5,6,-1,0.0
BUY,175,VST,2025-05-13,144.39,897.28,,,64.78,,,,,,,2025-05-12,155.87,133.48,131.89,145.4,136.68,123.12,145.19,140.05,18.18,3.54,0,3.64,5.3,4.1,3.8
SELL,171,DLTR,2025-05-13,88.56,1460.76,2025-04-29,80.34,58.68,64.68,12000.17,11935.48,10.17,10,rotation (out of top-N),2025-05-12,86.5,78.98,73.54,89.05,84.35,75.73,89.05,86.73,17.62,2.6,14,3.52,4.4,3.9,4.3
SELL,173,DXCM,2025-05-13,85.0,1528.18,2025-05-06,79.47,60.72,64.94,8450.84,8385.9,6.91,5,rotation (out of top-N),2025-05-12,85.48,77.61,76.01,85.03,80.32,71.3,85.03,83.59,12.46,1.69,7,2.49,3.6,4.3,5.5
BUY,176,CEG,2025-05-20,290.89,499.32,,,72.62,,,,,,,2025-05-19,295.81,253.65,247.67,292.77,276.9,227.62,292.77,288.08,19.44,1.6,0,3.89,4.0,4.0,5.0
BUY,177,CHTR,2025-05-20,420.07,345.76,,,72.62,,,,,,,2025-05-19,406.68,383.88,360.31,418.38,409.24,371.35,418.38,407.82,12.87,2.52,21,2.57,4.0,4.0,4.7
SELL,172,APP,2025-05-20,367.38,413.06,2025-05-06,293.99,60.72,75.87,30312.77,30236.89,24.9,10,rotation (out of top-N),2025-05-19,354.38,315.95,272.56,370.72,347.72,288.43,370.72,360.69,30.02,2.71,742,5,3.3,0.5,1.2
SELL,174,NRG,2025-05-20,158.71,875.21,2025-05-13,148.03,64.78,69.45,9347.26,9277.81,7.16,5,rotation (out of top-N),2025-05-19,156.02,121.03,97.41,159.39,142.76,108.71,159.39,157.14,60.17,1.41,686,5,3.9,-1,2.1
BUY,178,APP,2025-06-03,404.08,377.63,,,76.3,,,,,,,2025-06-02,417.73,345.92,288.25,401.98,377.36,306.67,401.98,386.88,44.92,3.76,756,5,4.8,-0.2,0.5
BUY,179,ULTA,2025-06-03,475.24,321.09,,,76.3,,,,,,,2025-06-02,465.7,414.38,390.2,475.74,433.04,391.67,475.74,455.81,19.35,4.19,14,3.87,5.5,3.8,3.0
SELL,176,CEG,2025-06-03,339.25,499.32,2025-05-20,290.89,72.62,84.7,24147.05,24062.35,16.57,9,rotation (out of top-N),2025-06-02,297.27,269.13,253.02,311.89,298.72,247.79,311.89,305.82,17.49,1.95,14,3.5,3.9,3.9,4.7
SELL,177,CHTR,2025-06-03,393.2,345.76,2025-05-20,420.07,72.62,67.98,-9292.41,-9360.38,-6.44,9,rotation (out of top-N),2025-06-02,396.34,388.05,362.73,394.69,403.69,378.74,394.69,387.28,9.27,1.88,35,1.85,3.1,4.0,5.2
BUY,181,MOS,2025-06-10,33.52,4464.23,,,74.82,,,,,,,2025-06-09,34.54,31.57,26.39,33.42,34.3,31.0,33.42,32.58,30.88,2.51,49,5,4.4,2.6,2.5
BUY,182,ORCL,2025-06-10,175.41,853.09,,,74.82,,,,,,,2025-06-09,213.15,165.61,163.49,175.35,167.03,149.81,175.35,172.88,30.38,1.41,0,5,4.5,3.5,4.1
BUY,180,STX,2025-06-10,128.25,1166.79,,,74.82,,,,,,,2025-06-09,125.62,106.76,96.06,128.44,120.94,97.85,128.35,126.1,30.78,1.76,14,5,4.5,3.2,3.6
SELL,178,APP,2025-06-10,389.24,377.63,2025-06-03,404.08,76.3,73.5,-5604.08,-5677.57,-3.72,5,rotation (out of top-N),2025-06-09,364.19,349.24,295.24,383.54,394.63,326.83,383.54,369.83,23.35,3.57,763,4.67,3.6,0.8,1.3
SELL,179,ULTA,2025-06-10,467.96,321.09,2025-06-03,475.24,76.3,75.13,-2335.92,-2411.05,-1.58,5,rotation (out of top-N),2025-06-09,457.6,422.24,392.45,468.49,454.88,406.4,468.49,464.56,16.6,0.84,21,3.32,3.0,3.8,5.4
SELL,175,VST,2025-06-10,169.37,897.28,2025-05-13,144.39,64.78,75.99,22413.94,22337.95,17.24,19,rotation (out of top-N),2025-06-09,172.92,152.05,140.44,168.49,166.49,142.96,168.25,164.79,23.13,2.05,28,4.63,4.1,3.4,3.9
BUY,183,COIN,2025-06-17,258.01,642.21,,,82.85,,,,,,,2025-06-16,308.56,246.78,239.35,261.75,251.36,233.27,261.75,254.5,28.92,2.77,0,5,5.3,3.6,3.3
BUY,186,CVNA,2025-06-17,57.7,2871.77,,,82.85,,,,,,,2025-06-16,64.05,57.98,46.87,58.04,63.74,57.78,58.04,55.44,36.64,4.48,742,5,4.8,0.2,0.0
BUY,185,LITE,2025-06-17,84.71,1956.1,,,82.85,,,,,,,2025-06-16,89.74,75.82,74.67,85.76,82.07,71.67,85.76,83.16,20.19,3.04,0,4.04,5.0,4.0,4.0
BUY,184,SMCI,2025-06-17,43.24,3832.12,,,82.85,,,,,,,2025-06-16,45.33,40.28,37.46,43.68,42.57,38.75,43.68,42.21,21.01,3.36,21,4.2,4.9,3.6,3.3
SELL,168,HOOD,2025-06-17,76.08,2374.37,2025-04-29,49.43,58.68,90.32,63276.89,63186.57,53.84,34,rotation (out of top-N),2025-06-16,78.52,64.08,44.61,76.74,72.76,60.31,76.74,74.64,76.03,2.73,553,5,4.8,-1,1.2
SELL,181,MOS,2025-06-17,34.62,4464.23,2025-06-10,33.52,74.82,77.28,4910.66,4833.38,3.23,5,rotation (out of top-N),2025-06-16,35.12,32.22,26.65,34.79,34.13,32.04,34.79,33.96,31.8,2.39,56,5,4.2,2.5,2.5
SELL,182,ORCL,2025-06-17,208.72,853.09,2025-06-10,175.41,74.82,89.03,28416.53,28327.5,18.93,5,rotation (out of top-N),2025-06-16,203.04,172.41,164.59,208.95,186.74,157.76,208.95,203.36,23.36,2.68,7,4.67,4.8,3.7,3.8
SELL,180,STX,2025-06-17,128.55,1166.79,2025-06-10,128.25,74.82,75.0,350.04,275.04,0.18,5,rotation (out of top-N),2025-06-16,129.33,110.86,96.83,129.43,124.46,104.65,129.33,127.51,33.57,1.41,21,5,4.3,3.0,3.7
BUY,188,HOOD,2025-06-24,77.83,2283.65,,,88.87,,,,,,,2025-06-23,83.05,67.53,46.12,76.33,75.16,63.64,76.33,73.79,80.09,3.32,560,5,5.2,-1,0.8
BUY,187,WBD,2025-06-24,10.78,16488.66,,,88.87,,,,,,,2025-06-23,11.3,9.97,9.65,10.66,10.37,9.46,10.66,10.27,17.16,3.72,7,3.43,5.2,4.0,3.7
SELL,186,CVNA,2025-06-24,65.14,2871.77,2025-06-17,57.7,82.85,93.53,21365.94,21272.41,12.84,4,rotation (out of top-N),2025-06-23,63.83,59.04,47.6,63.99,63.07,59.68,63.99,62.03,34.09,3.06,749,5,3.7,0.3,1.0
SELL,165,PLTR,2025-06-24,141.03,1194.4,2025-04-22,93.06,55.58,84.23,57301.52,57217.29,51.48,43,rotation (out of top-N),2025-06-23,130.81,124.55,87.28,139.92,136.6,126.22,139.92,136.22,49.89,2.65,805,5,4.3,-0.5,1.2
BUY,190,ORCL,2025-07-01,217.48,833.45,,,90.63,,,,,,,2025-06-30,234.65,189.04,167.4,216.42,206.37,174.46,216.42,210.4,40.18,2.78,21,5,5.5,2.6,2.8
BUY,189,PLTR,2025-07-01,135.34,1339.24,,,90.63,,,,,,,2025-06-30,134.32,126.33,89.71,136.33,137.79,129.2,136.33,130.95,49.72,3.94,812,5,5.1,-0.5,0.4
SELL,185,LITE,2025-07-01,92.91,1956.1,2025-06-17,84.71,82.85,90.87,16039.99,15949.12,9.63,9,rotation (out of top-N),2025-06-30,92.72,81.71,76.21,95.03,90.94,79.32,95.03,93.12,21.67,2.01,14,4.33,4.2,3.7,4.3
SELL,187,WBD,2025-07-01,10.97,16488.66,2025-06-24,10.78,88.87,90.48,3215.29,3124.81,1.76,5,rotation (out of top-N),2025-06-30,11.2,10.19,9.72,11.47,10.9,9.78,11.47,11.14,15.22,2.91,14,3.04,4.5,4.0,4.3
BUY,192,DDOG,2025-07-08,145.88,1259.81,,,91.89,,,,,,,2025-07-07,137.47,127.95,126.21,152.43,138.44,122.96,152.43,146.63,8.92,3.81,0,1.78,5.0,4.6,4.6
BUY,191,STX,2025-07-08,148.0,1241.72,,,91.89,,,,,,,2025-07-07,146.05,126.42,99.92,147.22,142.18,122.29,147.12,144.56,46.17,1.74,42,5,4.8,2.0,3.1
SELL,189,PLTR,2025-07-08,138.85,1339.24,2025-07-01,135.34,90.63,92.98,4700.74,4607.76,2.54,4,rotation (out of top-N),2025-07-07,142.09,129.2,92.26,139.12,136.11,130.92,139.12,135.58,54.01,2.54,819,5,4.4,-0.7,1.3
SELL,184,SMCI,2025-07-08,47.44,3832.12,2025-06-17,43.24,82.85,90.89,16075.75,15984.86,9.65,13,rotation (out of top-N),2025-07-07,49.23,44.03,37.87,47.11,46.97,42.91,47.11,45.86,29.98,2.65,42,5,4.6,2.8,2.5
BUY,194,AMD,2025-07-15,153.75,1172.5,,,90.14,,,,,,,2025-07-14,157.0,131.84,120.37,146.25,140.9,125.94,146.25,143.41,30.43,1.94,14,5,4.6,3.2,3.5
BUY,193,PLTR,2025-07-15,148.98,1210.04,,,90.14,,,,,,,2025-07-14,153.53,133.62,95.01,149.16,141.13,133.51,149.16,145.66,61.59,2.35,826,5,4.6,-1,1.4
SELL,192,DDOG,2025-07-15,139.03,1259.81,2025-07-08,145.88,91.89,87.57,-8629.72,-8717.3,-4.74,5,rotation (out of top-N),2025-07-14,145.01,131.05,126.59,138.8,139.28,126.34,138.8,136.44,14.55,1.7,7,2.91,3.7,4.2,5.3
SELL,191,STX,2025-07-15,149.45,1241.72,2025-07-08,148.0,91.89,92.79,1800.5,1707.71,0.93,5,rotation (out of top-N),2025-07-14,147.95,130.34,100.95,147.94,143.92,127.88,147.84,146.02,46.56,1.23,49,5,4.3,1.9,3.4
BUY,195,IVZ,2025-07-22,19.39,9864.84,,,95.64,,,,,,,2025-07-21,21.07,16.76,15.71,19.52,17.34,15.17,19.52,18.75,34.08,3.95,7,5,6.2,3.2,2.2
BUY,196,SMCI,2025-07-22,51.84,3689.8,,,95.64,,,,,,,2025-07-21,54.47,47.08,38.15,51.51,50.97,45.66,51.51,49.93,42.78,3.06,56,5,5.2,1.9,2.0
SELL,190,ORCL,2025-07-22,240.28,833.45,2025-07-01,217.48,90.63,100.13,19002.75,18902.62,10.43,14,rotation (out of top-N),2025-07-21,243.27,211.79,172.46,241.63,235.87,202.29,241.63,238.29,41.06,1.38,42,5,4.3,2.2,3.4
SELL,193,PLTR,2025-07-22,150.82,1210.04,2025-07-15,148.98,90.14,91.25,2226.48,2135.23,1.18,5,rotation (out of top-N),2025-07-21,158.84,138.21,97.91,151.81,148.05,136.72,151.81,149.02,62.23,1.84,833,5,4.2,-1,1.8
BUY,197,FIX,2025-07-29,697.89,325.2,,,113.48,,,,,,,2025-07-28,694.69,566.4,451.93,691.11,592.47,527.03,691.11,652.42,53.72,5.6,70,5,6.5,0.1,0.8
BUY,198,WDC,2025-07-29,69.6,3260.8,,,113.48,,,,,,,2025-07-28,76.36,63.67,48.44,68.81,67.82,61.88,68.79,67.47,57.63,1.92,70,5,5.0,-0.0,2.6
SELL,183,COIN,2025-07-29,384.0,642.21,2025-06-17,258.01,82.85,123.31,80909.37,80786.06,48.75,28,rotation (out of top-N),2025-07-28,314.74,331.73,266.57,379.38,392.39,331.42,379.38,371.12,18.07,2.18,42,3.61,3.7,3.4,4.0
SELL,195,IVZ,2025-07-29,21.04,9864.84,2025-07-22,19.39,95.64,103.78,16276.99,16173.21,8.46,5,rotation (out of top-N),2025-07-28,19.92,17.33,15.8,20.94,19.55,16.0,20.94,20.67,26.06,1.27,14,5,3.9,3.5,4.3
BUY,199,ANET,2025-08-05,121.13,1875.17,,,113.57,,,,,,,2025-08-04,139.21,110.77,99.71,120.28,117.3,104.41,120.28,116.78,39.6,2.91,21,5,5.6,2.7,2.7
BUY,200,COHR,2025-08-05,107.51,2112.72,,,113.57,,,,,,,2025-08-04,115.5,95.33,86.04,106.78,103.43,91.54,106.78,102.68,34.24,3.84,21,5,5.9,2.9,2.1
BUY,201,IDXX,2025-08-05,678.46,334.79,,,113.57,,,,,,,2025-08-04,658.56,549.96,464.09,682.85,572.1,538.4,682.85,647.79,41.9,5.13,84,5,5.7,0.5,0.6
BUY,202,LITE,2025-08-05,111.67,2034.02,,,113.57,,,,,,,2025-08-04,116.31,97.46,80.95,111.13,106.67,94.98,111.13,106.99,43.68,3.72,49,5,5.8,2.0,1.7
SELL,194,AMD,2025-08-05,177.55,1172.5,2025-07-15,153.75,90.14,104.09,27905.56,27801.47,15.42,15,rotation (out of top-N),2025-08-04,172.77,149.43,121.8,176.77,170.18,145.36,176.77,172.17,41.85,2.6,35,5,5.2,2.3,2.7
SELL,197,FIX,2025-08-05,709.01,325.2,2025-07-29,697.89,113.48,115.28,3616.19,3500.91,1.54,5,rotation (out of top-N),2025-08-04,691.38,589.12,459.47,695.13,658.02,552.8,695.13,676.97,50.47,2.61,77,5,5.0,0.2,2.0
SELL,196,SMCI,2025-08-05,58.81,3689.8,2025-07-22,51.84,95.64,108.5,25717.92,25609.42,13.39,10,rotation (out of top-N),2025-08-04,44.57,48.05,38.85,58.22,56.56,49.32,58.22,55.98,14.73,3.84,70,2.95,4.1,2.1,2.8
SELL,198,WDC,2025-08-05,77.74,3260.8,2025-07-29,69.6,113.48,126.75,26542.94,26416.19,11.64,5,rotation (out of top-N),2025-08-04,74.74,65.68,49.19,77.1,72.64,64.57,77.08,74.95,51.93,2.77,77,5,5.2,0.1,1.9
BUY,203,AMD,2025-08-12,173.3,1329.33,,,115.19,,,,,,,2025-08-11,177.51,154.54,122.53,172.34,170.86,151.71,172.34,167.5,44.87,2.81,42,5,5.4,2.1,2.4
BUY,204,EXPE,2025-08-12,191.8,1201.11,,,115.19,,,,,,,2025-08-11,205.83,183.39,175.28,191.12,185.8,176.97,191.12,183.02,17.43,4.24,21,3.49,5.3,3.8,3.1
SELL,200,COHR,2025-08-12,114.72,2112.72,2025-08-05,107.51,113.57,121.18,15222.18,15101.0,6.65,5,rotation (out of top-N),2025-08-11,93.55,95.01,85.63,113.63,108.89,95.29,113.63,110.92,9.25,2.38,28,1.85,3.6,4.1,5.0
SELL,201,IDXX,2025-08-12,652.33,334.79,2025-08-05,678.46,113.57,109.2,-8746.35,-8855.55,-3.9,5,rotation (out of top-N),2025-08-11,651.78,568.47,469.54,652.3,619.85,553.54,652.3,645.18,38.81,1.09,91,5,3.2,0.5,2.8
BUY,205,FSLR,2025-08-19,215.39,1165.94,,,125.57,,,,,,,2025-08-18,202.34,182.2,165.19,219.28,191.99,175.23,219.28,207.4,22.49,5.42,28,4.5,5.7,3.4,2.3
BUY,206,INTC,2025-08-19,24.97,10057.34,,,125.57,,,,,,,2025-08-18,24.8,22.23,21.45,23.64,22.32,22.05,23.64,22.53,15.6,4.71,7,3.12,5.7,4.1,3.3
SELL,199,ANET,2025-08-19,137.3,1875.17,2025-08-05,121.13,113.57,128.73,30321.45,30192.72,13.29,10,rotation (out of top-N),2025-08-18,133.23,118.8,101.64,137.99,134.72,115.23,137.99,135.86,31.09,1.55,35,5,4.0,2.9,3.4
SELL,204,EXPE,2025-08-19,204.04,1201.11,2025-08-12,191.8,115.19,122.54,14701.64,14579.1,6.33,5,rotation (out of top-N),2025-08-18,213.05,188.78,176.13,205.09,198.22,182.31,205.09,202.71,20.96,1.16,28,4.19,3.4,3.5,4.7
BUY,207,ANET,2025-08-26,133.05,1713.85,,,114.01,,,,,,,2025-08-25,136.52,122.02,102.51,133.03,133.38,119.68,133.03,130.42,33.18,1.96,42,5,4.3,2.6,3.0
BUY,208,APA,2025-08-26,21.53,10591.18,,,114.01,,,,,,,2025-08-25,22.6,19.77,19.07,21.77,20.26,18.99,21.77,21.29,18.53,2.2,7,3.71,4.3,4.0,4.6
SELL,203,AMD,2025-08-26,168.65,1329.33,2025-08-12,173.3,115.19,112.1,-6181.41,-6293.5,-2.73,10,rotation (out of top-N),2025-08-25,162.69,157.99,123.96,163.35,169.03,161.63,163.35,159.67,31.24,2.25,56,5,4.1,2.5,2.6
SELL,205,FSLR,2025-08-26,199.04,1165.94,2025-08-19,215.39,125.57,116.03,-19063.12,-19179.16,-7.64,5,rotation (out of top-N),2025-08-25,195.17,184.56,165.41,199.27,197.85,181.6,199.27,193.88,17.99,2.7,35,3.6,4.1,3.5,3.8
BUY,210,APP,2025-09-09,547.3,449.46,,,123.0,,,,,,,2025-09-08,582.04,453.49,359.11,547.08,488.05,418.65,547.08,520.45,62.08,4.87,854,5,6,-1,0.0
BUY,211,AVGO,2025-09-09,347.89,707.09,,,123.0,,,,,,,2025-09-08,357.81,304.13,238.03,343.66,312.33,296.28,343.12,325.54,50.32,5.12,140,5,5.5,-0.5,0.0
BUY,212,CIEN,2025-09-09,118.66,2073.07,,,123.0,,,,,,,2025-09-08,131.25,99.82,81.73,119.07,104.22,92.36,119.07,116.1,60.59,2.5,77,5,5.4,-0.3,2.1
BUY,209,MU,2025-09-09,131.6,1869.23,,,123.0,,,,,,,2025-09-08,156.98,125.08,101.78,131.29,123.42,116.84,131.29,127.55,54.23,2.85,91,5,5.1,-0.2,1.6
SELL,207,ANET,2025-09-09,140.68,1713.85,2025-08-26,133.05,114.01,120.55,13068.12,12947.57,5.68,9,rotation (out of top-N),2025-09-08,139.37,128.28,104.32,140.08,137.97,127.36,140.08,137.14,33.59,2.1,56,5,4.1,2.4,2.7
SELL,208,APA,2025-09-09,21.8,10591.18,2025-08-26,21.53,114.01,115.44,2859.62,2744.17,1.2,9,rotation (out of top-N),2025-09-08,22.23,20.57,19.15,21.67,21.92,19.75,21.67,21.05,16.1,2.85,21,3.22,4.4,3.8,4.1
SELL,188,HOOD,2025-09-09,116.52,2283.65,2025-06-24,77.83,88.87,133.04,88331.52,88198.48,49.62,53,rotation (out of top-N),2025-09-08,115.01,103.28,67.02,117.26,106.21,106.27,117.26,112.21,71.61,4.3,637,5,5.9,-1,0.1
SELL,206,INTC,2025-09-09,24.52,10057.34,2025-08-19,24.97,125.57,123.33,-4475.52,-4598.85,-1.83,14,rotation (out of top-N),2025-09-08,24.06,23.16,21.54,24.5,24.31,22.68,24.43,24.06,11.7,1.5,28,2.34,3.1,3.9,5.4
BUY,214,ANET,2025-09-16,145.87,1980.98,,,144.48,,,,,,,2025-09-15,149.49,132.14,105.25,145.44,142.96,131.93,145.44,140.38,42.03,3.48,63,5,5.4,0.8,1.6
BUY,216,ORCL,2025-09-16,311.6,927.33,,,144.48,,,,,,,2025-09-15,306.43,251.67,187.15,299.75,271.27,246.55,299.75,290.61,63.74,3.05,98,5,5.4,-0.6,1.3
BUY,215,STX,2025-09-16,209.89,1376.7,,,144.48,,,,,,,2025-09-15,219.63,173.12,117.07,209.52,189.52,162.87,209.37,202.87,87.61,3.1,112,5,5.2,-0.9,1.1
BUY,217,TSLA,2025-09-16,414.27,697.5,,,144.48,,,,,,,2025-09-15,426.0,357.25,331.44,410.21,366.23,335.32,410.21,392.96,28.53,4.21,7,5,6.1,3.5,2.2
BUY,213,WBD,2025-09-16,18.82,15353.61,,,144.48,,,,,,,2025-09-15,19.33,14.18,10.89,19.5,14.96,12.7,19.5,18.45,77.44,5.36,91,5,6.5,-0.5,0.5
SELL,210,APP,2025-09-16,595.36,449.46,2025-09-09,547.3,123.0,133.79,21596.47,21462.68,8.72,5,rotation (out of top-N),2025-09-15,649.32,489.1,367.23,592.82,544.72,445.61,592.82,579.84,76.82,2.19,861,5,4.5,-1,1.5
SELL,211,AVGO,2025-09-16,363.34,707.09,2025-09-09,347.89,123.0,128.46,10924.59,10796.14,4.39,5,rotation (out of top-N),2025-09-15,343.13,311.22,241.07,362.03,340.91,305.78,361.46,355.26,42.34,1.71,147,5,3.3,-0.1,1.9
SELL,212,CIEN,2025-09-16,136.52,2073.07,2025-09-09,118.66,123.0,141.51,37025.07,36883.56,14.99,5,rotation (out of top-N),2025-09-15,138.38,106.83,82.95,135.93,121.46,98.2,135.93,133.24,66.83,1.98,84,5,4.9,-0.4,2.3
SELL,202,LITE,2025-09-16,168.6,2034.02,2025-08-05,111.67,113.57,171.47,115806.92,115635.44,50.91,29,rotation (out of top-N),2025-09-15,168.76,133.03,89.01,168.64,153.83,123.78,168.64,164.78,89.61,2.29,91,5,5.0,-0.5,2.0
SELL,209,MU,2025-09-16,157.96,1869.23,2025-09-09,131.6,123.0,147.63,49272.92,49125.29,19.97,5,rotation (out of top-N),2025-09-15,162.46,131.88,103.29,157.56,140.47,120.79,157.56,153.94,57.28,2.3,98,5,4.8,-0.5,1.8
BUY,218,APP,2025-09-23,641.15,469.71,,,150.58,,,,,,,2025-09-22,669.65,521.92,375.45,643.38,598.54,478.65,643.38,626.52,78.36,2.62,868,5,4.7,-1,1.3
BUY,220,INTC,2025-09-23,28.99,10388.13,,,150.58,,,,,,,2025-09-22,35.48,26.35,22.17,28.74,26.84,23.52,28.75,28.05,60.04,2.45,42,5,5.9,1.3,2.7
BUY,221,LITE,2025-09-23,163.78,1838.76,,,150.58,,,,,,,2025-09-22,160.68,138.06,90.89,164.71,162.48,131.92,164.71,160.64,76.78,2.47,98,5,5.0,-0.6,1.7
BUY,219,TER,2025-09-23,136.17,2211.59,,,150.58,,,,,,,2025-09-22,135.14,114.4,100.62,134.9,119.8,112.35,134.9,130.45,34.3,3.3,35,5,5.3,2.7,2.2
SELL,214,ANET,2025-09-23,145.02,1980.98,2025-09-16,145.87,144.48,143.64,-1673.92,-1817.56,-0.63,5,rotation (out of top-N),2025-09-22,142.48,134.02,105.99,145.34,144.74,136.01,145.34,142.56,34.42,1.92,70,5,3.8,1.1,2.6
SELL,216,ORCL,2025-09-23,320.29,927.33,2025-09-16,311.6,144.48,148.51,8058.47,7909.96,2.74,5,rotation (out of top-N),2025-09-22,281.17,257.04,190.0,325.62,294.63,254.74,325.62,315.39,47.99,3.14,105,5,4.7,-0.1,1.2
SELL,215,STX,2025-09-23,227.98,1376.7,2025-09-16,209.89,144.48,156.93,24904.45,24747.52,8.56,5,rotation (out of top-N),2025-09-22,215.87,180.89,120.33,227.62,207.86,171.28,227.46,223.34,79.4,1.81,119,5,4.2,-1.0,1.8
SELL,217,TSLA,2025-09-23,440.05,697.5,2025-09-16,414.27,144.48,153.47,17981.65,17828.18,6.17,5,rotation (out of top-N),2025-09-22,440.4,372.37,331.93,434.13,404.03,348.04,434.13,425.75,32.68,1.93,14,5,4.7,3.1,3.5
BUY,223,HOOD,2025-09-30,135.62,2189.03,,,148.43,,,,,,,2025-09-29,148.63,116.88,73.95,136.72,124.29,113.06,136.72,132.26,100.98,3.27,658,5,5.2,-1,0.8
BUY,222,WDC,2025-09-30,117.65,2523.29,,,148.43,,,,,,,2025-09-29,131.09,95.94,59.37,116.62,107.27,88.44,116.55,112.79,120.82,3.23,133,5,5.2,-1,0.8
SELL,221,LITE,2025-09-30,162.09,1838.76,2025-09-23,163.78,150.58,149.03,-3098.31,-3247.34,-1.08,5,rotation (out of top-N),2025-09-29,163.76,142.73,92.88,162.57,160.98,138.32,162.57,159.21,76.31,2.07,105,5,4.6,-0.8,1.9
SELL,219,TER,2025-09-30,133.69,2211.59,2025-09-23,136.17,150.58,147.83,-5484.74,-5632.57,-1.87,5,rotation (out of top-N),2025-09-29,145.45,120.04,101.06,134.09,128.76,116.58,134.09,131.81,43.92,1.7,42,5,4.6,2.1,3.2
BUY,225,AMD,2025-10-07,214.85,1381.44,,,148.4,,,,,,,2025-10-06,214.75,169.0,129.8,203.69,170.4,164.99,203.69,186.99,65.45,8.2,98,5,6.4,-0.6,0.4
BUY,226,LITE,2025-10-07,160.99,1843.61,,,148.4,,,,,,,2025-10-06,149.57,143.98,94.39,160.52,163.56,145.11,160.52,153.77,58.47,4.21,112,5,5.9,-0.8,0.3
BUY,224,MU,2025-10-07,194.84,1523.31,,,148.4,,,,,,,2025-10-06,181.29,152.23,109.76,190.84,174.84,142.5,190.84,183.28,65.17,3.96,119,5,5.7,-1.0,0.4
SELL,218,APP,2025-10-07,592.74,469.71,2025-09-23,641.15,150.58,139.21,-22738.47,-22877.67,-7.6,10,rotation (out of top-N),2025-10-06,569.71,554.54,389.62,586.85,656.06,547.84,558.58,520.79,46.22,6.77,882,5,5.3,-0.3,0.0
SELL,223,HOOD,2025-10-07,146.3,2189.03,2025-09-30,135.62,148.43,160.13,23389.75,23229.62,7.82,5,rotation (out of top-N),2025-10-06,138.99,120.9,76.39,144.25,137.16,117.5,144.25,139.09,81.94,3.57,665,5,5.4,-1,0.6
SELL,213,WBD,2025-10-07,19.04,15353.61,2025-09-16,18.82,144.48,146.17,3377.79,3231.63,1.12,15,rotation (out of top-N),2025-10-06,17.11,16.08,11.49,19.09,19.02,15.07,19.09,18.72,49.0,1.96,112,5,3.9,-0.3,1.8
BUY,228,CIEN,2025-10-14,161.07,1792.64,,,144.37,,,,,,,2025-10-13,170.96,134.71,89.95,164.82,154.97,126.13,164.82,158.43,90.05,3.87,112,5,5.7,-0.9,0.6
BUY,227,HOOD,2025-10-14,136.67,2112.69,,,144.37,,,,,,,2025-10-13,129.91,122.54,78.64,140.67,141.92,121.66,140.67,133.22,65.2,5.29,672,5,6,-1,0.0
SELL,224,MU,2025-10-14,186.82,1523.31,2025-10-07,194.84,148.4,142.29,-12216.97,-12359.26,-4.16,5,rotation (out of top-N),2025-10-13,202.15,161.31,112.34,192.56,184.14,150.67,192.56,186.0,79.95,3.41,126,5,5.3,-1,0.7
SELL,222,WDC,2025-10-14,116.13,2523.29,2025-09-30,117.65,148.43,146.51,-3835.4,-3981.91,-1.34,10,rotation (out of top-N),2025-10-13,125.99,104.28,63.24,118.75,119.2,100.43,118.72,113.92,99.21,4.04,147,5,5.7,-1,0.3
BUY,231,COHR,2025-10-21,121.62,2538.02,,,154.34,,,,,,,2025-10-20,129.35,110.41,87.14,120.19,114.96,105.86,120.19,115.54,48.45,3.87,98,5,5.4,-0.1,0.8
BUY,229,STX,2025-10-21,211.7,1458.07,,,154.34,,,,,,,2025-10-20,233.11,207.86,134.51,213.38,221.17,208.41,213.22,204.23,73.31,4.22,147,5,5.8,-1,0.2
BUY,230,WDC,2025-10-21,121.39,2542.83,,,154.34,,,,,,,2025-10-20,129.28,108.82,65.37,121.34,121.01,106.13,121.31,116.32,97.76,4.11,154,5,5.7,-1,0.3
SELL,225,AMD,2025-10-21,239.52,1381.44,2025-10-07,214.85,148.4,165.44,34080.11,33914.67,11.43,10,rotation (out of top-N),2025-10-20,252.84,193.79,136.01,240.52,222.84,178.65,240.52,235.18,85.89,2.22,112,5,4.6,-0.9,1.7
SELL,228,CIEN,2025-10-21,173.02,1792.64,2025-10-14,161.07,144.37,155.08,21422.1,21267.02,7.37,5,rotation (out of top-N),2025-10-20,179.16,142.79,92.31,173.29,164.8,136.24,173.29,168.25,94.08,2.91,119,5,5.0,-1.0,1.1
SELL,227,HOOD,2025-10-21,135.19,2112.69,2025-10-14,136.67,144.37,142.81,-3126.78,-3269.59,-1.13,5,rotation (out of top-N),2025-10-20,139.79,125.67,80.93,135.83,136.4,124.73,135.83,131.68,72.73,3.05,679,5,5.0,-1,1.0
BUY,234,ALB,2025-10-28,95.76,3449.8,,,165.18,,,,,,,2025-10-27,97.75,89.63,72.89,95.69,95.43,86.06,95.45,91.49,34.1,4.15,63,5,5.4,1.2,1.2
BUY,232,FIX,2025-10-28,966.55,341.79,,,165.18,,,,,,,2025-10-27,963.68,829.86,556.98,975.57,873.54,801.95,975.57,924.96,73.02,5.19,161,5,6,-1,0.0
BUY,233,HOOD,2025-10-28,145.96,2263.39,,,165.18,,,,,,,2025-10-27,146.75,129.51,83.32,145.79,137.08,128.52,145.79,140.41,76.12,3.69,686,5,5.5,-1,0.5
SELL,231,COHR,2025-10-28,133.06,2538.02,2025-10-21,121.62,154.34,168.86,29047.66,28878.8,9.36,5,rotation (out of top-N),2025-10-27,131.95,114.33,87.93,134.94,122.04,109.94,134.94,130.1,50.07,3.59,105,5,5.1,-0.3,0.9
SELL,229,STX,2025-10-28,228.39,1458.07,2025-10-21,211.7,154.34,166.5,24335.25,24168.74,7.83,5,rotation (out of top-N),2025-10-27,254.62,216.36,138.22,229.23,223.61,215.54,229.06,221.53,84.21,3.29,154,5,5.2,-1,0.8
SELL,230,WDC,2025-10-28,126.18,2542.83,2025-10-21,121.39,154.34,160.43,12180.16,12019.73,3.89,5,rotation (out of top-N),2025-10-27,150.04,116.32,67.98,126.5,123.74,111.68,126.46,122.94,120.71,2.79,161,5,4.9,-1,1.1
BUY,237,FSLR,2025-11-04,254.36,1328.92,,,169.01,,,,,,,2025-11-03,267.63,234.34,176.42,265.62,245.8,226.05,265.62,253.12,51.7,4.71,105,5,5.8,-0.3,0.2
BUY,235,STX,2025-11-04,251.99,1341.42,,,169.01,,,,,,,2025-11-03,278.1,227.59,142.82,264.37,244.84,224.81,264.19,250.46,94.73,5.2,161,5,6,-1,0.0
BUY,238,TER,2025-11-04,176.08,1919.72,,,169.01,,,,,,,2025-11-03,182.05,146.12,104.36,182.74,162.87,138.25,182.74,177.16,74.45,3.06,77,5,5.8,-0.3,1.7
BUY,236,WDC,2025-11-04,151.16,2236.2,,,169.01,,,,,,,2025-11-03,162.8,124.77,70.95,157.81,137.39,118.39,157.77,147.26,129.47,6.66,168,5,6,-1,0.0
SELL,234,ALB,2025-11-04,90.98,3449.8,2025-10-28,95.76,165.18,156.93,-16490.02,-16646.95,-5.04,5,rotation (out of top-N),2025-11-03,96.63,90.9,73.25,95.97,96.36,88.22,95.73,93.17,31.91,2.68,70,5,4.2,1.2,2.0
SELL,232,FIX,2025-11-04,954.52,341.79,2025-10-28,966.55,165.18,163.12,-4111.68,-4274.8,-1.29,5,rotation (out of top-N),2025-11-03,954.65,852.55,569.93,975.09,937.81,835.64,975.09,960.27,67.5,1.52,168,5,4.0,-1,2.0
SELL,233,HOOD,2025-11-04,139.9,2263.39,2025-10-28,145.96,165.18,158.32,-13704.8,-13863.12,-4.2,5,rotation (out of top-N),2025-11-03,130.36,129.66,85.28,147.11,141.98,133.52,146.66,142.46,52.85,2.86,693,5,4.6,-0.6,1.1
SELL,220,INTC,2025-11-04,38.14,10388.13,2025-09-23,28.99,150.58,198.1,95051.42,94853.32,31.5,30,rotation (out of top-N),2025-11-03,38.15,34.55,24.79,39.49,39.36,34.26,39.49,38.67,53.9,2.08,84,5,4.7,-0.1,2.2
BUY,239,ALB,2025-11-11,101.57,3670.85,,,186.42,,,,,,,2025-11-10,114.52,95.19,74.23,103.03,95.74,90.6,102.77,98.4,54.29,4.25,77,5,6.3,0.0,0.9
BUY,240,CIEN,2025-11-11,205.29,1816.2,,,186.42,,,,,,,2025-11-10,191.64,165.82,100.0,208.59,193.35,164.68,208.59,199.87,91.65,4.18,140,5,5.8,-1,0.2
SELL,237,FSLR,2025-11-11,270.09,1328.92,2025-11-04,254.36,169.01,179.46,20903.92,20724.46,6.13,5,rotation (out of top-N),2025-11-10,253.09,237.75,178.54,272.37,261.62,234.38,272.37,261.57,41.75,3.96,112,5,4.9,0.0,0.5
SELL,235,STX,2025-11-11,288.38,1341.42,2025-11-04,251.99,169.01,193.42,48814.25,48620.83,14.38,5,rotation (out of top-N),2025-11-10,257.12,232.96,146.89,292.7,265.76,234.58,292.49,280.46,75.04,4.11,168,5,5.7,-1,0.3
BUY,242,MU,2025-11-18,235.22,1402.19,,,164.91,,,,,,,2025-11-17,207.19,202.53,128.43,241.68,238.52,205.61,241.68,228.88,61.32,5.3,161,5,6,-1,0.0
BUY,241,STX,2025-11-18,256.16,1287.57,,,164.91,,,,,,,2025-11-17,236.59,233.62,150.32,260.3,266.28,241.18,260.12,249.04,57.39,4.26,175,5,5.7,-0.9,0.2
SELL,240,CIEN,2025-11-18,188.88,1816.2,2025-11-11,205.29,186.42,171.52,-29803.91,-29975.44,-8.04,5,rotation (out of top-N),2025-11-17,178.19,168.07,102.21,191.77,195.65,172.29,191.77,184.39,74.34,3.85,147,5,5.6,-1,0.4
SELL,238,TER,2025-11-18,165.07,1919.72,2025-11-04,176.08,169.01,158.44,-21136.12,-21294.56,-6.3,10,rotation (out of top-N),2025-11-17,158.58,151.9,106.93,167.23,172.93,153.27,167.23,161.74,48.3,3.28,91,5,5.1,0.1,1.3
BUY,243,COHR,2025-11-25,145.11,2219.11,,,161.01,,,,,,,2025-11-24,164.13,134.17,93.97,151.73,143.24,129.77,151.73,143.35,74.66,5.52,133,5,6,-1,0.0
SELL,241,STX,2025-11-25,250.09,1287.57,2025-11-18,256.16,164.91,161.0,-7815.53,-7976.53,-2.42,5,rotation (out of top-N),2025-11-24,275.43,241.22,154.74,252.21,254.08,244.4,252.03,242.87,78.0,3.64,182,5,5.4,-1,0.6
BUY,246,CIEN,2025-12-09,212.28,1859.24,,,197.34,,,,,,,2025-12-08,218.54,186.61,112.0,212.95,200.02,188.46,212.95,205.99,95.13,3.27,168,5,5.2,-1,0.8
BUY,245,COO,2025-12-09,78.16,5049.62,,,197.34,,,,,,,2025-12-08,82.11,75.74,74.29,78.03,77.11,73.07,78.03,74.18,10.51,4.94,0,2.1,5.5,4.5,3.9
BUY,244,WBD,2025-12-09,27.48,14365.01,,,197.34,,,,,,,2025-12-08,29.98,23.42,14.41,27.23,24.82,22.15,27.23,26.17,108.04,3.88,175,5,5.6,-1,0.4
SELL,239,ALB,2025-12-09,126.67,3670.85,2025-11-11,101.57,186.42,232.49,92138.42,91905.93,24.65,19,rotation (out of top-N),2025-12-08,132.43,112.54,79.08,126.49,123.27,107.17,126.17,122.67,67.46,2.77,105,5,5.1,-0.8,1.4
SELL,242,MU,2025-12-09,244.11,1402.19,2025-11-18,235.22,164.91,171.14,12465.46,12294.32,3.73,14,rotation (out of top-N),2025-12-08,240.89,218.75,139.18,246.76,234.75,223.84,246.76,238.6,73.08,3.31,182,5,5.2,-1,0.8
SELL,236,WDC,2025-12-09,168.94,2236.2,2025-11-04,151.16,169.01,188.89,39759.67,39570.78,11.71,24,rotation (out of top-N),2025-12-08,176.27,149.45,85.39,169.73,161.39,146.86,169.69,165.12,106.42,2.69,203,5,4.8,-1,1.2
BUY,247,STX,2025-12-16,286.24,1457.2,,,208.55,,,,,,,2025-12-15,295.05,262.16,169.42,284.24,282.7,261.04,284.03,272.43,74.16,4.08,203,5,5.7,-1,0.3
BUY,248,WDC,2025-12-16,172.2,2422.24,,,208.55,,,,,,,2025-12-15,181.06,155.2,88.81,171.91,171.33,153.92,171.86,164.49,103.87,4.29,210,5,5.9,-1,0.1
SELL,245,COO,2025-12-16,81.36,5049.62,2025-12-09,78.16,197.34,205.42,16158.79,15953.38,4.04,5,rotation (out of top-N),2025-12-15,82.76,77.01,74.33,81.55,79.75,74.38,81.55,80.51,11.34,1.27,7,2.27,3.3,4.3,5.9
SELL,244,WBD,2025-12-16,29.49,14365.01,2025-12-09,27.48,197.34,211.81,28945.49,28733.67,7.28,5,rotation (out of top-N),2025-12-15,27.82,24.22,14.85,29.73,27.8,23.56,29.73,29.36,87.32,1.24,182,5,3.8,-1,2.2
BUY,249,MRNA,2025-12-23,34.86,12639.57,,,220.31,,,,,,,2025-12-22,31.2,28.56,27.22,34.91,30.95,26.54,34.91,33.44,14.64,4.22,7,2.93,5.4,4.2,3.6
SELL,246,CIEN,2025-12-23,237.0,1859.24,2025-12-09,212.28,197.34,220.32,45960.3,45739.98,11.59,10,rotation (out of top-N),2025-12-22,241.85,203.16,120.57,236.67,218.86,201.07,236.67,228.85,100.59,3.3,182,5,5.2,-1,0.8
BUY,251,ALB,2025-12-30,144.66,2785.07,,,201.44,,,,,,,2025-12-29,143.5,127.7,84.52,144.15,142.14,122.2,143.79,139.76,69.78,2.81,126,5,4.9,-1,1.1
BUY,250,MU,2025-12-30,294.69,1367.16,,,201.44,,,,,,,2025-12-29,315.25,251.78,153.74,294.25,270.46,242.38,294.25,288.38,105.05,1.99,203,5,4.3,-1,1.7
SELL,249,MRNA,2025-12-30,31.14,12639.57,2025-12-23,34.86,220.31,196.8,-47019.2,-47216.0,-10.72,4,rotation (out of top-N),2025-12-29,30.87,28.98,27.21,31.15,31.38,27.11,31.15,30.5,13.45,2.07,14,2.69,3.8,4.1,5.0
SELL,247,STX,2025-12-30,283.26,1457.2,2025-12-16,286.24,208.55,206.38,-4342.46,-4548.85,-1.09,9,rotation (out of top-N),2025-12-29,287.03,270.17,179.46,280.79,283.99,273.07,280.59,275.96,59.94,1.65,217,5,4.1,-1.0,1.9
BUY,253,CIEN,2026-01-06,230.95,1848.36,,,213.44,,,,,,,2026-01-05,230.82,214.56,129.61,231.06,234.13,211.27,231.06,218.65,78.09,5.37,196,5,6,-1,0.0
BUY,252,HAL,2026-01-06,31.64,13491.75,,,213.44,,,,,,,2026-01-05,32.47,28.17,23.28,31.79,28.89,27.4,31.65,30.34,39.47,4.15,77,5,5.5,0.7,1.0
SELL,251,ALB,2026-01-06,150.45,2785.07,2025-12-30,144.66,201.44,209.51,16125.58,15916.07,3.95,4,rotation (out of top-N),2026-01-05,160.89,133.73,87.1,145.74,142.83,127.17,145.37,141.74,84.71,2.5,133,5,4.7,-1,1.3
SELL,250,MU,2026-01-06,318.32,1367.16,2025-12-30,294.69,201.44,217.6,32306.02,32088.42,7.96,4,rotation (out of top-N),2026-01-05,344.83,268.7,160.75,311.99,288.68,249.68,312.35,304.25,114.51,2.59,210,5,4.7,-1,1.3
BUY,254,MRNA,2026-01-13,34.22,12669.4,,,216.74,,,,,,,2026-01-12,41.83,32.11,27.83,33.85,33.27,28.87,33.85,32.47,50.3,4.09,28,5,6.8,2.0,1.8
SELL,252,HAL,2026-01-13,32.13,13491.75,2026-01-06,31.64,213.44,216.74,6610.96,6394.21,1.5,5,rotation (out of top-N),2026-01-12,32.41,28.94,23.58,31.75,30.6,27.93,31.61,31.04,37.45,1.81,84,5,3.7,0.7,2.4
BUY,255,STX,2026-01-27,360.67,1745.83,,,314.83,,,,,,,2026-01-26,406.78,316.33,206.71,357.76,333.25,296.38,357.5,343.34,96.79,3.96,245,5,5.6,-1,0.4
SELL,226,LITE,2026-01-27,341.76,1843.61,2025-10-07,160.99,148.4,315.04,333278.06,332963.02,112.18,76,rotation (out of top-N),2026-01-26,391.71,336.91,186.23,332.32,347.17,350.37,332.32,317.49,110.33,4.46,224,5,6.0,-1,0.0
BUY,256,LITE,2026-02-03,453.36,1493.99,,,338.65,,,,,,,2026-02-02,552.0,376.01,198.46,423.71,377.63,360.27,423.71,387.93,178.14,8.44,231,5,6,-1,0.0
SELL,248,WDC,2026-02-03,279.77,2422.24,2025-12-16,172.2,208.55,338.83,260560.25,260221.42,62.39,32,rotation (out of top-N),2026-02-02,282.5,216.21,121.06,270.06,251.88,202.73,269.99,254.35,133.36,5.79,259,5,6,-1,0.0
BUY,257,WDC,2026-02-10,282.54,1898.1,,,268.14,,,,,,,2026-02-09,281.54,228.09,127.0,285.88,268.47,216.16,285.81,271.4,121.69,5.04,266,5,6,-1,0.0
SELL,254,MRNA,2026-02-10,42.34,12669.4,2026-01-13,34.22,216.74,268.24,103002.2,102733.96,23.7,19,rotation (out of top-N),2026-02-09,42.18,38.39,29.64,41.97,42.72,37.73,41.97,40.63,42.32,3.18,56,5,5.3,2.0,1.9
BUY,258,FIX,2026-02-24,1412.5,450.7,,,318.31,,,,,,,2026-02-23,1428.64,1225.4,854.68,1409.03,1341.11,1144.67,1409.03,1348.55,67.15,4.29,280,5,5.9,-1,0.1
BUY,260,MRNA,2026-02-24,50.21,12679.08,,,318.31,,,,,,,2026-02-23,53.61,42.87,30.95,50.3,46.2,40.82,50.3,47.4,73.24,5.76,70,5,6.8,-0.2,0.8
BUY,259,TPL,2026-02-24,502.65,1266.52,,,318.31,,,,,,,2026-02-23,522.69,401.74,332.68,501.49,444.69,351.68,502.25,476.83,57.11,5.06,14,5,7.6,1.9,1.8
SELL,253,CIEN,2026-02-24,342.05,1848.36,2026-01-06,230.95,213.44,316.12,205352.91,205036.79,48.03,33,rotation (out of top-N),2026-02-23,348.66,278.98,166.85,344.77,310.47,260.9,344.77,332.53,108.97,3.55,245,5,5.4,-1,0.6
SELL,243,COHR,2026-02-24,254.5,2219.11,2025-11-25,145.11,161.01,282.38,242748.65,242466.27,75.3,60,rotation (out of top-N),2026-02-23,258.9,215.61,138.89,248.67,231.34,206.56,248.67,238.46,86.41,4.11,224,5,5.7,-1,0.3
SELL,255,STX,2026-02-24,409.26,1745.83,2026-01-27,360.67,314.83,357.25,84829.7,84472.45,13.42,19,rotation (out of top-N),2026-02-23,407.25,371.28,238.39,406.76,412.55,361.53,406.76,392.44,70.83,3.52,273,5,5.3,-1,0.7
BUY,261,COHR,2026-03-03,286.74,2131.26,,,305.56,,,,,,,2026-03-02,235.59,219.24,142.89,298.76,255.52,216.24,298.76,283.22,64.88,5.2,231,5,6,-1,0.0
SELL,258,FIX,2026-03-03,1355.16,450.7,2026-02-24,1412.5,318.31,305.39,-25843.25,-26148.64,-4.11,5,rotation (out of top-N),2026-03-02,1279.35,1235.21,874.73,1436.11,1403.85,1206.38,1436.11,1399.03,46.26,2.58,287,5,4.0,-0.3,1.3
BUY,264,CF,2026-03-10,109.14,6334.02,,,345.65,,,,,,,2026-03-09,129.08,101.54,88.36,110.55,105.46,94.13,110.55,103.93,46.08,5.99,35,5,6.7,2.1,1.4
BUY,263,DOW,2026-03-10,34.38,20107.47,,,345.65,,,,,,,2026-03-09,36.24,30.36,25.1,33.98,31.88,29.51,34.33,32.62,44.38,4.99,49,5,6.4,2.0,1.2
BUY,262,LYB,2026-03-10,64.56,10707.79,,,345.65,,,,,,,2026-03-09,71.55,57.39,50.47,66.15,61.08,53.86,66.84,63.92,41.77,4.38,21,5,6.7,2.6,1.7
SELL,261,COHR,2026-03-10,259.43,2131.26,2026-03-03,286.74,305.56,276.46,-58204.73,-58481.18,-9.57,5,rotation (out of top-N),2026-03-09,242.82,223.53,146.96,252.4,255.74,225.18,252.4,237.15,65.22,6.04,238,5,6,-1,0.0
SELL,256,LITE,2026-03-10,677.07,1493.99,2026-02-03,453.36,338.65,505.76,334220.16,333714.4,49.27,24,rotation (out of top-N),2026-03-09,622.14,531.67,266.94,640.74,651.31,513.32,640.06,603.83,133.06,5.66,266,5,6,-1,0.0
SELL,257,WDC,2026-03-10,269.33,1898.1,2026-02-10,282.54,268.14,255.61,-25073.84,-25329.45,-4.72,19,rotation (out of top-N),2026-03-09,272.29,250.64,148.9,262.06,264.34,259.79,262.06,250.43,82.87,4.44,294,5,6.0,-1,0.0
BUY,267,CIEN,2026-03-17,360.0,1925.09,,,346.52,,,,,,,2026-03-16,384.07,308.63,186.61,363.95,336.98,296.99,363.95,349.85,105.81,3.87,266,5,5.6,-1,0.4
BUY,265,COHR,2026-03-17,235.0,2949.07,,,346.52,,,,,,,2026-03-16,252.21,228.74,151.33,247.41,250.45,232.94,247.41,234.19,66.66,5.34,245,5,6,-1,0.0
BUY,266,LITE,2026-03-17,597.38,1160.13,,,346.52,,,,,,,2026-03-16,705.64,563.3,282.52,625.38,641.81,550.37,627.55,594.23,149.77,5.31,273,5,6,-1,0.0
SELL,263,DOW,2026-03-17,35.84,20107.47,2026-03-10,34.38,345.65,360.33,29356.91,28996.58,4.19,5,rotation (out of top-N),2026-03-16,36.29,31.44,25.3,35.66,34.21,30.61,36.02,35.15,43.45,2.42,56,5,4.9,1.9,2.5
SELL,260,MRNA,2026-03-17,54.08,12679.08,2026-02-24,50.21,318.31,342.81,49004.65,48661.83,7.64,15,rotation (out of top-N),2026-03-16,51.4,47.04,32.84,53.35,53.39,48.05,53.35,51.51,56.52,3.45,91,5,5.6,-0.3,1.2
SELL,259,TPL,2026-03-17,532.06,1266.52,2026-02-24,502.65,318.31,336.93,37248.37,36911.44,5.8,15,rotation (out of top-N),2026-03-16,518.85,457.27,344.35,526.62,522.93,435.54,527.43,515.28,50.68,2.3,35,5,5.5,1.9,2.9
BUY,269,GLW,2026-03-31,131.21,6547.76,,,429.57,,,,,,,2026-03-30,147.66,128.09,90.36,128.32,134.23,133.41,128.52,121.69,63.42,5.31,308,5,6,-1,0.0
BUY,268,WDC,2026-03-31,255.6,3361.23,,,429.57,,,,,,,2026-03-30,294.97,267.56,166.04,251.66,280.59,278.44,251.66,238.91,77.65,5.07,315,5,6,-1,0.0
SELL,264,CF,2026-03-31,133.96,6334.02,2026-03-10,109.14,345.65,424.25,157210.37,156786.12,22.68,15,rotation (out of top-N),2026-03-30,129.43,114.53,90.98,136.97,128.61,108.5,136.97,132.61,42.26,3.18,56,5,5.3,2.0,1.9
SELL,262,LYB,2026-03-31,81.29,10707.79,2026-03-10,64.56,345.65,435.22,179141.33,178706.11,25.85,15,rotation (out of top-N),2026-03-30,78.77,66.43,52.13,81.57,75.53,62.91,82.42,79.95,51.09,2.99,42,5,5.8,1.7,2.3
BUY,270,STX,2026-04-07,449.75,2091.03,,,470.22,,,,,,,2026-04-06,503.37,408.59,280.21,453.38,412.49,401.6,453.38,434.94,79.64,4.07,315,5,5.7,-1,0.3
SELL,269,GLW,2026-04-07,143.64,6547.76,2026-03-31,131.21,429.57,470.26,81388.63,80918.37,9.42,4,rotation (out of top-N),2026-04-06,170.96,135.89,93.32,146.28,139.53,136.6,146.5,142.04,83.2,3.05,315,5,5.0,-1,1.0
BUY,271,DELL,2026-04-14,185.5,6180.08,,,573.2,,,,,,,2026-04-13,195.96,162.16,137.46,189.22,177.37,152.22,182.9,176.75,42.56,3.36,42,5,5.7,2.2,2.1
BUY,272,SNDK,2026-04-14,963.27,1190.12,,,573.2,,,,,,,2026-04-13,920.79,696.86,322.35,952.38,786.21,669.24,952.38,915.51,185.65,3.87,999,5,5.6,-1,0.4
SELL,270,STX,2026-04-14,520.71,2091.03,2026-04-07,449.75,470.22,544.4,148368.72,147824.32,15.72,5,rotation (out of top-N),2026-04-13,547.41,433.83,290.25,513.3,467.98,411.53,513.3,503.19,88.6,1.97,322,5,4.3,-1,1.7
SELL,268,WDC,2026-04-14,358.75,3361.23,2026-03-31,255.6,429.57,602.91,346694.43,346091.52,40.28,9,rotation (out of top-N),2026-04-13,372.53,297.93,180.64,350.14,320.71,287.74,350.14,340.06,106.22,2.88,329,5,4.9,-1,1.1
BUY,274,DOW,2026-04-21,36.81,27480.52,,,505.78,,,,,,,2026-04-20,38.25,35.8,26.78,36.39,38.06,36.18,36.76,35.09,42.81,4.54,91,5,5.6,0.3,0.5
BUY,273,LYB,2026-04-21,68.96,14668.77,,,505.78,,,,,,,2026-04-20,69.16,67.6,52.92,67.87,71.83,69.73,68.58,65.82,30.68,4.03,63,5,5.2,1.4,1.3
SELL,267,CIEN,2026-04-21,509.37,1925.09,2026-03-17,360.0,346.52,490.29,287550.45,287060.15,41.42,24,rotation (out of top-N),2026-04-20,520.84,421.03,235.94,503.56,480.0,397.84,503.56,490.47,120.75,2.6,301,5,4.7,-1,1.3
SELL,265,COHR,2026-04-21,353.81,2949.07,2026-03-17,235.0,346.52,521.71,350379.18,349857.48,50.48,24,rotation (out of top-N),2026-04-20,336.18,279.22,177.27,347.4,312.06,268.27,347.4,336.24,89.64,3.21,280,5,5.1,-1,0.9
BUY,277,COHR,2026-04-28,303.65,3811.29,,,578.65,,,,,,,2026-04-27,329.65,288.39,183.01,321.49,326.93,278.51,321.49,309.16,80.12,3.83,287,5,5.6,-1,0.4
BUY,275,FIX,2026-04-28,1714.87,674.86,,,578.65,,,,,,,2026-04-27,1867.92,1544.88,1074.49,1795.34,1692.68,1487.67,1795.34,1720.85,73.84,4.15,343,5,5.8,-1,0.2
BUY,278,INTC,2026-04-28,81.31,14234.03,,,578.65,,,,,,,2026-04-27,99.66,65.25,41.65,84.99,70.73,53.38,84.99,81.21,139.25,4.44,259,5,6.0,-1,0.0
BUY,276,MU,2026-04-28,502.16,2304.64,,,578.65,,,,,,,2026-04-27,542.26,440.39,287.43,524.73,472.39,416.85,524.73,503.7,88.66,4.01,322,5,5.7,-1,0.3
SELL,271,DELL,2026-04-28,209.53,6180.08,2026-04-14,185.5,573.2,647.46,148507.3,147859.85,12.9,10,rotation (out of top-N),2026-04-27,210.24,178.92,141.64,215.98,204.55,172.32,215.98,210.79,48.43,2.4,56,5,5.1,1.6,2.5
SELL,274,DOW,2026-04-28,38.56,27480.52,2026-04-21,36.81,505.78,529.82,48090.92,47561.09,4.7,5,rotation (out of top-N),2026-04-27,39.89,36.54,27.18,37.71,38.06,37.22,38.09,36.86,46.79,3.25,98,5,4.9,0.0,1.2
SELL,273,LYB,2026-04-28,71.99,14668.77,2026-04-21,68.96,505.78,528.0,44446.36,43918.36,4.34,5,rotation (out of top-N),2026-04-27,74.18,68.79,53.29,70.29,70.78,71.53,71.03,69.51,39.2,2.14,70,5,4.2,0.9,2.4
SELL,272,SNDK,2026-04-28,1026.99,1190.12,2026-04-14,963.27,573.2,611.12,75840.25,75229.13,6.56,10,rotation (out of top-N),2026-04-27,1188.14,829.71,374.67,1069.93,944.91,747.93,1069.93,1032.93,217.11,3.46,999,5,5.3,-1,0.7
BUY,281,AGL,2026-05-05,26.46,49435.08,,,654.03,,,,,,,2026-05-04,53.99,26.89,21.61,26.96,26.97,18.77,26.96,25.21,149.85,6.48,0,5,8.0,2.0,2.0
BUY,283,BAND,2026-05-05,44.99,29074.29,,,654.03,,,,,,,2026-05-04,49.91,28.08,17.19,45.01,31.9,20.33,45.01,41.5,190.35,7.8,42,5,7.3,1.3,1.3
BUY,280,DDOG,2026-05-05,147.81,8849.25,,,654.03,,,,,,,2026-05-04,200.23,139.22,138.59,146.72,134.22,124.55,146.72,140.48,44.48,4.25,0,5,7.1,2.8,2.2
BUY,282,PENG,2026-05-05,33.27,39316.26,,,654.03,,,,,,,2026-05-04,44.23,27.9,22.5,32.4,29.38,22.51,32.4,31.23,96.61,3.6,14,5,7.2,1.8,2.4
BUY,279,XMTR,2026-05-05,54.01,24220.94,,,654.03,,,,,,,2026-05-04,79.97,53.35,53.03,53.0,49.32,43.43,53.0,51.23,50.82,3.34,0,5,6.8,2.5,2.8
SELL,277,COHR,2026-05-05,329.17,3811.29,2026-04-28,303.65,578.65,627.28,97264.07,96636.79,8.35,5,rotation (out of top-N),2026-05-04,335.15,296.89,188.82,329.88,322.91,284.62,329.88,317.89,77.5,3.63,294,5,5.4,-1,0.6
SELL,275,FIX,2026-05-05,1959.3,674.86,2026-04-28,1714.87,578.65,661.13,164956.09,164294.96,14.2,5,rotation (out of top-N),2026-05-04,1949.24,1618.4,1105.85,1891.48,1778.19,1541.78,1891.48,1847.96,76.27,2.3,350,5,4.5,-1,1.5
SELL,278,INTC,2026-05-05,100.5,14234.03,2026-04-28,81.31,578.65,715.3,273293.32,272578.02,23.55,5,rotation (out of top-N),2026-05-04,124.91,76.1,44.3,95.77,86.0,59.52,95.54,92.95,182.0,2.71,266,5,4.8,-1,1.2
SELL,266,LITE,2026-05-05,975.83,1160.13,2026-03-17,597.38,346.52,566.04,439050.66,438484.61,63.27,34,rotation (out of top-N),2026-05-04,903.12,806.63,416.82,976.21,894.05,790.07,976.21,933.77,116.67,4.35,322,5,5.9,-1,0.1
SELL,276,MU,2026-05-05,609.64,2304.64,2026-04-28,502.16,578.65,702.5,247702.61,247000.11,21.34,5,rotation (out of top-N),2026-05-04,747.1,496.16,303.49,576.27,514.32,434.33,578.63,559.28,146.17,3.34,329,5,5.2,-1,0.8
BUY,284,INOD,2026-05-12,103.08,13984.42,,,720.72,,,,,,,2026-05-11,96.0,59.19,56.01,103.96,61.31,44.92,103.96,88.47,71.4,14.9,0,5,8.0,2.0,2.0
SELL,283,BAND,2026-05-12,49.52,29074.29,2026-05-05,44.99,654.03,719.81,131561.14,130841.34,10.0,5,rotation (out of top-N),2026-05-11,53.99,32.79,18.21,49.97,42.6,24.41,49.97,47.79,196.54,4.36,49,5,7.1,1.2,1.3
BUY,285,ALAB,2026-05-19,211.62,8795.98,,,930.68,,,,,,,2026-05-18,307.03,203.46,171.24,215.75,214.23,170.18,215.75,201.94,79.3,6.4,14,5,7.8,1.8,1.8
SELL,280,DDOG,2026-05-19,210.47,8849.25,2026-05-05,147.81,654.03,931.25,554449.85,553518.6,42.32,10,rotation (out of top-N),2026-05-18,222.36,164.56,142.89,208.65,190.76,140.36,208.65,202.63,55.61,2.89,14,5,6.5,2.0,2.8
BUY,286,DDOG,2026-06-02,264.25,12267.93,,,1620.9,,,,,,,2026-06-01,276.95,197.33,149.3,277.45,230.38,164.77,277.45,266.37,85.49,3.99,28,5,7.2,1.5,1.9
BUY,287,NTAP,2026-06-02,183.2,17695.41,,,1620.9,,,,,,,2026-06-01,174.86,134.48,112.83,179.79,146.43,116.31,179.79,170.59,54.98,5.12,21,5,7.4,1.9,1.6
SELL,281,AGL,2026-06-02,89.62,49435.08,2026-05-05,26.46,654.03,2215.31,3122566.56,3120351.25,238.55,19,rotation (out of top-N),2026-06-01,96.31,61.86,27.65,92.48,85.07,48.01,92.48,89.09,248.34,3.66,28,5,7.0,1.5,2.1
SELL,279,XMTR,2026-06-02,84.99,24220.94,2026-05-05,54.01,654.03,1029.27,750485.96,749456.69,57.3,19,rotation (out of top-N),2026-06-01,80.51,72.16,57.11,95.19,90.96,64.74,92.74,89.88,40.98,3.08,28,5,5.6,2.5,2.5
BUY,288,ARM,2026-06-09,362.25,8119.19,,,1470.61,,,,,,,2026-06-08,380.2,274.97,164.52,346.56,351.41,247.64,346.56,325.24,131.1,6.15,56,5,7.1,1.1,1.1
BUY,289,CRDO,2026-06-09,226.39,12991.81,,,1470.61,,,,,,,2026-06-08,250.6,196.86,152.78,222.29,215.66,190.82,222.29,202.16,64.03,9.06,42,5,7.3,1.3,1.3
SELL,286,DDOG,2026-06-09,232.05,12267.93,2026-06-02,264.25,1620.9,1423.39,-395027.28,-396450.66,-12.23,5,rotation (out of top-N),2026-06-08,229.92,203.25,151.65,231.74,238.02,181.42,231.74,224.13,51.61,3.28,35,5,6.2,1.8,2.2
SELL,287,NTAP,2026-06-09,171.7,17695.41,2026-06-02,183.2,1620.9,1519.15,-203497.27,-205016.42,-6.32,5,rotation (out of top-N),2026-06-08,161.61,139.41,113.94,170.38,164.41,126.13,170.38,165.47,41.84,2.88,28,5,5.5,2.4,2.6
BUY,291,AGL,2026-06-16,110.72,21538.12,,,1192.3,,,,,,,2026-06-15,113.08,78.52,31.84,113.48,102.67,67.54,113.48,106.52,255.1,6.13,42,5,7.3,1.3,1.3
BUY,292,CBRL,2026-06-16,43.15,55262.86,,,1192.3,,,,,,,2026-06-15,47.15,36.51,32.15,43.2,39.81,32.75,43.2,40.97,46.66,5.17,7,5,7.2,2.6,1.9
BUY,290,COOK,2026-06-16,71.69,33262.55,,,1192.3,,,,,,,2026-06-15,70.91,56.56,47.96,71.69,66.2,51.27,71.69,65.48,47.85,8.67,14,5,7.2,2.4,1.8
SELL,288,ARM,2026-06-16,399.74,8119.19,2026-06-09,362.25,1470.61,1622.78,304347.79,302725.01,10.29,5,rotation (out of top-N),2026-06-15,439.19,304.83,171.73,412.49,359.16,271.63,412.49,392.97,155.74,4.73,63,5,7.0,-0.0,0.9
SELL,284,INOD,2026-06-16,100.64,13984.42,2026-05-12,103.08,720.72,703.7,-34052.06,-34755.76,-2.41,24,rotation (out of top-N),2026-06-15,95.43,84.73,62.92,99.5,102.3,80.15,99.5,92.32,51.67,7.22,35,5,7.0,1.8,1.4
SELL,282,PENG,2026-06-16,63.72,39316.26,2026-05-05,33.27,654.03,1252.52,1196983.66,1195731.14,91.41,29,rotation (out of top-N),2026-06-15,67.23,50.43,27.51,63.91,62.42,47.09,63.91,60.87,144.39,4.77,56,5,7.1,1.1,1.1
BUY,293,PENG,2026-06-23,61.67,47957.12,,,1478.76,,,,,,,2026-06-22,62.34,52.6,28.38,67.94,63.58,50.68,67.94,62.94,119.64,7.37,63,5,7.0,-0.0,0.9
BUY,294,SEZL,2026-06-23,149.0,19849.1,,,1478.76,,,,,,,2026-06-22,170.81,123.86,80.45,156.38,141.64,109.97,156.38,149.7,112.31,4.27,49,5,7.0,1.2,1.3
SELL,291,AGL,2026-06-23,106.38,21538.12,2026-06-16,110.72,1192.3,1145.61,-93367.73,-94513.34,-3.96,4,rotation (out of top-N),2026-06-22,117.31,85.58,34.05,113.05,107.41,75.97,113.05,109.02,244.57,3.57,49,5,6.6,1.2,1.8
SELL,289,CRDO,2026-06-23,279.11,12991.81,2026-06-09,226.39,1470.61,1813.07,684928.43,683115.36,23.23,9,rotation (out of top-N),2026-06-22,239.96,215.75,157.27,302.6,256.38,210.66,302.6,283.17,52.58,6.42,56,5,6.7,1.4,1.1
BUY,297,AGL,2026-06-30,114.58,27782.03,,,1591.7,,,,,,,2026-06-29,111.16,90.23,36.15,114.97,110.48,86.54,114.97,108.42,207.5,5.7,56,5,7.1,1.1,1.1
BUY,296,FROG,2026-06-30,89.03,35756.52,,,1591.7,,,,,,,2026-06-29,94.79,77.39,58.23,90.07,82.54,74.32,90.07,86.46,62.8,4.01,49,5,6.9,1.2,1.5
BUY,295,MNPR,2026-06-30,97.07,32794.92,,,1591.7,,,,,,,2026-06-29,97.39,71.63,68.64,94.27,79.91,64.73,94.27,90.36,41.88,4.14,0,5,6.9,2.9,2.2
SELL,292,CBRL,2026-06-30,53.56,55262.86,2026-06-16,43.15,1192.3,1479.94,575286.39,573806.45,24.06,9,rotation (out of top-N),2026-06-29,53.24,41.94,32.63,53.69,47.7,36.62,53.69,52.09,63.17,2.97,21,5,6.6,1.7,2.7
SELL,293,PENG,2026-06-30,67.58,47957.12,2026-06-23,61.67,1478.76,1620.47,283426.57,281806.1,9.53,5,rotation (out of top-N),2026-06-29,61.38,54.19,29.26,68.03,64.97,55.23,68.03,64.2,109.76,5.64,70,5,6.8,-0.2,0.8
SELL,294,SEZL,2026-06-30,169.07,19849.1,2026-06-23,149.0,1478.76,1677.99,398470.62,396792.63,13.42,5,rotation (out of top-N),2026-06-29,183.37,134.68,82.93,170.56,156.5,120.46,170.56,164.67,121.11,3.46,56,5,6.4,1.1,1.8
BUY,300,CRDO,2026-07-07,251.55,12870.54,,,1618.79,,,,,,,2026-07-06,257.78,227.28,162.59,265.33,257.52,227.79,265.33,242.66,58.54,8.54,70,5,6.8,-0.1,0.8
BUY,298,FBRX,2026-07-07,20.58,157316.99,,,1618.79,,,,,,,2026-07-06,43.96,25.37,23.85,20.42,20.08,20.06,20.42,19.48,84.3,4.62,0,5,8.0,2.0,2.0
BUY,299,SEZL,2026-07-07,180.5,17936.75,,,1618.79,,,,,,,2026-07-06,179.25,142.78,85.28,179.14,168.36,129.62,179.14,171.18,110.2,4.44,63,5,6.9,-0.0,1.0
SELL,297,AGL,2026-07-07,108.44,27782.03,2026-06-30,114.58,1591.7,1506.34,-170720.54,-172226.89,-5.41,4,rotation (out of top-N),2026-07-06,115.21,94.77,38.32,107.61,109.96,94.73,107.61,103.61,200.65,3.71,63,5,6.4,-0.0,1.5
SELL,296,FROG,2026-07-07,98.25,35756.52,2026-06-30,89.03,1591.7,1756.54,329675.15,327918.61,10.3,4,rotation (out of top-N),2026-07-06,90.72,79.81,59.29,98.09,88.97,78.4,98.09,94.85,53.01,3.31,56,5,5.9,1.4,1.9
SELL,295,MNPR,2026-07-07,97.33,32794.92,2026-06-30,97.07,1591.7,1595.97,8526.68,6930.72,0.22,4,rotation (out of top-N),2026-07-06,106.31,77.93,68.8,98.01,88.95,68.64,98.01,96.09,54.54,1.96,7,5,5.9,2.2,3.6
BUY,302,AGL,2026-07-14,114.72,26001.22,,,1491.49,,,,,,,2026-07-13,128.43,100.89,40.94,115.92,112.61,101.02,115.92,110.8,213.68,4.42,70,5,6.8,-0.2,0.9
BUY,301,MNPR,2026-07-14,100.71,29619.6,,,1491.49,,,,,,,2026-07-13,110.3,83.82,69.31,102.65,97.49,73.54,102.65,98.93,59.13,3.63,14,5,7.1,1.8,2.3
BUY,303,PENG,2026-07-14,79.12,37702.09,,,1491.49,,,,,,,2026-07-13,60.33,58.9,31.51,77.2,72.91,62.58,77.2,71.4,91.47,7.52,84,5,6.6,-0.4,0.6
SELL,285,ALAB,2026-07-14,392.03,8795.98,2026-05-19,211.62,930.68,1724.14,1586926.16,1585202.02,85.16,37,rotation (out of top-N),2026-07-13,303.21,336.66,204.32,361.89,402.19,359.01,359.56,338.21,48.4,5.94,70,5,6.3,0.4,0.8
SELL,290,COOK,2026-07-14,68.59,33262.55,2026-06-16,71.69,1192.3,1140.74,-103113.92,-104254.66,-4.37,18,rotation (out of top-N),2026-07-13,66.51,65.09,49.31,69.19,71.0,65.57,69.19,63.76,34.89,7.85,42,5,6.0,2.6,1.3
SELL,300,CRDO,2026-07-14,250.44,12870.54,2026-07-07,251.55,1618.79,1611.65,-14286.3,-15897.95,-0.49,5,rotation (out of top-N),2026-07-13,202.23,222.72,164.18,236.7,253.96,235.05,236.7,223.28,23.18,5.67,77,4.64,4.9,1.6,1.4
BUY,304,MAN,2026-07-21,53.5,39247.57,,,1049.87,,,,,,,2026-07-20,51.34,39.95,31.02,53.12,44.65,35.36,53.12,50.99,65.52,4.0,42,5,7.0,1.3,1.6
SELL,303,PENG,2026-07-21,55.63,37702.09,2026-07-14,79.12,1491.49,1048.68,-885622.12,-886670.8,-29.72,5,rotation (out of top-N),2026-07-20,53.79,57.97,32.31,53.18,66.99,64.94,53.18,48.63,66.5,8.55,91,5,6.5,-0.5,0.5
BUY,305,SAFT,2026-07-28,103.16,23755.76,,,1225.32,,,,,,,2026-07-27,103.25,83.51,75.25,103.43,83.62,74.44,103.03,98.22,37.22,4.66,28,5,6.4,2.7,1.5
BUY,306,TWST,2026-07-28,85.96,28509.13,,,1225.32,,,,,,,2026-07-27,92.69,85.37,53.87,89.81,91.82,86.25,86.38,81.53,72.06,5.62,203,5,6,-1,0.0
SELL,304,MAN,2026-07-28,54.59,39247.57,2026-07-21,53.5,1049.87,1071.26,42779.85,41708.59,1.99,5,rotation (out of top-N),2026-07-27,52.6,42.25,31.54,52.67,49.02,38.21,53.63,52.33,66.75,2.43,49,5,5.8,1.2,2.6
SELL,299,SEZL,2026-07-28,154.02,17936.75,2026-07-07,180.5,1618.79,1381.31,-474965.19,-476346.5,-14.71,15,rotation (out of top-N),2026-07-27,158.6,151.17,91.75,153.56,166.5,154.97,156.78,153.18,72.86,2.29,84,5,5.1,-0.4,2.1
BUY,307,BAX,2026-08-04,27.82,179102.0,,,2490.86,,,,,,,2026-08-03,28.11,22.43,19.52,27.65,24.87,22.0,28.11,26.9,44.04,4.31,35,5,6.5,2.2,1.5
BUY,310,CORT,2026-08-04,113.45,43909.23,,,2490.86,,,,,,,2026-08-03,112.8,88.93,62.3,109.19,101.44,88.93,112.8,105.62,81.07,6.36,56,5,7.1,1.1,1.1
BUY,308,SNOW,2026-08-04,307.01,16226.58,,,2490.86,,,,,,,2026-08-03,330.4,262.14,209.24,310.53,285.26,257.62,307.54,296.49,57.9,3.59,42,5,6.6,1.4,1.9
BUY,309,TNET,2026-08-04,69.05,72146.59,,,2490.86,,,,,,,2026-08-03,70.48,57.25,49.8,69.42,66.1,54.7,70.48,66.92,41.52,5.05,21,5,6.7,2.6,1.6
SELL,302,AGL,2026-08-04,92.27,26001.22,2026-07-14,114.72,1491.49,1199.57,-583857.29,-585056.86,-19.61,15,rotation (out of top-N),2026-08-03,94.03,98.88,46.51,92.79,99.98,109.37,94.03,89.83,102.19,4.47,91,5,6.5,-0.5,0.5
SELL,298,FBRX,2026-08-04,76.71,157316.99,2026-07-07,20.58,1618.79,6033.89,8830202.86,8824168.97,272.55,20,rotation (out of top-N),2026-08-03,76.6,48.2,28.96,76.7,68.32,36.22,76.6,76.43,164.49,0.23,28,5,4.7,1.5,4.4
SELL,305,SAFT,2026-08-04,103.22,23755.76,2026-07-28,103.16,1225.32,1226.04,1425.35,199.31,0.01,5,rotation (out of top-N),2026-08-03,103.19,87.09,76.16,103.46,96.04,78.73,103.19,103.02,35.48,0.17,35,5,3.3,2.6,4.3
SELL,306,TWST,2026-08-04,106.12,28509.13,2026-07-28,85.96,1225.32,1512.69,574744.02,573231.33,23.39,5,rotation (out of top-N),2026-08-03,100.85,88.19,55.57,96.48,91.5,88.78,100.85,96.0,81.47,4.8,210,5,6,-1,0.0
BUY,312,CSW,2026-08-05,351.52,14422.4,,,2534.88,,,,,,,2026-08-04,350.18,303.72,287.79,347.04,312.57,284.81,349.02,332.88,21.68,4.62,1,4.34,6.1,3.9,2.8
BUY,311,HPE,2026-08-05,52.27,96991.83,,,2534.88,,,,,,,2026-08-04,53.01,46.71,31.19,51.14,47.91,46.83,52.4,50.06,69.95,4.45,127,5,6.0,-1,0.0
SELL,308,SNOW,2026-08-05,318.05,16226.58,2026-08-04,307.01,2490.86,2580.43,179141.44,176561.01,3.54,1,rotation (out of top-N),2026-08-04,330.4,262.14,209.24,313.76,290.44,259.51,316.62,306.87,57.9,3.08,43,5,6.2,1.4,2.2
SELL,309,TNET,2026-08-05,69.01,72146.59,2026-08-04,69.05,2490.86,2489.42,-2885.86,-5375.28,-0.11,1,rotation (out of top-N),2026-08-04,70.48,57.25,49.8,69.8,66.77,55.3,69.56,66.93,41.52,3.78,22,5,6.2,2.6,2.1
BUY,313,BXC,2026-08-06,74.15,66564.72,,,2467.89,,,,,,,2026-08-05,69.21,61.0,60.26,69.69,59.8,57.34,73.05,69.44,14.85,4.94,0,2.97,5.7,4.3,3.5
BUY,314,CBRL,2026-08-06,57.87,85290.73,,,2467.89,,,,,,,2026-08-05,58.09,52.29,35.99,58.0,55.97,50.69,58.75,57.29,61.37,2.48,58,5,5.7,1.0,2.4
BUY,315,HNGE,2026-08-06,79.24,62288.92,,,2467.89,,,,,,,2026-08-05,84.11,76.98,54.66,84.71,79.25,78.24,80.73,76.58,53.88,5.14,79,5,6.4,-0.0,0.7
SELL,307,BAX,2026-08-06,27.45,179102.0,2026-08-04,27.82,2490.86,2458.62,-64476.72,-66935.34,-1.34,2,rotation (out of top-N),2026-08-05,27.23,24.07,19.98,27.25,25.71,22.41,27.33,26.46,36.32,3.19,37,5,5.3,2.6,2.3
SELL,312,CSW,2026-08-06,340.88,14422.4,2026-08-05,351.52,2534.88,2458.19,-153382.26,-155840.45,-3.07,1,rotation (out of top-N),2026-08-05,340.52,310.41,290.03,342.34,317.98,286.69,345.35,331.58,17.41,3.99,2,3.48,5.5,4.1,3.6
SELL,311,HPE,2026-08-06,51.38,96991.83,2026-08-05,52.27,2534.88,2491.72,-86322.73,-88814.45,-1.75,1,rotation (out of top-N),2026-08-05,53.01,46.71,31.19,53.54,48.94,46.92,53.21,51.21,69.95,3.76,128,5,5.5,-1,0.5
BUY,318,AEHR,2026-08-07,102.35,43226.23,,,2212.1,,,,,,,2026-08-06,95.39,92.14,61.83,95.99,88.99,88.5,99.68,90.74,54.27,8.97,395,5,5.7,-0.7,0.0
BUY,317,CRL,2026-08-07,262.56,16850.26,,,2212.1,,,,,,,2026-08-06,260.26,230.52,193.77,262.94,241.3,219.02,265.7,255.58,34.31,3.81,38,5,5.6,2.7,1.8
BUY,316,ELF,2026-08-07,92.23,47969.25,,,2212.1,,,,,,,2026-08-06,90.28,80.82,74.8,91.92,84.49,73.92,92.36,88.26,20.69,4.44,3,4.14,5.9,3.9,2.9
SELL,314,CBRL,2026-08-07,57.41,85290.73,2026-08-06,57.87,2467.89,2448.27,-39233.73,-41682.0,-0.84,1,rotation (out of top-N),2026-08-06,57.94,53.31,36.78,57.87,56.32,51.23,58.18,57.06,57.53,1.93,59,5,5.2,1.1,2.7
SELL,310,CORT,2026-08-07,108.11,43909.23,2026-08-04,113.45,2490.86,2373.51,-234694.86,-237068.37,-4.76,3,rotation (out of top-N),2026-08-06,110.06,98.74,64.93,108.72,105.27,91.6,107.88,105.56,69.5,2.15,59,5,5.5,1.0,2.6
SELL,301,MNPR,2026-08-07,122.72,29619.6,2026-07-14,100.71,1491.49,1817.46,651927.29,650109.83,21.79,18,rotation (out of top-N),2026-08-06,115.83,103.21,73.43,120.0,112.87,95.56,120.05,116.73,57.74,2.77,38,5,6.1,1.5,2.5
BUY,320,MNPR,2026-08-11,116.69,42194.79,,,2461.75,,,,,,,2026-08-10,116.02,105.54,74.03,118.12,114.74,98.5,116.02,113.07,56.72,2.54,42,5,5.8,1.5,2.6
BUY,321,P,2026-08-11,105.06,46863.69,,,2461.75,,,,,,,2026-08-10,98.02,80.78,72.87,95.96,83.79,76.01,98.02,94.11,34.51,3.98,21,5,6.0,2.9,2.0
BUY,319,QLYS,2026-08-11,186.2,26441.99,,,2461.75,,,,,,,2026-08-10,185.73,144.83,119.96,182.09,166.19,142.83,185.73,180.87,54.83,2.62,35,5,5.9,1.7,2.7
SELL,317,CRL,2026-08-11,275.01,16850.26,2026-08-07,262.56,2212.1,2317.04,209869.99,207552.96,4.69,2,rotation (out of top-N),2026-08-10,276.61,238.9,196.23,268.71,250.15,223.07,276.61,272.24,40.96,1.58,42,5,4.4,2.3,3.2
SELL,316,ELF,2026-08-11,94.51,47969.25,2026-08-07,92.23,2212.1,2266.79,109369.9,107103.11,2.42,2,rotation (out of top-N),2026-08-10,95.3,83.45,75.28,95.22,88.52,75.8,95.3,92.1,26.6,3.36,7,5,5.5,3.6,3.0
SELL,315,HNGE,2026-08-11,90.08,62288.92,2026-08-06,79.24,2467.89,2805.49,675211.94,672406.44,13.62,3,rotation (out of top-N),2026-08-10,91.58,80.03,56.57,89.51,82.6,79.95,91.58,88.67,61.91,3.18,84,5,5.7,-0.4,1.5
BUY,323,CRWV,2026-08-18,102.08,50181.28,,,2561.38,,,,,,,2026-08-17,105.97,91.16,91.03,105.97,97.08,87.25,105.57,101.15,16.42,4.19,0,3.28,5.6,4.2,3.6
BUY,324,NBIS,2026-08-18,268.82,19056.45,,,2561.38,,,,,,,2026-08-17,268.83,216.46,154.03,268.83,232.47,217.01,268.82,258.71,74.53,3.76,441,5,5.5,-1,0.5
BUY,322,TEAM,2026-08-18,159.22,32173.06,,,2561.38,,,,,,,2026-08-17,158.4,112.45,104.32,158.4,143.86,101.86,158.4,155.37,51.84,1.91,0,5,5.9,2.4,3.7
SELL,313,BXC,2026-08-18,84.32,66564.72,2026-08-06,74.15,2467.89,2806.37,676963.25,674156.88,13.66,8,rotation (out of top-N),2026-08-17,85.44,72.07,62.14,85.44,81.79,63.75,85.44,84.2,37.49,1.45,12,5,4.6,2.9,3.8
SELL,320,MNPR,2026-08-18,115.07,42194.79,2026-08-11,116.69,2461.75,2427.68,-68144.58,-70572.26,-1.43,5,rotation (out of top-N),2026-08-17,116.03,107.44,74.79,116.03,113.89,104.81,116.03,113.59,55.13,2.1,49,5,5.3,1.4,2.8
SELL,319,QLYS,2026-08-18,185.62,26441.99,2026-08-11,186.2,2461.75,2454.08,-15336.35,-17790.44,-0.36,5,rotation (out of top-N),2026-08-17,183.21,151.8,120.95,183.21,179.52,152.19,183.21,179.72,51.48,1.9,42,5,5.1,1.7,3.0
BUY,325,IESC,2026-08-24,335.92,68237.41,,,11461.16,,,,,,,2026-08-21,342.52,660.69,578.81,685.44,720.79,677.33,685.44,671.07,-40.82,2.1,466,-8.16,-0.6,4.0,8.7
SELL,318,AEHR,2026-08-24,95.84,43226.23,2026-08-07,102.35,2212.1,2071.4,-281402.74,-283474.14,-6.41,11,rotation (out of top-N),2026-08-21,145.56,103.95,66.94,101.64,112.46,91.64,101.64,98.2,117.46,3.39,410,5,5.3,-1,0.7
SELL,323,CRWV,2026-08-24,85.14,50181.28,2026-08-18,102.08,2561.38,2136.34,-850070.84,-852207.18,-16.64,4,rotation (out of top-N),2026-08-21,105.97,91.16,91.03,87.84,93.32,85.9,87.84,85.67,16.42,2.47,4,3.28,4.4,4.1,4.6
SELL,324,NBIS,2026-08-24,210.61,19056.45,2026-08-18,268.82,2561.38,2006.74,-1109276.13,-1111282.87,-21.69,4,rotation (out of top-N),2026-08-21,268.83,216.46,154.03,219.01,228.57,212.88,219.01,211.65,74.53,3.36,445,5,5.2,-1,0.8
SELL,321,P,2026-08-24,107.01,46863.69,2026-08-11,105.06,2461.75,2507.44,91384.19,88876.74,1.81,9,rotation (out of top-N),2026-08-21,117.14,87.39,73.68,108.48,108.32,84.91,108.48,106.7,58.98,1.64,32,5,5.5,1.5,3.4
SELL,322,TEAM,2026-08-24,170.75,32173.06,2026-08-18,159.22,2561.38,2746.86,370955.4,368208.54,7.19,4,rotation (out of top-N),2026-08-21,158.4,112.45,104.32,171.81,159.09,111.01,171.81,167.85,51.84,2.31,4,5,6.1,2.3,3.4
BUY,326,MNPR,2026-08-25,113.11,39828.52,,,2252.5,,,,,,,2026-08-24,112.07,108.28,75.58,112.07,115.08,109.01,112.07,108.21,48.28,3.45,56,5,5.8,1.7,1.8
BUY,330,MRNA,2026-08-25,144.03,31278.23,,,2252.5,,,,,,,2026-08-24,138.82,74.11,53.55,138.82,109.49,72.41,138.82,128.24,159.23,7.62,252,5,6,-1,0.0
BUY,327,PAYC,2026-08-25,229.76,19607.01,,,2252.5,,,,,,,2026-08-24,229.78,179.2,144.76,229.78,217.47,170.91,229.78,227.27,58.73,1.09,21,5,5.3,1.7,3.9
BUY,329,SMCI,2026-08-25,36.15,124636.99,,,2252.5,,,,,,,2026-08-24,36.08,32.47,31.27,35.15,36.08,30.56,35.15,33.78,15.38,3.89,7,3.08,5.2,4.1,3.8
BUY,328,TEAM,2026-08-25,171.26,26305.06,,,2252.5,,,,,,,2026-08-24,171.26,123.15,104.95,171.31,161.31,113.32,171.31,167.87,63.19,2.01,7,5,6.2,1.9,3.5
SELL,325,IESC,2026-08-25,330.26,68237.41,2026-08-24,335.92,11461.16,11268.04,-386223.77,-397491.81,-1.73,1,rotation (out of top-N),2026-08-24,324.02,599.47,576.67,324.02,648.65,667.53,324.02,263.77,-43.81,18.59,469,-8.76,0.8,4.2,7.4
BUY,331,FBRX,2026-08-27,76.99,297360.2,,,11446.88,,,,,,,2026-08-26,76.99,69.82,39.03,77.0,76.63,61.17,77.0,76.98,97.24,0.02,51,5,4.2,1.2,4.1
SELL,326,MNPR,2026-08-27,114.6,39828.52,2026-08-25,113.11,2252.5,2282.17,59344.49,57062.32,1.27,2,rotation (out of top-N),2026-08-26,112.07,108.28,75.58,113.72,114.74,110.05,113.72,111.93,48.28,1.57,58,5,4.5,1.6,3.0
SELL,330,MRNA,2026-08-27,144.11,31278.23,2026-08-25,144.03,2252.5,2253.75,2502.26,248.51,0.01,2,rotation (out of top-N),2026-08-26,138.82,74.11,53.55,149.73,122.39,76.39,149.73,142.8,159.23,4.63,254,5,6,-1,0.0
SELL,327,PAYC,2026-08-27,233.37,19607.01,2026-08-25,229.76,2252.5,2287.84,70683.26,68395.42,1.52,2,rotation (out of top-N),2026-08-26,229.78,179.2,144.76,232.21,221.98,176.14,232.21,229.89,58.73,1.0,23,5,5.2,1.7,4.0
SELL,329,SMCI,2026-08-27,38.6,124636.99,2026-08-25,36.15,2252.5,2405.49,305983.8,303578.31,6.74,2,rotation (out of top-N),2026-08-26,36.08,32.47,31.27,37.41,36.49,30.92,37.41,36.53,15.38,2.37,9,3.08,4.2,4.1,4.7
SELL,328,TEAM,2026-08-27,169.05,26305.06,2026-08-25,171.26,2252.5,2223.43,-58134.17,-60357.61,-1.34,2,rotation (out of top-N),2026-08-26,171.26,123.15,104.95,168.42,164.08,117.89,168.42,165.58,63.19,1.68,9,5,6.0,1.8,3.7
BUY,332,ANF,2026-09-01,142.22,32179.9,,,2288.23,,,,,,,2026-08-31,149.82,114.06,97.62,143.04,129.64,106.25,143.04,140.37,53.47,1.87,28,5,5.5,1.9,3.3
BUY,333,ESTC,2026-09-01,96.0,47669.02,,,2288.23,,,,,,,2026-08-31,97.52,75.98,62.61,97.52,87.71,71.85,97.52,92.25,55.75,5.4,27,5,7.3,1.8,1.6
BUY,336,MRNA,2026-09-01,139.4,32829.73,,,2288.23,,,,,,,2026-08-31,140.4,86.16,56.21,140.4,130.37,81.08,140.4,135.47,149.77,3.51,259,5,5.3,-1,0.7
BUY,335,TEAM,2026-09-01,191.01,23959.29,,,2288.23,,,,,,,2026-08-31,194.11,136.05,106.06,194.11,175.55,125.72,194.11,190.2,83.02,2.02,14,5,6.1,1.8,3.4
BUY,334,VEEV,2026-09-01,282.17,16218.82,,,2288.23,,,,,,,2026-08-31,285.6,224.22,194.33,285.6,262.03,219.32,285.6,280.34,46.96,1.84,21,5,5.2,2.3,3.4
SELL,331,FBRX,2026-09-01,76.99,297360.2,2026-08-27,76.99,11446.88,11446.88,0.0,-11446.88,-0.05,3,rotation (out of top-N),2026-08-31,76.99,69.82,39.03,76.99,76.75,63.96,77.0,77.0,97.24,0.0,56,5,4.1,1.1,4.1
BUY,337,APGE,2026-09-03,135.07,168721.01,,,11394.57,,,,,,,2026-09-02,135.07,132.16,99.06,135.08,134.92,134.42,135.08,135.05,36.36,0.02,331,5,1.8,0.2,3.0
SELL,332,ANF,2026-09-03,137.97,32179.9,2026-09-01,142.22,2288.23,2219.85,-136764.56,-138984.41,-3.04,2,rotation (out of top-N),2026-09-02,149.82,114.06,97.62,139.89,133.15,108.86,136.58,135.07,53.47,1.11,30,5,4.9,1.8,3.8
SELL,333,ESTC,2026-09-03,92.15,47669.02,2026-09-01,96.0,2288.23,2196.35,-183764.07,-185960.42,-4.06,2,rotation (out of top-N),2026-09-02,97.52,75.98,62.61,92.94,89.36,73.5,89.55,88.1,55.75,1.61,29,5,5.4,1.7,3.4
SELL,336,MRNA,2026-09-03,145.94,32829.73,2026-09-01,139.4,2288.23,2395.67,214870.57,212474.9,4.64,2,rotation (out of top-N),2026-09-02,140.4,86.16,56.21,154.6,138.31,84.96,150.82,146.22,149.77,3.05,261,5,5.0,-1,1.0
SELL,335,TEAM,2026-09-03,191.46,23959.29,2026-09-01,191.01,2288.23,2293.62,10781.68,8488.06,0.19,2,rotation (out of top-N),2026-09-02,194.11,136.05,106.06,187.91,179.54,130.76,186.51,183.76,83.02,1.48,16,5,5.7,1.7,3.7
SELL,334,VEEV,2026-09-03,282.98,16218.82,2026-09-01,282.17,2288.23,2294.76,13056.15,10761.39,0.24,2,rotation (out of top-N),2026-09-02,285.6,224.22,194.33,278.04,267.54,223.74,280.83,278.6,46.96,0.79,23,5,4.5,2.3,4.1
SELL,337,APGE,2026-09-08,135.08,168721.01,2026-09-03,135.07,11394.57,,1687.21,1687.21,0.01,2,end-of-sample mark-to-market,,,,,,,,,,,,,,,,
