kind,trade_id,symbol,exec_date,exec_price,shares,buy_date,buy_price,buy_fee,sell_fee,gross_pnl,net_pnl,net_return_pct,hold_days,exit_reason,sig_sig_date,sig_sig_w_close,sig_sig_w_ema,sig_sig_w_sma,sig_sig_d_close,sig_sig_d_ema,sig_sig_d_sma,sig_sig_h_close,sig_sig_h_atr,sig_gap_w,sig_atr_dist,sig_freshness_days,sig_emasma_score,sig_mtf_score,sig_early_score,sig_near_score
BUY,1,TSLA,2023-07-05,279.0,358.24,,,49.98,,,,,,,2023-07-03,274.44,234.04,190.46,279.9,259.26,216.79,279.01,271.76,44.1,2.6,28,5,5.5,2.3,2.8
BUY,4,APP,2023-07-11,27.24,0.2,,,0.0,,,,,,,2023-07-10,28.15,23.99,16.67,27.07,25.71,24.18,27.07,26.46,68.84,2.25,63,5,5.4,-0.0,2.5
BUY,8,CCL,2023-07-11,19.12,0.29,,,0.0,,,,,,,2023-07-10,17.06,15.0,10.7,19.09,17.92,13.85,19.09,18.66,59.39,2.27,161,5,4.5,-1.0,1.5
BUY,5,COHR,2023-07-11,52.66,0.11,,,0.0,,,,,,,2023-07-10,50.45,45.22,38.55,51.78,49.85,41.11,51.78,50.38,30.85,2.71,28,5,4.9,3.0,2.7
BUY,6,COIN,2023-07-11,80.89,0.07,,,0.0,,,,,,,2023-07-10,105.42,71.8,58.77,81.21,74.24,61.84,81.21,77.82,79.38,4.17,119,5,5.8,-1.0,0.2
BUY,10,CVNA,2023-07-11,6.92,0.8,,,0.0,,,,,,,2023-07-10,7.54,4.62,2.36,6.85,5.44,3.81,6.85,6.24,219.35,9.01,35,5,7.4,1.4,1.4
BUY,3,DDOG,2023-07-11,102.08,0.05,,,0.0,,,,,,,2023-07-10,108.5,94.79,79.24,101.42,97.9,95.04,101.42,98.06,36.93,3.32,49,5,5.2,2.3,2.0
BUY,2,HOOD,2023-07-11,11.46,0.48,,,0.0,,,,,,,2023-07-10,12.38,10.2,9.66,11.21,10.45,9.45,11.21,10.85,28.12,3.21,7,5,5.4,3.5,2.9
BUY,7,PLTR,2023-07-11,16.5,0.34,,,0.0,,,,,,,2023-07-10,16.4,14.04,9.33,16.3,15.41,14.02,16.3,15.78,75.75,3.19,91,5,5.6,-0.5,1.4
BUY,9,SMCI,2023-07-11,27.49,0.2,,,0.0,,,,,,,2023-07-10,29.51,22.69,12.34,26.98,24.95,21.6,26.98,25.97,139.17,3.75,448,5,5.5,-1,0.5
BUY,11,NVDA,2023-07-18,46.67,0.11,,,0.0,,,,,,,2023-07-17,44.3,40.26,25.64,46.42,44.01,40.1,46.37,45.01,72.8,2.94,182,5,5.0,-1,1.0
SELL,5,COHR,2023-07-18,49.67,0.11,2023-07-11,52.66,0.0,0.0,-0.31,-0.32,-5.72,5,rotation (out of top-N),2023-07-17,46.02,45.37,38.94,51.1,50.57,43.91,51.1,49.89,18.18,2.38,35,3.64,3.9,3.5,4.0
BUY,12,META,2023-07-25,292.94,0.02,,,0.0,,,,,,,2023-07-24,322.74,284.41,194.53,289.34,298.71,282.15,289.07,281.68,65.91,2.56,161,5,4.7,-1,1.3
SELL,3,DDOG,2023-07-25,115.73,0.05,2023-07-11,102.08,0.0,0.0,0.74,0.74,13.31,10,rotation (out of top-N),2023-07-24,112.17,100.21,80.85,111.53,109.22,99.86,111.53,109.26,38.74,2.03,63,5,4.2,1.0,2.6
BUY,14,DDOG,2023-08-01,114.88,165.93,,,9.53,,,,,,,2023-07-31,107.48,101.53,81.51,116.72,111.68,102.24,116.72,113.58,31.87,2.69,70,5,4.2,1.2,2.0
BUY,15,DLR,2023-08-01,113.67,167.7,,,9.53,,,,,,,2023-07-31,110.02,104.06,94.89,114.34,110.2,102.7,113.58,109.35,15.94,3.72,42,3.19,4.6,3.5,3.2
BUY,13,LYV,2023-08-01,87.39,218.13,,,9.53,,,,,,,2023-07-31,87.73,88.51,76.87,87.75,93.73,90.47,87.75,81.65,14.13,6.95,70,2.83,4.5,2.1,2.4
BUY,17,TROW,2023-08-01,108.21,176.16,,,9.53,,,,,,,2023-07-31,101.19,100.91,98.35,107.91,105.47,99.86,106.63,102.63,2.89,3.75,21,0.58,4.3,4.5,4.9
BUY,16,VRT,2023-08-01,25.41,750.18,,,9.53,,,,,,,2023-07-31,35.55,25.39,17.01,25.94,25.71,23.91,25.93,25.34,108.99,2.28,273,5,4.5,-1,1.5
SELL,8,CCL,2023-08-01,18.02,0.29,2023-07-11,19.12,0.0,0.0,-0.32,-0.32,-5.8,15,rotation (out of top-N),2023-07-31,17.0,16.18,11.43,18.64,17.95,16.48,18.64,18.32,48.77,1.73,182,5,3.6,-0.4,1.8
SELL,2,HOOD,2023-08-01,12.67,0.48,2023-07-11,11.46,0.0,0.0,0.59,0.58,10.5,15,rotation (out of top-N),2023-07-31,11.28,11.08,9.79,12.87,12.54,10.88,12.87,12.57,15.19,2.31,28,3.04,3.8,3.8,4.5
SELL,12,META,2023-08-01,314.8,0.02,2023-07-25,292.94,0.0,0.0,0.47,0.47,7.41,5,rotation (out of top-N),2023-07-31,308.26,288.74,199.77,316.1,305.98,287.96,315.81,310.26,54.3,1.76,168,5,3.9,-0.7,1.8
SELL,11,NVDA,2023-08-01,46.4,0.11,2023-07-18,46.67,0.0,0.0,-0.03,-0.03,-0.63,10,rotation (out of top-N),2023-07-31,44.65,42.02,27.26,46.7,45.73,42.84,46.65,45.92,63.77,1.57,196,5,4.0,-1,2.0
SELL,1,TSLA,2023-08-01,266.25,358.24,2023-07-05,279.0,49.98,47.69,-4567.61,-4615.3,-4.62,19,rotation (out of top-N),2023-07-31,253.76,250.32,195.22,267.53,267.66,260.76,267.53,261.81,29.99,2.14,56,5,4.0,2.6,2.6
BUY,21,CCL,2023-08-08,17.54,990.37,,,8.69,,,,,,,2023-08-07,16.61,16.26,11.62,17.85,17.67,17.11,17.85,17.37,42.94,2.71,189,5,4.0,-0.1,1.2
BUY,20,ERIE,2023-08-08,261.97,66.31,,,8.69,,,,,,,2023-08-07,278.57,227.12,226.13,263.27,234.55,206.72,263.27,258.33,23.19,1.88,0,4.64,4.4,3.8,4.4
BUY,19,MPC,2023-08-08,130.34,133.28,,,8.69,,,,,,,2023-08-07,140.73,120.47,113.37,131.65,125.97,113.67,131.65,129.56,24.13,1.58,14,4.83,4.0,3.6,4.3
BUY,18,WBD,2023-08-08,14.29,1215.62,,,8.69,,,,,,,2023-08-07,13.71,13.07,12.94,14.48,13.26,12.85,14.48,13.97,5.94,3.54,7,1.19,4.5,4.6,4.9
SELL,14,DDOG,2023-08-08,84.58,165.93,2023-08-01,114.88,9.53,7.02,-5027.69,-5034.71,-26.41,5,rotation (out of top-N),2023-08-07,89.39,99.32,81.98,106.31,109.31,103.54,106.31,102.52,9.04,3.57,77,1.81,3.5,2.3,3.4
SELL,15,DLR,2023-08-08,110.22,167.7,2023-08-01,113.67,9.53,9.24,-578.55,-587.8,-3.08,5,rotation (out of top-N),2023-08-07,110.33,105.2,95.51,110.86,110.9,104.78,110.13,108.47,15.52,1.51,49,3.1,3.0,3.4,4.6
SELL,13,LYV,2023-08-08,88.89,218.13,2023-08-01,87.39,9.53,9.7,328.28,318.59,1.67,5,rotation (out of top-N),2023-08-07,86.61,88.17,77.26,89.18,89.79,91.02,89.18,87.29,12.09,2.12,77,2.42,2.7,2.1,4.1
SELL,17,TROW,2023-08-08,99.9,176.16,2023-08-01,108.21,9.53,8.8,-1463.87,-1472.67,-7.73,5,rotation (out of top-N),2023-08-07,98.25,100.43,98.62,102.01,103.71,100.62,100.8,99.47,-0.38,1.32,28,-0.08,2.4,4.6,6.7
BUY,22,APA,2023-08-15,39.65,273.64,,,5.42,,,,,,,2023-08-14,39.75,35.61,35.02,40.12,38.58,33.83,40.12,39.47,13.5,1.63,0,2.7,3.8,4.3,5.6
BUY,23,VLO,2023-08-15,122.6,88.5,,,5.42,,,,,,,2023-08-14,123.53,115.43,114.34,126.22,122.12,111.07,126.22,124.1,8.03,1.68,0,1.61,3.5,4.6,6.1
BUY,24,VTRS,2023-08-15,9.75,1112.48,,,5.42,,,,,,,2023-08-14,9.9,9.23,9.09,9.84,9.64,9.08,9.84,9.72,8.92,1.22,0,1.78,3.3,4.6,6.3
SELL,21,CCL,2023-08-15,16.46,990.37,2023-08-08,17.54,8.69,8.15,-1069.6,-1077.75,-6.2,5,rotation (out of top-N),2023-08-14,15.43,16.11,11.75,16.65,17.21,17.39,16.65,16.27,31.32,2.27,196,5,3.1,0.4,1.5
SELL,6,COIN,2023-08-15,81.05,0.07,2023-07-11,80.89,0.0,0.0,0.01,0.01,0.15,25,rotation (out of top-N),2023-08-14,73.2,79.97,61.74,80.83,86.19,84.78,80.83,78.74,18.56,2.59,154,3.71,2.7,1.1,2.4
SELL,18,WBD,2023-08-15,13.36,1215.62,2023-08-08,14.29,8.69,8.12,-1130.52,-1138.64,-6.55,5,rotation (out of top-N),2023-08-14,12.78,13.02,12.96,13.54,13.66,12.89,13.54,13.23,-1.46,2.25,14,-0.29,3.2,4.8,6.4
BUY,25,BLDR,2023-08-22,133.98,27.35,,,1.83,,,,,,,2023-08-21,129.19,134.7,99.93,132.77,141.45,141.23,132.77,129.32,29.27,2.6,252,5,3.2,0.5,1.3
BUY,27,NVDA,2023-08-22,48.08,76.21,,,1.83,,,,,,,2023-08-21,45.97,42.77,29.37,46.93,44.15,44.03,46.87,45.7,56.53,2.49,217,5,4.5,-0.8,1.3
BUY,26,REGN,2023-08-22,834.16,4.39,,,1.83,,,,,,,2023-08-21,823.49,771.97,754.62,837.95,796.41,741.46,837.95,821.7,9.13,1.94,14,1.83,3.5,4.3,5.6
SELL,7,PLTR,2023-08-22,14.8,0.34,2023-07-11,16.5,0.0,0.0,-0.57,-0.57,-10.32,30,rotation (out of top-N),2023-08-21,14.52,15.23,10.55,14.49,15.37,16.38,14.49,14.05,37.69,3.1,133,5,4.0,0.1,0.9
SELL,9,SMCI,2023-08-22,25.85,0.2,2023-07-11,27.49,0.0,0.0,-0.33,-0.33,-6.01,30,rotation (out of top-N),2023-08-21,25.39,26.26,15.57,25.26,26.73,28.5,25.26,24.39,63.04,3.43,490,5,5.3,-1,0.7
SELL,24,VTRS,2023-08-22,9.87,1112.48,2023-08-15,9.75,5.42,5.49,126.82,121.33,1.12,5,rotation (out of top-N),2023-08-21,9.74,9.33,9.1,9.88,9.8,9.2,9.88,9.75,7.06,1.39,7,1.41,3.2,4.5,6.3
BUY,28,DELL,2023-08-29,54.57,151.68,,,4.14,,,,,,,2023-08-28,65.07,53.58,43.41,54.59,53.65,52.25,54.59,53.72,49.89,1.59,140,5,3.6,-0.5,1.9
BUY,29,HAL,2023-08-29,36.39,227.46,,,4.14,,,,,,,2023-08-28,37.33,35.4,33.21,36.33,36.45,35.78,36.18,35.53,12.39,1.81,28,2.48,3.4,3.9,5.1
BUY,30,HAS,2023-08-29,62.81,131.78,,,4.14,,,,,,,2023-08-28,64.76,58.38,52.38,62.87,59.59,57.42,62.87,61.59,23.64,2.04,70,4.73,3.4,1.7,3.1
SELL,25,BLDR,2023-08-29,131.79,27.35,2023-08-22,133.98,1.83,1.8,-59.76,-61.56,-1.68,5,rotation (out of top-N),2023-08-28,148.72,137.25,102.14,132.86,135.75,141.08,132.86,128.58,45.61,3.22,259,5,4.4,-0.3,0.9
SELL,20,ERIE,2023-08-29,265.7,66.31,2023-08-08,261.97,8.69,8.81,247.34,238.53,1.37,15,rotation (out of top-N),2023-08-28,270.07,246.34,227.76,267.42,267.3,232.24,267.42,265.66,18.58,0.66,21,3.72,3.0,3.7,5.4
SELL,26,REGN,2023-08-29,825.91,4.39,2023-08-22,834.16,1.83,1.81,-36.24,-38.05,-1.04,5,rotation (out of top-N),2023-08-28,824.92,781.59,757.02,823.37,815.71,755.01,823.37,818.76,8.97,0.56,21,1.79,2.5,4.2,6.4
BUY,32,CF,2023-09-12,76.68,121.08,,,4.64,,,,,,,2023-09-11,77.07,73.68,72.09,76.77,75.23,74.0,76.77,75.46,6.91,1.71,7,1.38,3.4,4.5,6.1
BUY,31,SW,2023-09-12,33.45,277.56,,,4.64,,,,,,,2023-09-11,33.86,30.54,29.04,31.56,30.65,30.02,31.56,30.94,16.58,1.95,14,3.32,3.9,3.9,4.8
BUY,33,TSLA,2023-09-12,270.75,34.29,,,4.64,,,,,,,2023-09-11,274.44,249.24,203.32,273.63,253.21,252.17,273.77,266.06,34.98,2.82,98,5,4.0,0.6,1.5
SELL,22,APA,2023-09-12,39.12,273.64,2023-08-15,39.65,5.42,5.35,-145.03,-150.38,-1.39,19,rotation (out of top-N),2023-09-11,38.12,37.56,34.93,38.53,39.46,37.82,38.53,37.87,9.12,1.71,28,1.82,3.1,4.1,5.5
SELL,29,HAL,2023-09-12,39.47,227.46,2023-08-29,36.39,4.14,4.49,700.56,696.08,8.41,9,rotation (out of top-N),2023-09-11,39.68,36.7,33.51,38.92,37.94,36.73,38.76,38.18,18.41,1.49,42,3.68,3.2,3.4,4.5
SELL,30,HAS,2023-09-12,62.12,131.78,2023-08-29,62.81,4.14,4.09,-90.93,-95.02,-1.15,9,rotation (out of top-N),2023-09-11,59.05,59.08,52.77,62.06,62.64,58.94,62.06,61.45,11.9,0.99,84,2.38,1.9,2.0,4.8
BUY,34,ERIE,2023-09-19,279.62,22.17,,,3.1,,,,,,,2023-09-18,279.17,258.57,228.96,276.67,272.54,257.63,276.67,274.39,21.93,0.82,42,4.39,2.9,3.2,4.6
BUY,35,PGR,2023-09-19,128.88,48.1,,,3.1,,,,,,,2023-09-18,131.06,123.22,122.54,128.63,126.01,120.03,128.63,126.74,6.95,1.47,0,1.39,3.3,4.7,6.3
SELL,27,NVDA,2023-09-19,43.79,76.21,2023-08-22,48.08,1.83,1.67,-326.93,-328.6,-8.97,19,rotation (out of top-N),2023-09-18,41.57,43.62,32.19,43.93,45.34,45.49,43.88,42.83,29.15,2.4,245,5,3.1,0.5,1.5
SELL,33,TSLA,2023-09-19,264.2,34.29,2023-09-12,270.75,4.64,4.53,-224.44,-228.97,-2.47,5,rotation (out of top-N),2023-09-18,244.85,248.45,205.68,265.27,264.29,251.09,265.27,258.5,19.04,2.55,105,3.81,2.9,1.3,2.6
BUY,37,TPL,2023-09-26,200.61,31.25,,,3.13,,,,,,,2023-09-25,198.5,191.43,189.03,200.81,199.01,195.46,200.81,197.15,5.01,1.82,0,1.0,3.5,4.7,6.3
BUY,36,WSM,2023-09-26,74.73,83.88,,,3.13,,,,,,,2023-09-25,74.39,67.53,60.3,74.85,69.27,66.87,74.85,72.74,23.37,2.81,91,4.67,3.5,1.3,2.3
SELL,34,ERIE,2023-09-26,282.74,22.17,2023-09-19,279.62,3.1,3.13,69.17,66.04,1.07,5,rotation (out of top-N),2023-09-25,281.56,262.75,229.47,283.35,277.57,267.4,283.35,281.97,22.7,0.49,49,4.54,2.6,3.0,4.6
SELL,35,PGR,2023-09-26,130.45,48.1,2023-09-19,128.88,3.1,3.14,75.52,72.38,1.17,5,rotation (out of top-N),2023-09-25,127.32,123.97,122.77,130.26,128.85,122.04,130.26,128.97,3.71,0.99,7,0.74,2.7,4.7,6.9
BUY,39,ERIE,2023-10-03,280.86,30.76,,,4.32,,,,,,,2023-10-02,291.73,268.02,230.91,279.04,280.97,273.07,279.04,276.84,26.34,0.79,56,5,2.9,2.7,3.9
BUY,42,HAL,2023-10-03,37.13,232.69,,,4.32,,,,,,,2023-10-02,36.46,37.07,33.68,37.47,38.58,37.91,37.31,36.36,8.26,2.55,63,1.65,3.1,2.5,4.4
BUY,38,JBL,2023-10-03,127.39,67.82,,,4.32,,,,,,,2023-10-02,129.24,113.2,93.53,128.14,115.31,108.36,128.14,125.85,38.17,1.79,357,5,3.1,0.1,1.8
BUY,41,META,2023-10-03,301.9,28.62,,,4.32,,,,,,,2023-10-02,312.95,297.0,240.82,304.39,299.33,296.79,304.11,297.4,29.95,2.21,231,5,3.0,0.5,1.5
BUY,40,PGR,2023-10-03,127.84,67.58,,,4.32,,,,,,,2023-10-02,130.7,125.19,123.08,127.15,128.23,123.55,127.15,125.61,6.19,1.21,14,1.24,2.9,4.5,6.3
BUY,43,TSLA,2023-10-03,248.63,34.75,,,4.32,,,,,,,2023-10-02,260.52,250.91,212.29,251.61,251.12,248.4,251.75,244.92,22.72,2.71,119,4.54,3.0,0.9,1.9
SELL,10,CVNA,2023-10-03,7.79,0.8,2023-07-11,6.92,0.0,0.0,0.7,0.69,12.49,59,rotation (out of top-N),2023-10-02,7.53,8.31,4.46,7.85,8.48,8.86,7.85,7.47,68.97,4.84,119,5,6.0,-1.0,0.0
SELL,28,DELL,2023-10-03,65.64,151.68,2023-08-29,54.57,4.14,4.98,1679.09,1674.11,20.23,24,rotation (out of top-N),2023-10-02,63.38,61.17,46.87,64.64,65.53,60.26,64.64,63.68,35.21,1.49,175,5,2.8,0.2,2.0
SELL,19,MPC,2023-10-03,140.17,133.28,2023-08-08,130.34,8.69,9.34,1310.1,1300.76,7.49,39,rotation (out of top-N),2023-10-02,135.3,136.86,119.86,141.84,143.97,140.11,141.84,139.23,12.88,1.84,70,2.58,2.7,2.2,4.3
SELL,37,TPL,2023-10-03,189.99,31.25,2023-09-26,200.61,3.13,2.97,-331.85,-334.82,-5.34,5,rotation (out of top-N),2023-10-02,193.66,191.84,187.62,188.16,197.81,199.24,188.16,183.78,3.22,2.33,7,0.64,3.6,4.7,6.0
SELL,23,VLO,2023-10-03,125.66,88.5,2023-08-15,122.6,5.42,5.56,270.81,265.25,2.44,34,rotation (out of top-N),2023-10-02,116.95,124.29,116.63,127.65,131.98,127.05,127.65,124.94,0.27,2.13,49,0.05,2.6,4.2,5.7
SELL,36,WSM,2023-10-03,73.7,83.88,2023-09-26,74.73,3.13,3.09,-86.4,-89.49,-1.43,5,rotation (out of top-N),2023-10-02,74.4,68.78,60.81,73.78,72.35,67.8,73.78,72.6,22.34,1.6,98,4.47,2.6,1.2,3.1
BUY,50,AMGN,2023-10-10,247.63,31.47,,,3.9,,,,,,,2023-10-09,261.23,241.81,221.34,249.62,245.54,240.96,249.62,245.97,18.02,1.46,49,3.6,3.1,3.3,4.4
BUY,46,CNC,2023-10-10,70.66,110.28,,,3.9,,,,,,,2023-10-09,71.06,67.93,67.71,70.87,69.42,66.45,70.87,70.04,4.94,1.17,0,0.99,3.0,4.8,6.7
BUY,49,CRWD,2023-10-10,181.57,42.91,,,3.9,,,,,,,2023-10-09,185.69,166.46,140.13,181.79,169.56,160.79,181.79,176.44,32.51,2.94,140,5,3.6,0.4,1.0
BUY,45,CVX,2023-10-10,148.39,52.51,,,3.9,,,,,,,2023-10-09,145.92,145.47,143.0,148.28,147.49,146.05,148.28,145.1,2.04,2.15,28,0.41,3.1,4.4,5.9
BUY,47,GD,2023-10-10,227.88,34.19,,,3.9,,,,,,,2023-10-09,231.39,213.22,209.26,227.06,212.06,210.74,227.06,221.47,10.58,2.46,0,2.12,4.2,4.5,5.3
BUY,48,PLTR,2023-10-10,18.07,431.21,,,3.9,,,,,,,2023-10-09,17.39,15.81,12.09,17.61,15.96,15.22,17.61,16.81,43.81,4.56,182,5,5.2,-0.2,0.0
BUY,44,SMCI,2023-10-10,29.5,264.14,,,3.9,,,,,,,2023-10-09,28.51,27.06,18.83,29.01,27.74,26.42,29.01,28.09,51.41,3.18,539,5,4.7,-0.6,0.9
SELL,4,APP,2023-10-10,41.7,0.2,2023-07-11,27.24,0.0,0.0,2.95,2.94,53.01,64,rotation (out of top-N),2023-10-09,38.53,38.24,24.56,40.84,40.11,40.5,40.84,39.95,56.9,2.16,154,5,4.3,-0.8,1.6
SELL,39,ERIE,2023-10-10,296.26,30.76,2023-10-03,280.86,4.32,4.56,473.72,469.17,5.43,5,rotation (out of top-N),2023-10-09,295.18,272.96,232.34,294.85,287.15,275.42,294.85,293.19,27.05,0.56,63,5,2.7,1.6,3.9
SELL,42,HAL,2023-10-10,38.87,232.69,2023-10-03,37.13,4.32,4.52,404.87,400.35,4.63,5,rotation (out of top-N),2023-10-09,39.98,37.6,33.74,38.93,37.68,37.82,38.76,37.8,18.48,2.47,70,3.7,3.4,1.9,3.3
SELL,41,META,2023-10-10,316.75,28.62,2023-10-03,301.9,4.32,4.53,424.97,420.44,4.87,5,rotation (out of top-N),2023-10-09,312.24,299.77,245.4,315.93,305.07,296.86,315.64,309.3,27.24,2.01,238,5,2.7,0.6,1.9
SELL,40,PGR,2023-10-10,131.26,67.58,2023-10-03,127.84,4.32,4.44,231.13,226.69,2.62,5,rotation (out of top-N),2023-10-09,141.82,128.22,123.55,131.1,129.52,125.29,131.1,129.91,14.79,0.91,21,2.96,3.0,3.9,5.6
SELL,31,SW,2023-10-10,34.26,277.56,2023-09-12,33.45,4.64,4.75,224.83,220.07,2.37,20,rotation (out of top-N),2023-10-09,34.24,32.17,29.17,33.74,33.32,31.73,33.74,33.33,17.38,1.22,42,3.48,3.0,3.4,4.8
SELL,43,TSLA,2023-10-10,257.91,34.75,2023-10-03,248.63,4.32,4.48,322.29,317.81,3.68,5,rotation (out of top-N),2023-10-09,251.19,250.96,215.75,259.68,255.79,249.82,259.68,253.57,16.43,2.35,126,3.29,2.4,1.2,2.8
BUY,54,ALL,2023-10-17,118.21,72.17,,,4.27,,,,,,,2023-10-16,116.34,107.71,107.21,118.02,110.03,104.54,118.02,115.19,8.51,2.39,0,1.7,4.0,4.6,5.6
BUY,55,CI,2023-10-17,297.84,28.64,,,4.27,,,,,,,2023-10-16,292.72,277.54,263.85,297.82,283.02,272.84,296.11,290.63,10.94,1.85,35,2.19,3.2,3.9,5.1
BUY,52,HUM,2023-10-17,508.34,16.78,,,4.27,,,,,,,2023-10-16,504.46,476.22,472.18,507.45,485.81,468.38,506.26,495.37,6.84,2.15,0,1.37,3.8,4.7,5.9
BUY,53,NOC,2023-10-17,466.42,18.29,,,4.27,,,,,,,2023-10-16,464.33,430.75,428.05,467.2,444.49,418.8,467.2,460.02,8.48,1.54,0,1.7,3.4,4.6,6.1
BUY,51,PGR,2023-10-17,144.52,59.03,,,4.27,,,,,,,2023-10-16,141.62,130.65,124.04,143.73,134.4,127.25,143.73,140.16,14.17,2.48,28,2.83,3.9,3.8,4.5
SELL,50,AMGN,2023-10-17,262.48,31.47,2023-10-10,247.63,3.9,4.13,467.28,463.15,5.94,5,rotation (out of top-N),2023-10-16,256.37,244.46,221.67,263.78,255.02,243.25,263.78,259.96,15.65,1.45,56,3.13,2.8,3.3,4.5
SELL,32,CF,2023-10-17,79.26,121.08,2023-09-12,76.68,4.64,4.8,312.39,307.59,3.31,25,rotation (out of top-N),2023-10-16,77.84,76.65,71.69,79.08,78.93,76.53,79.08,77.95,8.58,1.43,42,1.72,2.7,3.9,5.5
SELL,49,CRWD,2023-10-17,185.47,42.91,2023-10-10,181.57,3.9,3.98,167.37,163.39,2.1,5,rotation (out of top-N),2023-10-16,178.76,168.7,142.11,187.67,180.49,165.57,187.67,184.4,25.79,1.74,147,5,2.5,0.7,2.3
SELL,45,CVX,2023-10-17,146.66,52.51,2023-10-10,148.39,3.9,3.85,-90.84,-94.69,-1.22,5,rotation (out of top-N),2023-10-16,148.43,146.01,142.87,147.06,146.33,146.49,147.06,145.4,3.89,1.13,35,0.78,2.4,4.2,6.3
SELL,38,JBL,2023-10-17,134.98,67.82,2023-10-03,127.39,4.32,4.58,514.76,510.18,5.91,10,rotation (out of top-N),2023-10-16,124.32,118.49,96.41,136.47,132.03,115.29,136.47,134.06,28.95,1.76,371,5,2.6,0.6,1.9
BUY,58,CF,2023-10-24,76.24,108.49,,,4.14,,,,,,,2023-10-23,75.01,76.35,71.57,75.33,78.54,77.53,75.33,73.74,4.81,2.11,49,0.96,2.8,3.9,5.3
BUY,56,GL,2023-10-24,109.47,75.56,,,4.14,,,,,,,2023-10-23,109.67,108.79,108.7,108.8,110.17,108.49,108.8,107.48,0.89,1.21,0,0.18,2.9,5.0,7.1
BUY,59,HAL,2023-10-24,38.71,213.67,,,4.14,,,,,,,2023-10-23,37.31,37.85,33.73,39.24,39.6,38.61,39.07,38.08,10.61,2.52,84,2.12,2.8,2.1,3.9
BUY,57,TPL,2023-10-24,200.73,41.21,,,4.14,,,,,,,2023-10-23,195.56,196.12,184.73,200.94,204.04,199.54,200.94,196.78,5.87,2.07,28,1.17,3.2,4.2,5.6
SELL,55,CI,2023-10-24,291.05,28.64,2023-10-17,297.84,4.27,4.17,-194.49,-198.66,-2.33,5,rotation (out of top-N),2023-10-23,289.59,279.73,263.83,287.41,289.44,276.24,285.75,282.42,9.76,1.16,42,1.95,2.6,3.8,5.5
SELL,46,CNC,2023-10-24,72.31,110.28,2023-10-10,70.66,3.9,3.99,182.52,178.53,2.29,10,rotation (out of top-N),2023-10-23,67.5,68.44,67.37,70.86,71.31,68.26,70.86,70.07,0.2,1.12,14,0.04,2.5,4.8,7.0
SELL,52,HUM,2023-10-24,503.58,16.78,2023-10-17,508.34,4.27,4.23,-79.88,-84.11,-0.99,5,rotation (out of top-N),2023-10-23,493.61,479.38,472.55,499.05,496.87,472.91,497.88,493.55,4.46,0.87,7,0.89,2.7,4.7,6.9
SELL,51,PGR,2023-10-24,141.18,59.03,2023-10-17,144.52,4.27,4.17,-197.16,-201.33,-2.36,5,rotation (out of top-N),2023-10-23,140.09,132.37,124.63,140.48,139.82,130.16,140.48,139.0,12.4,1.05,35,2.48,2.7,3.8,5.5
BUY,61,AOS,2023-10-31,66.82,177.05,,,5.92,,,,,,,2023-10-30,68.3,65.46,65.16,66.31,64.69,64.46,66.31,65.3,4.81,1.53,0,0.96,3.3,4.8,6.5
BUY,62,DECK,2023-10-31,98.17,120.51,,,5.92,,,,,,,2023-10-30,99.47,89.36,81.9,97.4,87.48,85.87,97.4,93.39,21.45,4.12,434,4.29,3.8,0.9,1.1
BUY,60,HII,2023-10-31,205.57,57.55,,,5.92,,,,,,,2023-10-30,220.97,205.77,201.07,205.36,204.79,199.92,205.36,203.05,9.89,1.12,21,1.98,2.9,4.2,5.9
BUY,64,TMUS,2023-10-31,135.54,87.28,,,5.92,,,,,,,2023-10-30,141.04,134.42,134.23,135.39,134.5,133.91,135.39,133.3,5.08,1.54,0,1.02,3.3,4.7,6.5
BUY,63,WM,2023-10-31,157.08,75.31,,,5.92,,,,,,,2023-10-30,161.99,154.3,154.06,156.77,154.15,151.69,156.1,154.5,5.15,1.03,0,1.03,2.9,4.7,6.8
SELL,58,CF,2023-10-31,76.05,108.49,2023-10-24,76.24,4.14,4.13,-20.61,-24.74,-0.3,5,rotation (out of top-N),2023-10-30,76.58,76.4,71.56,76.24,76.69,77.95,76.24,74.83,7.01,1.85,56,1.4,2.7,3.7,5.1
SELL,56,GL,2023-10-31,112.69,75.56,2023-10-24,109.47,4.14,4.26,243.29,239.03,2.89,5,rotation (out of top-N),2023-10-30,114.66,109.85,108.66,110.94,110.19,108.61,110.94,109.98,5.52,0.86,7,1.1,2.7,4.6,6.8
SELL,59,HAL,2023-10-31,36.73,213.67,2023-10-24,38.71,4.14,3.92,-423.07,-426.99,-5.16,5,rotation (out of top-N),2023-10-30,37.95,37.87,33.74,37.15,38.23,38.73,37.0,36.29,12.49,1.92,91,2.5,2.4,1.9,4.0
SELL,44,SMCI,2023-10-31,23.48,264.14,2023-10-10,29.5,3.9,3.1,-1590.1,-1593.2,-20.45,15,rotation (out of top-N),2023-10-30,25.48,26.07,20.12,23.67,25.53,26.8,23.67,22.87,26.61,3.37,560,5,3.6,0.7,1.1
SELL,16,VRT,2023-10-31,37.83,750.18,2023-08-01,25.41,9.53,14.19,9317.24,9303.05,48.8,64,rotation (out of top-N),2023-10-30,40.28,37.06,24.61,38.13,37.55,38.07,38.12,36.97,63.66,3.02,364,5,5.0,-1,1.0
BUY,66,COIN,2023-11-07,85.9,124.02,,,5.33,,,,,,,2023-11-06,92.92,80.22,71.22,86.43,80.35,76.85,86.43,82.03,30.48,5.09,238,5,4.5,0.5,0.0
BUY,69,CRWD,2023-11-07,191.0,55.77,,,5.33,,,,,,,2023-11-06,196.33,177.15,148.02,186.84,181.47,174.33,186.84,182.35,32.64,2.4,168,5,3.2,0.4,1.4
BUY,67,DHI,2023-11-07,115.75,92.03,,,5.33,,,,,,,2023-11-06,119.28,109.11,106.54,114.53,106.8,104.28,114.53,112.05,11.96,2.17,7,2.39,3.9,4.3,5.2
BUY,68,EXPE,2023-11-07,110.57,96.35,,,5.33,,,,,,,2023-11-06,117.26,104.46,102.11,110.31,99.64,99.52,110.31,104.98,14.83,4.83,0,2.97,5.7,4.3,3.5
BUY,65,GDDY,2023-11-07,86.41,123.28,,,5.33,,,,,,,2023-11-06,87.6,77.91,74.81,86.59,77.84,74.84,86.59,83.69,17.1,3.35,7,3.42,5.0,4.0,3.9
BUY,72,IT,2023-11-07,397.11,26.83,,,5.33,,,,,,,2023-11-06,411.76,363.55,339.35,392.54,353.78,349.73,392.54,374.93,21.34,4.49,168,4.27,4.1,0.9,0.9
BUY,70,LEN,2023-11-07,104.6,101.85,,,5.33,,,,,,,2023-11-06,107.47,100.47,98.76,104.5,98.47,97.53,104.5,102.41,8.82,2.0,7,1.76,3.7,4.4,5.7
BUY,71,VRT,2023-11-07,39.86,267.26,,,5.33,,,,,,,2023-11-06,41.7,37.9,25.29,39.63,39.0,38.17,39.62,38.4,64.88,3.08,371,5,5.1,-1,0.9
SELL,61,AOS,2023-11-07,67.31,177.05,2023-10-31,66.82,5.92,5.96,86.75,80.79,0.68,5,rotation (out of top-N),2023-11-06,69.43,66.18,65.27,67.84,66.65,64.46,67.84,66.92,6.37,1.36,7,1.27,3.1,4.6,6.3
SELL,62,DECK,2023-11-07,102.49,120.51,2023-10-31,98.17,5.92,6.18,520.6,514.42,4.35,5,rotation (out of top-N),2023-11-06,105.43,92.28,82.81,102.04,95.55,87.38,102.04,100.62,27.31,1.39,441,5,2.3,0.6,2.3
SELL,47,GD,2023-11-07,231.7,34.19,2023-10-10,227.88,3.9,3.96,130.62,126.66,1.63,20,rotation (out of top-N),2023-11-06,231.9,222.06,210.35,232.31,229.66,219.14,232.31,231.02,10.24,0.55,28,2.05,2.4,4.0,6.1
SELL,60,HII,2023-11-07,220.39,57.55,2023-10-31,205.57,5.92,6.34,852.88,846.53,7.16,5,rotation (out of top-N),2023-11-06,217.24,207.85,201.47,221.47,212.73,201.92,221.47,219.43,7.83,0.92,28,1.57,2.5,4.1,6.1
SELL,53,NOC,2023-11-07,449.83,18.29,2023-10-17,466.42,4.27,4.11,-303.44,-307.56,-3.61,15,rotation (out of top-N),2023-11-06,442.72,438.32,430.31,449.98,452.17,435.92,449.98,446.11,2.88,0.86,21,0.58,2.4,4.5,6.8
SELL,64,TMUS,2023-11-07,141.23,87.28,2023-10-31,135.54,5.92,6.16,496.64,490.48,4.15,5,rotation (out of top-N),2023-11-06,141.24,135.66,134.29,140.94,137.99,134.96,140.94,139.59,5.18,0.95,7,1.04,2.8,4.6,6.7
SELL,57,TPL,2023-11-07,183.72,41.21,2023-10-24,200.73,4.14,3.79,-700.91,-704.69,-8.52,10,rotation (out of top-N),2023-11-06,176.38,192.74,181.57,191.81,197.27,198.45,191.81,187.46,-2.86,2.27,42,-0.57,2.7,4.4,6.1
SELL,63,WM,2023-11-07,163.06,75.31,2023-10-31,157.08,5.92,6.14,450.38,444.24,3.76,5,rotation (out of top-N),2023-11-06,165.51,156.34,154.6,163.11,158.48,152.9,162.41,161.22,7.05,0.73,7,1.41,2.7,4.5,6.7
BUY,75,APP,2023-11-14,42.65,250.72,,,5.35,,,,,,,2023-11-13,39.13,39.09,27.88,41.4,40.1,39.05,41.4,39.58,40.33,4.37,189,5,4.9,-0.0,0.1
BUY,76,GEN,2023-11-14,18.28,584.9,,,5.35,,,,,,,2023-11-13,19.7,17.64,17.26,17.89,17.38,16.77,17.89,17.63,14.14,1.45,0,2.83,3.7,4.3,5.6
BUY,73,QCOM,2023-11-14,120.57,88.68,,,5.35,,,,,,,2023-11-13,122.6,110.7,109.7,117.32,112.69,105.98,116.89,115.23,11.76,1.42,0,2.35,3.5,4.4,5.9
BUY,74,SWK,2023-11-14,78.62,135.99,,,5.35,,,,,,,2023-11-13,82.9,77.79,76.85,76.02,76.52,74.5,75.21,74.18,7.87,1.36,0,1.57,3.3,4.6,6.3
SELL,54,ALL,2023-11-14,122.32,72.17,2023-10-17,118.21,4.27,4.41,296.62,292.2,3.43,20,rotation (out of top-N),2023-11-13,126.79,116.37,107.49,122.59,121.9,114.07,122.59,121.67,17.95,0.75,28,3.59,2.9,3.6,5.2
SELL,69,CRWD,2023-11-14,204.0,55.77,2023-11-07,191.0,5.33,5.69,725.07,719.38,6.75,5,rotation (out of top-N),2023-11-13,207.07,182.59,150.47,201.06,190.51,177.65,201.06,197.59,37.62,1.72,175,5,3.0,0.1,1.9
SELL,72,IT,2023-11-14,417.28,26.83,2023-11-07,397.11,5.33,5.6,541.09,535.49,5.03,5,rotation (out of top-N),2023-11-13,417.77,373.41,341.11,414.52,387.56,356.34,414.52,410.77,22.47,0.9,175,4.49,1.7,0.9,3.2
SELL,70,LEN,2023-11-14,111.62,101.85,2023-11-07,104.6,5.33,5.68,714.95,709.27,6.66,5,rotation (out of top-N),2023-11-13,112.2,102.6,99.34,107.6,103.7,98.08,107.6,106.36,12.94,1.16,14,2.59,3.2,4.1,5.7
BUY,77,KEY,2023-11-21,10.57,1049.04,,,5.54,,,,,,,2023-11-20,10.63,9.87,9.83,10.7,10.22,9.35,10.7,10.54,8.18,1.52,0,1.64,3.4,4.6,6.2
BUY,79,MPWR,2023-11-21,534.03,20.76,,,5.54,,,,,,,2023-11-20,538.16,486.98,478.9,540.75,511.42,461.14,540.75,535.44,12.37,0.98,0,2.47,3.3,4.4,6.1
BUY,78,SMCI,2023-11-21,29.85,371.47,,,5.54,,,,,,,2023-11-20,28.58,27.0,21.56,30.47,27.98,27.09,30.47,29.66,32.56,2.67,581,5,3.4,0.4,1.2
SELL,67,DHI,2023-11-21,124.44,92.03,2023-11-07,115.75,5.33,5.73,799.78,794.05,7.45,10,rotation (out of top-N),2023-11-20,124.18,114.13,108.08,125.12,120.83,107.38,125.12,123.96,14.89,0.92,21,2.98,3.0,3.9,5.5
SELL,73,QCOM,2023-11-21,120.03,88.68,2023-11-14,120.57,5.35,5.32,-47.89,-53.21,-0.5,5,rotation (out of top-N),2023-11-20,121.13,112.6,109.76,122.67,118.68,108.3,122.22,121.13,10.36,0.89,7,2.07,3.0,4.4,6.3
SELL,74,SWK,2023-11-21,82.21,135.99,2023-11-14,78.62,5.35,5.59,488.22,482.63,4.51,5,rotation (out of top-N),2023-11-20,82.64,78.67,76.96,82.8,80.04,75.12,81.92,81.13,7.38,0.96,7,1.48,2.9,4.5,6.5
BUY,82,CRWD,2023-11-28,208.26,50.88,,,5.3,,,,,,,2023-11-27,235.03,196.32,155.83,210.01,205.75,187.66,210.01,206.82,50.83,1.52,189,5,3.6,-0.5,2.0
BUY,80,FITB,2023-11-28,24.72,428.67,,,5.3,,,,,,,2023-11-27,27.91,24.34,23.78,24.8,24.55,22.87,24.8,24.53,17.36,1.08,0,3.47,3.6,4.1,5.5
BUY,81,USB,2023-11-28,32.9,322.09,,,5.3,,,,,,,2023-11-27,35.29,31.92,30.7,32.97,32.74,30.15,32.97,32.56,14.96,1.24,7,2.99,3.5,4.1,5.6
SELL,75,APP,2023-11-28,39.43,250.72,2023-11-14,42.65,5.35,4.94,-806.06,-811.01,-7.59,9,rotation (out of top-N),2023-11-27,38.26,39.01,29.1,39.37,39.58,39.2,39.37,38.65,31.49,1.83,203,5,2.8,0.4,1.8
SELL,79,MPWR,2023-11-28,535.07,20.76,2023-11-21,534.03,5.54,5.55,21.59,16.04,0.14,4,rotation (out of top-N),2023-11-27,549.49,498.35,480.86,537.88,524.89,470.54,537.88,532.59,14.27,0.98,7,2.85,3.3,4.2,5.8
SELL,78,SMCI,2023-11-28,29.1,371.47,2023-11-21,29.85,5.54,5.4,-278.6,-284.01,-2.56,4,rotation (out of top-N),2023-11-27,26.97,27.0,21.99,29.06,28.45,27.35,29.06,28.27,22.66,2.7,588,4.53,2.9,0.9,1.9
BUY,84,BXP,2023-12-05,55.02,201.2,,,5.54,,,,,,,2023-12-04,56.04,51.17,48.96,55.73,50.75,48.38,55.73,53.96,14.45,3.17,7,2.89,4.7,4.2,4.3
BUY,86,CVNA,2023-12-05,7.73,1432.83,,,5.54,,,,,,,2023-12-04,8.04,7.02,5.52,8.01,6.74,6.45,8.01,7.36,45.65,8.13,182,5,5.3,-0.3,0.0
BUY,83,SYF,2023-12-05,32.2,343.79,,,5.54,,,,,,,2023-12-04,33.64,29.97,29.43,32.37,30.12,28.1,32.37,31.67,14.31,2.16,0,2.86,4.2,4.3,5.1
BUY,85,UBER,2023-12-05,57.99,190.9,,,5.54,,,,,,,2023-12-04,61.73,52.53,42.72,58.65,56.09,49.02,58.65,56.97,44.48,2.86,329,5,4.1,-0.2,1.1
SELL,65,GDDY,2023-12-05,102.67,123.28,2023-11-07,86.41,5.33,6.33,2005.22,1998.89,18.76,19,rotation (out of top-N),2023-12-04,104.33,89.74,76.88,103.19,97.67,84.07,103.19,101.89,35.71,1.26,35,5,4.0,2.6,3.6
SELL,76,GEN,2023-12-05,21.23,584.9,2023-11-14,18.28,5.35,6.21,1725.45,1719.24,16.08,14,rotation (out of top-N),2023-12-04,21.11,19.13,17.41,21.43,20.51,17.84,21.43,21.1,21.22,1.55,21,4.24,3.7,3.6,4.5
SELL,48,PLTR,2023-12-05,18.27,431.21,2023-10-10,18.07,3.9,3.94,84.09,80.15,1.03,39,rotation (out of top-N),2023-12-04,17.77,18.21,14.2,18.41,19.54,18.14,18.41,17.64,25.1,4.16,238,5,4.0,0.7,0.7
SELL,81,USB,2023-12-05,35.26,322.09,2023-11-28,32.9,5.3,5.68,760.14,754.46,7.12,5,rotation (out of top-N),2023-12-04,36.23,32.7,30.59,35.38,33.92,30.9,35.38,34.82,18.42,1.59,14,3.68,3.7,3.8,4.9
BUY,87,CFG,2023-12-12,26.78,464.57,,,6.22,,,,,,,2023-12-11,30.49,25.67,24.78,26.88,25.99,23.65,26.88,26.49,23.06,1.44,0,4.61,4.1,3.8,4.7
BUY,88,HOOD,2023-12-12,11.81,1053.45,,,6.22,,,,,,,2023-12-11,11.67,9.96,9.92,11.72,10.5,9.16,11.72,11.29,17.63,3.64,0,3.53,5.3,4.1,3.8
BUY,89,NCLH,2023-12-12,18.41,675.6,,,6.22,,,,,,,2023-12-11,20.35,16.57,16.15,18.43,17.29,14.67,18.43,18.08,25.97,1.86,0,5,4.5,3.7,4.2
BUY,90,XYZ,2023-12-12,69.06,180.16,,,6.22,,,,,,,2023-12-11,74.23,60.23,60.03,68.61,65.78,53.48,68.61,67.07,23.66,2.25,0,4.73,4.7,3.8,4.1
SELL,82,CRWD,2023-12-12,244.57,50.88,2023-11-28,208.26,5.3,6.22,1847.55,1841.32,17.38,10,rotation (out of top-N),2023-12-11,260.06,214.78,162.24,246.91,235.3,202.64,246.91,243.4,60.29,1.42,203,5,3.9,-1,2.1
SELL,68,EXPE,2023-12-12,144.49,96.35,2023-11-07,110.57,5.33,6.96,3268.06,3261.1,30.61,24,rotation (out of top-N),2023-12-11,144.21,127.05,106.48,146.51,139.1,117.4,146.51,144.4,35.43,1.44,35,5,4.1,2.6,3.5
SELL,83,SYF,2023-12-12,33.75,343.79,2023-12-05,32.2,5.54,5.8,532.88,527.07,4.76,5,rotation (out of top-N),2023-12-11,35.4,30.96,29.57,33.78,32.14,28.77,33.78,33.34,19.73,1.29,7,3.95,3.7,3.9,5.1
SELL,85,UBER,2023-12-12,61.94,190.9,2023-12-05,57.99,5.54,5.91,754.04,748.13,6.76,5,rotation (out of top-N),2023-12-11,61.94,54.24,43.5,62.46,59.2,50.89,62.46,61.41,42.41,1.68,336,5,3.2,-0.1,1.9
BUY,91,EXPE,2023-12-19,146.66,94.35,,,6.92,,,,,,,2023-12-18,153.44,131.85,108.01,146.68,142.68,123.37,146.68,144.53,42.06,1.47,42,5,4.4,2.2,3.3
BUY,92,LEN,2023-12-19,130.57,105.97,,,6.92,,,,,,,2023-12-18,129.74,116.37,103.9,129.62,125.74,110.33,129.62,125.62,24.88,3.08,49,4.98,4.5,2.9,2.6
SELL,87,CFG,2023-12-19,29.9,464.57,2023-12-12,26.78,6.22,6.95,1449.46,1442.51,11.59,5,rotation (out of top-N),2023-12-18,30.03,26.47,24.86,29.92,28.25,24.46,29.92,29.34,20.8,1.93,7,4.16,4.2,3.8,4.5
SELL,80,FITB,2023-12-19,32.16,428.67,2023-11-28,24.72,5.3,6.89,3189.33,3182.44,30.03,15,rotation (out of top-N),2023-12-18,31.47,27.28,24.07,31.99,29.71,25.17,31.99,31.51,30.73,1.51,21,5,4.2,3.1,3.6
BUY,96,BA,2024-01-09,225.47,57.05,,,6.43,,,,,,,2024-01-08,217.69,234.31,214.89,229.04,248.22,236.48,229.04,220.99,1.3,3.52,35,0.26,3.8,4.4,4.9
BUY,97,CRWD,2024-01-09,265.35,48.48,,,6.43,,,,,,,2024-01-08,283.39,241.13,175.05,261.28,252.08,234.85,261.28,256.79,61.89,1.72,231,5,4.1,-1,1.9
BUY,95,DOC,2024-01-09,16.81,765.23,,,6.43,,,,,,,2024-01-08,17.81,16.14,15.87,17.08,16.77,15.42,17.0,16.65,12.26,2.03,0,2.45,4.0,4.4,5.4
BUY,93,DXCM,2024-01-09,128.73,99.93,,,6.43,,,,,,,2024-01-08,124.98,116.87,112.81,129.62,123.77,115.79,129.62,126.77,10.79,2.2,14,2.16,3.8,4.2,5.2
BUY,94,EPAM,2024-01-09,295.74,43.5,,,6.43,,,,,,,2024-01-08,308.15,280.73,252.45,297.67,292.3,272.33,297.67,292.6,22.06,1.7,28,4.41,3.8,3.4,4.2
BUY,98,VTRS,2024-01-09,10.42,1234.51,,,6.43,,,,,,,2024-01-08,10.51,9.53,8.82,10.54,10.13,8.99,10.54,10.3,19.16,2.24,28,3.83,4.0,3.6,4.1
SELL,84,BXP,2024-01-09,62.33,201.2,2023-12-05,55.02,5.54,6.27,1470.78,1464.51,13.23,23,rotation (out of top-N),2024-01-08,62.11,58.17,51.2,63.04,62.22,55.53,63.04,61.8,21.31,1.97,42,4.26,3.7,3.2,3.9
SELL,91,EXPE,2024-01-09,146.75,94.35,2023-12-19,146.66,6.92,6.92,8.49,1.57,0.01,13,rotation (out of top-N),2024-01-08,146.77,138.65,112.15,147.84,146.74,139.22,147.84,145.51,30.87,1.58,63,5,3.5,1.4,2.9
SELL,88,HOOD,2024-01-09,12.24,1053.45,2023-12-12,11.81,6.22,6.45,458.25,451.8,3.63,18,rotation (out of top-N),2024-01-08,11.03,11.09,10.2,12.43,12.31,10.6,12.43,12.07,8.1,2.86,28,1.62,3.8,4.1,4.8
SELL,92,LEN,2024-01-09,130.24,105.97,2023-12-19,130.57,6.92,6.9,-34.97,-41.87,-0.3,13,rotation (out of top-N),2024-01-08,133.56,123.14,106.96,131.38,129.49,120.92,131.38,129.58,24.87,1.37,70,4.97,3.0,1.6,3.4
SELL,89,NCLH,2024-01-09,17.42,675.6,2023-12-12,18.41,6.22,5.88,-672.22,-678.11,-5.45,18,rotation (out of top-N),2024-01-08,16.75,17.65,16.75,17.76,18.62,17.27,17.76,17.32,0.02,2.46,28,0.0,3.2,4.5,5.9
SELL,90,XYZ,2024-01-09,68.76,180.16,2023-12-12,69.06,6.22,6.19,-53.15,-59.34,-0.48,18,rotation (out of top-N),2024-01-08,66.47,66.14,60.44,69.31,71.63,66.68,69.31,67.87,9.97,2.08,28,1.99,3.4,4.0,5.1
BUY,104,AMD,2024-01-23,166.45,79.36,,,6.6,,,,,,,2024-01-22,177.26,147.28,117.29,168.19,158.2,138.63,168.19,162.03,51.13,3.66,322,5,5.0,-0.6,0.6
BUY,101,APP,2024-01-23,44.04,299.94,,,6.6,,,,,,,2024-01-22,44.31,40.72,34.23,43.36,41.4,39.61,43.36,41.71,29.45,3.8,259,5,4.0,0.5,0.5
BUY,102,COHR,2024-01-23,47.27,279.42,,,6.6,,,,,,,2024-01-22,47.3,42.44,39.24,46.99,44.51,41.76,46.99,45.8,20.53,2.54,35,4.11,4.1,3.4,3.7
BUY,100,FITB,2024-01-23,32.03,412.41,,,6.6,,,,,,,2024-01-22,32.15,30.23,25.14,31.84,31.58,30.01,31.84,31.17,27.89,2.1,56,5,3.9,2.7,2.9
BUY,103,LITE,2024-01-23,54.97,240.3,,,6.6,,,,,,,2024-01-22,55.28,50.44,48.75,54.22,52.49,48.64,54.22,53.14,13.38,2.0,14,2.68,3.8,4.1,5.1
BUY,99,SMCI,2024-01-23,43.08,306.63,,,6.6,,,,,,,2024-01-22,47.4,34.48,26.63,43.63,35.62,30.09,43.64,40.36,78.02,7.52,644,5,6,-1,0.0
SELL,96,BA,2024-01-23,215.48,57.05,2024-01-09,225.47,6.43,6.15,-569.95,-576.1,-4.48,9,rotation (out of top-N),2024-01-22,205.53,226.22,215.23,214.95,219.24,238.43,214.95,211.66,-4.51,1.53,49,-0.9,2.0,4.4,6.6
SELL,66,COIN,2024-01-23,122.59,124.02,2023-11-07,85.9,5.33,7.6,4550.77,4543.17,42.65,51,rotation (out of top-N),2024-01-22,125.16,132.62,91.9,128.16,136.4,145.58,128.16,121.74,36.19,5.01,315,5,4.8,0.2,0.0
SELL,95,DOC,2024-01-23,16.94,765.23,2024-01-09,16.81,6.43,6.48,99.48,93.0,0.72,9,rotation (out of top-N),2024-01-22,16.6,16.33,15.89,16.84,17.03,16.19,16.76,16.5,4.49,1.56,14,0.9,3.0,4.5,6.3
SELL,93,DXCM,2024-01-23,129.16,99.93,2024-01-09,128.73,6.43,6.45,43.47,37.01,0.29,9,rotation (out of top-N),2024-01-22,121.98,119.35,113.05,129.32,126.73,121.52,129.32,127.29,7.89,1.57,28,1.58,3.0,4.1,5.7
SELL,94,EPAM,2024-01-23,298.13,43.5,2024-01-09,295.74,6.43,6.48,104.17,97.69,0.76,9,rotation (out of top-N),2024-01-22,288.28,285.0,252.75,298.25,298.37,283.81,298.25,294.09,14.06,1.39,42,2.81,2.9,3.6,5.0
SELL,98,VTRS,2024-01-23,10.5,1234.51,2024-01-09,10.42,6.43,6.48,98.76,92.28,0.72,9,rotation (out of top-N),2024-01-22,10.74,9.86,8.92,10.47,10.38,9.5,10.47,10.31,20.38,1.53,42,4.08,3.3,3.3,4.2
BUY,107,AXP,2024-01-30,195.69,69.0,,,6.75,,,,,,,2024-01-29,201.43,181.51,161.3,195.94,185.6,177.34,195.94,190.66,24.88,2.7,56,4.98,4.1,2.8,2.8
BUY,108,FICO,2024-01-30,1217.83,11.09,,,6.75,,,,,,,2024-01-29,1255.48,1169.07,937.21,1221.64,1237.3,1174.19,1221.64,1190.63,33.96,2.54,448,5,3.4,0.3,1.3
BUY,106,TPR,2024-01-30,37.42,360.86,,,6.75,,,,,,,2024-01-29,38.14,34.72,33.87,37.79,36.17,34.43,37.68,37.02,12.61,1.75,7,2.52,3.7,4.3,5.5
BUY,105,WDC,2024-01-30,40.46,333.74,,,6.75,,,,,,,2024-01-29,39.43,35.78,29.93,40.53,38.52,35.04,40.52,39.23,31.74,3.19,245,5,3.7,0.4,0.9
SELL,101,APP,2024-01-30,46.51,299.94,2024-01-23,44.04,6.6,6.98,740.86,733.88,5.56,5,rotation (out of top-N),2024-01-29,45.87,41.66,34.95,46.57,43.56,40.29,46.57,45.55,31.24,2.19,266,5,3.0,0.4,1.5
SELL,86,CVNA,2024-01-30,8.86,1432.83,2023-12-05,7.73,5.54,6.35,1629.13,1622.78,14.66,37,rotation (out of top-N),2024-01-29,8.69,8.71,7.09,8.98,8.8,9.21,8.98,8.63,22.64,3.93,238,4.53,3.7,0.9,1.1
SELL,100,FITB,2024-01-30,32.86,412.41,2024-01-23,32.03,6.6,6.78,342.3,335.52,2.54,5,rotation (out of top-N),2024-01-29,31.18,30.4,25.34,32.76,31.98,30.89,32.76,32.42,23.07,1.05,63,4.61,2.8,1.8,3.9
SELL,77,KEY,2024-01-30,13.18,1049.04,2023-11-21,10.57,5.54,6.91,2738.0,2731.08,24.63,46,rotation (out of top-N),2024-01-29,12.9,12.41,10.14,13.21,12.81,12.48,13.21,13.04,27.25,1.32,70,5,3.1,1.5,3.2
BUY,110,DECK,2024-02-06,142.1,97.81,,,6.95,,,,,,,2024-02-05,140.69,124.66,97.71,141.86,132.17,120.3,141.86,136.08,43.99,4.08,532,5,4.9,-0.2,0.3
BUY,111,META,2024-02-06,460.67,30.17,,,6.95,,,,,,,2024-02-05,464.24,392.88,315.68,455.84,411.89,364.12,455.42,440.59,47.06,3.26,357,5,4.5,-0.4,0.8
BUY,113,MPWR,2024-02-06,632.04,21.99,,,6.95,,,,,,,2024-02-05,739.59,612.57,518.06,635.93,611.9,599.82,635.93,624.36,42.76,1.82,77,5,4.1,0.6,2.5
BUY,112,NVDA,2024-02-06,69.62,199.65,,,6.95,,,,,,,2024-02-05,72.06,58.25,46.17,69.27,63.11,53.9,69.19,67.02,56.06,3.13,385,5,4.9,-0.8,0.9
BUY,109,TSN,2024-02-06,53.44,260.09,,,6.95,,,,,,,2024-02-05,48.32,48.86,46.73,52.83,50.99,49.24,52.83,50.9,3.39,3.65,28,0.68,4.1,4.4,4.8
SELL,107,AXP,2024-02-06,200.1,69.0,2024-01-30,195.69,6.75,6.9,304.31,297.4,2.2,5,rotation (out of top-N),2024-02-05,207.21,186.18,162.8,200.88,194.4,181.42,200.88,198.85,27.28,1.01,63,5,3.0,1.6,3.5
SELL,108,FICO,2024-02-06,1245.42,11.09,2024-01-30,1217.83,6.75,6.9,305.92,299.01,2.21,5,rotation (out of top-N),2024-02-05,1323.62,1197.17,952.02,1255.48,1236.52,1188.33,1255.48,1247.22,39.03,0.66,455,5,2.4,0.0,2.6
SELL,103,LITE,2024-02-06,60.8,240.3,2024-01-23,54.97,6.6,7.31,1400.97,1393.66,10.55,10,rotation (out of top-N),2024-02-05,50.19,51.3,49.02,55.62,55.34,51.78,55.62,54.46,2.37,2.09,28,0.47,3.0,4.4,5.9
SELL,106,TPR,2024-02-06,38.6,360.86,2024-01-30,37.42,6.75,6.96,425.81,418.85,3.1,5,rotation (out of top-N),2024-02-05,40.02,35.69,33.97,38.48,37.32,35.34,38.37,37.71,17.82,1.71,14,3.56,3.8,3.9,4.8
SELL,105,WDC,2024-02-06,40.1,333.74,2024-01-30,40.46,6.75,6.69,-120.15,-126.84,-0.94,5,rotation (out of top-N),2024-02-05,38.54,36.28,30.33,39.66,39.02,35.92,39.65,39.15,27.08,1.26,252,5,2.2,0.6,2.4
BUY,114,APP,2024-02-13,45.46,301.15,,,6.85,,,,,,,2024-02-12,59.84,45.66,36.64,47.06,45.61,42.24,47.06,45.77,63.32,2.75,280,5,4.8,-1,1.2
BUY,119,CVNA,2024-02-13,10.32,1326.59,,,6.85,,,,,,,2024-02-12,10.5,9.32,7.52,11.06,9.81,9.66,11.06,10.49,39.66,5.13,252,5,5.0,0.0,0.0
BUY,117,LITE,2024-02-13,48.58,281.84,,,6.85,,,,,,,2024-02-12,49.76,51.02,49.21,50.33,53.11,52.78,50.33,47.96,1.12,4.71,35,0.22,4.5,4.4,4.3
BUY,116,PLTR,2024-02-13,23.48,583.06,,,6.85,,,,,,,2024-02-12,24.45,19.52,16.77,25.05,21.41,17.81,25.05,24.0,45.78,4.19,308,5,5.1,-0.3,0.2
BUY,115,TPR,2024-02-13,40.35,339.29,,,6.85,,,,,,,2024-02-12,43.76,37.15,34.11,41.39,39.16,36.32,41.28,40.42,28.3,2.09,21,5,4.5,3.2,3.4
BUY,118,TRMB,2024-02-13,54.55,250.95,,,6.85,,,,,,,2024-02-12,60.29,52.61,50.67,54.71,52.42,51.69,54.71,52.96,18.98,3.2,21,3.8,4.7,3.7,3.6
SELL,104,AMD,2024-02-13,167.91,79.36,2024-01-23,166.45,6.6,6.66,115.87,109.2,0.83,15,rotation (out of top-N),2024-02-12,173.89,159.56,123.52,171.91,171.27,156.62,171.91,167.21,40.77,2.74,343,5,3.9,-0.0,1.2
SELL,110,DECK,2024-02-13,138.6,97.81,2024-02-06,142.1,6.95,6.78,-342.35,-349.13,-2.51,5,rotation (out of top-N),2024-02-12,143.88,128.15,99.26,140.6,136.86,123.07,140.6,139.14,44.95,1.04,539,5,2.9,-0.2,2.3
SELL,111,META,2024-02-13,452.86,30.17,2024-02-06,460.67,6.95,6.83,-235.64,-242.48,-1.74,5,rotation (out of top-N),2024-02-12,469.6,406.83,321.62,465.36,444.61,380.93,464.93,457.25,46.01,1.65,364,5,3.4,-0.3,1.9
SELL,113,MPWR,2024-02-13,686.84,21.99,2024-02-06,632.04,6.95,7.55,1205.13,1197.57,8.62,5,rotation (out of top-N),2024-02-12,718.07,631.75,526.27,718.02,666.85,613.57,718.02,703.72,36.45,1.99,84,5,3.7,0.8,2.3
SELL,112,NVDA,2024-02-13,70.37,199.65,2024-02-06,69.62,6.95,7.02,149.74,142.71,1.03,5,rotation (out of top-N),2024-02-12,72.52,60.84,47.28,72.25,68.0,56.79,71.94,70.31,53.39,2.27,392,5,4.2,-0.7,1.5
SELL,109,TSN,2024-02-13,48.02,260.09,2024-02-06,53.44,6.95,6.24,-1409.71,-1415.95,-10.19,5,rotation (out of top-N),2024-02-12,48.82,48.86,46.86,48.29,49.78,49.51,48.29,47.57,4.17,1.5,35,0.83,2.6,4.2,6.0
BUY,123,COIN,2024-02-27,205.37,74.06,,,7.6,,,,,,,2024-02-26,205.85,157.34,105.4,193.96,166.17,144.86,193.96,184.73,95.3,4.76,350,5,6,-1,0.0
BUY,122,DELL,2024-02-27,89.55,169.84,,,7.6,,,,,,,2024-02-26,120.15,86.96,65.81,89.46,83.7,79.15,89.46,86.79,82.58,2.98,322,5,5.0,-1,1.0
BUY,120,FIX,2024-02-27,286.71,53.05,,,7.6,,,,,,,2024-02-26,311.41,243.05,189.23,282.39,253.61,219.65,282.39,270.99,64.57,4.04,574,5,5.7,-1,0.3
BUY,121,HOOD,2024-02-27,15.88,958.08,,,7.6,,,,,,,2024-02-26,16.6,12.94,10.84,15.58,13.73,11.93,15.58,15.11,53.14,3.03,77,5,5.4,0.1,1.7
BUY,125,NVDA,2024-02-27,79.28,191.85,,,7.6,,,,,,,2024-02-26,82.19,67.39,49.55,79.07,73.92,62.37,78.98,76.26,65.87,3.44,406,5,5.3,-1,0.7
BUY,124,XYZ,2024-02-27,76.07,199.94,,,7.6,,,,,,,2024-02-26,79.25,70.48,62.16,74.57,69.98,67.95,74.57,70.97,27.5,4.83,77,5,5.1,1.3,1.0
SELL,102,COHR,2024-02-27,59.31,279.42,2024-01-23,47.27,6.6,8.29,3362.79,3354.51,25.39,24,rotation (out of top-N),2024-02-26,63.49,53.33,42.55,58.57,58.66,50.39,58.57,57.5,49.23,1.83,70,5,4.5,0.4,2.6
SELL,97,CRWD,2024-02-27,324.34,48.48,2024-01-09,265.35,6.43,7.86,2859.7,2851.84,22.17,33,rotation (out of top-N),2024-02-26,314.5,295.55,205.79,321.0,315.97,294.18,321.0,314.16,52.82,2.13,280,5,4.1,-0.6,1.6
SELL,117,LITE,2024-02-27,49.56,281.84,2024-02-13,48.58,6.85,6.98,277.61,270.63,1.98,9,rotation (out of top-N),2024-02-26,50.51,50.63,49.19,49.4,49.86,52.31,49.4,48.32,2.68,2.18,49,0.54,2.8,4.0,5.5
SELL,116,PLTR,2024-02-27,23.83,583.06,2024-02-13,23.48,6.85,6.95,204.07,197.13,1.44,9,rotation (out of top-N),2024-02-26,24.95,21.02,17.34,23.56,23.28,19.21,23.56,22.98,43.89,2.46,322,5,3.8,-0.2,1.4
SELL,115,TPR,2024-02-27,45.76,339.29,2024-02-13,40.35,6.85,7.76,1835.56,1827.8,13.35,9,rotation (out of top-N),2024-02-26,45.0,39.94,34.43,45.38,43.85,38.33,45.25,44.65,30.7,1.33,35,5,3.8,2.9,3.5
SELL,118,TRMB,2024-02-27,62.26,250.95,2024-02-13,54.55,6.85,7.81,1933.54,1925.73,14.07,9,rotation (out of top-N),2024-02-26,62.38,55.71,51.39,61.8,59.32,53.42,61.8,61.1,21.38,1.14,35,4.28,3.2,3.3,4.5
BUY,128,AMD,2024-03-05,200.18,80.37,,,8.04,,,,,,,2024-03-04,207.3,176.7,129.42,205.34,186.73,170.44,205.34,199.24,60.18,2.97,364,5,5.0,-1,1.0
BUY,126,COHR,2024-03-05,66.31,242.64,,,8.04,,,,,,,2024-03-04,63.88,55.25,43.17,66.88,60.85,52.74,66.88,64.84,47.98,3.05,77,5,5.1,0.3,1.7
BUY,127,VST,2024-03-05,56.16,286.49,,,8.04,,,,,,,2024-03-04,59.47,46.7,34.31,56.04,50.67,43.0,55.96,54.39,73.34,2.81,357,5,4.9,-1,1.1
SELL,120,FIX,2024-03-05,315.58,53.05,2024-02-27,286.71,7.6,8.37,1531.52,1523.15,10.01,5,rotation (out of top-N),2024-03-04,307.77,254.81,193.1,317.75,286.45,232.45,317.75,311.97,59.39,1.82,581,5,4.2,-1.0,1.8
SELL,125,NVDA,2024-03-05,85.22,191.85,2024-02-27,79.28,7.6,8.17,1139.57,1131.39,7.44,5,rotation (out of top-N),2024-03-04,87.45,71.04,50.75,85.19,78.58,66.37,85.09,82.87,72.3,2.61,413,5,4.7,-1,1.3
SELL,124,XYZ,2024-03-05,75.92,199.94,2024-02-27,76.07,7.6,7.59,-28.99,-36.58,-0.24,5,rotation (out of top-N),2024-03-04,80.75,72.35,62.59,76.95,75.24,68.6,76.95,75.42,29.02,1.99,84,5,3.4,1.1,2.4
BUY,129,NVDA,2024-03-12,88.05,217.76,,,9.59,,,,,,,2024-03-11,87.79,74.09,51.98,85.79,84.53,70.79,85.69,80.7,68.89,5.83,420,5,6,-1,0.0
SELL,122,DELL,2024-03-12,112.86,169.84,2024-02-27,89.55,7.6,9.58,3959.08,3949.5,25.97,10,rotation (out of top-N),2024-03-11,103.19,93.64,68.94,111.73,107.37,87.52,111.73,109.23,49.68,2.24,336,5,4.0,-0.5,1.5
BUY,130,WSM,2024-03-19,138.71,106.04,,,7.35,,,,,,,2024-03-18,150.79,118.33,85.07,137.94,127.27,109.78,137.94,135.43,77.25,1.82,266,5,4.2,-1,1.8
SELL,128,AMD,2024-03-19,183.07,80.37,2024-03-05,200.18,8.04,7.36,-1375.21,-1382.57,-8.59,10,rotation (out of top-N),2024-03-18,179.65,179.37,132.56,190.67,194.7,182.11,190.67,185.18,35.52,2.88,378,5,3.7,0.2,1.1
BUY,132,FDX,2024-03-26,219.26,70.96,,,7.78,,,,,,,2024-03-25,223.48,200.88,195.23,218.11,204.46,190.73,217.3,211.56,14.47,2.64,7,2.89,4.4,4.2,4.7
BUY,131,MU,2024-03-26,118.05,131.79,,,7.78,,,,,,,2024-03-25,117.04,96.49,76.92,116.19,101.9,90.17,116.19,112.19,52.16,3.45,406,5,4.9,-0.6,0.7
SELL,126,COHR,2024-03-26,62.58,242.64,2024-03-05,66.31,8.04,7.59,-905.04,-912.64,-5.67,15,rotation (out of top-N),2024-03-25,60.66,57.86,44.22,62.13,61.5,59.21,62.13,60.9,37.17,1.99,98,5,3.6,0.5,2.0
SELL,130,WSM,2024-03-26,150.46,106.04,2024-03-19,138.71,7.35,7.98,1245.99,1238.02,8.42,5,rotation (out of top-N),2024-03-25,153.33,124.69,87.48,150.33,140.56,115.54,150.33,147.83,75.28,1.66,273,5,4.1,-1,1.9
BUY,134,CEG,2024-04-02,182.09,97.55,,,8.88,,,,,,,2024-04-01,190.48,161.24,120.83,183.43,178.07,154.61,183.43,179.91,57.65,1.92,294,5,4.2,-0.9,1.7
BUY,133,DELL,2024-04-02,113.2,156.91,,,8.88,,,,,,,2024-04-01,127.99,104.11,73.93,115.34,109.44,97.5,115.34,112.96,73.12,2.06,357,5,4.4,-1,1.6
SELL,114,APP,2024-04-02,67.78,301.15,2024-02-13,45.46,6.85,10.21,6721.71,6711.5,49.02,33,rotation (out of top-N),2024-04-01,74.79,62.51,43.93,69.15,68.89,59.67,69.15,67.99,70.23,1.68,329,5,4.1,-1,1.9
SELL,132,FDX,2024-04-02,213.26,70.96,2024-03-26,219.26,7.78,7.57,-425.74,-433.3,-2.79,4,rotation (out of top-N),2024-04-01,211.03,202.73,195.79,216.05,213.4,194.14,215.25,212.97,7.78,1.06,14,1.56,2.9,4.4,6.3
BUY,135,APP,2024-04-09,78.7,234.35,,,9.22,,,,,,,2024-04-08,75.5,64.87,45.17,78.06,72.37,63.08,78.06,75.6,67.14,3.16,336,5,5.1,-1,0.9
BUY,136,GE,2024-04-09,154.3,119.53,,,9.22,,,,,,,2024-04-08,152.82,134.12,102.2,154.41,144.17,129.38,154.41,150.5,49.53,2.53,504,5,4.2,-0.5,1.3
SELL,121,HOOD,2024-04-09,18.66,958.08,2024-02-27,15.88,7.6,8.94,2673.06,2664.12,17.52,29,rotation (out of top-N),2024-04-08,17.98,16.78,12.11,18.57,18.8,16.63,18.57,18.1,48.43,2.54,119,5,4.1,-0.4,1.3
SELL,129,NVDA,2024-04-09,87.36,217.76,2024-03-12,88.05,9.59,9.51,-150.25,-159.77,-0.83,19,rotation (out of top-N),2024-04-08,88.18,82.68,56.76,87.13,88.76,84.04,87.03,85.32,55.37,1.96,448,5,4.1,-0.8,1.7
BUY,138,FSLR,2024-04-16,172.45,114.6,,,9.88,,,,,,,2024-04-15,175.07,165.81,164.28,175.98,176.91,160.34,175.98,172.0,6.57,2.26,0,1.31,3.8,4.7,5.8
BUY,140,GNRC,2024-04-16,127.07,155.53,,,9.88,,,,,,,2024-04-15,135.26,125.21,116.97,128.52,131.58,119.78,128.52,126.01,15.63,1.96,21,3.13,3.7,3.9,4.8
BUY,137,HOOD,2024-04-16,17.14,1152.73,,,9.88,,,,,,,2024-04-15,16.64,16.75,12.22,17.21,18.33,17.35,17.21,16.68,36.17,3.14,126,5,3.9,0.2,0.9
BUY,139,NRG,2024-04-16,70.73,279.42,,,9.88,,,,,,,2024-04-15,67.56,62.94,47.03,70.44,69.77,61.36,70.44,68.58,43.64,2.64,287,5,3.9,-0.2,1.2
SELL,134,CEG,2024-04-16,182.39,97.55,2024-04-02,182.09,8.88,8.9,29.26,20.37,0.11,10,rotation (out of top-N),2024-04-15,178.54,168.54,125.45,182.86,185.86,169.36,182.86,179.26,42.32,1.97,308,5,3.4,-0.1,1.7
SELL,136,GE,2024-04-16,151.61,119.53,2024-04-09,154.3,9.22,9.06,-321.54,-330.6,-1.79,5,rotation (out of top-N),2024-04-15,146.26,136.33,103.69,151.88,149.95,134.48,151.88,148.6,41.05,2.16,511,5,3.5,-0.1,1.6
SELL,131,MU,2024-04-16,118.41,131.79,2024-03-26,118.05,7.78,7.8,47.44,39.64,0.25,14,rotation (out of top-N),2024-04-15,105.97,105.16,81.04,120.52,121.08,103.29,120.52,117.67,30.77,2.37,427,5,3.1,0.5,1.4
SELL,99,SMCI,2024-04-16,90.0,306.63,2024-01-23,43.08,6.6,13.8,14386.93,14373.13,108.81,58,rotation (out of top-N),2024-04-15,71.4,84.86,46.99,88.3,93.26,97.44,88.3,85.47,51.95,3.21,728,5,4.7,-0.6,0.9
BUY,144,CEG,2024-04-23,182.52,102.47,,,9.35,,,,,,,2024-04-22,185.93,171.7,127.74,180.78,182.88,175.77,180.78,175.72,45.56,2.8,315,5,4.1,-0.3,1.1
BUY,143,GE,2024-04-23,156.21,119.73,,,9.35,,,,,,,2024-04-22,160.39,140.7,105.53,148.37,150.06,138.56,148.37,145.33,51.98,2.05,518,5,4.0,-0.6,1.6
BUY,141,MU,2024-04-23,109.01,171.58,,,9.35,,,,,,,2024-04-22,114.0,106.77,82.26,108.38,114.74,107.07,108.38,104.93,38.58,3.18,434,5,4.0,0.1,0.9
BUY,142,UAL,2024-04-23,53.17,351.77,,,9.35,,,,,,,2024-04-22,52.82,46.51,43.69,53.94,47.72,44.92,53.94,52.61,20.89,2.46,7,4.18,4.6,3.8,4.2
SELL,123,COIN,2024-04-23,224.77,74.06,2024-02-27,205.37,7.6,8.32,1436.75,1428.43,9.39,39,rotation (out of top-N),2024-04-22,236.45,223.16,139.46,225.88,228.42,238.7,225.88,214.12,69.55,5.2,406,5,6,-1,0.0
SELL,119,CVNA,2024-04-23,14.49,1326.59,2024-02-13,10.32,6.85,9.61,5531.86,5522.25,40.34,48,rotation (out of top-N),2024-04-22,16.88,15.17,10.33,14.29,14.8,15.99,14.29,13.73,63.35,3.95,322,5,5.6,-1,0.4
SELL,137,HOOD,2024-04-23,17.26,1152.73,2024-04-16,17.14,9.88,9.95,132.56,122.62,0.62,5,rotation (out of top-N),2024-04-22,17.89,16.96,12.35,17.2,17.51,17.72,17.2,16.7,44.92,2.89,133,5,4.2,-0.2,1.1
SELL,139,NRG,2024-04-23,68.3,279.42,2024-04-16,70.73,9.88,9.54,-679.0,-688.54,-3.48,5,rotation (out of top-N),2024-04-22,70.33,64.28,47.89,67.96,69.2,63.78,67.96,66.3,46.84,2.44,294,5,4.0,-0.3,1.4
BUY,148,AES,2024-04-30,15.79,1234.91,,,9.75,,,,,,,2024-04-29,16.81,15.37,15.0,15.93,15.3,14.92,15.93,15.61,12.03,2.02,0,2.41,3.9,4.4,5.5
BUY,149,MRNA,2024-04-30,110.45,176.54,,,9.75,,,,,,,2024-04-29,124.93,106.77,97.59,111.6,107.03,104.96,111.6,109.42,28.02,1.95,35,5,4.1,3.0,3.3
BUY,147,NEM,2024-04-30,39.55,493.03,,,9.75,,,,,,,2024-04-29,39.14,36.76,35.9,40.67,38.77,35.34,40.67,39.75,9.02,2.27,7,1.8,3.8,4.4,5.5
BUY,146,RMD,2024-04-30,210.1,92.81,,,9.75,,,,,,,2024-04-29,212.51,191.68,165.97,212.5,190.47,185.51,212.5,202.49,28.04,4.71,77,5,5.1,1.3,0.9
BUY,145,WDC,2024-04-30,47.72,408.62,,,9.75,,,,,,,2024-04-29,48.09,45.35,35.72,47.38,47.33,45.56,47.37,45.56,34.64,3.81,336,5,4.3,0.3,0.5
SELL,144,CEG,2024-04-30,186.19,102.47,2024-04-23,182.52,9.35,9.54,376.08,366.54,1.96,5,rotation (out of top-N),2024-04-29,192.21,175.43,130.2,185.79,184.49,179.29,185.79,182.86,47.63,1.58,322,5,3.4,-0.4,1.9
SELL,143,GE,2024-04-30,161.9,119.73,2024-04-23,156.21,9.35,9.69,681.28,671.59,3.59,5,rotation (out of top-N),2024-04-29,162.16,144.6,107.34,162.58,156.6,143.23,162.58,159.83,51.07,1.69,525,5,3.7,-0.6,1.9
SELL,140,GNRC,2024-04-30,135.96,155.53,2024-04-16,127.07,9.88,10.57,1381.91,1371.34,6.94,10,rotation (out of top-N),2024-04-29,133.53,128.94,116.43,137.19,136.02,125.34,137.19,134.45,14.69,2.0,35,2.94,3.5,3.7,4.6
SELL,141,MU,2024-04-30,113.97,171.58,2024-04-23,109.01,9.35,9.78,851.02,841.24,4.5,5,rotation (out of top-N),2024-04-29,113.9,108.06,83.35,113.56,113.32,109.78,113.56,111.15,36.65,2.13,441,5,3.2,0.2,1.6
SELL,142,UAL,2024-04-30,52.28,351.77,2024-04-23,53.17,9.35,9.2,-311.31,-320.51,-1.71,5,rotation (out of top-N),2024-04-29,51.65,47.45,43.63,52.95,51.14,45.95,52.95,52.14,18.37,1.52,14,3.67,3.7,3.8,4.9
BUY,151,CEG,2024-05-07,195.42,101.05,,,9.87,,,,,,,2024-05-06,212.1,182.1,132.95,195.05,187.11,180.95,195.05,190.82,59.53,2.17,329,5,4.4,-1.0,1.6
BUY,152,CVNA,2024-05-07,24.78,796.91,,,9.87,,,,,,,2024-05-06,23.35,18.02,11.08,24.6,19.74,16.7,24.6,23.41,110.77,4.83,336,5,6,-1,0.0
BUY,150,NRG,2024-05-07,75.66,261.0,,,9.87,,,,,,,2024-05-06,81.23,68.86,50.01,75.59,72.21,67.82,75.59,74.18,62.43,1.87,308,5,4.2,-1,1.8
SELL,147,NEM,2024-05-07,39.84,493.03,2024-04-30,39.55,9.75,9.82,142.98,133.16,0.68,5,rotation (out of top-N),2024-05-06,40.9,37.51,35.97,39.85,39.17,36.2,39.85,39.22,13.71,1.59,14,2.74,3.5,4.1,5.3
SELL,146,RMD,2024-05-07,211.76,92.81,2024-04-30,210.1,9.75,9.83,154.06,144.24,0.74,5,rotation (out of top-N),2024-05-06,210.1,195.03,166.87,212.45,204.14,189.36,212.45,210.11,25.9,1.1,84,5,2.6,1.3,3.3
SELL,145,WDC,2024-05-07,48.84,408.62,2024-04-30,47.72,9.75,9.98,457.65,447.67,2.3,5,rotation (out of top-N),2024-05-06,48.56,45.94,36.19,49.25,47.9,46.15,49.24,48.2,34.17,2.12,343,5,3.1,0.3,1.6
BUY,153,MTD,2024-05-14,1467.27,15.27,,,11.21,,,,,,,2024-05-13,1521.49,1340.58,1189.76,1461.68,1329.42,1285.24,1461.68,1404.87,27.88,3.89,77,5,4.7,1.3,1.3
SELL,138,FSLR,2024-05-14,195.5,114.6,2024-04-16,172.45,9.88,11.2,2641.64,2630.44,13.31,20,rotation (out of top-N),2024-05-13,197.59,179.8,163.12,189.66,188.43,174.8,189.66,185.07,21.13,2.42,28,4.23,4.2,3.5,3.8
BUY,155,FSLR,2024-05-21,198.32,116.69,,,11.57,,,,,,,2024-05-20,276.86,197.45,165.49,196.34,192.23,180.14,196.34,192.95,67.3,1.73,35,5,5.6,1.4,3.3
BUY,154,HOOD,2024-05-21,21.02,1101.25,,,11.57,,,,,,,2024-05-20,20.52,18.08,13.09,20.82,18.58,18.08,20.82,19.79,56.67,4.95,161,5,5.8,-0.8,0.0
SELL,148,AES,2024-05-21,19.01,1234.91,2024-04-30,15.79,9.75,11.74,3976.42,3964.68,20.33,15,rotation (out of top-N),2024-05-20,18.86,16.89,15.16,19.16,18.36,16.3,19.16,18.9,24.43,1.38,21,4.89,3.8,3.4,4.3
SELL,153,MTD,2024-05-21,1495.59,15.27,2024-05-14,1467.27,11.21,11.42,432.51,421.09,1.88,5,rotation (out of top-N),2024-05-20,1480.5,1366.02,1197.18,1517.7,1449.55,1310.79,1517.7,1502.75,23.67,0.99,84,4.73,2.4,1.4,3.6
BUY,156,COHR,2024-06-04,67.56,297.59,,,10.05,,,,,,,2024-06-03,65.87,58.32,47.18,66.94,59.63,55.79,66.94,63.56,39.61,5.05,168,5,5.0,0.0,0.0
BUY,157,COIN,2024-06-04,232.11,86.62,,,10.05,,,,,,,2024-06-03,243.87,225.77,160.73,231.33,229.04,224.55,231.33,220.42,51.73,4.72,448,5,5.6,-0.6,0.0
BUY,158,NVDA,2024-06-04,115.64,173.87,,,10.05,,,,,,,2024-06-03,120.77,98.41,67.05,114.93,106.88,91.81,114.8,111.28,80.12,3.07,504,5,5.0,-1,1.0
SELL,151,CEG,2024-06-04,203.87,101.05,2024-05-07,195.42,9.87,10.3,853.88,843.58,4.27,19,rotation (out of top-N),2024-06-03,195.58,197.75,143.73,205.75,215.9,199.47,205.75,197.99,36.07,3.77,357,5,4.3,0.2,0.5
SELL,133,DELL,2024-06-04,128.21,156.91,2024-04-02,113.2,8.88,10.06,2355.2,2345.15,13.2,44,rotation (out of top-N),2024-06-03,125.61,127.63,90.82,127.95,146.06,129.11,127.95,115.72,38.31,9.56,420,5,4.9,0.1,0.0
SELL,150,NRG,2024-06-04,75.24,261.0,2024-05-07,75.66,9.87,9.82,-109.62,-119.44,-0.6,19,rotation (out of top-N),2024-06-03,75.61,74.43,54.42,76.04,79.45,74.9,76.04,72.75,38.94,4.32,336,5,4.8,0.1,0.1
BUY,159,CRWD,2024-06-11,373.38,51.38,,,9.59,,,,,,,2024-06-10,385.26,336.61,270.89,374.46,341.12,320.17,374.46,361.01,42.22,3.59,385,5,4.5,-0.1,0.6
BUY,160,TPL,2024-06-11,231.58,82.83,,,9.59,,,,,,,2024-06-10,243.86,201.51,184.16,235.95,201.74,194.33,235.95,226.33,32.42,4.08,63,5,5.3,1.3,1.2
SELL,135,APP,2024-06-11,79.63,234.35,2024-04-09,78.7,9.22,9.33,217.95,208.62,1.13,44,rotation (out of top-N),2024-06-10,77.51,77.36,54.84,80.44,82.05,77.89,80.44,78.39,41.34,2.55,399,5,3.8,-0.1,1.3
SELL,156,COHR,2024-06-11,66.24,297.59,2024-06-04,67.56,10.05,9.86,-394.3,-404.16,-2.01,5,rotation (out of top-N),2024-06-10,71.76,60.76,48.15,66.61,63.82,57.06,66.61,65.25,49.04,2.04,175,5,3.8,-0.5,1.6
BUY,163,CCL,2024-06-18,15.89,1388.94,,,11.04,,,,,,,2024-06-17,15.9,15.33,15.14,15.51,15.9,15.15,15.51,15.0,5.02,3.3,14,1.0,4.2,4.5,5.1
BUY,162,DELL,2024-06-18,139.22,158.53,,,11.04,,,,,,,2024-06-17,140.44,130.41,94.26,137.54,133.06,132.55,137.54,132.94,48.99,3.34,434,5,4.7,-0.4,0.8
BUY,161,MU,2024-06-18,150.68,146.47,,,11.04,,,,,,,2024-06-17,138.47,126.12,94.34,146.78,137.11,124.06,146.78,143.31,46.78,2.37,490,5,3.9,-0.3,1.4
BUY,164,SMCI,2024-06-18,89.5,246.6,,,11.04,,,,,,,2024-06-17,90.49,84.25,59.43,88.68,82.59,82.25,88.68,84.5,52.27,4.72,791,5,5.6,-0.6,0.0
SELL,159,CRWD,2024-06-18,389.0,51.38,2024-06-11,373.38,9.59,9.99,802.49,792.49,4.13,5,rotation (out of top-N),2024-06-17,380.75,344.63,276.27,390.21,369.82,331.7,390.21,382.89,37.82,1.88,392,5,3.1,0.1,1.7
SELL,149,MRNA,2024-06-18,136.3,176.54,2024-04-30,110.45,9.75,12.03,4562.57,4550.54,23.34,34,rotation (out of top-N),2024-06-17,133.35,132.69,103.23,137.86,145.21,134.21,137.86,134.19,29.18,2.66,84,5,3.8,1.1,1.9
SELL,160,TPL,2024-06-18,249.82,82.83,2024-06-11,231.58,9.59,10.35,1510.89,1500.54,7.82,5,rotation (out of top-N),2024-06-17,245.6,209.52,185.51,247.85,230.97,201.65,247.85,243.15,32.39,1.9,70,5,3.7,1.2,2.6
SELL,71,VRT,2024-06-18,88.34,267.26,2023-11-07,39.86,5.33,11.8,12956.77,12944.97,121.51,153,rotation (out of top-N),2024-06-17,90.48,90.44,63.81,89.34,92.07,94.36,89.32,86.04,41.79,3.67,595,5,4.5,-0.1,0.6
BUY,165,COHR,2024-06-25,71.58,347.08,,,12.42,,,,,,,2024-06-24,72.44,64.55,50.16,71.86,70.47,61.45,71.86,69.92,44.41,2.69,189,5,4.0,-0.2,1.2
SELL,127,VST,2024-06-25,86.65,286.49,2024-03-05,56.16,8.04,12.41,8735.15,8722.74,54.21,77,rotation (out of top-N),2024-06-24,85.12,84.35,55.18,87.28,87.31,88.62,87.16,84.34,54.26,3.23,469,5,4.9,-0.7,0.8
BUY,167,APP,2024-07-02,84.16,239.09,,,10.06,,,,,,,2024-07-01,86.8,80.09,58.04,84.8,81.41,81.02,84.8,82.71,49.55,2.47,420,5,4.1,-0.5,1.4
BUY,168,LITE,2024-07-02,51.52,390.58,,,10.06,,,,,,,2024-07-01,55.34,48.61,46.92,51.49,49.29,46.13,51.49,50.33,17.97,2.26,7,3.59,4.3,4.0,4.6
BUY,166,NCLH,2024-07-02,17.6,1143.22,,,10.06,,,,,,,2024-07-01,17.48,17.45,17.25,17.68,17.96,16.94,17.68,17.19,1.36,2.76,7,0.27,3.8,4.8,5.9
SELL,157,COIN,2024-07-02,230.72,86.62,2024-06-04,232.11,10.05,9.99,-120.41,-130.4,-0.65,19,rotation (out of top-N),2024-07-01,223.53,226.71,175.88,233.35,228.03,228.42,233.35,225.51,27.09,3.36,476,5,3.6,0.6,1.1
SELL,162,DELL,2024-07-02,135.91,158.53,2024-06-18,139.22,11.04,10.77,-524.73,-535.5,-2.43,9,rotation (out of top-N),2024-07-01,134.49,131.61,97.64,138.26,135.9,136.86,138.26,134.22,37.74,2.92,448,5,3.8,0.1,1.1
SELL,161,MU,2024-07-02,128.89,146.47,2024-06-18,150.68,11.04,9.44,-3191.61,-3201.05,-14.5,9,rotation (out of top-N),2024-07-01,130.71,127.62,97.49,130.59,135.88,130.16,130.59,126.74,34.08,2.95,504,5,3.7,0.3,1.0
BUY,169,GLW,2024-07-09,42.09,596.4,,,12.55,,,,,,,2024-07-08,44.01,37.12,31.0,41.56,38.09,35.99,41.56,40.5,41.96,2.55,147,5,3.8,-0.1,1.3
BUY,170,TSLA,2024-07-09,251.1,99.97,,,12.55,,,,,,,2024-07-08,248.32,204.0,202.43,252.88,222.89,186.89,252.88,245.27,22.67,3.01,0,4.53,5.1,3.9,3.7
SELL,163,CCL,2024-07-09,17.41,1388.94,2024-06-18,15.89,11.04,12.09,2111.19,2099.1,9.51,13,rotation (out of top-N),2024-07-08,18.04,16.46,15.46,17.37,17.27,16.01,17.37,17.01,16.65,2.09,35,3.33,3.6,3.6,4.4
SELL,155,FSLR,2024-07-09,223.18,116.69,2024-05-21,198.32,11.57,13.02,2901.02,2887.99,12.48,32,rotation (out of top-N),2024-07-08,233.08,232.0,179.45,227.05,235.1,245.86,227.05,220.22,29.89,3.01,84,5,4.1,1.1,1.6
BUY,173,CCL,2024-07-16,18.33,1371.95,,,12.57,,,,,,,2024-07-15,18.24,16.79,15.62,18.12,17.68,16.44,18.12,17.74,16.79,2.07,42,3.36,3.5,3.5,4.2
BUY,171,SWKS,2024-07-16,107.58,233.76,,,12.57,,,,,,,2024-07-15,105.88,97.39,93.24,107.36,101.54,93.02,107.36,105.24,13.56,1.98,21,2.71,3.6,4.0,5.0
BUY,172,UNH,2024-07-16,511.91,49.13,,,12.57,,,,,,,2024-07-15,543.51,490.37,488.06,495.4,481.93,478.46,492.59,484.31,11.36,1.68,0,2.27,3.7,4.4,5.7
SELL,167,APP,2024-07-16,89.03,239.09,2024-07-02,84.16,10.06,10.64,1165.57,1154.93,5.74,9,rotation (out of top-N),2024-07-15,81.81,81.11,60.23,87.96,84.6,81.98,87.96,86.04,35.82,2.18,434,5,3.2,0.2,1.5
SELL,165,COHR,2024-07-16,80.03,347.08,2024-06-25,71.58,12.42,13.89,2931.08,2917.19,11.74,14,rotation (out of top-N),2024-07-15,72.0,69.15,53.37,79.42,76.03,68.13,79.42,77.71,34.91,2.15,210,5,3.2,0.3,1.6
SELL,169,GLW,2024-07-16,44.32,596.4,2024-07-09,42.09,12.55,13.22,1329.98,1316.76,5.25,5,rotation (out of top-N),2024-07-15,42.79,38.15,31.41,44.2,41.74,37.33,44.2,43.47,36.21,1.65,154,5,2.9,0.2,1.9
BUY,174,BKR,2024-07-23,34.27,670.28,,,11.49,,,,,,,2024-07-22,36.2,33.17,31.29,34.26,34.0,32.21,34.26,33.72,15.69,1.59,28,3.14,3.4,3.7,4.9
BUY,175,COIN,2024-07-23,263.0,87.34,,,11.49,,,,,,,2024-07-22,243.0,233.23,188.18,265.12,242.83,235.17,265.12,255.38,29.13,3.68,497,5,3.9,0.5,0.6
BUY,177,HAS,2024-07-23,55.03,417.42,,,11.49,,,,,,,2024-07-22,59.15,55.51,49.34,55.45,55.12,54.87,55.45,53.96,19.88,2.69,91,3.98,3.3,1.5,2.7
BUY,176,PLTR,2024-07-23,28.49,806.27,,,11.49,,,,,,,2024-07-22,27.18,25.69,21.62,28.45,28.07,24.93,28.45,27.48,25.72,3.4,469,5,3.6,0.7,1.2
BUY,178,VTRS,2024-07-23,10.69,2148.79,,,11.49,,,,,,,2024-07-22,11.1,10.26,10.03,10.72,10.47,9.8,10.72,10.55,10.65,1.63,14,2.13,3.4,4.2,5.6
SELL,173,CCL,2024-07-23,18.3,1371.95,2024-07-16,18.33,12.57,12.55,-41.16,-53.71,-0.21,5,rotation (out of top-N),2024-07-22,17.09,16.84,15.77,18.22,18.07,16.81,18.22,17.91,8.36,1.68,49,1.67,2.7,3.8,5.2
SELL,168,LITE,2024-07-23,54.99,390.58,2024-07-02,51.52,10.06,10.74,1357.27,1346.53,6.69,14,rotation (out of top-N),2024-07-22,51.83,51.41,48.03,55.47,55.95,50.19,55.47,54.45,7.91,1.84,28,1.58,3.2,4.1,5.5
SELL,166,NCLH,2024-07-23,19.88,1143.22,2024-07-02,17.6,10.06,11.36,2606.55,2595.19,12.9,14,rotation (out of top-N),2024-07-22,18.47,18.22,17.56,19.73,19.41,17.96,19.73,19.29,5.18,2.21,28,1.04,3.3,4.3,5.5
SELL,164,SMCI,2024-07-23,77.97,246.6,2024-06-18,89.5,11.04,9.61,-2843.24,-2852.86,-12.93,23,rotation (out of top-N),2024-07-22,71.25,81.85,66.3,78.67,83.53,84.11,78.67,76.14,7.46,3.21,826,1.49,2.5,1.6,3.1
SELL,172,UNH,2024-07-23,537.22,49.13,2024-07-16,511.91,12.57,13.2,1243.37,1230.17,4.89,5,rotation (out of top-N),2024-07-22,547.56,500.77,489.23,537.12,519.15,483.59,534.07,527.46,11.92,1.24,7,2.38,3.3,4.3,5.9
BUY,182,CCI,2024-07-30,99.02,233.77,,,11.57,,,,,,,2024-07-29,105.11,94.83,93.78,98.65,95.97,91.33,97.51,96.34,12.08,1.2,0,2.42,3.4,4.4,6.0
BUY,184,IQV,2024-07-30,239.25,96.75,,,11.57,,,,,,,2024-07-29,241.75,227.55,226.28,237.35,233.5,219.6,237.35,233.82,6.84,1.49,0,1.37,3.3,4.7,6.3
BUY,183,MMM,2024-07-30,121.25,190.91,,,11.57,,,,,,,2024-07-29,120.42,104.95,85.62,120.35,106.77,99.1,120.35,114.37,40.65,4.97,140,5,5.0,-0.0,0.0
BUY,179,PFE,2024-07-30,27.55,840.2,,,11.57,,,,,,,2024-07-29,27.03,25.64,24.38,27.3,26.37,25.1,27.3,26.85,10.85,1.66,28,2.17,3.2,4.0,5.3
BUY,181,RVTY,2024-07-30,124.32,186.19,,,11.57,,,,,,,2024-07-29,122.68,110.79,103.64,125.11,113.28,108.19,125.11,121.32,18.37,3.03,77,3.67,3.7,1.8,2.9
BUY,180,UNH,2024-07-30,545.07,42.47,,,11.57,,,,,,,2024-07-29,567.05,512.82,490.94,544.81,533.35,491.42,541.72,532.89,15.5,1.63,14,3.1,3.6,4.0,5.1
SELL,177,HAS,2024-07-30,59.9,417.42,2024-07-23,55.03,11.49,12.5,2032.83,2020.33,8.8,5,rotation (out of top-N),2024-07-29,58.79,56.11,49.79,59.93,56.72,54.97,59.93,58.75,18.07,1.98,98,3.61,2.6,1.5,3.2
SELL,154,HOOD,2024-07-30,21.27,1101.25,2024-05-21,21.02,11.57,11.71,280.82,269.11,1.16,47,rotation (out of top-N),2024-07-29,17.88,20.91,16.05,21.17,22.1,22.43,21.17,20.51,11.4,3.11,231,2.28,2.6,1.4,2.8
SELL,158,NVDA,2024-07-30,111.48,173.87,2024-06-04,115.64,10.05,9.69,-723.3,-732.99,-3.65,38,rotation (out of top-N),2024-07-29,107.29,114.61,82.76,111.58,117.53,123.41,111.04,108.09,29.65,2.66,560,5,3.3,0.5,1.3
SELL,176,PLTR,2024-07-30,27.25,806.27,2024-07-23,28.49,11.49,10.98,-1003.8,-1014.79,-4.42,5,rotation (out of top-N),2024-07-29,24.73,25.51,21.86,27.09,27.49,25.7,27.09,26.4,13.14,2.54,476,2.63,2.4,1.3,3.0
SELL,171,SWKS,2024-07-30,109.13,233.76,2024-07-16,107.58,12.57,12.76,362.33,349.57,1.39,10,rotation (out of top-N),2024-07-29,97.03,98.86,94.26,108.74,106.73,98.65,108.74,106.46,2.93,2.1,35,0.59,3.0,4.3,5.7
SELL,178,VTRS,2024-07-30,11.02,2148.79,2024-07-23,10.69,11.49,11.84,709.1,697.26,3.04,5,rotation (out of top-N),2024-07-29,10.9,10.38,10.11,10.93,10.72,9.96,10.93,10.76,7.83,1.59,21,1.57,3.1,4.3,5.8
BUY,186,AAPL,2024-08-06,203.62,107.6,,,10.95,,,,,,,2024-08-05,214.3,211.88,189.99,207.43,216.68,216.35,208.61,198.4,12.8,4.89,70,2.56,4.5,2.2,2.6
BUY,190,CBOE,2024-08-06,192.49,113.82,,,10.95,,,,,,,2024-08-05,197.46,180.41,176.06,191.97,183.73,172.33,191.97,186.66,12.16,2.77,7,2.43,4.3,4.3,4.8
BUY,187,DASH,2024-08-06,123.06,178.03,,,10.95,,,,,,,2024-08-05,123.8,113.74,113.52,121.34,110.8,109.1,121.34,114.64,9.05,5.53,0,1.81,5.5,4.5,4.1
BUY,189,PLTR,2024-08-06,27.02,810.68,,,10.95,,,,,,,2024-08-05,30.02,26.33,22.14,24.1,26.14,26.1,28.69,26.35,35.62,8.15,483,5,4.8,0.2,0.0
BUY,192,PYPL,2024-08-06,60.31,363.27,,,10.95,,,,,,,2024-08-05,64.38,61.17,61.15,60.2,61.27,60.29,60.0,57.75,5.28,3.75,0,1.06,4.8,4.7,5.0
BUY,188,SWK,2024-08-06,88.83,246.64,,,10.95,,,,,,,2024-08-05,88.04,83.77,83.28,88.89,89.76,80.81,87.95,84.87,5.72,3.5,0,1.14,4.6,4.7,5.1
BUY,191,TPL,2024-08-06,253.91,86.28,,,10.95,,,,,,,2024-08-05,271.23,249.66,196.02,251.09,264.55,253.74,251.09,241.42,38.37,3.85,119,5,4.5,0.1,0.4
BUY,185,WAT,2024-08-06,331.1,66.17,,,10.95,,,,,,,2024-08-05,332.6,317.29,316.3,328.15,327.78,302.72,328.15,316.78,5.15,3.46,0,1.03,4.6,4.7,5.2
SELL,174,BKR,2024-08-06,33.01,670.28,2024-07-23,34.27,11.49,11.06,-844.56,-855.62,-3.72,10,rotation (out of top-N),2024-08-05,33.91,33.48,31.34,33.18,35.03,33.3,33.18,32.13,8.19,3.16,42,1.64,3.8,3.9,4.4
SELL,182,CCI,2024-08-06,100.68,233.77,2024-07-30,99.02,11.57,11.77,388.05,376.28,1.63,5,rotation (out of top-N),2024-08-05,100.91,95.93,94.15,101.08,99.81,92.51,99.91,97.73,7.18,2.18,7,1.44,3.7,4.5,5.7
SELL,175,COIN,2024-08-06,191.37,87.34,2024-07-23,263.0,11.49,8.36,-6256.21,-6264.57,-27.27,10,rotation (out of top-N),2024-08-05,196.32,222.24,194.29,189.51,219.89,232.27,189.51,169.0,1.05,10.82,511,0.21,3.1,1.9,2.9
SELL,184,IQV,2024-08-06,235.12,96.75,2024-07-30,239.25,11.57,11.37,-400.54,-411.91,-1.78,5,rotation (out of top-N),2024-08-05,237.42,229.34,227.28,233.85,238.81,222.68,233.85,228.06,4.46,2.47,7,0.89,3.8,4.7,5.8
SELL,183,MMM,2024-08-06,118.68,190.91,2024-07-30,121.25,11.57,11.33,-490.63,-501.96,-2.17,5,rotation (out of top-N),2024-08-05,119.37,107.57,86.86,119.84,115.79,102.34,119.84,116.83,37.42,2.51,147,5,3.5,0.1,1.3
SELL,179,PFE,2024-08-06,26.4,840.2,2024-07-30,27.55,11.57,11.09,-966.23,-977.32,-4.22,5,rotation (out of top-N),2024-08-05,25.37,25.59,24.36,26.43,26.78,25.3,26.43,25.57,4.13,3.25,35,0.83,3.8,4.2,4.8
SELL,181,RVTY,2024-08-06,119.64,186.19,2024-07-30,124.32,11.57,11.14,-871.38,-882.52,-3.81,5,rotation (out of top-N),2024-08-05,118.4,112.17,104.41,119.62,119.43,110.03,119.62,116.36,13.4,2.73,84,2.68,3.1,1.9,3.4
SELL,180,UNH,2024-08-06,544.83,42.47,2024-07-30,545.07,11.57,11.57,-10.19,-21.76,-0.09,5,rotation (out of top-N),2024-08-05,537.06,517.23,491.76,548.1,546.84,500.84,544.99,533.49,9.21,2.11,21,1.84,3.5,4.2,5.3
BUY,196,CHTR,2024-08-13,352.92,62.28,,,10.99,,,,,,,2024-08-12,353.32,333.39,320.63,350.8,358.37,321.73,350.8,344.65,10.2,1.75,7,2.04,3.6,4.4,5.7
BUY,195,CIEN,2024-08-13,48.81,450.28,,,10.99,,,,,,,2024-08-12,53.8,49.51,49.12,48.52,48.58,48.55,48.52,47.94,9.54,1.2,0,1.91,3.3,4.5,6.2
BUY,193,FTNT,2024-08-13,70.28,312.7,,,10.99,,,,,,,2024-08-12,74.73,63.53,62.28,70.39,63.97,59.81,70.39,69.07,19.99,1.87,0,4.0,4.2,4.0,4.8
BUY,194,KEY,2024-08-13,14.65,1500.23,,,10.99,,,,,,,2024-08-12,15.12,13.91,13.12,14.59,13.74,13.52,14.59,13.98,15.22,4.16,266,3.04,3.5,1.2,1.7
SELL,186,AAPL,2024-08-13,217.55,107.6,2024-08-06,203.62,10.95,11.7,1498.81,1487.1,6.79,5,rotation (out of top-N),2024-08-12,224.38,214.15,190.99,215.98,213.79,217.34,215.98,212.99,17.48,1.39,77,3.5,2.5,1.8,4.0
SELL,190,CBOE,2024-08-13,198.94,113.82,2024-08-06,192.49,10.95,11.32,734.12,722.8,3.3,5,rotation (out of top-N),2024-08-12,198.89,183.77,176.79,199.14,192.84,176.15,199.14,197.37,12.5,0.89,14,2.5,3.0,4.1,5.9
SELL,170,TSLA,2024-08-13,198.61,99.97,2024-07-09,251.1,12.55,9.93,-5247.46,-5257.38,-20.94,25,rotation (out of top-N),2024-08-12,216.19,210.51,201.87,197.55,206.08,219.56,197.55,192.67,7.09,2.47,35,1.42,3.4,4.1,5.1
SELL,185,WAT,2024-08-13,332.61,66.17,2024-08-06,331.1,10.95,11.0,99.58,88.58,0.4,5,rotation (out of top-N),2024-08-12,339.79,321.38,318.4,333.23,329.74,306.49,333.23,329.55,6.72,1.1,7,1.34,3.0,4.5,6.5
BUY,197,APP,2024-08-20,85.25,264.21,,,11.26,,,,,,,2024-08-19,90.25,81.57,65.34,85.79,80.96,80.32,85.79,83.74,38.13,2.39,469,5,3.5,0.1,1.4
BUY,199,CBOE,2024-08-20,199.72,112.78,,,11.26,,,,,,,2024-08-19,205.0,187.63,177.64,200.46,196.8,180.11,200.46,198.77,15.4,0.84,21,3.08,3.0,3.9,5.5
BUY,200,KVUE,2024-08-20,20.13,1118.98,,,11.26,,,,,,,2024-08-19,20.28,18.46,18.17,20.13,19.44,17.58,20.13,19.91,11.64,1.11,0,2.33,3.3,4.4,6.1
BUY,198,UBER,2024-08-20,74.12,303.9,,,11.26,,,,,,,2024-08-19,74.33,69.31,68.81,74.2,70.22,68.67,74.2,73.05,8.02,1.55,0,1.6,3.4,4.6,6.2
SELL,196,CHTR,2024-08-20,351.44,62.28,2024-08-13,352.92,10.99,10.94,-91.86,-102.8,-0.47,5,rotation (out of top-N),2024-08-19,348.7,336.18,319.16,355.18,355.39,330.58,355.18,351.15,9.26,1.14,14,1.85,3.0,4.3,6.1
SELL,194,KEY,2024-08-20,15.19,1500.23,2024-08-13,14.65,10.99,11.39,810.12,798.73,3.63,5,rotation (out of top-N),2024-08-19,15.76,14.25,13.24,15.27,14.44,13.81,15.27,15.05,18.99,1.43,273,3.8,1.9,1.1,3.1
SELL,188,SWK,2024-08-20,90.62,246.64,2024-08-06,88.83,10.95,11.18,441.48,430.3,1.96,10,rotation (out of top-N),2024-08-19,93.36,86.5,83.88,90.46,89.37,83.45,89.51,88.78,11.31,0.81,14,2.26,2.9,4.2,6.1
SELL,191,TPL,2024-08-20,267.97,86.28,2024-08-06,253.91,10.95,11.56,1213.17,1201.61,5.48,10,rotation (out of top-N),2024-08-19,283.37,259.17,201.06,277.56,270.86,260.69,277.56,275.23,40.94,0.84,133,5,2.6,-0.0,2.4
BUY,201,COO,2024-08-27,94.75,245.34,,,11.62,,,,,,,2024-08-26,105.67,95.21,94.03,94.48,93.92,91.23,94.48,93.53,12.38,1.01,0,2.48,3.3,4.4,6.1
BUY,202,LITE,2024-08-27,55.24,420.82,,,11.62,,,,,,,2024-08-26,57.61,52.37,49.26,56.44,53.82,52.06,56.44,54.79,16.96,2.93,63,3.39,3.8,2.1,3.3
SELL,199,CBOE,2024-08-27,208.55,112.78,2024-08-20,199.72,11.26,11.76,995.88,984.12,4.37,5,rotation (out of top-N),2024-08-26,201.65,190.18,178.32,208.68,202.2,184.92,208.68,206.19,13.09,1.19,28,2.62,3.0,3.9,5.4
SELL,200,KVUE,2024-08-27,20.53,1118.98,2024-08-20,20.13,11.26,11.49,447.59,436.11,1.94,5,rotation (out of top-N),2024-08-26,20.4,18.81,18.22,20.44,19.95,17.97,20.44,20.25,11.97,0.92,7,2.39,3.1,4.3,6.1
BUY,204,COHR,2024-09-10,70.56,312.53,,,11.03,,,,,,,2024-09-09,77.96,72.47,60.73,70.81,73.62,71.44,70.81,68.53,28.38,3.22,266,5,3.6,0.6,1.0
BUY,206,KVUE,2024-09-10,21.54,1023.78,,,11.03,,,,,,,2024-09-09,21.76,19.71,18.36,21.59,20.78,18.87,21.59,21.27,18.49,1.48,21,3.7,3.6,3.7,4.8
BUY,205,SBUX,2024-09-10,88.15,250.17,,,11.03,,,,,,,2024-09-09,94.25,84.34,82.22,88.19,88.55,80.25,88.19,86.98,14.63,1.37,7,2.93,3.5,4.2,5.5
BUY,203,UAL,2024-09-10,48.89,451.06,,,11.03,,,,,,,2024-09-09,50.23,45.89,45.87,48.76,44.75,43.67,48.76,47.18,9.51,3.25,0,1.9,4.6,4.5,4.9
SELL,187,DASH,2024-09-10,124.32,178.03,2024-08-06,123.06,10.95,11.07,224.32,213.25,0.97,24,rotation (out of top-N),2024-09-09,131.32,122.95,117.73,124.67,125.89,118.81,124.67,122.39,11.54,1.83,35,2.31,3.2,3.8,5.0
SELL,193,FTNT,2024-09-10,75.25,312.7,2024-08-13,70.28,10.99,11.77,1552.57,1540.8,7.01,19,rotation (out of top-N),2024-09-09,75.01,70.06,64.59,75.09,75.45,67.15,75.09,74.15,16.14,1.25,28,3.23,3.2,3.7,5.1
SELL,202,LITE,2024-09-10,50.7,420.82,2024-08-27,55.24,11.62,10.67,-1910.53,-1921.2,-8.26,9,rotation (out of top-N),2024-09-09,55.78,52.95,49.75,51.2,54.0,51.94,51.2,49.73,12.13,2.88,77,2.43,3.2,2.1,3.6
SELL,198,UBER,2024-09-10,70.0,303.9,2024-08-20,74.12,11.26,10.64,-1250.55,-1261.19,-5.6,14,rotation (out of top-N),2024-09-09,72.47,70.38,69.83,69.79,71.23,69.0,69.79,68.37,3.78,2.03,21,0.76,3.2,4.5,5.9
BUY,209,CCL,2024-09-17,17.81,1396.14,,,12.43,,,,,,,2024-09-16,18.79,16.66,16.07,17.64,16.56,15.98,17.64,17.29,16.96,1.97,7,3.39,4.0,4.0,4.9
BUY,210,CEG,2024-09-17,198.89,125.02,,,12.43,,,,,,,2024-09-16,252.35,200.39,175.37,197.26,186.78,183.16,197.26,192.85,43.9,2.24,462,5,3.7,-0.2,1.5
BUY,208,NCLH,2024-09-17,19.98,1244.2,,,12.43,,,,,,,2024-09-16,20.89,18.24,17.94,19.87,18.46,17.33,19.87,19.46,16.4,2.07,0,3.28,4.2,4.2,5.0
BUY,207,ORCL,2024-09-17,167.14,148.77,,,12.43,,,,,,,2024-09-16,164.86,144.19,123.5,167.29,151.62,137.57,167.29,161.14,33.49,3.68,189,5,4.1,0.3,0.5
BUY,211,VST,2024-09-17,89.52,277.76,,,12.43,,,,,,,2024-09-16,106.77,85.27,69.8,88.45,80.73,77.61,88.33,85.71,52.96,2.97,553,5,4.6,-0.6,1.0
SELL,195,CIEN,2024-09-17,56.82,450.28,2024-08-13,48.81,10.99,12.79,3606.77,3593.97,16.35,24,rotation (out of top-N),2024-09-16,58.73,53.77,50.48,56.31,54.56,52.4,56.31,55.47,16.36,1.49,35,3.27,3.2,3.6,4.8
SELL,201,COO,2024-09-17,111.4,245.34,2024-08-27,94.75,11.62,13.67,4084.95,4071.28,17.51,14,rotation (out of top-N),2024-09-16,110.51,101.66,95.72,111.22,107.5,97.42,111.22,109.95,15.45,1.14,21,3.09,3.2,3.9,5.3
SELL,206,KVUE,2024-09-17,21.85,1023.78,2024-09-10,21.54,11.03,11.18,317.37,306.19,1.39,5,rotation (out of top-N),2024-09-16,21.41,20.02,18.43,21.76,21.31,19.46,21.76,21.5,16.2,1.2,28,3.24,3.1,3.7,5.1
SELL,192,PYPL,2024-09-17,71.67,363.27,2024-08-06,60.31,10.95,13.02,4126.71,4113.69,18.78,29,rotation (out of top-N),2024-09-16,76.36,68.44,63.17,70.69,69.99,66.54,70.46,69.56,20.89,1.28,42,4.18,3.2,3.3,4.4
SELL,205,SBUX,2024-09-17,92.28,250.17,2024-09-10,88.15,11.03,11.54,1033.19,1021.65,4.63,5,rotation (out of top-N),2024-09-16,91.84,85.71,82.25,92.11,91.42,82.91,92.11,90.93,11.66,1.28,14,2.33,3.2,4.2,5.7
BUY,212,BLDR,2024-09-24,196.9,132.86,,,13.08,,,,,,,2024-09-23,194.7,177.25,174.16,195.8,189.11,170.22,195.8,192.14,11.79,1.87,0,2.36,3.8,4.4,5.6
BUY,214,CIEN,2024-09-24,61.36,426.35,,,13.08,,,,,,,2024-09-23,61.81,55.23,50.92,61.67,57.23,53.4,61.67,60.28,21.39,2.26,42,4.28,3.9,3.2,3.7
BUY,213,TPR,2024-09-24,44.12,592.94,,,13.08,,,,,,,2024-09-23,46.78,41.39,40.4,43.05,41.67,39.22,42.92,42.2,15.79,1.67,7,3.16,3.8,4.1,5.2
SELL,209,CCL,2024-09-24,18.79,1396.14,2024-09-17,17.81,12.43,13.12,1368.22,1355.1,5.45,5,rotation (out of top-N),2024-09-23,18.34,16.96,16.06,18.77,17.8,16.06,18.77,18.43,14.22,1.82,14,2.84,3.7,4.1,5.1
SELL,204,COHR,2024-09-24,89.75,312.53,2024-09-10,70.56,11.03,14.03,5999.05,5985.02,27.14,10,rotation (out of top-N),2024-09-23,89.81,77.79,62.94,88.22,81.31,72.9,88.22,86.12,42.7,2.38,280,5,3.7,-0.1,1.4
SELL,207,ORCL,2024-09-24,162.76,148.77,2024-09-17,167.14,12.43,12.11,-651.61,-663.72,-2.67,5,rotation (out of top-N),2024-09-23,165.58,148.08,125.06,162.85,159.22,140.86,162.85,161.08,32.4,1.08,196,5,2.3,0.4,2.3
BUY,216,CCL,2024-10-01,18.5,1416.33,,,13.1,,,,,,,2024-09-30,17.82,17.12,16.04,18.28,18.11,16.33,18.28,17.53,11.08,4.12,21,2.22,4.9,4.1,3.8
BUY,215,COHR,2024-10-01,91.48,286.41,,,13.1,,,,,,,2024-09-30,95.34,80.98,64.23,88.85,86.91,75.98,88.85,86.21,48.43,2.97,287,5,4.4,-0.4,1.0
BUY,217,TPL,2024-10-01,288.14,90.94,,,13.1,,,,,,,2024-09-30,323.73,285.17,218.37,292.02,294.4,277.97,292.02,285.27,48.25,2.31,175,5,4.0,-0.4,1.5
SELL,212,BLDR,2024-10-01,192.96,132.86,2024-09-24,196.9,13.08,12.82,-524.14,-536.96,-2.05,5,rotation (out of top-N),2024-09-30,192.29,179.99,174.79,193.86,191.55,173.95,193.86,189.79,10.01,2.1,7,2.0,3.8,4.4,5.5
SELL,214,CIEN,2024-10-01,61.11,426.35,2024-09-24,61.36,13.08,13.03,-106.59,-119.61,-0.46,5,rotation (out of top-N),2024-09-30,66.69,57.31,51.46,61.61,60.03,54.75,61.61,60.78,29.58,1.35,49,5,3.6,2.7,3.3
SELL,213,TPR,2024-10-01,45.46,592.94,2024-09-24,44.12,13.08,13.48,794.55,781.07,2.99,5,rotation (out of top-N),2024-09-30,45.39,42.11,40.66,45.86,44.22,40.13,45.73,45.03,11.64,1.54,14,2.33,3.4,4.2,5.6
BUY,218,BLDR,2024-10-08,193.49,162.87,,,15.76,,,,,,,2024-10-07,193.01,182.35,175.62,192.17,192.95,179.04,192.17,187.24,9.9,2.57,14,1.98,4.0,4.3,5.1
BUY,219,LITE,2024-10-08,67.67,465.74,,,15.76,,,,,,,2024-10-07,68.24,60.32,51.18,67.29,64.48,57.18,67.29,65.11,33.33,3.23,105,5,4.1,0.6,1.1
SELL,210,CEG,2024-10-08,275.23,125.02,2024-09-17,198.89,12.43,17.2,9544.04,9526.83,38.31,15,rotation (out of top-N),2024-10-07,263.48,230.67,186.8,275.67,261.22,210.51,275.67,268.78,41.05,2.5,483,5,3.7,-0.1,1.3
SELL,217,TPL,2024-10-08,314.98,90.94,2024-10-01,288.14,13.1,14.32,2440.71,2426.39,9.26,5,rotation (out of top-N),2024-10-07,349.69,296.9,222.91,326.31,308.93,284.65,326.31,320.61,56.87,1.75,182,5,4.0,-0.8,1.8
BUY,220,DAL,2024-10-15,53.03,589.89,,,15.64,,,,,,,2024-10-14,54.84,47.67,44.71,52.26,49.6,44.85,52.26,51.25,22.66,1.94,21,4.53,4.1,3.5,4.1
BUY,222,FAST,2024-10-15,37.14,842.27,,,15.64,,,,,,,2024-10-14,37.53,34.57,33.27,36.95,34.96,33.55,36.95,35.94,12.79,2.73,28,2.56,4.0,3.9,4.4
BUY,221,HOOD,2024-10-15,27.14,1152.82,,,15.64,,,,,,,2024-10-14,26.83,23.31,19.23,27.01,24.91,21.98,27.01,26.08,39.55,3.43,308,5,4.3,0.0,0.7
SELL,218,BLDR,2024-10-15,198.18,162.87,2024-10-08,193.49,15.76,16.14,763.87,747.73,2.37,5,rotation (out of top-N),2024-10-14,195.0,184.65,176.31,196.31,193.58,183.24,196.31,193.67,10.6,1.34,21,2.12,3.1,4.1,5.7
SELL,216,CCL,2024-10-15,20.63,1416.33,2024-10-01,18.5,13.1,14.61,3016.79,3002.18,11.46,10,rotation (out of top-N),2024-10-14,21.09,18.3,16.23,19.99,19.14,17.35,19.99,19.69,29.97,1.52,35,5,3.9,2.9,3.4
SELL,219,LITE,2024-10-15,69.59,465.74,2024-10-08,67.67,15.76,16.21,896.55,880.34,2.79,5,rotation (out of top-N),2024-10-14,66.25,61.4,51.57,69.24,66.81,59.66,69.24,68.09,28.47,1.66,112,5,2.7,0.7,2.2
BUY,223,CCL,2024-10-22,20.93,1503.61,,,15.74,,,,,,,2024-10-21,20.67,18.73,16.32,21.06,20.4,18.06,21.06,20.76,26.69,1.44,42,5,3.6,3.0,3.7
BUY,224,EXPE,2024-10-22,160.78,195.74,,,15.74,,,,,,,2024-10-21,156.44,145.35,131.65,161.16,152.99,142.34,161.16,158.09,18.83,1.9,35,3.77,3.6,3.5,4.3
BUY,225,TPL,2024-10-22,360.62,87.27,,,15.74,,,,,,,2024-10-21,362.04,316.55,232.56,350.54,341.51,301.69,350.54,342.07,55.68,2.42,196,5,4.4,-0.8,1.4
SELL,220,DAL,2024-10-22,54.14,589.89,2024-10-15,53.03,15.64,15.97,654.78,638.81,2.04,5,rotation (out of top-N),2024-10-21,53.19,48.68,45.13,54.17,52.54,46.66,54.17,53.35,17.85,1.51,28,3.57,3.4,3.6,4.7
SELL,222,FAST,2024-10-22,37.29,842.27,2024-10-15,37.14,15.64,15.7,126.34,110.64,0.35,5,rotation (out of top-N),2024-10-21,36.75,34.97,33.37,37.47,36.52,34.16,37.47,37.16,10.12,0.82,35,2.02,2.5,3.9,5.9
SELL,221,HOOD,2024-10-22,26.99,1152.82,2024-10-15,27.14,15.64,15.56,-167.16,-182.72,-0.58,5,rotation (out of top-N),2024-10-21,27.04,23.99,19.63,26.96,26.1,22.8,26.96,26.32,37.72,2.37,315,5,3.5,0.1,1.4
BUY,226,DAL,2024-10-29,53.9,598.47,,,16.13,,,,,,,2024-10-28,57.4,50.26,45.6,54.44,53.36,48.33,54.44,53.37,25.86,1.97,35,5,4.0,3.1,3.5
BUY,228,DLR,2024-10-29,175.34,183.97,,,16.13,,,,,,,2024-10-28,168.5,157.18,142.11,175.51,162.59,153.28,174.35,166.86,18.57,4.3,497,3.71,3.8,1.1,1.3
BUY,227,FIX,2024-10-29,386.23,83.52,,,16.13,,,,,,,2024-10-28,389.54,376.35,322.46,387.01,400.91,378.13,387.01,369.4,20.8,4.55,819,4.16,4.0,1.0,0.9
BUY,229,TPR,2024-10-29,48.37,666.89,,,16.13,,,,,,,2024-10-28,45.85,44.3,41.69,49.23,45.45,43.4,49.09,47.58,9.99,3.07,42,2.0,3.8,3.8,4.3
SELL,215,COHR,2024-10-29,96.62,286.41,2024-10-01,91.48,13.1,13.84,1470.71,1456.88,5.56,20,rotation (out of top-N),2024-10-28,92.23,89.68,69.59,96.37,97.43,88.95,96.37,94.62,32.53,1.81,315,5,2.8,0.4,1.8
SELL,224,EXPE,2024-10-29,155.28,195.74,2024-10-22,160.78,15.74,15.2,-1076.56,-1091.75,-3.47,5,rotation (out of top-N),2024-10-28,157.5,147.56,131.83,156.06,155.58,144.78,156.06,154.16,19.47,1.22,42,3.89,3.1,3.3,4.5
SELL,189,PLTR,2024-10-29,44.87,810.68,2024-08-06,27.02,10.95,18.19,14466.57,14448.38,65.95,59,rotation (out of top-N),2024-10-28,41.93,39.03,27.95,44.98,43.3,38.52,44.98,44.39,50.04,1.31,567,5,3.4,-0.5,2.1
SELL,211,VST,2024-10-29,124.82,277.76,2024-09-17,89.52,12.43,17.34,9805.0,9787.66,39.36,30,rotation (out of top-N),2024-10-28,118.51,112.6,82.77,126.8,125.87,109.77,126.62,123.7,43.18,2.3,595,5,3.7,-0.2,1.5
BUY,233,CHTR,2024-11-05,376.18,87.41,,,16.44,,,,,,,2024-11-04,393.66,347.89,309.56,375.58,343.25,331.22,375.58,357.37,27.17,4.85,91,5,4.8,1.1,0.8
BUY,230,HOOD,2024-11-05,24.5,1342.17,,,16.44,,,,,,,2024-11-04,30.53,25.18,20.45,24.34,25.79,24.41,24.34,23.5,49.26,3.47,329,5,4.8,-0.5,0.7
BUY,231,PLTR,2024-11-05,47.8,687.93,,,16.44,,,,,,,2024-11-04,58.44,42.56,28.98,41.45,42.73,39.95,46.91,45.23,101.65,3.58,574,5,5.4,-1,0.6
BUY,234,TSLA,2024-11-05,247.4,132.92,,,16.44,,,,,,,2024-11-04,321.18,252.69,205.76,242.91,246.88,239.99,242.91,236.02,56.09,2.84,119,5,4.7,-0.8,1.1
BUY,232,VST,2024-11-05,115.49,284.73,,,16.44,,,,,,,2024-11-04,140.69,117.71,85.19,114.74,122.21,115.59,114.58,109.98,65.15,4.01,602,5,5.7,-1,0.3
SELL,226,DAL,2024-11-05,56.18,598.47,2024-10-29,53.9,16.13,16.81,1364.52,1347.7,4.18,5,rotation (out of top-N),2024-11-04,60.01,52.03,46.13,55.92,55.43,50.2,55.92,54.79,30.08,2.02,42,5,4.1,2.8,3.0
SELL,228,DLR,2024-11-05,169.73,183.97,2024-10-29,175.34,16.13,15.61,-1032.08,-1047.7,-3.25,5,rotation (out of top-N),2024-11-04,174.21,160.28,143.09,169.64,167.91,157.0,168.52,166.74,21.75,1.05,504,4.35,1.8,0.9,3.1
SELL,227,FIX,2024-11-05,393.66,83.52,2024-10-29,386.23,16.13,16.44,620.55,604.11,1.87,5,rotation (out of top-N),2024-11-04,459.04,391.38,328.2,387.14,393.39,388.31,387.14,380.67,39.86,1.67,826,5,3.1,0.0,1.9
SELL,225,TPL,2024-11-05,404.65,87.27,2024-10-22,360.62,15.74,17.66,3842.42,3824.76,12.15,10,rotation (out of top-N),2024-11-04,454.53,352.07,245.67,398.3,373.31,325.62,398.3,388.46,85.02,2.47,210,5,4.6,-1,1.4
SELL,229,TPR,2024-11-05,47.2,666.89,2024-10-29,48.37,16.13,15.74,-780.27,-796.0,-2.47,5,rotation (out of top-N),2024-11-04,51.0,45.52,42.01,47.4,46.34,44.27,47.26,46.49,21.41,1.64,49,4.28,3.3,3.1,4.0
BUY,238,AXON,2024-11-12,608.72,60.41,,,18.39,,,,,,,2024-11-11,599.38,471.43,345.73,616.22,499.96,432.6,616.22,576.4,73.37,6.46,441,5,6,-1,0.0
BUY,236,COIN,2024-11-12,310.3,118.51,,,18.39,,,,,,,2024-11-11,305.85,224.05,217.11,324.56,243.67,194.71,324.56,301.41,40.87,7.13,0,5,7.0,3.0,2.0
BUY,237,LITE,2024-11-12,86.08,427.19,,,18.39,,,,,,,2024-11-11,81.43,69.16,53.55,86.72,73.66,66.33,86.72,81.46,52.06,6.06,140,5,5.6,-0.6,0.0
BUY,235,WBD,2024-11-12,9.26,3973.47,,,18.39,,,,,,,2024-11-11,9.22,8.33,8.12,9.33,8.59,8.03,9.33,8.97,13.58,3.89,0,2.72,5.3,4.3,4.0
BUY,239,XYZ,2024-11-12,82.5,445.75,,,18.39,,,,,,,2024-11-11,84.33,72.85,70.12,83.44,75.68,70.68,83.44,79.7,20.27,4.49,7,4.05,5.9,3.9,2.9
SELL,223,CCL,2024-11-12,23.96,1503.61,2024-10-22,20.93,15.74,18.01,4555.95,4537.94,14.42,15,rotation (out of top-N),2024-11-11,24.03,20.81,16.88,24.35,22.88,20.21,24.35,23.9,42.38,1.84,63,5,4.3,0.8,2.7
SELL,233,CHTR,2024-11-12,394.23,87.41,2024-11-05,376.18,16.44,17.23,1577.82,1560.59,4.75,5,rotation (out of top-N),2024-11-11,389.48,355.45,312.01,396.17,375.99,338.69,396.17,391.06,24.83,1.29,98,4.97,2.5,1.1,3.0
SELL,152,CVNA,2024-11-12,49.3,796.91,2024-05-07,24.78,9.87,19.64,19540.16,19520.51,98.85,131,rotation (out of top-N),2024-11-11,48.24,40.64,26.21,50.0,46.61,39.15,50.0,48.73,84.08,2.54,525,5,4.7,-1,1.3
SELL,208,NCLH,2024-11-12,27.43,1244.2,2024-09-17,19.98,12.43,17.06,9256.82,9239.76,37.16,40,rotation (out of top-N),2024-11-11,26.41,23.41,19.08,27.83,26.2,22.9,27.83,27.27,38.41,2.03,56,5,4.3,2.1,2.7
SELL,203,UAL,2024-11-12,88.85,451.06,2024-09-10,48.89,11.03,20.04,18024.3,18004.26,81.64,45,rotation (out of top-N),2024-11-11,91.17,72.24,52.5,89.4,82.88,67.23,89.4,87.88,73.67,1.7,63,5,5.1,-0.0,2.8
BUY,240,UAL,2024-11-19,89.02,410.21,,,18.26,,,,,,,2024-11-18,95.24,76.42,53.83,90.36,87.69,71.95,90.36,88.58,76.94,1.97,70,5,5.1,-0.2,2.5
SELL,238,AXON,2024-11-19,603.5,60.41,2024-11-12,608.72,18.39,18.23,-315.35,-333.58,-0.91,5,rotation (out of top-N),2024-11-18,636.81,501.5,354.91,600.63,563.53,459.04,600.63,591.05,79.43,1.6,448,5,4.1,-1,1.9
BUY,242,CVNA,2024-11-26,51.64,751.25,,,19.4,,,,,,,2024-11-25,52.05,44.39,28.19,52.14,49.7,43.05,52.14,50.37,84.61,3.39,539,5,5.3,-1,0.7
BUY,241,TPL,2024-11-26,520.49,74.53,,,19.4,,,,,,,2024-11-25,528.0,428.58,272.12,530.16,490.09,393.03,530.16,498.95,94.03,5.89,231,5,6,-1,0.0
SELL,237,LITE,2024-11-26,87.38,427.19,2024-11-12,86.08,18.39,18.66,551.07,532.41,1.45,10,rotation (out of top-N),2024-11-25,87.01,75.37,55.48,87.19,83.76,72.18,87.19,84.66,56.82,2.91,154,5,4.8,-0.8,1.1
SELL,239,XYZ,2024-11-26,90.46,445.75,2024-11-12,82.5,18.39,20.16,3548.17,3528.01,9.59,10,rotation (out of top-N),2024-11-25,88.58,78.6,71.03,90.79,88.28,76.14,90.79,88.75,24.72,2.25,21,4.94,4.4,3.4,3.7
BUY,245,LITE,2024-12-03,86.93,476.38,,,20.71,,,,,,,2024-12-02,92.82,78.54,56.54,86.38,85.04,74.25,86.38,84.39,64.17,2.31,161,5,4.5,-1,1.5
BUY,243,LULU,2024-12-03,333.56,124.15,,,20.71,,,,,,,2024-12-02,399.85,321.45,315.03,334.56,320.97,305.33,334.56,328.19,26.92,1.9,0,5,4.6,3.7,4.0
BUY,244,NCLH,2024-12-03,28.26,1465.39,,,20.71,,,,,,,2024-12-02,27.65,25.12,19.83,28.34,27.08,25.19,28.34,27.56,39.46,2.73,77,5,4.5,0.7,1.9
BUY,246,XYZ,2024-12-03,91.85,450.86,,,20.71,,,,,,,2024-12-02,98.27,82.17,71.5,92.78,89.28,78.52,92.78,89.94,37.44,3.06,28,5,5.4,2.7,2.5
SELL,242,CVNA,2024-12-03,50.86,751.25,2024-11-26,51.64,19.4,19.1,-585.97,-605.08,-1.56,4,rotation (out of top-N),2024-12-02,50.23,45.45,29.04,51.0,50.59,44.63,51.0,49.99,73.0,1.97,546,5,4.3,-1,1.7
SELL,231,PLTR,2024-12-03,66.6,687.93,2024-11-05,47.8,16.44,22.91,12933.17,12910.26,39.26,19,rotation (out of top-N),2024-12-02,76.31,57.3,33.4,66.39,64.15,51.68,66.39,64.9,128.47,2.24,602,5,4.5,-1,1.5
SELL,240,UAL,2024-12-03,97.29,410.21,2024-11-19,89.02,18.26,19.95,3394.46,3374.51,9.24,9,rotation (out of top-N),2024-12-02,100.27,83.79,56.49,97.48,94.92,80.81,97.48,96.2,77.49,1.31,84,5,4.5,-0.4,2.7
SELL,235,WBD,2024-12-03,10.53,3973.47,2024-11-12,9.26,18.39,20.92,5066.17,5045.25,13.72,14,rotation (out of top-N),2024-12-02,10.65,9.28,8.22,10.57,10.13,8.64,10.57,10.36,29.55,2.03,21,5,4.5,3.2,3.3
BUY,250,AXON,2024-12-10,647.87,60.9,,,19.73,,,,,,,2024-12-09,644.62,572.95,381.95,642.16,654.16,540.98,642.16,622.77,68.77,3.02,469,5,5.0,-1,1.0
BUY,249,PLTR,2024-12-10,71.97,548.16,,,19.73,,,,,,,2024-12-09,76.08,60.72,34.65,72.5,69.54,55.46,72.57,68.74,119.57,5.28,609,5,6,-1,0.0
BUY,248,UAL,2024-12-10,97.58,404.34,,,19.73,,,,,,,2024-12-09,95.08,85.85,57.79,95.98,97.32,85.63,95.98,93.61,64.53,2.47,91,5,5.1,-0.5,1.8
BUY,247,WBD,2024-12-10,10.57,3732.59,,,19.73,,,,,,,2024-12-09,12.07,9.79,8.31,10.57,10.44,9.01,10.57,10.21,45.27,3.45,28,5,6.1,2.3,2.2
SELL,245,LITE,2024-12-10,89.86,476.38,2024-12-03,86.93,20.71,21.4,1393.42,1372.01,3.31,5,rotation (out of top-N),2024-12-09,92.94,81.16,57.67,89.73,89.25,77.27,89.73,87.48,61.15,2.51,168,5,4.7,-1,1.3
SELL,244,NCLH,2024-12-10,26.71,1465.39,2024-12-03,28.26,20.71,19.57,-2264.02,-2283.6,-5.51,5,rotation (out of top-N),2024-12-09,26.8,25.43,20.0,25.97,27.11,25.84,25.97,25.23,34.02,2.84,84,5,4.2,0.9,1.7
SELL,241,TPL,2024-12-10,435.55,74.53,2024-11-26,520.49,19.4,16.23,-6330.94,-6347.17,-16.36,9,rotation (out of top-N),2024-12-09,394.86,424.54,284.66,437.81,472.22,430.08,437.81,427.65,38.71,2.32,245,5,3.5,0.1,1.5
SELL,246,XYZ,2024-12-10,96.42,450.86,2024-12-03,91.85,20.71,21.74,2060.45,2038.71,4.92,5,rotation (out of top-N),2024-12-09,92.03,83.97,71.78,95.42,93.81,82.02,95.42,92.86,28.21,2.68,35,5,4.6,3.0,2.8
BUY,251,AVGO,2024-12-17,237.36,185.56,,,22.02,,,,,,,2024-12-16,218.29,185.21,156.63,246.57,193.26,173.01,246.0,234.48,39.37,4.68,728,5,5.0,0.0,0.0
BUY,252,CIEN,2024-12-17,89.9,489.92,,,22.02,,,,,,,2024-12-16,87.4,74.39,56.56,91.2,79.5,70.06,91.2,88.33,54.53,3.15,126,5,4.8,-0.7,0.9
SELL,243,LULU,2024-12-17,384.96,124.15,2024-12-03,333.56,20.71,23.9,6381.99,6358.1,15.35,10,rotation (out of top-N),2024-12-16,379.41,342.42,311.16,389.75,378.72,329.86,389.75,383.22,21.94,1.68,14,4.39,4.0,3.7,4.5
SELL,232,VST,2024-12-17,141.55,284.73,2024-11-05,115.49,16.44,20.15,7420.02,7399.87,22.5,29,rotation (out of top-N),2024-12-16,139.09,139.56,100.01,144.09,147.52,140.9,143.89,140.24,39.07,2.54,644,5,3.6,0.0,1.3
BUY,254,CCL,2024-12-24,25.73,1574.62,,,20.26,,,,,,,2024-12-23,24.84,24.14,18.34,25.43,25.54,24.51,25.43,24.44,35.47,3.91,105,5,4.6,0.5,0.6
BUY,253,LULU,2024-12-24,385.0,105.23,,,20.26,,,,,,,2024-12-23,386.84,350.5,310.75,378.46,378.45,339.88,378.46,371.04,24.49,1.96,21,4.9,4.2,3.4,3.9
SELL,250,AXON,2024-12-24,626.38,60.9,2024-12-10,647.87,19.73,19.07,-1308.39,-1327.46,-3.36,10,rotation (out of top-N),2024-12-23,610.45,588.51,397.4,623.15,631.96,589.08,623.15,609.96,53.61,2.12,483,5,4.1,-0.7,1.6
SELL,252,CIEN,2024-12-24,87.61,489.92,2024-12-17,89.9,22.02,21.46,-1121.92,-1143.38,-2.6,5,rotation (out of top-N),2024-12-23,86.66,76.62,57.45,87.25,83.98,72.64,87.25,85.35,50.84,2.18,133,5,4.0,-0.5,1.5
BUY,255,EQT,2024-12-31,45.54,843.51,,,19.21,,,,,,,2024-12-30,46.2,42.5,37.4,45.76,43.68,42.83,45.76,44.73,23.52,2.25,56,4.7,3.7,2.9,3.2
BUY,258,LITE,2024-12-31,84.2,456.22,,,19.21,,,,,,,2024-12-30,89.35,83.61,60.55,83.81,85.47,84.44,83.81,82.09,47.57,2.05,189,5,3.7,-0.4,1.6
BUY,256,WSM,2024-12-31,182.71,210.24,,,19.21,,,,,,,2024-12-30,188.2,170.69,147.41,182.46,182.41,163.27,182.46,179.27,27.67,1.75,42,5,3.8,2.9,3.4
BUY,257,XYZ,2024-12-31,87.84,437.31,,,19.21,,,,,,,2024-12-30,92.21,86.91,72.42,87.5,90.11,88.43,87.5,85.69,27.33,2.07,56,5,3.8,2.7,3.0
SELL,251,AVGO,2024-12-31,232.99,185.56,2024-12-17,237.36,22.02,21.62,-810.89,-832.5,-1.89,9,rotation (out of top-N),2024-12-30,229.61,201.29,161.78,232.87,225.92,185.86,232.5,227.52,41.93,2.14,742,5,3.5,-0.1,1.6
SELL,254,CCL,2024-12-31,24.7,1574.62,2024-12-24,25.73,20.26,19.45,-1621.86,-1641.31,-4.05,4,rotation (out of top-N),2024-12-30,24.12,24.13,18.54,24.78,25.27,24.84,24.78,24.25,30.13,2.14,112,5,3.1,0.6,1.7
SELL,236,COIN,2024-12-31,263.01,118.51,2024-11-12,310.3,18.39,15.59,-5603.95,-5619.54,-15.28,33,rotation (out of top-N),2024-12-30,270.65,272.96,229.57,255.55,277.89,289.97,255.55,246.15,17.89,3.68,49,3.58,4.5,3.3,2.9
SELL,253,LULU,2024-12-31,384.58,105.23,2024-12-24,385.0,20.26,20.24,-44.2,-64.43,-0.16,4,rotation (out of top-N),2024-12-30,378.08,355.51,310.43,384.06,382.32,348.08,384.06,378.35,21.79,1.49,28,4.36,3.6,3.4,4.4
BUY,260,CEG,2025-01-07,258.74,157.43,,,20.37,,,,,,,2025-01-06,302.63,251.09,220.0,262.12,238.31,237.11,262.12,254.31,37.56,2.98,574,5,3.9,0.1,1.0
BUY,259,LULU,2025-01-07,403.87,100.86,,,20.37,,,,,,,2025-01-06,395.4,362.77,311.4,395.31,382.86,354.49,395.31,387.77,26.98,1.91,35,5,4.0,3.1,3.4
BUY,261,VST,2025-01-07,162.18,251.17,,,20.37,,,,,,,2025-01-06,165.73,147.48,106.38,162.79,148.34,147.18,162.56,156.4,55.79,3.79,665,5,5.3,-0.8,0.5
SELL,258,LITE,2025-01-07,90.82,456.22,2024-12-31,84.2,19.21,20.72,3020.17,2999.45,7.81,4,rotation (out of top-N),2025-01-06,84.32,83.74,61.51,90.5,86.81,86.48,90.5,88.19,37.09,2.55,196,5,3.6,0.1,1.3
SELL,247,WBD,2025-01-07,10.79,3732.59,2024-12-10,10.57,19.73,20.14,821.17,801.03,2.03,18,rotation (out of top-N),2025-01-06,9.7,10.08,8.5,10.83,10.69,10.42,10.83,10.51,14.08,2.96,56,2.82,3.7,3.4,3.7
SELL,257,XYZ,2025-01-07,92.7,437.31,2024-12-31,87.84,19.21,20.27,2125.34,2105.07,5.48,4,rotation (out of top-N),2025-01-06,82.49,86.11,72.55,91.99,89.85,89.96,91.99,89.44,13.7,2.77,63,2.74,3.5,2.3,3.7
BUY,262,AVGO,2025-01-14,224.14,280.91,,,31.48,,,,,,,2025-01-13,234.71,210.4,166.62,222.63,226.09,196.49,222.28,216.03,40.87,2.81,756,5,3.9,-0.0,1.1
BUY,263,TPR,2025-01-14,66.59,945.54,,,31.48,,,,,,,2025-01-13,70.09,62.16,46.75,65.53,65.38,61.29,65.35,63.98,49.92,2.1,119,5,3.9,-0.5,1.6
SELL,197,APP,2025-01-14,324.06,264.21,2024-08-20,85.25,11.26,42.81,63094.44,63051.63,279.92,100,rotation (out of top-N),2025-01-13,342.5,314.72,162.22,315.57,330.61,332.47,315.57,301.62,111.14,4.42,616,5,5.9,-1,0.1
SELL,259,LULU,2025-01-14,400.28,100.86,2025-01-07,403.87,20.37,20.19,-362.08,-382.27,-0.94,4,rotation (out of top-N),2025-01-13,373.62,364.74,312.33,399.18,390.01,362.43,399.18,390.63,19.62,2.14,42,3.92,3.7,3.3,3.9
BUY,264,APP,2025-01-28,348.17,159.16,,,27.71,,,,,,,2025-01-27,369.55,331.9,177.02,343.25,346.08,340.58,343.25,327.33,108.76,4.64,630,5,6,-1,0.0
BUY,267,CIEN,2025-01-28,79.19,699.77,,,27.71,,,,,,,2025-01-27,87.15,83.64,62.49,76.29,87.67,82.24,76.29,70.54,39.45,7.53,168,5,5.0,0.0,0.0
BUY,265,IBKR,2025-01-28,50.94,1087.84,,,27.71,,,,,,,2025-01-27,53.95,47.69,36.61,50.62,49.61,46.21,50.62,48.94,47.37,3.31,385,5,4.6,-0.4,0.8
BUY,266,LITE,2025-01-28,76.7,722.44,,,27.71,,,,,,,2025-01-27,85.01,87.04,65.17,74.16,90.04,88.27,74.16,68.05,30.45,8.23,217,5,4.5,0.5,0.0
SELL,262,AVGO,2025-01-28,205.7,280.91,2025-01-14,224.14,31.48,28.89,-5179.99,-5208.88,-8.27,9,rotation (out of top-N),2025-01-27,218.78,216.52,171.88,200.02,227.6,211.2,199.71,187.59,27.28,6.07,770,5,4.4,0.6,0.3
SELL,263,TPR,2025-01-28,71.21,945.54,2025-01-14,66.59,31.48,33.67,4368.38,4334.72,6.88,9,rotation (out of top-N),2025-01-27,71.63,65.54,48.44,71.21,70.26,64.66,71.0,69.48,47.88,2.15,133,5,3.8,-0.4,1.6
SELL,234,TSLA,2025-01-28,396.72,132.92,2024-11-05,247.4,16.44,26.37,19846.93,19820.56,60.28,55,rotation (out of top-N),2025-01-27,404.68,392.23,271.14,397.41,409.95,406.34,399.3,387.01,49.25,3.08,203,5,4.5,-0.5,0.9
SELL,256,WSM,2025-01-28,209.15,210.24,2024-12-31,182.71,19.21,21.99,5558.84,5536.85,14.41,17,rotation (out of top-N),2025-01-27,207.23,188.73,153.59,207.66,202.1,187.46,207.66,204.0,34.93,1.76,70,5,3.8,1.1,2.7
BUY,268,ABBV,2025-02-04,180.05,302.45,,,27.23,,,,,,,2025-02-03,182.91,172.26,170.91,182.56,171.23,167.78,182.56,176.43,7.02,3.36,0,1.4,4.6,4.6,5.1
BUY,270,AXON,2025-02-04,662.55,82.19,,,27.23,,,,,,,2025-02-03,679.62,617.02,443.7,659.21,632.01,619.15,659.21,643.17,53.17,2.43,525,5,4.3,-0.7,1.4
BUY,269,COIN,2025-02-04,282.42,192.82,,,27.23,,,,,,,2025-02-03,274.46,280.1,236.09,284.35,287.98,286.65,284.35,271.13,16.25,4.65,84,3.25,4.4,1.8,2.0
BUY,272,CVNA,2025-02-04,50.51,1078.12,,,27.23,,,,,,,2025-02-03,52.78,46.54,35.36,50.3,48.13,45.62,50.3,48.56,49.26,3.46,609,5,4.8,-0.5,0.7
BUY,271,TPR,2025-02-04,72.43,751.84,,,27.23,,,,,,,2025-02-03,78.87,67.96,49.47,72.18,71.78,66.11,71.97,70.16,59.44,2.52,140,5,4.7,-1.0,1.3
SELL,260,CEG,2025-02-04,296.57,157.43,2025-01-07,258.74,20.37,23.34,5955.66,5932.31,14.56,18,rotation (out of top-N),2025-02-03,307.21,285.76,232.91,303.63,300.02,263.62,303.63,291.8,31.9,3.9,602,5,4.2,0.4,0.4
SELL,267,CIEN,2025-02-04,86.25,699.77,2025-01-28,79.19,27.71,30.18,4943.87,4913.69,8.87,5,rotation (out of top-N),2025-02-03,89.74,84.75,63.54,85.13,85.52,83.94,85.13,82.24,41.23,3.39,175,5,4.3,-0.1,0.7
SELL,255,EQT,2025-02-04,50.68,843.51,2024-12-31,45.54,19.21,21.37,4335.66,4314.29,11.23,22,rotation (out of top-N),2025-02-03,50.22,47.71,39.1,51.26,50.46,46.87,51.26,50.09,28.43,2.28,91,5,3.4,1.1,2.1
SELL,265,IBKR,2025-02-04,55.58,1087.84,2025-01-28,50.94,27.71,30.23,5047.59,5017.36,9.05,5,rotation (out of top-N),2025-02-03,57.38,49.45,37.3,55.44,52.34,47.02,55.44,54.19,53.83,2.26,392,5,4.2,-0.7,1.5
SELL,266,LITE,2025-02-04,86.07,722.44,2025-01-28,76.7,27.71,31.09,6765.65,6734.55,12.15,5,rotation (out of top-N),2025-02-03,86.03,86.86,66.2,84.4,85.32,87.67,84.4,80.83,29.95,4.23,224,5,4.3,0.5,0.2
BUY,274,ABNB,2025-02-11,134.95,392.49,,,26.48,,,,,,,2025-02-10,161.57,137.95,135.1,135.3,132.43,132.18,135.3,131.95,19.59,2.47,0,3.92,4.6,4.0,4.4
BUY,277,EXPE,2025-02-11,198.6,266.7,,,26.48,,,,,,,2025-02-10,199.92,183.58,151.28,200.66,180.02,179.2,200.66,192.48,32.15,4.08,147,5,4.3,0.4,0.3
BUY,275,FTNT,2025-02-11,109.86,482.15,,,26.48,,,,,,,2025-02-10,111.64,100.22,79.58,109.52,103.78,97.86,109.52,105.16,40.29,3.98,182,5,4.7,-0.0,0.3
BUY,273,STLD,2025-02-11,132.09,400.99,,,26.48,,,,,,,2025-02-10,133.5,124.64,124.07,130.61,126.01,119.85,130.61,126.92,7.6,2.83,0,1.52,4.3,4.6,5.4
BUY,276,UBER,2025-02-11,78.88,671.48,,,26.48,,,,,,,2025-02-10,79.42,70.37,70.14,78.61,70.66,65.3,78.61,75.26,13.24,4.26,0,2.65,5.5,4.3,3.8
SELL,268,ABBV,2025-02-11,182.12,302.45,2025-02-04,180.05,27.23,27.54,626.07,598.53,1.1,5,rotation (out of top-N),2025-02-10,185.06,174.59,171.78,182.64,178.9,169.76,182.64,180.83,7.73,0.99,7,1.55,2.9,4.5,6.5
SELL,270,AXON,2025-02-11,678.48,82.19,2025-02-04,662.55,27.23,27.88,1308.89,1281.01,2.35,5,rotation (out of top-N),2025-02-10,683.38,629.09,453.2,677.63,660.06,619.92,677.63,668.95,50.79,1.28,532,5,3.4,-0.5,2.1
SELL,269,COIN,2025-02-11,277.55,192.82,2025-02-04,282.42,27.23,26.76,-939.99,-966.75,-1.78,5,rotation (out of top-N),2025-02-10,274.18,279.02,237.93,280.09,280.48,280.95,280.09,270.18,15.24,3.54,91,3.05,3.6,1.7,2.6
SELL,272,CVNA,2025-02-11,53.72,1078.12,2025-02-04,50.51,27.23,28.96,3460.76,3431.8,6.3,5,rotation (out of top-N),2025-02-10,57.09,48.46,36.2,53.58,50.94,45.93,53.58,52.5,57.69,2.02,616,5,4.2,-0.9,1.7
SELL,248,UAL,2025-02-11,105.56,404.34,2024-12-10,97.58,19.73,21.34,3228.65,3207.31,8.13,41,rotation (out of top-N),2025-02-10,104.27,101.74,70.29,106.08,107.33,102.52,106.08,103.41,48.34,2.52,154,5,4.1,-0.4,1.3
BUY,278,AIG,2025-02-25,77.14,644.98,,,24.88,,,,,,,2025-02-24,80.73,73.96,72.52,76.5,74.13,72.2,76.0,74.7,11.33,1.7,7,2.27,3.6,4.3,5.6
BUY,281,CVNA,2025-02-25,43.45,1145.09,,,24.88,,,,,,,2025-02-24,46.6,47.55,37.35,43.16,50.29,46.9,43.16,40.93,24.76,5.16,630,4.95,4.2,0.8,0.5
BUY,282,CVS,2025-02-25,60.16,827.03,,,24.88,,,,,,,2025-02-24,62.76,55.46,53.74,60.18,59.8,51.32,60.18,58.74,16.79,2.4,7,3.36,4.3,4.0,4.6
BUY,279,DPZ,2025-02-25,445.6,111.66,,,24.88,,,,,,,2025-02-24,479.68,447.98,437.75,446.2,457.05,434.2,443.46,429.13,9.58,3.23,7,1.92,4.5,4.4,4.8
BUY,280,TPL,2025-02-25,411.94,120.78,,,24.88,,,,,,,2025-02-24,472.77,442.59,350.57,433.98,451.49,432.66,433.98,418.32,34.86,3.61,322,5,4.1,0.3,0.6
SELL,274,ABNB,2025-02-25,145.06,392.49,2025-02-11,134.95,26.48,28.47,3968.06,3939.6,7.44,9,rotation (out of top-N),2025-02-24,138.84,139.31,134.98,144.83,147.18,135.86,144.83,141.53,2.86,2.28,14,0.57,3.4,4.6,6.0
SELL,277,EXPE,2025-02-25,197.21,266.7,2025-02-11,198.6,26.48,26.3,-370.71,-397.01,-0.75,9,rotation (out of top-N),2025-02-24,195.54,187.36,155.49,197.55,196.12,183.45,197.55,192.47,25.76,2.57,161,5,3.0,0.7,1.7
SELL,275,FTNT,2025-02-25,108.3,482.15,2025-02-11,109.86,26.48,26.11,-749.74,-775.85,-1.46,9,rotation (out of top-N),2025-02-24,107.96,103.08,81.96,108.68,110.0,101.06,108.68,106.75,31.73,1.78,196,5,2.8,0.4,1.8
SELL,273,STLD,2025-02-25,130.65,400.99,2025-02-11,132.09,26.48,26.19,-577.42,-603.62,-1.14,9,rotation (out of top-N),2025-02-24,132.74,126.68,124.11,130.78,130.93,123.03,130.78,128.49,6.95,1.75,14,1.39,3.3,4.4,5.9
SELL,261,VST,2025-02-25,138.36,251.17,2025-01-07,162.18,20.37,17.38,-5982.76,-6000.13,-14.73,32,rotation (out of top-N),2025-02-24,132.75,154.84,120.61,141.8,159.2,162.31,141.6,133.96,10.07,5.39,714,2.01,3.5,1.5,2.0
BUY,287,CSGP,2025-03-04,75.2,703.46,,,26.45,,,,,,,2025-03-03,79.34,76.03,75.48,75.42,76.21,74.82,75.42,73.97,5.11,1.92,0,1.02,3.5,4.7,6.2
BUY,286,MNST,2025-03-04,55.4,954.97,,,26.45,,,,,,,2025-03-03,55.05,51.82,50.93,55.17,52.45,49.97,55.17,53.62,8.09,2.8,7,1.62,4.2,4.5,5.2
BUY,283,WBD,2025-03-04,11.18,4731.69,,,26.45,,,,,,,2025-03-03,11.07,10.59,8.97,11.03,10.86,10.33,11.03,10.64,23.36,3.57,112,4.67,3.7,1.0,1.4
BUY,284,WYNN,2025-03-04,87.11,607.28,,,26.45,,,,,,,2025-03-03,87.68,86.65,86.13,87.89,87.85,83.81,87.89,85.56,1.8,2.66,7,0.36,3.7,4.8,5.9
BUY,285,YUM,2025-03-04,153.9,343.73,,,26.45,,,,,,,2025-03-03,158.6,141.47,131.44,153.22,148.27,133.69,153.22,151.39,20.66,1.19,21,4.13,3.5,3.6,4.8
SELL,278,AIG,2025-03-04,79.61,644.98,2025-02-25,77.14,24.88,25.67,1593.11,1567.44,3.15,5,rotation (out of top-N),2025-03-03,79.35,74.94,72.61,80.37,77.09,73.12,79.84,78.45,9.28,1.74,14,1.86,3.4,4.3,5.7
SELL,264,APP,2025-03-04,322.1,159.16,2025-01-28,348.17,27.71,25.63,-4148.56,-4174.2,-7.53,24,rotation (out of top-N),2025-03-03,270.45,351.32,214.27,337.65,371.08,371.3,337.65,314.17,26.22,6.95,665,5,4.3,0.7,0.4
SELL,281,CVNA,2025-03-04,42.15,1145.09,2025-02-25,43.45,24.88,24.13,-1488.62,-1512.75,-3.04,5,rotation (out of top-N),2025-03-03,37.71,45.76,37.79,43.9,47.04,47.17,43.9,42.2,-0.22,3.88,637,-0.04,2.6,2.0,3.4
SELL,279,DPZ,2025-03-04,469.41,111.66,2025-02-25,445.6,24.88,26.21,2658.54,2632.33,5.29,5,rotation (out of top-N),2025-03-03,462.37,450.6,436.98,473.4,466.79,440.8,470.49,462.16,5.81,1.77,14,1.16,3.2,4.5,6.0
SELL,271,TPR,2025-03-04,81.6,751.84,2025-02-04,72.43,27.23,30.68,6894.37,6863.69,12.6,19,rotation (out of top-N),2025-03-03,73.82,75.03,53.6,82.54,83.14,75.38,82.3,80.57,37.71,2.1,168,5,3.3,0.1,1.6
BUY,288,ABBV,2025-03-18,205.73,246.73,,,25.38,,,,,,,2025-03-17,201.54,191.66,177.67,205.77,203.01,187.47,205.77,202.99,13.43,1.35,42,2.69,2.9,3.6,5.1
BUY,290,AIG,2025-03-18,82.39,616.1,,,25.38,,,,,,,2025-03-17,81.31,76.98,73.08,82.06,79.63,75.38,81.51,80.29,11.26,1.5,28,2.25,3.1,4.0,5.4
BUY,289,AWK,2025-03-18,139.84,362.99,,,25.38,,,,,,,2025-03-17,136.65,130.9,130.28,140.28,137.6,126.86,140.28,138.33,4.89,1.39,0,0.98,3.2,4.8,6.6
BUY,291,CB,2025-03-18,295.28,171.91,,,25.38,,,,,,,2025-03-17,287.59,276.86,272.01,293.63,284.85,271.78,292.72,289.45,5.73,1.12,14,1.15,2.8,4.5,6.4
BUY,293,ED,2025-03-18,102.84,493.58,,,25.38,,,,,,,2025-03-17,103.49,96.19,92.61,103.28,99.98,93.47,103.28,101.89,11.75,1.34,14,2.35,3.3,4.2,5.7
BUY,292,VRTX,2025-03-18,510.2,99.49,,,25.38,,,,,,,2025-03-17,503.13,477.19,467.92,513.84,497.08,470.26,513.84,505.01,7.53,1.72,7,1.51,3.4,4.5,6.0
SELL,230,HOOD,2025-03-18,40.8,1342.17,2024-11-05,24.5,16.44,27.38,21884.15,21856.77,66.47,89,rotation (out of top-N),2025-03-17,44.36,46.51,33.15,42.02,41.46,49.87,42.02,40.33,33.83,4.03,462,5,4.4,0.3,0.3
SELL,249,PLTR,2025-03-18,85.61,548.16,2024-12-10,71.97,19.73,23.46,7471.35,7447.89,18.88,65,rotation (out of top-N),2025-03-17,90.97,88.4,57.25,87.37,84.71,91.76,87.37,83.78,58.89,4.1,707,5,5.7,-0.9,0.3
SELL,280,TPL,2025-03-18,443.01,120.78,2025-02-25,411.94,24.88,26.75,3752.64,3725.88,7.49,15,rotation (out of top-N),2025-03-17,419.58,439.39,367.59,444.23,441.31,446.39,444.23,426.32,14.14,4.03,343,2.83,3.4,1.3,1.9
SELL,276,UBER,2025-03-18,72.2,671.48,2025-02-11,78.88,26.48,24.24,-4485.49,-4509.73,-8.51,24,rotation (out of top-N),2025-03-17,75.87,73.51,71.25,72.74,72.82,73.1,72.74,71.08,6.48,2.28,35,1.3,3.3,4.1,5.2
SELL,283,WBD,2025-03-18,10.39,4731.69,2025-03-04,11.18,26.45,24.59,-3714.38,-3738.97,-7.07,10,rotation (out of top-N),2025-03-17,10.74,10.56,9.11,10.48,10.51,10.46,10.48,10.22,17.91,2.48,126,3.58,2.5,1.1,2.6
SELL,284,WYNN,2025-03-18,85.41,607.28,2025-03-04,87.11,26.45,25.93,-1032.38,-1058.31,-2.0,10,rotation (out of top-N),2025-03-17,81.69,85.53,85.84,85.41,85.83,85.04,85.41,83.73,-4.84,1.97,21,-0.97,2.7,4.9,6.8
BUY,295,AMGN,2025-03-25,301.92,167.33,,,25.26,,,,,,,2025-03-24,295.44,291.39,291.1,302.36,303.54,291.87,302.36,299.02,1.49,1.1,0,0.3,2.8,4.9,7.1
BUY,294,UBER,2025-03-25,76.42,661.1,,,25.26,,,,,,,2025-03-24,72.68,73.36,71.31,76.45,74.04,73.89,76.45,74.77,1.91,2.2,42,0.38,2.9,4.2,5.6
BUY,296,ZBH,2025-03-25,110.11,458.83,,,25.26,,,,,,,2025-03-24,110.82,106.85,106.38,109.85,108.92,105.21,109.56,108.11,4.18,1.32,0,0.84,3.1,4.8,6.7
SELL,288,ABBV,2025-03-25,200.6,246.73,2025-03-18,205.73,25.38,24.75,-1265.74,-1290.48,-2.54,5,rotation (out of top-N),2025-03-24,196.88,192.61,178.61,200.67,202.64,192.33,200.67,197.99,10.23,1.33,49,2.05,2.6,3.7,5.3
SELL,291,CB,2025-03-25,288.44,171.91,2025-03-18,295.28,25.38,24.79,-1175.83,-1200.62,-2.37,5,rotation (out of top-N),2025-03-24,292.6,279.72,272.86,287.59,287.74,275.07,286.7,284.17,7.24,0.88,21,1.45,2.6,4.3,6.3
SELL,285,YUM,2025-03-25,152.69,343.73,2025-03-04,153.9,26.45,26.24,-415.92,-442.16,-0.84,15,rotation (out of top-N),2025-03-24,152.08,146.31,132.96,152.11,152.81,144.88,152.11,150.47,14.38,1.08,42,2.88,2.7,3.6,5.1
BUY,299,AMT,2025-04-01,210.75,242.33,,,25.54,,,,,,,2025-03-31,210.53,198.23,197.98,208.14,204.14,193.67,206.17,203.93,6.34,1.09,0,1.27,3.0,4.7,6.6
BUY,298,KO,2025-04-01,69.62,733.56,,,25.54,,,,,,,2025-03-31,67.96,66.47,64.25,69.61,68.14,66.82,69.17,68.24,5.77,1.35,42,1.15,2.5,4.0,5.8
BUY,297,WRB,2025-04-01,69.12,738.87,,,25.54,,,,,,,2025-03-31,63.71,62.02,57.37,69.29,64.81,61.02,68.67,66.08,11.06,3.78,553,2.21,3.1,1.4,2.4
SELL,295,AMGN,2025-04-01,298.05,167.33,2025-03-25,301.92,25.26,24.94,-647.58,-672.52,-1.33,5,rotation (out of top-N),2025-03-31,283.23,289.91,290.83,299.66,298.88,295.07,299.66,295.6,-2.61,1.36,7,-0.52,2.7,5.0,7.2
SELL,287,CSGP,2025-04-01,78.81,703.46,2025-03-04,75.2,26.45,27.72,2539.5,2511.78,4.75,20,rotation (out of top-N),2025-03-31,72.6,76.46,75.75,79.21,79.34,77.53,79.21,78.15,-4.16,1.34,28,-0.83,2.2,4.7,7.1
SELL,294,UBER,2025-04-01,72.57,661.1,2025-03-25,76.42,25.26,23.99,-2545.24,-2569.23,-5.09,5,rotation (out of top-N),2025-03-31,64.61,71.77,71.11,72.84,73.86,74.71,72.84,71.16,-9.14,2.32,49,-1.83,2.3,4.6,6.6
BUY,300,KDP,2025-04-08,32.69,1509.35,,,24.67,,,,,,,2025-04-07,34.01,32.35,32.34,32.48,33.06,32.18,32.25,31.21,5.17,3.22,0,1.03,4.4,4.7,5.3
BUY,301,NEM,2025-04-08,45.89,1075.19,,,24.67,,,,,,,2025-04-07,54.13,46.02,45.4,44.17,46.08,45.06,44.17,41.64,19.22,5.73,0,3.84,6.0,4.0,3.1
BUY,303,NOC,2025-04-08,490.35,100.62,,,24.67,,,,,,,2025-04-07,523.42,482.31,479.3,471.97,489.35,469.12,471.97,456.82,9.21,3.21,0,1.84,4.6,4.5,4.9
BUY,302,ROL,2025-04-08,51.2,963.68,,,24.67,,,,,,,2025-04-07,54.39,51.19,48.63,50.2,52.27,51.12,50.2,47.99,11.85,4.41,63,2.37,4.5,2.4,2.8
BUY,304,SJM,2025-04-08,109.16,452.0,,,24.67,,,,,,,2025-04-07,110.17,106.76,106.74,107.43,109.72,105.47,107.43,103.78,3.21,3.39,0,0.64,4.4,4.8,5.4
SELL,298,KO,2025-04-08,67.02,733.56,2025-04-01,69.62,25.54,24.58,-1907.27,-1931.85,-3.78,5,rotation (out of top-N),2025-04-07,69.36,67.0,64.47,66.42,68.42,67.81,65.99,63.91,7.58,3.16,49,1.52,3.7,3.8,4.3
SELL,286,MNST,2025-04-08,57.59,954.97,2025-03-04,55.4,26.45,27.5,2091.37,2063.88,3.9,25,rotation (out of top-N),2025-04-07,58.16,55.3,51.83,57.07,57.93,54.7,57.09,55.41,12.22,2.95,42,2.44,3.9,3.7,4.1
SELL,292,VRTX,2025-04-08,477.25,99.49,2025-03-18,510.2,25.38,23.74,-3278.19,-3301.93,-6.5,15,rotation (out of top-N),2025-04-07,484.0,479.85,468.89,475.0,486.41,486.88,475.0,453.19,3.22,4.59,28,0.64,4.7,4.4,4.2
SELL,297,WRB,2025-04-08,64.15,738.87,2025-04-01,69.12,25.54,23.7,-3672.19,-3695.89,-7.24,5,rotation (out of top-N),2025-04-07,66.72,62.87,57.78,62.63,65.3,61.92,62.07,59.59,15.47,4.0,560,3.09,3.4,1.2,1.8
SELL,296,ZBH,2025-04-08,104.26,458.83,2025-03-25,110.11,25.26,23.92,-2684.13,-2708.05,-5.36,10,rotation (out of top-N),2025-04-07,101.3,105.76,106.25,103.73,108.73,105.86,103.46,98.83,-4.65,4.48,14,-0.93,4.5,5.0,5.2
BUY,305,MNST,2025-04-15,58.7,898.07,,,26.36,,,,,,,2025-04-14,58.41,55.87,52.02,58.59,57.85,55.82,58.59,57.74,12.28,1.45,49,2.46,2.8,3.6,5.0
SELL,302,ROL,2025-04-15,54.63,963.68,2025-04-08,51.2,24.67,26.32,3305.43,3279.11,6.65,5,rotation (out of top-N),2025-04-14,54.97,51.88,48.8,54.87,53.0,51.55,54.87,53.97,12.65,1.64,70,2.53,2.6,2.2,4.5
BUY,312,CI,2025-04-22,320.25,159.07,,,25.47,,,,,,,2025-04-21,328.46,314.02,312.13,318.1,319.93,312.77,316.27,309.97,5.23,1.99,0,1.05,3.6,4.7,6.1
BUY,311,CTAS,2025-04-22,200.61,253.93,,,25.47,,,,,,,2025-04-21,205.96,199.65,199.53,198.16,201.0,198.48,198.16,194.96,3.22,1.61,0,0.64,3.2,4.8,6.6
BUY,313,CVNA,2025-04-22,40.77,1249.48,,,25.47,,,,,,,2025-04-21,47.47,42.26,40.54,39.13,40.59,39.9,39.13,37.61,17.11,3.88,686,3.42,3.4,1.1,1.7
BUY,306,DG,2025-04-22,93.37,545.58,,,25.47,,,,,,,2025-04-21,91.72,84.36,82.35,93.72,88.74,81.36,93.72,91.74,11.38,2.11,0,2.28,4.0,4.4,5.5
BUY,310,MOS,2025-04-22,26.4,1929.59,,,25.47,,,,,,,2025-04-21,27.96,25.54,25.17,26.12,25.23,24.7,26.12,25.62,11.07,1.91,0,2.21,3.8,4.4,5.6
BUY,307,NFLX,2025-04-22,100.54,506.68,,,25.47,,,,,,,2025-04-21,110.1,96.47,84.1,98.77,95.03,94.11,98.77,96.04,30.92,2.76,896,5,3.4,0.5,1.2
BUY,308,PLTR,2025-04-22,93.06,547.4,,,25.47,,,,,,,2025-04-21,112.79,92.0,65.3,90.81,90.45,86.72,90.81,87.3,72.73,3.87,742,5,5.6,-1,0.4
BUY,309,SBAC,2025-04-22,220.75,230.76,,,25.47,,,,,,,2025-04-21,215.94,212.94,212.8,219.33,216.44,212.97,219.33,215.78,1.47,1.62,0,0.29,3.2,4.9,6.8
SELL,290,AIG,2025-04-22,78.95,616.1,2025-03-18,82.39,25.38,24.32,-2119.37,-2143.69,-4.22,24,rotation (out of top-N),2025-04-21,79.45,78.58,74.01,77.62,79.43,80.18,77.11,76.08,7.34,1.34,63,1.47,2.2,2.6,5.3
SELL,299,AMT,2025-04-22,212.39,242.33,2025-04-01,210.75,25.54,25.73,397.42,371.68,0.73,14,rotation (out of top-N),2025-04-21,203.24,202.49,199.06,210.25,208.48,202.93,208.27,204.75,2.1,1.69,21,0.42,2.9,4.5,6.3
SELL,289,AWK,2025-04-22,143.99,362.99,2025-03-18,139.84,25.38,26.13,1506.4,1480.27,2.92,24,rotation (out of top-N),2025-04-21,139.48,137.7,132.06,142.48,141.57,138.24,142.48,140.79,5.62,1.19,35,1.12,2.5,4.1,6.1
SELL,293,ED,2025-04-22,107.22,493.58,2025-03-18,102.84,25.38,26.46,2161.9,2135.44,4.21,24,rotation (out of top-N),2025-04-21,106.0,102.32,95.17,106.45,105.89,102.18,106.45,105.15,11.38,1.22,49,2.28,2.6,3.6,5.2
SELL,300,KDP,2025-04-22,34.45,1509.35,2025-04-08,32.69,24.67,26.0,2656.45,2630.45,5.33,9,rotation (out of top-N),2025-04-21,33.27,32.8,32.47,34.17,33.89,32.84,33.93,33.53,2.46,1.19,14,0.49,2.7,4.6,6.7
SELL,305,MNST,2025-04-22,58.43,898.07,2025-04-15,58.7,26.36,26.24,-242.48,-268.72,-0.51,4,rotation (out of top-N),2025-04-21,58.66,56.37,52.21,58.01,58.06,56.47,58.01,57.32,12.35,1.19,56,2.47,2.5,3.4,5.0
SELL,303,NOC,2025-04-22,475.24,100.62,2025-04-08,490.35,24.67,23.91,-1520.42,-1544.33,-3.13,9,rotation (out of top-N),2025-04-21,463.74,485.85,483.07,520.17,514.72,485.61,520.17,513.5,-4.0,1.28,14,-0.8,2.4,5.0,7.3
SELL,304,SJM,2025-04-22,111.33,452.0,2025-04-08,109.16,24.67,25.16,980.84,955.68,1.94,9,rotation (out of top-N),2025-04-21,109.47,107.84,106.91,110.19,109.93,107.89,110.19,108.94,2.39,1.14,14,0.48,2.6,4.6,6.8
BUY,315,APH,2025-04-29,75.39,691.93,,,26.08,,,,,,,2025-04-28,80.1,69.27,67.42,75.35,69.94,65.08,75.23,73.69,18.82,2.05,0,3.76,4.3,4.1,4.7
BUY,317,AVGO,2025-04-29,190.3,274.12,,,26.08,,,,,,,2025-04-28,202.0,188.09,186.15,190.88,179.44,178.42,190.58,185.82,8.52,2.5,7,1.7,4.0,4.5,5.4
BUY,319,BA,2025-04-29,182.72,285.49,,,26.08,,,,,,,2025-04-28,185.44,169.49,165.24,182.29,169.3,163.46,182.29,178.41,12.23,2.13,7,2.45,3.9,4.3,5.2
BUY,318,DLTR,2025-04-29,80.34,649.26,,,26.08,,,,,,,2025-04-28,84.27,75.48,74.11,80.14,78.76,71.45,80.14,78.58,13.71,1.94,0,2.74,4.0,4.3,5.3
BUY,314,HOOD,2025-04-29,49.43,1055.32,,,26.08,,,,,,,2025-04-28,48.61,45.11,36.27,48.91,45.06,42.38,48.91,47.06,34.03,3.79,504,5,4.2,0.3,0.5
BUY,316,VRSN,2025-04-29,272.55,191.39,,,26.08,,,,,,,2025-04-28,279.96,248.25,204.94,271.9,252.86,242.1,271.9,265.22,36.61,2.46,175,5,3.5,0.2,1.4
SELL,312,CI,2025-04-29,328.33,159.07,2025-04-22,320.25,25.47,26.11,1285.26,1259.15,2.47,5,rotation (out of top-N),2025-04-28,327.11,316.4,312.01,327.9,325.48,316.56,326.01,322.04,4.84,1.22,7,0.97,2.9,4.6,6.6
SELL,311,CTAS,2025-04-29,205.39,253.93,2025-04-22,200.61,25.47,26.08,1213.79,1187.71,2.33,5,rotation (out of top-N),2025-04-28,209.16,201.38,200.09,205.9,204.02,198.85,205.9,203.62,4.53,1.11,7,0.91,2.8,4.7,6.7
SELL,282,CVS,2025-04-29,62.7,827.03,2025-02-25,60.16,24.88,25.93,2100.66,2074.73,4.17,44,rotation (out of top-N),2025-04-28,65.13,62.59,55.65,62.64,63.61,63.78,62.64,61.69,17.03,1.52,70,3.41,2.7,2.0,4.1
SELL,306,DG,2025-04-29,90.95,545.58,2025-04-22,93.37,25.47,24.81,-1320.31,-1345.12,-2.64,5,rotation (out of top-N),2025-04-28,88.51,85.11,81.73,90.61,90.89,83.67,90.61,89.32,8.3,1.43,7,1.66,3.2,4.5,6.1
SELL,307,NFLX,2025-04-29,109.89,506.68,2025-04-22,100.54,25.47,27.84,4737.41,4709.57,9.25,5,rotation (out of top-N),2025-04-28,115.62,99.95,85.41,111.01,103.68,95.36,111.01,109.23,35.37,1.6,903,5,2.8,0.2,1.9
SELL,309,SBAC,2025-04-29,223.44,230.76,2025-04-22,220.75,25.47,25.78,620.75,594.97,1.17,5,rotation (out of top-N),2025-04-28,235.16,216.98,213.54,217.09,217.32,214.07,217.09,214.55,10.13,1.17,7,2.03,3.2,4.4,6.1
BUY,321,APP,2025-05-06,293.99,190.32,,,27.98,,,,,,,2025-05-05,328.67,295.15,258.73,301.84,280.13,272.57,301.84,290.13,27.03,3.88,728,5,3.9,0.6,0.7
BUY,323,DXCM,2025-05-06,79.47,704.11,,,27.98,,,,,,,2025-05-05,84.68,75.86,75.62,80.24,73.44,69.58,80.24,77.09,11.98,3.92,0,2.4,5.2,4.4,4.2
BUY,324,EA,2025-05-06,152.05,367.98,,,27.98,,,,,,,2025-05-05,152.45,144.15,143.86,153.98,146.92,142.32,153.98,150.47,5.97,2.28,0,1.19,3.8,4.7,5.9
BUY,322,SYK,2025-05-06,374.87,149.26,,,27.98,,,,,,,2025-05-05,377.27,365.12,364.17,377.78,366.11,359.83,377.78,368.76,3.6,2.39,0,0.72,3.8,4.8,6.0
BUY,320,TTWO,2025-05-06,222.75,251.19,,,27.98,,,,,,,2025-05-05,226.43,213.86,184.45,225.26,223.66,212.03,225.26,216.53,22.75,3.87,210,4.55,3.7,0.9,1.1
SELL,317,AVGO,2025-05-06,194.86,274.12,2025-04-29,190.3,26.08,26.71,1249.98,1223.27,2.35,5,rotation (out of top-N),2025-05-05,206.42,191.42,187.77,199.08,190.31,179.59,198.76,195.03,9.93,1.87,14,1.99,3.5,4.3,5.5
SELL,319,BA,2025-05-06,184.56,285.49,2025-04-29,182.72,26.08,26.34,525.3,498.96,0.96,5,rotation (out of top-N),2025-05-05,194.72,174.08,165.86,186.47,178.88,166.33,186.47,183.7,17.4,1.49,14,3.48,3.6,3.9,5.0
SELL,313,CVNA,2025-05-06,50.82,1249.48,2025-04-22,40.77,25.47,31.75,12557.23,12525.48,24.59,10,rotation (out of top-N),2025-05-05,53.62,45.69,41.81,51.92,48.29,41.15,51.92,50.77,28.24,2.21,700,5,2.9,0.6,1.7
SELL,301,NEM,2025-05-06,53.01,1075.19,2025-04-08,45.89,24.67,28.5,7655.36,7626.87,15.46,19,rotation (out of top-N),2025-05-05,53.17,49.71,46.09,52.22,52.03,48.96,52.22,51.37,15.36,1.62,28,3.07,3.4,3.8,4.9
SELL,316,VRSN,2025-05-06,278.4,191.39,2025-04-29,272.55,26.08,26.64,1119.66,1093.02,2.1,5,rotation (out of top-N),2025-05-05,277.02,253.48,207.24,280.15,268.84,247.28,280.15,277.5,33.67,0.94,182,5,2.3,0.3,2.4
BUY,328,CVNA,2025-05-13,56.28,1015.33,,,28.57,,,,,,,2025-05-12,59.95,48.28,42.63,55.91,52.19,43.55,55.91,54.03,40.63,3.36,707,5,4.3,-0.0,0.8
BUY,325,NRG,2025-05-13,148.03,386.02,,,28.57,,,,,,,2025-05-12,157.37,113.25,95.53,149.01,119.87,101.33,149.01,141.8,64.74,4.84,679,5,6,-1,0.0
BUY,326,PODD,2025-05-13,317.02,180.25,,,28.57,,,,,,,2025-05-12,324.61,278.19,255.42,316.56,275.75,260.46,316.56,301.28,27.08,4.83,343,5,4.4,0.6,0.3
BUY,327,VST,2025-05-13,144.39,395.75,,,28.57,,,,,,,2025-05-12,155.87,133.48,131.89,145.4,136.68,123.12,145.19,140.05,18.18,3.54,0,3.64,5.3,4.1,3.8
SELL,323,DXCM,2025-05-13,85.0,704.11,2025-05-06,79.47,27.98,29.92,3893.72,3863.8,6.91,5,rotation (out of top-N),2025-05-12,85.48,77.61,76.01,85.03,80.32,71.3,85.03,83.59,12.46,1.69,7,2.49,3.6,4.3,5.5
SELL,324,EA,2025-05-13,148.47,367.98,2025-05-06,152.05,27.98,27.32,-1317.38,-1344.7,-2.4,5,rotation (out of top-N),2025-05-12,150.8,145.36,144.0,148.45,150.31,144.24,148.45,146.05,4.72,1.61,7,0.94,3.2,4.6,6.3
SELL,322,SYK,2025-05-13,386.03,149.26,2025-05-06,374.87,27.98,28.81,1665.71,1636.9,2.93,5,rotation (out of top-N),2025-05-12,390.6,369.76,365.87,384.42,374.7,361.93,384.42,380.65,6.76,0.98,7,1.35,2.9,4.5,6.6
SELL,320,TTWO,2025-05-13,225.18,251.19,2025-05-06,222.75,27.98,28.28,610.39,582.1,1.04,5,rotation (out of top-N),2025-05-12,226.67,216.19,186.5,226.15,225.66,214.96,226.15,222.59,21.54,1.58,217,4.31,2.1,0.9,2.8
BUY,330,AVGO,2025-05-20,225.66,270.33,,,30.5,,,,,,,2025-05-19,226.81,203.11,191.39,228.85,219.15,186.69,228.49,223.79,18.51,2.06,28,3.7,3.8,3.6,4.3
BUY,331,CEG,2025-05-20,290.89,209.71,,,30.5,,,,,,,2025-05-19,295.81,253.65,247.67,292.77,276.9,227.62,292.77,288.08,19.44,1.6,0,3.89,4.0,4.0,5.0
BUY,332,CHTR,2025-05-20,420.07,145.22,,,30.5,,,,,,,2025-05-19,406.68,383.88,360.31,418.38,409.24,371.35,418.38,407.82,12.87,2.52,21,2.57,4.0,4.0,4.7
BUY,329,DG,2025-05-20,97.32,626.82,,,30.5,,,,,,,2025-05-19,99.39,89.25,80.07,96.27,90.7,88.71,96.27,94.73,24.12,1.6,28,4.82,3.8,3.3,4.1
SELL,315,APH,2025-05-20,85.41,691.93,2025-04-29,75.39,26.08,29.55,6933.15,6903.6,13.23,15,rotation (out of top-N),2025-05-19,84.94,76.0,69.08,85.82,83.2,71.96,85.69,84.71,22.95,1.14,21,4.59,3.6,3.5,4.6
SELL,321,APP,2025-05-20,367.38,190.32,2025-05-06,293.99,27.98,34.96,13966.58,13931.62,24.9,10,rotation (out of top-N),2025-05-19,354.38,315.95,272.56,370.72,347.72,288.43,370.72,360.69,30.02,2.71,742,5,3.3,0.5,1.2
SELL,318,DLTR,2025-05-20,87.8,649.26,2025-04-29,80.34,26.08,28.5,4840.22,4811.72,9.22,15,rotation (out of top-N),2025-05-19,88.13,80.64,73.28,86.62,85.62,78.35,86.62,85.59,20.27,1.19,21,4.05,3.5,3.6,4.8
SELL,326,PODD,2025-05-20,322.43,180.25,2025-05-13,317.02,28.57,29.06,975.15,946.09,1.66,5,rotation (out of top-N),2025-05-19,321.34,286.04,258.62,325.77,305.37,267.62,325.77,321.94,24.25,1.17,350,4.85,2.0,0.8,2.8
BUY,335,APP,2025-06-03,404.08,159.12,,,32.15,,,,,,,2025-06-02,417.73,345.92,288.25,401.98,377.36,306.67,401.98,386.88,44.92,3.76,756,5,4.8,-0.2,0.5
BUY,333,STLD,2025-06-03,133.2,482.71,,,32.15,,,,,,,2025-06-02,131.77,125.98,124.8,133.95,127.79,124.6,133.95,129.24,5.59,3.52,28,1.12,4.2,4.3,4.6
BUY,334,STX,2025-06-03,117.61,546.7,,,32.15,,,,,,,2025-06-02,125.37,102.57,95.28,117.54,112.17,90.7,117.45,115.71,31.58,1.49,7,5,4.5,3.3,3.9
BUY,336,ULTA,2025-06-03,475.24,135.29,,,32.15,,,,,,,2025-06-02,465.7,414.38,390.2,475.74,433.04,391.67,475.74,455.81,19.35,4.19,14,3.87,5.5,3.8,3.0
SELL,331,CEG,2025-06-03,339.25,209.71,2025-05-20,290.89,30.5,35.57,10141.55,10105.98,16.57,9,rotation (out of top-N),2025-06-02,297.27,269.13,253.02,311.89,298.72,247.79,311.89,305.82,17.49,1.95,14,3.5,3.9,3.9,4.7
SELL,332,CHTR,2025-06-03,393.2,145.22,2025-05-20,420.07,30.5,28.55,-3902.73,-3931.28,-6.44,9,rotation (out of top-N),2025-06-02,396.34,388.05,362.73,394.69,403.69,378.74,394.69,387.28,9.27,1.88,35,1.85,3.1,4.0,5.2
SELL,310,MOS,2025-06-03,35.02,1929.59,2025-04-22,26.4,25.47,33.79,16633.05,16599.26,32.59,29,rotation (out of top-N),2025-06-02,33.59,30.91,26.13,35.34,34.19,29.52,35.34,34.85,28.54,1.38,42,5,3.6,2.9,3.5
SELL,325,NRG,2025-06-03,159.33,386.02,2025-05-13,148.03,28.57,30.75,4362.05,4331.3,7.58,14,rotation (out of top-N),2025-06-02,154.22,132.0,101.0,156.78,152.88,121.82,156.78,153.97,52.69,1.8,700,5,3.8,-0.6,1.8
BUY,338,DLTR,2025-06-10,94.03,698.59,,,32.84,,,,,,,2025-06-09,95.22,86.52,74.07,93.8,92.36,85.21,93.8,91.65,28.54,2.29,42,5,4.3,2.9,2.9
BUY,340,MOS,2025-06-10,33.52,1959.57,,,32.84,,,,,,,2025-06-09,34.54,31.57,26.39,33.42,34.3,31.0,33.42,32.58,30.88,2.51,49,5,4.4,2.6,2.5
BUY,337,MU,2025-06-10,111.46,589.31,,,32.84,,,,,,,2025-06-09,115.33,96.07,95.09,110.6,102.64,87.15,110.6,108.49,21.28,1.91,0,4.26,4.3,3.9,4.6
BUY,341,ORCL,2025-06-10,175.41,374.46,,,32.84,,,,,,,2025-06-09,213.15,165.61,163.49,175.35,167.03,149.81,175.35,172.88,30.38,1.41,0,5,4.5,3.5,4.1
BUY,339,SMCI,2025-06-10,43.24,1519.07,,,32.84,,,,,,,2025-06-09,41.59,39.16,37.47,43.11,41.91,37.46,43.11,42.02,11.0,2.52,14,2.2,4.0,4.2,5.0
SELL,335,APP,2025-06-10,389.24,159.12,2025-06-03,404.08,32.15,30.97,-2361.33,-2392.3,-3.72,5,rotation (out of top-N),2025-06-09,364.19,349.24,295.24,383.54,394.63,326.83,383.54,369.83,23.35,3.57,763,4.67,3.6,0.8,1.3
SELL,328,CVNA,2025-06-10,68.44,1015.33,2025-05-13,56.28,28.57,34.74,12346.44,12311.7,21.55,19,rotation (out of top-N),2025-06-09,59.41,56.63,45.98,68.0,66.26,55.09,68.0,66.46,29.2,2.26,735,5,3.0,0.5,1.6
SELL,329,DG,2025-06-10,111.72,626.82,2025-05-20,97.32,30.5,35.01,9026.25,8991.23,14.74,14,rotation (out of top-N),2025-06-09,109.45,96.92,81.04,111.03,105.29,94.51,111.03,109.41,35.06,1.46,49,5,3.9,2.4,3.2
SELL,333,STLD,2025-06-10,132.29,482.71,2025-06-03,133.2,32.15,31.93,-439.27,-471.19,-0.73,5,rotation (out of top-N),2025-06-09,131.61,127.01,125.38,131.84,130.56,127.08,131.84,129.91,4.97,1.46,35,0.99,2.6,4.2,5.9
SELL,336,ULTA,2025-06-10,467.96,135.29,2025-06-03,475.24,32.15,31.66,-984.26,-1015.92,-1.58,5,rotation (out of top-N),2025-06-09,457.6,422.24,392.45,468.49,454.88,406.4,468.49,464.56,16.6,0.84,21,3.32,3.0,3.8,5.4
BUY,343,CF,2025-06-17,99.65,687.07,,,34.23,,,,,,,2025-06-16,98.21,88.06,82.53,98.64,93.1,84.53,98.64,95.8,19.0,2.87,21,3.8,4.5,3.7,3.8
BUY,342,COIN,2025-06-17,258.01,265.36,,,34.23,,,,,,,2025-06-16,308.56,246.78,239.35,261.75,251.36,233.27,261.75,254.5,28.92,2.77,0,5,5.3,3.6,3.3
BUY,345,CVNA,2025-06-17,57.7,1186.59,,,34.23,,,,,,,2025-06-16,64.05,57.98,46.87,58.04,63.74,57.78,58.04,55.44,36.64,4.48,742,5,4.8,0.2,0.0
BUY,344,LITE,2025-06-17,84.71,808.24,,,34.23,,,,,,,2025-06-16,89.74,75.82,74.67,85.76,82.07,71.67,85.76,83.16,20.19,3.04,0,4.04,5.0,4.0,4.0
SELL,330,AVGO,2025-06-17,248.93,270.33,2025-05-20,225.66,30.5,33.65,6290.55,6256.9,10.26,19,rotation (out of top-N),2025-06-16,248.5,226.63,200.32,250.02,247.47,221.23,249.63,244.61,24.05,2.01,56,4.81,3.6,2.9,3.3
SELL,338,DLTR,2025-06-17,98.18,698.59,2025-06-10,94.03,32.84,34.29,2902.63,2868.34,4.37,5,rotation (out of top-N),2025-06-16,98.72,88.74,74.8,98.99,94.69,87.9,98.99,97.5,31.98,1.51,49,5,3.8,2.6,3.2
SELL,340,MOS,2025-06-17,34.62,1959.57,2025-06-10,33.52,32.84,33.92,2155.53,2121.61,3.23,5,rotation (out of top-N),2025-06-16,35.12,32.22,26.65,34.79,34.13,32.04,34.79,33.96,31.8,2.39,56,5,4.2,2.5,2.5
SELL,327,VST,2025-06-17,177.52,395.75,2025-05-13,144.39,28.57,35.13,13111.33,13076.2,22.88,24,rotation (out of top-N),2025-06-16,184.43,157.94,142.93,176.37,169.76,150.05,176.12,172.81,29.03,1.88,35,5,4.1,3.0,3.3
BUY,349,CCL,2025-06-24,24.74,2981.79,,,36.88,,,,,,,2025-06-23,26.98,22.92,22.51,23.79,23.41,21.98,23.79,23.13,19.85,2.76,0,3.97,4.8,4.0,4.2
BUY,346,LRCX,2025-06-24,92.79,795.02,,,36.88,,,,,,,2025-06-23,96.73,84.47,77.03,91.16,89.89,82.09,91.09,88.6,25.57,2.74,28,5,4.6,3.3,3.2
BUY,348,MCHP,2025-06-24,67.96,1085.48,,,36.88,,,,,,,2025-06-23,68.6,59.62,57.7,66.73,65.59,57.28,66.73,64.78,18.9,2.92,0,3.78,4.9,4.1,4.2
BUY,347,WBD,2025-06-24,10.78,6843.19,,,36.88,,,,,,,2025-06-23,11.3,9.97,9.65,10.66,10.37,9.46,10.66,10.27,17.16,3.72,7,3.43,5.2,4.0,3.7
SELL,343,CF,2025-06-24,91.82,687.07,2025-06-17,99.65,34.23,31.54,-5379.74,-5411.28,-7.9,4,rotation (out of top-N),2025-06-23,89.15,88.26,82.8,94.49,95.45,86.92,94.49,92.3,7.67,2.31,28,1.53,3.5,4.1,5.2
SELL,345,CVNA,2025-06-24,65.14,1186.59,2025-06-17,57.7,34.23,38.65,8828.24,8789.59,12.84,4,rotation (out of top-N),2025-06-23,63.83,59.04,47.6,63.99,63.07,59.68,63.99,62.03,34.09,3.06,749,5,3.7,0.3,1.0
SELL,341,ORCL,2025-06-24,207.37,374.46,2025-06-10,175.41,32.84,38.83,11967.87,11929.05,18.16,9,rotation (out of top-N),2025-06-23,208.15,178.91,165.67,204.95,197.06,165.49,204.95,201.48,25.64,1.69,14,5,4.2,3.5,4.1
SELL,308,PLTR,2025-06-24,141.03,547.4,2025-04-22,93.06,25.47,38.6,26261.56,26222.95,51.48,43,rotation (out of top-N),2025-06-23,130.81,124.55,87.28,139.92,136.6,126.22,139.92,136.22,49.89,2.65,805,5,4.3,-0.5,1.2
BUY,352,CVNA,2025-07-01,67.16,1107.31,,,37.18,,,,,,,2025-06-30,69.74,60.99,48.5,67.43,63.88,61.59,67.43,65.07,43.81,3.5,756,5,4.5,-0.2,0.7
BUY,350,EL,2025-07-01,80.01,929.47,,,37.18,,,,,,,2025-06-30,87.42,71.55,70.17,79.69,75.98,67.18,79.69,77.68,24.58,2.53,0,4.92,4.9,3.8,3.9
BUY,354,ORCL,2025-07-01,217.48,341.95,,,37.18,,,,,,,2025-06-30,234.65,189.04,167.4,216.42,206.37,174.46,216.42,210.4,40.18,2.78,21,5,5.5,2.6,2.8
BUY,351,PLTR,2025-07-01,135.34,549.46,,,37.18,,,,,,,2025-06-30,134.32,126.33,89.71,136.33,137.79,129.2,136.33,130.95,49.72,3.94,812,5,5.1,-0.5,0.4
BUY,353,VST,2025-07-01,191.8,387.73,,,37.18,,,,,,,2025-06-30,191.39,169.43,146.99,193.21,185.56,164.2,192.94,187.82,30.21,2.65,49,5,4.5,2.7,2.4
SELL,344,LITE,2025-07-01,92.91,808.24,2025-06-17,84.71,34.23,37.55,6627.59,6590.05,9.63,9,rotation (out of top-N),2025-06-30,92.72,81.71,76.21,95.03,90.94,79.32,95.03,93.12,21.67,2.01,14,4.33,4.2,3.7,4.3
SELL,346,LRCX,2025-07-01,96.13,795.02,2025-06-24,92.79,36.88,38.21,2655.35,2617.14,3.55,5,rotation (out of top-N),2025-06-30,98.31,86.98,77.45,96.85,93.96,85.25,96.78,95.62,26.93,1.2,35,5,3.6,3.1,3.9
SELL,348,MCHP,2025-07-01,67.63,1085.48,2025-06-24,67.96,36.88,36.71,-358.21,-394.92,-0.54,5,rotation (out of top-N),2025-06-30,71.15,61.72,57.56,68.5,67.63,60.29,68.5,67.49,23.62,1.47,7,4.72,4.0,3.7,4.5
SELL,337,MU,2025-07-01,122.22,589.31,2025-06-10,111.46,32.84,36.01,6341.0,6304.99,9.6,14,rotation (out of top-N),2025-06-30,122.01,108.33,97.14,122.89,122.16,103.92,122.89,120.52,25.6,1.93,21,5,4.2,3.4,3.8
SELL,347,WBD,2025-07-01,10.97,6843.19,2025-06-24,10.78,36.88,37.55,1334.42,1296.87,1.76,5,rotation (out of top-N),2025-06-30,11.2,10.19,9.72,11.47,10.9,9.78,11.47,11.14,15.22,2.91,14,3.04,4.5,4.0,4.3
BUY,355,DDOG,2025-07-08,145.88,531.19,,,38.74,,,,,,,2025-07-07,137.47,127.95,126.21,152.43,138.44,122.96,152.43,146.63,8.92,3.81,0,1.78,5.0,4.6,4.6
BUY,356,WYNN,2025-07-08,108.55,713.84,,,38.74,,,,,,,2025-07-07,110.18,93.76,87.65,107.65,98.27,90.89,107.65,105.54,25.71,1.96,7,5,4.5,3.6,4.0
SELL,352,CVNA,2025-07-08,72.52,1107.31,2025-07-01,67.16,37.18,40.15,5935.19,5895.04,7.93,4,rotation (out of top-N),2025-07-07,68.72,62.39,49.31,71.54,67.1,63.36,71.54,69.98,39.35,2.18,763,5,3.4,0.0,1.5
SELL,353,VST,2025-07-08,192.51,387.73,2025-07-01,191.8,37.18,37.32,275.29,237.97,0.32,4,rotation (out of top-N),2025-07-07,195.87,174.24,148.45,193.0,187.75,169.06,192.73,188.45,31.94,2.22,56,5,4.1,2.5,2.6
BUY,359,AMD,2025-07-15,153.75,521.96,,,40.13,,,,,,,2025-07-14,157.0,131.84,120.37,146.25,140.9,125.94,146.25,143.41,30.43,1.94,14,5,4.6,3.2,3.5
BUY,357,LITE,2025-07-15,97.05,826.9,,,40.13,,,,,,,2025-07-14,102.22,87.12,77.66,92.21,91.8,84.68,92.21,90.26,31.62,2.11,28,5,4.5,3.0,3.1
BUY,360,PTC,2025-07-15,191.13,419.87,,,40.13,,,,,,,2025-07-14,199.6,177.59,175.13,191.15,185.97,173.09,191.15,186.1,13.97,2.64,0,2.79,4.5,4.3,4.8
BUY,358,SNPS,2025-07-15,553.17,145.07,,,40.13,,,,,,,2025-07-14,584.61,518.53,495.55,549.77,540.64,501.52,549.77,536.55,17.97,2.4,7,3.59,4.4,4.0,4.5
SELL,349,CCL,2025-07-15,28.91,2981.79,2025-06-24,24.74,36.88,43.1,12434.07,12390.97,16.8,14,rotation (out of top-N),2025-07-14,29.23,25.7,23.28,29.01,28.23,24.84,29.01,28.59,25.54,1.44,21,5,3.9,3.4,4.1
SELL,355,DDOG,2025-07-15,139.03,531.19,2025-07-08,145.88,38.74,36.92,-3638.67,-3675.6,-4.74,5,rotation (out of top-N),2025-07-14,145.01,131.05,126.59,138.8,139.28,126.34,138.8,136.44,14.55,1.7,7,2.91,3.7,4.2,5.3
SELL,350,EL,2025-07-15,88.6,929.47,2025-07-01,80.01,37.18,41.18,7984.17,7942.99,10.68,9,rotation (out of top-N),2025-07-14,85.94,76.87,69.9,88.34,85.69,73.2,88.34,86.9,22.94,1.63,14,4.59,4.0,3.6,4.4
SELL,356,WYNN,2025-07-15,110.45,713.84,2025-07-08,108.55,38.74,39.42,1356.3,1316.88,1.7,5,rotation (out of top-N),2025-07-14,105.8,95.95,87.72,109.99,105.7,93.16,109.99,108.5,20.62,1.36,14,4.12,3.7,3.7,4.8
BUY,363,AES,2025-07-22,13.09,6369.11,,,41.69,,,,,,,2025-07-21,13.13,11.42,11.17,13.03,12.2,10.64,13.03,12.75,17.6,2.15,0,3.52,4.3,4.1,4.8
BUY,362,FIX,2025-07-22,534.78,155.9,,,41.69,,,,,,,2025-07-21,686.99,537.89,443.78,543.17,541.5,510.84,543.17,536.3,54.8,1.26,63,5,4.5,0.2,3.1
BUY,364,IBKR,2025-07-22,61.46,1356.52,,,41.69,,,,,,,2025-07-21,65.22,56.63,48.41,61.7,59.6,54.28,61.7,59.28,34.72,3.92,560,5,4.3,0.3,0.4
BUY,361,IVZ,2025-07-22,19.39,4299.72,,,41.69,,,,,,,2025-07-21,21.07,16.76,15.71,19.52,17.34,15.17,19.52,18.75,34.08,3.95,7,5,6.2,3.2,2.2
SELL,354,ORCL,2025-07-22,240.28,341.95,2025-07-01,217.48,37.18,41.08,7796.44,7755.36,10.43,14,rotation (out of top-N),2025-07-21,243.27,211.79,172.46,241.63,235.87,202.29,241.63,238.29,41.06,1.38,42,5,4.3,2.2,3.4
SELL,351,PLTR,2025-07-22,150.82,549.46,2025-07-01,135.34,37.18,41.44,8502.94,8461.51,11.38,14,rotation (out of top-N),2025-07-21,158.84,138.21,97.91,151.81,148.05,136.72,151.81,149.02,62.23,1.84,833,5,4.2,-1,1.8
SELL,360,PTC,2025-07-22,199.76,419.87,2025-07-15,191.13,40.13,41.94,3621.35,3579.41,4.46,5,rotation (out of top-N),2025-07-21,204.46,182.48,175.63,198.84,193.02,176.15,198.84,197.05,16.42,0.9,7,3.28,3.3,4.1,5.6
SELL,358,SNPS,2025-07-22,584.21,145.07,2025-07-15,553.17,40.13,42.38,4502.4,4460.02,5.56,5,rotation (out of top-N),2025-07-21,601.26,533.57,497.9,591.39,567.61,510.1,591.39,579.45,20.76,2.02,14,4.15,4.2,3.7,4.3
BUY,365,EL,2025-07-29,91.59,973.28,,,44.57,,,,,,,2025-07-28,89.67,81.02,70.07,91.21,87.51,78.87,91.21,89.24,27.97,2.16,28,5,4.4,3.1,3.3
BUY,367,EME,2025-07-29,634.38,140.52,,,44.57,,,,,,,2025-07-28,625.28,548.65,467.68,631.73,584.4,522.7,631.73,616.51,33.7,2.41,56,5,4.4,2.4,2.5
BUY,368,GEV,2025-07-29,648.89,137.38,,,44.57,,,,,,,2025-07-28,655.36,546.12,397.16,646.58,599.04,524.15,646.25,633.85,65.01,1.92,999,5,4.3,-1,1.7
BUY,369,GNRC,2025-07-29,157.0,567.79,,,44.57,,,,,,,2025-07-28,193.7,151.52,145.86,155.57,152.46,140.0,155.57,153.66,32.79,1.23,0,5,4.5,3.4,4.2
BUY,370,VRT,2025-07-29,143.33,621.94,,,44.57,,,,,,,2025-07-28,141.46,124.4,111.19,142.41,131.76,121.56,142.38,138.7,27.22,2.58,35,5,4.5,3.1,3.0
BUY,366,WDC,2025-07-29,69.6,1280.79,,,44.57,,,,,,,2025-07-28,76.36,63.67,48.44,68.81,67.82,61.88,68.79,67.47,57.63,1.92,70,5,5.0,-0.0,2.6
SELL,363,AES,2025-07-29,12.8,6369.11,2025-07-22,13.09,41.69,40.76,-1847.04,-1887.8,-2.26,5,rotation (out of top-N),2025-07-28,12.76,11.66,11.1,12.84,12.75,11.1,12.84,12.61,14.98,1.82,7,3.0,3.8,4.1,5.2
SELL,342,COIN,2025-07-29,384.0,265.36,2025-06-17,258.01,34.23,50.95,33431.1,33380.15,48.75,28,rotation (out of top-N),2025-07-28,314.74,331.73,266.57,379.38,392.39,331.42,379.38,371.12,18.07,2.18,42,3.61,3.7,3.4,4.0
SELL,364,IBKR,2025-07-29,65.25,1356.52,2025-07-22,61.46,41.69,44.26,5141.2,5096.95,6.11,5,rotation (out of top-N),2025-07-28,63.3,57.84,49.08,65.08,62.55,55.77,65.08,64.16,28.97,1.42,567,5,2.4,0.6,2.2
SELL,361,IVZ,2025-07-29,21.04,4299.72,2025-07-22,19.39,41.69,45.23,7094.54,7049.31,8.46,5,rotation (out of top-N),2025-07-28,19.92,17.33,15.8,20.94,19.55,16.0,20.94,20.67,26.06,1.27,14,5,3.9,3.5,4.3
SELL,357,LITE,2025-07-29,109.03,826.9,2025-07-15,97.05,40.13,45.08,9906.32,9861.24,12.29,10,rotation (out of top-N),2025-07-28,106.69,93.27,79.68,107.22,101.84,91.0,107.22,105.8,33.9,1.33,42,5,3.9,2.6,3.4
SELL,334,STX,2025-07-29,151.21,546.7,2025-06-03,117.61,32.15,41.33,18368.97,18327.64,28.5,38,rotation (out of top-N),2025-07-28,153.71,137.47,103.31,149.29,148.37,137.57,149.19,147.06,48.79,1.43,63,5,4.3,0.5,3.0
BUY,374,AES,2025-08-05,12.94,7163.0,,,46.34,,,,,,,2025-08-04,12.64,11.84,11.08,12.95,12.73,11.47,12.95,12.43,14.12,4.02,14,2.82,5.1,4.1,3.7
BUY,371,ANET,2025-08-05,121.13,765.2,,,46.34,,,,,,,2025-08-04,139.21,110.77,99.71,120.28,117.3,104.41,120.28,116.78,39.6,2.91,21,5,5.6,2.7,2.7
BUY,373,COHR,2025-08-05,107.51,862.14,,,46.34,,,,,,,2025-08-04,115.5,95.33,86.04,106.78,103.43,91.54,106.78,102.68,34.24,3.84,21,5,5.9,2.9,2.1
BUY,372,FSLR,2025-08-05,183.43,505.31,,,46.34,,,,,,,2025-08-04,184.75,172.85,164.75,183.44,179.99,168.15,183.44,175.58,12.14,4.28,14,2.43,5.2,4.2,3.7
BUY,375,IDXX,2025-08-05,678.46,136.62,,,46.34,,,,,,,2025-08-04,658.56,549.96,464.09,682.85,572.1,538.4,682.85,647.79,41.9,5.13,84,5,5.7,0.5,0.6
BUY,376,LITE,2025-08-05,111.67,830.03,,,46.34,,,,,,,2025-08-04,116.31,97.46,80.95,111.13,106.67,94.98,111.13,106.99,43.68,3.72,49,5,5.8,2.0,1.7
SELL,365,EL,2025-08-05,91.06,973.28,2025-07-29,91.59,44.57,44.31,-515.84,-560.15,-0.63,5,rotation (out of top-N),2025-08-04,89.39,82.54,70.69,91.15,89.74,81.9,91.15,89.03,26.46,2.33,35,5,4.3,3.1,3.2
SELL,367,EME,2025-08-05,632.31,140.52,2025-07-29,634.38,44.57,44.43,-290.87,-335.3,-0.38,5,rotation (out of top-N),2025-08-04,617.13,561.1,471.82,627.6,613.04,541.82,627.6,612.82,30.8,2.35,63,5,4.1,1.4,2.4
SELL,368,GEV,2025-08-05,660.16,137.38,2025-07-29,648.89,44.57,45.35,1548.24,1502.89,1.69,5,rotation (out of top-N),2025-08-04,647.88,564.63,405.85,661.6,634.24,545.23,661.26,641.52,59.63,2.99,999,5,5.0,-1.0,1.0
SELL,369,GNRC,2025-08-05,196.46,567.79,2025-07-29,157.0,44.57,55.77,22404.9,22349.12,25.07,5,rotation (out of top-N),2025-08-04,196.32,159.67,146.55,196.44,174.51,147.33,196.44,192.33,33.96,2.09,7,5,5.0,3.2,3.5
SELL,339,SMCI,2025-08-05,58.81,1519.07,2025-06-10,43.24,32.84,44.67,23651.98,23607.31,35.94,38,rotation (out of top-N),2025-08-04,44.57,48.05,38.85,58.22,56.56,49.32,58.22,55.98,14.73,3.84,70,2.95,4.1,2.1,2.8
SELL,370,VRT,2025-08-05,140.48,621.94,2025-07-29,143.33,44.57,43.69,-1772.53,-1816.21,-2.04,5,rotation (out of top-N),2025-08-04,139.75,127.19,112.02,140.09,138.5,125.56,140.06,135.09,24.76,3.55,42,4.95,4.9,3.1,2.5
BUY,380,EXPE,2025-08-12,191.8,497.84,,,47.74,,,,,,,2025-08-11,205.83,183.39,175.28,191.12,185.8,176.97,191.12,183.02,17.43,4.24,21,3.49,5.3,3.8,3.1
BUY,381,GNRC,2025-08-12,197.71,482.97,,,47.74,,,,,,,2025-08-11,198.53,166.73,146.78,196.56,187.88,155.65,196.56,194.18,35.26,1.21,14,5,4.3,3.0,4.0
BUY,379,PLTR,2025-08-12,185.02,516.08,,,47.74,,,,,,,2025-08-11,177.17,154.33,107.21,182.74,172.26,150.26,182.53,179.28,65.25,1.78,854,5,4.2,-1,1.8
BUY,377,STX,2025-08-12,152.22,627.29,,,47.74,,,,,,,2025-08-11,153.26,142.1,105.92,150.56,149.68,144.25,150.46,147.56,44.7,1.93,77,5,4.2,0.5,2.4
BUY,378,UAL,2025-08-12,91.99,1038.0,,,47.74,,,,,,,2025-08-11,100.96,87.74,87.06,89.34,88.7,84.69,89.34,87.43,15.96,2.14,0,3.19,4.2,4.2,5.0
SELL,374,AES,2025-08-12,12.39,7163.0,2025-08-05,12.94,46.34,44.37,-3939.65,-3984.02,-4.3,5,rotation (out of top-N),2025-08-11,12.84,12.02,11.08,12.36,12.54,11.69,12.36,12.11,15.84,1.99,21,3.17,3.8,3.9,4.7
SELL,373,COHR,2025-08-12,114.72,862.14,2025-08-05,107.51,46.34,49.45,6211.75,6162.3,6.65,5,rotation (out of top-N),2025-08-11,93.55,95.01,85.63,113.63,108.89,95.29,113.63,110.92,9.25,2.38,28,1.85,3.6,4.1,5.0
SELL,362,FIX,2025-08-12,691.66,155.9,2025-07-22,534.78,41.69,53.91,24457.42,24403.5,29.27,15,rotation (out of top-N),2025-08-11,679.49,605.55,464.99,691.76,679.07,576.85,691.76,683.9,46.13,1.14,84,5,3.7,0.3,2.8
SELL,372,FSLR,2025-08-12,184.1,505.31,2025-08-05,183.43,46.34,46.51,338.56,292.04,0.32,5,rotation (out of top-N),2025-08-11,199.7,177.73,164.89,182.19,182.85,170.59,182.19,178.92,21.11,1.8,21,4.22,3.9,3.6,4.3
SELL,375,IDXX,2025-08-12,652.33,136.62,2025-08-05,678.46,46.34,44.56,-3569.15,-3613.71,-3.9,5,rotation (out of top-N),2025-08-11,651.78,568.47,469.54,652.3,619.85,553.54,652.3,645.18,38.81,1.09,91,5,3.2,0.5,2.8
BUY,384,AES,2025-08-19,12.97,7571.97,,,49.1,,,,,,,2025-08-18,13.0,12.2,11.09,12.87,12.63,11.98,12.87,12.54,17.24,2.56,28,3.45,4.1,3.7,4.1
BUY,383,DHI,2025-08-19,165.24,594.34,,,49.1,,,,,,,2025-08-18,169.09,147.05,134.28,163.69,158.07,141.16,163.69,160.81,25.92,1.76,14,5,4.2,3.5,4.0
BUY,382,FSLR,2025-08-19,215.39,455.96,,,49.1,,,,,,,2025-08-18,202.34,182.2,165.19,219.28,191.99,175.23,219.28,207.4,22.49,5.42,28,4.5,5.7,3.4,2.3
BUY,385,INTC,2025-08-19,24.97,3933.06,,,49.1,,,,,,,2025-08-18,24.8,22.23,21.45,23.64,22.32,22.05,23.64,22.53,15.6,4.71,7,3.12,5.7,4.1,3.3
SELL,380,EXPE,2025-08-19,204.04,497.84,2025-08-12,191.8,47.74,50.79,6093.55,6042.76,6.33,5,rotation (out of top-N),2025-08-18,213.05,188.78,176.13,205.09,198.22,182.31,205.09,202.71,20.96,1.16,28,4.19,3.4,3.5,4.7
SELL,379,PLTR,2025-08-19,171.36,516.08,2025-08-12,185.02,47.74,44.22,-7049.68,-7093.9,-7.43,5,rotation (out of top-N),2025-08-18,158.75,155.13,109.54,174.04,176.78,155.49,174.04,170.24,44.93,2.19,861,5,3.7,-0.2,1.5
SELL,378,UAL,2025-08-19,102.23,1038.0,2025-08-12,91.99,47.74,53.06,10634.3,10581.24,11.08,5,rotation (out of top-N),2025-08-18,102.99,90.52,87.36,102.37,96.18,87.83,102.37,100.73,17.89,1.6,7,3.58,3.8,4.0,5.0
SELL,366,WDC,2025-08-19,75.62,1280.79,2025-07-29,69.6,44.57,48.43,7710.33,7661.9,8.6,15,rotation (out of top-N),2025-08-18,76.78,69.07,50.74,76.11,75.02,69.14,76.09,75.02,51.32,1.41,91,5,4.0,-0.1,2.5
BUY,389,ALB,2025-08-26,81.28,1161.2,,,47.19,,,,,,,2025-08-25,83.96,75.17,73.69,80.39,78.76,73.52,80.18,78.44,13.93,2.17,0,2.79,4.1,4.3,5.2
BUY,387,APA,2025-08-26,21.53,4383.76,,,47.19,,,,,,,2025-08-25,22.6,19.77,19.07,21.77,20.26,18.99,21.77,21.29,18.53,2.2,7,3.71,4.3,4.0,4.6
BUY,390,CSX,2025-08-26,31.86,2962.41,,,47.19,,,,,,,2025-08-25,32.2,33.56,31.53,32.35,34.68,34.31,32.35,30.93,2.12,4.38,49,0.42,4.2,4.1,4.1
BUY,386,WDC,2025-08-26,78.99,1194.86,,,47.19,,,,,,,2025-08-25,80.15,71.09,51.62,78.99,76.03,70.89,78.97,77.63,55.28,1.7,98,5,4.3,-0.4,2.2
BUY,388,WYNN,2025-08-26,117.05,806.34,,,47.19,,,,,,,2025-08-25,125.92,108.21,90.67,117.61,111.56,107.99,117.61,115.57,38.87,1.74,56,5,4.2,2.1,2.9
SELL,384,AES,2025-08-26,13.02,7571.97,2025-08-19,12.97,49.1,49.29,378.6,329.3,0.34,5,rotation (out of top-N),2025-08-25,13.07,12.36,11.12,13.01,12.76,12.33,13.01,12.79,17.59,1.67,35,3.52,3.4,3.5,4.5
SELL,359,AMD,2025-08-26,168.65,521.96,2025-07-15,153.75,40.13,44.01,7777.18,7733.17,9.64,30,rotation (out of top-N),2025-08-25,162.69,157.99,123.96,163.35,169.03,161.63,163.35,159.67,31.24,2.25,56,5,4.1,2.5,2.6
SELL,382,FSLR,2025-08-26,199.04,455.96,2025-08-19,215.39,49.1,45.38,-7454.88,-7500.26,-7.64,5,rotation (out of top-N),2025-08-25,195.17,184.56,165.41,199.27,197.85,181.6,199.27,193.88,17.99,2.7,35,3.6,4.1,3.5,3.8
SELL,381,GNRC,2025-08-26,191.0,482.97,2025-08-12,197.71,47.74,46.12,-3240.73,-3286.85,-3.44,10,rotation (out of top-N),2025-08-25,185.21,174.24,147.0,193.27,193.89,171.71,193.27,190.91,25.99,1.22,28,5,3.6,3.2,4.1
SELL,377,STX,2025-08-26,163.52,627.29,2025-08-12,152.22,47.74,51.29,7088.34,7037.05,7.37,10,rotation (out of top-N),2025-08-25,166.07,148.83,109.25,162.81,156.41,150.19,162.7,160.2,52.01,1.54,91,5,4.1,-0.1,2.5
BUY,394,APP,2025-09-09,547.3,186.18,,,50.95,,,,,,,2025-09-08,582.04,453.49,359.11,547.08,488.05,418.65,547.08,520.45,62.08,4.87,854,5,6,-1,0.0
BUY,395,AVGO,2025-09-09,347.89,292.9,,,50.95,,,,,,,2025-09-08,357.81,304.13,238.03,343.66,312.33,296.28,343.12,325.54,50.32,5.12,140,5,5.5,-0.5,0.0
BUY,396,CIEN,2025-09-09,118.66,858.72,,,50.95,,,,,,,2025-09-08,131.25,99.82,81.73,119.07,104.22,92.36,119.07,116.1,60.59,2.5,77,5,5.4,-0.3,2.1
BUY,393,FSLR,2025-09-09,204.51,498.23,,,50.95,,,,,,,2025-09-08,201.7,190.73,165.74,203.14,200.0,188.29,203.14,195.5,21.69,3.76,49,4.34,4.8,3.1,2.5
BUY,392,MU,2025-09-09,131.6,774.29,,,50.95,,,,,,,2025-09-08,156.98,125.08,101.78,131.29,123.42,116.84,131.29,127.55,54.23,2.85,91,5,5.1,-0.2,1.6
BUY,391,STX,2025-09-09,187.28,544.08,,,50.95,,,,,,,2025-09-08,194.51,162.78,113.92,187.81,174.88,156.72,187.68,184.26,70.74,1.82,105,5,4.5,-0.8,2.0
BUY,397,TSLA,2025-09-09,348.58,292.32,,,50.95,,,,,,,2025-09-08,396.0,341.97,331.7,346.34,340.72,328.53,346.34,336.0,19.39,2.99,0,3.88,5.0,4.0,4.1
SELL,389,ALB,2025-09-09,74.2,1161.2,2025-08-26,81.28,47.19,43.08,-8221.3,-8264.38,-8.76,9,rotation (out of top-N),2025-09-08,75.57,76.06,72.42,81.1,80.52,76.71,80.89,78.36,4.35,3.13,14,0.87,4.1,4.5,5.2
SELL,371,ANET,2025-09-09,140.68,765.2,2025-08-05,121.13,46.34,53.82,14955.91,14902.09,16.08,24,rotation (out of top-N),2025-09-08,139.37,128.28,104.32,140.08,137.97,127.36,140.08,137.14,33.59,2.1,56,5,4.1,2.4,2.7
SELL,390,CSX,2025-09-09,32.08,2962.41,2025-08-26,31.86,47.19,47.52,651.73,604.21,0.64,9,rotation (out of top-N),2025-09-08,32.14,33.1,31.41,32.12,32.55,34.12,32.12,31.71,2.34,1.28,63,0.47,1.9,2.8,5.9
SELL,383,DHI,2025-09-09,180.73,594.34,2025-08-19,165.24,49.1,53.71,9206.29,9152.59,9.32,14,rotation (out of top-N),2025-09-08,176.29,159.84,135.33,182.4,172.63,154.74,182.4,178.94,30.26,1.9,35,5,4.2,2.9,3.2
SELL,314,HOOD,2025-09-09,116.52,1055.32,2025-04-29,49.43,26.08,61.48,70796.42,70734.94,135.6,91,rotation (out of top-N),2025-09-08,115.01,103.28,67.02,117.26,106.21,106.27,117.26,112.21,71.61,4.3,637,5,5.9,-1,0.1
SELL,385,INTC,2025-09-09,24.52,3933.06,2025-08-19,24.97,49.1,48.23,-1750.21,-1798.44,-1.83,14,rotation (out of top-N),2025-09-08,24.06,23.16,21.54,24.5,24.31,22.68,24.43,24.06,11.7,1.5,28,2.34,3.1,3.9,5.4
SELL,388,WYNN,2025-09-09,121.63,806.34,2025-08-26,117.05,47.19,49.04,3693.05,3644.01,3.86,9,rotation (out of top-N),2025-09-08,120.58,112.21,92.04,121.83,120.79,111.9,121.83,119.74,31.01,1.72,70,5,3.5,1.3,2.7
BUY,399,ANET,2025-09-16,145.87,742.31,,,54.14,,,,,,,2025-09-15,149.49,132.14,105.25,145.44,142.96,131.93,145.44,140.38,42.03,3.48,63,5,5.4,0.8,1.6
BUY,400,HOOD,2025-09-16,115.48,937.62,,,54.14,,,,,,,2025-09-15,124.65,107.17,69.13,114.79,112.6,107.9,114.79,111.59,80.32,2.78,644,5,4.9,-1,1.1
BUY,401,INTC,2025-09-16,24.79,4367.76,,,54.14,,,,,,,2025-09-15,29.56,24.32,21.77,24.78,24.45,22.88,24.78,24.15,35.78,2.55,35,5,4.9,2.6,2.7
BUY,402,ORCL,2025-09-16,311.6,347.49,,,54.14,,,,,,,2025-09-15,306.43,251.67,187.15,299.75,271.27,246.55,299.75,290.61,63.74,3.05,98,5,5.4,-0.6,1.3
BUY,398,WBD,2025-09-16,18.82,5753.28,,,54.14,,,,,,,2025-09-15,19.33,14.18,10.89,19.5,14.96,12.7,19.5,18.45,77.44,5.36,91,5,6.5,-0.5,0.5
SELL,387,APA,2025-09-16,22.48,4383.76,2025-08-26,21.53,47.19,49.27,4164.57,4115.3,4.36,14,rotation (out of top-N),2025-09-15,22.83,20.98,19.18,22.3,22.09,20.26,22.3,21.83,19.01,2.11,28,3.8,3.9,3.6,4.2
SELL,394,APP,2025-09-16,595.36,186.18,2025-09-09,547.3,50.95,55.42,8945.84,8890.42,8.72,5,rotation (out of top-N),2025-09-15,649.32,489.1,367.23,592.82,544.72,445.61,592.82,579.84,76.82,2.19,861,5,4.5,-1,1.5
SELL,395,AVGO,2025-09-16,363.34,292.9,2025-09-09,347.89,50.95,53.21,4525.26,4472.05,4.39,5,rotation (out of top-N),2025-09-15,343.13,311.22,241.07,362.03,340.91,305.78,361.46,355.26,42.34,1.71,147,5,3.3,-0.1,1.9
SELL,393,FSLR,2025-09-16,207.38,498.23,2025-09-09,204.51,50.95,51.66,1424.94,1373.28,1.35,5,rotation (out of top-N),2025-09-15,212.29,194.65,166.05,206.96,202.57,192.54,206.96,202.21,27.84,2.29,56,5,4.0,2.7,2.8
SELL,386,WDC,2025-09-16,102.47,1194.86,2025-08-26,78.99,47.19,61.22,28055.43,27994.21,29.66,14,rotation (out of top-N),2025-09-15,106.52,84.0,55.47,102.29,93.33,79.18,102.26,99.59,92.03,2.61,119,5,4.8,-1.0,1.3
BUY,404,APP,2025-09-23,641.15,187.01,,,59.95,,,,,,,2025-09-22,669.65,521.92,375.45,643.38,598.54,478.65,643.38,626.52,78.36,2.62,868,5,4.7,-1,1.3
BUY,403,FSLR,2025-09-23,219.7,545.74,,,59.95,,,,,,,2025-09-22,220.0,199.26,166.99,219.3,208.95,196.37,219.3,213.79,31.74,2.51,63,5,4.2,1.4,2.3
BUY,405,TER,2025-09-23,136.17,880.51,,,59.95,,,,,,,2025-09-22,135.14,114.4,100.62,134.9,119.8,112.35,134.9,130.45,34.3,3.3,35,5,5.3,2.7,2.2
SELL,399,ANET,2025-09-23,145.02,742.31,2025-09-16,145.87,54.14,53.82,-627.25,-681.08,-0.63,5,rotation (out of top-N),2025-09-22,142.48,134.02,105.99,145.34,144.74,136.01,145.34,142.56,34.42,1.92,70,5,3.8,1.1,2.6
SELL,392,MU,2025-09-23,165.44,774.29,2025-09-09,131.6,50.95,64.05,26201.83,26137.78,25.65,10,rotation (out of top-N),2025-09-22,157.01,136.45,104.98,164.33,154.9,127.27,164.33,161.03,49.56,2.01,105,5,4.1,-0.2,1.9
SELL,391,STX,2025-09-23,227.98,544.08,2025-09-09,187.28,50.95,62.02,22144.21,22082.19,21.67,10,rotation (out of top-N),2025-09-22,215.87,180.89,120.33,227.62,207.86,171.28,227.46,223.34,79.4,1.81,119,5,4.2,-1.0,1.8
BUY,410,ALB,2025-09-30,84.3,1425.27,,,60.08,,,,,,,2025-09-29,87.72,80.55,72.09,86.43,82.68,78.82,86.21,83.38,21.69,3.28,35,4.34,4.7,3.3,3.1
BUY,408,APA,2025-09-30,23.23,5172.22,,,60.08,,,,,,,2025-09-29,23.89,21.96,19.37,23.69,23.39,21.48,23.69,22.91,23.31,3.31,42,4.66,4.7,3.1,2.8
BUY,409,MU,2025-09-30,163.87,733.21,,,60.08,,,,,,,2025-09-29,187.74,145.77,107.47,163.67,158.59,133.61,163.67,159.82,74.7,2.35,112,5,4.7,-0.9,1.6
BUY,407,STX,2025-09-30,225.89,531.9,,,60.08,,,,,,,2025-09-29,251.64,193.75,124.48,227.43,216.8,180.11,227.26,220.47,102.15,2.99,126,5,5.0,-1,1.0
BUY,406,WDC,2025-09-30,117.65,1021.25,,,60.08,,,,,,,2025-09-29,131.09,95.94,59.37,116.62,107.27,88.44,116.55,112.79,120.82,3.23,133,5,5.2,-1,0.8
SELL,403,FSLR,2025-09-30,223.5,545.74,2025-09-23,219.7,59.95,60.99,2073.82,2012.83,1.68,5,rotation (out of top-N),2025-09-29,230.16,204.88,168.18,223.45,216.51,201.31,223.45,218.21,36.85,2.35,70,5,4.2,1.0,2.3
SELL,376,LITE,2025-09-30,162.09,830.03,2025-08-05,111.67,46.34,67.27,41854.13,41786.86,45.08,39,rotation (out of top-N),2025-09-29,163.76,142.73,92.88,162.57,160.98,138.32,162.57,159.21,76.31,2.07,105,5,4.6,-0.8,1.9
SELL,402,ORCL,2025-09-30,281.08,347.49,2025-09-16,311.6,54.14,48.84,-10605.29,-10654.12,-9.84,10,rotation (out of top-N),2025-09-29,283.71,261.89,192.93,280.5,291.9,260.53,280.5,274.42,47.05,2.17,112,5,3.9,-0.2,1.7
SELL,405,TER,2025-09-30,133.69,880.51,2025-09-23,136.17,59.95,58.86,-2183.67,-2242.53,-1.87,5,rotation (out of top-N),2025-09-29,145.45,120.04,101.06,134.09,128.76,116.58,134.09,131.81,43.92,1.7,42,5,4.6,2.1,3.2
SELL,397,TSLA,2025-09-30,442.23,292.32,2025-09-09,348.58,50.95,64.64,27374.06,27309.43,26.8,15,rotation (out of top-N),2025-09-29,429.86,382.82,331.88,443.38,424.58,363.0,443.38,433.44,29.52,2.24,21,5,4.6,3.2,3.2
BUY,411,AMD,2025-10-07,214.85,568.79,,,61.1,,,,,,,2025-10-06,214.75,169.0,129.8,203.69,170.4,164.99,203.69,186.99,65.45,8.2,98,5,6.4,-0.6,0.4
BUY,413,LITE,2025-10-07,160.99,759.08,,,61.1,,,,,,,2025-10-06,149.57,143.98,94.39,160.52,163.56,145.11,160.52,153.77,58.47,4.21,112,5,5.9,-0.8,0.3
BUY,412,VRT,2025-10-07,164.65,742.21,,,61.1,,,,,,,2025-10-06,168.9,143.24,115.09,162.7,152.91,136.94,162.66,156.7,46.75,3.66,105,5,5.0,-0.1,0.8
SELL,410,ALB,2025-10-07,91.65,1425.27,2025-09-30,84.3,60.08,65.31,10475.76,10410.45,8.66,5,rotation (out of top-N),2025-10-06,89.43,82.16,72.18,91.51,85.55,80.95,91.27,88.98,23.9,2.5,42,4.78,4.2,3.1,3.2
SELL,408,APA,2025-10-07,24.46,5172.22,2025-09-30,23.23,60.08,63.26,6361.83,6298.57,5.24,5,rotation (out of top-N),2025-10-06,21.34,21.85,19.36,24.44,23.76,22.17,24.44,23.8,10.23,2.61,49,2.05,3.4,3.7,4.4
SELL,398,WBD,2025-10-07,19.04,5753.28,2025-09-16,18.82,54.14,54.77,1265.72,1210.95,1.12,15,rotation (out of top-N),2025-10-06,17.11,16.08,11.49,19.09,19.02,15.07,19.09,18.72,49.0,1.96,112,5,3.9,-0.3,1.8
BUY,415,ALB,2025-10-14,92.17,1203.72,,,55.47,,,,,,,2025-10-13,92.22,83.99,72.37,95.75,90.17,82.52,95.51,91.43,27.43,4.28,49,5,5.4,2.8,1.6
BUY,414,WBD,2025-10-14,17.39,6379.91,,,55.47,,,,,,,2025-10-13,18.18,16.46,11.7,17.76,18.2,15.85,17.76,17.06,55.4,3.96,119,5,5.4,-0.8,0.4
SELL,404,APP,2025-10-14,576.86,187.01,2025-09-23,641.15,59.95,53.94,-12022.68,-12076.62,-10.07,15,rotation (out of top-N),2025-10-13,599.26,562.67,396.65,589.87,619.7,567.05,589.87,571.34,51.08,3.14,889,5,4.6,-0.6,0.9
SELL,407,STX,2025-10-14,214.43,531.9,2025-09-30,225.89,60.08,57.03,-6095.56,-6152.59,-5.12,10,rotation (out of top-N),2025-10-13,224.39,202.25,131.07,218.54,225.51,200.69,218.38,211.57,71.2,3.12,140,5,5.1,-1,0.9
BUY,417,APP,2025-10-21,567.78,229.83,,,65.25,,,,,,,2025-10-20,620.1,573.11,403.59,566.01,601.09,588.05,566.01,543.75,53.64,3.93,896,5,5.3,-0.7,0.4
BUY,418,COHR,2025-10-21,121.62,1072.96,,,65.25,,,,,,,2025-10-20,129.35,110.41,87.14,120.19,114.96,105.86,120.19,115.54,48.45,3.87,98,5,5.4,-0.1,0.8
BUY,416,STX,2025-10-21,211.7,616.41,,,65.25,,,,,,,2025-10-20,233.11,207.86,134.51,213.38,221.17,208.41,213.22,204.23,73.31,4.22,147,5,5.8,-1,0.2
SELL,411,AMD,2025-10-21,239.52,568.79,2025-10-07,214.85,61.1,68.12,14032.11,13963.99,11.43,10,rotation (out of top-N),2025-10-20,252.84,193.79,136.01,240.52,222.84,178.65,240.52,235.18,85.89,2.22,112,5,4.6,-0.9,1.7
SELL,412,VRT,2025-10-21,175.15,742.21,2025-10-07,164.65,61.1,65.0,7793.21,7728.22,6.32,10,rotation (out of top-N),2025-10-20,185.97,155.56,117.48,175.62,171.74,146.82,175.59,170.71,58.3,2.78,119,5,4.8,-0.9,1.2
SELL,414,WBD,2025-10-21,19.68,6379.91,2025-10-14,17.39,55.47,62.76,14578.1,14515.33,13.08,5,rotation (out of top-N),2025-10-20,21.14,17.31,11.99,18.3,18.24,16.67,18.3,17.89,76.32,2.25,126,5,4.5,-1,1.5
BUY,420,FIX,2025-10-28,966.55,153.54,,,74.2,,,,,,,2025-10-27,963.68,829.86,556.98,975.57,873.54,801.95,975.57,924.96,73.02,5.19,161,5,6,-1,0.0
BUY,421,FSLR,2025-10-28,246.75,601.41,,,74.2,,,,,,,2025-10-27,266.7,226.94,173.92,247.62,234.18,220.06,247.62,240.71,53.35,2.79,98,5,4.9,-0.3,1.5
BUY,419,IVZ,2025-10-28,23.15,6410.39,,,74.2,,,,,,,2025-10-27,23.12,21.95,17.51,22.9,22.51,22.24,22.9,21.81,32.07,4.77,105,5,4.9,0.6,0.2
BUY,422,TER,2025-10-28,145.39,1020.71,,,74.2,,,,,,,2025-10-27,181.46,138.13,102.69,147.24,142.22,131.73,147.24,144.17,76.71,2.09,70,5,5.2,-0.2,2.4
SELL,417,APP,2025-10-28,646.0,229.83,2025-10-21,567.78,65.25,74.23,17976.19,17901.95,13.72,5,rotation (out of top-N),2025-10-27,637.47,584.81,410.45,643.15,602.66,603.68,643.15,626.36,55.31,2.61,903,5,4.5,-0.8,1.3
SELL,396,CIEN,2025-10-28,182.03,858.72,2025-09-09,118.66,50.95,78.15,54412.95,54334.79,53.32,35,rotation (out of top-N),2025-10-27,189.97,151.37,94.65,182.53,171.48,146.27,182.53,178.23,100.72,2.35,126,5,4.6,-1,1.4
SELL,409,MU,2025-10-28,218.71,733.21,2025-09-30,163.87,60.08,80.18,40209.06,40128.88,33.4,20,rotation (out of top-N),2025-10-27,223.58,181.18,118.19,219.95,205.07,171.91,219.95,214.37,89.16,2.54,140,5,4.7,-1,1.3
SELL,406,WDC,2025-10-28,126.18,1021.25,2025-09-30,117.65,60.08,64.43,8711.3,8646.87,7.2,20,rotation (out of top-N),2025-10-27,150.04,116.32,67.98,126.5,123.74,111.68,126.46,122.94,120.71,2.79,161,5,4.9,-1,1.1
BUY,426,CIEN,2025-11-04,182.14,732.94,,,66.75,,,,,,,2025-11-03,199.27,160.08,97.45,189.55,182.37,156.27,189.55,185.06,104.49,2.37,133,5,4.6,-1,1.4
BUY,425,INCY,2025-11-04,101.84,1310.8,,,66.75,,,,,,,2025-11-03,105.99,90.04,73.68,101.58,92.69,86.97,101.58,98.1,43.85,3.42,98,5,4.8,0.2,1.1
BUY,424,MU,2025-11-04,221.98,601.4,,,66.75,,,,,,,2025-11-03,237.7,191.46,121.86,234.44,218.93,184.57,234.44,226.28,95.05,3.48,147,5,5.3,-1,0.7
BUY,423,WDC,2025-11-04,151.16,883.16,,,66.75,,,,,,,2025-11-03,162.8,124.77,70.95,157.81,137.39,118.39,157.77,147.26,129.47,6.66,168,5,6,-1,0.0
SELL,415,ALB,2025-11-04,90.98,1203.72,2025-10-14,92.17,55.47,54.76,-1432.42,-1487.18,-1.34,15,rotation (out of top-N),2025-11-03,96.63,90.9,73.25,95.97,96.36,88.22,95.73,93.17,31.91,2.68,70,5,4.2,1.2,2.0
SELL,420,FIX,2025-11-04,954.52,153.54,2025-10-28,966.55,74.2,73.28,-1847.04,-1920.32,-1.29,5,rotation (out of top-N),2025-11-03,954.65,852.55,569.93,975.09,937.81,835.64,975.09,960.27,67.5,1.52,168,5,4.0,-1,2.0
SELL,400,HOOD,2025-11-04,139.9,937.62,2025-09-16,115.48,54.14,65.59,22896.77,22831.19,21.09,35,rotation (out of top-N),2025-11-03,130.36,129.66,85.28,147.11,141.98,133.52,146.66,142.46,52.85,2.86,693,5,4.6,-0.6,1.1
SELL,419,IVZ,2025-11-04,22.93,6410.39,2025-10-28,23.15,74.2,73.5,-1410.28,-1483.78,-1.0,5,rotation (out of top-N),2025-11-03,22.8,22.1,17.62,23.01,22.91,22.47,23.01,22.65,29.38,1.55,112,5,2.6,0.7,2.2
BUY,427,AKAM,2025-11-11,86.78,1796.33,,,77.94,,,,,,,2025-11-10,87.19,78.82,78.33,87.12,77.66,75.7,87.12,82.56,11.3,5.23,0,2.26,5.6,4.4,3.9
BUY,428,ALB,2025-11-11,101.57,1534.76,,,77.94,,,,,,,2025-11-10,114.52,95.19,74.23,103.03,95.74,90.6,102.77,98.4,54.29,4.25,77,5,6.3,0.0,0.9
BUY,429,EXPE,2025-11-11,266.42,585.11,,,77.94,,,,,,,2025-11-10,262.87,228.47,188.66,266.44,231.54,219.93,266.44,253.19,39.33,4.97,112,5,5.1,0.2,0.1
SELL,421,FSLR,2025-11-11,270.09,601.41,2025-10-28,246.75,74.2,81.22,14033.85,13952.64,9.4,10,rotation (out of top-N),2025-11-10,253.09,237.75,178.54,272.37,261.62,234.38,272.37,261.57,41.75,3.96,112,5,4.9,0.0,0.5
SELL,425,INCY,2025-11-11,105.8,1310.8,2025-11-04,101.84,66.75,69.34,5184.22,5114.88,3.83,5,rotation (out of top-N),2025-11-10,104.06,92.58,74.43,105.97,100.73,89.5,105.97,104.04,39.8,1.82,105,5,3.5,0.3,2.0
SELL,401,INTC,2025-11-11,38.17,4367.76,2025-09-16,24.79,54.14,83.37,58462.48,58379.12,53.92,40,rotation (out of top-N),2025-11-10,35.52,34.72,25.2,38.43,38.46,35.92,38.44,37.45,40.95,2.56,91,5,4.2,0.4,1.8
BUY,431,FIX,2025-11-18,919.92,161.61,,,74.33,,,,,,,2025-11-17,893.52,868.19,593.76,918.16,935.65,879.48,918.16,887.29,50.48,3.36,182,5,4.8,-0.5,0.8
BUY,430,WBD,2025-11-18,22.72,6543.36,,,74.33,,,,,,,2025-11-17,23.19,20.39,13.24,22.75,22.47,20.34,22.75,22.2,75.12,2.44,154,5,4.6,-1,1.4
SELL,427,AKAM,2025-11-18,87.12,1796.33,2025-11-11,86.78,77.94,78.25,619.73,541.48,0.35,5,rotation (out of top-N),2025-11-17,88.98,80.67,78.06,87.62,84.52,77.24,87.62,85.9,13.99,1.96,7,2.8,3.9,4.2,5.2
SELL,429,EXPE,2025-11-18,240.79,585.11,2025-11-11,266.42,77.94,70.44,-14996.39,-15066.83,-9.67,5,rotation (out of top-N),2025-11-17,246.45,231.74,189.83,242.66,249.02,224.81,242.66,234.26,29.83,3.46,119,5,3.8,0.5,0.7
BUY,432,GOOG,2025-11-25,326.23,457.71,,,74.66,,,,,,,2025-11-24,319.59,274.42,204.1,318.02,293.17,267.55,320.11,311.35,56.59,2.74,133,5,4.7,-0.8,1.2
SELL,430,WBD,2025-11-25,22.82,6543.36,2025-11-18,22.72,74.33,74.66,654.34,579.68,0.39,5,rotation (out of top-N),2025-11-24,24.02,21.05,13.57,22.86,22.86,20.79,22.9,22.34,76.93,2.44,161,5,4.6,-1,1.4
BUY,433,WBD,2025-12-02,24.26,5967.91,,,72.39,,,,,,,2025-12-01,26.06,21.96,13.94,23.86,23.34,21.23,23.86,23.39,86.97,1.96,168,5,4.3,-1,1.7
SELL,432,GOOG,2025-12-02,316.47,457.71,2025-11-25,326.23,74.66,72.43,-4467.25,-4539.68,-3.04,4,rotation (out of top-N),2025-12-01,321.71,283.02,207.85,314.75,307.28,274.98,314.75,309.84,54.78,1.56,140,5,3.8,-0.7,2.0
BUY,434,COO,2025-12-09,78.16,2319.67,,,90.65,,,,,,,2025-12-08,82.11,75.74,74.29,78.03,77.11,73.07,78.03,74.18,10.51,4.94,0,2.1,5.5,4.5,3.9
BUY,435,CVNA,2025-12-09,88.31,2053.05,,,90.65,,,,,,,2025-12-08,91.1,73.64,63.23,89.61,77.38,68.42,89.61,86.07,44.08,3.95,917,5,4.8,-0.2,0.4
SELL,431,FIX,2025-12-09,982.13,161.61,2025-11-18,919.92,74.33,79.36,10053.54,9974.18,6.71,14,rotation (out of top-N),2025-12-08,963.94,918.31,641.15,988.94,968.29,926.2,988.94,961.94,50.34,2.73,203,5,4.3,-0.5,1.2
SELL,422,TER,2025-12-09,200.04,1020.71,2025-10-28,145.39,74.2,102.09,55781.57,55679.48,37.52,29,rotation (out of top-N),2025-12-08,193.23,170.29,113.0,202.96,189.06,167.26,202.96,199.27,71.0,1.82,112,5,4.3,-0.9,1.9
BUY,437,APP,2025-12-16,667.73,280.71,,,93.72,,,,,,,2025-12-15,721.63,631.77,455.98,675.18,674.3,613.28,675.18,649.93,58.26,3.74,952,5,5.4,-0.9,0.5
BUY,436,LRCX,2025-12-16,164.38,1140.27,,,93.72,,,,,,,2025-12-15,172.0,152.76,108.69,164.14,161.85,155.31,164.03,159.05,58.25,3.03,203,5,4.9,-0.9,1.0
BUY,439,MRNA,2025-12-16,29.9,6268.8,,,93.72,,,,,,,2025-12-15,34.01,27.98,27.25,29.95,28.1,25.9,29.95,29.0,24.8,3.16,0,4.96,5.3,3.8,3.4
BUY,438,TER,2025-12-16,194.31,964.63,,,93.72,,,,,,,2025-12-15,194.86,174.76,115.71,194.67,194.85,174.81,194.67,188.94,68.4,2.94,119,5,5.0,-1.0,1.1
SELL,428,ALB,2025-12-16,131.25,1534.76,2025-11-11,101.57,77.94,100.72,45551.56,45450.84,29.16,24,rotation (out of top-N),2025-12-15,145.45,118.53,80.87,131.93,128.82,111.74,131.6,128.48,79.85,2.37,112,5,4.7,-0.9,1.6
SELL,434,COO,2025-12-16,81.36,2319.67,2025-12-09,78.16,90.65,94.36,7422.93,7328.57,4.04,5,rotation (out of top-N),2025-12-15,82.76,77.01,74.33,81.55,79.75,74.38,81.55,80.51,11.34,1.27,7,2.27,3.3,4.3,5.9
SELL,435,CVNA,2025-12-16,89.7,2053.05,2025-12-09,88.31,90.65,92.08,2853.74,2761.66,1.52,5,rotation (out of top-N),2025-12-15,90.08,76.63,64.57,89.64,86.47,71.33,89.64,86.47,39.5,3.53,924,5,4.3,0.0,0.6
SELL,433,WBD,2025-12-16,29.49,5967.91,2025-12-02,24.26,72.39,88.0,31212.15,31124.16,21.5,10,rotation (out of top-N),2025-12-15,27.82,24.22,14.85,29.73,27.8,23.56,29.73,29.36,87.32,1.24,182,5,3.8,-1,2.2
BUY,440,ALB,2025-12-23,147.94,1284.21,,,94.99,,,,,,,2025-12-22,149.66,124.19,82.71,145.01,136.33,117.16,144.64,139.98,80.95,3.22,119,5,5.2,-1.0,0.9
SELL,438,TER,2025-12-23,196.76,964.63,2025-12-16,194.31,93.72,94.9,2363.34,2268.44,1.21,5,rotation (out of top-N),2025-12-22,198.77,179.12,118.5,197.02,193.49,181.05,197.02,193.38,67.74,1.85,126,5,4.2,-1,1.8
BUY,441,NEM,2025-12-30,101.66,1916.67,,,97.42,,,,,,,2025-12-29,100.79,93.93,71.28,99.37,100.94,91.1,99.37,96.83,41.4,2.55,266,5,3.8,-0.1,1.3
SELL,437,APP,2025-12-30,694.49,280.71,2025-12-16,667.73,93.72,97.47,7511.8,7414.33,3.96,9,rotation (out of top-N),2025-12-29,618.72,641.64,474.62,698.75,704.87,636.7,698.75,683.27,30.36,2.21,966,5,3.0,0.5,1.5
BUY,444,HAL,2026-01-06,31.64,6159.72,,,97.45,,,,,,,2026-01-05,32.47,28.17,23.28,31.79,28.89,27.4,31.65,30.34,39.47,4.15,77,5,5.5,0.7,1.0
BUY,442,INTC,2026-01-06,39.86,4889.45,,,97.45,,,,,,,2026-01-05,45.5,38.78,28.41,39.37,37.76,37.73,39.37,37.9,60.13,3.74,147,5,5.5,-1,0.5
BUY,443,SLB,2026-01-06,43.92,4437.47,,,97.45,,,,,,,2026-01-05,44.94,38.75,35.0,43.58,39.31,37.29,43.36,41.6,28.41,4.05,42,5,5.4,2.9,1.8
SELL,440,ALB,2026-01-06,150.45,1284.21,2025-12-23,147.94,94.99,96.6,3223.36,3126.75,1.65,8,rotation (out of top-N),2026-01-05,160.89,133.73,87.1,145.74,142.83,127.17,145.37,141.74,84.71,2.5,133,5,4.7,-1,1.3
SELL,424,MU,2026-01-06,318.32,601.4,2025-11-04,221.98,66.75,95.72,57938.76,57843.04,43.33,42,rotation (out of top-N),2026-01-05,344.83,268.7,160.75,311.99,288.68,249.68,312.35,304.25,114.51,2.59,210,5,4.7,-1,1.3
SELL,441,NEM,2026-01-06,104.62,1916.67,2025-12-30,101.66,97.42,100.26,5673.35,5573.09,2.86,4,rotation (out of top-N),2026-01-05,108.5,96.58,72.9,103.12,101.18,93.2,103.12,100.48,48.83,2.56,273,5,4.1,-0.4,1.3
BUY,445,ALB,2026-01-13,174.6,1145.53,,,100.0,,,,,,,2026-01-12,162.65,138.99,89.78,168.92,155.11,134.75,168.49,163.84,81.18,2.76,140,5,4.8,-1,1.2
BUY,446,AMAT,2026-01-13,306.74,652.05,,,100.0,,,,,,,2026-01-12,326.23,269.76,201.38,306.59,284.75,258.18,306.59,299.33,62.0,2.37,196,5,4.6,-1,1.4
SELL,444,HAL,2026-01-13,32.13,6159.72,2026-01-06,31.64,97.45,98.96,3018.26,2919.31,1.5,5,rotation (out of top-N),2026-01-12,32.41,28.94,23.58,31.75,30.6,27.93,31.61,31.04,37.45,1.81,84,5,3.7,0.7,2.4
SELL,443,SLB,2026-01-13,45.57,4437.47,2026-01-06,43.92,97.45,101.11,7321.82,7220.72,3.7,5,rotation (out of top-N),2026-01-12,46.45,40.15,35.34,44.9,42.37,38.25,44.66,43.9,31.45,1.7,49,5,3.9,2.6,3.0
BUY,447,MU,2026-01-27,402.47,583.92,,,117.5,,,,,,,2026-01-26,414.8,326.15,184.73,388.91,369.55,293.67,388.91,375.62,124.54,3.42,231,5,5.3,-1,0.7
BUY,448,SLB,2026-01-27,49.9,4709.6,,,117.5,,,,,,,2026-01-26,48.11,42.89,36.07,49.4,47.12,40.93,49.14,47.73,33.37,2.87,63,5,4.5,1.3,2.0
SELL,446,AMAT,2026-01-27,323.38,652.05,2026-01-13,306.74,100.0,105.43,10850.11,10744.68,5.37,9,rotation (out of top-N),2026-01-26,321.61,286.91,210.31,318.64,313.07,278.21,318.64,312.5,52.92,1.93,210,5,3.9,-0.6,1.7
SELL,413,LITE,2026-01-27,341.76,759.08,2025-10-07,160.99,61.1,129.71,137223.51,137093.8,112.18,76,rotation (out of top-N),2026-01-26,391.71,336.91,186.23,332.32,347.17,350.37,332.32,317.49,110.33,4.46,224,5,6.0,-1,0.0
BUY,449,DECK,2026-02-03,116.2,2145.53,,,124.66,,,,,,,2026-02-02,115.53,105.49,103.68,116.31,106.14,102.79,116.31,110.54,11.42,4.96,0,2.28,5.6,4.4,3.9
BUY,450,GLW,2026-02-03,115.98,2149.6,,,124.66,,,,,,,2026-02-02,121.73,96.5,73.0,110.03,100.89,91.4,110.03,105.73,66.76,3.91,252,5,5.6,-1,0.4
BUY,451,LITE,2026-02-03,453.36,549.92,,,124.66,,,,,,,2026-02-02,552.0,376.01,198.46,423.71,377.63,360.27,423.71,387.93,178.14,8.44,231,5,6,-1,0.0
SELL,442,INTC,2026-02-03,50.02,4889.45,2026-01-06,39.86,97.45,122.27,49652.41,49530.13,25.41,19,rotation (out of top-N),2026-02-02,50.58,43.64,31.16,48.81,47.31,42.14,48.9,47.27,62.32,3.32,175,5,5.2,-1,0.8
SELL,436,LRCX,2026-02-03,243.99,1140.27,2025-12-16,164.38,93.72,139.11,90776.66,90637.55,48.36,32,rotation (out of top-N),2026-02-02,230.6,202.58,133.78,237.22,230.81,194.53,237.05,228.83,72.37,3.47,252,5,5.3,-1,0.7
SELL,448,SLB,2026-02-03,47.92,4709.6,2026-01-27,49.9,117.5,112.84,-9325.01,-9437.86,-4.02,5,rotation (out of top-N),2026-02-02,50.4,44.26,36.49,47.77,47.92,42.5,47.52,46.4,38.12,2.36,70,5,4.3,0.9,2.3
BUY,452,TER,2026-02-10,311.61,700.48,,,109.14,,,,,,,2026-02-09,314.49,242.25,148.81,310.24,271.63,224.81,310.24,299.28,111.34,3.53,175,5,5.4,-1,0.6
BUY,453,VRT,2026-02-10,203.16,1074.4,,,109.14,,,,,,,2026-02-09,234.43,188.65,151.96,202.18,189.22,174.28,202.14,194.43,54.27,3.81,231,5,5.3,-0.7,0.5
SELL,445,ALB,2026-02-10,164.2,1145.53,2026-01-13,174.6,100.0,94.05,-11913.53,-12007.58,-6.0,19,rotation (out of top-N),2026-02-09,166.07,156.26,101.36,165.17,168.51,159.56,164.75,160.75,63.85,2.43,168,5,4.6,-1,1.4
SELL,449,DECK,2026-02-10,115.83,2145.53,2026-02-03,116.2,124.66,124.26,-793.84,-918.1,-0.37,5,rotation (out of top-N),2026-02-09,115.64,107.33,103.55,114.48,110.86,104.49,114.48,112.7,11.68,1.56,7,2.34,3.5,4.3,5.7
BUY,455,FDX,2026-02-24,307.4,802.92,,,123.41,,,,,,,2026-02-23,310.46,275.3,211.51,307.86,300.62,264.4,382.31,366.01,46.79,4.26,133,5,5.2,-0.3,0.2
BUY,454,FIX,2026-02-24,1412.5,174.74,,,123.41,,,,,,,2026-02-23,1428.64,1225.4,854.68,1409.03,1341.11,1144.67,1409.03,1348.55,67.15,4.29,280,5,5.9,-1,0.1
BUY,456,TPL,2026-02-24,502.65,491.03,,,123.41,,,,,,,2026-02-23,522.69,401.74,332.68,501.49,444.69,351.68,502.25,476.83,57.11,5.06,14,5,7.6,1.9,1.8
SELL,447,MU,2026-02-24,429.11,583.92,2026-01-27,402.47,117.5,125.28,15555.55,15430.27,6.57,19,rotation (out of top-N),2026-02-23,412.53,374.19,216.96,420.61,412.28,371.65,419.46,407.62,90.14,2.82,259,5,4.9,-1,1.1
SELL,452,TER,2026-02-24,323.24,700.48,2026-02-10,311.61,109.14,113.21,8146.53,8033.32,3.68,9,rotation (out of top-N),2026-02-23,320.2,268.71,160.95,318.5,308.88,251.83,318.62,309.74,98.94,2.79,189,5,4.9,-1,1.1
SELL,453,VRT,2026-02-24,245.71,1074.4,2026-02-10,203.16,109.14,132.0,45715.72,45583.72,20.88,9,rotation (out of top-N),2026-02-23,254.9,208.89,159.18,245.37,232.51,191.27,245.37,238.65,60.13,2.74,245,5,4.8,-1,1.2
BUY,457,LYB,2026-03-03,55.41,4216.88,,,116.83,,,,,,,2026-03-02,66.44,54.24,49.99,57.28,55.77,51.53,57.88,56.13,32.9,3.02,14,5,5.4,3.1,2.8
BUY,458,MU,2026-03-03,386.39,604.72,,,116.83,,,,,,,2026-03-02,370.22,373.47,223.85,412.27,414.77,387.74,411.3,397.75,65.38,3.29,266,5,5.2,-1,0.8
BUY,459,TER,2026-03-03,308.39,757.67,,,116.83,,,,,,,2026-03-02,272.87,269.46,165.81,325.66,321.5,268.48,325.78,314.24,64.56,3.54,196,5,5.4,-1,0.6
SELL,455,FDX,2026-03-03,301.66,802.92,2026-02-24,307.4,123.41,121.1,-4608.77,-4729.88,-1.92,5,rotation (out of top-N),2026-03-02,287.89,277.59,214.41,310.3,306.47,273.73,385.35,379.45,34.27,1.53,140,5,2.7,0.3,2.0
SELL,454,FIX,2026-03-03,1355.16,174.74,2026-02-24,1412.5,123.41,118.4,-10019.51,-10137.91,-4.11,5,rotation (out of top-N),2026-03-02,1279.35,1235.21,874.73,1436.11,1403.85,1206.38,1436.11,1399.03,46.26,2.58,287,5,4.0,-0.3,1.3
SELL,416,STX,2026-03-03,360.63,616.41,2025-10-21,211.7,65.25,111.15,91801.33,91690.19,70.26,90,rotation (out of top-N),2026-03-02,352.02,367.77,244.28,378.74,404.62,376.67,378.74,363.29,44.1,4.08,280,5,4.9,-0.2,0.3
BUY,461,CF,2026-03-10,109.14,2390.51,,,130.45,,,,,,,2026-03-09,129.08,101.54,88.36,110.55,105.46,94.13,110.55,103.93,46.08,5.99,35,5,6.7,2.1,1.4
BUY,460,DOW,2026-03-10,34.38,7588.73,,,130.45,,,,,,,2026-03-09,36.24,30.36,25.1,33.98,31.88,29.51,34.33,32.62,44.38,4.99,49,5,6.4,2.0,1.2
SELL,450,GLW,2026-03-10,131.81,2149.6,2026-02-03,115.98,124.66,141.67,34028.12,33886.45,13.59,24,rotation (out of top-N),2026-03-09,128.88,120.09,83.89,128.89,137.94,119.19,129.09,123.14,53.63,4.61,287,5,5.7,-0.7,0.0
SELL,458,MU,2026-03-10,394.62,604.72,2026-03-03,386.39,116.83,119.32,4976.83,4857.52,2.08,5,rotation (out of top-N),2026-03-09,425.94,383.01,231.8,389.21,397.03,395.25,389.04,376.28,83.76,3.28,273,5,5.2,-1,0.8
BUY,462,DELL,2026-03-24,163.21,1765.69,,,144.09,,,,,,,2026-03-23,171.3,144.22,133.04,164.25,153.39,132.09,164.25,158.39,28.76,3.57,21,5,5.5,3.2,2.4
BUY,463,GLW,2026-03-24,130.21,2213.18,,,144.09,,,,,,,2026-03-23,136.6,123.74,87.95,130.71,130.97,129.05,130.91,125.71,55.32,3.97,301,5,5.4,-0.8,0.4
SELL,439,MRNA,2026-03-24,50.65,6268.8,2025-12-16,29.9,93.72,158.76,130077.59,129918.83,69.31,66,rotation (out of top-N),2026-03-23,49.6,47.5,33.43,51.31,52.54,48.7,51.31,49.33,48.36,3.86,98,5,5.4,-0.1,0.8
SELL,456,TPL,2026-03-24,527.78,491.03,2026-02-24,502.65,123.41,129.58,12339.68,12210.1,4.95,20,rotation (out of top-N),2026-03-23,511.72,467.17,348.17,527.04,525.24,458.92,527.85,515.65,46.97,2.31,42,5,5.2,2.0,2.8
BUY,464,MRNA,2026-03-31,49.31,4279.14,,,105.5,,,,,,,2026-03-30,49.2,47.81,33.98,48.24,51.45,49.36,48.24,46.31,44.78,4.01,105,5,5.2,0.0,0.6
SELL,459,TER,2026-03-31,278.39,757.67,2026-03-03,308.39,116.83,105.46,-22730.04,-22835.5,-9.77,20,rotation (out of top-N),2026-03-30,309.25,284.87,186.76,276.33,298.25,303.24,276.43,264.72,65.59,4.23,224,5,5.8,-1,0.2
BUY,466,INTC,2026-04-07,51.84,5379.69,,,139.43,,,,,,,2026-04-06,62.37,48.42,37.07,50.77,46.71,45.86,50.77,49.2,68.26,3.09,238,5,5.1,-1,0.9
BUY,467,SNDK,2026-04-07,722.59,385.91,,,139.43,,,,,,,2026-04-06,851.04,647.1,300.48,724.12,674.15,639.41,724.12,698.2,183.22,3.58,999,5,5.4,-1,0.6
BUY,465,STX,2026-04-07,449.75,620.02,,,139.43,,,,,,,2026-04-06,503.37,408.59,280.21,453.38,412.49,401.6,453.38,434.94,79.64,4.07,315,5,5.7,-1,0.3
SELL,461,CF,2026-04-07,134.53,2390.51,2026-03-10,109.14,130.45,160.8,60695.11,60534.31,23.2,19,rotation (out of top-N),2026-04-06,120.81,115.67,91.69,130.48,129.0,112.29,130.48,125.99,31.76,3.44,63,5,4.8,1.4,1.7
SELL,462,DELL,2026-04-07,173.73,1765.69,2026-03-24,163.21,144.09,153.38,18575.07,18421.7,6.39,9,rotation (out of top-N),2026-04-06,177.35,154.65,135.68,172.73,168.32,144.56,172.73,168.79,30.71,2.28,35,5,4.5,2.9,2.9
SELL,464,MRNA,2026-04-07,48.83,4279.14,2026-03-31,49.31,105.5,104.48,-2053.99,-2158.46,-1.02,4,rotation (out of top-N),2026-04-06,50.97,48.39,34.5,48.75,50.39,50.12,48.75,47.08,47.76,3.42,112,5,4.8,-0.3,0.9
BUY,470,ALB,2026-04-14,190.96,1628.94,,,155.53,,,,,,,2026-04-13,197.64,173.21,126.49,185.39,176.51,172.14,185.39,179.84,56.25,2.99,231,5,4.8,-0.8,1.0
BUY,469,DELL,2026-04-14,185.5,1676.88,,,155.53,,,,,,,2026-04-13,195.96,162.16,137.46,189.22,177.37,152.22,182.9,176.75,42.56,3.36,42,5,5.7,2.2,2.1
BUY,468,HPE,2026-04-14,24.73,12578.32,,,155.53,,,,,,,2026-04-13,26.45,23.65,22.62,24.8,24.46,22.44,24.8,24.04,16.89,3.08,14,3.38,4.7,3.9,4.0
SELL,460,DOW,2026-04-14,39.28,7588.73,2026-03-10,34.38,130.45,149.04,37184.78,37035.73,14.2,24,rotation (out of top-N),2026-04-13,35.24,35.25,26.5,39.7,39.29,35.32,40.1,39.16,32.98,2.35,84,5,3.8,1.0,2.0
SELL,457,LYB,2026-04-14,74.17,4216.88,2026-03-03,55.41,116.83,156.38,79108.64,78952.26,33.79,29,rotation (out of top-N),2026-04-13,65.62,67.25,52.66,74.72,75.12,67.79,75.5,73.77,24.61,2.3,56,4.92,3.8,2.8,3.1
SELL,465,STX,2026-04-14,520.71,620.02,2026-04-07,449.75,139.43,161.42,43993.84,43832.42,15.72,5,rotation (out of top-N),2026-04-13,547.41,433.83,290.25,513.3,467.98,411.53,513.3,503.19,88.6,1.97,322,5,4.3,-1,1.7
BUY,472,APA,2026-04-21,35.95,9917.07,,,178.26,,,,,,,2026-04-20,37.74,35.9,26.59,35.73,37.63,36.19,35.73,34.2,41.97,4.27,245,5,4.9,-0.1,0.2
BUY,474,CF,2026-04-21,115.17,3095.59,,,178.26,,,,,,,2026-04-20,120.43,116.02,92.83,115.46,120.32,118.81,115.46,110.59,29.73,4.22,77,5,5.0,1.2,0.9
BUY,473,DOW,2026-04-21,36.81,9685.38,,,178.26,,,,,,,2026-04-20,38.25,35.8,26.78,36.39,38.06,36.18,36.76,35.09,42.81,4.54,91,5,5.6,0.3,0.5
BUY,471,LYB,2026-04-21,68.96,5169.94,,,178.26,,,,,,,2026-04-20,69.16,67.6,52.92,67.87,71.83,69.73,68.58,65.82,30.68,4.03,63,5,5.2,1.4,1.3
SELL,426,CIEN,2026-04-21,509.37,732.94,2025-11-04,182.14,66.75,186.67,239841.42,239654.75,179.52,114,rotation (out of top-N),2026-04-20,520.84,421.03,235.94,503.56,480.0,397.84,503.56,490.47,120.75,2.6,301,5,4.7,-1,1.3
SELL,463,GLW,2026-04-21,166.19,2213.18,2026-03-24,130.21,144.09,183.9,79630.3,79446.4,27.57,19,rotation (out of top-N),2026-04-20,175.63,147.32,99.2,165.12,163.18,145.54,165.38,160.85,77.04,2.74,329,5,4.8,-1,1.2
SELL,468,HPE,2026-04-21,28.0,12578.32,2026-04-14,24.73,155.53,176.1,41131.12,40955.02,13.17,5,rotation (out of top-N),2026-04-20,28.16,24.47,22.81,27.82,25.56,22.97,27.82,27.18,23.46,2.31,21,4.69,4.4,3.5,3.8
SELL,423,WDC,2026-04-21,377.84,883.16,2025-11-04,151.16,66.75,166.85,200194.77,200027.92,149.84,114,rotation (out of top-N),2026-04-20,403.94,317.21,189.05,374.21,351.23,297.93,374.21,363.31,113.68,2.91,336,5,4.9,-1,1.1
BUY,479,CIEN,2026-04-28,473.69,777.38,,,184.12,,,,,,,2026-04-27,535.82,441.9,247.12,506.28,499.19,418.27,506.28,489.05,116.82,3.4,308,5,5.3,-1,0.7
BUY,475,FIX,2026-04-28,1714.87,214.73,,,184.12,,,,,,,2026-04-27,1867.92,1544.88,1074.49,1795.34,1692.68,1487.67,1795.34,1720.85,73.84,4.15,343,5,5.8,-1,0.2
BUY,476,MU,2026-04-28,502.16,733.31,,,184.12,,,,,,,2026-04-27,542.26,440.39,287.43,524.73,472.39,416.85,524.73,503.7,88.66,4.01,322,5,5.7,-1,0.3
BUY,478,TER,2026-04-28,383.5,960.21,,,184.12,,,,,,,2026-04-27,345.31,335.52,215.21,401.83,385.26,328.55,401.99,387.31,60.45,3.65,252,5,5.4,-1,0.6
BUY,477,VRT,2026-04-28,305.09,1206.98,,,184.12,,,,,,,2026-04-27,328.18,281.25,194.83,322.56,310.1,275.08,322.56,312.07,68.44,3.25,308,5,5.2,-1,0.8
SELL,470,ALB,2026-04-28,193.74,1628.94,2026-04-14,190.96,155.53,157.8,4528.45,4370.65,1.41,10,rotation (out of top-N),2026-04-27,193.84,179.21,132.07,199.6,192.89,176.99,199.6,192.74,46.77,3.44,245,5,4.6,-0.3,0.7
SELL,472,APA,2026-04-28,39.49,9917.07,2026-04-21,35.95,178.26,195.81,35106.44,34910.62,9.79,5,rotation (out of top-N),2026-04-27,40.14,36.67,27.13,38.42,37.93,37.35,38.42,37.68,47.98,1.95,252,5,3.7,-0.4,1.7
SELL,474,CF,2026-04-28,125.81,3095.59,2026-04-21,115.17,178.26,194.73,32937.04,32742.32,9.18,5,rotation (out of top-N),2026-04-27,122.27,117.16,93.6,123.12,121.64,122.03,123.12,120.1,30.62,2.45,84,5,3.8,1.1,2.0
SELL,473,DOW,2026-04-28,38.56,9685.38,2026-04-21,36.81,178.26,186.73,16949.41,16762.68,4.7,5,rotation (out of top-N),2026-04-27,39.89,36.54,27.18,37.71,38.06,37.22,38.09,36.86,46.79,3.25,98,5,4.9,0.0,1.2
SELL,471,LYB,2026-04-28,71.99,5169.94,2026-04-21,68.96,178.26,186.09,15664.9,15478.81,4.34,5,rotation (out of top-N),2026-04-27,74.18,68.79,53.29,70.29,70.78,71.53,71.03,69.51,39.2,2.14,70,5,4.2,0.9,2.4
BUY,483,AGL,2026-05-05,26.46,16067.33,,,212.57,,,,,,,2026-05-04,53.99,26.89,21.61,26.96,26.97,18.77,26.96,25.21,149.85,6.48,0,5,8.0,2.0,2.0
BUY,488,ARM,2026-05-05,210.37,2020.92,,,212.57,,,,,,,2026-05-04,213.18,175.31,142.01,203.17,200.49,158.11,202.75,195.87,50.11,3.39,21,5,6.4,2.1,2.4
BUY,487,BAND,2026-05-05,44.99,9449.69,,,212.57,,,,,,,2026-05-04,49.91,28.08,17.19,45.01,31.9,20.33,45.01,41.5,190.35,7.8,42,5,7.3,1.3,1.3
BUY,482,DDOG,2026-05-05,147.81,2876.17,,,212.57,,,,,,,2026-05-04,200.23,139.22,138.59,146.72,134.22,124.55,146.72,140.48,44.48,4.25,0,5,7.1,2.8,2.2
BUY,484,PENG,2026-05-05,33.27,12778.52,,,212.57,,,,,,,2026-05-04,44.23,27.9,22.5,32.4,29.38,22.51,32.4,31.23,96.61,3.6,14,5,7.2,1.8,2.4
BUY,481,QCOM,2026-05-05,167.65,2535.96,,,212.57,,,,,,,2026-05-04,219.19,158.57,157.2,168.34,157.55,136.26,168.34,161.76,39.44,3.91,0,5,6.6,3.0,2.4
BUY,486,ROKU,2026-05-05,127.38,3337.71,,,212.57,,,,,,,2026-05-04,129.43,110.69,100.35,126.07,117.18,103.47,126.07,119.24,28.98,5.42,21,5,6.1,3.2,1.8
BUY,485,SEZL,2026-05-05,86.37,4922.33,,,212.57,,,,,,,2026-05-04,96.28,77.0,73.89,86.02,80.85,71.5,86.02,82.6,30.29,3.97,0,5,6.2,3.5,2.4
BUY,480,XMTR,2026-05-05,54.01,7872.26,,,212.57,,,,,,,2026-05-04,79.97,53.35,53.03,53.0,49.32,43.43,53.0,51.23,50.82,3.34,0,5,6.8,2.5,2.8
SELL,479,CIEN,2026-05-05,554.99,777.38,2026-04-28,473.69,184.12,215.72,63201.29,62985.57,17.1,5,rotation (out of top-N),2026-05-04,547.53,461.1,258.59,538.59,510.89,441.44,538.59,519.17,111.73,3.61,315,5,5.4,-1,0.6
SELL,418,COHR,2026-05-05,329.17,1072.96,2025-10-21,121.62,65.25,176.59,222692.4,222515.81,170.52,134,rotation (out of top-N),2026-05-04,335.15,296.89,188.82,329.88,322.91,284.62,329.88,317.89,77.5,3.63,294,5,5.4,-1,0.6
SELL,469,DELL,2026-05-05,215.02,1676.88,2026-04-14,185.5,155.53,180.28,49501.61,49321.33,15.86,15,rotation (out of top-N),2026-05-04,260.31,193.72,145.0,211.94,207.47,179.97,211.94,207.49,79.53,2.1,63,5,5.3,-0.0,2.6
SELL,475,FIX,2026-05-05,1959.3,214.73,2026-04-28,1714.87,184.12,210.36,52487.14,52276.78,14.2,5,rotation (out of top-N),2026-05-04,1949.24,1618.4,1105.85,1891.48,1778.19,1541.78,1891.48,1847.96,76.27,2.3,350,5,4.5,-1,1.5
SELL,466,INTC,2026-05-05,100.5,5379.69,2026-04-07,51.84,139.43,270.34,261829.33,261558.99,93.8,20,rotation (out of top-N),2026-05-04,124.91,76.1,44.3,95.77,86.0,59.52,95.54,92.95,182.0,2.71,266,5,4.8,-1,1.2
SELL,451,LITE,2026-05-05,975.83,549.92,2026-02-03,453.36,124.66,268.31,287318.15,287049.84,115.14,63,rotation (out of top-N),2026-05-04,903.12,806.63,416.82,976.21,894.05,790.07,976.21,933.77,116.67,4.35,322,5,5.9,-1,0.1
SELL,476,MU,2026-05-05,609.64,733.31,2026-04-28,502.16,184.12,223.53,78816.14,78592.61,21.34,5,rotation (out of top-N),2026-05-04,747.1,496.16,303.49,576.27,514.32,434.33,578.63,559.28,146.17,3.34,329,5,5.2,-1,0.8
SELL,478,TER,2026-05-05,348.07,960.21,2026-04-28,383.5,184.12,167.11,-34020.09,-34187.2,-9.28,5,rotation (out of top-N),2026-05-04,359.67,339.91,221.61,337.19,357.18,333.52,337.32,326.56,62.3,3.19,259,5,5.1,-1,0.9
SELL,477,VRT,2026-05-05,335.28,1206.98,2026-04-28,305.09,184.12,202.34,36438.86,36236.52,9.84,5,rotation (out of top-N),2026-05-04,339.91,291.92,199.79,330.94,318.0,283.94,330.94,323.81,70.13,2.16,315,5,4.4,-1,1.6
BUY,490,ALAB,2026-05-12,202.45,2571.72,,,260.32,,,,,,,2026-05-11,232.53,180.44,168.21,207.42,200.77,158.14,207.42,198.65,38.24,4.23,7,5,6.6,3.0,2.1
BUY,489,DELL,2026-05-12,241.94,2151.96,,,260.32,,,,,,,2026-05-11,242.11,202.52,147.65,246.96,229.11,191.35,246.96,235.99,63.98,4.44,70,5,6.8,-0.2,0.9
BUY,491,INOD,2026-05-12,103.08,5051.13,,,260.32,,,,,,,2026-05-11,96.0,59.19,56.01,103.96,61.31,44.92,103.96,88.47,71.4,14.9,0,5,8.0,2.0,2.0
BUY,492,POWI,2026-05-12,72.88,7143.88,,,260.32,,,,,,,2026-05-11,73.13,62.9,45.83,74.08,72.49,59.29,74.08,69.94,59.58,5.58,77,5,6.7,-0.3,0.7
SELL,481,QCOM,2026-05-12,229.66,2535.96,2026-05-05,167.65,212.57,291.2,157267.72,156976.51,36.92,5,rotation (out of top-N),2026-05-11,201.56,166.39,158.61,237.56,192.61,145.51,237.5,222.05,27.08,6.51,7,5,6.2,3.5,2.2
SELL,486,ROKU,2026-05-12,127.33,3337.71,2026-05-05,127.38,212.57,212.5,-150.2,-362.69,-0.09,5,rotation (out of top-N),2026-05-11,123.95,113.1,101.37,128.05,123.82,107.19,128.05,125.18,22.27,2.24,28,4.45,4.1,3.4,3.8
SELL,485,SEZL,2026-05-12,101.49,4922.33,2026-05-05,86.37,212.57,249.78,74425.59,74175.81,17.45,5,rotation (out of top-N),2026-05-11,98.4,80.89,74.06,101.19,90.0,74.63,101.19,96.77,32.86,4.37,7,5,6.4,3.2,2.0
SELL,467,SNDK,2026-05-12,1492.0,385.91,2026-04-07,722.59,139.43,287.89,296928.41,296640.52,106.38,25,rotation (out of top-N),2026-05-11,1407.06,1043.64,446.76,1547.24,1325.12,919.33,1543.5,1473.46,214.95,4.54,999,5,6,-1,0.0
BUY,494,CRDO,2026-05-19,150.59,3218.92,,,242.37,,,,,,,2026-05-18,218.42,167.53,144.88,156.26,180.82,151.95,156.56,148.02,50.75,5.46,21,5,7.2,2.1,1.6
BUY,493,QCOM,2026-05-19,196.85,2462.41,,,242.37,,,,,,,2026-05-18,238.23,179.45,160.69,203.79,200.37,154.91,203.79,195.17,48.25,4.23,14,5,7.0,2.4,1.9
SELL,489,DELL,2026-05-19,234.76,2151.96,2026-05-12,241.94,260.32,252.6,-15451.09,-15703.68,-3.02,5,rotation (out of top-N),2026-05-18,295.23,219.38,151.61,238.06,237.24,202.34,238.06,229.25,94.73,3.7,77,5,6.2,-0.3,1.3
SELL,492,POWI,2026-05-19,64.98,7143.88,2026-05-12,72.88,260.32,232.1,-56436.62,-56668.73,-10.88,5,rotation (out of top-N),2026-05-18,70.62,64.31,46.46,67.45,71.24,62.31,67.45,64.39,52.02,4.54,84,5,6.2,-0.0,0.6
BUY,496,COOK,2026-06-02,71.05,9038.82,,,321.1,,,,,,,2026-06-01,66.0,49.6,47.89,72.8,57.81,43.12,72.8,65.72,37.83,9.72,0,5,6.9,3.1,2.0
BUY,498,CRWD,2026-06-02,759.18,845.92,,,321.1,,,,,,,2026-06-01,777.83,588.51,483.49,781.95,673.26,513.84,781.95,757.28,60.88,3.15,21,5,6.8,1.7,2.5
BUY,495,HPE,2026-06-02,62.91,10208.36,,,321.1,,,,,,,2026-06-01,46.12,34.46,25.17,47.06,38.67,30.47,47.06,44.82,83.24,4.76,63,5,7.0,-0.0,0.9
BUY,497,NTAP,2026-06-02,183.2,3505.5,,,321.1,,,,,,,2026-06-01,174.86,134.48,112.83,179.79,146.43,116.31,179.79,170.59,54.98,5.12,21,5,7.4,1.9,1.6
SELL,487,BAND,2026-06-02,67.37,9449.69,2026-05-05,44.99,212.57,318.31,211484.0,211165.69,49.67,19,rotation (out of top-N),2026-06-01,72.25,48.24,22.08,70.97,60.1,38.76,70.97,67.82,227.26,4.44,70,5,6.8,-0.2,0.9
SELL,494,CRDO,2026-06-02,215.5,3218.92,2026-05-19,150.59,242.37,346.84,208940.42,208593.58,43.03,9,rotation (out of top-N),2026-06-01,206.91,184.92,150.04,226.28,212.61,177.23,204.64,187.34,37.91,8.45,35,5,6.3,2.5,1.4
SELL,493,QCOM,2026-06-02,232.11,2462.41,2026-05-19,196.85,242.37,285.78,86812.3,86526.52,17.85,9,rotation (out of top-N),2026-06-01,230.22,199.35,164.89,229.0,228.75,177.43,229.0,219.38,39.62,4.2,28,5,6.3,2.6,1.7
SELL,480,XMTR,2026-06-02,84.99,7872.26,2026-05-05,54.01,212.57,334.53,243922.0,243587.46,57.3,19,rotation (out of top-N),2026-06-01,80.51,72.16,57.11,95.19,90.96,64.74,92.74,89.88,40.98,3.08,28,5,5.6,2.5,2.5
BUY,502,BAND,2026-06-09,69.98,8409.24,,,294.26,,,,,,,2026-06-08,65.32,51.35,23.32,68.86,66.26,45.25,68.86,65.49,180.12,4.9,77,5,6.7,-0.3,0.7
BUY,503,CRDO,2026-06-09,226.39,2599.59,,,294.26,,,,,,,2026-06-08,250.6,196.86,152.78,222.29,215.66,190.82,222.29,202.16,64.03,9.06,42,5,7.3,1.3,1.3
BUY,500,DELL,2026-06-09,404.59,1454.61,,,294.26,,,,,,,2026-06-08,395.91,312.11,174.24,400.38,385.06,265.17,400.38,382.0,127.22,4.59,98,5,6.4,-0.6,0.4
BUY,501,SEZL,2026-06-09,126.4,4656.02,,,294.26,,,,,,,2026-06-08,133.01,102.34,76.62,120.75,115.97,95.62,120.75,116.46,73.59,3.55,35,5,6.8,1.4,2.0
BUY,499,XMTR,2026-06-09,83.12,7080.37,,,294.26,,,,,,,2026-06-08,87.03,74.86,58.04,82.26,85.47,69.8,82.26,78.67,49.94,4.36,35,5,6.8,1.9,1.5
SELL,496,COOK,2026-06-09,67.24,9038.82,2026-06-02,71.05,321.1,303.89,-34437.89,-34741.78,-5.41,5,rotation (out of top-N),2026-06-08,70.37,53.38,47.81,66.0,64.53,47.75,66.0,58.39,47.18,11.53,7,5,7.2,2.5,1.9
SELL,498,CRWD,2026-06-09,661.43,845.92,2026-06-02,759.18,321.1,279.76,-82688.99,-82968.75,-12.92,5,rotation (out of top-N),2026-06-08,682.92,605.68,490.13,658.72,691.49,552.55,658.72,637.2,39.33,3.27,28,5,5.7,2.6,2.4
SELL,482,DDOG,2026-06-09,232.05,2876.17,2026-05-05,147.81,212.57,333.71,242274.39,241940.68,56.91,24,rotation (out of top-N),2026-06-08,229.92,203.25,151.65,231.74,238.02,181.42,231.74,224.13,51.61,3.28,35,5,6.2,1.8,2.2
SELL,495,HPE,2026-06-09,49.73,10208.36,2026-06-02,62.91,321.1,253.83,-134546.19,-134800.02,-20.99,5,rotation (out of top-N),2026-06-08,48.03,36.93,25.79,49.71,47.72,34.15,49.71,48.15,86.21,3.13,70,5,5.9,-0.2,1.7
SELL,497,NTAP,2026-06-09,171.7,3505.5,2026-06-02,183.2,321.1,300.95,-40313.27,-40614.22,-6.32,5,rotation (out of top-N),2026-06-08,161.61,139.41,113.94,170.38,164.41,126.13,170.38,165.47,41.84,2.88,28,5,5.5,2.4,2.6
BUY,505,CBRL,2026-06-16,43.15,14045.5,,,303.03,,,,,,,2026-06-15,47.15,36.51,32.15,43.2,39.81,32.75,43.2,40.97,46.66,5.17,7,5,7.2,2.6,1.9
BUY,504,COOK,2026-06-16,71.69,8453.95,,,303.03,,,,,,,2026-06-15,70.91,56.56,47.96,71.69,66.2,51.27,71.69,65.48,47.85,8.67,14,5,7.2,2.4,1.8
SELL,500,DELL,2026-06-16,412.62,1454.61,2026-06-09,404.59,294.26,300.1,11673.24,11373.14,1.93,5,rotation (out of top-N),2026-06-15,409.96,329.9,181.4,409.05,390.06,290.42,409.05,394.15,126.0,3.64,105,5,5.7,-0.8,0.8
SELL,499,XMTR,2026-06-16,86.39,7080.37,2026-06-09,83.12,294.26,305.84,23152.81,22846.98,3.88,5,rotation (out of top-N),2026-06-15,93.29,78.21,59.1,86.94,85.42,74.67,86.94,84.96,57.85,2.27,42,5,5.7,1.4,2.8
BUY,508,DAVE,2026-06-23,304.75,2816.62,,,429.18,,,,,,,2026-06-22,348.69,278.61,223.13,309.89,292.63,265.14,309.89,296.72,56.27,4.25,63,5,6.6,0.1,1.1
BUY,506,OKTA,2026-06-23,115.36,7440.44,,,429.18,,,,,,,2026-06-22,124.3,105.8,88.11,115.94,116.19,97.68,115.94,110.76,41.08,4.47,28,5,6.6,2.5,1.6
BUY,507,TGTX,2026-06-23,53.67,15993.4,,,429.18,,,,,,,2026-06-22,55.82,44.46,34.42,54.32,49.28,41.3,54.32,52.01,62.16,4.26,70,5,6.7,-0.2,1.0
SELL,483,AGL,2026-06-23,106.38,16067.33,2026-05-05,26.46,212.57,854.62,1284100.67,1283246.04,301.84,33,rotation (out of top-N),2026-06-22,117.31,85.58,34.05,113.05,107.41,75.97,113.05,109.02,244.57,3.57,49,5,6.6,1.2,1.8
SELL,502,BAND,2026-06-23,49.8,8409.24,2026-06-09,69.98,294.26,209.39,-169740.45,-169949.84,-28.88,9,rotation (out of top-N),2026-06-22,56.82,52.37,25.18,50.84,56.28,53.21,50.84,48.5,125.67,4.6,91,5,6.5,-0.5,0.5
SELL,491,INOD,2026-06-23,88.9,5051.13,2026-05-12,103.08,260.32,224.52,-71599.83,-71824.36,-13.8,28,rotation (out of top-N),2026-06-22,73.9,82.76,63.0,90.7,99.72,85.45,90.7,85.78,17.3,5.43,42,3.46,5.2,3.4,2.6
BUY,511,AGL,2026-06-30,114.58,8420.27,,,482.42,,,,,,,2026-06-29,111.16,90.23,36.15,114.97,110.48,86.54,114.97,108.42,207.5,5.7,56,5,7.1,1.1,1.1
BUY,510,FROG,2026-06-30,89.03,10837.21,,,482.42,,,,,,,2026-06-29,94.79,77.39,58.23,90.07,82.54,74.32,90.07,86.46,62.8,4.01,49,5,6.9,1.2,1.5
BUY,509,MNPR,2026-06-30,97.07,9939.6,,,482.42,,,,,,,2026-06-29,97.39,71.63,68.64,94.27,79.91,64.73,94.27,90.36,41.88,4.14,0,5,6.9,2.9,2.2
SELL,508,DAVE,2026-06-30,367.13,2816.62,2026-06-23,304.75,429.18,517.03,175700.94,175183.91,20.41,5,rotation (out of top-N),2026-06-29,387.57,298.42,227.37,371.29,324.04,273.23,371.29,358.59,70.46,3.42,70,5,6.1,-0.2,1.6
SELL,506,OKTA,2026-06-30,130.21,7440.44,2026-06-23,115.36,429.18,484.41,110453.27,109968.86,12.81,5,rotation (out of top-N),2026-06-29,141.42,112.28,89.36,131.29,120.91,103.52,131.29,127.14,58.25,3.16,35,5,6.4,1.5,2.3
SELL,507,TGTX,2026-06-30,55.85,15993.4,2026-06-23,53.67,429.18,446.62,34865.62,34419.0,4.01,5,rotation (out of top-N),2026-06-29,53.3,46.07,34.87,55.73,52.77,43.77,55.73,54.12,52.86,2.89,77,5,5.3,0.1,1.8
BUY,513,FBRX,2026-07-07,20.58,49358.41,,,507.9,,,,,,,2026-07-06,43.96,25.37,23.85,20.42,20.08,20.06,20.42,19.48,84.3,4.62,0,5,8.0,2.0,2.0
BUY,512,PANW,2026-07-07,360.61,2816.88,,,507.9,,,,,,,2026-07-06,363.2,283.16,206.34,363.32,324.99,273.04,357.43,344.68,76.02,3.57,56,5,6.4,1.1,1.7
SELL,510,FROG,2026-07-07,98.25,10837.21,2026-06-30,89.03,482.42,532.38,99919.05,99386.67,10.3,4,rotation (out of top-N),2026-07-06,90.72,79.81,59.29,98.09,88.97,78.4,98.09,94.85,53.01,3.31,56,5,5.9,1.4,1.9
SELL,509,MNPR,2026-07-07,97.33,9939.6,2026-06-30,97.07,482.42,483.71,2584.29,2100.58,0.22,4,rotation (out of top-N),2026-07-06,106.31,77.93,68.8,98.01,88.95,68.64,98.01,96.09,54.54,1.96,7,5,5.9,2.2,3.6
BUY,516,HPE,2026-07-14,48.68,14334.23,,,348.9,,,,,,,2026-07-13,46.9,42.78,28.59,46.83,45.82,44.45,46.84,44.79,64.05,4.4,105,5,6.2,-0.8,0.3
BUY,515,MAN,2026-07-14,38.61,18072.79,,,348.9,,,,,,,2026-07-13,52.3,37.42,30.54,40.59,37.82,32.77,40.59,39.54,71.29,2.6,35,5,6.1,1.4,2.7
BUY,517,MNPR,2026-07-14,100.71,6928.71,,,348.9,,,,,,,2026-07-13,110.3,83.82,69.31,102.65,97.49,73.54,102.65,98.93,59.13,3.63,14,5,7.1,1.8,2.3
BUY,514,OKTA,2026-07-14,142.45,4898.49,,,348.9,,,,,,,2026-07-13,149.32,122.92,91.99,139.52,139.54,117.95,139.52,135.09,62.32,3.18,49,5,6.3,1.2,2.1
SELL,488,ARM,2026-07-14,310.09,2020.92,2026-05-05,210.37,212.57,313.33,201526.38,201213.04,47.33,47,rotation (out of top-N),2026-07-13,267.1,304.94,187.99,298.76,323.12,335.44,298.76,286.99,42.08,3.94,91,5,5.2,0.4,0.9
SELL,504,COOK,2026-07-14,68.59,8453.95,2026-06-16,71.69,303.03,289.93,-26207.23,-26497.16,-4.37,18,rotation (out of top-N),2026-07-13,66.51,65.09,49.31,69.19,71.0,65.57,69.19,63.76,34.89,7.85,42,5,6.0,2.6,1.3
SELL,503,CRDO,2026-07-14,250.44,2599.59,2026-06-09,226.39,294.26,325.52,62520.06,62194.54,10.57,23,rotation (out of top-N),2026-07-13,202.23,222.72,164.18,236.7,253.96,235.05,236.7,223.28,23.18,5.67,77,4.64,4.9,1.6,1.4
SELL,512,PANW,2026-07-14,332.06,2816.88,2026-07-07,360.61,507.9,467.69,-80421.99,-80889.68,-7.96,5,rotation (out of top-N),2026-07-13,327.71,291.26,209.33,324.32,325.93,287.41,327.78,319.46,56.56,2.54,63,5,5.5,0.1,2.3
BUY,518,ATEX,2026-07-21,104.36,7210.68,,,376.27,,,,,,,2026-07-20,93.86,84.94,44.6,102.09,100.87,83.5,102.09,96.59,110.44,5.39,168,5,6,-1,0.0
BUY,519,DAVE,2026-07-21,448.57,1677.65,,,376.27,,,,,,,2026-07-20,402.91,351.07,243.37,439.07,415.58,327.32,439.07,421.12,65.55,4.09,91,5,6.2,-0.5,0.8
SELL,490,ALAB,2026-07-21,328.0,2571.72,2026-05-12,202.45,260.32,421.76,322880.05,322458.29,61.93,47,rotation (out of top-N),2026-07-20,291.59,328.47,207.62,309.01,352.04,369.9,309.01,289.87,40.44,6.19,77,5,5.7,0.7,0.7
SELL,516,HPE,2026-07-21,46.16,14334.23,2026-07-14,48.68,348.9,330.83,-36122.27,-36453.1,-5.22,5,rotation (out of top-N),2026-07-20,45.33,43.25,29.16,45.4,46.32,46.16,44.57,43.36,55.48,2.72,112,5,4.7,-0.6,1.3
BUY,523,BAND,2026-07-28,56.41,13053.82,,,368.18,,,,,,,2026-07-27,59.89,60.23,31.37,56.81,64.14,63.76,57.2,54.3,90.93,5.06,126,5,6,-1,0.0
BUY,525,ICHR,2026-07-28,73.0,10087.2,,,368.18,,,,,,,2026-07-27,86.31,84.94,50.82,77.28,88.51,87.72,78.39,74.3,69.82,5.22,203,5,6,-1,0.0
BUY,520,LQDA,2026-07-28,85.97,8564.88,,,368.18,,,,,,,2026-07-27,86.66,74.93,46.5,86.94,83.08,73.79,84.47,80.91,86.36,4.21,560,5,5.8,-1,0.2
BUY,521,SAFT,2026-07-28,103.16,7138.09,,,368.18,,,,,,,2026-07-27,103.25,83.51,75.25,103.43,83.62,74.44,103.03,98.22,37.22,4.66,28,5,6.4,2.7,1.5
BUY,522,THC,2026-07-28,246.5,2987.28,,,368.18,,,,,,,2026-07-27,237.51,205.15,200.09,245.22,210.66,187.39,243.1,228.91,18.7,5.84,0,3.74,5.9,4.1,3.1
BUY,524,TWST,2026-07-28,85.96,8566.38,,,368.18,,,,,,,2026-07-27,92.69,85.37,53.87,89.81,91.82,86.25,86.38,81.53,72.06,5.62,203,5,6,-1,0.0
SELL,518,ATEX,2026-07-28,93.18,7210.68,2026-07-21,104.36,376.27,335.95,-80651.43,-80987.37,-10.76,5,rotation (out of top-N),2026-07-27,92.82,86.37,46.43,91.64,98.72,87.97,93.64,90.86,99.91,2.97,175,5,5.0,-1,1.0
SELL,505,CBRL,2026-07-28,52.8,14045.5,2026-06-16,43.15,303.03,370.8,135539.08,135168.28,22.3,28,rotation (out of top-N),2026-07-27,52.45,47.83,33.98,51.3,52.27,46.67,52.38,50.85,54.34,2.92,49,5,5.8,1.5,2.2
SELL,515,MAN,2026-07-28,54.59,18072.79,2026-07-14,38.61,348.9,493.3,288803.22,288309.92,41.32,10,rotation (out of top-N),2026-07-27,52.6,42.25,31.54,52.67,49.02,38.21,53.63,52.33,66.75,2.43,49,5,5.8,1.2,2.6
SELL,514,OKTA,2026-07-28,136.5,4898.49,2026-07-14,142.45,348.9,334.33,-29121.55,-29455.88,-4.22,10,rotation (out of top-N),2026-07-27,140.0,128.36,94.55,137.72,140.87,131.85,137.42,134.04,48.07,2.46,63,5,5.0,0.5,2.3
SELL,484,PENG,2026-07-28,49.77,12778.52,2026-05-05,33.27,212.57,317.99,210845.62,210527.62,49.52,57,rotation (out of top-N),2026-07-27,54.47,57.33,33.11,50.51,59.49,65.3,52.49,49.61,64.52,5.49,98,5,6.4,-0.6,0.4
SELL,501,SEZL,2026-07-28,154.02,4656.02,2026-06-09,126.4,294.26,358.56,128599.17,128240.61,21.79,33,rotation (out of top-N),2026-07-27,158.6,151.17,91.75,153.56,166.5,154.97,156.78,153.18,72.86,2.29,84,5,5.1,-0.4,2.1
BUY,529,BAX,2026-08-04,27.82,38823.72,,,539.94,,,,,,,2026-08-03,28.11,22.43,19.52,27.65,24.87,22.0,28.11,26.9,44.04,4.31,35,5,6.5,2.2,1.5
BUY,526,CBRL,2026-08-04,56.9,18980.26,,,539.94,,,,,,,2026-08-03,57.75,49.63,34.6,58.38,55.04,49.49,57.75,55.93,66.91,3.15,56,5,6.2,1.1,2.0
BUY,533,CORT,2026-08-04,113.45,9518.15,,,539.94,,,,,,,2026-08-03,112.8,88.93,62.3,109.19,101.44,88.93,112.8,105.62,81.07,6.36,56,5,7.1,1.1,1.1
BUY,528,CSW,2026-08-04,344.86,3131.36,,,539.94,,,,,,,2026-08-03,344.07,293.4,285.13,338.97,304.91,282.79,344.07,328.05,20.67,4.66,0,4.13,6.0,4.0,2.9
BUY,534,KFRC,2026-08-04,56.99,18946.96,,,539.94,,,,,,,2026-08-03,57.55,52.58,37.19,58.42,57.19,52.23,57.55,54.9,54.78,4.62,98,5,6.1,-0.4,0.4
BUY,527,MAN,2026-08-04,53.26,20275.66,,,539.94,,,,,,,2026-08-03,54.11,44.41,32.17,54.5,51.91,40.99,54.11,52.49,68.21,2.99,56,5,6.1,1.1,2.1
BUY,532,MANH,2026-08-04,185.79,5812.38,,,539.94,,,,,,,2026-08-03,187.29,157.07,153.34,192.92,178.14,152.77,187.29,174.8,22.15,6.67,0,4.43,6.1,3.9,2.8
BUY,530,SNOW,2026-08-04,307.01,3517.42,,,539.94,,,,,,,2026-08-03,330.4,262.14,209.24,310.53,285.26,257.62,307.54,296.49,57.9,3.59,42,5,6.6,1.4,1.9
BUY,531,TNET,2026-08-04,69.05,15639.13,,,539.94,,,,,,,2026-08-03,70.48,57.25,49.8,69.42,66.1,54.7,70.48,66.92,41.52,5.05,21,5,6.7,2.6,1.6
SELL,511,AGL,2026-08-04,92.27,8420.27,2026-06-30,114.58,482.42,388.47,-187898.3,-188286.77,-19.51,24,rotation (out of top-N),2026-08-03,94.03,98.88,46.51,92.79,99.98,109.37,94.03,89.83,102.19,4.47,91,5,6.5,-0.5,0.5
SELL,523,BAND,2026-08-04,44.71,13053.82,2026-07-28,56.41,368.18,291.82,-152729.64,-153021.46,-20.78,5,rotation (out of top-N),2026-08-03,43.47,57.18,32.05,41.24,49.73,60.46,43.47,39.47,35.61,9.2,133,5,4.8,0.2,0.0
SELL,519,DAVE,2026-08-04,409.27,1677.65,2026-07-21,448.57,376.27,343.31,-65931.55,-66274.85,-8.81,10,rotation (out of top-N),2026-08-03,398.83,367.85,251.3,398.83,396.32,363.0,398.83,383.24,58.71,3.91,105,5,5.8,-0.7,0.6
SELL,513,FBRX,2026-08-04,76.71,49358.41,2026-07-07,20.58,507.9,1893.14,2770487.32,2768594.18,272.55,20,rotation (out of top-N),2026-08-03,76.6,48.2,28.96,76.7,68.32,36.22,76.6,76.43,164.49,0.23,28,5,4.7,1.5,4.4
SELL,525,ICHR,2026-08-04,75.98,10087.2,2026-07-28,73.0,368.18,383.21,30059.86,29676.65,4.03,5,rotation (out of top-N),2026-08-03,80.17,84.07,52.26,76.68,79.42,87.83,80.17,74.05,53.4,7.64,210,5,5.7,-0.7,0.0
SELL,520,LQDA,2026-08-04,87.12,8564.88,2026-07-28,85.97,368.18,373.11,9849.61,9476.51,1.29,5,rotation (out of top-N),2026-08-03,83.81,76.55,47.99,82.05,84.07,77.08,83.81,81.4,74.64,2.87,567,5,4.9,-1,1.1
SELL,521,SAFT,2026-08-04,103.22,7138.09,2026-07-28,103.16,368.18,368.4,428.29,59.89,0.01,5,rotation (out of top-N),2026-08-03,103.19,87.09,76.16,103.46,96.04,78.73,103.19,103.02,35.48,0.17,35,5,3.3,2.6,4.3
SELL,522,THC,2026-08-04,245.87,2987.28,2026-07-28,246.5,368.18,367.24,-1881.99,-2249.23,-0.31,5,rotation (out of top-N),2026-08-03,249.46,213.21,201.16,254.85,239.08,198.56,249.46,244.02,24.01,2.18,7,4.8,4.5,3.7,4.0
SELL,524,TWST,2026-08-04,106.12,8566.38,2026-07-28,85.96,368.18,454.53,172698.16,172243.62,23.39,5,rotation (out of top-N),2026-08-03,100.85,88.19,55.57,96.48,91.5,88.78,100.85,96.0,81.47,4.8,210,5,6,-1,0.0
BUY,536,AMBA,2026-08-05,80.75,13709.33,,,553.51,,,,,,,2026-08-04,82.5,73.58,68.81,83.33,74.97,70.83,82.25,78.17,19.89,4.96,8,3.98,5.9,3.9,2.9
BUY,538,DORM,2026-08-05,145.0,7634.68,,,553.51,,,,,,,2026-08-04,148.39,137.66,124.66,145.32,137.27,134.19,147.76,138.72,19.03,6.12,36,3.81,5.4,3.4,2.5
BUY,537,GSHD,2026-08-05,68.28,16213.06,,,553.51,,,,,,,2026-08-04,66.84,57.12,55.17,65.56,62.49,50.34,68.56,65.9,21.15,3.88,0,4.23,5.6,3.9,3.3
BUY,535,HPE,2026-08-05,52.27,21179.03,,,553.51,,,,,,,2026-08-04,53.01,46.71,31.19,51.14,47.91,46.83,52.4,50.06,69.95,4.45,127,5,6.0,-1,0.0
SELL,534,KFRC,2026-08-05,58.8,18946.96,2026-08-04,56.99,539.94,557.04,34199.26,33642.22,3.12,1,rotation (out of top-N),2026-08-04,57.3,53.44,37.89,57.41,57.23,52.49,57.97,56.21,51.22,3.04,99,5,4.9,-0.2,1.3
SELL,532,MANH,2026-08-05,191.94,5812.38,2026-08-04,185.79,539.94,557.81,35746.13,35188.31,3.26,1,rotation (out of top-N),2026-08-04,190.99,163.23,153.67,188.44,180.01,153.79,189.46,183.81,24.28,2.98,1,4.86,5.2,3.8,3.6
SELL,530,SNOW,2026-08-05,318.05,3517.42,2026-08-04,307.01,539.94,559.36,38832.27,38272.91,3.54,1,rotation (out of top-N),2026-08-04,330.4,262.14,209.24,313.76,290.44,259.51,316.62,306.87,57.9,3.08,43,5,6.2,1.4,2.2
SELL,531,TNET,2026-08-05,69.01,15639.13,2026-08-04,69.05,539.94,539.63,-625.57,-1165.19,-0.11,1,rotation (out of top-N),2026-08-04,70.48,57.25,49.8,69.8,66.77,55.3,69.56,66.93,41.52,3.78,22,5,6.2,2.6,2.1
BUY,540,BXC,2026-08-06,74.15,14578.9,,,540.51,,,,,,,2026-08-05,69.21,61.0,60.26,69.69,59.8,57.34,73.05,69.44,14.85,4.94,0,2.97,5.7,4.3,3.5
BUY,542,CRL,2026-08-06,264.92,4080.57,,,540.51,,,,,,,2026-08-05,261.31,223.91,191.45,260.89,236.49,217.2,260.64,252.25,36.49,3.22,37,5,5.4,2.6,2.2
BUY,539,ELVN,2026-08-06,60.06,17999.09,,,540.51,,,,,,,2026-08-05,60.56,53.59,36.69,60.26,55.48,49.95,59.75,57.52,65.07,3.73,212,5,5.5,-1,0.5
BUY,543,HNGE,2026-08-06,79.24,13642.42,,,540.51,,,,,,,2026-08-05,84.11,76.98,54.66,84.71,79.25,78.24,80.73,76.58,53.88,5.14,79,5,6.4,-0.0,0.7
BUY,541,MBX,2026-08-06,68.0,15897.43,,,540.51,,,,,,,2026-08-05,71.76,59.87,39.69,71.76,65.13,54.82,67.39,64.8,80.8,3.84,359,5,5.6,-1,0.4
SELL,536,AMBA,2026-08-06,80.7,13709.33,2026-08-05,80.75,553.51,553.17,-685.47,-1238.64,-0.11,1,rotation (out of top-N),2026-08-05,81.09,74.95,68.64,81.46,76.15,71.15,81.69,79.45,18.13,2.74,9,3.63,4.6,3.9,4.2
SELL,529,BAX,2026-08-06,27.45,38823.72,2026-08-04,27.82,539.94,532.95,-13976.54,-14509.49,-1.34,2,rotation (out of top-N),2026-08-05,27.23,24.07,19.98,27.25,25.71,22.41,27.33,26.46,36.32,3.19,37,5,5.3,2.6,2.3
SELL,538,DORM,2026-08-06,140.56,7634.68,2026-08-05,145.0,553.51,536.57,-33897.96,-34434.53,-3.11,1,rotation (out of top-N),2026-08-05,148.39,137.66,124.66,144.81,138.64,134.6,141.88,132.61,19.03,6.54,37,3.81,5.3,3.4,2.5
SELL,537,GSHD,2026-08-06,66.29,16213.06,2026-08-05,68.28,553.51,537.38,-32264.0,-32801.38,-2.96,1,rotation (out of top-N),2026-08-05,66.15,58.76,55.1,67.44,63.39,51.11,66.91,64.9,20.05,3.01,1,4.01,5.0,4.0,4.0
SELL,535,HPE,2026-08-06,51.38,21179.03,2026-08-05,52.27,553.51,544.09,-18849.34,-19393.43,-1.75,1,rotation (out of top-N),2026-08-05,53.01,46.71,31.19,53.54,48.94,46.92,53.21,51.21,69.95,3.76,128,5,5.5,-1,0.5
BUY,546,AEHR,2026-08-07,102.35,9913.49,,,507.32,,,,,,,2026-08-06,95.39,92.14,61.83,95.99,88.99,88.5,99.68,90.74,54.27,8.97,395,5,5.7,-0.7,0.0
BUY,544,DDOG,2026-08-07,234.51,4326.66,,,507.32,,,,,,,2026-08-06,239.48,255.84,178.74,239.2,264.45,250.77,229.23,212.98,33.98,7.09,94,5,5.1,0.7,0.4
BUY,545,ELF,2026-08-07,92.23,11001.26,,,507.32,,,,,,,2026-08-06,90.28,80.82,74.8,91.92,84.49,73.92,92.36,88.26,20.69,4.44,3,4.14,5.9,3.9,2.9
SELL,528,CSW,2026-08-07,353.47,3131.36,2026-08-04,344.86,539.94,553.42,26961.03,26407.61,2.45,3,rotation (out of top-N),2026-08-06,340.52,310.41,290.03,340.88,322.15,288.25,347.48,336.92,17.41,3.04,3,3.48,4.8,4.1,4.2
SELL,539,ELVN,2026-08-07,60.4,17999.09,2026-08-06,60.06,540.51,543.57,6119.69,5576.12,0.52,1,rotation (out of top-N),2026-08-06,60.32,54.81,37.66,60.34,56.37,50.56,60.32,58.61,60.19,2.83,213,5,4.9,-1,1.1
SELL,517,MNPR,2026-08-07,122.72,6928.71,2026-07-14,100.71,348.9,425.15,152500.93,152075.79,21.79,18,rotation (out of top-N),2026-08-06,115.83,103.21,73.43,120.0,112.87,95.56,120.05,116.73,57.74,2.77,38,5,6.1,1.5,2.5
BUY,548,MNPR,2026-08-11,116.69,9270.72,,,540.88,,,,,,,2026-08-10,116.02,105.54,74.03,118.12,114.74,98.5,116.02,113.07,56.72,2.54,42,5,5.8,1.5,2.6
BUY,552,NET,2026-08-11,303.5,3564.27,,,540.88,,,,,,,2026-08-10,310.43,268.44,214.56,301.6,288.96,260.76,310.43,297.2,44.68,4.26,84,5,5.7,0.4,0.8
BUY,550,P,2026-08-11,105.06,10296.54,,,540.88,,,,,,,2026-08-10,98.02,80.78,72.87,95.96,83.79,76.01,98.02,94.11,34.51,3.98,21,5,6.0,2.9,2.0
BUY,549,PAYC,2026-08-11,211.5,5114.56,,,540.88,,,,,,,2026-08-10,213.43,157.62,141.8,212.18,186.14,148.05,213.43,209.29,50.51,1.94,7,5,5.7,2.4,3.6
BUY,547,QLYS,2026-08-11,186.2,5809.64,,,540.88,,,,,,,2026-08-10,185.73,144.83,119.96,182.09,166.19,142.83,185.73,180.87,54.83,2.62,35,5,5.9,1.7,2.7
BUY,551,SNOW,2026-08-11,332.27,3255.6,,,540.88,,,,,,,2026-08-10,334.69,275.33,211.03,333.65,310.62,268.09,334.69,326.54,58.6,2.43,49,5,5.7,1.3,2.6
BUY,553,TWLO,2026-08-11,248.4,4354.89,,,540.88,,,,,,,2026-08-10,250.25,205.87,157.05,244.21,210.81,201.37,250.25,240.04,59.34,4.08,287,5,5.7,-1.0,0.3
SELL,526,CBRL,2026-08-11,55.5,18980.26,2026-08-04,56.9,539.94,526.7,-26477.46,-27004.16,-2.5,5,rotation (out of top-N),2026-08-10,56.15,53.83,37.48,57.0,56.66,51.87,56.15,54.9,49.83,2.22,63,5,4.9,0.5,2.5
SELL,533,CORT,2026-08-11,110.76,9518.15,2026-08-04,113.45,539.94,527.12,-25651.42,-26178.53,-2.42,5,rotation (out of top-N),2026-08-10,114.28,101.57,65.81,110.39,107.02,93.09,114.28,112.44,73.66,1.61,63,5,5.0,-0.0,2.9
SELL,542,CRL,2026-08-11,275.01,4080.57,2026-08-06,264.92,540.51,561.11,41193.39,40632.28,3.76,3,rotation (out of top-N),2026-08-10,276.61,238.9,196.23,268.71,250.15,223.07,276.61,272.24,40.96,1.58,42,5,4.4,2.3,3.2
SELL,544,DDOG,2026-08-11,257.2,4326.66,2026-08-07,234.51,507.32,556.41,98172.03,97615.62,9.62,2,rotation (out of top-N),2026-08-10,260.74,256.73,181.26,230.45,253.72,250.83,260.74,251.59,43.85,3.51,98,5,4.9,0.2,1.0
SELL,545,ELF,2026-08-11,94.51,11001.26,2026-08-07,92.23,507.32,519.86,25082.87,24563.01,2.42,2,rotation (out of top-N),2026-08-10,95.3,83.45,75.28,95.22,88.52,75.8,95.3,92.1,26.6,3.36,7,5,5.5,3.6,3.0
SELL,527,MAN,2026-08-11,55.36,20275.66,2026-08-04,53.26,539.94,561.23,42578.89,42017.66,3.89,5,rotation (out of top-N),2026-08-10,56.55,50.19,34.91,55.91,53.88,43.72,56.55,55.39,61.99,2.05,63,5,5.3,-0.0,2.6
SELL,541,MBX,2026-08-11,67.53,15897.43,2026-08-06,68.0,540.51,536.74,-7551.28,-8088.02,-0.75,3,rotation (out of top-N),2026-08-10,65.96,62.06,41.48,67.89,66.3,57.44,65.96,64.44,59.01,2.3,364,5,4.5,-1.0,1.5
BUY,559,CRDO,2026-08-18,266.92,4163.73,,,555.68,,,,,,,2026-08-17,283.11,237.84,178.84,283.11,252.98,239.94,283.11,273.38,58.3,3.44,112,5,5.3,-0.8,0.8
BUY,557,CRWV,2026-08-18,102.08,10886.63,,,555.68,,,,,,,2026-08-17,105.97,91.16,91.03,105.97,97.08,87.25,105.57,101.15,16.42,4.19,0,3.28,5.6,4.2,3.6
BUY,555,ESTC,2026-08-18,83.81,13260.49,,,555.68,,,,,,,2026-08-17,83.45,68.51,61.72,83.45,77.64,64.43,83.45,81.4,35.21,2.46,13,5,5.2,3.0,3.1
BUY,558,NBIS,2026-08-18,268.82,4134.22,,,555.68,,,,,,,2026-08-17,268.83,216.46,154.03,268.83,232.47,217.01,268.82,258.71,74.53,3.76,441,5,5.5,-1,0.5
BUY,554,SMCI,2026-08-18,37.33,29771.27,,,555.68,,,,,,,2026-08-17,38.27,31.67,31.17,38.27,34.88,30.06,38.27,37.09,22.77,3.09,0,4.55,5.2,3.9,3.7
BUY,556,TEAM,2026-08-18,159.22,6979.82,,,555.68,,,,,,,2026-08-17,158.4,112.45,104.32,158.4,143.86,101.86,158.4,155.37,51.84,1.91,0,5,5.9,2.4,3.7
SELL,540,BXC,2026-08-18,84.32,14578.9,2026-08-06,74.15,540.51,614.65,148267.43,147652.78,13.66,8,rotation (out of top-N),2026-08-17,85.44,72.07,62.14,85.44,81.79,63.75,85.44,84.2,37.49,1.45,12,5,4.6,2.9,3.8
SELL,543,HNGE,2026-08-18,85.58,13642.42,2026-08-06,79.24,540.51,583.76,86492.96,85909.2,7.95,8,rotation (out of top-N),2026-08-17,87.94,81.47,57.51,87.94,86.2,82.54,87.94,86.24,52.91,1.94,91,5,4.4,-0.2,2.2
SELL,552,NET,2026-08-18,303.77,3564.27,2026-08-11,303.5,540.88,541.37,980.17,438.81,0.04,5,rotation (out of top-N),2026-08-17,307.11,275.47,216.96,307.11,305.18,271.41,307.11,301.41,41.55,1.86,91,5,3.8,0.4,2.2
SELL,549,PAYC,2026-08-18,218.66,5114.56,2026-08-11,211.5,540.88,559.17,36594.66,36035.48,3.33,5,rotation (out of top-N),2026-08-17,214.49,167.96,143.04,214.49,204.51,158.68,214.49,211.97,49.95,1.17,14,5,5.0,2.3,4.0
SELL,551,SNOW,2026-08-18,328.14,3255.6,2026-08-11,332.27,540.88,534.15,-13445.63,-13979.78,-1.29,5,rotation (out of top-N),2026-08-17,330.16,285.3,212.86,330.16,324.56,280.28,330.16,326.04,55.11,1.25,56,5,4.7,1.3,3.2
SELL,553,TWLO,2026-08-18,230.74,4354.89,2026-08-11,248.4,540.88,502.42,-76907.34,-77409.77,-7.16,5,rotation (out of top-N),2026-08-17,228.62,210.0,159.63,228.62,229.71,207.37,228.62,223.07,43.22,2.43,294,5,3.8,-0.2,1.4
BUY,560,IESC,2026-08-24,335.92,30375.37,,,5101.85,,,,,,,2026-08-21,342.52,660.69,578.81,685.44,720.79,677.33,685.44,671.07,-40.82,2.1,466,-8.16,-0.6,4.0,8.7
SELL,546,AEHR,2026-08-24,95.84,9913.49,2026-08-07,102.35,507.32,475.05,-64536.85,-65011.91,-6.41,11,rotation (out of top-N),2026-08-21,145.56,103.95,66.94,101.64,112.46,91.64,101.64,98.2,117.46,3.39,410,5,5.3,-1,0.7
SELL,559,CRDO,2026-08-24,221.22,4163.73,2026-08-18,266.92,555.68,460.56,-190240.71,-190701.27,-17.16,4,rotation (out of top-N),2026-08-21,283.11,237.84,178.84,230.54,243.31,235.79,230.54,224.37,58.3,2.68,116,5,4.8,-0.8,1.3
SELL,557,CRWV,2026-08-24,85.14,10886.63,2026-08-18,102.08,555.68,463.47,-184419.47,-184882.94,-16.64,4,rotation (out of top-N),2026-08-21,105.97,91.16,91.03,87.84,93.32,85.9,87.84,85.67,16.42,2.47,4,3.28,4.4,4.1,4.6
SELL,555,ESTC,2026-08-24,85.27,13260.49,2026-08-18,83.81,555.68,565.36,19360.31,18794.95,1.69,4,rotation (out of top-N),2026-08-21,83.45,68.51,61.72,85.9,82.57,67.33,85.9,84.45,35.21,1.69,17,5,4.6,3.0,3.6
SELL,548,MNPR,2026-08-24,105.52,9270.72,2026-08-11,116.69,540.88,489.12,-103507.64,-103996.76,-9.61,9,rotation (out of top-N),2026-08-21,116.03,107.44,74.79,107.9,115.75,108.4,107.9,104.0,55.13,3.61,53,5,6.3,1.4,1.7
SELL,558,NBIS,2026-08-24,210.61,4134.22,2026-08-18,268.82,555.68,435.35,-240653.02,-241088.37,-21.69,4,rotation (out of top-N),2026-08-21,268.83,216.46,154.03,219.01,228.57,212.88,219.01,211.65,74.53,3.36,445,5,5.2,-1,0.8
SELL,550,P,2026-08-24,107.01,10296.54,2026-08-11,105.06,540.88,550.92,20078.25,19527.34,1.81,9,rotation (out of top-N),2026-08-21,117.14,87.39,73.68,108.48,108.32,84.91,108.48,106.7,58.98,1.64,32,5,5.5,1.5,3.4
SELL,547,QLYS,2026-08-24,181.48,5809.64,2026-08-11,186.2,540.88,527.17,-27421.49,-27948.66,-2.58,9,rotation (out of top-N),2026-08-21,183.21,151.8,120.95,181.96,182.51,159.42,181.96,178.53,51.48,1.88,46,5,5.1,1.7,3.0
SELL,554,SMCI,2026-08-24,36.44,29771.27,2026-08-18,37.33,555.68,542.36,-26645.28,-27187.64,-2.45,4,rotation (out of top-N),2026-08-21,38.27,31.67,31.17,37.23,36.28,30.44,37.23,36.1,22.77,3.04,4,4.55,5.1,3.8,3.6
SELL,556,TEAM,2026-08-24,170.75,6979.82,2026-08-18,159.22,555.68,595.92,80477.29,79881.37,7.19,4,rotation (out of top-N),2026-08-21,158.4,112.45,104.32,171.81,159.09,111.01,171.81,167.85,51.84,2.31,4,5,6.1,2.3,3.4
BUY,567,AEHR,2026-08-25,98.5,10179.54,,,501.34,,,,,,,2026-08-24,96.48,102.59,68.73,96.48,109.56,91.76,96.48,92.3,40.37,4.34,413,5,4.9,-0.0,0.1
BUY,569,CORT,2026-08-25,125.17,8010.26,,,501.34,,,,,,,2026-08-24,123.28,107.85,67.46,123.28,117.59,101.76,123.28,121.28,82.74,1.62,77,5,4.8,-0.3,2.6
BUY,562,DELL,2026-08-25,442.89,2263.96,,,501.34,,,,,,,2026-08-24,432.8,428.43,254.56,432.8,449.63,433.22,432.8,420.93,70.02,2.74,175,5,4.8,-1,1.2
BUY,561,MNPR,2026-08-25,113.11,8864.68,,,501.34,,,,,,,2026-08-24,112.07,108.28,75.58,112.07,115.08,109.01,112.07,108.21,48.28,3.45,56,5,5.8,1.7,1.8
BUY,570,MRNA,2026-08-25,144.03,6961.64,,,501.34,,,,,,,2026-08-24,138.82,74.11,53.55,138.82,109.49,72.41,138.82,128.24,159.23,7.62,252,5,6,-1,0.0
BUY,564,PAYC,2026-08-25,229.76,4363.96,,,501.34,,,,,,,2026-08-24,229.78,179.2,144.76,229.78,217.47,170.91,229.78,227.27,58.73,1.09,21,5,5.3,1.7,3.9
BUY,566,SMCI,2026-08-25,36.15,27740.61,,,501.34,,,,,,,2026-08-24,36.08,32.47,31.27,35.15,36.08,30.56,35.15,33.78,15.38,3.89,7,3.08,5.2,4.1,3.8
BUY,563,SNOW,2026-08-25,322.77,3106.5,,,501.34,,,,,,,2026-08-24,323.22,292.2,215.09,322.79,324.92,291.95,322.79,316.49,50.28,1.95,63,5,4.8,0.4,2.6
BUY,565,TEAM,2026-08-25,171.26,5854.75,,,501.34,,,,,,,2026-08-24,171.26,123.15,104.95,171.31,161.31,113.32,171.31,167.87,63.19,2.01,7,5,6.2,1.9,3.5
BUY,568,TWST,2026-08-25,144.47,6940.43,,,501.34,,,,,,,2026-08-24,140.66,107.57,63.18,140.66,130.4,104.54,140.66,136.32,122.65,3.09,231,5,5.1,-1,0.9
SELL,560,IESC,2026-08-25,330.26,30375.37,2026-08-24,335.92,5101.85,5015.89,-171924.61,-176940.49,-1.73,1,rotation (out of top-N),2026-08-24,324.02,599.47,576.67,324.02,648.65,667.53,324.02,263.77,-43.81,18.59,469,-8.76,0.8,4.2,7.4
BUY,571,FBRX,2026-08-27,76.99,131427.02,,,5059.28,,,,,,,2026-08-26,76.99,69.82,39.03,77.0,76.63,61.17,77.0,76.98,97.24,0.02,51,5,4.2,1.2,4.1
SELL,567,AEHR,2026-08-27,95.29,10179.54,2026-08-25,98.5,501.34,485.0,-32676.31,-33161.32,-3.31,2,rotation (out of top-N),2026-08-26,96.48,102.59,68.73,91.08,104.71,91.76,91.08,88.61,40.37,2.72,415,5,3.8,-0.0,1.2
SELL,569,CORT,2026-08-27,120.0,8010.26,2026-08-25,125.17,501.34,480.62,-41453.1,-41933.71,-4.18,2,rotation (out of top-N),2026-08-26,123.28,107.85,67.46,119.82,119.16,103.53,119.82,118.19,82.74,1.36,79,5,4.6,-0.3,2.8
SELL,562,DELL,2026-08-27,466.3,2263.96,2026-08-25,442.89,501.34,527.84,52999.25,52471.41,5.23,2,rotation (out of top-N),2026-08-26,432.8,428.43,254.56,463.63,451.45,435.39,463.63,453.82,70.02,2.12,177,5,4.4,-1,1.6
SELL,561,MNPR,2026-08-27,114.6,8864.68,2026-08-25,113.11,501.34,507.95,13208.38,12700.43,1.27,2,rotation (out of top-N),2026-08-26,112.07,108.28,75.58,113.72,114.74,110.05,113.72,111.93,48.28,1.57,58,5,4.5,1.6,3.0
SELL,570,MRNA,2026-08-27,144.11,6961.64,2026-08-25,144.03,501.34,501.62,556.93,55.31,0.01,2,rotation (out of top-N),2026-08-26,138.82,74.11,53.55,149.73,122.39,76.39,149.73,142.8,159.23,4.63,254,5,6,-1,0.0
SELL,564,PAYC,2026-08-27,233.37,4363.96,2026-08-25,229.76,501.34,509.21,15732.06,15222.85,1.52,2,rotation (out of top-N),2026-08-26,229.78,179.2,144.76,232.21,221.98,176.14,232.21,229.89,58.73,1.0,23,5,5.2,1.7,4.0
SELL,566,SMCI,2026-08-27,38.6,27740.61,2026-08-25,36.15,501.34,535.39,68103.2,67567.8,6.74,2,rotation (out of top-N),2026-08-26,36.08,32.47,31.27,37.41,36.49,30.92,37.41,36.53,15.38,2.37,9,3.08,4.2,4.1,4.7
SELL,563,SNOW,2026-08-27,322.81,3106.5,2026-08-25,322.77,501.34,501.4,124.26,-377.14,-0.04,2,rotation (out of top-N),2026-08-26,323.22,292.2,215.09,315.55,322.71,295.23,315.55,309.31,50.28,1.98,65,5,4.7,0.4,2.6
SELL,565,TEAM,2026-08-27,169.05,5854.75,2026-08-25,171.26,501.34,494.87,-12939.0,-13433.87,-1.34,2,rotation (out of top-N),2026-08-26,171.26,123.15,104.95,168.42,164.08,117.89,168.42,165.58,63.19,1.68,9,5,6.0,1.8,3.7
SELL,568,TWST,2026-08-27,149.25,6940.43,2026-08-25,144.47,501.34,517.93,33175.27,32657.34,3.26,2,rotation (out of top-N),2026-08-26,140.66,107.57,63.18,150.09,136.41,106.92,150.09,146.71,122.65,2.25,233,5,4.5,-1,1.5
BUY,572,ANF,2026-09-01,142.22,7111.42,,,505.68,,,,,,,2026-08-31,149.82,114.06,97.62,143.04,129.64,106.25,143.04,140.37,53.47,1.87,28,5,5.5,1.9,3.3
BUY,573,AUGO,2026-09-01,80.91,12499.7,,,505.68,,,,,,,2026-08-31,84.87,73.1,69.93,83.47,83.95,67.17,83.47,81.02,21.37,2.95,7,4.27,4.9,3.8,3.8
BUY,579,CRM,2026-09-01,258.1,3918.45,,,505.68,,,,,,,2026-08-31,257.63,201.54,192.92,257.63,225.5,188.83,257.63,252.79,33.55,1.88,0,5,4.9,3.3,3.7
BUY,575,ESTC,2026-09-01,96.0,10534.36,,,505.68,,,,,,,2026-08-31,97.52,75.98,62.61,97.52,87.71,71.85,97.52,92.25,55.75,5.4,27,5,7.3,1.8,1.6
BUY,574,MNPR,2026-09-01,113.19,8934.99,,,505.68,,,,,,,2026-08-31,112.64,109.08,76.52,112.64,113.96,111.26,112.64,109.71,47.21,2.6,63,5,5.0,0.6,2.2
BUY,581,MRNA,2026-09-01,139.4,7255.03,,,505.68,,,,,,,2026-08-31,140.4,86.16,56.21,140.4,130.37,81.08,140.4,135.47,149.77,3.51,259,5,5.3,-1,0.7
BUY,577,ORKA,2026-09-01,91.37,11068.74,,,505.68,,,,,,,2026-08-31,92.53,94.09,59.5,92.53,99.79,96.6,92.53,89.74,55.52,3.01,378,5,4.8,-0.8,1.0
BUY,576,PAYC,2026-09-01,241.42,4189.18,,,505.68,,,,,,,2026-08-31,239.35,190.13,146.74,239.35,229.07,183.61,239.35,237.27,63.11,0.87,28,5,5.1,1.5,4.0
BUY,580,TEAM,2026-09-01,191.01,5294.75,,,505.68,,,,,,,2026-08-31,194.11,136.05,106.06,194.11,175.55,125.72,194.11,190.2,83.02,2.02,14,5,6.1,1.8,3.4
BUY,578,VEEV,2026-09-01,282.17,3584.19,,,505.68,,,,,,,2026-08-31,285.6,224.22,194.33,285.6,262.03,219.32,285.6,280.34,46.96,1.84,21,5,5.2,2.3,3.4
SELL,571,FBRX,2026-09-01,76.99,131427.02,2026-08-27,76.99,5059.28,5059.28,0.0,-5059.28,-0.05,3,rotation (out of top-N),2026-08-31,76.99,69.82,39.03,76.99,76.75,63.96,77.0,77.0,97.24,0.0,56,5,4.1,1.1,4.1
BUY,582,APGE,2026-09-03,135.07,75594.74,,,5105.29,,,,,,,2026-09-02,135.07,132.16,99.06,135.08,134.92,134.42,135.08,135.05,36.36,0.02,331,5,1.8,0.2,3.0
SELL,572,ANF,2026-09-03,137.97,7111.42,2026-09-01,142.22,505.68,490.56,-30223.55,-30714.11,-3.04,2,rotation (out of top-N),2026-09-02,149.82,114.06,97.62,139.89,133.15,108.86,136.58,135.07,53.47,1.11,30,5,4.9,1.8,3.8
SELL,573,AUGO,2026-09-03,87.46,12499.7,2026-09-01,80.91,505.68,546.61,81873.05,81326.44,8.04,2,rotation (out of top-N),2026-09-02,84.87,73.1,69.93,83.47,83.13,68.15,84.6,82.73,21.37,2.21,9,4.27,4.4,3.8,4.2
SELL,579,CRM,2026-09-03,262.11,3918.45,2026-09-01,258.1,505.68,513.53,15712.97,15199.44,1.5,2,rotation (out of top-N),2026-09-02,257.63,201.54,192.92,264.35,237.42,193.48,256.89,254.33,33.55,1.0,2,5,4.3,3.3,4.3
SELL,575,ESTC,2026-09-03,92.15,10534.36,2026-09-01,96.0,505.68,485.37,-40609.95,-41095.32,-4.06,2,rotation (out of top-N),2026-09-02,97.52,75.98,62.61,92.94,89.36,73.5,89.55,88.1,55.75,1.61,29,5,5.4,1.7,3.4
SELL,574,MNPR,2026-09-03,116.75,8934.99,2026-09-01,113.19,505.68,521.58,31808.55,31286.97,3.09,2,rotation (out of top-N),2026-09-02,112.64,109.08,76.52,119.0,115.41,112.29,115.87,114.19,47.21,1.45,65,5,4.2,0.6,2.9
SELL,581,MRNA,2026-09-03,145.94,7255.03,2026-09-01,139.4,505.68,529.42,47484.16,46954.74,4.64,2,rotation (out of top-N),2026-09-02,140.4,86.16,56.21,154.6,138.31,84.96,150.82,146.22,149.77,3.05,261,5,5.0,-1,1.0
SELL,577,ORKA,2026-09-03,91.05,11068.74,2026-09-01,91.37,505.68,503.88,-3597.34,-4101.22,-0.41,2,rotation (out of top-N),2026-09-02,92.53,94.09,59.5,94.57,97.69,97.05,91.88,90.76,55.52,1.22,380,5,3.6,-0.8,2.2
SELL,576,PAYC,2026-09-03,240.11,4189.18,2026-09-01,241.42,505.68,502.93,-5487.82,-5990.75,-0.59,2,rotation (out of top-N),2026-09-02,239.35,190.13,146.74,239.05,232.21,188.48,235.76,234.55,63.11,0.51,30,5,4.8,1.5,4.2
SELL,580,TEAM,2026-09-03,191.46,5294.75,2026-09-01,191.01,505.68,506.87,2382.64,1875.77,0.19,2,rotation (out of top-N),2026-09-02,194.11,136.05,106.06,187.91,179.54,130.76,186.51,183.76,83.02,1.48,16,5,5.7,1.7,3.7
SELL,578,VEEV,2026-09-03,282.98,3584.19,2026-09-01,282.17,505.68,507.12,2885.27,2378.16,0.24,2,rotation (out of top-N),2026-09-02,285.6,224.22,194.33,278.04,267.54,223.74,280.83,278.6,46.96,0.79,23,5,4.5,2.3,4.1
SELL,582,APGE,2026-09-08,135.08,75594.74,2026-09-03,135.07,5105.29,,755.95,755.95,0.01,2,end-of-sample mark-to-market,,,,,,,,,,,,,,,,
