kind,trade_id,symbol,exec_date,exec_price,shares,buy_date,buy_price,buy_fee,sell_fee,gross_pnl,net_pnl,net_return_pct,hold_days,exit_reason,sig_sig_date,sig_sig_w_close,sig_sig_w_ema,sig_sig_w_sma,sig_sig_d_close,sig_sig_d_ema,sig_sig_d_sma,sig_sig_h_close,sig_sig_h_atr,sig_gap_w,sig_atr_dist,sig_freshness_days,sig_emasma_score,sig_mtf_score,sig_early_score,sig_near_score
BUY,1,TSLA,2023-07-05,279.0,358.24,,,49.98,,,,,,,2023-07-03,274.44,234.04,190.46,279.9,259.26,216.79,279.01,271.76,44.1,2.6,28,5,5.5,2.3,2.8
BUY,3,APP,2023-07-11,27.24,0.31,,,0.0,,,,,,,2023-07-10,28.15,23.99,16.67,27.07,25.71,24.18,27.07,26.46,68.84,2.25,63,5,5.4,-0.0,2.5
BUY,4,COIN,2023-07-11,80.89,0.1,,,0.0,,,,,,,2023-07-10,105.42,71.8,58.77,81.21,74.24,61.84,81.21,77.82,79.38,4.17,119,5,5.8,-1.0,0.2
BUY,7,CVNA,2023-07-11,6.92,1.2,,,0.0,,,,,,,2023-07-10,7.54,4.62,2.36,6.85,5.44,3.81,6.85,6.24,219.35,9.01,35,5,7.4,1.4,1.4
BUY,2,HOOD,2023-07-11,11.46,0.73,,,0.0,,,,,,,2023-07-10,12.38,10.2,9.66,11.21,10.45,9.45,11.21,10.85,28.12,3.21,7,5,5.4,3.5,2.9
BUY,5,PLTR,2023-07-11,16.5,0.5,,,0.0,,,,,,,2023-07-10,16.4,14.04,9.33,16.3,15.41,14.02,16.3,15.78,75.75,3.19,91,5,5.6,-0.5,1.4
BUY,6,SMCI,2023-07-11,27.49,0.3,,,0.0,,,,,,,2023-07-10,29.51,22.69,12.34,26.98,24.95,21.6,26.98,25.97,139.17,3.75,448,5,5.5,-1,0.5
BUY,8,NVDA,2023-07-18,46.67,2225.69,,,51.94,,,,,,,2023-07-17,44.3,40.26,25.64,46.42,44.01,40.1,46.37,45.01,72.8,2.94,182,5,5.0,-1,1.0
SELL,1,TSLA,2023-07-18,290.24,358.24,2023-07-05,279.0,49.98,51.99,4026.66,3974.67,3.98,9,rotation (out of top-N),2023-07-17,259.84,245.78,193.29,290.33,275.73,240.99,290.33,282.82,34.43,2.59,42,5,4.7,2.6,2.6
BUY,9,CCL,2023-07-25,17.51,2853.14,,,24.98,,,,,,,2023-07-24,18.29,16.0,11.22,17.66,17.74,15.64,17.66,17.21,62.96,2.53,175,5,4.7,-1,1.3
BUY,10,TSLA,2023-07-25,272.51,183.33,,,24.98,,,,,,,2023-07-24,266.54,249.55,194.59,269.12,273.59,252.53,269.12,261.51,36.98,2.83,49,5,4.9,2.3,2.3
SELL,2,HOOD,2023-07-25,12.77,0.73,2023-07-11,11.46,0.0,0.0,0.95,0.94,11.33,10,rotation (out of top-N),2023-07-24,12.71,11.03,9.79,12.74,12.36,10.41,12.74,12.46,29.72,2.21,21,5,4.6,3.2,3.2
SELL,8,NVDA,2023-07-25,44.91,2225.69,2023-07-18,46.67,51.94,49.98,-3917.21,-3967.18,-3.82,5,rotation (out of top-N),2023-07-24,46.71,41.43,26.49,44.58,44.92,41.94,44.53,43.49,76.31,2.33,189,5,4.6,-1,1.4
BUY,12,DLR,2023-08-01,113.67,440.64,,,25.04,,,,,,,2023-07-31,110.02,104.06,94.89,114.34,110.2,102.7,113.58,109.35,15.94,3.72,42,3.19,4.6,3.5,3.2
BUY,11,LYV,2023-08-01,87.39,573.14,,,25.04,,,,,,,2023-07-31,87.73,88.51,76.87,87.75,93.73,90.47,87.75,81.65,14.13,6.95,70,2.83,4.5,2.1,2.4
SELL,9,CCL,2023-08-01,18.02,2853.14,2023-07-25,17.51,24.98,25.71,1455.1,1429.39,2.86,5,rotation (out of top-N),2023-07-31,17.0,16.18,11.43,18.64,17.95,16.48,18.64,18.32,48.77,1.73,182,5,3.6,-0.4,1.8
SELL,10,TSLA,2023-08-01,266.25,183.33,2023-07-25,272.51,24.98,24.41,-1147.63,-1172.03,-2.35,5,rotation (out of top-N),2023-07-31,253.76,250.32,195.22,267.53,267.66,260.76,267.53,261.81,29.99,2.14,56,5,4.0,2.6,2.6
BUY,14,VRT,2023-08-08,35.42,1404.11,,,24.87,,,,,,,2023-08-07,33.4,26.85,17.49,35.6,30.93,25.54,35.59,34.35,90.95,3.48,280,5,5.3,-1,0.7
BUY,13,WBD,2023-08-08,14.29,3480.3,,,24.87,,,,,,,2023-08-07,13.71,13.07,12.94,14.48,13.26,12.85,14.48,13.97,5.94,3.54,7,1.19,4.5,4.6,4.9
SELL,12,DLR,2023-08-08,110.22,440.64,2023-08-01,113.67,25.04,24.28,-1520.19,-1544.48,-3.08,5,rotation (out of top-N),2023-08-07,110.33,105.2,95.51,110.86,110.9,104.78,110.13,108.47,15.52,1.51,49,3.1,3.0,3.4,4.6
SELL,11,LYV,2023-08-08,88.89,573.14,2023-08-01,87.39,25.04,25.47,862.58,837.11,1.67,5,rotation (out of top-N),2023-08-07,86.61,88.17,77.26,89.18,89.79,91.02,89.18,87.29,12.09,2.12,77,2.42,2.7,2.1,4.1
BUY,15,APA,2023-08-15,39.65,586.49,,,11.63,,,,,,,2023-08-14,39.75,35.61,35.02,40.12,38.58,33.83,40.12,39.47,13.5,1.63,0,2.7,3.8,4.3,5.6
BUY,16,MPC,2023-08-15,137.05,169.68,,,11.63,,,,,,,2023-08-14,136.68,123.42,113.99,139.7,133.5,117.57,139.7,137.91,19.91,1.28,21,3.98,3.5,3.7,4.8
SELL,4,COIN,2023-08-15,81.05,0.1,2023-07-11,80.89,0.0,0.0,0.02,0.01,0.15,25,rotation (out of top-N),2023-08-14,73.2,79.97,61.74,80.83,86.19,84.78,80.83,78.74,18.56,2.59,154,3.71,2.7,1.1,2.4
SELL,13,WBD,2023-08-15,13.36,3480.3,2023-08-08,14.29,24.87,23.25,-3236.68,-3259.93,-6.55,5,rotation (out of top-N),2023-08-14,12.78,13.02,12.96,13.54,13.66,12.89,13.54,13.23,-1.46,2.25,14,-0.29,3.2,4.8,6.4
BUY,18,NVDA,2023-08-22,48.08,0.4,,,0.01,,,,,,,2023-08-21,45.97,42.77,29.37,46.93,44.15,44.03,46.87,45.7,56.53,2.49,217,5,4.5,-0.8,1.3
BUY,17,REGN,2023-08-22,834.16,0.02,,,0.01,,,,,,,2023-08-21,823.49,771.97,754.62,837.95,796.41,741.46,837.95,821.7,9.13,1.94,14,1.83,3.5,4.3,5.6
SELL,5,PLTR,2023-08-22,14.8,0.5,2023-07-11,16.5,0.0,0.0,-0.86,-0.86,-10.32,30,rotation (out of top-N),2023-08-21,14.52,15.23,10.55,14.49,15.37,16.38,14.49,14.05,37.69,3.1,133,5,4.0,0.1,0.9
SELL,6,SMCI,2023-08-22,25.85,0.3,2023-07-11,27.49,0.0,0.0,-0.5,-0.5,-6.01,30,rotation (out of top-N),2023-08-21,25.39,26.26,15.57,25.26,26.73,28.5,25.26,24.39,63.04,3.43,490,5,5.3,-1,0.7
BUY,19,DELL,2023-08-29,54.57,0.35,,,0.01,,,,,,,2023-08-28,65.07,53.58,43.41,54.59,53.65,52.25,54.59,53.72,49.89,1.59,140,5,3.6,-0.5,1.9
SELL,17,REGN,2023-08-29,825.91,0.02,2023-08-22,834.16,0.01,0.01,-0.19,-0.2,-1.04,5,rotation (out of top-N),2023-08-28,824.92,781.59,757.02,823.37,815.71,755.01,823.37,818.76,8.97,0.56,21,1.79,2.5,4.2,6.4
BUY,20,SW,2023-09-12,33.45,475.2,,,7.95,,,,,,,2023-09-11,33.86,30.54,29.04,31.56,30.65,30.02,31.56,30.94,16.58,1.95,14,3.32,3.9,3.9,4.8
BUY,22,TSLA,2023-09-12,270.75,58.71,,,7.95,,,,,,,2023-09-11,274.44,249.24,203.32,273.63,253.21,252.17,273.77,266.06,34.98,2.82,98,5,4.0,0.6,1.5
BUY,21,VLO,2023-09-12,132.89,119.61,,,7.95,,,,,,,2023-09-11,132.79,122.69,115.43,132.84,125.99,119.73,132.84,129.96,15.04,2.17,28,3.01,3.7,3.8,4.6
SELL,15,APA,2023-09-12,39.12,586.49,2023-08-15,39.65,11.63,11.47,-310.84,-322.31,-1.39,19,rotation (out of top-N),2023-09-11,38.12,37.56,34.93,38.53,39.46,37.82,38.53,37.87,9.12,1.71,28,1.82,3.1,4.1,5.5
SELL,16,MPC,2023-09-12,146.0,169.68,2023-08-15,137.05,11.63,12.39,1518.61,1506.22,6.48,19,rotation (out of top-N),2023-09-11,145.31,133.89,117.2,145.61,140.65,131.19,145.61,142.94,23.99,1.84,49,4.8,3.6,3.0,3.6
SELL,18,NVDA,2023-09-12,44.7,0.4,2023-08-22,48.08,0.01,0.01,-1.35,-1.36,-7.08,14,rotation (out of top-N),2023-09-11,43.85,44.07,31.56,45.15,46.64,45.66,45.09,44.05,38.94,2.31,238,5,3.5,0.1,1.5
BUY,24,CF,2023-09-19,76.57,208.69,,,7.99,,,,,,,2023-09-18,79.04,74.65,71.87,76.24,76.3,74.59,76.24,75.01,9.97,1.62,14,1.99,3.3,4.3,5.7
BUY,23,PGR,2023-09-19,128.88,123.99,,,7.99,,,,,,,2023-09-18,131.06,123.22,122.54,128.63,126.01,120.03,128.63,126.74,6.95,1.47,0,1.39,3.3,4.7,6.3
SELL,20,SW,2023-09-19,34.63,475.2,2023-09-12,33.45,7.95,8.23,560.74,552.51,3.48,5,rotation (out of top-N),2023-09-18,32.67,30.93,29.07,33.87,32.53,30.75,33.87,33.44,12.38,1.27,21,2.48,3.1,4.0,5.6
SELL,22,TSLA,2023-09-19,264.2,58.71,2023-09-12,270.75,7.95,7.76,-384.26,-392.01,-2.47,5,rotation (out of top-N),2023-09-18,244.85,248.45,205.68,265.27,264.29,251.09,265.27,258.5,19.04,2.55,105,3.81,2.9,1.3,2.6
BUY,25,SW,2023-09-26,33.27,490.36,,,8.16,,,,,,,2023-09-25,33.18,31.34,29.1,33.3,32.87,31.2,33.3,32.83,14.02,1.4,28,2.8,3.2,3.8,5.2
BUY,27,TPL,2023-09-26,200.61,81.32,,,8.16,,,,,,,2023-09-25,198.5,191.43,189.03,200.81,199.01,195.46,200.81,197.15,5.01,1.82,0,1.0,3.5,4.7,6.3
BUY,26,WSM,2023-09-26,74.73,218.31,,,8.16,,,,,,,2023-09-25,74.39,67.53,60.3,74.85,69.27,66.87,74.85,72.74,23.37,2.81,91,4.67,3.5,1.3,2.3
SELL,24,CF,2023-09-26,80.38,208.69,2023-09-19,76.57,7.99,8.39,795.12,786.73,4.92,5,rotation (out of top-N),2023-09-25,80.4,75.7,71.79,80.72,78.11,74.98,80.72,79.65,12.0,1.33,21,2.4,3.1,4.1,5.6
SELL,23,PGR,2023-09-26,130.45,123.99,2023-09-19,128.88,7.99,8.09,194.66,186.57,1.17,5,rotation (out of top-N),2023-09-25,127.32,123.97,122.77,130.26,128.85,122.04,130.26,128.97,3.71,0.99,7,0.74,2.7,4.7,6.9
SELL,21,VLO,2023-09-26,133.99,119.61,2023-09-12,132.89,7.95,8.01,131.58,123.56,0.78,10,rotation (out of top-N),2023-09-25,130.95,125.92,116.57,135.45,133.14,125.26,135.45,133.05,12.34,1.77,42,2.47,3.1,3.7,4.9
BUY,30,CF,2023-10-03,77.69,101.58,,,3.95,,,,,,,2023-10-02,75.93,75.74,71.72,78.55,79.01,75.43,78.55,76.92,5.87,2.08,28,1.17,3.2,4.2,5.6
BUY,31,HAL,2023-10-03,37.13,212.53,,,3.95,,,,,,,2023-10-02,36.46,37.07,33.68,37.47,38.58,37.91,37.31,36.36,8.26,2.55,63,1.65,3.1,2.5,4.4
BUY,28,JBL,2023-10-03,127.39,61.95,,,3.95,,,,,,,2023-10-02,129.24,113.2,93.53,128.14,115.31,108.36,128.14,125.85,38.17,1.79,357,5,3.1,0.1,1.8
BUY,29,META,2023-10-03,301.9,26.14,,,3.95,,,,,,,2023-10-02,312.95,297.0,240.82,304.39,299.33,296.79,304.11,297.4,29.95,2.21,231,5,3.0,0.5,1.5
SELL,7,CVNA,2023-10-03,7.79,1.2,2023-07-11,6.92,0.0,0.0,1.05,1.04,12.49,59,rotation (out of top-N),2023-10-02,7.53,8.31,4.46,7.85,8.48,8.86,7.85,7.47,68.97,4.84,119,5,6.0,-1.0,0.0
SELL,19,DELL,2023-10-03,65.64,0.35,2023-08-29,54.57,0.01,0.01,3.87,3.86,20.23,24,rotation (out of top-N),2023-10-02,63.38,61.17,46.87,64.64,65.53,60.26,64.64,63.68,35.21,1.49,175,5,2.8,0.2,2.0
SELL,27,TPL,2023-10-03,189.99,81.32,2023-09-26,200.61,8.16,7.73,-863.66,-871.38,-5.34,5,rotation (out of top-N),2023-10-02,193.66,191.84,187.62,188.16,197.81,199.24,188.16,183.78,3.22,2.33,7,0.64,3.6,4.7,6.0
SELL,26,WSM,2023-10-03,73.7,218.31,2023-09-26,74.73,8.16,8.04,-224.86,-232.91,-1.43,5,rotation (out of top-N),2023-10-02,74.4,68.78,60.81,73.78,72.35,67.8,73.78,72.6,22.34,1.6,98,4.47,2.6,1.2,3.1
BUY,36,AMGN,2023-10-10,247.63,33.6,,,4.16,,,,,,,2023-10-09,261.23,241.81,221.34,249.62,245.54,240.96,249.62,245.97,18.02,1.46,49,3.6,3.1,3.3,4.4
BUY,35,CRWD,2023-10-10,181.57,45.82,,,4.16,,,,,,,2023-10-09,185.69,166.46,140.13,181.79,169.56,160.79,181.79,176.44,32.51,2.94,140,5,3.6,0.4,1.0
BUY,33,GD,2023-10-10,227.88,36.51,,,4.16,,,,,,,2023-10-09,231.39,213.22,209.26,227.06,212.06,210.74,227.06,221.47,10.58,2.46,0,2.12,4.2,4.5,5.3
BUY,34,PLTR,2023-10-10,18.07,460.4,,,4.16,,,,,,,2023-10-09,17.39,15.81,12.09,17.61,15.96,15.22,17.61,16.81,43.81,4.56,182,5,5.2,-0.2,0.0
BUY,32,SMCI,2023-10-10,29.5,282.01,,,4.16,,,,,,,2023-10-09,28.51,27.06,18.83,29.01,27.74,26.42,29.01,28.09,51.41,3.18,539,5,4.7,-0.6,0.9
SELL,3,APP,2023-10-10,41.7,0.31,2023-07-11,27.24,0.0,0.01,4.42,4.42,53.01,64,rotation (out of top-N),2023-10-09,38.53,38.24,24.56,40.84,40.11,40.5,40.84,39.95,56.9,2.16,154,5,4.3,-0.8,1.6
SELL,31,HAL,2023-10-10,38.87,212.53,2023-10-03,37.13,3.95,4.13,369.81,365.68,4.63,5,rotation (out of top-N),2023-10-09,39.98,37.6,33.74,38.93,37.68,37.82,38.76,37.8,18.48,2.47,70,3.7,3.4,1.9,3.3
SELL,28,JBL,2023-10-10,133.49,61.95,2023-10-03,127.39,3.95,4.13,377.87,373.74,4.74,5,rotation (out of top-N),2023-10-09,135.14,117.19,95.23,133.23,124.59,111.21,133.23,131.27,41.91,1.47,364,5,3.1,-0.1,2.0
SELL,29,META,2023-10-10,316.75,26.14,2023-10-03,301.9,3.95,4.14,388.16,384.02,4.87,5,rotation (out of top-N),2023-10-09,312.24,299.77,245.4,315.93,305.07,296.86,315.64,309.3,27.24,2.01,238,5,2.7,0.6,1.9
SELL,25,SW,2023-10-10,34.26,490.36,2023-09-26,33.27,8.16,8.4,485.46,477.06,2.92,10,rotation (out of top-N),2023-10-09,34.24,32.17,29.17,33.74,33.32,31.73,33.74,33.33,17.38,1.22,42,3.48,3.0,3.4,4.8
BUY,40,ALL,2023-10-17,118.21,71.4,,,4.22,,,,,,,2023-10-16,116.34,107.71,107.21,118.02,110.03,104.54,118.02,115.19,8.51,2.39,0,1.7,4.0,4.6,5.6
BUY,37,CNC,2023-10-17,71.32,118.34,,,4.22,,,,,,,2023-10-16,71.87,68.65,67.58,71.12,70.47,67.23,71.12,69.86,6.34,1.79,7,1.27,3.4,4.6,6.1
BUY,39,HUM,2023-10-17,508.34,16.6,,,4.22,,,,,,,2023-10-16,504.46,476.22,472.18,507.45,485.81,468.38,506.26,495.37,6.84,2.15,0,1.37,3.8,4.7,5.9
BUY,38,PGR,2023-10-17,144.52,58.4,,,4.22,,,,,,,2023-10-16,141.62,130.65,124.04,143.73,134.4,127.25,143.73,140.16,14.17,2.48,28,2.83,3.9,3.8,4.5
SELL,36,AMGN,2023-10-17,262.48,33.6,2023-10-10,247.63,4.16,4.41,498.9,494.49,5.94,5,rotation (out of top-N),2023-10-16,256.37,244.46,221.67,263.78,255.02,243.25,263.78,259.96,15.65,1.45,56,3.13,2.8,3.3,4.5
SELL,30,CF,2023-10-17,79.26,101.58,2023-10-03,77.69,3.95,4.03,159.47,155.45,1.97,10,rotation (out of top-N),2023-10-16,77.84,76.65,71.69,79.08,78.93,76.53,79.08,77.95,8.58,1.43,42,1.72,2.7,3.9,5.5
SELL,35,CRWD,2023-10-17,185.47,45.82,2023-10-10,181.57,4.16,4.25,178.69,174.44,2.1,5,rotation (out of top-N),2023-10-16,178.76,168.7,142.11,187.67,180.49,165.57,187.67,184.4,25.79,1.74,147,5,2.5,0.7,2.3
SELL,33,GD,2023-10-17,230.22,36.51,2023-10-10,227.88,4.16,4.2,85.43,81.23,0.98,5,rotation (out of top-N),2023-10-16,223.67,215.12,209.26,231.19,222.61,212.74,231.19,228.55,6.89,1.14,7,1.38,3.0,4.5,6.4
BUY,41,GD,2023-10-24,224.37,37.37,,,4.19,,,,,,,2023-10-23,226.88,217.26,209.5,222.1,224.32,214.49,222.1,219.81,8.3,1.03,14,1.66,2.9,4.4,6.2
BUY,42,GL,2023-10-24,109.47,76.59,,,4.19,,,,,,,2023-10-23,109.67,108.79,108.7,108.8,110.17,108.49,108.8,107.48,0.89,1.21,0,0.18,2.9,5.0,7.1
BUY,43,TPL,2023-10-24,200.73,41.77,,,4.19,,,,,,,2023-10-23,195.56,196.12,184.73,200.94,204.04,199.54,200.94,196.78,5.87,2.07,28,1.17,3.2,4.2,5.6
SELL,37,CNC,2023-10-24,72.31,118.34,2023-10-17,71.32,4.22,4.28,117.15,112.87,1.34,5,rotation (out of top-N),2023-10-23,67.5,68.44,67.37,70.86,71.31,68.26,70.86,70.07,0.2,1.12,14,0.04,2.5,4.8,7.0
SELL,39,HUM,2023-10-24,503.58,16.6,2023-10-17,508.34,4.22,4.18,-79.03,-83.21,-0.99,5,rotation (out of top-N),2023-10-23,493.61,479.38,472.55,499.05,496.87,472.91,497.88,493.55,4.46,0.87,7,0.89,2.7,4.7,6.9
SELL,38,PGR,2023-10-24,141.18,58.4,2023-10-17,144.52,4.22,4.12,-195.05,-199.17,-2.36,5,rotation (out of top-N),2023-10-23,140.09,132.37,124.63,140.48,139.82,130.16,140.48,139.0,12.4,1.05,35,2.48,2.7,3.8,5.5
BUY,44,AOS,2023-10-31,66.82,340.79,,,11.39,,,,,,,2023-10-30,68.3,65.46,65.16,66.31,64.69,64.46,66.31,65.3,4.81,1.53,0,0.96,3.3,4.8,6.5
BUY,45,DECK,2023-10-31,98.17,231.96,,,11.39,,,,,,,2023-10-30,99.47,89.36,81.9,97.4,87.48,85.87,97.4,93.39,21.45,4.12,434,4.29,3.8,0.9,1.1
BUY,46,TMUS,2023-10-31,135.54,168.01,,,11.39,,,,,,,2023-10-30,141.04,134.42,134.23,135.39,134.5,133.91,135.39,133.3,5.08,1.54,0,1.02,3.3,4.7,6.5
SELL,42,GL,2023-10-31,112.69,76.59,2023-10-24,109.47,4.19,4.32,246.63,242.31,2.89,5,rotation (out of top-N),2023-10-30,114.66,109.85,108.66,110.94,110.19,108.61,110.94,109.98,5.52,0.86,7,1.1,2.7,4.6,6.8
SELL,32,SMCI,2023-10-31,23.48,282.01,2023-10-10,29.5,4.16,3.31,-1697.71,-1701.02,-20.45,15,rotation (out of top-N),2023-10-30,25.48,26.07,20.12,23.67,25.53,26.8,23.67,22.87,26.61,3.37,560,5,3.6,0.7,1.1
SELL,14,VRT,2023-10-31,37.83,1404.11,2023-08-08,35.42,24.87,26.56,3383.9,3357.34,6.75,59,rotation (out of top-N),2023-10-30,40.28,37.06,24.61,38.13,37.55,38.07,38.12,36.97,63.66,3.02,364,5,5.0,-1,1.0
BUY,48,COIN,2023-11-07,85.9,185.31,,,7.96,,,,,,,2023-11-06,92.92,80.22,71.22,86.43,80.35,76.85,86.43,82.03,30.48,5.09,238,5,4.5,0.5,0.0
BUY,49,DHI,2023-11-07,115.75,137.52,,,7.96,,,,,,,2023-11-06,119.28,109.11,106.54,114.53,106.8,104.28,114.53,112.05,11.96,2.17,7,2.39,3.9,4.3,5.2
BUY,50,EXPE,2023-11-07,110.57,143.96,,,7.96,,,,,,,2023-11-06,117.26,104.46,102.11,110.31,99.64,99.52,110.31,104.98,14.83,4.83,0,2.97,5.7,4.3,3.5
BUY,47,GDDY,2023-11-07,86.41,184.22,,,7.96,,,,,,,2023-11-06,87.6,77.91,74.81,86.59,77.84,74.84,86.59,83.69,17.1,3.35,7,3.42,5.0,4.0,3.9
BUY,52,IT,2023-11-07,397.11,40.08,,,7.96,,,,,,,2023-11-06,411.76,363.55,339.35,392.54,353.78,349.73,392.54,374.93,21.34,4.49,168,4.27,4.1,0.9,0.9
BUY,51,VRT,2023-11-07,39.86,399.35,,,7.96,,,,,,,2023-11-06,41.7,37.9,25.29,39.63,39.0,38.17,39.62,38.4,64.88,3.08,371,5,5.1,-1,0.9
SELL,40,ALL,2023-11-07,123.22,71.4,2023-10-17,118.21,4.22,4.4,357.69,353.3,4.19,15,rotation (out of top-N),2023-11-06,123.03,114.06,107.44,123.34,120.92,111.73,123.34,121.75,14.51,1.29,21,2.9,3.2,3.9,5.3
SELL,44,AOS,2023-11-07,67.31,340.79,2023-10-31,66.82,11.39,11.47,166.99,155.52,0.68,5,rotation (out of top-N),2023-11-06,69.43,66.18,65.27,67.84,66.65,64.46,67.84,66.92,6.37,1.36,7,1.27,3.1,4.6,6.3
SELL,45,DECK,2023-11-07,102.49,231.96,2023-10-31,98.17,11.39,11.89,1002.07,990.18,4.35,5,rotation (out of top-N),2023-11-06,105.43,92.28,82.81,102.04,95.55,87.38,102.04,100.62,27.31,1.39,441,5,2.3,0.6,2.3
SELL,41,GD,2023-11-07,231.7,37.37,2023-10-24,224.37,4.19,4.33,273.92,269.59,3.22,10,rotation (out of top-N),2023-11-06,231.9,222.06,210.35,232.31,229.66,219.14,232.31,231.02,10.24,0.55,28,2.05,2.4,4.0,6.1
SELL,46,TMUS,2023-11-07,141.23,168.01,2023-10-31,135.54,11.39,11.86,955.95,944.09,4.15,5,rotation (out of top-N),2023-11-06,141.24,135.66,134.29,140.94,137.99,134.96,140.94,139.59,5.18,0.95,7,1.04,2.8,4.6,6.7
SELL,43,TPL,2023-11-07,183.72,41.77,2023-10-24,200.73,4.19,3.84,-710.52,-714.36,-8.52,10,rotation (out of top-N),2023-11-06,176.38,192.74,181.57,191.81,197.27,198.45,191.81,187.46,-2.86,2.27,42,-0.57,2.7,4.4,6.1
BUY,54,APP,2023-11-14,42.65,393.0,,,8.38,,,,,,,2023-11-13,39.13,39.09,27.88,41.4,40.1,39.05,41.4,39.58,40.33,4.37,189,5,4.9,-0.0,0.1
BUY,55,GEN,2023-11-14,18.28,916.82,,,8.38,,,,,,,2023-11-13,19.7,17.64,17.26,17.89,17.38,16.77,17.89,17.63,14.14,1.45,0,2.83,3.7,4.3,5.6
BUY,53,QCOM,2023-11-14,120.57,139.0,,,8.38,,,,,,,2023-11-13,122.6,110.7,109.7,117.32,112.69,105.98,116.89,115.23,11.76,1.42,0,2.35,3.5,4.4,5.9
SELL,49,DHI,2023-11-14,124.56,137.52,2023-11-07,115.75,7.96,8.56,1211.56,1203.0,7.56,5,rotation (out of top-N),2023-11-13,124.46,111.9,107.26,118.85,114.19,105.24,118.85,117.35,16.03,1.27,14,3.21,3.4,4.0,5.3
SELL,47,GDDY,2023-11-14,89.16,184.22,2023-11-07,86.41,7.96,8.21,506.59,498.38,3.13,5,rotation (out of top-N),2023-11-13,91.96,80.46,75.09,88.24,83.96,76.36,88.24,87.59,22.47,0.74,14,4.49,3.4,3.6,5.0
SELL,52,IT,2023-11-14,417.28,40.08,2023-11-07,397.11,7.96,8.36,808.51,800.15,5.03,5,rotation (out of top-N),2023-11-13,417.77,373.41,341.11,414.52,387.56,356.34,414.52,410.77,22.47,0.9,175,4.49,1.7,0.9,3.2
BUY,57,GDDY,2023-11-21,93.2,171.74,,,8.0,,,,,,,2023-11-20,94.72,83.06,75.51,92.67,89.09,78.63,92.67,91.94,25.44,0.8,21,5,3.5,3.4,4.6
BUY,56,KEY,2023-11-21,10.57,1514.3,,,8.0,,,,,,,2023-11-20,10.63,9.87,9.83,10.7,10.22,9.35,10.7,10.54,8.18,1.52,0,1.64,3.4,4.6,6.2
SELL,54,APP,2023-11-21,39.02,393.0,2023-11-14,42.65,8.38,7.67,-1424.62,-1432.29,-8.55,5,rotation (out of top-N),2023-11-20,39.52,39.17,28.5,39.49,39.95,39.23,39.49,38.75,38.68,1.88,196,5,3.2,0.1,1.7
SELL,53,QCOM,2023-11-21,120.03,139.0,2023-11-14,120.57,8.38,8.34,-75.06,-83.4,-0.5,5,rotation (out of top-N),2023-11-20,121.13,112.6,109.76,122.67,118.68,108.3,122.22,121.13,10.36,0.89,7,2.07,3.0,4.4,6.3
BUY,59,BXP,2023-12-05,55.02,275.52,,,7.58,,,,,,,2023-12-04,56.04,51.17,48.96,55.73,50.75,48.38,55.73,53.96,14.45,3.17,7,2.89,4.7,4.2,4.3
BUY,60,CVNA,2023-12-05,7.73,1962.08,,,7.58,,,,,,,2023-12-04,8.04,7.02,5.52,8.01,6.74,6.45,8.01,7.36,45.65,8.13,182,5,5.3,-0.3,0.0
BUY,58,FITB,2023-12-05,27.9,543.33,,,7.58,,,,,,,2023-12-04,28.51,25.09,23.7,27.97,26.08,23.44,27.97,27.4,20.29,2.05,7,4.06,4.3,3.9,4.5
SELL,57,GDDY,2023-12-05,102.67,171.74,2023-11-21,93.2,8.0,8.82,1627.24,1618.42,10.11,9,rotation (out of top-N),2023-12-04,104.33,89.74,76.88,103.19,97.67,84.07,103.19,101.89,35.71,1.26,35,5,4.0,2.6,3.6
SELL,55,GEN,2023-12-05,21.23,916.82,2023-11-14,18.28,8.38,9.73,2704.61,2694.88,16.08,14,rotation (out of top-N),2023-12-04,21.11,19.13,17.41,21.43,20.51,17.84,21.43,21.1,21.22,1.55,21,4.24,3.7,3.6,4.5
SELL,34,PLTR,2023-12-05,18.27,460.4,2023-10-10,18.07,4.16,4.2,89.78,85.57,1.03,39,rotation (out of top-N),2023-12-04,17.77,18.21,14.2,18.41,19.54,18.14,18.41,17.64,25.1,4.16,238,5,4.0,0.7,0.7
BUY,61,HOOD,2023-12-12,11.81,1513.89,,,8.94,,,,,,,2023-12-11,11.67,9.96,9.92,11.72,10.5,9.16,11.72,11.29,17.63,3.64,0,3.53,5.3,4.1,3.8
BUY,62,NCLH,2023-12-12,18.41,970.9,,,8.94,,,,,,,2023-12-11,20.35,16.57,16.15,18.43,17.29,14.67,18.43,18.08,25.97,1.86,0,5,4.5,3.7,4.2
BUY,63,XYZ,2023-12-12,69.06,258.91,,,8.94,,,,,,,2023-12-11,74.23,60.23,60.03,68.61,65.78,53.48,68.61,67.07,23.66,2.25,0,4.73,4.7,3.8,4.1
SELL,59,BXP,2023-12-12,55.26,275.52,2023-12-05,55.02,7.58,7.61,66.12,58.51,0.39,5,rotation (out of top-N),2023-12-11,62.49,53.23,49.33,56.04,53.95,49.26,56.04,55.07,26.67,1.73,14,5,4.3,3.4,3.9
SELL,50,EXPE,2023-12-12,144.49,143.96,2023-11-07,110.57,7.96,10.4,4883.24,4872.84,30.61,24,rotation (out of top-N),2023-12-11,144.21,127.05,106.48,146.51,139.1,117.4,146.51,144.4,35.43,1.44,35,5,4.1,2.6,3.5
SELL,56,KEY,2023-12-12,11.65,1514.3,2023-11-21,10.57,8.0,8.82,1635.44,1626.62,10.16,14,rotation (out of top-N),2023-12-11,12.85,10.95,9.64,11.7,11.42,10.08,11.7,11.53,33.34,1.44,21,5,4.3,3.0,3.7
BUY,64,EXPE,2023-12-19,146.66,124.69,,,9.14,,,,,,,2023-12-18,153.44,131.85,108.01,146.68,142.68,123.37,146.68,144.53,42.06,1.47,42,5,4.4,2.2,3.3
BUY,65,LEN,2023-12-19,130.57,140.05,,,9.14,,,,,,,2023-12-18,129.74,116.37,103.9,129.62,125.74,110.33,129.62,125.62,24.88,3.08,49,4.98,4.5,2.9,2.6
SELL,58,FITB,2023-12-19,32.16,543.33,2023-12-05,27.9,7.58,8.74,2314.6,2305.87,15.21,10,rotation (out of top-N),2023-12-18,31.47,27.28,24.07,31.99,29.71,25.17,31.99,31.51,30.73,1.51,21,5,4.2,3.1,3.6
SELL,51,VRT,2023-12-19,47.85,399.35,2023-11-07,39.86,7.96,9.55,3190.8,3181.24,19.99,29,rotation (out of top-N),2023-12-18,48.62,43.82,29.89,47.65,46.78,42.47,47.64,46.62,62.65,2.14,413,5,4.4,-1,1.6
BUY,68,CRWD,2024-01-09,265.35,67.62,,,8.97,,,,,,,2024-01-08,283.39,241.13,175.05,261.28,252.08,234.85,261.28,256.79,61.89,1.72,231,5,4.1,-1,1.9
BUY,67,DOC,2024-01-09,16.81,1067.45,,,8.97,,,,,,,2024-01-08,17.81,16.14,15.87,17.08,16.77,15.42,17.0,16.65,12.26,2.03,0,2.45,4.0,4.4,5.4
BUY,66,KEY,2024-01-09,12.98,1382.43,,,8.97,,,,,,,2024-01-08,12.74,12.03,9.91,13.05,12.81,11.67,13.05,12.77,28.5,2.11,49,5,4.0,2.8,2.9
BUY,69,VRT,2024-01-09,48.03,373.6,,,8.97,,,,,,,2024-01-08,49.39,45.68,32.49,48.39,47.11,45.41,48.38,47.3,52.03,2.23,434,5,4.1,-0.6,1.5
BUY,70,VTRS,2024-01-09,10.42,1722.06,,,8.97,,,,,,,2024-01-08,10.51,9.53,8.82,10.54,10.13,8.99,10.54,10.3,19.16,2.24,28,3.83,4.0,3.6,4.1
SELL,64,EXPE,2024-01-09,146.75,124.69,2023-12-19,146.66,9.14,9.15,11.22,2.07,0.01,13,rotation (out of top-N),2024-01-08,146.77,138.65,112.15,147.84,146.74,139.22,147.84,145.51,30.87,1.58,63,5,3.5,1.4,2.9
SELL,61,HOOD,2024-01-09,12.24,1513.89,2023-12-12,11.81,8.94,9.27,658.54,649.27,3.63,18,rotation (out of top-N),2024-01-08,11.03,11.09,10.2,12.43,12.31,10.6,12.43,12.07,8.1,2.86,28,1.62,3.8,4.1,4.8
SELL,65,LEN,2024-01-09,130.24,140.05,2023-12-19,130.57,9.14,9.12,-46.22,-55.34,-0.3,13,rotation (out of top-N),2024-01-08,133.56,123.14,106.96,131.38,129.49,120.92,131.38,129.58,24.87,1.37,70,4.97,3.0,1.6,3.4
SELL,62,NCLH,2024-01-09,17.42,970.9,2023-12-12,18.41,8.94,8.46,-966.04,-974.5,-5.45,18,rotation (out of top-N),2024-01-08,16.75,17.65,16.75,17.76,18.62,17.27,17.76,17.32,0.02,2.46,28,0.0,3.2,4.5,5.9
SELL,63,XYZ,2024-01-09,68.76,258.91,2023-12-12,69.06,8.94,8.9,-76.38,-85.28,-0.48,18,rotation (out of top-N),2024-01-08,66.47,66.14,60.44,69.31,71.63,66.68,69.31,67.87,9.97,2.08,28,1.99,3.4,4.0,5.1
BUY,73,AMD,2024-01-23,166.45,117.89,,,9.81,,,,,,,2024-01-22,177.26,147.28,117.29,168.19,158.2,138.63,168.19,162.03,51.13,3.66,322,5,5.0,-0.6,0.6
BUY,72,COHR,2024-01-23,47.27,415.08,,,9.81,,,,,,,2024-01-22,47.3,42.44,39.24,46.99,44.51,41.76,46.99,45.8,20.53,2.54,35,4.11,4.1,3.4,3.7
BUY,71,SMCI,2024-01-23,43.08,455.5,,,9.81,,,,,,,2024-01-22,47.4,34.48,26.63,43.63,35.62,30.09,43.64,40.36,78.02,7.52,644,5,6,-1,0.0
SELL,48,COIN,2024-01-23,122.59,185.31,2023-11-07,85.9,7.96,11.36,6799.92,6788.56,42.65,51,rotation (out of top-N),2024-01-22,125.16,132.62,91.9,128.16,136.4,145.58,128.16,121.74,36.19,5.01,315,5,4.8,0.2,0.0
SELL,67,DOC,2024-01-23,16.94,1067.45,2024-01-09,16.81,8.97,9.04,138.77,129.73,0.72,9,rotation (out of top-N),2024-01-22,16.6,16.33,15.89,16.84,17.03,16.19,16.76,16.5,4.49,1.56,14,0.9,3.0,4.5,6.3
SELL,70,VTRS,2024-01-23,10.5,1722.06,2024-01-09,10.42,8.97,9.04,137.77,128.72,0.72,9,rotation (out of top-N),2024-01-22,10.74,9.86,8.92,10.47,10.38,9.5,10.47,10.31,20.38,1.53,42,4.08,3.3,3.3,4.2
BUY,76,AXP,2024-01-30,195.69,95.17,,,9.31,,,,,,,2024-01-29,201.43,181.51,161.3,195.94,185.6,177.34,195.94,190.66,24.88,2.7,56,4.98,4.1,2.8,2.8
BUY,75,TPR,2024-01-30,37.42,497.71,,,9.31,,,,,,,2024-01-29,38.14,34.72,33.87,37.79,36.17,34.43,37.68,37.02,12.61,1.75,7,2.52,3.7,4.3,5.5
BUY,74,WDC,2024-01-30,40.46,460.31,,,9.31,,,,,,,2024-01-29,39.43,35.78,29.93,40.53,38.52,35.04,40.52,39.23,31.74,3.19,245,5,3.7,0.4,0.9
SELL,72,COHR,2024-01-30,48.88,415.08,2024-01-23,47.27,9.81,10.14,666.2,656.05,3.34,5,rotation (out of top-N),2024-01-29,49.11,43.65,39.62,48.92,46.72,43.21,48.92,48.1,23.96,1.68,42,4.79,3.6,3.1,3.8
SELL,60,CVNA,2024-01-30,8.86,1962.08,2023-12-05,7.73,7.58,8.69,2230.88,2222.19,14.66,37,rotation (out of top-N),2024-01-29,8.69,8.71,7.09,8.98,8.8,9.21,8.98,8.63,22.64,3.93,238,4.53,3.7,0.9,1.1
SELL,66,KEY,2024-01-30,13.18,1382.43,2024-01-09,12.98,8.97,9.11,276.49,267.38,1.49,14,rotation (out of top-N),2024-01-29,12.9,12.41,10.14,13.21,12.81,12.48,13.21,13.04,27.25,1.32,70,5,3.1,1.5,3.2
BUY,78,COHR,2024-02-06,58.85,327.4,,,9.63,,,,,,,2024-02-05,62.31,47.04,40.38,49.41,48.06,44.5,49.41,48.12,54.3,2.61,49,5,5.6,1.5,2.4
BUY,77,DECK,2024-02-06,142.1,135.59,,,9.63,,,,,,,2024-02-05,140.69,124.66,97.71,141.86,132.17,120.3,141.86,136.08,43.99,4.08,532,5,4.9,-0.2,0.3
BUY,79,META,2024-02-06,460.67,41.83,,,9.63,,,,,,,2024-02-05,464.24,392.88,315.68,455.84,411.89,364.12,455.42,440.59,47.06,3.26,357,5,4.5,-0.4,0.8
BUY,80,NVDA,2024-02-06,69.62,276.75,,,9.63,,,,,,,2024-02-05,72.06,58.25,46.17,69.27,63.11,53.9,69.19,67.02,56.06,3.13,385,5,4.9,-0.8,0.9
SELL,73,AMD,2024-02-06,173.09,117.89,2024-01-23,166.45,9.81,10.2,782.79,772.59,3.94,10,rotation (out of top-N),2024-02-05,172.48,156.37,121.56,174.24,171.95,151.99,174.24,169.1,41.89,2.95,336,5,4.1,-0.1,1.0
SELL,76,AXP,2024-02-06,200.1,95.17,2024-01-30,195.69,9.31,9.52,419.71,410.19,2.2,5,rotation (out of top-N),2024-02-05,207.21,186.18,162.8,200.88,194.4,181.42,200.88,198.85,27.28,1.01,63,5,3.0,1.6,3.5
SELL,75,TPR,2024-02-06,38.6,497.71,2024-01-30,37.42,9.31,9.61,587.3,577.69,3.1,5,rotation (out of top-N),2024-02-05,40.02,35.69,33.97,38.48,37.32,35.34,38.37,37.71,17.82,1.71,14,3.56,3.8,3.9,4.8
SELL,74,WDC,2024-02-06,40.1,460.31,2024-01-30,40.46,9.31,9.23,-165.71,-174.94,-0.94,5,rotation (out of top-N),2024-02-05,38.54,36.28,30.33,39.66,39.02,35.92,39.65,39.15,27.08,1.26,252,5,2.2,0.6,2.4
BUY,81,APP,2024-02-13,45.46,419.35,,,9.53,,,,,,,2024-02-12,59.84,45.66,36.64,47.06,45.61,42.24,47.06,45.77,63.32,2.75,280,5,4.8,-1,1.2
BUY,83,CVNA,2024-02-13,10.32,1847.24,,,9.53,,,,,,,2024-02-12,10.5,9.32,7.52,11.06,9.81,9.66,11.06,10.49,39.66,5.13,252,5,5.0,0.0,0.0
BUY,82,PLTR,2024-02-13,23.48,811.9,,,9.53,,,,,,,2024-02-12,24.45,19.52,16.77,25.05,21.41,17.81,25.05,24.0,45.78,4.19,308,5,5.1,-0.3,0.2
SELL,77,DECK,2024-02-13,138.6,135.59,2024-02-06,142.1,9.63,9.4,-474.57,-483.97,-2.51,5,rotation (out of top-N),2024-02-12,143.88,128.15,99.26,140.6,136.86,123.07,140.6,139.14,44.95,1.04,539,5,2.9,-0.2,2.3
SELL,79,META,2024-02-13,452.86,41.83,2024-02-06,460.67,9.63,9.47,-326.65,-336.13,-1.74,5,rotation (out of top-N),2024-02-12,469.6,406.83,321.62,465.36,444.61,380.93,464.93,457.25,46.01,1.65,364,5,3.4,-0.3,1.9
SELL,80,NVDA,2024-02-13,70.37,276.75,2024-02-06,69.62,9.63,9.74,207.57,197.83,1.03,5,rotation (out of top-N),2024-02-12,72.52,60.84,47.28,72.25,68.0,56.79,71.94,70.31,53.39,2.27,392,5,4.2,-0.7,1.5
BUY,86,COIN,2024-02-27,205.37,104.39,,,10.72,,,,,,,2024-02-26,205.85,157.34,105.4,193.96,166.17,144.86,193.96,184.73,95.3,4.76,350,5,6,-1,0.0
BUY,84,FIX,2024-02-27,286.71,74.77,,,10.72,,,,,,,2024-02-26,311.41,243.05,189.23,282.39,253.61,219.65,282.39,270.99,64.57,4.04,574,5,5.7,-1,0.3
BUY,85,HOOD,2024-02-27,15.88,1350.43,,,10.72,,,,,,,2024-02-26,16.6,12.94,10.84,15.58,13.73,11.93,15.58,15.11,53.14,3.03,77,5,5.4,0.1,1.7
BUY,87,NVDA,2024-02-27,79.28,270.41,,,10.72,,,,,,,2024-02-26,82.19,67.39,49.55,79.07,73.92,62.37,78.98,76.26,65.87,3.44,406,5,5.3,-1,0.7
SELL,81,APP,2024-02-27,59.88,419.35,2024-02-13,45.46,9.53,12.56,6046.98,6034.43,31.65,9,rotation (out of top-N),2024-02-26,62.27,50.43,38.4,58.98,54.93,45.4,58.98,57.31,62.15,2.84,294,5,4.9,-1,1.1
SELL,78,COHR,2024-02-27,59.31,327.4,2024-02-06,58.85,9.63,9.71,150.61,140.9,0.73,14,rotation (out of top-N),2024-02-26,63.49,53.33,42.55,58.57,58.66,50.39,58.57,57.5,49.23,1.83,70,5,4.5,0.4,2.6
SELL,68,CRWD,2024-02-27,324.34,67.62,2024-01-09,265.35,8.97,10.97,3989.11,3978.14,22.17,33,rotation (out of top-N),2024-02-26,314.5,295.55,205.79,321.0,315.97,294.18,321.0,314.16,52.82,2.13,280,5,4.1,-0.6,1.6
SELL,82,PLTR,2024-02-27,23.83,811.9,2024-02-13,23.48,9.53,9.67,284.17,274.49,1.44,9,rotation (out of top-N),2024-02-26,24.95,21.02,17.34,23.56,23.28,19.21,23.56,22.98,43.89,2.46,322,5,3.8,-0.2,1.4
BUY,90,AMD,2024-03-05,200.18,121.34,,,12.14,,,,,,,2024-03-04,207.3,176.7,129.42,205.34,186.73,170.44,205.34,199.24,60.18,2.97,364,5,5.0,-1,1.0
BUY,89,COHR,2024-03-05,66.31,366.3,,,12.14,,,,,,,2024-03-04,63.88,55.25,43.17,66.88,60.85,52.74,66.88,64.84,47.98,3.05,77,5,5.1,0.3,1.7
BUY,88,DELL,2024-03-05,116.36,208.74,,,12.14,,,,,,,2024-03-04,112.01,91.52,67.49,117.46,97.2,82.7,117.46,111.06,65.97,5.45,329,5,6,-1,0.0
SELL,84,FIX,2024-03-05,315.58,74.77,2024-02-27,286.71,10.72,11.8,2158.69,2146.89,10.01,5,rotation (out of top-N),2024-03-04,307.77,254.81,193.1,317.75,286.45,232.45,317.75,311.97,59.39,1.82,581,5,4.2,-1.0,1.8
SELL,87,NVDA,2024-03-05,85.22,270.41,2024-02-27,79.28,10.72,11.52,1606.23,1594.71,7.44,5,rotation (out of top-N),2024-03-04,87.45,71.04,50.75,85.19,78.58,66.37,85.09,82.87,72.3,2.61,413,5,4.7,-1,1.3
SELL,69,VRT,2024-03-05,70.28,373.6,2024-01-09,48.03,8.97,13.13,8312.55,8299.42,46.25,38,rotation (out of top-N),2024-03-04,69.19,60.63,41.79,71.51,66.5,58.03,71.5,69.39,65.57,2.95,490,5,5.0,-1,1.0
BUY,91,NVDA,2024-03-12,88.05,267.94,,,11.8,,,,,,,2024-03-11,87.79,74.09,51.98,85.79,84.53,70.79,85.69,80.7,68.89,5.83,420,5,6,-1,0.0
BUY,92,VRT,2024-03-12,68.66,343.61,,,11.8,,,,,,,2024-03-11,73.96,63.06,43.11,66.77,68.4,60.71,66.76,63.96,71.56,4.2,497,5,5.8,-1,0.2
BUY,93,VST,2024-03-12,57.53,410.08,,,11.8,,,,,,,2024-03-11,60.55,49.22,35.22,57.07,55.86,45.59,56.99,54.68,71.9,4.05,364,5,5.7,-1,0.3
SELL,90,AMD,2024-03-12,200.81,121.34,2024-03-05,200.18,12.14,12.18,76.44,64.26,0.26,5,rotation (out of top-N),2024-03-11,191.05,179.31,131.07,198.44,198.79,178.0,198.44,188.22,45.76,5.15,371,5,5.3,-0.3,0.0
SELL,89,COHR,2024-03-12,62.48,366.3,2024-03-05,66.31,12.14,11.44,-1402.92,-1414.36,-5.82,5,rotation (out of top-N),2024-03-11,58.75,55.89,43.66,61.47,62.63,55.49,61.47,58.93,34.55,4.12,84,5,5.1,0.9,0.9
SELL,88,DELL,2024-03-12,112.86,208.74,2024-03-05,116.36,12.14,11.78,-730.6,-742.37,-3.06,5,rotation (out of top-N),2024-03-11,103.19,93.64,68.94,111.73,107.37,87.52,111.73,109.23,49.68,2.24,336,5,4.0,-0.5,1.5
BUY,94,APP,2024-03-19,67.69,373.73,,,12.65,,,,,,,2024-03-18,71.25,57.68,41.56,68.14,63.0,53.63,68.14,66.2,71.44,2.85,315,5,4.9,-1,1.1
SELL,93,VST,2024-03-19,61.67,410.08,2024-03-12,57.53,11.8,12.64,1697.74,1685.09,7.14,5,rotation (out of top-N),2024-03-18,68.2,52.67,36.32,61.43,59.02,48.31,61.34,59.89,87.75,2.37,371,5,4.6,-1,1.4
BUY,95,MU,2024-03-26,118.05,223.95,,,13.22,,,,,,,2024-03-25,117.04,96.49,76.92,116.19,101.9,90.17,116.19,112.19,52.16,3.45,406,5,4.9,-0.6,0.7
BUY,96,VST,2024-03-26,70.75,373.66,,,13.22,,,,,,,2024-03-25,68.71,55.58,37.43,70.26,64.45,51.76,70.16,68.5,83.56,2.36,378,5,4.6,-1,1.4
SELL,94,APP,2024-03-26,72.9,373.73,2024-03-19,67.69,12.65,13.62,1945.28,1931.66,7.64,5,rotation (out of top-N),2024-03-25,69.24,59.78,42.71,72.64,68.19,56.99,72.64,71.14,62.13,2.07,322,5,4.4,-1,1.6
SELL,91,NVDA,2024-03-26,95.8,267.94,2024-03-12,88.05,11.8,12.83,2076.53,2063.69,8.75,10,rotation (out of top-N),2024-03-25,90.23,80.02,54.47,94.98,90.71,78.8,94.74,92.7,65.65,2.16,434,5,4.4,-1,1.6
BUY,97,APP,2024-04-09,78.7,355.45,,,13.99,,,,,,,2024-04-08,75.5,64.87,45.17,78.06,72.37,63.08,78.06,75.6,67.14,3.16,336,5,5.1,-1,0.9
BUY,99,CEG,2024-04-09,190.68,146.7,,,13.99,,,,,,,2024-04-08,189.16,166.32,123.32,189.45,183.88,161.93,189.45,184.33,53.39,2.7,301,5,4.5,-0.7,1.2
BUY,98,DELL,2024-04-09,121.93,229.42,,,13.99,,,,,,,2024-04-08,113.56,105.83,75.5,122.62,118.06,102.59,122.62,118.43,50.41,3.42,364,5,4.8,-0.5,0.7
SELL,83,CVNA,2024-04-09,16.78,1847.24,2024-02-13,10.32,9.53,15.5,11933.17,11917.67,62.52,38,rotation (out of top-N),2024-04-08,15.0,14.9,9.97,16.54,16.82,15.01,16.54,16.11,50.43,2.6,308,5,4.3,-0.5,1.3
SELL,85,HOOD,2024-04-09,18.66,1350.43,2024-02-27,15.88,10.72,12.6,3767.7,3755.09,17.52,29,rotation (out of top-N),2024-04-08,17.98,16.78,12.11,18.57,18.8,16.63,18.57,18.1,48.43,2.54,119,5,4.1,-0.4,1.3
SELL,95,MU,2024-04-09,124.03,223.95,2024-03-26,118.05,13.22,13.89,1339.19,1325.3,5.01,9,rotation (out of top-N),2024-04-08,121.72,104.98,79.97,122.14,119.01,98.31,122.14,118.85,52.2,2.69,420,5,4.4,-0.6,1.2
BUY,101,CVNA,2024-04-16,13.83,2448.53,,,16.93,,,,,,,2024-04-15,14.27,14.79,10.14,13.96,15.86,15.6,13.96,13.34,40.74,4.42,315,5,5.0,-0.0,0.1
BUY,100,HOOD,2024-04-16,17.14,1975.1,,,16.93,,,,,,,2024-04-15,16.64,16.75,12.22,17.21,18.33,17.35,17.21,16.68,36.17,3.14,126,5,3.9,0.2,0.9
SELL,99,CEG,2024-04-16,182.39,146.7,2024-04-09,190.68,13.99,13.38,-1216.18,-1229.56,-4.4,5,rotation (out of top-N),2024-04-15,178.54,168.54,125.45,182.86,185.86,169.36,182.86,179.26,42.32,1.97,308,5,3.4,-0.1,1.7
SELL,71,SMCI,2024-04-16,90.0,455.5,2024-01-23,43.08,9.81,20.5,21371.87,21351.37,108.81,58,rotation (out of top-N),2024-04-15,71.4,84.86,46.99,88.3,93.26,97.44,88.3,85.47,51.95,3.21,728,5,4.7,-0.6,0.9
BUY,104,CEG,2024-04-23,182.52,169.8,,,15.5,,,,,,,2024-04-22,185.93,171.7,127.74,180.78,182.88,175.77,180.78,175.72,45.56,2.8,315,5,4.1,-0.3,1.1
BUY,103,GNRC,2024-04-23,134.16,231.0,,,15.5,,,,,,,2024-04-22,140.1,127.92,116.84,134.21,132.51,122.09,134.21,130.89,19.91,2.47,28,3.98,4.2,3.5,3.9
BUY,102,UAL,2024-04-23,53.17,582.87,,,15.5,,,,,,,2024-04-22,52.82,46.51,43.69,53.94,47.72,44.92,53.94,52.61,20.89,2.46,7,4.18,4.6,3.8,4.2
SELL,86,COIN,2024-04-23,224.77,104.39,2024-02-27,205.37,10.72,11.73,2025.12,2013.39,9.39,39,rotation (out of top-N),2024-04-22,236.45,223.16,139.46,225.88,228.42,238.7,225.88,214.12,69.55,5.2,406,5,6,-1,0.0
SELL,101,CVNA,2024-04-23,14.49,2448.53,2024-04-16,13.83,16.93,17.74,1616.03,1598.29,4.72,5,rotation (out of top-N),2024-04-22,16.88,15.17,10.33,14.29,14.8,15.99,14.29,13.73,63.35,3.95,322,5,5.6,-1,0.4
SELL,100,HOOD,2024-04-23,17.26,1975.1,2024-04-16,17.14,16.93,17.05,227.14,210.09,0.62,5,rotation (out of top-N),2024-04-22,17.89,16.96,12.35,17.2,17.51,17.72,17.2,16.7,44.92,2.89,133,5,4.2,-0.2,1.1
BUY,107,MRNA,2024-04-30,110.45,282.01,,,15.57,,,,,,,2024-04-29,124.93,106.77,97.59,111.6,107.03,104.96,111.6,109.42,28.02,1.95,35,5,4.1,3.0,3.3
BUY,106,RMD,2024-04-30,210.1,148.26,,,15.57,,,,,,,2024-04-29,212.51,191.68,165.97,212.5,190.47,185.51,212.5,202.49,28.04,4.71,77,5,5.1,1.3,0.9
BUY,105,WDC,2024-04-30,47.72,652.76,,,15.57,,,,,,,2024-04-29,48.09,45.35,35.72,47.38,47.33,45.56,47.37,45.56,34.64,3.81,336,5,4.3,0.3,0.5
SELL,104,CEG,2024-04-30,186.19,169.8,2024-04-23,182.52,15.5,15.81,623.15,607.34,1.96,5,rotation (out of top-N),2024-04-29,192.21,175.43,130.2,185.79,184.49,179.29,185.79,182.86,47.63,1.58,322,5,3.4,-0.4,1.9
SELL,103,GNRC,2024-04-30,135.96,231.0,2024-04-23,134.16,15.5,15.7,414.65,398.94,1.29,5,rotation (out of top-N),2024-04-29,133.53,128.94,116.43,137.19,136.02,125.34,137.19,134.45,14.69,2.0,35,2.94,3.5,3.7,4.6
SELL,102,UAL,2024-04-30,52.28,582.87,2024-04-23,53.17,15.5,15.24,-515.84,-531.08,-1.71,5,rotation (out of top-N),2024-04-29,51.65,47.45,43.63,52.95,51.14,45.95,52.95,52.14,18.37,1.52,14,3.67,3.7,3.8,4.9
BUY,109,AES,2024-05-07,17.15,1841.54,,,15.79,,,,,,,2024-05-06,17.96,15.84,15.02,17.04,16.23,15.2,17.04,16.55,19.54,2.9,7,3.91,4.8,3.9,4.0
BUY,110,CEG,2024-05-07,195.42,161.61,,,15.79,,,,,,,2024-05-06,212.1,182.1,132.95,195.05,187.11,180.95,195.05,190.82,59.53,2.17,329,5,4.4,-1.0,1.6
BUY,111,CVNA,2024-05-07,24.78,1274.51,,,15.79,,,,,,,2024-05-06,23.35,18.02,11.08,24.6,19.74,16.7,24.6,23.41,110.77,4.83,336,5,6,-1,0.0
BUY,108,FSLR,2024-05-07,193.62,163.11,,,15.79,,,,,,,2024-05-06,191.2,175.85,163.3,193.89,182.98,170.21,193.89,188.28,17.08,2.89,21,3.42,4.4,3.8,4.0
SELL,98,DELL,2024-05-07,123.97,229.42,2024-04-09,121.93,13.99,14.22,468.02,453.8,1.62,20,rotation (out of top-N),2024-05-06,128.52,114.58,82.43,125.25,119.99,114.59,125.25,122.45,55.92,2.23,392,5,4.3,-0.8,1.5
SELL,107,MRNA,2024-05-07,123.02,282.01,2024-04-30,110.45,15.57,17.35,3542.05,3524.71,11.32,5,rotation (out of top-N),2024-05-06,117.3,108.68,97.81,122.11,115.41,107.52,122.11,118.73,19.92,2.77,42,3.98,4.1,3.3,3.5
SELL,106,RMD,2024-05-07,211.76,148.26,2024-04-30,210.1,15.57,15.7,246.11,230.41,0.74,5,rotation (out of top-N),2024-05-06,210.1,195.03,166.87,212.45,204.14,189.36,212.45,210.11,25.9,1.1,84,5,2.6,1.3,3.3
SELL,105,WDC,2024-05-07,48.84,652.76,2024-04-30,47.72,15.57,15.94,731.09,715.15,2.3,5,rotation (out of top-N),2024-05-06,48.56,45.94,36.19,49.25,47.9,46.15,49.24,48.2,34.17,2.12,343,5,3.1,0.3,1.6
BUY,114,MRNA,2024-05-14,127.42,259.68,,,16.54,,,,,,,2024-05-13,132.91,113.09,98.6,125.73,119.55,109.33,125.73,120.6,34.8,4.08,49,5,5.6,2.4,1.5
BUY,112,MTD,2024-05-14,1467.27,22.55,,,16.54,,,,,,,2024-05-13,1521.49,1340.58,1189.76,1461.68,1329.42,1285.24,1461.68,1404.87,27.88,3.89,77,5,4.7,1.3,1.3
BUY,113,NRG,2024-05-14,79.87,414.27,,,16.54,,,,,,,2024-05-13,79.9,70.87,51.13,80.05,75.91,69.92,80.05,78.05,56.25,2.49,315,5,4.5,-0.8,1.3
SELL,109,AES,2024-05-14,18.13,1841.54,2024-05-07,17.15,15.79,16.69,1804.71,1788.02,5.66,5,rotation (out of top-N),2024-05-13,19.18,16.45,15.08,18.0,17.21,15.66,18.0,17.69,27.2,1.71,14,5,4.3,3.4,3.9
SELL,110,CEG,2024-05-14,210.53,161.61,2024-05-07,195.42,15.79,17.01,2441.97,2424.96,7.68,5,rotation (out of top-N),2024-05-13,210.21,187.21,135.59,210.63,200.92,186.33,210.63,205.78,55.03,2.3,336,5,4.3,-0.8,1.5
SELL,108,FSLR,2024-05-14,195.5,163.11,2024-05-07,193.62,15.79,15.94,305.83,289.89,0.92,5,rotation (out of top-N),2024-05-13,197.59,179.8,163.12,189.66,188.43,174.8,189.66,185.07,21.13,2.42,28,4.23,4.2,3.5,3.8
BUY,117,DELL,2024-05-21,140.38,229.84,,,16.13,,,,,,,2024-05-20,155.16,126.44,87.26,140.66,134.95,121.35,140.66,136.46,77.81,2.99,406,5,5.0,-1,1.0
BUY,116,FSLR,2024-05-21,198.32,162.69,,,16.13,,,,,,,2024-05-20,276.86,197.45,165.49,196.34,192.23,180.14,196.34,192.95,67.3,1.73,35,5,5.6,1.4,3.3
BUY,115,HOOD,2024-05-21,21.02,1535.31,,,16.13,,,,,,,2024-05-20,20.52,18.08,13.09,20.82,18.58,18.08,20.82,19.79,56.67,4.95,161,5,5.8,-0.8,0.0
SELL,97,APP,2024-05-21,84.44,355.45,2024-04-09,78.7,13.99,15.01,2040.26,2025.25,7.24,30,rotation (out of top-N),2024-05-20,82.17,75.15,51.94,84.54,81.98,74.79,84.54,82.92,58.19,1.92,378,5,4.2,-0.9,1.7
SELL,112,MTD,2024-05-21,1495.59,22.55,2024-05-14,1467.27,16.54,16.86,638.52,621.66,1.88,5,rotation (out of top-N),2024-05-20,1480.5,1366.02,1197.18,1517.7,1449.55,1310.79,1517.7,1502.75,23.67,0.99,84,4.73,2.4,1.4,3.6
SELL,113,NRG,2024-05-21,79.9,414.27,2024-05-14,79.87,16.54,16.55,12.43,-4.12,-0.01,5,rotation (out of top-N),2024-05-20,83.52,73.17,52.36,79.07,78.55,71.91,79.07,77.5,59.52,1.98,322,5,4.3,-1.0,1.7
BUY,118,COIN,2024-06-04,232.11,127.04,,,14.74,,,,,,,2024-06-03,243.87,225.77,160.73,231.33,229.04,224.55,231.33,220.42,51.73,4.72,448,5,5.6,-0.6,0.0
SELL,117,DELL,2024-06-04,128.21,229.84,2024-05-21,140.38,16.13,14.73,-2797.11,-2811.85,-8.71,9,rotation (out of top-N),2024-06-03,125.61,127.63,90.82,127.95,146.06,129.11,127.95,115.72,38.31,9.56,420,5,4.9,0.1,0.0
BUY,119,NVDA,2024-06-11,121.72,284.59,,,17.32,,,,,,,2024-06-10,131.91,104.5,69.21,121.86,115.71,95.92,121.72,118.44,90.59,2.7,511,5,4.8,-1,1.2
BUY,120,TPL,2024-06-11,231.58,149.58,,,17.32,,,,,,,2024-06-10,243.86,201.51,184.16,235.95,201.74,194.33,235.95,226.33,32.42,4.08,63,5,5.3,1.3,1.2
SELL,114,MRNA,2024-06-11,147.12,259.68,2024-05-14,127.42,16.54,19.1,5115.61,5096.51,15.4,19,rotation (out of top-N),2024-06-10,140.0,132.54,102.76,148.6,149.63,129.1,148.6,143.95,36.24,3.13,77,5,4.6,0.9,1.6
SELL,92,VRT,2024-06-11,90.6,343.61,2024-03-12,68.66,11.8,15.57,7538.72,7523.16,31.89,63,rotation (out of top-N),2024-06-10,91.24,90.43,62.5,91.1,93.98,92.99,91.08,88.04,45.98,3.34,588,5,4.5,-0.3,0.8
BUY,121,DELL,2024-06-18,139.22,242.84,,,16.9,,,,,,,2024-06-17,140.44,130.41,94.26,137.54,133.06,132.55,137.54,132.94,48.99,3.34,434,5,4.7,-0.4,0.8
BUY,122,SMCI,2024-06-18,89.5,377.74,,,16.9,,,,,,,2024-06-17,90.49,84.25,59.43,88.68,82.59,82.25,88.68,84.5,52.27,4.72,791,5,5.6,-0.6,0.0
SELL,118,COIN,2024-06-18,238.36,127.04,2024-06-04,232.11,14.74,15.14,793.97,778.83,2.64,10,rotation (out of top-N),2024-06-17,225.99,228.58,168.38,244.99,245.01,227.99,244.99,236.23,34.21,3.58,462,5,4.1,0.3,0.6
SELL,120,TPL,2024-06-18,249.82,149.58,2024-06-11,231.58,17.32,18.68,2728.35,2709.66,7.82,5,rotation (out of top-N),2024-06-17,245.6,209.52,185.51,247.85,230.97,201.65,247.85,243.15,32.39,1.9,70,5,3.7,1.2,2.6
BUY,123,COIN,2024-06-25,216.9,149.29,,,16.19,,,,,,,2024-06-24,222.16,227.41,172.17,212.25,234.1,227.96,212.25,202.6,29.04,4.55,469,5,4.5,0.5,0.1
SELL,96,VST,2024-06-25,86.65,373.66,2024-03-26,70.75,13.22,16.19,5941.26,5925.07,22.41,62,rotation (out of top-N),2024-06-24,85.12,84.35,55.18,87.28,87.31,88.62,87.16,84.34,54.26,3.23,469,5,4.9,-0.7,0.8
BUY,124,APP,2024-07-02,84.16,400.43,,,16.85,,,,,,,2024-07-01,86.8,80.09,58.04,84.8,81.41,81.02,84.8,82.71,49.55,2.47,420,5,4.1,-0.5,1.4
BUY,125,LITE,2024-07-02,51.52,654.14,,,16.85,,,,,,,2024-07-01,55.34,48.61,46.92,51.49,49.29,46.13,51.49,50.33,17.97,2.26,7,3.59,4.3,4.0,4.6
SELL,123,COIN,2024-07-02,230.72,149.29,2024-06-25,216.9,16.19,17.22,2063.88,2046.66,6.32,5,rotation (out of top-N),2024-07-01,223.53,226.71,175.88,233.35,228.03,228.42,233.35,225.51,27.09,3.36,476,5,3.6,0.6,1.1
SELL,121,DELL,2024-07-02,135.91,242.84,2024-06-18,139.22,16.9,16.5,-803.79,-820.29,-2.43,9,rotation (out of top-N),2024-07-01,134.49,131.61,97.64,138.26,135.9,136.86,138.26,134.22,37.74,2.92,448,5,3.8,0.1,1.1
BUY,126,TSLA,2024-07-09,251.1,144.59,,,18.15,,,,,,,2024-07-08,248.32,204.0,202.43,252.88,222.89,186.89,252.88,245.27,22.67,3.01,0,4.53,5.1,3.9,3.7
SELL,116,FSLR,2024-07-09,223.18,162.69,2024-05-21,198.32,16.13,18.15,4044.45,4026.29,12.48,32,rotation (out of top-N),2024-07-08,233.08,232.0,179.45,227.05,235.1,245.86,227.05,220.22,29.89,3.01,84,5,4.1,1.1,1.6
BUY,127,UNH,2024-07-16,511.91,69.61,,,17.82,,,,,,,2024-07-15,543.51,490.37,488.06,495.4,481.93,478.46,492.59,484.31,11.36,1.68,0,2.27,3.7,4.4,5.7
SELL,124,APP,2024-07-16,89.03,400.43,2024-07-02,84.16,16.85,17.83,1952.09,1934.26,5.74,9,rotation (out of top-N),2024-07-15,81.81,81.11,60.23,87.96,84.6,81.98,87.96,86.04,35.82,2.18,434,5,3.2,0.2,1.5
BUY,129,COIN,2024-07-23,263.0,130.21,,,17.12,,,,,,,2024-07-22,243.0,233.23,188.18,265.12,242.83,235.17,265.12,255.38,29.13,3.68,497,5,3.9,0.5,0.6
BUY,130,PLTR,2024-07-23,28.49,1201.98,,,17.12,,,,,,,2024-07-22,27.18,25.69,21.62,28.45,28.07,24.93,28.45,27.48,25.72,3.4,469,5,3.6,0.7,1.2
BUY,128,SWKS,2024-07-23,108.62,315.27,,,17.12,,,,,,,2024-07-22,107.71,99.27,93.84,109.72,106.03,95.82,109.72,107.62,14.78,1.92,28,2.96,3.6,3.8,4.8
SELL,125,LITE,2024-07-23,54.99,654.14,2024-07-02,51.52,16.85,17.99,2273.13,2255.15,6.69,14,rotation (out of top-N),2024-07-22,51.83,51.41,48.03,55.47,55.95,50.19,55.47,54.45,7.91,1.84,28,1.58,3.2,4.1,5.5
SELL,122,SMCI,2024-07-23,77.97,377.74,2024-06-18,89.5,16.9,14.73,-4355.34,-4370.07,-12.93,23,rotation (out of top-N),2024-07-22,71.25,81.85,66.3,78.67,83.53,84.11,78.67,76.14,7.46,3.21,826,1.49,2.5,1.6,3.1
SELL,127,UNH,2024-07-23,537.22,69.61,2024-07-16,511.91,17.82,18.7,1761.76,1743.06,4.89,5,rotation (out of top-N),2024-07-22,547.56,500.77,489.23,537.12,519.15,483.59,534.07,527.46,11.92,1.24,7,2.38,3.3,4.3,5.9
BUY,131,BKR,2024-07-30,36.99,875.84,,,16.2,,,,,,,2024-07-29,34.34,33.38,31.33,36.99,34.87,32.72,36.99,36.13,9.61,2.32,35,1.92,3.4,3.9,4.9
BUY,134,CCI,2024-07-30,99.02,327.18,,,16.2,,,,,,,2024-07-29,105.11,94.83,93.78,98.65,95.97,91.33,97.51,96.34,12.08,1.2,0,2.42,3.4,4.4,6.0
BUY,135,MMM,2024-07-30,121.25,267.19,,,16.2,,,,,,,2024-07-29,120.42,104.95,85.62,120.35,106.77,99.1,120.35,114.37,40.65,4.97,140,5,5.0,-0.0,0.0
BUY,133,RVTY,2024-07-30,124.32,260.6,,,16.2,,,,,,,2024-07-29,122.68,110.79,103.64,125.11,113.28,108.19,125.11,121.32,18.37,3.03,77,3.67,3.7,1.8,2.9
BUY,132,UNH,2024-07-30,545.07,59.44,,,16.2,,,,,,,2024-07-29,567.05,512.82,490.94,544.81,533.35,491.42,541.72,532.89,15.5,1.63,14,3.1,3.6,4.0,5.1
SELL,129,COIN,2024-07-30,234.72,130.21,2024-07-23,263.0,17.12,15.28,-3682.24,-3697.52,-10.8,5,rotation (out of top-N),2024-07-29,204.47,228.0,191.52,234.31,241.39,236.13,234.31,222.25,6.76,5.14,504,1.35,3.3,1.7,2.3
SELL,115,HOOD,2024-07-30,21.27,1535.31,2024-05-21,21.02,16.13,16.33,391.5,375.18,1.16,47,rotation (out of top-N),2024-07-29,17.88,20.91,16.05,21.17,22.1,22.43,21.17,20.51,11.4,3.11,231,2.28,2.6,1.4,2.8
SELL,119,NVDA,2024-07-30,111.48,284.59,2024-06-11,121.72,17.32,15.86,-2914.16,-2930.03,-8.46,33,rotation (out of top-N),2024-07-29,107.29,114.61,82.76,111.58,117.53,123.41,111.04,108.09,29.65,2.66,560,5,3.3,0.5,1.3
SELL,130,PLTR,2024-07-30,27.25,1201.98,2024-07-23,28.49,17.12,16.37,-1496.46,-1512.83,-4.42,5,rotation (out of top-N),2024-07-29,24.73,25.51,21.86,27.09,27.49,25.7,27.09,26.4,13.14,2.54,476,2.63,2.4,1.3,3.0
SELL,128,SWKS,2024-07-30,109.13,315.27,2024-07-23,108.62,17.12,17.2,160.79,143.58,0.42,5,rotation (out of top-N),2024-07-29,97.03,98.86,94.26,108.74,106.73,98.65,108.74,106.46,2.93,2.1,35,0.59,3.0,4.3,5.7
BUY,137,AAPL,2024-08-06,203.62,152.32,,,15.51,,,,,,,2024-08-05,214.3,211.88,189.99,207.43,216.68,216.35,208.61,198.4,12.8,4.89,70,2.56,4.5,2.2,2.6
BUY,138,DASH,2024-08-06,123.06,252.04,,,15.51,,,,,,,2024-08-05,123.8,113.74,113.52,121.34,110.8,109.1,121.34,114.64,9.05,5.53,0,1.81,5.5,4.5,4.1
BUY,140,PLTR,2024-08-06,27.02,1147.69,,,15.51,,,,,,,2024-08-05,30.02,26.33,22.14,24.1,26.14,26.1,28.69,26.35,35.62,8.15,483,5,4.8,0.2,0.0
BUY,141,PYPL,2024-08-06,60.31,514.28,,,15.51,,,,,,,2024-08-05,64.38,61.17,61.15,60.2,61.27,60.29,60.0,57.75,5.28,3.75,0,1.06,4.8,4.7,5.0
BUY,139,SWK,2024-08-06,88.83,349.16,,,15.51,,,,,,,2024-08-05,88.04,83.77,83.28,88.89,89.76,80.81,87.95,84.87,5.72,3.5,0,1.14,4.6,4.7,5.1
BUY,136,WAT,2024-08-06,331.1,93.68,,,15.51,,,,,,,2024-08-05,332.6,317.29,316.3,328.15,327.78,302.72,328.15,316.78,5.15,3.46,0,1.03,4.6,4.7,5.2
SELL,131,BKR,2024-08-06,33.01,875.84,2024-07-30,36.99,16.2,14.46,-3485.83,-3500.28,-10.8,5,rotation (out of top-N),2024-08-05,33.91,33.48,31.34,33.18,35.03,33.3,33.18,32.13,8.19,3.16,42,1.64,3.8,3.9,4.4
SELL,134,CCI,2024-08-06,100.68,327.18,2024-07-30,99.02,16.2,16.47,543.12,526.65,1.63,5,rotation (out of top-N),2024-08-05,100.91,95.93,94.15,101.08,99.81,92.51,99.91,97.73,7.18,2.18,7,1.44,3.7,4.5,5.7
SELL,135,MMM,2024-08-06,118.68,267.19,2024-07-30,121.25,16.2,15.86,-686.69,-702.54,-2.17,5,rotation (out of top-N),2024-08-05,119.37,107.57,86.86,119.84,115.79,102.34,119.84,116.83,37.42,2.51,147,5,3.5,0.1,1.3
SELL,133,RVTY,2024-08-06,119.64,260.6,2024-07-30,124.32,16.2,15.59,-1219.59,-1235.17,-3.81,5,rotation (out of top-N),2024-08-05,118.4,112.17,104.41,119.62,119.43,110.03,119.62,116.36,13.4,2.73,84,2.68,3.1,1.9,3.4
SELL,126,TSLA,2024-08-06,201.12,144.59,2024-07-09,251.1,18.15,14.54,-7226.56,-7241.1,-19.94,20,rotation (out of top-N),2024-08-05,199.99,209.25,201.84,198.96,220.28,216.88,198.96,187.05,-0.92,5.99,28,-0.18,4.5,4.6,4.6
SELL,132,UNH,2024-08-06,544.83,59.44,2024-07-30,545.07,16.2,16.19,-14.26,-30.46,-0.09,5,rotation (out of top-N),2024-08-05,537.06,517.23,491.76,548.1,546.84,500.84,544.99,533.49,9.21,2.11,21,1.84,3.5,4.2,5.3
BUY,144,CHTR,2024-08-13,352.92,89.46,,,15.79,,,,,,,2024-08-12,353.32,333.39,320.63,350.8,358.37,321.73,350.8,344.65,10.2,1.75,7,2.04,3.6,4.4,5.7
BUY,142,FTNT,2024-08-13,70.28,449.2,,,15.79,,,,,,,2024-08-12,74.73,63.53,62.28,70.39,63.97,59.81,70.39,69.07,19.99,1.87,0,4.0,4.2,4.0,4.8
BUY,143,KEY,2024-08-13,14.65,2155.09,,,15.79,,,,,,,2024-08-12,15.12,13.91,13.12,14.59,13.74,13.52,14.59,13.98,15.22,4.16,266,3.04,3.5,1.2,1.7
SELL,137,AAPL,2024-08-13,217.55,152.32,2024-08-06,203.62,15.51,16.57,2121.87,2105.3,6.79,5,rotation (out of top-N),2024-08-12,224.38,214.15,190.99,215.98,213.79,217.34,215.98,212.99,17.48,1.39,77,3.5,2.5,1.8,4.0
SELL,139,SWK,2024-08-13,87.13,349.16,2024-08-06,88.83,15.51,15.21,-593.58,-608.79,-1.96,5,rotation (out of top-N),2024-08-12,90.42,84.98,83.62,86.36,88.28,81.98,85.45,84.23,8.14,1.43,7,1.63,3.2,4.5,6.1
SELL,136,WAT,2024-08-13,332.61,93.68,2024-08-06,331.1,15.51,15.58,140.98,125.4,0.4,5,rotation (out of top-N),2024-08-12,339.79,321.38,318.4,333.23,329.74,306.49,333.23,329.55,6.72,1.1,7,1.34,3.0,4.5,6.5
BUY,145,APP,2024-08-20,85.25,376.28,,,16.04,,,,,,,2024-08-19,90.25,81.57,65.34,85.79,80.96,80.32,85.79,83.74,38.13,2.39,469,5,3.5,0.1,1.4
BUY,146,UBER,2024-08-20,74.12,432.81,,,16.04,,,,,,,2024-08-19,74.33,69.31,68.81,74.2,70.22,68.67,74.2,73.05,8.02,1.55,0,1.6,3.4,4.6,6.2
SELL,144,CHTR,2024-08-20,351.44,89.46,2024-08-13,352.92,15.79,15.72,-131.95,-147.67,-0.47,5,rotation (out of top-N),2024-08-19,348.7,336.18,319.16,355.18,355.39,330.58,355.18,351.15,9.26,1.14,14,1.85,3.0,4.3,6.1
SELL,143,KEY,2024-08-20,15.19,2155.09,2024-08-13,14.65,15.79,16.37,1163.75,1147.38,3.63,5,rotation (out of top-N),2024-08-19,15.76,14.25,13.24,15.27,14.44,13.81,15.27,15.05,18.99,1.43,273,3.8,1.9,1.1,3.1
BUY,148,CIEN,2024-08-27,56.1,591.19,,,16.58,,,,,,,2024-08-26,57.65,52.04,49.69,56.83,54.06,50.17,56.83,55.77,16.02,1.87,14,3.2,3.8,4.0,4.9
BUY,147,LITE,2024-08-27,55.24,600.39,,,16.58,,,,,,,2024-08-26,57.61,52.37,49.26,56.44,53.82,52.06,56.44,54.79,16.96,2.93,63,3.39,3.8,2.1,3.3
SELL,140,PLTR,2024-08-27,30.5,1147.69,2024-08-06,27.02,15.51,17.5,3988.21,3970.71,12.8,15,rotation (out of top-N),2024-08-26,31.48,28.77,23.03,30.85,31.17,28.44,30.85,30.14,36.68,2.29,504,5,3.4,0.2,1.5
SELL,146,UBER,2024-08-27,72.46,432.81,2024-08-20,74.12,16.04,15.68,-718.46,-734.14,-2.29,5,rotation (out of top-N),2024-08-26,73.05,69.99,69.25,72.64,72.22,68.95,72.64,71.34,5.48,1.79,7,1.1,3.4,4.6,6.1
BUY,150,COHR,2024-09-10,70.56,446.12,,,15.74,,,,,,,2024-09-09,77.96,72.47,60.73,70.81,73.62,71.44,70.81,68.53,28.38,3.22,266,5,3.6,0.6,1.0
BUY,152,KVUE,2024-09-10,21.54,1461.37,,,15.74,,,,,,,2024-09-09,21.76,19.71,18.36,21.59,20.78,18.87,21.59,21.27,18.49,1.48,21,3.7,3.6,3.7,4.8
BUY,151,PLTR,2024-09-10,34.9,901.95,,,15.74,,,,,,,2024-09-09,35.59,30.25,23.73,34.59,31.39,29.34,34.59,33.19,49.99,4.05,518,5,5.2,-0.5,0.3
BUY,149,UAL,2024-09-10,48.89,643.85,,,15.74,,,,,,,2024-09-09,50.23,45.89,45.87,48.76,44.75,43.67,48.76,47.18,9.51,3.25,0,1.9,4.6,4.5,4.9
SELL,148,CIEN,2024-09-10,51.47,591.19,2024-08-27,56.1,16.58,15.21,-2737.2,-2752.41,-8.3,9,rotation (out of top-N),2024-09-09,56.18,52.66,50.1,51.48,53.77,51.82,51.48,50.46,12.15,1.97,28,2.43,3.5,3.9,5.0
SELL,138,DASH,2024-09-10,124.32,252.04,2024-08-06,123.06,15.51,15.67,317.57,301.91,0.97,24,rotation (out of top-N),2024-09-09,131.32,122.95,117.73,124.67,125.89,118.81,124.67,122.39,11.54,1.83,35,2.31,3.2,3.8,5.0
SELL,142,FTNT,2024-09-10,75.25,449.2,2024-08-13,70.28,15.79,16.9,2230.28,2213.38,7.01,19,rotation (out of top-N),2024-09-09,75.01,70.06,64.59,75.09,75.45,67.15,75.09,74.15,16.14,1.25,28,3.23,3.2,3.7,5.1
SELL,147,LITE,2024-09-10,50.7,600.39,2024-08-27,55.24,16.58,15.22,-2725.78,-2741.0,-8.26,9,rotation (out of top-N),2024-09-09,55.78,52.95,49.75,51.2,54.0,51.94,51.2,49.73,12.13,2.88,77,2.43,3.2,2.1,3.6
BUY,155,CCL,2024-09-17,17.81,1908.02,,,16.99,,,,,,,2024-09-16,18.79,16.66,16.07,17.64,16.56,15.98,17.64,17.29,16.96,1.97,7,3.39,4.0,4.0,4.9
BUY,154,NCLH,2024-09-17,19.98,1700.37,,,16.99,,,,,,,2024-09-16,20.89,18.24,17.94,19.87,18.46,17.33,19.87,19.46,16.4,2.07,0,3.28,4.2,4.2,5.0
BUY,153,ORCL,2024-09-17,167.14,203.31,,,16.99,,,,,,,2024-09-16,164.86,144.19,123.5,167.29,151.62,137.57,167.29,161.14,33.49,3.68,189,5,4.1,0.3,0.5
BUY,156,VST,2024-09-17,89.52,379.6,,,16.99,,,,,,,2024-09-16,106.77,85.27,69.8,88.45,80.73,77.61,88.33,85.71,52.96,2.97,553,5,4.6,-0.6,1.0
SELL,150,COHR,2024-09-17,75.66,446.12,2024-09-10,70.56,15.74,16.88,2275.19,2258.31,7.17,5,rotation (out of top-N),2024-09-16,87.07,75.12,61.81,75.3,74.8,71.27,75.3,73.29,40.88,2.67,273,5,3.8,-0.0,1.2
SELL,152,KVUE,2024-09-17,21.85,1461.37,2024-09-10,21.54,15.74,15.97,453.02,437.06,1.39,5,rotation (out of top-N),2024-09-16,21.41,20.02,18.43,21.76,21.31,19.46,21.76,21.5,16.2,1.2,28,3.24,3.1,3.7,5.1
SELL,141,PYPL,2024-09-17,71.67,514.28,2024-08-06,60.31,15.51,18.43,5842.22,5823.79,18.78,29,rotation (out of top-N),2024-09-16,76.36,68.44,63.17,70.69,69.99,66.54,70.46,69.56,20.89,1.28,42,4.18,3.2,3.3,4.4
SELL,149,UAL,2024-09-17,51.97,643.85,2024-09-10,48.89,15.74,16.73,1979.84,1963.12,6.24,5,rotation (out of top-N),2024-09-16,52.17,47.03,46.08,51.34,48.04,44.06,51.34,50.36,13.21,1.91,7,2.64,3.8,4.2,5.3
BUY,158,CEG,2024-09-24,251.52,136.66,,,17.19,,,,,,,2024-09-23,254.36,210.21,178.89,254.51,213.39,188.68,254.51,236.58,42.19,7.04,469,5,5.1,-0.1,0.0
BUY,159,CIEN,2024-09-24,61.36,560.18,,,17.19,,,,,,,2024-09-23,61.81,55.23,50.92,61.67,57.23,53.4,61.67,60.28,21.39,2.26,42,4.28,3.9,3.2,3.7
BUY,157,UAL,2024-09-24,52.55,654.1,,,17.19,,,,,,,2024-09-23,57.96,49.02,46.47,52.34,50.85,44.71,52.34,51.56,24.73,1.49,14,4.95,4.0,3.5,4.3
SELL,155,CCL,2024-09-24,18.79,1908.02,2024-09-17,17.81,16.99,17.93,1869.86,1851.93,5.45,5,rotation (out of top-N),2024-09-23,18.34,16.96,16.06,18.77,17.8,16.06,18.77,18.43,14.22,1.82,14,2.84,3.7,4.1,5.1
SELL,153,ORCL,2024-09-24,162.76,203.31,2024-09-17,167.14,16.99,16.55,-890.51,-907.06,-2.67,5,rotation (out of top-N),2024-09-23,165.58,148.08,125.06,162.85,159.22,140.86,162.85,161.08,32.4,1.08,196,5,2.3,0.4,2.3
SELL,151,PLTR,2024-09-24,37.93,901.95,2024-09-10,34.9,15.74,17.11,2732.9,2715.79,8.63,10,rotation (out of top-N),2024-09-23,36.85,32.48,24.69,37.93,35.96,31.36,37.93,37.18,49.25,1.98,532,5,3.8,-0.5,1.7
BUY,161,CCL,2024-10-01,18.5,1931.1,,,17.86,,,,,,,2024-09-30,17.82,17.12,16.04,18.28,18.11,16.33,18.28,17.53,11.08,4.12,21,2.22,4.9,4.1,3.8
BUY,160,COHR,2024-10-01,91.48,390.51,,,17.86,,,,,,,2024-09-30,95.34,80.98,64.23,88.85,86.91,75.98,88.85,86.21,48.43,2.97,287,5,4.4,-0.4,1.0
SELL,159,CIEN,2024-10-01,61.11,560.18,2024-09-24,61.36,17.19,17.12,-140.05,-157.16,-0.46,5,rotation (out of top-N),2024-09-30,66.69,57.31,51.46,61.61,60.03,54.75,61.61,60.78,29.58,1.35,49,5,3.6,2.7,3.3
SELL,157,UAL,2024-10-01,56.93,654.1,2024-09-24,52.55,17.19,18.62,2864.95,2846.33,8.28,5,rotation (out of top-N),2024-09-30,59.22,50.87,46.92,57.06,54.56,46.22,57.06,55.91,26.22,2.01,21,5,4.3,3.3,3.7
BUY,162,UAL,2024-10-08,59.68,630.21,,,18.81,,,,,,,2024-10-07,61.83,52.86,47.42,59.17,56.46,48.41,59.17,57.14,30.39,3.43,28,5,5.3,3.0,2.2
SELL,158,CEG,2024-10-08,275.23,136.66,2024-09-24,251.52,17.19,18.81,3240.22,3221.42,9.37,10,rotation (out of top-N),2024-10-07,263.48,230.67,186.8,275.67,261.22,210.51,275.67,268.78,41.05,2.5,483,5,3.7,-0.1,1.3
BUY,163,HOOD,2024-10-15,27.14,1472.59,,,19.98,,,,,,,2024-10-14,26.83,23.31,19.23,27.01,24.91,21.98,27.01,26.08,39.55,3.43,308,5,4.3,0.0,0.7
BUY,164,PLTR,2024-10-15,43.48,919.01,,,19.98,,,,,,,2024-10-14,42.96,36.94,26.6,43.41,41.25,35.63,43.41,42.33,61.48,2.5,553,5,4.7,-1,1.3
SELL,161,CCL,2024-10-15,20.63,1931.1,2024-10-01,18.5,17.86,19.92,4113.25,4093.33,11.46,10,rotation (out of top-N),2024-10-14,21.09,18.3,16.23,19.99,19.14,17.35,19.99,19.69,29.97,1.52,35,5,3.9,2.9,3.4
SELL,160,COHR,2024-10-15,102.79,390.51,2024-10-01,91.48,17.86,20.07,4414.66,4394.59,12.3,10,rotation (out of top-N),2024-10-14,98.23,87.64,67.23,102.51,97.49,84.04,102.51,99.87,46.11,2.57,301,5,4.0,-0.3,1.3
BUY,165,COHR,2024-10-22,94.95,421.74,,,20.02,,,,,,,2024-10-21,95.73,89.11,68.47,98.46,98.95,86.71,98.46,95.97,39.82,2.52,308,5,3.7,0.0,1.3
BUY,166,TPL,2024-10-22,360.62,111.04,,,20.02,,,,,,,2024-10-21,362.04,316.55,232.56,350.54,341.51,301.69,350.54,342.07,55.68,2.42,196,5,4.4,-0.8,1.4
SELL,163,HOOD,2024-10-22,26.99,1472.59,2024-10-15,27.14,19.98,19.87,-213.53,-233.4,-0.58,5,rotation (out of top-N),2024-10-21,27.04,23.99,19.63,26.96,26.1,22.8,26.96,26.32,37.72,2.37,315,5,3.5,0.1,1.4
SELL,154,NCLH,2024-10-22,23.75,1700.37,2024-09-17,19.98,16.99,20.19,6401.88,6381.68,18.78,25,rotation (out of top-N),2024-10-21,23.15,21.03,18.4,23.72,23.25,20.24,23.72,23.41,25.8,1.31,35,5,3.6,3.1,4.0
BUY,169,CCL,2024-10-29,21.26,2026.92,,,21.55,,,,,,,2024-10-28,21.67,19.27,16.47,21.69,20.82,18.62,21.69,21.19,31.61,2.31,49,5,4.3,2.6,2.6
BUY,167,DAL,2024-10-29,53.9,799.49,,,21.55,,,,,,,2024-10-28,57.4,50.26,45.6,54.44,53.36,48.33,54.44,53.37,25.86,1.97,35,5,4.0,3.1,3.5
BUY,168,NCLH,2024-10-29,23.47,1836.06,,,21.55,,,,,,,2024-10-28,24.88,21.73,18.59,23.8,23.4,20.95,23.8,23.19,33.8,2.56,42,5,4.7,2.6,2.6
SELL,165,COHR,2024-10-29,96.62,421.74,2024-10-22,94.95,20.02,20.37,704.31,683.93,1.71,5,rotation (out of top-N),2024-10-28,92.23,89.68,69.59,96.37,97.43,88.95,96.37,94.62,32.53,1.81,315,5,2.8,0.4,1.8
SELL,164,PLTR,2024-10-29,44.87,919.01,2024-10-15,43.48,19.98,20.62,1277.43,1256.81,3.15,10,rotation (out of top-N),2024-10-28,41.93,39.03,27.95,44.98,43.3,38.52,44.98,44.39,50.04,1.31,567,5,3.4,-0.5,2.1
SELL,156,VST,2024-10-29,124.82,379.6,2024-09-17,89.52,16.99,23.69,13399.89,13376.19,39.36,30,rotation (out of top-N),2024-10-28,118.51,112.6,82.77,126.8,125.87,109.77,126.62,123.7,43.18,2.3,595,5,3.7,-0.2,1.5
BUY,172,CHTR,2024-11-05,376.18,118.56,,,22.3,,,,,,,2024-11-04,393.66,347.89,309.56,375.58,343.25,331.22,375.58,357.37,27.17,4.85,91,5,4.8,1.1,0.8
BUY,170,PLTR,2024-11-05,47.8,933.09,,,22.3,,,,,,,2024-11-04,58.44,42.56,28.98,41.45,42.73,39.95,46.91,45.23,101.65,3.58,574,5,5.4,-1,0.6
BUY,171,VST,2024-11-05,115.49,386.19,,,22.3,,,,,,,2024-11-04,140.69,117.71,85.19,114.74,122.21,115.59,114.58,109.98,65.15,4.01,602,5,5.7,-1,0.3
SELL,169,CCL,2024-11-05,21.72,2026.92,2024-10-29,21.26,21.55,22.01,932.39,910.37,2.11,5,rotation (out of top-N),2024-11-04,23.82,20.09,16.65,21.68,21.41,19.36,21.68,21.25,43.02,2.0,56,5,4.6,1.9,2.7
SELL,167,DAL,2024-11-05,56.18,799.49,2024-10-29,53.9,21.55,22.46,1822.83,1800.38,4.18,5,rotation (out of top-N),2024-11-04,60.01,52.03,46.13,55.92,55.43,50.2,55.92,54.79,30.08,2.02,42,5,4.1,2.8,3.0
SELL,166,TPL,2024-11-05,404.65,111.04,2024-10-22,360.62,20.02,22.47,4889.23,4866.76,12.15,10,rotation (out of top-N),2024-11-04,454.53,352.07,245.67,398.3,373.31,325.62,398.3,388.46,85.02,2.47,210,5,4.6,-1,1.4
BUY,175,AXON,2024-11-12,608.72,88.98,,,27.08,,,,,,,2024-11-11,599.38,471.43,345.73,616.22,499.96,432.6,616.22,576.4,73.37,6.46,441,5,6,-1,0.0
BUY,174,COIN,2024-11-12,310.3,174.55,,,27.08,,,,,,,2024-11-11,305.85,224.05,217.11,324.56,243.67,194.71,324.56,301.41,40.87,7.13,0,5,7.0,3.0,2.0
BUY,173,HOOD,2024-11-12,31.67,1710.19,,,27.08,,,,,,,2024-11-11,32.32,26.48,20.97,32.8,28.54,25.45,32.8,31.27,54.1,4.67,336,5,5.7,-0.7,0.0
BUY,177,TSLA,2024-11-12,342.64,158.07,,,27.08,,,,,,,2024-11-11,320.95,265.1,208.95,350.31,287.36,249.17,352.89,334.49,53.6,5.21,126,5,5.7,-0.7,0.0
BUY,176,XYZ,2024-11-12,82.5,656.51,,,27.08,,,,,,,2024-11-11,84.33,72.85,70.12,83.44,75.68,70.68,83.44,79.7,20.27,4.49,7,4.05,5.9,3.9,2.9
SELL,172,CHTR,2024-11-12,394.23,118.56,2024-11-05,376.18,22.3,23.37,2140.08,2116.71,4.75,5,rotation (out of top-N),2024-11-11,389.48,355.45,312.01,396.17,375.99,338.69,396.17,391.06,24.83,1.29,98,4.97,2.5,1.1,3.0
SELL,111,CVNA,2024-11-12,49.3,1274.51,2024-05-07,24.78,15.79,31.42,31251.05,31219.63,98.85,131,rotation (out of top-N),2024-11-11,48.24,40.64,26.21,50.0,46.61,39.15,50.0,48.73,84.08,2.54,525,5,4.7,-1,1.3
SELL,168,NCLH,2024-11-12,27.43,1836.06,2024-10-29,23.47,21.55,25.18,7261.63,7236.46,16.79,10,rotation (out of top-N),2024-11-11,26.41,23.41,19.08,27.83,26.2,22.9,27.83,27.27,38.41,2.03,56,5,4.3,2.1,2.7
SELL,170,PLTR,2024-11-12,59.04,933.09,2024-11-05,47.8,22.3,27.54,10487.88,10460.34,23.45,5,rotation (out of top-N),2024-11-11,65.8,46.78,30.02,60.27,51.81,42.57,60.27,58.17,119.21,3.49,581,5,5.3,-1,0.7
SELL,162,UAL,2024-11-12,88.85,630.21,2024-10-08,59.68,18.81,28.0,18383.36,18355.36,48.8,25,rotation (out of top-N),2024-11-11,91.17,72.24,52.5,89.4,82.88,67.23,89.4,87.88,73.67,1.7,63,5,5.1,-0.0,2.8
BUY,179,PLTR,2024-11-19,59.64,910.74,,,27.16,,,,,,,2024-11-18,64.32,49.97,31.01,61.26,58.05,45.62,61.26,58.34,107.39,4.75,588,5,6,-1,0.0
BUY,178,WBD,2024-11-19,9.28,5853.08,,,27.16,,,,,,,2024-11-18,10.1,8.65,8.13,9.47,9.16,8.17,9.47,9.16,24.26,3.32,7,4.85,5.3,3.7,3.2
SELL,175,AXON,2024-11-19,603.5,88.98,2024-11-12,608.72,27.08,26.85,-464.46,-491.31,-0.91,5,rotation (out of top-N),2024-11-18,636.81,501.5,354.91,600.63,563.53,459.04,600.63,591.05,79.43,1.6,448,5,4.1,-1,1.9
SELL,171,VST,2024-11-19,142.18,386.19,2024-11-05,115.49,22.3,27.45,10307.51,10280.05,23.05,10,rotation (out of top-N),2024-11-18,160.56,128.97,90.55,145.44,137.59,127.47,145.23,140.36,77.33,3.36,616,5,5.2,-1,0.8
BUY,182,CVNA,2024-11-26,51.64,1121.62,,,28.96,,,,,,,2024-11-25,52.05,44.39,28.19,52.14,49.7,43.05,52.14,50.37,84.61,3.39,539,5,5.3,-1,0.7
BUY,180,TPL,2024-11-26,520.49,111.28,,,28.96,,,,,,,2024-11-25,528.0,428.58,272.12,530.16,490.09,393.03,530.16,498.95,94.03,5.89,231,5,6,-1,0.0
BUY,181,VST,2024-11-26,153.46,377.43,,,28.96,,,,,,,2024-11-25,158.54,134.34,93.31,152.83,150.0,132.68,152.61,146.69,69.9,3.88,623,5,5.6,-1,0.4
SELL,177,TSLA,2024-11-26,341.08,158.07,2024-11-12,342.64,27.08,26.96,-247.38,-274.34,-0.51,10,rotation (out of top-N),2024-11-25,345.13,292.68,216.59,338.57,332.08,271.02,338.57,326.95,59.35,3.43,140,5,5.3,-1.0,0.7
SELL,178,WBD,2024-11-26,10.35,5853.08,2024-11-19,9.28,27.16,30.29,6262.8,6232.51,11.47,5,rotation (out of top-N),2024-11-25,10.47,8.98,8.18,10.4,9.77,8.39,10.4,10.12,28.13,2.73,14,5,5.0,3.4,3.1
SELL,176,XYZ,2024-11-26,90.46,656.51,2024-11-12,82.5,27.08,29.69,5225.79,5196.1,9.59,10,rotation (out of top-N),2024-11-25,88.58,78.6,71.03,90.79,88.28,76.14,90.79,88.75,24.72,2.25,21,4.94,4.4,3.4,3.7
BUY,184,TSLA,2024-12-03,351.32,167.47,,,29.42,,,,,,,2024-12-02,389.27,310.24,221.26,356.91,339.25,280.4,350.91,341.79,75.93,2.6,147,5,4.7,-1,1.3
BUY,183,XYZ,2024-12-03,91.85,640.56,,,29.42,,,,,,,2024-12-02,98.27,82.17,71.5,92.78,89.28,78.52,92.78,89.94,37.44,3.06,28,5,5.4,2.7,2.5
SELL,182,CVNA,2024-12-03,50.86,1121.62,2024-11-26,51.64,28.96,28.52,-874.87,-903.39,-1.56,4,rotation (out of top-N),2024-12-02,50.23,45.45,29.04,51.0,50.59,44.63,51.0,49.99,73.0,1.97,546,5,4.3,-1,1.7
SELL,179,PLTR,2024-12-03,66.6,910.74,2024-11-19,59.64,27.16,30.33,6338.76,6308.43,11.61,9,rotation (out of top-N),2024-12-02,76.31,57.3,33.4,66.39,64.15,51.68,66.39,64.9,128.47,2.24,602,5,4.5,-1,1.5
BUY,186,LULU,2024-12-10,403.89,136.05,,,27.48,,,,,,,2024-12-09,391.62,334.2,313.3,404.98,354.64,316.78,404.98,388.3,25.0,4.12,7,5.0,5.9,3.6,2.6
BUY,187,PLTR,2024-12-10,71.97,763.47,,,27.48,,,,,,,2024-12-09,76.08,60.72,34.65,72.5,69.54,55.46,72.57,68.74,119.57,5.28,609,5,6,-1,0.0
BUY,185,WBD,2024-12-10,10.57,5198.75,,,27.48,,,,,,,2024-12-09,12.07,9.79,8.31,10.57,10.44,9.01,10.57,10.21,45.27,3.45,28,5,6.1,2.3,2.2
SELL,180,TPL,2024-12-10,435.55,111.28,2024-11-26,520.49,28.96,24.23,-9452.2,-9476.44,-16.36,9,rotation (out of top-N),2024-12-09,394.86,424.54,284.66,437.81,472.22,430.08,437.81,427.65,38.71,2.32,245,5,3.5,0.1,1.5
SELL,181,VST,2024-12-10,145.0,377.43,2024-11-26,153.46,28.96,27.36,-3193.07,-3220.43,-5.56,9,rotation (out of top-N),2024-12-09,143.68,139.67,98.05,147.09,154.35,139.22,146.89,140.96,46.54,4.04,637,5,5.0,-0.3,0.3
SELL,183,XYZ,2024-12-10,96.42,640.56,2024-12-03,91.85,29.42,30.88,2927.35,2896.46,4.92,5,rotation (out of top-N),2024-12-09,92.03,83.97,71.78,95.42,93.81,82.02,95.42,92.86,28.21,2.68,35,5,4.6,3.0,2.8
BUY,188,AVGO,2024-12-17,237.36,277.93,,,32.98,,,,,,,2024-12-16,218.29,185.21,156.63,246.57,193.26,173.01,246.0,234.48,39.37,4.68,728,5,5.0,0.0,0.0
BUY,189,AXON,2024-12-17,642.71,102.64,,,32.98,,,,,,,2024-12-16,631.7,583.63,390.05,649.49,647.16,566.8,649.49,631.85,61.95,2.71,476,5,4.8,-1,1.2
SELL,186,LULU,2024-12-17,384.96,136.05,2024-12-10,403.89,27.48,26.19,-2575.47,-2601.66,-4.73,5,rotation (out of top-N),2024-12-16,379.41,342.42,311.16,389.75,378.72,329.86,389.75,383.22,21.94,1.68,14,4.39,4.0,3.7,4.5
SELL,184,TSLA,2024-12-17,475.39,167.47,2024-12-03,351.32,29.42,39.81,20776.73,20736.92,35.25,10,rotation (out of top-N),2024-12-16,421.13,349.14,234.22,463.11,407.84,323.31,463.11,450.36,79.8,2.75,161,5,4.8,-1,1.2
BUY,191,TSLA,2024-12-24,435.92,135.82,,,29.6,,,,,,,2024-12-23,431.7,364.15,240.74,424.7,425.45,348.86,424.7,404.38,79.32,4.79,168,5,6,-1,0.0
BUY,190,UAL,2024-12-24,99.31,596.2,,,29.6,,,,,,,2024-12-23,99.66,90.08,60.46,97.87,96.17,91.66,97.87,95.52,64.83,2.4,105,5,4.9,-0.8,1.6
SELL,189,AXON,2024-12-24,626.38,102.64,2024-12-17,642.71,32.98,32.15,-1676.14,-1708.29,-2.59,5,rotation (out of top-N),2024-12-23,610.45,588.51,397.4,623.15,631.96,589.08,623.15,609.96,53.61,2.12,483,5,4.1,-0.7,1.6
SELL,185,WBD,2024-12-24,10.42,5198.75,2024-12-10,10.57,27.48,27.09,-779.81,-806.9,-1.47,10,rotation (out of top-N),2024-12-23,10.62,10.08,8.42,10.52,10.88,9.89,10.52,10.19,26.17,3.12,42,5,4.7,3.0,2.6
BUY,192,WBD,2024-12-31,10.56,5237.27,,,27.65,,,,,,,2024-12-30,10.57,10.17,8.46,10.52,10.71,10.18,10.52,10.3,24.89,2.05,49,4.98,3.8,2.9,3.3
BUY,193,WSM,2024-12-31,182.71,302.7,,,27.65,,,,,,,2024-12-30,188.2,170.69,147.41,182.46,182.41,163.27,182.46,179.27,27.67,1.75,42,5,3.8,2.9,3.4
SELL,188,AVGO,2024-12-31,232.99,277.93,2024-12-17,237.36,32.98,32.38,-1214.54,-1246.92,-1.89,9,rotation (out of top-N),2024-12-30,229.61,201.29,161.78,232.87,225.92,185.86,232.5,227.52,41.93,2.14,742,5,3.5,-0.1,1.6
SELL,174,COIN,2024-12-31,263.01,174.55,2024-11-12,310.3,27.08,22.95,-8253.57,-8276.52,-15.28,33,rotation (out of top-N),2024-12-30,270.65,272.96,229.57,255.55,277.89,289.97,255.55,246.15,17.89,3.68,49,3.58,4.5,3.3,2.9
BUY,194,LULU,2025-01-07,403.87,142.9,,,28.86,,,,,,,2025-01-06,395.4,362.77,311.4,395.31,382.86,354.49,395.31,387.77,26.98,1.91,35,5,4.0,3.1,3.4
BUY,195,VST,2025-01-07,162.18,355.85,,,28.86,,,,,,,2025-01-06,165.73,147.48,106.38,162.79,148.34,147.18,162.56,156.4,55.79,3.79,665,5,5.3,-0.8,0.5
SELL,192,WBD,2025-01-07,10.79,5237.27,2024-12-31,10.56,27.65,28.26,1204.57,1176.32,2.13,4,rotation (out of top-N),2025-01-06,9.7,10.08,8.5,10.83,10.69,10.42,10.83,10.51,14.08,2.96,56,2.82,3.7,3.4,3.7
SELL,193,WSM,2025-01-07,194.83,302.7,2024-12-31,182.71,27.65,29.49,3668.67,3639.19,6.58,4,rotation (out of top-N),2025-01-06,192.64,174.68,148.49,195.9,185.72,168.99,195.9,192.22,29.73,1.88,49,5,3.9,2.7,3.0
BUY,197,CEG,2025-01-14,280.96,318.58,,,44.75,,,,,,,2025-01-13,313.51,262.44,223.11,276.88,256.82,240.55,276.88,254.58,40.52,8.05,581,5,5.0,-0.0,0.0
BUY,196,EQT,2025-01-14,49.18,1819.99,,,44.75,,,,,,,2025-01-13,52.02,45.07,38.12,49.21,46.9,44.42,49.21,48.21,36.46,2.03,70,5,4.0,1.0,2.5
SELL,145,APP,2025-01-14,324.06,376.28,2024-08-20,85.25,16.04,60.97,89857.09,89796.12,279.92,100,rotation (out of top-N),2025-01-13,342.5,314.72,162.22,315.57,330.61,332.47,315.57,301.62,111.14,4.42,616,5,5.9,-1,0.1
SELL,194,LULU,2025-01-14,400.28,142.9,2025-01-07,403.87,28.86,28.6,-513.0,-541.6,-0.94,4,rotation (out of top-N),2025-01-13,373.62,364.74,312.33,399.18,390.01,362.43,399.18,390.63,19.62,2.14,42,3.92,3.7,3.3,3.9
BUY,198,APP,2025-01-28,348.17,205.03,,,35.69,,,,,,,2025-01-27,369.55,331.9,177.02,343.25,346.08,340.58,343.25,327.33,108.76,4.64,630,5,6,-1,0.0
BUY,199,CIEN,2025-01-28,79.19,901.41,,,35.69,,,,,,,2025-01-27,87.15,83.64,62.49,76.29,87.67,82.24,76.29,70.54,39.45,7.53,168,5,5.0,0.0,0.0
SELL,197,CEG,2025-01-28,279.17,318.58,2025-01-14,280.96,44.75,44.47,-570.25,-614.72,-0.69,9,rotation (out of top-N),2025-01-27,297.41,281.0,230.04,272.57,305.41,258.37,272.57,251.95,29.29,7.56,595,5,4.5,0.5,0.1
SELL,191,TSLA,2025-01-28,396.72,135.82,2024-12-24,435.92,29.6,26.94,-5324.05,-5350.99,-9.04,21,rotation (out of top-N),2025-01-27,404.68,392.23,271.14,397.41,409.95,406.34,399.3,387.01,49.25,3.08,203,5,4.5,-0.5,0.9
BUY,201,CVNA,2025-02-04,50.51,1681.74,,,42.47,,,,,,,2025-02-03,52.78,46.54,35.36,50.3,48.13,45.62,50.3,48.56,49.26,3.46,609,5,4.8,-0.5,0.7
BUY,200,TPR,2025-02-04,72.43,1172.79,,,42.47,,,,,,,2025-02-03,78.87,67.96,49.47,72.18,71.78,66.11,71.97,70.16,59.44,2.52,140,5,4.7,-1.0,1.3
SELL,199,CIEN,2025-02-04,86.25,901.41,2025-01-28,79.19,35.69,38.88,6368.46,6329.58,8.87,5,rotation (out of top-N),2025-02-03,89.74,84.75,63.54,85.13,85.52,83.94,85.13,82.24,41.23,3.39,175,5,4.3,-0.1,0.7
SELL,196,EQT,2025-02-04,50.68,1819.99,2025-01-14,49.18,44.75,46.12,2729.99,2683.87,3.0,14,rotation (out of top-N),2025-02-03,50.22,47.71,39.1,51.26,50.46,46.87,51.26,50.09,28.43,2.28,91,5,3.4,1.1,2.1
BUY,202,ABNB,2025-02-11,134.95,523.58,,,35.33,,,,,,,2025-02-10,161.57,137.95,135.1,135.3,132.43,132.18,135.3,131.95,19.59,2.47,0,3.92,4.6,4.0,4.4
BUY,203,FTNT,2025-02-11,109.86,643.18,,,35.33,,,,,,,2025-02-10,111.64,100.22,79.58,109.52,103.78,97.86,109.52,105.16,40.29,3.98,182,5,4.7,-0.0,0.3
BUY,204,UBER,2025-02-11,78.88,895.75,,,35.33,,,,,,,2025-02-10,79.42,70.37,70.14,78.61,70.66,65.3,78.61,75.26,13.24,4.26,0,2.65,5.5,4.3,3.8
SELL,201,CVNA,2025-02-11,53.72,1681.74,2025-02-04,50.51,42.47,45.17,5398.4,5353.22,6.3,5,rotation (out of top-N),2025-02-10,57.09,48.46,36.2,53.58,50.94,45.93,53.58,52.5,57.69,2.02,616,5,4.2,-0.9,1.7
SELL,190,UAL,2025-02-11,105.56,596.2,2024-12-24,99.31,29.6,31.47,3729.23,3697.76,6.25,31,rotation (out of top-N),2025-02-10,104.27,101.74,70.29,106.08,107.33,102.52,106.08,103.41,48.34,2.52,154,5,4.1,-0.4,1.3
SELL,195,VST,2025-02-11,165.29,355.85,2025-01-07,162.18,28.86,29.41,1106.7,1077.29,1.87,23,rotation (out of top-N),2025-02-10,166.52,162.02,118.39,167.31,167.13,157.45,167.08,161.43,40.65,3.38,700,5,4.3,-0.0,0.7
BUY,206,CVNA,2025-02-25,43.45,1640.95,,,35.65,,,,,,,2025-02-24,46.6,47.55,37.35,43.16,50.29,46.9,43.16,40.93,24.76,5.16,630,4.95,4.2,0.8,0.5
BUY,207,CVS,2025-02-25,60.16,1185.16,,,35.65,,,,,,,2025-02-24,62.76,55.46,53.74,60.18,59.8,51.32,60.18,58.74,16.79,2.4,7,3.36,4.3,4.0,4.6
BUY,205,DPZ,2025-02-25,445.6,160.01,,,35.65,,,,,,,2025-02-24,479.68,447.98,437.75,446.2,457.05,434.2,443.46,429.13,9.58,3.23,7,1.92,4.5,4.4,4.8
SELL,202,ABNB,2025-02-25,145.06,523.58,2025-02-11,134.95,35.33,37.97,5293.35,5255.38,7.44,9,rotation (out of top-N),2025-02-24,138.84,139.31,134.98,144.83,147.18,135.86,144.83,141.53,2.86,2.28,14,0.57,3.4,4.6,6.0
SELL,203,FTNT,2025-02-25,108.3,643.18,2025-02-11,109.86,35.33,34.83,-1000.15,-1034.97,-1.46,9,rotation (out of top-N),2025-02-24,107.96,103.08,81.96,108.68,110.0,101.06,108.68,106.75,31.73,1.78,196,5,2.8,0.4,1.8
SELL,204,UBER,2025-02-25,76.36,895.75,2025-02-11,78.88,35.33,34.2,-2257.28,-2291.48,-3.24,9,rotation (out of top-N),2025-02-24,76.0,72.66,70.76,76.41,77.87,69.49,76.41,74.39,7.41,2.65,14,1.48,3.9,4.4,5.3
BUY,210,MNST,2025-03-04,55.4,1380.15,,,38.23,,,,,,,2025-03-03,55.05,51.82,50.93,55.17,52.45,49.97,55.17,53.62,8.09,2.8,7,1.62,4.2,4.5,5.2
BUY,211,TPL,2025-03-04,435.05,175.73,,,38.23,,,,,,,2025-03-03,458.85,445.55,357.06,448.18,452.08,442.0,448.18,431.34,28.51,3.76,329,5,3.9,0.6,0.6
BUY,208,WBD,2025-03-04,11.18,6838.42,,,38.23,,,,,,,2025-03-03,11.07,10.59,8.97,11.03,10.86,10.33,11.03,10.64,23.36,3.57,112,4.67,3.7,1.0,1.4
BUY,209,WYNN,2025-03-04,87.11,877.67,,,38.23,,,,,,,2025-03-03,87.68,86.65,86.13,87.89,87.85,83.81,87.89,85.56,1.8,2.66,7,0.36,3.7,4.8,5.9
SELL,198,APP,2025-03-04,322.1,205.03,2025-01-28,348.17,35.69,33.02,-5343.98,-5377.0,-7.53,24,rotation (out of top-N),2025-03-03,270.45,351.32,214.27,337.65,371.08,371.3,337.65,314.17,26.22,6.95,665,5,4.3,0.7,0.4
SELL,206,CVNA,2025-03-04,42.15,1640.95,2025-02-25,43.45,35.65,34.58,-2133.23,-2167.82,-3.04,5,rotation (out of top-N),2025-03-03,37.71,45.76,37.79,43.9,47.04,47.17,43.9,42.2,-0.22,3.88,637,-0.04,2.6,2.0,3.4
SELL,205,DPZ,2025-03-04,469.41,160.01,2025-02-25,445.6,35.65,37.55,3809.77,3772.22,5.29,5,rotation (out of top-N),2025-03-03,462.37,450.6,436.98,473.4,466.79,440.8,470.49,462.16,5.81,1.77,14,1.16,3.2,4.5,6.0
SELL,200,TPR,2025-03-04,81.6,1172.79,2025-02-04,72.43,42.47,47.85,10754.44,10706.59,12.6,19,rotation (out of top-N),2025-03-03,73.82,75.03,53.6,82.54,83.14,75.38,82.3,80.57,37.71,2.1,168,5,3.3,0.1,1.6
BUY,213,AIG,2025-03-18,82.39,871.06,,,35.88,,,,,,,2025-03-17,81.31,76.98,73.08,82.06,79.63,75.38,81.51,80.29,11.26,1.5,28,2.25,3.1,4.0,5.4
BUY,212,AWK,2025-03-18,139.84,513.21,,,35.88,,,,,,,2025-03-17,136.65,130.9,130.28,140.28,137.6,126.86,140.28,138.33,4.89,1.39,0,0.98,3.2,4.8,6.6
BUY,214,CSGP,2025-03-18,79.47,903.01,,,35.88,,,,,,,2025-03-17,78.46,76.87,75.66,80.14,77.81,76.47,80.14,78.5,3.7,2.05,14,0.74,3.3,4.6,6.0
BUY,216,ED,2025-03-18,102.84,697.85,,,35.88,,,,,,,2025-03-17,103.49,96.19,92.61,103.28,99.98,93.47,103.28,101.89,11.75,1.34,14,2.35,3.3,4.2,5.7
BUY,215,VRTX,2025-03-18,510.2,140.66,,,35.88,,,,,,,2025-03-17,503.13,477.19,467.92,513.84,497.08,470.26,513.84,505.01,7.53,1.72,7,1.51,3.4,4.5,6.0
SELL,173,HOOD,2025-03-18,40.8,1710.19,2024-11-12,31.67,27.08,34.89,15622.61,15587.72,28.78,84,rotation (out of top-N),2025-03-17,44.36,46.51,33.15,42.02,41.46,49.87,42.02,40.33,33.83,4.03,462,5,4.4,0.3,0.3
SELL,187,PLTR,2025-03-18,85.61,763.47,2024-12-10,71.97,27.48,32.68,10406.1,10373.43,18.88,65,rotation (out of top-N),2025-03-17,90.97,88.4,57.25,87.37,84.71,91.76,87.37,83.78,58.89,4.1,707,5,5.7,-0.9,0.3
SELL,211,TPL,2025-03-18,443.01,175.73,2025-03-04,435.05,38.23,38.93,1398.85,1359.92,1.78,10,rotation (out of top-N),2025-03-17,419.58,439.39,367.59,444.23,441.31,446.39,444.23,426.32,14.14,4.03,343,2.83,3.4,1.3,1.9
SELL,208,WBD,2025-03-18,10.39,6838.42,2025-03-04,11.18,38.23,35.54,-5368.16,-5403.7,-7.07,10,rotation (out of top-N),2025-03-17,10.74,10.56,9.11,10.48,10.51,10.46,10.48,10.22,17.91,2.48,126,3.58,2.5,1.1,2.6
SELL,209,WYNN,2025-03-18,85.41,877.67,2025-03-04,87.11,38.23,37.48,-1492.03,-1529.51,-2.0,10,rotation (out of top-N),2025-03-17,81.69,85.53,85.84,85.41,85.83,85.04,85.41,83.73,-4.84,1.97,21,-0.97,2.7,4.9,6.8
BUY,217,UBER,2025-03-25,76.42,990.91,,,37.86,,,,,,,2025-03-24,72.68,73.36,71.31,76.45,74.04,73.89,76.45,74.77,1.91,2.2,42,0.38,2.9,4.2,5.6
BUY,218,ZBH,2025-03-25,110.11,687.72,,,37.86,,,,,,,2025-03-24,110.82,106.85,106.38,109.85,108.92,105.21,109.56,108.11,4.18,1.32,0,0.84,3.1,4.8,6.7
SELL,210,MNST,2025-03-25,57.78,1380.15,2025-03-04,55.4,38.23,39.87,3291.66,3251.79,4.25,15,rotation (out of top-N),2025-03-24,57.84,54.13,51.44,57.8,56.36,52.09,57.8,57.21,12.44,1.01,28,2.49,2.8,3.9,5.6
SELL,215,VRTX,2025-03-25,509.56,140.66,2025-03-18,510.2,35.88,35.84,-90.02,-125.86,-0.18,5,rotation (out of top-N),2025-03-24,492.29,479.94,468.52,511.55,504.94,480.05,511.55,505.69,5.07,1.15,14,1.01,2.8,4.5,6.5
BUY,222,AMT,2025-04-01,210.75,348.24,,,36.7,,,,,,,2025-03-31,210.53,198.23,197.98,208.14,204.14,193.67,206.17,203.93,6.34,1.09,0,1.27,3.0,4.7,6.6
BUY,220,MNST,2025-04-01,58.61,1252.2,,,36.7,,,,,,,2025-03-31,57.09,54.67,51.62,58.5,57.5,53.22,58.5,57.66,10.6,1.44,35,2.12,2.9,3.9,5.4
BUY,221,VRTX,2025-04-01,486.07,150.99,,,36.7,,,,,,,2025-03-31,474.38,478.93,468.66,484.38,498.91,486.62,484.38,474.02,1.22,2.14,21,0.24,3.1,4.6,6.1
BUY,219,WRB,2025-04-01,69.12,1061.8,,,36.7,,,,,,,2025-03-31,63.71,62.02,57.37,69.29,64.81,61.02,68.67,66.08,11.06,3.78,553,2.21,3.1,1.4,2.4
SELL,213,AIG,2025-04-01,85.11,871.06,2025-03-18,82.39,35.88,37.07,2369.29,2332.22,3.25,10,rotation (out of top-N),2025-03-31,77.2,77.73,73.47,85.04,82.29,77.73,84.48,83.08,5.08,1.66,42,1.02,2.7,4.0,5.7
SELL,214,CSGP,2025-04-01,78.81,903.01,2025-03-18,79.47,35.88,35.58,-600.5,-636.09,-0.89,10,rotation (out of top-N),2025-03-31,72.6,76.46,75.75,79.21,79.34,77.53,79.21,78.15,-4.16,1.34,28,-0.83,2.2,4.7,7.1
SELL,217,UBER,2025-04-01,72.57,990.91,2025-03-25,76.42,37.86,35.96,-3814.99,-3850.94,-5.09,5,rotation (out of top-N),2025-03-31,64.61,71.77,71.11,72.84,73.86,74.71,72.84,71.16,-9.14,2.32,49,-1.83,2.3,4.6,6.6
SELL,218,ZBH,2025-04-01,111.34,687.72,2025-03-25,110.11,37.86,38.29,845.9,807.61,1.07,5,rotation (out of top-N),2025-03-31,106.3,106.75,106.37,111.99,110.02,105.29,111.69,110.6,-0.06,0.97,7,-0.01,2.5,4.9,7.2
BUY,225,AIG,2025-04-08,77.43,913.58,,,35.37,,,,,,,2025-04-07,80.18,78.18,73.69,75.79,81.16,78.97,75.29,71.75,8.8,4.7,49,1.76,4.6,3.7,3.3
BUY,223,NEM,2025-04-08,45.89,1541.49,,,35.37,,,,,,,2025-04-07,54.13,46.02,45.4,44.17,46.08,45.06,44.17,41.64,19.22,5.73,0,3.84,6.0,4.0,3.1
BUY,224,NOC,2025-04-08,490.35,144.26,,,35.37,,,,,,,2025-04-07,523.42,482.31,479.3,471.97,489.35,469.12,471.97,456.82,9.21,3.21,0,1.84,4.6,4.5,4.9
SELL,220,MNST,2025-04-08,57.59,1252.2,2025-04-01,58.61,36.7,36.05,-1283.5,-1319.56,-1.8,5,rotation (out of top-N),2025-04-07,58.16,55.3,51.83,57.07,57.93,54.7,57.09,55.41,12.22,2.95,42,2.44,3.9,3.7,4.1
SELL,221,VRTX,2025-04-08,477.25,150.99,2025-04-01,486.07,36.7,36.03,-1331.71,-1367.74,-1.86,5,rotation (out of top-N),2025-04-07,484.0,479.85,468.89,475.0,486.41,486.88,475.0,453.19,3.22,4.59,28,0.64,4.7,4.4,4.2
SELL,219,WRB,2025-04-08,64.15,1061.8,2025-04-01,69.12,36.7,34.06,-5277.13,-5311.19,-7.24,5,rotation (out of top-N),2025-04-07,66.72,62.87,57.78,62.63,65.3,61.92,62.07,59.59,15.47,4.0,560,3.09,3.4,1.2,1.8
BUY,226,KDP,2025-04-15,34.65,2144.28,,,37.15,,,,,,,2025-04-14,34.26,32.69,32.42,34.56,33.55,32.61,34.32,33.75,5.67,1.66,7,1.13,3.3,4.6,6.2
BUY,227,SJM,2025-04-15,112.2,662.2,,,37.15,,,,,,,2025-04-14,110.71,107.47,106.9,112.09,109.66,106.88,112.09,110.22,3.57,1.66,7,0.71,3.2,4.7,6.4
SELL,225,AIG,2025-04-15,80.25,913.58,2025-04-08,77.43,35.37,36.66,2576.31,2539.65,3.59,5,rotation (out of top-N),2025-04-14,79.36,78.39,73.82,79.68,80.11,79.66,79.15,77.51,7.51,2.08,56,1.5,2.8,3.7,4.9
SELL,216,ED,2025-04-15,107.94,697.85,2025-03-18,102.84,35.88,37.66,3559.03,3521.37,4.91,20,rotation (out of top-N),2025-04-14,107.57,101.5,94.72,107.73,104.49,100.69,107.73,106.3,13.57,1.33,42,2.71,2.9,3.6,5.1
BUY,231,CI,2025-04-22,320.25,227.15,,,36.37,,,,,,,2025-04-21,328.46,314.02,312.13,318.1,319.93,312.77,316.27,309.97,5.23,1.99,0,1.05,3.6,4.7,6.1
BUY,232,CVNA,2025-04-22,40.77,1784.26,,,36.37,,,,,,,2025-04-21,47.47,42.26,40.54,39.13,40.59,39.9,39.13,37.61,17.11,3.88,686,3.42,3.4,1.1,1.7
BUY,228,DG,2025-04-22,93.37,779.1,,,36.37,,,,,,,2025-04-21,91.72,84.36,82.35,93.72,88.74,81.36,93.72,91.74,11.38,2.11,0,2.28,4.0,4.4,5.5
BUY,230,MOS,2025-04-22,26.4,2755.47,,,36.37,,,,,,,2025-04-21,27.96,25.54,25.17,26.12,25.23,24.7,26.12,25.62,11.07,1.91,0,2.21,3.8,4.4,5.6
BUY,229,PLTR,2025-04-22,93.06,781.69,,,36.37,,,,,,,2025-04-21,112.79,92.0,65.3,90.81,90.45,86.72,90.81,87.3,72.73,3.87,742,5,5.6,-1,0.4
SELL,222,AMT,2025-04-22,212.39,348.24,2025-04-01,210.75,36.7,36.98,571.11,534.13,0.73,14,rotation (out of top-N),2025-04-21,203.24,202.49,199.06,210.25,208.48,202.93,208.27,204.75,2.1,1.69,21,0.42,2.9,4.5,6.3
SELL,212,AWK,2025-04-22,143.99,513.21,2025-03-18,139.84,35.88,36.95,2129.81,2092.86,2.92,24,rotation (out of top-N),2025-04-21,139.48,137.7,132.06,142.48,141.57,138.24,142.48,140.79,5.62,1.19,35,1.12,2.5,4.1,6.1
SELL,226,KDP,2025-04-22,34.45,2144.28,2025-04-15,34.65,37.15,36.94,-428.86,-465.79,-0.63,4,rotation (out of top-N),2025-04-21,33.27,32.8,32.47,34.17,33.89,32.84,33.93,33.53,2.46,1.19,14,0.49,2.7,4.6,6.7
SELL,224,NOC,2025-04-22,475.24,144.26,2025-04-08,490.35,35.37,34.28,-2179.8,-2214.08,-3.13,9,rotation (out of top-N),2025-04-21,463.74,485.85,483.07,520.17,514.72,485.61,520.17,513.5,-4.0,1.28,14,-0.8,2.4,5.0,7.3
SELL,227,SJM,2025-04-22,111.33,662.2,2025-04-15,112.2,37.15,36.86,-576.12,-612.98,-0.83,4,rotation (out of top-N),2025-04-21,109.47,107.84,106.91,110.19,109.93,107.89,110.19,108.94,2.39,1.14,14,0.48,2.6,4.6,6.8
BUY,234,APH,2025-04-29,75.39,1027.44,,,38.73,,,,,,,2025-04-28,80.1,69.27,67.42,75.35,69.94,65.08,75.23,73.69,18.82,2.05,0,3.76,4.3,4.1,4.7
BUY,235,AVGO,2025-04-29,190.3,407.04,,,38.73,,,,,,,2025-04-28,202.0,188.09,186.15,190.88,179.44,178.42,190.58,185.82,8.52,2.5,7,1.7,4.0,4.5,5.4
BUY,237,BA,2025-04-29,182.72,423.92,,,38.73,,,,,,,2025-04-28,185.44,169.49,165.24,182.29,169.3,163.46,182.29,178.41,12.23,2.13,7,2.45,3.9,4.3,5.2
BUY,236,DLTR,2025-04-29,80.34,964.08,,,38.73,,,,,,,2025-04-28,84.27,75.48,74.11,80.14,78.76,71.45,80.14,78.58,13.71,1.94,0,2.74,4.0,4.3,5.3
BUY,233,HOOD,2025-04-29,49.43,1567.04,,,38.73,,,,,,,2025-04-28,48.61,45.11,36.27,48.91,45.06,42.38,48.91,47.06,34.03,3.79,504,5,4.2,0.3,0.5
SELL,231,CI,2025-04-29,328.33,227.15,2025-04-22,320.25,36.37,37.29,1835.36,1798.07,2.47,5,rotation (out of top-N),2025-04-28,327.11,316.4,312.01,327.9,325.48,316.56,326.01,322.04,4.84,1.22,7,0.97,2.9,4.6,6.6
SELL,232,CVNA,2025-04-29,48.35,1784.26,2025-04-22,40.77,36.37,43.13,13524.72,13481.58,18.53,5,rotation (out of top-N),2025-04-28,51.43,43.93,41.16,48.28,44.29,40.0,48.28,46.6,24.96,3.48,693,4.99,3.6,0.8,1.2
SELL,207,CVS,2025-04-29,62.7,1185.16,2025-02-25,60.16,35.65,37.15,3010.31,2973.15,4.17,44,rotation (out of top-N),2025-04-28,65.13,62.59,55.65,62.64,63.61,63.78,62.64,61.69,17.03,1.52,70,3.41,2.7,2.0,4.1
SELL,228,DG,2025-04-29,90.95,779.1,2025-04-22,93.37,36.37,35.43,-1885.42,-1920.85,-2.64,5,rotation (out of top-N),2025-04-28,88.51,85.11,81.73,90.61,90.89,83.67,90.61,89.32,8.3,1.43,7,1.66,3.2,4.5,6.1
SELL,223,NEM,2025-04-29,52.86,1541.49,2025-04-08,45.89,35.37,40.74,10744.16,10703.41,15.13,14,rotation (out of top-N),2025-04-28,50.75,48.94,45.93,53.22,52.93,47.85,53.22,52.12,10.48,2.06,21,2.1,3.5,4.1,5.2
BUY,238,APP,2025-05-06,293.99,270.41,,,39.75,,,,,,,2025-05-05,328.67,295.15,258.73,301.84,280.13,272.57,301.84,290.13,27.03,3.88,728,5,3.9,0.6,0.7
BUY,239,DXCM,2025-05-06,79.47,1000.41,,,39.75,,,,,,,2025-05-05,84.68,75.86,75.62,80.24,73.44,69.58,80.24,77.09,11.98,3.92,0,2.4,5.2,4.4,4.2
BUY,240,EA,2025-05-06,152.05,522.84,,,39.75,,,,,,,2025-05-05,152.45,144.15,143.86,153.98,146.92,142.32,153.98,150.47,5.97,2.28,0,1.19,3.8,4.7,5.9
SELL,234,APH,2025-05-06,78.82,1027.44,2025-04-29,75.39,38.73,40.49,3524.13,3483.64,4.5,5,rotation (out of top-N),2025-05-05,80.33,71.28,67.97,79.66,75.36,67.02,79.54,78.46,18.19,1.35,7,3.64,3.7,4.0,5.2
SELL,235,AVGO,2025-05-06,194.86,407.04,2025-04-29,190.3,38.73,39.66,1856.08,1816.43,2.35,5,rotation (out of top-N),2025-05-05,206.42,191.42,187.77,199.08,190.31,179.59,198.76,195.03,9.93,1.87,14,1.99,3.5,4.3,5.5
SELL,237,BA,2025-05-06,184.56,423.92,2025-04-29,182.72,38.73,39.12,780.02,740.9,0.96,5,rotation (out of top-N),2025-05-05,194.72,174.08,165.86,186.47,178.88,166.33,186.47,183.7,17.4,1.49,14,3.48,3.6,3.9,5.0
BUY,241,NRG,2025-05-13,148.03,549.25,,,40.65,,,,,,,2025-05-12,157.37,113.25,95.53,149.01,119.87,101.33,149.01,141.8,64.74,4.84,679,5,6,-1,0.0
BUY,242,VST,2025-05-13,144.39,563.1,,,40.65,,,,,,,2025-05-12,155.87,133.48,131.89,145.4,136.68,123.12,145.19,140.05,18.18,3.54,0,3.64,5.3,4.1,3.8
SELL,239,DXCM,2025-05-13,85.0,1000.41,2025-05-06,79.47,39.75,42.51,5532.26,5489.74,6.91,5,rotation (out of top-N),2025-05-12,85.48,77.61,76.01,85.03,80.32,71.3,85.03,83.59,12.46,1.69,7,2.49,3.6,4.3,5.5
SELL,240,EA,2025-05-13,148.47,522.84,2025-05-06,152.05,39.75,38.81,-1871.76,-1910.57,-2.4,5,rotation (out of top-N),2025-05-12,150.8,145.36,144.0,148.45,150.31,144.24,148.45,146.05,4.72,1.61,7,0.94,3.2,4.6,6.3
BUY,243,CEG,2025-05-20,290.89,316.07,,,45.97,,,,,,,2025-05-19,295.81,253.65,247.67,292.77,276.9,227.62,292.77,288.08,19.44,1.6,0,3.89,4.0,4.0,5.0
BUY,244,CHTR,2025-05-20,420.07,218.87,,,45.97,,,,,,,2025-05-19,406.68,383.88,360.31,418.38,409.24,371.35,418.38,407.82,12.87,2.52,21,2.57,4.0,4.0,4.7
SELL,238,APP,2025-05-20,367.38,270.41,2025-05-06,293.99,39.75,49.67,19843.94,19794.27,24.9,10,rotation (out of top-N),2025-05-19,354.38,315.95,272.56,370.72,347.72,288.43,370.72,360.69,30.02,2.71,742,5,3.3,0.5,1.2
SELL,236,DLTR,2025-05-20,87.8,964.08,2025-04-29,80.34,38.73,42.32,7187.21,7144.89,9.22,15,rotation (out of top-N),2025-05-19,88.13,80.64,73.28,86.62,85.62,78.35,86.62,85.59,20.27,1.19,21,4.05,3.5,3.6,4.8
BUY,246,APP,2025-06-03,404.08,233.25,,,47.13,,,,,,,2025-06-02,417.73,345.92,288.25,401.98,377.36,306.67,401.98,386.88,44.92,3.76,756,5,4.8,-0.2,0.5
BUY,248,CVNA,2025-06-03,67.0,1406.76,,,47.13,,,,,,,2025-06-02,68.35,56.01,45.16,66.25,62.6,51.19,66.25,64.55,51.34,2.57,728,5,4.3,-0.6,1.3
BUY,245,STX,2025-06-03,117.61,801.4,,,47.13,,,,,,,2025-06-02,125.37,102.57,95.28,117.54,112.17,90.7,117.45,115.71,31.58,1.49,7,5,4.5,3.3,3.9
BUY,247,ULTA,2025-06-03,475.24,198.33,,,47.13,,,,,,,2025-06-02,465.7,414.38,390.2,475.74,433.04,391.67,475.74,455.81,19.35,4.19,14,3.87,5.5,3.8,3.0
SELL,243,CEG,2025-06-03,339.25,316.07,2025-05-20,290.89,45.97,53.61,15285.29,15231.67,16.57,9,rotation (out of top-N),2025-06-02,297.27,269.13,253.02,311.89,298.72,247.79,311.89,305.82,17.49,1.95,14,3.5,3.9,3.9,4.7
SELL,244,CHTR,2025-06-03,393.2,218.87,2025-05-20,420.07,45.97,43.03,-5882.17,-5925.2,-6.44,9,rotation (out of top-N),2025-06-02,396.34,388.05,362.73,394.69,403.69,378.74,394.69,387.28,9.27,1.88,35,1.85,3.1,4.0,5.2
SELL,230,MOS,2025-06-03,35.02,2755.47,2025-04-22,26.4,36.37,48.25,23752.15,23703.91,32.59,29,rotation (out of top-N),2025-06-02,33.59,30.91,26.13,35.34,34.19,29.52,35.34,34.85,28.54,1.38,42,5,3.6,2.9,3.5
SELL,241,NRG,2025-06-03,159.33,549.25,2025-05-13,148.03,40.65,43.76,6206.57,6162.81,7.58,14,rotation (out of top-N),2025-06-02,154.22,132.0,101.0,156.78,152.88,121.82,156.78,153.97,52.69,1.8,700,5,3.8,-0.6,1.8
BUY,250,DLTR,2025-06-10,94.03,997.25,,,46.88,,,,,,,2025-06-09,95.22,86.52,74.07,93.8,92.36,85.21,93.8,91.65,28.54,2.29,42,5,4.3,2.9,2.9
BUY,251,MOS,2025-06-10,33.52,2797.33,,,46.88,,,,,,,2025-06-09,34.54,31.57,26.39,33.42,34.3,31.0,33.42,32.58,30.88,2.51,49,5,4.4,2.6,2.5
BUY,249,MU,2025-06-10,111.46,841.26,,,46.88,,,,,,,2025-06-09,115.33,96.07,95.09,110.6,102.64,87.15,110.6,108.49,21.28,1.91,0,4.26,4.3,3.9,4.6
BUY,252,ORCL,2025-06-10,175.41,534.56,,,46.88,,,,,,,2025-06-09,213.15,165.61,163.49,175.35,167.03,149.81,175.35,172.88,30.38,1.41,0,5,4.5,3.5,4.1
SELL,246,APP,2025-06-10,389.24,233.25,2025-06-03,404.08,47.13,45.4,-3461.48,-3506.87,-3.72,5,rotation (out of top-N),2025-06-09,364.19,349.24,295.24,383.54,394.63,326.83,383.54,369.83,23.35,3.57,763,4.67,3.6,0.8,1.3
SELL,248,CVNA,2025-06-10,68.44,1406.76,2025-06-03,67.0,47.13,48.14,2025.74,1977.6,2.1,5,rotation (out of top-N),2025-06-09,59.41,56.63,45.98,68.0,66.26,55.09,68.0,66.46,29.2,2.26,735,5,3.0,0.5,1.6
SELL,247,ULTA,2025-06-10,467.96,198.33,2025-06-03,475.24,47.13,46.41,-1442.83,-1489.23,-1.58,5,rotation (out of top-N),2025-06-09,457.6,422.24,392.45,468.49,454.88,406.4,468.49,464.56,16.6,0.84,21,3.32,3.0,3.8,5.4
SELL,242,VST,2025-06-10,169.37,563.1,2025-05-13,144.39,40.65,47.69,14066.24,14018.55,17.24,19,rotation (out of top-N),2025-06-09,172.92,152.05,140.44,168.49,166.49,142.96,168.25,164.79,23.13,2.05,28,4.63,4.1,3.4,3.9
BUY,253,COIN,2025-06-17,258.01,396.42,,,51.14,,,,,,,2025-06-16,308.56,246.78,239.35,261.75,251.36,233.27,261.75,254.5,28.92,2.77,0,5,5.3,3.6,3.3
BUY,256,CVNA,2025-06-17,57.7,1772.64,,,51.14,,,,,,,2025-06-16,64.05,57.98,46.87,58.04,63.74,57.78,58.04,55.44,36.64,4.48,742,5,4.8,0.2,0.0
BUY,255,LITE,2025-06-17,84.71,1207.43,,,51.14,,,,,,,2025-06-16,89.74,75.82,74.67,85.76,82.07,71.67,85.76,83.16,20.19,3.04,0,4.04,5.0,4.0,4.0
BUY,254,SMCI,2025-06-17,43.24,2365.43,,,51.14,,,,,,,2025-06-16,45.33,40.28,37.46,43.68,42.57,38.75,43.68,42.21,21.01,3.36,21,4.2,4.9,3.6,3.3
SELL,250,DLTR,2025-06-17,98.18,997.25,2025-06-10,94.03,46.88,48.96,4143.58,4094.62,4.37,5,rotation (out of top-N),2025-06-16,98.72,88.74,74.8,98.99,94.69,87.9,98.99,97.5,31.98,1.51,49,5,3.8,2.6,3.2
SELL,251,MOS,2025-06-17,34.62,2797.33,2025-06-10,33.52,46.88,48.42,3077.06,3028.64,3.23,5,rotation (out of top-N),2025-06-16,35.12,32.22,26.65,34.79,34.13,32.04,34.79,33.96,31.8,2.39,56,5,4.2,2.5,2.5
SELL,252,ORCL,2025-06-17,208.72,534.56,2025-06-10,175.41,46.88,55.79,17806.06,17750.28,18.93,5,rotation (out of top-N),2025-06-16,203.04,172.41,164.59,208.95,186.74,157.76,208.95,203.36,23.36,2.68,7,4.67,4.8,3.7,3.8
SELL,245,STX,2025-06-17,128.55,801.4,2025-06-03,117.61,47.13,51.51,8767.35,8715.84,9.25,10,rotation (out of top-N),2025-06-16,129.33,110.86,96.83,129.43,124.46,104.65,129.33,127.51,33.57,1.41,21,5,4.3,3.0,3.7
BUY,259,CCL,2025-06-24,24.74,4454.15,,,55.1,,,,,,,2025-06-23,26.98,22.92,22.51,23.79,23.41,21.98,23.79,23.13,19.85,2.76,0,3.97,4.8,4.0,4.2
BUY,258,MCHP,2025-06-24,67.96,1621.48,,,55.1,,,,,,,2025-06-23,68.6,59.62,57.7,66.73,65.59,57.28,66.73,64.78,18.9,2.92,0,3.78,4.9,4.1,4.2
BUY,257,WBD,2025-06-24,10.78,10222.23,,,55.1,,,,,,,2025-06-23,11.3,9.97,9.65,10.66,10.37,9.46,10.66,10.27,17.16,3.72,7,3.43,5.2,4.0,3.7
SELL,256,CVNA,2025-06-24,65.14,1772.64,2025-06-17,57.7,51.14,57.73,13188.42,13130.69,12.84,4,rotation (out of top-N),2025-06-23,63.83,59.04,47.6,63.99,63.07,59.68,63.99,62.03,34.09,3.06,749,5,3.7,0.3,1.0
SELL,249,MU,2025-06-24,124.81,841.26,2025-06-10,111.46,46.88,52.5,11230.78,11178.28,11.92,9,rotation (out of top-N),2025-06-23,124.43,105.29,96.76,121.79,117.18,97.95,121.79,118.93,28.59,2.35,14,5,4.8,3.3,3.3
SELL,229,PLTR,2025-06-24,141.03,781.69,2025-04-22,93.06,36.37,55.12,37501.76,37446.63,51.48,43,rotation (out of top-N),2025-06-23,130.81,124.55,87.28,139.92,136.6,126.22,139.92,136.22,49.89,2.65,805,5,4.3,-0.5,1.2
BUY,260,EL,2025-07-01,80.01,1429.43,,,57.18,,,,,,,2025-06-30,87.42,71.55,70.17,79.69,75.98,67.18,79.69,77.68,24.58,2.53,0,4.92,4.9,3.8,3.9
BUY,263,ORCL,2025-07-01,217.48,525.88,,,57.18,,,,,,,2025-06-30,234.65,189.04,167.4,216.42,206.37,174.46,216.42,210.4,40.18,2.78,21,5,5.5,2.6,2.8
BUY,262,PLTR,2025-07-01,135.34,845.02,,,57.18,,,,,,,2025-06-30,134.32,126.33,89.71,136.33,137.79,129.2,136.33,130.95,49.72,3.94,812,5,5.1,-0.5,0.4
BUY,261,STX,2025-07-01,142.69,801.52,,,57.18,,,,,,,2025-06-30,148.28,122.06,98.87,143.27,135.35,116.81,143.17,141.22,49.97,1.36,35,5,4.8,1.9,3.5
SELL,259,CCL,2025-07-01,27.78,4454.15,2025-06-24,24.74,55.1,61.87,13540.62,13478.75,12.23,5,rotation (out of top-N),2025-06-30,29.65,24.15,22.79,27.8,25.39,22.96,27.8,27.29,30.07,1.83,7,5,4.6,3.4,3.7
SELL,255,LITE,2025-07-01,92.91,1207.43,2025-06-17,84.71,51.14,56.09,9900.91,9844.82,9.63,9,rotation (out of top-N),2025-06-30,92.72,81.71,76.21,95.03,90.94,79.32,95.03,93.12,21.67,2.01,14,4.33,4.2,3.7,4.3
SELL,258,MCHP,2025-07-01,67.63,1621.48,2025-06-24,67.96,55.1,54.83,-535.09,-589.92,-0.54,5,rotation (out of top-N),2025-06-30,71.15,61.72,57.56,68.5,67.63,60.29,68.5,67.49,23.62,1.47,7,4.72,4.0,3.7,4.5
SELL,257,WBD,2025-07-01,10.97,10222.23,2025-06-24,10.78,55.1,56.09,1993.34,1937.24,1.76,5,rotation (out of top-N),2025-06-30,11.2,10.19,9.72,11.47,10.9,9.78,11.47,11.14,15.22,2.91,14,3.04,4.5,4.0,4.3
BUY,265,CCL,2025-07-08,29.3,3917.04,,,57.38,,,,,,,2025-07-07,28.36,24.91,23.06,29.0,27.45,23.93,29.0,28.29,22.99,2.46,14,4.6,4.6,3.6,3.8
BUY,264,DDOG,2025-07-08,145.88,786.76,,,57.38,,,,,,,2025-07-07,137.47,127.95,126.21,152.43,138.44,122.96,152.43,146.63,8.92,3.81,0,1.78,5.0,4.6,4.6
SELL,262,PLTR,2025-07-08,138.85,845.02,2025-07-01,135.34,57.18,58.67,2966.01,2907.34,2.54,4,rotation (out of top-N),2025-07-07,142.09,129.2,92.26,139.12,136.11,130.92,139.12,135.58,54.01,2.54,819,5,4.4,-0.7,1.3
SELL,254,SMCI,2025-07-08,47.44,2365.43,2025-06-17,43.24,51.14,56.1,9922.98,9866.88,9.65,13,rotation (out of top-N),2025-07-07,49.23,44.03,37.87,47.11,46.97,42.91,47.11,45.86,29.98,2.65,42,5,4.6,2.8,2.5
BUY,268,AMD,2025-07-15,153.75,762.12,,,58.59,,,,,,,2025-07-14,157.0,131.84,120.37,146.25,140.9,125.94,146.25,143.41,30.43,1.94,14,5,4.6,3.2,3.5
BUY,267,LITE,2025-07-15,97.05,1207.37,,,58.59,,,,,,,2025-07-14,102.22,87.12,77.66,92.21,91.8,84.68,92.21,90.26,31.62,2.11,28,5,4.5,3.0,3.1
BUY,266,PLTR,2025-07-15,148.98,786.52,,,58.59,,,,,,,2025-07-14,153.53,133.62,95.01,149.16,141.13,133.51,149.16,145.66,61.59,2.35,826,5,4.6,-1,1.4
BUY,269,PTC,2025-07-15,191.13,613.05,,,58.59,,,,,,,2025-07-14,199.6,177.59,175.13,191.15,185.97,173.09,191.15,186.1,13.97,2.64,0,2.79,4.5,4.3,4.8
SELL,265,CCL,2025-07-15,28.91,3917.04,2025-07-08,29.3,57.38,56.62,-1527.64,-1584.27,-1.38,5,rotation (out of top-N),2025-07-14,29.23,25.7,23.28,29.01,28.23,24.84,29.01,28.59,25.54,1.44,21,5,3.9,3.4,4.1
SELL,264,DDOG,2025-07-15,139.03,786.76,2025-07-08,145.88,57.38,54.69,-5389.33,-5444.02,-4.74,5,rotation (out of top-N),2025-07-14,145.01,131.05,126.59,138.8,139.28,126.34,138.8,136.44,14.55,1.7,7,2.91,3.7,4.2,5.3
SELL,260,EL,2025-07-15,88.6,1429.43,2025-07-01,80.01,57.18,63.32,12278.83,12215.5,10.68,9,rotation (out of top-N),2025-07-14,85.94,76.87,69.9,88.34,85.69,73.2,88.34,86.9,22.94,1.63,14,4.59,4.0,3.6,4.4
SELL,261,STX,2025-07-15,149.45,801.52,2025-07-01,142.69,57.18,59.89,5418.28,5358.38,4.69,9,rotation (out of top-N),2025-07-14,147.95,130.34,100.95,147.94,143.92,127.88,147.84,146.02,46.56,1.23,49,5,4.3,1.9,3.4
BUY,271,FIX,2025-07-22,534.78,228.95,,,61.22,,,,,,,2025-07-21,686.99,537.89,443.78,543.17,541.5,510.84,543.17,536.3,54.8,1.26,63,5,4.5,0.2,3.1
BUY,270,IVZ,2025-07-22,19.39,6314.45,,,61.22,,,,,,,2025-07-21,21.07,16.76,15.71,19.52,17.34,15.17,19.52,18.75,34.08,3.95,7,5,6.2,3.2,2.2
BUY,272,SMCI,2025-07-22,51.84,2361.83,,,61.22,,,,,,,2025-07-21,54.47,47.08,38.15,51.51,50.97,45.66,51.51,49.93,42.78,3.06,56,5,5.2,1.9,2.0
SELL,263,ORCL,2025-07-22,240.28,525.88,2025-07-01,217.48,57.18,63.18,11990.12,11926.94,10.43,14,rotation (out of top-N),2025-07-21,243.27,211.79,172.46,241.63,235.87,202.29,241.63,238.29,41.06,1.38,42,5,4.3,2.2,3.4
SELL,266,PLTR,2025-07-22,150.82,786.52,2025-07-15,148.98,58.59,59.31,1447.19,1387.88,1.18,5,rotation (out of top-N),2025-07-21,158.84,138.21,97.91,151.81,148.05,136.72,151.81,149.02,62.23,1.84,833,5,4.2,-1,1.8
SELL,269,PTC,2025-07-22,199.76,613.05,2025-07-15,191.13,58.59,61.23,5287.57,5226.33,4.46,5,rotation (out of top-N),2025-07-21,204.46,182.48,175.63,198.84,193.02,176.15,198.84,197.05,16.42,0.9,7,3.28,3.3,4.1,5.6
BUY,274,GNRC,2025-07-29,157.0,884.26,,,69.41,,,,,,,2025-07-28,193.7,151.52,145.86,155.57,152.46,140.0,155.57,153.66,32.79,1.23,0,5,4.5,3.4,4.2
BUY,275,VRT,2025-07-29,143.33,968.6,,,69.41,,,,,,,2025-07-28,141.46,124.4,111.19,142.41,131.76,121.56,142.38,138.7,27.22,2.58,35,5,4.5,3.1,3.0
BUY,273,WDC,2025-07-29,69.6,1994.67,,,69.41,,,,,,,2025-07-28,76.36,63.67,48.44,68.81,67.82,61.88,68.79,67.47,57.63,1.92,70,5,5.0,-0.0,2.6
SELL,253,COIN,2025-07-29,384.0,396.42,2025-06-17,258.01,51.14,76.11,49942.43,49866.32,48.75,28,rotation (out of top-N),2025-07-28,314.74,331.73,266.57,379.38,392.39,331.42,379.38,371.12,18.07,2.18,42,3.61,3.7,3.4,4.0
SELL,270,IVZ,2025-07-29,21.04,6314.45,2025-07-22,19.39,61.22,66.43,10418.85,10352.42,8.46,5,rotation (out of top-N),2025-07-28,19.92,17.33,15.8,20.94,19.55,16.0,20.94,20.67,26.06,1.27,14,5,3.9,3.5,4.3
SELL,267,LITE,2025-07-29,109.03,1207.37,2025-07-15,97.05,58.59,65.82,14464.33,14398.51,12.29,10,rotation (out of top-N),2025-07-28,106.69,93.27,79.68,107.22,101.84,91.0,107.22,105.8,33.9,1.33,42,5,3.9,2.6,3.4
BUY,276,ANET,2025-08-05,121.13,1263.97,,,76.55,,,,,,,2025-08-04,139.21,110.77,99.71,120.28,117.3,104.41,120.28,116.78,39.6,2.91,21,5,5.6,2.7,2.7
BUY,278,COHR,2025-08-05,107.51,1424.1,,,76.55,,,,,,,2025-08-04,115.5,95.33,86.04,106.78,103.43,91.54,106.78,102.68,34.24,3.84,21,5,5.9,2.9,2.1
BUY,277,FSLR,2025-08-05,183.43,834.68,,,76.55,,,,,,,2025-08-04,184.75,172.85,164.75,183.44,179.99,168.15,183.44,175.58,12.14,4.28,14,2.43,5.2,4.2,3.7
BUY,279,IDXX,2025-08-05,678.46,225.67,,,76.55,,,,,,,2025-08-04,658.56,549.96,464.09,682.85,572.1,538.4,682.85,647.79,41.9,5.13,84,5,5.7,0.5,0.6
BUY,280,LITE,2025-08-05,111.67,1371.05,,,76.55,,,,,,,2025-08-04,116.31,97.46,80.95,111.13,106.67,94.98,111.13,106.99,43.68,3.72,49,5,5.8,2.0,1.7
SELL,271,FIX,2025-08-05,709.01,228.95,2025-07-22,534.78,61.22,81.16,39889.76,39808.6,32.51,10,rotation (out of top-N),2025-08-04,691.38,589.12,459.47,695.13,658.02,552.8,695.13,676.97,50.47,2.61,77,5,5.0,0.2,2.0
SELL,274,GNRC,2025-08-05,196.46,884.26,2025-07-29,157.0,69.41,86.86,34892.92,34806.05,25.07,5,rotation (out of top-N),2025-08-04,196.32,159.67,146.55,196.44,174.51,147.33,196.44,192.33,33.96,2.09,7,5,5.0,3.2,3.5
SELL,272,SMCI,2025-08-05,58.81,2361.83,2025-07-22,51.84,61.22,69.45,16461.96,16392.51,13.39,10,rotation (out of top-N),2025-08-04,44.57,48.05,38.85,58.22,56.56,49.32,58.22,55.98,14.73,3.84,70,2.95,4.1,2.1,2.8
SELL,275,VRT,2025-08-05,140.48,968.6,2025-07-29,143.33,69.41,68.03,-2760.5,-2828.53,-2.04,5,rotation (out of top-N),2025-08-04,139.75,127.19,112.02,140.09,138.5,125.56,140.06,135.09,24.76,3.55,42,4.95,4.9,3.1,2.5
SELL,273,WDC,2025-08-05,77.74,1994.67,2025-07-29,69.6,69.41,77.53,16236.6,16159.06,11.64,5,rotation (out of top-N),2025-08-04,74.74,65.68,49.19,77.1,72.64,64.57,77.08,74.95,51.93,2.77,77,5,5.2,0.1,1.9
BUY,282,EXPE,2025-08-12,191.8,806.67,,,77.36,,,,,,,2025-08-11,205.83,183.39,175.28,191.12,185.8,176.97,191.12,183.02,17.43,4.24,21,3.49,5.3,3.8,3.1
BUY,283,GNRC,2025-08-12,197.71,782.58,,,77.36,,,,,,,2025-08-11,198.53,166.73,146.78,196.56,187.88,155.65,196.56,194.18,35.26,1.21,14,5,4.3,3.0,4.0
BUY,281,WDC,2025-08-12,74.61,2073.71,,,77.36,,,,,,,2025-08-11,74.91,67.36,49.89,74.46,73.82,66.91,74.44,73.16,50.17,1.71,84,5,4.3,0.1,2.5
SELL,278,COHR,2025-08-12,114.72,1424.1,2025-08-05,107.51,76.55,81.68,10260.63,10178.95,6.65,5,rotation (out of top-N),2025-08-11,93.55,95.01,85.63,113.63,108.89,95.29,113.63,110.92,9.25,2.38,28,1.85,3.6,4.1,5.0
SELL,277,FSLR,2025-08-12,184.1,834.68,2025-08-05,183.43,76.55,76.83,559.23,482.4,0.32,5,rotation (out of top-N),2025-08-11,199.7,177.73,164.89,182.19,182.85,170.59,182.19,178.92,21.11,1.8,21,4.22,3.9,3.6,4.3
SELL,279,IDXX,2025-08-12,652.33,225.67,2025-08-05,678.46,76.55,73.6,-5895.55,-5969.15,-3.9,5,rotation (out of top-N),2025-08-11,651.78,568.47,469.54,652.3,619.85,553.54,652.3,645.18,38.81,1.09,91,5,3.2,0.5,2.8
BUY,286,AES,2025-08-19,12.97,12527.22,,,81.24,,,,,,,2025-08-18,13.0,12.2,11.09,12.87,12.63,11.98,12.87,12.54,17.24,2.56,28,3.45,4.1,3.7,4.1
BUY,285,DHI,2025-08-19,165.24,983.29,,,81.24,,,,,,,2025-08-18,169.09,147.05,134.28,163.69,158.07,141.16,163.69,160.81,25.92,1.76,14,5,4.2,3.5,4.0
BUY,284,FSLR,2025-08-19,215.39,754.34,,,81.24,,,,,,,2025-08-18,202.34,182.2,165.19,219.28,191.99,175.23,219.28,207.4,22.49,5.42,28,4.5,5.7,3.4,2.3
BUY,287,INTC,2025-08-19,24.97,6506.93,,,81.24,,,,,,,2025-08-18,24.8,22.23,21.45,23.64,22.32,22.05,23.64,22.53,15.6,4.71,7,3.12,5.7,4.1,3.3
SELL,276,ANET,2025-08-19,137.3,1263.97,2025-08-05,121.13,76.55,86.77,20438.42,20351.65,13.29,10,rotation (out of top-N),2025-08-18,133.23,118.8,101.64,137.99,134.72,115.23,137.99,135.86,31.09,1.55,35,5,4.0,2.9,3.4
SELL,282,EXPE,2025-08-19,204.04,806.67,2025-08-12,191.8,77.36,82.3,9873.63,9791.34,6.33,5,rotation (out of top-N),2025-08-18,213.05,188.78,176.13,205.09,198.22,182.31,205.09,202.71,20.96,1.16,28,4.19,3.4,3.5,4.7
SELL,283,GNRC,2025-08-19,198.55,782.58,2025-08-12,197.71,77.36,77.69,661.28,583.59,0.38,5,rotation (out of top-N),2025-08-18,194.59,171.8,147.1,198.1,195.04,164.87,198.1,195.98,32.29,1.07,21,5,4.0,3.0,3.9
SELL,281,WDC,2025-08-19,75.62,2073.71,2025-08-12,74.61,77.36,78.41,2094.44,2016.04,1.3,5,rotation (out of top-N),2025-08-18,76.78,69.07,50.74,76.11,75.02,69.14,76.09,75.02,51.32,1.41,91,5,4.0,-0.1,2.5
BUY,288,ANET,2025-08-26,133.05,1138.08,,,75.71,,,,,,,2025-08-25,136.52,122.02,102.51,133.03,133.38,119.68,133.03,130.42,33.18,1.96,42,5,4.3,2.6,3.0
BUY,290,APA,2025-08-26,21.53,7033.07,,,75.71,,,,,,,2025-08-25,22.6,19.77,19.07,21.77,20.26,18.99,21.77,21.29,18.53,2.2,7,3.71,4.3,4.0,4.6
BUY,291,CSX,2025-08-26,31.86,4752.73,,,75.71,,,,,,,2025-08-25,32.2,33.56,31.53,32.35,34.68,34.31,32.35,30.93,2.12,4.38,49,0.42,4.2,4.1,4.1
BUY,289,WDC,2025-08-26,78.99,1916.98,,,75.71,,,,,,,2025-08-25,80.15,71.09,51.62,78.99,76.03,70.89,78.97,77.63,55.28,1.7,98,5,4.3,-0.4,2.2
SELL,286,AES,2025-08-26,13.02,12527.22,2025-08-19,12.97,81.24,81.55,626.36,544.81,0.34,5,rotation (out of top-N),2025-08-25,13.07,12.36,11.12,13.01,12.76,12.33,13.01,12.79,17.59,1.67,35,3.52,3.4,3.5,4.5
SELL,268,AMD,2025-08-26,168.65,762.12,2025-07-15,153.75,58.59,64.27,11355.55,11291.28,9.64,30,rotation (out of top-N),2025-08-25,162.69,157.99,123.96,163.35,169.03,161.63,163.35,159.67,31.24,2.25,56,5,4.1,2.5,2.6
SELL,285,DHI,2025-08-26,166.98,983.29,2025-08-19,165.24,81.24,82.09,1710.92,1628.82,1.0,5,rotation (out of top-N),2025-08-25,168.0,150.86,134.47,167.46,162.76,145.94,167.46,164.27,24.94,1.9,21,4.99,4.2,3.4,3.9
SELL,284,FSLR,2025-08-26,199.04,754.34,2025-08-19,215.39,81.24,75.07,-12333.51,-12408.59,-7.64,5,rotation (out of top-N),2025-08-25,195.17,184.56,165.41,199.27,197.85,181.6,199.27,193.88,17.99,2.7,35,3.6,4.1,3.5,3.8
BUY,294,APP,2025-09-09,547.3,300.05,,,82.11,,,,,,,2025-09-08,582.04,453.49,359.11,547.08,488.05,418.65,547.08,520.45,62.08,4.87,854,5,6,-1,0.0
BUY,295,AVGO,2025-09-09,347.89,472.04,,,82.11,,,,,,,2025-09-08,357.81,304.13,238.03,343.66,312.33,296.28,343.12,325.54,50.32,5.12,140,5,5.5,-0.5,0.0
BUY,296,CIEN,2025-09-09,118.66,1383.93,,,82.11,,,,,,,2025-09-08,131.25,99.82,81.73,119.07,104.22,92.36,119.07,116.1,60.59,2.5,77,5,5.4,-0.3,2.1
BUY,293,FSLR,2025-09-09,204.51,802.96,,,82.11,,,,,,,2025-09-08,201.7,190.73,165.74,203.14,200.0,188.29,203.14,195.5,21.69,3.76,49,4.34,4.8,3.1,2.5
BUY,292,MU,2025-09-09,131.6,1247.85,,,82.11,,,,,,,2025-09-08,156.98,125.08,101.78,131.29,123.42,116.84,131.29,127.55,54.23,2.85,91,5,5.1,-0.2,1.6
BUY,297,TSLA,2025-09-09,348.58,471.1,,,82.11,,,,,,,2025-09-08,396.0,341.97,331.7,346.34,340.72,328.53,346.34,336.0,19.39,2.99,0,3.88,5.0,4.0,4.1
SELL,288,ANET,2025-09-09,140.68,1138.08,2025-08-26,133.05,75.71,80.05,8677.89,8597.84,5.68,9,rotation (out of top-N),2025-09-08,139.37,128.28,104.32,140.08,137.97,127.36,140.08,137.14,33.59,2.1,56,5,4.1,2.4,2.7
SELL,290,APA,2025-09-09,21.8,7033.07,2025-08-26,21.53,75.71,76.66,1898.93,1822.27,1.2,9,rotation (out of top-N),2025-09-08,22.23,20.57,19.15,21.67,21.92,19.75,21.67,21.05,16.1,2.85,21,3.22,4.4,3.8,4.1
SELL,291,CSX,2025-09-09,32.08,4752.73,2025-08-26,31.86,75.71,76.23,1045.6,969.37,0.64,9,rotation (out of top-N),2025-09-08,32.14,33.1,31.41,32.12,32.55,34.12,32.12,31.71,2.34,1.28,63,0.47,1.9,2.8,5.9
SELL,233,HOOD,2025-09-09,116.52,1567.04,2025-04-29,49.43,38.73,91.29,105125.13,105033.84,135.6,91,rotation (out of top-N),2025-09-08,115.01,103.28,67.02,117.26,106.21,106.27,117.26,112.21,71.61,4.3,637,5,5.9,-1,0.1
SELL,287,INTC,2025-09-09,24.52,6506.93,2025-08-19,24.97,81.24,79.79,-2895.58,-2975.37,-1.83,14,rotation (out of top-N),2025-09-08,24.06,23.16,21.54,24.5,24.31,22.68,24.43,24.06,11.7,1.5,28,2.34,3.1,3.9,5.4
SELL,289,WDC,2025-09-09,92.82,1916.98,2025-08-26,78.99,75.71,88.97,26511.79,26422.82,17.45,9,rotation (out of top-N),2025-09-08,97.55,79.0,53.91,93.17,85.61,75.43,93.15,91.28,80.94,2.01,112,5,4.5,-0.9,1.8
BUY,299,ANET,2025-09-16,145.87,1222.96,,,89.19,,,,,,,2025-09-15,149.49,132.14,105.25,145.44,142.96,131.93,145.44,140.38,42.03,3.48,63,5,5.4,0.8,1.6
BUY,301,ORCL,2025-09-16,311.6,572.49,,,89.19,,,,,,,2025-09-15,306.43,251.67,187.15,299.75,271.27,246.55,299.75,290.61,63.74,3.05,98,5,5.4,-0.6,1.3
BUY,300,STX,2025-09-16,209.89,849.91,,,89.19,,,,,,,2025-09-15,219.63,173.12,117.07,209.52,189.52,162.87,209.37,202.87,87.61,3.1,112,5,5.2,-0.9,1.1
BUY,298,WBD,2025-09-16,18.82,9478.61,,,89.19,,,,,,,2025-09-15,19.33,14.18,10.89,19.5,14.96,12.7,19.5,18.45,77.44,5.36,91,5,6.5,-0.5,0.5
SELL,294,APP,2025-09-16,595.36,300.05,2025-09-09,547.3,82.11,89.32,14417.3,14327.98,8.72,5,rotation (out of top-N),2025-09-15,649.32,489.1,367.23,592.82,544.72,445.61,592.82,579.84,76.82,2.19,861,5,4.5,-1,1.5
SELL,295,AVGO,2025-09-16,363.34,472.04,2025-09-09,347.89,82.11,85.76,7293.0,7207.25,4.39,5,rotation (out of top-N),2025-09-15,343.13,311.22,241.07,362.03,340.91,305.78,361.46,355.26,42.34,1.71,147,5,3.3,-0.1,1.9
SELL,293,FSLR,2025-09-16,207.38,802.96,2025-09-09,204.51,82.11,83.26,2296.47,2213.21,1.35,5,rotation (out of top-N),2025-09-15,212.29,194.65,166.05,206.96,202.57,192.54,206.96,202.21,27.84,2.29,56,5,4.0,2.7,2.8
SELL,292,MU,2025-09-16,157.96,1247.85,2025-09-09,131.6,82.11,98.56,32893.44,32794.89,19.97,5,rotation (out of top-N),2025-09-15,162.46,131.88,103.29,157.56,140.47,120.79,157.56,153.94,57.28,2.3,98,5,4.8,-0.5,1.8
BUY,302,APP,2025-09-23,641.15,293.91,,,94.22,,,,,,,2025-09-22,669.65,521.92,375.45,643.38,598.54,478.65,643.38,626.52,78.36,2.62,868,5,4.7,-1,1.3
BUY,304,INTC,2025-09-23,28.99,6500.21,,,94.22,,,,,,,2025-09-22,35.48,26.35,22.17,28.74,26.84,23.52,28.75,28.05,60.04,2.45,42,5,5.9,1.3,2.7
BUY,303,TER,2025-09-23,136.17,1383.87,,,94.22,,,,,,,2025-09-22,135.14,114.4,100.62,134.9,119.8,112.35,134.9,130.45,34.3,3.3,35,5,5.3,2.7,2.2
SELL,299,ANET,2025-09-23,145.02,1222.96,2025-09-16,145.87,89.19,88.68,-1033.4,-1122.08,-0.63,5,rotation (out of top-N),2025-09-22,142.48,134.02,105.99,145.34,144.74,136.01,145.34,142.56,34.42,1.92,70,5,3.8,1.1,2.6
SELL,296,CIEN,2025-09-23,140.48,1383.93,2025-09-09,118.66,82.11,97.21,30197.45,30100.24,18.33,10,rotation (out of top-N),2025-09-22,141.99,113.22,84.31,139.33,132.04,104.63,139.33,137.31,68.41,1.45,91,5,4.5,-0.5,2.5
SELL,300,STX,2025-09-23,227.98,849.91,2025-09-16,209.89,89.19,96.88,15374.86,15277.98,8.56,5,rotation (out of top-N),2025-09-22,215.87,180.89,120.33,227.62,207.86,171.28,227.46,223.34,79.4,1.81,119,5,4.2,-1.0,1.8
BUY,308,CIEN,2025-09-30,144.79,1339.88,,,97.0,,,,,,,2025-09-29,151.37,120.16,85.93,144.13,137.6,110.77,144.13,140.71,76.15,2.38,98,5,5.0,-0.6,1.8
BUY,307,HOOD,2025-09-30,135.62,1430.53,,,97.0,,,,,,,2025-09-29,148.63,116.88,73.95,136.72,124.29,113.06,136.72,132.26,100.98,3.27,658,5,5.2,-1,0.8
BUY,306,STX,2025-09-30,225.89,858.83,,,97.0,,,,,,,2025-09-29,251.64,193.75,124.48,227.43,216.8,180.11,227.26,220.47,102.15,2.99,126,5,5.0,-1,1.0
BUY,305,WDC,2025-09-30,117.65,1648.97,,,97.0,,,,,,,2025-09-29,131.09,95.94,59.37,116.62,107.27,88.44,116.55,112.79,120.82,3.23,133,5,5.2,-1,0.8
SELL,280,LITE,2025-09-30,162.09,1371.05,2025-08-05,111.67,76.55,111.12,69135.06,69023.94,45.08,39,rotation (out of top-N),2025-09-29,163.76,142.73,92.88,162.57,160.98,138.32,162.57,159.21,76.31,2.07,105,5,4.6,-0.8,1.9
SELL,301,ORCL,2025-09-30,281.08,572.49,2025-09-16,311.6,89.19,80.46,-17472.35,-17552.81,-9.84,10,rotation (out of top-N),2025-09-29,283.71,261.89,192.93,280.5,291.9,260.53,280.5,274.42,47.05,2.17,112,5,3.9,-0.2,1.7
SELL,303,TER,2025-09-30,133.69,1383.87,2025-09-23,136.17,94.22,92.5,-3431.99,-3524.49,-1.87,5,rotation (out of top-N),2025-09-29,145.45,120.04,101.06,134.09,128.76,116.58,134.09,131.81,43.92,1.7,42,5,4.6,2.1,3.2
SELL,297,TSLA,2025-09-30,442.23,471.1,2025-09-09,348.58,82.11,104.17,44116.59,44012.42,26.8,15,rotation (out of top-N),2025-09-29,429.86,382.82,331.88,443.38,424.58,363.0,443.38,433.44,29.52,2.24,21,5,4.6,3.2,3.2
BUY,310,AMD,2025-10-07,214.85,924.01,,,99.26,,,,,,,2025-10-06,214.75,169.0,129.8,203.69,170.4,164.99,203.69,186.99,65.45,8.2,98,5,6.4,-0.6,0.4
BUY,311,LITE,2025-10-07,160.99,1233.15,,,99.26,,,,,,,2025-10-06,149.57,143.98,94.39,160.52,163.56,145.11,160.52,153.77,58.47,4.21,112,5,5.9,-0.8,0.3
BUY,309,MU,2025-10-07,194.84,1018.91,,,99.26,,,,,,,2025-10-06,181.29,152.23,109.76,190.84,174.84,142.5,190.84,183.28,65.17,3.96,119,5,5.7,-1.0,0.4
SELL,308,CIEN,2025-10-07,153.92,1339.88,2025-09-30,144.79,97.0,103.12,12233.1,12129.98,6.25,5,rotation (out of top-N),2025-10-06,155.86,126.65,87.74,153.24,146.39,117.92,153.24,149.02,77.65,2.75,105,5,5.1,-0.8,1.4
SELL,306,STX,2025-10-07,243.44,858.83,2025-09-30,225.89,97.0,104.54,15072.47,14967.93,7.72,5,rotation (out of top-N),2025-10-06,213.45,197.33,127.64,241.74,236.39,192.4,241.57,233.65,67.23,3.28,133,5,5.2,-1,0.8
SELL,298,WBD,2025-10-07,19.04,9478.61,2025-09-16,18.82,89.19,90.24,2085.29,1995.06,1.12,15,rotation (out of top-N),2025-10-06,17.11,16.08,11.49,19.09,19.02,15.07,19.09,18.72,49.0,1.96,112,5,3.9,-0.3,1.8
BUY,313,CIEN,2025-10-14,161.07,1117.02,,,89.96,,,,,,,2025-10-13,170.96,134.71,89.95,164.82,154.97,126.13,164.82,158.43,90.05,3.87,112,5,5.7,-0.9,0.6
BUY,312,VRT,2025-10-14,171.2,1050.92,,,89.96,,,,,,,2025-10-13,173.85,148.8,116.22,178.96,163.85,140.86,178.92,169.22,49.58,5.42,112,5,5.6,-0.3,0.1
SELL,302,APP,2025-10-14,576.86,293.91,2025-09-23,641.15,94.22,84.77,-18895.53,-18980.3,-10.07,15,rotation (out of top-N),2025-10-13,599.26,562.67,396.65,589.87,619.7,567.05,589.87,571.34,51.08,3.14,889,5,4.6,-0.6,0.9
SELL,309,MU,2025-10-14,186.82,1018.91,2025-10-07,194.84,99.26,95.18,-8171.65,-8266.83,-4.16,5,rotation (out of top-N),2025-10-13,202.15,161.31,112.34,192.56,184.14,150.67,192.56,186.0,79.95,3.41,126,5,5.3,-1,0.7
BUY,317,ALB,2025-10-21,93.26,2121.59,,,98.93,,,,,,,2025-10-20,105.06,87.82,72.62,95.69,93.23,84.47,95.44,92.54,44.67,3.04,56,5,5.3,1.8,2.0
BUY,315,APP,2025-10-21,567.78,348.48,,,98.93,,,,,,,2025-10-20,620.1,573.11,403.59,566.01,601.09,588.05,566.01,543.75,53.64,3.93,896,5,5.3,-0.7,0.4
BUY,316,COHR,2025-10-21,121.62,1626.86,,,98.93,,,,,,,2025-10-20,129.35,110.41,87.14,120.19,114.96,105.86,120.19,115.54,48.45,3.87,98,5,5.4,-0.1,0.8
BUY,314,STX,2025-10-21,211.7,934.62,,,98.93,,,,,,,2025-10-20,233.11,207.86,134.51,213.38,221.17,208.41,213.22,204.23,73.31,4.22,147,5,5.8,-1,0.2
SELL,310,AMD,2025-10-21,239.52,924.01,2025-10-07,214.85,99.26,110.66,22795.42,22684.76,11.43,10,rotation (out of top-N),2025-10-20,252.84,193.79,136.01,240.52,222.84,178.65,240.52,235.18,85.89,2.22,112,5,4.6,-0.9,1.7
SELL,313,CIEN,2025-10-21,173.02,1117.02,2025-10-14,161.07,89.96,96.63,13348.36,13251.73,7.37,5,rotation (out of top-N),2025-10-20,179.16,142.79,92.31,173.29,164.8,136.24,173.29,168.25,94.08,2.91,119,5,5.0,-1.0,1.1
SELL,307,HOOD,2025-10-21,135.19,1430.53,2025-09-30,135.62,97.0,96.7,-607.97,-704.67,-0.36,15,rotation (out of top-N),2025-10-20,139.79,125.67,80.93,135.83,136.4,124.73,135.83,131.68,72.73,3.05,679,5,5.0,-1,1.0
SELL,312,VRT,2025-10-21,175.15,1050.92,2025-10-14,171.2,89.96,92.03,4151.15,4059.11,2.26,5,rotation (out of top-N),2025-10-20,185.97,155.56,117.48,175.62,171.74,146.82,175.59,170.71,58.3,2.78,119,5,4.8,-0.9,1.2
BUY,318,FIX,2025-10-28,966.55,223.96,,,108.23,,,,,,,2025-10-27,963.68,829.86,556.98,975.57,873.54,801.95,975.57,924.96,73.02,5.19,161,5,6,-1,0.0
BUY,319,HOOD,2025-10-28,145.96,1483.12,,,108.23,,,,,,,2025-10-27,146.75,129.51,83.32,145.79,137.08,128.52,145.79,140.41,76.12,3.69,686,5,5.5,-1,0.5
BUY,320,TER,2025-10-28,145.39,1488.89,,,108.23,,,,,,,2025-10-27,181.46,138.13,102.69,147.24,142.22,131.73,147.24,144.17,76.71,2.09,70,5,5.2,-0.2,2.4
SELL,315,APP,2025-10-28,646.0,348.48,2025-10-21,567.78,98.93,112.56,27256.25,27143.69,13.72,5,rotation (out of top-N),2025-10-27,637.47,584.81,410.45,643.15,602.66,603.68,643.15,626.36,55.31,2.61,903,5,4.5,-0.8,1.3
SELL,316,COHR,2025-10-28,133.06,1626.86,2025-10-21,121.62,98.93,108.24,18619.45,18511.21,9.36,5,rotation (out of top-N),2025-10-27,131.95,114.33,87.93,134.94,122.04,109.94,134.94,130.1,50.07,3.59,105,5,5.1,-0.3,0.9
SELL,305,WDC,2025-10-28,126.18,1648.97,2025-09-30,117.65,97.0,104.03,14065.7,13961.67,7.2,20,rotation (out of top-N),2025-10-27,150.04,116.32,67.98,126.5,123.74,111.68,126.46,122.94,120.71,2.79,161,5,4.9,-1,1.1
BUY,324,COHR,2025-11-04,125.94,1710.47,,,107.71,,,,,,,2025-11-03,154.51,121.64,89.53,132.01,129.22,114.96,132.01,127.98,72.58,3.06,112,5,5.2,-0.9,1.1
BUY,323,FSLR,2025-11-04,254.36,846.9,,,107.71,,,,,,,2025-11-03,267.63,234.34,176.42,265.62,245.8,226.05,265.62,253.12,51.7,4.71,105,5,5.8,-0.3,0.2
BUY,322,MU,2025-11-04,221.98,970.43,,,107.71,,,,,,,2025-11-03,237.7,191.46,121.86,234.44,218.93,184.57,234.44,226.28,95.05,3.48,147,5,5.3,-1,0.7
BUY,321,WDC,2025-11-04,151.16,1425.09,,,107.71,,,,,,,2025-11-03,162.8,124.77,70.95,157.81,137.39,118.39,157.77,147.26,129.47,6.66,168,5,6,-1,0.0
SELL,317,ALB,2025-11-04,90.98,2121.59,2025-10-21,93.26,98.93,96.51,-4837.22,-4933.73,-2.49,10,rotation (out of top-N),2025-11-03,96.63,90.9,73.25,95.97,96.36,88.22,95.73,93.17,31.91,2.68,70,5,4.2,1.2,2.0
SELL,318,FIX,2025-11-04,954.52,223.96,2025-10-28,966.55,108.23,106.89,-2694.24,-2801.13,-1.29,5,rotation (out of top-N),2025-11-03,954.65,852.55,569.93,975.09,937.81,835.64,975.09,960.27,67.5,1.52,168,5,4.0,-1,2.0
SELL,319,HOOD,2025-11-04,139.9,1483.12,2025-10-28,145.96,108.23,103.74,-8980.3,-9084.05,-4.2,5,rotation (out of top-N),2025-11-03,130.36,129.66,85.28,147.11,141.98,133.52,146.66,142.46,52.85,2.86,693,5,4.6,-0.6,1.1
SELL,304,INTC,2025-11-04,38.14,6500.21,2025-09-23,28.99,94.22,123.96,59476.88,59352.92,31.5,30,rotation (out of top-N),2025-11-03,38.15,34.55,24.79,39.49,39.36,34.26,39.49,38.67,53.9,2.08,84,5,4.7,-0.1,2.2
BUY,325,ALB,2025-11-11,101.57,2310.32,,,117.33,,,,,,,2025-11-10,114.52,95.19,74.23,103.03,95.74,90.6,102.77,98.4,54.29,4.25,77,5,6.3,0.0,0.9
BUY,326,CIEN,2025-11-11,205.29,1143.06,,,117.33,,,,,,,2025-11-10,191.64,165.82,100.0,208.59,193.35,164.68,208.59,199.87,91.65,4.18,140,5,5.8,-1,0.2
SELL,323,FSLR,2025-11-11,270.09,846.9,2025-11-04,254.36,107.71,114.37,13321.68,13207.31,6.13,5,rotation (out of top-N),2025-11-10,253.09,237.75,178.54,272.37,261.62,234.38,272.37,261.57,41.75,3.96,112,5,4.9,0.0,0.5
SELL,322,MU,2025-11-11,247.95,970.43,2025-11-04,221.98,107.71,120.31,25202.12,25081.81,11.64,5,rotation (out of top-N),2025-11-10,246.66,201.5,125.73,253.01,232.0,195.68,253.01,243.38,96.18,3.81,154,5,5.5,-1,0.5
BUY,327,MU,2025-11-18,235.22,1044.81,,,122.88,,,,,,,2025-11-17,207.19,202.53,128.43,241.68,238.52,205.61,241.68,228.88,61.32,5.3,161,5,6,-1,0.0
SELL,320,TER,2025-11-18,165.07,1488.89,2025-10-28,145.39,108.23,122.89,29301.26,29178.38,13.48,15,rotation (out of top-N),2025-11-17,158.58,151.9,106.93,167.23,172.93,153.27,167.23,161.74,48.3,3.28,91,5,5.1,0.1,1.3
BUY,328,TER,2025-11-25,164.47,1420.49,,,116.81,,,,,,,2025-11-24,181.69,157.32,108.59,165.77,166.09,156.81,165.77,160.04,67.32,3.46,98,5,5.7,-0.6,1.1
SELL,314,STX,2025-11-25,250.09,934.62,2025-10-21,211.7,98.93,116.87,35880.08,35763.21,18.08,25,rotation (out of top-N),2025-11-24,275.43,241.22,154.74,252.21,254.08,244.4,252.03,242.87,78.0,3.64,182,5,5.4,-1,0.6
BUY,329,STX,2025-12-02,273.06,969.08,,,132.31,,,,,,,2025-12-01,277.73,247.86,159.19,268.94,262.72,246.4,268.75,261.9,74.47,2.55,189,5,4.7,-1,1.3
SELL,328,TER,2025-12-02,186.39,1420.49,2025-11-25,164.47,116.81,132.38,31137.2,31004.82,13.27,4,rotation (out of top-N),2025-12-01,200.62,165.19,110.87,179.59,172.61,160.31,179.59,176.24,80.95,1.86,105,5,4.5,-0.8,2.0
BUY,331,COO,2025-12-09,78.16,3285.48,,,128.4,,,,,,,2025-12-08,82.11,75.74,74.29,78.03,77.11,73.07,78.03,74.18,10.51,4.94,0,2.1,5.5,4.5,3.9
BUY,330,WBD,2025-12-09,27.48,9346.43,,,128.4,,,,,,,2025-12-08,29.98,23.42,14.41,27.23,24.82,22.15,27.23,26.17,108.04,3.88,175,5,5.6,-1,0.4
SELL,329,STX,2025-12-09,281.93,969.08,2025-12-02,273.06,132.31,136.61,8595.76,8459.16,3.2,5,rotation (out of top-N),2025-12-08,286.3,254.85,164.19,284.18,268.78,252.06,283.97,276.41,74.37,2.66,196,5,4.8,-1,1.2
SELL,321,WDC,2025-12-09,168.94,1425.09,2025-11-04,151.16,107.71,120.38,25338.09,25217.71,11.71,24,rotation (out of top-N),2025-12-08,176.27,149.45,85.39,169.73,161.39,146.86,169.69,165.12,106.42,2.69,203,5,4.8,-1,1.2
BUY,334,APP,2025-12-16,667.73,422.12,,,140.93,,,,,,,2025-12-15,721.63,631.77,455.98,675.18,674.3,613.28,675.18,649.93,58.26,3.74,952,5,5.4,-0.9,0.5
BUY,332,STX,2025-12-16,286.24,984.69,,,140.93,,,,,,,2025-12-15,295.05,262.16,169.42,284.24,282.7,261.04,284.03,272.43,74.16,4.08,203,5,5.7,-1,0.3
BUY,333,WDC,2025-12-16,172.2,1636.81,,,140.93,,,,,,,2025-12-15,181.06,155.2,88.81,171.91,171.33,153.92,171.86,164.49,103.87,4.29,210,5,5.9,-1,0.1
SELL,325,ALB,2025-12-16,131.25,2310.32,2025-11-11,101.57,117.33,151.61,68570.29,68418.68,29.16,24,rotation (out of top-N),2025-12-15,145.45,118.53,80.87,131.93,128.82,111.74,131.6,128.48,79.85,2.37,112,5,4.7,-0.9,1.6
SELL,331,COO,2025-12-16,81.36,3285.48,2025-12-09,78.16,128.4,133.65,10513.54,10379.89,4.04,5,rotation (out of top-N),2025-12-15,82.76,77.01,74.33,81.55,79.75,74.38,81.55,80.51,11.34,1.27,7,2.27,3.3,4.3,5.9
SELL,330,WBD,2025-12-16,29.49,9346.43,2025-12-09,27.48,128.4,137.81,18833.06,18695.25,7.28,5,rotation (out of top-N),2025-12-15,27.82,24.22,14.85,29.73,27.8,23.56,29.73,29.36,87.32,1.24,182,5,3.8,-1,2.2
BUY,335,ALB,2025-12-23,147.94,2014.98,,,149.05,,,,,,,2025-12-22,149.66,124.19,82.71,145.01,136.33,117.16,144.64,139.98,80.95,3.22,119,5,5.2,-1.0,0.9
BUY,336,MRNA,2025-12-23,34.86,8551.23,,,149.05,,,,,,,2025-12-22,31.2,28.56,27.22,34.91,30.95,26.54,34.91,33.44,14.64,4.22,7,2.93,5.4,4.2,3.6
SELL,334,APP,2025-12-23,730.94,422.12,2025-12-16,667.73,140.93,154.27,26684.1,26529.83,9.41,5,rotation (out of top-N),2025-12-22,714.08,646.74,465.97,733.02,693.03,628.03,733.02,712.93,53.25,2.74,959,5,4.5,-0.7,1.2
SELL,327,MU,2025-12-23,275.48,1044.81,2025-11-18,235.22,122.88,143.91,42063.88,41919.97,17.06,24,rotation (out of top-N),2025-12-22,284.5,237.68,148.07,276.41,250.56,236.15,276.41,268.61,92.14,2.82,196,5,4.9,-1,1.1
BUY,337,MU,2025-12-30,294.69,903.72,,,133.16,,,,,,,2025-12-29,315.25,251.78,153.74,294.25,270.46,242.38,294.25,288.38,105.05,1.99,203,5,4.3,-1,1.7
SELL,336,MRNA,2025-12-30,31.14,8551.23,2025-12-23,34.86,149.05,133.14,-31810.57,-31943.71,-10.72,4,rotation (out of top-N),2025-12-29,30.87,28.98,27.21,31.15,31.38,27.11,31.15,30.5,13.45,2.07,14,2.69,3.8,4.1,5.0
BUY,339,HAL,2026-01-06,31.64,9329.45,,,147.59,,,,,,,2026-01-05,32.47,28.17,23.28,31.79,28.89,27.4,31.65,30.34,39.47,4.15,77,5,5.5,0.7,1.0
BUY,338,INTC,2026-01-06,39.86,7405.52,,,147.59,,,,,,,2026-01-05,45.5,38.78,28.41,39.37,37.76,37.73,39.37,37.9,60.13,3.74,147,5,5.5,-1,0.5
SELL,335,ALB,2026-01-06,150.45,2014.98,2025-12-23,147.94,149.05,151.58,5057.59,4906.02,1.65,8,rotation (out of top-N),2026-01-05,160.89,133.73,87.1,145.74,142.83,127.17,145.37,141.74,84.71,2.5,133,5,4.7,-1,1.3
SELL,337,MU,2026-01-06,318.32,903.72,2025-12-30,294.69,133.16,143.84,21354.89,21211.06,7.96,4,rotation (out of top-N),2026-01-05,344.83,268.7,160.75,311.99,288.68,249.68,312.35,304.25,114.51,2.59,210,5,4.7,-1,1.3
BUY,340,MRNA,2026-01-13,34.22,8760.8,,,149.88,,,,,,,2026-01-12,41.83,32.11,27.83,33.85,33.27,28.87,33.85,32.47,50.3,4.09,28,5,6.8,2.0,1.8
SELL,339,HAL,2026-01-13,32.13,9329.45,2026-01-06,31.64,147.59,149.88,4571.43,4421.56,1.5,5,rotation (out of top-N),2026-01-12,32.41,28.94,23.58,31.75,30.6,27.93,31.61,31.04,37.45,1.81,84,5,3.7,0.7,2.4
BUY,342,ALB,2026-01-27,188.48,1980.04,,,186.6,,,,,,,2026-01-26,170.16,152.1,96.03,189.27,177.42,148.36,188.79,183.53,77.19,2.79,154,5,4.9,-1,1.1
BUY,341,MU,2026-01-27,402.47,927.27,,,186.6,,,,,,,2026-01-26,414.8,326.15,184.73,388.91,369.55,293.67,388.91,375.62,124.54,3.42,231,5,5.3,-1,0.7
SELL,338,INTC,2026-01-27,43.96,7405.52,2026-01-06,39.86,147.59,162.77,30362.62,30199.85,10.23,14,rotation (out of top-N),2026-01-26,46.46,42.1,30.41,42.48,46.83,41.34,42.48,41.22,52.79,2.97,168,5,4.6,-0.6,1.0
SELL,311,LITE,2026-01-27,341.76,1233.15,2025-10-07,160.99,99.26,210.72,222922.14,222711.42,112.18,76,rotation (out of top-N),2026-01-26,391.71,336.91,186.23,332.32,347.17,350.37,332.32,317.49,110.33,4.46,224,5,6.0,-1,0.0
BUY,343,LITE,2026-02-03,453.36,902.55,,,204.59,,,,,,,2026-02-02,552.0,376.01,198.46,423.71,377.63,360.27,423.71,387.93,178.14,8.44,231,5,6,-1,0.0
SELL,341,MU,2026-02-03,441.31,927.27,2026-01-27,402.47,186.6,204.61,36015.14,35810.53,9.6,5,rotation (out of top-N),2026-02-02,394.43,338.57,192.58,437.59,406.52,317.49,439.76,423.27,104.81,3.75,238,5,5.5,-1,0.5
BUY,345,GLW,2026-02-10,129.51,2685.54,,,173.9,,,,,,,2026-02-09,132.96,103.13,75.21,130.94,112.63,94.98,130.94,126.2,76.77,3.62,259,5,5.4,-1,0.6
BUY,344,TER,2026-02-10,311.61,1116.15,,,173.9,,,,,,,2026-02-09,314.49,242.25,148.81,310.24,271.63,224.81,310.24,299.28,111.34,3.53,175,5,5.4,-1,0.6
SELL,342,ALB,2026-02-10,164.2,1980.04,2026-01-27,188.48,186.6,162.56,-48075.39,-48237.95,-12.93,10,rotation (out of top-N),2026-02-09,166.07,156.26,101.36,165.17,168.51,159.56,164.75,160.75,63.85,2.43,168,5,4.6,-1,1.4
SELL,340,MRNA,2026-02-10,42.34,8760.8,2026-01-13,34.22,149.88,185.49,71225.33,71039.84,23.7,19,rotation (out of top-N),2026-02-09,42.18,38.39,29.64,41.97,42.72,37.73,41.97,40.63,42.32,3.18,56,5,5.3,2.0,1.9
BUY,346,FIX,2026-02-24,1412.5,272.32,,,192.33,,,,,,,2026-02-23,1428.64,1225.4,854.68,1409.03,1341.11,1144.67,1409.03,1348.55,67.15,4.29,280,5,5.9,-1,0.1
BUY,348,MRNA,2026-02-24,50.21,7660.87,,,192.33,,,,,,,2026-02-23,53.61,42.87,30.95,50.3,46.2,40.82,50.3,47.4,73.24,5.76,70,5,6.8,-0.2,0.8
BUY,347,TPL,2026-02-24,502.65,765.25,,,192.33,,,,,,,2026-02-23,522.69,401.74,332.68,501.49,444.69,351.68,502.25,476.83,57.11,5.06,14,5,7.6,1.9,1.8
SELL,326,CIEN,2026-02-24,342.05,1143.06,2025-11-11,205.29,117.33,195.49,156325.15,156129.66,66.53,70,rotation (out of top-N),2026-02-23,348.66,278.98,166.85,344.77,310.47,260.9,344.77,332.53,108.97,3.55,245,5,5.4,-1,0.6
SELL,332,STX,2026-02-24,409.26,984.69,2025-12-16,286.24,140.93,201.5,121136.63,120935.13,42.91,46,rotation (out of top-N),2026-02-23,407.25,371.28,238.39,406.76,412.55,361.53,406.76,392.44,70.83,3.52,273,5,5.3,-1,0.7
SELL,344,TER,2026-02-24,323.24,1116.15,2026-02-10,311.61,173.9,180.39,12980.83,12800.44,3.68,9,rotation (out of top-N),2026-02-23,320.2,268.71,160.95,318.5,308.88,251.83,318.62,309.74,98.94,2.79,189,5,4.9,-1,1.1
BUY,350,CIEN,2026-03-03,338.33,1144.02,,,193.53,,,,,,,2026-03-02,293.96,281.7,172.19,353.64,334.62,274.57,353.64,340.22,70.71,3.8,252,5,5.5,-1,0.5
BUY,349,LYB,2026-03-03,55.41,6985.33,,,193.53,,,,,,,2026-03-02,66.44,54.24,49.99,57.28,55.77,51.53,57.88,56.13,32.9,3.02,14,5,5.4,3.1,2.8
SELL,346,FIX,2026-03-03,1355.16,272.32,2026-02-24,1412.5,192.33,184.52,-15614.84,-15799.36,-4.11,5,rotation (out of top-N),2026-03-02,1279.35,1235.21,874.73,1436.11,1403.85,1206.38,1436.11,1399.03,46.26,2.58,287,5,4.0,-0.3,1.3
SELL,345,GLW,2026-03-03,150.91,2685.54,2026-02-10,129.51,173.9,202.64,57470.47,57267.83,16.47,14,rotation (out of top-N),2026-03-02,123.12,118.13,81.92,157.6,145.68,113.24,157.84,151.19,50.29,4.21,280,5,5.3,-0.5,0.2
BUY,352,CF,2026-03-10,109.14,4816.12,,,262.82,,,,,,,2026-03-09,129.08,101.54,88.36,110.55,105.46,94.13,110.55,103.93,46.08,5.99,35,5,6.7,2.1,1.4
BUY,351,DOW,2026-03-10,34.38,15288.88,,,262.82,,,,,,,2026-03-09,36.24,30.36,25.1,33.98,31.88,29.51,34.33,32.62,44.38,4.99,49,5,6.4,2.0,1.2
SELL,343,LITE,2026-03-10,677.07,902.55,2026-02-03,453.36,204.59,305.54,201910.31,201604.77,49.27,24,rotation (out of top-N),2026-03-09,622.14,531.67,266.94,640.74,651.31,513.32,640.06,603.83,133.06,5.66,266,5,6,-1,0.0
SELL,333,WDC,2026-03-10,269.33,1636.81,2025-12-16,172.2,140.93,220.42,158982.87,158762.45,56.33,56,rotation (out of top-N),2026-03-09,272.29,250.64,148.9,262.06,264.34,259.79,262.06,250.43,82.87,4.44,294,5,6.0,-1,0.0
BUY,354,LITE,2026-03-17,597.38,799.06,,,238.67,,,,,,,2026-03-16,705.64,563.3,282.52,625.38,641.81,550.37,627.55,594.23,149.77,5.31,273,5,6,-1,0.0
BUY,353,WDC,2026-03-17,288.31,1655.62,,,238.67,,,,,,,2026-03-16,293.02,258.35,154.84,286.35,269.75,267.08,286.35,275.35,89.25,3.84,301,5,5.6,-1,0.4
SELL,351,DOW,2026-03-17,35.84,15288.88,2026-03-10,34.38,262.82,273.98,22321.77,22047.79,4.19,5,rotation (out of top-N),2026-03-16,36.29,31.44,25.3,35.66,34.21,30.61,36.02,35.15,43.45,2.42,56,5,4.9,1.9,2.5
SELL,347,TPL,2026-03-17,532.06,765.25,2026-02-24,502.65,192.33,203.58,22505.96,22302.38,5.8,15,rotation (out of top-N),2026-03-16,518.85,457.27,344.35,526.62,522.93,435.54,527.43,515.28,50.68,2.3,35,5,5.5,1.9,2.9
BUY,356,DOW,2026-03-24,35.98,12162.74,,,218.81,,,,,,,2026-03-23,40.41,33.07,25.65,35.65,35.64,31.79,36.01,34.96,57.56,2.91,63,5,5.8,0.1,2.0
BUY,355,TER,2026-03-24,300.25,1457.5,,,218.81,,,,,,,2026-03-23,295.72,279.45,181.28,303.89,298.83,295.76,304.0,291.8,63.13,4.01,217,5,5.7,-1,0.3
SELL,348,MRNA,2026-03-24,50.65,7660.87,2026-02-24,50.21,192.33,194.01,3370.78,3176.77,0.83,20,rotation (out of top-N),2026-03-23,49.6,47.5,33.43,51.31,52.54,48.7,51.31,49.33,48.36,3.86,98,5,5.4,-0.1,0.8
SELL,353,WDC,2026-03-24,294.51,1655.62,2026-03-17,288.31,238.67,243.8,10264.87,10021.07,2.1,5,rotation (out of top-N),2026-03-23,275.49,261.46,160.24,295.02,290.68,276.04,295.02,283.25,71.92,3.99,308,5,5.7,-1,0.3
BUY,358,GLW,2026-03-31,131.21,4002.4,,,262.58,,,,,,,2026-03-30,147.66,128.09,90.36,128.32,134.23,133.41,128.52,121.69,63.42,5.31,308,5,6,-1,0.0
BUY,357,WDC,2026-03-31,255.6,2054.6,,,262.58,,,,,,,2026-03-30,294.97,267.56,166.04,251.66,280.59,278.44,251.66,238.91,77.65,5.07,315,5,6,-1,0.0
SELL,352,CF,2026-03-31,133.96,4816.12,2026-03-10,109.14,262.82,322.58,119536.21,119213.63,22.68,15,rotation (out of top-N),2026-03-30,129.43,114.53,90.98,136.97,128.61,108.5,136.97,132.61,42.26,3.18,56,5,5.3,2.0,1.9
SELL,355,TER,2026-03-31,278.39,1457.5,2026-03-24,300.25,218.81,202.88,-31861.04,-32063.91,-7.33,5,rotation (out of top-N),2026-03-30,309.25,284.87,186.76,276.33,298.25,303.24,276.43,264.72,65.59,4.23,224,5,5.8,-1,0.2
BUY,360,SNDK,2026-04-07,722.59,737.2,,,266.34,,,,,,,2026-04-06,851.04,647.1,300.48,724.12,674.15,639.41,724.12,698.2,183.22,3.58,999,5,5.4,-1,0.6
BUY,359,STX,2026-04-07,449.75,1184.41,,,266.34,,,,,,,2026-04-06,503.37,408.59,280.21,453.38,412.49,401.6,453.38,434.94,79.64,4.07,315,5,5.7,-1,0.3
SELL,356,DOW,2026-04-07,40.37,12162.74,2026-03-24,35.98,218.81,245.51,53394.45,53148.94,12.15,9,rotation (out of top-N),2026-04-06,38.6,35.25,26.32,40.15,39.65,34.44,40.55,39.41,46.65,2.83,77,5,4.9,0.4,1.8
SELL,358,GLW,2026-04-07,143.64,4002.4,2026-03-31,131.21,262.58,287.45,49749.82,49462.37,9.42,4,rotation (out of top-N),2026-04-06,170.96,135.89,93.32,146.28,139.53,136.6,146.5,142.04,83.2,3.05,315,5,5.0,-1,1.0
BUY,362,ALB,2026-04-14,190.96,2969.8,,,283.56,,,,,,,2026-04-13,197.64,173.21,126.49,185.39,176.51,172.14,185.39,179.84,56.25,2.99,231,5,4.8,-0.8,1.0
BUY,361,DELL,2026-04-14,185.5,3057.22,,,283.56,,,,,,,2026-04-13,195.96,162.16,137.46,189.22,177.37,152.22,182.9,176.75,42.56,3.36,42,5,5.7,2.2,2.1
SELL,349,LYB,2026-04-14,74.17,6985.33,2026-03-03,55.41,193.53,259.05,131044.83,130785.78,33.79,29,rotation (out of top-N),2026-04-13,65.62,67.25,52.66,74.72,75.12,67.79,75.5,73.77,24.61,2.3,56,4.92,3.8,2.8,3.1
SELL,359,STX,2026-04-14,520.71,1184.41,2026-04-07,449.75,266.34,308.36,84039.6,83731.24,15.72,5,rotation (out of top-N),2026-04-13,547.41,433.83,290.25,513.3,467.98,411.53,513.3,503.19,88.6,1.97,322,5,4.3,-1,1.7
BUY,365,CF,2026-04-21,115.17,5611.32,,,323.13,,,,,,,2026-04-20,120.43,116.02,92.83,115.46,120.32,118.81,115.46,110.59,29.73,4.22,77,5,5.0,1.2,0.9
BUY,364,DOW,2026-04-21,36.81,17556.54,,,323.13,,,,,,,2026-04-20,38.25,35.8,26.78,36.39,38.06,36.18,36.76,35.09,42.81,4.54,91,5,5.6,0.3,0.5
BUY,363,LYB,2026-04-21,68.96,9371.46,,,323.13,,,,,,,2026-04-20,69.16,67.6,52.92,67.87,71.83,69.73,68.58,65.82,30.68,4.03,63,5,5.2,1.4,1.3
SELL,362,ALB,2026-04-21,195.67,2969.8,2026-04-14,190.96,283.56,290.55,13987.77,13697.22,2.42,5,rotation (out of top-N),2026-04-20,188.34,175.96,129.29,194.81,189.71,175.68,194.81,187.08,45.67,3.97,238,5,4.9,-0.3,0.4
SELL,350,CIEN,2026-04-21,509.37,1144.02,2026-03-03,338.33,193.53,291.37,195673.67,195382.3,50.48,34,rotation (out of top-N),2026-04-20,520.84,421.03,235.94,503.56,480.0,397.84,503.56,490.47,120.75,2.6,301,5,4.7,-1,1.3
SELL,357,WDC,2026-04-21,377.84,2054.6,2026-03-31,255.6,262.58,388.15,251153.83,250765.67,47.75,14,rotation (out of top-N),2026-04-20,403.94,317.21,189.05,374.21,351.23,297.93,374.21,363.31,113.68,2.91,336,5,4.9,-1,1.1
BUY,370,CIEN,2026-04-28,473.69,1457.82,,,345.28,,,,,,,2026-04-27,535.82,441.9,247.12,506.28,499.19,418.27,506.28,489.05,116.82,3.4,308,5,5.3,-1,0.7
BUY,366,FIX,2026-04-28,1714.87,402.69,,,345.28,,,,,,,2026-04-27,1867.92,1544.88,1074.49,1795.34,1692.68,1487.67,1795.34,1720.85,73.84,4.15,343,5,5.8,-1,0.2
BUY,369,INTC,2026-04-28,81.31,8493.41,,,345.28,,,,,,,2026-04-27,99.66,65.25,41.65,84.99,70.73,53.38,84.99,81.21,139.25,4.44,259,5,6.0,-1,0.0
BUY,367,MU,2026-04-28,502.16,1375.17,,,345.28,,,,,,,2026-04-27,542.26,440.39,287.43,524.73,472.39,416.85,524.73,503.7,88.66,4.01,322,5,5.7,-1,0.3
BUY,368,TER,2026-04-28,383.5,1800.67,,,345.28,,,,,,,2026-04-27,345.31,335.52,215.21,401.83,385.26,328.55,401.99,387.31,60.45,3.65,252,5,5.4,-1,0.6
SELL,365,CF,2026-04-28,125.81,5611.32,2026-04-21,115.17,323.13,352.98,59704.48,59351.5,9.18,5,rotation (out of top-N),2026-04-27,122.27,117.16,93.6,123.12,121.64,122.03,123.12,120.1,30.62,2.45,84,5,3.8,1.1,2.0
SELL,361,DELL,2026-04-28,209.53,3057.22,2026-04-14,185.5,283.56,320.29,73464.88,73144.59,12.9,10,rotation (out of top-N),2026-04-27,210.24,178.92,141.64,215.98,204.55,172.32,215.98,210.79,48.43,2.4,56,5,5.1,1.6,2.5
SELL,364,DOW,2026-04-28,38.56,17556.54,2026-04-21,36.81,323.13,338.49,30723.94,30385.45,4.7,5,rotation (out of top-N),2026-04-27,39.89,36.54,27.18,37.71,38.06,37.22,38.09,36.86,46.79,3.25,98,5,4.9,0.0,1.2
SELL,363,LYB,2026-04-28,71.99,9371.46,2026-04-21,68.96,323.13,337.33,28395.53,28058.21,4.34,5,rotation (out of top-N),2026-04-27,74.18,68.79,53.29,70.29,70.78,71.53,71.03,69.51,39.2,2.14,70,5,4.2,0.9,2.4
SELL,360,SNDK,2026-04-28,1026.99,737.2,2026-04-07,722.59,266.34,378.55,224409.95,224031.4,42.06,15,rotation (out of top-N),2026-04-27,1188.14,829.71,374.67,1069.93,944.91,747.93,1069.93,1032.93,217.11,3.46,999,5,5.3,-1,0.7
BUY,374,AGL,2026-05-05,26.46,28377.4,,,375.43,,,,,,,2026-05-04,53.99,26.89,21.61,26.96,26.97,18.77,26.96,25.21,149.85,6.48,0,5,8.0,2.0,2.0
BUY,377,ARM,2026-05-05,210.37,3569.26,,,375.43,,,,,,,2026-05-04,213.18,175.31,142.01,203.17,200.49,158.11,202.75,195.87,50.11,3.39,21,5,6.4,2.1,2.4
BUY,376,BAND,2026-05-05,44.99,16689.62,,,375.43,,,,,,,2026-05-04,49.91,28.08,17.19,45.01,31.9,20.33,45.01,41.5,190.35,7.8,42,5,7.3,1.3,1.3
BUY,373,DDOG,2026-05-05,147.81,5079.77,,,375.43,,,,,,,2026-05-04,200.23,139.22,138.59,146.72,134.22,124.55,146.72,140.48,44.48,4.25,0,5,7.1,2.8,2.2
BUY,375,PENG,2026-05-05,33.27,22568.86,,,375.43,,,,,,,2026-05-04,44.23,27.9,22.5,32.4,29.38,22.51,32.4,31.23,96.61,3.6,14,5,7.2,1.8,2.4
BUY,372,QCOM,2026-05-05,167.65,4478.9,,,375.43,,,,,,,2026-05-04,219.19,158.57,157.2,168.34,157.55,136.26,168.34,161.76,39.44,3.91,0,5,6.6,3.0,2.4
BUY,371,XMTR,2026-05-05,54.01,13903.64,,,375.43,,,,,,,2026-05-04,79.97,53.35,53.03,53.0,49.32,43.43,53.0,51.23,50.82,3.34,0,5,6.8,2.5,2.8
SELL,370,CIEN,2026-05-05,554.99,1457.82,2026-04-28,473.69,345.28,404.54,118521.06,118116.52,17.1,5,rotation (out of top-N),2026-05-04,547.53,461.1,258.59,538.59,510.89,441.44,538.59,519.17,111.73,3.61,315,5,5.4,-1,0.6
SELL,324,COHR,2026-05-05,329.17,1710.47,2025-11-04,125.94,107.71,281.52,347618.66,347337.14,161.24,124,rotation (out of top-N),2026-05-04,335.15,296.89,188.82,329.88,322.91,284.62,329.88,317.89,77.5,3.63,294,5,5.4,-1,0.6
SELL,366,FIX,2026-05-05,1959.3,402.69,2026-04-28,1714.87,345.28,394.49,98428.87,98034.38,14.2,5,rotation (out of top-N),2026-05-04,1949.24,1618.4,1105.85,1891.48,1778.19,1541.78,1891.48,1847.96,76.27,2.3,350,5,4.5,-1,1.5
SELL,369,INTC,2026-05-05,100.5,8493.41,2026-04-28,81.31,345.28,426.81,163073.42,162646.61,23.55,5,rotation (out of top-N),2026-05-04,124.91,76.1,44.3,95.77,86.0,59.52,95.54,92.95,182.0,2.71,266,5,4.8,-1,1.2
SELL,354,LITE,2026-05-05,975.83,799.06,2026-03-17,597.38,238.67,389.87,302406.04,302016.17,63.27,34,rotation (out of top-N),2026-05-04,903.12,806.63,416.82,976.21,894.05,790.07,976.21,933.77,116.67,4.35,322,5,5.9,-1,0.1
SELL,367,MU,2026-05-05,609.64,1375.17,2026-04-28,502.16,345.28,419.18,147803.51,147384.33,21.34,5,rotation (out of top-N),2026-05-04,747.1,496.16,303.49,576.27,514.32,434.33,578.63,559.28,146.17,3.34,329,5,5.2,-1,0.8
SELL,368,TER,2026-05-05,348.07,1800.67,2026-04-28,383.5,345.28,313.38,-63797.7,-64111.08,-9.28,5,rotation (out of top-N),2026-05-04,359.67,339.91,221.61,337.19,357.18,333.52,337.32,326.56,62.3,3.19,259,5,5.1,-1,0.9
BUY,378,DELL,2026-05-12,241.94,3626.39,,,438.68,,,,,,,2026-05-11,242.11,202.52,147.65,246.96,229.11,191.35,246.96,235.99,63.98,4.44,70,5,6.8,-0.2,0.9
BUY,379,INOD,2026-05-12,103.08,8511.95,,,438.68,,,,,,,2026-05-11,96.0,59.19,56.01,103.96,61.31,44.92,103.96,88.47,71.4,14.9,0,5,8.0,2.0,2.0
SELL,377,ARM,2026-05-12,203.19,3569.26,2026-05-05,210.37,375.43,362.62,-25627.31,-25989.93,-3.46,5,rotation (out of top-N),2026-05-11,209.14,181.46,143.78,212.7,210.49,170.51,212.7,202.49,45.46,4.8,28,5,6.8,2.3,1.5
SELL,372,QCOM,2026-05-12,229.66,4478.9,2026-05-05,167.65,375.43,514.31,277759.29,277244.98,36.92,5,rotation (out of top-N),2026-05-11,201.56,166.39,158.61,237.56,192.61,145.51,237.5,222.05,27.08,6.51,7,5,6.2,3.5,2.2
BUY,380,ALAB,2026-05-19,211.62,4507.84,,,476.96,,,,,,,2026-05-18,307.03,203.46,171.24,215.75,214.23,170.18,215.75,201.94,79.3,6.4,14,5,7.8,1.8,1.8
BUY,381,ARM,2026-05-19,209.36,4556.4,,,476.96,,,,,,,2026-05-18,306.42,204.18,147.97,215.33,214.23,181.57,215.33,204.49,107.09,5.03,35,5,7.4,1.4,1.4
BUY,382,CRDO,2026-05-19,150.59,6334.6,,,476.96,,,,,,,2026-05-18,218.42,167.53,144.88,156.26,180.82,151.95,156.56,148.02,50.75,5.46,21,5,7.2,2.1,1.6
SELL,376,BAND,2026-05-19,56.52,16689.62,2026-05-05,44.99,375.43,471.65,192431.32,191959.68,25.57,10,rotation (out of top-N),2026-05-18,61.4,37.99,19.39,55.98,49.28,29.07,55.98,53.62,216.64,4.2,56,5,6.9,1.1,1.3
SELL,373,DDOG,2026-05-19,210.47,5079.77,2026-05-05,147.81,375.43,534.57,318272.92,317738.35,42.32,10,rotation (out of top-N),2026-05-18,222.36,164.56,142.89,208.65,190.76,140.36,208.65,202.63,55.61,2.89,14,5,6.5,2.0,2.8
SELL,378,DELL,2026-05-19,234.76,3626.39,2026-05-12,241.94,438.68,425.67,-26037.5,-26463.16,-3.02,5,rotation (out of top-N),2026-05-18,295.23,219.38,151.61,238.06,237.24,202.34,238.06,229.25,94.73,3.7,77,5,6.2,-0.3,1.3
BUY,383,DDOG,2026-06-02,264.25,6416.2,,,847.74,,,,,,,2026-06-01,276.95,197.33,149.3,277.45,230.38,164.77,277.45,266.37,85.49,3.99,28,5,7.2,1.5,1.9
BUY,384,HPE,2026-06-02,62.91,26950.9,,,847.74,,,,,,,2026-06-01,46.12,34.46,25.17,47.06,38.67,30.47,47.06,44.82,83.24,4.76,63,5,7.0,-0.0,0.9
BUY,385,NTAP,2026-06-02,183.2,9254.81,,,847.74,,,,,,,2026-06-01,174.86,134.48,112.83,179.79,146.43,116.31,179.79,170.59,54.98,5.12,21,5,7.4,1.9,1.6
SELL,374,AGL,2026-06-02,89.62,28377.4,2026-05-05,26.46,375.43,1271.66,1792458.53,1791186.87,238.55,19,rotation (out of top-N),2026-06-01,96.31,61.86,27.65,92.48,85.07,48.01,92.48,89.09,248.34,3.66,28,5,7.0,1.5,2.1
SELL,382,CRDO,2026-06-02,215.5,6334.6,2026-05-19,150.59,476.96,682.55,411178.91,410496.36,43.03,9,rotation (out of top-N),2026-06-01,206.91,184.92,150.04,226.28,212.61,177.23,204.64,187.34,37.91,8.45,35,5,6.3,2.5,1.4
SELL,371,XMTR,2026-06-02,84.99,13903.64,2026-05-05,54.01,375.43,590.84,430804.26,430213.42,57.3,19,rotation (out of top-N),2026-06-01,80.51,72.16,57.11,95.19,90.96,64.74,92.74,89.88,40.98,3.08,28,5,5.6,2.5,2.5
BUY,386,AGL,2026-06-09,97.03,15170.9,,,736.05,,,,,,,2026-06-08,111.27,70.84,29.68,95.39,89.8,57.22,95.39,91.62,274.85,3.95,35,5,7.1,1.4,1.8
BUY,388,CRDO,2026-06-09,226.39,6502.53,,,736.05,,,,,,,2026-06-08,250.6,196.86,152.78,222.29,215.66,190.82,222.29,202.16,64.03,9.06,42,5,7.3,1.3,1.3
BUY,387,SEZL,2026-06-09,126.4,11646.43,,,736.05,,,,,,,2026-06-08,133.01,102.34,76.62,120.75,115.97,95.62,120.75,116.46,73.59,3.55,35,5,6.8,1.4,2.0
SELL,383,DDOG,2026-06-09,232.05,6416.2,2026-06-02,264.25,847.74,744.44,-206601.67,-207346.11,-12.23,5,rotation (out of top-N),2026-06-08,229.92,203.25,151.65,231.74,238.02,181.42,231.74,224.13,51.61,3.28,35,5,6.2,1.8,2.2
SELL,384,HPE,2026-06-09,49.73,26950.9,2026-06-02,62.91,847.74,670.13,-355212.86,-355882.99,-20.99,5,rotation (out of top-N),2026-06-08,48.03,36.93,25.79,49.71,47.72,34.15,49.71,48.15,86.21,3.13,70,5,5.9,-0.2,1.7
SELL,385,NTAP,2026-06-09,171.7,9254.81,2026-06-02,183.2,847.74,794.53,-106430.31,-107224.83,-6.32,5,rotation (out of top-N),2026-06-08,161.61,139.41,113.94,170.38,164.41,126.13,170.38,165.47,41.84,2.88,28,5,5.5,2.4,2.6
BUY,390,CBRL,2026-06-16,43.15,29777.75,,,642.45,,,,,,,2026-06-15,47.15,36.51,32.15,43.2,39.81,32.75,43.2,40.97,46.66,5.17,7,5,7.2,2.6,1.9
BUY,389,COOK,2026-06-16,71.69,17923.14,,,642.45,,,,,,,2026-06-15,70.91,56.56,47.96,71.69,66.2,51.27,71.69,65.48,47.85,8.67,14,5,7.2,2.4,1.8
SELL,379,INOD,2026-06-16,100.64,8511.95,2026-05-12,103.08,438.68,428.32,-20726.6,-21154.92,-2.41,24,rotation (out of top-N),2026-06-15,95.43,84.73,62.92,99.5,102.3,80.15,99.5,92.32,51.67,7.22,35,5,7.0,1.8,1.4
SELL,387,SEZL,2026-06-16,147.13,11646.43,2026-06-09,126.4,736.05,856.77,241430.4,240573.63,16.34,5,rotation (out of top-N),2026-06-15,163.3,113.42,78.47,146.1,126.51,103.02,146.1,140.71,108.1,3.69,42,5,6.8,1.3,1.8
BUY,391,SEZL,2026-06-23,149.0,10829.21,,,806.78,,,,,,,2026-06-22,170.81,123.86,80.45,156.38,141.64,109.97,156.38,149.7,112.31,4.27,49,5,7.0,1.2,1.3
SELL,386,AGL,2026-06-23,106.38,15170.9,2026-06-09,97.03,736.05,806.94,141772.05,140965.11,9.58,9,rotation (out of top-N),2026-06-22,117.31,85.58,34.05,113.05,107.41,75.97,113.05,109.02,244.57,3.57,49,5,6.6,1.2,1.8
BUY,394,AGL,2026-06-30,114.58,14664.22,,,840.15,,,,,,,2026-06-29,111.16,90.23,36.15,114.97,110.48,86.54,114.97,108.42,207.5,5.7,56,5,7.1,1.1,1.1
BUY,393,FROG,2026-06-30,89.03,18873.41,,,840.15,,,,,,,2026-06-29,94.79,77.39,58.23,90.07,82.54,74.32,90.07,86.46,62.8,4.01,49,5,6.9,1.2,1.5
BUY,392,MNPR,2026-06-30,97.07,17310.19,,,840.15,,,,,,,2026-06-29,97.39,71.63,68.64,94.27,79.91,64.73,94.27,90.36,41.88,4.14,0,5,6.9,2.9,2.2
SELL,390,CBRL,2026-06-30,53.56,29777.75,2026-06-16,43.15,642.45,797.45,309986.39,309188.94,24.06,9,rotation (out of top-N),2026-06-29,53.24,41.94,32.63,53.69,47.7,36.62,53.69,52.09,63.17,2.97,21,5,6.6,1.7,2.7
SELL,388,CRDO,2026-06-30,249.03,6502.53,2026-06-09,226.39,736.05,809.65,147184.81,146375.16,9.94,14,rotation (out of top-N),2026-06-29,241.85,220.5,159.75,245.83,256.01,220.75,245.83,231.98,51.4,5.63,63,5,6.5,0.4,0.9
SELL,391,SEZL,2026-06-30,169.07,10829.21,2026-06-23,149.0,806.78,915.47,217396.31,216480.83,13.42,5,rotation (out of top-N),2026-06-29,183.37,134.68,82.93,170.56,156.5,120.46,170.56,164.67,121.11,3.46,56,5,6.4,1.1,1.8
BUY,397,CRDO,2026-07-07,251.55,6793.47,,,854.45,,,,,,,2026-07-06,257.78,227.28,162.59,265.33,257.52,227.79,265.33,242.66,58.54,8.54,70,5,6.8,-0.1,0.8
BUY,395,FBRX,2026-07-07,20.58,83036.84,,,854.45,,,,,,,2026-07-06,43.96,25.37,23.85,20.42,20.08,20.06,20.42,19.48,84.3,4.62,0,5,8.0,2.0,2.0
BUY,396,SEZL,2026-07-07,180.5,9467.58,,,854.45,,,,,,,2026-07-06,179.25,142.78,85.28,179.14,168.36,129.62,179.14,171.18,110.2,4.44,63,5,6.9,-0.0,1.0
SELL,394,AGL,2026-07-07,108.44,14664.22,2026-06-30,114.58,840.15,795.09,-90111.66,-90906.75,-5.41,4,rotation (out of top-N),2026-07-06,115.21,94.77,38.32,107.61,109.96,94.73,107.61,103.61,200.65,3.71,63,5,6.4,-0.0,1.5
SELL,393,FROG,2026-07-07,98.25,18873.41,2026-06-30,89.03,840.15,927.16,174012.88,173085.72,10.3,4,rotation (out of top-N),2026-07-06,90.72,79.81,59.29,98.09,88.97,78.4,98.09,94.85,53.01,3.31,56,5,5.9,1.4,1.9
SELL,392,MNPR,2026-07-07,97.33,17310.19,2026-06-30,97.07,840.15,842.4,4500.65,3658.25,0.22,4,rotation (out of top-N),2026-07-06,106.31,77.93,68.8,98.01,88.95,68.64,98.01,96.09,54.54,1.96,7,5,5.9,2.2,3.6
BUY,399,AGL,2026-07-14,114.72,12615.15,,,723.64,,,,,,,2026-07-13,128.43,100.89,40.94,115.92,112.61,101.02,115.92,110.8,213.68,4.42,70,5,6.8,-0.2,0.9
BUY,400,CBRL,2026-07-14,52.45,27593.39,,,723.64,,,,,,,2026-07-13,53.59,45.29,33.19,52.05,50.24,41.34,52.05,50.34,61.47,3.28,35,5,6.6,1.4,2.2
BUY,398,MNPR,2026-07-14,100.71,14370.7,,,723.64,,,,,,,2026-07-13,110.3,83.82,69.31,102.65,97.49,73.54,102.65,98.93,59.13,3.63,14,5,7.1,1.8,2.3
SELL,381,ARM,2026-07-14,310.09,4556.4,2026-05-19,209.36,476.96,706.45,458965.97,458259.52,48.04,37,rotation (out of top-N),2026-07-13,267.1,304.94,187.99,298.76,323.12,335.44,298.76,286.99,42.08,3.94,91,5,5.2,0.4,0.9
SELL,389,COOK,2026-07-14,68.59,17923.14,2026-06-16,71.69,642.45,614.67,-55561.74,-56176.41,-4.37,18,rotation (out of top-N),2026-07-13,66.51,65.09,49.31,69.19,71.0,65.57,69.19,63.76,34.89,7.85,42,5,6.0,2.6,1.3
SELL,397,CRDO,2026-07-14,250.44,6793.47,2026-07-07,251.55,854.45,850.68,-7540.76,-8391.43,-0.49,5,rotation (out of top-N),2026-07-13,202.23,222.72,164.18,236.7,253.96,235.05,236.7,223.28,23.18,5.67,77,4.64,4.9,1.6,1.4
BUY,401,MAN,2026-07-21,53.5,27649.83,,,739.63,,,,,,,2026-07-20,51.34,39.95,31.02,53.12,44.65,35.36,53.12,50.99,65.52,4.0,42,5,7.0,1.3,1.6
SELL,380,ALAB,2026-07-21,328.0,4507.84,2026-05-19,211.62,476.96,739.29,524645.46,523906.18,54.92,42,rotation (out of top-N),2026-07-20,291.59,328.47,207.62,309.01,352.04,369.9,309.01,289.87,40.44,6.19,77,5,5.7,0.7,0.7
BUY,403,BAND,2026-07-28,56.41,24565.58,,,692.87,,,,,,,2026-07-27,59.89,60.23,31.37,56.81,64.14,63.76,57.2,54.3,90.93,5.06,126,5,6,-1,0.0
BUY,405,ICHR,2026-07-28,73.0,18982.8,,,692.87,,,,,,,2026-07-27,86.31,84.94,50.82,77.28,88.51,87.72,78.39,74.3,69.82,5.22,203,5,6,-1,0.0
BUY,402,SAFT,2026-07-28,103.16,13432.96,,,692.87,,,,,,,2026-07-27,103.25,83.51,75.25,103.43,83.62,74.44,103.03,98.22,37.22,4.66,28,5,6.4,2.7,1.5
BUY,404,TWST,2026-07-28,85.96,16120.8,,,692.87,,,,,,,2026-07-27,92.69,85.37,53.87,89.81,91.82,86.25,86.38,81.53,72.06,5.62,203,5,6,-1,0.0
SELL,400,CBRL,2026-07-28,52.8,27593.39,2026-07-14,52.45,723.64,728.47,9657.69,8929.22,0.62,10,rotation (out of top-N),2026-07-27,52.45,47.83,33.98,51.3,52.27,46.67,52.38,50.85,54.34,2.92,49,5,5.8,1.5,2.2
SELL,401,MAN,2026-07-28,54.59,27649.83,2026-07-21,53.5,739.63,754.7,30138.31,29383.61,1.99,5,rotation (out of top-N),2026-07-27,52.6,42.25,31.54,52.67,49.02,38.21,53.63,52.33,66.75,2.43,49,5,5.8,1.2,2.6
SELL,375,PENG,2026-07-28,49.77,22568.86,2026-05-05,33.27,375.43,561.63,372386.22,371824.59,49.52,57,rotation (out of top-N),2026-07-27,54.47,57.33,33.11,50.51,59.49,65.3,52.49,49.61,64.52,5.49,98,5,6.4,-0.6,0.4
SELL,396,SEZL,2026-07-28,154.02,9467.58,2026-07-07,180.5,854.45,729.1,-250701.52,-251430.62,-14.71,15,rotation (out of top-N),2026-07-27,158.6,151.17,91.75,153.56,166.5,154.97,156.78,153.18,72.86,2.29,84,5,5.1,-0.4,2.1
BUY,407,BAX,2026-08-04,27.82,78862.06,,,1096.77,,,,,,,2026-08-03,28.11,22.43,19.52,27.65,24.87,22.0,28.11,26.9,44.04,4.31,35,5,6.5,2.2,1.5
BUY,406,CBRL,2026-08-04,56.9,38554.32,,,1096.77,,,,,,,2026-08-03,57.75,49.63,34.6,58.38,55.04,49.49,57.75,55.93,66.91,3.15,56,5,6.2,1.1,2.0
BUY,411,CORT,2026-08-04,113.45,19334.08,,,1096.77,,,,,,,2026-08-03,112.8,88.93,62.3,109.19,101.44,88.93,112.8,105.62,81.07,6.36,56,5,7.1,1.1,1.1
BUY,410,MANH,2026-08-04,185.79,11806.6,,,1096.77,,,,,,,2026-08-03,187.29,157.07,153.34,192.92,178.14,152.77,187.29,174.8,22.15,6.67,0,4.43,6.1,3.9,2.8
BUY,408,SNOW,2026-08-04,307.01,7144.88,,,1096.77,,,,,,,2026-08-03,330.4,262.14,209.24,310.53,285.26,257.62,307.54,296.49,57.9,3.59,42,5,6.6,1.4,1.9
BUY,409,TNET,2026-08-04,69.05,31767.53,,,1096.77,,,,,,,2026-08-03,70.48,57.25,49.8,69.42,66.1,54.7,70.48,66.92,41.52,5.05,21,5,6.7,2.6,1.6
SELL,399,AGL,2026-08-04,92.27,12615.15,2026-07-14,114.72,723.64,582.0,-283273.24,-283855.24,-19.61,15,rotation (out of top-N),2026-08-03,94.03,98.88,46.51,92.79,99.98,109.37,94.03,89.83,102.19,4.47,91,5,6.5,-0.5,0.5
SELL,403,BAND,2026-08-04,44.71,24565.58,2026-07-28,56.41,692.87,549.16,-287417.27,-287966.43,-20.78,5,rotation (out of top-N),2026-08-03,43.47,57.18,32.05,41.24,49.73,60.46,43.47,39.47,35.61,9.2,133,5,4.8,0.2,0.0
SELL,395,FBRX,2026-08-04,76.71,83036.84,2026-07-07,20.58,854.45,3184.88,4660857.89,4657673.01,272.55,20,rotation (out of top-N),2026-08-03,76.6,48.2,28.96,76.7,68.32,36.22,76.6,76.43,164.49,0.23,28,5,4.7,1.5,4.4
SELL,405,ICHR,2026-08-04,75.98,18982.8,2026-07-28,73.0,692.87,721.16,56568.74,55847.58,4.03,5,rotation (out of top-N),2026-08-03,80.17,84.07,52.26,76.68,79.42,87.83,80.17,74.05,53.4,7.64,210,5,5.7,-0.7,0.0
SELL,402,SAFT,2026-08-04,103.22,13432.96,2026-07-28,103.16,692.87,693.28,805.98,112.7,0.01,5,rotation (out of top-N),2026-08-03,103.19,87.09,76.16,103.46,96.04,78.73,103.19,103.02,35.48,0.17,35,5,3.3,2.6,4.3
SELL,404,TWST,2026-08-04,106.12,16120.8,2026-07-28,85.96,692.87,855.37,324995.4,324140.03,23.39,5,rotation (out of top-N),2026-08-03,100.85,88.19,55.57,96.48,91.5,88.78,100.85,96.0,81.47,4.8,210,5,6,-1,0.0
BUY,413,AMBA,2026-08-05,80.75,27784.17,,,1121.79,,,,,,,2026-08-04,82.5,73.58,68.81,83.33,74.97,70.83,82.25,78.17,19.89,4.96,8,3.98,5.9,3.9,2.9
BUY,414,CSW,2026-08-05,351.52,6382.49,,,1121.79,,,,,,,2026-08-04,350.18,303.72,287.79,347.04,312.57,284.81,349.02,332.88,21.68,4.62,1,4.34,6.1,3.9,2.8
BUY,412,HPE,2026-08-05,52.27,42922.74,,,1121.79,,,,,,,2026-08-04,53.01,46.71,31.19,51.14,47.91,46.83,52.4,50.06,69.95,4.45,127,5,6.0,-1,0.0
SELL,410,MANH,2026-08-05,191.94,11806.6,2026-08-04,185.79,1096.77,1133.08,72610.59,71477.51,3.26,1,rotation (out of top-N),2026-08-04,190.99,163.23,153.67,188.44,180.01,153.79,189.46,183.81,24.28,2.98,1,4.86,5.2,3.8,3.6
SELL,408,SNOW,2026-08-05,318.05,7144.88,2026-08-04,307.01,1096.77,1136.21,78879.42,77743.21,3.54,1,rotation (out of top-N),2026-08-04,330.4,262.14,209.24,313.76,290.44,259.51,316.62,306.87,57.9,3.08,43,5,6.2,1.4,2.2
SELL,409,TNET,2026-08-05,69.01,31767.53,2026-08-04,69.05,1096.77,1096.14,-1270.7,-2366.84,-0.11,1,rotation (out of top-N),2026-08-04,70.48,57.25,49.8,69.8,66.77,55.3,69.56,66.93,41.52,3.78,22,5,6.2,2.6,2.1
BUY,415,BXC,2026-08-06,74.15,29712.14,,,1101.58,,,,,,,2026-08-05,69.21,61.0,60.26,69.69,59.8,57.34,73.05,69.44,14.85,4.94,0,2.97,5.7,4.3,3.5
BUY,417,HNGE,2026-08-06,79.24,27803.57,,,1101.58,,,,,,,2026-08-05,84.11,76.98,54.66,84.71,79.25,78.24,80.73,76.58,53.88,5.14,79,5,6.4,-0.0,0.7
BUY,416,MBX,2026-08-06,68.0,32399.34,,,1101.58,,,,,,,2026-08-05,71.76,59.87,39.69,71.76,65.13,54.82,67.39,64.8,80.8,3.84,359,5,5.6,-1,0.4
SELL,413,AMBA,2026-08-06,80.7,27784.17,2026-08-05,80.75,1121.79,1121.09,-1389.21,-2510.3,-0.11,1,rotation (out of top-N),2026-08-05,81.09,74.95,68.64,81.46,76.15,71.15,81.69,79.45,18.13,2.74,9,3.63,4.6,3.9,4.2
SELL,407,BAX,2026-08-06,27.45,78862.06,2026-08-04,27.82,1096.77,1082.58,-28390.34,-29472.92,-1.34,2,rotation (out of top-N),2026-08-05,27.23,24.07,19.98,27.25,25.71,22.41,27.33,26.46,36.32,3.19,37,5,5.3,2.6,2.3
SELL,412,HPE,2026-08-06,51.38,42922.74,2026-08-05,52.27,1121.79,1102.69,-38201.24,-39303.93,-1.75,1,rotation (out of top-N),2026-08-05,53.01,46.71,31.19,53.54,48.94,46.92,53.21,51.21,69.95,3.76,128,5,5.5,-1,0.5
BUY,420,AEHR,2026-08-07,102.35,20290.07,,,1038.34,,,,,,,2026-08-06,95.39,92.14,61.83,95.99,88.99,88.5,99.68,90.74,54.27,8.97,395,5,5.7,-0.7,0.0
BUY,419,CRL,2026-08-07,262.56,7909.39,,,1038.34,,,,,,,2026-08-06,260.26,230.52,193.77,262.94,241.3,219.02,265.7,255.58,34.31,3.81,38,5,5.6,2.7,1.8
BUY,418,ELF,2026-08-07,92.23,22516.42,,,1038.34,,,,,,,2026-08-06,90.28,80.82,74.8,91.92,84.49,73.92,92.36,88.26,20.69,4.44,3,4.14,5.9,3.9,2.9
SELL,406,CBRL,2026-08-07,57.41,38554.32,2026-08-04,56.9,1096.77,1106.7,19855.48,18748.77,0.85,3,rotation (out of top-N),2026-08-06,57.94,53.31,36.78,57.87,56.32,51.23,58.18,57.06,57.53,1.93,59,5,5.2,1.1,2.7
SELL,414,CSW,2026-08-07,353.47,6382.49,2026-08-05,351.52,1121.79,1128.01,12445.85,11317.84,0.5,2,rotation (out of top-N),2026-08-06,340.52,310.41,290.03,340.88,322.15,288.25,347.48,336.92,17.41,3.04,3,3.48,4.8,4.1,4.2
SELL,398,MNPR,2026-08-07,122.72,14370.7,2026-07-14,100.71,723.64,881.79,316299.13,315417.35,21.79,18,rotation (out of top-N),2026-08-06,115.83,103.21,73.43,120.0,112.87,95.56,120.05,116.73,57.74,2.77,38,5,6.1,1.5,2.5
BUY,422,MNPR,2026-08-11,116.69,19075.22,,,1112.9,,,,,,,2026-08-10,116.02,105.54,74.03,118.12,114.74,98.5,116.02,113.07,56.72,2.54,42,5,5.8,1.5,2.6
BUY,425,NET,2026-08-11,303.5,7333.75,,,1112.9,,,,,,,2026-08-10,310.43,268.44,214.56,301.6,288.96,260.76,310.43,297.2,44.68,4.26,84,5,5.7,0.4,0.8
BUY,423,P,2026-08-11,105.06,21185.92,,,1112.9,,,,,,,2026-08-10,98.02,80.78,72.87,95.96,83.79,76.01,98.02,94.11,34.51,3.98,21,5,6.0,2.9,2.0
BUY,421,QLYS,2026-08-11,186.2,11953.77,,,1112.9,,,,,,,2026-08-10,185.73,144.83,119.96,182.09,166.19,142.83,185.73,180.87,54.83,2.62,35,5,5.9,1.7,2.7
BUY,424,SNOW,2026-08-11,332.27,6698.65,,,1112.9,,,,,,,2026-08-10,334.69,275.33,211.03,333.65,310.62,268.09,334.69,326.54,58.6,2.43,49,5,5.7,1.3,2.6
SELL,411,CORT,2026-08-11,110.76,19334.08,2026-08-04,113.45,1096.77,1070.72,-52105.35,-53176.07,-2.42,5,rotation (out of top-N),2026-08-10,114.28,101.57,65.81,110.39,107.02,93.09,114.28,112.44,73.66,1.61,63,5,5.0,-0.0,2.9
SELL,419,CRL,2026-08-11,275.01,7909.39,2026-08-07,262.56,1038.34,1087.6,98511.43,97423.83,4.69,2,rotation (out of top-N),2026-08-10,276.61,238.9,196.23,268.71,250.15,223.07,276.61,272.24,40.96,1.58,42,5,4.4,2.3,3.2
SELL,418,ELF,2026-08-11,94.51,22516.42,2026-08-07,92.23,1038.34,1064.01,51337.43,50273.41,2.42,2,rotation (out of top-N),2026-08-10,95.3,83.45,75.28,95.22,88.52,75.8,95.3,92.1,26.6,3.36,7,5,5.5,3.6,3.0
SELL,417,HNGE,2026-08-11,90.08,27803.57,2026-08-06,79.24,1101.58,1252.27,301390.73,300138.45,13.62,3,rotation (out of top-N),2026-08-10,91.58,80.03,56.57,89.51,82.6,79.95,91.58,88.67,61.91,3.18,84,5,5.7,-0.4,1.5
SELL,416,MBX,2026-08-11,67.53,32399.34,2026-08-06,68.0,1101.58,1093.88,-15389.69,-16483.57,-0.75,3,rotation (out of top-N),2026-08-10,65.96,62.06,41.48,67.89,66.3,57.44,65.96,64.44,59.01,2.3,364,5,4.5,-1.0,1.5
BUY,429,CRDO,2026-08-18,266.92,8566.9,,,1143.32,,,,,,,2026-08-17,283.11,237.84,178.84,283.11,252.98,239.94,283.11,273.38,58.3,3.44,112,5,5.3,-0.8,0.8
BUY,427,CRWV,2026-08-18,102.08,22399.32,,,1143.32,,,,,,,2026-08-17,105.97,91.16,91.03,105.97,97.08,87.25,105.57,101.15,16.42,4.19,0,3.28,5.6,4.2,3.6
BUY,428,NBIS,2026-08-18,268.82,8506.19,,,1143.32,,,,,,,2026-08-17,268.83,216.46,154.03,268.83,232.47,217.01,268.82,258.71,74.53,3.76,441,5,5.5,-1,0.5
BUY,426,TEAM,2026-08-18,159.22,14361.03,,,1143.32,,,,,,,2026-08-17,158.4,112.45,104.32,158.4,143.86,101.86,158.4,155.37,51.84,1.91,0,5,5.9,2.4,3.7
SELL,415,BXC,2026-08-18,84.32,29712.14,2026-08-06,74.15,1101.58,1252.66,302172.45,300919.79,13.66,8,rotation (out of top-N),2026-08-17,85.44,72.07,62.14,85.44,81.79,63.75,85.44,84.2,37.49,1.45,12,5,4.6,2.9,3.8
SELL,425,NET,2026-08-18,303.77,7333.75,2026-08-11,303.5,1112.9,1113.9,2016.78,902.88,0.04,5,rotation (out of top-N),2026-08-17,307.11,275.47,216.96,307.11,305.18,271.41,307.11,301.41,41.55,1.86,91,5,3.8,0.4,2.2
SELL,421,QLYS,2026-08-18,185.62,11953.77,2026-08-11,186.2,1112.9,1109.43,-6933.19,-8042.62,-0.36,5,rotation (out of top-N),2026-08-17,183.21,151.8,120.95,183.21,179.52,152.19,183.21,179.72,51.48,1.9,42,5,5.1,1.7,3.0
SELL,424,SNOW,2026-08-18,328.14,6698.65,2026-08-11,332.27,1112.9,1099.06,-27665.41,-28764.47,-1.29,5,rotation (out of top-N),2026-08-17,330.16,285.3,212.86,330.16,324.56,280.28,330.16,326.04,55.11,1.25,56,5,4.7,1.3,3.2
BUY,430,IESC,2026-08-24,335.92,42453.38,,,7130.47,,,,,,,2026-08-21,342.52,660.69,578.81,685.44,720.79,677.33,685.44,671.07,-40.82,2.1,466,-8.16,-0.6,4.0,8.7
SELL,420,AEHR,2026-08-24,95.84,20290.07,2026-08-07,102.35,1038.34,972.3,-132088.38,-133060.68,-6.41,11,rotation (out of top-N),2026-08-21,145.56,103.95,66.94,101.64,112.46,91.64,101.64,98.2,117.46,3.39,410,5,5.3,-1,0.7
SELL,429,CRDO,2026-08-24,221.22,8566.9,2026-08-18,266.92,1143.32,947.61,-391421.79,-392369.4,-17.16,4,rotation (out of top-N),2026-08-21,283.11,237.84,178.84,230.54,243.31,235.79,230.54,224.37,58.3,2.68,116,5,4.8,-0.8,1.3
SELL,427,CRWV,2026-08-24,85.14,22399.32,2026-08-18,102.08,1143.32,953.6,-379444.53,-380398.12,-16.64,4,rotation (out of top-N),2026-08-21,105.97,91.16,91.03,87.84,93.32,85.9,87.84,85.67,16.42,2.47,4,3.28,4.4,4.1,4.6
SELL,422,MNPR,2026-08-24,105.52,19075.22,2026-08-11,116.69,1112.9,1006.41,-212974.86,-213981.27,-9.61,9,rotation (out of top-N),2026-08-21,116.03,107.44,74.79,107.9,115.75,108.4,107.9,104.0,55.13,3.61,53,5,6.3,1.4,1.7
SELL,428,NBIS,2026-08-24,210.61,8506.19,2026-08-18,268.82,1143.32,895.74,-495145.51,-496041.25,-21.69,4,rotation (out of top-N),2026-08-21,268.83,216.46,154.03,219.01,228.57,212.88,219.01,211.65,74.53,3.36,445,5,5.2,-1,0.8
SELL,423,P,2026-08-24,107.01,21185.92,2026-08-11,105.06,1112.9,1133.55,41312.54,40178.98,1.81,9,rotation (out of top-N),2026-08-21,117.14,87.39,73.68,108.48,108.32,84.91,108.48,106.7,58.98,1.64,32,5,5.5,1.5,3.4
SELL,426,TEAM,2026-08-24,170.75,14361.03,2026-08-18,159.22,1143.32,1226.11,165582.67,164356.56,7.19,4,rotation (out of top-N),2026-08-21,158.4,112.45,104.32,171.81,159.09,111.01,171.81,167.85,51.84,2.31,4,5,6.1,2.3,3.4
BUY,435,AEHR,2026-08-25,98.5,20324.53,,,1000.98,,,,,,,2026-08-24,96.48,102.59,68.73,96.48,109.56,91.76,96.48,92.3,40.37,4.34,413,5,4.9,-0.0,0.1
BUY,431,MNPR,2026-08-25,113.11,17699.29,,,1000.98,,,,,,,2026-08-24,112.07,108.28,75.58,112.07,115.08,109.01,112.07,108.21,48.28,3.45,56,5,5.8,1.7,1.8
BUY,437,MRNA,2026-08-25,144.03,13899.65,,,1000.98,,,,,,,2026-08-24,138.82,74.11,53.55,138.82,109.49,72.41,138.82,128.24,159.23,7.62,252,5,6,-1,0.0
BUY,432,PAYC,2026-08-25,229.76,8713.11,,,1000.98,,,,,,,2026-08-24,229.78,179.2,144.76,229.78,217.47,170.91,229.78,227.27,58.73,1.09,21,5,5.3,1.7,3.9
BUY,434,SMCI,2026-08-25,36.15,55387.1,,,1000.98,,,,,,,2026-08-24,36.08,32.47,31.27,35.15,36.08,30.56,35.15,33.78,15.38,3.89,7,3.08,5.2,4.1,3.8
BUY,433,TEAM,2026-08-25,171.26,11689.63,,,1000.98,,,,,,,2026-08-24,171.26,123.15,104.95,171.31,161.31,113.32,171.31,167.87,63.19,2.01,7,5,6.2,1.9,3.5
BUY,436,TWST,2026-08-25,144.47,13857.32,,,1000.98,,,,,,,2026-08-24,140.66,107.57,63.18,140.66,130.4,104.54,140.66,136.32,122.65,3.09,231,5,5.1,-1,0.9
SELL,430,IESC,2026-08-25,330.26,42453.38,2026-08-24,335.92,7130.47,7010.33,-240286.13,-247296.46,-1.73,1,rotation (out of top-N),2026-08-24,324.02,599.47,576.67,324.02,648.65,667.53,324.02,263.77,-43.81,18.59,469,-8.76,0.8,4.2,7.4
BUY,438,FBRX,2026-08-27,76.99,184135.93,,,7088.31,,,,,,,2026-08-26,76.99,69.82,39.03,77.0,76.63,61.17,77.0,76.98,97.24,0.02,51,5,4.2,1.2,4.1
SELL,435,AEHR,2026-08-27,95.29,20324.53,2026-08-25,98.5,1000.98,968.36,-65241.76,-66210.12,-3.31,2,rotation (out of top-N),2026-08-26,96.48,102.59,68.73,91.08,104.71,91.76,91.08,88.61,40.37,2.72,415,5,3.8,-0.0,1.2
SELL,431,MNPR,2026-08-27,114.6,17699.29,2026-08-25,113.11,1000.98,1014.17,26371.94,25357.77,1.27,2,rotation (out of top-N),2026-08-26,112.07,108.28,75.58,113.72,114.74,110.05,113.72,111.93,48.28,1.57,58,5,4.5,1.6,3.0
SELL,437,MRNA,2026-08-27,144.11,13899.65,2026-08-25,144.03,1000.98,1001.54,1111.97,110.43,0.01,2,rotation (out of top-N),2026-08-26,138.82,74.11,53.55,149.73,122.39,76.39,149.73,142.8,159.23,4.63,254,5,6,-1,0.0
SELL,432,PAYC,2026-08-27,233.37,8713.11,2026-08-25,229.76,1000.98,1016.69,31410.75,30394.06,1.52,2,rotation (out of top-N),2026-08-26,229.78,179.2,144.76,232.21,221.98,176.14,232.21,229.89,58.73,1.0,23,5,5.2,1.7,4.0
SELL,434,SMCI,2026-08-27,38.6,55387.1,2026-08-25,36.15,1000.98,1068.97,135975.33,134906.36,6.74,2,rotation (out of top-N),2026-08-26,36.08,32.47,31.27,37.41,36.49,30.92,37.41,36.53,15.38,2.37,9,3.08,4.2,4.1,4.7
SELL,433,TEAM,2026-08-27,169.05,11689.63,2026-08-25,171.26,1000.98,988.07,-25834.09,-26822.16,-1.34,2,rotation (out of top-N),2026-08-26,171.26,123.15,104.95,168.42,164.08,117.89,168.42,165.58,63.19,1.68,9,5,6.0,1.8,3.7
SELL,436,TWST,2026-08-27,149.25,13857.32,2026-08-25,144.47,1000.98,1034.1,66237.98,65203.88,3.26,2,rotation (out of top-N),2026-08-26,140.66,107.57,63.18,150.09,136.41,106.92,150.09,146.71,122.65,2.25,233,5,4.5,-1,1.5
BUY,439,ANF,2026-09-01,142.22,14233.52,,,1012.11,,,,,,,2026-08-31,149.82,114.06,97.62,143.04,129.64,106.25,143.04,140.37,53.47,1.87,28,5,5.5,1.9,3.3
BUY,441,ESTC,2026-09-01,96.0,21084.53,,,1012.11,,,,,,,2026-08-31,97.52,75.98,62.61,97.52,87.71,71.85,97.52,92.25,55.75,5.4,27,5,7.3,1.8,1.6
BUY,440,MNPR,2026-09-01,113.19,17883.38,,,1012.11,,,,,,,2026-08-31,112.64,109.08,76.52,112.64,113.96,111.26,112.64,109.71,47.21,2.6,63,5,5.0,0.6,2.2
BUY,445,MRNA,2026-09-01,139.4,14520.95,,,1012.11,,,,,,,2026-08-31,140.4,86.16,56.21,140.4,130.37,81.08,140.4,135.47,149.77,3.51,259,5,5.3,-1,0.7
BUY,442,PAYC,2026-09-01,241.42,8384.64,,,1012.11,,,,,,,2026-08-31,239.35,190.13,146.74,239.35,229.07,183.61,239.35,237.27,63.11,0.87,28,5,5.1,1.5,4.0
BUY,444,TEAM,2026-09-01,191.01,10597.46,,,1012.11,,,,,,,2026-08-31,194.11,136.05,106.06,194.11,175.55,125.72,194.11,190.2,83.02,2.02,14,5,6.1,1.8,3.4
BUY,443,VEEV,2026-09-01,282.17,7173.76,,,1012.11,,,,,,,2026-08-31,285.6,224.22,194.33,285.6,262.03,219.32,285.6,280.34,46.96,1.84,21,5,5.2,2.3,3.4
SELL,438,FBRX,2026-09-01,76.99,184135.93,2026-08-27,76.99,7088.31,7088.31,0.0,-7088.31,-0.05,3,rotation (out of top-N),2026-08-31,76.99,69.82,39.03,76.99,76.75,63.96,77.0,77.0,97.24,0.0,56,5,4.1,1.1,4.1
BUY,446,APGE,2026-09-03,135.07,104974.71,,,7089.47,,,,,,,2026-09-02,135.07,132.16,99.06,135.08,134.92,134.42,135.08,135.05,36.36,0.02,331,5,1.8,0.2,3.0
SELL,439,ANF,2026-09-03,137.97,14233.52,2026-09-01,142.22,1012.11,981.86,-60492.46,-61474.33,-3.04,2,rotation (out of top-N),2026-09-02,149.82,114.06,97.62,139.89,133.15,108.86,136.58,135.07,53.47,1.11,30,5,4.9,1.8,3.8
SELL,441,ESTC,2026-09-03,92.15,21084.53,2026-09-01,96.0,1012.11,971.47,-81280.86,-82252.32,-4.06,2,rotation (out of top-N),2026-09-02,97.52,75.98,62.61,92.94,89.36,73.5,89.55,88.1,55.75,1.61,29,5,5.4,1.7,3.4
SELL,440,MNPR,2026-09-03,116.75,17883.38,2026-09-01,113.19,1012.11,1043.94,63664.84,62620.9,3.09,2,rotation (out of top-N),2026-09-02,112.64,109.08,76.52,119.0,115.41,112.29,115.87,114.19,47.21,1.45,65,5,4.2,0.6,2.9
SELL,445,MRNA,2026-09-03,145.94,14520.95,2026-09-01,139.4,1012.11,1059.63,95039.6,93979.97,4.64,2,rotation (out of top-N),2026-09-02,140.4,86.16,56.21,154.6,138.31,84.96,150.82,146.22,149.77,3.05,261,5,5.0,-1,1.0
SELL,442,PAYC,2026-09-03,240.11,8384.64,2026-09-01,241.42,1012.11,1006.62,-10983.88,-11990.5,-0.59,2,rotation (out of top-N),2026-09-02,239.35,190.13,146.74,239.05,232.21,188.48,235.76,234.55,63.11,0.51,30,5,4.8,1.5,4.2
SELL,444,TEAM,2026-09-03,191.46,10597.46,2026-09-01,191.01,1012.11,1014.49,4768.86,3754.36,0.19,2,rotation (out of top-N),2026-09-02,194.11,136.05,106.06,187.91,179.54,130.76,186.51,183.76,83.02,1.48,16,5,5.7,1.7,3.7
SELL,443,VEEV,2026-09-03,282.98,7173.76,2026-09-01,282.17,1012.11,1015.0,5774.88,4759.88,0.24,2,rotation (out of top-N),2026-09-02,285.6,224.22,194.33,278.04,267.54,223.74,280.83,278.6,46.96,0.79,23,5,4.5,2.3,4.1
SELL,446,APGE,2026-09-08,135.08,104974.71,2026-09-03,135.07,7089.47,,1049.75,1049.75,0.01,2,end-of-sample mark-to-market,,,,,,,,,,,,,,,,
