kind,trade_id,symbol,exec_date,exec_price,shares,buy_date,buy_price,buy_fee,sell_fee,gross_pnl,net_pnl,net_return_pct,hold_days,exit_reason,sig_sig_date,sig_sig_w_close,sig_sig_w_ema,sig_sig_w_sma,sig_sig_d_close,sig_sig_d_ema,sig_sig_d_sma,sig_sig_h_close,sig_sig_h_atr,sig_gap_w,sig_atr_dist,sig_freshness_days,sig_emasma_score,sig_mtf_score,sig_early_score,sig_near_score
BUY,10,QQQ,2020-03-03,208.33,47.98,,,5.0,,,,,,,2020-03-02,199.6,208.29,191.95,207.66,209.72,214.13,,,3.99,,999,0.8,,1.8,
BUY,1,SMH,2020-03-03,66.03,151.37,,,5.0,,,,,,,2020-03-02,63.54,67.04,60.3,65.78,66.7,69.29,,,5.37,,999,1.07,,1.7,
BUY,6,TLT,2020-03-03,127.13,78.62,,,5.0,,,,,,,2020-03-02,137.84,122.96,114.98,127.23,124.22,118.41,,,19.88,,999,3.98,,1.0,
BUY,2,VGT,2020-03-03,29.77,335.74,,,5.0,,,,,,,2020-03-02,28.12,29.76,27.25,29.58,29.88,30.76,,,3.2,,999,0.64,,1.8,
BUY,3,VUG,2020-03-03,29.67,336.87,,,5.0,,,,,,,2020-03-02,28.3,29.75,27.83,29.52,29.91,30.61,,,1.7,,999,0.34,,1.9,
BUY,4,XLK,2020-03-03,44.54,224.41,,,5.0,,,,,,,2020-03-02,42.12,44.38,40.39,44.29,44.61,45.83,,,4.28,,999,0.86,,1.8,
BUY,7,XLP,2020-03-03,51.53,193.96,,,5.0,,,,,,,2020-03-02,51.83,52.52,51.14,51.45,51.94,53.27,,,1.36,,999,0.27,,1.9,
BUY,9,XLRE,2020-03-03,31.13,321.07,,,5.0,,,,,,,2020-03-02,30.97,31.57,30.78,31.07,31.76,31.99,,,0.61,,999,0.12,,2.0,
BUY,5,XLU,2020-03-03,26.94,371.01,,,5.0,,,,,,,2020-03-02,27.45,27.27,25.77,26.93,27.36,27.59,,,6.52,,999,1.3,,1.7,
BUY,8,XLV,2020-03-03,87.46,114.28,,,5.0,,,,,,,2020-03-02,87.41,89.59,85.17,87.38,88.31,91.74,,,2.63,,999,0.53,,1.9,
SELL,7,XLP,2020-03-17,45.31,193.96,2020-03-03,51.53,5.0,4.39,-1206.46,-1210.85,-12.11,10,rotation (out of top-N),2020-03-16,42.45,49.97,50.96,43.35,48.21,52.35,,,-16.7,,999,-3.34,,2.8,
SELL,9,XLRE,2020-03-17,24.36,321.07,2020-03-03,31.13,5.0,3.91,-2173.66,-2177.57,-21.79,10,rotation (out of top-N),2020-03-16,21.85,29.33,30.56,25.58,28.75,31.54,,,-28.51,,999,-5.7,,3.4,
SELL,5,XLU,2020-03-17,21.52,371.01,2020-03-03,26.94,5.0,3.99,-2010.87,-2014.86,-20.16,10,rotation (out of top-N),2020-03-16,19.56,25.32,25.64,21.35,24.7,27.35,,,-23.72,,999,-4.74,,3.2,
SELL,3,VUG,2020-03-24,23.24,336.87,2020-03-03,29.67,5.0,3.91,-2166.09,-2170.0,-21.71,15,rotation (out of top-N),2020-03-23,24.73,27.3,27.72,22.05,24.13,28.86,,,-10.8,,999,-2.16,,2.5,
SELL,8,XLV,2020-03-24,70.55,114.28,2020-03-03,87.46,5.0,4.03,-1932.49,-1936.52,-19.37,15,rotation (out of top-N),2020-03-23,76.8,83.55,84.81,67.47,75.85,86.94,,,-9.44,,999,-1.89,,2.5,
SELL,10,QQQ,2020-03-31,184.17,47.98,2020-03-03,208.33,5.0,4.42,-1159.12,-1163.54,-11.64,20,rotation (out of top-N),2020-03-30,176.33,190.22,191.9,184.66,178.33,199.5,,,-8.11,,999,-1.62,,2.4,
SELL,1,SMH,2020-03-31,57.69,151.37,2020-03-03,66.03,5.0,4.37,-1262.43,-1266.8,-12.67,20,rotation (out of top-N),2020-03-30,53.98,59.74,60.66,57.57,55.32,62.82,,,-11.01,,999,-2.2,,2.6,
SELL,2,VGT,2020-03-31,25.85,335.74,2020-03-03,29.77,5.0,4.34,-1316.1,-1320.44,-13.21,20,rotation (out of top-N),2020-03-30,24.24,26.79,27.23,25.88,24.88,28.26,,,-10.98,,999,-2.2,,2.5,
SELL,4,XLK,2020-03-31,38.91,224.41,2020-03-03,44.54,5.0,4.37,-1263.4,-1267.77,-12.68,20,rotation (out of top-N),2020-03-30,36.73,40.22,40.46,39.0,37.45,42.33,,,-9.22,,999,-1.84,,2.5,
BUY,11,QQQ,2020-04-14,199.21,189.35,,,18.86,,,,,,,2020-04-13,207.02,193.71,192.71,195.23,187.22,191.67,,,7.42,,0,1.48,,4.6,
BUY,12,XLK,2020-04-14,41.57,907.37,,,18.86,,,,,,,2020-04-13,42.51,40.7,40.64,40.66,39.21,40.41,,,4.59,,0,0.92,,4.8,
BUY,13,XLV,2020-04-21,88.86,0.42,,,0.02,,,,,,,2020-04-20,90.68,85.74,85.25,90.4,86.77,82.08,,,6.37,,0,1.27,,4.7,
BUY,14,SMH,2020-05-05,62.95,0.0,,,0.0,,,,,,,2020-05-04,65.83,61.94,61.68,62.07,62.95,58.36,,,6.72,,0,1.34,,4.7,
BUY,15,VGT,2020-05-05,28.81,0.0,,,0.0,,,,,,,2020-05-04,30.1,27.89,27.54,28.49,28.17,26.14,,,9.3,,0,1.86,,4.5,
BUY,16,VUG,2020-05-12,30.06,0.0,,,0.0,,,,,,,2020-05-11,29.45,28.15,27.95,29.95,29.04,26.53,,,5.35,,0,1.07,,4.7,
BUY,17,XLC,2020-06-02,51.48,0.0,,,0.0,,,,,,,2020-06-01,52.24,48.56,48.09,51.42,50.32,46.9,,,8.64,,0,1.73,,4.6,
BUY,18,XLY,2020-06-09,62.78,0.0,,,0.0,,,,,,,2020-06-08,59.58,56.84,56.31,63.34,60.52,55.77,,,5.81,,0,1.16,,4.7,
BUY,19,SPY,2020-06-30,279.93,0.0,,,0.0,,,,,,,2020-06-29,287.48,276.83,276.08,280.46,282.29,276.78,,,4.13,,0,0.83,,4.8,
BUY,20,VTI,2020-07-07,146.82,0.27,,,0.02,,,,,,,2020-07-06,147.89,141.1,139.83,147.53,144.28,140.95,,,5.76,,7,1.15,,4.6,
SELL,13,XLV,2020-07-07,92.51,0.42,2020-04-21,88.86,0.02,0.02,1.55,1.53,4.06,53,rotation (out of top-N),2020-07-06,91.45,90.3,88.02,93.19,91.11,90.88,,,3.9,,77,0.78,,2.5,
BUY,22,XLB,2020-07-14,25.73,0.76,,,0.01,,,,,,,2020-07-13,27.2,25.02,24.57,25.79,25.49,24.85,,,10.71,,7,2.14,,4.3,
BUY,21,XLV,2020-07-14,91.74,0.21,,,0.01,,,,,,,2020-07-13,96.15,91.37,88.42,91.97,91.62,91.11,,,8.75,,84,1.75,,2.2,
SELL,19,SPY,2020-07-14,288.51,0.0,2020-06-30,279.93,0.0,0.0,0.0,0.0,3.01,9,rotation (out of top-N),2020-07-13,296.24,282.69,277.41,289.9,288.69,282.7,,,6.79,,14,1.36,,4.4,
SELL,20,VTI,2020-07-14,145.64,0.27,2020-07-07,146.82,0.02,0.02,-0.32,-0.33,-0.85,5,rotation (out of top-N),2020-07-13,149.95,142.71,140.17,146.29,145.87,142.74,,,6.97,,14,1.39,,4.4,
BUY,23,VTI,2020-07-28,150.34,0.14,,,0.01,,,,,,,2020-07-27,152.09,145.42,140.81,150.77,149.93,146.04,,,8.01,,28,1.6,,4.1,
SELL,21,XLV,2020-07-28,96.2,0.21,2020-07-14,91.74,0.01,0.01,0.95,0.94,4.81,10,rotation (out of top-N),2020-07-27,95.83,92.78,89.11,96.2,95.39,92.31,,,7.54,,98,1.51,,2.0,
BUY,24,SCHB,2020-08-04,11.98,931.55,,,5.58,,,,,,,2020-08-03,12.21,11.53,11.05,11.99,11.83,11.49,,,10.52,,35,2.1,,3.9,
SELL,6,TLT,2020-08-04,142.09,78.62,2020-03-03,127.13,5.0,5.59,1176.16,1170.57,11.71,107,rotation (out of top-N),2020-08-03,141.3,138.66,128.2,141.35,140.89,137.11,,,10.22,,999,2.04,,1.5,
BUY,25,SPY,2020-08-18,311.56,0.09,,,0.01,,,,,,,2020-08-17,312.59,298.13,280.96,311.18,307.9,296.16,,,11.26,,49,2.25,,3.6,
SELL,22,XLB,2020-08-18,28.06,0.76,2020-07-14,25.73,0.01,0.01,1.76,1.75,9.0,25,rotation (out of top-N),2020-08-17,27.52,26.56,24.77,27.97,27.64,26.51,,,11.11,,42,2.22,,3.7,
BUY,26,XLB,2020-08-25,28.1,0.97,,,0.01,,,,,,,2020-08-24,28.45,26.9,24.83,28.01,27.73,26.91,,,14.58,,49,2.92,,3.5,
SELL,25,SPY,2020-08-25,316.34,0.09,2020-08-18,311.56,0.01,0.01,0.41,0.4,1.48,5,rotation (out of top-N),2020-08-24,322.83,302.62,281.98,315.76,311.04,299.9,,,14.49,,56,2.9,,3.3,
BUY,27,EEM,2020-09-15,39.59,146.6,,,2.9,,,,,,,2020-09-14,39.01,38.24,35.65,39.12,38.82,38.74,,,9.43,,63,1.89,,2.5,
BUY,28,XLI,2020-09-15,72.2,80.39,,,2.9,,,,,,,2020-09-14,72.02,69.2,65.5,71.91,71.04,69.15,,,9.95,,28,1.99,,4.0,
SELL,24,SCHB,2020-09-15,12.45,931.55,2020-08-04,11.98,5.58,5.8,437.83,432.03,3.87,29,rotation (out of top-N),2020-09-14,12.13,12.09,11.21,12.34,12.38,12.24,,,8.21,,77,1.64,,2.3,
SELL,23,VTI,2020-09-15,159.14,0.14,2020-07-28,150.34,0.01,0.01,1.19,1.18,5.8,34,rotation (out of top-N),2020-09-14,155.37,154.59,143.28,157.82,158.27,156.5,,,8.44,,77,1.69,,2.3,
BUY,29,VTI,2020-09-22,154.14,36.63,,,2.82,,,,,,,2020-09-21,154.04,154.49,143.41,153.49,156.83,157.19,,,7.41,,84,1.48,,2.2,
SELL,27,EEM,2020-09-22,38.51,146.6,2020-09-15,39.59,2.9,2.82,-158.33,-161.15,-2.78,5,rotation (out of top-N),2020-09-21,37.61,38.12,35.62,38.65,39.0,38.89,,,5.59,,70,1.12,,2.6,
BUY,30,SCHB,2020-09-29,12.25,467.84,,,2.87,,,,,,,2020-09-28,12.27,12.11,11.23,12.25,12.12,12.32,,,9.22,,91,1.84,,2.0,
SELL,28,XLI,2020-09-29,71.33,80.39,2020-09-15,72.2,2.9,2.87,-69.94,-72.8,-1.25,10,rotation (out of top-N),2020-09-28,71.18,69.71,65.35,71.46,70.63,70.42,,,8.93,,42,1.79,,3.9,
BUY,31,IWM,2020-10-06,147.97,0.02,,,0.0,,,,,,,2020-10-05,151.87,142.24,133.26,146.67,141.36,142.85,,,13.97,,56,2.79,,3.4,
SELL,17,XLC,2020-10-06,56.47,0.0,2020-06-02,51.48,0.0,0.0,0.0,0.0,9.64,88,rotation (out of top-N),2020-10-05,57.01,56.01,51.11,56.71,56.14,57.09,,,11.55,,126,2.31,,1.4,
BUY,32,XLI,2020-10-13,74.06,81.85,,,3.03,,,,,,,2020-10-12,74.89,71.3,65.33,74.49,72.68,71.26,,,14.63,,56,2.93,,3.3,
SELL,30,SCHB,2020-10-13,12.97,467.84,2020-09-29,12.25,2.87,3.03,336.85,333.81,5.82,10,rotation (out of top-N),2020-10-12,12.8,12.34,11.29,12.98,12.56,12.4,,,13.41,,105,2.68,,1.6,
BUY,33,XLC,2020-10-20,56.53,105.1,,,2.97,,,,,,,2020-10-19,58.7,56.71,51.39,56.41,57.12,57.23,,,14.23,,140,2.85,,1.3,
SELL,29,VTI,2020-10-20,162.29,36.63,2020-09-22,154.14,2.82,2.97,298.51,295.54,5.23,20,rotation (out of top-N),2020-10-19,163.15,158.83,144.54,161.47,162.42,159.3,,,12.88,,112,2.58,,1.5,
BUY,34,EEM,2020-10-27,40.17,147.49,,,2.96,,,,,,,2020-10-26,39.17,39.13,35.65,40.06,40.11,39.2,,,9.88,,105,1.98,,1.8,
SELL,32,XLI,2020-10-27,72.42,81.85,2020-10-13,74.06,3.03,2.96,-134.23,-137.2,-2.26,10,rotation (out of top-N),2020-10-26,69.63,71.47,65.14,72.63,73.71,72.09,,,6.89,,70,1.38,,2.5,
BUY,36,IJH,2020-11-10,38.53,556.37,,,10.72,,,,,,,2020-11-09,38.93,36.32,32.86,38.38,36.81,35.6,,,18.47,,98,3.69,,1.4,
BUY,37,IJR,2020-11-10,73.76,290.63,,,10.72,,,,,,,2020-11-09,74.92,68.91,62.69,73.13,69.51,67.32,,,19.51,,84,3.9,,1.6,
BUY,35,XLI,2020-11-10,77.45,276.79,,,10.72,,,,,,,2020-11-09,78.7,73.26,65.26,77.19,73.68,72.38,,,20.6,,84,4.12,,1.6,
SELL,34,EEM,2020-11-10,42.12,147.49,2020-10-27,40.17,2.96,3.11,287.6,284.5,4.8,10,rotation (out of top-N),2020-11-09,42.35,40.14,35.89,42.28,40.94,39.61,,,17.99,,119,3.6,,1.1,
SELL,33,XLC,2020-11-10,59.03,105.1,2020-10-20,56.53,2.97,3.1,262.75,259.65,4.37,15,rotation (out of top-N),2020-11-09,60.59,57.84,51.92,59.69,58.48,56.93,,,16.69,,161,3.34,,1.2,
SELL,12,XLK,2020-11-10,57.26,907.37,2020-04-14,41.57,18.86,25.98,14236.67,14210.69,37.67,147,rotation (out of top-N),2020-11-09,58.0,56.09,49.11,57.77,56.35,55.84,,,18.11,,210,3.62,,1.1,
BUY,38,EEM,2020-11-17,42.61,0.75,,,0.02,,,,,,,2020-11-16,42.99,40.66,36.01,42.88,41.78,39.98,,,19.4,,126,3.88,,1.0,
SELL,16,VUG,2020-11-17,38.69,0.0,2020-05-12,30.06,0.0,0.0,0.0,0.0,28.64,132,rotation (out of top-N),2020-11-16,38.32,37.45,32.71,38.73,38.1,37.33,,,17.14,,189,3.43,,1.1,
BUY,39,RSP,2020-11-24,113.05,0.0,,,0.0,,,,,,,2020-11-23,113.05,105.39,93.68,111.52,109.32,103.68,,,20.68,,112,4.14,,1.1,
SELL,15,VGT,2020-11-24,39.29,0.0,2020-05-05,28.81,0.0,0.0,0.0,0.0,36.31,142,rotation (out of top-N),2020-11-23,40.07,38.42,33.26,39.13,39.01,38.32,,,20.46,,203,4.09,,1.0,
BUY,40,SCHD,2020-12-01,17.35,1587.38,,,13.77,,,,,,,2020-11-30,17.74,16.46,14.52,17.11,17.08,16.17,,,22.18,,119,4.44,,0.9,
BUY,41,VGT,2020-12-01,40.61,678.19,,,13.77,,,,,,,2020-11-30,41.11,38.91,33.59,40.34,39.56,38.58,,,22.39,,210,4.48,,0.9,
SELL,11,QQQ,2020-12-01,291.2,189.35,2020-04-14,199.21,18.86,27.57,17417.86,17390.29,46.1,161,rotation (out of top-N),2020-11-30,294.72,279.34,241.82,289.03,283.85,276.46,,,21.88,,231,4.38,,0.9,
SELL,18,XLY,2020-12-01,75.67,0.0,2020-06-09,62.78,0.0,0.0,0.0,0.0,20.47,122,rotation (out of top-N),2020-11-30,75.45,72.82,62.9,75.09,74.43,72.65,,,19.95,,175,3.99,,1.0,
BUY,42,QQQ,2020-12-15,295.54,93.94,,,13.88,,,,,,,2020-12-14,299.1,284.69,246.97,293.29,291.87,280.81,,,21.11,,245,4.22,,0.9,
SELL,40,SCHD,2020-12-15,17.49,1587.38,2020-12-01,17.35,13.77,13.88,222.23,208.35,0.76,10,rotation (out of top-N),2020-12-14,17.58,16.83,14.74,17.34,17.5,16.6,,,19.27,,133,3.85,,1.0,
BUY,43,XLF,2020-12-22,26.13,0.91,,,0.01,,,,,,,2020-12-21,26.33,24.9,22.01,26.12,25.87,24.57,,,19.65,,70,3.93,,1.9,
BUY,44,XLK,2020-12-22,61.78,0.38,,,0.01,,,,,,,2020-12-21,61.91,59.08,51.76,61.45,60.69,58.18,,,19.6,,252,3.92,,1.0,
SELL,38,EEM,2020-12-22,44.36,0.75,2020-11-17,42.61,0.02,0.02,1.32,1.3,4.05,24,rotation (out of top-N),2020-12-21,44.38,43.1,37.39,44.47,44.6,42.77,,,18.68,,161,3.74,,1.1,
SELL,39,RSP,2020-12-22,114.76,0.0,2020-11-24,113.05,0.0,0.0,0.0,0.0,1.46,19,rotation (out of top-N),2020-12-21,115.15,110.81,96.89,114.7,114.87,109.67,,,18.84,,140,3.77,,1.1,
BUY,45,EEM,2020-12-29,44.9,0.54,,,0.01,,,,,,,2020-12-28,45.74,43.58,37.81,44.5,44.5,43.23,,,20.97,,168,4.19,,1.0,
SELL,44,XLK,2020-12-29,62.95,0.38,2020-12-22,61.78,0.01,0.01,0.45,0.44,1.84,4,rotation (out of top-N),2020-12-28,62.37,59.68,52.39,62.61,61.45,58.91,,,19.06,,259,3.81,,1.0,
BUY,47,RSP,2021-01-05,114.67,217.74,,,12.48,,,,,,,2021-01-04,119.93,113.31,99.12,114.8,115.25,112.73,,,20.99,,154,4.2,,1.0,
BUY,46,XLY,2021-01-05,75.82,329.31,,,12.48,,,,,,,2021-01-04,80.74,75.69,66.64,76.26,76.19,74.87,,,21.17,,210,4.23,,0.9,
SELL,42,QQQ,2021-01-05,297.93,93.94,2020-12-15,295.54,13.88,13.99,224.52,210.52,0.76,13,rotation (out of top-N),2021-01-04,308.31,293.5,256.78,298.92,300.02,290.63,,,20.07,,266,4.01,,1.0,
SELL,35,XLI,2021-01-05,79.48,276.79,2020-11-10,77.45,10.72,11.0,561.87,550.87,2.57,37,rotation (out of top-N),2021-01-04,82.58,79.97,69.25,79.63,80.92,80.33,,,19.24,,140,3.85,,1.0,
BUY,48,SCHD,2021-01-12,18.18,1517.18,,,13.79,,,,,,,2021-01-11,18.11,17.41,15.34,18.15,17.83,17.45,,,18.08,,161,3.62,,1.1,
BUY,49,XLE,2021-01-12,17.38,1587.01,,,13.79,,,,,,,2021-01-11,17.45,15.72,14.42,17.18,16.4,15.63,,,21.05,,42,4.21,,3.2,
SELL,41,VGT,2021-01-12,42.71,678.19,2020-12-01,40.61,13.77,14.48,1424.19,1409.71,5.12,28,rotation (out of top-N),2021-01-11,42.14,41.31,36.1,42.71,42.46,41.1,,,16.74,,252,3.35,,1.2,
SELL,46,XLY,2021-01-12,79.65,329.31,2021-01-05,75.82,12.48,13.11,1261.26,1248.14,5.0,5,rotation (out of top-N),2021-01-11,79.31,76.35,67.35,79.23,77.97,75.6,,,17.76,,217,3.55,,1.1,
BUY,52,QQQ,2021-01-26,317.8,57.45,,,9.13,,,,,,,2021-01-25,303.99,299.49,264.63,317.09,309.94,299.76,,,14.87,,287,2.97,,1.3,
BUY,50,VGT,2021-01-26,44.31,412.05,,,9.13,,,,,,,2021-01-25,42.34,41.87,36.85,44.15,43.29,41.98,,,14.91,,266,2.98,,1.3,
BUY,51,XLK,2021-01-26,64.48,283.16,,,9.13,,,,,,,2021-01-25,61.85,61.15,54.57,64.28,62.95,61.29,,,13.34,,287,2.67,,1.3,
SELL,48,SCHD,2021-01-26,18.16,1517.18,2021-01-12,18.18,13.79,13.78,-30.34,-44.12,-0.16,9,rotation (out of top-N),2021-01-25,17.47,17.52,15.56,18.1,18.12,17.72,,,12.27,,175,2.45,,1.4,
SELL,26,XLB,2021-01-26,33.43,0.97,2020-08-25,28.1,0.01,0.02,5.15,5.14,18.91,105,rotation (out of top-N),2021-01-25,31.69,32.34,28.46,33.23,33.68,32.66,,,11.36,,203,2.27,,1.4,
SELL,49,XLE,2021-01-26,17.15,1587.01,2021-01-12,17.38,13.79,13.61,-365.01,-378.62,-1.37,9,rotation (out of top-N),2021-01-25,16.05,16.0,14.58,17.0,17.26,16.31,,,10.12,,56,2.02,,3.6,
BUY,53,XLE,2021-02-02,16.54,1324.98,,,10.96,,,,,,,2021-02-01,17.37,16.25,14.66,16.17,16.67,16.44,,,18.49,,63,3.7,,2.0,
BUY,54,XLY,2021-02-02,80.12,273.53,,,10.96,,,,,,,2021-02-01,82.39,78.23,69.37,79.46,79.66,77.66,,,18.76,,238,3.75,,1.1,
SELL,47,RSP,2021-02-02,118.13,217.74,2021-01-05,114.67,12.48,12.86,753.38,740.52,2.97,19,rotation (out of top-N),2021-02-01,121.06,116.52,102.7,117.07,118.08,117.01,,,17.87,,182,3.57,,1.1,
SELL,51,XLK,2021-02-02,64.01,283.16,2021-01-26,64.48,9.13,9.06,-133.08,-142.15,-0.78,5,rotation (out of top-N),2021-02-01,64.91,61.84,55.13,63.4,63.04,61.8,,,17.73,,294,3.55,,1.1,
BUY,55,XLK,2021-02-09,65.42,345.31,,,11.3,,,,,,,2021-02-08,66.48,62.68,55.67,65.59,64.22,62.37,,,19.42,,301,3.88,,1.0,
SELL,54,XLY,2021-02-09,82.59,273.53,2021-02-02,80.12,10.96,11.3,675.62,664.32,3.03,5,rotation (out of top-N),2021-02-08,81.47,78.82,70.02,82.86,81.12,78.48,,,16.36,,245,3.27,,1.2,
BUY,58,RSP,2021-02-23,123.92,153.34,,,9.5,,,,,,,2021-02-22,122.56,119.57,105.56,124.05,122.88,119.56,,,16.11,,203,3.22,,1.2,
BUY,56,SCHD,2021-02-23,18.83,1009.14,,,9.5,,,,,,,2021-02-22,18.53,18.04,16.06,18.79,18.48,18.05,,,15.35,,203,3.07,,1.2,
BUY,57,XLC,2021-02-23,67.71,280.64,,,9.5,,,,,,,2021-02-22,67.74,65.78,58.8,68.33,68.41,65.18,,,15.2,,266,3.04,,1.2,
SELL,52,QQQ,2021-02-23,306.35,57.45,2021-01-26,317.8,9.13,8.8,-657.82,-666.62,-3.65,19,rotation (out of top-N),2021-02-22,303.59,308.46,274.95,311.61,319.25,310.98,,,10.42,,315,2.08,,1.5,
SELL,50,VGT,2021-02-23,43.15,412.05,2021-01-26,44.31,9.13,8.89,-477.98,-486.87,-2.67,19,rotation (out of top-N),2021-02-22,42.97,43.31,38.34,43.96,44.86,43.59,,,12.06,,294,2.41,,1.4,
SELL,55,XLK,2021-02-23,62.76,345.31,2021-02-09,65.42,11.3,10.84,-918.52,-929.36,-4.11,9,rotation (out of top-N),2021-02-22,62.64,63.06,56.6,63.82,65.11,63.45,,,10.66,,315,2.13,,1.5,
BUY,59,XLI,2021-03-02,85.68,0.64,,,0.03,,,,,,,2021-03-01,86.11,82.58,74.28,85.64,84.07,82.17,,,15.93,,196,3.19,,1.2,
SELL,45,EEM,2021-03-02,48.57,0.54,2020-12-29,44.9,0.01,0.01,1.97,1.96,8.12,42,rotation (out of top-N),2021-03-01,47.68,48.01,41.79,48.83,49.25,48.99,,,14.1,,231,2.82,,1.3,
BUY,60,VTV,2021-03-09,113.78,171.55,,,9.76,,,,,,,2021-03-08,115.67,109.04,97.54,113.59,111.12,108.43,,,18.58,,189,3.72,,1.1,
SELL,57,XLC,2021-03-09,69.62,280.64,2021-02-23,67.71,9.5,9.77,536.02,526.25,2.77,10,rotation (out of top-N),2021-03-08,70.7,67.22,59.73,68.52,68.55,66.49,,,18.37,,280,3.67,,1.1,
BUY,61,XLC,2021-03-16,71.61,277.36,,,9.93,,,,,,,2021-03-15,71.38,67.98,60.24,71.2,69.8,67.49,,,18.49,,287,3.7,,1.1,
SELL,60,VTV,2021-03-16,115.84,171.55,2021-03-09,113.78,9.76,9.94,353.39,343.45,1.76,5,rotation (out of top-N),2021-03-15,114.75,110.08,98.25,115.95,113.62,109.31,,,16.79,,196,3.36,,1.2,
BUY,62,VTV,2021-03-23,114.37,174.28,,,9.97,,,,,,,2021-03-22,116.77,111.3,98.99,114.88,114.55,110.26,,,17.96,,203,3.59,,1.1,
SELL,61,XLC,2021-03-23,71.9,277.36,2021-03-16,71.61,9.93,9.97,80.43,70.46,0.35,5,rotation (out of top-N),2021-03-22,68.55,68.08,60.65,71.98,70.94,68.44,,,13.03,,294,2.61,,1.3,
BUY,63,XLC,2021-04-06,72.19,283.4,,,10.23,,,,,,,2021-04-05,72.94,69.36,61.7,72.21,70.37,69.51,,,18.21,,308,3.64,,1.1,
SELL,62,VTV,2021-04-06,117.45,174.28,2021-03-23,114.37,9.97,10.23,536.78,526.55,2.64,9,rotation (out of top-N),2021-04-05,117.92,113.29,100.59,117.54,116.03,112.57,,,17.23,,217,3.45,,1.1,
BUY,64,XLB,2021-04-13,36.16,570.66,,,10.32,,,,,,,2021-04-12,37.27,35.2,31.33,36.22,35.87,34.71,,,18.95,,280,3.79,,1.1,
SELL,63,XLC,2021-04-13,72.85,283.4,2021-04-06,72.19,10.23,10.32,187.04,176.72,0.86,5,rotation (out of top-N),2021-04-12,72.86,70.0,62.16,72.64,71.9,70.08,,,17.21,,315,3.44,,1.1,
BUY,65,XLC,2021-04-27,72.76,0.14,,,0.01,,,,,,,2021-04-26,74.01,71.1,63.13,72.64,72.3,70.99,,,17.23,,329,3.45,,1.1,
SELL,14,SMH,2021-04-27,123.27,0.0,2020-05-05,62.95,0.0,0.0,0.01,0.01,95.72,246,rotation (out of top-N),2021-04-26,117.89,118.47,101.81,122.96,120.9,117.08,,,15.8,,357,3.16,,1.2,
BUY,66,VTV,2021-05-04,120.92,0.09,,,0.01,,,,,,,2021-05-03,124.09,117.61,103.77,121.18,119.77,117.06,,,19.58,,245,3.92,,1.0,
SELL,65,XLC,2021-05-04,73.21,0.14,2021-04-27,72.76,0.01,0.01,0.06,0.06,0.57,5,rotation (out of top-N),2021-05-03,74.23,71.67,63.62,73.62,73.2,71.6,,,16.68,,336,3.34,,1.2,
BUY,67,XLRE,2021-05-18,35.26,0.11,,,0.0,,,,,,,2021-05-17,35.59,34.58,31.27,35.28,35.23,34.56,,,13.82,,266,2.76,,1.3,
SELL,31,IWM,2021-05-18,207.72,0.02,2020-10-06,147.97,0.0,0.0,1.16,1.16,40.31,154,rotation (out of top-N),2021-05-17,206.43,208.37,182.27,207.66,206.71,208.14,,,13.26,,280,2.65,,1.3,
BUY,69,IWM,2021-06-08,216.93,0.17,,,0.02,,,,,,,2021-06-07,217.72,211.22,187.54,216.2,212.14,209.31,,,16.1,,301,3.22,,1.2,
BUY,68,XLC,2021-06-08,75.69,0.48,,,0.02,,,,,,,2021-06-07,75.68,73.51,65.69,75.48,74.5,73.21,,,15.2,,371,3.04,,1.2,
SELL,66,VTV,2021-06-08,124.41,0.09,2021-05-04,120.92,0.01,0.01,0.3,0.29,2.83,24,rotation (out of top-N),2021-06-07,123.88,121.53,107.66,124.41,123.77,121.55,,,15.07,,280,3.01,,1.2,
SELL,59,XLI,2021-06-08,96.75,0.64,2021-03-02,85.68,0.03,0.03,7.05,7.02,12.86,68,rotation (out of top-N),2021-06-07,95.68,94.76,83.91,96.7,96.73,95.14,,,14.03,,294,2.81,,1.3,
BUY,70,SMH,2021-06-15,123.27,203.01,,,12.51,,,,,,,2021-06-14,119.79,119.3,108.26,123.65,121.09,117.96,,,10.65,,406,2.13,,1.5,
BUY,71,VTI,2021-06-15,205.86,121.56,,,12.51,,,,,,,2021-06-14,201.46,200.96,183.61,205.74,204.12,201.53,,,9.72,,350,1.94,,1.5,
SELL,36,IJH,2021-06-15,50.65,556.37,2020-11-10,38.53,10.72,14.09,6743.23,6729.14,31.39,148,rotation (out of top-N),2021-06-14,48.43,49.81,44.33,50.59,50.64,50.41,,,9.26,,315,1.85,,1.5,
SELL,64,XLB,2021-06-15,38.41,570.66,2021-04-13,36.16,10.32,10.96,1283.99,1273.03,6.17,44,rotation (out of top-N),2021-06-14,36.4,37.94,33.76,38.35,38.97,38.71,,,7.81,,343,1.56,,1.6,
BUY,72,IJH,2021-06-22,49.54,501.42,,,12.42,,,,,,,2021-06-21,50.6,49.95,44.73,49.57,49.91,50.35,,,13.12,,322,2.62,,1.3,
SELL,71,VTI,2021-06-22,204.34,121.56,2021-06-15,205.86,12.51,12.42,-184.77,-197.19,-0.79,5,rotation (out of top-N),2021-06-21,207.48,202.15,184.91,204.23,203.82,201.96,,,12.2,,357,2.44,,1.4,
BUY,73,VGT,2021-06-29,48.05,322.03,,,7.74,,,,,,,2021-06-28,48.82,46.26,42.95,48.04,47.09,45.23,,,13.67,,420,2.73,,1.3,
BUY,74,VUG,2021-06-29,46.46,333.05,,,7.74,,,,,,,2021-06-28,47.11,44.78,41.54,46.45,45.58,43.99,,,13.41,,413,2.68,,1.3,
BUY,75,XLK,2021-06-29,70.71,218.83,,,7.74,,,,,,,2021-06-28,72.17,68.32,63.14,70.67,69.4,66.95,,,14.3,,441,2.86,,1.3,
SELL,72,IJH,2021-06-29,50.23,501.42,2021-06-22,49.54,12.42,12.59,345.98,333.38,1.34,5,rotation (out of top-N),2021-06-28,50.3,50.02,45.15,50.07,50.02,50.22,,,11.4,,329,2.28,,1.4,
SELL,69,IWM,2021-06-29,217.28,0.17,2021-06-08,216.93,0.02,0.02,0.06,0.04,0.11,15,rotation (out of top-N),2021-06-28,215.36,212.72,193.15,216.54,215.63,211.34,,,11.5,,322,2.3,,1.4,
SELL,56,SCHD,2021-06-29,21.04,1009.14,2021-02-23,18.83,9.5,10.62,2230.2,2219.58,11.68,88,rotation (out of top-N),2021-06-28,21.21,20.98,18.8,21.0,20.98,21.18,,,12.81,,329,2.56,,1.4,
BUY,79,QQQ,2021-07-13,350.72,75.49,,,13.24,,,,,,,2021-07-12,346.42,336.12,310.41,351.09,346.4,330.98,,,11.6,,455,2.32,,1.4,
BUY,76,SCHD,2021-07-13,21.24,1246.49,,,13.24,,,,,,,2021-07-12,21.04,21.03,19.08,21.25,21.09,21.17,,,10.27,,343,2.05,,1.5,
BUY,78,SPY,2021-07-13,407.7,64.94,,,13.24,,,,,,,2021-07-12,403.12,396.42,363.57,408.49,403.68,394.6,,,10.88,,378,2.18,,1.5,
BUY,77,XLV,2021-07-13,118.78,222.89,,,13.24,,,,,,,2021-07-12,118.61,115.55,107.32,118.92,117.76,114.74,,,10.52,,448,2.1,,1.5,
SELL,37,IJR,2021-07-13,103.02,290.63,2020-11-10,73.76,10.72,14.97,8503.9,8488.92,39.6,167,rotation (out of top-N),2021-07-12,98.51,102.34,93.11,103.55,103.11,103.78,,,5.8,,329,1.16,,1.7,
SELL,58,RSP,2021-07-13,140.02,153.34,2021-02-23,123.92,9.5,10.74,2468.8,2458.06,12.94,97,rotation (out of top-N),2021-07-12,137.39,137.69,124.8,140.31,139.15,138.35,,,10.09,,343,2.02,,1.5,
SELL,70,SMH,2021-07-13,125.95,203.01,2021-06-15,123.27,12.51,12.78,544.06,531.28,2.12,19,rotation (out of top-N),2021-07-12,119.76,121.37,112.2,126.31,124.77,121.04,,,6.74,,434,1.35,,1.7,
SELL,53,XLE,2021-07-13,21.89,1324.98,2021-02-02,16.54,10.96,14.5,7088.63,7074.13,32.28,111,rotation (out of top-N),2021-07-12,20.29,21.71,18.52,22.0,22.16,22.33,,,9.54,,224,1.91,,1.5,
BUY,81,SCHB,2021-07-20,16.02,809.79,,,6.49,,,,,,,2021-07-19,16.57,16.14,14.84,15.98,16.26,16.07,,,11.69,,385,2.34,,1.4,
BUY,80,VTI,2021-07-20,205.06,63.26,,,6.49,,,,,,,2021-07-19,212.06,206.53,189.95,204.39,208.08,205.65,,,11.64,,385,2.33,,1.4,
SELL,76,SCHD,2021-07-20,20.77,1246.49,2021-07-13,21.24,13.24,12.94,-585.85,-598.79,-2.26,5,rotation (out of top-N),2021-07-19,21.14,21.05,19.21,20.7,21.04,21.14,,,10.05,,350,2.01,,1.5,
SELL,43,XLF,2021-07-20,32.16,0.91,2020-12-22,26.13,0.01,0.01,5.46,5.45,23.02,143,rotation (out of top-N),2021-07-19,33.25,33.44,29.8,32.2,33.24,33.86,,,11.57,,280,2.31,,1.4,
BUY,82,SMH,2021-07-27,123.86,108.25,,,6.7,,,,,,,2021-07-26,127.66,123.03,114.05,124.69,123.72,122.94,,,11.94,,448,2.39,,1.4,
BUY,83,XLF,2021-07-27,33.19,403.96,,,6.7,,,,,,,2021-07-26,33.49,33.45,30.07,33.44,33.29,33.72,,,11.38,,287,2.28,,1.4,
SELL,81,SCHB,2021-07-27,16.57,809.79,2021-07-20,16.02,6.49,6.71,445.39,438.68,3.38,5,rotation (out of top-N),2021-07-26,16.52,16.21,14.93,16.61,16.4,16.15,,,10.65,,392,2.13,,1.5,
SELL,80,VTI,2021-07-27,211.98,63.26,2021-07-20,205.06,6.49,6.71,437.79,431.08,3.32,5,rotation (out of top-N),2021-07-26,211.34,207.41,191.15,212.49,209.86,206.77,,,10.56,,392,2.11,,1.5,
BUY,84,RSP,2021-08-10,141.62,99.6,,,7.05,,,,,,,2021-08-09,142.92,139.78,128.71,141.44,140.69,138.96,,,11.04,,371,2.21,,1.4,
SELL,82,SMH,2021-08-10,130.31,108.25,2021-07-27,123.86,6.7,7.05,698.2,691.14,5.15,10,rotation (out of top-N),2021-08-09,127.32,124.89,116.01,129.9,128.62,124.76,,,9.75,,462,1.95,,1.5,
BUY,85,XLU,2021-08-17,29.64,477.39,,,7.07,,,,,,,2021-08-16,30.08,28.74,27.32,29.72,29.19,28.21,,,10.09,,315,2.02,,1.5,
SELL,84,RSP,2021-08-17,142.14,99.6,2021-08-10,141.62,7.05,7.08,51.79,44.71,0.32,5,rotation (out of top-N),2021-08-16,141.12,140.02,129.5,142.96,142.05,139.61,,,8.97,,378,1.79,,1.6,
BUY,86,SMH,2021-08-24,128.26,110.41,,,7.08,,,,,,,2021-08-23,131.98,126.1,117.65,127.95,126.03,125.77,,,12.18,,476,2.44,,1.4,
SELL,85,XLU,2021-08-24,29.68,477.39,2021-08-17,29.64,7.07,7.08,19.1,12.01,0.08,5,rotation (out of top-N),2021-08-23,29.47,28.87,27.39,29.69,29.56,28.5,,,7.58,,322,1.52,,1.6,
BUY,88,RSP,2021-09-28,142.1,143.78,,,10.22,,,,,,,2021-09-27,140.23,141.25,133.74,142.51,141.36,142.04,,,4.85,,420,0.97,,1.8,
BUY,87,XLE,2021-09-28,22.45,910.05,,,10.22,,,,,,,2021-09-27,22.71,21.04,20.3,22.24,20.96,20.35,,,11.89,,301,2.38,,1.4,
SELL,86,SMH,2021-09-28,128.88,110.41,2021-08-24,128.26,7.08,7.12,68.46,61.34,0.43,24,rotation (out of top-N),2021-09-27,124.43,128.48,121.05,131.67,131.45,129.85,,,2.79,,511,0.56,,1.9,
SELL,77,XLV,2021-09-28,119.63,222.89,2021-07-13,118.78,13.24,13.33,189.46,176.13,0.67,54,rotation (out of top-N),2021-09-27,117.83,121.45,113.57,120.4,122.08,123.57,,,3.75,,525,0.75,,1.8,
BUY,89,VTI,2021-10-05,208.02,0.27,,,0.03,,,,,,,2021-10-04,211.73,212.67,201.66,207.37,210.68,213.95,,,4.99,,462,1.0,,1.8,
SELL,68,XLC,2021-10-05,76.1,0.48,2021-06-08,75.69,0.02,0.02,0.2,0.18,0.49,83,rotation (out of top-N),2021-10-04,77.05,78.33,73.68,75.84,77.23,79.04,,,4.58,,490,0.92,,1.8,
BUY,91,SCHB,2021-10-12,16.46,615.93,,,5.07,,,,,,,2021-10-11,16.86,16.66,15.81,16.41,16.46,16.68,,,6.63,,469,1.33,,1.7,
BUY,90,XLY,2021-10-12,87.94,115.29,,,5.07,,,,,,,2021-10-11,90.83,87.97,83.98,87.41,87.38,87.32,,,8.15,,490,1.63,,1.6,
SELL,88,RSP,2021-10-12,140.77,143.78,2021-09-28,142.1,10.22,10.12,-191.22,-201.34,-0.99,10,rotation (out of top-N),2021-10-11,143.79,141.73,134.96,140.61,140.72,141.7,,,6.55,,434,1.31,,1.7,
SELL,89,VTI,2021-10-12,210.72,0.27,2021-10-05,208.02,0.03,0.03,0.74,0.71,1.25,5,rotation (out of top-N),2021-10-11,215.79,213.24,202.44,210.2,210.77,213.55,,,6.6,,469,1.32,,1.7,
BUY,92,RSP,2021-10-19,144.44,72.41,,,5.23,,,,,,,2021-10-18,146.39,142.58,135.62,143.85,142.07,141.84,,,7.94,,441,1.59,,1.6,
SELL,91,SCHB,2021-10-19,16.98,615.93,2021-10-12,16.46,5.07,5.23,320.29,315.06,3.11,5,rotation (out of top-N),2021-10-18,17.13,16.74,15.88,16.92,16.64,16.69,,,7.85,,476,1.57,,1.6,
BUY,93,SCHB,2021-10-26,17.28,616.1,,,5.32,,,,,,,2021-10-25,17.32,16.85,15.95,17.22,16.96,16.73,,,8.57,,483,1.71,,1.6,
SELL,92,RSP,2021-10-26,147.11,72.41,2021-10-19,144.44,5.23,5.33,193.32,188.0,1.8,5,rotation (out of top-N),2021-10-25,145.69,143.14,136.26,146.72,144.62,142.21,,,6.92,,448,1.38,,1.7,
BUY,94,SMH,2021-11-02,134.26,95.65,,,6.42,,,,,,,2021-11-01,143.89,131.55,123.52,134.28,130.94,128.75,,,16.49,,546,3.3,,1.2,
BUY,95,VTI,2021-11-02,222.88,57.62,,,6.42,,,,,,,2021-11-01,226.66,217.64,205.42,222.67,219.74,214.54,,,10.34,,490,2.07,,1.5,
SELL,93,SCHB,2021-11-02,17.4,616.1,2021-10-26,17.28,5.32,5.36,73.93,68.57,0.64,5,rotation (out of top-N),2021-11-01,17.71,17.0,16.05,17.4,17.17,16.76,,,10.37,,490,2.07,,1.5,
SELL,83,XLF,2021-11-02,37.09,403.96,2021-07-27,33.19,6.7,7.49,1575.45,1567.96,11.69,69,rotation (out of top-N),2021-11-01,36.86,36.05,33.53,37.1,36.94,35.56,,,9.94,,385,1.99,,1.5,
BUY,96,XLB,2021-11-09,40.46,323.67,,,6.55,,,,,,,2021-11-08,40.98,38.78,37.38,40.44,39.42,37.78,,,9.63,,490,1.93,,1.5,
SELL,95,VTI,2021-11-09,227.3,57.62,2021-11-02,222.88,6.42,6.55,254.66,248.11,1.93,5,rotation (out of top-N),2021-11-08,226.09,219.18,206.34,227.04,223.65,215.73,,,9.57,,497,1.91,,1.5,
BUY,98,SCHB,2021-11-16,17.65,1006.37,,,8.88,,,,,,,2021-11-15,17.65,17.22,16.18,17.66,17.56,16.97,,,9.05,,504,1.81,,1.5,
BUY,97,VTI,2021-11-16,226.01,78.59,,,8.88,,,,,,,2021-11-15,225.84,220.39,207.18,226.09,224.82,217.21,,,9.01,,504,1.8,,1.5,
SELL,96,XLB,2021-11-16,40.82,323.67,2021-11-09,40.46,6.55,6.61,116.52,109.92,0.84,5,rotation (out of top-N),2021-11-15,40.17,39.03,37.55,40.79,40.24,38.22,,,6.97,,497,1.39,,1.7,
SELL,87,XLE,2021-11-16,24.55,910.05,2021-09-28,22.45,10.22,11.17,1911.1,1899.93,9.3,35,rotation (out of top-N),2021-11-15,23.06,23.28,21.55,24.48,24.44,23.62,,,7.02,,350,1.4,,1.6,
BUY,99,XLE,2021-11-23,23.78,742.72,,,8.83,,,,,,,2021-11-22,23.45,23.31,21.66,23.47,23.98,23.96,,,8.25,,357,1.65,,1.6,
SELL,98,SCHB,2021-11-23,17.55,1006.37,2021-11-16,17.65,8.88,8.83,-100.64,-109.47,-0.62,5,rotation (out of top-N),2021-11-22,17.24,17.22,16.24,17.57,17.62,17.09,,,6.13,,511,1.23,,1.7,
BUY,100,TLT,2021-11-30,127.76,136.27,,,8.71,,,,,,,2021-11-29,130.9,126.08,121.43,126.48,125.1,123.57,,,7.8,,119,1.56,,1.6,
SELL,97,VTI,2021-11-30,221.64,78.59,2021-11-16,226.01,8.88,8.71,-343.45,-352.16,-1.98,9,rotation (out of top-N),2021-11-29,216.22,219.68,208.7,222.78,224.23,220.23,,,3.6,,518,0.72,,1.8,
BUY,101,SCHB,2021-12-07,17.34,1010.71,,,8.76,,,,,,,2021-12-06,17.51,17.23,16.38,17.11,17.2,17.28,,,6.9,,525,1.38,,1.7,
SELL,100,TLT,2021-12-07,128.67,136.27,2021-11-30,127.76,8.71,8.77,124.01,115.24,0.66,5,rotation (out of top-N),2021-12-06,126.25,126.11,121.68,129.11,127.89,124.56,,,3.76,,126,0.75,,1.8,
BUY,103,XLP,2021-12-14,66.14,316.77,,,10.48,,,,,,,2021-12-13,66.31,64.09,62.14,66.27,64.44,63.57,,,6.72,,511,1.34,,1.7,
BUY,102,XLU,2021-12-14,30.33,690.77,,,10.48,,,,,,,2021-12-13,30.34,29.35,28.5,30.34,29.69,29.14,,,6.44,,434,1.29,,1.7,
BUY,104,XLV,2021-12-14,125.14,167.42,,,10.48,,,,,,,2021-12-13,127.63,123.31,118.21,125.67,123.34,122.62,,,7.97,,602,1.59,,1.6,
SELL,101,SCHB,2021-12-14,17.2,1010.71,2021-12-07,17.34,8.76,8.69,-141.5,-150.19,-0.86,5,rotation (out of top-N),2021-12-13,17.18,17.22,16.43,17.35,17.35,17.39,,,4.54,,532,0.91,,1.8,
SELL,78,SPY,2021-12-14,434.18,64.94,2021-07-13,407.7,13.24,14.1,1719.57,1705.47,6.44,108,rotation (out of top-N),2021-12-13,432.68,430.52,407.44,437.46,435.92,433.22,,,6.19,,532,1.24,,1.7,
SELL,99,XLE,2021-12-14,23.33,742.72,2021-11-23,23.78,8.83,8.66,-334.23,-342.89,-1.94,14,rotation (out of top-N),2021-12-13,22.94,23.36,21.84,23.48,23.78,24.12,,,5.03,,378,1.01,,1.7,
BUY,105,SPY,2021-12-21,431.49,48.8,,,10.53,,,,,,,2021-12-20,442.78,432.75,409.44,428.08,434.59,434.66,,,8.14,,539,1.63,,1.6,
SELL,102,XLU,2021-12-21,30.47,690.77,2021-12-14,30.33,10.48,10.52,96.71,86.18,0.41,5,rotation (out of top-N),2021-12-20,30.45,29.55,28.61,30.37,30.18,29.35,,,6.45,,441,1.29,,1.7,
BUY,106,XLU,2021-12-28,30.65,715.3,,,10.96,,,,,,,2021-12-27,31.27,29.86,28.71,30.6,30.35,29.49,,,8.92,,448,1.78,,1.6,
SELL,105,SPY,2021-12-28,449.47,48.8,2021-12-21,431.49,10.53,10.97,877.48,866.51,4.11,4,rotation (out of top-N),2021-12-27,446.88,435.32,411.39,449.04,439.21,436.1,,,8.63,,546,1.73,,1.6,
BUY,107,SCHD,2022-01-04,22.97,942.97,,,10.83,,,,,,,2022-01-03,23.13,22.35,21.51,22.9,22.7,22.19,,,7.53,,518,1.51,,1.6,
BUY,108,VTV,2022-01-04,133.28,162.51,,,10.83,,,,,,,2022-01-03,134.19,129.55,124.73,132.67,131.21,128.75,,,7.58,,490,1.52,,1.6,
BUY,110,XLE,2022-01-04,24.79,873.74,,,10.83,,,,,,,2022-01-03,26.21,23.95,22.13,24.45,23.78,23.8,,,18.42,,399,3.68,,1.1,
BUY,109,XLF,2022-01-04,37.01,585.25,,,10.83,,,,,,,2022-01-03,38.1,36.3,34.86,36.58,36.13,36.12,,,9.29,,448,1.86,,1.5,
SELL,79,QQQ,2022-01-04,390.6,75.49,2021-07-13,350.72,13.24,14.74,3010.49,2995.75,11.32,122,rotation (out of top-N),2022-01-03,368.87,376.99,354.24,390.06,386.36,383.07,,,4.13,,630,0.83,,1.8,
SELL,73,VGT,2022-01-04,56.14,322.03,2021-06-29,48.05,7.74,9.04,2605.22,2596.18,16.78,131,rotation (out of top-N),2022-01-03,52.8,53.88,50.0,56.1,55.6,54.7,,,5.6,,609,1.12,,1.7,
SELL,74,VUG,2022-01-04,52.58,333.05,2021-06-29,46.46,7.74,8.76,2038.27,2029.51,13.12,131,rotation (out of top-N),2022-01-03,49.46,50.9,48.04,52.53,52.12,51.71,,,2.95,,602,0.59,,1.9,
SELL,104,XLV,2022-01-04,129.25,167.42,2021-12-14,125.14,10.48,10.82,688.1,677.28,3.23,14,rotation (out of top-N),2022-01-03,124.81,125.45,119.84,129.54,129.56,124.98,,,4.15,,623,0.83,,1.8,
BUY,111,SPY,2022-01-11,437.72,49.94,,,10.93,,,,,,,2022-01-10,437.24,436.15,414.37,437.99,442.13,438.45,,,5.52,,560,1.1,,1.7,
SELL,106,XLU,2022-01-11,30.53,715.3,2021-12-28,30.65,10.96,10.92,-85.84,-96.76,-0.44,10,rotation (out of top-N),2022-01-10,30.31,30.08,28.86,30.56,30.73,29.97,,,5.02,,462,1.0,,1.7,
BUY,112,XLU,2022-01-25,29.32,382.38,,,5.61,,,,,,,2022-01-24,29.69,30.01,28.93,29.78,30.19,30.19,,,2.63,,476,0.53,,1.9,
BUY,113,XLV,2022-01-25,118.29,94.78,,,5.61,,,,,,,2022-01-24,121.21,123.8,120.65,119.88,122.98,125.37,,,0.46,,644,0.09,,2.0,
SELL,94,SMH,2022-01-25,130.44,95.65,2021-11-02,134.26,6.42,6.24,-365.37,-371.6,-2.89,57,rotation (out of top-N),2022-01-24,127.63,140.46,131.41,134.24,140.48,147.06,,,-2.88,,630,-0.58,,2.1,
SELL,90,XLY,2022-01-25,86.38,115.29,2021-10-12,87.94,5.07,4.98,-179.85,-184.83,-1.82,72,rotation (out of top-N),2022-01-24,85.71,92.8,89.61,87.87,91.77,96.23,,,-4.35,,595,-0.87,,2.2,
BUY,114,DIA,2022-02-08,325.02,25.71,,,4.18,,,,,,,2022-02-07,321.04,325.15,322.53,324.37,324.1,328.84,,,-0.46,,553,-0.09,,2.0,
BUY,115,RSP,2022-02-08,144.45,57.86,,,4.18,,,,,,,2022-02-07,143.86,145.21,142.9,144.33,144.24,146.83,,,0.67,,553,0.13,,2.0,
SELL,75,XLK,2022-02-08,76.39,218.83,2021-06-29,70.71,7.74,8.36,1242.96,1234.6,7.98,155,rotation (out of top-N),2022-02-07,74.87,78.05,75.4,76.63,77.02,80.15,,,-0.7,,665,-0.14,,2.0,
SELL,67,XLRE,2022-02-08,39.96,0.11,2021-05-18,35.26,0.0,0.0,0.54,0.53,13.27,184,rotation (out of top-N),2022-02-07,38.97,40.7,39.65,40.07,40.37,41.85,,,-1.72,,532,-0.34,,2.1,
BUY,116,XLB,2022-02-15,38.35,298.47,,,5.72,,,,,,,2022-02-14,38.33,38.95,38.61,38.08,38.54,39.68,,,-0.73,,588,-0.15,,2.0,
SELL,113,XLV,2022-02-15,120.8,94.78,2022-01-25,118.29,5.61,5.72,237.9,232.17,2.07,15,rotation (out of top-N),2022-02-14,118.45,122.3,121.24,119.76,122.06,124.79,,,-2.3,,665,-0.46,,2.1,
BUY,118,XLRE,2022-03-01,38.86,366.03,,,7.11,,,,,,,2022-02-28,40.05,40.09,39.92,38.67,38.76,40.43,,,0.34,,553,0.07,,2.0,
BUY,117,XLV,2022-03-01,120.1,118.43,,,7.11,,,,,,,2022-02-28,123.11,122.35,121.67,120.73,120.05,122.6,,,1.19,,679,0.24,,1.9,
SELL,114,DIA,2022-03-01,312.25,25.71,2022-02-08,325.02,4.18,4.01,-328.38,-332.39,-3.98,14,rotation (out of top-N),2022-02-28,311.51,320.05,322.52,314.16,315.23,324.43,,,-3.41,,574,-0.68,,2.2,
SELL,111,SPY,2022-03-01,409.32,49.94,2022-01-11,437.72,10.93,10.22,-1418.3,-1428.52,-6.53,33,rotation (out of top-N),2022-02-28,406.62,417.84,418.54,410.81,410.23,423.39,,,-2.85,,609,-0.57,,2.1,
SELL,115,RSP,2022-03-08,138.59,57.86,2022-02-08,144.45,4.18,4.01,-339.06,-343.06,-4.1,19,rotation (out of top-N),2022-03-07,138.48,143.07,143.23,138.31,141.69,144.2,,,-3.32,,581,-0.66,,2.2,
SELL,116,XLB,2022-03-08,36.7,298.47,2022-02-15,38.35,5.72,5.48,-492.47,-497.95,-4.35,14,rotation (out of top-N),2022-03-07,37.42,38.47,38.51,36.65,37.75,38.73,,,-2.83,,609,-0.57,,2.1,
SELL,118,XLRE,2022-03-08,39.32,366.03,2022-03-01,38.86,7.11,7.2,168.38,161.18,1.13,5,rotation (out of top-N),2022-03-07,39.36,39.96,39.96,39.32,39.21,39.92,,,-1.51,,560,-0.3,,2.1,
BUY,121,RSP,2022-03-15,138.58,80.21,,,5.56,,,,,,,2022-03-14,145.57,143.52,143.38,137.97,139.82,142.8,,,1.53,,0,0.31,,4.9,
BUY,119,XLB,2022-03-15,37.38,297.36,,,5.56,,,,,,,2022-03-14,39.36,38.64,38.52,37.36,37.5,38.28,,,2.17,,0,0.43,,4.9,
BUY,120,XLRE,2022-03-15,39.57,280.9,,,5.56,,,,,,,2022-03-14,40.53,40.06,40.02,39.12,39.3,39.59,,,1.27,,0,0.25,,4.9,
SELL,109,XLF,2022-04-12,35.01,585.25,2022-01-04,37.01,10.83,10.24,-1170.49,-1180.73,-5.45,68,rotation (out of top-N),2022-04-11,34.27,35.45,35.63,35.04,35.34,35.47,,,-3.8,,546,-0.76,,2.2,
SELL,121,RSP,2022-04-26,141.31,80.21,2022-03-15,138.58,5.56,5.67,218.97,213.3,1.92,29,rotation (out of top-N),2022-04-25,137.14,143.0,144.21,142.16,144.59,144.09,,,-4.9,,42,-0.98,,4.5,
SELL,120,XLRE,2022-05-10,37.33,280.9,2022-03-15,39.57,5.56,5.24,-629.22,-634.46,-5.71,39,rotation (out of top-N),2022-05-09,37.18,40.12,40.47,36.88,39.62,41.23,,,-8.14,,56,-1.63,,4.5,
SELL,107,SCHD,2022-05-17,22.1,942.97,2022-01-04,22.97,10.83,10.42,-820.38,-830.8,-3.84,92,rotation (out of top-N),2022-05-16,21.31,21.93,21.98,21.83,21.77,22.26,,,-3.06,,651,-0.61,,2.2,
SELL,119,XLB,2022-05-17,38.63,297.36,2022-03-15,37.38,5.56,5.74,371.7,365.95,3.29,44,rotation (out of top-N),2022-05-16,37.82,38.93,38.98,37.78,38.15,39.8,,,-2.98,,63,-0.6,,3.1,
SELL,117,XLV,2022-05-17,121.98,118.43,2022-03-01,120.1,7.11,7.22,222.66,215.43,1.51,54,rotation (out of top-N),2022-05-16,120.94,123.21,123.47,120.73,120.26,125.58,,,-2.05,,756,-0.41,,2.1,
BUY,122,SCHD,2022-05-24,21.5,1380.01,,,14.84,,,,,,,2022-05-23,22.56,22.05,22.01,21.58,21.61,22.15,,,2.5,,0,0.5,,4.9,
BUY,124,XLB,2022-05-24,38.38,773.06,,,14.84,,,,,,,2022-05-23,40.08,39.14,39.04,38.51,38.14,39.55,,,2.67,,0,0.53,,4.9,
BUY,123,XLV,2022-05-24,121.64,243.92,,,14.84,,,,,,,2022-05-23,124.89,123.52,123.45,122.0,120.65,124.86,,,1.17,,0,0.23,,4.9,
SELL,122,SCHD,2022-06-07,22.14,1380.01,2022-05-24,21.5,14.84,15.28,883.21,867.93,2.93,9,rotation (out of top-N),2022-06-06,21.3,21.94,22.02,22.28,22.17,22.06,,,-3.25,,14,-0.65,,4.9,
SELL,108,VTV,2022-06-07,128.56,162.51,2022-01-04,133.28,10.83,10.45,-767.07,-777.51,-3.59,106,rotation (out of top-N),2022-06-06,123.64,128.23,128.76,129.34,128.78,129.37,,,-3.97,,644,-0.79,,2.2,
SELL,124,XLB,2022-06-07,39.8,773.06,2022-05-24,38.38,14.84,15.38,1097.75,1082.37,3.65,9,rotation (out of top-N),2022-06-06,37.47,38.93,39.03,40.14,39.4,39.26,,,-3.99,,14,-0.8,,5.0,
SELL,123,XLV,2022-06-07,121.0,243.92,2022-05-24,121.64,14.84,14.76,-156.11,-170.86,-0.58,9,rotation (out of top-N),2022-06-06,116.94,121.94,123.14,121.0,121.8,123.41,,,-5.03,,14,-1.01,,5.0,
SELL,103,XLP,2022-06-14,62.74,316.77,2021-12-14,66.14,10.48,9.94,-1077.0,-1086.94,-5.19,125,rotation (out of top-N),2022-06-13,61.38,65.65,65.82,62.76,64.9,67.45,,,-6.74,,693,-1.35,,2.3,
BUY,125,XLP,2022-08-16,68.77,1912.39,,,65.76,,,,,,,2022-08-15,69.1,66.9,66.69,68.52,67.45,65.81,,,3.61,,0,0.72,,4.8,
SELL,125,XLP,2022-08-30,66.91,1912.39,2022-08-16,68.77,65.76,63.98,-3557.05,-3621.02,-2.75,10,rotation (out of top-N),2022-08-29,65.2,66.59,66.82,66.79,67.87,66.85,,,-2.42,,14,-0.48,,4.9,
SELL,112,XLU,2022-10-04,30.3,382.38,2022-01-25,29.32,5.61,5.79,374.74,368.94,3.29,174,rotation (out of top-N),2022-10-03,28.45,31.52,31.52,30.09,31.01,33.11,,,-9.75,,728,-1.95,,2.5,
BUY,126,XLV,2022-11-15,125.99,1107.0,,,69.74,,,,,,,2022-11-14,126.43,121.88,121.78,125.19,124.25,119.32,,,3.82,,0,0.76,,4.8,
BUY,130,DIA,2022-11-22,318.46,0.05,,,0.01,,,,,,,2022-11-21,322.82,305.04,302.44,316.74,313.55,294.42,,,6.74,,0,1.35,,4.7,
BUY,127,SCHD,2022-11-22,22.57,0.77,,,0.01,,,,,,,2022-11-21,22.8,21.54,21.45,22.42,22.1,20.81,,,6.3,,0,1.26,,4.7,
BUY,128,VTV,2022-11-22,131.23,0.13,,,0.01,,,,,,,2022-11-21,132.73,125.97,125.73,130.39,128.92,121.95,,,5.56,,0,1.11,,4.7,
BUY,129,XLI,2022-11-22,94.74,0.18,,,0.01,,,,,,,2022-11-21,95.78,89.72,88.5,94.32,92.94,86.2,,,8.23,,0,1.65,,4.6,
BUY,133,IJH,2022-11-29,47.56,0.0,,,0.0,,,,,,,2022-11-28,48.77,46.62,46.37,47.56,47.64,45.34,,,5.18,,0,1.04,,4.7,
BUY,131,XLF,2022-11-29,33.28,0.0,,,0.0,,,,,,,2022-11-28,33.73,32.33,31.96,33.32,33.31,31.36,,,5.52,,0,1.1,,4.7,
BUY,132,XLP,2022-11-29,68.51,0.0,,,0.0,,,,,,,2022-11-28,69.81,66.43,66.07,68.69,67.86,64.44,,,5.66,,0,1.13,,4.7,
BUY,134,XLB,2022-12-13,39.12,0.0,,,0.0,,,,,,,2022-12-12,36.74,36.56,36.54,37.95,37.9,36.14,,,0.54,,0,0.11,,5.0,
BUY,135,EFA,2022-12-20,58.45,0.0,,,0.0,,,,,,,2022-12-19,58.89,57.53,57.27,58.33,59.21,57.05,,,2.83,,0,0.57,,4.9,
SELL,133,IJH,2022-12-20,45.2,0.0,2022-11-29,47.56,0.0,0.0,-0.0,-0.0,-5.01,15,rotation (out of top-N),2022-12-19,46.18,46.44,46.15,45.28,46.66,46.81,,,0.07,,21,0.01,,4.6,
BUY,136,EEM,2023-01-10,37.4,1859.91,,,34.78,,,,,,,2023-01-09,38.16,35.63,35.62,37.3,36.09,35.23,,,7.12,,0,1.42,,4.6,
BUY,137,IJH,2023-01-10,47.22,1473.11,,,34.78,,,,,,,2023-01-09,49.02,46.99,45.94,47.28,46.54,47.09,,,6.71,,42,1.34,,4.0,
SELL,132,XLP,2023-01-10,68.43,0.0,2022-11-29,68.51,0.0,0.0,-0.0,-0.0,-0.17,28,rotation (out of top-N),2023-01-09,68.08,67.75,66.27,68.35,68.17,68.21,,,2.74,,42,0.55,,4.2,
SELL,126,XLV,2023-01-10,125.8,1107.0,2022-11-15,125.99,69.74,69.63,-210.33,-279.96,-0.2,37,rotation (out of top-N),2023-01-09,127.79,127.07,122.54,125.85,127.57,128.15,,,4.29,,56,0.86,,3.9,
BUY,139,IJR,2023-01-24,95.39,0.42,,,0.02,,,,,,,2023-01-23,96.79,93.33,91.28,95.81,94.14,92.43,,,6.04,,14,1.21,,4.5,
BUY,140,RSP,2023-01-24,140.44,0.29,,,0.02,,,,,,,2023-01-23,142.23,137.13,132.86,140.85,138.57,136.34,,,7.05,,28,1.41,,4.2,
BUY,138,SMH,2023-01-24,115.87,0.35,,,0.02,,,,,,,2023-01-23,118.03,107.99,105.7,117.43,110.61,106.31,,,11.67,,7,2.33,,4.3,
SELL,130,DIA,2023-01-24,315.75,0.05,2022-11-22,318.46,0.01,0.01,-0.15,-0.16,-0.9,41,rotation (out of top-N),2023-01-23,320.13,315.04,302.22,316.89,316.05,316.28,,,5.92,,63,1.18,,2.7,
SELL,127,SCHD,2023-01-24,22.38,0.77,2022-11-22,22.57,0.01,0.01,-0.15,-0.16,-0.89,41,rotation (out of top-N),2023-01-23,22.4,22.29,21.49,22.45,22.42,22.42,,,4.25,,63,0.85,,2.7,
SELL,128,VTV,2023-01-24,131.05,0.13,2022-11-22,131.23,0.01,0.01,-0.02,-0.03,-0.19,41,rotation (out of top-N),2023-01-23,132.29,130.33,125.47,131.43,131.0,130.68,,,5.44,,63,1.09,,2.7,
BUY,142,IWM,2023-01-31,179.74,292.31,,,26.27,,,,,,,2023-01-30,188.92,177.21,172.02,179.28,178.67,172.7,,,9.83,,21,1.97,,4.2,
BUY,141,VGT,2023-01-31,42.3,1242.07,,,26.27,,,,,,,2023-01-30,44.79,41.62,41.59,42.26,41.96,40.62,,,7.69,,0,1.54,,4.6,
SELL,136,EEM,2023-01-31,37.96,1859.91,2023-01-10,37.4,34.78,35.3,1041.55,1006.25,1.45,14,rotation (out of top-N),2023-01-30,37.77,36.89,35.6,38.29,38.47,36.52,,,6.1,,21,1.22,,4.3,
SELL,110,XLE,2023-01-31,39.58,873.74,2022-01-04,24.79,10.83,17.29,12922.56,12905.27,59.58,269,rotation (out of top-N),2023-01-30,38.3,39.14,36.17,39.72,40.17,38.83,,,5.89,,791,1.18,,1.7,
BUY,144,XLE,2023-02-07,38.37,706.53,,,13.55,,,,,,,2023-02-06,40.19,39.33,36.28,38.13,39.21,38.84,,,10.77,,798,2.15,,1.5,
BUY,143,XLK,2023-02-07,68.46,395.99,,,13.55,,,,,,,2023-02-06,68.52,65.23,64.4,68.35,67.21,63.53,,,6.4,,7,1.28,,4.6,
SELL,142,IWM,2023-02-07,185.49,292.31,2023-01-31,179.74,26.27,27.11,1680.78,1653.67,3.15,5,rotation (out of top-N),2023-02-06,182.52,178.17,172.26,186.19,184.15,174.19,,,5.96,,28,1.19,,4.2,
SELL,134,XLB,2023-02-07,38.52,0.0,2022-12-13,39.12,0.0,0.0,-0.0,-0.0,-1.58,37,rotation (out of top-N),2023-02-06,38.36,38.04,36.17,38.58,39.04,37.91,,,6.06,,56,1.21,,3.8,
BUY,145,IWM,2023-02-14,183.45,153.2,,,14.05,,,,,,,2023-02-13,185.22,179.46,172.67,184.71,184.11,175.68,,,7.27,,35,1.45,,4.1,
SELL,144,XLE,2023-02-14,39.78,706.53,2023-02-07,38.37,13.55,14.05,996.2,982.15,3.62,5,rotation (out of top-N),2023-02-13,37.65,39.03,36.35,40.09,39.44,39.1,,,3.57,,805,0.71,,1.8,
BUY,147,XLB,2023-02-28,38.08,346.49,,,6.6,,,,,,,2023-02-27,39.56,38.3,36.16,38.09,38.1,38.32,,,9.39,,77,1.88,,2.2,
BUY,146,XLE,2023-02-28,38.22,345.22,,,6.6,,,,,,,2023-02-27,38.88,38.81,36.43,37.83,38.19,39.15,,,6.73,,819,1.35,,1.7,
SELL,140,RSP,2023-02-28,138.73,0.29,2023-01-24,140.44,0.02,0.02,-0.49,-0.51,-1.27,24,rotation (out of top-N),2023-02-27,141.05,139.81,133.59,138.68,140.52,140.24,,,5.58,,63,1.12,,2.7,
SELL,143,XLK,2023-02-28,66.57,395.99,2023-02-07,68.46,13.55,13.18,-748.42,-761.6,-2.81,14,rotation (out of top-N),2023-02-27,68.4,66.35,64.53,66.78,67.57,65.61,,,6.0,,28,1.2,,4.2,
BUY,150,DIA,2023-03-07,315.99,29.27,,,4.62,,,,,,,2023-03-06,301.89,313.17,303.95,316.0,313.59,317.22,,,-0.68,,105,-0.14,,2.3,
BUY,149,QQQ,2023-03-07,294.06,31.45,,,4.62,,,,,,,2023-03-06,282.77,285.78,282.58,294.01,290.88,287.09,,,0.07,,21,0.01,,4.6,
BUY,148,XLK,2023-03-07,68.67,134.67,,,4.62,,,,,,,2023-03-06,66.27,66.34,64.49,68.73,67.61,66.5,,,2.76,,35,0.55,,4.3,
SELL,139,IJR,2023-03-07,96.3,0.42,2023-01-24,95.39,0.02,0.02,0.39,0.37,0.9,29,rotation (out of top-N),2023-03-06,91.06,95.68,91.98,96.37,97.48,97.05,,,-1.0,,56,-0.2,,4.1,
SELL,145,IWM,2023-03-07,180.92,153.2,2023-02-14,183.45,14.05,13.86,-387.6,-401.46,-1.43,14,rotation (out of top-N),2023-03-06,168.96,178.22,172.94,180.97,181.7,181.05,,,-2.3,,56,-0.46,,4.2,
SELL,131,XLF,2023-03-07,33.91,0.0,2022-11-29,33.28,0.0,0.0,0.0,0.0,1.84,66,rotation (out of top-N),2023-03-06,31.11,33.28,31.84,34.03,33.88,34.03,,,-2.28,,98,-0.46,,2.5,
BUY,154,SCHB,2023-03-14,14.6,1765.93,,,12.89,,,,,,,2023-03-13,14.57,14.85,14.62,14.37,14.78,15.09,,,-0.32,,49,-0.06,,4.2,
BUY,153,SPY,2023-03-14,373.37,69.05,,,12.89,,,,,,,2023-03-13,374.31,379.23,373.55,368.46,377.12,384.52,,,0.2,,49,0.04,,4.2,
BUY,151,VUG,2023-03-14,37.88,680.64,,,12.89,,,,,,,2023-03-13,38.87,38.02,37.69,37.34,37.95,38.37,,,3.12,,28,0.62,,4.4,
BUY,152,XLC,2023-03-14,51.18,503.76,,,12.89,,,,,,,2023-03-13,52.95,51.68,50.64,50.3,51.43,52.5,,,4.56,,28,0.91,,4.3,
SELL,150,DIA,2023-03-14,304.23,29.27,2023-03-07,315.99,4.62,4.45,-344.17,-348.62,-3.77,5,rotation (out of top-N),2023-03-13,301.53,311.06,304.17,301.03,307.93,315.63,,,-0.87,,112,-0.17,,2.2,
SELL,137,IJH,2023-03-14,46.94,1473.11,2023-01-10,47.22,34.78,34.57,-412.47,-447.05,-0.64,43,rotation (out of top-N),2023-03-13,45.22,48.21,46.46,45.79,48.32,49.65,,,-2.66,,105,-0.53,,2.4,
SELL,147,XLB,2023-03-14,36.71,346.49,2023-02-28,38.08,6.6,6.36,-474.69,-481.05,-3.65,10,rotation (out of top-N),2023-03-13,35.31,37.5,36.03,36.19,37.66,38.49,,,-2.0,,91,-0.4,,2.6,
SELL,146,XLE,2023-03-14,36.06,345.22,2023-02-28,38.22,6.6,6.22,-745.68,-751.9,-5.7,10,rotation (out of top-N),2023-03-13,34.3,37.69,36.29,36.07,37.52,38.9,,,-5.47,,833,-1.09,,2.3,
BUY,155,EEM,2023-03-21,35.14,747.0,,,13.12,,,,,,,2023-03-20,35.73,35.96,35.37,34.88,35.11,36.73,,,1.01,,70,0.2,,2.8,
SELL,154,SCHB,2023-03-21,14.85,1765.93,2023-03-14,14.6,12.89,13.11,441.48,428.37,1.66,5,rotation (out of top-N),2023-03-20,14.76,14.83,14.65,14.7,14.69,15.07,,,0.77,,56,0.15,,4.0,
BUY,156,XLB,2023-03-28,36.34,736.55,,,13.38,,,,,,,2023-03-27,37.88,37.36,36.14,36.34,36.25,37.8,,,4.83,,105,0.97,,2.0,
SELL,155,EEM,2023-03-28,35.85,747.0,2023-03-21,35.14,13.12,13.39,530.37,516.98,1.97,5,rotation (out of top-N),2023-03-27,36.46,36.05,35.36,35.53,35.39,36.3,,,3.12,,77,0.62,,2.6,
BUY,157,XLE,2023-04-04,39.1,358.24,,,7.0,,,,,,,2023-04-03,38.26,37.42,36.69,38.98,36.83,37.41,,,4.29,,854,0.86,,1.8,
BUY,158,XLP,2023-04-04,68.71,203.86,,,7.0,,,,,,,2023-04-03,68.97,67.14,66.27,68.73,67.44,66.4,,,4.08,,126,0.82,,1.8,
SELL,156,XLB,2023-04-04,38.03,736.55,2023-03-28,36.34,13.38,14.01,1244.77,1230.76,4.6,5,rotation (out of top-N),2023-04-03,37.4,37.37,36.21,38.12,37.06,37.55,,,3.27,,112,0.65,,2.0,
SELL,129,XLI,2023-04-04,96.74,0.18,2022-11-22,94.74,0.01,0.01,0.37,0.36,2.06,90,rotation (out of top-N),2023-04-03,93.26,94.63,91.03,96.69,94.81,95.59,,,2.45,,133,0.49,,1.9,
BUY,159,XLB,2023-04-11,37.75,373.15,,,7.04,,,,,,,2023-04-10,38.01,37.48,36.32,37.58,37.31,37.43,,,4.65,,119,0.93,,1.8,
SELL,158,XLP,2023-04-11,69.1,203.86,2023-04-04,68.71,7.0,7.04,79.5,72.46,0.52,4,rotation (out of top-N),2023-04-10,68.81,67.44,66.35,68.97,68.24,66.65,,,3.71,,133,0.74,,1.8,
BUY,161,XLI,2023-04-18,96.45,146.04,,,7.04,,,,,,,2023-04-17,95.97,94.96,91.7,95.98,94.95,94.95,,,4.66,,147,0.93,,1.8,
BUY,160,XLP,2023-04-18,69.24,203.43,,,7.04,,,,,,,2023-04-17,70.08,67.92,66.46,69.25,68.77,66.95,,,5.44,,140,1.09,,1.7,
SELL,159,XLB,2023-04-18,38.38,373.15,2023-04-11,37.75,7.04,7.16,235.09,227.92,1.62,5,rotation (out of top-N),2023-04-17,37.9,37.56,36.44,38.23,37.8,37.37,,,4.02,,126,0.8,,1.8,
SELL,157,XLE,2023-04-18,38.72,358.24,2023-04-04,39.1,7.0,6.94,-136.13,-143.07,-1.02,9,rotation (out of top-N),2023-04-17,38.26,37.85,37.1,38.81,38.56,37.29,,,3.12,,868,0.62,,1.8,
BUY,162,DIA,2023-04-25,320.32,43.6,,,6.98,,,,,,,2023-04-24,323.03,316.3,308.1,320.87,319.81,311.99,,,4.85,,154,0.97,,1.8,
SELL,161,XLI,2023-04-25,95.63,146.04,2023-04-18,96.45,7.04,6.98,-119.75,-126.74,-0.9,5,rotation (out of top-N),2023-04-24,95.39,95.04,91.95,96.2,95.74,94.98,,,3.74,,154,0.75,,1.8,
BUY,163,SCHB,2023-05-02,15.42,910.0,,,7.02,,,,,,,2023-05-01,15.35,15.2,14.77,15.45,15.33,15.05,,,3.91,,98,0.78,,2.2,
SELL,162,DIA,2023-05-02,322.0,43.6,2023-04-25,320.32,6.98,7.02,73.25,66.23,0.47,5,rotation (out of top-N),2023-05-01,318.96,316.79,308.41,322.4,320.21,313.07,,,3.42,,161,0.68,,1.8,
BUY,164,VTI,2023-05-16,195.76,73.03,,,7.15,,,,,,,2023-05-15,198.9,195.29,188.73,196.41,195.75,194.17,,,5.39,,112,1.08,,1.9,
SELL,160,XLP,2023-05-16,70.31,203.43,2023-04-18,69.24,7.04,7.15,217.67,210.52,1.49,20,rotation (out of top-N),2023-05-15,69.48,69.22,66.81,70.41,70.34,69.1,,,4.0,,168,0.8,,1.8,
BUY,165,XLY,2023-06-06,76.54,0.09,,,0.0,,,,,,,2023-06-05,78.49,73.9,70.28,76.68,74.58,72.31,,,11.68,,35,2.34,,3.8,
SELL,135,EFA,2023-06-06,64.69,0.0,2022-12-20,58.45,0.0,0.0,0.0,0.0,10.62,114,rotation (out of top-N),2023-06-05,65.09,64.8,60.19,64.56,64.48,65.18,,,8.15,,168,1.63,,1.6,
BUY,166,XLE,2023-08-15,40.38,376.2,,,7.6,,,,,,,2023-08-14,40.34,38.61,37.95,40.66,39.96,37.88,40.69,40.32,6.3,0.91,7,1.26,2.8,4.6,6.6
SELL,163,SCHB,2023-08-15,16.71,910.0,2023-05-02,15.42,7.02,7.6,1173.9,1166.3,8.31,72,rotation (out of top-N),2023-08-14,16.32,16.52,15.47,16.78,16.82,16.72,16.76,16.64,5.52,0.72,203,1.1,0.8,1.7,5.0
BUY,167,SCHB,2023-08-22,16.5,914.51,,,7.54,,,,,,,2023-08-21,16.45,16.5,15.51,16.42,16.55,16.73,16.43,16.34,6.07,0.52,210,1.21,0.7,1.7,5.0
SELL,166,XLE,2023-08-22,40.13,376.2,2023-08-15,40.38,7.6,7.55,-94.05,-101.6,-0.67,5,rotation (out of top-N),2023-08-21,39.78,38.83,37.93,40.08,39.97,38.41,40.06,39.63,4.87,1.07,14,0.97,2.7,4.5,6.6
BUY,168,XLE,2023-09-12,41.7,373.79,,,7.79,,,,,,,2023-09-11,41.79,40.1,38.13,41.26,41.03,39.73,41.29,40.84,9.59,1.09,35,1.92,2.6,3.9,5.7
SELL,164,VTI,2023-09-12,213.55,73.03,2023-05-16,195.76,7.15,7.8,1299.18,1291.38,9.03,81,rotation (out of top-N),2023-09-11,212.49,212.06,199.91,214.2,213.46,214.34,214.19,213.26,6.29,0.43,231,1.26,0.6,1.7,5.1
BUY,169,VTI,2023-10-17,206.84,0.07,,,0.01,,,,,,,2023-10-16,201.15,207.19,202.41,208.42,206.79,209.51,208.29,206.65,-0.62,0.79,266,-0.12,0.5,2.0,5.5
SELL,165,XLY,2023-10-17,78.24,0.09,2023-06-06,76.54,0.0,0.0,0.16,0.16,2.17,92,rotation (out of top-N),2023-10-16,74.14,78.91,76.29,78.96,78.75,80.64,78.94,78.07,-2.81,1.1,168,-0.56,0.6,2.1,5.5
BUY,170,XLY,2023-11-07,78.55,183.98,,,7.23,,,,,,,2023-11-06,78.89,78.11,76.73,78.41,76.23,78.22,78.41,77.63,2.82,1.0,189,0.56,0.8,1.9,5.1
SELL,168,XLE,2023-11-07,38.7,373.79,2023-09-12,41.7,7.79,7.23,-1121.38,-1128.61,-7.24,40,rotation (out of top-N),2023-11-06,38.16,39.75,38.31,39.21,39.61,40.68,39.22,38.73,-0.39,1.25,91,-0.08,1.3,2.5,5.7
BUY,172,DIA,2023-11-28,338.84,67.59,,,11.45,,,,,,,2023-11-27,348.0,331.51,323.38,338.67,335.16,324.11,338.7,337.78,7.61,0.27,371,1.52,0.6,1.6,5.1
BUY,171,XLF,2023-11-28,33.74,678.76,,,11.45,,,,,,,2023-11-27,34.65,32.9,31.92,33.78,33.4,32.01,33.79,33.64,8.54,0.44,14,1.71,2.5,4.3,6.6
SELL,167,SCHB,2023-11-28,16.98,914.51,2023-08-22,16.5,7.54,7.76,438.96,431.2,2.86,68,rotation (out of top-N),2023-11-27,17.23,16.57,16.05,17.0,16.83,16.21,17.0,16.94,7.38,0.36,308,1.48,0.6,1.6,5.0
SELL,153,SPY,2023-11-28,438.98,69.05,2023-03-14,373.37,12.89,15.16,4530.62,4515.47,17.51,179,rotation (out of top-N),2023-11-27,443.84,427.84,413.32,439.37,435.27,419.3,439.43,438.22,7.38,0.28,308,1.48,0.6,1.6,5.1
BUY,174,IJR,2023-12-12,96.54,122.69,,,5.92,,,,,,,2023-12-11,101.74,93.74,92.13,96.68,94.71,89.96,96.71,95.94,10.43,0.79,7,2.09,2.9,4.4,6.3
BUY,173,XLRE,2023-12-12,34.61,342.22,,,5.92,,,,,,,2023-12-11,36.4,33.42,32.9,34.6,34.21,32.02,34.59,34.33,10.64,0.76,0,2.13,3.0,4.5,6.4
SELL,172,DIA,2023-12-12,350.26,67.59,2023-11-28,338.84,11.45,11.84,771.85,760.02,3.32,10,rotation (out of top-N),2023-12-11,357.98,338.79,325.6,349.57,345.46,330.6,349.61,348.32,9.94,0.37,385,1.99,0.7,1.5,4.8
SELL,169,VTI,2023-12-12,221.53,0.07,2023-10-17,206.84,0.01,0.01,1.07,1.06,7.05,39,rotation (out of top-N),2023-12-11,227.05,215.8,206.71,221.72,219.16,210.56,221.71,220.73,9.84,0.44,322,1.97,0.8,1.5,4.7
BUY,175,IWM,2023-12-19,192.48,64.75,,,6.23,,,,,,,2023-12-18,196.11,180.08,175.1,191.15,185.48,171.94,191.12,189.06,12.0,1.08,7,2.4,3.2,4.3,6.0
SELL,173,XLRE,2023-12-19,36.42,342.22,2023-12-12,34.61,5.92,6.23,619.43,613.19,5.18,5,rotation (out of top-N),2023-12-18,36.53,33.98,33.01,36.3,35.43,32.69,36.29,35.92,10.67,1.01,7,2.13,3.1,4.3,6.1
BUY,177,DIA,2024-01-09,360.07,37.27,,,6.71,,,,,,,2024-01-08,361.13,350.85,330.69,362.03,360.18,348.33,362.0,359.76,9.21,0.62,413,1.84,0.9,1.5,4.7
BUY,178,SCHB,2024-01-09,17.84,752.25,,,6.71,,,,,,,2024-01-08,17.99,17.45,16.48,17.94,17.83,17.35,17.93,17.85,9.19,0.46,350,1.84,0.8,1.5,4.8
BUY,176,XLRE,2024-01-09,36.34,369.29,,,6.71,,,,,,,2024-01-08,36.36,35.08,33.28,36.63,36.48,34.7,36.64,36.26,9.25,1.04,28,1.85,2.7,4.1,5.9
SELL,174,IJR,2024-01-09,100.62,122.69,2023-12-12,96.54,5.92,6.17,500.57,494.4,4.17,18,rotation (out of top-N),2024-01-08,100.27,98.18,93.39,101.92,102.04,96.94,101.91,100.9,7.36,0.99,35,1.47,2.4,4.0,6.0
SELL,175,IWM,2024-01-09,189.17,64.75,2023-12-19,192.48,6.23,6.12,-214.32,-220.45,-1.77,13,rotation (out of top-N),2024-01-08,188.08,184.59,176.77,191.48,191.68,182.25,191.59,189.76,6.4,0.96,28,1.28,2.5,4.2,6.3
SELL,170,XLY,2024-01-09,85.34,183.98,2023-11-07,78.55,7.23,7.85,1249.2,1241.35,8.59,42,rotation (out of top-N),2024-01-08,85.18,84.3,80.0,85.97,86.14,84.38,85.98,85.29,6.47,0.8,252,1.29,0.9,1.7,4.8
BUY,180,SPY,2024-01-23,469.82,28.57,,,6.71,,,,,,,2024-01-22,473.12,456.09,428.15,469.27,463.16,453.66,469.24,466.92,10.5,0.49,364,2.1,0.9,1.5,4.6
BUY,179,VTI,2024-01-23,233.55,57.46,,,6.71,,,,,,,2024-01-22,234.62,226.4,212.31,233.13,229.96,225.36,233.1,231.75,10.51,0.58,364,2.1,0.9,1.5,4.6
SELL,177,DIA,2024-01-23,364.65,37.27,2024-01-09,360.07,6.71,6.8,170.7,163.91,1.22,9,rotation (out of top-N),2024-01-22,366.32,355.6,332.92,365.34,361.63,354.82,365.36,363.51,10.03,0.51,427,2.01,0.8,1.5,4.7
SELL,176,XLRE,2024-01-23,35.9,369.29,2024-01-09,36.34,6.71,6.63,-162.49,-169.12,-1.26,9,rotation (out of top-N),2024-01-22,35.39,35.21,33.41,35.75,35.9,35.54,35.78,35.44,5.93,0.95,42,1.19,2.2,4.0,6.1
BUY,181,XLI,2024-03-05,117.66,120.24,,,7.07,,,,,,,2024-03-04,118.25,113.26,104.37,117.92,116.24,111.8,117.93,117.23,13.3,0.59,112,2.66,1.2,1.5,4.4
SELL,180,SPY,2024-03-05,495.28,28.57,2024-01-23,469.82,6.71,7.07,727.29,720.22,5.37,29,rotation (out of top-N),2024-03-04,496.71,481.1,441.47,497.28,492.05,477.35,496.83,495.08,12.51,0.35,406,2.5,0.9,1.4,4.5
BUY,182,SPY,2024-03-12,498.39,27.37,,,6.82,,,,,,,2024-03-11,496.42,483.88,443.56,496.29,494.74,481.85,496.46,492.95,11.92,0.71,413,2.38,1.1,1.4,4.3
SELL,149,QQQ,2024-03-12,433.9,31.45,2023-03-07,294.06,4.62,6.82,4397.78,4390.95,47.48,255,rotation (out of top-N),2024-03-11,428.17,423.11,383.07,431.59,433.11,423.94,432.18,427.96,11.77,0.98,392,2.35,1.2,1.4,4.2
BUY,183,QQQ,2024-03-19,430.25,32.91,,,7.08,,,,,,,2024-03-18,441.05,426.37,385.07,432.25,432.76,427.26,432.15,428.67,14.54,0.8,399,2.91,1.3,1.3,4.0
SELL,179,VTI,2024-03-19,246.55,57.46,2024-01-23,233.55,6.71,7.08,747.04,739.96,5.51,39,rotation (out of top-N),2024-03-18,251.37,242.05,221.02,247.1,246.57,241.21,247.09,245.67,13.73,0.57,420,2.75,1.1,1.3,4.2
BUY,185,IJH,2024-03-26,58.1,244.32,,,7.1,,,,,,,2024-03-25,58.97,56.09,51.44,57.91,57.4,55.47,57.93,57.67,14.64,0.44,119,2.93,1.0,1.3,4.3
BUY,184,VTI,2024-03-26,251.66,56.41,,,7.1,,,,,,,2024-03-25,252.73,243.99,222.17,250.81,249.33,243.31,250.85,250.18,13.75,0.27,427,2.75,0.9,1.3,4.4
SELL,183,QQQ,2024-03-26,440.97,32.91,2024-03-19,430.25,7.08,7.26,352.82,345.56,2.44,5,rotation (out of top-N),2024-03-25,438.71,428.62,387.13,439.45,436.77,429.76,439.55,437.39,13.32,0.49,406,2.66,1.0,1.3,4.3
SELL,148,XLK,2024-03-26,103.2,134.67,2023-03-07,68.67,4.62,6.95,4650.15,4643.2,50.21,265,rotation (out of top-N),2024-03-25,102.71,100.82,90.43,102.83,102.78,101.28,102.82,102.11,13.59,0.69,420,2.72,1.1,1.3,4.2
BUY,187,XLB,2024-04-02,44.37,1056.02,,,23.43,,,,,,,2024-04-01,44.46,42.65,39.52,44.42,43.96,41.94,44.41,44.21,12.51,0.46,126,2.5,0.9,1.4,4.4
BUY,186,XLE,2024-04-02,44.48,1053.41,,,23.43,,,,,,,2024-04-01,45.67,41.97,39.82,44.29,43.22,40.69,44.3,43.95,14.7,0.79,49,2.94,2.4,3.4,5.2
SELL,141,VGT,2024-04-02,64.14,1242.07,2023-01-31,42.3,26.27,39.83,27126.88,27087.04,51.56,293,rotation (out of top-N),2024-04-01,64.1,63.55,57.25,64.97,64.82,63.92,64.93,64.59,11.96,0.52,427,2.39,0.9,1.4,4.5
SELL,184,VTI,2024-04-02,250.4,56.41,2024-03-26,251.66,7.1,7.06,-71.07,-78.13,-0.55,4,rotation (out of top-N),2024-04-01,250.09,245.1,223.13,252.54,250.92,244.99,252.08,251.39,12.08,0.27,434,2.42,0.8,1.4,4.6
BUY,190,QQQ,2024-04-09,437.67,58.16,,,12.73,,,,,,,2024-04-08,433.03,430.4,390.76,435.34,435.87,433.21,435.67,432.59,10.82,0.71,420,2.16,1.0,1.5,4.4
BUY,188,VGT,2024-04-09,64.31,395.79,,,12.73,,,,,,,2024-04-08,63.64,63.57,57.5,64.01,64.29,64.09,64.0,63.3,10.67,1.09,434,2.13,1.3,1.5,4.2
BUY,189,XLK,2024-04-09,102.21,249.03,,,12.73,,,,,,,2024-04-08,101.3,101.06,91.27,101.69,102.07,101.87,101.69,100.77,10.98,0.9,434,2.2,1.1,1.5,4.3
SELL,185,IJH,2024-04-09,58.32,244.32,2024-03-26,58.1,7.1,7.12,53.75,46.63,0.33,9,rotation (out of top-N),2024-04-08,56.2,56.38,51.79,58.18,57.98,56.55,58.19,57.84,8.51,0.6,133,1.7,0.8,1.6,4.7
SELL,178,SCHB,2024-04-09,19.66,752.25,2024-01-09,17.84,6.71,7.39,1369.09,1361.7,10.15,62,rotation (out of top-N),2024-04-08,19.26,19.21,17.54,19.62,19.6,19.3,19.61,19.49,9.8,0.61,441,1.96,0.9,1.5,4.6
SELL,187,XLB,2024-04-09,44.84,1056.02,2024-04-02,44.37,23.43,23.68,496.33,472.65,1.01,5,rotation (out of top-N),2024-04-08,43.1,42.73,39.64,44.5,44.23,42.56,44.5,44.19,8.74,0.7,133,1.75,0.9,1.6,4.7
BUY,194,SCHB,2024-04-16,19.03,1468.65,,,13.97,,,,,,,2024-04-15,18.67,19.11,17.59,19.03,19.43,19.37,19.03,18.88,6.16,0.8,448,1.23,0.8,1.7,4.8
BUY,191,VTI,2024-04-16,243.0,115.01,,,13.97,,,,,,,2024-04-15,238.47,244.03,224.62,243.0,248.02,247.33,242.89,240.5,6.17,0.99,448,1.23,1.0,1.7,4.7
BUY,192,VTV,2024-04-16,148.28,188.48,,,13.97,,,,,,,2024-04-15,148.45,149.04,138.78,147.95,150.99,150.24,147.97,146.61,6.97,0.92,147,1.39,1.0,1.7,4.7
BUY,193,XLB,2024-04-16,42.66,655.14,,,13.97,,,,,,,2024-04-15,42.64,42.71,39.72,42.89,43.77,43.03,42.89,42.4,7.35,1.14,140,1.47,1.1,1.6,4.5
SELL,190,QQQ,2024-04-16,425.75,58.16,2024-04-09,437.67,12.73,12.38,-693.23,-705.61,-2.77,5,rotation (out of top-N),2024-04-15,409.7,426.64,391.69,425.91,433.96,433.94,425.87,421.38,4.6,1.05,427,0.92,0.9,1.8,4.8
SELL,188,VGT,2024-04-16,62.46,395.79,2024-04-09,64.31,12.73,12.36,-732.22,-744.58,-2.93,5,rotation (out of top-N),2024-04-15,59.34,62.8,57.61,62.43,63.83,64.11,62.38,61.69,3.0,1.11,441,0.6,0.9,1.8,5.0
SELL,151,VUG,2024-04-16,55.22,680.64,2023-03-14,37.88,12.89,18.79,11802.3,11783.5,45.7,274,rotation (out of top-N),2024-04-15,53.19,55.21,50.16,55.25,56.29,56.16,55.23,54.63,6.03,1.08,427,1.21,1.0,1.7,4.7
SELL,189,XLK,2024-04-16,99.59,249.03,2024-04-09,102.21,12.73,12.4,-652.46,-664.86,-2.61,5,rotation (out of top-N),2024-04-15,94.94,99.94,91.49,99.38,101.47,101.91,99.39,98.08,3.77,1.32,441,0.75,1.1,1.8,4.7
BUY,196,QQQ,2024-04-23,415.74,67.2,,,13.97,,,,,,,2024-04-22,425.85,426.49,393.1,413.82,422.82,432.91,413.6,409.26,8.33,1.05,434,1.67,1.1,1.6,4.5
BUY,195,VUG,2024-04-23,54.05,516.91,,,13.97,,,,,,,2024-04-22,55.28,55.22,50.37,53.7,54.89,56.06,53.72,53.14,9.75,1.08,434,1.95,1.2,1.5,4.3
SELL,192,VTV,2024-04-23,149.95,188.48,2024-04-16,148.28,13.97,14.13,314.77,300.64,1.08,5,rotation (out of top-N),2024-04-22,150.31,149.27,139.12,149.51,149.22,150.46,149.55,148.66,8.04,0.59,154,1.61,0.8,1.6,4.8
SELL,193,XLB,2024-04-23,42.15,655.14,2024-04-16,42.66,13.97,13.81,-334.12,-347.93,-1.24,5,rotation (out of top-N),2024-04-22,42.91,42.75,39.8,42.68,43.06,43.25,42.68,42.32,7.8,0.85,147,1.56,1.0,1.6,4.7
BUY,197,XLU,2024-04-30,31.27,1505.21,,,23.53,,,,,,,2024-04-29,32.07,30.46,29.03,31.45,30.93,30.19,31.45,31.19,10.48,0.84,49,2.1,2.3,3.7,5.6
SELL,186,XLE,2024-04-30,44.7,1053.41,2024-04-02,44.48,23.43,23.54,231.75,208.21,0.44,20,rotation (out of top-N),2024-04-29,43.11,43.12,40.46,44.89,44.65,43.47,44.89,44.41,6.55,1.07,77,1.31,1.8,2.4,5.4
BUY,198,IJH,2024-05-07,57.7,507.04,,,14.63,,,,,,,2024-05-06,58.07,56.58,52.28,57.59,56.38,56.9,57.58,57.11,11.08,0.82,161,2.22,1.1,1.4,4.3
SELL,196,QQQ,2024-05-07,435.43,67.2,2024-04-23,415.74,13.97,14.63,1323.22,1308.58,4.68,10,rotation (out of top-N),2024-05-06,436.78,428.93,396.21,434.99,425.31,430.36,434.73,432.85,10.24,0.43,448,2.05,0.8,1.5,4.7
BUY,201,QQQ,2024-05-14,437.36,55.78,,,12.2,,,,,,,2024-05-13,446.36,432.1,398.37,437.79,432.3,430.74,437.55,435.81,12.05,0.4,455,2.41,0.9,1.4,4.5
BUY,199,VGT,2024-05-14,64.12,380.45,,,12.2,,,,,,,2024-05-13,65.85,63.48,58.58,64.15,63.23,63.22,64.16,63.83,12.41,0.52,469,2.48,1.0,1.4,4.4
BUY,200,XLK,2024-05-14,101.8,239.63,,,12.2,,,,,,,2024-05-13,104.46,100.83,93.12,101.84,100.27,100.38,101.84,101.17,12.18,0.65,469,2.44,1.0,1.4,4.3
SELL,198,IJH,2024-05-14,58.65,507.04,2024-05-07,57.7,14.63,14.87,481.69,466.82,1.6,5,rotation (out of top-N),2024-05-13,58.55,56.94,52.47,58.04,57.37,57.02,58.04,57.75,11.59,0.51,168,2.32,0.9,1.4,4.5
SELL,191,VTI,2024-05-14,251.11,115.01,2024-04-16,243.0,13.97,14.44,932.76,918.32,3.29,20,rotation (out of top-N),2024-05-13,255.07,247.45,227.98,251.07,248.38,247.31,250.97,250.13,11.88,0.34,476,2.38,0.8,1.4,4.6
SELL,181,XLI,2024-05-14,121.61,120.24,2024-03-05,117.66,7.07,7.31,474.95,467.64,3.31,49,rotation (out of top-N),2024-05-13,121.55,119.32,108.79,121.38,120.44,119.87,121.36,120.79,11.73,0.47,182,2.35,0.9,1.4,4.5
BUY,202,VTI,2024-05-21,254.97,115.06,,,14.67,,,,,,,2024-05-20,254.65,248.76,229.13,255.33,252.43,247.87,255.38,254.71,11.14,0.26,483,2.23,0.7,1.4,4.7
SELL,194,SCHB,2024-05-21,19.97,1468.65,2024-04-16,19.03,13.97,14.66,1380.53,1365.87,4.89,25,rotation (out of top-N),2024-05-20,19.94,19.48,17.94,20.01,19.78,19.42,20.0,19.94,11.15,0.29,483,2.23,0.8,1.4,4.7
BUY,203,SCHB,2024-06-04,19.81,1362.05,,,13.49,,,,,,,2024-06-03,20.04,19.64,18.1,19.86,19.84,19.47,19.8,19.64,10.7,0.82,497,2.14,1.1,1.5,4.4
SELL,171,XLF,2024-06-04,39.77,678.76,2023-11-28,33.74,11.45,13.5,4092.95,4079.45,17.81,129,rotation (out of top-N),2024-06-03,40.08,39.88,36.47,39.99,40.05,39.72,40.0,39.66,9.91,0.85,203,1.98,1.1,1.5,4.4
BUY,204,EEM,2024-07-02,40.64,1186.21,,,24.1,,,,,,,2024-07-01,41.68,40.42,38.06,40.78,40.64,40.53,40.77,40.58,9.52,0.46,196,1.9,0.8,1.5,4.7
SELL,197,XLU,2024-07-02,32.05,1505.21,2024-04-30,31.27,23.53,24.12,1174.07,1149.95,2.44,43,rotation (out of top-N),2024-07-01,32.39,32.41,29.96,31.98,32.49,33.11,31.99,31.67,8.11,1.0,112,1.62,1.2,1.7,4.7
BUY,205,XLU,2024-07-09,32.42,1527.53,,,24.76,,,,,,,2024-07-08,33.67,32.64,30.14,32.42,32.41,33.09,32.42,32.2,11.7,0.68,119,2.34,1.1,1.4,4.4
SELL,204,EEM,2024-07-09,41.77,1186.21,2024-07-02,40.64,24.1,24.77,1340.41,1315.64,2.73,4,rotation (out of top-N),2024-07-08,42.52,40.8,38.24,41.69,41.12,40.65,41.7,41.55,11.19,0.35,203,2.24,0.8,1.4,4.6
BUY,207,IWM,2024-07-16,214.43,217.3,,,23.3,,,,,,,2024-07-15,212.18,201.66,191.32,212.53,202.95,199.15,212.44,210.37,10.9,0.97,217,2.18,1.2,1.5,4.3
BUY,206,XLF,2024-07-16,41.74,1116.33,,,23.3,,,,,,,2024-07-15,41.57,40.39,37.68,41.72,40.74,40.14,41.76,41.45,10.32,0.74,245,2.06,1.0,1.5,4.5
SELL,152,XLC,2024-07-16,84.91,503.76,2023-03-14,51.18,12.89,21.39,16991.96,16970.57,65.82,336,rotation (out of top-N),2024-07-15,83.13,82.6,75.73,84.61,84.54,82.58,84.5,83.86,9.78,0.75,518,1.96,1.0,1.5,4.5
SELL,205,XLU,2024-07-16,33.05,1527.53,2024-07-09,32.42,24.76,25.24,962.34,937.1,1.89,5,rotation (out of top-N),2024-07-15,33.14,32.73,30.29,32.85,32.85,33.03,32.86,32.51,9.41,1.07,126,1.88,1.2,1.5,4.3
BUY,210,IJH,2024-07-23,59.24,422.86,,,12.52,,,,,,,2024-07-22,59.84,57.92,54.75,59.38,58.72,57.38,59.4,58.85,9.29,0.93,238,1.86,1.1,1.5,4.5
BUY,211,IJR,2024-07-23,110.78,226.12,,,12.52,,,,,,,2024-07-22,113.88,106.55,101.29,111.58,109.04,104.49,111.56,110.38,12.43,1.06,231,2.49,1.3,1.4,4.1
BUY,208,VTV,2024-07-23,158.57,157.97,,,12.52,,,,,,,2024-07-22,159.88,155.47,146.35,158.88,157.85,154.28,158.9,158.01,9.25,0.56,245,1.85,0.8,1.5,4.7
BUY,209,XLU,2024-07-23,33.35,751.12,,,12.52,,,,,,,2024-07-22,33.63,32.9,30.46,33.42,33.08,32.94,33.43,33.18,10.4,0.75,133,2.08,1.0,1.5,4.5
SELL,201,QQQ,2024-07-23,476.41,55.78,2024-05-14,437.36,12.2,13.29,2178.06,2164.78,8.87,47,rotation (out of top-N),2024-07-22,458.17,466.12,425.94,477.31,480.84,471.41,476.73,472.06,7.57,0.98,525,1.51,1.0,1.6,4.6
SELL,182,SPY,2024-07-23,541.69,27.37,2024-03-12,498.39,6.82,7.41,1184.95,1177.54,8.63,91,rotation (out of top-N),2024-07-22,531.83,529.14,487.31,541.8,542.11,530.59,541.8,537.51,9.14,0.79,546,1.83,1.0,1.5,4.6
SELL,195,VUG,2024-07-23,62.3,516.91,2024-04-23,54.05,13.97,16.1,4264.47,4248.37,15.21,62,rotation (out of top-N),2024-07-22,59.73,60.65,54.93,62.24,62.61,61.32,62.25,61.67,8.75,0.93,525,1.75,1.1,1.6,4.5
SELL,200,XLK,2024-07-23,111.23,239.63,2024-05-14,101.8,12.2,13.33,2259.71,2246.38,9.21,47,rotation (out of top-N),2024-07-22,106.84,109.16,99.98,111.69,112.58,110.67,111.72,110.07,6.86,1.47,539,1.37,1.3,1.7,4.3
BUY,212,SCHD,2024-07-30,25.51,1026.23,,,13.09,,,,,,,2024-07-29,25.04,24.6,23.54,25.46,25.14,24.3,25.46,25.29,6.36,0.65,238,1.27,0.8,1.7,4.9
BUY,218,SPY,2024-07-30,533.6,49.06,,,13.09,,,,,,,2024-07-29,520.55,527.58,490.4,532.14,535.37,532.96,532.28,527.72,6.15,0.86,553,1.23,0.9,1.7,4.8
BUY,213,TLT,2024-07-30,85.98,304.48,,,13.09,,,,,,,2024-07-29,90.44,85.8,84.31,85.75,85.17,85.0,85.73,85.4,7.28,0.38,56,1.46,1.7,3.7,6.1
BUY,214,XLC,2024-07-30,82.63,316.82,,,13.09,,,,,,,2024-07-29,82.77,82.51,76.7,82.48,82.58,83.14,82.48,81.67,7.92,0.98,532,1.58,1.1,1.6,4.6
BUY,215,XLP,2024-07-30,73.62,355.6,,,13.09,,,,,,,2024-07-29,75.22,73.62,69.89,74.52,74.05,73.33,74.56,74.0,7.63,0.75,182,1.53,0.9,1.6,4.7
BUY,217,XLRE,2024-07-30,38.49,680.15,,,13.09,,,,,,,2024-07-29,39.15,37.0,35.43,38.33,37.81,36.31,38.33,37.94,10.51,1.01,231,2.1,1.2,1.5,4.3
BUY,216,XLV,2024-07-30,145.01,180.53,,,13.09,,,,,,,2024-07-29,145.79,142.26,135.91,145.01,143.96,141.55,145.02,143.93,7.27,0.75,231,1.45,0.9,1.6,4.8
SELL,210,IJH,2024-07-30,59.92,422.86,2024-07-23,59.24,12.52,12.67,287.54,274.87,1.1,5,rotation (out of top-N),2024-07-29,57.36,57.82,55.07,59.76,59.12,57.63,59.73,59.14,4.16,0.98,245,0.83,0.9,1.8,4.9
SELL,211,IJR,2024-07-30,113.37,226.12,2024-07-23,110.78,12.52,12.82,585.66,572.84,2.29,5,rotation (out of top-N),2024-07-29,107.45,106.71,101.87,113.15,111.25,105.51,113.11,111.71,5.47,1.23,238,1.09,1.1,1.7,4.6
SELL,207,IWM,2024-07-30,217.94,217.3,2024-07-16,214.43,23.3,23.68,762.72,739.04,1.59,10,rotation (out of top-N),2024-07-29,204.43,204.8,193.95,216.97,214.58,202.95,216.94,214.67,5.4,1.05,231,1.08,1.0,1.7,4.8
SELL,203,SCHB,2024-07-30,20.66,1362.05,2024-06-04,19.81,13.49,14.07,1157.74,1143.67,4.24,38,rotation (out of top-N),2024-07-29,20.09,20.36,19.0,20.62,20.71,20.54,20.62,20.47,5.75,0.71,553,1.15,0.8,1.7,4.9
SELL,138,SMH,2024-07-30,238.42,0.35,2023-01-24,115.87,0.02,0.04,42.83,42.79,105.66,380,rotation (out of top-N),2024-07-29,216.79,243.27,208.9,236.81,246.91,257.81,236.81,231.87,3.78,2.09,560,0.76,1.6,1.8,4.2
SELL,199,VGT,2024-07-30,69.55,380.45,2024-05-14,64.12,12.2,13.23,2065.83,2052.6,8.41,52,rotation (out of top-N),2024-07-29,66.12,69.36,63.57,69.27,70.77,71.19,69.3,68.4,4.01,1.3,546,0.8,1.1,1.8,4.7
SELL,202,VTI,2024-07-30,263.97,115.06,2024-05-21,254.97,14.67,15.19,1035.52,1020.33,3.48,47,rotation (out of top-N),2024-07-29,256.56,259.97,242.57,263.2,264.31,262.15,263.18,261.33,5.77,0.7,553,1.15,0.8,1.7,5.0
BUY,219,SMH,2024-08-06,214.92,122.66,,,13.18,,,,,,,2024-08-05,223.16,239.61,210.79,211.71,232.15,255.48,211.76,200.89,5.87,5.14,567,1.17,3.3,1.7,2.4
BUY,220,VUG,2024-08-06,56.77,464.36,,,13.18,,,,,,,2024-08-05,58.61,59.94,55.62,56.32,59.41,61.55,56.3,54.88,5.37,2.52,539,1.07,2.0,1.7,3.8
SELL,212,SCHD,2024-08-06,24.54,1026.23,2024-07-30,25.51,13.09,12.59,-995.44,-1008.03,-3.85,5,rotation (out of top-N),2024-08-05,24.84,24.64,23.63,24.47,25.11,24.46,24.47,24.12,5.1,1.45,245,1.02,1.2,1.7,4.5
SELL,213,TLT,2024-08-06,90.32,304.48,2024-07-30,85.98,13.09,13.75,1321.43,1307.68,5.0,5,rotation (out of top-N),2024-08-05,88.58,86.3,84.56,90.92,87.56,85.52,90.88,89.8,4.75,1.19,63,0.95,2.0,2.7,5.7
BUY,223,SCHB,2024-08-13,20.2,1277.2,,,12.9,,,,,,,2024-08-12,20.88,20.42,19.2,20.07,20.09,20.54,20.07,19.94,8.73,0.65,567,1.75,0.9,1.6,4.7
BUY,221,VGT,2024-08-13,67.34,383.12,,,12.9,,,,,,,2024-08-12,70.91,69.19,64.31,66.67,66.6,70.7,66.53,65.81,10.26,1.08,560,2.05,1.2,1.5,4.3
BUY,222,VTI,2024-08-13,258.03,99.99,,,12.9,,,,,,,2024-08-12,266.58,260.66,245.21,256.41,256.59,262.26,256.35,254.25,8.72,0.82,567,1.74,1.0,1.6,4.6
SELL,208,VTV,2024-08-13,156.39,157.97,2024-07-23,158.57,12.52,12.35,-344.38,-356.74,-1.42,15,rotation (out of top-N),2024-08-12,160.63,156.72,148.61,155.86,156.34,156.09,155.85,154.9,8.09,0.61,266,1.62,0.8,1.6,4.8
SELL,215,XLP,2024-08-13,74.73,355.6,2024-07-30,73.62,13.09,13.29,394.71,381.43,1.46,10,rotation (out of top-N),2024-08-12,76.4,74.35,70.48,74.73,74.55,73.71,74.72,74.15,8.4,0.77,196,1.68,0.9,1.6,4.6
SELL,216,XLV,2024-08-13,144.96,180.53,2024-07-30,145.01,13.09,13.08,-9.03,-22.11,-0.08,10,rotation (out of top-N),2024-08-12,147.73,143.65,137.17,144.39,143.93,142.49,144.37,143.36,7.7,0.7,245,1.54,0.9,1.6,4.8
BUY,224,XLP,2024-08-20,76.64,351.91,,,13.49,,,,,,,2024-08-19,77.67,74.95,70.81,76.66,75.54,74.07,76.64,76.33,9.69,0.4,203,1.94,0.8,1.5,4.8
SELL,214,XLC,2024-08-20,85.09,316.82,2024-07-30,82.63,13.09,13.48,779.38,765.9,2.93,15,rotation (out of top-N),2024-08-19,85.47,83.39,78.03,85.21,83.58,83.46,85.22,84.76,9.54,0.53,553,1.91,0.8,1.5,4.7
BUY,225,VTV,2024-08-27,163.39,170.49,,,13.93,,,,,,,2024-08-26,165.57,159.31,150.18,163.52,161.12,157.88,163.52,162.59,10.25,0.57,280,2.05,0.9,1.5,4.6
BUY,226,XLV,2024-08-27,150.29,185.35,,,13.93,,,,,,,2024-08-26,151.92,146.13,138.53,150.15,148.52,144.37,150.16,149.42,9.67,0.49,259,1.93,0.8,1.5,4.7
SELL,221,VGT,2024-08-27,70.64,383.12,2024-08-13,67.34,12.9,13.53,1264.3,1250.77,4.85,10,rotation (out of top-N),2024-08-26,71.07,69.92,65.06,71.14,70.56,70.52,71.05,70.22,9.23,1.16,574,1.85,1.2,1.5,4.3
SELL,220,VUG,2024-08-27,61.79,464.36,2024-08-06,56.77,13.18,14.35,2331.07,2316.72,8.79,15,rotation (out of top-N),2024-08-26,62.02,60.89,56.65,62.02,61.51,61.22,61.97,61.28,9.49,1.11,560,1.9,1.2,1.5,4.3
BUY,228,TLT,2024-09-10,92.2,296.3,,,13.66,,,,,,,2024-09-09,92.7,89.3,85.72,92.31,91.01,88.51,92.3,91.58,8.15,0.78,98,1.63,1.3,2.0,5.0
BUY,227,VUG,2024-09-10,59.76,457.15,,,13.66,,,,,,,2024-09-09,62.03,60.79,57.2,59.56,60.37,60.56,59.55,58.95,8.45,1.01,574,1.69,1.1,1.6,4.5
SELL,219,SMH,2024-09-10,218.97,122.66,2024-08-06,214.92,13.18,13.43,496.76,483.33,1.83,24,rotation (out of top-N),2024-09-09,235.13,236.26,220.47,218.21,227.1,236.83,218.27,212.82,6.65,2.5,602,1.33,2.0,1.7,3.7
SELL,226,XLV,2024-09-10,150.02,185.35,2024-08-27,150.29,13.93,13.9,-50.05,-63.95,-0.23,9,rotation (out of top-N),2024-09-09,150.91,147.4,139.72,149.82,149.94,146.63,149.81,148.64,8.01,0.78,273,1.6,0.9,1.6,4.7
BUY,229,XLI,2024-09-17,127.98,216.89,,,13.88,,,,,,,2024-09-16,129.61,124.68,118.52,127.72,125.7,123.36,127.7,126.57,9.36,0.89,308,1.87,1.1,1.5,4.5
SELL,228,TLT,2024-09-17,93.68,296.3,2024-09-10,92.2,13.66,13.88,438.53,424.65,1.55,5,rotation (out of top-N),2024-09-16,91.29,89.66,85.77,93.55,92.24,89.4,93.51,93.11,6.43,0.43,105,1.29,0.9,1.9,5.3
BUY,231,EEM,2024-09-24,43.13,648.41,,,13.98,,,,,,,2024-09-23,44.52,41.63,39.66,42.06,41.3,40.76,42.08,41.88,12.27,0.47,280,2.45,0.9,1.4,4.5
BUY,230,SMH,2024-09-24,239.27,116.88,,,13.98,,,,,,,2024-09-23,245.88,237.99,223.93,237.16,233.33,232.03,237.12,234.21,9.8,1.23,616,1.96,1.3,1.5,4.2
BUY,232,XLC,2024-09-24,87.15,320.89,,,13.98,,,,,,,2024-09-23,88.19,84.95,80.1,87.03,85.62,84.02,87.02,86.51,10.1,0.58,588,2.02,0.9,1.5,4.6
BUY,233,XLY,2024-09-24,98.39,284.23,,,13.98,,,,,,,2024-09-23,98.97,93.22,88.85,97.9,95.19,90.82,97.9,97.23,11.39,0.68,511,2.28,1.0,1.4,4.4
SELL,223,SCHB,2024-09-24,21.61,1277.2,2024-08-13,20.2,12.9,13.8,1800.85,1787.05,6.93,29,rotation (out of top-N),2024-09-23,21.62,21.01,19.78,21.56,21.26,20.76,21.57,21.52,9.3,0.25,609,1.86,0.6,1.5,4.9
SELL,222,VTI,2024-09-24,275.94,99.99,2024-08-13,258.03,12.9,13.8,1790.75,1776.96,6.89,29,rotation (out of top-N),2024-09-23,276.09,268.27,252.55,275.35,271.56,265.12,275.4,274.29,9.32,0.4,609,1.86,0.7,1.5,4.8
SELL,227,VUG,2024-09-24,63.24,457.15,2024-09-10,59.76,13.66,14.46,1590.88,1576.42,5.77,10,rotation (out of top-N),2024-09-23,63.21,61.54,57.81,63.06,62.07,60.63,63.05,62.75,9.35,0.47,588,1.87,0.8,1.5,4.8
SELL,224,XLP,2024-09-24,79.17,351.91,2024-08-20,76.64,13.49,13.93,890.32,876.39,3.25,24,rotation (out of top-N),2024-09-23,79.2,77.52,72.45,79.27,78.99,77.15,79.25,78.76,9.31,0.61,238,1.86,0.9,1.5,4.7
BUY,234,VTI,2024-10-01,277.02,102.96,,,14.26,,,,,,,2024-09-30,276.78,269.81,253.73,277.18,274.56,266.9,277.19,275.97,9.09,0.44,616,1.82,0.7,1.5,4.8
SELL,230,SMH,2024-10-01,243.79,116.88,2024-09-24,239.27,13.98,14.25,528.29,514.05,1.84,5,rotation (out of top-N),2024-09-30,245.96,239.44,225.73,243.61,240.89,233.78,243.59,239.69,8.96,1.6,623,1.79,1.5,1.6,4.0
BUY,235,SMH,2024-10-08,247.29,113.25,,,14.0,,,,,,,2024-10-07,254.76,242.22,227.98,246.36,242.51,237.0,246.34,242.36,11.75,1.62,630,2.35,1.7,1.4,3.7
BUY,236,VGT,2024-10-08,72.5,386.27,,,14.0,,,,,,,2024-10-07,74.46,71.4,66.99,72.03,71.81,70.45,72.03,71.46,11.15,0.79,616,2.23,1.1,1.4,4.4
BUY,237,VUG,2024-10-08,63.07,444.02,,,14.0,,,,,,,2024-10-07,64.28,62.31,58.48,62.66,62.87,61.8,62.63,62.23,9.93,0.64,602,1.99,0.9,1.5,4.6
SELL,234,VTI,2024-10-08,275.34,102.96,2024-10-01,277.02,14.26,14.17,-172.97,-187.14,-0.66,5,rotation (out of top-N),2024-10-07,280.07,271.68,255.08,274.25,274.8,269.71,274.2,272.29,9.8,0.7,623,1.96,1.0,1.5,4.6
SELL,232,XLC,2024-10-08,88.15,320.89,2024-09-24,87.15,13.98,14.14,320.89,306.75,1.1,10,rotation (out of top-N),2024-10-07,88.6,86.22,81.02,87.84,87.89,85.43,87.82,87.15,9.35,0.76,602,1.87,1.0,1.5,4.6
SELL,233,XLY,2024-10-08,96.57,284.23,2024-09-24,98.39,13.98,13.72,-517.3,-531.03,-1.9,10,rotation (out of top-N),2024-10-07,96.87,94.54,89.41,96.14,97.19,93.44,96.1,95.05,8.35,1.1,525,1.67,1.1,1.6,4.4
BUY,239,SCHB,2024-10-15,22.11,1303.82,,,14.41,,,,,,,2024-10-14,22.15,21.44,20.08,22.1,21.76,21.29,22.11,22.04,10.3,0.33,630,2.06,0.7,1.5,4.8
BUY,238,VTI,2024-10-15,282.23,102.14,,,14.41,,,,,,,2024-10-14,282.79,273.7,256.41,282.25,277.83,271.81,282.19,281.12,10.29,0.38,630,2.06,0.8,1.5,4.7
SELL,231,EEM,2024-10-15,43.7,648.41,2024-09-24,43.13,13.98,14.17,369.59,355.42,1.27,15,rotation (out of top-N),2024-10-14,43.87,42.82,40.16,44.1,44.11,42.29,44.08,43.81,9.23,0.61,301,1.85,0.9,1.5,4.7
SELL,235,SMH,2024-10-15,259.04,113.25,2024-10-08,247.29,14.0,14.67,1330.64,1315.97,4.7,5,rotation (out of top-N),2024-10-14,249.62,243.57,229.93,259.32,250.36,239.17,259.29,256.59,8.56,1.04,637,1.71,1.1,1.6,4.5
BUY,240,XLC,2024-10-22,88.63,324.22,,,14.37,,,,,,,2024-10-21,89.01,87.2,81.87,89.03,88.82,86.54,89.02,88.52,8.72,0.56,616,1.74,0.8,1.6,4.8
BUY,241,XLY,2024-10-22,96.81,296.83,,,14.37,,,,,,,2024-10-21,98.96,95.91,90.07,97.55,97.63,95.39,97.55,97.02,9.87,0.54,539,1.97,0.9,1.5,4.6
SELL,238,VTI,2024-10-22,280.84,102.14,2024-10-15,282.23,14.41,14.34,-141.98,-156.32,-0.54,5,rotation (out of top-N),2024-10-21,279.51,274.76,257.59,281.9,280.37,273.38,281.88,280.89,8.51,0.35,637,1.7,0.7,1.6,4.9
SELL,225,VTV,2024-10-22,169.01,170.49,2024-08-27,163.39,13.93,14.41,958.18,943.77,3.39,39,rotation (out of top-N),2024-10-21,167.2,166.13,155.64,169.6,169.76,166.25,169.61,168.95,7.43,0.39,336,1.49,0.6,1.6,5.0
BUY,242,VTI,2024-10-29,280.22,99.48,,,13.94,,,,,,,2024-10-28,276.27,275.03,258.63,280.64,280.18,274.64,280.62,279.08,6.82,0.55,644,1.36,0.7,1.7,5.0
SELL,218,SPY,2024-10-29,568.15,49.06,2024-07-30,533.6,13.09,13.94,1695.06,1681.12,6.42,64,rotation (out of top-N),2024-10-28,559.52,557.67,523.86,569.11,568.33,557.18,569.21,566.13,6.81,0.54,644,1.36,0.7,1.7,5.0
BUY,244,IJR,2024-11-05,111.5,246.83,,,13.76,,,,,,,2024-11-04,120.7,113.22,106.91,111.72,111.9,111.97,111.68,110.51,12.9,1.05,336,2.58,1.3,1.4,4.0
BUY,243,IWM,2024-11-05,215.36,127.79,,,13.76,,,,,,,2024-11-04,233.8,218.08,204.98,216.1,216.33,215.26,216.11,214.11,14.06,0.92,329,2.81,1.3,1.3,4.0
SELL,242,VTI,2024-11-05,276.15,99.48,2024-10-29,280.22,13.94,13.74,-404.86,-418.6,-1.5,5,rotation (out of top-N),2024-11-04,290.44,277.83,259.95,275.77,278.26,276.39,275.74,273.86,11.73,0.68,651,2.35,1.0,1.4,4.4
SELL,217,XLRE,2024-11-05,40.6,680.15,2024-07-30,38.49,13.09,13.81,1435.12,1421.31,5.43,69,rotation (out of top-N),2024-11-04,41.35,40.92,37.59,40.7,41.07,41.56,40.71,40.33,10.0,0.93,329,2.0,1.1,1.5,4.4
BUY,245,IJH,2024-11-19,62.3,465.42,,,14.5,,,,,,,2024-11-18,65.32,62.17,58.69,62.83,63.17,61.72,62.84,62.43,11.3,0.65,357,2.26,1.0,1.4,4.4
SELL,239,SCHB,2024-11-19,22.24,1303.82,2024-10-15,22.11,14.41,14.5,169.5,155.0,0.54,25,rotation (out of top-N),2024-11-18,22.75,22.02,20.54,22.37,22.42,21.98,22.35,22.24,10.74,0.49,665,2.15,0.9,1.5,4.6
BUY,246,DIA,2024-11-26,435.05,68.63,,,14.93,,,,,,,2024-11-25,438.49,421.05,392.41,436.02,427.29,418.06,436.48,434.13,11.74,0.54,735,2.35,0.9,1.4,4.5
SELL,236,VGT,2024-11-26,77.34,386.27,2024-10-08,72.5,14.0,14.94,1869.55,1854.61,6.62,35,rotation (out of top-N),2024-11-25,77.17,74.82,69.31,77.05,76.35,74.73,77.06,76.34,11.34,0.93,665,2.27,1.2,1.4,4.2
BUY,249,QQQ,2024-12-03,509.33,58.87,,,14.99,,,,,,,2024-12-02,521.75,497.66,464.77,510.66,503.33,494.65,510.75,508.19,12.26,0.5,658,2.45,0.9,1.4,4.4
BUY,250,SCHB,2024-12-03,23.02,1302.63,,,14.99,,,,,,,2024-12-02,23.2,22.38,20.74,23.04,22.8,22.25,23.03,22.97,11.88,0.24,679,2.38,0.8,1.4,4.7
BUY,247,VGT,2024-12-03,77.72,385.83,,,14.99,,,,,,,2024-12-02,79.93,75.75,69.68,77.92,76.87,75.29,77.95,77.55,14.71,0.51,672,2.94,1.1,1.3,4.2
BUY,248,VTI,2024-12-03,294.04,101.98,,,14.99,,,,,,,2024-12-02,296.06,285.63,264.73,294.08,290.95,283.95,294.01,293.2,11.84,0.28,679,2.37,0.8,1.4,4.6
SELL,246,DIA,2024-12-03,437.57,68.63,2024-11-26,435.05,14.93,15.02,172.95,157.94,0.53,4,rotation (out of top-N),2024-12-02,435.62,423.7,393.89,437.17,432.83,420.75,437.17,435.31,10.6,0.43,742,2.12,0.8,1.5,4.7
SELL,245,IJH,2024-12-03,65.68,465.42,2024-11-19,62.3,14.5,15.28,1573.11,1557.82,5.37,9,rotation (out of top-N),2024-12-02,65.16,63.27,59.18,65.66,65.08,62.71,65.67,65.24,10.11,0.65,371,2.02,0.9,1.5,4.6
SELL,229,XLI,2024-12-03,139.6,216.89,2024-09-17,127.98,13.88,15.14,2520.24,2505.1,9.03,54,rotation (out of top-N),2024-12-02,137.24,135.47,125.09,139.55,138.88,135.54,139.56,138.8,9.71,0.54,385,1.94,0.8,1.5,4.7
SELL,209,XLU,2024-12-03,38.84,751.12,2024-07-23,33.35,12.52,14.59,4123.67,4109.08,16.4,93,rotation (out of top-N),2024-12-02,37.91,38.0,34.51,38.61,38.77,38.13,38.61,38.27,9.86,0.89,266,1.97,1.1,1.5,4.4
BUY,251,SPY,2024-12-10,593.16,50.31,,,14.92,,,,,,,2024-12-09,592.02,579.33,538.43,592.48,590.88,577.95,592.13,590.08,9.95,0.35,686,1.99,0.7,1.5,4.8
SELL,243,IWM,2024-12-10,233.27,127.79,2024-11-05,215.36,13.76,14.91,2288.78,2273.87,8.26,24,rotation (out of top-N),2024-12-09,228.84,227.0,209.3,233.42,234.37,226.46,233.39,231.45,9.33,0.83,364,1.87,1.0,1.5,4.5
BUY,252,XLK,2024-12-17,118.64,247.66,,,14.69,,,,,,,2024-12-16,116.77,115.51,108.78,119.49,118.06,115.56,119.5,118.44,7.35,0.88,686,1.47,1.0,1.6,4.7
SELL,244,IJR,2024-12-17,119.1,246.83,2024-11-05,111.5,13.76,14.7,1875.91,1861.21,6.76,29,rotation (out of top-N),2024-12-16,113.57,117.03,109.37,119.75,120.52,118.02,119.72,118.89,3.84,0.69,378,0.77,0.7,1.8,5.2
BUY,253,XLI,2025-01-14,131.3,213.95,,,14.05,,,,,,,2025-01-13,135.17,132.85,126.82,130.38,130.14,134.31,130.39,129.11,6.59,0.98,427,1.32,1.0,1.7,4.7
SELL,252,XLK,2025-01-14,113.48,247.66,2024-12-17,118.64,14.69,14.05,-1277.95,-1292.0,-4.4,17,rotation (out of top-N),2025-01-13,116.05,115.68,110.15,112.6,115.46,116.53,112.56,110.8,5.36,1.57,714,1.07,1.3,1.7,4.4
BUY,254,DIA,2025-01-28,437.09,66.95,,,14.63,,,,,,,2025-01-27,435.32,425.27,403.86,437.02,428.65,425.52,437.14,434.94,7.79,0.5,798,1.56,0.7,1.6,4.9
SELL,247,VGT,2025-01-28,75.89,385.83,2024-12-03,77.72,14.99,14.64,-706.07,-720.71,-2.4,36,rotation (out of top-N),2025-01-27,76.56,77.51,72.63,75.34,78.0,78.31,75.27,74.06,5.41,1.61,728,1.08,1.3,1.7,4.4
BUY,255,VGT,2025-02-04,75.61,380.51,,,14.39,,,,,,,2025-02-03,77.11,77.43,72.98,75.47,77.07,78.23,75.81,74.63,5.66,1.55,735,1.13,1.3,1.7,4.4
SELL,253,XLI,2025-02-04,134.54,213.95,2025-01-14,131.3,14.05,14.39,693.2,678.81,2.42,14,rotation (out of top-N),2025-02-03,134.76,134.31,128.17,134.41,135.57,133.5,134.4,132.6,5.14,1.34,448,1.03,1.1,1.7,4.6
BUY,256,SCHD,2025-02-25,26.84,1105.91,,,14.84,,,,,,,2025-02-24,27.02,26.5,25.87,26.75,26.56,26.28,26.75,26.62,4.44,0.48,448,0.89,0.5,1.8,5.2
BUY,257,VTV,2025-02-25,171.31,173.27,,,14.84,,,,,,,2025-02-24,172.53,170.2,164.59,170.96,171.72,169.0,170.87,169.97,4.82,0.53,462,0.96,0.6,1.8,5.2
BUY,259,XLP,2025-02-25,79.49,373.41,,,14.84,,,,,,,2025-02-24,79.86,77.27,76.34,79.24,78.02,75.88,79.24,78.71,4.62,0.67,14,0.92,2.4,4.5,6.9
BUY,260,XLRE,2025-02-25,40.51,732.72,,,14.84,,,,,,,2025-02-24,41.08,39.98,39.44,40.38,40.17,39.27,40.35,40.01,4.15,0.85,441,0.83,0.8,1.8,5.0
BUY,258,XLU,2025-02-25,38.09,779.28,,,14.84,,,,,,,2025-02-24,38.0,37.74,36.34,38.31,38.19,37.33,38.32,37.95,4.58,0.97,350,0.92,0.9,1.8,4.9
SELL,249,QQQ,2025-02-25,515.4,58.87,2024-12-03,509.33,14.99,15.17,357.37,342.2,1.14,55,rotation (out of top-N),2025-02-24,504.41,516.25,489.97,516.03,526.1,519.3,516.07,510.89,2.95,1.0,742,0.59,0.8,1.9,5.0
SELL,250,SCHB,2025-02-25,22.65,1302.63,2024-12-03,23.02,14.99,14.75,-481.97,-496.73,-1.66,55,rotation (out of top-N),2025-02-24,22.53,22.77,21.73,22.65,23.02,22.83,22.67,22.5,3.7,0.77,763,0.74,0.7,1.8,5.1
SELL,255,VGT,2025-02-25,76.21,380.51,2025-02-04,75.61,14.39,14.5,228.31,213.81,0.74,14,rotation (out of top-N),2025-02-24,74.31,77.12,73.84,76.36,78.22,77.93,76.39,75.48,0.64,1.19,756,0.13,0.8,2.0,5.1
SELL,248,VTI,2025-02-25,289.11,101.98,2024-12-03,294.04,14.99,14.74,-502.77,-517.51,-1.73,55,rotation (out of top-N),2025-02-24,287.7,290.56,277.32,289.12,293.69,291.34,289.16,286.89,3.74,0.79,763,0.75,0.7,1.8,5.1
SELL,237,VUG,2025-02-25,68.05,444.02,2024-10-08,63.07,14.0,15.11,2211.24,2196.13,7.84,94,rotation (out of top-N),2025-02-24,67.17,68.7,64.73,68.19,69.69,69.27,68.17,67.57,3.77,0.89,742,0.75,0.8,1.8,5.0
BUY,261,EEM,2025-03-04,41.75,709.28,,,14.81,,,,,,,2025-03-03,43.15,42.27,41.72,41.6,42.57,41.76,41.63,41.25,3.43,0.91,21,0.69,2.4,4.5,6.7
BUY,262,EFA,2025-03-04,77.83,380.47,,,14.81,,,,,,,2025-03-03,80.25,76.52,75.0,78.39,77.7,75.27,78.44,77.61,6.99,1.05,21,1.4,2.7,4.3,6.2
SELL,251,SPY,2025-03-04,569.93,50.31,2024-12-10,593.16,14.92,14.34,-1168.65,-1182.98,-3.96,55,rotation (out of top-N),2025-03-03,566.2,583.98,563.03,573.92,585.11,588.48,575.42,567.64,0.56,1.35,770,0.11,0.9,2.0,5.0
SELL,241,XLY,2025-03-04,102.88,296.83,2024-10-22,96.81,14.37,15.27,1801.75,1786.48,6.22,89,rotation (out of top-N),2025-03-03,101.55,108.52,100.68,104.66,107.44,111.18,104.59,102.8,0.86,1.72,672,0.17,1.2,2.0,4.8
BUY,263,XLE,2025-03-11,42.21,649.8,,,13.71,,,,,,,2025-03-10,42.84,42.73,42.59,42.04,42.03,42.97,41.72,40.94,0.6,1.86,28,0.12,2.8,4.5,6.2
SELL,254,DIA,2025-03-11,409.62,66.95,2025-01-28,437.09,14.63,13.71,-1839.25,-1852.96,-6.33,29,rotation (out of top-N),2025-03-10,406.58,422.78,410.83,410.62,420.47,428.68,419.22,413.5,-1.03,1.36,840,-0.21,0.9,2.1,5.2
BUY,265,DIA,2025-03-18,409.57,71.18,,,14.58,,,,,,,2025-03-17,411.53,420.74,411.77,410.35,411.39,427.33,410.27,407.15,-0.06,0.76,847,-0.01,0.5,2.0,5.5
BUY,264,XLI,2025-03-18,129.9,224.44,,,14.58,,,,,,,2025-03-17,129.77,132.16,129.95,130.45,129.56,133.65,130.46,129.0,-0.14,1.12,490,-0.03,0.7,2.0,5.3
SELL,259,XLP,2025-03-18,77.49,373.41,2025-02-25,79.49,14.84,14.47,-746.83,-761.29,-2.56,15,rotation (out of top-N),2025-03-17,76.26,77.25,76.68,77.55,77.83,77.35,77.54,76.96,-0.55,0.75,35,-0.11,1.9,4.4,7.0
SELL,260,XLRE,2025-03-18,40.15,732.72,2025-02-25,40.51,14.84,14.71,-263.78,-278.49,-0.94,15,rotation (out of top-N),2025-03-17,39.51,39.87,39.78,40.15,39.91,40.0,40.13,39.72,-0.67,1.02,462,-0.13,0.6,2.0,5.4
BUY,266,XLP,2025-03-25,76.6,388.08,,,14.86,,,,,,,2025-03-24,77.71,77.33,76.8,76.73,77.0,77.6,76.73,76.22,1.19,0.66,42,0.24,1.8,4.2,6.7
SELL,264,XLI,2025-03-25,132.45,224.44,2025-03-18,129.9,14.58,14.86,572.33,557.46,1.91,5,rotation (out of top-N),2025-03-24,128.1,131.42,130.17,132.18,130.32,132.77,132.2,130.71,-1.59,1.13,497,-0.32,0.7,2.1,5.4
SELL,265,DIA,2025-04-01,410.35,71.18,2025-03-18,409.57,14.58,14.61,55.52,40.92,0.14,10,rotation (out of top-N),2025-03-31,375.83,410.62,412.4,411.79,412.57,421.96,411.44,407.96,-8.87,0.85,861,-1.77,0.1,2.4,6.3
SELL,256,SCHD,2025-04-01,26.69,1105.91,2025-02-25,26.84,14.84,14.76,-165.89,-180.64,-0.61,25,rotation (out of top-N),2025-03-31,24.15,26.03,26.13,26.71,26.48,26.48,26.69,26.47,-7.58,0.81,483,-1.52,0.2,2.4,6.2
SELL,257,VTV,2025-04-01,167.81,173.27,2025-02-25,171.31,14.84,14.54,-606.44,-620.98,-2.09,25,rotation (out of top-N),2025-03-31,152.89,165.58,165.97,168.28,167.85,169.41,168.18,166.91,-7.88,0.75,497,-1.58,0.1,2.4,6.3
SELL,263,XLE,2025-04-01,44.97,649.8,2025-03-11,42.21,13.71,14.61,1793.46,1778.85,6.49,15,rotation (out of top-N),2025-03-31,37.88,42.28,42.61,44.95,44.35,43.09,44.95,44.46,-11.1,1.08,49,-2.22,1.3,4.7,7.6
SELL,261,EEM,2025-04-08,39.07,709.28,2025-03-04,41.75,14.81,13.86,-1900.86,-1914.72,-6.47,25,rotation (out of top-N),2025-04-07,40.56,41.75,41.86,37.95,41.34,42.71,38.03,36.9,-3.11,2.98,56,-0.62,2.9,4.2,5.4
BUY,267,EEM,2025-04-29,42.34,3415.37,,,72.3,,,,,,,2025-04-28,43.71,42.05,41.93,42.28,41.52,41.95,42.29,42.09,4.23,0.47,0,0.85,2.5,4.8,7.3
BUY,268,XLI,2025-05-20,141.43,0.51,,,0.04,,,,,,,2025-05-19,138.62,132.64,131.94,142.0,137.55,128.79,142.03,141.19,5.06,0.59,0,1.01,2.6,4.7,7.1
BUY,270,QQQ,2025-06-03,520.47,0.0,,,0.0,,,,,,,2025-06-02,526.79,498.44,494.69,520.12,513.95,479.39,520.6,515.42,6.49,1.0,0,1.3,3.0,4.7,6.7
BUY,269,VUG,2025-06-03,69.06,0.0,,,0.0,,,,,,,2025-06-02,69.95,66.09,65.64,68.98,68.15,63.49,68.93,68.28,6.57,0.94,0,1.31,3.0,4.7,6.7
BUY,272,SPY,2025-06-10,591.86,25.82,,,7.64,,,,,,,2025-06-09,588.69,571.58,570.48,591.33,585.39,560.69,590.92,588.21,3.19,0.46,0,0.64,2.5,4.8,7.4
BUY,271,XLK,2025-06-10,118.92,128.53,,,7.64,,,,,,,2025-06-09,118.76,112.3,111.97,118.94,116.77,108.99,118.91,117.83,6.07,0.91,0,1.21,2.9,4.7,6.8
SELL,266,XLP,2025-06-10,78.85,388.08,2025-03-25,76.6,14.86,15.3,873.18,857.88,2.89,53,rotation (out of top-N),2025-06-09,78.24,78.59,77.63,78.84,79.19,78.76,78.83,78.4,0.78,0.55,119,0.16,0.4,2.0,5.6
BUY,273,SMH,2025-06-17,261.63,87.35,,,11.43,,,,,,,2025-06-16,259.46,240.12,238.09,262.56,255.97,233.8,262.7,259.02,8.97,1.4,0,1.79,3.4,4.6,6.2
BUY,274,VGT,2025-06-17,78.41,291.47,,,11.43,,,,,,,2025-06-16,78.13,74.57,74.21,78.8,77.8,73.35,78.76,78.14,5.28,0.79,0,1.06,2.8,4.7,6.9
SELL,272,SPY,2025-06-17,591.85,25.82,2025-06-10,591.86,7.64,7.64,-0.26,-7.9,-0.05,5,rotation (out of top-N),2025-06-16,587.74,574.52,571.45,594.29,590.23,569.2,594.47,590.79,2.85,0.62,7,0.57,2.4,4.7,7.2
SELL,258,XLU,2025-06-17,39.08,779.28,2025-02-25,38.09,14.84,15.23,771.48,756.26,2.55,78,rotation (out of top-N),2025-06-16,39.02,38.84,37.96,39.14,39.24,38.83,39.15,38.81,2.79,0.87,462,0.56,0.7,1.9,5.1
BUY,275,SPY,2025-07-08,614.51,93.97,,,28.87,,,,,,,2025-07-07,616.76,592.83,575.58,613.85,608.14,589.16,612.37,609.18,7.15,0.52,28,1.43,2.2,4.2,6.5
SELL,206,XLF,2025-07-08,51.76,1116.33,2024-07-16,41.74,23.3,28.89,11185.58,11156.69,23.94,244,rotation (out of top-N),2025-07-07,51.36,50.23,48.52,51.87,51.36,50.18,51.9,51.48,5.86,0.81,602,1.17,0.8,1.7,4.9
BUY,276,XLU,2025-07-29,40.83,1452.25,,,29.65,,,,,,,2025-07-28,41.74,40.19,38.3,40.68,40.71,39.78,40.68,40.36,9.0,0.78,504,1.8,1.0,1.6,4.6
SELL,275,SPY,2025-07-29,631.32,93.97,2025-07-08,614.51,28.87,29.66,1579.65,1549.99,2.68,15,rotation (out of top-N),2025-07-28,614.88,605.77,579.52,629.93,624.24,605.81,629.98,628.41,6.1,0.25,49,1.22,1.7,3.9,6.4
BUY,277,SPY,2025-08-05,624.84,55.45,,,17.32,,,,,,,2025-08-04,630.17,610.21,581.29,624.22,623.6,610.66,625.12,620.25,8.41,0.78,56,1.68,2.0,3.6,5.7
SELL,240,XLC,2025-08-05,106.87,324.22,2024-10-22,88.63,14.37,17.32,5913.85,5896.53,20.52,195,rotation (out of top-N),2025-08-04,106.29,103.98,98.41,106.82,105.82,104.72,106.81,105.77,8.01,0.97,903,1.6,1.0,1.6,4.5
BUY,279,SCHB,2025-08-12,24.31,1253.09,,,15.23,,,,,,,2025-08-11,24.53,23.71,22.51,24.19,24.11,23.71,24.2,24.1,8.97,0.4,56,1.79,1.8,3.6,5.9
BUY,278,XLC,2025-08-12,107.33,283.82,,,15.23,,,,,,,2025-08-11,110.1,105.1,98.8,106.84,106.16,105.2,106.85,106.24,11.43,0.57,910,2.29,1.0,1.4,4.5
SELL,268,XLI,2025-08-12,149.05,0.51,2025-05-20,141.43,0.04,0.04,3.9,3.86,5.34,57,rotation (out of top-N),2025-08-11,148.53,146.52,136.5,148.43,149.15,147.15,148.42,147.56,8.81,0.58,84,1.76,1.4,2.2,5.3
SELL,276,XLU,2025-08-12,41.93,1452.25,2025-07-29,40.83,29.65,30.45,1597.47,1567.03,2.64,10,rotation (out of top-N),2025-08-11,41.65,40.71,38.51,41.79,41.71,40.4,41.79,41.49,8.14,0.71,518,1.63,0.9,1.6,4.7
BUY,281,IWM,2025-08-19,225.68,146.16,,,16.49,,,,,,,2025-08-18,232.42,219.14,212.45,225.62,223.03,219.03,225.66,224.39,9.4,0.56,28,1.88,2.4,4.1,6.2
BUY,280,XLI,2025-08-19,149.28,220.96,,,16.49,,,,,,,2025-08-18,151.19,147.37,136.89,149.11,149.26,148.28,149.14,148.52,10.45,0.42,91,2.09,1.3,2.0,5.2
SELL,279,SCHB,2025-08-19,24.53,1253.09,2025-08-12,24.31,15.23,15.37,275.68,260.31,0.85,5,rotation (out of top-N),2025-08-18,24.65,23.88,22.57,24.54,24.39,23.94,24.53,24.47,9.21,0.26,63,1.84,1.6,2.5,5.9
SELL,277,SPY,2025-08-19,636.04,55.45,2025-08-05,624.84,17.32,17.63,620.99,603.36,1.74,10,rotation (out of top-N),2025-08-18,638.21,619.19,584.15,636.22,632.71,620.69,636.22,634.35,9.25,0.29,70,1.85,1.5,2.4,5.7
BUY,282,VTI,2025-09-09,317.01,103.91,,,16.47,,,,,,,2025-09-08,320.57,310.38,289.75,316.87,314.78,310.09,316.81,314.65,10.64,0.68,84,2.13,1.6,2.1,5.1
SELL,280,XLI,2025-09-09,149.08,220.96,2025-08-19,149.28,16.49,16.47,-44.19,-60.66,-0.18,14,rotation (out of top-N),2025-09-08,149.65,148.36,137.68,149.35,149.48,149.7,149.35,148.04,8.7,0.87,112,1.74,1.2,1.7,4.7
BUY,283,SCHB,2025-09-16,25.26,1361.22,,,17.19,,,,,,,2025-09-15,25.44,24.53,22.77,25.23,24.94,24.46,25.24,25.17,11.72,0.29,91,2.34,1.3,1.9,5.1
SELL,262,EFA,2025-09-16,90.42,380.47,2025-03-04,77.83,14.81,17.2,4790.17,4772.97,16.12,135,rotation (out of top-N),2025-09-15,89.92,88.23,81.21,90.51,89.5,87.95,90.51,90.2,10.72,0.34,217,2.14,0.8,1.5,4.7
BUY,284,SPY,2025-09-23,661.21,52.55,,,17.37,,,,,,,2025-09-22,656.35,639.14,591.65,661.33,652.64,637.59,660.76,658.62,10.93,0.32,105,2.19,1.0,1.7,4.9
SELL,283,SCHB,2025-09-23,25.54,1361.22,2025-09-16,25.26,17.19,17.38,381.14,363.76,1.06,5,rotation (out of top-N),2025-09-22,25.34,24.68,22.84,25.55,25.22,24.61,25.55,25.47,10.94,0.3,98,2.19,1.1,1.8,5.1
BUY,285,EFA,2025-09-30,89.81,384.52,,,17.27,,,,,,,2025-09-29,91.93,89.1,82.16,89.91,89.7,88.82,89.91,89.63,11.89,0.32,231,2.38,0.8,1.4,4.6
SELL,284,SPY,2025-09-30,657.45,52.55,2025-09-23,661.21,17.37,17.28,-197.6,-214.87,-0.62,5,rotation (out of top-N),2025-09-29,663.68,643.6,593.62,658.2,654.91,641.46,657.96,655.36,11.8,0.39,112,2.36,1.0,1.5,4.7
BUY,286,XLU,2025-10-07,44.14,799.46,,,17.64,,,,,,,2025-10-06,44.17,42.17,39.41,43.96,42.85,41.69,43.96,43.6,12.07,0.82,574,2.41,1.1,1.4,4.2
SELL,285,EFA,2025-10-07,91.82,384.52,2025-09-30,89.81,17.27,17.65,772.88,755.22,2.19,5,rotation (out of top-N),2025-10-06,89.19,89.12,82.59,92.15,90.83,89.45,92.15,91.72,7.99,0.47,238,1.6,0.7,1.6,4.9
BUY,287,SPY,2025-10-14,651.74,51.16,,,16.67,,,,,,,2025-10-13,658.9,646.98,597.47,657.56,659.65,649.36,657.42,650.2,10.28,1.1,126,2.06,1.2,1.5,4.2
SELL,282,VTI,2025-10-14,321.05,103.91,2025-09-09,317.01,16.47,16.68,419.79,403.11,1.22,25,rotation (out of top-N),2025-10-13,324.42,318.7,294.23,324.06,324.97,319.99,324.02,320.06,10.26,1.22,119,2.05,1.3,1.5,4.2
BUY,288,VTI,2025-10-21,327.88,99.97,,,16.39,,,,,,,2025-10-20,330.78,320.9,295.23,328.04,325.17,321.67,328.04,325.72,12.04,0.71,126,2.41,1.1,1.4,4.3
SELL,278,XLC,2025-10-21,115.55,283.82,2025-08-12,107.33,15.23,16.4,2333.02,2316.62,7.6,49,rotation (out of top-N),2025-10-20,114.51,113.07,103.28,115.2,114.22,114.38,115.18,114.34,10.87,0.73,980,2.17,1.0,1.5,4.4
BUY,289,SCHB,2025-10-28,26.28,1369.41,,,17.99,,,,,,,2025-10-27,26.06,25.31,23.21,26.22,25.72,25.34,26.21,26.1,12.29,0.43,133,2.46,0.9,1.4,4.5
SELL,286,XLU,2025-10-28,45.04,799.46,2025-10-07,44.14,17.64,18.0,719.51,701.51,1.99,15,rotation (out of top-N),2025-10-27,43.63,43.15,39.94,44.88,44.56,42.81,44.88,44.47,9.24,0.91,595,1.85,1.1,1.5,4.5
BUY,290,XLV,2025-11-11,145.73,242.14,,,17.64,,,,,,,2025-11-10,149.91,141.96,136.23,145.41,143.78,140.47,145.41,144.06,10.05,0.93,42,2.01,2.4,3.8,5.7
SELL,281,IWM,2025-11-11,241.55,146.16,2025-08-19,225.68,16.49,17.65,2319.49,2301.83,6.98,59,rotation (out of top-N),2025-11-10,235.7,238.32,216.79,242.21,242.13,242.47,242.22,239.57,8.72,1.09,112,1.74,1.3,1.7,4.5
BUY,291,IWM,2025-11-18,229.58,150.12,,,17.23,,,,,,,2025-11-17,233.84,237.51,217.07,231.02,238.28,242.11,230.99,228.43,7.72,1.11,119,1.54,1.1,1.6,4.5
SELL,289,SCHB,2025-11-18,25.18,1369.41,2025-10-28,26.28,17.99,17.24,-1506.35,-1523.59,-4.23,15,rotation (out of top-N),2025-11-17,25.12,25.36,23.39,25.34,25.73,25.66,25.32,25.04,7.4,1.11,154,1.48,1.1,1.6,4.5
BUY,292,SCHB,2025-12-02,26.04,1424.53,,,18.55,,,,,,,2025-12-01,26.21,25.62,23.56,25.97,25.71,25.68,25.95,25.82,11.23,0.5,168,2.25,0.9,1.4,4.5
SELL,290,XLV,2025-12-02,153.28,242.14,2025-11-11,145.73,17.64,18.56,1828.13,1809.57,5.13,14,rotation (out of top-N),2025-12-01,151.32,147.0,136.99,153.32,152.99,145.99,153.35,152.21,10.46,0.74,63,2.09,2.0,2.4,5.4
BUY,294,DIA,2025-12-09,473.35,73.99,,,17.51,,,,,,,2025-12-08,480.61,467.28,435.31,473.43,470.87,465.67,473.51,471.45,10.41,0.43,161,2.08,0.8,1.5,4.7
BUY,295,IJR,2025-12-09,119.87,292.16,,,17.51,,,,,,,2025-12-08,122.98,118.39,110.04,120.02,119.2,117.44,120.05,119.22,11.76,0.69,119,2.35,1.1,1.4,4.4
BUY,293,XLV,2025-12-09,150.07,233.37,,,17.51,,,,,,,2025-12-08,152.11,147.93,137.16,149.51,151.95,147.2,149.55,148.58,10.9,0.65,70,2.18,1.8,2.3,5.3
SELL,292,SCHB,2025-12-09,26.09,1424.53,2025-12-02,26.04,18.55,18.58,71.23,52.64,0.14,5,rotation (out of top-N),2025-12-08,26.07,25.7,23.67,26.12,25.98,25.75,26.12,26.0,10.13,0.44,175,2.03,0.8,1.5,4.7
SELL,287,SPY,2025-12-09,677.5,51.16,2025-10-14,651.74,16.67,17.33,1317.93,1300.6,3.9,39,rotation (out of top-N),2025-12-08,676.13,667.11,613.98,677.98,674.67,668.72,678.43,675.43,10.12,0.44,182,2.02,0.8,1.5,4.7
SELL,288,VTI,2025-12-09,333.32,99.97,2025-10-21,327.88,16.39,16.66,543.86,527.2,1.61,34,rotation (out of top-N),2025-12-08,333.04,328.21,302.07,333.61,331.78,328.8,333.49,331.89,10.25,0.48,175,2.05,0.8,1.5,4.7
BUY,296,XLY,2025-12-16,120.94,293.59,,,17.75,,,,,,,2025-12-15,121.12,117.87,109.87,121.0,118.77,117.3,121.02,119.74,10.24,1.05,168,2.05,1.2,1.5,4.3
SELL,294,DIA,2025-12-16,479.67,73.99,2025-12-09,473.35,17.51,17.74,467.6,449.85,1.28,5,rotation (out of top-N),2025-12-15,477.44,469.13,437.08,480.38,476.17,468.45,480.34,477.23,9.23,0.65,168,1.85,0.9,1.5,4.6
BUY,298,SPY,2025-12-23,680.27,52.53,,,17.87,,,,,,,2025-12-22,686.63,672.13,620.33,681.18,675.59,672.28,681.25,679.13,10.69,0.31,196,2.14,0.7,1.5,4.7
BUY,297,VTI,2025-12-23,334.98,106.68,,,17.87,,,,,,,2025-12-22,337.64,330.67,305.2,335.58,332.61,330.5,335.65,334.08,10.63,0.47,189,2.13,0.8,1.5,4.6
SELL,295,IJR,2025-12-23,122.45,292.16,2025-12-09,119.87,17.51,17.89,753.78,735.9,2.1,10,rotation (out of top-N),2025-12-22,122.57,119.66,110.98,122.73,121.77,118.55,122.74,121.98,10.44,0.62,133,2.09,0.9,1.5,4.5
SELL,296,XLY,2025-12-23,121.78,293.59,2025-12-16,120.94,17.75,17.88,246.61,228.74,0.64,5,rotation (out of top-N),2025-12-22,121.56,118.54,110.48,121.85,120.33,117.66,121.81,120.96,10.03,0.7,175,2.01,1.0,1.5,4.5
BUY,299,EFA,2025-12-30,95.12,377.64,,,17.96,,,,,,,2025-12-29,95.53,93.07,87.31,94.78,94.2,92.21,94.82,94.55,9.41,0.28,322,1.88,0.7,1.5,4.9
SELL,298,SPY,2025-12-30,683.78,52.53,2025-12-23,680.27,17.87,17.96,184.39,166.43,0.47,4,rotation (out of top-N),2025-12-29,679.53,673.47,623.62,684.18,681.01,672.91,684.05,681.82,8.97,0.33,203,1.79,0.7,1.6,4.9
BUY,301,DIA,2026-01-06,485.56,49.73,,,12.07,,,,,,,2026-01-05,491.2,476.47,443.57,485.99,480.55,472.58,486.06,482.64,10.74,0.7,189,2.15,1.0,1.5,4.5
BUY,302,IJR,2026-01-06,122.22,197.57,,,12.07,,,,,,,2026-01-05,125.84,120.96,112.27,122.33,121.54,119.37,122.33,121.09,12.09,1.01,147,2.42,1.3,1.4,4.1
BUY,300,XLY,2026-01-06,119.05,202.84,,,12.07,,,,,,,2026-01-05,123.91,119.42,111.82,119.82,119.9,117.91,119.82,118.42,10.81,1.17,189,2.16,1.3,1.5,4.1
SELL,299,EFA,2026-01-06,96.78,377.64,2025-12-30,95.12,17.96,18.27,626.89,608.62,1.69,4,rotation (out of top-N),2026-01-05,97.27,93.84,87.96,96.62,94.95,92.64,96.6,96.18,10.58,0.44,329,2.12,0.8,1.5,4.6
SELL,297,VTI,2026-01-06,336.96,106.68,2025-12-23,334.98,17.87,17.97,211.24,193.26,0.54,8,rotation (out of top-N),2026-01-05,340.35,332.97,309.21,336.81,335.13,331.22,336.69,334.36,10.07,0.69,203,2.01,1.0,1.5,4.5
SELL,269,VUG,2026-01-06,81.35,0.0,2025-06-03,69.06,0.0,0.0,0.0,0.0,17.74,149,rotation (out of top-N),2026-01-05,81.66,80.94,74.86,81.23,81.37,80.91,81.18,80.41,9.08,0.95,217,1.82,1.1,1.5,4.5
BUY,304,EFA,2026-01-13,97.68,198.1,,,9.68,,,,,,,2026-01-12,97.98,94.59,88.53,97.86,96.3,93.25,97.84,97.56,10.67,0.29,336,2.13,0.7,1.5,4.7
BUY,306,IJH,2026-01-13,69.04,280.27,,,9.68,,,,,,,2026-01-12,69.72,66.9,62.98,68.89,67.82,65.81,68.89,68.43,10.7,0.67,182,2.14,1.0,1.5,4.5
BUY,303,XLE,2026-01-13,46.09,419.83,,,9.68,,,,,,,2026-01-12,47.04,44.85,42.55,45.71,45.18,44.36,45.7,45.25,10.55,0.99,140,2.11,1.2,1.5,4.3
BUY,305,XLI,2026-01-13,163.02,118.7,,,9.68,,,,,,,2026-01-12,166.02,157.21,147.95,162.31,159.01,153.97,162.31,161.13,12.21,0.72,238,2.44,1.1,1.4,4.3
SELL,301,DIA,2026-01-13,491.73,49.73,2026-01-06,485.56,12.07,12.23,306.84,294.61,1.22,5,rotation (out of top-N),2026-01-12,489.79,478.89,445.96,492.07,486.62,475.09,491.94,489.59,9.83,0.48,196,1.97,0.8,1.5,4.7
SELL,270,QQQ,2026-01-13,625.79,0.0,2025-06-03,520.47,0.0,0.0,0.0,0.0,20.18,154,rotation (out of top-N),2026-01-12,619.8,614.57,568.28,625.69,620.6,613.37,625.49,622.22,9.07,0.52,224,1.81,0.8,1.5,4.7
SELL,274,VGT,2026-01-13,95.48,291.47,2025-06-17,78.41,11.43,13.91,4975.37,4961.45,21.71,144,rotation (out of top-N),2026-01-12,94.66,94.3,86.37,95.48,94.93,94.06,95.46,94.95,9.6,0.54,210,1.92,0.8,1.5,4.7
SELL,300,XLY,2026-01-13,124.03,202.84,2026-01-06,119.05,12.07,12.58,1010.12,997.54,4.13,5,rotation (out of top-N),2026-01-12,121.81,119.86,112.52,124.02,121.66,118.43,124.06,123.16,8.26,0.73,196,1.65,0.9,1.6,4.7
BUY,307,SCHD,2026-01-27,28.71,863.3,,,12.39,,,,,,,2026-01-26,29.34,27.9,26.41,28.71,28.43,27.49,28.69,28.56,11.09,0.44,161,2.22,0.8,1.4,4.6
BUY,308,VTV,2026-01-27,195.8,126.59,,,12.39,,,,,,,2026-01-26,197.68,192.27,179.98,196.2,195.34,190.95,196.21,195.3,9.84,0.46,217,1.97,0.8,1.5,4.7
BUY,309,XLB,2026-01-27,49.46,501.12,,,12.39,,,,,,,2026-01-26,48.87,46.82,44.17,49.62,48.59,45.81,49.62,49.18,10.65,0.88,203,2.13,1.1,1.5,4.3
SELL,306,IJH,2026-01-27,69.36,280.27,2026-01-13,69.04,9.68,9.72,89.69,79.97,0.41,9,rotation (out of top-N),2026-01-26,68.34,67.52,63.68,69.27,69.21,67.23,69.24,68.86,7.32,0.56,196,1.46,0.7,1.6,4.9
SELL,271,XLK,2026-01-27,147.06,128.53,2025-06-10,118.92,7.64,9.45,3616.81,3607.36,23.6,158,rotation (out of top-N),2026-01-26,143.53,144.0,133.48,145.73,144.68,144.53,145.76,144.51,7.53,0.86,231,1.51,0.9,1.6,4.7
SELL,293,XLV,2026-01-27,154.48,233.37,2025-12-09,150.07,17.51,18.03,1029.16,1011.13,2.89,32,rotation (out of top-N),2026-01-26,153.43,152.98,140.23,156.76,156.02,154.06,156.73,155.72,9.42,0.64,119,1.88,0.9,1.5,4.6
BUY,310,XLP,2026-02-10,86.24,463.21,,,19.97,,,,,,,2026-02-09,88.4,82.1,78.73,86.34,84.49,79.86,86.35,85.55,12.29,0.92,21,2.46,2.9,4.0,5.8
SELL,291,IWM,2026-02-10,266.12,150.12,2025-11-18,229.58,17.23,19.98,5485.44,5465.47,15.86,56,rotation (out of top-N),2026-02-09,261.87,257.17,234.76,265.77,261.73,256.77,265.78,263.97,11.55,0.68,203,2.31,1.0,1.4,4.4
BUY,311,XLU,2026-02-24,46.02,551.78,,,12.7,,,,,,,2026-02-23,47.1,44.27,42.26,46.06,44.98,42.99,46.06,45.59,11.45,1.01,714,2.29,1.2,1.4,4.2
SELL,302,IJR,2026-02-24,128.55,197.57,2026-01-06,122.22,12.07,12.7,1250.64,1237.95,5.13,33,rotation (out of top-N),2026-02-23,129.11,127.39,117.39,128.4,129.85,126.98,128.41,126.7,9.98,1.33,196,2.0,1.4,1.5,4.1
BUY,312,XLV,2026-03-03,155.33,123.8,,,9.62,,,,,,,2026-03-02,151.41,154.48,143.37,157.19,156.66,155.51,157.19,155.8,5.61,0.88,154,1.12,0.9,1.7,4.9
SELL,304,EFA,2026-03-03,97.11,198.1,2026-01-13,97.68,9.68,9.62,-112.91,-122.53,-0.63,33,rotation (out of top-N),2026-03-02,96.75,99.24,91.87,101.69,102.85,99.98,101.68,100.68,5.31,0.98,385,1.06,0.9,1.7,4.8
BUY,313,IJR,2026-03-17,123.19,150.62,,,9.28,,,,,,,2026-03-16,120.05,124.79,118.68,122.39,124.38,128.01,122.42,120.94,1.15,1.21,217,0.23,0.9,1.9,5.1
SELL,312,XLV,2026-03-17,149.94,123.8,2026-03-03,155.33,9.62,9.28,-667.31,-676.59,-3.52,10,rotation (out of top-N),2026-03-16,144.1,151.71,144.07,149.73,151.56,154.5,149.72,148.0,0.02,1.15,168,0.0,0.8,2.0,5.2
BUY,314,EFA,2026-03-31,94.08,400.63,,,18.85,,,,,,,2026-03-30,96.47,96.4,92.76,92.6,94.07,98.91,92.61,91.68,4.0,1.0,413,0.8,0.9,1.8,4.9
SELL,310,XLP,2026-03-31,81.43,463.21,2026-02-10,86.24,19.97,18.86,-2228.06,-2246.92,-5.62,34,rotation (out of top-N),2026-03-30,81.33,82.69,79.6,81.32,81.52,84.91,81.32,80.5,2.18,1.01,70,0.44,1.6,2.7,5.9
BUY,315,IWM,2026-04-07,250.61,99.21,,,12.43,,,,,,,2026-04-06,260.68,252.54,243.48,251.76,248.12,254.55,251.74,249.8,7.06,0.77,259,1.41,0.9,1.6,4.8
SELL,308,VTV,2026-04-07,196.47,126.59,2026-01-27,195.8,12.39,12.44,84.81,72.38,0.29,48,rotation (out of top-N),2026-04-06,200.32,196.99,187.73,196.87,195.28,199.39,196.85,195.49,6.71,0.69,287,1.34,0.8,1.7,4.9
BUY,316,VGT,2026-04-14,95.51,346.27,,,16.54,,,,,,,2026-04-13,100.58,92.12,91.54,94.67,91.07,90.31,94.72,94.08,9.88,0.68,0,1.98,2.9,4.5,6.6
BUY,317,XLK,2026-04-14,146.73,225.4,,,16.54,,,,,,,2026-04-13,154.17,140.99,139.32,145.44,139.53,138.01,145.43,143.99,10.66,0.99,0,2.13,3.2,4.5,6.3
SELL,314,EFA,2026-04-14,101.73,400.63,2026-03-31,94.08,18.85,20.38,3064.81,3044.43,8.08,9,rotation (out of top-N),2026-04-13,102.69,98.17,93.53,101.21,98.49,98.29,101.27,100.61,9.79,0.65,427,1.96,0.9,1.5,4.6
SELL,311,XLU,2026-04-14,46.11,551.78,2026-02-24,46.02,12.7,12.72,49.66,36.94,0.15,34,rotation (out of top-N),2026-04-13,45.87,45.46,43.35,46.1,46.13,45.95,46.09,45.66,5.8,0.94,763,1.16,0.9,1.7,4.8
BUY,318,QQQ,2026-04-21,647.7,31.74,,,10.28,,,,,,,2026-04-20,663.15,615.58,600.69,646.08,625.76,601.07,646.66,642.73,10.4,0.61,7,2.08,2.8,4.4,6.4
SELL,305,XLI,2026-04-21,173.1,118.7,2026-01-13,163.02,9.68,10.27,1196.47,1186.2,6.13,67,rotation (out of top-N),2026-04-20,172.05,167.99,158.13,173.47,170.52,168.21,173.43,171.74,8.8,0.98,336,1.76,1.1,1.6,4.5
BUY,319,IJH,2026-05-05,72.63,350.64,,,12.73,,,,,,,2026-05-04,73.81,70.91,67.02,72.17,72.15,69.48,72.13,71.66,10.12,0.65,294,2.02,0.9,1.5,4.6
SELL,309,XLB,2026-05-05,50.85,501.12,2026-01-27,49.46,12.39,12.74,696.56,683.82,2.76,68,rotation (out of top-N),2026-05-04,51.4,50.68,46.88,50.46,51.15,50.16,50.45,50.01,9.64,0.87,301,1.93,1.1,1.5,4.5
BUY,321,SPY,2026-05-12,735.0,31.52,,,11.58,,,,,,,2026-05-11,737.27,703.39,673.36,737.4,724.52,685.59,736.39,733.41,9.49,0.4,336,1.9,0.7,1.5,4.8
BUY,320,VUG,2026-05-12,86.34,268.29,,,11.58,,,,,,,2026-05-11,87.33,81.65,79.28,86.71,84.82,78.66,86.71,86.13,10.16,0.66,14,2.03,2.7,4.3,6.3
SELL,319,IJH,2026-05-12,73.52,350.64,2026-05-05,72.63,12.73,12.89,312.07,299.18,1.17,5,rotation (out of top-N),2026-05-11,72.04,71.11,67.28,73.61,73.13,70.23,73.61,73.25,7.07,0.49,301,1.41,0.7,1.6,5.0
SELL,313,IJR,2026-05-12,136.66,150.62,2026-03-17,123.19,9.28,10.29,2028.79,2018.5,10.88,39,rotation (out of top-N),2026-05-11,133.53,131.96,123.22,136.94,136.73,130.1,136.91,135.94,8.37,0.71,273,1.67,0.9,1.6,4.7
BUY,322,IJR,2026-05-19,133.58,173.87,,,11.61,,,,,,,2026-05-18,136.99,132.87,123.82,133.99,135.34,131.68,134.0,132.62,10.64,1.03,280,2.13,1.2,1.5,4.2
SELL,320,VUG,2026-05-19,86.57,268.29,2026-05-12,86.34,11.58,11.61,61.71,50.09,0.22,5,rotation (out of top-N),2026-05-18,87.44,82.7,79.54,86.99,86.41,80.22,86.95,85.81,9.93,1.31,21,1.99,3.0,4.2,5.8
BUY,323,VTV,2026-06-02,210.43,113.03,,,11.89,,,,,,,2026-06-01,210.98,205.87,193.89,210.38,209.43,204.78,210.32,209.44,8.82,0.42,343,1.76,0.7,1.6,4.8
SELL,321,SPY,2026-06-02,755.09,31.52,2026-05-12,735.0,11.58,11.9,633.16,621.26,2.68,14,rotation (out of top-N),2026-06-01,735.66,721.78,681.39,756.59,747.23,718.01,756.7,753.18,7.96,0.47,357,1.59,0.7,1.6,4.9
BUY,324,IJH,2026-06-09,74.54,322.39,,,12.02,,,,,,,2026-06-08,75.85,72.99,68.3,73.93,74.19,73.02,74.0,73.33,11.05,0.91,329,2.21,1.2,1.4,4.3
SELL,323,VTV,2026-06-09,212.71,113.03,2026-06-02,210.43,11.89,12.02,257.71,245.69,1.03,5,rotation (out of top-N),2026-06-08,216.02,207.71,194.82,211.52,211.09,206.38,211.49,209.78,10.88,0.81,350,2.18,1.1,1.5,4.4
BUY,325,VTV,2026-06-16,217.99,116.67,,,12.72,,,,,,,2026-06-15,215.44,209.12,195.67,217.17,213.35,207.91,217.14,215.76,10.1,0.63,357,2.02,0.9,1.5,4.6
BUY,326,XLI,2026-06-16,179.14,141.98,,,12.72,,,,,,,2026-06-15,180.47,173.52,162.93,178.24,174.5,172.78,178.24,176.16,10.76,1.17,392,2.15,1.3,1.5,4.1
SELL,307,SCHD,2026-06-16,32.41,863.3,2026-01-27,28.71,12.39,13.99,3194.23,3180.24,12.83,97,rotation (out of top-N),2026-06-15,31.61,31.67,29.08,32.37,32.23,31.72,32.36,32.18,8.7,0.57,301,1.74,0.8,1.6,4.8
SELL,303,XLE,2026-06-16,54.61,419.83,2026-01-13,46.09,9.68,11.46,3576.97,3565.5,18.43,106,rotation (out of top-N),2026-06-15,53.39,56.33,50.55,55.15,56.98,57.43,55.14,54.15,5.62,1.79,294,1.12,1.5,1.7,4.2
BUY,327,SCHD,2026-06-30,31.94,773.19,,,12.35,,,,,,,2026-06-29,32.39,31.86,29.37,31.93,31.94,31.9,31.93,31.72,10.28,0.64,315,2.06,0.9,1.5,4.5
SELL,324,IJH,2026-06-30,76.6,322.39,2026-06-09,74.54,12.02,12.35,664.12,651.77,2.71,14,rotation (out of top-N),2026-06-29,76.09,74.37,69.14,76.53,75.87,74.24,76.41,75.79,10.06,0.81,350,2.01,1.0,1.5,4.5
BUY,329,IJH,2026-07-14,75.73,1646.41,,,62.34,,,,,,,2026-07-13,75.54,74.78,69.72,75.24,75.68,74.83,75.25,74.74,8.34,0.68,364,1.67,0.9,1.6,4.7
BUY,328,XLE,2026-07-14,57.0,2187.41,,,62.34,,,,,,,2026-07-13,57.68,55.76,51.72,56.74,54.85,56.17,56.8,56.16,11.53,1.13,322,2.31,1.3,1.4,4.1
SELL,267,EEM,2026-07-14,65.53,3415.37,2025-04-29,42.34,72.3,111.9,79202.41,79090.51,54.69,302,rotation (out of top-N),2026-07-13,63.29,65.58,59.61,64.5,66.47,67.15,64.49,63.77,6.17,1.12,441,1.23,1.1,1.7,4.6
SELL,326,XLI,2026-07-14,181.67,141.98,2026-06-16,179.14,12.72,12.9,359.2,346.31,1.36,18,rotation (out of top-N),2026-07-13,179.41,177.87,165.99,180.37,181.69,176.9,180.33,178.86,8.08,0.82,420,1.62,0.9,1.6,4.6
BUY,330,XLI,2026-07-21,179.51,408.09,,,36.63,,,,,,,2026-07-20,182.66,178.74,166.8,178.12,180.25,178.0,178.14,176.16,9.51,1.11,427,1.9,1.2,1.5,4.3
BUY,331,XLRE,2026-07-21,45.28,1617.85,,,36.63,,,,,,,2026-07-20,45.95,44.65,42.13,45.23,44.88,44.33,45.24,44.85,9.06,0.87,189,1.81,1.0,1.5,4.5
SELL,329,IJH,2026-07-21,75.38,1646.41,2026-07-14,75.73,62.34,62.05,-576.24,-638.3,-0.51,5,rotation (out of top-N),2026-07-20,75.77,74.96,70.02,74.93,75.55,75.24,74.93,74.28,8.21,0.87,371,1.64,1.0,1.6,4.6
SELL,318,QQQ,2026-07-21,706.57,31.74,2026-04-21,647.7,10.28,11.21,1868.63,1857.42,9.03,62,rotation (out of top-N),2026-07-20,684.23,700.92,643.18,696.06,709.5,721.1,695.69,688.8,6.38,0.99,98,1.28,1.3,2.0,5.1
BUY,333,RSP,2026-07-28,216.16,344.99,,,37.29,,,,,,,2026-07-27,215.01,211.22,199.1,215.18,213.44,211.38,215.17,213.8,7.99,0.64,399,1.6,0.8,1.6,4.8
BUY,332,XLF,2026-07-28,57.13,1305.35,,,37.29,,,,,,,2026-07-27,56.94,54.82,52.54,56.88,56.17,54.22,56.89,56.48,8.37,0.73,35,1.67,2.3,4.0,6.1
SELL,330,XLI,2026-07-28,182.63,408.09,2026-07-21,179.51,36.63,37.26,1273.24,1235.97,1.69,5,rotation (out of top-N),2026-07-27,179.84,178.94,167.45,183.2,181.08,179.07,183.18,181.49,7.4,0.92,434,1.48,1.0,1.6,4.6
SELL,331,XLRE,2026-07-28,46.17,1617.85,2026-07-21,45.28,36.63,37.35,1439.88,1402.54,1.91,5,rotation (out of top-N),2026-07-27,45.07,44.72,42.22,45.76,45.25,44.48,45.76,45.35,6.75,0.9,196,1.35,0.9,1.7,4.7
BUY,334,XLI,2026-08-04,185.57,404.46,,,37.53,,,,,,,2026-08-03,183.11,179.7,168.19,182.21,180.45,179.87,183.11,181.02,8.87,1.14,441,1.77,1.2,1.6,4.4
SELL,333,RSP,2026-08-04,217.56,344.99,2026-07-28,216.16,37.29,37.53,481.26,443.73,0.6,5,rotation (out of top-N),2026-08-03,217.12,212.29,199.88,217.08,215.14,212.29,217.12,215.58,8.62,0.71,406,1.72,0.9,1.6,4.7
BUY,337,DIA,2026-08-05,543.23,214.53,,,58.27,,,,,,,2026-08-04,541.56,522.99,492.92,537.47,525.75,520.16,540.43,534.74,9.87,1.05,400,1.97,1.2,1.5,4.3
BUY,335,EEM,2026-08-05,65.95,1767.08,,,58.27,,,,,,,2026-08-04,66.06,65.08,60.68,65.55,64.02,65.97,66.03,64.67,8.86,2.06,463,1.77,1.8,1.6,3.7
BUY,336,EFA,2026-08-05,107.87,1080.36,,,58.27,,,,,,,2026-08-04,107.28,104.5,99.44,106.88,105.05,103.71,107.35,106.81,7.88,0.5,540,1.58,0.7,1.6,4.9
BUY,338,IJH,2026-08-05,77.63,1501.21,,,58.27,,,,,,,2026-08-04,77.55,75.64,70.9,76.58,75.76,75.64,77.61,76.98,9.38,0.82,386,1.88,1.0,1.5,4.5
SELL,327,SCHD,2026-08-05,33.95,773.19,2026-06-30,31.94,12.35,13.12,1554.11,1540.98,6.24,25,rotation (out of top-N),2026-08-04,33.55,32.73,30.24,33.51,33.38,32.51,33.85,33.55,10.96,0.9,351,2.19,1.1,1.5,4.3
SELL,273,SMH,2026-08-05,574.85,87.35,2025-06-17,261.63,11.43,25.11,27360.11,27335.01,119.61,284,rotation (out of top-N),2026-08-04,576.94,570.24,460.9,566.93,550.25,593.19,568.08,548.49,25.18,3.45,414,5,3.6,0.7,1.2
SELL,316,VGT,2026-08-05,120.45,346.27,2026-04-14,95.51,16.54,20.85,8635.98,8615.13,26.05,78,rotation (out of top-N),2026-08-04,115.1,113.75,101.18,118.4,114.02,115.53,120.11,118.4,13.76,1.42,113,2.75,1.8,1.4,3.8
SELL,325,VTV,2026-08-05,224.57,116.67,2026-06-16,217.99,12.72,13.1,768.3,755.2,2.97,34,rotation (out of top-N),2026-08-04,221.04,217.22,202.09,221.61,220.52,218.01,223.85,222.67,9.38,0.53,407,1.88,0.8,1.5,4.7
SELL,328,XLE,2026-08-05,58.81,2187.41,2026-07-14,57.0,62.34,64.32,3959.22,3894.9,3.12,16,rotation (out of top-N),2026-08-04,58.78,57.34,52.96,58.02,58.47,56.25,58.52,57.71,10.99,1.38,344,2.2,1.5,1.5,4.0
SELL,332,XLF,2026-08-05,58.17,1305.35,2026-07-28,57.13,37.29,37.97,1357.56,1319.6,1.77,6,rotation (out of top-N),2026-08-04,57.37,55.28,52.68,57.6,56.93,55.08,57.86,57.47,8.89,0.68,43,1.78,2.2,3.8,5.9
SELL,334,XLI,2026-08-05,186.5,404.46,2026-08-04,185.57,37.53,37.71,374.12,336.41,0.45,1,rotation (out of top-N),2026-08-04,183.11,179.7,168.19,183.57,181.02,180.11,186.34,184.45,8.87,1.02,442,1.77,1.1,1.6,4.4
SELL,317,XLK,2026-08-05,187.25,225.4,2026-04-14,146.73,16.54,21.1,9134.15,9113.05,27.55,78,rotation (out of top-N),2026-08-04,178.09,177.45,156.25,183.9,176.82,181.46,186.86,183.5,13.97,1.8,113,2.79,2.0,1.4,3.5
SELL,315,IWM,2026-08-06,299.63,99.21,2026-04-07,250.61,12.43,14.86,4863.52,4848.65,19.5,84,rotation (out of top-N),2026-08-05,302.04,293.35,268.83,302.69,295.53,294.53,299.77,297.07,12.36,0.9,380,2.47,1.2,1.4,4.2
SELL,335,EEM,2026-08-07,65.89,1767.08,2026-08-05,65.95,58.27,58.22,-97.19,-155.41,-0.13,2,rotation (out of top-N),2026-08-06,66.1,65.26,60.99,65.06,64.53,65.98,65.04,64.14,8.38,1.38,465,1.68,1.3,1.6,4.2
SELL,336,EFA,2026-08-07,108.74,1080.36,2026-08-05,107.87,58.27,58.74,939.92,881.18,0.76,2,rotation (out of top-N),2026-08-06,107.86,105.11,99.83,107.62,105.94,104.04,107.38,106.96,8.05,0.39,542,1.61,0.7,1.6,4.9
BUY,346,IWM,2026-08-11,301.03,183.0,,,27.54,,,,,,,2026-08-10,299.98,294.56,270.43,300.92,297.93,295.71,299.85,298.61,10.93,0.41,385,2.19,0.8,1.5,4.6
BUY,347,QQQ,2026-08-11,723.01,76.19,,,27.54,,,,,,,2026-08-10,720.8,702.84,649.67,721.75,708.73,711.27,721.07,715.96,10.95,0.71,119,2.19,1.0,1.5,4.4
BUY,339,SCHD,2026-08-11,34.12,1614.53,,,27.54,,,,,,,2026-08-10,34.18,32.99,30.44,33.91,33.62,32.68,34.18,34.04,12.28,0.41,357,2.46,0.9,1.4,4.5
BUY,340,SMH,2026-08-11,577.76,95.35,,,27.54,,,,,,,2026-08-10,569.46,570.1,466.46,581.18,566.2,591.82,569.46,561.65,22.08,1.37,420,4.42,2.0,0.9,2.9
BUY,341,VGT,2026-08-11,120.95,455.46,,,27.54,,,,,,,2026-08-10,120.24,114.93,101.81,121.16,117.8,116.11,120.24,119.13,18.1,0.92,119,3.62,1.5,1.1,3.6
BUY,342,VTI,2026-08-11,382.54,144.0,,,27.54,,,,,,,2026-08-10,381.64,369.32,346.81,381.75,376.08,369.36,381.64,380.3,10.04,0.35,420,2.01,0.7,1.5,4.8
BUY,343,VTV,2026-08-11,224.93,244.92,,,27.54,,,,,,,2026-08-10,224.98,218.63,203.13,224.49,222.63,219.23,224.98,224.23,10.76,0.33,413,2.15,0.8,1.5,4.7
BUY,345,XLE,2026-08-11,60.03,917.67,,,27.54,,,,,,,2026-08-10,60.31,57.88,53.37,58.91,58.26,56.32,60.2,59.08,13.0,1.87,350,2.6,1.9,1.4,3.5
BUY,344,XLK,2026-08-11,187.46,293.86,,,27.54,,,,,,,2026-08-10,187.06,179.2,157.34,187.4,182.51,182.07,186.32,184.44,18.89,1.01,119,3.78,1.6,1.1,3.5
SELL,337,DIA,2026-08-11,539.84,214.53,2026-08-05,543.23,58.27,57.91,-727.26,-785.17,-0.67,4,rotation (out of top-N),2026-08-10,539.11,531.77,498.72,538.91,534.34,523.81,539.11,537.24,8.1,0.35,406,1.62,0.6,1.6,5.0
SELL,338,IJH,2026-08-11,77.67,1501.21,2026-08-05,77.63,58.27,58.3,52.54,-5.75,-0.0,4,rotation (out of top-N),2026-08-10,77.56,76.47,71.9,77.75,76.79,75.97,77.56,77.28,7.88,0.36,392,1.58,0.6,1.6,5.0
BUY,350,RSP,2026-08-25,222.24,201.61,,,22.4,,,,,,,2026-08-24,221.92,216.27,202.61,221.92,221.02,216.59,221.92,221.23,9.53,0.31,427,1.91,0.7,1.5,4.8
BUY,348,XLF,2026-08-25,58.2,769.8,,,22.4,,,,,,,2026-08-24,57.95,56.42,53.14,58.2,57.73,56.7,58.2,57.89,9.06,0.54,63,1.81,1.8,2.5,5.7
BUY,349,XLV,2026-08-25,174.5,256.77,,,22.4,,,,,,,2026-08-24,174.61,164.05,154.16,174.69,171.34,164.38,174.69,173.66,13.26,0.59,84,2.65,1.7,1.9,4.9
SELL,322,IJR,2026-08-25,147.38,173.87,2026-05-19,133.58,11.61,12.81,2399.44,2386.62,10.28,67,rotation (out of top-N),2026-08-24,146.75,147.31,135.83,146.75,147.83,146.92,146.75,146.27,8.04,0.33,378,1.61,0.6,1.6,5.0
SELL,347,QQQ,2026-08-25,711.11,76.19,2026-08-11,723.01,27.54,27.09,-906.69,-933.78,-1.7,10,rotation (out of top-N),2026-08-24,706.38,707.52,655.72,706.38,715.59,710.39,706.31,701.84,7.73,0.63,133,1.55,0.8,1.6,4.8
SELL,342,VTI,2026-08-25,378.45,144.0,2026-08-11,382.54,27.54,27.25,-588.98,-616.23,-1.12,10,rotation (out of top-N),2026-08-24,378.38,372.88,349.62,377.03,379.13,373.09,377.03,375.73,8.23,0.35,434,1.65,0.6,1.6,4.9
BUY,352,QQQ,2026-09-01,707.36,68.93,,,24.38,,,,,,,2026-08-31,716.69,709.18,658.21,716.69,715.31,709.19,716.84,713.25,8.88,0.5,140,1.78,0.8,1.6,4.8
BUY,351,VTI,2026-09-01,375.7,129.79,,,24.38,,,,,,,2026-08-31,378.28,373.86,350.75,378.28,378.85,374.25,378.28,376.86,7.85,0.38,441,1.57,0.6,1.6,5.0
SELL,346,IWM,2026-09-01,291.99,183.0,2026-08-11,301.03,27.54,26.72,-1654.29,-1681.01,-3.05,15,rotation (out of top-N),2026-08-31,293.89,296.1,274.59,293.89,298.01,297.0,294.01,292.86,7.03,0.39,406,1.41,0.6,1.6,5.0
SELL,350,RSP,2026-09-01,218.82,201.61,2026-08-25,222.24,22.4,22.06,-688.5,-710.56,-1.59,5,rotation (out of top-N),2026-08-31,219.33,216.82,203.36,219.33,220.93,217.51,219.33,218.72,7.85,0.28,434,1.57,0.6,1.6,5.0
SELL,352,QQQ,2026-09-08,719.27,68.93,2026-09-01,707.36,24.38,,821.33,821.33,1.68,4,end-of-sample mark-to-market,,,,,,,,,,,,,,,,
SELL,339,SCHD,2026-09-08,34.59,1614.53,2026-08-11,34.12,27.54,,758.83,758.83,1.38,19,end-of-sample mark-to-market,,,,,,,,,,,,,,,,
SELL,340,SMH,2026-09-08,577.81,95.35,2026-08-11,577.76,27.54,,4.29,4.29,0.01,19,end-of-sample mark-to-market,,,,,,,,,,,,,,,,
SELL,341,VGT,2026-09-08,121.39,455.46,2026-08-11,120.95,27.54,,200.4,200.4,0.36,19,end-of-sample mark-to-market,,,,,,,,,,,,,,,,
SELL,351,VTI,2026-09-08,378.69,129.79,2026-09-01,375.7,24.38,,388.06,388.06,0.8,4,end-of-sample mark-to-market,,,,,,,,,,,,,,,,
SELL,343,VTV,2026-09-08,225.57,244.92,2026-08-11,224.93,27.54,,157.97,157.97,0.29,19,end-of-sample mark-to-market,,,,,,,,,,,,,,,,
SELL,345,XLE,2026-09-08,64.94,917.67,2026-08-11,60.03,27.54,,4510.34,4510.34,8.19,19,end-of-sample mark-to-market,,,,,,,,,,,,,,,,
SELL,348,XLF,2026-09-08,57.62,769.8,2026-08-25,58.2,22.4,,-446.48,-446.48,-1.0,9,end-of-sample mark-to-market,,,,,,,,,,,,,,,,
SELL,344,XLK,2026-09-08,188.16,293.86,2026-08-11,187.46,27.54,,205.7,205.7,0.37,19,end-of-sample mark-to-market,,,,,,,,,,,,,,,,
SELL,349,XLV,2026-09-08,167.72,256.77,2026-08-25,174.5,22.4,,-1739.61,-1739.61,-3.88,9,end-of-sample mark-to-market,,,,,,,,,,,,,,,,
