kind,trade_id,symbol,exec_date,exec_price,shares,buy_date,buy_price,buy_fee,sell_fee,gross_pnl,net_pnl,net_return_pct,hold_days,exit_reason,sig_sig_date,sig_sig_w_close,sig_sig_w_ema,sig_sig_w_sma,sig_sig_d_close,sig_sig_d_ema,sig_sig_d_sma,sig_sig_h_close,sig_sig_h_atr,sig_gap_w,sig_atr_dist,sig_freshness_days,sig_emasma_score,sig_mtf_score,sig_early_score,sig_near_score
BUY,8,AMR,2021-09-21,42.55,234.9,,,5.0,,,,,,,2021-09-20,45.38,38.45,20.68,43.61,46.71,36.19,,,119.49,,999,5,,-1,
BUY,1,BNTX,2021-09-21,341.69,29.25,,,5.0,,,,,,,2021-09-20,330.38,326.02,199.02,336.0,345.29,350.28,,,66.0,,999,5,,-1,
BUY,5,CAR,2021-09-21,91.86,108.81,,,5.0,,,,,,,2021-09-20,106.1,87.74,69.05,90.18,88.33,84.4,,,53.66,,999,5,,-0.7,
BUY,3,CNR,2021-09-21,22.24,449.42,,,5.0,,,,,,,2021-09-20,22.68,21.08,13.51,21.85,23.08,21.02,,,67.92,,999,5,,-1,
BUY,6,DDS,2021-09-21,157.63,63.41,,,5.0,,,,,,,2021-09-20,161.67,149.96,101.55,155.16,155.25,149.36,,,59.21,,999,5,,-1.0,
BUY,4,HRI,2021-09-21,118.26,84.52,,,5.0,,,,,,,2021-09-20,146.68,120.02,94.15,114.45,117.04,115.79,,,55.79,,999,5,,-0.8,
BUY,10,MRNA,2021-09-21,423.01,23.63,,,5.0,,,,,,,2021-09-20,430.01,387.45,226.77,423.49,426.91,400.35,,,89.62,,999,5,,-1,
BUY,2,PVLA,2021-09-21,440.8,22.67,,,5.0,,,,,,,2021-09-20,450.8,384.73,259.16,439.2,440.28,355.68,,,73.95,,105,5,,-0.8,
BUY,7,SITM,2021-09-21,220.0,45.43,,,5.0,,,,,,,2021-09-20,235.62,199.21,131.76,217.43,220.07,193.5,,,78.83,,98,5,,-0.6,
BUY,9,TEAM,2021-09-21,408.86,24.45,,,5.0,,,,,,,2021-09-20,414.1,359.48,266.92,401.18,390.45,348.75,,,55.14,,999,5,,-0.8,
BUY,13,AEHR,2021-09-28,14.34,724.15,,,5.19,,,,,,,2021-09-27,12.65,9.58,4.18,15.07,12.4,8.16,,,202.88,,999,5,,-1,
BUY,14,DVN,2021-09-28,28.67,362.2,,,5.19,,,,,,,2021-09-27,29.61,24.33,19.66,28.16,25.13,22.67,,,50.59,,999,5,,-0.5,
BUY,11,LEU,2021-09-28,39.48,263.03,,,5.19,,,,,,,2021-09-27,41.29,32.02,25.3,39.21,35.79,28.88,,,63.2,,999,5,,-1,
BUY,2,PVLA,2021-09-28,458.0,0.01,,,0.0,,,,,,,2021-09-27,418.0,390.78,264.11,462.0,444.91,377.17,,,58.27,,112,5,,-0.8,
BUY,7,SITM,2021-09-28,216.02,2.66,,,0.29,,,,,,,2021-09-27,209.44,201.07,134.34,224.03,225.85,206.1,,,55.91,,105,5,,-0.5,
BUY,12,VIST,2021-09-28,4.65,2233.19,,,5.19,,,,,,,2021-09-27,5.45,4.51,3.44,4.59,4.4,4.53,,,58.37,,999,5,,-0.9,
SELL,8,AMR,2021-09-28,45.53,6.71,2021-09-21,42.55,0.14,0.15,19.99,19.84,6.95,5,equal-weight sizing trim,2021-09-27,52.7,41.04,21.7,46.12,45.93,38.78,,,142.89,,999,5,,-1,
SELL,1,BNTX,2021-09-28,290.45,29.25,2021-09-21,341.69,5.0,4.25,-1498.86,-1503.1,-15.04,5,rotation (out of top-N),2021-09-27,251.96,312.56,202.93,304.21,334.64,354.0,,,24.16,,999,4.83,,0.8,
SELL,5,CAR,2021-09-28,115.31,18.71,2021-09-21,91.86,0.86,1.08,438.66,437.58,25.47,5,equal-weight sizing trim,2021-09-27,115.78,92.84,71.07,114.18,98.16,87.32,,,62.92,,999,5,,-1,
SELL,3,CNR,2021-09-28,23.82,13.25,2021-09-21,22.24,0.15,0.16,20.93,20.77,7.05,5,equal-weight sizing trim,2021-09-27,26.07,21.99,14.01,23.64,22.99,21.49,,,86.12,,999,5,,-1,
SELL,6,DDS,2021-09-28,155.64,63.41,2021-09-21,157.63,5.0,4.93,-126.18,-131.12,-1.31,5,rotation (out of top-N),2021-09-27,136.55,147.52,103.86,158.45,158.55,151.61,,,31.47,,999,5,,0.4,
SELL,4,HRI,2021-09-28,149.17,14.87,2021-09-21,118.26,0.88,1.11,459.58,458.47,26.07,5,equal-weight sizing trim,2021-09-27,156.86,126.72,96.55,149.29,132.32,119.06,,,62.46,,999,5,,-1,
SELL,10,MRNA,2021-09-28,398.74,23.63,2021-09-21,423.01,5.0,4.71,-573.46,-578.17,-5.78,5,rotation (out of top-N),2021-09-27,340.3,378.88,232.19,408.71,429.36,411.72,,,46.56,,999,5,,-0.3,
SELL,9,TEAM,2021-09-28,381.41,24.45,2021-09-21,408.86,5.0,4.66,-670.93,-675.59,-6.76,5,rotation (out of top-N),2021-09-27,392.44,365.47,270.69,391.78,399.4,364.6,,,44.98,,999,5,,-0.2,
BUY,13,AEHR,2021-10-05,13.0,128.47,,,0.84,,,,,,,2021-10-04,19.45,11.37,4.6,13.1,13.03,9.15,,,322.86,,999,5,,-1,
BUY,5,CAR,2021-10-05,115.23,6.09,,,0.35,,,,,,,2021-10-04,131.48,99.86,73.47,115.0,108.08,91.63,,,78.96,,999,5,,-1,
BUY,3,CNR,2021-10-05,30.62,0.0,,,0.0,,,,,,,2021-10-04,31.26,23.67,14.62,29.54,24.81,22.23,,,113.78,,999,5,,-1,
BUY,16,HCI,2021-10-05,106.34,104.19,,,5.54,,,,,,,2021-10-04,120.54,102.29,77.37,105.2,102.11,100.16,,,55.79,,999,5,,-0.8,
BUY,18,HRI,2021-10-05,158.7,69.81,,,5.54,,,,,,,2021-10-04,153.2,131.53,98.86,157.8,146.25,124.27,,,54.97,,999,5,,-0.7,
BUY,17,IDT,2021-10-05,42.63,259.9,,,5.54,,,,,,,2021-10-04,49.92,45.39,31.88,42.92,42.56,45.13,,,56.57,,999,5,,-0.8,
BUY,15,XENE,2021-10-05,32.17,344.4,,,5.54,,,,,,,2021-10-04,32.85,19.79,17.97,31.57,18.61,17.33,,,82.84,,0,5,,2.0,
SELL,8,AMR,2021-10-05,56.21,30.99,2021-09-21,42.55,0.66,0.87,423.26,422.39,32.04,10,equal-weight sizing trim,2021-10-04,57.7,44.07,22.87,56.82,49.25,41.63,,,152.31,,999,5,,-1,
SELL,3,CNR,2021-10-05,30.62,74.15,2021-09-21,22.24,0.82,1.14,621.4,620.26,37.61,10,equal-weight sizing trim,2021-10-04,31.26,23.67,14.62,29.54,24.81,22.23,,,113.78,,999,5,,-1,
SELL,14,DVN,2021-10-05,31.63,11.75,2021-09-28,28.67,0.17,0.19,34.77,34.58,10.27,5,equal-weight sizing trim,2021-10-04,32.08,25.74,20.16,31.17,27.93,23.75,,,59.13,,999,5,,-1.0,
SELL,4,HRI,2021-10-05,158.7,69.65,2021-09-21,118.26,4.12,5.53,2816.6,2811.07,34.13,10,rotation (out of top-N),2021-10-04,153.2,131.53,98.86,157.8,146.25,124.27,,,54.97,,999,5,,-0.7,
SELL,11,LEU,2021-10-05,38.82,263.03,2021-09-28,39.48,5.19,5.11,-173.6,-178.7,-1.72,5,rotation (out of top-N),2021-10-04,38.5,33.2,25.68,40.1,37.96,30.83,,,49.91,,999,5,,-0.5,
SELL,2,PVLA,2021-10-05,410.4,22.68,2021-09-21,440.81,5.0,4.65,-689.78,-694.43,-6.94,10,rotation (out of top-N),2021-10-04,379.2,388.67,268.59,412.8,427.61,392.85,,,41.18,,119,5,,-0.0,
SELL,7,SITM,2021-10-05,204.24,48.09,2021-09-21,219.78,5.29,4.91,-747.36,-752.28,-7.12,10,ratchet-ATR exit,2021-10-04,215.03,203.61,136.91,200.7,210.61,211.59,,,57.06,,112,5,,-0.7,
SELL,12,VIST,2021-10-05,5.83,331.83,2021-09-28,4.65,0.77,0.97,391.56,390.59,25.31,5,equal-weight sizing trim,2021-10-04,6.31,4.84,3.53,5.75,4.97,4.59,,,78.54,,999,5,,-1,
BUY,8,AMR,2021-10-12,55.41,25.9,,,0.72,,,,,,,2021-10-11,58.96,46.78,24.05,55.57,53.93,44.58,,,145.12,,999,5,,-1,
BUY,5,CAR,2021-10-12,135.98,0.0,,,0.0,,,,,,,2021-10-11,143.54,107.81,76.17,135.49,120.57,97.14,,,88.45,,999,5,,-1,
BUY,3,CNR,2021-10-12,31.06,36.0,,,0.56,,,,,,,2021-10-11,30.1,24.84,15.2,31.25,28.73,23.47,,,98.01,,999,5,,-1,
BUY,18,HRI,2021-10-12,160.33,7.29,,,0.58,,,,,,,2021-10-11,163.71,137.38,101.39,156.63,151.96,128.87,,,61.47,,999,5,,-1,
BUY,19,LEU,2021-10-12,42.48,290.89,,,6.18,,,,,,,2021-10-11,49.96,36.25,26.38,42.23,39.11,32.71,,,89.38,,999,5,,-1,
BUY,21,NET,2021-10-12,145.28,85.06,,,6.18,,,,,,,2021-10-11,168.01,132.4,97.41,144.48,131.14,125.82,,,72.48,,999,5,,-1,
BUY,20,PDS,2021-10-12,44.91,275.15,,,6.18,,,,,,,2021-10-11,49.37,39.11,30.83,45.93,41.98,35.07,,,60.13,,999,5,,-1,
BUY,12,VIST,2021-10-12,6.35,45.56,,,0.14,,,,,,,2021-10-11,6.41,5.12,3.63,6.33,5.78,4.77,,,76.76,,999,5,,-1,
BUY,15,XENE,2021-10-12,31.17,52.21,,,0.81,,,,,,,2021-10-11,33.6,22.3,18.42,31.62,26.99,19.09,,,82.37,,7,5,,1.9,
SELL,13,AEHR,2021-10-12,19.81,228.54,2021-09-28,14.14,1.62,2.26,1296.26,1294.0,40.05,10,equal-weight sizing trim,2021-10-11,21.09,13.14,5.07,19.84,15.78,10.48,,,315.72,,999,5,,-1,
SELL,5,CAR,2021-10-12,135.98,5.28,2021-09-21,93.34,0.25,0.36,225.01,224.65,45.61,15,equal-weight sizing trim,2021-10-11,143.54,107.81,76.17,135.49,120.57,97.14,,,88.45,,999,5,,-1,
SELL,14,DVN,2021-10-12,31.71,350.46,2021-09-28,28.67,5.02,5.56,1065.38,1059.83,10.55,10,rotation (out of top-N),2021-10-11,32.27,26.93,20.62,31.74,30.27,24.96,,,56.52,,999,5,,-0.8,
SELL,16,HCI,2021-10-12,125.45,104.19,2021-10-05,106.34,5.54,6.54,1991.04,1984.5,17.91,5,rotation (out of top-N),2021-10-11,112.73,104.19,78.99,125.3,113.24,102.0,,,42.71,,999,5,,-0.1,
SELL,17,IDT,2021-10-12,51.18,259.9,2021-10-05,42.63,5.54,6.65,2222.11,2215.46,20.0,5,rotation (out of top-N),2021-10-11,49.55,46.14,32.82,51.08,46.31,44.39,,,51.0,,999,5,,-0.5,
BUY,8,AMR,2021-10-19,61.06,0.0,,,0.0,,,,,,,2021-10-18,61.21,49.4,25.25,60.66,56.64,47.67,,,142.43,,999,5,,-1,
BUY,23,ATLC,2021-10-19,68.35,197.54,,,6.75,,,,,,,2021-10-18,70.48,56.6,40.4,67.06,59.46,55.18,,,74.47,,999,5,,-1,
BUY,3,CNR,2021-10-19,33.12,9.84,,,0.16,,,,,,,2021-10-18,27.58,25.34,15.67,32.89,30.12,24.88,,,75.99,,999,5,,-1,
BUY,18,HRI,2021-10-19,168.16,3.22,,,0.27,,,,,,,2021-10-18,172.15,143.7,104.14,170.19,160.71,135.43,,,65.31,,999,5,,-1,
BUY,21,NET,2021-10-19,179.62,0.0,,,0.0,,,,,,,2021-10-18,181.44,141.32,100.0,180.9,154.26,131.56,,,81.44,,999,5,,-1,
BUY,22,NRP,2021-10-19,21.47,628.87,,,6.75,,,,,,,2021-10-18,24.76,18.61,14.46,20.44,19.63,16.83,,,71.25,,999,5,,-1,
BUY,12,VIST,2021-10-19,6.61,96.69,,,0.32,,,,,,,2021-10-18,6.71,5.41,3.73,6.59,6.16,5.02,,,79.96,,999,5,,-1,
SELL,13,AEHR,2021-10-19,22.12,13.39,2021-09-28,14.14,0.09,0.15,106.85,106.7,56.38,15,equal-weight sizing trim,2021-10-18,20.19,14.42,5.53,21.96,19.05,12.39,,,265.37,,999,5,,-1,
SELL,8,AMR,2021-10-19,61.06,1.87,2021-09-21,44.04,0.04,0.06,31.86,31.8,38.57,20,equal-weight sizing trim,2021-10-18,61.21,49.4,25.25,60.66,56.64,47.67,,,142.43,,999,5,,-1,
SELL,5,CAR,2021-10-19,151.91,1.99,2021-09-21,93.34,0.09,0.15,116.75,116.6,62.67,20,equal-weight sizing trim,2021-10-18,159.61,117.22,79.23,150.39,135.97,104.31,,,101.44,,999,5,,-1,
SELL,19,LEU,2021-10-19,49.61,18.59,2021-10-12,42.48,0.39,0.46,132.56,132.1,16.73,5,equal-weight sizing trim,2021-10-18,48.86,38.54,26.98,49.98,46.24,36.12,,,81.12,,999,5,,-1,
SELL,21,NET,2021-10-19,179.62,9.85,2021-10-12,145.28,0.72,0.88,338.37,337.49,23.58,5,equal-weight sizing trim,2021-10-18,181.44,141.32,100.0,180.9,154.26,131.56,,,81.44,,999,5,,-1,
SELL,20,PDS,2021-10-19,47.49,275.15,2021-10-12,44.91,6.18,6.53,709.88,703.35,5.69,5,rotation (out of top-N),2021-10-18,45.1,40.2,31.38,49.01,45.89,37.02,,,43.71,,999,5,,-0.2,
SELL,15,XENE,2021-10-19,30.38,396.61,2021-10-05,32.04,6.35,6.02,-659.7,-665.73,-5.24,10,rotation (out of top-N),2021-10-18,30.87,23.86,18.79,30.68,30.28,21.0,,,64.25,,14,5,,1.8,
BUY,13,AEHR,2021-10-26,21.83,28.46,,,0.31,,,,,,,2021-10-25,22.61,15.91,6.03,21.3,20.13,14.16,,,274.85,,999,5,,-1,
BUY,24,AMBA,2021-10-26,182.6,76.38,,,6.97,,,,,,,2021-10-25,185.94,154.78,115.39,180.14,169.72,152.33,,,61.14,,56,5,,1.1,
BUY,8,AMR,2021-10-26,62.52,1.94,,,0.06,,,,,,,2021-10-25,58.95,51.14,26.41,61.21,58.39,50.08,,,123.22,,999,5,,-1,
BUY,19,LEU,2021-10-26,50.3,5.07,,,0.13,,,,,,,2021-10-25,56.32,41.77,27.84,49.93,49.23,39.44,,,102.32,,999,5,,-1,
BUY,26,SITM,2021-10-26,240.6,57.96,,,6.97,,,,,,,2021-10-25,264.63,220.8,144.96,239.83,225.3,218.42,,,82.56,,133,5,,-1,
BUY,25,XENE,2021-10-26,30.63,455.31,,,6.97,,,,,,,2021-10-25,31.14,25.19,19.17,30.69,30.45,22.69,,,62.41,,21,5,,1.7,
SELL,23,ATLC,2021-10-26,70.96,0.91,2021-10-19,68.35,0.03,0.03,2.36,2.33,3.77,5,equal-weight sizing trim,2021-10-25,77.21,60.35,41.67,70.35,65.53,57.11,,,85.28,,999,5,,-1,
SELL,5,CAR,2021-10-26,169.94,6.82,2021-09-21,93.34,0.32,0.58,522.29,521.71,81.97,25,equal-weight sizing trim,2021-10-25,164.77,125.87,82.38,167.96,150.99,113.3,,,100.02,,999,5,,-1,
SELL,3,CNR,2021-10-26,27.88,407.86,2021-09-21,23.28,4.75,5.69,1875.7,1870.01,19.69,25,rotation (out of top-N),2021-10-25,25.34,25.34,16.1,27.58,28.94,25.68,,,57.41,,999,5,,-0.9,
SELL,18,HRI,2021-10-26,164.25,80.33,2021-10-05,159.23,6.4,6.6,403.45,396.85,3.1,15,rotation (out of top-N),2021-10-25,167.58,148.04,106.68,172.15,165.95,140.88,,,57.08,,999,5,,-0.9,
SELL,21,NET,2021-10-26,190.84,2.09,2021-10-12,145.28,0.15,0.2,95.32,95.12,31.3,10,equal-weight sizing trim,2021-10-25,194.76,151.04,102.78,181.44,167.74,137.04,,,89.49,,999,5,,-1,
SELL,22,NRP,2021-10-26,26.14,628.87,2021-10-19,21.47,6.75,8.22,2936.81,2928.59,21.69,5,rotation (out of top-N),2021-10-25,23.39,19.48,14.78,24.76,21.99,17.67,,,58.25,,999,5,,-0.9,
SELL,12,VIST,2021-10-26,6.95,34.52,2021-09-28,4.78,0.08,0.12,74.7,74.58,45.2,20,equal-weight sizing trim,2021-10-25,6.39,5.59,3.82,6.71,6.5,5.24,,,67.49,,999,5,,-1,
BUY,13,AEHR,2021-11-02,22.54,10.56,,,0.12,,,,,,,2021-11-01,25.73,17.7,6.62,22.56,21.1,15.89,,,288.77,,999,5,,-1,
BUY,8,AMR,2021-11-02,57.13,33.09,,,0.95,,,,,,,2021-11-01,57.84,52.36,27.58,59.02,59.17,52.87,,,109.71,,999,5,,-1,
BUY,5,CAR,2021-11-02,166.28,5.94,,,0.49,,,,,,,2021-11-01,282.75,154.39,88.46,162.91,158.21,122.6,,,219.63,,999,5,,-1,
BUY,27,DDS,2021-11-02,183.72,79.65,,,7.32,,,,,,,2021-11-01,235.39,173.64,119.67,184.33,174.86,159.81,,,96.69,,999,5,,-1,
BUY,19,LEU,2021-11-02,61.18,0.0,,,0.0,,,,,,,2021-11-01,63.96,45.81,28.92,60.63,53.3,42.61,,,121.13,,999,5,,-1,
BUY,21,NET,2021-11-02,194.88,2.02,,,0.2,,,,,,,2021-11-01,197.54,159.49,105.81,194.15,181.06,144.88,,,86.7,,999,5,,-1,
BUY,28,TSLA,2021-11-02,386.17,37.9,,,7.32,,,,,,,2021-11-01,407.23,304.91,241.25,403.04,342.67,277.38,,,68.8,,63,5,,-0.0,
SELL,24,AMBA,2021-11-02,190.74,76.38,2021-10-26,182.6,6.97,7.28,621.7,614.41,4.41,5,rotation (out of top-N),2021-11-01,194.21,161.95,117.88,190.68,180.48,160.28,,,64.75,,63,5,,-0.0,
SELL,23,ATLC,2021-11-02,85.39,25.18,2021-10-19,68.35,0.86,1.08,429.16,428.09,24.88,10,equal-weight sizing trim,2021-11-01,85.06,64.84,43.16,82.34,72.33,58.9,,,97.06,,999,5,,-1,
SELL,19,LEU,2021-11-02,61.18,38.05,2021-10-12,42.62,0.81,1.16,706.1,704.93,43.47,15,equal-weight sizing trim,2021-11-01,63.96,45.81,28.92,60.63,53.3,42.61,,,121.13,,999,5,,-1,
SELL,26,SITM,2021-11-02,272.34,4.2,2021-10-26,240.6,0.51,0.57,133.38,132.81,13.14,5,equal-weight sizing trim,2021-11-01,286.96,232.83,149.08,269.93,245.95,223.34,,,92.49,,140,5,,-1,
SELL,12,VIST,2021-11-02,6.14,2009.09,2021-09-28,4.78,4.8,6.17,2731.09,2724.92,28.37,25,rotation (out of top-N),2021-11-01,5.86,5.64,3.9,6.33,6.49,5.48,,,50.12,,999,5,,-0.5,
SELL,25,XENE,2021-11-02,32.73,7.97,2021-10-26,30.63,0.12,0.13,16.74,16.61,6.8,5,equal-weight sizing trim,2021-11-01,35.5,27.06,19.7,33.32,31.09,24.33,,,80.24,,28,5,,1.5,
BUY,13,AEHR,2021-11-09,23.54,53.45,,,0.63,,,,,,,2021-11-08,24.74,18.98,7.17,23.66,23.37,17.71,,,244.87,,999,5,,-1,
BUY,8,AMR,2021-11-09,54.67,46.49,,,1.27,,,,,,,2021-11-08,50.68,52.05,28.54,55.71,57.69,54.14,,,77.58,,999,5,,-1,
BUY,23,ATLC,2021-11-09,79.93,35.62,,,1.42,,,,,,,2021-11-08,78.78,67.38,44.39,81.03,79.29,62.43,,,77.46,,999,5,,-1,
BUY,30,DDOG,2021-11-09,194.16,85.21,,,8.27,,,,,,,2021-11-08,193.07,161.5,115.13,191.38,171.39,152.52,,,67.7,,133,5,,-1,
BUY,31,IDT,2021-11-09,57.97,285.4,,,8.27,,,,,,,2021-11-08,65.31,51.34,36.72,58.3,52.38,46.85,,,77.86,,999,5,,-1,
BUY,29,LQDA,2021-11-09,4.06,4075.08,,,8.27,,,,,,,2021-11-08,5.0,3.59,2.9,4.29,3.99,3.22,,,72.54,,28,5,,1.5,
BUY,21,NET,2021-11-09,207.5,4.64,,,0.48,,,,,,,2021-11-08,204.77,167.72,108.79,210.0,193.53,153.65,,,88.23,,999,5,,-1,
SELL,5,CAR,2021-11-09,277.91,28.49,2021-09-21,98.26,1.4,3.96,5117.59,5113.63,182.68,35,equal-weight sizing trim,2021-11-08,253.47,172.41,93.77,278.98,238.11,147.93,,,170.32,,999,5,,-1,
SELL,27,DDS,2021-11-09,233.86,8.87,2021-11-02,183.72,0.82,1.04,444.86,443.82,27.23,5,equal-weight sizing trim,2021-11-08,256.28,188.67,124.52,232.24,206.55,168.23,,,105.82,,999,5,,-1,
SELL,19,LEU,2021-11-09,77.88,26.77,2021-10-12,42.62,0.57,1.04,943.87,942.83,82.63,20,equal-weight sizing trim,2021-11-08,85.2,52.97,30.41,76.7,63.85,47.09,,,180.21,,999,5,,-1,
SELL,26,SITM,2021-11-09,279.0,53.76,2021-10-26,240.6,6.47,7.5,2064.45,2056.95,15.9,10,rotation (out of top-N),2021-11-08,255.17,236.89,152.18,290.96,270.05,230.93,,,67.67,,147,5,,-1,
SELL,28,TSLA,2021-11-09,391.2,37.9,2021-11-02,386.17,7.32,7.41,190.61,183.2,1.25,5,rotation (out of top-N),2021-11-08,344.66,312.14,242.76,387.12,378.61,296.19,,,41.98,,70,5,,0.7,
SELL,25,XENE,2021-11-09,34.38,447.34,2021-10-26,30.63,6.85,7.69,1679.76,1672.07,12.2,10,rotation (out of top-N),2021-11-08,31.45,27.86,20.08,35.25,33.51,26.48,,,56.61,,35,5,,1.6,
BUY,13,AEHR,2021-11-16,24.33,0.0,,,0.0,,,,,,,2021-11-15,19.56,19.08,7.59,25.1,23.85,19.33,,,157.83,,999,5,,-1,
BUY,5,CAR,2021-11-16,252.1,6.8,,,0.86,,,,,,,2021-11-15,272.05,190.52,99.51,260.22,246.89,168.01,,,173.4,,999,5,,-1,
BUY,30,DDOG,2021-11-16,188.32,3.63,,,0.34,,,,,,,2021-11-15,192.75,167.18,117.12,190.93,184.24,158.84,,,64.57,,140,5,,-1,
BUY,19,LEU,2021-11-16,73.02,16.57,,,0.61,,,,,,,2021-11-15,63.96,54.97,31.41,74.82,72.53,52.14,,,103.61,,999,5,,-1,
BUY,21,NET,2021-11-16,204.92,1.87,,,0.19,,,,,,,2021-11-15,211.14,175.62,111.92,206.69,199.02,162.73,,,88.66,,999,5,,-1,
BUY,33,NVDA,2021-11-16,29.69,563.24,,,8.36,,,,,,,2021-11-15,32.93,26.26,19.04,29.97,29.06,23.84,,,72.96,,999,5,,-1,
BUY,32,SITM,2021-11-16,261.14,64.04,,,8.36,,,,,,,2021-11-15,287.58,246.11,155.77,259.05,257.09,234.08,,,84.62,,154,5,,-1,
BUY,34,SYNA,2021-11-16,258.21,64.76,,,8.36,,,,,,,2021-11-15,278.65,216.63,161.26,259.52,239.87,195.97,,,72.8,,999,5,,-1,
SELL,13,AEHR,2021-11-16,24.33,15.5,2021-09-28,15.29,0.12,0.19,140.1,139.91,59.04,35,equal-weight sizing trim,2021-11-15,19.56,19.08,7.59,25.1,23.85,19.33,,,157.83,,999,5,,-1,
SELL,8,AMR,2021-11-16,47.19,302.76,2021-09-21,47.22,7.15,7.14,-10.23,-17.37,-0.12,40,rotation (out of top-N),2021-11-15,43.77,50.55,29.27,47.62,52.74,54.17,,,49.54,,999,5,,-0.5,
SELL,23,ATLC,2021-11-16,74.05,207.08,2021-10-19,70.34,7.28,7.67,767.84,760.17,5.22,20,rotation (out of top-N),2021-11-15,67.53,67.4,45.38,75.8,79.29,66.14,,,48.81,,999,5,,-0.4,
SELL,27,DDS,2021-11-16,266.8,8.07,2021-11-02,183.72,0.74,1.08,670.67,669.59,45.15,10,equal-weight sizing trim,2021-11-15,279.84,205.25,129.95,266.28,235.53,179.83,,,115.35,,999,5,,-1,
SELL,31,IDT,2021-11-16,64.73,26.93,2021-11-09,57.97,0.78,0.87,182.05,181.18,11.61,5,equal-weight sizing trim,2021-11-15,61.75,53.23,37.77,64.94,58.76,48.96,,,63.49,,999,5,,-1,
SELL,29,LQDA,2021-11-16,4.98,4075.08,2021-11-09,4.06,8.27,10.15,3749.08,3738.93,22.6,5,rotation (out of top-N),2021-11-15,4.27,3.71,2.92,4.85,4.46,3.47,,,46.21,,35,5,,2.1,
BUY,37,AMD,2021-11-23,150.5,108.29,,,8.15,,,,,,,2021-11-22,155.0,132.23,98.52,152.48,148.82,124.21,,,57.34,,140,5,,-0.9,
BUY,5,CAR,2021-11-23,286.69,0.0,,,0.0,,,,,,,2021-11-22,273.57,205.62,105.19,286.43,263.02,189.11,,,160.08,,999,5,,-1,
BUY,35,COKE,2021-11-23,54.26,300.37,,,8.15,,,,,,,2021-11-22,57.12,45.17,36.29,54.53,49.04,40.34,,,57.41,,999,5,,-0.9,
BUY,38,DDOG,2021-11-23,170.61,95.53,,,8.15,,,,,,,2021-11-22,181.19,169.73,119.03,180.68,186.97,164.25,,,52.22,,147,5,,-0.6,
BUY,39,IDT,2021-11-23,61.19,266.35,,,8.15,,,,,,,2021-11-22,57.53,54.01,38.72,60.82,60.89,51.53,,,48.57,,999,5,,-0.4,
BUY,36,NRP,2021-11-23,24.73,659.04,,,8.15,,,,,,,2021-11-22,25.38,21.88,15.95,23.56,22.93,20.33,,,59.09,,999,5,,-1.0,
BUY,33,NVDA,2021-11-23,31.43,0.0,,,0.0,,,,,,,2021-11-22,31.5,27.22,19.45,31.85,30.55,25.01,,,61.92,,999,5,,-1,
SELL,13,AEHR,2021-11-23,17.43,687.67,2021-09-28,15.29,5.26,5.99,1474.91,1468.92,13.97,40,ratchet-ATR exit,2021-11-22,17.11,18.72,7.94,18.02,21.64,20.32,,,115.53,,999,5,,-1,
SELL,5,CAR,2021-11-23,286.69,9.49,2021-09-21,114.03,0.54,1.36,1637.8,1636.44,151.3,45,equal-weight sizing trim,2021-11-22,273.57,205.62,105.19,286.43,263.02,189.11,,,160.08,,999,5,,-1,
SELL,30,DDOG,2021-11-23,170.61,88.84,2021-11-09,193.93,8.61,7.58,-2071.43,-2079.01,-12.07,10,rotation (out of top-N),2021-11-22,181.19,169.73,119.03,180.68,186.97,164.25,,,52.22,,147,5,,-0.6,
SELL,27,DDS,2021-11-23,290.83,6.64,2021-11-02,183.72,0.61,0.97,711.43,710.46,58.22,15,equal-weight sizing trim,2021-11-22,275.43,218.01,135.32,294.65,266.51,195.24,,,103.54,,999,5,,-1,
SELL,31,IDT,2021-11-23,61.19,258.47,2021-11-09,57.97,7.49,7.91,832.28,824.37,5.5,10,rotation (out of top-N),2021-11-22,57.53,54.01,38.72,60.82,60.89,51.53,,,48.57,,999,5,,-0.4,
SELL,19,LEU,2021-11-23,63.66,229.12,2021-10-12,44.82,5.13,7.29,4316.19,4308.9,41.96,30,ratchet-ATR exit,2021-11-22,58.85,55.67,32.27,62.03,68.56,56.03,,,82.38,,999,5,,-1,
SELL,21,NET,2021-11-23,183.89,81.65,2021-10-12,151.41,6.18,7.51,2652.16,2644.65,21.39,30,ratchet-ATR exit,2021-11-22,200.61,180.16,114.88,186.49,203.1,172.18,,,74.63,,999,5,,-1,
SELL,33,NVDA,2021-11-23,31.43,44.43,2021-11-16,29.69,0.66,0.7,77.31,76.61,5.81,5,equal-weight sizing trim,2021-11-22,31.5,27.22,19.45,31.85,30.55,25.01,,,61.92,,999,5,,-1,
SELL,32,SITM,2021-11-23,277.26,5.22,2021-11-16,261.14,0.68,0.72,84.18,83.46,6.12,5,equal-weight sizing trim,2021-11-22,301.93,256.25,160.22,251.87,267.16,239.84,,,88.44,,161,5,,-1,
SELL,34,SYNA,2021-11-23,274.7,5.4,2021-11-16,258.21,0.7,0.74,89.06,88.32,6.33,5,equal-weight sizing trim,2021-11-22,272.54,226.8,164.69,274.87,260.86,206.76,,,65.48,,999,5,,-1,
BUY,43,AEHR,2021-11-30,18.24,903.83,,,8.24,,,,,,,2021-11-29,15.46,18.13,8.25,18.31,19.5,20.73,,,87.3,,999,5,,-1,
BUY,41,AMBA,2021-11-30,181.43,90.87,,,8.24,,,,,,,2021-11-29,193.82,175.86,124.72,181.85,183.57,178.18,,,55.4,,91,5,,-0.3,
BUY,42,BXC,2021-11-30,70.25,234.67,,,8.24,,,,,,,2021-11-29,78.26,65.09,51.5,70.93,72.08,59.4,,,51.96,,999,5,,-0.6,
BUY,5,CAR,2021-11-30,281.27,1.76,,,0.25,,,,,,,2021-11-29,248.17,213.36,110.07,290.66,276.77,206.64,,,125.46,,999,5,,-1,
BUY,35,COKE,2021-11-30,54.73,1.0,,,0.03,,,,,,,2021-11-29,54.72,46.9,37.04,54.94,53.02,42.26,,,47.73,,999,5,,-0.4,
BUY,40,LEU,2021-11-30,61.51,268.04,,,8.24,,,,,,,2021-11-29,48.41,54.35,32.89,60.74,64.24,58.27,,,47.19,,999,5,,-0.4,
BUY,36,NRP,2021-11-30,25.02,0.2,,,0.0,,,,,,,2021-11-29,24.09,22.28,16.24,25.34,24.3,21.31,,,48.33,,999,5,,-0.4,
BUY,33,NVDA,2021-11-30,33.15,0.0,,,0.0,,,,,,,2021-11-29,30.66,27.84,19.88,33.31,31.56,26.17,,,54.23,,999,5,,-0.7,
SELL,37,AMD,2021-11-30,163.12,108.29,2021-11-23,150.5,8.15,8.83,1366.65,1357.82,8.33,4,rotation (out of top-N),2021-11-29,144.06,134.38,100.0,161.86,153.34,129.65,,,44.06,,147,5,,-0.2,
SELL,38,DDOG,2021-11-30,183.19,95.53,2021-11-23,170.61,8.15,8.75,1201.26,1192.51,7.32,4,rotation (out of top-N),2021-11-29,164.35,168.75,120.75,183.07,183.84,168.32,,,36.11,,154,5,,0.2,
SELL,27,DDS,2021-11-30,257.94,56.07,2021-11-02,183.72,5.15,7.23,4161.34,4154.11,40.33,19,rotation (out of top-N),2021-11-29,203.69,215.4,138.87,275.63,278.07,209.21,,,46.68,,999,5,,-0.3,
SELL,39,IDT,2021-11-30,54.23,266.35,2021-11-23,61.19,8.15,7.22,-1853.8,-1861.02,-11.42,4,rotation (out of top-N),2021-11-29,46.7,52.68,39.45,56.18,59.42,53.22,,,18.39,,999,3.68,,1.1,
SELL,33,NVDA,2021-11-30,33.15,21.25,2021-11-16,29.69,0.32,0.35,73.52,73.17,11.6,9,equal-weight sizing trim,2021-11-29,30.66,27.84,19.88,33.31,31.56,26.17,,,54.23,,999,5,,-0.7,
SELL,32,SITM,2021-11-30,305.3,4.79,2021-11-16,261.14,0.62,0.73,211.32,210.59,16.85,9,equal-weight sizing trim,2021-11-29,279.5,260.48,164.77,305.31,284.39,249.36,,,69.63,,168,5,,-1,
SELL,34,SYNA,2021-11-30,282.8,1.03,2021-11-16,258.22,0.13,0.15,25.43,25.28,9.46,9,equal-weight sizing trim,2021-11-29,280.19,236.5,168.34,284.41,270.21,216.4,,,66.44,,999,5,,-1,
BUY,43,AEHR,2021-12-07,15.69,126.15,,,0.99,,,,,,,2021-12-06,15.39,17.63,8.58,14.89,17.01,20.78,,,79.36,,999,5,,-1,
BUY,44,BLDR,2021-12-07,77.04,209.61,,,8.07,,,,,,,2021-12-06,79.56,67.2,52.21,73.37,71.44,64.31,,,52.4,,999,5,,-0.6,
BUY,42,BXC,2021-12-07,82.55,0.0,,,0.0,,,,,,,2021-12-06,83.47,68.43,52.71,80.78,75.13,62.74,,,58.35,,999,5,,-0.9,
BUY,5,CAR,2021-12-07,255.81,4.51,,,0.58,,,,,,,2021-12-06,231.16,216.6,114.37,251.78,260.36,222.76,,,102.12,,999,5,,-1,
BUY,47,DDS,2021-12-07,208.19,77.56,,,8.07,,,,,,,2021-12-06,216.94,215.68,142.65,200.03,235.52,217.52,,,52.08,,999,5,,-0.6,
BUY,46,MRVL,2021-12-07,85.93,187.92,,,8.07,,,,,,,2021-12-06,87.49,73.43,57.48,84.07,75.1,69.56,,,52.22,,999,5,,-0.6,
BUY,45,MXL,2021-12-07,69.0,234.03,,,8.07,,,,,,,2021-12-06,74.92,64.6,47.51,66.03,67.82,62.03,,,57.7,,999,5,,-0.9,
BUY,32,SITM,2021-12-07,294.6,0.81,,,0.12,,,,,,,2021-12-06,286.73,265.25,169.54,283.34,287.41,259.51,,,69.12,,175,5,,-1,
BUY,34,SYNA,2021-12-07,283.27,0.0,,,0.0,,,,,,,2021-12-06,281.92,244.76,172.09,281.97,278.5,229.6,,,63.82,,999,5,,-1,
SELL,41,AMBA,2021-12-07,204.87,12.01,2021-11-30,181.43,1.09,1.23,281.53,280.3,12.87,5,equal-weight sizing trim,2021-12-06,208.19,181.74,127.09,194.94,191.02,183.47,,,63.81,,98,5,,-0.6,
SELL,42,BXC,2021-12-07,82.55,38.95,2021-11-30,70.25,1.37,1.61,478.87,477.26,17.44,5,equal-weight sizing trim,2021-12-06,83.47,68.43,52.71,80.78,75.13,62.74,,,58.35,,999,5,,-0.9,
SELL,35,COKE,2021-12-07,54.21,301.37,2021-11-23,54.26,8.18,8.17,-15.54,-23.71,-0.14,9,rotation (out of top-N),2021-12-06,51.05,47.66,37.67,55.0,54.19,44.51,,,35.51,,999,5,,0.2,
SELL,40,LEU,2021-12-07,54.51,268.04,2021-11-30,61.51,8.24,7.31,-1874.94,-1882.25,-11.42,5,ratchet-ATR exit,2021-12-06,57.49,54.92,33.73,50.53,56.33,59.94,,,70.43,,999,5,,-1,
SELL,36,NRP,2021-12-07,23.71,659.24,2021-11-23,24.73,8.15,7.82,-672.48,-680.29,-4.17,9,rotation (out of top-N),2021-12-06,23.62,22.53,16.51,23.64,24.2,22.17,,,43.05,,999,5,,-0.2,
SELL,33,NVDA,2021-12-07,30.91,497.56,2021-11-16,29.69,7.39,7.69,607.02,599.33,4.06,14,rotation (out of top-N),2021-12-06,30.13,28.26,20.32,29.95,31.26,27.52,,,48.26,,999,5,,-0.4,
SELL,34,SYNA,2021-12-07,283.27,1.29,2021-11-16,258.22,0.17,0.18,32.34,32.15,9.65,14,equal-weight sizing trim,2021-12-06,281.92,244.76,172.09,281.97,278.5,229.6,,,63.82,,999,5,,-1,
BUY,49,AMR,2021-12-14,46.79,327.41,,,7.66,,,,,,,2021-12-13,48.88,48.26,32.43,46.9,46.68,51.55,,,50.72,,999,5,,-0.5,
BUY,51,ANET,2021-12-14,32.78,467.34,,,7.66,,,,,,,2021-12-13,33.76,30.24,23.84,33.05,31.86,30.08,,,41.61,,999,5,,-0.1,
BUY,50,CCB,2021-12-14,40.98,373.82,,,7.66,,,,,,,2021-12-13,48.2,42.25,32.71,43.9,44.77,40.59,,,47.37,,999,5,,-0.4,
BUY,48,PI,2021-12-14,79.89,191.75,,,7.66,,,,,,,2021-12-13,84.26,74.12,57.41,82.41,80.31,73.08,,,46.77,,56,5,,1.7,
BUY,52,RDVT,2021-12-14,38.7,395.85,,,7.66,,,,,,,2021-12-13,37.42,35.24,26.43,38.66,37.98,34.81,,,41.57,,140,5,,-0.1,
BUY,32,SITM,2021-12-14,261.23,3.83,,,0.5,,,,,,,2021-12-13,261.35,264.54,173.58,267.75,293.68,270.43,,,50.57,,182,5,,-0.5,
SELL,43,AEHR,2021-12-14,14.53,1029.98,2021-11-30,17.93,9.23,7.48,-3498.91,-3506.39,-18.99,10,ratchet-ATR exit,2021-12-13,15.59,17.26,8.91,15.01,16.06,20.2,,,75.03,,999,5,,-1,
SELL,41,AMBA,2021-12-14,193.81,78.86,2021-11-30,181.43,7.15,7.64,977.08,969.44,6.78,10,rotation (out of top-N),2021-12-13,180.58,181.53,128.77,197.11,201.38,189.86,,,40.24,,105,5,,0.2,
SELL,44,BLDR,2021-12-14,76.21,8.49,2021-12-07,77.04,0.33,0.32,-7.05,-7.37,-1.13,5,equal-weight sizing trim,2021-12-13,76.93,68.97,52.96,77.56,75.4,67.02,,,45.25,,999,5,,-0.3,
SELL,42,BXC,2021-12-14,79.92,3.94,2021-11-30,70.25,0.14,0.16,38.04,37.88,13.7,10,equal-weight sizing trim,2021-12-13,80.26,70.58,53.74,80.79,79.42,66.57,,,49.34,,999,5,,-0.5,
SELL,5,CAR,2021-12-14,219.57,63.15,2021-09-21,128.83,4.07,6.93,5730.59,5723.65,70.35,59,ratchet-ATR exit,2021-12-13,205.36,214.55,117.86,223.01,241.92,234.19,,,74.23,,999,5,,-1,
SELL,47,DDS,2021-12-14,195.59,77.56,2021-12-07,208.19,8.07,7.59,-977.31,-984.9,-6.1,5,rotation (out of top-N),2021-12-13,198.46,212.55,145.83,199.41,219.31,224.32,,,36.09,,999,5,,0.2,
SELL,46,MRVL,2021-12-14,83.28,187.92,2021-12-07,85.93,8.07,7.83,-497.99,-505.82,-3.13,5,rotation (out of top-N),2021-12-13,82.55,75.09,58.39,85.0,83.03,72.68,,,41.38,,999,5,,-0.1,
SELL,45,MXL,2021-12-14,71.48,19.61,2021-12-07,69.0,0.68,0.7,48.63,47.93,3.54,5,equal-weight sizing trim,2021-12-13,69.79,65.54,48.35,72.32,71.22,65.24,,,44.33,,999,5,,-0.2,
SELL,34,SYNA,2021-12-14,274.71,1.24,2021-11-16,258.22,0.16,0.17,20.48,20.31,6.33,19,equal-weight sizing trim,2021-12-13,261.75,247.85,175.21,275.56,281.12,243.46,,,49.39,,999,5,,-0.5,
BUY,56,AEHR,2021-12-21,16.0,986.45,,,7.89,,,,,,,2021-12-20,20.4,17.83,9.35,15.4,15.73,19.54,,,118.13,,999,5,,-1,
BUY,57,AMBA,2021-12-21,191.19,82.55,,,7.89,,,,,,,2021-12-20,200.35,184.95,131.12,184.59,192.87,192.06,,,52.8,,112,5,,-0.5,
BUY,54,CAR,2021-12-21,207.75,75.97,,,7.89,,,,,,,2021-12-20,212.55,214.19,121.58,201.99,219.92,240.95,,,74.83,,999,5,,-1,
BUY,55,IRTC,2021-12-21,108.64,145.28,,,7.89,,,,,,,2021-12-20,118.94,96.16,76.67,108.92,100.28,96.79,,,55.13,,28,5,,1.8,
BUY,53,LEU,2021-12-21,52.58,300.18,,,7.89,,,,,,,2021-12-20,54.01,53.77,34.99,46.93,50.51,60.32,,,54.37,,999,5,,-0.7,
SELL,49,AMR,2021-12-21,50.19,12.78,2021-12-14,46.79,0.3,0.32,43.45,43.13,7.21,5,equal-weight sizing trim,2021-12-20,53.47,49.2,33.47,48.91,47.55,50.09,,,59.76,,999,5,,-1.0,
SELL,51,ANET,2021-12-21,33.92,467.34,2021-12-14,32.78,7.66,7.93,532.76,524.84,3.43,5,rotation (out of top-N),2021-12-20,35.46,31.19,24.28,33.57,32.9,31.22,,,46.04,,999,5,,-0.3,
SELL,44,BLDR,2021-12-21,76.77,201.11,2021-12-07,77.04,7.75,7.72,-54.3,-62.02,-0.4,10,rotation (out of top-N),2021-12-20,82.12,71.36,53.87,75.13,76.18,69.39,,,52.44,,999,5,,-0.6,
SELL,42,BXC,2021-12-21,82.46,0.29,2021-11-30,70.25,0.01,0.01,3.55,3.53,17.32,15,equal-weight sizing trim,2021-12-20,87.14,73.59,54.93,78.79,79.89,70.3,,,58.65,,999,5,,-0.9,
SELL,50,CCB,2021-12-21,48.86,50.63,2021-12-14,40.98,1.04,1.24,398.98,397.75,19.17,5,equal-weight sizing trim,2021-12-20,52.25,44.07,33.28,48.07,45.17,42.01,,,57.01,,999,5,,-0.9,
SELL,45,MXL,2021-12-21,70.51,214.42,2021-12-07,69.0,7.4,7.56,323.78,316.22,2.14,10,rotation (out of top-N),2021-12-20,74.09,67.1,49.29,69.81,70.84,67.77,,,50.31,,999,5,,-0.5,
SELL,48,PI,2021-12-21,83.23,2.03,2021-12-14,79.89,0.08,0.08,6.77,6.68,4.13,5,equal-weight sizing trim,2021-12-20,90.4,77.08,58.19,81.5,82.07,76.68,,,55.35,,63,5,,0.2,
SELL,52,RDVT,2021-12-21,36.36,395.85,2021-12-14,38.7,7.66,7.2,-926.28,-933.48,-6.09,5,rotation (out of top-N),2021-12-20,38.77,35.88,26.93,36.05,37.1,35.61,,,43.96,,147,5,,-0.2,
SELL,32,SITM,2021-12-21,270.64,0.32,2021-11-16,261.62,0.04,0.04,2.93,2.88,3.4,24,equal-weight sizing trim,2021-12-20,283.85,268.05,178.11,262.38,274.65,275.35,,,59.37,,189,5,,-1.0,
SELL,34,SYNA,2021-12-21,264.49,55.79,2021-11-16,258.22,7.2,7.38,350.1,342.72,2.38,24,ratchet-ATR exit,2021-12-20,278.35,253.4,178.68,262.37,271.89,254.86,,,55.78,,999,5,,-0.8,
BUY,60,ACLS,2021-12-28,73.07,238.75,,,8.72,,,,,,,2021-12-27,74.71,63.61,48.49,72.87,66.68,63.11,,,54.08,,999,5,,-0.7,
BUY,49,AMR,2021-12-28,55.45,0.15,,,0.0,,,,,,,2021-12-27,57.99,50.8,34.61,56.21,51.5,49.48,,,67.55,,999,5,,-1,
BUY,58,BLDR,2021-12-28,84.17,207.26,,,8.72,,,,,,,2021-12-27,85.77,73.98,54.85,84.26,79.37,71.72,,,56.38,,999,5,,-0.8,
BUY,42,BXC,2021-12-28,91.04,0.22,,,0.01,,,,,,,2021-12-27,96.18,77.7,56.35,90.14,83.54,74.05,,,70.67,,999,5,,-1,
BUY,54,CAR,2021-12-28,212.62,6.12,,,0.65,,,,,,,2021-12-27,197.16,211.09,124.86,212.08,215.14,245.81,,,57.9,,999,5,,-0.9,
BUY,55,IRTC,2021-12-28,120.04,0.13,,,0.01,,,,,,,2021-12-27,117.76,100.09,76.21,119.25,110.37,101.62,,,54.52,,35,5,,1.7,
BUY,59,LQDA,2021-12-28,4.55,3834.24,,,8.72,,,,,,,2021-12-27,4.89,4.23,3.14,4.57,4.36,4.27,,,55.5,,77,5,,-0.1,
BUY,32,SITM,2021-12-28,294.16,0.99,,,0.15,,,,,,,2021-12-27,292.41,272.48,182.93,297.42,280.54,279.21,,,59.85,,196,5,,-1.0,
BUY,61,SYNA,2021-12-28,294.31,59.28,,,8.72,,,,,,,2021-12-27,289.2,259.91,182.48,292.68,276.87,264.51,,,58.49,,999,5,,-0.9,
SELL,56,AEHR,2021-12-28,21.93,190.53,2021-12-21,16.0,1.52,2.09,1129.85,1127.76,36.99,4,equal-weight sizing trim,2021-12-27,24.18,18.99,9.9,23.06,18.4,19.49,,,144.32,,999,5,,-1,
SELL,57,AMBA,2021-12-28,211.04,82.55,2021-12-21,191.19,7.89,8.71,1639.54,1630.82,10.33,4,rotation (out of top-N),2021-12-27,202.6,188.16,133.73,209.36,197.81,193.81,,,51.5,,119,5,,-0.6,
SELL,50,CCB,2021-12-28,51.55,323.19,2021-12-14,40.98,6.62,8.33,3416.13,3407.8,25.73,9,rotation (out of top-N),2021-12-27,50.97,45.32,33.89,51.88,48.82,43.76,,,50.41,,999,5,,-0.5,
SELL,53,LEU,2021-12-28,51.31,300.18,2021-12-21,52.58,7.89,7.7,-381.22,-388.92,-2.46,4,rotation (out of top-N),2021-12-27,49.5,52.99,35.62,53.74,52.41,60.54,,,38.95,,999,5,,0.1,
SELL,48,PI,2021-12-28,93.75,189.73,2021-12-14,79.89,7.58,8.89,2629.64,2620.74,17.29,9,rotation (out of top-N),2021-12-27,88.61,79.18,59.02,92.53,86.55,79.64,,,50.15,,70,5,,0.3,
BUY,66,CCB,2022-01-04,49.98,361.13,,,9.03,,,,,,,2022-01-03,53.45,46.8,34.56,49.85,49.75,45.56,,,54.66,,999,5,,-0.7,
BUY,68,COKE,2022-01-04,59.3,304.4,,,9.03,,,,,,,2022-01-03,57.79,52.72,40.51,59.23,56.99,51.76,,,42.66,,999,5,,-0.1,
BUY,65,CUBI,2022-01-04,68.36,264.08,,,9.03,,,,,,,2022-01-03,74.62,60.73,44.61,67.01,63.92,59.6,,,67.27,,999,5,,-1,
BUY,67,DVN,2022-01-04,37.9,476.28,,,9.03,,,,,,,2022-01-03,40.08,34.69,26.04,37.36,35.66,34.55,,,53.9,,999,5,,-0.7,
BUY,64,F,2022-01-04,16.79,1075.1,,,9.03,,,,,,,2022-01-03,18.22,15.08,11.52,16.24,15.41,14.9,,,58.21,,999,5,,-0.9,
BUY,62,LEU,2022-01-04,52.83,341.68,,,9.03,,,,,,,2022-01-03,51.97,52.81,36.33,52.62,50.83,58.67,,,43.05,,999,5,,-0.2,
BUY,63,NRP,2022-01-04,25.13,718.3,,,9.03,,,,,,,2022-01-03,26.04,23.79,17.72,25.44,24.57,23.9,,,46.93,,999,5,,-0.3,
SELL,60,ACLS,2022-01-04,76.85,238.75,2021-12-28,73.07,8.72,9.17,902.49,893.32,5.12,5,rotation (out of top-N),2022-01-03,68.61,64.52,49.01,76.62,71.5,65.2,,,39.98,,999,5,,0.0,
SELL,56,AEHR,2022-01-04,23.4,24.13,2021-12-21,16.0,0.19,0.28,178.53,178.24,46.18,9,equal-weight sizing trim,2022-01-03,16.11,18.46,10.24,23.48,21.59,19.42,,,57.34,,999,5,,-0.9,
SELL,49,AMR,2022-01-04,60.64,16.96,2021-12-14,46.79,0.4,0.51,234.77,234.26,29.52,14,equal-weight sizing trim,2022-01-03,59.67,52.41,35.8,59.72,55.5,49.44,,,66.69,,999,5,,-1,
SELL,58,BLDR,2022-01-04,84.19,207.26,2021-12-28,84.17,8.72,8.72,3.11,-5.62,-0.03,5,rotation (out of top-N),2022-01-03,78.63,74.82,55.63,83.47,82.62,74.77,,,41.34,,999,5,,-0.1,
SELL,42,BXC,2022-01-04,91.56,191.72,2021-11-30,70.27,6.74,8.78,4080.99,4072.21,30.22,24,rotation (out of top-N),2022-01-03,81.07,78.31,57.37,91.03,89.47,78.89,,,41.31,,999,5,,-0.1,
SELL,54,CAR,2022-01-04,195.53,82.09,2021-12-21,208.11,8.54,8.03,-1032.93,-1040.95,-6.09,9,ratchet-ATR exit,2022-01-03,187.23,206.75,127.78,191.92,202.64,240.09,,,46.52,,999,5,,-0.3,
SELL,55,IRTC,2022-01-04,120.36,145.41,2021-12-21,108.65,7.9,8.75,1702.72,1693.97,10.72,9,rotation (out of top-N),2022-01-03,101.91,100.42,75.32,120.55,115.05,104.82,,,35.29,,42,5,,2.5,
SELL,59,LQDA,2022-01-04,5.68,654.66,2021-12-28,4.55,1.49,1.86,739.77,737.91,24.77,5,equal-weight sizing trim,2022-01-03,6.26,4.6,3.23,5.12,4.7,4.38,,,93.69,,84,5,,-0.4,
SELL,32,SITM,2022-01-04,291.48,59.34,2021-11-16,262.16,7.78,8.65,1739.84,1731.2,11.13,33,rotation (out of top-N),2022-01-03,242.79,267.08,186.38,293.92,287.29,281.39,,,30.27,,203,5,,0.5,
SELL,61,SYNA,2022-01-04,285.73,59.28,2021-12-28,294.32,8.72,8.47,-508.88,-517.35,-2.97,5,rotation (out of top-N),2022-01-03,251.74,258.42,185.33,288.07,284.49,274.24,,,35.83,,999,5,,0.2,
BUY,49,AMR,2022-01-11,61.17,0.0,,,0.0,,,,,,,2022-01-10,67.01,55.07,37.14,60.28,58.35,50.28,,,80.44,,999,5,,-1,
BUY,69,APA,2022-01-11,25.78,702.55,,,9.06,,,,,,,2022-01-10,28.89,24.12,19.67,25.53,24.71,23.41,,,46.88,,999,5,,-0.3,
BUY,70,IRTC,2022-01-11,130.76,138.51,,,9.06,,,,,,,2022-01-10,141.09,107.82,75.53,129.9,113.8,105.84,,,86.8,,49,5,,1.2,
BUY,59,LQDA,2022-01-11,7.06,0.0,,,0.0,,,,,,,2022-01-10,6.25,4.9,3.32,6.84,5.72,4.61,,,88.05,,91,5,,-0.5,
BUY,71,PI,2022-01-11,82.32,220.02,,,9.06,,,,,,,2022-01-10,90.32,81.43,60.43,78.13,83.87,82.14,,,49.47,,84,5,,0.1,
SELL,56,AEHR,2022-01-11,14.72,771.79,2021-12-21,16.0,6.17,5.68,-987.9,-993.58,-8.05,14,rotation (out of top-N),2022-01-10,13.41,17.54,10.51,14.84,19.35,18.79,,,27.59,,999,5,,0.6,
SELL,49,AMR,2022-01-11,61.17,1.59,2021-12-14,46.79,0.04,0.05,22.83,22.78,30.66,19,equal-weight sizing trim,2022-01-10,67.01,55.07,37.14,60.28,58.35,50.28,,,80.44,,999,5,,-1,
SELL,66,CCB,2022-01-11,52.83,18.13,2022-01-04,49.98,0.45,0.48,51.57,51.09,5.64,5,equal-weight sizing trim,2022-01-10,52.02,47.75,35.2,52.24,51.34,47.12,,,47.75,,999,5,,-0.4,
SELL,68,COKE,2022-01-11,54.78,304.4,2022-01-04,59.3,9.03,8.34,-1375.89,-1384.23,-7.67,5,rotation (out of top-N),2022-01-10,59.59,53.97,41.28,55.98,57.48,54.12,,,44.36,,999,5,,-0.2,
SELL,65,CUBI,2022-01-11,72.46,14.0,2022-01-04,68.36,0.48,0.51,57.46,56.95,5.95,5,equal-weight sizing trim,2022-01-10,74.69,63.27,45.67,71.5,69.05,61.15,,,63.54,,999,5,,-1,
SELL,67,DVN,2022-01-11,40.43,28.08,2022-01-04,37.9,0.53,0.57,71.04,70.47,6.62,5,equal-weight sizing trim,2022-01-10,41.32,35.9,26.64,39.79,38.08,35.11,,,55.08,,999,5,,-0.8,
SELL,64,F,2022-01-11,17.69,50.75,2022-01-04,16.79,0.43,0.45,45.68,45.23,5.31,5,equal-weight sizing trim,2022-01-10,18.78,15.75,11.75,17.78,17.05,15.32,,,59.78,,999,5,,-1.0,
SELL,62,LEU,2022-01-11,48.33,341.68,2022-01-04,52.83,9.03,8.26,-1537.56,-1545.82,-8.56,5,rotation (out of top-N),2022-01-10,45.95,51.56,36.88,48.67,50.48,55.85,,,24.59,,999,4.92,,0.8,
SELL,59,LQDA,2022-01-11,7.06,612.9,2021-12-28,4.55,1.39,2.16,1538.39,1536.22,55.09,10,equal-weight sizing trim,2022-01-10,6.25,4.9,3.32,6.84,5.72,4.61,,,88.05,,91,5,,-0.5,
SELL,63,NRP,2022-01-11,27.1,49.64,2022-01-04,25.13,0.62,0.67,97.8,97.12,7.79,5,equal-weight sizing trim,2022-01-10,28.93,24.73,18.16,26.53,25.38,24.17,,,59.33,,999,5,,-1.0,
BUY,76,CLS,2022-01-25,10.77,1527.28,,,8.22,,,,,,,2022-01-24,12.47,11.13,9.43,10.44,10.93,10.85,,,32.17,,168,5,,0.4,
BUY,73,COP,2022-01-25,70.71,232.62,,,8.22,,,,,,,2022-01-24,75.92,67.04,55.18,68.77,70.59,64.11,,,37.58,,999,5,,0.1,
BUY,72,EOG,2022-01-25,83.98,195.87,,,8.22,,,,,,,2022-01-24,90.41,78.95,66.8,84.28,83.55,75.08,,,35.35,,999,5,,0.2,
BUY,74,FANG,2022-01-25,96.66,170.17,,,8.22,,,,,,,2022-01-24,105.26,94.8,77.25,97.65,99.32,92.19,,,36.26,,999,5,,0.2,
BUY,75,HAL,2022-01-25,25.98,633.13,,,8.22,,,,,,,2022-01-24,28.76,23.94,20.91,26.2,25.3,22.21,,,37.57,,112,5,,0.3,
BUY,70,IRTC,2022-01-25,122.53,0.0,,,0.0,,,,,,,2022-01-24,118.88,112.87,77.45,125.51,128.74,113.08,,,53.5,,63,5,,0.3,
BUY,77,VIST,2022-01-25,5.24,3139.09,,,8.22,,,,,,,2022-01-24,6.2,5.71,4.75,5.23,5.77,5.47,,,30.42,,999,5,,0.5,
SELL,49,AMR,2022-01-25,56.29,3.87,2021-12-14,46.79,0.09,0.11,36.78,36.68,20.23,28,equal-weight sizing trim,2022-01-24,60.99,56.34,39.42,56.0,60.78,53.99,,,54.73,,999,5,,-0.7,
SELL,69,APA,2022-01-25,26.28,76.33,2022-01-11,25.78,0.98,1.0,38.16,37.16,1.89,9,equal-weight sizing trim,2022-01-24,28.89,25.3,20.27,26.62,26.96,24.15,,,42.52,,999,5,,-0.1,
SELL,66,CCB,2022-01-25,48.3,343.0,2022-01-04,49.98,8.57,8.28,-577.96,-586.24,-3.42,14,rotation (out of top-N),2022-01-24,47.16,47.77,36.22,50.15,50.65,48.64,,,30.22,,999,5,,0.5,
SELL,65,CUBI,2022-01-25,58.82,250.08,2022-01-04,68.36,8.55,7.35,-2384.5,-2391.86,-13.99,14,rotation (out of top-N),2022-01-24,57.78,62.12,47.07,59.58,66.69,63.5,,,22.77,,999,4.55,,0.9,
SELL,67,DVN,2022-01-25,39.37,30.19,2022-01-04,37.9,0.57,0.59,44.38,43.79,3.83,14,equal-weight sizing trim,2022-01-24,42.27,37.34,27.8,36.85,39.09,36.36,,,52.05,,999,5,,-0.6,
SELL,64,F,2022-01-25,14.89,1024.35,2022-01-04,16.79,8.6,7.63,-1946.26,-1953.89,-11.36,14,rotation (out of top-N),2022-01-24,14.65,15.5,12.05,15.21,16.72,15.88,,,21.56,,999,4.31,,0.9,
SELL,70,IRTC,2022-01-25,122.53,4.19,2022-01-11,130.76,0.27,0.26,-34.52,-34.78,-6.35,9,equal-weight sizing trim,2022-01-24,118.88,112.87,77.45,125.51,128.74,113.08,,,53.5,,63,5,,0.3,
SELL,59,LQDA,2022-01-25,5.34,2566.67,2021-12-28,4.55,5.84,6.85,2027.67,2020.82,17.3,19,ratchet-ATR exit,2022-01-24,5.52,5.1,3.46,5.33,5.73,4.92,,,59.61,,105,5,,-0.7,
SELL,63,NRP,2022-01-25,26.57,668.66,2022-01-04,25.13,8.4,8.88,962.87,953.99,5.68,14,ratchet-ATR exit,2022-01-24,27.44,25.43,18.87,25.01,26.95,25.25,,,45.39,,999,5,,-0.3,
SELL,71,PI,2022-01-25,76.54,220.02,2022-01-11,82.32,9.06,8.42,-1271.69,-1280.11,-7.07,9,rotation (out of top-N),2022-01-24,75.18,80.11,61.51,78.65,83.6,83.45,,,22.22,,98,4.44,,1.3,
BUY,69,APA,2022-02-01,28.66,4.01,,,0.06,,,,,,,2022-01-31,30.03,26.16,20.59,28.92,28.16,24.93,,,45.85,,999,5,,-0.3,
BUY,79,CHRD,2022-02-01,87.97,205.22,,,9.03,,,,,,,2022-01-31,94.61,85.08,68.41,88.87,87.74,84.02,,,38.29,,999,5,,0.1,
BUY,73,COP,2022-02-01,74.69,9.2,,,0.34,,,,,,,2022-01-31,78.11,69.05,56.08,75.36,73.57,65.99,,,39.3,,999,5,,0.0,
BUY,67,DVN,2022-02-01,41.18,20.6,,,0.42,,,,,,,2022-01-31,43.34,38.43,28.43,41.47,40.97,37.38,,,52.46,,999,5,,-0.6,
BUY,72,EOG,2022-02-01,91.0,2.62,,,0.12,,,,,,,2022-01-31,93.66,81.62,67.7,91.86,87.79,77.63,,,38.34,,999,5,,0.1,
BUY,75,HAL,2022-02-01,28.04,11.03,,,0.15,,,,,,,2022-01-31,29.28,24.91,21.19,28.18,27.22,23.26,,,38.17,,119,5,,0.1,
BUY,70,IRTC,2022-02-01,126.08,8.94,,,0.56,,,,,,,2022-01-31,124.37,114.96,78.61,124.74,123.26,115.12,,,58.21,,70,5,,-0.1,
BUY,78,LQDA,2022-02-01,5.66,3189.65,,,9.03,,,,,,,2022-01-31,6.24,5.31,3.54,5.64,5.59,5.1,,,75.96,,112,5,,-0.9,
BUY,80,NRP,2022-02-01,28.41,635.46,,,9.03,,,,,,,2022-01-31,28.67,26.02,19.28,28.52,27.25,25.49,,,48.74,,999,5,,-0.4,
SELL,49,AMR,2022-02-01,63.3,7.02,2021-12-14,46.79,0.16,0.22,115.79,115.57,35.21,33,equal-weight sizing trim,2022-01-31,72.68,59.31,40.95,59.82,60.1,55.94,,,77.5,,999,5,,-1,
SELL,76,CLS,2022-02-01,12.52,1527.28,2022-01-25,10.77,8.22,9.56,2665.1,2655.55,16.14,5,rotation (out of top-N),2022-01-31,12.17,11.32,9.53,12.44,11.52,11.01,,,27.69,,175,5,,0.6,
SELL,74,FANG,2022-02-01,102.11,170.17,2022-01-25,96.66,8.22,8.69,927.44,918.75,5.59,5,rotation (out of top-N),2022-01-31,107.93,97.19,78.3,103.15,102.46,94.33,,,37.84,,999,5,,0.1,
SELL,77,VIST,2022-02-01,6.55,3139.09,2022-01-25,5.24,8.22,10.28,4112.2,4101.92,24.94,5,rotation (out of top-N),2022-01-31,6.43,5.84,4.85,6.25,5.94,5.58,,,32.61,,999,5,,0.4,
BUY,69,APA,2022-02-08,29.4,18.19,,,0.27,,,,,,,2022-02-07,29.72,26.81,20.87,29.69,29.33,25.85,,,42.44,,999,5,,-0.1,
BUY,67,DVN,2022-02-08,42.81,6.7,,,0.14,,,,,,,2022-02-07,44.37,39.51,29.02,43.11,42.45,38.43,,,52.88,,999,5,,-0.6,
BUY,70,IRTC,2022-02-08,124.86,9.43,,,0.59,,,,,,,2022-02-07,123.12,116.45,79.69,124.65,123.97,118.4,,,54.5,,77,5,,-0.0,
BUY,80,NRP,2022-02-08,28.68,29.24,,,0.42,,,,,,,2022-02-07,29.17,26.59,19.68,28.67,28.06,25.89,,,48.19,,999,5,,-0.4,
BUY,81,OXY,2022-02-08,38.32,497.24,,,9.53,,,,,,,2022-02-07,40.36,33.64,28.15,38.51,36.41,31.16,,,43.36,,999,5,,-0.2,
BUY,83,PBF,2022-02-08,17.25,1104.6,,,9.53,,,,,,,2022-02-07,17.35,14.5,12.19,17.3,15.69,13.45,,,42.33,,35,5,,2.3,
BUY,82,PDS,2022-02-08,44.32,429.93,,,9.53,,,,,,,2022-02-07,53.14,42.89,37.59,45.53,44.29,38.92,,,41.36,,999,5,,-0.1,
SELL,49,AMR,2022-02-08,74.78,30.41,2021-12-14,46.79,0.71,1.14,851.14,850.0,59.73,38,equal-weight sizing trim,2022-02-07,79.92,63.06,42.63,73.07,67.24,58.98,,,87.48,,999,5,,-1,
SELL,79,CHRD,2022-02-08,91.99,205.22,2022-02-01,87.97,9.03,9.44,824.99,815.55,4.52,5,rotation (out of top-N),2022-02-07,90.05,85.99,69.48,93.92,91.68,85.74,,,29.61,,999,5,,0.5,
SELL,73,COP,2022-02-08,78.3,241.83,2022-01-25,70.86,8.57,9.47,1798.84,1789.37,10.44,10,rotation (out of top-N),2022-02-07,79.98,71.04,56.89,79.06,76.52,68.01,,,40.59,,999,5,,-0.0,
SELL,72,EOG,2022-02-08,93.43,198.49,2022-01-25,84.07,8.34,9.27,1857.3,1848.03,11.07,10,rotation (out of top-N),2022-02-07,96.23,84.28,68.48,94.42,91.35,80.43,,,40.52,,999,5,,-0.0,
SELL,75,HAL,2022-02-08,29.67,1.63,2022-01-25,26.02,0.02,0.02,5.96,5.93,13.99,10,equal-weight sizing trim,2022-02-07,30.73,25.97,21.44,29.81,28.45,24.26,,,43.35,,126,5,,-0.2,
SELL,78,LQDA,2022-02-08,6.4,210.91,2022-02-01,5.66,0.6,0.67,156.08,155.4,13.02,5,equal-weight sizing trim,2022-02-07,6.08,5.45,3.63,6.46,5.96,5.34,,,67.55,,119,5,,-1.0,
BUY,85,BXC,2022-02-15,83.45,230.21,,,9.61,,,,,,,2022-02-14,85.61,77.4,60.9,80.33,76.58,80.06,,,40.58,,999,5,,-0.0,
BUY,67,DVN,2022-02-15,41.63,16.41,,,0.34,,,,,,,2022-02-14,44.93,40.5,29.63,42.84,42.84,39.59,,,51.63,,999,5,,-0.6,
BUY,86,HCC,2022-02-15,27.68,694.08,,,9.61,,,,,,,2022-02-14,28.36,24.98,20.4,27.59,26.55,24.43,,,39.05,,168,5,,0.0,
BUY,78,LQDA,2022-02-15,6.15,146.68,,,0.45,,,,,,,2022-02-14,5.58,5.47,3.7,6.02,6.15,5.6,,,50.96,,126,5,,-0.5,
BUY,87,MIRM,2022-02-15,21.81,880.89,,,9.61,,,,,,,2022-02-14,23.12,18.71,16.69,21.11,20.59,17.65,,,38.55,,21,5,,2.7,
BUY,84,TSEM,2022-02-15,46.98,408.99,,,9.61,,,,,,,2022-02-14,46.97,37.6,32.15,33.13,34.5,36.96,,,46.09,,175,5,,-0.3,
SELL,49,AMR,2022-02-15,81.18,18.15,2021-12-14,46.79,0.42,0.74,624.23,623.49,73.4,43,equal-weight sizing trim,2022-02-14,85.02,67.05,44.42,80.74,74.24,62.8,,,91.39,,999,5,,-1,
SELL,69,APA,2022-02-15,27.14,648.42,2022-01-11,25.9,8.4,8.8,804.44,795.65,4.74,24,rotation (out of top-N),2022-02-14,28.02,27.03,21.1,28.0,29.05,26.72,,,32.8,,999,5,,0.4,
SELL,75,HAL,2022-02-15,28.81,642.53,2022-01-25,26.02,8.36,9.26,1795.7,1786.45,10.69,15,rotation (out of top-N),2022-02-14,29.58,26.63,21.65,29.67,29.37,25.38,,,36.62,,133,5,,0.2,
SELL,70,IRTC,2022-02-15,127.76,2.23,2022-01-11,130.13,0.15,0.14,-5.28,-5.42,-1.87,24,equal-weight sizing trim,2022-02-14,112.93,115.81,80.48,123.41,124.87,122.48,,,40.32,,84,5,,0.6,
SELL,80,NRP,2022-02-15,28.94,0.5,2022-02-01,28.42,0.01,0.01,0.26,0.25,1.77,10,equal-weight sizing trim,2022-02-14,28.72,26.98,20.06,28.47,28.55,26.43,,,43.14,,999,5,,-0.2,
SELL,81,OXY,2022-02-15,37.38,497.24,2022-02-08,38.32,9.53,9.29,-467.41,-476.7,-2.5,5,rotation (out of top-N),2022-02-14,37.16,34.28,28.49,38.71,37.83,32.55,,,30.41,,999,5,,0.5,
SELL,83,PBF,2022-02-15,16.71,1104.6,2022-02-08,17.25,9.53,9.23,-596.48,-605.71,-3.18,5,rotation (out of top-N),2022-02-14,16.12,14.8,12.25,17.55,16.77,14.29,,,31.61,,42,5,,2.7,
SELL,82,PDS,2022-02-15,52.98,67.08,2022-02-08,44.32,1.49,1.78,580.59,578.81,19.47,5,equal-weight sizing trim,2022-02-14,56.98,45.45,38.32,53.37,47.88,40.91,,,48.71,,999,5,,-0.4,
BUY,89,APA,2022-03-01,31.63,655.61,,,10.37,,,,,,,2022-02-28,34.38,28.7,21.79,31.03,28.77,27.96,,,57.77,,999,5,,-0.9,
BUY,92,CF,2022-03-01,75.09,276.16,,,10.37,,,,,,,2022-02-28,83.28,68.77,53.91,74.1,69.87,65.08,,,54.49,,999,5,,-0.7,
BUY,86,HCC,2022-03-01,29.75,3.31,,,0.05,,,,,,,2022-02-28,34.81,27.3,21.17,28.6,27.92,25.62,,,64.41,,182,5,,-1,
BUY,70,IRTC,2022-03-01,130.8,8.16,,,0.53,,,,,,,2022-02-28,134.62,121.51,83.38,129.34,122.98,123.82,,,61.45,,98,5,,-0.6,
BUY,90,LNTH,2022-03-01,46.95,441.68,,,10.37,,,,,,,2022-02-28,52.32,34.72,27.59,47.78,36.17,28.45,,,89.66,,999,5,,-1,
BUY,91,MOS,2022-03-01,46.91,442.06,,,10.37,,,,,,,2022-02-28,53.4,41.28,33.15,46.72,41.94,38.21,,,61.09,,999,5,,-1,
BUY,88,OXY,2022-03-01,41.54,499.21,,,10.37,,,,,,,2022-02-28,52.8,37.96,29.53,41.07,37.64,34.86,,,78.83,,999,5,,-1,
SELL,49,AMR,2022-03-01,92.72,13.01,2021-12-14,46.79,0.3,0.6,597.71,597.1,98.05,52,equal-weight sizing trim,2022-02-28,110.07,78.25,48.58,89.94,84.8,69.91,,,126.56,,999,5,,-1,
SELL,85,BXC,2022-03-01,88.97,230.21,2022-02-15,83.45,9.61,10.24,1269.61,1259.36,6.56,9,rotation (out of top-N),2022-02-28,89.05,80.96,62.66,89.19,84.2,79.85,,,42.11,,999,5,,-0.1,
SELL,67,DVN,2022-03-01,49.24,40.37,2022-01-04,38.25,0.77,0.99,443.62,442.62,28.67,38,equal-weight sizing trim,2022-02-28,48.83,42.72,30.97,48.81,44.78,41.82,,,57.68,,999,5,,-0.9,
SELL,78,LQDA,2022-03-01,6.68,19.51,2022-02-01,5.68,0.06,0.07,19.45,19.38,17.48,19,equal-weight sizing trim,2022-02-28,6.65,5.76,3.87,6.47,5.97,5.92,,,72.01,,140,5,,-1,
SELL,87,MIRM,2022-03-01,24.3,880.89,2022-02-15,21.81,9.61,10.7,2197.81,2187.11,11.38,9,rotation (out of top-N),2022-02-28,21.3,19.92,16.96,23.8,22.98,19.35,,,25.59,,35,5,,3.1,
SELL,80,NRP,2022-03-01,28.71,664.19,2022-02-01,28.42,9.44,9.53,191.37,181.84,0.96,19,rotation (out of top-N),2022-02-28,29.93,27.72,20.86,28.66,28.31,27.36,,,43.51,,999,5,,-0.2,
SELL,82,PDS,2022-03-01,59.38,362.85,2022-02-08,44.32,8.04,10.77,5464.46,5453.68,33.91,14,rotation (out of top-N),2022-02-28,58.66,49.0,39.56,58.52,53.69,45.69,,,48.29,,999,5,,-0.4,
SELL,84,TSEM,2022-03-01,46.67,408.99,2022-02-15,46.98,9.61,9.54,-124.74,-134.28,-0.7,9,rotation (out of top-N),2022-02-28,46.95,40.68,33.13,46.84,44.85,38.91,,,41.71,,189,5,,-0.1,
BUY,90,LNTH,2022-03-08,51.06,11.31,,,0.29,,,,,,,2022-03-07,51.91,37.85,28.27,51.72,45.76,31.29,,,83.64,,999,5,,-1,
BUY,93,NBR,2022-03-08,145.04,159.39,,,11.56,,,,,,,2022-03-07,159.52,125.27,101.42,143.16,132.61,116.46,,,57.29,,42,5,,1.4,
BUY,88,OXY,2022-03-08,54.12,0.0,,,0.0,,,,,,,2022-03-07,54.56,40.98,30.21,52.0,44.67,37.12,,,80.63,,999,5,,-1,
BUY,95,PBF,2022-03-08,18.25,1266.77,,,11.56,,,,,,,2022-03-07,22.64,16.78,12.55,17.78,16.34,15.81,,,80.44,,63,5,,-0.0,
BUY,94,PDS,2022-03-08,61.93,373.3,,,11.56,,,,,,,2022-03-07,67.27,52.32,40.26,62.07,57.44,48.42,,,67.11,,999,5,,-1,
BUY,96,TDW,2022-03-08,16.79,1376.93,,,11.56,,,,,,,2022-03-07,20.6,15.29,12.45,17.75,15.56,14.07,,,65.47,,42,5,,1.3,
SELL,49,AMR,2022-03-08,119.33,29.93,2021-12-14,46.79,0.7,1.79,2171.08,2169.29,154.88,57,equal-weight sizing trim,2022-03-07,126.1,86.95,51.23,110.69,98.43,75.54,,,146.17,,999,5,,-1,
SELL,89,APA,2022-03-08,34.13,655.61,2022-03-01,31.63,10.37,11.19,1639.04,1627.85,7.85,5,rotation (out of top-N),2022-03-07,34.02,29.67,22.14,33.02,31.65,29.03,,,53.69,,999,5,,-0.7,
SELL,92,CF,2022-03-08,84.01,0.84,2022-03-01,75.09,0.03,0.04,7.46,7.43,11.82,5,equal-weight sizing trim,2022-03-07,87.7,72.21,54.85,87.31,77.39,67.17,,,59.88,,999,5,,-1.0,
SELL,67,DVN,2022-03-08,49.61,421.35,2022-01-04,38.25,8.06,10.45,4786.51,4776.06,29.63,43,rotation (out of top-N),2022-03-07,48.88,43.84,31.57,49.1,47.22,43.13,,,54.82,,999,5,,-0.7,
SELL,86,HCC,2022-03-08,35.05,37.47,2022-02-15,27.69,0.52,0.66,275.81,275.15,26.52,14,equal-weight sizing trim,2022-03-07,37.85,29.22,21.68,34.98,31.75,26.92,,,74.57,,189,5,,-1,
SELL,70,IRTC,2022-03-08,128.03,158.62,2022-01-11,130.16,10.32,10.15,-337.96,-348.12,-1.69,38,rotation (out of top-N),2022-03-07,118.81,121.02,84.79,130.44,129.59,126.37,,,40.11,,105,5,,0.2,
SELL,78,LQDA,2022-03-08,6.52,3105.91,2022-02-01,5.68,8.83,10.13,2599.66,2589.53,14.67,24,rotation (out of top-N),2022-03-07,6.2,5.84,3.95,6.48,6.4,6.06,,,57.0,,147,5,,-0.8,
SELL,91,MOS,2022-03-08,53.25,7.69,2022-03-01,46.91,0.18,0.2,48.77,48.56,13.46,5,equal-weight sizing trim,2022-03-07,55.31,43.83,33.73,54.59,47.84,40.08,,,63.96,,999,5,,-1,
SELL,88,OXY,2022-03-08,54.12,71.82,2022-03-01,41.54,1.49,1.94,903.51,901.57,30.22,5,equal-weight sizing trim,2022-03-07,54.56,40.98,30.21,52.0,44.67,37.12,,,80.63,,999,5,,-1,
BUY,49,AMR,2022-03-15,100.12,33.59,,,1.68,,,,,,,2022-03-14,114.7,92.0,53.53,107.33,109.63,81.24,,,114.26,,999,5,,-1,
BUY,98,CAR,2022-03-15,206.33,110.31,,,11.38,,,,,,,2022-03-14,269.01,195.18,152.83,202.55,182.21,171.07,,,76.02,,999,5,,-1,
BUY,86,HCC,2022-03-15,32.71,36.22,,,0.59,,,,,,,2022-03-14,34.87,30.25,22.15,33.89,34.31,28.13,,,57.41,,196,5,,-0.9,
BUY,99,IRTC,2022-03-15,107.48,211.76,,,11.38,,,,,,,2022-03-14,138.42,124.18,86.66,107.83,123.45,125.16,,,59.73,,112,5,,-0.9,
BUY,90,LNTH,2022-03-15,50.0,2.43,,,0.06,,,,,,,2022-03-14,54.98,40.96,29.03,49.87,49.26,34.37,,,89.36,,999,5,,-1,
BUY,97,LQDA,2022-03-15,5.8,3924.1,,,11.38,,,,,,,2022-03-14,7.14,6.08,4.06,5.93,6.54,6.12,,,75.88,,154,5,,-1,
BUY,91,MOS,2022-03-15,51.26,9.85,,,0.25,,,,,,,2022-03-14,55.64,45.98,34.36,51.93,51.01,41.82,,,61.94,,999,5,,-1,
BUY,88,OXY,2022-03-15,49.83,29.58,,,0.74,,,,,,,2022-03-14,52.91,43.15,30.86,52.34,49.7,39.35,,,71.43,,999,5,,-1,
SELL,92,CF,2022-03-15,85.28,8.31,2022-03-01,75.09,0.31,0.35,84.68,84.33,13.51,10,equal-weight sizing trim,2022-03-14,86.94,74.89,55.82,86.66,82.68,69.63,,,55.76,,999,5,,-0.8,
SELL,93,NBR,2022-03-15,137.55,159.39,2022-03-08,145.04,11.56,10.96,-1193.87,-1204.83,-5.21,5,rotation (out of top-N),2022-03-14,147.75,129.36,102.18,142.37,144.34,122.0,,,44.6,,49,5,,2.0,
SELL,95,PBF,2022-03-15,19.23,1266.77,2022-03-08,18.25,11.56,12.18,1241.44,1229.26,5.32,5,rotation (out of top-N),2022-03-14,18.55,17.11,12.62,20.51,19.19,16.45,,,47.02,,70,5,,0.5,
SELL,94,PDS,2022-03-15,59.26,373.3,2022-03-08,61.93,11.56,11.06,-996.72,-1007.78,-4.36,5,rotation (out of top-N),2022-03-14,62.75,54.22,40.87,62.09,61.49,50.81,,,53.52,,999,5,,-0.7,
SELL,96,TDW,2022-03-15,20.78,281.11,2022-03-08,16.79,2.36,2.92,1121.61,1118.69,23.7,5,equal-weight sizing trim,2022-03-14,20.48,16.23,12.61,21.17,17.95,14.83,,,62.45,,49,5,,1.2,
BUY,92,CF,2022-03-22,92.61,18.23,,,0.84,,,,,,,2022-03-21,99.93,79.44,57.22,92.49,85.37,72.86,,,74.64,,999,5,,-1,
BUY,90,LNTH,2022-03-22,55.41,21.28,,,0.59,,,,,,,2022-03-21,49.9,42.59,29.67,55.27,52.74,37.92,,,68.2,,999,5,,-1,
BUY,88,OXY,2022-03-22,56.48,10.76,,,0.3,,,,,,,2022-03-21,55.26,45.35,31.59,57.42,52.33,41.86,,,74.94,,999,5,,-1,
BUY,100,PDS,2022-03-22,65.11,405.53,,,13.2,,,,,,,2022-03-21,70.5,57.18,41.7,65.28,62.1,53.09,,,69.05,,999,5,,-1,
BUY,96,TDW,2022-03-22,21.32,143.19,,,1.53,,,,,,,2022-03-21,22.84,17.43,12.85,21.52,19.63,15.82,,,77.74,,56,5,,1.1,
BUY,101,VIST,2022-03-22,8.57,3080.97,,,13.2,,,,,,,2022-03-21,9.22,7.61,5.64,8.44,8.06,7.24,,,63.46,,999,5,,-1,
SELL,49,AMR,2022-03-22,121.77,10.48,2021-12-14,54.67,0.29,0.64,703.14,702.5,122.63,67,equal-weight sizing trim,2022-03-21,125.49,98.09,56.17,119.71,111.54,87.01,,,123.41,,999,5,,-1,
SELL,98,CAR,2022-03-22,263.96,110.31,2022-03-15,206.33,11.38,14.56,6357.03,6342.47,27.87,5,rotation (out of top-N),2022-03-21,249.77,205.11,157.16,258.43,232.78,181.23,,,58.93,,999,5,,-0.9,
SELL,86,HCC,2022-03-22,35.17,696.13,2022-02-15,27.95,9.73,12.24,5025.4,5013.15,25.76,24,rotation (out of top-N),2022-03-21,34.68,31.05,22.65,34.88,34.45,29.28,,,53.11,,203,5,,-0.7,
SELL,99,IRTC,2022-03-22,139.91,22.95,2022-03-15,107.48,1.23,1.61,744.37,742.77,30.11,5,equal-weight sizing trim,2022-03-21,143.91,127.77,88.63,139.73,130.55,125.21,,,62.37,,119,5,,-1.0,
SELL,97,LQDA,2022-03-22,7.05,176.99,2022-03-15,5.8,0.51,0.62,221.23,220.61,21.49,5,equal-weight sizing trim,2022-03-21,7.03,6.25,4.17,6.93,6.69,6.22,,,68.62,,161,5,,-1,
SELL,91,MOS,2022-03-22,59.52,0.39,2022-03-01,47.01,0.01,0.01,4.85,4.84,26.56,15,equal-weight sizing trim,2022-03-21,63.7,49.2,35.29,60.02,53.91,43.97,,,80.52,,999,5,,-1,
BUY,49,AMR,2022-03-29,116.95,4.4,,,0.26,,,,,,,2022-03-28,127.75,103.48,58.75,125.07,119.54,95.24,,,117.44,,999,5,,-1,
BUY,102,EQT,2022-03-29,31.06,833.02,,,12.94,,,,,,,2022-03-28,33.85,26.16,20.38,32.8,28.26,23.17,,,66.06,,999,5,,-1,
BUY,90,LNTH,2022-03-29,53.91,3.48,,,0.09,,,,,,,2022-03-28,58.34,45.45,30.45,52.22,52.51,41.41,,,91.62,,999,5,,-1,
BUY,91,MOS,2022-03-29,55.9,19.24,,,0.54,,,,,,,2022-03-28,58.83,50.95,36.07,60.72,58.56,47.2,,,63.12,,999,5,,-1,
BUY,88,OXY,2022-03-29,52.05,29.61,,,0.77,,,,,,,2022-03-28,54.71,47.05,32.18,53.31,53.89,44.58,,,69.99,,999,5,,-1,
BUY,103,PBF,2022-03-29,19.37,1335.76,,,12.94,,,,,,,2022-03-28,22.16,18.56,12.98,19.91,19.81,17.57,,,70.73,,84,5,,-0.4,
BUY,96,TDW,2022-03-29,20.26,38.7,,,0.39,,,,,,,2022-03-28,22.19,18.3,13.08,21.05,20.94,16.77,,,69.63,,63,5,,-0.0,
SELL,92,CF,2022-03-29,87.27,285.24,2022-03-01,76.21,10.87,12.45,3154.93,3142.49,14.46,20,rotation (out of top-N),2022-03-28,91.08,81.56,58.34,95.96,92.3,77.07,,,56.11,,999,5,,-0.8,
SELL,99,IRTC,2022-03-29,149.5,15.65,2022-03-15,107.48,0.84,1.17,657.76,656.59,39.03,10,equal-weight sizing trim,2022-03-28,162.87,134.15,91.02,148.01,139.59,128.27,,,78.94,,126,5,,-1,
SELL,97,LQDA,2022-03-29,6.95,22.41,2022-03-15,5.8,0.06,0.08,25.77,25.7,19.77,10,equal-weight sizing trim,2022-03-28,7.17,6.42,4.28,6.9,6.94,6.43,,,67.69,,168,5,,-1,
SELL,100,PDS,2022-03-29,67.0,19.16,2022-03-22,65.11,0.62,0.64,36.21,35.57,2.85,5,equal-weight sizing trim,2022-03-28,75.69,60.54,42.6,68.59,66.04,56.01,,,77.69,,999,5,,-1,
SELL,101,VIST,2022-03-29,8.83,3080.97,2022-03-22,8.57,13.2,13.6,801.05,787.45,2.98,5,rotation (out of top-N),2022-03-28,9.2,7.9,5.77,9.16,8.7,7.65,,,59.35,,999,5,,-1.0,
BUY,49,AMR,2022-04-05,121.52,12.32,,,0.75,,,,,,,2022-04-04,125.38,107.46,61.29,115.29,121.12,102.31,,,104.57,,999,5,,-1,
BUY,104,CF,2022-04-05,93.95,302.09,,,14.19,,,,,,,2022-04-04,98.79,84.69,59.65,92.89,92.34,80.36,,,65.61,,999,5,,-1,
BUY,90,LNTH,2022-04-05,56.74,20.26,,,0.57,,,,,,,2022-04-04,60.2,48.13,31.24,56.7,55.18,45.23,,,92.72,,999,5,,-1,
BUY,91,MOS,2022-04-05,60.61,5.42,,,0.16,,,,,,,2022-04-04,65.91,53.67,37.02,59.84,58.85,49.86,,,78.06,,999,5,,-1,
BUY,88,OXY,2022-04-05,55.01,18.86,,,0.52,,,,,,,2022-04-04,58.23,49.08,32.88,54.41,54.04,46.77,,,77.13,,999,5,,-1,
BUY,96,TDW,2022-04-05,21.94,16.53,,,0.18,,,,,,,2022-04-04,21.9,18.95,13.32,21.76,21.49,17.66,,,64.42,,70,5,,-0.2,
SELL,102,EQT,2022-04-05,34.81,17.29,2022-03-29,31.06,0.27,0.3,64.83,64.53,12.02,5,equal-weight sizing trim,2022-04-04,35.99,27.95,20.78,34.17,31.35,24.77,,,73.2,,999,5,,-1,
SELL,99,IRTC,2022-04-05,169.54,5.67,2022-03-15,107.48,0.3,0.48,351.76,351.28,57.66,15,equal-weight sizing trim,2022-04-04,151.72,137.35,93.24,167.8,152.74,132.55,,,62.73,,133,5,,-1,
SELL,97,LQDA,2022-04-05,7.26,3724.7,2022-03-15,5.8,10.8,13.52,5438.06,5424.54,25.11,15,rotation (out of top-N),2022-04-04,6.64,6.46,4.37,7.04,7.09,6.59,,,51.84,,175,5,,-0.6,
SELL,103,PBF,2022-04-05,23.02,102.24,2022-03-29,19.37,0.99,1.18,373.17,371.99,18.78,5,equal-weight sizing trim,2022-04-04,23.48,19.45,13.25,22.37,21.08,18.37,,,77.27,,91,5,,-0.5,
SELL,100,PDS,2022-04-05,78.16,23.07,2022-03-22,65.11,0.75,0.9,301.0,300.1,19.98,10,equal-weight sizing trim,2022-04-04,77.71,63.66,43.5,78.21,71.78,59.82,,,78.66,,999,5,,-1,
BUY,105,CNR,2022-04-12,36.07,803.37,,,14.49,,,,,,,2022-04-11,44.93,33.88,24.93,35.52,34.61,31.28,,,80.22,,999,5,,-1,
BUY,106,NBR,2022-04-12,166.43,174.11,,,14.49,,,,,,,2022-04-11,195.28,153.46,107.74,158.88,158.4,144.15,,,81.25,,77,5,,-0.3,
BUY,88,OXY,2022-04-12,55.56,5.63,,,0.16,,,,,,,2022-04-11,55.84,50.31,33.56,54.51,54.53,48.83,,,66.38,,999,5,,-1,
BUY,103,PBF,2022-04-12,23.45,2.81,,,0.03,,,,,,,2022-04-11,24.5,20.37,13.56,22.61,22.35,19.11,,,80.71,,98,5,,-0.6,
BUY,100,PDS,2022-04-12,79.22,2.64,,,0.1,,,,,,,2022-04-11,82.45,67.08,44.52,76.36,75.08,63.76,,,85.21,,999,5,,-1,
BUY,96,TDW,2022-04-12,21.15,76.51,,,0.81,,,,,,,2022-04-11,22.86,19.66,13.59,20.53,21.41,18.59,,,68.22,,77,5,,-0.3,
SELL,49,AMR,2022-04-12,127.65,6.54,2021-12-14,59.37,0.19,0.42,446.78,446.37,114.91,82,equal-weight sizing trim,2022-04-11,148.75,114.97,64.44,122.5,120.7,107.89,,,130.84,,999,5,,-1,
SELL,104,CF,2022-04-12,99.31,302.09,2022-04-05,93.95,14.19,15.0,1619.21,1604.21,5.65,5,rotation (out of top-N),2022-04-11,99.05,87.3,60.99,97.8,94.98,84.0,,,62.41,,999,5,,-1,
SELL,102,EQT,2022-04-12,37.4,40.54,2022-03-29,31.06,0.63,0.76,257.05,256.3,20.35,10,equal-weight sizing trim,2022-04-11,39.8,30.1,21.27,36.8,33.96,26.67,,,87.15,,999,5,,-1,
SELL,99,IRTC,2022-04-12,148.63,167.49,2022-03-15,107.48,9.0,12.45,6892.08,6879.64,38.22,20,rotation (out of top-N),2022-04-11,144.52,138.65,95.3,146.53,152.27,135.91,,,51.64,,140,5,,-0.6,
SELL,90,LNTH,2022-04-12,59.45,12.77,2022-03-01,47.86,0.31,0.38,147.99,147.61,24.15,30,equal-weight sizing trim,2022-04-11,60.27,50.34,32.07,58.73,57.62,49.14,,,87.96,,999,5,,-1,
SELL,91,MOS,2022-04-12,66.58,33.05,2022-03-01,47.53,0.79,1.1,629.61,628.51,40.01,30,equal-weight sizing trim,2022-04-11,67.9,56.26,38.01,66.02,62.24,52.82,,,78.65,,999,5,,-1,
BUY,49,AMR,2022-04-19,150.09,0.0,,,0.0,,,,,,,2022-04-18,122.57,116.35,66.93,153.04,134.8,114.25,,,83.14,,999,5,,-1,
BUY,107,CAR,2022-04-19,256.14,124.18,,,15.9,,,,,,,2022-04-18,283.21,233.85,175.29,253.16,248.85,219.62,,,61.57,,999,5,,-1,
BUY,102,EQT,2022-04-19,41.41,0.0,,,0.0,,,,,,,2022-04-18,37.36,31.42,21.76,42.69,37.43,28.49,,,71.71,,999,5,,-1,
BUY,90,LNTH,2022-04-19,60.82,35.55,,,1.08,,,,,,,2022-04-18,58.38,51.8,32.89,60.82,58.86,52.17,,,77.52,,999,5,,-1,
BUY,91,MOS,2022-04-19,69.34,23.49,,,0.81,,,,,,,2022-04-18,59.68,56.88,38.84,69.82,65.56,55.54,,,53.64,,999,5,,-0.7,
BUY,106,NBR,2022-04-19,199.51,0.0,,,0.0,,,,,,,2022-04-18,170.84,156.62,109.78,200.25,175.7,150.18,,,55.63,,84,5,,-0.2,
BUY,88,OXY,2022-04-19,56.7,39.43,,,1.12,,,,,,,2022-04-18,53.32,50.86,34.29,57.79,55.63,50.62,,,55.52,,999,5,,-0.8,
BUY,100,PDS,2022-04-19,78.38,40.05,,,1.57,,,,,,,2022-04-18,71.9,67.96,45.44,80.92,78.41,66.62,,,58.22,,999,5,,-0.9,
SELL,49,AMR,2022-04-19,150.09,15.09,2021-12-14,59.37,0.45,1.13,1369.25,1368.12,152.69,86,equal-weight sizing trim,2022-04-18,122.57,116.35,66.93,153.04,134.8,114.25,,,83.14,,999,5,,-1,
SELL,105,CNR,2022-04-19,43.58,73.14,2022-04-12,36.07,1.32,1.59,549.29,547.7,20.76,4,equal-weight sizing trim,2022-04-18,38.29,34.68,25.47,44.58,39.51,32.77,,,50.35,,999,5,,-0.5,
SELL,102,EQT,2022-04-19,41.41,6.69,2022-03-29,31.06,0.1,0.14,69.28,69.14,33.26,14,equal-weight sizing trim,2022-04-18,37.36,31.42,21.76,42.69,37.43,28.49,,,71.71,,999,5,,-1,
SELL,106,NBR,2022-04-19,199.51,14.6,2022-04-12,166.43,1.22,1.46,483.13,481.67,19.82,4,equal-weight sizing trim,2022-04-18,170.84,156.62,109.78,200.25,175.7,150.18,,,55.63,,84,5,,-0.2,
SELL,103,PBF,2022-04-19,26.13,18.45,2022-03-29,19.38,0.18,0.24,124.53,124.29,34.77,14,equal-weight sizing trim,2022-04-18,23.89,21.01,13.94,26.71,23.71,19.85,,,71.41,,105,5,,-0.8,
SELL,96,TDW,2022-04-19,23.24,1370.75,2022-03-08,17.67,12.11,15.93,7639.68,7623.75,31.48,29,rotation (out of top-N),2022-04-18,20.09,19.74,13.81,23.68,22.09,19.38,,,45.46,,84,5,,0.3,
BUY,114,APA,2022-04-26,34.18,843.99,,,14.42,,,,,,,2022-04-25,35.74,34.69,25.38,34.14,36.57,35.22,,,40.84,,999,5,,-0.0,
BUY,111,CAR,2022-04-26,281.57,102.45,,,14.42,,,,,,,2022-04-25,254.47,237.6,179.76,284.63,273.09,236.31,,,41.56,,999,5,,-0.1,
BUY,116,CF,2022-04-26,88.46,326.11,,,14.42,,,,,,,2022-04-25,88.38,87.67,63.28,86.23,93.3,90.18,,,39.66,,999,5,,0.0,
BUY,113,MOS,2022-04-26,58.28,494.98,,,14.42,,,,,,,2022-04-25,55.8,56.68,39.58,56.8,63.12,58.39,,,40.99,,999,5,,-0.0,
BUY,109,NRP,2022-04-26,35.18,820.0,,,14.42,,,,,,,2022-04-25,36.23,33.08,24.56,34.2,34.82,32.19,,,47.53,,999,5,,-0.4,
BUY,108,STNG,2022-04-26,18.94,1523.11,,,14.42,,,,,,,2022-04-25,22.36,18.78,14.86,18.64,19.58,18.15,,,50.51,,42,5,,1.8,
BUY,115,SU,2022-04-26,26.81,1076.0,,,14.42,,,,,,,2022-04-25,30.63,27.65,21.75,26.63,28.05,27.44,,,40.84,,196,5,,-0.0,
BUY,110,TDW,2022-04-26,19.51,1478.61,,,14.42,,,,,,,2022-04-25,19.99,19.79,14.03,19.38,21.35,20.24,,,42.44,,91,5,,0.4,
BUY,112,VLO,2022-04-26,89.51,322.28,,,14.42,,,,,,,2022-04-25,98.18,87.26,69.47,88.89,91.55,84.24,,,41.34,,119,5,,-0.1,
SELL,49,AMR,2022-04-26,123.91,212.03,2021-12-14,59.37,6.29,13.14,13684.79,13671.65,108.61,91,ratchet-ATR exit,2022-04-25,147.06,121.93,70.03,119.84,132.72,120.46,,,109.98,,999,5,,-1,
SELL,107,CAR,2022-04-26,281.57,124.18,2022-04-19,256.14,15.9,17.48,3157.9,3140.42,9.87,5,rotation (out of top-N),2022-04-25,254.47,237.6,179.76,284.63,273.09,236.31,,,41.56,,999,5,,-0.1,
SELL,105,CNR,2022-04-26,38.67,730.23,2022-04-12,36.07,13.17,14.12,1898.6,1884.48,7.15,9,ratchet-ATR exit,2022-04-25,43.77,36.34,26.12,37.95,40.04,34.6,,,67.54,,999,5,,-1,
SELL,102,EQT,2022-04-26,37.68,768.5,2022-03-29,31.06,11.93,14.48,5087.45,5072.97,21.25,19,ratchet-ATR exit,2022-04-25,37.35,32.5,22.22,37.32,38.42,30.81,,,68.09,,999,5,,-1,
SELL,90,LNTH,2022-04-26,59.87,41.14,2022-03-01,48.74,1.0,1.23,457.8,456.57,22.77,39,equal-weight sizing trim,2022-04-25,66.47,54.47,33.91,59.06,59.59,55.39,,,96.04,,999,5,,-1,
SELL,91,MOS,2022-04-26,58.28,458.94,2022-03-01,48.65,11.16,13.37,4421.68,4408.31,19.75,39,rotation (out of top-N),2022-04-25,55.8,56.68,39.58,56.8,63.12,58.39,,,40.99,,999,5,,-0.0,
SELL,106,NBR,2022-04-26,159.56,159.51,2022-04-12,166.43,13.27,12.73,-1095.82,-1108.55,-4.18,9,rotation (out of top-N),2022-04-25,154.54,156.24,111.46,159.9,175.39,156.91,,,38.65,,91,5,,0.6,
SELL,88,OXY,2022-04-26,52.66,561.24,2022-03-01,44.48,12.48,14.78,4593.28,4578.5,18.34,39,ratchet-ATR exit,2022-04-25,51.85,51.04,34.96,51.69,54.91,52.92,,,48.32,,999,5,,-0.4,
SELL,103,PBF,2022-04-26,23.3,1217.89,2022-03-29,19.38,11.8,14.19,4775.0,4760.81,20.17,19,ratchet-ATR exit,2022-04-25,26.05,21.93,14.39,23.1,24.18,20.96,,,81.07,,112,5,,-0.9,
SELL,100,PDS,2022-04-26,71.05,405.99,2022-03-22,66.51,13.5,14.42,1842.85,1828.43,6.77,24,ratchet-ATR exit,2022-04-25,71.9,68.67,46.42,69.52,74.98,68.9,,,54.89,,999,5,,-0.7,
BUY,120,AMR,2022-05-03,139.69,220.33,,,15.39,,,,,,,2022-05-02,163.51,129.49,73.46,141.2,139.47,126.23,,,122.59,,999,5,,-1,
BUY,118,CNR,2022-05-03,42.08,731.41,,,15.39,,,,,,,2022-05-02,49.64,38.76,26.88,42.79,42.09,36.28,,,84.66,,999,5,,-1,
BUY,121,DVN,2022-05-03,50.78,606.1,,,15.39,,,,,,,2022-05-02,58.09,50.26,37.46,48.78,49.3,49.66,,,55.08,,999,5,,-0.8,
BUY,119,EQT,2022-05-03,37.86,812.94,,,15.39,,,,,,,2022-05-02,38.59,33.61,22.76,37.07,37.71,32.65,,,69.59,,999,5,,-1,
BUY,109,NRP,2022-05-03,36.14,32.04,,,0.58,,,,,,,2022-05-02,38.07,33.99,25.12,36.55,35.69,33.02,,,51.54,,999,5,,-0.6,
BUY,117,OXY,2022-05-03,54.54,564.32,,,15.39,,,,,,,2022-05-02,61.12,52.87,35.87,54.88,53.77,54.24,,,70.37,,999,5,,-1,
BUY,122,PBF,2022-05-03,26.67,1154.03,,,15.39,,,,,,,2022-05-02,27.95,23.02,14.88,26.32,25.19,22.26,,,87.84,,119,5,,-1.0,
BUY,108,STNG,2022-05-03,23.44,0.0,,,0.0,,,,,,,2022-05-02,24.18,19.76,15.1,23.35,21.24,18.89,,,60.15,,49,5,,1.2,
SELL,114,APA,2022-05-03,35.5,843.99,2022-04-26,34.18,14.42,14.98,1114.07,1099.09,3.81,5,rotation (out of top-N),2022-05-02,38.52,35.39,25.93,35.48,35.81,35.52,,,48.54,,999,5,,-0.4,
SELL,111,CAR,2022-05-03,286.62,102.45,2022-04-26,281.57,14.42,14.68,517.39,502.7,1.74,5,rotation (out of top-N),2022-05-02,243.58,238.68,183.89,266.1,265.42,247.31,,,32.46,,999,5,,0.4,
SELL,116,CF,2022-05-03,87.73,326.11,2022-04-26,88.46,14.42,14.3,-238.06,-252.36,-0.87,5,rotation (out of top-N),2022-05-02,91.12,88.3,64.5,88.12,90.23,91.76,,,41.28,,999,5,,-0.1,
SELL,90,LNTH,2022-05-03,66.12,16.36,2022-03-01,48.74,0.4,0.54,284.32,283.78,35.58,44,equal-weight sizing trim,2022-05-02,64.16,56.23,34.86,65.94,61.44,56.79,,,84.06,,999,5,,-1,
SELL,113,MOS,2022-05-03,54.19,494.98,2022-04-26,58.28,14.42,13.41,-2024.48,-2037.9,-7.06,5,rotation (out of top-N),2022-05-02,57.22,56.78,40.31,55.69,59.07,59.64,,,41.93,,999,5,,-0.1,
SELL,108,STNG,2022-05-03,23.44,209.4,2022-04-26,18.94,1.98,2.45,942.31,939.85,23.7,5,equal-weight sizing trim,2022-05-02,24.18,19.76,15.1,23.35,21.24,18.89,,,60.15,,49,5,,1.2,
SELL,115,SU,2022-05-03,30.67,1076.0,2022-04-26,26.81,14.42,16.5,4153.37,4136.87,14.34,5,rotation (out of top-N),2022-05-02,31.55,28.36,22.13,30.72,29.24,27.89,,,42.55,,203,5,,-0.1,
SELL,110,TDW,2022-05-03,20.14,1478.61,2022-04-26,19.51,14.42,14.89,938.92,924.02,3.2,5,rotation (out of top-N),2022-05-02,21.56,20.11,14.29,20.04,20.51,20.88,,,50.87,,98,5,,-0.2,
SELL,112,VLO,2022-05-03,102.81,22.77,2022-04-26,89.51,1.02,1.17,302.81,301.64,14.8,5,equal-weight sizing trim,2022-05-02,113.79,92.08,70.89,102.71,96.38,87.36,,,60.52,,126,5,,-1,
BUY,119,EQT,2022-05-10,34.35,72.5,,,1.25,,,,,,,2022-05-09,36.01,34.04,23.22,34.33,37.84,34.33,,,55.07,,999,5,,-0.8,
BUY,122,PBF,2022-05-10,25.44,41.55,,,0.53,,,,,,,2022-05-09,27.25,23.79,15.35,24.84,26.4,23.14,,,77.5,,126,5,,-1,
BUY,108,STNG,2022-05-10,22.38,45.34,,,0.51,,,,,,,2022-05-09,25.64,20.83,15.41,21.71,22.58,19.74,,,66.4,,56,5,,1.1,
BUY,123,TDW,2022-05-10,20.61,1475.05,,,15.2,,,,,,,2022-05-09,21.22,20.31,14.54,19.75,20.83,21.24,,,45.97,,105,5,,-0.0,
BUY,112,VLO,2022-05-10,106.09,0.0,,,0.0,,,,,,,2022-05-09,110.76,95.48,72.23,104.39,104.72,91.43,,,53.34,,133,5,,-0.7,
SELL,120,AMR,2022-05-10,142.19,6.42,2022-05-03,139.69,0.45,0.46,16.05,15.59,1.74,5,equal-weight sizing trim,2022-05-09,151.67,133.53,76.53,137.62,147.75,130.64,,,98.19,,999,5,,-1,
SELL,118,CNR,2022-05-10,44.46,47.29,2022-05-03,42.08,1.0,1.05,112.56,111.51,5.6,5,equal-weight sizing trim,2022-05-09,44.4,39.78,27.48,44.24,45.03,38.12,,,61.57,,999,5,,-1,
SELL,121,DVN,2022-05-10,53.0,32.22,2022-05-03,50.78,0.82,0.85,71.52,70.67,4.32,5,equal-weight sizing trim,2022-05-09,57.28,51.54,38.36,51.72,52.93,50.44,,,49.34,,999,5,,-0.5,
SELL,90,LNTH,2022-05-10,56.63,465.72,2022-03-01,48.74,11.35,13.19,3675.54,3662.35,16.13,49,ratchet-ATR exit,2022-05-09,63.98,57.64,35.79,55.57,61.96,58.22,,,78.78,,999,5,,-1,
SELL,109,NRP,2022-05-10,37.25,35.5,2022-04-26,35.22,0.63,0.66,72.21,71.55,5.72,10,equal-weight sizing trim,2022-05-09,37.81,34.68,25.68,36.89,36.77,33.98,,,47.22,,999,5,,-0.4,
SELL,117,OXY,2022-05-10,55.89,20.11,2022-05-03,54.54,0.55,0.56,27.14,26.58,2.42,5,equal-weight sizing trim,2022-05-09,60.34,54.23,36.76,54.45,56.16,54.73,,,64.13,,999,5,,-1,
SELL,112,VLO,2022-05-10,106.09,12.82,2022-04-26,89.51,0.57,0.68,212.5,211.82,18.46,10,equal-weight sizing trim,2022-05-09,110.76,95.48,72.23,104.39,104.72,91.43,,,53.34,,133,5,,-0.7,
BUY,120,AMR,2022-05-17,138.67,29.48,,,2.04,,,,,,,2022-05-16,144.24,135.47,79.27,143.39,146.67,135.25,,,81.96,,999,5,,-1,
BUY,118,CNR,2022-05-17,47.27,29.92,,,0.71,,,,,,,2022-05-16,47.1,41.11,28.14,45.97,44.86,40.03,,,67.38,,999,5,,-1,
BUY,126,LNTH,2022-05-17,67.69,498.39,,,16.87,,,,,,,2022-05-16,62.38,58.5,36.71,66.82,62.22,59.21,,,69.93,,999,5,,-1,
BUY,125,PDS,2022-05-17,70.9,475.83,,,16.87,,,,,,,2022-05-16,75.17,68.84,49.1,68.23,65.79,71.28,,,53.09,,999,5,,-0.7,
BUY,124,SQM,2022-05-17,76.11,443.26,,,16.87,,,,,,,2022-05-16,84.09,71.51,55.78,73.46,69.34,71.11,,,50.74,,252,5,,-0.5,
SELL,121,DVN,2022-05-17,60.35,573.89,2022-05-03,50.78,14.57,17.32,5492.09,5474.78,18.79,10,rotation (out of top-N),2022-05-16,58.13,52.74,39.26,59.2,54.95,51.66,,,48.08,,999,5,,-0.4,
SELL,119,EQT,2022-05-17,38.2,1.84,2022-05-03,37.57,0.03,0.04,1.16,1.12,1.62,10,equal-weight sizing trim,2022-05-16,38.53,34.86,23.77,37.51,36.74,35.73,,,62.12,,999,5,,-1,
SELL,109,NRP,2022-05-17,37.69,816.54,2022-04-26,35.22,14.38,15.39,2020.03,2004.64,6.97,15,rotation (out of top-N),2022-05-16,37.72,35.24,26.23,37.34,37.13,34.69,,,43.82,,999,5,,-0.2,
SELL,117,OXY,2022-05-17,64.95,24.53,2022-05-03,54.54,0.67,0.8,255.37,254.58,19.03,10,equal-weight sizing trim,2022-05-16,59.52,55.19,37.65,63.82,58.16,55.52,,,58.1,,999,5,,-0.9,
SELL,122,PBF,2022-05-17,28.67,18.28,2022-05-03,26.63,0.24,0.26,37.33,37.07,7.62,10,equal-weight sizing trim,2022-05-16,27.62,24.49,15.84,27.83,26.61,24.11,,,74.32,,133,5,,-1,
SELL,108,STNG,2022-05-17,26.4,80.52,2022-04-26,19.05,0.77,1.06,591.41,590.35,38.48,15,equal-weight sizing trim,2022-05-16,26.43,21.85,15.73,26.74,24.08,20.79,,,68.04,,63,5,,-0.0,
SELL,123,TDW,2022-05-17,25.58,155.53,2022-05-10,20.61,1.6,1.99,773.0,771.01,24.05,5,equal-weight sizing trim,2022-05-16,25.02,21.17,14.88,24.94,21.47,21.37,,,68.14,,112,5,,-0.9,
SELL,112,VLO,2022-05-17,115.45,286.7,2022-04-26,89.51,12.83,16.55,7436.99,7420.44,28.92,15,rotation (out of top-N),2022-05-16,109.2,97.97,73.54,113.61,107.87,95.38,,,48.5,,140,5,,-0.4,
BUY,118,CNR,2022-05-24,48.17,12.1,,,0.29,,,,,,,2022-05-23,49.01,42.55,28.9,48.58,46.52,41.7,,,69.59,,999,5,,-1,
BUY,126,LNTH,2022-05-24,65.22,37.9,,,1.24,,,,,,,2022-05-23,70.27,60.64,37.84,66.42,63.52,60.56,,,85.7,,999,5,,-1,
BUY,117,OXY,2022-05-24,60.58,57.68,,,1.75,,,,,,,2022-05-23,66.7,57.28,38.8,61.61,59.95,56.18,,,71.91,,999,5,,-1,
BUY,122,PBF,2022-05-24,26.76,129.75,,,1.74,,,,,,,2022-05-23,29.51,25.4,16.39,27.33,27.17,25.0,,,80.0,,140,5,,-1,
BUY,127,SEI,2022-05-24,11.04,3166.75,,,17.48,,,,,,,2022-05-23,12.22,10.34,7.64,11.15,10.76,9.98,,,60.03,,91,5,,-0.5,
BUY,124,SQM,2022-05-24,88.49,0.0,,,0.0,,,,,,,2022-05-23,99.71,76.64,57.21,89.38,78.76,72.51,,,74.29,,259,5,,-1,
BUY,123,TDW,2022-05-24,25.32,61.91,,,0.78,,,,,,,2022-05-23,27.71,22.36,15.32,25.87,24.19,21.88,,,80.96,,119,5,,-1.0,
SELL,120,AMR,2022-05-24,158.71,23.0,2022-05-03,139.57,1.61,1.83,440.31,438.48,13.66,15,equal-weight sizing trim,2022-05-23,170.18,141.78,82.71,160.09,148.34,138.45,,,105.75,,999,5,,-1,
SELL,119,EQT,2022-05-24,41.46,39.93,2022-05-03,37.57,0.75,0.83,155.21,154.38,10.29,15,equal-weight sizing trim,2022-05-23,45.68,36.83,24.53,41.96,38.54,37.12,,,86.22,,999,5,,-1,
SELL,125,PDS,2022-05-24,76.88,475.83,2022-05-17,70.9,16.87,18.29,2843.08,2824.79,8.37,5,rotation (out of top-N),2022-05-23,77.35,70.39,50.33,75.71,70.46,72.03,,,53.68,,999,5,,-0.7,
SELL,124,SQM,2022-05-24,88.49,47.98,2022-05-17,76.11,1.83,2.12,593.96,591.83,16.21,5,equal-weight sizing trim,2022-05-23,99.71,76.64,57.21,89.38,78.76,72.51,,,74.29,,259,5,,-1,
SELL,108,STNG,2022-05-24,27.68,14.86,2022-04-26,19.05,0.14,0.21,128.18,127.97,45.19,20,equal-weight sizing trim,2022-05-23,30.48,23.42,16.17,28.04,25.82,21.85,,,88.53,,70,5,,-0.2,
BUY,120,AMR,2022-06-07,167.05,11.57,,,0.97,,,,,,,2022-06-06,151.82,146.69,88.58,165.39,160.7,147.95,,,71.39,,999,5,,-1,
BUY,118,CNR,2022-06-07,50.84,36.04,,,0.92,,,,,,,2022-06-06,48.86,44.88,30.29,50.37,49.32,45.07,,,61.31,,999,5,,-1,
BUY,128,DK,2022-06-07,27.68,1399.23,,,19.37,,,,,,,2022-06-06,28.24,23.49,17.08,27.66,25.54,22.38,,,65.33,,91,5,,-0.5,
BUY,126,LNTH,2022-06-07,70.05,16.87,,,0.59,,,,,,,2022-06-06,63.84,62.9,39.91,70.15,68.44,63.17,,,59.95,,999,5,,-1.0,
BUY,130,SBR,2022-06-07,59.29,653.24,,,19.37,,,,,,,2022-06-06,58.62,49.23,35.54,58.56,53.41,46.77,,,64.92,,999,5,,-1,
BUY,123,TDW,2022-06-07,26.49,81.35,,,1.08,,,,,,,2022-06-06,26.51,23.8,16.08,26.58,26.38,23.04,,,64.9,,133,5,,-1,
BUY,129,VLO,2022-06-07,122.54,316.06,,,19.37,,,,,,,2022-06-06,124.75,108.47,78.46,123.15,116.91,105.02,,,59.0,,161,5,,-1.0,
SELL,119,EQT,2022-06-07,45.94,0.17,2022-05-03,37.57,0.0,0.0,1.46,1.46,22.21,24,equal-weight sizing trim,2022-06-06,45.21,39.61,25.88,46.22,44.41,39.77,,,74.7,,999,5,,-1,
SELL,117,OXY,2022-06-07,64.73,577.36,2022-05-03,55.14,15.92,18.69,5534.92,5516.23,17.33,24,rotation (out of top-N),2022-06-06,60.21,59.14,40.75,65.44,64.44,58.69,,,47.76,,999,5,,-0.4,
SELL,122,PBF,2022-06-07,36.2,236.61,2022-05-03,26.64,3.15,4.28,2261.87,2257.59,35.82,24,equal-weight sizing trim,2022-06-06,36.12,28.71,17.7,36.16,31.31,26.98,,,104.05,,154,5,,-1,
SELL,127,SEI,2022-06-07,12.28,3166.75,2022-05-24,11.04,17.48,19.44,3926.77,3907.32,11.18,9,rotation (out of top-N),2022-06-06,12.1,10.93,7.93,12.32,11.85,10.51,,,52.61,,105,5,,-0.4,
SELL,124,SQM,2022-06-07,92.45,395.28,2022-05-17,76.11,15.04,18.27,6458.88,6440.61,21.41,14,rotation (out of top-N),2022-06-06,86.52,80.86,59.42,93.33,90.6,76.38,,,45.6,,273,5,,-0.3,
SELL,108,STNG,2022-06-07,32.26,62.49,2022-04-26,19.05,0.6,1.01,825.23,824.22,69.22,29,equal-weight sizing trim,2022-06-06,33.67,26.61,17.09,32.57,30.36,24.42,,,97.04,,84,5,,-0.4,
BUY,134,BANF,2022-06-14,84.48,428.07,,,18.08,,,,,,,2022-06-13,88.03,81.34,69.34,83.67,84.93,79.97,,,26.95,,196,5,,0.7,
BUY,128,DK,2022-06-14,27.41,0.0,,,0.0,,,,,,,2022-06-13,23.02,23.41,17.31,26.14,27.08,23.5,,,32.98,,98,5,,0.7,
BUY,119,EQT,2022-06-14,42.8,1.88,,,0.04,,,,,,,2022-06-13,33.89,38.57,26.27,42.48,44.67,40.68,,,28.99,,999,5,,0.6,
BUY,135,OXY,2022-06-14,58.5,618.18,,,18.08,,,,,,,2022-06-13,52.5,57.93,41.47,56.4,62.2,59.42,,,26.58,,999,5,,0.7,
BUY,132,SDS,2022-06-14,212.22,170.41,,,18.08,,,,,,,2022-06-13,222.22,189.81,168.34,214.12,190.62,183.81,,,32.0,,49,5,,2.6,
BUY,131,SQM,2022-06-14,84.04,430.31,,,18.08,,,,,,,2022-06-13,81.38,80.95,60.25,83.57,88.08,78.13,,,35.06,,280,5,,0.2,
BUY,123,TDW,2022-06-14,24.09,39.46,,,0.48,,,,,,,2022-06-13,21.7,23.42,16.34,24.13,25.98,23.58,,,32.81,,140,5,,0.4,
BUY,133,TNK,2022-06-14,17.29,2091.59,,,18.08,,,,,,,2022-06-13,15.85,15.99,12.33,17.17,18.0,16.01,,,28.58,,91,5,,1.1,
SELL,120,AMR,2022-06-14,141.33,231.96,2022-05-03,140.94,16.35,16.39,91.12,74.73,0.23,29,ratchet-ATR exit,2022-06-13,137.42,145.0,90.74,138.58,156.45,150.75,,,51.44,,999,5,,-0.6,
SELL,118,CNR,2022-06-14,45.44,762.18,2022-05-03,42.79,16.31,17.32,2016.25,1998.94,6.13,29,ratchet-ATR exit,2022-06-13,42.52,44.45,30.71,44.86,48.98,46.29,,,38.44,,999,5,,0.1,
SELL,128,DK,2022-06-14,27.41,79.21,2022-06-07,27.68,1.1,1.09,-21.39,-22.47,-1.02,5,equal-weight sizing trim,2022-06-13,23.02,23.41,17.31,26.14,27.08,23.5,,,32.98,,98,5,,0.7,
SELL,126,LNTH,2022-06-14,61.88,553.17,2022-05-17,67.59,18.7,17.12,-3157.34,-3174.46,-8.49,19,ratchet-ATR exit,2022-06-13,60.67,62.49,40.78,61.89,67.11,64.2,,,48.78,,999,5,,-0.4,
SELL,122,PBF,2022-06-14,36.02,65.95,2022-05-03,26.64,0.88,1.19,618.59,617.4,35.14,29,equal-weight sizing trim,2022-06-13,29.51,28.86,18.22,33.62,34.47,28.64,,,61.92,,161,5,,-1,
SELL,130,SBR,2022-06-14,53.9,653.24,2022-06-07,59.29,19.37,17.6,-3520.96,-3538.57,-9.14,5,rotation (out of top-N),2022-06-13,43.41,48.17,35.98,54.33,56.51,48.71,,,20.66,,999,4.13,,1.0,
SELL,108,STNG,2022-06-14,32.36,83.08,2022-04-26,19.05,0.79,1.34,1105.35,1104.0,69.74,34,equal-weight sizing trim,2022-06-13,30.96,27.4,17.5,31.31,31.86,26.02,,,76.89,,91,5,,-0.5,
SELL,129,VLO,2022-06-14,119.84,316.06,2022-06-07,122.54,19.37,18.94,-853.38,-872.31,-2.25,5,rotation (out of top-N),2022-06-13,99.87,106.91,79.59,116.9,121.37,109.35,,,25.48,,168,5,,0.7,
BUY,142,AMR,2022-06-28,137.55,249.7,,,17.17,,,,,,,2022-06-27,118.98,137.7,94.6,135.82,136.79,149.81,,,25.77,,999,5,,0.7,
BUY,136,CNR,2022-06-28,52.0,660.51,,,17.17,,,,,,,2022-06-27,44.3,44.69,31.85,50.53,46.99,47.16,,,39.07,,999,5,,0.0,
BUY,140,HURN,2022-06-28,62.51,549.45,,,17.17,,,,,,,2022-06-27,65.98,58.98,51.14,62.75,60.83,58.17,,,29.01,,70,5,,1.4,
BUY,138,LNTH,2022-06-28,66.32,517.89,,,17.17,,,,,,,2022-06-27,63.55,62.74,42.63,65.84,63.27,64.72,,,49.09,,999,5,,-0.5,
BUY,139,TMDX,2022-06-28,32.54,1055.51,,,17.17,,,,,,,2022-06-27,32.09,28.06,23.46,32.26,29.47,27.53,,,36.76,,49,5,,2.3,
BUY,137,UFCS,2022-06-28,29.83,1151.4,,,17.17,,,,,,,2022-06-27,31.04,29.29,24.09,29.48,30.46,28.48,,,28.87,,133,5,,0.6,
BUY,141,UTL,2022-06-28,51.05,672.8,,,17.17,,,,,,,2022-06-27,53.49,48.7,42.47,50.58,48.27,48.0,,,25.96,,126,5,,0.7,
SELL,134,BANF,2022-06-28,91.9,54.15,2022-06-14,84.48,2.29,2.49,401.8,399.31,8.73,9,equal-weight sizing trim,2022-06-27,91.7,84.23,71.18,91.07,87.74,82.01,,,28.83,,210,5,,0.6,
SELL,128,DK,2022-06-28,24.31,1320.02,2022-06-07,27.68,18.27,16.04,-4448.47,-4464.51,-12.22,14,ratchet-ATR exit,2022-06-27,22.55,22.92,17.68,23.55,23.92,24.34,,,27.53,,112,5,,0.8,
SELL,119,EQT,2022-06-28,35.4,845.37,2022-05-03,37.58,15.89,14.96,-1846.46,-1861.42,-5.86,38,rotation (out of top-N),2022-06-27,32.33,36.62,27.0,34.55,35.86,39.74,,,19.73,,999,3.95,,1.0,
SELL,135,OXY,2022-06-28,57.68,22.42,2022-06-14,58.5,0.66,0.65,-18.39,-19.03,-1.45,9,equal-weight sizing trim,2022-06-27,57.01,57.21,42.96,55.56,55.61,59.43,,,32.69,,999,5,,0.4,
SELL,122,PBF,2022-06-28,30.7,1004.49,2022-05-03,26.64,13.38,15.42,4077.8,4062.38,15.18,38,ratchet-ATR exit,2022-06-27,27.48,28.35,19.08,29.65,30.52,29.89,,,44.02,,175,5,,-0.2,
SELL,132,SDS,2022-06-28,194.7,170.41,2022-06-14,212.22,18.08,16.59,-2985.52,-3002.11,-8.3,9,rotation (out of top-N),2022-06-27,203.96,193.2,169.71,196.35,203.88,193.13,,,20.18,,63,4.04,,1.9,
SELL,131,SQM,2022-06-28,85.12,430.31,2022-06-14,84.04,18.08,18.31,464.74,446.43,1.23,9,rotation (out of top-N),2022-06-27,76.33,80.03,61.78,83.44,82.72,81.05,,,23.55,,294,4.71,,0.8,
SELL,108,STNG,2022-06-28,33.59,95.07,2022-04-26,19.05,0.91,1.6,1381.93,1380.33,76.19,43,equal-weight sizing trim,2022-06-27,31.03,28.71,18.34,33.22,32.24,28.74,,,69.15,,105,5,,-0.8,
SELL,123,TDW,2022-06-28,22.87,1502.23,2022-05-10,21.21,15.93,17.18,2488.0,2470.82,7.75,33,rotation (out of top-N),2022-06-27,20.99,22.74,16.85,22.4,22.56,23.83,,,24.55,,154,4.91,,0.8,
SELL,133,TNK,2022-06-28,16.3,2091.59,2022-06-14,17.29,18.08,17.05,-2070.68,-2087.72,-5.77,9,rotation (out of top-N),2022-06-27,15.4,15.79,12.55,16.27,16.33,16.43,,,22.72,,105,4.54,,1.1,
BUY,144,AXSM,2022-07-12,43.08,760.95,,,16.39,,,,,,,2022-07-11,43.61,34.77,33.61,43.29,39.92,29.75,,,29.75,,0,5,,3.5,
BUY,136,CNR,2022-07-12,46.08,51.16,,,1.18,,,,,,,2022-07-11,52.48,46.32,32.89,47.35,45.36,47.08,,,59.59,,999,5,,-1.0,
BUY,145,CORT,2022-07-12,26.25,1248.69,,,16.39,,,,,,,2022-07-11,27.21,24.03,21.51,25.93,25.53,22.0,,,26.48,,133,5,,0.7,
BUY,146,CVSA,2022-07-12,37.64,870.83,,,16.39,,,,,,,2022-07-11,38.57,34.79,30.54,36.99,36.45,33.48,,,26.29,,42,5,,3.0,
BUY,143,MUSA,2022-07-12,263.77,124.27,,,16.39,,,,,,,2022-07-11,267.92,239.39,201.55,261.6,242.02,236.81,,,32.93,,999,5,,0.4,
BUY,148,OLLI,2022-07-12,70.34,466.0,,,16.39,,,,,,,2022-07-11,68.6,59.19,52.53,71.19,65.94,53.85,,,30.59,,21,5,,3.1,
BUY,149,OXY,2022-07-12,54.2,604.76,,,16.39,,,,,,,2022-07-11,55.38,56.88,44.26,56.14,56.45,59.48,,,25.13,,999,5,,0.7,
BUY,147,TPL,2022-07-12,161.77,202.62,,,16.39,,,,,,,2022-07-11,176.83,163.09,139.51,164.49,162.83,160.3,,,26.75,,98,5,,1.0,
SELL,142,AMR,2022-07-12,112.92,249.7,2022-06-28,137.55,17.17,14.1,-6150.12,-6164.22,-17.95,9,rotation (out of top-N),2022-07-11,122.2,131.05,97.7,109.53,116.94,142.49,,,25.08,,999,5,,0.7,
SELL,134,BANF,2022-07-12,87.31,373.92,2022-06-14,84.48,15.79,16.32,1058.2,1041.88,3.3,18,rotation (out of top-N),2022-07-11,84.56,85.59,72.75,87.59,90.19,84.92,,,16.24,,224,3.25,,1.2,
SELL,140,HURN,2022-07-12,63.07,549.45,2022-06-28,62.51,17.17,17.33,307.69,290.37,0.85,9,rotation (out of top-N),2022-07-11,63.51,60.5,51.76,63.29,63.22,60.42,,,22.7,,84,4.54,,1.5,
SELL,138,LNTH,2022-07-12,66.52,24.89,2022-06-28,66.32,0.83,0.83,4.98,4.15,0.25,9,equal-weight sizing trim,2022-07-11,70.6,64.91,44.85,66.18,64.61,65.1,,,57.43,,999,5,,-0.9,
SELL,135,OXY,2022-07-12,54.2,595.76,2022-06-14,58.5,17.43,16.15,-2561.77,-2577.91,-7.4,18,rotation (out of top-N),2022-07-11,55.38,56.88,44.26,56.14,56.45,59.48,,,25.13,,999,5,,0.7,
SELL,108,STNG,2022-07-12,28.65,1023.03,2022-04-26,19.05,9.75,14.65,9816.18,9801.52,50.28,52,ratchet-ATR exit,2022-07-11,31.81,29.46,19.05,29.34,30.15,30.29,,,66.96,,119,5,,-1.0,
SELL,139,TMDX,2022-07-12,33.68,81.8,2022-06-28,32.54,1.33,1.38,93.25,91.88,3.45,9,equal-weight sizing trim,2022-07-11,33.39,29.83,23.63,32.95,32.62,29.21,,,41.28,,63,5,,0.9,
SELL,137,UFCS,2022-07-12,31.1,1151.4,2022-06-28,29.83,17.17,17.9,1462.28,1444.37,4.21,9,rotation (out of top-N),2022-07-11,29.99,29.65,24.57,31.38,30.86,29.33,,,22.06,,147,4.41,,0.9,
SELL,141,UTL,2022-07-12,51.43,672.8,2022-06-28,51.05,17.17,17.3,255.66,238.36,0.69,9,rotation (out of top-N),2022-07-11,52.6,49.74,43.19,50.74,50.45,49.2,,,21.8,,140,4.36,,0.9,
BUY,152,AMR,2022-07-19,131.89,257.7,,,16.99,,,,,,,2022-07-18,127.59,130.42,99.41,130.48,119.89,139.15,,,28.34,,999,5,,0.6,
BUY,150,EQT,2022-07-19,35.34,961.76,,,16.99,,,,,,,2022-07-18,39.83,36.36,28.24,35.69,33.88,38.26,,,41.06,,999,5,,-0.1,
BUY,138,LNTH,2022-07-19,67.93,7.59,,,0.26,,,,,,,2022-07-18,68.67,65.6,45.98,66.83,66.7,65.59,,,49.34,,999,5,,-0.5,
BUY,143,MUSA,2022-07-19,269.56,1.88,,,0.25,,,,,,,2022-07-18,263.1,243.7,204.07,263.89,255.62,239.03,,,28.92,,999,5,,0.6,
BUY,153,STNG,2022-07-19,33.17,1024.68,,,16.99,,,,,,,2022-07-18,34.2,30.32,19.54,33.2,30.93,30.96,,,75.06,,126,5,,-1,
BUY,139,TMDX,2022-07-19,33.89,29.69,,,0.5,,,,,,,2022-07-18,34.66,30.71,23.84,32.17,32.63,29.84,,,45.43,,70,5,,0.6,
BUY,151,TNK,2022-07-19,16.72,2032.81,,,16.99,,,,,,,2022-07-18,17.54,15.94,12.82,16.08,15.27,16.65,,,36.84,,126,5,,0.2,
SELL,144,AXSM,2022-07-19,40.86,760.95,2022-07-12,43.08,16.39,15.55,-1685.51,-1701.06,-5.19,5,rotation (out of top-N),2022-07-18,40.31,35.77,33.61,41.04,41.84,31.42,,,19.92,,7,3.98,,3.9,
SELL,136,CNR,2022-07-19,53.05,70.65,2022-06-28,51.57,1.82,1.87,104.25,102.37,2.81,14,equal-weight sizing trim,2022-07-18,51.78,47.31,33.43,53.28,49.42,47.83,,,54.9,,999,5,,-0.7,
SELL,145,CORT,2022-07-19,27.45,1248.69,2022-07-12,26.25,16.39,17.14,1498.43,1481.29,4.52,5,rotation (out of top-N),2022-07-18,26.92,24.55,21.69,26.87,26.42,22.97,,,24.14,,140,4.83,,0.8,
SELL,146,CVSA,2022-07-19,39.24,870.83,2022-07-12,37.64,16.39,17.09,1397.68,1380.6,4.21,5,rotation (out of top-N),2022-07-18,39.08,35.57,30.61,38.76,37.45,34.35,,,27.69,,49,5,,2.8,
SELL,148,OLLI,2022-07-19,68.61,466.0,2022-07-12,70.34,16.39,15.99,-803.84,-819.83,-2.5,5,rotation (out of top-N),2022-07-18,65.52,60.34,52.52,68.1,67.3,56.75,,,24.76,,28,4.95,,3.3,
SELL,149,OXY,2022-07-19,56.73,5.33,2022-07-12,54.2,0.14,0.15,13.49,13.34,4.62,5,equal-weight sizing trim,2022-07-18,57.58,57.01,44.95,56.64,55.66,58.75,,,28.08,,999,5,,0.6,
SELL,147,TPL,2022-07-19,179.85,13.54,2022-07-12,161.77,1.1,1.22,244.87,243.65,11.12,5,equal-weight sizing trim,2022-07-18,189.66,167.92,141.06,179.85,170.41,164.78,,,34.46,,105,5,,0.5,
BUY,155,BELFB,2022-07-26,18.33,2001.82,,,18.35,,,,,,,2022-07-25,24.51,17.87,14.92,18.42,17.54,16.07,,,64.3,,147,5,,-1,
BUY,138,LNTH,2022-07-26,70.44,20.57,,,0.72,,,,,,,2022-07-25,76.72,67.62,47.33,70.46,69.44,66.48,,,62.09,,999,5,,-1,
BUY,154,PBF,2022-07-26,26.83,1367.63,,,18.35,,,,,,,2022-07-25,29.87,27.21,20.35,26.11,25.04,29.17,,,46.78,,203,5,,-0.3,
BUY,139,TMDX,2022-07-26,34.92,47.89,,,0.84,,,,,,,2022-07-25,40.38,32.47,24.16,34.43,33.86,30.67,,,67.13,,77,5,,-0.3,
BUY,147,TPL,2022-07-26,191.98,2.15,,,0.21,,,,,,,2022-07-25,196.49,173.11,142.63,189.5,181.64,170.27,,,37.76,,112,5,,0.2,
SELL,152,AMR,2022-07-26,141.67,257.7,2022-07-19,131.89,16.99,18.25,2520.35,2502.1,7.36,5,rotation (out of top-N),2022-07-25,130.02,130.35,101.13,138.77,129.0,136.74,,,28.56,,999,5,,0.6,
SELL,136,CNR,2022-07-26,57.57,3.32,2022-06-28,51.57,0.09,0.1,19.92,19.82,11.57,19,equal-weight sizing trim,2022-07-25,56.54,48.99,34.15,55.93,51.76,48.45,,,65.56,,999,5,,-1,
SELL,150,EQT,2022-07-26,43.6,119.75,2022-07-19,35.34,2.12,2.61,989.12,986.51,23.31,5,equal-weight sizing trim,2022-07-25,41.51,37.29,28.77,42.41,37.8,38.08,,,44.26,,999,5,,-0.2,
SELL,143,MUSA,2022-07-26,261.73,126.15,2022-07-12,263.86,16.64,16.51,-268.26,-284.77,-0.86,10,rotation (out of top-N),2022-07-25,278.85,250.09,206.73,265.4,261.51,242.72,,,34.89,,999,5,,0.3,
SELL,149,OXY,2022-07-26,62.14,8.64,2022-07-12,54.2,0.23,0.27,68.59,68.32,14.59,10,equal-weight sizing trim,2022-07-25,62.03,57.92,45.71,60.74,57.94,58.52,,,35.71,,999,5,,0.2,
SELL,153,STNG,2022-07-26,36.53,19.7,2022-07-19,33.17,0.33,0.36,66.21,65.85,10.07,5,equal-weight sizing trim,2022-07-25,35.06,31.18,20.03,36.58,33.64,31.91,,,75.06,,133,5,,-1,
SELL,151,TNK,2022-07-26,18.42,39.78,2022-07-19,16.72,0.33,0.37,67.62,67.25,10.11,5,equal-weight sizing trim,2022-07-25,18.41,16.39,12.98,18.27,16.8,16.67,,,41.86,,133,5,,-0.1,
BUY,136,CNR,2022-08-02,55.73,59.93,,,1.67,,,,,,,2022-08-01,56.88,50.42,34.94,55.53,55.07,49.41,,,62.8,,999,5,,-1,
BUY,159,DGII,2022-08-02,29.21,1330.38,,,19.43,,,,,,,2022-08-01,34.12,26.47,22.82,29.55,27.46,24.82,,,49.51,,56,5,,1.6,
BUY,156,MOD,2022-08-02,13.12,2961.93,,,19.43,,,,,,,2022-08-01,14.79,11.91,10.24,13.16,12.47,11.45,,,44.39,,42,5,,2.1,
BUY,157,PI,2022-08-02,86.23,450.66,,,19.43,,,,,,,2022-08-01,95.08,69.75,67.04,86.56,75.97,61.15,,,41.83,,0,5,,2.9,
BUY,158,RYTM,2022-08-02,12.99,2991.57,,,19.43,,,,,,,2022-08-01,20.23,10.28,8.51,12.44,11.87,6.85,,,137.89,,0,5,,2.0,
BUY,153,STNG,2022-08-02,37.0,45.81,,,0.85,,,,,,,2022-08-01,35.6,31.99,20.56,36.59,35.2,32.61,,,73.15,,140,5,,-1,
SELL,155,BELFB,2022-08-02,23.69,360.63,2022-07-26,18.33,3.31,4.27,1932.97,1928.7,29.18,5,equal-weight sizing trim,2022-08-01,24.47,19.07,15.19,23.96,20.62,16.8,,,61.05,,154,5,,-1,
SELL,150,EQT,2022-08-02,39.93,842.01,2022-07-19,35.34,14.88,16.81,3864.84,3848.03,12.93,10,rotation (out of top-N),2022-08-01,39.88,37.76,29.31,39.9,39.96,37.56,,,36.08,,999,5,,0.2,
SELL,138,LNTH,2022-08-02,75.28,4.73,2022-06-28,66.51,0.16,0.18,41.54,41.36,13.14,24,equal-weight sizing trim,2022-08-01,78.52,69.6,48.71,75.59,73.0,67.2,,,61.2,,999,5,,-1,
SELL,149,OXY,2022-08-02,61.59,590.79,2022-07-12,54.2,16.01,18.19,4365.95,4347.76,13.58,15,rotation (out of top-N),2022-08-01,55.64,57.51,46.31,61.52,59.51,57.83,,,20.14,,999,4.03,,1.0,
SELL,154,PBF,2022-08-02,28.99,1367.63,2022-07-26,26.83,18.35,19.82,2954.07,2934.25,8.0,5,rotation (out of top-N),2022-08-01,26.94,27.16,20.7,29.1,27.22,28.93,,,30.17,,210,5,,0.5,
SELL,139,TMDX,2022-08-02,40.96,102.07,2022-06-28,32.69,1.67,2.09,844.48,842.39,25.25,24,equal-weight sizing trim,2022-08-01,48.86,35.45,24.7,41.75,37.56,31.97,,,97.84,,84,5,,-0.4,
SELL,151,TNK,2022-08-02,19.7,19.44,2022-07-19,16.72,0.16,0.19,57.93,57.74,17.76,10,equal-weight sizing trim,2022-08-01,20.09,17.06,13.17,19.33,17.99,16.67,,,52.5,,140,5,,-0.6,
SELL,147,TPL,2022-08-02,195.98,191.23,2022-07-12,162.11,15.5,18.74,6476.95,6458.21,20.83,15,rotation (out of top-N),2022-08-01,177.0,173.82,143.78,195.0,189.76,174.45,,,23.11,,119,4.62,,0.9,
BUY,155,BELFB,2022-08-09,24.52,151.01,,,1.85,,,,,,,2022-08-08,26.24,20.37,15.49,24.76,23.02,17.85,,,69.41,,161,5,,-1,
BUY,160,CECO,2022-08-09,8.97,4894.13,,,21.96,,,,,,,2022-08-08,9.67,7.31,6.08,9.02,7.93,6.65,,,59.01,,28,5,,1.6,
BUY,136,CNR,2022-08-09,58.4,54.87,,,1.6,,,,,,,2022-08-08,63.89,52.87,35.99,55.65,55.37,49.96,,,77.54,,999,5,,-1,
BUY,161,INSW,2022-08-09,16.48,2665.34,,,21.96,,,,,,,2022-08-08,18.02,14.73,11.96,16.1,15.31,13.8,,,50.67,,140,5,,-0.5,
BUY,138,LNTH,2022-08-09,79.81,34.19,,,1.36,,,,,,,2022-08-08,83.13,72.06,50.06,79.13,75.25,67.87,,,66.05,,999,5,,-1,
BUY,153,STNG,2022-08-09,36.58,150.53,,,2.75,,,,,,,2022-08-08,38.47,33.17,21.15,36.31,35.52,32.96,,,81.9,,147,5,,-1,
BUY,139,TMDX,2022-08-09,45.49,16.85,,,0.38,,,,,,,2022-08-08,46.95,37.54,25.08,46.02,41.37,33.81,,,87.2,,91,5,,-0.5,
BUY,151,TNK,2022-08-09,21.89,34.0,,,0.37,,,,,,,2022-08-08,22.12,17.98,13.42,21.48,19.52,16.9,,,64.86,,147,5,,-1,
SELL,159,DGII,2022-08-09,33.35,1330.38,2022-08-02,29.21,19.43,22.18,5507.78,5485.6,14.12,5,rotation (out of top-N),2022-08-08,33.9,27.82,23.09,33.55,30.85,25.73,,,46.81,,63,5,,0.6,
SELL,156,MOD,2022-08-09,15.69,160.98,2022-08-02,13.12,1.06,1.26,413.72,412.46,19.53,5,equal-weight sizing trim,2022-08-08,16.66,12.77,10.38,15.63,13.79,11.72,,,60.52,,49,5,,1.2,
SELL,157,PI,2022-08-09,88.98,450.66,2022-08-02,86.23,19.43,20.05,1239.32,1219.27,3.14,5,rotation (out of top-N),2022-08-08,97.91,74.87,67.54,91.0,86.32,66.1,,,44.96,,7,5,,2.6,
SELL,158,RYTM,2022-08-09,20.55,853.04,2022-08-02,12.99,5.54,8.76,6448.96,6440.19,58.12,5,equal-weight sizing trim,2022-08-08,21.76,12.37,8.7,21.06,16.34,8.66,,,150.04,,7,5,,1.9,
BUY,162,AXSM,2022-08-16,46.88,1020.63,,,23.93,,,,,,,2022-08-15,59.56,42.87,34.36,47.37,44.27,39.39,,,73.33,,35,5,,1.4,
BUY,155,BELFB,2022-08-16,26.39,21.95,,,0.29,,,,,,,2022-08-15,27.07,21.59,15.82,26.45,24.66,19.12,,,71.16,,168,5,,-1,
BUY,138,LNTH,2022-08-16,83.12,25.35,,,1.05,,,,,,,2022-08-15,82.46,73.95,51.36,83.76,80.08,70.39,,,60.54,,999,5,,-1,
BUY,153,STNG,2022-08-16,37.0,92.59,,,1.71,,,,,,,2022-08-15,35.89,33.66,21.64,37.07,37.16,33.67,,,65.87,,154,5,,-1,
BUY,139,TMDX,2022-08-16,47.0,52.54,,,1.23,,,,,,,2022-08-15,45.65,39.01,25.55,47.56,44.66,36.26,,,78.66,,98,5,,-0.6,
BUY,151,TNK,2022-08-16,22.13,155.72,,,1.72,,,,,,,2022-08-15,21.86,18.69,13.66,21.9,21.12,17.48,,,60.08,,154,5,,-1,
SELL,160,CECO,2022-08-16,10.08,144.53,2022-08-09,8.97,0.65,0.73,159.71,158.98,12.26,5,equal-weight sizing trim,2022-08-15,9.6,7.72,6.16,10.13,9.01,7.08,,,55.87,,35,5,,1.6,
SELL,136,CNR,2022-08-16,64.21,6.87,2022-06-28,52.4,0.18,0.22,81.12,80.9,22.47,34,equal-weight sizing trim,2022-08-15,67.48,55.53,37.08,62.77,59.93,51.98,,,81.98,,999,5,,-1,
SELL,161,INSW,2022-08-16,18.37,2665.34,2022-08-09,16.48,21.96,24.48,5037.5,5013.02,11.41,5,rotation (out of top-N),2022-08-15,18.92,15.49,12.15,18.2,16.89,14.22,,,55.72,,147,5,,-0.8,
SELL,156,MOD,2022-08-16,17.2,17.46,2022-08-02,13.12,0.11,0.15,71.23,71.08,31.03,10,equal-weight sizing trim,2022-08-15,16.85,13.51,10.52,17.16,15.44,12.36,,,60.23,,56,5,,1.1,
SELL,158,RYTM,2022-08-16,26.47,329.84,2022-08-02,12.99,2.14,4.37,4446.28,4441.92,103.67,10,equal-weight sizing trim,2022-08-15,24.85,14.64,9.0,26.44,20.44,11.02,,,176.26,,14,5,,1.8,
BUY,162,AXSM,2022-08-23,65.62,0.0,,,0.0,,,,,,,2022-08-22,67.08,47.27,35.14,64.38,49.86,42.77,,,90.88,,42,5,,1.3,
BUY,155,BELFB,2022-08-23,26.25,79.48,,,1.04,,,,,,,2022-08-22,26.3,22.45,16.15,25.83,25.77,20.5,,,62.81,,175,5,,-1,
BUY,160,CECO,2022-08-23,10.4,30.1,,,0.16,,,,,,,2022-08-22,10.38,8.2,6.25,10.08,9.58,7.58,,,65.93,,42,5,,1.3,
BUY,163,GSAT,2022-08-23,25.2,1971.59,,,24.84,,,,,,,2022-08-22,29.85,23.43,19.1,25.05,25.02,21.47,,,56.26,,35,5,,1.6,
BUY,138,LNTH,2022-08-23,80.75,39.6,,,1.6,,,,,,,2022-08-22,81.51,75.33,52.69,80.72,81.43,73.03,,,54.71,,999,5,,-0.7,
BUY,158,RYTM,2022-08-23,23.7,289.04,,,3.42,,,,,,,2022-08-22,24.0,16.34,9.34,23.61,22.86,13.52,,,156.98,,21,5,,1.7,
BUY,153,STNG,2022-08-23,37.66,26.03,,,0.49,,,,,,,2022-08-22,37.49,34.36,22.24,36.86,36.56,34.19,,,68.59,,161,5,,-1,
BUY,139,TMDX,2022-08-23,47.23,33.86,,,0.8,,,,,,,2022-08-22,52.36,41.44,26.29,47.05,45.29,38.26,,,99.16,,105,5,,-0.8,
BUY,151,TNK,2022-08-23,22.23,72.77,,,0.81,,,,,,,2022-08-22,21.8,19.25,13.94,21.95,21.74,18.28,,,56.44,,161,5,,-0.8,
SELL,162,AXSM,2022-08-23,65.62,263.1,2022-08-16,46.88,6.17,8.63,4929.12,4920.49,39.89,5,equal-weight sizing trim,2022-08-22,67.08,47.27,35.14,64.38,49.86,42.77,,,90.88,,42,5,,1.3,
SELL,136,CNR,2022-08-23,71.55,50.87,2022-06-28,52.4,1.33,1.82,974.0,972.18,36.47,39,equal-weight sizing trim,2022-08-22,71.61,58.45,38.35,69.6,64.39,54.59,,,86.74,,999,5,,-1,
SELL,156,MOD,2022-08-23,16.33,2783.49,2022-08-02,13.12,18.26,22.73,8934.99,8912.27,24.4,15,rotation (out of top-N),2022-08-22,16.15,13.99,10.62,16.07,16.33,13.13,,,52.02,,63,5,,0.3,
BUY,162,AXSM,2022-08-30,64.81,26.03,,,0.84,,,,,,,2022-08-29,62.96,50.12,35.79,64.25,60.47,46.37,,,75.9,,49,5,,1.2,
BUY,155,BELFB,2022-08-30,25.43,103.44,,,1.32,,,,,,,2022-08-29,25.92,23.08,16.5,26.29,26.26,21.91,,,57.07,,182,5,,-0.9,
BUY,136,CNR,2022-08-30,68.33,48.49,,,1.66,,,,,,,2022-08-29,67.95,60.18,39.52,69.97,68.0,57.37,,,71.96,,999,5,,-1,
BUY,164,FSLR,2022-08-30,125.37,404.89,,,25.38,,,,,,,2022-08-29,126.41,102.87,81.63,121.67,117.61,93.63,,,54.86,,21,5,,1.9,
BUY,165,INSW,2022-08-30,19.43,2612.54,,,25.38,,,,,,,2022-08-29,19.4,16.7,12.63,19.66,18.77,15.64,,,53.65,,161,5,,-0.7,
BUY,158,RYTM,2022-08-30,22.5,159.39,,,1.79,,,,,,,2022-08-29,25.17,17.94,9.74,22.09,23.23,15.93,,,158.52,,28,5,,1.5,
BUY,153,STNG,2022-08-30,37.79,23.99,,,0.45,,,,,,,2022-08-29,38.93,35.19,22.89,38.38,37.22,34.85,,,70.09,,168,5,,-1,
BUY,151,TNK,2022-08-30,22.0,72.38,,,0.8,,,,,,,2022-08-29,21.3,19.63,14.21,22.26,21.93,19.05,,,49.89,,168,5,,-0.5,
SELL,160,CECO,2022-08-30,10.32,4779.7,2022-08-09,8.98,21.47,24.66,6385.8,6361.14,14.81,15,rotation (out of top-N),2022-08-29,8.91,8.33,6.32,10.32,10.09,8.12,,,41.06,,49,5,,2.1,
SELL,163,GSAT,2022-08-30,30.9,328.0,2022-08-23,25.2,4.13,5.07,1869.62,1864.55,22.56,5,equal-weight sizing trim,2022-08-29,30.68,24.75,19.34,29.93,27.38,22.67,,,58.67,,42,5,,1.4,
SELL,138,LNTH,2022-08-30,79.95,615.57,2022-06-28,68.85,21.19,24.61,6835.68,6811.07,16.07,44,rotation (out of top-N),2022-08-29,78.52,75.91,53.95,80.15,81.93,75.24,,,45.55,,999,5,,-0.3,
SELL,139,TMDX,2022-08-30,54.57,121.8,2022-06-28,34.07,2.08,3.32,2496.32,2493.0,60.07,44,equal-weight sizing trim,2022-08-29,51.9,43.34,27.04,53.19,49.81,40.82,,,91.94,,112,5,,-0.9,
BUY,162,AXSM,2022-09-13,60.16,66.44,,,2.0,,,,,,,2022-09-12,59.14,53.54,37.19,62.31,61.69,50.5,,,59.03,,63,5,,-0.0,
BUY,155,BELFB,2022-09-13,25.4,16.21,,,0.21,,,,,,,2022-09-12,25.16,23.85,17.17,25.87,26.14,24.17,,,46.52,,196,5,,-0.3,
BUY,167,ELVN,2022-09-13,8.86,5768.86,,,25.56,,,,,,,2022-09-12,9.32,6.12,5.88,9.52,6.92,5.12,,,58.64,,0,5,,2.1,
BUY,139,TMDX,2022-09-13,54.79,2.66,,,0.07,,,,,,,2022-09-12,49.93,46.03,28.52,55.64,52.89,45.2,,,75.05,,126,5,,-1,
BUY,166,YPF,2022-09-13,6.9,7407.56,,,25.56,,,,,,,2022-09-12,6.95,5.31,4.35,7.01,6.27,4.55,,,59.77,,21,5,,1.7,
SELL,136,CNR,2022-09-13,61.69,743.24,2022-06-28,53.44,19.86,22.93,6130.05,6107.13,15.38,53,rotation (out of top-N),2022-09-12,58.01,60.08,41.53,61.72,64.8,61.46,,,39.68,,999,5,,0.0,
SELL,164,FSLR,2022-09-13,131.69,16.58,2022-08-30,125.37,1.04,1.09,104.76,103.67,4.99,9,equal-weight sizing trim,2022-09-12,135.74,113.75,83.53,136.77,130.51,107.58,,,62.5,,35,5,,1.4,
SELL,163,GSAT,2022-09-13,26.55,1643.59,2022-08-23,25.2,20.71,21.82,2218.85,2197.03,5.3,14,rotation (out of top-N),2022-09-12,27.6,25.49,19.7,27.08,28.07,24.84,,,40.13,,56,5,,2.1,
SELL,165,INSW,2022-09-13,20.45,111.92,2022-08-30,19.43,1.09,1.14,114.15,113.01,5.2,9,equal-weight sizing trim,2022-09-12,21.34,18.12,13.2,20.58,19.75,17.3,,,61.68,,175,5,,-1,
SELL,158,RYTM,2022-09-13,25.46,248.57,2022-08-02,15.03,1.87,3.16,2591.97,2588.81,69.28,29,equal-weight sizing trim,2022-09-12,24.19,19.87,10.45,26.41,23.72,19.79,,,131.43,,42,5,,1.3,
SELL,153,STNG,2022-09-13,39.95,63.87,2022-07-19,34.12,1.09,1.28,372.64,371.37,17.04,39,equal-weight sizing trim,2022-09-12,39.2,36.67,24.3,40.62,38.67,36.83,,,61.3,,182,5,,-1,
SELL,151,TNK,2022-09-13,23.88,167.02,2022-07-19,17.5,1.46,1.99,1065.53,1063.53,36.39,39,equal-weight sizing trim,2022-09-12,24.28,21.12,14.93,24.17,22.6,20.73,,,62.64,,182,5,,-1,
BUY,169,CECO,2022-09-20,9.35,5573.96,,,26.06,,,,,,,2022-09-19,9.09,8.78,6.57,9.52,9.56,9.26,,,38.36,,70,5,,0.9,
BUY,167,ELVN,2022-09-20,8.92,76.68,,,0.34,,,,,,,2022-09-19,9.0,6.64,5.87,9.0,8.32,5.66,,,53.27,,7,5,,2.2,
BUY,165,INSW,2022-09-20,23.07,0.0,,,0.0,,,,,,,2022-09-19,21.39,18.71,13.49,22.86,21.02,18.24,,,58.51,,182,5,,-0.9,
BUY,158,RYTM,2022-09-20,24.21,145.14,,,1.76,,,,,,,2022-09-19,21.57,20.18,10.73,23.36,24.47,21.37,,,100.98,,49,5,,1.2,
BUY,153,STNG,2022-09-20,39.2,50.1,,,0.98,,,,,,,2022-09-19,36.06,36.56,24.92,39.34,39.48,37.54,,,44.68,,189,5,,-0.2,
BUY,139,TMDX,2022-09-20,51.49,79.2,,,2.04,,,,,,,2022-09-19,41.57,45.22,29.04,50.34,51.87,47.39,,,43.13,,133,5,,-0.2,
BUY,168,XMTR,2022-09-20,60.15,866.51,,,26.06,,,,,,,2022-09-19,59.94,50.25,42.25,60.68,57.14,48.17,,,41.88,,28,5,,2.4,
SELL,162,AXSM,2022-09-20,59.38,850.0,2022-08-16,48.47,20.6,25.24,9272.05,9246.81,22.44,24,rotation (out of top-N),2022-09-19,50.25,52.94,37.56,59.68,61.04,52.81,,,33.78,,70,5,,1.1,
SELL,155,BELFB,2022-09-20,24.69,2013.29,2022-07-26,19.62,19.75,24.85,10214.31,10189.46,25.8,39,rotation (out of top-N),2022-09-19,24.08,23.89,17.47,24.9,25.67,25.13,,,37.81,,203,5,,0.1,
SELL,164,FSLR,2022-09-20,137.8,9.93,2022-08-30,125.37,0.62,0.68,123.38,122.69,9.86,14,equal-weight sizing trim,2022-09-19,129.83,116.67,84.45,137.08,133.7,115.6,,,53.73,,42,5,,1.6,
SELL,165,INSW,2022-09-20,23.07,240.43,2022-08-30,19.43,2.34,2.77,875.17,872.4,18.67,14,equal-weight sizing trim,2022-09-19,21.39,18.71,13.49,22.86,21.02,18.24,,,58.51,,182,5,,-0.9,
SELL,151,TNK,2022-09-20,27.44,241.21,2022-07-19,17.5,2.11,3.31,2397.51,2394.2,56.72,44,equal-weight sizing trim,2022-09-19,24.89,21.8,15.31,27.33,24.4,21.74,,,62.62,,189,5,,-1,
SELL,166,YPF,2022-09-20,7.15,114.89,2022-09-13,6.9,0.4,0.41,28.72,28.31,3.57,5,equal-weight sizing trim,2022-09-19,6.23,5.47,4.41,7.21,6.76,5.06,,,41.24,,28,5,,2.5,
BUY,170,BELFB,2022-09-27,24.15,1997.63,,,24.12,,,,,,,2022-09-26,24.84,24.06,17.79,24.12,24.87,25.61,,,39.64,,210,5,,0.0,
BUY,174,CECO,2022-09-27,9.24,5221.07,,,24.12,,,,,,,2022-09-26,8.87,8.79,6.64,9.19,9.38,9.48,,,33.69,,77,5,,1.0,
BUY,172,CNR,2022-09-27,57.01,846.21,,,24.12,,,,,,,2022-09-26,60.07,59.35,43.34,54.98,59.11,62.65,,,38.61,,999,5,,0.1,
BUY,171,DGII,2022-09-27,32.59,1480.06,,,24.12,,,,,,,2022-09-26,34.57,32.3,24.83,32.16,33.34,33.52,,,39.24,,112,5,,0.2,
BUY,167,ELVN,2022-09-27,8.56,0.0,,,0.0,,,,,,,2022-09-26,9.04,7.08,5.85,8.48,8.72,6.19,,,54.58,,14,5,,2.0,
BUY,165,INSW,2022-09-27,22.18,0.0,,,0.0,,,,,,,2022-09-26,22.3,19.37,13.82,21.63,21.63,19.17,,,61.34,,189,5,,-1,
BUY,175,PLMR,2022-09-27,83.97,574.52,,,24.12,,,,,,,2022-09-26,83.81,78.44,63.67,83.09,84.64,79.17,,,31.64,,49,5,,2.6,
BUY,173,XMTR,2022-09-27,56.81,849.19,,,24.12,,,,,,,2022-09-26,56.82,51.44,42.4,58.23,58.99,51.08,,,34.02,,35,5,,2.7,
SELL,169,CECO,2022-09-27,9.24,5573.96,2022-09-20,9.35,26.06,25.75,-613.14,-638.89,-1.23,5,rotation (out of top-N),2022-09-26,8.87,8.79,6.64,9.19,9.38,9.48,,,33.69,,77,5,,1.0,
SELL,167,ELVN,2022-09-27,8.56,206.9,2022-09-13,8.86,0.92,0.89,-62.23,-63.12,-3.44,10,equal-weight sizing trim,2022-09-26,9.04,7.08,5.85,8.48,8.72,6.19,,,54.58,,14,5,,2.0,
SELL,164,FSLR,2022-09-27,131.34,10.9,2022-08-30,125.37,0.68,0.72,65.06,64.35,4.71,19,equal-weight sizing trim,2022-09-26,132.35,119.52,85.57,128.14,132.04,121.76,,,54.66,,49,5,,1.5,
SELL,165,INSW,2022-09-27,22.18,84.05,2022-08-30,19.43,0.82,0.93,231.14,230.2,14.1,19,equal-weight sizing trim,2022-09-26,22.3,19.37,13.82,21.63,21.63,19.17,,,61.34,,189,5,,-1,
SELL,158,RYTM,2022-09-27,20.99,2153.69,2022-08-02,15.65,16.85,22.6,11498.76,11476.15,34.05,39,ratchet-ATR exit,2022-09-26,24.49,20.97,11.04,20.57,23.22,22.71,,,121.84,,56,5,,1.1,
SELL,153,STNG,2022-09-27,38.34,71.23,2022-07-19,34.31,1.22,1.37,287.24,285.88,11.7,49,equal-weight sizing trim,2022-09-26,38.3,36.87,25.58,37.25,38.7,37.84,,,49.71,,196,5,,-0.5,
SELL,139,TMDX,2022-09-27,41.17,1012.54,2022-06-28,35.49,17.97,20.84,5750.08,5729.24,15.94,63,ratchet-ATR exit,2022-09-26,41.8,44.6,29.56,39.75,46.11,48.12,,,41.39,,140,5,,-0.1,
SELL,151,TNK,2022-09-27,25.26,1900.24,2022-07-19,17.5,16.63,24.0,14745.26,14721.26,44.27,49,ratchet-ATR exit,2022-09-26,24.27,22.25,15.66,24.66,25.44,22.74,,,54.97,,196,5,,-0.7,
SELL,168,XMTR,2022-09-27,56.81,866.51,2022-09-20,60.15,26.06,24.61,-2889.82,-2914.44,-5.59,5,rotation (out of top-N),2022-09-26,56.82,51.44,42.4,58.23,58.99,51.08,,,34.02,,35,5,,2.7,
SELL,166,YPF,2022-09-27,6.34,7292.67,2022-09-13,6.9,25.16,23.14,-4047.43,-4070.57,-8.09,10,ratchet-ATR exit,2022-09-26,6.21,5.61,4.47,6.25,6.65,5.47,,,38.98,,35,5,,2.5,
BUY,179,AEHR,2022-10-04,15.55,3327.64,,,25.88,,,,,,,2022-10-03,17.16,14.54,11.41,14.71,14.42,15.59,,,50.35,,49,5,,1.7,
BUY,167,ELVN,2022-10-04,9.24,0.0,,,0.0,,,,,,,2022-10-03,9.32,7.49,5.86,9.14,8.91,6.72,,,59.14,,21,5,,1.7,
BUY,164,FSLR,2022-10-04,140.46,1.2,,,0.08,,,,,,,2022-10-03,129.3,121.3,86.63,136.62,133.23,126.02,,,49.26,,56,5,,1.6,
BUY,165,INSW,2022-10-04,22.26,150.26,,,1.67,,,,,,,2022-10-03,21.76,19.8,14.13,22.25,22.0,19.99,,,53.94,,196,5,,-0.7,
BUY,178,RYTM,2022-10-04,23.75,2179.43,,,25.88,,,,,,,2022-10-03,23.98,21.51,11.39,23.69,23.68,23.62,,,110.54,,63,5,,-0.0,
BUY,153,STNG,2022-10-04,37.69,115.06,,,2.17,,,,,,,2022-10-03,38.3,37.13,26.25,37.9,38.41,38.17,,,45.89,,203,5,,-0.3,
BUY,177,TNK,2022-10-04,25.02,2068.8,,,25.88,,,,,,,2022-10-03,24.54,22.67,16.03,25.12,24.87,23.33,,,53.04,,203,5,,-0.7,
BUY,176,YPF,2022-10-04,6.9,7501.66,,,25.88,,,,,,,2022-10-03,7.18,5.89,4.55,6.83,6.5,5.81,,,57.83,,42,5,,1.4,
SELL,170,BELFB,2022-10-04,26.53,1997.63,2022-09-27,24.15,24.12,26.5,4754.35,4727.85,9.8,5,rotation (out of top-N),2022-10-03,25.76,24.37,18.12,25.69,24.89,25.69,,,42.17,,217,5,,-0.1,
SELL,174,CECO,2022-10-04,9.7,5221.07,2022-09-27,9.24,24.12,25.32,2401.69,2376.37,4.93,5,rotation (out of top-N),2022-10-03,9.41,8.91,6.72,9.5,9.25,9.63,,,40.12,,84,5,,0.6,
SELL,172,CNR,2022-10-04,65.67,57.61,2022-09-27,57.01,1.64,1.89,498.94,497.05,15.13,5,equal-weight sizing trim,2022-10-03,65.79,60.52,44.46,64.43,60.86,63.43,,,47.98,,999,5,,-0.4,
SELL,171,DGII,2022-10-04,37.94,115.08,2022-09-27,32.59,1.88,2.18,615.12,612.93,16.34,5,equal-weight sizing trim,2022-10-03,36.75,33.11,25.13,36.83,34.28,33.89,,,46.25,,119,5,,-0.3,
SELL,167,ELVN,2022-10-04,9.24,33.95,2022-09-13,8.86,0.15,0.16,12.88,12.72,4.23,15,equal-weight sizing trim,2022-10-03,9.32,7.49,5.86,9.14,8.91,6.72,,,59.14,,21,5,,1.7,
SELL,175,PLMR,2022-10-04,90.87,574.52,2022-09-27,83.97,24.12,26.1,3964.2,3938.1,8.16,5,rotation (out of top-N),2022-10-03,90.5,80.63,64.3,87.46,85.33,81.49,,,40.74,,56,5,,2.0,
SELL,173,XMTR,2022-10-04,59.65,849.19,2022-09-27,56.81,24.12,25.33,2411.71,2386.38,4.95,5,rotation (out of top-N),2022-10-03,59.0,52.82,42.59,58.51,58.04,53.06,,,38.53,,42,5,,2.4,
BUY,182,BELFB,2022-10-11,26.34,1904.33,,,25.08,,,,,,,2022-10-10,26.0,24.67,18.45,25.99,25.62,25.82,,,40.94,,224,5,,-0.0,
BUY,181,CECO,2022-10-11,9.6,5224.99,,,25.08,,,,,,,2022-10-10,9.74,9.06,6.8,9.71,9.51,9.68,,,43.16,,91,5,,0.3,
BUY,184,FSLR,2022-10-11,128.4,390.65,,,25.08,,,,,,,2022-10-10,123.39,121.68,87.59,131.04,133.05,128.71,,,40.86,,63,5,,0.9,
BUY,165,INSW,2022-10-11,21.52,5.62,,,0.06,,,,,,,2022-10-10,24.4,20.64,14.51,21.79,21.75,20.53,,,68.2,,203,5,,-1,
BUY,183,PBF,2022-10-11,33.14,1513.58,,,25.08,,,,,,,2022-10-10,35.98,31.17,25.47,34.26,33.15,30.61,,,41.29,,280,5,,-0.1,
BUY,180,PLMR,2022-10-11,91.87,545.99,,,25.08,,,,,,,2022-10-10,92.7,82.83,65.14,92.31,89.3,83.62,,,42.31,,63,5,,0.8,
BUY,177,TNK,2022-10-11,23.35,80.41,,,0.94,,,,,,,2022-10-10,26.71,23.4,16.44,23.65,24.32,23.58,,,62.42,,210,5,,-1,
SELL,179,AEHR,2022-10-11,16.25,3327.64,2022-10-04,15.56,25.88,27.04,2312.71,2285.67,4.42,5,rotation (out of top-N),2022-10-10,14.75,14.58,11.38,16.58,15.18,15.41,,,29.62,,56,5,,2.6,
SELL,172,CNR,2022-10-11,62.85,788.6,2022-09-27,57.01,22.48,24.78,4605.42,4580.64,10.19,10,rotation (out of top-N),2022-10-10,63.38,61.04,45.5,63.97,63.8,64.03,,,39.3,,999,5,,0.0,
SELL,171,DGII,2022-10-11,35.62,1364.98,2022-09-27,32.59,22.25,24.31,4129.06,4104.75,9.23,10,rotation (out of top-N),2022-10-10,32.48,33.0,25.33,35.62,35.84,34.31,,,28.21,,126,5,,0.6,
SELL,167,ELVN,2022-10-11,9.24,173.41,2022-09-13,8.86,0.77,0.8,65.76,64.96,4.23,20,equal-weight sizing trim,2022-10-10,15.2,8.89,6.03,9.32,9.19,7.3,,,152.01,,28,5,,1.5,
SELL,164,FSLR,2022-10-11,128.4,368.7,2022-08-30,125.42,23.12,23.67,1099.01,1075.34,2.33,29,rotation (out of top-N),2022-10-10,123.39,121.68,87.59,131.04,133.05,128.71,,,40.86,,63,5,,0.9,
SELL,178,RYTM,2022-10-11,23.37,32.02,2022-10-04,23.75,0.38,0.37,-12.17,-12.54,-1.65,5,equal-weight sizing trim,2022-10-10,22.18,21.63,11.71,23.19,24.22,24.05,,,89.35,,70,5,,-0.2,
SELL,153,STNG,2022-10-11,35.75,1373.98,2022-07-19,34.59,23.76,24.56,1593.05,1568.49,3.3,59,ratchet-ATR exit,2022-10-10,42.21,38.06,27.01,37.12,37.68,38.05,,,56.26,,210,5,,-0.8,
SELL,176,YPF,2022-10-11,6.94,270.39,2022-10-04,6.9,0.93,0.94,10.82,9.88,0.53,5,equal-weight sizing trim,2022-10-10,6.69,6.04,4.62,6.87,6.88,6.19,,,44.84,,49,5,,1.9,
BUY,186,AEHR,2022-10-18,17.74,3154.81,,,27.98,,,,,,,2022-10-17,20.82,15.71,11.56,16.79,15.56,15.2,,,80.03,,63,5,,-0.0,
BUY,182,BELFB,2022-10-18,27.35,142.93,,,1.95,,,,,,,2022-10-17,28.72,25.4,18.83,27.03,26.19,25.8,,,52.48,,231,5,,-0.6,
BUY,181,CECO,2022-10-18,10.49,112.82,,,0.59,,,,,,,2022-10-17,10.48,9.32,6.91,10.07,9.68,9.66,,,51.78,,98,5,,-0.2,
BUY,178,RYTM,2022-10-18,24.05,180.74,,,2.17,,,,,,,2022-10-17,24.0,22.06,12.09,23.32,23.49,23.83,,,98.58,,77,5,,-0.3,
BUY,185,STNG,2022-10-18,43.24,1294.32,,,27.98,,,,,,,2022-10-17,43.39,39.03,27.8,42.99,39.96,38.63,,,56.05,,217,5,,-0.8,
BUY,176,YPF,2022-10-18,7.1,654.92,,,2.32,,,,,,,2022-10-17,7.17,6.24,4.69,7.06,6.84,6.45,,,52.8,,56,5,,1.4,
SELL,167,ELVN,2022-10-18,14.32,1521.06,2022-09-13,8.86,6.74,10.89,8303.82,8292.93,61.53,25,equal-weight sizing trim,2022-10-17,15.66,10.12,6.23,13.88,11.13,8.18,,,151.53,,35,5,,1.4,
SELL,184,FSLR,2022-10-18,121.39,390.65,2022-10-11,128.4,25.08,23.71,-2736.53,-2760.24,-5.5,5,rotation (out of top-N),2022-10-17,122.55,121.84,88.58,118.29,127.37,129.75,,,38.35,,70,5,,0.9,
SELL,165,INSW,2022-10-18,24.98,90.45,2022-08-30,19.62,0.89,1.13,485.05,483.92,27.27,34,equal-weight sizing trim,2022-10-17,25.64,21.55,14.91,24.48,23.04,21.14,,,72.0,,210,5,,-1,
SELL,183,PBF,2022-10-18,37.45,18.4,2022-10-11,33.14,0.3,0.34,79.31,78.97,12.95,5,equal-weight sizing trim,2022-10-17,38.97,32.59,26.03,37.19,35.29,31.24,,,49.69,,287,5,,-0.5,
SELL,180,PLMR,2022-10-18,89.12,545.99,2022-10-11,91.87,25.08,24.33,-1498.74,-1523.07,-3.04,5,rotation (out of top-N),2022-10-17,81.12,82.52,65.88,89.16,90.49,85.24,,,23.14,,70,4.63,,1.7,
SELL,177,TNK,2022-10-18,28.47,182.43,2022-10-04,24.96,2.28,2.6,640.78,638.18,14.02,10,equal-weight sizing trim,2022-10-17,28.75,24.37,16.9,28.09,25.62,24.06,,,70.09,,217,5,,-1,
BUY,181,CECO,2022-10-25,11.24,67.17,,,0.38,,,,,,,2022-10-24,11.82,9.77,7.04,11.5,10.3,9.68,,,67.88,,105,5,,-0.8,
BUY,165,INSW,2022-10-25,25.53,138.02,,,1.76,,,,,,,2022-10-24,26.15,22.38,15.34,25.98,24.56,21.94,,,70.41,,217,5,,-1,
BUY,187,PCVX,2022-10-25,33.5,1812.6,,,30.36,,,,,,,2022-10-24,43.4,27.7,24.1,33.19,25.18,25.57,,,80.07,,105,5,,-0.8,
BUY,188,PI,2022-10-25,84.86,715.56,,,30.36,,,,,,,2022-10-24,116.25,88.84,69.3,84.61,82.37,85.58,,,67.74,,84,5,,-0.4,
BUY,178,RYTM,2022-10-25,24.25,177.53,,,2.15,,,,,,,2022-10-24,26.36,22.85,12.56,23.28,23.32,23.73,,,109.83,,84,5,,-0.4,
BUY,177,TNK,2022-10-25,29.08,122.31,,,1.78,,,,,,,2022-10-24,27.14,24.88,17.35,28.77,27.62,24.92,,,56.42,,224,5,,-0.8,
BUY,176,YPF,2022-10-25,7.58,128.58,,,0.49,,,,,,,2022-10-24,7.64,6.5,4.78,7.38,7.04,6.68,,,59.78,,63,5,,-0.0,
SELL,186,AEHR,2022-10-25,22.18,415.74,2022-10-18,17.74,3.69,4.61,1845.89,1841.28,24.97,5,equal-weight sizing trim,2022-10-24,21.86,16.83,11.83,22.0,18.5,15.5,,,84.76,,70,5,,-0.2,
SELL,182,BELFB,2022-10-25,30.2,35.58,2022-10-11,26.41,0.47,0.54,134.83,134.29,14.29,10,equal-weight sizing trim,2022-10-24,33.96,26.96,19.38,29.91,27.61,26.02,,,75.21,,238,5,,-1,
SELL,167,ELVN,2022-10-25,18.84,685.56,2022-09-13,8.86,3.04,6.46,6841.37,6834.91,112.52,30,equal-weight sizing trim,2022-10-24,17.04,11.38,6.48,18.08,14.74,9.69,,,162.76,,42,5,,1.3,
SELL,183,PBF,2022-10-25,37.86,1495.17,2022-10-11,33.14,24.78,28.3,7057.22,7028.92,14.19,10,rotation (out of top-N),2022-10-24,41.02,34.12,26.71,38.79,37.58,31.91,,,53.58,,294,5,,-0.7,
SELL,185,STNG,2022-10-25,42.35,1294.32,2022-10-18,43.24,27.98,27.41,-1151.94,-1179.35,-2.11,5,rotation (out of top-N),2022-10-24,42.66,39.69,28.61,42.99,42.35,39.48,,,49.13,,224,5,,-0.5,
BUY,182,BELFB,2022-11-01,32.0,52.87,,,0.85,,,,,,,2022-10-31,34.08,28.25,19.94,31.96,30.3,26.61,,,70.92,,245,5,,-1,
BUY,167,ELVN,2022-11-01,17.96,453.63,,,4.07,,,,,,,2022-10-31,17.16,12.43,6.78,17.8,16.48,11.27,,,153.13,,49,5,,1.2,
BUY,190,FSLR,2022-11-01,148.7,444.07,,,33.02,,,,,,,2022-10-31,153.63,129.23,91.98,145.69,131.05,131.22,,,67.02,,84,5,,-0.4,
BUY,165,INSW,2022-11-01,27.01,66.37,,,0.9,,,,,,,2022-10-31,28.58,23.51,15.83,26.99,25.78,22.88,,,80.49,,224,5,,-1,
BUY,189,MOD,2022-11-01,18.09,3650.25,,,33.02,,,,,,,2022-10-31,21.07,15.95,11.88,17.94,16.27,14.71,,,77.39,,133,5,,-1,
BUY,191,TMDX,2022-11-01,48.88,1350.92,,,33.02,,,,,,,2022-10-31,55.93,46.67,33.3,48.11,46.28,45.75,,,67.98,,175,5,,-1,
BUY,177,TNK,2022-11-01,28.54,225.66,,,3.22,,,,,,,2022-10-31,30.36,25.87,17.87,27.76,27.8,25.74,,,69.86,,231,5,,-1,
BUY,176,YPF,2022-11-01,7.83,422.57,,,1.65,,,,,,,2022-10-31,8.05,6.78,4.88,7.63,7.46,6.94,,,64.97,,70,5,,-0.2,
SELL,186,AEHR,2022-11-01,21.12,2739.07,2022-10-18,17.74,24.3,28.93,9271.74,9242.81,19.02,10,rotation (out of top-N),2022-10-31,19.47,17.31,12.03,20.59,20.18,16.35,,,61.79,,77,5,,-0.3,
SELL,181,CECO,2022-11-01,12.02,5404.99,2022-10-11,9.64,26.05,32.47,12842.48,12810.01,24.59,15,rotation (out of top-N),2022-10-31,11.62,10.11,7.17,11.84,11.22,9.92,,,61.96,,112,5,,-0.9,
SELL,187,PCVX,2022-11-01,44.08,313.65,2022-10-25,33.5,5.25,6.91,3316.9,3309.98,31.5,5,equal-weight sizing trim,2022-10-31,43.0,30.48,24.73,43.6,35.51,27.36,,,73.88,,112,5,,-0.9,
SELL,188,PI,2022-11-01,115.52,715.56,2022-10-25,84.86,30.36,41.33,21938.96,21897.63,36.06,5,rotation (out of top-N),2022-10-31,111.45,92.95,70.21,114.77,98.44,87.55,,,58.74,,91,5,,-0.5,
SELL,178,RYTM,2022-11-01,26.5,13.1,2022-10-04,23.81,0.16,0.17,35.34,35.17,11.28,20,equal-weight sizing trim,2022-10-31,23.3,22.93,12.97,25.2,24.61,23.95,,,79.61,,91,5,,-0.5,
BUY,193,AEHR,2022-11-08,21.69,3148.17,,,34.14,,,,,,,2022-11-07,24.6,18.64,12.35,21.35,19.83,17.03,,,99.26,,84,5,,-0.4,
BUY,192,CECO,2022-11-08,11.17,6113.15,,,34.14,,,,,,,2022-11-07,11.94,10.44,7.33,11.37,11.43,10.16,,,62.98,,119,5,,-1.0,
BUY,167,ELVN,2022-11-08,17.8,159.73,,,1.42,,,,,,,2022-11-07,19.76,13.76,7.14,17.8,17.22,12.52,,,176.67,,56,5,,1.1,
BUY,187,PCVX,2022-11-08,43.33,77.89,,,1.69,,,,,,,2022-11-07,44.44,33.02,25.39,43.35,40.65,29.37,,,75.01,,119,5,,-1.0,
BUY,178,RYTM,2022-11-08,22.45,550.26,,,6.18,,,,,,,2022-11-07,26.31,23.54,13.47,22.87,24.02,24.04,,,95.39,,98,5,,-0.6,
BUY,194,TPL,2022-11-08,291.11,234.56,,,34.14,,,,,,,2022-11-07,291.16,233.45,173.65,290.06,255.81,214.94,,,67.67,,217,5,,-1,
SELL,182,BELFB,2022-11-08,34.71,96.29,2022-10-11,26.55,1.28,1.67,785.34,783.67,30.65,20,equal-weight sizing trim,2022-11-07,36.89,29.82,20.57,34.52,32.6,27.62,,,79.38,,252,5,,-1,
SELL,190,FSLR,2022-11-08,149.4,444.07,2022-11-01,148.7,33.02,33.17,310.85,277.68,0.42,5,rotation (out of top-N),2022-11-07,150.52,133.1,93.97,147.33,143.92,133.33,,,60.18,,91,5,,-0.5,
SELL,165,INSW,2022-11-08,28.29,31.03,2022-08-30,20.15,0.31,0.44,252.57,252.13,40.32,49,equal-weight sizing trim,2022-11-07,27.48,24.23,16.29,28.37,27.24,23.85,,,68.73,,231,5,,-1,
SELL,189,MOD,2022-11-08,20.99,395.46,2022-11-01,18.09,3.58,4.15,1146.84,1142.69,15.97,5,equal-weight sizing trim,2022-11-07,20.94,16.86,12.14,20.74,18.33,15.21,,,72.43,,140,5,,-1,
SELL,191,TMDX,2022-11-08,56.56,143.04,2022-11-01,48.88,3.5,4.05,1098.51,1094.47,15.65,5,equal-weight sizing trim,2022-11-07,56.24,48.41,34.33,57.93,49.86,45.37,,,63.83,,182,5,,-1,
SELL,177,TNK,2022-11-08,30.39,2314.74,2022-10-04,25.52,29.54,35.17,11262.19,11227.02,19.0,25,rotation (out of top-N),2022-11-07,27.61,26.19,18.33,29.39,28.92,26.56,,,50.64,,238,5,,-0.5,
SELL,176,YPF,2022-11-08,7.85,8437.34,2022-10-04,6.97,29.41,33.12,7404.07,7370.95,12.53,25,rotation (out of top-N),2022-11-07,7.65,6.94,4.97,7.94,7.83,7.11,,,53.97,,77,5,,0.0,
BUY,182,BELFB,2022-11-15,36.75,8.26,,,0.15,,,,,,,2022-11-14,36.66,31.07,21.18,36.6,34.5,28.84,,,73.05,,259,5,,-1,
BUY,197,ELF,2022-11-15,51.27,1416.19,,,36.3,,,,,,,2022-11-14,54.86,44.77,32.45,50.2,48.47,42.1,,,69.07,,126,5,,-1,
BUY,196,FSLR,2022-11-15,160.42,452.57,,,36.3,,,,,,,2022-11-14,166.6,139.19,96.41,153.59,149.26,135.39,,,72.81,,98,5,,-0.6,
BUY,165,INSW,2022-11-15,28.3,151.69,,,2.15,,,,,,,2022-11-14,29.19,25.13,16.76,28.58,27.9,24.69,,,74.15,,238,5,,-1,
BUY,189,MOD,2022-11-15,21.69,94.04,,,1.02,,,,,,,2022-11-14,21.55,17.71,12.43,21.23,19.95,15.92,,,73.32,,147,5,,-1,
BUY,187,PCVX,2022-11-15,44.67,49.22,,,1.1,,,,,,,2022-11-14,44.02,35.02,26.0,43.99,42.92,31.46,,,69.31,,126,5,,-1,
BUY,195,SMCI,2022-11-15,8.42,8621.39,,,36.3,,,,,,,2022-11-14,8.64,7.08,5.3,8.19,7.78,6.35,,,63.15,,210,5,,-1,
SELL,193,AEHR,2022-11-15,25.48,297.42,2022-11-08,21.69,3.23,3.79,1127.24,1123.45,17.41,5,equal-weight sizing trim,2022-11-14,23.51,19.52,12.6,24.82,22.13,17.91,,,86.53,,91,5,,-0.5,
SELL,192,CECO,2022-11-15,11.98,6113.15,2022-11-08,11.17,34.14,36.62,4951.65,4915.03,7.2,5,rotation (out of top-N),2022-11-14,11.06,10.55,7.46,11.85,11.7,10.45,,,48.24,,126,5,,-0.4,
SELL,167,ELVN,2022-11-15,19.04,23.04,2022-09-13,10.31,0.12,0.22,201.17,200.95,84.61,45,equal-weight sizing trim,2022-11-14,18.3,14.59,7.48,18.52,18.51,13.79,,,144.51,,63,5,,-0.0,
SELL,178,RYTM,2022-11-15,26.4,291.44,2022-10-04,23.56,3.43,3.85,827.29,823.44,11.99,30,equal-weight sizing trim,2022-11-14,25.57,23.91,13.95,25.71,24.63,23.96,,,83.28,,105,5,,-0.8,
SELL,191,TMDX,2022-11-15,59.48,1207.89,2022-11-01,48.88,29.52,35.93,12809.63,12773.7,21.64,10,rotation (out of top-N),2022-11-14,57.04,49.98,35.38,57.49,53.55,45.84,,,61.22,,189,5,,-1,
SELL,194,TPL,2022-11-15,281.19,234.56,2022-11-08,291.11,34.14,32.98,-2326.87,-2359.85,-3.46,5,rotation (out of top-N),2022-11-14,284.31,242.7,177.9,283.11,274.7,226.71,,,59.81,,224,5,,-1.0,
BUY,193,AEHR,2022-11-22,23.64,159.05,,,1.88,,,,,,,2022-11-21,26.8,20.85,12.96,24.11,23.2,19.07,,,106.79,,98,5,,-0.6,
BUY,167,ELVN,2022-11-22,17.3,298.67,,,2.58,,,,,,,2022-11-21,17.56,15.13,7.8,17.68,18.34,14.95,,,125.17,,70,5,,-0.2,
BUY,189,MOD,2022-11-22,21.09,26.48,,,0.28,,,,,,,2022-11-21,21.28,18.36,12.7,20.88,20.69,16.76,,,67.51,,154,5,,-1,
BUY,198,PI,2022-11-22,115.84,614.06,,,35.57,,,,,,,2022-11-21,122.08,103.87,73.57,112.39,111.11,95.92,,,65.94,,112,5,,-0.9,
BUY,178,RYTM,2022-11-22,23.65,257.71,,,3.05,,,,,,,2022-11-21,24.74,24.06,14.37,23.31,24.61,24.2,,,72.18,,112,5,,-0.9,
SELL,182,BELFB,2022-11-22,36.13,6.72,2022-10-11,26.6,0.09,0.12,64.1,63.97,35.78,30,equal-weight sizing trim,2022-11-21,37.04,32.15,21.82,36.49,35.61,30.3,,,69.78,,266,5,,-1,
SELL,197,ELF,2022-11-22,54.42,108.54,2022-11-15,51.27,2.78,2.95,342.99,340.03,6.11,5,equal-weight sizing trim,2022-11-21,55.48,46.72,33.17,54.41,51.73,43.86,,,67.28,,133,5,,-1,
SELL,196,FSLR,2022-11-22,166.26,24.51,2022-11-15,160.42,1.97,2.04,143.14,141.11,3.59,5,equal-weight sizing trim,2022-11-21,171.33,145.04,98.98,165.47,158.47,139.31,,,73.1,,105,5,,-0.8,
SELL,165,INSW,2022-11-22,29.11,2566.6,2022-08-30,20.63,26.48,37.36,21756.65,21719.3,41.01,59,rotation (out of top-N),2022-11-21,28.4,25.73,17.22,28.75,28.43,25.51,,,64.97,,245,5,,-1,
SELL,187,PCVX,2022-11-22,44.0,8.59,2022-10-25,34.31,0.15,0.19,83.24,83.05,28.18,20,equal-weight sizing trim,2022-11-21,44.0,36.65,26.59,44.64,43.57,33.83,,,65.49,,133,5,,-1,
SELL,195,SMCI,2022-11-22,8.41,163.04,2022-11-15,8.42,0.69,0.69,-1.14,-1.83,-0.13,5,equal-weight sizing trim,2022-11-21,9.4,7.5,5.43,8.4,8.25,6.74,,,72.9,,217,5,,-1,
BUY,193,AEHR,2022-11-29,25.84,0.0,,,0.0,,,,,,,2022-11-28,26.63,21.9,13.31,25.86,24.85,20.29,,,100.14,,105,5,,-0.8,
BUY,199,AXSM,2022-11-29,75.3,968.89,,,36.48,,,,,,,2022-11-28,76.89,57.16,43.12,74.78,59.34,50.46,,,78.32,,140,5,,-1,
BUY,167,ELVN,2022-11-29,17.28,110.2,,,0.95,,,,,,,2022-11-28,16.8,15.43,8.07,17.36,17.85,15.8,,,108.27,,77,5,,-0.3,
BUY,196,FSLR,2022-11-29,166.55,10.18,,,0.85,,,,,,,2022-11-28,168.2,149.25,101.41,165.62,163.93,142.86,,,65.86,,112,5,,-0.9,
BUY,202,FUTU,2022-11-29,54.5,1338.58,,,36.48,,,,,,,2022-11-28,63.81,45.91,39.11,51.49,49.28,39.08,,,63.16,,14,5,,1.8,
BUY,200,LMB,2022-11-29,11.0,6632.04,,,36.48,,,,,,,2022-11-28,12.11,9.37,7.12,11.34,10.09,8.44,,,70.1,,56,5,,1.1,
BUY,189,MOD,2022-11-29,20.46,192.0,,,1.96,,,,,,,2022-11-28,21.23,18.88,12.98,20.36,20.85,17.54,,,63.56,,161,5,,-1,
BUY,187,PCVX,2022-11-29,44.51,22.35,,,0.5,,,,,,,2022-11-28,44.91,38.15,27.15,44.03,43.85,35.79,,,65.43,,140,5,,-1,
BUY,201,TMDX,2022-11-29,58.45,1248.12,,,36.48,,,,,,,2022-11-28,64.25,53.97,37.68,58.36,57.42,49.21,,,70.5,,203,5,,-1,
SELL,193,AEHR,2022-11-29,25.84,185.15,2022-11-08,21.79,2.02,2.39,749.25,746.85,18.51,14,equal-weight sizing trim,2022-11-28,26.63,21.9,13.31,25.86,24.85,20.29,,,100.14,,105,5,,-0.8,
SELL,182,BELFB,2022-11-29,34.45,1969.79,2022-10-11,26.6,26.19,33.93,15470.22,15436.29,29.46,34,rotation (out of top-N),2022-11-28,35.64,32.79,22.36,33.87,35.74,31.45,,,59.38,,273,5,,-1.0,
SELL,197,ELF,2022-11-29,55.37,1307.64,2022-11-15,51.26,33.52,36.2,5361.34,5325.14,7.94,9,rotation (out of top-N),2022-11-28,55.14,48.25,33.88,55.6,53.63,45.6,,,62.75,,140,5,,-1,
SELL,198,PI,2022-11-29,122.1,614.06,2022-11-22,115.84,35.57,37.49,3844.03,3806.54,5.35,4,rotation (out of top-N),2022-11-28,119.47,106.71,74.84,122.49,116.98,99.87,,,59.63,,119,5,,-1.0,
SELL,178,RYTM,2022-11-29,25.04,94.22,2022-10-04,23.57,1.11,1.18,138.6,137.42,6.19,39,equal-weight sizing trim,2022-11-28,28.27,24.83,14.89,24.75,24.68,24.27,,,89.86,,119,5,,-1.0,
SELL,195,SMCI,2022-11-29,9.25,8458.35,2022-11-15,8.42,35.61,39.11,6986.6,6947.49,9.75,9,rotation (out of top-N),2022-11-28,8.67,7.71,5.55,9.25,8.76,7.11,,,56.21,,224,5,,-0.8,
BUY,193,AEHR,2022-12-06,25.51,120.47,,,1.54,,,,,,,2022-12-05,24.33,22.34,13.62,25.57,25.72,21.7,,,78.67,,112,5,,-0.9,
BUY,199,AXSM,2022-12-06,76.21,16.95,,,0.65,,,,,,,2022-12-05,74.84,60.38,44.24,77.32,68.98,53.87,,,69.16,,147,5,,-1,
BUY,206,CECO,2022-12-06,11.91,6305.13,,,37.55,,,,,,,2022-12-05,12.18,11.29,7.97,11.83,11.91,11.27,,,52.9,,147,5,,-0.6,
BUY,205,ELF,2022-12-06,54.4,1380.41,,,37.55,,,,,,,2022-12-05,53.81,49.26,34.6,53.95,54.26,47.57,,,55.53,,147,5,,-0.8,
BUY,187,PCVX,2022-12-06,44.09,64.39,,,1.42,,,,,,,2022-12-05,42.31,38.91,27.63,44.31,44.59,38.44,,,53.12,,147,5,,-0.7,
BUY,204,PDD,2022-12-06,87.32,859.99,,,37.55,,,,,,,2022-12-05,89.7,71.04,55.17,87.79,78.39,62.77,,,62.59,,105,5,,-0.8,
BUY,203,WLFC,2022-12-06,15.67,4792.22,,,37.55,,,,,,,2022-12-05,18.49,14.47,12.06,15.67,15.27,13.19,,,53.35,,154,5,,-0.7,
SELL,167,ELVN,2022-12-06,15.3,4223.84,2022-09-13,10.98,23.2,32.31,18227.73,18195.42,39.22,59,ratchet-ATR exit,2022-12-05,15.88,15.51,8.3,15.72,17.01,16.71,,,91.36,,84,5,,-0.4,
SELL,196,FSLR,2022-12-06,162.75,438.24,2022-11-15,160.56,35.18,35.66,958.69,923.03,1.31,14,rotation (out of top-N),2022-12-05,150.87,149.54,103.39,167.11,166.39,146.92,,,45.92,,119,5,,-0.3,
SELL,202,FUTU,2022-12-06,64.31,170.3,2022-11-29,54.5,4.64,5.48,1670.68,1665.2,17.94,5,equal-weight sizing trim,2022-12-05,64.15,49.22,39.91,63.15,56.67,41.98,,,60.75,,21,5,,1.7,
SELL,200,LMB,2022-12-06,11.9,318.46,2022-11-29,11.0,1.75,1.89,286.61,284.72,8.13,5,equal-weight sizing trim,2022-12-05,11.4,9.74,7.21,12.24,11.31,8.99,,,58.14,,63,5,,0.0,
SELL,189,MOD,2022-12-06,21.24,3567.3,2022-11-01,18.33,32.7,37.88,10364.13,10326.24,15.79,24,rotation (out of top-N),2022-12-05,19.7,19.03,13.24,20.53,20.89,18.44,,,48.85,,168,5,,-0.4,
SELL,178,RYTM,2022-12-06,27.36,168.85,2022-10-04,23.57,1.99,2.31,640.13,637.82,16.03,44,equal-weight sizing trim,2022-12-05,25.13,24.88,15.29,27.17,26.18,24.52,,,64.39,,126,5,,-1,
SELL,201,TMDX,2022-12-06,61.41,1248.12,2022-11-29,58.45,36.48,38.33,3700.67,3662.34,5.02,5,rotation (out of top-N),2022-12-05,58.99,54.88,38.69,61.97,60.29,51.53,,,52.45,,210,5,,-0.6,
BUY,193,AEHR,2022-12-13,25.17,191.23,,,2.41,,,,,,,2022-12-12,23.41,22.53,13.94,23.96,24.77,22.76,,,67.96,,119,5,,-1.0,
BUY,208,AGYS,2022-12-13,63.75,1237.73,,,39.45,,,,,,,2022-12-12,76.7,64.0,49.62,62.47,63.45,62.33,,,54.56,,161,5,,-0.7,
BUY,205,ELF,2022-12-13,55.79,34.61,,,0.97,,,,,,,2022-12-12,54.91,50.29,35.38,54.59,54.44,49.48,,,55.2,,154,5,,-0.8,
BUY,207,ELVN,2022-12-13,17.08,4619.73,,,39.45,,,,,,,2022-12-12,16.12,15.62,8.54,16.4,16.09,17.29,,,88.73,,91,5,,-0.5,
BUY,202,FUTU,2022-12-13,66.26,23.15,,,0.77,,,,,,,2022-12-12,64.01,51.91,40.89,62.9,61.23,45.72,,,56.55,,28,5,,1.7,
BUY,187,PCVX,2022-12-13,45.17,43.29,,,0.98,,,,,,,2022-12-12,45.79,40.16,28.17,44.16,43.85,40.78,,,62.55,,154,5,,-1,
BUY,204,PDD,2022-12-13,90.03,16.87,,,0.76,,,,,,,2022-12-12,87.0,73.94,56.54,86.06,84.45,66.8,,,53.87,,112,5,,-0.6,
BUY,209,POWL,2022-12-13,12.19,6472.93,,,39.45,,,,,,,2022-12-12,12.1,9.35,7.76,11.87,10.37,8.47,,,55.98,,42,5,,1.5,
SELL,199,AXSM,2022-12-13,80.25,2.11,2022-11-29,75.31,0.08,0.08,10.42,10.33,6.51,10,equal-weight sizing trim,2022-12-12,78.37,63.65,45.38,79.29,74.23,57.95,,,72.68,,154,5,,-1,
SELL,206,CECO,2022-12-13,12.14,6305.13,2022-12-06,11.91,37.55,38.29,1481.7,1443.42,1.92,5,rotation (out of top-N),2022-12-12,11.79,11.38,8.13,11.92,11.96,11.56,,,45.09,,154,5,,-0.3,
SELL,200,LMB,2022-12-13,12.16,6313.58,2022-11-29,11.0,34.72,38.39,7323.76,7285.37,10.49,10,rotation (out of top-N),2022-12-12,11.22,10.01,7.29,12.0,11.49,9.46,,,53.86,,70,5,,0.1,
SELL,178,RYTM,2022-12-13,30.27,138.46,2022-10-04,23.57,1.63,2.1,928.5,926.4,28.39,49,equal-weight sizing trim,2022-12-12,28.05,25.46,15.74,29.9,26.94,25.04,,,78.17,,133,5,,-1,
SELL,203,WLFC,2022-12-13,18.96,4792.22,2022-12-06,15.67,37.55,45.43,15766.4,15720.97,20.94,5,rotation (out of top-N),2022-12-12,18.28,15.16,12.25,18.96,16.72,13.89,,,49.28,,161,5,,-0.5,
BUY,199,AXSM,2022-12-20,75.76,9.94,,,0.38,,,,,,,2022-12-19,73.71,65.48,46.39,75.78,76.49,62.05,,,58.91,,161,5,,-0.9,
BUY,205,ELF,2022-12-20,52.65,14.82,,,0.39,,,,,,,2022-12-19,54.46,51.05,36.09,52.97,54.66,51.23,,,50.88,,161,5,,-0.5,
BUY,207,ELVN,2022-12-20,15.84,132.79,,,1.05,,,,,,,2022-12-19,16.64,15.81,8.78,15.76,16.39,17.4,,,89.47,,98,5,,-0.6,
BUY,212,MDGL,2022-12-20,233.26,322.57,,,37.62,,,,,,,2022-12-19,273.62,106.58,77.35,234.87,95.6,72.58,,,253.73,,0,5,,2.0,
BUY,187,PCVX,2022-12-20,42.83,10.16,,,0.22,,,,,,,2022-12-19,46.66,41.34,28.69,42.86,44.47,43.5,,,62.66,,161,5,,-1,
BUY,178,RYTM,2022-12-20,27.51,128.85,,,1.77,,,,,,,2022-12-19,29.27,26.15,16.19,27.3,27.83,25.71,,,80.74,,140,5,,-1,
BUY,213,VIST,2022-12-20,14.1,5336.41,,,37.62,,,,,,,2022-12-19,15.87,13.19,9.96,13.78,12.98,13.33,,,59.34,,999,5,,-1.0,
BUY,211,WFRD,2022-12-20,45.39,1657.71,,,37.62,,,,,,,2022-12-19,49.11,41.51,31.93,45.23,42.88,41.42,,,53.79,,70,5,,0.1,
BUY,210,YPF,2022-12-20,8.04,9352.82,,,37.62,,,,,,,2022-12-19,9.09,7.73,5.51,7.93,7.64,7.76,,,65.05,,119,5,,-1.0,
SELL,193,AEHR,2022-12-20,22.28,3136.36,2022-11-08,22.14,34.72,34.94,432.92,397.99,0.57,29,rotation (out of top-N),2022-12-19,20.96,22.25,14.19,22.58,23.71,23.3,,,47.71,,126,5,,-0.4,
SELL,208,AGYS,2022-12-20,77.05,260.62,2022-12-13,63.75,8.31,10.04,3464.96,3454.92,20.79,5,equal-weight sizing trim,2022-12-19,80.09,66.92,50.58,77.93,68.66,64.41,,,58.34,,168,5,,-0.9,
SELL,202,FUTU,2022-12-20,58.87,1191.42,2022-11-29,54.73,32.6,35.07,4934.26,4899.19,7.51,15,rotation (out of top-N),2022-12-19,59.73,53.33,41.4,62.26,63.27,49.64,,,44.27,,35,5,,2.2,
SELL,204,PDD,2022-12-20,84.73,876.86,2022-12-06,87.37,38.31,37.15,-2316.8,-2353.95,-3.07,10,rotation (out of top-N),2022-12-19,84.06,75.78,57.58,86.98,86.52,70.72,,,45.99,,119,5,,-0.3,
SELL,209,POWL,2022-12-20,11.49,6472.93,2022-12-13,12.19,39.45,37.19,-4531.05,-4568.24,-5.79,5,rotation (out of top-N),2022-12-19,11.54,9.75,7.88,11.64,11.34,9.09,,,46.45,,49,5,,1.9,
BUY,217,AEHR,2023-01-10,26.26,3148.98,,,41.35,,,,,,,2023-01-09,29.28,23.35,15.25,26.47,21.39,23.39,,,91.95,,147,5,,-1,
BUY,214,CECO,2023-01-10,12.25,6750.38,,,41.35,,,,,,,2023-01-09,14.35,12.11,8.82,12.09,11.86,11.81,,,62.75,,182,5,,-1,
BUY,216,CROX,2023-01-10,111.0,744.97,,,41.35,,,,,,,2023-01-09,125.86,103.49,75.88,113.48,107.99,99.41,,,65.87,,91,5,,-0.5,
BUY,215,TGTX,2023-01-10,11.57,7147.12,,,41.35,,,,,,,2023-01-09,13.62,9.68,6.9,11.65,10.38,8.85,,,97.53,,49,5,,1.2,
BUY,210,YPF,2023-01-10,9.76,0.0,,,0.0,,,,,,,2023-01-09,11.06,8.77,5.88,9.76,9.09,8.16,,,88.24,,140,5,,-1,
SELL,208,AGYS,2023-01-10,76.91,977.11,2022-12-13,63.75,31.15,37.57,12858.71,12821.13,20.58,18,rotation (out of top-N),2023-01-09,83.82,72.89,53.58,75.98,76.82,69.84,,,56.43,,189,5,,-0.8,
SELL,199,AXSM,2023-01-10,63.7,993.67,2022-11-29,75.32,37.42,31.65,-11541.75,-11573.4,-15.46,28,rotation (out of top-N),2023-01-09,67.31,67.6,48.7,63.26,71.08,69.61,,,38.23,,182,5,,0.1,
SELL,205,ELF,2023-01-10,55.42,1429.83,2022-12-06,54.42,38.9,39.62,1443.41,1403.78,1.8,23,rotation (out of top-N),2023-01-09,52.75,52.92,38.31,55.75,55.82,54.51,,,37.69,,182,5,,0.1,
SELL,207,ELVN,2023-01-10,18.84,361.15,2022-12-13,17.05,3.08,3.4,648.14,644.74,10.47,18,equal-weight sizing trim,2023-01-09,17.56,16.54,9.59,18.84,17.15,17.02,,,83.11,,119,5,,-1.0,
SELL,212,MDGL,2023-01-10,291.37,38.62,2022-12-20,233.26,4.5,5.63,2244.12,2238.49,24.85,13,equal-weight sizing trim,2023-01-09,299.73,190.04,92.01,286.08,266.75,140.58,,,225.76,,21,5,,1.7,
SELL,187,PCVX,2023-01-10,46.28,1757.67,2022-10-25,35.11,30.86,40.67,19626.91,19586.24,31.74,52,rotation (out of top-N),2023-01-09,44.61,43.53,30.33,45.95,46.42,45.05,,,47.08,,182,5,,-0.4,
SELL,178,RYTM,2023-01-10,31.4,101.61,2022-10-04,23.75,1.21,1.6,776.85,775.25,32.12,67,equal-weight sizing trim,2023-01-09,31.27,28.65,17.73,31.84,30.37,27.55,,,76.37,,161,5,,-1,
SELL,213,VIST,2023-01-10,15.81,103.43,2022-12-20,14.1,0.73,0.82,176.86,176.04,12.07,13,equal-weight sizing trim,2023-01-09,16.7,14.35,10.45,15.71,14.88,13.86,,,59.88,,999,5,,-1.0,
SELL,211,WFRD,2023-01-10,50.19,9.3,2022-12-20,45.39,0.21,0.23,44.66,44.42,10.52,13,equal-weight sizing trim,2023-01-09,53.26,45.75,33.23,50.15,48.23,44.08,,,60.29,,91,5,,-0.5,
SELL,210,YPF,2023-01-10,9.76,876.03,2022-12-20,8.04,3.52,4.28,1502.38,1498.11,21.26,13,equal-weight sizing trim,2023-01-09,11.06,8.77,5.88,9.76,9.09,8.16,,,88.24,,140,5,,-1,
BUY,221,ACLS,2023-01-24,106.43,850.05,,,45.24,,,,,,,2023-01-23,110.39,90.29,68.71,107.26,98.57,85.13,,,60.66,,77,5,,-0.3,
BUY,212,MDGL,2023-01-24,300.05,17.71,,,2.66,,,,,,,2023-01-23,289.85,225.55,103.05,304.89,295.59,192.24,,,181.27,,35,5,,1.4,
BUY,219,MNPR,2023-01-24,16.43,5506.42,,,45.24,,,,,,,2023-01-23,17.52,12.66,10.98,16.35,13.03,12.18,,,59.54,,63,5,,-0.0,
BUY,218,OII,2023-01-24,19.04,4751.6,,,45.24,,,,,,,2023-01-23,20.93,17.21,12.22,19.09,18.56,16.3,,,71.32,,70,5,,-0.2,
BUY,220,PDD,2023-01-24,94.05,961.94,,,45.24,,,,,,,2023-01-23,104.66,88.63,64.27,95.27,92.7,86.98,,,62.84,,154,5,,-1,
BUY,222,TDW,2023-01-24,41.74,2167.48,,,45.24,,,,,,,2023-01-23,43.23,36.76,26.86,42.62,39.94,34.3,,,60.99,,364,5,,-1,
BUY,211,WFRD,2023-01-24,54.23,20.69,,,0.56,,,,,,,2023-01-23,54.65,48.73,34.14,54.82,52.88,46.68,,,60.06,,105,5,,-0.8,
SELL,217,AEHR,2023-01-24,33.72,464.64,2023-01-10,26.26,6.1,7.83,3466.23,3458.4,28.34,9,equal-weight sizing trim,2023-01-23,35.41,26.82,16.52,34.45,28.86,24.58,,,114.4,,161,5,,-1,
SELL,214,CECO,2023-01-24,14.31,6750.38,2023-01-10,12.25,41.35,48.3,13905.78,13857.48,16.76,9,rotation (out of top-N),2023-01-23,13.8,12.74,9.28,14.49,13.8,12.42,,,48.79,,196,5,,-0.4,
SELL,216,CROX,2023-01-24,123.68,744.97,2023-01-10,111.0,41.35,46.07,9446.27,9400.21,11.37,9,rotation (out of top-N),2023-01-23,121.3,109.54,78.38,125.59,121.7,105.83,,,54.75,,105,5,,-0.5,
SELL,207,ELVN,2023-01-24,17.56,4391.38,2022-12-13,17.05,37.43,38.56,2260.01,2221.45,2.97,27,rotation (out of top-N),2023-01-23,16.12,16.44,10.16,16.9,16.95,16.71,,,58.73,,133,5,,-0.9,
SELL,178,RYTM,2023-01-24,29.51,2634.83,2022-10-04,23.75,31.29,38.88,15164.65,15125.77,24.17,76,rotation (out of top-N),2023-01-23,29.1,28.83,18.77,29.61,30.17,28.77,,,55.05,,175,5,,-0.8,
SELL,215,TGTX,2023-01-24,13.1,237.52,2023-01-10,11.57,1.37,1.56,363.4,361.84,13.17,9,equal-weight sizing trim,2023-01-23,14.63,10.97,7.17,12.69,12.17,9.78,,,104.07,,63,5,,-0.0,
SELL,213,VIST,2023-01-24,16.43,5232.99,2022-12-20,14.1,36.89,43.0,12219.02,12176.02,16.5,22,rotation (out of top-N),2023-01-23,16.14,14.95,10.82,16.7,16.04,14.45,,,49.24,,999,5,,-0.5,
SELL,210,YPF,2023-01-24,11.94,895.91,2022-12-20,8.05,3.6,5.35,3489.56,3484.21,48.34,22,equal-weight sizing trim,2023-01-23,11.53,9.74,6.22,11.97,11.02,8.95,,,85.41,,154,5,,-1,
BUY,221,ACLS,2023-01-31,107.33,11.24,,,0.6,,,,,,,2023-01-30,118.14,95.35,70.31,107.81,105.8,89.1,,,68.04,,84,5,,-0.4,
BUY,217,AEHR,2023-01-31,34.39,3.71,,,0.06,,,,,,,2023-01-30,35.8,28.45,17.22,33.99,32.85,25.7,,,107.91,,168,5,,-1,
BUY,224,ELF,2023-01-31,56.87,1624.69,,,46.2,,,,,,,2023-01-30,69.73,56.67,40.99,57.03,55.54,54.69,,,70.14,,203,5,,-1,
BUY,223,ELVN,2023-01-31,18.0,5133.1,,,46.2,,,,,,,2023-01-30,20.0,17.08,10.52,18.0,17.03,16.67,,,90.1,,140,5,,-1,
BUY,226,LMB,2023-01-31,12.29,7517.97,,,46.2,,,,,,,2023-01-30,13.05,11.44,8.09,12.25,12.24,11.58,,,61.21,,119,5,,-1.0,
BUY,212,MDGL,2023-01-31,280.66,27.7,,,3.89,,,,,,,2023-01-30,280.31,235.5,108.31,281.77,294.74,220.92,,,158.81,,42,5,,1.3,
BUY,225,POWL,2023-01-31,12.23,7554.85,,,46.2,,,,,,,2023-01-30,14.85,11.98,8.83,12.37,12.52,11.67,,,68.14,,91,5,,-0.5,
BUY,215,TGTX,2023-01-31,14.56,0.0,,,0.0,,,,,,,2023-01-30,17.35,12.13,7.43,14.52,13.6,10.55,,,133.54,,70,5,,-0.2,
BUY,210,YPF,2023-01-31,11.16,702.1,,,3.92,,,,,,,2023-01-30,11.17,10.0,6.39,11.14,11.42,9.39,,,74.82,,161,5,,-1,
SELL,219,MNPR,2023-01-31,18.1,5506.42,2023-01-24,16.43,45.24,49.83,9195.73,9145.89,10.11,5,rotation (out of top-N),2023-01-30,17.35,13.51,11.09,17.7,14.99,12.57,,,56.39,,70,5,,0.0,
SELL,218,OII,2023-01-31,20.73,293.34,2023-01-24,19.04,2.79,3.04,497.21,494.17,8.85,5,equal-weight sizing trim,2023-01-30,20.7,17.85,12.45,20.74,19.71,16.98,,,66.29,,77,5,,-0.3,
SELL,220,PDD,2023-01-31,95.9,961.94,2023-01-24,94.05,45.24,46.13,1779.59,1733.47,1.92,5,rotation (out of top-N),2023-01-30,95.67,89.91,65.59,97.15,97.42,90.28,,,45.86,,161,5,,-0.3,
SELL,222,TDW,2023-01-31,42.1,2167.48,2023-01-24,41.74,45.24,45.63,780.29,734.67,0.81,5,rotation (out of top-N),2023-01-30,43.7,38.03,27.45,42.41,41.8,35.9,,,59.21,,371,5,,-1.0,
SELL,215,TGTX,2023-01-31,14.56,560.56,2023-01-10,11.57,3.24,4.08,1676.07,1671.99,25.78,14,equal-weight sizing trim,2023-01-30,17.35,12.13,7.43,14.52,13.6,10.55,,,133.54,,70,5,,-0.2,
SELL,211,WFRD,2023-01-31,53.49,1669.1,2022-12-20,45.5,37.97,44.64,13336.78,13292.14,17.5,27,rotation (out of top-N),2023-01-30,55.02,49.88,34.73,53.97,54.12,48.28,,,58.43,,112,5,,-0.8,
BUY,221,ACLS,2023-02-07,115.8,19.3,,,1.12,,,,,,,2023-02-06,123.33,100.44,71.93,116.06,112.38,93.7,,,71.45,,91,5,,-0.5,
BUY,217,AEHR,2023-02-07,35.96,147.61,,,2.65,,,,,,,2023-02-06,30.55,28.84,17.79,35.79,34.62,26.99,,,71.74,,175,5,,-1,
BUY,227,BLBD,2023-02-07,13.81,7380.3,,,50.96,,,,,,,2023-02-06,19.85,14.47,11.36,14.27,14.79,12.89,,,74.78,,28,5,,1.5,
BUY,230,OII,2023-02-07,20.79,4902.45,,,50.96,,,,,,,2023-02-06,21.34,18.48,12.69,20.69,20.34,17.71,,,68.25,,84,5,,-0.4,
BUY,229,PTGX,2023-02-07,14.98,6803.87,,,50.96,,,,,,,2023-02-06,17.2,12.56,9.56,14.96,13.71,11.29,,,79.91,,28,5,,1.5,
BUY,228,WFRD,2023-02-07,54.57,1867.73,,,50.96,,,,,,,2023-02-06,65.51,52.72,35.55,54.42,54.56,49.96,,,84.3,,119,5,,-1.0,
BUY,210,YPF,2023-02-07,11.48,599.38,,,3.44,,,,,,,2023-02-06,11.58,10.28,6.58,11.48,11.48,9.83,,,76.1,,168,5,,-1,
SELL,224,ELF,2023-02-07,68.5,136.03,2023-01-31,56.87,3.87,4.66,1582.01,1577.35,20.39,5,equal-weight sizing trim,2023-02-06,71.52,59.37,42.2,68.71,61.93,55.88,,,69.47,,210,5,,-1,
SELL,223,ELVN,2023-02-07,20.92,258.68,2023-01-31,18.0,2.33,2.71,755.34,752.63,16.16,5,equal-weight sizing trim,2023-02-06,20.94,17.79,10.92,21.0,18.68,17.12,,,91.84,,147,5,,-1,
SELL,226,LMB,2023-02-07,12.73,7517.97,2023-01-31,12.29,46.2,47.85,3307.91,3260.05,3.53,5,rotation (out of top-N),2023-02-06,12.55,11.64,8.25,12.74,12.69,11.74,,,52.11,,126,5,,-0.6,
SELL,212,MDGL,2023-02-07,275.24,329.36,2022-12-20,240.84,39.66,45.33,11329.15,11283.82,14.23,32,ratchet-ATR exit,2023-02-06,257.38,239.48,113.13,276.69,286.99,247.4,,,127.52,,49,5,,1.2,
SELL,218,OII,2023-02-07,20.79,4458.26,2023-01-24,19.04,42.44,46.34,7801.96,7755.62,9.14,10,rotation (out of top-N),2023-02-06,21.34,18.48,12.69,20.69,20.34,17.71,,,68.25,,84,5,,-0.4,
SELL,225,POWL,2023-02-07,14.69,7554.85,2023-01-31,12.23,46.2,55.49,18584.94,18529.45,20.05,5,rotation (out of top-N),2023-02-06,13.79,12.31,8.99,14.68,13.74,12.28,,,53.32,,98,5,,-0.3,
SELL,215,TGTX,2023-02-07,18.83,933.59,2023-01-10,11.57,5.4,8.79,6777.86,6769.07,62.67,19,equal-weight sizing trim,2023-02-06,17.91,13.18,7.7,18.48,16.02,11.65,,,132.6,,77,5,,-0.3,
BUY,217,AEHR,2023-02-14,31.19,689.72,,,10.76,,,,,,,2023-02-13,34.78,29.92,18.46,31.79,33.45,28.14,,,88.43,,182,5,,-1,
BUY,227,BLBD,2023-02-14,20.44,0.0,,,0.0,,,,,,,2023-02-13,20.21,15.51,11.54,20.36,16.71,13.58,,,75.17,,35,5,,1.4,
BUY,224,ELF,2023-02-14,73.0,17.74,,,0.65,,,,,,,2023-02-13,73.64,61.96,43.45,73.52,68.58,58.03,,,69.49,,217,5,,-1,
BUY,223,ELVN,2023-02-14,20.88,392.01,,,4.09,,,,,,,2023-02-13,21.2,18.41,11.33,21.0,20.06,17.67,,,87.15,,154,5,,-1,
BUY,232,INOD,2023-02-14,5.8,18950.4,,,54.96,,,,,,,2023-02-13,7.29,4.62,4.15,5.65,5.31,3.65,,,75.56,,0,5,,2.0,
BUY,231,MDGL,2023-02-14,252.91,434.59,,,54.96,,,,,,,2023-02-13,303.61,251.14,119.07,255.55,269.91,272.17,,,154.98,,56,5,,1.1,
BUY,229,PTGX,2023-02-14,15.69,204.78,,,1.61,,,,,,,2023-02-13,16.17,13.22,9.75,16.05,15.52,12.31,,,65.9,,35,5,,1.4,
BUY,215,TGTX,2023-02-14,18.01,690.11,,,6.21,,,,,,,2023-02-13,18.02,14.06,7.99,18.38,17.3,12.84,,,125.58,,84,5,,-0.4,
BUY,210,YPF,2023-02-14,12.0,281.44,,,1.69,,,,,,,2023-02-13,11.41,10.49,6.75,12.0,11.57,10.35,,,68.91,,175,5,,-1,
SELL,221,ACLS,2023-02-14,126.98,880.59,2023-01-24,106.65,46.96,55.91,17905.06,17849.15,19.01,15,rotation (out of top-N),2023-02-13,121.88,104.34,73.51,128.13,119.4,98.52,,,65.79,,98,5,,-0.6,
SELL,227,BLBD,2023-02-14,20.44,2000.3,2023-02-07,13.81,13.81,20.44,13261.97,13241.53,47.93,5,equal-weight sizing trim,2023-02-13,20.21,15.51,11.54,20.36,16.71,13.58,,,75.17,,35,5,,1.4,
SELL,230,OII,2023-02-14,21.25,4902.45,2023-02-07,20.79,50.96,52.09,2255.13,2203.04,2.16,5,rotation (out of top-N),2023-02-13,19.94,18.75,12.92,21.54,20.97,18.59,,,54.38,,91,5,,-0.2,
SELL,228,WFRD,2023-02-14,65.84,197.51,2023-02-07,54.57,5.39,6.5,2225.92,2219.42,20.59,5,equal-weight sizing trim,2023-02-13,61.59,54.33,36.35,66.4,60.41,52.63,,,69.45,,126,5,,-1,
BUY,234,ACLS,2023-02-28,125.42,896.34,,,56.21,,,,,,,2023-02-27,130.0,111.86,76.88,125.35,123.45,108.5,,,69.08,,112,5,,-0.9,
BUY,227,BLBD,2023-02-28,19.79,304.69,,,3.01,,,,,,,2023-02-27,21.7,17.16,11.94,19.68,19.19,15.79,,,81.72,,49,5,,1.2,
BUY,223,ELVN,2023-02-28,20.88,120.22,,,1.26,,,,,,,2023-02-27,22.0,19.89,12.24,21.0,21.95,18.98,,,79.8,,168,5,,-1,
BUY,236,OII,2023-02-28,21.48,5233.63,,,56.21,,,,,,,2023-02-27,22.11,19.51,13.37,21.5,20.27,19.58,,,65.41,,105,5,,-0.8,
BUY,235,TDW,2023-02-28,46.35,2425.42,,,56.21,,,,,,,2023-02-27,49.5,42.42,29.62,45.27,44.05,41.61,,,67.1,,399,5,,-1,
BUY,233,TNK,2023-02-28,39.02,2881.05,,,56.21,,,,,,,2023-02-27,41.92,32.6,24.92,38.73,35.02,28.6,,,68.25,,350,5,,-1,
BUY,228,WFRD,2023-02-28,67.04,7.5,,,0.25,,,,,,,2023-02-27,67.53,58.11,38.04,66.01,62.59,56.25,,,77.51,,140,5,,-1,
BUY,210,YPF,2023-02-28,12.08,146.94,,,0.89,,,,,,,2023-02-27,11.96,10.96,7.13,12.12,11.74,11.1,,,67.77,,189,5,,-1,
SELL,217,AEHR,2023-02-28,33.78,3525.38,2023-01-10,27.64,48.72,59.54,21648.52,21588.97,22.16,33,rotation (out of top-N),2023-02-27,32.2,30.6,19.65,32.02,32.87,30.72,,,63.89,,196,5,,-1,
SELL,224,ELF,2023-02-28,74.3,1506.39,2023-01-31,57.06,42.98,55.96,25970.34,25914.38,30.15,19,rotation (out of top-N),2023-02-27,75.25,66.08,45.99,74.05,72.82,62.31,,,63.64,,231,5,,-1,
SELL,232,INOD,2023-02-28,7.01,2905.52,2023-02-14,5.8,8.43,10.18,3515.67,3505.49,20.8,9,equal-weight sizing trim,2023-02-27,7.24,5.48,4.2,6.99,6.62,4.52,,,72.2,,14,5,,1.8,
SELL,231,MDGL,2023-02-28,272.07,21.19,2023-02-14,252.91,2.68,2.88,405.95,403.07,7.52,9,equal-weight sizing trim,2023-02-27,272.36,258.72,129.4,271.65,283.42,286.91,,,110.48,,70,5,,-0.2,
SELL,229,PTGX,2023-02-28,16.23,7008.65,2023-02-07,15.0,52.57,56.88,8615.42,8558.54,8.14,14,rotation (out of top-N),2023-02-27,15.71,14.21,10.14,16.24,16.07,13.73,,,54.93,,49,5,,1.4,
SELL,215,TGTX,2023-02-28,14.73,6105.56,2023-01-10,12.3,37.54,44.97,14849.29,14804.32,19.72,33,ratchet-ATR exit,2023-02-27,17.18,14.87,8.55,15.93,16.83,14.87,,,101.05,,98,5,,-0.6,
BUY,234,ACLS,2023-03-07,128.72,1.65,,,0.11,,,,,,,2023-03-06,123.81,114.03,78.43,128.89,127.4,114.77,,,57.86,,119,5,,-0.9,
BUY,237,FSLR,2023-03-07,212.62,543.34,,,57.76,,,,,,,2023-03-06,207.78,178.52,134.76,212.35,187.79,172.67,,,54.18,,210,5,,-0.7,
BUY,239,LMB,2023-03-07,13.46,8582.97,,,57.76,,,,,,,2023-03-06,14.85,12.84,9.04,13.5,13.38,12.65,,,64.23,,154,5,,-1,
BUY,231,MDGL,2023-03-07,268.63,16.85,,,2.26,,,,,,,2023-03-06,241.76,255.64,133.65,271.39,276.95,285.66,,,80.89,,77,5,,-0.3,
BUY,238,PTGX,2023-03-07,16.75,6897.12,,,57.76,,,,,,,2023-03-06,25.02,16.18,10.54,15.16,15.75,14.31,,,137.47,,56,5,,1.1,
BUY,235,TDW,2023-03-07,50.38,0.0,,,0.0,,,,,,,2023-03-06,45.85,43.04,30.1,48.93,47.1,43.33,,,52.36,,406,5,,-0.6,
BUY,240,TGTX,2023-03-07,17.5,6603.41,,,57.76,,,,,,,2023-03-06,14.1,14.73,8.79,17.48,16.67,15.54,,,60.4,,105,5,,-0.8,
SELL,227,BLBD,2023-03-07,21.34,268.36,2023-02-07,14.13,1.9,2.86,1934.82,1931.96,50.95,19,equal-weight sizing trim,2023-03-06,20.48,17.76,12.14,21.41,20.58,17.04,,,68.61,,56,5,,1.1,
SELL,223,ELVN,2023-03-07,21.65,47.88,2023-01-31,18.27,0.44,0.52,161.65,161.13,18.42,24,equal-weight sizing trim,2023-03-06,21.4,20.17,12.66,21.83,21.97,19.66,,,69.09,,175,5,,-1,
SELL,232,INOD,2023-03-07,6.85,16044.89,2023-02-14,5.8,46.53,54.95,16847.13,16792.18,18.04,14,rotation (out of top-N),2023-03-06,6.34,5.63,4.2,7.11,6.89,5.02,,,50.89,,21,5,,2.1,
SELL,236,OII,2023-03-07,21.59,5233.63,2023-02-28,21.48,56.21,56.48,549.53,493.05,0.44,5,rotation (out of top-N),2023-03-06,19.04,19.43,13.52,21.69,21.15,20.14,,,40.74,,112,5,,0.1,
SELL,235,TDW,2023-03-07,50.38,130.94,2023-02-28,46.35,3.03,3.3,527.05,523.75,8.63,5,equal-weight sizing trim,2023-03-06,45.85,43.04,30.1,48.93,47.1,43.33,,,52.36,,406,5,,-0.6,
SELL,233,TNK,2023-03-07,40.25,9.38,2023-02-28,39.02,0.18,0.19,11.54,11.35,3.1,5,equal-weight sizing trim,2023-03-06,39.4,33.83,25.44,40.49,38.88,30.56,,,54.88,,357,5,,-0.7,
SELL,228,WFRD,2023-03-07,67.2,1677.72,2023-02-07,54.63,45.82,56.37,21096.09,21039.72,22.96,19,rotation (out of top-N),2023-03-06,58.58,58.19,38.68,67.59,65.39,58.58,,,51.43,,147,5,,-0.6,
SELL,210,YPF,2023-03-07,12.64,9310.74,2022-12-20,8.68,40.43,58.87,36877.52,36818.66,45.54,51,rotation (out of top-N),2023-03-06,10.65,10.91,7.28,12.71,11.96,11.48,,,46.34,,196,5,,-0.3,
BUY,234,ACLS,2023-03-14,125.5,48.77,,,3.06,,,,,,,2023-03-13,128.21,116.61,80.19,122.62,126.69,119.0,,,59.88,,126,5,,-1.0,
BUY,243,AEHR,2023-03-14,30.86,3848.26,,,59.38,,,,,,,2023-03-13,32.27,30.7,20.74,29.57,31.5,33.01,,,55.58,,210,5,,-0.8,
BUY,227,BLBD,2023-03-14,20.88,273.99,,,2.86,,,,,,,2023-03-13,19.33,18.05,12.34,20.27,20.96,17.95,,,56.63,,63,5,,0.1,
BUY,244,ELF,2023-03-14,70.97,1673.23,,,59.38,,,,,,,2023-03-13,72.48,67.77,48.21,69.56,72.03,67.0,,,50.34,,245,5,,-0.5,
BUY,223,ELVN,2023-03-14,21.91,84.13,,,0.92,,,,,,,2023-03-13,22.07,20.51,13.1,21.7,21.82,20.09,,,68.53,,182,5,,-1,
BUY,242,INOD,2023-03-14,6.31,18820.51,,,59.38,,,,,,,2023-03-13,6.86,5.86,4.25,6.12,6.67,5.48,,,61.48,,28,5,,1.5,
BUY,241,NVDA,2023-03-14,23.48,5057.81,,,59.38,,,,,,,2023-03-13,25.7,21.73,16.83,22.94,23.17,21.29,,,52.71,,56,5,,1.4,
BUY,245,PLPC,2023-03-14,117.41,1011.48,,,59.38,,,,,,,2023-03-13,116.01,93.69,77.75,113.63,102.22,86.59,,,49.2,,224,5,,-0.5,
SELL,237,FSLR,2023-03-14,206.33,543.34,2023-03-07,212.62,57.76,56.05,-3420.3,-3476.35,-3.01,5,rotation (out of top-N),2023-03-13,199.57,182.35,138.05,203.55,201.28,177.99,,,44.56,,217,5,,-0.2,
SELL,239,LMB,2023-03-14,16.47,1368.83,2023-03-07,13.46,9.21,11.27,4120.17,4108.9,22.3,5,equal-weight sizing trim,2023-03-13,15.18,13.26,9.27,15.96,14.28,13.01,,,63.84,,161,5,,-1,
SELL,231,MDGL,2023-03-14,245.99,430.26,2023-02-14,253.53,54.54,52.92,-3242.41,-3295.33,-3.02,19,ratchet-ATR exit,2023-03-13,250.89,254.77,138.08,240.29,260.0,280.85,,,81.7,,84,5,,-0.4,
SELL,238,PTGX,2023-03-14,25.4,2219.29,2023-03-07,16.75,18.59,28.18,19196.85,19168.66,51.57,5,equal-weight sizing trim,2023-03-13,22.42,17.31,10.91,25.4,21.35,15.87,,,105.44,,63,5,,-0.0,
SELL,235,TDW,2023-03-14,43.2,2294.48,2023-02-28,46.35,53.17,49.57,-7216.14,-7265.71,-6.83,10,rotation (out of top-N),2023-03-13,39.67,42.43,30.42,42.65,46.82,44.6,,,30.39,,413,5,,0.5,
SELL,240,TGTX,2023-03-14,15.3,6603.41,2023-03-07,17.5,57.76,50.52,-14494.49,-14545.01,-12.59,5,ratchet-ATR exit,2023-03-13,14.83,14.75,9.04,15.05,16.15,16.04,,,63.99,,112,5,,-0.9,
SELL,233,TNK,2023-03-14,38.58,2871.66,2023-02-28,39.02,56.03,55.39,-1263.53,-1318.93,-1.18,10,rotation (out of top-N),2023-03-13,36.08,34.24,25.89,38.21,39.44,32.56,,,39.38,,364,5,,0.0,
BUY,234,ACLS,2023-03-21,133.92,0.0,,,0.0,,,,,,,2023-03-20,128.7,118.81,82.1,131.41,128.09,122.43,,,56.76,,133,5,,-0.8,
BUY,223,ELVN,2023-03-21,21.95,168.72,,,1.85,,,,,,,2023-03-20,23.0,20.96,13.56,22.0,22.0,20.77,,,69.68,,189,5,,-1,
BUY,242,INOD,2023-03-21,7.25,0.0,,,0.0,,,,,,,2023-03-20,7.38,6.13,4.32,7.09,6.82,5.96,,,70.97,,35,5,,1.4,
BUY,239,LMB,2023-03-21,15.97,471.17,,,3.76,,,,,,,2023-03-20,15.89,13.74,9.49,15.39,15.23,13.53,,,67.38,,168,5,,-1,
BUY,246,MDGL,2023-03-21,257.12,477.12,,,61.34,,,,,,,2023-03-20,233.39,250.89,142.16,255.88,252.81,274.21,,,64.18,,91,5,,-0.5,
BUY,238,PTGX,2023-03-21,22.56,762.31,,,8.6,,,,,,,2023-03-20,20.73,17.93,11.23,22.78,22.58,17.33,,,84.52,,70,5,,-0.2,
BUY,247,TGTX,2023-03-21,15.0,8178.45,,,61.34,,,,,,,2023-03-20,14.69,14.74,9.31,14.62,15.26,16.32,,,57.79,,119,5,,-0.9,
SELL,234,ACLS,2023-03-21,133.92,30.26,2023-02-28,125.43,1.9,2.03,256.9,254.87,6.72,15,equal-weight sizing trim,2023-03-20,128.7,118.81,82.1,131.41,128.09,122.43,,,56.76,,133,5,,-0.8,
SELL,243,AEHR,2023-03-21,33.99,237.26,2023-03-14,30.86,3.66,4.03,742.61,738.58,10.09,5,equal-weight sizing trim,2023-03-20,38.1,32.05,21.5,31.99,31.73,33.32,,,77.19,,217,5,,-1,
SELL,227,BLBD,2023-03-21,20.13,5690.33,2023-02-07,14.46,41.13,57.27,32291.16,32233.88,39.19,29,rotation (out of top-N),2023-03-20,19.57,18.33,12.57,19.09,20.17,18.52,,,55.72,,70,5,,0.0,
SELL,244,ELF,2023-03-21,75.17,40.42,2023-03-14,70.97,1.43,1.52,169.57,168.05,5.86,5,equal-weight sizing trim,2023-03-20,78.49,69.72,49.53,74.58,72.98,69.5,,,58.46,,252,5,,-0.9,
SELL,242,INOD,2023-03-21,7.25,1902.78,2023-03-14,6.31,6.0,6.9,1798.13,1791.23,14.92,5,equal-weight sizing trim,2023-03-20,7.38,6.13,4.32,7.09,6.82,5.96,,,70.97,,35,5,,1.4,
SELL,241,NVDA,2023-03-21,26.15,364.19,2023-03-14,23.48,4.28,4.76,972.4,967.63,11.32,5,equal-weight sizing trim,2023-03-20,26.76,22.65,17.1,25.87,24.5,22.26,,,56.48,,63,5,,0.1,
SELL,245,PLPC,2023-03-21,119.37,1011.48,2023-03-14,117.41,59.38,60.37,1982.49,1922.12,1.62,5,rotation (out of top-N),2023-03-20,122.31,98.89,79.32,116.88,111.08,90.79,,,54.21,,231,5,,-0.7,
BUY,234,ACLS,2023-03-28,128.54,63.04,,,4.05,,,,,,,2023-03-27,133.39,121.46,83.98,129.25,129.56,125.04,,,58.83,,140,5,,-0.9,
BUY,249,BBIO,2023-03-28,14.61,8614.1,,,62.93,,,,,,,2023-03-27,16.56,12.86,10.45,14.32,13.88,12.66,,,58.49,,49,5,,1.3,
BUY,248,BLBD,2023-03-28,20.2,6228.76,,,62.93,,,,,,,2023-03-27,20.44,18.71,12.82,19.95,19.97,19.14,,,59.48,,77,5,,-0.3,
BUY,246,MDGL,2023-03-28,239.31,49.03,,,5.87,,,,,,,2023-03-27,242.14,249.3,146.13,237.78,241.97,266.03,,,65.71,,98,5,,-0.6,
BUY,241,NVDA,2023-03-28,26.45,66.84,,,0.88,,,,,,,2023-03-27,27.76,23.58,17.37,26.51,25.86,23.14,,,59.84,,70,5,,-0.2,
BUY,250,PLPC,2023-03-28,121.92,1032.25,,,62.93,,,,,,,2023-03-27,126.73,103.95,80.92,116.01,116.27,95.84,,,56.6,,238,5,,-0.8,
BUY,247,TGTX,2023-03-28,15.04,196.24,,,1.48,,,,,,,2023-03-27,15.04,14.79,9.58,15.02,14.96,16.42,,,57.05,,126,5,,-0.9,
SELL,243,AEHR,2023-03-28,38.02,3611.01,2023-03-14,30.86,55.72,68.65,25872.87,25804.22,23.16,10,rotation (out of top-N),2023-03-27,31.04,31.86,22.08,37.8,35.67,33.64,,,40.6,,224,5,,-0.0,
SELL,244,ELF,2023-03-28,79.17,42.27,2023-03-14,70.98,1.5,1.67,346.19,344.51,11.48,10,equal-weight sizing trim,2023-03-27,82.34,72.01,50.88,79.34,75.37,72.02,,,61.82,,259,5,,-1,
SELL,223,ELVN,2023-03-28,23.41,5591.63,2023-01-31,18.44,51.55,65.45,27793.2,27727.75,26.89,39,rotation (out of top-N),2023-03-27,21.67,21.09,13.98,23.05,22.41,21.48,,,55.02,,196,5,,-0.8,
SELL,242,INOD,2023-03-28,8.08,1334.2,2023-03-14,6.31,4.21,5.39,2361.53,2356.14,27.99,10,equal-weight sizing trim,2023-03-27,8.48,6.56,4.41,7.92,7.22,6.49,,,92.35,,42,5,,1.3,
SELL,239,LMB,2023-03-28,16.63,113.75,2023-03-07,13.61,0.77,0.95,343.09,342.15,22.09,15,equal-weight sizing trim,2023-03-27,17.37,14.4,9.78,16.47,15.89,13.99,,,77.62,,175,5,,-1,
SELL,238,PTGX,2023-03-28,21.72,5440.14,2023-03-07,17.56,47.78,59.08,22608.47,22549.39,23.6,15,ratchet-ATR exit,2023-03-27,23.01,18.86,11.58,21.75,21.83,18.42,,,98.67,,77,5,,-0.3,
BUY,252,AU,2023-04-04,21.9,5992.77,,,65.62,,,,,,,2023-04-03,23.96,19.26,15.33,21.88,20.35,17.38,,,56.31,,112,5,,-0.7,
BUY,251,COCO,2023-04-04,19.78,6635.07,,,65.62,,,,,,,2023-04-03,20.77,17.65,13.77,19.78,19.14,17.01,,,50.82,,126,5,,-0.5,
BUY,242,INOD,2023-04-04,8.41,29.69,,,0.12,,,,,,,2023-04-03,7.64,6.76,4.48,8.49,7.84,6.88,,,70.62,,49,5,,1.2,
BUY,246,MDGL,2023-04-04,248.59,2.07,,,0.26,,,,,,,2023-04-03,247.65,249.0,150.48,248.88,241.92,260.56,,,64.58,,105,5,,-0.8,
BUY,241,NVDA,2023-04-04,27.95,0.0,,,0.0,,,,,,,2023-04-03,27.01,24.2,17.68,27.94,26.86,23.99,,,52.77,,77,5,,0.1,
BUY,253,PTGX,2023-04-04,22.73,5773.94,,,65.62,,,,,,,2023-04-03,18.47,18.79,11.85,22.81,22.24,19.48,,,55.9,,84,5,,-0.2,
BUY,254,VIST,2023-04-04,21.11,6217.04,,,65.62,,,,,,,2023-04-03,20.59,17.93,13.19,21.16,19.18,18.0,,,56.12,,999,5,,-0.8,
SELL,234,ACLS,2023-04-04,130.77,979.55,2023-02-28,125.63,61.53,64.05,5035.07,4971.02,4.04,25,rotation (out of top-N),2023-04-03,125.35,122.17,85.92,132.58,131.0,127.19,,,45.89,,147,5,,-0.3,
SELL,249,BBIO,2023-04-04,16.58,8614.1,2023-03-28,14.61,62.93,71.41,16969.78,16898.37,13.43,5,rotation (out of top-N),2023-04-03,15.64,13.37,10.59,16.57,15.62,13.48,,,47.65,,56,5,,1.7,
SELL,248,BLBD,2023-04-04,19.86,6228.76,2023-03-28,20.2,62.93,61.85,-2148.92,-2210.77,-1.76,5,rotation (out of top-N),2023-04-03,19.09,18.78,13.06,19.72,20.16,19.81,,,46.13,,84,5,,0.3,
SELL,244,ELF,2023-04-04,83.16,11.47,2023-03-14,70.97,0.41,0.48,139.72,139.24,17.1,15,equal-weight sizing trim,2023-04-03,81.34,73.71,52.15,83.33,79.14,74.38,,,55.97,,266,5,,-0.8,
SELL,239,LMB,2023-04-04,17.49,63.99,2023-03-07,13.61,0.44,0.56,248.03,247.47,28.41,20,equal-weight sizing trim,2023-04-03,16.79,14.84,10.06,17.43,16.7,14.52,,,66.83,,182,5,,-1,
SELL,241,NVDA,2023-04-04,27.95,62.52,2023-03-14,23.52,0.74,0.87,276.86,275.98,18.77,15,equal-weight sizing trim,2023-04-03,27.01,24.2,17.68,27.94,26.86,23.99,,,52.77,,77,5,,0.1,
SELL,250,PLPC,2023-04-04,116.2,1032.25,2023-03-28,121.92,62.93,59.97,-5904.47,-5964.45,-4.74,5,rotation (out of top-N),2023-04-03,116.2,106.18,82.33,122.99,121.48,101.06,,,41.14,,245,5,,-0.1,
SELL,247,TGTX,2023-04-04,16.59,462.23,2023-03-21,15.0,3.47,3.84,736.87,733.04,10.57,10,equal-weight sizing trim,2023-04-03,15.5,14.92,9.85,16.58,15.19,16.26,,,57.36,,133,5,,-0.9,
BUY,244,ELF,2023-04-11,84.62,1.87,,,0.08,,,,,,,2023-04-10,90.17,76.7,53.62,84.02,80.84,75.46,,,68.17,,273,5,,-1,
BUY,242,INOD,2023-04-11,7.99,1140.02,,,4.55,,,,,,,2023-04-10,7.91,6.97,4.56,7.96,7.79,7.08,,,73.6,,56,5,,1.1,
BUY,239,LMB,2023-04-11,17.79,12.34,,,0.11,,,,,,,2023-04-10,17.84,15.38,10.38,17.53,16.98,14.95,,,71.94,,189,5,,-1,
BUY,246,MDGL,2023-04-11,247.14,13.08,,,1.62,,,,,,,2023-04-10,239.58,247.28,154.65,244.91,242.58,258.02,,,54.92,,112,5,,-0.6,
BUY,256,WFRD,2023-04-11,59.13,2261.33,,,66.86,,,,,,,2023-04-10,63.86,58.03,42.69,58.65,57.77,59.96,,,49.6,,182,5,,-0.5,
BUY,255,YPF,2023-04-11,12.44,10752.9,,,66.86,,,,,,,2023-04-10,12.45,10.95,8.18,12.29,11.26,11.1,,,52.16,,231,5,,-0.6,
SELL,252,AU,2023-04-11,24.16,455.55,2023-04-04,21.9,4.99,5.5,1029.55,1024.04,10.26,4,equal-weight sizing trim,2023-04-10,24.69,20.24,15.62,23.82,22.18,17.95,,,58.04,,119,5,,-0.9,
SELL,251,COCO,2023-04-11,21.91,529.22,2023-04-04,19.78,5.23,5.8,1127.23,1121.43,10.71,4,equal-weight sizing trim,2023-04-10,21.39,18.33,14.03,21.94,20.14,17.69,,,52.44,,133,5,,-0.6,
SELL,241,NVDA,2023-04-11,27.69,4697.94,2023-03-14,23.52,55.25,65.04,19582.41,19517.37,17.66,19,rotation (out of top-N),2023-04-10,26.74,24.66,17.95,27.57,27.07,24.52,,,48.94,,84,5,,0.2,
SELL,253,PTGX,2023-04-11,18.48,5773.94,2023-04-04,22.73,65.62,53.35,-24539.25,-24592.6,-18.74,4,ratchet-ATR exit,2023-04-10,18.73,18.78,12.07,18.43,20.41,19.78,,,55.12,,91,5,,-0.3,
SELL,247,TGTX,2023-04-11,19.45,1034.35,2023-03-21,15.0,7.76,10.06,4602.03,4591.97,29.59,14,equal-weight sizing trim,2023-04-10,20.32,15.9,10.22,19.0,16.12,16.12,,,98.88,,140,5,,-1,
SELL,254,VIST,2023-04-11,21.62,29.28,2023-04-04,21.11,0.31,0.32,14.94,14.62,2.36,4,equal-weight sizing trim,2023-04-10,22.39,18.74,13.58,21.22,20.15,18.46,,,64.92,,999,5,,-1,
BUY,259,IPAR,2023-04-18,138.45,1003.73,,,69.48,,,,,,,2023-04-17,144.46,126.57,93.21,137.81,132.8,125.3,,,54.98,,161,5,,-0.7,
BUY,260,IRON,2023-04-18,24.79,5605.75,,,69.48,,,,,,,2023-04-17,31.08,23.67,18.79,23.2,22.06,22.87,,,65.44,,189,5,,-1,
BUY,239,LMB,2023-04-18,18.34,61.09,,,0.56,,,,,,,2023-04-17,17.16,15.71,10.68,18.22,17.61,15.61,,,60.67,,196,5,,-1,
BUY,257,MSGE,2023-04-18,26.57,5230.2,,,69.48,,,,,,,2023-04-17,56.88,31.37,24.63,26.62,26.63,26.35,,,130.98,,56,5,,1.1,
BUY,258,PTGX,2023-04-18,20.93,6639.58,,,69.48,,,,,,,2023-04-17,24.01,19.73,12.44,20.6,19.74,20.15,,,93.04,,98,5,,-0.6,
SELL,252,AU,2023-04-18,24.08,5537.22,2023-04-04,21.9,60.63,66.67,12071.14,12004.47,9.9,9,rotation (out of top-N),2023-04-17,23.63,20.86,15.91,24.13,23.6,18.87,,,48.49,,126,5,,-0.4,
SELL,251,COCO,2023-04-18,21.47,6105.85,2023-04-04,19.78,60.39,65.55,10318.89,10253.35,8.49,9,rotation (out of top-N),2023-04-17,20.66,18.76,14.26,21.48,21.0,18.39,,,44.96,,140,5,,-0.2,
SELL,244,ELF,2023-04-18,91.59,62.91,2023-03-14,70.99,2.23,2.88,1295.95,1293.07,28.95,24,equal-weight sizing trim,2023-04-17,96.83,80.36,55.24,90.72,85.53,77.21,,,75.27,,280,5,,-1,
SELL,242,INOD,2023-04-18,8.41,221.02,2023-03-14,6.43,0.71,0.93,438.13,437.2,30.77,24,equal-weight sizing trim,2023-04-17,8.58,7.26,4.66,8.44,7.98,7.33,,,84.23,,63,5,,-0.0,
SELL,246,MDGL,2023-04-18,269.93,26.22,2023-03-21,255.23,3.35,3.54,385.39,381.85,5.71,19,equal-weight sizing trim,2023-04-17,303.22,257.45,160.5,255.87,243.41,254.35,,,88.92,,119,5,,-1.0,
SELL,247,TGTX,2023-04-18,20.56,115.66,2023-03-21,15.0,0.87,1.19,642.96,641.77,36.99,19,equal-weight sizing trim,2023-04-17,22.15,17.04,10.62,20.54,18.9,16.37,,,108.64,,147,5,,-1,
SELL,254,VIST,2023-04-18,22.6,35.72,2023-04-04,21.11,0.38,0.4,53.22,52.82,7.0,9,equal-weight sizing trim,2023-04-17,21.16,19.18,13.95,22.35,21.31,18.95,,,51.64,,999,5,,-0.6,
SELL,256,WFRD,2023-04-18,63.12,2261.33,2023-04-11,59.13,66.86,71.37,9022.7,8951.33,6.69,5,rotation (out of top-N),2023-04-17,60.99,58.57,43.77,62.69,60.67,59.55,,,39.33,,189,5,,0.0,
SELL,255,YPF,2023-04-18,12.31,10752.9,2023-04-11,12.44,66.86,66.18,-1344.11,-1410.3,-1.05,5,rotation (out of top-N),2023-04-17,11.31,11.01,8.39,12.29,11.98,11.16,,,34.79,,238,5,,0.3,
BUY,262,CMPR,2023-04-25,45.29,3241.49,,,73.4,,,,,,,2023-04-24,51.95,41.39,32.64,46.16,44.44,39.18,,,59.17,,70,5,,-0.1,
BUY,261,COCO,2023-04-25,20.05,7322.05,,,73.4,,,,,,,2023-04-24,21.64,19.28,14.5,20.32,20.73,18.92,,,49.25,,147,5,,-0.5,
BUY,244,ELF,2023-04-25,94.66,33.62,,,1.59,,,,,,,2023-04-24,92.7,82.61,56.74,94.79,91.41,79.86,,,63.39,,287,5,,-1,
BUY,265,IPAR,2023-04-25,143.19,1025.26,,,73.4,,,,,,,2023-04-24,139.6,128.94,94.87,143.62,138.99,129.39,,,47.15,,168,5,,-0.4,
BUY,263,META,2023-04-25,209.17,701.86,,,73.4,,,,,,,2023-04-24,238.32,204.22,154.62,211.14,212.83,199.35,,,54.13,,70,5,,0.1,
BUY,264,NVDA,2023-04-25,27.05,5427.25,,,73.4,,,,,,,2023-04-24,27.72,25.58,18.5,27.01,27.12,25.77,,,49.85,,98,5,,-0.1,
SELL,242,INOD,2023-04-25,7.7,16532.23,2023-03-14,6.43,53.13,63.61,20951.26,20887.66,19.66,29,rotation (out of top-N),2023-04-24,6.59,7.14,4.69,8.3,8.21,7.49,,,40.37,,70,5,,0.8,
SELL,259,IPAR,2023-04-25,143.19,1003.73,2023-04-18,138.45,69.48,71.86,4757.68,4685.82,3.37,5,rotation (out of top-N),2023-04-24,139.6,128.94,94.87,143.62,138.99,129.39,,,47.15,,168,5,,-0.4,
SELL,260,IRON,2023-04-25,30.48,786.84,2023-04-18,24.79,9.75,11.99,4477.1,4465.1,22.89,5,equal-weight sizing trim,2023-04-24,32.81,25.33,19.21,30.05,26.27,23.31,,,70.81,,196,5,,-1,
SELL,239,LMB,2023-04-25,16.56,7581.0,2023-03-07,13.66,51.77,62.77,21994.25,21931.48,21.18,34,ratchet-ATR exit,2023-04-24,16.9,15.92,10.97,16.78,17.13,16.1,,,54.11,,203,5,,-0.7,
SELL,246,MDGL,2023-04-25,304.55,32.79,2023-03-21,255.23,4.19,4.99,1617.36,1612.37,19.26,24,equal-weight sizing trim,2023-04-24,311.72,267.32,166.63,305.85,277.65,254.63,,,87.07,,126,5,,-1,
SELL,257,MSGE,2023-04-25,30.77,5230.2,2023-04-18,26.57,69.48,80.47,21966.85,21886.39,15.75,5,rotation (out of top-N),2023-04-24,32.35,31.55,24.78,31.22,32.27,27.19,,,30.56,,63,5,,1.4,
SELL,258,PTGX,2023-04-25,23.98,514.46,2023-04-18,20.93,5.38,6.17,1569.11,1562.94,14.52,5,equal-weight sizing trim,2023-04-24,22.61,20.25,12.75,23.75,22.17,21.07,,,77.23,,105,5,,-0.8,
SELL,247,TGTX,2023-04-25,22.64,274.8,2023-03-21,15.0,2.06,3.11,2099.24,2096.13,50.85,24,equal-weight sizing trim,2023-04-24,24.82,18.45,11.08,22.64,20.85,17.02,,,124.04,,154,5,,-1,
SELL,254,VIST,2023-04-25,20.76,6152.04,2023-04-04,21.11,64.93,63.86,-2153.21,-2217.07,-1.71,14,rotation (out of top-N),2023-04-24,20.94,19.5,14.32,21.3,21.43,19.45,,,46.21,,999,5,,-0.3,
BUY,268,AU,2023-05-02,23.78,6682.98,,,79.46,,,,,,,2023-05-01,25.33,22.1,16.51,23.66,23.72,20.98,,,53.39,,140,5,,-0.7,
BUY,266,BLDR,2023-05-02,93.31,1703.06,,,79.46,,,,,,,2023-05-01,111.22,92.0,72.1,93.94,93.11,88.05,,,54.25,,140,5,,-0.7,
BUY,269,GRBK,2023-05-02,36.75,4324.39,,,79.46,,,,,,,2023-05-01,48.04,36.65,28.02,37.03,36.55,34.3,,,71.47,,168,5,,-1,
BUY,246,MDGL,2023-05-02,307.93,34.05,,,5.24,,,,,,,2023-05-01,306.27,274.4,172.71,309.17,296.23,258.66,,,77.33,,133,5,,-1,
BUY,267,PLPC,2023-05-02,116.2,1367.65,,,79.46,,,,,,,2023-05-01,148.58,120.17,89.36,116.2,120.18,118.94,,,66.26,,273,5,,-1,
BUY,258,PTGX,2023-05-02,23.92,521.8,,,6.24,,,,,,,2023-05-01,24.82,21.08,13.13,23.54,22.74,21.97,,,89.08,,112,5,,-0.9,
BUY,271,SHOP,2023-05-02,46.84,3392.85,,,79.46,,,,,,,2023-05-01,62.03,48.95,39.35,47.27,47.49,45.74,,,57.62,,112,5,,-0.7,
BUY,270,SMCI,2023-05-02,10.55,15063.62,,,79.46,,,,,,,2023-05-01,13.72,10.8,8.27,10.51,10.3,10.36,,,65.93,,378,5,,-1,
SELL,262,CMPR,2023-05-02,51.14,3241.49,2023-04-25,45.29,73.4,82.88,18962.71,18879.82,12.86,5,rotation (out of top-N),2023-05-01,47.16,42.43,32.81,51.26,47.57,40.82,,,43.71,,77,5,,0.5,
SELL,261,COCO,2023-05-02,21.4,7322.05,2023-04-25,20.05,73.4,78.35,9884.76,9806.42,6.68,5,rotation (out of top-N),2023-05-01,22.62,19.89,14.76,21.73,21.12,19.46,,,53.22,,154,5,,-0.7,
SELL,244,ELF,2023-05-02,93.08,1551.65,2023-03-14,71.5,55.47,72.21,33478.31,33406.1,30.11,34,rotation (out of top-N),2023-05-01,88.33,83.65,58.11,92.67,92.33,82.13,,,52.0,,294,5,,-0.6,
SELL,265,IPAR,2023-05-02,138.45,1025.26,2023-04-25,143.19,73.4,70.97,-4859.73,-4930.71,-3.36,5,rotation (out of top-N),2023-05-01,140.98,131.13,96.51,139.35,139.73,132.03,,,46.08,,175,5,,-0.3,
SELL,260,IRON,2023-05-02,33.52,75.46,2023-04-18,24.79,0.94,1.26,658.73,657.46,35.15,10,equal-weight sizing trim,2023-05-01,30.8,26.32,19.59,34.71,30.31,24.26,,,57.2,,203,5,,-0.9,
SELL,263,META,2023-05-02,241.22,701.86,2023-04-25,209.17,73.4,84.65,22494.45,22409.8,15.26,5,rotation (out of top-N),2023-05-01,230.99,209.09,156.45,241.22,223.6,205.82,,,47.64,,77,5,,0.3,
SELL,264,NVDA,2023-05-02,28.65,5427.25,2023-04-25,27.05,73.4,77.75,8683.59,8605.85,5.86,5,rotation (out of top-N),2023-05-01,28.65,26.14,18.76,28.88,27.44,26.29,,,52.71,,105,5,,-0.4,
SELL,247,TGTX,2023-05-02,30.82,1328.64,2023-03-21,15.0,9.97,20.47,21018.04,20997.57,105.35,29,equal-weight sizing trim,2023-05-01,34.26,21.33,11.79,30.63,23.77,18.1,,,190.66,,161,5,,-1,
BUY,273,BLBD,2023-05-09,19.43,9403.77,,,91.36,,,,,,,2023-05-08,26.34,20.06,14.31,19.73,18.98,19.28,,,84.11,,119,5,,-1.0,
BUY,272,COCO,2023-05-09,23.33,7831.77,,,91.36,,,,,,,2023-05-08,24.39,20.71,15.04,23.25,22.14,20.17,,,62.1,,161,5,,-1,
BUY,269,GRBK,2023-05-09,50.34,0.0,,,0.0,,,,,,,2023-05-08,50.26,39.13,28.59,50.05,41.9,35.71,,,75.82,,175,5,,-1,
BUY,276,INOD,2023-05-09,7.93,23041.02,,,91.36,,,,,,,2023-05-08,9.3,7.38,4.77,8.24,6.95,7.43,,,95.16,,84,5,,-0.4,
BUY,260,IRON,2023-05-09,30.72,1206.68,,,18.53,,,,,,,2023-05-08,33.11,27.56,20.03,30.81,30.93,25.24,,,65.29,,210,5,,-1,
BUY,274,LMB,2023-05-09,18.25,10011.8,,,91.36,,,,,,,2023-05-08,19.41,16.72,11.61,17.1,16.85,16.8,,,67.13,,217,5,,-1,
BUY,246,MDGL,2023-05-09,303.74,85.47,,,12.98,,,,,,,2023-05-08,292.89,277.76,178.05,308.8,303.05,264.57,,,64.5,,140,5,,-1,
BUY,275,POWL,2023-05-09,16.9,10811.55,,,91.36,,,,,,,2023-05-08,17.56,14.45,11.03,16.76,14.83,13.63,,,59.21,,189,5,,-1.0,
BUY,258,PTGX,2023-05-09,24.78,729.9,,,9.04,,,,,,,2023-05-08,25.34,21.85,13.47,24.94,23.81,22.22,,,88.03,,119,5,,-1.0,
BUY,247,TGTX,2023-05-09,33.0,380.4,,,6.28,,,,,,,2023-05-08,30.9,23.07,12.4,33.1,30.1,20.22,,,149.11,,168,5,,-1,
SELL,268,AU,2023-05-09,24.98,6682.98,2023-05-02,23.78,79.46,83.47,8019.57,7936.1,4.99,5,rotation (out of top-N),2023-05-08,22.83,22.24,16.76,25.28,24.69,22.23,,,36.23,,147,5,,0.2,
SELL,266,BLDR,2023-05-09,113.51,1703.06,2023-05-02,93.31,79.46,96.66,34393.33,34296.67,21.58,5,rotation (out of top-N),2023-05-08,115.81,96.33,73.28,113.63,102.8,90.78,,,58.03,,147,5,,-0.9,
SELL,269,GRBK,2023-05-09,50.34,692.95,2023-05-02,36.75,12.73,17.44,9417.14,9399.69,36.91,5,equal-weight sizing trim,2023-05-08,50.26,39.13,28.59,50.05,41.9,35.71,,,75.82,,175,5,,-1,
SELL,267,PLPC,2023-05-09,140.17,1367.65,2023-05-02,116.2,79.46,95.85,32782.62,32686.77,20.57,5,rotation (out of top-N),2023-05-08,144.81,124.65,91.29,137.99,130.28,121.78,,,58.63,,280,5,,-0.9,
SELL,271,SHOP,2023-05-09,63.46,3392.85,2023-05-02,46.84,79.46,107.66,56389.2,56281.54,35.41,5,rotation (out of top-N),2023-05-08,61.31,51.2,39.87,64.4,53.74,47.31,,,53.78,,119,5,,-0.7,
SELL,270,SMCI,2023-05-09,13.65,15063.62,2023-05-02,10.55,79.46,102.81,46697.22,46594.41,29.32,5,rotation (out of top-N),2023-05-08,13.46,11.29,8.46,13.67,12.15,10.76,,,59.15,,385,5,,-1.0,
BUY,273,BLBD,2023-05-16,23.41,0.0,,,0.0,,,,,,,2023-05-15,27.05,21.33,14.67,23.61,20.97,19.46,,,84.34,,126,5,,-1,
BUY,269,GRBK,2023-05-16,49.91,213.64,,,5.33,,,,,,,2023-05-15,51.99,41.47,29.13,50.31,47.73,38.16,,,78.49,,182,5,,-1,
BUY,277,HOV,2023-05-16,82.05,2337.81,,,95.91,,,,,,,2023-05-15,91.18,73.79,53.92,82.31,78.26,69.77,,,69.09,,126,5,,-1,
BUY,276,INOD,2023-05-16,9.82,0.0,,,0.0,,,,,,,2023-05-15,9.89,7.84,4.89,9.67,8.07,7.66,,,102.29,,91,5,,-0.5,
BUY,260,IRON,2023-05-16,31.07,226.56,,,3.52,,,,,,,2023-05-15,33.24,28.59,20.42,31.61,31.96,26.52,,,62.81,,217,5,,-1,
BUY,258,PTGX,2023-05-16,24.64,413.25,,,5.09,,,,,,,2023-05-15,26.07,22.62,13.84,25.96,24.77,22.37,,,88.36,,126,5,,-1,
BUY,278,SMCI,2023-05-16,13.84,13859.65,,,95.91,,,,,,,2023-05-15,16.42,12.22,8.7,13.78,13.04,11.28,,,88.63,,392,5,,-1,
BUY,247,TGTX,2023-05-16,29.52,961.25,,,14.19,,,,,,,2023-05-15,29.94,24.32,12.94,31.15,31.52,22.45,,,131.29,,175,5,,-1,
SELL,273,BLBD,2023-05-16,23.41,1207.6,2023-05-09,19.43,11.73,14.14,4812.27,4798.13,20.45,5,equal-weight sizing trim,2023-05-15,27.05,21.33,14.67,23.61,20.97,19.46,,,84.34,,126,5,,-1,
SELL,272,COCO,2023-05-16,24.09,7831.77,2023-05-09,23.33,91.36,94.33,5952.15,5857.81,3.21,5,rotation (out of top-N),2023-05-15,24.4,21.38,15.33,24.32,23.52,21.09,,,59.21,,168,5,,-1.0,
SELL,276,INOD,2023-05-16,9.82,3497.9,2023-05-09,7.93,13.87,17.17,6611.02,6593.85,23.77,5,equal-weight sizing trim,2023-05-15,9.89,7.84,4.89,9.67,8.07,7.66,,,102.29,,91,5,,-0.5,
SELL,274,LMB,2023-05-16,20.19,506.42,2023-05-09,18.25,4.62,5.11,982.46,977.35,10.57,5,equal-weight sizing trim,2023-05-15,21.37,17.56,11.98,20.4,18.63,17.25,,,78.32,,224,5,,-1,
SELL,246,MDGL,2023-05-16,279.56,601.81,2023-03-21,265.1,79.77,84.12,8700.08,8615.96,5.4,39,rotation (out of top-N),2023-05-15,276.7,277.57,183.14,289.61,295.96,270.63,,,51.09,,147,5,,-0.6,
SELL,275,POWL,2023-05-16,18.68,537.82,2023-05-09,16.9,4.54,5.02,957.31,952.29,10.48,5,equal-weight sizing trim,2023-05-15,19.35,15.34,11.29,18.67,16.6,14.11,,,71.32,,196,5,,-1,
BUY,276,INOD,2023-05-23,10.04,950.28,,,4.77,,,,,,,2023-05-22,11.32,8.47,5.07,10.02,8.99,7.93,,,123.29,,98,5,,-0.6,
BUY,280,NVDA,2023-05-23,30.98,6638.34,,,102.83,,,,,,,2023-05-22,38.89,29.48,19.84,31.15,29.96,27.93,,,96.06,,126,5,,-1,
BUY,279,PLTR,2023-05-23,11.96,17195.29,,,102.83,,,,,,,2023-05-22,13.64,9.74,8.02,11.83,10.39,8.67,,,70.03,,42,5,,1.3,
BUY,275,POWL,2023-05-23,18.88,624.17,,,5.89,,,,,,,2023-05-22,19.64,16.13,11.57,19.01,18.13,14.78,,,69.71,,203,5,,-1,
BUY,258,PTGX,2023-05-23,25.65,231.59,,,2.97,,,,,,,2023-05-22,26.28,23.29,14.26,25.61,25.36,22.87,,,84.31,,133,5,,-1,
BUY,281,RMBS,2023-05-23,58.83,3495.76,,,102.83,,,,,,,2023-05-22,66.44,52.45,39.38,58.71,54.17,49.39,,,68.75,,217,5,,-1,
SELL,273,BLBD,2023-05-23,28.09,871.2,2023-05-09,19.43,8.46,12.24,7544.61,7532.37,44.5,10,equal-weight sizing trim,2023-05-22,26.36,22.24,15.04,28.18,23.77,20.07,,,75.31,,133,5,,-1,
SELL,269,GRBK,2023-05-23,50.59,3845.08,2023-05-02,37.48,72.06,97.26,50404.41,50307.14,34.91,15,rotation (out of top-N),2023-05-22,47.97,42.65,29.65,51.65,50.33,40.49,,,61.79,,189,5,,-1,
SELL,277,HOV,2023-05-23,90.29,58.95,2023-05-16,82.05,2.42,2.66,485.74,483.08,9.99,5,equal-weight sizing trim,2023-05-22,93.05,77.3,55.08,90.44,85.82,72.95,,,68.93,,133,5,,-1,
SELL,260,IRON,2023-05-23,34.19,6176.7,2023-04-18,26.18,80.85,105.59,49482.54,49376.95,30.54,25,rotation (out of top-N),2023-05-22,32.19,29.25,20.82,33.68,33.02,27.96,,,54.62,,224,5,,-0.7,
SELL,274,LMB,2023-05-23,21.68,16.85,2023-05-09,18.25,0.15,0.18,57.89,57.71,18.76,10,equal-weight sizing trim,2023-05-22,21.26,18.23,12.34,21.54,20.32,17.89,,,72.32,,231,5,,-1,
SELL,278,SMCI,2023-05-23,16.27,1213.15,2023-05-16,13.84,8.39,9.87,2947.95,2938.08,17.5,5,equal-weight sizing trim,2023-05-22,21.92,13.98,9.08,16.48,14.95,11.91,,,141.46,,399,5,,-1,
SELL,247,TGTX,2023-05-23,29.09,6500.65,2023-03-21,18.2,59.16,94.54,70753.03,70658.49,59.72,44,ratchet-ATR exit,2023-05-22,27.23,24.85,13.45,28.56,30.56,24.39,,,102.44,,182,5,,-1,
BUY,282,COCO,2023-06-06,26.78,8503.52,,,113.86,,,,,,,2023-06-05,28.06,23.93,16.24,26.59,25.79,23.17,,,72.75,,189,5,,-1,
BUY,285,GRBK,2023-06-06,51.77,4399.19,,,113.86,,,,,,,2023-06-05,55.69,46.28,31.09,51.69,49.75,43.83,,,79.1,,203,5,,-1,
BUY,286,IRON,2023-06-06,41.1,5540.74,,,113.86,,,,,,,2023-06-05,45.9,33.99,22.2,41.77,36.91,31.12,,,106.78,,238,5,,-1,
BUY,283,MDB,2023-06-06,385.02,591.46,,,113.86,,,,,,,2023-06-05,374.61,290.37,216.2,388.51,316.91,256.91,,,73.27,,42,5,,1.3,
BUY,280,NVDA,2023-06-06,38.79,0.0,,,0.0,,,,,,,2023-06-05,38.75,32.63,21.04,39.14,36.9,30.17,,,84.17,,140,5,,-1,
BUY,284,TGTX,2023-06-06,25.35,8983.21,,,113.86,,,,,,,2023-06-05,27.47,25.58,14.46,25.83,27.33,27.0,,,89.94,,196,5,,-1,
SELL,273,BLBD,2023-06-06,21.57,7324.97,2023-05-09,19.43,71.16,79.0,15675.44,15596.44,10.96,19,rotation (out of top-N),2023-06-05,21.43,22.66,15.64,25.21,25.52,21.46,,,37.02,,147,5,,0.1,
SELL,277,HOV,2023-06-06,92.55,2278.86,2023-05-16,82.05,93.49,105.45,23928.06,23822.6,12.74,14,rotation (out of top-N),2023-06-05,90.26,81.22,57.44,89.38,88.16,78.33,,,57.14,,147,5,,-0.9,
SELL,276,INOD,2023-06-06,11.24,223.1,2023-05-09,8.03,0.9,1.25,716.63,715.37,39.94,19,equal-weight sizing trim,2023-06-05,10.51,9.28,5.45,11.31,10.47,8.5,,,93.02,,112,5,,-0.9,
SELL,274,LMB,2023-06-06,22.07,9488.52,2023-05-09,18.25,86.58,104.73,36293.58,36188.85,20.9,19,rotation (out of top-N),2023-06-05,22.49,19.47,13.05,21.64,21.0,18.8,,,72.4,,245,5,,-1,
SELL,280,NVDA,2023-06-06,38.79,764.7,2023-05-23,30.98,11.85,14.83,5972.33,5957.5,25.15,9,equal-weight sizing trim,2023-06-05,38.75,32.63,21.04,39.14,36.9,30.17,,,84.17,,140,5,,-1,
SELL,279,PLTR,2023-06-06,15.28,2284.41,2023-05-23,11.96,13.66,17.45,7584.24,7566.79,27.7,9,equal-weight sizing trim,2023-06-05,15.01,11.41,8.38,15.23,13.69,9.95,,,79.18,,56,5,,1.1,
SELL,275,POWL,2023-06-06,20.21,10897.91,2023-05-09,17.01,92.71,110.12,34836.23,34726.11,18.73,19,rotation (out of top-N),2023-06-05,20.55,17.53,12.19,19.91,19.25,16.12,,,68.52,,217,5,,-1,
SELL,258,PTGX,2023-06-06,28.58,49.71,2023-04-18,21.8,0.54,0.71,336.96,336.25,31.02,34,equal-weight sizing trim,2023-06-05,29.06,25.06,15.23,28.78,26.79,24.04,,,90.75,,147,5,,-1,
SELL,281,RMBS,2023-06-06,62.9,3495.76,2023-05-23,58.83,102.83,109.94,14227.75,14117.81,6.86,9,rotation (out of top-N),2023-06-05,63.69,56.19,41.29,63.21,62.2,52.69,,,54.24,,231,5,,-0.7,
SELL,278,SMCI,2023-06-06,22.16,2364.99,2023-05-16,13.84,16.37,26.2,19676.72,19650.52,60.04,14,equal-weight sizing trim,2023-06-05,26.18,17.42,9.95,22.37,20.7,14.23,,,163.06,,413,5,,-1,
BUY,290,AAOI,2023-06-13,3.32,72562.89,,,120.45,,,,,,,2023-06-12,4.85,2.72,2.43,3.31,2.73,2.07,,,99.28,,0,5,,2.0,
BUY,287,BELFA,2023-06-13,54.55,4416.29,,,120.45,,,,,,,2023-06-12,57.48,38.88,32.54,55.09,45.92,35.55,,,76.67,,7,5,,1.9,
BUY,291,CVNA,2023-06-13,4.39,54851.73,,,120.45,,,,,,,2023-06-12,5.05,2.93,2.28,4.25,3.47,2.29,,,121.33,,7,5,,1.9,
BUY,276,INOD,2023-06-13,10.29,3163.15,,,16.27,,,,,,,2023-06-12,11.86,9.75,5.66,10.28,10.63,8.86,,,109.64,,119,5,,-1.0,
BUY,288,LMB,2023-06-13,23.66,10179.96,,,120.45,,,,,,,2023-06-12,24.07,20.3,13.45,23.5,22.37,19.47,,,79.02,,252,5,,-1,
BUY,280,NVDA,2023-06-13,40.15,129.52,,,2.6,,,,,,,2023-06-12,42.67,34.45,21.75,39.46,38.03,31.63,,,96.2,,147,5,,-1,
BUY,289,SKYW,2023-06-13,35.99,6692.84,,,120.45,,,,,,,2023-06-12,38.72,30.22,21.25,35.31,33.01,28.19,,,82.21,,77,5,,-0.3,
SELL,282,COCO,2023-06-13,28.84,8503.52,2023-06-06,26.78,113.86,122.6,17474.74,17352.14,7.62,5,rotation (out of top-N),2023-06-12,28.83,24.82,16.57,28.57,26.98,23.91,,,74.01,,196,5,,-1,
SELL,285,GRBK,2023-06-13,56.91,4399.19,2023-06-06,51.77,113.86,125.18,22633.85,22508.68,9.88,5,rotation (out of top-N),2023-06-12,54.3,47.74,31.85,56.25,53.43,46.41,,,70.49,,210,5,,-1,
SELL,286,IRON,2023-06-13,47.34,449.29,2023-06-06,41.1,9.23,10.63,2803.54,2792.91,15.12,5,equal-weight sizing trim,2023-06-12,49.49,36.81,23.1,49.74,41.22,33.73,,,114.29,,245,5,,-1,
SELL,283,MDB,2023-06-13,387.5,591.46,2023-06-06,385.02,113.86,114.6,1466.82,1352.23,0.59,5,rotation (out of top-N),2023-06-12,380.23,306.71,218.99,382.03,355.25,276.59,,,73.63,,49,5,,1.2,
SELL,279,PLTR,2023-06-13,16.22,50.87,2023-05-23,11.96,0.3,0.41,216.71,216.3,35.55,14,equal-weight sizing trim,2023-06-12,16.32,12.3,8.59,15.65,14.67,10.79,,,89.97,,63,5,,-0.0,
SELL,258,PTGX,2023-06-13,29.03,7971.95,2023-04-18,21.8,86.9,115.71,57621.63,57505.92,33.09,39,rotation (out of top-N),2023-06-12,27.67,25.54,15.7,29.0,28.24,25.33,,,76.19,,154,5,,-1,
SELL,278,SMCI,2023-06-13,26.08,1039.59,2023-05-16,13.84,7.19,13.56,12724.54,12710.98,88.35,19,equal-weight sizing trim,2023-06-12,23.08,18.45,10.36,25.87,23.57,16.01,,,122.74,,420,5,,-1,
SELL,284,TGTX,2023-06-13,26.45,8983.21,2023-06-06,25.35,113.86,118.8,9881.53,9762.72,4.29,5,rotation (out of top-N),2023-06-12,25.63,25.59,14.92,26.23,27.25,27.87,,,71.76,,203,5,,-1,
BUY,294,CCL,2023-06-27,14.61,16987.04,,,124.09,,,,,,,2023-06-26,18.62,13.59,10.15,14.43,14.92,11.97,,,83.51,,147,5,,-1,
BUY,291,CVNA,2023-06-27,4.34,2307.54,,,5.01,,,,,,,2023-06-26,5.19,3.54,2.22,4.18,4.46,3.0,,,133.21,,21,5,,1.7,
BUY,292,HUT,2023-06-27,13.85,17919.18,,,124.09,,,,,,,2023-06-26,16.55,11.78,8.79,13.3,12.54,10.16,,,88.33,,56,5,,1.1,
BUY,295,LMB,2023-06-27,23.71,10467.34,,,124.09,,,,,,,2023-06-26,24.72,21.4,14.28,23.31,23.22,20.96,,,73.14,,266,5,,-1,
BUY,293,MDB,2023-06-27,383.94,646.4,,,124.09,,,,,,,2023-06-26,411.01,338.04,228.63,380.15,377.93,310.97,,,79.77,,63,5,,-0.0,
BUY,280,NVDA,2023-06-27,40.79,84.2,,,1.72,,,,,,,2023-06-26,42.26,37.02,23.22,40.61,41.57,35.08,,,82.02,,161,5,,-1,
BUY,289,SKYW,2023-06-27,39.08,0.0,,,0.0,,,,,,,2023-06-26,40.77,33.53,22.4,38.89,38.05,31.52,,,81.99,,91,5,,-0.5,
SELL,290,AAOI,2023-06-27,4.71,19788.21,2023-06-13,3.32,32.85,46.55,27406.67,27360.12,41.65,9,equal-weight sizing trim,2023-06-26,5.95,3.54,2.53,4.66,4.1,2.56,,,135.61,,14,5,,1.8,
SELL,287,BELFA,2023-06-27,53.4,4416.29,2023-06-13,54.55,120.45,117.92,-5078.74,-5196.65,-2.16,9,rotation (out of top-N),2023-06-26,57.38,45.01,33.99,57.48,55.33,41.19,,,68.82,,21,5,,1.7,
SELL,276,INOD,2023-06-27,10.62,52.58,2023-05-09,8.33,0.22,0.28,120.27,119.99,27.39,33,equal-weight sizing trim,2023-06-26,11.35,10.14,6.05,10.24,11.4,9.73,,,87.5,,133,5,,-1,
SELL,286,IRON,2023-06-27,49.59,84.8,2023-06-06,41.1,1.74,2.1,720.38,718.27,20.61,14,equal-weight sizing trim,2023-06-26,44.37,40.49,24.85,49.73,49.87,38.82,,,78.56,,259,5,,-1,
SELL,288,LMB,2023-06-27,23.71,10179.96,2023-06-13,23.66,120.45,120.68,458.1,337.41,0.14,9,rotation (out of top-N),2023-06-26,24.72,21.4,14.28,23.31,23.22,20.96,,,73.14,,266,5,,-1,
SELL,279,PLTR,2023-06-27,14.25,14860.01,2023-05-23,11.96,88.86,105.88,34029.41,33923.54,19.09,23,rotation (out of top-N),2023-06-26,15.33,13.11,8.95,13.95,14.77,12.38,,,71.38,,77,5,,-0.3,
SELL,289,SKYW,2023-06-27,39.08,339.08,2023-06-13,35.99,6.1,6.63,1046.07,1039.44,8.52,9,equal-weight sizing trim,2023-06-26,40.77,33.53,22.4,38.89,38.05,31.52,,,81.99,,91,5,,-0.5,
SELL,278,SMCI,2023-06-27,22.34,9241.92,2023-05-16,13.84,63.95,103.23,78556.33,78453.1,61.34,28,ratchet-ATR exit,2023-06-26,24.93,20.1,11.24,21.64,22.64,18.83,,,121.87,,434,5,,-1,
BUY,286,IRON,2023-07-05,43.18,1434.2,,,30.96,,,,,,,2023-07-03,45.52,41.4,25.57,44.15,47.93,40.71,,,78.0,,266,5,,-1,
BUY,295,LMB,2023-07-05,26.3,108.54,,,1.43,,,,,,,2023-07-03,26.27,22.29,14.75,25.79,24.3,21.96,,,78.14,,273,5,,-1,
BUY,280,NVDA,2023-07-05,42.07,523.91,,,11.02,,,,,,,2023-07-03,42.47,38.01,23.98,42.36,41.7,36.78,,,77.14,,168,5,,-1,
BUY,296,ROOT,2023-07-05,9.48,29325.73,,,139.0,,,,,,,2023-07-03,10.16,7.31,5.92,9.9,9.6,6.33,,,71.52,,14,5,,1.8,
BUY,289,SKYW,2023-07-05,40.35,539.33,,,10.88,,,,,,,2023-07-03,40.88,34.86,23.01,40.89,39.5,33.07,,,77.63,,98,5,,-0.6,
BUY,297,SMCI,2023-07-05,24.91,11160.5,,,139.0,,,,,,,2023-07-03,25.99,21.17,11.75,25.0,23.62,20.36,,,121.23,,441,5,,-1,
SELL,290,AAOI,2023-07-05,6.31,8694.32,2023-06-13,3.32,14.43,27.43,25996.03,25968.6,89.97,14,equal-weight sizing trim,2023-07-03,7.18,4.21,2.64,6.07,5.06,3.02,,,172.32,,21,5,,1.7,
SELL,294,CCL,2023-07-05,18.7,2112.87,2023-06-27,14.61,15.43,19.76,8641.64,8621.89,27.93,5,equal-weight sizing trim,2023-07-03,18.84,14.54,10.44,18.75,16.7,12.99,,,80.39,,154,5,,-1,
SELL,291,CVNA,2023-07-05,5.31,4787.39,2023-06-13,4.39,10.51,12.71,4408.89,4396.17,20.92,14,equal-weight sizing trim,2023-07-03,5.89,3.97,2.27,5.17,4.93,3.47,,,159.44,,28,5,,1.5,
SELL,292,HUT,2023-07-05,17.15,1700.7,2023-06-27,13.85,11.78,14.58,5612.31,5597.72,23.76,5,equal-weight sizing trim,2023-07-03,19.0,13.09,9.04,17.52,14.92,11.08,,,110.2,,63,5,,-0.0,
SELL,276,INOD,2023-07-05,10.82,23380.87,2023-05-09,8.33,97.41,126.49,58159.41,58032.92,29.79,38,rotation (out of top-N),2023-07-03,10.57,10.22,6.24,11.07,11.31,10.34,,,69.36,,140,5,,-1,
SELL,293,MDB,2023-07-05,406.56,646.4,2023-06-27,383.94,124.09,131.4,14618.45,14487.05,5.84,5,rotation (out of top-N),2023-07-03,388.72,347.25,233.38,411.41,394.8,332.71,,,66.56,,70,5,,-0.2,
BUY,298,COIN,2023-07-11,80.89,3856.57,,,155.97,,,,,,,2023-07-10,105.42,71.8,58.77,81.21,74.24,61.84,81.21,77.82,79.38,4.17,119,5,5.8,-1.0,0.2
BUY,286,IRON,2023-07-11,47.04,193.71,,,4.56,,,,,,,2023-07-10,46.05,42.25,26.31,46.61,46.37,41.99,,,75.03,,273,5,,-1,
BUY,295,LMB,2023-07-11,26.15,1358.23,,,17.76,,,,,,,2023-07-10,26.85,23.12,15.23,25.93,24.99,22.68,,,76.35,,280,5,,-1,
BUY,300,MSTR,2023-07-11,40.1,7779.02,,,155.97,,,,,,,2023-07-10,45.78,34.41,26.05,40.75,36.32,30.81,,,75.72,,154,5,,-1,
BUY,280,NVDA,2023-07-11,42.46,738.68,,,15.68,,,,,,,2023-07-10,45.43,39.36,24.81,42.14,42.0,38.13,42.09,41.39,83.12,1.66,175,5,4.1,-1,1.9
BUY,299,PLTR,2023-07-11,16.5,18911.1,,,155.97,,,,,,,2023-07-10,16.4,14.04,9.33,16.3,15.41,14.02,16.3,15.78,75.75,3.19,91,5,5.6,-0.5,1.4
BUY,297,SMCI,2023-07-11,27.49,192.43,,,2.64,,,,,,,2023-07-10,29.51,22.69,12.34,26.98,24.95,21.6,26.98,25.97,139.17,3.75,448,5,5.5,-1,0.5
SELL,290,AAOI,2023-07-11,8.62,7853.46,2023-06-13,3.32,13.04,33.83,41584.09,41550.26,159.36,18,equal-weight sizing trim,2023-07-10,9.13,5.1,2.8,8.35,6.35,3.57,,,226.73,,28,5,,1.5,
SELL,294,CCL,2023-07-11,19.12,14874.17,2023-06-27,14.61,108.66,142.2,67082.52,66940.32,30.8,9,rotation (out of top-N),2023-07-10,17.06,15.0,10.7,19.09,17.92,13.85,19.09,18.66,59.39,2.27,161,5,4.5,-1.0,1.5
SELL,291,CVNA,2023-07-11,6.92,7258.45,2023-06-13,4.39,15.93,25.11,18348.92,18323.81,57.5,18,equal-weight sizing trim,2023-07-10,7.54,4.62,2.36,6.85,5.44,3.81,6.85,6.24,219.35,9.01,35,5,7.4,1.4,1.4
SELL,292,HUT,2023-07-11,19.65,335.81,2023-06-27,13.85,2.33,3.3,1947.68,1944.38,41.81,9,equal-weight sizing trim,2023-07-10,20.8,14.49,9.32,19.68,17.09,12.04,,,123.12,,70,5,,-0.2,
SELL,296,ROOT,2023-07-11,10.81,29325.73,2023-07-05,9.48,139.0,158.51,39003.23,38844.72,13.97,4,rotation (out of top-N),2023-07-10,9.87,7.78,5.97,10.65,9.92,6.81,,,65.46,,21,5,,1.7,
SELL,289,SKYW,2023-07-11,42.35,6893.09,2023-06-13,36.34,125.23,145.96,41456.79,41310.83,16.49,18,rotation (out of top-N),2023-07-10,40.42,35.87,23.59,42.2,40.28,34.42,,,71.33,,105,5,,-0.8,
BUY,290,AAOI,2023-07-18,8.87,1711.32,,,7.59,,,,,,,2023-07-17,7.92,5.61,2.93,8.89,8.34,4.55,,,170.72,,35,5,,1.4,
BUY,304,BBIO,2023-07-18,32.1,10478.23,,,168.18,,,,,,,2023-07-17,34.12,19.26,12.91,31.99,20.11,16.23,,,164.28,,161,5,,-1,
BUY,301,BELFA,2023-07-18,60.83,5529.36,,,168.18,,,,,,,2023-07-17,63.19,52.33,36.5,60.83,58.11,50.08,,,73.14,,42,5,,1.3,
BUY,291,CVNA,2023-07-18,7.32,890.16,,,3.26,,,,,,,2023-07-17,9.12,5.44,2.5,7.31,6.72,4.46,7.31,6.61,264.29,9.52,42,5,7.3,1.3,1.3
BUY,292,HUT,2023-07-18,18.75,2063.99,,,19.35,,,,,,,2023-07-17,18.13,15.15,9.55,19.15,18.94,13.39,,,89.93,,77,5,,-0.3,
BUY,303,INOD,2023-07-18,11.97,28099.52,,,168.18,,,,,,,2023-07-17,11.74,10.53,6.63,10.7,10.84,10.91,,,77.12,,154,5,,-1,
BUY,299,PLTR,2023-07-18,17.88,0.0,,,0.0,,,,,,,2023-07-17,16.43,14.48,9.55,17.41,16.29,14.89,17.41,16.82,72.02,3.36,98,5,5.6,-0.6,1.1
BUY,302,ROOT,2023-07-18,10.99,30605.21,,,168.18,,,,,,,2023-07-17,11.26,8.41,6.05,10.58,10.26,7.51,,,86.04,,28,5,,1.5,
SELL,298,COIN,2023-07-18,104.38,3856.57,2023-07-11,80.89,155.97,201.27,90610.1,90408.82,28.98,5,rotation (out of top-N),2023-07-17,100.84,77.08,59.7,105.58,90.94,66.73,105.58,98.33,68.9,6.87,126,5,6,-1,0.0
SELL,286,IRON,2023-07-18,46.13,6634.57,2023-06-06,41.72,138.41,153.03,29238.07,29085.05,10.51,28,rotation (out of top-N),2023-07-17,45.89,42.91,27.04,45.98,46.6,43.74,,,69.71,,280,5,,-1,
SELL,295,LMB,2023-07-18,28.06,11934.11,2023-06-27,24.01,143.28,167.44,48318.18,48150.75,16.8,14,rotation (out of top-N),2023-07-17,25.07,23.47,15.65,27.51,26.01,23.47,,,60.14,,287,5,,-1,
SELL,300,MSTR,2023-07-18,44.9,7779.02,2023-07-11,40.1,155.97,174.64,37339.28,37164.65,11.91,5,rotation (out of top-N),2023-07-17,43.59,36.08,26.62,44.94,41.39,32.79,,,63.76,,161,5,,-1,
SELL,280,NVDA,2023-07-18,46.67,139.34,2023-05-23,33.2,2.31,3.25,1877.09,1873.84,40.51,37,equal-weight sizing trim,2023-07-17,44.3,40.26,25.64,46.42,44.01,40.1,46.37,45.01,72.8,2.94,182,5,5.0,-1,1.0
SELL,299,PLTR,2023-07-18,17.88,90.1,2023-07-11,16.5,0.74,0.81,124.79,123.98,8.34,5,equal-weight sizing trim,2023-07-17,16.43,14.48,9.55,17.41,16.29,14.89,17.41,16.82,72.02,3.36,98,5,5.6,-0.6,1.1
SELL,297,SMCI,2023-07-18,30.16,195.12,2023-07-05,24.95,2.43,2.94,1015.85,1012.91,20.8,9,equal-weight sizing trim,2023-07-17,30.31,24.07,12.96,30.21,27.57,23.43,30.21,29.06,133.85,3.82,455,5,5.5,-1,0.5
BUY,290,AAOI,2023-07-25,8.67,1439.8,,,6.24,,,,,,,2023-07-24,6.71,5.81,3.02,8.52,8.26,5.36,,,122.03,,42,5,,1.3,
BUY,306,APP,2023-07-25,28.57,11942.01,,,170.62,,,,,,,2023-07-24,31.26,25.92,17.27,28.16,27.92,25.31,28.16,27.48,80.98,2.41,77,5,5.3,-0.3,2.1
BUY,292,HUT,2023-07-25,17.27,1821.59,,,15.73,,,,,,,2023-07-24,17.38,15.56,9.74,17.35,18.44,14.48,,,78.48,,84,5,,-0.4,
BUY,307,PKX,2023-07-25,121.21,2815.3,,,170.62,,,,,,,2023-07-24,114.33,83.52,62.71,111.62,91.61,74.75,,,82.33,,231,5,,-1,
BUY,299,PLTR,2023-07-25,16.42,1970.56,,,16.18,,,,,,,2023-07-24,17.8,15.08,9.79,16.32,16.74,15.54,16.32,15.76,81.83,3.45,105,5,5.5,-0.8,1.0
BUY,308,SKYW,2023-07-25,39.77,8580.41,,,170.62,,,,,,,2023-07-24,44.55,38.22,24.85,40.83,41.12,37.83,,,79.29,,119,5,,-1.0,
BUY,305,VICR,2023-07-25,59.91,5695.45,,,170.62,,,,,,,2023-07-24,95.16,61.99,53.88,59.15,58.08,56.42,,,76.62,,28,5,,1.5,
SELL,304,BBIO,2023-07-25,33.24,207.06,2023-07-18,32.1,3.32,3.44,236.05,232.61,3.5,5,equal-weight sizing trim,2023-07-24,34.47,22.02,13.51,33.27,28.78,18.74,,,155.12,,168,5,,-1,
SELL,301,BELFA,2023-07-25,63.61,5529.36,2023-07-18,60.83,168.18,175.86,15371.63,15195.77,4.52,5,rotation (out of top-N),2023-07-24,59.52,53.64,37.26,63.19,60.61,53.26,,,59.74,,49,5,,1.2,
SELL,291,CVNA,2023-07-25,9.25,9078.04,2023-06-13,4.45,20.18,41.97,43568.62,43526.65,107.83,28,equal-weight sizing trim,2023-07-24,8.8,6.05,2.65,9.26,8.4,5.35,9.26,8.5,231.8,8.18,49,5,7.2,1.2,1.2
SELL,303,INOD,2023-07-25,11.94,28099.52,2023-07-18,11.97,168.18,167.68,-983.48,-1151.17,-0.34,5,rotation (out of top-N),2023-07-24,11.78,10.76,6.83,11.87,11.76,11.26,,,72.36,,161,5,,-1,
SELL,280,NVDA,2023-07-25,44.91,7210.62,2023-05-23,33.2,119.69,161.91,84448.96,84287.05,35.21,42,rotation (out of top-N),2023-07-24,46.71,41.43,26.49,44.58,44.92,41.94,44.53,43.49,76.31,2.33,189,5,4.6,-1,1.4
SELL,302,ROOT,2023-07-25,10.98,30605.21,2023-07-18,10.99,168.18,168.1,-153.03,-321.13,-0.1,5,rotation (out of top-N),2023-07-24,10.16,8.73,6.14,11.04,10.99,8.39,,,65.55,,35,5,,1.4,
SELL,297,SMCI,2023-07-25,30.96,130.24,2023-07-05,24.95,1.62,2.02,782.24,780.23,24.01,14,equal-weight sizing trim,2023-07-24,33.45,25.78,13.64,30.95,29.55,25.21,30.95,29.62,145.31,4.28,462,5,5.9,-1,0.1
BUY,290,AAOI,2023-08-01,6.55,15711.95,,,51.46,,,,,,,2023-07-31,10.97,6.75,3.23,6.75,7.49,6.0,,,239.9,,49,5,,1.2,
BUY,304,BBIO,2023-08-01,34.02,336.86,,,5.73,,,,,,,2023-07-31,31.25,23.7,14.02,35.05,31.84,21.19,,,122.96,,175,5,,-1,
BUY,291,CVNA,2023-08-01,8.93,3495.05,,,15.6,,,,,,,2023-07-31,9.09,6.6,2.81,9.19,8.64,6.11,9.19,8.59,223.66,6.58,56,5,7.1,1.1,1.1
BUY,310,MOD,2023-08-01,37.33,9662.74,,,180.36,,,,,,,2023-07-31,44.52,34.73,25.12,37.57,36.22,33.7,,,77.26,,406,5,,-1,
BUY,311,POWL,2023-08-01,20.22,17839.28,,,180.36,,,,,,,2023-07-31,26.83,20.48,14.84,19.88,19.95,19.85,,,80.81,,273,5,,-1,
BUY,297,SMCI,2023-08-01,32.26,159.29,,,2.57,,,,,,,2023-07-31,33.79,27.23,14.31,33.02,31.57,26.5,33.02,31.95,136.14,3.24,469,5,5.2,-1,0.8
BUY,312,VRT,2023-08-01,25.41,14195.6,,,180.36,,,,,,,2023-07-31,35.55,25.39,17.01,25.94,25.71,23.91,25.93,25.34,108.99,2.28,273,5,4.5,-1,1.5
BUY,309,W,2023-08-01,76.41,4720.72,,,180.36,,,,,,,2023-07-31,83.09,64.61,45.36,77.97,71.22,61.85,,,83.19,,56,5,,1.1,
SELL,306,APP,2023-08-01,30.92,270.25,2023-07-25,28.57,3.86,4.18,633.74,629.56,8.15,5,equal-weight sizing trim,2023-07-31,31.36,26.91,17.62,31.42,29.56,26.04,31.42,30.83,77.99,1.87,84,5,4.8,-0.4,2.4
SELL,292,HUT,2023-08-01,17.1,19768.26,2023-06-27,14.68,145.07,169.02,47903.45,47734.43,16.45,24,rotation (out of top-N),2023-07-31,15.55,15.56,9.83,17.83,17.77,15.37,,,58.15,,91,5,,-0.4,
SELL,307,PKX,2023-08-01,113.78,2815.3,2023-07-25,121.21,170.62,160.16,-20917.7,-21077.86,-6.18,5,rotation (out of top-N),2023-07-31,107.07,87.81,64.38,118.64,107.61,81.38,,,66.32,,238,5,,-1,
SELL,299,PLTR,2023-08-01,19.4,2188.95,2023-07-11,16.49,18.05,21.23,6374.45,6353.21,17.6,15,equal-weight sizing trim,2023-07-31,18.2,15.65,10.03,19.83,17.34,15.95,20.04,19.07,81.39,4.85,112,5,6.1,-0.9,0.1
SELL,308,SKYW,2023-08-01,43.09,8580.41,2023-07-25,39.77,170.62,184.89,28529.86,28344.97,8.31,5,rotation (out of top-N),2023-07-31,42.07,38.92,25.46,44.02,41.82,39.27,,,65.27,,126,5,,-1,
SELL,305,VICR,2023-08-01,90.51,5695.45,2023-07-25,59.91,170.62,257.75,174252.29,173994.54,50.99,5,rotation (out of top-N),2023-07-31,77.72,64.85,54.58,92.25,78.0,60.12,,,42.4,,35,5,,2.3,
BUY,306,APP,2023-08-08,30.18,2123.44,,,32.04,,,,,,,2023-08-07,38.89,29.09,18.22,30.76,30.49,26.98,30.76,29.95,113.4,2.64,91,5,5.2,-0.5,1.7
BUY,291,CVNA,2023-08-08,8.73,7291.91,,,31.81,,,,,,,2023-08-07,8.22,6.9,2.97,8.96,9.24,6.9,8.96,8.29,176.8,7.39,63,5,7.0,-0.0,0.9
BUY,315,INOD,2023-08-08,10.72,38821.17,,,208.08,,,,,,,2023-08-07,13.3,11.38,7.31,11.17,11.93,11.55,,,82.05,,175,5,,-1,
BUY,316,IRON,2023-08-08,48.28,8619.78,,,208.08,,,,,,,2023-08-07,52.88,46.17,29.46,47.94,48.32,48.05,,,79.48,,301,5,,-1,
BUY,314,LMB,2023-08-08,26.41,15757.78,,,208.08,,,,,,,2023-08-07,32.78,25.98,17.19,26.49,26.42,25.2,,,90.66,,308,5,,-1,
BUY,317,POWL,2023-08-08,26.39,15769.72,,,208.08,,,,,,,2023-08-07,26.4,21.56,15.29,26.73,23.87,20.52,,,72.64,,280,5,,-1,
BUY,313,STRL,2023-08-08,67.36,6178.19,,,208.08,,,,,,,2023-08-07,80.77,59.9,42.27,61.79,60.54,56.85,,,91.08,,280,5,,-1,
SELL,290,AAOI,2023-08-08,11.56,19071.69,2023-06-13,4.55,43.42,110.23,133626.88,133516.64,153.75,38,equal-weight sizing trim,2023-08-07,12.38,7.78,3.49,12.36,8.74,6.78,,,255.1,,56,5,,1.1,
SELL,304,BBIO,2023-08-08,30.97,10608.02,2023-07-18,32.16,170.58,164.27,-12633.83,-12798.1,-3.75,15,ratchet-ATR exit,2023-08-07,31.05,25.04,14.55,30.98,31.85,23.27,,,113.46,,182,5,,-1,
SELL,310,MOD,2023-08-08,43.78,152.21,2023-08-01,37.33,2.84,3.33,981.76,978.43,17.22,5,equal-weight sizing trim,2023-08-07,46.23,36.82,25.75,44.18,40.11,35.0,,,79.57,,413,5,,-1,
SELL,299,PLTR,2023-08-08,17.39,18602.61,2023-07-11,16.49,153.36,161.75,16781.57,16619.82,5.42,20,rotation (out of top-N),2023-08-07,15.4,15.6,10.22,17.99,18.13,16.42,18.32,17.41,50.77,4.97,119,5,5.6,-0.5,0.0
SELL,311,POWL,2023-08-08,26.39,17839.28,2023-08-01,20.22,180.36,235.39,110068.36,109832.97,30.45,5,rotation (out of top-N),2023-08-07,26.4,21.56,15.29,26.73,23.87,20.52,,,72.64,,280,5,,-1,
SELL,297,SMCI,2023-08-08,34.37,11186.86,2023-07-05,25.06,140.16,192.25,104174.67,103982.43,37.09,24,rotation (out of top-N),2023-08-07,25.47,26.91,14.75,35.3,32.87,27.74,35.3,33.89,72.63,4.0,476,5,5.7,-1,0.3
SELL,312,VRT,2023-08-08,35.42,2440.35,2023-08-01,25.41,31.0,43.22,24427.87,24384.65,39.32,5,equal-weight sizing trim,2023-08-07,33.4,26.85,17.49,35.6,30.93,25.54,35.59,34.35,90.95,3.48,280,5,5.3,-1,0.7
SELL,309,W,2023-08-08,82.39,4720.72,2023-08-01,76.41,180.36,194.47,28229.91,28035.44,7.77,5,rotation (out of top-N),2023-08-07,74.99,66.5,46.41,83.26,77.35,65.82,,,61.57,,63,5,,-0.0,
BUY,290,AAOI,2023-08-15,14.89,0.0,,,0.0,,,,,,,2023-08-14,12.78,8.69,3.75,14.89,11.72,7.97,,,241.0,,63,5,,-0.0,
BUY,306,APP,2023-08-15,39.66,0.0,,,0.0,,,,,,,2023-08-14,38.25,30.76,18.76,39.78,34.09,28.53,39.78,38.47,103.93,3.28,98,5,5.6,-0.6,1.2
BUY,319,BBIO,2023-08-15,31.23,15246.49,,,238.07,,,,,,,2023-08-14,28.72,25.71,14.98,31.54,31.76,25.22,,,91.69,,189,5,,-1,
BUY,291,CVNA,2023-08-15,8.23,10138.38,,,41.74,,,,,,,2023-08-14,7.84,7.07,3.11,8.22,8.61,7.37,8.22,7.83,152.46,4.74,70,5,6.8,-0.2,0.8
BUY,318,DBD,2023-08-15,19.49,24430.36,,,238.07,,,,,,,2023-08-14,20.19,5.72,2.39,20.5,5.95,3.16,,,746.0,,49,5,,1.2,
BUY,315,INOD,2023-08-15,14.42,0.0,,,0.0,,,,,,,2023-08-14,13.59,11.78,7.56,14.21,12.19,11.67,,,79.7,,182,5,,-1,
BUY,316,IRON,2023-08-15,52.01,540.34,,,14.05,,,,,,,2023-08-14,51.77,47.19,30.34,52.19,50.4,48.34,,,70.64,,308,5,,-1,
BUY,312,VRT,2023-08-15,34.15,2193.45,,,37.45,,,,,,,2023-08-14,33.84,28.12,17.96,34.45,33.08,27.11,34.45,33.69,88.47,2.2,287,5,4.5,-1,1.5
SELL,290,AAOI,2023-08-15,14.89,4035.32,2023-06-13,4.55,9.19,30.05,41731.52,41701.47,226.95,43,equal-weight sizing trim,2023-08-14,12.78,8.69,3.75,14.89,11.72,7.97,,,241.0,,63,5,,-0.0,
SELL,306,APP,2023-08-15,39.66,1783.45,2023-07-25,28.82,25.7,35.37,19328.95,19293.58,37.53,15,equal-weight sizing trim,2023-08-14,38.25,30.76,18.76,39.78,34.09,28.53,39.78,38.47,103.93,3.28,98,5,5.6,-0.6,1.2
SELL,315,INOD,2023-08-15,14.42,5784.7,2023-08-08,10.72,31.01,41.71,21403.39,21361.68,34.45,5,equal-weight sizing trim,2023-08-14,13.59,11.78,7.56,14.21,12.19,11.67,,,79.7,,182,5,,-1,
SELL,314,LMB,2023-08-15,32.6,1144.71,2023-08-08,26.41,15.12,18.66,7085.78,7067.12,23.38,5,equal-weight sizing trim,2023-08-14,32.76,27.21,17.77,32.66,29.63,26.18,,,84.3,,315,5,,-1,
SELL,310,MOD,2023-08-15,46.11,9510.53,2023-08-01,37.33,177.51,219.27,83502.48,83283.22,23.46,10,rotation (out of top-N),2023-08-14,41.27,37.63,26.25,46.19,44.0,36.75,,,57.2,,420,5,,-0.9,
SELL,317,POWL,2023-08-15,27.05,15769.72,2023-08-08,26.39,208.08,213.29,10408.02,10194.73,2.45,5,rotation (out of top-N),2023-08-14,25.83,22.33,15.73,26.42,25.26,21.32,,,64.2,,287,5,,-1,
SELL,313,STRL,2023-08-15,80.69,274.65,2023-08-08,67.36,9.25,11.08,3662.51,3651.43,19.74,5,equal-weight sizing trim,2023-08-14,77.03,63.02,43.39,80.12,72.46,60.1,,,77.52,,287,5,,-1,
BUY,319,BBIO,2023-08-22,28.65,1497.54,,,21.45,,,,,,,2023-08-21,29.68,26.43,15.49,28.58,30.02,26.86,,,91.64,,196,5,,-1,
BUY,291,CVNA,2023-08-22,8.18,825.04,,,3.37,,,,,,,2023-08-21,8.25,7.28,3.27,8.07,8.1,7.74,8.07,7.71,152.12,4.49,77,5,6.7,-0.3,0.7
BUY,315,INOD,2023-08-22,13.92,1426.73,,,9.93,,,,,,,2023-08-21,13.56,12.1,7.82,13.66,12.94,11.82,,,73.3,,189,5,,-1,
BUY,313,STRL,2023-08-22,78.29,224.05,,,8.77,,,,,,,2023-08-21,78.4,65.81,44.54,77.31,75.95,63.36,,,76.0,,294,5,,-1,
SELL,290,AAOI,2023-08-22,15.54,1111.79,2023-06-13,4.55,2.53,8.64,12214.74,12206.1,241.11,48,equal-weight sizing trim,2023-08-21,12.99,9.47,4.02,15.43,13.08,9.14,,,223.32,,70,5,,-0.2,
SELL,306,APP,2023-08-22,40.63,204.27,2023-07-25,28.82,2.94,4.15,2412.04,2407.89,40.9,20,equal-weight sizing trim,2023-08-21,39.79,32.4,19.4,38.99,37.0,30.42,38.99,38.07,105.07,2.36,105,5,4.8,-0.8,1.7
SELL,318,DBD,2023-08-22,20.12,586.54,2023-08-15,19.49,5.72,5.9,369.52,363.62,3.18,5,equal-weight sizing trim,2023-08-21,20.0,8.31,2.83,20.07,14.72,5.29,,,606.55,,56,5,,1.1,
SELL,316,IRON,2023-08-22,53.38,172.06,2023-08-08,48.5,4.17,4.59,838.82,834.23,10.0,10,equal-weight sizing trim,2023-08-21,55.24,48.65,31.29,53.55,51.82,48.36,,,76.53,,315,5,,-1,
SELL,314,LMB,2023-08-22,34.66,771.82,2023-08-08,26.41,10.19,13.38,6367.48,6354.1,31.17,10,equal-weight sizing trim,2023-08-21,33.42,28.34,18.37,35.22,31.68,27.31,,,81.89,,322,5,,-1,
SELL,312,VRT,2023-08-22,35.35,377.63,2023-08-01,26.78,5.06,6.67,3234.63,3227.96,31.91,15,equal-weight sizing trim,2023-08-21,37.37,29.8,18.54,34.94,33.69,28.48,34.93,34.02,101.52,2.59,294,5,4.7,-1,1.3
BUY,290,AAOI,2023-08-29,13.02,6251.73,,,40.7,,,,,,,2023-08-28,13.97,10.29,4.31,12.96,13.58,10.26,,,223.9,,77,5,,-0.3,
BUY,306,APP,2023-08-29,40.55,111.61,,,2.26,,,,,,,2023-08-28,43.2,34.36,20.13,40.66,38.88,32.23,40.66,39.83,114.59,2.03,112,5,4.5,-0.9,1.8
BUY,319,BBIO,2023-08-29,29.27,0.0,,,0.0,,,,,,,2023-08-28,30.56,27.18,16.04,28.64,29.21,28.35,,,90.56,,203,5,,-1,
BUY,320,CAMT,2023-08-29,52.34,9230.78,,,241.57,,,,,,,2023-08-28,59.7,45.8,30.96,51.03,49.16,43.63,,,92.83,,196,5,,-1,
BUY,318,DBD,2023-08-29,19.95,385.59,,,3.85,,,,,,,2023-08-28,18.63,10.19,3.24,20.51,18.21,7.48,,,475.11,,63,5,,-0.0,
BUY,314,LMB,2023-08-29,34.97,0.0,,,0.0,,,,,,,2023-08-28,36.79,29.88,19.01,35.74,33.86,28.66,,,93.49,,329,5,,-1,
BUY,321,ROOT,2023-08-29,10.87,44447.0,,,241.57,,,,,,,2023-08-28,11.84,9.86,6.47,10.62,9.88,10.13,,,82.93,,70,5,,-0.2,
SELL,319,BBIO,2023-08-29,29.27,226.66,2023-08-15,31.0,3.51,3.32,-393.09,-396.4,-5.64,10,equal-weight sizing trim,2023-08-28,30.56,27.18,16.04,28.64,29.21,28.35,,,90.56,,203,5,,-1,
SELL,291,CVNA,2023-08-29,8.9,4363.49,2023-06-13,5.95,12.99,19.42,12862.53,12843.11,49.45,53,equal-weight sizing trim,2023-08-28,10.17,7.81,3.49,9.07,8.19,8.13,9.07,8.57,191.73,5.58,84,5,6.6,-0.4,0.6
SELL,315,INOD,2023-08-29,14.27,34463.2,2023-08-08,10.85,187.01,245.89,117778.83,117532.94,31.42,15,rotation (out of top-N),2023-08-28,11.87,12.06,8.04,13.74,13.25,12.1,,,47.62,,196,5,,-0.4,
SELL,316,IRON,2023-08-29,55.0,8988.06,2023-08-08,48.5,217.96,247.17,58424.82,58177.64,13.35,15,rotation (out of top-N),2023-08-28,52.47,49.34,32.18,54.97,54.07,49.19,,,63.05,,322,5,,-1,
SELL,314,LMB,2023-08-29,34.97,18.53,2023-08-08,26.41,0.24,0.32,158.59,158.27,32.35,15,equal-weight sizing trim,2023-08-28,36.79,29.88,19.01,35.74,33.86,28.66,,,93.49,,329,5,,-1,
SELL,313,STRL,2023-08-29,79.22,25.84,2023-08-08,67.76,0.88,1.02,296.13,295.1,16.85,15,equal-weight sizing trim,2023-08-28,83.27,68.99,45.82,79.17,77.66,66.42,,,81.73,,301,5,,-1,
SELL,312,VRT,2023-08-29,37.58,708.37,2023-08-01,26.78,9.49,13.31,7647.32,7634.01,40.24,20,equal-weight sizing trim,2023-08-28,39.74,31.61,19.2,38.05,35.46,30.02,38.04,36.8,107.03,3.25,301,5,5.2,-1,0.8
BUY,323,AFRM,2023-09-12,23.32,20862.06,,,243.25,,,,,,,2023-09-11,24.39,19.12,14.09,23.6,21.12,17.5,,,73.15,,91,5,,-0.5,
BUY,322,ANF,2023-09-12,53.21,9143.08,,,243.25,,,,,,,2023-09-11,52.38,45.91,32.11,53.39,52.57,43.68,,,63.15,,252,5,,-1,
BUY,326,CLS,2023-09-12,24.17,20128.39,,,243.25,,,,,,,2023-09-11,22.8,20.68,14.61,24.09,23.17,20.66,,,56.06,,287,5,,-0.8,
BUY,314,LMB,2023-09-12,34.87,136.1,,,2.37,,,,,,,2023-09-11,31.94,31.16,20.12,35.2,35.23,30.87,,,58.72,,343,5,,-0.9,
BUY,325,MOD,2023-09-12,45.91,10596.89,,,243.25,,,,,,,2023-09-11,45.0,42.49,28.81,46.87,46.51,42.63,,,56.18,,448,5,,-0.8,
BUY,324,ROOT,2023-09-12,11.48,42378.33,,,243.25,,,,,,,2023-09-11,10.52,10.19,6.69,11.49,11.25,10.42,,,57.31,,84,5,,-0.3,
SELL,290,AAOI,2023-09-12,11.7,37122.88,2023-06-13,5.98,110.98,217.17,212370.16,212152.99,95.58,62,ratchet-ATR exit,2023-09-11,9.86,10.43,4.74,11.65,12.77,11.35,,,107.92,,91,5,,-0.5,
SELL,306,APP,2023-09-12,41.96,318.83,2023-07-25,28.93,4.61,6.69,4153.72,4147.03,44.96,34,equal-weight sizing trim,2023-09-11,42.79,37.05,21.64,42.38,41.86,35.67,42.38,41.59,97.75,1.86,126,5,4.2,-1,1.8
SELL,319,BBIO,2023-09-12,28.34,16517.36,2023-08-15,31.0,256.01,234.09,-43841.24,-44075.34,-8.61,19,ratchet-ATR exit,2023-09-11,29.14,27.72,17.02,28.55,29.21,31.06,,,71.25,,217,5,,-1,
SELL,320,CAMT,2023-09-12,56.76,655.26,2023-08-29,52.34,17.15,18.6,2896.23,2877.64,8.39,9,equal-weight sizing trim,2023-09-11,55.43,49.17,32.6,56.55,55.87,48.75,,,70.01,,210,5,,-1,
SELL,291,CVNA,2023-09-12,10.0,5628.03,2023-06-13,5.95,16.75,28.13,22769.65,22741.51,67.89,62,equal-weight sizing trim,2023-09-11,10.45,8.52,3.92,10.16,9.59,8.9,10.16,9.71,166.8,4.47,98,5,6.3,-0.6,0.4
SELL,318,DBD,2023-09-12,17.84,24229.41,2023-08-15,19.5,236.2,216.19,-40034.75,-40250.94,-8.52,19,ratchet-ATR exit,2023-09-11,18.86,12.9,4.06,18.37,17.96,10.94,,,364.41,,77,5,,-0.3,
SELL,321,ROOT,2023-09-12,11.48,44447.0,2023-08-29,10.87,241.57,255.13,27112.67,26857.55,5.56,9,rotation (out of top-N),2023-09-11,10.52,10.19,6.69,11.49,11.25,10.42,,,57.31,,84,5,,-0.3,
SELL,313,STRL,2023-09-12,77.25,6101.75,2023-08-08,67.76,206.73,235.68,57907.74,57672.06,13.95,24,rotation (out of top-N),2023-09-11,74.0,71.32,48.03,77.45,79.26,71.4,,,54.07,,315,5,,-0.7,
SELL,312,VRT,2023-09-12,39.07,404.39,2023-08-01,26.78,5.42,7.9,4968.16,4960.26,45.8,29,equal-weight sizing trim,2023-09-11,38.05,33.89,20.41,39.08,38.47,33.14,39.07,38.17,86.38,2.3,315,5,4.5,-1,1.5
BUY,328,AAOI,2023-09-19,9.96,47847.29,,,238.28,,,,,,,2023-09-18,9.58,10.28,4.93,9.89,10.96,11.57,,,94.4,,98,5,,-0.6,
BUY,322,ANF,2023-09-19,50.81,240.73,,,6.12,,,,,,,2023-09-18,50.63,46.77,32.83,50.89,51.85,45.52,,,54.23,,259,5,,-0.7,
BUY,329,BBIO,2023-09-19,28.54,16697.93,,,238.28,,,,,,,2023-09-18,27.27,27.64,17.47,28.56,28.99,30.48,,,56.13,,224,5,,-0.8,
BUY,327,DBD,2023-09-19,18.99,25095.26,,,238.28,,,,,,,2023-09-18,18.97,14.01,4.49,19.0,18.34,12.9,,,322.32,,84,5,,-0.4,
BUY,330,MOD,2023-09-19,44.62,10680.39,,,238.28,,,,,,,2023-09-18,44.04,42.77,29.41,44.49,45.41,43.59,,,49.75,,455,5,,-0.5,
BUY,324,ROOT,2023-09-19,10.37,3598.41,,,18.66,,,,,,,2023-09-18,10.24,10.2,6.82,10.66,10.95,10.35,,,50.25,,91,5,,-0.0,
BUY,312,VRT,2023-09-19,38.05,72.46,,,1.38,,,,,,,2023-09-18,36.32,34.33,21.0,37.67,38.01,34.57,37.66,36.62,72.98,2.77,322,5,4.8,-1,1.2
SELL,323,AFRM,2023-09-19,25.01,20862.06,2023-09-12,23.32,243.25,260.88,35256.88,34996.0,7.19,5,rotation (out of top-N),2023-09-18,20.18,19.32,14.34,25.02,23.07,18.36,,,40.78,,98,5,,0.3,
SELL,306,APP,2023-09-19,43.64,674.56,2023-07-25,28.93,9.76,14.72,9921.42,9906.71,50.76,39,equal-weight sizing trim,2023-09-18,37.75,37.18,22.34,44.05,42.37,37.44,44.05,42.83,69.0,2.76,133,5,4.8,-1,1.2
SELL,320,CAMT,2023-09-19,56.83,185.63,2023-08-29,52.34,4.86,5.27,833.49,828.21,8.52,14,equal-weight sizing trim,2023-09-18,56.32,50.47,33.46,56.02,56.23,50.47,,,68.33,,217,5,,-1,
SELL,326,CLS,2023-09-19,22.89,20128.39,2023-09-12,24.17,243.25,230.37,-25764.34,-25994.71,-5.34,5,ratchet-ATR exit,2023-09-18,22.52,21.02,14.9,22.75,23.18,21.55,,,51.17,,294,5,,-0.6,
SELL,291,CVNA,2023-09-19,10.41,2882.53,2023-06-13,5.95,8.58,15.0,12849.63,12834.63,74.8,67,equal-weight sizing trim,2023-09-18,8.39,8.5,4.1,10.39,10.13,9.08,10.39,9.75,104.65,6.17,105,5,6.2,-0.8,0.2
SELL,314,LMB,2023-09-19,31.09,13958.83,2023-08-08,26.49,184.9,216.99,64175.87,63958.88,17.3,29,rotation (out of top-N),2023-09-18,29.5,30.86,20.58,31.35,33.23,31.55,,,43.34,,350,5,,-0.2,
SELL,325,MOD,2023-09-19,44.62,10596.89,2023-09-12,45.91,243.25,236.42,-13669.99,-13906.41,-2.86,5,rotation (out of top-N),2023-09-18,44.04,42.77,29.41,44.49,45.41,43.59,,,49.75,,455,5,,-0.5,
BUY,334,AMR,2023-09-26,249.46,1817.36,,,226.68,,,,,,,2023-09-25,258.98,215.29,168.82,243.95,235.47,204.18,,,53.41,,91,5,,-0.2,
BUY,331,CLS,2023-09-26,22.85,19840.65,,,226.68,,,,,,,2023-09-25,24.48,21.65,15.24,23.04,22.84,22.18,,,60.62,,301,5,,-1,
BUY,332,CNR,2023-09-26,95.46,4749.2,,,226.68,,,,,,,2023-09-25,103.71,87.63,65.39,95.96,94.31,85.16,,,58.59,,105,5,,-0.7,
BUY,335,MOD,2023-09-26,45.49,9965.03,,,226.68,,,,,,,2023-09-25,45.76,43.32,30.06,45.66,44.9,44.68,,,52.2,,462,5,,-0.6,
BUY,333,SMCI,2023-09-26,24.65,18391.84,,,226.68,,,,,,,2023-09-25,27.39,26.25,17.81,24.89,24.95,27.4,24.89,24.14,53.8,3.02,525,5,4.7,-0.7,1.0
SELL,328,AAOI,2023-09-26,9.58,500.15,2023-09-19,9.96,2.49,2.4,-190.06,-192.45,-3.86,5,equal-weight sizing trim,2023-09-25,10.97,10.4,5.15,9.39,10.05,11.82,,,112.88,,105,5,,-0.8,
SELL,322,ANF,2023-09-26,51.23,530.77,2023-09-12,53.15,14.1,13.6,-1015.58,-1029.18,-3.65,10,equal-weight sizing trim,2023-09-25,56.4,48.52,33.68,51.77,51.08,47.02,,,67.45,,266,5,,-1,
SELL,306,APP,2023-09-26,37.44,10925.7,2023-07-25,28.93,158.05,204.5,92902.13,92697.63,29.33,44,ratchet-ATR exit,2023-09-25,39.96,37.68,23.09,38.23,39.93,38.57,38.23,37.45,73.06,2.03,140,5,4.4,-1,1.6
SELL,329,BBIO,2023-09-26,27.21,16697.93,2023-09-19,28.54,238.28,227.18,-22208.25,-22435.43,-4.71,5,rotation (out of top-N),2023-09-25,26.34,27.4,17.93,27.11,27.95,29.79,,,46.92,,231,5,,-0.3,
SELL,320,CAMT,2023-09-26,59.62,781.95,2023-08-29,52.34,20.46,23.31,5692.56,5669.25,13.85,19,equal-weight sizing trim,2023-09-25,61.44,52.46,34.46,60.49,56.62,51.94,,,78.31,,224,5,,-1,
SELL,291,CVNA,2023-09-26,7.91,45801.87,2023-06-13,5.95,136.31,181.15,89668.99,89487.84,32.82,72,ratchet-ATR exit,2023-09-25,8.4,8.48,4.29,8.05,9.12,9.07,8.05,7.61,95.83,5.44,112,5,6.1,-0.9,0.1
SELL,327,DBD,2023-09-26,18.66,780.83,2023-09-19,18.99,7.41,7.28,-261.58,-268.86,-1.81,5,equal-weight sizing trim,2023-09-25,18.92,14.9,4.93,19.02,18.64,14.91,,,283.61,,91,5,,-0.5,
SELL,330,MOD,2023-09-26,45.49,10680.39,2023-09-19,44.62,238.28,242.95,9345.34,9102.39,1.91,5,rotation (out of top-N),2023-09-25,45.76,43.32,30.06,45.66,44.9,44.68,,,52.2,,462,5,,-0.6,
SELL,324,ROOT,2023-09-26,10.05,45976.74,2023-09-12,11.39,261.91,231.03,-61752.5,-61983.54,-11.83,10,rotation (out of top-N),2023-09-25,9.57,10.09,6.94,9.96,10.55,10.38,,,37.9,,98,5,,0.5,
SELL,312,VRT,2023-09-26,36.3,35.3,2023-08-01,26.85,0.47,0.64,333.64,333.0,35.13,39,equal-weight sizing trim,2023-09-25,37.08,34.83,21.6,36.66,37.18,35.97,36.65,35.94,71.64,1.94,329,5,4.3,-1,1.7
BUY,328,AAOI,2023-10-03,11.03,0.0,,,0.0,,,,,,,2023-10-02,9.05,10.16,5.33,11.28,10.52,12.18,,,69.8,,112,5,,-0.9,
BUY,336,APP,2023-10-03,40.48,11835.09,,,239.54,,,,,,,2023-10-02,40.38,38.17,23.84,40.83,39.94,39.64,40.83,40.16,69.4,1.63,147,5,4.1,-1,1.9
BUY,320,CAMT,2023-10-03,60.74,283.32,,,8.6,,,,,,,2023-10-02,62.69,54.32,35.48,60.16,59.1,53.7,,,76.68,,231,5,,-1,
BUY,331,CLS,2023-10-03,24.05,89.62,,,1.08,,,,,,,2023-10-02,26.41,22.51,15.62,24.38,23.58,22.49,,,69.13,,308,5,,-1,
BUY,337,CVNA,2023-10-03,7.79,61531.52,,,239.54,,,,,,,2023-10-02,7.53,8.31,4.46,7.85,8.48,8.86,7.85,7.47,68.97,4.84,119,5,6.0,-1.0,0.0
BUY,327,DBD,2023-10-03,18.27,1920.19,,,17.54,,,,,,,2023-10-02,17.93,15.45,5.35,18.57,18.6,16.88,,,235.55,,98,5,,-0.6,
BUY,335,MOD,2023-10-03,45.27,623.95,,,14.12,,,,,,,2023-10-02,48.33,44.23,30.77,45.5,45.25,45.3,,,57.05,,469,5,,-0.9,
BUY,333,SMCI,2023-10-03,28.73,0.0,,,0.0,,,,,,,2023-10-02,28.97,26.74,18.33,28.86,26.34,26.62,28.86,27.88,58.06,3.4,532,5,5.2,-0.9,0.7
BUY,312,VRT,2023-10-03,37.79,188.32,,,3.56,,,,,,,2023-10-02,39.64,35.71,22.25,38.27,37.07,36.65,38.26,37.02,78.13,3.24,336,5,5.2,-1,0.8
SELL,328,AAOI,2023-10-03,11.03,3890.75,2023-09-19,9.96,19.38,21.46,4163.1,4141.64,10.69,10,equal-weight sizing trim,2023-10-02,9.05,10.16,5.33,11.28,10.52,12.18,,,69.8,,112,5,,-0.9,
SELL,334,AMR,2023-10-03,248.95,1817.36,2023-09-26,249.46,226.68,226.22,-926.85,-1153.07,-0.25,5,rotation (out of top-N),2023-10-02,244.31,220.57,171.3,251.04,248.28,214.66,,,42.62,,98,5,,0.2,
SELL,322,ANF,2023-10-03,58.02,592.4,2023-09-12,53.15,15.74,17.19,2888.86,2871.67,9.12,15,equal-weight sizing trim,2023-10-02,54.99,49.69,34.48,58.31,54.28,49.07,,,59.47,,273,5,,-1.0,
SELL,332,CNR,2023-10-03,98.77,4749.2,2023-09-26,95.46,226.68,234.54,15719.86,15485.32,3.42,5,rotation (out of top-N),2023-10-02,100.93,90.05,66.37,99.48,98.37,88.78,,,52.07,,112,5,,-0.5,
SELL,333,SMCI,2023-10-03,28.73,1708.09,2023-09-26,24.65,21.05,24.54,6969.02,6944.48,16.49,5,equal-weight sizing trim,2023-10-02,28.97,26.74,18.33,28.86,26.34,26.62,28.86,27.88,58.06,3.4,532,5,5.2,-0.9,0.7
BUY,339,ACMR,2023-10-10,18.34,26006.37,,,238.41,,,,,,,2023-10-09,18.99,16.73,12.74,18.23,17.77,16.58,,,49.05,,119,5,,-0.4,
BUY,322,ANF,2023-10-10,57.06,100.07,,,2.85,,,,,,,2023-10-09,60.36,51.63,35.36,56.9,55.08,51.02,,,70.69,,280,5,,-1,
BUY,320,CAMT,2023-10-10,56.63,532.72,,,15.08,,,,,,,2023-10-09,59.21,55.21,36.39,57.14,59.52,55.33,,,62.71,,238,5,,-1,
BUY,338,CNR,2023-10-10,107.44,4438.08,,,238.41,,,,,,,2023-10-09,106.11,92.97,67.6,106.4,100.02,91.5,,,56.97,,119,5,,-0.8,
BUY,340,PLTR,2023-10-10,18.07,26387.76,,,238.41,,,,,,,2023-10-09,17.39,15.81,12.09,17.61,15.96,15.22,17.61,16.81,43.81,4.56,182,5,5.2,-0.2,0.0
BUY,312,VRT,2023-10-10,40.94,0.0,,,0.0,,,,,,,2023-10-09,38.95,36.3,22.88,39.98,38.17,37.12,39.98,38.69,70.27,3.22,343,5,5.1,-1,0.9
SELL,328,AAOI,2023-10-10,7.79,43456.4,2023-09-19,9.96,216.41,169.26,-94300.38,-94469.64,-21.83,15,rotation (out of top-N),2023-10-09,7.54,9.68,5.47,7.58,9.42,11.72,,,37.74,,119,5,,0.1,
SELL,336,APP,2023-10-10,41.7,394.67,2023-10-03,40.48,7.99,8.23,481.5,473.27,2.96,5,equal-weight sizing trim,2023-10-09,38.53,38.24,24.56,40.84,40.11,40.5,40.84,39.95,56.9,2.16,154,5,4.3,-0.8,1.6
SELL,331,CLS,2023-10-10,26.6,1995.48,2023-09-26,22.86,22.8,26.54,7472.29,7445.75,16.33,10,equal-weight sizing trim,2023-10-09,25.91,23.13,15.98,26.68,24.92,23.03,,,62.15,,315,5,,-1,
SELL,337,CVNA,2023-10-10,7.82,541.32,2023-10-03,7.79,2.11,2.12,19.49,17.37,0.41,5,equal-weight sizing trim,2023-10-09,6.77,8.03,4.6,7.78,7.89,8.75,7.78,7.44,47.14,4.33,126,5,5.2,-0.4,0.1
SELL,327,DBD,2023-10-10,18.28,26234.62,2023-09-19,18.94,248.41,239.78,-17244.04,-17483.83,-3.52,15,ratchet-ATR exit,2023-10-09,18.89,16.08,5.78,17.99,18.28,18.81,,,226.91,,105,5,,-0.8,
SELL,335,MOD,2023-10-10,48.93,10588.97,2023-09-26,45.48,240.8,259.06,36516.64,36257.58,7.53,10,rotation (out of top-N),2023-10-09,44.83,44.34,31.36,48.49,46.48,45.42,,,42.95,,476,5,,-0.1,
SELL,333,SMCI,2023-10-10,29.5,512.04,2023-09-26,24.65,6.31,7.55,2483.4,2475.84,19.62,10,equal-weight sizing trim,2023-10-09,28.51,27.06,18.83,29.01,27.74,26.42,29.01,28.09,51.41,3.18,539,5,4.7,-0.6,0.9
SELL,312,VRT,2023-10-10,40.94,1031.0,2023-08-01,27.01,13.92,21.1,14359.8,14338.7,51.49,49,equal-weight sizing trim,2023-10-09,38.95,36.3,22.88,39.98,38.17,37.12,39.98,38.69,70.27,3.22,343,5,5.1,-1,0.9
BUY,322,ANF,2023-10-17,62.68,0.0,,,0.0,,,,,,,2023-10-16,60.94,53.33,36.19,62.69,59.08,53.45,,,68.4,,287,5,,-1,
BUY,336,APP,2023-10-17,38.81,593.73,,,11.52,,,,,,,2023-10-16,37.56,38.11,25.23,38.9,39.65,40.58,38.9,37.92,48.9,2.49,161,5,4.1,-0.4,1.3
BUY,341,DBD,2023-10-17,18.57,25148.57,,,233.44,,,,,,,2023-10-16,17.62,16.36,6.17,18.48,18.58,18.68,,,185.55,,112,5,,-0.9,
BUY,343,VIST,2023-10-17,31.98,14601.51,,,233.44,,,,,,,2023-10-16,30.62,28.41,22.64,31.38,30.49,27.82,,,35.28,,999,5,,0.2,
BUY,312,VRT,2023-10-17,39.54,160.91,,,3.18,,,,,,,2023-10-16,36.62,36.35,23.42,40.53,39.66,37.97,40.52,39.21,56.37,3.24,350,5,5.0,-0.8,0.8
BUY,342,XPO,2023-10-17,75.25,6204.84,,,233.44,,,,,,,2023-10-16,72.11,71.59,53.02,75.62,75.71,72.56,,,36.0,,182,5,,0.2,
SELL,339,ACMR,2023-10-17,18.55,824.87,2023-10-10,18.34,7.56,7.65,177.35,169.7,1.12,5,equal-weight sizing trim,2023-10-16,17.85,16.93,12.92,18.61,18.73,17.35,,,38.19,,126,5,,0.1,
SELL,322,ANF,2023-10-17,62.68,908.31,2023-09-12,53.2,24.16,28.47,8615.1,8586.63,17.77,25,equal-weight sizing trim,2023-10-16,60.94,53.33,36.19,62.69,59.08,53.45,,,68.4,,287,5,,-1,
SELL,320,CAMT,2023-10-17,57.5,300.21,2023-08-29,52.89,7.94,8.63,1382.84,1374.21,8.65,34,equal-weight sizing trim,2023-10-16,51.62,54.56,37.07,59.24,59.65,57.15,,,39.26,,245,5,,0.0,
SELL,331,CLS,2023-10-17,26.77,485.52,2023-09-26,22.86,5.55,6.5,1900.63,1894.13,17.07,15,equal-weight sizing trim,2023-10-16,25.81,23.62,16.3,26.8,25.88,23.71,,,58.33,,322,5,,-0.9,
SELL,338,CNR,2023-10-17,108.24,122.51,2023-10-10,107.44,6.58,6.63,98.01,91.38,0.69,5,equal-weight sizing trim,2023-10-16,102.38,94.68,68.74,108.1,104.0,94.6,,,48.94,,126,5,,-0.4,
SELL,337,CVNA,2023-10-17,6.8,60990.2,2023-10-03,7.79,237.43,207.24,-60380.3,-60587.54,-12.76,10,rotation (out of top-N),2023-10-16,6.21,7.7,4.72,6.92,7.37,8.67,6.92,6.62,31.43,4.24,133,5,4.4,0.4,0.2
SELL,340,PLTR,2023-10-17,16.98,26387.76,2023-10-10,18.07,238.41,224.1,-28630.72,-28854.82,-6.05,5,rotation (out of top-N),2023-10-16,16.12,15.87,12.32,17.36,17.01,15.55,17.36,16.78,30.87,3.36,189,5,3.8,0.5,0.8
SELL,333,SMCI,2023-10-17,27.97,16171.71,2023-09-26,24.65,199.32,226.16,53690.07,53463.9,13.41,15,rotation (out of top-N),2023-10-16,24.86,26.66,19.25,29.15,28.88,26.95,29.15,28.19,29.14,3.28,546,5,3.6,0.5,0.9
BUY,345,BLTE,2023-10-24,36.49,12386.93,,,226.0,,,,,,,2023-10-23,37.41,31.66,26.8,36.52,32.94,31.85,,,39.58,,49,5,,2.2,
BUY,348,CAMT,2023-10-24,51.81,8724.17,,,226.0,,,,,,,2023-10-23,49.34,53.61,37.64,50.06,55.73,57.66,,,31.08,,252,5,,0.4,
BUY,338,CNR,2023-10-24,104.42,15.26,,,0.8,,,,,,,2023-10-23,102.52,96.11,69.81,102.71,104.51,97.44,,,46.85,,133,5,,-0.3,
BUY,346,CUBI,2023-10-24,32.62,13854.38,,,226.0,,,,,,,2023-10-23,39.71,34.63,29.29,32.37,32.98,33.53,,,35.55,,105,5,,0.5,
BUY,344,FTI,2023-10-24,20.23,22343.01,,,226.0,,,,,,,2023-10-23,21.23,19.75,16.01,20.31,20.14,19.95,,,32.64,,448,5,,0.4,
BUY,347,LRN,2023-10-24,44.22,10221.6,,,226.0,,,,,,,2023-10-23,54.41,45.7,41.39,43.79,45.07,44.52,,,31.47,,252,5,,0.4,
BUY,312,VRT,2023-10-24,37.74,168.87,,,3.19,,,,,,,2023-10-23,36.28,36.34,23.96,37.17,38.48,38.3,37.16,35.6,51.4,4.21,357,5,5.4,-0.6,0.2
SELL,339,ACMR,2023-10-24,18.6,25181.5,2023-10-10,18.34,230.85,234.19,6673.1,6438.91,1.39,10,rotation (out of top-N),2023-10-23,13.72,16.35,12.99,18.07,18.47,17.77,,,5.63,,133,1.13,,1.7,
SELL,322,ANF,2023-10-24,61.05,44.34,2023-09-12,53.2,1.18,1.35,348.08,346.72,14.7,30,equal-weight sizing trim,2023-10-23,58.73,54.31,36.96,59.96,60.43,55.28,,,58.9,,294,5,,-0.9,
SELL,336,APP,2023-10-24,38.12,12034.14,2023-10-03,40.4,243.08,229.37,-27412.02,-27641.39,-5.69,15,ratchet-ATR exit,2023-10-23,36.21,37.77,25.86,37.62,38.77,40.45,37.62,36.64,40.04,2.6,168,5,3.7,-0.0,1.3
SELL,320,CAMT,2023-10-24,51.81,8123.77,2023-08-29,52.89,214.85,210.45,-8804.6,-9015.05,-2.1,39,rotation (out of top-N),2023-10-23,49.34,53.61,37.64,50.06,55.73,57.66,,,31.08,,252,5,,0.4,
SELL,331,CLS,2023-10-24,25.98,42.6,2023-09-26,22.86,0.49,0.55,133.1,132.54,13.61,20,equal-weight sizing trim,2023-10-23,22.37,23.39,16.54,25.72,26.01,24.28,,,35.28,,329,5,,0.2,
SELL,341,DBD,2023-10-24,18.94,1271.84,2023-10-17,18.57,11.81,12.04,476.94,464.9,1.97,5,equal-weight sizing trim,2023-10-23,18.39,16.73,6.58,18.16,18.22,18.42,,,179.62,,119,5,,-1.0,
SELL,343,VIST,2023-10-24,30.43,14601.51,2023-10-17,31.98,233.44,222.16,-22559.33,-22781.49,-4.88,5,rotation (out of top-N),2023-10-23,29.25,28.57,22.96,30.3,30.8,28.51,,,27.39,,999,5,,0.6,
SELL,342,XPO,2023-10-24,72.42,6204.84,2023-10-17,75.25,233.44,224.66,-17559.7,-17784.36,-3.81,5,rotation (out of top-N),2023-10-23,67.39,70.83,53.76,71.87,73.91,73.01,,,25.35,,189,5,,0.7,
BUY,352,AAOI,2023-10-31,7.1,64985.43,,,230.7,,,,,,,2023-10-30,9.47,8.91,5.88,7.06,7.29,9.19,,,60.95,,140,5,,-1,
BUY,351,AFRM,2023-10-31,17.37,26562.84,,,230.7,,,,,,,2023-10-30,22.43,19.29,15.43,17.09,17.89,20.28,,,45.43,,140,5,,-0.3,
BUY,322,ANF,2023-10-31,59.44,358.03,,,10.64,,,,,,,2023-10-30,65.48,56.34,37.91,59.59,60.21,56.3,,,72.71,,301,5,,-1,
BUY,349,APP,2023-10-31,36.96,12483.67,,,230.7,,,,,,,2023-10-30,39.27,38.04,26.52,36.71,37.43,39.76,36.71,35.93,48.05,2.13,175,5,3.8,-0.4,1.6
BUY,348,CAMT,2023-10-31,50.16,478.69,,,12.01,,,,,,,2023-10-30,55.8,54.01,38.38,49.92,52.25,56.82,,,45.4,,259,5,,-0.3,
BUY,341,DBD,2023-10-31,18.95,483.31,,,4.58,,,,,,,2023-10-30,19.25,17.19,7.0,18.93,18.51,18.37,,,175.11,,126,5,,-1,
BUY,350,PLTR,2023-10-31,14.62,31570.07,,,230.7,,,,,,,2023-10-30,18.89,16.3,12.8,14.7,15.85,15.85,14.7,14.2,47.58,3.41,203,5,4.7,-0.4,0.7
BUY,312,VRT,2023-10-31,37.83,220.0,,,4.16,,,,,,,2023-10-30,40.28,37.06,24.61,38.13,37.55,38.07,38.12,36.97,63.66,3.02,364,5,5.0,-1,1.0
BUY,353,XPO,2023-10-31,78.21,5899.46,,,230.7,,,,,,,2023-10-30,79.55,72.41,54.76,77.41,72.32,72.69,,,45.26,,196,5,,-0.3,
SELL,345,BLTE,2023-10-31,37.24,12386.93,2023-10-24,36.49,226.0,230.68,9352.13,9121.46,2.02,5,rotation (out of top-N),2023-10-30,38.99,33.0,27.0,38.05,36.03,32.33,,,44.4,,56,5,,1.8,
SELL,331,CLS,2023-10-31,22.35,17406.67,2023-09-26,22.86,198.92,194.52,-8797.26,-8991.78,-2.26,25,ratchet-ATR exit,2023-10-30,25.67,23.81,16.85,22.24,24.31,24.37,,,52.37,,336,5,,-0.6,
SELL,338,CNR,2023-10-31,90.65,4330.82,2023-10-10,107.43,232.63,196.29,-72668.43,-72864.73,-15.66,15,rotation (out of top-N),2023-10-30,96.59,96.19,70.87,101.35,102.66,99.46,,,36.29,,140,5,,0.2,
SELL,346,CUBI,2023-10-31,40.14,2353.95,2023-10-24,32.62,38.4,47.24,17689.92,17642.68,22.97,5,equal-weight sizing trim,2023-10-30,44.73,36.47,29.71,39.9,35.28,33.6,,,50.52,,112,5,,-0.4,
SELL,344,FTI,2023-10-31,21.03,22343.01,2023-10-24,20.23,226.0,234.94,17874.41,17639.47,3.9,5,rotation (out of top-N),2023-10-30,21.87,20.13,16.22,21.02,20.55,20.2,,,34.87,,455,5,,0.3,
SELL,347,LRN,2023-10-31,55.14,10221.6,2023-10-24,44.22,226.0,281.81,111619.87,111338.06,24.63,5,rotation (out of top-N),2023-10-30,55.9,47.56,41.76,55.26,49.99,45.74,,,33.85,,259,5,,0.3,
BUY,322,ANF,2023-11-07,66.45,121.2,,,4.03,,,,,,,2023-11-06,66.94,58.27,38.84,66.28,62.7,57.47,,,72.36,,308,5,,-1,
BUY,349,APP,2023-11-07,39.82,678.09,,,13.5,,,,,,,2023-11-06,43.78,39.08,27.29,39.43,37.9,39.2,39.43,38.54,60.44,2.25,182,5,4.5,-1,1.5
BUY,348,CAMT,2023-11-07,53.92,517.12,,,13.94,,,,,,,2023-11-06,63.5,55.73,39.27,54.56,53.46,56.46,,,61.7,,266,5,,-1,
BUY,341,DBD,2023-11-07,19.33,2752.66,,,26.6,,,,,,,2023-11-06,21.61,17.99,7.47,19.02,18.8,18.54,,,189.15,,133,5,,-1,
BUY,356,DUOL,2023-11-07,158.23,3310.71,,,261.93,,,,,,,2023-11-06,211.55,164.23,141.75,157.45,153.19,158.91,,,49.24,,252,5,,-0.5,
BUY,354,LMB,2023-11-07,30.99,16903.94,,,261.93,,,,,,,2023-11-06,36.45,31.04,23.9,30.22,29.72,30.15,,,52.49,,399,5,,-0.6,
BUY,355,MSTR,2023-11-07,45.42,11533.53,,,261.93,,,,,,,2023-11-06,50.84,39.61,33.03,45.89,42.6,35.75,,,53.93,,273,5,,-0.7,
BUY,312,VRT,2023-11-07,39.86,945.86,,,18.85,,,,,,,2023-11-06,41.7,37.9,25.29,39.63,39.0,38.17,39.62,38.4,64.88,3.08,371,5,5.1,-1,0.9
SELL,352,AAOI,2023-11-07,9.72,11091.85,2023-10-31,7.1,39.38,53.93,29116.11,29062.17,36.9,5,equal-weight sizing trim,2023-11-06,9.37,9.0,6.05,9.68,8.26,8.74,,,54.78,,147,5,,-0.7,
SELL,351,AFRM,2023-11-07,21.62,26562.84,2023-10-31,17.37,230.7,287.14,112892.07,112604.92,24.41,5,rotation (out of top-N),2023-11-06,22.43,19.86,15.53,21.72,19.59,19.98,,,44.4,,147,5,,-0.2,
SELL,346,CUBI,2023-11-07,44.05,11500.43,2023-10-24,32.62,187.6,253.3,131392.43,131139.14,34.95,10,rotation (out of top-N),2023-11-06,41.38,37.36,29.94,44.23,40.01,34.57,,,38.2,,119,5,,0.1,
SELL,350,PLTR,2023-11-07,18.85,3765.56,2023-10-31,14.62,27.52,35.49,15947.13,15911.64,28.91,5,equal-weight sizing trim,2023-11-06,19.68,16.91,13.08,18.54,16.88,16.06,18.54,17.9,50.41,3.45,210,5,4.8,-0.5,0.7
SELL,353,XPO,2023-11-07,79.02,5899.46,2023-10-31,78.21,230.7,233.09,4778.56,4545.47,0.99,5,rotation (out of top-N),2023-11-06,83.08,74.35,55.76,79.46,76.26,73.4,,,48.99,,203,5,,-0.4,
BUY,360,AFRM,2023-11-14,24.89,23966.85,,,298.21,,,,,,,2023-11-13,24.8,20.76,15.84,22.88,21.68,19.82,,,56.53,,154,5,,-0.8,
BUY,322,ANF,2023-11-14,68.45,829.8,,,28.4,,,,,,,2023-11-13,73.5,61.04,39.91,66.34,65.41,59.43,,,84.14,,315,5,,-1,
BUY,358,CLS,2023-11-14,26.58,22438.49,,,298.21,,,,,,,2023-11-13,28.07,24.83,17.51,25.62,24.93,24.72,,,60.33,,350,5,,-1,
BUY,361,CUBI,2023-11-14,43.52,13704.39,,,298.21,,,,,,,2023-11-13,46.41,39.01,30.3,41.51,41.11,35.54,,,53.17,,126,5,,-0.7,
BUY,341,DBD,2023-11-14,21.84,209.25,,,2.28,,,,,,,2023-11-13,23.75,19.04,8.02,21.62,20.16,18.82,,,196.3,,140,5,,-1,
BUY,359,RYTM,2023-11-14,30.38,19635.07,,,298.21,,,,,,,2023-11-13,33.81,26.34,21.3,28.61,26.65,23.9,,,58.76,,77,5,,-0.2,
BUY,312,VRT,2023-11-14,43.51,565.69,,,12.31,,,,,,,2023-11-13,43.09,38.84,26.01,42.18,40.25,38.55,42.17,41.08,65.68,2.57,378,5,4.7,-1,1.3
BUY,357,XPO,2023-11-14,87.19,6840.8,,,298.21,,,,,,,2023-11-13,87.75,76.79,57.07,84.83,80.33,74.77,,,53.76,,210,5,,-0.7,
SELL,352,AAOI,2023-11-14,11.27,946.5,2023-10-31,7.1,3.36,5.33,3946.92,3941.58,58.65,10,equal-weight sizing trim,2023-11-13,12.75,9.68,6.3,11.01,9.39,8.73,,,102.33,,154,5,,-1,
SELL,349,APP,2023-11-14,42.65,13161.77,2023-10-31,37.11,244.2,280.64,72885.29,72604.65,14.87,10,rotation (out of top-N),2023-11-13,39.13,39.09,27.88,41.4,40.1,39.05,41.4,39.58,40.33,4.37,189,5,4.9,-0.0,0.1
SELL,348,CAMT,2023-11-14,63.24,9719.98,2023-10-24,51.84,251.95,307.35,110798.04,110490.69,21.93,15,rotation (out of top-N),2023-11-13,60.67,56.63,40.14,64.45,58.19,56.87,,,51.14,,273,5,,-0.6,
SELL,356,DUOL,2023-11-14,218.89,3310.71,2023-11-07,158.23,261.93,362.34,200827.41,200465.07,38.27,5,rotation (out of top-N),2023-11-13,211.59,172.84,144.75,213.42,181.23,162.84,,,46.17,,259,5,,-0.3,
SELL,354,LMB,2023-11-14,36.48,546.66,2023-11-07,30.99,8.47,9.97,3001.15,2991.18,17.66,5,equal-weight sizing trim,2023-11-13,39.92,32.66,24.59,35.33,32.43,30.3,,,62.36,,406,5,,-1,
SELL,355,MSTR,2023-11-14,50.33,11533.53,2023-11-07,45.42,261.93,290.24,56629.64,56339.4,10.75,5,rotation (out of top-N),2023-11-13,48.63,41.25,33.63,50.39,46.91,37.59,,,44.58,,280,5,,-0.2,
SELL,350,PLTR,2023-11-14,20.09,27804.51,2023-10-31,14.62,203.18,279.3,152229.7,151950.4,37.39,10,rotation (out of top-N),2023-11-13,20.51,17.57,13.41,19.7,18.3,16.49,19.7,19.05,52.95,3.34,217,5,4.9,-0.6,0.8
BUY,360,AFRM,2023-11-21,24.98,1521.16,,,19.0,,,,,,,2023-11-20,26.23,21.75,16.17,25.46,23.92,20.27,,,62.19,,161,5,,-1,
BUY,322,ANF,2023-11-21,69.78,407.23,,,14.21,,,,,,,2023-11-20,73.24,63.25,40.96,72.27,68.99,61.94,,,78.79,,322,5,,-1,
BUY,362,CAMT,2023-11-21,59.51,10693.85,,,318.2,,,,,,,2023-11-20,63.41,57.86,41.05,59.78,60.05,57.51,,,54.46,,280,5,,-0.7,
BUY,363,COIN,2023-11-21,104.37,6097.45,,,318.2,,,,,,,2023-11-20,115.29,89.4,73.52,106.06,95.17,81.05,106.06,102.85,56.82,3.03,252,5,4.9,-0.8,1.0
BUY,364,HCI,2023-11-21,81.58,7800.82,,,318.2,,,,,,,2023-11-20,85.09,66.57,55.43,80.7,74.67,60.12,,,53.5,,259,5,,-0.7,
BUY,312,VRT,2023-11-21,44.14,710.3,,,15.68,,,,,,,2023-11-20,42.48,39.51,26.67,44.41,42.3,39.38,44.4,43.41,59.28,2.24,385,5,4.5,-1.0,1.5
SELL,352,AAOI,2023-11-21,14.13,7886.24,2023-10-31,7.1,28.0,55.72,55440.28,55384.56,98.91,15,equal-weight sizing trim,2023-11-20,13.01,10.28,6.56,14.46,11.8,9.16,,,98.42,,161,5,,-1,
SELL,358,CLS,2023-11-21,27.42,22438.49,2023-11-14,26.58,298.21,307.63,18848.33,18540.7,3.11,5,rotation (out of top-N),2023-11-20,27.2,25.26,17.86,28.13,26.68,25.34,,,52.28,,357,5,,-0.6,
SELL,361,CUBI,2023-11-21,45.38,13704.39,2023-11-14,43.52,298.21,310.95,25490.17,25179.22,4.22,5,rotation (out of top-N),2023-11-20,45.16,40.12,30.63,45.86,43.76,37.12,,,47.43,,133,5,,-0.4,
SELL,341,DBD,2023-11-21,24.65,1491.94,2023-10-17,18.67,13.93,18.39,8915.89,8897.5,31.94,25,equal-weight sizing trim,2023-11-20,24.77,20.08,8.56,24.48,22.35,19.4,,,189.33,,147,5,,-1,
SELL,354,LMB,2023-11-21,38.97,18.82,2023-11-07,30.99,0.29,0.37,150.22,149.85,25.69,10,equal-weight sizing trim,2023-11-20,40.46,34.08,25.27,39.08,36.79,31.36,,,60.1,,413,5,,-1,
SELL,359,RYTM,2023-11-21,33.35,546.19,2023-11-14,30.38,8.3,9.11,1627.64,1618.53,9.76,5,equal-weight sizing trim,2023-11-20,34.64,27.85,21.5,33.39,30.71,25.09,,,61.15,,84,5,,-0.4,
SELL,357,XPO,2023-11-21,88.15,6840.8,2023-11-14,87.19,298.21,301.51,6601.37,6299.86,1.06,5,rotation (out of top-N),2023-11-20,89.19,79.04,58.37,88.33,84.7,77.04,,,52.81,,217,5,,-0.6,
BUY,352,AAOI,2023-11-28,14.73,767.14,,,5.65,,,,,,,2023-11-27,16.45,11.4,6.9,14.4,12.78,9.46,,,138.32,,168,5,,-1,
BUY,368,AMR,2023-11-28,277.4,2432.28,,,337.36,,,,,,,2023-11-27,293.6,246.39,187.62,279.19,258.21,235.19,,,56.48,,154,5,,-0.8,
BUY,341,DBD,2023-11-28,24.89,1290.75,,,16.06,,,,,,,2023-11-27,24.91,20.96,9.11,25.39,23.68,20.02,,,173.39,,154,5,,-1,
BUY,366,ESTC,2023-11-28,75.73,8909.47,,,337.36,,,,,,,2023-11-27,110.17,81.98,68.12,76.19,76.3,77.21,,,61.74,,182,5,,-1,
BUY,365,PDD,2023-11-28,135.16,4991.97,,,337.36,,,,,,,2023-11-27,145.26,113.98,86.83,117.75,115.4,107.76,,,67.29,,91,5,,-0.5,
BUY,367,SYRE,2023-11-28,14.0,48193.87,,,337.36,,,,,,,2023-11-27,19.26,12.67,9.92,12.09,10.71,11.4,,,94.08,,112,5,,-0.9,
BUY,312,VRT,2023-11-28,42.58,1428.59,,,30.41,,,,,,,2023-11-27,44.96,40.5,27.4,42.4,42.49,40.01,42.39,41.5,64.08,2.11,392,5,4.4,-1,1.6
SELL,360,AFRM,2023-11-28,29.93,2933.66,2023-11-14,24.89,36.51,43.9,14783.69,14739.79,20.19,9,equal-weight sizing trim,2023-11-27,37.66,24.64,16.79,29.37,25.56,20.87,,,124.31,,168,5,,-1,
SELL,322,ANF,2023-11-28,76.25,271.19,2023-09-12,55.74,7.56,10.34,5561.0,5550.66,36.72,54,equal-weight sizing trim,2023-11-27,77.91,65.92,42.19,76.37,71.93,63.86,,,84.67,,329,5,,-1,
SELL,362,CAMT,2023-11-28,64.75,10693.85,2023-11-21,59.51,318.2,346.21,56035.79,55689.58,8.75,4,rotation (out of top-N),2023-11-27,61.61,58.54,41.93,64.94,62.13,57.84,,,46.94,,287,5,,-0.3,
SELL,363,COIN,2023-11-28,122.12,569.68,2023-11-21,104.37,29.73,34.78,10111.82,10077.03,16.95,4,equal-weight sizing trim,2023-11-27,133.72,97.46,75.4,119.8,105.38,84.99,119.8,115.2,77.36,3.84,259,5,5.6,-1,0.4
SELL,364,HCI,2023-11-28,83.69,7800.82,2023-11-21,81.58,318.2,326.43,16459.74,16133.31,2.54,4,rotation (out of top-N),2023-11-27,82.73,69.5,56.27,84.57,79.75,63.33,,,47.01,,266,5,,-0.4,
SELL,354,LMB,2023-11-28,39.3,16338.45,2023-11-07,30.99,253.16,321.05,135772.55,135451.5,26.75,14,rotation (out of top-N),2023-11-27,39.76,35.11,25.93,39.72,38.47,32.2,,,53.34,,420,5,,-0.7,
SELL,359,RYTM,2023-11-28,33.5,19088.88,2023-11-14,30.38,289.91,319.74,59652.75,59333.01,10.23,9,rotation (out of top-N),2023-11-27,33.8,28.93,21.73,34.05,32.51,26.14,,,55.51,,91,5,,-0.3,
BUY,352,AAOI,2023-12-05,16.43,2039.45,,,16.75,,,,,,,2023-12-04,19.77,12.93,7.33,16.7,14.45,10.14,,,169.78,,175,5,,-1,
BUY,322,ANF,2023-12-05,76.81,1385.44,,,53.21,,,,,,,2023-12-04,78.61,68.23,43.44,77.2,75.14,66.51,,,80.97,,336,5,,-1,
BUY,363,COIN,2023-12-05,140.13,84.48,,,5.92,,,,,,,2023-12-04,146.68,106.41,77.45,141.09,122.55,92.02,141.09,133.87,89.38,5.12,266,5,6,-1,0.0
BUY,341,DBD,2023-12-05,26.64,2394.97,,,31.91,,,,,,,2023-12-04,28.26,22.29,9.73,26.5,24.94,20.94,,,190.54,,161,5,,-1,
BUY,369,MPTI,2023-12-05,36.51,21530.68,,,393.04,,,,,,,2023-12-04,30.97,28.36,16.26,34.89,34.19,29.74,,,90.51,,999,5,,-1,
BUY,370,MSTR,2023-12-05,56.7,13863.94,,,393.04,,,,,,,2023-12-04,59.86,47.62,35.75,56.24,51.48,43.89,,,67.43,,301,5,,-1,
BUY,312,VRT,2023-12-05,44.77,1713.22,,,38.35,,,,,,,2023-12-04,47.01,41.68,28.17,45.18,43.41,40.69,45.17,43.42,66.89,3.88,399,5,5.6,-1,0.4
SELL,360,AFRM,2023-12-05,37.88,1791.98,2023-11-14,24.89,22.3,33.94,23276.64,23242.7,52.11,14,equal-weight sizing trim,2023-12-04,42.06,27.81,17.5,38.55,32.23,23.0,,,140.4,,175,5,,-1,
SELL,368,AMR,2023-12-05,295.49,2432.28,2023-11-28,277.4,337.36,359.36,43999.93,43640.57,6.47,5,rotation (out of top-N),2023-12-04,298.86,255.93,190.56,293.9,275.77,240.05,,,56.83,,161,5,,-0.8,
SELL,366,ESTC,2023-12-05,109.72,1741.42,2023-11-28,75.73,65.94,95.53,59190.85,59095.32,44.81,5,equal-weight sizing trim,2023-12-04,115.9,88.15,69.41,110.49,88.51,78.83,,,66.97,,189,5,,-1,
SELL,365,PDD,2023-12-05,138.69,4991.97,2023-11-28,135.16,337.36,346.18,17646.6,17300.42,2.56,5,rotation (out of top-N),2023-12-04,138.96,118.52,87.91,142.75,133.26,113.17,,,58.07,,98,5,,-0.5,
SELL,367,SYRE,2023-12-05,20.36,9565.26,2023-11-28,14.0,66.96,97.37,60835.05,60737.67,45.36,5,equal-weight sizing trim,2023-12-04,20.84,14.15,10.2,19.01,15.25,12.2,,,104.33,,119,5,,-1.0,
BUY,374,BBIO,2023-12-12,32.34,24259.69,,,392.22,,,,,,,2023-12-11,39.33,30.86,23.04,32.87,31.61,28.23,,,70.67,,308,5,,-1,
BUY,375,CVNA,2023-12-12,8.16,96084.88,,,392.22,,,,,,,2023-12-11,10.27,7.61,5.74,7.96,7.41,6.51,7.96,7.57,78.82,4.89,189,5,6,-1,0.0
BUY,372,PDD,2023-12-12,143.2,5477.91,,,392.22,,,,,,,2023-12-11,148.32,123.94,89.48,142.98,138.43,117.37,,,65.76,,105,5,,-0.8,
BUY,373,RYTM,2023-12-12,36.7,21371.39,,,392.22,,,,,,,2023-12-11,47.47,33.42,22.8,36.62,35.58,29.11,,,108.24,,105,5,,-0.8,
BUY,371,TWST,2023-12-12,27.77,28247.64,,,392.22,,,,,,,2023-12-11,34.62,24.41,19.15,27.91,25.65,20.26,,,80.8,,28,5,,1.5,
SELL,352,AAOI,2023-12-12,18.9,6342.06,2023-10-31,7.62,24.16,59.93,71539.74,71479.81,147.91,29,equal-weight sizing trim,2023-12-11,21.73,14.53,7.8,18.55,16.79,11.42,,,178.48,,182,5,,-1,
SELL,360,AFRM,2023-12-12,40.13,1205.2,2023-11-14,24.89,15.0,24.18,18366.38,18342.2,61.14,19,equal-weight sizing trim,2023-12-11,43.94,30.74,18.34,39.92,37.06,25.57,,,139.62,,182,5,,-1,
SELL,322,ANF,2023-12-12,81.77,639.98,2023-09-12,58.59,18.75,26.16,14828.73,14802.56,39.47,64,equal-weight sizing trim,2023-12-11,84.19,71.13,44.87,81.64,77.57,68.83,,,87.65,,343,5,,-1,
SELL,363,COIN,2023-12-12,140.38,21.5,2023-11-21,104.91,1.13,1.51,762.67,761.16,33.75,14,equal-weight sizing trim,2023-12-11,147.96,113.96,79.82,138.05,133.27,99.79,138.05,132.5,85.38,4.02,273,5,5.7,-1,0.3
SELL,341,DBD,2023-12-12,28.05,1531.09,2023-10-17,19.59,15.0,21.47,12941.37,12919.9,43.07,39,equal-weight sizing trim,2023-12-11,28.53,23.42,10.37,27.7,26.63,22.04,,,175.06,,168,5,,-1,
SELL,366,ESTC,2023-12-12,115.85,7168.05,2023-11-28,75.73,271.42,415.21,287582.19,287166.98,52.9,10,rotation (out of top-N),2023-12-11,112.73,92.62,70.91,117.28,105.46,83.11,,,58.99,,196,5,,-0.9,
SELL,369,MPTI,2023-12-12,27.27,21530.68,2023-12-05,36.51,393.04,293.57,-198943.52,-199237.09,-25.35,5,rotation (out of top-N),2023-12-11,27.15,28.14,16.71,27.46,32.39,30.79,,,62.45,,999,5,,-1,
SELL,370,MSTR,2023-12-12,56.19,13863.94,2023-12-05,56.7,393.04,389.51,-7070.61,-7460.12,-0.95,5,rotation (out of top-N),2023-12-11,56.96,49.32,36.7,55.54,55.18,46.92,,,55.21,,308,5,,-0.8,
SELL,367,SYRE,2023-12-12,16.32,38628.61,2023-11-28,14.0,270.4,315.21,89618.38,89303.17,16.51,10,rotation (out of top-N),2023-12-11,15.44,14.39,10.35,18.27,18.3,13.19,,,49.14,,126,5,,-0.5,
SELL,312,VRT,2023-12-12,47.35,17566.23,2023-08-01,32.28,283.51,415.88,264740.24,264324.36,46.62,93,rotation (out of top-N),2023-12-11,47.58,42.75,29.0,47.52,45.08,41.34,47.51,46.29,64.05,2.57,406,5,4.7,-1,1.3
BUY,352,AAOI,2023-12-19,22.5,0.0,,,0.0,,,,,,,2023-12-18,20.91,15.69,8.27,22.48,19.97,13.18,,,152.89,,189,5,,-1,
BUY,360,AFRM,2023-12-19,46.12,319.37,,,7.36,,,,,,,2023-12-18,49.05,34.07,19.33,43.7,41.17,28.62,,,153.79,,189,5,,-1,
BUY,322,ANF,2023-12-19,86.96,942.71,,,40.99,,,,,,,2023-12-18,92.56,75.03,46.53,86.66,82.08,71.62,,,98.91,,350,5,,-1,
BUY,363,COIN,2023-12-19,156.25,276.08,,,21.57,,,,,,,2023-12-18,175.53,125.16,82.33,153.38,143.81,109.06,153.38,148.3,113.2,3.31,280,5,5.2,-1,0.8
BUY,375,CVNA,2023-12-19,11.63,0.0,,,0.0,,,,,,,2023-12-18,10.95,8.22,5.98,11.14,9.04,6.9,11.14,10.43,83.15,6.35,196,5,6,-1,0.0
BUY,341,DBD,2023-12-19,27.66,5154.98,,,71.29,,,,,,,2023-12-18,29.0,24.44,11.07,27.66,27.5,23.27,,,161.89,,175,5,,-1,
BUY,377,MPTI,2023-12-19,31.37,29208.0,,,458.13,,,,,,,2023-12-18,34.88,29.36,17.33,30.15,29.58,30.96,,,101.22,,999,5,,-1,
BUY,373,RYTM,2023-12-19,46.45,0.0,,,0.0,,,,,,,2023-12-18,46.35,35.77,23.5,44.83,40.97,31.72,,,97.19,,112,5,,-0.9,
BUY,376,XMTR,2023-12-19,30.92,29633.09,,,458.13,,,,,,,2023-12-18,34.54,24.32,18.85,29.72,26.73,20.32,,,83.23,,21,5,,1.7,
SELL,352,AAOI,2023-12-19,22.5,782.54,2023-10-31,7.62,2.98,8.8,11644.39,11635.59,195.14,34,equal-weight sizing trim,2023-12-18,20.91,15.69,8.27,22.48,19.97,13.18,,,152.89,,189,5,,-1,
SELL,374,BBIO,2023-12-19,38.62,24259.69,2023-12-12,32.34,392.22,468.45,152472.12,152003.67,19.38,5,rotation (out of top-N),2023-12-18,41.11,32.72,23.73,38.39,35.03,29.59,,,73.22,,315,5,,-1,
SELL,375,CVNA,2023-12-19,11.63,17261.71,2023-12-12,8.16,70.46,100.38,59829.08,59728.7,42.38,5,equal-weight sizing trim,2023-12-18,10.95,8.22,5.98,11.14,9.04,6.9,11.14,10.43,83.15,6.35,196,5,6,-1,0.0
SELL,372,PDD,2023-12-19,148.0,5477.91,2023-12-12,143.2,392.22,405.35,26266.59,25861.23,3.3,5,rotation (out of top-N),2023-12-18,144.5,127.68,90.79,148.39,144.18,122.73,,,59.16,,112,5,,-0.8,
SELL,373,RYTM,2023-12-19,46.45,1635.9,2023-12-12,36.7,30.02,37.99,15941.88,15903.88,26.49,5,equal-weight sizing trim,2023-12-18,46.35,35.77,23.5,44.83,40.97,31.72,,,97.19,,112,5,,-0.9,
SELL,371,TWST,2023-12-19,35.04,2085.73,2023-12-12,27.77,28.96,36.54,15163.22,15126.68,26.12,5,equal-weight sizing trim,2023-12-18,36.8,26.66,19.66,34.58,30.53,22.19,,,87.22,,35,5,,1.4,
BUY,352,AAOI,2024-01-09,19.52,5985.08,,,58.41,,,,,,,2024-01-08,17.39,17.1,9.52,20.16,19.9,17.22,,,82.63,,210,5,,-1,
BUY,360,AFRM,2024-01-09,44.59,580.38,,,12.94,,,,,,,2024-01-08,41.78,38.64,21.87,45.34,45.53,37.75,,,91.05,,210,5,,-1,
BUY,380,AMR,2024-01-09,371.0,2457.5,,,455.87,,,,,,,2024-01-08,364.86,315.62,214.64,365.36,349.59,298.48,,,69.98,,196,5,,-1,
BUY,322,ANF,2024-01-09,96.67,0.0,,,0.0,,,,,,,2024-01-08,96.8,82.9,51.46,96.23,91.06,80.9,,,88.11,,371,5,,-1,
BUY,378,CYTK,2024-01-09,105.88,8610.98,,,455.87,,,,,,,2024-01-08,85.61,59.26,38.8,108.03,81.68,45.58,,,120.64,,21,5,,1.7,
BUY,381,PRAX,2024-01-09,31.48,28957.63,,,455.87,,,,,,,2024-01-08,43.61,24.08,18.6,31.45,24.42,18.46,,,134.42,,21,5,,1.7,
BUY,379,SYRE,2024-01-09,24.67,36957.07,,,455.87,,,,,,,2024-01-08,21.43,17.98,11.59,24.64,21.26,16.3,,,84.93,,154,5,,-1,
BUY,371,TWST,2024-01-09,34.3,432.25,,,7.41,,,,,,,2024-01-08,36.14,30.71,21.2,35.03,34.79,28.53,,,70.45,,56,5,,1.1,
SELL,322,ANF,2024-01-09,96.67,1105.22,2023-09-12,61.13,33.78,53.42,39278.14,39224.72,58.06,82,equal-weight sizing trim,2024-01-08,96.8,82.9,51.46,96.23,91.06,80.9,,,88.11,,371,5,,-1,
SELL,363,COIN,2024-01-09,159.72,5866.83,2023-11-21,107.32,314.83,468.52,307396.24,306927.71,48.75,32,rotation (out of top-N),2024-01-08,130.76,136.4,88.88,159.42,160.87,136.97,159.42,151.01,47.13,5.27,301,5,5.4,-0.4,0.0
SELL,375,CVNA,2024-01-09,9.4,78823.17,2023-12-12,8.16,321.76,370.43,97346.61,96976.18,15.07,18,rotation (out of top-N),2024-01-08,8.55,8.74,6.56,9.67,9.89,8.33,9.67,9.28,30.43,4.11,217,5,4.3,0.5,0.3
SELL,341,DBD,2024-01-09,27.9,444.75,2023-10-17,20.85,4.64,6.2,3136.6,3130.39,33.76,57,equal-weight sizing trim,2024-01-08,28.68,26.41,13.16,28.61,28.42,26.42,,,117.96,,196,5,,-1,
SELL,377,MPTI,2024-01-09,36.84,4447.22,2023-12-19,31.37,69.75,81.92,24326.32,24244.4,17.38,13,equal-weight sizing trim,2024-01-08,36.62,32.18,19.2,36.59,35.41,33.77,,,90.68,,999,5,,-1,
SELL,373,RYTM,2024-01-09,43.94,19735.49,2023-12-12,36.71,362.2,433.59,142786.26,142352.67,19.65,18,rotation (out of top-N),2024-01-08,40.68,38.5,25.35,44.49,44.08,38.59,,,60.49,,133,5,,-1,
SELL,376,XMTR,2024-01-09,33.04,29633.09,2023-12-19,30.92,458.13,489.54,62822.15,62332.61,6.8,13,rotation (out of top-N),2024-01-08,30.05,28.0,20.24,33.73,33.55,26.42,,,48.46,,42,5,,1.9,
BUY,360,AFRM,2024-01-23,45.31,625.35,,,14.17,,,,,,,2024-01-22,41.35,39.66,23.41,44.33,42.8,41.74,,,76.65,,224,5,,-1,
BUY,384,DAVE,2024-01-23,15.39,62038.62,,,477.39,,,,,,,2024-01-22,14.73,9.69,6.62,14.89,11.13,8.25,,,122.61,,49,5,,1.2,
BUY,385,MPTI,2024-01-23,37.24,25638.41,,,477.39,,,,,,,2024-01-22,33.53,33.64,20.54,39.39,39.24,34.74,,,63.23,,999,5,,-1,
BUY,382,RYTM,2024-01-23,42.2,22627.66,,,477.39,,,,,,,2024-01-22,44.34,39.93,26.48,41.74,41.8,40.86,,,67.47,,147,5,,-1,
BUY,383,SMCI,2024-01-23,43.08,22162.82,,,477.39,,,,,,,2024-01-22,47.4,34.48,26.63,43.63,35.62,30.09,43.64,40.36,78.02,7.52,644,5,6,-1,0.0
SELL,352,AAOI,2024-01-23,17.28,46727.9,2023-10-31,9.14,213.64,403.73,380177.31,379773.58,88.88,56,rotation (out of top-N),2024-01-22,14.99,16.53,10.19,17.08,17.75,18.58,,,47.17,,224,5,,-0.4,
SELL,380,AMR,2024-01-23,405.33,100.77,2024-01-09,371.0,18.69,20.42,3459.42,3438.99,9.2,9,equal-weight sizing trim,2024-01-22,386.26,341.33,226.39,406.98,380.61,329.38,,,70.62,,210,5,,-1,
SELL,322,ANF,2024-01-23,105.32,366.1,2023-09-12,61.13,11.19,19.28,16177.4,16158.12,72.2,91,equal-weight sizing trim,2024-01-22,103.81,89.4,55.33,104.67,98.36,87.4,,,87.61,,385,5,,-1,
SELL,378,CYTK,2024-01-23,83.3,8610.98,2024-01-09,105.88,455.87,358.63,-194479.08,-194837.7,-21.37,9,ratchet-ATR exit,2024-01-22,82.71,66.75,41.06,83.72,84.5,57.97,,,101.41,,35,5,,1.4,
SELL,341,DBD,2024-01-23,31.36,2238.89,2023-10-17,20.85,23.34,35.11,23547.57,23512.45,50.37,66,equal-weight sizing trim,2024-01-22,31.0,27.91,14.67,31.0,29.55,27.86,,,111.35,,210,5,,-1,
SELL,377,MPTI,2024-01-23,37.24,24760.78,2023-12-19,31.37,388.37,461.05,145345.77,144884.73,18.65,22,rotation (out of top-N),2024-01-22,33.53,33.64,20.54,39.39,39.24,34.74,,,63.23,,999,5,,-1,
SELL,381,PRAX,2024-01-23,40.75,5515.87,2024-01-09,31.48,86.83,112.39,51104.49,50992.11,29.36,9,equal-weight sizing trim,2024-01-22,37.56,28.53,19.7,38.45,36.99,24.08,,,90.7,,35,5,,1.4,
SELL,379,SYRE,2024-01-23,27.84,2644.86,2024-01-09,24.67,32.62,36.82,8384.22,8347.4,12.79,9,equal-weight sizing trim,2024-01-22,27.4,20.62,12.68,27.13,23.01,19.12,,,116.08,,168,5,,-1,
SELL,371,TWST,2024-01-23,35.89,26594.16,2023-12-12,27.88,370.67,477.23,213122.01,212644.77,28.68,27,rotation (out of top-N),2024-01-22,32.26,31.43,22.16,34.76,34.85,31.93,,,45.6,,70,5,,0.6,
BUY,388,AAOI,2024-01-30,17.19,57103.52,,,490.8,,,,,,,2024-01-29,18.84,16.95,10.61,15.96,16.76,18.87,,,77.6,,231,5,,-1,
BUY,380,AMR,2024-01-30,392.0,148.56,,,29.12,,,,,,,2024-01-29,404.58,352.83,232.87,396.03,386.6,343.82,,,73.74,,217,5,,-1,
BUY,322,ANF,2024-01-30,104.81,299.7,,,15.71,,,,,,,2024-01-29,109.49,93.05,57.48,105.1,101.62,90.9,,,90.48,,392,5,,-1,
BUY,386,CYTK,2024-01-30,79.61,12330.23,,,490.8,,,,,,,2024-01-29,81.89,69.51,42.18,79.93,82.96,64.29,,,94.16,,42,5,,1.3,
BUY,341,DBD,2024-01-30,31.11,1117.18,,,17.37,,,,,,,2024-01-29,30.59,28.4,15.41,31.0,30.5,28.61,,,98.45,,217,5,,-1,
BUY,381,PRAX,2024-01-30,40.09,1052.05,,,21.09,,,,,,,2024-01-29,41.84,30.95,20.35,42.2,38.23,26.7,,,105.57,,42,5,,1.3,
BUY,379,SYRE,2024-01-30,27.11,1906.66,,,25.85,,,,,,,2024-01-29,25.79,21.56,13.22,27.72,25.74,20.94,,,95.08,,175,5,,-1,
BUY,387,VRT,2024-01-30,55.91,17556.96,,,490.8,,,,,,,2024-01-29,61.3,50.61,35.71,54.75,52.47,48.53,55.75,54.48,71.68,2.28,455,5,4.5,-1,1.5
SELL,360,AFRM,2024-01-30,43.07,21082.27,2023-11-14,26.36,277.87,454.01,352279.26,351825.26,63.31,51,rotation (out of top-N),2024-01-29,41.0,39.9,24.19,43.78,42.2,43.24,,,69.51,,231,5,,-1,
SELL,384,DAVE,2024-01-30,18.93,10157.97,2024-01-23,15.39,78.17,96.15,35959.23,35863.08,22.94,5,equal-weight sizing trim,2024-01-29,21.47,11.83,6.98,17.52,14.55,9.57,,,207.69,,56,5,,1.1,
SELL,385,MPTI,2024-01-30,31.36,25638.41,2024-01-23,37.24,477.39,402.01,-150753.84,-151155.85,-15.83,5,rotation (out of top-N),2024-01-29,35.52,33.98,21.21,31.49,35.74,34.69,,,67.49,,999,5,,-1,
SELL,382,RYTM,2024-01-30,45.12,22627.66,2024-01-23,42.2,477.39,510.48,66185.92,65675.44,6.88,5,rotation (out of top-N),2024-01-29,44.86,40.83,27.09,45.0,43.54,42.25,,,65.58,,154,5,,-1,
SELL,383,SMCI,2024-01-30,55.1,4338.85,2024-01-23,43.08,93.46,119.54,52153.02,52033.49,27.84,5,equal-weight sizing trim,2024-01-29,57.93,38.75,27.81,49.53,43.31,32.43,52.69,50.25,108.3,4.64,651,5,6,-1,0.0
BUY,388,AAOI,2024-02-06,20.44,0.0,,,0.0,,,,,,,2024-02-05,20.02,17.51,11.07,19.75,17.48,19.07,,,80.89,,238,5,,-1,
BUY,322,ANF,2024-02-06,105.81,589.8,,,31.2,,,,,,,2024-02-05,110.14,96.16,59.67,106.54,104.64,94.51,,,84.6,,399,5,,-1,
BUY,386,CYTK,2024-02-06,80.51,759.01,,,30.55,,,,,,,2024-02-05,76.99,70.87,43.12,80.11,81.27,70.13,,,78.56,,49,5,,1.2,
BUY,341,DBD,2024-02-06,30.36,3136.91,,,47.62,,,,,,,2024-02-05,32.41,29.13,16.21,30.16,30.5,29.16,,,99.94,,224,5,,-1,
BUY,391,DNTH,2024-02-06,20.9,50398.01,,,526.66,,,,,,,2024-02-05,23.86,15.56,12.31,20.6,18.51,12.75,,,93.86,,14,5,,1.8,
BUY,389,POWL,2024-02-06,41.88,25150.87,,,526.66,,,,,,,2024-02-05,48.49,32.93,25.6,41.98,33.99,29.12,,,89.42,,462,5,,-1,
BUY,381,PRAX,2024-02-06,42.51,296.56,,,6.3,,,,,,,2024-02-05,45.27,33.55,21.08,41.83,40.77,29.81,,,114.77,,49,5,,1.2,
BUY,390,RYTM,2024-02-06,46.0,22898.23,,,526.66,,,,,,,2024-02-05,51.18,42.71,27.96,46.0,44.76,43.52,,,83.07,,161,5,,-1,
SELL,388,AAOI,2024-02-06,20.44,5545.53,2024-01-30,17.19,47.66,56.68,18022.98,17966.3,18.85,5,equal-weight sizing trim,2024-02-05,20.02,17.51,11.07,19.75,17.48,19.07,,,80.89,,238,5,,-1,
SELL,380,AMR,2024-02-06,376.48,2505.28,2024-01-09,372.25,466.29,471.59,10609.24,10137.65,1.09,19,rotation (out of top-N),2024-02-05,371.15,356.16,238.5,381.55,393.43,357.18,,,55.62,,224,5,,-0.8,
SELL,384,DAVE,2024-02-06,23.99,7952.12,2024-01-23,15.39,61.19,95.39,68388.22,68292.84,55.8,10,equal-weight sizing trim,2024-02-05,20.41,13.39,7.36,22.13,17.96,11.2,,,177.36,,63,5,,-0.0,
SELL,383,SMCI,2024-02-06,67.38,2183.64,2024-01-23,43.08,47.04,73.57,53062.42,52988.86,56.33,10,equal-weight sizing trim,2024-02-05,74.01,45.16,29.32,66.39,53.12,36.29,66.39,63.04,152.44,5.04,658,5,6,-1,0.0
SELL,379,SYRE,2024-02-06,25.25,36218.87,2024-01-09,24.8,449.09,457.26,16345.16,15887.9,1.77,19,rotation (out of top-N),2024-02-05,23.98,22.0,13.72,25.28,25.82,21.72,,,74.81,,182,5,,-1,
SELL,387,VRT,2024-02-06,61.75,17556.96,2024-01-30,55.91,490.8,542.07,102532.63,101990.56,10.39,5,rotation (out of top-N),2024-02-05,63.35,52.93,36.92,61.44,56.95,50.34,61.42,59.63,71.6,2.92,462,5,4.9,-1,1.1
BUY,388,AAOI,2024-02-13,19.85,3575.84,,,35.49,,,,,,,2024-02-12,21.34,18.2,11.56,21.01,18.99,19.13,,,84.63,,245,5,,-1,
BUY,393,COIN,2024-02-13,138.11,7920.46,,,546.95,,,,,,,2024-02-12,180.23,142.25,98.95,147.34,132.6,143.99,147.34,139.24,82.14,5.5,336,5,6,-1,0.0
BUY,384,DAVE,2024-02-13,20.99,8208.48,,,86.15,,,,,,,2024-02-12,26.01,15.69,7.89,20.65,19.83,12.9,,,229.6,,70,5,,-0.2,
BUY,341,DBD,2024-02-13,31.48,56.17,,,0.88,,,,,,,2024-02-12,33.65,29.95,17.04,32.45,31.19,29.6,,,97.39,,231,5,,-1,
BUY,392,MPTI,2024-02-13,36.64,29855.21,,,546.95,,,,,,,2024-02-12,43.66,36.0,22.75,37.94,35.51,35.43,,,91.94,,999,5,,-1,
BUY,389,POWL,2024-02-13,49.2,0.0,,,0.0,,,,,,,2024-02-12,50.69,36.16,26.43,50.3,42.2,31.27,,,91.81,,469,5,,-1,
BUY,381,PRAX,2024-02-13,42.09,1208.35,,,25.43,,,,,,,2024-02-12,41.94,35.08,21.73,44.73,43.39,33.28,,,92.96,,56,5,,1.1,
SELL,322,ANF,2024-02-13,110.37,43.38,2023-09-12,65.09,1.41,2.39,1963.99,1961.6,69.48,106,equal-weight sizing trim,2024-02-12,120.92,100.66,62.09,114.94,107.55,97.89,,,94.76,,406,5,,-1,
SELL,386,CYTK,2024-02-13,76.91,13089.24,2024-01-30,79.66,521.36,503.31,-36089.5,-36592.82,-3.51,10,rotation (out of top-N),2024-02-12,76.9,71.96,44.1,79.3,79.5,75.53,,,74.38,,56,5,,1.1,
SELL,391,DNTH,2024-02-13,23.5,3826.01,2024-02-06,20.9,39.98,44.96,9947.62,9902.67,12.38,5,equal-weight sizing trim,2024-02-12,24.03,17.1,12.66,23.06,21.63,14.53,,,89.83,,21,5,,1.7,
SELL,389,POWL,2024-02-13,49.2,2906.11,2024-02-06,41.88,60.85,71.49,21272.75,21201.26,17.42,5,equal-weight sizing trim,2024-02-12,50.69,36.16,26.43,50.3,42.2,31.27,,,91.81,,469,5,,-1,
SELL,390,RYTM,2024-02-13,50.59,22898.23,2024-02-06,46.0,526.66,579.27,105217.34,104638.08,9.93,5,rotation (out of top-N),2024-02-12,49.13,43.88,28.77,52.48,48.01,44.85,,,70.75,,168,5,,-1,
SELL,383,SMCI,2024-02-13,75.2,1086.58,2024-01-23,43.08,23.4,40.86,34900.9,34860.04,74.47,15,equal-weight sizing trim,2024-02-12,80.24,51.54,30.99,77.33,65.4,41.91,77.33,73.44,158.94,5.03,665,5,6,-1,0.0
BUY,397,ACMR,2024-02-27,22.0,55835.91,,,614.33,,,,,,,2024-02-26,33.92,21.61,16.56,21.56,19.74,19.03,,,104.84,,259,5,,-1,
BUY,398,CVNA,2024-02-27,14.56,84386.62,,,614.33,,,,,,,2024-02-26,16.6,11.32,8.17,13.97,11.51,9.73,13.97,12.53,103.25,10.29,266,5,6,-1,0.0
BUY,384,DAVE,2024-02-27,23.71,0.0,,,0.0,,,,,,,2024-02-26,22.82,18.13,8.8,23.46,22.76,16.24,,,159.36,,84,5,,-0.4,
BUY,395,MSTR,2024-02-27,86.85,14147.03,,,614.33,,,,,,,2024-02-26,107.84,68.05,46.0,79.72,69.7,58.39,,,134.41,,385,5,,-1,
BUY,389,POWL,2024-02-27,55.53,0.0,,,0.0,,,,,,,2024-02-26,59.45,42.96,28.27,55.25,50.51,36.12,,,110.26,,483,5,,-1,
BUY,396,ROOT,2024-02-27,21.35,57548.91,,,614.33,,,,,,,2024-02-26,39.11,15.69,10.48,22.92,12.99,9.73,,,273.09,,7,5,,1.9,
BUY,394,SYRE,2024-02-27,24.07,51056.27,,,614.33,,,,,,,2024-02-26,29.95,23.8,15.21,23.98,22.8,23.63,,,96.86,,203,5,,-1,
SELL,388,AAOI,2024-02-27,15.14,55133.83,2024-01-30,17.36,478.63,417.5,-122260.4,-122677.9,-12.82,19,rotation (out of top-N),2024-02-26,15.4,17.09,12.21,14.7,18.16,18.46,,,26.16,,259,5,,0.7,
SELL,322,ANF,2024-02-27,126.72,215.33,2023-09-12,65.09,7.01,13.64,13270.45,13256.81,94.58,115,equal-weight sizing trim,2024-02-26,131.29,109.54,67.12,126.22,118.99,104.8,,,95.6,,420,5,,-1,
SELL,393,COIN,2024-02-27,205.37,7920.46,2024-02-13,138.11,546.95,813.31,532730.14,531916.83,48.63,9,rotation (out of top-N),2024-02-26,205.85,157.34,105.4,193.96,166.17,144.86,193.96,184.73,95.3,4.76,350,5,6,-1,0.0
SELL,384,DAVE,2024-02-27,23.71,290.37,2024-01-23,16.27,2.36,3.44,2159.83,2156.39,45.64,24,equal-weight sizing trim,2024-02-26,22.82,18.13,8.8,23.46,22.76,16.24,,,159.36,,84,5,,-0.4,
SELL,341,DBD,2024-02-27,34.54,34766.23,2023-10-17,22.05,383.34,600.41,434140.18,433539.77,56.55,90,rotation (out of top-N),2024-02-26,32.97,31.18,18.72,34.23,33.59,30.8,,,76.14,,245,5,,-1,
SELL,391,DNTH,2024-02-27,26.53,46572.0,2024-02-06,20.9,486.68,617.78,262200.35,261582.57,26.87,14,rotation (out of top-N),2024-02-26,25.73,19.76,13.4,25.48,23.87,17.99,,,92.09,,35,5,,1.4,
SELL,392,MPTI,2024-02-27,37.99,29855.21,2024-02-13,36.64,546.95,567.1,40304.53,39737.43,3.63,9,rotation (out of top-N),2024-02-26,38.56,36.63,24.11,37.23,37.6,36.82,,,59.9,,999,5,,-1.0,
SELL,389,POWL,2024-02-27,55.53,107.46,2024-02-06,41.88,2.25,2.98,1466.86,1463.88,32.53,14,equal-weight sizing trim,2024-02-26,59.45,42.96,28.27,55.25,50.51,36.12,,,110.26,,483,5,,-1,
SELL,381,PRAX,2024-02-27,49.19,1008.21,2024-01-09,32.45,16.36,24.8,16875.05,16850.25,51.5,33,equal-weight sizing trim,2024-02-26,49.49,38.66,23.25,47.02,42.51,38.48,,,112.86,,70,5,,-0.2,
SELL,383,SMCI,2024-02-27,86.28,306.14,2024-01-23,43.08,6.59,13.21,13225.19,13211.98,100.18,24,equal-weight sizing trim,2024-02-26,90.57,63.76,34.44,87.59,82.71,54.39,87.59,80.65,162.95,7.92,679,5,6,-1,0.0
BUY,401,COIN,2024-03-05,230.25,6895.96,,,793.9,,,,,,,2024-03-04,256.62,175.39,110.21,229.01,194.18,150.2,229.01,216.74,132.85,5.36,357,5,6,-1,0.0
BUY,398,CVNA,2024-03-05,16.1,14276.39,,,114.92,,,,,,,2024-03-04,17.06,12.36,8.52,16.33,14.32,10.47,16.33,15.53,100.34,4.93,273,5,6,-1,0.0
BUY,384,DAVE,2024-03-05,26.67,7714.16,,,102.87,,,,,,,2024-03-04,36.27,21.43,9.56,21.23,23.48,18.24,,,279.25,,91,5,,-0.5,
BUY,400,KYMR,2024-03-05,42.22,37607.65,,,793.9,,,,,,,2024-03-04,43.5,36.22,23.62,42.6,41.63,34.27,,,84.13,,63,5,,-0.0,
BUY,381,PRAX,2024-03-05,53.76,4559.6,,,122.55,,,,,,,2024-03-04,56.04,41.82,24.27,54.39,47.19,41.7,,,130.86,,77,5,,-0.3,
BUY,383,SMCI,2024-03-05,104.03,1022.37,,,53.18,,,,,,,2024-03-04,114.05,72.9,36.74,107.42,88.93,62.1,107.42,99.69,210.43,7.19,686,5,6,-1,0.0
BUY,394,SYRE,2024-03-05,36.29,0.0,,,0.0,,,,,,,2024-03-04,37.98,26.38,16.08,35.02,27.15,24.54,,,136.18,,210,5,,-1,
BUY,399,WGS,2024-03-05,8.8,180328.81,,,793.9,,,,,,,2024-03-04,8.37,5.7,4.39,8.94,7.62,4.78,,,90.76,,14,5,,1.8,
SELL,397,ACMR,2024-03-05,30.83,55835.91,2024-02-27,22.0,614.33,860.71,492751.91,491891.2,40.03,5,rotation (out of top-N),2024-03-04,30.13,23.16,17.07,31.93,26.7,20.44,,,76.55,,266,5,,-1,
SELL,322,ANF,2024-03-05,135.73,9700.79,2023-09-12,65.09,315.72,658.34,685248.24,684589.9,108.42,120,rotation (out of top-N),2024-03-04,118.66,111.19,69.29,137.27,126.46,109.74,,,71.24,,427,5,,-1,
SELL,395,MSTR,2024-03-05,124.32,1368.8,2024-02-27,86.85,59.44,85.08,51288.81,51203.73,43.07,5,equal-weight sizing trim,2024-03-04,142.26,81.54,48.81,134.04,95.07,63.39,,,191.48,,392,5,,-1,
SELL,389,POWL,2024-03-05,59.7,22137.29,2024-02-06,41.88,463.55,660.8,394486.56,393825.76,42.48,19,rotation (out of top-N),2024-03-04,49.82,44.2,29.02,61.18,56.34,39.92,,,71.7,,490,5,,-1,
SELL,396,ROOT,2024-03-05,40.78,18593.8,2024-02-27,21.35,198.49,379.13,361277.48,360898.35,90.91,5,equal-weight sizing trim,2024-03-04,45.8,21.16,11.51,42.01,26.97,12.58,,,298.0,,14,5,,1.8,
SELL,394,SYRE,2024-03-05,36.29,7281.42,2024-02-27,24.06,87.61,132.12,89015.34,88883.22,50.72,5,equal-weight sizing trim,2024-03-04,37.98,26.38,16.08,35.02,27.15,24.54,,,136.18,,210,5,,-1,
BUY,398,CVNA,2024-03-12,15.98,8830.85,,,70.56,,,,,,,2024-03-11,15.92,13.01,8.82,15.62,15.37,11.28,15.62,14.6,80.54,6.52,280,5,6,-1,0.0
BUY,402,DNTH,2024-03-12,25.54,67226.45,,,858.48,,,,,,,2024-03-11,28.2,22.11,14.16,25.01,24.96,21.21,,,99.09,,49,5,,1.2,
BUY,395,MSTR,2024-03-12,153.39,0.0,,,0.0,,,,,,,2024-03-11,177.79,99.04,52.55,148.28,119.73,72.37,,,238.36,,399,5,,-1,
BUY,381,PRAX,2024-03-12,53.33,2662.75,,,71.0,,,,,,,2024-03-11,55.52,44.31,25.29,53.05,52.22,44.15,,,119.5,,84,5,,-0.4,
BUY,396,ROOT,2024-03-12,41.21,2728.13,,,56.21,,,,,,,2024-03-11,52.92,26.94,12.69,42.53,37.43,16.65,,,317.04,,21,5,,1.7,
BUY,399,WGS,2024-03-12,8.81,14649.39,,,64.53,,,,,,,2024-03-11,12.0,6.85,4.53,9.34,8.24,5.37,,,164.89,,21,5,,1.7,
SELL,401,COIN,2024-03-12,257.94,236.19,2024-03-05,230.25,27.19,30.46,6539.99,6509.53,11.97,5,equal-weight sizing trim,2024-03-11,242.43,187.58,114.93,254.17,226.55,161.47,254.17,237.9,110.92,6.4,364,5,6,-1,0.0
SELL,384,DAVE,2024-03-12,34.06,9133.01,2024-01-23,17.62,80.45,155.56,150206.74,150051.18,93.25,34,equal-weight sizing trim,2024-03-11,34.88,23.88,10.3,34.62,30.87,21.51,,,238.8,,98,5,,-0.6,
SELL,400,KYMR,2024-03-12,42.65,37607.65,2024-03-05,42.22,793.9,801.89,15983.25,15181.36,0.96,5,rotation (out of top-N),2024-03-11,40.6,37.02,24.07,42.31,42.2,36.1,,,68.69,,70,5,,-0.2,
SELL,395,MSTR,2024-03-12,153.39,1579.18,2024-02-27,86.85,68.58,121.12,105078.48,104957.37,76.53,10,equal-weight sizing trim,2024-03-11,177.79,99.04,52.55,148.28,119.73,72.37,,,238.36,,399,5,,-1,
SELL,383,SMCI,2024-03-12,112.65,20.78,2024-01-23,47.16,0.49,1.17,1360.93,1359.76,138.74,34,equal-weight sizing trim,2024-03-11,106.97,79.1,38.76,107.99,103.43,71.99,107.99,100.71,175.98,6.74,693,5,6,-1,0.0
SELL,394,SYRE,2024-03-12,39.72,526.55,2024-02-27,24.07,6.34,10.46,8243.19,8232.73,64.97,10,equal-weight sizing trim,2024-03-11,45.28,29.82,17.13,40.97,34.86,26.61,,,164.38,,217,5,,-1,
BUY,403,BMA,2024-03-19,38.8,44234.96,,,858.16,,,,,,,2024-03-18,43.99,32.72,22.51,38.86,35.32,30.05,,,95.42,,455,5,,-1,
BUY,401,COIN,2024-03-19,223.4,1026.26,,,114.63,,,,,,,2024-03-18,255.5,199.93,119.93,239.74,237.11,175.88,239.74,226.76,113.04,5.42,371,5,6,-1,0.0
BUY,384,DAVE,2024-03-19,33.25,1215.96,,,20.22,,,,,,,2024-03-18,40.23,26.85,11.16,33.42,33.12,24.46,,,260.38,,105,5,,-0.8,
BUY,402,DNTH,2024-03-19,26.79,0.0,,,0.0,,,,,,,2024-03-18,31.85,23.88,14.7,26.64,26.52,23.17,,,116.71,,56,5,,1.1,
BUY,395,MSTR,2024-03-19,132.25,1784.36,,,117.99,,,,,,,2024-03-18,153.57,108.96,55.65,150.18,148.53,87.05,,,175.95,,406,5,,-1,
BUY,383,SMCI,2024-03-19,88.63,4123.38,,,182.73,,,,,,,2024-03-18,97.19,82.39,40.61,99.9,107.08,81.57,99.9,92.81,139.31,7.1,700,5,6,-1,0.0
BUY,399,WGS,2024-03-19,9.43,0.0,,,0.0,,,,,,,2024-03-18,8.64,7.17,4.58,9.62,9.75,6.27,,,88.71,,28,5,,1.5,
SELL,398,CVNA,2024-03-19,15.69,107493.86,2024-02-27,14.88,799.82,843.29,86942.62,86099.33,5.38,15,rotation (out of top-N),2024-03-18,17.19,13.77,9.12,16.17,15.64,12.17,16.17,15.41,88.46,4.67,287,5,6,-1,0.0
SELL,402,DNTH,2024-03-19,26.79,3128.85,2024-03-12,25.54,39.96,41.91,3911.06,3869.15,4.84,5,equal-weight sizing trim,2024-03-18,31.85,23.88,14.7,26.64,26.52,23.17,,,116.71,,56,5,,1.1,
SELL,381,PRAX,2024-03-19,54.52,719.53,2024-01-09,37.19,13.38,19.62,12470.84,12451.23,46.53,48,equal-weight sizing trim,2024-03-18,53.62,46.0,26.22,54.61,53.71,45.97,,,104.49,,91,5,,-0.5,
SELL,396,ROOT,2024-03-19,56.45,11263.84,2024-02-27,22.65,127.56,317.92,380720.01,380402.09,149.1,15,equal-weight sizing trim,2024-03-18,53.91,31.84,13.88,59.04,46.17,21.71,,,288.44,,28,5,,1.5,
SELL,394,SYRE,2024-03-19,40.21,543.13,2024-02-27,24.07,6.54,10.92,8768.88,8757.96,67.01,15,equal-weight sizing trim,2024-03-18,41.05,31.86,18.07,39.98,39.78,29.19,,,127.23,,224,5,,-1,
SELL,399,WGS,2024-03-19,9.43,12881.19,2024-03-05,8.81,56.71,60.73,8045.91,7985.17,7.04,10,equal-weight sizing trim,2024-03-18,8.64,7.17,4.58,9.62,9.75,6.27,,,88.71,,28,5,,1.5,
BUY,404,CVNA,2024-03-26,18.16,108163.3,,,982.12,,,,,,,2024-03-25,17.58,14.46,9.45,17.69,16.65,13.21,17.69,17.02,85.96,3.78,294,5,5.5,-1,0.5
BUY,381,PRAX,2024-03-26,61.89,260.09,,,8.05,,,,,,,2024-03-25,60.92,48.72,27.32,50.53,53.2,47.9,,,123.01,,98,5,,-0.6,
BUY,396,ROOT,2024-03-26,57.45,3786.34,,,108.76,,,,,,,2024-03-25,61.35,37.21,15.14,56.14,50.47,27.12,,,305.29,,35,5,,1.4,
BUY,383,SMCI,2024-03-26,107.6,0.0,,,0.0,,,,,,,2024-03-25,101.2,85.81,42.6,104.29,100.84,87.77,104.29,100.29,137.55,3.84,707,5,5.6,-1,0.4
BUY,394,SYRE,2024-03-26,40.31,6044.68,,,121.83,,,,,,,2024-03-25,37.96,32.97,18.76,38.7,39.67,30.75,,,102.35,,231,5,,-1,
BUY,399,WGS,2024-03-26,8.68,44289.61,,,192.22,,,,,,,2024-03-25,9.19,7.54,4.65,8.48,9.05,6.93,,,97.45,,35,5,,1.4,
SELL,403,BMA,2024-03-26,44.5,44234.96,2024-03-19,38.8,858.16,984.23,252139.24,251155.02,14.63,5,rotation (out of top-N),2024-03-25,40.93,34.21,23.05,44.38,40.03,31.97,,,77.55,,462,5,,-1,
SELL,401,COIN,2024-03-26,279.56,656.32,2024-03-05,229.34,75.26,91.74,32963.22,32871.48,21.84,15,equal-weight sizing trim,2024-03-25,265.0,211.76,125.02,279.68,251.99,192.48,279.68,267.27,111.96,4.44,378,5,6.0,-1,0.0
SELL,384,DAVE,2024-03-26,38.92,1156.19,2024-01-23,17.99,10.4,22.5,24208.9,24186.4,116.3,44,equal-weight sizing trim,2024-03-25,37.17,28.73,11.96,39.79,36.06,27.09,,,210.77,,112,5,,-0.9,
SELL,402,DNTH,2024-03-26,31.51,1729.21,2024-03-12,25.54,22.08,27.24,10323.37,10296.13,23.31,10,equal-weight sizing trim,2024-03-25,30.0,24.99,15.18,30.97,28.35,24.6,,,97.64,,63,5,,-0.0,
SELL,395,MSTR,2024-03-26,186.55,2448.82,2024-02-27,93.09,113.98,228.41,228868.28,228639.86,100.3,20,equal-weight sizing trim,2024-03-25,170.43,120.13,59.09,185.71,157.52,101.14,,,188.43,,413,5,,-1,
SELL,383,SMCI,2024-03-26,107.6,1108.38,2024-01-23,55.99,31.03,59.63,57206.44,57146.81,92.09,44,equal-weight sizing trim,2024-03-25,101.2,85.81,42.6,104.29,100.84,87.77,104.29,100.29,137.55,3.84,707,5,5.6,-1,0.4
BUY,405,BMA,2024-04-02,41.23,43723.01,,,901.35,,,,,,,2024-04-01,43.44,35.89,23.64,41.86,41.31,33.39,,,83.77,,469,5,,-1,
BUY,401,COIN,2024-04-02,238.06,546.42,,,65.04,,,,,,,2024-04-01,240.91,217.06,129.25,252.06,255.98,205.48,252.06,240.27,86.38,4.68,385,5,6,-1,0.0
BUY,384,DAVE,2024-04-02,34.95,1117.08,,,19.52,,,,,,,2024-04-01,37.54,30.33,12.77,36.05,37.13,29.15,,,193.97,,119,5,,-1.0,
BUY,395,MSTR,2024-04-02,148.69,1594.56,,,118.55,,,,,,,2024-04-01,143.78,124.43,61.83,163.37,167.63,113.87,,,132.55,,420,5,,-1,
BUY,406,NKTR,2024-04-02,13.6,132551.46,,,901.35,,,,,,,2024-04-01,19.8,13.2,9.45,13.8,13.45,11.86,,,109.46,,49,5,,1.2,
BUY,407,VST,2024-04-02,68.81,26198.22,,,901.35,,,,,,,2024-04-01,74.34,58.99,38.65,70.58,66.81,54.52,70.48,68.82,92.32,2.35,385,5,4.6,-1,1.4
SELL,404,CVNA,2024-04-02,16.73,108163.3,2024-03-26,18.16,982.12,904.79,-154673.52,-155578.31,-7.92,4,rotation (out of top-N),2024-04-01,16.77,14.88,9.74,17.36,17.24,14.12,17.36,16.86,72.11,2.9,301,5,4.9,-1,1.1
SELL,402,DNTH,2024-04-02,28.85,62368.4,2024-03-12,25.54,796.44,899.66,206439.4,205539.73,12.9,14,rotation (out of top-N),2024-04-01,25.05,25.0,15.5,29.64,29.4,25.7,,,61.56,,70,5,,-0.2,
SELL,381,PRAX,2024-04-02,57.69,31753.44,2024-01-09,37.4,593.71,915.93,644427.96,643512.03,54.19,57,rotation (out of top-N),2024-04-01,50.41,49.02,28.15,58.43,56.98,49.7,,,79.09,,105,5,,-0.8,
SELL,396,ROOT,2024-04-02,56.52,2294.88,2024-02-27,26.5,30.41,64.85,68887.71,68822.85,113.16,24,equal-weight sizing trim,2024-04-01,82.85,45.5,16.98,60.2,55.35,32.19,,,387.79,,42,5,,1.3,
SELL,383,SMCI,2024-04-02,100.1,246.2,2024-01-23,55.99,6.89,12.32,10860.73,10848.41,78.7,48,equal-weight sizing trim,2024-04-01,94.67,87.42,44.35,103.71,101.77,92.71,103.71,100.1,113.48,3.48,714,5,5.3,-1,0.7
SELL,394,SYRE,2024-04-02,37.07,95.9,2024-02-27,26.08,1.25,1.78,1054.06,1052.28,42.07,24,equal-weight sizing trim,2024-04-01,36.35,33.58,19.39,36.94,38.4,31.81,,,87.45,,238,5,,-1,
SELL,399,WGS,2024-04-02,8.94,24641.48,2024-03-05,8.78,108.19,110.15,3921.75,3811.6,1.76,19,equal-weight sizing trim,2024-04-01,9.93,7.97,4.75,8.99,9.07,7.45,,,108.9,,42,5,,1.3,
BUY,405,BMA,2024-04-09,44.56,1866.03,,,41.58,,,,,,,2024-04-08,43.7,37.31,24.26,43.48,42.22,35.33,,,80.16,,476,5,,-1,
BUY,401,COIN,2024-04-09,253.4,440.57,,,55.82,,,,,,,2024-04-08,245.78,222.28,133.43,256.85,251.85,221.07,256.85,245.15,84.2,4.55,392,5,6,-1,0.0
BUY,384,DAVE,2024-04-09,38.55,1099.17,,,21.18,,,,,,,2024-04-08,35.37,31.25,13.53,37.78,37.27,31.1,,,161.51,,126,5,,-1,
BUY,395,MSTR,2024-04-09,145.51,1831.1,,,133.22,,,,,,,2024-04-08,148.03,128.72,64.58,151.39,159.04,126.82,,,129.23,,427,5,,-1,
BUY,408,PRAX,2024-04-09,52.78,38470.52,,,1015.24,,,,,,,2024-04-08,54.69,50.05,29.06,53.74,54.3,50.87,,,88.18,,112,5,,-0.9,
BUY,394,SYRE,2024-04-09,38.32,4357.7,,,83.49,,,,,,,2024-04-08,37.48,34.29,20.03,37.1,36.77,33.15,,,87.11,,245,5,,-1,
BUY,409,VST,2024-04-09,74.01,27435.13,,,1015.24,,,,,,,2024-04-08,68.78,60.77,39.72,73.44,70.34,58.17,73.34,71.28,73.14,2.81,392,5,4.9,-1,1.1
SELL,406,NKTR,2024-04-09,19.65,29167.77,2024-04-02,13.6,198.34,286.57,176464.98,176178.41,44.41,5,equal-weight sizing trim,2024-04-08,25.05,15.36,9.87,19.8,16.67,12.9,,,153.75,,56,5,,1.1,
SELL,396,ROOT,2024-04-09,79.37,6315.68,2024-02-27,26.5,83.69,250.64,333897.4,333646.76,199.34,29,equal-weight sizing trim,2024-04-08,66.77,49.37,18.4,78.12,67.32,40.3,,,262.86,,49,5,,1.2,
SELL,383,SMCI,2024-04-09,92.3,18018.0,2024-01-23,55.99,504.39,831.53,654281.21,653449.67,64.78,53,ratchet-ATR exit,2024-04-08,89.82,87.86,45.94,92.9,98.28,96.59,92.9,89.0,95.51,4.2,721,5,5.8,-1,0.2
SELL,407,VST,2024-04-09,74.01,26198.22,2024-04-02,68.81,901.35,969.47,136230.77,135261.3,7.5,5,rotation (out of top-N),2024-04-08,68.78,60.77,39.72,73.44,70.34,58.17,73.34,71.28,73.14,2.81,392,5,4.9,-1,1.1
SELL,399,WGS,2024-04-09,10.35,5465.97,2024-03-05,8.78,24.0,28.29,8576.93,8548.65,17.81,24,equal-weight sizing trim,2024-04-08,9.62,8.27,4.86,10.47,9.5,8.18,,,97.98,,49,5,,1.2,
BUY,405,BMA,2024-04-16,40.41,1541.39,,,31.14,,,,,,,2024-04-15,42.41,38.24,24.84,40.34,42.5,37.42,,,70.71,,483,5,,-1,
BUY,411,COIN,2024-04-16,220.06,8650.46,,,951.81,,,,,,,2024-04-15,210.89,220.21,136.07,223.38,246.32,232.83,223.38,212.08,54.99,5.06,399,5,5.7,-0.7,0.0
BUY,412,FLXS,2024-04-16,37.3,51035.39,,,951.81,,,,,,,2024-04-15,36.0,33.86,23.64,36.88,36.72,34.48,,,52.29,,112,5,,-0.5,
BUY,410,ORKA,2024-04-16,20.59,92453.62,,,951.81,,,,,,,2024-04-15,21.78,15.47,12.59,20.65,18.95,12.97,,,73.04,,14,5,,1.8,
BUY,408,PRAX,2024-04-16,52.17,0.0,,,0.0,,,,,,,2024-04-15,46.86,49.47,29.8,53.33,53.6,52.12,,,57.23,,119,5,,-0.8,
BUY,413,SMCI,2024-04-16,90.0,21151.33,,,951.81,,,,,,,2024-04-15,71.4,84.86,46.99,88.3,93.26,97.44,88.3,85.47,51.95,3.21,728,5,4.7,-0.6,0.9
BUY,409,VST,2024-04-16,67.0,990.83,,,33.19,,,,,,,2024-04-15,64.79,61.5,40.7,67.3,69.45,61.4,67.21,65.11,59.17,3.13,399,5,5.0,-1.0,0.9
SELL,401,COIN,2024-04-16,220.06,8016.71,2024-03-05,231.25,926.94,882.08,-89724.71,-90606.79,-4.89,29,rotation (out of top-N),2024-04-15,210.89,220.21,136.07,223.38,246.32,232.83,223.38,212.08,54.99,5.06,399,5,5.7,-0.7,0.0
SELL,384,DAVE,2024-04-16,35.09,52703.81,2024-01-23,18.77,494.75,924.56,859610.17,858685.62,86.78,58,ratchet-ATR exit,2024-04-15,33.33,31.62,14.22,35.15,36.32,32.95,,,134.34,,133,5,,-1,
SELL,395,MSTR,2024-04-16,130.56,13960.25,2024-02-27,106.32,742.1,911.33,338452.05,337540.73,22.74,34,ratchet-ATR exit,2024-04-15,117.2,126.63,66.36,133.3,150.76,136.41,,,76.6,,434,5,,-1,
SELL,406,NKTR,2024-04-16,23.25,21466.6,2024-04-02,13.6,145.97,249.55,207152.72,206903.17,70.87,10,equal-weight sizing trim,2024-04-15,18.97,16.01,10.14,23.4,20.47,14.32,,,87.08,,63,5,,-0.0,
SELL,408,PRAX,2024-04-16,52.17,1963.47,2024-04-09,52.78,51.82,51.22,-1197.72,-1248.94,-1.21,5,equal-weight sizing trim,2024-04-15,46.86,49.47,29.8,53.33,53.6,52.12,,,57.23,,119,5,,-0.8,
SELL,396,ROOT,2024-04-16,61.52,25595.18,2024-02-27,26.5,339.16,787.37,896421.12,895633.75,132.04,34,ratchet-ATR exit,2024-04-15,51.8,49.81,19.45,63.63,68.37,48.08,,,166.37,,56,5,,1.1,
SELL,394,SYRE,2024-04-16,37.77,2592.78,2024-02-27,27.09,35.11,48.97,27715.55,27666.58,39.4,34,equal-weight sizing trim,2024-04-15,32.2,33.91,20.49,37.24,37.55,35.07,,,57.16,,252,5,,-0.9,
SELL,399,WGS,2024-04-16,9.9,3898.14,2024-03-05,8.78,17.11,19.3,4362.61,4343.32,12.69,29,equal-weight sizing trim,2024-04-15,9.6,8.51,4.93,9.74,10.08,8.98,,,94.78,,56,5,,1.1,
BUY,418,DAVE,2024-04-23,39.2,48297.59,,,946.63,,,,,,,2024-04-22,43.52,33.79,15.17,36.02,35.26,34.26,,,186.82,,140,5,,-1,
BUY,414,MSTR,2024-04-23,129.78,14588.27,,,946.63,,,,,,,2024-04-22,128.17,126.91,68.48,132.14,133.48,143.08,,,87.17,,441,5,,-1,
BUY,406,NKTR,2024-04-23,20.78,9233.85,,,95.94,,,,,,,2024-04-22,19.72,16.69,10.42,20.55,20.28,15.59,,,89.21,,70,5,,-0.2,
BUY,410,ORKA,2024-04-23,22.85,0.0,,,0.0,,,,,,,2024-04-22,22.98,16.84,12.83,22.3,20.62,14.34,,,79.17,,21,5,,1.7,
BUY,419,PI,2024-04-23,121.58,15572.18,,,946.63,,,,,,,2024-04-22,150.91,122.2,86.52,119.79,120.64,119.37,,,74.43,,105,5,,-0.8,
BUY,408,PRAX,2024-04-23,49.65,1647.29,,,40.89,,,,,,,2024-04-22,54.9,50.46,30.77,47.9,50.3,53.12,,,78.44,,126,5,,-1,
BUY,415,ROOT,2024-04-23,56.54,33485.41,,,946.63,,,,,,,2024-04-22,64.52,52.49,20.78,54.3,59.26,53.48,,,210.49,,63,5,,-0.0,
BUY,416,TPC,2024-04-23,13.71,138093.75,,,946.63,,,,,,,2024-04-22,17.75,13.69,9.58,13.5,13.75,13.13,,,85.35,,273,5,,-1,
BUY,417,VRT,2024-04-23,76.71,24680.82,,,946.63,,,,,,,2024-04-22,93.27,77.78,51.95,75.86,79.89,76.98,75.84,72.23,79.54,4.77,539,5,6,-1,0.0
SELL,405,BMA,2024-04-23,46.75,47130.44,2024-04-02,41.34,974.07,1101.67,255210.09,254108.41,13.04,15,rotation (out of top-N),2024-04-22,43.69,39.23,25.42,45.1,42.51,39.08,,,71.89,,490,5,,-1,
SELL,411,COIN,2024-04-23,224.77,8650.46,2024-04-16,220.06,951.81,972.18,40743.66,39771.48,2.09,5,rotation (out of top-N),2024-04-22,236.45,223.16,139.46,225.88,228.42,238.7,225.88,214.12,69.55,5.2,406,5,6,-1,0.0
SELL,412,FLXS,2024-04-23,36.68,51035.39,2024-04-16,37.3,951.81,935.99,-31641.94,-32577.93,-1.71,5,rotation (out of top-N),2024-04-22,36.31,34.31,24.07,36.71,36.49,35.01,,,50.84,,119,5,,-0.5,
SELL,410,ORKA,2024-04-23,22.85,9555.92,2024-04-16,20.59,98.38,109.18,21596.38,21487.2,10.92,5,equal-weight sizing trim,2024-04-22,22.98,16.84,12.83,22.3,20.62,14.34,,,79.17,,21,5,,1.7,
SELL,413,SMCI,2024-04-23,72.71,21151.33,2024-04-16,90.0,951.81,768.96,-365706.56,-366475.52,-19.25,5,ratchet-ATR exit,2024-04-22,85.79,85.03,48.38,71.66,86.65,97.78,71.66,65.62,77.34,8.43,735,5,6,-1,0.0
SELL,394,SYRE,2024-04-23,35.32,50418.86,2024-02-27,27.09,682.81,890.4,415174.15,414283.75,30.34,39,rotation (out of top-N),2024-04-22,33.52,33.84,20.96,33.23,35.31,36.62,,,59.92,,259,5,,-1.0,
SELL,409,VST,2024-04-23,66.67,28425.96,2024-04-09,73.77,1048.43,947.58,-201700.81,-202648.39,-9.66,10,rotation (out of top-N),2024-04-22,71.76,63.37,41.81,65.81,67.15,63.9,65.72,63.33,71.63,3.64,406,5,5.4,-1,0.6
SELL,399,WGS,2024-04-23,10.83,17476.84,2024-03-05,8.78,76.73,94.64,35812.72,35718.08,23.27,34,equal-weight sizing trim,2024-04-22,11.12,8.99,5.01,10.39,9.88,9.36,,,121.98,,63,5,,-0.0,
BUY,420,BMA,2024-04-30,45.58,48067.17,,,1095.45,,,,,,,2024-04-29,51.25,41.41,26.2,45.24,43.14,40.47,,,95.59,,497,5,,-1,
BUY,423,CVNA,2024-04-30,16.39,133673.08,,,1095.45,,,,,,,2024-04-29,24.34,16.84,10.72,16.76,15.6,16.05,16.76,16.18,127.01,3.44,329,5,5.3,-1,0.7
BUY,421,IESC,2024-04-30,134.98,16231.31,,,1095.45,,,,,,,2024-04-29,161.54,124.4,87.04,134.86,126.48,117.96,,,85.59,,497,5,,-1,
BUY,406,NKTR,2024-04-30,21.38,11369.0,,,121.53,,,,,,,2024-04-29,23.25,17.88,10.8,21.98,20.59,16.83,,,115.27,,77,5,,-0.3,
BUY,422,VST,2024-04-30,76.84,28512.52,,,1095.45,,,,,,,2024-04-29,80.33,66.45,43.14,76.96,70.42,66.39,76.85,75.06,86.19,2.33,413,5,4.6,-1,1.4
SELL,418,DAVE,2024-04-30,47.9,2530.85,2024-04-23,39.2,49.6,60.61,22005.74,21945.13,22.12,5,equal-weight sizing trim,2024-04-29,45.13,35.85,16.16,48.03,40.97,36.63,,,179.21,,147,5,,-1,
SELL,414,MSTR,2024-04-30,117.91,14588.27,2024-04-23,129.78,946.63,860.05,-173162.74,-174022.79,-9.19,5,rotation (out of top-N),2024-04-29,121.98,126.01,70.44,129.02,130.08,147.31,,,73.16,,448,5,,-1,
SELL,410,ORKA,2024-04-30,21.56,82897.7,2024-04-16,20.59,853.43,893.64,80410.77,79517.13,4.66,10,rotation (out of top-N),2024-04-29,21.04,17.6,13.02,22.27,22.2,15.94,,,61.56,,28,5,,1.5,
SELL,419,PI,2024-04-30,155.9,1511.9,2024-04-23,121.58,91.91,117.85,51888.29,51770.44,28.16,5,equal-weight sizing trim,2024-04-29,161.37,129.32,88.87,157.35,136.31,123.74,,,81.58,,112,5,,-0.9,
SELL,408,PRAX,2024-04-30,58.18,38154.33,2024-04-09,52.64,1004.31,1109.91,211197.61,210087.7,10.46,15,rotation (out of top-N),2024-04-29,54.73,51.24,31.77,56.94,52.4,53.74,,,72.27,,133,5,,-1,
SELL,415,ROOT,2024-04-30,66.51,528.0,2024-04-23,56.54,14.93,17.56,5264.14,5246.58,17.57,5,equal-weight sizing trim,2024-04-29,56.1,53.14,21.93,66.7,61.85,57.62,,,155.83,,70,5,,-0.2,
SELL,416,TPC,2024-04-30,17.39,12044.43,2024-04-23,13.71,82.56,104.73,44323.49,44218.76,26.78,5,equal-weight sizing trim,2024-04-29,17.95,14.46,9.82,17.68,15.11,13.8,,,82.8,,280,5,,-1,
SELL,417,VRT,2024-04-30,93.83,24680.82,2024-04-23,76.71,946.63,1157.9,422535.56,421377.66,22.26,5,rotation (out of top-N),2024-04-29,92.78,80.51,53.62,94.58,86.16,79.61,94.56,91.63,73.03,3.1,546,5,5.1,-1,0.9
SELL,399,WGS,2024-04-30,14.62,24972.75,2024-03-05,8.78,109.64,182.55,145819.68,145637.13,66.42,39,equal-weight sizing trim,2024-04-29,19.65,10.93,5.32,10.94,10.8,9.77,,,269.19,,70,5,,-0.2,
BUY,424,BLBD,2024-05-07,36.88,69036.9,,,1272.87,,,,,,,2024-05-06,48.75,36.86,26.61,36.63,34.79,35.21,,,83.23,,140,5,,-1,
BUY,418,DAVE,2024-05-07,52.84,2429.79,,,64.2,,,,,,,2024-05-06,49.68,38.36,17.23,46.44,43.56,38.18,,,188.35,,154,5,,-1,
BUY,406,NKTR,2024-05-07,24.6,1016.52,,,12.5,,,,,,,2024-05-06,26.4,19.43,11.26,24.3,22.68,18.09,,,134.48,,84,5,,-0.4,
BUY,415,ROOT,2024-05-07,56.22,12340.74,,,346.9,,,,,,,2024-05-06,64.35,55.18,23.28,56.58,60.87,59.96,,,176.38,,77,5,,-0.3,
BUY,416,TPC,2024-05-07,18.54,11324.15,,,104.97,,,,,,,2024-05-06,18.78,15.25,10.09,18.37,16.67,14.51,,,86.15,,287,5,,-1,
BUY,422,VST,2024-05-07,81.99,2551.09,,,104.58,,,,,,,2024-05-06,92.28,71.15,44.76,82.09,75.95,68.85,81.98,79.64,106.18,2.85,420,5,4.9,-1,1.1
SELL,420,BMA,2024-05-07,54.91,1682.01,2024-04-30,45.58,38.33,46.18,15693.15,15646.97,20.41,5,equal-weight sizing trim,2024-05-06,53.13,43.54,27.04,54.67,47.59,42.41,,,96.48,,504,5,,-1,
SELL,423,CVNA,2024-05-07,24.78,30888.2,2024-04-30,16.39,253.13,382.7,259151.99,258769.29,51.11,5,equal-weight sizing trim,2024-05-06,23.35,18.02,11.08,24.6,19.74,16.7,24.6,23.41,110.77,4.83,336,5,6,-1,0.0
SELL,421,IESC,2024-05-07,170.12,1259.03,2024-04-30,134.98,84.97,107.09,44235.92,44128.83,25.97,5,equal-weight sizing trim,2024-05-06,182.2,134.91,89.94,168.32,141.82,122.13,,,102.59,,504,5,,-1,
SELL,419,PI,2024-05-07,162.48,14060.28,2024-04-23,121.58,854.72,1142.26,575065.49,573923.24,33.57,10,rotation (out of top-N),2024-05-06,160.19,134.94,91.35,163.32,151.46,129.52,,,75.36,,119,5,,-1.0,
SELL,399,WGS,2024-05-07,20.02,22708.2,2024-03-05,8.78,99.7,227.31,255220.98,254993.67,127.88,44,equal-weight sizing trim,2024-05-06,20.72,12.71,5.66,19.56,16.27,11.13,,,266.06,,77,5,,-0.3,
BUY,420,BMA,2024-05-14,52.25,5326.11,,,139.14,,,,,,,2024-05-13,55.27,45.68,27.91,52.27,51.26,44.71,,,98.02,,511,5,,-1,
BUY,423,CVNA,2024-05-14,24.44,7769.87,,,94.95,,,,,,,2024-05-13,23.51,19.02,11.46,23.4,22.08,17.67,23.4,22.61,105.13,3.39,343,5,5.3,-1,0.7
BUY,418,DAVE,2024-05-14,49.93,5917.35,,,147.73,,,,,,,2024-05-13,49.85,40.45,18.29,48.84,47.97,40.19,,,172.49,,161,5,,-1,
BUY,425,MSTR,2024-05-14,123.9,21797.43,,,1350.35,,,,,,,2024-05-13,158.25,130.78,75.46,124.49,122.77,140.43,,,109.7,,462,5,,-1,
BUY,416,TPC,2024-05-14,18.87,5816.68,,,54.88,,,,,,,2024-05-13,19.62,16.04,10.36,18.73,17.94,15.26,,,89.37,,294,5,,-1,
SELL,424,BLBD,2024-05-14,49.03,13926.7,2024-05-07,36.88,256.77,341.41,169279.07,168937.66,32.9,5,equal-weight sizing trim,2024-05-13,53.09,39.81,27.41,48.75,41.28,36.6,,,93.72,,147,5,,-1,
SELL,421,IESC,2024-05-14,161.5,14972.28,2024-04-30,134.98,1010.48,1209.01,397064.86,395855.85,19.59,10,rotation (out of top-N),2024-05-13,159.15,139.31,92.16,163.29,161.82,131.01,,,72.69,,511,5,,-1,
SELL,406,NKTR,2024-05-14,26.55,1764.21,2024-04-02,15.2,13.41,23.42,20019.12,19995.7,74.55,30,equal-weight sizing trim,2024-05-13,26.33,20.68,11.56,26.33,24.23,19.57,,,127.69,,91,5,,-0.5,
SELL,415,ROOT,2024-05-14,63.57,2792.99,2024-04-23,56.45,78.84,88.78,19878.23,19789.45,12.55,15,equal-weight sizing trim,2024-05-13,65.77,57.11,24.69,63.68,63.37,62.25,,,166.37,,84,5,,-0.4,
SELL,422,VST,2024-05-14,87.76,274.48,2024-04-30,77.26,10.6,12.04,2881.25,2869.21,13.53,10,equal-weight sizing trim,2024-05-13,92.83,75.09,46.35,88.98,84.32,72.43,88.86,86.26,100.3,2.93,427,5,5.0,-1,1.0
SELL,399,WGS,2024-05-14,23.02,9844.74,2024-03-05,8.78,43.22,113.31,140180.75,140067.43,162.03,49,equal-weight sizing trim,2024-05-13,22.34,14.46,6.09,23.4,19.27,12.38,,,266.92,,84,5,,-0.4,
BUY,423,CVNA,2024-05-21,23.49,10087.63,,,118.48,,,,,,,2024-05-20,21.85,19.53,11.81,23.5,23.11,18.55,23.5,22.9,85.0,2.56,350,5,4.7,-1,1.3
BUY,418,DAVE,2024-05-21,45.7,7902.27,,,180.55,,,,,,,2024-05-20,42.02,40.74,19.17,46.83,48.53,41.85,,,119.19,,168,5,,-1,
BUY,425,MSTR,2024-05-21,171.41,0.0,,,0.0,,,,,,,2024-05-20,168.11,137.57,78.85,172.39,142.87,140.27,,,113.21,,469,5,,-1,
BUY,406,NKTR,2024-05-21,25.73,8367.68,,,107.65,,,,,,,2024-05-20,24.75,21.42,11.9,26.4,25.78,21.26,,,107.91,,98,5,,-0.6,
BUY,415,ROOT,2024-05-21,64.64,1340.51,,,43.32,,,,,,,2024-05-20,55.63,56.84,25.85,63.66,63.28,63.52,,,115.24,,91,5,,-0.5,
BUY,426,VRT,2024-05-21,96.47,29362.4,,,1416.3,,,,,,,2024-05-20,105.93,89.31,58.49,99.07,97.04,87.82,99.05,96.83,81.09,2.24,567,5,4.5,-1,1.5
BUY,422,VST,2024-05-21,90.7,456.61,,,20.71,,,,,,,2024-05-20,100.76,79.76,48.14,90.28,89.19,75.81,90.15,87.74,109.3,2.67,434,5,4.8,-1,1.2
BUY,399,WGS,2024-05-21,21.59,13909.79,,,150.12,,,,,,,2024-05-20,20.64,15.58,6.48,21.75,21.12,14.04,,,218.26,,91,5,,-0.5,
SELL,424,BLBD,2024-05-21,55.31,3871.58,2024-05-07,36.88,71.38,107.07,71372.6,71265.53,49.92,10,equal-weight sizing trim,2024-05-20,54.63,42.5,28.23,55.57,48.89,38.86,,,93.53,,154,5,,-1,
SELL,420,BMA,2024-05-21,56.75,51711.27,2024-04-30,46.27,1196.26,1467.31,542089.77,540622.47,22.6,15,rotation (out of top-N),2024-05-20,49.63,46.4,28.69,56.3,54.06,46.52,,,72.98,,518,5,,-1,
SELL,425,MSTR,2024-05-21,171.41,5263.93,2024-05-14,123.9,326.1,451.15,250089.3,249638.15,38.28,5,equal-weight sizing trim,2024-05-20,168.11,137.57,78.85,172.39,142.87,140.27,,,113.21,,469,5,,-1,
SELL,416,TPC,2024-05-21,19.97,1276.88,2024-04-23,14.3,9.13,12.75,7237.9,7225.15,39.57,20,equal-weight sizing trim,2024-05-20,21.59,17.05,10.69,20.02,19.05,16.04,,,101.93,,301,5,,-1,
BUY,427,ANF,2024-06-04,171.04,15142.98,,,1295.07,,,,,,,2024-06-03,175.34,144.2,100.04,174.87,162.26,131.83,,,75.26,,518,5,,-1,
BUY,428,ASTS,2024-06-04,8.32,311313.88,,,1295.07,,,,,,,2024-06-03,8.62,4.97,3.92,8.39,6.59,3.35,,,120.0,,7,5,,1.9,
BUY,432,CVNA,2024-06-04,19.73,131278.84,,,1295.07,,,,,,,2024-06-03,21.32,19.93,12.38,19.79,21.19,19.48,19.79,19.09,72.16,3.54,364,5,5.4,-1,0.6
BUY,431,INOD,2024-06-04,14.36,180371.28,,,1295.07,,,,,,,2024-06-03,14.57,10.65,8.42,14.35,12.72,8.89,,,73.04,,14,5,,1.8,
BUY,429,INSM,2024-06-04,56.36,45956.91,,,1295.07,,,,,,,2024-06-03,56.84,35.43,28.0,56.01,43.46,29.15,,,103.01,,7,5,,1.9,
BUY,430,NVDA,2024-06-04,115.64,22398.23,,,1295.07,,,,,,,2024-06-03,120.77,98.41,67.05,114.93,106.88,91.81,114.8,111.28,80.12,3.07,504,5,5.0,-1,1.0
SELL,424,BLBD,2024-06-04,54.87,4005.83,2024-05-07,36.87,73.86,109.89,72064.83,71954.94,48.71,19,equal-weight sizing trim,2024-06-03,56.29,47.17,29.97,55.89,54.52,42.85,,,87.8,,168,5,,-1,
SELL,423,CVNA,2024-06-04,19.73,120642.38,2024-04-30,17.5,1055.75,1190.14,268775.92,267585.78,12.67,24,rotation (out of top-N),2024-06-03,21.32,19.93,12.38,19.79,21.19,19.48,19.79,19.09,72.16,3.54,364,5,5.4,-1,0.6
SELL,418,DAVE,2024-06-04,36.47,62016.14,2024-04-23,41.59,1289.5,1130.86,-317276.87,-318407.73,-12.35,29,ratchet-ATR exit,2024-06-03,38.01,40.88,20.89,37.97,44.08,43.14,,,81.96,,182,5,,-1,
SELL,425,MSTR,2024-06-04,162.76,611.74,2024-05-14,123.9,37.9,49.78,23772.04,23722.26,31.3,14,equal-weight sizing trim,2024-06-03,160.0,143.86,84.94,160.34,157.04,138.45,,,88.37,,483,5,,-1,
SELL,406,NKTR,2024-06-04,20.48,110139.93,2024-04-02,16.0,881.25,1127.83,493158.55,492030.71,27.92,44,rotation (out of top-N),2024-06-03,18.9,20.63,12.39,21.08,22.25,22.9,,,52.5,,112,5,,-0.5,
SELL,415,ROOT,2024-06-04,48.35,43845.67,2024-04-23,56.7,1243.09,1059.97,-366241.87,-367301.84,-14.77,29,ratchet-ATR exit,2024-06-03,49.48,54.61,27.79,47.99,54.61,61.47,,,78.03,,105,5,,-0.8,
SELL,416,TPC,2024-06-04,21.22,19791.35,2024-04-23,14.3,141.52,209.99,136924.71,136714.72,48.3,29,equal-weight sizing trim,2024-06-03,19.86,18.3,11.29,21.56,21.25,17.55,,,75.85,,315,5,,-1,
SELL,426,VRT,2024-06-04,93.68,29362.4,2024-05-21,96.47,1416.3,1375.34,-81921.11,-83296.44,-2.94,9,rotation (out of top-N),2024-06-03,87.49,90.25,61.2,95.85,99.78,92.11,95.83,91.02,42.96,5.02,581,5,5.1,-0.1,0.0
SELL,422,VST,2024-06-04,91.16,31245.73,2024-04-30,77.46,1210.14,1424.18,428088.24,426664.06,17.63,24,rotation (out of top-N),2024-06-03,83.9,83.19,51.18,91.97,96.75,82.1,91.84,86.67,63.93,5.63,448,5,6,-1,0.0
SELL,399,WGS,2024-06-04,21.25,9338.78,2024-03-05,10.14,47.34,99.22,103777.89,103678.67,109.51,63,equal-weight sizing trim,2024-06-03,25.07,17.91,7.38,21.41,20.65,16.59,,,239.59,,105,5,,-0.8,
BUY,428,ASTS,2024-06-11,8.45,7773.23,,,32.84,,,,,,,2024-06-10,10.21,5.92,4.08,8.49,7.96,4.17,,,150.52,,14,5,,1.8,
BUY,424,BLBD,2024-06-11,55.69,1183.19,,,32.95,,,,,,,2024-06-10,55.8,48.74,30.83,56.28,55.72,45.35,,,80.98,,175,5,,-1,
BUY,433,BMA,2024-06-11,49.65,54279.37,,,1347.49,,,,,,,2024-06-10,54.22,49.37,31.16,50.65,51.54,49.71,,,73.98,,539,5,,-1,
BUY,434,DAVE,2024-06-11,35.21,76539.93,,,1347.49,,,,,,,2024-06-10,37.2,40.21,21.65,36.66,39.59,43.2,,,71.84,,189,5,,-1,
BUY,435,TMDX,2024-06-11,143.56,18772.44,,,1347.49,,,,,,,2024-06-10,141.88,124.33,83.28,144.64,137.39,120.98,,,70.36,,168,5,,-1,
SELL,427,ANF,2024-06-11,186.62,694.8,2024-06-04,171.04,59.42,64.83,10821.58,10756.75,9.05,5,equal-weight sizing trim,2024-06-10,186.0,151.8,103.36,185.02,171.68,139.36,,,79.95,,525,5,,-1,
SELL,432,CVNA,2024-06-11,21.18,131278.84,2024-06-04,19.73,1295.07,1390.24,190354.32,188964.08,7.3,5,rotation (out of top-N),2024-06-10,20.6,20.05,12.66,21.62,21.12,20.08,21.62,20.58,62.67,4.82,371,5,6,-1,0.0
SELL,431,INOD,2024-06-11,15.01,736.43,2024-06-04,14.36,5.29,5.53,478.68,473.15,4.47,5,equal-weight sizing trim,2024-06-10,15.17,11.47,8.55,15.88,14.25,9.96,,,77.47,,21,5,,1.7,
SELL,429,INSM,2024-06-11,59.7,796.22,2024-06-04,56.36,22.44,23.77,2663.36,2639.59,5.88,5,equal-weight sizing trim,2024-06-10,63.91,40.61,28.94,59.91,52.64,32.86,,,120.84,,14,5,,1.8,
SELL,425,MSTR,2024-06-11,153.52,15921.77,2024-05-14,123.9,986.35,1222.16,471602.82,470380.66,23.84,19,rotation (out of top-N),2024-06-10,149.32,144.86,87.78,159.98,160.83,140.05,,,70.1,,490,5,,-1,
SELL,430,NVDA,2024-06-11,121.72,246.42,2024-06-04,115.64,14.25,15.0,1498.21,1483.21,5.21,5,equal-weight sizing trim,2024-06-10,131.91,104.5,69.21,121.86,115.71,95.92,121.72,118.44,90.59,2.7,511,5,4.8,-1,1.2
SELL,416,TPC,2024-06-11,19.59,122121.92,2024-04-23,14.3,873.27,1196.18,645830.93,644634.75,36.91,34,ratchet-ATR exit,2024-06-10,20.66,18.73,11.61,19.62,20.6,18.28,,,78.03,,322,5,,-1,
SELL,399,WGS,2024-06-11,25.24,15122.3,2024-03-05,10.14,76.65,190.84,228385.59,228194.75,148.85,68,equal-weight sizing trim,2024-06-10,28.77,19.88,7.99,25.88,23.87,18.46,,,260.11,,112,5,,-0.9,
BUY,427,ANF,2024-06-18,184.08,1468.82,,,135.19,,,,,,,2024-06-17,174.39,155.91,106.41,186.03,181.97,148.83,,,63.88,,532,5,,-1,
BUY,424,BLBD,2024-06-18,55.87,4027.63,,,112.51,,,,,,,2024-06-17,53.77,49.65,31.68,55.77,56.12,48.07,,,69.7,,182,5,,-1,
BUY,438,CVNA,2024-06-18,21.59,135649.47,,,1464.34,,,,,,,2024-06-17,22.59,20.51,12.97,21.79,21.28,20.99,21.79,21.1,74.21,3.19,378,5,5.1,-1,0.9
BUY,434,DAVE,2024-06-18,37.69,1202.56,,,22.66,,,,,,,2024-06-17,39.57,40.09,22.48,37.94,38.03,43.51,,,76.0,,196,5,,-1,
BUY,437,FTAI,2024-06-18,87.85,33337.19,,,1464.34,,,,,,,2024-06-17,91.17,79.31,55.38,87.84,83.48,77.93,,,64.64,,546,5,,-1,
BUY,429,INSM,2024-06-18,64.1,551.0,,,17.66,,,,,,,2024-06-17,68.06,45.6,29.98,64.73,59.26,37.49,,,127.04,,21,5,,1.7,
BUY,430,NVDA,2024-06-18,131.1,198.48,,,13.01,,,,,,,2024-06-17,126.79,108.55,71.28,131.04,123.93,101.42,130.88,127.75,77.86,2.39,518,5,4.6,-1,1.4
BUY,436,TPC,2024-06-18,21.13,138602.56,,,1464.34,,,,,,,2024-06-17,21.62,19.25,11.95,21.08,20.35,19.1,,,80.94,,329,5,,-1,
SELL,428,ASTS,2024-06-18,12.4,82785.74,2024-06-04,8.32,344.52,513.27,337503.63,336990.36,48.91,10,equal-weight sizing trim,2024-06-17,10.09,6.68,4.23,11.75,9.56,5.2,,,138.34,,21,5,,1.7,
SELL,433,BMA,2024-06-18,55.29,54279.37,2024-06-11,49.65,1347.49,1500.55,306135.66,304635.11,11.3,5,rotation (out of top-N),2024-06-17,50.37,49.55,31.94,54.26,52.37,51.1,,,57.68,,546,5,,-0.9,
SELL,431,INOD,2024-06-18,14.84,179634.84,2024-06-04,14.36,1289.78,1332.89,86224.73,84891.83,3.29,10,rotation (out of top-N),2024-06-17,13.38,11.82,8.68,15.1,15.0,11.16,,,54.06,,28,5,,1.8,
SELL,435,TMDX,2024-06-18,142.16,18772.44,2024-06-11,143.56,1347.49,1334.3,-26375.27,-27709.57,-1.03,5,rotation (out of top-N),2024-06-17,138.99,127.0,85.27,143.08,140.42,127.61,,,63.01,,175,5,,-1,
SELL,399,WGS,2024-06-18,27.72,1122.42,2024-03-05,10.14,5.69,15.56,19734.97,19719.41,173.31,73,equal-weight sizing trim,2024-06-17,27.46,21.26,8.57,27.82,26.49,20.75,,,220.55,,119,5,,-1.0,
BUY,428,ASTS,2024-06-25,10.05,51091.54,,,256.73,,,,,,,2024-06-24,11.59,7.57,4.43,10.32,10.16,6.06,,,161.89,,28,5,,1.5,
BUY,437,FTAI,2024-06-25,90.91,0.0,,,0.0,,,,,,,2024-06-24,101.39,83.32,57.09,89.85,87.54,79.93,,,77.59,,553,5,,-1,
BUY,440,INOD,2024-06-25,13.69,210969.05,,,1443.56,,,,,,,2024-06-24,14.83,12.36,8.86,13.6,14.21,11.93,,,67.32,,35,5,,1.4,
BUY,442,ORKA,2024-06-25,22.3,129466.88,,,1443.56,,,,,,,2024-06-24,24.65,21.54,14.84,22.23,21.61,21.81,,,66.15,,84,5,,-0.4,
BUY,439,ROOT,2024-06-25,44.65,64660.95,,,1443.56,,,,,,,2024-06-24,51.63,51.15,30.47,43.99,45.36,55.54,,,69.47,,126,5,,-1,
BUY,441,TMDX,2024-06-25,141.25,20440.45,,,1443.56,,,,,,,2024-06-24,150.48,131.27,87.64,140.46,141.2,132.97,,,71.7,,182,5,,-1,
SELL,427,ANF,2024-06-25,170.75,15917.0,2024-06-04,172.25,1370.83,1358.87,-23921.23,-25280.1,-0.92,14,rotation (out of top-N),2024-06-24,177.8,159.89,109.59,170.0,178.24,154.84,,,62.24,,539,5,,-1,
SELL,424,BLBD,2024-06-25,53.94,52443.61,2024-05-07,38.76,1016.31,1414.4,796183.72,794769.32,39.1,33,rotation (out of top-N),2024-06-24,53.83,50.41,32.54,52.86,55.13,50.06,,,65.42,,189,5,,-1,
SELL,438,CVNA,2024-06-25,23.67,13615.01,2024-06-18,21.59,146.97,161.13,28319.22,28158.09,9.58,4,equal-weight sizing trim,2024-06-24,25.72,21.46,13.4,23.91,22.13,21.76,23.91,23.24,91.93,2.78,385,5,4.9,-1,1.1
SELL,434,DAVE,2024-06-25,37.15,77742.49,2024-06-11,35.25,1370.15,1444.07,147838.08,146394.01,5.34,9,rotation (out of top-N),2024-06-24,30.2,38.29,23.08,37.7,38.25,43.28,,,30.87,,203,5,,0.5,
SELL,437,FTAI,2024-06-25,90.91,1563.39,2024-06-18,87.85,68.67,71.06,4783.99,4712.92,3.43,4,equal-weight sizing trim,2024-06-24,101.39,83.32,57.09,89.85,87.54,79.93,,,77.59,,553,5,,-1,
SELL,429,INSM,2024-06-25,69.48,4140.77,2024-06-04,56.45,116.88,143.86,53961.25,53817.39,23.02,14,equal-weight sizing trim,2024-06-24,66.99,49.49,31.0,68.44,63.53,41.66,,,116.12,,28,5,,1.5,
SELL,430,NVDA,2024-06-25,121.14,22350.3,2024-06-04,115.78,1293.83,1353.76,119858.1,118504.34,4.58,14,ratchet-ATR exit,2024-06-24,123.37,111.25,73.33,118.02,125.26,106.1,116.53,112.26,68.24,3.67,525,5,5.4,-1,0.6
SELL,436,TPC,2024-06-25,21.75,5795.4,2024-06-18,21.13,61.23,63.02,3593.15,3530.12,2.88,4,equal-weight sizing trim,2024-06-24,21.72,19.7,12.3,21.85,21.14,19.9,,,76.63,,336,5,,-1,
SELL,399,WGS,2024-06-25,27.79,1762.53,2024-03-05,10.14,8.93,24.49,31113.23,31088.74,174.0,77,equal-weight sizing trim,2024-06-24,26.17,22.15,9.13,27.4,26.95,22.35,,,186.61,,126,5,,-1,
BUY,438,CVNA,2024-07-02,24.95,960.44,,,11.98,,,,,,,2024-07-01,25.61,22.21,13.83,24.87,24.31,22.69,24.87,23.59,85.17,5.16,392,5,6,-1,0.0
BUY,443,HUT,2024-07-02,15.21,201656.84,,,1533.6,,,,,,,2024-07-01,16.48,11.84,9.92,15.22,13.85,10.39,,,66.02,,14,5,,1.8,
BUY,429,INSM,2024-07-02,66.31,4708.82,,,156.11,,,,,,,2024-07-01,69.97,53.21,32.12,66.3,66.01,46.99,,,117.87,,35,5,,1.4,
BUY,444,NVDA,2024-07-02,121.07,25334.11,,,1533.6,,,,,,,2024-07-01,125.79,113.89,75.39,124.13,124.78,110.93,123.99,120.05,66.86,3.18,532,5,5.1,-1,0.9
BUY,441,TMDX,2024-07-02,148.09,280.8,,,20.79,,,,,,,2024-07-01,152.37,135.1,90.08,150.19,145.75,138.31,,,69.14,,189,5,,-1,
BUY,436,TPC,2024-07-02,21.1,12624.2,,,133.19,,,,,,,2024-07-01,21.07,19.95,12.63,21.05,21.43,20.46,,,66.84,,343,5,,-1,
BUY,399,WGS,2024-07-02,28.65,3167.31,,,45.37,,,,,,,2024-07-01,28.93,23.39,9.76,28.69,27.05,23.73,,,196.35,,133,5,,-1,
SELL,428,ASTS,2024-07-02,10.69,326.98,2024-06-04,8.63,1.41,1.75,673.54,671.79,23.81,19,equal-weight sizing trim,2024-07-01,12.39,8.45,4.64,10.84,10.83,7.18,,,167.0,,35,5,,1.4,
SELL,437,FTAI,2024-07-02,102.56,1852.43,2024-06-18,87.85,81.37,94.99,27249.29,27154.3,16.69,9,equal-weight sizing trim,2024-07-01,103.9,87.06,58.83,103.15,95.96,83.61,,,76.61,,560,5,,-1,
SELL,440,INOD,2024-07-02,15.68,210969.05,2024-06-25,13.69,1443.56,1654.0,420883.25,419229.25,14.52,5,rotation (out of top-N),2024-07-01,14.91,12.83,9.02,15.43,14.53,12.99,,,65.25,,42,5,,1.3,
SELL,442,ORKA,2024-07-02,24.59,129466.88,2024-06-25,22.3,1443.56,1591.8,296479.15,294887.36,10.21,5,rotation (out of top-N),2024-07-01,22.39,21.7,15.07,24.4,22.99,22.01,,,48.56,,91,5,,0.1,
SELL,439,ROOT,2024-07-02,50.33,3682.61,2024-06-25,44.65,82.21,92.66,20898.83,20806.16,12.65,5,equal-weight sizing trim,2024-07-01,55.98,52.03,31.63,51.55,48.27,53.52,,,76.99,,133,5,,-1,
BUY,438,CVNA,2024-07-09,24.5,10306.84,,,126.26,,,,,,,2024-07-08,27.24,23.13,14.32,24.46,24.8,22.84,24.46,23.65,90.18,3.31,399,5,5.2,-1,0.8
BUY,445,INOD,2024-07-09,17.34,188203.29,,,1632.19,,,,,,,2024-07-08,16.95,13.58,9.23,16.85,15.12,13.77,,,83.57,,49,5,,1.2,
BUY,429,INSM,2024-07-09,70.06,340.87,,,11.94,,,,,,,2024-07-08,76.69,57.48,33.42,70.02,66.69,51.07,,,129.45,,42,5,,1.3,
BUY,446,LNTH,2024-07-09,78.61,41526.35,,,1632.19,,,,,,,2024-07-08,123.4,85.41,68.61,78.81,79.55,80.07,,,79.86,,63,5,,-0.0,
BUY,436,TPC,2024-07-09,21.64,5490.99,,,59.41,,,,,,,2024-07-08,23.79,20.65,13.03,21.46,21.4,20.77,,,82.51,,350,5,,-1,
BUY,399,WGS,2024-07-09,27.91,9905.14,,,138.23,,,,,,,2024-07-08,32.78,25.09,10.5,28.07,27.7,24.61,,,212.18,,140,5,,-1,
SELL,428,ASTS,2024-07-09,12.05,16027.01,2024-06-04,8.63,69.16,96.56,54809.88,54713.32,39.56,23,equal-weight sizing trim,2024-07-08,12.98,9.27,4.87,12.11,11.35,8.11,,,166.42,,42,5,,1.3,
SELL,437,FTAI,2024-07-09,103.46,29921.36,2024-06-18,87.85,1314.3,1547.83,467072.45,465524.62,17.71,13,rotation (out of top-N),2024-07-08,95.89,88.67,60.39,104.61,100.82,86.45,,,58.79,,567,5,,-0.9,
SELL,443,HUT,2024-07-09,17.69,17031.68,2024-07-02,15.21,129.53,150.65,42238.57,42087.92,16.25,4,equal-weight sizing trim,2024-07-08,16.95,12.77,10.09,17.48,15.36,11.19,,,67.91,,21,5,,1.7,
SELL,444,NVDA,2024-07-09,130.34,276.42,2024-07-02,121.07,16.73,18.01,2562.42,2544.4,7.6,4,equal-weight sizing trim,2024-07-08,129.44,116.72,77.48,128.14,125.74,114.51,127.99,124.88,67.06,2.43,539,5,4.6,-1,1.4
SELL,439,ROOT,2024-07-09,61.09,7515.92,2024-06-25,44.65,167.79,229.57,123561.75,123332.17,36.75,9,equal-weight sizing trim,2024-07-08,69.44,55.2,33.12,60.15,52.9,53.18,,,109.65,,140,5,,-1,
SELL,441,TMDX,2024-07-09,150.5,20721.25,2024-06-25,141.34,1464.35,1559.33,189955.31,188395.98,6.43,9,rotation (out of top-N),2024-07-08,142.07,136.37,92.34,149.14,148.17,140.44,,,53.86,,196,5,,-0.7,
BUY,428,ASTS,2024-07-16,13.59,15974.66,,,108.55,,,,,,,2024-07-15,12.85,9.92,5.12,13.48,12.16,9.37,,,151.14,,49,5,,1.2,
BUY,438,CVNA,2024-07-16,28.58,3177.53,,,45.41,,,,,,,2024-07-15,26.01,23.65,14.8,28.43,26.14,23.18,28.43,27.21,75.69,4.28,406,5,5.9,-1,0.1
BUY,443,HUT,2024-07-16,19.75,12918.3,,,127.54,,,,,,,2024-07-15,19.5,13.99,10.37,19.99,16.42,12.26,,,88.09,,28,5,,1.5,
BUY,445,INOD,2024-07-16,20.73,5.31,,,0.06,,,,,,,2024-07-15,17.65,14.32,9.5,20.12,16.82,14.55,,,85.72,,56,5,,1.1,
BUY,429,INSM,2024-07-16,78.56,3029.39,,,118.99,,,,,,,2024-07-15,75.88,60.82,34.7,77.36,72.3,57.21,,,118.66,,49,5,,1.2,
BUY,447,MSTR,2024-07-16,161.1,24200.33,,,1949.34,,,,,,,2024-07-15,177.89,147.63,101.96,161.01,140.21,150.6,,,74.47,,525,5,,-1,
BUY,436,TPC,2024-07-16,24.15,10588.84,,,127.86,,,,,,,2024-07-15,23.65,21.19,13.44,24.62,22.63,21.26,,,75.93,,357,5,,-1,
SELL,446,LNTH,2024-07-16,125.65,10482.79,2024-07-09,78.61,412.03,658.58,493110.27,492451.69,59.76,5,equal-weight sizing trim,2024-07-15,116.74,91.11,69.84,123.27,101.89,84.22,,,67.15,,70,5,,-0.2,
SELL,444,NVDA,2024-07-16,128.35,25057.69,2024-07-02,121.07,1516.87,1608.08,182419.97,180811.89,5.96,9,rotation (out of top-N),2024-07-15,117.95,116.94,79.29,128.36,128.32,119.42,128.21,124.58,48.75,2.83,546,5,4.3,-0.4,1.1
SELL,439,ROOT,2024-07-16,76.14,2229.43,2024-06-25,44.65,49.77,84.87,70193.7,70108.83,70.43,14,equal-weight sizing trim,2024-07-15,77.19,59.2,34.81,76.0,62.78,53.57,,,121.78,,147,5,,-1,
SELL,399,WGS,2024-07-16,35.5,7138.01,2024-03-05,12.14,43.34,126.7,166722.83,166596.13,192.2,91,equal-weight sizing trim,2024-07-15,31.86,26.32,11.22,34.42,30.99,25.99,,,184.05,,147,5,,-1,
BUY,450,ANAB,2024-07-23,23.88,156395.98,,,1867.37,,,,,,,2024-07-22,24.66,19.06,15.11,23.79,21.47,17.34,,,63.25,,196,5,,-1,
BUY,428,ASTS,2024-07-23,12.86,3544.86,,,22.79,,,,,,,2024-07-22,18.85,11.55,5.51,12.8,12.66,10.42,,,241.8,,56,5,,1.1,
BUY,448,CRS,2024-07-23,119.06,31368.52,,,1867.37,,,,,,,2024-07-22,139.77,111.19,81.22,119.64,114.96,107.07,,,72.09,,630,5,,-1,
BUY,438,CVNA,2024-07-23,25.46,10279.3,,,130.86,,,,,,,2024-07-22,26.58,24.18,15.31,25.79,26.31,23.6,25.79,24.79,73.57,3.88,413,5,5.6,-1,0.4
BUY,449,FTAI,2024-07-23,104.33,35797.34,,,1867.37,,,,,,,2024-07-22,110.63,94.39,64.03,103.38,100.83,91.9,,,72.77,,581,5,,-1,
BUY,447,MSTR,2024-07-23,175.04,0.0,,,0.0,,,,,,,2024-07-22,175.12,152.63,105.47,180.19,159.04,151.49,,,66.04,,532,5,,-1,
BUY,436,TPC,2024-07-23,24.71,0.0,,,0.0,,,,,,,2024-07-22,25.98,22.06,13.92,24.58,23.59,21.77,,,86.65,,364,5,,-1,
BUY,399,WGS,2024-07-23,32.77,4163.76,,,68.21,,,,,,,2024-07-22,33.56,27.64,11.97,32.55,31.92,27.33,,,180.27,,154,5,,-1,
SELL,443,HUT,2024-07-23,19.88,197543.46,2024-07-02,15.51,1531.61,1963.58,863943.45,861979.87,28.14,14,rotation (out of top-N),2024-07-22,15.14,14.2,10.51,20.25,18.48,13.53,,,44.04,,35,5,,2.2,
SELL,445,INOD,2024-07-23,17.52,188208.59,2024-07-09,17.35,1632.25,1648.71,32918.56,31269.86,0.96,10,ratchet-ATR exit,2024-07-22,19.71,15.3,9.82,17.68,18.0,15.39,,,100.63,,63,5,,-0.0,
SELL,429,INSM,2024-07-23,75.67,266.48,2024-06-04,58.83,7.84,10.08,4486.18,4476.1,28.55,33,equal-weight sizing trim,2024-07-22,74.56,63.32,35.94,76.29,74.68,63.63,,,107.46,,56,5,,1.1,
SELL,446,LNTH,2024-07-23,115.08,31043.56,2024-07-09,78.61,1220.17,1786.32,1132313.81,1130527.48,46.33,10,rotation (out of top-N),2024-07-22,112.71,95.04,70.92,114.6,111.38,88.75,,,58.93,,77,5,,-0.2,
SELL,447,MSTR,2024-07-23,175.04,2853.18,2024-07-16,161.1,229.82,249.71,39773.36,39523.65,8.6,5,equal-weight sizing trim,2024-07-22,175.12,152.63,105.47,180.19,159.04,151.49,,,66.04,,532,5,,-1,
SELL,439,ROOT,2024-07-23,74.62,1157.88,2024-06-25,44.65,25.85,43.2,34701.6,34658.4,67.04,19,equal-weight sizing trim,2024-07-22,67.73,60.75,36.27,75.87,72.43,55.52,,,86.75,,154,5,,-1,
SELL,436,TPC,2024-07-23,24.71,10292.88,2024-06-18,21.34,109.84,127.17,34656.26,34529.09,15.72,23,equal-weight sizing trim,2024-07-22,25.98,22.06,13.92,24.58,23.59,21.77,,,86.65,,364,5,,-1,
BUY,454,ALNY,2024-07-30,236.31,16913.08,,,1998.41,,,,,,,2024-07-29,271.87,222.39,175.6,236.62,238.68,211.04,,,54.82,,35,5,,1.7,
BUY,438,CVNA,2024-07-30,25.69,8893.45,,,114.24,,,,,,,2024-07-29,27.45,24.78,15.86,25.54,25.82,24.13,25.54,24.29,73.11,4.89,420,5,6,-1,0.0
BUY,452,HWKN,2024-07-30,105.72,37805.67,,,1998.41,,,,,,,2024-07-29,119.9,97.79,75.88,105.31,103.45,92.85,,,58.01,,644,5,,-0.9,
BUY,455,INOD,2024-07-30,19.27,207357.49,,,1998.41,,,,,,,2024-07-29,16.78,15.57,10.07,18.77,18.22,16.06,,,66.6,,70,5,,-0.2,
BUY,429,INSM,2024-07-30,74.85,4038.84,,,151.15,,,,,,,2024-07-29,71.85,64.87,37.14,74.52,74.69,67.87,,,93.48,,63,5,,-0.0,
BUY,453,SFM,2024-07-30,102.15,39126.93,,,1998.41,,,,,,,2024-07-29,97.62,83.51,63.23,84.59,83.85,80.8,,,54.41,,630,5,,-0.7,
BUY,399,WGS,2024-07-30,34.09,3242.4,,,55.27,,,,,,,2024-07-29,29.97,28.06,12.65,33.62,32.89,28.95,,,136.91,,161,5,,-1,
BUY,451,WLFC,2024-07-30,28.46,140436.25,,,1998.41,,,,,,,2024-07-29,31.67,24.56,17.98,28.46,26.4,22.59,,,76.16,,217,5,,-1,
SELL,450,ANAB,2024-07-30,24.47,156395.98,2024-07-23,23.88,1867.37,1913.5,92273.63,90360.12,2.42,5,rotation (out of top-N),2024-07-29,21.85,19.57,15.38,24.66,23.51,18.43,,,42.07,,203,5,,-0.1,
SELL,428,ASTS,2024-07-30,19.41,84540.15,2024-06-04,8.95,378.51,820.46,883913.85,883093.39,116.66,38,equal-weight sizing trim,2024-07-29,18.5,12.81,5.9,18.89,15.36,11.67,,,213.49,,63,5,,-0.0,
SELL,448,CRS,2024-07-30,140.44,2895.04,2024-07-23,119.06,172.34,203.29,61896.05,61692.76,17.9,5,equal-weight sizing trim,2024-07-29,135.08,115.54,83.05,139.62,126.73,109.8,,,62.64,,637,5,,-1,
SELL,449,FTAI,2024-07-30,111.49,35797.34,2024-07-23,104.33,1867.37,1995.52,256308.93,254313.4,6.81,5,rotation (out of top-N),2024-07-29,100.21,95.45,65.67,110.61,105.46,95.28,,,52.61,,588,5,,-0.6,
SELL,447,MSTR,2024-07-30,168.57,21347.15,2024-07-16,161.1,1719.51,1799.24,159463.18,157663.93,4.58,10,rotation (out of top-N),2024-07-29,144.67,151.18,108.07,168.92,165.26,152.38,,,33.87,,539,5,,0.3,
SELL,439,ROOT,2024-07-30,66.95,50075.11,2024-06-25,44.65,1117.93,1676.39,1116925.22,1115248.83,49.88,24,rotation (out of top-N),2024-07-29,56.37,59.95,37.46,66.95,69.9,57.34,,,50.46,,161,5,,-0.5,
SELL,436,TPC,2024-07-30,25.28,151218.31,2024-06-18,21.34,1613.73,1911.4,595348.25,593436.85,18.39,28,rotation (out of top-N),2024-07-29,17.34,21.21,14.18,24.95,24.72,22.24,,,22.3,,371,4.46,,0.9,
BUY,459,ALNY,2024-08-06,262.11,15037.18,,,1970.7,,,,,,,2024-08-05,269.83,231.01,178.16,265.12,251.59,224.22,,,51.45,,42,5,,1.7,
BUY,448,CRS,2024-08-06,134.13,925.66,,,62.08,,,,,,,2024-08-05,138.26,119.67,84.86,132.11,133.83,113.84,,,62.92,,644,5,,-1,
BUY,456,CVLT,2024-08-06,137.12,28743.09,,,1970.7,,,,,,,2024-08-05,151.42,127.08,99.39,135.12,135.54,123.71,,,52.36,,455,5,,-0.6,
BUY,458,FTAI,2024-08-06,95.91,41094.74,,,1970.7,,,,,,,2024-08-05,102.73,96.77,67.28,95.36,103.64,98.23,,,52.69,,595,5,,-0.6,
BUY,460,HWKN,2024-08-06,114.31,34479.89,,,1970.7,,,,,,,2024-08-05,115.63,101.03,77.28,113.46,109.53,96.01,,,49.62,,651,5,,-0.5,
BUY,461,SFM,2024-08-06,95.77,41156.96,,,1970.7,,,,,,,2024-08-05,96.26,85.82,64.59,94.99,92.56,83.2,,,49.03,,637,5,,-0.5,
BUY,457,TMDX,2024-08-06,151.02,26098.51,,,1970.7,,,,,,,2024-08-05,162.72,144.79,103.24,148.52,146.5,145.48,,,57.63,,224,5,,-0.9,
SELL,454,ALNY,2024-08-06,262.11,16913.08,2024-07-30,236.31,1998.41,2216.54,436273.02,434056.47,10.86,5,rotation (out of top-N),2024-08-05,269.83,231.01,178.16,265.12,251.59,224.22,,,51.45,,42,5,,1.7,
SELL,428,ASTS,2024-08-06,19.3,1751.62,2024-06-04,8.95,7.84,16.91,18130.24,18113.33,115.48,43,equal-weight sizing trim,2024-08-05,21.21,14.34,6.33,18.59,17.74,12.98,,,235.2,,70,5,,-0.2,
SELL,438,CVNA,2024-08-06,27.59,12724.59,2024-06-18,22.44,142.74,175.54,65583.09,65407.56,22.91,33,equal-weight sizing trim,2024-08-05,27.19,25.22,16.38,27.06,26.76,24.98,27.06,24.91,66.04,7.95,427,5,6,-1,0.0
SELL,452,HWKN,2024-08-06,114.31,37805.67,2024-07-30,105.72,1998.41,2160.78,324750.72,322589.94,8.07,5,rotation (out of top-N),2024-08-05,115.63,101.03,77.28,113.46,109.53,96.01,,,49.62,,651,5,,-0.5,
SELL,455,INOD,2024-08-06,15.82,207357.49,2024-07-30,19.27,1998.41,1640.2,-716420.13,-718060.32,-17.97,5,ratchet-ATR exit,2024-08-05,18.6,16.12,10.32,15.82,17.7,16.49,,,80.3,,77,5,,-0.3,
SELL,429,INSM,2024-08-06,71.84,53422.36,2024-06-04,60.04,1603.77,1918.93,630329.96,628411.03,19.59,43,ratchet-ATR exit,2024-08-05,73.98,66.53,38.36,71.21,73.38,69.9,,,92.85,,70,5,,-0.2,
SELL,453,SFM,2024-08-06,95.77,39126.93,2024-07-30,102.15,1998.41,1873.5,-249825.43,-251698.92,-6.3,5,rotation (out of top-N),2024-08-05,96.26,85.82,64.59,94.99,92.56,83.2,,,49.03,,637,5,,-0.5,
SELL,399,WGS,2024-08-06,28.94,117282.88,2024-03-05,13.48,790.6,1697.08,1812964.36,1811267.28,114.55,106,ratchet-ATR exit,2024-08-05,32.72,28.91,13.42,28.15,31.27,29.81,,,143.78,,168,5,,-1,
SELL,451,WLFC,2024-08-06,30.84,12570.88,2024-07-30,28.46,178.88,193.84,29918.69,29724.84,8.31,5,equal-weight sizing trim,2024-08-05,29.76,25.51,18.36,31.67,29.21,23.75,,,62.07,,224,5,,-1,
BUY,428,ASTS,2024-08-13,19.91,858.17,,,8.54,,,,,,,2024-08-12,31.03,17.37,7.0,19.76,19.51,14.37,,,343.56,,77,5,,-0.3,
BUY,466,CAVA,2024-08-13,90.75,44980.74,,,2041.0,,,,,,,2024-08-12,98.95,87.13,65.03,90.06,85.02,87.04,,,52.17,,999,5,,-0.6,
BUY,438,CVNA,2024-08-13,27.1,7771.41,,,105.3,,,,,,,2024-08-12,31.18,26.3,17.01,26.74,26.8,25.66,26.74,25.95,83.32,2.97,434,5,5.0,-1,1.0
BUY,465,INOD,2024-08-13,18.69,218405.68,,,2041.0,,,,,,,2024-08-12,17.08,16.29,10.53,18.52,17.51,16.68,,,62.13,,84,5,,-0.4,
BUY,463,INSM,2024-08-13,75.33,54184.67,,,2041.0,,,,,,,2024-08-12,76.19,68.29,39.68,74.12,73.12,71.44,,,92.04,,77,5,,-0.3,
BUY,464,STRT,2024-08-13,35.43,115213.15,,,2041.0,,,,,,,2024-08-12,39.54,28.36,24.91,34.21,26.52,25.03,,,58.74,,91,5,,-0.5,
BUY,457,TMDX,2024-08-13,164.72,0.0,,,0.0,,,,,,,2024-08-12,170.3,149.43,106.06,163.12,154.5,147.56,,,60.57,,231,5,,-1,
BUY,462,WGS,2024-08-13,34.32,118939.45,,,2041.0,,,,,,,2024-08-12,34.49,29.92,14.25,33.4,31.65,30.39,,,141.99,,175,5,,-1,
SELL,459,ALNY,2024-08-13,271.31,15037.18,2024-08-06,262.11,1970.7,2039.87,138342.1,136302.23,3.46,5,rotation (out of top-N),2024-08-12,268.33,237.8,180.82,269.86,261.65,238.0,,,48.39,,49,5,,1.8,
SELL,448,CRS,2024-08-13,139.22,63.95,2024-07-23,119.53,3.82,4.45,1258.93,1254.48,16.41,15,equal-weight sizing trim,2024-08-12,145.13,124.3,86.84,138.1,136.0,117.99,,,67.11,,651,5,,-1,
SELL,456,CVLT,2024-08-13,150.05,28743.09,2024-08-06,137.12,1970.7,2156.45,371504.45,369348.0,9.37,5,rotation (out of top-N),2024-08-12,150.31,131.3,101.39,149.03,143.05,127.68,,,48.26,,462,5,,-0.4,
SELL,458,FTAI,2024-08-13,103.43,1608.67,2024-08-06,95.91,77.14,83.19,12097.2,12014.0,7.79,5,equal-weight sizing trim,2024-08-12,111.77,99.5,69.08,102.2,102.39,100.47,,,61.79,,602,5,,-1,
SELL,460,HWKN,2024-08-13,117.14,34479.89,2024-08-06,114.31,1970.7,2019.49,97578.09,95558.61,2.42,5,rotation (out of top-N),2024-08-12,117.23,103.98,78.73,116.3,113.92,99.72,,,48.9,,658,5,,-0.4,
SELL,461,SFM,2024-08-13,96.17,41156.96,2024-08-06,95.77,1970.7,1979.03,16668.57,14689.54,0.37,5,rotation (out of top-N),2024-08-12,98.67,88.16,66.03,96.17,94.53,85.65,,,49.42,,644,5,,-0.5,
SELL,457,TMDX,2024-08-13,164.72,1305.4,2024-08-06,151.02,98.57,107.52,17890.53,17783.01,9.02,5,equal-weight sizing trim,2024-08-12,170.3,149.43,106.06,163.12,154.5,147.56,,,60.57,,231,5,,-1,
SELL,451,WLFC,2024-08-13,30.24,127865.37,2024-07-30,28.46,1819.52,1933.32,227600.36,225667.04,6.2,10,ratchet-ATR exit,2024-08-12,32.81,26.83,18.83,30.24,29.82,25.01,,,74.25,,231,5,,-1,
BUY,466,CAVA,2024-08-20,100.28,2084.61,,,104.52,,,,,,,2024-08-19,121.95,93.46,67.22,100.18,93.18,87.61,,,81.41,,999,5,,-1,
BUY,448,CRS,2024-08-20,145.73,3050.71,,,222.29,,,,,,,2024-08-19,143.69,127.82,88.75,145.68,140.8,123.53,,,61.9,,658,5,,-1,
BUY,438,CVNA,2024-08-20,31.05,1307.52,,,20.3,,,,,,,2024-08-19,31.96,27.33,17.65,31.14,29.03,26.68,31.14,30.31,81.1,2.67,441,5,4.8,-1,1.2
BUY,458,FTAI,2024-08-20,114.28,1813.5,,,103.62,,,,,,,2024-08-19,119.92,103.21,71.06,113.48,106.1,102.72,,,68.76,,609,5,,-1,
BUY,465,INOD,2024-08-20,19.02,29729.71,,,282.73,,,,,,,2024-08-19,19.14,16.81,10.79,18.62,17.42,17.05,,,77.4,,91,5,,-0.5,
BUY,463,INSM,2024-08-20,77.28,6886.13,,,266.08,,,,,,,2024-08-19,78.86,70.21,41.03,77.6,74.97,72.75,,,92.23,,84,5,,-0.4,
BUY,468,ORKA,2024-08-20,23.36,201945.98,,,2358.73,,,,,,,2024-08-19,26.91,21.48,16.57,23.1,19.42,20.87,,,62.37,,140,5,,-1,
BUY,462,WGS,2024-08-20,35.34,14607.79,,,258.12,,,,,,,2024-08-19,35.76,30.99,15.11,35.49,33.36,31.2,,,136.72,,182,5,,-1,
BUY,467,WLFC,2024-08-20,35.47,132998.53,,,2358.73,,,,,,,2024-08-19,35.68,28.44,19.36,34.1,31.17,26.45,,,84.26,,238,5,,-1,
SELL,428,ASTS,2024-08-20,38.8,83464.37,2024-06-04,9.0,375.6,1619.0,2486797.27,2485178.27,330.83,53,equal-weight sizing trim,2024-08-19,32.87,20.19,7.7,38.6,26.39,16.58,,,327.06,,84,5,,-0.4,
SELL,464,STRT,2024-08-20,39.74,115213.15,2024-08-13,35.43,2041.0,2289.29,496568.7,494279.41,12.11,5,rotation (out of top-N),2024-08-19,39.0,30.29,25.3,39.74,34.7,26.86,,,54.14,,98,5,,-0.3,
SELL,457,TMDX,2024-08-20,166.74,24793.1,2024-08-06,151.02,1872.13,2066.94,389623.63,387556.69,10.35,10,rotation (out of top-N),2024-08-19,175.57,154.18,108.73,166.94,162.42,150.51,,,61.48,,238,5,,-1,
BUY,428,ASTS,2024-08-27,33.09,21569.88,,,356.87,,,,,,,2024-08-26,29.03,21.8,8.3,33.78,31.28,19.47,,,249.69,,91,5,,-0.5,
BUY,466,CAVA,2024-08-27,115.73,0.0,,,0.0,,,,,,,2024-08-26,114.03,97.2,69.22,125.69,105.81,89.87,,,64.75,,999,5,,-1,
BUY,448,CRS,2024-08-27,142.16,955.29,,,67.9,,,,,,,2024-08-26,143.76,130.72,90.65,142.33,141.72,128.3,,,58.59,,665,5,,-0.9,
BUY,458,FTAI,2024-08-27,119.78,0.0,,,0.0,,,,,,,2024-08-26,126.07,107.37,73.19,120.41,113.85,105.22,,,72.24,,616,5,,-1,
BUY,465,INOD,2024-08-27,18.51,7930.3,,,73.39,,,,,,,2024-08-26,17.3,16.9,11.05,18.92,18.18,17.6,,,56.52,,98,5,,-0.5,
BUY,463,INSM,2024-08-27,74.75,2333.14,,,87.21,,,,,,,2024-08-26,76.47,71.35,42.34,75.21,76.39,73.88,,,80.62,,91,5,,-0.5,
BUY,462,WGS,2024-08-27,35.0,1876.08,,,32.83,,,,,,,2024-08-26,31.91,31.15,15.86,35.56,34.39,32.22,,,101.14,,189,5,,-1,
BUY,467,WLFC,2024-08-27,35.9,0.0,,,0.0,,,,,,,2024-08-26,35.09,29.65,19.86,35.93,34.29,28.31,,,76.68,,245,5,,-1,
SELL,466,CAVA,2024-08-27,115.73,6109.25,2024-08-13,91.17,278.5,353.51,150030.4,149676.89,26.87,10,equal-weight sizing trim,2024-08-26,114.03,97.2,69.22,125.69,105.81,89.87,,,64.75,,999,5,,-1,
SELL,438,CVNA,2024-08-27,31.31,621.85,2024-06-18,22.75,7.07,9.74,5323.94,5314.21,37.57,48,equal-weight sizing trim,2024-08-26,30.13,27.84,18.24,31.61,30.5,27.41,31.61,30.78,65.15,2.63,448,5,4.8,-1,1.2
SELL,458,FTAI,2024-08-27,119.78,1728.27,2024-08-06,96.72,83.58,103.51,39859.8,39756.29,23.78,15,equal-weight sizing trim,2024-08-26,126.07,107.37,73.19,120.41,113.85,105.22,,,72.24,,616,5,,-1,
SELL,468,ORKA,2024-08-27,24.78,10668.77,2024-08-20,23.36,124.61,132.19,15149.65,15017.46,6.03,5,equal-weight sizing trim,2024-08-26,29.4,22.92,17.01,24.56,23.04,21.1,,,72.89,,147,5,,-1,
SELL,467,WLFC,2024-08-27,35.9,969.31,2024-08-20,35.47,17.19,17.4,416.8,399.4,1.16,5,equal-weight sizing trim,2024-08-26,35.09,29.65,19.86,35.93,34.29,28.31,,,76.68,,245,5,,-1,
BUY,475,ANAB,2024-09-10,23.55,187691.32,,,2210.07,,,,,,,2024-09-09,26.73,23.2,17.49,23.73,24.25,23.51,,,52.85,,245,5,,-0.6,
BUY,471,APP,2024-09-10,88.03,50208.79,,,2210.07,,,,,,,2024-09-09,112.59,89.03,69.71,86.28,87.52,82.2,86.28,83.21,61.5,3.56,490,5,5.4,-1,0.6
BUY,473,ICUI,2024-09-10,165.69,26677.11,,,2210.07,,,,,,,2024-09-09,178.88,151.94,114.25,165.45,162.14,143.73,,,56.57,,98,5,,-0.5,
BUY,470,NUTX,2024-09-10,20.85,211996.68,,,2210.07,,,,,,,2024-09-09,24.98,16.15,14.44,20.85,21.13,13.35,,,73.0,,0,5,,2.0,
BUY,472,PCVX,2024-09-10,115.86,38148.97,,,2210.07,,,,,,,2024-09-09,116.01,90.08,72.86,114.97,99.97,83.38,,,59.23,,791,5,,-1.0,
BUY,476,PTGX,2024-09-10,44.62,99061.65,,,2210.07,,,,,,,2024-09-09,47.05,40.53,31.06,44.61,42.3,39.69,,,51.45,,245,5,,-0.6,
BUY,474,RKLB,2024-09-10,6.16,717553.68,,,2210.07,,,,,,,2024-09-09,7.46,6.04,4.84,6.14,6.16,5.71,,,54.22,,77,5,,0.0,
BUY,469,TVTX,2024-09-10,13.1,337414.56,,,2210.07,,,,,,,2024-09-09,13.48,9.97,8.2,12.85,10.29,9.4,,,64.46,,63,5,,-0.0,
SELL,428,ASTS,2024-09-10,26.43,143230.35,2024-06-04,12.63,904.36,1893.15,1977568.3,1975675.15,109.23,67,ratchet-ATR exit,2024-09-09,29.83,23.9,9.43,25.95,28.8,23.32,,,216.23,,105,5,,-0.8,
SELL,466,CAVA,2024-09-10,120.56,4274.43,2024-08-13,91.17,194.85,257.66,125616.52,125358.86,32.17,19,equal-weight sizing trim,2024-09-09,122.47,104.62,73.47,120.07,114.4,95.38,,,66.69,,999,5,,-1,
SELL,448,CRS,2024-09-10,135.93,33341.17,2024-07-23,122.58,2043.47,2266.03,445116.85,442850.82,10.84,34,rotation (out of top-N),2024-09-09,141.38,132.76,94.04,136.66,137.2,135.32,,,50.34,,679,5,,-0.5,
SELL,438,CVNA,2024-09-10,26.89,151384.52,2024-06-18,22.75,1721.89,2035.36,626958.24,624922.87,18.15,57,rotation (out of top-N),2024-09-09,28.36,27.76,19.24,27.09,28.77,28.21,27.09,26.23,47.38,3.18,462,5,4.5,-0.4,0.9
SELL,458,FTAI,2024-09-10,112.21,39571.29,2024-08-06,96.72,1913.6,2220.15,613092.22,610872.07,15.96,24,ratchet-ATR exit,2024-09-09,123.33,110.8,76.95,111.23,115.63,108.99,,,60.26,,630,5,,-1,
SELL,465,INOD,2024-09-10,14.25,256065.68,2024-08-13,18.72,2397.13,1824.47,-1145314.98,-1147139.45,-23.93,19,rotation (out of top-N),2024-09-09,15.69,16.26,11.41,14.29,15.94,17.64,,,37.51,,112,5,,0.3,
SELL,463,INSM,2024-09-10,71.39,63403.95,2024-08-13,75.52,2394.29,2263.36,-261851.85,-264115.22,-5.52,19,ratchet-ATR exit,2024-09-09,74.61,71.89,44.62,71.8,74.0,74.9,,,67.22,,105,5,,-0.8,
SELL,468,ORKA,2024-09-10,27.27,191277.21,2024-08-20,23.36,2234.12,2608.06,747893.88,745285.82,16.68,14,rotation (out of top-N),2024-09-09,25.0,23.59,17.65,26.82,25.95,22.01,,,41.69,,161,5,,-0.1,
SELL,462,WGS,2024-09-10,33.74,4352.14,2024-08-13,34.44,74.94,73.42,-3044.08,-3117.5,-2.08,19,equal-weight sizing trim,2024-09-09,37.8,32.63,17.55,33.75,32.71,32.76,,,115.39,,203,5,,-1,
SELL,467,WLFC,2024-09-10,34.18,132029.23,2024-08-20,35.47,2341.54,2256.38,-170317.7,-172574.08,-3.69,14,ratchet-ATR exit,2024-09-09,36.9,31.41,20.86,32.62,33.79,30.85,,,76.94,,259,5,,-1,
BUY,478,ASTS,2024-09-17,30.4,163416.79,,,2483.94,,,,,,,2024-09-16,26.47,24.37,9.96,29.84,28.59,25.19,,,165.79,,112,5,,-0.9,
BUY,466,CAVA,2024-09-17,123.97,3409.84,,,211.36,,,,,,,2024-09-16,128.72,109.0,75.69,122.72,119.58,100.28,,,70.07,,999,5,,-1,
BUY,481,CVNA,2024-09-17,30.86,160980.89,,,2483.94,,,,,,,2024-09-16,34.77,29.04,19.86,30.57,28.53,28.31,30.57,29.6,75.11,3.16,469,5,5.1,-1,0.9
BUY,480,FTAI,2024-09-17,126.03,39418.16,,,2483.94,,,,,,,2024-09-16,128.35,113.99,79.09,124.98,118.49,111.14,,,62.29,,637,5,,-1,
BUY,479,INSM,2024-09-17,73.76,67351.82,,,2483.94,,,,,,,2024-09-16,74.21,72.31,45.76,73.21,73.62,74.51,,,62.16,,112,5,,-0.9,
BUY,469,TVTX,2024-09-17,14.44,6789.49,,,49.02,,,,,,,2024-09-16,15.21,10.92,8.36,14.27,12.17,9.79,,,81.93,,70,5,,-0.2,
BUY,462,WGS,2024-09-17,37.88,141.93,,,2.69,,,,,,,2024-09-16,40.56,34.07,18.5,37.7,35.39,33.22,,,119.21,,210,5,,-1,
BUY,477,WLFC,2024-09-17,40.36,123088.96,,,2483.94,,,,,,,2024-09-16,43.88,33.68,21.57,39.9,35.91,32.39,,,103.47,,266,5,,-1,
SELL,475,ANAB,2024-09-17,25.98,187691.32,2024-09-10,23.55,2210.07,2438.11,456089.92,453651.81,10.26,5,rotation (out of top-N),2024-09-16,25.64,23.64,17.81,25.78,24.94,23.8,,,43.98,,252,5,,-0.2,
SELL,471,APP,2024-09-17,118.21,8161.96,2024-09-10,88.03,359.27,482.41,246287.16,245804.75,34.21,5,equal-weight sizing trim,2024-09-16,126.07,95.77,71.87,116.27,99.58,84.72,116.27,112.74,75.42,3.04,497,5,5.0,-1,1.0
SELL,473,ICUI,2024-09-17,179.06,26677.11,2024-09-10,165.69,2210.07,2388.34,356539.6,354151.27,8.01,5,rotation (out of top-N),2024-09-16,176.75,156.45,116.18,179.45,170.34,149.64,,,52.13,,105,5,,-0.4,
SELL,470,NUTX,2024-09-17,25.57,17614.37,2024-09-10,20.85,183.63,225.2,83139.83,82914.63,22.58,5,equal-weight sizing trim,2024-09-16,24.38,17.65,14.36,24.8,22.71,15.43,,,69.79,,7,5,,1.9,
SELL,472,PCVX,2024-09-17,113.73,38148.97,2024-09-10,115.86,2210.07,2169.34,-81448.06,-83617.4,-1.89,5,rotation (out of top-N),2024-09-16,115.4,94.68,74.23,114.24,109.36,87.48,,,55.46,,798,5,,-0.8,
SELL,476,PTGX,2024-09-17,46.49,99061.65,2024-09-10,44.62,2210.07,2302.94,185740.59,183437.65,4.15,5,rotation (out of top-N),2024-09-16,47.32,41.77,31.72,46.24,44.59,40.86,,,49.18,,252,5,,-0.5,
SELL,474,RKLB,2024-09-17,7.47,717553.68,2024-09-10,6.16,2210.07,2680.06,939995.33,937315.26,21.21,5,rotation (out of top-N),2024-09-16,7.48,6.3,4.91,7.37,6.71,5.89,,,52.37,,84,5,,-0.0,
BUY,478,ASTS,2024-09-24,26.6,25800.81,,,343.15,,,,,,,2024-09-23,25.31,24.54,10.44,26.6,27.84,26.75,,,142.44,,119,5,,-1.0,
BUY,483,ECHO,2024-09-24,26.23,191840.41,,,2515.51,,,,,,,2024-09-23,28.04,22.45,17.12,26.17,24.69,20.37,,,63.82,,147,5,,-1,
BUY,482,MNPR,2024-09-24,4.44,1133111.42,,,2515.51,,,,,,,2024-09-23,6.71,3.93,3.27,4.34,3.89,3.0,,,105.46,,7,5,,1.9,
BUY,484,RKLB,2024-09-24,7.59,662847.79,,,2515.51,,,,,,,2024-09-23,9.78,6.93,5.02,7.55,7.11,6.14,,,94.82,,91,5,,-0.5,
BUY,469,TVTX,2024-09-24,14.62,86.7,,,0.63,,,,,,,2024-09-23,14.01,11.48,8.48,14.49,13.79,10.41,,,65.13,,77,5,,-0.3,
BUY,485,VST,2024-09-24,111.1,45283.66,,,2515.51,,,,,,,2024-09-23,116.71,90.99,71.79,110.68,93.1,80.62,110.53,103.61,62.58,6.26,560,5,6,-1,0.0
SELL,471,APP,2024-09-24,126.69,2317.31,2024-09-10,88.04,102.0,146.8,89587.15,89440.36,43.84,10,equal-weight sizing trim,2024-09-23,127.71,101.57,74.03,126.06,115.6,90.3,126.06,123.3,72.51,2.19,504,5,4.5,-1,1.5
SELL,466,CAVA,2024-09-24,127.44,40091.51,2024-08-13,93.96,1883.53,2554.63,1342199.15,1339644.52,35.56,29,rotation (out of top-N),2024-09-23,123.69,111.67,77.73,128.28,123.9,106.03,,,59.13,,999,5,,-1.0,
SELL,481,CVNA,2024-09-24,34.54,15250.39,2024-09-17,30.86,235.31,263.37,56121.45,55858.07,11.87,5,equal-weight sizing trim,2024-09-23,33.96,29.93,20.43,35.02,31.93,29.31,35.02,33.91,66.22,3.18,476,5,5.1,-1,0.9
SELL,480,FTAI,2024-09-24,128.08,39418.16,2024-09-17,126.03,2483.94,2524.34,80807.22,78282.88,1.58,5,rotation (out of top-N),2024-09-23,127.6,116.47,81.13,128.01,123.98,113.72,,,57.27,,644,5,,-0.9,
SELL,479,INSM,2024-09-24,71.26,67351.82,2024-09-17,73.76,2483.94,2399.75,-168379.55,-170779.3,-3.44,5,rotation (out of top-N),2024-09-23,72.48,72.34,46.82,71.85,73.44,74.29,,,54.79,,119,5,,-0.7,
SELL,470,NUTX,2024-09-24,22.98,194382.31,2024-09-10,20.85,2026.44,2233.45,414034.31,411800.86,10.16,10,rotation (out of top-N),2024-09-23,19.04,17.9,14.06,22.54,23.58,17.57,,,35.4,,14,5,,3.0,
SELL,462,WGS,2024-09-24,39.53,3878.65,2024-08-13,34.44,66.8,76.66,19730.05,19653.38,14.71,29,equal-weight sizing trim,2024-09-23,42.89,35.68,19.5,40.11,38.13,34.0,,,119.95,,217,5,,-1,
SELL,477,WLFC,2024-09-24,44.32,9516.5,2024-09-17,40.36,192.04,210.89,37685.33,37474.45,9.76,5,equal-weight sizing trim,2024-09-23,46.81,36.07,22.35,44.83,40.61,34.39,,,109.45,,273,5,,-1,
BUY,471,APP,2024-10-01,130.43,1655.57,,,107.96,,,,,,,2024-09-30,139.66,108.5,76.53,130.48,124.23,97.14,130.48,127.81,82.5,2.05,511,5,4.4,-1,1.6
BUY,478,ASTS,2024-10-01,25.7,20760.67,,,266.83,,,,,,,2024-09-30,26.11,24.82,10.94,26.17,26.17,27.49,,,138.62,,126,5,,-1,
BUY,481,CVNA,2024-10-01,34.91,8884.32,,,155.08,,,,,,,2024-09-30,36.02,31.04,21.07,34.81,33.45,30.24,34.81,34.04,70.98,2.22,483,5,4.5,-1,1.5
BUY,486,FTAI,2024-10-01,127.63,42271.09,,,2697.53,,,,,,,2024-09-30,138.07,120.4,83.45,130.8,126.51,116.3,,,65.44,,651,5,,-1,
BUY,487,FUTU,2024-10-01,92.38,58400.73,,,2697.53,,,,,,,2024-09-30,123.16,74.78,60.51,92.09,73.76,60.9,,,103.55,,175,5,,-1,
BUY,469,TVTX,2024-10-01,13.6,52722.84,,,358.38,,,,,,,2024-09-30,15.22,12.16,8.64,13.98,14.15,11.03,,,76.15,,84,5,,-0.4,
BUY,485,VST,2024-10-01,117.09,815.16,,,47.72,,,,,,,2024-09-30,137.32,99.41,74.27,117.55,107.5,85.95,117.39,113.98,84.88,2.91,567,5,4.9,-1,1.1
BUY,462,WGS,2024-10-01,42.12,801.83,,,16.89,,,,,,,2024-09-30,49.76,38.24,20.68,42.41,39.86,35.08,,,140.65,,224,5,,-1,
SELL,483,ECHO,2024-10-01,24.27,191840.41,2024-09-24,26.23,2515.51,2328.46,-374088.79,-376417.26,-7.48,5,rotation (out of top-N),2024-09-30,23.27,22.6,17.28,24.81,25.49,21.15,,,34.66,,154,5,,0.3,
SELL,482,MNPR,2024-10-01,6.14,1133111.42,2024-09-24,4.44,2515.51,3478.65,1926289.41,1922810.76,38.22,5,rotation (out of top-N),2024-09-30,4.71,4.07,3.34,6.75,5.22,3.26,,,40.99,,14,5,,2.7,
SELL,484,RKLB,2024-10-01,9.66,104073.63,2024-09-24,7.59,394.96,502.68,215432.41,214929.74,27.21,5,equal-weight sizing trim,2024-09-30,9.8,7.46,5.12,9.72,8.36,6.6,,,91.34,,98,5,,-0.6,
SELL,477,WLFC,2024-10-01,48.22,1632.22,2024-09-17,40.36,32.94,39.35,12829.26,12789.9,19.41,10,equal-weight sizing trim,2024-09-30,49.97,38.59,23.21,46.81,44.3,36.45,,,115.31,,280,5,,-1,
BUY,488,AGX,2024-10-08,107.54,54256.29,,,2917.36,,,,,,,2024-10-07,113.52,93.01,66.39,108.12,100.96,84.88,,,70.99,,644,5,,-1,
BUY,481,CVNA,2024-10-08,36.43,5625.05,,,102.46,,,,,,,2024-10-07,38.45,32.39,21.79,35.93,34.85,31.32,35.93,34.99,76.43,2.61,490,5,4.7,-1,1.3
BUY,489,PLTR,2024-10-08,39.2,148825.96,,,2917.36,,,,,,,2024-10-07,43.5,35.61,25.95,38.92,37.95,34.11,38.92,38.04,67.63,2.26,546,5,4.5,-1,1.5
BUY,484,RKLB,2024-10-08,9.59,49922.53,,,239.38,,,,,,,2024-10-07,9.71,7.87,5.23,9.69,9.13,7.19,,,85.5,,105,5,,-0.8,
BUY,469,TVTX,2024-10-08,15.27,0.0,,,0.0,,,,,,,2024-10-07,16.4,12.93,8.83,15.28,14.41,11.76,,,85.64,,91,5,,-0.5,
BUY,477,WLFC,2024-10-08,50.78,3017.7,,,76.62,,,,,,,2024-10-07,57.31,42.0,24.25,49.1,46.85,38.63,,,136.32,,287,5,,-1,
SELL,471,APP,2024-10-08,141.37,91.74,2024-09-10,89.73,4.12,6.48,4737.44,4730.96,57.47,20,equal-weight sizing trim,2024-10-07,146.99,115.5,79.25,139.97,131.94,105.12,139.97,136.62,85.48,2.39,518,5,4.6,-1,1.4
SELL,478,ASTS,2024-10-08,24.48,209978.27,2024-09-17,29.47,3093.91,2570.66,-1046507.03,-1049077.69,-16.95,15,ratchet-ATR exit,2024-10-07,24.16,24.7,11.42,24.9,25.17,28.01,,,111.55,,133,5,,-1,
SELL,486,FTAI,2024-10-08,138.24,42.79,2024-10-01,127.63,2.73,2.96,453.98,451.03,8.26,5,equal-weight sizing trim,2024-10-07,144.32,124.75,85.94,137.19,131.62,120.52,,,67.92,,658,5,,-1,
SELL,487,FUTU,2024-10-08,100.84,510.6,2024-10-01,92.38,23.58,25.74,4319.68,4293.94,9.1,5,equal-weight sizing trim,2024-10-07,106.84,80.61,61.94,124.17,101.58,68.41,,,72.5,,182,5,,-1,
SELL,469,TVTX,2024-10-08,15.27,14718.85,2024-09-10,13.19,97.06,112.38,30630.18,30517.8,15.72,20,equal-weight sizing trim,2024-10-07,16.4,12.93,8.83,15.28,14.41,11.76,,,85.64,,91,5,,-0.5,
SELL,485,VST,2024-10-08,129.96,46098.82,2024-09-24,111.21,2563.23,2995.5,864540.91,861545.41,16.81,10,rotation (out of top-N),2024-10-07,124.26,103.93,76.43,130.25,121.8,92.76,130.06,124.17,62.58,4.53,574,5,6,-1,0.0
SELL,462,WGS,2024-10-08,54.02,20081.86,2024-08-13,34.49,346.32,542.46,392274.37,391731.9,56.56,39,equal-weight sizing trim,2024-10-07,60.0,42.19,22.11,52.76,45.4,37.24,,,171.4,,231,5,,-1,
BUY,488,AGX,2024-10-15,111.88,1501.99,,,84.02,,,,,,,2024-10-14,126.73,99.14,68.44,112.11,107.52,89.9,,,85.18,,651,5,,-1,
BUY,471,APP,2024-10-15,144.75,1802.96,,,130.49,,,,,,,2024-10-14,145.22,120.9,81.83,145.28,140.25,112.94,145.28,141.74,77.45,2.44,525,5,4.6,-1,1.4
BUY,492,ASTS,2024-10-15,24.45,255070.65,,,3117.6,,,,,,,2024-10-14,28.13,25.33,12.02,25.11,24.42,27.89,,,134.03,,140,5,,-1,
BUY,481,CVNA,2024-10-15,37.81,4749.07,,,89.78,,,,,,,2024-10-14,38.28,33.46,22.54,37.82,36.93,32.44,37.82,37.02,69.86,2.11,497,5,4.4,-1,1.6
BUY,491,DRUG,2024-10-15,2.68,2326567.92,,,3117.6,,,,,,,2024-10-14,49.99,10.02,2.5,2.64,1.4,1.19,,,1896.21,,0,5,,2.0,
BUY,490,LEU,2024-10-15,61.22,101849.1,,,3117.6,,,,,,,2024-10-14,98.12,58.94,45.93,59.02,59.78,47.02,,,113.63,,14,5,,1.8,
BUY,484,RKLB,2024-10-15,9.85,24623.1,,,121.27,,,,,,,2024-10-14,10.81,8.4,5.37,9.88,9.44,7.69,,,101.19,,112,5,,-0.9,
SELL,486,FTAI,2024-10-15,146.16,42228.3,2024-10-01,127.63,2694.8,3086.04,782490.47,779404.42,14.46,10,rotation (out of top-N),2024-10-14,141.5,127.79,88.3,145.85,139.5,125.41,,,60.25,,665,5,,-1,
SELL,487,FUTU,2024-10-15,97.15,57890.13,2024-10-01,92.38,2673.95,2812.01,276135.92,273323.91,5.11,10,rotation (out of top-N),2024-10-14,89.76,82.27,63.03,102.38,103.73,74.28,,,42.41,,189,5,,-0.1,
SELL,489,PLTR,2024-10-15,43.48,148825.96,2024-10-08,39.2,2917.36,3235.48,636230.99,632995.51,10.85,5,rotation (out of top-N),2024-10-14,42.96,36.94,26.6,43.41,41.25,35.63,43.41,42.33,61.48,2.5,553,5,4.7,-1,1.3
SELL,469,TVTX,2024-10-15,17.42,24182.16,2024-09-10,13.19,159.47,210.63,102315.12,102104.5,32.01,25,equal-weight sizing trim,2024-10-14,17.87,13.83,9.04,17.43,15.97,12.76,,,97.64,,98,5,,-0.6,
SELL,462,WGS,2024-10-15,59.24,2748.54,2024-08-13,34.49,47.4,81.41,68022.91,67941.5,71.67,44,equal-weight sizing trim,2024-10-14,60.0,45.43,23.52,59.71,53.02,40.12,,,155.13,,238,5,,-1,
SELL,477,WLFC,2024-10-15,60.52,11879.27,2024-09-17,40.63,241.35,359.47,236236.67,235877.2,48.87,20,equal-weight sizing trim,2024-10-14,66.65,46.48,25.53,57.31,51.87,41.54,,,161.07,,294,5,,-1,
BUY,471,APP,2024-10-22,161.95,56854.09,,,4603.76,,,,,,,2024-10-21,161.66,128.31,84.85,158.85,145.45,120.27,158.85,154.0,90.53,3.06,532,5,5.0,-1,1.0
BUY,492,ASTS,2024-10-22,27.23,339382.14,,,4620.69,,,,,,,2024-10-21,25.64,25.38,12.58,27.66,26.42,26.9,,,103.76,,147,5,,-1,
BUY,490,LEU,2024-10-22,95.62,67449.64,,,3224.77,,,,,,,2024-10-21,85.4,63.75,46.71,94.33,76.3,52.47,,,82.85,,21,5,,1.7,
BUY,493,MNPR,2024-10-22,5.78,2799909.45,,,8091.74,,,,,,,2024-10-21,17.08,6.86,3.89,5.78,5.52,4.27,,,338.81,,35,5,,1.4,
BUY,494,NUTX,2024-10-22,22.42,721832.14,,,8091.74,,,,,,,2024-10-21,24.1,20.36,13.28,22.15,21.32,21.66,,,81.42,,42,5,,1.3,
BUY,484,RKLB,2024-10-22,11.21,810661.16,,,4543.76,,,,,,,2024-10-21,11.17,8.9,5.53,11.26,10.34,8.17,,,101.96,,119,5,,-1.0,
BUY,469,TVTX,2024-10-22,18.21,530780.18,,,4832.75,,,,,,,2024-10-21,17.53,14.5,9.26,18.11,17.27,13.91,,,89.28,,105,5,,-0.8,
BUY,462,WGS,2024-10-22,58.02,173676.03,,,5038.34,,,,,,,2024-10-21,58.86,47.87,24.91,58.23,56.71,43.15,,,136.31,,245,5,,-1,
BUY,477,WLFC,2024-10-22,61.65,159478.57,,,4915.93,,,,,,,2024-10-21,60.85,49.09,26.66,63.02,59.48,45.02,,,128.21,,301,5,,-1,
SELL,488,AGX,2024-10-22,125.07,55758.29,2024-10-08,107.66,3001.38,3486.84,970924.12,967437.27,16.12,10,rotation (out of top-N),2024-10-21,124.48,103.75,70.44,127.43,119.25,96.51,,,76.72,,658,5,,-1,
SELL,481,CVNA,2024-10-22,37.97,164988.93,2024-09-17,31.47,2595.94,3132.31,1072752.28,1069619.97,20.6,25,rotation (out of top-N),2024-10-21,40.5,34.74,23.32,38.32,37.86,33.35,38.32,37.59,73.64,1.89,504,5,4.3,-1,1.7
SELL,491,DRUG,2024-10-22,42.52,1945768.94,2024-10-15,2.68,2607.33,41367.05,77519434.69,77478067.64,1485.77,5,equal-weight sizing trim,2024-10-21,48.95,17.1,3.68,48.12,25.13,5.68,,,1229.89,,7,5,,1.9,
BUY,495,AGX,2024-10-29,128.86,155497.38,,,10018.7,,,,,,,2024-10-28,135.47,109.52,72.74,129.63,122.39,102.41,,,86.24,,665,5,,-1,
BUY,471,APP,2024-10-29,168.0,19369.78,,,1627.06,,,,,,,2024-10-28,163.6,134.73,87.83,166.19,155.78,129.09,166.19,162.97,86.27,1.93,539,5,4.3,-1,1.7
BUY,496,CVNA,2024-10-29,40.84,490631.56,,,10018.7,,,,,,,2024-10-28,45.81,36.75,24.26,41.0,39.38,34.5,41.0,40.08,88.83,2.24,511,5,4.5,-1,1.5
BUY,491,DRUG,2024-10-29,49.29,25911.87,,,638.6,,,,,,,2024-10-28,47.81,22.68,4.83,47.31,39.61,11.53,,,889.88,,14,5,,1.8,
BUY,490,LEU,2024-10-29,86.97,61193.46,,,2660.84,,,,,,,2024-10-28,109.53,72.07,48.15,93.38,84.61,58.79,,,127.47,,28,5,,1.5,
BUY,484,RKLB,2024-10-29,11.27,334681.85,,,1885.93,,,,,,,2024-10-28,11.41,9.36,5.69,11.26,10.85,8.77,,,100.4,,126,5,,-1,
BUY,469,TVTX,2024-10-29,17.73,241373.66,,,2140.38,,,,,,,2024-10-28,17.57,15.06,9.49,17.88,17.64,14.99,,,85.22,,112,5,,-0.9,
BUY,462,WGS,2024-10-29,66.72,21455.69,,,715.82,,,,,,,2024-10-28,77.8,53.31,26.77,56.01,57.22,46.17,,,190.65,,252,5,,-1,
BUY,477,WLFC,2024-10-29,59.18,76157.9,,,2253.51,,,,,,,2024-10-28,60.92,51.24,27.79,60.85,60.27,48.22,,,119.18,,308,5,,-1,
SELL,492,ASTS,2024-10-29,26.86,594452.79,2024-10-15,26.03,7738.29,7983.5,490424.23,482440.73,3.12,10,rotation (out of top-N),2024-10-28,23.85,25.1,13.11,26.71,26.29,26.42,,,81.93,,154,5,,-1,
SELL,493,MNPR,2024-10-29,18.19,1697797.49,2024-10-22,5.78,4906.63,15441.47,21069666.83,21054225.36,214.55,5,equal-weight sizing trim,2024-10-28,14.49,8.25,4.21,17.65,12.72,5.92,,,244.33,,42,5,,1.3,
SELL,494,NUTX,2024-10-29,23.7,721832.14,2024-10-22,22.42,8091.74,8555.52,927554.3,918998.79,5.68,5,rotation (out of top-N),2024-10-28,22.91,20.82,13.35,23.71,23.04,21.86,,,71.63,,49,5,,1.2,
BUY,500,AAOI,2024-11-05,16.79,1208571.42,,,10142.94,,,,,,,2024-11-04,27.78,17.53,12.89,16.4,16.66,15.69,,,115.5,,28,5,,1.5,
BUY,471,APP,2024-11-05,161.38,6442.0,,,519.81,,,,,,,2024-11-04,290.04,162.97,93.93,159.12,162.12,139.12,159.12,154.79,208.77,2.72,546,5,4.8,-1,1.2
BUY,498,INOD,2024-11-05,20.95,968299.35,,,10142.94,,,,,,,2024-11-04,42.74,22.39,13.78,20.63,20.2,17.0,,,210.09,,168,5,,-1,
BUY,493,MNPR,2024-11-05,16.3,142589.44,,,1162.46,,,,,,,2024-11-04,16.0,9.66,4.57,17.25,14.5,7.54,,,250.34,,49,5,,1.2,
BUY,497,NUTX,2024-11-05,24.86,816004.48,,,10142.94,,,,,,,2024-11-04,32.26,22.9,13.73,23.6,23.11,22.04,,,134.89,,56,5,,1.1,
BUY,484,RKLB,2024-11-05,11.3,17436.39,,,98.52,,,,,,,2024-11-04,13.52,10.12,5.93,11.24,11.05,9.4,,,127.9,,133,5,,-1,
BUY,499,SEZL,2024-11-05,33.46,606272.3,,,10142.94,,,,,,,2024-11-04,71.43,37.29,18.1,33.17,34.78,29.88,,,294.71,,999,5,,-1,
BUY,477,WLFC,2024-11-05,58.68,7157.55,,,210.0,,,,,,,2024-11-04,66.25,53.97,29.06,59.39,60.25,51.57,,,127.98,,315,5,,-1,
SELL,495,AGX,2024-11-05,139.44,155497.38,2024-10-29,128.86,10018.7,10841.28,1645162.32,1634321.04,8.16,5,rotation (out of top-N),2024-11-04,153.63,117.54,75.48,134.9,129.59,109.27,,,103.55,,672,5,,-1,
SELL,496,CVNA,2024-11-05,46.3,490631.56,2024-10-29,40.84,10018.7,11358.12,2678848.3,2667490.18,13.31,5,rotation (out of top-N),2024-11-04,48.88,38.96,25.27,45.21,43.02,36.59,45.21,43.26,93.47,4.32,518,5,5.9,-1,0.1
SELL,491,DRUG,2024-11-05,51.24,10652.32,2024-10-15,5.65,30.09,272.94,485697.09,485424.15,806.61,15,equal-weight sizing trim,2024-11-04,47.35,27.17,5.96,51.15,44.98,17.33,,,694.18,,21,5,,1.7,
SELL,490,LEU,2024-11-05,76.01,230492.2,2024-10-15,78.12,9003.21,8759.86,-486713.61,-495473.46,-2.75,15,rotation (out of top-N),2024-11-04,92.06,75.71,49.19,77.99,92.94,66.75,,,87.15,,35,5,,1.4,
SELL,469,TVTX,2024-11-05,17.93,1130266.43,2024-09-10,16.52,9334.7,10132.84,1596267.2,1586134.37,8.5,40,rotation (out of top-N),2024-11-04,19.84,15.93,9.77,18.1,17.77,15.89,,,103.09,,119,5,,-1.0,
SELL,462,WGS,2024-11-05,75.75,32503.37,2024-08-13,50.39,819.0,1231.07,824134.81,822903.75,50.24,59,equal-weight sizing trim,2024-11-04,77.76,57.76,28.62,75.12,71.28,52.22,,,171.74,,259,5,,-1,
BUY,491,DRUG,2024-11-12,43.02,256557.12,,,5518.54,,,,,,,2024-11-11,39.65,29.44,6.91,44.59,47.47,23.43,,,474.21,,28,5,,1.5,
BUY,498,INOD,2024-11-12,44.72,0.0,,,0.0,,,,,,,2024-11-11,36.77,25.01,14.41,45.87,29.26,19.08,,,155.14,,175,5,,-1,
BUY,493,MNPR,2024-11-12,17.12,394870.21,,,3381.08,,,,,,,2024-11-11,18.01,11.18,4.98,16.97,15.54,9.12,,,261.94,,56,5,,1.1,
BUY,503,MSTR,2024-11-12,332.56,84396.82,,,14033.5,,,,,,,2024-11-11,339.85,230.55,157.82,339.53,263.95,202.29,,,115.34,,644,5,,-1,
BUY,501,PDEX,2024-11-12,45.66,614695.71,,,14033.5,,,,,,,2024-11-11,48.18,33.94,22.34,47.05,39.26,30.96,,,115.7,,329,5,,-1,
BUY,502,PLTR,2024-11-12,59.04,475389.67,,,14033.5,,,,,,,2024-11-11,65.8,46.78,30.02,60.27,51.81,42.57,60.27,58.17,119.21,3.49,581,5,5.3,-1,0.7
BUY,484,RKLB,2024-11-12,14.4,153219.98,,,1103.57,,,,,,,2024-11-11,19.04,11.74,6.3,14.79,12.65,10.21,,,202.23,,140,5,,-1,
BUY,462,WGS,2024-11-12,73.89,112048.22,,,4139.62,,,,,,,2024-11-11,68.36,59.69,30.23,73.36,73.86,57.08,,,126.16,,266,5,,-1,
SELL,500,AAOI,2024-11-12,27.74,1208571.42,2024-11-05,16.79,10142.94,16762.89,13239899.92,13223137.04,65.18,5,rotation (out of top-N),2024-11-11,26.8,19.22,13.06,28.34,20.54,16.66,,,105.2,,35,5,,1.4,
SELL,471,APP,2024-11-12,280.5,25651.49,2024-09-10,138.89,1781.41,3597.62,3632424.44,3628826.82,101.85,45,equal-weight sizing trim,2024-11-11,291.17,186.28,100.06,286.25,214.9,155.08,286.25,270.03,191.01,5.67,553,5,6,-1,0.0
SELL,498,INOD,2024-11-12,44.72,340368.97,2024-11-05,20.95,3565.36,7610.65,8090570.32,8082959.67,113.35,5,equal-weight sizing trim,2024-11-11,36.77,25.01,14.41,45.87,29.26,19.08,,,155.14,,175,5,,-1,
SELL,497,NUTX,2024-11-12,29.99,816004.48,2024-11-05,24.86,10142.94,12235.99,4186102.97,4173866.98,20.58,5,rotation (out of top-N),2024-11-11,27.53,23.74,14.01,27.15,26.42,22.63,,,96.57,,63,5,,-0.0,
SELL,499,SEZL,2024-11-12,60.62,143041.58,2024-11-05,33.46,2393.09,4335.59,3885009.27,3880673.68,81.08,5,equal-weight sizing trim,2024-11-11,63.92,42.13,19.51,71.33,48.18,33.32,,,227.67,,999,5,,-1,
SELL,477,WLFC,2024-11-12,67.82,345872.69,2024-09-17,54.78,9473.67,11728.54,4509752.23,4498023.68,23.74,40,rotation (out of top-N),2024-11-11,64.07,55.81,30.27,70.97,66.13,55.61,,,111.65,,322,5,,-1,
BUY,505,AAOI,2024-11-19,27.42,1065323.63,,,14605.59,,,,,,,2024-11-18,38.01,22.63,13.48,27.33,24.95,18.39,,,182.03,,42,5,,1.3,
BUY,498,INOD,2024-11-19,41.11,82944.86,,,1704.93,,,,,,,2024-11-18,44.77,28.6,15.33,41.44,36.15,22.34,,,192.11,,182,5,,-1,
BUY,504,LMND,2024-11-19,34.25,852880.99,,,14605.59,,,,,,,2024-11-18,49.21,27.8,19.05,34.31,30.55,21.35,,,158.3,,357,5,,-1,
BUY,503,MSTR,2024-11-19,389.33,0.0,,,0.0,,,,,,,2024-11-18,421.25,265.22,166.61,384.48,318.82,228.14,,,152.84,,651,5,,-1,
BUY,506,NUTX,2024-11-19,27.66,1056080.04,,,14605.59,,,,,,,2024-11-18,32.59,25.35,14.37,29.58,29.27,23.54,,,126.75,,70,5,,-0.2,
BUY,462,WGS,2024-11-19,69.11,42853.45,,,1480.91,,,,,,,2024-11-18,78.64,63.13,32.07,71.03,73.2,61.36,,,145.24,,273,5,,-1,
SELL,471,APP,2024-11-19,294.55,888.86,2024-09-10,138.89,61.73,130.91,138357.75,138226.84,111.96,50,equal-weight sizing trim,2024-11-18,333.45,213.03,106.9,298.1,262.72,175.67,298.1,287.17,211.94,3.67,560,5,5.4,-1,0.6
SELL,491,DRUG,2024-11-19,37.72,652615.65,2024-10-15,20.34,6637.32,12308.33,11342018.46,11329710.13,85.35,25,ratchet-ATR exit,2024-11-18,36.0,30.63,7.76,36.19,42.6,28.3,,,364.15,,35,5,,1.4,
SELL,493,MNPR,2024-11-19,18.8,85008.49,2024-10-22,9.43,400.71,799.08,796730.7,795931.62,99.31,20,equal-weight sizing trim,2024-11-18,19.86,12.76,5.43,18.57,17.26,10.87,,,265.75,,63,5,,-0.0,
SELL,503,MSTR,2024-11-19,389.33,9329.94,2024-11-12,332.56,1551.38,1816.21,529660.87,527844.66,17.01,5,equal-weight sizing trim,2024-11-18,421.25,265.22,166.61,384.48,318.82,228.14,,,152.84,,651,5,,-1,
SELL,501,PDEX,2024-11-19,42.34,614695.71,2024-11-12,45.66,14033.5,13011.57,-2043863.23,-2056874.81,-7.33,5,rotation (out of top-N),2024-11-18,42.88,35.57,22.96,42.34,43.74,33.46,,,86.74,,336,5,,-1,
SELL,502,PLTR,2024-11-19,59.64,475389.67,2024-11-12,59.04,14033.5,14176.12,285233.8,271057.68,0.97,5,rotation (out of top-N),2024-11-18,64.32,49.97,31.01,61.26,58.05,45.62,61.26,58.34,107.39,4.75,588,5,6,-1,0.0
SELL,484,RKLB,2024-11-19,19.05,415157.13,2024-09-24,10.38,2153.81,3954.37,3601116.4,3597162.03,83.51,40,equal-weight sizing trim,2024-11-18,23.26,13.83,6.76,19.27,16.16,11.52,,,244.13,,147,5,,-1,
SELL,499,SEZL,2024-11-19,66.67,24865.84,2024-11-05,33.46,416.01,828.9,825794.66,824965.76,99.15,10,equal-weight sizing trim,2024-11-18,78.52,48.75,21.26,66.35,58.13,37.96,,,269.31,,999,5,,-1,
BUY,471,APP,2024-11-26,325.41,6205.19,,,1009.61,,,,,,,2024-11-25,336.69,235.52,113.88,319.64,301.37,199.97,319.64,305.1,195.66,4.55,567,5,6,-1,0.0
BUY,508,DAVE,2024-11-26,86.24,397621.26,,,17145.43,,,,,,,2024-11-25,98.72,63.58,42.36,85.16,77.37,52.23,,,133.06,,357,5,,-1,
BUY,507,DRUG,2024-11-26,42.27,811233.92,,,17145.43,,,,,,,2024-11-25,43.71,33.01,8.8,39.31,38.43,32.62,,,396.74,,42,5,,1.3,
BUY,498,INOD,2024-11-26,42.74,91699.36,,,1959.84,,,,,,,2024-11-25,41.12,30.88,16.18,45.33,41.86,25.99,,,154.17,,189,5,,-1,
BUY,493,MNPR,2024-11-26,19.25,227557.42,,,2190.24,,,,,,,2024-11-25,22.84,14.59,5.84,19.25,18.66,12.58,,,290.86,,70,5,,-0.2,
BUY,484,RKLB,2024-11-26,23.72,0.0,,,0.0,,,,,,,2024-11-25,27.28,16.28,7.33,24.06,20.17,13.17,,,272.09,,154,5,,-1,
BUY,499,SEZL,2024-11-26,75.42,16519.61,,,622.95,,,,,,,2024-11-25,71.07,52.81,22.88,76.29,68.18,43.46,,,210.67,,999,5,,-1,
SELL,505,AAOI,2024-11-26,38.19,166855.33,2024-11-19,27.42,2287.59,3185.69,1796197.65,1793011.96,39.19,5,equal-weight sizing trim,2024-11-25,41.24,26.02,14.15,37.9,31.73,20.89,,,191.35,,49,5,,1.2,
SELL,504,LMND,2024-11-26,49.81,164172.53,2024-11-19,34.25,2811.45,4089.13,2555345.43,2551256.31,45.37,5,equal-weight sizing trim,2024-11-25,51.94,32.19,19.9,51.01,41.84,25.16,,,160.98,,364,5,,-1,
SELL,503,MSTR,2024-11-26,381.43,75066.88,2024-11-12,332.56,12482.12,14316.38,3668518.22,3654201.84,14.64,10,rotation (out of top-N),2024-11-25,386.38,287.25,174.55,402.5,383.26,260.84,,,121.36,,658,5,,-1,
SELL,506,NUTX,2024-11-26,34.11,50274.94,2024-11-19,27.66,695.3,857.44,324273.37,323415.93,23.26,5,equal-weight sizing trim,2024-11-25,37.45,27.55,14.86,35.24,31.11,25.12,,,151.91,,77,5,,-0.3,
SELL,484,RKLB,2024-11-26,23.72,87787.17,2024-09-24,10.38,455.44,1041.16,1171441.15,1170400.0,128.49,45,equal-weight sizing trim,2024-11-25,27.28,16.28,7.33,24.06,20.17,13.17,,,272.09,,154,5,,-1,
SELL,462,WGS,2024-11-26,78.52,422835.93,2024-08-13,58.52,12371.75,16599.48,8455453.56,8438854.08,34.11,74,rotation (out of top-N),2024-11-25,78.35,65.9,33.83,80.37,74.62,65.6,,,131.61,,280,5,,-1,
BUY,510,CRDO,2024-12-03,64.5,541533.79,,,17464.46,,,,,,,2024-12-02,74.22,47.07,30.28,47.78,46.14,41.44,,,145.14,,539,5,,-1,
BUY,511,HUT,2024-12-03,24.95,1399957.1,,,17464.46,,,,,,,2024-12-02,30.21,21.83,13.24,25.93,25.53,18.72,,,128.18,,168,5,,-1,
BUY,498,INOD,2024-12-03,39.38,84910.62,,,1671.68,,,,,,,2024-12-02,44.51,33.36,17.11,40.51,40.92,28.44,,,160.19,,196,5,,-1,
BUY,509,PLTR,2024-12-03,66.6,524458.4,,,17464.46,,,,,,,2024-12-02,76.31,57.3,33.4,66.39,64.15,51.68,66.39,64.9,128.47,2.24,602,5,4.5,-1,1.5
BUY,484,RKLB,2024-12-03,23.72,26900.17,,,319.04,,,,,,,2024-12-02,24.66,17.8,7.83,24.16,23.15,14.79,,,214.76,,161,5,,-1,
SELL,505,AAOI,2024-12-03,40.38,32922.71,2024-11-19,27.42,451.37,664.63,426513.71,425849.08,47.17,9,equal-weight sizing trim,2024-12-02,38.93,28.36,14.74,40.75,35.88,23.36,,,164.06,,56,5,,1.1,
SELL,471,APP,2024-12-03,339.94,2625.33,2024-09-10,149.87,196.73,446.23,498992.53,498546.3,126.71,59,equal-weight sizing trim,2024-12-02,401.65,265.72,122.36,340.72,319.93,219.94,340.72,328.87,228.25,3.48,574,5,5.3,-1,0.7
SELL,508,DAVE,2024-12-03,90.44,397621.26,2024-11-26,86.24,17145.43,17980.43,1670009.31,1652028.87,4.82,4,rotation (out of top-N),2024-12-02,91.94,68.74,44.09,93.12,86.08,57.4,,,108.54,,364,5,,-1,
SELL,507,DRUG,2024-12-03,45.18,37741.16,2024-11-26,42.27,797.66,852.57,109826.77,108974.2,6.83,4,equal-weight sizing trim,2024-12-02,39.57,34.2,9.74,46.82,40.78,36.7,,,306.16,,49,5,,1.2,
SELL,504,LMND,2024-12-03,45.27,688708.46,2024-11-19,34.25,11794.13,15588.92,7589567.2,7573978.29,32.11,9,rotation (out of top-N),2024-12-02,47.03,34.89,20.66,45.94,45.78,28.44,,,127.72,,371,5,,-1,
SELL,493,MNPR,2024-12-03,22.1,200835.34,2024-10-22,10.68,1072.65,2219.23,2293169.48,2290950.25,106.79,29,equal-weight sizing trim,2024-12-02,22.01,15.94,6.28,21.89,20.2,14.22,,,250.43,,77,5,,-0.3,
SELL,506,NUTX,2024-12-03,38.6,100457.87,2024-11-19,27.66,1389.33,1938.84,1099009.08,1097070.25,39.48,9,equal-weight sizing trim,2024-12-02,37.27,29.32,15.37,36.83,34.06,26.61,,,142.45,,84,5,,-0.4,
SELL,499,SEZL,2024-12-03,64.76,454884.49,2024-11-05,34.98,7956.8,14729.16,13544721.77,13529992.61,85.02,19,ratchet-ATR exit,2024-12-02,60.34,54.18,24.19,64.3,68.47,47.72,,,149.39,,999,5,,-1,
BUY,505,AAOI,2024-12-10,33.71,169068.98,,,2849.66,,,,,,,2024-12-09,36.41,29.83,15.28,36.17,37.52,26.19,,,138.21,,63,5,,-0.0,
BUY,471,APP,2024-12-10,341.04,0.0,,,0.0,,,,,,,2024-12-09,324.48,276.41,128.89,342.49,352.5,248.56,342.49,313.62,151.75,8.43,581,5,6,-1,0.0
BUY,513,MSTR,2024-12-10,373.25,93401.92,,,17431.13,,,,,,,2024-12-09,408.62,325.31,188.38,365.11,382.52,305.95,,,116.91,,672,5,,-1,
BUY,506,NUTX,2024-12-10,37.41,27002.48,,,505.08,,,,,,,2024-12-09,35.03,30.36,15.86,37.27,36.07,28.81,,,120.81,,91,5,,-0.5,
BUY,484,RKLB,2024-12-10,22.82,55503.16,,,633.15,,,,,,,2024-12-09,24.42,19.01,8.33,23.23,23.46,16.55,,,192.99,,168,5,,-1,
BUY,512,SEI,2024-12-10,25.89,1346553.42,,,17431.13,,,,,,,2024-12-09,27.51,20.44,12.16,25.35,24.21,17.68,,,126.21,,217,5,,-1,
BUY,514,SEZL,2024-12-10,55.0,633859.42,,,17431.13,,,,,,,2024-12-09,51.49,53.69,25.23,55.78,63.26,51.91,,,104.1,,999,5,,-1,
SELL,471,APP,2024-12-10,341.04,527.14,2024-09-10,149.87,39.5,89.89,100773.33,100683.45,127.44,64,equal-weight sizing trim,2024-12-09,324.48,276.41,128.89,342.49,352.5,248.56,342.49,313.62,151.75,8.43,581,5,6,-1,0.0
SELL,510,CRDO,2024-12-10,67.17,22258.7,2024-12-03,64.5,717.84,747.56,59430.74,58683.18,4.09,5,equal-weight sizing trim,2024-12-09,76.02,52.34,31.62,67.03,61.36,45.8,,,140.4,,546,5,,-1,
SELL,507,DRUG,2024-12-10,39.26,773492.76,2024-11-26,42.27,16347.77,15183.66,-2328213.21,-2343396.87,-7.17,9,ratchet-ATR exit,2024-12-09,40.53,35.35,10.72,38.75,40.72,41.73,,,278.24,,56,5,,1.1,
SELL,511,HUT,2024-12-10,27.53,1399957.1,2024-12-03,24.95,17464.46,19270.41,3611889.33,3592618.92,10.29,5,rotation (out of top-N),2024-12-09,27.35,22.84,13.73,27.2,26.9,20.73,,,99.26,,175,5,,-1,
SELL,498,INOD,2024-12-10,41.97,887485.22,2024-11-05,26.85,11914.02,18623.88,13419705.24,13401081.36,56.24,24,rotation (out of top-N),2024-12-09,34.52,33.57,17.79,43.61,42.86,31.96,,,94.03,,203,5,,-1,
SELL,493,MNPR,2024-12-10,23.27,82694.1,2024-10-22,10.68,441.66,962.35,1041379.77,1040417.42,117.78,34,equal-weight sizing trim,2024-12-09,24.84,17.56,6.8,21.91,21.6,16.39,,,265.56,,84,5,,-0.4,
SELL,509,PLTR,2024-12-10,71.97,39849.75,2024-12-03,66.6,1327.0,1434.09,214192.41,212758.31,8.02,5,equal-weight sizing trim,2024-12-09,76.08,60.72,34.65,72.5,69.54,55.46,72.57,68.74,119.57,5.28,609,5,6,-1,0.0
BUY,505,AAOI,2024-12-17,34.7,22517.84,,,390.74,,,,,,,2024-12-16,37.83,31.28,15.91,35.15,35.63,28.17,,,137.73,,70,5,,-0.2,
BUY,471,APP,2024-12-17,339.59,5759.25,,,977.89,,,,,,,2024-12-16,340.94,288.14,135.83,343.98,339.65,271.86,343.98,329.41,151.0,4.23,588,5,5.8,-1,0.2
BUY,516,DRUG,2024-12-17,39.54,927410.9,,,18334.91,,,,,,,2024-12-16,38.48,35.92,11.64,40.53,39.78,43.1,,,230.4,,63,5,,-0.0,
BUY,517,INOD,2024-12-17,39.05,939168.31,,,18334.91,,,,,,,2024-12-16,43.04,35.29,18.71,37.76,38.85,34.32,,,130.05,,210,5,,-1,
BUY,509,PLTR,2024-12-17,73.35,15563.12,,,570.78,,,,,,,2024-12-16,80.63,64.34,36.08,75.75,72.49,59.35,75.75,72.63,123.47,4.12,616,5,5.7,-1,0.3
BUY,515,XMTR,2024-12-17,37.3,983105.28,,,18334.91,,,,,,,2024-12-16,41.67,30.63,19.53,36.74,33.85,28.49,,,113.43,,49,5,,1.2,
SELL,510,CRDO,2024-12-17,76.3,38434.06,2024-12-03,64.5,1239.5,1466.26,453521.88,452055.62,18.24,10,equal-weight sizing trim,2024-12-16,68.5,55.27,32.86,77.25,68.5,50.08,,,108.47,,553,5,,-1,
SELL,493,MNPR,2024-12-17,26.47,112562.73,2024-10-22,10.68,601.19,1489.77,1777158.13,1775668.36,147.68,39,equal-weight sizing trim,2024-12-16,25.3,18.97,7.34,27.1,23.7,18.76,,,244.55,,91,5,,-0.5,
SELL,513,MSTR,2024-12-17,412.74,93401.92,2024-12-10,373.25,17431.13,19275.36,3688441.97,3669166.62,10.52,5,rotation (out of top-N),2024-12-16,363.94,332.34,193.03,408.21,394.6,330.9,,,88.54,,679,5,,-1,
SELL,506,NUTX,2024-12-17,33.02,932349.71,2024-11-19,27.94,13026.03,15393.09,4734120.24,4718727.15,18.11,19,rotation (out of top-N),2024-12-16,31.68,30.6,16.27,35.03,35.38,30.51,,,94.67,,98,5,,-0.6,
SELL,484,RKLB,2024-12-17,25.93,113885.37,2024-09-24,11.06,629.92,1476.52,1693212.93,1691736.4,134.28,59,equal-weight sizing trim,2024-12-16,24.91,20.08,8.85,25.87,23.87,18.21,,,181.27,,175,5,,-1,
SELL,512,SEI,2024-12-17,28.45,56986.78,2024-12-10,25.89,737.69,810.64,145886.16,145075.52,9.83,5,equal-weight sizing trim,2024-12-16,26.37,21.52,12.62,28.54,27.03,19.61,,,109.0,,224,5,,-1,
SELL,514,SEZL,2024-12-17,53.83,633859.42,2024-12-10,55.0,17431.13,17060.33,-741615.52,-758675.85,-2.18,5,rotation (out of top-N),2024-12-16,44.28,51.98,26.09,55.03,57.25,54.36,,,69.7,,999,5,,-1,
BUY,505,AAOI,2024-12-24,36.55,0.0,,,0.0,,,,,,,2024-12-23,37.76,32.46,16.49,37.38,35.43,30.31,,,128.97,,77,5,,-0.3,
BUY,510,CRDO,2024-12-24,69.65,52071.08,,,1813.38,,,,,,,2024-12-23,69.25,57.82,34.04,68.35,68.18,53.67,,,103.44,,560,5,,-1,
BUY,516,DRUG,2024-12-24,37.91,51701.8,,,980.01,,,,,,,2024-12-23,39.97,36.66,12.61,38.48,39.04,41.93,,,216.85,,70,5,,-0.2,
BUY,493,MNPR,2024-12-24,22.84,239033.44,,,2729.76,,,,,,,2024-12-23,24.8,20.03,7.88,25.3,25.47,20.48,,,214.85,,98,5,,-0.6,
BUY,484,RKLB,2024-12-24,25.52,39599.23,,,505.29,,,,,,,2024-12-23,27.21,21.37,9.43,24.69,24.2,19.87,,,188.44,,182,5,,-1,
BUY,512,SEI,2024-12-24,28.25,24373.13,,,344.27,,,,,,,2024-12-23,27.62,22.63,13.1,26.56,26.79,21.34,,,110.79,,231,5,,-1,
SELL,505,AAOI,2024-12-24,36.55,41699.69,2024-11-19,28.58,595.91,762.17,332507.17,331745.0,27.84,24,equal-weight sizing trim,2024-12-23,37.76,32.46,16.49,37.38,35.43,30.31,,,128.97,,77,5,,-0.3,
SELL,471,APP,2024-12-24,346.83,1011.3,2024-09-10,159.99,80.9,175.38,188961.49,188786.12,116.68,74,equal-weight sizing trim,2024-12-23,335.06,296.67,142.43,336.3,333.89,293.09,336.3,321.58,135.24,4.38,595,5,5.9,-1,0.1
SELL,517,INOD,2024-12-24,42.65,68848.43,2024-12-17,39.05,1344.09,1468.19,248198.61,246730.41,9.18,5,equal-weight sizing trim,2024-12-23,45.34,37.12,19.69,41.6,39.52,36.79,,,130.32,,217,5,,-1,
SELL,509,PLTR,2024-12-24,81.06,42278.2,2024-12-03,66.81,1412.3,1713.64,602674.47,600960.83,21.28,15,equal-weight sizing trim,2024-12-23,79.12,67.03,37.45,79.49,75.24,63.44,79.49,75.7,111.24,4.77,623,5,6,-1,0.0
SELL,515,XMTR,2024-12-24,42.3,105480.43,2024-12-17,37.3,1967.21,2230.65,526874.75,524644.11,13.33,5,equal-weight sizing trim,2024-12-23,44.18,33.09,20.2,40.79,37.19,30.8,,,118.71,,56,5,,1.1,
BUY,471,APP,2024-12-31,331.42,4172.01,,,691.33,,,,,,,2024-12-30,350.59,306.47,149.46,335.58,336.73,310.08,335.58,325.49,134.56,3.01,602,5,5.0,-1,1.0
BUY,516,DRUG,2024-12-31,35.23,67048.68,,,1180.89,,,,,,,2024-12-30,38.98,37.08,13.56,37.21,38.87,41.15,,,187.47,,77,5,,-0.3,
BUY,517,INOD,2024-12-31,42.0,7110.28,,,149.32,,,,,,,2024-12-30,44.26,38.42,20.63,42.05,42.02,39.11,,,114.57,,224,5,,-1,
BUY,518,NUTX,2024-12-31,30.93,1190875.84,,,18416.89,,,,,,,2024-12-30,34.25,31.33,17.16,30.93,32.1,32.31,,,99.55,,112,5,,-0.9,
BUY,509,PLTR,2024-12-31,77.59,17058.78,,,661.8,,,,,,,2024-12-30,79.87,69.36,38.88,77.16,77.73,67.08,77.16,74.61,105.45,3.31,630,5,5.2,-1,0.8
BUY,484,RKLB,2024-12-31,26.55,0.0,,,0.0,,,,,,,2024-12-30,28.72,22.71,10.05,26.32,25.79,21.47,,,185.79,,189,5,,-1,
SELL,505,AAOI,2024-12-31,36.37,2034.78,2024-11-19,28.58,29.08,37.0,15838.42,15801.42,27.17,28,equal-weight sizing trim,2024-12-30,37.86,33.44,17.09,36.25,37.04,32.57,,,121.54,,84,5,,-0.4,
SELL,510,CRDO,2024-12-31,69.46,2359.05,2024-12-03,65.0,76.67,81.93,10513.78,10431.85,6.8,19,equal-weight sizing trim,2024-12-30,72.36,60.46,35.32,69.56,69.36,56.73,,,104.87,,567,5,,-1,
SELL,493,MNPR,2024-12-31,23.62,1625061.81,2024-10-22,12.47,10132.43,19191.98,18119098.75,18099906.77,89.32,48,ratchet-ATR exit,2024-12-30,23.06,20.58,8.37,23.62,24.59,21.29,,,175.53,,105,5,,-0.8,
SELL,484,RKLB,2024-12-31,26.55,66461.33,2024-09-24,11.46,380.69,882.27,1003172.41,1002290.14,131.64,68,equal-weight sizing trim,2024-12-30,28.72,22.71,10.05,26.32,25.79,21.47,,,185.79,,189,5,,-1,
SELL,512,SEI,2024-12-31,28.23,8512.35,2024-12-10,25.93,110.38,120.15,19546.26,19426.11,8.8,14,equal-weight sizing trim,2024-12-30,29.02,23.79,13.62,27.93,27.45,22.85,,,113.04,,238,5,,-1,
SELL,515,XMTR,2024-12-31,43.83,36825.94,2024-12-17,37.3,686.8,807.04,240473.41,239666.37,17.45,9,equal-weight sizing trim,2024-12-30,43.14,34.92,20.86,43.79,40.98,33.21,,,106.84,,63,5,,-0.0,
BUY,471,APP,2025-01-07,337.06,2604.91,,,439.01,,,,,,,2025-01-06,317.89,308.55,155.54,355.14,341.47,327.95,355.14,341.89,104.38,3.73,609,5,5.5,-1,0.5
BUY,522,BMA,2025-01-07,107.39,357002.42,,,19169.24,,,,,,,2025-01-06,106.13,88.84,62.43,106.1,96.71,83.77,,,70.0,,749,5,,-1,
BUY,521,MNPR,2025-01-07,23.23,1650742.28,,,19169.24,,,,,,,2025-01-06,25.33,21.44,8.93,23.23,23.82,22.03,,,183.73,,112,5,,-0.9,
BUY,484,RKLB,2025-01-07,29.14,0.0,,,0.0,,,,,,,2025-01-06,26.9,23.47,10.63,28.8,26.64,22.98,,,153.13,,196,5,,-1,
BUY,520,WGS,2025-01-07,91.25,420170.85,,,19169.24,,,,,,,2025-01-06,89.37,76.23,44.32,89.08,79.84,76.49,,,101.67,,322,5,,-1,
BUY,519,YPF,2025-01-07,45.05,851020.85,,,19169.24,,,,,,,2025-01-06,45.85,39.73,26.47,44.98,43.38,39.25,,,73.24,,413,5,,-1,
SELL,505,AAOI,2025-01-07,33.76,1013397.93,2024-11-19,28.58,14482.04,17103.62,5243171.74,5226068.12,18.04,32,ratchet-ATR exit,2025-01-06,31.63,33.11,17.57,33.9,36.39,34.53,,,80.06,,91,5,,-0.5,
SELL,510,CRDO,2025-01-07,76.43,28686.41,2024-12-03,65.0,932.35,1096.25,327793.64,326697.39,17.52,23,equal-weight sizing trim,2025-01-06,73.8,62.89,36.63,76.67,71.11,59.74,,,101.48,,574,5,,-1,
SELL,516,DRUG,2025-01-07,40.48,98707.54,2024-12-17,39.18,1933.82,1998.09,128527.54,126529.45,3.27,13,equal-weight sizing trim,2025-01-06,39.55,37.53,14.52,41.17,39.3,39.85,,,172.42,,84,5,,-0.4,
SELL,517,INOD,2025-01-07,42.71,877430.15,2024-12-17,39.07,17140.14,18737.52,3194770.65,3176033.13,9.26,13,rotation (out of top-N),2025-01-06,35.97,37.97,21.36,43.78,42.12,41.09,,,68.44,,231,5,,-1,
SELL,518,NUTX,2025-01-07,34.25,70943.92,2024-12-31,30.93,1097.15,1214.91,235533.82,234318.9,10.68,4,equal-weight sizing trim,2025-01-06,30.62,31.2,17.64,34.25,33.01,33.23,,,73.63,,119,5,,-1.0,
SELL,509,PLTR,2025-01-07,75.19,474952.36,2024-12-03,67.2,15957.74,17855.83,3796193.36,3778337.53,11.84,23,rotation (out of top-N),2025-01-06,67.26,68.98,39.98,75.94,77.21,69.99,75.94,73.58,68.22,3.11,637,5,5.1,-1,0.9
SELL,484,RKLB,2025-01-07,29.14,71707.18,2024-09-24,11.46,410.74,1044.77,1268075.31,1267030.53,154.24,72,equal-weight sizing trim,2025-01-06,26.9,23.47,10.63,28.8,26.64,22.98,,,153.13,,196,5,,-1,
SELL,512,SEI,2025-01-07,30.23,36566.41,2024-12-10,25.93,474.15,552.7,157097.43,156544.72,16.51,18,equal-weight sizing trim,2025-01-06,28.17,24.59,14.11,30.66,28.52,24.37,,,99.6,,245,5,,-1,
SELL,515,XMTR,2025-01-07,41.81,840798.9,2024-12-17,37.3,15680.9,17576.9,3792003.05,3774426.15,12.04,13,rotation (out of top-N),2025-01-06,33.52,34.67,21.25,41.99,41.73,34.92,,,57.75,,70,5,,-0.1,
BUY,528,AGX,2025-01-14,165.59,219563.08,,,18178.73,,,,,,,2025-01-13,175.62,148.31,100.61,153.86,149.17,146.08,,,74.55,,742,5,,-1,
BUY,527,CLS,2025-01-14,102.92,353276.5,,,18178.73,,,,,,,2025-01-13,113.24,94.93,64.65,100.42,98.73,91.97,,,75.17,,777,5,,-1,
BUY,510,CRDO,2025-01-14,70.98,10605.34,,,376.38,,,,,,,2025-01-13,80.06,66.01,38.1,69.07,71.77,62.31,,,110.15,,581,5,,-1,
BUY,526,DXPE,2025-01-14,93.91,387152.07,,,18178.73,,,,,,,2025-01-13,102.52,82.08,58.45,91.03,85.43,77.61,,,75.39,,315,5,,-1,
BUY,523,HOOD,2025-01-14,41.83,869171.67,,,18178.73,,,,,,,2025-01-13,48.12,39.07,26.17,39.59,40.04,38.22,39.59,38.03,83.88,3.94,399,5,5.6,-1,0.4
BUY,521,MNPR,2025-01-14,25.61,0.0,,,0.0,,,,,,,2025-01-13,29.27,22.87,9.56,25.55,24.41,22.85,,,206.15,,119,5,,-1.0,
BUY,525,MSTR,2025-01-14,343.18,105942.8,,,18178.73,,,,,,,2025-01-13,396.41,343.92,212.48,328.4,335.02,366.84,,,86.57,,707,5,,-1,
BUY,529,PLTR,2025-01-14,67.18,541194.56,,,18178.73,,,,,,,2025-01-13,71.77,69.49,41.21,64.99,71.7,70.9,64.99,62.45,74.15,3.91,644,5,5.6,-1,0.4
BUY,524,UI,2025-01-14,390.64,93071.5,,,18178.73,,,,,,,2025-01-13,395.59,340.18,220.54,359.78,349.14,342.19,,,79.38,,231,5,,-1,
SELL,471,APP,2025-01-14,324.06,113799.41,2024-09-10,170.32,9691.34,18438.92,17495162.66,17476723.74,90.17,86,ratchet-ATR exit,2025-01-13,342.5,314.72,162.22,315.57,330.61,332.47,315.57,301.62,111.14,4.42,616,5,5.9,-1,0.1
SELL,522,BMA,2025-01-14,102.49,357002.42,2025-01-07,107.39,19169.24,18294.59,-1749311.84,-1767606.43,-4.61,4,rotation (out of top-N),2025-01-13,97.32,90.39,63.77,99.92,100.9,86.81,,,52.61,,756,5,,-0.6,
SELL,516,DRUG,2025-01-14,36.28,947453.83,2024-12-17,39.18,18561.99,17186.81,-2750359.42,-2767546.23,-7.45,17,ratchet-ATR exit,2025-01-13,36.66,37.37,15.4,35.73,38.97,39.27,,,137.98,,91,5,,-0.5,
SELL,521,MNPR,2025-01-14,25.61,230373.73,2025-01-07,23.23,2675.21,2949.94,549441.34,546491.4,10.21,4,equal-weight sizing trim,2025-01-13,29.27,22.87,9.56,25.55,24.41,22.85,,,206.15,,119,5,,-1.0,
SELL,518,NUTX,2025-01-14,31.34,1119931.92,2024-12-31,30.93,17319.75,17549.33,459172.09,441622.75,1.27,8,ratchet-ATR exit,2025-01-13,39.33,32.68,18.44,29.4,32.27,33.32,,,113.25,,126,5,,-1,
SELL,484,RKLB,2025-01-14,24.46,1316323.55,2024-09-24,11.46,7539.85,16098.64,17117573.34,17101474.7,113.41,76,ratchet-ATR exit,2025-01-13,24.0,23.57,11.13,23.9,26.4,24.23,,,115.56,,203,5,,-1,
SELL,512,SEI,2025-01-14,28.74,3181.17,2024-12-10,25.93,41.25,45.71,8927.06,8881.35,10.77,22,equal-weight sizing trim,2025-01-13,30.84,25.72,14.68,28.32,28.45,25.51,,,110.07,,252,5,,-1,
SELL,520,WGS,2025-01-14,85.02,420170.85,2025-01-07,91.25,19169.24,17861.46,-2615563.56,-2633425.02,-6.87,4,rotation (out of top-N),2025-01-13,69.51,75.01,45.81,84.93,85.87,78.1,,,51.73,,329,5,,-0.6,
SELL,519,YPF,2025-01-14,45.34,851020.85,2025-01-07,45.05,19169.24,19292.64,246796.05,227503.4,0.59,4,rotation (out of top-N),2025-01-13,42.7,40.27,27.0,44.52,44.46,40.84,,,58.12,,420,5,,-0.9,
BUY,533,APP,2025-01-28,348.17,106154.12,,,18479.57,,,,,,,2025-01-27,369.55,331.9,177.02,343.25,346.08,340.58,343.25,327.33,108.76,4.64,630,5,6,-1,0.0
BUY,527,CLS,2025-01-28,91.94,48892.18,,,2247.57,,,,,,,2025-01-27,123.52,104.1,68.67,87.51,109.21,97.94,,,79.87,,791,5,,-1,
BUY,531,DRUG,2025-01-28,29.66,1245883.99,,,18479.57,,,,,,,2025-01-27,33.27,35.84,16.98,29.96,34.06,38.47,,,95.93,,105,5,,-0.8,
BUY,530,EAT,2025-01-28,150.69,245257.96,,,18479.57,,,,,,,2025-01-27,181.91,142.28,92.84,151.81,148.01,136.25,,,95.93,,413,5,,-1,
BUY,532,NUTX,2025-01-28,39.53,934964.55,,,18479.57,,,,,,,2025-01-27,47.73,36.95,20.37,40.07,37.73,34.72,,,134.27,,140,5,,-1,
BUY,534,RKLB,2025-01-28,29.77,1241489.7,,,18479.57,,,,,,,2025-01-27,29.04,25.57,12.44,29.42,28.47,25.85,,,133.53,,217,5,,-1,
BUY,535,TWLO,2025-01-28,142.67,259053.4,,,18479.57,,,,,,,2025-01-27,146.66,117.12,78.28,139.0,120.55,111.23,,,87.36,,119,5,,-1.0,
SELL,528,AGX,2025-01-28,139.47,219563.08,2025-01-14,165.59,18178.73,15311.23,-5734987.72,-5750298.95,-15.82,9,rotation (out of top-N),2025-01-27,134.98,148.62,105.12,135.78,163.03,151.15,,,28.4,,756,5,,0.6,
SELL,510,CRDO,2025-01-28,59.4,512471.99,2024-12-03,65.13,16687.85,15220.42,-2934873.48,-2950093.89,-8.84,36,rotation (out of top-N),2025-01-27,70.01,68.89,40.97,55.63,74.65,69.66,,,70.88,,595,5,,-1,
SELL,526,DXPE,2025-01-28,99.48,387152.07,2025-01-14,93.91,18178.73,19256.94,2156437.03,2137180.08,5.88,9,rotation (out of top-N),2025-01-27,101.27,89.16,61.12,100.84,100.09,84.87,,,65.7,,329,5,,-1,
SELL,523,HOOD,2025-01-28,48.02,99125.08,2025-01-14,41.83,2073.2,2379.99,613584.22,611204.23,14.74,9,equal-weight sizing trim,2025-01-27,51.93,43.2,27.88,47.73,47.34,41.18,47.73,45.78,86.25,4.08,413,5,5.7,-1,0.3
SELL,521,MNPR,2025-01-28,35.82,388050.37,2025-01-07,23.23,4506.23,6949.98,4887494.42,4880544.44,54.15,13,equal-weight sizing trim,2025-01-27,43.13,29.17,11.49,32.27,32.07,25.7,,,275.32,,133,5,,-1,
SELL,525,MSTR,2025-01-28,343.12,105942.8,2025-01-14,343.18,18178.73,18175.55,-6356.57,-24532.12,-0.07,9,rotation (out of top-N),2025-01-27,333.96,343.48,223.52,347.92,360.41,361.85,,,49.41,,721,5,,-0.5,
SELL,529,PLTR,2025-01-28,75.54,51683.88,2025-01-14,67.18,1736.06,1952.1,432077.21,430125.11,12.39,9,equal-weight sizing trim,2025-01-27,82.49,73.26,44.17,75.45,74.48,73.3,75.45,72.01,86.74,4.56,658,5,6,-1,0.0
SELL,512,SEI,2025-01-28,24.42,1265679.84,2024-12-10,25.93,16411.93,15453.95,-1915957.26,-1931411.21,-5.88,31,rotation (out of top-N),2025-01-27,26.71,27.18,15.77,23.78,30.17,27.97,,,69.34,,266,5,,-1,
SELL,524,UI,2025-01-28,396.9,93071.5,2025-01-14,390.64,18178.73,18470.04,582627.59,564157.55,1.55,9,rotation (out of top-N),2025-01-27,393.89,363.7,235.91,393.14,400.6,357.17,,,66.97,,245,5,,-1,
BUY,533,APP,2025-02-04,374.0,11077.92,,,2071.57,,,,,,,2025-02-03,375.72,339.87,184.54,365.41,358.68,343.71,365.41,351.65,103.6,3.77,637,5,5.5,-1,0.5
BUY,536,CRDO,2025-02-04,73.17,598905.81,,,21912.47,,,,,,,2025-02-03,77.25,70.41,42.47,71.86,69.31,71.25,,,81.88,,602,5,,-1,
BUY,537,DAVE,2025-02-04,97.44,449763.26,,,21912.47,,,,,,,2025-02-03,102.71,89.39,56.21,91.27,92.54,90.4,,,82.74,,427,5,,-1,
BUY,531,DRUG,2025-02-04,37.8,0.0,,,0.0,,,,,,,2025-02-03,43.43,37.22,18.04,37.05,33.22,37.13,,,140.73,,112,5,,-0.9,
BUY,523,HOOD,2025-02-04,51.96,73774.39,,,1916.66,,,,,,,2025-02-03,55.92,45.51,28.83,51.9,50.08,42.92,51.9,50.16,93.95,3.36,420,5,5.2,-1,0.8
BUY,534,RKLB,2025-02-04,29.03,268773.91,,,3901.25,,,,,,,2025-02-03,27.42,25.91,13.02,28.39,28.63,26.31,,,110.58,,224,5,,-1,
SELL,527,CLS,2025-02-04,122.86,45298.49,2025-01-14,101.58,2300.73,2782.8,964144.23,961361.43,20.89,14,equal-weight sizing trim,2025-02-03,129.68,108.75,70.79,120.89,112.01,101.05,,,83.18,,798,5,,-1,
SELL,531,DRUG,2025-02-04,37.8,85914.26,2025-01-28,29.67,1274.32,1623.78,698912.48,697288.7,27.36,5,equal-weight sizing trim,2025-02-03,43.43,37.22,18.04,37.05,33.22,37.13,,,140.73,,112,5,,-0.9,
SELL,530,EAT,2025-02-04,192.18,245257.96,2025-01-28,150.69,18479.57,23566.22,10173300.24,10149734.02,27.46,5,rotation (out of top-N),2025-02-03,171.91,147.67,95.77,188.96,168.37,142.11,,,79.51,,420,5,,-1,
SELL,521,MNPR,2025-02-04,43.45,23184.56,2025-01-07,23.23,269.23,503.68,468907.77,468404.08,86.99,18,equal-weight sizing trim,2025-02-03,47.78,32.55,12.61,43.41,38.45,28.24,,,279.03,,140,5,,-1,
SELL,532,NUTX,2025-02-04,48.83,37015.42,2025-01-28,39.53,731.61,903.73,344243.4,343339.67,23.46,5,equal-weight sizing trim,2025-02-03,53.99,40.05,21.56,49.46,43.45,35.9,,,150.43,,147,5,,-1,
SELL,529,PLTR,2025-02-04,102.79,62943.36,2025-01-14,67.18,2114.27,3234.97,2241412.96,2238177.98,52.93,14,equal-weight sizing trim,2025-02-03,110.85,80.1,46.36,83.9,79.19,75.08,100.31,95.13,139.1,5.17,665,5,6,-1,0.0
SELL,535,TWLO,2025-02-04,147.43,259053.4,2025-01-28,142.67,18479.57,19095.47,1231798.91,1212703.44,3.28,5,rotation (out of top-N),2025-02-03,145.56,122.29,80.37,146.56,137.25,116.48,,,81.11,,126,5,,-1,
BUY,533,APP,2025-02-11,381.68,8602.52,,,1641.7,,,,,,,2025-02-10,510.31,370.86,195.13,384.47,371.21,345.48,384.47,371.97,161.52,3.25,644,5,5.2,-1,0.8
BUY,537,DAVE,2025-02-11,105.53,5388.52,,,284.31,,,,,,,2025-02-10,117.27,94.46,57.9,108.95,100.39,92.52,,,102.55,,434,5,,-1,
BUY,523,HOOD,2025-02-11,55.91,15233.75,,,425.86,,,,,,,2025-02-10,65.28,49.11,30.06,56.26,53.06,44.78,56.26,54.47,117.18,3.19,427,5,5.1,-1,0.9
BUY,538,INOD,2025-02-11,43.84,1095155.95,,,24003.08,,,,,,,2025-02-10,53.83,41.6,25.73,44.33,39.74,38.72,,,109.18,,266,5,,-1,
BUY,529,PLTR,2025-02-11,116.61,0.0,,,0.0,,,,,,,2025-02-10,119.16,87.2,48.82,116.69,98.84,79.64,116.69,111.93,144.06,4.08,672,5,5.7,-1,0.3
BUY,534,RKLB,2025-02-11,29.86,98199.53,,,1466.12,,,,,,,2025-02-10,28.01,26.29,13.62,30.62,28.69,26.94,,,105.68,,231,5,,-1,
BUY,539,ROOT,2025-02-11,114.47,419359.35,,,24003.08,,,,,,,2025-02-10,129.83,95.34,65.5,116.05,103.72,83.98,,,98.21,,98,5,,-0.6,
SELL,527,CLS,2025-02-11,127.36,356870.19,2025-01-14,101.58,18125.57,22726.39,9201628.54,9178902.16,25.32,19,rotation (out of top-N),2025-02-10,132.15,113.01,72.88,130.06,125.29,106.39,,,81.31,,805,5,,-1,
SELL,536,CRDO,2025-02-11,74.81,598905.81,2025-02-04,73.17,21912.47,22402.07,979210.99,956808.92,2.18,5,rotation (out of top-N),2025-02-10,70.73,70.47,43.8,77.18,74.76,72.32,,,61.48,,609,5,,-1,
SELL,531,DRUG,2025-02-11,45.66,108060.48,2025-01-28,29.67,1602.81,2467.02,1728427.4,1725960.38,53.84,10,equal-weight sizing trim,2025-02-10,43.72,38.4,19.11,46.33,38.93,37.35,,,128.79,,119,5,,-1.0,
SELL,521,MNPR,2025-02-11,51.85,82804.28,2025-01-07,23.23,961.56,2146.7,2370272.51,2368125.81,123.14,23,equal-weight sizing trim,2025-02-10,43.0,34.45,13.59,52.51,45.03,31.47,,,216.31,,147,5,,-1,
SELL,532,NUTX,2025-02-11,56.28,44534.48,2025-01-28,39.53,880.22,1253.2,745952.52,744699.32,42.3,10,equal-weight sizing trim,2025-02-10,59.94,43.66,22.9,57.0,50.24,37.97,,,161.75,,154,5,,-1,
SELL,529,PLTR,2025-02-11,116.61,14680.04,2025-01-14,67.18,493.1,855.92,725634.6,724778.68,73.49,19,equal-weight sizing trim,2025-02-10,119.16,87.2,48.82,116.69,98.84,79.64,116.69,111.93,144.06,4.08,672,5,5.7,-1,0.3
BUY,542,BROS,2025-02-25,74.65,571460.49,,,21329.76,,,,,,,2025-02-24,79.13,67.32,45.74,75.32,76.26,63.63,,,73.01,,371,5,,-1,
BUY,543,EAT,2025-02-25,150.69,283104.0,,,21329.76,,,,,,,2025-02-24,164.75,151.65,102.77,153.12,158.95,154.83,,,60.31,,441,5,,-1,
BUY,545,HOOD,2025-02-25,47.45,898946.91,,,21329.76,,,,,,,2025-02-24,50.09,49.66,31.59,49.91,55.39,48.88,49.91,47.24,58.57,5.34,441,5,5.9,-0.9,0.0
BUY,539,ROOT,2025-02-25,98.37,14514.31,,,713.89,,,,,,,2025-02-24,134.88,103.26,68.34,99.83,111.53,93.59,,,97.35,,112,5,,-0.9,
BUY,541,SEI,2025-02-25,32.69,1304971.72,,,21329.76,,,,,,,2025-02-24,33.43,29.44,17.96,33.13,30.05,28.66,,,86.11,,294,5,,-1,
BUY,544,TPR,2025-02-25,83.15,513043.0,,,21329.76,,,,,,,2025-02-24,83.86,75.3,52.8,82.86,82.93,73.02,82.63,80.95,58.82,2.03,161,5,4.3,-0.9,1.6
BUY,540,WGS,2025-02-25,94.6,450946.36,,,21329.76,,,,,,,2025-02-24,102.8,82.07,55.43,95.03,90.47,79.59,,,85.46,,371,5,,-1,
SELL,533,APP,2025-02-25,405.41,125834.56,2025-01-28,352.73,22192.85,25507.29,6628887.76,6603380.46,14.88,19,rotation (out of top-N),2025-02-24,325.77,369.29,209.54,410.79,432.29,371.07,410.79,389.43,55.47,5.2,658,5,5.8,-0.8,0.0
SELL,537,DAVE,2025-02-25,99.73,27209.08,2025-02-04,97.54,1326.93,1356.85,59840.43,58483.58,2.2,14,equal-weight sizing trim,2025-02-24,100.79,96.56,60.64,101.23,106.33,96.42,,,66.21,,448,5,,-1,
SELL,531,DRUG,2025-02-25,34.35,1051909.25,2025-01-28,29.67,15602.44,18066.54,4928194.84,4910128.29,15.74,19,ratchet-ATR exit,2025-02-24,37.38,37.91,20.89,35.53,38.74,37.74,,,78.92,,133,5,,-1,
SELL,523,HOOD,2025-02-25,47.45,859054.74,2025-01-14,42.95,18448.04,20383.22,3870357.06,3849973.84,10.43,28,rotation (out of top-N),2025-02-24,50.09,49.66,31.59,49.91,55.39,48.88,49.91,47.24,58.57,5.34,441,5,5.9,-0.9,0.0
SELL,538,INOD,2025-02-25,56.95,345777.22,2025-02-11,43.84,7578.57,9846.87,4536597.1,4526750.23,29.87,9,equal-weight sizing trim,2025-02-24,52.75,46.65,27.98,59.2,53.76,42.34,,,88.55,,280,5,,-1,
SELL,521,MNPR,2025-02-25,32.28,926329.34,2025-01-07,23.23,10757.0,14950.96,8387912.19,8372961.23,38.92,32,ratchet-ATR exit,2025-02-24,35.01,36.03,15.42,44.38,44.84,35.85,,,126.99,,161,5,,-1,
SELL,532,NUTX,2025-02-25,56.01,91392.4,2025-01-28,39.53,1806.37,2559.44,1506146.79,1503587.35,41.62,19,equal-weight sizing trim,2025-02-24,53.15,47.61,25.33,56.01,58.45,44.08,,,109.83,,168,5,,-1,
SELL,529,PLTR,2025-02-25,90.65,411887.29,2025-01-14,67.18,13835.29,18668.79,9666994.59,9648325.8,34.87,28,ratchet-ATR exit,2025-02-24,84.99,88.91,52.41,90.77,105.79,87.75,90.77,84.86,62.15,6.51,686,5,6,-1,0.0
SELL,534,RKLB,2025-02-25,21.7,1608463.14,2025-01-28,29.65,23846.95,17451.83,-12790242.84,-12807694.67,-26.85,19,rotation (out of top-N),2025-02-24,20.48,24.83,14.51,22.5,25.9,27.41,,,41.2,,245,5,,-0.1,
BUY,550,BABA,2025-03-04,126.71,323896.19,,,20520.44,,,,,,,2025-03-03,137.06,113.29,89.52,127.53,127.46,101.72,,,53.1,,287,5,,-0.7,
BUY,547,DRUG,2025-03-04,33.51,1224735.49,,,20520.44,,,,,,,2025-03-03,34.75,37.33,21.73,35.26,36.44,37.32,,,59.88,,140,5,,-1.0,
BUY,551,ESLT,2025-03-04,337.89,121462.27,,,20520.44,,,,,,,2025-03-03,355.0,300.45,229.93,332.35,306.64,294.75,,,54.4,,140,5,,-0.7,
BUY,538,INOD,2025-03-04,47.06,123092.98,,,2896.38,,,,,,,2025-03-03,47.25,46.76,28.84,50.77,54.32,43.89,,,63.82,,287,5,,-1,
BUY,548,MNPR,2025-03-04,29.71,1381382.91,,,20520.44,,,,,,,2025-03-03,28.35,34.63,16.06,30.84,36.63,36.85,,,76.57,,168,5,,-1,
BUY,532,NUTX,2025-03-04,45.95,131522.78,,,3021.74,,,,,,,2025-03-03,44.18,46.99,26.26,53.76,56.07,47.04,,,68.22,,175,5,,-1,
BUY,549,PLTR,2025-03-04,80.17,511923.24,,,20520.44,,,,,,,2025-03-03,84.91,88.18,54.0,83.5,93.0,88.6,83.5,77.97,57.25,6.62,693,5,5.9,-0.9,0.0
BUY,546,PVLA,2025-03-04,19.58,2096061.6,,,20520.44,,,,,,,2025-03-03,24.66,17.9,15.04,19.52,18.9,15.48,,,64.0,,21,5,,1.7,
BUY,540,WGS,2025-03-04,88.3,14068.31,,,621.12,,,,,,,2025-03-03,97.94,84.96,57.39,94.35,95.61,82.21,,,70.66,,378,5,,-1,
SELL,542,BROS,2025-03-04,74.6,571460.49,2025-02-25,74.65,21329.76,21315.48,-28573.02,-49888.5,-0.12,5,rotation (out of top-N),2025-03-03,63.83,66.69,46.45,76.4,76.41,66.42,,,37.42,,378,5,,0.1,
SELL,537,DAVE,2025-03-04,92.19,427942.71,2025-02-04,97.54,20869.85,19726.02,-2287661.0,-2307387.02,-5.53,19,rotation (out of top-N),2025-03-03,83.59,94.2,61.6,95.21,101.48,96.9,,,35.7,,455,5,,0.2,
SELL,543,EAT,2025-03-04,152.96,283104.0,2025-02-25,150.69,21329.76,21651.79,644061.59,622409.8,1.46,5,rotation (out of top-N),2025-03-03,141.49,149.8,104.54,157.97,159.06,157.89,,,35.34,,448,5,,0.2,
SELL,545,HOOD,2025-03-04,45.19,898946.91,2025-02-25,47.45,21329.76,20311.71,-2036114.75,-2056426.45,-4.82,5,rotation (out of top-N),2025-03-03,44.43,48.71,32.17,46.9,50.82,50.02,46.9,43.56,38.1,7.12,448,5,4.9,0.1,0.0
SELL,539,ROOT,2025-03-04,124.39,103771.42,2025-02-11,113.94,5911.66,6454.06,1084801.36,1078347.3,9.12,14,equal-weight sizing trim,2025-03-03,134.21,108.88,70.43,127.26,116.95,98.94,,,90.56,,119,5,,-1.0,
SELL,541,SEI,2025-03-04,29.64,1304971.72,2025-02-25,32.69,21329.76,19339.68,-3980163.74,-3999503.42,-9.38,5,rotation (out of top-N),2025-03-03,23.56,28.37,18.33,30.91,31.28,29.16,,,28.51,,301,5,,0.6,
SELL,544,TPR,2025-03-04,81.6,513043.0,2025-02-25,83.15,21329.76,20932.15,-795216.65,-816148.81,-1.91,5,rotation (out of top-N),2025-03-03,73.82,75.03,53.6,82.54,83.14,75.38,82.3,80.57,37.71,2.1,168,5,3.3,0.1,1.6
BUY,554,ACMR,2025-03-11,26.5,1561634.36,,,20691.66,,,,,,,2025-03-10,29.18,23.82,19.88,26.08,25.87,21.95,,,46.75,,28,5,,2.2,
BUY,553,BABA,2025-03-11,134.68,307271.39,,,20691.66,,,,,,,2025-03-10,137.55,117.7,91.09,129.2,131.21,108.05,,,51.0,,294,5,,-0.6,
BUY,547,DRUG,2025-03-11,32.69,41808.68,,,683.36,,,,,,,2025-03-10,36.48,37.18,22.62,31.89,34.83,36.5,,,61.28,,147,5,,-1,
BUY,548,MNPR,2025-03-11,28.53,69826.91,,,996.08,,,,,,,2025-03-10,29.82,33.76,16.7,28.35,31.94,37.6,,,78.6,,175,5,,-1,
BUY,549,PLTR,2025-03-11,75.78,34394.75,,,1303.3,,,,,,,2025-03-10,86.21,87.82,55.57,76.38,86.26,89.78,84.91,79.95,55.14,5.84,700,5,5.8,-0.8,0.0
BUY,546,PVLA,2025-03-11,24.62,0.0,,,0.0,,,,,,,2025-03-10,27.26,19.6,15.44,25.23,22.01,16.72,,,76.59,,28,5,,1.5,
BUY,552,TGTX,2025-03-11,39.14,1057315.04,,,20691.66,,,,,,,2025-03-10,40.83,33.77,26.72,39.23,34.84,31.66,,,52.81,,378,5,,-0.6,
SELL,550,BABA,2025-03-11,134.68,323896.19,2025-03-04,126.71,20520.44,21811.17,2581452.63,2559641.46,6.24,5,rotation (out of top-N),2025-03-10,137.55,117.7,91.09,129.2,131.21,108.05,,,51.0,,294,5,,-0.6,
SELL,551,ESLT,2025-03-11,345.29,1551.43,2025-03-04,337.89,262.11,267.85,11480.61,11212.76,2.14,5,equal-weight sizing trim,2025-03-10,366.65,312.49,234.53,345.29,333.31,305.36,,,56.34,,147,5,,-0.8,
SELL,538,INOD,2025-03-11,40.28,872471.72,2025-02-11,44.29,19320.89,17573.76,-3494249.47,-3511823.23,-9.09,19,ratchet-ATR exit,2025-03-10,48.21,47.02,29.68,41.16,49.58,44.8,,,62.41,,294,5,,-1,
SELL,532,NUTX,2025-03-11,41.2,893545.02,2025-01-28,40.47,18083.11,18407.03,647843.97,629436.94,1.74,29,ratchet-ATR exit,2025-03-10,52.6,48.01,27.42,41.2,48.21,48.24,,,91.8,,182,5,,-1,
SELL,546,PVLA,2025-03-11,24.62,414680.38,2025-03-04,19.58,4059.72,5105.75,2092062.53,2086956.78,25.7,5,equal-weight sizing trim,2025-03-10,27.26,19.6,15.44,25.23,22.01,16.72,,,76.59,,28,5,,1.5,
SELL,539,ROOT,2025-03-11,133.0,18793.87,2025-02-11,113.94,1070.65,1249.79,358281.77,357031.98,16.67,19,equal-weight sizing trim,2025-03-10,151.5,116.63,72.98,127.79,126.61,106.01,,,107.6,,126,5,,-1,
SELL,540,WGS,2025-03-11,91.8,13990.57,2025-02-25,94.41,660.42,642.17,-36507.03,-37149.2,-2.81,10,equal-weight sizing trim,2025-03-10,98.46,87.41,59.22,90.25,96.43,83.44,,,66.25,,385,5,,-1,
BUY,556,NUTX,2025-03-18,55.44,819181.68,,,22707.72,,,,,,,2025-03-17,58.05,49.84,28.74,56.8,49.32,50.37,,,102.0,,189,5,,-1,
BUY,555,PDEX,2025-03-18,49.06,925712.03,,,22707.72,,,,,,,2025-03-17,47.89,40.64,33.17,49.06,43.04,38.05,,,44.36,,455,5,,-0.2,
BUY,552,TGTX,2025-03-18,40.57,62647.49,,,1270.8,,,,,,,2025-03-17,42.98,35.44,27.38,41.06,37.6,32.86,,,56.98,,385,5,,-0.8,
BUY,540,WGS,2025-03-18,91.71,44408.39,,,2036.35,,,,,,,2025-03-17,103.9,90.41,61.1,94.46,94.35,85.31,,,70.05,,392,5,,-1,
SELL,554,ACMR,2025-03-18,29.69,1561634.36,2025-03-11,26.5,20691.66,23182.46,4981613.61,4958431.15,11.98,5,rotation (out of top-N),2025-03-17,26.89,24.38,19.97,29.95,27.55,23.37,,,34.67,,35,5,,2.7,
SELL,553,BABA,2025-03-18,143.02,307271.39,2025-03-11,134.68,20691.66,21972.98,2562643.38,2540670.4,6.14,5,rotation (out of top-N),2025-03-17,131.79,120.26,92.6,143.88,135.5,115.25,,,42.33,,301,5,,-0.1,
SELL,547,DRUG,2025-03-18,35.98,3671.71,2025-03-04,33.48,61.47,66.05,9168.5,9102.45,7.4,10,equal-weight sizing trim,2025-03-17,35.0,36.78,23.47,36.35,35.45,36.35,,,49.13,,154,5,,-0.5,
SELL,551,ESLT,2025-03-18,400.55,6471.44,2025-03-04,337.89,1093.32,1296.07,405500.26,404204.2,18.49,10,equal-weight sizing trim,2025-03-17,407.72,329.8,240.27,366.04,349.41,313.87,,,69.69,,154,5,,-1,
SELL,548,MNPR,2025-03-18,32.02,31932.88,2025-03-04,29.65,473.46,511.17,75418.34,74907.18,7.91,10,equal-weight sizing trim,2025-03-17,42.19,35.29,17.64,32.02,30.87,38.06,,,139.21,,182,5,,-1,
SELL,549,PLTR,2025-03-18,85.61,15529.47,2025-03-04,79.89,620.36,664.7,88689.85,88025.15,7.09,10,equal-weight sizing trim,2025-03-17,90.97,88.4,57.25,87.37,84.71,91.76,87.37,83.78,58.89,4.1,707,5,5.7,-0.9,0.3
SELL,546,PVLA,2025-03-18,27.61,35369.59,2025-03-04,19.58,346.27,488.19,283840.94,283352.75,40.92,10,equal-weight sizing trim,2025-03-17,28.23,21.17,15.86,27.82,25.66,18.55,,,78.01,,35,5,,1.4,
SELL,539,ROOT,2025-03-18,149.55,7475.86,2025-02-11,113.94,425.89,559.01,266243.47,265684.46,31.19,24,equal-weight sizing trim,2025-03-17,160.0,124.52,75.92,152.02,138.07,113.44,,,110.75,,133,5,,-1,
BUY,547,DRUG,2025-03-25,35.0,149227.5,,,2611.48,,,,,,,2025-03-24,36.41,36.71,24.35,35.23,35.18,36.5,,,49.52,,161,5,,-0.5,
BUY,551,ESLT,2025-03-25,397.41,10925.71,,,2170.99,,,,,,,2025-03-24,385.15,339.86,245.43,393.32,383.91,327.02,,,56.93,,161,5,,-0.8,
BUY,555,PDEX,2025-03-25,49.84,65950.63,,,1643.49,,,,,,,2025-03-24,49.99,42.34,33.96,49.92,46.83,38.76,,,47.19,,462,5,,-0.4,
BUY,546,PVLA,2025-03-25,27.58,146015.08,,,2013.55,,,,,,,2025-03-24,28.0,22.41,16.33,27.72,26.92,20.37,,,71.43,,42,5,,1.3,
BUY,552,TGTX,2025-03-25,42.4,45724.77,,,969.37,,,,,,,2025-03-24,39.86,36.25,27.94,42.56,40.49,34.38,,,42.69,,392,5,,-0.1,
SELL,548,MNPR,2025-03-25,42.19,247764.46,2025-03-04,29.65,3673.51,5226.59,3106167.86,3100941.27,42.21,15,equal-weight sizing trim,2025-03-24,40.31,36.2,18.56,42.19,36.99,38.7,,,117.2,,189,5,,-1,
SELL,556,NUTX,2025-03-25,60.91,7720.32,2025-03-18,55.44,214.01,235.12,42230.13,41995.01,9.81,5,equal-weight sizing trim,2025-03-24,60.0,51.68,30.1,58.69,54.14,52.48,,,99.32,,196,5,,-1,
SELL,549,PLTR,2025-03-25,97.38,23229.35,2025-03-04,79.89,927.94,1131.04,406190.08,405059.04,21.83,15,equal-weight sizing trim,2025-03-24,85.83,87.93,58.8,96.74,88.22,93.4,96.74,93.51,45.96,3.34,714,5,4.5,-0.3,0.8
SELL,539,ROOT,2025-03-25,174.44,20490.89,2025-02-11,113.94,1167.33,1787.22,1239775.84,1237988.63,53.03,29,equal-weight sizing trim,2025-03-24,137.13,126.81,78.22,177.83,152.95,122.98,,,75.31,,140,5,,-1,
SELL,540,WGS,2025-03-25,103.84,19472.06,2025-02-25,94.17,916.82,1011.04,188441.98,187430.95,10.22,20,equal-weight sizing trim,2025-03-24,92.16,90.73,62.72,103.23,97.72,88.2,,,46.94,,399,5,,-0.3,
BUY,557,CIB,2025-04-01,38.78,1187489.41,,,23025.42,,,,,,,2025-03-31,38.39,36.18,29.94,38.53,38.1,36.68,,,28.24,,665,5,,0.6,
BUY,559,CORT,2025-04-01,113.2,406809.54,,,23025.42,,,,,,,2025-03-31,74.48,61.38,49.82,114.26,67.42,62.98,,,49.51,,308,5,,-0.5,
BUY,560,DRUG,2025-04-01,36.4,1265132.95,,,23025.42,,,,,,,2025-03-31,32.16,35.89,25.13,36.49,36.04,37.25,,,27.97,,168,5,,0.6,
BUY,556,NUTX,2025-04-01,68.44,0.0,,,0.0,,,,,,,2025-03-31,67.88,54.63,31.65,60.0,58.01,54.51,,,114.44,,203,5,,-1,
BUY,561,PLMR,2025-04-01,135.49,339883.68,,,23025.42,,,,,,,2025-03-31,133.1,125.8,104.92,137.22,134.19,124.62,,,26.87,,504,5,,0.7,
BUY,558,SDS,2025-04-01,102.42,449627.41,,,23025.42,,,,,,,2025-03-31,122.4,100.21,95.49,101.92,99.79,93.93,,,28.18,,7,5,,3.5,
BUY,552,TGTX,2025-04-01,39.01,15383.61,,,300.06,,,,,,,2025-03-31,37.3,36.44,28.42,39.41,40.38,35.37,,,31.23,,399,5,,0.4,
SELL,547,DRUG,2025-04-01,36.4,1412099.96,2025-03-04,33.64,23753.82,25700.22,3892803.64,3867103.42,8.14,20,rotation (out of top-N),2025-03-31,32.16,35.89,25.13,36.49,36.04,37.25,,,27.97,,168,5,,0.6,
SELL,551,ESLT,2025-04-01,389.55,6090.5,2025-03-04,343.12,1044.88,1186.28,282788.2,281601.92,13.48,20,equal-weight sizing trim,2025-03-31,367.77,344.94,250.26,380.41,386.2,338.45,,,46.96,,168,5,,-0.3,
SELL,548,MNPR,2025-04-01,32.39,1171512.48,2025-03-04,29.65,17369.56,18972.64,3206168.73,3187196.09,9.17,20,ratchet-ATR exit,2025-03-31,28.96,34.89,19.19,35.94,38.64,38.78,,,50.9,,196,5,,-0.5,
SELL,556,NUTX,2025-04-01,68.44,138260.36,2025-03-18,55.44,3832.58,4731.27,1797384.68,1792653.41,23.39,10,equal-weight sizing trim,2025-03-31,67.88,54.63,31.65,60.0,58.01,54.51,,,114.44,,203,5,,-1,
SELL,555,PDEX,2025-04-01,50.03,70737.69,2025-03-18,49.11,1737.03,1769.5,64946.11,63176.61,1.82,10,equal-weight sizing trim,2025-03-31,49.19,43.59,34.73,49.17,48.68,39.88,,,41.65,,469,5,,-0.1,
SELL,549,PLTR,2025-04-01,83.89,507559.16,2025-03-04,79.89,20275.45,21289.57,2028240.98,2006951.41,4.95,20,rotation (out of top-N),2025-03-31,73.97,85.39,60.02,84.39,88.47,94.65,84.39,80.95,23.24,4.07,721,4.65,3.9,0.8,1.0
SELL,546,PVLA,2025-04-01,28.14,155008.55,2025-03-04,20.23,1568.05,2181.36,1226606.91,1224425.56,39.04,20,equal-weight sizing trim,2025-03-31,23.99,22.7,16.68,28.1,27.52,22.19,,,43.83,,49,5,,2.0,
SELL,539,ROOT,2025-04-01,133.22,283341.62,2025-02-11,113.94,16141.44,18874.09,5465307.89,5446433.8,16.87,34,ratchet-ATR exit,2025-03-31,112.12,124.14,79.73,133.35,147.56,130.2,,,40.62,,147,5,,-0.0,
SELL,540,WGS,2025-04-01,87.54,475960.44,2025-02-25,94.17,22409.99,20832.79,-3154399.44,-3175232.23,-7.08,25,rotation (out of top-N),2025-03-31,80.03,88.78,64.06,88.4,94.9,90.44,,,24.93,,406,4.99,,0.8,
BUY,568,AEM,2025-04-08,102.94,427073.39,,,21981.47,,,,,,,2025-04-07,116.38,100.95,85.19,98.59,103.3,100.03,,,36.62,,483,5,,0.2,
BUY,564,AGL,2025-04-08,134.5,326861.97,,,21981.47,,,,,,,2025-04-07,142.0,103.35,90.32,106.25,105.3,96.0,,,57.22,,14,5,,1.9,
BUY,566,AU,2025-04-08,31.82,1381613.3,,,21981.47,,,,,,,2025-04-07,39.77,31.63,26.42,30.99,32.88,30.49,,,50.5,,70,5,,0.3,
BUY,563,MNPR,2025-04-08,28.5,1542559.13,,,21981.47,,,,,,,2025-04-07,32.7,34.49,19.92,28.5,35.2,37.2,,,64.17,,203,5,,-1,
BUY,565,PLTR,2025-04-08,83.32,527639.65,,,21981.47,,,,,,,2025-04-07,88.53,85.96,61.55,77.78,83.38,92.06,78.61,71.08,43.83,9.58,728,5,5.2,-0.2,0.0
BUY,567,ROOT,2025-04-08,119.8,366969.41,,,21981.47,,,,,,,2025-04-07,120.0,123.39,81.34,112.79,128.9,131.72,,,47.54,,154,5,,-0.4,
BUY,562,WGS,2025-04-08,90.58,485322.46,,,21981.47,,,,,,,2025-04-07,96.53,90.19,65.75,84.77,87.22,92.53,,,46.8,,413,5,,-0.3,
SELL,557,CIB,2025-04-08,37.3,1187489.41,2025-04-01,38.78,23025.42,22146.68,-1757484.33,-1779631.01,-3.86,5,rotation (out of top-N),2025-04-07,36.2,36.19,30.15,36.04,38.38,37.24,,,20.06,,672,4.01,,1.0,
SELL,559,CORT,2025-04-08,76.32,406809.54,2025-04-01,113.2,23025.42,15523.85,-15003135.68,-15018659.53,-32.61,5,rotation (out of top-N),2025-04-07,68.52,62.68,50.78,74.71,74.88,64.64,,,34.94,,315,5,,0.3,
SELL,560,DRUG,2025-04-08,30.9,1265132.95,2025-04-01,36.4,23025.42,19546.3,-6958231.24,-6977777.54,-15.15,5,rotation (out of top-N),2025-04-07,28.48,34.54,25.82,30.72,34.22,36.53,,,10.3,,175,2.06,,1.5,
SELL,551,ESLT,2025-04-08,370.09,118274.62,2025-03-04,343.12,20291.13,21886.13,3189991.02,3168104.89,7.81,25,ratchet-ATR exit,2025-04-07,400.82,355.1,255.68,362.3,379.42,347.53,,,56.77,,175,5,,-0.8,
SELL,556,NUTX,2025-04-08,78.45,112526.33,2025-03-18,55.44,3119.23,4413.85,2589230.89,2584817.04,41.43,15,equal-weight sizing trim,2025-04-07,133.15,68.9,34.85,75.09,66.62,56.96,,,282.06,,210,5,,-1,
SELL,555,PDEX,2025-04-08,56.05,136180.5,2025-03-18,49.11,3344.04,3816.46,944837.47,941021.01,14.07,15,equal-weight sizing trim,2025-04-07,65.2,47.52,35.93,53.09,50.66,42.12,,,81.49,,476,5,,-1,
SELL,561,PLMR,2025-04-08,136.02,16512.65,2025-04-01,135.49,1118.65,1123.03,8751.7,7628.68,0.34,5,equal-weight sizing trim,2025-04-07,147.97,129.83,106.55,130.19,135.49,128.21,,,38.87,,511,5,,0.1,
SELL,546,PVLA,2025-04-08,20.84,1637018.17,2025-03-04,20.23,16559.95,17057.73,995563.52,978505.79,2.95,25,rotation (out of top-N),2025-04-07,21.72,22.52,17.0,19.77,24.9,23.37,,,27.76,,56,5,,2.7,
SELL,558,SDS,2025-04-08,114.59,449627.41,2025-04-01,102.42,23025.42,25761.4,5471965.59,5446204.19,11.83,5,rotation (out of top-N),2025-04-07,106.3,101.31,95.64,123.09,108.64,96.84,,,11.15,,14,2.23,,4.2,
SELL,552,TGTX,2025-04-08,38.42,1181070.91,2025-03-11,39.34,23231.88,22691.32,-1081114.5,-1103805.83,-2.38,20,rotation (out of top-N),2025-04-07,36.71,36.49,28.87,37.23,38.96,36.05,,,27.17,,406,5,,0.6,
BUY,568,AEM,2025-04-15,118.38,16916.14,,,1001.27,,,,,,,2025-04-14,120.27,104.47,86.36,117.12,108.39,101.52,,,39.27,,490,5,,0.0,
BUY,566,AU,2025-04-15,40.76,0.0,,,0.0,,,,,,,2025-04-14,40.19,33.19,26.77,39.58,35.45,31.23,,,50.13,,77,5,,0.2,
BUY,570,ESLT,2025-04-15,405.61,129519.0,,,26267.1,,,,,,,2025-04-14,404.18,364.02,261.1,407.86,389.22,359.22,,,54.8,,182,5,,-0.7,
BUY,555,PDEX,2025-04-15,62.44,57002.85,,,1779.63,,,,,,,2025-04-14,60.62,49.9,37.0,57.52,56.27,45.26,,,63.84,,483,5,,-1,
BUY,565,PLTR,2025-04-15,93.63,33707.19,,,1578.0,,,,,,,2025-04-14,93.73,87.37,63.19,92.61,86.83,88.44,92.61,87.53,48.32,5.5,735,5,5.4,-0.4,0.0
BUY,569,PVLA,2025-04-15,24.8,2118314.63,,,26267.1,,,,,,,2025-04-14,24.11,22.81,17.44,24.32,23.01,23.87,,,38.27,,63,5,,1.0,
BUY,567,ROOT,2025-04-15,129.18,39888.51,,,2576.4,,,,,,,2025-04-14,129.87,124.57,82.85,125.55,124.09,131.36,,,56.76,,161,5,,-0.8,
BUY,562,WGS,2025-04-15,100.78,36222.14,,,1825.14,,,,,,,2025-04-14,95.52,91.16,67.32,100.94,92.68,95.33,,,41.88,,420,5,,-0.1,
SELL,564,AGL,2025-04-15,138.63,326861.97,2025-04-08,134.5,21981.47,22656.44,1349939.94,1327283.51,3.02,5,rotation (out of top-N),2025-04-14,99.88,102.72,88.89,140.0,125.75,102.33,,,12.36,,21,2.47,,4.0,
SELL,566,AU,2025-04-15,40.76,92101.94,2025-04-08,31.82,1465.34,1877.04,823391.32,821514.28,28.03,5,equal-weight sizing trim,2025-04-14,40.19,33.19,26.77,39.58,35.45,31.23,,,50.13,,77,5,,0.2,
SELL,563,MNPR,2025-04-15,38.48,176642.21,2025-04-08,28.5,2517.15,3398.6,1762889.24,1759490.64,34.95,5,equal-weight sizing trim,2025-04-14,37.69,35.07,20.77,37.59,34.16,35.25,,,81.42,,210,5,,-1,
SELL,556,NUTX,2025-04-15,124.36,138026.85,2025-03-18,55.44,3826.1,8582.51,9512810.19,9504227.68,124.2,20,equal-weight sizing trim,2025-04-14,147.8,83.25,38.42,128.88,98.52,63.69,,,284.72,,217,5,,-1,
SELL,561,PLMR,2025-04-15,153.15,323371.03,2025-04-01,135.49,21906.77,24762.14,5710732.41,5685970.28,12.98,10,rotation (out of top-N),2025-04-14,149.32,133.38,108.14,151.05,141.56,131.62,,,38.08,,518,5,,0.1,
BUY,572,FCAP,2025-04-22,40.13,1339769.21,,,26882.47,,,,,,,2025-04-21,46.81,38.31,33.27,39.36,38.48,36.76,,,40.72,,357,5,,-0.0,
BUY,571,GH,2025-04-22,43.77,1228351.35,,,26882.47,,,,,,,2025-04-21,48.29,43.81,34.28,42.6,43.68,42.89,,,40.86,,168,5,,-0.0,
BUY,573,HOOD,2025-04-22,41.09,1308467.72,,,26882.47,,,,,,,2025-04-21,49.45,44.33,35.58,39.85,41.11,42.64,39.85,38.5,38.98,3.39,497,5,4.2,0.1,0.7
BUY,555,PDEX,2025-04-22,62.35,20982.11,,,654.12,,,,,,,2025-04-21,65.55,52.75,38.14,58.06,58.53,47.89,,,71.86,,490,5,,-1,
BUY,565,PLTR,2025-04-22,93.06,16678.72,,,776.06,,,,,,,2025-04-21,112.79,92.0,65.3,90.81,90.45,86.72,90.81,87.3,72.73,3.87,742,5,5.6,-1,0.4
BUY,567,ROOT,2025-04-22,127.81,13992.06,,,894.2,,,,,,,2025-04-21,149.26,129.06,84.65,118.46,124.66,132.47,,,76.34,,168,5,,-1,
BUY,562,WGS,2025-04-22,93.44,54111.49,,,2528.09,,,,,,,2025-04-21,111.0,94.77,69.3,90.91,94.4,94.48,,,60.17,,427,5,,-1,
SELL,568,AEM,2025-04-22,123.39,443989.54,2025-04-08,103.53,22982.73,27391.93,8818400.79,8791008.86,19.13,9,rotation (out of top-N),2025-04-21,117.33,106.81,87.48,122.17,115.31,104.0,,,34.13,,497,5,,0.3,
SELL,566,AU,2025-04-22,41.01,1289511.36,2025-04-08,31.82,20516.13,26441.43,11850609.43,11824168.0,28.82,9,rotation (out of top-N),2025-04-21,36.8,33.85,27.05,41.06,38.55,32.45,,,36.02,,84,5,,0.8,
SELL,570,ESLT,2025-04-22,372.26,129519.0,2025-04-15,405.61,26267.1,24107.37,-4319458.76,-4343566.13,-8.27,4,ratchet-ATR exit,2025-04-21,375.56,366.12,266.01,381.45,392.95,369.33,,,41.18,,189,5,,-0.1,
SELL,563,MNPR,2025-04-22,43.77,136951.09,2025-04-08,28.5,1951.55,2997.17,2091243.16,2088245.98,53.5,9,equal-weight sizing trim,2025-04-21,43.51,36.61,21.77,43.77,37.29,34.79,,,99.89,,217,5,,-1,
SELL,556,NUTX,2025-04-22,147.5,57957.42,2025-03-18,55.44,1606.58,4274.36,5335560.01,5331285.65,165.92,24,equal-weight sizing trim,2025-04-21,123.09,90.49,41.33,144.44,122.88,71.61,,,197.85,,224,5,,-1,
SELL,569,PVLA,2025-04-22,25.72,26874.73,2025-04-15,24.8,333.25,345.61,24724.75,24379.14,3.66,4,equal-weight sizing trim,2025-04-21,25.23,23.25,17.88,25.0,23.76,24.32,,,41.14,,70,5,,0.8,
BUY,575,DAVE,2025-04-29,93.47,623603.58,,,29144.11,,,,,,,2025-04-28,104.48,90.42,71.86,93.54,87.27,85.52,,,45.39,,511,5,,-0.3,
BUY,577,DUOL,2025-04-29,384.0,151792.26,,,29144.11,,,,,,,2025-04-28,486.6,361.69,309.23,384.37,354.27,315.65,,,57.36,,231,5,,-0.9,
BUY,578,ESLT,2025-04-29,383.77,151883.23,,,29144.11,,,,,,,2025-04-28,405.31,373.25,271.51,384.66,383.16,378.7,,,49.28,,196,5,,-0.5,
BUY,574,IRTC,2025-04-29,106.31,548259.67,,,29144.11,,,,,,,2025-04-28,130.98,108.5,89.24,106.45,103.18,103.12,,,46.77,,112,5,,-0.2,
BUY,576,LRN,2025-04-29,140.15,415898.87,,,29144.11,,,,,,,2025-04-28,159.26,135.83,107.56,141.02,137.63,129.75,,,48.07,,805,5,,-0.4,
BUY,580,MSTR,2025-04-29,369.08,157928.43,,,29144.11,,,,,,,2025-04-28,393.93,330.64,276.83,368.88,338.27,301.25,,,42.3,,812,5,,-0.1,
BUY,579,TGTX,2025-04-29,42.0,1387814.92,,,29144.11,,,,,,,2025-04-28,43.39,38.68,30.37,42.03,39.57,38.8,,,42.86,,427,5,,-0.1,
SELL,572,FCAP,2025-04-29,48.1,127349.56,2025-04-22,40.13,2555.27,3062.76,1014976.0,1011913.25,19.8,5,equal-weight sizing trim,2025-04-28,48.78,40.21,33.76,48.1,42.81,38.05,,,44.49,,364,5,,-0.2,
SELL,571,GH,2025-04-29,47.87,1228351.35,2025-04-22,43.77,26882.47,29400.59,5036240.53,5006839.94,9.31,5,rotation (out of top-N),2025-04-28,46.91,44.37,34.63,47.97,45.8,43.45,,,35.45,,175,5,,0.2,
SELL,573,HOOD,2025-04-29,49.43,1308467.72,2025-04-22,41.09,26882.47,32338.78,10912620.77,10880281.99,20.24,5,rotation (out of top-N),2025-04-28,48.61,45.11,36.27,48.91,45.06,42.38,48.91,47.06,34.03,3.79,504,5,4.2,0.3,0.5
SELL,563,MNPR,2025-04-29,40.09,1228965.83,2025-04-08,28.5,17512.76,24637.69,14249858.82,14225221.13,40.61,14,ratchet-ATR exit,2025-04-28,41.33,37.46,22.71,40.09,40.28,35.76,,,81.97,,224,5,,-1,
SELL,556,NUTX,2025-04-29,117.87,364690.4,2025-03-18,55.44,10109.22,21493.03,22767621.87,22746128.84,112.5,29,ratchet-ATR exit,2025-04-28,114.0,94.77,43.98,118.32,128.55,81.57,,,159.22,,231,5,,-1,
SELL,555,PDEX,2025-04-29,67.81,862729.43,2025-03-18,50.31,21703.88,29250.84,15093918.65,15064667.81,34.71,29,rotation (out of top-N),2025-04-28,45.59,51.44,38.79,69.04,63.38,51.94,,,17.55,,497,3.51,,1.1,
SELL,565,PLTR,2025-04-29,113.99,66424.67,2025-04-08,84.2,2796.55,3785.87,1978640.31,1974854.43,35.31,14,equal-weight sizing trim,2025-04-28,124.28,97.87,67.73,114.64,101.59,89.02,114.64,110.61,83.5,3.51,749,5,5.3,-1,0.7
SELL,569,PVLA,2025-04-29,23.77,2091439.91,2025-04-15,24.8,25933.85,24856.76,-2154183.11,-2179039.87,-4.2,9,rotation (out of top-N),2025-04-28,24.42,23.46,18.06,24.48,24.88,25.16,,,35.23,,77,5,,1.0,
SELL,567,ROOT,2025-04-29,151.28,35356.95,2025-04-08,120.96,2138.31,2674.4,1072181.09,1069506.7,25.01,14,equal-weight sizing trim,2025-04-28,143.03,131.6,86.53,151.13,139.44,136.96,,,65.3,,175,5,,-1,
SELL,562,WGS,2025-04-29,113.5,575656.09,2025-04-08,91.49,26334.7,32668.48,12667567.42,12634898.94,23.99,14,rotation (out of top-N),2025-04-28,67.2,89.76,70.14,112.61,103.31,95.51,,,-4.19,,434,-0.84,,2.2,
BUY,583,CVSA,2025-05-06,112.5,552204.78,,,31061.52,,,,,,,2025-05-05,136.35,109.71,90.81,114.03,108.41,102.12,,,50.14,,371,5,,-0.5,
BUY,578,ESLT,2025-05-06,399.11,3846.64,,,767.62,,,,,,,2025-05-05,415.7,380.96,277.41,404.31,394.05,385.33,,,49.85,,203,5,,-0.5,
BUY,582,MNPR,2025-05-06,41.32,1503461.72,,,31061.52,,,,,,,2025-05-05,41.11,38.13,23.65,43.86,41.3,37.21,,,73.85,,231,5,,-1,
BUY,581,NUTX,2025-05-06,129.7,478974.85,,,31061.52,,,,,,,2025-05-05,121.88,99.7,46.85,132.34,122.04,90.25,,,160.17,,238,5,,-1,
BUY,565,PLTR,2025-05-06,112.49,40908.79,,,2300.91,,,,,,,2025-05-05,117.28,101.4,70.04,123.88,113.65,93.41,116.16,111.09,67.45,4.36,756,5,5.9,-1,0.1
BUY,567,ROOT,2025-05-06,140.68,56290.83,,,3959.5,,,,,,,2025-05-05,147.43,134.48,88.81,143.65,141.35,138.2,,,66.01,,182,5,,-1,
BUY,584,SEZL,2025-05-06,53.83,1154059.78,,,31061.52,,,,,,,2025-05-05,87.38,52.03,42.21,55.84,50.28,40.53,,,106.98,,999,5,,-1,
SELL,575,DAVE,2025-05-06,103.06,20516.88,2025-04-29,93.47,958.86,1057.23,196756.88,195699.65,10.2,5,equal-weight sizing trim,2025-05-05,167.27,104.4,75.21,104.87,95.6,86.83,,,122.39,,518,5,,-1,
SELL,577,DUOL,2025-05-06,481.5,22707.91,2025-04-29,384.0,4359.92,5466.93,2214020.76,2208553.83,25.33,5,equal-weight sizing trim,2025-05-05,513.0,389.2,318.0,494.73,410.98,333.24,,,61.32,,238,5,,-1,
SELL,572,FCAP,2025-05-06,49.78,1212419.65,2025-04-22,40.13,24327.2,30177.13,11699849.64,11669672.52,23.98,10,rotation (out of top-N),2025-05-05,46.66,41.39,34.18,49.68,45.51,39.4,,,36.52,,371,5,,0.2,
SELL,574,IRTC,2025-05-06,133.26,81847.28,2025-04-29,106.31,4350.8,5453.48,2205374.87,2199921.39,25.28,5,equal-weight sizing trim,2025-05-05,137.72,113.81,90.84,135.71,114.53,104.66,,,51.61,,119,5,,-0.6,
SELL,576,LRN,2025-05-06,160.69,415898.87,2025-04-29,140.15,29144.11,33416.43,8544642.28,8511225.84,14.6,5,rotation (out of top-N),2025-05-05,156.28,139.55,109.63,160.6,147.45,131.69,,,42.55,,812,5,,-0.1,
SELL,580,MSTR,2025-05-06,378.26,157928.43,2025-04-29,369.08,29144.11,29869.0,1449783.03,1419914.02,2.44,5,rotation (out of top-N),2025-05-05,415.68,346.1,283.61,385.91,368.09,313.67,,,46.57,,819,5,,-0.3,
SELL,579,TGTX,2025-05-06,37.27,1387814.92,2025-04-29,42.0,29144.11,25861.93,-6564364.56,-6590226.5,-11.31,5,rotation (out of top-N),2025-05-05,33.68,37.77,30.75,37.68,41.43,39.73,,,9.52,,434,1.9,,1.5,
BUY,587,ATRO,2025-05-13,24.25,2935039.08,,,35587.35,,,,,,,2025-05-12,25.01,20.34,16.57,24.21,21.26,19.72,,,50.93,,70,5,,0.3,
BUY,577,DUOL,2025-05-13,518.75,8185.75,,,2123.16,,,,,,,2025-05-12,529.6,414.73,326.55,517.55,471.82,361.29,,,62.18,,245,5,,-1,
BUY,585,HOOD,2025-05-13,58.94,1207578.85,,,35587.35,,,,,,,2025-05-12,61.74,49.55,38.28,57.46,51.38,44.64,57.46,55.01,61.28,4.27,518,5,5.8,-1,0.2
BUY,574,IRTC,2025-05-13,138.21,48814.47,,,3373.2,,,,,,,2025-05-12,140.92,118.74,92.59,137.62,128.73,109.19,,,52.2,,126,5,,-0.6,
BUY,586,NRG,2025-05-13,148.03,480812.66,,,35587.35,,,,,,,2025-05-12,157.37,113.25,95.53,149.01,119.87,101.33,149.01,141.8,64.74,4.84,679,5,6,-1,0.0
BUY,581,NUTX,2025-05-13,118.45,122148.53,,,7234.25,,,,,,,2025-05-12,174.71,113.33,51.02,124.34,122.82,100.04,,,242.47,,245,5,,-1,
BUY,565,PLTR,2025-05-13,119.93,41235.25,,,2472.67,,,,,,,2025-05-12,129.57,106.52,72.53,118.46,115.03,97.67,118.46,114.51,78.65,3.33,763,5,5.2,-1,0.8
BUY,588,ROOT,2025-05-13,153.32,464223.18,,,35587.35,,,,,,,2025-05-12,135.74,134.71,91.04,151.97,143.86,138.92,,,49.09,,189,5,,-0.5,
SELL,583,CVSA,2025-05-13,132.59,552204.78,2025-05-06,112.5,31061.52,36608.42,11093794.11,11057185.69,17.8,5,rotation (out of top-N),2025-05-12,134.55,114.23,92.38,131.81,118.74,105.66,,,45.65,,378,5,,-0.3,
SELL,575,DAVE,2025-05-13,176.9,200529.8,2025-04-29,93.47,9371.76,17736.36,16729198.5,16711462.14,89.16,10,equal-weight sizing trim,2025-05-12,185.24,119.09,79.08,171.87,129.1,94.0,,,134.24,,525,5,,-1,
SELL,578,ESLT,2025-05-13,383.46,155729.87,2025-04-29,384.15,29911.73,29858.09,-107283.69,-137141.78,-0.23,10,rotation (out of top-N),2025-05-12,393.46,383.24,282.53,378.26,399.32,391.85,,,39.26,,210,5,,0.0,
SELL,582,MNPR,2025-05-13,33.79,1503461.72,2025-05-06,41.32,31061.52,25400.99,-11321066.73,-11346467.72,-18.26,5,ratchet-ATR exit,2025-05-12,37.95,38.09,24.54,35.1,39.97,38.51,,,54.64,,238,5,,-0.7,
SELL,567,ROOT,2025-05-13,153.32,441783.86,2025-04-08,123.47,27273.25,33867.15,13187797.54,13153930.39,24.12,24,rotation (out of top-N),2025-05-12,135.74,134.71,91.04,151.97,143.86,138.92,,,49.09,,189,5,,-0.5,
SELL,584,SEZL,2025-05-13,86.25,328433.08,2025-05-06,53.83,8839.78,14163.68,10647800.59,10633636.92,60.15,5,equal-weight sizing trim,2025-05-12,93.65,59.6,44.07,86.46,66.02,44.84,,,112.49,,999,5,,-1,
BUY,587,ATRO,2025-05-20,24.62,196863.39,,,2423.39,,,,,,,2025-05-19,25.01,21.19,16.8,24.91,23.55,20.23,,,48.86,,77,5,,0.3,
BUY,575,DAVE,2025-05-20,183.75,17068.66,,,1568.23,,,,,,,2025-05-19,197.8,133.4,83.12,183.54,163.72,106.08,,,137.96,,532,5,,-1,
BUY,577,DUOL,2025-05-20,517.5,11728.6,,,3034.77,,,,,,,2025-05-19,520.13,433.89,334.48,520.01,508.11,390.1,,,55.5,,252,5,,-0.8,
BUY,574,IRTC,2025-05-20,141.03,31519.51,,,2222.6,,,,,,,2025-05-19,142.76,123.11,94.52,141.38,136.38,113.85,,,51.03,,133,5,,-0.6,
BUY,586,NRG,2025-05-20,158.71,5038.66,,,399.84,,,,,,,2025-05-19,156.02,121.03,97.41,159.39,142.76,108.71,159.39,157.14,60.17,1.41,686,5,3.9,-1,2.1
BUY,565,PLTR,2025-05-20,127.16,12649.06,,,804.23,,,,,,,2025-05-19,123.34,109.58,74.81,126.3,123.4,102.83,126.33,123.39,64.87,2.33,770,5,4.6,-1,1.4
BUY,589,URBN,2025-05-20,61.95,1244189.34,,,38535.65,,,,,,,2025-05-19,72.29,56.88,48.14,61.4,58.29,52.1,,,50.18,,168,5,,-0.5,
SELL,585,HOOD,2025-05-20,64.01,2925.47,2025-05-13,58.94,86.21,93.63,14832.12,14738.49,8.55,5,equal-weight sizing trim,2025-05-19,63.14,52.02,39.36,64.28,58.31,47.09,64.28,62.65,60.41,2.53,525,5,4.7,-1,1.3
SELL,581,NUTX,2025-05-20,178.1,168177.3,2025-05-06,127.41,10714.07,14976.61,8525076.1,8510099.49,39.71,10,equal-weight sizing trim,2025-05-19,160.2,121.86,54.66,177.39,150.29,113.24,,,193.1,,252,5,,-1,
SELL,588,ROOT,2025-05-20,136.43,464223.18,2025-05-13,153.32,35587.35,31666.98,-7840729.48,-7872396.47,-11.06,5,rotation (out of top-N),2025-05-19,129.8,133.81,93.06,136.31,140.61,137.19,,,39.47,,196,5,,0.0,
SELL,584,SEZL,2025-05-20,98.8,45123.0,2025-05-06,53.83,1214.49,2228.96,2028955.53,2026726.57,83.44,10,equal-weight sizing trim,2025-05-19,105.28,67.91,46.19,98.74,83.49,51.62,,,127.93,,999,5,,-1,
BUY,591,AGX,2025-06-03,210.4,387779.68,,,40794.42,,,,,,,2025-06-02,241.07,184.04,142.8,208.31,200.32,164.66,,,68.82,,882,5,,-1,
BUY,592,LASR,2025-06-03,15.41,5292821.61,,,40794.42,,,,,,,2025-06-02,17.59,12.47,10.63,15.61,14.54,10.07,,,65.48,,14,5,,1.8,
BUY,590,LEU,2025-06-03,135.4,602576.4,,,40794.42,,,,,,,2025-06-02,143.53,102.42,80.97,124.8,114.74,82.57,,,77.28,,245,5,,-1,
BUY,581,NUTX,2025-06-03,161.55,72308.11,,,5840.69,,,,,,,2025-06-02,124.42,129.12,60.89,168.83,163.82,136.39,,,104.32,,266,5,,-1,
BUY,565,PLTR,2025-06-03,133.11,6852.23,,,456.05,,,,,,,2025-06-02,127.68,116.18,79.72,132.04,126.01,110.92,132.04,127.38,60.16,3.53,784,5,5.4,-1,0.6
BUY,593,ROOT,2025-06-03,136.75,596627.75,,,40794.42,,,,,,,2025-06-02,152.28,136.73,97.88,137.68,132.8,134.38,,,55.58,,210,5,,-0.8,
SELL,587,ATRO,2025-06-03,26.82,88290.98,2025-05-13,24.27,1071.55,1183.98,224854.42,223670.44,10.44,14,equal-weight sizing trim,2025-06-02,27.73,23.08,17.25,26.41,25.52,21.33,,,60.79,,91,5,,-0.5,
SELL,575,DAVE,2025-06-03,204.96,21344.67,2025-04-29,97.14,1036.74,2187.35,2301223.46,2299036.11,110.88,24,equal-weight sizing trim,2025-06-02,219.89,159.23,91.73,208.68,198.58,132.09,,,139.72,,546,5,,-1,
SELL,577,DUOL,2025-06-03,530.88,148998.7,2025-04-29,401.91,29942.13,39550.59,19216917.26,19177366.67,32.02,24,rotation (out of top-N),2025-06-02,512.39,460.91,349.65,527.15,519.27,433.81,,,46.54,,266,5,,-0.3,
SELL,585,HOOD,2025-06-03,69.9,36847.09,2025-05-13,58.94,1085.88,1287.81,403844.14,402556.33,18.54,14,equal-weight sizing trim,2025-06-02,74.87,58.27,41.85,68.0,64.39,51.94,68.0,65.75,78.88,3.3,539,5,5.2,-1,0.8
SELL,574,IRTC,2025-06-03,140.72,546746.36,2025-04-29,111.16,30389.12,38470.44,16162649.38,16124178.94,26.53,24,rotation (out of top-N),2025-06-02,146.44,129.94,98.18,140.47,140.82,121.91,,,49.16,,147,5,,-0.5,
SELL,586,NRG,2025-06-03,159.33,485851.32,2025-05-13,148.14,35987.19,38705.35,5436307.0,5397601.66,7.5,14,rotation (out of top-N),2025-06-02,154.22,132.0,101.0,156.78,152.88,121.82,156.78,153.97,52.69,1.8,700,5,3.8,-0.6,1.8
SELL,584,SEZL,2025-06-03,112.39,54164.24,2025-05-06,53.83,1457.83,3043.62,3171587.36,3168543.74,108.67,19,equal-weight sizing trim,2025-06-02,132.16,85.35,51.06,112.32,103.95,67.05,,,158.82,,999,5,,-1,
SELL,589,URBN,2025-06-03,72.65,1244189.34,2025-05-20,61.95,38535.65,45195.18,13319046.84,13273851.67,17.22,9,rotation (out of top-N),2025-06-02,70.01,61.19,49.76,72.59,69.28,56.17,,,40.69,,182,5,,-0.0,
BUY,587,ATRO,2025-06-10,27.53,9363.98,,,128.9,,,,,,,2025-06-09,28.92,24.14,17.57,27.54,26.57,22.42,,,64.56,,98,5,,-0.6,
BUY,594,AU,2025-06-10,43.6,1926755.03,,,42003.26,,,,,,,2025-06-09,47.41,40.24,29.64,43.23,42.4,39.97,,,59.98,,133,5,,-1.0,
BUY,565,PLTR,2025-06-10,131.06,28037.97,,,1837.33,,,,,,,2025-06-09,137.33,120.03,82.39,132.0,127.59,116.74,132.0,128.9,66.68,2.35,791,5,4.6,-1,1.4
BUY,596,TMDX,2025-06-10,140.43,598230.51,,,42003.26,,,,,,,2025-06-09,142.85,115.88,93.61,139.48,131.38,108.95,,,52.61,,21,5,,2.0,
BUY,595,TPC,2025-06-10,40.35,2081945.96,,,42003.26,,,,,,,2025-06-09,41.93,33.69,26.99,40.48,38.31,29.79,,,55.33,,28,5,,1.8,
SELL,591,AGX,2025-06-10,214.82,387779.68,2025-06-03,210.4,40794.42,41651.42,1713986.2,1672334.78,2.05,5,rotation (out of top-N),2025-06-09,216.42,189.93,146.0,214.98,216.19,176.68,,,48.24,,889,5,,-0.4,
SELL,575,DAVE,2025-06-10,224.44,23791.42,2025-04-29,97.14,1155.58,2669.81,3028471.56,3025801.75,130.92,29,equal-weight sizing trim,2025-06-09,208.75,168.23,96.09,224.72,209.57,149.06,,,117.25,,553,5,,-1,
SELL,585,HOOD,2025-06-10,73.28,20855.65,2025-05-13,58.94,614.62,764.15,299069.95,298305.8,24.27,19,equal-weight sizing trim,2025-06-09,72.58,60.87,43.2,73.41,69.96,56.39,73.41,69.85,68.03,4.84,546,5,6,-1,0.0
SELL,592,LASR,2025-06-10,17.57,507820.56,2025-06-03,15.41,3914.03,4459.93,1091814.19,1087354.26,13.89,5,equal-weight sizing trim,2025-06-09,18.04,13.48,10.82,17.61,16.37,11.37,,,66.76,,21,5,,1.7,
SELL,590,LEU,2025-06-10,144.57,21207.22,2025-06-03,135.4,1435.73,1532.96,194470.17,192937.21,6.72,5,equal-weight sizing trim,2025-06-09,162.6,113.36,84.14,146.6,131.33,92.72,,,93.24,,252,5,,-1,
SELL,581,NUTX,2025-06-10,119.03,505254.2,2025-05-06,132.3,33422.38,30068.94,-6706885.11,-6736954.05,-10.08,24,ratchet-ATR exit,2025-06-09,125.02,128.37,63.49,118.5,140.68,141.56,,,96.9,,273,5,,-1,
SELL,593,ROOT,2025-06-10,150.86,596627.75,2025-06-03,136.75,40794.42,45003.63,8418417.59,8373413.96,10.26,5,rotation (out of top-N),2025-06-09,146.56,138.52,100.6,152.78,140.61,137.75,,,45.69,,217,5,,-0.3,
SELL,584,SEZL,2025-06-10,120.86,30890.01,2025-05-06,53.83,831.4,1866.61,2070402.63,2068536.02,124.4,24,equal-weight sizing trim,2025-06-09,133.56,94.11,53.87,132.1,118.07,78.5,,,147.91,,999,5,,-1,
BUY,598,ASTS,2025-06-17,40.75,2198923.47,,,44803.07,,,,,,,2025-06-16,45.95,31.41,25.84,41.96,34.87,26.87,,,77.82,,14,5,,1.8,
BUY,600,CRDO,2025-06-17,78.89,1135836.37,,,44803.07,,,,,,,2025-06-16,85.55,64.62,55.28,79.16,72.24,57.89,,,54.75,,28,5,,1.8,
BUY,575,DAVE,2025-06-17,215.88,40771.58,,,4400.88,,,,,,,2025-06-16,211.01,176.01,100.46,216.63,217.63,166.65,,,110.05,,560,5,,-1,
BUY,585,HOOD,2025-06-17,76.08,31411.09,,,1194.88,,,,,,,2025-06-16,78.52,64.08,44.61,76.74,72.76,60.31,76.74,74.64,76.03,2.73,553,5,4.8,-1,1.2
BUY,592,LASR,2025-06-17,18.79,0.0,,,0.0,,,,,,,2025-06-16,17.37,14.19,10.98,18.88,17.53,12.72,,,58.21,,28,5,,1.6,
BUY,597,NUTX,2025-06-17,124.09,722076.89,,,44803.07,,,,,,,2025-06-16,114.27,125.81,65.73,133.65,131.2,139.96,,,73.86,,280,5,,-1,
BUY,599,PARR,2025-06-17,26.48,3383278.51,,,44803.07,,,,,,,2025-06-16,27.86,21.12,17.16,26.36,23.36,19.1,,,62.35,,28,5,,1.5,
BUY,584,SEZL,2025-06-17,145.84,0.0,,,0.0,,,,,,,2025-06-16,147.04,103.74,56.92,146.28,129.84,90.14,,,158.31,,999,5,,-1,
SELL,587,ATRO,2025-06-17,28.6,3052975.47,2025-05-13,24.28,37068.08,43657.55,13178943.37,13135285.82,17.72,24,rotation (out of top-N),2025-06-16,27.41,24.74,17.87,28.55,27.85,23.64,,,53.43,,105,5,,-0.4,
SELL,594,AU,2025-06-17,45.68,1926755.03,2025-06-10,43.6,42003.26,44007.08,4007650.46,3963643.38,4.72,5,rotation (out of top-N),2025-06-16,44.74,41.06,30.1,46.32,44.25,40.5,,,48.62,,140,5,,-0.4,
SELL,592,LASR,2025-06-17,18.79,13795.26,2025-06-03,15.41,106.33,129.61,46559.01,46429.4,21.83,10,equal-weight sizing trim,2025-06-16,17.37,14.19,10.98,18.88,17.53,12.72,,,58.21,,28,5,,1.6,
SELL,590,LEU,2025-06-17,172.5,61653.5,2025-06-03,135.4,4173.94,5317.61,2287344.71,2282027.1,27.34,10,equal-weight sizing trim,2025-06-16,190.66,127.41,87.92,169.56,150.08,104.45,,,116.84,,259,5,,-1,
SELL,565,PLTR,2025-06-17,141.5,7686.13,2025-04-08,91.72,352.5,543.77,382556.1,382012.32,54.19,48,equal-weight sizing trim,2025-06-16,137.27,123.16,84.94,141.34,133.77,122.17,141.34,137.26,61.62,2.89,798,5,4.9,-1,1.1
SELL,584,SEZL,2025-06-17,145.84,80728.14,2025-05-06,53.83,2172.8,5886.7,7427795.73,7421909.04,170.79,29,equal-weight sizing trim,2025-06-16,147.04,103.74,56.92,146.28,129.84,90.14,,,158.31,,999,5,,-1,
SELL,596,TMDX,2025-06-17,139.4,598230.51,2025-06-10,140.43,42003.26,41696.67,-613186.27,-654882.94,-0.78,5,rotation (out of top-N),2025-06-16,123.48,117.27,92.91,141.86,138.3,116.02,,,32.91,,28,5,,2.9,
SELL,595,TPC,2025-06-17,41.97,2081945.96,2025-06-10,40.35,42003.26,43689.64,3372752.45,3329062.81,3.96,5,rotation (out of top-N),2025-06-16,42.35,35.27,27.45,42.59,40.65,32.35,,,54.28,,35,5,,1.7,
BUY,601,CAR,2025-06-24,152.31,616180.03,,,46925.19,,,,,,,2025-06-23,174.12,123.74,93.72,146.99,130.35,113.16,,,85.79,,49,5,,1.2,
BUY,575,DAVE,2025-06-24,222.45,6840.86,,,760.87,,,,,,,2025-06-23,249.45,189.36,105.66,214.47,212.77,178.95,,,136.08,,567,5,,-1,
BUY,585,HOOD,2025-06-24,77.83,27988.1,,,1089.23,,,,,,,2025-06-23,83.05,67.53,46.12,76.33,75.16,63.64,76.33,73.79,80.09,3.32,560,5,5.2,-1,0.8
BUY,592,LASR,2025-06-24,17.89,477148.56,,,4268.09,,,,,,,2025-06-23,19.61,15.17,11.2,17.57,17.76,13.79,,,75.09,,35,5,,1.4,
BUY,597,NUTX,2025-06-24,119.97,60533.63,,,3631.26,,,,,,,2025-06-23,122.73,125.25,68.18,116.71,123.35,137.21,,,80.0,,287,5,,-1,
BUY,584,SEZL,2025-06-24,150.33,9881.8,,,742.77,,,,,,,2025-06-23,165.5,114.97,60.37,144.91,138.22,100.38,,,174.13,,999,5,,-1,
BUY,602,TPC,2025-06-24,43.7,2147605.97,,,46925.19,,,,,,,2025-06-23,46.93,37.39,27.97,43.19,41.62,34.54,,,67.8,,42,5,,1.3,
SELL,598,ASTS,2025-06-24,50.58,342511.26,2025-06-17,40.75,6978.67,8662.11,3366885.67,3358223.56,24.06,4,equal-weight sizing trim,2025-06-23,49.37,34.67,26.42,50.22,40.99,29.18,,,86.87,,21,5,,1.7,
SELL,600,CRDO,2025-06-24,87.07,57424.41,2025-06-17,78.89,2265.11,2499.97,469731.66,467231.69,10.31,4,equal-weight sizing trim,2025-06-23,93.44,69.86,56.89,84.61,78.84,62.41,,,64.25,,35,5,,1.4,
SELL,590,LEU,2025-06-24,196.99,43055.31,2025-06-03,135.4,2914.84,4240.73,2651776.24,2647535.5,45.41,14,equal-weight sizing trim,2025-06-23,168.83,134.94,91.02,192.74,169.99,116.31,,,85.49,,266,5,,-1,
SELL,599,PARR,2025-06-24,26.17,3383278.51,2025-06-17,26.48,44803.07,44270.2,-1065732.73,-1110002.93,-1.24,4,rotation (out of top-N),2025-06-23,26.61,22.12,17.34,26.59,25.53,20.44,,,53.47,,35,5,,1.7,
SELL,565,PLTR,2025-06-24,141.03,633598.06,2025-04-08,91.72,29057.67,44679.75,31244156.75,31199477.0,53.69,52,rotation (out of top-N),2025-06-23,130.81,124.55,87.28,139.92,136.6,126.22,139.92,136.22,49.89,2.65,805,5,4.3,-0.5,1.2
BUY,598,ASTS,2025-07-01,46.22,328721.15,,,7595.92,,,,,,,2025-06-30,45.62,36.66,26.92,46.73,46.34,32.47,,,69.44,,28,5,,1.5,
BUY,585,HOOD,2025-07-01,94.98,0.0,,,0.0,,,,,,,2025-06-30,94.31,72.4,47.88,93.66,82.15,68.19,93.66,89.64,96.99,4.29,567,5,5.9,-1,0.1
BUY,590,LEU,2025-07-01,174.31,102678.63,,,8948.96,,,,,,,2025-06-30,177.12,142.61,94.0,182.51,175.42,129.96,,,88.42,,273,5,,-1,
BUY,603,NKTR,2025-07-01,25.02,4033687.96,,,50471.52,,,,,,,2025-06-30,24.77,14.96,14.21,25.8,20.43,12.09,,,74.3,,0,5,,2.0,
BUY,604,PARR,2025-07-01,26.93,3749045.17,,,50471.52,,,,,,,2025-06-30,31.45,23.81,17.68,26.53,26.24,21.97,,,77.89,,42,5,,1.3,
BUY,584,SEZL,2025-07-01,179.51,0.0,,,0.0,,,,,,,2025-06-30,181.97,127.15,64.2,179.26,156.34,114.64,,,183.44,,999,5,,-1,
BUY,605,TTMI,2025-07-01,40.4,2498899.4,,,50471.52,,,,,,,2025-06-30,44.03,34.09,25.42,40.85,38.41,32.2,,,73.2,,56,5,,1.1,
SELL,601,CAR,2025-07-01,167.1,11790.22,2025-06-24,152.31,897.88,985.07,174377.35,173392.27,9.66,5,equal-weight sizing trim,2025-06-30,181.24,134.19,96.06,169.06,157.74,123.27,,,88.67,,56,5,,1.1,
SELL,600,CRDO,2025-07-01,90.56,1078411.96,2025-06-17,78.89,42537.96,48830.49,12585067.62,12536237.13,14.74,9,rotation (out of top-N),2025-06-30,93.56,74.17,58.44,92.59,87.87,68.57,,,60.1,,42,5,,1.3,
SELL,575,DAVE,2025-07-01,271.67,50351.11,2025-04-29,110.64,2785.48,6839.44,8107922.6,8101083.16,145.42,43,equal-weight sizing trim,2025-06-30,281.54,206.12,111.65,268.29,234.69,197.52,,,152.16,,574,5,,-1,
SELL,585,HOOD,2025-07-01,94.98,143092.08,2025-05-13,59.82,4280.22,6795.8,5031164.94,5024369.14,58.69,33,equal-weight sizing trim,2025-06-30,94.31,72.4,47.88,93.66,82.15,68.19,93.66,89.64,96.99,4.29,567,5,5.9,-1,0.1
SELL,592,LASR,2025-07-01,19.5,67870.23,2025-06-03,15.64,530.75,661.57,261638.93,260977.36,24.59,19,equal-weight sizing trim,2025-06-30,19.75,16.01,11.43,19.68,18.67,15.19,,,72.85,,42,5,,1.3,
SELL,597,NUTX,2025-07-01,123.55,782610.52,2025-06-17,123.78,48434.33,48345.76,-177124.19,-225469.95,-0.23,9,rotation (out of top-N),2025-06-30,117.65,123.87,70.65,123.61,121.95,137.91,,,66.53,,294,5,,-1,
SELL,584,SEZL,2025-07-01,179.51,61996.36,2025-05-06,55.36,1715.96,5564.48,7697052.08,7691487.6,224.12,38,equal-weight sizing trim,2025-06-30,181.97,127.15,64.2,179.26,156.34,114.64,,,183.44,,999,5,,-1,
SELL,602,TPC,2025-07-01,46.61,2147605.97,2025-06-24,43.7,46925.19,50049.96,6249533.38,6199483.43,6.61,5,rotation (out of top-N),2025-06-30,48.04,39.33,28.52,46.74,44.3,37.53,,,68.42,,49,5,,1.2,
BUY,601,CAR,2025-07-08,183.65,0.0,,,0.0,,,,,,,2025-07-07,191.35,144.58,98.64,181.49,169.38,131.32,,,94.0,,63,5,,-0.0,
BUY,585,HOOD,2025-07-08,95.42,37411.5,,,1784.81,,,,,,,2025-07-07,98.32,77.11,49.76,93.49,88.96,72.76,93.49,89.85,97.58,3.9,574,5,5.6,-1,0.4
BUY,590,LEU,2025-07-08,185.51,0.0,,,0.0,,,,,,,2025-07-07,206.61,154.25,97.47,183.73,176.59,140.27,,,111.97,,280,5,,-1,
BUY,603,NKTR,2025-07-08,23.66,404915.19,,,4790.15,,,,,,,2025-07-07,24.96,16.78,14.34,23.59,22.68,13.54,,,74.03,,7,5,,1.9,
BUY,584,SEZL,2025-07-08,181.66,15510.24,,,1408.8,,,,,,,2025-07-07,134.73,128.53,66.92,179.74,167.48,126.7,,,101.32,,999,5,,-1,
BUY,607,TPC,2025-07-08,47.58,2206171.33,,,52484.82,,,,,,,2025-07-07,48.81,41.05,29.05,47.83,46.05,39.95,,,68.0,,56,5,,1.1,
BUY,606,WLDN,2025-07-08,73.65,1425249.59,,,52484.82,,,,,,,2025-07-07,73.94,59.35,44.1,73.22,65.75,55.58,,,67.66,,56,5,,1.1,
SELL,598,ASTS,2025-07-08,46.1,2185133.36,2025-06-17,41.57,45420.32,50367.32,9894002.4,9843635.08,10.84,13,rotation (out of top-N),2025-07-07,45.58,38.28,27.41,45.66,45.91,34.48,,,66.27,,35,5,,1.4,
SELL,601,CAR,2025-07-08,183.65,32529.52,2025-06-24,152.31,2477.29,2987.02,1019475.17,1016488.15,20.52,9,equal-weight sizing trim,2025-07-07,191.35,144.58,98.64,181.49,169.38,131.32,,,94.0,,63,5,,-0.0,
SELL,575,DAVE,2025-07-08,285.0,3252.05,2025-04-29,110.64,179.91,463.42,567019.2,566555.78,157.46,47,equal-weight sizing trim,2025-07-07,202.56,205.47,115.64,279.71,256.83,214.26,,,75.17,,581,5,,-1,
SELL,592,LASR,2025-07-08,19.07,5180484.13,2025-06-03,15.64,40511.42,49408.87,17794900.83,17745491.97,21.9,23,rotation (out of top-N),2025-07-07,18.29,16.42,11.61,18.98,19.05,16.31,,,57.53,,49,5,,1.3,
SELL,590,LEU,2025-07-08,185.51,13227.69,2025-06-03,142.3,941.13,1226.97,571685.26,570458.29,30.31,23,equal-weight sizing trim,2025-07-07,206.61,154.25,97.47,183.73,176.59,140.27,,,111.97,,280,5,,-1,
SELL,604,PARR,2025-07-08,31.55,420292.62,2025-07-01,26.93,5658.19,6630.12,1943853.37,1937223.25,17.12,4,equal-weight sizing trim,2025-07-07,35.07,25.86,18.08,31.22,28.55,23.46,,,93.94,,49,5,,1.2,
SELL,605,TTMI,2025-07-08,43.55,87369.14,2025-07-01,40.4,1764.64,1902.46,275649.62,273747.16,7.76,4,equal-weight sizing trim,2025-07-07,44.1,35.91,26.07,41.87,40.5,33.88,,,69.18,,63,5,,-0.0,
BUY,608,ASTS,2025-07-15,48.23,2186414.82,,,52725.39,,,,,,,2025-07-14,57.98,41.86,28.26,47.92,45.62,36.85,,,105.19,,42,5,,1.3,
BUY,610,LASR,2025-07-15,18.86,5591240.01,,,52725.39,,,,,,,2025-07-14,19.95,17.06,11.82,18.45,18.73,17.16,,,68.74,,56,5,,1.1,
BUY,609,RKLB,2025-07-15,43.29,2435915.61,,,52725.39,,,,,,,2025-07-14,51.41,34.45,24.42,43.25,38.21,30.57,,,110.56,,385,5,,-1,
BUY,611,TPC,2025-07-15,49.14,2145925.65,,,52725.39,,,,,,,2025-07-14,49.98,42.67,29.64,49.33,47.49,41.74,,,68.65,,63,5,,-0.0,
SELL,601,CAR,2025-07-15,195.04,30927.47,2025-06-24,152.31,2355.28,3016.05,1321530.72,1318514.68,27.99,14,equal-weight sizing trim,2025-07-14,192.44,153.29,101.37,194.84,181.24,141.58,,,89.84,,70,5,,-0.2,
SELL,575,DAVE,2025-07-15,214.29,368498.75,2025-04-29,110.64,20385.78,39483.72,38195883.97,38156400.25,93.59,52,ratchet-ATR exit,2025-07-14,217.82,207.72,119.99,213.75,236.54,221.58,,,81.53,,588,5,,-1,
SELL,585,HOOD,2025-07-15,98.92,34115.09,2025-05-13,61.03,1041.1,1687.33,1292471.44,1290784.11,61.99,42,equal-weight sizing trim,2025-07-14,109.74,83.05,51.85,99.98,94.29,77.58,99.98,96.87,111.66,3.11,581,5,5.1,-1,0.9
SELL,590,LEU,2025-07-15,217.3,80591.13,2025-06-03,142.3,5733.91,8756.23,6044642.92,6035886.7,52.63,28,equal-weight sizing trim,2025-07-14,248.19,171.33,102.19,216.69,190.87,152.97,,,142.86,,287,5,,-1,
SELL,603,NKTR,2025-07-15,24.61,152454.93,2025-07-01,24.9,1898.1,1876.34,-43522.34,-45398.68,-1.2,9,equal-weight sizing trim,2025-07-14,24.97,18.27,14.46,24.51,23.72,15.31,,,72.67,,14,5,,1.8,
SELL,604,PARR,2025-07-15,34.36,258218.84,2025-07-01,26.93,3476.27,4436.2,1919857.08,1915420.88,27.55,9,equal-weight sizing trim,2025-07-14,31.93,26.96,18.42,34.23,31.97,25.36,,,73.3,,56,5,,1.1,
SELL,584,SEZL,2025-07-15,141.99,578117.0,2025-05-06,58.75,16980.83,41043.42,48125177.27,48084133.86,141.58,47,ratchet-ATR exit,2025-07-14,140.63,130.73,69.69,135.86,154.15,134.68,,,101.8,,999,5,,-1,
SELL,607,TPC,2025-07-15,49.14,2206171.33,2025-07-08,47.58,52484.82,54205.63,3441627.28,3387421.65,3.23,5,rotation (out of top-N),2025-07-14,49.98,42.67,29.64,49.33,47.49,41.74,,,68.65,,63,5,,-0.0,
SELL,605,TTMI,2025-07-15,45.24,2411530.27,2025-07-01,40.4,48706.88,54554.84,11695921.79,11641366.94,11.95,9,rotation (out of top-N),2025-07-14,45.03,37.57,26.72,44.31,42.66,35.82,,,68.54,,70,5,,-0.2,
SELL,606,WLDN,2025-07-15,76.82,51863.25,2025-07-08,73.65,1909.86,1992.07,164406.5,162414.43,4.25,5,equal-weight sizing trim,2025-07-14,79.43,63.0,45.01,76.92,71.03,59.29,,,76.48,,63,5,,-0.0,
BUY,613,ABVX,2025-07-22,10.6,10173000.36,,,53916.9,,,,,,,2025-07-21,66.43,18.37,8.87,10.11,9.22,7.48,,,649.2,,7,5,,1.9,
BUY,615,AEHR,2025-07-22,19.42,5552719.04,,,53916.9,,,,,,,2025-07-21,21.74,14.16,11.69,16.47,14.85,12.38,,,86.0,,14,5,,1.8,
BUY,601,CAR,2025-07-22,193.18,17555.86,,,1695.68,,,,,,,2025-07-21,206.78,163.01,104.51,189.99,188.27,151.96,,,97.85,,77,5,,-0.3,
BUY,590,LEU,2025-07-22,219.51,5970.36,,,655.28,,,,,,,2025-07-21,241.71,184.13,105.78,224.4,216.39,169.82,,,128.5,,294,5,,-1,
BUY,612,PVLA,2025-07-22,31.64,3408148.03,,,53916.9,,,,,,,2025-07-21,38.69,27.59,20.67,31.12,28.22,24.69,,,87.16,,161,5,,-1,
BUY,614,SEZL,2025-07-22,131.61,819343.54,,,53916.9,,,,,,,2025-07-21,148.65,133.99,72.48,135.91,144.58,140.06,,,105.1,,999,5,,-1,
SELL,608,ASTS,2025-07-22,55.62,246685.44,2025-07-15,48.23,5948.82,6860.32,1823005.44,1816145.11,15.26,5,equal-weight sizing trim,2025-07-21,54.34,44.13,28.91,56.64,52.04,40.58,,,87.94,,49,5,,1.2,
SELL,585,HOOD,2025-07-22,103.93,28473.27,2025-05-13,61.03,868.92,1479.61,1221378.71,1219899.09,70.2,47,equal-weight sizing trim,2025-07-21,104.83,87.01,53.8,104.33,101.08,82.75,104.33,100.66,94.86,3.52,588,5,5.3,-1,0.7
SELL,610,LASR,2025-07-22,19.37,5591240.01,2025-07-15,18.86,52725.39,54151.16,2851532.41,2797381.25,2.65,5,rotation (out of top-N),2025-07-21,19.4,17.49,12.03,19.56,19.19,17.95,,,61.27,,63,5,,-0.0,
SELL,603,NKTR,2025-07-22,23.95,4286148.22,2025-07-01,24.9,53363.57,51337.34,-4052453.55,-4103790.89,-3.85,14,rotation (out of top-N),2025-07-21,25.02,19.49,14.56,24.8,24.51,17.16,,,71.87,,21,5,,1.7,
SELL,604,PARR,2025-07-22,32.88,3070533.71,2025-07-01,26.93,41337.06,50479.57,18285028.26,18234548.69,22.06,14,rotation (out of top-N),2025-07-21,31.43,27.78,18.76,32.41,32.37,26.93,,,67.54,,63,5,,-0.0,
SELL,609,RKLB,2025-07-22,45.77,78743.93,2025-07-15,43.29,1704.41,1802.05,195284.94,193482.89,5.68,5,equal-weight sizing trim,2025-07-21,47.42,36.81,25.33,47.17,44.87,33.44,,,87.22,,392,5,,-1,
SELL,611,TPC,2025-07-22,48.32,2145925.65,2025-07-15,49.14,52725.39,51845.56,-1759659.04,-1811504.6,-1.72,5,rotation (out of top-N),2025-07-21,47.78,43.6,30.15,48.84,48.92,43.44,,,58.47,,70,5,,-0.1,
SELL,606,WLDN,2025-07-22,78.82,4599.89,2025-07-08,73.65,169.39,181.28,23781.43,23600.15,6.97,10,equal-weight sizing trim,2025-07-21,82.31,66.51,45.91,79.17,76.02,62.91,,,79.27,,70,5,,-0.2,
BUY,608,ASTS,2025-07-29,53.7,1268796.52,,,34067.19,,,,,,,2025-07-28,52.4,45.64,29.58,54.22,54.85,44.65,,,77.14,,56,5,,1.1,
BUY,618,CELC,2025-07-29,34.63,4973170.45,,,86122.88,,,,,,,2025-07-28,39.91,17.65,12.66,36.86,17.95,13.42,,,215.3,,21,5,,1.7,
BUY,616,CLS,2025-07-29,184.12,935533.54,,,86122.88,,,,,,,2025-07-28,194.79,153.59,110.88,173.55,164.95,145.42,,,75.68,,973,5,,-1,
BUY,619,DAVE,2025-07-29,219.06,786312.84,,,86122.88,,,,,,,2025-07-28,232.22,212.6,129.02,212.41,210.87,223.41,,,79.98,,602,5,,-1,
BUY,585,HOOD,2025-07-29,106.69,576964.63,,,30776.74,,,,,,,2025-07-28,99.9,89.35,55.62,106.78,102.94,87.61,106.78,103.89,79.61,2.71,595,5,4.8,-1,1.2
BUY,590,LEU,2025-07-29,239.0,229433.66,,,27417.9,,,,,,,2025-07-28,207.79,188.43,108.84,239.05,228.5,184.37,,,90.91,,301,5,,-1,
BUY,614,SEZL,2025-07-29,147.5,348833.98,,,25726.51,,,,,,,2025-07-28,143.83,135.78,75.16,146.41,143.74,144.36,,,91.36,,999,5,,-1,
BUY,617,SLGL,2025-07-29,11.0,15658705.32,,,86122.88,,,,,,,2025-07-28,12.9,9.03,7.16,11.0,9.54,7.89,,,80.13,,70,5,,-0.2,
BUY,606,WLDN,2025-07-29,83.44,696204.74,,,29045.66,,,,,,,2025-07-28,84.06,69.7,46.88,82.5,79.62,66.47,,,79.29,,77,5,,-0.3,
SELL,613,ABVX,2025-07-29,66.79,7592794.87,2025-07-22,10.6,40241.81,253561.38,426639143.79,426385582.41,529.78,5,equal-weight sizing trim,2025-07-28,72.03,28.13,10.41,66.67,41.53,13.79,,,591.89,,14,5,,1.8,
SELL,615,AEHR,2025-07-29,21.3,5552719.04,2025-07-22,19.42,53916.9,59122.58,10411348.2,10352225.63,9.6,5,rotation (out of top-N),2025-07-28,16.85,14.65,11.69,20.93,18.92,13.85,,,44.2,,21,5,,2.4,
SELL,601,CAR,2025-07-29,208.09,558488.68,2025-06-24,153.59,42890.42,58107.95,30435078.62,30376970.67,35.41,24,rotation (out of top-N),2025-07-28,164.15,163.22,106.56,205.98,199.42,162.64,,,54.04,,84,5,,-0.1,
SELL,612,PVLA,2025-07-29,39.79,3408148.03,2025-07-22,31.64,53916.9,67805.11,27776406.48,27708601.37,25.7,5,rotation (out of top-N),2025-07-28,36.49,29.21,21.16,39.91,34.81,26.54,,,72.45,,168,5,,-1,
SELL,609,RKLB,2025-07-29,45.13,2357171.68,2025-07-15,43.29,51020.98,53189.58,4337195.89,4284006.31,4.2,10,rotation (out of top-N),2025-07-28,44.81,38.26,26.17,45.09,46.28,35.95,,,71.21,,399,5,,-1,
BUY,624,ALAB,2025-08-05,139.34,1322836.88,,,92162.05,,,,,,,2025-08-04,179.28,116.87,97.52,137.9,125.38,101.83,,,83.83,,14,5,,1.8,
BUY,585,HOOD,2025-08-05,105.98,124996.67,,,6623.57,,,,,,,2025-08-04,114.6,93.94,57.89,106.36,103.47,91.81,106.36,100.86,97.98,5.17,602,5,6,-1,0.0
BUY,621,LASR,2025-08-05,20.93,8804589.96,,,92162.05,,,,,,,2025-08-04,26.14,19.45,12.62,21.01,20.19,19.02,,,107.13,,77,5,,-0.3,
BUY,622,NBIS,2025-08-05,55.84,3300637.31,,,92162.05,,,,,,,2025-08-04,68.8,51.06,35.22,54.18,52.39,50.61,,,95.36,,63,5,,-0.0,
BUY,620,PVLA,2025-08-05,37.14,4962953.44,,,92162.05,,,,,,,2025-08-04,40.8,31.32,21.75,37.19,36.29,28.17,,,87.53,,175,5,,-1,
BUY,623,VSAT,2025-08-05,20.26,9097931.43,,,92162.05,,,,,,,2025-08-04,25.61,16.16,10.83,20.28,16.38,14.37,,,136.43,,56,5,,1.1,
SELL,613,ABVX,2025-08-05,71.68,7433.46,2025-07-22,10.6,39.4,266.42,454035.69,453769.28,575.89,10,equal-weight sizing trim,2025-08-04,70.06,35.75,11.9,71.97,60.52,21.8,,,488.6,,21,5,,1.7,
SELL,608,ASTS,2025-08-05,51.7,3208525.89,2025-07-15,50.39,80843.76,82948.42,4209310.52,4126362.1,2.55,15,rotation (out of top-N),2025-08-04,46.59,45.81,30.15,51.39,53.46,47.96,,,54.53,,63,5,,0.2,
SELL,618,CELC,2025-08-05,42.88,671915.66,2025-07-29,34.63,11635.9,14404.19,5536585.07,5522180.88,23.73,5,equal-weight sizing trim,2025-08-04,45.83,22.77,13.43,43.1,32.28,17.0,,,241.3,,28,5,,1.5,
SELL,616,CLS,2025-08-05,202.5,935533.54,2025-07-29,184.12,86122.88,94720.43,17195106.55,17100386.11,9.93,5,rotation (out of top-N),2025-08-04,207.82,163.45,114.32,201.86,187.13,155.64,,,81.8,,980,5,,-1,
SELL,619,DAVE,2025-08-05,246.0,786312.84,2025-07-29,219.06,86122.88,96716.48,21187199.4,21090482.92,12.24,5,rotation (out of top-N),2025-08-04,182.91,207.2,132.64,245.48,226.98,226.84,,,37.9,,609,5,,0.1,
SELL,590,LEU,2025-08-05,212.06,720924.22,2025-06-03,173.71,62617.01,76439.59,27645174.74,27568735.14,22.01,43,ratchet-ATR exit,2025-08-04,222.89,194.69,111.68,209.91,219.72,194.93,,,99.59,,308,5,,-1,
SELL,614,SEZL,2025-08-05,156.29,1168177.53,2025-07-22,136.35,79643.41,91287.23,23287649.37,23196362.13,14.56,10,rotation (out of top-N),2025-08-04,91.59,127.74,76.56,156.84,148.11,148.67,,,19.62,,999,3.92,,1.0,
SELL,617,SLGL,2025-08-05,13.0,1472836.17,2025-07-29,11.0,8100.6,9573.44,2945672.34,2936098.9,18.12,5,equal-weight sizing trim,2025-08-04,15.4,10.19,7.42,13.0,11.38,8.49,,,107.53,,77,5,,-0.3,
SELL,606,WLDN,2025-08-05,90.67,31174.82,2025-07-08,76.95,1199.46,1413.39,427853.63,426440.24,17.78,20,equal-weight sizing trim,2025-08-04,113.75,77.71,48.63,89.44,83.36,70.19,,,133.89,,84,5,,-0.4,
BUY,613,ABVX,2025-08-12,69.42,603066.74,,,20932.45,,,,,,,2025-08-11,70.48,42.07,13.4,68.93,66.37,29.58,,,425.78,,28,5,,1.5,
BUY,625,BE,2025-08-12,38.5,5724088.99,,,110188.71,,,,,,,2025-08-11,45.27,31.73,24.18,37.66,36.18,27.96,,,87.23,,70,5,,-0.2,
BUY,618,CELC,2025-08-12,47.04,385790.11,,,9073.78,,,,,,,2025-08-11,51.85,28.06,14.33,46.73,40.43,21.0,,,261.87,,35,5,,1.4,
BUY,585,HOOD,2025-08-12,114.97,177653.31,,,10212.4,,,,,,,2025-08-11,114.15,97.62,59.98,113.64,108.3,96.34,113.64,110.14,90.33,3.08,609,5,5.1,-1,0.9
BUY,620,PVLA,2025-08-12,41.95,292863.58,,,6142.81,,,,,,,2025-08-11,47.12,34.19,22.51,41.48,38.58,29.87,,,109.31,,182,5,,-1,
SELL,624,ALAB,2025-08-12,180.62,1322836.88,2025-08-05,139.34,92162.05,119462.09,54600092.21,54480630.12,29.56,5,rotation (out of top-N),2025-08-11,185.87,129.41,99.69,179.56,154.51,111.24,,,86.45,,21,5,,1.7,
SELL,621,LASR,2025-08-12,26.6,515579.81,2025-08-05,20.93,5396.83,6857.21,2920759.61,2913902.39,27.0,5,equal-weight sizing trim,2025-08-11,26.18,20.68,12.99,26.48,22.26,19.64,,,101.51,,84,5,,-0.4,
SELL,622,NBIS,2025-08-12,73.5,300805.07,2025-08-05,55.84,8399.23,11054.59,5310713.48,5299658.89,31.55,5,equal-weight sizing trim,2025-08-11,71.6,54.79,36.51,70.23,60.14,52.12,,,96.12,,70,5,,-0.2,
SELL,617,SLGL,2025-08-12,16.31,667311.82,2025-07-29,11.0,3670.22,5441.93,3543425.76,3537983.83,48.2,10,equal-weight sizing trim,2025-08-11,15.45,11.15,7.66,16.31,13.49,9.35,,,101.59,,84,5,,-0.4,
SELL,623,VSAT,2025-08-12,26.11,654980.25,2025-08-05,20.26,6634.95,8552.4,3834909.37,3826356.97,28.83,5,equal-weight sizing trim,2025-08-11,27.11,18.15,11.29,25.56,22.16,16.21,,,140.23,,63,5,,-0.0,
SELL,606,WLDN,2025-08-12,113.42,89909.2,2025-07-08,76.95,3459.29,5098.98,3279378.33,3274279.36,47.33,25,equal-weight sizing trim,2025-08-11,112.76,84.08,50.36,112.86,95.06,75.49,,,123.91,,91,5,,-0.5,
BUY,613,ABVX,2025-08-19,69.03,181600.5,,,6267.94,,,,,,,2025-08-18,77.28,48.47,15.1,70.2,68.87,37.58,,,411.81,,35,5,,1.4,
BUY,621,LASR,2025-08-19,27.02,288576.92,,,3898.67,,,,,,,2025-08-18,28.03,22.01,13.44,27.4,25.2,20.72,,,108.58,,91,5,,-0.5,
BUY,626,LQDA,2025-08-19,27.61,8391755.78,,,115827.21,,,,,,,2025-08-18,26.84,19.81,15.0,27.71,23.71,17.17,,,78.92,,217,5,,-1,
BUY,622,NBIS,2025-08-19,71.75,230300.68,,,8262.04,,,,,,,2025-08-18,68.96,57.37,37.8,72.54,67.39,55.03,,,82.46,,77,5,,-0.3,
BUY,617,SLGL,2025-08-19,16.75,318316.47,,,2665.9,,,,,,,2025-08-18,22.25,13.17,8.08,15.45,14.76,10.38,,,175.22,,91,5,,-0.5,
BUY,623,VSAT,2025-08-19,27.51,0.0,,,0.0,,,,,,,2025-08-18,27.97,19.94,11.8,27.39,25.3,17.96,,,137.0,,70,5,,-0.2,
BUY,606,WLDN,2025-08-19,109.39,174757.62,,,9558.37,,,,,,,2025-08-18,110.86,88.95,52.09,109.61,107.63,82.78,,,112.81,,98,5,,-0.6,
SELL,625,BE,2025-08-19,45.98,683412.54,2025-08-12,38.5,13155.69,15711.65,5111925.79,5096214.14,19.37,5,equal-weight sizing trim,2025-08-18,48.53,34.78,24.86,46.52,41.69,30.78,,,95.18,,77,5,,-0.3,
SELL,618,CELC,2025-08-19,51.52,187961.07,2025-07-29,35.66,3350.97,4841.41,2980864.37,2976022.96,44.41,15,equal-weight sizing trim,2025-08-18,52.43,32.49,15.32,51.57,47.52,25.95,,,242.17,,42,5,,1.3,
SELL,585,HOOD,2025-08-19,116.34,1917695.51,2025-05-13,82.7,79292.02,111552.35,64520654.64,64409102.29,40.62,67,rotation (out of top-N),2025-08-18,109.44,99.77,61.9,115.03,111.19,100.87,115.03,111.48,76.79,3.09,616,5,5.1,-1,0.9
SELL,620,PVLA,2025-08-19,49.5,573588.67,2025-08-05,37.41,10728.41,14196.32,6935821.71,6921625.39,32.26,10,equal-weight sizing trim,2025-08-18,53.36,37.68,23.45,49.76,43.85,32.82,,,127.52,,189,5,,-1,
SELL,623,VSAT,2025-08-19,27.51,18003.77,2025-08-05,20.26,182.38,247.64,130527.3,130279.66,35.72,10,equal-weight sizing trim,2025-08-18,27.97,19.94,11.8,27.39,25.3,17.96,,,137.0,,70,5,,-0.2,
BUY,628,AEHR,2025-08-26,25.94,9456782.52,,,122654.47,,,,,,,2025-08-25,24.95,17.83,12.5,24.62,19.37,17.44,,,99.67,,49,5,,1.2,
BUY,618,CELC,2025-08-26,49.67,441940.4,,,10975.59,,,,,,,2025-08-25,51.18,35.89,16.27,49.23,49.18,30.7,,,214.52,,49,5,,1.2,
BUY,627,ECHO,2025-08-26,54.13,4531429.55,,,122654.47,,,,,,,2025-08-25,61.8,33.73,26.27,29.87,28.45,29.1,,,135.21,,49,5,,1.2,
BUY,621,LASR,2025-08-26,28.45,50675.65,,,720.73,,,,,,,2025-08-25,28.82,23.25,13.87,28.57,26.62,21.79,,,107.73,,98,5,,-0.6,
BUY,620,PVLA,2025-08-26,50.67,160940.36,,,4077.83,,,,,,,2025-08-25,53.59,40.57,24.4,50.09,48.31,36.43,,,119.66,,196,5,,-1,
BUY,617,SLGL,2025-08-26,22.25,0.0,,,0.0,,,,,,,2025-08-25,22.2,14.81,8.48,22.25,19.02,12.08,,,161.79,,98,5,,-0.6,
BUY,606,WLDN,2025-08-26,114.75,20163.08,,,1156.86,,,,,,,2025-08-25,109.91,92.76,53.77,115.91,108.79,88.78,,,104.39,,105,5,,-0.8,
SELL,613,ABVX,2025-08-26,75.88,122968.33,2025-07-22,24.33,1495.65,4665.42,6339542.63,6334877.21,211.78,25,equal-weight sizing trim,2025-08-25,80.94,54.37,16.9,77.47,72.67,45.98,,,378.89,,42,5,,1.3,
SELL,625,BE,2025-08-26,49.1,42068.42,2025-08-12,38.5,809.82,1032.78,445925.3,444892.52,27.47,10,equal-weight sizing trim,2025-08-25,52.93,38.08,25.54,49.32,44.88,33.75,,,107.22,,84,5,,-0.4,
SELL,626,LQDA,2025-08-26,26.37,8391755.78,2025-08-19,27.61,115827.21,110645.3,-10363818.39,-10474463.68,-4.52,5,rotation (out of top-N),2025-08-25,27.68,21.24,15.43,26.23,25.71,18.87,,,79.42,,224,5,,-1,
SELL,622,NBIS,2025-08-26,70.29,3230132.92,2025-08-05,56.98,92024.85,113523.02,42996337.81,42882814.79,23.3,15,rotation (out of top-N),2025-08-25,68.31,59.36,38.92,70.0,67.94,57.24,,,75.52,,84,5,,-0.4,
SELL,617,SLGL,2025-08-26,22.25,2806237.65,2025-07-29,11.13,15619.91,31219.39,31198968.93,31167749.54,99.77,20,equal-weight sizing trim,2025-08-25,22.2,14.81,8.48,22.25,19.02,12.08,,,161.79,,98,5,,-0.6,
SELL,623,VSAT,2025-08-26,29.45,91105.16,2025-08-05,20.26,922.9,1341.52,837256.46,835914.93,45.29,15,equal-weight sizing trim,2025-08-25,32.3,22.18,12.37,28.25,26.53,19.61,,,161.03,,77,5,,-0.3,
BUY,625,BE,2025-09-09,54.27,97379.94,,,2642.65,,,,,,,2025-09-08,67.21,46.2,27.29,53.41,52.27,40.16,,,146.31,,98,5,,-0.6,
BUY,630,CRDO,2025-09-09,149.45,1849776.5,,,138224.55,,,,,,,2025-09-08,161.98,120.98,76.77,147.61,130.61,113.97,,,110.98,,112,5,,-0.9,
BUY,631,NBIS,2025-09-09,97.17,2844858.22,,,138224.55,,,,,,,2025-09-08,90.42,65.91,41.35,64.08,66.53,61.47,,,118.69,,98,5,,-0.6,
BUY,629,NKTR,2025-09-09,44.96,6148778.86,,,138224.55,,,,,,,2025-09-08,48.49,30.88,16.94,44.26,33.87,26.46,,,186.24,,70,5,,-0.2,
BUY,620,PVLA,2025-09-09,55.38,151561.63,,,4196.36,,,,,,,2025-09-08,56.8,45.81,26.39,55.04,53.27,43.05,,,115.24,,210,5,,-1,
BUY,623,VSAT,2025-09-09,29.8,947140.03,,,14112.39,,,,,,,2025-09-08,30.55,24.82,13.43,30.09,29.87,23.1,,,127.54,,91,5,,-0.5,
SELL,613,ABVX,2025-09-09,89.54,145489.57,2025-07-22,24.33,1769.57,6513.57,9487996.07,9481482.5,267.9,34,equal-weight sizing trim,2025-09-08,84.07,64.8,20.78,90.0,83.12,62.96,,,304.49,,56,5,,1.1,
SELL,628,AEHR,2025-09-09,25.18,9456782.52,2025-08-26,25.94,122654.47,119060.89,-7187154.71,-7306215.6,-2.98,9,rotation (out of top-N),2025-09-08,26.49,20.55,13.21,25.18,24.4,19.91,,,100.59,,63,5,,-0.0,
SELL,618,CELC,2025-09-09,62.12,488554.95,2025-07-29,36.91,9016.16,15174.52,12316712.38,12301537.87,68.22,29,equal-weight sizing trim,2025-09-08,54.94,42.29,18.39,62.52,54.53,39.83,,,198.78,,63,5,,-0.0,
SELL,627,ECHO,2025-09-09,83.05,1201057.59,2025-08-26,54.13,32509.63,49873.92,34728580.09,34678706.17,53.34,9,equal-weight sizing trim,2025-09-08,74.82,46.17,28.59,80.69,60.89,36.51,,,161.69,,63,5,,-0.0,
SELL,621,LASR,2025-09-09,28.55,8628262.72,2025-08-05,21.18,91384.62,123146.88,63524514.64,63401367.76,34.69,24,rotation (out of top-N),2025-09-08,28.65,25.07,14.77,28.5,28.51,24.01,,,94.04,,112,5,,-0.9,
SELL,617,SLGL,2025-09-09,28.66,1378310.51,2025-07-29,11.13,7671.87,19747.74,24151751.24,24132003.5,157.28,29,equal-weight sizing trim,2025-09-08,23.88,18.52,9.53,28.66,23.99,15.75,,,150.69,,112,5,,-0.9,
SELL,606,WLDN,2025-09-09,95.74,2138827.86,2025-07-08,79.96,85507.7,102385.69,33755981.08,33653595.39,19.68,44,rotation (out of top-N),2025-09-08,100.86,95.15,56.59,97.42,104.96,97.17,,,78.23,,119,5,,-1.0,
BUY,613,ABVX,2025-09-16,84.76,193891.81,,,8217.13,,,,,,,2025-09-15,82.25,67.97,22.66,85.94,85.09,72.59,,,262.98,,63,5,,-0.0,
BUY,634,AEHR,2025-09-16,28.76,9670563.95,,,139062.71,,,,,,,2025-09-15,29.93,22.25,13.67,28.78,26.17,21.46,,,119.05,,70,5,,-0.2,
BUY,633,ALAB,2025-09-16,232.89,1194235.13,,,139062.71,,,,,,,2025-09-15,245.4,182.2,111.75,231.31,213.97,171.38,,,119.59,,56,5,,1.1,
BUY,635,CRDO,2025-09-16,163.51,1700968.86,,,139062.71,,,,,,,2025-09-15,169.52,129.81,79.11,163.97,149.68,121.57,,,114.28,,119,5,,-1.0,
BUY,627,ECHO,2025-09-16,72.0,534146.27,,,19229.27,,,,,,,2025-09-15,72.48,50.96,29.82,71.98,70.68,42.54,,,143.06,,70,5,,-0.2,
BUY,632,LEU,2025-09-16,240.01,1158807.63,,,139062.71,,,,,,,2025-09-15,294.99,217.57,131.74,243.28,217.93,209.95,,,123.92,,350,5,,-1,
BUY,631,NBIS,2025-09-16,91.2,206185.03,,,9402.04,,,,,,,2025-09-15,99.29,71.98,43.06,90.94,82.32,66.33,,,130.58,,105,5,,-0.8,
BUY,636,VSAT,2025-09-16,32.77,8488491.35,,,139062.71,,,,,,,2025-09-15,29.59,25.69,13.93,32.91,30.78,25.07,,,112.41,,98,5,,-0.6,
SELL,625,BE,2025-09-16,71.72,1216114.14,2025-08-12,38.8,23593.49,43609.85,40032718.2,39989108.34,84.75,24,equal-weight sizing trim,2025-09-15,84.96,53.25,28.77,67.03,60.3,45.01,,,195.31,,105,5,,-0.8,
SELL,618,CELC,2025-09-16,54.47,4452469.27,2025-07-29,36.91,82169.22,121263.0,78187566.75,78066303.75,47.5,34,ratchet-ATR exit,2025-09-15,51.9,44.04,19.37,55.07,55.71,45.22,,,167.87,,70,5,,-0.2,
SELL,630,CRDO,2025-09-16,163.51,1849776.5,2025-09-09,149.45,138224.55,151228.48,26007857.56,25856629.08,9.35,5,rotation (out of top-N),2025-09-15,169.52,129.81,79.11,163.97,149.68,121.57,,,114.28,,119,5,,-1.0,
SELL,629,NKTR,2025-09-16,48.84,451889.69,2025-09-09,44.96,10158.48,11036.28,1755591.46,1744555.19,8.59,5,equal-weight sizing trim,2025-09-15,55.08,35.28,17.94,48.99,43.03,29.39,,,207.05,,77,5,,-0.3,
SELL,620,PVLA,2025-09-16,55.03,4994730.34,2025-08-05,38.38,95850.64,137442.49,83183705.82,83046263.33,43.32,29,rotation (out of top-N),2025-09-15,58.27,48.08,27.5,54.68,55.52,46.58,,,111.86,,217,5,,-1,
SELL,617,SLGL,2025-09-16,24.05,9652325.64,2025-07-29,11.13,53726.19,116069.22,124686055.33,124569986.12,115.93,34,ratchet-ATR exit,2025-09-15,30.25,20.65,10.16,23.88,24.31,17.83,,,197.66,,119,5,,-1.0,
SELL,623,VSAT,2025-09-16,32.77,9280982.28,2025-08-05,21.23,98534.21,152045.69,107022967.52,106870921.83,54.23,29,rotation (out of top-N),2025-09-15,29.59,25.69,13.93,32.91,30.78,25.07,,,112.41,,98,5,,-0.6,
BUY,639,CELC,2025-09-23,52.52,5762737.66,,,151343.9,,,,,,,2025-09-22,50.61,45.23,20.33,52.45,54.13,50.16,,,148.97,,77,5,,-0.3,
BUY,627,ECHO,2025-09-23,73.97,229448.58,,,8486.16,,,,,,,2025-09-22,73.46,55.05,31.09,73.12,71.5,47.86,,,136.3,,77,5,,-0.3,
BUY,637,PVLA,2025-09-23,58.29,5192791.14,,,151343.9,,,,,,,2025-09-22,59.51,50.15,28.69,59.13,57.03,49.19,,,107.41,,224,5,,-1,
BUY,638,SLGL,2025-09-23,30.25,10004554.47,,,151343.9,,,,,,,2025-09-22,30.25,22.4,10.81,30.25,26.52,20.01,,,180.0,,126,5,,-1,
BUY,640,VSAT,2025-09-23,29.88,10131809.05,,,151343.9,,,,,,,2025-09-22,28.95,26.28,14.44,29.85,30.58,27.06,,,100.52,,105,5,,-0.8,
SELL,613,ABVX,2025-09-23,82.64,3282873.17,2025-07-22,27.9,45788.0,135640.11,179704230.34,179568590.23,196.09,44,ratchet-ATR exit,2025-09-22,82.78,70.66,24.54,82.2,83.29,77.25,,,237.33,,70,5,,-0.2,
SELL,634,AEHR,2025-09-23,33.4,602164.03,2025-09-16,28.76,8659.12,10054.63,2791030.3,2780975.66,16.06,5,equal-weight sizing trim,2025-09-22,30.2,23.7,14.06,32.53,28.83,22.66,,,114.73,,77,5,,-0.3,
SELL,633,ALAB,2025-09-23,236.14,1194235.13,2025-09-16,232.89,139062.71,141003.34,3881264.17,3740260.83,1.34,5,rotation (out of top-N),2025-09-22,197.8,185.03,113.4,237.34,233.04,186.89,,,74.43,,63,5,,-0.0,
SELL,625,BE,2025-09-23,81.28,154226.85,2025-08-12,38.8,2992.11,6268.16,6552104.62,6545836.45,109.38,29,equal-weight sizing trim,2025-09-22,70.36,56.36,29.93,86.25,74.19,51.5,,,135.13,,112,5,,-0.9,
SELL,635,CRDO,2025-09-23,163.51,1700968.86,2025-09-16,163.51,139062.71,139062.71,0.0,-139062.71,-0.05,5,rotation (out of top-N),2025-09-22,142.85,132.18,80.97,164.16,160.68,130.21,,,76.42,,126,5,,-1,
SELL,632,LEU,2025-09-23,305.61,167874.04,2025-09-16,240.01,20145.72,25651.99,11012536.84,10986884.85,27.27,5,equal-weight sizing trim,2025-09-22,304.93,233.45,137.69,306.33,253.37,214.34,,,121.46,,357,5,,-1,
SELL,631,NBIS,2025-09-23,108.04,248014.61,2025-09-09,96.77,12000.34,13397.75,2794822.45,2781424.7,11.59,10,equal-weight sizing trim,2025-09-22,107.68,78.47,45.09,106.59,92.44,71.95,,,138.83,,112,5,,-0.9,
SELL,629,NKTR,2025-09-23,58.85,551375.36,2025-09-09,44.96,12394.92,16225.6,7661360.64,7645135.04,30.84,10,equal-weight sizing trim,2025-09-22,58.54,39.51,19.05,58.91,50.99,33.14,,,207.23,,84,5,,-0.4,
SELL,636,VSAT,2025-09-23,29.88,8488491.35,2025-09-16,32.77,139062.71,126796.84,-24531740.0,-24658536.84,-8.87,5,rotation (out of top-N),2025-09-22,28.95,26.28,14.44,29.85,30.58,27.06,,,100.52,,105,5,,-0.8,
BUY,643,ABVX,2025-09-30,84.03,3570422.14,,,150002.36,,,,,,,2025-09-29,83.81,73.05,26.46,83.34,82.88,78.78,,,216.74,,77,5,,-0.3,
BUY,645,AEHR,2025-09-30,30.24,9920791.01,,,150002.36,,,,,,,2025-09-29,31.04,25.03,14.43,30.48,30.31,24.31,,,115.15,,84,5,,-0.4,
BUY,639,CELC,2025-09-30,51.66,47436.01,,,1225.27,,,,,,,2025-09-29,50.45,46.18,21.24,52.02,52.8,51.81,,,137.47,,84,5,,-0.4,
BUY,642,MNPR,2025-09-30,76.94,3899456.95,,,150002.36,,,,,,,2025-09-29,100.11,59.02,40.42,76.4,68.42,45.3,,,147.68,,378,5,,-1,
BUY,629,NKTR,2025-09-30,58.28,4703.43,,,137.06,,,,,,,2025-09-29,60.43,43.31,20.21,59.03,55.77,37.63,,,199.07,,91,5,,-0.5,
BUY,644,PVLA,2025-09-30,62.26,4818578.87,,,150002.36,,,,,,,2025-09-29,65.79,53.0,30.04,62.2,58.69,51.86,,,119.04,,231,5,,-1,
BUY,641,WDC,2025-09-30,117.65,2549976.37,,,150002.36,,,,,,,2025-09-29,131.09,95.94,59.37,116.62,107.27,88.44,116.55,112.79,120.82,3.23,133,5,5.2,-1,0.8
SELL,634,AEHR,2025-09-30,30.24,9068399.91,2025-09-16,28.76,130403.59,137114.21,13421231.87,13284117.66,5.09,10,rotation (out of top-N),2025-09-29,31.04,25.03,14.43,30.48,30.31,24.31,,,115.15,,84,5,,-0.4,
SELL,625,BE,2025-09-30,72.57,3725646.98,2025-08-12,38.8,72280.25,135185.1,125809708.84,125674523.74,86.94,34,ratchet-ATR exit,2025-09-29,90.31,62.53,31.61,73.59,72.59,55.95,,,185.67,,119,5,,-1.0,
SELL,627,ECHO,2025-09-30,77.31,4093966.81,2025-08-26,57.58,117860.26,158262.52,80804514.95,80646252.42,34.21,24,ratchet-ATR exit,2025-09-29,77.17,59.07,32.45,73.64,72.72,53.24,,,137.79,,84,5,,-0.4,
SELL,632,LEU,2025-09-30,315.65,40023.41,2025-09-16,240.01,4803.01,6316.7,3027371.05,3021054.36,31.45,10,equal-weight sizing trim,2025-09-29,343.3,253.42,144.5,315.89,285.84,224.35,,,137.57,,364,5,,-1,
SELL,631,NBIS,2025-09-30,113.55,159657.47,2025-09-09,96.77,7725.12,9064.55,2678857.78,2669793.23,17.28,15,equal-weight sizing trim,2025-09-29,127.97,87.47,47.6,110.18,103.14,79.09,,,168.82,,119,5,,-1.0,
SELL,637,PVLA,2025-09-30,62.26,5192791.14,2025-09-23,58.29,151343.9,161651.59,20615380.82,20453729.23,6.76,5,rotation (out of top-N),2025-09-29,65.79,53.0,30.04,62.2,58.69,51.86,,,119.04,,231,5,,-1,
SELL,638,SLGL,2025-09-30,30.25,83721.63,2025-09-23,30.26,1266.5,1266.5,-0.0,-1266.5,-0.05,5,equal-weight sizing trim,2025-09-29,31.79,24.11,11.32,30.25,28.89,22.31,,,180.8,,133,5,,-1,
SELL,640,VSAT,2025-09-30,28.23,10131809.05,2025-09-23,29.87,151343.9,142985.16,-16717484.94,-16860470.09,-5.57,5,rotation (out of top-N),2025-09-29,32.04,27.33,15.02,28.39,29.46,28.72,,,113.38,,112,5,,-0.9,
BUY,643,ABVX,2025-10-07,87.44,184305.76,,,8058.31,,,,,,,2025-10-06,93.66,76.8,28.61,86.64,83.79,80.47,,,227.31,,84,5,,-0.4,
BUY,648,ASTS,2025-10-07,67.53,4860067.73,,,164088.04,,,,,,,2025-10-06,82.01,55.48,36.56,72.89,58.6,47.93,,,124.32,,126,5,,-1,
BUY,646,BE,2025-10-07,88.98,3688200.42,,,164088.04,,,,,,,2025-10-06,86.83,66.95,33.17,86.97,82.46,62.3,,,161.74,,126,5,,-1,
BUY,647,ECHO,2025-10-07,76.9,4267569.23,,,164088.04,,,,,,,2025-10-06,73.98,61.78,33.72,76.76,75.85,59.6,,,119.36,,91,5,,-0.5,
BUY,631,NBIS,2025-10-07,127.77,0.0,,,0.0,,,,,,,2025-10-06,129.6,95.13,50.07,125.0,115.57,86.8,,,158.86,,126,5,,-1,
BUY,629,NKTR,2025-10-07,59.75,344844.46,,,10302.23,,,,,,,2025-10-06,54.13,45.28,21.14,59.9,58.18,42.22,,,156.07,,98,5,,-0.6,
BUY,644,PVLA,2025-10-07,68.0,9949.15,,,338.27,,,,,,,2025-10-06,70.0,56.09,31.48,68.01,62.7,55.09,,,122.36,,238,5,,-1,
SELL,645,AEHR,2025-10-07,25.55,9920791.01,2025-09-30,30.24,150002.36,126762.91,-46478905.89,-46605668.8,-15.53,5,rotation (out of top-N),2025-10-06,23.49,24.75,14.58,31.76,31.21,25.96,,,61.08,,91,5,,-0.5,
SELL,639,CELC,2025-10-07,47.76,5810173.67,2025-09-23,52.52,152569.17,138746.95,-27644445.38,-27783192.33,-9.11,10,rotation (out of top-N),2025-10-06,46.1,46.17,22.05,47.78,50.09,52.36,,,109.05,,91,5,,-0.5,
SELL,632,LEU,2025-10-07,358.5,35037.81,2025-09-16,240.01,4204.71,6280.53,4151630.21,4145349.68,49.29,15,equal-weight sizing trim,2025-10-06,363.28,273.4,151.57,355.22,321.18,238.79,,,139.67,,371,5,,-1,
SELL,642,MNPR,2025-10-07,100.5,632389.85,2025-09-30,76.94,24326.46,31777.59,14902266.75,14870489.16,30.56,5,equal-weight sizing trim,2025-10-06,89.58,64.58,42.08,99.61,85.34,51.91,,,112.88,,385,5,,-1,
SELL,631,NBIS,2025-10-07,127.77,73595.46,2025-09-09,96.77,3560.96,4701.65,2281369.69,2276668.04,31.97,20,equal-weight sizing trim,2025-10-06,129.6,95.13,50.07,125.0,115.57,86.8,,,158.86,,126,5,,-1,
SELL,638,SLGL,2025-10-07,41.5,2009019.74,2025-09-23,30.25,30391.45,41687.16,22591427.02,22549739.86,37.1,10,equal-weight sizing trim,2025-10-06,37.73,26.58,12.0,41.8,32.08,24.7,,,214.49,,140,5,,-1,
SELL,641,WDC,2025-10-07,126.36,2549976.37,2025-09-30,117.65,150002.36,161107.51,22210294.2,22049186.7,7.35,5,rotation (out of top-N),2025-10-06,115.25,99.45,61.16,125.1,120.29,94.99,125.07,120.05,88.44,4.01,140,5,5.7,-1,0.3
BUY,650,CELC,2025-10-14,46.87,7439181.46,,,174318.62,,,,,,,2025-10-13,52.05,47.24,23.06,47.38,48.79,52.08,,,125.75,,98,5,,-0.6,
BUY,649,HUT,2025-10-14,46.99,7419392.19,,,174318.62,,,,,,,2025-10-13,48.46,35.3,21.31,49.08,42.62,32.76,,,127.44,,84,5,,-0.4,
BUY,629,NKTR,2025-10-14,57.48,573051.86,,,16469.51,,,,,,,2025-10-13,57.7,47.54,22.2,57.33,56.92,46.11,,,159.94,,105,5,,-0.8,
BUY,651,PRAX,2025-10-14,51.65,6750648.45,,,174318.62,,,,,,,2025-10-13,190.03,74.57,52.36,52.41,52.57,47.37,,,262.95,,0,5,,2.0,
BUY,652,VSAT,2025-10-14,33.47,10416409.89,,,174318.62,,,,,,,2025-10-13,35.71,29.64,16.28,34.68,32.81,30.46,,,119.41,,126,5,,-1,
SELL,643,ABVX,2025-10-14,94.83,76444.18,2025-09-30,84.19,3218.03,3624.6,813146.31,809521.7,12.58,10,equal-weight sizing trim,2025-10-13,92.81,79.71,30.77,95.68,88.79,83.04,,,201.58,,91,5,,-0.5,
SELL,648,ASTS,2025-10-14,88.69,927358.5,2025-10-07,67.53,31309.94,41126.03,19632179.48,19591053.45,31.29,5,equal-weight sizing trim,2025-10-13,83.6,60.59,38.09,90.45,74.87,52.25,,,119.48,,133,5,,-1,
SELL,646,BE,2025-10-14,107.3,437392.92,2025-10-07,88.98,19459.61,23466.13,8013038.27,7989572.14,20.53,5,equal-weight sizing trim,2025-10-13,111.55,75.06,35.37,109.94,89.43,68.39,,,215.34,,133,5,,-1,
SELL,647,ECHO,2025-10-14,73.89,4267569.23,2025-10-07,76.9,164088.04,157676.01,-12824045.52,-12981721.54,-3.96,5,rotation (out of top-N),2025-10-13,72.38,63.71,34.96,74.84,75.45,65.51,,,107.04,,98,5,,-0.6,
SELL,632,LEU,2025-10-14,388.07,17035.44,2025-09-16,240.01,2044.34,3305.47,2522267.73,2518962.26,61.61,20,equal-weight sizing trim,2025-10-13,379.05,292.61,159.28,399.85,356.19,260.73,,,137.98,,378,5,,-1,
SELL,642,MNPR,2025-10-14,100.93,3267067.1,2025-09-30,76.94,125675.9,164872.54,78393275.06,78228402.52,31.12,10,rotation (out of top-N),2025-10-13,79.68,67.32,43.44,101.68,93.32,60.09,,,83.42,,392,5,,-1,
SELL,631,NBIS,2025-10-14,131.32,2569775.72,2025-09-09,96.77,124340.16,168731.47,88782620.42,88613888.95,35.63,25,rotation (out of top-N),2025-10-13,113.46,98.46,52.07,135.51,124.18,93.83,,,117.88,,133,5,,-1,
SELL,644,PVLA,2025-10-14,73.13,58780.38,2025-09-30,62.27,1830.18,2149.3,638247.47,636098.17,17.38,10,equal-weight sizing trim,2025-10-13,73.48,59.25,32.97,76.15,69.29,58.62,,,122.87,,245,5,,-1,
SELL,638,SLGL,2025-10-14,37.73,7911813.1,2025-09-23,30.26,119685.95,149256.35,59140802.9,58991546.55,24.64,15,ratchet-ATR exit,2025-10-13,38.68,28.78,12.7,37.73,36.09,27.56,,,204.53,,147,5,,-1,
BUY,643,ABVX,2025-10-21,92.28,1271503.58,,,58667.18,,,,,,,2025-10-20,90.83,81.73,32.89,91.55,91.82,85.74,,,176.14,,98,5,,-0.6,
BUY,646,BE,2025-10-21,108.61,954819.89,,,51851.49,,,,,,,2025-10-20,110.31,81.47,37.53,109.01,104.12,76.86,,,193.9,,140,5,,-1,
BUY,654,GRAL,2025-10-21,90.83,5027213.39,,,228298.33,,,,,,,2025-10-20,89.34,60.13,40.28,91.91,75.69,51.0,,,121.8,,999,5,,-1,
BUY,655,INBX,2025-10-21,38.31,11918471.84,,,228298.33,,,,,,,2025-10-20,57.25,35.17,19.64,38.2,35.61,30.73,,,191.45,,112,5,,-0.9,
BUY,632,LEU,2025-10-21,386.49,283005.69,,,54689.43,,,,,,,2025-10-20,382.71,308.99,166.9,399.52,385.91,289.28,,,129.3,,385,5,,-1,
BUY,629,NKTR,2025-10-21,60.45,1488215.06,,,44981.3,,,,,,,2025-10-20,60.21,49.84,23.36,63.0,57.91,49.95,,,157.71,,112,5,,-0.9,
BUY,651,PRAX,2025-10-21,178.5,0.0,,,0.0,,,,,,,2025-10-20,173.89,92.63,54.94,175.2,109.18,57.51,,,216.53,,7,5,,1.9,
BUY,653,SLGL,2025-10-21,38.68,11804463.7,,,228298.33,,,,,,,2025-10-20,38.68,30.58,13.4,38.68,37.44,29.88,,,188.63,,154,5,,-1,
BUY,652,VSAT,2025-10-21,36.88,1971080.51,,,36341.8,,,,,,,2025-10-20,38.13,31.18,17.01,37.09,35.13,31.67,,,124.21,,133,5,,-1,
SELL,648,ASTS,2025-10-21,81.28,3932709.23,2025-10-07,67.53,132778.1,159825.3,54094415.43,53934590.12,20.31,10,rotation (out of top-N),2025-10-20,73.74,62.98,39.41,82.78,83.06,57.64,,,87.09,,140,5,,-1,
SELL,650,CELC,2025-10-21,71.22,1024900.8,2025-10-14,46.87,24015.99,36496.72,24961459.0,24924962.28,51.89,5,equal-weight sizing trim,2025-10-20,70.94,51.55,24.56,70.45,53.59,52.55,,,188.89,,105,5,,-0.8,
SELL,649,HUT,2025-10-21,48.73,7419392.19,2025-10-14,46.99,174318.62,180773.49,12909742.41,12728968.92,3.65,5,rotation (out of top-N),2025-10-20,47.65,37.55,21.83,49.92,47.29,36.2,,,118.33,,91,5,,-0.5,
SELL,651,PRAX,2025-10-21,178.5,4191404.37,2025-10-14,51.65,108232.54,374082.84,531700600.96,531326518.12,245.46,5,equal-weight sizing trim,2025-10-20,173.89,92.63,54.94,175.2,109.18,57.51,,,216.53,,7,5,,1.9,
SELL,644,PVLA,2025-10-21,75.75,4769747.64,2025-09-30,62.27,148510.45,180654.19,64287482.76,64106828.57,21.58,15,rotation (out of top-N),2025-10-20,73.43,61.83,34.48,77.48,72.82,61.62,,,112.96,,252,5,,-1,
BUY,643,ABVX,2025-10-28,94.86,164165.52,,,7786.37,,,,,,,2025-10-27,102.55,85.52,35.3,94.88,91.94,87.23,,,190.48,,105,5,,-0.8,
BUY,646,BE,2025-10-28,108.25,275688.32,,,14921.63,,,,,,,2025-10-27,132.36,90.72,40.1,108.47,104.55,83.39,,,230.1,,147,5,,-1,
BUY,656,HUT,2025-10-28,50.74,9556066.15,,,242437.4,,,,,,,2025-10-27,50.64,39.93,22.44,49.77,46.11,38.57,,,125.66,,98,5,,-0.6,
BUY,657,NBIS,2025-10-28,126.25,3840592.45,,,242437.4,,,,,,,2025-10-27,130.76,107.14,56.33,125.42,115.54,105.28,,,132.13,,147,5,,-1,
BUY,629,NKTR,2025-10-28,61.53,327108.22,,,10064.3,,,,,,,2025-10-27,64.9,52.58,24.66,62.48,60.28,54.03,,,163.23,,119,5,,-1.0,
BUY,651,PRAX,2025-10-28,185.7,53100.68,,,4930.4,,,,,,,2025-10-27,198.69,111.91,57.98,186.02,155.21,74.49,,,242.7,,14,5,,1.8,
BUY,653,SLGL,2025-10-28,39.1,602328.46,,,11775.52,,,,,,,2025-10-27,35.91,31.55,14.08,38.68,38.23,31.93,,,155.13,,161,5,,-1,
BUY,652,VSAT,2025-10-28,39.08,25939.69,,,506.86,,,,,,,2025-10-27,39.82,32.75,17.71,39.12,36.65,32.41,,,124.79,,140,5,,-1,
SELL,650,CELC,2025-10-28,76.25,51668.62,2025-10-14,46.86,1210.72,1969.74,1518023.98,1516054.24,62.61,10,equal-weight sizing trim,2025-10-27,77.15,56.2,26.2,77.48,65.19,55.05,,,194.48,,112,5,,-0.9,
SELL,654,GRAL,2025-10-28,83.26,5027213.39,2025-10-21,90.83,228298.33,209282.89,-38030869.28,-38240152.18,-8.38,5,rotation (out of top-N),2025-10-27,91.9,65.91,41.86,85.02,81.32,57.33,,,119.52,,999,5,,-1,
SELL,655,INBX,2025-10-28,58.26,3590991.7,2025-10-21,38.31,68785.45,104596.61,71622329.51,71517732.9,51.99,5,equal-weight sizing trim,2025-10-27,81.26,43.55,21.36,58.69,41.9,32.71,,,280.47,,119,5,,-1.0,
SELL,632,LEU,2025-10-28,371.0,1181842.61,2025-09-16,275.09,162554.36,219231.8,113354890.48,113135658.68,34.8,30,rotation (out of top-N),2025-10-27,368.15,319.75,173.8,359.55,367.3,308.52,,,111.82,,392,5,,-1,
BUY,646,BE,2025-11-04,131.88,0.0,,,0.0,,,,,,,2025-11-03,135.32,98.83,42.89,142.34,122.01,92.9,,,215.51,,154,5,,-1,
BUY,650,CELC,2025-11-04,73.75,361857.97,,,13343.51,,,,,,,2025-11-03,74.55,59.54,27.76,75.22,72.1,57.54,,,168.51,,119,5,,-1.0,
BUY,660,LITE,2025-11-04,188.56,2628845.15,,,247847.52,,,,,,,2025-11-03,240.08,176.39,105.04,199.53,190.59,168.71,199.53,191.54,128.55,4.01,140,5,5.7,-1,0.3
BUY,659,MBX,2025-11-04,20.95,23660861.19,,,247847.52,,,,,,,2025-11-03,25.57,17.57,12.23,20.64,18.85,15.46,,,109.03,,84,5,,-0.4,
BUY,629,NKTR,2025-11-04,57.72,708430.07,,,20445.29,,,,,,,2025-11-03,56.03,53.21,25.75,59.89,61.17,57.28,,,117.65,,126,5,,-1,
BUY,651,PRAX,2025-11-04,181.0,127608.05,,,11548.53,,,,,,,2025-11-03,168.03,122.12,60.26,181.9,179.83,93.31,,,178.82,,21,5,,1.7,
BUY,661,PVLA,2025-11-04,75.73,6545557.14,,,247847.52,,,,,,,2025-11-03,77.62,67.4,37.76,77.0,75.4,66.89,,,105.55,,266,5,,-1,
BUY,658,WDC,2025-11-04,151.16,3279273.89,,,247847.52,,,,,,,2025-11-03,162.8,124.77,70.95,157.81,137.39,118.39,157.77,147.26,129.47,6.66,168,5,6,-1,0.0
SELL,643,ABVX,2025-11-04,99.79,144085.97,2025-09-30,86.55,6235.04,7189.17,1908268.58,1901079.41,15.25,25,equal-weight sizing trim,2025-11-03,105.36,89.13,37.79,98.89,97.18,88.97,,,178.83,,112,5,,-0.9,
SELL,646,BE,2025-11-04,131.88,720895.55,2025-10-07,94.35,34007.52,47537.65,27060268.21,27012730.55,39.72,20,equal-weight sizing trim,2025-11-03,135.32,98.83,42.89,142.34,122.01,92.9,,,215.51,,154,5,,-1,
SELL,656,HUT,2025-11-04,49.75,9556066.15,2025-10-28,50.74,242437.4,237707.15,-9460505.49,-9698212.63,-2.0,5,rotation (out of top-N),2025-11-03,44.61,40.78,23.01,55.0,49.61,41.69,,,93.84,,105,5,,-0.8,
SELL,655,INBX,2025-11-04,79.5,2088810.87,2025-10-21,38.31,40011.17,83025.01,86027675.51,85944650.5,107.4,10,equal-weight sizing trim,2025-11-03,80.81,50.32,23.04,81.27,65.01,38.85,,,250.77,,126,5,,-1,
SELL,657,NBIS,2025-11-04,112.36,3840592.45,2025-10-28,126.25,242437.4,215754.88,-53365032.05,-53580786.94,-11.05,5,rotation (out of top-N),2025-11-03,111.18,107.87,58.29,120.45,121.22,112.69,,,90.73,,154,5,,-1,
SELL,653,SLGL,2025-11-04,35.91,12406792.17,2025-10-21,38.7,240073.85,222763.95,-34619792.26,-34842556.21,-7.26,10,ratchet-ATR exit,2025-11-03,35.91,32.34,14.79,35.91,37.37,33.44,,,142.87,,168,5,,-1,
SELL,652,VSAT,2025-11-04,36.01,12413430.09,2025-10-14,34.02,211167.28,223503.81,24673061.64,24449557.83,5.79,15,rotation (out of top-N),2025-11-03,35.88,33.32,18.37,38.4,38.2,33.54,,,95.31,,147,5,,-1,
BUY,643,ABVX,2025-11-11,103.64,140812.2,,,7297.24,,,,,,,2025-11-10,110.38,92.99,40.39,106.24,101.23,90.99,,,173.29,,119,5,,-1.0,
BUY,646,BE,2025-11-11,136.0,134392.25,,,9138.67,,,,,,,2025-11-10,111.79,101.19,45.07,139.27,131.4,101.95,,,148.06,,161,5,,-1,
BUY,650,CELC,2025-11-11,76.96,158294.25,,,6091.16,,,,,,,2025-11-10,92.67,65.56,29.77,76.78,73.89,59.76,,,211.24,,126,5,,-1,
BUY,663,GSAT,2025-11-11,59.29,8929647.15,,,264719.39,,,,,,,2025-11-10,62.85,46.13,28.1,57.62,49.99,42.7,,,123.68,,98,5,,-0.6,
BUY,655,INBX,2025-11-11,79.32,439169.93,,,17417.48,,,,,,,2025-11-10,79.11,55.56,24.7,79.0,74.92,45.47,,,220.21,,133,5,,-1,
BUY,660,LITE,2025-11-11,252.0,0.0,,,0.0,,,,,,,2025-11-10,231.89,186.48,108.69,260.0,220.48,177.39,260.0,244.45,113.35,5.98,147,5,6,-1,0.0
BUY,651,PRAX,2025-11-11,166.64,438558.19,,,36540.67,,,,,,,2025-11-10,186.29,133.78,62.75,167.6,172.72,109.46,,,196.89,,28,5,,1.5,
BUY,661,PVLA,2025-11-11,77.77,265466.44,,,10322.66,,,,,,,2025-11-10,83.97,70.42,39.48,80.26,77.09,69.45,,,112.72,,273,5,,-1,
BUY,662,SLGL,2025-11-11,35.91,14743491.5,,,264719.39,,,,,,,2025-11-10,35.23,32.87,15.51,35.91,36.45,34.82,,,127.11,,175,5,,-1,
SELL,660,LITE,2025-11-11,252.0,526846.61,2025-11-04,188.56,49671.1,66382.67,33423149.19,33356766.51,33.58,5,equal-weight sizing trim,2025-11-10,231.89,186.48,108.69,260.0,220.48,177.39,260.0,244.45,113.35,5.98,147,5,6,-1,0.0
SELL,659,MBX,2025-11-11,24.38,23660861.19,2025-11-04,20.95,247847.52,288366.75,81038449.56,80750082.82,16.29,5,rotation (out of top-N),2025-11-10,24.83,18.89,12.55,24.41,22.1,17.07,,,97.9,,91,5,,-0.5,
SELL,629,NKTR,2025-11-11,57.16,8591866.91,2025-09-09,50.76,218070.84,245555.56,54969429.99,54723874.44,12.55,45,rotation (out of top-N),2025-11-10,56.69,53.84,26.91,58.02,57.97,58.23,,,110.67,,133,5,,-1,
SELL,658,WDC,2025-11-11,171.33,187558.31,2025-11-04,151.16,14175.66,16067.18,3783051.05,3766983.87,13.29,5,equal-weight sizing trim,2025-11-10,157.63,130.74,73.79,173.96,154.42,126.57,173.91,165.54,113.61,4.82,175,5,6,-1,0.0
BUY,664,GRAL,2025-11-18,78.81,6760255.5,,,266387.87,,,,,,,2025-11-17,93.51,74.62,45.24,84.87,83.34,74.96,,,106.68,,999,5,,-1,
BUY,663,GSAT,2025-11-18,58.36,203942.69,,,5951.05,,,,,,,2025-11-17,56.8,48.07,28.95,59.14,57.42,46.13,,,96.2,,105,5,,-0.8,
BUY,655,INBX,2025-11-18,78.17,141103.35,,,5515.02,,,,,,,2025-11-17,84.06,60.74,26.47,77.13,76.07,51.68,,,217.59,,140,5,,-1,
BUY,660,LITE,2025-11-18,246.06,64279.38,,,7908.29,,,,,,,2025-11-17,255.6,199.05,113.14,242.23,232.78,186.59,242.23,228.67,125.92,5.6,154,5,6,-1,0.0
BUY,665,MBX,2025-11-18,25.36,21008506.95,,,266387.87,,,,,,,2025-11-17,27.07,20.38,12.96,25.59,23.86,18.68,,,108.76,,98,5,,-0.6,
BUY,651,PRAX,2025-11-18,193.39,0.0,,,0.0,,,,,,,2025-11-17,170.24,140.41,64.74,197.34,181.81,127.12,,,162.95,,35,5,,1.4,
BUY,662,SLGL,2025-11-18,35.23,386665.83,,,6811.12,,,,,,,2025-11-17,35.23,33.3,16.24,35.23,35.36,35.77,,,116.99,,182,5,,-1,
SELL,643,ABVX,2025-11-18,112.42,369153.91,2025-09-30,87.02,16061.36,20750.14,9377557.09,9356806.94,29.13,35,equal-weight sizing trim,2025-11-17,119.05,97.73,43.18,113.67,105.67,94.15,,,175.71,,126,5,,-1,
SELL,646,BE,2025-11-18,103.85,3894812.41,2025-10-07,95.79,186532.7,202238.13,31410863.94,31208625.81,8.37,30,rotation (out of top-N),2025-11-17,90.0,99.15,46.68,107.04,119.85,106.23,,,92.8,,168,5,,-1,
SELL,650,CELC,2025-11-18,88.09,831654.52,2025-10-14,48.97,20363.31,36630.22,32533817.4,32497187.18,79.79,25,equal-weight sizing trim,2025-11-17,97.48,71.36,31.89,92.28,83.06,63.97,,,205.69,,133,5,,-1,
SELL,651,PRAX,2025-11-18,193.39,422203.76,2025-10-14,74.94,15820.89,40824.99,50008210.47,49967385.47,157.92,25,equal-weight sizing trim,2025-11-17,170.24,140.41,64.74,197.34,181.81,127.12,,,162.95,,35,5,,1.4,
SELL,661,PVLA,2025-11-18,82.3,333810.42,2025-11-04,75.81,12653.0,13735.46,2164923.77,2151188.31,8.5,10,equal-weight sizing trim,2025-11-17,94.04,74.71,41.34,81.51,79.77,72.38,,,127.49,,280,5,,-1,
SELL,658,WDC,2025-11-18,158.5,3091715.59,2025-11-04,151.16,233671.86,245018.46,22693192.41,22448173.95,4.8,10,rotation (out of top-N),2025-11-17,138.96,132.24,76.11,162.23,159.01,133.69,162.18,153.86,82.58,5.13,182,5,6,-1,0.0
BUY,643,ABVX,2025-11-25,124.85,101995.23,,,6367.05,,,,,,,2025-11-24,124.96,102.68,46.1,125.59,114.76,98.69,,,171.06,,133,5,,-1,
BUY,666,ARWR,2025-11-25,44.2,13674604.75,,,302208.76,,,,,,,2025-11-24,52.68,39.58,22.84,44.28,40.72,38.66,,,130.69,,98,5,,-0.6,
BUY,664,GRAL,2025-11-25,110.12,0.0,,,0.0,,,,,,,2025-11-24,110.48,81.14,46.99,111.44,90.56,80.2,,,135.13,,999,5,,-1,
BUY,655,INBX,2025-11-25,81.11,636291.97,,,25804.82,,,,,,,2025-11-24,84.42,65.05,28.27,80.86,79.34,57.9,,,198.65,,147,5,,-1,
BUY,651,PRAX,2025-11-25,186.25,490265.7,,,45655.99,,,,,,,2025-11-24,196.4,150.59,67.79,191.87,180.79,143.35,,,189.71,,42,5,,1.3,
BUY,661,PVLA,2025-11-25,96.3,0.0,,,0.0,,,,,,,2025-11-24,103.29,79.91,43.44,98.38,88.68,76.58,,,137.8,,287,5,,-1,
BUY,662,SLGL,2025-11-25,39.4,219901.21,,,4331.5,,,,,,,2025-11-24,39.4,34.41,17.08,37.98,35.78,36.46,,,130.71,,189,5,,-1,
SELL,650,CELC,2025-11-25,101.71,105579.41,2025-10-14,48.97,2585.14,5369.24,5568193.84,5562824.6,107.59,30,equal-weight sizing trim,2025-11-24,101.17,76.78,34.09,101.11,91.65,69.41,,,196.77,,140,5,,-1,
SELL,664,GRAL,2025-11-25,110.12,1268792.64,2025-11-18,78.81,49996.77,69859.72,39725897.71,39656037.98,39.66,5,equal-weight sizing trim,2025-11-24,110.48,81.14,46.99,111.44,90.56,80.2,,,135.13,,999,5,,-1,
SELL,663,GSAT,2025-11-25,59.75,9133589.84,2025-11-11,59.27,270670.44,272866.0,4391118.03,4118252.03,0.76,10,rotation (out of top-N),2025-11-24,60.65,50.36,29.95,59.85,58.12,49.05,,,102.5,,112,5,,-0.9,
SELL,660,LITE,2025-11-25,289.85,79957.79,2025-11-04,190.27,7606.63,11587.88,7962501.95,7950914.06,52.26,15,equal-weight sizing trim,2025-11-24,325.15,221.98,119.43,299.47,253.16,199.23,299.47,279.51,172.24,6.66,161,5,6,-1,0.0
SELL,665,MBX,2025-11-25,30.24,1011156.09,2025-11-18,25.36,12821.46,15288.68,4934441.72,4919153.04,19.18,5,equal-weight sizing trim,2025-11-24,34.48,22.94,13.55,31.25,26.62,19.86,,,154.37,,105,5,,-0.8,
SELL,661,PVLA,2025-11-25,96.3,197345.15,2025-11-04,75.81,7480.32,9501.68,4042711.99,4033210.31,26.96,15,equal-weight sizing trim,2025-11-24,103.29,79.91,43.44,98.38,88.68,76.58,,,137.8,,287,5,,-1,
BUY,643,ABVX,2025-12-02,120.77,293368.36,,,17715.05,,,,,,,2025-12-01,114.45,104.82,48.77,119.82,119.9,102.82,,,134.67,,140,5,,-1,
BUY,667,BE,2025-12-02,101.42,6113774.49,,,310044.79,,,,,,,2025-12-01,119.29,104.31,51.19,98.94,103.21,110.83,,,133.05,,182,5,,-1,
BUY,650,CELC,2025-12-02,99.12,313075.0,,,15516.78,,,,,,,2025-12-01,105.58,82.02,36.49,98.42,96.05,74.52,,,189.32,,147,5,,-1,
BUY,668,GSAT,2025-12-02,61.43,10094246.75,,,310044.79,,,,,,,2025-12-01,68.45,53.65,31.12,60.12,59.48,51.16,,,119.95,,119,5,,-1.0,
BUY,655,INBX,2025-12-02,81.42,164429.93,,,6693.94,,,,,,,2025-12-01,87.86,69.19,30.13,79.92,80.9,62.69,,,191.57,,154,5,,-1,
BUY,651,PRAX,2025-12-02,186.75,75387.56,,,7039.5,,,,,,,2025-12-01,247.91,168.29,73.03,184.71,185.1,156.8,,,239.46,,49,5,,1.2,
BUY,661,PVLA,2025-12-02,96.22,167769.72,,,8071.4,,,,,,,2025-12-01,100.47,83.65,45.47,94.47,93.8,80.02,,,120.95,,294,5,,-1,
SELL,666,ARWR,2025-12-02,56.12,2618741.3,2025-11-25,44.2,57874.18,73475.33,31202302.6,31128827.27,26.89,4,equal-weight sizing trim,2025-12-01,61.42,43.55,23.9,56.28,48.0,40.49,,,157.01,,105,5,,-0.8,
SELL,664,GRAL,2025-12-02,99.51,5491462.86,2025-11-18,78.81,216391.09,273227.73,113673281.15,113400053.42,26.2,9,rotation (out of top-N),2025-12-01,100.85,84.73,48.55,98.1,98.98,84.57,,,107.74,,999,5,,-1,
SELL,660,LITE,2025-12-02,319.45,144263.26,2025-11-04,190.27,13724.21,23042.81,18637200.11,18614157.3,67.82,19,equal-weight sizing trim,2025-12-01,331.5,241.89,125.96,317.86,286.16,213.6,317.86,303.7,163.18,4.45,168,5,6.0,-1,0.0
SELL,665,MBX,2025-12-02,33.26,1341516.32,2025-11-18,25.36,17010.43,22306.06,10591271.36,10568965.3,31.07,9,equal-weight sizing trim,2025-12-01,32.03,24.59,14.12,32.99,30.31,21.46,,,126.9,,112,5,,-0.9,
SELL,662,SLGL,2025-12-02,36.95,15350058.54,2025-11-11,35.94,275862.01,283553.96,15383887.64,15100333.68,2.74,14,rotation (out of top-N),2025-12-01,36.95,34.87,17.84,36.95,37.33,37.27,,,107.15,,196,5,,-1,
BUY,643,ABVX,2025-12-09,116.25,728168.7,,,42324.81,,,,,,,2025-12-08,125.38,108.56,51.7,115.09,115.77,105.86,,,142.49,,147,5,,-1,
BUY,650,CELC,2025-12-09,103.61,322212.87,,,16692.24,,,,,,,2025-12-08,105.17,86.23,38.86,103.88,100.59,81.29,,,170.66,,154,5,,-1,
BUY,671,ECHO,2025-12-09,88.23,7723855.0,,,340757.17,,,,,,,2025-12-08,107.31,78.07,44.75,88.31,76.81,72.97,,,139.82,,154,5,,-1,
BUY,668,GSAT,2025-12-09,67.38,26041.13,,,877.26,,,,,,,2025-12-08,73.01,57.17,32.37,67.83,64.11,53.82,,,125.56,,126,5,,-1,
BUY,660,LITE,2025-12-09,338.78,70586.47,,,11956.64,,,,,,,2025-12-08,324.21,256.86,132.51,342.76,311.31,234.05,342.76,328.22,144.66,4.24,175,5,5.8,-1,0.2
BUY,670,SLGL,2025-12-09,43.45,15686830.38,,,340757.17,,,,,,,2025-12-08,42.3,36.22,18.74,36.95,37.09,36.96,,,125.69,,203,5,,-1,
BUY,669,VSXY,2025-12-09,51.21,13308227.8,,,340757.17,,,,,,,2025-12-08,54.39,39.83,25.31,50.67,43.43,36.04,,,114.94,,70,5,,-0.2,
SELL,666,ARWR,2025-12-09,66.5,801629.7,2025-11-25,44.2,17716.02,26652.18,17872334.08,17845681.89,50.37,9,equal-weight sizing trim,2025-12-08,70.08,48.37,25.23,68.58,58.28,43.88,,,177.8,,112,5,,-0.9,
SELL,667,BE,2025-12-09,110.39,6113774.49,2025-12-02,101.42,310044.79,337434.5,54779419.42,54441984.92,8.78,5,rotation (out of top-N),2025-12-08,94.95,102.61,52.98,111.84,109.07,113.89,,,79.2,,189,5,,-1,
SELL,655,INBX,2025-12-09,89.63,12219.7,2025-10-21,45.92,280.54,547.63,534169.77,533622.15,95.11,34,equal-weight sizing trim,2025-12-08,79.61,71.09,31.78,93.33,85.36,69.31,,,150.47,,161,5,,-1,
SELL,665,MBX,2025-12-09,31.63,18655834.53,2025-11-18,25.36,236555.98,295042.02,116972082.53,116677040.51,24.66,14,rotation (out of top-N),2025-12-08,29.84,25.55,14.62,31.39,31.37,23.52,,,104.16,,119,5,,-1.0,
SELL,651,PRAX,2025-12-09,274.14,834753.83,2025-10-14,93.91,39195.27,114421.79,150453049.21,150338627.41,191.78,39,equal-weight sizing trim,2025-12-08,268.87,186.57,78.79,270.81,210.27,177.03,,,241.25,,56,5,,1.1,
SELL,661,PVLA,2025-12-09,99.5,6447637.73,2025-11-04,76.34,246108.26,320769.98,149323428.42,149002658.45,30.27,24,rotation (out of top-N),2025-12-08,98.75,86.39,47.32,100.94,95.68,83.07,,,108.67,,301,5,,-1,
BUY,643,ABVX,2025-12-16,111.92,235137.87,,,13158.31,,,,,,,2025-12-15,115.01,109.73,54.43,117.96,121.45,109.65,,,111.3,,154,5,,-1,
BUY,650,CELC,2025-12-16,102.03,110756.55,,,5650.25,,,,,,,2025-12-15,101.14,88.94,41.13,102.13,101.88,87.9,,,145.88,,161,5,,-1,
BUY,672,FBRX,2025-12-16,22.41,30450943.78,,,341202.83,,,,,,,2025-12-15,29.65,19.09,11.96,21.79,20.48,16.03,,,147.9,,91,5,,-0.5,
BUY,660,LITE,2025-12-16,326.67,77370.53,,,12637.12,,,,,,,2025-12-15,371.34,277.67,140.21,334.58,334.31,257.94,334.58,314.22,164.85,6.09,182,5,6,-1,0.0
BUY,673,PVLA,2025-12-16,89.51,7623792.31,,,341202.83,,,,,,,2025-12-15,100.41,88.94,49.15,88.06,95.35,85.78,,,104.27,,308,5,,-1,
BUY,670,SLGL,2025-12-16,42.3,453534.31,,,9592.25,,,,,,,2025-12-15,42.48,37.36,19.65,42.3,40.72,37.59,,,116.14,,210,5,,-1,
SELL,666,ARWR,2025-12-16,68.01,215312.66,2025-11-25,44.2,4758.41,7321.71,5126594.44,5119272.73,53.79,14,equal-weight sizing trim,2025-12-15,68.09,51.96,26.55,68.46,65.33,47.89,,,156.52,,119,5,,-1.0,
SELL,671,ECHO,2025-12-16,103.62,1135222.68,2025-12-09,88.23,50083.19,58818.73,17471077.11,17412258.39,17.38,5,equal-weight sizing trim,2025-12-15,103.87,82.76,46.69,103.92,93.7,76.56,,,122.47,,161,5,,-1,
SELL,668,GSAT,2025-12-16,67.24,10120287.88,2025-12-02,61.45,310922.05,340244.08,58644058.04,58303813.96,9.38,10,rotation (out of top-N),2025-12-15,62.27,58.1,33.39,69.14,68.45,57.17,,,86.49,,133,5,,-1,
SELL,655,INBX,2025-12-16,76.52,7607444.76,2025-10-21,45.92,174652.44,291041.82,232778762.83,232487721.01,66.56,39,ratchet-ATR exit,2025-12-15,86.53,73.9,33.59,75.97,82.59,75.11,,,157.58,,168,5,,-1,
SELL,651,PRAX,2025-12-16,275.0,4490.22,2025-10-14,93.91,210.84,617.41,813141.07,812523.66,192.69,44,equal-weight sizing trim,2025-12-15,272.82,202.25,84.66,276.75,246.88,197.44,,,222.26,,63,5,,-0.0,
SELL,669,VSXY,2025-12-16,55.15,928408.7,2025-12-09,51.21,23771.9,25600.87,3657930.28,3632329.41,7.64,5,equal-weight sizing trim,2025-12-15,56.7,42.9,26.26,54.77,49.84,38.96,,,115.93,,77,5,,-0.3,
BUY,666,ARWR,2025-12-23,68.51,944145.41,,,32341.7,,,,,,,2025-12-22,70.16,55.27,27.93,69.01,66.45,51.49,,,151.2,,126,5,,-1,
BUY,650,CELC,2025-12-23,100.36,805852.39,,,40437.67,,,,,,,2025-12-22,102.2,91.35,43.43,101.04,100.87,91.73,,,135.34,,168,5,,-1,
BUY,671,ECHO,2025-12-23,107.63,402546.45,,,21663.04,,,,,,,2025-12-22,105.56,86.91,48.67,108.86,100.57,80.37,,,116.9,,168,5,,-1,
BUY,674,FEIM,2025-12-23,52.46,14336751.87,,,376053.0,,,,,,,2025-12-22,56.07,39.92,27.31,53.14,43.71,34.06,,,105.33,,518,5,,-1,
BUY,675,INBX,2025-12-23,86.89,8655840.75,,,376053.0,,,,,,,2025-12-22,79.97,75.0,35.23,87.5,84.33,80.88,,,126.96,,175,5,,-1,
BUY,651,PRAX,2025-12-23,280.0,204617.78,,,28646.49,,,,,,,2025-12-22,269.36,214.46,90.46,279.96,263.8,209.0,,,197.75,,70,5,,-0.2,
BUY,676,PVLA,2025-12-23,110.38,6813788.76,,,376053.0,,,,,,,2025-12-22,103.65,91.61,51.04,109.29,98.49,88.86,,,103.09,,315,5,,-1,
SELL,643,ABVX,2025-12-23,141.83,794672.89,2025-09-30,93.72,37239.3,56354.23,38229863.2,38173508.97,51.25,59,equal-weight sizing trim,2025-12-22,142.19,115.63,57.8,138.88,120.76,113.0,,,145.99,,161,5,,-1,
SELL,672,FBRX,2025-12-23,29.4,4856309.62,2025-12-16,22.41,54414.95,71387.75,33945604.26,33874216.51,31.13,5,equal-weight sizing trim,2025-12-22,27.79,20.67,12.43,29.38,25.1,17.94,,,123.49,,98,5,,-0.6,
SELL,660,LITE,2025-12-23,383.83,129556.78,2025-11-04,200.33,12977.14,24863.89,23773495.77,23748631.88,91.5,34,equal-weight sizing trim,2025-12-22,390.79,298.24,148.31,389.8,347.32,280.54,389.8,375.86,163.49,3.58,189,5,5.4,-1,0.6
SELL,673,PVLA,2025-12-23,110.38,7623792.31,2025-12-16,89.51,341202.83,420757.1,159108545.59,158687788.49,23.25,5,rotation (out of top-N),2025-12-22,103.65,91.61,51.04,109.29,98.49,88.86,,,103.09,,315,5,,-1,
SELL,670,SLGL,2025-12-23,41.03,16140364.69,2025-12-09,43.41,350349.42,331119.58,-38459683.94,-38790803.52,-5.54,10,ratchet-ATR exit,2025-12-22,44.02,38.57,20.61,41.03,40.85,37.87,,,113.58,,217,5,,-1,
SELL,669,VSXY,2025-12-23,56.16,12379819.1,2025-12-09,51.21,316985.27,347625.32,61280104.56,60932479.24,9.61,10,rotation (out of top-N),2025-12-22,53.83,44.89,27.08,55.26,53.06,41.79,,,98.77,,84,5,,-0.4,
BUY,643,ABVX,2025-12-30,140.0,4192.96,,,293.51,,,,,,,2025-12-29,133.69,118.91,60.98,140.33,132.27,117.35,,,119.22,,168,5,,-1,
BUY,679,CIEN,2025-12-30,239.75,3099014.67,,,371494.38,,,,,,,2025-12-29,245.99,210.95,125.18,238.86,230.62,206.5,238.86,234.71,96.51,1.74,189,5,4.2,-1,1.8
BUY,675,INBX,2025-12-30,78.99,754598.91,,,29802.88,,,,,,,2025-12-29,74.97,74.99,36.76,79.13,81.57,81.74,,,103.97,,182,5,,-1,
BUY,660,LITE,2025-12-30,373.53,29623.79,,,5532.69,,,,,,,2025-12-29,386.07,314.21,156.4,372.48,368.29,299.04,372.48,360.78,146.85,3.14,196,5,5.1,-1,0.9
BUY,677,MU,2025-12-30,294.69,2521255.44,,,371494.38,,,,,,,2025-12-29,315.25,251.78,153.74,294.25,270.46,242.38,294.25,288.38,105.05,1.99,203,5,4.3,-1,1.7
BUY,651,PRAX,2025-12-30,302.45,0.0,,,0.0,,,,,,,2025-12-29,285.58,227.39,96.64,305.0,274.54,217.52,,,195.52,,77,5,,-0.3,
BUY,678,SLGL,2025-12-30,41.6,17860306.89,,,371494.38,,,,,,,2025-12-29,43.65,39.49,21.56,41.31,41.81,38.32,,,102.44,,224,5,,-1,
SELL,666,ARWR,2025-12-30,69.65,310267.56,2025-11-25,46.29,7181.11,10805.07,7247918.89,7237113.82,50.39,23,equal-weight sizing trim,2025-12-29,67.73,57.53,29.28,69.64,68.37,54.44,,,131.34,,133,5,,-1,
SELL,650,CELC,2025-12-30,101.56,178005.63,2025-10-14,59.72,5315.29,9039.13,7447666.19,7438627.06,69.97,53,equal-weight sizing trim,2025-12-29,100.5,93.01,45.68,101.57,101.55,94.32,,,119.99,,175,5,,-1,
SELL,671,ECHO,2025-12-30,108.68,151277.71,2025-12-09,89.35,6758.46,8220.43,2923933.57,2915713.14,21.57,14,equal-weight sizing trim,2025-12-29,112.16,91.5,50.85,108.51,104.16,83.67,,,120.58,,175,5,,-1,
SELL,672,FBRX,2025-12-30,26.23,25594634.15,2025-12-16,22.41,286787.88,335673.63,97771502.46,97435828.84,16.99,9,rotation (out of top-N),2025-12-29,23.81,21.24,12.82,26.03,26.11,19.27,,,85.66,,105,5,,-0.8,
SELL,674,FEIM,2025-12-30,56.85,14336751.87,2025-12-23,52.46,376053.0,407522.17,62938340.7,62530818.53,8.31,4,rotation (out of top-N),2025-12-29,50.51,41.85,28.18,56.1,50.31,35.88,,,79.23,,525,5,,-1,
SELL,651,PRAX,2025-12-30,302.45,229538.07,2025-10-14,108.08,12403.99,34711.89,44615806.16,44581094.27,179.7,53,equal-weight sizing trim,2025-12-29,285.58,227.39,96.64,305.0,274.54,217.52,,,195.52,,77,5,,-0.3,
SELL,676,PVLA,2025-12-30,101.18,6813788.76,2025-12-23,110.38,376053.0,344709.57,-62686856.56,-63031566.13,-8.38,4,rotation (out of top-N),2025-12-29,99.86,93.11,52.83,101.36,100.9,91.74,,,89.01,,322,5,,-1,
BUY,684,ARWR,2026-01-06,72.05,10174969.33,,,366527.83,,,,,,,2026-01-05,64.59,58.82,30.63,63.88,67.1,57.07,,,110.92,,140,5,,-1,
BUY,680,BE,2026-01-06,105.19,6968872.19,,,366527.83,,,,,,,2026-01-05,134.12,104.86,61.15,103.86,93.64,102.74,,,119.36,,217,5,,-1,
BUY,660,LITE,2026-01-06,355.68,71940.84,,,12793.78,,,,,,,2026-01-05,351.32,320.96,163.94,356.99,369.19,315.56,356.99,332.36,114.29,6.9,203,5,6,-1,0.0
BUY,683,RVMD,2026-01-06,78.58,9328781.7,,,366527.83,,,,,,,2026-01-05,118.92,81.08,50.87,78.33,79.26,74.78,,,133.77,,112,5,,-0.9,
BUY,682,VICR,2026-01-06,137.95,5313922.91,,,366527.83,,,,,,,2026-01-05,142.07,104.64,63.05,133.83,113.84,97.28,,,125.32,,112,5,,-0.9,
BUY,681,VSXY,2026-01-06,56.17,13050661.66,,,366527.83,,,,,,,2026-01-05,65.87,49.96,29.18,55.16,54.22,45.61,,,125.74,,98,5,,-0.6,
SELL,643,ABVX,2026-01-06,123.64,5309715.38,2025-09-30,93.76,248916.46,328233.33,158633736.7,158305503.37,31.8,67,rotation (out of top-N),2026-01-05,114.44,118.1,63.71,123.17,131.76,120.61,,,79.62,,175,5,,-1,
SELL,666,ARWR,2026-01-06,72.05,10672798.95,2025-11-25,46.29,247020.75,384460.9,274880302.17,274495841.27,55.56,27,rotation (out of top-N),2026-01-05,64.59,58.82,30.63,63.88,67.1,57.07,,,110.92,,140,5,,-1,
SELL,650,CELC,2026-01-06,103.16,209859.87,2025-10-14,59.72,6266.47,10824.57,9116207.28,9105382.71,72.65,57,equal-weight sizing trim,2026-01-05,107.43,95.63,48.15,103.74,101.4,96.92,,,123.11,,182,5,,-1,
SELL,679,CIEN,2026-01-06,230.95,3099014.67,2025-12-30,239.75,371494.38,357858.72,-27271329.07,-27629187.79,-3.72,4,rotation (out of top-N),2026-01-05,230.82,214.56,129.61,231.06,234.13,211.27,231.06,218.65,78.09,5.37,196,5,6,-1,0.0
SELL,671,ECHO,2026-01-06,110.58,207096.38,2025-12-09,89.35,9252.21,11449.84,4395258.58,4383808.74,23.69,18,equal-weight sizing trim,2026-01-05,119.93,96.67,53.31,110.62,107.59,87.29,,,124.98,,182,5,,-1,
SELL,675,INBX,2026-01-06,75.8,9410439.66,2025-12-23,86.26,405855.89,356655.66,-98400444.46,-98757100.13,-12.17,8,rotation (out of top-N),2026-01-05,72.89,74.61,38.24,76.93,79.06,81.29,,,90.57,,189,5,,-1,
SELL,677,MU,2026-01-06,318.32,217214.3,2025-12-30,294.69,32005.44,34571.83,5132773.89,5098202.06,7.96,4,equal-weight sizing trim,2026-01-05,344.83,268.7,160.75,311.99,288.68,249.68,312.35,304.25,114.51,2.59,210,5,4.7,-1,1.3
SELL,651,PRAX,2026-01-06,276.31,2457796.15,2025-10-14,108.08,132816.68,339550.68,413468016.07,413128465.38,155.53,57,ratchet-ATR exit,2026-01-05,288.85,238.56,103.05,276.67,281.34,228.46,,,180.31,,84,5,,-0.4,
SELL,678,SLGL,2026-01-06,43.65,1057961.48,2025-12-30,41.6,22005.6,23090.01,2168821.04,2145731.03,4.88,4,equal-weight sizing trim,2026-01-05,58.75,42.99,22.92,43.65,42.47,39.01,,,156.35,,231,5,,-1,
BUY,686,ASTS,2026-01-13,96.66,8695326.52,,,420245.13,,,,,,,2026-01-12,115.78,83.41,54.52,98.41,88.73,71.24,,,112.35,,224,5,,-1,
BUY,671,ECHO,2026-01-13,126.0,41069.36,,,2587.37,,,,,,,2026-01-12,123.26,101.5,55.83,126.02,115.06,93.09,,,120.79,,189,5,,-1,
BUY,685,FBRX,2026-01-13,29.75,28251773.5,,,420245.13,,,,,,,2026-01-12,33.51,23.85,13.96,29.66,25.77,22.18,,,140.04,,119,5,,-1.0,
BUY,687,MBX,2026-01-13,35.44,23719211.56,,,420245.13,,,,,,,2026-01-12,40.52,30.73,17.77,36.48,31.91,30.24,,,127.97,,154,5,,-1,
BUY,677,MU,2026-01-13,346.12,125431.29,,,21707.14,,,,,,,2026-01-12,362.65,285.78,168.08,345.74,321.49,261.8,345.74,337.75,115.76,2.31,217,5,4.5,-1,1.5
BUY,688,PRAX,2026-01-13,275.84,3047020.96,,,420245.13,,,,,,,2026-01-12,317.17,252.85,110.23,275.94,283.52,242.22,,,187.74,,91,5,,-0.5,
BUY,683,RVMD,2026-01-13,117.89,0.0,,,0.0,,,,,,,2026-01-12,120.32,88.21,52.99,117.17,97.87,80.06,,,127.08,,119,5,,-1.0,
BUY,682,VICR,2026-01-13,139.02,734556.68,,,51059.03,,,,,,,2026-01-12,149.84,112.86,65.63,139.1,129.9,103.26,,,128.31,,119,5,,-1.0,
SELL,684,ARWR,2026-01-13,65.51,10174969.33,2026-01-06,72.05,366527.83,333281.12,-66493424.6,-66826705.72,-9.12,5,rotation (out of top-N),2026-01-12,63.85,59.73,31.93,65.96,66.42,60.33,,,99.99,,147,5,,-1,
SELL,680,BE,2026-01-13,137.39,848261.4,2026-01-06,105.19,44614.31,58271.32,27314016.93,27255745.61,30.55,5,equal-weight sizing trim,2026-01-12,149.5,112.97,64.44,136.89,113.16,101.21,,,131.99,,224,5,,-1,
SELL,650,CELC,2026-01-13,104.44,7109561.62,2025-10-14,59.72,212293.3,371261.31,317936021.91,317564760.61,74.79,62,rotation (out of top-N),2026-01-12,106.93,97.69,50.59,104.5,104.35,100.45,,,111.35,,189,5,,-1,
SELL,660,LITE,2026-01-13,336.94,2062021.72,2025-11-04,208.24,214696.96,347383.64,265373364.16,265025980.52,61.72,47,rotation (out of top-N),2026-01-12,324.01,321.51,170.76,339.8,363.3,330.17,339.8,318.45,89.74,6.28,210,5,6,-1,0.0
SELL,683,RVMD,2026-01-13,117.89,2195770.27,2026-01-06,78.58,86271.81,129429.68,86315729.29,86186299.61,49.95,5,equal-weight sizing trim,2026-01-12,120.32,88.21,52.99,117.17,97.87,80.06,,,127.08,,119,5,,-1.0,
SELL,678,SLGL,2026-01-13,61.98,3233798.13,2025-12-30,41.6,67263.0,100207.32,65888636.96,65788429.64,48.9,9,equal-weight sizing trim,2026-01-12,61.98,46.45,24.36,60.98,48.61,40.9,,,154.37,,238,5,,-1,
SELL,681,VSXY,2026-01-13,63.94,13050661.66,2026-01-06,56.17,366527.83,417229.65,101403641.13,100986411.47,13.78,5,rotation (out of top-N),2026-01-12,59.83,51.75,30.25,63.09,59.62,48.97,,,97.78,,105,5,,-0.8,
BUY,691,ARWR,2026-01-27,66.79,13006289.72,,,434345.05,,,,,,,2026-01-26,69.31,62.56,34.72,66.78,66.75,65.98,,,99.61,,161,5,,-1,
BUY,680,BE,2026-01-27,140.26,75655.87,,,5305.94,,,,,,,2026-01-26,151.24,124.67,70.94,139.54,139.2,110.83,,,113.18,,238,5,,-1,
BUY,692,CELC,2026-01-27,116.63,7448255.94,,,434345.05,,,,,,,2026-01-26,109.41,101.66,55.55,114.09,108.8,103.7,,,96.94,,203,5,,-1,
BUY,694,FBRX,2026-01-27,32.4,26811422.54,,,434345.05,,,,,,,2026-01-26,29.1,25.94,15.15,32.69,30.99,25.49,,,92.13,,133,5,,-1,
BUY,693,LITE,2026-01-27,341.76,2541776.05,,,434345.05,,,,,,,2026-01-26,391.71,336.91,186.23,332.32,347.17,350.37,332.32,317.49,110.33,4.46,224,5,6.0,-1,0.0
BUY,690,STX,2026-01-27,360.67,2408545.46,,,434345.05,,,,,,,2026-01-26,406.78,316.33,206.71,357.76,333.25,296.38,357.5,343.34,96.79,3.96,245,5,5.6,-1,0.4
BUY,689,WDC,2026-01-27,244.1,3558746.79,,,434345.05,,,,,,,2026-01-26,250.14,201.48,115.11,240.84,227.08,189.44,240.78,230.62,117.31,4.22,252,5,5.8,-1,0.2
SELL,686,ASTS,2026-01-27,106.11,8695326.52,2026-01-13,96.66,420245.13,461352.29,82214312.27,81752959.99,9.73,9,rotation (out of top-N),2026-01-26,111.18,92.95,58.96,105.07,105.08,82.44,,,88.57,,238,5,,-1,
SELL,671,ECHO,2026-01-27,120.78,6673874.03,2025-12-09,89.58,298913.72,403051.94,208276440.78,207873388.84,34.77,32,rotation (out of top-N),2026-01-26,113.22,107.35,60.71,119.75,122.52,105.58,,,86.49,,203,5,,-1,
SELL,685,FBRX,2026-01-27,32.4,28251773.5,2026-01-13,29.75,420245.13,457678.73,74867199.78,74409521.05,8.85,9,rotation (out of top-N),2026-01-26,29.1,25.94,15.15,32.69,30.99,25.49,,,92.13,,133,5,,-1,
SELL,687,MBX,2026-01-27,37.21,23719211.56,2026-01-13,35.44,420245.13,441295.93,42101600.52,41660304.59,4.96,9,rotation (out of top-N),2026-01-26,36.85,32.89,19.22,36.58,38.46,33.15,,,91.71,,168,5,,-1,
SELL,677,MU,2026-01-27,402.47,269995.57,2025-12-30,297.35,40140.95,54332.56,28383208.78,28328876.22,35.29,18,equal-weight sizing trim,2026-01-26,414.8,326.15,184.73,388.91,369.55,293.67,388.91,375.62,124.54,3.42,231,5,5.3,-1,0.7
SELL,688,PRAX,2026-01-27,295.0,100835.7,2026-01-13,275.84,13907.26,14873.27,1932011.96,1917138.69,6.89,9,equal-weight sizing trim,2026-01-26,314.26,272.76,124.13,294.5,302.16,269.62,,,153.17,,105,5,,-0.8,
SELL,683,RVMD,2026-01-27,98.26,7133011.43,2026-01-06,78.58,280256.02,350444.85,140377664.87,140027220.02,24.98,14,rotation (out of top-N),2026-01-26,96.87,94.16,56.46,97.74,111.51,90.55,,,71.58,,133,5,,-1,
SELL,678,SLGL,2026-01-27,55.84,13568547.27,2025-12-30,41.6,282225.78,378867.76,193283955.86,192905088.1,34.18,18,ratchet-ATR exit,2026-01-26,62.7,50.8,27.0,55.84,57.01,46.29,,,132.26,,252,5,,-1,
SELL,682,VICR,2026-01-27,160.66,638597.22,2026-01-06,138.08,44088.73,51296.92,14416366.65,14365069.73,16.29,14,equal-weight sizing trim,2026-01-26,157.87,127.04,70.95,158.49,151.67,118.25,,,122.51,,133,5,,-1,
BUY,698,FORM,2026-02-03,75.0,13026254.17,,,488484.53,,,,,,,2026-02-02,90.29,68.87,44.1,71.25,73.0,64.75,,,104.74,,126,5,,-1,
BUY,677,MU,2026-02-03,441.31,55396.04,,,12223.41,,,,,,,2026-02-02,394.43,338.57,192.58,437.59,406.52,317.49,439.76,423.27,104.81,3.75,238,5,5.5,-1,0.5
BUY,696,POWL,2026-02-03,148.44,6581575.47,,,488484.53,,,,,,,2026-02-02,194.68,138.87,97.28,146.68,143.97,124.17,,,100.13,,182,5,,-1,
BUY,688,PRAX,2026-02-03,311.5,191625.11,,,29845.61,,,,,,,2026-02-02,318.42,281.06,131.08,309.32,308.81,285.36,,,142.92,,112,5,,-0.9,
BUY,695,SLGL,2026-02-03,62.7,15581643.74,,,488484.53,,,,,,,2026-02-02,62.7,52.96,28.38,62.7,59.87,49.17,,,120.93,,259,5,,-1,
BUY,697,TER,2026-02-03,257.95,3787435.79,,,488484.53,,,,,,,2026-02-02,300.02,226.2,142.87,249.51,239.36,214.12,249.51,241.38,109.99,3.26,168,5,5.2,-1,0.8
BUY,682,VICR,2026-02-03,169.97,340713.74,,,28955.56,,,,,,,2026-02-02,160.17,133.06,73.93,165.35,159.95,127.53,,,116.66,,140,5,,-1,
SELL,691,ARWR,2026-02-03,74.84,13006289.72,2026-01-27,66.79,434345.05,486695.36,104700632.24,104213936.88,12.0,5,rotation (out of top-N),2026-02-02,64.48,62.91,35.98,73.03,68.46,67.34,,,79.23,,168,5,,-1,
SELL,680,BE,2026-02-03,163.16,6196266.67,2026-01-06,105.62,327219.46,505491.43,356543948.96,356038457.53,54.4,19,rotation (out of top-N),2026-02-02,143.12,128.03,74.11,156.25,149.9,117.45,,,93.11,,245,5,,-1,
SELL,692,CELC,2026-02-03,113.19,7448255.94,2026-01-27,116.63,434345.05,421534.04,-25622000.43,-26043534.48,-3.0,5,rotation (out of top-N),2026-02-02,106.7,102.58,57.95,111.49,111.07,105.4,,,84.13,,210,5,,-1,
SELL,694,FBRX,2026-02-03,34.5,26811422.54,2026-01-27,32.4,434345.05,462497.04,56303987.34,55841490.3,6.43,5,rotation (out of top-N),2026-02-02,27.16,26.16,15.67,34.79,31.46,27.14,,,73.33,,140,5,,-1,
SELL,693,LITE,2026-02-03,453.36,385722.2,2026-01-27,341.76,65913.17,87434.54,43042740.24,42955305.7,32.58,5,equal-weight sizing trim,2026-02-02,552.0,376.01,198.46,423.71,377.63,360.27,423.71,387.93,178.14,8.44,231,5,6,-1,0.0
SELL,690,STX,2026-02-03,449.78,235354.58,2026-01-27,360.67,42442.67,52928.89,20972446.93,20919518.04,24.64,5,equal-weight sizing trim,2026-02-02,428.61,336.75,215.13,432.15,389.86,315.38,431.84,409.77,99.23,5.11,252,5,6,-1,0.0
SELL,689,WDC,2026-02-03,279.77,64956.2,2026-01-27,244.1,7927.9,9086.4,2316987.72,2307901.33,14.56,5,equal-weight sizing trim,2026-02-02,282.5,216.21,121.06,270.06,251.88,202.73,269.99,254.35,133.36,5.79,259,5,6,-1,0.0
BUY,701,CIEN,2026-02-10,288.29,3622418.67,,,522153.54,,,,,,,2026-02-09,303.76,247.59,153.79,289.88,262.99,241.02,289.88,275.08,97.52,5.1,231,5,6,-1,0.0
BUY,700,ICHR,2026-02-10,42.54,24548826.45,,,522153.54,,,,,,,2026-02-09,46.81,29.64,20.65,34.08,30.95,24.88,,,126.63,,35,5,,1.4,
BUY,688,PRAX,2026-02-10,325.2,74985.54,,,12192.84,,,,,,,2026-02-09,317.33,287.65,138.05,319.77,311.44,293.6,,,129.86,,119,5,,-1.0,
BUY,695,SLGL,2026-02-10,62.0,1269809.62,,,39364.1,,,,,,,2026-02-09,65.29,55.2,29.83,62.0,61.53,52.04,,,118.9,,266,5,,-1,
BUY,699,UCTT,2026-02-10,54.19,19271213.83,,,522153.54,,,,,,,2026-02-09,55.36,40.55,27.55,50.76,45.94,35.85,,,100.95,,126,5,,-1,
BUY,682,VICR,2026-02-10,158.47,842214.68,,,66732.88,,,,,,,2026-02-09,156.1,137.25,76.8,159.12,158.16,134.93,,,103.25,,147,5,,-1,
BUY,689,WDC,2026-02-10,282.54,204095.19,,,28832.53,,,,,,,2026-02-09,281.54,228.09,127.0,285.88,268.47,216.16,285.81,271.4,121.69,5.04,266,5,6,-1,0.0
SELL,698,FORM,2026-02-10,94.59,1980377.31,2026-02-03,75.0,74264.15,93661.94,38795591.5,38701929.55,26.06,5,equal-weight sizing trim,2026-02-09,96.73,73.93,45.77,94.89,80.85,67.87,,,111.34,,133,5,,-1,
SELL,693,LITE,2026-02-10,548.56,251377.07,2026-01-27,341.76,42955.94,68947.7,51983521.34,51914573.63,60.43,10,equal-weight sizing trim,2026-02-09,562.38,409.9,210.9,577.3,468.8,380.43,577.3,539.36,166.65,6.57,238,5,6,-1,0.0
SELL,677,MU,2026-02-10,376.14,2214872.91,2025-12-30,300.95,333278.54,416551.15,166545212.98,166128661.84,24.92,28,ratchet-ATR exit,2026-02-09,411.43,351.81,200.73,383.19,395.93,335.82,382.83,370.34,104.97,3.26,245,5,5.2,-1,0.8
SELL,696,POWL,2026-02-10,185.8,6581575.47,2026-02-03,148.44,488484.53,611428.36,245887659.53,245276231.17,25.11,5,rotation (out of top-N),2026-02-09,194.41,148.97,100.69,187.29,167.44,131.99,,,93.08,,189,5,,-1,
SELL,690,STX,2026-02-10,419.63,2173190.87,2026-01-27,360.67,391902.38,455968.04,128131333.96,127675365.92,16.29,10,rotation (out of top-N),2026-02-09,425.08,352.81,223.4,424.25,410.94,333.24,423.95,407.81,90.28,3.81,259,5,5.5,-1,0.5
SELL,697,TER,2026-02-10,311.61,434432.06,2026-02-03,257.95,56030.88,67686.69,23311624.51,23243937.82,20.74,5,equal-weight sizing trim,2026-02-09,314.49,242.25,148.81,310.24,271.63,224.81,310.24,299.28,111.34,3.53,175,5,5.4,-1,0.6
BUY,703,AAOI,2026-02-24,52.39,22449358.14,,,588060.94,,,,,,,2026-02-23,84.23,48.66,30.65,53.97,47.39,40.46,,,174.8,,168,5,,-1,
BUY,698,FORM,2026-02-24,98.1,948656.0,,,46531.58,,,,,,,2026-02-23,98.97,81.56,49.05,96.12,92.5,76.49,,,101.77,,147,5,,-1,
BUY,688,PRAX,2026-02-24,345.33,194601.68,,,33600.9,,,,,,,2026-02-23,336.74,303.65,152.99,340.83,328.11,306.22,,,120.11,,133,5,,-1,
BUY,702,PVLA,2026-02-24,112.45,10459065.12,,,588060.94,,,,,,,2026-02-23,135.63,95.81,66.66,87.58,82.91,89.8,,,103.47,,378,5,,-1,
BUY,699,UCTT,2026-02-24,60.5,178452.74,,,5398.2,,,,,,,2026-02-23,60.63,46.97,29.5,61.49,55.55,42.72,,,105.56,,140,5,,-1,
BUY,682,VICR,2026-02-24,170.14,323156.79,,,27490.95,,,,,,,2026-02-23,201.8,153.84,83.97,172.05,161.72,148.37,,,140.33,,161,5,,-1,
SELL,701,CIEN,2026-02-24,342.05,182248.43,2026-02-10,288.29,26270.2,31169.04,9797675.81,9766506.77,18.59,9,equal-weight sizing trim,2026-02-23,348.66,278.98,166.85,344.77,310.47,260.9,344.77,332.53,108.97,3.55,245,5,5.4,-1,0.6
SELL,700,ICHR,2026-02-24,51.86,1858694.79,2026-02-10,42.54,39534.44,48195.96,17323035.45,17274839.5,21.85,9,equal-weight sizing trim,2026-02-23,47.5,35.97,22.23,51.12,45.58,31.56,,,113.65,,49,5,,1.2,
SELL,693,LITE,2026-02-24,677.81,168629.46,2026-01-27,341.76,28815.82,57149.37,56667088.39,56609939.02,98.23,19,equal-weight sizing trim,2026-02-23,701.36,501.19,241.28,674.99,599.82,437.92,674.99,646.48,190.69,4.22,252,5,5.8,-1,0.2
SELL,695,SLGL,2026-02-24,80.75,2279190.47,2026-02-03,62.65,71392.51,92022.32,41259608.93,41167586.62,28.83,14,equal-weight sizing trim,2026-02-23,90.0,65.33,33.72,80.75,72.96,58.84,,,166.88,,280,5,,-1,
SELL,697,TER,2026-02-24,323.24,3353003.73,2026-02-03,257.95,432453.66,541912.46,218917613.48,218375701.02,25.25,14,rotation (out of top-N),2026-02-23,320.2,268.71,160.95,318.5,308.88,251.83,318.62,309.74,98.94,2.79,189,5,4.9,-1,1.1
SELL,689,WDC,2026-02-24,280.77,3697885.77,2026-01-27,246.22,455249.67,519127.69,127756052.22,127236924.52,13.97,19,rotation (out of top-N),2026-02-23,279.66,245.96,138.63,280.25,280.85,239.79,280.25,267.39,101.74,4.59,280,5,6,-1,0.0
BUY,704,DNTH,2026-03-03,53.62,24109873.34,,,646385.7,,,,,,,2026-03-02,65.25,51.32,35.0,55.24,52.46,48.01,,,86.44,,189,5,,-1,
BUY,706,ENLT,2026-03-03,70.91,18232443.53,,,646385.7,,,,,,,2026-03-02,77.18,61.44,37.77,73.35,69.33,59.53,,,104.37,,301,5,,-1,
BUY,707,FET,2026-03-03,59.18,21844734.85,,,646385.7,,,,,,,2026-03-02,57.19,49.19,31.41,60.17,56.87,46.95,,,82.1,,266,5,,-1,
BUY,693,LITE,2026-03-03,729.73,36395.69,,,13279.51,,,,,,,2026-03-02,558.23,511.56,253.43,783.42,677.16,479.77,783.42,734.48,120.27,6.25,259,5,6,-1,0.0
BUY,688,PRAX,2026-03-03,316.32,681216.23,,,107741.16,,,,,,,2026-03-02,308.51,304.53,159.73,331.08,334.55,312.65,,,93.14,,140,5,,-1,
BUY,705,SII,2026-03-03,154.6,8362040.16,,,646385.7,,,,,,,2026-03-02,160.02,131.81,89.45,164.9,150.86,125.56,,,78.9,,378,5,,-1,
SELL,703,AAOI,2026-03-03,91.52,8316730.11,2026-02-24,52.39,217856.75,380573.57,325433649.06,325053075.49,74.6,5,equal-weight sizing trim,2026-03-02,95.48,57.18,32.65,102.45,65.43,44.68,,,192.41,,175,5,,-1,
SELL,701,CIEN,2026-03-03,338.33,3440170.23,2026-02-10,288.29,495883.34,581956.4,172146118.43,171564162.04,17.3,14,rotation (out of top-N),2026-03-02,293.96,281.7,172.19,353.64,334.62,274.57,353.64,340.22,70.71,3.8,252,5,5.5,-1,0.5
SELL,698,FORM,2026-03-03,93.88,11994532.86,2026-02-03,76.83,460751.96,562993.39,204482854.12,203919860.74,22.13,19,rotation (out of top-N),2026-03-02,85.02,82.19,50.43,99.67,97.39,81.9,,,68.59,,154,5,,-1,
SELL,700,ICHR,2026-03-03,45.03,22690131.66,2026-02-10,42.54,482619.1,510868.31,56498427.84,55987559.53,5.8,14,rotation (out of top-N),2026-03-02,39.97,36.69,22.84,48.45,47.89,35.43,,,75.0,,56,5,,1.1,
SELL,702,PVLA,2026-03-03,133.68,783585.49,2026-02-24,112.45,44057.09,52374.85,16635519.88,16583145.03,18.82,5,equal-weight sizing trim,2026-03-02,134.52,102.85,69.42,132.6,115.41,93.57,,,93.78,,385,5,,-1,
SELL,695,SLGL,2026-03-03,90.0,200950.47,2026-02-03,62.65,6294.5,9042.77,5496547.36,5487504.59,43.59,19,equal-weight sizing trim,2026-03-02,78.77,67.77,35.51,90.0,82.08,64.29,,,121.84,,287,5,,-1,
SELL,699,UCTT,2026-03-03,60.28,19449666.56,2026-02-10,54.25,527551.73,586212.95,117322432.61,116736219.66,11.06,14,rotation (out of top-N),2026-03-02,50.52,47.62,30.27,63.27,60.7,47.55,,,66.88,,147,5,,-1,
SELL,682,VICR,2026-03-03,194.1,252298.76,2026-01-06,143.63,18119.1,24485.59,12732985.22,12708499.63,35.07,38,equal-weight sizing trim,2026-03-02,162.31,155.38,86.93,208.47,187.35,159.58,,,86.71,,168,5,,-1,
BUY,711,ANAB,2026-03-10,40.52,33848365.38,,,685767.88,,,,,,,2026-03-09,43.26,35.45,24.04,39.83,37.61,34.28,,,79.98,,266,5,,-1,
BUY,712,CIEN,2026-03-10,328.33,4177308.7,,,685767.88,,,,,,,2026-03-09,337.59,291.86,178.81,318.34,322.19,283.91,318.34,302.72,88.79,4.91,259,5,6,-1,0.0
BUY,713,ENLT,2026-03-10,74.38,18439577.37,,,685767.88,,,,,,,2026-03-09,70.19,63.03,39.03,78.59,73.84,62.78,,,79.84,,308,5,,-1,
BUY,714,ICHR,2026-03-10,41.97,32678955.57,,,685767.88,,,,,,,2026-03-09,41.46,37.56,23.42,41.72,44.82,38.12,,,77.01,,63,5,,-0.0,
BUY,710,LASR,2026-03-10,62.52,21937552.22,,,685767.88,,,,,,,2026-03-09,62.56,52.18,34.06,61.05,60.72,51.51,,,83.69,,294,5,,-1,
BUY,709,MU,2026-03-10,394.62,3475586.05,,,685767.88,,,,,,,2026-03-09,425.94,383.01,231.8,389.21,397.03,395.25,389.04,376.28,83.76,3.28,273,5,5.2,-1,0.8
BUY,715,PRAX,2026-03-10,315.3,4350007.98,,,685767.88,,,,,,,2026-03-09,293.66,302.56,165.96,308.55,320.89,316.4,,,76.95,,147,5,,-1,
BUY,708,WDC,2026-03-10,269.33,5092398.79,,,685767.88,,,,,,,2026-03-09,272.29,250.64,148.9,262.06,264.34,259.79,262.06,250.43,82.87,4.44,294,5,6.0,-1,0.0
SELL,703,AAOI,2026-03-10,112.31,1913921.15,2026-02-24,52.39,50135.16,107471.46,114672585.94,114565114.48,114.26,10,equal-weight sizing trim,2026-03-09,96.97,64.41,34.66,110.49,88.3,52.63,,,179.8,,182,5,,-1,
SELL,704,DNTH,2026-03-10,81.11,7191837.64,2026-03-03,53.62,192813.17,291664.98,197703616.59,197411951.62,51.19,5,equal-weight sizing trim,2026-03-09,77.83,56.14,36.48,79.14,61.5,51.37,,,113.38,,196,5,,-1,
SELL,706,ENLT,2026-03-10,74.38,18232443.53,2026-03-03,70.91,646385.7,678064.57,63357741.27,62679676.69,4.85,5,rotation (out of top-N),2026-03-09,70.19,63.03,39.03,78.59,73.84,62.78,,,79.84,,308,5,,-1,
SELL,707,FET,2026-03-10,58.2,21844734.85,2026-03-03,59.18,646385.7,635681.78,-21407840.15,-22043521.94,-1.71,5,rotation (out of top-N),2026-03-09,54.35,50.13,32.35,57.61,57.5,49.34,,,68.0,,273,5,,-1,
SELL,693,LITE,2026-03-10,677.07,1772443.0,2026-01-27,349.73,309939.62,600029.56,580179884.43,579579854.87,93.5,29,ratchet-ATR exit,2026-03-09,622.14,531.67,266.94,640.74,651.31,513.32,640.06,603.83,133.06,5.66,266,5,6,-1,0.0
SELL,688,PRAX,2026-03-10,315.3,4088613.82,2026-01-13,288.47,589718.38,644559.75,109682741.99,109038182.24,9.24,38,rotation (out of top-N),2026-03-09,293.66,302.56,165.96,308.55,320.89,316.4,,,76.95,,147,5,,-1,
SELL,702,PVLA,2026-03-10,138.2,9675479.63,2026-02-24,112.45,544003.84,668575.64,249143600.59,248475024.95,22.84,10,rotation (out of top-N),2026-03-09,121.74,106.28,71.82,137.04,127.96,98.51,,,69.5,,392,5,,-1,
SELL,705,SII,2026-03-10,164.13,8362040.16,2026-03-03,154.6,646385.7,686230.83,79690242.71,79004011.88,6.11,5,rotation (out of top-N),2026-03-09,147.22,134.61,91.6,161.83,157.31,132.71,,,60.73,,385,5,,-1,
SELL,695,SLGL,2026-03-10,84.92,14371312.42,2026-02-03,62.65,450161.62,610205.93,320088608.19,319478402.26,35.48,24,ratchet-ATR exit,2026-03-09,84.92,70.89,37.44,78.77,81.6,69.16,,,126.8,,294,5,,-1,
SELL,682,VICR,2026-03-10,170.43,6663668.82,2026-01-06,143.63,478558.42,567827.88,178538926.32,177971098.44,18.59,43,ratchet-ATR exit,2026-03-09,172.48,158.49,90.11,169.64,182.51,165.94,,,91.4,,175,5,,-1,
BUY,703,AAOI,2026-03-17,89.83,3465314.88,,,155653.28,,,,,,,2026-03-16,87.6,68.63,36.46,93.95,99.27,61.91,,,140.26,,189,5,,-1,
BUY,704,DNTH,2026-03-17,76.88,1410210.79,,,54208.5,,,,,,,2026-03-16,77.82,60.08,37.96,77.96,73.72,56.28,,,104.99,,203,5,,-1,
BUY,718,DOCN,2026-03-17,72.01,19558745.47,,,704212.63,,,,,,,2026-03-16,82.72,62.98,43.97,71.97,64.05,60.01,,,88.13,,168,5,,-1,
BUY,719,LITE,2026-03-17,597.38,2357690.33,,,704212.63,,,,,,,2026-03-16,705.64,563.3,282.52,625.38,641.81,550.37,627.55,594.23,149.77,5.31,273,5,6,-1,0.0
BUY,716,SLGL,2026-03-17,84.92,16585318.67,,,704212.63,,,,,,,2026-03-16,76.94,71.99,39.18,84.92,83.7,72.13,,,96.37,,301,5,,-1,
BUY,717,TSEM,2026-03-17,138.17,10193423.04,,,704212.63,,,,,,,2026-03-16,163.67,130.12,89.49,138.59,124.31,128.81,,,82.89,,231,5,,-1,
SELL,711,ANAB,2026-03-17,42.41,33848365.38,2026-03-10,40.52,685767.88,717754.59,63973410.56,63255655.97,4.61,5,rotation (out of top-N),2026-03-16,41.6,36.57,24.69,43.14,40.89,35.65,,,68.51,,273,5,,-1,
SELL,712,CIEN,2026-03-17,360.0,263059.18,2026-03-10,328.33,43185.11,47350.65,8331084.28,8283733.63,9.59,5,equal-weight sizing trim,2026-03-16,384.07,308.63,186.61,363.95,336.98,296.99,363.95,349.85,105.81,3.87,266,5,5.6,-1,0.4
SELL,713,ENLT,2026-03-17,73.99,18439577.37,2026-03-10,74.38,685767.88,682172.16,-7191435.18,-7873607.34,-0.57,5,rotation (out of top-N),2026-03-16,71.38,64.55,40.35,75.19,72.17,65.2,,,76.92,,315,5,,-1,
SELL,714,ICHR,2026-03-17,46.63,2459572.63,2026-03-10,41.97,51614.13,57344.94,11461608.46,11404263.52,11.05,5,equal-weight sizing trim,2026-03-16,46.84,39.25,24.15,42.62,43.43,40.19,,,93.9,,70,5,,-0.2,
SELL,710,LASR,2026-03-17,68.28,1300032.8,2026-03-10,62.52,40639.03,44383.12,7488188.93,7443805.81,9.16,5,equal-weight sizing trim,2026-03-16,65.78,54.65,35.25,68.5,63.49,54.33,,,86.61,,301,5,,-1,
SELL,709,MU,2026-03-17,452.34,3475586.05,2026-03-10,394.62,685767.88,786073.3,200610826.52,199824753.22,14.57,5,rotation (out of top-N),2026-03-16,422.69,390.22,239.48,441.68,413.09,405.16,445.15,432.67,76.5,2.8,280,5,4.9,-1,1.1
SELL,715,PRAX,2026-03-17,304.59,4350007.98,2026-03-10,315.3,685767.88,662484.46,-46566835.39,-47229319.86,-3.44,5,rotation (out of top-N),2026-03-16,297.95,301.72,172.3,305.08,308.37,318.05,,,72.93,,154,5,,-1,
SELL,708,WDC,2026-03-17,288.31,204932.56,2026-03-10,269.33,27597.24,29542.56,3890644.57,3861102.01,7.0,5,equal-weight sizing trim,2026-03-16,293.02,258.35,154.84,286.35,269.75,267.08,286.35,275.35,89.25,3.84,301,5,5.6,-1,0.4
BUY,703,AAOI,2026-03-24,97.24,106271.17,,,5166.9,,,,,,,2026-03-23,98.39,74.04,38.33,95.68,95.47,68.8,,,156.67,,196,5,,-1,
BUY,720,AGX,2026-03-24,465.27,3298483.74,,,767342.76,,,,,,,2026-03-23,565.11,441.76,313.39,462.17,465.05,419.88,,,80.32,,1176,5,,-1,
BUY,704,DNTH,2026-03-24,78.59,1208663.24,,,47494.42,,,,,,,2026-03-23,81.08,63.9,39.57,79.29,77.03,60.05,,,104.91,,210,5,,-1,
BUY,723,DOCN,2026-03-24,84.78,18101976.03,,,767342.76,,,,,,,2026-03-23,81.42,66.34,45.32,86.06,76.36,63.83,,,79.66,,175,5,,-1,
BUY,722,FET,2026-03-24,59.97,25593021.39,,,767342.76,,,,,,,2026-03-23,62.05,53.23,34.34,58.85,57.21,53.2,,,80.71,,287,5,,-1,
BUY,714,ICHR,2026-03-24,49.0,1115839.57,,,27338.07,,,,,,,2026-03-23,45.23,40.33,24.85,48.83,46.51,42.26,,,81.96,,77,5,,-0.3,
BUY,721,SYRE,2026-03-24,41.31,37150460.61,,,767342.76,,,,,,,2026-03-23,47.33,39.69,26.27,42.77,42.09,38.51,,,80.19,,161,5,,-1,
SELL,712,CIEN,2026-03-24,405.68,129315.14,2026-03-10,328.33,21229.02,26229.96,10001879.36,9975649.4,23.5,10,equal-weight sizing trim,2026-03-23,401.82,325.57,194.8,408.48,373.69,316.62,408.48,388.47,106.28,4.9,273,5,6,-1,0.0
SELL,718,DOCN,2026-03-24,84.78,19558745.47,2026-03-17,72.01,704212.63,829095.22,249765179.66,248936084.44,17.67,5,rotation (out of top-N),2026-03-23,81.42,66.34,45.32,86.06,76.36,63.83,,,79.66,,175,5,,-1,
SELL,710,LASR,2026-03-24,70.23,20637519.42,2026-03-10,62.52,645128.86,724738.09,159218462.35,158493724.26,12.28,10,rotation (out of top-N),2026-03-23,64.53,56.45,36.43,69.96,67.03,57.31,,,77.14,,308,5,,-1,
SELL,719,LITE,2026-03-24,739.25,280648.39,2026-03-17,597.38,83826.17,103734.66,39816990.41,39713255.75,23.69,5,equal-weight sizing trim,2026-03-23,702.37,588.59,297.84,728.76,689.35,595.83,728.76,686.52,135.82,5.8,280,5,6,-1,0.0
SELL,716,SLGL,2026-03-24,76.24,16585318.67,2026-03-17,84.92,704212.63,632232.35,-143960566.04,-144592798.39,-10.27,5,ratchet-ATR exit,2026-03-23,77.75,73.04,40.94,76.94,80.07,74.51,,,89.9,,308,5,,-1,
SELL,717,TSEM,2026-03-24,173.24,1330266.41,2026-03-17,138.17,91901.46,115227.68,46652443.03,46537215.36,25.32,5,equal-weight sizing trim,2026-03-23,171.89,137.71,92.8,172.16,146.82,132.09,,,85.22,,238,5,,-1,
SELL,708,WDC,2026-03-24,294.51,4887466.23,2026-03-10,269.33,658170.64,719716.06,123090837.01,122371120.96,9.3,10,rotation (out of top-N),2026-03-23,275.49,261.46,160.24,295.02,290.68,276.04,295.02,283.25,71.92,3.99,308,5,5.7,-1,0.3
BUY,712,CIEN,2026-03-31,372.56,267263.39,,,49786.49,,,,,,,2026-03-30,447.97,347.83,203.94,365.03,389.01,336.14,365.03,342.94,119.66,6.05,280,5,6,-1,0.0
BUY,723,DOCN,2026-03-31,78.93,1025306.22,,,40463.71,,,,,,,2026-03-30,90.11,70.66,46.87,78.29,80.35,66.99,,,92.27,,182,5,,-1,
BUY,727,FORM,2026-03-31,92.84,16252916.08,,,754501.0,,,,,,,2026-03-30,103.25,90.35,56.68,91.45,97.07,92.95,,,82.16,,182,5,,-1,
BUY,714,ICHR,2026-03-31,43.88,3069733.92,,,67349.96,,,,,,,2026-03-30,48.15,41.76,25.57,42.13,46.23,44.23,,,88.31,,84,5,,-0.4,
BUY,719,LITE,2026-03-31,672.48,167932.45,,,56465.61,,,,,,,2026-03-30,826.69,631.88,316.14,654.71,702.92,639.93,654.71,609.59,161.5,6.89,287,5,6,-1,0.0
BUY,726,ORKA,2026-03-31,46.26,32620017.14,,,754501.0,,,,,,,2026-03-30,53.36,39.51,26.39,45.66,42.26,35.9,,,102.2,,224,5,,-1,
BUY,724,SLGL,2026-03-31,72.44,20832498.01,,,754501.0,,,,,,,2026-03-30,83.9,75.01,42.86,69.35,77.61,76.75,,,95.77,,315,5,,-1,
BUY,717,TSEM,2026-03-31,166.56,201085.19,,,16746.37,,,,,,,2026-03-30,197.8,148.64,96.66,158.59,163.07,137.27,,,104.63,,245,5,,-1,
BUY,725,UCTT,2026-03-31,57.89,26066712.61,,,754501.0,,,,,,,2026-03-30,63.13,54.07,34.06,55.91,59.46,56.73,,,85.36,,175,5,,-1,
SELL,703,AAOI,2026-03-31,86.51,15790292.93,2026-02-24,60.91,480889.21,683009.12,404239817.06,403556807.94,41.96,25,ratchet-ATR exit,2026-03-30,103.89,79.47,40.27,85.2,97.67,76.52,,,157.95,,203,5,,-1,
SELL,720,AGX,2026-03-31,521.55,3298483.74,2026-03-24,465.27,767342.76,860162.1,185638664.64,184778502.54,12.04,5,rotation (out of top-N),2026-03-30,572.47,465.52,322.23,511.94,477.07,434.64,,,77.66,,1183,5,,-1,
SELL,704,DNTH,2026-03-31,80.0,664948.84,2026-03-03,56.84,18899.09,26597.95,15397731.42,15371133.47,40.67,20,equal-weight sizing trim,2026-03-30,85.93,67.9,41.27,79.58,79.15,63.61,,,108.19,,217,5,,-1,
SELL,722,FET,2026-03-31,59.94,25593021.39,2026-03-24,59.97,767342.76,767022.85,-639825.53,-1406848.39,-0.09,5,rotation (out of top-N),2026-03-30,59.07,54.29,35.32,56.79,58.97,55.15,,,67.24,,294,5,,-1,
SELL,721,SYRE,2026-03-31,49.2,37150460.61,2026-03-24,41.31,767342.76,913808.45,292931381.88,292017573.42,19.03,5,rotation (out of top-N),2026-03-30,47.54,41.12,27.07,45.36,44.49,40.11,,,75.59,,168,5,,-1,
BUY,730,AAOI,2026-04-07,110.13,15311944.81,,,843152.24,,,,,,,2026-04-06,150.48,92.38,43.32,107.51,97.7,81.87,,,247.36,,210,5,,-1,
BUY,728,AEHR,2026-04-07,49.32,34191088.44,,,843152.24,,,,,,,2026-04-06,70.39,40.85,27.01,52.22,40.42,36.42,,,160.61,,273,5,,-1,
BUY,704,DNTH,2026-04-07,85.13,946055.87,,,40268.87,,,,,,,2026-04-06,89.81,71.89,43.05,85.55,82.44,67.1,,,108.63,,224,5,,-1,
BUY,727,FORM,2026-04-07,103.66,22859.25,,,1184.8,,,,,,,2026-04-06,123.67,96.41,58.87,104.44,99.79,95.56,,,110.08,,189,5,,-1,
BUY,714,ICHR,2026-04-07,48.12,652339.19,,,15696.91,,,,,,,2026-04-06,57.5,44.62,26.44,47.75,47.01,46.03,,,117.48,,91,5,,-0.5,
BUY,719,LITE,2026-04-07,771.99,0.0,,,0.0,,,,,,,2026-04-06,898.0,680.26,336.27,772.33,741.38,670.84,775.0,740.25,167.05,4.48,294,5,6.0,-1,0.0
BUY,729,SNDK,2026-04-07,722.59,2333710.89,,,843152.24,,,,,,,2026-04-06,851.04,647.1,300.48,724.12,674.15,639.41,724.12,698.2,183.22,3.58,999,5,5.4,-1,0.6
BUY,725,UCTT,2026-04-07,63.56,477228.27,,,15166.31,,,,,,,2026-04-06,75.83,58.02,35.32,63.24,61.45,58.57,,,114.7,,182,5,,-1,
SELL,712,CIEN,2026-04-07,436.03,182858.37,2026-03-10,331.25,30285.69,39865.87,19160352.27,19120486.4,31.57,19,equal-weight sizing trim,2026-04-06,496.01,374.77,214.31,434.2,409.13,352.0,434.2,416.5,131.44,4.08,287,5,5.7,-1,0.3
SELL,723,DOCN,2026-04-07,85.59,19127282.25,2026-03-24,84.47,807806.47,818552.04,21491139.99,20672587.95,1.28,9,rotation (out of top-N),2026-04-06,75.68,71.57,48.03,87.03,84.42,69.92,,,57.57,,189,5,,-0.9,
SELL,719,LITE,2026-04-07,771.99,59521.14,2026-03-17,602.99,17945.42,22974.86,10058885.75,10035910.89,27.96,14,equal-weight sizing trim,2026-04-06,898.0,680.26,336.27,772.33,741.38,670.84,775.0,740.25,167.05,4.48,294,5,6.0,-1,0.0
SELL,726,ORKA,2026-04-07,55.58,2261977.45,2026-03-31,46.26,52319.54,62854.7,21070319.94,21007465.24,20.08,4,equal-weight sizing trim,2026-04-06,59.59,43.16,27.57,56.46,48.17,37.81,,,116.19,,231,5,,-1,
SELL,724,SLGL,2026-04-07,77.01,20832498.01,2026-03-31,72.44,754501.0,802155.34,95308678.38,94506523.04,6.26,4,rotation (out of top-N),2026-04-06,75.6,75.12,44.56,77.01,79.23,78.56,,,69.65,,322,5,,-1,
SELL,717,TSEM,2026-04-07,188.94,9064241.82,2026-03-17,138.8,629057.55,856298.92,454482748.51,453626449.58,36.06,14,rotation (out of top-N),2026-04-06,203.47,158.61,100.59,190.09,177.35,142.95,,,102.28,,252,5,,-1,
BUY,731,CAR,2026-04-14,354.99,5881369.38,,,1043913.66,,,,,,,2026-04-13,494.17,220.96,153.05,371.04,252.61,136.94,,,222.87,,7,5,,1.9,
BUY,712,CIEN,2026-04-14,487.25,417471.4,,,101707.51,,,,,,,2026-04-13,507.2,398.85,225.04,479.87,456.03,375.86,479.87,461.39,125.38,3.85,294,5,5.6,-1,0.4
BUY,719,LITE,2026-04-14,902.98,127791.81,,,57696.72,,,,,,,2026-04-13,894.12,719.15,356.3,870.77,828.21,709.02,870.77,827.77,150.95,4.94,301,5,6,-1,0.0
BUY,726,ORKA,2026-04-14,61.78,3451689.6,,,106622.69,,,,,,,2026-04-13,69.03,47.86,28.94,61.33,56.52,41.38,,,138.54,,238,5,,-1,
BUY,732,SYRE,2026-04-14,67.68,30848512.35,,,1043913.66,,,,,,,2026-04-13,72.9,48.42,29.4,63.22,51.97,44.18,,,148.0,,182,5,,-1,
SELL,730,AAOI,2026-04-14,152.73,1635052.57,2026-04-07,110.13,90034.17,124860.79,69653239.51,69528378.72,38.61,5,equal-weight sizing trim,2026-04-13,159.41,104.57,46.6,153.3,125.09,93.22,,,242.11,,217,5,,-1,
SELL,728,AEHR,2026-04-14,72.58,5408839.02,2026-04-07,49.32,133381.97,196273.25,125782551.43,125586278.18,47.08,5,equal-weight sizing trim,2026-04-13,83.87,48.67,28.76,71.69,57.08,40.96,,,191.66,,280,5,,-1,
SELL,704,DNTH,2026-04-14,90.72,19818016.76,2026-03-03,58.19,576645.24,898945.24,644599996.41,643701051.17,55.81,29,rotation (out of top-N),2026-04-13,93.13,75.75,44.88,90.01,86.84,71.94,,,107.53,,231,5,,-1,
SELL,727,FORM,2026-04-14,128.63,37024.2,2026-03-31,92.86,1719.04,2381.3,1324533.65,1322152.35,38.46,9,equal-weight sizing trim,2026-04-13,137.28,103.84,61.4,128.23,113.31,98.75,,,123.58,,196,5,,-1,
SELL,714,ICHR,2026-04-14,61.5,1091901.27,2026-03-10,42.48,23189.55,33575.96,20772837.48,20739261.52,44.72,24,equal-weight sizing trim,2026-04-13,65.74,48.46,27.49,60.44,52.71,47.82,,,139.16,,98,5,,-0.6,
SELL,729,SNDK,2026-04-14,963.27,165189.34,2026-04-07,722.59,59681.67,79560.97,39758596.23,39679035.26,33.24,5,equal-weight sizing trim,2026-04-13,920.79,696.86,322.35,952.38,786.21,669.24,952.38,915.51,185.65,3.87,999,5,5.6,-1,0.4
SELL,725,UCTT,2026-04-14,76.79,26543940.88,2026-03-31,57.99,769667.31,1019154.61,498974598.32,497955443.71,32.35,9,rotation (out of top-N),2026-04-13,79.4,61.91,36.68,77.01,68.68,60.96,,,116.45,,189,5,,-1,
BUY,730,AAOI,2026-04-21,166.83,721772.61,,,60206.66,,,,,,,2026-04-20,162.14,115.03,49.93,163.5,144.58,106.69,,,224.71,,224,5,,-1,
BUY,727,FORM,2026-04-21,145.52,268738.77,,,19553.43,,,,,,,2026-04-20,155.09,113.16,64.4,144.14,127.07,103.59,,,140.84,,203,5,,-1,
BUY,714,ICHR,2026-04-21,64.78,3118178.85,,,100990.02,,,,,,,2026-04-20,70.89,52.54,28.69,64.4,60.18,49.88,,,147.08,,105,5,,-0.8,
BUY,719,LITE,2026-04-21,910.18,325838.56,,,148285.87,,,,,,,2026-04-20,881.42,748.65,375.78,894.91,859.37,741.45,894.91,865.4,134.56,3.3,308,5,5.2,-1,0.8
BUY,734,MXL,2026-04-21,33.63,71383630.12,,,1200494.2,,,,,,,2026-04-20,60.36,26.94,18.1,31.73,23.51,18.51,,,233.52,,238,5,,-1,
BUY,726,ORKA,2026-04-21,69.25,878488.19,,,30417.65,,,,,,,2026-04-20,68.97,51.7,30.3,68.89,63.68,45.78,,,127.63,,245,5,,-1,
BUY,729,SNDK,2026-04-21,928.1,419555.92,,,194694.93,,,,,,,2026-04-20,989.42,750.06,346.03,912.96,868.7,706.71,912.96,879.16,185.93,3.7,999,5,5.5,-1,0.5
BUY,732,SYRE,2026-04-21,73.9,1656606.07,,,61211.59,,,,,,,2026-04-20,69.72,52.29,30.73,73.38,63.82,48.15,,,126.87,,189,5,,-1,
BUY,733,VICR,2026-04-21,207.06,11595616.73,,,1200494.2,,,,,,,2026-04-20,273.7,191.2,112.0,224.71,196.59,181.63,,,144.37,,217,5,,-1,
SELL,728,AEHR,2026-04-21,89.83,2039254.78,2026-04-07,49.32,50288.02,91588.03,82600014.82,82508426.79,82.04,10,equal-weight sizing trim,2026-04-20,95.94,57.26,30.78,90.16,72.99,47.27,,,211.71,,287,5,,-1,
SELL,731,CAR,2026-04-21,624.0,5881369.38,2026-04-14,354.99,1043913.66,1834987.25,1582147176.77,1580312189.52,75.69,5,rotation (out of top-N),2026-04-20,204.1,217.89,153.35,608.82,404.31,181.99,,,33.1,,14,5,,3.1,
SELL,712,CIEN,2026-04-21,509.37,4286810.79,2026-03-10,346.44,742562.07,1091786.41,698448682.3,697356895.9,46.96,29,rotation (out of top-N),2026-04-20,520.84,421.03,235.94,503.56,480.0,397.84,503.56,490.47,120.75,2.6,301,5,4.7,-1,1.3
BUY,730,AAOI,2026-04-28,138.3,3837986.09,,,265396.74,,,,,,,2026-04-27,183.57,127.49,53.84,145.78,147.56,117.68,,,240.93,,231,5,,-1,
BUY,728,AEHR,2026-04-28,81.36,4257755.88,,,173205.51,,,,,,,2026-04-27,93.05,63.77,32.56,88.51,86.09,54.24,,,185.77,,294,5,,-1,
BUY,738,BAND,2026-04-28,24.23,104050068.42,,,1260566.58,,,,,,,2026-04-27,44.89,23.23,16.28,24.12,22.37,17.95,,,175.73,,35,5,,1.4,
BUY,735,BE,2026-04-28,228.7,11023756.7,,,1260566.58,,,,,,,2026-04-27,290.6,191.66,118.51,234.74,216.96,167.86,,,145.21,,329,5,,-1,
BUY,737,INTC,2026-04-28,81.31,31008340.91,,,1260566.58,,,,,,,2026-04-27,99.66,65.25,41.65,84.99,70.73,53.38,84.99,81.21,139.25,4.44,259,5,6.0,-1,0.0
BUY,719,LITE,2026-04-28,814.66,456922.88,,,186119.54,,,,,,,2026-04-27,949.6,785.19,396.9,859.66,860.74,762.3,859.66,822.14,139.25,4.37,315,5,5.9,-1,0.1
BUY,736,STX,2026-04-28,566.04,4453984.1,,,1260566.58,,,,,,,2026-04-27,726.85,509.73,315.63,595.68,557.78,448.04,595.68,578.23,130.29,2.93,336,5,5.0,-1,1.0
SELL,727,FORM,2026-04-28,133.64,16507489.9,2026-03-31,93.72,773520.19,1103030.48,659020575.4,657917544.92,42.53,19,rotation (out of top-N),2026-04-27,137.38,117.56,66.98,143.89,140.03,109.5,,,105.11,,210,5,,-1,
SELL,714,ICHR,2026-04-28,66.36,37083573.19,2026-03-10,44.35,822339.17,1230432.96,816187584.14,814957151.18,49.55,34,rotation (out of top-N),2026-04-27,64.31,54.68,29.78,70.72,65.6,52.09,,,115.93,,112,5,,-0.9,
SELL,734,MXL,2026-04-28,49.8,20733141.06,2026-04-21,33.63,348679.6,516255.21,335151225.31,334634970.1,47.99,5,equal-weight sizing trim,2026-04-27,77.23,36.09,19.62,51.71,37.29,21.6,,,293.63,,245,5,,-1,
SELL,726,ORKA,2026-04-28,78.5,34688217.49,2026-03-31,48.39,839221.8,1361512.54,1044581465.68,1043219953.14,62.15,19,rotation (out of top-N),2026-04-27,62.54,53.67,31.51,76.39,68.29,50.25,,,98.49,,252,5,,-1,
SELL,729,SNDK,2026-04-28,1026.99,131985.32,2026-04-07,755.9,49883.94,67774.13,35780396.53,35712622.39,35.8,15,equal-weight sizing trim,2026-04-27,1188.14,829.71,374.67,1069.93,944.91,747.93,1069.93,1032.93,217.11,3.46,999,5,5.3,-1,0.7
SELL,732,SYRE,2026-04-28,73.0,32505118.43,2026-04-14,68.0,1105125.25,1186436.82,162623140.25,161436703.43,7.3,10,rotation (out of top-N),2026-04-27,69.42,55.4,32.02,71.89,68.34,51.59,,,116.77,,196,5,,-1,
SELL,733,VICR,2026-04-28,252.95,1623707.83,2026-04-21,207.06,168102.47,205358.45,74511952.32,74306593.88,22.1,5,equal-weight sizing trim,2026-04-27,268.56,205.26,117.55,268.68,239.58,190.27,,,128.46,,224,5,,-1,
BUY,730,AAOI,2026-05-05,177.09,492789.64,,,43634.06,,,,,,,2026-05-04,148.99,131.4,57.03,173.03,159.28,125.6,172.49,162.21,161.24,5.96,238,5,6,-1,0.0
BUY,728,AEHR,2026-05-05,87.7,6816139.46,,,298887.72,,,,,,,2026-05-04,97.12,69.83,34.57,85.61,86.86,59.97,85.61,79.5,180.95,7.14,301,5,6,-1,0.0
BUY,740,AGL,2026-05-05,26.46,125290320.07,,,1657590.93,,,,,,,2026-05-04,53.99,26.89,21.61,26.96,26.97,18.77,26.96,25.21,149.85,6.48,0,5,8.0,2.0,2.0
BUY,741,DOCN,2026-05-05,130.92,25322195.76,,,1657590.93,,,,,,,2026-05-04,164.07,97.3,56.41,108.61,97.78,84.73,108.61,103.28,190.84,4.9,217,5,6,-1,0.0
BUY,742,ICHR,2026-05-05,58.66,56515204.04,,,1657590.93,,,,,,,2026-05-04,74.55,58.29,31.16,69.36,66.03,54.72,69.36,66.23,139.21,4.52,119,5,6.0,-1.0,0.0
BUY,737,INTC,2026-05-05,100.5,1992406.47,,,100123.41,,,,,,,2026-05-04,124.91,76.1,44.3,95.77,86.0,59.52,95.54,92.95,182.0,2.71,266,5,4.8,-1,1.2
BUY,739,MU,2026-05-05,609.64,5437933.65,,,1657590.93,,,,,,,2026-05-04,747.1,496.16,303.49,576.27,514.32,434.33,578.63,559.28,146.17,3.34,329,5,5.2,-1,0.8
BUY,729,SNDK,2026-05-05,1293.2,108685.13,,,70275.81,,,,,,,2026-05-04,1562.14,962.88,412.69,1255.83,1073.03,816.29,1244.09,1185.26,278.53,4.73,999,5,6,-1,0.0
SELL,738,BAND,2026-05-05,44.99,30326123.34,2026-04-28,24.23,367400.98,682186.14,629570320.58,628888134.44,85.59,5,equal-weight sizing trim,2026-05-04,49.91,28.08,17.19,45.01,31.9,20.33,45.01,41.5,190.35,7.8,42,5,7.3,1.3,1.3
SELL,735,BE,2026-05-05,295.41,11023756.7,2026-04-28,228.7,1260566.58,1628263.98,735394809.63,733766545.65,29.1,5,rotation (out of top-N),2026-05-04,261.1,204.29,124.12,288.62,256.78,182.79,288.62,273.63,110.36,5.2,336,5,6,-1,0.0
SELL,719,LITE,2026-05-05,975.83,3096006.51,2026-03-17,678.94,1051008.79,1510580.28,919142973.14,917632392.86,43.65,34,rotation (out of top-N),2026-05-04,903.12,806.63,416.82,976.21,894.05,790.07,976.21,933.77,116.67,4.35,322,5,5.9,-1,0.1
SELL,734,MXL,2026-05-05,80.19,9288220.83,2026-04-21,33.63,156204.65,372411.21,432413120.73,432040709.52,138.29,10,equal-weight sizing trim,2026-05-04,99.86,47.68,21.74,78.06,58.94,28.13,78.06,72.16,359.42,7.55,252,5,6,-1,0.0
SELL,736,STX,2026-05-05,757.61,4453984.1,2026-04-28,566.04,1260566.58,1687191.45,853249733.34,851562541.89,33.78,5,rotation (out of top-N),2026-05-04,782.53,559.33,331.35,738.67,640.29,486.39,738.67,711.97,136.17,3.61,343,5,5.4,-1,0.6
SELL,733,VICR,2026-05-05,254.08,9971908.9,2026-04-21,207.06,1032391.73,1266831.31,468879156.26,467612324.95,22.65,10,rotation (out of top-N),2026-05-04,256.99,214.67,122.88,250.78,252.07,198.69,250.78,240.09,109.13,4.26,231,5,5.8,-1,0.2
BUY,730,AAOI,2026-05-12,178.2,5073465.69,,,452045.79,,,,,,,2026-05-11,190.29,142.11,61.25,184.91,165.86,132.84,189.65,171.51,210.68,9.57,245,5,6,-1,0.0
BUY,728,AEHR,2026-05-12,95.96,6387190.46,,,306457.4,,,,,,,2026-05-11,99.31,75.19,36.6,104.57,93.51,67.04,104.57,95.72,171.37,8.46,308,5,6,-1,0.0
BUY,738,BAND,2026-05-12,49.52,11943717.78,,,295696.59,,,,,,,2026-05-11,53.99,32.79,18.21,49.97,42.6,24.41,49.97,47.79,196.54,4.36,49,5,7.1,1.2,1.3
BUY,741,DOCN,2026-05-12,161.1,1009578.35,,,81321.54,,,,,,,2026-05-11,154.8,107.76,59.46,162.64,136.66,96.44,162.64,155.57,160.36,4.35,224,5,5.9,-1,0.1
BUY,737,INTC,2026-05-12,124.37,1107648.99,,,68879.15,,,,,,,2026-05-11,108.87,82.06,46.52,129.46,107.06,68.37,129.08,121.65,134.04,5.75,273,5,6,-1,0.0
BUY,734,MXL,2026-05-12,97.97,1939269.39,,,94990.26,,,,,,,2026-05-11,92.21,55.78,23.66,102.3,79.83,37.25,102.3,93.47,289.67,8.63,259,5,6,-1,0.0
BUY,729,SNDK,2026-05-12,1492.0,278334.27,,,207637.36,,,,,,,2026-05-11,1407.06,1043.64,446.76,1547.24,1325.12,919.33,1543.5,1473.46,214.95,4.54,999,5,6,-1,0.0
BUY,743,STX,2026-05-12,816.3,5194179.97,,,2120004.55,,,,,,,2026-05-11,795.27,602.23,347.5,834.19,737.24,537.41,834.19,803.9,128.86,3.63,350,5,5.4,-1,0.6
BUY,744,VPG,2026-05-12,83.3,50900469.46,,,2120004.55,,,,,,,2026-05-11,97.4,61.72,41.99,66.61,62.42,51.34,66.61,63.93,131.94,4.02,357,5,5.7,-1,0.3
SELL,740,AGL,2026-05-12,59.16,53584265.79,2026-05-05,26.46,708919.84,1585022.58,1752205491.49,1750620468.9,123.47,5,equal-weight sizing trim,2026-05-11,81.86,36.89,23.11,59.49,41.03,22.58,59.49,54.76,254.22,7.96,7,5,7.9,1.9,1.9
SELL,742,ICHR,2026-05-12,72.96,56515204.04,2026-05-05,58.66,1657590.93,2061674.64,808167417.79,806105743.14,24.32,5,rotation (out of top-N),2026-05-11,73.35,61.03,32.56,76.96,70.7,58.47,76.96,74.0,125.28,3.84,126,5,5.6,-1,0.4
SELL,739,MU,2026-05-12,773.18,5437933.65,2026-05-05,609.64,1657590.93,2102250.77,889319668.76,887217417.99,26.76,5,rotation (out of top-N),2026-05-11,724.09,537.6,318.63,795.33,641.58,470.68,792.5,753.25,127.25,4.95,336,5,6,-1,0.0
BUY,730,AAOI,2026-05-19,166.71,1516809.15,,,126433.63,,,,,,,2026-05-18,181.41,149.26,65.23,173.23,182.87,145.73,173.23,160.51,178.13,7.34,252,5,6,-1,0.0
BUY,738,BAND,2026-05-19,56.52,0.0,,,0.0,,,,,,,2026-05-18,61.4,37.99,19.39,55.98,49.28,29.07,55.98,53.62,216.64,4.2,56,5,6.9,1.1,1.3
BUY,741,DOCN,2026-05-19,144.8,2818585.62,,,204065.6,,,,,,,2026-05-18,158.47,116.98,62.64,147.66,147.79,105.83,147.66,139.9,152.98,5.25,231,5,6,-1,0.0
BUY,746,MU,2026-05-19,664.7,6347323.11,,,2109532.83,,,,,,,2026-05-18,751.09,576.42,334.39,681.66,703.7,508.65,680.66,646.29,124.62,5.05,343,5,6,-1,0.0
BUY,734,MXL,2026-05-19,87.64,4860981.11,,,213008.19,,,,,,,2026-05-18,99.36,63.7,25.77,87.52,85.93,46.35,87.52,81.39,285.63,7.0,266,5,6,-1,0.0
BUY,748,PENG,2026-05-19,45.54,92645271.6,,,2109532.83,,,,,,,2026-05-18,53.2,35.31,23.82,45.71,43.2,28.94,45.71,43.04,123.34,5.83,28,5,7.5,1.5,1.5
BUY,745,SIMO,2026-05-19,232.79,18123523.57,,,2109532.83,,,,,,,2026-05-18,276.75,200.69,119.62,239.6,245.83,168.57,239.6,228.07,131.35,4.81,357,5,6,-1,0.0
BUY,747,STX,2026-05-19,716.36,5889588.57,,,2109532.83,,,,,,,2026-05-18,812.98,640.55,363.99,740.53,768.54,584.87,740.53,703.48,123.35,5.0,357,5,6,-1,0.0
SELL,728,AEHR,2026-05-19,81.15,44204080.45,2026-04-07,65.06,1438032.87,1793580.56,711095386.55,709301805.98,24.66,30,ratchet-ATR exit,2026-05-18,94.95,78.79,38.51,83.74,95.37,74.69,83.74,75.71,146.54,9.59,315,5,6,-1,0.0
SELL,740,AGL,2026-05-19,84.71,21875145.8,2026-05-05,26.46,289408.18,926521.8,1274227242.98,1273300721.18,219.98,10,equal-weight sizing trim,2026-05-18,86.18,45.85,24.57,86.59,65.38,30.6,86.59,81.27,250.7,6.14,14,5,7.8,1.8,1.8
SELL,738,BAND,2026-05-19,56.52,10983015.71,2026-04-28,27.76,152417.98,310380.02,315924088.93,315613708.9,103.54,15,equal-weight sizing trim,2026-05-18,61.4,37.99,19.39,55.98,49.28,29.07,55.98,53.62,216.64,4.2,56,5,6.9,1.1,1.3
SELL,737,INTC,2026-05-19,106.4,34108396.38,2026-04-28,83.83,1429569.14,1814566.69,769995098.93,768180532.24,26.87,15,ratchet-ATR exit,2026-05-18,119.85,88.93,48.9,108.17,111.02,77.09,107.9,103.17,145.09,4.38,280,5,5.9,-1,0.1
SELL,729,SNDK,2026-05-19,1294.45,2843111.55,2026-04-07,848.5,1206194.73,1840132.87,1267876278.11,1266036145.23,52.48,30,ratchet-ATR exit,2026-05-18,1478.76,1122.75,482.62,1333.47,1368.22,1003.35,1316.31,1259.04,206.4,4.35,999,5,5.9,-1,0.1
SELL,743,STX,2026-05-19,716.36,5194179.97,2026-05-12,816.3,2120004.55,1860451.38,-519106345.75,-520966797.13,-12.29,5,rotation (out of top-N),2026-05-18,812.98,640.55,363.99,740.53,768.54,584.87,740.53,703.48,123.35,5.0,357,5,6,-1,0.0
SELL,744,VPG,2026-05-19,100.3,8814963.41,2026-05-12,83.3,367143.23,442070.41,149854377.94,149412307.53,20.35,5,equal-weight sizing trim,2026-05-18,113.84,71.2,44.15,105.64,85.69,58.4,105.64,99.09,157.84,6.2,364,5,6,-1,0.0
BUY,730,AAOI,2026-06-02,194.9,1359048.25,,,132439.25,,,,,,,2026-06-01,177.01,155.66,72.39,185.59,175.71,162.88,184.61,171.42,144.54,7.15,266,5,6,-1,0.0
BUY,740,AGL,2026-06-02,89.62,8182555.21,,,366680.76,,,,,,,2026-06-01,96.31,61.86,27.65,92.48,85.07,48.01,92.48,89.09,248.34,3.66,28,5,7.0,1.5,2.1
BUY,738,BAND,2026-06-02,67.37,2497175.44,,,84117.35,,,,,,,2026-06-01,72.25,48.24,22.08,70.97,60.1,38.76,70.97,67.82,227.26,4.44,70,5,6.8,-0.2,0.9
BUY,749,DELL,2026-06-02,464.53,11188133.46,,,2598611.82,,,,,,,2026-06-01,461.52,293.49,167.43,466.1,333.27,234.86,466.1,433.2,175.64,7.06,91,5,6.5,-0.5,0.5
BUY,741,DOCN,2026-06-02,171.21,1220943.55,,,104515.82,,,,,,,2026-06-01,169.9,132.41,69.19,173.31,157.44,122.16,173.31,165.06,145.56,4.76,245,5,6,-1,0.0
BUY,750,MRVL,2026-06-02,253.75,20481669.5,,,2598611.82,,,,,,,2026-06-01,263.4,179.44,105.72,219.46,198.33,162.48,218.58,208.12,149.16,4.79,231,5,6,-1,0.0
BUY,734,MXL,2026-06-02,91.18,8861163.7,,,403980.45,,,,,,,2026-06-01,80.86,71.16,29.31,86.24,93.27,64.07,86.24,79.19,175.88,8.18,280,5,6,-1,0.0
BUY,751,SNDK,2026-06-02,1750.71,2968637.66,,,2598611.82,,,,,,,2026-06-01,1749.55,1321.75,566.24,1760.4,1579.98,1207.54,1760.4,1690.1,208.97,3.99,999,5,5.7,-1,0.3
SELL,746,MU,2026-06-02,1049.62,1393340.92,2026-05-19,664.7,463076.86,731242.73,536331755.43,535600512.7,57.83,9,equal-weight sizing trim,2026-06-01,1031.9,717.88,378.54,1035.08,875.96,618.92,1035.08,985.62,172.6,4.78,357,5,6,-1,0.0
SELL,748,PENG,2026-06-02,62.86,92645271.6,2026-05-19,45.54,2109532.83,2911840.89,1604616104.09,1601704263.21,37.96,9,rotation (out of top-N),2026-06-01,59.84,42.83,25.5,59.77,52.78,36.78,59.77,55.9,134.66,6.46,42,5,7.3,1.3,1.3
SELL,745,SIMO,2026-06-02,271.44,18123523.57,2026-05-19,232.79,2109532.83,2459724.62,700383568.22,697923843.6,16.54,9,rotation (out of top-N),2026-06-01,257.43,222.36,129.12,268.46,270.43,204.41,268.46,254.99,99.37,5.02,371,5,6,-1,0.0
SELL,747,STX,2026-06-02,929.75,5889588.57,2026-05-19,716.36,2109532.83,2737922.49,1256779305.13,1254041382.65,29.72,9,rotation (out of top-N),2026-06-01,919.91,726.98,400.89,921.14,846.31,682.38,921.14,891.58,129.47,3.21,371,5,5.1,-1,0.9
SELL,744,VPG,2026-06-02,126.01,820340.21,2026-05-12,83.3,34167.17,51685.54,35036730.45,34985044.92,51.2,14,equal-weight sizing trim,2026-06-01,117.24,87.63,48.79,126.3,114.84,74.76,126.3,121.39,140.28,3.89,378,5,5.6,-1,0.4
BUY,754,AEHR,2026-06-09,102.37,51147357.96,,,2617977.52,,,,,,,2026-06-08,108.53,88.76,44.28,95.75,102.01,93.42,95.75,87.36,145.1,8.77,336,5,6,-1,0.0
BUY,740,AGL,2026-06-09,97.03,0.0,,,0.0,,,,,,,2026-06-08,111.27,70.84,29.68,95.39,89.8,57.22,95.39,91.62,274.85,3.95,35,5,7.1,1.4,1.8
BUY,752,ATEX,2026-06-09,67.07,78067020.04,,,2617977.52,,,,,,,2026-06-08,82.57,59.54,33.7,66.3,65.16,53.68,66.3,63.6,145.04,4.06,126,5,5.7,-1,0.3
BUY,755,DOCN,2026-06-09,171.69,30495675.67,,,2617977.52,,,,,,,2026-06-08,170.15,139.28,72.62,169.29,167.17,133.19,169.29,158.69,134.29,6.26,252,5,6,-1,0.0
BUY,746,MU,2026-06-09,988.17,347105.92,,,171500.7,,,,,,,2026-06-08,981.27,765.77,399.79,948.98,935.23,691.83,945.8,894.92,145.44,5.38,364,5,6,-1,0.0
BUY,753,PENG,2026-06-09,65.62,79792060.87,,,2617977.52,,,,,,,2026-06-08,64.12,46.7,26.48,64.56,61.53,42.5,64.56,59.66,142.13,7.58,49,5,7.2,1.2,1.2
BUY,751,SNDK,2026-06-09,1701.96,109264.23,,,92981.95,,,,,,,2026-06-08,1981.01,1441.62,614.06,1641.99,1647.14,1322.63,1652.91,1564.36,222.61,5.36,999,5,6,-1,0.0
SELL,730,AAOI,2026-06-09,206.05,26678763.68,2026-04-07,137.43,1833274.2,2748579.63,1830610850.97,1827862271.34,49.85,44,rotation (out of top-N),2026-06-08,169.03,158.09,76.01,196.62,185.99,170.91,196.62,178.05,122.38,9.44,273,5,6,-1,0.0
SELL,740,AGL,2026-06-09,97.03,4027022.49,2026-05-05,35.37,71216.2,195381.06,248329733.72,248134352.65,174.21,24,equal-weight sizing trim,2026-06-08,111.27,70.84,29.68,95.39,89.8,57.22,95.39,91.62,274.85,3.95,35,5,7.1,1.4,1.8
SELL,738,BAND,2026-06-09,69.98,2329006.68,2026-04-28,29.04,33813.6,81497.77,95368330.17,95286832.4,140.9,29,equal-weight sizing trim,2026-06-08,65.32,51.35,23.32,68.86,66.26,45.25,68.86,65.49,180.12,4.9,77,5,6.7,-0.3,0.7
SELL,749,DELL,2026-06-09,404.59,11188133.46,2026-06-02,464.53,2598611.82,2263303.46,-670616719.49,-672880022.95,-12.95,5,rotation (out of top-N),2026-06-08,395.91,312.11,174.24,400.38,385.06,265.17,400.38,382.0,127.22,4.59,98,5,6.4,-0.6,0.4
SELL,741,DOCN,2026-06-09,171.69,30371303.29,2026-05-05,134.83,2047493.89,2607300.46,1119613137.43,1117005836.97,27.28,24,rotation (out of top-N),2026-06-08,170.15,139.28,72.62,169.29,167.17,133.19,169.29,158.69,134.29,6.26,252,5,6,-1,0.0
SELL,750,MRVL,2026-06-09,299.79,3007523.19,2026-06-02,253.75,381579.51,450812.69,138466367.77,138015555.08,18.08,5,equal-weight sizing trim,2026-06-08,279.62,197.66,111.13,288.7,256.62,184.47,286.71,264.33,151.62,7.81,238,5,6,-1,0.0
SELL,734,MXL,2026-06-09,82.4,57023682.44,2026-04-21,49.37,1407588.85,2349375.72,1883573723.68,1881224347.96,66.82,34,ratchet-ATR exit,2026-06-08,84.5,73.59,31.03,79.28,88.44,72.52,79.28,73.68,172.32,7.05,287,5,6,-1,0.0
SELL,744,VPG,2026-06-09,129.2,718924.96,2026-05-12,83.3,29943.22,46442.55,32998655.66,32952213.11,55.02,19,equal-weight sizing trim,2026-06-08,139.65,97.09,51.54,119.43,120.65,84.44,119.43,114.53,170.93,4.1,385,5,5.7,-1,0.3
BUY,759,ARM,2026-06-16,399.74,14023063.06,,,2802789.61,,,,,,,2026-06-15,439.19,304.83,171.73,412.49,359.16,271.63,412.49,392.97,155.74,4.73,63,5,7.0,-0.0,0.9
BUY,758,ICHR,2026-06-16,88.52,63329144.52,,,2802789.61,,,,,,,2026-06-15,98.6,73.59,40.11,89.41,77.77,70.86,89.41,85.93,145.83,3.9,161,5,5.6,-1,0.4
BUY,750,MRVL,2026-06-16,299.16,1272320.5,,,190313.7,,,,,,,2026-06-15,310.89,218.24,117.22,308.82,272.9,202.37,305.5,293.44,165.22,3.95,245,5,5.6,-1,0.4
BUY,746,MU,2026-06-16,1099.38,0.0,,,0.0,,,,,,,2026-06-15,1036.07,814.91,421.77,1088.17,973.13,757.68,1079.13,1042.51,145.65,3.39,371,5,5.3,-1,0.7
BUY,757,MXL,2026-06-16,87.75,63881244.76,,,2802789.61,,,,,,,2026-06-15,88.78,76.35,32.86,88.67,84.04,79.62,88.67,84.54,170.22,4.65,294,5,6,-1,0.0
BUY,756,WDC,2026-06-16,685.48,8177597.05,,,2802789.61,,,,,,,2026-06-15,710.22,513.18,278.77,653.42,553.58,483.79,653.42,624.68,154.77,4.4,392,5,5.9,-1,0.1
SELL,754,AEHR,2026-06-16,113.03,1528819.35,2026-06-09,102.37,78252.62,86401.23,16297214.24,16210813.02,10.36,5,equal-weight sizing trim,2026-06-15,115.51,93.62,46.51,115.79,104.13,96.7,115.79,108.12,148.38,6.62,343,5,6,-1,0.0
SELL,740,AGL,2026-06-16,110.72,3330401.64,2026-05-05,35.37,58896.75,184362.71,250931916.67,250747553.96,212.87,29,equal-weight sizing trim,2026-06-15,113.08,78.52,31.84,113.48,102.67,67.54,113.48,106.52,255.1,6.13,42,5,7.3,1.3,1.3
SELL,752,ATEX,2026-06-16,82.0,78067020.04,2026-06-09,67.07,2617977.52,3200747.82,1165540609.22,1162339861.4,22.2,5,rotation (out of top-N),2026-06-15,74.41,62.25,35.03,83.0,72.86,58.23,83.0,77.8,112.42,6.26,133,5,6,-1,0.0
SELL,738,BAND,2026-06-16,52.44,74852815.91,2026-04-28,29.04,1086747.96,1962640.83,1751785743.09,1749823102.26,80.51,34,rotation (out of top-N),2026-06-15,51.53,51.38,24.2,52.85,62.53,50.44,52.85,49.01,112.99,7.27,84,5,6.6,-0.4,0.6
SELL,755,DOCN,2026-06-16,180.12,30495675.67,2026-06-09,171.69,2617977.52,2746440.55,256926067.52,254179626.97,4.85,5,rotation (out of top-N),2026-06-15,173.46,145.49,76.07,181.34,171.65,144.71,181.34,171.62,128.04,5.36,259,5,6,-1,0.0
SELL,746,MU,2026-06-16,1099.38,199682.38,2026-05-19,685.88,68479.13,109763.41,82568550.73,82458787.32,60.21,19,equal-weight sizing trim,2026-06-15,1036.07,814.91,421.77,1088.17,973.13,757.68,1079.13,1042.51,145.65,3.39,371,5,5.3,-1,0.7
SELL,753,PENG,2026-06-16,63.72,79792060.87,2026-06-09,65.62,2617977.52,2541975.58,-152003875.95,-154545851.53,-2.95,5,rotation (out of top-N),2026-06-15,67.23,50.43,27.51,63.91,62.42,47.09,63.91,60.87,144.39,4.77,56,5,7.1,1.1,1.1
SELL,751,SNDK,2026-06-16,2131.95,447266.36,2026-06-02,1748.98,391129.86,476774.76,171289789.37,170813014.61,21.84,10,equal-weight sizing trim,2026-06-15,1948.5,1533.78,660.62,2108.25,1808.58,1438.46,2109.74,2029.65,194.95,3.8,999,5,5.5,-1,0.5
SELL,744,VPG,2026-06-16,143.17,1373345.58,2026-05-12,83.3,57199.84,98310.94,82222200.1,82123889.16,71.79,24,equal-weight sizing trim,2026-06-15,141.59,105.18,54.3,145.86,130.86,94.75,145.86,138.43,160.78,5.1,392,5,6,-1,0.0
BUY,760,ATEX,2026-06-23,76.42,69754216.59,,,2665308.62,,,,,,,2026-06-22,89.96,67.29,36.72,77.1,75.09,61.54,77.1,73.38,144.96,4.83,140,5,6,-1,0.0
BUY,763,BAND,2026-06-23,49.8,107040506.66,,,2665308.62,,,,,,,2026-06-22,56.82,52.37,25.18,50.84,56.28,53.21,50.84,48.5,125.67,4.6,91,5,6.5,-0.5,0.5
BUY,762,INTC,2026-06-23,129.71,41096424.57,,,2665308.62,,,,,,,2026-06-22,140.46,111.56,60.97,140.24,123.79,112.23,140.61,136.21,130.36,3.13,315,5,5.1,-1,0.9
BUY,751,SNDK,2026-06-23,2007.2,26427.71,,,26522.85,,,,,,,2026-06-22,2316.99,1676.18,715.99,2315.12,1993.5,1556.57,2267.85,2188.54,223.61,3.5,999,5,5.3,-1,0.7
BUY,761,STX,2026-06-23,983.95,5417569.22,,,2665308.62,,,,,,,2026-06-22,1098.74,868.62,463.05,1098.26,995.07,830.45,1097.84,1054.79,137.28,3.92,392,5,5.6,-1,0.4
BUY,744,VPG,2026-06-23,130.22,1783735.52,,,116134.56,,,,,,,2026-06-22,127.93,109.32,56.67,140.91,135.33,103.04,140.91,135.63,125.73,3.75,399,5,5.5,-1,0.5
SELL,754,AEHR,2026-06-23,103.0,49618538.61,2026-06-09,102.37,2539724.9,2555230.69,31011586.63,28456355.94,0.56,9,rotation (out of top-N),2026-06-22,91.69,93.27,48.05,113.35,108.59,98.43,113.35,107.19,90.84,5.44,350,5,6,-1,0.0
SELL,740,AGL,2026-06-23,106.38,521767.38,2026-05-05,35.37,9227.24,27752.81,37051141.35,37023388.54,200.62,33,equal-weight sizing trim,2026-06-22,117.31,85.58,34.05,113.05,107.41,75.97,113.05,109.02,244.57,3.57,49,5,6.6,1.2,1.8
SELL,759,ARM,2026-06-23,369.24,14023063.06,2026-06-16,399.74,2802789.61,2588937.9,-427703423.32,-430292361.22,-7.68,4,rotation (out of top-N),2026-06-22,334.54,310.23,176.52,407.87,390.93,294.4,407.33,387.07,89.52,4.97,70,5,6.8,-0.2,0.8
SELL,758,ICHR,2026-06-23,89.98,63329144.52,2026-06-16,88.52,2802789.61,2849178.21,92777196.73,89928018.51,1.6,4,rotation (out of top-N),2026-06-22,93.63,77.23,41.99,99.64,87.08,73.62,99.64,94.63,122.99,5.03,168,5,6,-1,0.0
SELL,750,MRVL,2026-06-23,278.24,18746466.81,2026-06-02,256.83,2407346.01,2608008.46,401324898.17,398716889.71,8.28,14,rotation (out of top-N),2026-06-22,265.77,226.89,122.01,308.32,287.58,216.51,306.96,292.97,117.82,4.56,252,5,6,-1,0.0
SELL,746,MU,2026-06-23,1080.09,163568.54,2026-05-19,685.88,56094.24,88333.96,64479440.94,64391106.98,57.4,23,equal-weight sizing trim,2026-06-22,1193.03,883.66,447.54,1192.22,1050.0,820.72,1244.39,1201.92,166.58,3.41,378,5,5.3,-1,0.7
SELL,757,MXL,2026-06-23,84.92,1077619.3,2026-06-16,87.75,47280.55,45755.72,-3049662.63,-3095418.35,-3.27,4,equal-weight sizing trim,2026-06-22,96.45,80.01,34.86,96.41,86.87,85.09,96.41,91.07,176.66,5.54,301,5,6,-1,0.0
SELL,756,WDC,2026-06-23,663.48,139187.36,2026-06-16,685.48,47705.07,46173.67,-3062817.76,-3108991.43,-3.26,4,equal-weight sizing trim,2026-06-22,738.78,554.2,294.58,738.0,649.54,517.41,735.36,703.03,150.79,4.4,399,5,5.9,-1,0.1
BUY,740,AGL,2026-06-30,114.58,1140459.99,,,65339.8,,,,,,,2026-06-29,111.16,90.23,36.15,114.97,110.48,86.54,114.97,108.42,207.5,5.7,56,5,7.1,1.1,1.1
BUY,764,DD,2026-06-30,135.68,43281565.94,,,2936221.43,,,,,,,2026-06-29,136.1,63.95,45.63,135.3,104.34,59.29,135.79,132.52,198.3,2.41,308,5,4.6,-1,1.4
BUY,767,ICHR,2026-06-30,106.65,55062755.43,,,2936221.43,,,,,,,2026-06-29,98.32,81.06,44.02,105.39,92.98,77.06,105.39,99.36,123.38,5.72,175,5,6,-1,0.0
BUY,746,MU,2026-06-30,1144.8,194298.81,,,111216.64,,,,,,,2026-06-29,1094.12,921.93,470.96,1087.2,1087.44,894.75,1138.84,1082.85,132.32,4.92,385,5,6,-1,0.0
BUY,765,PENG,2026-06-30,67.58,86896165.54,,,2936221.43,,,,,,,2026-06-29,61.38,54.19,29.26,68.03,64.97,55.23,68.03,64.2,109.76,5.64,70,5,6.8,-0.2,0.8
BUY,766,SEZL,2026-06-30,169.07,34732768.69,,,2936221.43,,,,,,,2026-06-29,183.37,134.68,82.93,170.56,156.5,120.46,170.56,164.67,121.11,3.46,56,5,6.4,1.1,1.8
BUY,751,SNDK,2026-06-30,2111.9,124909.67,,,131898.37,,,,,,,2026-06-29,1985.87,1732.49,763.2,1995.16,2043.17,1684.28,2052.84,1945.0,160.2,5.25,999,5,6,-1,0.0
SELL,760,ATEX,2026-06-30,96.09,8612840.27,2026-06-23,76.42,329096.63,413825.44,169457632.3,169043806.86,25.68,5,equal-weight sizing trim,2026-06-29,105.16,74.17,38.81,98.5,83.08,66.41,98.5,93.69,170.94,4.88,147,5,6,-1,0.0
SELL,763,BAND,2026-06-30,60.56,10031003.53,2026-06-23,49.8,249771.99,303763.86,107983752.95,107679989.09,21.56,5,equal-weight sizing trim,2026-06-29,61.53,54.04,26.28,60.85,56.04,56.76,60.85,58.62,134.15,3.66,98,5,5.8,-0.6,0.9
SELL,762,INTC,2026-06-30,132.19,41096424.57,2026-06-23,129.71,2665308.62,2716268.18,101919132.94,99202864.76,1.86,5,rotation (out of top-N),2026-06-29,124.45,113.9,63.2,123.62,126.94,117.41,131.31,126.23,96.92,3.86,322,5,5.6,-1,0.4
SELL,757,MXL,2026-06-30,109.22,9012089.11,2026-06-16,87.75,395405.41,492172.72,193534613.62,193042440.9,24.41,9,equal-weight sizing trim,2026-06-29,93.03,82.37,36.79,108.51,93.14,89.36,108.51,99.99,152.89,7.85,308,5,6,-1,0.0
SELL,761,STX,2026-06-30,964.73,5417569.22,2026-06-23,983.95,2665308.62,2613232.23,-104152768.21,-106766000.44,-2.0,5,rotation (out of top-N),2026-06-29,900.88,874.49,480.18,907.95,973.72,875.56,968.07,921.16,87.61,4.85,399,5,6,-1,0.0
SELL,744,VPG,2026-06-30,145.23,40956630.81,2026-05-12,85.34,1747685.65,2974065.75,2452760194.29,2449786128.54,70.09,33,rotation (out of top-N),2026-06-29,121.13,111.46,58.9,142.47,135.06,112.51,142.47,135.0,105.66,5.24,406,5,6,-1,0.0
SELL,756,WDC,2026-06-30,633.5,8038409.7,2026-06-16,685.48,2755084.54,2546166.27,-417836536.03,-420382702.3,-7.63,9,rotation (out of top-N),2026-06-29,594.69,561.56,306.77,599.18,635.82,545.83,653.3,627.32,93.85,3.98,406,5,5.7,-1,0.3
BUY,768,DELL,2026-07-07,400.89,13625059.66,,,2731075.08,,,,,,,2026-07-06,425.84,367.61,202.39,424.21,410.25,355.19,410.88,389.49,110.4,5.2,126,5,6,-1,0.0
BUY,767,ICHR,2026-07-07,87.95,7066420.73,,,310763.52,,,,,,,2026-07-06,100.33,84.57,46.01,95.75,98.49,80.67,95.75,89.46,118.09,6.57,182,5,6,-1,0.0
BUY,757,MXL,2026-07-07,89.06,7569929.83,,,337070.05,,,,,,,2026-07-06,91.27,83.99,38.66,95.6,99.4,92.14,95.6,87.46,136.11,8.51,315,5,6,-1,0.0
BUY,765,PENG,2026-07-07,62.43,639676.71,,,19967.51,,,,,,,2026-07-06,78.31,58.58,30.53,67.63,66.5,58.61,67.63,62.92,156.53,6.97,77,5,6.7,-0.3,0.7
BUY,769,SIMO,2026-07-07,300.4,18182620.69,,,2731075.08,,,,,,,2026-07-06,326.88,277.66,156.3,318.54,314.39,284.88,318.54,299.04,109.14,6.12,406,5,6,-1,0.0
SELL,740,AGL,2026-07-07,108.44,879282.06,2026-05-05,37.13,16324.35,47674.67,62700647.29,62652972.61,191.9,42,equal-weight sizing trim,2026-07-06,115.21,94.77,38.32,107.61,109.96,94.73,107.61,103.61,200.65,3.71,63,5,6.4,-0.0,1.5
SELL,760,ATEX,2026-07-07,105.39,9287475.49,2026-06-23,76.42,354874.44,489403.52,269058164.8,268568761.28,37.84,9,equal-weight sizing trim,2026-07-06,101.05,79.06,40.78,106.08,95.56,71.96,106.08,101.78,147.82,4.05,154,5,5.7,-1,0.3
SELL,763,BAND,2026-07-07,61.94,8780852.69,2026-06-23,49.8,218643.23,271943.01,106599551.6,106327608.59,24.32,9,equal-weight sizing trim,2026-07-06,75.46,57.93,27.76,60.66,59.36,58.4,60.66,57.99,171.8,4.4,105,5,6.2,-0.8,0.3
SELL,764,DD,2026-07-07,140.39,4355128.1,2026-06-30,135.68,295451.89,305708.22,20512653.35,20206945.13,3.42,4,equal-weight sizing trim,2026-07-06,141.03,77.96,48.33,141.03,123.16,68.33,141.03,138.67,191.82,1.67,315,5,4.1,-1,1.9
SELL,746,MU,2026-07-07,922.28,5132135.99,2026-05-19,703.25,1804599.94,2366633.19,1124066505.55,1121699872.36,31.08,32,rotation (out of top-N),2026-07-06,1009.78,937.9,491.52,1011.67,1062.6,939.6,984.04,942.23,105.44,4.25,392,5,5.8,-1,0.2
SELL,766,SEZL,2026-07-07,180.5,4456410.75,2026-06-30,169.07,376733.82,402191.07,50914492.83,50512301.76,6.7,4,equal-weight sizing trim,2026-07-06,179.25,142.78,85.28,179.14,168.36,129.62,179.14,171.18,110.2,4.44,63,5,6.9,-0.0,1.0
SELL,751,SNDK,2026-07-07,1614.93,2781972.91,2026-06-02,1767.73,2458885.12,2246345.76,-425078726.35,-427325072.11,-8.69,23,ratchet-ATR exit,2026-07-06,1816.25,1747.72,805.4,1808.99,1984.27,1750.6,1739.95,1640.69,125.51,5.7,999,5,6,-1,0.0
BUY,740,AGL,2026-07-14,114.72,558844.91,,,32056.74,,,,,,,2026-07-13,128.43,100.89,40.94,115.92,112.61,101.02,115.92,110.8,213.68,4.42,70,5,6.8,-0.2,0.9
BUY,760,ATEX,2026-07-14,104.42,4129893.14,,,215611.4,,,,,,,2026-07-13,100.51,82.96,42.76,103.27,100.53,78.03,103.27,99.6,135.03,3.55,161,5,5.4,-1,0.6
BUY,764,DD,2026-07-14,134.88,4411832.36,,,297533.97,,,,,,,2026-07-13,132.62,87.9,50.88,132.62,131.03,79.12,132.42,130.76,160.63,1.25,322,5,3.8,-1,2.2
BUY,770,FBRX,2026-07-14,44.02,132731501.26,,,2921420.34,,,,,,,2026-07-13,48.92,29.65,24.7,44.26,30.27,21.12,44.26,39.77,98.07,10.14,7,5,7.9,1.9,1.9
BUY,772,ORKA,2026-07-14,85.41,68409327.78,,,2921420.34,,,,,,,2026-07-13,92.8,77.16,47.12,84.38,85.55,71.61,84.38,81.83,96.95,3.02,329,5,5.0,-1,1.0
BUY,766,SEZL,2026-07-14,162.11,5781224.78,,,468597.17,,,,,,,2026-07-13,174.58,148.56,87.71,160.18,170.27,138.69,160.18,152.7,99.05,4.66,70,5,6.8,-0.2,0.8
BUY,773,SNDK,2026-07-14,1805.27,3236546.71,,,2921420.34,,,,,,,2026-07-13,1667.59,1733.15,844.17,1785.69,1864.92,1789.09,1657.91,1537.67,97.54,7.25,999,5,6,-1,0.0
BUY,771,SYRE,2026-07-14,95.44,61216833.63,,,2921420.34,,,,,,,2026-07-13,100.14,84.79,50.32,93.67,93.08,81.9,93.67,90.55,99.02,3.33,273,5,5.2,-1,0.8
SELL,763,BAND,2026-07-14,75.0,10290332.1,2026-06-23,49.8,256229.27,385913.18,259367820.67,258981907.49,50.54,14,equal-weight sizing trim,2026-07-13,71.58,60.41,29.17,73.87,68.5,61.33,73.87,71.2,145.36,3.62,112,5,5.5,-0.9,0.7
SELL,768,DELL,2026-07-14,443.72,450617.29,2026-07-07,400.89,90323.98,99973.95,19299938.67,19199964.71,10.63,5,equal-weight sizing trim,2026-07-13,421.42,377.39,209.21,422.05,423.27,378.51,421.8,404.86,101.44,4.01,133,5,5.7,-1,0.3
SELL,767,ICHR,2026-07-14,97.0,62129176.17,2026-06-30,104.52,3246984.95,3013265.04,-467439814.39,-470453079.44,-7.24,9,rotation (out of top-N),2026-07-13,82.82,84.25,47.62,90.41,94.97,82.93,90.41,85.75,73.92,5.15,189,5,6,-1,0.0
SELL,757,MXL,2026-07-14,95.04,61361466.17,2026-06-16,87.91,2697173.71,2915896.87,437446329.97,434530433.1,8.06,18,rotation (out of top-N),2026-07-13,71.81,81.78,40.09,89.33,93.47,91.74,89.33,83.93,79.11,6.04,322,5,6,-1,0.0
SELL,765,PENG,2026-07-14,79.12,87535842.24,2026-06-30,67.54,2956188.94,3462917.92,1013457954.51,1009995036.59,17.08,9,rotation (out of top-N),2026-07-13,60.33,58.9,31.51,77.2,72.91,62.58,77.2,71.4,91.47,7.52,84,5,6.6,-0.4,0.6
SELL,769,SIMO,2026-07-14,311.47,18182620.69,2026-07-07,300.4,2731075.08,2831670.43,201190697.9,198359027.46,3.63,5,rotation (out of top-N),2026-07-13,265.0,275.36,160.8,299.06,313.11,291.67,299.06,287.43,64.79,3.89,413,5,5.6,-1,0.4
BUY,760,ATEX,2026-07-21,104.36,373198.72,,,19474.44,,,,,,,2026-07-20,93.86,84.94,44.6,102.09,100.87,83.5,102.09,96.59,110.44,5.39,168,5,6,-1,0.0
BUY,763,BAND,2026-07-21,68.55,7859602.95,,,269387.89,,,,,,,2026-07-20,59.8,60.3,30.29,68.79,69.88,63.38,68.79,65.12,97.45,5.34,119,5,6.0,-1.0,0.0
BUY,768,DELL,2026-07-21,397.19,1633248.04,,,324350.81,,,,,,,2026-07-20,395.56,380.7,215.4,394.25,415.74,400.63,380.66,367.77,83.64,3.39,140,5,5.3,-1,0.7
BUY,776,ICHR,2026-07-21,89.1,65979530.51,,,2939388.08,,,,,,,2026-07-20,86.38,84.64,49.23,83.7,89.59,85.27,83.7,79.47,75.46,5.06,196,5,6,-1,0.0
BUY,774,LQDA,2026-07-21,79.22,74208232.37,,,2939388.08,,,,,,,2026-07-20,86.23,72.33,44.89,77.09,77.31,70.71,77.09,74.88,92.08,2.87,553,5,4.9,-1,1.1
BUY,775,MBX,2026-07-21,59.92,98110416.7,,,2939388.08,,,,,,,2026-07-20,62.05,50.77,35.29,60.13,59.42,45.01,60.13,57.49,75.84,4.39,343,5,5.9,-1,0.1
BUY,772,ORKA,2026-07-21,92.9,0.0,,,0.0,,,,,,,2026-07-20,92.12,79.88,48.73,91.67,87.71,75.1,91.67,87.06,89.04,5.04,336,5,6,-1,0.0
SELL,740,AGL,2026-07-21,121.96,2727687.7,2026-05-05,37.98,51801.66,166334.4,229065471.72,228899137.33,220.94,52,equal-weight sizing trim,2026-07-20,97.67,100.3,42.79,123.06,119.83,106.11,123.06,116.73,128.25,5.14,77,5,6.7,-0.3,0.7
SELL,764,DD,2026-07-21,136.85,43338270.2,2026-06-30,135.6,2938303.52,2965421.14,54235242.02,51269820.88,0.87,14,ratchet-ATR exit,2026-07-20,135.36,96.53,53.45,135.36,133.44,89.9,135.79,133.86,153.26,1.42,329,5,3.9,-1,2.1
SELL,770,FBRX,2026-07-21,49.82,14672147.04,2026-07-14,44.02,322933.96,365483.18,85098452.84,84732969.66,13.12,5,equal-weight sizing trim,2026-07-20,54.7,34.21,25.77,47.53,40.41,24.13,47.53,44.47,112.29,6.45,14,5,7.8,1.8,1.8
SELL,772,ORKA,2026-07-21,92.9,5096980.88,2026-07-14,85.41,217666.57,236754.76,38176386.76,37939632.0,8.72,5,equal-weight sizing trim,2026-07-20,92.12,79.88,48.73,91.67,87.71,75.1,91.67,87.06,89.04,5.04,336,5,6,-1,0.0
SELL,766,SEZL,2026-07-21,174.98,36057582.73,2026-06-30,167.96,3028084.78,3154677.91,253186256.61,250031578.7,4.13,14,rotation (out of top-N),2026-07-20,153.81,149.52,89.71,172.07,175.36,148.27,172.07,162.95,71.46,5.3,77,5,6.7,-0.3,0.7
SELL,773,SNDK,2026-07-21,1510.99,3236546.71,2026-07-14,1805.27,2921420.34,2445202.95,-952434784.12,-954879987.07,-16.34,5,rotation (out of top-N),2026-07-20,1430.2,1678.07,876.42,1422.83,1626.13,1807.29,1403.68,1327.67,63.19,5.41,999,5,6,-1,0.0
SELL,771,SYRE,2026-07-21,99.36,2020808.8,2026-07-14,95.44,96438.05,100393.78,7911466.44,7811072.66,4.05,5,equal-weight sizing trim,2026-07-20,102.18,87.95,52.31,97.44,96.4,85.23,97.44,94.18,95.34,3.34,280,5,5.2,-1,0.8
BUY,777,DD,2026-07-28,139.87,41585698.34,,,2908191.85,,,,,,,2026-07-27,138.68,104.19,56.08,138.5,136.54,101.2,139.95,138.52,147.3,1.02,336,5,3.7,-1,2.3
BUY,781,ICHR,2026-07-28,73.0,79676489.03,,,2908191.85,,,,,,,2026-07-27,86.31,84.94,50.82,77.28,88.51,87.72,78.39,74.3,69.82,5.22,203,5,6,-1,0.0
BUY,780,MU,2026-07-28,841.69,6910363.32,,,2908191.85,,,,,,,2026-07-27,926.72,928.29,545.19,857.37,931.85,1000.31,899.46,852.45,69.98,5.23,413,5,6,-1,0.0
BUY,772,ORKA,2026-07-28,89.66,1590865.14,,,71318.48,,,,,,,2026-07-27,92.41,82.16,50.36,90.56,90.41,79.27,90.2,88.03,83.48,2.4,343,5,4.6,-1,1.4
BUY,778,SEZL,2026-07-28,154.02,37763820.93,,,2908191.85,,,,,,,2026-07-27,158.6,151.17,91.75,153.56,166.5,154.97,156.78,153.18,72.86,2.29,84,5,5.1,-0.4,2.1
BUY,771,SYRE,2026-07-28,97.19,679068.59,,,32999.34,,,,,,,2026-07-27,104.71,91.0,54.34,99.25,99.0,88.64,100.06,96.75,92.69,3.31,287,5,5.2,-1,0.8
BUY,779,TWST,2026-07-28,85.96,67663840.15,,,2908191.85,,,,,,,2026-07-27,92.69,85.37,53.87,89.81,91.82,86.25,86.38,81.53,72.06,5.62,203,5,6,-1,0.0
SELL,740,AGL,2026-07-28,91.36,48226607.31,2026-05-05,37.98,915874.03,2202991.42,2574234791.61,2572031800.19,140.41,57,ratchet-ATR exit,2026-07-27,98.4,99.96,44.65,96.05,110.28,108.79,98.4,92.96,120.38,5.53,84,5,6.6,-0.4,0.6
SELL,760,ATEX,2026-07-28,93.18,56356992.7,2026-06-23,78.66,2216423.39,2625672.29,818497800.75,815872128.46,18.41,24,ratchet-ATR exit,2026-07-27,92.82,86.37,46.43,91.64,98.72,87.97,93.64,90.86,99.91,2.97,175,5,5.0,-1,1.0
SELL,763,BAND,2026-07-28,56.41,85797921.29,2026-06-23,51.52,2210052.02,2419930.37,419756704.45,417336774.08,9.44,24,ratchet-ATR exit,2026-07-27,59.89,60.23,31.37,56.81,64.14,63.76,57.2,54.3,90.93,5.06,126,5,6,-1,0.0
SELL,768,DELL,2026-07-28,402.0,331836.31,2026-07-07,400.48,66447.13,66699.1,503943.69,437244.6,0.33,15,equal-weight sizing trim,2026-07-27,442.36,391.91,222.52,415.09,423.3,417.17,426.67,411.4,98.8,3.58,147,5,5.4,-1,0.6
SELL,770,FBRX,2026-07-28,76.55,42039846.11,2026-07-14,44.02,925297.01,1609075.11,1367556194.01,1365947118.9,73.81,10,equal-weight sizing trim,2026-07-27,76.44,41.89,27.37,76.44,53.87,28.88,76.53,70.89,179.26,7.37,21,5,7.7,1.7,1.6
SELL,776,ICHR,2026-07-28,73.0,65979530.51,2026-07-21,89.1,2939388.08,2408252.86,-1062270441.25,-1064678694.12,-18.11,5,rotation (out of top-N),2026-07-27,86.31,84.94,50.82,77.28,88.51,87.72,78.39,74.3,69.82,5.22,203,5,6,-1,0.0
SELL,774,LQDA,2026-07-28,85.97,6522354.55,2026-07-21,79.22,258350.46,280379.72,44058505.01,43778125.29,8.47,5,equal-weight sizing trim,2026-07-27,86.66,74.93,46.5,86.94,83.08,73.79,84.47,80.91,86.36,4.21,560,5,5.8,-1,0.2
SELL,775,MBX,2026-07-28,62.01,98110416.7,2026-07-21,59.92,2939388.08,3041668.19,204560218.82,201518550.63,3.43,5,rotation (out of top-N),2026-07-27,61.39,52.7,36.4,62.09,60.78,48.7,61.39,58.94,68.67,3.99,350,5,5.7,-1,0.3
BUY,783,AGL,2026-08-04,92.27,66391516.03,,,3062972.59,,,,,,,2026-08-03,94.03,98.88,46.51,92.79,99.98,109.37,94.03,89.83,102.19,4.47,91,5,6.5,-0.5,0.5
BUY,782,ATEX,2026-08-04,99.72,61431459.92,,,3062972.59,,,,,,,2026-08-03,95.64,88.06,48.32,93.87,94.34,91.11,95.64,92.82,97.94,2.95,182,5,5.0,-1,1.0
BUY,784,CORT,2026-08-04,113.45,53994492.83,,,3062972.59,,,,,,,2026-08-03,112.8,88.93,62.3,109.19,101.44,88.93,112.8,105.62,81.07,6.36,56,5,7.1,1.1,1.1
BUY,777,DD,2026-08-04,132.51,4663409.67,,,308985.87,,,,,,,2026-08-03,141.42,110.96,58.77,138.92,138.17,112.61,141.42,139.02,140.64,1.69,343,5,4.1,-1,1.9
BUY,770,FBRX,2026-08-04,76.71,3876997.07,,,148702.22,,,,,,,2026-08-03,76.6,48.2,28.96,76.7,68.32,36.22,76.6,76.43,164.49,0.23,28,5,4.7,1.5,4.4
BUY,774,LQDA,2026-08-04,87.12,2660104.96,,,115880.82,,,,,,,2026-08-03,83.81,76.55,47.99,82.05,84.07,77.08,83.81,81.4,74.64,2.87,567,5,4.9,-1,1.1
SELL,768,DELL,2026-08-04,447.4,776681.79,2026-07-07,400.48,155523.29,173743.72,36440862.2,36267118.48,11.66,20,equal-weight sizing trim,2026-08-03,471.82,406.44,230.29,406.41,411.91,412.6,429.12,406.55,104.88,5.26,154,5,6,-1,0.0
SELL,781,ICHR,2026-08-04,75.98,79676489.03,2026-07-28,73.0,2908191.85,3026909.82,237435937.3,234409027.48,4.03,5,rotation (out of top-N),2026-08-03,80.17,84.07,52.26,76.68,79.42,87.83,80.17,74.05,53.4,7.64,210,5,5.7,-0.7,0.0
SELL,780,MU,2026-08-04,865.55,6910363.32,2026-07-28,841.69,2908191.85,2990649.76,164915820.52,161925170.76,2.78,5,rotation (out of top-N),2026-08-03,829.01,910.24,560.33,791.48,870.16,976.62,830.38,757.31,47.95,8.8,420,5,5.4,-0.4,0.0
SELL,772,ORKA,2026-08-04,95.34,617396.13,2026-07-14,85.51,26398.06,29431.27,6066427.46,6036996.18,11.43,15,equal-weight sizing trim,2026-08-03,94.86,84.47,52.03,96.57,93.41,83.85,94.86,91.69,82.31,3.34,350,5,5.2,-1,0.8
SELL,778,SEZL,2026-08-04,167.41,1153046.85,2026-07-28,154.02,88796.14,96515.79,15439297.28,15342781.49,8.64,5,equal-weight sizing trim,2026-08-03,163.35,153.38,94.19,155.41,159.87,159.62,163.35,158.48,73.43,2.98,91,5,5.5,-0.5,1.5
SELL,771,SYRE,2026-08-04,97.62,59875093.42,2026-07-14,95.46,2857981.63,2922503.31,129043353.5,126120850.19,2.21,15,rotation (out of top-N),2026-08-03,95.17,91.76,56.11,96.43,98.52,91.81,95.17,92.02,69.62,3.31,294,5,5.2,-1,0.8
SELL,779,TWST,2026-08-04,106.12,9908377.57,2026-07-28,85.96,425862.07,525738.51,199752891.82,199227153.31,23.39,5,equal-weight sizing trim,2026-08-03,100.85,88.19,55.57,96.48,91.5,88.78,100.85,96.0,81.47,4.8,210,5,6,-1,0.0
BUY,785,EA,2026-08-05,209.7,300432444.8,,,31500341.84,,,,,,,2026-08-04,209.7,206.97,202.97,209.91,209.24,206.06,209.89,209.68,3.32,0.1,456,0.66,0.2,1.8,5.6
SELL,783,AGL,2026-08-05,95.08,66391516.03,2026-08-04,92.27,3062972.59,3156252.67,186560160.03,183403907.36,2.99,1,rotation (out of top-N),2026-08-04,94.03,98.88,46.51,90.92,98.33,109.24,94.76,90.27,102.19,4.74,92,5,6.5,-0.5,0.5
SELL,782,ATEX,2026-08-05,103.63,61431459.92,2026-08-04,99.72,3062972.59,3183071.1,240197008.3,237013937.21,3.87,1,rotation (out of top-N),2026-08-04,95.64,88.06,48.32,100.26,95.42,91.95,106.61,103.81,97.94,2.62,183,5,4.7,-1,1.3
SELL,784,CORT,2026-08-05,110.52,53994492.83,2026-08-04,113.45,3062972.59,2983735.67,-158473836.45,-161457572.12,-2.64,1,rotation (out of top-N),2026-08-04,112.8,88.93,62.3,109.97,102.99,89.86,109.76,102.04,81.07,7.03,57,5,7.0,1.0,1.1
SELL,777,DD,2026-08-05,143.73,46249108.01,2026-07-28,139.12,3217177.72,3323692.15,213028863.51,209705171.36,3.26,6,rotation (out of top-N),2026-08-04,141.42,110.96,58.77,137.89,138.12,114.89,142.87,138.85,140.64,2.81,344,5,4.9,-1,1.1
SELL,768,DELL,2026-08-05,462.68,13699172.3,2026-07-07,400.48,2743131.5,3169166.52,852070043.09,848900876.57,15.47,21,rotation (out of top-N),2026-08-04,471.82,406.44,230.29,455.19,419.78,414.12,467.0,447.99,104.88,4.07,155,5,5.7,-1,0.3
SELL,770,FBRX,2026-08-05,76.59,79896505.17,2026-07-14,45.61,1821891.6,3059636.67,2475490139.41,2472430502.74,67.85,16,rotation (out of top-N),2026-08-04,76.6,48.2,28.96,76.61,69.83,37.73,76.55,76.36,164.49,0.25,29,5,4.7,1.5,4.3
SELL,774,LQDA,2026-08-05,89.0,70345982.78,2026-07-21,79.52,2796918.44,3130396.23,666955581.88,663825185.65,11.87,11,rotation (out of top-N),2026-08-04,83.81,76.55,47.99,87.19,84.63,77.72,88.36,85.84,74.64,2.86,568,5,4.9,-1,1.1
SELL,772,ORKA,2026-08-05,99.37,64285815.91,2026-07-14,85.51,2748674.2,3194040.76,890733129.36,887539088.6,16.14,16,rotation (out of top-N),2026-08-04,94.86,84.47,52.03,95.0,93.7,84.73,98.08,95.1,82.31,3.04,351,5,5.0,-1,1.0
SELL,778,SEZL,2026-08-05,178.8,36610774.08,2026-07-28,154.02,2819395.71,3273003.2,907214981.67,903941978.47,16.03,6,rotation (out of top-N),2026-08-04,163.35,153.38,94.19,171.35,161.96,161.01,177.49,172.16,73.43,3.0,92,5,5.5,-0.5,1.5
SELL,779,TWST,2026-08-05,105.77,57755462.58,2026-07-28,85.96,2482329.78,3054397.64,1144135713.62,1141081315.98,22.98,6,rotation (out of top-N),2026-08-04,100.85,88.19,55.57,100.07,93.06,89.55,99.37,93.8,81.47,5.61,211,5,6,-1,0.0
BUY,794,AEHR,2026-08-11,105.23,59839588.6,,,3148459.95,,,,,,,2026-08-10,106.26,88.03,57.79,108.2,94.57,88.87,106.26,99.88,83.88,6.01,399,5,6,-1,0.0
BUY,791,AGL,2026-08-11,95.51,65929430.51,,,3148459.95,,,,,,,2026-08-10,97.28,98.59,48.52,96.5,98.03,108.68,97.28,91.05,100.48,6.41,98,5,6.4,-0.6,0.4
BUY,786,ATEX,2026-08-11,92.72,67913286.33,,,3148459.95,,,,,,,2026-08-10,92.79,88.92,50.18,98.51,97.64,95.0,92.79,90.43,84.9,2.55,189,5,4.7,-1,1.3
BUY,787,DD,2026-08-11,142.85,44080643.39,,,3148459.95,,,,,,,2026-08-10,141.61,116.53,61.33,142.61,141.53,124.7,141.61,139.75,130.91,1.32,350,5,3.9,-1,2.1
BUY,790,DELL,2026-08-11,449.13,14020261.19,,,3148459.95,,,,,,,2026-08-10,458.15,415.84,238.1,459.06,440.66,421.41,458.15,442.34,92.42,3.45,161,5,5.3,-1,0.7
BUY,789,FBRX,2026-08-11,76.83,81959129.35,,,3148459.95,,,,,,,2026-08-10,76.82,53.4,30.57,76.79,73.65,43.72,76.82,76.78,151.28,0.05,35,5,4.5,1.4,4.4
BUY,788,LQDA,2026-08-11,91.11,69109585.78,,,3148459.95,,,,,,,2026-08-10,91.14,79.2,49.61,89.51,87.63,80.11,91.14,89.3,83.71,2.02,574,5,4.3,-1,1.7
BUY,793,ORKA,2026-08-11,106.78,58973728.95,,,3148459.95,,,,,,,2026-08-10,105.13,88.22,53.97,100.28,96.7,88.04,105.13,102.68,94.81,2.33,357,5,4.6,-1,1.4
BUY,792,SYRE,2026-08-11,104.48,60269141.54,,,3148459.95,,,,,,,2026-08-10,105.31,94.22,58.18,106.17,102.41,95.38,105.31,103.83,81.01,1.41,301,5,3.9,-1,2.1
BUY,795,TWST,2026-08-11,123.25,51088555.5,,,3148459.95,,,,,,,2026-08-10,124.78,94.84,57.94,117.19,104.75,93.87,124.78,121.06,115.38,2.98,217,5,5.0,-1,1.0
SELL,785,EA,2026-08-11,209.7,300432444.8,2026-08-05,209.7,31500341.84,31500341.84,0.0,-31500341.84,-0.05,4,rotation (out of top-N),2026-08-10,209.7,207.47,203.2,209.7,209.49,206.74,209.86,209.78,3.2,0.04,462,0.64,0.2,1.8,5.7
BUY,791,AGL,2026-08-18,96.0,595244.15,,,28571.72,,,,,,,2026-08-17,96.22,98.16,50.57,96.22,95.77,106.59,96.22,93.31,90.27,3.02,105,5,5.3,-0.8,1.2
BUY,798,CORT,2026-08-18,118.29,53962331.17,,,3191602.08,,,,,,,2026-08-17,117.22,97.84,64.35,117.22,111.52,97.03,117.22,115.79,82.16,1.22,70,5,4.6,-0.2,3.0
BUY,787,DD,2026-08-18,141.71,985530.41,,,69829.76,,,,,,,2026-08-17,143.16,121.38,63.93,143.16,142.99,136.65,143.16,141.48,123.95,1.18,357,5,3.8,-1,2.2
BUY,789,FBRX,2026-08-18,76.87,1120801.1,,,43077.99,,,,,,,2026-08-17,76.88,57.67,32.14,76.88,75.68,51.13,76.88,76.86,139.2,0.03,42,5,4.3,1.3,4.3
BUY,797,HPE,2026-08-18,55.86,114271467.14,,,3191602.08,,,,,,,2026-08-17,57.62,48.94,32.11,57.62,55.16,48.55,57.62,56.58,79.47,1.82,140,5,4.2,-1,1.8
BUY,796,MXL,2026-08-18,78.95,80851224.25,,,3191602.08,,,,,,,2026-08-17,84.85,76.53,47.22,84.85,76.82,82.92,84.85,81.87,79.67,3.51,357,5,5.3,-1,0.7
BUY,793,ORKA,2026-08-18,110.66,0.0,,,0.0,,,,,,,2026-08-17,112.69,92.67,56.11,112.69,104.71,92.85,112.69,110.82,100.85,1.66,364,5,4.1,-1,1.9
BUY,795,TWST,2026-08-18,121.61,1423969.45,,,86588.02,,,,,,,2026-08-17,124.39,100.21,60.37,124.39,116.05,98.88,124.39,121.93,106.02,1.97,224,5,4.3,-1,1.7
SELL,794,AEHR,2026-08-18,136.44,13033935.38,2026-08-11,105.23,685780.51,889207.66,406854292.93,405965085.28,29.6,5,equal-weight sizing trim,2026-08-17,145.56,98.49,60.92,145.56,117.62,90.89,145.56,139.59,138.93,4.1,406,5,5.7,-1,0.3
SELL,786,ATEX,2026-08-18,88.5,67913286.33,2026-08-11,92.72,3148459.95,3005162.92,-286594068.3,-289599231.22,-4.6,5,rotation (out of top-N),2026-08-17,91.77,89.44,51.91,91.77,93.13,96.37,91.77,89.43,76.77,2.54,196,5,4.7,-1,1.3
SELL,790,DELL,2026-08-18,471.34,470812.06,2026-08-11,449.13,105727.91,110956.28,10456735.84,10345779.56,4.89,5,equal-weight sizing trim,2026-08-17,479.75,427.46,246.78,479.75,464.1,429.71,479.75,469.79,94.41,2.08,168,5,4.4,-1,1.6
SELL,788,LQDA,2026-08-18,76.4,69109585.78,2026-08-11,91.11,3148459.95,2639986.18,-1016947554.74,-1019587540.92,-16.19,5,rotation (out of top-N),2026-08-17,77.78,78.94,50.86,77.78,82.04,81.37,77.78,75.73,52.94,2.63,581,5,4.4,-0.6,1.2
SELL,793,ORKA,2026-08-18,110.66,1261842.51,2026-08-11,106.78,67366.62,69817.75,4902258.14,4832440.4,3.59,5,equal-weight sizing trim,2026-08-17,112.69,92.67,56.11,112.69,104.71,92.85,112.69,110.82,100.85,1.66,364,5,4.1,-1,1.9
SELL,792,SYRE,2026-08-18,102.25,60269141.54,2026-08-11,104.48,3148459.95,3081259.86,-134400185.64,-137481445.5,-2.18,5,rotation (out of top-N),2026-08-17,104.67,96.12,60.21,104.67,103.26,97.76,104.67,103.54,73.84,1.07,308,5,3.7,-1,2.3
BUY,791,AGL,2026-08-25,96.27,0.0,,,0.0,,,,,,,2026-08-24,93.5,97.31,52.52,93.5,94.85,104.5,93.5,90.68,78.04,3.01,112,5,5.1,-0.9,1.1
BUY,803,ATEX,2026-08-25,93.64,65623952.82,,,3072513.47,,,,,,,2026-08-24,90.5,89.63,53.67,90.5,91.37,97.45,90.5,86.65,68.62,4.25,203,5,5.8,-1,0.2
BUY,802,CAKE,2026-08-25,114.68,53584120.53,,,3072513.47,,,,,,,2026-08-24,114.65,96.25,67.74,114.65,109.31,94.16,114.65,112.77,69.25,1.64,203,5,4.1,-1,1.9
BUY,790,DELL,2026-08-25,442.89,332163.46,,,73555.94,,,,,,,2026-08-24,432.8,428.43,254.56,432.8,449.63,433.22,432.8,420.93,70.02,2.74,175,5,4.8,-1,1.2
BUY,799,MAN,2026-08-25,61.76,99498493.23,,,3072513.47,,,,,,,2026-08-24,61.4,50.82,34.5,61.4,58.88,49.99,61.4,60.44,77.96,1.57,77,5,4.8,-0.3,2.7
BUY,801,MRNA,2026-08-25,144.03,42664909.69,,,3072513.47,,,,,,,2026-08-24,138.82,74.53,51.31,138.82,109.49,72.41,138.82,128.24,170.55,7.62,252,5,6,-1,0.0
BUY,800,SYRE,2026-08-25,108.5,56636193.02,,,3072513.47,,,,,,,2026-08-24,108.22,98.32,62.31,106.63,105.79,99.69,106.63,104.95,73.69,1.57,315,5,4.0,-1,2.0
SELL,794,AEHR,2026-08-25,98.5,46805653.22,2026-08-11,105.23,2462679.44,2305178.42,-315002046.15,-317307224.57,-6.44,10,rotation (out of top-N),2026-08-24,96.48,98.13,62.82,96.48,109.56,91.76,96.48,92.3,53.57,4.34,413,5,5.6,-0.7,0.1
SELL,791,AGL,2026-08-25,96.27,2661570.96,2026-08-11,95.51,127109.16,128114.72,2011124.59,1883009.87,0.74,10,equal-weight sizing trim,2026-08-24,93.5,97.31,52.52,93.5,94.85,104.5,93.5,90.68,78.04,3.01,112,5,5.1,-0.9,1.1
SELL,798,CORT,2026-08-25,125.17,4846285.7,2026-08-18,118.29,286633.57,303316.91,33366677.02,33063360.11,5.77,5,equal-weight sizing trim,2026-08-24,123.28,102.47,65.5,123.28,117.59,101.76,123.28,121.28,88.22,1.62,77,5,4.8,-0.3,2.6
SELL,787,DD,2026-08-25,137.18,45066173.8,2026-08-11,142.83,3218289.71,3090976.2,-254627031.63,-257718007.82,-4.0,10,ratchet-ATR exit,2026-08-24,136.74,124.17,66.39,136.74,139.97,138.94,136.74,135.67,105.95,0.78,364,5,3.5,-1,2.5
SELL,789,FBRX,2026-08-25,76.95,3182581.62,2026-08-11,76.83,122259.73,122449.83,380192.39,257742.56,0.11,10,equal-weight sizing trim,2026-08-24,76.94,61.17,33.6,76.94,76.46,58.38,76.94,76.92,128.99,0.02,49,5,4.2,1.2,4.2
SELL,797,HPE,2026-08-25,53.28,114271467.14,2026-08-18,55.86,3191602.08,3044477.56,-294249027.89,-297293505.45,-4.66,5,rotation (out of top-N),2026-08-24,52.44,49.58,32.91,52.44,54.11,49.35,52.44,51.16,59.33,2.44,147,5,4.6,-1.0,1.4
SELL,796,MXL,2026-08-25,66.23,80851224.25,2026-08-18,78.95,3191602.08,2677590.42,-1028023316.34,-1030700906.76,-16.15,5,rotation (out of top-N),2026-08-24,62.71,74.02,48.45,62.71,70.21,79.78,62.71,60.63,29.43,3.31,364,5,3.7,0.5,0.9
SELL,793,ORKA,2026-08-25,105.88,57711886.44,2026-08-11,106.78,3081093.34,3055267.27,-51652138.36,-54707405.63,-0.89,10,ratchet-ATR exit,2026-08-24,102.41,94.44,57.94,102.41,106.4,95.67,102.41,100.11,76.76,2.25,371,5,4.5,-1,1.5
SELL,795,TWST,2026-08-25,144.47,9956278.03,2026-08-11,123.21,613359.14,719191.74,211665208.86,210946017.12,17.2,10,equal-weight sizing trim,2026-08-24,140.66,107.57,63.18,140.66,130.4,104.54,140.66,136.32,122.65,3.09,231,5,5.1,-1,0.9
BUY,805,DD,2026-09-01,134.03,43583801.53,,,2920877.42,,,,,,,2026-08-31,134.57,126.06,68.77,134.57,137.82,138.88,134.57,133.28,95.68,0.96,371,5,3.6,-1,2.4
BUY,806,DK,2026-09-01,76.44,76422747.74,,,2920877.42,,,,,,,2026-08-31,74.39,63.25,44.87,74.39,70.1,64.38,74.39,72.48,65.8,2.57,455,5,4.7,-1,1.3
BUY,801,MRNA,2026-09-01,139.4,0.0,,,0.0,,,,,,,2026-08-31,140.4,86.51,54.17,140.4,130.37,81.08,140.4,135.47,159.17,3.51,259,5,5.3,-1,0.7
BUY,804,OKTA,2026-09-01,170.53,34257468.63,,,2920877.42,,,,,,,2026-08-31,173.05,142.53,102.72,173.05,151.64,145.08,173.05,169.63,68.48,1.98,98,5,4.7,-0.6,2.0
BUY,809,PAYC,2026-09-01,241.42,24197476.75,,,2920877.42,,,,,,,2026-08-31,239.35,190.13,146.74,239.35,229.07,183.61,239.35,237.27,63.11,0.87,28,5,5.1,1.5,4.0
BUY,807,PBF,2026-09-01,75.46,77415250.96,,,2920877.42,,,,,,,2026-08-31,73.0,64.05,44.17,73.0,71.11,65.58,73.0,71.51,65.26,2.05,378,5,4.4,-1,1.6
BUY,808,TEAM,2026-09-01,191.01,30583502.63,,,2920877.42,,,,,,,2026-08-31,194.11,136.05,106.06,194.11,175.55,125.72,194.11,190.2,83.02,2.02,14,5,6.1,1.8,3.4
BUY,795,TWST,2026-09-01,135.5,577613.03,,,39133.28,,,,,,,2026-08-31,139.1,113.3,65.85,139.1,139.77,110.25,139.1,135.3,111.22,2.73,238,5,4.8,-1,1.2
SELL,791,AGL,2026-09-01,89.06,63863103.69,2026-08-11,95.51,3049922.52,2843664.35,-412516334.63,-415359998.98,-6.81,15,rotation (out of top-N),2026-08-31,87.77,95.58,54.3,88.42,93.42,102.34,88.42,85.75,61.65,3.02,119,5,5.0,-1.0,1.0
SELL,803,ATEX,2026-09-01,90.04,65623952.82,2026-08-25,93.64,3072513.47,2954390.36,-236246230.16,-239200620.51,-3.89,5,rotation (out of top-N),2026-08-31,86.05,88.98,55.31,90.69,92.3,96.08,90.69,89.03,55.59,1.83,210,5,4.0,-0.8,1.8
SELL,802,CAKE,2026-09-01,108.45,53584120.53,2026-08-25,114.68,3072513.47,2905598.94,-333829070.89,-336734669.83,-5.48,5,rotation (out of top-N),2026-08-31,109.45,98.65,69.29,109.45,111.1,98.37,109.45,107.99,57.95,1.33,210,5,3.8,-0.9,2.1
SELL,798,CORT,2026-09-01,113.85,49116045.48,2026-08-18,118.29,2904968.51,2795930.89,-218075241.92,-220871172.81,-3.8,10,ratchet-ATR exit,2026-08-31,113.33,104.44,66.35,113.33,117.47,105.46,113.33,111.66,70.81,1.48,84,5,4.6,-0.4,2.6
SELL,790,DELL,2026-09-01,458.8,1142560.33,2026-08-11,448.98,256493.76,262103.34,11219157.08,10957053.74,2.14,15,equal-weight sizing trim,2026-08-31,456.99,433.62,262.68,456.99,455.62,439.24,456.99,447.46,73.98,2.09,182,5,4.4,-1,1.6
SELL,789,FBRX,2026-09-01,76.99,79897348.83,2026-08-11,76.83,3069278.21,3075648.44,12740461.17,9664812.73,0.16,15,rotation (out of top-N),2026-08-31,76.94,61.17,33.6,76.99,76.75,63.96,77.0,77.0,128.99,0.0,56,5,4.1,1.1,4.1
SELL,799,MAN,2026-09-01,62.55,6050940.65,2026-08-25,61.76,186853.05,189228.04,4749988.41,4560760.37,1.22,5,equal-weight sizing trim,2026-08-31,62.93,53.03,35.39,62.93,61.04,53.15,62.93,62.26,77.82,1.07,84,5,4.3,-0.4,2.9
SELL,801,MRNA,2026-09-01,139.4,737526.79,2026-08-25,144.03,53112.99,51405.62,-3414749.02,-3466154.64,-3.26,5,equal-weight sizing trim,2026-08-31,140.4,86.51,54.17,140.4,130.37,81.08,140.4,135.47,159.17,3.51,259,5,5.3,-1,0.7
SELL,800,SYRE,2026-09-01,88.17,56636193.02,2026-08-25,108.5,3072513.47,2496664.98,-1151696984.97,-1154193649.95,-18.78,5,rotation (out of top-N),2026-08-31,89.25,96.67,63.79,89.25,98.02,100.5,89.25,87.29,39.91,2.2,322,5,3.5,0.0,1.5
BUY,810,APGE,2026-09-03,135.07,429781663.73,,,29025304.66,,,,,,,2026-09-02,135.07,130.09,94.81,135.08,134.92,134.42,135.08,135.05,42.46,0.02,331,5,2.1,-0.1,3.0
SELL,805,DD,2026-09-03,133.8,43583801.53,2026-09-01,134.03,2920877.42,2915756.32,-10242193.36,-13157949.68,-0.23,2,rotation (out of top-N),2026-09-02,134.57,126.06,68.77,132.84,136.05,138.58,132.91,131.72,95.68,0.9,373,5,3.6,-1,2.4
SELL,790,DELL,2026-09-03,484.61,12739052.26,2026-08-11,448.98,2859794.22,3086736.06,453883675.44,450796939.38,7.88,17,rotation (out of top-N),2026-09-02,456.99,433.62,262.68,473.2,454.21,440.44,492.21,471.34,73.98,4.24,184,5,5.8,-1,0.2
SELL,806,DK,2026-09-03,71.78,76422747.74,2026-09-01,76.44,2920877.42,2742621.36,-356512118.23,-359254739.59,-6.15,2,rotation (out of top-N),2026-09-02,74.39,63.25,44.87,73.75,71.25,65.35,71.44,69.34,65.8,2.93,457,5,5.0,-1,1.0
SELL,799,MAN,2026-09-03,59.81,93447552.58,2026-08-25,61.76,2885660.42,2794549.06,-182222727.53,-185017276.59,-3.21,7,rotation (out of top-N),2026-09-02,62.93,53.03,35.39,60.2,60.91,54.26,60.2,59.54,77.82,1.1,86,5,4.3,-0.4,2.8
SELL,801,MRNA,2026-09-03,145.94,41927382.9,2026-08-25,144.03,3019400.48,3059545.95,80290938.25,77231392.3,1.28,7,rotation (out of top-N),2026-09-02,140.4,86.51,54.17,154.6,138.31,84.96,150.82,146.22,159.17,3.05,261,5,5.0,-1,1.0
SELL,804,OKTA,2026-09-03,166.73,34257468.63,2026-09-01,170.53,2920877.42,2855873.87,-130007093.44,-132862967.31,-2.27,2,rotation (out of top-N),2026-09-02,173.05,142.53,102.72,164.5,156.19,145.98,163.18,159.65,68.48,2.16,100,5,4.8,-0.7,1.9
SELL,809,PAYC,2026-09-03,240.11,24197476.75,2026-09-01,241.42,2920877.42,2905028.07,-31698694.55,-34603722.62,-0.59,2,rotation (out of top-N),2026-09-02,239.35,190.13,146.74,239.05,232.21,188.48,235.76,234.55,63.11,0.51,30,5,4.8,1.5,4.2
SELL,807,PBF,2026-09-03,74.5,77415250.96,2026-09-01,75.46,2920877.42,2883718.1,-74318640.92,-77202359.02,-1.32,2,rotation (out of top-N),2026-09-02,73.0,64.05,44.17,77.44,72.84,66.85,75.47,74.08,65.26,1.85,380,5,4.2,-1,1.8
SELL,808,TEAM,2026-09-03,191.46,30583502.63,2026-09-01,191.01,2920877.42,2927758.71,13762576.18,10834817.48,0.19,2,rotation (out of top-N),2026-09-02,194.11,136.05,106.06,187.91,179.54,130.76,186.51,183.76,83.02,1.48,16,5,5.7,1.7,3.7
SELL,795,TWST,2026-09-03,133.27,43133859.95,2026-08-11,123.38,2660822.12,2874224.76,426805275.3,423931050.54,7.97,17,rotation (out of top-N),2026-09-02,139.1,113.3,65.85,136.32,138.0,112.45,131.0,126.8,111.22,3.2,240,5,5.1,-1,0.9
SELL,810,APGE,2026-09-11,135.08,429781663.73,2026-09-03,135.07,29025304.66,,4297816.64,4297816.64,0.01,5,end-of-sample mark-to-market,,,,,,,,,,,,,,,,
