kind,trade_id,symbol,exec_date,exec_price,shares,buy_date,buy_price,buy_fee,sell_fee,gross_pnl,net_pnl,net_return_pct,hold_days,exit_reason,sig_sig_date,sig_sig_w_close,sig_sig_w_ema,sig_sig_w_sma,sig_sig_d_close,sig_sig_d_ema,sig_sig_d_sma,sig_sig_h_close,sig_sig_h_atr,sig_gap_w,sig_atr_dist,sig_freshness_days,sig_emasma_score,sig_mtf_score,sig_early_score,sig_near_score
BUY,3,AMBA,2021-09-21,145.81,27.42,,,2.0,,,,,,,2021-09-20,162.95,128.07,107.07,145.02,143.56,112.98,,,52.19,,21,5,,2.0,
BUY,4,AMR,2021-09-21,42.55,93.96,,,2.0,,,,,,,2021-09-20,45.38,38.45,20.68,43.61,46.71,36.19,,,119.49,,999,5,,-1,
BUY,1,BNTX,2021-09-21,341.69,11.7,,,2.0,,,,,,,2021-09-20,330.38,326.02,199.02,336.0,345.29,350.28,,,66.0,,999,5,,-1,
BUY,21,CAR,2021-09-21,91.86,43.52,,,2.0,,,,,,,2021-09-20,106.1,87.74,69.05,90.18,88.33,84.4,,,53.66,,999,5,,-0.7,
BUY,15,CNR,2021-09-21,22.24,179.77,,,2.0,,,,,,,2021-09-20,22.68,21.08,13.51,21.85,23.08,21.02,,,67.92,,999,5,,-1,
BUY,11,CROX,2021-09-21,153.0,26.13,,,2.0,,,,,,,2021-09-20,156.3,141.98,102.27,151.8,149.01,142.0,,,52.83,,999,5,,-0.6,
BUY,23,CRVL,2021-09-21,58.53,68.31,,,2.0,,,,,,,2021-09-20,62.17,54.53,41.89,58.16,57.17,52.84,,,48.4,,999,5,,-0.4,
BUY,2,DDOG,2021-09-21,143.34,27.89,,,2.0,,,,,,,2021-09-20,147.32,132.31,104.62,142.34,140.02,130.56,,,40.81,,84,5,,0.6,
BUY,8,DDS,2021-09-21,157.63,25.36,,,2.0,,,,,,,2021-09-20,161.67,149.96,101.55,155.16,155.25,149.36,,,59.21,,999,5,,-1.0,
BUY,7,DKS,2021-09-21,119.76,33.38,,,2.0,,,,,,,2021-09-20,117.74,108.04,78.51,118.25,118.22,104.09,,,49.97,,999,5,,-0.5,
BUY,9,EMBJ,2021-09-21,15.58,256.61,,,2.0,,,,,,,2021-09-20,17.63,15.86,11.85,15.13,16.01,15.58,,,48.75,,999,5,,-0.4,
BUY,16,FTNT,2021-09-21,59.93,66.71,,,2.0,,,,,,,2021-09-20,62.34,59.36,44.07,59.43,60.64,60.08,,,41.46,,999,5,,-0.1,
BUY,20,HRI,2021-09-21,118.26,33.81,,,2.0,,,,,,,2021-09-20,146.68,120.02,94.15,114.45,117.04,115.79,,,55.79,,999,5,,-0.8,
BUY,12,IDT,2021-09-21,40.07,99.78,,,2.0,,,,,,,2021-09-20,43.94,44.66,30.17,39.89,43.85,47.11,,,45.63,,999,5,,-0.3,
BUY,25,IT,2021-09-21,314.31,12.72,,,2.0,,,,,,,2021-09-20,324.69,299.04,225.11,311.98,312.14,299.18,,,44.24,,999,5,,-0.2,
BUY,19,LEU,2021-09-21,32.98,121.22,,,2.0,,,,,,,2021-09-20,35.75,29.96,24.96,32.12,34.45,27.41,,,43.2,,999,5,,-0.2,
BUY,22,MDB,2021-09-21,494.1,8.09,,,2.0,,,,,,,2021-09-20,507.94,441.17,359.01,488.78,484.98,406.94,,,41.48,,98,5,,0.3,
BUY,14,MRNA,2021-09-21,423.01,9.45,,,2.0,,,,,,,2021-09-20,430.01,387.45,226.77,423.49,426.91,400.35,,,89.62,,999,5,,-1,
BUY,24,NET,2021-09-21,128.99,30.99,,,2.0,,,,,,,2021-09-20,130.37,122.49,92.85,127.22,128.44,123.22,,,40.41,,999,5,,-0.0,
BUY,17,PCTY,2021-09-21,281.13,14.22,,,2.0,,,,,,,2021-09-20,297.77,256.08,204.39,278.83,271.51,248.69,,,45.69,,56,5,,1.8,
BUY,6,PVLA,2021-09-21,440.8,9.07,,,2.0,,,,,,,2021-09-20,450.8,384.73,259.16,439.2,440.28,355.68,,,73.95,,105,5,,-0.8,
BUY,13,RGEN,2021-09-21,309.01,12.94,,,2.0,,,,,,,2021-09-20,323.34,276.37,218.17,306.36,297.14,268.35,,,48.21,,63,5,,0.5,
BUY,10,SITM,2021-09-21,220.0,18.17,,,2.0,,,,,,,2021-09-20,235.62,199.21,131.76,217.43,220.07,193.5,,,78.83,,98,5,,-0.6,
BUY,18,SPSC,2021-09-21,153.66,26.02,,,2.0,,,,,,,2021-09-20,167.84,134.15,109.32,150.58,143.9,124.95,,,53.53,,49,5,,1.5,
BUY,5,TEAM,2021-09-21,408.86,9.78,,,2.0,,,,,,,2021-09-20,414.1,359.48,266.92,401.18,390.45,348.75,,,55.14,,999,5,,-0.8,
BUY,27,AEHR,2021-09-28,14.34,267.76,,,1.92,,,,,,,2021-09-27,12.65,9.58,4.18,15.07,12.4,8.16,,,202.88,,999,5,,-1,
BUY,32,ATLC,2021-09-28,51.92,73.95,,,1.92,,,,,,,2021-09-27,54.49,51.02,37.55,53.16,52.2,51.65,,,45.11,,999,5,,-0.3,
BUY,33,CYTK,2021-09-28,34.12,112.54,,,1.92,,,,,,,2021-09-27,36.73,31.74,24.88,34.93,33.37,31.92,,,47.63,,999,5,,-0.4,
BUY,29,DAC,2021-09-28,67.76,56.67,,,1.92,,,,,,,2021-09-27,67.36,64.6,47.81,67.35,66.16,64.9,,,40.89,,999,5,,-0.0,
BUY,28,DVN,2021-09-28,28.67,133.93,,,1.92,,,,,,,2021-09-27,29.61,24.33,19.66,28.16,25.13,22.67,,,50.59,,999,5,,-0.5,
BUY,34,MCB,2021-09-28,85.63,44.84,,,1.92,,,,,,,2021-09-27,85.5,77.04,59.9,86.32,79.8,76.47,,,42.73,,999,5,,-0.1,
BUY,26,MTDR,2021-09-28,33.53,114.52,,,1.92,,,,,,,2021-09-27,36.56,29.56,24.67,33.57,29.91,26.91,,,48.21,,999,5,,-0.4,
BUY,30,PDS,2021-09-28,39.5,97.21,,,1.92,,,,,,,2021-09-27,40.88,35.0,29.45,38.25,34.91,32.92,,,38.79,,999,5,,0.1,
BUY,31,RRR,2021-09-28,40.68,94.39,,,1.92,,,,,,,2021-09-27,42.58,36.92,29.81,41.32,38.68,35.36,,,42.86,,999,5,,-0.1,
BUY,35,VIST,2021-09-28,4.65,825.75,,,1.92,,,,,,,2021-09-27,5.45,4.51,3.44,4.59,4.4,4.53,,,58.37,,999,5,,-0.9,
SELL,1,BNTX,2021-09-28,290.45,11.7,2021-09-21,341.69,2.0,1.7,-599.54,-601.24,-15.04,5,rotation (out of top-N),2021-09-27,251.96,312.56,202.93,304.21,334.64,354.0,,,24.16,,999,4.83,,0.8,
SELL,11,CROX,2021-09-28,151.54,26.13,2021-09-21,153.0,2.0,1.98,-38.15,-40.13,-1.0,5,rotation (out of top-N),2021-09-27,140.98,141.8,104.23,153.34,153.55,144.93,,,35.26,,999,5,,0.2,
SELL,2,DDOG,2021-09-28,139.12,27.89,2021-09-21,143.34,2.0,1.94,-117.7,-119.64,-2.99,5,rotation (out of top-N),2021-09-27,144.6,134.54,105.58,142.13,143.7,135.01,,,36.96,,91,5,,0.6,
SELL,8,DDS,2021-09-28,155.64,25.36,2021-09-21,157.63,2.0,1.97,-50.47,-52.45,-1.31,5,rotation (out of top-N),2021-09-27,136.55,147.52,103.86,158.45,158.55,151.61,,,31.47,,999,5,,0.4,
SELL,7,DKS,2021-09-28,117.22,33.38,2021-09-21,119.76,2.0,1.96,-84.79,-86.75,-2.17,5,rotation (out of top-N),2021-09-27,109.14,108.24,80.06,117.27,118.66,107.87,,,36.33,,999,5,,0.2,
SELL,16,FTNT,2021-09-28,59.43,66.71,2021-09-21,59.93,2.0,1.98,-33.36,-35.34,-0.88,5,rotation (out of top-N),2021-09-27,59.57,59.4,44.81,60.11,60.89,60.89,,,32.94,,999,5,,0.4,
SELL,25,IT,2021-09-28,310.7,12.72,2021-09-21,314.31,2.0,1.98,-45.86,-47.83,-1.2,5,rotation (out of top-N),2021-09-27,305.62,300.23,228.78,314.95,316.04,305.93,,,33.59,,999,5,,0.3,
SELL,22,MDB,2021-09-28,471.04,8.09,2021-09-21,494.1,2.0,1.91,-186.59,-188.5,-4.71,5,rotation (out of top-N),2021-09-27,474.74,447.27,361.42,482.29,494.32,424.44,,,31.35,,105,5,,0.7,
SELL,24,NET,2021-09-28,118.56,30.99,2021-09-21,128.99,2.0,1.84,-323.27,-325.11,-8.13,5,rotation (out of top-N),2021-09-27,114.94,121.12,93.6,122.78,129.58,124.85,,,22.8,,999,4.56,,0.9,
SELL,13,RGEN,2021-09-28,300.15,12.94,2021-09-21,309.01,2.0,1.94,-114.57,-116.51,-2.91,5,rotation (out of top-N),2021-09-27,280.89,277.19,220.31,307.23,309.14,279.04,,,27.5,,70,5,,1.5,
BUY,39,DDS,2021-10-05,145.06,26.25,,,1.9,,,,,,,2021-10-04,154.92,148.86,106.51,143.87,149.24,152.98,,,45.44,,999,5,,-0.3,
BUY,41,FANG,2021-10-05,85.55,44.51,,,1.9,,,,,,,2021-10-04,89.48,71.89,63.49,84.17,76.07,64.93,,,40.93,,999,5,,-0.0,
BUY,43,HCI,2021-10-05,106.34,35.81,,,1.9,,,,,,,2021-10-04,120.54,102.29,77.37,105.2,102.11,100.16,,,55.79,,999,5,,-0.8,
BUY,44,NET,2021-10-05,117.29,32.47,,,1.9,,,,,,,2021-10-04,139.66,124.49,95.19,115.72,119.77,124.12,,,46.72,,999,5,,-0.3,
BUY,42,OVV,2021-10-05,31.63,120.39,,,1.9,,,,,,,2021-10-04,34.11,27.25,22.85,31.11,28.72,24.7,,,49.29,,999,5,,-0.5,
BUY,37,PVLA,2021-10-05,410.4,9.28,,,1.9,,,,,,,2021-10-04,379.2,388.67,268.59,412.8,427.61,392.85,,,41.18,,119,5,,-0.0,
BUY,40,SITM,2021-10-05,204.24,18.64,,,1.9,,,,,,,2021-10-04,215.03,203.61,136.91,200.7,210.61,211.59,,,57.06,,112,5,,-0.7,
BUY,36,TEAM,2021-10-05,386.22,9.86,,,1.9,,,,,,,2021-10-04,390.68,370.05,274.6,382.52,391.74,371.27,,,42.27,,999,5,,-0.1,
BUY,38,XENE,2021-10-05,32.17,118.37,,,1.9,,,,,,,2021-10-04,32.85,19.79,17.97,31.57,18.61,17.33,,,82.84,,0,5,,2.0,
SELL,3,AMBA,2021-10-05,151.22,27.42,2021-09-21,145.81,2.0,2.07,148.48,146.41,3.66,10,rotation (out of top-N),2021-10-04,154.19,136.65,110.16,148.76,153.73,127.91,,,39.97,,35,5,,2.4,
SELL,23,CRVL,2021-10-05,64.47,68.31,2021-09-21,58.53,2.0,2.2,405.74,403.54,10.09,10,rotation (out of top-N),2021-10-04,56.81,56.18,43.12,63.74,61.6,56.08,,,31.75,,999,5,,0.4,
SELL,29,DAC,2021-10-05,59.53,56.67,2021-09-28,67.76,1.92,1.69,-466.37,-468.05,-12.19,5,rotation (out of top-N),2021-10-04,59.27,63.63,48.86,58.32,65.23,65.94,,,21.31,,999,4.26,,0.9,
SELL,14,MRNA,2021-10-05,330.8,9.45,2021-09-21,423.01,2.0,1.56,-871.51,-873.07,-21.84,10,rotation (out of top-N),2021-10-04,304.93,365.43,237.21,325.81,383.19,407.51,,,28.55,,999,5,,0.6,
SELL,17,PCTY,2021-10-05,278.15,14.22,2021-09-21,281.13,2.0,1.98,-42.38,-44.36,-1.11,10,rotation (out of top-N),2021-10-04,275.43,263.88,207.88,274.36,281.47,267.71,,,32.49,,70,5,,1.2,
SELL,6,PVLA,2021-10-05,410.4,9.07,2021-09-21,440.8,2.0,1.86,-275.72,-277.59,-6.94,10,ratchet-ATR exit,2021-10-04,379.2,388.67,268.59,412.8,427.61,392.85,,,41.18,,119,5,,-0.0,
SELL,31,RRR,2021-10-05,43.13,94.39,2021-09-28,40.68,1.92,2.04,231.25,229.22,5.97,5,rotation (out of top-N),2021-10-04,42.73,37.98,30.38,42.99,40.79,36.57,,,40.67,,999,5,,-0.0,
SELL,10,SITM,2021-10-05,204.24,18.17,2021-09-21,220.0,2.0,1.86,-286.4,-288.26,-7.21,10,ratchet-ATR exit,2021-10-04,215.03,203.61,136.91,200.7,210.61,211.59,,,57.06,,112,5,,-0.7,
SELL,5,TEAM,2021-10-05,386.22,9.78,2021-09-21,408.86,2.0,1.89,-221.34,-223.23,-5.58,10,ratchet-ATR exit,2021-10-04,390.68,370.05,274.6,382.52,391.74,371.27,,,42.27,,999,5,,-0.1,
BUY,45,AMBA,2021-10-12,150.87,26.14,,,1.97,,,,,,,2021-10-11,167.14,142.2,111.84,150.61,153.2,134.41,,,49.45,,42,5,,1.8,
BUY,46,KNTK,2021-10-12,29.21,135.01,,,1.97,,,,,,,2021-10-11,30.17,25.05,20.82,28.52,26.31,23.3,,,44.93,,999,5,,-0.2,
BUY,48,NRP,2021-10-12,20.15,195.71,,,1.97,,,,,,,2021-10-11,20.34,17.24,14.12,19.9,18.45,16.21,,,44.07,,999,5,,-0.2,
BUY,47,RRR,2021-10-12,43.79,90.06,,,1.97,,,,,,,2021-10-11,45.4,39.33,31.01,43.36,42.2,37.66,,,46.41,,999,5,,-0.3,
SELL,41,FANG,2021-10-12,90.01,44.51,2021-10-05,85.55,1.9,2.0,198.52,196.52,5.16,5,rotation (out of top-N),2021-10-11,88.06,74.83,64.56,90.15,83.36,67.9,,,36.4,,999,5,,0.2,
SELL,43,HCI,2021-10-12,125.45,35.81,2021-10-05,106.34,1.9,2.25,684.33,682.08,17.91,5,rotation (out of top-N),2021-10-11,112.73,104.19,78.99,125.3,113.24,102.0,,,42.71,,999,5,,-0.1,
SELL,34,MCB,2021-10-12,83.92,44.84,2021-09-28,85.63,1.92,1.88,-76.68,-78.56,-2.05,10,rotation (out of top-N),2021-10-11,87.06,80.21,62.41,85.54,84.51,79.2,,,39.49,,999,5,,0.0,
SELL,37,PVLA,2021-10-12,378.4,9.28,2021-10-05,410.4,1.9,1.76,-296.92,-298.68,-7.84,5,rotation (out of top-N),2021-10-11,362.0,383.82,271.98,377.2,399.96,402.85,,,33.1,,126,5,,0.3,
BUY,51,BX,2021-10-19,105.99,41.05,,,2.18,,,,,,,2021-10-18,116.71,104.32,81.2,105.03,101.55,104.38,,,43.72,,999,5,,-0.2,
BUY,49,DDOG,2021-10-19,157.05,27.7,,,2.18,,,,,,,2021-10-18,162.31,143.24,109.55,157.37,149.57,141.45,,,48.16,,112,5,,-0.3,
BUY,52,HCI,2021-10-19,113.53,38.32,,,2.18,,,,,,,2021-10-18,121.07,107.26,80.8,112.44,114.75,104.28,,,49.83,,999,5,,-0.5,
BUY,50,HUBS,2021-10-19,800.72,5.43,,,2.18,,,,,,,2021-10-18,816.52,717.23,569.84,803.1,748.14,698.2,,,43.29,,999,5,,-0.2,
BUY,53,MCB,2021-10-19,88.17,49.34,,,2.18,,,,,,,2021-10-18,94.36,82.78,63.82,87.5,85.91,80.61,,,47.84,,999,5,,-0.4,
SELL,33,CYTK,2021-10-19,35.6,112.54,2021-09-28,34.12,1.92,2.0,166.55,164.55,4.29,15,rotation (out of top-N),2021-10-18,37.06,34.24,26.15,35.8,36.74,34.03,,,41.73,,999,5,,-0.1,
SELL,9,EMBJ,2021-10-19,18.14,256.61,2021-09-21,15.58,2.0,2.33,656.92,654.6,16.37,20,rotation (out of top-N),2021-10-18,17.04,16.93,12.97,18.45,18.18,17.09,,,31.41,,999,5,,0.4,
SELL,12,IDT,2021-10-19,48.41,99.78,2021-09-21,40.07,2.0,2.42,832.13,829.71,20.75,20,rotation (out of top-N),2021-10-18,46.88,46.28,33.65,48.62,48.62,44.9,,,39.33,,999,5,,0.0,
SELL,46,KNTK,2021-10-19,30.75,135.01,2021-10-12,29.21,1.97,2.08,207.91,205.84,5.22,5,rotation (out of top-N),2021-10-18,23.42,24.76,20.98,30.68,28.58,24.26,,,11.62,,999,2.32,,1.4,
SELL,47,RRR,2021-10-19,45.8,90.06,2021-10-12,43.79,1.97,2.06,181.01,178.95,4.54,5,rotation (out of top-N),2021-10-18,45.05,40.37,31.64,45.54,44.07,39.29,,,42.39,,999,5,,-0.1,
BUY,58,CNR,2021-10-26,27.88,163.13,,,2.27,,,,,,,2021-10-25,25.34,25.34,16.1,27.58,28.94,25.68,,,57.41,,999,5,,-0.9,
BUY,55,CROX,2021-10-26,157.77,28.83,,,2.27,,,,,,,2021-10-25,161.53,144.86,111.75,155.64,144.2,144.05,,,44.54,,999,5,,-0.2,
BUY,54,CUBI,2021-10-26,47.68,95.39,,,2.27,,,,,,,2021-10-25,53.27,44.75,36.52,47.84,46.09,42.03,,,45.88,,999,5,,-0.3,
BUY,57,MXL,2021-10-26,53.65,84.78,,,2.27,,,,,,,2021-10-25,63.0,52.45,42.43,52.96,50.62,50.94,,,48.49,,999,5,,-0.4,
BUY,59,NVDA,2021-10-26,23.93,190.06,,,2.27,,,,,,,2021-10-25,25.52,22.19,17.75,23.11,22.15,21.71,,,43.76,,999,5,,-0.2,
BUY,56,TSLA,2021-10-26,341.49,13.32,,,2.27,,,,,,,2021-10-25,371.45,282.17,237.68,341.49,295.41,262.45,,,56.28,,56,5,,1.3,
SELL,15,CNR,2021-10-26,27.88,179.77,2021-09-21,22.24,2.0,2.51,1013.88,1011.38,25.3,25,ratchet-ATR exit,2021-10-25,25.34,25.34,16.1,27.58,28.94,25.68,,,57.41,,999,5,,-0.9,
SELL,50,HUBS,2021-10-26,809.1,5.43,2021-10-19,800.72,2.18,2.2,45.53,43.33,1.0,5,rotation (out of top-N),2021-10-25,809.99,734.1,580.26,816.52,778.45,710.43,,,39.59,,999,5,,0.0,
SELL,53,MCB,2021-10-26,95.28,49.34,2021-10-19,88.17,2.18,2.35,350.84,348.49,8.01,5,rotation (out of top-N),2021-10-25,90.09,84.11,65.12,94.36,88.55,81.94,,,38.35,,999,5,,0.1,
SELL,42,OVV,2021-10-26,34.97,120.39,2021-10-05,31.63,1.9,2.11,402.11,400.01,10.5,15,rotation (out of top-N),2021-10-25,33.33,30.4,24.29,34.72,34.2,29.07,,,37.22,,999,5,,0.1,
SELL,30,PDS,2021-10-26,46.9,97.21,2021-09-28,39.5,1.92,2.28,719.34,717.06,18.67,20,rotation (out of top-N),2021-10-25,44.37,40.96,31.97,45.1,46.36,38.65,,,38.79,,999,5,,0.1,
SELL,18,SPSC,2021-10-26,170.13,26.02,2021-09-21,153.66,2.0,2.21,428.52,426.31,10.66,25,rotation (out of top-N),2021-10-25,152.85,150.57,115.7,167.94,164.04,154.19,,,32.11,,84,5,,1.0,
BUY,60,ANET,2021-11-02,30.69,151.39,,,2.32,,,,,,,2021-11-01,33.16,25.39,21.81,25.55,24.95,23.13,,,52.07,,999,5,,-0.6,
BUY,64,ARCB,2021-11-02,95.32,48.74,,,2.32,,,,,,,2021-11-01,107.45,84.14,69.16,94.56,87.91,79.28,,,55.38,,999,5,,-0.8,
BUY,62,IDT,2021-11-02,51.25,90.66,,,2.32,,,,,,,2021-11-01,55.83,48.23,35.53,50.78,47.89,45.59,,,57.15,,999,5,,-0.9,
BUY,63,SIG,2021-11-02,91.19,50.95,,,2.32,,,,,,,2021-11-01,99.87,81.92,64.27,90.34,84.1,78.59,,,55.39,,999,5,,-0.8,
BUY,65,SYNA,2021-11-02,208.0,22.34,,,2.32,,,,,,,2021-11-01,249.21,192.21,154.25,209.24,187.87,181.51,,,61.56,,999,5,,-1,
BUY,61,TRNS,2021-11-02,77.03,60.32,,,2.32,,,,,,,2021-11-01,89.85,72.49,58.14,75.66,72.89,67.67,,,54.54,,999,5,,-0.7,
SELL,51,BX,2021-11-02,117.95,41.05,2021-10-19,105.99,2.18,2.42,490.94,488.52,11.23,10,rotation (out of top-N),2021-11-01,121.84,109.59,84.48,117.49,114.1,106.85,,,44.22,,999,5,,-0.2,
SELL,58,CNR,2021-11-02,25.15,163.13,2021-10-26,27.88,2.27,2.05,-445.35,-447.41,-9.84,5,rotation (out of top-N),2021-11-01,22.03,24.74,16.46,26.11,27.12,26.29,,,33.84,,999,5,,0.3,
SELL,52,HCI,2021-11-02,125.66,38.32,2021-10-19,113.53,2.18,2.41,464.85,462.44,10.63,10,rotation (out of top-N),2021-11-01,123.01,112.38,84.42,124.63,119.74,109.02,,,45.72,,999,5,,-0.3,
SELL,26,MTDR,2021-11-02,40.46,114.52,2021-09-28,33.53,1.92,2.32,793.6,791.28,20.61,25,rotation (out of top-N),2021-11-01,40.47,35.92,27.9,40.47,39.84,34.54,,,45.07,,999,5,,-0.3,
SELL,36,TEAM,2021-11-02,449.08,9.86,2021-10-05,386.22,1.9,2.21,619.78,617.57,16.22,20,rotation (out of top-N),2021-11-01,440.4,406.38,294.75,450.26,428.14,402.58,,,49.41,,999,5,,-0.5,
SELL,35,VIST,2021-11-02,6.14,825.75,2021-09-28,4.65,1.92,2.54,1230.36,1227.83,31.98,25,rotation (out of top-N),2021-11-01,5.86,5.64,3.9,6.33,6.49,5.48,,,50.12,,999,5,,-0.5,
BUY,68,AMD,2021-11-09,154.5,32.39,,,2.5,,,,,,,2021-11-08,147.86,120.88,95.34,150.1,131.72,113.07,,,55.09,,126,5,,-0.8,
BUY,69,LQDA,2021-11-09,4.06,1232.75,,,2.5,,,,,,,2021-11-08,5.0,3.59,2.9,4.29,3.99,3.22,,,72.54,,28,5,,1.5,
BUY,66,PDFS,2021-11-09,25.26,198.14,,,2.5,,,,,,,2021-11-08,33.05,24.97,20.16,25.22,24.18,23.29,,,63.96,,77,5,,-0.3,
BUY,67,ZS,2021-11-09,354.0,14.14,,,2.5,,,,,,,2021-11-08,349.02,303.15,230.65,350.11,327.03,290.02,,,51.32,,999,5,,-0.6,
SELL,60,ANET,2021-11-09,33.03,151.39,2021-11-02,30.69,2.32,2.5,354.25,351.75,7.57,5,rotation (out of top-N),2021-11-08,32.86,26.75,22.12,32.9,29.75,24.37,,,48.52,,999,5,,-0.4,
SELL,48,NRP,2021-11-09,24.28,195.71,2021-10-12,20.15,1.97,2.38,808.29,805.91,20.44,20,rotation (out of top-N),2021-11-08,23.24,20.85,15.39,24.14,23.19,18.83,,,51.06,,999,5,,-0.6,
SELL,63,SIG,2021-11-09,99.38,50.95,2021-11-02,91.19,2.32,2.53,417.28,414.75,8.93,5,rotation (out of top-N),2021-11-08,96.69,84.61,65.68,98.06,92.61,81.72,,,47.22,,999,5,,-0.4,
SELL,56,TSLA,2021-11-09,391.2,13.32,2021-10-26,341.49,2.27,2.61,662.07,659.46,14.5,10,rotation (out of top-N),2021-11-08,344.66,312.14,242.76,387.12,378.61,296.19,,,41.98,,70,5,,0.7,
BUY,71,AMR,2021-11-16,47.19,105.73,,,2.49,,,,,,,2021-11-15,43.77,50.55,29.27,47.62,52.74,54.17,,,49.54,,999,5,,-0.5,
BUY,70,BOOT,2021-11-16,121.9,40.93,,,2.49,,,,,,,2021-11-15,126.48,106.96,82.32,121.12,116.49,101.56,,,53.64,,999,5,,-0.7,
BUY,75,CCB,2021-11-16,44.2,112.88,,,2.49,,,,,,,2021-11-15,46.57,38.04,31.04,44.05,41.59,34.97,,,50.03,,999,5,,-0.5,
BUY,74,COKE,2021-11-16,49.51,100.78,,,2.49,,,,,,,2021-11-15,53.38,42.51,35.5,48.64,43.07,38.6,,,50.35,,999,5,,-0.5,
BUY,76,RDVT,2021-11-16,34.84,143.21,,,2.49,,,,,,,2021-11-15,40.06,32.67,24.9,34.54,34.17,30.76,,,60.87,,112,5,,-0.9,
BUY,77,SIG,2021-11-16,95.18,52.42,,,2.49,,,,,,,2021-11-15,101.54,87.68,67.2,95.33,94.89,84.42,,,51.11,,999,5,,-0.6,
BUY,72,SITM,2021-11-16,261.14,19.11,,,2.49,,,,,,,2021-11-15,287.58,246.11,155.77,259.05,257.09,234.08,,,84.62,,154,5,,-1,
BUY,73,TSLA,2021-11-16,334.66,14.91,,,2.49,,,,,,,2021-11-15,378.76,324.25,245.43,337.82,357.89,308.32,,,54.33,,77,5,,0.0,
SELL,4,AMR,2021-11-16,47.19,93.96,2021-09-21,42.55,2.0,2.22,435.97,433.76,10.85,40,ratchet-ATR exit,2021-11-15,43.77,50.55,29.27,47.62,52.74,54.17,,,49.54,,999,5,,-0.5,
SELL,32,ATLC,2021-11-16,74.05,73.95,2021-09-28,51.92,1.92,2.74,1636.62,1633.88,42.55,35,rotation (out of top-N),2021-11-15,67.53,67.4,45.38,75.8,79.29,66.14,,,48.81,,999,5,,-0.4,
SELL,55,CROX,2021-11-16,176.97,28.83,2021-10-26,157.77,2.27,2.55,553.49,550.94,12.11,15,rotation (out of top-N),2021-11-15,175.44,160.04,119.48,177.43,174.03,153.46,,,46.84,,999,5,,-0.3,
SELL,54,CUBI,2021-11-16,57.95,95.39,2021-10-26,47.68,2.27,2.76,979.65,976.88,21.48,15,rotation (out of top-N),2021-11-15,56.78,50.85,39.06,58.41,57.64,48.23,,,45.38,,999,5,,-0.3,
SELL,28,DVN,2021-11-16,34.77,133.93,2021-09-28,28.67,1.92,2.33,816.96,814.64,21.22,35,rotation (out of top-N),2021-11-15,32.65,31.04,23.02,34.73,34.28,31.35,,,41.86,,999,5,,-0.1,
SELL,69,LQDA,2021-11-16,4.98,1232.75,2021-11-09,4.06,2.5,3.07,1134.13,1131.06,22.6,5,rotation (out of top-N),2021-11-15,4.27,3.71,2.92,4.85,4.46,3.47,,,46.21,,35,5,,2.1,
SELL,40,SITM,2021-11-16,261.14,18.64,2021-10-05,204.24,1.9,2.43,1060.98,1058.55,27.8,30,ratchet-ATR exit,2021-11-15,287.58,246.11,155.77,259.05,257.09,234.08,,,84.62,,154,5,,-1,
SELL,38,XENE,2021-11-16,31.6,118.37,2021-10-05,32.17,1.9,1.87,-67.47,-69.34,-1.82,30,rotation (out of top-N),2021-11-15,28.99,28.06,20.43,31.75,32.82,28.42,,,41.88,,42,5,,2.2,
BUY,80,AEHR,2021-11-23,17.43,321.73,,,2.8,,,,,,,2021-11-22,17.11,18.72,7.94,18.02,21.64,20.32,,,115.53,,999,5,,-1,
BUY,78,BNTX,2021-11-23,306.04,18.33,,,2.8,,,,,,,2021-11-22,347.89,283.91,234.82,318.69,271.55,260.58,,,48.15,,999,5,,-0.4,
BUY,81,DVN,2021-11-23,33.97,165.13,,,2.8,,,,,,,2021-11-22,34.41,31.65,23.47,33.13,33.93,32.52,,,46.59,,999,5,,-0.3,
BUY,83,LEU,2021-11-23,63.66,88.11,,,2.8,,,,,,,2021-11-22,58.85,55.67,32.27,62.03,68.56,56.03,,,82.38,,999,5,,-1,
BUY,84,NET,2021-11-23,183.89,30.5,,,2.8,,,,,,,2021-11-22,200.61,180.16,114.88,186.49,203.1,172.18,,,74.63,,999,5,,-1,
BUY,82,NRP,2021-11-23,24.73,226.82,,,2.8,,,,,,,2021-11-22,25.38,21.88,15.95,23.56,22.93,20.33,,,59.09,,999,5,,-1.0,
BUY,79,TFIN,2021-11-23,131.61,42.62,,,2.8,,,,,,,2021-11-22,127.81,115.95,90.25,131.08,129.27,115.84,,,41.61,,999,5,,-0.1,
SELL,27,AEHR,2021-11-23,17.43,267.76,2021-09-28,14.34,1.92,2.33,828.73,826.39,21.52,40,ratchet-ATR exit,2021-11-22,17.11,18.72,7.94,18.02,21.64,20.32,,,115.53,,999,5,,-1,
SELL,45,AMBA,2021-11-23,178.78,26.14,2021-10-12,150.87,1.97,2.34,729.54,727.2,18.44,30,rotation (out of top-N),2021-11-22,172.4,171.87,122.69,181.35,189.33,175.77,,,40.51,,84,5,,0.6,
SELL,75,CCB,2021-11-23,47.2,112.88,2021-11-16,44.2,2.49,2.66,338.65,335.98,6.73,5,rotation (out of top-N),2021-11-22,44.56,39.22,31.55,48.65,44.64,36.94,,,41.25,,999,5,,-0.1,
SELL,19,LEU,2021-11-23,63.66,121.22,2021-09-21,32.98,2.0,3.86,3719.18,3715.32,92.93,45,ratchet-ATR exit,2021-11-22,58.85,55.67,32.27,62.03,68.56,56.03,,,82.38,,999,5,,-1,
SELL,44,NET,2021-11-23,183.89,32.47,2021-10-05,117.29,1.9,2.99,2162.28,2159.29,56.7,35,ratchet-ATR exit,2021-11-22,200.61,180.16,114.88,186.49,203.1,172.18,,,74.63,,999,5,,-1,
SELL,77,SIG,2021-11-23,101.01,52.42,2021-11-16,95.18,2.49,2.65,305.61,302.97,6.07,5,rotation (out of top-N),2021-11-22,96.64,89.31,68.54,102.38,98.72,87.42,,,41.0,,999,5,,-0.1,
SELL,61,TRNS,2021-11-23,93.38,60.32,2021-11-02,77.03,2.32,2.82,986.17,983.36,21.16,15,rotation (out of top-N),2021-11-22,87.49,81.98,61.96,98.4,94.9,78.32,,,41.21,,999,5,,-0.1,
BUY,85,AMBA,2021-11-30,181.43,29.76,,,2.7,,,,,,,2021-11-29,193.82,175.86,124.72,181.85,183.57,178.18,,,55.4,,91,5,,-0.3,
BUY,87,BXC,2021-11-30,70.25,76.87,,,2.7,,,,,,,2021-11-29,78.26,65.09,51.5,70.93,72.08,59.4,,,51.96,,999,5,,-0.6,
BUY,91,CCB,2021-11-30,43.54,124.02,,,2.7,,,,,,,2021-11-29,44.95,40.26,31.96,45.0,45.25,38.41,,,40.66,,999,5,,-0.0,
BUY,88,CUBI,2021-11-30,58.09,92.95,,,2.7,,,,,,,2021-11-29,57.92,52.91,40.57,59.39,57.85,52.04,,,42.75,,999,5,,-0.1,
BUY,90,MRVL,2021-11-30,73.4,73.57,,,2.7,,,,,,,2021-11-29,82.22,70.31,56.31,73.74,72.14,67.8,,,46.02,,999,5,,-0.3,
BUY,92,ON,2021-11-30,62.45,86.47,,,2.7,,,,,,,2021-11-29,64.12,55.68,43.95,63.07,61.31,52.41,,,45.91,,999,5,,-0.3,
BUY,86,PDFS,2021-11-30,30.42,177.51,,,2.7,,,,,,,2021-11-29,29.44,27.53,21.0,29.92,30.82,26.3,,,40.22,,98,5,,0.4,
BUY,89,TRNS,2021-11-30,89.48,60.35,,,2.7,,,,,,,2021-11-29,88.24,83.12,63.03,90.51,92.44,80.92,,,40.0,,999,5,,0.0,
SELL,64,ARCB,2021-11-30,102.22,48.74,2021-11-02,95.32,2.32,2.49,336.33,333.83,7.19,19,rotation (out of top-N),2021-11-29,101.48,95.47,74.29,104.51,106.18,96.07,,,36.61,,999,5,,0.2,
SELL,49,DDOG,2021-11-30,183.19,27.7,2021-10-19,157.05,2.18,2.54,724.01,721.47,16.58,29,rotation (out of top-N),2021-11-29,164.35,168.75,120.75,183.07,183.84,168.32,,,36.11,,154,5,,0.2,
SELL,20,HRI,2021-11-30,165.96,33.81,2021-09-21,118.26,2.0,2.81,1612.59,1609.78,40.26,49,rotation (out of top-N),2021-11-29,150.07,160.06,119.32,168.09,172.24,168.3,,,25.77,,999,5,,0.7,
SELL,62,IDT,2021-11-30,54.23,90.66,2021-11-02,51.25,2.32,2.46,270.16,267.7,5.76,19,rotation (out of top-N),2021-11-29,46.7,52.68,39.45,56.18,59.42,53.22,,,18.39,,999,3.68,,1.1,
SELL,84,NET,2021-11-30,192.37,30.5,2021-11-23,183.89,2.8,2.93,258.52,255.58,4.56,4,rotation (out of top-N),2021-11-29,160.03,176.5,117.03,191.1,197.96,179.99,,,36.74,,999,5,,0.2,
SELL,66,PDFS,2021-11-30,30.42,198.14,2021-11-09,25.26,2.5,3.01,1022.39,1019.38,20.37,14,ratchet-ATR exit,2021-11-29,29.44,27.53,21.0,29.92,30.82,26.3,,,40.22,,98,5,,0.4,
SELL,73,TSLA,2021-11-30,382.67,14.91,2021-11-16,334.66,2.49,2.85,715.77,712.92,14.29,9,rotation (out of top-N),2021-11-29,338.41,332.3,250.79,378.84,369.12,333.8,,,34.94,,91,5,,0.7,
SELL,67,ZS,2021-11-30,356.33,14.14,2021-11-09,354.0,2.5,2.52,33.01,30.49,0.61,14,rotation (out of top-N),2021-11-29,313.46,318.1,239.71,355.91,347.01,317.32,,,30.77,,999,5,,0.5,
BUY,97,ACLS,2021-12-07,65.27,81.12,,,2.65,,,,,,,2021-12-06,65.96,58.83,46.28,63.43,62.86,57.38,,,42.52,,999,5,,-0.1,
BUY,99,BLDR,2021-12-07,77.04,68.72,,,2.65,,,,,,,2021-12-06,79.56,67.2,52.21,73.37,71.44,64.31,,,52.4,,999,5,,-0.6,
BUY,93,BOOT,2021-12-07,124.84,42.41,,,2.65,,,,,,,2021-12-06,129.87,115.01,87.15,121.39,122.75,112.63,,,49.02,,999,5,,-0.5,
BUY,94,DDOG,2021-12-07,165.95,31.9,,,2.65,,,,,,,2021-12-06,174.66,169.83,123.06,161.37,172.75,171.66,,,41.93,,161,5,,-0.1,
BUY,96,DDS,2021-12-07,208.19,25.43,,,2.65,,,,,,,2021-12-06,216.94,215.68,142.65,200.03,235.52,217.52,,,52.08,,999,5,,-0.6,
BUY,98,F,2021-12-07,14.66,361.15,,,2.65,,,,,,,2021-12-06,15.99,13.74,10.87,14.34,14.55,13.48,,,47.14,,999,5,,-0.4,
BUY,103,LEU,2021-12-07,54.51,97.13,,,2.65,,,,,,,2021-12-06,57.49,54.92,33.73,50.53,56.33,59.94,,,70.43,,999,5,,-1,
BUY,95,LQDA,2021-12-07,4.04,1310.5,,,2.65,,,,,,,2021-12-06,4.3,3.92,3.01,4.0,4.11,3.98,,,43.01,,56,5,,1.9,
BUY,101,NRP,2021-12-07,23.71,223.3,,,2.65,,,,,,,2021-12-06,23.62,22.53,16.51,23.64,24.2,22.17,,,43.05,,999,5,,-0.2,
BUY,100,PI,2021-12-07,78.17,67.73,,,2.65,,,,,,,2021-12-06,85.44,71.87,56.8,75.11,75.08,69.19,,,50.42,,49,5,,1.7,
BUY,102,SKY,2021-12-07,84.9,62.36,,,2.65,,,,,,,2021-12-06,82.28,73.9,57.46,82.0,79.57,71.31,,,43.2,,999,5,,-0.2,
SELL,68,AMD,2021-12-07,143.95,32.39,2021-11-09,154.5,2.5,2.33,-341.76,-344.1,-6.88,19,rotation (out of top-N),2021-12-06,138.62,135.15,101.5,139.0,149.05,135.26,,,36.57,,154,5,,0.2,
SELL,78,BNTX,2021-12-07,285.12,18.33,2021-11-23,306.04,2.8,2.61,-383.44,-386.05,-6.88,9,rotation (out of top-N),2021-12-06,255.03,287.07,244.62,277.09,314.74,276.97,,,4.26,,999,0.85,,1.8,
SELL,70,BOOT,2021-12-07,124.84,40.93,2021-11-16,121.9,2.49,2.55,120.34,117.78,2.36,14,ratchet-ATR exit,2021-12-06,129.87,115.01,87.15,121.39,122.75,112.63,,,49.02,,999,5,,-0.5,
SELL,91,CCB,2021-12-07,45.5,124.02,2021-11-30,43.54,2.7,2.82,243.08,240.26,4.45,5,rotation (out of top-N),2021-12-06,43.9,40.92,32.28,45.34,44.84,39.67,,,35.98,,999,5,,0.2,
SELL,74,COKE,2021-12-07,54.21,100.78,2021-11-16,49.51,2.49,2.73,473.65,470.91,9.44,14,rotation (out of top-N),2021-12-06,51.05,47.66,37.67,55.0,54.19,44.51,,,35.51,,999,5,,0.2,
SELL,88,CUBI,2021-12-07,57.64,92.95,2021-11-30,58.09,2.7,2.68,-42.29,-44.97,-0.83,5,rotation (out of top-N),2021-12-06,57.56,53.76,41.3,56.35,57.7,53.73,,,39.36,,999,5,,0.0,
SELL,39,DDS,2021-12-07,208.19,26.25,2021-10-05,145.06,1.9,2.73,1657.25,1654.51,43.45,44,ratchet-ATR exit,2021-12-06,216.94,215.68,142.65,200.03,235.52,217.52,,,52.08,,999,5,,-0.6,
SELL,83,LEU,2021-12-07,54.51,88.11,2021-11-23,63.66,2.8,2.4,-806.24,-808.64,-14.42,9,ratchet-ATR exit,2021-12-06,57.49,54.92,33.73,50.53,56.33,59.94,,,70.43,,999,5,,-1,
SELL,82,NRP,2021-12-07,23.71,226.82,2021-11-23,24.73,2.8,2.69,-231.36,-234.05,-4.17,9,ratchet-ATR exit,2021-12-06,23.62,22.53,16.51,23.64,24.2,22.17,,,43.05,,999,5,,-0.2,
SELL,79,TFIN,2021-12-07,134.0,42.62,2021-11-23,131.61,2.8,2.86,101.86,99.01,1.77,9,rotation (out of top-N),2021-12-06,126.06,119.69,92.69,132.77,129.99,121.91,,,36.01,,999,5,,0.2,
SELL,89,TRNS,2021-12-07,90.4,60.35,2021-11-30,89.48,2.7,2.73,55.52,52.79,0.98,5,rotation (out of top-N),2021-12-06,90.5,84.46,64.16,88.29,90.11,83.69,,,41.06,,999,5,,-0.1,
BUY,105,AEHR,2021-12-14,14.53,379.29,,,2.76,,,,,,,2021-12-13,15.59,17.26,8.91,15.01,16.06,20.2,,,75.03,,999,5,,-1,
BUY,107,ANET,2021-12-14,32.78,168.12,,,2.76,,,,,,,2021-12-13,33.76,30.24,23.84,33.05,31.86,30.08,,,41.61,,999,5,,-0.1,
BUY,115,ARCB,2021-12-14,101.54,54.28,,,2.76,,,,,,,2021-12-13,103.33,98.38,76.09,103.72,103.56,100.53,,,35.8,,999,5,,0.2,
BUY,114,CAR,2021-12-14,219.57,25.1,,,2.76,,,,,,,2021-12-13,205.36,214.55,117.86,223.01,241.92,234.19,,,74.23,,999,5,,-1,
BUY,112,CCB,2021-12-14,40.98,134.48,,,2.76,,,,,,,2021-12-13,48.2,42.25,32.71,43.9,44.77,40.59,,,47.37,,999,5,,-0.4,
BUY,106,CUBI,2021-12-14,56.02,98.38,,,2.76,,,,,,,2021-12-13,57.09,54.36,41.94,55.68,57.33,55.37,,,36.11,,999,5,,0.2,
BUY,104,IRTC,2021-12-14,91.25,60.4,,,2.76,,,,,,,2021-12-13,107.33,91.1,77.27,92.0,96.97,93.0,,,38.91,,21,5,,2.7,
BUY,111,P,2021-12-14,31.23,176.5,,,2.76,,,,,,,2021-12-13,32.04,29.35,23.18,31.88,31.8,28.76,,,38.22,,98,5,,0.5,
BUY,113,PFE,2021-12-14,43.21,127.54,,,2.76,,,,,,,2021-12-13,46.81,40.43,33.71,43.49,41.59,38.12,,,38.84,,999,5,,0.1,
BUY,110,TRNS,2021-12-14,88.14,62.53,,,2.76,,,,,,,2021-12-13,90.16,85.5,65.19,89.45,90.61,86.35,,,38.31,,999,5,,0.1,
BUY,108,TVTX,2021-12-14,27.29,201.95,,,2.76,,,,,,,2021-12-13,29.7,27.61,21.88,27.84,28.07,28.35,,,35.71,,70,5,,1.0,
BUY,109,WRLD,2021-12-14,228.41,24.13,,,2.76,,,,,,,2021-12-13,249.94,219.67,178.17,226.27,222.04,210.78,,,40.29,,999,5,,-0.0,
SELL,97,ACLS,2021-12-14,62.23,81.12,2021-12-07,65.27,2.65,2.52,-246.59,-249.12,-4.71,5,rotation (out of top-N),2021-12-13,63.15,59.62,46.86,63.34,64.87,59.67,,,34.76,,999,5,,0.3,
SELL,80,AEHR,2021-12-14,14.53,321.73,2021-11-23,17.43,2.8,2.34,-934.62,-936.95,-16.7,14,ratchet-ATR exit,2021-12-13,15.59,17.26,8.91,15.01,16.06,20.2,,,75.03,,999,5,,-1,
SELL,93,BOOT,2021-12-14,113.95,42.41,2021-12-07,124.84,2.65,2.42,-461.84,-464.26,-8.77,5,rotation (out of top-N),2021-12-13,112.3,114.52,88.38,115.17,123.82,116.48,,,27.06,,999,5,,0.6,
SELL,21,CAR,2021-12-14,219.57,43.52,2021-09-21,91.86,2.0,4.78,5558.29,5553.51,138.91,59,ratchet-ATR exit,2021-12-13,205.36,214.55,117.86,223.01,241.92,234.19,,,74.23,,999,5,,-1,
SELL,94,DDOG,2021-12-14,157.31,31.9,2021-12-07,165.95,2.65,2.51,-275.65,-278.16,-5.25,5,rotation (out of top-N),2021-12-13,169.9,169.84,125.24,172.03,174.61,174.93,,,35.66,,168,5,,0.2,
SELL,81,DVN,2021-12-14,33.12,165.13,2021-11-23,33.97,2.8,2.73,-140.36,-143.09,-2.55,14,rotation (out of top-N),2021-12-13,32.15,32.57,24.62,33.61,34.65,33.96,,,30.57,,999,5,,0.5,
SELL,98,F,2021-12-14,14.77,361.15,2021-12-07,14.66,2.65,2.67,39.73,37.06,0.7,5,rotation (out of top-N),2021-12-13,14.75,13.92,10.99,15.24,14.95,13.95,,,34.24,,999,5,,0.3,
SELL,95,LQDA,2021-12-14,4.29,1310.5,2021-12-07,4.04,2.65,2.81,327.62,324.81,6.14,5,rotation (out of top-N),2021-12-13,4.12,3.95,3.04,4.37,4.26,4.12,,,35.59,,63,5,,1.2,
SELL,101,NRP,2021-12-14,22.87,223.3,2021-12-07,23.71,2.65,2.55,-187.57,-190.12,-3.59,5,rotation (out of top-N),2021-12-13,22.55,22.53,16.76,22.81,23.74,22.76,,,34.58,,999,5,,0.3,
SELL,59,NVDA,2021-12-14,27.64,190.06,2021-10-26,23.93,2.27,2.63,705.13,702.5,15.45,34,rotation (out of top-N),2021-12-13,27.74,28.16,20.69,28.06,30.55,28.7,,,34.04,,999,5,,0.3,
SELL,86,PDFS,2021-12-14,30.01,177.51,2021-11-30,30.42,2.7,2.66,-72.78,-75.44,-1.4,10,rotation (out of top-N),2021-12-13,29.17,28.31,21.59,29.96,30.55,28.07,,,35.13,,112,5,,0.4,
SELL,102,SKY,2021-12-14,79.02,62.36,2021-12-07,84.9,2.65,2.46,-366.68,-369.14,-6.97,5,rotation (out of top-N),2021-12-13,71.86,73.53,58.16,79.39,80.94,73.91,,,23.55,,999,4.71,,0.8,
BUY,119,ACLS,2021-12-21,64.75,87.14,,,2.82,,,,,,,2021-12-20,68.04,61.15,47.6,62.74,64.0,61.39,,,42.94,,999,5,,-0.1,
BUY,117,ANIP,2021-12-21,46.78,120.62,,,2.82,,,,,,,2021-12-20,50.9,43.4,35.7,47.02,45.19,44.49,,,42.58,,70,5,,0.7,
BUY,120,COKE,2021-12-21,55.32,102.0,,,2.82,,,,,,,2021-12-20,56.67,49.9,38.96,56.33,53.18,48.26,,,45.44,,999,5,,-0.3,
BUY,122,CYTK,2021-12-21,39.78,141.82,,,2.82,,,,,,,2021-12-20,44.69,38.54,30.07,39.51,37.76,38.06,,,48.6,,999,5,,-0.4,
BUY,118,LQDA,2021-12-21,4.11,1372.86,,,2.82,,,,,,,2021-12-20,4.65,4.08,3.09,4.13,4.19,4.19,,,50.7,,70,5,,0.3,
BUY,116,PDFS,2021-12-21,29.52,191.14,,,2.82,,,,,,,2021-12-20,31.29,28.85,21.93,29.22,29.81,28.88,,,42.66,,119,5,,-0.1,
BUY,121,RDVT,2021-12-21,36.36,155.18,,,2.82,,,,,,,2021-12-20,38.77,35.88,26.93,36.05,37.1,35.61,,,43.96,,147,5,,-0.2,
BUY,123,SYNA,2021-12-21,264.49,21.33,,,2.82,,,,,,,2021-12-20,278.35,253.4,178.68,262.37,271.89,254.86,,,55.78,,999,5,,-0.8,
SELL,115,ARCB,2021-12-21,101.97,54.28,2021-12-14,101.54,2.76,2.77,23.34,20.57,0.37,5,rotation (out of top-N),2021-12-20,109.22,100.35,77.12,99.27,102.54,102.75,,,41.62,,999,5,,-0.1,
SELL,96,DDS,2021-12-21,192.05,25.43,2021-12-07,208.19,2.65,2.44,-410.45,-412.89,-7.8,10,rotation (out of top-N),2021-12-20,202.92,210.8,148.99,187.6,206.3,228.23,,,36.19,,999,5,,0.2,
SELL,113,PFE,2021-12-21,47.24,127.54,2021-12-14,43.21,2.76,3.01,514.0,510.98,9.27,5,rotation (out of top-N),2021-12-20,46.24,41.49,34.19,48.0,44.99,39.84,,,35.25,,999,5,,0.2,
SELL,76,RDVT,2021-12-21,36.36,143.21,2021-11-16,34.84,2.49,2.6,217.68,215.07,4.31,24,ratchet-ATR exit,2021-12-20,38.77,35.88,26.93,36.05,37.1,35.61,,,43.96,,147,5,,-0.2,
SELL,65,SYNA,2021-12-21,264.49,22.34,2021-11-02,208.0,2.32,2.95,1261.69,1258.74,27.09,34,ratchet-ATR exit,2021-12-20,278.35,253.4,178.68,262.37,271.89,254.86,,,55.78,,999,5,,-0.8,
SELL,110,TRNS,2021-12-21,87.76,62.53,2021-12-14,88.14,2.76,2.74,-23.76,-26.5,-0.48,5,rotation (out of top-N),2021-12-20,93.51,86.95,66.23,87.74,89.79,88.62,,,41.2,,999,5,,-0.1,
SELL,108,TVTX,2021-12-21,29.71,201.95,2021-12-14,27.29,2.76,3.0,489.72,486.72,8.83,5,rotation (out of top-N),2021-12-20,31.16,28.26,22.0,29.82,28.65,28.81,,,41.64,,77,5,,0.6,
SELL,109,WRLD,2021-12-21,253.03,24.13,2021-12-14,228.41,2.76,3.05,594.17,591.11,10.73,5,rotation (out of top-N),2021-12-20,255.27,226.14,181.18,252.06,238.64,216.96,,,40.89,,999,5,,-0.0,
BUY,126,ARCB,2021-12-28,120.8,47.22,,,2.85,,,,,,,2021-12-27,117.17,103.41,78.33,119.0,107.07,104.93,,,49.58,,999,5,,-0.5,
BUY,125,NRP,2021-12-28,23.93,238.37,,,2.85,,,,,,,2021-12-27,25.45,23.29,17.37,23.9,23.97,23.58,,,46.49,,999,5,,-0.3,
BUY,124,XENE,2021-12-28,31.11,183.35,,,2.85,,,,,,,2021-12-27,31.25,28.49,21.88,31.2,28.86,29.41,,,42.81,,84,5,,0.5,
SELL,117,ANIP,2021-12-28,50.09,120.62,2021-12-21,46.78,2.82,3.02,398.64,395.62,7.01,4,rotation (out of top-N),2021-12-27,45.83,43.84,36.03,49.75,47.65,45.63,,,27.19,,77,5,,1.4,
SELL,103,LEU,2021-12-28,51.31,97.13,2021-12-07,54.51,2.65,2.49,-310.81,-313.3,-5.92,14,rotation (out of top-N),2021-12-27,49.5,52.99,35.62,53.74,52.41,60.54,,,38.95,,999,5,,0.1,
SELL,111,P,2021-12-28,34.46,176.5,2021-12-14,31.23,2.76,3.04,570.97,567.92,10.31,9,rotation (out of top-N),2021-12-27,32.53,30.52,23.73,34.17,32.76,30.17,,,37.08,,112,5,,0.3,
BUY,129,APA,2022-01-04,24.91,237.77,,,2.96,,,,,,,2022-01-03,25.75,23.06,19.32,24.34,23.38,23.46,,,33.29,,999,5,,0.3,
BUY,127,BOOT,2022-01-04,123.81,47.84,,,2.96,,,,,,,2022-01-03,121.62,117.35,92.65,122.31,121.3,121.83,,,31.27,,999,5,,0.4,
BUY,134,CAR,2022-01-04,195.53,30.29,,,2.96,,,,,,,2022-01-03,187.23,206.75,127.78,191.92,202.64,240.09,,,46.52,,999,5,,-0.3,
BUY,128,DVN,2022-01-04,37.9,156.28,,,2.96,,,,,,,2022-01-03,40.08,34.69,26.04,37.36,35.66,34.55,,,53.9,,999,5,,-0.7,
BUY,130,F,2022-01-04,16.79,352.76,,,2.96,,,,,,,2022-01-03,18.22,15.08,11.52,16.24,15.41,14.9,,,58.21,,999,5,,-0.9,
BUY,131,FANG,2022-01-04,92.46,64.06,,,2.96,,,,,,,2022-01-03,99.38,88.46,74.16,91.46,88.49,88.48,,,34.0,,999,5,,0.3,
BUY,132,IRMD,2022-01-04,44.57,132.89,,,2.96,,,,,,,2022-01-03,41.63,39.39,31.45,43.17,41.88,39.37,,,32.38,,999,5,,0.4,
BUY,133,LEU,2022-01-04,52.83,112.11,,,2.96,,,,,,,2022-01-03,51.97,52.81,36.33,52.62,50.83,58.67,,,43.05,,999,5,,-0.2,
BUY,135,MCB,2022-01-04,106.12,55.81,,,2.96,,,,,,,2022-01-03,109.46,98.17,77.49,105.62,102.01,97.75,,,41.26,,999,5,,-0.1,
SELL,85,AMBA,2022-01-04,219.82,29.76,2021-11-30,181.43,2.7,3.27,1142.92,1139.65,21.11,24,rotation (out of top-N),2022-01-03,157.57,182.6,135.04,215.98,203.39,195.6,,,16.68,,126,3.34,,1.2,
SELL,107,ANET,2022-01-04,35.49,168.12,2021-12-14,32.78,2.76,2.98,455.62,452.63,8.21,14,rotation (out of top-N),2022-01-03,32.38,32.11,25.02,35.56,35.35,33.08,,,29.41,,999,5,,0.5,
SELL,126,ARCB,2022-01-04,111.07,47.22,2021-12-28,120.8,2.85,2.62,-459.44,-462.07,-8.1,5,rotation (out of top-N),2022-01-03,98.38,102.49,79.04,110.04,112.07,106.78,,,24.47,,999,4.89,,0.8,
SELL,114,CAR,2022-01-04,195.53,25.1,2021-12-14,219.57,2.76,2.45,-603.39,-605.85,-10.99,14,ratchet-ATR exit,2022-01-03,187.23,206.75,127.78,191.92,202.64,240.09,,,46.52,,999,5,,-0.3,
SELL,122,CYTK,2022-01-04,45.7,141.82,2021-12-21,39.78,2.82,3.24,839.6,836.36,14.82,9,rotation (out of top-N),2022-01-03,35.14,38.99,30.89,46.0,44.19,40.11,,,13.77,,999,2.75,,1.3,
SELL,57,MXL,2022-01-04,77.31,84.78,2021-10-26,53.65,2.27,3.28,2006.38,2003.1,44.04,48,rotation (out of top-N),2022-01-03,65.27,67.99,51.06,76.92,74.7,70.9,,,27.84,,999,5,,0.6,
SELL,116,PDFS,2022-01-04,32.17,191.14,2021-12-21,29.52,2.82,3.07,506.52,503.45,8.92,9,rotation (out of top-N),2022-01-03,28.15,29.18,22.51,32.05,31.61,30.74,,,25.07,,133,5,,0.7,
SELL,121,RDVT,2022-01-04,38.24,155.18,2021-12-21,36.36,2.82,2.97,291.75,288.78,5.12,9,rotation (out of top-N),2022-01-03,32.78,35.84,27.79,38.2,39.04,37.19,,,17.94,,161,3.59,,1.1,
SELL,72,SITM,2022-01-04,291.48,19.11,2021-11-16,261.14,2.49,2.78,579.58,576.79,11.56,33,rotation (out of top-N),2022-01-03,242.79,267.08,186.38,293.92,287.29,281.39,,,30.27,,203,5,,0.5,
BUY,139,ACLS,2022-01-11,65.85,84.77,,,2.79,,,,,,,2022-01-10,71.29,65.75,49.69,67.13,70.51,66.36,,,43.48,,999,5,,-0.2,
BUY,140,ATLC,2022-01-11,69.59,80.2,,,2.79,,,,,,,2022-01-10,71.76,66.9,52.47,68.84,67.55,65.25,,,36.77,,999,5,,0.2,
BUY,141,BLDR,2022-01-11,79.42,70.28,,,2.79,,,,,,,2022-01-10,78.68,75.53,56.38,79.05,81.56,76.56,,,39.55,,999,5,,0.0,
BUY,136,BXC,2022-01-11,81.49,68.5,,,2.79,,,,,,,2022-01-10,82.02,78.99,58.28,81.64,86.51,80.92,,,40.73,,999,5,,-0.0,
BUY,137,CHRD,2022-01-11,85.68,65.15,,,2.79,,,,,,,2022-01-10,90.88,81.83,65.24,84.95,85.19,81.99,,,39.31,,999,5,,0.0,
BUY,142,COKE,2022-01-11,54.78,101.9,,,2.79,,,,,,,2022-01-10,59.59,53.97,41.28,55.98,57.48,54.12,,,44.36,,999,5,,-0.2,
BUY,145,COP,2022-01-11,69.56,80.25,,,2.79,,,,,,,2022-01-10,73.77,63.89,53.62,68.92,65.11,61.73,,,37.59,,999,5,,0.1,
BUY,147,ONTO,2022-01-11,91.51,61.0,,,2.79,,,,,,,2022-01-10,105.88,94.78,77.81,92.52,97.62,94.73,,,36.08,,999,5,,0.2,
BUY,144,PBF,2022-01-11,14.92,374.12,,,2.79,,,,,,,2022-01-10,16.27,12.83,11.92,14.76,13.09,11.89,,,36.44,,7,5,,3.1,
BUY,143,PI,2022-01-11,82.32,67.81,,,2.79,,,,,,,2022-01-10,90.32,81.43,60.43,78.13,83.87,82.14,,,49.47,,84,5,,0.1,
BUY,146,TECK,2022-01-11,29.45,189.54,,,2.79,,,,,,,2022-01-10,31.96,27.22,23.48,29.36,27.71,25.97,,,36.12,,999,5,,0.2,
BUY,138,XENE,2022-01-11,29.19,191.23,,,2.79,,,,,,,2022-01-10,31.96,29.42,22.53,28.69,30.23,28.65,,,41.84,,98,5,,0.3,
SELL,119,ACLS,2022-01-11,65.85,87.14,2021-12-21,64.75,2.82,2.87,95.86,92.99,1.65,14,ratchet-ATR exit,2022-01-10,71.29,65.75,49.69,67.13,70.51,66.36,,,43.48,,999,5,,-0.2,
SELL,105,AEHR,2022-01-11,14.72,379.29,2021-12-14,14.53,2.76,2.79,72.07,69.27,1.26,19,rotation (out of top-N),2022-01-10,13.41,17.54,10.51,14.84,19.35,18.79,,,27.59,,999,5,,0.6,
SELL,99,BLDR,2022-01-11,79.42,68.72,2021-12-07,77.04,2.65,2.73,163.56,160.83,3.04,24,ratchet-ATR exit,2022-01-10,78.68,75.53,56.38,79.05,81.56,76.56,,,39.55,,999,5,,0.0,
SELL,127,BOOT,2022-01-11,114.37,47.84,2022-01-04,123.81,2.96,2.74,-451.59,-454.33,-7.67,5,rotation (out of top-N),2022-01-10,108.69,115.77,93.65,114.13,119.78,121.9,,,16.07,,999,3.21,,1.2,
SELL,87,BXC,2022-01-11,81.49,76.87,2021-11-30,70.25,2.7,3.13,863.98,860.85,15.94,29,ratchet-ATR exit,2022-01-10,82.02,78.99,58.28,81.64,86.51,80.92,,,40.73,,999,5,,-0.0,
SELL,120,COKE,2022-01-11,54.78,102.0,2021-12-21,55.32,2.82,2.79,-55.08,-57.87,-1.03,14,ratchet-ATR exit,2022-01-10,59.59,53.97,41.28,55.98,57.48,54.12,,,44.36,,999,5,,-0.2,
SELL,132,IRMD,2022-01-11,40.47,132.89,2022-01-04,44.57,2.96,2.69,-544.85,-547.54,-9.24,5,rotation (out of top-N),2022-01-10,40.04,39.51,31.9,40.58,42.3,40.41,,,25.51,,999,5,,0.7,
SELL,133,LEU,2022-01-11,48.33,112.11,2022-01-04,52.83,2.96,2.71,-504.5,-507.21,-8.56,5,rotation (out of top-N),2022-01-10,45.95,51.56,36.88,48.67,50.48,55.85,,,24.59,,999,4.92,,0.8,
SELL,90,MRVL,2022-01-11,79.8,73.57,2021-11-30,73.4,2.7,2.94,470.83,467.9,8.66,29,rotation (out of top-N),2022-01-10,81.68,79.71,62.05,80.86,84.01,80.68,,,31.65,,999,5,,0.4,
SELL,100,PI,2022-01-11,82.32,67.73,2021-12-07,78.17,2.65,2.79,281.08,278.29,5.26,24,ratchet-ATR exit,2022-01-10,90.32,81.43,60.43,78.13,83.87,82.14,,,49.47,,84,5,,0.1,
SELL,123,SYNA,2022-01-11,249.66,21.33,2021-12-21,264.49,2.82,2.66,-316.37,-319.04,-5.65,14,rotation (out of top-N),2022-01-10,245.37,256.05,188.07,245.12,265.79,275.15,,,30.47,,999,5,,0.5,
SELL,124,XENE,2022-01-11,29.19,183.35,2021-12-28,31.11,2.85,2.68,-352.04,-354.71,-6.22,10,ratchet-ATR exit,2022-01-10,31.96,29.42,22.53,28.69,30.23,28.65,,,41.84,,98,5,,0.3,
BUY,160,CLS,2022-01-25,10.77,502.36,,,2.71,,,,,,,2022-01-24,12.47,11.13,9.43,10.44,10.93,10.85,,,32.17,,168,5,,0.4,
BUY,150,DAC,2022-01-25,63.31,85.46,,,2.71,,,,,,,2022-01-24,75.89,63.48,59.59,61.01,63.06,59.46,,,27.35,,999,5,,0.6,
BUY,152,EOG,2022-01-25,83.98,64.43,,,2.71,,,,,,,2022-01-24,90.41,78.95,66.8,84.28,83.55,75.08,,,35.35,,999,5,,0.2,
BUY,158,HAL,2022-01-25,25.98,208.26,,,2.71,,,,,,,2022-01-24,28.76,23.94,20.91,26.2,25.3,22.21,,,37.57,,112,5,,0.3,
BUY,162,IFS,2022-01-25,24.89,217.38,,,2.71,,,,,,,2022-01-24,25.08,22.24,19.48,24.65,24.04,21.05,,,28.74,,28,5,,3.1,
BUY,156,IMO,2022-01-25,36.27,149.17,,,2.71,,,,,,,2022-01-24,36.79,33.89,28.9,36.26,36.13,32.71,,,27.28,,999,5,,0.6,
BUY,151,LQDA,2022-01-25,5.34,1013.2,,,2.71,,,,,,,2022-01-24,5.52,5.1,3.46,5.33,5.73,4.92,,,59.61,,105,5,,-0.7,
BUY,153,MATX,2022-01-25,83.32,64.94,,,2.71,,,,,,,2022-01-24,92.56,83.8,72.73,84.55,83.68,80.63,,,27.27,,999,5,,0.6,
BUY,148,MTDR,2022-01-25,38.47,140.64,,,2.71,,,,,,,2022-01-24,41.94,37.95,32.69,36.38,38.72,36.6,,,28.29,,999,5,,0.6,
BUY,157,NRP,2022-01-25,26.57,203.63,,,2.71,,,,,,,2022-01-24,27.44,25.43,18.87,25.01,26.95,25.25,,,45.39,,999,5,,-0.3,
BUY,159,OXY,2022-01-25,31.66,170.89,,,2.71,,,,,,,2022-01-24,35.28,30.78,27.42,30.46,31.84,29.09,,,28.64,,999,5,,0.6,
BUY,149,SLB,2022-01-25,33.14,163.26,,,2.71,,,,,,,2022-01-24,36.06,31.13,28.25,32.39,32.72,28.97,,,27.66,,999,5,,0.6,
BUY,163,TDW,2022-01-25,13.41,403.47,,,2.71,,,,,,,2022-01-24,15.51,12.33,12.13,12.62,12.27,11.23,,,27.88,,0,5,,3.6,
BUY,154,TRNS,2022-01-25,87.75,61.66,,,2.71,,,,,,,2022-01-24,92.19,89.79,71.4,89.53,90.79,90.71,,,29.13,,999,5,,0.5,
BUY,161,VIST,2022-01-25,5.24,1032.53,,,2.71,,,,,,,2022-01-24,6.2,5.71,4.75,5.23,5.77,5.47,,,30.42,,999,5,,0.5,
BUY,155,WHD,2022-01-25,43.36,124.78,,,2.71,,,,,,,2022-01-24,46.6,40.7,36.59,41.86,42.37,37.98,,,27.37,,999,5,,0.6,
SELL,139,ACLS,2022-01-25,58.44,84.77,2022-01-11,65.85,2.79,2.48,-628.54,-631.02,-11.3,9,rotation (out of top-N),2022-01-24,59.05,63.68,50.5,61.81,64.84,66.88,,,16.94,,999,3.39,,1.2,
SELL,140,ATLC,2022-01-25,64.33,80.2,2022-01-11,69.59,2.79,2.58,-422.28,-424.86,-7.61,9,rotation (out of top-N),2022-01-24,63.73,65.78,53.95,64.5,66.39,64.49,,,18.14,,999,3.63,,1.1,
SELL,141,BLDR,2022-01-25,68.14,70.28,2022-01-11,79.42,2.79,2.39,-792.79,-795.19,-14.25,9,rotation (out of top-N),2022-01-24,66.37,72.59,57.25,66.02,73.47,77.53,,,15.92,,999,3.18,,1.2,
SELL,136,BXC,2022-01-25,70.13,68.5,2022-01-11,81.49,2.79,2.4,-778.13,-780.53,-13.98,9,rotation (out of top-N),2022-01-24,70.21,75.86,59.3,67.64,76.26,81.59,,,18.4,,999,3.68,,1.1,
SELL,134,CAR,2022-01-25,161.47,30.29,2022-01-04,195.53,2.96,2.45,-1031.72,-1034.17,-17.46,14,rotation (out of top-N),2022-01-24,157.05,189.16,134.82,168.25,178.88,210.25,,,16.48,,999,3.3,,1.2,
SELL,106,CUBI,2022-01-25,58.82,98.38,2021-12-14,56.02,2.76,2.89,275.46,272.56,4.95,28,rotation (out of top-N),2022-01-24,57.78,62.12,47.07,59.58,66.69,63.5,,,22.77,,999,4.55,,0.9,
SELL,130,F,2022-01-25,14.89,352.76,2022-01-04,16.79,2.96,2.63,-670.25,-672.87,-11.36,14,rotation (out of top-N),2022-01-24,14.65,15.5,12.05,15.21,16.72,15.88,,,21.56,,999,4.31,,0.9,
SELL,118,LQDA,2022-01-25,5.34,1372.86,2021-12-21,4.11,2.82,3.67,1688.62,1684.96,29.86,23,ratchet-ATR exit,2022-01-24,5.52,5.1,3.46,5.33,5.73,4.92,,,59.61,,105,5,,-0.7,
SELL,135,MCB,2022-01-25,101.91,55.81,2022-01-04,106.12,2.96,2.84,-234.97,-237.82,-4.02,14,rotation (out of top-N),2022-01-24,98.32,100.06,81.0,102.06,104.37,100.16,,,21.39,,999,4.28,,0.9,
SELL,125,NRP,2022-01-25,26.57,238.37,2021-12-28,23.93,2.85,3.17,629.28,626.12,10.98,19,ratchet-ATR exit,2022-01-24,27.44,25.43,18.87,25.01,26.95,25.25,,,45.39,,999,5,,-0.3,
SELL,92,ON,2022-01-25,53.31,86.47,2021-11-30,62.45,2.7,2.3,-790.31,-792.61,-14.68,38,rotation (out of top-N),2022-01-24,53.76,59.87,48.26,55.35,60.26,64.11,,,11.39,,999,2.28,,1.4,
SELL,147,ONTO,2022-01-25,91.89,61.0,2022-01-11,91.51,2.79,2.8,22.87,20.07,0.36,9,rotation (out of top-N),2022-01-24,84.62,92.18,78.65,89.42,93.61,95.62,,,7.59,,999,1.52,,1.6,
SELL,144,PBF,2022-01-25,14.3,374.12,2022-01-11,14.92,2.79,2.67,-231.95,-234.63,-4.2,9,rotation (out of top-N),2022-01-24,14.5,13.31,12.04,13.97,14.63,12.47,,,20.46,,21,4.09,,3.6,
SELL,143,PI,2022-01-25,76.54,67.81,2022-01-11,82.32,2.79,2.59,-391.92,-394.52,-7.07,9,rotation (out of top-N),2022-01-24,75.18,80.11,61.51,78.65,83.6,83.45,,,22.22,,98,4.44,,1.3,
SELL,146,TECK,2022-01-25,29.92,189.54,2022-01-11,29.45,2.79,2.84,89.08,86.25,1.55,9,rotation (out of top-N),2022-01-24,28.88,28.03,23.93,29.37,30.52,27.3,,,20.67,,999,4.13,,1.0,
SELL,138,XENE,2022-01-25,27.23,191.23,2022-01-11,29.19,2.79,2.6,-374.8,-377.41,-6.76,9,rotation (out of top-N),2022-01-24,26.14,28.31,22.89,27.18,29.14,28.61,,,14.19,,112,2.84,,1.4,
BUY,164,BCC,2022-02-01,60.4,97.15,,,2.93,,,,,,,2022-01-31,65.09,59.1,50.55,59.59,59.75,58.36,,,28.75,,91,5,,1.0,
BUY,168,CCB,2022-02-01,48.56,120.84,,,2.93,,,,,,,2022-01-31,49.36,48.06,36.7,48.51,49.13,48.88,,,34.51,,999,5,,0.3,
BUY,166,CF,2022-02-01,63.43,92.51,,,2.93,,,,,,,2022-01-31,68.25,61.88,51.42,62.66,62.43,60.98,,,32.74,,999,5,,0.4,
BUY,170,HCC,2022-02-01,24.01,244.4,,,2.93,,,,,,,2022-01-31,26.08,23.44,19.72,23.75,24.07,22.84,,,32.24,,154,5,,0.4,
BUY,169,IRMD,2022-02-01,36.66,160.07,,,2.93,,,,,,,2022-01-31,44.32,38.86,32.89,36.25,35.81,40.02,,,34.75,,999,5,,0.3,
BUY,165,OVV,2022-02-01,34.11,172.03,,,2.93,,,,,,,2022-01-31,36.63,33.11,28.31,34.6,34.01,31.75,,,29.38,,999,5,,0.5,
BUY,167,PBF,2022-02-01,14.12,415.59,,,2.93,,,,,,,2022-01-31,16.39,13.87,12.13,14.2,14.54,12.89,,,35.13,,28,5,,2.8,
BUY,171,TECK,2022-02-01,29.67,197.78,,,2.93,,,,,,,2022-01-31,31.26,28.61,24.22,29.04,29.96,27.93,,,29.07,,999,5,,0.5,
BUY,172,XOM,2022-02-01,65.54,89.53,,,2.93,,,,,,,2022-01-31,69.71,59.9,52.12,64.98,63.12,56.77,,,33.75,,999,5,,0.3,
SELL,112,CCB,2022-02-01,48.56,134.48,2021-12-14,40.98,2.76,3.27,1019.38,1016.11,18.44,33,ratchet-ATR exit,2022-01-31,49.36,48.06,36.7,48.51,49.13,48.88,,,34.51,,999,5,,0.3,
SELL,160,CLS,2022-02-01,12.52,502.36,2022-01-25,10.77,2.71,3.14,876.63,873.48,16.14,5,rotation (out of top-N),2022-01-31,12.17,11.32,9.53,12.44,11.52,11.01,,,27.69,,175,5,,0.6,
SELL,142,COKE,2022-02-01,54.8,101.9,2022-01-11,54.78,2.79,2.79,2.04,-0.75,-0.01,14,rotation (out of top-N),2022-01-31,54.07,54.2,43.19,54.79,55.67,55.54,,,25.2,,999,5,,0.7,
SELL,162,IFS,2022-02-01,24.96,217.38,2022-01-25,24.89,2.71,2.71,15.22,12.5,0.23,5,rotation (out of top-N),2022-01-31,24.69,22.68,19.6,25.1,24.66,21.66,,,25.94,,35,5,,3.1,
SELL,153,MATX,2022-02-01,94.07,64.94,2022-01-25,83.32,2.71,3.05,698.06,695.01,12.85,5,rotation (out of top-N),2022-01-31,84.89,84.0,73.32,92.14,87.89,82.19,,,15.77,,999,3.15,,1.2,
SELL,149,SLB,2022-02-01,35.04,163.26,2022-01-25,33.14,2.71,2.86,310.2,307.34,5.68,5,rotation (out of top-N),2022-01-31,34.99,31.83,28.52,35.49,34.58,30.12,,,22.71,,999,4.54,,0.9,
SELL,163,TDW,2022-02-01,14.02,403.47,2022-01-25,13.41,2.71,2.83,246.11,243.29,4.5,5,rotation (out of top-N),2022-01-31,14.31,12.69,12.18,14.2,13.97,11.77,,,17.48,,7,3.5,,4.0,
SELL,154,TRNS,2022-02-01,93.88,61.66,2022-01-25,87.75,2.71,2.89,377.96,375.07,6.93,5,rotation (out of top-N),2022-01-31,74.56,87.02,72.01,94.51,91.3,90.94,,,3.54,,999,0.71,,1.8,
SELL,155,WHD,2022-02-01,45.85,124.78,2022-01-25,43.36,2.71,2.86,310.7,307.84,5.69,5,rotation (out of top-N),2022-01-31,47.43,41.92,37.07,46.26,45.03,39.45,,,27.96,,999,5,,0.6,
BUY,174,CNR,2022-02-08,24.81,237.22,,,2.94,,,,,,,2022-02-07,28.99,22.78,20.78,22.26,21.42,21.27,,,39.52,,999,5,,0.0,
BUY,173,PDS,2022-02-08,44.32,132.8,,,2.94,,,,,,,2022-02-07,53.14,42.89,37.59,45.53,44.29,38.92,,,41.36,,999,5,,-0.1,
SELL,137,CHRD,2022-02-08,91.99,65.15,2022-01-11,85.68,2.79,3.0,411.08,408.09,7.31,19,rotation (out of top-N),2022-02-07,90.05,85.99,69.48,93.92,91.68,85.74,,,29.61,,999,5,,0.5,
SELL,148,MTDR,2022-02-08,40.98,140.64,2022-01-25,38.47,2.71,2.88,353.01,350.13,6.47,10,rotation (out of top-N),2022-02-07,41.1,39.22,33.51,41.25,41.58,38.06,,,22.64,,999,4.53,,0.9,
BUY,176,BXC,2022-02-15,83.45,77.16,,,3.22,,,,,,,2022-02-14,85.61,77.4,60.9,80.33,76.58,80.06,,,40.58,,999,5,,-0.0,
BUY,180,CBT,2022-02-15,64.26,100.2,,,3.22,,,,,,,2022-02-14,67.5,56.73,51.41,63.45,60.18,53.57,,,31.31,,42,5,,2.7,
BUY,181,ECPG,2022-02-15,70.61,91.19,,,3.22,,,,,,,2022-02-14,71.69,65.22,53.89,70.49,68.22,63.73,,,33.03,,999,5,,0.3,
BUY,178,IFS,2022-02-15,25.66,250.94,,,3.22,,,,,,,2022-02-14,25.95,23.71,19.84,25.3,25.49,23.32,,,30.77,,49,5,,2.6,
BUY,179,MIRM,2022-02-15,21.81,295.24,,,3.22,,,,,,,2022-02-14,23.12,18.71,16.69,21.11,20.59,17.65,,,38.55,,21,5,,2.7,
BUY,175,TSEM,2022-02-15,46.98,137.08,,,3.22,,,,,,,2022-02-14,46.97,37.6,32.15,33.13,34.5,36.96,,,46.09,,175,5,,-0.3,
BUY,177,XENE,2022-02-15,31.95,201.54,,,3.22,,,,,,,2022-02-14,31.28,29.14,23.78,30.62,29.84,29.55,,,31.52,,133,5,,0.4,
SELL,168,CCB,2022-02-15,49.98,120.84,2022-02-01,48.56,2.93,3.02,171.6,168.58,2.87,10,rotation (out of top-N),2022-02-14,47.1,48.05,37.6,49.2,49.28,50.24,,,25.26,,999,5,,0.7,
SELL,166,CF,2022-02-15,64.12,92.51,2022-02-01,63.43,2.93,2.97,63.83,60.87,1.04,10,rotation (out of top-N),2022-02-14,66.89,63.97,52.38,65.25,66.44,63.92,,,27.7,,999,5,,0.6,
SELL,174,CNR,2022-02-15,28.12,237.22,2022-02-08,24.81,2.94,3.34,785.21,781.88,13.28,5,rotation (out of top-N),2022-02-14,26.58,23.47,21.14,29.16,25.58,22.28,,,25.73,,999,5,,0.7,
SELL,150,DAC,2022-02-15,83.52,85.46,2022-01-25,63.31,2.71,3.57,1727.14,1723.58,31.86,15,rotation (out of top-N),2022-02-14,79.35,70.91,61.97,82.17,79.21,66.71,,,28.04,,999,5,,0.6,
SELL,169,IRMD,2022-02-15,44.76,160.07,2022-02-01,36.66,2.93,3.58,1296.55,1292.97,22.03,10,rotation (out of top-N),2022-02-14,44.02,40.72,33.81,44.56,43.12,40.35,,,30.21,,999,5,,0.5,
SELL,165,OVV,2022-02-15,36.08,172.03,2022-02-01,34.11,2.93,3.1,338.91,335.81,5.72,10,rotation (out of top-N),2022-02-14,36.12,34.38,28.99,37.16,36.31,33.43,,,24.58,,999,4.92,,0.8,
SELL,172,XOM,2022-02-15,66.58,89.53,2022-02-01,65.54,2.93,2.98,93.12,90.14,1.54,10,rotation (out of top-N),2022-02-14,67.01,62.61,52.99,68.36,68.03,60.77,,,26.46,,999,5,,0.7,
BUY,185,ANDE,2022-03-01,42.49,153.34,,,3.26,,,,,,,2022-02-28,44.78,37.63,31.17,42.3,38.55,36.14,,,43.65,,999,5,,-0.2,
BUY,192,CF,2022-03-01,75.09,86.77,,,3.26,,,,,,,2022-02-28,83.28,68.77,53.91,74.1,69.87,65.08,,,54.49,,999,5,,-0.7,
BUY,191,CNR,2022-03-01,29.05,224.28,,,3.26,,,,,,,2022-02-28,33.14,25.79,21.99,28.35,26.82,23.42,,,50.7,,999,5,,-0.5,
BUY,182,CVX,2022-03-01,122.27,53.29,,,3.26,,,,,,,2022-02-28,133.85,113.74,93.69,121.5,115.57,109.94,,,42.86,,999,5,,-0.1,
BUY,187,LNTH,2022-03-01,46.95,138.77,,,3.26,,,,,,,2022-02-28,52.32,34.72,27.59,47.78,36.17,28.45,,,89.66,,999,5,,-1,
BUY,188,MOS,2022-03-01,46.91,138.89,,,3.26,,,,,,,2022-02-28,53.4,41.28,33.15,46.72,41.94,38.21,,,61.09,,999,5,,-1,
BUY,186,MTDR,2022-03-01,46.56,139.94,,,3.26,,,,,,,2022-02-28,49.73,41.87,34.78,45.98,42.2,40.37,,,42.98,,999,5,,-0.1,
BUY,184,NTR,2022-03-01,74.99,86.88,,,3.26,,,,,,,2022-02-28,82.92,67.87,58.49,75.03,68.27,63.9,,,41.77,,999,5,,-0.1,
BUY,190,OVV,2022-03-01,41.46,157.15,,,3.26,,,,,,,2022-02-28,43.37,36.39,29.87,40.9,36.97,35.11,,,45.21,,999,5,,-0.3,
BUY,193,PBF,2022-03-01,15.25,427.24,,,3.26,,,,,,,2022-02-28,18.14,15.48,12.37,14.9,15.84,15.36,,,46.59,,56,5,,1.7,
BUY,189,SBR,2022-03-01,40.21,162.04,,,3.26,,,,,,,2022-02-28,40.84,34.24,28.26,39.4,35.08,33.12,,,44.51,,999,5,,-0.2,
BUY,183,SQM,2022-03-01,57.63,113.06,,,3.26,,,,,,,2022-02-28,68.81,54.36,47.24,58.28,55.01,49.55,,,45.67,,175,5,,-0.3,
SELL,164,BCC,2022-03-01,67.63,97.15,2022-02-01,60.4,2.93,3.29,702.42,699.14,11.91,19,rotation (out of top-N),2022-02-28,66.26,63.5,51.97,67.98,65.98,63.25,,,27.5,,119,5,,0.6,
SELL,180,CBT,2022-03-01,66.89,100.2,2022-02-15,64.26,3.22,3.35,263.54,260.18,4.04,9,rotation (out of top-N),2022-02-28,65.78,60.01,51.91,66.94,65.68,57.43,,,26.71,,56,5,,2.7,
SELL,181,ECPG,2022-03-01,66.04,91.19,2022-02-15,70.61,3.22,3.01,-416.75,-419.76,-6.52,9,rotation (out of top-N),2022-02-28,66.47,65.7,54.97,66.02,68.48,65.89,,,20.93,,999,4.19,,1.0,
SELL,152,EOG,2022-03-01,95.54,64.43,2022-01-25,83.98,2.71,3.08,744.76,741.68,13.71,24,rotation (out of top-N),2022-02-28,97.86,88.29,70.69,94.69,91.73,87.81,,,38.43,,999,5,,0.1,
SELL,131,FANG,2022-03-01,113.96,64.06,2022-01-04,92.46,2.96,3.65,1377.26,1373.61,23.19,38,rotation (out of top-N),2022-02-28,113.15,104.48,82.86,112.97,107.53,103.29,,,36.55,,999,5,,0.2,
SELL,158,HAL,2022-03-01,31.3,208.26,2022-01-25,25.98,2.71,3.26,1107.92,1104.66,20.42,24,rotation (out of top-N),2022-02-28,31.41,27.98,22.16,30.75,29.7,27.4,,,41.75,,147,5,,-0.1,
SELL,178,IFS,2022-03-01,25.67,250.94,2022-02-15,25.66,3.22,3.22,2.51,-0.71,-0.01,9,rotation (out of top-N),2022-02-28,26.28,24.46,20.05,25.61,25.38,24.49,,,31.06,,63,5,,1.4,
SELL,156,IMO,2022-03-01,40.92,149.17,2022-01-25,36.27,2.71,3.05,693.65,690.6,12.76,24,rotation (out of top-N),2022-02-28,42.07,38.01,30.42,40.72,39.61,37.53,,,38.28,,999,5,,0.1,
SELL,179,MIRM,2022-03-01,24.3,295.24,2022-02-15,21.81,3.22,3.59,736.61,733.03,11.38,9,rotation (out of top-N),2022-02-28,21.3,19.92,16.96,23.8,22.98,19.35,,,25.59,,35,5,,3.1,
SELL,167,PBF,2022-03-01,15.25,415.59,2022-02-01,14.12,2.93,3.17,469.62,466.45,7.95,19,ratchet-ATR exit,2022-02-28,18.14,15.48,12.37,14.9,15.84,15.36,,,46.59,,56,5,,1.7,
SELL,175,TSEM,2022-03-01,46.67,137.08,2022-02-15,46.98,3.22,3.2,-41.81,-45.01,-0.7,9,rotation (out of top-N),2022-02-28,46.95,40.68,33.13,46.84,44.85,38.91,,,41.71,,189,5,,-0.1,
SELL,177,XENE,2022-03-01,32.33,201.54,2022-02-15,31.95,3.22,3.26,76.58,73.33,1.14,9,rotation (out of top-N),2022-02-28,30.24,29.62,24.37,31.7,30.61,29.72,,,24.06,,147,4.81,,0.8,
BUY,195,BKR,2022-03-08,31.99,222.8,,,3.56,,,,,,,2022-03-07,34.18,27.31,22.41,31.58,28.14,25.48,,,52.54,,182,5,,-0.6,
BUY,198,FLR,2022-03-08,23.88,298.46,,,3.56,,,,,,,2022-03-07,28.53,23.26,19.82,26.44,22.97,21.94,,,43.92,,119,5,,-0.2,
BUY,197,HAL,2022-03-08,31.54,225.98,,,3.56,,,,,,,2022-03-07,34.41,29.15,22.46,33.37,30.79,28.46,,,53.24,,154,5,,-0.7,
BUY,196,NBR,2022-03-08,145.04,49.14,,,3.56,,,,,,,2022-03-07,159.52,125.27,101.42,143.16,132.61,116.46,,,57.29,,42,5,,1.4,
BUY,199,TDW,2022-03-08,16.79,424.49,,,3.56,,,,,,,2022-03-07,20.6,15.29,12.45,17.75,15.56,14.07,,,65.47,,42,5,,1.3,
BUY,194,TSEM,2022-03-08,46.73,152.52,,,3.56,,,,,,,2022-03-07,47.16,41.86,33.63,46.73,46.12,39.77,,,40.22,,196,5,,-0.0,
SELL,185,ANDE,2022-03-08,43.48,153.34,2022-03-01,42.49,3.26,3.33,151.81,148.47,2.28,5,rotation (out of top-N),2022-03-07,40.72,38.19,31.43,43.21,41.87,37.07,,,29.57,,999,5,,0.5,
SELL,176,BXC,2022-03-08,89.15,77.16,2022-02-15,83.45,3.22,3.44,439.41,435.97,6.77,14,rotation (out of top-N),2022-03-07,88.46,82.32,63.74,84.31,86.73,79.59,,,38.78,,999,5,,0.1,
SELL,191,CNR,2022-03-08,33.55,224.28,2022-03-01,29.05,3.26,3.76,1009.28,1005.52,15.43,5,rotation (out of top-N),2022-03-07,30.69,26.68,22.37,31.88,29.99,24.66,,,37.19,,999,5,,0.1,
SELL,145,COP,2022-03-08,86.29,80.25,2022-01-11,69.56,2.79,3.46,1342.5,1339.04,23.99,38,rotation (out of top-N),2022-03-07,84.09,77.01,60.24,86.59,82.14,76.52,,,39.6,,999,5,,0.0,
SELL,190,OVV,2022-03-08,44.08,157.15,2022-03-01,41.46,3.26,3.46,411.74,408.27,6.27,5,rotation (out of top-N),2022-03-07,40.92,37.21,30.21,43.46,40.58,36.38,,,35.46,,999,5,,0.2,
SELL,183,SQM,2022-03-08,69.39,113.06,2022-03-01,57.63,3.26,3.92,1329.55,1325.63,20.35,5,rotation (out of top-N),2022-03-07,65.88,56.45,47.9,63.39,60.18,51.9,,,37.54,,182,5,,0.1,
BUY,204,ACLS,2022-03-15,59.97,109.97,,,3.3,,,,,,,2022-03-14,80.46,67.35,55.12,59.09,63.77,64.86,,,45.98,,999,5,,-0.3,
BUY,201,BXC,2022-03-15,82.88,79.57,,,3.3,,,,,,,2022-03-14,93.1,84.28,65.02,81.9,86.88,80.06,,,43.18,,999,5,,-0.2,
BUY,206,CAR,2022-03-15,206.33,31.96,,,3.3,,,,,,,2022-03-14,269.01,195.18,152.83,202.55,182.21,171.07,,,76.02,,999,5,,-1,
BUY,202,DVN,2022-03-15,42.18,156.35,,,3.3,,,,,,,2022-03-14,48.58,44.7,32.21,43.91,47.27,43.86,,,50.83,,999,5,,-0.5,
BUY,200,IRTC,2022-03-15,107.48,61.36,,,3.3,,,,,,,2022-03-14,138.42,124.18,86.66,107.83,123.45,125.16,,,59.73,,112,5,,-0.9,
BUY,203,MATX,2022-03-15,108.93,60.54,,,3.3,,,,,,,2022-03-14,114.14,96.78,79.21,108.75,101.63,91.59,,,44.09,,999,5,,-0.2,
BUY,205,SEI,2022-03-15,8.86,744.33,,,3.3,,,,,,,2022-03-14,9.71,8.0,6.88,9.18,8.92,7.38,,,41.07,,21,5,,2.6,
SELL,182,CVX,2022-03-15,134.63,53.29,2022-03-01,122.27,3.26,3.59,658.64,655.05,10.05,10,rotation (out of top-N),2022-03-14,135.3,122.19,96.27,140.62,135.19,117.49,,,40.54,,999,5,,-0.0,
SELL,128,DVN,2022-03-15,42.18,156.28,2022-01-04,37.9,2.96,3.3,668.86,665.57,11.24,48,ratchet-ATR exit,2022-03-14,48.58,44.7,32.21,43.91,47.27,43.86,,,50.83,,999,5,,-0.5,
SELL,198,FLR,2022-03-15,27.76,298.46,2022-03-08,23.88,3.56,4.14,1158.03,1153.89,16.19,5,rotation (out of top-N),2022-03-14,28.13,24.15,20.04,28.3,25.99,22.43,,,40.34,,126,5,,-0.0,
SELL,104,IRTC,2022-03-15,107.48,60.4,2021-12-14,91.25,2.76,3.25,980.22,976.98,17.73,62,ratchet-ATR exit,2022-03-14,138.42,124.18,86.66,107.83,123.45,125.16,,,59.73,,112,5,,-0.9,
SELL,186,MTDR,2022-03-15,44.97,139.94,2022-03-01,46.56,3.26,3.15,-222.5,-225.65,-3.46,10,rotation (out of top-N),2022-03-14,49.01,44.3,35.7,47.24,47.74,42.77,,,37.27,,999,5,,0.1,
SELL,157,NRP,2022-03-15,27.94,203.63,2022-01-25,26.57,2.71,2.84,278.97,276.13,5.1,34,rotation (out of top-N),2022-03-14,29.9,28.48,21.62,30.09,29.8,28.51,,,38.32,,999,5,,0.1,
SELL,189,SBR,2022-03-15,34.95,162.04,2022-03-01,40.21,3.26,2.83,-852.31,-855.14,-13.12,10,rotation (out of top-N),2022-03-14,37.9,35.85,29.01,36.91,39.35,35.49,,,30.63,,999,5,,0.5,
BUY,208,ANDE,2022-03-22,44.08,173.35,,,3.82,,,,,,,2022-03-21,51.14,41.07,32.34,43.9,41.61,38.39,,,58.14,,999,5,,-0.9,
BUY,211,CNR,2022-03-22,32.22,237.16,,,3.82,,,,,,,2022-03-21,37.49,29.31,23.28,32.39,30.47,26.45,,,61.03,,999,5,,-1,
BUY,209,EQT,2022-03-22,26.74,285.77,,,3.82,,,,,,,2022-03-21,32.25,24.45,20.05,26.69,24.92,21.85,,,60.82,,999,5,,-1,
BUY,212,NRP,2022-03-22,32.71,233.61,,,3.82,,,,,,,2022-03-21,33.78,29.45,22.11,32.24,30.31,28.78,,,52.79,,999,5,,-0.6,
BUY,210,OVV,2022-03-22,45.38,168.39,,,3.82,,,,,,,2022-03-21,49.37,40.28,31.19,45.46,41.79,37.86,,,58.28,,999,5,,-0.9,
BUY,207,SQM,2022-03-22,71.57,106.77,,,3.82,,,,,,,2022-03-21,74.6,61.46,49.52,70.74,65.55,56.01,,,50.65,,196,5,,-0.5,
SELL,204,ACLS,2022-03-22,79.95,109.97,2022-03-15,59.97,3.3,4.4,2197.15,2192.75,33.25,5,rotation (out of top-N),2022-03-21,78.57,69.39,56.12,78.43,71.16,66.1,,,40.0,,999,5,,-0.0,
SELL,201,BXC,2022-03-22,94.07,79.57,2022-03-15,82.88,3.3,3.74,890.39,886.64,13.44,5,rotation (out of top-N),2022-03-21,79.62,83.43,65.95,92.01,89.93,81.71,,,20.72,,999,4.14,,1.0,
SELL,203,MATX,2022-03-22,114.68,60.54,2022-03-15,108.93,3.3,3.47,348.11,344.64,5.23,5,rotation (out of top-N),2022-03-21,114.67,100.03,80.65,113.5,108.06,95.14,,,42.19,,999,5,,-0.1,
SELL,205,SEI,2022-03-22,10.26,744.33,2022-03-15,8.86,3.3,3.82,1042.06,1038.24,15.74,5,rotation (out of top-N),2022-03-21,10.42,8.44,6.95,10.1,9.46,7.76,,,49.9,,28,5,,2.0,
SELL,171,TECK,2022-03-22,38.77,197.78,2022-02-01,29.67,2.93,3.83,1799.79,1795.96,30.61,34,rotation (out of top-N),2022-03-21,38.45,35.13,26.7,38.51,37.15,33.97,,,44.02,,999,5,,-0.2,
SELL,194,TSEM,2022-03-22,48.17,152.52,2022-03-08,46.73,3.56,3.67,219.63,215.96,3.03,10,rotation (out of top-N),2022-03-21,48.83,44.1,34.7,48.29,47.54,42.0,,,40.7,,210,5,,-0.0,
BUY,214,CALM,2022-03-29,39.59,197.81,,,3.92,,,,,,,2022-03-28,45.37,36.67,29.95,39.66,38.16,34.48,,,51.48,,84,5,,0.0,
BUY,213,TECK,2022-03-29,36.8,212.81,,,3.92,,,,,,,2022-03-28,40.2,36.05,27.16,37.99,37.79,34.95,,,48.0,,999,5,,-0.4,
SELL,208,ANDE,2022-03-29,48.05,173.35,2022-03-22,44.08,3.82,4.16,688.22,684.05,8.95,5,rotation (out of top-N),2022-03-28,46.56,42.07,32.8,49.0,45.81,39.94,,,41.95,,999,5,,-0.1,
SELL,195,BKR,2022-03-29,32.88,222.8,2022-03-08,31.99,3.56,3.66,198.29,194.63,2.73,15,rotation (out of top-N),2022-03-28,33.03,30.1,23.31,33.56,33.27,28.7,,,41.67,,203,5,,-0.1,
BUY,215,ANDE,2022-04-05,46.69,184.81,,,4.31,,,,,,,2022-04-04,50.24,43.56,33.37,46.12,46.4,41.45,,,50.55,,999,5,,-0.5,
BUY,216,IMO,2022-04-05,45.83,188.27,,,4.31,,,,,,,2022-04-04,46.56,41.59,32.17,45.8,43.43,40.82,,,44.73,,999,5,,-0.2,
BUY,217,MIRM,2022-04-05,24.88,346.81,,,4.31,,,,,,,2022-04-04,27.45,22.52,17.73,24.18,22.74,22.3,,,54.87,,70,5,,0.1,
SELL,214,CALM,2022-04-05,45.73,197.81,2022-03-29,39.59,3.92,4.52,1214.54,1210.02,15.45,5,rotation (out of top-N),2022-04-04,43.08,37.83,30.34,45.79,41.59,36.0,,,42.01,,91,5,,0.4,
SELL,206,CAR,2022-04-05,266.78,31.96,2022-03-15,206.33,3.3,4.26,1932.11,1927.85,29.23,15,rotation (out of top-N),2022-04-04,232.36,216.38,165.36,269.76,251.47,203.43,,,40.52,,999,5,,-0.0,
SELL,213,TECK,2022-04-05,39.15,212.81,2022-03-29,36.8,3.92,4.17,500.09,495.93,6.33,5,rotation (out of top-N),2022-04-04,39.05,36.6,27.6,39.0,38.53,36.06,,,41.51,,999,5,,-0.1,
BUY,219,ATI,2022-04-12,27.39,298.25,,,4.08,,,,,,,2022-04-11,30.33,26.21,19.88,27.2,27.37,26.14,,,52.54,,63,5,,0.3,
BUY,221,CAR,2022-04-12,248.15,32.92,,,4.08,,,,,,,2022-04-11,252.09,222.88,169.9,243.65,244.91,211.24,,,48.37,,999,5,,-0.4,
BUY,218,IRTC,2022-04-12,148.63,54.96,,,4.08,,,,,,,2022-04-11,144.52,138.65,95.3,146.53,152.27,135.91,,,51.64,,140,5,,-0.6,
BUY,220,SBR,2022-04-12,43.22,189.01,,,4.08,,,,,,,2022-04-11,44.77,39.5,30.68,42.36,41.26,38.47,,,45.91,,999,5,,-0.3,
BUY,222,TECK,2022-04-12,38.36,212.96,,,4.08,,,,,,,2022-04-11,41.09,37.42,28.07,37.73,38.02,36.65,,,46.37,,999,5,,-0.3,
BUY,223,VIST,2022-04-12,8.86,922.54,,,4.08,,,,,,,2022-04-11,9.01,8.29,6.03,8.63,9.04,8.31,,,49.37,,999,5,,-0.5,
SELL,216,IMO,2022-04-12,46.48,188.27,2022-04-05,45.83,4.31,4.38,122.38,118.0,1.37,5,rotation (out of top-N),2022-04-11,46.29,42.44,32.68,45.66,44.8,41.55,,,41.67,,999,5,,-0.1,
SELL,200,IRTC,2022-04-12,148.63,61.36,2022-03-15,107.48,3.3,4.56,2524.88,2520.32,38.22,20,ratchet-ATR exit,2022-04-11,144.52,138.65,95.3,146.53,152.27,135.91,,,51.64,,140,5,,-0.6,
SELL,151,LQDA,2022-04-12,6.34,1013.2,2022-01-25,5.34,2.71,3.21,1013.2,1009.98,18.67,54,rotation (out of top-N),2022-04-11,5.29,6.24,4.44,6.31,6.92,6.65,,,19.07,,182,3.81,,1.0,
SELL,210,OVV,2022-04-12,45.91,168.39,2022-03-22,45.38,3.82,3.87,89.25,85.38,1.12,15,rotation (out of top-N),2022-04-11,47.63,43.76,32.68,44.56,46.45,42.48,,,45.73,,999,5,,-0.3,
SELL,207,SQM,2022-04-12,73.83,106.77,2022-03-22,71.57,3.82,3.94,241.3,237.36,3.11,15,rotation (out of top-N),2022-04-11,72.68,67.56,52.08,71.75,74.23,65.82,,,39.55,,217,5,,0.0,
SELL,161,VIST,2022-04-12,8.86,1032.53,2022-01-25,5.24,2.71,4.57,3732.6,3728.03,68.9,54,ratchet-ATR exit,2022-04-11,9.01,8.29,6.03,8.63,9.04,8.31,,,49.37,,999,5,,-0.5,
BUY,227,CALM,2022-04-19,41.78,197.53,,,4.13,,,,,,,2022-04-18,43.7,39.52,31.08,41.7,42.34,38.29,,,40.59,,105,5,,0.2,
BUY,226,NUE,2022-04-19,158.45,52.09,,,4.13,,,,,,,2022-04-18,151.62,137.03,110.53,160.37,148.86,133.06,,,37.17,,999,5,,0.1,
BUY,225,OVV,2022-04-19,47.87,172.4,,,4.13,,,,,,,2022-04-18,45.06,43.99,33.23,48.57,47.1,43.53,,,35.59,,999,5,,0.2,
BUY,224,TRGP,2022-04-19,71.32,115.72,,,4.13,,,,,,,2022-04-18,69.34,65.71,51.16,71.7,70.21,64.44,,,35.55,,999,5,,0.2,
SELL,202,DVN,2022-04-19,52.72,156.35,2022-03-15,42.18,3.3,4.12,1647.91,1643.78,24.93,24,rotation (out of top-N),2022-04-18,48.41,48.53,35.81,52.97,51.49,48.77,,,35.18,,999,5,,0.2,
SELL,170,HCC,2022-04-19,34.23,244.4,2022-02-01,24.01,2.93,4.18,2497.8,2493.61,42.49,53,rotation (out of top-N),2022-04-18,29.99,32.32,24.44,35.31,34.57,33.3,,,22.7,,231,4.54,,0.9,
SELL,218,IRTC,2022-04-19,137.8,54.96,2022-04-12,148.63,4.08,3.79,-595.25,-599.03,-7.33,4,rotation (out of top-N),2022-04-18,126.25,136.4,97.13,136.52,147.3,137.95,,,29.97,,147,5,,0.5,
SELL,222,TECK,2022-04-19,41.5,212.96,2022-04-12,38.36,4.08,4.42,668.69,664.27,8.13,4,rotation (out of top-N),2022-04-18,35.46,37.06,28.45,42.25,39.65,37.32,,,24.62,,999,4.92,,0.8,
BUY,228,AMR,2022-04-26,123.91,70.24,,,4.35,,,,,,,2022-04-25,147.06,121.93,70.03,119.84,132.72,120.46,,,109.98,,999,5,,-1,
BUY,231,APA,2022-04-26,34.18,254.62,,,4.35,,,,,,,2022-04-25,35.74,34.69,25.38,34.14,36.57,35.22,,,40.84,,999,5,,-0.0,
BUY,242,CF,2022-04-26,88.46,98.38,,,4.35,,,,,,,2022-04-25,88.38,87.67,63.28,86.23,93.3,90.18,,,39.66,,999,5,,0.0,
BUY,237,CNR,2022-04-26,38.67,225.05,,,4.35,,,,,,,2022-04-25,43.77,36.34,26.12,37.95,40.04,34.6,,,67.54,,999,5,,-1,
BUY,236,DK,2022-04-26,19.11,455.41,,,4.35,,,,,,,2022-04-25,20.46,18.29,15.4,18.76,19.6,17.67,,,32.85,,49,5,,2.5,
BUY,229,DVN,2022-04-26,47.44,183.45,,,4.35,,,,,,,2022-04-25,48.48,48.52,36.52,46.84,50.44,49.57,,,32.76,,999,5,,0.4,
BUY,232,EQT,2022-04-26,37.68,230.97,,,4.35,,,,,,,2022-04-25,37.35,32.5,22.22,37.32,38.42,30.81,,,68.09,,999,5,,-1,
BUY,239,IMO,2022-04-26,42.77,203.48,,,4.35,,,,,,,2022-04-25,45.83,43.28,33.7,42.6,45.03,42.95,,,35.98,,999,5,,0.2,
BUY,234,MOS,2022-04-26,58.28,149.33,,,4.35,,,,,,,2022-04-25,55.8,56.68,39.58,56.8,63.12,58.39,,,40.99,,999,5,,-0.0,
BUY,238,NBR,2022-04-26,159.56,54.54,,,4.35,,,,,,,2022-04-25,154.54,156.24,111.46,159.9,175.39,156.91,,,38.65,,91,5,,0.6,
BUY,244,OXY,2022-04-26,52.66,165.27,,,4.35,,,,,,,2022-04-25,51.85,51.04,34.96,51.69,54.91,52.92,,,48.32,,999,5,,-0.4,
BUY,243,PBF,2022-04-26,23.3,373.51,,,4.35,,,,,,,2022-04-25,26.05,21.93,14.39,23.1,24.18,20.96,,,81.07,,112,5,,-0.9,
BUY,233,PDS,2022-04-26,71.05,122.49,,,4.35,,,,,,,2022-04-25,71.9,68.67,46.42,69.52,74.98,68.9,,,54.89,,999,5,,-0.7,
BUY,235,SBR,2022-04-26,44.31,196.41,,,4.35,,,,,,,2022-04-25,43.6,40.89,31.62,43.04,43.68,40.93,,,37.87,,999,5,,0.1,
BUY,240,SEI,2022-04-26,8.95,972.71,,,4.35,,,,,,,2022-04-25,9.8,9.25,7.18,8.88,9.6,9.51,,,36.37,,63,5,,1.1,
BUY,245,STNG,2022-04-26,18.94,459.5,,,4.35,,,,,,,2022-04-25,22.36,18.78,14.86,18.64,19.58,18.15,,,50.51,,42,5,,1.8,
BUY,230,SU,2022-04-26,26.81,324.61,,,4.35,,,,,,,2022-04-25,30.63,27.65,21.75,26.63,28.05,27.44,,,40.84,,196,5,,-0.0,
BUY,247,TDW,2022-04-26,19.51,446.07,,,4.35,,,,,,,2022-04-25,19.99,19.79,14.03,19.38,21.35,20.24,,,42.44,,91,5,,0.4,
BUY,246,VIST,2022-04-26,8.12,1071.12,,,4.35,,,,,,,2022-04-25,8.49,8.37,6.27,8.18,8.85,8.69,,,35.51,,999,5,,0.2,
BUY,241,VLO,2022-04-26,89.51,97.23,,,4.35,,,,,,,2022-04-25,98.18,87.26,69.47,88.89,91.55,84.24,,,41.34,,119,5,,-0.1,
SELL,71,AMR,2022-04-26,123.91,105.73,2021-11-16,47.19,2.49,6.55,8111.61,8105.06,162.45,110,ratchet-ATR exit,2022-04-25,147.06,121.93,70.03,119.84,132.72,120.46,,,109.98,,999,5,,-1,
SELL,215,ANDE,2022-04-26,48.28,184.81,2022-04-05,46.69,4.31,4.46,293.84,289.38,3.35,14,rotation (out of top-N),2022-04-25,46.76,46.25,35.26,48.08,50.63,46.38,,,32.62,,999,5,,0.4,
SELL,129,APA,2022-04-26,34.18,237.77,2022-01-04,24.91,2.96,4.06,2204.14,2200.07,37.15,77,ratchet-ATR exit,2022-04-25,35.74,34.69,25.38,34.14,36.57,35.22,,,40.84,,999,5,,-0.0,
SELL,227,CALM,2022-04-26,41.98,197.53,2022-04-19,41.78,4.13,4.15,39.51,35.36,0.43,5,rotation (out of top-N),2022-04-25,41.67,39.91,31.45,42.1,42.82,39.48,,,32.51,,112,5,,0.5,
SELL,192,CF,2022-04-26,88.46,86.77,2022-03-01,75.09,3.26,3.84,1160.1,1156.26,17.75,39,ratchet-ATR exit,2022-04-25,88.38,87.67,63.28,86.23,93.3,90.18,,,39.66,,999,5,,0.0,
SELL,211,CNR,2022-04-26,38.67,237.16,2022-03-22,32.22,3.82,4.59,1529.71,1525.13,19.96,24,ratchet-ATR exit,2022-04-25,43.77,36.34,26.12,37.95,40.04,34.6,,,67.54,,999,5,,-1,
SELL,209,EQT,2022-04-26,37.68,285.77,2022-03-22,26.74,3.82,5.38,3126.31,3120.92,40.84,24,ratchet-ATR exit,2022-04-25,37.35,32.5,22.22,37.32,38.42,30.81,,,68.09,,999,5,,-1,
SELL,197,HAL,2022-04-26,32.76,225.98,2022-03-08,31.54,3.56,3.7,275.69,271.99,3.82,34,rotation (out of top-N),2022-04-25,32.78,33.59,25.04,32.52,35.53,34.2,,,30.89,,203,5,,0.5,
SELL,217,MIRM,2022-04-26,26.07,346.81,2022-04-05,24.88,4.31,4.52,412.7,408.18,4.73,14,rotation (out of top-N),2022-04-25,23.8,23.85,18.46,25.68,25.89,23.64,,,28.96,,91,5,,1.0,
SELL,188,MOS,2022-04-26,58.28,138.89,2022-03-01,46.91,3.26,4.05,1579.22,1575.17,24.18,39,ratchet-ATR exit,2022-04-25,55.8,56.68,39.58,56.8,63.12,58.39,,,40.99,,999,5,,-0.0,
SELL,196,NBR,2022-04-26,159.56,49.14,2022-03-08,145.04,3.56,3.92,713.51,709.59,9.96,34,ratchet-ATR exit,2022-04-25,154.54,156.24,111.46,159.9,175.39,156.91,,,38.65,,91,5,,0.6,
SELL,184,NTR,2022-04-26,87.8,86.88,2022-03-01,74.99,3.26,3.81,1112.99,1109.18,17.02,39,rotation (out of top-N),2022-04-25,86.13,86.43,66.24,87.27,93.7,88.87,,,30.04,,999,5,,0.5,
SELL,226,NUE,2022-04-26,149.13,52.09,2022-04-19,158.45,4.13,3.88,-485.44,-489.32,-5.93,5,rotation (out of top-N),2022-04-25,145.89,138.64,111.98,149.21,153.44,138.63,,,30.28,,999,5,,0.5,
SELL,159,OXY,2022-04-26,52.66,170.89,2022-01-25,31.66,2.71,4.5,3588.75,3584.25,66.25,63,ratchet-ATR exit,2022-04-25,51.85,51.04,34.96,51.69,54.91,52.92,,,48.32,,999,5,,-0.4,
SELL,193,PBF,2022-04-26,23.3,427.24,2022-03-01,15.25,3.26,4.98,3439.32,3434.34,52.71,39,ratchet-ATR exit,2022-04-25,26.05,21.93,14.39,23.1,24.18,20.96,,,81.07,,112,5,,-0.9,
SELL,173,PDS,2022-04-26,71.05,132.8,2022-02-08,44.32,2.94,4.72,3549.65,3544.93,60.23,53,ratchet-ATR exit,2022-04-25,71.9,68.67,46.42,69.52,74.98,68.9,,,54.89,,999,5,,-0.7,
SELL,220,SBR,2022-04-26,44.31,189.01,2022-04-12,43.22,4.08,4.19,206.02,201.84,2.47,9,ratchet-ATR exit,2022-04-25,43.6,40.89,31.62,43.04,43.68,40.93,,,37.87,,999,5,,0.1,
SELL,199,TDW,2022-04-26,19.51,424.49,2022-03-08,16.79,3.56,4.14,1154.62,1150.48,16.14,34,ratchet-ATR exit,2022-04-25,19.99,19.79,14.03,19.38,21.35,20.24,,,42.44,,91,5,,0.4,
SELL,224,TRGP,2022-04-26,67.75,115.72,2022-04-19,71.32,4.13,3.92,-413.11,-417.03,-5.05,5,rotation (out of top-N),2022-04-25,67.21,65.98,51.88,66.59,70.08,66.24,,,29.56,,999,5,,0.5,
SELL,223,VIST,2022-04-26,8.12,922.54,2022-04-12,8.86,4.08,3.75,-673.46,-677.2,-8.29,9,ratchet-ATR exit,2022-04-25,8.49,8.37,6.27,8.18,8.85,8.69,,,35.51,,999,5,,0.2,
BUY,248,BXC,2022-05-03,70.33,121.28,,,4.26,,,,,,,2022-05-02,97.27,76.89,70.17,70.59,67.96,75.38,,,38.62,,999,5,,0.1,
BUY,249,EOG,2022-05-03,97.71,87.29,,,4.26,,,,,,,2022-05-02,110.53,99.89,79.13,97.28,97.66,99.13,,,39.68,,999,5,,0.0,
BUY,250,EXE,2022-05-03,69.01,123.6,,,4.26,,,,,,,2022-05-02,77.02,70.56,56.06,68.42,70.71,71.03,,,37.38,,999,5,,0.1,
BUY,252,MPC,2022-05-03,80.7,105.69,,,4.26,,,,,,,2022-05-02,87.46,77.9,63.56,81.39,80.01,75.98,,,37.6,,999,5,,0.1,
BUY,251,PDS,2022-05-03,62.99,135.41,,,4.26,,,,,,,2022-05-02,65.38,68.07,47.22,63.23,70.81,70.5,,,38.45,,999,5,,0.1,
SELL,219,ATI,2022-05-03,26.91,298.25,2022-04-12,27.39,4.08,4.01,-143.16,-147.17,-1.8,14,rotation (out of top-N),2022-05-02,26.65,26.72,20.43,27.19,27.78,27.41,,,30.44,,84,5,,1.1,
SELL,221,CAR,2022-05-03,286.62,32.92,2022-04-12,248.15,4.08,4.72,1266.44,1261.72,15.44,14,rotation (out of top-N),2022-05-02,243.58,238.68,183.89,266.1,265.42,247.31,,,32.46,,999,5,,0.4,
SELL,238,NBR,2022-05-03,149.43,54.54,2022-04-26,159.56,4.35,4.08,-552.52,-556.59,-6.4,5,rotation (out of top-N),2022-05-02,152.36,155.54,113.09,146.88,161.82,160.07,,,34.73,,98,5,,0.6,
SELL,233,PDS,2022-05-03,62.99,122.49,2022-04-26,71.05,4.35,3.86,-987.26,-991.12,-11.39,5,ratchet-ATR exit,2022-05-02,65.38,68.07,47.22,63.23,70.81,70.5,,,38.45,,999,5,,0.1,
SELL,246,VIST,2022-05-03,8.66,1071.12,2022-04-26,8.12,4.35,4.64,573.05,568.41,6.53,5,rotation (out of top-N),2022-05-02,8.63,8.42,6.36,8.43,8.59,8.7,,,35.64,,999,5,,0.2,
BUY,253,CVX,2022-05-10,136.89,62.67,,,4.29,,,,,,,2022-05-09,141.65,136.64,107.63,134.46,138.07,138.87,,,31.6,,999,5,,0.4,
BUY,255,DINO,2022-05-10,36.4,235.68,,,4.29,,,,,,,2022-05-09,39.74,33.75,29.42,35.88,34.57,32.72,,,35.1,,126,5,,0.2,
BUY,256,IRTC,2022-05-10,121.8,70.43,,,4.29,,,,,,,2022-05-09,139.0,133.63,103.05,120.17,126.25,138.97,,,34.89,,168,5,,0.3,
BUY,257,LNTH,2022-05-10,56.63,151.48,,,4.29,,,,,,,2022-05-09,63.98,57.64,35.79,55.57,61.96,58.22,,,78.78,,999,5,,-1,
BUY,259,MOS,2022-05-10,52.59,163.13,,,4.29,,,,,,,2022-05-09,55.65,56.58,41.01,49.89,57.18,60.01,,,35.71,,999,5,,0.2,
BUY,258,MUSA,2022-05-10,229.28,37.42,,,4.29,,,,,,,2022-05-09,243.63,218.53,182.68,229.28,231.71,212.58,,,33.36,,999,5,,0.3,
BUY,254,SQM,2022-05-10,67.31,127.45,,,4.29,,,,,,,2022-05-09,73.62,68.71,54.85,65.63,67.85,70.51,,,34.22,,245,5,,0.3,
SELL,248,BXC,2022-05-10,89.56,121.28,2022-05-03,70.33,4.26,5.43,2332.2,2326.77,27.28,5,rotation (out of top-N),2022-05-09,89.25,79.14,70.97,91.52,83.97,75.87,,,25.76,,999,5,,0.7,
SELL,249,EOG,2022-05-10,100.72,87.29,2022-05-03,97.71,4.26,4.4,262.76,258.36,3.03,5,rotation (out of top-N),2022-05-09,103.91,100.62,80.32,98.65,101.37,99.94,,,29.37,,999,5,,0.5,
SELL,250,EXE,2022-05-10,70.6,123.6,2022-05-03,69.01,4.26,4.36,196.52,192.16,2.25,5,rotation (out of top-N),2022-05-09,70.87,70.62,56.74,70.03,73.52,72.0,,,24.91,,999,4.98,,0.8,
SELL,239,IMO,2022-05-10,45.46,203.48,2022-04-26,42.77,4.35,4.63,547.36,542.74,6.24,10,rotation (out of top-N),2022-05-09,45.32,44.37,34.82,44.46,46.41,44.2,,,30.15,,999,5,,0.5,
SELL,187,LNTH,2022-05-10,56.63,138.77,2022-03-01,46.95,3.26,3.93,1344.03,1340.1,20.57,49,ratchet-ATR exit,2022-05-09,63.98,57.64,35.79,55.57,61.96,58.22,,,78.78,,999,5,,-1,
SELL,234,MOS,2022-05-10,52.59,149.33,2022-04-26,58.28,4.35,3.93,-849.68,-853.61,-9.81,10,ratchet-ATR exit,2022-05-09,55.65,56.58,41.01,49.89,57.18,60.01,,,35.71,,999,5,,0.2,
SELL,225,OVV,2022-05-10,39.14,172.4,2022-04-19,47.87,4.13,3.37,-1505.08,-1508.45,-18.28,15,rotation (out of top-N),2022-05-09,40.44,44.45,34.9,42.37,47.09,46.3,,,15.86,,999,3.17,,1.2,
BUY,261,EXE,2022-05-17,74.4,126.95,,,4.72,,,,,,,2022-05-16,77.32,71.84,57.54,73.59,72.12,72.89,,,34.38,,999,5,,0.3,
BUY,262,IMO,2022-05-17,46.87,201.52,,,4.72,,,,,,,2022-05-16,47.43,44.93,35.4,46.27,45.37,44.9,,,33.99,,999,5,,0.3,
BUY,263,INSW,2022-05-17,14.92,633.04,,,4.72,,,,,,,2022-05-16,14.78,13.05,10.94,14.8,13.82,12.69,,,35.14,,56,5,,2.3,
BUY,264,MIRM,2022-05-17,24.73,381.93,,,4.72,,,,,,,2022-05-16,25.6,24.35,19.25,24.0,23.57,24.42,,,33.01,,112,5,,0.5,
BUY,260,TNK,2022-05-17,16.12,585.92,,,4.72,,,,,,,2022-05-16,16.55,14.04,11.58,15.92,14.29,13.68,,,42.96,,63,5,,0.8,
SELL,242,CF,2022-05-17,99.88,98.38,2022-04-26,88.46,4.35,4.91,1123.52,1118.61,12.85,15,rotation (out of top-N),2022-05-16,87.95,89.25,66.94,98.0,91.41,93.01,,,31.38,,999,5,,0.4,
SELL,253,CVX,2022-05-17,147.51,62.67,2022-05-10,136.89,4.29,4.62,665.55,660.93,7.7,5,rotation (out of top-N),2022-05-16,142.78,137.76,109.13,146.0,139.93,139.43,,,30.84,,999,5,,0.5,
SELL,256,IRTC,2022-05-17,134.01,70.43,2022-05-10,121.8,4.29,4.72,860.0,855.28,9.97,5,rotation (out of top-N),2022-05-16,133.34,133.58,105.24,132.9,130.03,139.65,,,26.7,,175,5,,0.7,
SELL,259,MOS,2022-05-17,57.59,163.13,2022-05-10,52.59,4.29,4.7,815.64,810.94,9.45,5,rotation (out of top-N),2022-05-16,51.78,55.7,41.56,56.34,55.36,60.09,,,24.6,,999,4.92,,0.8,
SELL,258,MUSA,2022-05-17,249.57,37.42,2022-05-10,229.28,4.29,4.67,759.18,754.51,8.8,5,rotation (out of top-N),2022-05-16,233.39,221.23,184.79,251.87,238.26,219.35,,,26.3,,999,5,,0.7,
BUY,266,HAL,2022-05-24,34.88,276.59,,,4.82,,,,,,,2022-05-23,38.06,34.46,26.72,35.26,33.76,34.49,,,42.41,,231,5,,-0.1,
BUY,265,NBR,2022-05-24,145.39,66.36,,,4.82,,,,,,,2022-05-23,167.53,151.66,118.32,147.9,138.94,156.36,,,41.6,,119,5,,-0.1,
BUY,267,VIST,2022-05-24,8.76,1101.3,,,4.82,,,,,,,2022-05-23,9.62,8.65,6.69,8.95,8.47,8.72,,,43.77,,999,5,,-0.2,
SELL,262,IMO,2022-05-24,48.7,201.52,2022-05-17,46.87,4.72,4.91,368.77,363.87,3.85,5,rotation (out of top-N),2022-05-23,50.76,45.99,36.11,48.6,46.5,45.58,,,40.55,,999,5,,-0.0,
SELL,263,INSW,2022-05-24,15.13,633.04,2022-05-17,14.92,4.72,4.79,132.94,128.15,1.36,5,rotation (out of top-N),2022-05-23,15.42,13.48,11.07,15.37,14.56,13.2,,,39.24,,63,5,,1.0,
SELL,264,MIRM,2022-05-24,25.02,381.93,2022-05-17,24.73,4.72,4.78,110.76,105.98,1.12,5,rotation (out of top-N),2022-05-23,24.84,24.44,19.51,25.24,24.24,24.61,,,27.33,,119,5,,0.7,
BUY,269,CHRD,2022-06-07,116.67,86.56,,,5.05,,,,,,,2022-06-06,121.26,104.21,86.7,116.43,108.06,97.76,,,39.86,,999,5,,0.0,
BUY,270,EOG,2022-06-07,118.15,85.47,,,5.05,,,,,,,2022-06-06,120.45,108.78,86.35,118.03,113.98,104.37,,,39.49,,999,5,,0.0,
BUY,268,MTDR,2022-06-07,59.12,170.82,,,5.05,,,,,,,2022-06-06,60.52,52.66,42.56,59.24,55.51,49.92,,,42.2,,999,5,,-0.1,
BUY,271,OVV,2022-06-07,52.63,191.88,,,5.05,,,,,,,2022-06-06,53.02,47.59,37.56,52.92,49.53,46.03,,,41.15,,999,5,,-0.1,
SELL,261,EXE,2022-06-07,83.8,126.95,2022-05-17,74.4,4.72,5.32,1193.32,1188.0,12.58,14,rotation (out of top-N),2022-06-06,83.33,77.61,60.56,84.65,82.77,76.17,,,37.6,,999,5,,0.1,
SELL,266,HAL,2022-06-07,38.1,276.59,2022-05-24,34.88,4.82,5.27,890.61,885.35,9.18,9,rotation (out of top-N),2022-06-06,37.35,35.62,27.7,38.13,37.14,35.04,,,34.86,,245,5,,0.3,
SELL,212,NRP,2022-06-07,37.78,233.61,2022-03-22,32.71,3.82,4.41,1184.41,1180.0,15.44,53,rotation (out of top-N),2022-06-06,36.65,36.13,27.88,37.54,37.55,36.26,,,31.44,,999,5,,0.4,
SELL,267,VIST,2022-06-07,9.46,1101.3,2022-05-24,8.76,4.82,5.21,770.91,765.7,7.94,9,rotation (out of top-N),2022-06-06,8.68,8.7,6.9,9.2,9.03,8.71,,,25.71,,999,5,,0.7,
BUY,275,AMR,2022-06-14,141.33,72.26,,,5.11,,,,,,,2022-06-13,137.42,145.0,90.74,138.58,156.45,150.75,,,51.44,,999,5,,-0.6,
BUY,284,BANF,2022-06-14,84.48,120.89,,,5.11,,,,,,,2022-06-13,88.03,81.34,69.34,83.67,84.93,79.97,,,26.95,,196,5,,0.7,
BUY,278,CNR,2022-06-14,45.44,224.75,,,5.11,,,,,,,2022-06-13,42.52,44.45,30.71,44.86,48.98,46.29,,,38.44,,999,5,,0.1,
BUY,281,HQY,2022-06-14,64.65,157.97,,,5.11,,,,,,,2022-06-13,68.53,63.23,58.71,64.63,63.38,62.32,,,16.73,,63,3.35,,2.1,
BUY,286,HURN,2022-06-14,58.0,176.08,,,5.11,,,,,,,2022-06-13,58.87,56.53,50.54,57.56,59.25,56.63,,,16.48,,56,3.3,,3.2,
BUY,279,IMO,2022-06-14,49.95,204.46,,,5.11,,,,,,,2022-06-13,44.42,46.82,37.91,49.75,50.5,47.45,,,17.16,,999,3.43,,1.1,
BUY,283,INSW,2022-06-14,14.37,710.71,,,5.11,,,,,,,2022-06-13,13.3,13.92,11.35,14.29,15.03,14.32,,,17.21,,84,3.44,,1.7,
BUY,276,LNTH,2022-06-14,61.88,165.03,,,5.11,,,,,,,2022-06-13,60.67,62.49,40.78,61.89,67.11,64.2,,,48.78,,999,5,,-0.4,
BUY,282,OXY,2022-06-14,58.5,174.58,,,5.11,,,,,,,2022-06-13,52.5,57.93,41.47,56.4,62.2,59.42,,,26.58,,999,5,,0.7,
BUY,277,SBR,2022-06-14,53.9,189.48,,,5.11,,,,,,,2022-06-13,43.41,48.17,35.98,54.33,56.51,48.71,,,20.66,,999,4.13,,1.0,
BUY,274,SDS,2022-06-14,212.22,48.12,,,5.11,,,,,,,2022-06-13,222.22,189.81,168.34,214.12,190.62,183.81,,,32.0,,49,5,,2.6,
BUY,280,SEI,2022-06-14,11.26,907.0,,,5.11,,,,,,,2022-06-13,9.56,10.68,8.02,11.05,11.83,10.79,,,19.29,,112,3.86,,1.2,
BUY,272,SQM,2022-06-14,84.04,121.52,,,5.11,,,,,,,2022-06-13,81.38,80.95,60.25,83.57,88.08,78.13,,,35.06,,280,5,,0.2,
BUY,273,UFCS,2022-06-14,28.26,361.39,,,5.11,,,,,,,2022-06-13,29.52,27.86,23.5,28.4,28.89,27.75,,,25.63,,119,5,,0.7,
BUY,285,VAL,2022-06-14,52.41,194.86,,,5.11,,,,,,,2022-06-13,50.57,54.67,43.27,52.42,57.51,55.98,,,16.86,,999,3.37,,1.2,
SELL,228,AMR,2022-06-14,141.33,70.24,2022-04-26,123.91,4.35,4.96,1223.5,1218.54,14.0,34,ratchet-ATR exit,2022-06-13,137.42,145.0,90.74,138.58,156.45,150.75,,,51.44,,999,5,,-0.6,
SELL,269,CHRD,2022-06-14,117.18,86.56,2022-06-07,116.67,5.05,5.07,44.14,39.07,0.39,5,rotation (out of top-N),2022-06-13,93.16,102.2,87.52,113.44,115.15,100.24,,,6.44,,999,1.29,,1.7,
SELL,237,CNR,2022-06-14,45.44,225.05,2022-04-26,38.67,4.35,5.11,1523.62,1518.51,17.45,34,ratchet-ATR exit,2022-06-13,42.52,44.45,30.71,44.86,48.98,46.29,,,38.44,,999,5,,0.1,
SELL,229,DVN,2022-06-14,60.55,183.45,2022-04-26,47.44,4.35,5.55,2405.03,2399.47,27.57,34,rotation (out of top-N),2022-06-13,49.05,55.99,42.98,58.67,62.48,56.84,,,14.11,,999,2.82,,1.3,
SELL,270,EOG,2022-06-14,113.95,85.47,2022-06-07,118.15,5.05,4.87,-358.99,-363.86,-3.6,5,rotation (out of top-N),2022-06-13,94.64,106.21,87.38,111.03,116.49,106.35,,,8.31,,999,1.66,,1.6,
SELL,257,LNTH,2022-06-14,61.88,151.48,2022-05-10,56.63,4.29,4.69,795.25,790.57,9.22,24,ratchet-ATR exit,2022-06-13,60.67,62.49,40.78,61.89,67.11,64.2,,,48.78,,999,5,,-0.4,
SELL,252,MPC,2022-06-14,96.09,105.69,2022-05-03,80.7,4.26,5.08,1626.64,1621.56,19.01,29,rotation (out of top-N),2022-06-13,80.05,86.87,69.47,93.73,97.62,88.32,,,15.23,,999,3.05,,1.2,
SELL,268,MTDR,2022-06-14,57.83,170.82,2022-06-07,59.12,5.05,4.94,-220.35,-225.29,-2.23,5,rotation (out of top-N),2022-06-13,47.59,51.73,43.09,56.37,58.24,50.95,,,10.46,,999,2.09,,1.5,
SELL,265,NBR,2022-06-14,162.08,66.36,2022-05-24,145.39,4.82,5.38,1107.47,1102.09,11.42,14,rotation (out of top-N),2022-06-13,132.64,154.97,124.16,158.48,172.43,159.14,,,6.83,,140,1.37,,1.7,
SELL,271,OVV,2022-06-14,52.23,191.88,2022-06-07,52.63,5.05,5.01,-76.75,-81.76,-0.81,5,rotation (out of top-N),2022-06-13,42.15,46.6,37.99,50.89,51.83,46.91,,,10.95,,999,2.19,,1.5,
SELL,244,OXY,2022-06-14,58.5,165.27,2022-04-26,52.66,4.35,4.83,965.15,960.31,11.03,34,ratchet-ATR exit,2022-06-13,52.5,57.93,41.47,56.4,62.2,59.42,,,26.58,,999,5,,0.7,
SELL,251,PDS,2022-06-14,74.43,135.41,2022-05-03,62.99,4.26,5.04,1549.11,1544.07,18.1,29,rotation (out of top-N),2022-06-13,61.5,71.39,53.42,75.62,79.87,73.7,,,15.12,,999,3.02,,1.2,
SELL,235,SBR,2022-06-14,53.9,196.41,2022-04-26,44.31,4.35,5.29,1883.56,1878.26,21.58,34,ratchet-ATR exit,2022-06-13,43.41,48.17,35.98,54.33,56.51,48.71,,,20.66,,999,4.13,,1.0,
SELL,240,SEI,2022-06-14,11.26,972.71,2022-04-26,8.95,4.35,5.48,2249.88,2244.41,25.79,34,ratchet-ATR exit,2022-06-13,9.56,10.68,8.02,11.05,11.83,10.79,,,19.29,,112,3.86,,1.2,
SELL,254,SQM,2022-06-14,84.04,127.45,2022-05-10,67.31,4.29,5.36,2132.29,2126.94,24.79,24,ratchet-ATR exit,2022-06-13,81.38,80.95,60.25,83.57,88.08,78.13,,,35.06,,280,5,,0.2,
BUY,289,ARGX,2022-06-28,368.31,26.36,,,4.85,,,,,,,2022-06-27,377.25,339.54,307.69,373.74,353.54,320.43,,,22.61,,56,4.52,,2.9,
BUY,300,CORT,2022-06-28,25.18,385.59,,,4.85,,,,,,,2022-06-27,25.41,22.37,21.15,25.09,22.62,20.79,,,20.18,,119,4.04,,1.0,
BUY,287,DINO,2022-06-28,40.9,237.39,,,4.85,,,,,,,2022-06-27,39.05,39.09,32.12,39.63,40.25,40.64,,,21.58,,175,4.32,,0.9,
BUY,296,DK,2022-06-28,24.31,399.39,,,4.85,,,,,,,2022-06-27,22.55,22.92,17.68,23.55,23.92,24.34,,,27.53,,112,5,,0.8,
BUY,290,ESLT,2022-06-28,207.82,46.72,,,4.85,,,,,,,2022-06-27,221.36,201.99,177.76,201.86,195.86,198.65,,,24.52,,322,4.9,,0.8,
BUY,288,LLY,2022-06-28,316.16,30.71,,,4.85,,,,,,,2022-06-27,313.71,295.02,260.97,316.41,299.12,290.3,,,20.21,,999,4.04,,1.0,
BUY,292,MCK,2022-06-28,321.67,30.18,,,4.85,,,,,,,2022-06-27,323.11,311.32,264.93,319.86,309.07,313.25,,,21.96,,999,4.39,,0.9,
BUY,297,PBF,2022-06-28,30.7,316.26,,,4.85,,,,,,,2022-06-27,27.48,28.35,19.08,29.65,30.52,29.89,,,44.02,,175,5,,-0.2,
BUY,295,SBR,2022-06-28,45.24,214.62,,,4.85,,,,,,,2022-06-27,44.47,46.56,36.79,43.95,46.08,48.93,,,20.88,,999,4.18,,1.0,
BUY,301,TDW,2022-06-28,22.87,424.54,,,4.85,,,,,,,2022-06-27,20.99,22.74,16.85,22.4,22.56,23.83,,,24.55,,154,4.91,,0.8,
BUY,299,TMDX,2022-06-28,32.54,298.38,,,4.85,,,,,,,2022-06-27,32.09,28.06,23.46,32.26,29.47,27.53,,,36.76,,49,5,,2.3,
BUY,291,TNK,2022-06-28,16.3,595.66,,,4.85,,,,,,,2022-06-27,15.4,15.79,12.55,16.27,16.33,16.43,,,22.72,,105,4.54,,1.1,
BUY,293,UTHR,2022-06-28,241.71,40.17,,,4.85,,,,,,,2022-06-27,238.04,217.5,197.67,241.26,231.26,209.23,,,20.42,,28,4.08,,3.5,
BUY,294,UTL,2022-06-28,51.05,190.19,,,4.85,,,,,,,2022-06-27,53.49,48.7,42.47,50.58,48.27,48.0,,,25.96,,126,5,,0.7,
BUY,298,VRTX,2022-06-28,287.96,33.72,,,4.85,,,,,,,2022-06-27,287.31,270.78,233.62,287.36,274.03,262.61,,,22.98,,189,4.6,,0.9,
SELL,231,APA,2022-06-28,34.1,254.62,2022-04-26,34.18,4.35,4.34,-20.37,-24.71,-0.28,43,rotation (out of top-N),2022-06-27,30.87,35.67,30.05,32.73,35.07,37.75,,,2.73,,999,0.55,,1.9,
SELL,255,DINO,2022-06-28,40.9,235.68,2022-05-10,36.4,4.29,4.82,1060.58,1055.76,12.31,33,ratchet-ATR exit,2022-06-27,39.05,39.09,32.12,39.63,40.25,40.64,,,21.58,,175,4.32,,0.9,
SELL,236,DK,2022-06-28,24.31,455.41,2022-04-26,19.11,4.35,5.54,2368.13,2362.59,27.15,43,ratchet-ATR exit,2022-06-27,22.55,22.92,17.68,23.55,23.92,24.34,,,27.53,,112,5,,0.8,
SELL,232,EQT,2022-06-28,35.4,230.97,2022-04-26,37.68,4.35,4.09,-526.61,-530.69,-6.1,43,rotation (out of top-N),2022-06-27,32.33,36.62,27.0,34.55,35.86,39.74,,,19.73,,999,3.95,,1.0,
SELL,281,HQY,2022-06-28,66.62,157.97,2022-06-14,64.65,5.11,5.26,311.2,305.94,3.0,9,rotation (out of top-N),2022-06-27,57.69,62.75,58.57,66.74,66.74,62.34,,,-1.49,,77,-0.3,,2.8,
SELL,279,IMO,2022-06-28,45.1,204.46,2022-06-14,49.95,5.11,4.61,-991.64,-996.25,-9.75,9,rotation (out of top-N),2022-06-27,43.23,45.58,38.78,44.31,45.32,47.49,,,11.47,,999,2.29,,1.4,
SELL,283,INSW,2022-06-28,13.78,710.71,2022-06-14,14.37,5.11,4.9,-419.32,-424.21,-4.15,9,rotation (out of top-N),2022-06-27,13.4,13.67,11.47,13.58,13.56,14.35,,,16.84,,98,3.37,,1.5,
SELL,243,PBF,2022-06-28,30.7,373.51,2022-04-26,23.3,4.35,5.73,2764.0,2758.27,31.69,43,ratchet-ATR exit,2022-06-27,27.48,28.35,19.08,29.65,30.52,29.89,,,44.02,,175,5,,-0.2,
SELL,277,SBR,2022-06-28,45.24,189.48,2022-06-14,53.9,5.11,4.29,-1640.87,-1645.16,-16.11,9,ratchet-ATR exit,2022-06-27,44.47,46.56,36.79,43.95,46.08,48.93,,,20.88,,999,4.18,,1.0,
SELL,280,SEI,2022-06-28,10.15,907.0,2022-06-14,11.26,5.11,4.6,-1006.77,-1011.37,-9.9,9,rotation (out of top-N),2022-06-27,9.67,10.34,8.19,9.99,10.29,10.96,,,18.1,,126,3.62,,1.1,
SELL,230,SU,2022-06-28,31.62,324.61,2022-04-26,26.81,4.35,5.13,1561.39,1556.25,17.88,43,rotation (out of top-N),2022-06-27,30.57,31.11,25.44,30.66,31.22,32.5,,,20.14,,259,4.03,,1.0,
SELL,247,TDW,2022-06-28,22.87,446.07,2022-04-26,19.51,4.35,5.1,1498.8,1493.7,17.16,43,ratchet-ATR exit,2022-06-27,20.99,22.74,16.85,22.4,22.56,23.83,,,24.55,,154,4.91,,0.8,
SELL,260,TNK,2022-06-28,16.3,585.92,2022-05-17,16.12,4.72,4.78,105.47,100.69,1.07,28,ratchet-ATR exit,2022-06-27,15.4,15.79,12.55,16.27,16.33,16.43,,,22.72,,105,4.54,,1.1,
SELL,285,VAL,2022-06-28,48.62,194.86,2022-06-14,52.41,5.11,4.74,-738.54,-743.27,-7.28,9,rotation (out of top-N),2022-06-27,42.82,50.96,43.81,47.12,48.9,55.34,,,-2.27,,999,-0.45,,2.1,
SELL,241,VLO,2022-06-28,101.46,97.23,2022-04-26,89.51,4.35,4.93,1161.87,1156.94,13.29,43,rotation (out of top-N),2022-06-27,95.84,102.72,81.43,99.68,103.35,111.25,,,17.69,,182,3.54,,1.1,
BUY,311,AGL,2022-07-12,658.25,13.99,,,4.6,,,,,,,2022-07-11,659.88,564.76,547.79,655.38,602.71,513.09,,,20.46,,0,4.09,,4.0,
BUY,304,AMR,2022-07-12,112.92,81.55,,,4.6,,,,,,,2022-07-11,122.2,131.05,97.7,109.53,116.94,142.49,,,25.08,,999,5,,0.7,
BUY,303,AXSM,2022-07-12,43.08,213.79,,,4.6,,,,,,,2022-07-11,43.61,34.77,33.61,43.29,39.92,29.75,,,29.75,,0,5,,3.5,
BUY,314,CVSA,2022-07-12,37.64,244.66,,,4.6,,,,,,,2022-07-11,38.57,34.79,30.54,36.99,36.45,33.48,,,26.29,,42,5,,3.0,
BUY,307,EQT,2022-07-12,31.45,292.81,,,4.6,,,,,,,2022-07-11,34.53,35.59,27.7,32.53,32.82,38.66,,,24.64,,999,4.93,,0.8,
BUY,312,HALO,2022-07-12,49.6,185.66,,,4.6,,,,,,,2022-07-11,49.17,46.02,39.44,50.01,47.91,45.27,,,24.66,,91,4.93,,1.3,
BUY,306,MUSA,2022-07-12,263.77,34.91,,,4.6,,,,,,,2022-07-11,267.92,239.39,201.55,261.6,242.02,236.81,,,32.93,,999,5,,0.4,
BUY,305,OLLI,2022-07-12,70.34,130.92,,,4.6,,,,,,,2022-07-11,68.6,59.19,52.53,71.19,65.94,53.85,,,30.59,,21,5,,3.1,
BUY,313,PBF,2022-07-12,24.04,383.06,,,4.6,,,,,,,2022-07-11,24.65,27.27,19.71,25.34,26.71,29.86,,,25.06,,189,5,,0.7,
BUY,302,SQM,2022-07-12,72.83,126.44,,,4.6,,,,,,,2022-07-11,76.78,79.13,63.37,74.54,77.68,83.22,,,21.17,,308,4.23,,0.9,
BUY,315,STNG,2022-07-12,28.65,321.43,,,4.6,,,,,,,2022-07-11,31.81,29.46,19.05,29.34,30.15,30.29,,,66.96,,119,5,,-1.0,
BUY,308,TNK,2022-07-12,14.11,652.65,,,4.6,,,,,,,2022-07-11,15.68,15.59,12.67,14.3,15.03,16.67,,,23.72,,119,4.74,,0.8,
BUY,310,TPL,2022-07-12,161.77,56.93,,,4.6,,,,,,,2022-07-11,176.83,163.09,139.51,164.49,162.83,160.3,,,26.75,,98,5,,1.0,
BUY,309,USPH,2022-07-12,107.63,85.56,,,4.6,,,,,,,2022-07-11,111.84,103.24,92.96,107.42,103.87,100.91,,,20.31,,63,4.06,,1.9,
SELL,275,AMR,2022-07-12,112.92,72.26,2022-06-14,141.33,5.11,4.08,-2052.97,-2057.05,-20.14,18,ratchet-ATR exit,2022-07-11,122.2,131.05,97.7,109.53,116.94,142.49,,,25.08,,999,5,,0.7,
SELL,289,ARGX,2022-07-12,358.07,26.36,2022-06-28,368.31,4.85,4.72,-269.94,-274.66,-2.83,9,rotation (out of top-N),2022-07-11,364.24,346.06,310.66,356.04,363.56,336.95,,,17.25,,70,3.45,,2.0,
SELL,284,BANF,2022-07-12,87.31,120.89,2022-06-14,84.48,5.11,5.28,342.12,336.84,3.3,18,rotation (out of top-N),2022-07-11,84.56,85.59,72.75,87.59,90.19,84.92,,,16.24,,224,3.25,,1.2,
SELL,287,DINO,2022-07-12,38.13,237.39,2022-06-28,40.9,4.85,4.53,-657.57,-662.1,-6.82,9,rotation (out of top-N),2022-07-11,37.78,38.85,32.59,39.09,39.04,41.4,,,15.94,,189,3.19,,1.2,
SELL,296,DK,2022-07-12,19.57,399.39,2022-06-28,24.31,4.85,3.91,-1893.13,-1897.04,-19.54,9,rotation (out of top-N),2022-07-11,19.72,21.91,17.88,19.8,21.28,24.19,,,10.26,,126,2.05,,1.5,
SELL,292,MCK,2022-07-12,321.91,30.18,2022-06-28,321.67,4.85,4.86,7.24,2.39,0.02,9,rotation (out of top-N),2022-07-11,323.62,315.56,271.39,322.46,318.06,314.57,,,19.25,,999,3.85,,1.0,
SELL,297,PBF,2022-07-12,24.04,316.26,2022-06-28,30.7,4.85,3.8,-2106.31,-2110.11,-21.73,9,ratchet-ATR exit,2022-07-11,24.65,27.27,19.71,25.34,26.71,29.86,,,25.06,,189,5,,0.7,
SELL,295,SBR,2022-07-12,41.31,214.62,2022-06-28,45.24,4.85,4.43,-843.45,-847.88,-8.73,9,rotation (out of top-N),2022-07-11,43.78,45.36,37.51,42.64,42.97,48.61,,,16.71,,999,3.34,,1.2,
SELL,274,SDS,2022-07-12,201.0,48.12,2022-06-14,212.22,5.11,4.84,-539.95,-544.79,-5.33,18,rotation (out of top-N),2022-07-11,199.39,194.72,170.74,200.57,201.09,196.96,,,16.78,,77,3.36,,1.9,
SELL,272,SQM,2022-07-12,72.83,121.52,2022-06-14,84.04,5.11,4.43,-1362.28,-1366.7,-13.38,18,ratchet-ATR exit,2022-07-11,76.78,79.13,63.37,74.54,77.68,83.22,,,21.17,,308,4.23,,0.9,
SELL,245,STNG,2022-07-12,28.65,459.5,2022-04-26,18.94,4.35,6.58,4461.71,4455.13,51.19,52,ratchet-ATR exit,2022-07-11,31.81,29.46,19.05,29.34,30.15,30.29,,,66.96,,119,5,,-1.0,
SELL,301,TDW,2022-07-12,18.8,424.54,2022-06-28,22.87,4.85,3.99,-1727.89,-1731.88,-17.84,9,rotation (out of top-N),2022-07-11,18.73,21.53,17.17,19.22,20.34,23.76,,,9.09,,168,1.82,,1.5,
SELL,291,TNK,2022-07-12,14.11,595.66,2022-06-28,16.3,4.85,4.2,-1304.5,-1308.7,-13.48,9,ratchet-ATR exit,2022-07-11,15.68,15.59,12.67,14.3,15.03,16.67,,,23.72,,119,4.74,,0.8,
SELL,293,UTHR,2022-07-12,241.45,40.17,2022-06-28,241.71,4.85,4.85,-10.44,-15.29,-0.16,9,rotation (out of top-N),2022-07-11,240.0,225.54,200.24,241.72,238.82,222.22,,,19.86,,42,3.97,,3.3,
BUY,320,AGYS,2022-07-19,49.12,197.45,,,4.85,,,,,,,2022-07-18,51.34,45.66,42.21,48.88,48.31,43.32,,,21.64,,14,4.33,,3.7,
BUY,321,BANF,2022-07-19,85.69,113.18,,,4.85,,,,,,,2022-07-18,93.18,86.97,73.61,83.76,86.46,85.96,,,26.58,,231,5,,0.7,
BUY,322,BELFB,2022-07-19,17.63,550.12,,,4.85,,,,,,,2022-07-18,17.91,16.39,14.6,17.31,16.51,15.76,,,22.65,,140,4.53,,0.9,
BUY,323,CALM,2022-07-19,41.42,234.15,,,4.85,,,,,,,2022-07-18,41.87,39.38,34.74,41.21,40.43,37.53,,,20.54,,196,4.11,,1.0,
BUY,318,CECO,2022-07-19,6.43,1508.34,,,4.85,,,,,,,2022-07-18,7.29,6.22,5.97,6.34,6.14,6.16,,,22.04,,7,4.41,,3.8,
BUY,317,IRTC,2022-07-19,143.87,67.41,,,4.85,,,,,,,2022-07-18,149.95,134.53,122.36,142.29,132.81,127.87,,,22.55,,238,4.51,,0.9,
BUY,316,MOD,2022-07-19,11.63,833.93,,,4.85,,,,,,,2022-07-18,12.21,10.86,10.11,11.29,11.03,10.85,,,20.8,,28,4.16,,3.5,
BUY,319,SBR,2022-07-19,45.47,213.3,,,4.85,,,,,,,2022-07-18,46.49,45.57,37.97,44.8,43.34,48.17,,,22.45,,999,4.49,,0.9,
SELL,311,AGL,2022-07-19,651.88,13.99,2022-07-12,658.25,4.6,4.56,-89.12,-93.68,-1.02,5,rotation (out of top-N),2022-07-18,629.63,576.56,548.56,640.38,632.17,535.78,,,14.78,,7,2.96,,4.1,
SELL,303,AXSM,2022-07-19,40.86,213.79,2022-07-12,43.08,4.6,4.37,-473.54,-477.91,-5.19,5,rotation (out of top-N),2022-07-18,40.31,35.77,33.61,41.04,41.84,31.42,,,19.92,,7,3.98,,3.9,
SELL,290,ESLT,2022-07-19,225.65,46.72,2022-06-28,207.82,4.85,5.27,833.01,827.74,8.53,14,rotation (out of top-N),2022-07-18,217.44,209.07,183.47,221.79,217.53,203.81,,,18.51,,343,3.7,,1.1,
SELL,288,LLY,2022-07-19,313.61,30.71,2022-06-28,316.16,4.85,4.82,-78.31,-83.13,-0.86,14,rotation (out of top-N),2022-07-18,318.15,306.06,268.16,311.44,314.67,301.85,,,18.64,,999,3.73,,1.1,
SELL,313,PBF,2022-07-19,24.41,383.06,2022-07-12,24.04,4.6,4.68,141.73,137.06,1.49,5,rotation (out of top-N),2022-07-18,23.67,26.62,19.95,24.87,25.3,29.5,,,18.64,,196,3.73,,1.1,
SELL,273,UFCS,2022-07-19,29.72,361.39,2022-06-14,28.26,5.11,5.37,527.63,522.26,5.11,23,rotation (out of top-N),2022-07-18,29.59,29.64,24.81,29.66,30.27,29.65,,,19.25,,154,3.85,,1.0,
SELL,294,UTL,2022-07-19,51.2,190.19,2022-06-28,51.05,4.85,4.87,28.53,23.66,0.24,14,rotation (out of top-N),2022-07-18,45.74,49.01,43.39,50.8,51.09,49.63,,,5.42,,147,1.08,,1.7,
SELL,298,VRTX,2022-07-19,289.02,33.72,2022-06-28,287.96,4.85,4.87,35.74,30.87,0.32,14,rotation (out of top-N),2022-07-18,280.35,278.64,241.78,286.19,288.32,274.31,,,15.95,,210,3.19,,1.2,
BUY,324,DGII,2022-07-26,26.47,360.87,,,4.78,,,,,,,2022-07-25,28.54,24.77,22.51,26.27,25.72,24.13,,,26.81,,49,5,,2.8,
BUY,325,DK,2022-07-26,21.22,450.16,,,4.78,,,,,,,2022-07-25,22.75,21.71,18.04,20.71,20.22,23.2,,,26.11,,140,5,,0.7,
BUY,328,GFF,2022-07-26,24.59,388.46,,,4.78,,,,,,,2022-07-25,26.94,23.87,21.07,24.49,24.16,24.46,,,27.86,,63,5,,1.6,
BUY,327,INSW,2022-07-26,14.3,668.0,,,4.78,,,,,,,2022-07-25,14.96,13.63,11.68,14.17,13.61,13.8,,,28.03,,126,5,,0.6,
BUY,326,PBF,2022-07-26,26.83,356.03,,,4.78,,,,,,,2022-07-25,29.87,27.21,20.35,26.11,25.04,29.17,,,46.78,,203,5,,-0.3,
SELL,320,AGYS,2022-07-26,51.41,197.45,2022-07-19,49.12,4.85,5.08,452.16,447.08,4.61,5,rotation (out of top-N),2022-07-25,48.27,46.14,42.12,51.75,50.34,44.8,,,14.6,,21,2.92,,3.9,
SELL,323,CALM,2022-07-26,44.18,234.15,2022-07-19,41.42,4.85,5.17,646.26,641.09,6.61,5,rotation (out of top-N),2022-07-25,40.19,39.53,35.05,44.04,41.57,38.33,,,14.67,,203,2.93,,1.3,
SELL,312,HALO,2022-07-26,50.69,185.66,2022-07-12,49.6,4.6,4.71,202.37,197.67,2.15,10,rotation (out of top-N),2022-07-25,48.91,47.07,39.99,50.47,49.45,46.79,,,22.32,,105,4.46,,1.1,
SELL,317,IRTC,2022-07-26,145.84,67.41,2022-07-19,143.87,4.85,4.92,133.14,128.23,1.32,5,rotation (out of top-N),2022-07-25,154.76,138.21,124.53,147.85,142.7,129.6,,,24.28,,245,4.86,,0.8,
SELL,305,OLLI,2022-07-26,61.35,130.92,2022-07-12,70.34,4.6,4.02,-1176.97,-1180.98,-12.82,10,rotation (out of top-N),2022-07-25,58.98,60.09,52.31,63.55,66.22,59.58,,,12.74,,35,2.55,,3.8,
BUY,337,ALNY,2022-08-02,142.22,74.75,,,5.32,,,,,,,2022-08-01,218.65,157.16,156.58,140.0,142.54,141.93,,,39.64,,0,5,,3.0,
BUY,336,CYTK,2022-08-02,41.12,258.5,,,5.32,,,,,,,2022-08-01,51.87,43.41,39.24,41.2,41.21,42.25,,,32.18,,999,5,,0.4,
BUY,330,ELF,2022-08-02,34.01,312.58,,,5.32,,,,,,,2022-08-01,37.44,31.31,28.3,33.89,32.98,29.8,,,32.29,,21,5,,3.0,
BUY,329,GSAT,2022-08-02,20.55,517.32,,,5.32,,,,,,,2022-08-01,24.53,20.36,18.91,20.63,20.21,19.26,,,29.69,,14,5,,3.3,
BUY,333,IONS,2022-08-02,37.27,285.24,,,5.32,,,,,,,2022-08-01,45.68,39.1,34.95,37.51,38.15,37.07,,,30.69,,126,5,,0.5,
BUY,338,MIRM,2022-08-02,22.83,465.65,,,5.32,,,,,,,2022-08-01,29.39,24.46,20.98,23.08,24.21,22.32,,,40.07,,189,5,,-0.0,
BUY,335,PI,2022-08-02,86.23,123.28,,,5.32,,,,,,,2022-08-01,95.08,69.75,67.04,86.56,75.97,61.15,,,41.83,,0,5,,2.9,
BUY,331,PTCT,2022-08-02,45.42,234.06,,,5.32,,,,,,,2022-08-01,53.61,42.33,38.47,44.93,44.02,38.28,,,39.34,,21,5,,2.7,
BUY,334,RYTM,2022-08-02,12.99,818.39,,,5.32,,,,,,,2022-08-01,20.23,10.28,8.51,12.44,11.87,6.85,,,137.89,,0,5,,2.0,
BUY,332,SMCI,2022-08-02,5.47,1944.91,,,5.32,,,,,,,2022-08-01,5.9,4.89,4.38,5.53,5.1,4.6,,,34.74,,105,5,,0.5,
SELL,304,AMR,2022-08-02,129.24,81.55,2022-07-12,112.92,4.6,5.27,1330.93,1325.66,14.4,15,rotation (out of top-N),2022-08-01,123.08,129.03,102.74,128.81,130.89,132.92,,,19.8,,999,3.96,,1.0,
SELL,300,CORT,2022-08-02,27.4,385.59,2022-06-28,25.18,4.85,5.28,856.02,850.74,8.76,24,rotation (out of top-N),2022-08-01,28.72,25.92,22.2,27.33,27.72,24.81,,,29.36,,154,5,,0.5,
SELL,314,CVSA,2022-08-02,39.9,244.66,2022-07-12,37.64,4.6,4.88,551.7,546.82,5.94,15,rotation (out of top-N),2022-08-01,38.27,36.73,30.72,39.97,39.47,36.21,,,24.57,,63,4.91,,1.7,
SELL,325,DK,2022-08-02,22.35,450.16,2022-07-26,21.22,4.78,5.03,508.68,503.65,5.27,5,rotation (out of top-N),2022-08-01,20.7,21.53,18.15,22.17,21.34,22.8,,,14.08,,147,2.82,,1.3,
SELL,286,HURN,2022-08-02,66.53,176.08,2022-06-14,58.0,5.11,5.86,1501.99,1496.13,14.65,33,rotation (out of top-N),2022-08-01,67.25,63.19,52.95,67.11,65.71,62.69,,,27.01,,105,5,,0.9,
SELL,282,OXY,2022-08-02,61.59,174.58,2022-06-14,58.5,5.11,5.38,539.45,534.07,5.23,33,rotation (out of top-N),2022-08-01,55.64,57.51,46.31,61.52,59.51,57.83,,,20.14,,999,4.03,,1.0,
SELL,319,SBR,2022-08-02,49.07,213.3,2022-07-19,45.47,4.85,5.23,767.87,762.64,7.86,10,rotation (out of top-N),2022-08-01,47.75,46.65,39.03,48.65,47.56,47.37,,,22.33,,999,4.47,,0.9,
SELL,302,SQM,2022-08-02,88.04,126.44,2022-07-12,72.83,4.6,5.57,1923.2,1917.64,20.82,15,rotation (out of top-N),2022-08-01,83.64,81.68,66.22,88.4,85.0,81.86,,,26.3,,329,5,,0.7,
SELL,310,TPL,2022-08-02,195.98,56.93,2022-07-12,161.77,4.6,5.58,1947.43,1941.85,21.09,15,rotation (out of top-N),2022-08-01,177.0,173.82,143.78,195.0,189.76,174.45,,,23.11,,119,4.62,,0.9,
SELL,309,USPH,2022-08-02,119.71,85.56,2022-07-12,107.63,4.6,5.12,1033.57,1028.45,11.17,15,rotation (out of top-N),2022-08-01,85.04,103.76,93.64,120.03,116.53,106.52,,,-9.19,,84,-1.84,,3.1,
BUY,341,AMR,2022-08-09,132.41,92.41,,,6.12,,,,,,,2022-08-08,144.84,131.9,104.91,134.17,128.55,128.19,,,38.06,,999,5,,0.1,
BUY,342,ATI,2022-08-09,29.28,417.89,,,6.12,,,,,,,2022-08-08,31.4,26.09,23.09,28.89,26.31,23.6,,,35.97,,182,5,,0.2,
BUY,340,AXSM,2022-08-09,41.0,298.43,,,6.12,,,,,,,2022-08-08,46.22,39.16,33.85,43.34,40.37,36.43,,,36.53,,28,5,,2.7,
BUY,343,BE,2022-08-09,24.45,500.44,,,6.12,,,,,,,2022-08-08,30.42,21.1,20.43,25.16,21.62,18.1,,,48.89,,0,5,,2.6,
BUY,344,FSLR,2022-08-09,104.31,117.3,,,6.12,,,,,,,2022-08-08,118.02,87.15,80.67,106.74,95.08,74.88,,,46.3,,0,5,,2.7,
BUY,339,SQM,2022-08-09,86.96,140.7,,,6.12,,,,,,,2022-08-08,97.97,84.64,67.28,86.61,85.48,81.28,,,45.62,,336,5,,-0.3,
SELL,336,CYTK,2022-08-09,52.52,258.5,2022-08-02,41.12,5.32,6.79,2945.62,2938.83,27.64,5,rotation (out of top-N),2022-08-08,50.25,44.65,39.47,53.53,45.92,43.07,,,27.31,,999,5,,0.6,
SELL,330,ELF,2022-08-09,36.77,312.58,2022-08-02,34.01,5.32,5.75,862.72,856.98,8.06,5,rotation (out of top-N),2022-08-08,36.73,32.3,28.43,37.23,34.97,30.93,,,29.19,,28,5,,3.1,
SELL,329,GSAT,2022-08-09,23.55,517.32,2022-08-02,20.55,5.32,6.09,1551.95,1545.86,14.54,5,rotation (out of top-N),2022-08-08,25.05,21.22,18.92,23.63,22.27,19.73,,,32.43,,21,5,,3.0,
SELL,333,IONS,2022-08-09,46.01,285.24,2022-08-02,37.27,5.32,6.56,2491.56,2485.0,23.38,5,rotation (out of top-N),2022-08-08,44.08,40.01,35.21,45.72,41.47,38.02,,,25.17,,133,5,,0.7,
SELL,338,MIRM,2022-08-09,28.55,465.65,2022-08-02,22.83,5.32,6.65,2663.54,2656.89,24.99,5,rotation (out of top-N),2022-08-08,24.98,24.55,21.2,28.36,25.68,22.51,,,17.81,,196,3.56,,1.1,
SELL,306,MUSA,2022-08-09,279.69,34.91,2022-07-12,263.77,4.6,4.88,555.81,550.92,5.98,20,rotation (out of top-N),2022-08-08,286.05,261.14,212.67,278.73,276.25,251.16,,,34.51,,999,5,,0.3,
BUY,345,AEHR,2022-08-16,18.61,783.31,,,7.29,,,,,,,2022-08-15,16.91,12.59,11.97,18.46,16.01,10.62,,,41.28,,0,5,,2.9,
BUY,347,ASTS,2022-08-16,11.71,1244.0,,,7.29,,,,,,,2022-08-15,12.3,8.72,8.05,12.74,9.6,7.13,,,52.89,,0,5,,2.4,
BUY,346,LQDA,2022-08-16,8.38,1740.11,,,7.29,,,,,,,2022-08-15,7.45,5.67,5.4,8.38,6.19,4.88,,,37.98,,0,5,,3.1,
BUY,348,OXY,2022-08-16,61.16,238.28,,,7.29,,,,,,,2022-08-15,67.23,59.94,48.01,60.69,59.66,57.28,,,40.05,,999,5,,-0.0,
SELL,337,ALNY,2022-08-16,230.84,74.75,2022-08-02,142.22,5.32,8.63,6623.92,6615.29,62.23,10,rotation (out of top-N),2022-08-15,215.91,179.23,158.87,231.11,214.47,162.98,,,35.9,,14,5,,3.0,
SELL,343,BE,2022-08-16,28.59,500.44,2022-08-09,24.45,6.12,7.15,2071.81,2064.66,16.87,5,rotation (out of top-N),2022-08-15,25.53,21.9,20.22,30.37,26.47,19.68,,,26.29,,7,5,,3.6,
SELL,331,PTCT,2022-08-16,52.99,234.06,2022-08-02,45.42,5.32,6.2,1771.81,1765.61,16.61,10,rotation (out of top-N),2022-08-15,51.49,45.55,39.06,52.92,51.11,44.37,,,31.82,,35,5,,2.8,
SELL,339,SQM,2022-08-16,101.99,140.7,2022-08-09,86.96,6.12,7.18,2114.79,2107.62,17.23,5,rotation (out of top-N),2022-08-15,81.19,84.01,67.88,100.42,91.58,82.55,,,19.61,,343,3.92,,1.0,
BUY,351,CF,2022-08-23,98.24,123.06,,,6.04,,,,,,,2022-08-22,108.91,91.54,79.56,97.24,94.35,84.94,,,36.88,,999,5,,0.2,
BUY,352,GSAT,2022-08-23,25.2,479.76,,,6.04,,,,,,,2022-08-22,29.85,23.43,19.1,25.05,25.02,21.47,,,56.26,,35,5,,1.6,
BUY,350,SBR,2022-08-23,56.01,215.85,,,6.04,,,,,,,2022-08-22,56.53,50.31,41.0,53.64,52.54,47.26,,,37.87,,999,5,,0.1,
BUY,349,SQM,2022-08-23,85.59,141.25,,,6.04,,,,,,,2022-08-22,94.51,85.92,68.89,84.49,88.48,83.4,,,37.19,,350,5,,0.1,
SELL,342,ATI,2022-08-23,31.75,417.89,2022-08-09,29.28,6.12,6.63,1030.09,1023.46,8.36,10,rotation (out of top-N),2022-08-22,32.34,28.18,23.88,31.42,31.22,25.73,,,35.39,,196,5,,0.2,
SELL,321,BANF,2022-08-23,106.12,113.18,2022-07-19,85.69,4.85,6.01,2312.33,2306.32,23.78,25,rotation (out of top-N),2022-08-22,102.4,97.99,79.0,106.19,106.52,96.36,,,29.62,,266,5,,0.5,
SELL,328,GFF,2022-08-23,30.32,388.46,2022-07-26,24.59,4.78,5.89,2225.9,2220.01,23.24,20,rotation (out of top-N),2022-08-22,29.26,26.89,21.74,30.2,29.5,25.96,,,34.61,,91,5,,0.8,
SELL,335,PI,2022-08-23,91.85,123.28,2022-08-02,86.23,5.32,5.66,692.86,687.2,6.46,15,rotation (out of top-N),2022-08-22,92.76,80.94,68.21,91.45,93.62,77.08,,,36.0,,21,5,,2.9,
BUY,360,CYTK,2022-08-30,51.53,260.17,,,6.7,,,,,,,2022-08-29,54.09,48.05,40.39,51.11,51.02,46.11,,,33.91,,999,5,,0.3,
BUY,355,DINO,2022-08-30,46.5,288.31,,,6.7,,,,,,,2022-08-29,46.14,42.77,35.05,47.5,45.84,41.22,,,31.62,,238,5,,0.4,
BUY,357,DKL,2022-08-30,43.47,308.41,,,6.7,,,,,,,2022-08-29,43.31,38.56,32.49,43.29,41.77,36.87,,,33.3,,154,5,,0.3,
BUY,356,ELF,2022-08-30,37.01,362.24,,,6.7,,,,,,,2022-08-29,38.3,34.77,28.89,36.93,37.38,34.69,,,32.57,,49,5,,2.6,
BUY,354,MOD,2022-08-30,15.69,854.73,,,6.7,,,,,,,2022-08-29,14.79,14.14,10.71,15.61,16.17,13.79,,,38.04,,70,5,,0.9,
BUY,359,PDD,2022-08-30,67.78,197.79,,,6.7,,,,,,,2022-08-29,72.23,56.08,51.74,65.95,54.92,53.3,,,39.59,,7,5,,2.9,
BUY,358,PLMR,2022-08-30,76.08,176.22,,,6.7,,,,,,,2022-08-29,84.07,71.86,61.74,76.48,76.26,67.09,,,36.16,,21,5,,2.8,
BUY,353,YPF,2022-08-30,5.87,2283.89,,,6.7,,,,,,,2022-08-29,5.82,4.49,4.2,5.88,5.16,3.84,,,38.65,,7,5,,3.0,
SELL,345,AEHR,2022-08-30,15.63,783.31,2022-08-16,18.61,7.29,6.12,-2330.34,-2336.47,-16.03,10,rotation (out of top-N),2022-08-29,13.47,13.38,11.81,15.66,16.84,12.99,,,14.06,,14,2.81,,4.1,
SELL,341,AMR,2022-08-30,148.69,92.41,2022-08-09,132.41,6.12,6.87,1504.4,1497.53,12.24,15,rotation (out of top-N),2022-08-29,142.32,139.46,112.64,153.53,152.27,132.97,,,26.35,,999,5,,0.7,
SELL,351,CF,2022-08-30,102.52,123.06,2022-08-23,98.24,6.04,6.31,526.72,520.41,4.3,5,rotation (out of top-N),2022-08-29,98.34,92.77,80.6,104.31,101.39,88.17,,,22.02,,999,4.4,,0.9,
SELL,346,LQDA,2022-08-30,7.71,1740.11,2022-08-16,8.38,7.29,6.71,-1157.18,-1163.88,-7.99,10,rotation (out of top-N),2022-08-29,5.85,5.98,5.52,7.73,7.33,5.63,,,5.91,,14,1.18,,4.5,
SELL,316,MOD,2022-08-30,15.69,833.93,2022-07-19,11.63,4.85,6.54,3381.6,3375.06,34.8,30,ratchet-ATR exit,2022-08-29,14.79,14.14,10.71,15.61,16.17,13.79,,,38.04,,70,5,,0.9,
SELL,348,OXY,2022-08-30,69.42,238.28,2022-08-16,61.16,7.29,8.27,1968.23,1959.96,13.45,10,rotation (out of top-N),2022-08-29,64.84,62.24,49.98,70.98,67.2,60.15,,,29.73,,999,5,,0.5,
SELL,350,SBR,2022-08-30,56.69,215.85,2022-08-23,56.01,6.04,6.12,146.78,140.66,1.16,5,rotation (out of top-N),2022-08-29,53.91,50.97,41.65,57.97,55.0,48.7,,,29.44,,999,5,,0.5,
SELL,349,SQM,2022-08-30,95.29,141.25,2022-08-23,85.59,6.04,6.73,1370.16,1363.43,11.28,5,rotation (out of top-N),2022-08-29,91.21,86.88,69.78,94.68,91.77,85.31,,,30.72,,357,5,,0.5,
BUY,363,AEHR,2022-09-13,14.47,895.31,,,6.48,,,,,,,2022-09-12,15.58,13.95,11.79,14.07,14.5,14.44,,,32.13,,28,5,,2.9,
BUY,367,ALNY,2022-09-13,207.69,62.38,,,6.48,,,,,,,2022-09-12,213.04,198.29,162.32,211.92,213.98,195.86,,,31.24,,42,5,,2.7,
BUY,365,CNR,2022-09-13,61.69,210.0,,,6.48,,,,,,,2022-09-12,58.01,60.08,41.53,61.72,64.8,61.46,,,39.68,,999,5,,0.0,
BUY,366,ELVN,2022-09-13,8.86,1462.2,,,6.48,,,,,,,2022-09-12,9.32,6.12,5.88,9.52,6.92,5.12,,,58.64,,0,5,,2.1,
BUY,362,PTCT,2022-09-13,51.97,249.28,,,6.48,,,,,,,2022-09-12,52.82,49.33,40.56,53.09,52.47,49.58,,,30.24,,63,5,,1.4,
BUY,361,SQM,2022-09-13,94.32,137.35,,,6.48,,,,,,,2022-09-12,94.02,90.17,72.15,98.05,95.37,89.46,,,30.32,,371,5,,0.5,
BUY,364,XMTR,2022-09-13,56.95,227.46,,,6.48,,,,,,,2022-09-12,56.66,48.09,41.84,59.74,53.54,45.4,,,35.43,,21,5,,2.9,
SELL,347,ASTS,2022-09-13,10.5,1244.0,2022-08-16,11.71,7.29,6.53,-1511.46,-1517.99,-10.42,19,rotation (out of top-N),2022-09-12,8.54,9.57,8.08,10.83,10.96,9.62,,,5.63,,28,1.13,,4.3,
SELL,278,CNR,2022-09-13,61.69,224.75,2022-06-14,45.44,5.11,6.93,3652.26,3645.32,35.69,62,ratchet-ATR exit,2022-09-12,58.01,60.08,41.53,61.72,64.8,61.46,,,39.68,,999,5,,0.0,
SELL,360,CYTK,2022-09-13,53.2,260.17,2022-08-30,51.53,6.7,6.92,433.18,426.26,3.18,9,rotation (out of top-N),2022-09-12,53.3,49.96,41.3,54.4,52.81,48.03,,,29.07,,999,5,,0.5,
SELL,355,DINO,2022-09-13,45.32,288.31,2022-08-30,46.5,6.7,6.53,-340.21,-346.74,-2.59,9,rotation (out of top-N),2022-09-12,42.68,43.2,35.88,45.9,45.63,42.9,,,18.95,,252,3.79,,1.1,
SELL,357,DKL,2022-09-13,42.19,308.41,2022-08-30,43.47,6.7,6.51,-394.76,-401.27,-2.99,9,rotation (out of top-N),2022-09-12,38.85,39.17,33.09,42.44,42.47,39.05,,,17.39,,168,3.48,,1.1,
SELL,326,PBF,2022-09-13,28.69,356.03,2022-07-26,26.83,4.78,5.11,662.22,657.11,6.88,34,rotation (out of top-N),2022-09-12,25.37,28.82,23.42,29.47,30.28,29.38,,,8.31,,252,1.66,,1.6,
SELL,359,PDD,2022-09-13,69.08,197.79,2022-08-30,67.78,6.7,6.83,257.13,250.3,1.87,9,rotation (out of top-N),2022-09-12,65.67,59.86,52.18,71.57,67.28,55.75,,,25.86,,21,5,,3.4,
BUY,373,CALM,2022-09-20,45.09,285.15,,,6.43,,,,,,,2022-09-19,47.64,43.62,38.2,45.47,44.72,42.74,,,24.73,,259,4.95,,0.8,
BUY,370,CECO,2022-09-20,9.35,1375.11,,,6.43,,,,,,,2022-09-19,9.09,8.78,6.57,9.52,9.56,9.26,,,38.36,,70,5,,0.9,
BUY,372,CYTK,2022-09-20,52.62,244.34,,,6.43,,,,,,,2022-09-19,50.82,50.12,41.6,52.32,53.19,49.84,,,22.15,,999,4.43,,0.9,
BUY,374,GSAT,2022-09-20,26.85,478.85,,,6.43,,,,,,,2022-09-19,24.0,25.22,19.82,26.48,27.54,25.73,,,21.11,,63,4.22,,1.9,
BUY,371,HQY,2022-09-20,71.94,178.71,,,6.43,,,,,,,2022-09-19,71.8,65.73,59.61,71.83,69.31,62.99,,,20.44,,161,4.09,,1.0,
BUY,368,SDS,2022-09-20,194.78,66.01,,,6.43,,,,,,,2022-09-19,212.76,188.12,176.63,191.52,186.94,176.92,,,20.45,,147,4.09,,1.0,
BUY,369,UNM,2022-09-20,36.43,352.93,,,6.43,,,,,,,2022-09-19,34.9,33.77,28.75,36.69,35.65,33.57,,,21.38,,224,4.28,,0.9,
SELL,363,AEHR,2022-09-20,14.74,895.31,2022-09-13,14.47,6.48,6.6,241.73,235.13,1.81,5,rotation (out of top-N),2022-09-19,13.76,13.91,11.75,14.87,15.34,15.11,,,17.15,,35,3.43,,3.6,
SELL,318,CECO,2022-09-20,9.35,1508.34,2022-07-19,6.43,4.85,7.05,4404.36,4397.31,45.34,44,ratchet-ATR exit,2022-09-19,9.09,8.78,6.57,9.52,9.56,9.26,,,38.36,,70,5,,0.9,
SELL,307,EQT,2022-09-20,44.71,292.81,2022-07-12,31.45,4.6,6.55,3882.66,3876.11,42.09,49,rotation (out of top-N),2022-09-19,39.01,42.09,33.63,44.79,45.22,43.72,,,15.99,,999,3.2,,1.2,
SELL,352,GSAT,2022-09-20,26.85,479.76,2022-08-23,25.2,6.04,6.44,791.6,785.16,6.49,19,ratchet-ATR exit,2022-09-19,24.0,25.22,19.82,26.48,27.54,25.73,,,21.11,,63,4.22,,1.9,
SELL,276,LNTH,2022-09-20,76.83,165.03,2022-06-14,61.88,5.11,6.34,2467.19,2460.85,24.1,67,rotation (out of top-N),2022-09-19,68.44,76.19,57.75,77.24,81.75,80.09,,,18.51,,999,3.7,,1.1,
SELL,332,SMCI,2022-09-20,5.66,1944.91,2022-08-02,5.47,5.32,5.5,373.42,367.92,3.46,34,rotation (out of top-N),2022-09-19,5.34,5.94,4.76,5.79,6.34,6.3,,,12.17,,154,2.43,,1.4,
SELL,361,SQM,2022-09-20,95.29,137.35,2022-09-13,94.32,6.48,6.54,133.23,126.69,0.98,5,rotation (out of top-N),2022-09-19,84.73,89.18,73.06,96.51,96.13,91.52,,,15.98,,378,3.2,,1.2,
BUY,379,AEHR,2022-09-27,13.55,968.77,,,6.56,,,,,,,2022-09-26,14.15,13.96,11.59,13.11,14.71,15.56,,,22.1,,42,4.42,,3.2,
BUY,384,AGYS,2022-09-27,51.8,253.39,,,6.56,,,,,,,2022-09-26,55.41,50.25,43.44,50.69,49.65,50.54,,,27.56,,84,5,,1.2,
BUY,390,ALNY,2022-09-27,202.21,64.92,,,6.56,,,,,,,2022-09-26,199.93,198.95,162.62,197.45,206.11,211.84,,,22.94,,56,4.59,,2.9,
BUY,389,BELFB,2022-09-27,24.15,543.56,,,6.56,,,,,,,2022-09-26,24.84,24.06,17.79,24.12,24.87,25.61,,,39.64,,210,5,,0.0,
BUY,383,BIIB,2022-09-27,197.41,66.5,,,6.56,,,,,,,2022-09-26,267.02,217.68,212.57,195.84,201.6,207.78,,,25.61,,0,5,,3.7,
BUY,385,CNR,2022-09-27,57.01,230.26,,,6.56,,,,,,,2022-09-26,60.07,59.35,43.34,54.98,59.11,62.65,,,38.61,,999,5,,0.1,
BUY,378,DGII,2022-09-27,32.59,402.73,,,6.56,,,,,,,2022-09-26,34.57,32.3,24.83,32.16,33.34,33.52,,,39.24,,112,5,,0.2,
BUY,376,DINO,2022-09-27,42.04,312.25,,,6.56,,,,,,,2022-09-26,46.4,43.66,36.74,41.07,43.54,44.04,,,26.28,,266,5,,0.7,
BUY,386,KNSA,2022-09-27,11.44,1147.46,,,6.56,,,,,,,2022-09-26,12.86,11.42,10.49,11.07,11.06,11.56,,,22.59,,49,4.52,,3.1,
BUY,387,PBF,2022-09-27,27.53,476.82,,,6.56,,,,,,,2022-09-26,31.51,29.01,24.35,26.75,27.28,29.53,,,29.42,,266,5,,0.5,
BUY,377,PTCT,2022-09-27,49.11,267.3,,,6.56,,,,,,,2022-09-26,50.23,49.48,41.02,48.3,50.87,51.47,,,22.47,,77,4.49,,1.6,
BUY,381,RYTM,2022-09-27,20.99,625.39,,,6.56,,,,,,,2022-09-26,24.49,20.97,11.04,20.57,23.22,22.71,,,121.84,,56,5,,1.1,
BUY,388,TMDX,2022-09-27,41.17,318.85,,,6.56,,,,,,,2022-09-26,41.8,44.6,29.56,39.75,46.11,48.12,,,41.39,,140,5,,-0.1,
BUY,380,TNK,2022-09-27,25.26,519.67,,,6.56,,,,,,,2022-09-26,24.27,22.25,15.66,24.66,25.44,22.74,,,54.97,,196,5,,-0.7,
BUY,382,TPL,2022-09-27,179.82,73.0,,,6.56,,,,,,,2022-09-26,190.21,184.76,154.76,174.39,185.57,188.38,,,22.9,,175,4.58,,0.9,
BUY,375,YPF,2022-09-27,6.34,2068.86,,,6.56,,,,,,,2022-09-26,6.21,5.61,4.47,6.25,6.65,5.47,,,38.98,,35,5,,2.5,
SELL,367,ALNY,2022-09-27,202.21,62.38,2022-09-13,207.69,6.48,6.31,-341.83,-348.13,-2.69,10,ratchet-ATR exit,2022-09-26,199.93,198.95,162.62,197.45,206.11,211.84,,,22.94,,56,4.59,,2.9,
SELL,340,AXSM,2022-09-27,46.02,298.43,2022-08-09,41.0,6.12,6.87,1498.13,1491.26,12.19,34,rotation (out of top-N),2022-09-26,44.61,51.43,37.72,45.4,54.54,54.51,,,18.26,,77,3.65,,1.8,
SELL,322,BELFB,2022-09-27,24.15,550.12,2022-07-19,17.63,4.85,6.64,3586.79,3580.15,36.91,49,ratchet-ATR exit,2022-09-26,24.84,24.06,17.79,24.12,24.87,25.61,,,39.64,,210,5,,0.0,
SELL,373,CALM,2022-09-27,47.42,285.15,2022-09-20,45.09,6.43,6.76,664.39,657.63,5.11,5,rotation (out of top-N),2022-09-26,43.68,43.63,38.58,46.95,46.32,43.39,,,13.21,,266,2.64,,1.3,
SELL,365,CNR,2022-09-27,57.01,210.0,2022-09-13,61.69,6.48,5.99,-982.82,-988.8,-7.63,10,ratchet-ATR exit,2022-09-26,60.07,59.35,43.34,54.98,59.11,62.65,,,38.61,,999,5,,0.1,
SELL,372,CYTK,2022-09-27,48.82,244.34,2022-09-20,52.62,6.43,5.96,-928.5,-934.46,-7.27,5,rotation (out of top-N),2022-09-26,48.47,49.82,41.7,47.95,51.52,51.07,,,16.24,,999,3.25,,1.2,
SELL,324,DGII,2022-09-27,32.59,360.87,2022-07-26,26.47,4.78,5.88,2210.35,2204.47,23.08,44,ratchet-ATR exit,2022-09-26,34.57,32.3,24.83,32.16,33.34,33.52,,,39.24,,112,5,,0.2,
SELL,374,GSAT,2022-09-27,24.15,478.85,2022-09-20,26.85,6.43,5.78,-1292.91,-1298.69,-10.1,5,rotation (out of top-N),2022-09-26,24.08,25.01,19.95,23.78,25.69,26.31,,,20.68,,70,4.14,,1.8,
SELL,371,HQY,2022-09-27,71.06,178.71,2022-09-20,71.94,6.43,6.35,-159.05,-165.4,-1.29,5,rotation (out of top-N),2022-09-26,67.19,66.0,60.17,70.7,70.85,64.64,,,11.67,,168,2.33,,1.4,
SELL,354,MOD,2022-09-27,14.22,854.73,2022-08-30,15.69,6.7,6.08,-1247.91,-1253.99,-9.35,19,rotation (out of top-N),2022-09-26,12.95,14.07,11.1,14.01,14.63,15.36,,,16.69,,98,3.34,,1.5,
SELL,362,PTCT,2022-09-27,49.11,249.28,2022-09-13,51.97,6.48,6.12,-712.94,-719.06,-5.55,10,ratchet-ATR exit,2022-09-26,50.23,49.48,41.02,48.3,50.87,51.47,,,22.47,,77,4.49,,1.6,
SELL,334,RYTM,2022-09-27,20.99,818.39,2022-08-02,12.99,5.32,8.59,6547.11,6538.52,61.51,39,ratchet-ATR exit,2022-09-26,24.49,20.97,11.04,20.57,23.22,22.71,,,121.84,,56,5,,1.1,
SELL,299,TMDX,2022-09-27,41.17,298.38,2022-06-28,32.54,4.85,6.14,2575.02,2568.88,26.46,63,ratchet-ATR exit,2022-09-26,41.8,44.6,29.56,39.75,46.11,48.12,,,41.39,,140,5,,-0.1,
SELL,308,TNK,2022-09-27,25.26,652.65,2022-07-12,14.11,4.6,8.24,7277.03,7268.79,78.93,54,ratchet-ATR exit,2022-09-26,24.27,22.25,15.66,24.66,25.44,22.74,,,54.97,,196,5,,-0.7,
SELL,369,UNM,2022-09-27,34.78,352.93,2022-09-20,36.43,6.43,6.14,-582.34,-588.47,-4.58,5,rotation (out of top-N),2022-09-26,34.8,33.95,29.09,34.48,35.43,34.38,,,19.62,,231,3.92,,1.0,
SELL,353,YPF,2022-09-27,6.34,2283.89,2022-08-30,5.87,6.7,7.25,1084.85,1077.6,8.04,19,ratchet-ATR exit,2022-09-26,6.21,5.61,4.47,6.25,6.65,5.47,,,38.98,,35,5,,2.5,
BUY,395,GSAT,2022-10-04,26.03,555.43,,,7.23,,,,,,,2022-10-03,26.33,25.25,20.18,25.28,24.98,26.53,,,30.49,,77,5,,1.2,
BUY,394,LNG,2022-10-04,163.94,88.19,,,7.23,,,,,,,2022-10-03,167.8,154.78,133.09,161.38,157.08,156.23,,,26.08,,999,5,,0.7,
BUY,392,SBR,2022-10-04,57.57,251.13,,,7.23,,,,,,,2022-10-03,60.52,53.61,45.1,56.81,53.08,54.23,,,34.2,,999,5,,0.3,
BUY,391,UNM,2022-10-04,35.91,402.61,,,7.23,,,,,,,2022-10-03,37.33,34.57,29.49,35.44,35.12,34.92,,,26.58,,238,5,,0.7,
BUY,393,VIST,2022-10-04,10.21,1416.04,,,7.23,,,,,,,2022-10-03,11.8,9.6,8.23,9.99,9.42,9.51,,,43.51,,999,5,,-0.2,
SELL,384,AGYS,2022-10-04,56.47,253.39,2022-09-27,51.8,6.56,7.15,1182.07,1174.91,8.95,5,rotation (out of top-N),2022-10-03,54.22,50.98,43.69,54.48,52.04,50.96,,,24.11,,91,4.82,,1.3,
SELL,390,ALNY,2022-10-04,196.66,64.92,2022-09-27,202.21,6.56,6.38,-360.29,-366.67,-2.79,5,rotation (out of top-N),2022-10-03,195.87,198.39,163.27,196.64,204.04,213.91,,,19.97,,63,3.99,,2.0,
SELL,383,BIIB,2022-10-04,266.01,66.5,2022-09-27,197.41,6.56,8.84,4561.6,4552.75,34.68,5,rotation (out of top-N),2022-10-03,257.88,224.99,213.02,264.32,237.53,212.85,,,21.06,,7,4.21,,3.8,
SELL,377,PTCT,2022-10-04,51.78,267.3,2022-09-27,49.11,6.56,6.92,713.68,706.76,5.38,5,rotation (out of top-N),2022-10-03,50.02,49.58,41.27,50.65,50.59,51.71,,,21.2,,84,4.24,,1.5,
SELL,368,SDS,2022-10-04,206.81,66.01,2022-09-20,194.78,6.43,6.83,794.09,787.26,6.12,10,rotation (out of top-N),2022-10-03,217.51,198.98,180.34,213.79,211.32,185.41,,,20.61,,161,4.12,,1.0,
BUY,396,AXSM,2022-10-11,43.71,303.9,,,6.64,,,,,,,2022-10-10,48.03,49.97,38.3,43.88,46.92,55.37,,,25.4,,91,5,,1.2,
BUY,398,BIIB,2022-10-11,251.47,52.82,,,6.64,,,,,,,2022-10-10,264.75,232.22,213.82,254.78,251.54,218.07,,,23.82,,14,4.76,,3.6,
BUY,397,PTCT,2022-10-11,49.51,268.3,,,6.64,,,,,,,2022-10-10,51.63,49.95,41.61,49.4,50.51,51.45,,,24.09,,91,4.82,,1.3,
BUY,399,STNG,2022-10-11,35.75,371.56,,,6.64,,,,,,,2022-10-10,42.21,38.06,27.01,37.12,37.68,38.05,,,56.26,,210,5,,-0.8,
SELL,395,GSAT,2022-10-11,26.85,555.43,2022-10-04,26.03,7.23,7.46,455.45,447.99,3.1,5,rotation (out of top-N),2022-10-10,25.05,25.22,20.4,27.15,26.1,26.84,,,22.79,,84,4.56,,1.5,
SELL,394,LNG,2022-10-11,159.63,88.19,2022-10-04,163.94,7.23,7.04,-380.1,-387.13,-2.68,5,rotation (out of top-N),2022-10-10,164.49,156.55,134.6,161.98,162.09,158.54,,,22.2,,999,4.44,,0.9,
SELL,315,STNG,2022-10-11,35.75,321.43,2022-07-12,28.65,4.6,5.75,2282.13,2276.38,24.72,64,ratchet-ATR exit,2022-10-10,42.21,38.06,27.01,37.12,37.68,38.05,,,56.26,,210,5,,-0.8,
SELL,364,XMTR,2022-10-11,55.7,227.46,2022-09-13,56.95,6.48,6.33,-286.6,-292.94,-2.26,20,rotation (out of top-N),2022-10-10,52.14,52.69,42.5,56.21,58.77,54.61,,,22.67,,49,4.53,,3.0,
BUY,405,FSLR,2022-10-18,121.39,123.81,,,7.52,,,,,,,2022-10-17,122.55,121.84,88.58,118.29,127.37,129.75,,,38.35,,70,5,,0.9,
BUY,402,FTI,2022-10-18,9.46,1589.18,,,7.52,,,,,,,2022-10-17,10.58,8.89,7.58,9.27,9.15,8.67,,,39.57,,77,5,,0.7,
BUY,406,GSAT,2022-10-18,27.23,551.98,,,7.52,,,,,,,2022-10-17,26.85,25.51,20.68,26.78,26.14,26.86,,,29.81,,91,5,,1.0,
BUY,400,MOD,2022-10-18,14.99,1002.37,,,7.52,,,,,,,2022-10-17,15.25,14.15,11.37,14.57,13.92,14.62,,,34.11,,119,5,,0.3,
BUY,401,PARR,2022-10-18,19.44,773.17,,,7.52,,,,,,,2022-10-17,23.0,18.46,15.88,19.16,18.41,17.84,,,44.86,,147,5,,-0.2,
BUY,403,SMCI,2022-10-18,5.79,2596.39,,,7.52,,,,,,,2022-10-17,6.45,5.91,4.9,5.61,5.6,6.08,,,31.64,,182,5,,0.4,
BUY,407,TDW,2022-10-18,26.25,572.59,,,7.52,,,,,,,2022-10-17,29.34,24.05,21.08,25.6,24.05,23.14,,,39.21,,266,5,,0.0,
BUY,404,XMTR,2022-10-18,55.47,270.97,,,7.52,,,,,,,2022-10-17,55.78,53.25,42.54,53.75,56.13,55.36,,,31.12,,56,5,,2.5,
SELL,396,AXSM,2022-10-18,48.62,303.9,2022-10-11,43.71,6.64,7.39,1492.13,1484.75,11.18,5,rotation (out of top-N),2022-10-17,41.49,48.43,38.62,48.19,46.32,55.11,,,7.42,,98,1.48,,2.0,
SELL,398,BIIB,2022-10-18,272.83,52.82,2022-10-11,251.47,6.64,7.21,1128.01,1120.8,8.44,5,rotation (out of top-N),2022-10-17,267.69,238.67,214.53,269.58,259.44,223.61,,,24.78,,21,4.96,,3.4,
SELL,385,CNR,2022-10-18,67.01,230.26,2022-09-27,57.01,6.56,7.71,2302.56,2294.85,17.48,15,rotation (out of top-N),2022-10-17,60.08,60.86,46.41,65.84,64.41,63.99,,,29.44,,999,5,,0.5,
SELL,344,FSLR,2022-10-18,121.39,117.3,2022-08-09,104.31,6.12,7.12,2004.09,1996.97,16.32,49,ratchet-ATR exit,2022-10-17,122.55,121.84,88.58,118.29,127.37,129.75,,,38.35,,70,5,,0.9,
SELL,386,KNSA,2022-10-18,13.53,1147.46,2022-09-27,11.44,6.56,7.76,2398.18,2390.42,18.21,15,rotation (out of top-N),2022-10-17,12.51,12.24,10.64,13.24,13.39,12.07,,,17.61,,70,3.52,,2.0,
SELL,358,PLMR,2022-10-18,89.12,176.22,2022-08-30,76.08,6.7,7.85,2298.73,2290.87,17.09,34,rotation (out of top-N),2022-10-17,81.12,82.52,65.88,89.16,90.49,85.24,,,23.14,,70,4.63,,1.7,
SELL,397,PTCT,2022-10-18,54.71,268.3,2022-10-11,49.51,6.64,7.34,1395.14,1387.8,10.45,5,rotation (out of top-N),2022-10-17,46.6,49.34,41.68,54.84,51.75,51.48,,,11.81,,98,2.36,,1.8,
SELL,391,UNM,2022-10-18,38.68,402.61,2022-10-04,35.91,7.23,7.79,1115.23,1107.45,7.66,10,rotation (out of top-N),2022-10-17,39.08,35.81,30.19,37.78,37.06,35.61,,,29.46,,252,5,,0.5,
BUY,408,MEDP,2022-10-25,203.28,79.03,,,8.03,,,,,,,2022-10-24,222.37,168.33,156.32,158.72,158.05,155.7,,,42.25,,21,5,,2.5,
BUY,410,PCVX,2022-10-25,33.5,479.54,,,8.03,,,,,,,2022-10-24,43.4,27.7,24.1,33.19,25.18,25.57,,,80.07,,105,5,,-0.8,
BUY,411,PI,2022-10-25,84.86,189.31,,,8.03,,,,,,,2022-10-24,116.25,88.84,69.3,84.61,82.37,85.58,,,67.74,,84,5,,-0.4,
BUY,409,WING,2022-10-25,125.73,127.77,,,8.03,,,,,,,2022-10-24,158.23,128.05,111.6,126.07,122.29,126.23,,,41.79,,49,5,,2.1,
SELL,376,DINO,2022-10-25,50.46,312.25,2022-09-27,42.04,6.56,7.88,2629.13,2621.25,19.97,20,rotation (out of top-N),2022-10-24,53.0,47.47,38.83,50.78,49.89,46.64,,,36.5,,294,5,,0.2,
SELL,402,FTI,2022-10-25,10.55,1589.18,2022-10-18,9.46,7.52,8.38,1735.39,1727.01,11.49,5,rotation (out of top-N),2022-10-24,9.98,9.09,7.67,10.38,9.78,8.88,,,30.13,,84,5,,1.1,
SELL,392,SBR,2022-10-25,60.42,251.13,2022-10-04,57.57,7.23,7.59,715.73,708.14,4.9,15,rotation (out of top-N),2022-10-24,60.9,56.82,47.15,60.68,60.37,56.88,,,29.15,,999,5,,0.5,
SELL,403,SMCI,2022-10-25,6.38,2596.39,2022-10-18,5.79,7.52,8.28,1537.06,1528.78,10.17,5,rotation (out of top-N),2022-10-24,6.87,6.08,4.97,6.3,5.91,5.95,,,38.21,,189,5,,0.1,
BUY,412,AXSM,2022-11-01,46.19,389.99,,,9.01,,,,,,,2022-10-31,57.11,49.1,39.86,45.2,43.14,49.6,,,43.27,,112,5,,-0.0,
BUY,413,FTI,2022-11-01,10.56,1705.67,,,9.01,,,,,,,2022-10-31,11.44,9.52,7.8,10.39,10.12,9.15,,,46.69,,91,5,,0.1,
BUY,414,SMCI,2022-11-01,7.02,2564.34,,,9.01,,,,,,,2022-10-31,7.67,6.37,5.06,6.96,6.47,5.98,,,51.46,,196,5,,-0.6,
SELL,408,MEDP,2022-11-01,219.1,79.03,2022-10-25,203.28,8.03,8.66,1250.22,1241.56,7.73,5,rotation (out of top-N),2022-10-31,206.75,175.32,157.26,221.98,197.54,164.53,,,31.47,,28,5,,3.0,
SELL,409,WING,2022-11-01,158.16,127.77,2022-10-25,125.73,8.03,10.1,4143.63,4133.53,25.73,5,rotation (out of top-N),2022-10-31,150.89,132.2,111.81,155.86,141.69,131.01,,,34.95,,56,5,,2.3,
SELL,404,XMTR,2022-11-01,61.02,270.97,2022-10-18,55.47,7.52,8.27,1503.86,1495.6,9.95,10,rotation (out of top-N),2022-10-31,53.4,54.28,42.88,60.07,58.24,57.67,,,24.53,,70,4.91,,1.6,
BUY,418,AXON,2022-11-08,148.35,121.89,,,9.04,,,,,,,2022-11-07,183.0,138.49,119.08,148.44,143.43,126.35,,,53.68,,28,5,,1.8,
BUY,415,DGII,2022-11-08,37.17,486.46,,,9.04,,,,,,,2022-11-07,39.91,36.17,26.98,36.89,37.63,35.9,,,47.92,,154,5,,-0.4,
BUY,416,SANM,2022-11-08,63.02,286.92,,,9.04,,,,,,,2022-11-07,67.62,54.75,45.06,58.95,56.6,51.06,,,50.05,,252,5,,-0.5,
BUY,417,WING,2022-11-08,154.13,117.31,,,9.04,,,,,,,2022-11-07,164.39,138.05,112.39,153.29,147.51,132.38,,,46.27,,63,5,,0.6,
SELL,412,AXSM,2022-11-08,58.88,389.99,2022-11-01,46.19,9.01,11.48,4950.98,4939.5,27.42,5,rotation (out of top-N),2022-11-07,59.02,50.91,40.62,56.84,51.01,48.75,,,45.31,,119,5,,-0.2,
SELL,378,DGII,2022-11-08,37.17,402.73,2022-09-27,32.59,6.56,7.48,1842.48,1834.99,13.98,30,ratchet-ATR exit,2022-11-07,39.91,36.17,26.98,36.89,37.63,35.9,,,47.92,,154,5,,-0.4,
SELL,406,GSAT,2022-11-08,29.7,551.98,2022-10-18,27.23,7.52,8.2,1363.4,1355.2,9.02,15,rotation (out of top-N),2022-11-07,28.73,27.4,21.78,30.0,30.5,27.2,,,31.9,,112,5,,0.5,
SELL,401,PARR,2022-11-08,23.34,773.17,2022-10-18,19.44,7.52,9.02,3015.38,3006.36,20.0,15,rotation (out of top-N),2022-11-07,23.8,20.71,16.56,23.36,22.88,19.32,,,43.69,,168,5,,-0.2,
BUY,420,CROX,2022-11-15,94.26,205.94,,,9.71,,,,,,,2022-11-14,101.44,82.9,70.29,90.92,84.55,76.42,,,44.32,,35,5,,2.2,
BUY,421,KNSA,2022-11-15,15.79,1229.4,,,9.71,,,,,,,2022-11-14,16.12,13.55,11.0,15.58,14.43,12.98,,,46.55,,98,5,,0.0,
BUY,419,PARR,2022-11-15,24.11,805.32,,,9.71,,,,,,,2022-11-14,24.73,21.44,16.81,23.55,23.19,20.07,,,47.09,,175,5,,-0.4,
SELL,407,TDW,2022-11-15,31.78,572.59,2022-10-18,26.25,7.52,9.1,3166.43,3157.33,21.01,20,rotation (out of top-N),2022-11-14,30.31,28.48,22.88,32.25,32.25,27.26,,,32.49,,294,5,,0.4,
SELL,393,VIST,2022-11-15,14.61,1416.04,2022-10-04,10.21,7.23,10.34,6223.49,6213.15,42.97,30,rotation (out of top-N),2022-11-14,13.09,12.08,9.24,14.41,13.63,11.74,,,41.73,,999,5,,-0.1,
SELL,417,WING,2022-11-15,165.2,117.31,2022-11-08,154.13,9.04,9.69,1298.67,1288.98,7.13,5,rotation (out of top-N),2022-11-14,157.58,141.6,112.7,164.07,156.33,135.49,,,39.82,,70,5,,0.8,
BUY,422,BELFA,2022-11-22,35.06,568.07,,,9.96,,,,,,,2022-11-21,35.06,31.58,22.05,35.06,33.83,30.37,,,59.0,,999,5,,-0.9,
BUY,424,LMB,2022-11-22,9.87,2017.89,,,9.96,,,,,,,2022-11-21,11.2,8.76,7.01,9.46,9.01,8.04,,,59.75,,49,5,,1.2,
BUY,423,TPL,2022-11-22,276.59,72.01,,,9.96,,,,,,,2022-11-21,277.8,249.08,182.25,268.48,278.18,239.04,,,52.43,,231,5,,-0.6,
BUY,425,VIST,2022-11-22,13.07,1523.84,,,9.96,,,,,,,2022-11-21,13.86,12.4,9.41,12.87,13.4,12.28,,,47.29,,999,5,,-0.4,
SELL,420,CROX,2022-11-22,94.03,205.94,2022-11-15,94.26,9.71,9.68,-47.37,-57.05,-0.29,5,rotation (out of top-N),2022-11-21,94.91,85.08,70.68,92.57,92.45,79.75,,,34.28,,42,5,,2.6,
SELL,421,KNSA,2022-11-22,16.11,1229.4,2022-11-15,15.79,9.71,9.9,393.41,383.5,1.98,5,rotation (out of top-N),2022-11-21,15.72,13.95,11.13,15.94,15.36,13.56,,,41.3,,105,5,,0.2,
SELL,387,PBF,2022-11-22,42.69,476.82,2022-09-27,27.53,6.56,10.18,7228.62,7218.44,54.99,40,rotation (out of top-N),2022-11-21,41.12,38.05,29.22,41.5,41.68,38.36,,,40.7,,322,5,,-0.0,
SELL,382,TPL,2022-11-22,276.59,73.0,2022-09-27,179.82,6.56,10.1,7064.23,7054.14,53.74,40,ratchet-ATR exit,2022-11-21,277.8,249.08,182.25,268.48,278.18,239.04,,,52.43,,231,5,,-0.6,
BUY,426,AXSM,2022-11-29,75.3,257.05,,,9.68,,,,,,,2022-11-28,76.89,57.16,43.12,74.78,59.34,50.46,,,78.32,,140,5,,-1,
BUY,430,BELFB,2022-11-29,34.45,561.82,,,9.68,,,,,,,2022-11-28,35.64,32.79,22.36,33.87,35.74,31.45,,,59.38,,273,5,,-1.0,
BUY,427,FUTU,2022-11-29,54.5,355.13,,,9.68,,,,,,,2022-11-28,63.81,45.91,39.11,51.49,49.28,39.08,,,63.16,,14,5,,1.8,
BUY,428,KNSA,2022-11-29,15.76,1228.08,,,9.68,,,,,,,2022-11-28,16.68,14.44,11.28,15.88,15.58,13.93,,,47.82,,112,5,,-0.3,
BUY,429,PDD,2022-11-29,77.81,248.74,,,9.68,,,,,,,2022-11-28,86.35,66.89,53.96,74.07,67.71,60.41,,,60.03,,98,5,,-0.6,
SELL,389,BELFB,2022-11-29,34.45,543.56,2022-09-27,24.15,6.56,9.36,5598.64,5589.27,42.58,44,ratchet-ATR exit,2022-11-28,35.64,32.79,22.36,33.87,35.74,31.45,,,59.38,,273,5,,-1.0,
SELL,415,DGII,2022-11-29,39.65,486.46,2022-11-08,37.17,9.04,9.64,1206.42,1196.77,6.62,14,rotation (out of top-N),2022-11-28,41.06,38.66,28.6,41.03,41.18,38.26,,,43.57,,175,5,,-0.2,
SELL,419,PARR,2022-11-29,23.61,805.32,2022-11-15,24.11,9.71,9.5,-402.66,-412.16,-2.12,9,rotation (out of top-N),2022-11-28,22.26,21.99,17.26,23.45,23.94,21.94,,,28.95,,189,5,,0.6,
SELL,416,SANM,2022-11-29,65.42,286.92,2022-11-08,63.02,9.04,9.39,688.61,679.22,3.76,14,rotation (out of top-N),2022-11-28,67.4,60.18,47.11,65.47,65.54,57.85,,,43.06,,273,5,,-0.2,
SELL,425,VIST,2022-11-29,13.8,1523.84,2022-11-22,13.07,9.96,10.52,1120.02,1109.5,5.57,4,rotation (out of top-N),2022-11-28,13.66,12.63,9.55,13.52,13.45,12.7,,,43.02,,999,5,,-0.2,
BUY,436,AAON,2022-12-06,51.65,384.03,,,9.92,,,,,,,2022-12-05,52.86,47.2,38.39,51.7,51.42,44.84,,,37.69,,42,5,,2.4,
BUY,434,BELFA,2022-12-06,33.58,590.68,,,9.92,,,,,,,2022-12-05,33.58,32.24,23.03,33.58,33.42,31.71,,,45.83,,999,5,,-0.3,
BUY,438,ELVN,2022-12-06,15.3,1296.41,,,9.92,,,,,,,2022-12-05,15.88,15.51,8.3,15.72,17.01,16.71,,,91.36,,84,5,,-0.4,
BUY,437,NTNX,2022-12-06,30.12,658.42,,,9.92,,,,,,,2022-12-05,31.32,27.66,22.02,30.21,29.12,26.98,,,42.25,,49,5,,2.1,
BUY,433,POWL,2022-12-06,10.11,1961.92,,,9.92,,,,,,,2022-12-05,11.62,8.74,7.62,8.74,8.49,7.9,,,52.45,,35,5,,1.8,
BUY,435,SMCI,2022-12-06,8.38,2368.08,,,9.92,,,,,,,2022-12-05,8.39,7.84,5.66,8.34,8.76,7.47,,,48.36,,231,5,,-0.4,
BUY,432,UFPT,2022-12-06,122.24,162.26,,,9.92,,,,,,,2022-12-05,117.08,108.3,85.32,120.41,118.74,104.46,,,37.23,,999,5,,0.1,
BUY,431,WLFC,2022-12-06,15.67,1265.8,,,9.92,,,,,,,2022-12-05,18.49,14.47,12.06,15.67,15.27,13.19,,,53.35,,154,5,,-0.7,
SELL,418,AXON,2022-12-06,176.78,121.89,2022-11-08,148.35,9.04,10.77,3465.2,3454.42,19.1,19,rotation (out of top-N),2022-12-05,168.59,162.1,123.84,184.12,184.44,157.53,,,36.14,,56,5,,2.3,
SELL,422,BELFA,2022-12-06,33.58,568.07,2022-11-22,35.06,9.96,9.54,-840.75,-850.28,-4.27,9,ratchet-ATR exit,2022-12-05,33.58,32.24,23.03,33.58,33.42,31.71,,,45.83,,999,5,,-0.3,
SELL,366,ELVN,2022-12-06,15.3,1462.2,2022-09-13,8.86,6.48,11.19,9416.57,9405.39,72.6,59,ratchet-ATR exit,2022-12-05,15.88,15.51,8.3,15.72,17.01,16.71,,,91.36,,84,5,,-0.4,
SELL,413,FTI,2022-12-06,11.87,1705.67,2022-11-01,10.56,9.01,10.12,2234.43,2224.31,12.35,24,rotation (out of top-N),2022-12-05,10.9,10.91,8.43,11.78,12.0,10.96,,,29.38,,126,5,,0.5,
SELL,428,KNSA,2022-12-06,15.53,1228.08,2022-11-29,15.76,9.68,9.54,-282.46,-292.0,-1.51,5,rotation (out of top-N),2022-12-05,15.6,14.65,11.43,15.7,16.12,14.25,,,36.43,,119,5,,0.2,
SELL,414,SMCI,2022-12-06,8.38,2564.34,2022-11-01,7.02,9.01,10.74,3466.98,3456.25,19.19,24,ratchet-ATR exit,2022-12-05,8.39,7.84,5.66,8.34,8.76,7.47,,,48.36,,231,5,,-0.4,
SELL,380,TNK,2022-12-06,30.11,519.67,2022-09-27,25.26,6.56,7.82,2520.41,2512.58,19.14,49,rotation (out of top-N),2022-12-05,26.93,27.86,20.17,30.27,29.68,28.58,,,33.52,,266,5,,0.3,
SELL,423,TPL,2022-12-06,268.74,72.01,2022-11-22,276.59,9.96,9.68,-565.26,-574.94,-2.89,9,rotation (out of top-N),2022-12-05,258.46,255.37,189.5,267.83,275.06,256.01,,,36.39,,245,5,,0.2,
BUY,442,AGYS,2022-12-13,63.75,290.4,,,9.26,,,,,,,2022-12-12,76.7,64.0,49.62,62.47,63.45,62.33,,,54.56,,161,5,,-0.7,
BUY,443,FSLR,2022-12-13,152.94,121.05,,,9.26,,,,,,,2022-12-12,155.09,150.55,105.38,150.32,157.6,150.1,,,47.17,,126,5,,-0.4,
BUY,440,TNK,2022-12-13,28.93,639.93,,,9.26,,,,,,,2022-12-12,29.04,28.08,20.61,29.31,28.5,28.91,,,40.89,,273,5,,-0.0,
BUY,441,TPL,2022-12-13,278.73,66.42,,,9.26,,,,,,,2022-12-12,269.57,257.95,192.73,268.2,266.66,261.44,,,39.87,,252,5,,0.0,
BUY,439,WFRD,2022-12-13,41.19,449.46,,,9.26,,,,,,,2022-12-12,44.2,39.83,31.47,40.51,41.26,40.14,,,40.46,,63,5,,0.9,
SELL,436,AAON,2022-12-13,53.52,384.03,2022-12-06,51.65,9.92,10.28,718.13,707.85,3.57,5,rotation (out of top-N),2022-12-12,50.08,47.73,38.76,52.16,51.85,46.88,,,29.19,,49,5,,2.7,
SELL,405,FSLR,2022-12-13,152.94,123.81,2022-10-18,121.39,7.52,9.47,3905.74,3896.27,25.92,39,ratchet-ATR exit,2022-12-12,155.09,150.55,105.38,150.32,157.6,150.1,,,47.17,,126,5,,-0.4,
SELL,327,INSW,2022-12-13,26.04,668.0,2022-07-26,14.3,4.78,8.7,7842.27,7833.57,82.01,98,rotation (out of top-N),2022-12-12,25.26,25.78,18.33,26.08,26.29,27.11,,,37.84,,266,5,,0.1,
SELL,432,UFPT,2022-12-13,122.06,162.26,2022-12-06,122.24,9.92,9.9,-29.21,-39.11,-0.2,5,rotation (out of top-N),2022-12-12,114.1,109.35,86.69,120.54,119.46,108.47,,,31.61,,999,5,,0.4,
SELL,375,YPF,2022-12-13,7.68,2068.86,2022-09-27,6.34,6.56,7.94,2761.92,2753.98,20.98,54,rotation (out of top-N),2022-12-12,7.46,7.42,5.39,7.5,7.71,7.69,,,38.41,,112,5,,0.2,
BUY,448,CELC,2022-12-20,12.76,1529.02,,,9.76,,,,,,,2022-12-19,12.72,10.12,8.91,12.93,10.16,9.67,,,42.73,,84,5,,0.5,
BUY,447,CROX,2022-12-20,92.64,210.6,,,9.76,,,,,,,2022-12-19,103.0,92.87,72.89,93.84,95.11,89.71,,,41.32,,70,5,,0.8,
BUY,446,MDGL,2022-12-20,233.26,83.64,,,9.76,,,,,,,2022-12-19,273.62,106.58,77.35,234.87,95.6,72.58,,,253.73,,0,5,,2.0,
BUY,450,OII,2022-12-20,14.7,1327.68,,,9.76,,,,,,,2022-12-19,16.8,14.03,11.77,14.65,14.57,14.14,,,42.79,,35,5,,2.3,
BUY,452,TDW,2022-12-20,32.51,600.13,,,9.76,,,,,,,2022-12-19,34.87,30.69,24.66,32.37,31.61,31.65,,,41.38,,329,5,,-0.1,
BUY,449,TMDX,2022-12-20,54.12,360.5,,,9.76,,,,,,,2022-12-19,59.5,56.36,40.61,55.4,59.11,55.94,,,46.53,,224,5,,-0.3,
BUY,451,VIST,2022-12-20,14.1,1383.71,,,9.76,,,,,,,2022-12-19,15.87,13.19,9.96,13.78,12.98,13.33,,,59.34,,999,5,,-1.0,
BUY,444,WLFC,2022-12-20,17.99,1084.51,,,9.76,,,,,,,2022-12-19,17.73,15.63,12.41,18.01,17.71,14.69,,,42.86,,168,5,,-0.1,
BUY,445,YPF,2022-12-20,8.04,2425.15,,,9.76,,,,,,,2022-12-19,9.09,7.73,5.51,7.93,7.64,7.76,,,65.05,,119,5,,-1.0,
SELL,434,BELFA,2022-12-20,33.07,590.68,2022-12-06,33.58,9.92,9.77,-301.25,-311.01,-1.57,10,rotation (out of top-N),2022-12-19,33.07,32.51,23.94,33.07,33.32,33.01,,,38.14,,999,5,,0.1,
SELL,430,BELFB,2022-12-20,32.35,561.82,2022-11-29,34.45,9.68,9.09,-1179.82,-1188.9,-6.14,15,rotation (out of top-N),2022-12-19,32.69,32.91,23.54,32.51,33.51,34.18,,,38.85,,294,5,,0.1,
SELL,424,LMB,2022-12-20,11.09,2017.89,2022-11-22,9.87,9.96,11.19,2461.83,2450.64,12.3,19,rotation (out of top-N),2022-12-19,10.25,10.05,7.35,11.06,11.34,9.91,,,39.46,,77,5,,0.7,
SELL,437,NTNX,2022-12-20,30.09,658.42,2022-12-06,30.12,9.92,9.91,-23.04,-32.95,-0.17,10,rotation (out of top-N),2022-12-19,25.67,27.83,22.21,30.36,31.22,28.8,,,15.57,,63,3.11,,2.2,
SELL,435,SMCI,2022-12-20,8.3,2368.08,2022-12-06,8.38,9.92,9.82,-187.08,-196.9,-0.99,10,rotation (out of top-N),2022-12-19,8.22,7.94,5.85,7.83,8.42,8.18,,,40.43,,245,5,,-0.0,
SELL,388,TMDX,2022-12-20,54.12,318.85,2022-09-27,41.17,6.56,8.63,4129.06,4120.43,31.39,59,ratchet-ATR exit,2022-12-19,59.5,56.36,40.61,55.4,59.11,55.94,,,46.53,,224,5,,-0.3,
SELL,440,TNK,2022-12-20,28.43,639.93,2022-12-13,28.93,9.26,9.1,-319.96,-329.06,-1.78,5,rotation (out of top-N),2022-12-19,27.75,28.02,21.01,28.41,28.68,28.93,,,32.06,,280,5,,0.4,
SELL,441,TPL,2022-12-20,270.32,66.42,2022-12-13,278.73,9.26,8.98,-558.59,-567.56,-3.07,5,rotation (out of top-N),2022-12-19,264.7,259.18,195.8,269.57,271.05,268.32,,,35.19,,259,5,,0.2,
SELL,431,WLFC,2022-12-20,17.99,1265.8,2022-12-06,15.67,9.92,11.39,2936.64,2925.26,14.75,10,ratchet-ATR exit,2022-12-19,17.73,15.63,12.41,18.01,17.71,14.69,,,42.86,,168,5,,-0.1,
BUY,456,ACLS,2023-01-10,91.76,194.59,,,8.93,,,,,,,2023-01-09,100.51,82.14,66.17,92.25,83.32,79.9,,,51.89,,63,5,,0.4,
BUY,454,AMKR,2023-01-10,28.43,628.06,,,8.93,,,,,,,2023-01-09,29.42,24.61,19.8,28.26,24.9,24.92,,,48.55,,63,5,,0.5,
BUY,453,BMA,2023-01-10,13.99,1276.31,,,8.93,,,,,,,2023-01-09,15.65,12.3,10.63,14.13,12.8,10.93,,,47.25,,21,5,,2.3,
BUY,457,LMB,2023-01-10,11.7,1526.12,,,8.93,,,,,,,2023-01-09,11.35,10.52,7.66,11.58,11.13,10.85,,,48.09,,98,5,,-0.0,
BUY,458,ONC,2023-01-10,250.42,71.3,,,8.93,,,,,,,2023-01-09,270.19,218.84,175.05,246.01,233.22,206.3,,,54.35,,63,5,,0.2,
BUY,455,TGTX,2023-01-10,11.57,1543.27,,,8.93,,,,,,,2023-01-09,13.62,9.68,6.9,11.65,10.38,8.85,,,97.53,,49,5,,1.2,
BUY,459,WYNN,2023-01-10,91.62,194.89,,,8.93,,,,,,,2023-01-09,96.98,81.73,66.4,91.27,85.54,79.8,,,46.05,,56,5,,1.8,
SELL,426,AXSM,2023-01-10,63.7,257.05,2022-11-29,75.3,9.68,8.19,-2980.5,-2988.69,-15.44,28,rotation (out of top-N),2023-01-09,67.31,67.6,48.7,63.26,71.08,69.61,,,38.23,,182,5,,0.1,
SELL,448,CELC,2023-01-10,10.57,1529.02,2022-12-20,12.76,9.76,8.08,-3348.55,-3356.64,-17.2,13,rotation (out of top-N),2023-01-09,11.45,11.12,9.22,10.7,12.04,10.44,,,24.22,,105,4.84,,1.0,
SELL,356,ELF,2023-01-10,55.42,362.24,2022-08-30,37.01,6.7,10.04,6670.62,6660.58,49.68,91,rotation (out of top-N),2023-01-09,52.75,52.92,38.31,55.75,55.82,54.51,,,37.69,,182,5,,0.1,
SELL,427,FUTU,2023-01-10,44.45,355.13,2022-11-29,54.5,9.68,7.89,-3569.06,-3576.95,-18.48,28,rotation (out of top-N),2023-01-09,50.29,49.35,42.1,42.98,46.86,54.77,,,19.46,,56,3.89,,3.1,
SELL,399,STNG,2023-01-10,44.82,371.56,2022-10-11,35.75,6.64,8.33,3370.07,3361.74,25.31,62,rotation (out of top-N),2023-01-09,46.74,46.84,37.28,44.55,46.59,47.51,,,25.36,,301,5,,0.7,
SELL,449,TMDX,2023-01-10,54.36,360.5,2022-12-20,54.12,9.76,9.8,86.52,76.72,0.39,13,rotation (out of top-N),2023-01-09,60.93,57.74,43.09,53.65,56.63,58.61,,,41.4,,245,5,,-0.1,
SELL,444,WLFC,2023-01-10,18.79,1084.51,2022-12-20,17.99,9.76,10.19,867.61,857.42,4.39,13,rotation (out of top-N),2023-01-09,18.79,17.27,13.06,20.78,19.2,16.82,,,43.83,,189,5,,-0.2,
BUY,464,ATRO,2023-01-24,12.16,1756.99,,,10.68,,,,,,,2023-01-23,12.26,9.52,8.33,12.11,9.84,8.35,,,47.09,,7,5,,2.5,
BUY,463,ELVN,2023-01-24,17.56,1216.68,,,10.68,,,,,,,2023-01-23,16.12,16.44,10.16,16.9,16.95,16.71,,,58.73,,133,5,,-0.9,
BUY,460,MNPR,2023-01-24,16.43,1300.36,,,10.68,,,,,,,2023-01-23,17.52,12.66,10.98,16.35,13.03,12.18,,,59.54,,63,5,,-0.0,
BUY,461,NFLX,2023-01-24,35.75,597.62,,,10.68,,,,,,,2023-01-23,36.07,31.8,24.57,35.74,33.02,30.8,,,46.78,,77,5,,0.4,
BUY,462,TMDX,2023-01-24,66.64,320.6,,,10.68,,,,,,,2023-01-23,69.02,60.77,45.3,66.07,61.77,59.64,,,52.35,,259,5,,-0.6,
SELL,454,AMKR,2023-01-24,28.05,628.06,2023-01-10,28.43,8.93,8.81,-238.66,-247.47,-1.39,9,rotation (out of top-N),2023-01-23,28.14,25.68,20.3,28.57,27.69,25.52,,,38.61,,77,5,,0.8,
SELL,438,ELVN,2023-01-24,17.56,1296.41,2022-12-06,15.3,9.92,11.38,2929.88,2918.49,14.71,32,ratchet-ATR exit,2023-01-23,16.12,16.44,10.16,16.9,16.95,16.71,,,58.73,,133,5,,-0.9,
SELL,400,MOD,2023-01-24,22.09,1002.37,2022-10-18,14.99,7.52,11.07,7111.8,7100.73,47.24,66,rotation (out of top-N),2023-01-23,22.54,20.99,15.44,22.07,21.91,20.91,,,45.98,,217,5,,-0.3,
SELL,458,ONC,2023-01-24,268.08,71.3,2023-01-10,250.42,8.93,9.56,1259.21,1249.65,7.0,9,rotation (out of top-N),2023-01-23,259.78,233.38,179.56,269.28,261.37,221.4,,,44.68,,77,5,,0.5,
SELL,433,POWL,2023-01-24,12.86,1961.92,2022-12-06,10.11,9.92,12.62,5395.28,5382.66,27.14,32,rotation (out of top-N),2023-01-23,12.39,11.34,8.62,12.93,12.41,11.15,,,43.81,,84,5,,0.4,
BUY,472,AXON,2023-01-31,192.47,110.53,,,10.64,,,,,,,2023-01-30,198.28,180.14,134.48,191.35,188.17,176.77,,,47.45,,112,5,,-0.2,
BUY,466,ELF,2023-01-31,56.87,374.09,,,10.64,,,,,,,2023-01-30,69.73,56.67,40.99,57.03,55.54,54.69,,,70.14,,203,5,,-1,
BUY,465,ENVA,2023-01-31,45.17,470.99,,,10.64,,,,,,,2023-01-30,53.36,42.34,35.17,44.52,42.33,39.68,,,51.73,,84,5,,0.0,
BUY,471,HOV,2023-01-31,54.99,386.88,,,10.64,,,,,,,2023-01-30,71.44,52.48,45.82,54.08,53.15,47.68,,,55.92,,21,5,,1.9,
BUY,467,POWL,2023-01-31,12.23,1739.54,,,10.64,,,,,,,2023-01-30,14.85,11.98,8.83,12.37,12.52,11.67,,,68.14,,91,5,,-0.5,
BUY,469,PTGX,2023-01-31,13.05,1630.24,,,10.64,,,,,,,2023-01-30,14.34,11.53,9.36,13.05,12.59,10.48,,,53.19,,21,5,,2.0,
BUY,473,RMBS,2023-01-31,40.98,519.15,,,10.64,,,,,,,2023-01-30,43.62,39.13,29.68,41.17,41.56,38.33,,,46.96,,105,5,,-0.1,
BUY,470,RYTM,2023-01-31,27.2,782.15,,,10.64,,,,,,,2023-01-30,28.64,28.8,19.33,26.54,29.55,29.32,,,48.18,,182,5,,-0.4,
BUY,474,SGI,2023-01-31,38.51,552.44,,,10.64,,,,,,,2023-01-30,42.06,35.83,27.69,38.34,37.45,34.2,,,51.89,,84,5,,0.0,
BUY,475,SHOP,2023-01-31,47.91,444.05,,,10.64,,,,,,,2023-01-30,52.94,41.91,35.75,47.17,44.51,38.76,,,48.08,,21,5,,2.2,
BUY,468,STLD,2023-01-31,112.24,189.55,,,10.64,,,,,,,2023-01-30,122.24,104.62,82.93,113.58,107.98,101.31,,,47.41,,336,5,,-0.4,
SELL,442,AGYS,2023-01-31,84.02,290.4,2022-12-13,63.75,9.26,12.2,5886.43,5874.23,31.73,32,rotation (out of top-N),2023-01-30,83.03,76.93,56.91,84.53,81.94,75.24,,,45.89,,210,5,,-0.3,
SELL,464,ATRO,2023-01-31,12.28,1756.99,2023-01-24,12.16,10.68,10.79,210.84,200.05,0.94,5,rotation (out of top-N),2023-01-30,12.17,10.01,8.44,12.17,11.34,9.03,,,44.23,,14,5,,2.6,
SELL,453,BMA,2023-01-31,15.82,1276.31,2023-01-10,13.99,8.93,10.1,2335.65,2325.56,13.02,14,rotation (out of top-N),2023-01-30,15.64,14.13,11.03,15.85,16.25,13.06,,,41.8,,42,5,,2.2,
SELL,443,FSLR,2023-01-31,171.52,121.05,2022-12-13,152.94,9.26,10.38,2249.07,2238.69,12.09,32,rotation (out of top-N),2023-01-30,168.17,163.88,120.8,170.6,172.1,161.8,,,39.22,,175,5,,0.0,
SELL,461,NFLX,2023-01-31,34.91,597.62,2023-01-24,35.75,10.68,10.43,-502.0,-512.43,-2.4,5,rotation (out of top-N),2023-01-30,36.6,32.67,25.01,35.32,34.96,31.71,,,46.32,,84,5,,0.3,
SELL,410,PCVX,2023-01-31,44.7,479.54,2022-10-25,33.5,8.03,10.72,5370.89,5360.17,33.37,66,rotation (out of top-N),2023-01-30,45.28,44.43,31.9,44.36,45.45,45.31,,,41.95,,203,5,,-0.1,
SELL,429,PDD,2023-01-31,95.9,248.74,2022-11-29,77.81,9.68,11.93,4499.74,4487.82,23.19,42,rotation (out of top-N),2023-01-30,95.67,89.91,65.59,97.15,97.42,90.28,,,45.86,,161,5,,-0.3,
SELL,411,PI,2023-01-31,125.47,189.31,2022-10-25,84.86,8.03,11.88,7687.82,7675.94,47.78,66,rotation (out of top-N),2023-01-30,124.83,118.84,88.72,124.8,125.71,117.58,,,40.7,,182,5,,-0.0,
SELL,381,RYTM,2023-01-31,27.2,625.39,2022-09-27,20.99,6.56,8.51,3883.66,3875.16,29.52,86,ratchet-ATR exit,2023-01-30,28.64,28.8,19.33,26.54,29.55,29.32,,,48.18,,182,5,,-0.4,
SELL,451,VIST,2023-01-31,15.65,1383.71,2022-12-20,14.1,9.76,10.83,2144.75,2133.92,10.94,27,rotation (out of top-N),2023-01-30,15.51,15.05,10.99,15.69,16.12,14.75,,,41.12,,999,5,,-0.1,
SELL,459,WYNN,2023-01-31,95.96,194.89,2023-01-10,91.62,8.93,9.35,845.81,836.46,4.68,14,rotation (out of top-N),2023-01-30,99.61,89.38,68.52,96.1,96.22,87.31,,,45.38,,77,5,,0.4,
BUY,482,ANF,2023-02-07,30.25,772.08,,,11.68,,,,,,,2023-02-06,30.49,26.46,20.77,30.5,29.0,25.53,,,46.8,,35,5,,2.1,
BUY,484,BELFB,2023-02-07,37.9,616.14,,,11.68,,,,,,,2023-02-06,38.79,35.48,26.82,38.21,37.5,34.38,,,44.66,,343,5,,-0.2,
BUY,478,BLBD,2023-02-07,13.81,1690.92,,,11.68,,,,,,,2023-02-06,19.85,14.47,11.36,14.27,14.79,12.89,,,74.78,,28,5,,1.5,
BUY,477,FTI,2023-02-07,12.97,1800.44,,,11.68,,,,,,,2023-02-06,13.8,12.56,9.55,12.85,13.05,12.2,,,44.5,,189,5,,-0.2,
BUY,480,IRON,2023-02-07,23.97,974.2,,,11.68,,,,,,,2023-02-06,24.31,20.11,16.63,23.25,21.58,18.45,,,46.2,,119,5,,-0.3,
BUY,479,MDGL,2023-02-07,275.24,84.84,,,11.68,,,,,,,2023-02-06,257.38,239.48,113.13,276.69,286.99,247.4,,,127.52,,49,5,,1.2,
BUY,481,PEN,2023-02-07,258.39,90.37,,,11.68,,,,,,,2023-02-06,264.21,238.58,181.26,259.78,253.71,233.25,,,45.77,,91,5,,0.2,
BUY,476,RCL,2023-02-07,70.85,329.59,,,11.68,,,,,,,2023-02-06,70.04,60.53,48.73,67.53,64.64,56.73,,,43.73,,70,5,,0.6,
BUY,485,TEX,2023-02-07,49.56,471.18,,,11.68,,,,,,,2023-02-06,51.97,45.82,35.97,49.91,48.61,43.81,,,44.48,,98,5,,0.1,
BUY,486,VIST,2023-02-07,15.78,1479.83,,,11.68,,,,,,,2023-02-06,16.96,15.4,11.2,15.57,15.84,15.05,,,51.44,,999,5,,-0.6,
BUY,483,WYNN,2023-02-07,99.89,233.77,,,11.68,,,,,,,2023-02-06,105.05,92.23,69.54,99.58,98.54,89.52,,,51.06,,84,5,,0.0,
SELL,472,AXON,2023-02-07,191.19,110.53,2023-01-31,192.47,10.64,10.57,-142.03,-152.6,-0.72,5,rotation (out of top-N),2023-02-06,184.54,180.94,136.7,195.91,193.94,178.98,,,35.0,,119,5,,0.3,
SELL,447,CROX,2023-02-07,118.03,210.6,2022-12-20,92.64,9.76,12.43,5347.22,5334.79,27.34,32,rotation (out of top-N),2023-02-06,115.28,112.43,81.13,118.73,121.79,111.89,,,42.09,,119,5,,-0.1,
SELL,465,ENVA,2023-02-07,50.95,470.99,2023-01-31,45.17,10.64,12.0,2722.32,2710.32,12.74,5,rotation (out of top-N),2023-02-06,50.27,43.78,35.58,51.61,47.51,40.95,,,41.29,,91,5,,0.4,
SELL,471,HOV,2023-02-07,71.66,386.88,2023-01-31,54.99,10.64,13.86,6447.38,6433.51,30.24,5,rotation (out of top-N),2023-02-06,65.83,54.9,46.3,71.53,62.16,49.87,,,42.17,,28,5,,2.4,
SELL,446,MDGL,2023-02-07,275.24,83.64,2022-12-20,233.26,9.76,11.51,3510.87,3499.36,17.94,32,ratchet-ATR exit,2023-02-06,257.38,239.48,113.13,276.69,286.99,247.4,,,127.52,,49,5,,1.2,
SELL,460,MNPR,2023-02-07,18.75,1300.36,2023-01-24,16.43,10.68,12.19,3016.85,3004.65,14.06,10,rotation (out of top-N),2023-02-06,11.25,13.1,11.1,18.2,16.53,13.11,,,1.35,,77,0.27,,2.6,
SELL,470,RYTM,2023-02-07,29.41,782.15,2023-01-31,27.2,10.64,11.5,1732.47,1720.97,8.09,5,rotation (out of top-N),2023-02-06,27.76,28.61,19.92,29.44,28.92,29.43,,,39.39,,189,5,,0.0,
SELL,474,SGI,2023-02-07,40.01,552.44,2023-01-31,38.51,10.64,11.05,828.67,817.61,3.84,5,rotation (out of top-N),2023-02-06,39.56,36.51,28.02,40.55,39.9,35.51,,,41.17,,91,5,,0.4,
SELL,475,SHOP,2023-02-07,51.62,444.05,2023-01-31,47.91,10.64,11.46,1647.44,1635.98,7.69,5,rotation (out of top-N),2023-02-06,48.3,43.07,36.02,51.57,49.12,40.09,,,34.11,,28,5,,2.8,
SELL,468,STLD,2023-02-07,118.97,189.55,2023-01-31,112.24,10.64,11.28,1275.64,1264.37,5.94,5,rotation (out of top-N),2023-02-06,116.67,106.81,83.97,117.77,115.07,103.4,,,38.95,,343,5,,0.1,
SELL,462,TMDX,2023-02-07,66.48,320.6,2023-01-24,66.64,10.68,10.66,-51.3,-61.95,-0.29,10,rotation (out of top-N),2023-02-06,63.5,62.54,47.41,66.04,65.84,61.08,,,33.94,,273,5,,0.3,
BUY,491,CROX,2023-02-14,116.42,195.48,,,11.38,,,,,,,2023-02-13,131.46,115.89,82.96,118.64,118.77,114.61,,,58.46,,126,5,,-0.9,
BUY,489,GHM,2023-02-14,12.82,1774.48,,,11.38,,,,,,,2023-02-13,13.42,10.9,9.0,12.87,11.71,10.16,,,49.15,,147,5,,-0.5,
BUY,492,INOD,2023-02-14,5.8,3923.74,,,11.38,,,,,,,2023-02-13,7.29,4.62,4.15,5.65,5.31,3.65,,,75.56,,0,5,,2.0,
BUY,493,JXN,2023-02-14,39.79,571.94,,,11.38,,,,,,,2023-02-13,42.07,35.87,28.54,40.12,38.98,33.65,,,47.39,,84,5,,0.2,
BUY,490,MDGL,2023-02-14,252.91,89.98,,,11.38,,,,,,,2023-02-13,303.61,251.14,119.07,255.55,269.91,272.17,,,154.98,,56,5,,1.1,
BUY,488,MNPR,2023-02-14,16.25,1400.47,,,11.38,,,,,,,2023-02-13,17.98,13.99,11.3,11.25,15.34,13.56,,,59.13,,84,5,,-0.4,
BUY,487,MOD,2023-02-14,22.5,1011.45,,,11.38,,,,,,,2023-02-13,24.61,22.13,16.59,22.68,22.91,21.78,,,48.32,,238,5,,-0.4,
SELL,484,BELFB,2023-02-14,36.75,616.14,2023-02-07,37.9,11.68,11.32,-708.56,-719.88,-3.08,5,rotation (out of top-N),2023-02-13,38.48,36.02,27.37,37.9,38.33,35.06,,,40.58,,350,5,,-0.0,
SELL,370,CECO,2023-02-14,14.21,1375.11,2022-09-20,9.35,6.43,9.77,6683.02,6673.25,51.9,101,rotation (out of top-N),2023-02-13,14.52,13.47,9.99,14.11,14.27,13.23,,,45.38,,217,5,,-0.3,
SELL,477,FTI,2023-02-14,13.71,1800.44,2023-02-07,12.97,11.68,12.34,1332.32,1319.98,5.65,5,rotation (out of top-N),2023-02-13,13.73,12.78,9.71,13.84,13.42,12.48,,,41.35,,196,5,,-0.1,
SELL,480,IRON,2023-02-14,24.32,974.2,2023-02-07,23.97,11.68,11.85,345.84,333.99,1.43,5,rotation (out of top-N),2023-02-13,23.83,20.79,16.86,23.76,23.26,19.42,,,41.3,,126,5,,-0.1,
SELL,479,MDGL,2023-02-14,252.91,84.84,2023-02-07,275.24,11.68,10.73,-1894.11,-1904.84,-8.16,5,ratchet-ATR exit,2023-02-13,303.61,251.14,119.07,255.55,269.91,272.17,,,154.98,,56,5,,1.1,
SELL,481,PEN,2023-02-14,263.15,90.37,2023-02-07,258.39,11.68,11.89,430.18,418.29,1.79,5,rotation (out of top-N),2023-02-13,264.43,243.28,184.28,266.69,261.11,238.66,,,43.49,,98,5,,0.2,
SELL,473,RMBS,2023-02-14,45.33,519.15,2023-01-31,40.98,10.64,11.77,2255.69,2243.92,10.55,10,rotation (out of top-N),2023-02-13,44.22,40.98,30.67,45.53,44.02,39.8,,,44.2,,119,5,,-0.2,
BUY,496,AXON,2023-02-28,195.71,110.26,,,10.79,,,,,,,2023-02-27,221.04,191.14,144.3,194.76,193.09,186.52,,,53.18,,140,5,,-0.7,
BUY,497,FSLR,2023-02-28,166.52,129.59,,,10.79,,,,,,,2023-02-27,210.06,172.02,131.44,166.13,165.09,166.45,,,59.82,,203,5,,-1.0,
BUY,500,INSW,2023-02-28,33.16,650.76,,,10.79,,,,,,,2023-02-27,34.52,28.5,22.13,31.77,29.73,26.15,,,56.0,,343,5,,-0.8,
BUY,499,IPAR,2023-02-28,111.09,194.25,,,10.79,,,,,,,2023-02-27,128.16,106.63,81.66,110.39,108.75,103.63,,,56.95,,112,5,,-0.7,
BUY,495,TGTX,2023-02-28,14.73,1464.98,,,10.79,,,,,,,2023-02-27,17.18,14.87,8.55,15.93,16.83,14.87,,,101.05,,98,5,,-0.6,
BUY,498,TMDX,2023-02-28,77.83,277.26,,,10.79,,,,,,,2023-02-27,82.16,68.91,50.88,77.97,71.31,64.33,,,61.46,,294,5,,-1,
BUY,494,TNK,2023-02-28,39.02,553.03,,,10.79,,,,,,,2023-02-27,41.92,32.6,24.92,38.73,35.02,28.6,,,68.25,,350,5,,-1,
SELL,482,ANF,2023-02-28,28.84,772.08,2023-02-07,30.25,11.68,11.13,-1084.78,-1095.91,-4.69,14,rotation (out of top-N),2023-02-27,28.55,27.79,20.91,28.74,29.51,28.21,,,36.51,,56,5,,2.2,
SELL,491,CROX,2023-02-28,123.74,195.48,2023-02-14,116.42,11.38,12.09,1430.91,1418.81,6.23,9,rotation (out of top-N),2023-02-27,125.52,118.61,86.4,123.49,123.57,120.33,,,45.27,,140,5,,-0.3,
SELL,493,JXN,2023-02-28,38.77,571.94,2023-02-14,39.79,11.38,11.09,-583.38,-594.47,-2.61,9,rotation (out of top-N),2023-02-27,37.76,36.68,29.04,38.61,39.8,36.11,,,30.03,,98,5,,0.9,
SELL,457,LMB,2023-02-28,13.82,1526.12,2023-01-10,11.7,8.93,10.55,3235.38,3224.83,18.06,33,rotation (out of top-N),2023-02-27,13.32,12.39,8.81,13.85,13.07,12.32,,,51.25,,147,5,,-0.6,
SELL,488,MNPR,2023-02-28,11.25,1400.47,2023-02-14,16.25,11.38,7.88,-7002.36,-7010.24,-30.8,9,rotation (out of top-N),2023-02-27,13.75,13.54,11.4,11.25,14.36,14.46,,,20.59,,98,4.12,,1.3,
SELL,476,RCL,2023-02-28,69.53,329.59,2023-02-07,70.85,11.68,11.46,-435.06,-446.52,-1.91,14,rotation (out of top-N),2023-02-27,72.36,65.2,49.76,70.43,70.28,63.65,,,45.43,,91,5,,0.2,
SELL,455,TGTX,2023-02-28,14.73,1543.27,2023-01-10,11.57,8.93,11.37,4876.73,4865.37,27.25,33,ratchet-ATR exit,2023-02-27,17.18,14.87,8.55,15.93,16.83,14.87,,,101.05,,98,5,,-0.6,
BUY,501,BBIO,2023-03-07,16.79,1440.7,,,12.09,,,,,,,2023-03-06,14.05,11.17,9.93,16.52,12.32,10.39,,,41.44,,28,5,,2.5,
BUY,502,GE,2023-03-07,68.18,354.79,,,12.09,,,,,,,2023-03-06,71.47,63.92,49.89,68.34,66.57,63.85,,,43.25,,105,5,,0.1,
BUY,503,LMB,2023-03-07,13.46,1797.13,,,12.09,,,,,,,2023-03-06,14.85,12.84,9.04,13.5,13.38,12.65,,,64.23,,154,5,,-1,
BUY,504,PLPC,2023-03-07,120.73,200.36,,,12.09,,,,,,,2023-03-06,116.01,88.73,76.4,117.1,89.55,82.75,,,51.84,,217,5,,-0.6,
SELL,500,INSW,2023-03-07,33.42,650.76,2023-02-28,33.16,10.79,10.87,169.2,158.32,0.73,5,rotation (out of top-N),2023-03-06,31.01,28.96,22.52,33.61,32.38,27.5,,,37.71,,350,5,,0.1,
SELL,487,MOD,2023-03-07,25.51,1011.45,2023-02-14,22.5,11.38,12.9,3044.47,3031.57,13.32,14,rotation (out of top-N),2023-03-06,23.97,23.38,17.68,25.55,25.07,23.36,,,35.61,,259,5,,0.2,
SELL,485,TEX,2023-03-07,56.78,471.18,2023-02-07,49.56,11.68,13.38,3401.92,3388.54,14.51,19,rotation (out of top-N),2023-03-06,51.04,50.62,38.21,56.83,55.99,50.08,,,33.57,,126,5,,0.3,
SELL,498,TMDX,2023-03-07,81.06,277.26,2023-02-28,77.83,10.79,11.24,895.55,884.31,4.1,5,rotation (out of top-N),2023-03-06,71.51,69.38,51.96,80.9,77.46,67.26,,,37.62,,301,5,,0.1,
BUY,507,AEHR,2023-03-14,30.86,802.27,,,12.38,,,,,,,2023-03-13,32.27,30.7,20.74,29.57,31.5,33.01,,,55.58,,210,5,,-0.8,
BUY,515,DUOL,2023-03-14,123.83,199.94,,,12.38,,,,,,,2023-03-13,126.31,102.22,90.34,122.81,116.64,97.86,,,39.81,,14,5,,2.8,
BUY,506,ELF,2023-03-14,70.97,348.83,,,12.38,,,,,,,2023-03-13,72.48,67.77,48.21,69.56,72.03,67.0,,,50.34,,245,5,,-0.5,
BUY,508,EMBJ,2023-03-14,14.66,1688.82,,,12.38,,,,,,,2023-03-13,15.05,13.07,10.67,14.06,13.62,12.8,,,41.0,,84,5,,0.6,
BUY,511,INOD,2023-03-14,6.31,3923.64,,,12.38,,,,,,,2023-03-13,6.86,5.86,4.25,6.12,6.67,5.48,,,61.48,,28,5,,1.5,
BUY,512,LSCC,2023-03-14,89.85,275.55,,,12.38,,,,,,,2023-03-13,89.44,81.89,63.55,88.12,87.54,81.8,,,40.74,,126,5,,-0.0,
BUY,509,MDGL,2023-03-14,245.99,100.65,,,12.38,,,,,,,2023-03-13,250.89,254.77,138.08,240.29,260.0,280.85,,,81.7,,84,5,,-0.4,
BUY,517,MKTX,2023-03-14,348.47,71.05,,,12.38,,,,,,,2023-03-13,371.93,332.97,270.5,347.78,340.01,336.21,,,37.5,,84,5,,0.7,
BUY,513,NVDA,2023-03-14,23.48,1054.44,,,12.38,,,,,,,2023-03-13,25.7,21.73,16.83,22.94,23.17,21.29,,,52.71,,56,5,,1.4,
BUY,505,PDFS,2023-03-14,37.48,660.57,,,12.38,,,,,,,2023-03-13,39.2,35.32,28.1,36.62,37.38,34.37,,,39.52,,126,5,,0.0,
BUY,510,TGTX,2023-03-14,15.3,1618.18,,,12.38,,,,,,,2023-03-13,14.83,14.75,9.04,15.05,16.15,16.04,,,63.99,,112,5,,-0.9,
BUY,514,TMDX,2023-03-14,74.82,330.9,,,12.38,,,,,,,2023-03-13,73.33,70.1,53.15,72.95,76.45,69.79,,,37.97,,308,5,,0.1,
BUY,516,WYNN,2023-03-14,103.99,238.08,,,12.38,,,,,,,2023-03-13,103.51,100.62,74.95,102.78,106.43,102.33,,,38.11,,119,5,,0.1,
SELL,379,AEHR,2023-03-14,30.86,968.77,2022-09-27,13.55,6.56,14.95,16769.49,16754.54,127.64,115,ratchet-ATR exit,2023-03-13,32.27,30.7,20.74,29.57,31.5,33.01,,,55.58,,210,5,,-0.8,
SELL,501,BBIO,2023-03-14,14.45,1440.7,2023-03-07,16.79,12.09,10.41,-3371.24,-3381.65,-13.98,5,rotation (out of top-N),2023-03-13,13.57,11.61,10.11,14.53,14.26,11.39,,,34.27,,35,5,,2.7,
SELL,466,ELF,2023-03-14,70.97,374.09,2023-01-31,56.87,10.64,13.28,5276.56,5263.29,24.74,29,ratchet-ATR exit,2023-03-13,72.48,67.77,48.21,69.56,72.03,67.0,,,50.34,,245,5,,-0.5,
SELL,492,INOD,2023-03-14,6.31,3923.74,2023-02-14,5.8,11.38,12.38,2001.11,1988.73,8.74,19,ratchet-ATR exit,2023-03-13,6.86,5.86,4.25,6.12,6.67,5.48,,,61.48,,28,5,,1.5,
SELL,490,MDGL,2023-03-14,245.99,89.98,2023-02-14,252.91,11.38,11.07,-622.68,-633.75,-2.78,19,ratchet-ATR exit,2023-03-13,250.89,254.77,138.08,240.29,260.0,280.85,,,81.7,,84,5,,-0.4,
SELL,450,OII,2023-03-14,18.29,1327.68,2022-12-20,14.7,9.76,12.14,4773.02,4760.88,24.4,56,rotation (out of top-N),2023-03-13,16.54,18.9,13.64,17.83,20.02,20.35,,,21.28,,119,4.26,,1.0,
SELL,467,POWL,2023-03-14,14.19,1739.54,2023-01-31,12.23,10.64,12.34,3409.5,3397.16,15.97,29,rotation (out of top-N),2023-03-13,13.17,13.37,9.71,13.81,14.38,13.81,,,35.62,,133,5,,0.2,
SELL,452,TDW,2023-03-14,43.2,600.13,2022-12-20,32.51,9.76,12.96,6418.41,6405.45,32.83,56,rotation (out of top-N),2023-03-13,39.67,42.43,30.42,42.65,46.82,44.6,,,30.39,,413,5,,0.5,
SELL,495,TGTX,2023-03-14,15.3,1464.98,2023-02-28,14.73,10.79,11.21,835.04,823.83,3.82,10,ratchet-ATR exit,2023-03-13,14.83,14.75,9.04,15.05,16.15,16.04,,,63.99,,112,5,,-0.9,
SELL,486,VIST,2023-03-14,18.23,1479.83,2023-02-07,15.78,11.68,13.49,3625.58,3612.09,15.47,24,rotation (out of top-N),2023-03-13,16.3,16.8,12.31,17.33,18.43,17.28,,,32.44,,999,5,,0.4,
SELL,439,WFRD,2023-03-14,56.0,449.46,2022-12-13,41.19,9.26,12.58,6656.44,6643.85,35.89,61,rotation (out of top-N),2023-03-13,50.74,56.84,39.11,55.44,62.13,59.88,,,29.72,,154,5,,0.5,
SELL,483,WYNN,2023-03-14,103.99,233.77,2023-02-07,99.89,11.68,12.16,958.47,946.32,4.05,24,ratchet-ATR exit,2023-03-13,103.51,100.62,74.95,102.78,106.43,102.33,,,38.11,,119,5,,0.1,
SELL,445,YPF,2023-03-14,9.98,2425.15,2022-12-20,8.04,9.76,12.1,4692.66,4680.56,23.99,56,rotation (out of top-N),2023-03-13,9.04,10.57,7.41,9.91,11.35,11.65,,,22.07,,203,4.41,,0.9,
BUY,520,BLBD,2023-03-21,20.13,1299.51,,,13.08,,,,,,,2023-03-20,19.57,18.33,12.57,19.09,20.17,18.52,,,55.72,,70,5,,0.0,
BUY,519,COCO,2023-03-21,17.51,1493.96,,,13.08,,,,,,,2023-03-20,19.25,16.37,13.27,17.5,17.04,15.57,,,45.01,,112,5,,-0.1,
BUY,522,META,2023-03-21,201.97,129.52,,,13.08,,,,,,,2023-03-20,204.49,175.18,147.98,196.27,190.07,173.54,,,38.18,,35,5,,2.5,
BUY,523,PEN,2023-03-21,267.61,97.75,,,13.08,,,,,,,2023-03-20,274.88,256.04,199.99,266.41,259.98,258.32,,,37.45,,133,5,,0.1,
BUY,518,SMCI,2023-03-21,10.07,2597.73,,,13.08,,,,,,,2023-03-20,11.06,9.39,7.28,9.86,9.57,8.96,,,52.02,,336,5,,-0.6,
BUY,521,TNK,2023-03-21,39.18,667.67,,,13.08,,,,,,,2023-03-20,38.24,34.97,26.45,37.07,37.95,34.0,,,44.6,,371,5,,-0.2,
SELL,478,BLBD,2023-03-21,20.13,1690.92,2023-02-07,13.81,11.68,17.02,10686.64,10669.62,45.69,29,ratchet-ATR exit,2023-03-20,19.57,18.33,12.57,19.09,20.17,18.52,,,55.72,,70,5,,0.0,
SELL,489,GHM,2023-03-21,13.64,1774.48,2023-02-14,12.82,11.38,12.1,1446.2,1434.1,6.3,24,rotation (out of top-N),2023-03-20,12.96,12.79,9.79,13.73,14.06,12.75,,,32.44,,182,5,,0.4,
SELL,517,MKTX,2023-03-21,371.8,71.05,2023-03-14,348.47,12.38,13.21,1657.55,1644.35,6.64,5,rotation (out of top-N),2023-03-20,367.69,339.29,273.43,369.24,357.2,342.65,,,34.47,,91,5,,0.8,
SELL,514,TMDX,2023-03-21,76.81,330.9,2023-03-14,74.82,12.38,12.71,656.84,644.13,2.6,5,rotation (out of top-N),2023-03-20,74.67,70.93,54.36,75.17,75.5,71.33,,,37.37,,315,5,,0.1,
SELL,494,TNK,2023-03-21,39.18,553.03,2023-02-28,39.02,10.79,10.83,88.48,77.65,0.36,15,ratchet-ATR exit,2023-03-20,38.24,34.97,26.45,37.07,37.95,34.0,,,44.6,,371,5,,-0.2,
SELL,516,WYNN,2023-03-21,105.89,238.08,2023-03-14,103.99,12.38,12.61,452.36,439.75,1.78,5,rotation (out of top-N),2023-03-20,103.14,101.08,76.2,104.11,104.64,103.3,,,35.36,,126,5,,0.2,
BUY,528,AU,2023-03-28,20.14,1435.53,,,14.46,,,,,,,2023-03-27,21.63,18.21,15.06,19.72,18.61,17.05,,,43.63,,105,5,,0.1,
BUY,526,BBIO,2023-03-28,14.61,1978.89,,,14.46,,,,,,,2023-03-27,16.56,12.86,10.45,14.32,13.88,12.66,,,58.49,,49,5,,1.3,
BUY,524,FTAI,2023-03-28,22.89,1263.07,,,14.46,,,,,,,2023-03-27,26.49,22.99,17.9,22.93,23.14,22.89,,,47.96,,98,5,,-0.0,
BUY,525,PTGX,2023-03-28,21.72,1331.1,,,14.46,,,,,,,2023-03-27,23.01,18.86,11.58,21.75,21.83,18.42,,,98.67,,77,5,,-0.3,
BUY,527,RMBS,2023-03-28,45.12,640.77,,,14.46,,,,,,,2023-03-27,51.26,44.24,33.86,45.55,44.59,43.92,,,51.4,,161,5,,-0.6,
BUY,529,VIST,2023-03-28,18.61,1553.55,,,14.46,,,,,,,2023-03-27,19.76,17.34,12.86,18.46,17.45,17.47,,,53.65,,999,5,,-0.7,
SELL,507,AEHR,2023-03-28,38.02,802.27,2023-03-14,30.86,12.38,15.25,5748.29,5733.03,23.16,10,rotation (out of top-N),2023-03-27,31.04,31.86,22.08,37.8,35.67,33.64,,,40.6,,224,5,,-0.0,
SELL,522,META,2023-03-28,198.51,129.52,2023-03-21,201.97,13.08,12.86,-448.14,-460.99,-1.76,5,rotation (out of top-N),2023-03-27,210.27,181.56,149.02,201.28,197.46,180.69,,,41.1,,42,5,,2.2,
SELL,523,PEN,2023-03-28,278.39,97.75,2023-03-21,267.61,13.08,13.61,1053.76,1040.15,3.98,5,rotation (out of top-N),2023-03-27,278.72,260.16,203.67,277.29,269.68,261.94,,,36.85,,140,5,,0.2,
SELL,469,PTGX,2023-03-28,21.72,1630.24,2023-01-31,13.05,10.64,17.7,14134.16,14116.45,66.35,39,ratchet-ATR exit,2023-03-27,23.01,18.86,11.58,21.75,21.83,18.42,,,98.67,,77,5,,-0.3,
SELL,518,SMCI,2023-03-28,11.03,2597.73,2023-03-21,10.07,13.08,14.33,2493.82,2479.5,9.48,5,rotation (out of top-N),2023-03-27,10.66,9.62,7.43,11.09,10.56,9.4,,,43.38,,343,5,,-0.2,
SELL,521,TNK,2023-03-28,39.05,667.67,2023-03-21,39.18,13.08,13.04,-86.8,-99.83,-0.38,5,rotation (out of top-N),2023-03-27,37.77,35.48,27.01,38.53,38.36,35.65,,,39.86,,378,5,,0.0,
BUY,533,GRVY,2023-04-04,60.87,433.53,,,13.19,,,,,,,2023-04-03,65.0,51.67,46.76,58.99,54.04,49.08,,,39.01,,14,5,,2.8,
BUY,532,META,2023-04-04,211.51,124.77,,,13.19,,,,,,,2023-04-03,214.44,187.54,150.41,211.43,203.73,186.01,,,42.57,,49,5,,2.1,
BUY,531,WFRD,2023-04-04,60.86,433.61,,,13.19,,,,,,,2023-04-03,58.28,56.74,41.58,61.03,56.98,60.06,,,40.18,,175,5,,-0.0,
BUY,530,YPF,2023-04-04,11.72,2251.64,,,13.19,,,,,,,2023-04-03,11.15,10.62,7.95,11.67,10.79,11.08,,,40.25,,224,5,,-0.0,
SELL,496,AXON,2023-04-04,227.49,110.26,2023-02-28,195.71,10.79,12.54,3504.08,3491.54,16.18,25,rotation (out of top-N),2023-04-03,219.72,208.38,159.55,227.4,219.54,207.43,,,37.71,,175,5,,0.1,
SELL,508,EMBJ,2023-04-04,16.25,1688.82,2023-03-14,14.66,12.38,13.72,2685.23,2671.51,10.79,15,rotation (out of top-N),2023-04-03,15.38,14.23,11.17,16.09,15.69,13.83,,,37.67,,105,5,,0.4,
SELL,497,FSLR,2023-04-04,206.81,129.59,2023-02-28,166.52,10.79,13.4,5221.12,5207.72,24.13,25,rotation (out of top-N),2023-04-03,204.58,195.12,148.76,208.46,210.69,191.17,,,37.53,,238,5,,0.1,
SELL,512,LSCC,2023-04-04,95.26,275.55,2023-03-14,89.85,12.38,13.12,1490.72,1477.6,5.97,15,rotation (out of top-N),2023-04-03,89.16,86.32,66.86,95.46,93.08,88.12,,,33.35,,147,5,,0.3,
BUY,541,ATRO,2023-04-11,12.33,2106.11,,,12.98,,,,,,,2023-04-10,12.62,11.29,9.09,12.21,11.28,11.49,,,38.79,,84,5,,0.7,
BUY,535,EMBJ,2023-04-11,15.85,1638.38,,,12.98,,,,,,,2023-04-10,16.51,14.65,11.37,15.49,15.62,14.13,,,45.22,,112,5,,-0.1,
BUY,537,IPAR,2023-04-11,128.65,201.85,,,12.98,,,,,,,2023-04-10,135.44,122.6,91.23,128.01,129.38,121.91,,,48.46,,154,5,,-0.4,
BUY,540,MSTR,2023-04-11,32.13,808.23,,,12.98,,,,,,,2023-04-10,33.39,27.24,23.85,31.26,28.69,26.0,,,39.98,,63,5,,1.0,
BUY,539,PKX,2023-04-11,70.29,369.45,,,12.98,,,,,,,2023-04-10,73.47,62.06,50.08,69.95,64.53,59.68,,,46.72,,126,5,,-0.3,
BUY,538,PLPC,2023-04-11,123.66,210.0,,,12.98,,,,,,,2023-04-10,123.37,109.31,83.91,116.2,119.1,104.66,,,47.03,,252,5,,-0.4,
BUY,536,PTGX,2023-04-11,18.48,1405.21,,,12.98,,,,,,,2023-04-10,18.73,18.78,12.07,18.43,20.41,19.78,,,55.12,,91,5,,-0.3,
BUY,534,SMCI,2023-04-11,10.78,2408.94,,,12.98,,,,,,,2023-04-10,10.91,9.92,7.76,10.65,10.61,9.97,,,40.58,,357,5,,-0.0,
BUY,542,TDW,2023-04-11,43.57,596.01,,,12.98,,,,,,,2023-04-10,45.98,43.21,32.67,43.86,43.84,44.56,,,40.74,,441,5,,-0.0,
SELL,526,BBIO,2023-04-11,15.13,1978.89,2023-03-28,14.61,14.46,14.97,1029.02,1014.05,3.51,9,rotation (out of top-N),2023-04-10,14.76,13.62,10.71,15.05,15.51,13.87,,,37.82,,63,5,,1.1,
SELL,520,BLBD,2023-04-11,19.81,1299.51,2023-03-21,20.13,13.08,12.87,-415.84,-428.72,-1.64,14,rotation (out of top-N),2023-04-10,18.41,18.71,13.3,19.7,19.83,20.29,,,38.4,,91,5,,0.6,
SELL,463,ELVN,2023-04-11,20.51,1216.68,2023-01-24,17.56,10.68,12.48,3589.22,3576.74,16.74,53,rotation (out of top-N),2023-04-10,17.91,20.59,14.73,20.65,22.07,22.08,,,21.59,,210,4.32,,0.9,
SELL,502,GE,2023-04-11,74.29,354.79,2023-03-07,68.18,12.09,13.18,2167.75,2154.57,8.91,24,rotation (out of top-N),2023-04-10,74.93,70.04,54.01,74.06,73.75,69.65,,,38.74,,140,5,,0.1,
SELL,533,GRVY,2023-04-11,56.5,433.53,2023-04-04,60.87,13.19,12.25,-1894.54,-1906.79,-7.23,4,rotation (out of top-N),2023-04-10,58.0,52.82,46.95,56.34,57.76,50.78,,,23.54,,21,4.71,,3.5,
SELL,499,IPAR,2023-04-11,128.65,194.25,2023-02-28,111.09,10.79,12.5,3411.01,3398.51,15.75,29,ratchet-ATR exit,2023-04-10,135.44,122.6,91.23,128.01,129.38,121.91,,,48.46,,154,5,,-0.4,
SELL,505,PDFS,2023-04-11,42.45,660.57,2023-03-14,37.48,12.38,14.02,3283.03,3269.01,13.2,19,rotation (out of top-N),2023-04-10,41.3,38.75,30.17,42.55,41.79,38.62,,,36.87,,154,5,,0.2,
SELL,504,PLPC,2023-04-11,123.66,200.36,2023-03-07,120.73,12.09,12.39,587.05,574.66,2.38,24,ratchet-ATR exit,2023-04-10,123.37,109.31,83.91,116.2,119.1,104.66,,,47.03,,252,5,,-0.4,
SELL,525,PTGX,2023-04-11,18.48,1331.1,2023-03-28,21.72,14.46,12.3,-4312.78,-4325.08,-14.96,9,ratchet-ATR exit,2023-04-10,18.73,18.78,12.07,18.43,20.41,19.78,,,55.12,,91,5,,-0.3,
BUY,547,BBIO,2023-04-18,14.6,1901.88,,,13.88,,,,,,,2023-04-17,15.88,14.03,10.88,15.05,15.29,14.28,,,45.97,,70,5,,0.5,
BUY,549,CMPR,2023-04-18,45.42,611.35,,,13.88,,,,,,,2023-04-17,45.23,39.04,32.17,45.38,43.5,37.98,,,40.6,,63,5,,0.9,
BUY,544,CROX,2023-04-18,140.07,198.23,,,13.88,,,,,,,2023-04-17,147.24,127.23,99.11,139.04,129.64,123.2,,,48.57,,189,5,,-0.4,
BUY,548,GE,2023-04-18,76.2,364.4,,,13.88,,,,,,,2023-04-17,78.11,71.51,55.0,75.94,74.37,70.8,,,42.01,,147,5,,-0.1,
BUY,545,HOV,2023-04-18,67.68,410.28,,,13.88,,,,,,,2023-04-17,71.14,64.74,50.9,66.24,65.09,65.36,,,39.78,,98,5,,0.4,
BUY,546,IRON,2023-04-18,24.79,1120.11,,,13.88,,,,,,,2023-04-17,31.08,23.67,18.79,23.2,22.06,22.87,,,65.44,,189,5,,-1,
BUY,543,MSGE,2023-04-18,26.57,1045.07,,,13.88,,,,,,,2023-04-17,56.88,31.37,24.63,26.62,26.63,26.35,,,130.98,,56,5,,1.1,
BUY,550,TMDX,2023-04-18,69.14,401.61,,,13.88,,,,,,,2023-04-17,88.71,74.22,58.7,69.72,71.07,74.62,,,51.13,,343,5,,-0.6,
SELL,535,EMBJ,2023-04-18,16.24,1638.38,2023-04-11,15.85,12.98,13.3,638.97,625.67,2.41,5,rotation (out of top-N),2023-04-17,15.62,14.82,11.56,16.35,16.07,14.63,,,35.17,,119,5,,0.3,
SELL,532,META,2023-04-18,218.4,124.77,2023-04-04,211.51,13.19,13.62,859.64,846.01,3.21,9,rotation (out of top-N),2023-04-17,211.24,196.64,152.86,217.15,213.74,194.05,,,38.19,,63,5,,1.0,
SELL,540,MSTR,2023-04-18,32.57,808.23,2023-04-11,32.13,12.98,13.16,355.62,342.46,1.32,5,rotation (out of top-N),2023-04-17,29.0,27.56,24.04,31.32,31.25,26.75,,,20.61,,70,4.12,,1.8,
SELL,539,PKX,2023-04-18,74.65,369.45,2023-04-11,70.29,12.98,13.79,1610.78,1597.0,6.15,5,rotation (out of top-N),2023-04-17,70.32,63.57,50.84,75.18,69.53,61.46,,,38.32,,133,5,,0.1,
SELL,527,RMBS,2023-04-18,50.01,640.77,2023-03-28,45.12,14.46,16.02,3130.16,3114.14,10.77,14,rotation (out of top-N),2023-04-17,49.3,46.56,35.95,49.45,49.4,45.79,,,37.12,,182,5,,0.1,
SELL,534,SMCI,2023-04-18,11.26,2408.94,2023-04-11,10.78,12.98,13.56,1156.29,1142.73,4.4,5,rotation (out of top-N),2023-04-17,10.74,10.07,7.92,11.05,10.77,10.16,,,35.54,,364,5,,0.2,
SELL,542,TDW,2023-04-18,46.31,596.01,2023-04-11,43.57,12.98,13.8,1633.08,1619.28,6.24,5,rotation (out of top-N),2023-04-17,44.49,43.45,33.31,46.88,45.19,44.59,,,33.54,,448,5,,0.3,
SELL,530,YPF,2023-04-18,12.31,2251.64,2023-04-04,11.72,13.19,13.86,1328.47,1314.61,4.98,9,rotation (out of top-N),2023-04-17,11.31,11.01,8.39,12.29,11.98,11.16,,,34.79,,238,5,,0.3,
BUY,553,BLBD,2023-04-25,18.07,1632.84,,,14.75,,,,,,,2023-04-24,18.7,18.56,13.74,18.38,18.48,19.9,,,36.09,,105,5,,0.4,
BUY,552,COCO,2023-04-25,20.05,1471.19,,,14.75,,,,,,,2023-04-24,21.64,19.28,14.5,20.32,20.73,18.92,,,49.25,,147,5,,-0.5,
BUY,556,LMB,2023-04-25,16.56,1781.24,,,14.75,,,,,,,2023-04-24,16.9,15.92,10.97,16.78,17.13,16.1,,,54.11,,203,5,,-0.7,
BUY,554,META,2023-04-25,209.17,141.02,,,14.75,,,,,,,2023-04-24,238.32,204.22,154.62,211.14,212.83,199.35,,,54.13,,70,5,,0.1,
BUY,558,MSTR,2023-04-25,28.37,1039.74,,,14.75,,,,,,,2023-04-24,32.79,28.51,24.16,28.52,30.37,27.15,,,35.73,,77,5,,0.9,
BUY,555,MTH,2023-04-25,60.03,491.38,,,14.75,,,,,,,2023-04-24,60.18,54.97,44.1,60.09,58.24,53.71,,,36.48,,140,5,,0.2,
BUY,557,PHM,2023-04-25,63.52,464.38,,,14.75,,,,,,,2023-04-24,65.6,57.72,46.61,62.41,60.21,55.92,,,40.76,,140,5,,-0.0,
BUY,551,SKYW,2023-04-25,23.75,1241.99,,,14.75,,,,,,,2023-04-24,28.31,22.68,19.73,24.08,23.66,21.03,,,43.45,,28,5,,2.4,
SELL,456,ACLS,2023-04-25,124.48,194.59,2023-01-10,91.76,8.93,12.11,6367.98,6355.86,35.6,72,rotation (out of top-N),2023-04-24,118.28,122.6,90.9,125.84,126.69,128.4,,,30.13,,168,5,,0.5,
SELL,541,ATRO,2023-04-25,12.91,2106.11,2023-04-11,12.33,12.98,13.59,1221.55,1207.95,4.65,10,rotation (out of top-N),2023-04-24,12.22,11.75,9.31,12.99,12.85,11.7,,,31.29,,98,5,,0.8,
SELL,547,BBIO,2023-04-25,15.13,1901.88,2023-04-18,14.6,13.88,14.39,1008.0,993.61,3.58,5,rotation (out of top-N),2023-04-24,14.52,14.12,10.99,15.21,15.64,14.75,,,32.11,,77,5,,1.1,
SELL,519,COCO,2023-04-25,20.05,1493.96,2023-03-21,17.51,13.08,14.98,3794.65,3779.67,14.45,24,ratchet-ATR exit,2023-04-24,21.64,19.28,14.5,20.32,20.73,18.92,,,49.25,,147,5,,-0.5,
SELL,544,CROX,2023-04-25,148.4,198.23,2023-04-18,140.07,13.88,14.71,1649.3,1634.59,5.89,5,rotation (out of top-N),2023-04-24,123.69,126.59,100.63,151.15,140.72,125.92,,,22.92,,196,4.58,,0.9,
SELL,503,LMB,2023-04-25,16.56,1797.13,2023-03-07,13.46,12.09,14.88,5571.1,5556.22,22.97,34,ratchet-ATR exit,2023-04-24,16.9,15.92,10.97,16.78,17.13,16.1,,,54.11,,203,5,,-0.7,
SELL,543,MSGE,2023-04-25,30.77,1045.07,2023-04-18,26.57,13.88,16.08,4389.28,4373.2,15.75,5,rotation (out of top-N),2023-04-24,32.35,31.55,24.78,31.22,32.27,27.19,,,30.56,,63,5,,1.4,
SELL,550,TMDX,2023-04-25,86.22,401.61,2023-04-18,69.14,13.88,17.31,6859.53,6842.22,24.64,5,rotation (out of top-N),2023-04-24,79.13,75.11,59.81,85.94,77.54,75.76,,,32.3,,350,5,,0.4,
BUY,561,BLDR,2023-05-02,93.31,316.63,,,14.77,,,,,,,2023-05-01,111.22,92.0,72.1,93.94,93.11,88.05,,,54.25,,140,5,,-0.7,
BUY,562,GRBK,2023-05-02,36.75,803.99,,,14.77,,,,,,,2023-05-01,48.04,36.65,28.02,37.03,36.55,34.3,,,71.47,,168,5,,-1,
BUY,563,IRMD,2023-05-02,39.81,742.19,,,14.77,,,,,,,2023-05-01,44.82,38.85,31.94,40.11,39.36,37.82,,,40.31,,91,5,,0.5,
BUY,564,PEN,2023-05-02,284.47,103.87,,,14.77,,,,,,,2023-05-01,310.07,278.11,222.97,285.4,282.33,272.54,,,39.06,,175,5,,0.0,
BUY,559,POWL,2023-05-02,13.02,2269.33,,,14.77,,,,,,,2023-05-01,16.2,13.76,10.8,13.13,13.07,13.51,,,50.05,,182,5,,-0.5,
BUY,566,SHOP,2023-05-02,46.84,630.8,,,14.77,,,,,,,2023-05-01,62.03,48.95,39.35,47.27,47.49,45.74,,,57.62,,112,5,,-0.7,
BUY,560,SMCI,2023-05-02,10.55,2800.64,,,14.77,,,,,,,2023-05-01,13.72,10.8,8.27,10.51,10.3,10.36,,,65.93,,378,5,,-1,
BUY,565,VIST,2023-05-02,19.3,1530.92,,,14.77,,,,,,,2023-05-01,20.34,19.65,14.61,19.97,20.8,19.68,,,39.21,,999,5,,0.0,
SELL,553,BLBD,2023-05-02,19.39,1632.84,2023-04-25,18.07,14.75,15.83,2163.52,2147.69,7.28,5,rotation (out of top-N),2023-05-01,19.12,18.66,13.94,19.35,18.53,19.58,,,37.19,,112,5,,0.3,
SELL,515,DUOL,2023-05-02,135.87,199.94,2023-03-14,123.83,12.38,13.58,2407.24,2393.65,9.67,34,rotation (out of top-N),2023-05-01,123.68,126.52,96.93,139.46,137.86,133.86,,,27.59,,63,5,,1.6,
SELL,524,FTAI,2023-05-02,26.32,1263.07,2023-03-28,22.89,14.46,16.62,4332.31,4315.69,14.93,24,rotation (out of top-N),2023-05-01,26.2,25.03,19.22,26.5,26.24,24.89,,,36.32,,133,5,,0.2,
SELL,511,INOD,2023-05-02,6.64,3923.64,2023-03-14,6.31,12.38,13.03,1294.8,1281.77,5.18,34,rotation (out of top-N),2023-05-01,6.15,6.96,4.7,6.69,7.24,7.46,,,30.72,,77,5,,1.2,
SELL,558,MSTR,2023-05-02,31.06,1039.74,2023-04-25,28.37,14.75,16.15,2796.89,2780.74,9.43,5,rotation (out of top-N),2023-05-01,32.68,29.27,24.26,30.73,30.82,27.82,,,34.71,,84,5,,0.9,
SELL,555,MTH,2023-05-02,58.85,491.38,2023-04-25,60.03,14.75,14.46,-579.82,-594.28,-2.01,5,rotation (out of top-N),2023-05-01,59.28,55.75,44.54,59.13,58.54,54.66,,,33.09,,147,5,,0.3,
SELL,529,VIST,2023-05-02,19.3,1553.55,2023-03-28,18.61,14.46,14.99,1071.95,1056.96,3.66,24,ratchet-ATR exit,2023-05-01,20.34,19.65,14.61,19.97,20.8,19.68,,,39.21,,999,5,,0.0,
SELL,531,WFRD,2023-05-02,62.67,433.61,2023-04-04,60.86,13.19,13.59,784.83,771.24,2.92,19,rotation (out of top-N),2023-05-01,59.5,59.44,45.84,63.29,61.82,59.04,,,29.79,,203,5,,0.5,
BUY,569,BLBD,2023-05-09,19.43,1610.61,,,15.65,,,,,,,2023-05-08,26.34,20.06,14.31,19.73,18.98,19.28,,,84.11,,119,5,,-1.0,
BUY,572,CMPR,2023-05-09,44.53,702.77,,,15.65,,,,,,,2023-05-08,46.65,43.2,33.04,45.26,47.39,42.26,,,41.18,,84,5,,0.5,
BUY,573,DUOL,2023-05-09,134.97,231.86,,,15.65,,,,,,,2023-05-08,141.41,129.23,97.89,131.93,129.67,133.95,,,44.45,,70,5,,0.6,
BUY,567,FCNCA,2023-05-09,1075.11,29.11,,,15.65,,,,,,,2023-05-08,1221.2,951.39,810.49,1077.81,1000.72,873.27,,,50.67,,28,5,,2.0,
BUY,571,FSLR,2023-05-09,176.44,177.36,,,15.65,,,,,,,2023-05-08,231.69,201.04,163.92,177.45,184.68,203.76,,,41.34,,273,5,,-0.1,
BUY,570,INOD,2023-05-09,7.93,3946.31,,,15.65,,,,,,,2023-05-08,9.3,7.38,4.77,8.24,6.95,7.43,,,95.16,,84,5,,-0.4,
BUY,568,LNTH,2023-05-09,96.38,324.7,,,15.65,,,,,,,2023-05-08,99.67,85.77,70.08,94.81,89.47,84.13,,,42.21,,56,5,,2.0,
SELL,528,AU,2023-05-09,24.98,1435.53,2023-03-28,20.14,14.46,17.93,6947.96,6930.03,23.97,29,rotation (out of top-N),2023-05-08,22.83,22.24,16.76,25.28,24.69,22.23,,,36.23,,147,5,,0.2,
SELL,549,CMPR,2023-05-09,44.53,611.35,2023-04-18,45.42,13.88,13.61,-544.1,-557.71,-2.01,15,ratchet-ATR exit,2023-05-08,46.65,43.2,33.04,45.26,47.39,42.26,,,41.18,,84,5,,0.5,
SELL,548,GE,2023-05-09,79.23,364.4,2023-04-18,76.2,13.88,14.44,1104.14,1089.7,3.92,15,rotation (out of top-N),2023-05-08,77.57,74.43,57.55,79.22,78.39,74.95,,,34.78,,168,5,,0.3,
SELL,537,IPAR,2023-05-09,139.13,201.85,2023-04-11,128.65,12.98,14.04,2115.42,2101.38,8.09,20,rotation (out of top-N),2023-05-08,125.43,130.09,97.71,140.57,139.72,133.94,,,28.37,,182,5,,0.6,
SELL,563,IRMD,2023-05-09,46.79,742.19,2023-05-02,39.81,14.77,17.36,5180.51,5163.15,17.47,5,rotation (out of top-N),2023-05-08,44.83,39.94,32.19,45.39,42.09,38.57,,,39.25,,98,5,,0.4,
SELL,557,PHM,2023-05-09,66.35,464.38,2023-04-25,63.52,14.75,15.41,1314.19,1298.79,4.4,10,rotation (out of top-N),2023-05-08,66.87,60.53,47.83,66.23,64.43,58.86,,,39.8,,154,5,,0.0,
SELL,551,SKYW,2023-05-09,27.04,1241.99,2023-04-25,23.75,14.75,16.79,4086.16,4069.36,13.8,10,rotation (out of top-N),2023-05-08,26.09,24.1,19.87,27.36,26.73,22.66,,,31.27,,42,5,,2.7,
BUY,575,ACLS,2023-05-16,127.48,250.1,,,15.94,,,,,,,2023-05-15,141.57,125.73,94.87,127.97,123.18,125.76,,,49.23,,189,5,,-0.5,
BUY,574,APP,2023-05-16,22.46,1419.59,,,15.94,,,,,,,2023-05-15,25.11,18.25,16.37,22.64,19.33,16.36,,,53.37,,7,5,,2.2,
BUY,578,ATRO,2023-05-16,13.38,2382.96,,,15.94,,,,,,,2023-05-15,14.2,12.47,9.6,13.47,12.81,12.07,,,47.95,,119,5,,-0.4,
BUY,577,PLTR,2023-05-16,9.4,3391.91,,,15.94,,,,,,,2023-05-15,11.71,8.87,7.89,9.53,8.94,8.32,,,48.27,,35,5,,2.0,
BUY,576,RMBS,2023-05-16,50.47,631.74,,,15.94,,,,,,,2023-05-15,59.42,49.34,38.41,50.8,48.78,47.94,,,54.71,,210,5,,-0.7,
SELL,571,FSLR,2023-05-16,219.87,177.36,2023-05-09,176.44,15.65,19.5,7700.96,7681.46,24.55,5,rotation (out of top-N),2023-05-15,203.62,201.51,166.06,221.36,197.24,203.13,,,22.61,,280,4.52,,0.9,
SELL,568,LNTH,2023-05-16,98.57,324.7,2023-05-09,96.38,15.65,16.0,711.08,695.08,2.22,5,rotation (out of top-N),2023-05-15,97.21,87.85,70.43,99.17,95.55,87.15,,,38.02,,63,5,,1.0,
SELL,564,PEN,2023-05-16,310.25,103.87,2023-05-02,284.47,14.77,16.11,2677.66,2661.55,9.01,10,rotation (out of top-N),2023-05-15,317.83,291.68,230.46,314.99,309.72,286.02,,,37.91,,189,5,,0.1,
SELL,538,PLPC,2023-05-16,116.2,210.0,2023-04-11,123.66,12.98,12.2,-1566.59,-1578.79,-6.08,25,rotation (out of top-N),2023-05-15,116.2,123.11,92.31,116.2,131.08,123.9,,,25.88,,287,5,,0.7,
SELL,565,VIST,2023-05-16,20.8,1530.92,2023-05-02,19.3,14.77,15.92,2296.38,2280.46,7.72,10,rotation (out of top-N),2023-05-15,20.22,20.0,15.21,20.88,20.93,20.36,,,32.98,,999,5,,0.4,
BUY,580,AMD,2023-05-23,107.28,333.34,,,17.88,,,,,,,2023-05-22,127.01,99.13,79.1,107.99,101.5,93.75,,,60.56,,77,5,,-0.3,
BUY,579,ELF,2023-05-23,85.56,417.94,,,17.88,,,,,,,2023-05-22,101.22,88.56,62.34,86.05,89.34,88.28,,,62.38,,315,5,,-1,
BUY,585,KRYS,2023-05-23,120.53,296.68,,,17.88,,,,,,,2023-05-22,120.56,92.08,78.72,117.52,94.61,86.16,,,53.16,,336,5,,-0.7,
BUY,582,MDGL,2023-05-23,292.56,122.23,,,17.88,,,,,,,2023-05-22,284.9,278.9,188.49,284.44,286.61,275.88,,,51.15,,154,5,,-0.6,
BUY,584,MRVL,2023-05-23,45.52,785.61,,,17.88,,,,,,,2023-05-22,64.99,45.38,42.07,46.0,42.76,40.38,,,54.49,,0,5,,2.3,
BUY,586,PLPC,2023-05-23,154.23,231.87,,,17.88,,,,,,,2023-05-22,155.14,128.94,94.23,116.2,124.65,124.23,,,64.64,,294,5,,-1,
BUY,581,SKYW,2023-05-23,28.62,1249.5,,,17.88,,,,,,,2023-05-22,30.39,25.9,20.19,28.5,27.59,24.82,,,50.51,,56,5,,1.5,
BUY,583,TGTX,2023-05-23,29.09,1229.53,,,17.88,,,,,,,2023-05-22,27.23,24.85,13.45,28.56,30.56,24.39,,,102.44,,182,5,,-1,
SELL,574,APP,2023-05-23,24.88,1419.59,2023-05-16,22.46,15.94,17.66,3435.41,3417.75,10.72,5,rotation (out of top-N),2023-05-22,24.05,19.31,16.3,25.08,22.73,17.68,,,47.54,,14,5,,2.4,
SELL,578,ATRO,2023-05-23,14.25,2382.96,2023-05-16,13.38,15.94,16.98,2073.17,2056.19,6.45,5,rotation (out of top-N),2023-05-22,13.54,12.66,9.7,14.4,13.65,12.5,,,39.62,,126,5,,0.0,
SELL,572,CMPR,2023-05-23,51.36,702.77,2023-05-09,44.53,15.65,18.05,4799.9,4781.85,15.28,10,rotation (out of top-N),2023-05-22,49.35,45.51,33.33,51.49,49.21,46.0,,,48.05,,98,5,,-0.0,
SELL,573,DUOL,2023-05-23,155.2,231.86,2023-05-09,134.97,15.65,17.99,4690.54,4672.55,14.93,10,rotation (out of top-N),2023-05-22,148.89,135.95,100.27,155.92,145.63,138.02,,,48.49,,84,5,,0.2,
SELL,506,ELF,2023-05-23,85.56,348.83,2023-03-14,70.97,12.38,14.92,5089.42,5074.49,20.5,49,ratchet-ATR exit,2023-05-22,101.22,88.56,62.34,86.05,89.34,88.28,,,62.38,,315,5,,-1,
SELL,509,MDGL,2023-05-23,292.56,100.65,2023-03-14,245.99,12.38,14.72,4687.13,4672.41,18.87,49,ratchet-ATR exit,2023-05-22,284.9,278.9,188.49,284.44,286.61,275.88,,,51.15,,154,5,,-0.6,
SELL,566,SHOP,2023-05-23,61.16,630.8,2023-05-02,46.84,14.77,19.29,9033.08,9013.79,30.51,15,rotation (out of top-N),2023-05-22,59.25,54.0,40.98,62.07,60.3,51.64,,,44.58,,133,5,,-0.2,
SELL,510,TGTX,2023-05-23,29.09,1618.18,2023-03-14,15.3,12.38,23.53,22306.6,22283.07,90.0,49,ratchet-ATR exit,2023-05-22,27.23,24.85,13.45,28.56,30.56,24.39,,,102.44,,182,5,,-1,
BUY,588,AEHR,2023-06-06,40.25,888.1,,,17.87,,,,,,,2023-06-05,42.42,33.91,26.75,40.95,35.68,29.48,,,58.59,,294,5,,-0.9,
BUY,587,BELFA,2023-06-06,50.3,710.66,,,17.87,,,,,,,2023-06-05,50.3,34.75,31.81,48.66,35.97,33.15,,,58.14,,0,5,,2.1,
BUY,593,BELFB,2023-06-06,51.16,698.71,,,17.87,,,,,,,2023-06-05,55.83,45.33,35.35,51.18,48.86,41.23,,,57.95,,462,5,,-0.9,
BUY,594,CVNA,2023-06-06,2.97,12019.57,,,17.87,,,,,,,2023-06-05,3.82,2.46,2.34,3.0,2.71,2.05,,,63.16,,0,5,,2.0,
BUY,592,MDB,2023-06-06,385.02,92.84,,,17.87,,,,,,,2023-06-05,374.61,290.37,216.2,388.51,316.91,256.91,,,73.27,,42,5,,1.3,
BUY,591,PLPC,2023-06-06,116.2,307.63,,,17.87,,,,,,,2023-06-05,163.46,133.32,97.42,116.2,121.57,125.03,,,67.78,,308,5,,-1,
BUY,589,STRL,2023-06-06,49.87,716.79,,,17.87,,,,,,,2023-06-05,53.49,44.49,34.47,49.91,46.92,41.22,,,55.17,,217,5,,-0.8,
BUY,590,TGTX,2023-06-06,25.35,1410.11,,,17.87,,,,,,,2023-06-05,27.47,25.58,14.46,25.83,27.33,27.0,,,89.94,,196,5,,-1,
SELL,580,AMD,2023-06-06,117.83,333.34,2023-05-23,107.28,17.88,19.64,3516.74,3497.11,9.78,9,rotation (out of top-N),2023-06-05,124.96,106.61,80.89,117.9,115.98,98.79,,,54.49,,91,5,,-0.2,
SELL,569,BLBD,2023-06-06,21.57,1610.61,2023-05-09,19.43,15.65,17.37,3446.71,3429.34,10.96,19,rotation (out of top-N),2023-06-05,21.43,22.66,15.64,25.21,25.52,21.46,,,37.02,,147,5,,0.1,
SELL,567,FCNCA,2023-06-06,1259.65,29.11,2023-05-09,1075.11,15.65,18.33,5371.58,5353.24,17.11,19,rotation (out of top-N),2023-06-05,1267.12,1129.29,856.77,1244.3,1252.25,1114.84,,,47.9,,56,5,,1.7,
SELL,582,MDGL,2023-06-06,264.81,122.23,2023-05-23,292.56,17.88,16.18,-3391.99,-3408.18,-9.53,9,rotation (out of top-N),2023-06-05,264.94,273.57,198.07,266.51,275.3,284.08,,,33.76,,168,5,,0.3,
SELL,584,MRVL,2023-06-06,57.55,785.61,2023-05-23,45.52,17.88,22.61,9450.84,9428.24,26.36,9,rotation (out of top-N),2023-06-05,59.4,50.04,42.68,57.46,55.3,43.76,,,39.17,,14,5,,2.8,
SELL,586,PLPC,2023-06-06,116.2,231.87,2023-05-23,154.23,17.88,13.47,-8817.89,-8831.36,-24.7,9,ratchet-ATR exit,2023-06-05,163.46,133.32,97.42,116.2,121.57,125.03,,,67.78,,308,5,,-1,
SELL,576,RMBS,2023-06-06,62.9,631.74,2023-05-16,50.47,15.94,19.87,7852.54,7832.67,24.57,14,rotation (out of top-N),2023-06-05,63.69,56.19,41.29,63.21,62.2,52.69,,,54.24,,231,5,,-0.7,
SELL,583,TGTX,2023-06-06,25.35,1229.53,2023-05-23,29.09,17.88,15.58,-4592.28,-4607.87,-12.89,9,ratchet-ATR exit,2023-06-05,27.47,25.58,14.46,25.83,27.33,27.0,,,89.94,,196,5,,-1,
BUY,596,AAOI,2023-06-13,3.32,12265.71,,,20.36,,,,,,,2023-06-12,4.85,2.72,2.43,3.31,2.73,2.07,,,99.28,,0,5,,2.0,
BUY,599,CCL,2023-06-13,14.89,2734.87,,,20.36,,,,,,,2023-06-12,15.63,11.77,9.78,14.56,12.6,10.57,,,59.85,,133,5,,-1.0,
BUY,597,ODC,2023-06-13,24.01,1696.05,,,20.36,,,,,,,2023-06-12,26.13,20.06,16.41,24.1,20.08,18.68,,,59.26,,217,5,,-1.0,
BUY,598,PENG,2023-06-13,24.8,1642.35,,,20.36,,,,,,,2023-06-12,27.01,21.16,17.02,23.75,23.02,18.69,,,58.67,,28,5,,1.6,
BUY,595,TQQQ,2023-06-13,18.98,2145.53,,,20.36,,,,,,,2023-06-12,19.65,16.02,11.69,18.54,17.33,14.77,,,68.16,,77,5,,-0.3,
BUY,600,VRT,2023-06-13,21.4,1902.9,,,20.36,,,,,,,2023-06-12,22.46,18.01,14.38,21.03,19.97,16.12,,,56.14,,224,5,,-0.8,
SELL,588,AEHR,2023-06-13,43.59,888.1,2023-06-06,40.25,17.87,19.36,2966.27,2946.91,8.24,5,rotation (out of top-N),2023-06-12,39.38,34.9,27.37,42.83,39.8,31.09,,,43.88,,301,5,,-0.2,
SELL,561,BLDR,2023-06-13,125.78,316.63,2023-05-02,93.31,14.77,19.91,10281.12,10261.2,34.73,29,rotation (out of top-N),2023-06-12,121.45,111.34,80.27,123.72,120.83,110.31,,,51.3,,182,5,,-0.6,
SELL,579,ELF,2023-06-13,104.85,417.94,2023-05-23,85.56,17.88,21.91,8059.92,8038.01,22.48,14,rotation (out of top-N),2023-06-12,104.08,95.8,67.33,105.48,103.64,95.04,,,54.58,,336,5,,-0.7,
SELL,585,KRYS,2023-06-13,128.35,296.68,2023-05-23,120.53,17.88,19.04,2318.58,2299.54,6.43,14,rotation (out of top-N),2023-06-12,121.38,106.8,82.77,129.54,123.58,100.32,,,46.64,,357,5,,-0.3,
SELL,559,POWL,2023-06-13,20.19,2269.33,2023-05-02,13.02,14.77,22.91,16271.13,16248.22,54.99,29,rotation (out of top-N),2023-06-12,18.61,17.72,12.47,20.19,19.99,17.0,,,49.21,,224,5,,-0.5,
SELL,589,STRL,2023-06-13,53.26,716.79,2023-06-06,49.87,17.87,19.09,2429.91,2410.82,6.74,5,rotation (out of top-N),2023-06-12,51.83,45.82,35.14,52.73,50.73,43.36,,,47.5,,224,5,,-0.4,
BUY,604,ACLS,2023-06-27,168.87,255.71,,,21.59,,,,,,,2023-06-26,183.29,157.84,110.44,168.21,168.7,148.89,,,65.96,,231,5,,-1,
BUY,606,BLDR,2023-06-27,128.78,335.32,,,21.59,,,,,,,2023-06-26,135.98,118.23,84.12,128.12,125.62,117.5,,,61.65,,196,5,,-1,
BUY,607,CMPR,2023-06-27,55.33,780.43,,,21.59,,,,,,,2023-06-26,59.44,51.37,36.28,53.64,53.44,50.45,,,63.84,,133,5,,-1,
BUY,602,ELF,2023-06-27,108.05,399.64,,,21.59,,,,,,,2023-06-26,114.33,101.05,70.95,107.44,107.2,98.0,,,61.14,,350,5,,-1,
BUY,601,HUT,2023-06-27,13.85,3117.78,,,21.59,,,,,,,2023-06-26,16.55,11.78,8.79,13.3,12.54,10.16,,,88.33,,56,5,,1.1,
BUY,603,SMCI,2023-06-27,22.34,1932.91,,,21.59,,,,,,,2023-06-26,24.93,20.1,11.24,21.64,22.64,18.83,,,121.87,,434,5,,-1,
BUY,605,W,2023-06-27,60.27,716.46,,,21.59,,,,,,,2023-06-26,65.03,49.23,40.42,59.52,55.02,42.91,,,60.88,,21,5,,1.7,
SELL,575,ACLS,2023-06-27,168.87,250.1,2023-05-16,127.48,15.94,21.12,10350.38,10329.26,32.4,28,ratchet-ATR exit,2023-06-26,183.29,157.84,110.44,168.21,168.7,148.89,,,65.96,,231,5,,-1,
SELL,593,BELFB,2023-06-27,53.62,698.71,2023-06-06,51.16,17.87,18.73,1718.84,1700.1,4.76,14,rotation (out of top-N),2023-06-26,56.73,50.34,37.71,53.76,56.15,49.43,,,50.45,,483,5,,-0.5,
SELL,552,COCO,2023-06-27,26.96,1471.19,2023-04-25,20.05,14.75,19.83,10165.91,10146.08,34.4,43,rotation (out of top-N),2023-06-26,26.88,25.71,17.31,27.59,28.07,25.62,,,55.31,,210,5,,-0.8,
SELL,554,META,2023-06-27,279.84,141.02,2023-04-25,209.17,14.75,19.73,9965.94,9946.21,33.72,43,rotation (out of top-N),2023-06-26,284.7,259.52,177.34,276.33,277.12,254.8,,,60.54,,133,5,,-1,
SELL,591,PLPC,2023-06-27,159.85,307.63,2023-06-06,116.2,17.87,24.59,13427.9,13403.31,37.5,14,rotation (out of top-N),2023-06-26,152.49,145.1,103.86,159.85,159.69,138.37,,,46.82,,329,5,,-0.3,
SELL,560,SMCI,2023-06-27,22.34,2800.64,2023-05-02,10.55,14.77,31.28,33019.53,32988.25,111.65,38,ratchet-ATR exit,2023-06-26,24.93,20.1,11.24,21.64,22.64,18.83,,,121.87,,434,5,,-1,
SELL,590,TGTX,2023-06-27,22.61,1410.11,2023-06-06,25.35,17.87,15.94,-3863.69,-3879.63,-10.85,14,rotation (out of top-N),2023-06-26,24.84,25.15,15.82,22.84,24.73,28.55,,,57.04,,217,5,,-0.9,
BUY,610,APP,2023-07-05,25.9,1627.0,,,21.07,,,,,,,2023-07-03,25.95,23.07,16.45,25.91,24.94,23.3,,,57.78,,56,5,,1.2,
BUY,612,META,2023-07-05,285.55,147.57,,,21.07,,,,,,,2023-07-03,288.24,264.74,181.18,283.84,280.96,260.61,,,59.09,,140,5,,-1.0,
BUY,608,ROOT,2023-07-05,9.48,4445.08,,,21.07,,,,,,,2023-07-03,10.16,7.31,5.92,9.9,9.6,6.33,,,71.52,,14,5,,1.8,
BUY,609,STRL,2023-07-05,58.25,723.42,,,21.07,,,,,,,2023-07-03,57.49,50.27,37.61,58.2,54.48,48.84,,,52.87,,245,5,,-0.6,
BUY,611,TGTX,2023-07-05,22.91,1839.75,,,21.07,,,,,,,2023-07-03,24.98,25.12,16.29,22.75,24.09,27.61,,,53.34,,224,5,,-0.7,
SELL,602,ELF,2023-07-05,112.69,399.64,2023-06-27,108.05,21.59,22.52,1854.33,1831.82,4.24,5,rotation (out of top-N),2023-07-03,110.02,102.68,72.76,113.46,110.62,100.55,,,51.2,,357,5,,-0.6,
SELL,562,GRBK,2023-07-05,55.95,803.99,2023-05-02,36.75,14.77,22.49,15436.66,15414.17,52.17,43,rotation (out of top-N),2023-07-03,50.02,50.33,34.23,55.9,55.47,52.67,,,46.12,,231,5,,-0.3,
SELL,545,HOV,2023-07-05,94.97,410.28,2023-04-18,67.68,13.88,19.48,11196.41,11176.93,40.25,53,rotation (out of top-N),2023-07-03,93.57,89.33,63.09,94.83,95.85,90.64,,,48.3,,175,5,,-0.4,
SELL,536,PTGX,2023-07-05,23.66,1405.21,2023-04-11,18.48,12.98,16.62,7271.99,7255.37,27.94,58,rotation (out of top-N),2023-07-03,23.18,25.67,17.04,22.28,26.88,26.85,,,36.09,,175,5,,0.2,
SELL,605,W,2023-07-05,67.74,716.46,2023-06-27,60.27,21.59,24.27,5351.98,5327.71,12.34,5,rotation (out of top-N),2023-07-03,61.63,51.48,41.15,68.35,61.35,46.82,,,49.78,,28,5,,2.0,
BUY,614,AEHR,2023-07-11,39.56,1173.83,,,23.22,,,,,,,2023-07-10,48.94,39.35,30.08,39.8,39.94,37.3,,,62.68,,329,5,,-1,
BUY,617,COIN,2023-07-11,80.89,574.11,,,23.22,,,,,,,2023-07-10,105.42,71.8,58.77,81.21,74.24,61.84,81.21,77.82,79.38,4.17,119,5,5.8,-1.0,0.2
BUY,615,HOV,2023-07-11,96.85,479.47,,,23.22,,,,,,,2023-07-10,108.78,92.87,64.8,94.8,94.66,92.25,,,67.86,,182,5,,-1,
BUY,613,MOD,2023-07-11,33.01,1406.75,,,23.22,,,,,,,2023-07-10,37.66,30.72,23.36,32.89,32.73,28.61,,,61.22,,385,5,,-1,
BUY,618,MSTR,2023-07-11,40.1,1158.02,,,23.22,,,,,,,2023-07-10,45.78,34.41,26.05,40.75,36.32,30.81,,,75.72,,154,5,,-1,
BUY,616,W,2023-07-11,65.32,710.91,,,23.22,,,,,,,2023-07-10,69.46,54.75,42.12,65.49,61.93,49.22,,,64.91,,35,5,,1.4,
SELL,604,ACLS,2023-07-11,178.74,255.71,2023-06-27,168.87,21.59,22.85,2523.83,2500.97,5.79,9,rotation (out of top-N),2023-07-10,180.11,164.15,116.22,177.96,175.65,161.64,,,54.97,,245,5,,-0.7,
SELL,606,BLDR,2023-07-11,135.97,335.32,2023-06-27,128.78,21.59,22.8,2410.97,2388.18,5.53,9,rotation (out of top-N),2023-07-10,141.06,124.61,87.92,135.15,133.06,123.97,135.15,133.21,60.43,1.44,210,5,4.0,-1,2.0
SELL,599,CCL,2023-07-11,19.12,2734.87,2023-06-13,14.89,20.36,26.15,11568.49,11542.34,28.34,18,rotation (out of top-N),2023-07-10,17.06,15.0,10.7,19.09,17.92,13.85,19.09,18.66,59.39,2.27,161,5,4.5,-1.0,1.5
SELL,598,PENG,2023-07-11,27.32,1642.35,2023-06-13,24.8,20.36,22.44,4155.16,4132.72,10.15,18,rotation (out of top-N),2023-07-10,27.25,24.64,18.17,27.36,27.1,23.64,,,49.97,,56,5,,1.6,
SELL,609,STRL,2023-07-11,58.5,723.42,2023-07-05,58.25,21.07,21.16,180.86,159.7,0.38,4,rotation (out of top-N),2023-07-10,58.77,51.81,38.52,58.28,56.26,50.33,,,52.6,,252,5,,-0.6,
SELL,611,TGTX,2023-07-11,26.09,1839.75,2023-07-05,22.91,21.07,24.0,5868.79,5844.78,13.87,4,rotation (out of top-N),2023-07-10,22.1,24.57,16.71,26.51,24.44,26.68,,,32.29,,231,5,,0.4,
BUY,622,BBIO,2023-07-18,32.1,1597.05,,,25.63,,,,,,,2023-07-17,34.12,19.26,12.91,31.99,20.11,16.23,,,164.28,,161,5,,-1,
BUY,619,CAMT,2023-07-18,43.8,1170.44,,,25.63,,,,,,,2023-07-17,43.56,34.54,27.08,42.64,36.8,31.89,,,60.86,,154,5,,-1,
BUY,623,CCL,2023-07-18,17.67,2901.27,,,25.63,,,,,,,2023-07-17,17.68,15.49,10.97,17.52,17.75,14.79,17.52,17.06,61.19,2.63,168,5,4.8,-1,1.2
BUY,624,PKX,2023-07-18,90.39,567.16,,,25.63,,,,,,,2023-07-17,99.97,76.68,60.9,88.44,77.9,70.75,,,64.16,,224,5,,-1,
BUY,621,RKLB,2023-07-18,7.04,7282.01,,,25.63,,,,,,,2023-07-17,7.49,5.77,4.68,6.88,6.23,5.45,,,60.18,,42,5,,1.3,
BUY,620,XPO,2023-07-18,66.61,769.63,,,25.63,,,,,,,2023-07-17,65.83,55.27,41.0,62.21,59.69,52.86,,,60.54,,91,5,,-0.5,
SELL,614,AEHR,2023-07-18,51.92,1173.83,2023-07-11,39.56,23.22,30.47,14508.53,14478.06,31.18,5,rotation (out of top-N),2023-07-17,48.39,41.0,30.92,52.15,43.57,39.22,,,56.48,,336,5,,-0.8,
SELL,615,HOV,2023-07-18,108.96,479.47,2023-07-11,96.85,23.22,26.12,5806.39,5780.26,12.45,5,rotation (out of top-N),2023-07-17,99.37,94.05,66.39,109.26,102.39,94.98,,,49.67,,189,5,,-0.5,
SELL,612,META,2023-07-18,308.35,147.57,2023-07-05,285.55,21.07,22.75,3364.66,3341.9,7.93,9,rotation (out of top-N),2023-07-17,292.19,275.89,189.69,308.14,299.0,275.2,307.86,303.03,54.04,1.57,154,5,3.7,-0.7,2.0
SELL,613,MOD,2023-07-18,37.34,1406.75,2023-07-11,33.01,23.22,26.26,6091.21,6064.95,13.06,5,rotation (out of top-N),2023-07-17,36.64,31.79,23.93,37.16,35.04,30.54,,,53.12,,392,5,,-0.7,
SELL,595,TQQQ,2023-07-18,21.75,2145.53,2023-06-13,18.98,20.36,23.33,5943.12,5919.79,14.54,23,rotation (out of top-N),2023-07-17,20.63,18.64,12.96,21.85,20.43,18.37,,,59.16,,112,5,,-0.8,
SELL,600,VRT,2023-07-18,26.21,1902.9,2023-06-13,21.4,20.36,24.94,9152.97,9128.04,22.42,23,rotation (out of top-N),2023-07-17,25.6,22.53,16.18,26.26,25.37,21.86,26.26,25.84,58.26,1.59,259,5,4.0,-0.9,1.9
BUY,631,CLS,2023-07-25,16.38,3089.01,,,25.3,,,,,,,2023-07-24,20.68,15.49,12.7,16.26,15.98,14.38,,,62.76,,238,5,,-1,
BUY,629,IRON,2023-07-25,45.72,1106.81,,,25.3,,,,,,,2023-07-24,48.45,43.92,27.8,45.5,46.19,45.34,,,74.29,,287,5,,-1,
BUY,630,LMB,2023-07-25,25.14,2012.65,,,25.3,,,,,,,2023-07-24,25.81,23.9,16.1,25.0,25.99,24.08,,,60.26,,294,5,,-1,
BUY,627,META,2023-07-25,292.94,172.72,,,25.3,,,,,,,2023-07-24,322.74,284.41,194.53,289.34,298.71,282.15,289.07,281.68,65.91,2.56,161,5,4.7,-1,1.3
BUY,628,TQQQ,2023-07-25,20.82,2430.26,,,25.3,,,,,,,2023-07-24,21.84,19.22,13.26,20.71,20.91,19.15,,,64.68,,119,5,,-1.0,
BUY,625,VICR,2023-07-25,59.91,844.5,,,25.3,,,,,,,2023-07-24,95.16,61.99,53.88,59.15,58.08,56.42,,,76.62,,28,5,,1.5,
BUY,626,WRLD,2023-07-25,151.13,334.8,,,25.3,,,,,,,2023-07-24,156.51,133.65,96.25,150.94,141.78,129.51,,,62.6,,84,5,,-0.4,
SELL,587,BELFA,2023-07-25,63.61,710.66,2023-06-06,50.3,17.87,22.6,9458.89,9436.28,26.4,33,rotation (out of top-N),2023-07-24,59.52,53.64,37.26,63.19,60.61,53.26,,,59.74,,49,5,,1.2,
SELL,617,COIN,2023-07-25,99.51,574.11,2023-07-11,80.89,23.22,28.56,10692.76,10664.19,22.97,10,rotation (out of top-N),2023-07-24,94.73,80.29,60.41,98.8,98.13,72.23,98.8,94.43,56.81,4.42,133,5,5.8,-0.8,0.1
SELL,546,IRON,2023-07-25,45.72,1120.11,2023-04-18,24.79,13.88,25.6,23438.22,23412.62,84.32,67,ratchet-ATR exit,2023-07-24,48.45,43.92,27.8,45.5,46.19,45.34,,,74.29,,287,5,,-1,
SELL,556,LMB,2023-07-25,25.14,1781.24,2023-04-25,16.56,14.75,22.39,15283.04,15260.65,51.74,62,ratchet-ATR exit,2023-07-24,25.81,23.9,16.1,25.0,25.99,24.08,,,60.26,,294,5,,-1,
SELL,618,MSTR,2023-07-25,42.99,1158.02,2023-07-11,40.1,23.22,24.89,3346.69,3321.79,7.15,10,rotation (out of top-N),2023-07-24,43.41,37.41,27.12,43.08,42.98,34.7,,,60.05,,168,5,,-1,
SELL,597,ODC,2023-07-25,30.27,1696.05,2023-06-13,24.01,20.36,25.67,10617.27,10591.6,26.01,28,rotation (out of top-N),2023-07-24,30.45,26.7,19.02,30.35,29.9,25.48,,,60.1,,259,5,,-1,
SELL,621,RKLB,2023-07-25,7.54,7282.01,2023-07-18,7.04,25.63,27.47,3677.42,3649.95,7.12,5,rotation (out of top-N),2023-07-24,7.09,6.01,4.75,7.39,7.12,5.83,,,49.45,,49,5,,1.7,
BUY,635,BLDR,2023-08-01,144.3,377.03,,,27.2,,,,,,,2023-07-31,149.86,133.75,94.32,144.45,141.69,132.89,144.45,142.69,58.88,1.22,231,5,3.8,-0.9,2.2
BUY,637,COOK,2023-08-01,218.0,249.57,,,27.2,,,,,,,2023-07-31,297.75,219.23,183.86,223.0,213.29,206.68,,,61.94,,161,5,,-1,
BUY,633,ELF,2023-08-01,116.14,468.43,,,27.2,,,,,,,2023-07-31,128.08,111.65,80.47,116.77,114.13,110.6,,,59.16,,385,5,,-1.0,
BUY,632,MOD,2023-08-01,37.33,1457.44,,,27.2,,,,,,,2023-07-31,44.52,34.73,25.12,37.57,36.22,33.7,,,77.26,,406,5,,-1,
BUY,634,POWL,2023-08-01,20.22,2690.7,,,27.2,,,,,,,2023-07-31,26.83,20.48,14.84,19.88,19.95,19.85,,,80.81,,273,5,,-1,
BUY,636,VRT,2023-08-01,25.41,2141.13,,,27.2,,,,,,,2023-07-31,35.55,25.39,17.01,25.94,25.71,23.91,25.93,25.34,108.99,2.28,273,5,4.5,-1,1.5
SELL,623,CCL,2023-08-01,18.02,2901.27,2023-07-18,17.67,25.63,26.14,1015.44,989.3,1.93,10,rotation (out of top-N),2023-07-31,17.0,16.18,11.43,18.64,17.95,16.48,18.64,18.32,48.77,1.73,182,5,3.6,-0.4,1.8
SELL,592,MDB,2023-08-01,418.63,92.84,2023-06-06,385.02,17.87,19.43,3120.44,3101.0,8.68,38,rotation (out of top-N),2023-07-31,401.08,379.37,255.49,423.66,412.15,396.1,,,56.98,,98,5,,-0.5,
SELL,627,META,2023-08-01,314.8,172.72,2023-07-25,292.94,25.3,27.19,3775.76,3748.57,7.41,5,rotation (out of top-N),2023-07-31,308.26,288.74,199.77,316.1,305.98,287.96,315.81,310.26,54.3,1.76,168,5,3.9,-0.7,1.8
SELL,628,TQQQ,2023-08-01,21.65,2430.26,2023-07-25,20.82,25.3,26.31,2017.11,1990.81,3.93,5,rotation (out of top-N),2023-07-31,19.88,19.34,13.5,21.91,21.23,19.72,,,47.26,,126,5,,-0.4,
SELL,625,VICR,2023-08-01,90.51,844.5,2023-07-25,59.91,25.3,38.22,25837.34,25799.13,50.99,5,rotation (out of top-N),2023-07-31,77.72,64.85,54.58,92.25,78.0,60.12,,,42.4,,35,5,,2.3,
SELL,626,WRLD,2023-08-01,155.36,334.8,2023-07-25,151.13,25.3,26.01,1416.19,1390.19,2.75,5,rotation (out of top-N),2023-07-31,153.99,137.35,98.17,156.51,149.73,134.83,,,56.85,,91,5,,-0.4,
BUY,640,BBIO,2023-08-08,30.97,1779.67,,,27.56,,,,,,,2023-08-07,31.05,25.04,14.55,30.98,31.85,23.27,,,113.46,,182,5,,-1,
BUY,639,IESC,2023-08-08,64.64,852.6,,,27.56,,,,,,,2023-08-07,70.17,58.64,44.67,64.86,59.94,56.22,,,57.09,,231,5,,-0.9,
BUY,641,ODC,2023-08-08,30.52,1805.92,,,27.56,,,,,,,2023-08-07,30.79,27.98,19.85,30.44,30.42,28.55,,,55.08,,273,5,,-0.8,
BUY,642,PKX,2023-08-08,106.25,518.74,,,27.56,,,,,,,2023-08-07,102.71,90.52,65.85,102.38,106.79,86.03,,,55.99,,245,5,,-0.8,
BUY,638,STRL,2023-08-08,67.36,818.24,,,27.56,,,,,,,2023-08-07,80.77,59.9,42.27,61.79,60.54,56.85,,,91.08,,280,5,,-1,
SELL,622,BBIO,2023-08-08,30.97,1597.05,2023-07-18,32.1,25.63,24.73,-1804.67,-1829.4,-3.57,15,ratchet-ATR exit,2023-08-07,31.05,25.04,14.55,30.98,31.85,23.27,,,113.46,,182,5,,-1,
SELL,637,COOK,2023-08-08,278.25,249.57,2023-08-01,218.0,27.2,34.72,15036.53,15001.81,27.57,5,rotation (out of top-N),2023-08-07,266.5,227.82,185.41,288.0,249.12,214.18,,,43.73,,168,5,,-0.2,
SELL,601,HUT,2023-08-08,15.8,3117.78,2023-06-27,13.85,21.59,24.63,6079.67,6055.04,14.02,29,rotation (out of top-N),2023-08-07,14.8,15.42,9.93,15.15,16.57,16.1,,,49.02,,98,5,,-0.1,
SELL,513,NVDA,2023-08-08,44.83,1054.44,2023-03-14,23.48,12.38,23.64,22512.2,22488.56,90.83,101,rotation (out of top-N),2023-08-07,40.82,41.8,27.93,45.38,45.27,43.65,45.32,44.34,46.15,2.16,203,5,3.7,-0.3,1.6
SELL,624,PKX,2023-08-08,106.25,567.16,2023-07-18,90.39,25.63,30.13,8995.12,8964.99,17.49,15,ratchet-ATR exit,2023-08-07,102.71,90.52,65.85,102.38,106.79,86.03,,,55.99,,245,5,,-0.8,
BUY,647,ANF,2023-08-15,41.16,1297.49,,,26.71,,,,,,,2023-08-14,43.17,37.55,29.11,41.38,39.74,37.57,,,48.31,,224,5,,-0.4,
BUY,643,DBD,2023-08-15,19.49,2740.43,,,26.71,,,,,,,2023-08-14,20.19,5.72,2.39,20.5,5.95,3.16,,,746.0,,49,5,,1.2,
BUY,646,NVDA,2023-08-15,44.54,1199.17,,,26.71,,,,,,,2023-08-14,43.25,42.06,28.6,43.73,43.65,43.88,43.68,42.48,51.2,2.75,210,5,4.4,-0.6,1.2
BUY,644,ROOT,2023-08-15,9.47,5640.02,,,26.71,,,,,,,2023-08-14,9.44,9.14,6.27,9.34,9.71,10.13,,,50.54,,56,5,,1.5,
BUY,645,SMCI,2023-08-15,26.91,1984.8,,,26.71,,,,,,,2023-08-14,24.37,26.45,15.15,26.94,29.61,28.14,26.94,25.67,60.81,4.73,483,5,6,-1,0.0
SELL,635,BLDR,2023-08-15,152.05,377.03,2023-08-01,144.3,27.2,28.66,2922.02,2893.35,5.32,10,rotation (out of top-N),2023-08-14,134.15,135.92,98.31,151.9,148.86,139.66,151.9,149.74,36.46,1.42,245,5,2.8,0.2,2.1
SELL,633,ELF,2023-08-15,133.99,468.43,2023-08-01,116.14,27.2,31.38,8359.17,8327.79,15.31,10,rotation (out of top-N),2023-08-14,118.03,115.9,84.28,134.34,129.39,117.01,,,40.05,,399,5,,-0.0,
SELL,577,PLTR,2023-08-15,15.62,3391.91,2023-05-16,9.4,15.94,26.49,21097.7,21071.2,66.09,62,rotation (out of top-N),2023-08-14,14.4,15.39,10.37,15.72,16.58,16.41,15.72,15.27,38.94,2.88,126,5,3.9,0.1,1.1
SELL,608,ROOT,2023-08-15,9.47,4445.08,2023-07-05,9.48,21.07,21.05,-44.45,-65.5,-0.16,29,ratchet-ATR exit,2023-08-14,9.44,9.14,6.27,9.34,9.71,10.13,,,50.54,,56,5,,1.5,
SELL,603,SMCI,2023-08-15,26.91,1932.91,2023-06-27,22.34,21.59,26.01,8833.4,8807.39,20.4,34,ratchet-ATR exit,2023-08-14,24.37,26.45,15.15,26.94,29.61,28.14,26.94,25.67,60.81,4.73,483,5,6,-1,0.0
BUY,648,ANIP,2023-08-22,61.42,821.82,,,25.24,,,,,,,2023-08-21,63.91,55.88,45.4,61.21,59.4,54.3,,,40.77,,350,5,,-0.0,
BUY,650,BBIO,2023-08-22,28.65,1761.97,,,25.24,,,,,,,2023-08-21,29.68,26.43,15.49,28.58,30.02,26.86,,,91.64,,196,5,,-1,
BUY,651,CMPR,2023-08-22,62.65,805.75,,,25.24,,,,,,,2023-08-21,62.58,62.81,44.47,63.9,67.47,64.66,,,40.72,,189,5,,-0.0,
BUY,652,PKX,2023-08-22,98.98,510.01,,,25.24,,,,,,,2023-08-21,103.95,93.93,68.34,98.19,100.61,93.54,,,52.12,,259,5,,-0.6,
BUY,649,SKYW,2023-08-22,40.72,1239.7,,,25.24,,,,,,,2023-08-21,40.16,39.68,27.17,40.47,41.13,41.38,,,47.82,,147,5,,-0.4,
SELL,640,BBIO,2023-08-22,28.65,1779.67,2023-08-08,30.97,27.56,25.49,-4128.85,-4154.34,-7.54,10,ratchet-ATR exit,2023-08-21,29.68,26.43,15.49,28.58,30.02,26.86,,,91.64,,196,5,,-1,
SELL,607,CMPR,2023-08-22,62.65,780.43,2023-06-27,55.33,21.59,24.45,5712.75,5688.31,13.17,39,ratchet-ATR exit,2023-08-21,62.58,62.81,44.47,63.9,67.47,64.66,,,40.72,,189,5,,-0.0,
SELL,642,PKX,2023-08-22,98.98,518.74,2023-08-08,106.25,27.56,25.67,-3771.27,-3796.94,-6.89,10,ratchet-ATR exit,2023-08-21,103.95,93.93,68.34,98.19,100.61,93.54,,,52.12,,259,5,,-0.6,
SELL,581,SKYW,2023-08-22,40.72,1249.5,2023-05-23,28.62,17.88,25.44,15118.99,15093.55,42.21,62,ratchet-ATR exit,2023-08-21,40.16,39.68,27.17,40.47,41.13,41.38,,,47.82,,147,5,,-0.4,
SELL,616,W,2023-08-22,70.92,710.91,2023-07-11,65.32,23.22,25.21,3977.55,3952.34,8.51,30,rotation (out of top-N),2023-08-21,65.21,66.85,47.94,70.01,73.52,70.86,,,36.03,,77,5,,0.9,
BUY,655,ACMR,2023-08-29,15.21,3494.11,,,26.57,,,,,,,2023-08-28,18.43,14.1,11.39,15.32,14.66,13.47,,,61.85,,77,5,,-0.3,
BUY,656,AFRM,2023-08-29,18.14,2929.74,,,26.57,,,,,,,2023-08-28,21.85,16.95,13.56,17.96,15.7,16.15,,,61.1,,77,5,,-0.3,
BUY,653,ELF,2023-08-29,125.68,422.86,,,26.57,,,,,,,2023-08-28,136.98,120.45,87.96,122.73,122.65,120.12,,,55.73,,413,5,,-0.8,
BUY,654,HOV,2023-08-29,96.17,552.65,,,26.57,,,,,,,2023-08-28,126.05,102.55,75.97,95.55,96.2,101.03,,,65.92,,231,5,,-1,
SELL,648,ANIP,2023-08-29,63.18,821.82,2023-08-22,61.42,25.24,25.96,1442.3,1416.34,2.81,5,rotation (out of top-N),2023-08-28,64.61,57.47,45.98,62.71,61.86,55.54,,,40.52,,357,5,,-0.0,
SELL,651,CMPR,2023-08-29,63.85,805.75,2023-08-22,62.65,25.24,25.72,966.9,941.18,1.86,5,rotation (out of top-N),2023-08-28,65.79,63.35,45.41,63.24,64.64,65.32,,,44.87,,196,5,,-0.2,
SELL,570,INOD,2023-08-29,14.27,3946.31,2023-05-09,7.93,15.65,28.16,25019.59,24991.44,79.86,77,rotation (out of top-N),2023-08-28,11.87,12.06,8.04,13.74,13.25,12.1,,,47.62,,196,5,,-0.4,
SELL,652,PKX,2023-08-29,103.89,510.01,2023-08-22,98.98,25.24,26.49,2504.13,2477.64,4.91,5,rotation (out of top-N),2023-08-28,101.44,95.3,69.58,106.25,101.96,97.4,,,45.79,,266,5,,-0.3,
BUY,661,AAOI,2023-09-12,11.7,5853.72,,,34.24,,,,,,,2023-09-11,9.86,10.43,4.74,11.65,12.77,11.35,,,107.92,,91,5,,-0.5,
BUY,660,AMR,2023-09-12,215.78,317.4,,,34.24,,,,,,,2023-09-11,245.98,199.14,163.79,214.13,209.9,185.66,,,50.18,,77,5,,0.2,
BUY,663,CMPR,2023-09-12,64.59,1060.36,,,34.24,,,,,,,2023-09-11,69.03,64.44,47.26,64.73,64.72,66.43,,,46.06,,210,5,,-0.3,
BUY,662,CNR,2023-09-12,92.62,739.46,,,34.24,,,,,,,2023-09-11,96.66,82.1,63.85,92.06,88.56,78.33,,,51.4,,91,5,,-0.1,
BUY,657,DBD,2023-09-12,17.84,3837.97,,,34.24,,,,,,,2023-09-11,18.86,12.9,4.06,18.37,17.96,10.94,,,364.41,,77,5,,-0.3,
BUY,659,DELL,2023-09-12,68.31,1002.61,,,34.24,,,,,,,2023-09-11,66.16,57.91,44.74,68.9,62.97,54.59,68.9,67.7,47.89,1.75,154,5,3.6,-0.4,1.8
BUY,664,LEU,2023-09-12,50.67,1351.66,,,34.24,,,,,,,2023-09-11,53.15,44.37,36.37,50.35,48.83,41.83,,,46.14,,35,5,,2.1,
BUY,658,WFRD,2023-09-12,94.51,724.67,,,34.24,,,,,,,2023-09-11,94.71,83.84,64.64,93.41,89.34,82.53,,,46.53,,336,5,,-0.3,
SELL,596,AAOI,2023-09-12,11.7,12265.71,2023-06-13,3.32,20.36,71.75,102786.67,102714.92,252.23,62,ratchet-ATR exit,2023-09-11,9.86,10.43,4.74,11.65,12.77,11.35,,,107.92,,91,5,,-0.5,
SELL,655,ACMR,2023-09-12,18.27,3494.11,2023-08-29,15.21,26.57,31.92,10691.99,10660.07,20.06,9,rotation (out of top-N),2023-09-11,15.5,15.04,11.8,18.56,17.93,14.52,,,31.36,,91,5,,0.9,
SELL,643,DBD,2023-09-12,17.84,2740.43,2023-08-15,19.49,26.71,24.45,-4508.01,-4532.46,-8.49,19,ratchet-ATR exit,2023-09-11,18.86,12.9,4.06,18.37,17.96,10.94,,,364.41,,77,5,,-0.3,
SELL,653,ELF,2023-09-12,135.46,422.86,2023-08-29,125.68,26.57,28.64,4135.61,4106.96,7.73,9,rotation (out of top-N),2023-09-11,125.82,123.75,91.78,135.46,133.93,125.25,,,37.08,,427,5,,0.1,
SELL,654,HOV,2023-09-12,121.6,552.65,2023-08-29,96.17,26.57,33.6,14056.63,14023.03,26.39,9,rotation (out of top-N),2023-09-11,111.72,107.33,79.55,123.28,117.03,105.57,,,40.43,,245,5,,-0.0,
SELL,639,IESC,2023-09-12,71.67,852.6,2023-08-08,64.64,27.56,30.55,5985.27,5954.72,10.8,24,rotation (out of top-N),2023-09-11,67.0,66.77,49.44,70.94,72.58,66.38,,,35.51,,266,5,,0.2,
SELL,646,NVDA,2023-09-12,44.7,1199.17,2023-08-15,44.54,26.71,26.8,191.87,165.07,0.31,19,rotation (out of top-N),2023-09-11,43.85,44.07,31.56,45.15,46.64,45.66,45.09,44.05,38.94,2.31,238,5,3.5,0.1,1.5
SELL,641,ODC,2023-09-12,29.3,1805.92,2023-08-08,30.52,27.56,26.46,-2203.22,-2229.67,-4.05,24,rotation (out of top-N),2023-09-11,30.82,30.15,21.91,29.39,30.99,31.09,,,40.67,,308,5,,-0.0,
BUY,670,CLS,2023-09-19,22.89,2712.83,,,31.05,,,,,,,2023-09-18,22.52,21.02,14.9,22.75,23.18,21.55,,,51.17,,294,5,,-0.6,
BUY,665,GSHD,2023-09-19,68.45,907.18,,,31.05,,,,,,,2023-09-18,72.37,64.64,51.82,68.19,67.05,62.78,,,39.65,,189,5,,0.0,
BUY,668,LMB,2023-09-19,31.09,1997.32,,,31.05,,,,,,,2023-09-18,29.5,30.86,20.58,31.35,33.23,31.55,,,43.34,,350,5,,-0.2,
BUY,669,NRP,2023-09-19,67.97,913.59,,,31.05,,,,,,,2023-09-18,68.2,58.76,48.27,68.68,61.97,57.66,,,41.28,,999,5,,-0.1,
BUY,666,ROOT,2023-09-19,10.37,5988.1,,,31.05,,,,,,,2023-09-18,10.24,10.2,6.82,10.66,10.95,10.35,,,50.25,,91,5,,-0.0,
BUY,667,STRL,2023-09-19,75.35,824.11,,,31.05,,,,,,,2023-09-18,71.75,71.39,49.05,75.55,76.44,73.4,,,46.28,,322,5,,-0.3,
SELL,631,CLS,2023-09-19,22.89,3089.01,2023-07-25,16.38,25.3,35.35,20109.44,20074.09,39.67,39,ratchet-ATR exit,2023-09-18,22.52,21.02,14.9,22.75,23.18,21.55,,,51.17,,294,5,,-0.6,
SELL,630,LMB,2023-09-19,31.09,2012.65,2023-07-25,25.14,25.3,31.29,11975.25,11943.97,23.61,39,ratchet-ATR exit,2023-09-18,29.5,30.86,20.58,31.35,33.23,31.55,,,43.34,,350,5,,-0.2,
SELL,644,ROOT,2023-09-19,10.37,5640.02,2023-08-15,9.47,26.71,29.24,5076.02,5046.78,9.45,24,ratchet-ATR exit,2023-09-18,10.24,10.2,6.82,10.66,10.95,10.35,,,50.25,,91,5,,-0.0,
SELL,645,SMCI,2023-09-19,24.87,1984.8,2023-08-15,26.91,26.71,24.68,-4049.0,-4073.68,-7.63,24,rotation (out of top-N),2023-09-18,23.58,25.99,17.33,24.44,26.35,28.4,24.44,23.61,36.06,3.4,518,5,4.1,0.2,0.7
SELL,638,STRL,2023-09-19,75.35,818.24,2023-08-08,67.36,27.56,30.83,6537.72,6506.9,11.81,29,ratchet-ATR exit,2023-09-18,71.75,71.39,49.05,75.55,76.44,73.4,,,46.28,,322,5,,-0.3,
SELL,658,WFRD,2023-09-19,96.45,724.67,2023-09-12,94.51,34.24,34.95,1405.86,1370.91,2.0,5,rotation (out of top-N),2023-09-18,88.71,84.73,65.75,95.38,92.63,85.18,,,34.92,,343,5,,0.3,
BUY,675,AAOI,2023-09-26,9.58,6622.44,,,31.72,,,,,,,2023-09-25,10.97,10.4,5.15,9.39,10.05,11.82,,,112.88,,105,5,,-0.8,
BUY,674,ACMR,2023-09-26,16.64,3812.68,,,31.72,,,,,,,2023-09-25,18.09,15.69,12.23,16.64,16.34,15.37,,,47.9,,105,5,,-0.1,
BUY,676,AFRM,2023-09-26,19.82,3200.96,,,31.72,,,,,,,2023-09-25,21.27,19.67,14.64,20.24,21.96,18.92,,,45.28,,105,5,,-0.0,
BUY,673,APP,2023-09-26,37.44,1694.75,,,31.72,,,,,,,2023-09-25,39.96,37.68,23.09,38.23,39.93,38.57,38.23,37.45,73.06,2.03,140,5,4.4,-1,1.6
BUY,678,CVNA,2023-09-26,7.91,8020.61,,,31.72,,,,,,,2023-09-25,8.4,8.48,4.29,8.05,9.12,9.07,8.05,7.61,95.83,5.44,112,5,6.1,-0.9,0.1
BUY,671,POWL,2023-09-26,26.24,2417.8,,,31.72,,,,,,,2023-09-25,27.23,25.35,18.21,26.04,26.12,26.27,,,49.51,,329,5,,-0.5,
BUY,672,SMCI,2023-09-26,24.65,2573.75,,,31.72,,,,,,,2023-09-25,27.39,26.25,17.81,24.89,24.95,27.4,24.89,24.14,53.8,3.02,525,5,4.7,-0.7,1.0
BUY,679,TDW,2023-09-26,66.36,955.97,,,31.72,,,,,,,2023-09-25,71.06,64.88,50.64,66.27,66.63,64.57,,,40.32,,609,5,,-0.0,
BUY,677,VIST,2023-09-26,27.37,2317.98,,,31.72,,,,,,,2023-09-25,30.33,26.67,21.53,27.35,27.05,26.01,,,40.9,,999,5,,-0.0,
SELL,661,AAOI,2023-09-26,9.58,5853.72,2023-09-12,11.7,34.24,28.04,-12409.9,-12437.94,-18.16,10,ratchet-ATR exit,2023-09-25,10.97,10.4,5.15,9.39,10.05,11.82,,,112.88,,105,5,,-0.8,
SELL,656,AFRM,2023-09-26,19.82,2929.74,2023-08-29,18.14,26.57,29.03,4921.96,4892.93,9.21,19,ratchet-ATR exit,2023-09-25,21.27,19.67,14.64,20.24,21.96,18.92,,,45.28,,105,5,,-0.0,
SELL,610,APP,2023-09-26,37.44,1627.0,2023-07-05,25.9,21.07,30.45,18767.47,18737.02,44.46,58,ratchet-ATR exit,2023-09-25,39.96,37.68,23.09,38.23,39.93,38.57,38.23,37.45,73.06,2.03,140,5,4.4,-1,1.6
SELL,594,CVNA,2023-09-26,7.91,12019.57,2023-06-06,2.97,17.87,47.54,59328.6,59281.06,165.84,77,ratchet-ATR exit,2023-09-25,8.4,8.48,4.29,8.05,9.12,9.07,8.05,7.61,95.83,5.44,112,5,6.1,-0.9,0.1
SELL,665,GSHD,2023-09-26,71.82,907.18,2023-09-19,68.45,31.05,32.58,3057.2,3024.63,4.87,5,rotation (out of top-N),2023-09-25,70.56,65.72,52.68,71.89,70.47,63.78,,,33.94,,196,5,,0.3,
SELL,629,IRON,2023-09-26,48.0,1106.81,2023-07-25,45.72,25.3,26.56,2529.07,2502.5,4.95,44,rotation (out of top-N),2023-09-25,46.86,49.5,35.54,47.6,50.48,52.18,,,31.84,,350,5,,0.4,
SELL,634,POWL,2023-09-26,26.24,2690.7,2023-08-01,20.22,27.2,35.3,16198.04,16162.74,29.71,39,ratchet-ATR exit,2023-09-25,27.23,25.35,18.21,26.04,26.12,26.27,,,49.51,,329,5,,-0.5,
SELL,666,ROOT,2023-09-26,10.05,5988.1,2023-09-19,10.37,31.05,30.09,-1916.19,-1946.28,-3.13,5,rotation (out of top-N),2023-09-25,9.57,10.09,6.94,9.96,10.55,10.38,,,37.9,,98,5,,0.5,
SELL,649,SKYW,2023-09-26,42.09,1239.7,2023-08-22,40.72,25.24,26.09,1698.38,1672.29,3.31,24,rotation (out of top-N),2023-09-25,41.96,41.48,30.35,42.0,42.24,42.33,,,38.28,,182,5,,0.1,
BUY,684,BBIO,2023-10-03,25.19,2492.14,,,31.39,,,,,,,2023-10-02,25.27,27.01,18.37,25.44,26.88,28.97,,,37.57,,238,5,,0.1,
BUY,683,FN,2023-10-03,167.88,373.94,,,31.39,,,,,,,2023-10-02,175.73,152.31,125.06,168.11,160.24,146.36,,,40.52,,91,5,,0.5,
BUY,682,IESC,2023-10-03,64.58,972.08,,,31.39,,,,,,,2023-10-02,71.27,67.42,52.1,65.05,66.48,69.95,,,36.8,,287,5,,0.2,
BUY,680,JBL,2023-10-03,127.39,492.79,,,31.39,,,,,,,2023-10-02,129.24,113.2,93.53,128.14,115.31,108.36,128.14,125.85,38.17,1.79,357,5,3.1,0.1,1.8
BUY,686,LEU,2023-10-03,52.77,1189.63,,,31.39,,,,,,,2023-10-02,54.99,49.33,38.09,54.88,55.73,48.63,,,44.39,,56,5,,1.8,
BUY,685,NVDA,2023-10-03,44.79,1401.59,,,31.39,,,,,,,2023-10-02,45.72,43.98,33.67,44.77,43.33,44.77,44.71,43.9,35.78,1.8,259,5,3.0,0.2,1.8
BUY,687,PLTR,2023-10-03,15.6,4024.17,,,31.39,,,,,,,2023-10-02,16.62,15.46,11.81,15.89,15.22,15.23,15.89,15.31,40.68,3.71,175,5,4.5,-0.0,0.5
BUY,681,ROOT,2023-10-03,8.59,7308.15,,,31.39,,,,,,,2023-10-02,9.69,10.01,7.07,8.88,9.83,10.24,,,37.07,,105,5,,0.4,
SELL,676,AFRM,2023-10-03,19.96,3200.96,2023-09-26,19.82,31.72,31.95,448.13,416.19,0.66,5,rotation (out of top-N),2023-10-02,17.94,19.36,14.85,20.46,21.12,19.22,,,20.83,,112,4.17,,1.1,
SELL,650,BBIO,2023-10-03,25.19,1761.97,2023-08-22,28.65,25.24,22.19,-6096.41,-6118.6,-12.12,29,ratchet-ATR exit,2023-10-02,25.27,27.01,18.37,25.44,26.88,28.97,,,37.57,,238,5,,0.1,
SELL,663,CMPR,2023-10-03,67.72,1060.36,2023-09-12,64.59,34.24,35.9,3318.92,3283.02,4.79,15,rotation (out of top-N),2023-10-02,67.67,66.74,50.52,67.76,69.74,67.37,,,33.94,,231,5,,0.3,
SELL,659,DELL,2023-10-03,65.64,1002.61,2023-09-12,68.31,34.24,32.91,-2676.98,-2709.89,-3.96,15,rotation (out of top-N),2023-10-02,63.38,61.17,46.87,64.64,65.53,60.26,64.64,63.68,35.21,1.49,175,5,2.8,0.2,2.0
SELL,664,LEU,2023-10-03,52.77,1351.66,2023-09-12,50.67,34.24,35.66,2838.48,2802.82,4.09,15,ratchet-ATR exit,2023-10-02,54.99,49.33,38.09,54.88,55.73,48.63,,,44.39,,56,5,,1.8,
SELL,668,LMB,2023-10-03,30.03,1997.32,2023-09-19,31.09,31.05,29.99,-2117.16,-2147.15,-3.46,10,rotation (out of top-N),2023-10-02,29.28,30.7,21.59,30.43,31.34,32.78,,,35.62,,364,5,,0.2,
SELL,669,NRP,2023-10-03,66.54,913.59,2023-09-19,67.97,31.05,30.4,-1306.43,-1336.83,-2.15,10,rotation (out of top-N),2023-10-02,67.12,61.92,49.6,67.26,67.85,61.29,,,35.33,,999,5,,0.2,
SELL,679,TDW,2023-10-03,67.41,955.97,2023-09-26,66.36,31.72,32.22,998.99,966.77,1.52,5,rotation (out of top-N),2023-10-02,66.35,65.14,51.38,67.44,68.87,65.43,,,29.14,,616,5,,0.5,
BUY,692,AAOI,2023-10-10,7.79,8638.45,,,33.65,,,,,,,2023-10-09,7.54,9.68,5.47,7.58,9.42,11.72,,,37.74,,119,5,,0.1,
BUY,688,DBD,2023-10-10,18.28,3681.27,,,33.65,,,,,,,2023-10-09,18.89,16.08,5.78,17.99,18.28,18.81,,,226.91,,105,5,,-0.8,
BUY,690,DELL,2023-10-10,64.37,1045.42,,,33.65,,,,,,,2023-10-09,64.89,61.85,47.51,64.18,64.43,61.51,64.18,63.21,36.59,1.51,182,5,2.8,0.2,2.0
BUY,691,LLY,2023-10-10,560.16,120.13,,,33.65,,,,,,,2023-10-09,597.69,541.42,426.22,560.88,541.0,547.01,560.88,549.39,40.23,2.05,189,5,3.4,-0.0,1.6
BUY,693,ONTO,2023-10-10,135.0,498.45,,,33.65,,,,,,,2023-10-09,138.0,126.29,101.36,133.75,129.38,124.22,,,36.14,,273,5,,0.2,
BUY,689,WFRD,2023-10-10,90.38,744.56,,,33.65,,,,,,,2023-10-09,93.6,86.95,68.75,90.1,87.78,88.01,,,36.14,,364,5,,0.2,
SELL,675,AAOI,2023-10-10,7.79,6622.44,2023-09-26,9.58,31.72,25.79,-11854.17,-11879.97,-18.73,10,ratchet-ATR exit,2023-10-09,7.54,9.68,5.47,7.58,9.42,11.72,,,37.74,,119,5,,0.1,
SELL,660,AMR,2023-10-10,250.39,317.4,2023-09-12,215.78,34.24,39.74,10985.22,10945.48,15.98,20,rotation (out of top-N),2023-10-09,223.04,221.02,173.11,250.01,246.31,222.56,,,28.84,,105,5,,0.8,
SELL,657,DBD,2023-10-10,18.28,3837.97,2023-09-12,17.84,34.24,35.08,1669.52,1634.44,2.39,20,ratchet-ATR exit,2023-10-09,18.89,16.08,5.78,17.99,18.28,18.81,,,226.91,,105,5,,-0.8,
SELL,682,IESC,2023-10-10,69.56,972.08,2023-10-03,64.58,31.39,33.81,4840.97,4807.16,7.66,5,rotation (out of top-N),2023-10-09,62.81,66.58,52.76,68.91,68.25,70.06,,,19.07,,294,3.81,,1.0,
SELL,685,NVDA,2023-10-10,45.3,1401.59,2023-10-03,44.79,31.39,31.75,714.81,683.06,1.09,5,rotation (out of top-N),2023-10-09,45.43,44.24,34.44,45.24,44.27,44.95,45.19,44.35,31.92,1.87,266,5,2.8,0.4,1.8
SELL,681,ROOT,2023-10-10,9.79,7308.15,2023-10-03,8.59,31.39,35.79,8806.32,8770.53,13.97,5,rotation (out of top-N),2023-10-09,9.69,9.96,7.2,9.89,9.51,10.21,,,34.56,,112,5,,0.4,
BUY,698,BLTE,2023-10-17,32.56,2018.33,,,32.86,,,,,,,2023-10-16,34.08,30.39,26.61,32.58,31.32,31.55,,,28.09,,42,5,,2.9,
BUY,694,FTI,2023-10-17,20.05,3277.65,,,32.86,,,,,,,2023-10-16,20.24,19.42,15.79,20.08,19.78,19.64,,,28.15,,441,5,,0.6,
BUY,697,GPOR,2023-10-17,122.48,536.55,,,32.86,,,,,,,2023-10-16,126.28,118.08,96.14,122.92,121.34,117.42,,,31.35,,168,5,,0.4,
BUY,696,LMB,2023-10-17,30.0,2190.56,,,32.86,,,,,,,2023-10-16,29.35,30.13,22.47,29.91,29.82,32.42,,,30.63,,378,5,,0.5,
BUY,695,SYRE,2023-10-17,14.1,4660.77,,,32.86,,,,,,,2023-10-16,13.08,12.44,9.93,13.42,12.25,12.83,,,31.75,,70,5,,1.2,
BUY,699,TDW,2023-10-17,66.75,984.52,,,32.86,,,,,,,2023-10-16,70.41,66.75,53.01,67.05,68.19,66.74,,,32.83,,630,5,,0.4,
SELL,692,AAOI,2023-10-17,7.76,8638.45,2023-10-10,7.79,33.65,33.52,-259.15,-292.67,-0.43,5,rotation (out of top-N),2023-10-16,6.92,9.18,5.59,7.65,8.32,10.97,,,23.97,,126,4.79,,0.8,
SELL,684,BBIO,2023-10-17,26.05,2492.14,2023-10-03,25.19,31.39,32.46,2143.24,2110.78,3.36,10,rotation (out of top-N),2023-10-16,24.57,26.43,19.23,25.89,25.85,27.66,,,27.76,,252,5,,0.6,
SELL,683,FN,2023-10-17,172.62,373.94,2023-10-03,167.88,31.39,32.28,1774.34,1742.07,2.78,10,rotation (out of top-N),2023-10-16,160.49,156.91,126.74,175.77,173.92,159.79,,,26.63,,105,5,,0.9,
SELL,632,MOD,2023-10-17,47.5,1457.44,2023-08-01,37.33,27.2,34.61,14822.11,14787.5,27.18,54,rotation (out of top-N),2023-10-16,40.73,43.68,31.8,47.99,47.56,46.08,,,28.07,,483,5,,0.6,
SELL,693,ONTO,2023-10-17,127.4,498.45,2023-10-10,135.0,33.65,31.75,-3790.73,-3822.48,-5.68,5,rotation (out of top-N),2023-10-16,118.01,124.78,102.38,129.32,134.48,127.69,,,15.27,,280,3.05,,1.2,
SELL,671,POWL,2023-10-17,26.99,2417.8,2023-09-26,26.24,31.72,32.63,1813.35,1780.72,2.81,15,rotation (out of top-N),2023-10-16,24.29,25.58,19.27,26.83,27.46,26.99,,,26.03,,350,5,,0.7,
BUY,702,AMR,2023-10-24,222.45,279.88,,,31.13,,,,,,,2023-10-23,219.99,220.52,175.98,217.69,228.8,232.01,,,25.01,,119,5,,0.8,
BUY,709,APP,2023-10-24,38.12,1633.27,,,31.13,,,,,,,2023-10-23,36.21,37.77,25.86,37.62,38.77,40.45,37.62,36.64,40.04,2.6,168,5,3.7,-0.0,1.3
BUY,701,CAMT,2023-10-24,51.81,1201.7,,,31.13,,,,,,,2023-10-23,49.34,53.61,37.64,50.06,55.73,57.66,,,31.08,,252,5,,0.4,
BUY,703,CUBI,2023-10-24,32.62,1908.36,,,31.13,,,,,,,2023-10-23,39.71,34.63,29.29,32.37,32.98,33.53,,,35.55,,105,5,,0.5,
BUY,700,JBL,2023-10-24,124.05,501.9,,,31.13,,,,,,,2023-10-23,121.91,119.11,97.49,123.51,129.67,118.63,123.51,120.8,25.05,2.19,378,5,2.7,0.7,2.0
BUY,705,LLY,2023-10-24,569.92,109.24,,,31.13,,,,,,,2023-10-23,549.93,547.7,437.08,565.57,577.63,559.62,565.57,555.47,25.82,1.79,203,5,2.5,0.7,2.2
BUY,704,LRN,2023-10-24,44.22,1407.97,,,31.13,,,,,,,2023-10-23,54.41,45.7,41.39,43.79,45.07,44.52,,,31.47,,252,5,,0.4,
BUY,711,MSTR,2023-10-24,40.5,1537.29,,,31.13,,,,,,,2023-10-23,40.6,35.29,31.98,37.65,34.19,33.86,,,26.95,,259,5,,0.7,
BUY,710,PDD,2023-10-24,106.64,583.81,,,31.13,,,,,,,2023-10-23,108.28,99.18,83.71,104.2,104.29,99.71,,,29.34,,56,5,,2.6,
BUY,706,SKYW,2023-10-24,37.58,1656.74,,,31.13,,,,,,,2023-10-23,42.32,40.79,32.5,37.45,38.94,41.61,,,30.23,,210,5,,0.5,
BUY,708,STRL,2023-10-24,72.29,861.26,,,31.13,,,,,,,2023-10-23,70.81,71.84,54.03,71.14,72.87,75.3,,,31.04,,357,5,,0.4,
BUY,707,XPO,2023-10-24,72.42,859.77,,,31.13,,,,,,,2023-10-23,67.39,70.83,53.76,71.87,73.91,73.01,,,25.35,,189,5,,0.7,
SELL,674,ACMR,2023-10-24,18.6,3812.68,2023-09-26,16.64,31.72,35.46,7472.85,7437.4,11.72,20,rotation (out of top-N),2023-10-23,13.72,16.35,12.99,18.07,18.47,17.77,,,5.63,,133,1.13,,1.7,
SELL,673,APP,2023-10-24,38.12,1694.75,2023-09-26,37.44,31.72,32.3,1160.9,1128.6,1.78,20,ratchet-ATR exit,2023-10-23,36.21,37.77,25.86,37.62,38.77,40.45,37.62,36.64,40.04,2.6,168,5,3.7,-0.0,1.3
SELL,619,CAMT,2023-10-24,51.81,1170.44,2023-07-18,43.8,25.63,30.32,9375.24,9344.92,18.23,69,ratchet-ATR exit,2023-10-23,49.34,53.61,37.64,50.06,55.73,57.66,,,31.08,,252,5,,0.4,
SELL,678,CVNA,2023-10-24,6.44,8020.61,2023-09-26,7.91,31.72,25.82,-11798.31,-11824.14,-18.64,20,rotation (out of top-N),2023-10-23,5.71,7.34,4.83,6.35,6.76,8.49,6.35,6.09,18.21,4.11,140,3.64,3.7,1.1,1.4
SELL,680,JBL,2023-10-24,124.05,492.79,2023-10-03,127.39,31.39,30.57,-1645.93,-1676.5,-2.67,15,ratchet-ATR exit,2023-10-23,121.91,119.11,97.49,123.51,129.67,118.63,123.51,120.8,25.05,2.19,378,5,2.7,0.7,2.0
SELL,691,LLY,2023-10-24,569.92,120.13,2023-10-10,560.16,33.65,34.23,1172.5,1138.26,1.69,10,ratchet-ATR exit,2023-10-23,549.93,547.7,437.08,565.57,577.63,559.62,565.57,555.47,25.82,1.79,203,5,2.5,0.7,2.2
SELL,696,LMB,2023-10-24,29.34,2190.56,2023-10-17,30.0,32.86,32.14,-1445.77,-1477.91,-2.25,5,rotation (out of top-N),2023-10-23,28.06,29.75,22.87,28.65,29.39,31.7,,,22.67,,385,4.53,,0.9,
SELL,687,PLTR,2023-10-24,16.39,4024.17,2023-10-03,15.6,31.39,32.98,3179.09,3146.11,5.01,15,rotation (out of top-N),2023-10-23,15.07,15.72,12.52,16.2,16.82,15.83,16.2,15.48,20.38,4.43,196,4.08,4.0,1.0,1.0
SELL,672,SMCI,2023-10-24,26.01,2573.75,2023-09-26,24.65,31.72,33.47,3500.3,3466.83,5.46,20,rotation (out of top-N),2023-10-23,24.14,26.2,19.67,25.48,27.42,27.07,25.48,24.48,22.7,3.93,553,4.54,3.8,0.9,1.1
SELL,667,STRL,2023-10-24,72.29,824.11,2023-09-19,75.35,31.05,29.79,-2521.77,-2551.56,-4.11,25,ratchet-ATR exit,2023-10-23,70.81,71.84,54.03,71.14,72.87,75.3,,,31.04,,357,5,,0.4,
SELL,695,SYRE,2023-10-24,12.4,4660.77,2023-10-17,14.1,32.86,28.9,-7923.3,-7952.2,-12.1,5,rotation (out of top-N),2023-10-23,11.05,12.19,9.89,12.6,12.72,12.82,,,11.72,,77,2.34,,2.1,
SELL,620,XPO,2023-10-24,72.42,769.63,2023-07-18,66.61,25.63,27.87,4467.73,4439.86,8.66,69,ratchet-ATR exit,2023-10-23,67.39,70.83,53.76,71.87,73.91,73.01,,,25.35,,189,5,,0.7,
BUY,714,AAOI,2023-10-31,7.1,8828.01,,,31.34,,,,,,,2023-10-30,9.47,8.91,5.88,7.06,7.29,9.19,,,60.95,,140,5,,-1,
BUY,719,AFRM,2023-10-31,17.37,3608.46,,,31.34,,,,,,,2023-10-30,22.43,19.29,15.43,17.09,17.89,20.28,,,45.43,,140,5,,-0.3,
BUY,715,BBIO,2023-10-31,25.1,2497.17,,,31.34,,,,,,,2023-10-30,28.85,26.57,20.13,25.49,25.08,26.6,,,43.35,,266,5,,-0.2,
BUY,712,CCJ,2023-10-31,39.39,1591.24,,,31.34,,,,,,,2023-10-30,41.74,37.98,31.43,37.69,37.92,38.14,,,32.82,,280,5,,0.4,
BUY,717,CLS,2023-10-31,22.35,2804.43,,,31.34,,,,,,,2023-10-30,25.67,23.81,16.85,22.24,24.31,24.37,,,52.37,,336,5,,-0.6,
BUY,716,CNR,2023-10-31,90.65,691.44,,,31.34,,,,,,,2023-10-30,96.59,96.19,70.87,101.35,102.66,99.46,,,36.29,,140,5,,0.2,
BUY,718,PLTR,2023-10-31,14.62,4288.67,,,31.34,,,,,,,2023-10-30,18.89,16.3,12.8,14.7,15.85,15.85,14.7,14.2,47.58,3.41,203,5,4.7,-0.4,0.7
BUY,713,ROOT,2023-10-31,9.06,6914.39,,,31.34,,,,,,,2023-10-30,10.02,9.68,7.5,8.64,9.18,10.0,,,33.64,,133,5,,0.3,
SELL,702,AMR,2023-10-31,220.2,279.88,2023-10-24,222.45,31.13,30.82,-629.74,-660.56,-1.06,5,rotation (out of top-N),2023-10-30,219.1,220.26,177.38,221.36,223.3,234.1,,,23.52,,126,4.7,,0.8,
SELL,670,CLS,2023-10-31,22.35,2712.83,2023-09-19,22.89,31.05,30.32,-1464.93,-1495.24,-2.41,30,ratchet-ATR exit,2023-10-30,25.67,23.81,16.85,22.24,24.31,24.37,,,52.37,,336,5,,-0.6,
SELL,662,CNR,2023-10-31,90.65,739.46,2023-09-12,92.62,34.24,33.52,-1456.73,-1490.25,-2.18,35,ratchet-ATR exit,2023-10-30,96.59,96.19,70.87,101.35,102.66,99.46,,,36.29,,140,5,,0.2,
SELL,700,JBL,2023-10-31,119.89,501.9,2023-10-24,124.05,31.13,30.09,-2087.89,-2117.98,-3.4,5,rotation (out of top-N),2023-10-30,127.72,120.68,98.77,119.75,124.35,119.57,119.75,117.35,29.32,2.01,385,5,2.8,0.5,1.7
SELL,705,LLY,2023-10-31,557.5,109.24,2023-10-24,569.92,31.13,30.45,-1356.81,-1387.26,-2.23,5,rotation (out of top-N),2023-10-30,557.25,549.44,442.69,554.8,566.87,562.19,554.8,545.87,25.88,1.61,210,5,2.4,0.7,2.3
SELL,710,PDD,2023-10-31,103.36,583.81,2023-10-24,106.64,31.13,30.17,-1917.81,-1947.98,-3.13,5,rotation (out of top-N),2023-10-30,106.43,100.5,83.76,104.27,105.93,101.24,,,27.07,,63,5,,1.6,
SELL,699,TDW,2023-10-31,66.98,984.52,2023-10-17,66.75,32.86,32.97,226.44,193.47,0.29,10,rotation (out of top-N),2023-10-30,70.44,67.69,54.34,67.98,68.91,68.44,,,29.64,,644,5,,0.5,
SELL,677,VIST,2023-10-31,28.0,2317.98,2023-09-26,27.37,31.72,32.45,1460.32,1427.87,2.25,25,rotation (out of top-N),2023-10-30,28.22,28.5,23.26,28.23,29.88,28.84,,,21.31,,999,4.26,,0.9,
BUY,723,CECO,2023-11-07,18.21,3695.42,,,33.65,,,,,,,2023-11-06,19.42,16.08,13.83,16.54,16.03,15.92,,,40.38,,63,5,,0.9,
BUY,728,CVSA,2023-11-07,54.62,1231.92,,,33.65,,,,,,,2023-11-06,55.6,48.13,41.91,55.12,51.27,45.29,,,32.66,,105,5,,0.6,
BUY,727,DUOL,2023-11-07,158.23,425.29,,,33.65,,,,,,,2023-11-06,211.55,164.23,141.75,157.45,153.19,158.91,,,49.24,,252,5,,-0.5,
BUY,722,FTAI,2023-11-07,39.03,1724.15,,,33.65,,,,,,,2023-11-06,39.68,35.31,29.64,39.17,36.54,34.13,,,33.86,,322,5,,0.3,
BUY,725,HCI,2023-11-07,59.98,1121.93,,,33.65,,,,,,,2023-11-06,72.8,58.33,53.69,60.45,58.11,54.03,,,35.6,,245,5,,0.2,
BUY,726,LMB,2023-11-07,30.99,2171.46,,,33.65,,,,,,,2023-11-06,36.45,31.04,23.9,30.22,29.72,30.15,,,52.49,,399,5,,-0.6,
BUY,720,MOD,2023-11-07,40.68,1654.22,,,33.65,,,,,,,2023-11-06,45.15,43.15,33.27,40.72,41.06,44.13,,,35.7,,504,5,,0.2,
BUY,721,POWL,2023-11-07,26.22,2566.5,,,33.65,,,,,,,2023-11-06,27.56,25.9,20.23,26.44,25.59,26.25,,,36.21,,371,5,,0.2,
BUY,724,RYTM,2023-11-07,26.41,2548.04,,,33.65,,,,,,,2023-11-06,28.47,24.68,21.14,27.13,24.56,23.55,,,34.64,,70,5,,1.1,
SELL,715,BBIO,2023-11-07,28.44,2497.17,2023-10-31,25.1,31.34,35.51,8340.54,8305.03,13.25,5,rotation (out of top-N),2023-11-06,27.12,26.67,20.53,27.9,26.62,26.38,,,32.11,,273,5,,0.4,
SELL,716,CNR,2023-11-07,91.42,691.44,2023-10-31,90.65,31.34,31.61,532.41,500.8,0.8,5,rotation (out of top-N),2023-11-06,94.4,95.87,71.86,95.11,97.95,99.97,,,31.37,,147,5,,0.4,
SELL,694,FTI,2023-11-07,21.4,3277.65,2023-10-17,20.05,32.86,35.07,4424.82,4389.75,6.68,15,rotation (out of top-N),2023-11-06,21.21,20.33,16.42,21.61,21.26,20.36,,,29.14,,462,5,,0.5,
SELL,697,GPOR,2023-11-07,123.78,536.55,2023-10-17,122.48,32.86,33.21,697.52,664.31,1.01,15,rotation (out of top-N),2023-11-06,124.32,122.14,100.35,128.26,127.8,121.29,,,23.89,,189,4.78,,0.8,
SELL,686,LEU,2023-11-07,52.15,1189.63,2023-10-03,52.77,31.39,31.02,-737.57,-768.59,-1.22,25,rotation (out of top-N),2023-11-06,50.37,50.92,39.87,53.65,52.98,53.36,,,26.33,,91,5,,1.2,
SELL,713,ROOT,2023-11-07,10.38,6914.39,2023-10-31,9.06,31.34,35.89,9092.42,9056.53,14.45,5,rotation (out of top-N),2023-11-06,9.83,9.71,7.56,10.07,9.56,9.77,,,29.98,,140,5,,0.5,
SELL,706,SKYW,2023-11-07,44.04,1656.74,2023-10-24,37.58,31.13,36.48,10702.54,10666.06,17.13,10,rotation (out of top-N),2023-11-06,42.71,41.69,33.71,44.08,42.23,41.19,,,26.71,,224,5,,0.7,
SELL,708,STRL,2023-11-07,67.0,861.26,2023-10-24,72.29,31.13,28.85,-4556.05,-4584.9,-7.36,10,rotation (out of top-N),2023-11-06,66.48,71.48,55.81,74.44,73.85,73.55,,,19.11,,371,3.82,,1.0,
SELL,689,WFRD,2023-11-07,95.0,744.56,2023-10-10,90.38,33.65,35.37,3439.88,3404.51,5.06,20,rotation (out of top-N),2023-11-06,93.41,90.62,72.64,97.46,94.11,91.42,,,28.6,,392,5,,0.6,
BUY,731,ACU,2023-11-14,37.29,1981.52,,,36.95,,,,,,,2023-11-13,36.17,30.02,25.99,34.33,30.79,28.38,,,39.18,,210,5,,0.0,
BUY,729,AMR,2023-11-14,240.26,307.55,,,36.95,,,,,,,2023-11-13,258.15,227.59,181.54,227.53,221.13,232.44,,,42.2,,140,5,,-0.1,
BUY,730,BBIO,2023-11-14,29.28,2523.59,,,36.95,,,,,,,2023-11-13,29.25,27.14,20.98,27.53,27.42,26.29,,,39.43,,280,5,,0.0,
BUY,732,COIN,2023-11-14,94.99,777.88,,,36.95,,,,,,,2023-11-13,99.07,83.64,72.27,92.7,87.5,78.04,92.7,88.83,37.09,4.18,245,5,4.6,0.1,0.2
BUY,733,CRWD,2023-11-14,204.0,362.21,,,36.95,,,,,,,2023-11-13,207.07,182.59,150.47,201.06,190.51,177.65,201.06,197.59,37.62,1.72,175,5,3.0,0.1,1.9
SELL,698,BLTE,2023-11-14,38.5,2018.33,2023-10-17,32.56,32.86,38.85,11988.88,11950.02,18.18,20,rotation (out of top-N),2023-11-13,37.4,34.74,27.37,39.25,38.78,34.14,,,36.65,,70,5,,1.0,
SELL,728,CVSA,2023-11-14,56.42,1231.92,2023-11-07,54.62,33.65,34.75,2211.3,2176.54,3.23,5,rotation (out of top-N),2023-11-13,55.24,49.42,42.29,55.03,53.81,46.78,,,30.63,,112,5,,0.6,
SELL,722,FTAI,2023-11-14,41.03,1724.15,2023-11-07,39.03,33.65,35.37,3448.3,3412.93,5.07,5,rotation (out of top-N),2023-11-13,40.84,36.31,30.09,39.87,38.28,34.7,,,35.74,,329,5,,0.2,
SELL,704,LRN,2023-11-14,57.03,1407.97,2023-10-24,44.22,31.13,40.15,18036.06,17995.91,28.9,15,rotation (out of top-N),2023-11-13,57.14,50.55,42.48,56.72,55.4,48.73,,,34.52,,273,5,,0.3,
SELL,721,POWL,2023-11-14,27.77,2566.5,2023-11-07,26.22,33.65,35.64,3978.08,3942.44,5.86,5,rotation (out of top-N),2023-11-13,28.05,26.29,20.59,27.04,26.65,26.36,,,36.23,,378,5,,0.2,
BUY,734,CNR,2023-11-21,99.93,732.04,,,36.58,,,,,,,2023-11-20,103.12,97.76,74.27,99.75,97.38,100.02,,,38.85,,161,5,,0.1,
BUY,735,PDD,2023-11-21,116.56,627.57,,,36.58,,,,,,,2023-11-20,118.71,107.03,85.29,118.75,112.37,105.54,,,39.18,,84,5,,0.6,
BUY,736,WSM,2023-11-21,86.35,847.16,,,36.58,,,,,,,2023-11-20,88.26,76.77,63.82,87.51,79.13,74.99,87.51,85.86,38.3,1.89,147,5,3.2,0.1,1.7
SELL,731,ACU,2023-11-21,35.51,1981.52,2023-11-14,37.29,36.95,35.18,-3527.1,-3562.28,-4.82,5,rotation (out of top-N),2023-11-20,35.51,31.02,26.35,36.03,34.24,29.46,,,34.75,,217,5,,0.3,
SELL,733,CRWD,2023-11-21,207.49,362.21,2023-11-14,204.0,36.95,37.58,1264.11,1226.53,1.66,5,rotation (out of top-N),2023-11-20,210.76,187.71,152.88,207.67,200.56,183.08,207.67,205.0,37.86,1.29,182,5,2.8,0.1,2.1
SELL,690,DELL,2023-11-21,70.76,1045.42,2023-10-10,64.37,33.65,36.99,6680.22,6643.23,9.87,30,rotation (out of top-N),2023-11-20,71.47,66.65,51.83,70.44,69.64,66.03,70.44,69.69,37.89,1.06,224,5,2.6,0.1,2.3
BUY,743,BLTE,2023-11-28,37.3,2040.5,,,38.06,,,,,,,2023-11-27,42.5,36.57,27.76,37.52,37.86,35.62,,,53.07,,84,5,,-0.1,
BUY,742,CRWD,2023-11-28,208.26,365.46,,,38.06,,,,,,,2023-11-27,235.03,196.32,155.83,210.01,205.75,187.66,210.01,206.82,50.83,1.52,189,5,3.6,-0.5,2.0
BUY,737,ESTC,2023-11-28,75.73,1005.03,,,38.06,,,,,,,2023-11-27,110.17,81.98,68.12,76.19,76.3,77.21,,,61.74,,182,5,,-1,
BUY,741,FEIM,2023-11-28,8.91,8543.14,,,38.06,,,,,,,2023-11-27,9.45,7.55,6.47,8.46,7.9,7.04,,,46.12,,315,5,,-0.3,
BUY,738,ROKU,2023-11-28,102.36,743.56,,,38.06,,,,,,,2023-11-27,103.51,84.18,70.36,103.0,92.61,74.81,,,47.11,,182,5,,-0.4,
BUY,740,SNEX,2023-11-28,18.37,4143.21,,,38.06,,,,,,,2023-11-27,18.08,13.42,12.39,18.32,13.39,12.51,,,45.95,,28,5,,2.2,
BUY,739,SYRE,2023-11-28,14.0,5436.49,,,38.06,,,,,,,2023-11-27,19.26,12.67,9.92,12.09,10.71,11.4,,,94.08,,112,5,,-0.9,
SELL,709,APP,2023-11-28,39.43,1633.27,2023-10-24,38.12,31.13,32.2,2139.59,2107.39,3.38,24,rotation (out of top-N),2023-11-27,38.26,39.01,29.1,39.37,39.58,39.2,39.37,38.65,31.49,1.83,203,5,2.8,0.4,1.8
SELL,730,BBIO,2023-11-28,29.45,2523.59,2023-11-14,29.28,36.95,37.16,429.01,391.85,0.53,9,rotation (out of top-N),2023-11-27,30.95,28.19,21.87,29.79,29.03,26.79,,,41.51,,294,5,,-0.1,
SELL,712,CCJ,2023-11-28,45.32,1591.24,2023-10-31,39.39,31.34,36.06,9436.05,9399.99,15.0,19,rotation (out of top-N),2023-11-27,45.31,41.55,33.04,45.21,44.12,40.01,,,37.15,,308,5,,0.1,
SELL,723,CECO,2023-11-28,19.6,3695.42,2023-11-07,18.21,33.65,36.22,5136.64,5100.42,7.58,14,rotation (out of top-N),2023-11-27,19.64,17.7,14.22,20.19,19.51,17.15,,,38.11,,84,5,,0.7,
SELL,727,DUOL,2023-11-28,219.32,425.29,2023-11-07,158.23,33.65,46.64,25980.97,25934.33,38.54,14,rotation (out of top-N),2023-11-27,213.17,187.38,151.15,222.0,211.29,176.12,,,41.03,,273,5,,-0.1,
SELL,718,PLTR,2023-11-28,19.11,4288.67,2023-10-31,14.62,31.34,40.98,19277.57,19236.59,30.69,19,rotation (out of top-N),2023-11-27,20.28,18.31,13.96,19.07,19.51,17.65,19.07,18.55,45.22,2.74,231,5,4.1,-0.3,1.2
SELL,736,WSM,2023-11-28,88.18,847.16,2023-11-21,86.35,36.58,37.35,1550.31,1512.96,2.07,4,rotation (out of top-N),2023-11-27,94.26,79.95,64.7,88.26,83.88,76.32,88.26,87.29,45.68,1.1,154,5,3.0,-0.3,2.3
BUY,744,HOV,2023-12-05,99.55,768.03,,,38.23,,,,,,,2023-12-04,139.16,98.07,89.76,98.75,91.56,81.64,,,55.03,,329,5,,-0.8,
BUY,746,MPTI,2023-12-05,36.51,2094.16,,,38.23,,,,,,,2023-12-04,30.97,28.36,16.26,34.89,34.19,29.74,,,90.51,,999,5,,-1,
BUY,745,NTNX,2023-12-05,44.27,1727.08,,,38.23,,,,,,,2023-12-04,46.02,40.06,31.34,44.49,42.07,38.47,,,46.84,,196,5,,-0.3,
SELL,734,CNR,2023-12-05,108.77,732.04,2023-11-21,99.93,36.58,39.81,6471.22,6431.4,8.79,9,rotation (out of top-N),2023-12-04,100.5,100.34,76.72,110.55,104.77,101.15,,,30.99,,175,5,,0.5,
SELL,738,ROKU,2023-12-05,103.09,743.56,2023-11-28,102.36,38.06,38.33,542.8,504.47,0.66,5,rotation (out of top-N),2023-12-04,103.33,87.66,71.31,104.47,100.36,79.18,,,44.91,,189,5,,-0.2,
SELL,707,XPO,2023-12-05,84.97,859.77,2023-10-24,72.42,31.13,36.53,10798.72,10762.19,17.29,29,rotation (out of top-N),2023-12-04,82.03,81.26,60.9,88.78,87.61,80.38,,,34.69,,231,5,,0.3,
BUY,748,BBIO,2023-12-12,32.34,2461.8,,,39.8,,,,,,,2023-12-11,39.33,30.86,23.04,32.87,31.61,28.23,,,70.67,,308,5,,-1,
BUY,752,CVNA,2023-12-12,8.16,9750.39,,,39.8,,,,,,,2023-12-11,10.27,7.61,5.74,7.96,7.41,6.51,7.96,7.57,78.82,4.89,189,5,6,-1,0.0
BUY,749,MPTI,2023-12-12,27.27,2919.04,,,39.8,,,,,,,2023-12-11,27.15,28.14,16.71,27.46,32.39,30.79,,,62.45,,999,5,,-1,
BUY,750,SLG,2023-12-12,36.91,2156.66,,,39.8,,,,,,,2023-12-11,41.06,33.14,26.29,36.87,35.06,29.85,,,56.21,,140,5,,-0.8,
BUY,751,TWST,2023-12-12,27.77,2866.48,,,39.8,,,,,,,2023-12-11,34.62,24.41,19.15,27.91,25.65,20.26,,,80.8,,28,5,,1.5,
BUY,747,XMTR,2023-12-12,24.37,3266.4,,,39.8,,,,,,,2023-12-11,29.89,22.05,18.36,24.71,24.06,18.98,,,62.79,,14,5,,1.8,
SELL,701,CAMT,2023-12-12,63.77,1201.7,2023-10-24,51.81,31.13,38.32,14372.39,14334.07,23.02,34,rotation (out of top-N),2023-12-11,61.56,59.73,43.68,63.49,62.28,58.48,,,40.93,,301,5,,-0.0,
SELL,741,FEIM,2023-12-12,9.44,8543.14,2023-11-28,8.91,38.06,40.32,4536.41,4496.08,5.91,10,rotation (out of top-N),2023-12-11,9.05,8.13,6.62,9.34,9.26,7.76,,,36.62,,329,5,,0.2,
SELL,725,HCI,2023-12-12,85.08,1121.93,2023-11-07,59.98,33.65,47.73,28160.56,28112.84,41.78,24,rotation (out of top-N),2023-12-11,82.8,74.34,57.8,85.35,83.51,70.79,,,43.25,,280,5,,-0.2,
SELL,746,MPTI,2023-12-12,27.27,2094.16,2023-12-05,36.51,38.23,28.55,-19350.05,-19378.61,-25.35,5,ratchet-ATR exit,2023-12-11,27.15,28.14,16.71,27.46,32.39,30.79,,,62.45,,999,5,,-1,
SELL,745,NTNX,2023-12-12,45.98,1727.08,2023-12-05,44.27,38.23,39.71,2953.31,2913.6,3.81,5,rotation (out of top-N),2023-12-11,46.27,41.19,31.88,46.3,44.26,39.42,,,45.14,,203,5,,-0.3,
SELL,739,SYRE,2023-12-12,16.32,5436.49,2023-11-28,14.0,38.06,44.36,12612.65,12568.28,16.51,10,rotation (out of top-N),2023-12-11,15.44,14.39,10.35,18.27,18.3,13.19,,,49.14,,126,5,,-0.5,
BUY,753,GSAT,2023-12-19,24.68,3580.14,,,44.18,,,,,,,2023-12-18,28.95,23.17,18.45,24.98,23.28,21.6,,,56.87,,105,5,,-0.6,
BUY,754,LQDA,2023-12-19,7.64,11565.15,,,44.18,,,,,,,2023-12-18,11.77,7.79,7.35,7.46,7.26,6.74,,,60.09,,0,5,,2.0,
BUY,755,SYRE,2023-12-19,15.89,5558.84,,,44.18,,,,,,,2023-12-18,17.41,14.94,10.58,15.79,16.69,13.51,,,64.53,,133,5,,-1,
SELL,717,CLS,2023-12-19,29.69,2804.43,2023-10-31,22.35,31.34,41.63,20584.48,20542.85,32.77,34,rotation (out of top-N),2023-12-18,29.8,27.13,19.43,29.41,28.2,26.28,,,53.36,,385,5,,-0.7,
SELL,742,CRWD,2023-12-19,259.74,365.46,2023-11-28,208.26,38.06,47.46,18812.08,18764.62,24.65,15,rotation (out of top-N),2023-12-18,255.68,222.22,165.31,259.75,248.28,211.32,259.75,255.4,54.67,1.68,210,5,3.9,-0.7,1.9
SELL,750,SLG,2023-12-19,40.3,2156.66,2023-12-12,36.91,39.8,43.46,7311.07,7267.61,9.13,5,rotation (out of top-N),2023-12-18,40.18,34.42,26.82,39.94,38.2,31.13,,,49.82,,147,5,,-0.5,
BUY,756,ACMR,2024-01-09,17.83,5720.08,,,50.99,,,,,,,2024-01-08,21.82,18.25,14.62,17.02,17.92,17.63,,,49.24,,210,5,,-0.5,
BUY,762,CRWD,2024-01-09,265.35,384.36,,,50.99,,,,,,,2024-01-08,283.39,241.13,175.05,261.28,252.08,234.85,261.28,256.79,61.89,1.72,231,5,4.1,-1,1.9
BUY,761,CYTK,2024-01-09,105.88,963.25,,,50.99,,,,,,,2024-01-08,85.61,59.26,38.8,108.03,81.68,45.58,,,120.64,,21,5,,1.7,
BUY,758,DAVE,2024-01-09,8.5,11998.71,,,50.99,,,,,,,2024-01-08,9.78,7.78,6.24,8.5,8.33,7.13,,,56.69,,35,5,,1.6,
BUY,759,NRP,2024-01-09,84.43,1207.97,,,50.99,,,,,,,2024-01-08,90.54,77.3,58.98,86.01,82.02,72.75,,,53.5,,999,5,,-0.7,
BUY,757,NTNX,2024-01-09,46.59,2189.08,,,50.99,,,,,,,2024-01-08,50.33,44.94,34.13,46.92,46.25,43.86,,,47.47,,231,5,,-0.4,
BUY,760,PRAX,2024-01-09,31.48,3239.29,,,50.99,,,,,,,2024-01-08,43.61,24.08,18.6,31.45,24.42,18.46,,,134.42,,21,5,,1.7,
SELL,732,COIN,2024-01-09,159.72,777.88,2023-11-14,94.99,36.95,62.12,50352.17,50290.05,68.06,37,rotation (out of top-N),2024-01-08,130.76,136.4,88.88,159.42,160.87,136.97,159.42,151.01,47.13,5.27,301,5,5.4,-0.4,0.0
SELL,703,CUBI,2024-01-09,51.36,1908.36,2023-10-24,32.62,31.13,49.01,35753.16,35704.16,57.35,52,rotation (out of top-N),2024-01-08,51.59,49.87,35.93,52.75,54.25,49.89,,,43.57,,182,5,,-0.2,
SELL,752,CVNA,2024-01-09,9.4,9750.39,2023-12-12,8.16,39.8,45.82,12041.74,11995.92,15.07,18,rotation (out of top-N),2024-01-08,8.55,8.74,6.56,9.67,9.89,8.33,9.67,9.28,30.43,4.11,217,5,4.3,0.5,0.3
SELL,737,ESTC,2024-01-09,107.88,1005.03,2023-11-28,75.73,38.06,54.21,32311.66,32257.45,42.38,28,rotation (out of top-N),2024-01-08,111.89,102.3,76.38,108.67,108.36,98.8,,,46.49,,224,5,,-0.3,
SELL,753,GSAT,2024-01-09,31.5,3580.14,2023-12-19,24.68,44.18,56.39,24416.53,24360.15,27.57,13,rotation (out of top-N),2024-01-08,28.28,25.91,19.44,31.35,28.81,24.28,,,45.5,,126,5,,-0.3,
SELL,726,LMB,2024-01-09,40.71,2171.46,2023-11-07,30.99,33.65,44.2,21106.62,21062.42,31.3,42,rotation (out of top-N),2024-01-08,39.42,40.3,30.02,42.5,43.31,41.26,,,31.3,,462,5,,0.4,
SELL,711,MSTR,2024-01-09,59.2,1537.29,2023-10-24,40.5,31.13,45.5,28747.35,28701.85,46.1,52,rotation (out of top-N),2024-01-08,48.52,54.15,39.85,59.8,62.65,56.09,,,21.77,,336,4.35,,0.9,
BUY,770,ACU,2024-01-23,47.47,2211.66,,,52.49,,,,,,,2024-01-22,46.91,40.91,30.35,48.18,44.05,39.63,,,54.56,,280,5,,-0.7,
BUY,767,AMD,2024-01-23,166.45,630.75,,,52.49,,,,,,,2024-01-22,177.26,147.28,117.29,168.19,158.2,138.63,168.19,162.03,51.13,3.66,322,5,5.0,-0.6,0.6
BUY,763,BMA,2024-01-23,25.8,4069.29,,,52.49,,,,,,,2024-01-22,28.58,23.32,18.89,25.77,23.49,22.98,,,51.28,,399,5,,-0.6,
BUY,764,CAMT,2024-01-23,76.36,1374.9,,,52.49,,,,,,,2024-01-22,78.12,68.97,50.45,77.72,73.23,66.38,,,54.86,,343,5,,-0.7,
BUY,771,CYTK,2024-01-23,83.3,1260.43,,,52.49,,,,,,,2024-01-22,82.71,66.75,41.06,83.72,84.5,57.97,,,101.41,,35,5,,1.4,
BUY,768,DNTH,2024-01-23,15.59,6734.29,,,52.49,,,,,,,2024-01-22,17.71,12.42,11.82,16.64,12.71,10.79,,,49.78,,0,5,,2.5,
BUY,765,ESTC,2024-01-23,122.25,858.79,,,52.49,,,,,,,2024-01-22,117.63,107.77,79.33,123.28,115.94,107.64,,,48.28,,238,5,,-0.4,
BUY,769,FLXS,2024-01-23,26.29,3993.44,,,52.49,,,,,,,2024-01-22,27.42,21.5,18.39,27.99,23.2,18.69,,,49.12,,28,5,,2.1,
BUY,766,SMCI,2024-01-23,43.08,2437.04,,,52.49,,,,,,,2024-01-22,47.4,34.48,26.63,43.63,35.62,30.09,43.64,40.36,78.02,7.52,644,5,6,-1,0.0
SELL,714,AAOI,2024-01-23,17.28,8828.01,2023-10-31,7.1,31.34,76.27,89869.19,89792.92,143.26,56,rotation (out of top-N),2024-01-22,14.99,16.53,10.19,17.08,17.75,18.58,,,47.17,,224,5,,-0.4,
SELL,756,ACMR,2024-01-23,21.48,5720.08,2024-01-09,17.83,50.99,61.45,20906.9,20845.45,20.44,9,rotation (out of top-N),2024-01-22,18.96,18.71,15.08,21.65,20.23,18.3,,,25.72,,224,5,,0.7,
SELL,748,BBIO,2024-01-23,38.16,2461.8,2023-12-12,32.34,39.8,46.97,14339.97,14293.0,17.96,27,rotation (out of top-N),2024-01-22,35.93,35.74,26.55,38.05,38.01,36.14,,,35.35,,350,5,,0.2,
SELL,761,CYTK,2024-01-23,83.3,963.25,2024-01-09,105.88,50.99,40.12,-21755.03,-21795.15,-21.37,9,ratchet-ATR exit,2024-01-22,82.71,66.75,41.06,83.72,84.5,57.97,,,101.41,,35,5,,1.4,
SELL,720,MOD,2024-01-23,69.13,1654.22,2023-11-07,40.68,33.65,57.18,47062.54,47005.37,69.85,51,rotation (out of top-N),2024-01-22,62.78,58.66,42.86,68.15,64.33,57.43,,,46.48,,581,5,,-0.3,
SELL,759,NRP,2024-01-23,88.09,1207.97,2024-01-09,84.43,50.99,53.21,4421.18,4367.97,4.28,9,rotation (out of top-N),2024-01-22,87.21,80.32,60.79,88.14,86.42,77.73,,,43.46,,999,5,,-0.2,
SELL,735,PDD,2024-01-23,144.88,627.57,2023-11-21,116.56,36.58,45.46,17769.61,17724.15,24.23,41,rotation (out of top-N),2024-01-22,141.69,138.55,99.99,141.35,144.59,143.3,,,41.7,,147,5,,-0.1,
SELL,740,SNEX,2024-01-23,19.62,4143.21,2023-11-28,18.37,38.06,40.64,5179.01,5138.37,6.75,37,rotation (out of top-N),2024-01-22,19.95,18.89,13.84,19.54,19.8,19.54,,,44.15,,84,5,,0.4,
SELL,751,TWST,2024-01-23,35.89,2866.48,2023-12-12,27.77,39.8,51.44,23275.84,23224.4,29.18,27,rotation (out of top-N),2024-01-22,32.26,31.43,22.16,34.76,34.85,31.93,,,45.6,,70,5,,0.6,
BUY,775,AAOI,2024-01-30,17.19,6038.38,,,51.9,,,,,,,2024-01-29,18.84,16.95,10.61,15.96,16.76,18.87,,,77.6,,231,5,,-1,
BUY,777,CLS,2024-01-30,34.52,3006.51,,,51.9,,,,,,,2024-01-29,36.06,30.3,22.24,32.56,30.88,28.91,,,62.16,,427,5,,-1,
BUY,772,MOD,2024-01-30,65.47,1585.45,,,51.9,,,,,,,2024-01-29,70.6,60.83,44.1,66.22,64.83,59.22,,,60.08,,588,5,,-1,
BUY,776,MPTI,2024-01-30,31.36,3309.94,,,51.9,,,,,,,2024-01-29,35.52,33.98,21.21,31.49,35.74,34.69,,,67.49,,999,5,,-1,
BUY,774,POWL,2024-01-30,26.7,3887.63,,,51.9,,,,,,,2024-01-29,40.53,29.47,24.79,26.3,26.17,27.99,,,63.48,,455,5,,-1,
BUY,773,TARS,2024-01-30,27.82,3731.79,,,51.9,,,,,,,2024-01-29,28.55,22.3,18.18,27.95,25.16,20.58,,,57.05,,77,5,,-0.1,
BUY,778,TWST,2024-01-30,33.99,3053.83,,,51.9,,,,,,,2024-01-29,36.55,32.36,22.76,34.72,33.9,33.07,,,60.6,,77,5,,-0.3,
SELL,770,ACU,2024-01-30,46.4,2211.66,2024-01-23,47.47,52.49,51.31,-2366.48,-2417.79,-2.3,5,rotation (out of top-N),2024-01-29,46.35,41.9,30.92,46.54,46.04,41.23,,,49.93,,287,5,,-0.5,
SELL,767,AMD,2024-01-30,175.98,630.75,2024-01-23,166.45,52.49,55.5,6011.01,5955.51,5.67,5,rotation (out of top-N),2024-01-29,177.63,152.79,119.49,177.76,170.12,145.35,177.76,172.54,48.65,2.93,329,5,4.4,-0.4,1.0
SELL,743,BLTE,2024-01-30,44.2,2040.5,2023-11-28,37.3,38.06,45.1,14089.68,14044.58,18.45,42,rotation (out of top-N),2024-01-29,45.72,43.77,31.11,45.61,45.65,44.3,,,46.94,,147,5,,-0.3,
SELL,763,BMA,2024-01-30,27.95,4069.29,2024-01-23,25.8,52.49,56.87,8748.97,8692.1,8.28,5,rotation (out of top-N),2024-01-29,29.49,24.44,19.29,27.83,26.05,23.61,,,52.85,,406,5,,-0.6,
SELL,764,CAMT,2024-01-30,79.52,1374.9,2024-01-23,76.36,52.49,54.67,4344.69,4290.03,4.09,5,rotation (out of top-N),2024-01-29,79.7,70.92,51.79,79.2,76.63,68.16,,,53.89,,350,5,,-0.7,
SELL,769,FLXS,2024-01-30,27.15,3993.44,2024-01-23,26.29,52.49,54.21,3434.36,3380.15,3.22,5,rotation (out of top-N),2024-01-29,27.3,22.56,18.71,27.67,25.55,19.8,,,45.9,,35,5,,2.1,
SELL,749,MPTI,2024-01-30,31.36,2919.04,2023-12-12,27.27,39.8,45.77,11938.87,11893.1,14.94,32,ratchet-ATR exit,2024-01-29,35.52,33.98,21.21,31.49,35.74,34.69,,,67.49,,999,5,,-1,
BUY,781,FLXS,2024-02-06,26.86,4472.49,,,60.07,,,,,,,2024-02-05,32.47,24.36,19.14,27.12,26.61,21.06,,,69.65,,42,5,,1.3,
BUY,779,KYMR,2024-02-06,33.56,3579.06,,,60.07,,,,,,,2024-02-05,37.25,28.79,22.3,33.92,32.03,27.55,,,67.06,,35,5,,1.4,
BUY,782,NET,2024-02-06,80.77,1487.32,,,60.07,,,,,,,2024-02-05,107.91,84.17,68.88,80.85,81.29,81.27,,,56.67,,98,5,,-0.5,
BUY,780,XPO,2024-02-06,96.06,1250.65,,,60.07,,,,,,,2024-02-05,120.81,92.96,73.17,95.47,89.26,85.93,,,65.11,,294,5,,-1,
SELL,729,AMR,2024-02-06,376.48,307.55,2023-11-14,240.26,36.95,57.89,41893.81,41835.92,56.62,56,rotation (out of top-N),2024-02-05,371.15,356.16,238.5,381.55,393.43,357.18,,,55.62,,224,5,,-0.8,
SELL,744,HOV,2024-02-06,166.5,768.03,2023-12-05,99.55,38.23,63.94,51419.91,51355.97,67.17,42,rotation (out of top-N),2024-02-05,156.4,149.19,109.97,166.76,166.79,155.07,,,42.22,,392,5,,-0.1,
SELL,757,NTNX,2024-02-06,58.03,2189.08,2024-01-09,46.59,50.99,63.52,25043.03,24979.51,24.49,19,rotation (out of top-N),2024-02-05,58.16,51.48,37.32,57.35,56.13,50.06,,,55.84,,259,5,,-0.8,
SELL,747,XMTR,2024-02-06,33.66,3266.4,2023-12-12,24.37,39.8,54.97,30344.88,30289.9,38.05,37,rotation (out of top-N),2024-02-05,32.86,31.01,22.17,33.91,33.57,31.9,,,48.19,,70,5,,0.4,
BUY,783,APP,2024-02-13,45.46,2869.03,,,65.21,,,,,,,2024-02-12,59.84,45.66,36.64,47.06,45.61,42.24,47.06,45.77,63.32,2.75,280,5,4.8,-1,1.2
BUY,785,COIN,2024-02-13,138.11,944.36,,,65.21,,,,,,,2024-02-12,180.23,142.25,98.95,147.34,132.6,143.99,147.34,139.24,82.14,5.5,336,5,6,-1,0.0
BUY,786,MSTR,2024-02-13,65.5,1991.24,,,65.21,,,,,,,2024-02-12,69.73,57.08,43.02,71.54,57.14,55.63,,,62.09,,371,5,,-1,
BUY,784,SYRE,2024-02-13,21.98,5933.85,,,65.21,,,,,,,2024-02-12,23.06,22.19,14.2,22.57,24.49,22.41,,,62.42,,189,5,,-1,
SELL,719,AFRM,2024-02-13,41.37,3608.46,2023-10-31,17.37,31.34,74.64,86602.98,86528.34,138.05,71,rotation (out of top-N),2024-02-12,38.15,40.17,25.67,45.0,43.88,44.22,,,48.63,,245,5,,-0.4,
SELL,765,ESTC,2024-02-13,119.65,858.79,2024-01-23,122.25,52.49,51.38,-2232.87,-2284.24,-2.18,15,rotation (out of top-N),2024-02-12,130.28,117.28,84.66,127.75,124.59,116.14,,,53.89,,259,5,,-0.7,
SELL,782,NET,2024-02-13,99.35,1487.32,2024-02-06,80.77,60.07,73.88,27634.46,27560.58,22.94,5,rotation (out of top-N),2024-02-12,98.49,86.77,70.1,105.61,91.01,83.22,,,40.49,,105,5,,0.2,
SELL,755,SYRE,2024-02-13,21.98,5558.84,2023-12-19,15.89,44.18,61.09,33825.55,33764.45,38.21,37,ratchet-ATR exit,2024-02-12,23.06,22.19,14.2,22.57,24.49,22.41,,,62.42,,189,5,,-1,
BUY,792,ACMR,2024-02-27,22.0,5959.31,,,65.57,,,,,,,2024-02-26,33.92,21.61,16.56,21.56,19.74,19.03,,,104.84,,259,5,,-1,
BUY,795,CVNA,2024-02-27,14.56,9006.49,,,65.57,,,,,,,2024-02-26,16.6,11.32,8.17,13.97,11.51,9.73,13.97,12.53,103.25,10.29,266,5,6,-1,0.0
BUY,788,DELL,2024-02-27,89.55,1464.37,,,65.57,,,,,,,2024-02-26,120.15,86.96,65.81,89.46,83.7,79.15,89.46,86.79,82.58,2.98,322,5,5.0,-1,1.0
BUY,789,ELF,2024-02-27,198.0,662.3,,,65.57,,,,,,,2024-02-26,217.41,171.64,128.53,199.81,179.64,161.66,,,69.15,,595,5,,-1,
BUY,793,FIX,2024-02-27,286.71,457.38,,,65.57,,,,,,,2024-02-26,311.41,243.05,189.23,282.39,253.61,219.65,282.39,270.99,64.57,4.04,574,5,5.7,-1,0.3
BUY,794,NVDA,2024-02-27,79.28,1654.07,,,65.57,,,,,,,2024-02-26,82.19,67.39,49.55,79.07,73.92,62.37,78.98,76.26,65.87,3.44,406,5,5.3,-1,0.7
BUY,790,ROOT,2024-02-27,21.35,6142.13,,,65.57,,,,,,,2024-02-26,39.11,15.69,10.48,22.92,12.99,9.73,,,273.09,,7,5,,1.9,
BUY,787,WGS,2024-02-27,8.31,15780.33,,,65.57,,,,,,,2024-02-26,8.49,5.11,4.34,8.07,6.31,4.08,,,95.6,,7,5,,1.9,
BUY,791,WING,2024-02-27,348.15,376.66,,,65.57,,,,,,,2024-02-26,362.46,297.72,214.81,345.76,319.13,280.58,,,68.73,,112,5,,-0.9,
SELL,775,AAOI,2024-02-27,15.14,6038.38,2024-01-30,17.19,51.9,45.73,-12348.48,-12394.21,-11.94,19,rotation (out of top-N),2024-02-26,15.4,17.09,12.21,14.7,18.16,18.46,,,26.16,,259,5,,0.7,
SELL,783,APP,2024-02-27,59.88,2869.03,2024-02-13,45.46,65.21,85.9,41371.37,41285.47,31.65,9,rotation (out of top-N),2024-02-26,62.27,50.43,38.4,58.98,54.93,45.4,58.98,57.31,62.15,2.84,294,5,4.9,-1,1.1
SELL,762,CRWD,2024-02-27,324.34,384.36,2024-01-09,265.35,50.99,62.33,22673.2,22610.87,22.17,33,rotation (out of top-N),2024-02-26,314.5,295.55,205.79,321.0,315.97,294.18,321.0,314.16,52.82,2.13,280,5,4.1,-0.6,1.6
SELL,771,CYTK,2024-02-27,79.27,1260.43,2024-01-23,83.3,52.49,49.96,-5073.23,-5123.19,-4.88,24,rotation (out of top-N),2024-02-26,73.95,73.23,45.99,79.03,77.76,82.9,,,60.8,,70,5,,-0.2,
SELL,754,LQDA,2024-02-27,14.82,11565.15,2023-12-19,7.64,44.18,85.73,83095.63,83009.9,93.95,46,rotation (out of top-N),2024-02-26,14.5,13.06,8.89,14.62,14.34,13.26,,,63.04,,70,5,,-0.2,
SELL,776,MPTI,2024-02-27,37.99,3309.94,2024-01-30,31.36,51.9,62.87,21944.9,21882.03,21.08,19,rotation (out of top-N),2024-02-26,38.56,36.63,24.11,37.23,37.6,36.82,,,59.9,,999,5,,-1.0,
SELL,724,RYTM,2024-02-27,47.1,2548.04,2023-11-07,26.41,33.65,60.01,52731.62,52671.61,78.27,75,rotation (out of top-N),2024-02-26,43.67,44.03,30.17,46.12,47.28,45.26,,,44.76,,182,5,,-0.2,
SELL,778,TWST,2024-02-27,41.04,3053.83,2024-01-30,33.99,51.9,62.66,21529.51,21466.84,20.68,19,rotation (out of top-N),2024-02-26,38.87,36.02,25.35,40.6,38.93,36.08,,,53.31,,105,5,,-0.4,
SELL,780,XPO,2024-02-27,120.54,1250.65,2024-02-06,96.06,60.07,75.38,30622.14,30546.76,25.43,14,rotation (out of top-N),2024-02-26,120.48,105.6,78.68,120.61,118.11,97.17,,,53.12,,315,5,,-0.7,
BUY,798,NMM,2024-03-05,33.29,4158.41,,,69.22,,,,,,,2024-03-04,43.85,32.51,25.07,33.45,32.94,29.88,,,74.95,,98,5,,-0.6,
BUY,796,NTNX,2024-03-05,64.19,2156.62,,,69.22,,,,,,,2024-03-04,65.88,57.59,40.73,65.44,60.92,55.88,,,61.77,,287,5,,-1,
BUY,797,VST,2024-03-05,56.16,2464.98,,,69.22,,,,,,,2024-03-04,59.47,46.7,34.31,56.04,50.67,43.0,55.96,54.39,73.34,2.81,357,5,4.9,-1,1.1
SELL,789,ELF,2024-03-05,205.19,662.3,2024-02-27,198.0,65.57,67.95,4765.22,4697.27,3.58,5,rotation (out of top-N),2024-03-04,200.96,176.97,130.92,208.94,198.39,170.23,,,53.5,,602,5,,-0.7,
SELL,793,FIX,2024-03-05,315.58,457.38,2024-02-27,286.71,65.57,72.17,13204.47,13132.3,10.01,5,rotation (out of top-N),2024-03-04,307.77,254.81,193.1,317.75,286.45,232.45,317.75,311.97,59.39,1.82,581,5,4.2,-1.0,1.8
SELL,791,WING,2024-03-05,358.11,376.66,2024-02-27,348.15,65.57,67.44,3751.54,3684.1,2.81,5,rotation (out of top-N),2024-03-04,350.11,307.24,218.68,362.6,340.57,293.31,,,60.1,,119,5,,-1.0,
BUY,804,ANF,2024-03-12,116.87,1302.2,,,76.09,,,,,,,2024-03-11,125.96,113.88,71.59,116.58,125.6,113.78,,,75.95,,434,5,,-1,
BUY,799,BMA,2024-03-12,33.17,4588.13,,,76.09,,,,,,,2024-03-11,37.22,30.21,21.88,33.09,32.83,28.4,,,70.14,,448,5,,-1,
BUY,805,HOOD,2024-03-12,16.86,9026.59,,,76.09,,,,,,,2024-03-11,18.14,14.49,11.25,16.85,16.17,12.98,16.85,16.18,61.29,3.96,91,5,6.1,-0.5,0.8
BUY,802,LQDA,2024-03-12,13.8,11028.14,,,76.09,,,,,,,2024-03-11,15.89,13.72,9.21,13.63,13.94,13.68,,,72.55,,84,5,,-0.4,
BUY,800,MOD,2024-03-12,82.02,1855.62,,,76.09,,,,,,,2024-03-11,88.56,77.56,52.79,81.31,85.89,75.6,,,67.75,,630,5,,-1,
BUY,803,MPTI,2024-03-12,41.41,3675.16,,,76.09,,,,,,,2024-03-11,40.38,37.83,25.59,40.12,39.49,37.44,,,57.77,,999,5,,-0.9,
BUY,801,POWL,2024-03-12,50.98,2985.26,,,76.09,,,,,,,2024-03-11,53.16,45.83,29.83,50.17,53.17,43.09,,,78.2,,497,5,,-1,
BUY,806,WSM,2024-03-12,115.09,1322.34,,,76.09,,,,,,,2024-03-11,137.05,111.11,82.78,114.27,114.16,105.46,114.27,111.48,65.55,2.44,259,5,4.6,-1,1.4
SELL,792,ACMR,2024-03-12,28.78,5959.31,2024-02-27,22.0,65.57,85.75,40374.3,40288.55,30.72,10,rotation (out of top-N),2024-03-11,27.09,23.87,17.48,28.34,28.53,21.78,,,55.01,,273,5,,-0.8,
SELL,647,ANF,2024-03-12,116.87,1297.49,2023-08-15,41.16,26.71,75.82,98226.22,98150.4,183.76,144,ratchet-ATR exit,2024-03-11,125.96,113.88,71.59,116.58,125.6,113.78,,,75.95,,434,5,,-1,
SELL,788,DELL,2024-03-12,112.86,1464.37,2024-02-27,89.55,65.57,82.63,34134.52,34051.88,25.97,10,rotation (out of top-N),2024-03-11,103.19,93.64,68.94,111.73,107.37,87.52,111.73,109.23,49.68,2.24,336,5,4.0,-0.5,1.5
SELL,781,FLXS,2024-03-12,33.55,4472.49,2024-02-06,26.86,60.07,75.03,29920.96,29845.93,24.84,24,rotation (out of top-N),2024-03-11,32.54,29.86,21.38,33.05,33.68,30.11,,,52.17,,77,5,,0.1,
SELL,772,MOD,2024-03-12,82.02,1585.45,2024-01-30,65.47,51.9,65.02,26231.34,26166.33,25.21,29,ratchet-ATR exit,2024-03-11,88.56,77.56,52.79,81.31,85.89,75.6,,,67.75,,630,5,,-1,
SELL,796,NTNX,2024-03-12,63.82,2156.62,2024-03-05,64.19,69.22,68.82,-797.95,-866.77,-0.63,5,rotation (out of top-N),2024-03-11,63.13,58.6,41.56,63.33,63.19,58.0,,,51.9,,294,5,,-0.6,
SELL,774,POWL,2024-03-12,50.98,3887.63,2024-01-30,26.7,51.9,99.1,94391.64,94292.54,90.84,29,ratchet-ATR exit,2024-03-11,53.16,45.83,29.83,50.17,53.17,43.09,,,78.2,,497,5,,-1,
SELL,773,TARS,2024-03-12,30.6,3731.79,2024-01-30,27.82,51.9,57.1,10393.03,10335.93,9.96,29,rotation (out of top-N),2024-03-11,31.6,29.63,20.59,30.48,34.27,30.14,,,53.49,,119,5,,-0.7,
BUY,811,ACMR,2024-03-19,26.89,5739.45,,,77.17,,,,,,,2024-03-18,30.81,25.13,17.96,28.64,28.3,22.75,,,71.59,,280,5,,-1,
BUY,809,APP,2024-03-19,67.69,2279.84,,,77.17,,,,,,,2024-03-18,71.25,57.68,41.56,68.14,63.0,53.63,68.14,66.2,71.44,2.85,315,5,4.9,-1,1.1
BUY,810,DKS,2024-03-19,202.49,762.18,,,77.17,,,,,,,2024-03-18,209.15,171.18,130.13,201.48,185.09,161.15,,,60.73,,91,5,,-0.5,
BUY,807,KYMR,2024-03-19,39.35,3922.08,,,77.17,,,,,,,2024-03-18,40.68,37.68,24.44,39.32,41.09,37.72,,,66.44,,77,5,,-0.3,
BUY,808,TPC,2024-03-19,12.82,12038.51,,,77.17,,,,,,,2024-03-18,13.84,11.08,8.61,12.89,12.22,9.95,,,60.69,,238,5,,-1,
SELL,805,HOOD,2024-03-19,17.66,9026.59,2024-03-12,16.86,76.09,79.7,7221.28,7141.57,4.69,5,rotation (out of top-N),2024-03-18,18.3,15.18,11.46,18.21,17.18,13.82,18.21,17.63,59.74,3.16,98,5,5.5,-0.6,1.3
SELL,779,KYMR,2024-03-19,39.35,3579.06,2024-02-06,33.56,60.07,70.42,20704.85,20634.43,17.18,29,ratchet-ATR exit,2024-03-18,40.68,37.68,24.44,39.32,41.09,37.72,,,66.44,,77,5,,-0.3,
SELL,803,MPTI,2024-03-19,40.5,3675.16,2024-03-12,41.41,76.09,74.42,-3344.4,-3418.82,-2.25,5,rotation (out of top-N),2024-03-18,40.15,38.25,26.32,40.75,40.57,37.57,,,52.55,,999,5,,-0.6,
SELL,798,NMM,2024-03-19,41.89,4158.41,2024-03-05,33.29,69.22,87.1,35762.29,35675.19,25.77,10,rotation (out of top-N),2024-03-18,41.49,35.44,26.1,41.99,40.54,32.92,,,58.97,,112,5,,-0.8,
SELL,801,POWL,2024-03-19,49.76,2985.26,2024-03-12,50.98,76.09,74.27,-3642.01,-3716.29,-2.44,5,rotation (out of top-N),2024-03-18,47.88,46.21,30.56,50.74,53.01,46.4,,,56.66,,504,5,,-0.8,
BUY,814,CELC,2024-03-26,17.8,8754.11,,,77.93,,,,,,,2024-03-25,21.5,17.36,12.76,17.81,17.75,16.39,,,68.44,,133,5,,-1,
BUY,813,FLXS,2024-03-26,35.9,4341.7,,,77.93,,,,,,,2024-03-25,35.85,31.54,22.23,34.53,33.22,31.95,,,61.23,,91,5,,-0.5,
BUY,815,HOOD,2024-03-26,19.32,8067.64,,,77.93,,,,,,,2024-03-25,20.16,16.09,11.72,19.07,18.06,14.77,19.07,18.57,71.93,2.65,105,5,5.0,-0.8,1.5
BUY,812,TARS,2024-03-26,34.52,4514.61,,,77.93,,,,,,,2024-03-25,36.48,31.46,21.42,34.09,32.96,32.04,,,70.28,,133,5,,-1,
SELL,811,ACMR,2024-03-26,30.92,5739.45,2024-03-19,26.89,77.17,88.73,23129.97,23041.24,14.93,5,rotation (out of top-N),2024-03-25,29.15,25.86,18.39,30.19,29.27,23.88,,,58.5,,287,5,,-0.9,
SELL,777,CLS,2024-03-26,46.8,3006.51,2024-01-30,34.52,51.9,70.34,36889.86,36819.51,35.47,39,rotation (out of top-N),2024-03-25,44.94,41.44,28.36,46.34,45.37,41.24,,,58.46,,483,5,,-0.9,
SELL,688,DBD,2024-03-26,34.99,3681.27,2023-10-10,18.28,33.65,64.41,61532.35,61467.93,91.34,115,rotation (out of top-N),2024-03-25,34.49,33.1,21.91,34.55,34.67,33.1,,,57.39,,273,5,,-0.9,
SELL,802,LQDA,2024-03-26,16.02,11028.14,2024-03-12,13.8,76.09,88.36,24537.62,24449.26,16.07,10,rotation (out of top-N),2024-03-25,14.73,14.35,9.55,15.69,15.62,14.44,,,54.17,,98,5,,-0.3,
BUY,820,ACMR,2024-04-02,29.43,5524.56,,,81.29,,,,,,,2024-04-01,32.08,26.99,18.87,30.29,29.41,25.05,,,70.04,,294,5,,-1,
BUY,821,CLS,2024-04-02,44.6,3645.46,,,81.29,,,,,,,2024-04-01,49.36,42.88,29.23,45.91,45.53,42.4,,,68.86,,490,5,,-1,
BUY,816,DELL,2024-04-02,113.2,1436.29,,,81.29,,,,,,,2024-04-01,127.99,104.11,73.93,115.34,109.44,97.5,115.34,112.96,73.12,2.06,357,5,4.4,-1,1.6
BUY,817,FTAI,2024-04-02,65.26,2491.38,,,81.29,,,,,,,2024-04-01,71.11,59.74,43.04,66.33,63.54,56.73,,,65.23,,469,5,,-1,
BUY,818,GHM,2024-04-02,30.62,5309.85,,,81.29,,,,,,,2024-04-01,31.03,25.31,18.79,30.36,26.86,24.22,,,65.12,,560,5,,-1,
BUY,819,IESC,2024-04-02,121.08,1342.81,,,81.29,,,,,,,2024-04-01,133.27,109.97,79.39,122.36,115.23,104.76,,,67.86,,469,5,,-1,
BUY,822,NKTR,2024-04-02,13.6,11954.98,,,81.29,,,,,,,2024-04-01,19.8,13.2,9.45,13.8,13.45,11.86,,,109.46,,49,5,,1.2,
BUY,823,ORKA,2024-04-02,11.29,14401.04,,,81.29,,,,,,,2024-04-01,19.91,12.57,12.18,11.29,11.19,10.72,,,63.41,,0,5,,2.0,
SELL,804,ANF,2024-04-02,127.12,1302.2,2024-03-12,116.87,76.09,82.77,13347.57,13264.81,8.72,14,rotation (out of top-N),2024-04-01,120.8,119.42,78.35,131.87,127.48,122.81,,,54.17,,455,5,,-0.7,
SELL,814,CELC,2024-04-02,20.48,8754.11,2024-03-26,17.8,77.93,89.66,23461.0,23371.34,14.99,4,rotation (out of top-N),2024-04-01,19.98,17.84,12.99,20.75,18.88,16.83,,,53.83,,140,5,,-0.7,
SELL,810,DKS,2024-04-02,209.88,762.18,2024-03-19,202.49,77.17,79.98,5632.51,5552.52,3.6,9,rotation (out of top-N),2024-04-01,198.44,182.47,134.22,210.9,206.08,175.93,,,47.84,,105,5,,-0.1,
SELL,768,DNTH,2024-04-02,28.85,6734.29,2024-01-23,15.59,52.49,97.14,89296.7,89199.56,84.96,48,rotation (out of top-N),2024-04-01,25.05,25.0,15.5,29.64,29.4,25.7,,,61.56,,70,5,,-0.2,
SELL,815,HOOD,2024-04-02,18.34,8067.64,2024-03-26,19.32,77.93,73.98,-7906.29,-7980.27,-5.12,4,rotation (out of top-N),2024-04-01,18.42,16.51,11.93,19.39,18.97,15.64,19.39,18.85,54.36,2.81,112,5,4.7,-0.6,1.3
SELL,807,KYMR,2024-04-02,37.95,3922.08,2024-03-19,39.35,77.17,74.43,-5471.3,-5545.73,-3.59,9,rotation (out of top-N),2024-04-01,36.4,37.82,25.21,39.36,40.1,39.61,,,44.4,,91,5,,0.3,
SELL,794,NVDA,2024-04-02,88.27,1654.07,2024-02-27,79.28,65.57,73.0,14870.07,14797.07,11.28,24,rotation (out of top-N),2024-04-01,87.93,81.46,55.61,90.25,90.69,81.64,90.15,88.29,58.11,2.06,441,5,4.3,-0.9,1.6
SELL,812,TARS,2024-04-02,35.38,4514.61,2024-03-26,34.52,77.93,79.87,3882.56,3802.69,2.44,4,rotation (out of top-N),2024-04-01,34.73,32.06,21.84,35.93,34.31,32.77,,,59.02,,140,5,,-1.0,
BUY,830,CEG,2024-04-09,190.68,940.9,,,89.71,,,,,,,2024-04-08,189.16,166.32,123.32,189.45,183.88,161.93,189.45,184.33,53.39,2.7,301,5,4.5,-0.7,1.2
BUY,826,DNTH,2024-04-09,23.94,7494.19,,,89.71,,,,,,,2024-04-08,25.57,25.11,15.84,23.51,26.63,26.1,,,61.37,,77,5,,-0.3,
BUY,831,NMM,2024-04-09,41.37,4336.74,,,89.71,,,,,,,2024-04-08,42.38,38.53,27.67,42.08,42.06,37.72,,,53.18,,133,5,,-0.7,
BUY,828,NRG,2024-04-09,71.88,2495.98,,,89.71,,,,,,,2024-04-08,71.38,61.91,46.2,71.27,67.67,58.77,71.27,70.22,54.5,1.48,280,5,3.7,-0.7,2.0
BUY,832,NTRA,2024-04-09,95.6,1876.68,,,89.71,,,,,,,2024-04-08,94.51,86.09,61.44,95.45,93.08,84.54,,,53.83,,126,5,,-0.7,
BUY,829,NVDA,2024-04-09,87.36,2053.7,,,89.71,,,,,,,2024-04-08,88.18,82.68,56.76,87.13,88.76,84.04,87.03,85.32,55.37,1.96,448,5,4.1,-0.8,1.7
BUY,825,SMCI,2024-04-09,92.3,1943.78,,,89.71,,,,,,,2024-04-08,89.82,87.86,45.94,92.9,98.28,96.59,92.9,89.0,95.51,4.2,721,5,5.8,-1,0.2
BUY,827,SPOT,2024-04-09,308.4,581.74,,,89.71,,,,,,,2024-04-08,300.71,266.29,194.91,309.21,285.6,260.68,,,54.28,,427,5,,-0.7,
BUY,824,TARS,2024-04-09,35.48,5056.68,,,89.71,,,,,,,2024-04-08,36.16,32.8,22.3,35.33,34.91,33.5,,,62.13,,147,5,,-1,
SELL,820,ACMR,2024-04-09,30.89,5524.56,2024-04-02,29.43,81.29,85.31,8038.23,7952.92,4.89,5,rotation (out of top-N),2024-04-08,28.59,27.28,19.24,31.22,30.55,26.9,,,48.56,,301,5,,-0.4,
SELL,821,CLS,2024-04-09,48.49,3645.46,2024-04-02,44.6,81.29,88.38,14180.86,14092.47,8.67,5,rotation (out of top-N),2024-04-08,44.74,43.22,29.98,49.43,47.61,43.9,,,49.25,,497,5,,-0.5,
SELL,795,CVNA,2024-04-09,16.78,9006.49,2024-02-27,14.56,65.57,75.56,19994.42,19918.85,15.19,29,rotation (out of top-N),2024-04-08,15.0,14.9,9.97,16.54,16.82,15.01,16.54,16.11,50.43,2.6,308,5,4.3,-0.5,1.3
SELL,816,DELL,2024-04-09,121.93,1436.29,2024-04-02,113.2,81.29,87.56,12538.79,12451.23,7.66,5,rotation (out of top-N),2024-04-08,113.56,105.83,75.5,122.62,118.06,102.59,122.62,118.43,50.41,3.42,364,5,4.8,-0.5,0.7
SELL,818,GHM,2024-04-09,30.11,5309.85,2024-04-02,30.62,81.29,79.94,-2708.03,-2787.97,-1.71,5,rotation (out of top-N),2024-04-08,28.91,25.97,19.2,30.12,29.44,25.39,,,50.61,,567,5,,-0.5,
SELL,819,IESC,2024-04-09,129.83,1342.81,2024-04-02,121.08,81.29,87.17,11749.61,11662.44,7.17,5,rotation (out of top-N),2024-04-08,122.74,112.3,81.11,134.39,124.66,109.88,,,51.33,,476,5,,-0.6,
SELL,766,SMCI,2024-04-09,92.3,2437.04,2024-01-23,43.08,52.49,112.47,119951.02,119838.55,114.15,53,ratchet-ATR exit,2024-04-08,89.82,87.86,45.94,92.9,98.28,96.59,92.9,89.0,95.51,4.2,721,5,5.8,-1,0.2
SELL,808,TPC,2024-04-09,15.4,12038.51,2024-03-19,12.82,77.17,92.7,31059.36,30966.67,20.06,14,rotation (out of top-N),2024-04-08,13.82,12.68,9.18,15.26,14.83,11.92,,,50.49,,259,5,,-0.5,
SELL,806,WSM,2024-04-09,149.33,1322.34,2024-03-12,115.09,76.09,98.73,45277.0,45178.27,29.69,19,rotation (out of top-N),2024-04-08,139.67,131.09,91.78,149.02,148.22,127.36,149.02,147.65,52.18,0.92,287,5,3.2,-0.6,2.4
BUY,838,APP,2024-04-16,70.73,3241.03,,,114.62,,,,,,,2024-04-15,66.81,65.22,46.14,71.41,74.09,66.41,71.41,69.33,44.8,2.92,343,5,4.2,-0.2,1.1
BUY,833,BMA,2024-04-16,40.41,5672.81,,,114.62,,,,,,,2024-04-15,42.41,38.24,24.84,40.34,42.5,37.42,,,70.71,,483,5,,-1,
BUY,840,COIN,2024-04-16,220.06,1041.71,,,114.62,,,,,,,2024-04-15,210.89,220.21,136.07,223.38,246.32,232.83,223.38,212.08,54.99,5.06,399,5,5.7,-0.7,0.0
BUY,839,DAVE,2024-04-16,35.09,6533.8,,,114.62,,,,,,,2024-04-15,33.33,31.62,14.22,35.15,36.32,32.95,,,134.34,,133,5,,-1,
BUY,834,DELL,2024-04-16,112.51,2037.49,,,114.62,,,,,,,2024-04-15,110.81,106.73,76.96,113.57,116.95,106.95,113.57,110.19,43.99,2.97,371,5,4.2,-0.2,1.0
BUY,837,GHM,2024-04-16,29.11,7873.55,,,114.62,,,,,,,2024-04-15,28.0,26.34,19.58,29.41,29.53,26.18,,,43.04,,574,5,,-0.2,
BUY,835,MCY,2024-04-16,49.75,4607.81,,,114.62,,,,,,,2024-04-15,51.48,47.13,36.05,50.1,49.19,47.49,,,42.79,,168,5,,-0.1,
BUY,842,MSTR,2024-04-16,130.56,1755.81,,,114.62,,,,,,,2024-04-15,117.2,126.63,66.36,133.3,150.76,136.41,,,76.6,,434,5,,-1,
BUY,836,ROOT,2024-04-16,61.52,3725.94,,,114.62,,,,,,,2024-04-15,51.8,49.81,19.45,63.63,68.37,48.08,,,166.37,,56,5,,1.1,
BUY,841,WSM,2024-04-16,138.28,1657.78,,,114.62,,,,,,,2024-04-15,135.37,131.86,93.66,139.34,144.09,131.71,139.34,136.49,44.53,2.05,294,5,3.6,-0.2,1.6
SELL,809,APP,2024-04-16,70.73,2279.84,2024-03-19,67.69,77.17,80.63,6919.31,6838.69,4.43,19,ratchet-ATR exit,2024-04-15,66.81,65.22,46.14,71.41,74.09,66.41,71.41,69.33,44.8,2.92,343,5,4.2,-0.2,1.1
SELL,799,BMA,2024-04-16,40.41,4588.13,2024-03-12,33.17,76.09,92.7,33218.09,33125.38,21.77,24,ratchet-ATR exit,2024-04-15,42.41,38.24,24.84,40.34,42.5,37.42,,,70.71,,483,5,,-1,
SELL,785,COIN,2024-04-16,220.06,944.36,2024-02-13,138.11,65.21,103.91,77390.55,77286.64,59.26,43,ratchet-ATR exit,2024-04-15,210.89,220.21,136.07,223.38,246.32,232.83,223.38,212.08,54.99,5.06,399,5,5.7,-0.7,0.0
SELL,758,DAVE,2024-04-16,35.09,11998.71,2024-01-09,8.5,50.99,210.49,318985.74,318775.26,312.56,67,ratchet-ATR exit,2024-04-15,33.33,31.62,14.22,35.15,36.32,32.95,,,134.34,,133,5,,-1,
SELL,800,MOD,2024-04-16,88.73,1855.62,2024-03-12,82.02,76.09,82.32,12460.47,12378.14,8.13,24,rotation (out of top-N),2024-04-15,83.7,86.99,60.39,90.69,93.19,90.27,,,38.59,,665,5,,0.1,
SELL,786,MSTR,2024-04-16,130.56,1991.24,2024-02-13,65.5,65.21,129.99,129549.83,129419.84,99.23,43,ratchet-ATR exit,2024-04-15,117.2,126.63,66.36,133.3,150.76,136.41,,,76.6,,434,5,,-1,
SELL,832,NTRA,2024-04-16,90.19,1876.68,2024-04-09,95.6,89.71,84.63,-10152.86,-10237.49,-5.71,5,rotation (out of top-N),2024-04-15,85.43,85.97,62.33,90.42,93.95,87.72,,,37.05,,133,5,,0.1,
SELL,829,NVDA,2024-04-16,86.42,2053.7,2024-04-09,87.36,89.71,88.74,-1930.48,-2019.22,-1.13,5,rotation (out of top-N),2024-04-15,76.16,81.5,57.52,85.94,87.91,85.89,85.84,83.28,32.4,2.99,455,5,3.6,0.4,1.0
SELL,790,ROOT,2024-04-16,61.52,6142.13,2024-02-27,21.35,65.57,188.95,246760.2,246571.25,188.03,34,ratchet-ATR exit,2024-04-15,51.8,49.81,19.45,63.63,68.37,48.08,,,166.37,,56,5,,1.1,
SELL,827,SPOT,2024-04-16,290.79,581.74,2024-04-09,308.4,89.71,84.58,-10250.23,-10334.81,-5.76,5,rotation (out of top-N),2024-04-15,275.8,268.02,197.51,290.43,293.58,267.99,,,39.64,,434,5,,0.0,
BUY,854,CVNA,2024-04-23,14.49,12709.72,,,92.08,,,,,,,2024-04-22,16.88,15.17,10.33,14.29,14.8,15.99,14.29,13.73,63.35,3.95,322,5,5.6,-1,0.4
BUY,849,GE,2024-04-23,156.21,1178.95,,,92.08,,,,,,,2024-04-22,160.39,140.7,105.53,148.37,150.06,138.56,148.37,145.33,51.98,2.05,518,5,4.0,-0.6,1.6
BUY,846,IESC,2024-04-23,120.28,1531.13,,,92.08,,,,,,,2024-04-22,130.81,116.14,84.4,117.72,119.48,115.3,,,54.98,,490,5,,-0.7,
BUY,843,MOD,2024-04-23,87.31,2109.31,,,92.08,,,,,,,2024-04-22,96.75,88.77,61.9,86.64,88.44,91.07,,,56.31,,672,5,,-0.8,
BUY,850,PI,2024-04-23,121.58,1514.75,,,92.08,,,,,,,2024-04-22,150.91,122.2,86.52,119.79,120.64,119.37,,,74.43,,105,5,,-0.8,
BUY,853,PRAX,2024-04-23,49.65,3709.62,,,92.08,,,,,,,2024-04-22,54.9,50.46,30.77,47.9,50.3,53.12,,,78.44,,126,5,,-1,
BUY,844,SMCI,2024-04-23,72.71,2532.85,,,92.08,,,,,,,2024-04-22,85.79,85.03,48.38,71.66,86.65,97.78,71.66,65.62,77.34,8.43,735,5,6,-1,0.0
BUY,851,SMTC,2024-04-23,32.38,5687.58,,,92.08,,,,,,,2024-04-22,35.76,28.53,22.8,32.09,32.06,26.67,,,56.83,,28,5,,1.7,
BUY,847,SYRE,2024-04-23,35.32,5214.15,,,92.08,,,,,,,2024-04-22,33.52,33.84,20.96,33.23,35.31,36.62,,,59.92,,259,5,,-1.0,
BUY,845,TPC,2024-04-23,13.71,13432.81,,,92.08,,,,,,,2024-04-22,17.75,13.69,9.58,13.5,13.75,13.13,,,85.35,,273,5,,-1,
BUY,852,VST,2024-04-23,66.67,2762.32,,,92.08,,,,,,,2024-04-22,71.76,63.37,41.81,65.81,67.15,63.9,65.72,63.33,71.63,3.64,406,5,5.4,-1,0.6
BUY,848,WING,2024-04-23,355.1,518.63,,,92.08,,,,,,,2024-04-22,379.06,345.77,248.09,351.29,354.22,352.71,,,52.79,,168,5,,-0.6,
SELL,830,CEG,2024-04-23,182.52,940.9,2024-04-09,190.68,89.71,85.87,-7677.75,-7763.62,-4.33,10,rotation (out of top-N),2024-04-22,185.93,171.7,127.74,180.78,182.88,175.77,180.78,175.72,45.56,2.8,315,5,4.1,-0.3,1.1
SELL,826,DNTH,2024-04-23,23.55,7494.19,2024-04-09,23.94,89.71,88.24,-2922.74,-3010.98,-1.68,10,rotation (out of top-N),2024-04-22,21.68,24.2,16.34,23.23,24.18,26.16,,,32.7,,91,5,,0.8,
SELL,813,FLXS,2024-04-23,36.68,4341.7,2024-03-26,35.9,77.93,79.63,3386.52,3306.9,2.12,19,rotation (out of top-N),2024-04-22,36.31,34.31,24.07,36.71,36.49,35.01,,,50.84,,119,5,,-0.5,
SELL,837,GHM,2024-04-23,28.02,7873.55,2024-04-16,29.11,114.62,110.31,-8621.54,-8731.84,-3.81,5,rotation (out of top-N),2024-04-22,28.2,26.68,19.96,28.09,28.73,26.78,,,41.29,,581,5,,-0.1,
SELL,835,MCY,2024-04-23,53.49,4607.81,2024-04-16,49.75,114.62,123.24,17233.2,17109.96,7.46,5,rotation (out of top-N),2024-04-22,49.57,47.57,36.58,53.09,50.67,47.92,,,35.5,,175,5,,0.2,
SELL,828,NRG,2024-04-23,68.3,2495.98,2024-04-09,71.88,89.71,85.24,-8935.61,-9020.85,-5.03,10,rotation (out of top-N),2024-04-22,70.33,64.28,47.89,67.96,69.2,63.78,67.96,66.3,46.84,2.44,294,5,4.0,-0.3,1.4
SELL,760,PRAX,2024-04-23,49.65,3239.29,2024-01-09,31.48,50.99,80.41,58825.51,58745.1,57.6,72,ratchet-ATR exit,2024-04-22,54.9,50.46,30.77,47.9,50.3,53.12,,,78.44,,126,5,,-1,
SELL,825,SMCI,2024-04-23,72.71,1943.78,2024-04-09,92.3,89.71,70.67,-38078.68,-38149.34,-21.26,10,ratchet-ATR exit,2024-04-22,85.79,85.03,48.38,71.66,86.65,97.78,71.66,65.62,77.34,8.43,735,5,6,-1,0.0
SELL,784,SYRE,2024-04-23,35.32,5933.85,2024-02-13,21.98,65.21,104.79,79157.53,79052.74,60.61,48,ratchet-ATR exit,2024-04-22,33.52,33.84,20.96,33.23,35.31,36.62,,,59.92,,259,5,,-1.0,
SELL,824,TARS,2024-04-23,32.26,5056.68,2024-04-09,35.48,89.71,81.55,-16307.79,-16389.35,-9.14,10,rotation (out of top-N),2024-04-22,32.06,32.61,22.86,32.29,34.05,34.49,,,40.24,,161,5,,-0.0,
SELL,797,VST,2024-04-23,66.67,2464.98,2024-03-05,56.16,69.22,82.17,25906.95,25824.78,18.66,34,ratchet-ATR exit,2024-04-22,71.76,63.37,41.81,65.81,67.15,63.9,65.72,63.33,71.63,3.64,406,5,5.4,-1,0.6
SELL,841,WSM,2024-04-23,136.82,1657.78,2024-04-16,138.28,114.62,113.41,-2420.36,-2533.77,-1.11,5,rotation (out of top-N),2024-04-22,136.86,132.77,95.54,135.91,138.9,135.15,135.91,134.05,43.25,1.37,301,5,3.1,-0.2,2.1
BUY,858,CRS,2024-04-30,83.78,2439.87,,,102.21,,,,,,,2024-04-29,102.91,78.82,66.98,83.12,80.06,72.28,,,53.64,,546,5,,-0.7,
BUY,857,DNTH,2024-04-30,21.54,9492.09,,,102.21,,,,,,,2024-04-29,25.67,24.47,16.66,21.9,22.66,25.75,,,54.09,,98,5,,-0.3,
BUY,856,POWL,2024-04-30,48.99,4172.53,,,102.21,,,,,,,2024-04-29,52.81,47.01,34.6,49.41,46.76,47.49,,,52.62,,546,5,,-0.6,
BUY,855,TARS,2024-04-30,31.68,6452.41,,,102.21,,,,,,,2024-04-29,36.86,33.38,23.21,32.05,33.01,33.93,,,58.82,,168,5,,-0.9,
BUY,859,TMDX,2024-04-30,95.98,2129.74,,,102.21,,,,,,,2024-04-29,127.63,91.99,72.69,97.25,90.51,83.13,,,75.58,,126,5,,-1,
SELL,834,DELL,2024-04-30,122.81,2037.49,2024-04-16,112.51,114.62,125.11,20986.18,20861.07,9.1,10,rotation (out of top-N),2024-04-29,121.09,111.48,80.49,123.64,118.34,113.88,123.64,120.77,50.45,2.32,385,5,4.1,-0.5,1.5
SELL,849,GE,2024-04-30,161.9,1178.95,2024-04-23,156.21,92.08,95.44,6708.23,6612.79,3.59,5,rotation (out of top-N),2024-04-29,162.16,144.6,107.34,162.58,156.6,143.23,162.58,159.83,51.07,1.69,525,5,3.7,-0.6,1.9
SELL,843,MOD,2024-04-30,94.0,2109.31,2024-04-23,87.31,92.08,99.14,14111.28,14012.15,7.61,5,rotation (out of top-N),2024-04-29,94.17,89.75,63.35,95.56,91.8,91.52,,,48.65,,679,5,,-0.4,
SELL,831,NMM,2024-04-30,42.71,4336.74,2024-04-09,41.37,89.71,92.61,5811.23,5718.62,3.19,15,rotation (out of top-N),2024-04-29,43.95,40.66,29.19,43.73,42.84,41.63,,,50.59,,154,5,,-0.5,
SELL,848,WING,2024-04-30,380.59,518.63,2024-04-23,355.1,92.08,98.69,13219.76,13121.07,7.12,5,rotation (out of top-N),2024-04-29,384.27,352.77,253.64,381.41,365.31,355.53,,,51.5,,175,5,,-0.6,
BUY,862,BLBD,2024-05-07,36.88,6440.18,,,118.74,,,,,,,2024-05-06,48.75,36.86,26.61,36.63,34.79,35.21,,,83.23,,140,5,,-1,
BUY,864,CEG,2024-05-07,195.42,1215.24,,,118.74,,,,,,,2024-05-06,212.1,182.1,132.95,195.05,187.11,180.95,195.05,190.82,59.53,2.17,329,5,4.4,-1.0,1.6
BUY,860,MOD,2024-05-07,101.08,2349.33,,,118.74,,,,,,,2024-05-06,103.11,92.18,64.82,100.78,94.2,92.32,,,59.08,,686,5,,-1.0,
BUY,863,NRG,2024-05-07,75.66,3138.8,,,118.74,,,,,,,2024-05-06,81.23,68.86,50.01,75.59,72.21,67.82,75.59,74.18,62.43,1.87,308,5,4.2,-1,1.8
BUY,866,NTRA,2024-05-07,96.81,2453.2,,,118.74,,,,,,,2024-05-06,105.07,91.76,66.02,97.15,93.97,92.05,,,59.15,,154,5,,-1.0,
BUY,865,ORKA,2024-05-07,20.65,11500.32,,,118.74,,,,,,,2024-05-06,22.72,18.53,13.26,20.65,21.53,17.26,,,71.32,,35,5,,1.4,
BUY,861,THC,2024-05-07,123.23,1927.14,,,118.74,,,,,,,2024-05-06,127.06,105.37,80.76,122.38,111.06,102.35,,,57.32,,133,5,,-0.9,
SELL,840,COIN,2024-05-07,227.65,1041.71,2024-04-16,220.06,114.62,118.57,7906.57,7788.0,3.4,15,rotation (out of top-N),2024-05-06,200.9,219.12,145.51,226.97,223.3,239.84,226.97,217.81,38.07,4.04,420,5,4.6,0.1,0.3
SELL,858,CRS,2024-05-07,101.38,2439.87,2024-04-30,83.78,102.21,123.68,42941.69,42818.01,20.95,5,rotation (out of top-N),2024-05-06,103.67,83.34,68.15,101.31,91.79,76.26,,,52.13,,553,5,,-0.6,
SELL,857,DNTH,2024-05-07,23.31,9492.09,2024-04-30,21.54,102.21,110.63,16848.46,16737.83,8.19,5,rotation (out of top-N),2024-05-06,24.54,24.48,16.95,23.96,23.39,25.55,,,44.74,,105,5,,0.0,
SELL,823,ORKA,2024-05-07,20.65,14401.04,2024-04-02,11.29,81.29,148.69,134793.72,134645.03,82.81,25,ratchet-ATR exit,2024-05-06,22.72,18.53,13.26,20.65,21.53,17.26,,,71.32,,35,5,,1.4,
SELL,856,POWL,2024-05-07,54.41,4172.53,2024-04-30,48.99,102.21,113.51,22615.11,22501.59,11.01,5,rotation (out of top-N),2024-05-06,55.55,48.56,35.32,53.4,50.62,47.31,,,57.27,,553,5,,-0.9,
SELL,853,PRAX,2024-05-07,52.48,3709.62,2024-04-23,49.65,92.08,97.34,10516.76,10419.42,5.66,10,rotation (out of top-N),2024-05-06,48.98,50.83,32.63,53.01,53.56,53.6,,,50.09,,140,5,,-0.5,
SELL,855,TARS,2024-05-07,36.99,6452.41,2024-04-30,31.68,102.21,119.34,34262.27,34142.93,16.7,5,rotation (out of top-N),2024-05-06,37.02,34.04,23.71,37.09,34.33,33.79,,,56.16,,175,5,,-0.8,
BUY,867,DBD,2024-05-14,42.55,5541.05,,,117.87,,,,,,,2024-05-13,44.53,36.75,27.78,42.23,38.67,34.62,,,60.27,,322,5,,-1,
BUY,868,DELL,2024-05-14,125.46,1879.04,,,117.87,,,,,,,2024-05-13,144.72,120.06,84.69,126.85,124.52,117.12,126.85,124.45,70.88,1.89,399,5,4.3,-1,1.7
BUY,869,EMBJ,2024-05-14,26.51,8892.64,,,117.87,,,,,,,2024-05-13,30.68,25.51,18.84,26.18,25.93,25.34,,,62.85,,182,5,,-1,
BUY,870,SE,2024-05-14,67.03,3516.99,,,117.87,,,,,,,2024-05-13,73.74,60.79,45.8,64.46,64.59,58.64,,,61.0,,70,5,,-0.2,
BUY,871,TWST,2024-05-14,49.12,4799.84,,,117.87,,,,,,,2024-05-13,47.05,37.79,29.49,47.41,40.72,34.13,,,59.53,,182,5,,-1.0,
SELL,864,CEG,2024-05-14,210.53,1215.24,2024-05-07,195.42,118.74,127.92,18362.23,18234.31,7.68,5,rotation (out of top-N),2024-05-13,210.21,187.21,135.59,210.63,200.92,186.33,210.63,205.78,55.03,2.3,336,5,4.3,-0.8,1.5
SELL,817,FTAI,2024-05-14,75.38,2491.38,2024-04-02,65.26,81.29,93.9,25212.81,25118.91,15.45,30,rotation (out of top-N),2024-05-13,76.87,69.78,49.22,75.27,75.14,69.28,,,56.19,,511,5,,-0.8,
SELL,860,MOD,2024-05-14,102.0,2349.33,2024-05-07,101.08,118.74,119.82,2161.38,2041.56,0.86,5,rotation (out of top-N),2024-05-13,102.19,94.0,66.22,101.53,100.31,94.78,,,54.33,,693,5,,-0.7,
SELL,863,NRG,2024-05-14,79.87,3138.8,2024-05-07,75.66,118.74,125.35,13214.35,13089.0,5.51,5,rotation (out of top-N),2024-05-13,79.9,70.87,51.13,80.05,75.91,69.92,80.05,78.05,56.25,2.49,315,5,4.5,-0.8,1.3
SELL,861,THC,2024-05-14,127.17,1927.14,2024-05-07,123.23,118.74,122.54,7602.57,7480.03,3.15,5,rotation (out of top-N),2024-05-13,128.39,109.55,82.13,126.12,120.44,105.64,,,56.33,,140,5,,-0.8,
BUY,879,ANF,2024-05-21,144.87,1684.36,,,122.01,,,,,,,2024-05-20,150.12,129.41,93.96,144.83,135.3,123.78,,,59.77,,504,5,,-1.0,
BUY,877,CEG,2024-05-21,213.43,1143.3,,,122.01,,,,,,,2024-05-20,227.59,194.55,138.71,212.13,208.94,191.67,212.13,208.39,64.08,1.76,343,5,4.2,-1,1.8
BUY,878,CLS,2024-05-21,52.24,4671.01,,,122.01,,,,,,,2024-05-20,58.79,47.95,34.29,52.65,49.86,46.43,,,71.45,,539,5,,-1,
BUY,875,FSLR,2024-05-21,198.32,1230.4,,,122.01,,,,,,,2024-05-20,276.86,197.45,165.49,196.34,192.23,180.14,196.34,192.95,67.3,1.73,35,5,5.6,1.4,3.3
BUY,873,FTAI,2024-05-21,79.49,3069.74,,,122.01,,,,,,,2024-05-20,82.87,72.16,50.45,78.57,76.76,71.33,,,64.28,,518,5,,-1,
BUY,874,MRNA,2024-05-21,138.46,1762.4,,,122.01,,,,,,,2024-05-20,166.66,122.83,100.22,141.03,128.71,112.88,141.03,136.99,66.29,2.86,56,5,6.0,1.1,2.2
BUY,876,NVDA,2024-05-21,93.48,2610.33,,,122.01,,,,,,,2024-05-20,106.41,89.89,63.66,94.71,91.83,87.98,94.6,92.83,67.16,1.87,490,5,4.2,-1,1.8
BUY,872,POWL,2024-05-21,54.82,4451.18,,,122.01,,,,,,,2024-05-20,66.75,52.4,36.99,54.55,53.36,48.12,,,80.47,,567,5,,-1,
SELL,838,APP,2024-05-21,84.44,3241.03,2024-04-16,70.73,114.62,136.84,44434.58,44297.75,19.32,25,rotation (out of top-N),2024-05-20,82.17,75.15,51.94,84.54,81.98,74.79,84.54,82.92,58.19,1.92,378,5,4.2,-0.9,1.7
SELL,867,DBD,2024-05-21,43.77,5541.05,2024-05-14,42.55,117.87,121.25,6760.08,6638.83,2.82,5,rotation (out of top-N),2024-05-20,44.59,38.17,28.39,44.29,41.85,35.67,,,57.03,,329,5,,-0.9,
SELL,869,EMBJ,2024-05-21,30.4,8892.64,2024-05-14,26.51,117.87,135.17,34592.38,34457.22,14.62,5,rotation (out of top-N),2024-05-20,28.81,26.11,19.19,30.18,28.49,25.96,,,50.16,,189,5,,-0.5,
SELL,866,NTRA,2024-05-21,106.67,2453.2,2024-05-07,96.81,118.74,130.85,24213.04,24082.19,10.14,10,rotation (out of top-N),2024-05-20,109.41,97.15,68.7,106.3,103.57,95.21,,,59.26,,168,5,,-1.0,
SELL,865,ORKA,2024-05-21,21.3,11500.32,2024-05-07,20.65,118.74,122.48,7475.21,7352.73,3.1,10,rotation (out of top-N),2024-05-20,21.56,19.56,13.68,20.94,22.21,20.06,,,57.56,,49,5,,1.3,
SELL,870,SE,2024-05-21,71.91,3516.99,2024-05-14,67.03,117.87,126.45,17162.92,17036.47,7.23,5,rotation (out of top-N),2024-05-20,71.99,62.82,46.63,73.1,68.87,60.5,,,54.38,,77,5,,-0.0,
SELL,847,SYRE,2024-05-21,36.76,5214.15,2024-04-23,35.32,92.08,95.84,7508.38,7412.54,4.02,20,rotation (out of top-N),2024-05-20,32.96,34.84,23.26,36.9,36.82,35.93,,,41.68,,287,5,,-0.1,
SELL,871,TWST,2024-05-21,44.95,4799.84,2024-05-14,49.12,117.87,107.86,-20015.32,-20123.18,-8.54,5,rotation (out of top-N),2024-05-20,42.25,38.6,30.06,44.92,44.5,35.66,,,40.54,,189,5,,-0.0,
BUY,883,ASTS,2024-06-04,8.32,27654.81,,,115.04,,,,,,,2024-06-03,8.62,4.97,3.92,8.39,6.59,3.35,,,120.0,,7,5,,1.9,
BUY,893,CVNA,2024-06-04,19.73,11661.84,,,115.04,,,,,,,2024-06-03,21.32,19.93,12.38,19.79,21.19,19.48,19.79,19.09,72.16,3.54,364,5,5.4,-1,0.6
BUY,885,DAVE,2024-06-04,36.47,6308.97,,,115.04,,,,,,,2024-06-03,38.01,40.88,20.89,37.97,44.08,43.14,,,81.96,,182,5,,-1,
BUY,886,EAT,2024-06-04,71.64,3211.73,,,115.04,,,,,,,2024-06-03,68.95,59.68,43.47,71.68,67.5,55.98,,,58.63,,175,5,,-0.9,
BUY,888,HOOD,2024-06-04,21.07,10920.17,,,115.04,,,,,,,2024-06-03,22.2,19.25,13.63,21.3,20.52,18.4,21.08,20.0,62.87,5.13,175,5,6,-1,0.0
BUY,884,INOD,2024-06-04,14.36,16022.84,,,115.04,,,,,,,2024-06-03,14.57,10.65,8.42,14.35,12.72,8.89,,,73.04,,14,5,,1.8,
BUY,881,INSM,2024-06-04,56.36,4082.47,,,115.04,,,,,,,2024-06-03,56.84,35.43,28.0,56.01,43.46,29.15,,,103.01,,7,5,,1.9,
BUY,889,NKTR,2024-06-04,20.48,11234.77,,,115.04,,,,,,,2024-06-03,18.9,20.63,12.39,21.08,22.25,22.9,,,52.5,,112,5,,-0.5,
BUY,890,NMM,2024-06-04,47.84,4809.53,,,115.04,,,,,,,2024-06-03,51.14,45.84,32.38,48.51,48.08,44.82,,,57.92,,189,5,,-0.9,
BUY,892,NTRA,2024-06-04,108.75,2115.85,,,115.04,,,,,,,2024-06-03,111.14,101.09,71.14,108.35,107.79,98.92,,,56.22,,182,5,,-0.8,
BUY,887,RDNT,2024-06-04,58.52,3931.45,,,115.04,,,,,,,2024-06-03,61.27,54.4,39.82,58.8,58.27,52.77,,,53.88,,504,5,,-0.7,
BUY,882,ROOT,2024-06-04,48.35,4758.8,,,115.04,,,,,,,2024-06-03,49.48,54.61,27.79,47.99,54.61,61.47,,,78.03,,105,5,,-0.8,
BUY,880,THC,2024-06-04,132.63,1734.75,,,115.04,,,,,,,2024-06-03,133.71,120.41,86.54,133.74,131.56,115.53,,,54.5,,161,5,,-0.7,
BUY,891,TWST,2024-06-04,45.28,5081.45,,,115.04,,,,,,,2024-06-03,50.49,41.27,31.29,44.04,42.64,37.63,,,61.36,,203,5,,-1,
SELL,877,CEG,2024-06-04,203.87,1143.3,2024-05-21,213.43,122.01,116.54,-10929.91,-11046.45,-4.53,9,rotation (out of top-N),2024-06-03,195.58,197.75,143.73,205.75,215.9,199.47,205.75,197.99,36.07,3.77,357,5,4.3,0.2,0.5
SELL,878,CLS,2024-06-04,54.63,4671.01,2024-05-21,52.24,122.01,127.59,11163.72,11036.13,4.52,9,rotation (out of top-N),2024-06-03,52.23,49.92,35.86,55.24,55.55,48.55,,,45.64,,553,5,,-0.3,
SELL,854,CVNA,2024-06-04,19.73,12709.72,2024-04-23,14.49,92.08,125.38,66598.94,66473.56,36.09,29,ratchet-ATR exit,2024-06-03,21.32,19.93,12.38,19.79,21.19,19.48,19.79,19.09,72.16,3.54,364,5,5.4,-1,0.6
SELL,839,DAVE,2024-06-04,36.47,6533.8,2024-04-16,35.09,114.62,119.14,9049.31,8930.17,3.9,34,ratchet-ATR exit,2024-06-03,38.01,40.88,20.89,37.97,44.08,43.14,,,81.96,,182,5,,-1,
SELL,868,DELL,2024-06-04,128.21,1879.04,2024-05-14,125.46,117.87,120.46,5167.35,5046.9,2.14,14,rotation (out of top-N),2024-06-03,125.61,127.63,90.82,127.95,146.06,129.11,127.95,115.72,38.31,9.56,420,5,4.9,0.1,0.0
SELL,846,IESC,2024-06-04,142.0,1531.13,2024-04-23,120.28,92.08,108.71,33263.72,33155.0,18.0,29,rotation (out of top-N),2024-06-03,128.81,141.93,97.7,146.85,155.03,145.33,,,31.84,,532,5,,0.4,
SELL,874,MRNA,2024-06-04,146.41,1762.4,2024-05-21,138.46,122.01,129.02,14019.92,13890.91,5.69,9,rotation (out of top-N),2024-06-03,151.05,130.88,101.95,147.74,147.45,123.64,147.74,139.46,48.16,5.61,70,5,6.2,0.4,0.8
SELL,822,NKTR,2024-06-04,20.48,11954.98,2024-04-02,13.6,81.29,122.42,82250.26,82127.84,50.51,44,ratchet-ATR exit,2024-06-03,18.9,20.63,12.39,21.08,22.25,22.9,,,52.5,,112,5,,-0.5,
SELL,850,PI,2024-06-04,165.03,1514.75,2024-04-23,121.58,92.08,124.99,65823.66,65698.67,35.67,29,rotation (out of top-N),2024-06-03,150.09,149.46,101.5,165.84,164.68,149.81,,,47.87,,147,5,,-0.4,
SELL,872,POWL,2024-06-04,54.65,4451.18,2024-05-21,54.82,122.01,121.63,-756.7,-878.33,-0.36,9,rotation (out of top-N),2024-06-03,52.56,53.48,38.42,56.64,61.44,52.21,,,36.81,,581,5,,0.2,
SELL,836,ROOT,2024-06-04,48.35,3725.94,2024-04-16,61.52,114.62,90.07,-49089.24,-49179.32,-21.45,34,ratchet-ATR exit,2024-06-03,49.48,54.61,27.79,47.99,54.61,61.47,,,78.03,,105,5,,-0.8,
SELL,844,SMCI,2024-06-04,77.38,2532.85,2024-04-23,72.71,92.08,98.0,11828.43,11730.44,6.37,29,rotation (out of top-N),2024-06-03,76.9,82.5,56.38,77.03,83.14,84.71,77.03,73.76,36.39,4.24,777,5,4.6,0.2,0.2
SELL,851,SMTC,2024-06-04,37.8,5687.58,2024-04-23,32.38,92.08,107.5,30826.69,30719.19,16.68,29,rotation (out of top-N),2024-06-03,31.2,34.72,24.58,38.1,39.36,37.09,,,26.93,,70,5,,1.5,
SELL,636,VRT,2024-06-04,93.68,2141.13,2023-08-01,25.41,27.2,100.29,146174.77,146074.48,268.49,212,rotation (out of top-N),2024-06-03,87.49,90.25,61.2,95.85,99.78,92.11,95.83,91.02,42.96,5.02,581,5,5.1,-0.1,0.0
BUY,895,AVAV,2024-06-11,205.35,1158.97,,,119.0,,,,,,,2024-06-10,215.07,187.17,140.73,204.68,201.83,180.52,,,52.83,,462,5,,-0.6,
BUY,894,BMA,2024-06-11,49.65,4793.44,,,119.0,,,,,,,2024-06-10,54.22,49.37,31.16,50.65,51.54,49.71,,,73.98,,539,5,,-1,
BUY,897,CAMT,2024-06-11,111.51,2134.29,,,119.0,,,,,,,2024-06-10,113.74,97.76,74.84,111.49,106.27,92.23,,,51.98,,483,5,,-0.6,
BUY,901,EAT,2024-06-11,67.03,3550.57,,,119.0,,,,,,,2024-06-10,67.49,61.1,44.38,67.38,69.16,58.93,,,52.08,,182,5,,-0.6,
BUY,896,MNPR,2024-06-11,3.9,61102.57,,,119.0,,,,,,,2024-06-10,4.65,3.61,2.79,3.87,3.79,3.41,,,66.92,,105,5,,-0.8,
BUY,900,NVMI,2024-06-11,223.72,1063.78,,,119.0,,,,,,,2024-06-10,237.8,202.61,151.74,224.94,215.59,191.69,,,56.71,,217,5,,-0.8,
BUY,899,P,2024-06-11,65.85,3614.19,,,119.0,,,,,,,2024-06-10,67.66,59.04,44.53,66.14,62.9,56.52,,,51.95,,371,5,,-0.6,
BUY,898,TPC,2024-06-11,19.59,12148.78,,,119.0,,,,,,,2024-06-10,20.66,18.73,11.61,19.62,20.6,18.28,,,78.03,,322,5,,-1,
SELL,833,BMA,2024-06-11,49.65,5672.81,2024-04-16,40.41,114.62,140.83,52416.79,52275.97,22.8,39,ratchet-ATR exit,2024-06-10,54.22,49.37,31.16,50.65,51.54,49.71,,,73.98,,539,5,,-1,
SELL,886,EAT,2024-06-11,67.03,3211.73,2024-06-04,71.64,115.04,107.64,-14806.06,-14913.7,-6.48,5,ratchet-ATR exit,2024-06-10,67.49,61.1,44.38,67.38,69.16,58.93,,,52.08,,182,5,,-0.6,
SELL,889,NKTR,2024-06-11,17.93,11234.77,2024-06-04,20.48,115.04,100.72,-28648.66,-28749.38,-12.49,5,rotation (out of top-N),2024-06-10,17.63,20.09,12.62,18.08,20.62,22.73,,,39.74,,119,5,,0.0,
SELL,890,NMM,2024-06-11,50.11,4809.53,2024-06-04,47.84,115.04,120.5,10917.64,10797.14,4.69,5,rotation (out of top-N),2024-06-10,46.7,46.0,33.02,51.03,49.91,45.91,,,41.44,,196,5,,-0.1,
SELL,892,NTRA,2024-06-11,111.42,2115.85,2024-06-04,108.75,115.04,117.88,5670.48,5552.6,2.41,5,rotation (out of top-N),2024-06-10,110.23,102.75,72.54,111.69,109.32,100.62,,,51.95,,189,5,,-0.6,
SELL,887,RDNT,2024-06-11,61.02,3931.45,2024-06-04,58.52,115.04,119.96,9828.62,9708.66,4.22,5,rotation (out of top-N),2024-06-10,58.27,55.1,40.52,61.51,59.94,54.25,,,43.79,,511,5,,-0.2,
SELL,882,ROOT,2024-06-11,47.5,4758.8,2024-06-04,48.35,115.04,113.02,-4044.98,-4158.0,-1.81,5,rotation (out of top-N),2024-06-10,42.47,52.4,28.57,48.65,51.42,58.49,,,48.65,,112,5,,-0.3,
SELL,845,TPC,2024-06-11,19.59,13432.81,2024-04-23,13.71,92.08,131.57,78984.94,78853.37,42.82,34,ratchet-ATR exit,2024-06-10,20.66,18.73,11.61,19.62,20.6,18.28,,,78.03,,322,5,,-1,
BUY,905,CLS,2024-06-18,57.8,4591.12,,,132.68,,,,,,,2024-06-17,55.94,51.88,37.5,57.03,55.3,50.89,,,49.16,,567,5,,-0.5,
BUY,907,MSTR,2024-06-18,145.18,1827.85,,,132.68,,,,,,,2024-06-17,148.51,145.52,90.65,150.6,155.21,143.75,,,63.83,,497,5,,-1,
BUY,906,ORKA,2024-06-18,20.88,12709.15,,,132.68,,,,,,,2024-06-17,22.65,20.85,14.55,21.1,21.36,21.98,,,55.68,,77,5,,-0.1,
BUY,902,ROOT,2024-06-18,44.63,5945.27,,,132.68,,,,,,,2024-06-17,44.97,51.05,29.43,45.56,47.19,57.06,,,52.78,,119,5,,-0.6,
BUY,904,SE,2024-06-18,74.96,3540.11,,,132.68,,,,,,,2024-06-17,75.39,68.5,50.08,74.94,73.14,68.51,,,50.56,,105,5,,-0.3,
BUY,903,SMCI,2024-06-18,89.5,2964.99,,,132.68,,,,,,,2024-06-17,90.49,84.25,59.43,88.68,82.59,82.25,88.68,84.5,52.27,4.72,791,5,5.6,-0.6,0.0
SELL,895,AVAV,2024-06-18,215.08,1158.97,2024-06-11,205.35,119.0,124.64,11276.78,11152.14,4.69,5,rotation (out of top-N),2024-06-17,189.34,187.57,142.68,215.07,210.28,188.91,,,32.7,,469,5,,0.4,
SELL,875,FSLR,2024-06-18,254.31,1230.4,2024-05-21,198.32,122.01,156.46,68896.45,68739.99,28.17,19,rotation (out of top-N),2024-06-17,258.71,235.81,174.25,261.52,275.52,226.69,261.52,251.51,48.47,3.83,63,5,5.9,0.5,1.4
SELL,896,MNPR,2024-06-18,4.5,61102.57,2024-06-11,3.9,119.0,137.48,36967.06,36829.58,15.47,5,rotation (out of top-N),2024-06-17,3.46,3.58,2.8,4.3,4.17,3.52,,,23.75,,112,4.75,,0.9,
SELL,842,MSTR,2024-06-18,145.18,1755.81,2024-04-16,130.56,114.62,127.45,25669.92,25542.47,11.14,44,ratchet-ATR exit,2024-06-17,148.51,145.52,90.65,150.6,155.21,143.75,,,63.83,,497,5,,-1,
SELL,900,NVMI,2024-06-18,240.07,1063.78,2024-06-11,223.72,119.0,127.69,17392.83,17265.13,7.25,5,rotation (out of top-N),2024-06-17,228.62,207.34,154.65,241.64,228.95,199.93,,,47.83,,224,5,,-0.4,
SELL,899,P,2024-06-18,67.9,3614.19,2024-06-11,65.85,119.0,122.7,7409.09,7286.39,3.06,5,rotation (out of top-N),2024-06-17,64.5,60.03,45.23,67.83,65.86,58.47,,,42.59,,378,5,,-0.1,
BUY,914,ANF,2024-06-25,170.75,1490.09,,,127.21,,,,,,,2024-06-24,177.8,159.89,109.59,170.0,178.24,154.84,,,62.24,,539,5,,-1,
BUY,909,CAMT,2024-06-25,112.47,2262.16,,,127.21,,,,,,,2024-06-24,125.49,105.28,78.04,111.31,113.8,100.62,,,60.8,,497,5,,-1,
BUY,910,CRDO,2024-06-25,29.29,8686.42,,,127.21,,,,,,,2024-06-24,31.96,25.32,20.18,27.28,27.72,22.24,,,58.41,,378,5,,-0.9,
BUY,908,HUT,2024-06-25,13.03,19526.12,,,127.21,,,,,,,2024-06-24,14.97,10.81,9.76,12.52,11.7,9.53,,,53.44,,7,5,,2.2,
BUY,911,INOD,2024-06-25,13.69,18591.55,,,127.21,,,,,,,2024-06-24,14.83,12.36,8.86,13.6,14.21,11.93,,,67.32,,35,5,,1.4,
BUY,915,NMM,2024-06-25,49.27,5163.9,,,127.21,,,,,,,2024-06-24,50.65,47.33,34.4,49.28,49.11,47.49,,,47.22,,210,5,,-0.4,
BUY,913,NVDA,2024-06-25,121.14,2100.26,,,127.21,,,,,,,2024-06-24,123.37,111.25,73.33,118.02,125.26,106.1,116.53,112.26,68.24,3.67,525,5,5.4,-1,0.6
BUY,912,NVMI,2024-06-25,224.67,1132.44,,,127.21,,,,,,,2024-06-24,234.41,212.26,157.77,224.29,229.78,206.44,,,48.58,,231,5,,-0.4,
SELL,879,ANF,2024-06-25,170.75,1684.36,2024-05-21,144.87,122.01,143.8,43582.89,43439.09,17.8,23,ratchet-ATR exit,2024-06-24,177.8,159.89,109.59,170.0,178.24,154.84,,,62.24,,539,5,,-1,
SELL,897,CAMT,2024-06-25,112.47,2134.29,2024-06-11,111.51,119.0,120.02,2048.92,1928.9,0.81,9,ratchet-ATR exit,2024-06-24,125.49,105.28,78.04,111.31,113.8,100.62,,,60.8,,497,5,,-1,
SELL,885,DAVE,2024-06-25,37.15,6308.97,2024-06-04,36.47,115.04,117.19,4290.1,4172.91,1.81,14,rotation (out of top-N),2024-06-24,30.2,38.29,23.08,37.7,38.25,43.28,,,30.87,,203,5,,0.5,
SELL,884,INOD,2024-06-25,13.69,16022.84,2024-06-04,14.36,115.04,109.64,-10815.42,-10925.06,-4.75,14,ratchet-ATR exit,2024-06-24,14.83,12.36,8.86,13.6,14.21,11.93,,,67.32,,35,5,,1.4,
SELL,876,NVDA,2024-06-25,121.14,2610.33,2024-05-21,93.48,122.01,158.11,72201.72,72043.61,29.52,23,ratchet-ATR exit,2024-06-24,123.37,111.25,73.33,118.02,125.26,106.1,116.53,112.26,68.24,3.67,525,5,5.4,-1,0.6
SELL,904,SE,2024-06-25,71.88,3540.11,2024-06-18,74.96,132.68,127.23,-10903.55,-11030.78,-4.16,4,rotation (out of top-N),2024-06-24,71.44,69.03,50.96,75.89,74.64,69.91,,,40.18,,112,5,,0.1,
SELL,903,SMCI,2024-06-25,84.48,2964.99,2024-06-18,89.5,132.68,125.24,-14884.27,-15009.51,-5.66,4,rotation (out of top-N),2024-06-24,81.7,83.78,60.88,82.68,85.84,83.62,82.68,78.5,34.19,5.06,798,5,4.7,0.3,0.0
SELL,880,THC,2024-06-25,135.0,1734.75,2024-06-04,132.63,115.04,117.1,4102.67,3985.58,1.73,14,rotation (out of top-N),2024-06-24,132.98,126.86,91.36,135.99,135.98,128.87,,,45.56,,182,5,,-0.3,
BUY,919,ALNY,2024-07-02,243.28,1081.33,,,131.54,,,,,,,2024-07-01,251.08,185.38,166.92,243.29,216.58,165.54,,,50.42,,7,5,,2.4,
BUY,916,APP,2024-07-02,84.16,3126.04,,,131.54,,,,,,,2024-07-01,86.8,80.09,58.04,84.8,81.41,81.02,84.8,82.71,49.55,2.47,420,5,4.1,-0.5,1.4
BUY,917,TQQQ,2024-07-02,36.47,7213.37,,,131.54,,,,,,,2024-07-01,40.06,34.13,26.72,36.81,36.17,32.65,,,49.9,,462,5,,-0.5,
BUY,918,TSM,2024-07-02,168.05,1565.44,,,131.54,,,,,,,2024-07-01,180.38,160.92,123.36,169.13,168.57,156.65,,,46.22,,231,5,,-0.3,
SELL,862,BLBD,2024-07-02,51.14,6440.18,2024-05-07,36.88,118.74,164.68,91869.16,91704.48,38.62,38,rotation (out of top-N),2024-07-01,46.54,49.71,33.17,50.96,53.88,52.53,,,40.3,,196,5,,-0.0,
SELL,894,BMA,2024-07-02,47.61,4793.44,2024-06-11,49.65,119.0,114.11,-9778.63,-9892.73,-4.16,14,rotation (out of top-N),2024-07-01,47.38,49.27,33.52,46.4,50.27,52.45,,,41.34,,560,5,,-0.1,
SELL,907,MSTR,2024-07-02,136.54,1827.85,2024-06-18,145.18,132.68,124.79,-15792.61,-15917.39,-6.0,9,rotation (out of top-N),2024-07-01,128.13,141.19,95.67,136.49,145.17,148.88,,,33.93,,511,5,,0.3,
SELL,891,TWST,2024-07-02,48.25,5081.45,2024-06-04,45.28,115.04,122.59,15091.91,14969.32,6.51,19,rotation (out of top-N),2024-07-01,48.47,45.82,34.16,48.91,48.77,46.67,,,41.89,,231,5,,-0.1,
BUY,926,COHR,2024-07-09,76.21,3548.05,,,135.2,,,,,,,2024-07-08,78.26,68.52,52.39,76.61,73.25,65.38,76.61,74.79,49.39,2.38,203,5,4.1,-0.5,1.4
BUY,922,CRUS,2024-07-09,131.4,2057.89,,,135.2,,,,,,,2024-07-08,136.95,120.45,91.93,130.41,127.82,119.13,,,48.97,,189,5,,-0.4,
BUY,923,DAVE,2024-07-09,31.61,8554.14,,,135.2,,,,,,,2024-07-08,37.34,36.94,24.48,31.93,32.06,39.79,,,52.5,,217,5,,-0.6,
BUY,921,DNTH,2024-07-09,28.33,9544.53,,,135.2,,,,,,,2024-07-08,29.0,25.3,19.65,28.2,26.15,24.42,,,47.57,,168,5,,-0.4,
BUY,920,LNTH,2024-07-09,78.61,3439.72,,,135.2,,,,,,,2024-07-08,123.4,85.41,68.61,78.81,79.55,80.07,,,79.86,,63,5,,-0.0,
BUY,925,NKTR,2024-07-09,18.3,14775.77,,,135.2,,,,,,,2024-07-08,21.3,19.69,13.6,18.6,18.24,20.88,,,56.61,,147,5,,-0.8,
BUY,924,PI,2024-07-09,166.18,1627.18,,,135.2,,,,,,,2024-07-08,169.24,155.64,113.87,164.09,157.62,159.34,,,48.63,,182,5,,-0.4,
BUY,927,TWST,2024-07-09,49.43,5470.29,,,135.2,,,,,,,2024-07-08,53.42,47.2,35.04,48.97,48.53,47.23,,,52.45,,238,5,,-0.6,
SELL,916,APP,2024-07-09,85.92,3126.04,2024-07-02,84.16,131.54,134.29,5517.46,5383.16,2.05,4,rotation (out of top-N),2024-07-08,84.83,80.95,59.15,85.11,83.77,82.01,85.11,81.68,43.41,4.03,427,5,4.9,-0.2,0.3
SELL,901,EAT,2024-07-09,70.02,3550.57,2024-06-11,67.03,119.0,124.31,10616.2,10491.89,4.41,18,rotation (out of top-N),2024-07-08,63.74,65.4,48.27,70.09,71.22,68.14,,,32.07,,210,5,,0.4,
SELL,888,HOOD,2024-07-09,22.3,10920.17,2024-06-04,21.07,115.04,121.76,13431.81,13310.05,5.78,23,rotation (out of top-N),2024-07-08,22.27,21.29,15.17,22.07,22.44,21.18,22.07,21.44,46.86,2.88,210,5,4.3,-0.3,1.1
SELL,915,NMM,2024-07-09,50.17,5163.9,2024-06-25,49.27,127.21,129.54,4647.51,4517.97,1.78,9,rotation (out of top-N),2024-07-08,50.94,48.63,35.84,50.41,50.68,49.03,,,42.13,,224,5,,-0.1,
SELL,912,NVMI,2024-07-09,244.4,1132.44,2024-06-25,224.67,127.21,138.38,22337.38,22199.0,8.73,9,rotation (out of top-N),2024-07-08,236.4,220.61,164.06,239.97,235.75,219.87,,,44.09,,245,5,,-0.2,
SELL,906,ORKA,2024-07-09,22.49,12709.15,2024-06-18,20.88,132.68,142.91,20461.72,20318.81,7.66,13,rotation (out of top-N),2024-07-08,21.49,21.66,15.28,22.14,22.8,22.19,,,40.63,,98,5,,0.3,
SELL,917,TQQQ,2024-07-09,40.72,7213.37,2024-07-02,36.47,131.54,146.86,30656.83,30509.96,11.6,4,rotation (out of top-N),2024-07-08,39.57,35.12,27.26,40.31,38.0,33.74,,,45.16,,469,5,,-0.3,
SELL,918,TSM,2024-07-09,184.42,1565.44,2024-07-02,168.05,131.54,144.35,25626.2,25481.85,9.69,4,rotation (out of top-N),2024-07-08,183.64,165.05,125.79,182.97,174.55,160.6,,,45.99,,238,5,,-0.3,
BUY,932,ANAB,2024-07-16,22.04,12457.96,,,137.29,,,,,,,2024-07-15,22.52,17.82,14.79,21.84,18.63,16.53,,,52.27,,189,5,,-0.6,
BUY,929,CRS,2024-07-16,117.1,2344.78,,,137.29,,,,,,,2024-07-15,118.42,104.84,79.22,115.93,108.43,105.86,,,49.47,,623,5,,-0.5,
BUY,933,HOOD,2024-07-16,24.07,11404.92,,,137.29,,,,,,,2024-07-15,23.41,21.67,15.52,23.95,22.64,21.84,23.95,23.17,50.79,3.23,217,5,4.7,-0.5,0.8
BUY,934,MSTR,2024-07-16,161.1,1704.37,,,137.29,,,,,,,2024-07-15,177.89,147.63,101.96,161.01,140.21,150.6,,,74.47,,525,5,,-1,
BUY,930,RVMD,2024-07-16,47.62,5765.93,,,137.29,,,,,,,2024-07-15,46.15,40.36,31.65,46.03,42.2,39.48,,,45.83,,189,5,,-0.3,
BUY,931,SEI,2024-07-16,11.88,23112.24,,,137.29,,,,,,,2024-07-15,12.5,9.5,8.18,11.71,9.99,8.59,,,52.73,,70,5,,0.2,
BUY,928,UFPT,2024-07-16,313.04,877.12,,,137.29,,,,,,,2024-07-15,312.86,275.66,210.88,310.35,295.13,266.69,,,48.36,,168,5,,-0.4,
BUY,935,VIRT,2024-07-16,22.0,12480.61,,,137.29,,,,,,,2024-07-15,28.05,22.43,18.97,21.95,21.44,21.69,,,47.9,,133,5,,-0.4,
SELL,919,ALNY,2024-07-16,257.68,1081.33,2024-07-02,243.28,131.54,139.32,15565.76,15426.44,5.86,9,rotation (out of top-N),2024-07-15,237.89,206.11,170.76,256.46,250.02,188.93,,,39.31,,21,5,,2.7,
SELL,914,ANF,2024-07-16,169.41,1490.09,2024-06-25,170.75,127.21,126.21,-1996.72,-2122.93,-0.83,14,rotation (out of top-N),2024-07-15,158.54,163.08,117.89,167.36,174.49,171.45,,,34.48,,560,5,,0.3,
SELL,909,CAMT,2024-07-16,130.34,2262.16,2024-06-25,112.47,127.21,147.43,40424.83,40277.41,15.83,14,rotation (out of top-N),2024-07-15,108.33,112.73,82.71,131.35,130.12,115.34,,,30.97,,518,5,,0.5,
SELL,905,CLS,2024-07-16,61.85,4591.12,2024-06-18,57.8,132.68,141.98,18594.05,18452.07,6.95,18,rotation (out of top-N),2024-07-15,56.5,55.07,40.78,61.15,59.25,56.32,,,38.53,,595,5,,0.1,
SELL,926,COHR,2024-07-16,80.03,3548.05,2024-07-09,76.21,135.2,141.97,13535.79,13393.83,4.95,5,rotation (out of top-N),2024-07-15,72.0,69.15,53.37,79.42,76.03,68.13,79.42,77.71,34.91,2.15,210,5,3.2,0.3,1.6
SELL,910,CRDO,2024-07-16,33.25,8686.42,2024-06-25,29.29,127.21,144.41,34398.24,34253.83,13.46,14,rotation (out of top-N),2024-07-15,29.52,27.68,21.28,33.1,31.3,26.98,,,38.74,,399,5,,0.1,
SELL,921,DNTH,2024-07-16,29.27,9544.53,2024-07-09,28.33,135.2,139.71,9019.58,8879.87,3.28,5,rotation (out of top-N),2024-07-15,26.52,25.52,20.0,29.03,27.86,24.74,,,32.56,,175,5,,0.4,
SELL,852,VST,2024-07-16,85.31,2762.32,2024-04-23,66.67,92.08,117.83,51489.64,51371.82,27.89,57,rotation (out of top-N),2024-07-15,75.65,84.14,59.18,85.25,88.81,90.32,85.13,82.36,27.83,3.25,490,5,3.6,0.6,1.1
BUY,939,BFH,2024-07-23,49.24,6282.44,,,154.67,,,,,,,2024-07-22,53.48,44.92,35.65,48.83,47.79,42.69,,,50.03,,182,5,,-0.5,
BUY,944,ELVN,2024-07-23,22.93,13488.01,,,154.67,,,,,,,2024-07-22,27.26,23.14,17.47,23.41,23.25,22.36,,,56.07,,126,5,,-0.8,
BUY,941,HOV,2024-07-23,189.76,1630.16,,,154.67,,,,,,,2024-07-22,214.98,164.9,143.44,190.98,171.42,150.82,,,49.87,,560,5,,-0.5,
BUY,942,INOD,2024-07-23,17.52,17656.82,,,154.67,,,,,,,2024-07-22,19.71,15.3,9.82,17.68,18.0,15.39,,,100.63,,63,5,,-0.0,
BUY,945,JXN,2024-07-23,78.03,3964.47,,,154.67,,,,,,,2024-07-22,81.99,72.02,55.99,78.51,75.3,70.29,,,46.43,,315,5,,-0.3,
BUY,946,MIRM,2024-07-23,40.41,7655.22,,,154.67,,,,,,,2024-07-22,43.23,34.43,29.03,39.49,38.06,31.38,,,48.88,,21,5,,2.2,
BUY,943,PRAX,2024-07-23,56.33,5491.7,,,154.67,,,,,,,2024-07-22,58.15,48.79,39.4,57.1,51.9,44.3,,,47.59,,217,5,,-0.4,
BUY,940,PTGX,2024-07-23,35.72,8661.56,,,154.67,,,,,,,2024-07-22,40.28,34.37,26.78,36.1,35.73,33.21,,,50.42,,196,5,,-0.5,
BUY,938,THC,2024-07-23,137.75,2245.64,,,154.67,,,,,,,2024-07-22,151.64,133.75,99.24,134.77,133.23,134.17,,,52.8,,210,5,,-0.6,
BUY,937,USLM,2024-07-23,82.22,3762.44,,,154.67,,,,,,,2024-07-22,83.53,73.19,56.76,82.05,77.34,71.02,,,47.15,,616,5,,-0.4,
BUY,936,WLFC,2024-07-23,26.73,11573.05,,,154.67,,,,,,,2024-07-22,28.46,22.98,17.51,24.68,23.95,21.76,,,62.55,,210,5,,-1,
SELL,922,CRUS,2024-07-23,137.69,2057.89,2024-07-09,131.4,135.2,141.68,12954.42,12812.75,4.74,10,rotation (out of top-N),2024-07-22,129.2,124.19,95.07,138.22,136.57,125.96,,,35.89,,203,5,,0.2,
SELL,923,DAVE,2024-07-23,38.47,8554.14,2024-07-09,31.61,135.2,164.54,58681.43,58516.9,21.64,10,rotation (out of top-N),2024-07-22,36.02,36.85,26.06,38.37,37.44,37.08,,,38.26,,231,5,,0.1,
SELL,933,HOOD,2024-07-23,23.25,11404.92,2024-07-16,24.07,137.29,132.58,-9409.06,-9541.64,-3.48,5,rotation (out of top-N),2024-07-22,21.19,21.59,15.83,23.43,23.24,22.32,23.43,22.69,33.89,3.15,224,5,3.8,0.3,0.9
SELL,908,HUT,2024-07-23,19.88,19526.12,2024-06-25,13.03,127.21,194.09,133753.93,133559.84,52.49,19,rotation (out of top-N),2024-07-22,15.14,14.2,10.51,20.25,18.48,13.53,,,44.04,,35,5,,2.2,
SELL,911,INOD,2024-07-23,17.52,18591.55,2024-06-25,13.69,127.21,162.86,71298.59,71135.73,27.96,19,ratchet-ATR exit,2024-07-22,19.71,15.3,9.82,17.68,18.0,15.39,,,100.63,,63,5,,-0.0,
SELL,925,NKTR,2024-07-23,21.75,14775.77,2024-07-09,18.3,135.2,160.69,50976.39,50815.71,18.79,10,rotation (out of top-N),2024-07-22,20.7,20.07,14.25,21.75,20.69,19.52,,,45.22,,161,5,,-0.3,
SELL,913,NVDA,2024-07-23,122.79,2100.26,2024-06-25,121.14,127.21,128.95,3465.43,3336.48,1.31,19,rotation (out of top-N),2024-07-22,113.03,116.23,81.09,123.44,123.81,122.8,123.3,119.94,39.4,2.72,553,5,3.8,0.0,1.2
SELL,924,PI,2024-07-23,179.62,1627.18,2024-07-09,166.18,135.2,146.14,21877.43,21731.29,8.04,10,rotation (out of top-N),2024-07-22,160.22,158.81,119.57,180.88,171.76,160.38,,,34.0,,196,5,,0.3,
SELL,930,RVMD,2024-07-23,47.97,5765.93,2024-07-16,47.62,137.29,138.3,2018.07,1879.78,0.68,5,rotation (out of top-N),2024-07-22,46.43,41.46,32.11,48.03,45.1,40.37,,,44.61,,196,5,,-0.2,
SELL,859,TMDX,2024-07-23,148.69,2129.74,2024-04-30,95.98,102.21,158.34,112258.46,112100.12,54.84,57,rotation (out of top-N),2024-07-22,140.68,138.76,97.43,149.29,147.02,143.26,,,44.39,,210,5,,-0.2,
SELL,935,VIRT,2024-07-23,27.95,12480.61,2024-07-16,22.0,137.29,174.42,74259.62,74085.21,26.98,5,rotation (out of top-N),2024-07-22,26.6,23.19,19.21,28.17,24.4,22.16,,,38.45,,140,5,,0.1,
BUY,957,ALNY,2024-07-30,236.31,1416.54,,,167.38,,,,,,,2024-07-29,271.87,222.39,175.6,236.62,238.68,211.04,,,54.82,,35,5,,1.7,
BUY,953,COKE,2024-07-30,110.03,3042.36,,,167.38,,,,,,,2024-07-29,126.27,106.7,87.95,110.03,108.46,103.91,,,43.57,,546,5,,-0.2,
BUY,948,CVLT,2024-07-30,133.75,2502.81,,,167.38,,,,,,,2024-07-29,136.71,121.67,97.29,123.13,123.17,119.45,,,40.52,,448,5,,-0.0,
BUY,956,HIFS,2024-07-30,239.78,1396.07,,,167.38,,,,,,,2024-07-29,241.88,196.23,174.18,228.55,213.79,180.54,,,38.87,,14,5,,2.8,
BUY,949,HWKN,2024-07-30,105.72,3166.39,,,167.38,,,,,,,2024-07-29,119.9,97.79,75.88,105.31,103.45,92.85,,,58.01,,644,5,,-0.9,
BUY,950,IESC,2024-07-30,143.69,2329.67,,,167.38,,,,,,,2024-07-29,154.69,145.49,113.18,139.98,145.33,140.85,,,36.67,,588,5,,0.2,
BUY,958,IRM,2024-07-30,94.59,3538.96,,,167.38,,,,,,,2024-07-29,100.89,88.55,72.11,94.05,92.68,86.21,93.42,92.42,39.91,1.08,616,5,2.7,0.0,2.3
BUY,952,MMM,2024-07-30,121.25,2760.83,,,167.38,,,,,,,2024-07-29,120.42,104.95,85.62,120.35,106.77,99.1,120.35,114.37,40.65,4.97,140,5,5.0,-0.0,0.0
BUY,947,ROOT,2024-07-30,66.95,4999.63,,,167.38,,,,,,,2024-07-29,56.37,59.95,37.46,66.95,69.9,57.34,,,50.46,,161,5,,-0.5,
BUY,951,SFM,2024-07-30,102.15,3277.05,,,167.38,,,,,,,2024-07-29,97.62,83.51,63.23,84.59,83.85,80.8,,,54.41,,630,5,,-0.7,
BUY,955,TMDX,2024-07-30,141.91,2358.89,,,167.38,,,,,,,2024-07-29,150.0,140.81,100.23,139.06,145.33,144.03,,,49.65,,217,5,,-0.5,
BUY,954,WLDN,2024-07-30,33.77,9911.19,,,167.38,,,,,,,2024-07-29,37.0,32.19,25.54,33.47,33.12,31.01,,,44.85,,147,5,,-0.2,
SELL,939,BFH,2024-07-30,52.69,6282.44,2024-07-23,49.24,154.67,165.51,21674.43,21508.92,6.95,5,rotation (out of top-N),2024-07-29,45.07,44.95,36.14,51.57,50.01,44.05,,,24.73,,189,4.95,,0.8,
SELL,944,ELVN,2024-07-30,26.62,13488.01,2024-07-23,22.93,154.67,179.56,49770.77,49591.21,16.03,5,rotation (out of top-N),2024-07-29,23.23,23.15,17.77,26.63,24.86,22.69,,,30.71,,133,5,,0.5,
SELL,941,HOV,2024-07-30,206.01,1630.16,2024-07-23,189.76,154.67,167.92,26490.12,26322.2,8.51,5,rotation (out of top-N),2024-07-29,185.74,168.69,146.44,207.0,192.37,158.39,,,26.84,,567,5,,0.7,
SELL,945,JXN,2024-07-30,82.08,3964.47,2024-07-23,78.03,154.67,162.7,16056.1,15893.4,5.14,5,rotation (out of top-N),2024-07-29,71.13,71.85,56.93,81.49,78.58,71.46,,,24.94,,322,4.99,,0.8,
SELL,920,LNTH,2024-07-30,111.62,3439.72,2024-07-09,78.61,135.2,191.97,113545.21,113353.24,41.92,15,rotation (out of top-N),2024-07-29,97.61,95.5,71.69,111.55,112.38,92.98,,,36.16,,84,5,,0.8,
SELL,946,MIRM,2024-07-30,42.59,7655.22,2024-07-23,40.41,154.67,163.02,16688.39,16525.37,5.34,5,rotation (out of top-N),2024-07-29,39.46,35.34,29.34,42.04,40.11,33.42,,,34.48,,28,5,,2.8,
SELL,934,MSTR,2024-07-30,168.57,1704.37,2024-07-16,161.1,137.29,143.65,12731.62,12587.96,4.58,10,rotation (out of top-N),2024-07-29,144.67,151.18,108.07,168.92,165.26,152.38,,,33.87,,539,5,,0.3,
SELL,940,PTGX,2024-07-30,38.86,8661.56,2024-07-23,35.72,154.67,168.29,27240.6,27072.31,8.75,5,rotation (out of top-N),2024-07-29,37.34,34.91,27.36,38.79,38.5,34.56,,,36.48,,203,5,,0.2,
SELL,902,ROOT,2024-07-30,66.95,5945.27,2024-06-18,44.63,132.68,199.03,132698.34,132499.31,49.93,28,ratchet-ATR exit,2024-07-29,56.37,59.95,37.46,66.95,69.9,57.34,,,50.46,,161,5,,-0.5,
SELL,898,TPC,2024-07-30,25.28,12148.78,2024-06-11,19.59,119.0,153.56,69126.53,68972.97,28.98,33,rotation (out of top-N),2024-07-29,17.34,21.21,14.18,24.95,24.72,22.24,,,22.3,,371,4.46,,0.9,
SELL,927,TWST,2024-07-30,58.0,5470.29,2024-07-09,49.43,135.2,158.64,46880.4,46721.76,17.28,15,rotation (out of top-N),2024-07-29,42.95,48.85,37.69,57.47,56.27,51.42,,,13.96,,259,2.79,,1.3,
SELL,937,USLM,2024-07-30,82.82,3762.44,2024-07-23,82.22,154.67,155.8,2257.46,2101.66,0.68,5,rotation (out of top-N),2024-07-29,77.92,74.05,57.75,81.52,80.65,72.69,,,34.92,,623,5,,0.3,
BUY,963,ACIW,2024-08-06,43.72,7081.88,,,154.79,,,,,,,2024-08-05,46.6,41.2,33.48,43.52,43.38,39.66,,,39.19,,252,5,,0.0,
BUY,966,ANAB,2024-08-06,22.02,14059.23,,,154.79,,,,,,,2024-08-05,22.06,20.02,15.64,21.6,22.76,19.25,,,41.05,,210,5,,-0.1,
BUY,967,CAVA,2024-08-06,81.12,3816.37,,,154.79,,,,,,,2024-08-05,90.32,84.5,63.33,79.81,81.85,87.48,,,42.62,,999,5,,-0.1,
BUY,962,FTAI,2024-08-06,95.91,3227.86,,,154.79,,,,,,,2024-08-05,102.73,96.77,67.28,95.36,103.64,98.23,,,52.69,,595,5,,-0.6,
BUY,968,ICUI,2024-08-06,120.45,2570.12,,,154.79,,,,,,,2024-08-05,152.69,125.34,104.28,119.67,124.87,121.0,,,46.43,,63,5,,0.6,
BUY,961,INSM,2024-08-06,71.84,4309.36,,,154.79,,,,,,,2024-08-05,73.98,66.53,38.36,71.21,73.38,69.9,,,92.85,,70,5,,-0.2,
BUY,964,PTGX,2024-08-06,35.09,8822.58,,,154.79,,,,,,,2024-08-05,38.72,35.6,27.91,35.7,37.58,35.33,,,38.73,,210,5,,0.1,
BUY,965,TPL,2024-08-06,253.91,1219.27,,,154.79,,,,,,,2024-08-05,271.23,249.66,196.02,251.09,264.55,253.74,251.09,241.42,38.37,3.85,119,5,4.5,0.1,0.4
BUY,960,UFPT,2024-08-06,305.68,1012.77,,,154.79,,,,,,,2024-08-05,308.86,293.49,223.4,296.88,314.84,289.6,,,38.26,,189,5,,0.1,
BUY,969,VIRT,2024-08-06,26.72,11586.23,,,154.79,,,,,,,2024-08-05,27.75,24.49,19.73,26.49,26.08,23.41,,,40.63,,154,5,,-0.0,
BUY,959,WGS,2024-08-06,28.94,10697.45,,,154.79,,,,,,,2024-08-05,32.72,28.91,13.42,28.15,31.27,29.81,,,143.78,,168,5,,-1,
SELL,932,ANAB,2024-08-06,22.02,12457.96,2024-07-16,22.04,137.29,137.16,-249.16,-386.32,-0.14,15,ratchet-ATR exit,2024-08-05,22.06,20.02,15.64,21.6,22.76,19.25,,,41.05,,210,5,,-0.1,
SELL,873,FTAI,2024-08-06,95.91,3069.74,2024-05-21,79.49,122.01,147.21,50405.13,50257.92,20.6,52,ratchet-ATR exit,2024-08-05,102.73,96.77,67.28,95.36,103.64,98.23,,,52.69,,595,5,,-0.6,
SELL,956,HIFS,2024-08-06,224.96,1396.07,2024-07-30,239.78,167.38,157.03,-20689.8,-20846.83,-6.23,5,rotation (out of top-N),2024-08-05,220.8,200.7,175.65,225.6,228.68,189.68,,,25.71,,21,5,,3.4,
SELL,881,INSM,2024-08-06,71.84,4082.47,2024-06-04,56.36,115.04,146.64,63196.65,63050.0,27.4,43,ratchet-ATR exit,2024-08-05,73.98,66.53,38.36,71.21,73.38,69.9,,,92.85,,70,5,,-0.2,
SELL,952,MMM,2024-08-06,118.68,2760.83,2024-07-30,121.25,167.38,163.83,-7095.33,-7259.15,-2.17,5,rotation (out of top-N),2024-08-05,119.37,107.57,86.86,119.84,115.79,102.34,119.84,116.83,37.42,2.51,147,5,3.5,0.1,1.3
SELL,943,PRAX,2024-08-06,53.94,5491.7,2024-07-23,56.33,154.67,148.1,-13152.63,-13300.72,-4.3,10,rotation (out of top-N),2024-08-05,50.8,50.33,41.29,53.39,55.92,47.27,,,23.03,,231,4.61,,0.8,
SELL,947,ROOT,2024-08-06,53.11,4999.63,2024-07-30,66.95,167.38,132.77,-69219.9,-69352.66,-20.72,5,rotation (out of top-N),2024-08-05,46.26,57.46,38.37,53.56,61.96,58.39,,,20.55,,168,4.11,,1.0,
SELL,931,SEI,2024-08-06,11.02,23112.24,2024-07-16,11.88,137.29,127.35,-19876.53,-20003.87,-7.29,15,rotation (out of top-N),2024-08-05,11.28,10.51,8.41,11.06,11.93,9.98,,,34.05,,91,5,,0.8,
SELL,928,UFPT,2024-08-06,305.68,877.12,2024-07-16,313.04,137.29,134.06,-6455.6,-6589.66,-2.4,15,ratchet-ATR exit,2024-08-05,308.86,293.49,223.4,296.88,314.84,289.6,,,38.26,,189,5,,0.1,
SELL,787,WGS,2024-08-06,28.94,15780.33,2024-02-27,8.31,65.57,228.34,325548.21,325319.87,248.08,111,ratchet-ATR exit,2024-08-05,32.72,28.91,13.42,28.15,31.27,29.81,,,143.78,,168,5,,-1,
SELL,954,WLDN,2024-08-06,36.51,9911.19,2024-07-30,33.77,167.38,180.93,27107.1,26926.17,8.04,5,rotation (out of top-N),2024-08-05,35.88,32.86,25.98,36.3,34.34,31.33,,,38.1,,154,5,,0.1,
BUY,972,CRUS,2024-08-13,134.32,2538.35,,,170.48,,,,,,,2024-08-12,141.43,127.44,99.55,132.1,127.17,129.45,,,42.07,,224,5,,-0.1,
BUY,974,NVDA,2024-08-13,112.38,3033.91,,,170.48,,,,,,,2024-08-12,124.49,114.92,86.15,109.01,107.07,119.83,108.88,105.14,44.5,3.43,574,5,4.5,-0.2,0.7
BUY,975,PLTR,2024-08-13,29.67,11491.44,,,170.48,,,,,,,2024-08-12,32.06,27.37,22.44,29.36,27.74,26.71,29.33,28.49,42.84,2.88,490,5,4.1,-0.1,1.1
BUY,973,SE,2024-08-13,70.28,4851.67,,,170.48,,,,,,,2024-08-12,78.82,69.23,55.39,66.9,63.97,69.39,,,42.3,,161,5,,-0.1,
BUY,971,STRT,2024-08-13,35.43,9623.23,,,170.48,,,,,,,2024-08-12,39.54,28.36,24.91,34.21,26.52,25.03,,,58.74,,91,5,,-0.5,
BUY,970,WLFC,2024-08-13,30.24,11274.84,,,170.48,,,,,,,2024-08-12,32.81,26.83,18.83,30.24,29.82,25.01,,,74.25,,231,5,,-1,
BUY,976,YOU,2024-08-13,25.64,13297.63,,,170.48,,,,,,,2024-08-12,27.01,20.9,18.72,25.01,22.54,19.43,,,44.27,,21,5,,2.4,
SELL,963,ACIW,2024-08-13,45.98,7081.88,2024-08-06,43.72,154.79,162.79,16005.04,15842.24,5.12,5,rotation (out of top-N),2024-08-12,47.51,42.35,34.02,45.63,45.02,41.04,,,39.67,,259,5,,0.0,
SELL,966,ANAB,2024-08-13,22.96,14059.23,2024-08-06,22.02,154.79,161.4,13215.67,13054.27,4.22,5,rotation (out of top-N),2024-08-12,22.66,20.5,15.97,22.46,22.29,20.0,,,41.91,,217,5,,-0.1,
SELL,953,COKE,2024-08-13,123.35,3042.36,2024-07-30,110.03,167.38,187.64,40524.17,40336.53,12.05,10,rotation (out of top-N),2024-08-12,124.42,112.46,90.93,123.86,120.75,109.33,,,36.84,,560,5,,0.2,
SELL,958,IRM,2024-08-13,103.45,3538.96,2024-07-30,94.59,167.38,183.05,31355.2,31172.14,9.31,10,rotation (out of top-N),2024-08-12,102.4,93.15,74.44,102.75,100.0,91.46,102.05,100.66,37.55,1.36,630,5,2.8,0.1,2.1
SELL,965,TPL,2024-08-13,271.15,1219.27,2024-08-06,253.91,154.79,165.3,21020.17,20854.87,6.74,5,rotation (out of top-N),2024-08-12,272.39,253.79,198.42,273.91,266.61,257.57,273.91,267.36,37.28,2.39,126,5,3.5,0.1,1.4
SELL,969,VIRT,2024-08-13,27.36,11586.23,2024-08-06,26.72,154.79,158.5,7415.19,7256.69,2.34,5,rotation (out of top-N),2024-08-12,28.17,25.16,20.04,27.4,26.69,23.97,,,40.57,,161,5,,-0.0,
SELL,936,WLFC,2024-08-13,30.24,11573.05,2024-07-23,26.73,154.67,174.98,40621.4,40446.41,13.07,15,ratchet-ATR exit,2024-08-12,32.81,26.83,18.83,30.24,29.82,25.01,,,74.25,,231,5,,-1,
BUY,981,ANAB,2024-08-20,24.25,14709.28,,,178.35,,,,,,,2024-08-19,25.14,21.35,16.35,24.3,22.7,20.9,,,53.77,,224,5,,-0.7,
BUY,982,COOK,2024-08-20,163.0,2188.34,,,178.35,,,,,,,2024-08-19,178.75,136.38,119.44,167.5,143.96,123.05,,,49.66,,28,5,,2.1,
BUY,978,CRDO,2024-08-20,31.67,11263.03,,,178.35,,,,,,,2024-08-19,36.43,29.49,23.07,31.78,29.03,29.35,,,57.94,,434,5,,-0.9,
BUY,979,HOV,2024-08-20,195.3,1826.42,,,178.35,,,,,,,2024-08-19,229.15,184.86,155.12,196.47,187.99,172.49,,,47.73,,588,5,,-0.4,
BUY,983,ORKA,2024-08-20,23.36,15269.7,,,178.35,,,,,,,2024-08-19,26.91,21.48,16.57,23.1,19.42,20.87,,,62.37,,140,5,,-1,
BUY,980,RKLB,2024-08-20,7.22,49370.26,,,178.35,,,,,,,2024-08-19,6.96,5.58,4.69,7.18,5.79,5.19,,,48.44,,56,5,,1.6,
BUY,977,TPC,2024-08-20,21.98,16228.39,,,178.35,,,,,,,2024-08-19,22.77,21.17,15.17,22.03,20.52,22.08,,,50.05,,392,5,,-0.5,
SELL,972,CRUS,2024-08-20,140.44,2538.35,2024-08-13,134.32,170.48,178.25,15547.39,15369.14,4.51,5,rotation (out of top-N),2024-08-19,144.55,130.55,101.27,140.46,135.33,131.26,,,42.74,,231,5,,-0.1,
SELL,974,NVDA,2024-08-20,128.34,3033.91,2024-08-13,112.38,170.48,194.69,48421.25,48226.56,14.14,5,rotation (out of top-N),2024-08-19,129.22,117.52,88.15,129.94,117.55,118.71,129.79,127.48,46.59,1.78,581,5,3.5,-0.3,1.8
SELL,975,PLTR,2024-08-20,32.49,11491.44,2024-08-13,29.67,170.48,186.68,32405.87,32219.19,9.45,5,rotation (out of top-N),2024-08-19,31.76,28.17,22.73,32.48,30.21,27.54,32.48,31.59,39.75,2.74,497,5,3.8,0.0,1.2
SELL,964,PTGX,2024-08-20,41.95,8822.58,2024-08-06,35.09,154.79,185.05,60522.87,60337.82,19.49,10,rotation (out of top-N),2024-08-19,41.69,37.57,29.18,41.87,39.93,36.85,,,42.87,,224,5,,-0.1,
SELL,951,SFM,2024-08-20,99.12,3277.05,2024-07-30,102.15,167.38,162.42,-9913.07,-10075.49,-3.01,15,rotation (out of top-N),2024-08-19,97.9,89.93,67.45,98.89,96.59,88.19,,,45.14,,651,5,,-0.3,
SELL,960,UFPT,2024-08-20,328.64,1012.77,2024-08-06,305.68,154.79,166.42,23258.31,23091.89,7.46,10,rotation (out of top-N),2024-08-19,333.0,305.65,232.49,328.09,318.15,304.69,,,43.23,,203,5,,-0.2,
SELL,976,YOU,2024-08-20,26.41,13297.63,2024-08-13,25.64,170.48,175.6,10239.17,10063.58,2.95,5,rotation (out of top-N),2024-08-19,27.46,22.09,18.95,26.52,25.08,20.53,,,44.87,,28,5,,2.3,
BUY,984,BFH,2024-08-27,54.61,6883.39,,,187.95,,,,,,,2024-08-26,56.82,50.11,38.84,54.99,52.98,48.96,,,46.3,,217,5,,-0.3,
BUY,987,HALO,2024-08-27,62.45,6018.76,,,187.95,,,,,,,2024-08-26,63.86,56.75,44.21,62.17,60.4,55.55,,,44.46,,175,5,,-0.2,
BUY,985,SFM,2024-08-27,100.69,3733.07,,,187.95,,,,,,,2024-08-26,104.03,92.49,69.0,101.05,97.78,90.16,,,50.75,,658,5,,-0.5,
BUY,986,SMTC,2024-08-27,36.53,10288.81,,,187.95,,,,,,,2024-08-26,43.85,35.28,28.59,37.03,35.32,32.98,,,53.38,,154,5,,-0.7,
BUY,988,YOU,2024-08-27,27.47,13684.08,,,187.95,,,,,,,2024-08-26,29.06,23.36,19.21,27.59,26.4,21.67,,,51.28,,35,5,,1.9,
SELL,957,ALNY,2024-08-27,268.17,1416.54,2024-07-30,236.31,167.38,189.94,45123.97,44934.04,13.42,20,rotation (out of top-N),2024-08-26,262.69,247.51,186.04,269.16,271.3,256.02,,,41.2,,63,5,,0.9,
SELL,979,HOV,2024-08-27,224.59,1826.42,2024-08-20,195.3,178.35,205.09,53486.75,53281.66,14.94,5,rotation (out of top-N),2024-08-26,216.45,190.61,158.27,233.5,211.45,182.62,,,36.76,,595,5,,0.2,
SELL,980,RKLB,2024-08-27,6.58,49370.26,2024-08-20,7.22,178.35,162.55,-31596.96,-31759.52,-8.9,5,rotation (out of top-N),2024-08-26,6.28,5.71,4.74,6.74,6.45,5.45,,,32.59,,63,5,,1.3,
SELL,973,SE,2024-08-27,82.3,4851.67,2024-08-13,70.28,170.48,199.65,58341.33,58141.69,17.05,10,rotation (out of top-N),2024-08-26,78.34,72.96,57.58,82.82,79.24,70.79,,,36.05,,175,5,,0.2,
SELL,971,STRT,2024-08-27,38.0,9623.23,2024-08-13,35.43,170.48,182.84,24731.71,24548.86,7.2,10,rotation (out of top-N),2024-08-26,35.41,31.22,25.6,37.59,37.04,28.48,,,38.31,,105,5,,0.3,
BUY,999,AGX,2024-09-10,89.47,4084.55,,,182.72,,,,,,,2024-09-09,89.72,78.15,60.53,92.08,78.76,74.1,,,48.21,,616,5,,-0.4,
BUY,998,APP,2024-09-10,88.03,4151.13,,,182.72,,,,,,,2024-09-09,112.59,89.03,69.71,86.28,87.52,82.2,86.28,83.21,61.5,3.56,490,5,5.4,-1,0.6
BUY,1001,ASTS,2024-09-10,26.43,13824.28,,,182.72,,,,,,,2024-09-09,29.83,23.9,9.43,25.95,28.8,23.32,,,216.23,,105,5,,-0.8,
BUY,990,BMA,2024-09-10,59.2,6173.05,,,182.72,,,,,,,2024-09-09,62.82,53.35,41.79,59.35,55.93,49.69,,,50.33,,630,5,,-0.5,
BUY,991,BOOT,2024-09-10,153.5,2380.75,,,182.72,,,,,,,2024-09-09,154.59,135.43,106.31,139.62,136.86,131.1,,,45.41,,203,5,,-0.3,
BUY,997,CRS,2024-09-10,135.93,2688.48,,,182.72,,,,,,,2024-09-09,141.38,132.76,94.04,136.66,137.2,135.32,,,50.34,,679,5,,-0.5,
BUY,1007,CVNA,2024-09-10,26.89,13590.36,,,182.72,,,,,,,2024-09-09,28.36,27.76,19.24,27.09,28.77,28.21,27.09,26.23,47.38,3.18,462,5,4.5,-0.4,0.9
BUY,993,ECHO,2024-09-10,21.65,16879.67,,,182.72,,,,,,,2024-09-09,24.29,20.14,16.45,21.67,20.16,19.18,,,47.63,,133,5,,-0.4,
BUY,1002,EMBJ,2024-09-10,34.02,10742.06,,,182.72,,,,,,,2024-09-09,36.59,31.94,25.08,34.05,33.5,30.87,,,45.89,,301,5,,-0.3,
BUY,995,FTAI,2024-09-10,112.21,3256.79,,,182.72,,,,,,,2024-09-09,123.33,110.8,76.95,111.23,115.63,108.99,,,60.26,,630,5,,-1,
BUY,994,INSM,2024-09-10,71.39,5118.63,,,182.72,,,,,,,2024-09-09,74.61,71.89,44.62,71.8,74.0,74.9,,,67.22,,105,5,,-0.8,
BUY,992,NUTX,2024-09-10,20.85,17527.33,,,182.72,,,,,,,2024-09-09,24.98,16.15,14.44,20.85,21.13,13.35,,,73.0,,0,5,,2.0,
BUY,1005,PCVX,2024-09-10,115.86,3154.06,,,182.72,,,,,,,2024-09-09,116.01,90.08,72.86,114.97,99.97,83.38,,,59.23,,791,5,,-1.0,
BUY,1006,PLTR,2024-09-10,34.9,10471.2,,,182.72,,,,,,,2024-09-09,35.59,30.25,23.73,34.59,31.39,29.34,34.59,33.19,49.99,4.05,518,5,5.2,-0.5,0.3
BUY,1000,PTGX,2024-09-10,44.62,8190.16,,,182.72,,,,,,,2024-09-09,47.05,40.53,31.06,44.61,42.3,39.69,,,51.45,,245,5,,-0.6,
BUY,1004,RKLB,2024-09-10,6.16,59325.45,,,182.72,,,,,,,2024-09-09,7.46,6.04,4.84,6.14,6.16,5.71,,,54.22,,77,5,,0.0,
BUY,996,TVTX,2024-09-10,13.1,27896.55,,,182.72,,,,,,,2024-09-09,13.48,9.97,8.2,12.85,10.29,9.4,,,64.46,,63,5,,-0.0,
BUY,1003,UI,2024-09-10,189.35,1930.0,,,182.72,,,,,,,2024-09-09,200.57,178.39,138.49,189.73,188.01,176.32,,,44.83,,105,5,,0.0,
BUY,989,WLFC,2024-09-10,34.18,10691.77,,,182.72,,,,,,,2024-09-09,36.9,31.41,20.86,32.62,33.79,30.85,,,76.94,,259,5,,-1,
SELL,883,ASTS,2024-09-10,26.43,27654.81,2024-06-04,8.32,115.04,365.53,500966.95,500601.42,217.57,67,ratchet-ATR exit,2024-09-09,29.83,23.9,9.43,25.95,28.8,23.32,,,216.23,,105,5,,-0.8,
SELL,984,BFH,2024-09-10,51.47,6883.39,2024-08-27,54.61,187.95,177.14,-21613.83,-21790.97,-5.8,9,rotation (out of top-N),2024-09-09,46.96,50.14,39.93,52.69,54.63,51.43,,,17.61,,231,3.52,,1.1,
SELL,982,COOK,2024-09-10,164.5,2188.34,2024-08-20,163.0,178.35,179.99,3282.52,3102.52,0.87,14,rotation (out of top-N),2024-09-09,174.5,153.67,123.92,167.75,172.75,145.16,,,40.81,,49,5,,2.1,
SELL,978,CRDO,2024-09-10,24.73,11263.03,2024-08-20,31.67,178.35,139.3,-78109.1,-78248.4,-21.94,14,rotation (out of top-N),2024-09-09,28.52,29.21,23.86,24.24,29.45,29.88,,,19.53,,455,3.91,,1.0,
SELL,929,CRS,2024-09-10,135.93,2344.78,2024-07-16,117.1,137.29,159.36,44152.15,43992.79,16.02,39,ratchet-ATR exit,2024-09-09,141.38,132.76,94.04,136.66,137.2,135.32,,,50.34,,679,5,,-0.5,
SELL,948,CVLT,2024-09-10,143.72,2502.81,2024-07-30,133.75,167.38,179.86,24965.49,24785.63,7.4,29,rotation (out of top-N),2024-09-09,147.66,140.57,108.99,142.69,147.31,141.37,,,35.48,,490,5,,0.2,
SELL,893,CVNA,2024-09-10,26.89,11661.84,2024-06-04,19.73,115.04,156.79,83498.75,83341.96,36.22,67,ratchet-ATR exit,2024-09-09,28.36,27.76,19.24,27.09,28.77,28.21,27.09,26.23,47.38,3.18,462,5,4.5,-0.4,0.9
SELL,962,FTAI,2024-09-10,112.21,3227.86,2024-08-06,95.91,154.79,181.1,52614.14,52433.04,16.94,24,ratchet-ATR exit,2024-09-09,123.33,110.8,76.95,111.23,115.63,108.99,,,60.26,,630,5,,-1,
SELL,987,HALO,2024-09-10,59.21,6018.76,2024-08-27,62.45,187.95,178.19,-19530.88,-19709.06,-5.24,9,rotation (out of top-N),2024-09-09,62.31,58.13,45.25,59.24,61.03,57.72,,,37.69,,189,5,,0.1,
SELL,949,HWKN,2024-09-10,113.14,3166.39,2024-07-30,105.72,167.38,179.12,23494.58,23315.46,6.97,29,rotation (out of top-N),2024-09-09,118.78,112.75,84.62,112.37,118.25,114.19,,,40.37,,686,5,,-0.0,
SELL,950,IESC,2024-09-10,146.0,2329.67,2024-07-30,143.69,167.38,170.07,5381.54,5211.47,1.56,29,rotation (out of top-N),2024-09-09,160.86,161.26,128.33,144.77,161.33,160.97,,,25.35,,630,5,,0.7,
SELL,942,INOD,2024-09-10,14.25,17656.82,2024-07-23,17.52,154.67,125.8,-57737.82,-57863.62,-18.71,34,rotation (out of top-N),2024-09-09,15.69,16.26,11.41,14.29,15.94,17.64,,,37.51,,112,5,,0.3,
SELL,961,INSM,2024-09-10,71.39,4309.36,2024-08-06,71.84,154.79,153.83,-1917.66,-2071.5,-0.67,24,ratchet-ATR exit,2024-09-09,74.61,71.89,44.62,71.8,74.0,74.9,,,67.22,,105,5,,-0.8,
SELL,983,ORKA,2024-09-10,27.27,15269.7,2024-08-20,23.36,178.35,208.2,59704.51,59496.31,16.68,14,rotation (out of top-N),2024-09-09,25.0,23.59,17.65,26.82,25.95,22.01,,,41.69,,161,5,,-0.1,
SELL,985,SFM,2024-09-10,99.45,3733.07,2024-08-27,100.69,187.95,185.64,-4629.01,-4814.65,-1.28,9,rotation (out of top-N),2024-09-09,102.07,95.19,71.78,100.1,99.78,94.33,,,42.2,,672,5,,-0.1,
SELL,986,SMTC,2024-09-10,40.1,10288.81,2024-08-27,36.53,187.95,206.29,36679.61,36473.32,9.7,9,rotation (out of top-N),2024-09-09,41.62,37.05,29.7,40.08,40.31,34.7,,,40.13,,168,5,,-0.0,
SELL,938,THC,2024-09-10,153.5,2245.64,2024-07-23,137.75,154.67,172.35,35357.54,35185.18,11.37,34,rotation (out of top-N),2024-09-09,162.27,152.23,115.7,153.16,158.96,151.02,,,40.26,,259,5,,-0.0,
SELL,955,TMDX,2024-09-10,138.6,2358.89,2024-07-30,141.91,167.38,163.48,-7796.14,-7959.61,-2.38,29,rotation (out of top-N),2024-09-09,151.49,153.25,114.77,139.33,153.58,155.99,,,32.0,,259,5,,0.4,
SELL,970,WLFC,2024-09-10,34.18,11274.84,2024-08-13,30.24,170.48,192.69,44422.86,44230.18,12.97,19,ratchet-ATR exit,2024-09-09,36.9,31.41,20.86,32.62,33.79,30.85,,,76.94,,259,5,,-1,
BUY,1008,LMB,2024-09-17,73.3,5200.12,,,190.58,,,,,,,2024-09-16,80.03,65.63,51.58,71.95,67.72,62.16,,,55.15,,714,5,,-0.8,
BUY,1009,SMTC,2024-09-17,40.74,9356.14,,,190.58,,,,,,,2024-09-16,45.99,38.67,30.29,40.05,40.45,35.51,,,51.84,,175,5,,-0.6,
BUY,1010,VST,2024-09-17,89.52,4257.92,,,190.58,,,,,,,2024-09-16,106.77,85.27,69.8,88.45,80.73,77.61,88.33,85.71,52.96,2.97,553,5,4.6,-0.6,1.0
SELL,981,ANAB,2024-09-17,25.98,14709.28,2024-08-20,24.25,178.35,191.07,25447.06,25255.99,7.08,19,rotation (out of top-N),2024-09-16,25.64,23.64,17.81,25.78,24.94,23.8,,,43.98,,252,5,,-0.2,
SELL,1002,EMBJ,2024-09-17,35.21,10742.06,2024-09-10,34.02,182.72,189.11,12783.05,12593.93,3.45,5,rotation (out of top-N),2024-09-16,34.75,32.45,25.47,35.08,34.64,31.58,,,36.42,,308,5,,0.2,
SELL,1000,PTGX,2024-09-17,46.49,8190.16,2024-09-10,44.62,182.72,190.4,15356.54,15166.14,4.15,5,rotation (out of top-N),2024-09-16,47.32,41.77,31.72,46.24,44.59,40.86,,,49.18,,252,5,,-0.5,
BUY,1016,COOK,2024-09-24,187.5,2174.59,,,203.87,,,,,,,2024-09-23,192.0,165.56,126.56,183.75,178.91,158.83,,,51.7,,63,5,,0.4,
BUY,1015,CORT,2024-09-24,43.16,9445.96,,,203.87,,,,,,,2024-09-23,43.92,37.35,28.91,42.95,39.74,35.91,,,51.94,,119,5,,-0.6,
BUY,1012,MNPR,2024-09-24,4.44,91832.17,,,203.87,,,,,,,2024-09-23,6.71,3.93,3.27,4.34,3.89,3.0,,,105.46,,7,5,,1.9,
BUY,1014,PI,2024-09-24,208.46,1955.94,,,203.87,,,,,,,2024-09-23,213.93,178.45,140.29,208.21,191.84,165.64,,,52.49,,259,5,,-0.6,
BUY,1013,SE,2024-09-24,92.48,4408.66,,,203.87,,,,,,,2024-09-23,94.23,80.15,62.24,90.61,83.29,75.7,,,51.39,,203,5,,-0.6,
BUY,1011,SN,2024-09-24,106.52,3827.96,,,203.87,,,,,,,2024-09-23,106.0,94.46,70.36,104.86,102.95,91.16,,,50.64,,999,5,,-0.5,
SELL,990,BMA,2024-09-24,66.63,6173.05,2024-09-10,59.2,182.72,205.66,45865.79,45660.13,12.49,10,rotation (out of top-N),2024-09-23,62.0,57.25,43.88,67.1,64.55,53.92,,,41.28,,644,5,,-0.1,
SELL,991,BOOT,2024-09-24,164.75,2380.75,2024-09-10,153.5,182.72,196.12,26795.32,26599.2,7.28,10,rotation (out of top-N),2024-09-23,165.16,145.63,110.77,164.51,157.68,139.57,,,49.1,,217,5,,-0.5,
SELL,968,ICUI,2024-09-24,174.64,2570.12,2024-08-06,120.45,154.79,224.42,139262.12,139037.7,44.91,34,rotation (out of top-N),2024-09-23,175.11,159.85,118.11,175.12,174.55,156.08,,,48.26,,112,5,,-0.3,
SELL,1008,LMB,2024-09-24,76.14,5200.12,2024-09-17,73.3,190.58,197.97,14768.35,14570.38,3.82,5,rotation (out of top-N),2024-09-23,74.85,67.31,52.34,76.4,73.4,63.96,,,43.01,,721,5,,-0.2,
SELL,992,NUTX,2024-09-24,22.98,17527.33,2024-09-10,20.85,182.72,201.39,37333.21,37131.82,10.16,10,rotation (out of top-N),2024-09-23,19.04,17.9,14.06,22.54,23.58,17.57,,,35.4,,14,5,,3.0,
SELL,1006,PLTR,2024-09-24,37.93,10471.2,2024-09-10,34.9,182.72,198.59,31727.73,31529.14,8.63,10,rotation (out of top-N),2024-09-23,36.85,32.48,24.69,37.93,35.96,31.36,37.93,37.18,49.25,1.98,532,5,3.8,-0.5,1.7
BUY,1021,CEG,2024-10-01,256.38,1674.31,,,214.63,,,,,,,2024-09-30,282.65,223.38,183.08,257.24,240.13,198.97,257.24,250.56,54.39,2.6,476,5,4.4,-0.7,1.3
BUY,1019,FUTU,2024-10-01,92.38,4646.66,,,214.63,,,,,,,2024-09-30,123.16,74.78,60.51,92.09,73.76,60.9,,,103.55,,175,5,,-1,
BUY,1022,LEU,2024-10-01,55.37,7752.55,,,214.63,,,,,,,2024-09-30,67.79,48.19,44.61,55.03,50.5,40.99,,,51.95,,0,5,,2.4,
BUY,1017,NUTX,2024-10-01,21.72,19763.3,,,214.63,,,,,,,2024-09-30,21.69,18.59,13.93,19.04,20.58,18.93,,,55.72,,21,5,,1.9,
BUY,1020,PDEX,2024-10-01,30.51,14069.45,,,214.63,,,,,,,2024-09-30,31.34,25.24,20.2,29.02,27.63,23.14,,,55.09,,287,5,,-0.8,
BUY,1023,PLTR,2024-10-01,37.25,11523.73,,,214.63,,,,,,,2024-09-30,40.01,33.85,25.26,37.21,36.65,32.71,37.21,36.5,58.38,1.9,539,5,4.2,-0.9,1.7
BUY,1018,POWL,2024-10-01,72.88,5889.94,,,214.63,,,,,,,2024-09-30,80.41,63.02,50.46,73.56,68.32,58.12,,,59.35,,700,5,,-1.0,
SELL,1016,COOK,2024-10-01,185.0,2174.59,2024-09-24,187.5,203.87,201.15,-5436.46,-5637.61,-1.38,5,rotation (out of top-N),2024-09-30,174.0,167.09,127.49,183.5,182.44,166.64,,,36.48,,70,5,,1.0,
SELL,993,ECHO,2024-10-01,24.27,16879.67,2024-09-10,21.65,182.72,204.88,44309.12,44104.25,12.07,15,rotation (out of top-N),2024-09-30,23.27,22.6,17.28,24.81,25.49,21.15,,,34.66,,154,5,,0.3,
SELL,1012,MNPR,2024-10-01,6.14,91832.17,2024-09-24,4.44,203.87,281.92,156114.68,155832.76,38.22,5,rotation (out of top-N),2024-09-30,4.71,4.07,3.34,6.75,5.22,3.26,,,40.99,,14,5,,2.7,
SELL,1005,PCVX,2024-10-01,113.93,3154.06,2024-09-10,115.86,182.72,179.67,-6103.1,-6282.77,-1.72,15,rotation (out of top-N),2024-09-30,111.24,100.44,76.75,114.28,113.32,95.7,,,44.95,,812,5,,-0.2,
SELL,1013,SE,2024-10-01,94.25,4408.66,2024-09-24,92.48,203.87,207.76,7781.28,7573.52,1.86,5,rotation (out of top-N),2024-09-30,95.97,83.03,63.63,94.3,90.17,79.43,,,50.83,,210,5,,-0.5,
SELL,1009,SMTC,2024-10-01,45.48,9356.14,2024-09-17,40.74,190.58,212.74,44301.31,44088.58,11.57,10,rotation (out of top-N),2024-09-30,41.71,40.37,31.38,45.65,45.53,39.16,,,32.9,,189,5,,0.4,
SELL,988,YOU,2024-10-01,31.45,13684.08,2024-08-27,27.47,187.95,215.18,54462.64,54247.45,14.43,24,rotation (out of top-N),2024-09-30,29.86,27.59,20.4,31.79,30.98,27.96,,,46.35,,70,5,,0.5,
BUY,1026,ASTS,2024-10-08,24.48,16744.89,,,205.0,,,,,,,2024-10-07,24.16,24.7,11.42,24.9,25.17,28.01,,,111.55,,133,5,,-1,
BUY,1029,COHR,2024-10-08,95.47,4294.3,,,205.0,,,,,,,2024-10-07,104.64,85.28,65.82,95.12,91.16,80.19,95.12,92.35,58.98,2.91,294,5,4.9,-0.9,1.1
BUY,1025,IESC,2024-10-08,213.58,1919.65,,,205.0,,,,,,,2024-10-07,219.57,185.6,140.51,212.15,198.77,177.04,,,56.27,,658,5,,-0.8,
BUY,1024,MNPR,2024-10-08,5.21,78694.54,,,205.0,,,,,,,2024-10-07,5.49,4.33,3.42,5.11,5.0,3.51,,,60.34,,21,5,,1.7,
BUY,1031,MSTR,2024-10-08,185.95,2204.89,,,205.0,,,,,,,2024-10-07,212.55,162.97,132.11,185.96,166.51,142.02,,,60.89,,609,5,,-1,
BUY,1028,SE,2024-10-08,92.85,4415.71,,,205.0,,,,,,,2024-10-07,99.25,85.98,65.16,95.14,93.65,83.69,,,52.32,,217,5,,-0.6,
BUY,1027,TPL,2024-10-08,314.98,1301.67,,,205.0,,,,,,,2024-10-07,349.69,296.9,222.91,326.31,308.93,284.65,326.31,320.61,56.87,1.75,182,5,4.0,-0.8,1.8
BUY,1030,YOU,2024-10-08,29.76,13776.83,,,205.0,,,,,,,2024-10-07,32.79,28.54,20.72,29.6,30.12,28.82,,,58.24,,77,5,,-0.2,
SELL,1001,ASTS,2024-10-08,24.48,13824.28,2024-09-10,26.43,182.72,169.24,-26957.34,-27126.58,-7.42,20,ratchet-ATR exit,2024-10-07,24.16,24.7,11.42,24.9,25.17,28.01,,,111.55,,133,5,,-1,
SELL,1021,CEG,2024-10-08,275.23,1674.31,2024-10-01,256.38,214.63,230.41,31560.68,31330.27,7.3,5,rotation (out of top-N),2024-10-07,263.48,230.67,186.8,275.67,261.22,210.51,275.67,268.78,41.05,2.5,483,5,3.7,-0.1,1.3
SELL,994,INSM,2024-10-08,71.4,5118.63,2024-09-10,71.39,182.72,182.74,25.59,-157.14,-0.04,20,rotation (out of top-N),2024-10-07,74.55,72.73,48.99,70.44,72.22,74.18,,,52.18,,133,5,,-0.6,
SELL,1022,LEU,2024-10-08,63.06,7752.55,2024-10-01,55.37,214.63,244.44,59617.12,59372.69,13.83,5,rotation (out of top-N),2024-10-07,59.39,50.23,44.84,64.61,59.53,44.15,,,32.44,,7,5,,3.3,
SELL,1017,NUTX,2024-10-08,19.67,19763.3,2024-10-01,21.72,214.63,194.37,-40514.76,-40709.13,-9.48,5,rotation (out of top-N),2024-10-07,20.4,18.92,13.65,20.43,20.95,20.66,,,49.47,,28,5,,2.1,
SELL,1020,PDEX,2024-10-08,27.61,14069.45,2024-10-01,30.51,214.63,194.26,-40731.05,-40925.31,-9.53,5,rotation (out of top-N),2024-10-07,28.79,25.88,20.44,31.34,29.93,24.69,,,40.8,,294,5,,-0.0,
SELL,1011,SN,2024-10-08,108.06,3827.96,2024-09-24,106.52,203.87,206.82,5914.19,5707.37,1.4,10,rotation (out of top-N),2024-10-07,107.3,99.07,73.28,108.31,107.44,98.69,,,46.42,,999,5,,-0.3,
SELL,977,TPC,2024-10-08,26.94,16228.39,2024-08-20,21.98,178.35,218.6,80492.83,80274.24,22.5,34,rotation (out of top-N),2024-10-07,26.68,24.61,18.05,26.78,26.49,23.58,,,47.81,,441,5,,-0.4,
BUY,1035,DRUG,2024-10-15,2.68,164775.2,,,220.8,,,,,,,2024-10-14,49.99,10.02,2.5,2.64,1.4,1.19,,,1896.21,,0,5,,2.0,
BUY,1034,LEU,2024-10-15,61.22,7213.29,,,220.8,,,,,,,2024-10-14,98.12,58.94,45.93,59.02,59.78,47.02,,,113.63,,14,5,,1.8,
BUY,1032,NUTX,2024-10-15,19.92,22168.55,,,220.8,,,,,,,2024-10-14,22.26,19.53,13.41,19.34,20.04,21.45,,,66.01,,35,5,,1.4,
BUY,1036,ORKA,2024-10-15,27.35,16146.16,,,220.8,,,,,,,2024-10-14,29.86,25.28,19.49,27.54,26.25,25.62,,,53.17,,196,5,,-0.7,
BUY,1033,UAL,2024-10-15,64.39,6858.17,,,220.8,,,,,,,2024-10-14,74.14,56.73,48.28,63.52,59.59,50.88,63.52,62.47,53.57,1.66,35,5,5.2,1.7,3.3
SELL,1029,COHR,2024-10-15,102.79,4294.3,2024-10-08,95.47,205.0,220.71,31412.82,31192.12,7.61,5,rotation (out of top-N),2024-10-14,98.23,87.64,67.23,102.51,97.49,84.04,102.51,99.87,46.11,2.57,301,5,4.0,-0.3,1.3
SELL,997,CRS,2024-10-15,153.62,2688.48,2024-09-10,135.93,182.72,206.5,47559.17,47352.67,12.96,25,rotation (out of top-N),2024-10-14,157.47,149.02,105.35,156.29,158.42,147.94,,,49.47,,714,5,,-0.5,
SELL,1019,FUTU,2024-10-15,97.15,4646.66,2024-10-01,92.38,214.63,225.71,22164.59,21938.87,5.11,10,rotation (out of top-N),2024-10-14,89.76,82.27,63.03,102.38,103.73,74.28,,,42.41,,189,5,,-0.1,
SELL,1014,PI,2024-10-15,235.84,1955.94,2024-09-24,208.46,203.87,230.64,53543.8,53313.16,13.08,15,rotation (out of top-N),2024-10-14,218.29,199.04,150.83,238.64,225.41,191.74,,,44.73,,280,5,,-0.2,
SELL,1028,SE,2024-10-15,99.97,4415.71,2024-10-08,92.85,205.0,220.72,31439.85,31219.13,7.61,5,rotation (out of top-N),2024-10-14,98.92,88.33,66.74,100.21,96.36,86.45,,,48.22,,224,5,,-0.4,
BUY,1037,BMA,2024-10-22,67.34,7314.89,,,246.29,,,,,,,2024-10-21,73.98,64.01,48.44,67.88,66.89,62.0,,,52.72,,672,5,,-0.6,
BUY,1040,EAT,2024-10-22,93.73,5255.36,,,246.29,,,,,,,2024-10-21,94.86,81.15,62.09,93.73,88.29,77.66,,,52.78,,315,5,,-0.6,
BUY,1038,FLXS,2024-10-22,48.34,10190.01,,,246.29,,,,,,,2024-10-21,55.17,42.88,35.6,41.69,41.62,40.83,,,54.97,,301,5,,-0.7,
BUY,1039,INOD,2024-10-22,19.69,25017.01,,,246.29,,,,,,,2024-10-21,20.32,17.16,12.71,19.62,17.58,16.05,,,59.88,,154,5,,-1.0,
SELL,1025,IESC,2024-10-22,227.87,1919.65,2024-10-08,213.58,205.0,218.72,27431.78,27213.06,6.64,10,rotation (out of top-N),2024-10-21,207.59,196.02,147.35,228.65,221.21,188.77,,,40.88,,672,5,,-0.0,
SELL,1036,ORKA,2024-10-22,30.0,16146.16,2024-10-15,27.35,220.8,242.19,42787.33,42545.14,9.63,5,rotation (out of top-N),2024-10-21,27.99,25.77,19.93,30.0,28.16,26.17,,,40.43,,203,5,,-0.0,
SELL,1033,UAL,2024-10-22,73.96,6858.17,2024-10-15,64.39,220.8,253.62,65632.68,65379.07,14.81,5,rotation (out of top-N),2024-10-21,74.62,59.98,49.17,73.99,67.65,54.55,73.99,72.56,51.75,1.94,42,5,5.2,1.7,3.0
SELL,1010,VST,2024-10-22,127.33,4257.92,2024-09-17,89.52,190.58,271.08,160991.97,160720.89,42.17,25,rotation (out of top-N),2024-10-21,122.99,111.29,80.81,129.27,127.66,104.63,129.09,125.89,52.2,2.48,588,5,4.3,-0.6,1.3
BUY,1041,CRDO,2024-10-29,40.81,12790.22,,,260.98,,,,,,,2024-10-28,40.42,35.03,26.65,40.14,38.45,32.33,,,51.67,,504,5,,-0.6,
BUY,1042,IESC,2024-10-29,207.84,2511.4,,,260.98,,,,,,,2024-10-28,233.02,202.75,151.13,211.34,214.37,192.33,,,54.19,,679,5,,-0.7,
BUY,1044,PDEX,2024-10-29,30.39,17172.85,,,260.98,,,,,,,2024-10-28,36.68,28.4,21.17,30.27,28.53,27.65,,,73.24,,315,5,,-1,
BUY,1043,SFM,2024-10-29,118.98,4386.85,,,260.98,,,,,,,2024-10-28,130.17,112.55,83.32,120.2,117.83,109.92,,,56.23,,721,5,,-0.8,
BUY,1045,UAL,2024-10-29,75.7,6894.77,,,260.98,,,,,,,2024-10-28,80.45,63.71,50.12,76.09,72.19,58.55,76.09,74.37,60.51,2.27,49,5,5.7,1.2,2.7
SELL,1037,BMA,2024-10-29,73.43,7314.89,2024-10-22,67.34,246.29,268.57,44547.7,44279.14,8.99,5,rotation (out of top-N),2024-10-28,70.54,65.19,49.49,73.95,69.77,64.47,,,42.53,,679,5,,-0.1,
SELL,967,CAVA,2024-10-29,138.54,3816.37,2024-08-06,81.12,154.79,264.37,219155.22,218890.85,70.7,59,rotation (out of top-N),2024-10-28,131.57,125.2,88.83,138.47,135.81,127.33,,,48.11,,999,5,,-0.4,
SELL,1015,CORT,2024-10-29,48.55,9445.96,2024-09-24,43.16,203.87,229.3,50866.49,50637.19,12.42,25,rotation (out of top-N),2024-10-28,47.67,43.68,31.65,48.32,47.63,42.96,,,50.64,,154,5,,-0.5,
SELL,1038,FLXS,2024-10-29,55.93,10190.01,2024-10-22,48.34,246.29,284.96,77342.15,77057.19,15.64,5,rotation (out of top-N),2024-10-28,54.79,45.05,36.29,54.93,50.14,42.76,,,51.0,,308,5,,-0.5,
SELL,1023,PLTR,2024-10-29,44.87,11523.73,2024-10-01,37.25,214.63,258.53,87810.79,87552.26,20.4,20,rotation (out of top-N),2024-10-28,41.93,39.03,27.95,44.98,43.3,38.52,44.98,44.39,50.04,1.31,567,5,3.4,-0.5,2.1
BUY,1048,AAOI,2024-11-05,16.79,30167.76,,,253.18,,,,,,,2024-11-04,27.78,17.53,12.89,16.4,16.66,15.69,,,115.5,,28,5,,1.5,
BUY,1047,AXON,2024-11-05,434.49,1165.44,,,253.18,,,,,,,2024-11-04,602.83,443.0,337.52,431.7,434.82,414.65,431.7,427.11,78.6,1.06,434,5,3.7,-1,2.3
BUY,1049,CORT,2024-11-05,50.07,10113.16,,,253.18,,,,,,,2024-11-04,59.59,46.57,32.6,50.06,48.2,44.7,,,82.81,,161,5,,-1,
BUY,1050,LEU,2024-11-05,76.01,6661.83,,,253.18,,,,,,,2024-11-04,92.06,75.71,49.19,77.99,92.94,66.75,,,87.15,,35,5,,1.4,
BUY,1051,PLTR,2024-11-05,47.8,10593.43,,,253.18,,,,,,,2024-11-04,58.44,42.56,28.98,41.45,42.73,39.95,46.91,45.23,101.65,3.58,574,5,5.4,-1,0.6
BUY,1052,SEZL,2024-11-05,33.46,15133.47,,,253.18,,,,,,,2024-11-04,71.43,37.29,18.1,33.17,34.78,29.88,,,294.71,,999,5,,-1,
BUY,1046,USLM,2024-11-05,113.06,4478.73,,,253.18,,,,,,,2024-11-04,142.31,104.31,75.09,110.16,106.79,96.87,,,89.53,,721,5,,-1,
SELL,1026,ASTS,2024-11-05,24.15,16744.89,2024-10-08,24.48,205.0,202.19,-5609.54,-5811.73,-1.42,20,rotation (out of top-N),2024-11-04,21.98,24.54,13.59,23.94,25.14,25.93,,,61.79,,161,5,,-1,
SELL,1040,EAT,2024-11-05,108.82,5255.36,2024-10-22,93.73,246.29,285.94,79303.39,79017.44,16.04,10,rotation (out of top-N),2024-11-04,114.87,90.82,65.47,108.01,100.02,84.68,,,75.46,,329,5,,-1,
SELL,995,FTAI,2024-11-05,133.06,3256.79,2024-09-10,112.21,182.72,216.67,67904.14,67687.47,18.52,40,rotation (out of top-N),2024-11-04,154.75,136.3,95.37,135.52,138.93,133.97,,,62.26,,686,5,,-1,
SELL,1034,LEU,2024-11-05,76.01,7213.29,2024-10-15,61.22,220.8,274.14,106684.54,106410.4,24.1,15,ratchet-ATR exit,2024-11-04,92.06,75.71,49.19,77.99,92.94,66.75,,,87.15,,35,5,,1.4,
SELL,1043,SFM,2024-11-05,134.35,4386.85,2024-10-29,118.98,260.98,294.69,67403.89,67109.2,12.86,5,rotation (out of top-N),2024-11-04,145.2,118.49,85.66,131.78,123.74,113.24,,,69.5,,728,5,,-1,
SELL,1045,UAL,2024-11-05,77.59,6894.77,2024-10-29,75.7,260.98,267.48,12996.65,12729.17,2.44,5,rotation (out of top-N),2024-11-04,87.52,68.04,51.27,77.24,76.28,62.68,77.24,75.61,70.69,2.11,56,5,5.5,1.1,2.7
SELL,1030,YOU,2024-11-05,33.72,13776.83,2024-10-08,29.76,205.0,232.28,54556.26,54323.98,13.25,20,rotation (out of top-N),2024-11-04,26.62,30.47,22.1,33.35,34.6,32.23,,,20.46,,105,4.09,,1.2,
BUY,1055,BE,2024-11-12,13.2,49487.77,,,326.62,,,,,,,2024-11-11,21.14,12.88,11.84,13.6,11.44,10.47,,,78.5,,0,5,,2.0,
BUY,1054,DAVE,2024-11-12,61.25,10665.12,,,326.62,,,,,,,2024-11-11,80.01,49.01,38.97,59.28,46.4,42.14,,,105.3,,343,5,,-1,
BUY,1056,EAT,2024-11-12,118.46,5514.42,,,326.62,,,,,,,2024-11-11,117.41,95.66,67.29,117.65,109.1,90.12,,,74.47,,336,5,,-1,
BUY,1053,HUT,2024-11-12,23.76,27493.21,,,326.62,,,,,,,2024-11-11,25.24,16.47,11.81,24.61,18.68,14.06,,,113.78,,147,5,,-1,
BUY,1058,LMND,2024-11-12,33.01,19789.11,,,326.62,,,,,,,2024-11-11,33.3,23.05,18.26,34.22,26.39,19.52,,,82.34,,350,5,,-1,
BUY,1057,SEI,2024-11-12,17.54,37242.79,,,326.62,,,,,,,2024-11-11,18.29,14.22,10.41,17.52,15.12,13.41,,,75.66,,189,5,,-1,
SELL,1047,AXON,2024-11-12,608.72,1165.44,2024-11-05,434.49,253.18,354.71,203060.27,202705.55,40.03,5,rotation (out of top-N),2024-11-11,599.38,471.43,345.73,616.22,499.96,432.6,616.22,576.4,73.37,6.46,441,5,6,-1,0.0
SELL,1049,CORT,2024-11-12,59.01,10113.16,2024-11-05,50.07,253.18,298.36,90361.06,90062.69,17.79,5,rotation (out of top-N),2024-11-11,51.84,47.53,33.32,59.06,53.54,47.12,,,55.6,,168,5,,-0.8,
SELL,1041,CRDO,2024-11-12,46.89,12790.22,2024-10-29,40.81,260.98,299.87,77764.54,77464.67,14.84,10,rotation (out of top-N),2024-11-11,39.76,37.82,27.73,46.51,43.58,36.18,,,43.36,,518,5,,-0.2,
SELL,1042,IESC,2024-11-12,294.26,2511.4,2024-10-29,207.84,260.98,369.5,217034.98,216665.48,41.51,10,rotation (out of top-N),2024-11-11,258.59,225.02,160.26,292.98,256.14,215.54,,,61.36,,693,5,,-1,
SELL,1050,LEU,2024-11-12,89.87,6661.83,2024-11-05,76.01,253.18,299.35,92332.98,92033.63,18.18,5,rotation (out of top-N),2024-11-11,70.28,74.72,49.8,91.22,89.69,72.68,,,41.12,,42,5,,2.2,
SELL,1018,POWL,2024-11-12,115.11,5889.94,2024-10-01,72.88,214.63,339.0,248732.15,248393.15,57.87,30,rotation (out of top-N),2024-11-11,91.8,85.42,59.61,116.67,103.26,84.28,,,54.0,,742,5,,-0.7,
BUY,1064,AFRM,2024-11-19,60.28,25744.39,,,775.94,,,,,,,2024-11-18,66.56,48.57,36.36,62.07,53.84,45.45,,,83.06,,63,5,,-0.0,
BUY,1061,AGX,2024-11-19,138.03,11243.0,,,775.94,,,,,,,2024-11-18,156.05,127.15,80.47,138.48,143.38,123.77,,,93.93,,686,5,,-1,
BUY,1063,DRUG,2024-11-19,37.72,41141.88,,,775.94,,,,,,,2024-11-18,36.0,30.63,7.76,36.19,42.6,28.3,,,364.15,,35,5,,1.4,
BUY,1062,PDEX,2024-11-19,42.34,36656.95,,,775.94,,,,,,,2024-11-18,42.88,35.57,22.96,42.34,43.74,33.46,,,86.74,,336,5,,-1,
BUY,1060,ROOT,2024-11-19,97.16,15972.33,,,775.94,,,,,,,2024-11-18,109.2,69.04,54.93,95.31,79.15,52.08,,,98.8,,14,5,,1.8,
BUY,1059,WLFC,2024-11-19,62.34,24893.68,,,775.94,,,,,,,2024-11-18,68.04,58.03,31.57,61.7,65.11,58.38,,,115.53,,329,5,,-1,
SELL,999,AGX,2024-11-19,138.03,4084.55,2024-09-10,89.47,182.72,281.9,198345.79,198063.9,54.2,50,ratchet-ATR exit,2024-11-18,156.05,127.15,80.47,138.48,143.38,123.77,,,93.93,,686,5,,-1,
SELL,1035,DRUG,2024-11-19,37.72,164775.2,2024-10-15,2.68,220.8,3107.66,5773723.04,5770615.38,1306.76,25,ratchet-ATR exit,2024-11-18,36.0,30.63,7.76,36.19,42.6,28.3,,,364.15,,35,5,,1.4,
SELL,1056,EAT,2024-11-19,121.61,5514.42,2024-11-12,118.46,326.62,335.29,17342.86,17007.57,2.6,5,rotation (out of top-N),2024-11-18,125.58,101.1,69.31,122.86,115.49,95.44,,,81.17,,343,5,,-1,
SELL,1044,PDEX,2024-11-19,42.34,17172.85,2024-10-29,30.39,260.98,363.51,205043.87,204680.36,39.21,15,ratchet-ATR exit,2024-11-18,42.88,35.57,22.96,42.34,43.74,33.46,,,86.74,,336,5,,-1,
SELL,996,TVTX,2024-11-19,17.04,27896.55,2024-09-10,13.1,182.72,237.68,109912.4,109674.72,30.01,50,rotation (out of top-N),2024-11-18,18.25,16.62,10.25,17.38,18.11,16.98,,,78.0,,133,5,,-1,
SELL,989,WLFC,2024-11-19,62.34,10691.77,2024-09-10,34.18,182.72,333.26,301080.3,300747.04,82.3,50,ratchet-ATR exit,2024-11-18,68.04,58.03,31.57,61.7,65.11,58.38,,,115.53,,329,5,,-1,
BUY,1065,EAT,2024-11-26,129.05,13489.87,,,870.43,,,,,,,2024-11-25,132.36,106.78,71.46,131.0,122.28,101.57,,,85.22,,350,5,,-1,
SELL,1060,ROOT,2024-11-26,108.81,15972.33,2024-11-19,97.16,775.94,868.97,186077.68,185208.7,11.93,5,rotation (out of top-N),2024-11-25,99.68,74.61,57.0,108.12,96.86,60.57,,,74.88,,21,5,,1.7,
BUY,1068,ATLC,2024-12-03,61.12,17632.49,,,538.89,,,,,,,2024-12-02,63.2,48.3,33.83,59.28,55.19,42.89,,,86.82,,105,5,,-0.8,
BUY,1067,AXON,2024-12-03,651.15,1655.2,,,538.89,,,,,,,2024-12-02,687.5,557.02,373.65,636.37,621.89,510.13,636.37,626.67,84.0,1.52,462,5,4.0,-1,2.0
BUY,1066,CRDO,2024-12-03,64.5,16709.86,,,538.89,,,,,,,2024-12-02,74.22,47.07,30.28,47.78,46.14,41.44,,,145.14,,539,5,,-1,
BUY,1070,FBRX,2024-12-03,22.26,48418.06,,,538.89,,,,,,,2024-12-02,28.08,13.56,12.72,24.0,16.87,7.53,,,120.83,,0,5,,2.0,
BUY,1071,SEZL,2024-12-03,64.76,16642.77,,,538.89,,,,,,,2024-12-02,60.34,54.18,24.19,64.3,68.47,47.72,,,149.39,,999,5,,-1,
BUY,1069,VSXY,2024-12-03,42.02,25649.36,,,538.89,,,,,,,2024-12-02,48.01,35.18,23.39,41.91,37.87,31.9,,,105.26,,77,5,,-0.3,
SELL,1061,AGX,2024-12-03,151.29,11243.0,2024-11-19,138.03,775.94,850.48,149082.23,148231.76,9.55,9,rotation (out of top-N),2024-12-02,145.56,134.51,85.68,154.29,152.26,135.78,,,69.89,,700,5,,-1,
SELL,1007,CVNA,2024-12-03,50.86,13590.36,2024-09-10,26.89,182.72,345.6,325760.92,325415.32,89.05,59,rotation (out of top-N),2024-12-02,50.23,45.45,29.04,51.0,50.59,44.63,51.0,49.99,73.0,1.97,546,5,4.3,-1,1.7
SELL,1065,EAT,2024-12-03,130.3,13489.87,2024-11-26,129.05,870.43,878.86,16862.34,15983.47,0.92,4,rotation (out of top-N),2024-12-02,129.81,110.97,73.55,130.39,127.1,106.61,,,76.49,,357,5,,-1,
SELL,1052,SEZL,2024-12-03,64.76,15133.47,2024-11-05,33.46,253.18,490.02,473677.49,473187.46,93.45,19,ratchet-ATR exit,2024-12-02,60.34,54.18,24.19,64.3,68.47,47.72,,,149.39,,999,5,,-1,
SELL,1027,TPL,2024-12-03,502.4,1301.67,2024-10-08,314.98,205.0,326.98,243958.12,243631.14,59.42,39,rotation (out of top-N),2024-12-02,442.65,431.14,278.92,492.24,505.13,413.85,492.24,476.85,58.7,3.13,238,5,5.0,-0.9,0.9
SELL,1046,USLM,2024-12-03,153.71,4478.73,2024-11-05,113.06,253.18,344.21,182060.58,181716.36,35.89,19,rotation (out of top-N),2024-12-02,152.39,129.29,84.75,155.98,149.11,122.23,,,79.8,,749,5,,-1,
BUY,1076,DRUG,2024-12-10,39.26,28818.84,,,565.71,,,,,,,2024-12-09,40.53,35.35,10.72,38.75,40.72,41.73,,,278.24,,56,5,,1.1,
BUY,1075,TSLA,2024-12-10,392.64,2881.59,,,565.71,,,,,,,2024-12-09,436.24,333.15,227.78,389.99,362.41,297.27,389.99,377.5,91.52,3.2,154,5,5.1,-1,0.9
BUY,1074,UI,2024-12-10,330.83,3419.97,,,565.71,,,,,,,2024-12-09,341.41,306.19,189.88,324.56,339.09,299.03,,,79.8,,196,5,,-1,
BUY,1073,XMTR,2024-12-10,31.79,35590.68,,,565.71,,,,,,,2024-12-09,34.77,28.17,18.89,32.87,31.69,26.64,,,84.02,,42,5,,1.3,
BUY,1072,YPF,2024-12-10,41.46,27289.62,,,565.71,,,,,,,2024-12-09,44.54,34.51,24.08,40.53,38.87,31.31,,,84.96,,385,5,,-1,
SELL,1068,ATLC,2024-12-10,61.0,17632.49,2024-12-03,61.12,538.89,537.79,-2204.06,-2741.85,-0.25,5,rotation (out of top-N),2024-12-09,60.45,50.51,34.57,60.99,59.58,46.34,,,74.87,,112,5,,-0.9,
SELL,1067,AXON,2024-12-10,647.87,1655.2,2024-12-03,651.15,538.89,536.17,-5437.34,-5973.52,-0.55,5,rotation (out of top-N),2024-12-09,644.62,572.95,381.95,642.16,654.16,540.98,642.16,622.77,68.77,3.02,469,5,5.0,-1,1.0
SELL,1063,DRUG,2024-12-10,39.26,41141.88,2024-11-19,37.72,775.94,807.62,63358.5,62550.89,4.03,14,ratchet-ATR exit,2024-12-09,40.53,35.35,10.72,38.75,40.72,41.73,,,278.24,,56,5,,1.1,
SELL,1070,FBRX,2024-12-10,25.98,48418.06,2024-12-03,22.26,538.89,628.95,180115.17,179486.22,16.65,5,rotation (out of top-N),2024-12-09,21.8,15.06,12.8,25.23,21.92,9.99,,,70.34,,7,5,,1.9,
SELL,1003,UI,2024-12-10,330.83,1930.0,2024-09-10,189.35,182.72,319.25,273055.86,272736.61,74.63,64,ratchet-ATR exit,2024-12-09,341.41,306.19,189.88,324.56,339.09,299.03,,,79.8,,196,5,,-1,
BUY,1078,EAT,2024-12-17,131.96,10266.54,,,677.39,,,,,,,2024-12-16,134.3,117.71,77.68,132.38,128.6,117.11,,,72.89,,371,5,,-1,
BUY,1079,FEIM,2024-12-17,18.49,73270.59,,,677.39,,,,,,,2024-12-16,19.15,14.67,11.28,18.14,15.45,13.41,,,69.72,,147,5,,-1,
BUY,1077,INOD,2024-12-17,39.05,34697.74,,,677.39,,,,,,,2024-12-16,43.04,35.29,18.71,37.76,38.85,34.32,,,130.05,,210,5,,-1,
BUY,1080,SEZL,2024-12-17,53.83,25167.63,,,677.39,,,,,,,2024-12-16,44.28,51.98,26.09,55.03,57.25,54.36,,,69.7,,999,5,,-1,
SELL,1064,AFRM,2024-12-17,70.25,25744.39,2024-11-19,60.28,775.94,904.27,256671.57,255767.3,16.48,19,rotation (out of top-N),2024-12-16,65.6,59.93,39.63,72.86,69.6,57.69,,,65.55,,91,5,,-0.5,
SELL,1039,INOD,2024-12-17,39.05,25017.01,2024-10-22,19.69,246.29,488.39,484204.23,483715.83,98.2,39,ratchet-ATR exit,2024-12-16,43.04,35.29,18.71,37.76,38.85,34.32,,,130.05,,210,5,,-1,
SELL,1062,PDEX,2024-12-17,47.48,36656.95,2024-11-19,42.34,775.94,870.24,188599.99,187729.75,12.1,19,rotation (out of top-N),2024-12-16,42.82,42.4,26.12,47.48,48.45,42.7,,,63.95,,364,5,,-1,
SELL,1071,SEZL,2024-12-17,53.83,16642.77,2024-12-03,64.76,538.89,447.94,-181905.5,-182353.44,-16.92,10,ratchet-ATR exit,2024-12-16,44.28,51.98,26.09,55.03,57.25,54.36,,,69.7,,999,5,,-1,
BUY,1084,DAVE,2024-12-24,91.75,11247.39,,,515.97,,,,,,,2024-12-23,97.75,79.64,48.23,86.59,89.89,74.99,,,102.66,,385,5,,-1,
BUY,1085,FBRX,2024-12-24,20.05,51468.73,,,515.97,,,,,,,2024-12-23,22.56,16.96,13.02,18.69,19.92,13.96,,,73.32,,21,5,,1.7,
BUY,1087,LMND,2024-12-24,39.68,26006.75,,,515.97,,,,,,,2024-12-23,39.43,37.55,22.47,40.13,41.47,37.75,,,75.46,,392,5,,-1,
BUY,1082,NUTX,2024-12-24,31.68,32574.11,,,515.97,,,,,,,2024-12-23,31.04,30.68,16.67,31.68,33.05,31.5,,,86.2,,105,5,,-0.8,
BUY,1088,SEZL,2024-12-24,43.5,23722.94,,,515.97,,,,,,,2024-12-23,45.31,50.77,26.91,45.76,49.25,55.79,,,68.38,,999,5,,-1,
BUY,1083,TSLA,2024-12-24,435.92,2367.29,,,515.97,,,,,,,2024-12-23,431.7,364.15,240.74,424.7,425.45,348.86,424.7,404.38,79.32,4.79,168,5,6,-1,0.0
BUY,1086,UAL,2024-12-24,99.31,10391.7,,,515.97,,,,,,,2024-12-23,99.66,90.08,60.46,97.87,96.17,91.66,97.87,95.52,64.83,2.4,105,5,4.9,-0.8,1.6
BUY,1081,WLFC,2024-12-24,65.43,15771.79,,,515.97,,,,,,,2024-12-23,70.26,64.8,38.21,65.43,67.31,66.71,,,83.88,,364,5,,-1,
SELL,1055,BE,2024-12-24,23.95,49487.77,2024-11-12,13.2,326.62,592.74,532240.98,531648.24,81.39,29,rotation (out of top-N),2024-12-23,22.86,21.38,14.24,23.95,24.36,20.29,,,60.52,,42,5,,1.3,
SELL,1054,DAVE,2024-12-24,91.75,10665.12,2024-11-12,61.25,326.62,489.26,325286.15,324796.89,49.72,29,ratchet-ATR exit,2024-12-23,97.75,79.64,48.23,86.59,89.89,74.99,,,102.66,,385,5,,-1,
SELL,1053,HUT,2024-12-24,22.91,27493.21,2024-11-12,23.76,326.62,314.93,-23369.23,-23684.16,-3.63,29,rotation (out of top-N),2024-12-23,22.32,22.87,14.47,22.52,25.53,23.76,,,54.26,,189,5,,-0.7,
SELL,1058,LMND,2024-12-24,39.68,19789.11,2024-11-12,33.01,326.62,392.62,131993.38,131600.76,20.15,29,ratchet-ATR exit,2024-12-23,39.43,37.55,22.47,40.13,41.47,37.75,,,75.46,,392,5,,-1,
SELL,1032,NUTX,2024-12-24,31.68,22168.55,2024-10-15,19.92,220.8,351.15,260702.16,260351.01,58.96,49,ratchet-ATR exit,2024-12-23,31.04,30.68,16.67,31.68,33.05,31.5,,,86.2,,105,5,,-0.8,
SELL,1080,SEZL,2024-12-24,43.5,25167.63,2024-12-17,53.83,677.39,547.4,-259981.57,-260528.97,-19.23,5,ratchet-ATR exit,2024-12-23,45.31,50.77,26.91,45.76,49.25,55.79,,,68.38,,999,5,,-1,
SELL,1075,TSLA,2024-12-24,435.92,2881.59,2024-12-10,392.64,565.71,628.07,124715.22,124087.15,10.97,10,ratchet-ATR exit,2024-12-23,431.7,364.15,240.74,424.7,425.45,348.86,424.7,404.38,79.32,4.79,168,5,6,-1,0.0
SELL,1059,WLFC,2024-12-24,65.43,24893.68,2024-11-19,62.34,775.94,814.4,76921.46,76107.07,4.9,24,ratchet-ATR exit,2024-12-23,70.26,64.8,38.21,65.43,67.31,66.71,,,83.88,,364,5,,-1,
BUY,1092,BE,2024-12-31,22.66,51288.75,,,581.1,,,,,,,2024-12-30,24.36,21.92,14.57,22.5,23.79,21.64,,,67.2,,49,5,,1.2,
BUY,1089,BMA,2024-12-31,91.08,12760.24,,,581.1,,,,,,,2024-12-30,103.16,85.0,60.86,90.65,90.8,80.92,,,69.5,,742,5,,-1,
BUY,1093,HOOD,2024-12-31,38.94,29846.0,,,581.1,,,,,,,2024-12-30,41.37,36.39,24.87,38.28,38.91,35.89,37.83,36.73,66.31,2.92,385,5,4.9,-1,1.1
BUY,1090,MNPR,2024-12-31,23.62,49204.19,,,581.1,,,,,,,2024-12-30,23.06,20.58,8.37,23.62,24.59,21.29,,,175.53,,105,5,,-0.8,
BUY,1094,MSTR,2024-12-31,315.31,3685.91,,,581.1,,,,,,,2024-12-30,339.23,333.28,201.67,302.56,346.01,355.3,,,68.21,,693,5,,-1,
BUY,1091,PDEX,2024-12-31,42.82,27141.59,,,581.1,,,,,,,2024-12-30,45.86,43.09,27.46,42.82,44.05,45.97,,,67.02,,378,5,,-1,
SELL,1079,FEIM,2024-12-31,18.21,73270.59,2024-12-17,18.49,677.39,667.13,-20515.77,-21182.89,-1.56,9,rotation (out of top-N),2024-12-30,18.53,15.98,11.73,18.57,18.36,14.84,,,58.02,,161,5,,-0.9,
SELL,1087,LMND,2024-12-31,38.23,26006.75,2024-12-24,39.68,515.97,497.05,-37839.83,-38336.88,-3.72,4,rotation (out of top-N),2024-12-30,37.96,37.63,23.01,38.24,40.89,39.85,,,64.96,,399,5,,-1,
SELL,1024,MNPR,2024-12-31,23.62,78694.54,2024-10-08,5.21,205.0,929.38,1448766.46,1447837.07,353.13,58,ratchet-ATR exit,2024-12-30,23.06,20.58,8.37,23.62,24.59,21.29,,,175.53,,105,5,,-0.8,
SELL,1031,MSTR,2024-12-31,315.31,2204.89,2024-10-08,185.95,205.0,347.61,285224.05,284876.44,69.48,58,ratchet-ATR exit,2024-12-30,339.23,333.28,201.67,302.56,346.01,355.3,,,68.21,,693,5,,-1,
SELL,1086,UAL,2024-12-31,98.01,10391.7,2024-12-24,99.31,515.97,509.25,-13457.25,-13966.5,-1.35,4,rotation (out of top-N),2024-12-30,95.67,91.09,61.66,98.19,98.12,93.86,98.19,96.13,55.16,2.1,112,5,4.3,-0.6,1.7
SELL,1069,VSXY,2024-12-31,41.92,25649.36,2024-12-03,42.02,538.89,537.61,-2564.94,-3102.55,-0.29,19,rotation (out of top-N),2024-12-30,41.76,39.97,25.94,41.9,43.0,40.0,,,60.99,,105,5,,-0.8,
BUY,1096,AAOI,2025-01-07,33.76,34181.27,,,576.89,,,,,,,2025-01-06,31.63,33.11,17.57,33.9,36.39,34.53,,,80.06,,91,5,,-0.5,
BUY,1095,AGX,2025-01-07,150.88,7647.06,,,576.89,,,,,,,2025-01-06,157.68,142.24,97.68,154.13,143.59,146.14,,,61.42,,735,5,,-1,
BUY,1098,ALGT,2025-01-07,99.91,11548.28,,,576.89,,,,,,,2025-01-06,100.97,84.67,59.69,98.27,91.78,82.38,,,69.15,,63,5,,-0.0,
BUY,1100,CLS,2025-01-07,98.72,11688.08,,,576.89,,,,,,,2025-01-06,103.55,90.86,62.93,98.76,95.52,90.35,,,64.54,,770,5,,-1,
BUY,1099,DXPE,2025-01-07,82.15,14044.9,,,576.89,,,,,,,2025-01-06,91.1,77.54,57.24,82.66,82.36,76.0,,,59.14,,308,5,,-1.0,
BUY,1097,UAL,2025-01-07,99.64,11578.99,,,576.89,,,,,,,2025-01-06,107.13,94.01,63.26,98.59,97.41,95.4,98.59,95.84,69.36,2.79,119,5,4.9,-1.0,1.2
SELL,1048,AAOI,2025-01-07,33.76,30167.76,2024-11-05,16.79,253.18,509.16,511946.81,511437.65,101.0,42,ratchet-ATR exit,2025-01-06,31.63,33.11,17.57,33.9,36.39,34.53,,,80.06,,91,5,,-0.5,
SELL,1085,FBRX,2025-01-07,22.51,51468.73,2024-12-24,20.05,515.97,579.28,126613.06,126033.78,12.21,8,rotation (out of top-N),2025-01-06,18.73,18.54,13.23,22.39,22.51,17.58,,,41.58,,35,5,,2.3,
SELL,1093,HOOD,2025-01-07,42.32,29846.0,2024-12-31,38.94,581.1,631.54,100879.47,100247.92,8.63,4,rotation (out of top-N),2025-01-06,40.08,37.06,25.42,42.72,39.87,37.33,42.72,41.46,57.69,2.94,392,5,4.8,-0.9,1.0
SELL,1088,SEZL,2025-01-07,43.75,23722.94,2024-12-24,43.5,515.97,518.94,5930.74,5411.8,0.52,8,rotation (out of top-N),2025-01-06,37.34,47.72,28.4,46.26,46.02,57.54,,,31.48,,999,5,,0.4,
SELL,1083,TSLA,2025-01-07,405.65,2367.29,2024-12-24,435.92,515.97,480.15,-71657.79,-72137.94,-6.99,8,rotation (out of top-N),2025-01-06,394.72,376.6,252.36,411.21,415.84,381.6,411.21,396.49,56.41,3.58,182,5,5.2,-0.8,0.6
SELL,1073,XMTR,2025-01-07,41.81,35590.68,2024-12-10,31.79,565.71,744.02,356618.56,355874.54,31.45,18,rotation (out of top-N),2025-01-06,33.52,34.67,21.25,41.99,41.73,34.92,,,57.75,,70,5,,-0.1,
BUY,1103,APP,2025-01-14,324.06,3437.15,,,556.92,,,,,,,2025-01-13,342.5,314.72,162.22,315.57,330.61,332.47,315.57,301.62,111.14,4.42,616,5,5.9,-1,0.1
BUY,1106,DAVE,2025-01-14,82.8,13452.21,,,556.92,,,,,,,2025-01-13,87.97,83.19,52.05,82.0,87.34,88.6,,,69.0,,406,5,,-1,
BUY,1109,DRUG,2025-01-14,36.28,30701.29,,,556.92,,,,,,,2025-01-13,36.66,37.37,15.4,35.73,38.97,39.27,,,137.98,,91,5,,-0.5,
BUY,1110,HOOD,2025-01-14,41.83,26627.85,,,556.92,,,,,,,2025-01-13,48.12,39.07,26.17,39.59,40.04,38.22,39.59,38.03,83.88,3.94,399,5,5.6,-1,0.4
BUY,1101,HUT,2025-01-14,24.39,45677.38,,,556.92,,,,,,,2025-01-13,26.89,23.83,15.64,22.93,23.69,25.21,,,71.97,,210,5,,-1,
BUY,1105,INOD,2025-01-14,35.2,31643.26,,,556.92,,,,,,,2025-01-13,36.81,37.76,22.12,33.41,38.67,40.75,,,66.43,,238,5,,-1,
BUY,1102,NUTX,2025-01-14,31.34,35540.61,,,556.92,,,,,,,2025-01-13,39.33,32.68,18.44,29.4,32.27,33.32,,,113.25,,126,5,,-1,
BUY,1111,PLTR,2025-01-14,67.18,16579.98,,,556.92,,,,,,,2025-01-13,71.77,69.49,41.21,64.99,71.7,70.9,64.99,62.45,74.15,3.91,644,5,5.6,-1,0.4
BUY,1104,RKLB,2025-01-14,24.46,45537.32,,,556.92,,,,,,,2025-01-13,24.0,23.57,11.13,23.9,26.4,24.23,,,115.56,,203,5,,-1,
BUY,1108,SMTC,2025-01-14,67.2,16575.04,,,556.92,,,,,,,2025-01-13,74.98,62.98,44.11,65.33,65.28,61.11,,,69.98,,294,5,,-1,
BUY,1107,TSLA,2025-01-14,414.77,2685.41,,,556.92,,,,,,,2025-01-13,426.55,385.68,258.75,403.31,405.76,388.86,403.31,389.23,64.85,3.49,189,5,5.3,-1,0.7
SELL,998,APP,2025-01-14,324.06,4151.13,2024-09-10,88.03,182.72,672.61,979770.57,979097.97,267.92,86,ratchet-ATR exit,2025-01-13,342.5,314.72,162.22,315.57,330.61,332.47,315.57,301.62,111.14,4.42,616,5,5.9,-1,0.1
SELL,1089,BMA,2025-01-14,102.49,12760.24,2024-12-31,91.08,581.1,653.9,145594.39,144940.49,12.47,8,rotation (out of top-N),2025-01-13,97.32,90.39,63.77,99.92,100.9,86.81,,,52.61,,756,5,,-0.6,
SELL,1084,DAVE,2025-01-14,82.8,11247.39,2024-12-24,91.75,515.97,465.64,-100664.13,-101129.77,-9.8,12,ratchet-ATR exit,2025-01-13,87.97,83.19,52.05,82.0,87.34,88.6,,,69.0,,406,5,,-1,
SELL,1076,DRUG,2025-01-14,36.28,28818.84,2024-12-10,39.26,565.71,522.77,-85880.14,-86402.91,-7.64,22,ratchet-ATR exit,2025-01-13,36.66,37.37,15.4,35.73,38.97,39.27,,,137.98,,91,5,,-0.5,
SELL,1077,INOD,2025-01-14,35.2,34697.74,2024-12-17,39.05,677.39,610.68,-133412.81,-134023.49,-9.89,17,ratchet-ATR exit,2025-01-13,36.81,37.76,22.12,33.41,38.67,40.75,,,66.43,,238,5,,-1,
SELL,1082,NUTX,2025-01-14,31.34,32574.11,2024-12-24,31.68,515.97,510.44,-11075.2,-11585.64,-1.12,12,ratchet-ATR exit,2025-01-13,39.33,32.68,18.44,29.4,32.27,33.32,,,113.25,,126,5,,-1,
SELL,1091,PDEX,2025-01-14,44.39,27141.59,2024-12-31,42.82,581.1,602.41,42612.3,42009.9,3.61,8,rotation (out of top-N),2025-01-13,45.35,44.2,28.88,46.77,47.88,47.15,,,57.03,,392,5,,-0.9,
SELL,1051,PLTR,2025-01-14,67.18,10593.43,2024-11-05,47.8,253.18,355.83,205300.6,204944.77,40.47,46,ratchet-ATR exit,2025-01-13,71.77,69.49,41.21,64.99,71.7,70.9,64.99,62.45,74.15,3.91,644,5,5.6,-1,0.4
SELL,1004,RKLB,2025-01-14,24.46,59325.45,2024-09-10,6.16,182.72,725.55,1085655.74,1084930.19,296.88,86,ratchet-ATR exit,2025-01-13,24.0,23.57,11.13,23.9,26.4,24.23,,,115.56,,203,5,,-1,
SELL,959,WGS,2025-01-14,85.02,10697.45,2024-08-06,28.94,154.79,454.75,599912.96,599458.21,193.63,110,rotation (out of top-N),2025-01-13,69.51,75.01,45.81,84.93,85.87,78.1,,,51.73,,329,5,,-0.6,
SELL,1081,WLFC,2025-01-14,70.5,15771.79,2024-12-24,65.43,515.97,555.96,79962.95,79407.0,7.69,12,rotation (out of top-N),2025-01-13,64.65,65.74,42.03,67.63,68.8,68.12,,,53.8,,385,5,,-0.7,
BUY,1122,CLS,2025-01-28,91.94,11122.65,,,511.31,,,,,,,2025-01-27,123.52,104.1,68.67,87.51,109.21,97.94,,,79.87,,791,5,,-1,
BUY,1120,CORT,2025-01-28,59.55,17173.84,,,511.31,,,,,,,2025-01-27,66.93,56.28,42.27,60.35,57.69,55.34,,,58.36,,245,5,,-0.9,
BUY,1116,CRDO,2025-01-28,59.4,17215.77,,,511.31,,,,,,,2025-01-27,70.01,68.89,40.97,55.63,74.65,69.66,,,70.88,,595,5,,-1,
BUY,1121,DRUG,2025-01-28,29.66,34472.15,,,511.31,,,,,,,2025-01-27,33.27,35.84,16.98,29.96,34.06,38.47,,,95.93,,105,5,,-0.8,
BUY,1112,GH,2025-01-28,47.0,21757.8,,,511.31,,,,,,,2025-01-27,46.97,37.72,29.29,46.99,43.15,36.25,,,60.39,,84,5,,-0.4,
BUY,1115,LRN,2025-01-28,118.85,8604.26,,,511.31,,,,,,,2025-01-27,134.95,112.91,86.69,119.0,115.56,109.1,,,55.68,,714,5,,-0.8,
BUY,1123,NET,2025-01-28,129.23,7913.15,,,511.31,,,,,,,2025-01-27,138.4,116.47,90.17,126.46,120.49,112.8,,,53.49,,105,5,,-0.4,
BUY,1113,ROOT,2025-01-28,78.85,12969.14,,,511.31,,,,,,,2025-01-27,97.5,82.41,62.48,80.93,82.06,82.17,,,56.04,,84,5,,-0.2,
BUY,1119,SEI,2025-01-28,24.42,41876.19,,,511.31,,,,,,,2025-01-27,26.71,27.18,15.77,23.78,30.17,27.97,,,69.34,,266,5,,-1,
BUY,1114,TEAM,2025-01-28,266.27,3840.45,,,511.31,,,,,,,2025-01-27,306.89,260.27,200.36,267.98,258.62,259.6,,,53.17,,91,5,,-0.2,
BUY,1117,TVTX,2025-01-28,20.3,50375.2,,,511.31,,,,,,,2025-01-27,20.46,18.67,13.1,20.12,19.42,18.46,,,56.15,,203,5,,-0.8,
BUY,1118,TWLO,2025-01-28,142.67,7167.7,,,511.31,,,,,,,2025-01-27,146.66,117.12,78.28,139.0,120.55,111.23,,,87.36,,119,5,,-1.0,
SELL,1096,AAOI,2025-01-28,24.92,34181.27,2025-01-07,33.76,576.89,425.9,-301991.55,-302417.45,-26.21,13,rotation (out of top-N),2025-01-27,27.91,31.54,18.95,24.54,30.42,34.82,,,47.27,,112,5,,-0.2,
SELL,1095,AGX,2025-01-28,139.47,7647.06,2025-01-07,150.88,576.89,533.27,-87252.99,-87786.26,-7.61,13,rotation (out of top-N),2025-01-27,134.98,148.62,105.12,135.78,163.03,151.15,,,28.4,,756,5,,0.6,
SELL,1092,BE,2025-01-28,22.56,51288.75,2024-12-31,22.66,581.1,578.54,-5128.87,-5707.41,-0.49,17,rotation (out of top-N),2025-01-27,23.61,23.81,16.03,22.42,25.15,24.8,,,47.33,,77,5,,0.4,
SELL,1100,CLS,2025-01-28,91.94,11688.08,2025-01-07,98.72,576.89,537.3,-79186.75,-79724.05,-6.91,13,ratchet-ATR exit,2025-01-27,123.52,104.1,68.67,87.51,109.21,97.94,,,79.87,,791,5,,-1,
SELL,1066,CRDO,2025-01-28,59.4,16709.86,2024-12-03,64.5,538.89,496.28,-85220.28,-85716.57,-7.95,36,ratchet-ATR exit,2025-01-27,70.01,68.89,40.97,55.63,74.65,69.66,,,70.88,,595,5,,-1,
SELL,1109,DRUG,2025-01-28,29.66,30701.29,2025-01-14,36.28,556.92,455.38,-203089.03,-203544.41,-18.27,9,ratchet-ATR exit,2025-01-27,33.27,35.84,16.98,29.96,34.06,38.47,,,95.93,,105,5,,-0.8,
SELL,1101,HUT,2025-01-28,20.31,45677.38,2025-01-14,24.39,556.92,463.85,-186135.31,-186599.16,-16.75,9,rotation (out of top-N),2025-01-27,21.7,23.77,16.41,19.79,24.44,25.31,,,32.25,,224,5,,0.4,
SELL,1094,MSTR,2025-01-28,343.12,3685.91,2024-12-31,315.31,581.1,632.35,102505.05,101872.7,8.77,17,rotation (out of top-N),2025-01-27,333.96,343.48,223.52,347.92,360.41,361.85,,,49.41,,721,5,,-0.5,
SELL,1057,SEI,2025-01-28,24.42,37242.79,2024-11-12,17.54,326.62,454.73,256230.41,255775.68,39.16,50,ratchet-ATR exit,2025-01-27,26.71,27.18,15.77,23.78,30.17,27.97,,,69.34,,266,5,,-1,
SELL,1108,SMTC,2025-01-28,58.4,16575.04,2025-01-14,67.2,556.92,483.99,-145860.37,-146344.36,-13.14,9,rotation (out of top-N),2025-01-27,66.96,65.2,45.94,57.41,69.49,66.18,,,45.75,,308,5,,-0.3,
SELL,1107,TSLA,2025-01-28,396.72,2685.41,2025-01-14,414.77,556.92,532.68,-48485.16,-49017.84,-4.4,9,rotation (out of top-N),2025-01-27,404.68,392.23,271.14,397.41,409.95,406.34,399.3,387.01,49.25,3.08,203,5,4.5,-0.5,0.9
SELL,1072,YPF,2025-01-28,39.91,27289.62,2024-12-10,41.46,565.71,544.5,-42435.36,-42979.85,-3.8,31,rotation (out of top-N),2025-01-27,39.47,40.23,28.0,39.57,42.39,42.47,,,40.96,,434,5,,-0.0,
BUY,1128,AFRM,2025-02-04,59.56,18889.03,,,562.52,,,,,,,2025-02-03,75.29,62.5,44.58,59.87,59.02,62.77,,,68.87,,140,5,,-1,
BUY,1125,BROS,2025-02-04,63.6,17689.16,,,562.52,,,,,,,2025-02-03,66.75,57.79,42.48,63.35,61.27,56.47,,,57.15,,350,5,,-0.9,
BUY,1127,LEU,2025-02-04,84.65,13290.38,,,562.52,,,,,,,2025-02-03,108.55,84.64,61.71,81.94,82.43,75.96,,,75.89,,126,5,,-1,
BUY,1124,SPOT,2025-02-04,594.67,1891.86,,,562.52,,,,,,,2025-02-03,623.09,507.94,386.77,549.41,526.13,483.65,,,61.1,,728,5,,-1,
BUY,1126,TPR,2025-02-04,72.43,15532.66,,,562.52,,,,,,,2025-02-03,78.87,67.96,49.47,72.18,71.78,66.11,71.97,70.16,59.44,2.52,140,5,4.7,-1.0,1.3
SELL,1098,ALGT,2025-02-04,98.77,11548.28,2025-01-07,99.91,576.89,570.31,-13165.04,-13735.35,-1.19,18,rotation (out of top-N),2025-02-03,90.36,92.38,63.81,97.79,101.77,93.68,,,41.61,,91,5,,0.4,
SELL,1120,CORT,2025-02-04,66.91,17173.84,2025-01-28,59.55,511.31,574.55,126485.35,125910.8,12.31,5,rotation (out of top-N),2025-02-03,68.03,58.41,43.35,66.57,62.78,56.13,,,56.92,,252,5,,-0.8,
SELL,1112,GH,2025-02-04,47.9,21757.8,2025-01-28,47.0,511.31,521.04,19473.23,18952.18,1.85,5,rotation (out of top-N),2025-02-03,44.45,38.94,29.92,47.56,46.21,37.85,,,48.53,,91,5,,0.1,
SELL,1119,SEI,2025-02-04,26.14,41876.19,2025-01-28,24.42,511.31,547.32,72027.04,71479.72,6.99,5,rotation (out of top-N),2025-02-03,25.44,26.86,16.19,26.56,27.72,28.27,,,57.09,,273,5,,-0.9,
SELL,1114,TEAM,2025-02-04,311.99,3840.45,2025-01-28,266.27,511.31,599.09,175566.28,174967.19,17.11,5,rotation (out of top-N),2025-02-03,314.18,270.07,203.62,311.71,279.01,262.32,,,54.3,,98,5,,-0.3,
BUY,1131,CORT,2025-02-11,67.77,18861.78,,,639.08,,,,,,,2025-02-10,72.72,61.02,44.49,67.57,65.96,57.12,,,63.44,,259,5,,-1,
BUY,1132,DUOL,2025-02-11,397.64,3214.35,,,639.08,,,,,,,2025-02-10,432.57,362.68,268.39,401.66,377.84,344.24,,,61.17,,154,5,,-1,
BUY,1129,EAT,2025-02-11,166.53,7675.07,,,639.08,,,,,,,2025-02-10,158.3,149.6,98.25,167.93,173.99,148.57,,,61.11,,427,5,,-1,
BUY,1130,SEI,2025-02-11,26.66,47943.3,,,639.08,,,,,,,2025-02-10,27.61,27.0,16.67,26.94,26.88,28.29,,,65.64,,280,5,,-1,
BUY,1133,SEZL,2025-02-11,44.75,28562.42,,,639.08,,,,,,,2025-02-10,57.44,45.96,32.46,46.59,41.39,42.92,,,76.94,,999,5,,-1,
SELL,1078,EAT,2025-02-11,166.53,10266.54,2024-12-17,131.96,677.39,854.87,354965.79,354110.92,26.14,36,ratchet-ATR exit,2025-02-10,158.3,149.6,98.25,167.93,173.99,148.57,,,61.11,,427,5,,-1,
SELL,1115,LRN,2025-02-11,140.09,8604.26,2025-01-28,118.85,511.31,602.71,182797.53,182194.83,17.82,10,rotation (out of top-N),2025-02-10,140.19,122.25,90.22,140.74,134.99,115.78,,,55.38,,728,5,,-0.8,
SELL,1118,TWLO,2025-02-11,144.04,7167.7,2025-01-28,142.67,511.31,516.24,9855.59,9339.36,0.91,10,rotation (out of top-N),2025-02-10,125.17,122.81,81.99,144.34,142.69,120.94,,,52.66,,133,5,,-0.6,
SELL,1097,UAL,2025-02-11,105.56,11578.99,2025-01-07,99.64,576.89,611.14,68489.75,67878.61,5.88,23,rotation (out of top-N),2025-02-10,104.27,101.74,70.29,106.08,107.33,102.52,106.08,103.41,48.34,2.52,154,5,4.1,-0.4,1.3
SELL,1074,UI,2025-02-11,358.05,3419.97,2024-12-10,330.83,565.71,612.26,93091.49,92479.23,8.17,41,rotation (out of top-N),2025-02-10,343.85,363.75,248.35,362.99,396.39,371.28,,,38.45,,259,5,,0.1,
BUY,1147,BABA,2025-02-25,129.45,9531.24,,,616.91,,,,,,,2025-02-24,129.16,108.01,87.97,125.77,121.88,95.69,,,46.83,,280,5,,-0.3,
BUY,1142,CCB,2025-02-25,91.24,13522.78,,,616.91,,,,,,,2025-02-24,98.81,87.39,64.38,90.72,90.07,86.49,,,53.48,,287,5,,-0.7,
BUY,1143,DRUG,2025-02-25,34.35,35919.03,,,616.91,,,,,,,2025-02-24,37.38,37.91,20.89,35.53,38.74,37.74,,,78.92,,133,5,,-1,
BUY,1144,HOOD,2025-02-25,47.45,25999.76,,,616.91,,,,,,,2025-02-24,50.09,49.66,31.59,49.91,55.39,48.88,49.91,47.24,58.57,5.34,441,5,5.9,-0.9,0.0
BUY,1141,ITRN,2025-02-25,38.19,32307.38,,,616.91,,,,,,,2025-02-24,38.98,33.23,26.8,37.88,36.17,31.61,,,45.42,,210,5,,-0.3,
BUY,1137,LRN,2025-02-25,133.38,9250.75,,,616.91,,,,,,,2025-02-24,136.75,126.69,93.47,134.04,137.44,123.13,,,46.3,,742,5,,-0.3,
BUY,1135,MNPR,2025-02-25,32.28,38222.39,,,616.91,,,,,,,2025-02-24,35.01,36.03,15.42,44.38,44.84,35.85,,,126.99,,161,5,,-1,
BUY,1146,NET,2025-02-25,146.45,8424.85,,,616.91,,,,,,,2025-02-24,145.4,138.67,98.66,148.12,157.63,133.94,,,47.38,,133,5,,-0.4,
BUY,1145,PLTR,2025-02-25,90.65,13610.8,,,616.91,,,,,,,2025-02-24,84.99,88.91,52.41,90.77,105.79,87.75,90.77,84.86,62.15,6.51,686,5,6,-1,0.0
BUY,1136,ROOT,2025-02-25,98.37,12542.63,,,616.91,,,,,,,2025-02-24,134.88,103.26,68.34,99.83,111.53,93.59,,,97.35,,112,5,,-0.9,
BUY,1139,STRT,2025-02-25,49.28,25036.91,,,616.91,,,,,,,2025-02-24,51.23,43.69,36.23,50.83,47.8,41.5,,,41.4,,287,5,,-0.1,
BUY,1138,TPB,2025-02-25,67.61,18249.06,,,616.91,,,,,,,2025-02-24,69.67,63.85,47.9,68.06,67.9,61.55,,,45.44,,448,5,,-0.3,
BUY,1140,TWLO,2025-02-25,116.89,10554.93,,,616.91,,,,,,,2025-02-24,119.91,121.01,84.82,118.01,126.62,125.15,,,41.37,,147,5,,-0.1,
BUY,1134,WGS,2025-02-25,94.6,13042.48,,,616.91,,,,,,,2025-02-24,102.8,82.07,55.43,95.03,90.47,79.59,,,85.46,,371,5,,-1,
SELL,1128,AFRM,2025-02-25,65.62,18889.03,2025-02-04,59.56,562.52,619.8,114561.99,113942.19,10.13,14,rotation (out of top-N),2025-02-24,64.19,65.92,47.53,66.52,72.27,64.31,,,35.04,,161,5,,0.2,
SELL,1122,CLS,2025-02-25,107.4,11122.65,2025-01-28,91.94,511.31,597.29,171956.17,171358.89,16.76,19,rotation (out of top-N),2025-02-24,107.0,112.85,75.78,110.83,123.88,113.43,,,41.19,,819,5,,-0.1,
SELL,1131,CORT,2025-02-25,61.67,18861.78,2025-02-11,67.77,639.08,581.65,-114868.24,-115449.89,-9.03,9,rotation (out of top-N),2025-02-24,60.61,61.31,46.21,61.87,67.18,60.48,,,31.17,,273,5,,0.4,
SELL,1116,CRDO,2025-02-25,59.05,17215.77,2025-01-28,59.4,511.31,508.3,-6025.52,-6533.81,-0.64,19,rotation (out of top-N),2025-02-24,55.17,67.13,45.88,60.2,69.54,72.32,,,20.26,,623,4.05,,1.0,
SELL,1121,DRUG,2025-02-25,34.35,34472.15,2025-01-28,29.66,511.31,592.06,161502.04,160909.98,15.74,19,ratchet-ATR exit,2025-02-24,37.38,37.91,20.89,35.53,38.74,37.74,,,78.92,,133,5,,-1,
SELL,1132,DUOL,2025-02-25,387.04,3214.35,2025-02-11,397.64,639.08,622.04,-34088.14,-34710.18,-2.72,9,rotation (out of top-N),2025-02-24,312.02,356.77,276.87,390.23,404.75,360.33,,,12.7,,168,2.54,,1.4,
SELL,1099,DXPE,2025-02-25,88.88,14044.9,2025-01-07,82.15,576.89,624.16,94522.2,93898.05,8.14,32,rotation (out of top-N),2025-02-24,90.54,92.27,65.58,88.47,96.88,95.68,,,38.06,,357,5,,0.1,
SELL,1110,HOOD,2025-02-25,47.45,26627.85,2025-01-14,41.83,556.92,631.81,149781.64,149149.82,13.39,28,ratchet-ATR exit,2025-02-24,50.09,49.66,31.59,49.91,55.39,48.88,49.91,47.24,58.57,5.34,441,5,5.9,-0.9,0.0
SELL,1127,LEU,2025-02-25,91.74,13290.38,2025-02-04,84.65,562.52,609.63,94228.81,93619.18,8.32,14,rotation (out of top-N),2025-02-24,90.81,91.38,65.84,89.22,101.71,86.54,,,37.93,,147,5,,0.1,
SELL,1090,MNPR,2025-02-25,32.28,49204.19,2024-12-31,23.62,581.1,794.16,426108.32,425314.17,36.6,36,ratchet-ATR exit,2025-02-24,35.01,36.03,15.42,44.38,44.84,35.85,,,126.99,,161,5,,-1,
SELL,1123,NET,2025-02-25,146.45,7913.15,2025-01-28,129.23,511.31,579.44,136264.45,135685.01,13.27,19,ratchet-ATR exit,2025-02-24,145.4,138.67,98.66,148.12,157.63,133.94,,,47.38,,133,5,,-0.4,
SELL,1111,PLTR,2025-02-25,90.65,16579.98,2025-01-14,67.18,556.92,751.49,389132.04,388380.56,34.87,28,ratchet-ATR exit,2025-02-24,84.99,88.91,52.41,90.77,105.79,87.75,90.77,84.86,62.15,6.51,686,5,6,-1,0.0
SELL,1104,RKLB,2025-02-25,21.7,45537.32,2025-01-14,24.46,556.92,494.08,-125683.0,-126177.08,-11.33,28,rotation (out of top-N),2025-02-24,20.48,24.83,14.51,22.5,25.9,27.41,,,41.2,,245,5,,-0.1,
SELL,1113,ROOT,2025-02-25,98.37,12969.14,2025-01-28,78.85,511.31,637.89,253157.56,252519.67,24.69,19,ratchet-ATR exit,2025-02-24,134.88,103.26,68.34,99.83,111.53,93.59,,,97.35,,112,5,,-0.9,
BUY,1154,ACMR,2025-03-04,24.11,49687.53,,,598.98,,,,,,,2025-03-03,27.06,22.63,19.72,24.33,24.95,20.62,,,37.25,,21,5,,2.8,
BUY,1152,ASTS,2025-03-04,24.75,48402.68,,,598.98,,,,,,,2025-03-03,33.34,27.05,22.75,25.61,27.35,24.47,,,46.57,,280,5,,-0.3,
BUY,1151,EMBJ,2025-03-04,48.79,24553.52,,,598.98,,,,,,,2025-03-03,50.52,42.79,35.0,49.46,44.65,40.88,,,44.36,,476,5,,-0.2,
BUY,1149,ESLT,2025-03-04,337.89,3545.43,,,598.98,,,,,,,2025-03-03,355.0,300.45,229.93,332.35,306.64,294.75,,,54.4,,140,5,,-0.7,
BUY,1156,FUTU,2025-03-04,101.79,11769.0,,,598.98,,,,,,,2025-03-03,111.21,102.92,80.93,102.1,108.9,96.72,,,37.41,,329,5,,0.1,
BUY,1157,GILD,2025-03-04,113.39,10565.01,,,598.98,,,,,,,2025-03-03,113.58,100.34,82.57,112.23,107.03,95.64,111.49,109.69,37.56,1.61,196,5,3.0,0.1,1.9
BUY,1159,IDCC,2025-03-04,202.71,5909.75,,,598.98,,,,,,,2025-03-03,211.96,198.54,158.53,205.19,207.03,191.74,,,33.71,,777,5,,0.3,
BUY,1158,LMND,2025-03-04,34.12,35115.53,,,598.98,,,,,,,2025-03-03,36.17,35.43,26.94,35.71,34.87,34.26,,,34.25,,462,5,,0.3,
BUY,1148,MT,2025-03-04,28.48,42063.42,,,598.98,,,,,,,2025-03-03,32.58,26.95,23.92,28.95,27.81,25.15,,,36.2,,28,5,,2.7,
BUY,1150,PVLA,2025-03-04,19.58,61183.16,,,598.98,,,,,,,2025-03-03,24.66,17.9,15.04,19.52,18.9,15.48,,,64.0,,21,5,,1.7,
BUY,1155,SE,2025-03-04,129.04,9283.68,,,598.98,,,,,,,2025-03-03,135.74,123.76,96.48,123.5,127.3,120.74,,,40.69,,364,5,,-0.0,
BUY,1153,TGTX,2025-03-04,34.28,34941.41,,,598.98,,,,,,,2025-03-03,38.45,32.2,26.09,34.42,30.81,30.71,,,47.37,,371,5,,-0.4,
SELL,1103,APP,2025-03-04,322.1,3437.15,2025-01-14,324.06,556.92,553.55,-6736.81,-7290.37,-0.65,33,rotation (out of top-N),2025-03-03,270.45,351.32,214.27,337.65,371.08,371.3,337.65,314.17,26.22,6.95,665,5,4.3,0.7,0.4
SELL,1142,CCB,2025-03-04,100.11,13522.78,2025-02-25,91.24,616.91,676.88,119947.1,119270.21,9.67,5,rotation (out of top-N),2025-03-03,83.03,86.6,65.35,100.71,94.37,87.92,,,27.04,,294,5,,0.6,
SELL,1141,ITRN,2025-03-04,36.38,32307.38,2025-02-25,38.19,616.91,587.67,-58476.36,-59064.03,-4.79,5,rotation (out of top-N),2025-03-03,35.44,33.63,27.07,37.02,37.76,32.92,,,30.9,,217,5,,0.5,
SELL,1137,LRN,2025-03-04,137.22,9250.75,2025-02-25,133.38,616.91,634.69,35569.14,34934.44,2.83,5,rotation (out of top-N),2025-03-03,123.42,126.09,94.84,139.22,136.65,126.95,,,30.12,,749,5,,0.5,
SELL,1146,NET,2025-03-04,136.56,8424.85,2025-02-25,146.45,616.91,575.25,-83321.74,-83896.99,-6.8,5,rotation (out of top-N),2025-03-03,126.7,136.49,100.13,142.86,148.63,138.05,,,26.53,,140,5,,0.7,
SELL,1130,SEI,2025-03-04,29.64,47943.3,2025-02-11,26.66,639.08,710.52,142871.05,142160.53,11.12,14,rotation (out of top-N),2025-03-03,23.56,28.37,18.33,30.91,31.28,29.16,,,28.51,,301,5,,0.6,
SELL,1133,SEZL,2025-03-04,42.58,28562.42,2025-02-11,44.75,639.08,608.09,-61980.46,-62588.56,-4.9,14,rotation (out of top-N),2025-03-03,38.78,45.4,34.98,45.42,48.79,44.23,,,10.87,,999,2.17,,1.5,
SELL,1124,SPOT,2025-03-04,587.61,1891.86,2025-02-04,594.67,562.52,555.84,-13356.51,-13912.35,-1.24,19,rotation (out of top-N),2025-03-03,531.99,552.27,416.35,599.43,606.24,555.03,,,27.77,,756,5,,0.6,
SELL,1139,STRT,2025-03-04,45.71,25036.91,2025-02-25,49.28,616.91,572.22,-89381.76,-89953.98,-7.29,5,rotation (out of top-N),2025-03-03,45.12,43.95,36.66,49.73,49.37,42.67,,,23.06,,294,4.61,,0.8,
SELL,1138,TPB,2025-03-04,67.45,18249.06,2025-02-25,67.61,616.91,615.45,-2919.85,-3535.3,-0.29,5,rotation (out of top-N),2025-03-03,61.14,63.35,48.62,69.9,68.65,62.74,,,25.75,,455,5,,0.7,
SELL,1117,TVTX,2025-03-04,19.76,50375.2,2025-01-28,20.3,511.31,497.71,-27202.61,-27700.31,-2.71,24,rotation (out of top-N),2025-03-03,18.08,20.05,14.95,19.81,21.26,20.59,,,20.94,,238,4.19,,1.0,
SELL,1140,TWLO,2025-03-04,114.22,10554.93,2025-02-25,116.89,616.91,602.79,-28234.44,-28837.24,-2.34,5,rotation (out of top-N),2025-03-03,106.14,118.31,86.04,116.41,120.97,126.13,,,23.37,,154,4.67,,0.8,
BUY,1163,APP,2025-03-11,240.28,4924.07,,,591.58,,,,,,,2025-03-10,292.98,340.71,219.54,237.87,309.51,363.98,270.45,244.1,33.45,9.74,672,5,4.7,0.3,0.0
BUY,1170,BE,2025-03-11,22.8,51892.79,,,591.58,,,,,,,2025-03-10,24.45,24.07,17.6,22.61,23.23,23.99,,,38.92,,119,5,,0.1,
BUY,1167,BROS,2025-03-11,58.57,20200.71,,,591.58,,,,,,,2025-03-10,62.45,65.92,47.06,58.42,68.94,67.56,,,32.7,,385,5,,0.4,
BUY,1168,DAVE,2025-03-11,81.28,14555.65,,,591.58,,,,,,,2025-03-10,86.45,92.79,62.81,82.07,91.18,96.71,,,37.64,,462,5,,0.1,
BUY,1161,GH,2025-03-11,36.57,32353.17,,,591.58,,,,,,,2025-03-10,42.91,41.3,32.09,35.8,40.71,43.79,,,33.71,,126,5,,0.3,
BUY,1166,INOD,2025-03-11,40.28,29369.63,,,591.58,,,,,,,2025-03-10,48.21,47.02,29.68,41.16,49.58,44.8,,,62.41,,294,5,,-1,
BUY,1160,NUTX,2025-03-11,41.2,28717.37,,,591.58,,,,,,,2025-03-10,52.6,48.01,27.42,41.2,48.21,48.24,,,91.8,,182,5,,-1,
BUY,1171,ODC,2025-03-11,44.58,26540.05,,,591.58,,,,,,,2025-03-10,47.99,43.56,36.37,44.84,44.36,42.5,,,31.93,,91,5,,0.9,
BUY,1169,PDEX,2025-03-11,47.27,25027.09,,,591.58,,,,,,,2025-03-10,45.49,39.03,32.47,42.46,36.51,37.92,,,40.12,,448,5,,-0.0,
BUY,1162,PTCT,2025-03-11,52.72,22444.38,,,591.58,,,,,,,2025-03-10,54.49,50.45,40.79,52.57,52.07,48.52,,,33.6,,315,5,,0.3,
BUY,1164,PTGX,2025-03-11,55.95,21146.66,,,591.58,,,,,,,2025-03-10,54.79,41.65,40.89,55.94,41.31,38.18,,,34.01,,0,5,,3.3,
BUY,1165,SPOT,2025-03-11,488.18,2423.63,,,591.58,,,,,,,2025-03-10,575.83,556.55,423.04,488.68,562.36,565.0,,,36.12,,763,5,,0.2,
SELL,1152,ASTS,2025-03-11,28.92,48402.68,2025-03-04,24.75,598.98,699.9,201839.16,201139.26,16.79,5,rotation (out of top-N),2025-03-10,28.14,27.25,23.23,29.11,29.9,25.52,,,21.11,,287,4.22,,0.9,
SELL,1125,BROS,2025-03-11,58.57,17689.16,2025-02-04,63.6,562.52,518.03,-88976.49,-89494.52,-7.95,24,ratchet-ATR exit,2025-03-10,62.45,65.92,47.06,58.42,68.94,67.56,,,32.7,,385,5,,0.4,
SELL,1106,DAVE,2025-03-11,81.28,13452.21,2025-01-14,82.8,556.92,546.73,-20380.09,-20926.83,-1.88,38,ratchet-ATR exit,2025-03-10,86.45,92.79,62.81,82.07,91.18,96.71,,,37.64,,462,5,,0.1,
SELL,1129,EAT,2025-03-11,139.88,7675.07,2025-02-11,166.53,639.08,536.79,-204579.11,-205115.9,-16.05,19,rotation (out of top-N),2025-03-10,139.33,147.9,106.3,140.25,149.21,158.59,,,31.07,,455,5,,0.4,
SELL,1157,GILD,2025-03-11,112.84,10565.01,2025-03-04,113.39,598.98,596.08,-5810.75,-6406.83,-0.53,5,rotation (out of top-N),2025-03-10,108.53,101.83,83.76,113.31,110.57,98.7,112.84,110.93,29.57,1.69,203,5,2.6,0.5,1.9
SELL,1144,HOOD,2025-03-11,36.08,25999.76,2025-02-25,47.45,616.91,469.04,-295747.33,-296216.36,-24.01,10,rotation (out of top-N),2025-03-10,39.23,46.98,32.6,35.61,45.73,50.38,44.43,41.3,20.36,7.04,455,4.07,4.0,1.0,1.0
SELL,1105,INOD,2025-03-11,40.28,31643.26,2025-01-14,35.2,556.92,637.37,160905.99,160268.61,14.39,38,ratchet-ATR exit,2025-03-10,48.21,47.02,29.68,41.16,49.58,44.8,,,62.41,,294,5,,-1,
SELL,1158,LMND,2025-03-11,33.16,35115.53,2025-03-04,34.12,598.98,582.3,-33359.75,-33942.05,-2.83,5,rotation (out of top-N),2025-03-10,34.95,35.34,27.41,32.69,35.03,34.11,,,27.49,,469,5,,0.6,
SELL,1148,MT,2025-03-11,31.04,42063.42,2025-03-04,28.48,598.98,652.82,107682.36,107029.53,8.93,5,rotation (out of top-N),2025-03-10,31.67,27.81,24.1,30.94,30.45,26.42,,,31.41,,35,5,,2.8,
SELL,1102,NUTX,2025-03-11,41.2,35540.61,2025-01-14,31.34,556.92,732.14,350430.44,349698.31,31.4,38,ratchet-ATR exit,2025-03-10,52.6,48.01,27.42,41.2,48.21,48.24,,,91.8,,182,5,,-1,
SELL,1155,SE,2025-03-11,126.05,9283.68,2025-03-04,129.04,598.98,585.1,-27758.21,-28343.31,-2.37,5,rotation (out of top-N),2025-03-10,127.36,124.42,97.85,127.32,132.31,124.37,,,30.16,,371,5,,0.5,
SELL,1126,TPR,2025-03-11,70.32,15532.66,2025-02-04,72.43,562.52,546.13,-32773.92,-33320.05,-2.96,24,rotation (out of top-N),2025-03-10,69.43,74.02,54.29,69.68,77.9,76.63,73.61,70.65,27.89,4.02,175,5,4.1,0.6,0.5
BUY,1174,EAT,2025-03-18,136.46,9225.08,,,629.4,,,,,,,2025-03-17,144.9,147.35,108.24,141.52,143.7,158.48,,,33.87,,462,5,,0.3,
BUY,1175,HOOD,2025-03-18,40.8,30849.37,,,629.4,,,,,,,2025-03-17,44.36,46.51,33.15,42.02,41.46,49.87,42.02,40.33,33.83,4.03,462,5,4.4,0.3,0.3
BUY,1173,LB,2025-03-18,72.65,17327.03,,,629.4,,,,,,,2025-03-17,76.69,69.7,54.55,72.6,68.38,68.28,,,40.6,,126,5,,-0.0,
BUY,1172,VEON,2025-03-18,46.66,26978.32,,,629.4,,,,,,,2025-03-17,46.0,43.71,34.57,44.75,42.61,44.03,,,33.08,,483,5,,0.3,
SELL,1156,FUTU,2025-03-18,116.92,11769.0,2025-03-04,101.79,598.98,688.02,178064.93,177376.91,14.81,10,rotation (out of top-N),2025-03-17,104.68,105.26,82.95,115.26,111.31,105.18,,,26.2,,343,5,,0.7,
SELL,1159,IDCC,2025-03-18,217.29,5909.75,2025-03-04,202.71,598.98,642.07,86164.21,85522.15,7.14,10,rotation (out of top-N),2025-03-17,214.34,203.75,163.53,216.47,209.91,197.85,,,31.07,,791,5,,0.4,
SELL,1171,ODC,2025-03-18,47.86,26540.05,2025-03-11,44.58,591.58,635.1,87051.38,86416.27,7.3,5,rotation (out of top-N),2025-03-17,45.11,43.84,36.62,48.0,46.1,43.17,,,23.17,,98,4.63,,1.2,
SELL,1164,PTGX,2025-03-18,52.15,21146.66,2025-03-11,55.95,591.58,551.4,-80357.31,-80908.71,-6.84,5,rotation (out of top-N),2025-03-17,52.6,43.64,41.37,53.11,50.24,40.55,,,27.17,,7,5,,3.5,
BUY,1182,AU,2025-03-25,33.09,41366.11,,,684.4,,,,,,,2025-03-24,34.38,29.53,25.87,32.39,31.49,28.98,,,32.9,,56,5,,2.4,
BUY,1183,BABA,2025-03-25,129.57,10564.21,,,684.4,,,,,,,2025-03-24,129.13,121.88,94.03,131.17,134.62,121.6,,,37.33,,308,5,,0.1,
BUY,1180,CCB,2025-03-25,89.94,15219.09,,,684.4,,,,,,,2025-03-24,90.0,86.67,68.55,90.41,85.95,88.49,,,31.3,,315,5,,0.4,
BUY,1176,CIB,2025-03-25,38.27,35767.04,,,684.4,,,,,,,2025-03-24,38.37,35.69,29.66,37.86,37.39,36.15,,,29.37,,658,5,,0.5,
BUY,1179,HCI,2025-03-25,139.73,9796.07,,,684.4,,,,,,,2025-03-24,148.38,130.25,109.72,137.8,135.39,126.01,,,35.24,,182,5,,0.2,
BUY,1181,ONC,2025-03-25,255.65,5354.32,,,684.4,,,,,,,2025-03-24,267.55,244.7,204.55,253.12,256.8,243.99,,,30.8,,224,5,,0.5,
BUY,1177,PLMR,2025-03-25,135.59,10095.17,,,684.4,,,,,,,2025-03-24,136.86,124.18,103.62,134.99,130.63,121.11,,,32.08,,497,5,,0.4,
BUY,1178,SE,2025-03-25,130.66,10476.48,,,684.4,,,,,,,2025-03-24,130.68,125.8,100.52,129.52,128.21,127.93,,,30.0,,385,5,,0.5,
SELL,1154,ACMR,2025-03-25,28.05,49687.53,2025-03-04,24.11,598.98,696.74,195520.41,194823.67,16.26,15,rotation (out of top-N),2025-03-24,24.57,24.41,20.01,27.73,27.83,24.6,,,22.76,,42,4.55,,3.2,
SELL,1163,APP,2025-03-25,340.2,4924.07,2025-03-11,240.28,591.58,837.58,492013.1,491175.52,41.51,10,rotation (out of top-N),2025-03-24,272.78,324.42,230.32,339.69,305.96,352.69,339.69,326.01,18.44,4.03,686,3.69,3.6,1.1,1.5
SELL,1147,BABA,2025-03-25,129.57,9531.24,2025-02-25,129.45,616.91,617.48,1143.75,526.27,0.04,20,ratchet-ATR exit,2025-03-24,129.13,121.88,94.03,131.17,134.62,121.6,,,37.33,,308,5,,0.1,
SELL,1170,BE,2025-03-25,22.82,51892.79,2025-03-11,22.8,591.58,592.1,1037.86,445.76,0.04,10,rotation (out of top-N),2025-03-24,20.34,23.37,18.03,23.01,23.98,23.86,,,12.83,,133,2.57,,1.4,
SELL,1151,EMBJ,2025-03-25,49.17,24553.52,2025-03-04,48.79,598.98,603.65,9330.34,8726.69,0.73,15,rotation (out of top-N),2025-03-24,45.76,45.83,36.66,49.0,51.56,45.8,,,24.83,,497,4.97,,0.8,
SELL,1175,HOOD,2025-03-25,48.7,30849.37,2025-03-18,40.8,629.4,751.18,243555.76,242804.58,19.29,5,rotation (out of top-N),2025-03-24,41.91,45.67,33.64,48.35,43.44,49.11,48.35,46.36,24.59,4.12,469,4.92,4.0,0.8,0.8
SELL,1166,INOD,2025-03-25,46.13,29369.63,2025-03-11,40.28,591.58,677.48,171812.34,171134.86,14.46,10,rotation (out of top-N),2025-03-24,37.38,44.5,30.95,46.09,44.82,46.55,,,20.77,,308,4.15,,1.0,
SELL,1173,LB,2025-03-25,81.17,17327.03,2025-03-18,72.65,629.4,703.22,147626.27,146923.05,11.67,5,rotation (out of top-N),2025-03-24,69.11,69.6,54.3,80.87,74.59,68.21,,,27.27,,133,5,,0.6,
BUY,1193,BJ,2025-04-01,114.11,11362.27,,,648.3,,,,,,,2025-03-31,115.4,107.72,93.24,114.17,111.26,106.94,,,23.76,,413,4.75,,0.8,
BUY,1191,CORT,2025-04-01,113.2,11454.12,,,648.3,,,,,,,2025-03-31,74.48,61.38,49.82,114.26,67.42,62.98,,,49.51,,308,5,,-0.5,
BUY,1189,GILD,2025-04-01,109.15,11879.12,,,648.3,,,,,,,2025-03-31,104.49,103.65,86.85,109.08,107.38,105.14,108.37,106.75,20.32,1.49,224,4.06,2.0,1.0,3.0
BUY,1188,LRN,2025-04-01,125.91,10298.29,,,648.3,,,,,,,2025-03-31,125.12,124.93,100.3,126.46,125.61,131.73,,,24.74,,777,4.95,,0.8,
BUY,1185,MNPR,2025-04-01,32.39,40031.06,,,648.3,,,,,,,2025-03-31,28.96,34.89,19.19,35.94,38.64,38.78,,,50.9,,196,5,,-0.5,
BUY,1194,PLTR,2025-04-01,83.89,15456.03,,,648.3,,,,,,,2025-03-31,73.97,85.39,60.02,84.39,88.47,94.65,84.39,80.95,23.24,4.07,721,4.65,3.9,0.8,1.0
BUY,1187,ROOT,2025-04-01,133.22,9732.45,,,648.3,,,,,,,2025-03-31,112.12,124.14,79.73,133.35,147.56,130.2,,,40.62,,147,5,,-0.0,
BUY,1186,SDS,2025-04-01,102.42,12659.7,,,648.3,,,,,,,2025-03-31,122.4,100.21,95.49,101.92,99.79,93.93,,,28.18,,7,5,,3.5,
BUY,1192,SENEA,2025-04-01,90.65,14303.43,,,648.3,,,,,,,2025-03-31,86.16,82.89,69.96,89.07,87.27,81.87,,,23.15,,546,4.63,,0.8,
BUY,1190,VRSN,2025-04-01,252.06,5144.04,,,648.3,,,,,,,2025-03-31,236.65,230.93,196.67,250.07,243.93,232.22,250.07,247.09,20.33,1.19,147,4.07,1.8,1.0,3.2
BUY,1195,VXZ,2025-04-01,55.24,23472.23,,,648.3,,,,,,,2025-03-31,64.39,54.63,50.77,55.63,53.73,52.91,,,26.83,,84,5,,1.3,
BUY,1184,WGS,2025-04-01,87.54,14811.58,,,648.3,,,,,,,2025-03-31,80.03,88.78,64.06,88.4,94.9,90.44,,,24.93,,406,4.99,,0.8,
SELL,1167,BROS,2025-04-01,61.63,20200.71,2025-03-11,58.57,591.58,622.54,61915.18,61292.64,5.18,15,rotation (out of top-N),2025-03-31,51.43,62.72,48.58,61.75,65.1,69.21,,,5.87,,406,1.17,,1.7,
SELL,1180,CCB,2025-04-01,90.89,15219.09,2025-03-25,89.94,684.4,691.63,14458.13,13766.5,1.01,5,rotation (out of top-N),2025-03-31,80.0,85.46,69.39,90.53,88.27,88.65,,,15.29,,322,3.06,,1.2,
SELL,1168,DAVE,2025-04-01,82.6,14555.65,2025-03-11,81.28,591.58,601.15,19140.67,18539.53,1.57,15,rotation (out of top-N),2025-03-31,70.91,87.28,66.28,82.43,88.04,95.73,,,6.98,,483,1.4,,1.7,
SELL,1135,MNPR,2025-04-01,32.39,38222.39,2025-02-25,32.28,616.91,619.01,4204.46,3585.45,0.29,25,ratchet-ATR exit,2025-03-31,28.96,34.89,19.19,35.94,38.64,38.78,,,50.9,,196,5,,-0.5,
SELL,1181,ONC,2025-04-01,283.6,5354.32,2025-03-25,255.65,684.4,759.24,149679.95,148920.71,10.88,5,rotation (out of top-N),2025-03-31,238.47,243.56,206.94,272.22,260.84,248.32,,,15.23,,231,3.05,,1.2,
SELL,1145,PLTR,2025-04-01,83.89,13610.8,2025-02-25,90.65,616.91,570.9,-92009.0,-92579.9,-7.5,25,ratchet-ATR exit,2025-03-31,73.97,85.39,60.02,84.39,88.47,94.65,84.39,80.95,23.24,4.07,721,4.65,3.9,0.8,1.0
SELL,1162,PTCT,2025-04-01,50.88,22444.38,2025-03-11,52.72,591.58,571.04,-41073.22,-41644.26,-3.52,15,rotation (out of top-N),2025-03-31,43.23,50.5,42.08,50.94,54.49,52.39,,,2.73,,336,0.55,,1.9,
SELL,1136,ROOT,2025-04-01,133.22,12542.63,2025-02-25,98.37,616.91,835.5,437173.49,436337.99,35.36,25,ratchet-ATR exit,2025-03-31,112.12,124.14,79.73,133.35,147.56,130.2,,,40.62,,147,5,,-0.0,
SELL,1178,SE,2025-04-01,129.02,10476.48,2025-03-25,130.66,684.4,675.84,-17129.05,-17804.88,-1.3,5,rotation (out of top-N),2025-03-31,106.44,122.28,101.4,130.41,129.91,129.26,,,4.97,,392,0.99,,1.8,
SELL,1165,SPOT,2025-04-01,545.71,2423.63,2025-03-11,488.18,591.58,661.3,139443.56,138782.26,11.73,15,rotation (out of top-N),2025-03-31,502.42,552.57,440.98,550.09,574.91,591.79,,,13.93,,784,2.79,,1.3,
SELL,1172,VEON,2025-04-01,44.9,26978.32,2025-03-18,46.66,629.4,605.66,-47481.85,-48087.51,-3.82,10,rotation (out of top-N),2025-03-31,39.04,43.05,35.37,43.95,44.92,44.21,,,10.39,,497,2.08,,1.5,
SELL,1134,WGS,2025-04-01,87.54,13042.48,2025-02-25,94.6,616.91,570.87,-92079.93,-92650.8,-7.51,25,ratchet-ATR exit,2025-03-31,80.03,88.78,64.06,88.4,94.9,90.44,,,24.93,,406,4.99,,0.8,
BUY,1198,AEM,2025-04-08,102.94,12303.11,,,633.24,,,,,,,2025-04-07,116.38,100.95,85.19,98.59,103.3,100.03,,,36.62,,483,5,,0.2,
BUY,1207,AGL,2025-04-08,134.5,9416.22,,,633.24,,,,,,,2025-04-07,142.0,103.35,90.32,106.25,105.3,96.0,,,57.22,,14,5,,1.9,
BUY,1211,AU,2025-04-08,31.82,39801.45,,,633.24,,,,,,,2025-04-07,39.77,31.63,26.42,30.99,32.88,30.49,,,50.5,,70,5,,0.3,
BUY,1209,CORT,2025-04-08,76.32,16594.37,,,633.24,,,,,,,2025-04-07,68.52,62.68,50.78,74.71,74.88,64.64,,,34.94,,315,5,,0.3,
BUY,1206,EAT,2025-04-08,144.78,8747.63,,,633.24,,,,,,,2025-04-07,143.76,144.88,113.54,136.55,144.26,150.39,,,26.62,,483,5,,0.7,
BUY,1200,ESLT,2025-04-08,370.09,3422.09,,,633.24,,,,,,,2025-04-07,400.82,355.1,255.68,362.3,379.42,347.53,,,56.77,,175,5,,-0.8,
BUY,1199,FNV,2025-04-08,148.73,8515.31,,,633.24,,,,,,,2025-04-07,164.76,147.12,128.73,144.19,151.23,146.19,,,27.99,,84,5,,1.2,
BUY,1197,GH,2025-04-08,43.35,29215.27,,,633.24,,,,,,,2025-04-07,43.73,42.33,33.5,41.77,42.76,43.51,,,30.55,,154,5,,0.5,
BUY,1208,HCI,2025-04-08,142.9,8862.72,,,633.24,,,,,,,2025-04-07,144.21,133.39,112.34,136.73,140.64,131.65,,,28.37,,196,5,,0.6,
BUY,1210,HOOD,2025-04-08,37.13,34109.4,,,633.24,,,,,,,2025-04-07,43.63,43.64,34.46,35.52,39.87,46.42,35.52,31.1,26.63,12.46,483,5,4.3,0.7,0.3
BUY,1202,PLMR,2025-04-08,136.02,9311.0,,,633.24,,,,,,,2025-04-07,147.97,129.83,106.55,130.19,135.49,128.21,,,38.87,,511,5,,0.1,
BUY,1201,PVLA,2025-04-08,20.84,60771.69,,,633.24,,,,,,,2025-04-07,21.72,22.52,17.0,19.77,24.9,23.37,,,27.76,,56,5,,2.7,
BUY,1203,RGLD,2025-04-08,160.12,7909.58,,,633.24,,,,,,,2025-04-07,177.62,155.03,141.74,155.38,158.16,151.67,,,25.32,,378,5,,0.7,
BUY,1205,SFM,2025-04-08,152.84,8286.33,,,633.24,,,,,,,2025-04-07,157.26,147.67,128.05,147.34,149.21,149.82,,,22.81,,882,4.56,,0.9,
BUY,1204,TGTX,2025-04-08,38.42,32959.85,,,633.24,,,,,,,2025-04-07,36.71,36.49,28.87,37.23,38.96,36.05,,,27.17,,406,5,,0.6,
BUY,1196,WPM,2025-04-08,72.71,17418.27,,,633.24,,,,,,,2025-04-07,81.52,71.7,62.85,70.23,74.14,71.35,,,29.71,,497,5,,0.5,
SELL,1182,AU,2025-04-08,31.82,41366.11,2025-03-25,33.09,684.4,658.13,-52534.96,-53193.09,-3.89,10,ratchet-ATR exit,2025-04-07,39.77,31.63,26.42,30.99,32.88,30.49,,,50.5,,70,5,,0.3,
SELL,1183,BABA,2025-04-08,105.75,10564.21,2025-03-25,129.57,684.4,558.58,-251639.46,-252198.04,-18.42,10,rotation (out of top-N),2025-04-07,105.07,117.59,95.93,103.27,122.37,128.69,,,9.53,,322,1.91,,1.5,
SELL,1176,CIB,2025-04-08,37.3,35767.04,2025-03-25,38.27,684.4,667.06,-34694.03,-35361.08,-2.58,10,rotation (out of top-N),2025-04-07,36.2,36.19,30.15,36.04,38.38,37.24,,,20.06,,672,4.01,,1.0,
SELL,1191,CORT,2025-04-08,76.32,11454.12,2025-04-01,113.2,648.3,437.09,-422427.82,-422864.91,-32.61,5,ratchet-ATR exit,2025-04-07,68.52,62.68,50.78,74.71,74.88,64.64,,,34.94,,315,5,,0.3,
SELL,1143,DRUG,2025-04-08,30.9,35919.03,2025-02-25,34.35,616.91,554.95,-123920.67,-124475.62,-10.09,30,rotation (out of top-N),2025-04-07,28.48,34.54,25.82,30.72,34.22,36.53,,,10.3,,175,2.06,,1.5,
SELL,1174,EAT,2025-04-08,144.78,9225.08,2025-03-18,136.46,629.4,667.8,76798.8,76131.0,6.05,15,ratchet-ATR exit,2025-04-07,143.76,144.88,113.54,136.55,144.26,150.39,,,26.62,,483,5,,0.7,
SELL,1149,ESLT,2025-04-08,370.09,3545.43,2025-03-04,337.89,598.98,656.06,114162.93,113506.87,9.47,25,ratchet-ATR exit,2025-04-07,400.82,355.1,255.68,362.3,379.42,347.53,,,56.77,,175,5,,-0.8,
SELL,1161,GH,2025-04-08,43.35,32353.17,2025-03-11,36.57,591.58,701.26,219354.53,218653.27,18.48,20,ratchet-ATR exit,2025-04-07,43.73,42.33,33.5,41.77,42.76,43.51,,,30.55,,154,5,,0.5,
SELL,1189,GILD,2025-04-08,103.07,11879.12,2025-04-01,109.15,648.3,612.19,-72225.05,-72837.24,-5.62,5,rotation (out of top-N),2025-04-07,100.98,103.16,87.79,102.73,106.61,106.64,102.06,98.06,15.03,3.92,231,3.01,3.4,1.2,1.9
SELL,1179,HCI,2025-04-08,142.9,9796.07,2025-03-25,139.73,684.4,699.93,31053.53,30353.61,2.22,10,ratchet-ATR exit,2025-04-07,144.21,133.39,112.34,136.73,140.64,131.65,,,28.37,,196,5,,0.6,
SELL,1177,PLMR,2025-04-08,136.02,10095.17,2025-03-25,135.59,684.4,686.57,4340.92,3654.35,0.27,10,ratchet-ATR exit,2025-04-07,147.97,129.83,106.55,130.19,135.49,128.21,,,38.87,,511,5,,0.1,
SELL,1150,PVLA,2025-04-08,20.84,61183.16,2025-03-04,19.58,598.98,637.53,77090.78,76453.25,6.38,25,ratchet-ATR exit,2025-04-07,21.72,22.52,17.0,19.77,24.9,23.37,,,27.76,,56,5,,2.7,
SELL,1186,SDS,2025-04-08,114.59,12659.7,2025-04-01,102.42,648.3,725.34,154068.49,153343.16,11.83,5,rotation (out of top-N),2025-04-07,106.3,101.31,95.64,123.09,108.64,96.84,,,11.15,,14,2.23,,4.2,
SELL,1192,SENEA,2025-04-08,84.02,14303.43,2025-04-01,90.65,648.3,600.85,-94903.26,-95504.12,-7.37,5,rotation (out of top-N),2025-04-07,82.81,82.87,70.52,82.82,86.67,83.63,,,17.43,,553,3.49,,1.1,
SELL,1153,TGTX,2025-04-08,38.42,34941.41,2025-03-04,34.28,598.98,671.31,144657.44,143986.12,12.02,25,ratchet-ATR exit,2025-04-07,36.71,36.49,28.87,37.23,38.96,36.05,,,27.17,,406,5,,0.6,
SELL,1190,VRSN,2025-04-08,234.62,5144.04,2025-04-01,252.06,648.3,603.45,-89712.01,-90315.46,-6.97,5,rotation (out of top-N),2025-04-07,243.56,233.22,198.4,230.93,242.76,235.75,230.93,222.08,22.76,3.83,154,4.55,3.7,0.9,1.2
BUY,1212,CIB,2025-04-15,36.85,35721.77,,,658.17,,,,,,,2025-04-14,37.87,36.49,30.38,36.68,36.93,37.33,,,24.65,,679,4.93,,0.8,
BUY,1215,PM,2025-04-15,153.21,8591.79,,,658.17,,,,,,,2025-04-14,157.61,145.65,124.72,152.14,148.43,147.61,150.89,148.39,26.37,1.66,364,5,2.4,0.7,2.3
BUY,1213,SPOT,2025-04-15,554.3,2374.77,,,658.17,,,,,,,2025-04-14,575.62,555.27,453.46,549.02,547.95,571.58,,,26.94,,798,5,,0.7,
BUY,1214,TIGO,2025-04-15,25.83,50961.96,,,658.17,,,,,,,2025-04-14,29.11,25.69,23.09,25.61,25.35,25.17,,,26.05,,483,5,,0.7,
SELL,1207,AGL,2025-04-15,138.63,9416.22,2025-04-08,134.5,633.24,652.69,38889.0,38236.32,3.02,5,rotation (out of top-N),2025-04-14,99.88,102.72,88.89,140.0,125.75,102.33,,,12.36,,21,2.47,,4.0,
SELL,1209,CORT,2025-04-15,67.42,16594.37,2025-04-08,76.32,633.24,559.4,-147689.86,-148249.26,-11.71,5,rotation (out of top-N),2025-04-14,62.21,62.6,51.54,67.38,71.15,64.51,,,20.69,,322,4.14,,1.0,
SELL,1210,HOOD,2025-04-15,44.12,34109.4,2025-04-08,37.13,633.24,752.45,238424.71,237672.26,18.77,5,rotation (out of top-N),2025-04-14,41.2,43.2,34.93,44.13,41.05,44.17,44.13,41.75,17.95,5.4,490,3.59,3.9,1.1,1.2
SELL,1205,SFM,2025-04-15,160.68,8286.33,2025-04-08,152.84,633.24,665.72,64964.8,64299.07,5.08,5,rotation (out of top-N),2025-04-14,160.13,149.94,129.99,160.19,153.06,147.59,,,23.19,,889,4.64,,0.8,
BUY,1221,CORT,2025-04-22,63.75,21984.31,,,700.75,,,,,,,2025-04-21,71.7,64.25,52.49,62.86,67.37,64.12,,,36.6,,329,5,,0.2,
BUY,1218,DAVE,2025-04-22,82.83,16920.2,,,700.75,,,,,,,2025-04-21,92.86,87.3,70.15,80.56,82.37,86.93,,,32.37,,504,5,,0.4,
BUY,1216,ESLT,2025-04-22,372.26,3764.84,,,700.75,,,,,,,2025-04-21,375.56,366.12,266.01,381.45,392.95,369.33,,,41.18,,189,5,,-0.1,
BUY,1223,FCAP,2025-04-22,40.13,34924.0,,,700.75,,,,,,,2025-04-21,46.81,38.31,33.27,39.36,38.48,36.76,,,40.72,,357,5,,-0.0,
BUY,1222,HOOD,2025-04-22,41.09,34108.06,,,700.75,,,,,,,2025-04-21,49.45,44.33,35.58,39.85,41.11,42.64,39.85,38.5,38.98,3.39,497,5,4.2,0.1,0.7
BUY,1224,MSTR,2025-04-22,328.52,4266.1,,,700.75,,,,,,,2025-04-21,368.43,316.57,271.36,317.48,304.1,289.15,,,35.77,,805,5,,0.2,
BUY,1219,NFLX,2025-04-22,100.54,13939.73,,,700.75,,,,,,,2025-04-21,110.1,96.47,84.1,98.77,95.03,94.11,98.77,96.04,30.92,2.76,896,5,3.4,0.5,1.2
BUY,1217,SNEX,2025-04-22,35.63,39334.83,,,700.75,,,,,,,2025-04-21,38.89,34.63,29.42,34.82,34.42,34.24,,,32.19,,539,5,,0.4,
BUY,1220,VRSN,2025-04-22,240.23,5833.99,,,700.75,,,,,,,2025-04-21,268.61,241.2,202.47,237.75,241.73,239.16,237.75,235.57,32.67,0.92,168,5,2.2,0.4,2.4
SELL,1193,BJ,2025-04-22,114.31,11362.27,2025-04-01,114.11,648.3,649.38,2158.83,1509.45,0.12,14,rotation (out of top-N),2025-04-21,111.98,111.29,95.25,114.04,116.17,110.92,,,17.56,,434,3.51,,1.1,
SELL,1200,ESLT,2025-04-22,372.26,3422.09,2025-04-08,370.09,633.24,636.95,7425.94,6788.99,0.54,9,ratchet-ATR exit,2025-04-21,375.56,366.12,266.01,381.45,392.95,369.33,,,41.18,,189,5,,-0.1,
SELL,1199,FNV,2025-04-22,173.34,8515.31,2025-04-08,148.73,633.24,738.02,209561.78,208823.76,16.49,9,rotation (out of top-N),2025-04-21,168.64,154.39,130.94,171.84,163.87,151.23,,,28.79,,98,5,,0.9,
SELL,1208,HCI,2025-04-22,141.56,8862.72,2025-04-08,142.9,633.24,627.3,-11876.04,-12503.34,-0.99,9,rotation (out of top-N),2025-04-21,139.97,136.14,115.12,139.01,142.43,137.25,,,21.59,,210,4.32,,0.9,
SELL,1215,PM,2025-04-22,157.58,8591.79,2025-04-15,153.21,658.17,676.95,37546.1,36869.15,2.8,4,rotation (out of top-N),2025-04-21,164.39,149.06,126.32,156.69,152.71,148.73,155.4,153.12,30.14,1.46,371,5,2.5,0.5,2.0
SELL,1203,RGLD,2025-04-22,184.28,7909.58,2025-04-08,160.12,633.24,728.79,191095.47,190366.68,15.03,9,rotation (out of top-N),2025-04-21,176.92,163.12,144.0,184.0,175.82,158.07,,,22.86,,392,4.57,,0.9,
SELL,1214,TIGO,2025-04-22,29.01,50961.96,2025-04-15,25.83,658.17,739.2,162059.03,161319.83,12.26,4,rotation (out of top-N),2025-04-21,29.41,26.36,23.31,28.79,26.93,25.64,,,26.18,,490,5,,0.7,
SELL,1195,VXZ,2025-04-22,65.95,23472.23,2025-04-01,55.24,648.3,774.0,251387.59,250613.59,19.33,14,rotation (out of top-N),2025-04-21,63.07,59.22,51.96,67.84,63.86,57.03,,,21.38,,105,4.28,,1.2,
SELL,1196,WPM,2025-04-22,85.1,17418.27,2025-04-08,72.71,633.24,741.15,215812.31,215071.16,16.98,9,rotation (out of top-N),2025-04-21,81.07,75.15,64.01,84.53,80.64,74.09,,,26.66,,511,5,,0.7,
BUY,1229,DUOL,2025-04-29,384.0,4650.17,,,892.83,,,,,,,2025-04-28,486.6,361.69,309.23,384.37,354.27,315.65,,,57.36,,231,5,,-0.9,
BUY,1230,HWM,2025-04-29,136.45,13086.6,,,892.83,,,,,,,2025-04-28,153.67,131.2,114.09,135.88,129.2,127.23,135.88,133.24,34.69,1.94,910,5,3.0,0.3,1.7
BUY,1227,IRTC,2025-04-29,106.31,16795.99,,,892.83,,,,,,,2025-04-28,130.98,108.5,89.24,106.45,103.18,103.12,,,46.77,,112,5,,-0.2,
BUY,1226,MNPR,2025-04-29,40.09,44535.88,,,892.83,,,,,,,2025-04-28,41.33,37.46,22.71,40.09,40.28,35.76,,,81.97,,224,5,,-1,
BUY,1225,NUTX,2025-04-29,117.87,15149.45,,,892.83,,,,,,,2025-04-28,114.0,94.77,43.98,118.32,128.55,81.57,,,159.22,,231,5,,-1,
BUY,1228,SE,2025-04-29,130.88,13644.06,,,892.83,,,,,,,2025-04-28,141.77,126.03,107.12,130.31,122.94,125.26,,,32.35,,420,5,,0.4,
BUY,1231,SEZL,2025-04-29,49.85,35820.78,,,892.83,,,,,,,2025-04-28,55.69,44.18,40.35,49.59,43.95,39.07,,,38.01,,999,5,,0.1,
SELL,1198,AEM,2025-04-29,116.68,12303.11,2025-04-08,102.94,633.24,717.76,169044.72,168326.96,13.29,14,rotation (out of top-N),2025-04-28,109.93,107.37,88.43,117.65,116.94,106.81,,,24.31,,504,4.86,,0.8,
SELL,1212,CIB,2025-04-29,39.39,35721.77,2025-04-15,36.85,658.17,703.54,90733.31,90029.77,6.84,9,rotation (out of top-N),2025-04-28,39.68,37.66,31.0,39.27,38.94,37.72,,,28.01,,693,5,,0.6,
SELL,1206,EAT,2025-04-29,148.05,8747.63,2025-04-08,144.78,633.24,647.54,28604.75,27957.21,2.21,14,rotation (out of top-N),2025-04-28,133.19,145.94,119.82,160.5,154.83,147.4,,,11.16,,504,2.23,,1.4,
SELL,1185,MNPR,2025-04-29,40.09,40031.06,2025-04-01,32.39,648.3,802.52,308439.31,307636.79,23.73,19,ratchet-ATR exit,2025-04-28,41.33,37.46,22.71,40.09,40.28,35.76,,,81.97,,224,5,,-1,
SELL,1160,NUTX,2025-04-29,117.87,28717.37,2025-03-11,41.2,591.58,1692.46,2201760.69,2200068.24,185.95,34,ratchet-ATR exit,2025-04-28,114.0,94.77,43.98,118.32,128.55,81.57,,,159.22,,231,5,,-1,
SELL,1169,PDEX,2025-04-29,67.81,25027.09,2025-03-11,47.27,591.58,848.54,513931.26,513082.72,43.37,34,rotation (out of top-N),2025-04-28,45.59,51.44,38.79,69.04,63.38,51.94,,,17.55,,497,3.51,,1.1,
SELL,1184,WGS,2025-04-29,113.5,14811.58,2025-04-01,87.54,648.3,840.56,384508.7,383668.15,29.59,19,rotation (out of top-N),2025-04-28,67.2,89.76,70.14,112.61,103.31,95.51,,,-4.19,,434,-0.84,,2.2,
BUY,1239,ATRO,2025-05-06,19.42,78182.88,,,759.16,,,,,,,2025-05-05,22.8,19.31,16.34,19.75,18.85,19.46,,,39.55,,63,5,,1.0,
BUY,1238,CVSA,2025-05-06,112.5,13496.1,,,759.16,,,,,,,2025-05-05,136.35,109.71,90.81,114.03,108.41,102.12,,,50.14,,371,5,,-0.5,
BUY,1236,HCI,2025-05-06,143.98,10545.29,,,759.16,,,,,,,2025-05-05,164.06,142.53,118.39,146.37,143.77,140.9,,,38.58,,224,5,,0.1,
BUY,1237,LMB,2025-05-06,106.61,14241.07,,,759.16,,,,,,,2025-05-05,121.55,93.45,84.56,103.67,95.44,82.08,,,43.74,,945,5,,-0.2,
BUY,1233,OKTA,2025-05-06,114.32,13281.24,,,759.16,,,,,,,2025-05-05,119.44,105.78,88.84,115.7,108.61,105.73,,,34.45,,98,5,,0.6,
BUY,1232,TPB,2025-05-06,64.72,23459.7,,,759.16,,,,,,,2025-05-05,74.42,62.29,54.44,64.94,61.04,58.28,,,36.69,,518,5,,0.2,
BUY,1234,UI,2025-05-06,336.97,4505.78,,,759.16,,,,,,,2025-05-05,407.05,334.23,299.32,341.64,323.58,308.39,,,35.99,,343,5,,0.2,
BUY,1235,WOR,2025-05-06,53.55,28353.16,,,759.16,,,,,,,2025-05-05,57.28,48.15,42.35,54.31,50.08,45.8,,,35.25,,42,5,,2.5,
SELL,1221,CORT,2025-05-06,70.27,21984.31,2025-04-22,63.75,700.75,772.42,143337.73,142565.31,10.17,10,rotation (out of top-N),2025-05-05,70.24,66.62,54.3,74.11,71.49,67.23,,,29.36,,343,5,,0.5,
SELL,1197,GH,2025-05-06,42.97,29215.27,2025-04-08,43.35,633.24,627.69,-11101.8,-11729.49,-0.93,19,rotation (out of top-N),2025-05-05,41.76,43.9,34.88,44.03,46.47,44.25,,,19.73,,182,3.95,,1.0,
SELL,1219,NFLX,2025-05-06,112.79,13939.73,2025-04-22,100.54,700.75,786.13,170761.64,169975.51,12.13,10,rotation (out of top-N),2025-05-05,114.02,102.51,86.73,113.3,110.04,97.72,113.3,111.42,31.47,1.66,910,5,2.7,0.4,1.9
SELL,1201,PVLA,2025-05-06,23.32,60771.69,2025-04-08,20.84,633.24,708.6,150713.8,150005.2,11.84,19,rotation (out of top-N),2025-05-05,22.73,23.33,18.2,23.73,24.33,25.38,,,24.86,,84,4.97,,1.4,
SELL,1228,SE,2025-05-06,140.5,13644.06,2025-04-29,130.88,892.83,958.53,131392.27,130433.74,7.3,5,rotation (out of top-N),2025-05-05,139.16,128.41,109.08,142.43,133.03,125.57,,,27.58,,427,5,,0.6,
SELL,1217,SNEX,2025-05-06,40.5,39334.83,2025-04-22,35.63,700.75,796.53,191560.63,190764.1,13.61,10,rotation (out of top-N),2025-05-05,39.39,36.48,30.25,41.11,39.14,35.16,,,30.23,,553,5,,0.5,
SELL,1204,TGTX,2025-05-06,37.27,32959.85,2025-04-08,38.42,633.24,614.21,-38068.62,-38682.83,-3.05,19,rotation (out of top-N),2025-05-05,33.68,37.77,30.75,37.68,41.43,39.73,,,9.52,,434,1.9,,1.5,
SELL,1220,VRSN,2025-05-06,278.4,5833.99,2025-04-22,240.23,700.75,812.09,222683.5,221871.41,15.83,10,rotation (out of top-N),2025-05-05,277.02,253.48,207.24,280.15,268.84,247.28,280.15,277.5,33.67,0.94,182,5,2.3,0.3,2.4
BUY,1245,AGX,2025-05-13,175.15,9251.19,,,810.17,,,,,,,2025-05-12,187.12,154.55,132.14,169.46,163.26,140.12,,,41.6,,861,5,,-0.1,
BUY,1246,BROS,2025-05-13,69.0,23483.28,,,810.17,,,,,,,2025-05-12,73.75,64.0,52.35,69.89,62.85,61.19,,,40.87,,448,5,,-0.0,
BUY,1251,CVNA,2025-05-13,56.28,28790.8,,,810.17,,,,,,,2025-05-12,59.95,48.28,42.63,55.91,52.19,43.55,55.91,54.03,40.63,3.36,707,5,4.3,-0.0,0.8
BUY,1240,FRHC,2025-05-13,160.95,10067.39,,,810.17,,,,,,,2025-05-12,176.1,146.04,123.91,159.75,150.59,136.39,,,42.12,,301,5,,-0.1,
BUY,1244,LQDA,2025-05-13,15.88,102069.06,,,810.17,,,,,,,2025-05-12,18.89,15.36,12.69,15.74,15.14,14.34,,,48.82,,119,5,,-0.4,
BUY,1242,MNPR,2025-05-13,33.79,47953.43,,,810.17,,,,,,,2025-05-12,37.95,38.09,24.54,35.1,39.97,38.51,,,54.64,,238,5,,-0.7,
BUY,1250,NET,2025-05-13,143.19,11316.45,,,810.17,,,,,,,2025-05-12,157.47,128.02,110.29,142.44,126.79,115.96,,,42.78,,210,5,,-0.1,
BUY,1249,NRG,2025-05-13,148.03,10946.07,,,810.17,,,,,,,2025-05-12,157.37,113.25,95.53,149.01,119.87,101.33,149.01,141.8,64.74,4.84,679,5,6,-1,0.0
BUY,1247,NXT,2025-05-13,53.91,30056.51,,,810.17,,,,,,,2025-05-12,59.27,45.9,40.69,50.66,44.65,42.29,,,45.66,,91,5,,0.2,
BUY,1248,SE,2025-05-13,151.56,10690.77,,,810.17,,,,,,,2025-05-12,161.36,134.4,111.49,142.24,138.9,127.46,,,44.73,,434,5,,-0.2,
BUY,1243,TPC,2025-05-13,35.1,46163.71,,,810.17,,,,,,,2025-05-12,36.61,26.81,25.35,35.01,27.08,23.25,,,44.43,,0,5,,2.8,
BUY,1241,VEON,2025-05-13,50.17,32297.12,,,810.17,,,,,,,2025-05-12,54.82,45.91,38.16,49.64,46.44,43.9,,,43.66,,539,5,,-0.2,
SELL,1211,AU,2025-05-13,37.55,39801.45,2025-04-08,31.82,633.24,747.27,228062.3,227315.02,17.95,24,rotation (out of top-N),2025-05-12,37.85,36.15,28.07,37.3,39.08,36.37,,,34.83,,105,5,,0.5,
SELL,1216,ESLT,2025-05-13,383.46,3764.84,2025-04-22,372.26,700.75,721.83,42166.23,41444.4,2.96,15,rotation (out of top-N),2025-05-12,393.46,383.24,282.53,378.26,399.32,391.85,,,39.26,,210,5,,0.0,
SELL,1223,FCAP,2025-05-13,46.92,34924.0,2025-04-22,40.13,700.75,819.32,237133.95,236314.63,16.86,15,rotation (out of top-N),2025-05-12,46.63,42.34,34.59,46.66,46.25,40.71,,,34.79,,378,5,,0.3,
SELL,1236,HCI,2025-05-13,165.12,10545.29,2025-05-06,143.98,759.16,870.62,222927.53,222056.91,14.63,5,rotation (out of top-N),2025-05-12,164.64,146.55,120.27,160.96,151.37,143.14,,,36.9,,231,5,,0.2,
SELL,1230,HWM,2025-05-13,155.95,13086.6,2025-04-29,136.45,892.83,1020.43,255188.61,254168.18,14.23,10,rotation (out of top-N),2025-05-12,162.48,140.73,117.52,156.56,150.93,133.58,156.56,153.87,38.26,1.72,924,5,3.1,0.1,1.9
SELL,1188,LRN,2025-05-13,150.74,10298.29,2025-04-01,125.91,648.3,776.18,255757.99,254981.81,19.67,29,rotation (out of top-N),2025-05-12,154.51,142.27,111.44,149.32,152.25,136.2,,,38.64,,819,5,,0.1,
SELL,1226,MNPR,2025-05-13,33.79,44535.88,2025-04-29,40.09,892.83,752.43,-280798.7,-281551.13,-15.77,10,ratchet-ATR exit,2025-05-12,37.95,38.09,24.54,35.1,39.97,38.51,,,54.64,,238,5,,-0.7,
SELL,1224,MSTR,2025-05-13,412.5,4266.1,2025-04-22,328.52,700.75,879.88,358267.3,357387.42,25.5,15,rotation (out of top-N),2025-05-12,399.11,355.74,290.2,404.55,391.19,330.89,,,37.53,,826,5,,0.1,
SELL,1202,PLMR,2025-05-13,156.34,9311.0,2025-04-08,136.02,633.24,727.84,189199.5,188471.66,14.88,24,rotation (out of top-N),2025-05-12,159.16,145.61,114.59,155.26,154.56,143.85,,,38.9,,546,5,,0.1,
SELL,1213,SPOT,2025-05-13,625.0,2374.77,2025-04-15,554.3,658.17,742.12,167884.43,167142.31,12.7,19,rotation (out of top-N),2025-05-12,656.28,604.79,485.51,620.54,629.25,585.73,,,35.17,,826,5,,0.2,
SELL,1232,TPB,2025-05-13,70.17,23459.7,2025-05-06,64.72,759.16,823.08,127855.34,127032.26,8.37,5,rotation (out of top-N),2025-05-12,73.25,64.29,55.37,69.75,68.58,60.15,,,32.29,,525,5,,0.4,
SELL,1235,WOR,2025-05-13,59.8,28353.16,2025-05-06,53.55,759.16,847.76,177207.22,176359.47,11.62,5,rotation (out of top-N),2025-05-12,58.83,50.09,42.76,59.53,54.74,47.94,,,37.6,,49,5,,2.3,
BUY,1257,AU,2025-05-20,39.44,44906.76,,,885.56,,,,,,,2025-05-19,40.92,37.02,28.39,39.24,38.48,37.06,,,44.16,,112,5,,-0.1,
BUY,1253,CORT,2025-05-20,74.82,23671.78,,,885.56,,,,,,,2025-05-19,78.69,70.07,56.44,74.77,72.62,71.06,,,39.43,,357,5,,0.0,
BUY,1256,FCAP,2025-05-20,47.91,36967.7,,,885.56,,,,,,,2025-05-19,48.47,43.45,35.06,46.63,46.54,41.92,,,38.26,,385,5,,0.1,
BUY,1259,LASR,2025-05-20,12.63,140231.4,,,885.56,,,,,,,2025-05-19,14.51,10.49,10.4,12.68,11.56,8.56,,,39.47,,0,5,,3.0,
BUY,1255,LEU,2025-05-20,95.52,18541.9,,,885.56,,,,,,,2025-05-19,112.56,85.76,76.18,95.12,89.99,72.03,,,47.74,,231,5,,-0.4,
BUY,1252,PLMR,2025-05-20,160.9,11007.6,,,885.56,,,,,,,2025-05-19,162.53,148.69,116.29,161.16,156.95,147.2,,,39.77,,553,5,,0.0,
BUY,1254,RDVT,2025-05-20,49.13,36046.05,,,885.56,,,,,,,2025-05-19,49.18,42.38,35.55,49.0,46.47,39.8,,,38.34,,364,5,,0.1,
BUY,1258,URBN,2025-05-20,61.95,28591.86,,,885.56,,,,,,,2025-05-19,72.29,56.88,48.14,61.4,58.29,52.1,,,50.18,,168,5,,-0.5,
SELL,1246,BROS,2025-05-20,70.1,23483.28,2025-05-13,69.0,810.17,823.09,25831.61,25008.52,1.54,5,rotation (out of top-N),2025-05-19,67.92,64.72,53.23,71.93,68.68,62.12,,,27.59,,455,5,,0.6,
SELL,1238,CVSA,2025-05-20,132.69,13496.1,2025-05-06,112.5,759.16,895.43,272553.78,271658.35,17.89,10,rotation (out of top-N),2025-05-19,128.52,116.83,93.77,134.76,127.23,109.82,,,37.05,,385,5,,0.1,
SELL,1240,FRHC,2025-05-20,179.7,10067.39,2025-05-13,160.95,810.17,904.55,188763.56,187859.0,11.59,5,rotation (out of top-N),2025-05-19,169.4,150.29,126.02,179.27,164.89,141.04,,,34.42,,308,5,,0.3,
SELL,1244,LQDA,2025-05-20,17.07,102069.06,2025-05-13,15.88,810.17,871.41,122482.87,121611.46,7.51,5,rotation (out of top-N),2025-05-19,15.36,15.36,12.72,17.01,16.97,14.71,,,20.74,,126,4.15,,1.0,
SELL,1247,NXT,2025-05-20,58.58,30056.51,2025-05-13,53.91,810.17,880.28,140213.61,139333.33,8.6,5,rotation (out of top-N),2025-05-19,56.08,47.75,41.12,58.31,53.17,43.87,,,36.38,,98,5,,0.5,
SELL,1233,OKTA,2025-05-20,126.02,13281.24,2025-05-06,114.32,759.16,836.85,155390.52,154553.67,10.18,10,rotation (out of top-N),2025-05-19,123.73,112.25,90.44,126.44,122.05,108.62,,,36.81,,112,5,,0.3,
SELL,1234,UI,2025-05-20,422.73,4505.78,2025-05-06,336.97,759.16,952.36,386415.39,385463.03,25.39,10,rotation (out of top-N),2025-05-19,389.69,358.97,311.21,424.64,404.09,331.7,,,25.22,,357,5,,0.7,
SELL,1241,VEON,2025-05-20,57.14,32297.12,2025-05-13,50.17,810.17,922.73,225110.91,224188.18,13.84,5,rotation (out of top-N),2025-05-19,52.55,47.12,38.77,56.54,51.21,44.88,,,35.54,,546,5,,0.2,
BUY,1262,APP,2025-06-03,404.08,4224.16,,,853.45,,,,,,,2025-06-02,417.73,345.92,288.25,401.98,377.36,306.67,401.98,386.88,44.92,3.76,756,5,4.8,-0.2,0.5
BUY,1265,CTRN,2025-06-03,31.28,54568.4,,,853.45,,,,,,,2025-06-02,33.95,25.72,22.55,26.84,26.27,22.82,,,50.53,,175,5,,-0.5,
BUY,1266,GEV,2025-06-03,492.16,3468.18,,,853.45,,,,,,,2025-06-02,483.93,414.77,337.19,484.25,463.15,386.64,484.0,475.33,43.52,1.79,999,5,3.4,-0.2,1.8
BUY,1264,NBIS,2025-06-03,36.68,46534.89,,,853.45,,,,,,,2025-06-02,48.23,34.42,31.94,36.0,37.08,28.48,,,51.02,,0,5,,2.4,
BUY,1263,RKLB,2025-06-03,27.39,62318.35,,,853.45,,,,,,,2025-06-02,28.92,24.28,20.24,26.61,26.45,22.51,,,42.87,,343,5,,-0.1,
BUY,1261,ROOT,2025-06-03,136.75,12481.9,,,853.45,,,,,,,2025-06-02,152.28,136.73,97.88,137.68,132.8,134.38,,,55.58,,210,5,,-0.8,
BUY,1267,TMDX,2025-06-03,124.33,13728.78,,,853.45,,,,,,,2025-06-02,138.98,109.89,93.53,124.01,123.92,101.05,,,48.59,,14,5,,2.3,
BUY,1260,ZS,2025-06-03,292.72,5831.17,,,853.45,,,,,,,2025-06-02,303.05,246.77,203.18,293.17,261.89,226.62,,,49.15,,203,5,,-0.5,
SELL,1253,CORT,2025-06-03,71.94,23671.78,2025-05-20,74.82,885.56,851.47,-68174.73,-69026.2,-3.9,9,rotation (out of top-N),2025-06-02,69.61,71.09,58.36,71.67,75.5,71.88,,,19.28,,371,3.86,,1.0,
SELL,1256,FCAP,2025-06-03,45.72,36967.7,2025-05-20,47.91,885.56,845.08,-80959.27,-81804.35,-4.62,9,rotation (out of top-N),2025-06-02,42.7,43.86,35.8,46.77,47.17,44.29,,,19.27,,399,3.85,,1.0,
SELL,1242,MNPR,2025-06-03,30.7,47953.43,2025-05-13,33.79,810.17,736.21,-147936.33,-148672.53,-9.18,14,rotation (out of top-N),2025-06-02,37.73,36.71,26.96,30.25,33.93,37.23,,,39.95,,259,5,,0.0,
SELL,1252,PLMR,2025-06-03,175.72,11007.6,2025-05-20,160.9,885.56,967.13,163132.61,162165.48,9.16,9,rotation (out of top-N),2025-06-02,166.07,155.27,119.78,175.6,165.32,153.27,,,38.65,,567,5,,0.1,
SELL,1254,RDVT,2025-06-03,46.48,36046.05,2025-05-20,49.13,885.56,837.71,-95702.26,-96539.97,-5.45,9,rotation (out of top-N),2025-06-02,45.45,43.88,36.47,46.48,48.44,42.2,,,24.6,,378,4.92,,0.8,
SELL,1187,ROOT,2025-06-03,136.75,9732.45,2025-04-01,133.22,648.3,665.46,34306.9,33641.44,2.59,43,ratchet-ATR exit,2025-06-02,152.28,136.73,97.88,137.68,132.8,134.38,,,55.58,,210,5,,-0.8,
SELL,1248,SE,2025-06-03,166.35,10690.77,2025-05-13,151.56,810.17,889.23,158116.47,157227.24,9.7,14,rotation (out of top-N),2025-06-02,165.68,147.57,117.74,165.1,161.5,139.1,,,40.72,,455,5,,-0.0,
SELL,1258,URBN,2025-06-03,72.65,28591.86,2025-05-20,61.95,885.56,1038.6,306075.83,305037.23,17.22,9,rotation (out of top-N),2025-06-02,70.01,61.19,49.76,72.59,69.28,56.17,,,40.69,,182,5,,-0.0,
BUY,1271,ASTS,2025-06-10,35.19,53112.33,,,934.38,,,,,,,2025-06-09,38.46,28.17,25.44,34.8,28.56,25.01,,,51.17,,7,5,,2.3,
BUY,1272,ATI,2025-06-10,84.59,22091.94,,,934.38,,,,,,,2025-06-09,85.0,72.31,60.42,84.58,81.42,67.15,,,40.68,,28,5,,2.5,
BUY,1270,ESLT,2025-06-10,420.11,4448.26,,,934.38,,,,,,,2025-06-09,452.17,403.21,304.05,412.52,410.23,397.04,,,48.71,,238,5,,-0.4,
BUY,1268,NUTX,2025-06-10,119.03,15700.54,,,934.38,,,,,,,2025-06-09,125.02,128.37,63.49,118.5,140.68,141.56,,,96.9,,273,5,,-1,
BUY,1273,NXT,2025-06-10,59.52,31397.13,,,934.38,,,,,,,2025-06-09,60.65,52.84,42.59,59.03,57.28,49.33,,,42.4,,119,5,,-0.1,
BUY,1269,PARR,2025-06-10,21.71,86058.35,,,934.38,,,,,,,2025-06-09,24.54,19.62,16.93,21.34,21.34,17.68,,,44.96,,21,5,,2.4,
BUY,1274,TTMI,2025-06-10,35.73,52302.19,,,934.38,,,,,,,2025-06-09,35.38,28.55,23.77,35.7,31.96,25.87,,,48.81,,35,5,,2.0,
SELL,1262,APP,2025-06-10,389.24,4224.16,2025-06-03,404.08,853.45,822.11,-62686.57,-63508.68,-3.72,5,rotation (out of top-N),2025-06-09,364.19,349.24,295.24,383.54,394.63,326.83,383.54,369.83,23.35,3.57,763,4.67,3.6,0.8,1.3
SELL,1265,CTRN,2025-06-10,33.7,54568.4,2025-06-03,31.28,853.45,919.48,132055.53,131136.06,7.68,5,rotation (out of top-N),2025-06-09,30.35,26.56,22.96,33.92,30.94,24.57,,,32.2,,182,5,,0.4,
SELL,1251,CVNA,2025-06-10,68.44,28790.8,2025-05-13,56.28,810.17,985.22,350096.16,349110.94,21.55,19,rotation (out of top-N),2025-06-09,59.41,56.63,45.98,68.0,66.26,55.09,68.0,66.46,29.2,2.26,735,5,3.0,0.5,1.6
SELL,1229,DUOL,2025-06-10,498.9,4650.17,2025-04-29,384.0,892.83,1159.99,534304.73,533144.74,29.86,29,rotation (out of top-N),2025-06-09,478.12,464.04,356.4,497.66,514.29,459.51,,,34.15,,273,5,,0.3,
SELL,1266,GEV,2025-06-10,481.32,3468.18,2025-06-03,492.16,853.45,834.65,-37595.07,-38429.73,-2.25,5,rotation (out of top-N),2025-06-09,477.22,426.13,344.17,479.13,476.31,410.35,478.88,470.91,38.66,1.66,999,5,3.0,0.1,1.9
SELL,1225,NUTX,2025-06-10,119.03,15149.45,2025-04-29,117.87,892.83,901.58,17497.62,16596.04,0.93,29,ratchet-ATR exit,2025-06-09,125.02,128.37,63.49,118.5,140.68,141.56,,,96.9,,273,5,,-1,
SELL,1263,RKLB,2025-06-10,29.55,62318.35,2025-06-03,27.39,853.45,920.75,134607.64,133686.88,7.83,5,rotation (out of top-N),2025-06-09,25.41,24.49,20.73,29.62,27.46,23.69,,,22.56,,350,4.51,,0.9,
BUY,1281,CAR,2025-06-17,127.58,14421.43,,,919.94,,,,,,,2025-06-16,134.32,112.54,91.51,127.56,123.07,108.27,,,46.78,,42,5,,2.0,
BUY,1280,CLS,2025-06-17,128.55,14312.61,,,919.94,,,,,,,2025-06-16,135.2,113.97,94.52,128.09,124.0,107.41,,,43.03,,931,5,,-0.2,
BUY,1276,CRDO,2025-06-17,78.89,23322.17,,,919.94,,,,,,,2025-06-16,85.55,64.62,55.28,79.16,72.24,57.89,,,54.75,,28,5,,1.8,
BUY,1275,JBL,2025-06-17,187.69,9802.79,,,919.94,,,,,,,2025-06-16,205.88,169.62,146.2,180.74,175.94,161.24,180.74,177.91,40.82,1.56,224,5,3.1,-0.0,2.0
BUY,1279,NRG,2025-06-17,151.0,12184.68,,,919.94,,,,,,,2025-06-16,150.21,138.04,104.68,152.17,151.34,136.98,152.17,149.66,43.5,1.65,714,5,3.3,-0.2,1.9
BUY,1278,RKLB,2025-06-17,26.11,70466.72,,,919.94,,,,,,,2025-06-16,30.05,25.5,21.3,26.56,26.83,24.53,,,41.12,,357,5,,-0.1,
BUY,1277,SII,2025-06-17,63.8,28838.34,,,919.94,,,,,,,2025-06-16,64.57,56.89,46.05,63.77,61.44,55.85,,,40.21,,119,5,,0.0,
SELL,1245,AGX,2025-06-17,212.58,9251.19,2025-05-13,175.15,810.17,983.31,346272.13,345288.83,21.31,24,rotation (out of top-N),2025-06-16,201.23,191.99,148.78,217.37,216.97,185.56,,,35.25,,896,5,,0.2,
SELL,1272,ATI,2025-06-17,85.17,22091.94,2025-06-10,84.59,934.38,940.79,12813.32,11872.54,0.64,5,rotation (out of top-N),2025-06-16,82.51,74.17,60.94,85.17,83.32,71.85,,,35.4,,35,5,,2.6,
SELL,1270,ESLT,2025-06-17,449.7,4448.26,2025-06-10,420.11,934.38,1000.19,131623.92,130623.73,6.99,5,rotation (out of top-N),2025-06-16,432.96,408.62,310.04,444.32,426.51,400.65,,,39.65,,245,5,,0.0,
SELL,1249,NRG,2025-06-17,151.0,10946.07,2025-05-13,148.03,810.17,826.43,32509.82,31683.39,1.96,24,ratchet-ATR exit,2025-06-16,150.21,138.04,104.68,152.17,151.34,136.98,152.17,149.66,43.5,1.65,714,5,3.3,-0.2,1.9
SELL,1273,NXT,2025-06-17,55.88,31397.13,2025-06-10,59.52,934.38,877.16,-114442.54,-115319.69,-6.17,5,rotation (out of top-N),2025-06-16,57.62,53.71,43.09,60.78,59.09,51.81,,,33.71,,126,5,,0.3,
SELL,1261,ROOT,2025-06-17,137.48,12481.9,2025-06-03,136.75,853.45,858.01,9111.79,8253.78,0.48,10,rotation (out of top-N),2025-06-16,137.09,138.26,103.01,145.62,146.33,140.8,,,33.08,,224,5,,0.3,
SELL,1267,TMDX,2025-06-17,139.4,13728.78,2025-06-03,124.33,853.45,956.9,206892.77,205935.87,12.06,10,rotation (out of top-N),2025-06-16,123.48,117.27,92.91,141.86,138.3,116.02,,,32.91,,28,5,,2.9,
BUY,1282,AVAV,2025-06-24,191.97,10066.52,,,966.24,,,,,,,2025-06-23,278.15,192.88,174.55,190.99,189.05,173.34,,,59.36,,7,5,,1.9,
BUY,1284,VSAT,2025-06-24,13.02,148423.23,,,966.24,,,,,,,2025-06-23,14.61,11.23,9.87,12.84,12.14,10.23,,,48.02,,14,5,,2.4,
BUY,1283,WLDN,2025-06-24,58.67,32937.97,,,966.24,,,,,,,2025-06-23,62.23,52.52,42.52,58.4,57.2,49.86,,,46.37,,42,5,,2.0,
SELL,1257,AU,2025-06-24,42.97,44906.76,2025-05-20,39.44,885.56,964.82,158520.86,157556.04,8.9,23,rotation (out of top-N),2025-06-23,40.87,41.03,30.49,45.05,44.61,41.08,,,34.05,,147,5,,0.3,
SELL,1237,LMB,2025-06-24,143.04,14241.07,2025-05-06,106.61,759.16,1018.52,518730.91,517712.39,34.1,33,rotation (out of top-N),2025-06-23,139.3,124.78,96.29,141.09,138.49,124.63,,,44.67,,994,5,,-0.2,
SELL,1277,SII,2025-06-24,63.46,28838.34,2025-06-17,63.8,919.94,915.04,-9805.04,-10720.08,-0.58,4,rotation (out of top-N),2025-06-23,66.15,58.58,46.66,64.02,62.96,57.07,,,41.76,,126,5,,-0.1,
BUY,1285,ALNT,2025-07-01,36.21,60702.3,,,1099.02,,,,,,,2025-06-30,38.61,32.24,25.23,36.26,35.08,31.42,,,53.05,,56,5,,1.4,
BUY,1289,LMB,2025-07-01,136.9,16055.74,,,1099.02,,,,,,,2025-06-30,149.04,129.19,98.15,140.41,138.73,130.18,,,51.86,,1001,5,,-0.6,
BUY,1290,NKTR,2025-07-01,25.02,87833.38,,,1099.02,,,,,,,2025-06-30,24.77,14.96,14.21,25.8,20.43,12.09,,,74.3,,0,5,,2.0,
BUY,1288,NXT,2025-07-01,54.07,40651.57,,,1099.02,,,,,,,2025-06-30,66.32,56.69,44.32,54.37,57.49,55.42,,,49.65,,140,5,,-0.5,
BUY,1287,STRT,2025-07-01,61.64,35659.16,,,1099.02,,,,,,,2025-06-30,69.19,55.45,43.68,62.49,59.5,51.95,,,58.39,,49,5,,1.3,
BUY,1286,STX,2025-07-01,142.69,15404.24,,,1099.02,,,,,,,2025-06-30,148.28,122.06,98.87,143.27,135.35,116.81,143.17,141.22,49.97,1.36,35,5,4.8,1.9,3.5
SELL,1239,ATRO,2025-07-01,27.25,78182.88,2025-05-06,19.42,759.16,1065.24,612171.94,611106.7,40.25,38,rotation (out of top-N),2025-06-30,27.07,25.6,18.4,27.8,27.74,25.86,,,47.16,,119,5,,-0.3,
SELL,1282,AVAV,2025-07-01,259.55,10066.52,2025-06-24,191.97,966.24,1306.38,680295.62,678989.24,35.14,5,rotation (out of top-N),2025-06-30,246.21,202.58,175.71,285.07,234.88,185.97,,,40.12,,14,5,,2.8,
SELL,1227,IRTC,2025-07-01,152.44,16795.99,2025-04-29,106.31,892.83,1280.23,774799.13,773518.9,43.32,43,rotation (out of top-N),2025-06-30,142.26,139.12,105.66,154.13,150.82,143.53,,,34.64,,175,5,,0.3,
SELL,1275,JBL,2025-07-01,216.72,9802.79,2025-06-17,187.69,919.94,1062.23,284575.07,283512.84,15.41,9,rotation (out of top-N),2025-06-30,225.89,186.89,151.39,217.83,206.94,176.53,217.83,215.02,49.22,1.29,238,5,3.3,-0.5,2.1
SELL,1279,NRG,2025-07-01,158.44,12184.68,2025-06-17,151.0,919.94,965.27,90653.99,89688.72,4.87,9,rotation (out of top-N),2025-06-30,156.65,144.81,108.26,158.83,155.01,148.17,158.83,155.03,44.69,2.39,728,5,3.8,-0.2,1.4
SELL,1260,ZS,2025-07-01,315.5,5831.17,2025-06-03,292.72,853.45,919.88,132863.17,131943.29,7.73,19,rotation (out of top-N),2025-06-30,314.77,281.64,217.27,314.13,309.09,275.2,,,44.87,,231,5,,-0.2,
BUY,1292,AAP,2025-07-08,53.02,44227.95,,,1172.48,,,,,,,2025-07-07,61.27,47.72,40.79,52.93,48.68,44.58,,,50.22,,35,5,,1.9,
BUY,1296,ATRO,2025-07-08,26.61,88123.48,,,1172.48,,,,,,,2025-07-07,29.95,26.39,18.73,26.41,27.22,26.5,,,59.91,,126,5,,-1.0,
BUY,1295,COIN,2025-07-08,362.37,6471.28,,,1172.48,,,,,,,2025-07-07,387.05,301.47,253.45,357.0,340.66,277.28,357.0,348.17,52.71,2.48,21,5,5.9,2.0,3.0
BUY,1294,DK,2025-07-08,23.39,100255.06,,,1172.48,,,,,,,2025-07-07,25.74,20.27,16.78,23.01,21.48,19.18,,,53.43,,35,5,,1.7,
BUY,1293,FUTU,2025-07-08,126.5,18537.28,,,1172.48,,,,,,,2025-07-07,147.57,116.05,98.0,121.17,118.97,111.06,,,50.58,,455,5,,-0.5,
BUY,1291,WF,2025-07-08,52.61,44572.63,,,1172.48,,,,,,,2025-07-07,53.7,44.3,34.63,48.79,47.44,41.99,,,55.08,,84,5,,-0.2,
SELL,1285,ALNT,2025-07-08,38.18,60702.3,2025-07-01,36.21,1099.02,1158.81,119583.54,118424.73,5.39,4,rotation (out of top-N),2025-07-07,38.38,33.35,25.74,37.69,36.58,33.0,,,49.09,,63,5,,0.5,
SELL,1264,NBIS,2025-07-08,48.2,46534.89,2025-06-03,36.68,853.45,1121.37,535849.22,534727.84,31.33,23,rotation (out of top-N),2025-07-07,44.29,43.07,32.18,47.87,49.96,43.52,,,37.64,,35,5,,2.5,
SELL,1250,NET,2025-07-08,194.25,11316.45,2025-05-13,143.19,810.17,1099.14,577931.27,576832.13,35.6,37,rotation (out of top-N),2025-07-07,181.33,170.69,129.6,193.01,188.41,170.59,,,39.91,,266,5,,0.0,
SELL,1288,NXT,2025-07-08,65.42,40651.57,2025-07-01,54.07,1099.02,1329.81,461598.57,460268.76,20.94,4,rotation (out of top-N),2025-07-07,61.69,57.6,44.94,66.4,60.86,57.45,,,37.26,,147,5,,0.1,
SELL,1287,STRT,2025-07-08,66.72,35659.16,2025-07-01,61.64,1099.02,1189.59,181148.51,179958.92,8.19,4,rotation (out of top-N),2025-07-07,63.66,56.94,44.33,66.45,63.62,55.15,,,43.61,,56,5,,1.9,
SELL,1286,STX,2025-07-08,148.0,15404.24,2025-07-01,142.69,1099.02,1139.91,81796.49,80656.58,3.67,4,rotation (out of top-N),2025-07-07,146.05,126.42,99.92,147.22,142.18,122.29,147.12,144.56,46.17,1.74,42,5,4.8,2.0,3.1
BUY,1298,ALNT,2025-07-15,39.15,75016.35,,,1468.45,,,,,,,2025-07-14,39.76,34.52,26.27,39.06,37.93,34.11,,,51.37,,70,5,,0.3,
BUY,1297,AVAV,2025-07-15,264.18,11117.0,,,1468.45,,,,,,,2025-07-14,273.9,224.61,178.57,265.38,247.51,204.84,,,53.39,,28,5,,1.9,
BUY,1301,DAVE,2025-07-15,214.29,13704.89,,,1468.45,,,,,,,2025-07-14,217.82,207.72,119.99,213.75,236.54,221.58,,,81.53,,588,5,,-1,
BUY,1302,GEV,2025-07-15,554.55,5295.99,,,1468.45,,,,,,,2025-07-14,573.7,494.75,378.78,554.03,529.77,489.88,553.75,544.77,51.46,1.62,999,5,3.7,-0.6,1.9
BUY,1300,NBIS,2025-07-15,52.21,56251.49,,,1468.45,,,,,,,2025-07-14,52.77,44.84,32.38,51.96,48.43,45.39,,,62.98,,42,5,,1.3,
BUY,1303,SEZL,2025-07-15,141.99,20683.78,,,1468.45,,,,,,,2025-07-14,140.63,130.73,69.69,135.86,154.15,134.68,,,101.8,,999,5,,-1,
BUY,1299,SII,2025-07-15,71.21,41242.67,,,1468.45,,,,,,,2025-07-14,74.47,64.43,48.75,71.06,68.71,62.56,,,52.77,,147,5,,-0.6,
SELL,1292,AAP,2025-07-15,61.08,44227.95,2025-07-08,53.02,1172.48,1350.72,356477.28,355126.55,15.14,5,rotation (out of top-N),2025-07-14,59.92,49.94,41.38,60.78,55.2,47.92,,,44.8,,42,5,,2.1,
SELL,1218,DAVE,2025-07-15,214.29,16920.2,2025-04-22,82.83,700.75,1812.96,2224413.92,2222600.96,158.59,57,ratchet-ATR exit,2025-07-14,217.82,207.72,119.99,213.75,236.54,221.58,,,81.53,,588,5,,-1,
SELL,1294,DK,2025-07-15,25.44,100255.06,2025-07-08,23.39,1172.48,1275.24,205522.88,204247.63,8.71,5,rotation (out of top-N),2025-07-14,23.89,20.93,16.92,25.39,23.71,20.31,,,41.18,,42,5,,2.2,
SELL,1289,LMB,2025-07-15,146.18,16055.74,2025-07-01,136.9,1099.02,1173.51,148997.24,147823.72,6.73,9,rotation (out of top-N),2025-07-14,138.36,133.89,101.35,149.18,145.95,136.79,,,36.51,,1015,5,,0.2,
SELL,1268,NUTX,2025-07-15,114.3,15700.54,2025-06-10,119.03,934.38,897.25,-74263.57,-75160.82,-4.02,23,rotation (out of top-N),2025-07-14,113.18,120.58,75.3,116.19,120.43,136.7,,,50.31,,308,5,,-0.5,
SELL,1231,SEZL,2025-07-15,141.99,35820.78,2025-04-29,49.85,892.83,2543.1,3300526.76,3297983.67,184.69,52,ratchet-ATR exit,2025-07-14,140.63,130.73,69.69,135.86,154.15,134.68,,,101.8,,999,5,,-1,
SELL,1291,WF,2025-07-15,55.33,44572.63,2025-07-08,52.61,1172.48,1233.1,121237.55,120004.44,5.12,5,rotation (out of top-N),2025-07-14,52.11,45.72,35.1,55.48,51.24,44.03,,,48.45,,91,5,,0.1,
BUY,1307,ABVX,2025-07-22,10.6,257432.71,,,1364.39,,,,,,,2025-07-21,66.43,18.37,8.87,10.11,9.22,7.48,,,649.2,,7,5,,1.9,
BUY,1304,AEHR,2025-07-22,19.42,140514.25,,,1364.39,,,,,,,2025-07-21,21.74,14.16,11.69,16.47,14.85,12.38,,,86.0,,14,5,,1.8,
BUY,1306,BE,2025-07-22,25.3,107835.87,,,1364.39,,,,,,,2025-07-21,34.31,24.75,22.03,25.36,24.95,22.41,,,55.77,,49,5,,1.4,
BUY,1308,FEIM,2025-07-22,24.01,113652.09,,,1364.39,,,,,,,2025-07-21,27.9,21.54,17.34,23.16,21.2,20.55,,,60.89,,364,5,,-1,
BUY,1309,INBX,2025-07-22,22.48,121360.32,,,1364.39,,,,,,,2025-07-21,23.08,18.25,14.53,22.61,21.94,16.36,,,58.81,,21,5,,1.7,
BUY,1305,PVLA,2025-07-22,31.64,86244.84,,,1364.39,,,,,,,2025-07-21,38.69,27.59,20.67,31.12,28.22,24.69,,,87.16,,161,5,,-1,
BUY,1310,SLGL,2025-07-22,8.61,316932.26,,,1364.39,,,,,,,2025-07-21,11.0,8.17,7.0,8.79,8.13,7.59,,,57.03,,63,5,,0.1,
SELL,1298,ALNT,2025-07-22,38.69,75016.35,2025-07-15,39.15,1468.45,1451.19,-34507.52,-35958.71,-1.22,5,rotation (out of top-N),2025-07-21,39.67,35.46,26.79,38.48,38.74,35.04,,,48.09,,77,5,,0.3,
SELL,1296,ATRO,2025-07-22,28.06,88123.48,2025-07-08,26.61,1172.48,1236.37,127779.05,126542.68,5.4,10,rotation (out of top-N),2025-07-21,28.61,27.13,19.34,28.68,28.4,27.44,,,47.9,,140,5,,-0.4,
SELL,1297,AVAV,2025-07-22,263.2,11117.0,2025-07-15,264.18,1468.45,1463.0,-10894.66,-12357.66,-0.42,5,rotation (out of top-N),2025-07-21,272.8,233.37,179.96,272.12,263.17,218.11,,,51.59,,35,5,,1.8,
SELL,1295,COIN,2025-07-22,417.84,6471.28,2025-07-08,362.37,1172.48,1351.98,358994.34,357642.36,15.25,10,rotation (out of top-N),2025-07-21,391.68,335.5,263.83,413.67,393.74,314.8,413.67,392.08,48.46,5.22,35,5,6.8,2.0,1.4
SELL,1300,NBIS,2025-07-22,52.16,56251.49,2025-07-15,52.21,1468.45,1467.04,-2812.57,-4279.61,-0.15,5,rotation (out of top-N),2025-07-21,51.36,46.02,33.19,52.34,51.33,47.31,,,54.75,,49,5,,1.4,
SELL,1299,SII,2025-07-22,72.5,41242.67,2025-07-15,71.21,1468.45,1495.05,53203.04,51707.99,1.76,5,rotation (out of top-N),2025-07-21,70.01,65.44,49.34,73.87,71.63,64.78,,,41.89,,154,5,,-0.1,
SELL,1284,VSAT,2025-07-22,14.7,148423.23,2025-06-24,13.02,966.24,1090.54,248608.91,247518.37,12.81,19,rotation (out of top-N),2025-07-21,14.71,13.5,10.27,14.81,15.22,12.72,,,43.19,,42,5,,2.1,
BUY,1316,BELFB,2025-07-29,127.82,21991.61,,,1405.48,,,,,,,2025-07-28,127.38,101.45,82.25,126.32,109.57,93.48,,,54.86,,42,5,,1.6,
BUY,1311,CECO,2025-07-29,38.9,72261.38,,,1405.48,,,,,,,2025-07-28,45.37,32.63,27.61,34.67,32.94,29.68,,,64.32,,35,5,,1.4,
BUY,1313,CELC,2025-07-29,34.63,81159.75,,,1405.48,,,,,,,2025-07-28,39.91,17.65,12.66,36.86,17.95,13.42,,,215.3,,21,5,,1.7,
BUY,1312,FIX,2025-07-29,697.89,4027.81,,,1405.48,,,,,,,2025-07-28,694.69,566.4,451.93,691.11,592.47,527.03,691.11,652.42,53.72,5.6,70,5,6.5,0.1,0.8
BUY,1314,VSAT,2025-07-29,14.94,188150.46,,,1405.48,,,,,,,2025-07-28,16.58,14.06,10.43,14.86,14.95,13.4,,,58.94,,49,5,,1.2,
BUY,1315,WDC,2025-07-29,69.6,40387.47,,,1405.48,,,,,,,2025-07-28,76.36,63.67,48.44,68.81,67.82,61.88,68.79,67.47,57.63,1.92,70,5,5.0,-0.0,2.6
SELL,1304,AEHR,2025-07-29,21.3,140514.25,2025-07-22,19.42,1364.39,1496.13,263464.22,261968.09,9.6,5,rotation (out of top-N),2025-07-28,16.85,14.65,11.69,20.93,18.92,13.85,,,44.2,,21,5,,2.4,
SELL,1308,FEIM,2025-07-29,28.07,113652.09,2025-07-22,24.01,1364.39,1595.11,461427.5,459832.39,16.85,5,rotation (out of top-N),2025-07-28,26.45,22.43,17.7,27.88,24.88,21.42,,,49.47,,371,5,,-0.5,
SELL,1293,FUTU,2025-07-29,161.38,18537.28,2025-07-08,126.5,1172.48,1495.77,646580.32,645084.55,27.51,15,rotation (out of top-N),2025-07-28,139.47,132.13,102.32,160.09,155.95,127.61,,,36.31,,476,5,,0.2,
SELL,1309,INBX,2025-07-29,24.74,121360.32,2025-07-22,22.48,1364.39,1501.23,273667.52,272166.29,9.97,5,rotation (out of top-N),2025-07-28,21.75,18.88,14.69,24.58,22.94,17.65,,,48.06,,28,5,,2.1,
SELL,1194,PLTR,2025-07-29,158.72,15456.03,2025-04-01,83.89,648.3,1226.55,1156497.13,1155270.58,89.1,81,rotation (out of top-N),2025-07-28,154.27,141.13,100.65,157.87,153.05,140.74,157.87,154.48,53.28,2.15,840,5,4.1,-0.7,1.6
SELL,1243,TPC,2025-07-29,48.6,46163.71,2025-05-13,35.1,810.17,1121.78,623210.14,622088.36,38.39,52,rotation (out of top-N),2025-07-28,45.57,43.96,30.64,47.44,48.36,44.91,,,48.71,,77,5,,0.3,
BUY,1323,ALAB,2025-08-05,139.34,21153.64,,,1473.77,,,,,,,2025-08-04,179.28,116.87,97.52,137.9,125.38,101.83,,,83.83,,14,5,,1.8,
BUY,1326,ALNY,2025-08-05,418.38,7045.23,,,1473.77,,,,,,,2025-08-04,438.8,347.31,276.58,419.58,363.4,325.03,,,58.65,,77,5,,-0.2,
BUY,1325,AU,2025-08-05,50.34,58552.81,,,1473.77,,,,,,,2025-08-04,53.51,45.4,33.6,49.56,46.12,44.59,,,59.24,,189,5,,-1.0,
BUY,1321,FEIM,2025-08-05,27.36,107751.73,,,1473.77,,,,,,,2025-08-04,29.55,23.73,18.12,27.64,26.1,22.39,,,63.12,,378,5,,-1,
BUY,1322,LEU,2025-08-05,212.06,13899.6,,,1473.77,,,,,,,2025-08-04,222.89,194.69,111.68,209.91,219.72,194.93,,,99.59,,308,5,,-1,
BUY,1320,NBIS,2025-08-05,55.84,52780.89,,,1473.77,,,,,,,2025-08-04,68.8,51.06,35.22,54.18,52.39,50.61,,,95.36,,63,5,,-0.0,
BUY,1324,PLTR,2025-08-05,171.87,17149.87,,,1473.77,,,,,,,2025-08-04,185.8,149.25,104.24,160.73,156.09,144.27,167.59,162.5,78.24,3.04,847,5,5.0,-1,1.0
BUY,1318,STRL,2025-08-05,292.69,10070.72,,,1473.77,,,,,,,2025-08-04,302.83,245.52,180.28,272.26,261.5,235.18,,,67.98,,84,5,,-0.4,
BUY,1317,TPC,2025-08-05,47.88,61561.17,,,1473.77,,,,,,,2025-08-04,56.27,46.2,31.39,46.1,47.28,46.01,,,79.24,,84,5,,-0.4,
BUY,1319,W,2025-08-05,74.74,39437.36,,,1473.77,,,,,,,2025-08-04,72.38,57.71,44.03,73.5,65.51,55.46,,,64.41,,42,5,,1.3,
SELL,1271,ASTS,2025-08-05,51.7,53112.33,2025-06-10,35.19,934.38,1373.09,877415.61,876042.52,46.88,38,rotation (out of top-N),2025-08-04,46.59,45.81,30.15,51.39,53.46,47.96,,,54.53,,63,5,,0.2,
SELL,1281,CAR,2025-08-05,160.98,14421.43,2025-06-17,127.58,919.94,1160.78,481675.79,480515.01,26.12,33,rotation (out of top-N),2025-08-04,153.65,161.48,108.1,160.5,181.23,169.76,,,42.13,,91,5,,0.4,
SELL,1311,CECO,2025-08-05,44.98,72261.38,2025-07-29,38.9,1405.48,1625.16,439349.22,437724.06,15.57,5,rotation (out of top-N),2025-08-04,43.92,34.68,28.12,44.84,40.06,31.77,,,56.18,,42,5,,1.5,
SELL,1301,DAVE,2025-08-05,246.0,13704.89,2025-07-15,214.29,1468.45,1685.7,434513.66,432827.96,14.74,15,rotation (out of top-N),2025-08-04,182.91,207.2,132.64,245.48,226.98,226.84,,,37.9,,609,5,,0.1,
SELL,1312,FIX,2025-08-05,709.01,4027.81,2025-07-29,697.89,1405.48,1427.88,44789.24,43361.36,1.54,5,rotation (out of top-N),2025-08-04,691.38,589.12,459.47,695.13,658.02,552.8,695.13,676.97,50.47,2.61,77,5,5.0,0.2,2.0
SELL,1255,LEU,2025-08-05,212.06,18541.9,2025-05-20,95.52,885.56,1966.0,2160873.4,2158907.4,121.89,52,ratchet-ATR exit,2025-08-04,222.89,194.69,111.68,209.91,219.72,194.93,,,99.59,,308,5,,-1,
SELL,1290,NKTR,2025-08-05,22.67,87833.38,2025-07-01,25.02,1099.02,995.59,-206847.61,-207843.2,-9.46,24,rotation (out of top-N),2025-08-04,22.98,20.64,14.75,23.25,23.33,20.4,,,55.81,,35,5,,1.6,
SELL,1269,PARR,2025-08-05,30.86,86058.35,2025-06-10,21.71,934.38,1327.88,787003.65,785675.77,42.04,38,rotation (out of top-N),2025-08-04,27.31,28.02,19.38,30.44,31.43,29.4,,,40.88,,77,5,,0.7,
SELL,1303,SEZL,2025-08-05,156.29,20683.78,2025-07-15,141.99,1468.45,1616.33,295778.08,294161.75,10.02,15,rotation (out of top-N),2025-08-04,91.59,127.74,76.56,156.84,148.11,148.67,,,19.62,,999,3.92,,1.0,
SELL,1315,WDC,2025-08-05,77.74,40387.47,2025-07-29,69.6,1405.48,1569.86,328754.0,327184.14,11.64,5,rotation (out of top-N),2025-08-04,74.74,65.68,49.19,77.1,72.64,64.57,77.08,74.95,51.93,2.77,77,5,5.2,0.1,1.9
BUY,1329,FUTU,2025-08-12,159.15,18490.75,,,1471.4,,,,,,,2025-08-11,171.6,143.23,106.01,157.08,153.77,138.88,,,61.87,,490,5,,-1,
BUY,1327,LQDA,2025-08-12,22.73,129496.29,,,1471.4,,,,,,,2025-08-11,25.93,18.25,14.58,21.2,19.56,15.66,,,77.89,,210,5,,-1,
BUY,1331,NKTR,2025-08-12,22.59,130270.18,,,1471.4,,,,,,,2025-08-11,27.27,21.84,14.91,22.5,22.8,21.99,,,82.99,,42,5,,1.3,
BUY,1330,RDDT,2025-08-12,221.13,13308.02,,,1471.4,,,,,,,2025-08-11,246.5,175.55,148.8,220.86,195.99,155.88,,,65.65,,14,5,,1.8,
BUY,1328,STRT,2025-08-12,77.5,37969.21,,,1471.4,,,,,,,2025-08-11,75.83,64.34,48.0,74.38,67.68,63.45,,,57.97,,91,5,,-0.4,
SELL,1325,AU,2025-08-12,52.91,58552.81,2025-08-05,50.34,1473.77,1549.01,150480.73,148931.72,5.05,5,rotation (out of top-N),2025-08-11,50.61,46.34,34.24,52.95,50.78,45.86,,,47.81,,196,5,,-0.4,
SELL,1316,BELFB,2025-08-12,129.84,21991.61,2025-07-29,127.82,1405.48,1427.7,44423.06,42995.36,1.53,10,rotation (out of top-N),2025-08-11,130.99,111.6,84.99,127.91,127.73,106.81,,,54.13,,56,5,,1.4,
SELL,1302,GEV,2025-08-12,652.45,5295.99,2025-07-15,554.55,1468.45,1727.68,518477.24,516749.56,17.6,20,rotation (out of top-N),2025-08-11,620.81,574.84,412.87,649.65,644.38,566.69,649.32,639.3,50.36,1.54,999,5,3.5,-0.5,2.0
SELL,1318,STRL,2025-08-12,292.75,10070.72,2025-08-05,292.69,1473.77,1474.1,654.6,-819.5,-0.03,5,rotation (out of top-N),2025-08-11,275.19,250.92,182.32,289.74,284.0,246.97,,,50.94,,91,5,,-0.1,
SELL,1274,TTMI,2025-08-12,45.06,52302.19,2025-06-10,35.73,934.38,1178.5,488240.92,487062.42,26.06,43,rotation (out of top-N),2025-08-11,41.76,40.95,28.92,44.62,44.77,42.87,,,44.38,,98,5,,0.1,
BUY,1337,AAMI,2025-08-19,47.73,60329.97,,,1439.77,,,,,,,2025-08-18,47.97,40.86,30.34,47.62,45.75,39.99,,,58.13,,112,5,,-0.8,
BUY,1333,ALNT,2025-08-19,44.3,65001.11,,,1439.77,,,,,,,2025-08-18,46.74,39.72,28.98,44.35,43.12,39.46,,,61.26,,105,5,,-0.8,
BUY,1334,CECO,2025-08-19,46.02,62571.69,,,1439.77,,,,,,,2025-08-18,48.03,38.59,29.13,46.58,44.69,36.08,,,64.87,,56,5,,1.1,
BUY,1336,INBX,2025-08-19,23.45,122769.1,,,1439.77,,,,,,,2025-08-18,25.0,20.89,15.28,23.89,22.69,20.67,,,63.64,,49,5,,1.2,
BUY,1332,INSM,2025-08-19,126.82,22705.8,,,1439.77,,,,,,,2025-08-18,131.85,109.09,82.68,127.29,119.93,106.26,,,59.47,,70,5,,-0.1,
BUY,1338,LEU,2025-08-19,176.44,16320.74,,,1439.77,,,,,,,2025-08-18,187.09,191.39,116.84,178.06,200.09,205.97,,,60.12,,322,5,,-1,
BUY,1335,RYTM,2025-08-19,97.04,29673.84,,,1439.77,,,,,,,2025-08-18,103.3,86.34,64.3,98.07,94.75,83.02,,,60.65,,721,5,,-1,
SELL,1280,CLS,2025-08-19,192.03,14312.61,2025-06-17,128.55,919.94,1374.23,908564.55,907190.32,49.31,43,rotation (out of top-N),2025-08-18,188.97,172.84,119.72,194.87,198.41,173.97,,,57.84,,994,5,,-0.9,
SELL,1321,FEIM,2025-08-19,28.07,107751.73,2025-08-05,27.36,1473.77,1512.3,77042.49,75530.19,2.56,10,rotation (out of top-N),2025-08-18,29.02,25.74,18.97,28.47,29.38,24.88,,,53.02,,392,5,,-0.7,
SELL,1322,LEU,2025-08-19,176.44,13899.6,2025-08-05,212.06,1473.77,1226.19,-495173.16,-496399.35,-16.84,10,ratchet-ATR exit,2025-08-18,187.09,191.39,116.84,178.06,200.09,205.97,,,60.12,,322,5,,-1,
SELL,1324,PLTR,2025-08-19,171.36,17149.87,2025-08-05,171.87,1473.77,1469.4,-8746.44,-10215.84,-0.35,10,rotation (out of top-N),2025-08-18,158.75,155.13,109.54,174.04,176.78,155.49,174.04,170.24,44.93,2.19,861,5,3.7,-0.2,1.5
SELL,1330,RDDT,2025-08-19,238.22,13308.02,2025-08-12,221.13,1471.4,1585.12,227434.13,225849.01,7.67,5,rotation (out of top-N),2025-08-18,217.22,183.13,151.11,241.66,223.7,169.17,,,43.75,,21,5,,2.5,
SELL,1278,RKLB,2025-08-19,44.95,70466.72,2025-06-17,26.11,919.94,1583.74,1327593.07,1326009.33,72.07,43,rotation (out of top-N),2025-08-18,44.36,41.05,28.41,44.95,44.27,42.38,,,56.16,,420,5,,-0.8,
SELL,1328,STRT,2025-08-19,70.26,37969.21,2025-08-12,77.5,1471.4,1333.86,-275086.9,-276420.75,-9.39,5,rotation (out of top-N),2025-08-18,66.73,64.78,48.65,71.14,72.79,65.63,,,37.18,,98,5,,0.5,
BUY,1341,AEHR,2025-08-26,25.94,115652.44,,,1500.01,,,,,,,2025-08-25,24.95,17.83,12.5,24.62,19.37,17.44,,,99.67,,49,5,,1.2,
BUY,1339,ECHO,2025-08-26,54.13,55417.46,,,1500.01,,,,,,,2025-08-25,61.8,33.73,26.27,29.87,28.45,29.1,,,135.21,,49,5,,1.2,
BUY,1343,FEIM,2025-08-26,31.17,96247.17,,,1500.01,,,,,,,2025-08-25,32.21,26.92,19.44,30.8,28.9,25.57,,,65.68,,399,5,,-1,
BUY,1340,PARR,2025-08-26,32.35,92736.46,,,1500.01,,,,,,,2025-08-25,34.63,29.81,20.47,32.51,30.47,30.87,,,69.18,,98,5,,-0.6,
BUY,1342,RKLB,2025-08-26,47.82,62735.77,,,1500.01,,,,,,,2025-08-25,48.62,42.42,29.04,47.21,43.86,43.5,,,67.42,,427,5,,-1,
SELL,1333,ALNT,2025-08-26,46.6,65001.11,2025-08-19,44.3,1439.77,1514.53,149502.56,147988.03,5.14,5,rotation (out of top-N),2025-08-25,45.15,40.71,29.5,46.52,44.46,40.65,,,53.04,,112,5,,-0.5,
SELL,1326,ALNY,2025-08-26,445.14,7045.23,2025-08-05,418.38,1473.77,1568.07,188600.84,187032.77,6.35,15,rotation (out of top-N),2025-08-25,446.58,393.8,291.4,443.64,446.39,374.8,,,53.25,,98,5,,-0.3,
SELL,1334,CECO,2025-08-26,47.87,62571.69,2025-08-19,46.02,1439.77,1497.65,115757.63,114259.98,3.97,5,rotation (out of top-N),2025-08-25,45.63,39.87,29.49,47.75,46.02,38.21,,,54.73,,63,5,,0.2,
SELL,1335,RYTM,2025-08-26,100.0,29673.84,2025-08-19,97.04,1439.77,1483.69,87834.56,86350.87,3.0,5,rotation (out of top-N),2025-08-25,103.25,89.42,65.39,99.19,98.26,87.72,,,57.91,,728,5,,-0.9,
SELL,1319,W,2025-08-26,72.95,39437.36,2025-08-05,74.74,1473.77,1438.58,-70395.7,-71834.27,-2.44,15,rotation (out of top-N),2025-08-25,74.54,66.33,46.78,73.15,76.23,65.84,,,59.35,,63,5,,-0.0,
BUY,1352,CLS,2025-09-09,243.36,14255.54,,,1734.61,,,,,,,2025-09-08,241.73,198.44,129.97,244.3,217.17,191.92,,,85.99,,1015,5,,-1,
BUY,1345,DNTH,2025-09-09,31.43,110397.06,,,1734.61,,,,,,,2025-09-08,37.17,24.86,21.43,31.8,25.65,22.02,,,73.47,,14,5,,1.8,
BUY,1346,IONS,2025-09-09,61.1,56779.5,,,1734.61,,,,,,,2025-09-08,63.13,48.28,36.66,60.98,53.74,44.54,,,72.2,,77,5,,-0.3,
BUY,1344,LITE,2025-09-09,149.12,23264.67,,,1734.61,,,,,,,2025-09-08,162.96,125.09,87.11,149.39,136.6,115.82,149.39,144.67,87.07,3.16,84,5,5.7,-0.4,1.5
BUY,1348,NBIS,2025-09-09,97.17,35700.82,,,1734.61,,,,,,,2025-09-08,90.42,65.91,41.35,64.08,66.53,61.47,,,118.69,,98,5,,-0.6,
BUY,1347,W,2025-09-09,87.09,39834.97,,,1734.61,,,,,,,2025-09-08,87.62,73.65,48.71,87.08,81.05,71.21,,,79.88,,77,5,,-0.3,
BUY,1350,WBD,2025-09-09,12.34,281250.71,,,1734.61,,,,,,,2025-09-08,18.87,13.03,10.71,12.37,11.97,12.27,12.37,12.07,76.15,2.42,84,5,5.2,-0.4,2.0
BUY,1351,WDC,2025-09-09,92.82,37375.86,,,1734.61,,,,,,,2025-09-08,97.55,79.0,53.91,93.17,85.61,75.43,93.15,91.28,80.94,2.01,112,5,4.5,-0.9,1.8
BUY,1349,WLDN,2025-09-09,95.74,36235.93,,,1734.61,,,,,,,2025-09-08,100.86,95.15,56.59,97.42,104.96,97.17,,,78.23,,119,5,,-1.0,
SELL,1337,AAMI,2025-09-09,45.4,60329.97,2025-08-19,47.73,1439.77,1369.49,-140568.82,-141938.31,-4.93,14,rotation (out of top-N),2025-09-08,48.39,43.94,31.6,44.75,47.0,44.24,,,53.12,,133,5,,-0.7,
SELL,1343,FEIM,2025-09-09,32.11,96247.17,2025-08-26,31.17,1500.01,1545.25,90472.34,88927.1,2.96,9,rotation (out of top-N),2025-09-08,27.17,27.67,20.23,32.61,31.81,28.02,,,34.3,,413,5,,0.3,
SELL,1329,FUTU,2025-09-09,186.38,18490.75,2025-08-12,159.15,1471.4,1723.15,503503.2,501780.04,17.05,19,rotation (out of top-N),2025-09-08,183.13,165.84,116.14,184.73,183.67,165.93,,,57.68,,518,5,,-0.9,
SELL,1336,INBX,2025-09-09,29.17,122769.1,2025-08-19,23.45,1439.77,1790.59,701625.41,699834.83,24.3,14,rotation (out of top-N),2025-09-08,27.35,24.02,16.25,29.07,27.36,24.05,,,68.36,,70,5,,-0.2,
SELL,1332,INSM,2025-09-09,146.89,22705.8,2025-08-19,126.82,1439.77,1667.63,455705.36,454037.73,15.77,14,rotation (out of top-N),2025-09-08,145.94,124.42,87.76,146.69,139.72,119.12,,,66.29,,91,5,,-0.5,
SELL,1327,LQDA,2025-09-09,27.89,129496.29,2025-08-12,22.73,1471.4,1805.83,668848.36,667042.54,22.67,19,rotation (out of top-N),2025-09-08,25.98,23.24,16.23,27.97,27.95,22.34,,,60.07,,238,5,,-1,
SELL,1320,NBIS,2025-09-09,97.17,52780.89,2025-08-05,55.84,1473.77,2564.49,2181434.05,2178869.56,73.92,24,ratchet-ATR exit,2025-09-08,90.42,65.91,41.35,64.08,66.53,61.47,,,118.69,,98,5,,-0.6,
SELL,1340,PARR,2025-09-09,34.08,92736.46,2025-08-26,32.35,1500.01,1580.23,160434.07,158853.84,5.3,9,rotation (out of top-N),2025-09-08,32.8,30.96,21.3,33.48,33.53,31.51,,,54.02,,112,5,,-0.6,
SELL,1283,WLDN,2025-09-09,95.74,32937.97,2025-06-24,58.67,966.24,1576.74,1221010.37,1219433.63,63.1,53,ratchet-ATR exit,2025-09-08,100.86,95.15,56.59,97.42,104.96,97.17,,,78.23,,119,5,,-1.0,
BUY,1356,CELC,2025-09-16,54.47,84020.33,,,2288.29,,,,,,,2025-09-15,51.9,44.04,19.37,55.07,55.71,45.22,,,167.87,,70,5,,-0.2,
BUY,1353,HUT,2025-09-16,34.42,132963.02,,,2288.29,,,,,,,2025-09-15,36.25,26.4,19.51,34.21,29.78,23.82,,,85.77,,56,5,,1.1,
BUY,1357,SLGL,2025-09-16,24.05,190294.69,,,2288.29,,,,,,,2025-09-15,30.25,20.65,10.16,23.88,24.31,17.83,,,197.66,,119,5,,-1.0,
BUY,1354,STRL,2025-09-16,323.01,14168.56,,,2288.29,,,,,,,2025-09-15,360.33,289.55,196.6,323.92,301.75,282.3,,,83.28,,126,5,,-1,
BUY,1355,STX,2025-09-16,209.89,21804.69,,,2288.29,,,,,,,2025-09-15,219.63,173.12,117.07,209.52,189.52,162.87,209.37,202.87,87.61,3.1,112,5,5.2,-0.9,1.1
SELL,1313,CELC,2025-09-16,54.47,81159.75,2025-07-29,34.63,1405.48,2210.39,1609803.6,1607593.21,57.19,34,ratchet-ATR exit,2025-09-15,51.9,44.04,19.37,55.07,55.71,45.22,,,167.87,,70,5,,-0.2,
SELL,1345,DNTH,2025-09-16,37.15,110397.06,2025-09-09,31.43,1734.61,2050.35,631471.17,629420.82,18.14,5,rotation (out of top-N),2025-09-15,36.73,27.02,21.75,37.07,32.95,24.16,,,68.86,,21,5,,1.7,
SELL,1346,IONS,2025-09-16,61.31,56779.5,2025-09-09,61.1,1734.61,1740.72,12207.59,10466.88,0.3,5,rotation (out of top-N),2025-09-15,61.05,50.6,37.27,61.1,59.61,47.17,,,63.8,,84,5,,-0.4,
SELL,1342,RKLB,2025-09-16,52.05,62735.77,2025-08-26,47.82,1500.01,1632.54,265058.62,263426.08,8.78,14,rotation (out of top-N),2025-09-15,47.75,45.43,30.8,54.05,48.93,45.87,,,55.01,,448,5,,-0.8,
SELL,1310,SLGL,2025-09-16,24.05,316932.26,2025-07-22,8.61,1364.39,3811.11,4893434.08,4889622.97,179.19,39,ratchet-ATR exit,2025-09-15,30.25,20.65,10.16,23.88,24.31,17.83,,,197.66,,119,5,,-1.0,
BUY,1361,ABVX,2025-09-23,82.64,95999.02,,,3966.44,,,,,,,2025-09-22,82.78,70.66,24.54,82.2,83.29,77.25,,,237.33,,70,5,,-0.2,
BUY,1359,APP,2025-09-23,641.15,12372.89,,,3966.44,,,,,,,2025-09-22,669.65,521.92,375.45,643.38,598.54,478.65,643.38,626.52,78.36,2.62,868,5,4.7,-1,1.3
BUY,1360,ARWR,2025-09-23,32.01,247863.73,,,3966.44,,,,,,,2025-09-22,32.84,25.35,18.21,32.05,29.66,22.52,,,80.29,,35,5,,1.4,
BUY,1362,INBX,2025-09-23,28.78,275638.59,,,3966.44,,,,,,,2025-09-22,33.12,26.22,17.05,27.2,27.25,25.11,,,94.28,,84,5,,-0.4,
BUY,1358,MNPR,2025-09-23,63.91,124116.07,,,3966.44,,,,,,,2025-09-22,76.86,49.89,38.54,62.37,56.03,41.25,,,99.45,,371,5,,-1,
SELL,1307,ABVX,2025-09-23,82.64,257432.71,2025-07-22,10.6,1364.39,10636.48,18544165.43,18533528.95,679.19,44,ratchet-ATR exit,2025-09-22,82.78,70.66,24.54,82.2,83.29,77.25,,,237.33,,70,5,,-0.2,
SELL,1222,HOOD,2025-09-23,125.41,34108.06,2025-04-22,41.09,700.75,2138.75,2875991.36,2873852.61,205.06,106,rotation (out of top-N),2025-09-22,121.77,109.82,71.21,124.9,118.62,110.19,124.9,122.2,70.99,2.16,651,5,4.4,-1,1.6
SELL,1353,HUT,2025-09-23,38.17,132963.02,2025-09-16,34.42,2288.29,2537.93,499276.15,496738.22,10.85,5,rotation (out of top-N),2025-09-22,33.17,27.63,19.75,37.87,34.36,25.78,,,67.95,,63,5,,-0.0,
SELL,1354,STRL,2025-09-23,366.5,14168.56,2025-09-16,323.01,2288.29,2596.35,616119.92,613523.57,13.41,5,rotation (out of top-N),2025-09-22,341.86,299.06,200.78,367.74,331.49,293.61,,,70.27,,133,5,,-1,
SELL,1349,WLDN,2025-09-23,106.9,36235.93,2025-09-09,95.74,1734.61,1936.81,404392.93,402456.12,11.6,10,rotation (out of top-N),2025-09-22,96.22,96.54,59.59,105.95,103.31,102.77,,,61.48,,133,5,,-1,
BUY,1368,ASTS,2025-09-30,48.86,91890.91,,,2244.89,,,,,,,2025-09-29,67.74,49.59,35.11,48.83,47.89,46.36,,,92.95,,119,5,,-1.0,
BUY,1363,AVAV,2025-09-30,307.81,14586.24,,,2244.89,,,,,,,2025-09-29,375.35,277.89,199.03,308.47,289.43,256.12,,,88.59,,105,5,,-0.8,
BUY,1370,BE,2025-09-30,72.57,61868.4,,,2244.89,,,,,,,2025-09-29,90.31,62.53,31.61,73.59,72.59,55.95,,,185.67,,119,5,,-1.0,
BUY,1366,ECHO,2025-09-30,77.31,58071.39,,,2244.89,,,,,,,2025-09-29,77.17,59.07,32.45,73.64,72.72,53.24,,,137.79,,84,5,,-0.4,
BUY,1365,GRAL,2025-09-30,58.57,76656.82,,,2244.89,,,,,,,2025-09-29,65.52,44.27,35.81,58.79,46.96,36.92,,,82.97,,999,5,,-1,
BUY,1372,HOOD,2025-09-30,135.62,33106.88,,,2244.89,,,,,,,2025-09-29,148.63,116.88,73.95,136.72,124.29,113.06,136.72,132.26,100.98,3.27,658,5,5.2,-1,0.8
BUY,1364,HUT,2025-09-30,34.62,129706.48,,,2244.89,,,,,,,2025-09-29,40.09,29.9,20.19,34.83,34.77,27.66,,,98.5,,70,5,,-0.2,
BUY,1369,INOD,2025-09-30,75.56,59416.26,,,2244.89,,,,,,,2025-09-29,84.11,59.77,45.72,75.94,69.02,50.55,,,83.98,,28,5,,1.5,
BUY,1367,IONS,2025-09-30,64.29,69836.52,,,2244.89,,,,,,,2025-09-29,69.19,55.99,38.81,64.18,62.58,52.22,,,78.25,,98,5,,-0.6,
BUY,1373,LASR,2025-09-30,29.09,154314.82,,,2244.89,,,,,,,2025-09-29,30.87,27.47,16.26,29.15,29.49,27.76,,,89.9,,133,5,,-1,
BUY,1371,VSAT,2025-09-30,28.23,159071.38,,,2244.89,,,,,,,2025-09-29,32.04,27.33,15.02,28.39,29.46,28.72,,,113.38,,112,5,,-0.9,
SELL,1323,ALAB,2025-09-30,200.97,21153.64,2025-08-05,139.34,1473.77,2125.62,1303699.02,1301573.4,44.16,39,rotation (out of top-N),2025-09-29,200.86,187.91,114.88,198.72,214.62,196.72,,,74.84,,70,5,,-0.2,
SELL,1306,BE,2025-09-30,72.57,107835.87,2025-07-22,25.3,1364.39,3912.82,5096862.51,5092949.68,186.64,49,ratchet-ATR exit,2025-09-29,90.31,62.53,31.61,73.59,72.59,55.95,,,185.67,,119,5,,-1.0,
SELL,1352,CLS,2025-09-30,247.42,14255.54,2025-09-09,243.36,1734.61,1763.55,57877.48,56113.93,1.62,15,rotation (out of top-N),2025-09-29,233.78,218.27,141.0,246.16,246.13,220.09,,,65.81,,1036,5,,-1,
SELL,1276,CRDO,2025-09-30,146.47,23322.17,2025-06-17,78.89,919.94,1708.0,1576112.38,1574404.38,85.57,72,rotation (out of top-N),2025-09-29,143.96,134.32,82.84,146.08,152.47,135.03,,,73.78,,133,5,,-1,
SELL,1339,ECHO,2025-09-30,77.31,55417.46,2025-08-26,54.13,1500.01,2142.3,1284576.82,1282434.52,42.75,24,ratchet-ATR exit,2025-09-29,77.17,59.07,32.45,73.64,72.72,53.24,,,137.79,,84,5,,-0.4,
SELL,1259,LASR,2025-09-30,29.09,140231.4,2025-05-20,12.63,885.56,2040.02,2308910.02,2306870.0,130.25,91,ratchet-ATR exit,2025-09-29,30.87,27.47,16.26,29.15,29.49,27.76,,,89.9,,133,5,,-1,
SELL,1344,LITE,2025-09-30,162.09,23264.67,2025-09-09,149.12,1734.61,1885.54,301859.09,299973.54,8.65,15,rotation (out of top-N),2025-09-29,163.76,142.73,92.88,162.57,160.98,138.32,162.57,159.21,76.31,2.07,105,5,4.6,-0.8,1.9
SELL,1317,TPC,2025-09-30,65.31,61561.17,2025-08-05,47.88,1473.77,2010.28,1073011.12,1071000.84,36.34,39,rotation (out of top-N),2025-09-29,62.25,59.19,38.29,65.18,64.56,59.56,,,62.56,,140,5,,-1,
SELL,1314,VSAT,2025-09-30,28.23,188150.46,2025-07-29,14.94,1405.48,2655.27,2499578.86,2496923.58,88.83,44,ratchet-ATR exit,2025-09-29,32.04,27.33,15.02,28.39,29.46,28.72,,,113.38,,112,5,,-0.9,
SELL,1347,W,2025-09-30,90.25,39834.97,2025-09-09,87.09,1734.61,1797.55,125878.5,124080.95,3.58,15,rotation (out of top-N),2025-09-29,88.54,80.23,51.78,89.22,86.24,80.86,,,70.98,,98,5,,-0.6,
SELL,1350,WBD,2025-09-30,18.97,281250.71,2025-09-09,12.34,1734.61,2667.66,1866098.47,1863430.81,53.71,15,rotation (out of top-N),2025-09-29,19.0,15.84,11.32,18.86,18.71,14.19,18.86,18.31,67.8,2.93,105,5,5.2,-0.8,1.3
BUY,1377,ALAB,2025-10-07,221.4,21998.21,,,2435.2,,,,,,,2025-10-06,206.16,191.23,116.51,220.77,209.55,202.31,,,76.94,,77,5,,-0.3,
BUY,1375,CELC,2025-10-07,47.76,101976.64,,,2435.2,,,,,,,2025-10-06,46.1,46.17,22.05,47.78,50.09,52.36,,,109.05,,91,5,,-0.5,
BUY,1376,CIEN,2025-10-07,153.92,31642.44,,,2435.2,,,,,,,2025-10-06,155.86,126.65,87.74,153.24,146.39,117.92,153.24,149.02,77.65,2.75,105,5,5.1,-0.8,1.4
BUY,1378,ORKA,2025-10-07,20.11,242188.18,,,2435.2,,,,,,,2025-10-06,24.45,17.3,12.82,20.55,18.35,15.9,,,90.65,,49,5,,1.2,
BUY,1374,RKLB,2025-10-07,58.99,82563.22,,,2435.2,,,,,,,2025-10-06,64.21,50.54,32.95,58.47,51.67,47.3,,,94.88,,469,5,,-1,
SELL,1341,AEHR,2025-10-07,25.55,115652.44,2025-08-26,25.94,1500.01,1477.75,-44526.19,-46003.94,-1.53,29,rotation (out of top-N),2025-10-06,23.49,24.75,14.58,31.76,31.21,25.96,,,61.08,,91,5,,-0.5,
SELL,1359,APP,2025-10-07,592.74,12372.89,2025-09-23,641.15,3966.44,3666.95,-598971.62,-602638.58,-7.6,10,rotation (out of top-N),2025-10-06,569.71,554.54,389.62,586.85,656.06,547.84,558.58,520.79,46.22,6.77,882,5,5.3,-0.3,0.0
SELL,1356,CELC,2025-10-07,47.76,84020.33,2025-09-16,54.47,2288.29,2006.41,-563776.4,-565782.8,-12.36,15,ratchet-ATR exit,2025-10-06,46.1,46.17,22.05,47.78,50.09,52.36,,,109.05,,91,5,,-0.5,
SELL,1373,LASR,2025-10-07,30.73,154314.82,2025-09-30,29.09,2244.89,2370.66,251533.16,249162.5,5.55,5,rotation (out of top-N),2025-10-06,28.05,27.58,16.69,30.79,30.22,28.87,,,68.08,,140,5,,-1,
SELL,1355,STX,2025-10-07,243.44,21804.69,2025-09-16,209.89,2288.29,2654.07,731547.49,728893.42,15.93,15,rotation (out of top-N),2025-10-06,213.45,197.33,127.64,241.74,236.39,192.4,241.57,233.65,67.23,3.28,133,5,5.2,-1,0.8
BUY,1382,CLS,2025-10-14,246.01,21234.94,,,2612.0,,,,,,,2025-10-13,276.62,232.68,149.0,260.86,249.39,231.47,,,85.66,,1050,5,,-1,
BUY,1379,MU,2025-10-14,186.82,27962.78,,,2612.0,,,,,,,2025-10-13,202.15,161.31,112.34,192.56,184.14,150.67,192.56,186.0,79.95,3.41,126,5,5.3,-1,0.7
BUY,1381,PRAX,2025-10-14,51.65,101152.22,,,2612.0,,,,,,,2025-10-13,190.03,74.57,52.36,52.41,52.57,47.37,,,262.95,,0,5,,2.0,
BUY,1380,SEI,2025-10-14,49.88,104731.49,,,2612.0,,,,,,,2025-10-13,51.06,38.95,28.92,51.56,45.37,34.82,,,76.57,,525,5,,-1,
BUY,1383,SLGL,2025-10-14,37.73,138457.64,,,2612.0,,,,,,,2025-10-13,38.68,28.78,12.7,37.73,36.09,27.56,,,204.53,,147,5,,-1,
SELL,1377,ALAB,2025-10-14,183.42,21998.21,2025-10-07,221.4,2435.2,2017.46,-835492.13,-837509.59,-17.2,5,rotation (out of top-N),2025-10-13,159.76,185.51,117.26,199.58,210.35,205.35,,,36.24,,84,5,,0.8,
SELL,1363,AVAV,2025-10-14,400.03,14586.24,2025-09-30,307.81,2244.89,2917.47,1345142.8,1342225.34,29.9,10,rotation (out of top-N),2025-10-13,350.88,308.11,209.44,410.44,378.17,287.32,,,67.54,,119,5,,-1.0,
SELL,1372,HOOD,2025-10-14,136.67,33106.88,2025-09-30,135.62,2244.89,2262.36,34927.76,32665.4,0.73,10,rotation (out of top-N),2025-10-13,129.91,122.54,78.64,140.67,141.92,121.66,140.67,133.22,65.2,5.29,672,5,6,-1,0.0
SELL,1369,INOD,2025-10-14,76.74,59416.26,2025-09-30,75.56,2244.89,2279.8,69814.11,67534.3,1.5,10,rotation (out of top-N),2025-10-13,79.42,66.83,47.78,81.62,83.66,61.28,,,66.21,,42,5,,1.3,
SELL,1357,SLGL,2025-10-14,37.73,190294.69,2025-09-16,24.05,2288.29,3589.91,2603231.33,2599641.42,56.8,20,ratchet-ATR exit,2025-10-13,38.68,28.78,12.7,37.73,36.09,27.56,,,204.53,,147,5,,-1,
BUY,1384,AMD,2025-10-21,239.52,24863.89,,,2977.7,,,,,,,2025-10-20,252.84,193.79,136.01,240.52,222.84,178.65,240.52,235.18,85.89,2.22,112,5,4.6,-0.9,1.7
BUY,1387,LASR,2025-10-21,31.3,190237.93,,,2977.7,,,,,,,2025-10-20,32.57,28.86,17.7,31.79,30.85,29.82,,,84.04,,154,5,,-1,
BUY,1385,NBIS,2025-10-21,107.55,55373.3,,,2977.7,,,,,,,2025-10-20,117.3,101.89,54.1,108.95,120.17,100.26,,,116.8,,140,5,,-1,
BUY,1386,PI,2025-10-21,198.0,30077.77,,,2977.7,,,,,,,2025-10-20,235.75,189.52,129.38,203.5,198.44,190.21,,,82.21,,77,5,,-0.3,
SELL,1367,IONS,2025-10-21,73.08,69836.52,2025-09-30,64.29,2244.89,2552.0,614212.17,611660.17,13.62,15,rotation (out of top-N),2025-10-20,70.84,62.93,41.67,73.54,71.3,62.58,,,70.01,,119,5,,-1.0,
SELL,1358,MNPR,2025-10-21,77.59,124116.07,2025-09-23,63.91,3966.44,4815.08,1697287.27,1692472.19,21.33,20,rotation (out of top-N),2025-10-20,80.78,69.77,44.73,76.86,87.44,66.72,,,80.61,,399,5,,-1,
SELL,1348,NBIS,2025-10-21,107.55,35700.82,2025-09-09,97.17,1734.61,1919.81,370396.04,368476.23,10.62,30,ratchet-ATR exit,2025-10-20,117.3,101.89,54.1,108.95,120.17,100.26,,,116.8,,140,5,,-1,
SELL,1380,SEI,2025-10-21,50.21,104731.49,2025-10-14,49.88,2612.0,2629.28,34561.39,31932.11,0.61,5,rotation (out of top-N),2025-10-20,50.62,41.07,29.41,50.81,49.73,37.96,,,72.11,,532,5,,-1,
BUY,1390,CRDO,2025-10-28,156.25,40602.04,,,3172.03,,,,,,,2025-10-27,187.65,148.76,90.81,154.86,147.46,148.59,,,106.63,,161,5,,-1,
BUY,1391,GSAT,2025-10-28,42.36,149765.55,,,3172.03,,,,,,,2025-10-27,54.37,40.64,26.39,42.63,43.66,38.36,,,105.99,,84,5,,-0.4,
BUY,1389,LITE,2025-10-28,194.38,32638.3,,,3172.03,,,,,,,2025-10-27,201.61,162.24,101.17,193.94,170.39,161.05,193.94,184.13,99.28,5.06,133,5,6,-1,0.0
BUY,1388,MNPR,2025-10-28,80.73,78578.92,,,3172.03,,,,,,,2025-10-27,85.7,72.67,45.86,80.51,82.19,72.43,,,86.87,,406,5,,-1,
SELL,1384,AMD,2025-10-28,259.46,24863.89,2025-10-21,239.52,2977.7,3225.59,495785.91,492560.32,8.27,5,rotation (out of top-N),2025-10-27,256.11,205.12,139.34,259.68,237.46,188.34,259.68,252.73,83.8,2.68,119,5,4.8,-1.0,1.2
SELL,1387,LASR,2025-10-28,33.77,190237.93,2025-10-21,31.3,2977.7,3212.17,468936.49,465724.32,7.82,5,rotation (out of top-N),2025-10-27,32.99,29.61,18.23,33.54,31.79,30.2,,,81.03,,161,5,,-1,
SELL,1386,PI,2025-10-28,235.84,30077.77,2025-10-21,198.0,2977.7,3546.77,1138142.78,1134596.01,19.05,5,rotation (out of top-N),2025-10-27,202.01,191.79,131.03,237.53,216.89,195.16,,,54.17,,84,5,,-0.1,
SELL,1374,RKLB,2025-10-28,65.66,82563.22,2025-10-07,58.99,2435.2,2710.34,550283.87,547573.52,11.24,15,rotation (out of top-N),2025-10-27,62.98,56.8,35.76,65.6,64.35,55.09,,,76.1,,490,5,,-1,
BUY,1395,DK,2025-11-04,36.52,165528.24,,,3022.55,,,,,,,2025-11-03,40.71,33.45,21.9,38.2,36.61,32.9,,,85.92,,154,5,,-1,
BUY,1392,GH,2025-11-04,94.01,64302.64,,,3022.55,,,,,,,2025-11-03,96.75,73.19,52.39,98.97,81.01,65.24,,,84.66,,364,5,,-1,
BUY,1396,MBX,2025-11-04,20.95,288548.51,,,3022.55,,,,,,,2025-11-03,25.57,17.57,12.23,20.64,18.85,15.46,,,109.03,,84,5,,-0.4,
BUY,1397,SLGL,2025-11-04,35.91,168340.06,,,3022.55,,,,,,,2025-11-03,35.91,32.34,14.79,35.91,37.37,33.44,,,142.87,,168,5,,-1,
BUY,1393,STX,2025-11-04,251.99,23989.41,,,3022.55,,,,,,,2025-11-03,278.1,227.59,142.82,264.37,244.84,224.81,264.19,250.46,94.73,5.2,161,5,6,-1,0.0
BUY,1394,W,2025-11-04,102.29,59097.58,,,3022.55,,,,,,,2025-11-03,106.9,88.61,57.25,103.29,96.04,86.9,,,86.74,,133,5,,-1,
SELL,1368,ASTS,2025-11-04,68.31,91890.91,2025-09-30,48.86,2244.89,3138.53,1787278.13,1784139.6,39.74,25,rotation (out of top-N),2025-11-03,69.21,66.69,42.14,71.14,77.16,65.02,,,64.25,,154,5,,-1,
SELL,1390,CRDO,2025-11-04,167.6,40602.04,2025-10-28,156.25,3172.03,3402.55,461036.17,457633.62,7.21,5,rotation (out of top-N),2025-11-03,163.33,151.41,93.15,180.71,165.39,153.51,,,75.34,,168,5,,-1,
SELL,1365,GRAL,2025-11-04,85.05,76656.82,2025-09-30,58.57,2244.89,3259.64,2029489.2,2026229.56,45.13,25,rotation (out of top-N),2025-11-03,79.41,68.36,43.09,89.95,86.43,64.12,,,84.28,,999,5,,-1,
SELL,1338,LEU,2025-11-04,312.92,16320.74,2025-08-19,176.44,1439.77,2553.54,2227535.82,2224982.28,77.27,54,rotation (out of top-N),2025-11-03,292.7,314.83,179.05,343.01,367.02,329.39,,,63.47,,399,5,,-1,
SELL,1388,MNPR,2025-11-04,84.17,78578.92,2025-10-28,80.73,3172.03,3306.8,269525.69,266218.89,4.2,5,rotation (out of top-N),2025-11-03,81.31,74.24,46.81,83.79,83.64,78.11,,,73.69,,413,5,,-1,
SELL,1383,SLGL,2025-11-04,35.91,138457.64,2025-10-14,37.73,2612.0,2486.01,-251992.9,-254478.91,-4.87,15,ratchet-ATR exit,2025-11-03,35.91,32.34,14.79,35.91,37.37,33.44,,,142.87,,168,5,,-1,
BUY,1398,GRAL,2025-11-11,85.19,67649.4,,,2881.36,,,,,,,2025-11-10,79.72,70.43,44.28,85.06,83.68,69.63,,,80.04,,999,5,,-1,
BUY,1400,INSM,2025-11-11,189.35,30434.19,,,2881.36,,,,,,,2025-11-10,193.16,167.08,108.89,191.99,183.48,161.77,,,77.4,,154,5,,-1,
BUY,1399,TSEM,2025-11-11,98.87,58285.77,,,2881.36,,,,,,,2025-11-10,99.28,77.59,51.2,98.06,85.51,75.46,,,93.9,,105,5,,-0.8,
BUY,1401,WBD,2025-11-11,22.95,251098.66,,,2881.36,,,,,,,2025-11-10,23.02,19.77,12.92,22.96,22.14,19.86,22.96,22.5,78.16,1.99,147,5,4.3,-1,1.7
SELL,1366,ECHO,2025-11-11,73.22,58071.39,2025-09-30,77.31,2244.89,2125.99,-237802.35,-239928.35,-5.34,30,rotation (out of top-N),2025-11-10,67.38,68.23,39.42,73.73,73.35,74.07,,,70.94,,126,5,,-1,
SELL,1364,HUT,2025-11-11,45.41,129706.48,2025-09-30,34.62,2244.89,2945.31,1400829.95,1397884.64,31.13,30,rotation (out of top-N),2025-11-10,36.93,40.08,23.41,47.17,47.27,43.48,,,57.72,,112,5,,-0.8,
SELL,1385,NBIS,2025-11-11,114.0,55373.3,2025-10-21,107.55,2977.7,3156.28,357157.78,354001.5,5.94,15,rotation (out of top-N),2025-11-10,83.52,103.44,59.43,110.05,114.97,115.16,,,40.54,,161,5,,-0.0,
SELL,1394,W,2025-11-11,111.69,59097.58,2025-11-04,102.29,3022.55,3300.3,555517.24,552216.94,9.13,5,rotation (out of top-N),2025-11-10,101.92,91.03,58.7,112.55,101.73,88.88,,,73.63,,140,5,,-1,
BUY,1405,BE,2025-11-18,103.85,59475.37,,,3088.26,,,,,,,2025-11-17,90.0,99.15,46.68,107.04,119.85,106.23,,,92.8,,168,5,,-1,
BUY,1408,BLTE,2025-11-18,119.74,51582.74,,,3088.26,,,,,,,2025-11-17,121.33,98.37,70.31,116.55,111.83,91.06,,,72.58,,105,5,,-0.8,
BUY,1403,ECHO,2025-11-18,67.42,91605.74,,,3088.26,,,,,,,2025-11-17,68.62,68.3,40.4,66.84,70.34,73.74,,,69.85,,133,5,,-1,
BUY,1406,FBRX,2025-11-18,14.51,425819.84,,,3088.26,,,,,,,2025-11-17,18.54,13.93,10.53,14.27,13.48,13.45,,,76.02,,63,5,,-0.0,
BUY,1402,MNPR,2025-11-18,78.66,78521.7,,,3088.26,,,,,,,2025-11-17,91.78,77.69,48.74,76.88,81.5,84.89,,,88.31,,427,5,,-1,
BUY,1407,SLGL,2025-11-18,35.23,175319.81,,,3088.26,,,,,,,2025-11-17,35.23,33.3,16.24,35.23,35.36,35.77,,,116.99,,182,5,,-1,
BUY,1404,W,2025-11-18,97.68,63232.15,,,3088.26,,,,,,,2025-11-17,105.07,93.58,60.09,99.55,103.65,91.22,,,74.85,,147,5,,-1,
SELL,1370,BE,2025-11-18,103.85,61868.4,2025-09-30,72.57,2244.89,3212.52,1935243.51,1932031.0,43.03,35,ratchet-ATR exit,2025-11-17,90.0,99.15,46.68,107.04,119.85,106.23,,,92.8,,168,5,,-1,
SELL,1382,CLS,2025-11-18,303.26,21234.94,2025-10-14,246.01,2612.0,3219.91,1215806.27,1212586.36,23.21,25,rotation (out of top-N),2025-11-17,279.92,280.07,172.33,309.01,319.78,286.17,,,62.43,,1085,5,,-1,
SELL,1395,DK,2025-11-18,39.47,165528.24,2025-11-04,36.52,3022.55,3266.7,488308.31,485041.61,8.02,10,rotation (out of top-N),2025-11-17,37.8,35.25,22.98,39.48,39.37,35.3,,,64.46,,168,5,,-1,
SELL,1379,MU,2025-11-18,235.22,27962.78,2025-10-14,186.82,2612.0,3288.7,1353398.57,1350109.87,25.84,25,rotation (out of top-N),2025-11-17,207.19,202.53,128.43,241.68,238.52,205.61,241.68,228.88,61.32,5.3,161,5,6,-1,0.0
SELL,1397,SLGL,2025-11-18,35.23,168340.06,2025-11-04,35.91,3022.55,2965.31,-114471.24,-117436.55,-1.94,10,ratchet-ATR exit,2025-11-17,35.23,33.3,16.24,35.23,35.36,35.77,,,116.99,,182,5,,-1,
SELL,1393,STX,2025-11-18,256.16,23989.41,2025-11-04,251.99,3022.55,3072.56,100035.84,96963.28,1.6,10,rotation (out of top-N),2025-11-17,236.59,233.62,150.32,260.3,266.28,241.18,260.12,249.04,57.39,4.26,175,5,5.7,-0.9,0.2
SELL,1371,VSAT,2025-11-18,32.79,159071.38,2025-09-30,28.23,2244.89,2607.98,726160.85,723552.87,16.12,35,rotation (out of top-N),2025-11-17,30.32,33.17,19.51,33.34,36.24,34.92,,,55.36,,161,5,,-0.8,
BUY,1411,AGX,2025-11-25,359.54,18616.43,,,3346.68,,,,,,,2025-11-24,392.88,314.42,218.37,370.99,346.59,304.19,,,79.91,,1057,5,,-1,
BUY,1413,CLS,2025-11-25,323.3,20703.54,,,3346.68,,,,,,,2025-11-24,344.28,291.74,177.96,322.53,307.42,292.77,,,93.46,,1092,5,,-1,
BUY,1409,HUT,2025-11-25,37.47,178632.31,,,3346.68,,,,,,,2025-11-24,44.97,40.11,24.44,39.27,38.56,43.96,,,84.03,,126,5,,-1,
BUY,1410,SPHR,2025-11-25,79.0,84720.62,,,3346.68,,,,,,,2025-11-24,84.73,70.23,46.44,77.98,76.21,68.3,,,82.47,,140,5,,-1,
BUY,1412,WDC,2025-11-25,149.86,44664.04,,,3346.68,,,,,,,2025-11-24,163.12,137.85,79.02,150.71,151.17,138.34,150.67,143.94,106.43,4.47,189,5,6.0,-1,0.0
SELL,1403,ECHO,2025-11-25,70.71,91605.74,2025-11-18,67.42,3088.26,3238.72,300924.85,297686.13,4.82,5,rotation (out of top-N),2025-11-24,73.28,69.21,41.49,70.9,69.64,73.2,,,76.61,,140,5,,-1,
SELL,1406,FBRX,2025-11-25,19.48,425819.84,2025-11-18,14.51,3088.26,4146.42,2116324.62,2112178.2,34.2,5,rotation (out of top-N),2025-11-24,18.4,14.74,10.74,18.53,16.92,13.98,,,71.39,,70,5,,-0.2,
SELL,1402,MNPR,2025-11-25,93.95,78521.7,2025-11-18,78.66,3088.26,3688.56,1200596.77,1196908.22,19.38,5,rotation (out of top-N),2025-11-24,85.65,79.14,49.77,92.81,85.39,86.32,,,72.09,,434,5,,-1,
SELL,1401,WBD,2025-11-25,22.82,251098.66,2025-11-11,22.95,2881.36,2865.04,-32642.83,-35507.86,-0.62,10,rotation (out of top-N),2025-11-24,24.02,21.05,13.57,22.86,22.86,20.79,22.9,22.34,76.93,2.44,161,5,4.6,-1,1.4
SELL,1351,WDC,2025-11-25,149.86,37375.86,2025-09-09,92.82,1734.61,2800.57,2131919.18,2129118.6,61.37,55,ratchet-ATR exit,2025-11-24,163.12,137.85,79.02,150.71,151.17,138.34,150.67,143.94,106.43,4.47,189,5,6.0,-1,0.0
BUY,1420,COHR,2025-12-02,168.27,41484.38,,,3490.29,,,,,,,2025-12-01,181.85,142.84,96.64,163.61,151.91,134.31,163.61,157.75,88.18,3.58,140,5,5.4,-1,0.6
BUY,1419,DRUG,2025-12-02,69.99,99736.77,,,3490.29,,,,,,,2025-12-01,77.96,62.03,41.49,69.78,63.79,60.21,,,87.89,,105,5,,-0.8,
BUY,1414,ECHO,2025-12-02,73.11,95473.94,,,3490.29,,,,,,,2025-12-01,82.22,71.57,42.77,72.94,71.06,72.6,,,92.25,,147,5,,-1,
BUY,1417,FBRX,2025-12-02,17.79,392498.0,,,3490.29,,,,,,,2025-12-01,20.0,15.7,11.01,18.18,17.87,14.41,,,81.72,,77,5,,-0.3,
BUY,1415,SYRE,2025-12-02,28.84,242086.94,,,3490.29,,,,,,,2025-12-01,33.51,24.93,17.88,28.66,27.09,23.22,,,87.41,,49,5,,1.2,
BUY,1416,VSXY,2025-12-02,44.01,158631.45,,,3490.29,,,,,,,2025-12-01,49.05,36.6,24.42,44.14,38.74,34.04,,,100.85,,63,5,,-0.0,
BUY,1418,WBD,2025-12-02,24.26,287740.18,,,3490.29,,,,,,,2025-12-01,26.06,21.96,13.94,23.86,23.34,21.23,23.86,23.39,86.97,1.96,168,5,4.3,-1,1.7
SELL,1411,AGX,2025-12-02,364.6,18616.43,2025-11-25,359.54,3346.68,3393.78,94199.15,90805.38,1.36,4,rotation (out of top-N),2025-12-01,311.05,313.81,222.93,365.8,363.39,314.96,,,39.53,,1064,5,,0.0,
SELL,1413,CLS,2025-12-02,323.12,20703.54,2025-11-25,323.3,3346.68,3344.86,-3623.12,-6967.98,-0.1,4,rotation (out of top-N),2025-12-01,324.83,297.76,183.4,318.2,319.9,301.26,,,77.11,,1099,5,,-1,
SELL,1392,GH,2025-12-02,106.58,64302.64,2025-11-04,94.01,3022.55,3426.85,808605.72,805178.87,13.32,19,rotation (out of top-N),2025-12-01,102.04,89.7,58.2,105.22,104.14,84.85,,,75.34,,392,5,,-1,
SELL,1409,HUT,2025-12-02,44.63,178632.31,2025-11-25,37.47,3346.68,3986.18,1279007.31,1275021.13,19.05,4,rotation (out of top-N),2025-12-01,42.43,40.53,25.13,43.58,41.03,44.47,,,68.86,,133,5,,-1,
SELL,1400,INSM,2025-12-02,211.56,30434.19,2025-11-11,189.35,2881.36,3219.33,675943.4,672724.07,11.67,14,rotation (out of top-N),2025-12-01,203.96,183.68,118.1,211.5,203.77,181.42,,,72.7,,175,5,,-1,
SELL,1410,SPHR,2025-12-02,83.56,84720.62,2025-11-25,79.0,3346.68,3539.42,385478.81,381939.4,5.71,4,rotation (out of top-N),2025-12-01,84.25,72.78,47.45,83.11,80.11,70.25,,,77.55,,147,5,,-1,
SELL,1404,W,2025-12-02,111.89,63232.15,2025-11-18,97.68,3088.26,3537.68,898845.07,895307.39,14.5,9,rotation (out of top-N),2025-12-01,95.22,96.45,63.21,110.01,106.92,95.4,,,50.64,,161,5,,-0.5,
BUY,1423,FEIM,2025-12-09,33.55,217176.15,,,3643.13,,,,,,,2025-12-08,46.32,33.74,25.51,32.95,29.84,32.47,,,81.56,,504,5,,-1,
BUY,1421,KYMR,2025-12-09,90.83,80214.23,,,3643.13,,,,,,,2025-12-08,89.67,66.66,45.97,94.15,71.07,63.25,,,95.05,,168,5,,-1,
BUY,1424,SLGL,2025-12-09,43.45,167712.27,,,3643.13,,,,,,,2025-12-08,42.3,36.22,18.74,36.95,37.09,36.96,,,125.69,,203,5,,-1,
BUY,1422,SPHR,2025-12-09,85.16,85564.67,,,3643.13,,,,,,,2025-12-08,89.78,75.87,48.81,84.07,82.04,73.1,,,83.94,,154,5,,-1,
SELL,1405,BE,2025-12-09,110.39,59475.37,2025-11-18,103.85,3088.26,3282.59,388671.52,385388.93,6.24,14,rotation (out of top-N),2025-12-08,94.95,102.61,52.98,111.84,109.07,113.89,,,79.2,,189,5,,-1,
SELL,1420,COHR,2025-12-09,181.75,41484.38,2025-12-02,168.27,3490.29,3769.89,559209.46,555439.57,7.96,5,rotation (out of top-N),2025-12-08,178.35,149.29,99.43,185.85,168.57,141.86,185.85,177.57,79.37,4.46,147,5,6.0,-1,0.0
SELL,1331,NKTR,2025-12-09,57.02,130270.18,2025-08-12,22.59,1471.4,3714.0,4485202.19,4481488.19,152.29,83,rotation (out of top-N),2025-12-08,54.72,55.87,31.32,57.22,58.23,58.8,,,74.7,,161,5,,-1,
SELL,1407,SLGL,2025-12-09,43.45,175319.81,2025-11-18,35.23,3088.26,3808.38,1440252.22,1436443.84,23.26,14,ratchet-ATR exit,2025-12-08,42.3,36.22,18.74,36.95,37.09,36.96,,,125.69,,203,5,,-1,
BUY,1427,ANAB,2025-12-16,30.02,334732.4,,,5024.33,,,,,,,2025-12-15,32.69,26.76,17.83,30.41,29.38,25.7,,,83.33,,182,5,,-1,
BUY,1429,INBX,2025-12-16,76.52,131329.37,,,5024.33,,,,,,,2025-12-15,86.53,73.9,33.59,75.97,82.59,75.11,,,157.58,,168,5,,-1,
BUY,1428,MBX,2025-12-16,28.2,356335.7,,,5024.33,,,,,,,2025-12-15,30.41,26.43,15.16,28.36,29.75,25.39,,,100.63,,126,5,,-1,
BUY,1426,MU,2025-12-16,235.38,42691.25,,,5024.33,,,,,,,2025-12-15,265.64,227.27,143.31,237.31,243.28,230.76,237.31,228.27,85.36,3.81,189,5,5.5,-1,0.5
BUY,1425,VICR,2025-12-16,93.74,107197.21,,,5024.33,,,,,,,2025-12-15,104.43,87.48,57.41,95.21,96.4,89.87,,,81.9,,91,5,,-0.5,
SELL,1398,GRAL,2025-12-16,92.62,67649.4,2025-11-11,85.19,2881.36,3133.01,503311.54,500178.53,8.68,24,rotation (out of top-N),2025-12-15,91.09,86.8,51.53,90.98,95.72,91.03,,,76.78,,999,5,,-1,
SELL,1362,INBX,2025-12-16,76.52,275638.59,2025-09-23,28.78,3966.44,10545.24,13157608.18,13147062.93,165.73,59,ratchet-ATR exit,2025-12-15,86.53,73.9,33.59,75.97,82.59,75.11,,,157.58,,168,5,,-1,
SELL,1421,KYMR,2025-12-16,85.52,80214.23,2025-12-09,90.83,3643.13,3429.76,-426739.71,-430169.47,-5.9,5,rotation (out of top-N),2025-12-15,83.98,69.81,47.21,85.65,81.7,66.71,,,77.88,,175,5,,-1,
SELL,1396,MBX,2025-12-16,28.2,288548.51,2025-11-04,20.95,3022.55,4068.53,2091976.73,2087908.2,34.54,29,ratchet-ATR exit,2025-12-15,30.41,26.43,15.16,28.36,29.75,25.39,,,100.63,,126,5,,-1,
SELL,1415,SYRE,2025-12-16,32.74,242086.94,2025-12-02,28.84,3490.29,3962.96,945349.49,941386.53,13.49,10,rotation (out of top-N),2025-12-15,33.38,27.76,18.61,33.31,32.73,26.57,,,79.32,,63,5,,-0.0,
BUY,1430,ALB,2025-12-23,147.94,51441.76,,,3805.15,,,,,,,2025-12-22,149.66,124.19,82.71,145.01,136.33,117.16,144.64,139.98,80.95,3.22,119,5,5.2,-1.0,0.9
BUY,1432,COHR,2025-12-23,188.14,40450.17,,,3805.15,,,,,,,2025-12-22,191.57,162.42,105.56,190.98,181.1,158.59,190.98,184.19,81.49,3.55,161,5,5.4,-1,0.6
BUY,1431,SLGL,2025-12-23,41.03,185481.21,,,3805.15,,,,,,,2025-12-22,44.02,38.57,20.61,41.03,40.85,37.87,,,113.58,,217,5,,-1,
SELL,1378,ORKA,2025-12-23,32.22,242188.18,2025-10-07,20.11,2435.2,3901.65,2932898.91,2928997.26,60.14,54,rotation (out of top-N),2025-12-22,31.69,28.79,17.59,31.98,30.24,28.87,,,80.19,,126,5,,-1,
SELL,1424,SLGL,2025-12-23,41.03,167712.27,2025-12-09,43.45,3643.13,3440.62,-405025.14,-408465.76,-5.61,10,ratchet-ATR exit,2025-12-22,44.02,38.57,20.61,41.03,40.85,37.87,,,113.58,,217,5,,-1,
SELL,1422,SPHR,2025-12-23,95.18,85564.67,2025-12-09,85.16,3643.13,4072.02,857785.84,853713.82,11.72,10,rotation (out of top-N),2025-12-22,93.32,81.63,51.88,95.37,89.44,79.74,,,79.86,,168,5,,-1,
BUY,1435,GSAT,2025-12-30,60.83,151801.09,,,4617.03,,,,,,,2025-12-29,63.98,59.87,35.48,59.95,63.17,61.18,,,80.32,,147,5,,-1,
BUY,1433,HUT,2025-12-30,48.75,189416.62,,,4617.03,,,,,,,2025-12-29,51.26,44.34,28.52,48.83,47.05,43.01,,,79.75,,161,5,,-1,
BUY,1434,SPHR,2025-12-30,93.15,99131.08,,,4617.03,,,,,,,2025-12-29,94.28,83.93,53.41,93.19,91.68,82.3,,,76.52,,175,5,,-1,
SELL,1430,ALB,2025-12-30,144.66,51441.76,2025-12-23,147.94,3805.15,3720.78,-168728.97,-172449.76,-2.27,4,rotation (out of top-N),2025-12-29,143.5,127.7,84.52,144.15,142.14,122.2,143.79,139.76,69.78,2.81,126,5,4.9,-1,1.1
SELL,1427,ANAB,2025-12-30,33.36,334732.4,2025-12-16,30.02,5024.33,5583.34,1118006.21,1112422.88,11.07,9,rotation (out of top-N),2025-12-29,29.9,28.32,18.82,33.96,32.46,27.74,,,58.92,,196,5,,-0.9,
SELL,1391,GSAT,2025-12-30,60.83,149765.55,2025-10-28,42.36,3172.03,4555.12,2766169.79,2761614.67,43.53,43,ratchet-ATR exit,2025-12-29,63.98,59.87,35.48,59.95,63.17,61.18,,,80.32,,147,5,,-1,
BUY,1437,ALB,2026-01-06,150.45,71412.6,,,5372.01,,,,,,,2026-01-05,160.89,133.73,87.1,145.74,142.83,127.17,145.37,141.74,84.71,2.5,133,5,4.7,-1,1.3
BUY,1439,AMKR,2026-01-06,49.22,218285.77,,,5372.01,,,,,,,2026-01-05,52.15,40.71,26.99,48.0,42.14,38.45,,,93.22,,147,5,,-1,
BUY,1440,ASTS,2026-01-06,91.31,117665.38,,,5372.01,,,,,,,2026-01-05,97.66,76.22,52.21,90.87,78.57,67.88,,,87.05,,217,5,,-1,
BUY,1443,BE,2026-01-06,105.19,102139.23,,,5372.01,,,,,,,2026-01-05,134.12,104.86,61.15,103.86,93.64,102.74,,,119.36,,217,5,,-1,
BUY,1436,ENLT,2026-01-06,50.92,210998.15,,,5372.01,,,,,,,2026-01-05,51.84,42.19,28.6,50.16,45.18,39.88,,,81.25,,245,5,,-1,
BUY,1445,INBX,2026-01-06,75.8,141741.77,,,5372.01,,,,,,,2026-01-05,72.89,74.61,38.24,76.93,79.06,81.29,,,90.57,,189,5,,-1,
BUY,1438,LRCX,2026-01-06,197.24,54471.84,,,5372.01,,,,,,,2026-01-05,218.05,172.46,118.06,194.57,177.84,161.84,194.43,187.85,84.7,3.38,224,5,5.3,-1,0.7
BUY,1444,MBX,2026-01-06,29.72,361508.27,,,5372.01,,,,,,,2026-01-05,31.72,28.55,16.95,29.32,30.66,29.34,,,87.18,,147,5,,-1,
BUY,1446,PRAX,2026-01-06,276.31,38884.66,,,5372.01,,,,,,,2026-01-05,288.85,238.56,103.05,276.67,281.34,228.46,,,180.31,,84,5,,-0.4,
BUY,1441,RKLB,2026-01-06,78.01,137726.26,,,5372.01,,,,,,,2026-01-05,84.85,65.57,45.07,78.17,71.46,54.97,,,88.28,,560,5,,-1,
BUY,1442,RVMD,2026-01-06,78.58,136727.23,,,5372.01,,,,,,,2026-01-05,118.92,81.08,50.87,78.33,79.26,74.78,,,133.77,,112,5,,-0.9,
SELL,1361,ABVX,2026-01-06,123.64,95999.02,2025-09-23,82.64,3966.44,5934.42,3935959.65,3930025.23,49.54,72,rotation (out of top-N),2026-01-05,114.44,118.1,63.71,123.17,131.76,120.61,,,79.62,,175,5,,-1,
SELL,1376,CIEN,2026-01-06,230.95,31642.44,2025-10-07,153.92,2435.2,3653.91,2437417.17,2433763.25,49.97,62,rotation (out of top-N),2026-01-05,230.82,214.56,129.61,231.06,234.13,211.27,231.06,218.65,78.09,5.37,196,5,6,-1,0.0
SELL,1432,COHR,2026-01-06,182.98,40450.17,2025-12-23,188.14,3805.15,3700.79,-208722.85,-212423.64,-2.79,8,rotation (out of top-N),2026-01-05,177.96,169.99,111.95,186.37,187.36,169.8,186.37,176.32,58.96,5.39,175,5,5.9,-0.9,0.0
SELL,1417,FBRX,2026-01-06,22.37,392498.0,2025-12-02,17.79,3490.29,4390.09,1799603.32,1795213.23,25.72,23,rotation (out of top-N),2026-01-05,23.76,21.7,13.25,22.73,25.31,20.61,,,79.27,,112,5,,-0.9,
SELL,1435,GSAT,2026-01-06,62.75,151801.09,2025-12-30,60.83,4617.03,4762.76,291458.09,286695.33,3.1,4,rotation (out of top-N),2026-01-05,59.98,59.89,36.51,64.04,63.03,62.38,,,64.28,,154,5,,-1,
SELL,1429,INBX,2026-01-06,75.8,131329.37,2025-12-16,76.52,5024.33,4977.38,-93900.5,-98877.88,-0.98,13,ratchet-ATR exit,2026-01-05,72.89,74.61,38.24,76.93,79.06,81.29,,,90.57,,189,5,,-1,
SELL,1428,MBX,2026-01-06,29.72,356335.7,2025-12-16,28.2,5024.33,5295.15,541630.26,536335.11,5.34,13,ratchet-ATR exit,2026-01-05,31.72,28.55,16.95,29.32,30.66,29.34,,,87.18,,147,5,,-1,
SELL,1381,PRAX,2026-01-06,276.31,101152.22,2025-10-14,51.65,2612.0,13974.43,22724858.73,22710884.29,434.74,57,ratchet-ATR exit,2026-01-05,288.85,238.56,103.05,276.67,281.34,228.46,,,180.31,,84,5,,-0.4,
SELL,1305,PVLA,2026-01-06,86.72,86244.84,2025-07-22,31.64,1364.39,3739.58,4750365.81,4746626.23,173.95,116,rotation (out of top-N),2026-01-05,93.7,93.22,54.58,88.08,98.72,93.85,,,71.68,,329,5,,-1,
SELL,1434,SPHR,2026-01-06,93.12,99131.08,2025-12-30,93.15,4617.03,4615.54,-2973.93,-7589.48,-0.08,4,rotation (out of top-N),2026-01-05,95.25,85.99,55.12,93.64,93.37,84.85,,,72.81,,182,5,,-1,
SELL,1418,WBD,2026-01-06,28.5,287740.18,2025-12-02,24.26,3490.29,4100.3,1220018.38,1215918.08,17.42,23,rotation (out of top-N),2026-01-05,28.89,26.27,16.28,28.54,28.63,25.95,28.54,28.21,77.48,1.15,203,5,3.8,-1,2.2
BUY,1451,FBRX,2026-01-13,29.75,352934.54,,,5249.9,,,,,,,2026-01-12,33.51,23.85,13.96,29.66,25.77,22.18,,,140.04,,119,5,,-1.0,
BUY,1447,FORM,2026-01-13,73.31,143214.93,,,5249.9,,,,,,,2026-01-12,78.33,60.36,40.35,73.13,64.2,56.7,,,94.16,,105,5,,-0.8,
BUY,1449,IMOS,2026-01-13,37.29,281571.54,,,5249.9,,,,,,,2026-01-12,41.79,29.9,21.01,37.29,30.52,28.73,,,98.88,,105,5,,-0.8,
BUY,1448,LITE,2026-01-13,336.94,31162.7,,,5249.9,,,,,,,2026-01-12,324.01,321.51,170.76,339.8,363.3,330.17,339.8,318.45,89.74,6.28,210,5,6,-1,0.0
BUY,1450,TTMI,2026-01-13,81.92,128179.24,,,5249.9,,,,,,,2026-01-12,100.97,74.78,50.47,77.9,71.71,69.44,,,100.05,,252,5,,-1,
BUY,1452,VSAT,2026-01-13,41.95,250293.27,,,5249.9,,,,,,,2026-01-12,45.93,37.71,25.08,40.45,38.62,35.45,,,83.12,,217,5,,-1,
SELL,1437,ALB,2026-01-13,174.6,71412.6,2026-01-06,150.45,5372.01,6234.32,1724614.31,1718379.99,15.99,5,rotation (out of top-N),2026-01-12,162.65,138.99,89.78,168.92,155.11,134.75,168.49,163.84,81.18,2.76,140,5,4.8,-1,1.2
SELL,1439,AMKR,2026-01-13,51.45,218285.77,2026-01-06,49.22,5372.01,5615.4,486777.28,481161.88,4.48,5,rotation (out of top-N),2026-01-12,47.83,42.0,27.78,51.42,48.14,40.58,,,72.19,,154,5,,-1,
SELL,1408,BLTE,2026-01-13,158.0,51582.74,2025-11-18,119.74,3088.26,4075.04,1973555.49,1969480.45,31.89,37,rotation (out of top-N),2026-01-12,155.06,142.85,88.28,154.66,158.98,145.79,,,75.65,,161,5,,-1,
SELL,1419,DRUG,2026-01-13,91.07,99736.77,2025-12-02,69.99,3490.29,4541.51,2102451.21,2097909.7,30.05,28,rotation (out of top-N),2026-01-12,88.0,78.17,49.08,88.59,86.81,76.8,,,79.29,,147,5,,-1,
SELL,1436,ENLT,2026-01-13,52.48,210998.15,2026-01-06,50.92,5372.01,5536.59,329157.11,323620.52,3.01,5,rotation (out of top-N),2026-01-12,51.85,43.95,29.53,51.84,48.95,41.75,,,75.6,,252,5,,-1,
SELL,1389,LITE,2026-01-13,336.94,32638.3,2025-10-28,194.38,3172.03,5498.49,4652915.56,4647417.07,73.26,52,ratchet-ATR exit,2026-01-12,324.01,321.51,170.76,339.8,363.3,330.17,339.8,318.45,89.74,6.28,210,5,6,-1,0.0
BUY,1454,ALB,2026-01-27,188.48,59390.2,,,5596.93,,,,,,,2026-01-26,170.16,152.1,96.03,189.27,177.42,148.36,188.79,183.53,77.19,2.79,154,5,4.9,-1,1.1
BUY,1460,ATRO,2026-01-27,65.09,171975.19,,,5596.93,,,,,,,2026-01-26,63.49,53.41,36.43,64.36,60.52,49.39,,,74.28,,329,5,,-1,
BUY,1461,BLTE,2026-01-27,165.45,67657.09,,,5596.93,,,,,,,2026-01-26,168.74,150.79,93.73,163.92,159.8,154.22,,,80.04,,175,5,,-1,
BUY,1458,CIEN,2026-01-27,238.74,46888.25,,,5596.93,,,,,,,2026-01-26,251.72,226.99,143.09,232.09,235.03,226.64,232.09,224.19,75.91,3.41,217,5,5.3,-1,0.7
BUY,1453,ENLT,2026-01-27,57.3,195355.41,,,5596.93,,,,,,,2026-01-26,55.62,47.83,31.55,56.33,53.13,45.36,,,76.3,,266,5,,-1,
BUY,1457,MKSI,2026-01-27,220.66,50729.02,,,5596.93,,,,,,,2026-01-26,235.0,187.31,127.05,218.32,207.4,174.64,,,84.97,,175,5,,-1,
BUY,1459,SLGL,2026-01-27,55.84,200445.25,,,5596.93,,,,,,,2026-01-26,62.7,50.8,27.0,55.84,57.01,46.29,,,132.26,,252,5,,-1,
BUY,1455,STX,2026-01-27,360.67,31036.31,,,5596.93,,,,,,,2026-01-26,406.78,316.33,206.71,357.76,333.25,296.38,357.5,343.34,96.79,3.96,245,5,5.6,-1,0.4
BUY,1456,TER,2026-01-27,236.59,47313.35,,,5596.93,,,,,,,2026-01-26,240.84,209.8,137.26,231.6,226.76,206.47,231.6,227.47,75.46,1.78,161,5,4.2,-1,1.8
SELL,1423,FEIM,2026-01-27,55.19,217176.15,2025-12-09,33.55,3643.13,5992.43,4698605.92,4692613.48,64.4,32,rotation (out of top-N),2026-01-26,52.41,49.18,32.08,51.83,54.72,47.31,,,63.39,,553,5,,-1,
SELL,1447,FORM,2026-01-27,75.17,143214.93,2026-01-13,73.31,5249.9,5383.09,266379.77,260996.68,2.49,9,rotation (out of top-N),2026-01-26,70.53,64.11,42.6,74.04,74.72,62.64,,,65.55,,119,5,,-1.0,
SELL,1433,HUT,2026-01-27,58.67,189416.62,2025-12-30,48.75,4617.03,5556.54,1879012.86,1873456.32,20.29,18,rotation (out of top-N),2026-01-26,55.83,51.92,33.16,56.4,57.36,49.65,,,68.36,,189,5,,-1,
SELL,1449,IMOS,2026-01-27,41.8,281571.54,2026-01-13,37.29,5249.9,5884.85,1269887.64,1264002.8,12.04,9,rotation (out of top-N),2026-01-26,36.96,32.87,22.21,41.21,39.39,31.43,,,66.42,,119,5,,-1.0,
SELL,1441,RKLB,2026-01-27,82.84,137726.26,2026-01-06,78.01,5372.01,5704.62,665217.85,659513.23,6.14,14,rotation (out of top-N),2026-01-26,80.04,75.42,50.15,80.47,86.4,69.63,,,59.59,,581,5,,-1.0,
SELL,1442,RVMD,2026-01-27,98.26,136727.23,2026-01-06,78.58,5372.01,6717.41,2690791.91,2684074.5,24.98,14,rotation (out of top-N),2026-01-26,96.87,94.16,56.46,97.74,111.51,90.55,,,71.58,,133,5,,-1,
SELL,1431,SLGL,2026-01-27,55.84,185481.21,2025-12-23,41.03,3805.15,5179.1,2747904.13,2742725.03,36.04,22,ratchet-ATR exit,2026-01-26,62.7,50.8,27.0,55.84,57.01,46.29,,,132.26,,252,5,,-1,
SELL,1452,VSAT,2026-01-27,43.04,250293.27,2026-01-13,41.95,5249.9,5386.31,272819.66,267433.35,2.55,9,rotation (out of top-N),2026-01-26,45.18,39.89,26.85,42.78,42.5,37.65,,,68.24,,231,5,,-1,
SELL,1416,VSXY,2026-01-27,58.03,158631.45,2025-12-02,44.01,3490.29,4602.69,2224806.06,2220203.37,31.81,37,rotation (out of top-N),2026-01-26,54.51,53.44,32.24,58.47,60.75,54.76,,,69.08,,119,5,,-1.0,
BUY,1464,ACMR,2026-02-03,63.87,189405.89,,,6048.68,,,,,,,2026-02-02,62.45,49.75,34.41,61.09,54.99,45.53,,,81.47,,357,5,,-1,
BUY,1467,COHR,2026-02-03,232.01,52141.52,,,6048.68,,,,,,,2026-02-02,227.52,192.07,126.48,222.4,209.06,191.61,222.4,208.58,79.89,6.21,203,5,6,-1,0.0
BUY,1463,FORM,2026-02-03,75.0,161298.05,,,6048.68,,,,,,,2026-02-02,90.29,68.87,44.1,71.25,73.0,64.75,,,104.74,,126,5,,-1,
BUY,1468,LASR,2026-02-03,50.41,240003.05,,,6048.68,,,,,,,2026-02-02,51.18,42.07,28.71,48.09,45.54,40.42,,,78.28,,259,5,,-1,
BUY,1462,POWL,2026-02-03,148.44,81496.59,,,6048.68,,,,,,,2026-02-02,194.68,138.87,97.28,146.68,143.97,124.17,,,100.13,,182,5,,-1,
BUY,1466,UCTT,2026-02-03,47.48,254788.41,,,6048.68,,,,,,,2026-02-02,48.33,37.26,26.67,46.09,44.2,33.43,,,81.22,,119,5,,-1.0,
BUY,1465,VSXY,2026-02-03,57.62,209932.39,,,6048.68,,,,,,,2026-02-02,62.4,55.07,33.31,57.66,57.85,56.52,,,87.33,,126,5,,-1,
SELL,1454,ALB,2026-02-03,172.23,59390.2,2026-01-27,188.48,5596.93,5114.39,-965090.78,-970205.16,-8.67,5,rotation (out of top-N),2026-02-02,162.99,154.08,98.63,164.45,176.29,154.76,164.03,157.39,65.26,4.05,161,5,5.7,-1,0.3
SELL,1440,ASTS,2026-02-03,107.19,117665.38,2026-01-06,91.31,5372.01,6306.57,1869114.55,1862807.98,17.34,19,rotation (out of top-N),2026-02-02,101.76,94.55,60.84,104.56,110.1,89.63,,,67.25,,245,5,,-1,
SELL,1460,ATRO,2026-02-03,65.49,171975.19,2026-01-27,65.09,5596.93,5631.33,68790.08,63158.75,0.56,5,rotation (out of top-N),2026-02-02,63.47,55.24,37.52,64.06,62.69,51.85,,,69.16,,336,5,,-1,
SELL,1414,ECHO,2026-02-03,119.65,95473.94,2025-12-02,73.11,3490.29,5711.73,4442879.64,4437167.91,63.56,42,rotation (out of top-N),2026-02-02,111.69,108.14,62.9,116.48,119.8,111.38,,,77.56,,210,5,,-1,
SELL,1451,FBRX,2026-02-03,34.5,352934.54,2026-01-13,29.75,5249.9,6088.12,1676439.09,1670350.96,15.91,14,rotation (out of top-N),2026-02-02,27.16,26.16,15.67,34.79,31.46,27.14,,,73.33,,140,5,,-1,
SELL,1438,LRCX,2026-02-03,243.99,54471.84,2026-01-06,197.24,5372.01,6645.29,2546558.54,2539913.25,23.64,19,rotation (out of top-N),2026-02-02,230.6,202.58,133.78,237.22,230.81,194.53,237.05,228.83,72.37,3.47,252,5,5.3,-1,0.7
SELL,1450,TTMI,2026-02-03,107.05,128179.24,2026-01-13,81.92,5249.9,6860.47,3221144.38,3214283.9,30.61,14,rotation (out of top-N),2026-02-02,98.64,85.06,56.16,102.77,96.55,80.76,,,75.64,,273,5,,-1,
BUY,1473,FBRX,2026-02-10,29.29,432855.01,,,6339.16,,,,,,,2026-02-09,31.44,27.12,16.29,29.83,30.49,28.42,,,92.98,,147,5,,-1,
BUY,1469,FET,2026-02-10,47.18,268722.41,,,6339.16,,,,,,,2026-02-09,50.08,42.22,28.2,48.08,46.07,40.43,,,77.61,,245,5,,-1,
BUY,1470,ICHR,2026-02-10,42.54,298032.99,,,6339.16,,,,,,,2026-02-09,46.81,29.64,20.65,34.08,30.95,24.88,,,126.63,,35,5,,1.4,
BUY,1475,IPGP,2026-02-10,110.34,114897.13,,,6339.16,,,,,,,2026-02-09,154.09,99.36,80.38,111.24,99.34,82.9,,,91.71,,210,5,,-1,
BUY,1472,MU,2026-02-10,376.14,33706.39,,,6339.16,,,,,,,2026-02-09,411.43,351.81,200.73,383.19,395.93,335.82,382.83,370.34,104.97,3.26,245,5,5.2,-1,0.8
BUY,1474,NKTR,2026-02-10,47.23,268409.51,,,6339.16,,,,,,,2026-02-09,71.35,47.64,38.79,37.03,37.04,41.04,,,83.95,,224,5,,-1,
BUY,1471,SPHR,2026-02-10,96.52,131354.36,,,6339.16,,,,,,,2026-02-09,115.34,95.39,63.99,94.95,93.74,93.68,,,80.27,,217,5,,-1,
BUY,1476,VAL,2026-02-10,80.7,157104.38,,,6339.16,,,,,,,2026-02-09,95.85,62.9,51.11,83.78,63.37,54.72,,,87.54,,217,5,,-1,
SELL,1360,ARWR,2026-02-10,62.8,247863.73,2025-09-23,32.01,3966.44,7783.54,7634202.88,7626419.33,96.14,96,rotation (out of top-N),2026-02-09,63.87,63.09,37.25,62.6,66.61,67.33,,,71.47,,175,5,,-1,
SELL,1375,CELC,2026-02-10,107.41,101976.64,2025-10-07,47.76,2435.2,5476.4,6082396.77,6076920.37,124.77,86,rotation (out of top-N),2026-02-09,104.42,102.91,60.3,107.82,108.65,105.83,,,73.16,,217,5,,-1,
SELL,1467,COHR,2026-02-10,233.3,52141.52,2026-02-03,232.01,6048.68,6082.31,67262.56,61180.25,0.51,5,rotation (out of top-N),2026-02-09,217.1,196.62,130.14,242.5,219.77,196.22,242.5,229.18,66.82,5.49,210,5,6,-1,0.0
SELL,1445,INBX,2026-02-10,84.87,141741.77,2026-01-06,75.8,5372.01,6014.81,1285597.81,1279583.0,11.91,24,rotation (out of top-N),2026-02-09,75.97,76.34,46.38,86.3,81.07,78.22,,,63.8,,224,5,,-1,
SELL,1468,LASR,2026-02-10,55.0,240003.05,2026-02-03,50.41,6048.68,6600.08,1102814.03,1096213.95,9.06,5,rotation (out of top-N),2026-02-09,52.23,43.91,29.72,54.61,48.28,41.92,,,75.71,,266,5,,-1,
SELL,1426,MU,2026-02-10,376.14,42691.25,2025-12-16,235.38,5024.33,8028.94,6009220.47,6001191.53,59.72,37,ratchet-ATR exit,2026-02-09,411.43,351.81,200.73,383.19,395.93,335.82,382.83,370.34,104.97,3.26,245,5,5.2,-1,0.8
SELL,1399,TSEM,2026-02-10,145.65,58285.77,2025-11-11,98.87,2881.36,4244.66,2726608.39,2722363.73,47.24,61,rotation (out of top-N),2026-02-09,128.69,124.01,78.18,147.5,134.97,125.4,,,64.62,,196,5,,-1,
SELL,1465,VSXY,2026-02-10,62.04,209932.39,2026-02-03,57.62,6048.68,6512.1,926851.5,920339.4,7.61,5,rotation (out of top-N),2026-02-09,58.51,55.69,34.29,61.8,59.86,57.98,,,70.63,,133,5,,-1,
BUY,1480,AAOI,2026-02-24,52.39,273464.32,,,7163.4,,,,,,,2026-02-23,84.23,48.66,30.65,53.97,47.39,40.46,,,174.8,,168,5,,-1,
BUY,1484,AU,2026-02-24,112.38,127485.28,,,7163.4,,,,,,,2026-02-23,122.1,99.82,68.77,115.78,105.54,96.1,,,77.56,,392,5,,-1,
BUY,1483,COHR,2026-02-24,254.5,56293.89,,,7163.4,,,,,,,2026-02-23,258.9,215.61,138.89,248.67,231.34,206.56,248.67,238.46,86.41,4.11,224,5,5.7,-1,0.3
BUY,1482,GLW,2026-02-24,147.16,97355.23,,,7163.4,,,,,,,2026-02-23,150.17,117.02,80.07,144.79,131.55,105.11,145.01,139.25,87.55,3.98,273,5,5.7,-1,0.3
BUY,1481,IMOS,2026-02-24,38.61,371064.38,,,7163.4,,,,,,,2026-02-23,44.02,35.09,24.07,34.68,34.09,34.92,,,82.87,,147,5,,-1,
BUY,1485,LASR,2026-02-24,56.61,253078.89,,,7163.4,,,,,,,2026-02-23,56.1,47.92,31.84,54.72,53.27,45.71,,,76.17,,280,5,,-1,
BUY,1477,PVLA,2026-02-24,112.45,127405.92,,,7163.4,,,,,,,2026-02-23,135.63,95.81,66.66,87.58,82.91,89.8,,,103.47,,378,5,,-1,
BUY,1478,SII,2026-02-24,150.28,95334.01,,,7163.4,,,,,,,2026-02-23,161.56,125.54,86.88,151.28,131.2,117.71,,,85.97,,371,5,,-1,
BUY,1479,SYRE,2026-02-24,44.33,323185.1,,,7163.4,,,,,,,2026-02-23,43.0,35.96,23.67,44.12,38.19,33.61,,,81.69,,133,5,,-1,
SELL,1464,ACMR,2026-02-24,65.87,189405.89,2026-02-03,63.87,6048.68,6238.08,378811.77,372573.69,3.08,14,rotation (out of top-N),2026-02-23,55.6,55.17,37.38,65.12,64.26,54.39,,,48.75,,378,5,,-0.4,
SELL,1473,FBRX,2026-02-24,28.67,432855.01,2026-02-10,29.29,6339.16,6204.98,-268370.11,-274575.08,-2.17,9,rotation (out of top-N),2026-02-23,30.32,28.01,17.38,28.64,29.63,29.41,,,74.43,,161,5,,-1,
SELL,1475,IPGP,2026-02-24,136.01,114897.13,2026-02-10,110.34,6339.16,7813.58,2948834.72,2941021.14,23.2,9,rotation (out of top-N),2026-02-23,131.39,110.28,83.72,134.62,128.72,95.59,,,56.93,,224,5,,-0.8,
SELL,1444,MBX,2026-02-24,37.29,361508.27,2026-01-06,29.72,5372.01,6740.32,2736617.61,2729877.29,25.41,33,rotation (out of top-N),2026-02-23,32.48,34.21,21.64,36.69,37.31,36.21,,,50.12,,196,5,,-0.5,
SELL,1457,MKSI,2026-02-24,255.47,50729.02,2026-01-27,220.66,5596.93,6479.87,1765877.13,1759397.26,15.72,19,rotation (out of top-N),2026-02-23,244.38,222.72,144.01,253.58,251.02,214.72,,,69.7,,203,5,,-1,
SELL,1474,NKTR,2026-02-24,73.2,268409.51,2026-02-10,47.23,6339.16,9823.79,6969252.98,6959429.19,54.89,9,rotation (out of top-N),2026-02-23,68.93,55.39,41.86,73.54,66.37,46.05,,,64.68,,238,5,,-1,
SELL,1462,POWL,2026-02-24,182.05,81496.59,2026-02-03,148.44,6048.68,7418.23,2739100.42,2731682.19,22.58,14,rotation (out of top-N),2026-02-23,174.85,158.6,106.64,181.08,182.03,149.15,,,63.96,,203,5,,-1,
SELL,1471,SPHR,2026-02-24,113.28,131354.36,2026-02-10,96.52,6339.16,7439.91,2201499.15,2194059.24,17.31,9,rotation (out of top-N),2026-02-23,118.98,102.49,67.91,110.98,109.22,98.17,,,75.2,,231,5,,-1,
SELL,1455,STX,2026-02-24,409.26,31036.31,2026-01-27,360.67,5596.93,6350.96,1508054.21,1501703.25,13.42,19,rotation (out of top-N),2026-02-23,407.25,371.28,238.39,406.76,412.55,361.53,406.76,392.44,70.83,3.52,273,5,5.3,-1,0.7
BUY,1491,ATEX,2026-03-03,36.15,387947.2,,,7012.15,,,,,,,2026-03-02,39.63,31.07,24.12,37.24,35.37,28.11,,,64.27,,28,5,,1.5,
BUY,1490,CELC,2026-03-03,105.36,133108.31,,,7012.15,,,,,,,2026-03-02,114.92,106.64,67.8,108.36,108.0,107.69,,,69.51,,238,5,,-1,
BUY,1486,DNTH,2026-03-03,53.62,261549.63,,,7012.15,,,,,,,2026-03-02,65.25,51.32,35.0,55.24,52.46,48.01,,,86.44,,189,5,,-1,
BUY,1487,ESLT,2026-03-03,824.41,17011.31,,,7012.15,,,,,,,2026-03-02,934.36,723.04,535.87,827.05,753.93,703.61,,,74.36,,504,5,,-1,
BUY,1488,MRNA,2026-03-03,50.47,277873.81,,,7012.15,,,,,,,2026-03-02,52.52,44.62,31.59,52.87,50.05,43.45,52.87,50.2,66.24,5.06,77,5,6.7,-0.3,0.7
BUY,1489,NBR,2026-03-03,76.16,184142.48,,,7012.15,,,,,,,2026-03-02,78.67,69.32,47.53,76.87,75.97,67.83,,,65.53,,140,5,,-1,
SELL,1484,AU,2026-03-03,109.51,127485.28,2026-02-24,112.38,7163.4,6980.46,-365882.75,-372863.21,-2.6,5,rotation (out of top-N),2026-03-02,101.76,100.17,70.29,122.6,115.4,100.73,,,44.77,,399,5,,-0.2,
SELL,1443,BE,2026-03-03,154.37,102139.23,2026-01-06,105.19,5372.01,7883.62,5023207.43,5015323.81,46.68,38,rotation (out of top-N),2026-03-02,135.19,137.0,86.68,166.02,160.47,145.42,,,55.96,,273,5,,-0.8,
SELL,1461,BLTE,2026-03-03,170.02,67657.09,2026-01-27,165.45,5596.93,5751.53,309192.89,303441.36,2.71,24,rotation (out of top-N),2026-03-02,173.28,170.03,108.57,177.11,183.23,170.94,,,59.6,,210,5,,-1.0,
SELL,1482,GLW,2026-03-03,150.91,97355.23,2026-02-24,147.16,7163.4,7345.94,365082.11,357736.17,2.5,5,rotation (out of top-N),2026-03-02,123.12,118.13,81.92,157.6,145.68,113.24,157.84,151.19,50.29,4.21,280,5,5.3,-0.5,0.2
SELL,1481,IMOS,2026-03-03,37.74,371064.38,2026-02-24,38.61,7163.4,7001.98,-322826.01,-329828.0,-2.3,5,rotation (out of top-N),2026-03-02,38.24,35.67,24.58,42.57,39.53,36.59,,,55.6,,154,5,,-0.8,
SELL,1476,VAL,2026-03-03,90.63,157104.38,2026-02-10,80.7,6339.16,7119.18,1560046.47,1552927.29,12.25,14,rotation (out of top-N),2026-03-02,87.51,76.27,55.28,92.53,91.79,69.07,,,58.29,,238,5,,-0.9,
BUY,1498,ANAB,2026-03-10,40.52,372472.65,,,7546.3,,,,,,,2026-03-09,43.26,35.45,24.04,39.83,37.61,34.28,,,79.98,,266,5,,-1,
BUY,1497,BE,2026-03-10,150.75,100120.02,,,7546.3,,,,,,,2026-03-09,154.53,140.19,90.0,151.3,154.8,151.14,,,71.71,,280,5,,-1,
BUY,1503,COHR,2026-03-10,259.43,58175.97,,,7546.3,,,,,,,2026-03-09,242.82,223.53,146.96,252.4,255.74,225.18,252.4,237.15,65.22,6.04,238,5,6,-1,0.0
BUY,1492,FORM,2026-03-10,89.09,169408.37,,,7546.3,,,,,,,2026-03-09,89.9,83.59,51.87,89.09,91.88,85.22,,,73.31,,161,5,,-1,
BUY,1494,ICHR,2026-03-10,41.97,359604.28,,,7546.3,,,,,,,2026-03-09,41.46,37.56,23.42,41.72,44.82,38.12,,,77.01,,63,5,,-0.0,
BUY,1493,LITE,2026-03-10,677.07,22291.2,,,7546.3,,,,,,,2026-03-09,622.14,531.67,266.94,640.74,651.31,513.32,640.06,603.83,133.06,5.66,266,5,6,-1,0.0
BUY,1500,NKTR,2026-03-10,69.25,217943.56,,,7546.3,,,,,,,2026-03-09,73.32,60.92,44.93,69.14,69.3,52.61,,,63.19,,252,5,,-1,
BUY,1504,ORKA,2026-03-10,33.8,446526.39,,,7546.3,,,,,,,2026-03-09,39.88,33.7,23.86,33.74,33.64,33.3,,,67.16,,203,5,,-1,
BUY,1499,PRAX,2026-03-10,315.3,47868.16,,,7546.3,,,,,,,2026-03-09,293.66,302.56,165.96,308.55,320.89,316.4,,,76.95,,147,5,,-1,
BUY,1501,SLGL,2026-03-10,84.92,177727.18,,,7546.3,,,,,,,2026-03-09,84.92,70.89,37.44,78.77,81.6,69.16,,,126.8,,294,5,,-1,
BUY,1496,TER,2026-03-10,298.07,50634.39,,,7546.3,,,,,,,2026-03-09,286.4,272.54,170.85,296.19,304.67,278.23,296.31,282.06,67.63,4.81,203,5,6,-1,0.0
BUY,1502,UCTT,2026-03-10,53.22,283588.72,,,7546.3,,,,,,,2026-03-09,54.96,48.95,31.13,53.01,56.92,50.63,,,76.55,,154,5,,-1,
BUY,1505,VAL,2026-03-10,89.97,167751.38,,,7546.3,,,,,,,2026-03-09,93.9,79.48,56.59,90.83,91.01,73.88,,,65.93,,245,5,,-1,
BUY,1495,VICR,2026-03-10,170.43,88558.56,,,7546.3,,,,,,,2026-03-09,172.48,158.49,90.11,169.64,182.51,165.94,,,91.4,,175,5,,-1,
SELL,1491,ATEX,2026-03-10,38.64,387947.2,2026-03-03,36.15,7012.15,7495.14,965988.53,958493.39,6.83,5,rotation (out of top-N),2026-03-09,37.04,32.16,24.35,38.64,37.35,30.09,,,52.09,,35,5,,1.8,
SELL,1483,COHR,2026-03-10,259.43,56293.89,2026-02-24,254.5,7163.4,7302.16,277528.89,270226.73,1.89,10,ratchet-ATR exit,2026-03-09,242.82,223.53,146.96,252.4,255.74,225.18,252.4,237.15,65.22,6.04,238,5,6,-1,0.0
SELL,1487,ESLT,2026-03-10,869.77,17011.31,2026-03-03,824.41,7012.15,7397.96,771632.87,764234.91,5.45,5,rotation (out of top-N),2026-03-09,869.69,749.71,547.16,902.39,842.27,734.74,,,58.95,,511,5,,-0.9,
SELL,1463,FORM,2026-03-10,89.09,161298.05,2026-02-03,75.0,6048.68,7185.02,2272689.56,2265504.54,18.73,24,ratchet-ATR exit,2026-03-09,89.9,83.59,51.87,89.09,91.88,85.22,,,73.31,,161,5,,-1,
SELL,1470,ICHR,2026-03-10,41.97,298032.99,2026-02-10,42.54,6339.16,6254.22,-169878.8,-176133.03,-1.39,19,ratchet-ATR exit,2026-03-09,41.46,37.56,23.42,41.72,44.82,38.12,,,77.01,,63,5,,-0.0,
SELL,1448,LITE,2026-03-10,677.07,31162.7,2026-01-13,336.94,5249.9,10549.59,10599367.51,10588817.92,100.85,38,ratchet-ATR exit,2026-03-09,622.14,531.67,266.94,640.74,651.31,513.32,640.06,603.83,133.06,5.66,266,5,6,-1,0.0
SELL,1489,NBR,2026-03-10,80.26,184142.48,2026-03-03,76.16,7012.15,7389.64,754984.17,747594.53,5.33,5,rotation (out of top-N),2026-03-09,76.62,70.65,48.69,81.2,77.94,70.18,,,57.36,,147,5,,-0.9,
SELL,1446,PRAX,2026-03-10,315.3,38884.66,2026-01-06,276.31,5372.01,6130.07,1516112.87,1509982.8,14.05,43,ratchet-ATR exit,2026-03-09,293.66,302.56,165.96,308.55,320.89,316.4,,,76.95,,147,5,,-1,
SELL,1478,SII,2026-03-10,164.13,95334.01,2026-02-24,150.28,7163.4,7823.59,1320376.1,1312552.51,9.16,10,rotation (out of top-N),2026-03-09,147.22,134.61,91.6,161.83,157.31,132.71,,,60.73,,385,5,,-1,
SELL,1459,SLGL,2026-03-10,84.92,200445.25,2026-01-27,55.84,5596.93,8510.91,5827945.76,5819434.85,51.99,29,ratchet-ATR exit,2026-03-09,84.92,70.89,37.44,78.77,81.6,69.16,,,126.8,,294,5,,-1,
SELL,1479,SYRE,2026-03-10,41.64,323185.1,2026-02-24,44.33,7163.4,6728.71,-869367.93,-876096.65,-6.12,10,rotation (out of top-N),2026-03-09,39.74,37.27,24.86,41.09,40.87,36.2,,,59.86,,147,5,,-1.0,
SELL,1456,TER,2026-03-10,298.07,47313.35,2026-01-27,236.59,5596.93,7051.34,2908824.69,2901773.34,25.92,29,ratchet-ATR exit,2026-03-09,286.4,272.54,170.85,296.19,304.67,278.23,296.31,282.06,67.63,4.81,203,5,6,-1,0.0
SELL,1466,UCTT,2026-03-10,53.22,254788.41,2026-02-03,47.48,6048.68,6779.92,1462485.5,1455705.58,12.03,24,ratchet-ATR exit,2026-03-09,54.96,48.95,31.13,53.01,56.92,50.63,,,76.55,,154,5,,-1,
SELL,1425,VICR,2026-03-10,170.43,107197.21,2025-12-16,93.74,5024.33,9134.54,8220418.18,8211283.64,81.72,56,ratchet-ATR exit,2026-03-09,172.48,158.49,90.11,169.64,182.51,165.94,,,91.4,,175,5,,-1,
BUY,1510,APA,2026-03-17,34.69,453943.6,,,7873.65,,,,,,,2026-03-16,38.86,30.94,23.98,34.31,32.58,28.52,34.31,33.58,62.07,2.14,210,5,4.4,-1,1.6
BUY,1512,DOCN,2026-03-17,72.01,218682.18,,,7873.65,,,,,,,2026-03-16,82.72,62.98,43.97,71.97,64.05,60.01,,,88.13,,168,5,,-1,
BUY,1509,ESLT,2026-03-17,936.77,16810.21,,,7873.65,,,,,,,2026-03-16,918.66,780.43,558.83,873.35,861.04,755.31,,,64.39,,518,5,,-1,
BUY,1508,FET,2026-03-17,55.53,283581.91,,,7873.65,,,,,,,2026-03-16,56.37,51.27,33.27,55.15,56.36,51.3,,,69.41,,280,5,,-1,
BUY,1507,PARR,2026-03-17,54.24,290326.39,,,7873.65,,,,,,,2026-03-16,61.42,47.32,37.71,53.14,50.0,42.4,,,62.88,,301,5,,-1,
BUY,1513,PBF,2026-03-17,43.99,357974.62,,,7873.65,,,,,,,2026-03-16,48.9,38.61,30.28,43.31,41.31,35.7,,,61.47,,210,5,,-1,
BUY,1511,SYRE,2026-03-17,44.05,357527.61,,,7873.65,,,,,,,2026-03-16,41.26,37.99,25.46,44.09,41.34,37.35,,,62.05,,154,5,,-1,
BUY,1506,TSEM,2026-03-17,138.17,113970.5,,,7873.65,,,,,,,2026-03-16,163.67,130.12,89.49,138.59,124.31,128.81,,,82.89,,231,5,,-1,
SELL,1497,BE,2026-03-17,152.72,100120.02,2026-03-10,150.75,7546.3,7645.41,198237.63,190592.22,1.26,5,rotation (out of top-N),2026-03-16,150.12,142.0,93.2,153.75,155.22,153.52,,,61.08,,287,5,,-1,
SELL,1490,CELC,2026-03-17,115.03,133108.31,2026-03-03,105.36,7012.15,7656.06,1287822.88,1280166.82,9.13,10,rotation (out of top-N),2026-03-16,106.05,107.66,72.67,114.9,113.25,109.61,,,45.93,,252,5,,-0.3,
SELL,1469,FET,2026-03-17,55.53,268722.41,2026-02-10,47.18,6339.16,7461.08,2243832.12,2236371.04,17.64,24,ratchet-ATR exit,2026-03-16,56.37,51.27,33.27,55.15,56.36,51.3,,,69.41,,280,5,,-1,
SELL,1488,MRNA,2026-03-17,54.08,277873.81,2026-03-03,50.47,7012.15,7513.01,1001735.09,994222.08,7.09,10,rotation (out of top-N),2026-03-16,51.4,47.04,32.84,53.35,53.39,48.05,53.35,51.51,56.52,3.45,91,5,5.6,-0.3,1.2
SELL,1500,NKTR,2026-03-17,73.0,217943.56,2026-03-10,69.25,7546.3,7954.94,817288.37,809333.43,5.36,5,rotation (out of top-N),2026-03-16,72.18,62.96,46.52,72.15,71.15,56.97,,,55.16,,259,5,,-0.8,
SELL,1504,ORKA,2026-03-17,41.83,446526.39,2026-03-10,33.8,7546.3,9339.1,3585606.88,3576267.78,23.7,5,rotation (out of top-N),2026-03-16,38.86,34.64,24.51,41.87,35.96,33.99,,,58.52,,210,5,,-0.9,
SELL,1477,PVLA,2026-03-17,119.83,127405.92,2026-02-24,112.45,7163.4,7633.53,940255.69,932622.16,6.51,15,rotation (out of top-N),2026-03-16,112.37,107.39,74.0,125.94,130.03,102.51,,,51.85,,399,5,,-0.6,
SELL,1505,VAL,2026-03-17,92.95,167751.38,2026-03-10,89.97,7546.3,7796.25,499899.12,492102.87,3.26,5,rotation (out of top-N),2026-03-16,92.44,81.83,57.74,91.55,91.98,78.73,,,60.11,,252,5,,-1,
BUY,1514,AGX,2026-03-24,465.27,31341.46,,,7291.12,,,,,,,2026-03-23,565.11,441.76,313.39,462.17,465.05,419.88,,,80.32,,1176,5,,-1,
BUY,1517,ELVN,2026-03-24,30.06,485104.5,,,7291.12,,,,,,,2026-03-23,38.92,29.2,22.57,30.84,29.13,28.08,,,72.47,,77,5,,-0.3,
BUY,1515,MEOH,2026-03-24,54.84,265905.2,,,7291.12,,,,,,,2026-03-23,65.06,52.1,40.47,53.73,53.38,50.12,,,60.77,,147,5,,-1,
BUY,1516,NBR,2026-03-24,86.22,169128.29,,,7291.12,,,,,,,2026-03-23,89.6,75.47,51.24,84.96,79.8,74.18,,,74.87,,161,5,,-1,
BUY,1519,ORKA,2026-03-24,40.34,361438.62,,,7291.12,,,,,,,2026-03-23,44.48,36.43,25.33,41.55,38.68,34.75,,,75.6,,217,5,,-1,
BUY,1518,SLGL,2026-03-24,76.24,191267.59,,,7291.12,,,,,,,2026-03-23,77.75,73.04,40.94,76.94,80.07,74.51,,,89.9,,308,5,,-1,
BUY,1520,VAL,2026-03-24,95.48,152725.61,,,7291.12,,,,,,,2026-03-23,102.71,85.63,59.17,95.28,93.59,83.76,,,73.59,,259,5,,-1,
SELL,1498,ANAB,2026-03-24,41.22,372472.65,2026-03-10,40.52,7546.3,7676.66,260730.86,253054.19,1.68,10,rotation (out of top-N),2026-03-23,38.24,36.87,25.26,41.84,42.0,37.12,,,51.4,,280,5,,-0.6,
SELL,1503,COHR,2026-03-24,258.08,58175.97,2026-03-10,259.43,7546.3,7507.03,-78537.56,-86044.59,-0.57,10,rotation (out of top-N),2026-03-23,243.53,231.43,155.39,255.12,254.92,240.45,255.12,241.74,56.72,5.24,252,5,5.8,-0.8,0.0
SELL,1453,ENLT,2026-03-24,73.31,195355.41,2026-01-27,57.3,5596.93,7160.75,3127640.17,3120479.42,27.88,39,rotation (out of top-N),2026-03-23,66.04,64.82,41.47,74.36,73.78,67.88,,,59.23,,322,5,,-1.0,
SELL,1509,ESLT,2026-03-24,887.24,16810.21,2026-03-17,936.77,7873.65,7457.35,-832609.86,-840067.21,-5.33,5,rotation (out of top-N),2026-03-23,867.23,796.21,569.68,899.57,909.37,784.44,,,52.23,,525,5,,-0.6,
SELL,1472,MU,2026-03-24,401.17,33706.39,2026-02-10,376.14,6339.16,6761.0,843671.06,836910.06,6.6,29,rotation (out of top-N),2026-03-23,357.12,384.2,245.32,404.14,425.45,412.17,404.14,390.15,45.57,3.46,287,5,4.6,-0.3,0.7
SELL,1501,SLGL,2026-03-24,76.24,177727.18,2026-03-10,84.92,7546.3,6774.96,-1542671.89,-1549446.85,-10.27,10,ratchet-ATR exit,2026-03-23,77.75,73.04,40.94,76.94,80.07,74.51,,,89.9,,308,5,,-1,
SELL,1495,VICR,2026-03-24,174.34,88558.56,2026-03-10,170.43,7546.3,7719.65,346706.75,338987.1,2.25,10,rotation (out of top-N),2026-03-23,153.01,158.37,95.85,173.14,179.74,173.33,,,59.63,,189,5,,-1.0,
BUY,1524,AAOI,2026-03-31,86.51,180655.12,,,7814.24,,,,,,,2026-03-30,103.89,79.47,40.27,85.2,97.67,76.52,,,157.95,,203,5,,-1,
BUY,1522,AEHR,2026-03-31,33.64,464580.1,,,7814.24,,,,,,,2026-03-30,44.4,34.28,25.64,30.18,35.27,34.59,,,73.16,,266,5,,-1,
BUY,1525,DAR,2026-03-31,61.34,254784.39,,,7814.24,,,,,,,2026-03-30,64.67,53.89,39.33,60.37,57.93,53.18,,,64.43,,126,5,,-1,
BUY,1521,ENLT,2026-03-31,64.71,241515.6,,,7814.24,,,,,,,2026-03-30,69.6,65.69,42.63,64.44,70.52,69.41,,,63.27,,329,5,,-1,
BUY,1526,GLW,2026-03-31,131.21,119110.39,,,7814.24,,,,,,,2026-03-30,147.66,128.09,90.36,128.32,134.23,133.41,128.52,121.69,63.42,5.31,308,5,6,-1,0.0
BUY,1527,PRAX,2026-03-31,282.37,55347.5,,,7814.24,,,,,,,2026-03-30,310.73,301.75,185.2,276.49,295.75,314.02,,,67.78,,168,5,,-1,
BUY,1529,SLGL,2026-03-31,72.44,215758.6,,,7814.24,,,,,,,2026-03-30,83.9,75.01,42.86,69.35,77.61,76.75,,,95.77,,315,5,,-1,
BUY,1523,SPHR,2026-03-31,108.35,144240.65,,,7814.24,,,,,,,2026-03-30,127.16,109.33,77.03,106.36,109.93,108.99,,,65.08,,266,5,,-1,
BUY,1528,WDC,2026-03-31,255.6,61144.27,,,7814.24,,,,,,,2026-03-30,294.97,267.56,166.04,251.66,280.59,278.44,251.66,238.91,77.65,5.07,315,5,6,-1,0.0
SELL,1480,AAOI,2026-03-31,86.51,273464.32,2026-02-24,52.39,7163.4,11828.7,9330602.58,9318773.88,65.04,25,ratchet-ATR exit,2026-03-30,103.89,79.47,40.27,85.2,97.67,76.52,,,157.95,,203,5,,-1,
SELL,1485,LASR,2026-03-31,55.51,253078.89,2026-02-24,56.61,7163.4,7023.57,-279652.17,-286675.74,-2.0,25,rotation (out of top-N),2026-03-30,60.19,57.13,37.44,53.97,64.74,59.78,,,60.75,,315,5,,-1,
SELL,1515,MEOH,2026-03-31,61.6,265905.2,2026-03-24,54.84,7291.12,8189.88,1797519.16,1789329.28,12.27,5,rotation (out of top-N),2026-03-30,59.65,53.47,41.12,62.29,58.38,51.77,,,45.08,,154,5,,-0.3,
SELL,1516,NBR,2026-03-31,89.41,169128.29,2026-03-24,86.22,7291.12,7560.88,539519.25,531958.37,3.65,5,rotation (out of top-N),2026-03-30,79.8,76.25,52.53,86.62,84.92,76.82,,,51.89,,168,5,,-0.6,
SELL,1513,PBF,2026-03-31,49.01,357974.62,2026-03-17,43.99,7873.65,8772.17,1797032.58,1788260.41,11.36,10,rotation (out of top-N),2026-03-30,45.08,41.62,31.58,49.95,48.09,39.76,,,42.74,,224,5,,-0.1,
SELL,1499,PRAX,2026-03-31,282.37,47868.16,2026-03-10,315.3,7546.3,6758.27,-1576059.2,-1582817.47,-10.49,15,ratchet-ATR exit,2026-03-30,310.73,301.75,185.2,276.49,295.75,314.02,,,67.78,,168,5,,-1,
SELL,1518,SLGL,2026-03-31,72.44,191267.59,2026-03-24,76.24,7291.12,6927.23,-727773.19,-734700.42,-5.04,5,ratchet-ATR exit,2026-03-30,83.9,75.01,42.86,69.35,77.61,76.75,,,95.77,,315,5,,-1,
SELL,1520,VAL,2026-03-31,99.58,152725.61,2026-03-24,95.48,7291.12,7604.21,626175.0,618570.79,4.24,5,rotation (out of top-N),2026-03-30,98.01,87.88,60.57,98.48,97.86,89.06,,,61.81,,266,5,,-1,
SELL,1412,WDC,2026-03-31,255.6,44664.04,2025-11-25,149.86,3346.68,5708.06,4722775.2,4717067.13,70.47,85,ratchet-ATR exit,2026-03-30,294.97,267.56,166.04,251.66,280.59,278.44,251.66,238.91,77.65,5.07,315,5,6,-1,0.0
BUY,1536,AEIS,2026-04-07,332.7,53226.38,,,8854.21,,,,,,,2026-04-06,379.75,315.55,221.14,331.74,324.82,317.99,,,71.72,,308,5,,-1,
BUY,1535,ANAB,2026-04-07,40.95,432439.96,,,8854.21,,,,,,,2026-04-06,46.71,38.92,26.62,41.59,39.88,38.8,,,75.48,,294,5,,-1,
BUY,1537,CAR,2026-04-07,217.9,81270.41,,,8854.21,,,,,,,2026-04-06,299.8,160.24,145.48,212.56,157.09,114.55,,,106.07,,0,5,,2.0,
BUY,1538,COHR,2026-04-07,251.59,70386.01,,,8854.21,,,,,,,2026-04-06,307.11,249.14,165.07,253.16,249.63,248.32,253.16,240.95,86.05,4.82,266,5,6,-1,0.0
BUY,1534,FBRX,2026-04-07,26.39,671027.53,,,8854.21,,,,,,,2026-04-06,35.0,28.08,19.71,26.45,25.83,27.86,,,77.53,,203,5,,-1,
BUY,1530,POWL,2026-04-07,185.04,95700.48,,,8854.21,,,,,,,2026-04-06,230.94,179.87,124.34,186.64,180.45,179.31,,,85.73,,245,5,,-1,
BUY,1531,SNDK,2026-04-07,722.59,24507.04,,,8854.21,,,,,,,2026-04-06,851.04,647.1,300.48,724.12,674.15,639.41,724.12,698.2,183.22,3.58,999,5,5.4,-1,0.6
BUY,1532,STX,2026-04-07,449.75,39373.91,,,8854.21,,,,,,,2026-04-06,503.37,408.59,280.21,453.38,412.49,401.6,453.38,434.94,79.64,4.07,315,5,5.7,-1,0.3
BUY,1533,VICR,2026-04-07,153.01,115733.72,,,8854.21,,,,,,,2026-04-06,185.69,162.91,102.07,155.76,161.54,173.32,,,81.93,,203,5,,-1,
SELL,1510,APA,2026-04-07,43.45,453943.6,2026-03-17,34.69,7873.65,9861.92,3976545.93,3966684.0,25.19,14,rotation (out of top-N),2026-04-06,38.37,35.5,25.69,42.72,41.19,33.64,42.72,41.42,49.35,3.03,231,5,4.5,-0.5,1.0
SELL,1525,DAR,2026-04-07,64.17,254784.39,2026-03-31,61.34,7814.24,8174.12,719765.9,711591.78,4.55,4,rotation (out of top-N),2026-04-06,61.27,55.23,39.87,63.88,60.92,54.73,,,53.65,,133,5,,-0.7,
SELL,1512,DOCN,2026-04-07,85.59,218682.18,2026-03-17,72.01,7873.65,9358.5,2969703.94,2960345.44,18.8,14,rotation (out of top-N),2026-04-06,75.68,71.57,48.03,87.03,84.42,69.92,,,57.57,,189,5,,-0.9,
SELL,1521,ENLT,2026-04-07,67.45,241515.6,2026-03-31,64.71,7814.24,8145.11,661752.74,653607.63,4.18,4,rotation (out of top-N),2026-04-06,74.77,67.34,43.87,68.94,69.92,70.43,,,70.43,,336,5,,-1,
SELL,1508,FET,2026-04-07,60.28,283581.91,2026-03-17,55.53,7873.65,8547.16,1347014.07,1338466.91,8.5,14,rotation (out of top-N),2026-04-06,60.06,55.34,36.33,59.24,58.92,56.4,,,65.3,,301,5,,-1,
SELL,1507,PARR,2026-04-07,66.78,290326.39,2026-03-17,54.24,7873.65,9694.0,3640692.94,3630998.94,23.06,14,rotation (out of top-N),2026-04-06,62.76,54.98,40.39,64.85,62.22,50.76,,,55.37,,322,5,,-0.8,
SELL,1527,PRAX,2026-04-07,308.52,55347.5,2026-03-31,282.37,7814.24,8537.91,1447337.21,1438799.3,9.21,4,rotation (out of top-N),2026-04-06,314.69,304.1,191.89,309.65,305.99,314.84,,,64.0,,175,5,,-1,
SELL,1529,SLGL,2026-04-07,77.01,215758.6,2026-03-31,72.44,7814.24,8307.79,987095.61,978787.83,6.26,4,rotation (out of top-N),2026-04-06,75.6,75.12,44.56,77.01,79.23,78.56,,,69.65,,322,5,,-1,
SELL,1523,SPHR,2026-04-07,126.26,144240.65,2026-03-31,108.35,7814.24,9105.91,2583350.05,2574244.14,16.47,4,rotation (out of top-N),2026-04-06,128.45,112.81,79.15,126.21,117.42,112.02,,,62.28,,273,5,,-1,
BUY,1540,AMKR,2026-04-14,62.06,324871.84,,,10080.77,,,,,,,2026-04-13,67.29,51.15,37.49,60.43,52.23,47.1,,,79.5,,245,5,,-1,
BUY,1542,BE,2026-04-14,202.96,99337.54,,,10080.77,,,,,,,2026-04-13,207.84,156.03,106.95,176.58,152.53,151.65,,,94.33,,315,5,,-1,
BUY,1539,ENLT,2026-04-14,79.51,253572.46,,,10080.77,,,,,,,2026-04-13,81.85,69.98,45.29,75.58,71.87,71.73,,,80.74,,343,5,,-1,
BUY,1543,ONTO,2026-04-14,255.68,78854.61,,,10080.77,,,,,,,2026-04-13,290.6,225.41,160.01,252.86,232.95,211.96,,,81.62,,175,5,,-1,
BUY,1541,RVMD,2026-04-14,135.48,148815.67,,,10080.77,,,,,,,2026-04-13,148.66,106.06,73.7,136.31,103.64,99.37,,,101.71,,210,5,,-1,
SELL,1536,AEIS,2026-04-14,382.38,53226.38,2026-04-07,332.7,8854.21,10176.35,2644286.53,2634110.18,14.87,5,rotation (out of top-N),2026-04-13,376.37,326.61,227.04,378.64,354.24,327.66,,,65.77,,315,5,,-1,
SELL,1514,AGX,2026-04-14,598.42,31341.46,2026-03-24,465.27,7291.12,9377.68,4173115.44,4163737.77,28.55,14,rotation (out of top-N),2026-04-13,600.8,510.48,341.8,595.31,570.33,481.27,,,75.77,,1197,5,,-1,
SELL,1535,ANAB,2026-04-14,45.33,432439.96,2026-04-07,40.95,8854.21,9801.25,1894087.03,1884285.78,10.64,5,rotation (out of top-N),2026-04-13,44.88,40.0,27.3,45.84,43.19,40.05,,,64.37,,301,5,,-1,
SELL,1534,FBRX,2026-04-14,32.0,671027.53,2026-04-07,26.39,8854.21,10736.44,3764464.42,3753727.98,21.2,5,rotation (out of top-N),2026-04-13,33.72,29.11,20.29,30.72,29.05,27.97,,,66.15,,210,5,,-1,
SELL,1526,GLW,2026-04-14,173.33,119110.39,2026-03-31,131.21,7814.24,10322.7,5016929.7,5006607.0,32.04,9,rotation (out of top-N),2026-04-13,164.16,141.03,96.15,174.91,157.53,141.22,175.18,170.39,70.74,2.73,322,5,4.8,-1,1.2
BUY,1547,ANAB,2026-04-21,51.14,534951.37,,,13678.71,,,,,,,2026-04-20,58.91,43.44,28.34,50.9,45.52,41.34,,,107.84,,308,5,,-1,
BUY,1548,INBX,2026-04-21,83.01,329567.68,,,13678.71,,,,,,,2026-04-20,128.89,83.07,61.57,82.39,78.93,71.53,,,109.35,,294,5,,-1,
BUY,1549,INTC,2026-04-21,67.2,407074.07,,,13678.71,,,,,,,2026-04-20,82.53,57.61,39.68,65.72,62.65,49.93,65.72,63.71,107.98,3.06,252,5,5.0,-1,1.0
BUY,1544,MRVL,2026-04-21,148.52,184200.2,,,13678.71,,,,,,,2026-04-20,164.25,115.65,87.23,147.84,130.12,99.33,,,88.3,,189,5,,-1,
BUY,1546,MXL,2026-04-21,33.63,813361.47,,,13678.71,,,,,,,2026-04-20,60.36,26.94,18.1,31.73,23.51,18.51,,,233.52,,238,5,,-1,
BUY,1545,TTMI,2026-04-21,128.3,213230.03,,,13678.71,,,,,,,2026-04-20,149.04,111.75,75.42,125.92,116.87,103.49,,,97.62,,350,5,,-1,
SELL,1537,CAR,2026-04-21,624.0,81270.41,2026-04-07,217.9,8854.21,25356.37,33004320.67,32978964.3,186.23,10,rotation (out of top-N),2026-04-20,204.1,217.89,153.35,608.82,404.31,181.99,,,33.1,,14,5,,3.1,
SELL,1517,ELVN,2026-04-21,45.31,485104.5,2026-03-24,30.06,7291.12,10990.04,7397843.61,7386853.57,50.66,19,rotation (out of top-N),2026-04-20,44.22,37.67,24.82,46.41,44.34,34.92,,,78.16,,105,5,,-0.8,
SELL,1539,ENLT,2026-04-21,83.44,253572.46,2026-04-14,79.51,10080.77,10579.68,997807.64,987227.96,4.9,5,rotation (out of top-N),2026-04-20,87.72,73.2,46.85,83.02,78.06,73.12,,,87.22,,350,5,,-1,
SELL,1543,ONTO,2026-04-21,296.17,78854.61,2026-04-14,255.68,10080.77,11677.18,3192823.13,3181145.94,15.78,5,rotation (out of top-N),2026-04-20,308.11,240.45,165.29,294.88,261.84,218.81,,,86.41,,182,5,,-1,
SELL,1541,RVMD,2026-04-21,147.68,148815.67,2026-04-14,135.48,10080.77,10988.55,1815551.13,1804562.58,8.95,5,rotation (out of top-N),2026-04-20,135.3,111.37,76.13,146.24,132.04,105.44,,,77.73,,217,5,,-1,
SELL,1506,TSEM,2026-04-21,220.01,113970.5,2026-03-17,138.17,7873.65,12537.32,9327345.4,9314808.08,59.15,24,rotation (out of top-N),2026-04-20,200.62,176.3,108.91,224.41,210.73,162.39,,,84.2,,266,5,,-1,
BUY,1551,AGX,2026-04-28,644.15,34858.15,,,11226.94,,,,,,,2026-04-27,701.45,566.67,364.68,661.83,629.62,529.39,,,92.35,,1211,5,,-1,
BUY,1554,BAND,2026-04-28,24.23,926697.5,,,11226.94,,,,,,,2026-04-27,44.89,23.23,16.28,24.12,22.37,17.95,,,175.73,,35,5,,1.4,
BUY,1552,DOCN,2026-04-28,98.25,228538.22,,,11226.94,,,,,,,2026-04-27,102.72,82.46,52.95,98.92,91.86,79.11,,,93.98,,210,5,,-1,
BUY,1553,SIMO,2026-04-28,142.32,157770.38,,,11226.94,,,,,,,2026-04-27,234.39,147.58,105.45,147.03,140.56,125.31,,,122.28,,336,5,,-1,
BUY,1550,TSEM,2026-04-28,193.04,116317.24,,,11226.94,,,,,,,2026-04-27,217.95,183.87,113.19,203.38,206.77,172.39,,,92.56,,273,5,,-1,
SELL,1540,AMKR,2026-04-28,65.71,324871.84,2026-04-14,62.06,10080.77,10673.66,1185782.22,1175108.56,5.83,10,rotation (out of top-N),2026-04-27,70.99,58.76,40.15,75.55,69.24,52.36,,,76.79,,259,5,,-1,
SELL,1538,COHR,2026-04-28,303.65,70386.01,2026-04-07,251.59,8854.21,10686.36,3664295.72,3653609.36,20.63,15,rotation (out of top-N),2026-04-27,329.65,288.39,183.01,321.49,326.93,278.51,321.49,309.16,80.12,3.83,287,5,5.6,-1,0.4
SELL,1486,DNTH,2026-04-28,87.77,261549.63,2026-03-03,53.62,7012.15,11477.45,8930612.2,8919134.75,63.6,39,rotation (out of top-N),2026-04-27,87.36,79.61,48.2,87.14,89.55,82.06,,,81.25,,245,5,,-1,
SELL,1544,MRVL,2026-04-28,147.7,184200.2,2026-04-21,148.52,13678.71,13603.18,-151044.16,-164647.35,-0.6,5,rotation (out of top-N),2026-04-27,164.88,124.6,89.5,158.14,149.02,109.3,,,84.22,,196,5,,-1,
SELL,1496,TER,2026-04-28,383.5,50634.39,2026-03-10,298.07,7546.3,9709.14,4325695.71,4315986.57,28.6,34,rotation (out of top-N),2026-04-27,345.31,335.52,215.21,401.83,385.26,328.55,401.99,387.31,60.45,3.65,252,5,5.4,-1,0.6
BUY,1558,AGL,2026-05-05,26.46,1105878.9,,,14630.78,,,,,,,2026-05-04,53.99,26.89,21.61,26.96,26.97,18.77,26.96,25.21,149.85,6.48,0,5,8.0,2.0,2.0
BUY,1559,FLEX,2026-05-05,93.28,313695.92,,,14630.78,,,,,,,2026-05-04,142.09,88.53,65.17,91.8,88.61,74.15,91.8,89.65,118.03,2.34,350,5,4.6,-1,1.4
BUY,1557,MU,2026-05-05,609.64,47998.09,,,14630.78,,,,,,,2026-05-04,747.1,496.16,303.49,576.27,514.32,434.33,578.63,559.28,146.17,3.34,329,5,5.2,-1,0.8
BUY,1556,SITM,2026-05-05,574.57,50928.19,,,14630.78,,,,,,,2026-05-04,832.98,516.76,350.6,565.05,536.83,419.03,565.05,552.36,137.58,2.25,322,5,4.5,-1,1.5
BUY,1555,STRL,2026-05-05,731.34,40010.88,,,14630.78,,,,,,,2026-05-04,844.15,522.8,377.12,530.49,498.9,443.72,530.49,514.37,123.84,3.04,357,5,5.0,-1,1.0
BUY,1560,UCTT,2026-05-05,80.49,363542.75,,,14630.78,,,,,,,2026-05-04,87.1,70.94,41.02,73.09,76.08,67.75,73.09,70.5,112.33,3.55,210,5,5.4,-1,0.6
SELL,1551,AGX,2026-05-05,724.41,34858.15,2026-04-28,644.15,11226.94,12625.8,2797715.49,2785089.69,12.4,5,rotation (out of top-N),2026-05-04,680.1,587.3,376.07,696.97,657.94,558.05,696.97,680.19,80.85,2.41,1218,5,4.6,-1,1.4
SELL,1548,INBX,2026-05-05,131.36,329567.68,2026-04-21,83.01,13678.71,21646.01,15934597.33,15912951.33,58.17,10,rotation (out of top-N),2026-05-04,134.31,99.2,67.03,127.83,119.51,83.17,127.83,121.91,100.39,4.63,308,5,6,-1,0.0
SELL,1519,ORKA,2026-05-05,67.17,361438.62,2026-03-24,40.34,7291.12,12138.01,9693783.87,9681645.86,66.39,29,rotation (out of top-N),2026-05-04,64.57,55.65,32.78,66.47,67.61,54.56,66.47,63.5,96.97,4.47,259,5,6.0,-1,0.0
SELL,1550,TSEM,2026-05-05,224.36,116317.24,2026-04-28,193.04,11226.94,13048.47,3643056.01,3630007.54,16.17,5,rotation (out of top-N),2026-05-04,210.94,188.79,117.34,215.06,209.84,183.09,215.06,207.04,79.76,3.73,280,5,5.5,-1,0.5
SELL,1545,TTMI,2026-05-05,159.2,213230.03,2026-04-21,128.3,13678.71,16973.11,6588807.99,6571834.88,24.02,10,rotation (out of top-N),2026-05-04,157.21,127.04,81.11,157.22,144.14,113.09,157.22,148.66,93.82,5.45,364,5,6,-1,0.0
SELL,1502,UCTT,2026-05-05,80.49,283588.72,2026-03-10,53.22,7546.3,11413.03,7733464.47,7722051.45,51.16,39,ratchet-ATR exit,2026-05-04,87.1,70.94,41.02,73.09,76.08,67.75,73.09,70.5,112.33,3.55,210,5,5.4,-1,0.6
BUY,1561,HUT,2026-05-12,100.0,298776.3,,,14938.81,,,,,,,2026-05-11,102.44,75.66,50.06,102.18,90.42,66.98,102.18,96.27,104.65,5.78,294,5,6,-1,0.0
BUY,1564,NBIS,2026-05-12,180.33,165683.08,,,14938.81,,,,,,,2026-05-11,220.12,152.9,107.66,186.13,172.17,139.74,186.13,176.02,104.45,5.43,343,5,6,-1,0.0
BUY,1562,TSEM,2026-05-12,222.73,134142.82,,,14938.81,,,,,,,2026-05-11,273.82,204.25,122.98,228.87,215.46,195.53,228.87,219.34,122.65,4.16,287,5,5.8,-1,0.2
BUY,1563,VPG,2026-05-12,83.3,358675.03,,,14938.81,,,,,,,2026-05-11,97.4,61.72,41.99,66.61,62.42,51.34,66.61,63.93,131.94,4.02,357,5,5.7,-1,0.3
SELL,1547,ANAB,2026-05-12,67.03,534951.37,2026-04-21,51.14,13678.71,17928.9,8500377.29,8482448.39,31.01,15,rotation (out of top-N),2026-05-11,63.21,53.73,32.12,67.89,65.82,50.66,67.89,65.75,96.82,3.17,329,5,5.1,-1,0.9
SELL,1492,FORM,2026-05-12,143.69,169408.37,2026-03-10,89.09,7546.3,12171.14,9249697.09,9237525.95,61.21,44,rotation (out of top-N),2026-05-11,126.25,123.63,72.39,151.36,144.07,122.2,151.36,142.47,74.4,5.88,224,5,6,-1,0.0
SELL,1530,POWL,2026-05-12,309.42,95700.48,2026-04-07,185.04,8854.21,14805.82,11903225.44,11888419.62,67.13,25,rotation (out of top-N),2026-05-11,292.47,243.42,148.95,321.86,292.39,227.35,321.86,310.86,96.35,3.42,280,5,5.3,-1,0.7
SELL,1560,UCTT,2026-05-12,81.78,363542.75,2026-05-05,80.49,14630.78,14865.26,468970.15,454104.88,1.55,5,rotation (out of top-N),2026-05-11,85.94,73.67,42.59,85.54,81.22,71.29,85.54,82.53,101.79,3.51,217,5,5.3,-1,0.7
BUY,1566,AEHR,2026-05-19,81.15,387021.59,,,15703.4,,,,,,,2026-05-18,94.95,78.79,38.51,83.74,95.37,74.69,83.74,75.71,146.54,9.59,315,5,6,-1,0.0
BUY,1576,ARM,2026-05-19,209.36,150013.38,,,15703.4,,,,,,,2026-05-18,306.42,204.18,147.97,215.33,214.23,181.57,215.33,204.49,107.09,5.03,35,5,7.4,1.4,1.4
BUY,1574,ATEX,2026-05-19,54.58,575426.93,,,15703.4,,,,,,,2026-05-18,63.73,48.96,30.07,55.0,54.05,44.81,55.0,52.62,111.93,4.32,105,5,6.1,-0.8,0.4
BUY,1569,ICHR,2026-05-19,63.81,492192.47,,,15703.4,,,,,,,2026-05-18,68.96,62.47,33.84,66.58,71.39,61.65,66.58,62.78,103.81,5.7,133,5,6,-1,0.0
BUY,1575,INTC,2026-05-19,106.4,295176.71,,,15703.4,,,,,,,2026-05-18,119.85,88.93,48.9,108.17,111.02,77.09,107.9,103.17,145.09,4.38,280,5,5.9,-1,0.1
BUY,1568,LITE,2026-05-19,873.17,35968.71,,,15703.4,,,,,,,2026-05-18,946.68,856.47,458.94,884.96,954.42,864.92,884.96,834.12,106.28,5.74,336,5,6,-1,0.0
BUY,1572,MU,2026-05-19,664.7,47249.59,,,15703.4,,,,,,,2026-05-18,751.09,576.42,334.39,681.66,703.7,508.65,680.66,646.29,124.62,5.05,343,5,6,-1,0.0
BUY,1573,PENG,2026-05-19,45.54,689653.09,,,15703.4,,,,,,,2026-05-18,53.2,35.31,23.82,45.71,43.2,28.94,45.71,43.04,123.34,5.83,28,5,7.5,1.5,1.5
BUY,1567,SNDK,2026-05-19,1294.45,24262.66,,,15703.4,,,,,,,2026-05-18,1478.76,1122.75,482.62,1333.47,1368.22,1003.35,1316.31,1259.04,206.4,4.35,999,5,5.9,-1,0.1
BUY,1565,STM,2026-05-19,59.92,524145.56,,,15703.4,,,,,,,2026-05-18,66.83,51.0,32.49,60.9,59.45,46.05,60.9,58.56,105.67,3.84,133,5,5.6,-1,0.4
BUY,1570,STX,2026-05-19,716.36,43842.2,,,15703.4,,,,,,,2026-05-18,812.98,640.55,363.99,740.53,768.54,584.87,740.53,703.48,123.35,5.0,357,5,6,-1,0.0
BUY,1571,TTMI,2026-05-19,153.86,204125.84,,,15703.4,,,,,,,2026-05-18,190.04,144.47,87.87,158.91,161.29,130.11,158.91,151.33,116.29,4.77,378,5,6,-1,0.0
SELL,1522,AEHR,2026-05-19,81.15,464580.1,2026-03-31,33.64,7814.24,18850.34,22072200.45,22053350.11,141.11,34,ratchet-ATR exit,2026-05-18,94.95,78.79,38.51,83.74,95.37,74.69,83.74,75.71,146.54,9.59,315,5,6,-1,0.0
SELL,1559,FLEX,2026-05-19,125.05,313695.92,2026-05-05,93.28,14630.78,19613.84,9966119.51,9946505.68,33.99,10,rotation (out of top-N),2026-05-18,132.46,103.85,69.44,129.75,130.35,91.96,129.75,124.92,90.75,3.72,364,5,5.5,-1,0.5
SELL,1494,ICHR,2026-05-19,63.81,359604.28,2026-03-10,41.97,7546.3,11473.17,7853757.58,7842284.41,51.96,49,ratchet-ATR exit,2026-05-18,68.96,62.47,33.84,66.58,71.39,61.65,66.58,62.78,103.81,5.7,133,5,6,-1,0.0
SELL,1549,INTC,2026-05-19,106.4,407074.07,2026-04-21,67.2,13678.71,21656.34,15955268.32,15933611.98,58.24,20,ratchet-ATR exit,2026-05-18,119.85,88.93,48.9,108.17,111.02,77.09,107.9,103.17,145.09,4.38,280,5,5.9,-1,0.1
SELL,1493,LITE,2026-05-19,873.17,22291.2,2026-03-10,677.07,7546.3,9732.0,4371415.92,4361683.92,28.9,49,ratchet-ATR exit,2026-05-18,946.68,856.47,458.94,884.96,954.42,864.92,884.96,834.12,106.28,5.74,336,5,6,-1,0.0
SELL,1557,MU,2026-05-19,664.7,47998.09,2026-05-05,609.64,14630.78,15952.17,2642774.86,2626822.69,8.98,10,ratchet-ATR exit,2026-05-18,751.09,576.42,334.39,681.66,703.7,508.65,680.66,646.29,124.62,5.05,343,5,6,-1,0.0
SELL,1564,NBIS,2026-05-19,191.25,165683.08,2026-05-12,180.33,14938.81,15843.44,1809259.24,1793415.79,6.0,5,rotation (out of top-N),2026-05-18,214.76,164.15,111.24,199.8,194.37,150.33,199.7,187.91,93.05,5.9,350,5,6,-1,0.0
SELL,1556,SITM,2026-05-19,672.08,50928.19,2026-05-05,574.57,14630.78,17113.78,4966007.86,4948894.08,16.91,10,rotation (out of top-N),2026-05-18,729.33,593.68,377.68,725.05,752.66,527.19,725.05,689.49,93.11,4.9,336,5,6,-1,0.0
SELL,1531,SNDK,2026-05-19,1294.45,24507.04,2026-04-07,722.59,8854.21,15861.57,14014716.0,13998854.43,79.05,30,ratchet-ATR exit,2026-05-18,1478.76,1122.75,482.62,1333.47,1368.22,1003.35,1316.31,1259.04,206.4,4.35,999,5,5.9,-1,0.1
SELL,1555,STRL,2026-05-19,742.75,40010.88,2026-05-05,731.34,14630.78,14859.04,456524.12,441665.08,1.51,10,rotation (out of top-N),2026-05-18,732.31,609.45,402.21,771.08,792.37,550.74,771.08,736.3,82.07,4.51,371,5,6,-1,0.0
SELL,1532,STX,2026-05-19,716.36,39373.91,2026-04-07,449.75,8854.21,14102.95,10497478.38,10483375.44,59.2,30,ratchet-ATR exit,2026-05-18,812.98,640.55,363.99,740.53,768.54,584.87,740.53,703.48,123.35,5.0,357,5,6,-1,0.0
SELL,1533,VICR,2026-05-19,234.0,115733.72,2026-04-07,153.01,8854.21,13540.85,9373273.94,9359733.1,52.85,30,rotation (out of top-N),2026-05-18,268.63,233.21,134.07,248.97,274.54,223.7,248.97,237.59,100.36,4.57,245,5,6,-1,0.0
BUY,1578,AMD,2026-06-02,506.3,64724.57,,,16385.03,,,,,,,2026-06-01,512.15,404.59,252.28,510.05,482.61,366.22,510.05,494.85,103.01,2.98,336,5,5.0,-1,1.0
BUY,1577,DELL,2026-06-02,464.53,70544.53,,,16385.03,,,,,,,2026-06-01,461.52,293.49,167.43,466.1,333.27,234.86,466.1,433.2,175.64,7.06,91,5,6.5,-0.5,0.5
BUY,1582,FLEX,2026-06-02,150.58,217625.52,,,16385.03,,,,,,,2026-06-01,151.89,119.58,74.37,147.89,141.03,108.39,147.89,142.48,104.23,3.66,378,5,5.4,-1,0.6
BUY,1580,MRVL,2026-06-02,253.75,129143.06,,,16385.03,,,,,,,2026-06-01,263.4,179.44,105.72,219.46,198.33,162.48,218.58,208.12,149.16,4.79,231,5,6,-1,0.0
BUY,1581,NBIS,2026-06-02,272.5,120257.06,,,16385.03,,,,,,,2026-06-01,227.91,185.7,119.29,264.49,221.78,175.46,266.7,249.49,91.06,6.45,364,5,6,-1,0.0
BUY,1579,STRL,2026-06-02,866.52,37818.0,,,16385.03,,,,,,,2026-06-01,881.35,696.45,431.83,845.77,805.68,632.71,845.77,820.24,104.1,3.02,385,5,5.0,-1,1.0
SELL,1542,BE,2026-06-02,279.51,99337.54,2026-04-14,202.96,10080.77,13882.92,7604288.44,7590405.53,37.65,34,rotation (out of top-N),2026-06-01,263.74,246.29,147.73,273.52,285.67,247.83,273.88,258.08,78.52,5.77,364,5,6,-1,0.0
SELL,1458,CIEN,2026-06-02,587.2,46888.25,2026-01-27,238.74,5596.93,13766.39,16338912.34,16325145.95,145.84,87,rotation (out of top-N),2026-06-01,562.52,521.77,306.42,569.4,572.92,529.41,569.4,555.85,83.58,2.38,343,5,4.6,-1,1.4
SELL,1569,ICHR,2026-06-02,73.97,492192.47,2026-05-19,63.81,15703.4,18203.74,5000675.53,4982471.79,15.86,9,rotation (out of top-N),2026-06-01,62.85,63.9,36.32,69.99,70.38,66.56,69.99,67.81,73.03,3.11,147,5,5.1,-1,0.9
SELL,1568,LITE,2026-06-02,936.04,35968.71,2026-05-19,873.17,15703.4,16834.08,2261353.03,2244518.95,7.15,9,rotation (out of top-N),2026-06-01,910.88,866.14,496.78,905.2,904.32,901.3,905.2,870.25,83.36,3.86,350,5,5.6,-1,0.4
SELL,1562,TSEM,2026-06-02,260.28,134142.82,2026-05-12,222.73,14938.81,17457.35,5037062.82,5019605.47,16.8,14,rotation (out of top-N),2026-06-01,235.11,227.09,138.32,252.65,263.78,229.67,252.22,239.61,69.98,5.0,308,5,6,-1,0.0
SELL,1571,TTMI,2026-06-02,178.03,204125.84,2026-05-19,153.86,15703.4,18169.75,4932700.92,4914531.17,15.65,9,rotation (out of top-N),2026-06-01,167.36,152.98,94.17,172.41,177.21,148.32,172.41,162.63,77.73,5.67,392,5,6,-1,0.0
BUY,1588,ALAB,2026-06-09,354.51,107144.69,,,18991.93,,,,,,,2026-06-08,367.1,267.03,183.09,346.09,330.13,241.82,346.09,323.01,100.5,6.67,35,5,7.4,1.4,1.4
BUY,1589,ARM,2026-06-09,362.25,104853.94,,,18991.93,,,,,,,2026-06-08,380.2,274.97,164.52,346.56,351.41,247.64,346.56,325.24,131.1,6.15,56,5,7.1,1.1,1.1
BUY,1583,DELL,2026-06-09,404.59,93882.36,,,18991.93,,,,,,,2026-06-08,395.91,312.11,174.24,400.38,385.06,265.17,400.38,382.0,127.22,4.59,98,5,6.4,-0.6,0.4
BUY,1584,ICHR,2026-06-09,69.42,547120.84,,,18991.93,,,,,,,2026-06-08,86.61,68.03,38.07,66.76,69.26,68.72,66.76,63.41,127.53,5.01,154,5,6,-1,0.0
BUY,1586,MXL,2026-06-09,82.4,460969.23,,,18991.93,,,,,,,2026-06-08,84.5,73.59,31.03,79.28,88.44,72.52,79.28,73.68,172.32,7.05,287,5,6,-1,0.0
BUY,1587,UCTT,2026-06-09,89.27,425518.0,,,18991.93,,,,,,,2026-06-08,109.02,83.83,49.24,83.98,86.61,81.95,83.98,79.36,121.42,5.51,245,5,6,-1,0.0
BUY,1590,VECO,2026-06-09,63.58,597465.42,,,18991.93,,,,,,,2026-06-08,77.53,56.59,36.75,60.97,59.91,54.2,60.97,57.99,110.99,4.89,287,5,6,-1,0.0
BUY,1585,VICR,2026-06-09,289.24,131323.0,,,18991.93,,,,,,,2026-06-08,303.58,263.92,152.95,275.1,301.45,271.42,275.1,259.38,98.48,5.71,266,5,6,-1,0.0
SELL,1578,AMD,2026-06-09,503.22,64724.57,2026-06-02,506.3,16385.03,16285.35,-199351.68,-215637.03,-0.66,5,rotation (out of top-N),2026-06-08,511.74,424.07,261.29,490.01,494.62,400.63,491.47,473.72,95.85,3.61,343,5,5.4,-1,0.6
SELL,1576,ARM,2026-06-09,362.25,150013.38,2026-05-19,209.36,15703.4,27171.55,22936296.08,22909124.53,72.94,14,ratchet-ATR exit,2026-06-08,380.2,274.97,164.52,346.56,351.41,247.64,346.56,325.24,131.1,6.15,56,5,7.1,1.1,1.1
SELL,1577,DELL,2026-06-09,404.59,70544.53,2026-06-02,464.53,16385.03,14270.81,-4228439.09,-4242709.89,-12.95,5,ratchet-ATR exit,2026-06-08,395.91,312.11,174.24,400.38,385.06,265.17,400.38,382.0,127.22,4.59,98,5,6.4,-0.6,0.4
SELL,1582,FLEX,2026-06-09,154.4,217625.52,2026-06-02,150.58,16385.03,16800.69,831329.47,814528.78,2.49,5,rotation (out of top-N),2026-06-08,149.66,125.05,76.72,150.77,150.25,118.96,150.77,144.22,95.07,4.35,385,5,5.9,-1,0.1
SELL,1546,MXL,2026-06-09,82.4,813361.47,2026-04-21,33.63,13678.71,33510.49,39663572.21,39630061.71,144.86,34,ratchet-ATR exit,2026-06-08,84.5,73.59,31.03,79.28,88.44,72.52,79.28,73.68,172.32,7.05,287,5,6,-1,0.0
SELL,1581,NBIS,2026-06-09,228.6,120257.06,2026-06-02,272.5,16385.03,13745.38,-5279285.15,-5293030.54,-16.15,5,rotation (out of top-N),2026-06-08,232.34,194.18,123.46,218.03,232.79,190.01,217.8,202.46,88.19,7.04,371,5,6,-1,0.0
SELL,1579,STRL,2026-06-09,903.89,37818.0,2026-06-02,866.52,16385.03,17091.65,1413258.52,1396166.87,4.26,5,rotation (out of top-N),2026-06-08,859.24,726.05,446.16,891.11,876.13,695.64,891.11,833.15,92.58,6.5,392,5,6,-1,0.0
SELL,1511,SYRE,2026-06-09,73.63,357527.61,2026-03-17,44.05,7873.65,13162.38,10577454.25,10564291.87,67.09,58,rotation (out of top-N),2026-06-08,80.79,69.71,40.84,72.0,73.13,71.95,72.0,69.28,97.8,3.77,238,5,5.5,-1,0.5
BUY,1592,ACMR,2026-06-16,96.35,416372.26,,,20058.73,,,,,,,2026-06-15,109.85,77.6,51.22,95.27,87.29,69.28,95.27,90.7,114.46,4.8,490,5,6,-1,0.0
BUY,1595,BAND,2026-06-16,52.44,765016.54,,,20058.73,,,,,,,2026-06-15,51.53,51.38,24.2,52.85,62.53,50.44,52.85,49.01,112.99,7.27,84,5,6.6,-0.4,0.6
BUY,1591,COHU,2026-06-16,64.51,621879.83,,,20058.73,,,,,,,2026-06-15,69.42,51.83,32.34,64.19,57.15,49.94,64.19,62.13,114.63,3.21,280,5,5.1,-1,0.9
BUY,1593,NBIS,2026-06-16,254.2,157818.52,,,20058.73,,,,,,,2026-06-15,287.13,211.08,128.38,259.95,233.24,198.53,259.74,246.06,123.67,5.27,378,5,6,-1,0.0
BUY,1594,TTMI,2026-06-16,206.5,194273.45,,,20058.73,,,,,,,2026-06-15,216.28,170.58,102.06,206.61,185.94,165.83,206.61,199.2,111.91,3.58,406,5,5.4,-1,0.6
SELL,1524,AAOI,2026-06-16,194.95,180655.12,2026-03-31,86.51,7814.24,17609.36,19590241.29,19572631.93,125.24,53,rotation (out of top-N),2026-06-15,161.76,158.76,79.38,191.45,179.86,173.7,191.45,178.22,103.78,6.91,280,5,6,-1,0.0
SELL,1554,BAND,2026-06-16,52.44,926697.5,2026-04-28,24.23,11226.94,24298.01,26142136.34,26117838.33,116.32,34,ratchet-ATR exit,2026-06-15,51.53,51.38,24.2,52.85,62.53,50.44,52.85,49.01,112.99,7.27,84,5,6.6,-0.4,0.6
SELL,1561,HUT,2026-06-16,121.25,298776.3,2026-05-12,100.0,14938.81,18113.31,6348996.35,6330883.03,21.19,24,rotation (out of top-N),2026-06-15,124.44,102.79,61.44,120.18,117.5,101.67,120.18,114.64,102.55,4.61,329,5,6,-1,0.0
SELL,1575,INTC,2026-06-16,125.08,295176.71,2026-05-19,106.4,15703.4,18459.61,5512425.02,5493965.4,17.49,19,rotation (out of top-N),2026-06-15,120.96,105.13,58.2,127.85,116.03,106.03,126.15,121.17,107.83,3.95,308,5,5.6,-1,0.4
SELL,1585,VICR,2026-06-16,332.58,131323.0,2026-06-09,289.24,18991.93,21837.7,5691538.77,5669701.07,14.93,5,rotation (out of top-N),2026-06-15,331.56,276.22,159.97,321.89,301.22,283.76,321.89,310.37,107.27,3.58,273,5,5.4,-1,0.6
BUY,1596,AMD,2026-06-23,509.08,77395.85,,,19700.34,,,,,,,2026-06-22,546.92,460.89,280.1,546.62,516.29,452.96,549.32,533.32,95.26,2.91,357,5,4.9,-1,1.1
BUY,1601,INTC,2026-06-23,129.71,303759.76,,,19700.34,,,,,,,2026-06-22,140.46,111.56,60.97,140.24,123.79,112.23,140.61,136.21,130.36,3.13,315,5,5.1,-1,0.9
BUY,1597,LQDA,2026-06-23,74.26,530577.4,,,19700.34,,,,,,,2026-06-22,78.11,61.17,39.06,75.48,69.06,56.22,75.48,72.11,99.95,4.46,525,5,6.0,-1,0.0
BUY,1600,ORKA,2026-06-23,84.5,466252.62,,,19700.34,,,,,,,2026-06-22,90.55,67.57,41.98,85.48,70.84,64.74,85.48,80.68,115.69,5.61,308,5,6,-1,0.0
BUY,1602,SEZL,2026-06-23,149.0,264434.08,,,19700.34,,,,,,,2026-06-22,170.81,123.86,80.45,156.38,141.64,109.97,156.38,149.7,112.31,4.27,49,5,7.0,1.2,1.3
BUY,1599,SYRE,2026-06-23,97.33,404794.55,,,19700.34,,,,,,,2026-06-22,87.72,75.76,44.48,100.38,85.1,75.21,100.38,95.57,97.2,4.79,252,5,6,-1,0.0
BUY,1603,TWST,2026-06-23,82.63,476832.6,,,19700.34,,,,,,,2026-06-22,99.88,72.5,46.0,85.1,79.48,64.58,85.1,81.86,117.14,3.8,168,5,5.5,-1,0.5
BUY,1598,VICR,2026-06-23,325.01,121229.12,,,19700.34,,,,,,,2026-06-22,325.69,285.21,166.79,366.71,322.46,292.49,366.71,352.95,95.27,3.75,280,5,5.5,-1,0.5
SELL,1566,AEHR,2026-06-23,103.0,387021.59,2026-05-19,81.15,15703.4,19930.64,8454486.55,8434555.9,26.86,23,rotation (out of top-N),2026-06-22,91.69,93.27,48.05,113.35,108.59,98.43,113.35,107.19,90.84,5.44,350,5,6,-1,0.0
SELL,1589,ARM,2026-06-23,369.24,104853.94,2026-06-09,362.25,18991.93,19358.13,732404.77,713046.64,1.88,9,rotation (out of top-N),2026-06-22,334.54,310.23,176.52,407.87,390.93,294.4,407.33,387.07,89.52,4.97,70,5,6.8,-0.2,0.8
SELL,1591,COHU,2026-06-23,64.56,621879.83,2026-06-16,64.51,20058.73,20072.73,27984.59,7911.87,0.02,4,rotation (out of top-N),2026-06-22,63.83,54.01,33.38,70.02,62.85,52.14,70.02,67.91,91.24,3.01,287,5,5.0,-1,1.0
SELL,1552,DOCN,2026-06-23,158.69,228538.22,2026-04-28,98.25,11226.94,18133.37,13812850.14,13794716.77,61.44,38,rotation (out of top-N),2026-06-22,139.38,144.38,78.64,166.28,171.91,152.61,166.28,157.0,77.24,5.58,266,5,6,-1,0.0
SELL,1593,NBIS,2026-06-23,256.51,157818.52,2026-06-16,254.2,20058.73,20241.01,364560.78,344319.77,0.86,4,rotation (out of top-N),2026-06-22,240.38,216.41,131.9,283.65,259.39,210.72,283.65,268.48,82.24,5.35,385,5,6,-1,0.0
SELL,1565,STM,2026-06-23,71.98,524145.56,2026-05-19,59.92,15703.4,18865.31,6323816.13,6304950.82,20.08,23,rotation (out of top-N),2026-06-22,71.23,65.37,38.31,79.8,76.07,65.95,79.8,77.45,85.93,2.94,168,5,5.0,-1,1.0
SELL,1594,TTMI,2026-06-23,202.58,194273.45,2026-06-16,206.5,20058.73,19677.96,-761551.93,-781229.89,-1.95,4,rotation (out of top-N),2026-06-22,192.38,174.54,105.57,221.53,200.34,174.06,221.53,211.69,82.24,4.44,413,5,6.0,-1,0.0
SELL,1590,VECO,2026-06-23,71.74,597465.42,2026-06-09,63.58,18991.93,21431.08,4878305.17,4856874.08,12.79,9,rotation (out of top-N),2026-06-22,70.95,62.63,39.16,77.42,73.7,60.92,77.42,74.42,81.16,3.88,301,5,5.6,-1,0.4
BUY,1605,AMAT,2026-06-30,698.02,62660.99,,,21869.47,,,,,,,2026-06-29,647.7,529.78,350.46,645.67,605.48,490.97,694.5,656.34,84.81,5.49,364,5,6,-1,0.0
BUY,1604,DD,2026-06-30,135.68,322368.35,,,21869.47,,,,,,,2026-06-29,136.1,63.95,45.63,135.3,104.34,59.29,135.79,132.52,198.3,2.41,308,5,4.6,-1,1.4
BUY,1606,STX,2026-06-30,964.73,45338.24,,,21869.47,,,,,,,2026-06-29,900.88,874.49,480.18,907.95,973.72,875.56,968.07,921.16,87.61,4.85,399,5,6,-1,0.0
BUY,1607,WDC,2026-06-30,633.5,69043.31,,,21869.47,,,,,,,2026-06-29,594.69,561.56,306.77,599.18,635.82,545.83,653.3,627.32,93.85,3.98,406,5,5.7,-1,0.3
SELL,1592,ACMR,2026-06-30,121.05,416372.26,2026-06-16,96.35,20058.73,25200.93,10284394.91,10259193.98,25.57,9,rotation (out of top-N),2026-06-29,97.94,85.3,54.44,119.0,103.25,80.86,119.0,111.95,79.91,5.93,504,5,6,-1,0.0
SELL,1570,STX,2026-06-30,964.73,43842.2,2026-05-19,716.36,15703.4,21147.84,10888869.15,10867721.32,34.6,28,ratchet-ATR exit,2026-06-29,900.88,874.49,480.18,907.95,973.72,875.56,968.07,921.16,87.61,4.85,399,5,6,-1,0.0
SELL,1598,VICR,2026-06-30,359.16,121229.12,2026-06-23,325.01,19700.34,21770.33,4139974.62,4118204.29,10.45,5,rotation (out of top-N),2026-06-29,282.5,284.72,172.64,366.83,333.13,301.59,366.83,346.26,63.64,5.61,287,5,6,-1,0.0
SELL,1528,WDC,2026-06-30,633.5,61144.27,2026-03-31,255.6,7814.24,19367.45,23106418.28,23087050.83,147.72,62,ratchet-ATR exit,2026-06-29,594.69,561.56,306.77,599.18,635.82,545.83,653.3,627.32,93.85,3.98,406,5,5.7,-1,0.3
BUY,1610,ACMR,2026-07-07,91.97,426245.43,,,19600.9,,,,,,,2026-07-06,102.99,88.52,55.98,98.44,105.62,86.58,98.44,91.47,83.99,7.08,511,5,6,-1,0.0
BUY,1614,FBRX,2026-07-07,20.58,1904849.01,,,19600.9,,,,,,,2026-07-06,43.96,25.37,23.85,20.42,20.08,20.06,20.42,19.48,84.3,4.62,0,5,8.0,2.0,2.0
BUY,1611,IMOS,2026-07-07,65.5,598500.65,,,19600.9,,,,,,,2026-07-06,75.58,60.97,39.97,72.74,64.22,59.01,72.74,70.03,89.09,3.72,280,5,5.5,-1,0.5
BUY,1615,MBX,2026-07-07,58.51,670058.84,,,19600.9,,,,,,,2026-07-06,61.0,45.02,32.87,57.64,52.17,38.56,57.64,55.86,85.59,3.09,329,5,5.1,-1,0.9
BUY,1612,MRNA,2026-07-07,81.97,478245.61,,,19600.9,,,,,,,2026-07-06,82.07,59.58,43.24,83.09,69.76,54.4,81.77,76.1,89.8,6.93,203,5,6,-1,0.0
BUY,1613,MU,2026-07-07,922.28,42505.3,,,19600.9,,,,,,,2026-07-06,1009.78,937.9,491.52,1011.67,1062.6,939.6,984.04,942.23,105.44,4.25,392,5,5.8,-1,0.2
BUY,1608,SNDK,2026-07-07,1614.93,24274.61,,,19600.9,,,,,,,2026-07-06,1816.25,1747.72,805.4,1808.99,1984.27,1750.6,1739.95,1640.69,125.51,5.7,999,5,6,-1,0.0
BUY,1609,VPG,2026-07-07,113.57,345177.36,,,19600.9,,,,,,,2026-07-06,112.94,111.73,60.9,123.18,133.41,119.77,123.18,114.29,85.43,7.22,413,5,6,-1,0.0
SELL,1605,AMAT,2026-07-07,544.91,62660.99,2026-06-30,698.02,21869.47,17072.3,-9594337.58,-9611409.88,-21.97,4,rotation (out of top-N),2026-07-06,606.26,543.69,360.2,606.1,624.39,515.49,592.61,560.32,68.31,5.45,371,5,6,-1,0.0
SELL,1580,MRVL,2026-07-07,234.81,129143.06,2026-06-02,253.75,16385.03,15162.04,-2445969.46,-2461131.5,-7.51,23,rotation (out of top-N),2026-07-06,235.76,231.25,129.81,249.14,270.07,240.98,249.14,237.48,81.61,4.68,266,5,6,-1,0.0
SELL,1572,MU,2026-07-07,922.28,47249.59,2026-05-19,664.7,15703.4,21788.68,12170549.1,12148760.42,38.68,32,ratchet-ATR exit,2026-07-06,1009.78,937.9,491.52,1011.67,1062.6,939.6,984.04,942.23,105.44,4.25,392,5,5.8,-1,0.2
SELL,1567,SNDK,2026-07-07,1614.93,24262.66,2026-05-19,1294.45,15703.4,19591.25,7775697.64,7756106.39,24.7,32,ratchet-ATR exit,2026-07-06,1816.25,1747.72,805.4,1808.99,1984.27,1750.6,1739.95,1640.69,125.51,5.7,999,5,6,-1,0.0
SELL,1606,STX,2026-07-07,816.73,45338.24,2026-06-30,964.73,21869.47,18514.55,-6709833.51,-6728348.06,-15.38,4,rotation (out of top-N),2026-07-06,874.0,874.4,495.74,874.13,923.29,889.03,868.12,817.91,76.3,5.78,406,5,6,-1,0.0
SELL,1603,TWST,2026-07-07,100.22,476832.6,2026-06-23,82.63,19700.34,23892.89,8385101.3,8361208.41,21.22,9,rotation (out of top-N),2026-07-06,90.62,79.77,49.29,99.94,95.81,73.24,99.94,95.28,83.84,4.67,182,5,6,-1,0.0
SELL,1587,UCTT,2026-07-07,96.5,425518.0,2026-06-09,89.27,18991.93,20531.24,3078622.72,3058091.48,8.05,18,rotation (out of top-N),2026-07-06,106.36,99.32,57.85,105.53,116.96,98.05,105.53,97.16,83.85,7.93,273,5,6,-1,0.0
SELL,1563,VPG,2026-07-07,113.57,358675.03,2026-05-12,83.3,14938.81,20367.36,10857093.11,10836725.75,36.27,37,ratchet-ATR exit,2026-07-06,112.94,111.73,60.9,123.18,133.41,119.77,123.18,114.29,85.43,7.22,413,5,6,-1,0.0
BUY,1619,APGE,2026-07-14,134.0,297390.9,,,19925.93,,,,,,,2026-07-13,134.0,111.52,80.41,133.8,131.07,102.05,133.8,133.6,66.65,0.15,280,5,3.1,-1,2.9
BUY,1621,DAVE,2026-07-14,398.75,99941.99,,,19925.93,,,,,,,2026-07-13,440.77,339.55,238.45,390.41,378.33,302.7,390.41,378.56,84.84,3.04,84,5,5.6,-0.4,1.6
BUY,1620,HNGE,2026-07-14,89.74,444081.44,,,19925.93,,,,,,,2026-07-13,87.06,72.77,50.71,90.03,85.89,68.21,90.03,87.83,71.68,2.44,56,5,5.7,1.1,2.4
BUY,1622,KFRC,2026-07-14,55.27,721039.77,,,19925.93,,,,,,,2026-07-13,58.28,48.77,34.84,55.99,52.38,46.88,55.99,54.6,67.26,2.48,77,5,5.4,-0.3,2.1
BUY,1617,LQDA,2026-07-14,71.52,557212.92,,,19925.93,,,,,,,2026-07-13,79.95,69.24,43.3,71.29,77.13,68.42,71.29,67.92,84.65,4.72,546,5,6,-1,0.0
BUY,1616,MAN,2026-07-14,38.61,1032164.42,,,19925.93,,,,,,,2026-07-13,52.3,37.42,30.54,40.59,37.82,32.77,40.59,39.54,71.29,2.6,35,5,6.1,1.4,2.7
BUY,1623,MXL,2026-07-14,95.04,419316.79,,,19925.93,,,,,,,2026-07-13,71.81,81.78,40.09,89.33,93.47,91.74,89.33,83.93,79.11,6.04,322,5,6,-1,0.0
BUY,1618,STX,2026-07-14,893.95,44579.78,,,19925.93,,,,,,,2026-07-13,853.42,870.58,511.74,860.81,895.33,898.23,852.43,809.19,66.77,5.07,413,5,6,-1,0.0
BUY,1624,TWST,2026-07-14,93.03,428353.5,,,19925.93,,,,,,,2026-07-13,93.86,82.33,50.86,90.32,92.73,77.57,90.32,87.47,84.54,3.16,189,5,5.1,-1,0.9
SELL,1610,ACMR,2026-07-14,98.75,426245.43,2026-07-07,91.97,19600.9,21045.87,2889944.04,2868898.18,7.32,5,rotation (out of top-N),2026-07-13,83.98,87.69,57.16,94.14,101.58,91.2,94.14,89.61,46.92,4.81,518,5,5.3,-0.3,0.0
SELL,1588,ALAB,2026-07-14,392.03,107144.69,2026-06-09,354.51,18991.93,21001.97,4020068.78,3999066.82,10.53,23,rotation (out of top-N),2026-07-13,303.21,336.66,204.32,361.89,402.19,359.01,359.56,338.21,48.4,5.94,70,5,6.3,0.4,0.8
SELL,1601,INTC,2026-07-14,107.95,303759.76,2026-06-23,129.71,19700.34,16396.19,-6608293.48,-6624689.67,-16.81,14,rotation (out of top-N),2026-07-13,102.4,113.57,67.07,102.49,115.74,118.54,102.44,98.77,52.67,3.58,336,5,5.0,-0.6,0.6
SELL,1597,LQDA,2026-07-14,71.52,530577.4,2026-06-23,74.26,19700.34,18973.45,-1453782.08,-1472755.53,-3.74,14,ratchet-ATR exit,2026-07-13,79.95,69.24,43.3,71.29,77.13,68.42,71.29,67.92,84.65,4.72,546,5,6,-1,0.0
SELL,1612,MRNA,2026-07-14,66.88,478245.61,2026-07-07,81.97,19600.9,15992.53,-7216726.24,-7232718.77,-18.45,5,rotation (out of top-N),2026-07-13,66.67,60.87,44.23,66.06,70.84,57.02,66.83,63.63,50.72,4.78,210,5,5.5,-0.5,0.0
SELL,1586,MXL,2026-07-14,95.04,460969.23,2026-06-09,82.4,18991.93,21905.26,5826651.01,5804745.75,15.28,23,ratchet-ATR exit,2026-07-13,71.81,81.78,40.09,89.33,93.47,91.74,89.33,83.93,79.11,6.04,322,5,6,-1,0.0
SELL,1553,SIMO,2026-07-14,311.47,157770.38,2026-04-28,142.32,11226.94,24570.37,26686859.57,26662289.2,118.74,52,rotation (out of top-N),2026-07-13,265.0,275.36,160.8,299.06,313.11,291.67,299.06,287.43,64.79,3.89,413,5,5.6,-1,0.4
SELL,1609,VPG,2026-07-14,111.53,345177.36,2026-07-07,113.57,19600.9,19249.68,-702435.92,-721685.6,-1.84,5,rotation (out of top-N),2026-07-13,103.72,110.27,62.73,106.02,118.42,123.96,106.02,101.92,65.35,3.87,420,5,5.6,-1,0.4
SELL,1607,WDC,2026-07-14,588.01,69043.31,2026-06-30,633.5,21869.47,20299.08,-3140780.25,-3161079.33,-7.23,9,rotation (out of top-N),2026-07-13,546.45,562.79,328.98,550.32,580.35,568.66,547.16,519.32,66.1,5.09,420,5,6,-1,0.0
BUY,1625,DD,2026-07-21,136.85,301057.06,,,20599.83,,,,,,,2026-07-20,135.36,96.53,53.45,135.36,133.44,89.9,135.79,133.86,153.26,1.42,329,5,3.9,-1,2.1
BUY,1628,FTNT,2026-07-21,163.25,252371.57,,,20599.83,,,,,,,2026-07-20,163.28,146.53,100.53,163.03,161.29,149.03,160.27,157.26,62.41,1.87,84,5,4.8,-0.4,2.4
BUY,1626,ICHR,2026-07-21,89.1,462397.97,,,20599.83,,,,,,,2026-07-20,86.38,84.64,49.23,83.7,89.59,85.27,83.7,79.47,75.46,5.06,196,5,6,-1,0.0
BUY,1630,PANW,2026-07-21,349.44,117903.64,,,20599.83,,,,,,,2026-07-20,364.34,304.55,213.24,364.6,346.84,301.78,348.51,338.78,70.86,2.79,70,5,5.7,-0.2,2.0
BUY,1629,PENG,2026-07-21,55.63,740601.45,,,20599.83,,,,,,,2026-07-20,53.79,57.97,32.31,53.18,66.99,64.94,53.18,48.63,66.5,8.55,91,5,6.5,-0.5,0.5
BUY,1627,RVMD,2026-07-21,181.27,227283.38,,,20599.83,,,,,,,2026-07-20,189.14,171.54,115.9,180.18,183.68,168.81,180.18,176.1,63.2,2.26,308,5,4.5,-1,1.5
BUY,1631,SIMO,2026-07-21,268.67,153346.7,,,20599.83,,,,,,,2026-07-20,271.0,274.57,165.25,252.5,287.55,294.6,252.5,239.96,63.99,4.96,420,5,6,-1,0.0
SELL,1604,DD,2026-07-21,136.85,322368.35,2026-06-30,135.68,21869.47,22058.05,377170.97,355112.92,0.81,14,ratchet-ATR exit,2026-07-20,135.36,96.53,53.45,135.36,133.44,89.9,135.79,133.86,153.26,1.42,329,5,3.9,-1,2.1
SELL,1620,HNGE,2026-07-21,87.02,444081.44,2026-07-14,89.74,19925.93,19320.87,-1210121.92,-1229442.79,-3.09,5,rotation (out of top-N),2026-07-20,74.29,73.05,51.33,87.49,86.64,72.28,87.49,85.37,44.72,2.42,63,5,4.8,0.7,2.3
SELL,1584,ICHR,2026-07-21,89.1,547120.84,2026-06-09,69.42,18991.93,24374.23,10764602.49,10740228.26,28.28,28,ratchet-ATR exit,2026-07-20,86.38,84.64,49.23,83.7,89.59,85.27,83.7,79.47,75.46,5.06,196,5,6,-1,0.0
SELL,1611,IMOS,2026-07-21,64.78,598500.65,2026-07-07,65.5,19600.9,19386.93,-427927.96,-447314.9,-1.14,10,rotation (out of top-N),2026-07-20,55.34,61.11,42.1,63.08,67.58,62.94,63.08,60.22,31.43,4.53,294,5,4.6,0.4,0.0
SELL,1622,KFRC,2026-07-21,57.34,721039.77,2026-07-14,55.27,19925.93,20672.21,1492552.33,1471880.12,3.69,5,rotation (out of top-N),2026-07-20,55.01,49.91,35.56,57.84,55.58,49.05,57.84,56.42,54.67,2.45,84,5,5.0,-0.1,2.0
SELL,1573,PENG,2026-07-21,55.63,689653.09,2026-05-19,45.54,15703.4,19182.7,6958599.68,6939416.97,22.1,42,ratchet-ATR exit,2026-07-20,53.79,57.97,32.31,53.18,66.99,64.94,53.18,48.63,66.5,8.55,91,5,6.5,-0.5,0.5
SELL,1618,STX,2026-07-21,864.0,44579.78,2026-07-14,893.95,19925.93,19258.35,-1335164.3,-1354422.65,-3.4,5,rotation (out of top-N),2026-07-20,823.64,862.05,526.72,822.37,843.02,904.98,802.27,763.39,56.37,4.85,420,5,5.8,-0.8,0.0
BUY,1637,AGL,2026-07-28,91.36,480655.14,,,21956.33,,,,,,,2026-07-27,98.4,99.96,44.65,96.05,110.28,108.79,98.4,92.96,120.38,5.53,84,5,6.6,-0.4,0.6
BUY,1632,AMD,2026-07-28,466.34,94164.46,,,21956.33,,,,,,,2026-07-27,522.38,505.98,321.35,482.91,523.56,522.85,495.19,477.68,62.56,3.54,392,5,5.4,-1,0.6
BUY,1638,ATEX,2026-07-28,93.18,471266.94,,,21956.33,,,,,,,2026-07-27,92.82,86.37,46.43,91.64,98.72,87.97,93.64,90.86,99.91,2.97,175,5,5.0,-1,1.0
BUY,1641,BAND,2026-07-28,56.41,778455.13,,,21956.33,,,,,,,2026-07-27,59.89,60.23,31.37,56.81,64.14,63.76,57.2,54.3,90.93,5.06,126,5,6,-1,0.0
BUY,1639,HPE,2026-07-28,46.19,950696.12,,,21956.33,,,,,,,2026-07-27,48.61,44.22,29.79,46.7,46.98,47.46,48.2,46.85,63.17,2.8,119,5,4.9,-1.0,1.1
BUY,1635,KFRC,2026-07-28,56.27,780322.59,,,21956.33,,,,,,,2026-07-27,58.55,51.48,36.36,57.04,56.25,50.89,58.1,56.82,61.04,2.2,91,5,5.0,-0.5,2.0
BUY,1636,MXL,2026-07-28,61.65,712289.6,,,21956.33,,,,,,,2026-07-27,69.73,78.07,42.81,62.53,79.58,87.9,64.83,57.2,62.89,11.77,336,5,6,-1,0.0
BUY,1640,SEZL,2026-07-28,154.02,285110.07,,,21956.33,,,,,,,2026-07-27,158.6,151.17,91.75,153.56,166.5,154.97,156.78,153.18,72.86,2.29,84,5,5.1,-0.4,2.1
BUY,1634,STX,2026-07-28,774.8,56675.75,,,21956.33,,,,,,,2026-07-27,855.12,860.79,542.27,785.61,852.79,908.17,816.74,773.8,57.69,5.26,427,5,5.9,-0.9,0.0
BUY,1633,VPG,2026-07-28,93.65,468901.8,,,21956.33,,,,,,,2026-07-27,105.92,108.47,66.19,100.08,107.21,123.14,102.29,98.49,60.03,3.72,434,5,5.5,-1,0.5
SELL,1558,AGL,2026-07-28,91.36,1105878.9,2026-05-05,26.46,14630.78,50516.55,71771540.91,71721024.36,245.1,57,ratchet-ATR exit,2026-07-27,98.4,99.96,44.65,96.05,110.28,108.79,98.4,92.96,120.38,5.53,84,5,6.6,-0.4,0.6
SELL,1596,AMD,2026-07-28,466.34,77395.85,2026-06-23,509.08,19700.34,18046.39,-3307898.51,-3325944.9,-8.44,24,ratchet-ATR exit,2026-07-27,522.38,505.98,321.35,482.91,523.56,522.85,495.19,477.68,62.56,3.54,392,5,5.4,-1,0.6
SELL,1574,ATEX,2026-07-28,93.18,575426.93,2026-05-19,54.58,15703.4,26809.14,22211479.4,22184670.26,70.64,47,ratchet-ATR exit,2026-07-27,92.82,86.37,46.43,91.64,98.72,87.97,93.64,90.86,99.91,2.97,175,5,5.0,-1,1.0
SELL,1595,BAND,2026-07-28,56.41,765016.54,2026-06-16,52.44,20058.73,21577.29,3037115.68,3015538.39,7.52,28,ratchet-ATR exit,2026-07-27,59.89,60.23,31.37,56.81,64.14,63.76,57.2,54.3,90.93,5.06,126,5,6,-1,0.0
SELL,1628,FTNT,2026-07-28,152.66,252371.57,2026-07-21,163.25,20599.83,19264.15,-2671353.06,-2690617.22,-6.53,5,rotation (out of top-N),2026-07-27,154.01,147.89,102.24,153.7,156.5,151.92,152.29,149.5,50.63,1.83,91,5,4.2,-0.0,2.3
SELL,1623,MXL,2026-07-28,61.65,419316.79,2026-07-14,95.04,19925.93,12925.44,-14000987.78,-14013913.22,-35.17,10,ratchet-ATR exit,2026-07-27,69.73,78.07,42.81,62.53,79.58,87.9,64.83,57.2,62.89,11.77,336,5,6,-1,0.0
SELL,1630,PANW,2026-07-28,317.75,117903.64,2026-07-21,349.44,20599.83,18732.24,-3735187.34,-3753919.58,-9.11,5,rotation (out of top-N),2026-07-27,327.2,308.66,215.99,324.35,335.2,311.14,317.1,309.82,51.49,2.3,77,5,4.8,0.1,2.2
SELL,1602,SEZL,2026-07-28,154.02,264434.08,2026-06-23,149.0,19700.34,20364.07,1327459.08,1307095.01,3.32,24,ratchet-ATR exit,2026-07-27,158.6,151.17,91.75,153.56,166.5,154.97,156.78,153.18,72.86,2.29,84,5,5.1,-0.4,2.1
SELL,1631,SIMO,2026-07-28,225.09,153346.7,2026-07-21,268.67,20599.83,17258.4,-6682849.32,-6700107.73,-16.26,5,rotation (out of top-N),2026-07-27,263.57,272.57,169.39,242.26,275.78,293.71,244.81,229.63,55.61,6.2,427,5,5.8,-0.8,0.0
SELL,1608,SNDK,2026-07-28,1171.36,24274.61,2026-07-07,1614.93,19600.9,14217.15,-10767487.84,-10781704.99,-27.5,15,rotation (out of top-N),2026-07-27,1418.38,1630.85,907.22,1264.41,1524.63,1798.73,1278.47,1182.25,56.34,7.53,999,5,5.8,-0.8,0.0
BUY,1643,AEHR,2026-08-04,96.99,437681.61,,,21225.37,,,,,,,2026-08-03,91.76,83.98,55.74,84.47,79.19,88.12,91.76,85.8,64.61,6.49,392,5,6,-1,0.0
BUY,1644,CAKE,2026-08-04,104.75,405238.31,,,21225.37,,,,,,,2026-08-03,104.85,83.4,62.78,104.39,94.37,81.09,104.85,101.42,67.01,3.27,182,5,5.2,-1,0.8
BUY,1647,CBRL,2026-08-04,56.9,746124.25,,,21225.37,,,,,,,2026-08-03,57.75,49.63,34.6,58.38,55.04,49.49,57.75,55.93,66.91,3.15,56,5,6.2,1.1,2.0
BUY,1649,CORT,2026-08-04,113.45,374163.67,,,21225.37,,,,,,,2026-08-03,112.8,88.93,62.3,109.19,101.44,88.93,112.8,105.62,81.07,6.36,56,5,7.1,1.1,1.1
BUY,1642,DDOG,2026-08-04,272.14,155985.74,,,21225.37,,,,,,,2026-08-03,273.54,245.64,171.72,272.3,262.04,247.81,273.54,267.27,59.29,2.29,91,5,5.0,-0.5,2.0
BUY,1645,DK,2026-08-04,64.81,655002.92,,,21225.37,,,,,,,2026-08-03,65.97,56.61,42.03,67.49,65.1,54.68,65.97,64.24,56.95,2.62,427,5,4.6,-0.8,1.3
BUY,1650,ELVN,2026-08-04,59.54,712978.48,,,21225.37,,,,,,,2026-08-03,58.02,50.44,34.69,55.42,53.65,48.71,58.02,56.65,67.26,2.36,210,5,4.6,-1,1.4
BUY,1646,FTNT,2026-08-04,164.67,257792.79,,,21225.37,,,,,,,2026-08-03,167.5,151.45,104.27,161.22,155.52,152.97,163.14,157.99,60.64,3.16,98,5,5.5,-0.6,1.3
BUY,1651,PANW,2026-08-04,352.06,120578.14,,,21225.37,,,,,,,2026-08-03,347.28,315.69,219.16,336.75,330.36,315.86,347.28,339.79,58.46,2.16,84,5,5.0,-0.3,2.2
BUY,1648,PBF,2026-08-04,65.8,645148.01,,,21225.37,,,,,,,2026-08-03,67.88,55.11,40.65,72.28,66.39,51.93,67.88,65.03,66.99,4.2,350,5,5.8,-1,0.2
BUY,1652,SNOW,2026-08-04,307.01,138271.52,,,21225.37,,,,,,,2026-08-03,330.4,262.14,209.24,310.53,285.26,257.62,307.54,296.49,57.9,3.59,42,5,6.6,1.4,1.9
SELL,1632,AMD,2026-08-04,504.62,94164.46,2026-07-28,466.34,21956.33,23758.63,3604615.47,3580856.84,8.15,5,rotation (out of top-N),2026-08-03,484.0,501.98,327.04,474.38,494.37,517.06,484.0,451.26,47.99,6.76,399,5,5.4,-0.4,0.0
SELL,1619,APGE,2026-08-04,134.21,297390.9,2026-07-14,134.0,19925.93,19956.42,60965.14,41008.72,0.1,15,rotation (out of top-N),2026-08-03,134.13,121.79,86.35,134.11,134.04,121.85,134.13,134.02,55.34,0.08,301,5,2.8,-0.8,2.9
SELL,1641,BAND,2026-08-04,44.71,778455.13,2026-07-28,56.41,21956.33,17402.36,-9107924.96,-9125327.33,-20.78,5,rotation (out of top-N),2026-08-03,43.47,57.18,32.05,41.24,49.73,60.46,43.47,39.47,35.61,9.2,133,5,4.8,0.2,0.0
SELL,1626,ICHR,2026-08-04,75.98,462397.97,2026-07-21,89.1,20599.83,17566.5,-6066661.31,-6084227.81,-14.77,10,rotation (out of top-N),2026-08-03,80.17,84.07,52.26,76.68,79.42,87.83,80.17,74.05,53.4,7.64,210,5,5.7,-0.7,0.0
SELL,1635,KFRC,2026-08-04,56.99,780322.59,2026-07-28,56.27,21956.33,22237.24,561832.26,539595.02,1.23,5,rotation (out of top-N),2026-08-03,57.55,52.58,37.19,58.42,57.19,52.23,57.55,54.9,54.78,4.62,98,5,6.1,-0.4,0.4
SELL,1613,MU,2026-08-04,865.55,42505.3,2026-07-07,922.28,19600.9,18395.34,-2411113.42,-2429508.76,-6.2,20,rotation (out of top-N),2026-08-03,829.01,910.24,560.33,791.48,870.16,976.62,830.38,757.31,47.95,8.8,420,5,5.4,-0.4,0.0
SELL,1636,MXL,2026-08-04,70.55,712289.6,2026-07-28,61.65,21956.33,25126.02,6339377.41,6314251.39,14.38,5,rotation (out of top-N),2026-08-03,67.07,76.07,44.11,64.47,69.9,84.49,67.07,62.44,52.06,6.91,343,5,5.6,-0.6,0.0
SELL,1629,PENG,2026-08-04,55.25,740601.45,2026-07-21,55.63,20599.83,20459.12,-281428.55,-301887.67,-0.73,10,rotation (out of top-N),2026-08-03,52.58,56.47,33.87,51.13,53.99,63.36,52.58,49.22,55.26,6.38,105,5,6.0,-0.5,0.2
SELL,1627,RVMD,2026-08-04,183.28,227283.38,2026-07-21,181.27,20599.83,20828.25,456839.6,436011.35,1.06,10,rotation (out of top-N),2026-08-03,182.34,176.81,122.47,185.43,186.58,176.63,182.34,177.93,48.89,2.42,322,5,4.1,-0.4,1.4
SELL,1634,STX,2026-08-04,880.88,56675.75,2026-07-28,774.8,21956.33,24962.41,6012163.44,5987201.03,13.63,5,rotation (out of top-N),2026-08-03,831.37,855.44,556.69,792.2,831.89,894.84,831.37,760.77,49.34,8.49,434,5,5.5,-0.5,0.0
SELL,1633,VPG,2026-08-04,97.72,468901.8,2026-07-28,93.65,21956.33,22910.54,1908430.33,1885519.79,4.29,5,rotation (out of top-N),2026-08-03,91.57,105.39,67.55,91.45,96.15,118.24,91.57,87.64,35.57,4.29,441,5,4.6,0.2,0.1
BUY,1653,EA,2026-08-05,209.7,5910445.74,,,619710.24,,,,,,,2026-08-04,209.7,206.97,202.97,209.91,209.24,206.06,209.89,209.68,3.32,0.1,456,0.66,0.2,1.8,5.6
SELL,1643,AEHR,2026-08-05,107.4,437681.61,2026-08-04,96.99,21225.37,23503.5,4556265.52,4532762.01,10.68,1,rotation (out of top-N),2026-08-04,91.76,83.98,55.74,100.47,83.06,88.17,109.89,101.66,64.61,7.49,393,5,6,-1,0.0
SELL,1637,AGL,2026-08-05,95.08,480655.14,2026-07-28,91.36,21956.33,22850.35,1788037.12,1765186.78,4.02,6,rotation (out of top-N),2026-08-04,94.03,98.88,46.51,90.92,98.33,109.24,94.76,90.27,102.19,4.74,92,5,6.5,-0.5,0.5
SELL,1638,ATEX,2026-08-05,103.63,471266.94,2026-07-28,93.18,21956.33,24418.7,4924739.54,4900320.84,11.16,6,rotation (out of top-N),2026-08-04,95.64,88.06,48.32,100.26,95.42,91.95,106.61,103.81,97.94,2.62,183,5,4.7,-1,1.3
SELL,1644,CAKE,2026-08-05,107.08,405238.31,2026-08-04,104.75,21225.37,21695.45,940152.87,918457.43,2.16,1,rotation (out of top-N),2026-08-04,104.85,83.4,62.78,105.96,96.47,82.09,105.75,103.46,67.01,2.16,183,5,4.4,-1,1.6
SELL,1647,CBRL,2026-08-05,58.05,746124.25,2026-08-04,56.9,21225.37,21656.26,861773.5,840117.25,1.98,1,rotation (out of top-N),2026-08-04,57.75,49.63,34.6,57.66,55.52,50.09,57.13,55.44,66.91,2.96,57,5,6.0,1.0,2.1
SELL,1649,CORT,2026-08-05,110.52,374163.67,2026-08-04,113.45,21225.37,20676.28,-1098170.37,-1118846.65,-2.64,1,rotation (out of top-N),2026-08-04,112.8,88.93,62.3,109.97,102.99,89.86,109.76,102.04,81.07,7.03,57,5,7.0,1.0,1.1
SELL,1621,DAVE,2026-08-05,431.12,99941.99,2026-07-14,398.75,19925.93,21543.5,3235122.19,3213578.7,8.06,16,rotation (out of top-N),2026-08-04,398.83,367.85,251.3,423.97,401.34,367.16,428.39,414.82,58.71,3.17,106,5,5.3,-0.7,1.1
SELL,1625,DD,2026-08-05,143.73,301057.06,2026-07-21,136.85,20599.83,21635.47,2071272.58,2049637.11,4.97,11,rotation (out of top-N),2026-08-04,141.42,110.96,58.77,137.89,138.12,114.89,142.87,138.85,140.64,2.81,344,5,4.9,-1,1.1
SELL,1642,DDOG,2026-08-05,290.65,155985.74,2026-08-04,272.14,21225.37,22669.02,2887296.03,2864627.01,6.75,1,rotation (out of top-N),2026-08-04,273.54,245.64,171.72,283.25,265.9,249.05,288.17,282.69,59.29,1.9,92,5,4.7,-0.5,2.2
SELL,1583,DELL,2026-08-05,462.68,93882.36,2026-06-09,404.59,18991.93,21718.75,5453626.32,5431907.57,14.3,39,rotation (out of top-N),2026-08-04,471.82,406.44,230.29,455.19,419.78,414.12,467.0,447.99,104.88,4.07,155,5,5.7,-1,0.3
SELL,1645,DK,2026-08-05,65.48,655002.92,2026-08-04,64.81,21225.37,21444.8,438851.95,417407.16,0.98,1,rotation (out of top-N),2026-08-04,65.97,56.61,42.03,65.57,65.19,55.11,66.14,64.2,56.95,2.93,428,5,4.8,-0.8,1.0
SELL,1650,ELVN,2026-08-05,60.96,712978.48,2026-08-04,59.54,21225.37,21731.58,1012429.45,990697.86,2.33,1,rotation (out of top-N),2026-08-04,58.02,50.44,34.69,57.88,54.42,49.29,61.11,58.94,67.26,3.55,211,5,5.4,-1,0.6
SELL,1614,FBRX,2026-08-05,76.59,1904849.01,2026-07-07,20.58,19600.9,72946.19,106690592.92,106617646.72,271.97,21,rotation (out of top-N),2026-08-04,76.6,48.2,28.96,76.61,69.83,37.73,76.55,76.36,164.49,0.25,29,5,4.7,1.5,4.3
SELL,1646,FTNT,2026-08-05,170.29,257792.79,2026-08-04,164.67,21225.37,21949.77,1448795.49,1426845.72,3.36,1,rotation (out of top-N),2026-08-04,167.5,151.45,104.27,167.62,157.72,153.55,168.27,164.11,60.64,2.47,99,5,5.0,-0.6,1.7
SELL,1639,HPE,2026-08-05,52.27,950696.12,2026-07-28,46.19,21956.33,24846.44,5780232.39,5755385.94,13.11,6,rotation (out of top-N),2026-08-04,50.23,45.31,30.44,51.14,47.91,46.83,52.4,50.06,65.0,4.45,127,5,6.0,-1,0.0
SELL,1617,LQDA,2026-08-05,89.0,557212.92,2026-07-14,71.52,19925.93,24795.98,9740081.88,9715285.9,24.38,16,rotation (out of top-N),2026-08-04,83.81,76.55,47.99,87.19,84.63,77.72,88.36,85.84,74.64,2.86,568,5,4.9,-1,1.1
SELL,1616,MAN,2026-08-05,54.97,1032164.42,2026-07-14,38.61,19925.93,28369.04,16886209.88,16857840.85,42.3,16,rotation (out of top-N),2026-08-04,54.11,44.41,32.17,53.44,52.19,41.52,54.85,53.32,68.21,2.79,57,5,5.9,1.0,2.2
SELL,1615,MBX,2026-08-05,70.11,670058.84,2026-07-07,58.51,19600.9,23490.59,7779383.16,7755892.57,19.78,21,rotation (out of top-N),2026-08-04,64.42,54.83,37.46,66.1,63.65,53.75,70.67,68.14,71.97,3.57,358,5,5.4,-1,0.6
SELL,1600,ORKA,2026-08-05,99.37,466252.62,2026-06-23,84.5,19700.34,23165.76,6930845.24,6907679.48,17.53,30,rotation (out of top-N),2026-08-04,94.86,84.47,52.03,95.0,93.7,84.73,98.08,95.1,82.31,3.04,351,5,5.0,-1,1.0
SELL,1651,PANW,2026-08-05,373.69,120578.14,2026-08-04,352.06,21225.37,22529.12,2607502.22,2584973.09,6.09,1,rotation (out of top-N),2026-08-04,347.28,315.69,219.16,360.01,335.75,318.06,366.17,356.53,58.46,2.63,85,5,5.3,-0.3,1.8
SELL,1648,PBF,2026-08-05,65.5,645148.01,2026-08-04,65.8,21225.37,21128.6,-193544.4,-214673.0,-0.51,1,rotation (out of top-N),2026-08-04,67.88,55.11,40.65,65.27,66.19,52.49,65.85,62.69,66.99,4.8,351,5,6,-1,0.0
SELL,1640,SEZL,2026-08-05,178.8,285110.07,2026-07-28,154.02,21956.33,25488.84,7065027.64,7039538.8,16.03,6,rotation (out of top-N),2026-08-04,163.35,153.38,94.19,171.35,161.96,161.01,177.49,172.16,73.43,3.0,92,5,5.5,-0.5,1.5
SELL,1652,SNOW,2026-08-05,318.05,138271.52,2026-08-04,307.01,21225.37,21988.63,1526517.57,1504528.94,3.54,1,rotation (out of top-N),2026-08-04,330.4,262.14,209.24,313.76,290.44,259.51,316.62,306.87,57.9,3.08,43,5,6.2,1.4,2.2
SELL,1599,SYRE,2026-08-05,105.33,404794.55,2026-06-23,97.33,19700.34,21317.49,3234308.48,3212990.99,8.15,30,rotation (out of top-N),2026-08-04,95.17,91.76,56.11,99.4,98.68,92.46,105.04,101.87,69.62,3.02,295,5,5.0,-1,1.0
SELL,1624,TWST,2026-08-05,105.77,428353.5,2026-07-14,93.03,19925.93,22653.48,5455081.87,5432428.39,13.63,16,rotation (out of top-N),2026-08-04,100.85,88.19,55.57,100.07,93.06,89.55,99.37,93.8,81.47,5.61,211,5,6,-1,0.0
BUY,1658,AEHR,2026-08-11,105.23,470892.74,,,24776.02,,,,,,,2026-08-10,106.26,88.03,57.79,108.2,94.57,88.87,106.26,99.88,83.88,6.01,399,5,6,-1,0.0
BUY,1667,AGL,2026-08-11,95.51,518815.23,,,24776.02,,,,,,,2026-08-10,97.28,98.59,48.52,96.5,98.03,108.68,97.28,91.05,100.48,6.41,98,5,6.4,-0.6,0.4
BUY,1659,ALNT,2026-08-11,115.51,428984.87,,,24776.02,,,,,,,2026-08-10,113.02,91.22,70.75,114.75,99.35,92.63,113.02,109.11,59.73,3.45,462,5,5.3,-1.0,0.7
BUY,1673,ATEX,2026-08-11,92.72,534426.69,,,24776.02,,,,,,,2026-08-10,92.79,88.92,50.18,98.51,97.64,95.0,92.79,90.43,84.9,2.55,189,5,4.7,-1,1.3
BUY,1677,BAND,2026-08-11,53.05,934063.01,,,24776.02,,,,,,,2026-08-10,52.73,56.37,33.01,50.79,48.59,58.16,52.73,50.84,59.72,3.57,140,5,5.4,-1.0,0.6
BUY,1662,CAKE,2026-08-11,110.84,447059.21,,,24776.02,,,,,,,2026-08-10,110.9,88.4,64.38,106.56,101.89,85.7,111.2,109.51,72.25,1.53,189,5,4.0,-1,2.0
BUY,1670,CORT,2026-08-11,110.76,447382.11,,,24776.02,,,,,,,2026-08-10,114.28,93.54,63.31,110.39,107.02,93.09,114.28,112.44,80.52,1.61,63,5,5.0,-0.0,2.9
BUY,1654,DD,2026-08-11,142.85,346881.64,,,24776.02,,,,,,,2026-08-10,141.61,116.53,61.33,142.61,141.53,124.7,141.61,139.75,130.91,1.32,350,5,3.9,-1,2.1
BUY,1656,DELL,2026-08-11,449.13,110328.95,,,24776.02,,,,,,,2026-08-10,458.15,415.84,238.1,459.06,440.66,421.41,458.15,442.34,92.42,3.45,161,5,5.3,-1,0.7
BUY,1671,ELVN,2026-08-11,58.55,846320.12,,,24776.02,,,,,,,2026-08-10,59.36,52.06,35.73,59.5,57.54,51.62,59.36,58.05,66.13,2.21,217,5,4.5,-1,1.5
BUY,1666,FBRX,2026-08-11,76.83,644956.96,,,24776.02,,,,,,,2026-08-10,76.82,53.4,30.57,76.79,73.65,43.72,76.82,76.78,151.28,0.05,35,5,4.5,1.4,4.4
BUY,1663,HNGE,2026-08-11,90.08,550089.29,,,24776.02,,,,,,,2026-08-10,91.58,77.34,53.85,89.51,82.6,79.95,91.58,88.67,70.09,3.18,84,5,5.7,-0.4,1.5
BUY,1674,HPE,2026-08-11,54.46,909879.6,,,24776.02,,,,,,,2026-08-10,54.67,47.02,31.23,55.52,51.13,47.43,54.67,52.84,75.07,3.36,133,5,5.2,-1,0.8
BUY,1660,LQDA,2026-08-11,91.11,543840.67,,,24776.02,,,,,,,2026-08-10,91.14,79.2,49.61,89.51,87.63,80.11,91.14,89.3,83.71,2.02,574,5,4.3,-1,1.7
BUY,1655,MAN,2026-08-11,55.36,895087.48,,,24776.02,,,,,,,2026-08-10,56.55,46.62,32.9,55.91,53.88,43.72,56.55,55.39,71.91,2.05,63,5,5.3,-0.0,2.6
BUY,1668,MBX,2026-08-11,67.53,733832.55,,,24776.02,,,,,,,2026-08-10,65.96,56.85,38.47,67.89,66.3,57.44,65.96,64.44,71.47,2.3,364,5,4.5,-1,1.5
BUY,1657,MNPR,2026-08-11,116.69,424665.06,,,24776.02,,,,,,,2026-08-10,116.02,99.68,72.33,118.12,114.74,98.5,116.02,113.07,60.4,2.54,42,5,6.0,1.3,2.6
BUY,1675,NSIT,2026-08-11,155.19,319299.2,,,24776.02,,,,,,,2026-08-10,154.63,122.5,92.91,148.52,136.56,119.91,154.63,151.57,66.44,1.98,70,5,5.2,-0.2,2.5
BUY,1676,ORKA,2026-08-11,106.78,464079.07,,,24776.02,,,,,,,2026-08-10,105.13,88.22,53.97,100.28,96.7,88.04,105.13,102.68,94.81,2.33,357,5,4.6,-1,1.4
BUY,1672,PANW,2026-08-11,384.2,128974.6,,,24776.02,,,,,,,2026-08-10,385.06,328.3,223.48,371.31,352.54,327.9,385.06,376.52,72.3,2.22,91,5,5.0,-0.5,2.0
BUY,1669,PBF,2026-08-11,67.24,736942.93,,,24776.02,,,,,,,2026-08-10,66.31,57.15,41.4,64.7,64.47,54.64,66.31,64.23,60.16,3.14,357,5,5.1,-1,0.9
BUY,1664,RVMD,2026-08-11,208.06,238156.55,,,24776.02,,,,,,,2026-08-10,206.62,182.23,126.11,206.96,195.89,183.04,206.62,201.9,63.85,2.29,329,5,4.5,-1,1.5
BUY,1661,SYRE,2026-08-11,104.48,474273.0,,,24776.02,,,,,,,2026-08-10,105.31,94.22,58.18,106.17,102.41,95.38,105.31,103.83,81.01,1.41,301,5,3.9,-1,2.1
BUY,1678,TWST,2026-08-11,123.25,402028.66,,,24776.02,,,,,,,2026-08-10,124.78,94.84,57.94,117.19,104.75,93.87,124.78,121.06,115.38,2.98,217,5,5.0,-1,1.0
BUY,1665,VSXY,2026-08-11,98.45,503321.92,,,24776.02,,,,,,,2026-08-10,99.88,82.75,60.57,98.45,91.75,83.77,99.88,97.71,64.91,2.17,315,5,4.4,-1,1.6
SELL,1653,EA,2026-08-11,209.7,5910445.74,2026-08-05,209.7,619710.24,619710.24,0.0,-619710.24,-0.05,4,rotation (out of top-N),2026-08-10,209.7,207.47,203.2,209.7,209.49,206.74,209.86,209.78,3.2,0.04,462,0.64,0.2,1.8,5.7
BUY,1686,CBRL,2026-08-18,58.59,797288.3,,,23356.56,,,,,,,2026-08-17,59.1,52.32,36.0,59.1,57.43,53.46,59.1,57.87,64.18,2.08,70,5,5.2,-0.2,2.4
BUY,1680,FET,2026-08-18,86.39,540723.71,,,23356.56,,,,,,,2026-08-17,86.36,65.19,51.78,86.36,78.27,58.97,86.36,85.0,66.8,1.58,434,5,4.1,-1,1.9
BUY,1683,MU,2026-08-18,956.99,48812.55,,,23356.56,,,,,,,2026-08-17,1012.14,921.59,595.08,1012.14,928.66,957.6,1011.84,991.35,70.09,2.02,434,5,4.3,-1,1.7
BUY,1684,MXL,2026-08-18,78.95,591679.82,,,23356.56,,,,,,,2026-08-17,84.85,76.53,47.22,84.85,76.82,82.92,84.85,81.87,79.67,3.51,357,5,5.3,-1,0.7
BUY,1682,NBIS,2026-08-18,268.82,173771.0,,,23356.56,,,,,,,2026-08-17,268.83,214.04,150.47,268.83,232.47,217.01,268.82,258.71,78.67,3.76,441,5,5.5,-1,0.5
BUY,1685,PENG,2026-08-18,59.68,782726.57,,,23356.56,,,,,,,2026-08-17,63.09,57.48,35.81,63.09,59.69,62.54,63.09,61.19,76.19,3.0,119,5,5.0,-1.0,1.0
BUY,1679,SNDK,2026-08-18,1677.54,27846.2,,,23356.56,,,,,,,2026-08-17,1787.84,1559.3,997.76,1787.84,1472.99,1616.59,1775.03,1711.74,79.19,3.57,999,5,5.4,-1,0.6
BUY,1681,STX,2026-08-18,937.53,49825.74,,,23356.56,,,,,,,2026-08-17,994.36,872.54,588.18,994.36,895.95,879.29,994.36,968.43,69.06,2.61,448,5,4.7,-1,1.3
SELL,1659,ALNT,2026-08-18,109.81,428984.87,2026-08-11,115.51,24776.02,23553.41,-2445213.79,-2468767.2,-4.98,5,rotation (out of top-N),2026-08-17,113.17,95.21,72.26,113.17,107.77,94.93,113.17,111.59,56.61,1.4,469,5,3.8,-0.8,2.1
SELL,1677,BAND,2026-08-18,52.0,934063.01,2026-08-11,53.05,24776.02,24285.64,-980766.16,-1005051.8,-2.03,5,rotation (out of top-N),2026-08-17,52.82,55.72,33.97,52.82,51.59,58.02,52.82,51.8,55.48,1.94,147,5,4.1,-0.8,1.7
SELL,1671,ELVN,2026-08-18,60.08,846320.12,2026-08-11,58.55,24776.02,25423.46,1294869.78,1269446.32,2.56,5,rotation (out of top-N),2026-08-17,59.6,53.43,36.67,59.6,58.43,53.46,59.6,58.8,62.53,1.35,224,5,3.9,-1,2.1
SELL,1663,HNGE,2026-08-18,85.58,550089.29,2026-08-11,90.08,24776.02,23538.32,-2475401.79,-2498940.11,-5.04,5,rotation (out of top-N),2026-08-17,87.94,79.27,55.02,87.94,86.2,82.54,87.94,86.24,59.84,1.94,91,5,4.8,-0.5,2.2
SELL,1660,LQDA,2026-08-18,76.4,543840.67,2026-08-11,91.11,24776.02,20774.71,-8002615.5,-8023390.21,-16.19,5,rotation (out of top-N),2026-08-17,77.78,78.94,50.86,77.78,82.04,81.37,77.78,75.73,52.94,2.63,581,5,4.4,-0.6,1.2
SELL,1657,MNPR,2026-08-18,115.07,424665.06,2026-08-11,116.69,24776.02,24433.1,-685834.08,-710267.18,-1.43,5,rotation (out of top-N),2026-08-17,116.03,102.65,73.33,116.03,113.89,104.81,116.03,113.59,58.22,2.1,49,5,5.5,1.3,2.8
SELL,1675,NSIT,2026-08-18,147.88,319299.2,2026-08-11,155.19,24776.02,23608.98,-2334077.15,-2357686.14,-4.76,5,rotation (out of top-N),2026-08-17,149.22,127.36,94.39,149.22,146.85,125.4,149.22,147.54,58.09,1.13,77,5,4.4,-0.2,3.0
SELL,1665,VSXY,2026-08-18,83.89,503321.92,2026-08-11,98.45,24776.02,21111.84,-7328367.14,-7349478.97,-14.83,5,rotation (out of top-N),2026-08-17,84.28,83.03,61.78,84.28,90.62,85.23,84.28,82.32,36.42,2.33,322,5,3.4,0.2,1.4
BUY,1687,DD,2026-08-25,137.18,315904.21,,,21667.08,,,,,,,2026-08-24,136.74,124.17,66.39,136.74,139.97,138.94,136.74,135.67,105.95,0.78,364,5,3.5,-1,2.5
BUY,1695,DK,2026-08-25,66.87,648035.89,,,21667.08,,,,,,,2026-08-24,68.09,60.77,43.96,68.09,67.09,61.99,68.09,65.61,54.88,3.64,448,5,5.2,-0.7,0.6
BUY,1694,EAT,2026-08-25,254.0,170606.93,,,21667.08,,,,,,,2026-08-24,253.71,210.59,163.08,253.71,237.19,204.77,253.71,249.52,55.57,1.65,91,5,4.4,-0.3,2.4
BUY,1696,ELVN,2026-08-25,61.68,702564.2,,,21667.08,,,,,,,2026-08-24,61.15,54.83,37.66,61.15,59.47,54.91,61.15,60.05,62.39,1.8,231,5,4.2,-1,1.8
BUY,1692,HNGE,2026-08-25,90.06,481169.89,,,21667.08,,,,,,,2026-08-24,90.03,81.23,56.12,90.03,87.57,84.48,90.03,87.96,60.41,2.29,98,5,4.9,-0.6,1.8
BUY,1691,MPC,2026-08-25,359.2,120640.76,,,21667.08,,,,,,,2026-08-24,362.62,313.14,236.01,362.62,352.13,311.18,362.62,357.56,53.65,1.4,455,5,3.6,-0.7,2.1
BUY,1693,MRNA,2026-08-25,144.03,300868.99,,,21667.08,,,,,,,2026-08-24,138.82,74.53,51.31,138.82,109.49,72.41,138.82,128.24,170.55,7.62,252,5,6,-1,0.0
BUY,1697,ORKA,2026-08-25,105.88,409276.16,,,21667.08,,,,,,,2026-08-24,102.41,94.44,57.94,102.41,106.4,95.67,102.41,100.11,76.76,2.25,371,5,4.5,-1,1.5
BUY,1688,PAYC,2026-08-25,229.76,188602.09,,,21667.08,,,,,,,2026-08-24,229.78,179.2,144.76,229.78,217.47,170.91,229.78,227.27,58.73,1.09,21,5,5.3,1.7,3.9
BUY,1689,TEAM,2026-08-25,171.26,253031.41,,,21667.08,,,,,,,2026-08-24,171.26,123.15,104.95,171.31,161.31,113.32,171.31,167.87,63.19,2.01,7,5,6.2,1.9,3.5
BUY,1690,TVTX,2026-08-25,66.36,652967.08,,,21667.08,,,,,,,2026-08-24,65.23,58.32,41.82,65.23,63.81,59.05,65.23,64.11,55.99,1.72,350,5,3.9,-0.8,1.9
SELL,1658,AEHR,2026-08-25,98.5,470892.74,2026-08-11,105.23,24776.02,23191.47,-3169108.13,-3192299.6,-6.44,10,rotation (out of top-N),2026-08-24,96.48,98.13,62.82,96.48,109.56,91.76,96.48,92.3,53.57,4.34,413,5,5.6,-0.7,0.1
SELL,1654,DD,2026-08-25,137.18,346881.64,2026-08-11,142.85,24776.02,23791.74,-1968553.33,-1992345.08,-4.02,10,ratchet-ATR exit,2026-08-24,136.74,124.17,66.39,136.74,139.97,138.94,136.74,135.67,105.95,0.78,364,5,3.5,-1,2.5
SELL,1680,FET,2026-08-25,77.33,540723.71,2026-08-18,86.39,23356.56,20907.08,-4898956.84,-4919863.92,-10.53,5,rotation (out of top-N),2026-08-24,76.45,67.23,52.94,76.45,79.03,62.75,76.45,75.16,44.4,1.69,441,5,3.3,-0.2,1.9
SELL,1683,MU,2026-08-25,927.73,48812.55,2026-08-18,956.99,23356.56,22642.43,-1428255.19,-1450897.63,-3.11,5,rotation (out of top-N),2026-08-24,910.34,919.55,612.65,910.34,934.39,934.34,910.34,883.68,48.59,2.93,441,5,4.4,-0.4,1.0
SELL,1684,MXL,2026-08-25,66.23,591679.82,2026-08-18,78.95,23356.56,19594.96,-7523208.87,-7542803.83,-16.15,5,rotation (out of top-N),2026-08-24,62.71,74.02,48.45,62.71,70.21,79.78,62.71,60.63,29.43,3.31,364,5,3.7,0.5,0.9
SELL,1682,NBIS,2026-08-25,218.1,173771.0,2026-08-18,268.82,23356.56,18949.73,-8813665.37,-8832615.1,-18.91,5,rotation (out of top-N),2026-08-24,210.72,213.44,153.66,210.72,225.32,212.14,212.58,205.07,37.14,3.53,448,5,4.2,0.1,0.6
SELL,1676,ORKA,2026-08-25,105.88,464079.07,2026-08-11,106.78,24776.02,24568.35,-415350.77,-439919.12,-0.89,10,ratchet-ATR exit,2026-08-24,102.41,94.44,57.94,102.41,106.4,95.67,102.41,100.11,76.76,2.25,371,5,4.5,-1,1.5
SELL,1672,PANW,2026-08-25,353.53,128974.6,2026-08-11,384.2,24776.02,22798.2,-3955651.11,-3978449.3,-8.03,10,rotation (out of top-N),2026-08-24,350.68,339.44,231.94,350.68,362.59,348.81,350.68,344.49,51.19,1.77,105,5,4.0,-0.3,2.1
SELL,1685,PENG,2026-08-25,52.45,782726.57,2026-08-18,59.68,23356.56,20528.96,-5655199.45,-5675728.41,-12.15,5,rotation (out of top-N),2026-08-24,50.68,56.24,36.64,50.68,55.36,61.0,50.68,49.02,38.33,3.27,126,5,4.1,0.1,0.8
SELL,1679,SNDK,2026-08-25,1533.85,27846.2,2026-08-18,1677.54,23356.56,21355.95,-4001221.09,-4022577.04,-8.61,5,rotation (out of top-N),2026-08-24,1538.66,1555.55,1031.22,1491.84,1530.81,1547.01,1503.88,1442.99,49.21,4.05,999,5,5.2,-0.5,0.3
SELL,1681,STX,2026-08-25,808.98,49825.74,2026-08-18,937.53,23356.56,20154.01,-6405098.26,-6425252.27,-13.75,5,rotation (out of top-N),2026-08-24,810.06,861.18,602.52,794.74,859.08,858.16,794.74,769.4,34.45,3.19,455,5,3.8,0.3,0.9
BUY,1703,ANF,2026-09-01,142.22,312841.08,,,22245.35,,,,,,,2026-08-31,149.82,111.03,97.59,143.04,129.64,106.25,143.04,140.37,53.52,1.87,28,5,5.5,1.9,3.3
BUY,1701,CORT,2026-09-01,113.85,390783.44,,,22245.35,,,,,,,2026-08-31,113.33,104.44,66.35,113.33,117.47,105.46,113.33,111.66,70.81,1.48,84,5,4.6,-0.4,2.6
BUY,1698,DINO,2026-09-01,102.78,432852.01,,,22245.35,,,,,,,2026-08-31,101.67,88.5,65.54,101.67,96.77,89.2,101.67,100.21,55.14,1.44,441,5,3.7,-0.8,2.0
BUY,1699,ESTC,2026-09-01,96.0,463420.6,,,22245.35,,,,,,,2026-08-31,97.52,75.14,62.7,97.52,87.71,71.85,97.52,92.25,55.53,5.4,21,5,7.4,1.9,1.6
BUY,1704,HPE,2026-09-01,52.75,843425.49,,,22245.35,,,,,,,2026-08-31,52.24,50.06,33.68,52.24,53.63,50.63,52.24,51.49,55.13,1.45,154,5,3.7,-0.8,2.0
BUY,1705,NSIT,2026-09-01,154.95,287129.36,,,22245.35,,,,,,,2026-08-31,157.05,135.41,97.68,157.05,151.56,134.23,157.05,156.0,60.78,0.67,91,5,3.9,-0.5,3.0
BUY,1700,OKTA,2026-09-01,170.53,260904.23,,,22245.35,,,,,,,2026-08-31,173.05,142.53,102.72,173.05,151.64,145.08,173.05,169.63,68.48,1.98,98,5,4.7,-0.6,2.0
BUY,1706,ORKA,2026-09-01,91.37,486928.91,,,22245.35,,,,,,,2026-08-31,92.53,94.09,59.5,92.53,99.79,96.6,92.53,89.74,55.52,3.01,378,5,4.8,-0.8,1.0
BUY,1702,PANW,2026-09-01,374.82,118698.83,,,22245.35,,,,,,,2026-08-31,381.99,347.18,236.74,381.99,365.55,351.45,381.99,373.05,61.36,2.34,112,5,4.7,-0.9,1.6
BUY,1707,SNOW,2026-09-01,326.51,136259.27,,,22245.35,,,,,,,2026-08-31,331.53,299.35,217.1,331.53,325.94,300.38,331.53,327.93,52.71,1.09,70,5,4.2,0.2,3.1
SELL,1686,CBRL,2026-09-01,54.7,797288.3,2026-08-18,58.59,23356.56,21807.83,-3097465.05,-3119272.88,-6.68,10,rotation (out of top-N),2026-08-31,55.22,53.7,37.46,55.22,56.92,55.09,55.22,54.33,47.42,1.61,84,5,4.0,0.2,2.5
SELL,1670,CORT,2026-09-01,113.85,447382.11,2026-08-11,110.76,24776.02,25467.23,1382410.73,1356943.5,2.74,15,ratchet-ATR exit,2026-08-31,113.33,104.44,66.35,113.33,117.47,105.46,113.33,111.66,70.81,1.48,84,5,4.6,-0.4,2.6
SELL,1694,EAT,2026-09-01,227.35,170606.93,2026-08-25,254.0,21667.08,19393.74,-4546674.66,-4566068.4,-10.54,5,rotation (out of top-N),2026-08-31,228.41,213.83,164.95,228.41,235.73,212.89,228.41,225.78,38.47,1.15,98,5,3.1,0.4,2.6
SELL,1696,ELVN,2026-09-01,57.93,702564.2,2026-08-25,61.68,21667.08,20349.77,-2634615.76,-2654965.53,-6.13,5,rotation (out of top-N),2026-08-31,57.95,55.4,38.56,57.95,59.53,56.16,57.95,56.9,50.27,1.81,238,5,3.7,-0.5,1.8
SELL,1666,FBRX,2026-09-01,76.99,644956.96,2026-08-11,76.83,24776.02,24827.62,103193.11,78365.49,0.16,15,rotation (out of top-N),2026-08-31,76.94,61.17,33.6,76.99,76.75,63.96,77.0,77.0,128.99,0.0,56,5,4.1,1.1,4.1
SELL,1674,HPE,2026-09-01,52.75,909879.6,2026-08-11,54.46,24776.02,23998.07,-1555894.11,-1579892.19,-3.19,15,ratchet-ATR exit,2026-08-31,52.24,50.06,33.68,52.24,53.63,50.63,52.24,51.49,55.13,1.45,154,5,3.7,-0.8,2.0
SELL,1668,MBX,2026-09-01,61.95,733832.55,2026-08-11,67.53,24776.02,22732.3,-4087447.3,-4110179.6,-8.29,15,rotation (out of top-N),2026-08-31,61.56,60.52,41.21,61.56,65.4,64.36,61.56,59.83,49.38,2.82,385,5,4.3,-0.5,1.1
SELL,1697,ORKA,2026-09-01,91.37,409276.16,2026-08-25,105.88,21667.08,18697.78,-5938597.1,-5957294.89,-13.75,5,ratchet-ATR exit,2026-08-31,92.53,94.09,59.5,92.53,99.79,96.6,92.53,89.74,55.52,3.01,378,5,4.8,-0.8,1.0
SELL,1664,RVMD,2026-09-01,204.7,238156.55,2026-08-11,208.06,24776.02,24375.32,-801396.8,-825772.12,-1.67,15,rotation (out of top-N),2026-08-31,205.66,194.66,136.46,205.66,210.57,196.92,205.66,201.88,50.72,1.84,350,5,3.8,-0.5,1.8
SELL,1661,SYRE,2026-09-01,88.17,474273.0,2026-08-11,104.48,24776.02,20907.14,-7737763.97,-7758671.11,-15.66,15,rotation (out of top-N),2026-08-31,89.25,96.67,63.79,89.25,98.02,100.5,89.25,87.29,39.91,2.2,322,5,3.5,0.0,1.5
BUY,1708,APGE,2026-09-03,135.07,8538488.73,,,576646.84,,,,,,,2026-09-02,135.07,130.09,94.81,135.08,134.92,134.42,135.08,135.05,42.46,0.02,331,5,2.1,-0.1,3.0
SELL,1667,AGL,2026-09-03,86.49,518815.23,2026-08-11,95.51,24776.02,22436.16,-4679713.4,-4702149.57,-9.49,17,rotation (out of top-N),2026-09-02,87.77,95.58,54.3,87.26,91.35,101.18,87.26,86.35,61.65,1.04,121,5,3.7,-1,2.3
SELL,1703,ANF,2026-09-03,137.97,312841.08,2026-09-01,142.22,22245.35,21580.56,-1329574.59,-1351155.15,-3.04,2,rotation (out of top-N),2026-09-02,149.82,111.03,97.59,139.89,133.15,108.86,136.58,135.07,53.52,1.11,30,5,4.9,1.8,3.8
SELL,1673,ATEX,2026-09-03,86.0,534426.69,2026-08-11,92.72,24776.02,22981.68,-3588675.24,-3611656.92,-7.29,17,rotation (out of top-N),2026-09-02,86.05,88.98,55.31,86.85,90.83,95.34,86.85,84.72,55.59,2.45,212,5,4.4,-0.8,1.4
SELL,1662,CAKE,2026-09-03,108.42,447059.21,2026-08-11,110.84,24776.02,24235.08,-1081883.29,-1106118.37,-2.23,17,rotation (out of top-N),2026-09-02,109.45,98.65,69.29,109.11,110.33,99.95,108.63,107.54,57.95,1.0,212,5,3.6,-0.9,2.3
SELL,1701,CORT,2026-09-03,110.91,390783.44,2026-09-01,113.85,22245.35,21669.92,-1150857.22,-1172527.14,-2.64,2,rotation (out of top-N),2026-09-02,113.33,104.44,66.35,110.51,115.6,106.39,110.51,108.08,70.81,2.2,86,5,5.0,-0.4,2.1
SELL,1687,DD,2026-09-03,133.8,315904.21,2026-08-25,137.18,21667.08,21133.99,-1066176.71,-1087310.7,-2.51,7,rotation (out of top-N),2026-09-02,134.57,126.06,68.77,132.84,136.05,138.58,132.91,131.72,95.68,0.9,373,5,3.6,-1,2.4
SELL,1656,DELL,2026-09-03,484.61,110328.95,2026-08-11,449.13,24776.02,26733.26,3914471.27,3887738.01,7.85,17,rotation (out of top-N),2026-09-02,456.99,433.62,262.68,473.2,454.21,440.44,492.21,471.34,73.98,4.24,184,5,5.8,-1,0.2
SELL,1698,DINO,2026-09-03,106.59,432852.01,2026-09-01,102.78,22245.35,23069.93,1649166.18,1626096.25,3.65,2,rotation (out of top-N),2026-09-02,101.67,88.5,65.54,105.54,99.43,90.62,106.08,104.92,55.14,1.09,443,5,3.5,-0.8,2.3
SELL,1695,DK,2026-09-03,71.78,648035.89,2026-08-25,66.87,21667.08,23256.39,3178616.04,3155359.65,7.28,7,rotation (out of top-N),2026-09-02,74.39,63.25,44.87,73.75,71.25,65.35,71.44,69.34,65.8,2.93,457,5,5.0,-1,1.0
SELL,1699,ESTC,2026-09-03,92.15,463420.6,2026-09-01,96.0,22245.35,21352.1,-1786486.4,-1807838.5,-4.06,2,rotation (out of top-N),2026-09-02,97.52,75.14,62.7,92.94,89.36,73.5,89.55,88.1,55.53,1.61,23,5,5.5,1.8,3.5
SELL,1692,HNGE,2026-09-03,92.44,481169.89,2026-08-25,90.06,21667.08,22240.88,1147590.18,1125349.3,2.6,7,rotation (out of top-N),2026-09-02,92.64,83.3,57.21,91.93,90.19,85.38,91.93,90.76,61.91,1.27,107,5,4.1,-0.8,2.4
SELL,1704,HPE,2026-09-03,47.12,843425.49,2026-09-01,52.75,22245.35,19871.1,-4748485.48,-4768356.59,-10.72,2,rotation (out of top-N),2026-09-02,52.24,50.06,33.68,51.19,52.77,50.98,51.91,51.05,55.13,1.66,156,5,3.9,-0.8,1.9
SELL,1655,MAN,2026-09-03,59.81,895087.48,2026-08-11,55.36,24776.02,26767.59,3983139.29,3956371.69,7.98,17,rotation (out of top-N),2026-09-02,62.93,53.03,35.39,60.2,60.91,54.26,60.2,59.54,77.82,1.1,86,5,4.3,-0.4,2.8
SELL,1691,MPC,2026-09-03,385.0,120640.76,2026-08-25,359.2,21667.08,23223.04,3111928.33,3088705.29,7.13,7,rotation (out of top-N),2026-09-02,373.36,324.09,240.54,385.81,369.04,329.6,387.24,382.53,55.22,1.22,464,5,3.6,-0.8,2.2
SELL,1693,MRNA,2026-09-03,145.94,300868.99,2026-08-25,144.03,21667.08,21955.16,576164.11,554208.95,1.28,7,rotation (out of top-N),2026-09-02,140.4,86.51,54.17,154.6,138.31,84.96,150.82,146.22,159.17,3.05,261,5,5.0,-1,1.0
SELL,1705,NSIT,2026-09-03,154.05,287129.36,2026-09-01,154.95,22245.35,22116.14,-258416.42,-280532.56,-0.63,2,rotation (out of top-N),2026-09-02,157.05,135.41,97.68,151.74,151.97,136.27,151.74,150.19,60.78,1.02,93,5,4.1,-0.5,2.8
SELL,1700,OKTA,2026-09-03,166.73,260904.23,2026-09-01,170.53,22245.35,21750.28,-990131.56,-1011881.85,-2.27,2,rotation (out of top-N),2026-09-02,173.05,142.53,102.72,164.5,156.19,145.98,163.18,159.65,68.48,2.16,100,5,4.8,-0.7,1.9
SELL,1706,ORKA,2026-09-03,91.05,486928.91,2026-09-01,91.37,22245.35,22166.22,-158251.9,-180418.12,-0.41,2,rotation (out of top-N),2026-09-02,92.53,94.09,59.5,94.57,97.69,97.05,91.88,90.76,55.52,1.22,380,5,3.6,-0.8,2.2
SELL,1702,PANW,2026-09-03,333.02,118698.83,2026-09-01,374.82,22245.35,19764.84,-4961017.48,-4980782.31,-11.2,2,rotation (out of top-N),2026-09-02,381.99,347.18,236.74,333.19,359.15,352.39,328.45,317.85,61.36,3.23,114,5,5.3,-0.9,0.9
SELL,1688,PAYC,2026-09-03,240.11,188602.09,2026-08-25,229.76,21667.08,22642.62,1951088.66,1928446.03,4.45,7,rotation (out of top-N),2026-09-02,239.35,190.13,146.74,239.05,232.21,188.48,235.76,234.55,63.11,0.51,30,5,4.8,1.5,4.2
SELL,1669,PBF,2026-09-03,74.5,736942.93,2026-08-11,67.24,24776.02,27451.12,5350205.7,5322754.58,10.74,17,rotation (out of top-N),2026-09-02,73.0,64.05,44.17,77.44,72.84,66.85,75.47,74.08,65.26,1.85,380,5,4.2,-1,1.8
SELL,1707,SNOW,2026-09-03,380.35,136259.27,2026-09-01,326.51,22245.35,25913.11,7335517.6,7309604.5,16.43,2,rotation (out of top-N),2026-09-02,331.53,299.35,217.1,309.72,322.09,303.01,371.99,358.39,52.71,3.66,72,5,5.9,0.2,1.4
SELL,1689,TEAM,2026-09-03,191.46,253031.41,2026-08-25,171.26,21667.08,24222.7,5111234.57,5087011.87,11.74,7,rotation (out of top-N),2026-09-02,194.11,136.05,106.06,187.91,179.54,130.76,186.51,183.76,83.02,1.48,16,5,5.7,1.7,3.7
SELL,1690,TVTX,2026-09-03,66.74,652967.08,2026-08-25,66.36,21667.08,21789.51,244862.65,223073.14,0.51,7,rotation (out of top-N),2026-09-02,66.28,59.77,42.59,66.31,65.63,60.61,67.21,66.6,55.63,0.91,359,5,3.4,-0.8,2.4
SELL,1678,TWST,2026-09-03,133.27,402028.66,2026-08-11,123.25,24776.02,26789.18,4026317.06,3999527.88,8.07,17,rotation (out of top-N),2026-09-02,139.1,113.3,65.85,136.32,138.0,112.45,131.0,126.8,111.22,3.2,240,5,5.1,-1,0.9
SELL,1708,APGE,2026-09-11,135.08,8538488.73,2026-09-03,135.07,576646.84,,85384.89,85384.89,0.01,5,end-of-sample mark-to-market,,,,,,,,,,,,,,,,
