kind,trade_id,symbol,exec_date,exec_price,shares,buy_date,buy_price,buy_fee,sell_fee,gross_pnl,net_pnl,net_return_pct,hold_days,exit_reason,sig_buy_sig_date,sig_buy_sig_w_close,sig_buy_mtf_score,sig_buy_emasma_score,sig_buy_early_score,sig_buy_near_score,sig_buy_gap_w,sig_buy_atr_dist,sig_buy_freshness_days,sig_sell_sig_date,sig_sell_sig_w_close,sig_sell_mtf_score,sig_sell_emasma_score,sig_sell_early_score,sig_sell_near_score,sig_sell_gap_w,sig_sell_atr_dist,sig_sell_freshness_days
SELL,1,BNTX,2021-09-28,290.45,11.7,2021-09-21,341.69,2.0,1.7,-599.54,-601.24,-15.04,5,rotation (out of top-N),2021-09-20,330.38,,5,-1,,66.0,,999,2021-09-27,251.96,,4.83,0.8,,24.16,,999
SELL,2,DDOG,2021-09-28,139.12,27.89,2021-09-21,143.34,2.0,1.94,-117.7,-119.64,-2.99,5,rotation (out of top-N),2021-09-20,147.32,,5,0.6,,40.81,,84,2021-09-27,144.6,,5,0.6,,36.96,,91
SELL,3,AMBA,2021-09-28,153.15,0.54,2021-09-21,145.81,0.04,0.04,3.96,3.92,4.99,5,equal-weight sizing trim,2021-09-20,162.95,,5,2.0,,52.19,,21,2021-09-27,153.82,,5,2.5,,41.64,,28
SELL,3,AMBA,2021-10-05,151.22,26.88,2021-09-21,145.81,1.96,2.03,145.56,143.53,3.66,10,rotation (out of top-N),2021-09-20,162.95,,5,2.0,,52.19,,21,2021-10-04,154.19,,5,2.4,,39.97,,35
SELL,4,AMR,2021-09-28,45.53,3.54,2021-09-21,42.55,0.08,0.08,10.55,10.47,6.95,5,equal-weight sizing trim,2021-09-20,45.38,,5,-1,,119.49,,999,2021-09-27,52.7,,5,-1,,142.89,,999
SELL,4,AMR,2021-10-05,56.21,14.99,2021-09-21,42.55,0.32,0.42,204.76,204.34,32.04,10,equal-weight sizing trim,2021-09-20,45.38,,5,-1,,119.49,,999,2021-10-04,57.7,,5,-1,,152.31,,999
SELL,4,AMR,2021-10-19,61.06,2.46,2021-09-21,43.61,0.05,0.08,42.99,42.92,39.95,20,equal-weight sizing trim,2021-09-20,45.38,,5,-1,,119.49,,999,2021-10-18,61.21,,5,-1,,142.43,,999
SELL,4,AMR,2021-11-16,47.19,108.29,2021-09-21,46.87,2.54,2.56,34.69,32.14,0.63,40,ratchet-ATR exit,2021-09-20,45.38,,5,-1,,119.49,,999,2021-11-15,43.77,,5,-0.5,,49.54,,999
SELL,5,TEAM,2021-10-05,386.22,10.79,2021-09-21,406.28,2.19,2.08,-216.46,-218.54,-4.98,10,ratchet-ATR exit,2021-09-20,414.1,,5,-0.8,,55.14,,999,2021-10-04,390.68,,5,-0.1,,42.27,,999
SELL,6,PVLA,2021-09-28,458.0,0.08,2021-09-21,440.8,0.02,0.02,1.4,1.38,3.85,5,equal-weight sizing trim,2021-09-20,450.8,,5,-0.8,,73.95,,105,2021-09-27,418.0,,5,-0.8,,58.27,,112
SELL,6,PVLA,2021-10-05,410.4,8.99,2021-09-21,440.8,1.98,1.84,-273.25,-275.1,-6.94,10,ratchet-ATR exit,2021-09-20,450.8,,5,-0.8,,73.95,,105,2021-10-04,379.2,,5,-0.0,,41.18,,119
SELL,7,DKS,2021-09-28,117.22,33.38,2021-09-21,119.76,2.0,1.96,-84.79,-86.75,-2.17,5,rotation (out of top-N),2021-09-20,117.74,,5,-0.5,,49.97,,999,2021-09-27,109.14,,5,0.2,,36.33,,999
SELL,8,DDS,2021-09-28,155.64,25.36,2021-09-21,157.63,2.0,1.97,-50.47,-52.45,-1.31,5,rotation (out of top-N),2021-09-20,161.67,,5,-1.0,,59.21,,999,2021-09-27,136.55,,5,0.4,,31.47,,999
SELL,9,EMBJ,2021-09-28,17.82,25.59,2021-09-21,15.58,0.2,0.23,57.33,57.1,14.32,5,equal-weight sizing trim,2021-09-20,17.63,,5,-0.4,,48.75,,999,2021-09-27,17.92,,5,-0.4,,47.62,,999
SELL,9,EMBJ,2021-10-12,18.69,1.13,2021-09-21,15.68,0.01,0.01,3.39,3.38,19.15,15,equal-weight sizing trim,2021-09-20,17.63,,5,-0.4,,48.75,,999,2021-10-11,18.64,,5,-0.3,,46.54,,999
SELL,9,EMBJ,2021-10-19,18.14,243.66,2021-09-21,15.68,1.91,2.21,599.93,597.72,15.65,20,rotation (out of top-N),2021-09-20,17.63,,5,-0.4,,48.75,,999,2021-10-18,17.04,,5,0.4,,31.41,,999
SELL,10,SITM,2021-10-05,204.24,19.06,2021-09-21,219.82,2.09,1.95,-296.82,-298.76,-7.13,10,ratchet-ATR exit,2021-09-20,235.62,,5,-0.6,,78.83,,98,2021-10-04,215.03,,5,-0.7,,57.06,,112
SELL,11,CROX,2021-09-28,151.54,26.13,2021-09-21,153.0,2.0,1.98,-38.15,-40.13,-1.0,5,rotation (out of top-N),2021-09-20,156.3,,5,-0.6,,52.83,,999,2021-09-27,140.98,,5,0.2,,35.26,,999
SELL,12,IDT,2021-09-28,42.78,3.54,2021-09-21,40.07,0.07,0.08,9.61,9.53,6.71,5,equal-weight sizing trim,2021-09-20,43.94,,5,-0.3,,45.63,,999,2021-09-27,43.12,,5,0.0,,39.36,,999
SELL,12,IDT,2021-10-12,51.18,10.47,2021-09-21,40.15,0.21,0.27,115.5,115.23,27.4,15,equal-weight sizing trim,2021-09-20,43.94,,5,-0.3,,45.63,,999,2021-10-11,49.55,,5,-0.5,,51.0,,999
SELL,12,IDT,2021-10-19,48.41,88.98,2021-09-21,40.15,1.79,2.15,734.72,732.56,20.5,20,rotation (out of top-N),2021-09-20,43.94,,5,-0.3,,45.63,,999,2021-10-18,46.88,,5,0.0,,39.33,,999
SELL,13,RGEN,2021-09-28,300.15,12.94,2021-09-21,309.01,2.0,1.94,-114.57,-116.51,-2.91,5,rotation (out of top-N),2021-09-20,323.34,,5,0.5,,48.21,,63,2021-09-27,280.89,,5,1.5,,27.5,,70
SELL,14,MRNA,2021-10-05,330.8,10.32,2021-09-21,420.96,2.17,1.71,-930.8,-932.5,-21.46,10,rotation (out of top-N),2021-09-20,430.01,,5,-1,,89.62,,999,2021-10-04,304.93,,5,0.6,,28.55,,999
SELL,15,CNR,2021-09-28,23.82,6.94,2021-09-21,22.24,0.08,0.08,10.96,10.88,7.05,5,equal-weight sizing trim,2021-09-20,22.68,,5,-1,,67.92,,999,2021-09-27,26.07,,5,-1,,86.12,,999
SELL,15,CNR,2021-10-05,30.62,34.36,2021-09-21,22.24,0.38,0.53,287.95,287.42,37.61,10,equal-weight sizing trim,2021-09-20,22.68,,5,-1,,67.92,,999,2021-10-04,31.26,,5,-1,,113.78,,999
SELL,15,CNR,2021-10-26,27.88,146.97,2021-09-21,22.76,1.67,2.05,753.16,751.11,22.46,25,ratchet-ATR exit,2021-09-20,22.68,,5,-1,,67.92,,999,2021-10-25,25.34,,5,-0.9,,57.41,,999
SELL,16,FTNT,2021-09-28,59.43,66.71,2021-09-21,59.93,2.0,1.98,-33.36,-35.34,-0.88,5,rotation (out of top-N),2021-09-20,62.34,,5,-0.1,,41.46,,999,2021-09-27,59.57,,5,0.4,,32.94,,999
SELL,17,PCTY,2021-10-05,278.15,14.27,2021-09-21,281.16,2.01,1.98,-42.91,-44.89,-1.12,10,rotation (out of top-N),2021-09-20,297.77,,5,1.8,,45.69,,56,2021-10-04,275.43,,5,1.2,,32.49,,70
SELL,18,SPSC,2021-09-28,160.86,0.43,2021-09-21,153.66,0.03,0.03,3.07,3.03,4.63,5,equal-weight sizing trim,2021-09-20,167.84,,5,1.5,,53.53,,49,2021-09-27,163.47,,5,1.7,,47.73,,56
SELL,18,SPSC,2021-10-26,170.13,29.81,2021-09-21,154.57,2.3,2.54,463.9,461.36,10.01,25,rotation (out of top-N),2021-09-20,167.84,,5,1.5,,53.53,,49,2021-10-25,152.85,,5,1.0,,32.11,,84
SELL,19,LEU,2021-09-28,39.48,16.95,2021-09-21,32.98,0.28,0.33,110.18,109.84,19.65,5,equal-weight sizing trim,2021-09-20,35.75,,5,-0.2,,43.2,,999,2021-09-27,41.29,,5,-1,,63.2,,999
SELL,19,LEU,2021-10-12,42.48,2.01,2021-09-21,33.24,0.03,0.04,18.58,18.53,27.72,15,equal-weight sizing trim,2021-09-20,35.75,,5,-0.2,,43.2,,999,2021-10-11,49.96,,5,-1,,89.38,,999
SELL,19,LEU,2021-10-19,49.61,9.08,2021-09-21,33.24,0.15,0.23,148.65,148.43,49.15,20,equal-weight sizing trim,2021-09-20,35.75,,5,-0.2,,43.2,,999,2021-10-18,48.86,,5,-1,,81.12,,999
SELL,19,LEU,2021-11-02,61.18,13.76,2021-09-21,33.62,0.23,0.42,379.22,378.8,81.9,30,equal-weight sizing trim,2021-09-20,35.75,,5,-0.2,,43.2,,999,2021-11-01,63.96,,5,-1,,121.13,,999
SELL,19,LEU,2021-11-09,77.88,10.53,2021-09-21,33.62,0.18,0.41,466.17,465.76,131.55,35,equal-weight sizing trim,2021-09-20,35.75,,5,-0.2,,43.2,,999,2021-11-08,85.2,,5,-1,,180.21,,999
SELL,19,LEU,2021-11-23,63.66,81.0,2021-09-21,36.04,1.46,2.58,2237.4,2234.82,76.56,45,ratchet-ATR exit,2021-09-20,35.75,,5,-0.2,,43.2,,999,2021-11-22,58.85,,5,-1,,82.38,,999
SELL,20,HRI,2021-09-28,149.17,6.21,2021-09-21,118.26,0.37,0.46,191.92,191.46,26.07,5,equal-weight sizing trim,2021-09-20,146.68,,5,-0.8,,55.79,,999,2021-09-27,156.86,,5,-1,,62.46,,999
SELL,20,HRI,2021-10-05,158.7,0.88,2021-09-21,118.26,0.05,0.07,35.65,35.58,34.13,10,equal-weight sizing trim,2021-09-20,146.68,,5,-0.8,,55.79,,999,2021-10-04,153.2,,5,-0.7,,54.97,,999
SELL,20,HRI,2021-11-30,165.96,34.26,2021-09-21,129.32,2.22,2.84,1255.37,1252.53,28.27,49,rotation (out of top-N),2021-09-20,146.68,,5,-0.8,,55.79,,999,2021-11-29,150.07,,5,0.7,,25.77,,999
SELL,21,CAR,2021-09-28,115.31,7.82,2021-09-21,91.86,0.36,0.45,183.4,182.95,25.47,5,equal-weight sizing trim,2021-09-20,106.1,,5,-0.7,,53.66,,999,2021-09-27,115.78,,5,-1,,62.92,,999
SELL,21,CAR,2021-10-12,135.98,3.3,2021-09-21,92.55,0.15,0.22,143.46,143.24,46.85,15,equal-weight sizing trim,2021-09-20,106.1,,5,-0.7,,53.66,,999,2021-10-11,143.54,,5,-1,,88.45,,999
SELL,21,CAR,2021-10-19,151.91,1.45,2021-09-21,92.55,0.07,0.11,85.87,85.76,64.05,20,equal-weight sizing trim,2021-09-20,106.1,,5,-0.7,,53.66,,999,2021-10-18,159.61,,5,-1,,101.44,,999
SELL,21,CAR,2021-10-26,169.94,2.35,2021-09-21,92.55,0.11,0.2,181.81,181.61,83.52,25,equal-weight sizing trim,2021-09-20,106.1,,5,-0.7,,53.66,,999,2021-10-25,164.77,,5,-1,,100.02,,999
SELL,21,CAR,2021-11-09,277.91,10.54,2021-09-21,97.53,0.51,1.46,1901.36,1899.89,184.8,35,equal-weight sizing trim,2021-09-20,106.1,,5,-0.7,,53.66,,999,2021-11-08,253.47,,5,-1,,170.32,,999
SELL,21,CAR,2021-11-23,286.69,2.82,2021-09-21,111.74,0.16,0.4,493.38,492.98,156.45,45,equal-weight sizing trim,2021-09-20,106.1,,5,-0.7,,53.66,,999,2021-11-22,273.57,,5,-1,,160.08,,999
SELL,21,CAR,2021-12-14,219.57,22.79,2021-09-21,125.59,1.43,2.5,2142.17,2139.67,74.74,59,ratchet-ATR exit,2021-09-20,106.1,,5,-0.7,,53.66,,999,2021-12-13,205.36,,5,-1,,74.23,,999
SELL,22,MDB,2021-09-28,471.04,8.09,2021-09-21,494.1,2.0,1.91,-186.59,-188.5,-4.71,5,rotation (out of top-N),2021-09-20,507.94,,5,0.3,,41.48,,98,2021-09-27,474.74,,5,0.7,,31.35,,105
SELL,23,CRVL,2021-09-28,61.33,1.18,2021-09-21,58.53,0.03,0.04,3.31,3.27,4.73,5,equal-weight sizing trim,2021-09-20,62.17,,5,-0.4,,48.4,,999,2021-09-27,62.87,,5,-0.4,,47.64,,999
SELL,23,CRVL,2021-10-05,64.47,67.12,2021-09-21,58.53,1.96,2.16,398.72,396.56,10.09,10,rotation (out of top-N),2021-09-20,62.17,,5,-0.4,,48.4,,999,2021-10-04,56.81,,5,0.4,,31.75,,999
SELL,24,NET,2021-09-28,118.56,30.99,2021-09-21,128.99,2.0,1.84,-323.27,-325.11,-8.13,5,rotation (out of top-N),2021-09-20,130.37,,5,-0.0,,40.41,,999,2021-09-27,114.94,,4.56,0.9,,22.8,,999
SELL,25,IT,2021-09-28,310.7,12.72,2021-09-21,314.31,2.0,1.98,-45.86,-47.83,-1.2,5,rotation (out of top-N),2021-09-20,324.69,,5,-0.2,,44.24,,999,2021-09-27,305.62,,5,0.3,,33.59,,999
SELL,26,MTDR,2021-10-05,37.94,10.97,2021-09-28,33.53,0.18,0.21,48.36,48.15,13.1,5,equal-weight sizing trim,2021-09-27,36.56,,5,-0.4,,48.21,,999,2021-10-04,39.08,,5,-0.7,,54.06,,999
SELL,26,MTDR,2021-11-02,40.46,121.25,2021-09-28,34.06,2.06,2.45,775.78,773.33,18.73,25,rotation (out of top-N),2021-09-27,36.56,,5,-0.4,,48.21,,999,2021-11-01,40.47,,5,-0.3,,45.07,,999
SELL,27,AEHR,2021-10-12,19.81,96.24,2021-09-28,14.18,0.68,0.95,541.91,540.96,39.64,10,equal-weight sizing trim,2021-09-27,12.65,,5,-1,,202.88,,999,2021-10-11,21.09,,5,-1,,315.72,,999
SELL,27,AEHR,2021-10-19,22.12,9.82,2021-09-28,14.18,0.07,0.11,78.01,77.9,55.93,15,equal-weight sizing trim,2021-09-27,12.65,,5,-1,,202.88,,999,2021-10-18,20.19,,5,-1,,265.37,,999
SELL,27,AEHR,2021-11-16,24.33,8.41,2021-09-28,15.26,0.06,0.1,76.27,76.16,59.37,35,equal-weight sizing trim,2021-09-27,12.65,,5,-1,,202.88,,999,2021-11-15,19.56,,5,-1,,157.83,,999
SELL,27,AEHR,2021-11-23,17.43,243.1,2021-09-28,15.26,1.85,2.12,529.08,526.96,14.21,40,ratchet-ATR exit,2021-09-27,12.65,,5,-1,,202.88,,999,2021-11-22,17.11,,5,-1,,115.53,,999
SELL,28,DVN,2021-10-05,31.63,9.47,2021-09-28,28.67,0.14,0.15,28.04,27.89,10.27,5,equal-weight sizing trim,2021-09-27,29.61,,5,-0.5,,50.59,,999,2021-10-04,32.08,,5,-1.0,,59.13,,999
SELL,28,DVN,2021-11-16,34.77,166.82,2021-09-28,29.6,2.47,2.9,862.65,859.75,17.41,35,rotation (out of top-N),2021-09-27,29.61,,5,-0.5,,50.59,,999,2021-11-15,32.65,,5,-0.1,,41.86,,999
SELL,29,DAC,2021-10-05,59.53,60.72,2021-09-28,67.76,2.06,1.81,-499.76,-501.57,-12.19,5,rotation (out of top-N),2021-09-27,67.36,,5,-0.0,,40.89,,999,2021-10-04,59.27,,4.26,0.9,,21.31,,999
SELL,30,PDS,2021-10-05,42.4,4.17,2021-09-28,39.5,0.08,0.09,12.1,12.01,7.29,5,equal-weight sizing trim,2021-09-27,40.88,,5,0.1,,38.79,,999,2021-10-04,45.04,,5,-0.5,,49.3,,999
SELL,30,PDS,2021-10-26,46.9,102.5,2021-09-28,39.66,2.03,2.4,742.13,739.72,18.2,20,rotation (out of top-N),2021-09-27,40.88,,5,0.1,,38.79,,999,2021-10-25,44.37,,5,0.1,,38.79,,999
SELL,31,RRR,2021-10-05,43.13,101.15,2021-09-28,40.68,2.06,2.18,247.81,245.63,5.97,5,rotation (out of top-N),2021-09-27,42.58,,5,-0.1,,42.86,,999,2021-10-04,42.73,,5,-0.0,,40.67,,999
SELL,32,ATLC,2021-10-05,55.01,2.18,2021-09-28,51.92,0.06,0.06,6.73,6.67,5.9,5,equal-weight sizing trim,2021-09-27,54.49,,5,-0.3,,45.11,,999,2021-10-04,54.3,,5,-0.1,,41.82,,999
SELL,32,ATLC,2021-10-19,68.35,11.19,2021-09-28,52.14,0.29,0.38,181.43,181.05,31.03,15,equal-weight sizing trim,2021-09-27,54.49,,5,-0.3,,45.11,,999,2021-10-18,70.48,,5,-1,,74.47,,999
SELL,32,ATLC,2021-10-26,70.96,0.1,2021-09-28,52.14,0.0,0.0,1.96,1.95,36.04,20,equal-weight sizing trim,2021-09-27,54.49,,5,-0.3,,45.11,,999,2021-10-25,77.21,,5,-1,,85.28,,999
SELL,32,ATLC,2021-11-02,85.39,9.1,2021-09-28,52.14,0.24,0.39,302.78,302.39,63.71,25,equal-weight sizing trim,2021-09-27,54.49,,5,-0.3,,45.11,,999,2021-11-01,85.06,,5,-1,,97.06,,999
SELL,32,ATLC,2021-11-16,74.05,74.07,2021-09-28,56.66,2.1,2.74,1288.0,1285.26,30.63,35,rotation (out of top-N),2021-09-27,54.49,,5,-0.3,,45.11,,999,2021-11-15,67.53,,5,-0.4,,48.81,,999
SELL,33,CYTK,2021-10-05,37.07,6.22,2021-09-28,34.12,0.11,0.12,18.35,18.24,8.59,5,equal-weight sizing trim,2021-09-27,36.73,,5,-0.4,,47.63,,999,2021-10-04,38.04,,5,-0.5,,50.29,,999
SELL,33,CYTK,2021-10-19,35.6,123.65,2021-09-28,34.32,2.12,2.2,157.87,155.67,3.67,15,rotation (out of top-N),2021-09-27,36.73,,5,-0.4,,47.63,,999,2021-10-18,37.06,,5,-0.1,,41.73,,999
SELL,34,MCB,2021-10-12,83.92,49.7,2021-09-28,85.62,2.13,2.09,-84.45,-86.53,-2.03,10,rotation (out of top-N),2021-09-27,85.5,,5,-0.1,,42.73,,999,2021-10-11,87.06,,5,0.0,,39.49,,999
SELL,35,VIST,2021-10-05,5.83,157.64,2021-09-28,4.65,0.37,0.46,186.01,185.55,25.31,5,equal-weight sizing trim,2021-09-27,5.45,,5,-0.9,,58.37,,999,2021-10-04,6.31,,5,-1,,78.54,,999
SELL,35,VIST,2021-10-12,6.35,10.08,2021-09-28,4.65,0.02,0.03,17.13,17.1,36.49,10,equal-weight sizing trim,2021-09-27,5.45,,5,-0.9,,58.37,,999,2021-10-11,6.41,,5,-1,,76.76,,999
SELL,35,VIST,2021-10-26,6.95,9.81,2021-09-28,4.7,0.02,0.03,22.01,21.98,47.65,20,equal-weight sizing trim,2021-09-27,5.45,,5,-0.9,,58.37,,999,2021-10-25,6.39,,5,-1,,67.49,,999
SELL,35,VIST,2021-11-02,6.14,726.61,2021-09-28,4.7,1.71,2.23,1045.43,1043.19,30.54,25,rotation (out of top-N),2021-09-27,5.45,,5,-0.9,,58.37,,999,2021-11-01,5.86,,5,-0.5,,50.12,,999
SELL,36,XENE,2021-11-02,32.73,2.96,2021-10-05,31.89,0.05,0.05,2.49,2.45,2.59,20,equal-weight sizing trim,2021-10-04,32.85,,5,2.0,,82.84,,0,2021-11-01,35.5,,5,1.5,,80.24,,28
SELL,36,XENE,2021-11-16,31.6,172.18,2021-10-05,32.04,2.76,2.72,-75.3,-78.02,-1.41,30,rotation (out of top-N),2021-10-04,32.85,,5,2.0,,82.84,,0,2021-11-15,28.99,,5,2.2,,41.88,,42
SELL,37,DDS,2021-10-19,171.9,1.23,2021-10-05,145.16,0.09,0.11,33.01,32.91,18.36,10,equal-weight sizing trim,2021-10-04,154.92,,5,-0.3,,45.44,,999,2021-10-18,176.44,,5,-0.8,,56.79,,999
SELL,37,DDS,2021-10-26,182.97,0.74,2021-10-05,145.16,0.05,0.07,27.89,27.82,25.98,15,equal-weight sizing trim,2021-10-04,154.92,,5,-0.3,,45.44,,999,2021-10-25,179.79,,5,-0.8,,55.68,,999
SELL,37,DDS,2021-11-09,233.86,3.51,2021-10-05,146.83,0.26,0.41,305.1,304.69,59.2,25,equal-weight sizing trim,2021-10-04,154.92,,5,-0.3,,45.44,,999,2021-11-08,256.28,,5,-1,,105.82,,999
SELL,37,DDS,2021-11-16,266.8,3.15,2021-10-05,146.83,0.23,0.42,377.73,377.31,81.62,30,equal-weight sizing trim,2021-10-04,154.92,,5,-0.3,,45.44,,999,2021-11-15,279.84,,5,-1,,115.35,,999
SELL,37,DDS,2021-11-23,290.83,1.82,2021-10-05,146.83,0.13,0.26,262.42,262.16,97.98,35,equal-weight sizing trim,2021-10-04,154.92,,5,-0.3,,45.44,,999,2021-11-22,275.43,,5,-1,,103.54,,999
SELL,37,DDS,2021-12-07,208.19,22.74,2021-10-05,158.51,1.8,2.37,1129.56,1127.19,31.27,44,ratchet-ATR exit,2021-10-04,154.92,,5,-0.3,,45.44,,999,2021-12-06,216.94,,5,-0.6,,52.08,,999
SELL,38,FANG,2021-10-12,90.01,49.54,2021-10-05,85.55,2.12,2.23,220.93,218.7,5.16,5,rotation (out of top-N),2021-10-04,89.48,,5,-0.0,,40.93,,999,2021-10-11,88.06,,5,0.2,,36.4,,999
SELL,39,OVV,2021-10-26,34.97,138.72,2021-10-05,31.74,2.2,2.43,448.33,445.9,10.13,15,rotation (out of top-N),2021-10-04,34.11,,5,-0.5,,49.29,,999,2021-10-25,33.33,,5,0.1,,37.22,,999
SELL,40,HCI,2021-10-12,125.45,39.85,2021-10-05,106.34,2.12,2.5,761.55,759.05,17.91,5,rotation (out of top-N),2021-10-04,120.54,,5,-0.8,,55.79,,999,2021-10-11,112.73,,5,-0.1,,42.71,,999
SELL,41,NET,2021-10-12,145.28,4.78,2021-10-05,117.29,0.28,0.35,133.84,133.49,23.8,5,equal-weight sizing trim,2021-10-04,139.66,,5,-0.3,,46.72,,999,2021-10-11,168.01,,5,-1,,72.48,,999
SELL,41,NET,2021-10-19,179.62,4.25,2021-10-05,117.29,0.25,0.38,264.73,264.35,53.07,10,equal-weight sizing trim,2021-10-04,139.66,,5,-0.3,,46.72,,999,2021-10-18,181.44,,5,-1,,81.44,,999
SELL,41,NET,2021-10-26,190.84,0.66,2021-10-05,117.29,0.04,0.06,48.39,48.33,62.63,15,equal-weight sizing trim,2021-10-04,139.66,,5,-0.3,,46.72,,999,2021-10-25,194.76,,5,-1,,89.49,,999
SELL,41,NET,2021-11-23,183.89,28.86,2021-10-05,124.51,1.8,2.65,1713.99,1711.34,47.62,35,ratchet-ATR exit,2021-10-04,139.66,,5,-0.3,,46.72,,999,2021-11-22,200.61,,5,-1,,74.63,,999
SELL,42,RRR,2021-10-19,45.8,103.99,2021-10-05,43.17,2.24,2.38,273.88,271.5,6.05,10,rotation (out of top-N),2021-10-04,42.73,,5,-0.0,,40.67,,999,2021-10-18,45.05,,5,-0.1,,42.39,,999
SELL,43,AMBA,2021-10-19,168.17,1.24,2021-10-05,151.19,0.09,0.1,21.02,20.92,11.17,10,equal-weight sizing trim,2021-10-04,154.19,,5,2.4,,39.97,,35,2021-10-18,173.29,,5,1.6,,52.6,,49
SELL,43,AMBA,2021-10-26,182.6,1.31,2021-10-05,151.19,0.1,0.12,41.14,41.02,20.71,15,equal-weight sizing trim,2021-10-04,154.19,,5,2.4,,39.97,,35,2021-10-25,185.94,,5,1.1,,61.14,,56
SELL,43,AMBA,2021-11-23,178.78,31.53,2021-10-05,156.29,2.46,2.82,709.32,706.5,14.34,35,rotation (out of top-N),2021-10-04,154.19,,5,2.4,,39.97,,35,2021-11-22,172.4,,5,0.6,,40.51,,84
SELL,44,INOD,2021-10-12,9.92,429.79,2021-10-05,9.86,2.12,2.13,25.79,23.66,0.56,5,rotation (out of top-N),2021-10-04,9.94,,5,0.0,,39.82,,999,2021-10-11,10.28,,5,-0.1,,42.73,,999
SELL,45,KNTK,2021-10-19,30.75,155.83,2021-10-12,29.21,2.28,2.4,239.98,237.58,5.22,5,rotation (out of top-N),2021-10-11,30.17,,5,-0.2,,44.93,,999,2021-10-18,23.42,,2.32,1.4,,11.62,,999
SELL,46,TEAM,2021-11-02,449.08,11.86,2021-10-12,393.49,2.33,2.66,659.3,656.64,14.07,15,rotation (out of top-N),2021-10-11,409.75,,5,-0.3,,46.89,,999,2021-11-01,440.4,,5,-0.5,,49.41,,999
SELL,47,SITM,2021-10-19,229.97,0.48,2021-10-12,210.29,0.05,0.05,9.41,9.35,9.3,5,equal-weight sizing trim,2021-10-11,222.94,,5,-1.0,,59.85,,119,2021-10-18,228.76,,5,-1,,61.34,,126
SELL,47,SITM,2021-10-26,240.6,0.19,2021-10-12,210.29,0.02,0.02,5.86,5.84,14.36,10,equal-weight sizing trim,2021-10-11,222.94,,5,-1.0,,59.85,,119,2021-10-25,264.63,,5,-1,,82.56,,133
SELL,47,SITM,2021-11-02,272.34,1.53,2021-10-12,210.29,0.16,0.21,94.92,94.71,29.44,15,equal-weight sizing trim,2021-10-11,222.94,,5,-1.0,,59.85,,119,2021-11-01,286.96,,5,-1,,92.49,,140
SELL,47,SITM,2021-11-16,261.14,21.22,2021-10-12,216.04,2.29,2.77,957.12,954.35,20.82,25,ratchet-ATR exit,2021-10-11,222.94,,5,-1.0,,59.85,,119,2021-11-15,287.58,,5,-1,,84.62,,154
SELL,48,NRP,2021-10-26,26.14,33.68,2021-10-12,20.15,0.34,0.44,201.56,201.12,29.63,10,equal-weight sizing trim,2021-10-11,20.34,,5,-0.2,,44.07,,999,2021-10-25,23.39,,5,-0.9,,58.25,,999
SELL,48,NRP,2021-11-09,24.28,220.54,2021-10-12,20.64,2.28,2.68,803.78,801.1,17.6,20,rotation (out of top-N),2021-10-11,20.34,,5,-0.2,,44.07,,999,2021-11-08,23.24,,5,-0.6,,51.06,,999
SELL,49,DDOG,2021-10-26,164.04,0.22,2021-10-19,157.05,0.02,0.02,1.52,1.5,4.4,5,equal-weight sizing trim,2021-10-18,162.31,,5,-0.3,,48.16,,112,2021-10-25,167.08,,5,-0.5,,50.39,,119
SELL,49,DDOG,2021-11-09,194.16,1.37,2021-10-19,157.37,0.11,0.13,50.35,50.22,23.32,15,equal-weight sizing trim,2021-10-18,162.31,,5,-0.3,,48.16,,112,2021-11-08,193.07,,5,-1,,67.7,,133
SELL,49,DDOG,2021-11-30,183.19,34.68,2021-10-19,159.43,2.76,3.18,823.8,820.63,14.84,29,rotation (out of top-N),2021-10-18,162.31,,5,-0.3,,48.16,,112,2021-11-29,164.35,,5,0.2,,36.11,,154
SELL,50,HUBS,2021-10-26,809.1,6.08,2021-10-19,800.72,2.43,2.46,50.92,48.46,1.0,5,rotation (out of top-N),2021-10-18,816.52,,5,-0.2,,43.29,,999,2021-10-25,809.99,,5,0.0,,39.59,,999
SELL,51,BX,2021-10-26,119.59,3.71,2021-10-19,105.99,0.2,0.22,50.42,50.2,12.77,5,equal-weight sizing trim,2021-10-18,116.71,,5,-0.2,,43.72,,999,2021-10-25,118.33,,5,-0.1,,42.87,,999
SELL,51,BX,2021-11-02,117.95,42.2,2021-10-19,105.99,2.24,2.49,504.67,502.18,11.23,10,rotation (out of top-N),2021-10-18,116.71,,5,-0.2,,43.72,,999,2021-11-01,121.84,,5,-0.2,,44.22,,999
SELL,52,HCI,2021-10-26,118.48,0.26,2021-10-19,113.53,0.01,0.02,1.3,1.29,4.31,5,equal-weight sizing trim,2021-10-18,121.07,,5,-0.5,,49.83,,999,2021-10-25,122.44,,5,-0.4,,48.23,,999
SELL,52,HCI,2021-11-02,125.66,42.59,2021-10-19,113.53,2.42,2.68,516.64,513.96,10.63,10,rotation (out of top-N),2021-10-18,121.07,,5,-0.5,,49.83,,999,2021-11-01,123.01,,5,-0.3,,45.72,,999
SELL,53,MCB,2021-10-26,95.28,55.18,2021-10-19,88.17,2.43,2.63,392.34,389.71,8.01,5,rotation (out of top-N),2021-10-18,94.36,,5,-0.4,,47.84,,999,2021-10-25,90.09,,5,0.1,,38.35,,999
SELL,54,CUBI,2021-11-02,55.16,9.78,2021-10-26,47.68,0.23,0.27,73.18,72.91,15.63,5,equal-weight sizing trim,2021-10-25,53.27,,5,-0.3,,45.88,,999,2021-11-01,59.28,,5,-0.9,,58.31,,999
SELL,54,CUBI,2021-11-16,57.95,100.59,2021-10-26,48.19,2.42,2.91,981.76,978.84,20.19,15,rotation (out of top-N),2021-10-25,53.27,,5,-0.3,,45.88,,999,2021-11-15,56.78,,5,-0.3,,45.38,,999
SELL,55,CROX,2021-11-02,168.23,0.49,2021-10-26,157.77,0.04,0.04,5.15,5.1,6.58,5,equal-weight sizing trim,2021-10-25,161.53,,5,-0.2,,44.54,,999,2021-11-01,180.17,,5,-0.9,,57.34,,999
SELL,55,CROX,2021-11-16,176.97,33.78,2021-10-26,158.96,2.69,2.99,608.34,605.35,11.27,15,rotation (out of top-N),2021-10-25,161.53,,5,-0.2,,44.54,,999,2021-11-15,175.44,,5,-0.3,,46.84,,999
SELL,56,TSLA,2021-11-02,386.17,1.06,2021-10-26,341.49,0.18,0.2,47.24,47.03,13.03,5,equal-weight sizing trim,2021-10-25,371.45,,5,1.3,,56.28,,56,2021-11-01,407.23,,5,-0.0,,68.8,,63
SELL,56,TSLA,2021-11-09,391.2,13.71,2021-10-26,341.49,2.34,2.68,681.66,678.97,14.5,10,rotation (out of top-N),2021-10-25,371.45,,5,1.3,,56.28,,56,2021-11-08,344.66,,5,0.7,,41.98,,70
SELL,57,MXL,2021-11-02,66.5,14.39,2021-10-26,53.65,0.39,0.48,185.0,184.52,23.9,5,equal-weight sizing trim,2021-10-25,63.0,,5,-0.4,,48.49,,999,2021-11-01,67.65,,5,-0.8,,56.11,,999
SELL,57,MXL,2021-11-23,68.81,0.6,2021-10-26,54.85,0.02,0.02,8.41,8.39,25.4,20,equal-weight sizing trim,2021-10-25,63.0,,5,-0.4,,48.49,,999,2021-11-22,66.69,,5,-0.3,,45.62,,999
SELL,57,MXL,2021-11-30,68.83,0.78,2021-10-26,54.85,0.02,0.03,10.92,10.89,25.43,24,equal-weight sizing trim,2021-10-25,63.0,,5,-0.4,,48.49,,999,2021-11-29,67.22,,5,-0.2,,44.6,,999
SELL,57,MXL,2021-12-07,69.0,0.7,2021-10-26,54.85,0.02,0.02,9.92,9.9,25.74,29,equal-weight sizing trim,2021-10-25,63.0,,5,-0.4,,48.49,,999,2021-12-06,74.92,,5,-0.9,,57.7,,999
SELL,57,MXL,2021-12-14,71.48,5.35,2021-10-26,54.85,0.15,0.19,88.95,88.76,30.26,34,equal-weight sizing trim,2021-10-25,63.0,,5,-0.4,,48.49,,999,2021-12-13,69.79,,5,-0.2,,44.33,,999
SELL,57,MXL,2022-01-04,77.31,84.23,2021-10-26,55.84,2.35,3.26,1808.73,1805.48,38.39,48,rotation (out of top-N),2021-10-25,63.0,,5,-0.4,,48.49,,999,2022-01-03,65.27,,5,0.6,,27.84,,999
SELL,58,NVDA,2021-11-02,25.76,5.2,2021-10-26,23.93,0.06,0.07,9.52,9.46,7.59,5,equal-weight sizing trim,2021-10-25,25.52,,5,-0.2,,43.76,,999,2021-11-01,29.68,,5,-1,,63.35,,999
SELL,58,NVDA,2021-11-09,32.21,21.75,2021-10-26,23.93,0.26,0.35,180.11,179.76,34.53,10,equal-weight sizing trim,2021-10-25,25.52,,5,-0.2,,43.76,,999,2021-11-08,30.32,,5,-1,,63.11,,999
SELL,58,NVDA,2021-11-23,31.43,10.93,2021-10-26,24.38,0.13,0.17,77.14,76.97,28.88,20,equal-weight sizing trim,2021-10-25,25.52,,5,-0.2,,43.76,,999,2021-11-22,31.5,,5,-1,,61.92,,999
SELL,58,NVDA,2021-11-30,33.15,11.34,2021-10-26,24.38,0.14,0.19,99.49,99.3,35.93,24,equal-weight sizing trim,2021-10-25,25.52,,5,-0.2,,43.76,,999,2021-11-29,30.66,,5,-0.7,,54.23,,999
SELL,58,NVDA,2021-12-14,27.64,188.65,2021-10-26,24.78,2.34,2.61,539.36,536.75,11.48,34,rotation (out of top-N),2021-10-25,25.52,,5,-0.2,,43.76,,999,2021-12-13,27.74,,5,0.3,,34.04,,999
SELL,59,ZS,2021-11-02,319.15,16.08,2021-10-26,313.57,2.52,2.57,89.75,87.19,1.73,5,rotation (out of top-N),2021-10-25,318.8,,5,-0.1,,42.4,,999,2021-11-01,338.5,,5,-0.4,,48.89,,999
SELL,60,ANET,2021-11-09,33.03,172.46,2021-11-02,30.69,2.65,2.85,403.55,400.71,7.57,5,rotation (out of top-N),2021-11-01,33.16,,5,-0.6,,52.07,,999,2021-11-08,32.86,,5,-0.4,,48.52,,999
SELL,61,TRNS,2021-11-09,93.6,5.46,2021-11-02,77.03,0.21,0.26,90.4,90.14,21.45,5,equal-weight sizing trim,2021-11-01,89.85,,5,-0.7,,54.54,,999,2021-11-08,98.33,,5,-1,,65.2,,999
SELL,61,TRNS,2021-11-16,94.07,0.38,2021-11-02,77.03,0.01,0.02,6.48,6.46,22.06,10,equal-weight sizing trim,2021-11-01,89.85,,5,-0.7,,54.54,,999,2021-11-15,96.84,,5,-1.0,,59.1,,999
SELL,61,TRNS,2021-11-23,93.38,62.87,2021-11-02,77.03,2.42,2.94,1028.0,1025.06,21.16,15,rotation (out of top-N),2021-11-01,89.85,,5,-0.7,,54.54,,999,2021-11-22,87.49,,5,-0.1,,41.21,,999
SELL,62,IDT,2021-11-09,57.97,1.14,2021-11-02,51.25,0.03,0.03,7.66,7.63,13.06,5,equal-weight sizing trim,2021-11-01,55.83,,5,-0.9,,57.15,,999,2021-11-08,65.31,,5,-1,,77.86,,999
SELL,62,IDT,2021-11-16,64.73,10.76,2021-11-02,51.25,0.28,0.35,145.04,144.69,26.24,10,equal-weight sizing trim,2021-11-01,55.83,,5,-0.9,,57.15,,999,2021-11-15,61.75,,5,-1,,63.49,,999
SELL,62,IDT,2021-11-30,54.23,96.7,2021-11-02,51.8,2.5,2.62,235.21,232.59,4.64,19,rotation (out of top-N),2021-11-01,55.83,,5,-0.9,,57.15,,999,2021-11-29,46.7,,3.68,1.1,,18.39,,999
SELL,63,SIG,2021-11-09,99.38,58.04,2021-11-02,91.19,2.65,2.88,475.36,472.47,8.93,5,rotation (out of top-N),2021-11-01,99.87,,5,-0.8,,55.39,,999,2021-11-08,96.69,,5,-0.4,,47.22,,999
SELL,64,ARCB,2021-11-09,110.5,1.95,2021-11-02,95.32,0.09,0.11,29.53,29.43,15.87,5,equal-weight sizing trim,2021-11-01,107.45,,5,-0.8,,55.38,,999,2021-11-08,108.78,,5,-0.7,,53.95,,999
SELL,64,ARCB,2021-11-30,102.22,55.92,2021-11-02,95.8,2.68,2.86,358.84,355.98,6.64,19,rotation (out of top-N),2021-11-01,107.45,,5,-0.8,,55.38,,999,2021-11-29,101.48,,5,0.2,,36.61,,999
SELL,65,SYNA,2021-11-09,251.66,1.92,2021-11-02,208.0,0.2,0.24,83.74,83.5,20.92,5,equal-weight sizing trim,2021-11-01,249.21,,5,-1,,61.56,,999,2021-11-08,250.71,,5,-1.0,,59.13,,999
SELL,65,SYNA,2021-11-16,258.21,0.62,2021-11-02,208.0,0.06,0.08,31.19,31.11,24.08,10,equal-weight sizing trim,2021-11-01,249.21,,5,-1,,61.56,,999,2021-11-15,278.65,,5,-1,,72.8,,999
SELL,65,SYNA,2021-11-23,274.7,1.36,2021-11-02,208.0,0.14,0.19,91.02,90.83,32.0,15,equal-weight sizing trim,2021-11-01,249.21,,5,-1,,61.56,,999,2021-11-22,272.54,,5,-1,,65.48,,999
SELL,65,SYNA,2021-11-30,282.8,0.8,2021-11-02,208.0,0.08,0.11,59.88,59.76,35.89,19,equal-weight sizing trim,2021-11-01,249.21,,5,-1,,61.56,,999,2021-11-29,280.19,,5,-1,,66.44,,999
SELL,65,SYNA,2021-12-07,283.27,0.15,2021-11-02,208.0,0.02,0.02,11.62,11.6,36.12,24,equal-weight sizing trim,2021-11-01,249.21,,5,-1,,61.56,,999,2021-12-06,281.92,,5,-1,,63.82,,999
SELL,65,SYNA,2021-12-21,264.49,20.6,2021-11-02,208.05,2.14,2.72,1162.67,1159.95,27.07,34,ratchet-ATR exit,2021-11-01,249.21,,5,-1,,61.56,,999,2021-12-20,278.35,,5,-0.8,,55.78,,999
SELL,66,PDFS,2021-11-16,32.88,54.41,2021-11-09,25.26,0.69,0.89,414.91,414.01,30.12,5,equal-weight sizing trim,2021-11-08,33.05,,5,-0.3,,63.96,,77,2021-11-15,32.84,,5,-0.4,,60.81,,84
SELL,66,PDFS,2021-11-30,30.42,184.22,2021-11-09,25.42,2.34,2.8,920.64,917.84,19.6,14,ratchet-ATR exit,2021-11-08,33.05,,5,-0.3,,63.96,,77,2021-11-29,29.44,,5,0.4,,40.22,,98
SELL,67,ZS,2021-11-30,356.33,17.55,2021-11-09,353.39,3.1,3.13,51.72,48.59,0.78,14,rotation (out of top-N),2021-11-08,349.02,,5,-0.6,,51.32,,999,2021-11-29,313.46,,5,0.5,,30.77,,999
SELL,68,AMD,2021-11-23,150.5,1.24,2021-11-09,154.02,0.1,0.09,-4.38,-4.47,-2.33,10,equal-weight sizing trim,2021-11-08,147.86,,5,-0.8,,55.09,,126,2021-11-22,155.0,,5,-0.9,,57.34,,140
SELL,68,AMD,2021-11-30,163.12,3.36,2021-11-09,154.02,0.26,0.27,30.6,30.32,5.86,14,equal-weight sizing trim,2021-11-08,147.86,,5,-0.8,,55.09,,126,2021-11-29,144.06,,5,-0.2,,44.06,,147
SELL,68,AMD,2021-12-07,143.95,35.96,2021-11-09,154.02,2.77,2.59,-361.93,-364.52,-6.58,19,rotation (out of top-N),2021-11-08,147.86,,5,-0.8,,55.09,,126,2021-12-06,138.62,,5,0.2,,36.57,,154
SELL,69,LQDA,2021-11-16,4.98,1457.56,2021-11-09,4.06,2.96,3.63,1340.96,1337.33,22.6,5,rotation (out of top-N),2021-11-08,5.0,,5,1.5,,72.54,,28,2021-11-15,4.27,,5,2.1,,46.21,,35
SELL,70,BOOT,2021-11-23,128.79,2.55,2021-11-16,121.9,0.16,0.16,17.57,17.41,5.6,5,equal-weight sizing trim,2021-11-15,126.48,,5,-0.7,,53.64,,999,2021-11-22,122.83,,5,-0.3,,46.45,,999
SELL,70,BOOT,2021-12-07,124.84,47.29,2021-11-16,121.96,2.88,2.95,136.18,133.23,2.31,14,ratchet-ATR exit,2021-11-15,126.48,,5,-0.7,,53.64,,999,2021-12-06,129.87,,5,-0.5,,49.02,,999
SELL,71,TSLA,2021-11-23,387.93,2.41,2021-11-16,334.66,0.4,0.47,128.44,127.97,15.86,5,equal-weight sizing trim,2021-11-15,378.76,,5,0.0,,54.33,,77,2021-11-22,361.04,,5,0.3,,45.61,,84
SELL,71,TSLA,2021-11-30,382.67,15.25,2021-11-16,334.66,2.55,2.92,732.33,729.41,14.29,9,rotation (out of top-N),2021-11-15,378.76,,5,0.0,,54.33,,77,2021-11-29,338.41,,5,0.7,,34.94,,91
SELL,72,COKE,2021-11-23,54.26,10.35,2021-11-16,49.51,0.26,0.28,49.15,48.87,9.54,5,equal-weight sizing trim,2021-11-15,53.38,,5,-0.5,,50.35,,999,2021-11-22,57.12,,5,-0.9,,57.41,,999
SELL,72,COKE,2021-11-30,54.73,1.89,2021-11-16,49.51,0.05,0.05,9.85,9.8,10.49,9,equal-weight sizing trim,2021-11-15,53.38,,5,-0.5,,50.35,,999,2021-11-29,54.72,,5,-0.4,,47.73,,999
SELL,72,COKE,2021-12-07,54.21,107.17,2021-11-16,49.51,2.65,2.9,503.69,500.78,9.44,14,rotation (out of top-N),2021-11-15,53.38,,5,-0.5,,50.35,,999,2021-12-06,51.05,,5,0.2,,35.51,,999
SELL,73,CCB,2021-11-23,47.2,133.75,2021-11-16,44.2,2.96,3.16,401.24,398.09,6.73,5,rotation (out of top-N),2021-11-15,46.57,,5,-0.5,,50.03,,999,2021-11-22,44.56,,5,-0.1,,41.25,,999
SELL,74,RDVT,2021-11-23,37.2,10.61,2021-11-16,34.84,0.18,0.2,25.04,24.85,6.72,5,equal-weight sizing trim,2021-11-15,40.06,,5,-0.9,,60.87,,112,2021-11-22,35.92,,5,-0.1,,42.79,,119
SELL,74,RDVT,2021-12-07,38.3,9.54,2021-11-16,34.86,0.17,0.18,32.79,32.61,9.8,14,equal-weight sizing trim,2021-11-15,40.06,,5,-0.9,,60.87,,112,2021-12-06,38.43,,5,-0.4,,48.04,,133
SELL,74,RDVT,2021-12-14,38.7,6.03,2021-11-16,34.86,0.11,0.12,23.15,23.03,10.95,19,equal-weight sizing trim,2021-11-15,40.06,,5,-0.9,,60.87,,112,2021-12-13,37.42,,5,-0.1,,41.57,,140
SELL,74,RDVT,2021-12-21,36.36,146.22,2021-11-16,34.86,2.55,2.66,218.78,216.12,4.24,24,ratchet-ATR exit,2021-11-15,40.06,,5,-0.9,,60.87,,112,2021-12-20,38.77,,5,-0.2,,43.96,,147
SELL,75,SIG,2021-11-23,101.01,62.11,2021-11-16,95.18,2.96,3.14,362.1,358.97,6.07,5,rotation (out of top-N),2021-11-15,101.54,,5,-0.6,,51.11,,999,2021-11-22,96.64,,5,-0.1,,41.0,,999
SELL,76,SAIA,2021-11-23,350.25,17.1,2021-11-16,345.62,2.96,3.0,79.28,76.29,1.29,5,rotation (out of top-N),2021-11-15,358.87,,5,-0.4,,48.91,,999,2021-11-22,335.56,,5,0.1,,37.48,,999
SELL,77,ATLC,2021-11-23,66.91,79.83,2021-11-16,74.05,2.96,2.67,-570.01,-572.68,-9.69,5,rotation (out of top-N),2021-11-15,67.53,,5,-0.4,,48.81,,999,2021-11-22,63.3,,5,0.1,,37.13,,999
SELL,78,BNTX,2021-11-30,331.99,1.66,2021-11-23,306.04,0.25,0.28,43.04,42.76,8.43,4,equal-weight sizing trim,2021-11-22,347.89,,5,-0.4,,48.15,,999,2021-11-29,340.44,,5,-0.1,,41.48,,999
SELL,78,BNTX,2021-12-07,285.12,17.67,2021-11-23,306.04,2.7,2.52,-369.6,-372.11,-6.88,9,rotation (out of top-N),2021-11-22,347.89,,5,-0.4,,48.15,,999,2021-12-06,255.03,,0.85,1.8,,4.26,,999
SELL,79,TFIN,2021-12-07,134.0,45.91,2021-11-23,131.53,3.02,3.08,113.45,110.38,1.83,9,rotation (out of top-N),2021-11-22,127.81,,5,-0.1,,41.61,,999,2021-12-06,126.06,,5,0.2,,36.01,,999
SELL,80,AMR,2021-12-07,47.66,12.23,2021-11-23,47.13,0.29,0.29,6.48,6.19,1.07,9,equal-weight sizing trim,2021-11-22,43.45,,5,-0.2,,44.69,,999,2021-12-06,47.57,,5,-0.5,,50.65,,999
SELL,80,AMR,2021-12-14,46.79,1.41,2021-11-23,47.13,0.03,0.03,-0.48,-0.51,-0.77,14,equal-weight sizing trim,2021-11-22,43.45,,5,-0.2,,44.69,,999,2021-12-13,48.88,,5,-0.5,,50.72,,999
SELL,80,AMR,2021-12-21,50.19,3.52,2021-11-23,47.13,0.08,0.09,10.76,10.68,6.44,19,equal-weight sizing trim,2021-11-22,43.45,,5,-0.2,,44.69,,999,2021-12-20,53.47,,5,-1.0,,59.76,,999
SELL,80,AMR,2021-12-28,55.45,0.7,2021-11-23,47.13,0.02,0.02,5.81,5.8,17.59,23,equal-weight sizing trim,2021-11-22,43.45,,5,-0.2,,44.69,,999,2021-12-27,57.99,,5,-1,,67.55,,999
SELL,80,AMR,2022-01-04,60.64,9.07,2021-11-23,47.13,0.21,0.27,122.5,122.23,28.6,28,equal-weight sizing trim,2021-11-22,43.45,,5,-0.2,,44.69,,999,2022-01-03,59.67,,5,-1,,66.69,,999
SELL,80,AMR,2022-01-11,61.17,3.79,2021-11-23,47.13,0.09,0.12,53.25,53.13,29.72,33,equal-weight sizing trim,2021-11-22,43.45,,5,-0.2,,44.69,,999,2022-01-10,67.01,,5,-1,,80.44,,999
SELL,80,AMR,2022-02-01,63.3,5.02,2021-11-23,47.36,0.12,0.16,80.0,79.84,33.59,47,equal-weight sizing trim,2021-11-22,43.45,,5,-0.2,,44.69,,999,2022-01-31,72.68,,5,-1,,77.5,,999
SELL,80,AMR,2022-02-08,74.78,9.76,2021-11-23,47.36,0.23,0.37,267.67,267.3,57.81,52,equal-weight sizing trim,2021-11-22,43.45,,5,-0.2,,44.69,,999,2022-02-07,79.92,,5,-1,,87.48,,999
SELL,80,AMR,2022-02-15,81.18,6.46,2021-11-23,47.36,0.15,0.26,218.48,218.21,71.32,57,equal-weight sizing trim,2021-11-22,43.45,,5,-0.2,,44.69,,999,2022-02-14,85.02,,5,-1,,91.39,,999
SELL,80,AMR,2022-03-01,92.72,5.81,2021-11-23,47.36,0.14,0.27,263.4,263.13,95.67,66,equal-weight sizing trim,2021-11-22,43.45,,5,-0.2,,44.69,,999,2022-02-28,110.07,,5,-1,,126.56,,999
SELL,80,AMR,2022-03-08,119.33,12.36,2021-11-23,47.36,0.29,0.74,889.81,889.08,151.83,71,equal-weight sizing trim,2021-11-22,43.45,,5,-0.2,,44.69,,999,2022-03-07,126.1,,5,-1,,146.17,,999
SELL,80,AMR,2022-03-22,121.77,5.94,2021-11-23,54.07,0.16,0.36,401.79,401.43,125.08,81,equal-weight sizing trim,2021-11-22,43.45,,5,-0.2,,44.69,,999,2022-03-21,125.49,,5,-1,,123.41,,999
SELL,80,AMR,2022-04-12,127.65,3.1,2021-11-23,58.59,0.09,0.2,214.2,214.0,117.76,96,equal-weight sizing trim,2021-11-22,43.45,,5,-0.2,,44.69,,999,2022-04-11,148.75,,5,-1,,130.84,,999
SELL,80,AMR,2022-04-19,150.09,7.49,2021-11-23,58.59,0.22,0.56,685.49,684.93,156.04,100,equal-weight sizing trim,2021-11-22,43.45,,5,-0.2,,44.69,,999,2022-04-18,122.57,,5,-1,,83.14,,999
SELL,80,AMR,2022-04-26,123.91,65.66,2021-11-23,58.59,1.92,4.07,4288.79,4284.72,111.38,105,ratchet-ATR exit,2021-11-22,43.45,,5,-0.2,,44.69,,999,2022-04-25,147.06,,5,-1,,109.98,,999
SELL,81,DVN,2021-11-30,34.4,3.6,2021-11-23,33.97,0.06,0.06,1.55,1.49,1.22,4,equal-weight sizing trim,2021-11-22,34.41,,5,-0.3,,46.59,,999,2021-11-29,33.6,,5,-0.0,,40.6,,999
SELL,81,DVN,2021-12-07,34.78,2.84,2021-11-23,33.97,0.05,0.05,2.3,2.25,2.33,9,equal-weight sizing trim,2021-11-22,34.41,,5,-0.3,,46.59,,999,2021-12-06,35.61,,5,-0.3,,46.58,,999
SELL,81,DVN,2021-12-14,33.12,167.67,2021-11-23,33.97,2.85,2.78,-142.52,-145.29,-2.55,14,rotation (out of top-N),2021-11-22,34.41,,5,-0.3,,46.59,,999,2021-12-13,32.15,,5,0.5,,30.57,,999
SELL,82,SITM,2021-11-30,305.3,2.12,2021-11-23,277.26,0.29,0.32,59.44,59.12,10.06,4,equal-weight sizing trim,2021-11-22,301.93,,5,-1,,88.44,,161,2021-11-29,279.5,,5,-1,,69.63,,168
SELL,82,SITM,2022-01-04,291.48,22.0,2021-11-23,276.5,3.04,3.21,329.62,326.42,5.37,28,rotation (out of top-N),2021-11-22,301.93,,5,-1,,88.44,,161,2022-01-03,242.79,,5,0.5,,30.27,,203
SELL,83,NRP,2021-11-30,25.02,4.73,2021-11-23,24.73,0.06,0.06,1.37,1.31,1.12,4,equal-weight sizing trim,2021-11-22,25.38,,5,-1.0,,59.09,,999,2021-11-29,24.09,,5,-0.4,,48.33,,999
SELL,83,NRP,2021-12-07,23.71,234.42,2021-11-23,24.73,2.9,2.78,-239.11,-241.89,-4.17,9,ratchet-ATR exit,2021-11-22,25.38,,5,-1.0,,59.09,,999,2021-12-06,23.62,,5,-0.2,,43.05,,999
SELL,84,CCB,2021-12-07,45.5,134.71,2021-11-23,46.94,3.16,3.06,-194.59,-197.66,-3.13,9,rotation (out of top-N),2021-11-22,44.56,,5,-0.1,,41.25,,999,2021-12-06,43.9,,5,0.2,,35.98,,999
SELL,85,TRNS,2021-12-07,90.4,65.55,2021-11-23,93.25,3.06,2.96,-186.71,-189.67,-3.1,9,rotation (out of top-N),2021-11-22,87.49,,5,-0.1,,41.21,,999,2021-12-06,90.5,,5,-0.1,,41.06,,999
SELL,86,SIG,2021-11-30,95.32,58.55,2021-11-23,101.01,2.96,2.79,-333.16,-335.95,-5.68,4,rotation (out of top-N),2021-11-22,96.64,,5,-0.1,,41.0,,999,2021-11-29,79.13,,2.82,1.3,,14.1,,999
SELL,87,AMBA,2021-12-07,204.87,3.85,2021-11-30,181.43,0.35,0.39,90.24,89.84,12.87,5,equal-weight sizing trim,2021-11-29,193.82,,5,-0.3,,55.4,,91,2021-12-06,208.19,,5,-0.6,,63.81,,98
SELL,87,AMBA,2021-12-28,211.04,0.16,2021-11-30,182.24,0.01,0.02,4.52,4.51,15.75,19,equal-weight sizing trim,2021-11-29,193.82,,5,-0.3,,55.4,,91,2021-12-27,202.6,,5,-0.6,,51.5,,119
SELL,87,AMBA,2022-01-04,219.82,30.67,2021-11-30,182.24,2.79,3.37,1152.81,1149.44,20.57,24,rotation (out of top-N),2021-11-29,193.82,,5,-0.3,,55.4,,91,2022-01-03,157.57,,3.34,1.2,,16.68,,126
SELL,88,BXC,2021-12-07,82.55,12.8,2021-11-30,70.25,0.45,0.53,157.43,156.91,17.44,5,equal-weight sizing trim,2021-11-29,78.26,,5,-0.6,,51.96,,999,2021-12-06,83.47,,5,-0.9,,58.35,,999
SELL,88,BXC,2021-12-28,91.04,0.38,2021-11-30,70.38,0.01,0.02,7.78,7.76,29.28,19,equal-weight sizing trim,2021-11-29,78.26,,5,-0.6,,51.96,,999,2021-12-27,96.18,,5,-1,,70.67,,999
SELL,88,BXC,2022-01-11,81.49,71.3,2021-11-30,70.45,2.51,2.91,787.41,784.5,15.62,29,ratchet-ATR exit,2021-11-29,78.26,,5,-0.6,,51.96,,999,2022-01-10,82.02,,5,-0.0,,40.73,,999
SELL,89,AEHR,2021-12-14,14.53,371.76,2021-11-30,17.89,3.33,2.7,-1250.56,-1253.26,-18.84,10,ratchet-ATR exit,2021-11-29,15.46,,5,-1,,87.3,,999,2021-12-13,15.59,,5,-1,,75.03,,999
SELL,90,CUBI,2021-12-07,57.64,100.91,2021-11-30,58.09,2.93,2.91,-45.91,-48.82,-0.83,5,rotation (out of top-N),2021-11-29,57.92,,5,-0.1,,42.75,,999,2021-12-06,57.56,,5,0.0,,39.36,,999
SELL,91,MRVL,2021-12-07,85.93,12.01,2021-11-30,73.4,0.44,0.52,150.44,149.92,17.01,5,equal-weight sizing trim,2021-11-29,82.22,,5,-0.3,,46.02,,999,2021-12-06,87.49,,5,-0.6,,52.22,,999
SELL,91,MRVL,2022-01-11,79.8,73.4,2021-11-30,74.51,2.73,2.93,387.95,385.02,7.04,29,rotation (out of top-N),2021-11-29,82.22,,5,-0.3,,46.02,,999,2022-01-10,81.68,,5,0.4,,31.65,,999
SELL,92,ON,2021-12-07,63.5,2.04,2021-11-30,62.45,0.06,0.06,2.14,2.08,1.63,5,equal-weight sizing trim,2021-11-29,64.12,,5,-0.3,,45.91,,999,2021-12-06,65.3,,5,-0.3,,46.38,,999
SELL,92,ON,2021-12-28,69.89,1.63,2021-11-30,62.45,0.05,0.06,12.15,12.1,11.86,19,equal-weight sizing trim,2021-11-29,64.12,,5,-0.3,,45.91,,999,2021-12-27,67.93,,5,-0.3,,45.95,,999
SELL,92,ON,2022-01-25,53.31,97.76,2021-11-30,62.59,3.06,2.61,-907.25,-909.85,-14.87,38,rotation (out of top-N),2021-11-29,64.12,,5,-0.3,,45.91,,999,2022-01-24,53.76,,2.28,1.4,,11.39,,999
SELL,93,LEU,2021-12-07,54.51,95.32,2021-11-30,61.51,2.93,2.6,-666.73,-669.33,-11.42,5,ratchet-ATR exit,2021-11-29,48.41,,5,-0.4,,47.19,,999,2021-12-06,57.49,,5,-1,,70.43,,999
SELL,94,SKY,2021-12-07,84.9,4.61,2021-11-30,79.98,0.18,0.2,22.69,22.5,6.1,5,equal-weight sizing trim,2021-11-29,78.95,,5,0.0,,39.67,,999,2021-12-06,82.28,,5,-0.2,,43.2,,999
SELL,94,SKY,2021-12-14,79.02,68.69,2021-11-30,79.98,2.75,2.71,-65.94,-68.65,-1.25,10,rotation (out of top-N),2021-11-29,78.95,,5,0.0,,39.67,,999,2021-12-13,71.86,,4.71,0.8,,23.55,,999
SELL,95,DDOG,2021-12-14,157.31,35.12,2021-12-07,165.95,2.91,2.76,-303.45,-306.22,-5.25,5,rotation (out of top-N),2021-12-06,174.66,,5,-0.1,,41.93,,161,2021-12-13,169.9,,5,0.2,,35.66,,168
SELL,96,PDFS,2021-12-14,30.01,194.58,2021-12-07,29.95,2.91,2.92,10.7,7.78,0.13,5,rotation (out of top-N),2021-12-06,30.79,,5,0.0,,44.47,,105,2021-12-13,29.17,,5,0.4,,35.13,,112
SELL,97,LQDA,2021-12-14,4.29,1442.7,2021-12-07,4.04,2.91,3.09,360.67,357.58,6.14,5,rotation (out of top-N),2021-12-06,4.3,,5,1.9,,43.01,,56,2021-12-13,4.12,,5,1.2,,35.59,,63
SELL,98,ACLS,2021-12-14,62.23,89.3,2021-12-07,65.27,2.91,2.78,-271.47,-274.25,-4.71,5,rotation (out of top-N),2021-12-06,65.96,,5,-0.1,,42.52,,999,2021-12-13,63.15,,5,0.3,,34.76,,999
SELL,99,F,2021-12-14,14.77,397.58,2021-12-07,14.66,2.91,2.94,43.73,40.8,0.7,5,rotation (out of top-N),2021-12-06,15.99,,5,-0.4,,47.14,,999,2021-12-13,14.75,,5,0.3,,34.24,,999
SELL,100,BLDR,2021-12-14,76.21,1.4,2021-12-07,77.04,0.05,0.05,-1.16,-1.22,-1.13,5,equal-weight sizing trim,2021-12-06,79.56,,5,-0.6,,52.4,,999,2021-12-13,76.93,,5,-0.3,,45.25,,999
SELL,100,BLDR,2022-01-11,79.42,77.54,2021-12-07,77.1,2.99,3.08,179.68,176.61,2.95,24,ratchet-ATR exit,2021-12-06,79.56,,5,-0.6,,52.4,,999,2022-01-10,78.68,,5,0.0,,39.55,,999
SELL,101,PI,2021-12-14,79.89,3.73,2021-12-07,78.17,0.15,0.15,6.42,6.27,2.15,5,equal-weight sizing trim,2021-12-06,85.44,,5,1.7,,50.42,,49,2021-12-13,84.26,,5,1.7,,46.77,,56
SELL,101,PI,2021-12-21,83.23,0.02,2021-12-07,78.17,0.0,0.0,0.12,0.12,6.42,10,equal-weight sizing trim,2021-12-06,85.44,,5,1.7,,50.42,,49,2021-12-20,90.4,,5,0.2,,55.35,,63
SELL,101,PI,2021-12-28,93.75,1.77,2021-12-07,78.17,0.07,0.08,27.59,27.51,19.87,14,equal-weight sizing trim,2021-12-06,85.44,,5,1.7,,50.42,,49,2021-12-27,88.61,,5,0.3,,50.15,,70
SELL,101,PI,2022-01-11,82.32,72.98,2021-12-07,78.78,2.87,3.0,258.4,255.4,4.44,24,ratchet-ATR exit,2021-12-06,85.44,,5,1.7,,50.42,,49,2022-01-10,90.32,,5,0.1,,49.47,,84
SELL,102,P,2021-12-28,34.46,182.01,2021-12-07,32.38,2.95,3.14,378.25,375.12,6.36,14,rotation (out of top-N),2021-12-06,32.47,,5,0.4,,41.52,,91,2021-12-27,32.53,,5,0.3,,37.08,,112
SELL,103,TRNS,2021-12-14,88.14,0.27,2021-12-07,90.4,0.01,0.01,-0.62,-0.63,-2.55,5,equal-weight sizing trim,2021-12-06,90.5,,5,-0.1,,41.06,,999,2021-12-13,90.16,,5,0.1,,38.31,,999
SELL,103,TRNS,2021-12-21,87.76,64.2,2021-12-07,90.4,2.9,2.82,-169.49,-172.31,-2.97,10,rotation (out of top-N),2021-12-06,90.5,,5,-0.1,,41.06,,999,2021-12-20,93.51,,5,-0.1,,41.2,,999
SELL,104,ARCB,2021-12-14,101.54,0.63,2021-12-07,103.42,0.03,0.03,-1.18,-1.21,-1.87,5,equal-weight sizing trim,2021-12-06,105.41,,5,0.0,,39.97,,999,2021-12-13,103.33,,5,0.2,,35.8,,999
SELL,104,ARCB,2021-12-21,101.97,55.73,2021-12-07,103.42,2.88,2.84,-80.81,-83.65,-1.45,10,rotation (out of top-N),2021-12-06,105.41,,5,0.0,,39.97,,999,2021-12-20,109.22,,5,-0.1,,41.62,,999
SELL,105,ANET,2021-12-14,32.78,16.0,2021-12-07,30.9,0.25,0.26,30.07,29.81,6.03,5,equal-weight sizing trim,2021-12-06,32.67,,5,0.0,,39.42,,999,2021-12-13,33.76,,5,-0.1,,41.61,,999
SELL,105,ANET,2022-01-04,35.49,177.37,2021-12-07,31.03,2.75,3.15,790.49,787.35,14.3,19,rotation (out of top-N),2021-12-06,32.67,,5,0.0,,39.42,,999,2022-01-03,32.38,,5,0.5,,29.41,,999
SELL,106,IRTC,2021-12-21,108.64,7.74,2021-12-14,91.25,0.35,0.42,134.53,134.11,19.0,5,equal-weight sizing trim,2021-12-13,107.33,,5,2.7,,38.91,,21,2021-12-20,118.94,,5,1.8,,55.13,,28
SELL,106,IRTC,2021-12-28,120.04,0.33,2021-12-14,91.25,0.02,0.02,9.48,9.46,31.48,9,equal-weight sizing trim,2021-12-13,107.33,,5,2.7,,38.91,,21,2021-12-27,117.76,,5,1.7,,54.52,,35
SELL,106,IRTC,2022-01-11,130.76,5.65,2021-12-14,91.42,0.26,0.37,222.43,222.06,42.96,19,equal-weight sizing trim,2021-12-13,107.33,,5,2.7,,38.91,,21,2022-01-10,141.09,,5,1.2,,86.8,,49
SELL,106,IRTC,2022-02-15,127.76,0.76,2021-12-14,95.33,0.04,0.05,24.5,24.45,33.95,43,equal-weight sizing trim,2021-12-13,107.33,,5,2.7,,38.91,,21,2022-02-14,112.93,,5,0.6,,40.32,,84
SELL,106,IRTC,2022-03-15,107.48,62.58,2021-12-14,99.8,3.12,3.36,480.62,477.26,7.64,62,ratchet-ATR exit,2021-12-13,107.33,,5,2.7,,38.91,,21,2022-03-14,138.42,,5,-0.9,,59.73,,112
SELL,107,CUBI,2021-12-28,64.9,1.88,2021-12-14,56.03,0.05,0.06,16.7,16.64,15.77,9,equal-weight sizing trim,2021-12-13,57.09,,5,0.2,,36.11,,999,2021-12-27,65.37,,5,-0.5,,50.12,,999
SELL,107,CUBI,2022-01-04,68.36,4.22,2021-12-14,56.03,0.12,0.14,52.03,51.89,21.93,14,equal-weight sizing trim,2021-12-13,57.09,,5,0.2,,36.11,,999,2022-01-03,74.62,,5,-1,,67.27,,999
SELL,107,CUBI,2022-01-11,72.46,7.82,2021-12-14,56.03,0.22,0.28,128.54,128.26,29.25,19,equal-weight sizing trim,2021-12-13,57.09,,5,0.2,,36.11,,999,2022-01-10,74.69,,5,-1,,63.54,,999
SELL,107,CUBI,2022-01-25,58.82,87.68,2021-12-14,56.03,2.46,2.58,244.4,241.82,4.92,28,rotation (out of top-N),2021-12-13,57.09,,5,0.2,,36.11,,999,2022-01-24,57.78,,4.55,0.9,,22.77,,999
SELL,108,TVTX,2021-12-21,29.71,207.25,2021-12-14,27.29,2.83,3.08,502.59,499.51,8.83,5,rotation (out of top-N),2021-12-13,29.7,,5,1.0,,35.71,,70,2021-12-20,31.16,,5,0.6,,41.64,,77
SELL,109,DDS,2021-12-21,192.05,28.92,2021-12-14,195.59,2.83,2.78,-102.37,-105.14,-1.86,5,rotation (out of top-N),2021-12-13,198.46,,5,0.2,,36.09,,999,2021-12-20,202.92,,5,0.2,,36.19,,999
SELL,110,WRLD,2021-12-21,253.03,24.76,2021-12-14,228.41,2.83,3.13,609.78,606.65,10.73,5,rotation (out of top-N),2021-12-13,249.94,,5,-0.0,,40.29,,999,2021-12-20,255.27,,5,-0.0,,40.89,,999
SELL,111,CCB,2021-12-21,48.86,17.4,2021-12-14,40.98,0.36,0.43,137.1,136.68,19.17,5,equal-weight sizing trim,2021-12-13,48.2,,5,-0.4,,47.37,,999,2021-12-20,52.25,,5,-0.9,,57.01,,999
SELL,111,CCB,2022-01-11,52.83,10.34,2021-12-14,41.73,0.22,0.27,114.83,114.55,26.54,19,equal-weight sizing trim,2021-12-13,48.2,,5,-0.4,,47.37,,999,2022-01-10,52.02,,5,-0.4,,47.75,,999
SELL,111,CCB,2022-02-01,48.56,124.18,2021-12-14,41.94,2.6,3.02,822.7,819.68,15.74,33,ratchet-ATR exit,2021-12-13,48.2,,5,-0.4,,47.37,,999,2022-01-31,49.36,,5,0.3,,34.51,,999
SELL,112,LEU,2021-12-21,52.58,12.22,2021-12-14,45.5,0.28,0.32,86.53,86.21,15.5,5,equal-weight sizing trim,2021-12-13,48.29,,5,-0.0,,40.71,,999,2021-12-20,54.01,,5,-0.7,,54.37,,999
SELL,112,LEU,2021-12-28,51.31,112.08,2021-12-14,45.5,2.55,2.88,651.21,648.34,12.71,9,rotation (out of top-N),2021-12-13,48.29,,5,-0.0,,40.71,,999,2021-12-27,49.5,,5,0.1,,38.95,,999
SELL,113,PFE,2021-12-21,47.24,130.89,2021-12-14,43.21,2.83,3.09,527.51,524.41,9.27,5,rotation (out of top-N),2021-12-13,46.81,,5,0.1,,38.84,,999,2021-12-20,46.24,,5,0.2,,35.25,,999
SELL,114,DDOG,2021-12-21,167.32,35.95,2021-12-14,157.31,2.83,3.01,360.08,357.07,6.31,5,rotation (out of top-N),2021-12-13,169.9,,5,0.2,,35.66,,168,2021-12-20,180.36,,5,-0.1,,41.3,,175
SELL,115,LQDA,2021-12-28,4.55,11.38,2021-12-14,4.28,0.02,0.03,3.12,3.1,6.37,9,equal-weight sizing trim,2021-12-13,4.12,,5,1.2,,35.59,,63,2021-12-27,4.89,,5,-0.1,,55.5,,77
SELL,115,LQDA,2022-01-04,5.68,273.15,2021-12-14,4.28,0.58,0.78,383.63,382.86,32.78,14,equal-weight sizing trim,2021-12-13,4.12,,5,1.2,,35.59,,63,2022-01-03,6.26,,5,-0.4,,93.69,,84
SELL,115,LQDA,2022-01-11,7.06,249.44,2021-12-14,4.28,0.53,0.88,694.56,693.68,65.04,19,equal-weight sizing trim,2021-12-13,4.12,,5,1.2,,35.59,,63,2022-01-10,6.25,,5,-0.5,,88.05,,91
SELL,115,LQDA,2022-01-25,5.34,899.9,2021-12-14,4.28,1.92,2.4,957.94,955.54,24.84,28,ratchet-ATR exit,2021-12-13,4.12,,5,1.2,,35.59,,63,2022-01-24,5.52,,5,-0.7,,59.61,,105
SELL,116,PDFS,2021-12-28,32.77,2.03,2021-12-21,29.52,0.03,0.03,6.61,6.58,10.95,4,equal-weight sizing trim,2021-12-20,31.29,,5,-0.1,,42.66,,119,2021-12-27,31.91,,5,-0.2,,43.31,,126
SELL,116,PDFS,2022-01-04,32.17,197.51,2021-12-21,29.52,2.92,3.18,523.39,520.22,8.92,9,rotation (out of top-N),2021-12-20,31.29,,5,-0.1,,42.66,,119,2022-01-03,28.15,,5,0.7,,25.07,,133
SELL,117,ANIP,2021-12-28,50.09,125.92,2021-12-21,46.78,2.95,3.15,416.16,413.01,7.01,4,rotation (out of top-N),2021-12-20,50.9,,5,0.7,,42.58,,70,2021-12-27,45.83,,5,1.4,,27.19,,77
SELL,118,AEHR,2021-12-28,21.93,73.02,2021-12-21,16.0,0.58,0.8,433.01,432.21,36.99,4,equal-weight sizing trim,2021-12-20,20.4,,5,-1,,118.13,,999,2021-12-27,24.18,,5,-1,,144.32,,999
SELL,118,AEHR,2022-01-04,23.4,16.15,2021-12-21,16.0,0.13,0.19,119.51,119.32,46.18,9,equal-weight sizing trim,2021-12-20,20.4,,5,-1,,118.13,,999,2022-01-03,16.11,,5,-0.9,,57.34,,999
SELL,118,AEHR,2022-01-11,14.72,278.98,2021-12-21,16.0,2.23,2.05,-357.1,-359.15,-8.05,14,rotation (out of top-N),2021-12-20,20.4,,5,-1,,118.13,,999,2022-01-10,13.41,,5,0.6,,27.59,,999
SELL,119,ACLS,2021-12-28,73.07,2.4,2021-12-21,64.75,0.08,0.09,19.93,19.84,12.79,4,equal-weight sizing trim,2021-12-20,68.04,,5,-0.1,,42.94,,999,2021-12-27,74.71,,5,-0.7,,54.08,,999
SELL,119,ACLS,2022-01-04,76.85,3.63,2021-12-21,64.75,0.12,0.14,43.91,43.77,18.63,9,equal-weight sizing trim,2021-12-20,68.04,,5,-0.1,,42.94,,999,2022-01-03,68.61,,5,0.0,,39.98,,999
SELL,119,ACLS,2022-01-11,65.85,84.95,2021-12-21,64.75,2.75,2.8,93.44,90.65,1.65,14,ratchet-ATR exit,2021-12-20,68.04,,5,-0.1,,42.94,,999,2022-01-10,71.29,,5,-0.2,,43.48,,999
SELL,120,COKE,2022-01-11,54.78,110.09,2021-12-21,55.45,3.05,3.02,-73.33,-76.35,-1.25,14,ratchet-ATR exit,2021-12-20,56.67,,5,-0.3,,45.44,,999,2022-01-10,59.59,,5,-0.2,,44.36,,999
SELL,121,CYTK,2021-12-28,46.58,9.11,2021-12-21,39.78,0.18,0.21,61.88,61.67,17.02,4,equal-weight sizing trim,2021-12-20,44.69,,5,-0.4,,48.6,,999,2021-12-27,45.67,,5,-0.5,,49.16,,999
SELL,121,CYTK,2022-01-04,45.7,138.95,2021-12-21,39.78,2.76,3.18,822.59,819.41,14.82,9,rotation (out of top-N),2021-12-20,44.69,,5,-0.4,,48.6,,999,2022-01-03,35.14,,2.75,1.3,,13.77,,999
SELL,122,CAR,2022-01-04,195.53,30.44,2021-12-21,208.08,3.17,2.98,-382.13,-385.11,-6.08,9,ratchet-ATR exit,2021-12-20,212.55,,5,-1,,74.83,,999,2022-01-03,187.23,,5,-0.3,,46.52,,999
SELL,123,XENE,2022-01-11,29.19,208.84,2021-12-21,28.68,2.99,3.05,106.93,103.88,1.73,14,ratchet-ATR exit,2021-12-20,30.51,,5,0.6,,41.66,,77,2022-01-10,31.96,,5,0.3,,41.84,,98
SELL,124,TVTX,2021-12-28,31.15,198.23,2021-12-21,29.72,2.95,3.09,284.46,281.38,4.78,4,rotation (out of top-N),2021-12-20,31.16,,5,0.6,,41.64,,77,2021-12-27,31.05,,5,0.6,,39.99,,84
SELL,125,NRP,2022-01-04,25.13,10.55,2021-12-28,23.93,0.13,0.13,12.67,12.53,4.96,5,equal-weight sizing trim,2021-12-27,25.45,,5,-0.3,,46.49,,999,2022-01-03,26.04,,5,-0.3,,46.93,,999
SELL,125,NRP,2022-01-11,27.1,25.34,2021-12-28,23.93,0.3,0.34,80.33,79.98,13.19,10,equal-weight sizing trim,2021-12-27,25.45,,5,-0.3,,46.49,,999,2022-01-10,28.93,,5,-1.0,,59.33,,999
SELL,125,NRP,2022-01-25,26.57,234.44,2021-12-28,23.93,2.81,3.11,618.92,615.8,10.98,19,ratchet-ATR exit,2021-12-27,25.45,,5,-0.3,,46.49,,999,2022-01-24,27.44,,5,-0.3,,45.39,,999
SELL,126,RDVT,2022-01-04,38.24,157.17,2021-12-28,41.16,3.23,3.01,-458.93,-461.94,-7.14,5,rotation (out of top-N),2021-12-27,39.41,,5,-0.2,,43.57,,154,2022-01-03,32.78,,3.59,1.1,,17.94,,161
SELL,127,ARCB,2022-01-04,111.07,53.55,2021-12-28,120.8,3.23,2.97,-521.06,-524.03,-8.1,5,rotation (out of top-N),2021-12-27,117.17,,5,-0.5,,49.58,,999,2022-01-03,98.38,,4.89,0.8,,24.47,,999
SELL,128,SYNA,2022-01-11,249.66,22.85,2021-12-28,293.99,3.36,2.85,-1012.8,-1015.65,-15.12,10,rotation (out of top-N),2021-12-27,289.2,,5,-0.9,,58.49,,999,2022-01-10,245.37,,5,0.5,,30.47,,999
SELL,129,BOOT,2022-01-11,114.37,52.7,2022-01-04,123.81,3.26,3.01,-497.5,-500.52,-7.67,5,rotation (out of top-N),2022-01-03,121.62,,5,0.4,,31.27,,999,2022-01-10,108.69,,3.21,1.2,,16.07,,999
SELL,130,DVN,2022-01-11,40.43,15.02,2022-01-04,37.9,0.28,0.3,38.0,37.7,6.62,5,equal-weight sizing trim,2022-01-03,40.08,,5,-0.7,,53.9,,999,2022-01-10,41.32,,5,-0.8,,55.08,,999
SELL,130,DVN,2022-01-25,39.37,4.79,2022-01-04,37.9,0.09,0.09,7.04,6.95,3.83,14,equal-weight sizing trim,2022-01-03,40.08,,5,-0.7,,53.9,,999,2022-01-24,42.27,,5,-0.6,,52.05,,999
SELL,130,DVN,2022-03-01,49.24,16.65,2022-01-04,38.23,0.32,0.41,183.24,182.83,28.72,38,equal-weight sizing trim,2022-01-03,40.08,,5,-0.7,,53.9,,999,2022-02-28,48.83,,5,-0.9,,57.68,,999
SELL,130,DVN,2022-03-15,42.18,161.5,2022-01-04,39.06,3.15,3.41,503.2,499.8,7.92,48,ratchet-ATR exit,2022-01-03,40.08,,5,-0.7,,53.9,,999,2022-03-14,48.58,,5,-0.5,,50.83,,999
SELL,131,APA,2022-01-11,25.78,15.5,2022-01-04,24.91,0.19,0.2,13.48,13.28,3.44,5,equal-weight sizing trim,2022-01-03,25.75,,5,0.3,,33.29,,999,2022-01-10,28.89,,5,-0.3,,46.88,,999
SELL,131,APA,2022-01-25,26.28,18.21,2022-01-04,24.91,0.23,0.24,24.94,24.7,5.45,14,equal-weight sizing trim,2022-01-03,25.75,,5,0.3,,33.29,,999,2022-01-24,28.89,,5,-0.1,,42.52,,999
SELL,131,APA,2022-02-01,28.66,3.98,2022-01-04,24.91,0.05,0.06,14.92,14.87,15.0,19,equal-weight sizing trim,2022-01-03,25.75,,5,0.3,,33.29,,999,2022-01-31,30.03,,5,-0.3,,45.85,,999
SELL,131,APA,2022-03-01,31.63,22.11,2022-01-04,25.26,0.28,0.35,140.81,140.47,25.15,38,equal-weight sizing trim,2022-01-03,25.75,,5,0.3,,33.29,,999,2022-02-28,34.38,,5,-0.9,,57.77,,999
SELL,131,APA,2022-03-22,35.44,4.69,2022-01-04,25.64,0.06,0.08,46.0,45.92,38.15,53,equal-weight sizing trim,2022-01-03,25.75,,5,0.3,,33.29,,999,2022-03-21,36.17,,5,-0.9,,57.56,,999
SELL,131,APA,2022-04-05,37.61,6.25,2022-01-04,25.92,0.08,0.12,72.99,72.87,45.0,63,equal-weight sizing trim,2022-01-03,25.75,,5,0.3,,33.29,,999,2022-04-04,37.47,,5,-0.8,,56.98,,999
SELL,131,APA,2022-04-26,34.18,259.6,2022-01-04,26.49,3.44,4.44,1996.14,1991.7,28.96,77,ratchet-ATR exit,2022-01-03,25.75,,5,0.3,,33.29,,999,2022-04-25,35.74,,5,-0.0,,40.84,,999
SELL,132,F,2022-01-11,17.69,29.48,2022-01-04,16.79,0.25,0.26,26.53,26.27,5.31,5,equal-weight sizing trim,2022-01-03,18.22,,5,-0.9,,58.21,,999,2022-01-10,18.78,,5,-1.0,,59.78,,999
SELL,132,F,2022-01-25,14.89,359.15,2022-01-04,16.79,3.02,2.67,-682.38,-685.05,-11.36,14,rotation (out of top-N),2022-01-03,18.22,,5,-0.9,,58.21,,999,2022-01-24,14.65,,4.31,0.9,,21.56,,999
SELL,133,FANG,2022-01-11,100.17,7.15,2022-01-04,92.46,0.33,0.36,55.09,54.74,8.28,5,equal-weight sizing trim,2022-01-03,99.38,,5,0.3,,34.0,,999,2022-01-10,105.65,,5,-0.0,,40.31,,999
SELL,133,FANG,2022-01-25,96.66,1.37,2022-01-04,92.46,0.06,0.07,5.76,5.7,4.49,14,equal-weight sizing trim,2022-01-03,99.38,,5,0.3,,34.0,,999,2022-01-24,105.26,,5,0.2,,36.26,,999
SELL,133,FANG,2022-03-01,113.96,67.23,2022-01-04,93.34,3.14,3.83,1386.22,1382.39,22.03,38,rotation (out of top-N),2022-01-03,99.38,,5,0.3,,34.0,,999,2022-02-28,113.15,,5,0.2,,36.55,,999
SELL,134,IRMD,2022-01-11,40.47,146.4,2022-01-04,44.57,3.26,2.96,-600.23,-603.2,-9.24,5,rotation (out of top-N),2022-01-03,41.63,,5,0.4,,32.38,,999,2022-01-10,40.04,,5,0.7,,25.51,,999
SELL,135,LEU,2022-01-11,48.33,123.51,2022-01-04,52.83,3.26,2.98,-555.79,-558.78,-8.56,5,rotation (out of top-N),2022-01-03,51.97,,5,-0.2,,43.05,,999,2022-01-10,45.95,,4.92,0.8,,24.59,,999
SELL,136,MCB,2022-01-11,109.01,3.21,2022-01-04,106.12,0.17,0.17,9.26,9.09,2.67,5,equal-weight sizing trim,2022-01-03,109.46,,5,-0.1,,41.26,,999,2022-01-10,109.3,,5,0.1,,38.57,,999
SELL,136,MCB,2022-01-25,101.91,58.28,2022-01-04,106.12,3.09,2.97,-245.37,-248.34,-4.02,14,rotation (out of top-N),2022-01-03,109.46,,5,-0.1,,41.26,,999,2022-01-24,98.32,,4.28,0.9,,21.39,,999
SELL,137,ATLC,2022-01-11,69.59,2.34,2022-01-04,69.69,0.08,0.08,-0.22,-0.3,-0.19,5,equal-weight sizing trim,2022-01-03,67.17,,5,0.5,,30.72,,999,2022-01-10,71.76,,5,0.2,,36.77,,999
SELL,137,ATLC,2022-01-25,64.33,91.29,2022-01-04,69.69,3.18,2.94,-489.31,-492.25,-7.74,14,rotation (out of top-N),2022-01-03,67.17,,5,0.5,,30.72,,999,2022-01-24,63.73,,3.63,1.1,,18.14,,999
SELL,138,CHRD,2022-01-25,82.36,1.29,2022-01-11,85.68,0.06,0.05,-4.27,-4.33,-3.92,9,equal-weight sizing trim,2022-01-10,90.88,,5,0.0,,39.31,,999,2022-01-24,87.53,,5,0.5,,30.15,,999
SELL,138,CHRD,2022-02-08,91.99,73.06,2022-01-11,85.69,3.13,3.36,460.48,457.12,7.3,19,rotation (out of top-N),2022-01-10,90.88,,5,0.0,,39.31,,999,2022-02-07,90.05,,5,0.5,,29.61,,999
SELL,139,PBF,2022-01-25,14.3,425.61,2022-01-11,14.92,3.18,3.04,-263.88,-266.92,-4.2,9,rotation (out of top-N),2022-01-10,16.27,,5,3.1,,36.44,,7,2022-01-24,14.5,,4.09,3.6,,20.46,,21
SELL,140,CAR,2022-01-25,161.47,33.33,2022-01-11,190.5,3.18,2.69,-967.68,-970.38,-15.28,9,rotation (out of top-N),2022-01-10,185.56,,5,-0.1,,42.09,,999,2022-01-24,157.05,,3.3,1.2,,16.48,,999
SELL,141,COP,2022-01-25,70.71,6.46,2022-01-11,69.56,0.22,0.23,7.43,7.2,1.6,9,equal-weight sizing trim,2022-01-10,73.77,,5,0.1,,37.59,,999,2022-01-24,75.92,,5,0.1,,37.58,,999
SELL,141,COP,2022-03-01,81.55,0.97,2022-01-11,70.04,0.03,0.04,11.17,11.13,16.38,33,equal-weight sizing trim,2022-01-10,73.77,,5,0.1,,37.59,,999,2022-02-28,85.75,,5,-0.2,,44.39,,999
SELL,141,COP,2022-03-08,86.29,90.4,2022-01-11,70.04,3.17,3.9,1469.35,1465.45,23.15,38,rotation (out of top-N),2022-01-10,73.77,,5,0.1,,37.59,,999,2022-03-07,84.09,,5,0.0,,39.6,,999
SELL,142,TECK,2022-01-25,29.92,215.62,2022-01-11,29.45,3.18,3.23,101.34,98.12,1.55,9,rotation (out of top-N),2022-01-10,31.96,,5,0.2,,36.12,,999,2022-01-24,28.88,,4.13,1.0,,20.67,,999
SELL,143,ONTO,2022-01-25,91.89,69.39,2022-01-11,91.51,3.18,3.19,26.02,22.83,0.36,9,rotation (out of top-N),2022-01-10,105.88,,5,0.2,,36.08,,999,2022-01-24,84.62,,1.52,1.6,,7.59,,999
SELL,144,TRNS,2022-01-25,87.75,4.24,2022-01-11,87.48,0.19,0.19,1.14,0.96,0.26,9,equal-weight sizing trim,2022-01-10,93.95,,5,0.2,,35.54,,999,2022-01-24,92.19,,5,0.5,,29.13,,999
SELL,144,TRNS,2022-02-01,93.88,68.35,2022-01-11,87.48,2.99,3.21,437.47,434.26,7.26,14,rotation (out of top-N),2022-01-10,93.95,,5,0.2,,35.54,,999,2022-01-31,74.56,,0.71,1.8,,3.54,,999
SELL,145,OVV,2022-01-25,32.89,184.54,2022-01-11,34.41,3.18,3.03,-280.51,-283.54,-4.47,9,rotation (out of top-N),2022-01-10,36.86,,5,0.2,,35.17,,999,2022-01-24,34.1,,4.42,0.9,,22.12,,999
SELL,146,VIST,2022-02-01,6.55,163.41,2022-01-11,5.63,0.46,0.54,149.77,149.23,16.21,14,equal-weight sizing trim,2022-01-10,6.2,,5,0.2,,35.11,,999,2022-01-31,6.43,,5,0.4,,32.61,,999
SELL,146,VIST,2022-02-15,6.83,6.44,2022-01-11,5.67,0.02,0.02,7.47,7.45,20.38,24,equal-weight sizing trim,2022-01-10,6.2,,5,0.2,,35.11,,999,2022-02-14,6.9,,5,0.2,,36.33,,999
SELL,146,VIST,2022-03-01,8.65,161.04,2022-01-11,5.67,0.46,0.7,479.13,478.44,52.35,33,equal-weight sizing trim,2022-01-10,6.2,,5,0.2,,35.11,,999,2022-02-28,8.14,,5,-0.7,,53.81,,999
SELL,146,VIST,2022-03-29,8.83,38.84,2022-01-11,6.06,0.12,0.17,107.57,107.39,45.62,53,equal-weight sizing trim,2022-01-10,6.2,,5,0.2,,35.11,,999,2022-03-28,9.2,,5,-1.0,,59.35,,999
SELL,146,VIST,2022-04-05,9.88,32.01,2022-01-11,6.06,0.1,0.16,122.24,122.08,62.93,58,equal-weight sizing trim,2022-01-10,6.2,,5,0.2,,35.11,,999,2022-04-04,9.16,,5,-0.8,,55.31,,999
SELL,146,VIST,2022-04-12,8.86,937.89,2022-01-11,6.06,2.84,4.15,2620.56,2616.4,46.03,63,ratchet-ATR exit,2022-01-10,6.2,,5,0.2,,35.11,,999,2022-04-11,9.01,,5,-0.5,,49.37,,999
SELL,147,EOG,2022-01-25,83.98,6.84,2022-01-11,81.14,0.28,0.29,19.42,19.13,3.45,9,equal-weight sizing trim,2022-01-10,87.07,,5,0.3,,33.57,,999,2022-01-24,90.41,,5,0.2,,35.35,,999
SELL,147,EOG,2022-02-01,91.0,0.79,2022-01-11,81.14,0.03,0.04,7.83,7.79,12.1,14,equal-weight sizing trim,2022-01-10,87.07,,5,0.3,,33.57,,999,2022-01-31,93.66,,5,0.1,,38.34,,999
SELL,147,EOG,2022-03-01,95.54,76.45,2022-01-11,81.96,3.13,3.65,1037.85,1034.2,16.5,33,rotation (out of top-N),2022-01-10,87.07,,5,0.3,,33.57,,999,2022-02-28,97.86,,5,0.1,,38.43,,999
SELL,148,ECPG,2022-01-25,65.48,104.93,2022-01-11,60.52,3.18,3.44,520.43,517.0,8.14,9,rotation (out of top-N),2022-01-10,67.45,,5,0.3,,33.43,,999,2022-01-24,65.44,,5,0.7,,26.2,,999
SELL,149,SBR,2022-01-25,32.4,196.17,2022-01-11,32.37,3.18,3.18,5.89,2.71,0.04,9,rotation (out of top-N),2022-01-10,34.61,,5,0.3,,33.27,,999,2022-01-24,33.24,,4.99,0.8,,24.95,,999
SELL,150,MTDR,2022-02-08,40.98,156.38,2022-01-25,38.48,3.01,3.2,391.09,387.88,6.45,10,rotation (out of top-N),2022-01-24,41.94,,5,0.6,,28.29,,999,2022-02-07,41.1,,4.53,0.9,,22.64,,999
SELL,151,SLB,2022-02-01,35.04,180.9,2022-01-25,33.14,3.0,3.17,343.71,340.54,5.68,5,rotation (out of top-N),2022-01-24,36.06,,5,0.6,,27.66,,999,2022-01-31,34.99,,4.54,0.9,,22.71,,999
SELL,152,DAC,2022-02-01,76.75,10.95,2022-01-25,63.31,0.35,0.42,147.19,146.77,21.17,5,equal-weight sizing trim,2022-01-24,75.89,,5,0.6,,27.35,,999,2022-01-31,78.83,,5,0.5,,30.38,,999
SELL,152,DAC,2022-02-15,83.52,84.35,2022-01-25,63.44,2.68,3.52,1693.75,1690.23,31.59,15,rotation (out of top-N),2022-01-24,75.89,,5,0.6,,27.35,,999,2022-02-14,79.35,,5,0.6,,28.04,,999
SELL,153,MATX,2022-02-01,94.07,71.95,2022-01-25,83.32,3.0,3.38,773.49,770.1,12.85,5,rotation (out of top-N),2022-01-24,92.56,,5,0.6,,27.27,,999,2022-01-31,84.89,,3.15,1.2,,15.77,,999
SELL,154,WHD,2022-02-01,45.85,138.26,2022-01-25,43.36,3.0,3.17,344.27,341.1,5.69,5,rotation (out of top-N),2022-01-24,46.6,,5,0.6,,27.37,,999,2022-01-31,47.43,,5,0.6,,27.96,,999
SELL,155,COKE,2022-02-01,54.8,106.28,2022-01-25,56.41,3.0,2.91,-171.11,-174.02,-2.9,5,rotation (out of top-N),2022-01-24,54.57,,5,0.6,,28.29,,999,2022-01-31,54.07,,5,0.7,,25.2,,999
SELL,156,IMO,2022-03-01,40.92,176.77,2022-01-25,36.38,3.22,3.62,802.36,798.75,12.42,24,rotation (out of top-N),2022-01-24,36.79,,5,0.6,,27.28,,999,2022-02-28,42.07,,5,0.1,,38.28,,999
SELL,157,HAL,2022-02-01,28.04,1.54,2022-01-25,25.98,0.02,0.02,3.17,3.15,7.88,5,equal-weight sizing trim,2022-01-24,28.76,,5,0.3,,37.57,,112,2022-01-31,29.28,,5,0.1,,38.17,,119
SELL,157,HAL,2022-03-01,31.3,240.39,2022-01-25,26.12,3.14,3.76,1245.46,1241.69,19.78,24,rotation (out of top-N),2022-01-24,28.76,,5,0.3,,37.57,,112,2022-02-28,31.41,,5,-0.1,,41.75,,147
SELL,158,OXY,2022-02-01,34.97,5.57,2022-01-25,31.66,0.09,0.1,18.42,18.32,10.4,5,equal-weight sizing trim,2022-01-24,35.28,,5,0.6,,28.64,,999,2022-01-31,38.31,,5,0.1,,37.87,,999
SELL,158,OXY,2022-02-08,38.32,4.7,2022-01-25,31.66,0.07,0.09,31.3,31.21,20.98,10,equal-weight sizing trim,2022-01-24,35.28,,5,0.6,,28.64,,999,2022-02-07,40.36,,5,-0.2,,43.36,,999
SELL,158,OXY,2022-03-01,41.54,7.81,2022-01-25,31.85,0.12,0.16,75.7,75.54,30.35,24,equal-weight sizing trim,2022-01-24,35.28,,5,0.6,,28.64,,999,2022-02-28,52.8,,5,-1,,78.83,,999
SELL,158,OXY,2022-03-08,54.12,29.42,2022-01-25,31.85,0.47,0.8,655.16,654.36,69.83,29,equal-weight sizing trim,2022-01-24,35.28,,5,0.6,,28.64,,999,2022-03-07,54.56,,5,-1,,80.63,,999
SELL,158,OXY,2022-03-22,56.48,1.51,2022-01-25,32.61,0.02,0.04,36.12,36.08,73.11,39,equal-weight sizing trim,2022-01-24,35.28,,5,0.6,,28.64,,999,2022-03-21,55.26,,5,-1,,74.94,,999
SELL,158,OXY,2022-04-12,55.56,0.38,2022-01-25,34.45,0.01,0.01,8.06,8.05,61.17,54,equal-weight sizing trim,2022-01-24,35.28,,5,0.6,,28.64,,999,2022-04-11,55.84,,5,-1,,66.38,,999
SELL,158,OXY,2022-04-26,52.66,173.8,2022-01-25,35.19,3.06,4.58,3036.45,3031.88,49.57,63,ratchet-ATR exit,2022-01-24,35.28,,5,0.6,,28.64,,999,2022-04-25,51.85,,5,-0.4,,48.32,,999
SELL,159,CLS,2022-02-01,12.52,556.65,2022-01-25,10.77,3.0,3.48,971.35,967.86,16.14,5,rotation (out of top-N),2022-01-24,12.47,,5,0.4,,32.17,,168,2022-01-31,12.17,,5,0.6,,27.69,,175
SELL,160,IFS,2022-02-01,24.96,240.86,2022-01-25,24.89,3.0,3.01,16.86,13.85,0.23,5,rotation (out of top-N),2022-01-24,25.08,,5,3.1,,28.74,,28,2022-01-31,24.69,,5,3.1,,25.94,,35
SELL,161,TDW,2022-02-01,14.02,447.06,2022-01-25,13.41,3.0,3.13,272.71,269.57,4.5,5,rotation (out of top-N),2022-01-24,15.51,,5,3.6,,27.88,,0,2022-01-31,14.31,,3.5,4.0,,17.48,,7
SELL,162,CF,2022-02-15,64.12,104.28,2022-01-25,62.14,3.24,3.34,206.16,202.82,3.13,15,rotation (out of top-N),2022-01-24,64.65,,5,0.6,,27.27,,999,2022-02-14,66.89,,5,0.6,,27.7,,999
SELL,163,ECPG,2022-02-01,63.81,91.56,2022-01-25,65.48,3.0,2.92,-152.9,-155.82,-2.6,5,rotation (out of top-N),2022-01-24,65.44,,5,0.7,,26.2,,999,2022-01-31,66.21,,5,0.7,,26.05,,999
SELL,164,BCC,2022-02-08,66.66,3.4,2022-02-01,60.4,0.1,0.11,21.32,21.2,10.31,5,equal-weight sizing trim,2022-01-31,65.09,,5,1.0,,28.75,,91,2022-02-07,67.84,,5,0.7,,33.39,,98
SELL,164,BCC,2022-02-15,68.77,2.24,2022-02-01,60.4,0.07,0.08,18.78,18.71,13.8,10,equal-weight sizing trim,2022-01-31,65.09,,5,1.0,,28.75,,91,2022-02-14,70.27,,5,0.4,,37.1,,105
SELL,164,BCC,2022-03-01,67.63,100.71,2022-02-01,60.4,3.04,3.41,728.12,724.72,11.91,19,rotation (out of top-N),2022-01-31,65.09,,5,1.0,,28.75,,91,2022-02-28,66.26,,5,0.6,,27.5,,119
SELL,165,LQDA,2022-02-08,6.4,62.67,2022-02-01,5.66,0.18,0.2,46.37,46.17,13.02,5,equal-weight sizing trim,2022-01-31,6.24,,5,-0.9,,75.96,,112,2022-02-07,6.08,,5,-1.0,,67.55,,119
SELL,165,LQDA,2022-03-01,6.68,22.54,2022-02-01,5.68,0.06,0.08,22.47,22.39,17.48,19,equal-weight sizing trim,2022-01-31,6.24,,5,-0.9,,75.96,,112,2022-02-28,6.65,,5,-1,,72.01,,140
SELL,165,LQDA,2022-03-22,7.05,101.76,2022-02-01,5.77,0.29,0.36,130.15,129.79,22.1,34,equal-weight sizing trim,2022-01-31,6.24,,5,-0.9,,75.96,,112,2022-03-21,7.03,,5,-1,,68.62,,161
SELL,165,LQDA,2022-04-12,6.34,1276.33,2022-02-01,5.83,3.72,4.05,653.5,649.45,8.73,49,rotation (out of top-N),2022-01-31,6.24,,5,-0.9,,75.96,,112,2022-04-11,5.29,,3.81,1.0,,19.07,,182
SELL,166,OVV,2022-02-15,36.08,192.4,2022-02-01,34.14,3.28,3.47,372.68,369.21,5.62,10,rotation (out of top-N),2022-01-31,36.63,,5,0.5,,29.38,,999,2022-02-14,36.12,,4.92,0.8,,24.58,,999
SELL,167,NRP,2022-03-15,27.94,271.41,2022-02-01,28.5,3.87,3.79,-152.62,-156.41,-2.02,29,rotation (out of top-N),2022-01-31,28.67,,5,-0.4,,48.74,,999,2022-03-14,29.9,,5,0.1,,38.32,,999
SELL,168,PBF,2022-02-08,17.25,57.11,2022-02-01,14.12,0.4,0.49,178.76,178.27,22.11,5,equal-weight sizing trim,2022-01-31,16.39,,5,2.8,,35.13,,28,2022-02-07,17.35,,5,2.3,,42.33,,35
SELL,168,PBF,2022-03-01,15.25,414.46,2022-02-01,14.22,2.95,3.16,425.31,422.15,7.16,19,ratchet-ATR exit,2022-01-31,16.39,,5,2.8,,35.13,,28,2022-02-28,18.14,,5,1.7,,46.59,,56
SELL,169,IRMD,2022-02-08,43.26,16.59,2022-02-01,36.66,0.3,0.36,109.5,109.14,17.94,5,equal-weight sizing trim,2022-01-31,44.32,,5,0.3,,34.75,,999,2022-02-07,45.07,,5,0.2,,35.1,,999
SELL,169,IRMD,2022-02-15,44.76,158.64,2022-02-01,36.66,2.91,3.55,1285.0,1281.45,22.03,10,rotation (out of top-N),2022-01-31,44.32,,5,0.3,,34.75,,999,2022-02-14,44.02,,5,0.5,,30.21,,999
SELL,170,HCC,2022-02-08,26.46,8.19,2022-02-01,24.01,0.1,0.11,20.06,19.96,10.15,5,equal-weight sizing trim,2022-01-31,26.08,,5,0.4,,32.24,,154,2022-02-07,27.82,,5,0.1,,38.73,,161
SELL,170,HCC,2022-02-15,27.68,9.16,2022-02-01,24.01,0.11,0.13,33.61,33.49,15.23,10,equal-weight sizing trim,2022-01-31,26.08,,5,0.4,,32.24,,154,2022-02-14,28.36,,5,0.0,,39.05,,168
SELL,170,HCC,2022-03-01,29.75,2.42,2022-02-01,24.01,0.03,0.04,13.86,13.83,23.84,19,equal-weight sizing trim,2022-01-31,26.08,,5,0.4,,32.24,,154,2022-02-28,34.81,,5,-1,,64.41,,182
SELL,170,HCC,2022-03-08,35.05,19.2,2022-02-01,24.01,0.23,0.34,211.99,211.65,45.91,24,equal-weight sizing trim,2022-01-31,26.08,,5,0.4,,32.24,,154,2022-03-07,37.85,,5,-1,,74.57,,189
SELL,170,HCC,2022-04-12,33.64,2.45,2022-02-01,25.72,0.03,0.04,19.39,19.35,30.71,49,equal-weight sizing trim,2022-01-31,26.08,,5,0.4,,32.24,,154,2022-04-11,36.05,,5,-0.5,,49.72,,224
SELL,170,HCC,2022-04-19,34.23,277.58,2022-02-01,25.72,3.57,4.75,2361.23,2356.48,33.0,53,rotation (out of top-N),2022-01-31,26.08,,5,0.4,,32.24,,154,2022-04-18,29.99,,4.54,0.9,,22.7,,231
SELL,171,TECK,2022-02-08,32.38,4.57,2022-02-01,29.67,0.07,0.07,12.38,12.31,9.08,5,equal-weight sizing trim,2022-01-31,31.26,,5,0.5,,29.07,,999,2022-02-07,34.26,,5,0.0,,39.98,,999
SELL,171,TECK,2022-02-15,33.16,3.09,2022-02-01,29.67,0.05,0.05,10.78,10.73,11.71,10,equal-weight sizing trim,2022-01-31,31.26,,5,0.5,,29.07,,999,2022-02-14,33.38,,5,0.2,,35.07,,999
SELL,171,TECK,2022-03-08,38.68,9.61,2022-02-01,29.83,0.14,0.19,85.09,84.91,29.61,24,equal-weight sizing trim,2022-01-31,31.26,,5,0.5,,29.07,,999,2022-03-07,39.38,,5,-0.6,,52.38,,999
SELL,171,TECK,2022-03-22,38.77,217.28,2022-02-01,30.09,3.27,4.21,1885.88,1881.67,28.78,34,rotation (out of top-N),2022-01-31,31.26,,5,0.5,,29.07,,999,2022-03-21,38.45,,5,-0.2,,44.02,,999
SELL,172,XOM,2022-02-08,70.48,0.64,2022-02-01,65.54,0.02,0.02,3.18,3.16,7.48,5,equal-weight sizing trim,2022-01-31,69.71,,5,0.3,,33.75,,999,2022-02-07,69.41,,5,0.4,,32.02,,999
SELL,172,XOM,2022-02-15,66.58,97.37,2022-02-01,65.54,3.19,3.24,101.27,98.03,1.54,10,rotation (out of top-N),2022-01-31,69.71,,5,0.3,,33.75,,999,2022-02-14,67.01,,5,0.7,,26.46,,999
SELL,173,WHD,2022-02-08,46.11,140.11,2022-02-01,45.85,3.21,3.23,36.43,33.2,0.52,5,rotation (out of top-N),2022-01-31,47.43,,5,0.6,,27.96,,999,2022-02-07,47.27,,5,0.7,,26.4,,999
SELL,174,PDS,2022-02-15,52.98,24.03,2022-02-08,44.32,0.53,0.64,208.01,207.38,19.47,5,equal-weight sizing trim,2022-02-07,53.14,,5,-0.1,,41.36,,999,2022-02-14,56.98,,5,-0.4,,48.71,,999
SELL,174,PDS,2022-03-01,59.38,6.59,2022-02-08,44.32,0.15,0.2,99.24,99.04,33.91,14,equal-weight sizing trim,2022-02-07,53.14,,5,-0.1,,41.36,,999,2022-02-28,58.66,,5,-0.4,,48.29,,999
SELL,174,PDS,2022-03-29,67.0,4.95,2022-02-08,45.52,0.11,0.17,106.32,106.15,47.12,34,equal-weight sizing trim,2022-02-07,53.14,,5,-0.1,,41.36,,999,2022-03-28,75.69,,5,-1,,77.69,,999
SELL,174,PDS,2022-04-05,78.16,9.27,2022-02-08,45.52,0.21,0.36,302.5,302.14,71.62,39,equal-weight sizing trim,2022-02-07,53.14,,5,-0.1,,41.36,,999,2022-04-04,77.71,,5,-1,,78.66,,999
SELL,174,PDS,2022-04-12,79.22,0.69,2022-02-08,45.52,0.02,0.03,23.38,23.35,73.96,44,equal-weight sizing trim,2022-02-07,53.14,,5,-0.1,,41.36,,999,2022-04-11,82.45,,5,-1,,85.21,,999
SELL,174,PDS,2022-04-26,71.05,125.73,2022-02-08,47.57,2.99,4.47,2951.53,2947.06,49.27,53,ratchet-ATR exit,2022-02-07,53.14,,5,-0.1,,41.36,,999,2022-04-25,71.9,,5,-0.7,,54.89,,999
SELL,175,CNR,2022-02-15,28.12,276.48,2022-02-08,24.81,3.43,3.89,915.14,911.25,13.28,5,rotation (out of top-N),2022-02-07,28.99,,5,0.0,,39.52,,999,2022-02-14,26.58,,5,0.7,,25.73,,999
SELL,176,CCB,2022-02-15,49.98,137.6,2022-02-08,49.85,3.43,3.44,17.89,14.45,0.21,5,rotation (out of top-N),2022-02-07,49.17,,5,0.4,,32.21,,999,2022-02-14,47.1,,5,0.7,,25.26,,999
SELL,177,TSEM,2022-03-01,46.67,147.36,2022-02-15,46.98,3.46,3.44,-44.95,-48.38,-0.7,9,rotation (out of top-N),2022-02-14,46.97,,5,-0.3,,46.09,,175,2022-02-28,46.95,,5,-0.1,,41.71,,189
SELL,178,BXC,2022-03-01,88.97,0.09,2022-02-15,83.45,0.0,0.0,0.49,0.49,6.56,9,equal-weight sizing trim,2022-02-14,85.61,,5,-0.0,,40.58,,999,2022-02-28,89.05,,5,-0.1,,42.11,,999
SELL,178,BXC,2022-03-08,89.15,82.86,2022-02-15,83.45,3.46,3.69,471.87,468.18,6.77,14,rotation (out of top-N),2022-02-14,85.61,,5,-0.0,,40.58,,999,2022-03-07,88.46,,5,0.1,,38.78,,999
SELL,179,XENE,2022-03-01,32.33,216.66,2022-02-15,31.95,3.46,3.5,82.33,78.83,1.14,9,rotation (out of top-N),2022-02-14,31.28,,5,0.4,,31.52,,133,2022-02-28,30.24,,4.81,0.8,,24.06,,147
SELL,180,IFS,2022-03-01,25.67,269.77,2022-02-15,25.66,3.46,3.46,2.7,-0.76,-0.01,9,rotation (out of top-N),2022-02-14,25.95,,5,2.6,,30.77,,49,2022-02-28,26.28,,5,1.4,,31.06,,63
SELL,181,MIRM,2022-03-01,24.3,317.39,2022-02-15,21.81,3.46,3.86,791.89,788.03,11.38,9,rotation (out of top-N),2022-02-14,23.12,,5,2.7,,38.55,,21,2022-02-28,21.3,,5,3.1,,25.59,,35
SELL,182,CBT,2022-03-01,66.89,107.72,2022-02-15,64.26,3.46,3.6,283.31,279.71,4.04,9,rotation (out of top-N),2022-02-14,67.5,,5,2.7,,31.31,,42,2022-02-28,65.78,,5,2.7,,26.71,,56
SELL,183,ECPG,2022-03-01,66.04,98.04,2022-02-15,70.61,3.46,3.24,-448.02,-451.26,-6.52,9,rotation (out of top-N),2022-02-14,71.69,,5,0.3,,33.03,,999,2022-02-28,66.47,,4.19,1.0,,20.93,,999
SELL,184,CVX,2022-03-08,135.08,0.95,2022-03-01,122.27,0.06,0.06,12.14,12.07,10.42,5,equal-weight sizing trim,2022-02-28,133.85,,5,-0.1,,42.86,,999,2022-03-07,144.19,,5,-0.6,,51.64,,999
SELL,184,CVX,2022-03-15,134.63,59.31,2022-03-01,122.27,3.63,3.99,733.12,729.12,10.05,10,rotation (out of top-N),2022-02-28,133.85,,5,-0.1,,42.86,,999,2022-03-14,135.3,,5,-0.0,,40.54,,999
SELL,185,SQM,2022-03-08,69.39,127.85,2022-03-01,57.63,3.68,4.44,1503.55,1499.11,20.35,5,rotation (out of top-N),2022-02-28,68.81,,5,-0.3,,45.67,,175,2022-03-07,65.88,,5,0.1,,37.54,,182
SELL,186,NTR,2022-03-08,83.79,2.63,2022-03-01,74.99,0.1,0.11,23.18,23.07,11.68,5,equal-weight sizing trim,2022-02-28,82.92,,5,-0.1,,41.77,,999,2022-03-07,88.42,,5,-0.5,,49.05,,999
SELL,186,NTR,2022-03-15,83.71,3.61,2022-03-01,74.99,0.14,0.15,31.44,31.29,11.57,10,equal-weight sizing trim,2022-02-28,82.92,,5,-0.1,,41.77,,999,2022-03-14,87.02,,5,-0.2,,44.77,,999
SELL,186,NTR,2022-04-12,95.38,3.56,2022-03-01,76.37,0.14,0.17,67.65,67.48,24.83,30,equal-weight sizing trim,2022-02-28,82.92,,5,-0.1,,41.77,,999,2022-04-11,98.16,,5,-0.6,,52.52,,999
SELL,186,NTR,2022-04-26,87.8,98.84,2022-03-01,76.59,3.79,4.34,1107.59,1103.25,14.57,39,rotation (out of top-N),2022-02-28,82.92,,5,-0.1,,41.77,,999,2022-04-25,86.13,,5,0.5,,30.04,,999
SELL,187,ANDE,2022-03-08,43.48,173.41,2022-03-01,42.49,3.68,3.77,171.67,167.9,2.28,5,rotation (out of top-N),2022-02-28,44.78,,5,-0.2,,43.65,,999,2022-03-07,40.72,,5,0.5,,29.57,,999
SELL,188,MTDR,2022-03-15,44.97,161.14,2022-03-01,46.62,3.76,3.62,-265.36,-268.98,-3.58,10,rotation (out of top-N),2022-02-28,49.73,,5,-0.1,,42.98,,999,2022-03-14,49.01,,5,0.1,,37.27,,999
SELL,189,LNTH,2022-03-08,51.06,0.02,2022-03-01,46.95,0.0,0.0,0.08,0.08,8.7,5,equal-weight sizing trim,2022-02-28,52.32,,5,-1,,89.66,,999,2022-03-07,51.91,,5,-1,,83.64,,999
SELL,189,LNTH,2022-03-15,50.0,2.86,2022-03-01,46.95,0.07,0.07,8.73,8.66,6.44,10,equal-weight sizing trim,2022-02-28,52.32,,5,-1,,89.66,,999,2022-03-14,54.98,,5,-1,,89.36,,999
SELL,189,LNTH,2022-04-12,59.45,6.24,2022-03-01,47.44,0.15,0.19,74.98,74.79,25.25,30,equal-weight sizing trim,2022-02-28,52.32,,5,-1,,89.66,,999,2022-04-11,60.27,,5,-1,,87.96,,999
SELL,189,LNTH,2022-04-26,59.87,10.34,2022-03-01,47.85,0.25,0.31,124.28,123.97,25.06,39,equal-weight sizing trim,2022-02-28,52.32,,5,-1,,89.66,,999,2022-04-25,66.47,,5,-1,,96.04,,999
SELL,189,LNTH,2022-05-03,66.12,8.9,2022-03-01,47.85,0.21,0.29,162.52,162.23,38.11,44,equal-weight sizing trim,2022-02-28,52.32,,5,-1,,89.66,,999,2022-05-02,64.16,,5,-1,,84.06,,999
SELL,189,LNTH,2022-05-10,56.63,142.79,2022-03-01,47.85,3.42,4.04,1254.54,1250.5,18.3,49,ratchet-ATR exit,2022-02-28,52.32,,5,-1,,89.66,,999,2022-05-09,63.98,,5,-1,,78.78,,999
SELL,190,MOS,2022-03-08,53.25,6.61,2022-03-01,46.91,0.15,0.18,41.89,41.72,13.46,5,equal-weight sizing trim,2022-02-28,53.4,,5,-1,,61.09,,999,2022-03-07,55.31,,5,-1,,63.96,,999
SELL,190,MOS,2022-03-15,51.26,0.2,2022-03-01,46.91,0.0,0.01,0.85,0.85,9.22,10,equal-weight sizing trim,2022-02-28,53.4,,5,-1,,61.09,,999,2022-03-14,55.64,,5,-1,,61.94,,999
SELL,190,MOS,2022-03-22,59.52,5.02,2022-03-01,46.91,0.12,0.15,63.33,63.18,26.82,15,equal-weight sizing trim,2022-02-28,53.4,,5,-1,,61.09,,999,2022-03-21,63.7,,5,-1,,80.52,,999
SELL,190,MOS,2022-04-05,60.61,0.32,2022-03-01,47.38,0.01,0.01,4.19,4.18,27.87,25,equal-weight sizing trim,2022-02-28,53.4,,5,-1,,61.09,,999,2022-04-04,65.91,,5,-1,,78.06,,999
SELL,190,MOS,2022-04-12,66.58,12.64,2022-03-01,47.38,0.3,0.42,242.68,242.26,40.46,30,equal-weight sizing trim,2022-02-28,53.4,,5,-1,,61.09,,999,2022-04-11,67.9,,5,-1,,78.65,,999
SELL,190,MOS,2022-04-26,58.28,142.12,2022-03-01,47.67,3.39,4.14,1508.4,1504.26,22.21,39,ratchet-ATR exit,2022-02-28,53.4,,5,-1,,61.09,,999,2022-04-25,55.8,,5,-0.0,,40.99,,999
SELL,191,SBR,2022-03-15,34.95,188.34,2022-03-01,40.27,3.79,3.29,-1002.55,-1005.84,-13.26,10,rotation (out of top-N),2022-02-28,40.84,,5,-0.2,,44.51,,999,2022-03-14,37.9,,5,0.5,,30.63,,999
SELL,192,OVV,2022-03-08,44.08,177.72,2022-03-01,41.46,3.68,3.92,465.62,461.7,6.27,5,rotation (out of top-N),2022-02-28,43.37,,5,-0.3,,45.21,,999,2022-03-07,40.92,,5,0.2,,35.46,,999
SELL,193,CNR,2022-03-08,33.55,253.64,2022-03-01,29.05,3.68,4.25,1141.36,1137.11,15.43,5,rotation (out of top-N),2022-02-28,33.14,,5,-0.5,,50.7,,999,2022-03-07,30.69,,5,0.1,,37.19,,999
SELL,194,CF,2022-03-08,84.01,2.75,2022-03-01,75.09,0.1,0.12,24.56,24.44,11.82,5,equal-weight sizing trim,2022-02-28,83.28,,5,-0.7,,54.49,,999,2022-03-07,87.7,,5,-1.0,,59.88,,999
SELL,194,CF,2022-03-15,85.28,5.05,2022-03-01,75.09,0.19,0.22,51.45,51.24,13.51,10,equal-weight sizing trim,2022-02-28,83.28,,5,-0.7,,54.49,,999,2022-03-14,86.94,,5,-0.8,,55.76,,999
SELL,194,CF,2022-04-12,99.31,4.6,2022-03-01,76.31,0.18,0.23,105.9,105.67,30.07,30,equal-weight sizing trim,2022-02-28,83.28,,5,-0.7,,54.49,,999,2022-04-11,99.05,,5,-1,,62.41,,999
SELL,194,CF,2022-04-26,88.46,99.27,2022-03-01,77.53,3.85,4.39,1085.39,1080.99,14.05,39,ratchet-ATR exit,2022-02-28,83.28,,5,-0.7,,54.49,,999,2022-04-25,88.38,,5,0.0,,39.66,,999
SELL,195,HAL,2022-03-15,31.74,11.34,2022-03-01,31.32,0.18,0.18,4.79,4.61,1.3,10,equal-weight sizing trim,2022-02-28,31.41,,5,-0.1,,41.75,,147,2022-03-14,33.17,,5,-0.3,,45.89,,161
SELL,195,HAL,2022-04-12,36.57,4.44,2022-03-01,31.51,0.07,0.08,22.48,22.4,16.01,30,equal-weight sizing trim,2022-02-28,31.41,,5,-0.1,,41.75,,147,2022-04-11,37.51,,5,-0.7,,54.53,,189
SELL,195,HAL,2022-04-26,32.76,260.43,2022-03-01,31.63,4.12,4.27,293.8,289.53,3.51,39,rotation (out of top-N),2022-02-28,31.41,,5,-0.1,,41.75,,147,2022-04-25,32.78,,5,0.5,,30.89,,203
SELL,196,TSEM,2022-03-15,47.14,7.97,2022-03-08,46.73,0.19,0.19,3.27,3.08,0.83,5,equal-weight sizing trim,2022-03-07,47.16,,5,-0.0,,40.22,,196,2022-03-14,48.38,,5,-0.1,,41.67,,203
SELL,196,TSEM,2022-03-22,48.17,163.4,2022-03-08,46.73,3.82,3.94,235.29,231.36,3.03,10,rotation (out of top-N),2022-03-07,47.16,,5,-0.0,,40.22,,196,2022-03-21,48.83,,5,-0.0,,40.7,,210
SELL,197,BKR,2022-03-15,32.33,12.08,2022-03-08,31.99,0.19,0.2,4.11,3.91,1.01,5,equal-weight sizing trim,2022-03-07,34.18,,5,-0.6,,52.54,,182,2022-03-14,32.1,,5,-0.1,,41.81,,189
SELL,197,BKR,2022-03-29,32.88,263.39,2022-03-08,32.07,4.22,4.33,213.55,209.22,2.48,15,rotation (out of top-N),2022-03-07,34.18,,5,-0.6,,52.54,,182,2022-03-28,33.03,,5,-0.1,,41.67,,203
SELL,198,NBR,2022-04-05,161.6,0.27,2022-03-08,145.06,0.02,0.02,4.42,4.4,11.34,20,equal-weight sizing trim,2022-03-07,159.52,,5,1.4,,57.29,,42,2022-04-04,162.72,,5,0.1,,54.13,,70
SELL,198,NBR,2022-04-12,166.43,1.24,2022-03-08,145.06,0.09,0.1,26.4,26.3,14.67,25,equal-weight sizing trim,2022-03-07,159.52,,5,1.4,,57.29,,42,2022-04-11,195.28,,5,-0.3,,81.25,,77
SELL,198,NBR,2022-04-19,199.51,6.71,2022-03-08,145.06,0.49,0.67,365.39,364.72,37.46,29,equal-weight sizing trim,2022-03-07,159.52,,5,1.4,,57.29,,42,2022-04-18,170.84,,5,-0.2,,55.63,,84
SELL,198,NBR,2022-04-26,159.56,49.39,2022-03-08,145.06,3.58,3.94,716.08,712.14,9.94,34,ratchet-ATR exit,2022-03-07,159.52,,5,1.4,,57.29,,42,2022-04-25,154.54,,5,0.6,,38.65,,91
SELL,199,PBF,2022-03-15,19.23,38.25,2022-03-08,18.25,0.35,0.37,37.48,37.11,5.32,5,equal-weight sizing trim,2022-03-07,22.64,,5,-0.0,,80.44,,63,2022-03-14,18.55,,5,0.5,,47.02,,70
SELL,199,PBF,2022-04-05,23.02,39.59,2022-03-08,18.41,0.36,0.46,182.54,182.09,24.98,20,equal-weight sizing trim,2022-03-07,22.64,,5,-0.0,,80.44,,63,2022-04-04,23.48,,5,-0.5,,77.27,,91
SELL,199,PBF,2022-04-12,23.45,4.34,2022-03-08,18.41,0.04,0.05,21.88,21.83,27.32,25,equal-weight sizing trim,2022-03-07,22.64,,5,-0.0,,80.44,,63,2022-04-11,24.5,,5,-0.6,,80.71,,98
SELL,199,PBF,2022-04-19,26.13,21.05,2022-03-08,18.41,0.19,0.28,162.54,162.26,41.87,29,equal-weight sizing trim,2022-03-07,22.64,,5,-0.0,,80.44,,63,2022-04-18,23.89,,5,-0.8,,71.41,,105
SELL,199,PBF,2022-04-26,23.3,377.14,2022-03-08,18.41,3.47,4.39,1844.44,1840.05,26.5,34,ratchet-ATR exit,2022-03-07,22.64,,5,-0.0,,80.44,,63,2022-04-25,26.05,,5,-0.9,,81.07,,112
SELL,200,FLR,2022-03-15,27.76,335.35,2022-03-08,23.88,4.0,4.65,1301.15,1296.49,16.19,5,rotation (out of top-N),2022-03-07,28.53,,5,-0.2,,43.92,,119,2022-03-14,28.13,,5,-0.0,,40.34,,126
SELL,201,TDW,2022-03-15,20.78,106.28,2022-03-08,16.79,0.89,1.1,424.06,422.96,23.7,5,equal-weight sizing trim,2022-03-07,20.6,,5,1.3,,65.47,,42,2022-03-14,20.48,,5,1.2,,62.45,,49
SELL,201,TDW,2022-04-05,21.94,0.36,2022-03-08,17.3,0.0,0.0,1.65,1.65,26.73,20,equal-weight sizing trim,2022-03-07,20.6,,5,1.3,,65.47,,42,2022-04-04,21.9,,5,-0.2,,64.42,,70
SELL,201,TDW,2022-04-19,23.24,17.45,2022-03-08,17.47,0.15,0.2,100.64,100.44,32.95,29,equal-weight sizing trim,2022-03-07,20.6,,5,1.3,,65.47,,42,2022-04-18,20.09,,5,0.3,,45.46,,84
SELL,201,TDW,2022-04-26,19.51,424.04,2022-03-08,17.47,3.7,4.14,864.59,860.46,11.61,34,ratchet-ATR exit,2022-03-07,20.6,,5,1.3,,65.47,,42,2022-04-25,19.99,,5,0.4,,42.44,,91
SELL,202,BXC,2022-03-22,94.07,92.89,2022-03-15,82.88,3.85,4.37,1039.45,1035.08,13.44,5,rotation (out of top-N),2022-03-14,93.1,,5,-0.2,,43.18,,999,2022-03-21,79.62,,4.14,1.0,,20.72,,999
SELL,203,MATX,2022-03-22,114.68,70.68,2022-03-15,108.93,3.85,4.05,406.39,402.34,5.23,5,rotation (out of top-N),2022-03-14,114.14,,5,-0.2,,44.09,,999,2022-03-21,114.67,,5,-0.1,,42.19,,999
SELL,204,ACLS,2022-03-22,79.95,128.38,2022-03-15,59.97,3.85,5.13,2564.97,2559.84,33.25,5,rotation (out of top-N),2022-03-14,80.46,,5,-0.3,,45.98,,999,2022-03-21,78.57,,5,-0.0,,40.0,,999
SELL,205,SEI,2022-03-22,10.26,868.94,2022-03-15,8.86,3.85,4.46,1216.51,1212.05,15.74,5,rotation (out of top-N),2022-03-14,9.71,,5,2.6,,41.07,,21,2022-03-21,10.42,,5,2.0,,49.9,,28
SELL,206,CAR,2022-03-22,263.96,4.56,2022-03-15,206.33,0.47,0.6,262.91,262.31,27.87,5,equal-weight sizing trim,2022-03-14,269.01,,5,-1,,76.02,,999,2022-03-21,249.77,,5,-0.9,,58.93,,999
SELL,206,CAR,2022-04-05,266.78,34.01,2022-03-15,208.01,3.54,4.54,1998.54,1994.0,28.19,15,rotation (out of top-N),2022-03-14,269.01,,5,-1,,76.02,,999,2022-04-04,232.36,,5,-0.0,,40.52,,999
SELL,207,CVX,2022-03-22,137.83,57.18,2022-03-15,134.63,3.85,3.94,182.99,179.05,2.33,5,rotation (out of top-N),2022-03-14,135.3,,5,-0.0,,40.54,,999,2022-03-21,142.86,,5,-0.3,,46.15,,999
SELL,208,OVV,2022-03-22,45.38,15.29,2022-03-15,37.41,0.29,0.35,121.89,121.55,21.24,5,equal-weight sizing trim,2022-03-14,42.99,,5,-0.0,,40.53,,999,2022-03-21,49.37,,5,-0.9,,58.28,,999
SELL,208,OVV,2022-03-29,46.64,6.88,2022-03-15,37.41,0.13,0.16,63.48,63.32,24.61,10,equal-weight sizing trim,2022-03-14,42.99,,5,-0.0,,40.53,,999,2022-03-28,49.47,,5,-0.8,,56.05,,999
SELL,208,OVV,2022-04-12,45.91,187.54,2022-03-15,37.66,3.53,4.3,1547.09,1542.78,21.84,20,rotation (out of top-N),2022-03-14,42.99,,5,-0.0,,40.53,,999,2022-04-11,47.63,,5,-0.3,,45.73,,999
SELL,209,SQM,2022-03-29,71.94,1.68,2022-03-22,71.57,0.06,0.06,0.62,0.56,0.47,5,equal-weight sizing trim,2022-03-21,74.6,,5,-0.5,,50.65,,196,2022-03-28,78.03,,5,-0.7,,54.66,,203
SELL,209,SQM,2022-04-05,78.43,0.9,2022-03-22,71.57,0.03,0.04,6.16,6.13,9.53,10,equal-weight sizing trim,2022-03-21,74.6,,5,-0.5,,50.65,,196,2022-04-04,75.23,,5,-0.3,,46.66,,210
SELL,209,SQM,2022-04-12,73.83,118.15,2022-03-22,71.57,4.23,4.36,267.01,262.65,3.11,15,rotation (out of top-N),2022-03-21,74.6,,5,-0.5,,50.65,,196,2022-04-11,72.68,,5,0.0,,39.55,,217
SELL,210,ANDE,2022-03-29,48.05,196.02,2022-03-22,44.08,4.32,4.71,778.2,773.49,8.95,5,rotation (out of top-N),2022-03-21,51.14,,5,-0.9,,58.14,,999,2022-03-28,46.56,,5,-0.1,,41.95,,999
SELL,211,IRTC,2022-03-29,149.5,4.47,2022-03-22,139.91,0.31,0.33,42.85,42.52,6.8,5,equal-weight sizing trim,2022-03-21,143.91,,5,-1.0,,62.37,,119,2022-03-28,162.87,,5,-1,,78.94,,126
SELL,211,IRTC,2022-04-05,169.54,2.63,2022-03-22,139.91,0.18,0.22,77.9,77.68,21.11,10,equal-weight sizing trim,2022-03-21,143.91,,5,-1.0,,62.37,,119,2022-04-04,151.72,,5,-1,,62.73,,133
SELL,211,IRTC,2022-04-12,148.63,54.66,2022-03-22,139.92,3.82,4.06,476.32,472.26,6.18,15,ratchet-ATR exit,2022-03-21,143.91,,5,-1.0,,62.37,,119,2022-04-11,144.52,,5,-0.6,,51.64,,140
SELL,212,DVN,2022-04-19,52.72,182.13,2022-03-22,50.84,4.63,4.8,342.74,337.94,3.65,19,rotation (out of top-N),2022-03-21,52.11,,5,-0.9,,58.0,,999,2022-04-18,48.41,,5,0.2,,35.18,,999
SELL,213,EQT,2022-03-29,31.06,47.4,2022-03-22,26.74,0.63,0.74,204.79,204.05,16.1,5,equal-weight sizing trim,2022-03-21,32.25,,5,-1,,60.82,,999,2022-03-28,33.85,,5,-1,,66.06,,999
SELL,213,EQT,2022-04-05,34.81,9.53,2022-03-22,26.74,0.13,0.17,76.93,76.76,30.11,10,equal-weight sizing trim,2022-03-21,32.25,,5,-1,,60.82,,999,2022-04-04,35.99,,5,-1,,73.2,,999
SELL,213,EQT,2022-04-12,37.4,16.53,2022-03-22,26.74,0.22,0.31,176.19,175.88,39.8,15,equal-weight sizing trim,2022-03-21,32.25,,5,-1,,60.82,,999,2022-04-11,39.8,,5,-1,,87.15,,999
SELL,213,EQT,2022-04-19,41.41,11.69,2022-03-22,26.74,0.16,0.24,171.5,171.26,54.78,19,equal-weight sizing trim,2022-03-21,32.25,,5,-1,,60.82,,999,2022-04-18,37.36,,5,-1,,71.71,,999
SELL,213,EQT,2022-04-26,37.68,237.98,2022-03-22,26.74,3.18,4.48,2603.48,2599.0,40.84,24,ratchet-ATR exit,2022-03-21,32.25,,5,-1,,60.82,,999,2022-04-25,37.35,,5,-1,,68.09,,999
SELL,214,CNR,2022-03-29,33.28,10.84,2022-03-22,32.22,0.17,0.18,11.49,11.31,3.24,5,equal-weight sizing trim,2022-03-21,37.49,,5,-1,,61.03,,999,2022-03-28,35.66,,5,-0.5,,50.08,,999
SELL,214,CNR,2022-04-05,36.09,0.58,2022-03-22,32.22,0.01,0.01,2.25,2.24,11.96,10,equal-weight sizing trim,2022-03-21,37.49,,5,-1,,61.03,,999,2022-04-04,35.78,,5,-0.4,,47.6,,999
SELL,214,CNR,2022-04-19,43.58,32.75,2022-03-22,32.25,0.53,0.71,370.96,370.24,35.06,19,equal-weight sizing trim,2022-03-21,37.49,,5,-1,,61.03,,999,2022-04-18,38.29,,5,-0.5,,50.35,,999
SELL,214,CNR,2022-04-26,38.67,226.13,2022-03-22,32.25,3.65,4.37,1451.41,1447.03,19.84,24,ratchet-ATR exit,2022-03-21,37.49,,5,-1,,61.03,,999,2022-04-25,43.77,,5,-1,,67.54,,999
SELL,215,NRP,2022-03-29,33.12,5.58,2022-03-22,32.71,0.09,0.09,2.29,2.19,1.2,5,equal-weight sizing trim,2022-03-21,33.78,,5,-0.6,,52.79,,999,2022-03-28,32.95,,5,-0.3,,46.21,,999
SELL,215,NRP,2022-04-12,35.75,17.65,2022-03-22,32.75,0.29,0.32,52.99,52.68,9.11,15,equal-weight sizing trim,2022-03-21,33.78,,5,-0.6,,52.79,,999,2022-04-11,35.48,,5,-0.5,,50.79,,999
SELL,215,NRP,2022-04-26,35.18,27.9,2022-03-22,32.9,0.46,0.49,63.73,63.24,6.89,24,equal-weight sizing trim,2022-03-21,33.78,,5,-0.6,,52.79,,999,2022-04-25,36.23,,5,-0.4,,47.53,,999
SELL,215,NRP,2022-05-10,37.25,8.25,2022-03-22,32.93,0.14,0.15,35.63,35.47,13.05,34,equal-weight sizing trim,2022-03-21,33.78,,5,-0.6,,52.79,,999,2022-05-09,37.81,,5,-0.4,,47.22,,999
SELL,215,NRP,2022-06-07,37.78,280.68,2022-03-22,33.41,4.69,5.3,1227.5,1222.2,13.03,53,rotation (out of top-N),2022-03-21,33.78,,5,-0.6,,52.79,,999,2022-06-06,36.65,,5,0.4,,31.44,,999
SELL,216,TECK,2022-04-05,39.15,232.61,2022-03-29,36.8,4.28,4.55,546.62,542.07,6.33,5,rotation (out of top-N),2022-03-28,40.2,,5,-0.4,,48.0,,999,2022-04-04,39.05,,5,-0.1,,41.51,,999
SELL,217,CALM,2022-04-05,45.73,216.21,2022-03-29,39.59,4.28,4.94,1327.55,1322.6,15.45,5,rotation (out of top-N),2022-03-28,45.37,,5,0.0,,51.48,,84,2022-04-04,43.08,,5,0.4,,42.01,,91
SELL,218,ANDE,2022-04-12,51.25,16.17,2022-04-05,46.69,0.38,0.41,73.73,73.31,9.71,5,equal-weight sizing trim,2022-04-04,50.24,,5,-0.5,,50.55,,999,2022-04-11,54.28,,5,-1.0,,59.35,,999
SELL,218,ANDE,2022-04-26,48.28,191.8,2022-04-05,46.92,4.5,4.63,259.94,255.31,2.84,14,rotation (out of top-N),2022-04-04,50.24,,5,-0.5,,50.55,,999,2022-04-25,46.76,,5,0.4,,32.62,,999
SELL,219,IMO,2022-04-12,46.48,202.09,2022-04-05,45.83,4.63,4.7,131.36,126.66,1.37,5,rotation (out of top-N),2022-04-04,46.56,,5,-0.2,,44.73,,999,2022-04-11,46.29,,5,-0.1,,41.67,,999
SELL,220,MIRM,2022-04-12,26.48,19.62,2022-04-05,24.88,0.24,0.26,31.4,31.14,6.38,5,equal-weight sizing trim,2022-04-04,27.45,,5,0.1,,54.87,,70,2022-04-11,27.57,,5,0.1,,53.15,,77
SELL,220,MIRM,2022-04-26,26.07,379.45,2022-04-05,24.96,4.73,4.95,422.31,417.36,4.41,14,rotation (out of top-N),2022-04-04,27.45,,5,0.1,,54.87,,70,2022-04-25,23.8,,5,1.0,,28.96,,91
SELL,221,ATI,2022-04-19,29.27,4.06,2022-04-12,27.39,0.06,0.06,7.63,7.58,6.81,4,equal-weight sizing trim,2022-04-11,30.33,,5,0.3,,52.54,,63,2022-04-18,28.53,,5,0.7,,41.98,,70
SELL,221,ATI,2022-04-26,27.44,5.72,2022-04-12,27.39,0.08,0.08,0.29,0.21,0.13,9,equal-weight sizing trim,2022-04-11,30.33,,5,0.3,,52.54,,63,2022-04-25,27.18,,5,1.0,,34.04,,77
SELL,221,ATI,2022-05-03,26.91,330.96,2022-04-12,27.39,4.53,4.45,-158.86,-163.32,-1.8,14,rotation (out of top-N),2022-04-11,30.33,,5,0.3,,52.54,,63,2022-05-02,26.65,,5,1.1,,30.44,,84
SELL,222,SBR,2022-04-19,46.04,1.89,2022-04-12,43.22,0.04,0.04,5.34,5.3,6.47,4,equal-weight sizing trim,2022-04-11,44.77,,5,-0.3,,45.91,,999,2022-04-18,43.83,,5,-0.0,,40.65,,999
SELL,222,SBR,2022-04-26,44.31,214.05,2022-04-12,43.22,4.63,4.74,233.31,228.57,2.47,9,ratchet-ATR exit,2022-04-11,44.77,,5,-0.3,,45.91,,999,2022-04-25,43.6,,5,0.1,,37.87,,999
SELL,223,CAR,2022-04-26,281.57,6.22,2022-04-12,248.33,0.77,0.88,206.75,205.88,13.33,9,equal-weight sizing trim,2022-04-11,252.09,,5,-0.4,,48.37,,999,2022-04-25,254.47,,5,-0.1,,41.56,,999
SELL,223,CAR,2022-05-03,286.62,32.25,2022-04-12,248.33,4.0,4.62,1235.01,1230.39,15.36,14,rotation (out of top-N),2022-04-11,252.09,,5,-0.4,,48.37,,999,2022-05-02,243.58,,5,0.4,,32.46,,999
SELL,224,TECK,2022-04-19,41.5,243.3,2022-04-12,38.36,4.67,5.05,763.96,758.91,8.13,4,rotation (out of top-N),2022-04-11,41.09,,5,-0.3,,46.37,,999,2022-04-18,35.46,,4.92,0.8,,24.62,,999
SELL,225,OVV,2022-04-26,44.79,205.86,2022-04-12,45.93,4.73,4.61,-235.61,-240.22,-2.54,9,ratchet-ATR exit,2022-04-11,47.63,,5,-0.3,,45.73,,999,2022-04-25,45.85,,5,0.2,,35.75,,999
SELL,226,EXE,2022-04-19,77.44,121.57,2022-04-12,76.77,4.67,4.71,81.45,76.74,0.82,4,rotation (out of top-N),2022-04-11,78.01,,5,-0.2,,44.94,,999,2022-04-18,71.57,,5,0.4,,31.05,,999
SELL,227,TRGP,2022-04-26,67.75,138.11,2022-04-19,71.32,4.92,4.68,-493.04,-497.72,-5.05,5,rotation (out of top-N),2022-04-18,69.34,,5,0.2,,35.55,,999,2022-04-25,67.21,,5,0.5,,29.56,,999
SELL,228,NUE,2022-04-26,149.13,62.16,2022-04-19,158.45,4.92,4.64,-579.36,-584.0,-5.93,5,rotation (out of top-N),2022-04-18,151.62,,5,0.1,,37.17,,999,2022-04-25,145.89,,5,0.5,,30.28,,999
SELL,229,VIST,2022-05-03,8.66,1117.72,2022-04-19,9.0,5.03,4.84,-379.35,-384.19,-3.82,10,rotation (out of top-N),2022-04-18,8.58,,5,0.0,,39.39,,999,2022-05-02,8.63,,5,0.2,,35.64,,999
SELL,230,CALM,2022-04-26,41.98,235.75,2022-04-19,41.78,4.92,4.95,47.15,42.2,0.43,5,rotation (out of top-N),2022-04-18,43.7,,5,0.2,,40.59,,105,2022-04-25,41.67,,5,0.5,,32.51,,112
SELL,231,DVN,2022-05-03,50.78,5.41,2022-04-26,47.44,0.13,0.14,18.06,17.93,6.99,5,equal-weight sizing trim,2022-04-25,48.48,,5,0.4,,32.76,,999,2022-05-02,58.09,,5,-0.8,,55.08,,999
SELL,231,DVN,2022-05-10,53.0,8.12,2022-04-26,47.44,0.19,0.22,45.14,44.93,11.66,10,equal-weight sizing trim,2022-04-25,48.48,,5,0.4,,32.76,,999,2022-05-09,57.28,,5,-0.5,,49.34,,999
SELL,231,DVN,2022-05-17,60.35,4.29,2022-04-26,47.44,0.1,0.13,55.43,55.3,27.15,15,equal-weight sizing trim,2022-04-25,48.48,,5,0.4,,32.76,,999,2022-05-16,58.13,,5,-0.4,,48.08,,999
SELL,231,DVN,2022-06-14,60.55,185.47,2022-04-26,48.28,4.48,5.62,2276.08,2270.47,25.36,34,rotation (out of top-N),2022-04-25,48.48,,5,0.4,,32.76,,999,2022-06-13,49.05,,2.82,1.3,,14.11,,999
SELL,232,SU,2022-05-03,30.67,30.73,2022-04-26,26.81,0.41,0.47,118.61,118.14,14.34,5,equal-weight sizing trim,2022-04-25,30.63,,5,-0.0,,40.84,,196,2022-05-02,31.55,,5,-0.1,,42.55,,203
SELL,232,SU,2022-05-24,33.05,1.91,2022-04-26,27.07,0.03,0.03,11.41,11.38,22.05,20,equal-weight sizing trim,2022-04-25,30.63,,5,-0.0,,40.84,,196,2022-05-23,34.6,,5,-0.4,,47.72,,224
SELL,232,SU,2022-06-14,34.56,12.47,2022-04-26,27.39,0.17,0.22,89.38,89.17,26.12,34,equal-weight sizing trim,2022-04-25,30.63,,5,-0.0,,40.84,,196,2022-06-13,29.49,,3.82,1.0,,19.1,,245
SELL,232,SU,2022-06-28,31.62,323.64,2022-04-26,27.39,4.43,5.12,1369.26,1364.14,15.39,43,rotation (out of top-N),2022-04-25,30.63,,5,-0.0,,40.84,,196,2022-06-27,30.57,,4.03,1.0,,20.14,,259
SELL,233,DK,2022-05-03,20.92,23.67,2022-04-26,19.11,0.23,0.25,42.85,42.6,9.42,5,equal-weight sizing trim,2022-04-25,20.46,,5,2.5,,32.85,,49,2022-05-02,23.52,,5,1.5,,50.56,,56
SELL,233,DK,2022-05-10,21.16,5.95,2022-04-26,19.11,0.06,0.06,12.19,12.13,10.67,10,equal-weight sizing trim,2022-04-25,20.46,,5,2.5,,32.85,,49,2022-05-09,23.12,,5,0.7,,45.93,,63
SELL,233,DK,2022-05-17,24.39,16.02,2022-04-26,19.11,0.15,0.2,84.59,84.4,27.57,15,equal-weight sizing trim,2022-04-25,20.46,,5,2.5,,32.85,,49,2022-05-16,23.84,,5,0.4,,48.13,,70
SELL,233,DK,2022-06-07,27.68,23.15,2022-04-26,19.33,0.22,0.32,193.23,192.91,43.1,29,equal-weight sizing trim,2022-04-25,20.46,,5,2.5,,32.85,,49,2022-06-06,28.24,,5,-0.5,,65.33,,91
SELL,233,DK,2022-06-14,27.41,20.58,2022-04-26,19.33,0.2,0.28,166.18,165.9,41.7,34,equal-weight sizing trim,2022-04-25,20.46,,5,2.5,,32.85,,49,2022-06-13,23.02,,5,0.7,,32.98,,98
SELL,233,DK,2022-06-28,24.31,408.06,2022-04-26,19.33,3.94,4.96,2030.49,2025.53,25.67,43,ratchet-ATR exit,2022-04-25,20.46,,5,2.5,,32.85,,49,2022-06-27,22.55,,5,0.8,,27.53,,112
SELL,234,IMO,2022-05-03,46.34,8.49,2022-04-26,42.77,0.18,0.2,30.29,30.1,8.29,5,equal-weight sizing trim,2022-04-25,45.83,,5,0.2,,35.98,,999,2022-05-02,48.13,,5,-0.0,,40.34,,999
SELL,234,IMO,2022-05-10,45.46,203.74,2022-04-26,42.77,4.36,4.63,548.07,543.44,6.24,10,rotation (out of top-N),2022-04-25,45.83,,5,0.2,,35.98,,999,2022-05-09,45.32,,5,0.5,,30.15,,999
SELL,235,SEI,2022-05-03,10.27,95.21,2022-04-26,8.95,0.43,0.49,125.96,125.47,14.73,5,equal-weight sizing trim,2022-04-25,9.8,,5,1.1,,36.37,,63,2022-05-02,10.65,,5,0.5,,46.49,,70
SELL,235,SEI,2022-05-17,11.21,26.78,2022-04-26,8.98,0.12,0.15,59.61,59.45,24.71,15,equal-weight sizing trim,2022-04-25,9.8,,5,1.1,,36.37,,63,2022-05-16,10.95,,5,0.3,,46.45,,84
SELL,235,SEI,2022-06-07,12.28,0.43,2022-04-26,9.05,0.0,0.0,1.39,1.39,35.57,29,equal-weight sizing trim,2022-04-25,9.8,,5,1.1,,36.37,,63,2022-06-06,12.1,,5,-0.4,,52.61,,105
SELL,235,SEI,2022-06-14,11.26,966.18,2022-04-26,9.05,4.37,5.44,2132.09,2126.65,24.31,34,ratchet-ATR exit,2022-04-25,9.8,,5,1.1,,36.37,,63,2022-06-13,9.56,,3.86,1.2,,19.29,,112
SELL,236,VLO,2022-05-03,102.81,9.57,2022-04-26,89.51,0.43,0.49,127.33,126.84,14.8,5,equal-weight sizing trim,2022-04-25,98.18,,5,-0.1,,41.34,,119,2022-05-02,113.79,,5,-1,,60.52,,126
SELL,236,VLO,2022-05-10,106.09,3.0,2022-04-26,89.51,0.13,0.16,49.82,49.66,18.46,10,equal-weight sizing trim,2022-04-25,98.18,,5,-0.1,,41.34,,119,2022-05-09,110.76,,5,-0.7,,53.34,,133
SELL,236,VLO,2022-06-07,122.54,1.45,2022-04-26,91.47,0.07,0.09,44.96,44.87,33.9,29,equal-weight sizing trim,2022-04-25,98.18,,5,-0.1,,41.34,,119,2022-06-06,124.75,,5,-1.0,,59.0,,161
SELL,236,VLO,2022-06-14,119.84,3.49,2022-04-26,91.47,0.16,0.21,99.02,98.81,30.94,34,equal-weight sizing trim,2022-04-25,98.18,,5,-0.1,,41.34,,119,2022-06-13,99.87,,5,0.7,,25.48,,168
SELL,236,VLO,2022-06-28,101.46,93.33,2022-04-26,91.47,4.27,4.73,932.05,927.31,10.86,43,rotation (out of top-N),2022-04-25,98.18,,5,-0.1,,41.34,,119,2022-06-27,95.84,,3.54,1.1,,17.69,,182
SELL,237,STNG,2022-05-03,23.44,76.46,2022-04-26,18.94,0.72,0.9,344.06,343.17,23.7,5,equal-weight sizing trim,2022-04-25,22.36,,5,1.8,,50.51,,42,2022-05-02,24.18,,5,1.2,,60.15,,49
SELL,237,STNG,2022-05-17,26.4,24.42,2022-04-26,19.09,0.23,0.32,178.55,178.22,38.23,15,equal-weight sizing trim,2022-04-25,22.36,,5,1.8,,50.51,,42,2022-05-16,26.43,,5,-0.0,,68.04,,63
SELL,237,STNG,2022-05-24,27.68,11.12,2022-04-26,19.09,0.11,0.15,95.55,95.39,44.93,20,equal-weight sizing trim,2022-04-25,22.36,,5,1.8,,50.51,,42,2022-05-23,30.48,,5,-0.2,,88.53,,70
SELL,237,STNG,2022-06-07,32.26,17.75,2022-04-26,19.09,0.17,0.29,233.78,233.49,68.91,29,equal-weight sizing trim,2022-04-25,22.36,,5,1.8,,50.51,,42,2022-06-06,33.67,,5,-0.4,,97.04,,84
SELL,237,STNG,2022-06-14,32.36,22.14,2022-04-26,19.09,0.21,0.36,293.84,293.48,69.43,34,equal-weight sizing trim,2022-04-25,22.36,,5,1.8,,50.51,,42,2022-06-13,30.96,,5,-0.5,,76.89,,91
SELL,237,STNG,2022-06-28,33.59,29.0,2022-04-26,19.09,0.28,0.49,420.54,420.05,75.87,43,equal-weight sizing trim,2022-04-25,22.36,,5,1.8,,50.51,,42,2022-06-27,31.03,,5,-0.8,,69.15,,105
SELL,237,STNG,2022-07-12,28.65,316.64,2022-04-26,19.09,3.02,4.54,3027.28,3022.75,50.01,52,ratchet-ATR exit,2022-04-25,22.36,,5,1.8,,50.51,,42,2022-07-11,31.81,,5,-1.0,,66.96,,119
SELL,238,ANDE,2022-05-03,47.46,188.01,2022-04-26,48.28,4.54,4.46,-154.17,-158.63,-1.75,5,rotation (out of top-N),2022-04-25,46.76,,5,0.4,,32.62,,999,2022-05-02,36.06,,0.29,1.9,,1.44,,999
SELL,239,CALM,2022-05-03,41.86,216.22,2022-04-26,41.98,4.54,4.53,-25.95,-30.47,-0.34,5,rotation (out of top-N),2022-04-25,41.67,,5,0.5,,32.51,,112,2022-05-02,40.4,,5,0.7,,27.11,,119
SELL,240,HAL,2022-05-03,33.35,277.08,2022-04-26,32.76,4.54,4.62,163.48,158.86,1.75,5,rotation (out of top-N),2022-04-25,32.78,,5,0.5,,30.89,,203,2022-05-02,34.39,,5,0.2,,35.23,,210
SELL,241,NUE,2022-05-03,141.42,60.87,2022-04-26,149.13,4.54,4.3,-469.28,-473.59,-5.22,5,rotation (out of top-N),2022-04-25,145.89,,5,0.5,,30.28,,999,2022-05-02,128.56,,2.8,1.3,,13.99,,999
SELL,242,NTR,2022-05-03,90.21,103.38,2022-04-26,87.8,4.54,4.66,249.15,244.49,2.69,5,rotation (out of top-N),2022-04-25,86.13,,5,0.5,,30.04,,999,2022-05-02,90.96,,5,0.2,,35.29,,999
SELL,243,TECK,2022-05-03,37.86,265.18,2022-04-26,34.23,4.54,5.02,962.6,957.58,10.55,5,rotation (out of top-N),2022-04-25,37.54,,5,0.5,,29.89,,999,2022-05-02,38.01,,5,0.5,,29.66,,999
SELL,244,TSEM,2022-05-03,48.6,186.73,2022-04-26,48.61,4.54,4.54,-1.87,-6.4,-0.07,5,rotation (out of top-N),2022-04-25,48.31,,5,0.5,,29.6,,245,2022-05-02,48.41,,5,0.6,,28.11,,252
SELL,245,TRGP,2022-05-03,68.86,133.98,2022-04-26,67.75,4.54,4.61,148.72,144.1,1.59,5,rotation (out of top-N),2022-04-25,67.21,,5,0.5,,29.56,,999,2022-05-02,69.12,,5,0.4,,31.27,,999
SELL,246,MIRM,2022-05-03,24.09,348.18,2022-04-26,26.07,4.54,4.19,-691.14,-695.33,-7.66,5,rotation (out of top-N),2022-04-25,23.8,,5,1.0,,28.96,,91,2022-05-02,25.19,,5,0.6,,34.49,,98
SELL,247,MUSA,2022-05-03,228.76,39.04,2022-04-26,232.51,4.54,4.47,-146.4,-150.86,-1.66,5,rotation (out of top-N),2022-04-25,228.87,,5,0.6,,28.54,,999,2022-05-02,231.36,,5,0.6,,28.35,,999
SELL,248,DLTR,2022-05-03,164.1,53.93,2022-04-26,168.31,4.54,4.43,-227.05,-231.47,-2.55,5,rotation (out of top-N),2022-04-25,162.46,,5,0.6,,28.43,,161,2022-05-02,164.39,,5,0.6,,28.32,,168
SELL,249,STLD,2022-05-03,78.27,108.49,2022-04-26,83.67,4.54,4.25,-585.83,-590.07,-6.5,5,rotation (out of top-N),2022-04-25,80.78,,5,2.7,,27.75,,56,2022-05-02,74.95,,3.57,2.1,,17.83,,63
SELL,250,ESLT,2022-05-03,201.63,43.32,2022-04-26,209.54,4.54,4.37,-342.65,-347.02,-3.82,5,rotation (out of top-N),2022-04-25,208.72,,5,0.6,,27.49,,259,2022-05-02,198.78,,4.02,1.0,,20.11,,266
SELL,251,BXC,2022-05-10,89.56,134.18,2022-05-03,70.33,4.72,6.01,2580.26,2574.25,27.28,5,rotation (out of top-N),2022-05-02,97.27,,5,0.1,,38.62,,999,2022-05-09,89.25,,5,0.7,,25.76,,999
SELL,252,AMR,2022-05-10,142.19,1.28,2022-05-03,139.69,0.09,0.09,3.2,3.1,1.74,5,equal-weight sizing trim,2022-05-02,163.51,,5,-1,,122.59,,999,2022-05-09,151.67,,5,-1,,98.19,,999
SELL,252,AMR,2022-05-24,158.71,8.27,2022-05-03,139.57,0.58,0.66,158.35,157.7,13.66,15,equal-weight sizing trim,2022-05-02,163.51,,5,-1,,122.59,,999,2022-05-23,170.18,,5,-1,,105.75,,999
SELL,252,AMR,2022-06-14,141.33,71.02,2022-05-03,141.03,5.01,5.02,21.35,16.33,0.16,29,ratchet-ATR exit,2022-05-02,163.51,,5,-1,,122.59,,999,2022-06-13,137.42,,5,-0.6,,51.44,,999
SELL,253,APA,2022-05-17,37.49,2.66,2022-05-03,35.38,0.05,0.05,5.6,5.55,5.91,10,equal-weight sizing trim,2022-05-02,38.52,,5,-0.4,,48.54,,999,2022-05-16,36.39,,5,0.3,,34.99,,999
SELL,253,APA,2022-06-14,40.86,8.02,2022-05-03,35.41,0.14,0.16,43.67,43.5,15.33,29,equal-weight sizing trim,2022-05-02,38.52,,5,-0.4,,48.54,,999,2022-06-13,34.23,,3.29,1.2,,16.47,,999
SELL,253,APA,2022-06-28,34.1,273.74,2022-05-03,35.41,4.85,4.67,-359.25,-363.92,-3.75,38,rotation (out of top-N),2022-05-02,38.52,,5,-0.4,,48.54,,999,2022-06-27,30.87,,0.55,1.9,,2.73,,999
SELL,254,EOG,2022-05-10,100.72,96.58,2022-05-03,97.71,4.72,4.86,290.71,285.84,3.03,5,rotation (out of top-N),2022-05-02,110.53,,5,0.0,,39.68,,999,2022-05-09,103.91,,5,0.5,,29.37,,999
SELL,255,EQT,2022-05-17,38.2,0.21,2022-05-03,37.54,0.0,0.0,0.14,0.13,1.71,10,equal-weight sizing trim,2022-05-02,38.59,,5,-1,,69.59,,999,2022-05-16,38.53,,5,-1,,62.12,,999
SELL,255,EQT,2022-05-24,41.46,16.73,2022-05-03,37.54,0.31,0.35,65.61,65.27,10.39,15,equal-weight sizing trim,2022-05-02,38.59,,5,-1,,69.59,,999,2022-05-23,45.68,,5,-1,,86.22,,999
SELL,255,EQT,2022-06-28,35.4,261.33,2022-05-03,37.63,4.92,4.63,-582.44,-587.06,-5.97,38,rotation (out of top-N),2022-05-02,38.59,,5,-1,,69.59,,999,2022-06-27,32.33,,3.95,1.0,,19.73,,999
SELL,256,EXE,2022-05-10,70.6,136.75,2022-05-03,69.01,4.72,4.83,217.43,212.6,2.25,5,rotation (out of top-N),2022-05-02,77.02,,5,0.1,,37.38,,999,2022-05-09,70.87,,4.98,0.8,,24.91,,999
SELL,257,PDS,2022-05-17,70.9,3.51,2022-05-03,62.98,0.11,0.12,27.78,27.65,12.51,10,equal-weight sizing trim,2022-05-02,65.38,,5,0.1,,38.45,,999,2022-05-16,75.17,,5,-0.7,,53.09,,999
SELL,257,PDS,2022-05-24,76.88,8.88,2022-05-03,62.98,0.28,0.34,123.35,123.01,21.99,15,equal-weight sizing trim,2022-05-02,65.38,,5,0.1,,38.45,,999,2022-05-23,77.35,,5,-0.7,,53.68,,999
SELL,257,PDS,2022-06-14,74.43,141.6,2022-05-03,63.39,4.49,5.27,1562.88,1557.61,17.35,29,rotation (out of top-N),2022-05-02,65.38,,5,0.1,,38.45,,999,2022-06-13,61.5,,3.02,1.2,,15.12,,999
SELL,258,MOS,2022-05-17,57.59,179.19,2022-05-03,54.14,4.85,5.16,617.34,612.18,6.31,10,rotation (out of top-N),2022-05-02,57.22,,5,-0.1,,41.93,,999,2022-05-16,51.78,,4.92,0.8,,24.6,,999
SELL,259,MPC,2022-05-10,84.04,4.8,2022-05-03,80.7,0.19,0.2,16.03,15.83,4.09,5,equal-weight sizing trim,2022-05-02,87.46,,5,0.1,,37.6,,999,2022-05-09,87.43,,5,0.2,,35.6,,999
SELL,259,MPC,2022-06-07,99.94,2.37,2022-05-03,81.31,0.1,0.12,44.13,44.01,22.85,24,equal-weight sizing trim,2022-05-02,87.46,,5,0.1,,37.6,,999,2022-06-06,99.39,,5,-0.2,,44.58,,999
SELL,259,MPC,2022-06-14,96.09,118.72,2022-05-03,81.31,4.83,5.7,1754.82,1749.11,18.12,29,rotation (out of top-N),2022-05-02,87.46,,5,0.1,,37.6,,999,2022-06-13,80.05,,3.05,1.2,,15.23,,999
SELL,260,SBR,2022-05-10,44.5,5.06,2022-05-03,43.52,0.11,0.11,4.96,4.85,2.2,5,equal-weight sizing trim,2022-05-02,45.99,,5,-0.2,,43.13,,999,2022-05-09,46.45,,5,-0.1,,42.25,,999
SELL,260,SBR,2022-06-07,59.29,19.33,2022-05-03,43.7,0.42,0.57,301.44,300.86,35.62,24,equal-weight sizing trim,2022-05-02,45.99,,5,-0.2,,43.13,,999,2022-06-06,58.62,,5,-1,,64.92,,999
SELL,260,SBR,2022-06-14,53.9,200.11,2022-05-03,43.7,4.37,5.39,2042.07,2036.67,23.29,29,ratchet-ATR exit,2022-05-02,45.99,,5,-0.2,,43.13,,999,2022-06-13,43.41,,4.13,1.0,,20.66,,999
SELL,261,OVV,2022-05-10,39.14,206.72,2022-05-03,45.65,4.72,4.05,-1345.75,-1349.8,-14.3,5,rotation (out of top-N),2022-05-02,49.85,,5,-0.2,,44.69,,999,2022-05-09,40.44,,3.17,1.2,,15.86,,999
SELL,262,CNR,2022-05-10,44.46,12.29,2022-05-03,42.08,0.26,0.27,29.26,28.99,5.6,5,equal-weight sizing trim,2022-05-02,49.64,,5,-1,,84.66,,999,2022-05-09,44.4,,5,-1,,61.57,,999
SELL,262,CNR,2022-06-14,45.44,233.37,2022-05-03,42.74,4.99,5.3,630.8,625.5,6.27,29,ratchet-ATR exit,2022-05-02,49.64,,5,-1,,84.66,,999,2022-06-13,42.52,,5,0.1,,38.44,,999
SELL,263,CF,2022-05-17,99.88,110.23,2022-05-03,87.68,4.83,5.51,1345.31,1339.8,13.86,10,rotation (out of top-N),2022-05-02,91.12,,5,-0.1,,41.28,,999,2022-05-16,87.95,,5,0.4,,31.38,,999
SELL,264,PBF,2022-05-17,28.67,5.18,2022-05-03,26.61,0.07,0.07,10.65,10.57,7.67,10,equal-weight sizing trim,2022-05-02,27.95,,5,-1.0,,87.84,,119,2022-05-16,27.62,,5,-1,,74.32,,133
SELL,264,PBF,2022-06-07,36.2,71.02,2022-05-03,26.63,0.95,1.29,679.84,678.56,35.88,24,equal-weight sizing trim,2022-05-02,27.95,,5,-1.0,,87.84,,119,2022-06-06,36.12,,5,-1,,104.05,,154
SELL,264,PBF,2022-06-14,36.02,17.23,2022-05-03,26.63,0.23,0.31,161.87,161.56,35.21,29,equal-weight sizing trim,2022-05-02,27.95,,5,-1.0,,87.84,,119,2022-06-13,29.51,,5,-1,,61.92,,161
SELL,264,PBF,2022-06-28,30.7,310.52,2022-05-03,26.63,4.13,4.77,1264.72,1259.96,15.24,38,ratchet-ATR exit,2022-05-02,27.95,,5,-1.0,,87.84,,119,2022-06-27,27.48,,5,-0.2,,44.02,,175
SELL,265,OXY,2022-05-10,55.89,4.41,2022-05-03,54.54,0.12,0.12,5.95,5.83,2.42,5,equal-weight sizing trim,2022-05-02,61.12,,5,-1,,70.37,,999,2022-05-09,60.34,,5,-1,,64.13,,999
SELL,265,OXY,2022-05-17,64.95,7.39,2022-05-03,54.54,0.2,0.24,76.92,76.68,19.03,10,equal-weight sizing trim,2022-05-02,61.12,,5,-1,,70.37,,999,2022-05-16,59.52,,5,-0.9,,58.1,,999
SELL,265,OXY,2022-06-14,58.5,183.29,2022-05-03,55.43,5.08,5.36,562.93,557.57,5.49,29,ratchet-ATR exit,2022-05-02,61.12,,5,-1,,70.37,,999,2022-06-13,52.5,,5,0.7,,26.58,,999
SELL,266,TDW,2022-05-10,20.61,11.19,2022-05-03,20.14,0.11,0.12,5.2,5.09,2.26,5,equal-weight sizing trim,2022-05-02,21.56,,5,-0.2,,50.87,,98,2022-05-09,21.22,,5,-0.0,,45.97,,105
SELL,266,TDW,2022-05-17,25.58,47.88,2022-05-03,20.14,0.48,0.61,260.23,259.62,26.92,10,equal-weight sizing trim,2022-05-02,21.56,,5,-0.2,,50.87,,98,2022-05-16,25.02,,5,-0.9,,68.14,,112
SELL,266,TDW,2022-06-28,22.87,464.39,2022-05-03,20.78,4.83,5.31,970.23,964.92,10.0,38,ratchet-ATR exit,2022-05-02,21.56,,5,-0.2,,50.87,,98,2022-06-27,20.99,,4.91,0.8,,24.55,,154
SELL,267,CVX,2022-05-17,147.51,68.81,2022-05-10,136.89,4.71,5.08,730.75,725.68,7.7,5,rotation (out of top-N),2022-05-09,141.65,,5,0.4,,31.6,,999,2022-05-16,142.78,,5,0.5,,30.84,,999
SELL,268,SQM,2022-05-17,76.11,2.35,2022-05-10,67.31,0.08,0.09,20.69,20.6,13.02,5,equal-weight sizing trim,2022-05-09,73.62,,5,0.3,,34.22,,245,2022-05-16,84.09,,5,-0.5,,50.74,,252
SELL,268,SQM,2022-05-24,88.49,16.99,2022-05-10,67.31,0.57,0.75,359.85,359.1,31.4,10,equal-weight sizing trim,2022-05-09,73.62,,5,0.3,,34.22,,245,2022-05-23,99.71,,5,-1,,74.29,,259
SELL,268,SQM,2022-06-14,84.04,128.33,2022-05-10,68.83,4.42,5.39,1952.52,1947.13,22.04,24,ratchet-ATR exit,2022-05-09,73.62,,5,0.3,,34.22,,245,2022-06-13,81.38,,5,0.2,,35.06,,280
SELL,269,DINO,2022-05-17,40.85,2.42,2022-05-10,36.4,0.04,0.05,10.79,10.74,12.17,5,equal-weight sizing trim,2022-05-09,39.74,,5,0.2,,35.1,,126,2022-05-16,39.73,,5,0.3,,33.48,,133
SELL,269,DINO,2022-06-07,46.58,13.88,2022-05-10,36.55,0.25,0.32,139.19,138.86,27.37,19,equal-weight sizing trim,2022-05-09,39.74,,5,0.2,,35.1,,126,2022-06-06,48.2,,5,-0.7,,54.43,,154
SELL,269,DINO,2022-06-14,47.36,18.55,2022-05-10,36.55,0.34,0.44,200.47,200.03,29.5,24,equal-weight sizing trim,2022-05-09,39.74,,5,0.2,,35.1,,126,2022-06-13,38.49,,4.4,0.9,,22.0,,161
SELL,269,DINO,2022-06-28,40.9,236.17,2022-05-10,36.55,4.32,4.83,1026.89,1022.06,11.84,33,ratchet-ATR exit,2022-05-09,39.74,,5,0.2,,35.1,,126,2022-06-27,39.05,,4.32,0.9,,21.58,,175
SELL,270,IRTC,2022-05-17,134.01,77.33,2022-05-10,121.8,4.71,5.18,944.25,939.06,9.97,5,rotation (out of top-N),2022-05-09,139.0,,5,0.3,,34.89,,168,2022-05-16,133.34,,5,0.7,,26.7,,175
SELL,271,MUSA,2022-05-17,249.57,41.08,2022-05-10,229.28,4.71,5.13,833.55,828.43,8.8,5,rotation (out of top-N),2022-05-09,243.63,,5,0.3,,33.36,,999,2022-05-16,233.39,,5,0.7,,26.3,,999
SELL,272,VIST,2022-05-17,8.75,1207.6,2022-05-10,7.8,4.71,5.28,1147.22,1141.93,12.12,5,rotation (out of top-N),2022-05-09,8.47,,5,0.4,,31.14,,999,2022-05-16,8.49,,5,0.5,,29.59,,999
SELL,273,LNTH,2022-06-14,61.88,169.37,2022-05-17,67.64,5.73,5.24,-974.56,-979.8,-8.55,19,ratchet-ATR exit,2022-05-16,62.38,,5,-1,,69.93,,999,2022-06-13,60.67,,5,-0.4,,48.78,,999
SELL,274,TNK,2022-05-24,17.68,45.69,2022-05-17,16.12,0.37,0.4,71.28,70.87,9.62,5,equal-weight sizing trim,2022-05-16,16.55,,5,0.8,,42.96,,63,2022-05-23,18.72,,5,-0.1,,58.52,,70
SELL,274,TNK,2022-06-28,16.3,646.9,2022-05-17,16.27,5.26,5.27,20.43,15.15,0.14,28,ratchet-ATR exit,2022-05-16,16.55,,5,0.8,,42.96,,63,2022-06-27,15.4,,4.54,1.1,,22.72,,105
SELL,275,EXE,2022-05-24,80.44,8.01,2022-05-17,74.4,0.3,0.32,48.4,48.08,8.06,5,equal-weight sizing trim,2022-05-16,77.32,,5,0.3,,34.38,,999,2022-05-23,87.47,,5,-0.5,,49.08,,999
SELL,275,EXE,2022-06-07,83.8,132.67,2022-05-17,74.4,4.94,5.56,1247.05,1241.49,12.58,14,rotation (out of top-N),2022-05-16,77.32,,5,0.3,,34.38,,999,2022-06-06,83.33,,5,0.1,,37.6,,999
SELL,276,IMO,2022-05-24,48.7,223.31,2022-05-17,46.87,5.23,5.44,408.66,403.22,3.85,5,rotation (out of top-N),2022-05-16,47.43,,5,0.3,,33.99,,999,2022-05-23,50.76,,5,-0.0,,40.55,,999
SELL,277,INSW,2022-05-24,15.13,701.51,2022-05-17,14.92,5.23,5.31,147.32,142.01,1.36,5,rotation (out of top-N),2022-05-16,14.78,,5,2.3,,35.14,,56,2022-05-23,15.42,,5,1.0,,39.24,,63
SELL,278,MIRM,2022-05-24,25.02,423.23,2022-05-17,24.73,5.23,5.29,122.74,117.44,1.12,5,rotation (out of top-N),2022-05-16,25.6,,5,0.5,,33.01,,112,2022-05-23,24.84,,5,0.7,,27.33,,119
SELL,279,NBR,2022-06-07,185.92,9.55,2022-05-24,145.39,0.69,0.89,386.93,386.04,27.81,9,equal-weight sizing trim,2022-05-23,167.53,,5,-0.1,,41.6,,119,2022-06-06,173.79,,5,-0.1,,41.33,,133
SELL,279,NBR,2022-06-14,162.08,63.82,2022-05-24,145.39,4.64,5.17,1065.09,1059.92,11.42,14,rotation (out of top-N),2022-05-23,167.53,,5,-0.1,,41.6,,119,2022-06-13,132.64,,1.37,1.7,,6.83,,140
SELL,280,HAL,2022-06-07,38.1,305.8,2022-05-24,34.88,5.33,5.83,984.67,978.85,9.18,9,rotation (out of top-N),2022-05-23,38.06,,5,-0.1,,42.41,,231,2022-06-06,37.35,,5,0.3,,34.86,,245
SELL,281,VIST,2022-06-07,9.46,1217.61,2022-05-24,8.76,5.33,5.76,852.33,846.57,7.94,9,rotation (out of top-N),2022-05-23,9.62,,5,-0.2,,43.77,,999,2022-06-06,8.68,,5,0.7,,25.71,,999
SELL,282,MTDR,2022-06-14,57.83,200.59,2022-06-07,59.12,5.93,5.8,-258.76,-264.56,-2.23,5,rotation (out of top-N),2022-06-06,60.52,,5,-0.1,,42.2,,999,2022-06-13,47.59,,2.09,1.5,,10.46,,999
SELL,283,CHRD,2022-06-14,117.18,101.64,2022-06-07,116.67,5.93,5.96,51.84,45.88,0.39,5,rotation (out of top-N),2022-06-06,121.26,,5,0.0,,39.86,,999,2022-06-13,93.16,,1.29,1.7,,6.44,,999
SELL,284,EOG,2022-06-14,113.95,100.37,2022-06-07,118.15,5.93,5.72,-421.56,-427.28,-3.6,5,rotation (out of top-N),2022-06-06,120.45,,5,0.0,,39.49,,999,2022-06-13,94.64,,1.66,1.6,,8.31,,999
SELL,285,OVV,2022-06-14,52.23,225.32,2022-06-07,52.63,5.93,5.88,-90.13,-96.01,-0.81,5,rotation (out of top-N),2022-06-06,53.02,,5,-0.1,,41.15,,999,2022-06-13,42.15,,2.19,1.5,,10.95,,999
SELL,286,UFCS,2022-06-28,29.83,39.04,2022-06-14,28.26,0.55,0.58,61.29,60.71,5.5,9,equal-weight sizing trim,2022-06-13,29.52,,5,0.7,,25.63,,119,2022-06-27,31.04,,5,0.6,,28.87,,133
SELL,286,UFCS,2022-07-12,31.1,23.05,2022-06-14,28.26,0.33,0.36,65.47,65.11,9.99,18,equal-weight sizing trim,2022-06-13,29.52,,5,0.7,,25.63,,119,2022-07-11,29.99,,4.41,0.9,,22.06,,147
SELL,286,UFCS,2022-07-19,29.72,333.5,2022-06-14,28.26,4.71,4.96,486.91,481.95,5.11,23,rotation (out of top-N),2022-06-13,29.52,,5,0.7,,25.63,,119,2022-07-18,29.59,,3.85,1.0,,19.25,,154
SELL,287,SDS,2022-07-12,201.0,54.63,2022-06-14,211.6,5.78,5.49,-578.78,-584.27,-5.05,18,rotation (out of top-N),2022-06-13,222.22,,5,2.6,,32.0,,49,2022-07-11,199.39,,3.36,1.9,,16.78,,77
SELL,288,IMO,2022-06-28,45.1,223.81,2022-06-14,49.95,5.59,5.05,-1085.49,-1090.53,-9.75,9,rotation (out of top-N),2022-06-13,44.42,,3.43,1.1,,17.16,,999,2022-06-27,43.23,,2.29,1.4,,11.47,,999
SELL,289,HQY,2022-06-28,66.62,172.92,2022-06-14,64.65,5.59,5.76,340.66,334.9,3.0,9,rotation (out of top-N),2022-06-13,68.53,,3.35,2.1,,16.73,,63,2022-06-27,57.69,,-0.3,2.8,,-1.49,,77
SELL,290,INSW,2022-06-28,13.78,777.97,2022-06-14,14.37,5.59,5.36,-459.0,-464.36,-4.15,9,rotation (out of top-N),2022-06-13,13.3,,3.44,1.7,,17.21,,84,2022-06-27,13.4,,3.37,1.5,,16.84,,98
SELL,291,BANF,2022-06-28,91.9,16.6,2022-06-14,84.48,0.7,0.76,123.16,122.39,8.73,9,equal-weight sizing trim,2022-06-13,88.03,,5,0.7,,26.95,,196,2022-06-27,91.7,,5,0.6,,28.83,,210
SELL,291,BANF,2022-07-12,87.31,115.73,2022-06-14,84.48,4.89,5.05,327.53,322.47,3.3,18,rotation (out of top-N),2022-06-13,88.03,,5,0.7,,26.95,,196,2022-07-11,84.56,,3.25,1.2,,16.24,,224
SELL,292,VAL,2022-06-28,48.62,213.31,2022-06-14,52.41,5.59,5.19,-808.43,-813.62,-7.28,9,rotation (out of top-N),2022-06-13,50.57,,3.37,1.2,,16.86,,999,2022-06-27,42.82,,-0.45,2.1,,-2.27,,999
SELL,293,HURN,2022-06-28,62.51,22.6,2022-06-14,58.0,0.66,0.71,101.93,101.22,7.72,9,equal-weight sizing trim,2022-06-13,58.87,,3.3,3.2,,16.48,,56,2022-06-27,65.98,,5,1.4,,29.01,,70
SELL,293,HURN,2022-07-12,63.07,5.7,2022-06-14,58.0,0.17,0.18,28.89,28.71,8.69,18,equal-weight sizing trim,2022-06-13,58.87,,3.3,3.2,,16.48,,56,2022-07-11,63.51,,4.54,1.5,,22.7,,84
SELL,293,HURN,2022-08-02,66.53,172.37,2022-06-14,58.32,5.03,5.73,1415.24,1409.5,14.02,33,rotation (out of top-N),2022-06-13,58.87,,3.3,3.2,,16.48,,56,2022-08-01,67.25,,5,0.9,,27.01,,105
SELL,294,TPL,2022-06-28,170.36,62.9,2022-06-14,177.73,5.59,5.36,-463.58,-468.94,-4.19,9,rotation (out of top-N),2022-06-13,158.15,,3.28,2.0,,16.4,,70,2022-06-27,158.05,,3.05,1.8,,15.23,,84
SELL,295,XOM,2022-06-28,79.58,131.49,2022-06-14,85.02,5.59,5.23,-715.31,-720.54,-6.45,9,rotation (out of top-N),2022-06-13,75.26,,3.27,1.2,,16.36,,999,2022-06-27,76.54,,3.15,1.2,,15.77,,999
SELL,296,HCC,2022-06-28,31.38,359.0,2022-06-14,31.14,5.59,5.63,86.16,80.53,0.72,9,rotation (out of top-N),2022-06-13,31.16,,3.12,1.2,,15.58,,287,2022-06-27,27.44,,0.05,2.0,,0.25,,301
SELL,297,VRTX,2022-06-28,287.96,8.39,2022-06-14,246.66,1.03,1.21,346.33,345.12,16.68,9,equal-weight sizing trim,2022-06-13,263.28,,3.05,1.2,,15.26,,175,2022-06-27,287.31,,4.6,0.9,,22.98,,189
SELL,297,VRTX,2022-07-12,292.56,1.48,2022-06-14,246.67,0.18,0.22,68.09,67.87,18.55,18,equal-weight sizing trim,2022-06-13,263.28,,3.05,1.2,,15.26,,175,2022-07-11,292.84,,4.47,0.9,,22.37,,203
SELL,297,VRTX,2022-07-19,289.02,35.45,2022-06-14,246.66,4.37,5.12,1501.57,1496.45,17.11,23,rotation (out of top-N),2022-06-13,263.28,,3.05,1.2,,15.26,,175,2022-07-18,280.35,,3.19,1.2,,15.95,,210
SELL,298,MPC,2022-06-28,82.54,116.34,2022-06-14,96.09,5.59,4.8,-1576.45,-1581.25,-14.14,9,rotation (out of top-N),2022-06-13,80.05,,3.05,1.2,,15.23,,999,2022-06-27,77.48,,1.93,1.5,,9.64,,999
SELL,299,PDS,2022-06-28,67.26,150.2,2022-06-14,74.43,5.59,5.05,-1076.93,-1081.99,-9.68,9,rotation (out of top-N),2022-06-13,61.5,,3.02,1.2,,15.12,,999,2022-06-27,63.0,,3.01,1.2,,15.04,,999
SELL,300,UNM,2022-06-28,30.96,373.52,2022-06-14,29.93,5.59,5.78,384.72,378.94,3.39,9,rotation (out of top-N),2022-06-13,28.91,,2.99,1.3,,14.95,,126,2022-06-27,30.02,,3.44,1.1,,17.19,,140
SELL,301,SQM,2022-07-12,72.83,124.89,2022-06-28,85.12,5.32,4.55,-1534.9,-1539.45,-14.48,9,ratchet-ATR exit,2022-06-27,76.33,,4.71,0.8,,23.55,,294,2022-07-11,76.78,,4.23,0.9,,21.17,,308
SELL,302,AMR,2022-07-12,112.92,77.29,2022-06-28,137.55,5.32,4.36,-1903.54,-1907.91,-17.95,9,ratchet-ATR exit,2022-06-27,118.98,,5,0.7,,25.77,,999,2022-07-11,122.2,,5,0.7,,25.08,,999
SELL,303,LNTH,2022-07-12,66.52,4.37,2022-06-28,66.32,0.14,0.15,0.87,0.73,0.25,9,equal-weight sizing trim,2022-06-27,63.55,,5,-0.5,,49.09,,999,2022-07-11,70.6,,5,-0.9,,57.43,,999
SELL,303,LNTH,2022-08-02,75.28,3.14,2022-06-28,66.4,0.1,0.12,27.87,27.76,13.32,24,equal-weight sizing trim,2022-06-27,63.55,,5,-0.5,,49.09,,999,2022-08-01,78.52,,5,-1,,61.2,,999
SELL,303,LNTH,2022-09-13,85.32,11.22,2022-06-28,68.92,0.39,0.48,184.0,183.52,23.74,53,equal-weight sizing trim,2022-06-27,63.55,,5,-0.5,,49.09,,999,2022-09-12,79.49,,5,-0.0,,40.15,,999
SELL,303,LNTH,2022-09-20,76.83,178.12,2022-06-28,68.92,6.14,6.84,1410.25,1403.4,11.43,58,rotation (out of top-N),2022-06-27,63.55,,5,-0.5,,49.09,,999,2022-09-19,68.44,,3.7,1.1,,18.51,,999
SELL,304,LLY,2022-07-12,319.23,1.13,2022-06-28,316.16,0.18,0.18,3.48,3.3,0.92,9,equal-weight sizing trim,2022-06-27,313.71,,4.04,1.0,,20.21,,999,2022-07-11,320.86,,4.13,1.0,,20.67,,999
SELL,304,LLY,2022-07-19,313.61,32.49,2022-06-28,316.16,5.14,5.09,-82.85,-87.94,-0.86,14,rotation (out of top-N),2022-06-27,313.71,,4.04,1.0,,20.21,,999,2022-07-18,318.15,,3.73,1.1,,18.64,,999
SELL,305,ARGX,2022-07-12,358.07,28.86,2022-06-28,368.31,5.32,5.17,-295.56,-300.73,-2.83,9,rotation (out of top-N),2022-06-27,377.25,,4.52,2.9,,22.61,,56,2022-07-11,364.24,,3.45,2.0,,17.25,,70
SELL,306,ESLT,2022-07-12,213.8,2.64,2022-06-28,207.82,0.27,0.28,15.79,15.51,2.83,9,equal-weight sizing trim,2022-06-27,221.36,,4.9,0.8,,24.52,,322,2022-07-11,222.48,,4.5,0.9,,22.5,,336
SELL,306,ESLT,2022-07-19,225.65,48.51,2022-06-28,207.82,5.04,5.47,864.97,859.49,8.53,14,rotation (out of top-N),2022-06-27,221.36,,4.9,0.8,,24.52,,322,2022-07-18,217.44,,3.7,1.1,,18.51,,343
SELL,307,MCK,2022-07-12,321.91,33.05,2022-06-28,321.67,5.32,5.32,7.93,2.61,0.02,9,rotation (out of top-N),2022-06-27,323.11,,4.39,0.9,,21.96,,999,2022-07-11,323.62,,3.85,1.0,,19.25,,999
SELL,308,UTHR,2022-07-12,241.45,43.98,2022-06-28,241.71,5.32,5.31,-11.44,-16.74,-0.16,9,rotation (out of top-N),2022-06-27,238.04,,4.08,3.5,,20.42,,28,2022-07-11,240.0,,3.97,3.3,,19.86,,42
SELL,309,UTL,2022-07-12,51.43,6.57,2022-06-28,51.05,0.17,0.17,2.5,2.33,0.69,9,equal-weight sizing trim,2022-06-27,53.49,,5,0.7,,25.96,,126,2022-07-11,52.6,,4.36,0.9,,21.8,,140
SELL,309,UTL,2022-07-19,51.2,201.67,2022-06-28,51.05,5.15,5.16,30.25,25.09,0.24,14,rotation (out of top-N),2022-06-27,53.49,,5,0.7,,25.96,,126,2022-07-18,45.74,,1.08,1.7,,5.42,,147
SELL,310,SBR,2022-07-12,41.31,234.98,2022-06-28,45.24,5.32,4.85,-923.48,-928.34,-8.73,9,rotation (out of top-N),2022-06-27,44.47,,4.18,1.0,,20.88,,999,2022-07-11,43.78,,3.34,1.2,,16.71,,999
SELL,311,CNR,2022-07-19,53.05,24.17,2022-06-28,51.46,0.62,0.64,38.5,37.86,3.04,14,equal-weight sizing trim,2022-06-27,44.3,,5,0.0,,39.07,,999,2022-07-18,51.78,,5,-0.7,,54.9,,999
SELL,311,CNR,2022-07-26,57.57,5.57,2022-06-28,51.46,0.14,0.16,34.03,33.87,11.82,19,equal-weight sizing trim,2022-06-27,44.3,,5,0.0,,39.07,,999,2022-07-25,56.54,,5,-1,,65.56,,999
SELL,311,CNR,2022-08-16,64.21,1.46,2022-06-28,52.31,0.04,0.05,17.39,17.35,22.69,34,equal-weight sizing trim,2022-06-27,44.3,,5,0.0,,39.07,,999,2022-08-15,67.48,,5,-1,,81.98,,999
SELL,311,CNR,2022-08-23,71.55,19.03,2022-06-28,52.31,0.5,0.68,366.19,365.51,36.72,39,equal-weight sizing trim,2022-06-27,44.3,,5,0.0,,39.07,,999,2022-08-22,71.61,,5,-1,,86.74,,999
SELL,311,CNR,2022-09-13,61.69,221.53,2022-06-28,53.2,5.89,6.83,1880.59,1873.75,15.9,53,ratchet-ATR exit,2022-06-27,44.3,,5,0.0,,39.07,,999,2022-09-12,58.01,,5,0.0,,39.68,,999
SELL,312,TMDX,2022-07-12,33.68,18.74,2022-06-28,32.54,0.3,0.32,21.37,21.05,3.45,9,equal-weight sizing trim,2022-06-27,32.09,,5,2.3,,36.76,,49,2022-07-11,33.39,,5,0.9,,41.28,,63
SELL,312,TMDX,2022-08-02,40.96,34.37,2022-06-28,32.62,0.56,0.7,286.53,285.82,25.49,24,equal-weight sizing trim,2022-06-27,32.09,,5,2.3,,36.76,,49,2022-08-01,48.86,,5,-0.4,,97.84,,84
SELL,312,TMDX,2022-08-30,54.57,39.51,2022-06-28,33.92,0.67,1.08,815.9,814.82,60.8,44,equal-weight sizing trim,2022-06-27,32.09,,5,2.3,,36.76,,49,2022-08-29,51.9,,5,-0.9,,91.94,,112
SELL,312,TMDX,2022-09-13,54.79,0.03,2022-06-28,33.92,0.0,0.0,0.59,0.59,61.45,53,equal-weight sizing trim,2022-06-27,32.09,,5,2.3,,36.76,,49,2022-09-12,49.93,,5,-1,,75.05,,126
SELL,312,TMDX,2022-09-27,41.17,296.1,2022-06-28,35.03,5.19,6.1,1817.69,1811.59,17.46,63,ratchet-ATR exit,2022-06-27,32.09,,5,2.3,,36.76,,49,2022-09-26,41.8,,5,-0.1,,41.39,,140
SELL,313,CORT,2022-07-12,26.25,27.07,2022-06-28,25.18,0.34,0.36,28.96,28.61,4.2,9,equal-weight sizing trim,2022-06-27,25.41,,4.04,1.0,,20.18,,119,2022-07-11,27.21,,5,0.7,,26.48,,133
SELL,313,CORT,2022-07-19,27.45,6.85,2022-06-28,25.18,0.09,0.09,15.56,15.46,8.96,14,equal-weight sizing trim,2022-06-27,25.41,,4.04,1.0,,20.18,,119,2022-07-18,26.92,,4.83,0.8,,24.14,,140
SELL,313,CORT,2022-08-02,27.4,424.66,2022-06-28,25.29,5.37,5.82,895.43,889.61,8.28,24,rotation (out of top-N),2022-06-27,25.41,,4.04,1.0,,20.18,,119,2022-08-01,28.72,,5,0.5,,29.36,,154
SELL,314,OXY,2022-07-19,56.73,3.49,2022-06-28,57.55,0.1,0.1,-2.87,-2.97,-1.48,14,equal-weight sizing trim,2022-06-27,57.01,,5,0.4,,32.69,,999,2022-07-18,57.58,,5,0.6,,28.08,,999
SELL,314,OXY,2022-07-26,62.14,6.9,2022-06-28,57.55,0.2,0.21,31.66,31.44,7.92,19,equal-weight sizing trim,2022-06-27,57.01,,5,0.4,,32.69,,999,2022-07-25,62.03,,5,0.2,,35.71,,999
SELL,314,OXY,2022-08-02,61.59,180.97,2022-06-28,57.55,5.21,5.57,730.81,725.24,6.96,24,rotation (out of top-N),2022-06-27,57.01,,5,0.4,,32.69,,999,2022-08-01,55.64,,4.03,1.0,,20.14,,999
SELL,315,SU,2022-07-12,26.54,336.2,2022-06-28,31.62,5.32,4.46,-1707.89,-1712.36,-16.11,9,rotation (out of top-N),2022-06-27,30.57,,4.03,1.0,,20.14,,259,2022-07-11,25.95,,0.05,2.0,,0.26,,273
SELL,316,EQT,2022-07-19,35.34,28.19,2022-06-28,35.05,0.49,0.5,8.26,7.76,0.79,14,equal-weight sizing trim,2022-06-27,32.33,,3.95,1.0,,19.73,,999,2022-07-18,39.83,,5,-0.1,,41.06,,999
SELL,316,EQT,2022-07-26,43.6,43.66,2022-06-28,35.05,0.77,0.95,373.4,372.45,24.34,19,equal-weight sizing trim,2022-06-27,32.33,,3.95,1.0,,19.73,,999,2022-07-25,41.51,,5,-0.2,,44.26,,999
SELL,316,EQT,2022-08-16,45.48,12.37,2022-06-28,36.18,0.22,0.28,114.97,114.69,25.63,34,equal-weight sizing trim,2022-06-27,32.33,,3.95,1.0,,19.73,,999,2022-08-15,45.11,,5,-0.4,,47.68,,999
SELL,316,EQT,2022-08-23,47.32,5.9,2022-06-28,36.18,0.11,0.14,65.75,65.61,30.71,39,equal-weight sizing trim,2022-06-27,32.33,,3.95,1.0,,19.73,,999,2022-08-22,47.0,,5,-0.5,,50.47,,999
SELL,316,EQT,2022-09-13,46.97,4.53,2022-06-28,36.54,0.08,0.11,47.19,47.08,28.47,53,equal-weight sizing trim,2022-06-27,32.33,,3.95,1.0,,19.73,,999,2022-09-12,43.58,,5,0.4,,31.46,,999
SELL,316,EQT,2022-09-20,44.71,323.55,2022-06-28,36.54,5.91,7.23,2642.83,2635.6,22.29,58,rotation (out of top-N),2022-06-27,32.33,,3.95,1.0,,19.73,,999,2022-09-19,39.01,,3.2,1.2,,15.99,,999
SELL,317,CVSA,2022-07-12,37.64,14.5,2022-06-28,36.65,0.27,0.27,14.36,14.09,2.65,9,equal-weight sizing trim,2022-06-27,36.52,,3.94,3.5,,19.71,,28,2022-07-11,38.57,,5,3.0,,26.29,,42
SELL,317,CVSA,2022-07-19,39.24,3.98,2022-06-28,36.65,0.07,0.08,10.33,10.25,7.03,14,equal-weight sizing trim,2022-06-27,36.52,,3.94,3.5,,19.71,,28,2022-07-18,39.08,,5,2.8,,27.69,,49
SELL,317,CVSA,2022-08-02,39.9,283.97,2022-06-28,36.78,5.22,5.66,884.91,879.24,8.42,24,rotation (out of top-N),2022-06-27,36.52,,3.94,3.5,,19.71,,28,2022-08-01,38.27,,4.91,1.7,,24.57,,63
SELL,318,FCN,2022-07-12,189.54,61.02,2022-06-28,174.21,5.32,5.78,935.47,929.68,8.75,9,rotation (out of top-N),2022-06-27,183.73,,3.93,1.0,,19.65,,999,2022-07-11,187.58,,4.04,1.0,,20.2,,999
SELL,319,MUSA,2022-07-12,263.77,6.02,2022-06-28,234.47,0.71,0.79,176.31,175.52,12.44,9,equal-weight sizing trim,2022-06-27,232.46,,3.62,1.1,,18.1,,999,2022-07-11,267.92,,5,0.4,,32.93,,999
SELL,319,MUSA,2022-08-02,276.23,0.31,2022-06-28,236.82,0.04,0.04,12.18,12.13,16.58,24,equal-weight sizing trim,2022-06-27,232.46,,3.62,1.1,,18.1,,999,2022-08-01,280.42,,5,0.3,,33.69,,999
SELL,319,MUSA,2022-08-09,279.69,42.66,2022-06-28,236.82,5.05,5.97,1828.6,1822.64,18.04,29,rotation (out of top-N),2022-06-27,232.46,,3.62,1.1,,18.1,,999,2022-08-08,286.05,,5,0.3,,34.51,,999
SELL,320,AXSM,2022-07-19,40.86,240.67,2022-07-12,43.08,5.18,4.92,-533.07,-537.99,-5.19,5,rotation (out of top-N),2022-07-11,43.61,,5,3.5,,29.75,,0,2022-07-18,40.31,,3.98,3.9,,19.92,,7
SELL,321,OLLI,2022-07-26,61.35,155.32,2022-07-12,70.25,5.46,4.76,-1382.66,-1387.42,-12.71,10,rotation (out of top-N),2022-07-11,68.6,,5,3.1,,30.59,,21,2022-07-25,58.98,,2.55,3.8,,12.74,,35
SELL,322,TNK,2022-07-19,16.72,97.27,2022-07-12,14.11,0.69,0.81,253.88,253.06,18.44,5,equal-weight sizing trim,2022-07-11,15.68,,4.74,0.8,,23.72,,119,2022-07-18,17.54,,5,0.2,,36.84,,126
SELL,322,TNK,2022-07-26,18.42,26.93,2022-07-12,14.11,0.19,0.25,116.06,115.81,30.48,10,equal-weight sizing trim,2022-07-11,15.68,,4.74,0.8,,23.72,,119,2022-07-25,18.41,,5,-0.1,,41.86,,133
SELL,322,TNK,2022-08-02,19.7,12.4,2022-07-12,14.11,0.09,0.12,69.31,69.19,39.55,15,equal-weight sizing trim,2022-07-11,15.68,,4.74,0.8,,23.72,,119,2022-08-01,20.09,,5,-0.6,,52.5,,140
SELL,322,TNK,2022-09-13,23.88,51.67,2022-07-12,15.15,0.39,0.62,450.97,450.35,57.52,44,equal-weight sizing trim,2022-07-11,15.68,,4.74,0.8,,23.72,,119,2022-09-12,24.28,,5,-1,,62.64,,182
SELL,322,TNK,2022-09-20,27.44,80.69,2022-07-12,15.15,0.61,1.11,991.49,990.38,81.01,49,equal-weight sizing trim,2022-07-11,15.68,,4.74,0.8,,23.72,,119,2022-09-19,24.89,,5,-1,,62.62,,189
SELL,322,TNK,2022-09-27,25.26,555.7,2022-07-12,15.15,4.21,7.02,5616.87,5609.85,66.62,54,ratchet-ATR exit,2022-07-11,15.68,,4.74,0.8,,23.72,,119,2022-09-26,24.27,,5,-0.7,,54.97,,196
SELL,323,USPH,2022-07-19,112.98,1.98,2022-07-12,107.63,0.11,0.11,10.61,10.5,4.92,5,equal-weight sizing trim,2022-07-11,111.84,,4.06,1.9,,20.31,,63,2022-07-18,114.63,,4.55,1.7,,22.74,,70
SELL,323,USPH,2022-08-02,119.71,98.08,2022-07-12,107.9,5.29,5.87,1158.53,1152.65,10.89,15,rotation (out of top-N),2022-07-11,111.84,,4.06,1.9,,20.31,,63,2022-08-01,85.04,,-1.84,3.1,,-9.19,,84
SELL,324,TPL,2022-07-19,179.85,4.82,2022-07-12,161.77,0.39,0.43,87.2,86.77,11.12,5,equal-weight sizing trim,2022-07-11,176.83,,5,1.0,,26.75,,98,2022-07-18,189.66,,5,0.5,,34.46,,105
SELL,324,TPL,2022-07-26,191.98,0.68,2022-07-12,161.77,0.06,0.07,20.65,20.58,18.62,10,equal-weight sizing trim,2022-07-11,176.83,,5,1.0,,26.75,,98,2022-07-25,196.49,,5,0.2,,37.76,,112
SELL,324,TPL,2022-08-02,195.98,58.58,2022-07-12,161.77,4.74,5.74,2003.89,1998.15,21.09,15,rotation (out of top-N),2022-07-11,176.83,,5,1.0,,26.75,,98,2022-08-01,177.0,,4.62,0.9,,23.11,,119
SELL,325,AGL,2022-07-19,651.88,15.75,2022-07-12,658.25,5.18,5.13,-100.32,-105.45,-1.02,5,rotation (out of top-N),2022-07-11,659.88,,4.09,4.0,,20.46,,0,2022-07-18,629.63,,2.96,4.1,,14.78,,7
SELL,326,HALO,2022-07-26,50.69,217.86,2022-07-12,49.57,5.4,5.52,243.49,237.96,2.2,10,rotation (out of top-N),2022-07-11,49.17,,4.93,1.3,,24.66,,91,2022-07-25,48.91,,4.46,1.1,,22.32,,105
SELL,327,PBF,2022-07-19,24.41,431.22,2022-07-12,24.04,5.18,5.26,159.55,154.29,1.49,5,rotation (out of top-N),2022-07-11,24.65,,5,0.7,,25.06,,189,2022-07-18,23.67,,3.73,1.1,,18.64,,196
SELL,328,FCN,2022-07-19,188.58,54.69,2022-07-12,189.54,5.18,5.16,-52.51,-57.66,-0.56,5,rotation (out of top-N),2022-07-11,187.58,,4.04,1.0,,20.2,,999,2022-07-18,182.16,,3.2,1.2,,16.01,,999
SELL,329,UTHR,2022-07-19,234.8,42.93,2022-07-12,241.45,5.18,5.04,-285.52,-290.56,-2.8,5,rotation (out of top-N),2022-07-11,240.0,,3.97,3.3,,19.86,,42,2022-07-18,225.41,,2.41,3.6,,12.03,,49
SELL,330,CALM,2022-07-26,44.18,257.31,2022-07-12,40.9,5.26,5.68,844.54,838.86,7.97,10,rotation (out of top-N),2022-07-11,41.08,,3.91,1.0,,19.53,,189,2022-07-25,40.19,,2.93,1.3,,14.67,,203
SELL,331,SQM,2022-07-26,86.75,6.54,2022-07-19,78.23,0.26,0.28,55.71,55.42,10.84,5,equal-weight sizing trim,2022-07-18,81.69,,5,0.6,,27.17,,315,2022-07-25,88.63,,5,0.2,,35.69,,322
SELL,331,SQM,2022-08-02,88.04,129.63,2022-07-19,78.23,5.07,5.71,1271.68,1265.97,12.48,10,rotation (out of top-N),2022-07-18,81.69,,5,0.6,,27.17,,315,2022-08-01,83.64,,5,0.7,,26.3,,329
SELL,332,MOD,2022-08-02,13.12,31.69,2022-07-19,11.64,0.18,0.21,46.99,46.79,12.69,10,equal-weight sizing trim,2022-07-18,12.21,,4.16,3.5,,20.8,,28,2022-08-01,14.79,,5,2.1,,44.39,,42
SELL,332,MOD,2022-08-09,15.69,43.13,2022-07-19,11.64,0.25,0.34,174.81,174.47,34.76,15,equal-weight sizing trim,2022-07-18,12.21,,4.16,3.5,,20.8,,28,2022-08-08,16.66,,5,1.2,,60.52,,49
SELL,332,MOD,2022-08-16,17.2,2.96,2022-07-19,11.64,0.02,0.03,16.46,16.43,47.73,20,equal-weight sizing trim,2022-07-18,12.21,,4.16,3.5,,20.8,,28,2022-08-15,16.85,,5,1.1,,60.23,,56
SELL,332,MOD,2022-08-30,15.69,916.53,2022-07-19,11.97,5.48,7.19,3407.25,3400.06,31.0,30,ratchet-ATR exit,2022-07-18,12.21,,4.16,3.5,,20.8,,28,2022-08-29,14.79,,5,0.9,,38.04,,70
SELL,333,IRTC,2022-07-26,145.84,74.05,2022-07-19,143.87,5.33,5.4,146.24,140.84,1.32,5,rotation (out of top-N),2022-07-18,149.95,,4.51,0.9,,22.55,,238,2022-07-25,154.76,,4.86,0.8,,24.28,,245
SELL,334,AMR,2022-07-26,141.67,1.39,2022-07-19,131.89,0.09,0.1,13.6,13.5,7.36,5,equal-weight sizing trim,2022-07-18,127.59,,5,0.6,,28.34,,999,2022-07-25,130.02,,5,0.6,,28.56,,999
SELL,334,AMR,2022-08-02,129.24,79.38,2022-07-19,131.89,5.23,5.13,-210.35,-215.48,-2.06,10,rotation (out of top-N),2022-07-18,127.59,,5,0.6,,28.34,,999,2022-08-01,123.08,,3.96,1.0,,19.8,,999
SELL,335,CECO,2022-07-26,7.33,122.52,2022-07-19,6.43,0.39,0.45,110.27,109.82,13.94,5,equal-weight sizing trim,2022-07-18,7.29,,4.41,3.8,,22.04,,7,2022-07-25,7.76,,5,3.3,,29.6,,14
SELL,335,CECO,2022-08-02,7.95,52.08,2022-07-19,6.43,0.17,0.21,79.16,78.95,23.58,10,equal-weight sizing trim,2022-07-18,7.29,,4.41,3.8,,22.04,,7,2022-08-01,8.04,,5,3.0,,33.56,,21
SELL,335,CECO,2022-08-16,10.08,40.81,2022-07-19,6.45,0.13,0.21,148.1,147.89,56.17,20,equal-weight sizing trim,2022-07-18,7.29,,4.41,3.8,,22.04,,7,2022-08-15,9.6,,5,1.6,,55.87,,35
SELL,335,CECO,2022-08-23,10.4,14.59,2022-07-19,6.45,0.05,0.08,57.61,57.54,61.13,25,equal-weight sizing trim,2022-07-18,7.29,,4.41,3.8,,22.04,,7,2022-08-22,10.38,,5,1.3,,65.93,,42
SELL,335,CECO,2022-09-20,9.35,1601.29,2022-07-19,6.77,5.42,7.49,4126.19,4118.7,37.97,44,ratchet-ATR exit,2022-07-18,7.29,,4.41,3.8,,22.04,,7,2022-09-19,9.09,,5,0.9,,38.36,,70
SELL,336,SBR,2022-07-26,48.6,2.89,2022-07-19,45.47,0.07,0.07,9.04,8.97,6.83,5,equal-weight sizing trim,2022-07-18,46.49,,4.49,0.9,,22.45,,999,2022-07-25,50.16,,5,0.5,,30.17,,999
SELL,336,SBR,2022-08-02,49.07,231.39,2022-07-19,45.47,5.26,5.68,833.0,827.32,7.86,10,rotation (out of top-N),2022-07-18,46.49,,4.49,0.9,,22.45,,999,2022-08-01,47.75,,4.47,0.9,,22.33,,999
SELL,337,AGYS,2022-07-26,51.41,216.87,2022-07-19,49.12,5.33,5.57,496.63,491.05,4.61,5,rotation (out of top-N),2022-07-18,51.34,,4.33,3.7,,21.64,,14,2022-07-25,48.27,,2.92,3.9,,14.6,,21
SELL,338,BANF,2022-07-26,96.21,7.43,2022-07-19,85.69,0.32,0.36,78.16,77.81,12.22,5,equal-weight sizing trim,2022-07-18,93.18,,5,0.7,,26.58,,231,2022-07-25,100.04,,5,0.3,,34.03,,238
SELL,338,BANF,2022-08-02,100.9,0.11,2022-07-19,85.69,0.0,0.01,1.66,1.65,17.69,10,equal-weight sizing trim,2022-07-18,93.18,,5,0.7,,26.58,,231,2022-08-01,101.43,,5,0.3,,34.03,,245
SELL,338,BANF,2022-08-23,106.12,134.81,2022-07-19,88.26,5.95,7.15,2407.03,2399.88,20.17,25,rotation (out of top-N),2022-07-18,93.18,,5,0.7,,26.58,,231,2022-08-22,102.4,,5,0.5,,29.62,,266
SELL,339,BELFB,2022-08-02,23.69,116.13,2022-07-19,17.64,1.02,1.38,702.51,701.13,34.23,10,equal-weight sizing trim,2022-07-18,17.91,,4.53,0.9,,22.65,,140,2022-08-01,24.47,,5,-1,,61.05,,154
SELL,339,BELFB,2022-09-27,24.15,617.58,2022-07-19,19.09,5.9,7.46,3123.13,3115.67,26.42,49,ratchet-ATR exit,2022-07-18,17.91,,4.53,0.9,,22.65,,140,2022-09-26,24.84,,5,0.0,,39.64,,210
SELL,340,STNG,2022-07-26,36.53,13.31,2022-07-19,33.17,0.22,0.24,44.71,44.47,10.07,5,equal-weight sizing trim,2022-07-18,34.2,,5,-1,,75.06,,126,2022-07-25,35.06,,5,-1,,75.06,,133
SELL,340,STNG,2022-09-13,39.95,20.17,2022-07-19,34.01,0.34,0.4,119.7,119.3,17.39,39,equal-weight sizing trim,2022-07-18,34.2,,5,-1,,75.06,,126,2022-09-12,39.2,,5,-1,,61.3,,182
SELL,340,STNG,2022-09-27,38.34,14.33,2022-07-19,34.13,0.24,0.27,60.34,60.07,12.28,49,equal-weight sizing trim,2022-07-18,34.2,,5,-1,,75.06,,126,2022-09-26,38.3,,5,-0.5,,49.71,,196
SELL,340,STNG,2022-10-11,35.75,416.76,2022-07-19,34.49,7.19,7.45,525.66,518.21,3.61,59,ratchet-ATR exit,2022-07-18,34.2,,5,-1,,75.06,,126,2022-10-10,42.21,,5,-0.8,,56.26,,210
SELL,341,DGII,2022-08-02,29.21,21.25,2022-07-26,26.47,0.28,0.31,58.22,57.91,10.3,5,equal-weight sizing trim,2022-07-25,28.54,,5,2.8,,26.81,,49,2022-08-01,34.12,,5,1.6,,49.51,,56
SELL,341,DGII,2022-08-09,33.35,1.16,2022-07-26,26.47,0.02,0.02,7.98,7.96,25.93,10,equal-weight sizing trim,2022-07-25,28.54,,5,2.8,,26.81,,49,2022-08-08,33.9,,5,0.6,,46.81,,63
SELL,341,DGII,2022-09-13,35.42,17.35,2022-07-26,27.23,0.24,0.31,142.06,141.75,30.01,34,equal-weight sizing trim,2022-07-25,28.54,,5,2.8,,26.81,,49,2022-09-12,34.57,,5,0.3,,41.77,,98
SELL,341,DGII,2022-09-27,32.59,442.23,2022-07-26,27.45,6.07,7.21,2276.58,2269.37,18.7,44,ratchet-ATR exit,2022-07-25,28.54,,5,2.8,,26.81,,49,2022-09-26,34.57,,5,0.2,,39.24,,112
SELL,342,DK,2022-08-02,22.35,529.68,2022-07-26,21.22,5.62,5.92,598.54,592.62,5.27,5,rotation (out of top-N),2022-07-25,22.75,,5,0.7,,26.11,,140,2022-08-01,20.7,,2.82,1.3,,14.08,,147
SELL,343,PBF,2022-08-02,28.99,12.49,2022-07-26,26.83,0.17,0.18,26.98,26.8,8.0,5,equal-weight sizing trim,2022-07-25,29.87,,5,-0.3,,46.78,,203,2022-08-01,26.94,,5,0.5,,30.17,,210
SELL,343,PBF,2022-08-16,30.75,10.83,2022-07-26,26.94,0.15,0.17,41.22,41.05,14.07,15,equal-weight sizing trim,2022-07-25,29.87,,5,-0.3,,46.78,,203,2022-08-15,32.09,,5,-0.4,,48.56,,224
SELL,343,PBF,2022-08-23,33.61,31.23,2022-07-26,26.94,0.42,0.52,208.13,207.6,24.68,20,equal-weight sizing trim,2022-07-25,29.87,,5,-0.3,,46.78,,203,2022-08-22,32.87,,5,-0.4,,48.49,,231
SELL,343,PBF,2022-09-13,28.69,479.17,2022-07-26,27.27,6.53,6.87,679.15,672.27,5.14,34,rotation (out of top-N),2022-07-25,29.87,,5,-0.3,,46.78,,203,2022-09-12,25.37,,1.66,1.6,,8.31,,252
SELL,344,INSW,2022-08-02,15.59,30.22,2022-07-26,14.3,0.22,0.24,38.98,38.75,8.97,5,equal-weight sizing trim,2022-07-25,14.96,,5,0.6,,28.03,,126,2022-08-01,15.68,,5,0.4,,32.85,,133
SELL,344,INSW,2022-08-16,18.37,16.21,2022-07-26,14.46,0.12,0.15,63.45,63.3,27.01,15,equal-weight sizing trim,2022-07-25,14.96,,5,0.6,,28.03,,126,2022-08-15,18.92,,5,-0.8,,55.72,,147
SELL,344,INSW,2022-08-23,19.21,18.56,2022-07-26,14.46,0.13,0.18,88.26,88.08,32.82,20,equal-weight sizing trim,2022-07-25,14.96,,5,0.6,,28.03,,126,2022-08-22,18.81,,5,-0.6,,51.99,,154
SELL,344,INSW,2022-08-30,19.43,0.08,2022-07-26,14.46,0.0,0.0,0.38,0.38,34.34,25,equal-weight sizing trim,2022-07-25,14.96,,5,0.6,,28.03,,126,2022-08-29,19.4,,5,-0.7,,53.65,,161
SELL,344,INSW,2022-09-13,20.45,35.95,2022-07-26,14.46,0.26,0.37,215.49,215.12,41.4,34,equal-weight sizing trim,2022-07-25,14.96,,5,0.6,,28.03,,126,2022-09-12,21.34,,5,-1,,61.68,,175
SELL,344,INSW,2022-09-20,23.07,82.17,2022-07-26,14.46,0.59,0.95,707.8,706.85,59.51,39,equal-weight sizing trim,2022-07-25,14.96,,5,0.6,,28.03,,126,2022-09-19,21.39,,5,-0.9,,58.51,,182
SELL,344,INSW,2022-09-27,22.18,13.34,2022-07-26,14.46,0.1,0.15,103.02,102.87,53.36,44,equal-weight sizing trim,2022-07-25,14.96,,5,0.6,,28.03,,126,2022-09-26,22.3,,5,-1,,61.34,,189
SELL,344,INSW,2022-10-18,24.98,49.55,2022-07-26,15.23,0.38,0.62,482.94,482.32,63.91,59,equal-weight sizing trim,2022-07-25,14.96,,5,0.6,,28.03,,126,2022-10-17,25.64,,5,-1,,72.0,,210
SELL,344,INSW,2022-11-08,28.29,3.16,2022-07-26,16.07,0.03,0.04,38.57,38.52,75.9,74,equal-weight sizing trim,2022-07-25,14.96,,5,0.6,,28.03,,126,2022-11-07,27.48,,5,-1,,68.73,,231
SELL,344,INSW,2022-11-22,29.11,26.59,2022-07-26,16.6,0.22,0.39,332.72,332.33,75.28,84,equal-weight sizing trim,2022-07-25,14.96,,5,0.6,,28.03,,126,2022-11-21,28.4,,5,-1,,64.97,,245
SELL,344,INSW,2022-12-13,26.04,794.8,2022-07-26,17.5,6.95,10.35,6790.06,6779.71,48.75,98,rotation (out of top-N),2022-07-25,14.96,,5,0.6,,28.03,,126,2022-12-12,25.26,,5,0.1,,37.84,,266
SELL,345,GFF,2022-08-23,30.32,489.11,2022-07-26,24.9,6.09,7.41,2652.07,2644.66,21.72,20,rotation (out of top-N),2022-07-25,26.94,,5,1.6,,27.86,,63,2022-08-22,29.26,,5,0.8,,34.61,,91
SELL,346,GSAT,2022-08-09,23.55,573.08,2022-08-02,20.55,5.89,6.75,1719.23,1712.49,14.54,5,rotation (out of top-N),2022-08-01,24.53,,5,3.3,,29.69,,14,2022-08-08,25.05,,5,3.0,,32.43,,21
SELL,347,ELF,2022-08-09,36.77,346.27,2022-08-02,34.01,5.89,6.37,955.71,949.35,8.06,5,rotation (out of top-N),2022-08-01,37.44,,5,3.0,,32.29,,21,2022-08-08,36.73,,5,3.1,,29.19,,28
SELL,348,PTCT,2022-08-09,52.95,5.95,2022-08-02,45.42,0.14,0.16,44.83,44.67,16.52,5,equal-weight sizing trim,2022-08-01,53.61,,5,2.7,,39.34,,21,2022-08-08,52.75,,5,2.7,,36.09,,28
SELL,348,PTCT,2022-08-16,52.99,253.33,2022-08-02,45.42,5.75,6.71,1917.73,1911.01,16.61,10,rotation (out of top-N),2022-08-01,53.61,,5,2.7,,39.34,,21,2022-08-15,51.49,,5,2.8,,31.82,,35
SELL,349,SMCI,2022-08-16,6.66,27.15,2022-08-02,5.48,0.07,0.09,31.92,31.83,21.38,10,equal-weight sizing trim,2022-08-01,5.9,,5,0.5,,34.74,,105,2022-08-15,6.98,,5,-0.8,,55.39,,119
SELL,349,SMCI,2022-08-23,6.83,10.47,2022-08-02,5.48,0.03,0.04,14.15,14.11,24.57,15,equal-weight sizing trim,2022-08-01,5.9,,5,0.5,,34.74,,105,2022-08-22,6.97,,5,-0.6,,52.86,,126
SELL,349,SMCI,2022-08-30,6.97,18.03,2022-08-02,5.48,0.05,0.06,26.79,26.73,27.03,20,equal-weight sizing trim,2022-08-01,5.9,,5,0.5,,34.74,,105,2022-08-29,6.45,,5,0.0,,39.48,,133
SELL,349,SMCI,2022-09-20,5.66,2376.27,2022-08-02,5.56,6.61,6.72,226.76,220.04,1.66,34,rotation (out of top-N),2022-08-01,5.9,,5,0.5,,34.74,,105,2022-09-19,5.34,,2.43,1.4,,12.17,,154
SELL,350,IONS,2022-08-09,46.01,315.98,2022-08-02,37.27,5.89,7.27,2760.13,2752.86,23.38,5,rotation (out of top-N),2022-08-01,45.68,,5,0.5,,30.69,,126,2022-08-08,44.08,,5,0.7,,25.17,,133
SELL,351,RYTM,2022-08-09,20.55,253.85,2022-08-02,12.99,1.65,2.61,1919.14,1916.53,58.12,5,equal-weight sizing trim,2022-08-01,20.23,,5,2.0,,137.89,,0,2022-08-08,21.76,,5,1.9,,150.04,,7
SELL,351,RYTM,2022-08-16,26.47,99.14,2022-08-02,12.99,0.64,1.31,1336.38,1335.07,103.67,10,equal-weight sizing trim,2022-08-01,20.23,,5,2.0,,137.89,,0,2022-08-15,24.85,,5,1.8,,176.26,,14
SELL,351,RYTM,2022-09-13,25.46,75.86,2022-08-02,14.81,0.56,0.97,807.7,806.73,71.79,29,equal-weight sizing trim,2022-08-01,20.23,,5,2.0,,137.89,,0,2022-09-12,24.19,,5,1.3,,131.43,,42
SELL,351,RYTM,2022-09-27,20.99,629.82,2022-08-02,15.3,4.82,6.61,3581.1,3574.49,37.08,39,ratchet-ATR exit,2022-08-01,20.23,,5,2.0,,137.89,,0,2022-09-26,24.49,,5,1.1,,121.84,,56
SELL,352,PI,2022-08-23,91.85,151.53,2022-08-02,86.54,6.56,6.96,804.43,797.47,6.08,15,rotation (out of top-N),2022-08-01,95.08,,5,2.9,,41.83,,0,2022-08-22,92.76,,5,2.9,,36.0,,21
SELL,353,CYTK,2022-08-09,52.52,286.36,2022-08-02,41.12,5.89,7.52,3263.13,3255.61,27.64,5,rotation (out of top-N),2022-08-01,51.87,,5,0.4,,32.18,,999,2022-08-08,50.25,,5,0.6,,27.31,,999
SELL,354,ALNY,2022-08-09,229.25,24.29,2022-08-02,142.22,1.73,2.78,2114.33,2111.54,61.11,5,equal-weight sizing trim,2022-08-01,218.65,,5,3.0,,39.64,,0,2022-08-08,233.7,,5,2.5,,48.16,,7
SELL,354,ALNY,2022-08-16,230.84,58.51,2022-08-02,142.22,4.16,6.75,5185.07,5178.32,62.23,10,rotation (out of top-N),2022-08-01,218.65,,5,3.0,,39.64,,0,2022-08-15,215.91,,5,3.0,,35.9,,14
SELL,355,MIRM,2022-08-09,28.55,515.85,2022-08-02,22.83,5.89,7.36,2950.63,2943.27,24.99,5,rotation (out of top-N),2022-08-01,29.39,,5,-0.0,,40.07,,189,2022-08-08,24.98,,3.56,1.1,,17.81,,196
SELL,356,SQM,2022-08-16,101.99,154.18,2022-08-09,86.96,6.7,7.86,2317.28,2309.42,17.23,5,rotation (out of top-N),2022-08-08,97.97,,5,-0.3,,45.62,,336,2022-08-15,81.19,,3.92,1.0,,19.61,,343
SELL,357,AXSM,2022-08-16,46.88,14.45,2022-08-09,41.0,0.3,0.34,85.06,84.72,14.3,5,equal-weight sizing trim,2022-08-08,46.22,,5,2.7,,36.53,,28,2022-08-15,59.56,,5,1.4,,73.33,,35
SELL,357,AXSM,2022-08-23,65.62,84.46,2022-08-09,41.0,1.73,2.77,2079.38,2076.61,59.97,10,equal-weight sizing trim,2022-08-08,46.22,,5,2.7,,36.53,,28,2022-08-22,67.08,,5,1.3,,90.88,,42
SELL,357,AXSM,2022-09-27,46.02,256.79,2022-08-09,43.23,5.55,5.91,717.14,711.24,6.41,34,rotation (out of top-N),2022-08-08,46.22,,5,2.7,,36.53,,28,2022-09-26,44.61,,3.65,1.8,,18.26,,77
SELL,358,AMR,2022-08-16,147.47,1.89,2022-08-09,132.41,0.12,0.14,28.4,28.26,11.32,5,equal-weight sizing trim,2022-08-08,144.84,,5,0.1,,38.06,,999,2022-08-15,147.18,,5,0.1,,37.14,,999
SELL,358,AMR,2022-08-23,163.26,7.69,2022-08-09,132.41,0.51,0.63,237.26,236.63,23.24,10,equal-weight sizing trim,2022-08-08,144.84,,5,0.1,,38.06,,999,2022-08-22,157.47,,5,-0.1,,42.94,,999
SELL,358,AMR,2022-08-30,148.69,91.68,2022-08-09,132.41,6.07,6.82,1492.53,1485.72,12.24,15,rotation (out of top-N),2022-08-08,144.84,,5,0.1,,38.06,,999,2022-08-29,142.32,,5,0.7,,26.35,,999
SELL,359,ATI,2022-08-16,32.76,10.58,2022-08-09,29.28,0.15,0.17,36.83,36.66,11.83,5,equal-weight sizing trim,2022-08-08,31.4,,5,0.2,,35.97,,182,2022-08-15,32.52,,5,0.1,,38.53,,189
SELL,359,ATI,2022-08-23,31.75,447.31,2022-08-09,29.28,6.55,7.1,1102.63,1095.53,8.36,10,rotation (out of top-N),2022-08-08,31.4,,5,0.2,,35.97,,182,2022-08-22,32.34,,5,0.2,,35.39,,196
SELL,360,BE,2022-08-16,28.59,548.35,2022-08-09,24.45,6.7,7.84,2270.18,2262.34,16.87,5,rotation (out of top-N),2022-08-08,30.42,,5,2.6,,48.89,,0,2022-08-15,25.53,,5,3.6,,26.29,,7
SELL,361,FSLR,2022-08-16,117.22,3.52,2022-08-09,104.31,0.18,0.21,45.44,45.23,12.32,5,equal-weight sizing trim,2022-08-08,118.02,,5,2.7,,46.3,,0,2022-08-15,115.38,,5,2.7,,42.83,,7
SELL,361,FSLR,2022-08-30,125.37,9.01,2022-08-09,104.71,0.47,0.56,186.17,185.61,19.67,15,equal-weight sizing trim,2022-08-08,118.02,,5,2.7,,46.3,,0,2022-08-29,126.41,,5,1.9,,54.86,,21
SELL,361,FSLR,2022-09-13,131.69,5.34,2022-08-09,104.71,0.28,0.35,144.13,143.78,25.7,24,equal-weight sizing trim,2022-08-08,118.02,,5,2.7,,46.3,,0,2022-09-12,135.74,,5,1.4,,62.5,,35
SELL,361,FSLR,2022-09-20,137.8,4.74,2022-08-09,104.71,0.25,0.33,156.95,156.62,31.53,29,equal-weight sizing trim,2022-08-08,118.02,,5,2.7,,46.3,,0,2022-09-19,129.83,,5,1.6,,53.73,,42
SELL,361,FSLR,2022-09-27,131.34,1.29,2022-08-09,104.71,0.07,0.08,34.31,34.22,25.37,34,equal-weight sizing trim,2022-08-08,118.02,,5,2.7,,46.3,,0,2022-09-26,132.35,,5,1.5,,54.66,,49
SELL,361,FSLR,2022-10-18,121.39,120.81,2022-08-09,107.2,6.48,7.33,1714.52,1707.19,13.18,49,ratchet-ATR exit,2022-08-08,118.02,,5,2.7,,46.3,,0,2022-10-17,122.55,,5,0.9,,38.35,,70
SELL,362,AEHR,2022-08-30,15.63,829.66,2022-08-16,18.58,7.71,6.48,-2444.28,-2450.76,-15.9,10,rotation (out of top-N),2022-08-15,16.91,,5,2.9,,41.28,,0,2022-08-29,13.47,,2.81,4.1,,14.06,,14
SELL,363,LQDA,2022-08-30,7.71,1966.71,2022-08-16,8.29,8.15,7.58,-1141.21,-1148.79,-7.05,10,rotation (out of top-N),2022-08-15,7.45,,5,3.1,,37.98,,0,2022-08-29,5.85,,1.18,4.5,,5.91,,14
SELL,364,ASTS,2022-08-30,12.49,88.4,2022-08-16,11.71,0.52,0.55,69.21,68.66,6.63,10,equal-weight sizing trim,2022-08-15,12.3,,5,2.4,,52.89,,0,2022-08-29,10.96,,5,3.0,,36.13,,14
SELL,364,ASTS,2022-09-13,10.5,1211.96,2022-08-16,11.71,7.09,6.36,-1462.96,-1469.32,-10.36,19,rotation (out of top-N),2022-08-15,12.3,,5,2.4,,52.89,,0,2022-09-12,8.54,,1.13,4.3,,5.63,,28
SELL,365,OXY,2022-08-23,66.95,15.92,2022-08-16,61.16,0.49,0.53,92.17,91.64,9.41,5,equal-weight sizing trim,2022-08-15,67.23,,5,-0.0,,40.05,,999,2022-08-22,69.39,,5,-0.1,,41.45,,999
SELL,365,OXY,2022-08-30,69.42,223.56,2022-08-16,61.16,6.84,7.76,1846.62,1838.86,13.45,10,rotation (out of top-N),2022-08-15,67.23,,5,-0.0,,40.05,,999,2022-08-29,64.84,,5,0.5,,29.73,,999
SELL,366,SQM,2022-08-30,95.29,174.79,2022-08-23,85.59,7.48,8.33,1695.43,1687.1,11.28,5,rotation (out of top-N),2022-08-22,94.51,,5,0.1,,37.19,,350,2022-08-29,91.21,,5,0.5,,30.72,,357
SELL,367,SBR,2022-08-30,56.69,267.1,2022-08-23,56.01,7.48,7.57,181.62,174.05,1.16,5,rotation (out of top-N),2022-08-22,56.53,,5,0.1,,37.87,,999,2022-08-29,53.91,,5,0.5,,29.44,,999
SELL,368,CF,2022-08-30,102.52,152.28,2022-08-23,98.24,7.48,7.81,651.76,643.95,4.3,5,rotation (out of top-N),2022-08-22,108.91,,5,0.2,,36.88,,999,2022-08-29,98.34,,4.4,0.9,,22.02,,999
SELL,369,GSAT,2022-08-30,30.9,103.77,2022-08-23,25.2,1.31,1.6,591.47,589.87,22.56,5,equal-weight sizing trim,2022-08-22,29.85,,5,1.6,,56.26,,35,2022-08-29,30.68,,5,1.4,,58.67,,42
SELL,369,GSAT,2022-09-20,26.85,572.35,2022-08-23,25.39,7.27,7.68,833.05,825.36,5.68,19,ratchet-ATR exit,2022-08-22,29.85,,5,1.6,,56.26,,35,2022-09-19,24.0,,4.22,1.9,,21.11,,63
SELL,370,YPF,2022-09-13,6.9,375.04,2022-08-30,5.87,1.1,1.29,386.29,384.99,17.49,9,equal-weight sizing trim,2022-08-29,5.82,,5,3.0,,38.65,,7,2022-09-12,6.95,,5,1.7,,59.77,,21
SELL,370,YPF,2022-09-20,7.15,69.82,2022-08-30,5.87,0.2,0.25,89.37,89.12,21.74,14,equal-weight sizing trim,2022-08-29,5.82,,5,3.0,,38.65,,7,2022-09-19,6.23,,5,2.5,,41.24,,28
SELL,370,YPF,2022-09-27,6.34,2132.63,2022-08-30,5.87,6.26,6.77,1013.0,1006.24,8.04,19,ratchet-ATR exit,2022-08-29,5.82,,5,3.0,,38.65,,7,2022-09-26,6.21,,5,2.5,,38.98,,35
SELL,371,DINO,2022-09-13,45.32,325.37,2022-08-30,46.5,7.56,7.37,-383.94,-391.31,-2.59,9,rotation (out of top-N),2022-08-29,46.14,,5,0.4,,31.62,,238,2022-09-12,42.68,,3.79,1.1,,18.95,,252
SELL,372,ELF,2022-09-13,38.29,11.91,2022-08-30,37.01,0.22,0.23,15.25,15.02,3.41,9,equal-weight sizing trim,2022-08-29,38.3,,5,2.6,,32.57,,49,2022-09-12,39.36,,5,1.2,,34.3,,63
SELL,372,ELF,2022-09-20,39.17,7.6,2022-08-30,37.01,0.14,0.15,16.42,16.28,5.78,14,equal-weight sizing trim,2022-08-29,38.3,,5,2.6,,32.57,,49,2022-09-19,38.63,,5,1.3,,30.88,,70
SELL,372,ELF,2022-09-27,39.09,21.87,2022-08-30,37.01,0.4,0.43,45.59,45.16,5.58,19,equal-weight sizing trim,2022-08-29,38.3,,5,2.6,,32.57,,49,2022-09-26,37.62,,5,1.4,,26.8,,77
SELL,372,ELF,2022-10-18,42.4,1.15,2022-08-30,37.2,0.02,0.02,5.97,5.94,13.91,34,equal-weight sizing trim,2022-08-29,38.3,,5,2.6,,32.57,,49,2022-10-17,41.55,,5,0.5,,37.15,,98
SELL,372,ELF,2022-11-08,49.95,43.87,2022-08-30,37.91,0.83,1.1,528.38,527.28,31.71,49,equal-weight sizing trim,2022-08-29,38.3,,5,2.6,,32.57,,49,2022-11-07,49.57,,5,-0.8,,56.12,,119
SELL,372,ELF,2022-11-22,54.42,27.22,2022-08-30,38.15,0.52,0.74,443.13,442.39,42.6,59,equal-weight sizing trim,2022-08-29,38.3,,5,2.6,,32.57,,49,2022-11-21,55.48,,5,-1,,67.28,,133
SELL,372,ELF,2022-11-29,55.37,0.92,2022-08-30,38.15,0.02,0.03,15.83,15.81,45.06,63,equal-weight sizing trim,2022-08-29,38.3,,5,2.6,,32.57,,49,2022-11-28,55.14,,5,-1,,62.75,,140
SELL,372,ELF,2023-01-10,55.42,409.74,2022-08-30,38.92,7.97,11.35,6760.72,6749.37,42.32,91,rotation (out of top-N),2022-08-29,38.3,,5,2.6,,32.57,,49,2023-01-09,52.75,,5,0.1,,37.69,,182
SELL,373,DKL,2022-09-13,42.19,348.05,2022-08-30,43.47,7.56,7.34,-445.51,-452.85,-2.99,9,rotation (out of top-N),2022-08-29,43.31,,5,0.3,,33.3,,154,2022-09-12,38.85,,3.48,1.1,,17.39,,168
SELL,374,PLMR,2022-09-13,85.26,20.63,2022-08-30,76.08,0.78,0.88,189.34,188.47,12.01,9,equal-weight sizing trim,2022-08-29,84.07,,5,2.8,,36.16,,21,2022-09-12,84.23,,5,2.7,,34.41,,35
SELL,374,PLMR,2022-09-27,83.97,7.86,2022-08-30,76.12,0.3,0.33,61.77,61.44,10.26,19,equal-weight sizing trim,2022-08-29,84.07,,5,2.8,,36.16,,21,2022-09-26,83.81,,5,2.6,,31.64,,49
SELL,374,PLMR,2022-10-11,91.87,4.02,2022-08-30,76.27,0.15,0.18,62.66,62.48,20.4,29,equal-weight sizing trim,2022-08-29,84.07,,5,2.8,,36.16,,21,2022-10-10,92.7,,5,0.8,,42.31,,63
SELL,374,PLMR,2022-10-18,89.12,168.85,2022-08-30,76.27,6.44,7.52,2170.75,2163.23,16.8,34,rotation (out of top-N),2022-08-29,84.07,,5,2.8,,36.16,,21,2022-10-17,81.12,,4.63,1.7,,23.14,,70
SELL,375,PDD,2022-09-13,69.08,223.22,2022-08-30,67.78,7.56,7.71,290.19,282.48,1.87,9,rotation (out of top-N),2022-08-29,72.23,,5,2.9,,39.59,,7,2022-09-12,65.67,,5,3.4,,25.86,,21
SELL,376,CYTK,2022-09-13,53.2,293.61,2022-08-30,51.53,7.56,7.81,488.86,481.06,3.18,9,rotation (out of top-N),2022-08-29,54.09,,5,0.3,,33.91,,999,2022-09-12,53.3,,5,0.5,,29.07,,999
SELL,377,VIST,2022-09-13,10.17,1471.78,2022-08-30,10.28,7.56,7.48,-161.9,-169.38,-1.12,9,rotation (out of top-N),2022-08-29,10.03,,5,0.4,,31.12,,999,2022-09-12,9.8,,4.89,0.8,,24.44,,999
SELL,378,SQM,2022-09-20,95.29,161.04,2022-09-13,94.32,7.59,7.67,156.21,148.54,0.98,5,rotation (out of top-N),2022-09-12,94.02,,5,0.5,,30.32,,371,2022-09-19,84.73,,3.2,1.2,,15.98,,378
SELL,379,MOD,2022-09-27,14.22,1013.16,2022-09-13,15.42,7.81,7.21,-1209.93,-1217.14,-7.79,10,rotation (out of top-N),2022-09-12,14.79,,5,0.8,,35.35,,84,2022-09-26,12.95,,3.34,1.5,,16.69,,98
SELL,380,PTCT,2022-09-20,53.96,9.68,2022-09-13,51.97,0.25,0.26,19.27,19.01,3.78,5,equal-weight sizing trim,2022-09-12,52.82,,5,1.4,,30.24,,63,2022-09-19,49.23,,4.13,1.8,,20.64,,70
SELL,380,PTCT,2022-09-27,49.11,282.59,2022-09-13,51.97,7.34,6.94,-808.2,-815.13,-5.55,10,ratchet-ATR exit,2022-09-12,52.82,,5,1.4,,30.24,,63,2022-09-26,50.23,,4.49,1.6,,22.47,,77
SELL,381,AEHR,2022-09-20,14.74,1049.71,2022-09-13,14.47,7.59,7.74,283.42,275.69,1.81,5,rotation (out of top-N),2022-09-12,15.58,,5,2.9,,32.13,,28,2022-09-19,13.76,,3.43,3.6,,17.15,,35
SELL,382,XMTR,2022-09-20,60.15,13.16,2022-09-13,56.95,0.37,0.4,41.99,41.6,5.55,5,equal-weight sizing trim,2022-09-12,56.66,,5,2.9,,35.43,,21,2022-09-19,59.94,,5,2.4,,41.88,,28
SELL,382,XMTR,2022-09-27,56.81,0.68,2022-09-13,56.95,0.02,0.02,-0.1,-0.12,-0.3,10,equal-weight sizing trim,2022-09-12,56.66,,5,2.9,,35.43,,21,2022-09-26,56.82,,5,2.7,,34.02,,35
SELL,382,XMTR,2022-10-11,55.7,263.34,2022-09-13,57.06,7.51,7.33,-360.08,-367.41,-2.45,20,rotation (out of top-N),2022-09-12,56.66,,5,2.9,,35.43,,21,2022-10-10,52.14,,4.53,3.0,,22.67,,49
SELL,383,ELVN,2022-09-20,8.92,4.91,2022-09-13,8.86,0.02,0.02,0.29,0.27,0.63,5,equal-weight sizing trim,2022-09-12,9.32,,5,2.1,,58.64,,0,2022-09-19,9.0,,5,2.2,,53.27,,7
SELL,383,ELVN,2022-09-27,8.56,31.39,2022-09-13,8.86,0.14,0.13,-9.42,-9.55,-3.43,10,equal-weight sizing trim,2022-09-12,9.32,,5,2.1,,58.64,,0,2022-09-26,9.04,,5,2.0,,54.58,,14
SELL,383,ELVN,2022-10-11,9.24,21.22,2022-09-13,8.86,0.09,0.1,7.96,7.86,4.18,20,equal-weight sizing trim,2022-09-12,9.32,,5,2.1,,58.64,,0,2022-10-10,15.2,,5,1.5,,152.01,,28
SELL,383,ELVN,2022-10-18,14.32,507.83,2022-09-13,8.86,2.25,3.64,2770.26,2766.63,61.46,25,equal-weight sizing trim,2022-09-12,9.32,,5,2.1,,58.64,,0,2022-10-17,15.66,,5,1.4,,151.53,,35
SELL,383,ELVN,2022-10-25,18.84,215.56,2022-09-13,8.86,0.96,2.03,2150.28,2148.24,112.42,30,equal-weight sizing trim,2022-09-12,9.32,,5,2.1,,58.64,,0,2022-10-24,17.04,,5,1.3,,162.76,,42
SELL,383,ELVN,2022-11-15,19.04,26.32,2022-09-13,10.4,0.14,0.25,227.28,227.03,82.91,45,equal-weight sizing trim,2022-09-12,9.32,,5,2.1,,58.64,,0,2022-11-14,18.3,,5,-0.0,,144.51,,63
SELL,383,ELVN,2022-12-06,15.3,1248.45,2022-09-13,11.09,6.92,9.55,5260.89,5251.33,37.94,59,ratchet-ATR exit,2022-09-12,9.32,,5,2.1,,58.64,,0,2022-12-05,15.88,,5,-0.4,,91.36,,84
SELL,384,ALNY,2022-09-20,216.24,2.62,2022-09-13,207.69,0.27,0.28,22.39,22.11,4.06,5,equal-weight sizing trim,2022-09-12,213.04,,5,2.7,,31.24,,42,2022-09-19,200.73,,4.71,3.0,,23.54,,49
SELL,384,ALNY,2022-09-27,202.21,70.52,2022-09-13,207.69,7.32,7.13,-386.43,-393.56,-2.69,10,ratchet-ATR exit,2022-09-12,213.04,,5,2.7,,31.24,,42,2022-09-26,199.93,,4.59,2.9,,22.94,,56
SELL,385,PI,2022-09-20,91.17,170.24,2022-09-13,89.22,7.59,7.76,331.11,323.35,2.13,5,rotation (out of top-N),2022-09-12,89.52,,5,2.8,,29.54,,42,2022-09-19,79.19,,2.96,3.4,,14.79,,49
SELL,386,SDS,2022-09-27,211.27,10.26,2022-09-20,194.78,1.0,1.08,169.12,168.03,8.41,5,equal-weight sizing trim,2022-09-19,212.76,,4.09,1.0,,20.45,,147,2022-09-26,225.24,,5,0.7,,26.15,,154
SELL,386,SDS,2022-10-04,206.81,67.99,2022-09-20,194.78,6.62,7.03,817.92,810.89,6.12,10,rotation (out of top-N),2022-09-19,212.76,,4.09,1.0,,20.45,,147,2022-10-03,217.51,,4.12,1.0,,20.61,,161
SELL,387,UNM,2022-09-27,34.78,418.36,2022-09-20,36.43,7.62,7.28,-690.29,-697.56,-4.58,5,rotation (out of top-N),2022-09-19,34.9,,4.28,0.9,,21.38,,224,2022-09-26,34.8,,3.92,1.0,,19.62,,231
SELL,388,CNR,2022-09-27,57.01,2.94,2022-09-20,59.79,0.09,0.08,-8.18,-8.27,-4.7,5,equal-weight sizing trim,2022-09-19,55.16,,5,0.5,,30.1,,999,2022-09-26,60.07,,5,0.1,,38.61,,999
SELL,388,CNR,2022-10-04,65.67,12.76,2022-09-20,59.79,0.38,0.42,75.02,74.6,9.78,10,equal-weight sizing trim,2022-09-19,55.16,,5,0.5,,30.1,,999,2022-10-03,65.79,,5,-0.4,,47.98,,999
SELL,388,CNR,2022-10-18,67.01,246.81,2022-09-20,59.88,7.39,8.27,1758.68,1750.42,11.84,20,rotation (out of top-N),2022-09-19,55.16,,5,0.5,,30.1,,999,2022-10-17,60.08,,5,0.5,,29.44,,999
SELL,389,HQY,2022-09-27,71.06,211.84,2022-09-20,71.94,7.62,7.53,-188.54,-196.06,-1.29,5,rotation (out of top-N),2022-09-19,71.8,,4.09,1.0,,20.44,,161,2022-09-26,67.19,,2.33,1.4,,11.67,,168
SELL,390,CYTK,2022-09-27,48.82,289.64,2022-09-20,52.62,7.62,7.07,-1100.62,-1107.69,-7.27,5,rotation (out of top-N),2022-09-19,50.82,,4.43,0.9,,22.15,,999,2022-09-26,48.47,,3.25,1.2,,16.24,,999
SELL,391,CALM,2022-09-27,47.42,338.01,2022-09-20,45.09,7.62,8.01,787.55,779.54,5.11,5,rotation (out of top-N),2022-09-19,47.64,,4.95,0.8,,24.73,,259,2022-09-26,43.68,,2.64,1.3,,13.21,,266
SELL,392,HAE,2022-09-27,74.75,199.07,2022-09-20,76.56,7.62,7.44,-360.31,-367.75,-2.41,5,rotation (out of top-N),2022-09-19,73.76,,4.02,1.2,,20.1,,105,2022-09-26,74.06,,3.92,1.2,,19.62,,112
SELL,393,LNTH,2022-09-27,67.47,198.36,2022-09-20,76.83,7.62,6.69,-1856.62,-1863.31,-12.23,5,rotation (out of top-N),2022-09-19,68.44,,3.7,1.1,,18.51,,999,2022-09-26,70.29,,3.92,1.0,,19.59,,999
SELL,394,DINO,2022-10-04,48.97,20.73,2022-09-27,42.04,0.44,0.51,143.69,143.18,16.43,5,equal-weight sizing trim,2022-09-26,46.4,,5,0.7,,26.28,,266,2022-10-03,47.9,,5,0.6,,28.6,,273
SELL,394,DINO,2022-10-25,50.46,342.21,2022-09-27,42.38,7.25,8.63,2766.13,2757.5,19.01,20,rotation (out of top-N),2022-09-26,46.4,,5,0.7,,26.28,,266,2022-10-24,53.0,,5,0.2,,36.5,,294
SELL,395,AEHR,2022-10-04,15.55,49.7,2022-09-27,13.55,0.34,0.39,99.65,99.26,14.74,5,equal-weight sizing trim,2022-09-26,14.15,,4.42,3.2,,22.1,,42,2022-10-03,17.16,,5,1.7,,50.35,,49
SELL,395,AEHR,2022-10-11,16.25,55.27,2022-09-27,13.55,0.37,0.45,149.22,148.77,19.87,10,equal-weight sizing trim,2022-09-26,14.15,,4.42,3.2,,22.1,,42,2022-10-10,14.75,,5,2.6,,29.62,,56
SELL,395,AEHR,2022-10-18,17.74,9.37,2022-09-27,13.55,0.06,0.08,39.24,39.16,30.86,15,equal-weight sizing trim,2022-09-26,14.15,,4.42,3.2,,22.1,,42,2022-10-17,20.82,,5,-0.0,,80.03,,63
SELL,395,AEHR,2022-10-25,22.18,133.69,2022-09-27,13.55,0.91,1.48,1153.74,1152.26,63.61,20,equal-weight sizing trim,2022-09-26,14.15,,4.42,3.2,,22.1,,42,2022-10-24,21.86,,5,-0.2,,84.76,,70
SELL,395,AEHR,2022-11-15,25.48,104.19,2022-09-27,14.63,0.76,1.33,1130.73,1129.4,74.11,35,equal-weight sizing trim,2022-09-26,14.15,,4.42,3.2,,22.1,,42,2022-11-14,23.51,,5,-0.5,,86.53,,91
SELL,395,AEHR,2022-11-29,25.84,64.1,2022-09-27,15.21,0.49,0.83,681.21,680.38,69.77,44,equal-weight sizing trim,2022-09-26,14.15,,4.42,3.2,,22.1,,42,2022-11-28,26.63,,5,-0.8,,100.14,,105
SELL,395,AEHR,2023-01-10,26.26,93.99,2022-09-27,16.37,0.77,1.23,929.91,928.68,60.37,72,equal-weight sizing trim,2022-09-26,14.15,,4.42,3.2,,22.1,,42,2023-01-09,29.28,,5,-1,,91.95,,147
SELL,395,AEHR,2023-01-24,33.72,140.78,2022-09-27,16.37,1.15,2.37,2442.94,2440.56,105.92,81,equal-weight sizing trim,2022-09-26,14.15,,4.42,3.2,,22.1,,42,2023-01-23,35.41,,5,-1,,114.4,,161
SELL,395,AEHR,2023-01-31,34.39,16.18,2022-09-27,16.37,0.13,0.28,291.63,291.35,110.02,86,equal-weight sizing trim,2022-09-26,14.15,,4.42,3.2,,22.1,,42,2023-01-30,35.8,,5,-1,,107.91,,168
SELL,395,AEHR,2023-02-28,33.78,61.53,2022-09-27,19.49,0.6,1.04,879.13,878.09,73.22,105,equal-weight sizing trim,2022-09-26,14.15,,4.42,3.2,,22.1,,42,2023-02-27,32.2,,5,-1,,63.89,,196
SELL,395,AEHR,2023-03-14,30.86,920.08,2022-09-27,20.61,9.48,14.2,9433.61,9419.41,49.68,115,ratchet-ATR exit,2022-09-26,14.15,,4.42,3.2,,22.1,,42,2023-03-13,32.27,,5,-0.8,,55.58,,210
SELL,396,CECO,2022-10-11,9.6,3.54,2022-09-27,9.26,0.02,0.02,1.21,1.19,3.64,10,equal-weight sizing trim,2022-09-26,8.87,,5,1.0,,33.69,,77,2022-10-10,9.74,,5,0.3,,43.16,,91
SELL,396,CECO,2022-10-18,10.49,17.34,2022-09-27,9.26,0.08,0.09,21.35,21.26,13.24,15,equal-weight sizing trim,2022-09-26,8.87,,5,1.0,,33.69,,77,2022-10-17,10.48,,5,-0.2,,51.78,,98
SELL,396,CECO,2022-11-15,11.98,46.65,2022-09-27,9.52,0.22,0.28,114.75,114.47,25.77,35,equal-weight sizing trim,2022-09-26,8.87,,5,1.0,,33.69,,77,2022-11-14,11.06,,5,-0.4,,48.24,,126
SELL,396,CECO,2022-11-29,12.09,118.6,2022-09-27,9.62,0.57,0.72,292.92,292.21,25.61,44,equal-weight sizing trim,2022-09-26,8.87,,5,1.0,,33.69,,77,2022-11-28,12.2,,5,-0.8,,56.62,,140
SELL,396,CECO,2023-01-10,12.25,28.28,2022-09-27,9.75,0.14,0.17,70.71,70.54,25.58,72,equal-weight sizing trim,2022-09-26,8.87,,5,1.0,,33.69,,77,2023-01-09,14.35,,5,-1,,62.75,,182
SELL,396,CECO,2023-01-24,14.31,145.76,2022-09-27,9.75,0.71,1.04,664.7,663.66,46.7,81,equal-weight sizing trim,2022-09-26,8.87,,5,1.0,,33.69,,77,2023-01-23,13.8,,5,-0.4,,48.79,,196
SELL,396,CECO,2023-02-14,14.21,1833.43,2022-09-27,10.01,9.18,13.03,7691.27,7678.24,41.82,96,rotation (out of top-N),2022-09-26,8.87,,5,1.0,,33.69,,77,2023-02-13,14.52,,5,-0.3,,45.38,,217
SELL,397,TPL,2022-10-04,207.03,3.97,2022-09-27,179.82,0.36,0.41,107.93,107.51,15.07,5,equal-weight sizing trim,2022-09-26,190.21,,4.58,0.9,,22.9,,175,2022-10-03,211.87,,5,0.2,,35.16,,182
SELL,397,TPL,2022-10-11,212.4,2.84,2022-09-27,179.82,0.26,0.3,92.6,92.29,18.06,10,equal-weight sizing trim,2022-09-26,190.21,,4.58,0.9,,22.9,,175,2022-10-10,215.24,,5,0.2,,35.53,,189
SELL,397,TPL,2022-11-08,291.11,9.22,2022-09-27,184.17,0.85,1.34,986.07,984.72,57.99,30,equal-weight sizing trim,2022-09-26,190.21,,4.58,0.9,,22.9,,175,2022-11-07,291.16,,5,-1,,67.67,,217
SELL,397,TPL,2022-11-22,276.59,76.17,2022-09-27,191.53,7.29,10.53,6479.29,6468.76,44.34,40,ratchet-ATR exit,2022-09-26,190.21,,4.58,0.9,,22.9,,175,2022-11-21,277.8,,5,-0.6,,52.43,,231
SELL,398,BIIB,2022-10-04,266.01,72.73,2022-09-27,197.41,7.18,9.67,4989.09,4979.42,34.68,5,rotation (out of top-N),2022-09-26,267.02,,5,3.7,,25.61,,0,2022-10-03,257.88,,4.21,3.8,,21.06,,7
SELL,399,AGYS,2022-10-04,56.47,277.14,2022-09-27,51.8,7.18,7.82,1292.84,1285.02,8.95,5,rotation (out of top-N),2022-09-26,55.41,,5,1.2,,27.56,,84,2022-10-03,54.22,,4.82,1.3,,24.11,,91
SELL,400,KNSA,2022-10-04,13.64,103.35,2022-09-27,11.44,0.59,0.7,227.36,226.66,19.17,5,equal-weight sizing trim,2022-09-26,12.86,,4.52,3.1,,22.59,,49,2022-10-03,13.89,,5,2.5,,31.74,,56
SELL,400,KNSA,2022-10-11,14.17,56.92,2022-09-27,11.44,0.33,0.4,155.4,154.99,23.8,10,equal-weight sizing trim,2022-09-26,12.86,,4.52,3.1,,22.59,,49,2022-10-10,13.57,,5,1.6,,27.92,,63
SELL,400,KNSA,2022-10-18,13.53,1094.72,2022-09-27,11.44,6.26,7.41,2287.97,2280.56,18.21,15,rotation (out of top-N),2022-09-26,12.86,,4.52,3.1,,22.59,,49,2022-10-17,12.51,,3.52,2.0,,17.61,,70
SELL,401,PBF,2022-10-04,33.45,51.9,2022-09-27,27.53,0.71,0.87,307.24,306.37,21.44,5,equal-weight sizing trim,2022-09-26,31.51,,5,0.5,,29.42,,266,2022-10-03,35.02,,5,-0.0,,40.46,,273
SELL,401,PBF,2022-10-11,33.14,1.53,2022-09-27,27.53,0.02,0.03,8.57,8.55,20.32,10,equal-weight sizing trim,2022-09-26,31.51,,5,0.5,,29.42,,266,2022-10-10,35.98,,5,-0.1,,41.29,,280
SELL,401,PBF,2022-10-18,37.45,20.33,2022-09-27,27.53,0.28,0.38,201.64,201.26,35.97,15,equal-weight sizing trim,2022-09-26,31.51,,5,0.5,,29.42,,266,2022-10-17,38.97,,5,-0.5,,49.69,,287
SELL,401,PBF,2022-11-08,42.4,6.36,2022-09-27,28.48,0.09,0.13,88.53,88.39,48.8,30,equal-weight sizing trim,2022-09-26,31.51,,5,0.5,,29.42,,266,2022-11-07,41.46,,5,-0.4,,48.06,,308
SELL,401,PBF,2022-11-22,42.69,499.15,2022-09-27,28.94,7.22,10.65,6864.24,6853.59,47.45,40,rotation (out of top-N),2022-09-26,31.51,,5,0.5,,29.42,,266,2022-11-21,41.12,,5,-0.0,,40.7,,322
SELL,402,LNG,2022-10-04,163.94,2.34,2022-09-27,146.26,0.17,0.19,41.43,41.24,12.03,5,equal-weight sizing trim,2022-09-26,160.09,,4.38,0.9,,21.91,,999,2022-10-03,167.8,,5,0.7,,26.08,,999
SELL,402,LNG,2022-10-11,159.63,95.82,2022-09-27,146.26,7.01,7.65,1281.09,1273.44,9.09,10,rotation (out of top-N),2022-09-26,160.09,,4.38,0.9,,21.91,,999,2022-10-10,164.49,,4.44,0.9,,22.2,,999
SELL,403,GSAT,2022-10-11,26.85,603.47,2022-09-27,24.18,7.3,8.1,1612.5,1604.4,11.0,10,rotation (out of top-N),2022-09-26,24.08,,4.14,1.8,,20.68,,70,2022-10-10,25.05,,4.56,1.5,,22.79,,84
SELL,404,UNM,2022-10-11,37.2,20.43,2022-09-27,34.84,0.36,0.38,48.14,47.76,6.71,10,equal-weight sizing trim,2022-09-26,34.8,,3.92,1.0,,19.62,,231,2022-10-10,37.43,,5,0.7,,25.52,,245
SELL,404,UNM,2022-10-18,38.68,416.99,2022-09-27,34.84,7.26,8.06,1599.75,1591.68,10.95,15,rotation (out of top-N),2022-09-26,34.8,,3.92,1.0,,19.62,,231,2022-10-17,39.08,,5,0.5,,29.46,,252
SELL,405,HAE,2022-10-04,78.18,192.07,2022-09-27,74.75,7.18,7.51,658.79,651.29,4.54,5,rotation (out of top-N),2022-09-26,74.06,,3.92,1.2,,19.62,,112,2022-10-03,75.91,,4.3,0.9,,21.48,,119
SELL,406,LNTH,2022-10-04,75.94,212.78,2022-09-27,67.47,7.18,8.08,1801.15,1793.07,12.49,5,rotation (out of top-N),2022-09-26,70.29,,3.92,1.0,,19.59,,999,2022-10-03,65.55,,1.96,1.5,,9.82,,999
SELL,407,PDD,2022-10-04,64.47,229.79,2022-09-27,62.48,7.18,7.41,458.42,451.02,3.14,5,rotation (out of top-N),2022-09-26,62.57,,3.91,3.4,,19.53,,35,2022-10-03,63.57,,4.23,3.2,,21.13,,42
SELL,408,ERIE,2022-10-04,216.65,70.6,2022-09-27,203.36,7.18,7.65,938.27,930.62,6.48,5,rotation (out of top-N),2022-09-26,208.87,,3.7,1.9,,18.48,,70,2022-10-03,216.23,,4.4,1.6,,22.01,,77
SELL,409,GFF,2022-10-04,28.36,543.62,2022-09-27,26.41,7.18,7.71,1060.06,1052.36,7.33,5,rotation (out of top-N),2022-09-26,26.58,,3.67,1.1,,18.33,,126,2022-10-03,27.26,,4.17,1.0,,20.87,,133
SELL,410,YPF,2022-10-11,6.94,40.26,2022-10-04,6.9,0.14,0.14,1.61,1.47,0.53,5,equal-weight sizing trim,2022-10-03,7.18,,5,1.4,,57.83,,42,2022-10-10,6.69,,5,1.9,,44.84,,49
SELL,410,YPF,2022-11-29,8.38,337.41,2022-10-04,7.04,1.19,1.41,453.21,451.8,19.03,39,equal-weight sizing trim,2022-10-03,7.18,,5,1.4,,57.83,,42,2022-11-28,8.27,,5,-0.5,,57.71,,98
SELL,410,YPF,2022-12-13,7.68,2794.48,2022-10-04,7.1,9.91,10.73,1631.63,1620.9,8.17,49,rotation (out of top-N),2022-10-03,7.18,,5,1.4,,57.83,,42,2022-12-12,7.46,,5,0.2,,38.41,,112
SELL,411,DGII,2022-10-25,38.95,8.87,2022-10-04,37.66,0.17,0.17,11.48,11.3,3.38,15,equal-weight sizing trim,2022-10-03,36.75,,5,-0.3,,46.25,,119,2022-10-24,39.75,,5,-0.6,,52.25,,140
SELL,411,DGII,2022-11-08,37.17,499.0,2022-10-04,37.78,9.43,9.27,-306.46,-315.74,-1.67,25,ratchet-ATR exit,2022-10-03,36.75,,5,-0.3,,46.25,,119,2022-11-07,39.91,,5,-0.4,,47.92,,154
SELL,412,TNK,2022-10-18,28.47,75.33,2022-10-04,24.93,0.94,1.07,266.86,265.79,14.15,10,equal-weight sizing trim,2022-10-03,24.54,,5,-0.7,,53.04,,203,2022-10-17,28.75,,5,-1,,70.09,,217
SELL,412,TNK,2022-11-08,30.39,14.19,2022-10-04,25.47,0.18,0.22,69.75,69.54,19.24,25,equal-weight sizing trim,2022-10-03,24.54,,5,-0.7,,53.04,,203,2022-11-07,27.61,,5,-0.5,,50.64,,238
SELL,412,TNK,2022-11-22,30.28,37.8,2022-10-04,25.78,0.49,0.57,170.06,169.49,17.39,35,equal-weight sizing trim,2022-10-03,24.54,,5,-0.7,,53.04,,203,2022-11-21,29.37,,5,-0.6,,51.88,,252
SELL,412,TNK,2022-12-06,30.11,733.53,2022-10-04,25.94,9.51,11.04,3061.09,3050.05,16.03,44,rotation (out of top-N),2022-10-03,24.54,,5,-0.7,,53.04,,203,2022-12-05,26.93,,5,0.3,,33.52,,266
SELL,413,RYTM,2022-11-01,26.5,0.98,2022-10-04,23.79,0.01,0.01,2.66,2.65,11.35,20,equal-weight sizing trim,2022-10-03,23.98,,5,-0.0,,110.54,,63,2022-10-31,23.3,,5,-0.5,,79.61,,91
SELL,413,RYTM,2022-11-15,26.4,101.42,2022-10-04,23.54,1.19,1.34,290.02,288.68,12.09,30,equal-weight sizing trim,2022-10-03,23.98,,5,-0.0,,110.54,,63,2022-11-14,25.57,,5,-0.8,,83.28,,105
SELL,413,RYTM,2022-11-29,25.04,37.22,2022-10-04,23.55,0.44,0.47,55.42,54.96,6.27,39,equal-weight sizing trim,2022-10-03,23.98,,5,-0.0,,110.54,,63,2022-11-28,28.27,,5,-1.0,,89.86,,119
SELL,413,RYTM,2022-12-06,27.36,65.88,2022-10-04,23.55,0.78,0.9,250.93,250.03,16.12,44,equal-weight sizing trim,2022-10-03,23.98,,5,-0.0,,110.54,,63,2022-12-05,25.13,,5,-1,,64.39,,126
SELL,413,RYTM,2022-12-13,30.27,53.02,2022-10-04,23.55,0.62,0.8,356.49,355.69,28.49,49,equal-weight sizing trim,2022-10-03,23.98,,5,-0.0,,110.54,,63,2022-12-12,28.05,,5,-1,,78.17,,133
SELL,413,RYTM,2023-01-10,31.4,53.04,2022-10-04,23.76,0.63,0.83,405.19,404.36,32.09,67,equal-weight sizing trim,2022-10-03,23.98,,5,-0.0,,110.54,,63,2023-01-09,31.27,,5,-1,,76.37,,161
SELL,413,RYTM,2023-01-31,27.2,838.03,2022-10-04,24.49,10.26,11.4,2267.73,2256.33,10.99,81,ratchet-ATR exit,2022-10-03,23.98,,5,-0.0,,110.54,,63,2023-01-30,28.64,,5,-0.4,,48.18,,182
SELL,414,SBR,2022-10-11,60.0,14.18,2022-10-04,57.57,0.41,0.43,34.47,34.04,4.17,5,equal-weight sizing trim,2022-10-03,60.52,,5,0.3,,34.2,,999,2022-10-10,60.07,,5,0.4,,31.12,,999
SELL,414,SBR,2022-10-25,60.42,283.0,2022-10-04,57.72,8.17,8.55,765.45,756.9,4.63,15,rotation (out of top-N),2022-10-03,60.52,,5,0.3,,34.2,,999,2022-10-24,60.9,,5,0.5,,29.15,,999
SELL,415,TMDX,2022-10-25,47.81,18.15,2022-10-04,44.44,0.4,0.43,61.19,60.76,7.53,15,equal-weight sizing trim,2022-10-03,41.23,,5,0.2,,36.91,,147,2022-10-24,48.63,,5,-0.5,,50.75,,168
SELL,415,TMDX,2022-11-08,56.56,39.7,2022-10-04,44.72,0.89,1.12,469.99,468.87,26.41,25,equal-weight sizing trim,2022-10-03,41.23,,5,0.2,,36.91,,147,2022-11-07,56.24,,5,-1,,63.83,,182
SELL,415,TMDX,2022-11-15,59.48,2.25,2022-10-04,44.72,0.05,0.07,33.22,33.15,32.95,30,equal-weight sizing trim,2022-10-03,41.23,,5,0.2,,36.91,,147,2022-11-14,57.04,,5,-1,,61.22,,189
SELL,415,TMDX,2022-11-29,58.45,0.59,2022-10-04,45.05,0.01,0.02,7.95,7.93,29.67,39,equal-weight sizing trim,2022-10-03,41.23,,5,0.2,,36.91,,147,2022-11-28,64.25,,5,-1,,70.5,,203
SELL,415,TMDX,2022-12-06,61.41,14.62,2022-10-04,45.05,0.33,0.45,239.23,238.78,36.25,44,equal-weight sizing trim,2022-10-03,41.23,,5,0.2,,36.91,,147,2022-12-05,58.99,,5,-0.6,,52.45,,210
SELL,415,TMDX,2022-12-20,54.12,358.54,2022-10-04,45.25,8.11,9.7,3179.08,3169.38,19.53,54,ratchet-ATR exit,2022-10-03,41.23,,5,0.2,,36.91,,147,2022-12-19,59.5,,5,-0.3,,46.53,,224
SELL,416,BELFB,2022-10-11,26.34,2.88,2022-10-04,26.53,0.04,0.04,-0.55,-0.59,-0.77,5,equal-weight sizing trim,2022-10-03,25.76,,5,-0.1,,42.17,,217,2022-10-10,26.0,,5,-0.0,,40.94,,224
SELL,416,BELFB,2022-10-25,30.2,17.07,2022-10-04,26.56,0.23,0.26,62.08,61.82,13.64,15,equal-weight sizing trim,2022-10-03,25.76,,5,-0.1,,42.17,,217,2022-10-24,33.96,,5,-1,,75.21,,238
SELL,416,BELFB,2022-11-08,34.71,23.69,2022-10-04,26.72,0.32,0.41,189.23,188.82,29.83,25,equal-weight sizing trim,2022-10-03,25.76,,5,-0.1,,42.17,,217,2022-11-07,36.89,,5,-1,,79.38,,252
SELL,416,BELFB,2022-11-15,36.75,7.58,2022-10-04,26.72,0.1,0.14,75.99,75.85,37.46,30,equal-weight sizing trim,2022-10-03,25.76,,5,-0.1,,42.17,,217,2022-11-14,36.66,,5,-1,,73.05,,259
SELL,416,BELFB,2022-11-29,34.45,588.35,2022-10-04,26.81,7.89,10.13,4494.61,4484.48,28.43,39,ratchet-ATR exit,2022-10-03,25.76,,5,-0.1,,42.17,,217,2022-11-28,35.64,,5,-1.0,,59.38,,273
SELL,417,VIST,2022-10-11,11.27,161.35,2022-10-04,10.21,0.82,0.91,171.03,170.12,10.33,5,equal-weight sizing trim,2022-10-03,11.8,,5,-0.2,,43.51,,999,2022-10-10,11.28,,5,0.3,,34.78,,999
SELL,417,VIST,2022-11-15,14.61,1525.87,2022-10-04,10.49,8.0,11.14,6280.67,6269.53,39.17,30,rotation (out of top-N),2022-10-03,11.8,,5,-0.2,,43.51,,999,2022-11-14,13.09,,5,-0.1,,41.73,,999
SELL,418,AXSM,2022-10-18,48.62,354.71,2022-10-11,43.71,7.75,8.62,1741.63,1733.01,11.18,5,rotation (out of top-N),2022-10-10,48.03,,5,1.2,,25.4,,91,2022-10-17,41.49,,1.48,2.0,,7.42,,98
SELL,419,PTCT,2022-10-18,54.71,313.16,2022-10-11,49.51,7.75,8.57,1628.42,1619.85,10.45,5,rotation (out of top-N),2022-10-10,51.63,,4.82,1.3,,24.09,,91,2022-10-17,46.6,,2.36,1.8,,11.81,,98
SELL,420,BIIB,2022-10-18,272.83,61.65,2022-10-11,251.47,7.75,8.41,1316.62,1308.21,8.44,5,rotation (out of top-N),2022-10-10,264.75,,4.76,3.6,,23.82,,14,2022-10-17,267.69,,4.96,3.4,,24.78,,21
SELL,421,MOD,2022-10-18,14.99,58.09,2022-10-11,13.18,0.38,0.44,105.44,105.01,13.71,5,equal-weight sizing trim,2022-10-10,13.83,,4.57,1.0,,22.86,,112,2022-10-17,15.25,,5,0.3,,34.11,,119
SELL,421,MOD,2022-11-01,18.09,81.74,2022-10-11,13.28,0.54,0.74,393.59,392.85,36.2,15,equal-weight sizing trim,2022-10-10,13.83,,4.57,1.0,,22.86,,112,2022-10-31,21.07,,5,-1,,77.39,,133
SELL,421,MOD,2022-11-08,20.99,109.99,2022-10-11,13.28,0.73,1.15,848.55,847.4,58.04,20,equal-weight sizing trim,2022-10-10,13.83,,4.57,1.0,,22.86,,112,2022-11-07,20.94,,5,-1,,72.43,,140
SELL,421,MOD,2022-12-06,21.24,29.45,2022-10-11,13.83,0.2,0.31,218.17,217.85,53.48,39,equal-weight sizing trim,2022-10-10,13.83,,4.57,1.0,,22.86,,112,2022-12-05,19.7,,5,-0.4,,48.85,,168
SELL,421,MOD,2022-12-20,20.25,37.88,2022-10-11,14.3,0.27,0.38,225.53,225.14,41.57,49,equal-weight sizing trim,2022-10-10,13.83,,4.57,1.0,,22.86,,112,2022-12-19,19.67,,5,-0.1,,42.77,,182
SELL,421,MOD,2023-01-10,22.41,41.13,2022-10-11,14.3,0.29,0.46,333.94,333.48,56.7,62,equal-weight sizing trim,2022-10-10,13.83,,4.57,1.0,,22.86,,112,2023-01-09,23.25,,5,-0.9,,57.73,,203
SELL,421,MOD,2023-01-24,22.09,1024.19,2022-10-11,14.3,7.32,11.31,7981.62,7970.31,54.43,71,rotation (out of top-N),2022-10-10,13.83,,4.57,1.0,,22.86,,112,2023-01-23,22.54,,5,-0.3,,45.98,,217
SELL,422,PARR,2022-10-25,23.03,80.55,2022-10-18,19.44,0.78,0.93,289.18,288.25,18.41,5,equal-weight sizing trim,2022-10-17,23.0,,5,-0.2,,44.86,,147,2022-10-24,23.11,,5,-0.2,,43.67,,154
SELL,422,PARR,2022-11-08,23.34,864.51,2022-10-18,19.76,8.54,10.09,3098.78,3088.69,18.08,15,rotation (out of top-N),2022-10-17,23.0,,5,-0.2,,44.86,,147,2022-11-07,23.8,,5,-0.2,,43.69,,168
SELL,423,FTI,2022-10-25,10.55,1772.05,2022-10-18,9.46,8.38,9.35,1935.08,1925.73,11.49,5,rotation (out of top-N),2022-10-17,10.58,,5,0.7,,39.57,,77,2022-10-24,9.98,,5,1.1,,30.13,,84
SELL,424,SMCI,2022-10-25,6.38,2895.15,2022-10-18,5.79,8.38,9.24,1713.93,1704.69,10.17,5,rotation (out of top-N),2022-10-17,6.45,,5,0.4,,31.64,,182,2022-10-24,6.87,,5,0.1,,38.21,,189
SELL,425,XMTR,2022-11-01,61.02,311.12,2022-10-18,55.54,8.64,9.49,1705.31,1695.81,9.81,10,rotation (out of top-N),2022-10-17,55.78,,5,2.5,,31.12,,56,2022-10-31,53.4,,4.91,1.6,,24.53,,70
SELL,426,STNG,2022-11-08,47.7,10.69,2022-10-18,43.21,0.23,0.25,47.96,47.7,10.33,15,equal-weight sizing trim,2022-10-17,43.39,,5,-0.8,,56.05,,217,2022-11-07,44.45,,5,-0.3,,46.86,,238
SELL,426,STNG,2022-11-22,48.55,49.7,2022-10-18,43.3,1.08,1.21,261.01,259.8,12.07,25,equal-weight sizing trim,2022-10-17,43.39,,5,-0.8,,56.05,,217,2022-11-21,48.1,,5,-0.5,,50.57,,252
SELL,426,STNG,2022-12-06,48.34,11.01,2022-10-18,43.47,0.24,0.27,53.55,53.28,11.14,34,equal-weight sizing trim,2022-10-17,43.39,,5,-0.8,,56.05,,217,2022-12-05,47.4,,5,-0.1,,41.33,,266
SELL,426,STNG,2022-12-13,50.04,1.03,2022-10-18,43.47,0.02,0.03,6.73,6.7,15.04,39,equal-weight sizing trim,2022-10-17,43.39,,5,-0.8,,56.05,,217,2022-12-12,50.98,,5,-0.4,,48.18,,273
SELL,426,STNG,2022-12-20,50.49,22.06,2022-10-18,43.47,0.48,0.56,154.73,154.17,16.08,44,equal-weight sizing trim,2022-10-17,43.39,,5,-0.8,,56.05,,217,2022-12-19,49.89,,5,-0.1,,41.67,,280
SELL,426,STNG,2023-01-10,44.82,427.27,2022-10-18,43.47,9.29,9.58,574.96,565.39,3.04,57,rotation (out of top-N),2022-10-17,43.39,,5,-0.8,,56.05,,217,2023-01-09,46.74,,5,0.7,,25.36,,301
SELL,427,GSAT,2022-11-01,33.15,88.99,2022-10-18,27.15,1.21,1.47,533.99,532.51,22.04,10,equal-weight sizing trim,2022-10-17,26.85,,5,1.0,,29.81,,91,2022-10-31,30.23,,5,0.2,,40.99,,105
SELL,427,GSAT,2022-11-08,29.7,592.8,2022-10-18,27.15,8.05,8.8,1512.05,1503.24,9.34,15,rotation (out of top-N),2022-10-17,26.85,,5,1.0,,29.81,,91,2022-11-07,28.73,,5,0.5,,31.9,,112
SELL,428,TDW,2022-10-25,29.97,37.88,2022-10-18,26.25,0.5,0.57,140.9,140.33,14.11,5,equal-weight sizing trim,2022-10-17,29.34,,5,0.0,,39.21,,266,2022-10-24,32.78,,5,-0.6,,51.87,,273
SELL,428,TDW,2022-11-01,33.97,22.03,2022-10-18,26.25,0.29,0.37,169.94,169.57,29.33,10,equal-weight sizing trim,2022-10-17,29.34,,5,0.0,,39.21,,266,2022-10-31,33.38,,5,-0.6,,51.54,,280
SELL,428,TDW,2022-11-15,31.78,591.42,2022-10-18,26.43,7.82,9.4,3162.64,3153.25,20.17,20,rotation (out of top-N),2022-10-17,29.34,,5,0.0,,39.21,,266,2022-11-14,30.31,,5,0.4,,32.49,,294
SELL,429,UNM,2022-10-25,39.14,433.3,2022-10-18,38.68,8.38,8.48,199.32,190.84,1.14,5,rotation (out of top-N),2022-10-17,39.08,,5,0.5,,29.46,,252,2022-10-24,41.64,,5,0.2,,35.77,,259
SELL,430,MEDP,2022-11-01,219.1,88.5,2022-10-25,203.28,9.0,9.7,1400.13,1390.43,7.73,5,rotation (out of top-N),2022-10-24,222.37,,5,2.5,,42.25,,21,2022-10-31,206.75,,5,3.0,,31.47,,28
SELL,431,WING,2022-11-01,158.16,143.09,2022-10-25,125.73,9.0,11.32,4640.48,4629.17,25.73,5,rotation (out of top-N),2022-10-24,158.23,,5,2.1,,41.79,,49,2022-10-31,150.89,,5,2.3,,34.95,,56
SELL,432,FSLR,2022-11-01,148.7,11.8,2022-10-25,124.98,0.74,0.88,279.83,278.96,18.92,5,equal-weight sizing trim,2022-10-24,132.7,,5,0.3,,47.48,,77,2022-10-31,153.63,,5,-0.4,,67.02,,84
SELL,432,FSLR,2022-11-15,160.42,3.65,2022-10-25,125.87,0.23,0.29,126.04,125.74,27.38,15,equal-weight sizing trim,2022-10-24,132.7,,5,0.3,,47.48,,77,2022-11-14,166.6,,5,-0.6,,72.81,,98
SELL,432,FSLR,2022-11-22,166.26,5.66,2022-10-25,125.87,0.36,0.47,228.66,228.19,32.02,20,equal-weight sizing trim,2022-10-24,132.7,,5,0.3,,47.48,,77,2022-11-21,171.33,,5,-0.8,,73.1,,105
SELL,432,FSLR,2022-12-13,152.94,133.76,2022-10-25,127.55,8.53,10.23,3396.46,3386.23,19.85,34,ratchet-ATR exit,2022-10-24,132.7,,5,0.3,,47.48,,77,2022-12-12,155.09,,5,-0.4,,47.17,,126
SELL,433,PCVX,2022-11-01,44.08,91.19,2022-10-25,33.5,1.53,2.01,964.29,962.28,31.5,5,equal-weight sizing trim,2022-10-24,43.4,,5,-0.8,,80.07,,105,2022-10-31,43.0,,5,-0.9,,73.88,,112
SELL,433,PCVX,2023-01-10,46.28,7.63,2022-10-25,34.68,0.13,0.18,88.56,88.38,33.4,52,equal-weight sizing trim,2022-10-24,43.4,,5,-0.8,,80.07,,105,2023-01-09,44.61,,5,-0.4,,47.08,,182
SELL,433,PCVX,2023-01-31,44.7,555.31,2022-10-25,35.73,9.92,12.41,4982.16,4969.75,25.05,66,rotation (out of top-N),2022-10-24,43.4,,5,-0.8,,80.07,,105,2023-01-30,45.28,,5,-0.1,,41.95,,203
SELL,434,PI,2022-11-01,115.52,41.9,2022-10-25,84.86,1.78,2.42,1284.56,1282.14,36.06,5,equal-weight sizing trim,2022-10-24,116.25,,5,-0.4,,67.74,,84,2022-10-31,111.45,,5,-0.5,,58.74,,91
SELL,434,PI,2022-11-15,118.56,11.6,2022-10-25,87.36,0.51,0.69,361.87,361.18,35.65,15,equal-weight sizing trim,2022-10-24,116.25,,5,-0.4,,67.74,,84,2022-11-14,115.04,,5,-0.7,,59.36,,105
SELL,434,PI,2022-11-29,122.1,6.82,2022-10-25,87.8,0.3,0.42,233.78,233.37,38.99,24,equal-weight sizing trim,2022-10-24,116.25,,5,-0.4,,67.74,,84,2022-11-28,119.47,,5,-1.0,,59.63,,119
SELL,434,PI,2023-01-24,129.12,2.43,2022-10-25,90.32,0.11,0.16,94.12,93.96,42.89,61,equal-weight sizing trim,2022-10-24,116.25,,5,-0.4,,67.74,,84,2023-01-23,128.49,,5,-0.4,,47.97,,175
SELL,434,PI,2023-01-31,125.47,191.54,2022-10-25,90.32,8.65,12.02,6733.27,6721.25,38.85,66,rotation (out of top-N),2022-10-24,116.25,,5,-0.4,,67.74,,84,2023-01-30,124.83,,5,-0.0,,40.7,,182
SELL,435,AXSM,2022-11-08,58.88,425.28,2022-11-01,46.19,9.82,12.52,5398.89,5386.37,27.42,5,rotation (out of top-N),2022-10-31,57.11,,5,-0.0,,43.27,,112,2022-11-07,59.02,,5,-0.2,,45.31,,119
SELL,436,FTI,2022-11-08,11.92,140.78,2022-11-01,10.56,0.74,0.84,191.46,190.62,12.82,5,equal-weight sizing trim,2022-10-31,11.44,,5,0.1,,46.69,,91,2022-11-07,11.61,,5,0.0,,46.54,,98
SELL,436,FTI,2022-11-22,11.88,63.44,2022-11-01,10.63,0.34,0.38,79.17,78.79,11.68,15,equal-weight sizing trim,2022-10-31,11.44,,5,0.1,,46.69,,91,2022-11-21,11.88,,5,-0.1,,45.13,,112
SELL,436,FTI,2022-12-06,11.87,1794.79,2022-11-01,10.64,9.55,10.65,2214.2,2203.55,11.54,24,rotation (out of top-N),2022-10-31,11.44,,5,0.1,,46.69,,91,2022-12-05,10.9,,5,0.5,,29.38,,126
SELL,437,SMCI,2022-11-08,7.75,152.43,2022-11-01,7.02,0.54,0.59,110.82,110.23,10.3,5,equal-weight sizing trim,2022-10-31,7.67,,5,-0.6,,51.46,,196,2022-11-07,8.35,,5,-1,,61.24,,203
SELL,437,SMCI,2022-11-15,8.42,100.4,2022-11-01,7.02,0.35,0.42,140.26,139.84,19.83,10,equal-weight sizing trim,2022-10-31,7.67,,5,-0.6,,51.46,,196,2022-11-14,8.64,,5,-1,,63.15,,210
SELL,437,SMCI,2022-11-22,8.41,17.09,2022-11-01,7.02,0.06,0.07,23.75,23.68,19.73,15,equal-weight sizing trim,2022-10-31,7.67,,5,-0.6,,51.46,,196,2022-11-21,9.4,,5,-1,,72.9,,217
SELL,437,SMCI,2022-11-29,9.25,193.39,2022-11-01,7.02,0.68,0.89,429.9,429.01,31.58,19,equal-weight sizing trim,2022-10-31,7.67,,5,-0.6,,51.46,,196,2022-11-28,8.67,,5,-0.8,,56.21,,224
SELL,437,SMCI,2022-12-06,8.38,2333.02,2022-11-01,7.02,8.19,9.77,3154.25,3144.48,19.19,24,ratchet-ATR exit,2022-10-31,7.67,,5,-0.6,,51.46,,196,2022-12-05,8.39,,5,-0.4,,48.36,,231
SELL,438,SANM,2022-11-15,66.06,0.76,2022-11-08,63.02,0.02,0.03,2.31,2.28,4.76,5,equal-weight sizing trim,2022-11-07,67.62,,5,-0.5,,50.05,,252,2022-11-14,66.16,,5,-0.2,,44.59,,259
SELL,438,SANM,2022-11-22,66.25,3.39,2022-11-08,63.02,0.11,0.11,10.96,10.85,5.07,10,equal-weight sizing trim,2022-11-07,67.62,,5,-0.5,,50.05,,252,2022-11-21,66.49,,5,-0.2,,43.24,,266
SELL,438,SANM,2022-11-29,65.42,320.86,2022-11-08,63.02,10.11,10.5,770.07,759.58,3.76,14,rotation (out of top-N),2022-11-07,67.62,,5,-0.5,,50.05,,252,2022-11-28,67.4,,5,-0.2,,43.06,,273
SELL,439,WING,2022-11-15,165.2,132.89,2022-11-08,154.13,10.24,10.98,1471.11,1460.14,7.13,5,rotation (out of top-N),2022-11-07,164.39,,5,0.6,,46.27,,63,2022-11-14,157.58,,5,0.8,,39.82,,70
SELL,440,AXON,2022-11-15,180.75,19.57,2022-11-08,148.35,1.45,1.77,634.27,632.5,21.78,5,equal-weight sizing trim,2022-11-07,183.0,,5,1.8,,53.68,,28,2022-11-14,185.13,,5,1.7,,53.99,,35
SELL,440,AXON,2022-11-22,186.7,4.64,2022-11-08,148.35,0.34,0.43,177.89,177.46,25.79,10,equal-weight sizing trim,2022-11-07,183.0,,5,1.8,,53.68,,28,2022-11-21,187.8,,5,1.6,,54.3,,42
SELL,440,AXON,2022-12-06,176.78,117.14,2022-11-08,149.35,8.75,10.35,3212.72,3202.37,18.3,19,rotation (out of top-N),2022-11-07,183.0,,5,1.8,,53.68,,28,2022-12-05,168.59,,5,2.3,,36.14,,56
SELL,441,AXSM,2022-11-15,56.9,347.87,2022-11-08,58.88,10.24,9.9,-688.78,-698.68,-3.41,5,rotation (out of top-N),2022-11-07,59.02,,5,-0.2,,45.31,,119,2022-11-14,56.22,,5,0.2,,36.39,,126
SELL,442,PARR,2022-11-22,24.45,18.88,2022-11-15,24.11,0.23,0.23,6.61,6.38,1.4,5,equal-weight sizing trim,2022-11-14,24.73,,5,-0.4,,47.09,,175,2022-11-21,24.14,,5,-0.1,,41.64,,182
SELL,442,PARR,2022-11-29,23.61,869.24,2022-11-15,24.1,10.48,10.26,-434.62,-444.88,-2.12,9,rotation (out of top-N),2022-11-14,24.73,,5,-0.4,,47.09,,175,2022-11-28,22.26,,5,0.6,,28.95,,189
SELL,443,DGII,2022-11-22,42.11,11.06,2022-11-15,41.5,0.23,0.23,6.74,6.51,1.42,5,equal-weight sizing trim,2022-11-14,41.58,,5,-0.6,,51.1,,161,2022-11-21,42.51,,5,-0.6,,51.42,,168
SELL,443,DGII,2022-11-29,39.65,504.8,2022-11-15,41.5,10.47,10.01,-933.88,-943.89,-4.51,9,rotation (out of top-N),2022-11-14,41.58,,5,-0.6,,51.1,,161,2022-11-28,41.06,,5,-0.2,,43.57,,175
SELL,444,CROX,2022-11-22,94.03,227.12,2022-11-15,94.26,10.7,10.68,-52.24,-62.91,-0.29,5,rotation (out of top-N),2022-11-14,101.44,,5,2.2,,44.32,,35,2022-11-21,94.91,,5,2.6,,34.28,,42
SELL,445,KNSA,2022-11-22,16.11,1355.8,2022-11-15,15.79,10.7,10.92,433.86,422.94,1.98,5,rotation (out of top-N),2022-11-14,16.12,,5,0.0,,46.55,,98,2022-11-21,15.72,,5,0.2,,41.3,,105
SELL,446,BELFA,2022-12-06,33.58,664.79,2022-11-22,34.83,11.58,11.16,-830.46,-841.62,-3.63,9,ratchet-ATR exit,2022-11-21,35.06,,5,-0.9,,59.0,,999,2022-12-05,33.58,,5,-0.3,,45.83,,999
SELL,447,LMB,2022-11-29,11.0,191.42,2022-11-22,9.87,0.94,1.05,216.3,215.25,11.39,4,equal-weight sizing trim,2022-11-21,11.2,,5,1.2,,59.75,,49,2022-11-28,12.11,,5,1.1,,70.1,,56
SELL,447,LMB,2022-12-06,11.9,131.82,2022-11-22,9.87,0.65,0.78,267.6,266.82,20.51,9,equal-weight sizing trim,2022-11-21,11.2,,5,1.2,,59.75,,49,2022-12-05,11.4,,5,0.0,,58.14,,63
SELL,447,LMB,2022-12-20,11.09,1849.02,2022-11-22,9.89,9.15,10.25,2210.88,2200.63,12.03,19,rotation (out of top-N),2022-11-21,11.2,,5,1.2,,59.75,,49,2022-12-19,10.25,,5,0.7,,39.46,,77
SELL,448,VIST,2022-11-29,13.8,1625.6,2022-11-22,13.07,10.62,11.22,1194.82,1183.6,5.57,4,rotation (out of top-N),2022-11-21,13.86,,5,-0.4,,47.29,,999,2022-11-28,13.66,,5,-0.2,,43.02,,999
SELL,449,UFPT,2022-11-29,117.92,179.08,2022-11-22,118.64,10.62,10.56,-128.94,-139.5,-0.66,4,rotation (out of top-N),2022-11-21,117.2,,5,-0.1,,41.54,,999,2022-11-28,122.08,,5,-0.3,,45.15,,999
SELL,450,AXSM,2022-12-06,76.21,0.72,2022-11-29,75.3,0.03,0.03,0.66,0.63,1.16,5,equal-weight sizing trim,2022-11-28,76.89,,5,-1,,78.32,,140,2022-12-05,74.84,,5,-1,,69.16,,147
SELL,450,AXSM,2022-12-13,80.25,5.48,2022-11-29,75.3,0.21,0.22,27.15,26.93,6.53,10,equal-weight sizing trim,2022-11-28,76.89,,5,-1,,78.32,,140,2022-12-12,78.37,,5,-1,,72.68,,154
SELL,450,AXSM,2023-01-10,63.7,284.75,2022-11-29,75.3,10.72,9.07,-3303.8,-3312.87,-15.45,28,rotation (out of top-N),2022-11-28,76.89,,5,-1,,78.32,,140,2023-01-09,67.31,,5,0.1,,38.23,,182
SELL,451,TPL,2022-12-06,268.74,79.59,2022-11-29,270.93,10.78,10.69,-174.3,-184.99,-0.86,5,rotation (out of top-N),2022-11-28,279.91,,5,-0.5,,50.14,,238,2022-12-05,258.46,,5,0.2,,36.39,,245
SELL,452,FUTU,2022-12-06,64.31,57.13,2022-11-29,54.5,1.56,1.84,560.45,558.62,17.94,5,equal-weight sizing trim,2022-11-28,63.81,,5,1.8,,63.16,,14,2022-12-05,64.15,,5,1.7,,60.75,,21
SELL,452,FUTU,2023-01-10,44.45,366.43,2022-11-29,54.85,10.05,8.14,-3810.72,-3818.86,-19.0,28,rotation (out of top-N),2022-11-28,63.81,,5,1.8,,63.16,,14,2023-01-09,50.29,,3.89,3.1,,19.46,,56
SELL,453,KNSA,2022-12-06,15.53,1368.19,2022-11-29,15.76,10.78,10.62,-314.68,-325.31,-1.51,5,rotation (out of top-N),2022-11-28,16.68,,5,-0.3,,47.82,,112,2022-12-05,15.6,,5,0.2,,36.43,,119
SELL,454,PDD,2022-12-06,87.32,27.81,2022-11-29,77.81,1.08,1.21,264.46,263.24,12.17,5,equal-weight sizing trim,2022-11-28,86.35,,5,-0.6,,60.03,,98,2022-12-05,89.7,,5,-0.8,,62.59,,105
SELL,454,PDD,2023-01-10,96.55,16.82,2022-11-29,77.96,0.66,0.81,312.49,311.68,23.77,28,equal-weight sizing trim,2022-11-28,86.35,,5,-0.6,,60.03,,98,2023-01-09,96.99,,5,-0.9,,58.47,,140
SELL,454,PDD,2023-01-31,95.9,262.95,2022-11-29,79.5,10.45,12.61,4311.8,4299.19,20.56,42,rotation (out of top-N),2022-11-28,86.35,,5,-0.6,,60.03,,98,2023-01-30,95.67,,5,-0.3,,45.86,,161
SELL,455,CROX,2022-12-06,99.46,227.86,2022-11-29,94.63,10.78,11.33,1100.58,1089.25,5.05,5,rotation (out of top-N),2022-11-28,104.0,,5,1.9,,46.09,,49,2022-12-05,94.7,,5,2.5,,31.96,,56
SELL,456,WLFC,2022-12-13,18.96,202.7,2022-12-06,15.67,1.59,1.92,666.89,664.97,20.94,5,equal-weight sizing trim,2022-12-05,18.49,,5,-0.7,,53.35,,154,2022-12-12,18.28,,5,-0.5,,49.28,,161
SELL,456,WLFC,2022-12-20,17.99,1185.87,2022-12-06,15.67,9.29,10.67,2751.23,2740.56,14.75,10,ratchet-ATR exit,2022-12-05,18.49,,5,-0.7,,53.35,,154,2022-12-19,17.73,,5,-0.1,,42.86,,168
SELL,457,UFPT,2022-12-13,122.06,178.0,2022-12-06,122.24,10.88,10.86,-32.04,-42.9,-0.2,5,rotation (out of top-N),2022-12-05,117.08,,5,0.1,,37.23,,999,2022-12-12,114.1,,5,0.4,,31.61,,999
SELL,458,POWL,2022-12-13,12.19,307.75,2022-12-06,10.11,1.56,1.88,640.12,638.24,20.51,5,equal-weight sizing trim,2022-12-05,11.62,,5,1.8,,52.45,,35,2022-12-12,12.1,,5,1.5,,55.98,,42
SELL,458,POWL,2023-01-24,12.86,1903.57,2022-12-06,10.16,9.67,12.24,5138.41,5126.17,26.5,32,rotation (out of top-N),2022-12-05,11.62,,5,1.8,,52.45,,35,2023-01-23,12.39,,5,0.4,,43.81,,84
SELL,459,AAON,2022-12-13,53.52,421.28,2022-12-06,51.65,10.88,11.27,787.79,776.52,3.57,5,rotation (out of top-N),2022-12-05,52.86,,5,2.4,,37.69,,42,2022-12-12,50.08,,5,2.7,,29.19,,49
SELL,460,NTNX,2022-12-13,32.8,36.8,2022-12-06,30.12,0.55,0.6,98.43,97.83,8.83,5,equal-weight sizing trim,2022-12-05,31.32,,5,2.1,,42.25,,49,2022-12-12,31.24,,5,2.0,,40.55,,56
SELL,460,NTNX,2022-12-20,30.09,685.49,2022-12-06,30.12,10.33,10.31,-23.99,-34.31,-0.17,10,rotation (out of top-N),2022-12-05,31.32,,5,2.1,,42.25,,49,2022-12-19,25.67,,3.11,2.2,,15.57,,63
SELL,461,BELFB,2022-12-20,32.35,660.12,2022-12-06,34.71,11.45,10.68,-1554.71,-1565.39,-6.83,10,rotation (out of top-N),2022-12-05,33.34,,5,-0.3,,46.4,,280,2022-12-19,32.69,,5,0.1,,38.85,,294
SELL,462,FICO,2022-12-13,622.33,35.84,2022-12-06,607.08,10.88,11.15,546.6,535.44,2.46,5,rotation (out of top-N),2022-12-05,617.0,,5,2.7,,36.77,,28,2022-12-12,592.78,,5,2.9,,30.46,,35
SELL,463,KNSA,2022-12-13,15.88,1401.09,2022-12-06,15.53,10.88,11.12,483.38,472.26,2.17,5,rotation (out of top-N),2022-12-05,15.6,,5,0.2,,36.43,,119,2022-12-12,15.84,,5,0.2,,36.68,,126
SELL,464,TPL,2022-12-13,278.73,0.3,2022-12-06,268.74,0.04,0.04,3.0,2.96,3.67,5,equal-weight sizing trim,2022-12-05,258.46,,5,0.2,,36.39,,245,2022-12-12,269.57,,5,0.0,,39.87,,252
SELL,464,TPL,2022-12-20,270.32,80.67,2022-12-06,268.74,10.84,10.9,127.45,116.55,0.54,10,rotation (out of top-N),2022-12-05,258.46,,5,0.2,,36.39,,245,2022-12-19,264.7,,5,0.2,,35.19,,259
SELL,465,WFRD,2022-12-20,45.39,70.32,2022-12-13,41.19,1.45,1.6,295.32,293.73,10.14,5,equal-weight sizing trim,2022-12-12,44.2,,5,0.9,,40.46,,63,2022-12-19,49.11,,5,0.1,,53.79,,70
SELL,465,WFRD,2023-01-10,50.19,17.87,2022-12-13,41.19,0.37,0.45,160.84,160.39,21.79,18,equal-weight sizing trim,2022-12-12,44.2,,5,0.9,,40.46,,63,2023-01-09,53.26,,5,-0.5,,60.29,,91
SELL,465,WFRD,2023-01-24,54.23,1.35,2022-12-13,41.19,0.03,0.04,17.6,17.56,31.59,27,equal-weight sizing trim,2022-12-12,44.2,,5,0.9,,40.46,,63,2023-01-23,54.65,,5,-0.8,,60.06,,105
SELL,465,WFRD,2023-02-14,65.84,61.92,2022-12-13,42.05,1.3,2.04,1472.78,1470.74,56.48,42,equal-weight sizing trim,2022-12-12,44.2,,5,0.9,,40.46,,63,2023-02-13,61.59,,5,-1,,69.45,,126
SELL,465,WFRD,2023-02-28,67.04,3.92,2022-12-13,42.05,0.08,0.13,97.95,97.82,59.33,51,equal-weight sizing trim,2022-12-12,44.2,,5,0.9,,40.46,,63,2023-02-27,67.53,,5,-1,,77.51,,140
SELL,465,WFRD,2023-03-14,56.0,437.73,2022-12-13,42.95,9.4,12.26,5712.84,5700.58,30.32,61,rotation (out of top-N),2022-12-12,44.2,,5,0.9,,40.46,,63,2023-03-13,50.74,,5,0.5,,29.72,,154
SELL,466,BELFA,2022-12-20,33.07,672.24,2022-12-13,33.43,11.24,11.12,-242.01,-253.12,-1.13,5,rotation (out of top-N),2022-12-12,33.07,,5,-0.0,,40.88,,999,2022-12-19,33.07,,5,0.1,,38.14,,999
SELL,467,SMCI,2022-12-20,8.3,2431.61,2022-12-13,9.24,11.24,10.09,-2297.87,-2307.96,-10.27,5,rotation (out of top-N),2022-12-12,8.07,,5,-0.0,,40.24,,238,2022-12-19,8.22,,5,-0.0,,40.43,,245
SELL,468,TNK,2022-12-20,28.43,776.8,2022-12-13,28.93,11.24,11.04,-388.4,-399.44,-1.78,5,rotation (out of top-N),2022-12-12,29.04,,5,-0.0,,40.89,,273,2022-12-19,27.75,,5,0.4,,32.06,,280
SELL,469,AGYS,2022-12-20,77.05,72.51,2022-12-13,63.75,2.31,2.79,964.07,961.28,20.79,5,equal-weight sizing trim,2022-12-12,76.7,,5,-0.7,,54.56,,161,2022-12-19,80.09,,5,-0.9,,58.34,,168
SELL,469,AGYS,2023-01-31,84.02,304.82,2022-12-13,64.91,9.89,12.81,5825.34,5812.54,29.38,32,rotation (out of top-N),2022-12-12,76.7,,5,-0.7,,54.56,,161,2023-01-30,83.03,,5,-0.3,,45.89,,210
SELL,470,ELVN,2023-01-10,18.84,143.36,2022-12-13,17.04,1.22,1.35,258.34,256.99,10.52,18,equal-weight sizing trim,2022-12-12,16.12,,5,-0.5,,88.73,,91,2023-01-09,17.56,,5,-1.0,,83.11,,119
SELL,470,ELVN,2023-01-24,17.56,1218.53,2022-12-13,17.04,10.38,10.7,636.1,625.4,3.01,27,ratchet-ATR exit,2022-12-12,16.12,,5,-0.5,,88.73,,91,2023-01-23,16.12,,5,-0.9,,58.73,,133
SELL,471,YPF,2022-12-20,8.04,244.65,2022-12-13,7.68,0.94,0.98,89.3,88.31,4.7,5,equal-weight sizing trim,2022-12-12,7.46,,5,0.2,,38.41,,112,2022-12-19,9.09,,5,-1.0,,65.05,,119
SELL,471,YPF,2023-01-10,9.76,329.35,2022-12-13,7.68,1.26,1.61,685.04,683.43,27.02,18,equal-weight sizing trim,2022-12-12,7.46,,5,0.2,,38.41,,112,2023-01-09,11.06,,5,-1,,88.24,,140
SELL,471,YPF,2023-01-24,11.94,280.82,2022-12-13,7.68,1.08,1.68,1196.29,1194.62,55.39,27,equal-weight sizing trim,2022-12-12,7.46,,5,0.2,,38.41,,112,2023-01-23,11.53,,5,-1,,85.41,,154
SELL,471,YPF,2023-03-07,12.64,16.56,2022-12-13,8.11,0.07,0.1,75.15,75.04,55.9,56,equal-weight sizing trim,2022-12-12,7.46,,5,0.2,,38.41,,112,2023-03-06,10.65,,5,-0.3,,46.34,,196
SELL,471,YPF,2023-03-14,9.98,2326.31,2022-12-13,8.11,9.43,11.61,4357.82,4346.21,23.05,61,rotation (out of top-N),2022-12-12,7.46,,5,0.2,,38.41,,112,2023-03-13,9.04,,4.41,0.9,,22.07,,203
SELL,472,MDGL,2023-01-10,291.37,13.65,2022-12-20,233.26,1.59,1.99,792.89,790.9,24.85,13,equal-weight sizing trim,2022-12-19,273.62,,5,2.0,,253.73,,0,2023-01-09,299.73,,5,1.7,,225.76,,21
SELL,472,MDGL,2023-02-07,275.24,87.89,2022-12-20,238.97,10.5,12.09,3187.52,3175.42,15.12,32,ratchet-ATR exit,2022-12-19,273.62,,5,2.0,,253.73,,0,2023-02-06,257.38,,5,1.2,,127.52,,49
SELL,473,CROX,2023-01-10,111.0,25.93,2022-12-20,92.64,1.2,1.44,476.06,474.62,19.76,13,equal-weight sizing trim,2022-12-19,103.0,,5,0.8,,41.32,,70,2023-01-09,125.86,,5,-0.5,,65.87,,91
SELL,473,CROX,2023-01-24,123.68,6.85,2022-12-20,92.64,0.32,0.42,212.76,212.34,33.44,22,equal-weight sizing trim,2022-12-19,103.0,,5,0.8,,41.32,,70,2023-01-23,121.3,,5,-0.5,,54.75,,105
SELL,473,CROX,2023-02-07,118.03,207.82,2022-12-20,93.62,9.73,12.26,5071.98,5059.71,26.0,32,rotation (out of top-N),2022-12-19,103.0,,5,0.8,,41.32,,70,2023-02-06,115.28,,5,-0.1,,42.09,,119
SELL,474,FSLR,2023-01-24,174.76,2.73,2022-12-20,156.75,0.21,0.24,49.17,48.93,11.43,22,equal-weight sizing trim,2022-12-19,156.77,,5,-0.3,,46.02,,133,2023-01-23,179.21,,5,-0.6,,51.34,,168
SELL,474,FSLR,2023-01-31,171.52,141.52,2022-12-20,156.75,11.09,12.14,2089.51,2077.38,9.36,27,rotation (out of top-N),2022-12-19,156.77,,5,-0.3,,46.02,,133,2023-01-30,168.17,,5,0.0,,39.22,,175
SELL,475,CELC,2023-01-10,10.57,1689.81,2022-12-20,12.76,10.78,8.93,-3700.69,-3709.62,-17.2,13,rotation (out of top-N),2022-12-19,12.72,,5,0.5,,42.73,,84,2023-01-09,11.45,,4.84,1.0,,24.22,,105
SELL,476,OII,2023-01-10,16.88,107.28,2022-12-20,14.7,0.79,0.91,234.41,233.5,14.81,13,equal-weight sizing trim,2022-12-19,16.8,,5,2.3,,42.79,,35,2023-01-09,19.08,,5,1.1,,59.82,,56
SELL,476,OII,2023-01-24,19.04,61.08,2022-12-20,14.7,0.45,0.58,265.38,264.8,29.5,22,equal-weight sizing trim,2022-12-19,16.8,,5,2.3,,42.79,,35,2023-01-23,20.93,,5,-0.2,,71.32,,70
SELL,476,OII,2023-01-31,20.73,109.32,2022-12-20,14.7,0.8,1.13,660.3,659.16,41.03,27,equal-weight sizing trim,2022-12-19,16.8,,5,2.3,,42.79,,35,2023-01-30,20.7,,5,-0.3,,66.29,,77
SELL,476,OII,2023-02-28,21.48,2.55,2022-12-20,15.31,0.02,0.03,15.72,15.69,40.22,46,equal-weight sizing trim,2022-12-19,16.8,,5,2.3,,42.79,,35,2023-02-27,22.11,,5,-0.8,,65.41,,105
SELL,476,OII,2023-03-14,18.29,1362.78,2022-12-20,15.52,10.57,12.46,3775.88,3763.41,17.79,56,rotation (out of top-N),2022-12-19,16.8,,5,2.3,,42.79,,35,2023-03-13,16.54,,4.26,1.0,,21.28,,119
SELL,477,VIST,2023-01-10,15.81,77.15,2022-12-20,14.1,0.54,0.61,131.93,131.32,12.07,13,equal-weight sizing trim,2022-12-19,15.87,,5,-1.0,,59.34,,999,2023-01-09,16.7,,5,-1.0,,59.88,,999
SELL,477,VIST,2023-01-31,15.65,1504.81,2022-12-20,14.18,10.67,11.78,2209.3,2197.53,10.3,27,rotation (out of top-N),2022-12-19,15.87,,5,-1.0,,59.34,,999,2023-01-30,15.51,,5,-0.1,,41.12,,999
SELL,478,TDW,2023-01-10,37.5,51.05,2022-12-20,32.51,0.83,0.96,254.74,253.79,15.29,13,equal-weight sizing trim,2022-12-19,34.87,,5,-0.1,,41.38,,329,2023-01-09,39.06,,5,-0.6,,51.48,,350
SELL,478,TDW,2023-01-24,41.74,19.67,2022-12-20,32.51,0.32,0.41,181.54,181.13,28.33,22,equal-weight sizing trim,2022-12-19,34.87,,5,-0.1,,41.38,,329,2023-01-23,43.23,,5,-1,,60.99,,364
SELL,478,TDW,2023-01-31,42.1,6.61,2022-12-20,32.51,0.11,0.14,63.41,63.27,29.43,27,equal-weight sizing trim,2022-12-19,34.87,,5,-0.1,,41.38,,329,2023-01-30,43.7,,5,-1.0,,59.21,,371
SELL,478,TDW,2023-02-28,46.35,20.35,2022-12-20,33.36,0.34,0.47,264.43,263.96,38.88,46,equal-weight sizing trim,2022-12-19,34.87,,5,-0.1,,41.38,,329,2023-02-27,49.5,,5,-1,,67.1,,399
SELL,478,TDW,2023-03-07,50.38,26.67,2022-12-20,33.36,0.44,0.67,453.8,453.13,50.94,51,equal-weight sizing trim,2022-12-19,34.87,,5,-0.1,,41.38,,329,2023-03-06,45.85,,5,-0.6,,52.36,,406
SELL,478,TDW,2023-03-14,43.2,583.94,2022-12-20,33.36,9.74,12.61,5749.93,5737.31,29.45,56,rotation (out of top-N),2022-12-19,34.87,,5,-0.1,,41.38,,329,2023-03-13,39.67,,5,0.5,,30.39,,413
SELL,479,SMCI,2023-01-10,8.02,2598.77,2022-12-20,8.3,10.78,10.41,-732.85,-743.27,-3.45,13,rotation (out of top-N),2022-12-19,8.22,,5,-0.0,,40.43,,245,2023-01-09,8.06,,5,0.5,,30.3,,266
SELL,480,LMB,2023-02-28,13.82,2226.39,2022-12-20,11.27,12.55,15.38,5669.7,5654.32,22.53,46,rotation (out of top-N),2022-12-19,10.25,,5,0.7,,39.46,,77,2023-02-27,13.32,,5,-0.6,,51.25,,147
SELL,481,BMA,2023-01-24,16.43,134.86,2023-01-10,13.99,0.94,1.11,329.06,327.95,17.38,9,equal-weight sizing trim,2023-01-09,15.65,,5,2.3,,47.25,,21,2023-01-23,16.47,,5,1.9,,51.15,,35
SELL,481,BMA,2023-01-31,15.82,1505.29,2023-01-10,13.99,10.53,11.91,2754.68,2742.78,13.02,14,rotation (out of top-N),2023-01-09,15.65,,5,2.3,,47.25,,21,2023-01-30,15.64,,5,2.2,,41.8,,42
SELL,482,AMKR,2023-01-24,28.05,807.09,2023-01-10,28.43,11.47,11.32,-306.7,-318.02,-1.39,9,rotation (out of top-N),2023-01-09,29.42,,5,0.5,,48.55,,63,2023-01-23,28.14,,5,0.8,,38.61,,77
SELL,483,TGTX,2023-01-24,13.1,95.27,2023-01-10,11.57,0.55,0.62,145.77,145.14,13.17,9,equal-weight sizing trim,2023-01-09,13.62,,5,1.2,,97.53,,49,2023-01-23,14.63,,5,-0.0,,104.07,,63
SELL,483,TGTX,2023-01-31,14.56,193.78,2023-01-10,11.57,1.12,1.41,579.4,577.99,25.78,14,equal-weight sizing trim,2023-01-09,13.62,,5,1.2,,97.53,,49,2023-01-30,17.35,,5,-0.2,,133.54,,70
SELL,483,TGTX,2023-02-07,18.83,279.86,2023-01-10,11.57,1.62,2.63,2031.81,2029.17,62.67,19,equal-weight sizing trim,2023-01-09,13.62,,5,1.2,,97.53,,49,2023-02-06,17.91,,5,-0.3,,132.6,,77
SELL,483,TGTX,2023-02-28,14.73,1557.58,2023-01-10,12.16,9.47,11.47,3999.16,3987.69,21.05,33,ratchet-ATR exit,2023-01-09,13.62,,5,1.2,,97.53,,49,2023-02-27,17.18,,5,-0.6,,101.05,,98
SELL,484,ACLS,2023-01-24,106.43,17.68,2023-01-10,91.76,0.81,0.94,259.44,258.49,15.93,9,equal-weight sizing trim,2023-01-09,100.51,,5,0.4,,51.89,,63,2023-01-23,110.39,,5,-0.3,,60.66,,77
SELL,484,ACLS,2023-01-31,107.33,2.55,2023-01-10,91.76,0.12,0.14,39.78,39.64,16.91,14,equal-weight sizing trim,2023-01-09,100.51,,5,0.4,,51.89,,63,2023-01-30,118.14,,5,-0.4,,68.04,,84
SELL,484,ACLS,2023-02-14,126.98,9.05,2023-01-10,91.78,0.42,0.57,318.5,317.93,38.29,24,equal-weight sizing trim,2023-01-09,100.51,,5,0.4,,51.89,,63,2023-02-13,121.88,,5,-0.6,,65.79,,98
SELL,484,ACLS,2023-03-14,125.5,0.76,2023-01-10,92.94,0.04,0.05,24.83,24.78,34.96,43,equal-weight sizing trim,2023-01-09,100.51,,5,0.4,,51.89,,63,2023-03-13,128.21,,5,-1.0,,59.88,,126
SELL,484,ACLS,2023-03-21,133.92,8.6,2023-01-10,92.94,0.4,0.58,352.26,351.68,44.02,48,equal-weight sizing trim,2023-01-09,100.51,,5,0.4,,51.89,,63,2023-03-20,128.7,,5,-0.8,,56.76,,133
SELL,484,ACLS,2023-04-25,124.48,249.52,2023-01-10,97.34,12.14,15.53,6774.2,6758.67,27.83,72,rotation (out of top-N),2023-01-09,100.51,,5,0.4,,51.89,,63,2023-04-24,118.28,,5,0.5,,30.13,,168
SELL,485,ONC,2023-01-24,268.08,91.63,2023-01-10,250.42,11.47,12.28,1618.17,1605.88,7.0,9,rotation (out of top-N),2023-01-09,270.19,,5,0.2,,54.35,,63,2023-01-23,259.78,,5,0.5,,44.68,,77
SELL,486,WYNN,2023-01-31,95.96,256.42,2023-01-10,91.73,11.76,12.3,1084.0,1071.7,4.56,14,rotation (out of top-N),2023-01-09,96.98,,5,1.8,,46.05,,56,2023-01-30,99.61,,5,0.4,,45.38,,77
SELL,487,MNPR,2023-01-31,18.1,141.73,2023-01-24,16.43,1.16,1.28,236.68,235.4,10.11,5,equal-weight sizing trim,2023-01-23,17.52,,5,-0.0,,59.54,,63,2023-01-30,17.35,,5,0.0,,56.39,,70
SELL,487,MNPR,2023-02-07,18.75,1362.81,2023-01-24,16.43,11.2,12.78,3161.72,3148.95,14.06,10,rotation (out of top-N),2023-01-23,17.52,,5,-0.0,,59.54,,63,2023-02-06,11.25,,0.27,2.6,,1.35,,77
SELL,488,NFLX,2023-01-31,34.91,691.46,2023-01-24,35.75,12.36,12.07,-580.82,-592.89,-2.4,5,rotation (out of top-N),2023-01-23,36.07,,5,0.4,,46.78,,77,2023-01-30,36.6,,5,0.3,,46.32,,84
SELL,489,TMDX,2023-02-07,66.48,393.15,2023-01-24,66.42,13.06,13.07,23.71,10.64,0.04,10,rotation (out of top-N),2023-01-23,69.02,,5,-0.6,,52.35,,259,2023-02-06,63.5,,5,0.3,,33.94,,273
SELL,490,ATRO,2023-01-31,12.28,2032.86,2023-01-24,12.16,12.36,12.48,243.94,231.46,0.94,5,rotation (out of top-N),2023-01-23,12.26,,5,2.5,,47.09,,7,2023-01-30,12.17,,5,2.6,,44.23,,14
SELL,491,LVS,2023-01-31,54.77,476.94,2023-01-24,51.83,12.36,13.06,1402.19,1389.13,5.62,5,rotation (out of top-N),2023-01-23,55.63,,5,0.0,,46.62,,98,2023-01-30,54.85,,5,0.1,,42.55,,105
SELL,492,ENVA,2023-02-07,50.95,545.82,2023-01-31,45.17,12.33,13.9,3154.82,3140.92,12.74,5,rotation (out of top-N),2023-01-30,53.36,,5,0.0,,51.73,,84,2023-02-06,50.27,,5,0.4,,41.29,,91
SELL,493,ELF,2023-02-07,68.5,44.75,2023-01-31,56.87,1.27,1.53,520.44,518.91,20.39,5,equal-weight sizing trim,2023-01-30,69.73,,5,-1,,70.14,,203,2023-02-06,71.52,,5,-1,,69.47,,210
SELL,493,ELF,2023-02-14,73.0,4.48,2023-01-31,56.87,0.13,0.16,72.3,72.14,28.3,10,equal-weight sizing trim,2023-01-30,69.73,,5,-1,,70.14,,203,2023-02-13,73.64,,5,-1,,69.49,,217
SELL,493,ELF,2023-02-28,74.3,3.38,2023-01-31,56.87,0.1,0.13,58.91,58.78,30.58,19,equal-weight sizing trim,2023-01-30,69.73,,5,-1,,70.14,,203,2023-02-27,75.25,,5,-1,,63.64,,231
SELL,493,ELF,2023-03-14,70.97,412.81,2023-01-31,57.98,11.97,14.65,5363.85,5349.2,22.35,29,ratchet-ATR exit,2023-01-30,69.73,,5,-1,,70.14,,203,2023-03-13,72.48,,5,-0.5,,50.34,,245
SELL,494,POWL,2023-02-07,14.69,203.04,2023-01-31,12.23,1.24,1.49,499.47,497.98,20.05,5,equal-weight sizing trim,2023-01-30,14.85,,5,-0.5,,68.14,,91,2023-02-06,13.79,,5,-0.3,,53.32,,98
SELL,494,POWL,2023-02-28,14.57,33.03,2023-01-31,12.39,0.2,0.24,71.94,71.7,17.52,19,equal-weight sizing trim,2023-01-30,14.85,,5,-0.5,,68.14,,91,2023-02-27,14.8,,5,-0.8,,56.41,,119
SELL,494,POWL,2023-03-14,14.19,2047.0,2023-01-31,12.49,12.79,14.52,3473.4,3458.88,13.53,29,rotation (out of top-N),2023-01-30,14.85,,5,-0.5,,68.14,,91,2023-03-13,13.17,,5,0.2,,35.62,,133
SELL,495,STLD,2023-02-07,118.97,219.66,2023-01-31,112.24,12.33,13.07,1478.31,1465.24,5.94,5,rotation (out of top-N),2023-01-30,122.24,,5,-0.4,,47.41,,336,2023-02-06,116.67,,5,0.1,,38.95,,343
SELL,496,PTGX,2023-02-07,14.98,111.46,2023-01-31,13.05,0.73,0.83,215.12,214.28,14.73,5,equal-weight sizing trim,2023-01-30,14.34,,5,2.0,,53.19,,21,2023-02-06,17.2,,5,1.5,,79.91,,28
SELL,496,PTGX,2023-02-28,16.23,44.17,2023-01-31,13.07,0.29,0.36,139.81,139.45,24.16,19,equal-weight sizing trim,2023-01-30,14.34,,5,2.0,,53.19,,21,2023-02-27,15.71,,5,1.4,,54.93,,49
SELL,496,PTGX,2023-03-14,25.4,630.81,2023-01-31,13.09,4.13,8.01,7764.65,7756.64,93.93,29,equal-weight sizing trim,2023-01-30,14.34,,5,2.0,,53.19,,21,2023-03-13,22.42,,5,-0.0,,105.44,,63
SELL,496,PTGX,2023-03-28,21.72,1300.99,2023-01-31,14.37,9.35,14.13,9563.25,9549.12,51.08,39,ratchet-ATR exit,2023-01-30,14.34,,5,2.0,,53.19,,21,2023-03-27,23.01,,5,-0.3,,98.67,,77
SELL,497,HOV,2023-02-07,71.66,448.35,2023-01-31,54.99,12.33,16.06,7471.69,7455.62,30.24,5,rotation (out of top-N),2023-01-30,71.44,,5,1.9,,55.92,,21,2023-02-06,65.83,,5,2.4,,42.17,,28
SELL,498,AXON,2023-02-07,191.19,128.09,2023-01-31,192.47,12.33,12.24,-164.6,-176.84,-0.72,5,rotation (out of top-N),2023-01-30,198.28,,5,-0.2,,47.45,,112,2023-02-06,184.54,,5,0.3,,35.0,,119
SELL,499,RMBS,2023-02-14,45.33,656.72,2023-01-31,40.94,13.44,14.88,2877.14,2862.25,10.64,10,rotation (out of top-N),2023-01-30,43.62,,5,-0.1,,46.96,,105,2023-02-13,44.22,,5,-0.2,,44.2,,119
SELL,500,SGI,2023-02-07,40.01,640.21,2023-01-31,38.51,12.33,12.81,960.32,947.51,3.84,5,rotation (out of top-N),2023-01-30,42.06,,5,0.0,,51.89,,84,2023-02-06,39.56,,5,0.4,,41.17,,91
SELL,501,ELVN,2023-02-07,20.92,96.7,2023-01-31,18.0,0.87,1.01,282.37,281.35,16.16,5,equal-weight sizing trim,2023-01-30,20.0,,5,-1,,90.1,,140,2023-02-06,20.94,,5,-1,,91.84,,147
SELL,501,ELVN,2023-03-14,21.91,54.08,2023-01-31,18.18,0.49,0.59,201.55,200.95,20.43,29,equal-weight sizing trim,2023-01-30,20.0,,5,-1,,90.1,,140,2023-03-13,22.07,,5,-1,,68.53,,182
SELL,501,ELVN,2023-03-28,23.41,52.67,2023-01-31,18.28,0.48,0.62,270.46,269.85,28.03,39,equal-weight sizing trim,2023-01-30,20.0,,5,-1,,90.1,,140,2023-03-27,21.67,,5,-0.8,,55.02,,196
SELL,501,ELVN,2023-04-11,20.51,1388.35,2023-01-31,18.6,12.91,14.24,2645.78,2631.55,10.19,48,rotation (out of top-N),2023-01-30,20.0,,5,-1,,90.1,,140,2023-04-10,17.91,,4.32,0.9,,21.59,,210
SELL,502,SHOP,2023-02-07,51.62,514.6,2023-01-31,47.91,12.33,13.28,1909.17,1895.89,7.69,5,rotation (out of top-N),2023-01-30,52.94,,5,2.2,,48.08,,21,2023-02-06,48.3,,5,2.8,,34.11,,28
SELL,503,NFLX,2023-02-07,35.9,706.23,2023-01-31,34.91,12.33,12.68,699.17,686.49,2.78,5,rotation (out of top-N),2023-01-30,36.6,,5,0.3,,46.32,,84,2023-02-06,34.73,,5,0.7,,36.57,,91
SELL,504,RCL,2023-02-28,69.53,389.41,2023-02-07,70.89,13.8,13.54,-530.34,-543.88,-1.97,14,rotation (out of top-N),2023-02-06,70.04,,5,0.6,,43.73,,70,2023-02-27,72.36,,5,0.2,,45.43,,91
SELL,505,FTI,2023-02-14,13.71,2052.26,2023-02-07,12.97,13.31,14.07,1518.67,1504.6,5.65,5,rotation (out of top-N),2023-02-06,13.8,,5,-0.2,,44.5,,189,2023-02-13,13.73,,5,-0.1,,41.35,,196
SELL,506,BLBD,2023-02-14,20.44,554.95,2023-02-07,13.81,3.83,5.67,3679.34,3673.67,47.93,5,equal-weight sizing trim,2023-02-06,19.85,,5,1.5,,74.78,,28,2023-02-13,20.21,,5,1.4,,75.17,,35
SELL,506,BLBD,2023-03-07,21.34,51.99,2023-02-07,14.05,0.37,0.55,378.89,378.34,51.79,19,equal-weight sizing trim,2023-02-06,19.85,,5,1.5,,74.78,,28,2023-03-06,20.48,,5,1.1,,68.61,,56
SELL,506,BLBD,2023-03-14,20.88,9.47,2023-02-07,14.05,0.07,0.1,64.64,64.54,48.52,24,equal-weight sizing trim,2023-02-06,19.85,,5,1.5,,74.78,,28,2023-03-13,19.33,,5,0.1,,56.63,,63
SELL,506,BLBD,2023-03-21,20.13,1368.98,2023-02-07,14.05,9.62,13.78,8320.5,8306.73,43.18,29,ratchet-ATR exit,2023-02-06,19.85,,5,1.5,,74.78,,28,2023-03-20,19.57,,5,0.0,,55.72,,70
SELL,507,IRON,2023-02-14,24.32,1110.46,2023-02-07,23.97,13.31,13.51,394.21,380.71,1.43,5,rotation (out of top-N),2023-02-06,24.31,,5,-0.3,,46.2,,119,2023-02-13,23.83,,5,-0.1,,41.3,,126
SELL,508,PEN,2023-02-14,263.15,103.01,2023-02-07,258.39,13.31,13.55,490.35,476.79,1.79,5,rotation (out of top-N),2023-02-06,264.21,,5,0.2,,45.77,,91,2023-02-13,264.43,,5,0.2,,43.49,,98
SELL,509,ANF,2023-02-28,28.84,908.6,2023-02-07,30.26,13.75,13.1,-1294.55,-1307.65,-4.76,14,rotation (out of top-N),2023-02-06,30.49,,5,2.1,,46.8,,35,2023-02-27,28.55,,5,2.2,,36.51,,56
SELL,510,WYNN,2023-03-07,111.17,12.97,2023-02-07,99.98,0.65,0.72,145.16,144.44,11.14,19,equal-weight sizing trim,2023-02-06,105.05,,5,0.0,,51.06,,84,2023-03-06,104.79,,5,0.0,,41.86,,112
SELL,510,WYNN,2023-03-14,103.99,264.61,2023-02-07,99.98,13.23,13.76,1062.22,1048.46,3.96,24,ratchet-ATR exit,2023-02-06,105.05,,5,0.0,,51.06,,84,2023-03-13,103.51,,5,0.1,,38.11,,119
SELL,511,BELFB,2023-02-14,36.75,702.32,2023-02-07,37.9,13.31,12.91,-807.66,-820.57,-3.08,5,rotation (out of top-N),2023-02-06,38.79,,5,-0.2,,44.66,,343,2023-02-13,38.48,,5,-0.0,,40.58,,350
SELL,512,TEX,2023-02-14,53.93,16.9,2023-02-07,49.56,0.42,0.46,73.86,73.4,8.76,5,equal-weight sizing trim,2023-02-06,51.97,,5,0.1,,44.48,,98,2023-02-13,54.48,,5,-0.2,,49.03,,105
SELL,512,TEX,2023-02-28,55.41,9.41,2023-02-07,49.56,0.23,0.26,55.05,54.79,11.75,14,equal-weight sizing trim,2023-02-06,51.97,,5,0.1,,44.48,,98,2023-02-27,57.72,,5,-0.6,,52.69,,119
SELL,512,TEX,2023-03-07,56.78,510.77,2023-02-07,49.56,12.66,14.5,3687.77,3673.27,14.51,19,rotation (out of top-N),2023-02-06,51.97,,5,0.1,,44.48,,98,2023-03-06,51.04,,5,0.3,,33.57,,126
SELL,513,VIST,2023-02-14,18.32,155.09,2023-02-07,15.78,1.22,1.42,393.15,391.73,16.01,5,equal-weight sizing trim,2023-02-06,16.96,,5,-0.6,,51.44,,999,2023-02-13,17.49,,5,-0.7,,53.09,,999
SELL,513,VIST,2023-02-28,18.51,2.71,2023-02-07,15.78,0.02,0.03,7.4,7.38,17.24,14,equal-weight sizing trim,2023-02-06,16.96,,5,-0.6,,51.44,,999,2023-02-27,19.28,,5,-1,,62.16,,999
SELL,513,VIST,2023-03-07,19.39,11.92,2023-02-07,15.78,0.09,0.12,43.05,42.93,22.82,19,equal-weight sizing trim,2023-02-06,16.96,,5,-0.6,,51.44,,999,2023-03-06,18.05,,5,-0.4,,48.93,,999
SELL,513,VIST,2023-03-14,18.23,1517.08,2023-02-07,15.78,11.97,13.83,3716.84,3703.01,15.47,24,rotation (out of top-N),2023-02-06,16.96,,5,-0.6,,51.44,,999,2023-03-13,16.3,,5,0.4,,32.44,,999
SELL,514,GHM,2023-02-14,12.82,89.57,2023-02-07,11.69,0.52,0.57,101.66,101.09,9.65,5,equal-weight sizing trim,2023-02-06,12.66,,5,-0.2,,43.14,,140,2023-02-13,13.42,,5,-0.5,,49.15,,147
SELL,514,GHM,2023-02-28,14.32,211.01,2023-02-07,11.69,1.23,1.51,554.96,553.45,22.44,14,equal-weight sizing trim,2023-02-06,12.66,,5,-0.2,,43.14,,140,2023-02-27,14.44,,5,-0.7,,54.64,,161
SELL,514,GHM,2023-03-14,13.85,26.79,2023-02-07,11.82,0.16,0.19,54.38,54.19,17.11,24,equal-weight sizing trim,2023-02-06,12.66,,5,-0.2,,43.14,,140,2023-03-13,13.87,,5,-0.2,,43.84,,175
SELL,514,GHM,2023-03-21,13.64,2063.85,2023-02-07,11.82,12.2,14.08,3756.07,3741.99,15.34,29,rotation (out of top-N),2023-02-06,12.66,,5,-0.2,,43.14,,140,2023-03-20,12.96,,5,0.4,,32.44,,182
SELL,515,MOD,2023-02-28,24.25,79.35,2023-02-14,22.5,0.89,0.96,139.25,138.29,7.75,9,equal-weight sizing trim,2023-02-13,24.61,,5,-0.4,,48.32,,238,2023-02-27,26.55,,5,-0.6,,52.85,,252
SELL,515,MOD,2023-03-07,25.51,1166.85,2023-02-14,22.5,13.13,14.88,3512.21,3497.32,13.32,14,rotation (out of top-N),2023-02-13,24.61,,5,-0.4,,48.32,,238,2023-03-06,23.97,,5,0.2,,35.61,,259
SELL,516,MNPR,2023-02-28,11.25,1725.5,2023-02-14,16.25,14.02,9.71,-8627.49,-8637.19,-30.8,9,rotation (out of top-N),2023-02-13,17.98,,5,-0.4,,59.13,,84,2023-02-27,13.75,,4.12,1.3,,20.59,,98
SELL,517,MDGL,2023-02-28,272.07,6.84,2023-02-14,252.91,0.87,0.93,131.11,130.18,7.52,9,equal-weight sizing trim,2023-02-13,303.61,,5,1.1,,154.98,,56,2023-02-27,272.36,,5,-0.2,,110.48,,70
SELL,517,MDGL,2023-03-14,245.99,109.5,2023-02-14,253.7,13.89,13.47,-843.84,-857.31,-3.09,19,ratchet-ATR exit,2023-02-13,303.61,,5,1.1,,154.98,,56,2023-03-13,250.89,,5,-0.4,,81.7,,84
SELL,518,CROX,2023-02-28,123.74,240.85,2023-02-14,116.42,14.02,14.9,1763.0,1748.09,6.23,9,rotation (out of top-N),2023-02-13,131.46,,5,-0.9,,58.46,,126,2023-02-27,125.52,,5,-0.3,,45.27,,140
SELL,519,INOD,2023-02-28,7.01,797.02,2023-02-14,5.8,2.31,2.79,964.39,961.6,20.8,9,equal-weight sizing trim,2023-02-13,7.29,,5,2.0,,75.56,,0,2023-02-27,7.24,,5,1.8,,72.2,,14
SELL,519,INOD,2023-03-14,6.31,4294.2,2023-02-14,5.86,12.59,13.55,1920.35,1906.8,7.57,19,ratchet-ATR exit,2023-02-13,7.29,,5,2.0,,75.56,,0,2023-03-13,6.86,,5,1.5,,61.48,,28
SELL,520,JXN,2023-02-28,38.77,704.68,2023-02-14,39.79,14.02,13.66,-718.78,-732.44,-2.61,9,rotation (out of top-N),2023-02-13,42.07,,5,0.2,,47.39,,84,2023-02-27,37.76,,5,0.9,,30.03,,98
SELL,521,TNK,2023-03-21,39.18,740.91,2023-02-28,39.02,14.46,14.51,115.75,101.23,0.35,15,ratchet-ATR exit,2023-02-27,41.92,,5,-1,,68.25,,350,2023-03-20,38.24,,5,-0.2,,44.6,,371
SELL,522,AXON,2023-03-07,221.75,11.88,2023-02-28,195.71,1.16,1.32,309.33,308.01,13.25,5,equal-weight sizing trim,2023-02-27,221.04,,5,-0.7,,53.18,,140,2023-03-06,213.1,,5,-0.2,,44.92,,147
SELL,522,AXON,2023-03-21,221.05,0.71,2023-02-28,195.83,0.07,0.08,17.93,17.85,12.82,15,equal-weight sizing trim,2023-02-27,221.04,,5,-0.7,,53.18,,140,2023-03-20,216.36,,5,-0.1,,41.26,,161
SELL,522,AXON,2023-04-04,227.49,137.93,2023-02-28,196.65,13.56,15.69,4253.24,4237.55,15.62,25,rotation (out of top-N),2023-02-27,221.04,,5,-0.7,,53.18,,140,2023-04-03,219.72,,5,0.1,,37.71,,175
SELL,523,FSLR,2023-03-07,212.62,31.53,2023-02-28,166.52,2.63,3.35,1453.6,1450.25,27.62,5,equal-weight sizing trim,2023-02-27,210.06,,5,-1.0,,59.82,,203,2023-03-06,207.78,,5,-0.7,,54.18,,210
SELL,523,FSLR,2023-04-04,206.81,142.98,2023-02-28,167.87,12.0,14.78,5568.19,5553.41,23.14,25,rotation (out of top-N),2023-02-27,210.06,,5,-1.0,,59.82,,203,2023-04-03,204.58,,5,0.1,,37.53,,238
SELL,524,TMDX,2023-03-07,81.06,363.45,2023-02-28,77.83,14.14,14.73,1173.96,1159.23,4.1,5,rotation (out of top-N),2023-02-27,82.16,,5,-1,,61.46,,294,2023-03-06,71.51,,5,0.1,,37.62,,301
SELL,525,IPAR,2023-03-07,128.25,25.27,2023-02-28,111.09,1.4,1.62,433.67,432.05,15.39,5,equal-weight sizing trim,2023-02-27,128.16,,5,-0.7,,56.95,,112,2023-03-06,122.47,,5,-0.4,,47.42,,119
SELL,525,IPAR,2023-03-21,131.04,6.73,2023-02-28,111.17,0.37,0.44,133.72,133.28,17.82,15,equal-weight sizing trim,2023-02-27,128.16,,5,-0.7,,56.95,,112,2023-03-20,128.56,,5,-0.4,,48.88,,133
SELL,525,IPAR,2023-04-11,128.65,234.82,2023-02-28,112.1,13.16,15.1,3885.75,3870.65,14.7,29,ratchet-ATR exit,2023-02-27,128.16,,5,-0.7,,56.95,,112,2023-04-10,135.44,,5,-0.4,,48.46,,154
SELL,526,INSW,2023-03-07,33.42,853.07,2023-02-28,33.16,14.14,14.25,221.8,207.54,0.73,5,rotation (out of top-N),2023-02-27,34.52,,5,-0.8,,56.0,,343,2023-03-06,31.01,,5,0.1,,37.71,,350
SELL,527,LMB,2023-03-14,16.47,449.84,2023-02-28,13.8,3.1,3.7,1202.33,1198.63,19.31,10,equal-weight sizing trim,2023-02-27,13.32,,5,-0.6,,51.25,,147,2023-03-13,15.18,,5,-1,,63.84,,161
SELL,527,LMB,2023-03-28,16.63,29.67,2023-02-28,13.92,0.21,0.25,80.45,80.2,19.42,20,equal-weight sizing trim,2023-02-27,13.32,,5,-0.6,,51.25,,147,2023-03-27,17.37,,5,-1,,77.62,,175
SELL,527,LMB,2023-04-04,17.49,8.25,2023-02-28,13.92,0.06,0.07,29.46,29.38,25.6,25,equal-weight sizing trim,2023-02-27,13.32,,5,-0.6,,51.25,,147,2023-04-03,16.79,,5,-1,,66.83,,182
SELL,527,LMB,2023-04-11,17.79,37.98,2023-02-28,13.92,0.26,0.34,147.06,146.72,27.75,29,equal-weight sizing trim,2023-02-27,13.32,,5,-0.6,,51.25,,147,2023-04-10,17.84,,5,-1,,71.94,,189
SELL,527,LMB,2023-04-25,16.56,1768.86,2023-02-28,13.94,12.32,14.65,4642.71,4628.07,18.78,39,ratchet-ATR exit,2023-02-27,13.32,,5,-0.6,,51.25,,147,2023-04-24,16.9,,5,-0.7,,54.11,,203
SELL,528,TGTX,2023-03-14,15.3,1680.56,2023-03-07,17.5,14.7,12.86,-3688.83,-3701.69,-12.59,5,ratchet-ATR exit,2023-03-06,14.1,,5,-0.8,,60.4,,105,2023-03-13,14.83,,5,-0.9,,63.99,,112
SELL,529,BBIO,2023-03-14,14.45,1751.13,2023-03-07,16.79,14.7,12.65,-4097.64,-4110.29,-13.98,5,rotation (out of top-N),2023-03-06,14.05,,5,2.5,,41.44,,28,2023-03-13,13.57,,5,2.7,,34.27,,35
SELL,530,GE,2023-03-14,71.74,32.79,2023-03-07,68.18,1.12,1.18,116.73,115.55,5.17,5,equal-weight sizing trim,2023-03-06,71.47,,5,0.1,,43.25,,105,2023-03-13,70.86,,5,0.1,,40.09,,112
SELL,530,GE,2023-03-28,73.37,1.18,2023-03-07,68.28,0.04,0.04,5.99,5.95,7.4,15,equal-weight sizing trim,2023-03-06,71.47,,5,0.1,,43.25,,105,2023-03-27,75.05,,5,-0.2,,43.7,,126
SELL,530,GE,2023-04-11,74.29,413.26,2023-03-07,68.34,14.12,15.35,2457.25,2441.9,8.65,24,rotation (out of top-N),2023-03-06,71.47,,5,0.1,,43.25,,105,2023-04-10,74.93,,5,0.1,,38.74,,140
SELL,531,PLPC,2023-03-14,117.41,0.07,2023-03-07,120.73,0.0,0.0,-0.24,-0.25,-2.8,5,equal-weight sizing trim,2023-03-06,116.01,,5,-0.6,,51.84,,217,2023-03-13,116.01,,5,-0.5,,49.2,,224
SELL,531,PLPC,2023-04-11,123.66,270.92,2023-03-07,120.32,16.3,16.75,906.15,889.4,2.73,24,ratchet-ATR exit,2023-03-06,116.01,,5,-0.6,,51.84,,217,2023-04-10,123.37,,5,-0.4,,47.03,,252
SELL,532,PDFS,2023-03-21,40.67,40.56,2023-03-14,37.48,0.76,0.82,129.38,128.55,8.46,5,equal-weight sizing trim,2023-03-13,39.2,,5,0.0,,39.52,,126,2023-03-20,41.48,,5,-0.2,,44.83,,133
SELL,532,PDFS,2023-04-11,42.45,734.52,2023-03-14,37.57,13.8,15.59,3582.24,3566.65,12.92,19,rotation (out of top-N),2023-03-13,39.2,,5,0.0,,39.52,,126,2023-04-10,41.3,,5,0.2,,36.87,,154
SELL,533,EMBJ,2023-03-21,15.1,4.99,2023-03-14,14.66,0.04,0.04,2.19,2.16,2.95,5,equal-weight sizing trim,2023-03-13,15.05,,5,0.6,,41.0,,84,2023-03-20,15.33,,5,0.4,,41.45,,91
SELL,533,EMBJ,2023-03-28,15.54,8.78,2023-03-14,14.66,0.06,0.07,7.73,7.66,5.95,10,equal-weight sizing trim,2023-03-13,15.05,,5,0.6,,41.0,,84,2023-03-27,16.21,,5,0.0,,47.26,,98
SELL,533,EMBJ,2023-04-04,16.25,1935.08,2023-03-14,14.66,14.18,15.72,3076.78,3061.06,10.79,15,rotation (out of top-N),2023-03-13,15.05,,5,0.6,,41.0,,84,2023-04-03,15.38,,5,0.4,,37.67,,105
SELL,534,LSCC,2023-03-21,93.25,3.22,2023-03-14,89.85,0.14,0.15,10.97,10.82,3.74,5,equal-weight sizing trim,2023-03-13,89.44,,5,-0.0,,40.74,,126,2023-03-20,90.86,,5,-0.0,,40.48,,133
SELL,534,LSCC,2023-04-04,95.26,333.26,2023-03-14,89.87,14.98,15.87,1795.92,1780.05,5.94,15,rotation (out of top-N),2023-03-13,89.44,,5,-0.0,,40.74,,126,2023-04-03,89.16,,5,0.3,,33.35,,147
SELL,535,NVDA,2023-03-21,26.15,94.33,2023-03-14,23.48,1.11,1.23,251.85,250.62,11.32,5,equal-weight sizing trim,2023-03-13,25.7,,5,1.4,,52.71,,56,2023-03-20,26.76,,5,0.1,,56.48,,63
SELL,535,NVDA,2023-04-04,27.95,10.53,2023-03-14,23.52,0.12,0.15,46.67,46.52,18.79,15,equal-weight sizing trim,2023-03-13,25.7,,5,1.4,,52.71,,56,2023-04-03,27.01,,5,0.1,,52.77,,77
SELL,535,NVDA,2023-05-02,28.65,25.79,2023-03-14,23.85,0.31,0.37,123.77,123.4,20.07,34,equal-weight sizing trim,2023-03-13,25.7,,5,1.4,,52.71,,56,2023-05-01,28.65,,5,-0.4,,52.71,,105
SELL,535,NVDA,2023-05-23,30.98,7.99,2023-03-14,24.38,0.1,0.12,52.77,52.64,27.01,49,equal-weight sizing trim,2023-03-13,25.7,,5,1.4,,52.71,,56,2023-05-22,38.89,,5,-1,,96.06,,126
SELL,535,NVDA,2023-06-06,38.79,178.45,2023-03-14,24.38,2.18,3.46,2571.61,2568.15,59.03,58,equal-weight sizing trim,2023-03-13,25.7,,5,1.4,,52.71,,56,2023-06-05,38.75,,5,-1,,84.17,,140
SELL,535,NVDA,2023-06-27,40.79,18.53,2023-03-14,25.04,0.23,0.38,291.8,291.43,62.79,72,equal-weight sizing trim,2023-03-13,25.7,,5,1.4,,52.71,,56,2023-06-26,42.26,,5,-1,,82.02,,161
SELL,535,NVDA,2023-07-18,46.67,26.89,2023-03-14,26.59,0.36,0.63,539.98,539.35,75.43,86,equal-weight sizing trim,2023-03-13,25.7,,5,1.4,,52.71,,56,2023-07-17,44.3,5.0,5,-1,1.0,72.8,2.94,182
SELL,535,NVDA,2023-08-08,44.83,1386.69,2023-03-14,27.89,19.34,31.08,23487.49,23456.4,60.65,101,rotation (out of top-N),2023-03-13,25.7,,5,1.4,,52.71,,56,2023-08-07,40.82,3.7,5,-0.3,1.6,46.15,2.16,203
SELL,536,TMDX,2023-03-21,76.81,381.85,2023-03-14,74.82,14.29,14.66,757.97,743.31,2.6,5,rotation (out of top-N),2023-03-13,73.33,,5,0.1,,37.97,,308,2023-03-20,74.67,,5,0.1,,37.37,,315
SELL,537,DUOL,2023-03-21,130.25,5.37,2023-03-14,123.83,0.33,0.35,34.45,34.11,5.13,5,equal-weight sizing trim,2023-03-13,126.31,,5,2.8,,39.81,,14,2023-03-20,136.55,,5,2.2,,49.42,,21
SELL,537,DUOL,2023-03-28,137.31,6.35,2023-03-14,123.83,0.39,0.44,85.62,85.18,10.83,10,equal-weight sizing trim,2023-03-13,126.31,,5,2.8,,39.81,,14,2023-03-27,142.64,,5,1.8,,54.36,,28
SELL,537,DUOL,2023-05-02,135.87,240.19,2023-03-14,124.96,15.01,16.32,2620.25,2603.93,8.68,34,rotation (out of top-N),2023-03-13,126.31,,5,2.8,,39.81,,14,2023-05-01,123.68,,5,1.6,,27.59,,63
SELL,538,MKTX,2023-03-21,371.8,81.99,2023-03-14,348.47,14.29,15.24,1912.76,1897.52,6.64,5,rotation (out of top-N),2023-03-13,371.93,,5,0.7,,37.5,,84,2023-03-20,367.69,,5,0.8,,34.47,,91
SELL,539,NSIT,2023-03-21,141.18,207.26,2023-03-14,137.84,14.29,14.63,691.22,676.59,2.37,5,rotation (out of top-N),2023-03-13,137.99,,5,0.3,,37.31,,112,2023-03-20,139.2,,5,0.2,,36.76,,119
SELL,540,POWL,2023-03-21,13.86,2013.4,2023-03-14,14.19,14.29,13.95,-664.42,-678.37,-2.37,5,rotation (out of top-N),2023-03-13,13.17,,5,0.2,,35.62,,133,2023-03-20,13.48,,5,0.2,,36.65,,140
SELL,541,RMBS,2023-03-21,45.59,683.66,2023-03-14,41.79,14.29,15.58,2597.9,2582.32,9.04,5,rotation (out of top-N),2023-03-13,44.09,,5,0.2,,35.52,,147,2023-03-20,44.34,,5,0.3,,33.89,,154
SELL,542,SMCI,2023-03-21,10.07,194.34,2023-03-14,9.19,0.89,0.98,171.21,170.23,9.53,5,equal-weight sizing trim,2023-03-13,9.55,,5,0.3,,34.37,,329,2023-03-20,11.06,,5,-0.6,,52.02,,336
SELL,542,SMCI,2023-03-28,11.03,2914.82,2023-03-14,9.19,13.39,16.08,5366.19,5350.12,19.97,10,rotation (out of top-N),2023-03-13,9.55,,5,0.3,,34.37,,329,2023-03-27,10.66,,5,-0.2,,43.38,,343
SELL,543,ANET,2023-03-21,41.64,765.95,2023-03-14,37.3,14.29,15.95,3324.24,3308.29,11.58,5,rotation (out of top-N),2023-03-13,40.81,,5,0.3,,34.34,,133,2023-03-20,42.23,,5,0.2,,36.82,,140
SELL,544,BBIO,2023-03-21,13.93,1977.17,2023-03-14,14.45,14.29,13.77,-1038.01,-1051.78,-3.68,5,rotation (out of top-N),2023-03-13,13.57,,5,2.7,,34.27,,35,2023-03-20,14.0,,5,2.5,,36.38,,42
SELL,545,ELF,2023-03-28,79.17,10.43,2023-03-21,75.17,0.39,0.41,41.66,41.25,5.26,5,equal-weight sizing trim,2023-03-20,78.49,,5,-0.9,,58.46,,252,2023-03-27,82.34,,5,-1,,61.82,,259
SELL,545,ELF,2023-04-04,83.16,1.26,2023-03-21,75.17,0.05,0.05,10.06,10.01,10.57,10,equal-weight sizing trim,2023-03-20,78.49,,5,-0.9,,58.46,,252,2023-04-03,81.34,,5,-0.8,,55.97,,266
SELL,545,ELF,2023-04-11,84.62,8.16,2023-03-21,75.17,0.31,0.35,77.1,76.75,12.52,14,equal-weight sizing trim,2023-03-20,78.49,,5,-0.9,,58.46,,252,2023-04-10,90.17,,5,-1,,68.17,,273
SELL,545,ELF,2023-04-18,91.59,16.24,2023-03-21,75.17,0.61,0.74,266.65,265.91,21.78,19,equal-weight sizing trim,2023-03-20,78.49,,5,-0.9,,58.46,,252,2023-04-17,96.83,,5,-1,,75.27,,280
SELL,545,ELF,2023-04-25,94.66,1.17,2023-03-21,75.17,0.04,0.06,22.78,22.72,25.86,24,equal-weight sizing trim,2023-03-20,78.49,,5,-0.9,,58.46,,252,2023-04-24,92.7,,5,-1,,63.39,,287
SELL,545,ELF,2023-05-23,85.56,432.94,2023-03-21,78.07,16.9,18.52,3246.13,3227.61,9.55,44,ratchet-ATR exit,2023-03-20,78.49,,5,-0.9,,58.46,,252,2023-05-22,101.22,,5,-1,,62.38,,315
SELL,546,AEHR,2023-03-28,38.02,863.12,2023-03-21,33.99,14.67,16.41,3482.71,3466.3,11.82,5,rotation (out of top-N),2023-03-20,38.1,,5,-1,,77.19,,217,2023-03-27,31.04,,5,-0.0,,40.6,,224
SELL,547,COCO,2023-03-28,19.87,162.08,2023-03-21,17.51,1.42,1.61,382.51,380.9,13.42,5,equal-weight sizing trim,2023-03-20,19.25,,5,-0.1,,45.01,,112,2023-03-27,19.64,,5,-0.3,,45.47,,119
SELL,547,COCO,2023-04-11,21.91,160.88,2023-03-21,17.62,1.42,1.76,689.95,688.19,24.27,14,equal-weight sizing trim,2023-03-20,19.25,,5,-0.1,,45.01,,112,2023-04-10,21.39,,5,-0.6,,52.44,,133
SELL,547,COCO,2023-04-25,20.05,1510.95,2023-03-21,17.83,13.47,15.15,3360.45,3345.3,12.42,24,ratchet-ATR exit,2023-03-20,19.25,,5,-0.1,,45.01,,112,2023-04-24,21.64,,5,-0.5,,49.25,,147
SELL,548,MDGL,2023-04-18,269.93,6.65,2023-03-21,255.42,0.85,0.9,96.57,95.67,5.63,19,equal-weight sizing trim,2023-03-20,233.39,,5,-0.5,,64.18,,91,2023-04-17,303.22,,5,-1.0,,88.92,,119
SELL,548,MDGL,2023-04-25,304.55,10.45,2023-03-21,255.42,1.34,1.59,513.68,512.09,19.18,24,equal-weight sizing trim,2023-03-20,233.39,,5,-0.5,,64.18,,91,2023-04-24,311.72,,5,-1,,87.07,,126
SELL,548,MDGL,2023-05-23,292.56,139.5,2023-03-21,263.12,18.35,20.41,4107.0,4086.6,11.13,44,ratchet-ATR exit,2023-03-20,233.39,,5,-0.5,,64.18,,91,2023-05-22,284.9,,5,-0.6,,51.15,,154
SELL,549,TGTX,2023-04-04,16.59,102.98,2023-03-21,15.0,0.77,0.85,164.17,163.31,10.57,10,equal-weight sizing trim,2023-03-20,14.69,,5,-0.9,,57.79,,119,2023-04-03,15.5,,5,-0.9,,57.36,,133
SELL,549,TGTX,2023-04-11,19.45,285.44,2023-03-21,15.0,2.14,2.78,1270.0,1267.23,29.6,14,equal-weight sizing trim,2023-03-20,14.69,,5,-0.9,,57.79,,119,2023-04-10,20.32,,5,-1,,98.88,,140
SELL,549,TGTX,2023-04-18,20.56,33.77,2023-03-21,15.0,0.25,0.35,187.74,187.39,36.99,19,equal-weight sizing trim,2023-03-20,14.69,,5,-0.9,,57.79,,119,2023-04-17,22.15,,5,-1,,108.64,,147
SELL,549,TGTX,2023-04-25,22.64,101.82,2023-03-21,15.0,0.76,1.15,777.82,776.67,50.85,24,equal-weight sizing trim,2023-03-20,14.69,,5,-0.9,,57.79,,119,2023-04-24,24.82,,5,-1,,124.04,,154
SELL,549,TGTX,2023-05-02,30.82,351.62,2023-03-21,15.0,2.64,5.42,5562.37,5556.95,105.35,29,equal-weight sizing trim,2023-03-20,14.69,,5,-0.9,,57.79,,119,2023-05-01,34.26,,5,-1,,190.66,,161
SELL,549,TGTX,2023-05-23,29.09,1321.05,2023-03-21,17.21,11.36,19.21,15693.57,15674.36,68.96,44,ratchet-ATR exit,2023-03-20,14.69,,5,-0.9,,57.79,,119,2023-05-22,27.23,,5,-1,,102.44,,182
SELL,550,META,2023-03-28,198.51,145.26,2023-03-21,201.97,14.67,14.42,-502.59,-517.01,-1.76,5,rotation (out of top-N),2023-03-20,204.49,,5,2.5,,38.18,,35,2023-03-27,210.27,,5,2.2,,41.1,,42
SELL,551,INOD,2023-03-28,8.08,322.1,2023-03-21,7.25,1.17,1.3,265.73,264.43,11.32,5,equal-weight sizing trim,2023-03-20,7.38,,5,1.4,,70.97,,35,2023-03-27,8.48,,5,1.3,,92.35,,42
SELL,551,INOD,2023-04-18,8.41,68.14,2023-03-21,7.3,0.25,0.29,75.96,75.67,15.22,19,equal-weight sizing trim,2023-03-20,7.38,,5,1.4,,70.97,,35,2023-04-17,8.58,,5,-0.0,,84.23,,63
SELL,551,INOD,2023-05-02,6.64,4342.53,2023-03-21,7.34,15.94,14.42,-3039.42,-3053.84,-9.58,29,rotation (out of top-N),2023-03-20,7.38,,5,1.4,,70.97,,35,2023-05-01,6.15,,5,1.2,,30.72,,77
SELL,552,PEN,2023-03-28,278.39,109.63,2023-03-21,267.61,14.67,15.26,1181.79,1166.53,3.98,5,rotation (out of top-N),2023-03-20,274.88,,5,0.1,,37.45,,133,2023-03-27,278.72,,5,0.2,,36.85,,140
SELL,553,TMDX,2023-03-28,75.93,381.98,2023-03-21,76.81,14.67,14.5,-334.23,-348.73,-1.19,5,rotation (out of top-N),2023-03-20,74.67,,5,0.1,,37.37,,315,2023-03-27,75.86,,5,0.2,,36.75,,322
SELL,554,ANET,2023-03-28,41.47,704.55,2023-03-21,41.64,14.67,14.61,-119.77,-134.38,-0.46,5,rotation (out of top-N),2023-03-20,42.23,,5,0.2,,36.82,,140,2023-03-27,41.98,,5,0.3,,34.16,,147
SELL,555,FTAI,2023-04-04,26.21,111.92,2023-03-28,22.89,1.28,1.47,371.58,370.12,14.45,5,equal-weight sizing trim,2023-03-27,26.49,,5,-0.0,,47.96,,98,2023-04-03,25.4,,5,0.3,,39.78,,105
SELL,555,FTAI,2023-05-02,26.32,1298.74,2023-03-28,23.12,15.01,17.09,4161.48,4144.39,13.8,24,rotation (out of top-N),2023-03-27,26.49,,5,-0.0,,47.96,,98,2023-05-01,26.2,,5,0.2,,36.32,,133
SELL,556,BLBD,2023-04-11,19.81,1585.15,2023-03-28,20.18,16.0,15.7,-592.47,-608.17,-1.9,9,rotation (out of top-N),2023-03-27,20.44,,5,-0.3,,59.48,,77,2023-04-10,18.41,,5,0.6,,38.4,,91
SELL,557,BBIO,2023-04-04,16.58,158.44,2023-03-28,14.61,1.16,1.31,312.12,310.8,13.43,5,equal-weight sizing trim,2023-03-27,16.56,,5,1.3,,58.49,,49,2023-04-03,15.64,,5,1.7,,47.65,,56
SELL,557,BBIO,2023-04-11,15.13,1898.79,2023-03-28,14.61,13.87,14.36,987.37,973.01,3.51,9,rotation (out of top-N),2023-03-27,16.56,,5,1.3,,58.49,,49,2023-04-10,14.76,,5,1.1,,37.82,,63
SELL,558,RMBS,2023-04-04,50.14,38.26,2023-03-28,45.12,0.86,0.96,192.04,191.08,11.07,5,equal-weight sizing trim,2023-03-27,51.26,,5,-0.6,,51.4,,161,2023-04-03,48.59,,5,-0.0,,40.61,,168
SELL,558,RMBS,2023-04-11,50.78,10.65,2023-03-28,45.12,0.24,0.27,60.31,60.04,12.5,9,equal-weight sizing trim,2023-03-27,51.26,,5,-0.6,,51.4,,161,2023-04-10,50.06,,5,-0.1,,41.92,,175
SELL,558,RMBS,2023-04-18,50.01,617.24,2023-03-28,45.12,13.92,15.43,3015.19,2999.76,10.77,14,rotation (out of top-N),2023-03-27,51.26,,5,-0.6,,51.4,,161,2023-04-17,49.3,,5,0.1,,37.12,,182
SELL,559,AU,2023-04-04,21.9,54.82,2023-03-28,20.14,0.55,0.6,96.49,95.89,8.68,5,equal-weight sizing trim,2023-03-27,21.63,,5,0.1,,43.63,,105,2023-04-03,23.96,,5,-0.7,,56.31,,112
SELL,559,AU,2023-04-11,24.16,140.09,2023-03-28,20.14,1.41,1.69,563.16,561.46,19.9,9,equal-weight sizing trim,2023-03-27,21.63,,5,0.1,,43.63,,105,2023-04-10,24.69,,5,-0.9,,58.04,,119
SELL,559,AU,2023-05-09,24.98,1457.28,2023-03-28,20.55,14.98,18.2,6451.76,6433.56,21.48,29,rotation (out of top-N),2023-03-27,21.63,,5,0.1,,43.63,,105,2023-05-08,22.83,,5,0.2,,36.23,,147
SELL,560,VIST,2023-04-04,21.11,123.72,2023-03-28,18.61,1.15,1.31,309.3,308.0,13.38,5,equal-weight sizing trim,2023-03-27,19.76,,5,-0.7,,53.65,,999,2023-04-03,20.59,,5,-0.8,,56.12,,999
SELL,560,VIST,2023-04-11,21.62,41.46,2023-03-28,18.61,0.39,0.45,124.78,124.34,16.12,9,equal-weight sizing trim,2023-03-27,19.76,,5,-0.7,,53.65,,999,2023-04-10,22.39,,5,-1,,64.92,,999
SELL,560,VIST,2023-04-18,22.6,14.44,2023-03-28,18.61,0.13,0.16,57.61,57.44,21.38,14,equal-weight sizing trim,2023-03-27,19.76,,5,-0.7,,53.65,,999,2023-04-17,21.16,,5,-0.6,,51.64,,999
SELL,560,VIST,2023-05-02,19.3,1609.63,2023-03-28,18.84,15.16,15.53,736.14,720.6,2.38,24,ratchet-ATR exit,2023-03-27,19.76,,5,-0.7,,53.65,,999,2023-05-01,20.34,,5,0.0,,39.21,,999
SELL,561,SMCI,2023-04-04,11.39,2724.94,2023-03-28,11.03,15.03,15.52,980.98,965.46,3.21,5,rotation (out of top-N),2023-03-27,10.66,,5,-0.2,,43.38,,343,2023-04-03,10.07,,5,0.4,,32.69,,350
SELL,562,YPF,2023-04-11,12.44,164.02,2023-04-04,11.72,0.96,1.02,117.28,116.26,6.05,4,equal-weight sizing trim,2023-04-03,11.15,,5,-0.0,,40.25,,224,2023-04-10,12.45,,5,-0.6,,52.16,,231
SELL,562,YPF,2023-04-18,12.31,2520.81,2023-04-04,11.72,14.77,15.52,1487.28,1471.76,4.98,9,rotation (out of top-N),2023-04-03,11.15,,5,-0.0,,40.25,,224,2023-04-17,11.31,,5,0.3,,34.79,,238
SELL,563,WFRD,2023-04-18,63.12,16.16,2023-04-04,60.82,0.49,0.51,37.22,36.71,3.73,9,equal-weight sizing trim,2023-04-03,58.28,,5,-0.0,,40.18,,175,2023-04-17,60.99,,5,0.0,,39.33,,189
SELL,563,WFRD,2023-05-02,62.67,556.29,2023-04-04,60.76,16.9,17.43,1062.29,1044.86,3.09,19,rotation (out of top-N),2023-04-03,58.28,,5,-0.0,,40.18,,175,2023-05-01,59.5,,5,0.5,,29.79,,203
SELL,564,PTGX,2023-04-11,18.48,1384.35,2023-04-04,22.73,15.73,12.79,-5883.49,-5896.28,-18.74,4,ratchet-ATR exit,2023-04-03,18.47,,5,-0.2,,55.9,,84,2023-04-10,18.73,,5,-0.3,,55.12,,91
SELL,565,META,2023-04-11,214.23,2.45,2023-04-04,211.51,0.26,0.26,6.66,6.4,1.24,4,equal-weight sizing trim,2023-04-03,214.44,,5,2.1,,42.57,,49,2023-04-10,219.77,,5,1.8,,44.9,,56
SELL,565,META,2023-04-18,218.4,146.32,2023-04-04,211.51,15.47,15.98,1008.15,992.17,3.21,9,rotation (out of top-N),2023-04-03,214.44,,5,2.1,,42.57,,49,2023-04-17,211.24,,5,1.0,,38.19,,63
SELL,566,GRVY,2023-04-11,56.5,516.94,2023-04-04,60.87,15.73,14.6,-2259.04,-2273.64,-7.23,4,rotation (out of top-N),2023-04-03,65.0,,5,2.8,,39.01,,14,2023-04-10,58.0,,4.71,3.5,,23.54,,21
SELL,567,SMCI,2023-04-18,11.26,2906.37,2023-04-11,10.78,15.67,16.36,1395.06,1378.69,4.4,5,rotation (out of top-N),2023-04-10,10.91,,5,-0.0,,40.58,,357,2023-04-17,10.74,,5,0.2,,35.54,,364
SELL,568,EMBJ,2023-04-18,16.24,1976.7,2023-04-11,15.85,15.67,16.05,770.91,754.86,2.41,5,rotation (out of top-N),2023-04-10,16.51,,5,-0.1,,45.22,,112,2023-04-17,15.62,,5,0.3,,35.17,,119
SELL,569,PKX,2023-04-18,74.65,445.73,2023-04-11,70.29,15.67,16.64,1943.4,1926.76,6.15,5,rotation (out of top-N),2023-04-10,73.47,,5,-0.3,,46.72,,126,2023-04-17,70.32,,5,0.1,,38.32,,133
SELL,570,MSTR,2023-04-18,32.57,975.12,2023-04-11,32.13,15.67,15.88,429.05,413.17,1.32,5,rotation (out of top-N),2023-04-10,33.39,,5,1.0,,39.98,,63,2023-04-17,29.0,,4.12,1.8,,20.61,,70
SELL,571,ATRO,2023-04-18,13.18,79.64,2023-04-11,12.33,0.49,0.52,67.69,67.17,6.84,5,equal-weight sizing trim,2023-04-10,12.62,,5,0.7,,38.79,,84,2023-04-17,13.24,,5,0.3,,43.68,,91
SELL,571,ATRO,2023-04-25,12.91,2461.37,2023-04-11,12.33,15.17,15.89,1427.6,1411.71,4.65,10,rotation (out of top-N),2023-04-10,12.62,,5,0.7,,38.79,,84,2023-04-24,12.22,,5,0.8,,31.29,,98
SELL,572,TDW,2023-04-18,46.31,719.09,2023-04-11,43.57,15.67,16.65,1970.3,1953.65,6.24,5,rotation (out of top-N),2023-04-10,45.98,,5,-0.0,,40.74,,441,2023-04-17,44.49,,5,0.3,,33.54,,448
SELL,573,CROX,2023-04-18,140.07,14.0,2023-04-11,127.57,0.89,0.98,175.06,174.08,9.75,5,equal-weight sizing trim,2023-04-10,134.32,,5,0.1,,38.79,,182,2023-04-17,147.24,,5,-0.4,,48.57,,189
SELL,573,CROX,2023-04-25,148.4,231.6,2023-04-11,127.57,14.77,17.18,4823.0,4805.81,16.27,10,rotation (out of top-N),2023-04-10,134.32,,5,0.1,,38.79,,182,2023-04-24,123.69,,4.58,0.9,,22.92,,196
SELL,574,GE,2023-04-25,79.98,7.91,2023-04-11,74.31,0.29,0.32,44.85,44.53,7.58,10,equal-weight sizing trim,2023-04-10,74.93,,5,0.1,,38.74,,140,2023-04-24,77.68,,5,0.1,,38.95,,154
SELL,574,GE,2023-05-09,79.23,439.27,2023-04-11,74.53,16.37,17.4,2063.85,2046.45,6.25,20,rotation (out of top-N),2023-04-10,74.93,,5,0.1,,38.74,,140,2023-05-08,77.57,,5,0.3,,34.78,,168
SELL,575,CMPR,2023-04-18,45.42,4.52,2023-04-11,43.59,0.1,0.1,8.26,8.16,4.15,5,equal-weight sizing trim,2023-04-10,44.0,,5,2.1,,38.72,,56,2023-04-17,45.23,,5,0.9,,40.6,,63
SELL,575,CMPR,2023-05-02,51.14,60.2,2023-04-11,43.64,1.31,1.54,451.26,449.72,17.12,15,equal-weight sizing trim,2023-04-10,44.0,,5,2.1,,38.72,,56,2023-05-01,47.16,,5,0.5,,43.71,,77
SELL,575,CMPR,2023-05-09,44.53,677.64,2023-04-11,43.64,14.79,15.09,600.13,585.04,1.98,20,ratchet-ATR exit,2023-04-10,44.0,,5,2.1,,38.72,,56,2023-05-08,46.65,,5,0.5,,41.18,,84
SELL,576,MSGE,2023-04-25,30.77,1220.35,2023-04-18,26.57,16.21,18.78,5125.46,5106.69,15.75,5,rotation (out of top-N),2023-04-17,56.88,,5,1.1,,130.98,,56,2023-04-24,32.35,,5,1.4,,30.56,,63
SELL,577,PTGX,2023-04-25,23.98,155.63,2023-04-18,20.93,1.63,1.87,474.68,472.81,14.52,5,equal-weight sizing trim,2023-04-17,24.01,,5,-0.6,,93.04,,98,2023-04-24,22.61,,5,-0.8,,77.23,,105
SELL,577,PTGX,2023-06-06,28.58,41.15,2023-04-18,21.47,0.44,0.59,292.77,292.18,33.08,34,equal-weight sizing trim,2023-04-17,24.01,,5,-0.6,,93.04,,98,2023-06-05,29.06,,5,-1,,90.75,,147
SELL,577,PTGX,2023-07-05,23.66,1688.47,2023-04-18,21.94,18.52,19.97,2904.13,2884.16,7.79,53,rotation (out of top-N),2023-04-17,24.01,,5,-0.6,,93.04,,98,2023-07-03,23.18,,5,0.2,,36.09,,175
SELL,578,HOV,2023-04-25,73.04,21.56,2023-04-18,67.68,0.73,0.79,115.57,114.79,7.87,5,equal-weight sizing trim,2023-04-17,71.14,,5,0.4,,39.78,,98,2023-04-24,73.9,,5,0.1,,43.51,,105
SELL,578,HOV,2023-05-16,82.05,1.52,2023-04-18,67.93,0.05,0.06,21.51,21.45,20.72,20,equal-weight sizing trim,2023-04-17,71.14,,5,0.4,,39.78,,98,2023-05-15,91.18,,5,-1,,69.09,,126
SELL,578,HOV,2023-05-23,90.29,13.76,2023-04-18,67.93,0.47,0.62,307.56,306.94,32.84,25,equal-weight sizing trim,2023-04-17,71.14,,5,0.4,,39.78,,98,2023-05-22,93.05,,5,-1,,68.93,,133
SELL,578,HOV,2023-06-13,101.33,6.33,2023-04-18,69.31,0.22,0.32,202.65,202.33,46.12,39,equal-weight sizing trim,2023-04-17,71.14,,5,0.4,,39.78,,98,2023-06-12,98.95,,5,-1,,68.2,,154
SELL,578,HOV,2023-07-05,94.97,537.57,2023-04-18,71.53,19.23,25.53,12600.32,12574.8,32.7,53,rotation (out of top-N),2023-04-17,71.14,,5,0.4,,39.78,,98,2023-07-03,93.57,,5,-0.4,,48.3,,175
SELL,579,IRON,2023-04-25,30.48,211.59,2023-04-18,24.79,2.62,3.22,1203.97,1200.74,22.89,5,equal-weight sizing trim,2023-04-17,31.08,,5,-1,,65.44,,189,2023-04-24,32.81,,5,-1,,70.81,,196
SELL,579,IRON,2023-05-02,33.52,62.53,2023-04-18,24.79,0.78,1.05,545.86,544.81,35.15,10,equal-weight sizing trim,2023-04-17,31.08,,5,-1,,65.44,,189,2023-05-01,30.8,,5,-0.9,,57.2,,203
SELL,579,IRON,2023-05-23,34.19,36.3,2023-04-18,25.84,0.47,0.62,302.99,302.37,32.23,25,equal-weight sizing trim,2023-04-17,31.08,,5,-1,,65.44,,189,2023-05-22,32.19,,5,-0.7,,54.62,,224
SELL,579,IRON,2023-06-06,41.1,117.73,2023-04-18,25.84,1.52,2.42,1796.13,1793.71,58.95,34,equal-weight sizing trim,2023-04-17,31.08,,5,-1,,65.44,,189,2023-06-05,45.9,,5,-1,,106.78,,238
SELL,579,IRON,2023-06-13,47.34,68.03,2023-04-18,25.84,0.88,1.61,1462.39,1460.78,83.08,39,equal-weight sizing trim,2023-04-17,31.08,,5,-1,,65.44,,189,2023-06-12,49.49,,5,-1,,114.29,,245
SELL,579,IRON,2023-06-27,49.59,46.52,2023-04-18,25.84,0.6,1.15,1104.88,1103.72,91.8,48,equal-weight sizing trim,2023-04-17,31.08,,5,-1,,65.44,,189,2023-06-26,44.37,,5,-1,,78.56,,259
SELL,579,IRON,2023-07-11,47.04,28.05,2023-04-18,29.13,0.41,0.66,502.29,501.63,61.4,57,equal-weight sizing trim,2023-04-17,31.08,,5,-1,,65.44,,189,2023-07-10,46.05,,5,-1,,75.03,,273
SELL,579,IRON,2023-07-25,45.72,1305.82,2023-04-18,30.65,20.01,29.85,19676.91,19647.06,49.1,67,ratchet-ATR exit,2023-04-17,31.08,,5,-1,,65.44,,189,2023-07-24,48.45,,5,-1,,74.29,,287
SELL,580,BBIO,2023-04-25,15.13,2220.87,2023-04-18,14.6,16.21,16.8,1177.06,1160.26,3.58,5,rotation (out of top-N),2023-04-17,15.88,,5,0.5,,45.97,,70,2023-04-24,14.52,,5,1.1,,32.11,,77
SELL,581,TMDX,2023-04-25,86.22,468.97,2023-04-18,69.14,16.21,20.22,8010.02,7989.81,24.64,5,rotation (out of top-N),2023-04-17,88.71,,5,-0.6,,51.13,,343,2023-04-24,79.13,,5,0.4,,32.3,,350
SELL,582,IPAR,2023-04-25,143.19,0.82,2023-04-18,138.45,0.06,0.06,3.88,3.82,3.37,5,equal-weight sizing trim,2023-04-17,144.46,,5,-0.7,,54.98,,161,2023-04-24,139.6,,5,-0.4,,47.15,,168
SELL,582,IPAR,2023-05-09,139.13,250.3,2023-04-18,138.45,17.33,17.41,170.2,152.79,0.44,15,rotation (out of top-N),2023-04-17,144.46,,5,-0.7,,54.98,,161,2023-05-08,125.43,,5,0.6,,28.37,,182
SELL,583,PLPC,2023-05-09,140.17,29.61,2023-04-18,123.14,1.82,2.08,504.38,502.31,13.78,15,equal-weight sizing trim,2023-04-17,125.25,,5,-0.3,,46.4,,259,2023-05-08,144.81,,5,-0.9,,58.63,,280
SELL,583,PLPC,2023-05-16,116.2,268.61,2023-04-18,123.14,16.54,15.61,-1863.55,-1879.15,-5.68,20,rotation (out of top-N),2023-04-17,125.25,,5,-0.3,,46.4,,259,2023-05-15,116.2,,5,0.7,,25.88,,287
SELL,584,SKYW,2023-05-02,27.77,158.44,2023-04-25,23.75,1.88,2.2,636.91,634.71,16.87,5,equal-weight sizing trim,2023-04-24,28.31,,5,2.4,,43.45,,28,2023-05-01,28.05,,5,2.3,,41.43,,35
SELL,584,SKYW,2023-05-09,27.04,1247.92,2023-04-25,23.75,14.82,16.87,4105.65,4088.78,13.8,10,rotation (out of top-N),2023-04-24,28.31,,5,2.4,,43.45,,28,2023-05-08,26.09,,5,2.7,,31.27,,42
SELL,585,BLBD,2023-05-02,19.39,1848.93,2023-04-25,18.07,16.7,17.93,2449.83,2431.91,7.28,5,rotation (out of top-N),2023-04-24,18.7,,5,0.4,,36.09,,105,2023-05-01,19.12,,5,0.3,,37.19,,112
SELL,586,META,2023-05-02,241.22,16.02,2023-04-25,209.17,1.68,1.93,513.4,511.47,15.26,5,equal-weight sizing trim,2023-04-24,238.32,,5,0.1,,54.13,,70,2023-05-01,230.99,,5,0.3,,47.64,,77
SELL,586,META,2023-06-06,267.98,1.12,2023-04-25,212.69,0.12,0.15,61.99,61.84,25.93,29,equal-weight sizing trim,2023-04-24,238.32,,5,0.1,,54.13,,70,2023-06-05,262.87,,5,-0.7,,57.04,,112
SELL,586,META,2023-06-27,279.84,179.27,2023-04-25,216.17,19.38,25.08,11413.84,11388.76,29.39,43,rotation (out of top-N),2023-04-24,238.32,,5,0.1,,54.13,,70,2023-06-26,284.7,,5,-1,,60.54,,133
SELL,587,MTH,2023-05-02,58.85,556.4,2023-04-25,60.03,16.7,16.37,-656.56,-672.93,-2.01,5,rotation (out of top-N),2023-04-24,60.18,,5,0.2,,36.48,,140,2023-05-01,59.28,,5,0.3,,33.09,,147
SELL,588,PHM,2023-05-09,66.35,540.04,2023-04-25,63.54,17.16,17.92,1519.08,1501.16,4.37,10,rotation (out of top-N),2023-04-24,65.6,,5,-0.0,,40.76,,140,2023-05-08,66.87,,5,0.0,,39.8,,154
SELL,589,MSTR,2023-05-02,31.06,1177.33,2023-04-25,28.37,16.7,18.28,3167.02,3148.74,9.43,5,rotation (out of top-N),2023-04-24,32.79,,5,0.9,,35.73,,77,2023-05-01,32.68,,5,0.9,,34.71,,84
SELL,590,GRBK,2023-05-09,50.34,195.02,2023-04-25,37.03,3.61,4.91,2596.18,2591.27,35.89,10,equal-weight sizing trim,2023-04-24,37.21,,5,0.2,,35.38,,161,2023-05-08,50.26,,5,-1,,75.82,,175
SELL,590,GRBK,2023-06-13,56.91,14.87,2023-04-25,39.03,0.29,0.42,265.84,265.42,45.74,34,equal-weight sizing trim,2023-04-24,37.21,,5,0.2,,35.38,,161,2023-06-12,54.3,,5,-1,,70.49,,210
SELL,590,GRBK,2023-07-05,55.95,909.66,2023-04-25,39.84,18.12,25.45,14650.66,14625.22,40.35,48,rotation (out of top-N),2023-04-24,37.21,,5,0.2,,35.38,,161,2023-07-03,50.02,,5,-0.3,,46.12,,231
SELL,591,MHO,2023-05-02,67.0,513.62,2023-04-25,65.03,16.7,17.21,1011.84,994.63,2.98,5,rotation (out of top-N),2023-04-24,67.61,,5,0.2,,35.29,,133,2023-05-01,67.31,,5,0.3,,33.28,,140
SELL,592,POWL,2023-05-09,16.9,432.41,2023-05-02,13.02,2.81,3.65,1677.74,1674.09,29.74,5,equal-weight sizing trim,2023-05-01,16.2,,5,-0.5,,50.05,,182,2023-05-08,17.56,,5,-1.0,,59.21,,189
SELL,592,POWL,2023-05-16,18.68,140.12,2023-05-02,13.02,0.91,1.31,793.06,791.75,43.4,10,equal-weight sizing trim,2023-05-01,16.2,,5,-0.5,,50.05,,182,2023-05-15,19.35,,5,-1,,71.32,,196
SELL,592,POWL,2023-06-13,20.19,2239.39,2023-05-02,13.44,15.04,22.61,15125.39,15102.78,50.2,29,rotation (out of top-N),2023-05-01,16.2,,5,-0.5,,50.05,,182,2023-06-12,18.61,,5,-0.5,,49.21,,224
SELL,593,SMCI,2023-05-09,13.65,524.79,2023-05-02,10.55,2.77,3.58,1626.86,1623.28,29.32,5,equal-weight sizing trim,2023-05-01,13.72,,5,-1,,65.93,,378,2023-05-08,13.46,,5,-1.0,,59.15,,385
SELL,593,SMCI,2023-05-23,16.27,256.45,2023-05-02,10.62,1.36,2.09,1449.09,1447.01,53.13,15,equal-weight sizing trim,2023-05-01,13.72,,5,-1,,65.93,,378,2023-05-22,21.92,,5,-1,,141.46,,399
SELL,593,SMCI,2023-06-06,22.16,519.09,2023-05-02,10.62,2.76,5.75,5990.55,5984.8,108.57,24,equal-weight sizing trim,2023-05-01,13.72,,5,-1,,65.93,,378,2023-06-05,26.18,,5,-1,,163.06,,413
SELL,593,SMCI,2023-06-13,26.08,167.0,2023-05-02,10.62,0.89,2.18,2581.83,2579.65,145.46,29,equal-weight sizing trim,2023-05-01,13.72,,5,-1,,65.93,,378,2023-06-12,23.08,,5,-1,,122.74,,420
SELL,593,SMCI,2023-06-27,22.34,1875.35,2023-05-02,10.62,9.96,20.95,21980.1,21959.16,110.26,38,ratchet-ATR exit,2023-05-01,13.72,,5,-1,,65.93,,378,2023-06-26,24.93,,5,-1,,121.87,,434
SELL,594,COCO,2023-05-09,23.33,4.69,2023-05-02,21.4,0.05,0.05,9.06,9.0,8.96,5,equal-weight sizing trim,2023-05-01,22.62,,5,-0.7,,53.22,,154,2023-05-08,24.39,,5,-1,,62.1,,161
SELL,594,COCO,2023-06-06,26.78,126.17,2023-05-02,21.58,1.36,1.69,656.7,655.01,24.06,24,equal-weight sizing trim,2023-05-01,22.62,,5,-0.7,,53.22,,154,2023-06-05,28.06,,5,-1,,72.75,,189
SELL,594,COCO,2023-06-27,26.96,1696.17,2023-05-02,21.6,18.32,22.86,9088.67,9065.8,24.74,38,rotation (out of top-N),2023-05-01,22.62,,5,-0.7,,53.22,,154,2023-06-26,26.88,,5,-0.8,,55.31,,210
SELL,595,BLDR,2023-05-09,113.51,39.48,2023-05-02,93.31,1.84,2.24,797.37,795.13,21.58,5,equal-weight sizing trim,2023-05-01,111.22,,5,-0.7,,54.25,,140,2023-05-08,115.81,,5,-0.9,,58.03,,147
SELL,595,BLDR,2023-06-13,125.78,371.33,2023-05-02,96.21,17.86,23.35,10980.92,10957.56,30.67,29,rotation (out of top-N),2023-05-01,111.22,,5,-0.7,,54.25,,140,2023-06-12,121.45,,5,-0.6,,51.3,,182
SELL,596,LMB,2023-05-09,18.25,26.0,2023-05-02,16.58,0.22,0.24,43.42,43.18,10.02,5,equal-weight sizing trim,2023-05-01,16.99,,5,-0.5,,50.86,,210,2023-05-08,19.41,,5,-1,,67.13,,217
SELL,596,LMB,2023-05-16,20.19,131.46,2023-05-02,16.58,1.09,1.33,474.56,473.24,21.71,10,equal-weight sizing trim,2023-05-01,16.99,,5,-0.5,,50.86,,210,2023-05-15,21.37,,5,-1,,78.32,,224
SELL,596,LMB,2023-05-23,21.68,9.83,2023-05-02,16.58,0.08,0.11,50.2,50.1,30.72,15,equal-weight sizing trim,2023-05-01,16.99,,5,-0.5,,50.86,,210,2023-05-22,21.26,,5,-1,,72.32,,231
SELL,596,LMB,2023-06-27,23.71,2.96,2023-05-02,16.98,0.03,0.04,19.93,19.89,39.58,38,equal-weight sizing trim,2023-05-01,16.99,,5,-0.5,,50.86,,210,2023-06-26,24.72,,5,-1,,73.14,,266
SELL,596,LMB,2023-07-05,26.3,64.75,2023-05-02,16.98,0.55,0.85,603.61,602.76,54.83,43,equal-weight sizing trim,2023-05-01,16.99,,5,-0.5,,50.86,,210,2023-07-03,26.27,,5,-1,,78.14,,273
SELL,596,LMB,2023-07-25,25.14,2146.82,2023-05-02,17.62,18.91,26.99,16152.57,16125.58,42.64,57,ratchet-ATR exit,2023-05-01,16.99,,5,-0.5,,50.86,,210,2023-07-24,25.81,,5,-1,,60.26,,294
SELL,597,IRMD,2023-05-09,46.79,870.07,2023-05-02,39.81,17.32,20.36,6073.07,6052.72,17.47,5,rotation (out of top-N),2023-05-01,44.82,,5,0.5,,40.31,,91,2023-05-08,44.83,,5,0.4,,39.25,,98
SELL,598,PEN,2023-05-09,310.0,0.3,2023-05-02,284.47,0.04,0.05,7.76,7.71,8.92,5,equal-weight sizing trim,2023-05-01,310.07,,5,0.0,,39.06,,175,2023-05-08,320.74,,5,-0.1,,41.41,,182
SELL,598,PEN,2023-05-16,310.25,121.46,2023-05-02,284.47,17.28,18.84,3131.17,3112.33,9.01,10,rotation (out of top-N),2023-05-01,310.07,,5,0.0,,39.06,,175,2023-05-15,317.83,,5,0.1,,37.91,,189
SELL,599,SHOP,2023-05-09,63.46,146.17,2023-05-02,46.84,3.42,4.64,2429.32,2424.68,35.41,5,equal-weight sizing trim,2023-05-01,62.03,,5,-0.7,,57.62,,112,2023-05-08,61.31,,5,-0.7,,53.78,,119
SELL,599,SHOP,2023-05-23,61.16,637.75,2023-05-02,47.84,15.25,19.5,8496.71,8477.21,27.79,15,rotation (out of top-N),2023-05-01,62.03,,5,-0.7,,57.62,,112,2023-05-22,59.25,,5,-0.2,,44.58,,133
SELL,600,MSGE,2023-05-09,33.51,1050.89,2023-05-02,32.96,17.32,17.61,577.99,560.38,1.62,5,rotation (out of top-N),2023-05-01,34.56,,5,0.9,,38.39,,70,2023-05-08,28.73,,2.97,2.0,,14.86,,77
SELL,601,FCNCA,2023-05-16,1250.07,3.81,2023-05-09,1075.11,2.05,2.38,665.81,663.43,16.22,5,equal-weight sizing trim,2023-05-08,1221.2,,5,2.0,,50.67,,28,2023-05-15,1292.71,,5,1.6,,57.26,,35
SELL,601,FCNCA,2023-06-06,1259.65,32.21,2023-05-09,1082.0,17.43,20.29,5722.78,5702.49,16.36,19,rotation (out of top-N),2023-05-08,1221.2,,5,2.0,,50.67,,28,2023-06-05,1267.12,,5,1.7,,47.9,,56
SELL,602,LNTH,2023-05-16,98.57,390.46,2023-05-09,96.38,18.82,19.24,855.12,835.87,2.22,5,rotation (out of top-N),2023-05-08,99.67,,5,2.0,,42.21,,56,2023-05-15,97.21,,5,1.0,,38.02,,63
SELL,603,BLBD,2023-05-16,23.41,271.25,2023-05-09,19.43,2.64,3.18,1080.91,1077.74,20.45,5,equal-weight sizing trim,2023-05-08,26.34,,5,-1.0,,84.11,,119,2023-05-15,27.05,,5,-1,,84.34,,126
SELL,603,BLBD,2023-05-23,28.09,181.99,2023-05-09,19.43,1.77,2.56,1576.04,1573.48,44.5,10,equal-weight sizing trim,2023-05-08,26.34,,5,-1.0,,84.11,,119,2023-05-22,26.36,,5,-1,,75.31,,133
SELL,603,BLBD,2023-06-06,21.57,1483.61,2023-05-09,19.43,14.41,16.0,3174.93,3158.93,10.96,19,rotation (out of top-N),2023-05-08,26.34,,5,-1.0,,84.11,,119,2023-06-05,21.43,,5,0.1,,37.02,,147
SELL,604,INOD,2023-05-16,9.82,774.15,2023-05-09,7.93,3.07,3.8,1463.14,1459.34,23.77,5,equal-weight sizing trim,2023-05-08,9.3,,5,-0.4,,95.16,,84,2023-05-15,9.89,,5,-0.5,,102.29,,91
SELL,604,INOD,2023-06-06,11.24,124.21,2023-05-09,8.02,0.5,0.7,399.83,399.13,40.06,19,equal-weight sizing trim,2023-05-08,9.3,,5,-0.4,,95.16,,84,2023-06-05,10.51,,5,-0.9,,93.02,,112
SELL,604,INOD,2023-06-27,10.62,147.51,2023-05-09,8.37,0.62,0.78,332.2,331.42,26.85,33,equal-weight sizing trim,2023-05-08,9.3,,5,-0.4,,95.16,,84,2023-06-26,11.35,,5,-1,,87.5,,133
SELL,604,INOD,2023-08-01,12.75,49.84,2023-05-09,8.64,0.22,0.32,204.67,204.35,47.44,57,equal-weight sizing trim,2023-05-08,9.3,,5,-0.4,,95.16,,84,2023-07-31,11.8,,5,-1,,67.36,,168
SELL,604,INOD,2023-08-15,14.42,1417.18,2023-05-09,9.07,6.43,10.22,7577.43,7567.21,58.85,67,equal-weight sizing trim,2023-05-08,9.3,,5,-0.4,,95.16,,84,2023-08-14,13.59,,5,-1,,79.7,,182
SELL,604,INOD,2023-08-29,14.27,5052.85,2023-05-09,9.18,23.18,36.05,25742.19,25706.14,55.45,77,rotation (out of top-N),2023-05-08,9.3,,5,-0.4,,95.16,,84,2023-08-28,11.87,,5,-0.4,,47.62,,196
SELL,605,FSLR,2023-05-16,219.87,213.28,2023-05-09,176.44,18.82,23.45,9260.8,9237.35,24.55,5,rotation (out of top-N),2023-05-08,231.69,,5,-0.1,,41.34,,273,2023-05-15,203.62,,4.52,0.9,,22.61,,280
SELL,606,DUOL,2023-05-16,142.27,4.7,2023-05-09,134.97,0.32,0.33,34.29,33.96,5.36,5,equal-weight sizing trim,2023-05-08,141.41,,5,0.6,,44.45,,70,2023-05-15,150.39,,5,0.1,,52.0,,77
SELL,606,DUOL,2023-05-23,155.2,274.13,2023-05-09,134.97,18.5,21.27,5545.59,5524.32,14.93,10,rotation (out of top-N),2023-05-08,141.41,,5,0.6,,44.45,,70,2023-05-22,148.89,,5,0.2,,48.49,,84
SELL,607,VIST,2023-05-16,20.8,1809.28,2023-05-09,20.8,18.82,18.82,0.0,-18.82,-0.05,5,rotation (out of top-N),2023-05-08,21.29,,5,-0.1,,42.58,,999,2023-05-15,20.22,,5,0.4,,32.98,,999
SELL,608,IDCC,2023-05-16,79.41,483.96,2023-05-09,77.76,18.82,19.22,798.54,779.32,2.07,5,rotation (out of top-N),2023-05-08,79.63,,5,0.1,,40.55,,112,2023-05-15,81.06,,5,-0.0,,41.31,,119
SELL,609,APP,2023-05-23,24.88,1735.55,2023-05-16,22.46,19.49,21.59,4200.04,4178.45,10.72,5,rotation (out of top-N),2023-05-15,25.11,,5,2.2,,53.37,,7,2023-05-22,24.05,,5,2.4,,47.54,,14
SELL,610,ACLS,2023-05-23,142.66,13.65,2023-05-16,127.48,0.87,0.97,207.22,206.24,11.85,5,equal-weight sizing trim,2023-05-15,141.57,,5,-0.5,,49.23,,189,2023-05-22,160.9,,5,-1,,65.81,,196
SELL,610,ACLS,2023-06-06,161.21,11.37,2023-05-16,127.48,0.72,0.92,383.55,382.63,26.39,14,equal-weight sizing trim,2023-05-15,141.57,,5,-0.5,,49.23,,189,2023-06-05,172.69,,5,-1,,69.25,,210
SELL,610,ACLS,2023-06-13,182.72,13.08,2023-05-16,127.48,0.83,1.19,722.34,721.15,43.26,19,equal-weight sizing trim,2023-05-15,141.57,,5,-0.5,,49.23,,189,2023-06-12,169.01,,5,-1,,61.56,,217
SELL,610,ACLS,2023-06-27,168.87,267.67,2023-05-16,127.48,17.06,22.6,11077.35,11054.75,32.4,28,ratchet-ATR exit,2023-05-15,141.57,,5,-0.5,,49.23,,189,2023-06-26,183.29,,5,-1,,65.96,,231
SELL,611,CMPR,2023-05-23,51.36,796.82,2023-05-16,48.92,19.49,20.46,1944.25,1923.78,4.94,5,rotation (out of top-N),2023-05-15,51.23,,5,-0.2,,54.23,,91,2023-05-22,49.35,,5,-0.0,,48.05,,98
SELL,612,RMBS,2023-05-23,58.83,63.96,2023-05-16,50.47,1.61,1.88,534.71,532.83,16.51,5,equal-weight sizing trim,2023-05-15,59.42,,5,-0.7,,54.71,,210,2023-05-22,66.44,,5,-1,,68.75,,217
SELL,612,RMBS,2023-06-06,62.9,708.39,2023-05-16,50.47,17.88,22.28,8805.29,8783.02,24.57,14,rotation (out of top-N),2023-05-15,59.42,,5,-0.7,,54.71,,210,2023-06-05,63.69,,5,-0.7,,54.24,,231
SELL,613,PLTR,2023-05-23,11.96,662.37,2023-05-16,9.4,3.11,3.96,1695.66,1691.7,27.17,5,equal-weight sizing trim,2023-05-15,11.71,,5,2.0,,48.27,,35,2023-05-22,13.64,,5,1.3,,70.03,,42
SELL,613,PLTR,2023-06-06,15.28,522.56,2023-05-16,9.4,2.46,3.99,3072.64,3068.65,62.47,14,equal-weight sizing trim,2023-05-15,11.71,,5,2.0,,48.27,,35,2023-06-05,15.01,,5,1.1,,79.18,,56
SELL,613,PLTR,2023-07-05,15.44,28.55,2023-05-16,10.1,0.14,0.22,152.55,152.32,52.84,33,equal-weight sizing trim,2023-05-15,11.71,,5,2.0,,48.27,,35,2023-07-03,15.35,,5,-0.4,,68.21,,84
SELL,613,PLTR,2023-07-11,16.5,13.17,2023-05-16,10.1,0.07,0.11,84.29,84.18,63.29,37,equal-weight sizing trim,2023-05-15,11.71,,5,2.0,,48.27,,35,2023-07-10,16.4,5.6,5,-0.5,1.4,75.75,3.19,91
SELL,613,PLTR,2023-07-18,17.88,22.76,2023-05-16,10.1,0.11,0.2,177.12,176.92,77.0,42,equal-weight sizing trim,2023-05-15,11.71,,5,2.0,,48.27,,35,2023-07-17,16.43,5.6,5,-0.6,1.1,72.02,3.36,98
SELL,613,PLTR,2023-08-01,19.4,387.53,2023-05-16,10.67,2.07,3.76,3383.57,3379.81,81.75,52,equal-weight sizing trim,2023-05-15,11.71,,5,2.0,,48.27,,35,2023-07-31,18.2,6.1,5,-0.9,0.1,81.39,4.85,112
SELL,613,PLTR,2023-08-15,15.62,3922.82,2023-05-16,11.71,22.96,30.64,15348.48,15317.84,33.35,62,rotation (out of top-N),2023-05-15,11.71,,5,2.0,,48.27,,35,2023-08-14,14.4,3.9,5,0.1,1.1,38.94,2.88,126
SELL,614,ATRO,2023-05-23,14.25,2913.34,2023-05-16,13.38,19.49,20.76,2534.61,2513.85,6.45,5,rotation (out of top-N),2023-05-15,14.2,,5,-0.4,,47.95,,119,2023-05-22,13.54,,5,0.0,,39.62,,126
SELL,615,AMD,2023-06-06,117.83,388.27,2023-05-23,107.28,20.83,22.88,4096.27,4073.39,9.78,9,rotation (out of top-N),2023-05-22,127.01,,5,-0.3,,60.56,,77,2023-06-05,124.96,,5,-0.2,,54.49,,91
SELL,616,SKYW,2023-06-06,33.12,88.91,2023-05-23,28.62,1.27,1.47,400.09,398.62,15.67,9,equal-weight sizing trim,2023-05-22,30.39,,5,1.5,,50.51,,56,2023-06-05,33.99,,5,-0.2,,63.54,,70
SELL,616,SKYW,2023-06-13,35.99,7.72,2023-05-23,28.62,0.11,0.14,56.94,56.8,25.71,14,equal-weight sizing trim,2023-05-22,30.39,,5,1.5,,50.51,,56,2023-06-12,38.72,,5,-0.3,,82.21,,77
SELL,616,SKYW,2023-06-27,39.08,106.68,2023-05-23,28.62,1.53,2.08,1115.91,1113.83,36.48,23,equal-weight sizing trim,2023-05-22,30.39,,5,1.5,,50.51,,56,2023-06-26,40.77,,5,-0.5,,81.99,,91
SELL,616,SKYW,2023-08-01,43.09,36.34,2023-05-23,30.83,0.56,0.78,445.65,444.87,39.7,47,equal-weight sizing trim,2023-05-22,30.39,,5,1.5,,50.51,,56,2023-07-31,42.07,,5,-1,,65.27,,126
SELL,616,SKYW,2023-08-22,40.72,1714.48,2023-05-23,32.29,27.68,34.91,14453.79,14418.88,26.05,62,ratchet-ATR exit,2023-05-22,30.39,,5,1.5,,50.51,,56,2023-08-21,40.16,,5,-0.4,,47.82,,147
SELL,617,MRVL,2023-06-06,57.55,915.07,2023-05-23,45.52,20.83,26.33,11008.24,10981.91,26.36,9,rotation (out of top-N),2023-05-22,64.99,,5,2.3,,54.49,,0,2023-06-05,59.4,,5,2.8,,39.17,,14
SELL,618,KRYS,2023-06-13,128.35,369.25,2023-05-23,120.67,22.28,23.7,2837.62,2813.93,6.32,14,rotation (out of top-N),2023-05-22,120.56,,5,-0.7,,53.16,,336,2023-06-12,121.38,,5,-0.3,,46.64,,357
SELL,619,PLPC,2023-06-06,116.2,270.08,2023-05-23,154.23,20.83,15.69,-10270.98,-10286.67,-24.7,9,ratchet-ATR exit,2023-05-22,155.14,,5,-1,,64.64,,294,2023-06-05,163.46,,5,-1,,67.78,,308
SELL,620,TQQQ,2023-06-06,17.67,2740.38,2023-05-23,15.2,20.83,24.21,6768.74,6744.53,16.19,9,rotation (out of top-N),2023-05-22,16.86,,5,1.6,,48.64,,56,2023-06-05,17.65,,5,0.2,,52.81,,70
SELL,621,DUOL,2023-06-06,162.64,268.39,2023-05-23,155.2,20.83,21.83,1996.8,1974.98,4.74,9,rotation (out of top-N),2023-05-22,148.89,,5,0.2,,48.49,,84,2023-06-05,155.84,,5,-0.2,,50.69,,98
SELL,622,CMPR,2023-06-06,49.58,811.02,2023-05-23,51.36,20.83,20.11,-1443.61,-1463.71,-3.51,9,rotation (out of top-N),2023-05-22,49.35,,5,-0.0,,48.05,,98,2023-06-05,52.51,,5,-0.5,,53.3,,112
SELL,623,ELF,2023-06-13,104.85,431.19,2023-06-06,104.91,22.62,22.6,-25.87,-48.48,-0.11,5,rotation (out of top-N),2023-06-05,104.59,,5,-1.0,,59.19,,329,2023-06-12,104.08,,5,-0.7,,54.58,,336
SELL,624,BELFA,2023-06-13,54.55,2.73,2023-06-06,50.3,0.07,0.07,11.59,11.51,8.4,5,equal-weight sizing trim,2023-06-05,50.3,,5,2.1,,58.14,,0,2023-06-12,57.48,,5,1.9,,76.67,,7
SELL,624,BELFA,2023-07-05,58.65,19.91,2023-06-06,50.37,0.5,0.58,164.95,164.37,16.39,19,equal-weight sizing trim,2023-06-05,50.3,,5,2.1,,58.14,,0,2023-07-03,58.65,,5,1.5,,68.68,,28
SELL,624,BELFA,2023-07-25,63.61,990.28,2023-06-06,51.23,25.37,31.5,12257.69,12226.19,24.1,33,rotation (out of top-N),2023-06-05,50.3,,5,2.1,,58.14,,0,2023-07-24,59.52,,5,1.2,,59.74,,49
SELL,625,AEHR,2023-06-13,43.59,1123.87,2023-06-06,40.25,22.62,24.49,3753.73,3729.24,8.24,5,rotation (out of top-N),2023-06-05,42.42,,5,-0.9,,58.59,,294,2023-06-12,39.38,,5,-0.2,,43.88,,301
SELL,626,STRL,2023-06-13,53.26,907.08,2023-06-06,49.87,22.62,24.16,3074.99,3050.83,6.74,5,rotation (out of top-N),2023-06-05,53.49,,5,-0.8,,55.17,,217,2023-06-12,51.83,,5,-0.4,,47.5,,224
SELL,627,TGTX,2023-06-27,22.61,1849.09,2023-06-06,25.39,23.47,20.9,-5137.6,-5158.51,-10.99,14,rotation (out of top-N),2023-06-05,27.47,,5,-1,,89.94,,196,2023-06-26,24.84,,5,-0.9,,57.04,,217
SELL,628,MDB,2023-08-01,418.63,145.57,2023-06-06,387.47,28.2,30.47,4535.28,4504.81,7.99,38,rotation (out of top-N),2023-06-05,374.61,,5,1.3,,73.27,,42,2023-07-31,401.08,,5,-0.5,,56.98,,98
SELL,629,BELFB,2023-06-13,57.38,31.83,2023-06-06,51.16,0.81,0.91,197.98,197.06,12.1,5,equal-weight sizing trim,2023-06-05,55.83,,5,-0.9,,57.95,,462,2023-06-12,57.82,,5,-1.0,,59.95,,469
SELL,629,BELFB,2023-06-27,53.62,852.37,2023-06-06,51.16,21.8,22.85,2096.84,2073.99,4.76,14,rotation (out of top-N),2023-06-05,55.83,,5,-0.9,,57.95,,462,2023-06-26,56.73,,5,-0.5,,50.45,,483
SELL,630,CVNA,2023-06-13,4.39,4074.45,2023-06-06,2.97,6.06,8.95,5777.57,5768.63,47.61,5,equal-weight sizing trim,2023-06-05,3.82,,5,2.0,,63.16,,0,2023-06-12,5.05,,5,1.9,,121.33,,7
SELL,630,CVNA,2023-07-05,5.31,1365.09,2023-06-06,2.99,2.04,3.62,3168.93,3165.3,77.56,19,equal-weight sizing trim,2023-06-05,3.82,,5,2.0,,63.16,,0,2023-07-03,5.89,,5,1.5,,159.44,,28
SELL,630,CVNA,2023-07-11,6.92,1811.62,2023-06-06,2.99,2.71,6.27,7116.8,7110.53,131.29,23,equal-weight sizing trim,2023-06-05,3.82,,5,2.0,,63.16,,0,2023-07-10,7.54,7.4,5,1.4,1.4,219.35,9.01,35
SELL,630,CVNA,2023-07-25,9.25,1656.46,2023-06-06,3.07,2.54,7.66,10235.1,10227.44,201.31,33,equal-weight sizing trim,2023-06-05,3.82,,5,2.0,,63.16,,0,2023-07-24,8.8,7.2,5,1.2,1.2,231.8,8.18,49
SELL,630,CVNA,2023-08-22,8.18,59.04,2023-06-06,4.39,0.13,0.24,223.24,222.99,85.94,53,equal-weight sizing trim,2023-06-05,3.82,,5,2.0,,63.16,,0,2023-08-21,8.25,6.7,5,-0.3,0.7,152.12,4.49,77
SELL,630,CVNA,2023-08-29,8.9,406.21,2023-06-06,4.39,0.89,1.81,1830.06,1828.25,102.41,58,equal-weight sizing trim,2023-06-05,3.82,,5,2.0,,63.16,,0,2023-08-28,10.17,6.6,5,-0.4,0.6,191.73,5.58,84
SELL,630,CVNA,2023-09-12,10.0,606.38,2023-06-06,4.39,1.33,3.03,3397.63,3394.6,127.38,67,equal-weight sizing trim,2023-06-05,3.82,,5,2.0,,63.16,,0,2023-09-11,10.45,6.3,5,-0.6,0.4,166.8,4.47,98
SELL,630,CVNA,2023-09-19,10.41,337.49,2023-06-06,4.39,0.74,1.76,2030.03,2028.27,136.75,72,equal-weight sizing trim,2023-06-05,3.82,,5,2.0,,63.16,,0,2023-09-18,8.39,6.2,5,-0.8,0.2,104.65,6.17,105
SELL,630,CVNA,2023-09-26,7.91,7252.72,2023-06-06,4.39,15.94,28.68,25494.48,25465.8,79.89,77,ratchet-ATR exit,2023-06-05,3.82,,5,2.0,,63.16,,0,2023-09-25,8.4,6.1,5,-0.9,0.1,95.83,5.44,112
SELL,631,AMD,2023-06-13,132.27,383.91,2023-06-06,117.83,22.62,25.39,5543.63,5518.24,12.2,5,rotation (out of top-N),2023-06-05,124.96,,5,-0.2,,54.49,,91,2023-06-12,120.04,,5,0.0,,46.83,,98
SELL,632,TQQQ,2023-07-05,19.68,6.77,2023-06-13,18.95,0.06,0.07,4.92,4.85,3.79,14,equal-weight sizing trim,2023-06-12,19.65,,5,-0.3,,68.16,,77,2023-07-03,19.26,,5,-0.4,,55.89,,98
SELL,632,TQQQ,2023-07-18,21.75,2892.81,2023-06-13,18.98,27.46,31.46,8006.07,7974.61,14.52,23,rotation (out of top-N),2023-06-12,19.65,,5,-0.3,,68.16,,77,2023-07-17,20.63,,5,-0.8,,59.16,,112
SELL,633,AAOI,2023-06-27,4.71,4324.36,2023-06-13,3.32,7.18,10.17,5989.24,5979.07,41.65,9,equal-weight sizing trim,2023-06-12,4.85,,5,2.0,,99.28,,0,2023-06-26,5.95,,5,1.8,,135.61,,14
SELL,633,AAOI,2023-07-05,6.31,2068.11,2023-06-13,3.32,3.43,6.52,6183.64,6177.12,89.97,14,equal-weight sizing trim,2023-06-12,4.85,,5,2.0,,99.28,,0,2023-07-03,7.18,,5,1.7,,172.32,,21
SELL,633,AAOI,2023-07-11,8.62,1837.48,2023-06-13,3.32,3.05,7.91,9729.47,9721.56,159.36,18,equal-weight sizing trim,2023-06-12,4.85,,5,2.0,,99.28,,0,2023-07-10,9.13,,5,1.5,,226.73,,28
SELL,633,AAOI,2023-08-08,11.56,3920.36,2023-06-13,4.53,8.89,22.66,27549.04,27526.38,154.9,38,equal-weight sizing trim,2023-06-12,4.85,,5,2.0,,99.28,,0,2023-08-07,12.38,,5,1.1,,255.1,,56
SELL,633,AAOI,2023-08-15,14.89,1113.13,2023-06-13,4.53,2.52,8.29,11534.45,11526.16,228.44,43,equal-weight sizing trim,2023-06-12,4.85,,5,2.0,,99.28,,0,2023-08-14,12.78,,5,-0.0,,241.0,,63
SELL,633,AAOI,2023-08-22,15.54,262.37,2023-06-13,4.53,0.59,2.04,2887.9,2885.86,242.66,48,equal-weight sizing trim,2023-06-12,4.85,,5,2.0,,99.28,,0,2023-08-21,12.99,,5,-0.2,,223.32,,70
SELL,633,AAOI,2023-09-12,11.7,5602.35,2023-06-13,6.16,17.26,32.77,31019.12,30986.35,89.74,62,ratchet-ATR exit,2023-06-12,4.85,,5,2.0,,99.28,,0,2023-09-11,9.86,,5,-0.5,,107.92,,91
SELL,634,ODC,2023-06-27,27.29,242.98,2023-06-13,24.01,2.92,3.32,796.99,793.68,13.6,9,equal-weight sizing trim,2023-06-12,26.13,,5,-1.0,,59.26,,217,2023-06-26,28.37,,5,-1,,65.19,,231
SELL,634,ODC,2023-07-25,30.27,2024.12,2023-06-13,24.6,24.9,30.63,11469.46,11438.82,22.97,28,rotation (out of top-N),2023-06-12,26.13,,5,-1.0,,59.26,,217,2023-07-24,30.45,,5,-1,,60.1,,259
SELL,635,PENG,2023-06-27,26.09,96.41,2023-06-13,24.8,1.2,1.26,125.34,124.08,5.19,9,equal-weight sizing trim,2023-06-12,27.01,,5,1.6,,58.67,,28,2023-06-26,29.02,,5,1.3,,65.36,,42
SELL,635,PENG,2023-07-11,27.32,1893.53,2023-06-13,24.82,23.5,25.87,4736.02,4710.15,10.02,18,rotation (out of top-N),2023-06-12,27.01,,5,1.6,,58.67,,28,2023-07-10,27.25,,5,1.6,,49.97,,56
SELL,636,CCL,2023-07-05,18.7,537.72,2023-06-13,14.88,4.0,5.03,2051.7,2046.67,25.57,14,equal-weight sizing trim,2023-06-12,15.63,,5,-1.0,,59.85,,133,2023-07-03,18.84,,5,-1,,80.39,,154
SELL,636,CCL,2023-07-11,19.12,2811.45,2023-06-13,14.88,20.92,26.88,11907.96,11881.09,28.39,18,rotation (out of top-N),2023-06-12,15.63,,5,-1.0,,59.85,,133,2023-07-10,17.06,4.5,5,-1.0,1.5,59.39,2.27,161
SELL,637,VRT,2023-06-27,23.41,194.12,2023-06-13,21.4,2.08,2.27,390.19,387.92,9.34,9,equal-weight sizing trim,2023-06-12,22.46,,5,-0.8,,56.14,,224,2023-06-26,24.67,,5,-1,,64.08,,238
SELL,637,VRT,2023-07-18,26.21,2210.52,2023-06-13,21.6,23.87,28.97,10197.72,10168.75,21.3,23,rotation (out of top-N),2023-06-12,22.46,,5,-0.8,,56.14,,224,2023-07-17,25.6,4.0,5,-0.9,1.9,58.26,1.59,259
SELL,638,PLPC,2023-06-27,159.85,299.06,2023-06-13,163.46,24.44,23.9,-1079.62,-1103.52,-2.26,9,rotation (out of top-N),2023-06-12,163.95,,5,-1,,64.65,,315,2023-06-26,152.49,,5,-0.3,,46.82,,329
SELL,639,HUT,2023-07-05,17.15,465.68,2023-06-27,13.85,3.22,3.99,1536.73,1532.74,23.76,5,equal-weight sizing trim,2023-06-26,16.55,,5,1.1,,88.33,,56,2023-07-03,19.0,,5,-0.0,,110.2,,63
SELL,639,HUT,2023-07-11,19.65,218.26,2023-06-27,13.85,1.51,2.14,1265.91,1263.77,41.81,9,equal-weight sizing trim,2023-06-26,16.55,,5,1.1,,88.33,,56,2023-07-10,20.8,,5,-0.2,,123.12,,70
SELL,639,HUT,2023-08-08,15.8,3762.65,2023-06-27,14.81,27.87,29.72,3706.85,3677.12,6.6,29,rotation (out of top-N),2023-06-26,16.55,,5,1.1,,88.33,,56,2023-08-07,14.8,,5,-0.1,,49.02,,98
SELL,640,ELF,2023-07-05,112.69,452.64,2023-06-27,108.05,24.45,25.5,2100.23,2074.73,4.24,5,rotation (out of top-N),2023-06-26,114.33,,5,-1,,61.14,,350,2023-07-03,110.02,,5,-0.6,,51.2,,357
SELL,641,W,2023-07-05,67.74,811.47,2023-06-27,60.27,24.45,27.48,6061.69,6034.21,12.34,5,rotation (out of top-N),2023-06-26,65.03,,5,1.7,,60.88,,21,2023-07-03,61.63,,5,2.0,,49.78,,28
SELL,642,BLDR,2023-07-11,135.97,380.34,2023-06-27,128.79,24.49,25.86,2729.45,2703.59,5.52,9,rotation (out of top-N),2023-06-26,135.98,,5,-1,,61.65,,196,2023-07-10,141.06,4.0,5,-1,2.0,60.43,1.44,210
SELL,643,CMPR,2023-08-01,69.36,19.46,2023-06-27,55.78,0.54,0.67,264.38,263.71,24.29,24,equal-weight sizing trim,2023-06-26,59.44,,5,-1,,63.84,,133,2023-07-31,71.73,,5,-1,,72.87,,168
SELL,643,CMPR,2023-08-22,62.65,1016.0,2023-06-27,57.02,28.97,31.83,5719.03,5687.2,9.82,39,ratchet-ATR exit,2023-06-26,59.44,,5,-1,,63.84,,133,2023-08-21,62.58,,5,-0.0,,40.72,,189
SELL,644,META,2023-07-18,308.35,191.65,2023-06-27,280.59,26.89,29.55,5319.43,5289.88,9.84,14,rotation (out of top-N),2023-06-26,284.7,,5,-1,,60.54,,133,2023-07-17,292.19,3.7,5,-0.7,2.0,54.04,1.57,154
SELL,645,RCL,2023-07-05,100.48,509.82,2023-06-27,95.93,24.45,25.61,2319.7,2294.09,4.69,5,rotation (out of top-N),2023-06-26,101.45,,5,-0.9,,58.33,,210,2023-07-03,99.66,,5,-0.6,,51.82,,217
SELL,646,ROOT,2023-07-11,10.81,367.34,2023-07-05,9.48,1.74,1.99,488.56,486.57,13.97,4,equal-weight sizing trim,2023-07-03,10.16,,5,1.8,,71.52,,14,2023-07-10,9.87,,5,1.7,,65.46,,21
SELL,646,ROOT,2023-08-15,9.47,7303.79,2023-07-05,9.61,35.11,34.58,-1046.03,-1080.61,-1.54,29,ratchet-ATR exit,2023-07-03,10.16,,5,1.8,,71.52,,14,2023-08-14,9.44,,5,1.5,,50.54,,56
SELL,647,SMCI,2023-07-11,27.49,74.25,2023-07-05,24.91,0.92,1.02,191.57,190.55,10.3,4,equal-weight sizing trim,2023-07-03,25.99,,5,-1,,121.23,,441,2023-07-10,29.51,5.5,5,-1,0.5,139.17,3.75,448
SELL,647,SMCI,2023-07-18,30.16,37.91,2023-07-05,24.91,0.47,0.57,199.01,198.44,21.02,9,equal-weight sizing trim,2023-07-03,25.99,,5,-1,,121.23,,441,2023-07-17,30.31,5.5,5,-1,0.5,133.85,3.82,455
SELL,647,SMCI,2023-07-25,30.96,32.69,2023-07-05,24.91,0.41,0.51,197.79,197.29,24.23,14,equal-weight sizing trim,2023-07-03,25.99,,5,-1,,121.23,,441,2023-07-24,33.45,5.9,5,-1,0.1,145.31,4.28,462
SELL,647,SMCI,2023-08-08,34.37,9.55,2023-07-05,25.02,0.12,0.16,89.29,89.13,37.3,24,equal-weight sizing trim,2023-07-03,25.99,,5,-1,,121.23,,441,2023-08-07,25.47,5.7,5,-1,0.3,72.63,4.0,476
SELL,647,SMCI,2023-08-15,26.91,1984.96,2023-07-05,25.02,24.83,26.71,3751.52,3724.81,7.5,29,ratchet-ATR exit,2023-07-03,25.99,,5,-1,,121.23,,441,2023-08-14,24.37,6,5,-1,0.0,60.81,4.73,483
SELL,648,STRL,2023-07-11,58.5,902.11,2023-07-05,58.25,26.27,26.39,225.53,199.14,0.38,4,rotation (out of top-N),2023-07-03,57.49,,5,-0.6,,52.87,,245,2023-07-10,58.77,,5,-0.6,,52.6,,252
SELL,649,APP,2023-08-01,30.92,47.66,2023-07-05,26.0,0.62,0.74,234.3,233.56,18.84,19,equal-weight sizing trim,2023-07-03,25.95,,5,1.2,,57.78,,56,2023-07-31,31.36,4.8,5,-0.4,2.4,77.99,1.87,84
SELL,649,APP,2023-08-15,39.66,462.04,2023-07-05,26.34,6.08,9.16,6156.18,6147.01,50.52,29,equal-weight sizing trim,2023-07-03,25.95,,5,1.2,,57.78,,56,2023-08-14,38.25,5.6,5,-0.6,1.2,103.93,3.28,98
SELL,649,APP,2023-08-22,40.63,67.27,2023-07-05,26.34,0.89,1.37,961.5,960.13,54.2,34,equal-weight sizing trim,2023-07-03,25.95,,5,1.2,,57.78,,56,2023-08-21,39.79,4.8,5,-0.8,1.7,105.07,2.36,105
SELL,649,APP,2023-09-19,43.64,78.46,2023-07-05,26.95,1.06,1.71,1309.41,1307.7,61.84,53,equal-weight sizing trim,2023-07-03,25.95,,5,1.2,,57.78,,56,2023-09-18,37.75,4.8,5,-1,1.2,69.0,2.76,133
SELL,649,APP,2023-09-26,37.44,1730.08,2023-07-05,26.95,23.31,32.38,18136.1,18103.71,38.82,58,ratchet-ATR exit,2023-07-03,25.95,,5,1.2,,57.78,,56,2023-09-25,39.96,4.4,5,-1,1.6,73.06,2.03,140
SELL,650,TGTX,2023-07-11,26.09,2294.16,2023-07-05,22.91,26.27,29.93,7318.38,7288.44,13.87,4,rotation (out of top-N),2023-07-03,24.98,,5,-0.7,,53.34,,224,2023-07-10,22.1,,5,0.4,,32.29,,231
SELL,651,ACLS,2023-07-11,178.74,288.68,2023-07-05,182.03,26.27,25.8,-948.33,-974.13,-1.85,4,rotation (out of top-N),2023-07-03,173.07,,5,-0.6,,52.81,,238,2023-07-10,180.11,,5,-0.7,,54.97,,245
SELL,652,MOD,2023-07-18,37.34,1694.07,2023-07-11,33.01,27.96,31.63,7335.31,7303.68,13.06,5,rotation (out of top-N),2023-07-10,37.66,,5,-1,,61.22,,385,2023-07-17,36.64,,5,-0.7,,53.12,,392
SELL,653,AEHR,2023-07-18,51.92,1413.58,2023-07-11,39.56,27.96,36.7,17471.82,17435.12,31.18,5,rotation (out of top-N),2023-07-10,48.94,,5,-1,,62.68,,329,2023-07-17,48.39,,5,-0.8,,56.48,,336
SELL,654,HOV,2023-07-18,108.96,577.4,2023-07-11,96.85,27.96,31.46,6992.31,6960.85,12.45,5,rotation (out of top-N),2023-07-10,108.78,,5,-1,,67.86,,182,2023-07-17,99.37,,5,-0.5,,49.67,,189
SELL,655,W,2023-07-18,72.08,20.31,2023-07-11,65.32,0.66,0.73,137.23,136.49,10.29,5,equal-weight sizing trim,2023-07-10,69.46,,5,1.4,,64.91,,35,2023-07-17,71.06,,5,1.3,,64.54,,42
SELL,655,W,2023-08-01,76.41,19.89,2023-07-11,65.48,0.65,0.76,217.38,216.62,16.64,15,equal-weight sizing trim,2023-07-10,69.46,,5,1.4,,64.91,,35,2023-07-31,83.09,,5,1.1,,83.19,,56
SELL,655,W,2023-08-08,82.39,14.03,2023-07-11,65.48,0.46,0.58,237.26,236.68,25.76,20,equal-weight sizing trim,2023-07-10,69.46,,5,1.4,,64.91,,35,2023-08-07,74.99,,5,-0.0,,61.57,,63
SELL,655,W,2023-08-22,70.92,917.91,2023-07-11,66.68,30.6,32.55,3891.38,3858.84,6.31,30,rotation (out of top-N),2023-07-10,69.46,,5,1.4,,64.91,,35,2023-08-21,65.21,,5,0.9,,36.03,,77
SELL,656,COIN,2023-07-18,104.38,114.24,2023-07-11,80.89,4.62,5.96,2684.17,2678.21,28.98,5,equal-weight sizing trim,2023-07-10,105.42,5.8,5,-1.0,0.2,79.38,4.17,119,2023-07-17,100.84,6,5,-1,0.0,68.9,6.87,126
SELL,656,COIN,2023-07-25,99.51,577.12,2023-07-11,80.89,23.34,28.71,10748.89,10720.18,22.97,10,rotation (out of top-N),2023-07-10,105.42,5.8,5,-1.0,0.2,79.38,4.17,119,2023-07-24,94.73,5.8,5,-0.8,0.1,56.81,4.42,133
SELL,657,MSTR,2023-07-18,44.9,52.89,2023-07-11,40.1,1.06,1.19,253.89,252.71,11.91,5,equal-weight sizing trim,2023-07-10,45.78,,5,-1,,75.72,,154,2023-07-17,43.59,,5,-1,,63.76,,161
SELL,657,MSTR,2023-07-25,42.99,1341.65,2023-07-11,40.1,26.9,28.84,3877.36,3848.52,7.15,10,rotation (out of top-N),2023-07-10,45.78,,5,-1,,75.72,,154,2023-07-24,43.41,,5,-1,,60.05,,168
SELL,658,CAMT,2023-08-01,45.9,39.18,2023-07-18,43.73,0.86,0.9,85.14,84.24,4.92,10,equal-weight sizing trim,2023-07-17,43.56,,5,-1,,60.86,,154,2023-07-31,46.29,,5,-1,,63.9,,168
SELL,658,CAMT,2023-08-22,49.14,137.21,2023-07-18,43.96,3.02,3.37,710.87,707.5,11.73,25,equal-weight sizing trim,2023-07-17,43.56,,5,-1,,60.86,,154,2023-08-21,51.24,,5,-1,,70.49,,189
SELL,658,CAMT,2023-08-29,52.34,37.58,2023-07-18,43.96,0.83,0.98,314.99,314.01,19.01,30,equal-weight sizing trim,2023-07-17,43.56,,5,-1,,60.86,,154,2023-08-28,59.7,,5,-1,,92.83,,196
SELL,658,CAMT,2023-09-12,56.76,56.79,2023-07-18,43.96,1.25,1.61,726.9,725.29,29.06,39,equal-weight sizing trim,2023-07-17,43.56,,5,-1,,60.86,,154,2023-09-11,55.43,,5,-1,,70.01,,210
SELL,658,CAMT,2023-09-19,56.83,8.44,2023-07-18,43.96,0.19,0.24,108.63,108.39,29.21,44,equal-weight sizing trim,2023-07-17,43.56,,5,-1,,60.86,,154,2023-09-18,56.32,,5,-1,,68.33,,217
SELL,658,CAMT,2023-09-26,59.62,97.0,2023-07-18,43.96,2.13,2.89,1519.06,1516.17,35.56,49,equal-weight sizing trim,2023-07-17,43.56,,5,-1,,60.86,,154,2023-09-25,61.44,,5,-1,,78.31,,224
SELL,658,CAMT,2023-10-17,57.5,30.36,2023-07-18,45.23,0.69,0.87,372.62,371.75,27.07,64,equal-weight sizing trim,2023-07-17,43.56,,5,-1,,60.86,,154,2023-10-16,51.62,,5,0.0,,39.26,,245
SELL,658,CAMT,2023-10-24,51.81,1334.32,2023-07-18,45.23,30.17,34.57,8783.56,8749.0,14.5,69,ratchet-ATR exit,2023-07-17,43.56,,5,-1,,60.86,,154,2023-10-23,49.34,,5,0.4,,31.08,,252
SELL,659,XPO,2023-09-26,69.35,14.61,2023-07-18,67.2,0.49,0.51,31.42,30.91,3.15,49,equal-weight sizing trim,2023-07-17,65.83,,5,-0.5,,60.54,,91,2023-09-25,74.7,,5,-0.5,,49.08,,161
SELL,659,XPO,2023-10-03,73.87,37.43,2023-07-18,67.2,1.26,1.38,249.68,248.3,9.87,54,equal-weight sizing trim,2023-07-17,65.83,,5,-0.5,,60.54,,91,2023-10-02,77.11,,5,-0.5,,50.6,,168
SELL,659,XPO,2023-10-10,79.0,43.02,2023-07-18,67.2,1.45,1.7,507.7,506.0,17.5,59,equal-weight sizing trim,2023-07-17,65.83,,5,-0.5,,60.54,,91,2023-10-09,73.92,,5,-0.1,,41.76,,175
SELL,659,XPO,2023-10-24,72.42,1019.63,2023-07-18,67.53,34.43,36.92,4985.29,4948.37,7.19,69,ratchet-ATR exit,2023-07-17,65.83,,5,-0.5,,60.54,,91,2023-10-23,67.39,,5,0.7,,25.35,,189
SELL,660,RKLB,2023-07-25,7.54,8552.53,2023-07-18,7.04,30.1,32.26,4319.03,4286.77,7.12,5,rotation (out of top-N),2023-07-17,7.49,,5,1.3,,60.18,,42,2023-07-24,7.09,,5,1.7,,49.45,,49
SELL,661,BBIO,2023-07-25,33.24,45.8,2023-07-18,32.1,0.74,0.76,52.21,51.45,3.5,5,equal-weight sizing trim,2023-07-17,34.12,,5,-1,,164.28,,161,2023-07-24,34.47,,5,-1,,155.12,,168
SELL,661,BBIO,2023-08-08,30.97,1891.31,2023-07-18,32.16,30.41,29.29,-2255.1,-2284.38,-3.76,15,ratchet-ATR exit,2023-07-17,34.12,,5,-1,,164.28,,161,2023-08-07,31.05,,5,-1,,113.46,,182
SELL,662,CCL,2023-08-01,18.02,3473.73,2023-07-18,17.67,30.69,31.3,1226.41,1195.11,1.95,10,rotation (out of top-N),2023-07-17,17.68,4.8,5,-1,1.2,61.19,2.63,168,2023-07-31,17.0,3.6,5,-0.4,1.8,48.77,1.73,182
SELL,663,PKX,2023-07-25,121.21,164.29,2023-07-18,90.39,7.43,9.96,5063.46,5053.5,34.03,5,equal-weight sizing trim,2023-07-17,99.97,,5,-1,,64.16,,224,2023-07-24,114.33,,5,-1,,82.33,,231
SELL,663,PKX,2023-08-08,106.25,565.48,2023-07-18,93.02,26.3,30.04,7479.55,7449.51,14.16,15,ratchet-ATR exit,2023-07-17,99.97,,5,-1,,64.16,,224,2023-08-07,102.71,,5,-0.8,,55.99,,245
SELL,664,VICR,2023-08-01,90.51,1014.69,2023-07-25,59.91,30.4,45.92,31044.49,30998.57,50.99,5,rotation (out of top-N),2023-07-24,95.16,,5,1.5,,76.62,,28,2023-07-31,77.72,,5,2.3,,42.4,,35
SELL,665,WRLD,2023-08-01,155.36,402.27,2023-07-25,151.13,30.4,31.25,1701.61,1670.36,2.75,5,rotation (out of top-N),2023-07-24,156.51,,5,-0.4,,62.6,,84,2023-07-31,153.99,,5,-0.4,,56.85,,91
SELL,666,META,2023-08-01,314.8,207.53,2023-07-25,292.94,30.4,32.67,4536.71,4504.05,7.41,5,rotation (out of top-N),2023-07-24,322.74,4.7,5,-1,1.3,65.91,2.56,161,2023-07-31,308.26,3.9,5,-0.7,1.8,54.3,1.76,168
SELL,667,TQQQ,2023-08-01,21.65,2920.04,2023-07-25,20.82,30.4,31.61,2423.63,2392.02,3.93,5,rotation (out of top-N),2023-07-24,21.84,,5,-1.0,,64.68,,119,2023-07-31,19.88,,5,-0.4,,47.26,,126
SELL,668,CLS,2023-08-01,21.98,783.53,2023-07-25,16.38,6.42,8.61,4383.84,4375.23,34.09,5,equal-weight sizing trim,2023-07-24,20.68,,5,-1,,62.76,,238,2023-07-31,21.36,,5,-1,,64.84,,245
SELL,668,CLS,2023-08-29,22.47,125.28,2023-07-25,17.01,1.07,1.41,684.25,682.84,32.05,25,equal-weight sizing trim,2023-07-24,20.68,,5,-1,,62.76,,238,2023-08-28,23.5,,5,-1,,67.72,,273
SELL,668,CLS,2023-09-12,24.17,106.82,2023-07-25,17.01,0.91,1.29,765.0,763.71,42.04,34,equal-weight sizing trim,2023-07-24,20.68,,5,-1,,62.76,,238,2023-09-11,22.8,,5,-0.8,,56.06,,287
SELL,668,CLS,2023-09-19,22.89,3139.71,2023-07-25,17.01,26.7,35.93,18466.62,18430.69,34.51,39,ratchet-ATR exit,2023-07-24,20.68,,5,-1,,62.76,,238,2023-09-18,22.52,,5,-0.6,,51.17,,294
SELL,669,ODC,2023-08-01,30.41,2008.43,2023-07-25,30.27,30.4,30.54,281.18,250.64,0.41,5,rotation (out of top-N),2023-07-24,30.45,,5,-1,,60.1,,259,2023-07-31,30.3,,5,-0.8,,55.97,,266
SELL,670,MSTR,2023-08-01,42.82,1414.17,2023-07-25,42.99,30.4,30.28,-240.41,-270.69,-0.45,5,rotation (out of top-N),2023-07-24,43.41,,5,-1,,60.05,,168,2023-07-31,37.71,,5,0.1,,37.79,,175
SELL,671,MOD,2023-08-08,43.78,164.46,2023-08-01,37.33,3.07,3.6,1060.76,1057.16,17.22,5,equal-weight sizing trim,2023-07-31,44.52,,5,-1,,77.26,,406,2023-08-07,46.23,,5,-1,,79.57,,413
SELL,671,MOD,2023-08-15,46.11,11.47,2023-08-01,37.33,0.21,0.26,100.72,100.46,23.46,10,equal-weight sizing trim,2023-07-31,44.52,,5,-1,,77.26,,406,2023-08-14,41.27,,5,-0.9,,57.2,,420
SELL,671,MOD,2023-08-29,46.32,58.88,2023-08-01,37.63,1.11,1.36,511.44,510.08,23.02,20,equal-weight sizing trim,2023-07-31,44.52,,5,-1,,77.26,,406,2023-08-28,48.98,,5,-1,,77.86,,434
SELL,671,MOD,2023-09-26,45.49,78.16,2023-08-01,38.18,1.49,1.78,571.96,570.18,19.11,39,equal-weight sizing trim,2023-07-31,44.52,,5,-1,,77.26,,406,2023-09-25,45.76,,5,-0.6,,52.2,,462
SELL,671,MOD,2023-10-10,48.93,87.2,2023-08-01,38.4,1.67,2.13,918.05,915.92,27.35,49,equal-weight sizing trim,2023-07-31,44.52,,5,-1,,77.26,,406,2023-10-09,44.83,,5,-0.1,,42.95,,476
SELL,671,MOD,2023-10-17,47.5,1579.51,2023-08-01,38.4,30.33,37.51,14370.18,14332.66,23.63,54,rotation (out of top-N),2023-07-31,44.52,,5,-1,,77.26,,406,2023-10-16,40.73,,5,0.6,,28.07,,483
SELL,672,ELF,2023-08-08,130.89,32.49,2023-08-01,116.14,1.89,2.13,479.07,476.94,12.64,5,equal-weight sizing trim,2023-07-31,128.08,,5,-1.0,,59.16,,385,2023-08-07,132.38,,5,-1,,60.34,,392
SELL,672,ELF,2023-08-15,133.99,521.22,2023-08-01,116.14,30.27,34.92,9301.25,9266.33,15.31,10,rotation (out of top-N),2023-07-31,128.08,,5,-1.0,,59.16,,385,2023-08-14,118.03,,5,-0.0,,40.05,,399
SELL,673,POWL,2023-08-08,26.39,595.39,2023-08-01,20.22,6.02,7.86,3673.54,3665.68,30.45,5,equal-weight sizing trim,2023-07-31,26.83,,5,-1,,80.81,,273,2023-08-07,26.4,,5,-1,,72.64,,280
SELL,673,POWL,2023-08-29,27.65,76.29,2023-08-01,20.51,0.78,1.05,544.45,543.4,34.73,20,equal-weight sizing trim,2023-07-31,26.83,,5,-1,,80.81,,273,2023-08-28,27.87,,5,-1,,67.24,,301
SELL,673,POWL,2023-09-26,26.24,2870.69,2023-08-01,21.03,30.19,37.66,14951.24,14913.58,24.7,39,ratchet-ATR exit,2023-07-31,26.83,,5,-1,,80.81,,273,2023-09-25,27.23,,5,-0.5,,49.51,,329
SELL,674,IRON,2023-08-15,52.01,41.51,2023-08-01,49.3,1.02,1.08,112.17,111.09,5.43,10,equal-weight sizing trim,2023-07-31,48.08,,5,-1,,68.39,,294,2023-08-14,51.77,,5,-1,,70.64,,308
SELL,674,IRON,2023-08-22,53.38,53.72,2023-08-01,49.3,1.32,1.43,218.77,217.34,8.21,15,equal-weight sizing trim,2023-07-31,48.08,,5,-1,,68.39,,294,2023-08-21,55.24,,5,-1,,76.53,,315
SELL,674,IRON,2023-09-26,48.0,1433.7,2023-08-01,49.65,35.59,34.41,-2370.0,-2404.41,-3.38,39,rotation (out of top-N),2023-07-31,48.08,,5,-1,,68.39,,294,2023-09-25,46.86,,5,0.4,,31.84,,350
SELL,675,BLDR,2023-08-15,152.05,451.37,2023-08-01,144.39,32.59,34.32,3459.15,3424.84,5.26,10,rotation (out of top-N),2023-07-31,149.86,3.8,5,-0.9,2.2,58.88,1.22,231,2023-08-14,134.15,2.8,5,0.2,2.1,36.46,1.42,245
SELL,676,LMB,2023-08-15,32.6,395.24,2023-08-01,26.99,5.33,6.44,2219.07,2212.63,20.74,10,equal-weight sizing trim,2023-07-31,27.04,,5,-1,,63.08,,301,2023-08-14,32.76,,5,-1,,84.3,,315
SELL,676,LMB,2023-08-22,34.66,158.56,2023-08-01,26.99,2.14,2.75,1216.84,1214.09,28.37,15,equal-weight sizing trim,2023-07-31,27.04,,5,-1,,63.08,,301,2023-08-21,33.42,,5,-1,,81.89,,322
SELL,676,LMB,2023-09-19,31.09,2176.23,2023-08-01,27.52,29.95,33.83,7768.25,7734.42,12.91,34,ratchet-ATR exit,2023-07-31,27.04,,5,-1,,63.08,,301,2023-09-18,29.5,,5,-0.2,,43.34,,350
SELL,677,VRT,2023-08-08,35.42,604.82,2023-08-01,25.41,7.68,10.71,6054.28,6043.57,39.32,5,equal-weight sizing trim,2023-07-31,35.55,4.5,5,-1,1.5,108.99,2.28,273,2023-08-07,33.4,5.3,5,-1,0.7,90.95,3.48,280
SELL,677,VRT,2023-08-22,35.35,98.78,2023-08-01,26.09,1.29,1.75,914.78,913.03,35.43,15,equal-weight sizing trim,2023-07-31,35.55,4.5,5,-1,1.5,108.99,2.28,273,2023-08-21,37.37,4.7,5,-1,1.3,101.52,2.59,294
SELL,677,VRT,2023-08-29,37.58,48.53,2023-08-01,26.09,0.63,0.91,557.69,556.78,43.97,20,equal-weight sizing trim,2023-07-31,35.55,4.5,5,-1,1.5,108.99,2.28,273,2023-08-28,39.74,5.2,5,-1,0.8,107.03,3.25,301
SELL,677,VRT,2023-10-03,37.79,26.27,2023-08-01,26.54,0.35,0.5,295.52,295.02,42.32,44,equal-weight sizing trim,2023-07-31,35.55,4.5,5,-1,1.5,108.99,2.28,273,2023-10-02,39.64,5.2,5,-1,0.8,78.13,3.24,336
SELL,677,VRT,2023-10-10,40.94,108.65,2023-08-01,26.54,1.44,2.22,1564.73,1562.5,54.19,49,equal-weight sizing trim,2023-07-31,35.55,4.5,5,-1,1.5,108.99,2.28,273,2023-10-09,38.95,5.1,5,-1,0.9,70.27,3.22,343
SELL,677,VRT,2023-12-12,47.35,59.53,2023-08-01,29.58,0.88,1.41,1057.78,1056.37,59.99,93,equal-weight sizing trim,2023-07-31,35.55,4.5,5,-1,1.5,108.99,2.28,273,2023-12-11,47.58,4.7,5,-1,1.3,64.05,2.57,406
SELL,677,VRT,2024-01-23,53.24,60.92,2023-08-01,32.17,0.98,1.62,1283.42,1281.79,65.39,120,equal-weight sizing trim,2023-07-31,35.55,4.5,5,-1,1.5,108.99,2.28,273,2024-01-22,53.33,4.9,5,-0.7,0.8,54.38,3.3,448
SELL,677,VRT,2024-01-30,55.91,37.54,2023-08-01,32.17,0.6,1.05,890.98,889.93,73.68,125,equal-weight sizing trim,2023-07-31,35.55,4.5,5,-1,1.5,108.99,2.28,273,2024-01-29,61.3,4.5,5,-1,1.5,71.68,2.28,455
SELL,677,VRT,2024-02-06,61.75,83.98,2023-08-01,32.17,1.35,2.59,2483.68,2481.09,91.83,130,equal-weight sizing trim,2023-07-31,35.55,4.5,5,-1,1.5,108.99,2.28,273,2024-02-05,63.35,4.9,5,-1,1.1,71.6,2.92,462
SELL,677,VRT,2024-02-27,66.91,32.12,2023-08-01,34.5,0.55,1.07,1041.09,1040.01,93.87,144,equal-weight sizing trim,2023-07-31,35.55,4.5,5,-1,1.5,108.99,2.28,273,2024-02-26,70.37,5.1,5,-1,0.9,73.52,3.13,483
SELL,677,VRT,2024-03-19,74.7,153.23,2023-08-01,38.93,2.98,5.72,5481.46,5475.73,91.81,159,equal-weight sizing trim,2023-07-31,35.55,4.5,5,-1,1.5,108.99,2.28,273,2024-03-18,82.3,5.5,5,-1,0.5,84.5,3.82,504
SELL,677,VRT,2024-04-30,93.83,354.52,2023-08-01,42.28,7.5,16.63,18274.72,18258.08,121.8,188,equal-weight sizing trim,2023-07-31,35.55,4.5,5,-1,1.5,108.99,2.28,273,2024-04-29,92.78,5.1,5,-1,0.9,73.03,3.1,546
SELL,677,VRT,2024-06-04,93.68,3297.4,2023-08-01,49.58,81.75,154.45,145405.78,145251.33,88.84,212,rotation (out of top-N),2023-07-31,35.55,4.5,5,-1,1.5,108.99,2.28,273,2024-06-03,87.49,5.1,5,-0.1,0.0,42.96,5.02,581
SELL,678,COOK,2023-08-08,278.25,295.01,2023-08-01,218.0,32.16,41.04,17774.08,17733.04,27.57,5,rotation (out of top-N),2023-07-31,297.75,,5,-1,,61.94,,161,2023-08-07,266.5,,5,-0.2,,43.73,,168
SELL,679,STRL,2023-08-15,80.69,128.42,2023-08-08,67.36,4.33,5.18,1712.52,1707.34,19.74,5,equal-weight sizing trim,2023-08-07,80.77,,5,-1,,91.08,,280,2023-08-14,77.03,,5,-1,,77.52,,287
SELL,679,STRL,2023-09-19,75.35,982.32,2023-08-08,68.41,33.6,37.01,6815.9,6778.89,10.09,29,ratchet-ATR exit,2023-08-07,80.77,,5,-1,,91.08,,280,2023-09-18,71.75,,5,-0.3,,46.28,,322
SELL,680,IESC,2023-08-15,70.55,43.77,2023-08-08,64.64,1.41,1.54,258.22,256.67,9.07,5,equal-weight sizing trim,2023-08-07,70.17,,5,-0.9,,57.09,,231,2023-08-14,71.26,,5,-0.8,,56.34,,238
SELL,680,IESC,2023-08-22,70.98,20.12,2023-08-08,64.64,0.65,0.71,127.48,126.77,9.74,10,equal-weight sizing trim,2023-08-07,70.17,,5,-0.9,,57.09,,231,2023-08-21,72.47,,5,-0.8,,55.66,,245
SELL,680,IESC,2023-08-29,74.04,5.66,2023-08-08,64.64,0.18,0.21,53.18,52.97,14.48,15,equal-weight sizing trim,2023-08-07,70.17,,5,-0.9,,57.09,,231,2023-08-28,76.36,,5,-1,,60.3,,252
SELL,680,IESC,2023-09-12,71.67,985.27,2023-08-08,64.64,31.85,35.3,6916.61,6881.31,10.8,24,rotation (out of top-N),2023-08-07,70.17,,5,-0.9,,57.09,,231,2023-09-11,67.0,,5,0.2,,35.51,,266
SELL,681,ODC,2023-08-15,32.14,15.04,2023-08-08,30.52,0.23,0.24,24.37,24.13,5.26,5,equal-weight sizing trim,2023-08-07,30.79,,5,-0.8,,55.08,,273,2023-08-14,31.95,,5,-0.9,,57.49,,280
SELL,681,ODC,2023-08-22,32.3,41.6,2023-08-08,30.52,0.63,0.67,74.05,73.37,5.78,10,equal-weight sizing trim,2023-08-07,30.79,,5,-0.8,,55.08,,273,2023-08-21,32.42,,5,-0.8,,56.42,,287
SELL,681,ODC,2023-09-12,29.3,2275.36,2023-08-08,30.59,34.8,33.33,-2926.49,-2959.82,-4.25,24,rotation (out of top-N),2023-08-07,30.79,,5,-0.8,,55.08,,273,2023-09-11,30.82,,5,-0.0,,40.67,,308
SELL,682,MHO,2023-08-15,98.5,694.32,2023-08-08,98.21,34.09,34.2,204.82,170.63,0.25,5,rotation (out of top-N),2023-08-07,97.37,,5,-0.5,,49.59,,238,2023-08-14,94.11,,5,-0.1,,41.94,,245
SELL,683,HUT,2023-08-15,14.08,4315.76,2023-08-08,15.8,34.09,30.38,-7423.1,-7453.49,-10.93,5,rotation (out of top-N),2023-08-07,14.8,,5,-0.1,,49.02,,98,2023-08-14,12.02,,3.96,1.3,,19.79,,105
SELL,684,DBD,2023-08-22,20.12,161.89,2023-08-15,19.49,1.58,1.63,101.99,100.36,3.18,5,equal-weight sizing trim,2023-08-14,20.19,,5,1.2,,746.0,,49,2023-08-21,20.0,,5,1.1,,606.55,,56
SELL,684,DBD,2023-09-12,17.84,3656.54,2023-08-15,19.51,35.67,32.63,-6088.92,-6121.55,-8.58,19,ratchet-ATR exit,2023-08-14,20.19,,5,1.2,,746.0,,49,2023-09-11,18.86,,5,-0.3,,364.41,,77
SELL,685,BBIO,2023-09-12,28.34,2492.7,2023-08-15,31.02,38.66,35.33,-6672.92,-6708.25,-8.67,19,ratchet-ATR exit,2023-08-14,28.72,,5,-1,,91.69,,189,2023-09-11,29.14,,5,-1,,71.25,,217
SELL,686,NVDA,2023-08-22,48.08,137.66,2023-08-15,44.54,3.07,3.31,487.33,484.02,7.89,5,equal-weight sizing trim,2023-08-14,43.25,4.4,5,-0.6,1.2,51.2,2.75,210,2023-08-21,45.97,4.5,5,-0.8,1.3,56.53,2.49,217
SELL,686,NVDA,2023-09-12,44.7,1563.38,2023-08-15,44.68,34.92,34.94,37.14,2.19,0.0,19,rotation (out of top-N),2023-08-14,43.25,4.4,5,-0.6,1.2,51.2,2.75,210,2023-09-11,43.85,3.5,5,0.1,1.5,38.94,2.31,238
SELL,687,ANF,2023-08-29,50.02,278.15,2023-08-15,41.16,5.72,6.96,2462.11,2455.16,21.44,10,equal-weight sizing trim,2023-08-14,43.17,,5,-0.4,,48.31,,224,2023-08-28,54.48,,5,-1,,77.7,,238
SELL,687,ANF,2023-09-12,53.21,32.38,2023-08-15,41.16,0.67,0.86,390.04,389.18,29.2,19,equal-weight sizing trim,2023-08-14,43.17,,5,-0.4,,48.31,,224,2023-09-11,52.38,,5,-1,,63.15,,252
SELL,687,ANF,2023-09-26,51.23,52.82,2023-08-15,41.55,1.1,1.35,511.54,510.19,23.24,29,equal-weight sizing trim,2023-08-14,43.17,,5,-0.4,,48.31,,224,2023-09-25,56.4,,5,-1,,67.45,,266
SELL,687,ANF,2023-10-03,58.02,132.88,2023-08-15,41.55,2.76,3.86,2189.01,2185.16,39.58,34,equal-weight sizing trim,2023-08-14,43.17,,5,-0.4,,48.31,,224,2023-10-02,54.99,,5,-1.0,,59.47,,273
SELL,687,ANF,2023-10-17,62.68,130.38,2023-08-15,42.17,2.75,4.09,2673.9,2669.82,48.56,44,equal-weight sizing trim,2023-08-14,43.17,,5,-0.4,,48.31,,224,2023-10-16,60.94,,5,-1,,68.4,,287
SELL,687,ANF,2023-11-07,66.45,37.08,2023-08-15,42.8,0.79,1.23,877.0,875.77,55.2,59,equal-weight sizing trim,2023-08-14,43.17,,5,-0.4,,48.31,,224,2023-11-06,66.94,,5,-1,,72.36,,308
SELL,687,ANF,2023-11-28,76.25,73.27,2023-08-15,44.9,1.65,2.79,2296.96,2294.17,69.73,73,equal-weight sizing trim,2023-08-14,43.17,,5,-0.4,,48.31,,224,2023-11-27,77.91,,5,-1,,84.67,,329
SELL,687,ANF,2023-12-12,81.77,43.32,2023-08-15,47.31,1.02,1.77,1492.59,1490.82,72.75,83,equal-weight sizing trim,2023-08-14,43.17,,5,-0.4,,48.31,,224,2023-12-11,84.19,,5,-1,,87.65,,343
SELL,687,ANF,2024-01-09,96.67,65.81,2023-08-15,49.15,1.62,3.18,3126.99,3123.81,96.57,101,equal-weight sizing trim,2023-08-14,43.17,,5,-0.4,,48.31,,224,2024-01-08,96.8,,5,-1,,88.11,,371
SELL,687,ANF,2024-01-23,105.32,7.68,2023-08-15,49.15,0.19,0.4,431.44,431.04,114.16,110,equal-weight sizing trim,2023-08-14,43.17,,5,-0.4,,48.31,,224,2024-01-22,103.81,,5,-1,,87.61,,385
SELL,687,ANF,2024-02-13,110.37,4.25,2023-08-15,54.3,0.12,0.23,238.28,238.05,103.15,125,equal-weight sizing trim,2023-08-14,43.17,,5,-0.4,,48.31,,224,2024-02-12,120.92,,5,-1,,94.76,,406
SELL,687,ANF,2024-02-27,126.72,24.27,2023-08-15,54.3,0.66,1.54,1757.71,1756.17,133.24,134,equal-weight sizing trim,2023-08-14,43.17,,5,-0.4,,48.31,,224,2024-02-26,131.29,,5,-1,,95.6,,420
SELL,687,ANF,2024-03-12,116.87,1529.62,2023-08-15,59.89,45.8,89.38,87162.74,87073.36,95.05,144,ratchet-ATR exit,2023-08-14,43.17,,5,-0.4,,48.31,,224,2024-03-11,125.96,,5,-1,,75.95,,434
SELL,688,PKX,2023-08-29,103.89,710.61,2023-08-15,101.94,36.22,36.91,1385.14,1348.23,1.86,10,rotation (out of top-N),2023-08-14,97.05,,5,-0.2,,44.85,,252,2023-08-28,101.44,,5,-0.3,,45.79,,266
SELL,689,MHO,2023-08-22,94.09,723.71,2023-08-15,98.5,35.64,34.05,-3195.19,-3229.24,-4.53,5,rotation (out of top-N),2023-08-14,94.11,,5,-0.1,,41.94,,245,2023-08-21,90.35,,5,0.3,,33.89,,252
SELL,690,ELF,2023-08-22,120.5,532.05,2023-08-15,133.99,35.64,32.06,-7174.69,-7206.75,-10.11,5,rotation (out of top-N),2023-08-14,118.03,,5,-0.0,,40.05,,399,2023-08-21,120.76,,5,-0.0,,40.54,,406
SELL,691,ANIP,2023-08-29,63.18,1144.51,2023-08-22,61.42,35.15,36.15,2008.61,1972.45,2.81,5,rotation (out of top-N),2023-08-21,63.91,,5,-0.0,,40.77,,350,2023-08-28,64.61,,5,-0.0,,40.52,,357
SELL,692,ROOT,2023-08-29,10.87,1078.52,2023-08-22,9.03,4.87,5.86,1989.88,1984.01,20.38,5,equal-weight sizing trim,2023-08-21,10.69,,5,-0.0,,68.04,,63,2023-08-28,11.84,,5,-0.2,,82.93,,70
SELL,692,ROOT,2023-09-12,11.48,100.74,2023-08-22,9.03,0.45,0.58,247.31,246.73,27.14,14,equal-weight sizing trim,2023-08-21,10.69,,5,-0.0,,68.04,,63,2023-09-11,10.52,,5,-0.3,,57.31,,84
SELL,692,ROOT,2023-09-19,10.37,6610.35,2023-08-22,9.03,29.83,34.27,8890.92,8856.65,14.85,19,ratchet-ATR exit,2023-08-21,10.69,,5,-0.0,,68.04,,63,2023-09-18,10.24,,5,-0.0,,50.25,,91
SELL,693,SMCI,2023-09-12,27.02,82.75,2023-08-22,25.81,1.07,1.12,99.87,98.75,4.62,14,equal-weight sizing trim,2023-08-21,25.39,5.3,5,-1,0.7,63.04,3.43,490,2023-09-11,24.95,4.6,5,-0.4,0.7,47.26,3.41,511
SELL,693,SMCI,2023-09-19,24.87,2808.54,2023-08-22,25.81,36.25,34.92,-2648.96,-2683.88,-3.7,19,rotation (out of top-N),2023-08-21,25.39,5.3,5,-1,0.7,63.04,3.43,490,2023-09-18,23.58,4.1,5,0.2,0.7,36.06,3.4,518
SELL,694,ELF,2023-08-29,125.68,2.95,2023-08-22,120.51,0.18,0.19,15.27,15.08,4.24,5,equal-weight sizing trim,2023-08-21,120.76,,5,-0.0,,40.54,,406,2023-08-28,136.98,,5,-0.8,,55.73,,413
SELL,694,ELF,2023-09-12,135.46,580.44,2023-08-22,120.5,34.97,39.31,8680.46,8641.15,12.35,14,rotation (out of top-N),2023-08-21,120.76,,5,-0.0,,40.54,,406,2023-09-11,125.82,,5,0.1,,37.08,,427
SELL,695,PARR,2023-08-29,35.79,2010.04,2023-08-22,34.98,35.15,35.97,1638.19,1602.22,2.28,5,rotation (out of top-N),2023-08-21,36.51,,5,2.1,,39.65,,56,2023-08-28,35.64,,5,1.2,,34.86,,63
SELL,696,SKYW,2023-09-26,42.09,1793.77,2023-08-29,41.85,37.54,37.75,423.67,385.92,0.51,19,rotation (out of top-N),2023-08-28,44.38,,5,-1.0,,59.49,,154,2023-09-25,41.96,,5,0.1,,38.28,,182
SELL,697,HOV,2023-09-12,121.6,758.21,2023-08-29,96.16,36.46,46.1,19285.02,19238.92,26.39,9,rotation (out of top-N),2023-08-28,126.05,,5,-1,,65.92,,231,2023-09-11,111.72,,5,-0.0,,40.43,,245
SELL,698,ACMR,2023-09-12,18.27,4793.76,2023-08-29,15.21,36.46,43.79,14668.9,14625.11,20.06,9,rotation (out of top-N),2023-08-28,18.43,,5,-0.3,,61.85,,77,2023-09-11,15.5,,5,0.9,,31.36,,91
SELL,699,AFRM,2023-09-12,23.32,765.31,2023-08-29,18.14,6.94,8.92,3964.31,3955.39,28.49,9,equal-weight sizing trim,2023-08-28,21.85,,5,-0.3,,61.1,,77,2023-09-11,24.39,,5,-0.5,,73.15,,91
SELL,699,AFRM,2023-09-19,25.01,235.33,2023-08-29,18.14,2.13,2.94,1616.71,1613.77,37.8,14,equal-weight sizing trim,2023-08-28,21.85,,5,-0.3,,61.1,,77,2023-09-18,20.18,,5,0.3,,40.78,,98
SELL,699,AFRM,2023-09-26,19.82,3018.82,2023-08-29,18.14,27.38,29.92,5071.62,5041.71,9.21,19,ratchet-ATR exit,2023-08-28,21.85,,5,-0.3,,61.1,,77,2023-09-25,21.27,,5,-0.0,,45.28,,105
SELL,700,WFRD,2023-09-19,96.45,802.55,2023-09-12,94.51,37.92,38.7,1556.94,1518.24,2.0,5,rotation (out of top-N),2023-09-11,94.71,,5,-0.3,,46.53,,336,2023-09-18,88.71,,5,0.3,,34.92,,343
SELL,701,DELL,2023-09-26,66.73,34.16,2023-09-12,68.27,1.17,1.14,-52.7,-53.84,-2.31,10,equal-weight sizing trim,2023-09-11,66.16,3.6,5,-0.4,1.8,47.89,1.75,154,2023-09-25,65.8,3.3,5,-0.1,1.8,42.34,1.77,168
SELL,701,DELL,2023-10-03,65.64,1100.32,2023-09-12,68.27,37.56,36.11,-2896.68,-2932.79,-3.9,15,rotation (out of top-N),2023-09-11,66.16,3.6,5,-0.4,1.8,47.89,1.75,154,2023-10-02,63.38,2.8,5,0.2,2.0,35.21,1.49,175
SELL,702,AMR,2023-09-19,248.67,47.89,2023-09-12,215.78,5.17,5.95,1575.17,1569.21,15.18,5,equal-weight sizing trim,2023-09-11,245.98,,5,0.2,,50.18,,77,2023-09-18,234.6,,5,0.5,,41.27,,84
SELL,702,AMR,2023-09-26,249.46,9.29,2023-09-12,215.78,1.0,1.16,312.72,311.56,15.55,10,equal-weight sizing trim,2023-09-11,245.98,,5,0.2,,50.18,,77,2023-09-25,258.98,,5,-0.2,,53.41,,91
SELL,702,AMR,2023-10-10,250.39,303.05,2023-09-12,216.73,32.84,37.94,10199.42,10161.48,15.47,20,rotation (out of top-N),2023-09-11,245.98,,5,0.2,,50.18,,77,2023-10-09,223.04,,5,0.8,,28.84,,105
SELL,703,CNR,2023-09-19,98.3,50.86,2023-09-12,92.62,2.36,2.5,288.89,286.39,6.08,5,equal-weight sizing trim,2023-09-11,96.66,,5,-0.1,,51.4,,91,2023-09-18,92.89,,5,0.2,,43.96,,98
SELL,703,CNR,2023-10-03,98.77,5.32,2023-09-12,92.62,0.25,0.26,32.69,32.43,6.58,15,equal-weight sizing trim,2023-09-11,96.66,,5,-0.1,,51.4,,91,2023-10-02,100.93,,5,-0.5,,52.07,,112
SELL,703,CNR,2023-10-10,107.44,44.51,2023-09-12,92.62,2.06,2.39,659.44,657.05,15.94,20,equal-weight sizing trim,2023-09-11,96.66,,5,-0.1,,51.4,,91,2023-10-09,106.11,,5,-0.8,,56.97,,119
SELL,703,CNR,2023-10-17,108.24,10.51,2023-09-12,92.62,0.49,0.57,164.1,163.53,16.8,25,equal-weight sizing trim,2023-09-11,96.66,,5,-0.1,,51.4,,91,2023-10-16,102.38,,5,-0.4,,48.94,,126
SELL,703,CNR,2023-10-31,90.65,716.12,2023-09-12,92.74,33.21,32.46,-1499.7,-1532.15,-2.31,35,ratchet-ATR exit,2023-09-11,96.66,,5,-0.1,,51.4,,91,2023-10-30,96.59,,5,0.2,,36.29,,140
SELL,704,CMPR,2023-09-19,69.63,90.0,2023-09-12,64.59,2.91,3.13,453.6,450.46,7.75,5,equal-weight sizing trim,2023-09-11,69.03,,5,-0.3,,46.06,,210,2023-09-18,72.04,,5,-0.4,,48.67,,217
SELL,704,CMPR,2023-09-26,71.17,52.64,2023-09-12,64.59,1.7,1.87,346.36,344.48,10.13,10,equal-weight sizing trim,2023-09-11,69.03,,5,-0.3,,46.06,,210,2023-09-25,69.72,,5,-0.0,,40.78,,224
SELL,704,CMPR,2023-10-03,67.72,1031.68,2023-09-12,64.59,33.32,34.93,3229.15,3194.21,4.79,15,rotation (out of top-N),2023-09-11,69.03,,5,-0.3,,46.06,,210,2023-10-02,67.67,,5,0.3,,33.94,,231
SELL,705,LEU,2023-09-19,52.53,59.63,2023-09-12,50.67,1.51,1.57,110.91,109.35,3.62,5,equal-weight sizing trim,2023-09-11,53.15,,5,2.1,,46.14,,35,2023-09-18,54.19,,5,2.0,,46.88,,42
SELL,705,LEU,2023-09-26,59.79,209.25,2023-09-12,50.67,5.3,6.26,1908.37,1902.11,17.94,10,equal-weight sizing trim,2023-09-11,53.15,,5,2.1,,46.14,,35,2023-09-25,56.72,,5,1.6,,51.15,,49
SELL,705,LEU,2023-10-03,52.77,1228.04,2023-09-12,50.67,31.11,32.4,2578.88,2546.48,4.09,15,ratchet-ATR exit,2023-09-11,53.15,,5,2.1,,46.14,,35,2023-10-02,54.99,,5,1.8,,44.39,,56
SELL,706,PKX,2023-09-19,105.68,777.62,2023-09-12,97.54,37.92,41.09,6329.81,6288.72,8.29,5,rotation (out of top-N),2023-09-11,102.77,,5,-0.1,,42.48,,280,2023-09-18,100.69,,5,0.1,,37.17,,287
SELL,707,SYRE,2023-09-19,12.69,5337.71,2023-09-12,14.21,37.92,33.87,-8113.32,-8147.19,-10.74,5,rotation (out of top-N),2023-09-11,13.85,,5,2.3,,41.36,,35,2023-09-18,11.91,,4.17,3.3,,20.86,,42
SELL,708,ODC,2023-09-19,30.42,2588.7,2023-09-12,29.3,37.92,39.37,2899.34,2859.97,3.77,5,rotation (out of top-N),2023-09-11,30.82,,5,-0.0,,40.67,,308,2023-09-18,30.32,,5,0.2,,36.04,,315
SELL,709,DBD,2023-09-26,18.66,37.92,2023-09-19,18.99,0.36,0.35,-12.7,-13.06,-1.81,5,equal-weight sizing trim,2023-09-18,18.97,,5,-0.4,,322.32,,84,2023-09-25,18.92,,5,-0.5,,283.61,,91
SELL,709,DBD,2023-10-10,18.28,4129.35,2023-09-19,18.96,39.14,37.74,-2792.56,-2830.3,-3.62,15,ratchet-ATR exit,2023-09-18,18.97,,5,-0.4,,322.32,,84,2023-10-09,18.89,,5,-0.8,,226.91,,105
SELL,710,GSHD,2023-09-26,71.82,1102.45,2023-09-19,68.45,37.73,39.59,3715.27,3675.68,4.87,5,rotation (out of top-N),2023-09-18,72.37,,5,0.0,,39.65,,189,2023-09-25,70.56,,5,0.3,,33.94,,196
SELL,711,AAOI,2023-10-03,11.03,824.32,2023-09-19,9.96,4.1,4.55,885.61,881.06,10.74,10,equal-weight sizing trim,2023-09-18,9.58,,5,-0.6,,94.4,,98,2023-10-02,9.05,,5,-0.9,,69.8,,112
SELL,711,AAOI,2023-10-10,7.79,6839.97,2023-09-19,9.96,34.05,26.64,-14813.01,-14839.65,-21.79,15,ratchet-ATR exit,2023-09-18,9.58,,5,-0.6,,94.4,,98,2023-10-09,7.54,,5,0.1,,37.74,,119
SELL,712,BBIO,2023-10-03,25.19,2698.41,2023-09-19,28.51,38.47,33.99,-8967.45,-9001.44,-11.7,10,ratchet-ATR exit,2023-09-18,27.27,,5,-0.8,,56.13,,224,2023-10-02,25.27,,5,0.1,,37.57,,238
SELL,713,NRP,2023-09-26,68.78,42.71,2023-09-19,67.97,1.45,1.47,34.6,33.13,1.14,5,equal-weight sizing trim,2023-09-18,68.2,,5,-0.1,,41.28,,999,2023-09-25,69.81,,5,-0.1,,42.44,,999
SELL,713,NRP,2023-10-03,66.54,1067.53,2023-09-19,67.97,36.28,35.52,-1526.56,-1562.08,-2.15,10,rotation (out of top-N),2023-09-18,68.2,,5,-0.1,,41.28,,999,2023-10-02,67.12,,5,0.2,,35.33,,999
SELL,714,PKX,2023-09-26,94.39,714.07,2023-09-19,105.68,37.73,33.7,-8061.86,-8095.56,-10.73,5,rotation (out of top-N),2023-09-18,100.69,,5,0.1,,37.17,,287,2023-09-25,97.16,,5,0.5,,30.36,,294
SELL,715,CRS,2023-09-26,68.28,1125.81,2023-09-19,67.03,37.73,38.44,1407.26,1368.83,1.81,5,rotation (out of top-N),2023-09-18,67.99,,5,0.2,,36.87,,322,2023-09-25,66.07,,5,0.4,,31.07,,329
SELL,716,FTI,2023-09-26,20.57,3602.05,2023-09-19,20.95,37.73,37.05,-1368.78,-1405.83,-1.86,5,rotation (out of top-N),2023-09-18,20.48,,5,0.2,,36.26,,413,2023-09-25,20.0,,5,0.4,,31.29,,420
SELL,717,SMCI,2023-09-26,24.65,55.62,2023-09-19,24.87,0.69,0.69,-12.24,-12.92,-0.93,5,equal-weight sizing trim,2023-09-18,23.58,4.1,5,0.2,0.7,36.06,3.4,518,2023-09-25,27.39,4.7,5,-0.7,1.0,53.8,3.02,525
SELL,717,SMCI,2023-10-03,28.73,352.68,2023-09-19,24.87,4.39,5.07,1361.34,1356.27,15.46,10,equal-weight sizing trim,2023-09-18,23.58,4.1,5,0.2,0.7,36.06,3.4,518,2023-10-02,28.97,5.2,5,-0.9,0.7,58.06,3.4,532
SELL,717,SMCI,2023-10-10,29.5,6.15,2023-09-19,24.87,0.08,0.09,28.49,28.4,18.56,15,equal-weight sizing trim,2023-09-18,23.58,4.1,5,0.2,0.7,36.06,3.4,518,2023-10-09,28.51,4.7,5,-0.6,0.9,51.41,3.18,539
SELL,717,SMCI,2023-10-24,26.01,2743.0,2023-09-19,25.01,34.3,35.67,2745.24,2709.57,3.95,25,rotation (out of top-N),2023-09-18,23.58,4.1,5,0.2,0.7,36.06,3.4,518,2023-10-23,24.14,3.8,4.54,0.9,1.1,22.7,3.93,553
SELL,718,STRL,2023-10-10,74.62,10.08,2023-09-26,71.53,0.36,0.38,31.14,30.76,4.27,10,equal-weight sizing trim,2023-09-25,73.44,,5,-0.3,,46.69,,329,2023-10-09,71.97,,5,0.1,,37.97,,343
SELL,718,STRL,2023-10-24,72.29,15.51,2023-09-26,71.55,0.55,0.56,11.44,10.88,0.98,20,equal-weight sizing trim,2023-09-25,73.44,,5,-0.3,,46.69,,329,2023-10-23,70.81,,5,0.4,,31.04,,357
SELL,718,STRL,2023-11-07,67.0,1046.44,2023-09-26,71.56,37.44,35.06,-4770.9,-4805.96,-6.42,30,rotation (out of top-N),2023-09-25,73.44,,5,-0.3,,46.69,,329,2023-11-06,66.48,,3.82,1.0,,19.11,,371
SELL,719,ACMR,2023-10-03,18.31,289.9,2023-09-26,16.64,2.41,2.65,484.13,481.47,9.98,5,equal-weight sizing trim,2023-09-25,18.09,,5,-0.1,,47.9,,105,2023-10-02,18.63,,5,-0.3,,48.99,,112
SELL,719,ACMR,2023-10-17,18.55,79.1,2023-09-26,16.68,0.66,0.73,148.07,147.34,11.17,15,equal-weight sizing trim,2023-09-25,18.09,,5,-0.1,,47.9,,105,2023-10-16,17.85,,5,0.1,,38.19,,126
SELL,719,ACMR,2023-10-24,18.6,4136.03,2023-09-26,16.68,34.49,38.47,7949.1,7910.63,11.47,20,rotation (out of top-N),2023-09-25,18.09,,5,-0.1,,47.9,,105,2023-10-23,13.72,,1.13,1.7,,5.63,,133
SELL,720,LMB,2023-10-03,30.03,2378.47,2023-09-26,30.86,36.69,35.71,-1962.24,-1997.95,-2.72,5,rotation (out of top-N),2023-09-25,31.71,,5,-0.5,,50.16,,357,2023-10-02,29.28,,5,0.2,,35.62,,364
SELL,721,CLS,2023-10-03,24.05,74.71,2023-09-26,22.85,0.85,0.9,89.65,88.76,5.2,5,equal-weight sizing trim,2023-09-25,24.48,,5,-1,,60.62,,301,2023-10-02,26.41,,5,-1,,69.13,,308
SELL,721,CLS,2023-10-10,26.6,231.54,2023-09-26,22.85,2.65,3.08,868.26,865.18,16.35,10,equal-weight sizing trim,2023-09-25,24.48,,5,-1,,60.62,,301,2023-10-09,25.91,,5,-1,,62.15,,315
SELL,721,CLS,2023-10-17,26.77,39.44,2023-09-26,22.85,0.45,0.53,154.62,154.09,17.1,15,equal-weight sizing trim,2023-09-25,24.48,,5,-1,,60.62,,301,2023-10-16,25.81,,5,-0.9,,58.33,,322
SELL,721,CLS,2023-10-31,22.35,2878.27,2023-09-26,22.86,32.9,32.16,-1477.48,-1509.64,-2.29,25,ratchet-ATR exit,2023-09-25,24.48,,5,-1,,60.62,,301,2023-10-30,25.67,,5,-0.6,,52.37,,336
SELL,722,VIST,2023-10-03,30.27,188.92,2023-09-26,27.37,2.59,2.86,547.86,545.01,10.54,5,equal-weight sizing trim,2023-09-25,30.33,,5,-0.0,,40.9,,999,2023-10-02,29.71,,5,0.2,,35.8,,999
SELL,722,VIST,2023-10-10,31.26,20.06,2023-09-26,27.37,0.27,0.31,78.02,77.71,14.16,10,equal-weight sizing trim,2023-09-25,30.33,,5,-0.0,,40.9,,999,2023-10-09,31.08,,5,0.0,,39.45,,999
SELL,722,VIST,2023-10-17,31.98,72.86,2023-09-26,27.37,1.0,1.16,335.52,334.36,16.77,15,equal-weight sizing trim,2023-09-25,30.33,,5,-0.0,,40.9,,999,2023-10-16,30.62,,5,0.2,,35.28,,999
SELL,722,VIST,2023-10-31,28.0,2457.34,2023-09-26,27.44,33.72,34.4,1371.08,1336.68,1.98,25,rotation (out of top-N),2023-09-25,30.33,,5,-0.0,,40.9,,999,2023-10-30,28.22,,4.26,0.9,,21.31,,999
SELL,723,TDW,2023-10-03,67.41,1105.82,2023-09-26,66.36,36.69,37.27,1155.58,1118.31,1.52,5,rotation (out of top-N),2023-09-25,71.06,,5,-0.0,,40.32,,609,2023-10-02,66.35,,5,0.5,,29.14,,616
SELL,724,PLTR,2023-10-03,15.6,420.78,2023-09-26,13.96,2.94,3.28,690.09,686.8,11.69,5,equal-weight sizing trim,2023-09-25,16.01,3.5,5,0.1,1.4,38.51,2.41,168,2023-10-02,16.62,4.5,5,-0.0,0.5,40.68,3.71,175
SELL,724,PLTR,2023-10-10,18.07,559.21,2023-09-26,13.96,3.9,5.05,2298.36,2293.3,29.38,10,equal-weight sizing trim,2023-09-25,16.01,3.5,5,0.1,1.4,38.51,2.41,168,2023-10-09,17.39,5.2,5,-0.2,0.0,43.81,4.56,182
SELL,724,PLTR,2023-10-24,16.39,4517.01,2023-09-26,14.12,31.89,37.02,10250.31,10213.29,16.01,20,rotation (out of top-N),2023-09-25,16.01,3.5,5,0.1,1.4,38.51,2.41,168,2023-10-23,15.07,4.0,4.08,1.0,1.0,20.38,4.43,196
SELL,725,SKYW,2023-10-03,41.05,1743.59,2023-09-26,42.09,36.69,35.78,-1822.05,-1857.83,-2.53,5,rotation (out of top-N),2023-09-25,41.96,,5,0.1,,38.28,,182,2023-10-02,41.59,,5,0.3,,34.28,,189
SELL,726,ROOT,2023-10-03,8.59,7302.26,2023-09-26,10.05,36.69,31.36,-10661.29,-10692.66,-14.57,5,ratchet-ATR exit,2023-09-25,9.57,,5,0.5,,37.9,,98,2023-10-02,9.69,,5,0.4,,37.07,,105
SELL,727,JBL,2023-10-03,127.39,97.04,2023-09-26,106.47,5.17,6.18,2030.17,2023.99,19.59,5,equal-weight sizing trim,2023-09-25,126.26,2.8,5,0.1,2.1,37.25,1.35,350,2023-10-02,129.24,3.1,5,0.1,1.8,38.17,1.79,357
SELL,727,JBL,2023-10-10,133.49,13.28,2023-09-26,106.47,0.71,0.89,358.7,357.82,25.32,10,equal-weight sizing trim,2023-09-25,126.26,2.8,5,0.1,2.1,37.25,1.35,350,2023-10-09,135.14,3.1,5,-0.1,2.0,41.91,1.47,364
SELL,727,JBL,2023-10-17,134.98,10.55,2023-09-26,106.47,0.56,0.71,300.91,300.19,26.71,15,equal-weight sizing trim,2023-09-25,126.26,2.8,5,0.1,2.1,37.25,1.35,350,2023-10-16,124.32,2.6,5,0.6,1.9,28.95,1.76,371
SELL,727,JBL,2023-10-24,124.05,568.41,2023-09-26,106.47,30.26,35.26,9992.58,9957.32,16.45,20,ratchet-ATR exit,2023-09-25,126.26,2.8,5,0.1,2.1,37.25,1.35,350,2023-10-23,121.91,2.7,5,0.7,2.0,25.05,2.19,378
SELL,728,POWL,2023-10-10,28.5,28.32,2023-10-03,27.52,0.39,0.4,27.75,27.35,3.51,5,equal-weight sizing trim,2023-10-02,27.53,,5,-0.4,,47.88,,336,2023-10-09,26.44,,5,0.0,,39.3,,343
SELL,728,POWL,2023-10-17,26.99,2711.77,2023-10-03,27.52,37.31,36.6,-1437.24,-1473.83,-1.97,10,rotation (out of top-N),2023-10-02,27.53,,5,-0.4,,47.88,,336,2023-10-16,24.29,,5,0.7,,26.03,,350
SELL,729,IESC,2023-10-10,69.56,1167.66,2023-10-03,64.58,37.7,40.61,5814.92,5774.31,7.66,5,rotation (out of top-N),2023-10-02,71.27,,5,0.2,,36.8,,287,2023-10-09,62.81,,3.81,1.0,,19.07,,294
SELL,730,APP,2023-10-10,41.7,9.46,2023-10-03,40.48,0.19,0.2,11.54,11.34,2.96,5,equal-weight sizing trim,2023-10-02,40.38,4.1,5,-1,1.9,69.4,1.63,147,2023-10-09,38.53,4.3,5,-0.8,1.6,56.9,2.16,154
SELL,730,APP,2023-10-24,38.12,1976.58,2023-10-03,40.38,39.9,37.67,-4459.58,-4497.26,-5.64,15,ratchet-ATR exit,2023-10-02,40.38,4.1,5,-1,1.9,69.4,1.63,147,2023-10-23,36.21,3.7,5,-0.0,1.3,40.04,2.6,168
SELL,731,FN,2023-10-10,176.3,10.8,2023-10-03,167.88,0.91,0.95,90.93,89.97,4.96,5,equal-weight sizing trim,2023-10-02,175.73,,5,0.5,,40.52,,91,2023-10-09,173.26,,5,0.5,,37.32,,98
SELL,731,FN,2023-10-17,172.62,438.37,2023-10-03,167.88,36.8,37.84,2080.09,2042.25,2.78,10,rotation (out of top-N),2023-10-02,175.73,,5,0.5,,40.52,,91,2023-10-16,160.49,,5,0.9,,26.63,,105
SELL,732,NVDA,2023-10-10,45.3,1683.57,2023-10-03,44.79,37.7,38.13,858.62,820.49,1.09,5,rotation (out of top-N),2023-10-02,45.72,3.0,5,0.2,1.8,35.78,1.8,259,2023-10-09,45.43,2.8,5,0.4,1.8,31.92,1.87,266
SELL,733,CVNA,2023-10-24,6.44,11288.8,2023-10-03,7.66,43.25,36.34,-13818.75,-13855.1,-16.02,15,rotation (out of top-N),2023-10-02,7.53,6.0,5,-1.0,0.0,68.97,4.84,119,2023-10-23,5.71,3.7,3.64,1.1,1.4,18.21,4.11,140
SELL,734,LMB,2023-10-10,31.04,2511.06,2023-10-03,30.03,37.7,38.97,2536.17,2497.2,3.31,5,rotation (out of top-N),2023-10-02,29.28,,5,0.2,,35.62,,364,2023-10-09,28.5,,5,0.5,,29.44,,371
SELL,735,NRP,2023-10-10,68.75,1133.26,2023-10-03,66.54,37.7,38.96,2504.51,2465.55,3.27,5,rotation (out of top-N),2023-10-02,67.12,,5,0.2,,35.33,,999,2023-10-09,66.04,,5,0.4,,31.49,,999
SELL,736,DELL,2023-10-17,64.18,5.18,2023-10-03,65.59,0.17,0.17,-7.27,-7.44,-2.19,10,equal-weight sizing trim,2023-10-02,63.38,2.8,5,0.2,2.0,35.21,1.49,175,2023-10-16,62.93,2.8,5,0.5,1.8,30.71,1.84,189
SELL,736,DELL,2023-10-24,63.9,25.21,2023-10-03,65.59,0.83,0.81,-42.49,-43.29,-2.62,15,equal-weight sizing trim,2023-10-02,63.38,2.8,5,0.2,2.0,35.21,1.49,175,2023-10-23,63.33,2.8,5,0.5,1.8,29.81,1.9,196
SELL,736,DELL,2023-11-07,69.01,3.88,2023-10-03,65.55,0.13,0.13,13.43,13.3,5.23,25,equal-weight sizing trim,2023-10-02,63.38,2.8,5,0.2,2.0,35.21,1.49,175,2023-11-06,70.55,3.1,5,-0.0,1.9,40.31,1.59,210
SELL,736,DELL,2023-11-21,70.76,1271.92,2023-10-03,65.93,41.93,45.0,6149.02,6104.01,7.28,35,rotation (out of top-N),2023-10-02,63.38,2.8,5,0.2,2.0,35.21,1.49,175,2023-11-20,71.47,2.6,5,0.1,2.3,37.89,1.06,224
SELL,737,WFRD,2023-10-17,94.36,41.6,2023-10-10,90.38,1.88,1.96,165.55,163.59,4.35,5,equal-weight sizing trim,2023-10-09,93.6,,5,0.2,,36.14,,364,2023-10-16,91.04,,5,0.5,,30.63,,371
SELL,737,WFRD,2023-11-07,95.0,845.14,2023-10-10,90.36,38.18,40.14,3923.64,3883.5,5.09,20,rotation (out of top-N),2023-10-09,93.6,,5,0.2,,36.14,,364,2023-11-06,93.41,,5,0.6,,28.6,,392
SELL,738,LLY,2023-10-17,606.95,11.49,2023-10-10,560.16,3.22,3.49,537.76,534.27,8.3,5,equal-weight sizing trim,2023-10-09,597.69,3.4,5,-0.0,1.6,40.23,2.05,189,2023-10-16,573.22,3.0,5,0.4,1.7,32.77,2.02,196
SELL,738,LLY,2023-10-24,569.92,126.41,2023-10-10,560.16,35.4,36.02,1233.74,1197.72,1.69,10,ratchet-ATR exit,2023-10-09,597.69,3.4,5,-0.0,1.6,40.23,2.05,189,2023-10-23,549.93,2.5,5,0.7,2.2,25.82,1.79,203
SELL,739,BBIO,2023-10-17,26.05,2996.38,2023-10-10,25.78,38.62,39.03,809.02,770.0,1.0,5,rotation (out of top-N),2023-10-09,26.08,,5,0.1,,38.46,,245,2023-10-16,24.57,,5,0.6,,27.76,,252
SELL,740,LEU,2023-10-24,52.24,8.16,2023-10-10,54.49,0.22,0.21,-18.37,-18.59,-4.18,10,equal-weight sizing trim,2023-10-09,52.83,,5,1.1,,37.05,,63,2023-10-23,49.85,,5,1.4,,26.92,,77
SELL,740,LEU,2023-10-31,50.28,1431.43,2023-10-10,54.49,39.0,35.99,-6020.62,-6056.61,-7.76,15,ratchet-ATR exit,2023-10-09,52.83,,5,1.1,,37.05,,63,2023-10-30,54.74,,5,0.7,,38.16,,84
SELL,741,ONTO,2023-10-17,127.4,572.18,2023-10-10,135.0,38.62,36.45,-4351.41,-4387.85,-5.68,5,rotation (out of top-N),2023-10-09,138.0,,5,0.2,,36.14,,273,2023-10-16,118.01,,3.05,1.2,,15.27,,280
SELL,742,ROOT,2023-10-17,10.36,7886.35,2023-10-10,9.79,38.62,40.83,4416.35,4375.52,5.66,5,rotation (out of top-N),2023-10-09,9.69,,5,0.4,,34.56,,112,2023-10-16,9.21,,5,0.7,,26.18,,119
SELL,743,NTNX,2023-10-17,37.96,2142.17,2023-10-10,36.06,38.62,40.66,4070.13,4029.47,5.22,5,rotation (out of top-N),2023-10-09,38.67,,5,0.3,,33.36,,140,2023-10-16,35.91,,4.58,0.9,,22.89,,147
SELL,744,DBD,2023-10-24,18.94,182.49,2023-10-17,18.57,1.69,1.73,68.43,66.71,1.97,5,equal-weight sizing trim,2023-10-16,17.62,,5,-0.9,,185.55,,112,2023-10-23,18.39,,5,-1.0,,179.62,,119
SELL,744,DBD,2023-11-14,21.84,89.8,2023-10-17,18.61,0.84,0.98,289.68,288.7,17.27,20,equal-weight sizing trim,2023-10-16,17.62,,5,-0.9,,185.55,,112,2023-11-13,23.75,,5,-1,,196.3,,140
SELL,744,DBD,2023-11-21,24.65,348.96,2023-10-17,18.61,3.25,4.3,2106.29,2101.99,32.36,25,equal-weight sizing trim,2023-10-16,17.62,,5,-0.9,,185.55,,112,2023-11-20,24.77,,5,-1,,189.33,,147
SELL,744,DBD,2023-12-12,28.05,81.43,2023-10-17,18.89,0.77,1.14,745.22,744.08,48.36,39,equal-weight sizing trim,2023-10-16,17.62,,5,-0.9,,185.55,,112,2023-12-11,28.53,,5,-1,,175.06,,168
SELL,744,DBD,2024-01-23,31.36,167.76,2023-10-17,20.29,1.7,2.63,1858.01,1855.38,54.51,66,equal-weight sizing trim,2023-10-16,17.62,,5,-0.9,,185.55,,112,2024-01-22,31.0,,5,-1,,111.35,,210
SELL,744,DBD,2024-03-12,33.89,54.3,2023-10-17,23.84,0.65,0.92,545.56,544.64,42.07,100,equal-weight sizing trim,2023-10-16,17.62,,5,-0.9,,185.55,,112,2024-03-11,34.89,,5,-1,,71.71,,259
SELL,744,DBD,2024-03-26,34.99,6254.8,2023-10-17,23.85,74.57,109.44,69737.77,69628.33,46.68,110,rotation (out of top-N),2023-10-16,17.62,,5,-0.9,,185.55,,112,2024-03-25,34.49,,5,-0.9,,57.39,,273
SELL,745,FTI,2023-10-24,20.23,128.32,2023-10-17,20.05,1.29,1.3,23.1,21.8,0.85,5,equal-weight sizing trim,2023-10-16,20.24,,5,0.6,,28.15,,441,2023-10-23,21.23,,5,0.4,,32.64,,448
SELL,745,FTI,2023-10-31,21.03,107.22,2023-10-17,20.05,1.07,1.13,105.07,103.94,4.84,10,equal-weight sizing trim,2023-10-16,20.24,,5,0.6,,28.15,,441,2023-10-30,21.87,,5,0.3,,34.87,,455
SELL,745,FTI,2023-11-07,21.4,3589.16,2023-10-17,20.05,35.98,38.4,4845.37,4806.96,6.68,15,rotation (out of top-N),2023-10-16,20.24,,5,0.6,,28.15,,441,2023-11-06,21.21,,5,0.5,,29.14,,462
SELL,746,SYRE,2023-10-24,12.4,5438.66,2023-10-17,14.1,38.34,33.72,-9245.72,-9279.44,-12.1,5,rotation (out of top-N),2023-10-16,13.08,,5,1.2,,31.75,,70,2023-10-23,11.05,,2.34,2.1,,11.72,,77
SELL,747,LMB,2023-10-24,29.34,2556.17,2023-10-17,30.0,38.34,37.5,-1687.07,-1724.57,-2.25,5,rotation (out of top-N),2023-10-16,29.35,,5,0.5,,30.63,,378,2023-10-23,28.06,,4.53,0.9,,22.67,,385
SELL,748,GPOR,2023-10-24,125.36,29.62,2023-10-17,122.48,1.81,1.86,85.46,83.61,2.3,5,equal-weight sizing trim,2023-10-16,126.28,,5,0.4,,31.35,,168,2023-10-23,123.86,,5,0.6,,27.36,,175
SELL,748,GPOR,2023-11-07,123.78,610.77,2023-10-17,122.51,37.41,37.8,778.28,740.48,0.99,15,rotation (out of top-N),2023-10-16,126.28,,5,0.4,,31.35,,168,2023-11-06,124.32,,4.78,0.8,,23.89,,189
SELL,749,BLTE,2023-10-24,36.49,305.93,2023-10-17,32.56,4.98,5.58,1202.29,1196.71,12.01,5,equal-weight sizing trim,2023-10-16,34.08,,5,2.9,,28.09,,42,2023-10-23,37.41,,5,2.2,,39.58,,49
SELL,749,BLTE,2023-10-31,37.24,22.68,2023-10-17,32.56,0.37,0.42,106.27,105.85,14.33,10,equal-weight sizing trim,2023-10-16,34.08,,5,2.9,,28.09,,42,2023-10-30,38.99,,5,1.8,,44.4,,56
SELL,749,BLTE,2023-11-14,38.5,2147.73,2023-10-17,32.87,35.3,41.34,12081.51,12040.17,17.05,20,rotation (out of top-N),2023-10-16,34.08,,5,2.9,,28.09,,42,2023-11-13,37.4,,5,1.0,,36.65,,70
SELL,750,TDW,2023-10-24,69.97,80.13,2023-10-17,66.75,2.67,2.8,258.02,255.21,4.77,5,equal-weight sizing trim,2023-10-16,70.41,,5,0.4,,32.83,,630,2023-10-23,68.59,,5,0.6,,27.83,,637
SELL,750,TDW,2023-10-31,66.98,1068.71,2023-10-17,66.75,35.67,35.79,245.8,210.01,0.29,10,rotation (out of top-N),2023-10-16,70.41,,5,0.4,,32.83,,630,2023-10-30,70.44,,5,0.5,,29.64,,644
SELL,751,AMR,2023-10-31,220.2,335.99,2023-10-24,222.45,37.37,36.99,-755.97,-792.96,-1.06,5,rotation (out of top-N),2023-10-23,219.99,,5,0.8,,25.01,,119,2023-10-30,219.1,,4.7,0.8,,23.52,,126
SELL,752,CUBI,2023-10-31,40.14,410.47,2023-10-24,32.62,6.7,8.24,3084.69,3076.45,22.97,5,equal-weight sizing trim,2023-10-23,39.71,,5,0.5,,35.55,,105,2023-10-30,44.73,,5,-0.4,,50.52,,112
SELL,752,CUBI,2023-11-07,44.05,20.79,2023-10-24,32.62,0.34,0.46,237.56,237.1,34.95,10,equal-weight sizing trim,2023-10-23,39.71,,5,0.5,,35.55,,105,2023-11-06,41.38,,5,0.1,,38.2,,119
SELL,752,CUBI,2023-11-21,45.38,17.92,2023-10-24,33.79,0.3,0.41,207.73,207.32,34.25,20,equal-weight sizing trim,2023-10-23,39.71,,5,0.5,,35.55,,105,2023-11-20,45.16,,5,-0.4,,47.43,,133
SELL,752,CUBI,2023-12-05,49.03,57.38,2023-10-24,34.44,0.99,1.41,837.23,835.82,42.3,29,equal-weight sizing trim,2023-10-23,39.71,,5,0.5,,35.55,,105,2023-12-04,50.2,,5,-1.0,,59.16,,147
SELL,752,CUBI,2024-01-09,51.36,2247.41,2023-10-24,35.13,39.48,57.71,36471.12,36413.41,46.12,52,rotation (out of top-N),2023-10-23,39.71,,5,0.5,,35.55,,105,2024-01-08,51.59,,5,-0.2,,43.57,,182
SELL,753,LRN,2023-10-31,55.14,321.31,2023-10-24,44.22,7.1,8.86,3508.73,3499.87,24.63,5,equal-weight sizing trim,2023-10-23,54.41,,5,0.4,,31.47,,252,2023-10-30,55.9,,5,0.3,,33.85,,259
SELL,753,LRN,2023-11-14,57.03,1455.48,2023-10-24,44.94,32.7,41.5,17600.3,17558.8,26.85,15,rotation (out of top-N),2023-10-23,54.41,,5,0.4,,31.47,,252,2023-11-13,57.14,,5,0.3,,34.52,,273
SELL,754,SKYW,2023-10-31,42.72,221.98,2023-10-24,37.58,4.17,4.74,1140.96,1136.22,13.62,5,equal-weight sizing trim,2023-10-23,42.32,,5,0.5,,30.23,,210,2023-10-30,44.51,,5,0.3,,34.46,,217
SELL,754,SKYW,2023-11-07,44.04,1766.86,2023-10-24,37.58,33.2,38.91,11413.88,11374.98,17.13,10,rotation (out of top-N),2023-10-23,42.32,,5,0.5,,30.23,,210,2023-11-06,42.71,,5,0.7,,26.71,,224
SELL,755,PDD,2023-10-31,103.36,700.83,2023-10-24,106.64,37.37,36.22,-2302.24,-2338.45,-3.13,5,rotation (out of top-N),2023-10-23,108.28,,5,2.6,,29.34,,56,2023-10-30,106.43,,5,1.6,,27.07,,63
SELL,756,MSTR,2023-10-31,41.74,37.1,2023-10-24,40.5,0.75,0.77,46.01,45.23,3.01,5,equal-weight sizing trim,2023-10-23,40.6,,5,0.7,,26.95,,259,2023-10-30,45.35,,5,0.0,,39.67,,266
SELL,756,MSTR,2023-11-07,45.42,4.8,2023-10-24,40.5,0.1,0.11,23.63,23.52,12.09,10,equal-weight sizing trim,2023-10-23,40.6,,5,0.7,,26.95,,259,2023-11-06,50.84,,5,-0.7,,53.93,,273
SELL,756,MSTR,2023-11-14,50.33,3.63,2023-10-24,40.5,0.07,0.09,35.65,35.55,24.21,15,equal-weight sizing trim,2023-10-23,40.6,,5,0.7,,26.95,,259,2023-11-13,48.63,,5,-0.2,,44.58,,280
SELL,756,MSTR,2023-11-28,50.67,10.47,2023-10-24,41.02,0.21,0.27,101.04,100.77,23.47,24,equal-weight sizing trim,2023-10-23,40.6,,5,0.7,,26.95,,259,2023-11-27,52.69,,5,-0.6,,51.09,,294
SELL,756,MSTR,2023-12-05,56.7,50.3,2023-10-24,41.02,1.03,1.43,788.94,787.51,38.17,29,equal-weight sizing trim,2023-10-23,40.6,,5,0.7,,26.95,,259,2023-12-04,59.86,,5,-1,,67.43,,301
SELL,756,MSTR,2024-01-09,59.2,2072.15,2023-10-24,42.73,44.27,61.34,34124.2,34062.87,38.47,52,rotation (out of top-N),2023-10-23,40.6,,5,0.7,,26.95,,259,2024-01-08,48.52,,4.35,0.9,,21.77,,336
SELL,757,INSW,2023-10-31,35.27,2232.39,2023-10-24,33.48,37.37,39.37,3995.97,3956.6,5.29,5,rotation (out of top-N),2023-10-23,36.23,,4.95,1.4,,24.77,,84,2023-10-30,36.41,,4.83,1.3,,24.14,,91
SELL,758,POWL,2023-10-31,24.86,3068.16,2023-10-24,24.36,37.37,38.14,1534.08,1495.94,2.0,5,rotation (out of top-N),2023-10-23,24.4,,4.94,0.8,,24.69,,357,2023-10-30,26.27,,5,0.4,,31.91,,364
SELL,759,BBIO,2023-11-07,28.44,3007.14,2023-10-24,25.39,38.18,42.76,9161.09,9118.33,11.94,10,rotation (out of top-N),2023-10-23,24.43,,4.89,0.8,,24.47,,259,2023-11-06,27.12,,5,0.4,,32.11,,273
SELL,760,LOGI,2023-10-31,76.97,1008.37,2023-10-24,74.12,37.37,38.81,2873.85,2835.04,3.79,5,rotation (out of top-N),2023-10-23,75.54,,4.72,0.8,,23.6,,315,2023-10-30,77.77,,5,0.7,,26.21,,322
SELL,761,AAOI,2023-11-07,9.72,2207.5,2023-10-24,7.29,8.05,10.73,5369.48,5358.75,33.29,10,equal-weight sizing trim,2023-10-23,7.03,,4.64,0.8,,23.2,,133,2023-11-06,9.37,,5,-0.7,,54.78,,147
SELL,761,AAOI,2023-11-14,11.27,385.19,2023-10-24,7.29,1.4,2.17,1532.07,1529.9,54.46,15,equal-weight sizing trim,2023-10-23,7.03,,4.64,0.8,,23.2,,133,2023-11-13,12.75,,5,-1,,102.33,,154
SELL,761,AAOI,2023-11-21,14.13,1410.85,2023-10-24,7.29,5.14,9.97,9646.55,9636.59,93.66,20,equal-weight sizing trim,2023-10-23,7.03,,4.64,0.8,,23.2,,133,2023-11-20,13.01,,5,-1,,98.42,,161
SELL,761,AAOI,2023-11-28,14.73,59.84,2023-10-24,7.29,0.22,0.44,445.07,444.63,101.88,24,equal-weight sizing trim,2023-10-23,7.03,,4.64,0.8,,23.2,,133,2023-11-27,16.45,,5,-1,,138.32,,168
SELL,761,AAOI,2023-12-05,16.43,152.43,2023-10-24,7.29,0.56,1.25,1392.84,1391.58,125.18,29,equal-weight sizing trim,2023-10-23,7.03,,4.64,0.8,,23.2,,133,2023-12-04,19.77,,5,-1,,169.78,,175
SELL,761,AAOI,2023-12-12,18.9,666.23,2023-10-24,7.29,2.43,6.3,7733.21,7726.91,159.04,34,equal-weight sizing trim,2023-10-23,7.03,,4.64,0.8,,23.2,,133,2023-12-11,21.73,,5,-1,,178.48,,182
SELL,761,AAOI,2023-12-19,22.5,361.9,2023-10-24,7.29,1.32,4.07,5503.62,5499.55,208.38,39,equal-weight sizing trim,2023-10-23,7.03,,4.64,0.8,,23.2,,133,2023-12-18,20.91,,5,-1,,152.89,,189
SELL,761,AAOI,2024-01-23,17.28,6575.87,2023-10-24,9.5,31.25,56.82,51136.97,51080.15,81.74,61,rotation (out of top-N),2023-10-23,7.03,,4.64,0.8,,23.2,,133,2024-01-22,14.99,,5,-0.4,,47.17,,224
SELL,762,CAMT,2023-11-14,63.24,86.75,2023-10-31,50.2,2.18,2.74,1131.38,1128.64,25.92,10,equal-weight sizing trim,2023-10-30,55.8,,5,-0.3,,45.4,,259,2023-11-13,60.67,,5,-0.6,,51.14,,273
SELL,762,CAMT,2023-11-28,64.75,79.48,2023-10-31,51.03,2.03,2.57,1090.23,1087.66,26.82,19,equal-weight sizing trim,2023-10-30,55.8,,5,-0.3,,45.4,,259,2023-11-27,61.61,,5,-0.3,,46.94,,287
SELL,762,CAMT,2023-12-12,63.77,1733.97,2023-10-31,52.38,45.41,55.29,19747.97,19692.68,21.68,29,rotation (out of top-N),2023-10-30,55.8,,5,-0.3,,45.4,,259,2023-12-11,61.56,,5,-0.0,,40.93,,301
SELL,763,CCJ,2023-11-28,45.32,2074.04,2023-10-31,39.53,40.99,47.0,12012.67,11965.67,14.6,19,rotation (out of top-N),2023-10-30,41.74,,5,0.4,,32.82,,280,2023-11-27,45.31,,5,0.1,,37.15,,308
SELL,764,ROOT,2023-11-07,10.38,8322.37,2023-10-31,9.06,37.72,43.19,10943.92,10900.73,14.45,5,rotation (out of top-N),2023-10-30,10.02,,5,0.3,,33.64,,133,2023-11-06,9.83,,5,0.5,,29.98,,140
SELL,765,XPO,2023-12-05,84.97,1092.7,2023-10-31,78.78,43.04,46.43,6767.15,6720.73,7.81,24,rotation (out of top-N),2023-10-30,79.55,,5,-0.3,,45.26,,196,2023-12-04,82.03,,5,0.3,,34.69,,231
SELL,766,APP,2023-11-28,39.43,2399.73,2023-10-31,37.37,44.84,47.31,4932.83,4885.51,5.45,19,rotation (out of top-N),2023-10-30,39.27,3.8,5,-0.4,1.6,48.05,2.13,175,2023-11-27,38.26,2.8,5,0.4,1.8,31.49,1.83,203
SELL,767,PLTR,2023-11-07,18.85,816.27,2023-10-31,14.62,5.96,7.69,3456.91,3449.22,28.91,5,equal-weight sizing trim,2023-10-30,18.89,4.7,5,-0.4,0.7,47.58,3.41,203,2023-11-06,19.68,4.8,5,-0.5,0.7,50.41,3.45,210
SELL,767,PLTR,2023-11-21,21.08,66.83,2023-10-31,14.81,0.49,0.7,418.79,418.09,42.23,15,equal-weight sizing trim,2023-10-30,18.89,4.7,5,-0.4,0.7,47.58,3.41,203,2023-11-20,19.25,3.9,5,-0.0,1.2,40.92,2.71,224
SELL,767,PLTR,2023-11-28,19.11,4442.27,2023-10-31,14.81,32.9,42.45,19086.69,19044.24,28.94,19,rotation (out of top-N),2023-10-30,18.89,4.7,5,-0.4,0.7,47.58,3.41,203,2023-11-27,20.28,4.1,5,-0.3,1.2,45.22,2.74,231
SELL,768,AFRM,2023-11-07,21.62,554.33,2023-10-31,17.37,4.81,5.99,2355.89,2349.9,24.41,5,equal-weight sizing trim,2023-10-30,22.43,,5,-0.3,,45.43,,140,2023-11-06,22.43,,5,-0.2,,44.4,,147
SELL,768,AFRM,2023-11-14,24.89,148.6,2023-10-31,17.37,1.29,1.85,1116.75,1114.9,43.19,10,equal-weight sizing trim,2023-10-30,22.43,,5,-0.3,,45.43,,140,2023-11-13,24.8,,5,-0.8,,56.53,,154
SELL,768,AFRM,2023-11-28,29.93,516.53,2023-10-31,17.59,4.54,7.73,6373.98,6366.25,70.07,19,equal-weight sizing trim,2023-10-30,22.43,,5,-0.3,,45.43,,140,2023-11-27,37.66,,5,-1,,124.31,,168
SELL,768,AFRM,2023-12-05,37.88,449.72,2023-10-31,17.59,3.96,8.52,9124.84,9116.32,115.24,24,equal-weight sizing trim,2023-10-30,22.43,,5,-0.3,,45.43,,140,2023-12-04,42.06,,5,-1,,140.4,,175
SELL,768,AFRM,2023-12-12,40.13,74.94,2023-10-31,17.59,0.66,1.5,1689.1,1687.59,128.03,29,equal-weight sizing trim,2023-10-30,22.43,,5,-0.3,,45.43,,140,2023-12-11,43.94,,5,-1,,139.62,,182
SELL,768,AFRM,2023-12-19,46.12,79.47,2023-10-31,17.59,0.7,1.83,2267.31,2265.47,162.06,34,equal-weight sizing trim,2023-10-30,22.43,,5,-0.3,,45.43,,140,2023-12-18,49.05,,5,-1,,153.79,,189
SELL,768,AFRM,2024-02-13,41.37,3673.77,2023-10-31,24.95,45.84,75.99,60313.42,60237.42,65.71,71,rotation (out of top-N),2023-10-30,22.43,,5,-0.3,,45.43,,140,2024-02-12,38.15,,5,-0.4,,48.63,,245
SELL,769,CVSA,2023-11-14,56.42,1499.61,2023-10-31,50.76,38.06,42.3,8484.19,8441.88,11.09,10,rotation (out of top-N),2023-10-30,55.12,,5,0.7,,32.44,,98,2023-11-13,55.24,,5,0.6,,30.63,,112
SELL,770,POWL,2023-11-14,27.77,3124.16,2023-10-31,24.9,38.89,43.38,8969.62,8926.24,11.48,10,rotation (out of top-N),2023-10-30,26.27,,5,0.4,,31.91,,364,2023-11-13,28.05,,5,0.2,,36.23,,378
SELL,771,FTAI,2023-11-14,41.03,2098.81,2023-10-31,36.02,37.79,43.06,10524.63,10481.57,13.87,10,rotation (out of top-N),2023-10-30,38.15,,5,0.5,,30.63,,315,2023-11-13,40.84,,5,0.2,,35.74,,329
SELL,772,MOD,2023-11-14,48.59,148.12,2023-11-07,40.68,3.01,3.6,1170.88,1167.29,19.37,5,equal-weight sizing trim,2023-11-06,45.15,,5,0.2,,35.7,,504,2023-11-13,50.47,,5,-0.4,,48.57,,511
SELL,772,MOD,2023-11-21,51.0,28.42,2023-11-07,40.68,0.58,0.72,293.27,292.55,25.31,10,equal-weight sizing trim,2023-11-06,45.15,,5,0.2,,35.7,,504,2023-11-20,51.78,,5,-0.5,,49.44,,518
SELL,772,MOD,2023-12-12,53.88,7.38,2023-11-07,41.68,0.15,0.2,89.98,89.78,29.2,24,equal-weight sizing trim,2023-11-06,45.15,,5,0.2,,35.7,,504,2023-12-11,56.86,,5,-0.7,,54.39,,539
SELL,772,MOD,2024-01-23,69.13,2140.61,2023-11-07,42.58,45.57,73.99,56831.99,56758.0,62.27,51,rotation (out of top-N),2023-11-06,45.15,,5,0.2,,35.7,,504,2024-01-22,62.78,,5,-0.3,,46.48,,581
SELL,773,CECO,2023-11-28,19.6,4821.94,2023-11-07,18.28,44.08,47.25,6354.42,6307.17,7.15,14,rotation (out of top-N),2023-11-06,19.42,,5,0.9,,40.38,,63,2023-11-27,19.64,,5,0.7,,38.11,,84
SELL,774,RYTM,2023-11-14,30.38,117.81,2023-11-07,26.41,1.56,1.79,467.1,465.32,14.96,5,equal-weight sizing trim,2023-11-06,28.47,,5,1.1,,34.64,,70,2023-11-13,33.81,,5,-0.2,,58.76,,77
SELL,774,RYTM,2023-11-21,33.35,174.9,2023-11-07,26.41,2.31,2.92,1214.69,1211.78,26.23,10,equal-weight sizing trim,2023-11-06,28.47,,5,1.1,,34.64,,70,2023-11-20,34.64,,5,-0.4,,61.15,,84
SELL,774,RYTM,2023-12-12,36.7,108.59,2023-11-07,27.06,1.47,1.99,1046.99,1045.0,35.56,24,equal-weight sizing trim,2023-11-06,28.47,,5,1.1,,34.64,,70,2023-12-11,47.47,,5,-0.8,,108.24,,105
SELL,774,RYTM,2023-12-19,46.45,350.78,2023-11-07,27.06,4.75,8.15,6800.43,6792.28,71.55,29,equal-weight sizing trim,2023-11-06,28.47,,5,1.1,,34.64,,70,2023-12-18,46.35,,5,-0.9,,97.19,,112
SELL,774,RYTM,2024-01-30,45.12,105.41,2023-11-07,30.38,1.6,2.38,1553.89,1551.51,48.45,56,equal-weight sizing trim,2023-11-06,28.47,,5,1.1,,34.64,,70,2024-01-29,44.86,,5,-1,,65.58,,154
SELL,774,RYTM,2024-02-13,50.59,181.9,2023-11-07,31.09,2.83,4.6,3547.35,3542.75,62.64,66,equal-weight sizing trim,2023-11-06,28.47,,5,1.1,,34.64,,70,2024-02-12,49.13,,5,-1,,70.75,,168
SELL,774,RYTM,2024-02-27,47.1,3160.91,2023-11-07,31.09,49.14,74.45,50611.84,50537.39,51.42,75,rotation (out of top-N),2023-11-06,28.47,,5,1.1,,34.64,,70,2024-02-26,43.67,,5,-0.2,,44.76,,182
SELL,775,HCI,2023-11-14,75.2,160.4,2023-11-07,59.98,4.81,6.03,2441.32,2435.29,25.31,5,equal-weight sizing trim,2023-11-06,72.8,,5,0.2,,35.6,,245,2023-11-13,80.98,,5,-0.4,,48.46,,252
SELL,775,HCI,2023-11-21,81.58,56.78,2023-11-07,59.98,1.7,2.32,1226.43,1224.11,35.94,10,equal-weight sizing trim,2023-11-06,72.8,,5,0.2,,35.6,,245,2023-11-20,85.09,,5,-0.7,,53.5,,259
SELL,775,HCI,2023-12-12,85.08,1296.34,2023-11-07,62.44,40.47,55.15,29353.48,29298.34,36.2,24,rotation (out of top-N),2023-11-06,72.8,,5,0.2,,35.6,,245,2023-12-11,82.8,,5,-0.2,,43.25,,280
SELL,776,LMB,2023-11-14,36.48,158.74,2023-11-07,30.99,2.46,2.9,871.47,868.58,17.66,5,equal-weight sizing trim,2023-11-06,36.45,,5,-0.6,,52.49,,399,2023-11-13,39.92,,5,-1,,62.36,,406
SELL,776,LMB,2023-11-21,38.97,80.31,2023-11-07,30.99,1.24,1.56,640.88,639.32,25.69,10,equal-weight sizing trim,2023-11-06,36.45,,5,-0.6,,52.49,,399,2023-11-20,40.46,,5,-1,,60.1,,413
SELL,776,LMB,2023-12-12,42.02,21.78,2023-11-07,31.7,0.35,0.46,224.8,224.35,32.49,24,equal-weight sizing trim,2023-11-06,36.45,,5,-0.6,,52.49,,399,2023-12-11,43.33,,5,-0.9,,58.38,,434
SELL,776,LMB,2024-01-09,40.71,2741.47,2023-11-07,32.42,44.43,55.8,22738.33,22682.53,25.52,42,rotation (out of top-N),2023-11-06,36.45,,5,-0.6,,52.49,,399,2024-01-08,39.42,,5,0.4,,31.3,,462
SELL,777,DUOL,2023-11-14,218.89,103.59,2023-11-07,158.23,8.2,11.34,6283.69,6272.35,38.27,5,equal-weight sizing trim,2023-11-06,211.55,,5,-0.5,,49.24,,252,2023-11-13,211.59,,5,-0.3,,46.17,,259
SELL,777,DUOL,2023-11-28,219.32,437.62,2023-11-07,161.26,35.28,47.99,25409.62,25361.63,35.94,14,rotation (out of top-N),2023-11-06,211.55,,5,-0.5,,49.24,,252,2023-11-27,213.17,,5,-0.1,,41.03,,273
SELL,778,CLS,2023-12-12,27.75,35.62,2023-11-07,24.9,0.44,0.49,101.59,101.1,11.4,24,equal-weight sizing trim,2023-11-06,25.45,,5,-0.4,,48.45,,343,2023-12-11,29.46,,5,-0.8,,55.19,,378
SELL,778,CLS,2023-12-19,29.69,3914.65,2023-11-07,24.9,48.74,58.11,18741.08,18682.97,19.16,29,rotation (out of top-N),2023-11-06,25.45,,5,-0.4,,48.45,,343,2023-12-18,29.8,,5,-0.7,,53.36,,385
SELL,779,AMR,2023-11-21,262.06,19.52,2023-11-14,240.26,2.35,2.56,425.64,423.08,9.02,5,equal-weight sizing trim,2023-11-13,258.15,,5,-0.1,,42.2,,140,2023-11-20,273.26,,5,-0.4,,48.38,,147
SELL,779,AMR,2023-11-28,277.4,8.6,2023-11-14,240.26,1.03,1.19,319.54,318.34,15.4,9,equal-weight sizing trim,2023-11-13,258.15,,5,-0.1,,42.2,,140,2023-11-27,293.6,,5,-0.8,,56.48,,154
SELL,779,AMR,2023-12-19,329.01,5.23,2023-11-14,243.73,0.64,0.86,446.09,445.23,34.92,24,equal-weight sizing trim,2023-11-13,258.15,,5,-0.1,,42.2,,140,2023-12-18,340.07,,5,-1,,70.7,,175
SELL,779,AMR,2024-01-09,371.0,22.37,2023-11-14,243.73,2.73,4.15,2847.35,2843.2,52.14,37,equal-weight sizing trim,2023-11-13,258.15,,5,-0.1,,42.2,,140,2024-01-08,364.86,,5,-1,,69.98,,196
SELL,779,AMR,2024-01-23,405.33,2.96,2023-11-14,243.73,0.36,0.6,478.87,478.27,66.22,46,equal-weight sizing trim,2023-11-13,258.15,,5,-0.1,,42.2,,140,2024-01-22,386.26,,5,-1,,70.62,,210
SELL,779,AMR,2024-02-06,376.48,367.14,2023-11-14,253.46,46.53,69.11,45167.74,45098.63,48.46,56,rotation (out of top-N),2023-11-13,258.15,,5,-0.1,,42.2,,140,2024-02-05,371.15,,5,-0.8,,55.62,,224
SELL,780,BBIO,2023-11-28,29.45,3227.89,2023-11-14,29.27,47.24,47.53,585.34,537.8,0.57,9,rotation (out of top-N),2023-11-13,29.25,,5,0.0,,39.43,,280,2023-11-27,30.95,,5,-0.1,,41.51,,294
SELL,781,ACU,2023-11-21,35.51,2428.11,2023-11-14,37.29,45.27,43.11,-4322.03,-4365.14,-4.82,5,rotation (out of top-N),2023-11-13,36.17,,5,0.0,,39.18,,210,2023-11-20,35.51,,5,0.3,,34.75,,217
SELL,782,COIN,2023-11-21,104.37,55.97,2023-11-14,94.99,2.66,2.92,525.04,522.12,9.82,5,equal-weight sizing trim,2023-11-13,99.07,4.6,5,0.1,0.2,37.09,4.18,245,2023-11-20,115.29,4.9,5,-0.8,1.0,56.82,3.03,252
SELL,782,COIN,2023-11-28,122.12,105.07,2023-11-14,94.99,4.99,6.42,2850.48,2844.06,28.5,9,equal-weight sizing trim,2023-11-13,99.07,4.6,5,0.1,0.2,37.09,4.18,245,2023-11-27,133.72,5.6,5,-1,0.4,77.36,3.84,259
SELL,782,COIN,2023-12-05,140.13,40.04,2023-11-14,94.99,1.9,2.81,1807.46,1804.65,47.45,14,equal-weight sizing trim,2023-11-13,99.07,4.6,5,0.1,0.2,37.09,4.18,245,2023-12-04,146.68,6,5,-1,0.0,89.38,5.12,266
SELL,782,COIN,2024-01-09,159.72,775.7,2023-11-14,96.41,37.39,61.95,49113.19,49051.24,65.59,37,rotation (out of top-N),2023-11-13,99.07,4.6,5,0.1,0.2,37.09,4.18,245,2024-01-08,130.76,5.4,5,-0.4,0.0,47.13,5.27,301
SELL,783,CRWD,2023-11-21,207.49,443.84,2023-11-14,204.0,45.27,46.05,1549.01,1502.97,1.66,5,rotation (out of top-N),2023-11-13,207.07,3.0,5,0.1,1.9,37.62,1.72,175,2023-11-20,210.76,2.8,5,0.1,2.1,37.86,1.29,182
SELL,784,CNR,2023-12-05,108.77,936.93,2023-11-21,99.93,46.81,50.95,8281.42,8230.46,8.79,9,rotation (out of top-N),2023-11-20,103.12,,5,0.1,,38.85,,161,2023-12-04,100.5,,5,0.5,,30.99,,175
SELL,785,PDD,2023-11-28,135.16,87.22,2023-11-21,116.56,5.08,5.89,1621.93,1616.04,15.89,4,equal-weight sizing trim,2023-11-20,118.71,,5,0.6,,39.18,,84,2023-11-27,145.26,,5,-0.5,,67.29,,91
SELL,785,PDD,2023-12-12,143.2,1.17,2023-11-21,117.85,0.07,0.08,29.58,29.5,21.45,14,equal-weight sizing trim,2023-11-20,118.71,,5,0.6,,39.18,,84,2023-12-11,148.32,,5,-0.8,,65.76,,105
SELL,785,PDD,2024-01-23,144.88,882.34,2023-11-21,121.89,53.78,63.92,20281.65,20217.73,18.8,41,rotation (out of top-N),2023-11-20,118.71,,5,0.6,,39.18,,84,2024-01-22,141.69,,5,-0.1,,41.7,,147
SELL,786,WSM,2023-11-28,88.18,1083.92,2023-11-21,86.35,46.8,47.79,1983.57,1935.78,2.07,4,rotation (out of top-N),2023-11-20,88.26,3.2,5,0.1,1.7,38.3,1.89,147,2023-11-27,94.26,3.0,5,-0.3,2.3,45.68,1.1,154
SELL,787,ESTC,2023-12-05,109.72,316.16,2023-11-28,75.73,11.97,17.34,10746.19,10728.85,44.81,5,equal-weight sizing trim,2023-11-27,110.17,,5,-1,,61.74,,182,2023-12-04,115.9,,5,-1,,66.97,,189
SELL,787,ESTC,2023-12-12,115.85,22.75,2023-11-28,75.73,0.86,1.32,912.64,911.32,52.9,10,equal-weight sizing trim,2023-11-27,110.17,,5,-1,,61.74,,182,2023-12-11,112.73,,5,-0.9,,58.99,,196
SELL,787,ESTC,2024-01-09,107.88,1058.72,2023-11-28,80.15,42.43,57.11,29355.17,29298.07,34.53,28,rotation (out of top-N),2023-11-27,110.17,,5,-1,,61.74,,182,2024-01-08,111.89,,5,-0.3,,46.49,,224
SELL,788,ROKU,2023-12-05,103.09,944.6,2023-11-28,102.36,48.34,48.69,689.56,640.87,0.66,5,rotation (out of top-N),2023-11-27,103.51,,5,-0.4,,47.11,,182,2023-12-04,103.33,,5,-0.2,,44.91,,189
SELL,789,SYRE,2023-12-05,20.36,1729.67,2023-11-28,14.0,12.11,17.61,11000.73,10983.12,45.36,5,equal-weight sizing trim,2023-11-27,19.26,,5,-0.9,,94.08,,112,2023-12-04,20.84,,5,-1.0,,104.33,,119
SELL,789,SYRE,2023-12-12,16.32,5176.72,2023-11-28,14.0,36.24,42.24,12009.99,11967.75,16.51,10,rotation (out of top-N),2023-11-27,19.26,,5,-0.9,,94.08,,112,2023-12-11,15.44,,5,-0.5,,49.14,,126
SELL,790,SNEX,2024-01-23,19.62,6402.39,2023-11-28,18.64,59.68,62.81,6257.54,6194.73,5.19,37,rotation (out of top-N),2023-11-27,18.08,,5,2.2,,45.95,,28,2024-01-22,19.95,,5,0.4,,44.15,,84
SELL,791,FEIM,2023-12-12,9.44,11008.7,2023-11-28,8.92,49.09,51.96,5742.09,5690.13,5.8,10,rotation (out of top-N),2023-11-27,9.45,,5,-0.3,,46.12,,315,2023-12-11,9.05,,5,0.2,,36.62,,329
SELL,792,CRWD,2023-12-05,234.21,14.26,2023-11-28,208.26,1.48,1.67,370.0,368.33,12.4,5,equal-weight sizing trim,2023-11-27,235.03,3.6,5,-0.5,2.0,50.83,1.52,189,2023-12-04,242.54,4.0,5,-0.6,1.7,52.8,1.97,196
SELL,792,CRWD,2023-12-12,244.57,5.76,2023-11-28,208.26,0.6,0.7,209.18,208.48,17.38,10,equal-weight sizing trim,2023-11-27,235.03,3.6,5,-0.5,2.0,50.83,1.52,189,2023-12-11,260.06,3.9,5,-1,2.1,60.29,1.42,203
SELL,792,CRWD,2023-12-19,259.74,444.25,2023-11-28,208.26,46.26,57.69,22867.98,22810.28,24.65,15,rotation (out of top-N),2023-11-27,235.03,3.6,5,-0.5,2.0,50.83,1.52,189,2023-12-18,255.68,3.9,5,-0.7,1.9,54.67,1.68,210
SELL,793,BLTE,2023-12-05,41.21,34.63,2023-11-28,37.3,0.65,0.71,135.4,134.69,10.43,5,equal-weight sizing trim,2023-11-27,42.5,,5,-0.1,,53.07,,84,2023-12-04,42.29,,5,-0.1,,50.78,,91
SELL,793,BLTE,2023-12-12,43.16,40.18,2023-11-28,37.3,0.75,0.87,235.44,234.58,15.65,10,equal-weight sizing trim,2023-11-27,42.5,,5,-0.1,,53.07,,84,2023-12-11,44.91,,5,-0.5,,58.17,,98
SELL,793,BLTE,2024-01-30,44.2,3047.89,2023-11-28,38.6,58.83,67.37,17072.28,17004.91,14.45,42,rotation (out of top-N),2023-11-27,42.5,,5,-0.1,,53.07,,84,2024-01-29,45.72,,5,-0.3,,46.94,,147
SELL,794,HOV,2023-12-12,136.37,261.48,2023-12-05,99.55,13.02,17.83,9627.57,9609.74,36.92,5,equal-weight sizing trim,2023-12-04,139.16,,5,-0.8,,55.03,,329,2023-12-11,149.09,,5,-1,,62.31,,336
SELL,794,HOV,2023-12-19,154.12,10.31,2023-12-05,99.55,0.51,0.79,562.8,562.0,54.74,10,equal-weight sizing trim,2023-12-04,139.16,,5,-0.8,,55.03,,329,2023-12-18,153.86,,5,-1,,63.45,,343
SELL,794,HOV,2024-01-30,175.05,79.46,2023-12-05,106.63,4.24,6.95,5436.82,5429.86,64.09,37,equal-weight sizing trim,2023-12-04,139.16,,5,-0.8,,55.03,,329,2024-01-29,171.38,,5,-0.9,,58.81,,385
SELL,794,HOV,2024-02-06,166.5,822.19,2023-12-05,106.63,43.83,68.45,49226.77,49158.33,56.07,42,rotation (out of top-N),2023-12-04,139.16,,5,-0.8,,55.03,,329,2024-02-05,156.4,,5,-0.1,,42.22,,392
SELL,795,NTNX,2023-12-12,45.98,2379.61,2023-12-05,44.27,52.67,54.71,4069.13,4014.42,3.81,5,rotation (out of top-N),2023-12-04,46.02,,5,-0.3,,46.84,,196,2023-12-11,46.27,,5,-0.3,,45.14,,203
SELL,796,MPTI,2023-12-12,27.27,2885.38,2023-12-05,36.51,52.67,39.34,-26660.93,-26700.27,-25.35,5,ratchet-ATR exit,2023-12-04,30.97,,5,-1,,90.51,,999,2023-12-11,27.15,,5,-1,,62.45,,999
SELL,797,XMTR,2023-12-19,30.92,536.25,2023-12-12,24.37,6.53,8.29,3512.46,3504.17,26.81,5,equal-weight sizing trim,2023-12-11,29.89,,5,1.8,,62.79,,14,2023-12-18,34.54,,5,1.7,,83.23,,21
SELL,797,XMTR,2024-01-09,33.04,34.55,2023-12-12,24.37,0.42,0.57,299.55,298.98,35.51,18,equal-weight sizing trim,2023-12-11,29.89,,5,1.8,,62.79,,14,2024-01-08,30.05,,5,1.9,,48.46,,42
SELL,797,XMTR,2024-02-06,33.66,4247.38,2023-12-12,25.18,53.47,71.48,36021.38,35949.9,33.62,37,rotation (out of top-N),2023-12-11,29.89,,5,1.8,,62.79,,14,2024-02-05,32.86,,5,0.4,,48.19,,70
SELL,798,BBIO,2023-12-19,38.62,220.12,2023-12-12,32.34,3.56,4.25,1383.48,1379.23,19.38,5,equal-weight sizing trim,2023-12-11,39.33,,5,-1,,70.67,,308,2023-12-18,41.11,,5,-1,,73.22,,315
SELL,798,BBIO,2024-01-23,38.16,3386.12,2023-12-12,32.74,55.44,64.61,18342.94,18278.33,16.49,27,rotation (out of top-N),2023-12-11,39.33,,5,-1,,70.67,,308,2024-01-22,35.93,,5,0.2,,35.35,,350
SELL,799,SLG,2023-12-19,40.3,2942.21,2023-12-12,36.91,54.3,59.29,9974.08,9914.8,9.13,5,rotation (out of top-N),2023-12-11,41.06,,5,-0.8,,56.21,,140,2023-12-18,40.18,,5,-0.5,,49.82,,147
SELL,800,TWST,2023-12-19,35.04,451.57,2023-12-12,27.77,6.27,7.91,3282.91,3275.0,26.12,5,equal-weight sizing trim,2023-12-11,34.62,,5,1.5,,80.8,,28,2023-12-18,36.8,,5,1.4,,87.22,,35
SELL,800,TWST,2024-01-23,35.89,3742.5,2023-12-12,28.26,52.89,67.16,28537.93,28470.77,26.92,27,rotation (out of top-N),2023-12-11,34.62,,5,1.5,,80.8,,28,2024-01-22,32.26,,5,0.6,,45.6,,70
SELL,801,CVNA,2023-12-19,11.63,2880.27,2023-12-12,8.16,11.76,16.75,9983.01,9966.26,42.38,5,equal-weight sizing trim,2023-12-11,10.27,6,5,-1,0.0,78.82,4.89,189,2023-12-18,10.95,6,5,-1,0.0,83.15,6.35,196
SELL,801,CVNA,2024-01-09,9.4,10421.65,2023-12-12,8.16,42.54,48.98,12870.74,12821.76,15.07,18,rotation (out of top-N),2023-12-11,10.27,6,5,-1,0.0,78.82,4.89,189,2024-01-08,8.55,4.3,5,0.5,0.3,30.43,4.11,217
SELL,802,WAL,2023-12-19,60.69,2037.46,2023-12-12,53.3,54.3,61.83,15056.87,14995.04,13.81,5,rotation (out of top-N),2023-12-11,60.69,,5,1.7,,51.39,,42,2023-12-18,62.41,,5,1.6,,52.48,,49
SELL,803,GSAT,2024-01-09,31.5,4908.56,2023-12-19,24.68,60.57,77.31,33476.37,33399.06,27.57,13,rotation (out of top-N),2023-12-18,28.95,,5,-0.6,,56.87,,105,2024-01-08,28.28,,5,-0.3,,45.5,,126
SELL,804,LQDA,2024-01-09,12.85,5866.36,2023-12-19,7.64,22.41,37.69,30563.76,30526.07,68.11,13,equal-weight sizing trim,2023-12-18,11.77,,5,2.0,,60.09,,0,2024-01-08,12.44,,5,1.7,,60.13,,21
SELL,804,LQDA,2024-02-13,14.74,634.3,2023-12-19,8.32,2.64,4.67,4075.37,4070.7,77.18,37,equal-weight sizing trim,2023-12-18,11.77,,5,2.0,,60.09,,0,2024-02-12,14.61,,5,1.1,,70.08,,56
SELL,804,LQDA,2024-02-27,14.82,10849.81,2023-12-19,8.32,45.11,80.42,70631.88,70551.46,78.2,46,rotation (out of top-N),2023-12-18,11.77,,5,2.0,,60.09,,0,2024-02-26,14.5,,5,-0.2,,63.04,,70
SELL,805,SYRE,2024-01-09,24.67,2417.88,2023-12-19,15.89,19.22,29.82,21216.89,21187.07,55.13,13,equal-weight sizing trim,2023-12-18,17.41,,5,-1,,64.53,,133,2024-01-08,21.43,,5,-1,,84.93,,154
SELL,805,SYRE,2024-01-23,27.84,208.97,2023-12-19,15.89,1.66,2.91,2496.12,2493.21,75.06,22,equal-weight sizing trim,2023-12-18,17.41,,5,-1,,64.53,,133,2024-01-22,27.4,,5,-1,,116.08,,168
SELL,805,SYRE,2024-02-13,21.98,6089.62,2023-12-19,17.67,53.81,66.92,26227.56,26160.63,24.31,37,ratchet-ATR exit,2023-12-18,17.41,,5,-1,,64.53,,133,2024-02-12,23.06,,5,-1,,62.42,,189
SELL,806,MPTI,2024-01-09,36.84,377.16,2023-12-19,31.37,5.92,6.95,2063.06,2056.11,17.38,13,equal-weight sizing trim,2023-12-18,34.88,,5,-1,,101.22,,999,2024-01-08,36.62,,5,-1,,90.68,,999
SELL,806,MPTI,2024-01-30,31.36,3733.77,2023-12-19,31.76,59.3,58.55,-1499.99,-1558.53,-1.31,27,ratchet-ATR exit,2023-12-18,34.88,,5,-1,,101.22,,999,2024-01-29,35.52,,5,-1,,67.49,,999
SELL,807,ACMR,2024-01-23,21.48,7196.2,2024-01-09,17.83,64.15,77.31,26302.12,26224.82,20.44,9,rotation (out of top-N),2024-01-08,21.82,,5,-0.5,,49.24,,210,2024-01-22,18.96,,5,0.7,,25.72,,224
SELL,808,NTNX,2024-01-23,56.1,275.38,2024-01-09,46.59,6.41,7.72,2618.82,2611.09,20.35,9,equal-weight sizing trim,2024-01-08,50.33,,5,-0.4,,47.47,,231,2024-01-22,55.05,,5,-0.7,,54.54,,245
SELL,808,NTNX,2024-02-06,58.03,2524.31,2024-01-09,46.78,59.04,73.24,28401.72,28328.47,23.99,19,rotation (out of top-N),2024-01-08,50.33,,5,-0.4,,47.47,,231,2024-02-05,58.16,,5,-0.8,,55.84,,259
SELL,809,DAVE,2024-01-23,15.39,6059.99,2024-01-09,8.5,25.75,46.63,41753.36,41706.73,80.97,9,equal-weight sizing trim,2024-01-08,9.78,,5,1.6,,56.69,,35,2024-01-22,14.73,,5,1.2,,122.61,,49
SELL,809,DAVE,2024-01-30,18.93,1432.1,2024-01-09,8.5,6.09,13.55,14936.77,14923.21,122.59,14,equal-weight sizing trim,2024-01-08,9.78,,5,1.6,,56.69,,35,2024-01-29,21.47,,5,1.1,,207.69,,56
SELL,809,DAVE,2024-02-06,23.99,1193.14,2024-01-09,8.5,5.07,14.31,18481.68,18467.37,182.09,19,equal-weight sizing trim,2024-01-08,9.78,,5,1.6,,56.69,,35,2024-02-05,20.41,,5,-0.0,,177.36,,63
SELL,809,DAVE,2024-02-27,23.71,3.98,2024-01-09,10.48,0.02,0.05,52.66,52.61,126.09,33,equal-weight sizing trim,2024-01-08,9.78,,5,1.6,,56.69,,35,2024-02-26,22.82,,5,-0.4,,159.36,,84
SELL,809,DAVE,2024-03-12,34.06,1563.91,2024-01-09,10.84,8.47,26.64,36328.82,36302.18,214.23,43,equal-weight sizing trim,2024-01-08,9.78,,5,1.6,,56.69,,35,2024-03-11,34.88,,5,-0.6,,238.8,,98
SELL,809,DAVE,2024-03-26,38.92,357.07,2024-01-09,12.09,2.16,6.95,9582.23,9575.28,221.82,53,equal-weight sizing trim,2024-01-08,9.78,,5,1.6,,56.69,,35,2024-03-25,37.17,,5,-0.9,,210.77,,112
SELL,809,DAVE,2024-04-16,35.09,6678.23,2024-01-09,13.62,45.48,117.15,143337.66,143220.5,157.44,67,ratchet-ATR exit,2024-01-08,9.78,,5,1.6,,56.69,,35,2024-04-15,33.33,,5,-1,,134.34,,133
SELL,810,NRP,2024-01-23,88.09,1519.7,2024-01-09,84.43,64.15,66.94,5562.1,5495.17,4.28,9,rotation (out of top-N),2024-01-08,90.54,,5,-0.7,,53.5,,999,2024-01-22,87.21,,5,-0.2,,43.46,,999
SELL,811,PRAX,2024-01-23,40.75,662.95,2024-01-09,31.48,10.44,13.51,6142.19,6128.68,29.36,9,equal-weight sizing trim,2024-01-08,43.61,,5,1.7,,134.42,,21,2024-01-22,37.56,,5,1.4,,90.7,,35
SELL,811,PRAX,2024-02-27,49.19,128.79,2024-01-09,32.48,2.09,3.17,2152.75,2149.58,51.39,33,equal-weight sizing trim,2024-01-08,43.61,,5,1.7,,134.42,,21,2024-02-26,49.49,,5,-0.2,,112.86,,70
SELL,811,PRAX,2024-03-26,61.89,98.63,2024-01-09,34.32,1.69,3.05,2719.77,2716.72,80.27,53,equal-weight sizing trim,2024-01-08,43.61,,5,1.7,,134.42,,21,2024-03-25,60.92,,5,-0.6,,123.01,,98
SELL,811,PRAX,2024-04-16,52.17,137.99,2024-01-09,38.06,2.63,3.6,1947.23,1943.63,37.01,67,equal-weight sizing trim,2024-01-08,43.61,,5,1.7,,134.42,,21,2024-04-15,46.86,,5,-0.8,,57.23,,119
SELL,811,PRAX,2024-04-23,49.65,4738.68,2024-01-09,38.06,90.17,117.63,54905.98,54788.36,30.38,72,ratchet-ATR exit,2024-01-08,43.61,,5,1.7,,134.42,,21,2024-04-22,54.9,,5,-1,,78.44,,126
SELL,812,CYTK,2024-01-23,83.3,1211.83,2024-01-09,105.88,64.15,50.47,-27369.13,-27419.6,-21.37,9,ratchet-ATR exit,2024-01-08,85.61,,5,1.7,,120.64,,21,2024-01-22,82.71,,5,1.4,,101.41,,35
SELL,813,CRWD,2024-01-23,298.52,17.75,2024-01-09,265.35,2.36,2.65,588.95,586.3,12.45,9,equal-weight sizing trim,2024-01-08,283.39,4.1,5,-1,1.9,61.89,1.72,231,2024-01-22,290.49,4.3,5,-0.9,1.7,58.85,1.99,245
SELL,813,CRWD,2024-02-27,324.34,520.51,2024-01-09,269.55,70.15,84.41,28520.98,28436.57,20.27,33,rotation (out of top-N),2024-01-08,283.39,4.1,5,-1,1.9,61.89,1.72,231,2024-02-26,314.5,4.1,5,-0.6,1.6,52.82,2.13,280
SELL,814,BMA,2024-01-30,27.95,5386.85,2024-01-23,25.8,69.49,75.28,11581.72,11506.44,8.28,5,rotation (out of top-N),2024-01-22,28.58,,5,-0.6,,51.28,,399,2024-01-29,29.49,,5,-0.6,,52.85,,406
SELL,815,CAMT,2024-01-30,79.52,1820.07,2024-01-23,76.36,69.49,72.37,5751.43,5679.06,4.09,5,rotation (out of top-N),2024-01-22,78.12,,5,-0.7,,54.86,,343,2024-01-29,79.7,,5,-0.7,,53.89,,350
SELL,816,ESTC,2024-02-13,119.65,1249.34,2024-01-23,122.3,76.4,74.74,-3310.48,-3385.22,-2.22,15,rotation (out of top-N),2024-01-22,117.63,,5,-0.4,,48.28,,238,2024-02-12,130.28,,5,-0.7,,53.89,,259
SELL,817,SMCI,2024-01-30,55.1,614.04,2024-01-23,43.08,13.23,16.92,7380.76,7363.85,27.84,5,equal-weight sizing trim,2024-01-22,47.4,6,5,-1,0.0,78.02,7.52,644,2024-01-29,57.93,6,5,-1,0.0,108.3,4.64,651
SELL,817,SMCI,2024-02-06,67.38,329.89,2024-01-23,43.08,7.11,11.11,8016.45,8005.33,56.33,10,equal-weight sizing trim,2024-01-22,47.4,6,5,-1,0.0,78.02,7.52,644,2024-02-05,74.01,6,5,-1,0.0,152.44,5.04,658
SELL,817,SMCI,2024-02-13,75.2,155.49,2024-01-23,43.08,3.35,5.85,4994.43,4988.59,74.47,15,equal-weight sizing trim,2024-01-22,47.4,6,5,-1,0.0,78.02,7.52,644,2024-02-12,80.24,6,5,-1,0.0,158.94,5.03,665
SELL,817,SMCI,2024-02-27,86.28,34.17,2024-01-23,43.08,0.74,1.47,1476.15,1474.67,100.18,24,equal-weight sizing trim,2024-01-22,47.4,6,5,-1,0.0,78.02,7.52,644,2024-02-26,90.57,6,5,-1,0.0,162.95,7.92,679
SELL,817,SMCI,2024-03-05,104.03,96.71,2024-01-23,43.08,2.08,5.03,5894.49,5889.46,141.36,29,equal-weight sizing trim,2024-01-22,47.4,6,5,-1,0.0,78.02,7.52,644,2024-03-04,114.05,6,5,-1,0.0,210.43,7.19,686
SELL,817,SMCI,2024-03-12,112.65,114.62,2024-01-23,43.08,2.47,6.46,7974.19,7967.74,161.36,34,equal-weight sizing trim,2024-01-22,47.4,6,5,-1,0.0,78.02,7.52,644,2024-03-11,106.97,6,5,-1,0.0,175.98,6.74,693
SELL,817,SMCI,2024-03-26,107.6,217.24,2024-01-23,53.96,5.86,11.69,11651.54,11639.85,99.29,44,equal-weight sizing trim,2024-01-22,47.4,6,5,-1,0.0,78.02,7.52,644,2024-03-25,101.2,5.6,5,-1,0.4,137.55,3.84,707
SELL,817,SMCI,2024-04-09,92.3,2327.76,2024-01-23,55.41,64.5,107.43,85860.89,85753.47,66.48,53,ratchet-ATR exit,2024-01-22,47.4,6,5,-1,0.0,78.02,7.52,644,2024-04-08,89.82,5.8,5,-1,0.2,95.51,4.2,721
SELL,818,AMD,2024-01-30,175.98,834.97,2024-01-23,166.45,69.49,73.47,7957.26,7883.79,5.67,5,rotation (out of top-N),2024-01-22,177.26,5.0,5,-0.6,0.6,51.13,3.66,322,2024-01-29,177.63,4.4,5,-0.4,1.0,48.65,2.93,329
SELL,819,DNTH,2024-01-30,18.26,1032.76,2024-01-23,15.59,8.05,9.43,2757.46,2748.03,17.07,5,equal-weight sizing trim,2024-01-22,17.71,,5,2.5,,49.78,,0,2024-01-29,19.54,,5,1.9,,62.84,,7
SELL,819,DNTH,2024-02-06,20.9,524.43,2024-01-23,15.59,4.09,5.48,2784.72,2779.24,33.99,10,equal-weight sizing trim,2024-01-22,17.71,,5,2.5,,49.78,,0,2024-02-05,23.86,,5,1.8,,93.86,,14
SELL,819,DNTH,2024-02-13,23.5,552.17,2024-01-23,15.59,4.3,6.49,4367.7,4361.21,50.66,15,equal-weight sizing trim,2024-01-22,17.71,,5,2.5,,49.78,,0,2024-02-12,24.03,,5,1.7,,89.83,,21
SELL,819,DNTH,2024-02-27,26.53,0.18,2024-01-23,15.59,0.0,0.0,2.01,2.01,70.09,24,equal-weight sizing trim,2024-01-22,17.71,,5,2.5,,49.78,,0,2024-02-26,25.73,,5,1.4,,92.09,,35
SELL,819,DNTH,2024-03-19,26.79,118.68,2024-01-23,17.33,1.03,1.59,1122.53,1120.94,54.5,39,equal-weight sizing trim,2024-01-22,17.71,,5,2.5,,49.78,,0,2024-03-18,31.85,,5,1.1,,116.71,,56
SELL,819,DNTH,2024-03-26,31.51,479.63,2024-01-23,17.33,4.16,7.56,6800.33,6792.77,81.72,44,equal-weight sizing trim,2024-01-22,17.71,,5,2.5,,49.78,,0,2024-03-25,30.0,,5,-0.0,,97.64,,63
SELL,819,DNTH,2024-04-02,28.85,7699.01,2024-01-23,17.33,66.72,111.06,88680.02,88568.96,66.38,48,rotation (out of top-N),2024-01-22,17.71,,5,2.5,,49.78,,0,2024-04-01,25.05,,5,-0.2,,61.56,,70
SELL,820,FLXS,2024-01-30,27.15,5286.45,2024-01-23,26.29,69.49,71.76,4546.34,4474.58,3.22,5,rotation (out of top-N),2024-01-22,27.42,,5,2.1,,49.12,,28,2024-01-29,27.3,,5,2.1,,45.9,,35
SELL,821,ACU,2024-01-30,46.4,2927.76,2024-01-23,47.47,69.49,67.92,-3132.7,-3200.63,-2.3,5,rotation (out of top-N),2024-01-22,46.91,,5,-0.7,,54.56,,280,2024-01-29,46.35,,5,-0.5,,49.93,,287
SELL,822,CLS,2024-01-30,34.52,200.37,2024-01-23,31.81,3.19,3.46,544.01,540.55,8.48,5,equal-weight sizing trim,2024-01-22,31.96,,5,-0.4,,47.94,,420,2024-01-29,36.06,,5,-1,,62.16,,427
SELL,822,CLS,2024-02-06,37.03,16.62,2024-01-23,31.81,0.26,0.31,86.85,86.54,16.37,10,equal-weight sizing trim,2024-01-22,31.96,,5,-0.4,,47.94,,420,2024-02-05,38.68,,5,-1,,68.7,,434
SELL,822,CLS,2024-02-27,41.94,127.13,2024-01-23,32.08,2.04,2.67,1252.88,1250.21,30.65,24,equal-weight sizing trim,2024-01-22,31.96,,5,-0.4,,47.94,,420,2024-02-26,45.27,,5,-1,,79.79,,455
SELL,822,CLS,2024-03-26,46.8,5034.47,2024-01-23,33.88,85.28,117.79,65027.05,64909.26,38.06,44,rotation (out of top-N),2024-01-22,31.96,,5,-0.4,,47.94,,420,2024-03-25,44.94,,5,-0.9,,58.46,,483
SELL,823,MOD,2024-02-06,70.4,12.96,2024-01-30,65.47,0.42,0.46,63.9,63.45,7.48,5,equal-weight sizing trim,2024-01-29,70.6,,5,-1,,60.08,,588,2024-02-05,73.21,,5,-1,,61.14,,595
SELL,823,MOD,2024-02-27,88.07,248.75,2024-01-30,65.67,8.17,10.95,5570.87,5559.92,34.03,19,equal-weight sizing trim,2024-01-29,70.6,,5,-1,,60.08,,588,2024-02-26,91.73,,5,-1,,83.28,,616
SELL,823,MOD,2024-03-12,82.02,2295.7,2024-01-30,68.32,78.43,94.14,31429.44,31335.3,19.98,29,ratchet-ATR exit,2024-01-29,70.6,,5,-1,,60.08,,588,2024-03-11,88.56,,5,-1,,67.75,,630
SELL,824,TARS,2024-02-27,36.0,432.95,2024-01-30,27.85,6.03,7.79,3528.96,3521.16,29.2,19,equal-weight sizing trim,2024-01-29,28.55,,5,-0.1,,57.05,,77,2024-02-26,37.0,,5,-0.8,,86.46,,105
SELL,824,TARS,2024-03-12,30.6,5705.15,2024-01-30,28.88,82.39,87.29,9800.83,9713.54,5.89,29,rotation (out of top-N),2024-01-29,28.55,,5,-0.1,,57.05,,77,2024-03-11,31.6,,5,-0.7,,53.49,,119
SELL,825,POWL,2024-02-06,41.88,1716.0,2024-01-30,26.7,22.91,35.93,26048.93,26012.99,56.78,5,equal-weight sizing trim,2024-01-29,40.53,,5,-1,,63.48,,455,2024-02-05,48.49,,5,-1,,89.42,,462
SELL,825,POWL,2024-02-13,49.2,421.21,2024-01-30,26.7,5.62,10.36,9477.29,9466.92,84.18,10,equal-weight sizing trim,2024-01-29,40.53,,5,-1,,63.48,,455,2024-02-12,50.69,,5,-1,,91.81,,469
SELL,825,POWL,2024-03-12,50.98,3477.66,2024-01-30,28.85,50.17,88.65,76945.39,76856.75,76.59,29,ratchet-ATR exit,2024-01-29,40.53,,5,-1,,63.48,,455,2024-03-11,53.16,,5,-1,,78.2,,497
SELL,826,AAOI,2024-02-06,20.44,845.28,2024-01-30,17.19,7.27,8.64,2747.16,2738.52,18.85,5,equal-weight sizing trim,2024-01-29,18.84,,5,-1,,77.6,,231,2024-02-05,20.02,,5,-1,,80.89,,238
SELL,826,AAOI,2024-02-27,15.14,8056.47,2024-01-30,17.37,69.95,61.01,-17894.18,-17955.18,-12.83,19,rotation (out of top-N),2024-01-29,18.84,,5,-1,,77.6,,231,2024-02-26,15.4,,5,0.7,,26.16,,259
SELL,827,CYTK,2024-02-27,79.27,2079.44,2024-01-30,79.43,82.59,82.42,-341.14,-423.56,-0.26,19,rotation (out of top-N),2024-01-29,81.89,,5,1.3,,94.16,,42,2024-02-26,73.95,,5,-0.2,,60.8,,70
SELL,828,TWST,2024-02-27,41.04,4369.51,2024-01-30,34.07,74.43,89.66,30454.94,30365.28,20.4,19,rotation (out of top-N),2024-01-29,36.55,,5,-0.3,,60.6,,77,2024-02-26,38.87,,5,-0.4,,53.31,,105
SELL,829,CAMT,2024-02-06,79.51,1809.02,2024-01-30,79.52,71.93,71.92,-18.09,-90.01,-0.06,5,rotation (out of top-N),2024-01-29,79.7,,5,-0.7,,53.89,,350,2024-02-05,80.57,,5,-0.6,,51.62,,357
SELL,830,KYMR,2024-02-27,44.64,567.08,2024-02-06,33.57,9.52,12.66,6275.91,6263.26,32.9,14,equal-weight sizing trim,2024-02-05,37.25,,5,1.4,,67.06,,35,2024-02-26,43.51,,5,1.1,,87.45,,56
SELL,830,KYMR,2024-03-19,39.35,4969.25,2024-02-06,35.19,87.43,97.77,20688.66,20590.89,11.78,29,ratchet-ATR exit,2024-02-05,37.25,,5,1.4,,67.06,,35,2024-03-18,40.68,,5,-0.3,,66.44,,77
SELL,831,XPO,2024-02-13,114.66,205.29,2024-02-06,96.06,9.86,11.77,3819.51,3807.74,19.31,5,equal-weight sizing trim,2024-02-05,120.81,,5,-1,,65.11,,294,2024-02-12,120.39,,5,-1,,60.5,,301
SELL,831,XPO,2024-02-27,120.54,1394.79,2024-02-06,96.06,66.99,84.06,34151.35,34067.29,25.43,14,rotation (out of top-N),2024-02-05,120.81,,5,-1,,65.11,,294,2024-02-26,120.48,,5,-0.7,,53.12,,315
SELL,832,FLXS,2024-02-13,31.71,678.71,2024-02-06,26.86,9.12,10.76,3291.73,3280.97,18.0,5,equal-weight sizing trim,2024-02-05,32.47,,5,1.3,,69.65,,42,2024-02-12,31.88,,5,1.2,,62.84,,49
SELL,832,FLXS,2024-03-12,33.55,6104.5,2024-02-06,27.95,85.31,102.4,34194.08,34091.68,19.98,24,rotation (out of top-N),2024-02-05,32.47,,5,1.3,,69.65,,42,2024-03-11,32.54,,5,0.1,,52.17,,77
SELL,833,MPTI,2024-02-13,36.64,185.11,2024-02-06,33.78,3.13,3.39,529.41,526.02,8.41,5,equal-weight sizing trim,2024-02-05,35.71,,5,-1,,63.23,,999,2024-02-12,43.66,,5,-1,,91.94,,999
SELL,833,MPTI,2024-02-27,37.99,4364.8,2024-02-06,33.78,73.72,82.91,18375.8,18292.89,12.41,14,rotation (out of top-N),2024-02-05,35.71,,5,-1,,63.23,,999,2024-02-26,38.56,,5,-1.0,,59.9,,999
SELL,834,NET,2024-02-13,99.35,1902.88,2024-02-06,80.77,76.85,94.53,35355.56,35261.04,22.94,5,rotation (out of top-N),2024-02-05,107.91,,5,-0.5,,56.67,,98,2024-02-12,98.49,,5,0.2,,40.49,,105
SELL,835,APP,2024-02-27,59.88,3516.2,2024-02-13,45.46,79.92,105.27,50703.55,50598.27,31.65,9,rotation (out of top-N),2024-02-12,59.84,4.8,5,-1,1.2,63.32,2.75,280,2024-02-26,62.27,4.9,5,-1,1.1,62.15,2.84,294
SELL,836,COIN,2024-02-27,205.37,278.28,2024-02-13,138.11,19.22,28.58,18717.08,18688.5,48.63,9,equal-weight sizing trim,2024-02-12,180.23,6,5,-1,0.0,82.14,5.5,336,2024-02-26,205.85,6,5,-1,0.0,95.3,4.76,350
SELL,836,COIN,2024-03-12,257.94,80.15,2024-02-13,140.42,5.63,10.34,9419.33,9408.99,83.6,19,equal-weight sizing trim,2024-02-12,180.23,6,5,-1,0.0,82.14,5.5,336,2024-03-11,242.43,6,5,-1,0.0,110.92,6.4,364
SELL,836,COIN,2024-03-26,279.56,112.92,2024-02-13,153.89,8.69,15.78,14191.28,14175.49,81.58,29,equal-weight sizing trim,2024-02-12,180.23,6,5,-1,0.0,82.14,5.5,336,2024-03-25,265.0,6.0,5,-1,0.0,111.96,4.44,378
SELL,836,COIN,2024-04-16,220.06,1015.82,2024-02-13,166.71,84.67,111.77,54192.4,54080.63,31.93,43,ratchet-ATR exit,2024-02-12,180.23,6,5,-1,0.0,82.14,5.5,336,2024-04-15,210.89,5.7,5,-0.7,0.0,54.99,5.06,399
SELL,837,MSTR,2024-02-27,86.85,361.63,2024-02-13,65.5,11.84,15.7,7720.71,7705.01,32.53,9,equal-weight sizing trim,2024-02-12,69.73,,5,-1,,62.09,,371,2024-02-26,107.84,,5,-1,,134.41,,385
SELL,837,MSTR,2024-03-05,124.32,408.71,2024-02-13,65.5,13.39,25.41,24040.14,24014.74,89.71,14,equal-weight sizing trim,2024-02-12,69.73,,5,-1,,62.09,,371,2024-03-04,142.26,,5,-1,,191.48,,392
SELL,837,MSTR,2024-03-12,153.39,288.53,2024-02-13,65.5,9.45,22.13,25358.65,25336.52,134.07,19,equal-weight sizing trim,2024-02-12,69.73,,5,-1,,62.09,,371,2024-03-11,177.79,,5,-1,,238.36,,399
SELL,837,MSTR,2024-03-26,186.55,356.18,2024-02-13,76.58,13.64,33.22,39168.18,39134.95,143.47,29,equal-weight sizing trim,2024-02-12,69.73,,5,-1,,62.09,,371,2024-03-25,170.43,,5,-1,,188.43,,413
SELL,837,MSTR,2024-04-16,130.56,1768.94,2024-02-13,95.32,84.31,115.48,62341.03,62225.55,36.9,43,ratchet-ATR exit,2024-02-12,69.73,,5,-1,,62.09,,371,2024-04-15,117.2,,5,-1,,76.6,,434
SELL,838,CAMT,2024-02-27,80.22,2096.62,2024-02-13,76.24,79.92,84.1,8344.55,8260.45,5.17,9,rotation (out of top-N),2024-02-12,86.6,,5,-0.9,,58.5,,364,2024-02-26,80.78,,5,-0.1,,41.37,,378
SELL,839,WGS,2024-03-19,9.43,818.66,2024-02-27,8.36,3.42,3.86,877.42,873.56,12.77,15,equal-weight sizing trim,2024-02-26,8.49,,5,1.9,,95.6,,7,2024-03-18,8.64,,5,1.5,,88.71,,28
SELL,839,WGS,2024-04-02,8.94,1882.46,2024-02-27,8.41,7.92,8.41,993.05,984.63,6.22,24,equal-weight sizing trim,2024-02-26,8.49,,5,1.9,,95.6,,7,2024-04-01,9.93,,5,1.3,,108.9,,42
SELL,839,WGS,2024-04-09,10.35,1193.23,2024-02-27,8.41,5.02,6.17,2311.92,2305.75,22.97,29,equal-weight sizing trim,2024-02-26,8.49,,5,1.9,,95.6,,7,2024-04-08,9.62,,5,1.2,,97.98,,49
SELL,839,WGS,2024-04-23,10.83,2348.32,2024-02-27,8.42,9.88,12.72,5663.07,5650.35,28.58,39,equal-weight sizing trim,2024-02-26,8.49,,5,1.9,,95.6,,7,2024-04-22,11.12,,5,-0.0,,121.98,,63
SELL,839,WGS,2024-04-30,14.62,4400.22,2024-02-27,8.42,18.52,32.17,27288.09,27255.93,73.58,44,equal-weight sizing trim,2024-02-26,8.49,,5,1.9,,95.6,,7,2024-04-29,19.65,,5,-0.2,,269.19,,70
SELL,839,WGS,2024-05-07,20.02,3427.29,2024-02-27,8.42,14.43,34.31,39761.8,39727.49,137.69,49,equal-weight sizing trim,2024-02-26,8.49,,5,1.9,,95.6,,7,2024-05-06,20.72,,5,-0.3,,266.06,,77
SELL,839,WGS,2024-05-14,23.02,1533.26,2024-02-27,8.42,6.45,17.65,22388.01,22370.36,173.31,54,equal-weight sizing trim,2024-02-26,8.49,,5,1.9,,95.6,,7,2024-05-13,22.34,,5,-0.4,,266.92,,84
SELL,839,WGS,2024-06-04,21.25,36.04,2024-02-27,9.74,0.18,0.38,414.98,414.6,118.16,68,equal-weight sizing trim,2024-02-26,8.49,,5,1.9,,95.6,,7,2024-06-03,25.07,,5,-0.8,,239.59,,105
SELL,839,WGS,2024-06-11,25.24,1954.96,2024-02-27,9.74,9.52,24.67,30310.54,30285.87,159.13,73,equal-weight sizing trim,2024-02-26,8.49,,5,1.9,,95.6,,7,2024-06-10,28.77,,5,-0.9,,260.11,,112
SELL,839,WGS,2024-06-18,27.72,606.97,2024-02-27,9.74,2.95,8.41,10915.99,10907.58,184.59,78,equal-weight sizing trim,2024-02-26,8.49,,5,1.9,,95.6,,7,2024-06-17,27.46,,5,-1.0,,220.55,,119
SELL,839,WGS,2024-06-25,27.79,214.1,2024-02-27,9.74,1.04,2.97,3865.4,3862.43,185.31,82,equal-weight sizing trim,2024-02-26,8.49,,5,1.9,,95.6,,7,2024-06-24,26.17,,5,-1,,186.61,,126
SELL,839,WGS,2024-07-16,35.5,1693.36,2024-02-27,11.02,9.33,30.06,41448.6,41418.54,221.9,96,equal-weight sizing trim,2024-02-26,8.49,,5,1.9,,95.6,,7,2024-07-15,31.86,,5,-1,,184.05,,147
SELL,839,WGS,2024-08-06,28.94,12237.46,2024-02-27,13.0,79.55,177.08,195055.51,194878.44,122.49,111,ratchet-ATR exit,2024-02-26,8.49,,5,1.9,,95.6,,7,2024-08-05,32.72,,5,-1,,143.78,,168
SELL,840,DELL,2024-03-05,116.36,230.78,2024-02-27,89.55,10.33,13.43,6187.09,6173.67,29.87,5,equal-weight sizing trim,2024-02-26,120.15,5.0,5,-1,1.0,82.58,2.98,322,2024-03-04,112.01,6,5,-1,0.0,65.97,5.45,329
SELL,840,DELL,2024-03-12,112.86,1784.32,2024-02-27,89.55,79.89,100.69,41592.39,41491.7,25.97,10,rotation (out of top-N),2024-02-26,120.15,5.0,5,-1,1.0,82.58,2.98,322,2024-03-11,103.19,4.0,5,-0.5,1.5,49.68,2.24,336
SELL,841,ELF,2024-03-05,205.19,911.37,2024-02-27,198.0,90.23,93.5,6557.31,6463.81,3.58,5,rotation (out of top-N),2024-02-26,217.41,,5,-1,,69.15,,595,2024-03-04,200.96,,5,-0.7,,53.5,,602
SELL,842,ROOT,2024-03-05,40.78,3360.76,2024-02-27,21.35,35.88,68.53,65299.61,65231.09,90.91,5,equal-weight sizing trim,2024-02-26,39.11,,5,1.9,,273.09,,7,2024-03-04,45.8,,5,1.8,,298.0,,14
SELL,842,ROOT,2024-03-19,56.45,1260.87,2024-02-27,21.55,13.58,35.59,44008.28,43972.69,161.86,15,equal-weight sizing trim,2024-02-26,39.11,,5,1.9,,273.09,,7,2024-03-18,53.91,,5,1.5,,288.44,,28
SELL,842,ROOT,2024-04-02,56.52,99.91,2024-02-27,24.45,1.22,2.82,3204.29,3201.47,131.07,24,equal-weight sizing trim,2024-02-26,39.11,,5,1.9,,273.09,,7,2024-04-01,82.85,,5,1.3,,387.79,,42
SELL,842,ROOT,2024-04-09,79.37,879.45,2024-02-27,24.45,10.75,34.9,48301.76,48266.86,224.49,29,equal-weight sizing trim,2024-02-26,39.11,,5,1.9,,273.09,,7,2024-04-08,66.77,,5,1.2,,262.86,,49
SELL,842,ROOT,2024-04-16,61.52,3243.2,2024-02-27,24.45,39.64,99.77,120249.35,120149.58,151.53,34,ratchet-ATR exit,2024-02-26,39.11,,5,1.9,,273.09,,7,2024-04-15,51.8,,5,1.1,,166.37,,56
SELL,843,SYRE,2024-03-05,36.29,1777.28,2024-02-27,24.07,21.39,32.25,21727.29,21695.04,50.72,5,equal-weight sizing trim,2024-02-26,29.95,,5,-1,,96.86,,203,2024-03-04,37.98,,5,-1,,136.18,,210
SELL,843,SYRE,2024-03-12,39.72,386.0,2024-02-27,24.07,4.64,7.67,6042.88,6035.22,64.97,10,equal-weight sizing trim,2024-02-26,29.95,,5,-1,,96.86,,203,2024-03-11,45.28,,5,-1,,164.38,,217
SELL,843,SYRE,2024-04-16,37.77,172.77,2024-02-27,27.15,2.35,3.26,1835.94,1832.67,39.07,34,equal-weight sizing trim,2024-02-26,29.95,,5,-1,,96.86,,203,2024-04-15,32.2,,5,-0.9,,57.16,,252
SELL,843,SYRE,2024-04-23,35.32,6544.46,2024-02-27,27.15,88.84,115.58,53477.19,53361.62,30.03,39,ratchet-ATR exit,2024-02-26,29.95,,5,-1,,96.86,,203,2024-04-22,33.52,,5,-1.0,,59.92,,259
SELL,844,WING,2024-03-05,358.11,518.32,2024-02-27,348.15,90.23,92.81,5162.42,5069.61,2.81,5,rotation (out of top-N),2024-02-26,362.46,,5,-0.9,,68.73,,112,2024-03-04,350.11,,5,-1.0,,60.1,,119
SELL,845,ACMR,2024-03-05,30.83,1466.03,2024-02-27,22.0,16.13,22.6,12937.69,12915.09,40.03,5,equal-weight sizing trim,2024-02-26,33.92,,5,-1,,104.84,,259,2024-03-04,30.13,,5,-1,,76.55,,266
SELL,845,ACMR,2024-03-12,28.78,6734.44,2024-02-27,22.0,74.1,96.91,45625.86,45528.95,30.72,10,rotation (out of top-N),2024-02-26,33.92,,5,-1,,104.84,,259,2024-03-11,27.09,,5,-0.8,,55.01,,273
SELL,846,FIX,2024-03-05,315.58,629.39,2024-02-27,286.71,90.23,99.31,18170.39,18071.07,10.01,5,rotation (out of top-N),2024-02-26,311.41,5.7,5,-1,0.3,64.57,4.04,574,2024-03-04,307.77,4.2,5,-1.0,1.8,59.39,1.82,581
SELL,847,NVDA,2024-03-12,88.05,29.48,2024-02-27,79.67,1.17,1.3,247.06,245.76,10.46,10,equal-weight sizing trim,2024-02-26,82.19,5.3,5,-1,0.7,65.87,3.44,406,2024-03-11,87.79,6,5,-1,0.0,68.89,5.83,420
SELL,847,NVDA,2024-04-02,88.27,2532.32,2024-02-27,80.02,101.32,111.76,20889.74,20777.98,10.25,24,rotation (out of top-N),2024-02-26,82.19,5.3,5,-1,0.7,65.87,3.44,406,2024-04-01,87.93,4.3,5,-0.9,1.6,58.11,2.06,441
SELL,848,CVNA,2024-03-26,18.16,605.52,2024-02-27,14.71,4.45,5.5,2089.39,2083.89,23.4,20,equal-weight sizing trim,2024-02-26,16.6,6,5,-1,0.0,103.25,10.29,266,2024-03-25,17.58,5.5,5,-1,0.5,85.96,3.78,294
SELL,848,CVNA,2024-04-09,16.78,13927.53,2024-02-27,14.79,103.01,116.85,27688.81,27571.96,13.38,29,rotation (out of top-N),2024-02-26,16.6,6,5,-1,0.0,103.25,10.29,266,2024-04-08,15.0,4.3,5,-0.5,1.3,50.43,2.6,308
SELL,849,NTNX,2024-03-12,63.82,3232.89,2024-03-05,64.19,103.76,103.16,-1196.17,-1299.33,-0.63,5,rotation (out of top-N),2024-03-04,65.88,,5,-1,,61.77,,287,2024-03-11,63.13,,5,-0.6,,51.9,,294
SELL,850,VST,2024-03-12,57.53,11.59,2024-03-05,56.16,0.33,0.33,15.88,15.55,2.39,5,equal-weight sizing trim,2024-03-04,59.47,4.9,5,-1,1.1,73.34,2.81,357,2024-03-11,60.55,5.7,5,-1,0.3,71.9,4.05,364
SELL,850,VST,2024-03-19,61.67,130.67,2024-03-05,56.16,3.67,4.03,720.02,715.99,9.76,10,equal-weight sizing trim,2024-03-04,59.47,4.9,5,-1,1.1,73.34,2.81,357,2024-03-18,68.2,4.6,5,-1,1.4,87.75,2.37,371
SELL,850,VST,2024-03-26,70.75,123.96,2024-03-05,56.16,3.48,4.38,1808.54,1804.15,25.92,15,equal-weight sizing trim,2024-03-04,59.47,4.9,5,-1,1.1,73.34,2.81,357,2024-03-25,68.71,4.6,5,-1,1.4,83.56,2.36,378
SELL,850,VST,2024-04-02,68.81,42.6,2024-03-05,56.16,1.2,1.47,538.92,537.46,22.46,19,equal-weight sizing trim,2024-03-04,59.47,4.9,5,-1,1.1,73.34,2.81,357,2024-04-01,74.34,4.6,5,-1,1.4,92.32,2.35,385
SELL,850,VST,2024-04-23,66.67,3689.7,2024-03-05,57.23,105.57,123.0,34847.11,34724.11,16.45,34,ratchet-ATR exit,2024-03-04,59.47,4.9,5,-1,1.1,73.34,2.81,357,2024-04-22,71.76,5.4,5,-1,0.6,71.63,3.64,406
SELL,851,NMM,2024-03-12,44.49,1470.48,2024-03-05,33.29,24.48,32.71,16469.38,16436.67,33.58,5,equal-weight sizing trim,2024-03-04,43.85,,5,-0.6,,74.95,,98,2024-03-11,41.27,,5,-0.8,,61.36,,105
SELL,851,NMM,2024-03-19,41.89,4763.2,2024-03-05,33.29,79.28,99.77,40963.49,40863.73,25.77,10,rotation (out of top-N),2024-03-04,43.85,,5,-0.6,,74.95,,98,2024-03-18,41.49,,5,-0.8,,58.97,,112
SELL,852,BMA,2024-03-19,38.8,738.49,2024-03-12,33.17,12.25,14.33,4157.71,4143.39,16.91,5,equal-weight sizing trim,2024-03-11,37.22,,5,-1,,70.14,,448,2024-03-18,43.99,,5,-1,,95.42,,455
SELL,852,BMA,2024-03-26,44.5,195.46,2024-03-12,33.17,3.24,4.35,2214.59,2210.24,34.09,10,equal-weight sizing trim,2024-03-11,37.22,,5,-1,,70.14,,448,2024-03-25,40.93,,5,-1,,77.55,,462
SELL,852,BMA,2024-04-16,40.41,5776.7,2024-03-12,33.7,97.33,116.72,38785.78,38669.06,19.87,24,ratchet-ATR exit,2024-03-11,37.22,,5,-1,,70.14,,448,2024-04-15,42.41,,5,-1,,70.71,,483
SELL,853,LQDA,2024-03-19,15.56,1267.1,2024-03-12,13.8,8.74,9.86,2230.1,2220.25,12.7,5,equal-weight sizing trim,2024-03-11,15.89,,5,-0.4,,72.55,,84,2024-03-18,16.71,,5,-0.5,,77.56,,91
SELL,853,LQDA,2024-03-26,16.02,14081.35,2024-03-12,13.8,97.16,112.83,31331.0,31218.18,16.07,10,rotation (out of top-N),2024-03-11,15.89,,5,-0.4,,72.55,,84,2024-03-25,14.73,,5,-0.3,,54.17,,98
SELL,854,MPTI,2024-03-19,40.5,5114.92,2024-03-12,41.41,105.9,103.58,-4654.57,-4758.15,-2.25,5,rotation (out of top-N),2024-03-11,40.38,,5,-0.9,,57.77,,999,2024-03-18,40.15,,5,-0.6,,52.55,,999
SELL,855,HOOD,2024-03-19,17.66,12562.79,2024-03-12,16.86,105.9,110.93,10050.23,9939.3,4.69,5,rotation (out of top-N),2024-03-11,18.14,6.1,5,-0.5,0.8,61.29,3.96,91,2024-03-18,18.3,5.5,5,-0.6,1.3,59.74,3.16,98
SELL,856,WSM,2024-03-19,138.71,260.78,2024-03-12,115.09,15.01,18.09,6159.57,6141.49,20.46,5,equal-weight sizing trim,2024-03-11,137.05,4.6,5,-1,1.4,65.55,2.44,259,2024-03-18,150.79,4.2,5,-1,1.8,77.25,1.82,266
SELL,856,WSM,2024-04-02,150.93,68.5,2024-03-12,115.81,3.97,5.17,2405.88,2400.71,30.26,14,equal-weight sizing trim,2024-03-11,137.05,4.6,5,-1,1.4,65.55,2.44,259,2024-04-01,149.36,4.0,5,-1,2.0,66.46,1.51,280
SELL,856,WSM,2024-04-09,149.33,1543.84,2024-03-12,115.81,89.4,115.27,51752.09,51636.82,28.88,19,rotation (out of top-N),2024-03-11,137.05,4.6,5,-1,1.4,65.55,2.44,259,2024-04-08,139.67,3.2,5,-0.6,2.4,52.18,0.92,287
SELL,857,NTRA,2024-03-19,90.45,2381.61,2024-03-12,88.94,105.9,107.71,3620.05,3512.34,1.66,5,rotation (out of top-N),2024-03-11,89.49,,5,-0.5,,57.03,,98,2024-03-18,92.31,,5,-0.7,,59.05,,105
SELL,858,APP,2024-03-19,67.69,235.61,2024-03-12,61.0,7.19,7.97,1577.42,1569.45,10.92,5,equal-weight sizing trim,2024-03-11,63.12,5.6,5,-0.8,0.2,56.32,4.18,308,2024-03-18,71.25,4.9,5,-1,1.1,71.44,2.85,315
SELL,858,APP,2024-04-09,78.7,166.91,2024-03-12,61.53,5.14,6.57,2865.49,2858.92,27.84,19,equal-weight sizing trim,2024-03-11,63.12,5.6,5,-0.8,0.2,56.32,4.18,308,2024-04-08,75.5,5.1,5,-1,0.9,67.14,3.16,336
SELL,858,APP,2024-04-16,70.73,3270.81,2024-03-12,61.53,100.63,115.67,30084.28,29968.61,14.89,24,ratchet-ATR exit,2024-03-11,63.12,5.6,5,-0.8,0.2,56.32,4.18,308,2024-04-15,66.81,4.2,5,-0.2,1.1,44.8,2.92,343
SELL,859,DKS,2024-03-19,202.49,148.96,2024-03-12,172.06,12.81,15.08,4532.82,4517.74,17.63,5,equal-weight sizing trim,2024-03-11,199.98,,5,-0.2,,56.18,,84,2024-03-18,209.15,,5,-0.5,,60.73,,91
SELL,859,DKS,2024-04-02,209.88,1155.84,2024-03-12,174.47,100.83,121.29,40923.41,40802.12,20.23,14,rotation (out of top-N),2024-03-11,199.98,,5,-0.2,,56.18,,84,2024-04-01,198.44,,5,-0.1,,47.84,,105
SELL,860,MOD,2024-04-16,88.73,2650.97,2024-03-19,89.51,118.65,117.61,-2072.8,-2190.41,-0.92,19,rotation (out of top-N),2024-03-18,101.11,,5,-1,,85.36,,637,2024-04-15,83.7,,5,0.1,,38.59,,665
SELL,861,TPC,2024-04-02,14.71,1438.41,2024-03-19,12.83,9.23,10.58,2698.65,2688.07,14.56,9,equal-weight sizing trim,2024-03-18,13.84,,5,-1,,60.69,,238,2024-04-01,15.69,,5,-1,,73.86,,252
SELL,861,TPC,2024-04-09,15.4,15840.4,2024-03-19,12.83,101.65,121.97,40648.56,40526.58,19.93,14,rotation (out of top-N),2024-03-18,13.84,,5,-1,,60.69,,238,2024-04-08,13.82,,5,-0.5,,50.49,,259
SELL,862,ACMR,2024-03-26,30.92,8144.15,2024-03-19,26.89,109.5,125.91,32820.93,32695.02,14.93,5,rotation (out of top-N),2024-03-18,30.81,,5,-1,,71.59,,280,2024-03-25,29.15,,5,-0.9,,58.5,,287
SELL,863,ANF,2024-04-02,127.12,2005.43,2024-03-19,128.6,128.95,127.46,-2969.23,-3096.7,-1.2,9,rotation (out of top-N),2024-03-18,135.01,,5,-1,,82.29,,441,2024-04-01,120.8,,5,-0.7,,54.17,,455
SELL,864,TARS,2024-03-26,34.52,334.54,2024-03-19,29.75,4.98,5.78,1597.45,1591.67,15.99,5,equal-weight sizing trim,2024-03-18,33.6,,5,-1,,60.25,,126,2024-03-25,36.48,,5,-1,,70.28,,133
SELL,864,TARS,2024-04-02,35.38,7026.67,2024-03-19,29.75,104.52,124.32,39595.31,39470.99,18.88,9,rotation (out of top-N),2024-03-18,33.6,,5,-1,,60.25,,126,2024-04-01,34.73,,5,-1.0,,59.02,,140
SELL,865,KYMR,2024-04-02,37.95,6047.5,2024-03-26,40.09,121.24,114.77,-12941.66,-13056.42,-5.38,4,rotation (out of top-N),2024-03-25,40.16,,5,-0.4,,61.47,,84,2024-04-01,36.4,,5,0.3,,44.4,,91
SELL,866,FLXS,2024-04-02,37.03,461.64,2024-03-26,35.9,8.29,8.55,521.65,513.11,3.1,4,equal-weight sizing trim,2024-03-25,35.85,,5,-0.5,,61.23,,91,2024-04-01,38.66,,5,-0.6,,69.84,,98
SELL,866,FLXS,2024-04-16,37.3,321.45,2024-03-26,36.01,5.79,6.0,415.41,409.41,3.54,14,equal-weight sizing trim,2024-03-25,35.85,,5,-0.5,,61.23,,91,2024-04-15,36.0,,5,-0.5,,52.29,,112
SELL,866,FLXS,2024-04-23,36.68,6627.8,2024-03-26,36.01,119.33,121.55,4455.65,4334.09,1.82,19,rotation (out of top-N),2024-03-25,35.85,,5,-0.5,,61.23,,91,2024-04-22,36.31,,5,-0.5,,50.84,,119
SELL,867,CELC,2024-04-02,20.48,13618.35,2024-03-26,17.8,121.24,139.49,36497.17,36357.68,14.99,4,rotation (out of top-N),2024-03-25,21.5,,5,-1,,68.44,,133,2024-04-01,19.98,,5,-0.7,,53.83,,140
SELL,868,HOOD,2024-04-02,18.34,12550.45,2024-03-26,19.32,121.24,115.09,-12299.44,-12414.53,-5.12,4,rotation (out of top-N),2024-03-25,20.16,5.0,5,-0.8,1.5,71.93,2.65,105,2024-04-01,18.42,4.7,5,-0.6,1.3,54.36,2.81,112
SELL,869,DELL,2024-04-09,121.93,2057.38,2024-04-02,113.2,116.45,125.43,17960.96,17835.53,7.66,5,rotation (out of top-N),2024-04-01,127.99,4.4,5,-1,1.6,73.12,2.06,357,2024-04-08,113.56,4.8,5,-0.5,0.7,50.41,3.42,364
SELL,870,FTAI,2024-04-16,68.97,126.24,2024-04-02,65.42,4.13,4.35,448.49,444.14,5.38,10,equal-weight sizing trim,2024-04-01,71.11,,5,-1,,65.23,,469,2024-04-15,67.05,,5,-0.5,,49.24,,483
SELL,870,FTAI,2024-04-23,69.7,69.24,2024-04-02,65.42,2.26,2.41,296.55,294.13,6.49,15,equal-weight sizing trim,2024-04-01,71.11,,5,-1,,65.23,,469,2024-04-22,69.28,,5,-0.6,,51.08,,490
SELL,870,FTAI,2024-05-14,75.38,3860.35,2024-04-02,65.91,127.22,145.5,36557.34,36411.84,14.31,30,rotation (out of top-N),2024-04-01,71.11,,5,-1,,65.23,,469,2024-05-13,76.87,,5,-0.8,,56.19,,511
SELL,871,GHM,2024-04-09,30.11,7606.0,2024-04-02,30.62,116.45,114.51,-3879.06,-3993.57,-1.71,5,rotation (out of top-N),2024-04-01,31.03,,5,-1,,65.12,,560,2024-04-08,28.91,,5,-0.5,,50.61,,567
SELL,872,IESC,2024-04-09,129.83,1923.49,2024-04-02,121.08,116.45,124.86,16830.51,16705.65,7.17,5,rotation (out of top-N),2024-04-01,133.27,,5,-1,,67.86,,469,2024-04-08,122.74,,5,-0.6,,51.33,,476
SELL,873,ACMR,2024-04-09,30.89,7913.55,2024-04-02,29.43,116.45,122.21,11514.22,11392.01,4.89,5,rotation (out of top-N),2024-04-01,32.08,,5,-1,,70.04,,294,2024-04-08,28.59,,5,-0.4,,48.56,,301
SELL,874,CLS,2024-04-09,48.49,5221.88,2024-04-02,44.6,116.45,126.6,20313.11,20186.51,8.67,5,rotation (out of top-N),2024-04-01,49.36,,5,-1,,68.86,,490,2024-04-08,44.74,,5,-0.5,,49.25,,497
SELL,875,NKTR,2024-04-09,19.65,4024.81,2024-04-02,13.6,27.37,39.54,24350.12,24310.58,44.41,5,equal-weight sizing trim,2024-04-01,19.8,,5,1.2,,109.46,,49,2024-04-08,25.05,,5,1.1,,153.75,,56
SELL,875,NKTR,2024-04-16,23.25,2466.89,2024-04-02,13.6,16.77,28.68,23805.49,23776.81,70.87,10,equal-weight sizing trim,2024-04-01,19.8,,5,1.2,,109.46,,49,2024-04-15,18.97,,5,-0.0,,87.08,,63
SELL,875,NKTR,2024-05-07,24.6,419.81,2024-04-02,14.69,3.08,5.16,4162.27,4157.11,67.43,25,equal-weight sizing trim,2024-04-01,19.8,,5,1.2,,109.46,,49,2024-05-06,26.4,,5,-0.4,,134.48,,84
SELL,875,NKTR,2024-05-14,26.55,541.96,2024-04-02,14.69,3.98,7.19,6430.06,6422.86,80.7,30,equal-weight sizing trim,2024-04-01,19.8,,5,1.2,,109.46,,49,2024-05-13,26.33,,5,-0.5,,127.69,,91
SELL,875,NKTR,2024-06-04,20.48,12362.64,2024-04-02,15.46,95.54,126.59,62096.89,61970.3,32.43,44,ratchet-ATR exit,2024-04-01,19.8,,5,1.2,,109.46,,49,2024-06-03,18.9,,5,-0.5,,52.5,,112
SELL,876,ORKA,2024-04-09,19.88,7680.18,2024-04-02,11.29,43.35,76.34,65972.78,65896.44,76.0,5,equal-weight sizing trim,2024-04-01,19.91,,5,2.0,,63.41,,0,2024-04-08,20.81,,5,1.9,,68.17,,7
SELL,876,ORKA,2024-04-16,20.59,941.67,2024-04-02,11.29,5.32,9.69,8757.51,8747.81,82.28,10,equal-weight sizing trim,2024-04-01,19.91,,5,2.0,,63.41,,0,2024-04-15,21.78,,5,1.8,,73.04,,14
SELL,876,ORKA,2024-04-23,22.85,1284.22,2024-04-02,11.29,7.25,14.67,14845.63,14830.96,102.29,15,equal-weight sizing trim,2024-04-01,19.91,,5,2.0,,63.41,,0,2024-04-22,22.98,,5,1.7,,79.17,,21
SELL,876,ORKA,2024-05-07,20.65,12356.22,2024-04-02,12.65,78.14,127.58,98875.2,98747.63,63.19,25,ratchet-ATR exit,2024-04-01,19.91,,5,2.0,,63.41,,0,2024-05-06,22.72,,5,1.4,,71.32,,35
SELL,877,TARS,2024-04-16,35.11,210.31,2024-04-09,35.48,3.73,3.69,-77.81,-81.51,-1.09,5,equal-weight sizing trim,2024-04-08,36.16,,5,-1,,62.13,,147,2024-04-15,32.41,,5,-0.1,,42.95,,154
SELL,877,TARS,2024-04-23,32.26,7041.21,2024-04-09,35.48,124.91,113.56,-22707.92,-22821.47,-9.14,10,rotation (out of top-N),2024-04-08,36.16,,5,-1,,62.13,,147,2024-04-22,32.06,,5,-0.0,,40.24,,161
SELL,878,DNTH,2024-04-16,25.61,1093.89,2024-04-09,23.94,13.09,14.01,1826.79,1812.79,6.92,5,equal-weight sizing trim,2024-04-08,25.57,,5,-0.3,,61.37,,77,2024-04-15,23.22,,5,0.4,,44.07,,84
SELL,878,DNTH,2024-04-23,23.55,9653.14,2024-04-09,23.94,115.55,113.67,-3764.73,-3878.39,-1.68,10,rotation (out of top-N),2024-04-08,25.57,,5,-0.3,,61.37,,77,2024-04-22,21.68,,5,0.8,,32.7,,91
SELL,879,SPOT,2024-04-16,290.79,834.24,2024-04-09,308.4,128.64,121.29,-14699.32,-14820.61,-5.76,5,rotation (out of top-N),2024-04-08,300.71,,5,-0.7,,54.28,,427,2024-04-15,275.8,,5,0.0,,39.64,,434
SELL,880,NRG,2024-04-16,70.73,84.13,2024-04-09,71.88,3.02,2.98,-96.75,-99.73,-1.65,5,equal-weight sizing trim,2024-04-08,71.38,3.7,5,-0.7,2.0,54.5,1.48,280,2024-04-15,67.56,3.9,5,-0.2,1.2,43.64,2.64,287
SELL,880,NRG,2024-04-23,68.3,3495.22,2024-04-09,71.88,125.62,119.36,-12512.89,-12632.26,-5.03,10,rotation (out of top-N),2024-04-08,71.38,3.7,5,-0.7,2.0,54.5,1.48,280,2024-04-22,70.33,4.0,5,-0.3,1.4,46.84,2.44,294
SELL,881,NVDA,2024-04-16,86.42,2945.1,2024-04-09,87.36,128.64,127.26,-2768.39,-2895.65,-1.13,5,rotation (out of top-N),2024-04-08,88.18,4.1,5,-0.8,1.7,55.37,1.96,448,2024-04-15,76.16,3.6,5,0.4,1.0,32.4,2.99,455
SELL,882,CEG,2024-04-23,182.52,1355.43,2024-04-09,190.64,129.2,123.7,-11009.47,-11133.16,-4.31,10,rotation (out of top-N),2024-04-08,189.16,4.5,5,-0.7,1.2,53.39,2.7,301,2024-04-22,185.93,4.1,5,-0.3,1.1,45.56,2.8,315
SELL,883,NMM,2024-04-16,41.6,276.38,2024-04-09,41.37,5.72,5.75,63.57,57.82,0.51,5,equal-weight sizing trim,2024-04-08,42.38,,5,-0.7,,53.18,,133,2024-04-15,40.87,,5,-0.3,,45.29,,140
SELL,883,NMM,2024-04-23,42.05,116.14,2024-04-09,41.37,2.4,2.44,78.98,76.53,1.59,10,equal-weight sizing trim,2024-04-08,42.38,,5,-0.7,,53.18,,133,2024-04-22,44.28,,5,-0.7,,54.44,,147
SELL,883,NMM,2024-04-30,42.71,5826.58,2024-04-09,41.37,120.52,124.43,7807.61,7683.19,3.19,15,rotation (out of top-N),2024-04-08,42.38,,5,-0.7,,53.18,,133,2024-04-29,43.95,,5,-0.5,,50.59,,154
SELL,884,NTRA,2024-04-16,90.19,2691.25,2024-04-09,95.6,128.64,121.36,-14559.69,-14681.05,-5.71,5,rotation (out of top-N),2024-04-08,94.51,,5,-0.7,,53.83,,126,2024-04-15,85.43,,5,0.1,,37.05,,133
SELL,885,MU,2024-04-16,118.41,2074.37,2024-04-09,124.03,128.64,122.81,-11657.95,-11780.77,-4.58,5,rotation (out of top-N),2024-04-08,121.72,4.4,5,-0.6,1.2,52.2,2.69,420,2024-04-15,105.97,3.1,5,0.5,1.4,30.77,2.37,427
SELL,886,DELL,2024-04-23,112.67,21.63,2024-04-16,112.51,1.22,1.22,3.46,2.24,0.09,5,equal-weight sizing trim,2024-04-15,110.81,4.2,5,-0.2,1.0,43.99,2.97,371,2024-04-22,121.12,4.8,5,-0.7,0.9,53.87,3.2,378
SELL,886,DELL,2024-04-30,122.81,2174.56,2024-04-16,112.51,122.33,133.53,22397.96,22264.43,9.1,10,rotation (out of top-N),2024-04-15,110.81,4.2,5,-0.2,1.0,43.99,2.97,371,2024-04-29,121.09,4.1,5,-0.5,1.5,50.45,2.32,385
SELL,887,MCY,2024-04-23,53.49,4966.7,2024-04-16,49.75,123.55,132.83,18575.47,18442.63,7.46,5,rotation (out of top-N),2024-04-15,51.48,,5,-0.1,,42.79,,168,2024-04-22,49.57,,5,0.2,,35.5,,175
SELL,888,SMCI,2024-04-23,72.71,2745.48,2024-04-16,90.0,123.55,99.81,-47469.39,-47569.2,-19.25,5,ratchet-ATR exit,2024-04-15,71.4,4.7,5,-0.6,0.9,51.95,3.21,728,2024-04-22,85.79,6,5,-1,0.0,77.34,8.43,735
SELL,889,GHM,2024-04-23,28.02,8486.81,2024-04-16,29.11,123.55,118.9,-9293.05,-9411.96,-3.81,5,rotation (out of top-N),2024-04-15,28.0,,5,-0.2,,43.04,,574,2024-04-22,28.2,,5,-0.1,,41.29,,581
SELL,890,WSM,2024-04-23,136.82,1786.91,2024-04-16,138.28,123.55,122.24,-2608.88,-2731.13,-1.11,5,rotation (out of top-N),2024-04-15,135.37,3.6,5,-0.2,1.6,44.53,2.05,294,2024-04-22,136.86,3.1,5,-0.2,2.1,43.25,1.37,301
SELL,891,TPC,2024-04-23,13.71,555.34,2024-04-16,13.41,3.72,3.81,166.6,162.79,2.19,5,equal-weight sizing trim,2024-04-15,13.27,,5,-0.1,,42.18,,266,2024-04-22,17.75,,5,-1,,85.35,,273
SELL,891,TPC,2024-04-30,17.39,2550.55,2024-04-16,13.41,17.1,22.18,10151.19,10129.01,29.61,10,equal-weight sizing trim,2024-04-15,13.27,,5,-0.1,,42.18,,266,2024-04-29,17.95,,5,-1,,82.8,,280
SELL,891,TPC,2024-05-21,19.97,249.91,2024-04-16,13.69,1.71,2.5,1570.3,1567.81,45.84,25,equal-weight sizing trim,2024-04-15,13.27,,5,-0.1,,42.18,,266,2024-05-20,21.59,,5,-1,,101.93,,301
SELL,891,TPC,2024-06-04,21.22,1207.81,2024-04-16,13.69,8.27,12.81,9099.13,9086.32,54.97,34,equal-weight sizing trim,2024-04-15,13.27,,5,-0.1,,42.18,,266,2024-06-03,19.86,,5,-1,,75.85,,315
SELL,891,TPC,2024-06-11,19.59,14721.17,2024-04-16,13.69,100.74,144.19,86907.7,86763.5,43.06,39,ratchet-ATR exit,2024-04-15,13.27,,5,-0.1,,42.18,,266,2024-06-10,20.66,,5,-1,,78.03,,322
SELL,892,WING,2024-04-23,355.1,6.36,2024-04-16,354.85,1.13,1.13,1.59,0.46,0.02,5,equal-weight sizing trim,2024-04-15,343.62,,5,-0.1,,41.29,,161,2024-04-22,379.06,,5,-0.6,,52.79,,168
SELL,892,WING,2024-04-30,380.59,689.97,2024-04-16,354.85,122.42,131.3,17759.77,17628.47,7.2,10,rotation (out of top-N),2024-04-15,343.62,,5,-0.1,,41.29,,161,2024-04-29,384.27,,5,-0.6,,51.5,,175
SELL,893,GE,2024-04-23,156.21,61.35,2024-04-16,151.61,4.65,4.79,282.19,277.4,2.98,5,equal-weight sizing trim,2024-04-15,146.26,3.5,5,-0.1,1.6,41.05,2.16,511,2024-04-22,160.39,4.0,5,-0.6,1.6,51.98,2.05,518
SELL,893,GE,2024-04-30,161.9,1568.45,2024-04-16,151.61,118.9,126.97,16139.35,16012.38,6.73,10,rotation (out of top-N),2024-04-15,146.26,3.5,5,-0.1,1.6,41.05,2.16,511,2024-04-29,162.16,3.7,5,-0.6,1.9,51.07,1.69,525
SELL,894,CVNA,2024-04-23,14.49,957.75,2024-04-16,13.83,6.62,6.94,632.11,625.17,4.72,5,equal-weight sizing trim,2024-04-15,14.27,5.0,5,-0.0,0.1,40.74,4.42,315,2024-04-22,16.88,5.6,5,-1,0.4,63.35,3.95,322
SELL,894,CVNA,2024-04-30,16.39,653.84,2024-04-16,13.83,4.52,5.36,1673.83,1668.47,18.45,10,equal-weight sizing trim,2024-04-15,14.27,5.0,5,-0.0,0.1,40.74,4.42,315,2024-04-29,24.34,5.3,5,-1,0.7,127.01,3.44,329
SELL,894,CVNA,2024-05-07,24.78,4301.44,2024-04-16,13.83,29.74,53.29,47100.73,47047.44,79.09,15,equal-weight sizing trim,2024-04-15,14.27,5.0,5,-0.0,0.1,40.74,4.42,315,2024-05-06,23.35,6,5,-1,0.0,110.77,4.83,336
SELL,894,CVNA,2024-06-04,19.73,13541.48,2024-04-16,15.0,101.57,133.59,64043.33,63909.74,31.46,34,ratchet-ATR exit,2024-04-15,14.27,5.0,5,-0.0,0.1,40.74,4.42,315,2024-06-03,21.32,5.4,5,-1,0.6,72.16,3.54,364
SELL,895,JXN,2024-04-23,62.23,4165.43,2024-04-16,59.32,123.55,129.61,12121.41,11991.8,4.85,5,rotation (out of top-N),2024-04-15,60.18,,5,-0.0,,40.61,,217,2024-04-22,64.32,,5,-0.4,,47.27,,224
SELL,896,HCI,2024-04-23,111.91,2321.87,2024-04-16,106.42,123.55,129.92,12747.07,12617.15,5.11,5,rotation (out of top-N),2024-04-15,109.04,,5,0.0,,39.96,,406,2024-04-22,110.81,,5,0.0,,39.8,,413
SELL,897,BMA,2024-05-07,54.91,450.35,2024-04-23,46.63,10.5,12.36,3729.55,3717.18,17.7,10,equal-weight sizing trim,2024-04-22,43.69,,5,-1,,71.89,,490,2024-05-06,53.13,,5,-1,,96.48,,504
SELL,897,BMA,2024-05-21,56.75,237.47,2024-04-23,47.06,5.59,6.74,2301.12,2294.38,20.53,20,equal-weight sizing trim,2024-04-22,43.69,,5,-1,,71.89,,490,2024-05-20,49.63,,5,-1,,72.98,,518
SELL,897,BMA,2024-06-11,49.65,5910.6,2024-04-23,47.36,139.96,146.73,13541.0,13394.27,4.79,34,ratchet-ATR exit,2024-04-22,43.69,,5,-1,,71.89,,490,2024-06-10,54.22,,5,-1,,73.98,,539
SELL,898,MOD,2024-04-30,94.0,2804.78,2024-04-23,87.31,122.44,131.82,18763.95,18632.13,7.61,5,rotation (out of top-N),2024-04-22,96.75,,5,-0.8,,56.31,,672,2024-04-29,94.17,,5,-0.4,,48.65,,679
SELL,899,ROOT,2024-04-30,66.51,325.5,2024-04-23,56.54,9.2,10.82,3245.27,3234.44,17.57,5,equal-weight sizing trim,2024-04-22,64.52,,5,-0.0,,210.49,,63,2024-04-29,56.1,,5,-0.2,,155.83,,70
SELL,899,ROOT,2024-05-14,63.57,465.53,2024-04-23,56.46,13.14,14.8,3308.4,3293.6,12.53,15,equal-weight sizing trim,2024-04-22,64.52,,5,-0.0,,210.49,,63,2024-05-13,65.77,,5,-0.4,,166.37,,84
SELL,899,ROOT,2024-06-04,48.35,4921.45,2024-04-23,56.66,139.43,118.98,-40900.98,-41019.96,-14.71,29,ratchet-ATR exit,2024-04-22,64.52,,5,-0.0,,210.49,,63,2024-06-03,49.48,,5,-0.8,,78.03,,105
SELL,900,IESC,2024-04-30,134.98,62.2,2024-04-23,120.28,3.74,4.2,914.36,910.16,12.17,5,equal-weight sizing trim,2024-04-22,130.81,,5,-0.7,,54.98,,490,2024-04-29,161.54,,5,-1,,85.59,,497
SELL,900,IESC,2024-05-07,170.12,232.54,2024-04-23,120.28,13.99,19.78,11588.76,11568.98,41.36,10,equal-weight sizing trim,2024-04-22,130.81,,5,-0.7,,54.98,,490,2024-05-06,182.2,,5,-1,,102.59,,504
SELL,900,IESC,2024-06-04,142.0,2035.39,2024-04-23,125.87,128.09,144.52,32850.26,32705.74,12.77,29,rotation (out of top-N),2024-04-22,130.81,,5,-0.7,,54.98,,490,2024-06-03,128.81,,5,0.4,,31.84,,532
SELL,901,APP,2024-05-14,81.02,102.98,2024-04-23,69.55,3.58,4.17,1180.65,1176.48,16.43,15,equal-weight sizing trim,2024-04-22,73.82,4.7,5,-0.8,1.1,56.13,2.87,350,2024-05-13,82.52,4.8,5,-1,1.2,62.28,2.77,371
SELL,901,APP,2024-05-21,84.44,3768.41,2024-04-23,69.55,131.05,159.1,56112.42,55953.31,21.35,20,rotation (out of top-N),2024-04-22,73.82,4.7,5,-0.8,1.1,56.13,2.87,350,2024-05-20,82.17,4.2,5,-0.9,1.7,58.19,1.92,378
SELL,902,DAVE,2024-04-30,47.9,684.53,2024-04-23,39.2,13.42,16.39,5951.99,5935.6,22.12,5,equal-weight sizing trim,2024-04-22,43.52,,5,-1,,186.82,,140,2024-04-29,45.13,,5,-1,,179.21,,147
SELL,902,DAVE,2024-06-04,36.47,6960.99,2024-04-23,40.86,142.21,126.93,-30547.28,-30674.21,-10.79,29,ratchet-ATR exit,2024-04-22,43.52,,5,-1,,186.82,,140,2024-06-03,38.01,,5,-1,,81.96,,182
SELL,903,PI,2024-04-30,155.9,305.29,2024-04-23,121.58,18.56,23.8,10477.46,10453.66,28.16,5,equal-weight sizing trim,2024-04-22,150.91,,5,-0.8,,74.43,,105,2024-04-29,161.37,,5,-0.9,,81.58,,112
SELL,903,PI,2024-05-21,168.74,24.4,2024-04-23,125.76,1.53,2.06,1048.69,1046.63,34.1,20,equal-weight sizing trim,2024-04-22,150.91,,5,-0.8,,74.43,,105,2024-05-20,166.25,,5,-1,,71.58,,133
SELL,903,PI,2024-06-04,165.03,1885.22,2024-04-23,125.76,118.54,155.56,74040.87,73885.3,31.16,29,rotation (out of top-N),2024-04-22,150.91,,5,-0.8,,74.43,,105,2024-06-03,150.09,,5,-0.4,,47.87,,147
SELL,904,SMTC,2024-04-30,36.63,290.63,2024-04-23,32.38,4.71,5.32,1236.63,1231.31,13.08,5,equal-weight sizing trim,2024-04-22,35.76,,5,1.7,,56.83,,28,2024-04-29,39.03,,5,1.4,,69.22,,35
SELL,904,SMTC,2024-06-04,37.8,7924.74,2024-04-23,32.97,130.65,149.78,38255.64,38105.87,14.58,29,rotation (out of top-N),2024-04-22,35.76,,5,1.7,,56.83,,28,2024-06-03,31.2,,5,1.5,,26.93,,70
SELL,905,COIN,2024-05-07,227.65,1247.37,2024-04-23,223.35,139.3,141.98,5360.67,5218.68,1.87,10,rotation (out of top-N),2024-04-22,236.45,6,5,-1,0.0,69.55,5.2,406,2024-05-06,200.9,4.6,5,0.1,0.3,38.07,4.04,420
SELL,906,MSTR,2024-05-21,171.41,608.19,2024-04-23,127.59,38.8,52.13,26652.25,26600.13,34.28,20,equal-weight sizing trim,2024-04-22,128.17,,5,-1,,87.17,,441,2024-05-20,168.11,,5,-1,,113.21,,469
SELL,906,MSTR,2024-06-18,145.18,2095.37,2024-04-23,130.83,137.07,152.1,30062.71,29910.6,10.91,39,ratchet-ATR exit,2024-04-22,128.17,,5,-1,,87.17,,441,2024-06-17,148.51,,5,-1,,63.83,,497
SELL,907,FLXS,2024-04-30,36.46,6676.26,2024-04-23,36.68,122.44,121.71,-1468.78,-1590.48,-0.65,5,rotation (out of top-N),2024-04-22,36.31,,5,-0.5,,50.84,,119,2024-04-29,36.28,,5,-0.4,,47.98,,126
SELL,908,NVDA,2024-04-30,87.19,3031.13,2024-04-23,80.79,122.44,132.14,19399.24,19267.09,7.87,5,rotation (out of top-N),2024-04-22,87.67,5.5,5,-0.5,0.0,49.59,4.55,462,2024-04-29,88.72,4.0,5,-0.4,1.4,48.71,2.37,469
SELL,909,JXN,2024-04-30,63.88,3935.16,2024-04-23,62.23,122.44,125.69,6493.01,6367.33,2.6,5,rotation (out of top-N),2024-04-22,64.32,,5,-0.4,,47.27,,224,2024-04-29,65.87,,5,-0.4,,47.7,,231
SELL,910,VCTR,2024-04-30,48.04,5290.24,2024-04-23,46.29,122.44,127.07,9257.91,9130.84,3.73,5,rotation (out of top-N),2024-04-22,48.44,,5,-0.3,,46.96,,532,2024-04-29,48.97,,5,-0.3,,46.5,,539
SELL,911,TARS,2024-05-07,36.99,8405.45,2024-04-30,31.68,133.14,155.46,44632.91,44477.46,16.7,5,rotation (out of top-N),2024-04-29,36.86,,5,-0.9,,58.82,,168,2024-05-06,37.02,,5,-0.8,,56.16,,175
SELL,912,POWL,2024-05-07,54.41,5435.49,2024-04-30,48.99,133.14,147.87,29460.34,29312.47,11.01,5,rotation (out of top-N),2024-04-29,52.81,,5,-0.6,,52.62,,546,2024-05-06,55.55,,5,-0.9,,57.27,,553
SELL,913,SMCI,2024-05-21,88.8,372.25,2024-04-30,85.82,15.97,16.53,1108.35,1091.82,3.42,15,equal-weight sizing trim,2024-04-29,78.3,5.4,5,-0.9,0.5,58.19,3.79,742,2024-05-20,88.36,5.3,5,-1,0.7,64.13,3.42,763
SELL,913,SMCI,2024-06-04,77.38,3582.23,2024-04-30,85.82,153.72,138.6,-30243.32,-30381.92,-9.88,24,rotation (out of top-N),2024-04-29,78.3,5.4,5,-0.9,0.5,58.19,3.79,742,2024-06-03,76.9,4.6,5,0.2,0.2,36.39,4.24,777
SELL,914,DNTH,2024-05-07,23.31,12365.2,2024-04-30,21.54,133.14,144.12,21948.22,21804.11,8.19,5,rotation (out of top-N),2024-04-29,25.67,,5,-0.3,,54.09,,98,2024-05-06,24.54,,5,0.0,,44.74,,105
SELL,915,CRS,2024-05-07,101.38,3178.38,2024-04-30,83.78,133.14,161.11,55939.45,55778.34,20.95,5,rotation (out of top-N),2024-04-29,102.91,,5,-0.7,,53.64,,546,2024-05-06,103.67,,5,-0.6,,52.13,,553
SELL,916,SYRE,2024-05-14,37.8,172.76,2024-04-30,35.06,3.03,3.27,473.21,469.94,7.76,10,equal-weight sizing trim,2024-04-29,35.79,,5,-1,,66.57,,266,2024-05-13,37.84,,5,-1,,66.39,,280
SELL,916,SYRE,2024-05-21,36.76,8076.65,2024-04-30,35.06,141.59,148.45,13723.14,13574.69,4.79,15,rotation (out of top-N),2024-04-29,35.79,,5,-1,,66.57,,266,2024-05-20,32.96,,5,-0.1,,41.68,,287
SELL,917,TMDX,2024-05-07,132.79,543.74,2024-04-30,95.98,26.09,36.1,20014.89,19978.79,38.28,5,equal-weight sizing trim,2024-04-29,127.63,,5,-1,,75.58,,126,2024-05-06,129.9,,5,-1,,75.7,,133
SELL,917,TMDX,2024-05-21,138.0,7.56,2024-04-30,97.26,0.37,0.52,308.07,307.55,41.81,15,equal-weight sizing trim,2024-04-29,127.63,,5,-1,,75.58,,126,2024-05-20,140.26,,5,-1,,80.66,,147
SELL,917,TMDX,2024-06-11,143.56,67.55,2024-04-30,97.31,3.29,4.85,3124.24,3119.4,47.45,29,equal-weight sizing trim,2024-04-29,127.63,,5,-1,,75.58,,126,2024-06-10,141.88,,5,-1,,70.36,,168
SELL,917,TMDX,2024-06-25,141.25,20.8,2024-04-30,99.7,1.04,1.47,863.92,862.45,41.6,38,equal-weight sizing trim,2024-04-29,127.63,,5,-1,,75.58,,126,2024-06-24,150.48,,5,-1,,71.7,,182
SELL,917,TMDX,2024-07-02,148.09,31.46,2024-04-30,99.7,1.57,2.33,1522.38,1520.05,48.47,43,equal-weight sizing trim,2024-04-29,127.63,,5,-1,,75.58,,126,2024-07-01,152.37,,5,-1,,69.14,,189
SELL,917,TMDX,2024-07-23,148.69,2679.66,2024-04-30,106.29,142.41,199.22,113618.47,113419.25,39.82,57,rotation (out of top-N),2024-04-29,127.63,,5,-1,,75.58,,126,2024-07-22,140.68,,5,-0.2,,44.39,,210
SELL,918,VST,2024-05-14,87.76,133.87,2024-04-30,77.05,5.16,5.87,1433.72,1427.85,13.84,10,equal-weight sizing trim,2024-04-29,80.33,4.6,5,-1,1.4,86.19,2.33,413,2024-05-13,92.83,5.0,5,-1,1.0,100.3,2.93,427
SELL,918,VST,2024-06-04,91.16,80.41,2024-04-30,77.16,3.1,3.67,1125.76,1122.09,18.08,24,equal-weight sizing trim,2024-04-29,80.33,4.6,5,-1,1.4,86.19,2.33,413,2024-06-03,83.9,6,5,-1,0.0,63.93,5.63,448
SELL,918,VST,2024-06-25,86.65,237.76,2024-04-30,78.32,9.31,10.3,1979.83,1969.53,10.58,38,equal-weight sizing trim,2024-04-29,80.33,4.6,5,-1,1.4,86.19,2.33,413,2024-06-24,85.12,4.9,5,-0.7,0.8,54.26,3.23,469
SELL,918,VST,2024-07-09,91.42,67.86,2024-04-30,78.63,2.67,3.1,867.71,864.61,16.2,47,equal-weight sizing trim,2024-04-29,80.33,4.6,5,-1,1.4,86.19,2.33,413,2024-07-08,90.3,4.5,5,-0.8,1.3,55.52,2.59,483
SELL,918,VST,2024-07-16,85.31,3917.53,2024-04-30,78.63,154.02,167.1,26154.19,25987.09,8.44,52,rotation (out of top-N),2024-04-29,80.33,4.6,5,-1,1.4,86.19,2.33,413,2024-07-15,75.65,3.6,5,0.6,1.1,27.83,3.25,490
SELL,919,PRAX,2024-05-07,52.48,4576.91,2024-04-30,58.18,133.14,120.1,-26088.38,-26208.47,-9.84,5,rotation (out of top-N),2024-04-29,54.73,,5,-1,,72.27,,133,2024-05-06,48.98,,5,-0.5,,50.09,,140
SELL,920,MOD,2024-05-14,102.0,2928.81,2024-05-07,101.08,148.03,149.38,2694.5,2545.13,0.86,5,rotation (out of top-N),2024-05-06,103.11,,5,-1.0,,59.08,,686,2024-05-13,102.19,,5,-0.7,,54.33,,693
SELL,921,THC,2024-05-14,127.17,2402.49,2024-05-07,123.23,148.03,152.77,9477.81,9325.05,3.15,5,rotation (out of top-N),2024-05-06,127.06,,5,-0.9,,57.32,,133,2024-05-13,128.39,,5,-0.8,,56.33,,140
SELL,922,BLBD,2024-05-14,49.03,1801.96,2024-05-07,36.88,33.22,44.17,21902.79,21858.61,32.9,5,equal-weight sizing trim,2024-05-06,48.75,,5,-1,,83.23,,140,2024-05-13,53.09,,5,-1,,93.72,,147
SELL,922,BLBD,2024-05-21,55.31,475.5,2024-05-07,36.88,8.77,13.15,8765.79,8752.64,49.92,10,equal-weight sizing trim,2024-05-06,48.75,,5,-1,,83.23,,140,2024-05-20,54.63,,5,-1,,93.53,,154
SELL,922,BLBD,2024-06-04,54.87,57.58,2024-05-07,36.88,1.06,1.58,1035.88,1034.3,48.71,19,equal-weight sizing trim,2024-05-06,48.75,,5,-1,,83.23,,140,2024-06-03,56.29,,5,-1,,87.8,,168
SELL,922,BLBD,2024-07-02,51.14,6143.4,2024-05-07,38.23,117.42,157.09,79341.47,79184.38,33.72,38,rotation (out of top-N),2024-05-06,48.75,,5,-1,,83.23,,140,2024-07-01,46.54,,5,-0.0,,40.3,,196
SELL,923,NRG,2024-05-14,79.87,3913.01,2024-05-07,75.66,148.03,156.27,16473.78,16317.52,5.51,5,rotation (out of top-N),2024-05-06,81.23,4.2,5,-1,1.8,62.43,1.87,308,2024-05-13,79.9,4.5,5,-0.8,1.3,56.25,2.49,315
SELL,924,CEG,2024-05-14,210.53,1514.99,2024-05-07,195.42,148.03,159.48,22891.44,22731.96,7.68,5,rotation (out of top-N),2024-05-06,212.1,4.4,5,-1.0,1.6,59.53,2.17,329,2024-05-13,210.21,4.3,5,-0.8,1.5,55.03,2.3,336
SELL,925,NTRA,2024-05-14,103.68,113.68,2024-05-07,96.81,5.5,5.89,781.58,775.69,7.05,5,equal-weight sizing trim,2024-05-06,105.07,,5,-1.0,,59.15,,154,2024-05-13,106.44,,5,-0.9,,58.2,,161
SELL,925,NTRA,2024-05-21,106.67,2944.61,2024-05-07,96.81,142.53,157.06,29063.34,28906.28,10.14,10,rotation (out of top-N),2024-05-06,105.07,,5,-1.0,,59.15,,154,2024-05-20,109.41,,5,-1.0,,59.26,,168
SELL,926,POWL,2024-05-14,52.24,5441.25,2024-05-07,54.41,148.03,142.13,-11807.52,-11949.64,-4.04,5,rotation (out of top-N),2024-05-06,55.55,,5,-0.9,,57.27,,553,2024-05-13,52.15,,5,-0.3,,45.0,,560
SELL,927,DBD,2024-05-21,43.77,7172.29,2024-05-14,42.55,152.57,156.95,8750.19,8593.24,2.82,5,rotation (out of top-N),2024-05-13,44.53,,5,-1,,60.27,,322,2024-05-20,44.59,,5,-0.9,,57.03,,329
SELL,928,DELL,2024-05-21,140.38,166.2,2024-05-14,125.46,10.43,11.67,2479.76,2468.09,11.84,5,equal-weight sizing trim,2024-05-13,144.72,4.3,5,-1,1.7,70.88,1.89,399,2024-05-20,155.16,5.0,5,-1,1.0,77.81,2.99,406
SELL,928,DELL,2024-06-04,128.21,2266.01,2024-05-14,125.46,142.15,145.26,6231.51,6086.25,2.14,14,rotation (out of top-N),2024-05-13,144.72,4.3,5,-1,1.7,70.88,1.89,399,2024-06-03,125.61,4.9,5,0.1,0.0,38.31,9.56,420
SELL,929,EMBJ,2024-05-21,30.4,11510.56,2024-05-14,26.51,152.57,174.96,44776.07,44601.11,14.62,5,rotation (out of top-N),2024-05-13,30.68,,5,-1,,62.85,,182,2024-05-20,28.81,,5,-0.5,,50.16,,189
SELL,930,SE,2024-05-21,71.91,4552.36,2024-05-14,67.03,152.57,163.68,22215.53,22051.85,7.23,5,rotation (out of top-N),2024-05-13,73.74,,5,-0.2,,61.0,,70,2024-05-20,71.99,,5,-0.0,,54.38,,77
SELL,931,ORKA,2024-05-21,21.3,13826.23,2024-05-14,22.07,152.57,147.25,-10646.2,-10793.45,-3.54,5,rotation (out of top-N),2024-05-13,21.72,,5,1.3,,61.18,,42,2024-05-20,21.56,,5,1.3,,57.56,,49
SELL,932,TWST,2024-05-21,44.95,6212.87,2024-05-14,49.12,152.57,139.62,-25907.65,-26047.27,-8.54,5,rotation (out of top-N),2024-05-13,47.05,,5,-1.0,,59.53,,182,2024-05-20,42.25,,5,-0.0,,40.54,,189
SELL,933,POWL,2024-06-04,54.65,5799.76,2024-05-21,54.82,158.97,158.48,-985.96,-1144.44,-0.36,9,rotation (out of top-N),2024-05-20,66.75,,5,-1,,80.47,,567,2024-06-03,52.56,,5,0.2,,36.81,,581
SELL,934,FTAI,2024-06-04,81.38,161.21,2024-05-21,79.49,6.41,6.56,304.68,298.12,2.33,9,equal-weight sizing trim,2024-05-20,82.87,,5,-1,,64.28,,518,2024-06-03,80.49,,5,-0.6,,52.52,,532
SELL,934,FTAI,2024-06-18,87.85,45.21,2024-05-21,79.52,1.8,1.99,376.45,374.46,10.42,19,equal-weight sizing trim,2024-05-20,82.87,,5,-1,,64.28,,518,2024-06-17,91.17,,5,-1,,64.64,,546
SELL,934,FTAI,2024-06-25,90.91,185.02,2024-05-21,79.52,7.36,8.41,2106.77,2098.36,14.26,23,equal-weight sizing trim,2024-05-20,82.87,,5,-1,,64.28,,518,2024-06-24,101.39,,5,-1,,77.59,,553
SELL,934,FTAI,2024-07-02,102.56,302.78,2024-05-21,79.52,12.04,15.53,6975.1,6959.57,28.9,28,equal-weight sizing trim,2024-05-20,82.87,,5,-1,,64.28,,518,2024-07-01,103.9,,5,-1,,76.61,,560
SELL,934,FTAI,2024-07-23,104.33,125.91,2024-05-21,82.71,5.21,6.57,2722.57,2716.0,26.08,42,equal-weight sizing trim,2024-05-20,82.87,,5,-1,,64.28,,518,2024-07-22,110.63,,5,-1,,72.77,,581
SELL,934,FTAI,2024-07-30,111.49,29.01,2024-05-21,82.71,1.2,1.62,835.01,833.4,34.73,47,equal-weight sizing trim,2024-05-20,82.87,,5,-1,,64.28,,518,2024-07-29,100.21,,5,-0.6,,52.61,,588
SELL,934,FTAI,2024-08-06,95.91,3742.4,2024-05-21,82.71,154.76,179.47,49409.89,49230.42,15.91,52,ratchet-ATR exit,2024-05-20,82.87,,5,-1,,64.28,,518,2024-08-05,102.73,,5,-0.6,,52.69,,595
SELL,935,MRNA,2024-06-04,146.41,2296.36,2024-05-21,138.46,158.97,168.11,18267.56,18099.45,5.69,9,rotation (out of top-N),2024-05-20,166.66,6.0,5,1.1,2.2,66.29,2.86,56,2024-06-03,151.05,6.2,5,0.4,0.8,48.16,5.61,70
SELL,936,FSLR,2024-06-04,275.48,469.22,2024-05-21,198.32,46.53,64.63,36205.04,36140.41,38.84,9,equal-weight sizing trim,2024-05-20,276.86,5.6,5,1.4,3.3,67.3,1.73,35,2024-06-03,267.3,6.4,5,1.3,1.8,57.34,3.54,49
SELL,936,FSLR,2024-06-18,254.31,1135.29,2024-05-21,198.42,112.63,144.36,63457.6,63313.24,28.11,19,rotation (out of top-N),2024-05-20,276.86,5.6,5,1.4,3.3,67.3,1.73,35,2024-06-17,258.71,5.9,5,0.5,1.4,48.47,3.83,63
SELL,937,NVDA,2024-06-04,115.64,699.84,2024-05-21,93.48,32.71,40.46,15508.49,15468.02,23.64,9,equal-weight sizing trim,2024-05-20,106.41,4.2,5,-1,1.8,67.16,1.87,490,2024-06-03,120.77,5.0,5,-1,1.0,80.12,3.07,504
SELL,937,NVDA,2024-06-11,121.72,58.44,2024-05-21,93.48,2.73,3.56,1650.23,1646.68,30.14,14,equal-weight sizing trim,2024-05-20,106.41,4.2,5,-1,1.8,67.16,1.87,490,2024-06-10,131.91,4.8,5,-1,1.2,90.59,2.7,511
SELL,937,NVDA,2024-06-18,131.1,76.33,2024-05-21,93.48,3.57,5.0,2871.57,2866.57,40.17,19,equal-weight sizing trim,2024-05-20,106.41,4.2,5,-1,1.8,67.16,1.87,490,2024-06-17,126.79,4.6,5,-1,1.4,77.86,2.39,518
SELL,937,NVDA,2024-06-25,121.14,2566.58,2024-05-21,93.48,119.96,155.46,70991.5,70836.04,29.52,23,ratchet-ATR exit,2024-05-20,106.41,4.2,5,-1,1.8,67.16,1.87,490,2024-06-24,123.37,5.4,5,-1,0.6,68.24,3.67,525
SELL,938,CEG,2024-06-04,203.87,1489.68,2024-05-21,213.43,158.97,151.85,-14241.36,-14393.21,-4.53,9,rotation (out of top-N),2024-05-20,227.59,4.2,5,-1,1.8,64.08,1.76,343,2024-06-03,195.58,4.3,5,0.2,0.5,36.07,3.77,357
SELL,939,CLS,2024-06-04,54.63,6086.19,2024-05-21,52.24,158.97,166.24,14546.0,14379.76,4.52,9,rotation (out of top-N),2024-05-20,58.79,,5,-1,,71.45,,539,2024-06-03,52.23,,5,-0.3,,45.64,,553
SELL,940,ANF,2024-06-04,171.04,368.35,2024-05-21,144.87,26.68,31.5,9641.66,9610.16,18.01,9,equal-weight sizing trim,2024-05-20,150.12,,5,-1.0,,59.77,,504,2024-06-03,175.34,,5,-1,,75.26,,518
SELL,940,ANF,2024-06-11,186.62,102.53,2024-05-21,144.87,7.43,9.57,4280.51,4270.94,28.75,14,equal-weight sizing trim,2024-05-20,150.12,,5,-1.0,,59.77,,504,2024-06-10,186.0,,5,-1,,79.95,,525
SELL,940,ANF,2024-06-25,170.75,1827.84,2024-05-21,147.1,134.44,156.05,43215.78,43059.73,16.01,23,ratchet-ATR exit,2024-05-20,150.12,,5,-1.0,,59.77,,504,2024-06-24,177.8,,5,-1,,62.24,,539
SELL,941,THC,2024-06-11,136.79,2.29,2024-06-04,132.63,0.15,0.16,9.52,9.37,3.08,5,equal-weight sizing trim,2024-06-03,133.71,,5,-0.7,,54.5,,161,2024-06-10,137.97,,5,-0.8,,56.57,,168
SELL,941,THC,2024-06-25,135.0,2469.05,2024-06-04,132.81,163.95,166.66,5412.3,5245.63,1.6,14,rotation (out of top-N),2024-06-03,133.71,,5,-0.7,,54.5,,161,2024-06-24,132.98,,5,-0.3,,45.56,,182
SELL,942,INSM,2024-06-11,59.7,151.8,2024-06-04,56.36,4.28,4.53,507.78,503.25,5.88,5,equal-weight sizing trim,2024-06-03,56.84,,5,1.9,,103.01,,7,2024-06-10,63.91,,5,1.8,,120.84,,14
SELL,942,INSM,2024-06-18,64.1,138.8,2024-06-04,56.36,3.91,4.45,1074.31,1069.86,13.68,10,equal-weight sizing trim,2024-06-03,56.84,,5,1.9,,103.01,,7,2024-06-17,68.06,,5,1.7,,127.04,,21
SELL,942,INSM,2024-06-25,69.48,480.21,2024-06-04,56.36,13.53,16.68,6302.75,6286.07,23.23,14,equal-weight sizing trim,2024-06-03,56.84,,5,1.9,,103.01,,7,2024-06-24,66.99,,5,1.5,,116.12,,28
SELL,942,INSM,2024-07-09,70.06,57.43,2024-06-04,57.13,1.64,2.01,742.22,740.21,22.56,23,equal-weight sizing trim,2024-06-03,56.84,,5,1.9,,103.01,,7,2024-07-08,76.69,,5,1.3,,129.45,,42
SELL,942,INSM,2024-07-16,78.56,79.11,2024-06-04,57.13,2.26,3.11,1695.24,1692.14,37.44,28,equal-weight sizing trim,2024-06-03,56.84,,5,1.9,,103.01,,7,2024-07-15,75.88,,5,1.2,,118.66,,49
SELL,942,INSM,2024-08-06,71.84,5574.16,2024-06-04,58.87,164.09,200.22,72269.78,72069.55,21.96,43,ratchet-ATR exit,2024-06-03,56.84,,5,1.9,,103.01,,7,2024-08-05,73.98,,5,-0.2,,92.85,,70
SELL,943,ASTS,2024-06-18,12.4,10934.77,2024-06-04,8.32,45.5,67.8,44593.59,44525.79,48.93,10,equal-weight sizing trim,2024-06-03,8.62,,5,1.9,,120.0,,7,2024-06-17,10.09,,5,1.7,,138.34,,21
SELL,943,ASTS,2024-07-02,10.69,903.58,2024-06-04,8.63,3.9,4.83,1863.47,1858.64,23.84,19,equal-weight sizing trim,2024-06-03,8.62,,5,1.9,,120.0,,7,2024-07-01,12.39,,5,1.4,,167.0,,35
SELL,943,ASTS,2024-07-09,12.05,2345.26,2024-06-04,8.63,10.12,14.13,8026.23,8012.1,39.6,23,equal-weight sizing trim,2024-06-03,8.62,,5,1.9,,120.0,,7,2024-07-08,12.98,,5,1.3,,166.42,,42
SELL,943,ASTS,2024-07-16,13.59,625.87,2024-06-04,8.63,2.7,4.25,3105.75,3101.5,57.44,28,equal-weight sizing trim,2024-06-03,8.62,,5,1.9,,120.0,,7,2024-07-15,12.85,,5,1.2,,151.14,,49
SELL,943,ASTS,2024-07-30,19.41,9099.62,2024-06-04,8.84,40.2,88.31,96226.34,96138.02,119.58,38,equal-weight sizing trim,2024-06-03,8.62,,5,1.9,,120.0,,7,2024-07-29,18.5,,5,-0.0,,213.49,,63
SELL,943,ASTS,2024-08-06,19.3,208.59,2024-06-04,8.84,0.92,2.01,2183.85,2181.84,118.39,43,equal-weight sizing trim,2024-06-03,8.62,,5,1.9,,120.0,,7,2024-08-05,21.21,,5,-0.2,,235.2,,70
SELL,943,ASTS,2024-08-20,38.8,9607.23,2024-06-04,9.13,43.86,186.36,284989.03,284802.67,324.66,53,equal-weight sizing trim,2024-06-03,8.62,,5,1.9,,120.0,,7,2024-08-19,32.87,,5,-0.4,,327.06,,84
SELL,943,ASTS,2024-09-10,26.43,14735.89,2024-06-04,13.15,96.88,194.77,195775.29,195580.52,100.94,67,ratchet-ATR exit,2024-06-03,8.62,,5,1.9,,120.0,,7,2024-09-09,29.83,,5,-0.8,,216.23,,105
SELL,944,INOD,2024-06-11,15.01,310.81,2024-06-04,14.36,2.23,2.33,202.03,199.7,4.47,5,equal-weight sizing trim,2024-06-03,14.57,,5,1.8,,73.04,,14,2024-06-10,15.17,,5,1.7,,77.47,,21
SELL,944,INOD,2024-06-25,13.69,22673.11,2024-06-04,14.39,163.09,155.14,-15900.07,-16055.21,-4.92,14,ratchet-ATR exit,2024-06-03,14.57,,5,1.8,,73.04,,14,2024-06-24,14.83,,5,1.4,,67.32,,35
SELL,945,EAT,2024-06-11,67.03,4358.28,2024-06-04,71.64,156.11,146.07,-20091.67,-20237.73,-6.48,5,ratchet-ATR exit,2024-06-03,68.95,,5,-0.9,,58.63,,175,2024-06-10,67.49,,5,-0.6,,52.08,,182
SELL,946,RDNT,2024-06-11,61.02,5334.94,2024-06-04,58.52,156.11,162.78,13337.34,13174.56,4.22,5,rotation (out of top-N),2024-06-03,61.27,,5,-0.7,,53.88,,504,2024-06-10,58.27,,5,-0.2,,43.79,,511
SELL,947,HOOD,2024-06-11,22.84,733.86,2024-06-04,21.07,7.73,8.38,1298.93,1290.55,8.35,5,equal-weight sizing trim,2024-06-03,22.2,6,5,-1,0.0,62.87,5.13,175,2024-06-10,22.41,5.4,5,-1,0.6,61.0,3.63,182
SELL,947,HOOD,2024-07-02,22.48,167.98,2024-06-04,21.14,1.78,1.89,223.53,221.64,6.24,19,equal-weight sizing trim,2024-06-03,22.2,6,5,-1,0.0,62.87,5.13,175,2024-07-01,22.65,4.5,5,-0.6,1.1,52.43,2.85,203
SELL,947,HOOD,2024-07-09,22.3,15252.07,2024-06-04,21.14,161.25,170.06,17625.77,17455.71,5.41,23,rotation (out of top-N),2024-06-03,22.2,6,5,-1,0.0,62.87,5.13,175,2024-07-08,22.27,4.3,5,-0.3,1.1,46.86,2.88,210
SELL,948,NMM,2024-06-11,50.11,6526.49,2024-06-04,47.84,156.11,163.52,14815.12,14651.6,4.69,5,rotation (out of top-N),2024-06-03,51.14,,5,-0.9,,57.92,,189,2024-06-10,46.7,,5,-0.1,,41.44,,196
SELL,949,TWST,2024-06-11,49.59,407.73,2024-06-04,45.28,9.23,10.11,1755.29,1745.19,9.45,5,equal-weight sizing trim,2024-06-03,50.49,,5,-1,,61.36,,203,2024-06-10,49.88,,5,-0.8,,55.97,,210
SELL,949,TWST,2024-06-25,49.26,92.29,2024-06-04,45.48,2.1,2.27,349.1,346.83,8.26,14,equal-weight sizing trim,2024-06-03,50.49,,5,-1,,61.36,,203,2024-06-24,49.34,,5,-0.4,,47.48,,224
SELL,949,TWST,2024-07-02,48.25,6727.12,2024-06-04,45.48,152.97,162.29,18651.18,18488.89,6.04,19,rotation (out of top-N),2024-06-03,50.49,,5,-1,,61.36,,203,2024-07-01,48.47,,5,-0.1,,41.89,,231
SELL,950,NTRA,2024-06-11,111.42,2871.19,2024-06-04,108.75,156.11,159.96,7694.78,7534.82,2.41,5,rotation (out of top-N),2024-06-03,111.14,,5,-0.8,,56.22,,182,2024-06-10,110.23,,5,-0.6,,51.95,,189
SELL,951,APP,2024-06-11,79.63,3760.41,2024-06-04,83.03,156.11,149.72,-12785.41,-12935.13,-4.14,5,rotation (out of top-N),2024-06-03,81.89,5.0,5,-0.6,0.6,51.77,3.63,392,2024-06-10,77.51,3.8,5,-0.1,1.3,41.34,2.55,399
SELL,952,COIN,2024-06-11,242.41,1345.17,2024-06-04,232.11,156.11,163.04,13855.24,13692.2,4.39,5,rotation (out of top-N),2024-06-03,243.87,5.6,5,-0.6,0.0,51.73,4.72,448,2024-06-10,244.43,4.9,5,-0.4,0.6,48.33,3.66,455
SELL,953,AGX,2024-06-11,76.08,4492.48,2024-06-04,69.5,156.11,170.89,29560.5,29389.6,9.41,5,rotation (out of top-N),2024-06-03,74.92,,5,-0.6,,51.35,,518,2024-06-10,75.36,,5,-0.5,,49.77,,525
SELL,954,SE,2024-06-11,72.64,4541.49,2024-06-04,68.75,156.11,164.94,17643.67,17478.74,5.6,5,rotation (out of top-N),2024-06-03,72.53,,5,-0.0,,50.26,,91,2024-06-10,74.45,,5,-0.2,,51.4,,98
SELL,955,AVAV,2024-06-18,215.08,1565.78,2024-06-11,205.35,160.77,168.38,15235.08,15066.7,4.69,5,rotation (out of top-N),2024-06-10,215.07,,5,-0.6,,52.83,,462,2024-06-17,189.34,,5,0.4,,32.7,,469
SELL,956,MNPR,2024-06-18,4.5,82550.4,2024-06-11,3.9,160.77,185.74,49942.99,49757.25,15.47,5,rotation (out of top-N),2024-06-10,4.65,,5,-0.8,,66.92,,105,2024-06-17,3.46,,4.75,0.9,,23.75,,112
SELL,957,CAMT,2024-06-18,120.02,79.94,2024-06-11,111.51,4.46,4.8,680.25,675.45,7.58,5,equal-weight sizing trim,2024-06-10,113.74,,5,-0.6,,51.98,,483,2024-06-17,114.44,,5,-0.5,,49.96,,490
SELL,957,CAMT,2024-06-25,112.47,2803.52,2024-06-11,111.51,156.31,157.66,2691.38,2533.72,0.81,9,ratchet-ATR exit,2024-06-10,113.74,,5,-0.6,,51.98,,483,2024-06-24,125.49,,5,-1,,60.8,,497
SELL,958,P,2024-06-18,67.9,4882.82,2024-06-11,65.85,160.77,165.77,10009.78,9844.01,3.06,5,rotation (out of top-N),2024-06-10,67.66,,5,-0.6,,51.95,,371,2024-06-17,64.5,,5,-0.1,,42.59,,378
SELL,959,NVMI,2024-06-18,240.07,1437.18,2024-06-11,223.72,160.77,172.52,23497.94,23325.43,7.25,5,rotation (out of top-N),2024-06-10,237.8,,5,-0.8,,56.71,,217,2024-06-17,228.62,,5,-0.4,,47.83,,224
SELL,960,DAVE,2024-06-18,37.69,204.37,2024-06-11,35.21,3.6,3.85,506.84,502.99,6.99,5,equal-weight sizing trim,2024-06-10,37.2,,5,-1,,71.84,,189,2024-06-17,39.57,,5,-1,,76.0,,196
SELL,960,DAVE,2024-06-25,37.15,8927.52,2024-06-11,35.21,157.17,165.83,17319.38,17153.56,5.46,9,rotation (out of top-N),2024-06-10,37.2,,5,-1,,71.84,,189,2024-06-24,30.2,,5,0.5,,30.87,,203
SELL,961,CVNA,2024-06-25,23.67,1584.79,2024-06-11,21.19,16.79,18.76,3929.29,3910.53,11.64,9,equal-weight sizing trim,2024-06-10,20.6,6,5,-1,0.0,62.67,4.82,371,2024-06-24,25.72,4.9,5,-1,1.1,91.93,2.78,385
SELL,961,CVNA,2024-07-02,24.95,260.83,2024-06-11,21.19,2.76,3.25,980.56,977.3,17.68,14,equal-weight sizing trim,2024-06-10,20.6,6,5,-1,0.0,62.67,4.82,371,2024-07-01,25.61,6,5,-1,0.0,85.17,5.16,392
SELL,961,CVNA,2024-07-16,28.58,782.49,2024-06-11,21.39,8.37,11.18,5626.52,5615.34,33.55,23,equal-weight sizing trim,2024-06-10,20.6,6,5,-1,0.0,62.67,4.82,371,2024-07-15,26.01,5.9,5,-1,0.1,75.69,4.28,406
SELL,961,CVNA,2024-08-06,27.59,1345.83,2024-06-11,22.0,14.81,18.57,7518.3,7499.74,25.33,38,equal-weight sizing trim,2024-06-10,20.6,6,5,-1,0.0,62.67,4.82,371,2024-08-05,27.19,6,5,-1,0.0,66.04,7.95,427
SELL,961,CVNA,2024-08-20,31.05,744.84,2024-06-11,22.38,8.33,11.56,6460.87,6449.31,38.7,48,equal-weight sizing trim,2024-06-10,20.6,6,5,-1,0.0,62.67,4.82,371,2024-08-19,31.96,4.8,5,-1,1.2,81.1,2.67,441
SELL,961,CVNA,2024-09-10,26.89,15574.81,2024-06-11,22.52,175.37,209.4,68063.56,67854.16,19.35,62,ratchet-ATR exit,2024-06-10,20.6,6,5,-1,0.0,62.67,4.82,371,2024-09-09,28.36,4.5,5,-0.4,0.9,47.38,3.18,462
SELL,962,NTRA,2024-06-18,110.2,2885.65,2024-06-11,111.42,160.77,159.0,-3534.92,-3693.92,-1.15,5,rotation (out of top-N),2024-06-10,110.23,,5,-0.6,,51.95,,189,2024-06-17,107.08,,5,-0.2,,44.83,,196
SELL,963,CLS,2024-06-18,57.8,159.49,2024-06-11,53.76,4.29,4.61,644.34,639.73,7.46,5,equal-weight sizing trim,2024-06-10,55.72,,5,-0.6,,51.93,,560,2024-06-17,55.94,,5,-0.5,,49.16,,567
SELL,963,CLS,2024-07-02,57.04,115.49,2024-06-11,53.78,3.11,3.29,376.86,373.56,6.01,14,equal-weight sizing trim,2024-06-10,55.72,,5,-0.6,,51.93,,560,2024-07-01,57.63,,5,-0.4,,47.03,,581
SELL,963,CLS,2024-07-09,59.62,2.6,2024-06-11,53.78,0.07,0.08,15.18,15.11,10.81,18,equal-weight sizing trim,2024-06-10,55.72,,5,-0.6,,51.93,,560,2024-07-08,59.4,,5,-0.4,,48.43,,588
SELL,963,CLS,2024-07-16,61.85,6007.05,2024-06-11,53.78,161.52,185.77,48495.75,48309.98,14.95,23,rotation (out of top-N),2024-06-10,55.72,,5,-0.6,,51.93,,560,2024-07-15,56.5,,5,0.1,,38.53,,595
SELL,964,MU,2024-06-18,150.68,2398.61,2024-06-11,134.05,160.77,180.71,39888.9,39708.19,12.35,5,rotation (out of top-N),2024-06-10,140.39,3.9,5,-0.6,1.7,51.6,2.0,483,2024-06-17,138.47,3.9,5,-0.3,1.4,46.78,2.37,490
SELL,965,BMA,2024-07-02,47.61,6472.03,2024-06-18,55.04,178.12,154.07,-48112.65,-48266.72,-13.55,9,rotation (out of top-N),2024-06-17,50.37,,5,-0.9,,57.68,,546,2024-07-01,47.38,,5,-0.1,,41.34,,560
SELL,966,ROOT,2024-06-25,44.65,112.99,2024-06-18,44.63,2.52,2.52,1.69,-0.83,-0.02,4,equal-weight sizing trim,2024-06-17,44.97,,5,-0.6,,52.78,,119,2024-06-24,51.63,,5,-1,,69.47,,126
SELL,966,ROOT,2024-07-02,50.33,610.15,2024-06-18,44.63,13.62,15.35,3471.76,3456.4,12.69,9,equal-weight sizing trim,2024-06-17,44.97,,5,-0.6,,52.78,,119,2024-07-01,55.98,,5,-1,,76.99,,133
SELL,966,ROOT,2024-07-09,61.09,949.03,2024-06-18,44.63,21.18,28.99,15616.27,15587.28,36.8,13,equal-weight sizing trim,2024-06-17,44.97,,5,-0.6,,52.78,,119,2024-07-08,69.44,,5,-1,,109.65,,140
SELL,966,ROOT,2024-07-16,76.14,669.03,2024-06-18,44.64,14.93,25.47,21074.3,21048.83,70.49,18,equal-weight sizing trim,2024-06-17,44.97,,5,-0.6,,52.78,,119,2024-07-15,77.19,,5,-1,,121.78,,147
SELL,966,ROOT,2024-07-30,66.95,5272.96,2024-06-18,45.09,118.87,176.53,115309.17,115132.64,48.43,28,ratchet-ATR exit,2024-06-17,44.97,,5,-0.6,,52.78,,119,2024-07-29,56.37,,5,-0.5,,50.46,,161
SELL,967,SMCI,2024-06-25,84.48,3757.65,2024-06-18,89.5,168.15,158.72,-18863.42,-19022.14,-5.66,4,rotation (out of top-N),2024-06-17,90.49,5.6,5,-0.6,0.0,52.27,4.72,791,2024-06-24,81.7,4.7,5,0.3,0.0,34.19,5.06,798
SELL,968,TPC,2024-06-25,21.75,680.45,2024-06-18,21.13,7.19,7.4,421.88,414.48,2.88,4,equal-weight sizing trim,2024-06-17,21.62,,5,-1,,80.94,,329,2024-06-24,21.72,,5,-1,,76.63,,336
SELL,968,TPC,2024-07-16,24.15,176.87,2024-06-18,21.14,1.87,2.14,532.83,530.69,14.19,18,equal-weight sizing trim,2024-06-17,21.62,,5,-1,,80.94,,329,2024-07-15,23.65,,5,-1,,75.93,,357
SELL,968,TPC,2024-07-23,24.71,449.33,2024-06-18,21.14,4.75,5.55,1605.23,1599.68,16.84,23,equal-weight sizing trim,2024-06-17,21.62,,5,-1,,80.94,,329,2024-07-22,25.98,,5,-1,,86.65,,364
SELL,968,TPC,2024-07-30,25.28,15923.56,2024-06-18,21.14,168.29,201.27,65962.59,65761.31,19.54,28,rotation (out of top-N),2024-06-17,21.62,,5,-1,,80.94,,329,2024-07-29,17.34,,4.46,0.9,,22.3,,371
SELL,969,SE,2024-06-25,71.88,4486.52,2024-06-18,74.96,168.15,161.25,-13818.5,-13979.74,-4.16,4,rotation (out of top-N),2024-06-17,75.39,,5,-0.3,,50.56,,105,2024-06-24,71.44,,5,0.1,,40.18,,112
SELL,970,EAT,2024-06-25,75.07,511.56,2024-06-18,68.28,17.46,19.2,3476.04,3456.84,9.9,4,equal-weight sizing trim,2024-06-17,71.21,,5,-0.8,,56.95,,189,2024-06-24,72.39,,5,-0.8,,55.92,,196
SELL,970,EAT,2024-07-09,70.02,4718.55,2024-06-18,68.56,161.74,165.2,6904.09,6738.9,2.08,13,rotation (out of top-N),2024-06-17,71.21,,5,-0.8,,56.95,,189,2024-07-08,63.74,,5,0.4,,32.07,,210
SELL,971,ORKA,2024-06-25,22.3,1246.79,2024-06-18,20.88,13.02,13.9,1770.45,1756.54,6.75,4,equal-weight sizing trim,2024-06-17,22.65,,5,-0.1,,55.68,,77,2024-06-24,24.65,,5,-0.4,,66.15,,84
SELL,971,ORKA,2024-07-02,24.59,919.77,2024-06-18,20.88,9.6,11.31,3412.36,3401.05,17.71,9,equal-weight sizing trim,2024-06-17,22.65,,5,-0.1,,55.68,,77,2024-07-01,22.39,,5,0.1,,48.56,,91
SELL,971,ORKA,2024-07-09,22.49,13940.23,2024-06-18,20.88,145.54,156.76,22443.77,22287.01,7.66,13,rotation (out of top-N),2024-06-17,22.65,,5,-0.1,,55.68,,77,2024-07-08,21.49,,5,0.3,,40.63,,98
SELL,972,DELL,2024-06-25,134.53,2415.67,2024-06-18,139.22,168.15,162.49,-11329.5,-11491.99,-3.42,4,rotation (out of top-N),2024-06-17,140.44,4.7,5,-0.4,0.8,48.99,3.34,434,2024-06-24,133.48,4.6,5,0.0,0.3,39.15,4.0,441
SELL,973,HUT,2024-07-02,15.21,2882.05,2024-06-25,13.03,18.78,21.92,6282.87,6260.95,16.67,5,equal-weight sizing trim,2024-06-24,14.97,,5,2.2,,53.44,,7,2024-07-01,16.48,,5,1.8,,66.02,,14
SELL,973,HUT,2024-07-09,17.69,2291.81,2024-06-25,13.03,14.93,20.27,10679.86,10659.59,35.7,9,equal-weight sizing trim,2024-06-24,14.97,,5,2.2,,53.44,,7,2024-07-08,16.95,,5,1.7,,67.91,,21
SELL,973,HUT,2024-07-16,19.75,219.76,2024-06-25,13.03,1.43,2.17,1475.67,1473.5,51.46,14,equal-weight sizing trim,2024-06-24,14.97,,5,2.2,,53.44,,7,2024-07-15,19.5,,5,1.5,,88.09,,28
SELL,973,HUT,2024-07-23,19.88,20025.59,2024-06-25,13.03,130.47,199.05,137175.31,136976.25,52.49,19,rotation (out of top-N),2024-06-24,14.97,,5,2.2,,53.44,,7,2024-07-22,15.14,,5,2.2,,44.04,,35
SELL,974,CRDO,2024-07-02,30.99,246.72,2024-06-25,29.29,3.61,3.82,419.42,415.6,5.75,5,equal-weight sizing trim,2024-06-24,31.96,,5,-0.9,,58.41,,378,2024-07-01,31.67,,5,-0.7,,53.82,,385
SELL,974,CRDO,2024-07-16,33.25,11127.52,2024-06-25,29.31,163.06,184.99,43873.32,43688.33,13.4,14,rotation (out of top-N),2024-06-24,31.96,,5,-0.9,,58.41,,378,2024-07-15,29.52,,5,0.1,,38.74,,399
SELL,975,NVMI,2024-07-02,233.9,8.68,2024-06-25,224.67,0.97,1.01,80.07,79.06,4.06,5,equal-weight sizing trim,2024-06-24,234.41,,5,-0.4,,48.58,,231,2024-07-01,238.91,,5,-0.4,,48.47,,238
SELL,975,NVMI,2024-07-09,244.4,1465.54,2024-06-25,224.67,164.63,179.09,28907.82,28728.73,8.73,9,rotation (out of top-N),2024-06-24,234.41,,5,-0.4,,48.58,,231,2024-07-08,236.4,,5,-0.2,,44.09,,245
SELL,976,MSTR,2024-07-02,136.54,2370.54,2024-06-25,139.72,165.61,161.84,-7538.33,-7700.17,-2.32,5,rotation (out of top-N),2024-06-24,137.64,,5,-0.4,,47.55,,504,2024-07-01,128.13,,5,0.3,,33.93,,511
SELL,977,NMM,2024-07-02,51.0,1.02,2024-06-25,49.27,0.03,0.03,1.76,1.73,3.46,5,equal-weight sizing trim,2024-06-24,50.65,,5,-0.4,,47.22,,210,2024-07-01,51.67,,5,-0.4,,47.1,,217
SELL,977,NMM,2024-07-09,50.17,6721.38,2024-06-25,49.27,165.58,168.61,6049.24,5880.63,1.78,9,rotation (out of top-N),2024-06-24,50.65,,5,-0.4,,47.22,,210,2024-07-08,50.94,,5,-0.1,,42.13,,224
SELL,978,ALNY,2024-07-02,243.28,85.13,2024-06-25,221.68,9.44,10.36,1839.62,1829.26,9.69,5,equal-weight sizing trim,2024-06-24,242.98,,5,2.6,,47.2,,0,2024-07-01,251.08,,5,2.4,,50.42,,7
SELL,978,ALNY,2024-07-16,257.68,1414.96,2024-06-25,221.81,156.92,182.3,50758.48,50576.18,16.11,14,rotation (out of top-N),2024-06-24,242.98,,5,2.6,,47.2,,0,2024-07-15,237.89,,5,2.7,,39.31,,21
SELL,979,APP,2024-07-02,84.16,126.42,2024-06-25,78.86,4.98,5.32,668.75,663.43,6.65,5,equal-weight sizing trim,2024-06-24,83.19,4.2,5,-0.3,1.1,46.29,2.81,413,2024-07-01,86.8,4.1,5,-0.5,1.4,49.55,2.47,420
SELL,979,APP,2024-07-09,85.92,4073.32,2024-06-25,78.86,160.62,174.99,28737.27,28562.28,8.89,9,rotation (out of top-N),2024-06-24,83.19,4.2,5,-0.3,1.1,46.29,2.81,413,2024-07-08,84.83,4.9,5,-0.2,0.3,43.41,4.03,427
SELL,980,THC,2024-07-02,133.63,2453.42,2024-06-25,135.0,165.61,163.93,-3361.19,-3525.12,-1.06,5,rotation (out of top-N),2024-06-24,132.98,,5,-0.3,,45.56,,182,2024-07-01,131.97,,5,-0.1,,41.88,,189
SELL,981,SFM,2024-07-02,83.5,4100.69,2024-06-25,80.77,165.61,171.2,11194.87,11023.67,3.33,5,rotation (out of top-N),2024-06-24,83.69,,5,-0.2,,44.8,,595,2024-07-01,82.5,,5,-0.0,,40.34,,602
SELL,982,CAMT,2024-07-09,139.19,82.93,2024-07-02,129.0,5.35,5.77,845.05,839.27,7.85,4,equal-weight sizing trim,2024-07-01,132.21,,5,-1,,65.65,,504,2024-07-08,129.57,,5,-1.0,,59.02,,511
SELL,982,CAMT,2024-07-16,130.34,2573.03,2024-07-02,129.0,165.96,167.68,3447.86,3280.18,0.99,9,rotation (out of top-N),2024-07-01,132.21,,5,-1,,65.65,,504,2024-07-15,108.33,,5,0.5,,30.97,,518
SELL,983,TQQQ,2024-07-09,40.72,9394.54,2024-07-02,36.47,171.31,191.27,39926.79,39735.52,11.6,4,rotation (out of top-N),2024-07-01,40.06,,5,-0.5,,49.9,,462,2024-07-08,39.57,,5,-0.3,,45.16,,469
SELL,984,INOD,2024-07-09,17.34,1202.65,2024-07-02,15.68,9.43,10.43,2002.42,1991.99,10.56,4,equal-weight sizing trim,2024-07-01,14.91,,5,1.3,,65.25,,42,2024-07-08,16.95,,5,1.2,,83.57,,49
SELL,984,INOD,2024-07-16,20.73,1569.37,2024-07-02,15.68,12.3,16.26,7917.49,7901.23,32.11,9,equal-weight sizing trim,2024-07-01,14.91,,5,1.3,,65.25,,42,2024-07-15,17.65,,5,1.1,,85.72,,56
SELL,984,INOD,2024-07-23,17.52,19078.66,2024-07-02,15.68,149.58,167.13,35104.74,34937.61,11.68,14,ratchet-ATR exit,2024-07-01,14.91,,5,1.3,,65.25,,42,2024-07-22,19.71,,5,-0.0,,100.63,,63
SELL,985,TSM,2024-07-09,184.42,2038.79,2024-07-02,168.05,171.31,188.0,33375.01,33187.02,9.69,4,rotation (out of top-N),2024-07-01,180.38,,5,-0.3,,46.22,,231,2024-07-08,183.64,,5,-0.3,,45.99,,238
SELL,986,NVDA,2024-07-09,130.34,82.19,2024-07-02,121.07,4.98,5.36,761.86,756.5,7.6,4,equal-weight sizing trim,2024-07-01,125.79,5.1,5,-1,0.9,66.86,3.18,532,2024-07-08,129.44,4.6,5,-1,1.4,67.06,2.43,539
SELL,986,NVDA,2024-07-23,122.79,3080.51,2024-07-02,121.86,187.69,189.13,2875.88,2686.75,0.72,14,rotation (out of top-N),2024-07-01,125.79,5.1,5,-1,0.9,66.86,3.18,532,2024-07-22,113.03,3.8,5,0.0,1.2,39.4,2.72,553
SELL,987,ANF,2024-07-16,169.41,1988.22,2024-07-02,184.68,183.6,168.41,-30378.24,-30546.64,-8.32,9,rotation (out of top-N),2024-07-01,171.7,,5,-0.6,,52.66,,546,2024-07-15,158.54,,5,0.3,,34.48,,560
SELL,988,LNTH,2024-07-16,125.65,1406.76,2024-07-09,78.61,55.29,88.38,66173.76,66085.38,59.76,5,equal-weight sizing trim,2024-07-08,123.4,,5,-0.0,,79.86,,63,2024-07-15,116.74,,5,-0.2,,67.15,,70
SELL,988,LNTH,2024-07-30,111.62,3418.82,2024-07-09,81.51,139.34,190.8,102936.18,102745.37,36.87,15,rotation (out of top-N),2024-07-08,123.4,,5,-0.0,,79.86,,63,2024-07-29,97.61,,5,0.8,,36.16,,84
SELL,989,DNTH,2024-07-16,29.27,12635.41,2024-07-09,28.33,178.98,184.95,11940.46,11755.51,3.28,5,rotation (out of top-N),2024-07-08,29.0,,5,-0.4,,47.57,,168,2024-07-15,26.52,,5,0.4,,32.56,,175
SELL,990,CRUS,2024-07-23,137.69,2812.63,2024-07-09,131.68,185.19,193.64,16894.33,16700.69,4.51,10,rotation (out of top-N),2024-07-08,136.95,,5,-0.4,,48.97,,189,2024-07-22,129.2,,5,0.2,,35.89,,203
SELL,991,DAVE,2024-07-16,39.05,1198.68,2024-07-09,31.61,18.95,23.4,8918.21,8894.81,23.48,5,equal-weight sizing trim,2024-07-08,37.34,,5,-0.6,,52.5,,217,2024-07-15,37.46,,5,-0.4,,48.16,,224
SELL,991,DAVE,2024-07-23,38.47,10125.62,2024-07-09,31.61,160.04,194.77,69461.73,69266.96,21.64,10,rotation (out of top-N),2024-07-08,37.34,,5,-0.6,,52.5,,217,2024-07-22,36.02,,5,0.1,,38.26,,231
SELL,992,PI,2024-07-23,179.62,2233.26,2024-07-09,166.56,185.99,200.57,29165.55,28964.98,7.79,10,rotation (out of top-N),2024-07-08,169.24,,5,-0.4,,48.63,,182,2024-07-22,160.22,,5,0.3,,34.0,,196
SELL,993,NKTR,2024-07-16,21.75,1381.16,2024-07-09,18.3,12.64,15.02,4765.02,4750.0,18.79,5,equal-weight sizing trim,2024-07-08,21.3,,5,-0.8,,56.61,,147,2024-07-15,21.0,,5,-0.5,,50.8,,154
SELL,993,NKTR,2024-07-23,21.75,18179.55,2024-07-09,18.3,166.34,197.7,62719.46,62521.76,18.79,10,rotation (out of top-N),2024-07-08,21.3,,5,-0.8,,56.61,,147,2024-07-22,20.7,,5,-0.3,,45.22,,161
SELL,994,COHR,2024-07-16,80.03,4697.04,2024-07-09,76.21,178.98,187.94,17919.19,17731.25,4.95,5,rotation (out of top-N),2024-07-08,78.26,4.1,5,-0.5,1.4,49.39,2.38,203,2024-07-15,72.0,3.2,5,0.3,1.6,34.91,2.15,210
SELL,995,TWST,2024-07-16,57.34,345.38,2024-07-09,49.43,8.54,9.9,2730.19,2720.29,15.93,5,equal-weight sizing trim,2024-07-08,53.42,,5,-0.6,,52.45,,238,2024-07-15,53.88,,5,-0.5,,49.81,,245
SELL,995,TWST,2024-07-30,58.0,7050.74,2024-07-09,49.57,174.75,204.47,59440.96,59236.49,16.95,15,rotation (out of top-N),2024-07-08,53.42,,5,-0.6,,52.45,,238,2024-07-29,42.95,,2.79,1.3,,13.96,,259
SELL,996,UFPT,2024-07-23,324.77,50.95,2024-07-16,313.04,7.97,8.27,597.59,589.31,3.7,5,equal-weight sizing trim,2024-07-15,312.86,,5,-0.4,,48.36,,168,2024-07-22,322.03,,5,-0.5,,49.71,,175
SELL,996,UFPT,2024-08-06,305.68,1305.32,2024-07-16,313.51,204.62,199.5,-10225.61,-10425.11,-2.55,15,ratchet-ATR exit,2024-07-15,312.86,,5,-0.4,,48.36,,168,2024-08-05,308.86,,5,0.1,,38.26,,189
SELL,997,CRS,2024-07-23,119.06,70.15,2024-07-16,117.1,4.11,4.18,137.48,133.31,1.62,5,equal-weight sizing trim,2024-07-15,118.42,,5,-0.5,,49.47,,623,2024-07-22,139.77,,5,-1,,72.09,,630
SELL,997,CRS,2024-07-30,140.44,333.87,2024-07-16,117.1,19.55,23.44,7792.42,7768.97,19.87,10,equal-weight sizing trim,2024-07-15,118.42,,5,-0.5,,49.47,,623,2024-07-29,135.08,,5,-1,,62.64,,637
SELL,997,CRS,2024-09-10,135.93,3430.22,2024-07-16,120.33,206.37,233.13,53526.89,53293.75,12.91,39,ratchet-ATR exit,2024-07-15,118.42,,5,-0.5,,49.47,,623,2024-09-09,141.38,,5,-0.5,,50.34,,679
SELL,998,RVMD,2024-07-23,47.97,8299.19,2024-07-16,47.62,197.6,199.06,2904.72,2705.66,0.68,5,rotation (out of top-N),2024-07-15,46.15,,5,-0.3,,45.83,,189,2024-07-22,46.43,,5,-0.2,,44.61,,196
SELL,999,SEI,2024-07-30,12.53,620.32,2024-07-16,11.87,3.68,3.89,406.55,402.66,5.47,10,equal-weight sizing trim,2024-07-15,12.5,,5,0.2,,52.73,,70,2024-07-29,11.49,,5,0.7,,37.64,,84
SELL,999,SEI,2024-08-06,11.02,33299.28,2024-07-16,11.87,197.71,183.48,-28457.89,-28641.37,-7.24,15,rotation (out of top-N),2024-07-15,12.5,,5,0.2,,52.73,,70,2024-08-05,11.28,,5,0.8,,34.05,,91
SELL,1000,ANAB,2024-07-23,23.88,1454.37,2024-07-16,22.04,16.03,17.37,2676.04,2658.67,8.29,5,equal-weight sizing trim,2024-07-15,22.52,,5,-0.6,,52.27,,189,2024-07-22,24.66,,5,-1,,63.25,,196
SELL,1000,ANAB,2024-08-06,22.02,17050.79,2024-07-16,22.12,188.6,187.73,-1735.3,-1923.03,-0.51,15,ratchet-ATR exit,2024-07-15,22.52,,5,-0.6,,52.27,,189,2024-08-05,22.06,,5,-0.1,,41.05,,210
SELL,1001,HOOD,2024-07-23,23.25,16415.68,2024-07-16,24.07,197.6,190.83,-13542.94,-13733.77,-3.48,5,rotation (out of top-N),2024-07-15,23.41,4.7,5,-0.5,0.8,50.79,3.23,217,2024-07-22,21.19,3.8,5,0.3,0.9,33.89,3.15,224
SELL,1002,MSTR,2024-07-23,175.04,205.29,2024-07-16,161.1,16.54,17.97,2861.74,2843.77,8.6,5,equal-weight sizing trim,2024-07-15,177.89,,5,-1,,74.47,,525,2024-07-22,175.12,,5,-1,,66.04,,532
SELL,1002,MSTR,2024-07-30,168.57,2247.89,2024-07-16,161.1,181.07,189.46,16791.76,16602.29,4.58,10,rotation (out of top-N),2024-07-15,177.89,,5,-1,,74.47,,525,2024-07-29,144.67,,5,0.3,,33.87,,539
SELL,1003,VIRT,2024-07-23,27.95,17963.98,2024-07-16,22.0,197.6,251.05,106885.7,106634.65,26.98,5,rotation (out of top-N),2024-07-15,28.05,,5,-0.4,,47.9,,133,2024-07-22,26.6,,5,0.1,,38.45,,140
SELL,1004,WLFC,2024-07-30,28.46,52.27,2024-07-23,26.73,0.7,0.74,90.43,89.68,6.42,5,equal-weight sizing trim,2024-07-22,28.46,,5,-1,,62.55,,210,2024-07-29,31.67,,5,-1,,76.16,,217
SELL,1004,WLFC,2024-08-06,30.84,1335.15,2024-07-23,26.73,17.84,20.59,5487.47,5466.88,15.32,10,equal-weight sizing trim,2024-07-22,28.46,,5,-1,,62.55,,210,2024-08-05,29.76,,5,-1,,62.07,,224
SELL,1004,WLFC,2024-08-13,30.24,13325.42,2024-07-23,26.73,178.09,201.48,46772.24,46570.76,13.07,15,ratchet-ATR exit,2024-07-22,28.46,,5,-1,,62.55,,210,2024-08-12,32.81,,5,-1,,74.25,,231
SELL,1005,USLM,2024-07-30,82.82,4783.2,2024-07-23,82.22,196.64,198.07,2869.92,2671.85,0.68,5,rotation (out of top-N),2024-07-22,83.53,,5,-0.4,,47.15,,616,2024-07-29,77.92,,5,0.3,,34.92,,623
SELL,1006,THC,2024-07-30,153.52,137.06,2024-07-23,137.75,9.44,10.52,2160.77,2150.25,11.39,5,equal-weight sizing trim,2024-07-22,151.64,,5,-0.6,,52.8,,210,2024-07-29,141.86,,5,0.0,,39.82,,217
SELL,1006,THC,2024-08-27,163.68,69.32,2024-07-23,139.21,4.82,5.67,1696.07,1690.39,17.52,25,equal-weight sizing trim,2024-07-22,151.64,,5,-0.6,,52.8,,210,2024-08-26,165.93,,5,-0.4,,48.98,,245
SELL,1006,THC,2024-09-10,153.5,2979.3,2024-07-23,139.21,207.38,228.66,42567.49,42338.83,10.21,34,rotation (out of top-N),2024-07-22,151.64,,5,-0.6,,52.8,,210,2024-09-09,162.27,,5,-0.0,,40.26,,259
SELL,1007,BFH,2024-07-30,52.69,7986.89,2024-07-23,49.24,196.64,210.41,27554.76,27344.35,6.95,5,rotation (out of top-N),2024-07-22,53.48,,5,-0.5,,50.03,,182,2024-07-29,45.07,,4.95,0.8,,24.73,,189
SELL,1008,PTGX,2024-07-30,38.86,11011.46,2024-07-23,35.72,196.64,213.95,34631.05,34417.09,8.75,5,rotation (out of top-N),2024-07-22,40.28,,5,-0.5,,50.42,,196,2024-07-29,37.34,,5,0.2,,36.48,,203
SELL,1009,HOV,2024-07-30,206.01,2072.43,2024-07-23,189.76,196.64,213.48,33676.96,33463.48,8.51,5,rotation (out of top-N),2024-07-22,214.98,,5,-0.5,,49.87,,560,2024-07-29,185.74,,5,0.7,,26.84,,567
SELL,1010,PRAX,2024-08-06,53.94,7306.38,2024-07-23,56.36,205.91,197.03,-17750.46,-17947.5,-4.36,10,rotation (out of top-N),2024-07-22,58.15,,5,-0.4,,47.59,,217,2024-08-05,50.8,,4.61,0.8,,23.03,,231
SELL,1011,ELVN,2024-07-30,26.62,17147.34,2024-07-23,22.93,196.64,228.27,63273.7,63045.43,16.03,5,rotation (out of top-N),2024-07-22,27.26,,5,-0.8,,56.07,,126,2024-07-29,23.23,,5,0.5,,30.71,,133
SELL,1012,JXN,2024-07-30,82.08,5040.04,2024-07-23,78.03,196.64,206.84,20412.16,20205.32,5.14,5,rotation (out of top-N),2024-07-22,81.99,,5,-0.3,,46.43,,315,2024-07-29,71.13,,4.99,0.8,,24.94,,322
SELL,1013,MIRM,2024-07-30,42.59,9732.1,2024-07-23,40.41,196.64,207.25,21215.99,21008.74,5.34,5,rotation (out of top-N),2024-07-22,43.23,,5,2.2,,48.88,,21,2024-07-29,39.46,,5,2.8,,34.48,,28
SELL,1014,BLBD,2024-07-30,52.73,7672.15,2024-07-23,51.26,196.64,202.28,11278.06,11075.78,2.82,5,rotation (out of top-N),2024-07-22,51.9,,5,-0.3,,46.17,,217,2024-07-29,46.49,,5,0.6,,28.42,,224
SELL,1015,CVLT,2024-08-06,137.12,121.05,2024-07-30,133.75,8.09,8.3,408.53,400.23,2.47,5,equal-weight sizing trim,2024-07-29,136.71,,5,-0.0,,40.52,,448,2024-08-05,151.42,,5,-0.6,,52.36,,455
SELL,1015,CVLT,2024-08-13,150.05,94.78,2024-07-30,133.75,6.34,7.11,1544.93,1537.82,12.13,10,equal-weight sizing trim,2024-07-29,136.71,,5,-0.0,,40.52,,448,2024-08-12,150.31,,5,-0.4,,48.26,,462
SELL,1015,CVLT,2024-09-10,143.72,3233.09,2024-07-30,135.41,218.89,232.34,26890.36,26658.02,6.09,29,rotation (out of top-N),2024-07-29,136.71,,5,-0.0,,40.52,,448,2024-09-09,147.66,,5,0.2,,35.48,,490
SELL,1016,HWKN,2024-08-06,114.31,349.58,2024-07-30,105.72,18.48,19.98,3002.86,2982.88,8.07,5,equal-weight sizing trim,2024-07-29,119.9,,5,-0.9,,58.01,,644,2024-08-05,115.63,,5,-0.5,,49.62,,651
SELL,1016,HWKN,2024-08-27,124.18,161.15,2024-07-30,107.03,8.62,10.01,2763.94,2753.94,15.97,20,equal-weight sizing trim,2024-07-29,119.9,,5,-0.9,,58.01,,644,2024-08-26,125.45,,5,-0.7,,53.24,,672
SELL,1016,HWKN,2024-09-10,113.14,3926.97,2024-07-30,107.03,210.15,222.15,24000.41,23778.26,5.66,29,rotation (out of top-N),2024-07-29,119.9,,5,-0.9,,58.01,,644,2024-09-09,118.78,,5,-0.0,,40.37,,686
SELL,1017,IESC,2024-08-06,160.06,334.79,2024-07-30,143.69,24.05,26.79,5480.45,5453.66,11.34,5,equal-weight sizing trim,2024-07-29,154.69,,5,0.2,,36.67,,588,2024-08-05,163.87,,5,-0.1,,41.6,,595
SELL,1017,IESC,2024-08-27,184.26,119.96,2024-07-30,145.65,8.74,11.05,4631.79,4620.74,26.45,20,equal-weight sizing trim,2024-07-29,154.69,,5,0.2,,36.67,,588,2024-08-26,187.31,,5,-0.5,,50.44,,616
SELL,1017,IESC,2024-09-10,146.0,2646.54,2024-07-30,145.65,192.73,193.2,925.88,732.68,0.19,29,rotation (out of top-N),2024-07-29,154.69,,5,0.2,,36.67,,588,2024-09-09,160.86,,5,0.7,,25.35,,630
SELL,1018,SFM,2024-08-20,99.12,4528.01,2024-07-30,101.54,229.89,224.42,-10948.82,-11173.24,-2.43,15,rotation (out of top-N),2024-07-29,97.62,,5,-0.7,,54.41,,630,2024-08-19,97.9,,5,-0.3,,45.14,,651
SELL,1019,INOD,2024-08-06,15.82,21635.87,2024-07-30,19.27,208.52,171.14,-74751.92,-74923.06,-17.97,5,ratchet-ATR exit,2024-07-29,16.78,,5,-0.2,,66.6,,70,2024-08-05,18.6,,5,-0.3,,80.3,,77
SELL,1020,MMM,2024-08-06,118.68,3439.43,2024-07-30,121.25,208.52,204.1,-8839.34,-9043.44,-2.17,5,rotation (out of top-N),2024-07-29,120.42,5.0,5,-0.0,0.0,40.65,4.97,140,2024-08-05,119.37,3.5,5,0.1,1.3,37.42,2.51,147
SELL,1021,COKE,2024-08-06,124.78,496.72,2024-07-30,110.03,27.33,30.99,7326.55,7295.56,13.35,5,equal-weight sizing trim,2024-07-29,126.27,,5,-0.2,,43.57,,546,2024-08-05,123.79,,5,0.1,,38.37,,553
SELL,1021,COKE,2024-08-13,123.35,3293.45,2024-07-30,110.03,181.19,203.12,43868.69,43665.56,12.05,10,rotation (out of top-N),2024-07-29,126.27,,5,-0.2,,43.57,,546,2024-08-12,124.42,,5,0.2,,36.84,,560
SELL,1022,WLDN,2024-08-06,36.51,12347.34,2024-07-30,33.77,208.52,225.4,33769.97,33544.57,8.04,5,rotation (out of top-N),2024-07-29,37.0,,5,-0.2,,44.85,,147,2024-08-05,35.88,,5,0.1,,38.1,,154
SELL,1023,TMDX,2024-08-06,151.02,217.5,2024-07-30,141.91,15.43,16.42,1981.42,1965.0,6.37,5,equal-weight sizing trim,2024-07-29,150.0,,5,-0.5,,49.65,,217,2024-08-05,162.72,,5,-0.9,,57.63,,224
SELL,1023,TMDX,2024-08-13,164.72,77.59,2024-07-30,141.91,5.51,6.39,1770.14,1763.75,16.02,10,equal-weight sizing trim,2024-07-29,150.0,,5,-0.5,,49.65,,217,2024-08-12,170.3,,5,-1,,60.57,,231
SELL,1023,TMDX,2024-09-10,138.6,2903.7,2024-07-30,144.15,209.29,201.23,-16113.75,-16314.98,-3.9,29,rotation (out of top-N),2024-07-29,150.0,,5,-0.5,,49.65,,217,2024-09-09,151.49,,5,0.4,,32.0,,259
SELL,1024,HIFS,2024-08-06,224.96,1739.22,2024-07-30,239.78,208.52,195.63,-25775.31,-25970.94,-6.23,5,rotation (out of top-N),2024-07-29,241.88,,5,2.8,,38.87,,14,2024-08-05,220.8,,5,3.4,,25.71,,21
SELL,1025,ALNY,2024-08-06,262.11,196.85,2024-07-30,236.31,23.26,25.8,5077.75,5051.95,10.86,5,equal-weight sizing trim,2024-07-29,271.87,,5,1.7,,54.82,,35,2024-08-05,269.83,,5,1.7,,51.45,,42
SELL,1025,ALNY,2024-08-27,268.17,1725.4,2024-07-30,239.82,206.89,231.35,48915.67,48684.32,11.77,20,rotation (out of top-N),2024-07-29,271.87,,5,1.7,,54.82,,35,2024-08-26,262.69,,5,0.9,,41.2,,63
SELL,1026,IRM,2024-08-06,98.99,257.34,2024-07-30,94.59,12.17,12.74,1132.3,1119.56,4.6,5,equal-weight sizing trim,2024-07-29,100.89,2.7,5,0.0,2.3,39.91,1.08,616,2024-08-05,102.52,4.1,5,0.0,0.8,39.95,3.23,623
SELL,1026,IRM,2024-08-13,103.45,4151.49,2024-07-30,94.59,196.34,214.74,36782.21,36567.47,9.31,10,rotation (out of top-N),2024-07-29,100.89,2.7,5,0.0,2.3,39.91,1.08,616,2024-08-12,102.4,2.8,5,0.1,2.1,37.55,1.36,630
SELL,1027,PTGX,2024-08-13,40.94,1072.92,2024-07-30,38.54,20.68,21.96,2564.57,2542.61,6.15,10,equal-weight sizing trim,2024-07-29,37.34,,5,0.2,,36.48,,203,2024-08-12,41.4,,5,-0.2,,44.96,,217
SELL,1027,PTGX,2024-08-20,41.95,10638.08,2024-07-30,38.54,205.02,223.13,36225.59,36002.46,8.78,15,rotation (out of top-N),2024-07-29,37.34,,5,0.2,,36.48,,203,2024-08-19,41.69,,5,-0.1,,42.87,,224
SELL,1028,ACIW,2024-08-13,45.98,9396.1,2024-08-06,43.72,205.38,215.99,21235.19,21019.2,5.12,5,rotation (out of top-N),2024-08-05,46.6,,5,0.0,,39.19,,252,2024-08-12,47.51,,5,0.0,,39.67,,259
SELL,1029,TPL,2024-08-13,271.15,1617.7,2024-08-06,253.91,205.38,219.32,27889.17,27669.85,6.74,5,rotation (out of top-N),2024-08-05,271.23,4.5,5,0.1,0.4,38.37,3.85,119,2024-08-12,272.39,3.5,5,0.1,1.4,37.28,2.39,126
SELL,1030,CAVA,2024-08-13,90.75,264.93,2024-08-06,81.12,10.75,12.02,2551.27,2539.25,11.82,5,equal-weight sizing trim,2024-08-05,90.32,,5,-0.1,,42.62,,999,2024-08-12,98.95,,5,-0.6,,52.17,,999
SELL,1030,CAVA,2024-08-20,100.28,53.88,2024-08-06,81.12,2.19,2.7,1032.36,1029.65,23.56,10,equal-weight sizing trim,2024-08-05,90.32,,5,-0.1,,42.62,,999,2024-08-19,121.95,,5,-1,,81.41,,999
SELL,1030,CAVA,2024-08-27,115.73,530.98,2024-08-06,81.12,21.54,30.73,18377.38,18346.65,42.59,15,equal-weight sizing trim,2024-08-05,90.32,,5,-0.1,,42.62,,999,2024-08-26,114.03,,5,-1,,64.75,,999
SELL,1030,CAVA,2024-09-10,120.56,446.16,2024-08-06,81.12,18.1,26.89,17596.53,17569.64,48.55,24,equal-weight sizing trim,2024-08-05,90.32,,5,-0.1,,42.62,,999,2024-09-09,122.47,,5,-1,,66.69,,999
SELL,1030,CAVA,2024-10-29,138.54,7257.61,2024-08-06,106.34,385.89,502.75,233722.44,233219.69,30.22,59,rotation (out of top-N),2024-08-05,90.32,,5,-0.1,,42.62,,999,2024-10-28,131.57,,5,-0.4,,48.11,,999
SELL,1031,ICUI,2024-08-13,150.07,508.21,2024-08-06,120.45,30.61,38.13,15050.78,15012.65,24.52,5,equal-weight sizing trim,2024-08-05,152.69,,5,0.6,,46.43,,63,2024-08-12,158.4,,5,0.4,,49.16,,70
SELL,1031,ICUI,2024-08-27,162.57,77.18,2024-08-06,122.4,4.72,6.27,3100.2,3093.92,32.75,15,equal-weight sizing trim,2024-08-05,152.69,,5,0.6,,46.43,,63,2024-08-26,165.24,,5,0.1,,50.01,,84
SELL,1031,ICUI,2024-09-10,165.69,258.29,2024-08-06,122.4,15.81,21.4,11181.41,11160.01,35.3,24,equal-weight sizing trim,2024-08-05,152.69,,5,0.6,,46.43,,63,2024-09-09,178.88,,5,-0.5,,56.57,,98
SELL,1031,ICUI,2024-09-24,174.64,2749.87,2024-08-06,122.57,168.53,240.12,143172.03,142931.91,42.4,34,rotation (out of top-N),2024-08-05,152.69,,5,0.6,,46.43,,63,2024-09-23,175.11,,5,-0.3,,48.26,,112
SELL,1032,VIRT,2024-08-13,27.36,15372.4,2024-08-06,26.72,205.38,210.29,9838.34,9628.04,2.34,5,rotation (out of top-N),2024-08-05,27.75,,5,-0.0,,40.63,,154,2024-08-12,28.17,,5,-0.0,,40.57,,161
SELL,1033,WLDN,2024-08-13,35.91,11250.36,2024-08-06,36.51,205.38,201.97,-6806.47,-7008.44,-1.71,5,rotation (out of top-N),2024-08-05,35.88,,5,0.1,,38.1,,154,2024-08-12,37.43,,5,-0.1,,41.49,,161
SELL,1034,MMM,2024-08-13,118.77,3460.99,2024-08-06,118.68,205.38,205.53,311.49,105.96,0.03,5,rotation (out of top-N),2024-08-05,119.37,3.5,5,0.1,1.3,37.42,2.51,147,2024-08-12,122.21,2.7,5,0.1,2.2,38.57,1.18,154
SELL,1035,HWM,2024-08-13,93.13,4684.12,2024-08-06,87.69,205.38,218.12,25481.62,25263.5,6.15,5,rotation (out of top-N),2024-08-05,92.7,3.7,5,0.1,1.1,37.21,2.83,644,2024-08-12,95.38,2.9,5,0.1,2.0,38.81,1.45,651
SELL,1036,AU,2024-08-13,26.62,16509.27,2024-08-06,24.88,205.38,219.74,28726.13,28506.39,6.94,5,rotation (out of top-N),2024-08-05,26.91,,5,0.1,,37.01,,154,2024-08-12,28.39,,5,-0.1,,41.99,,161
SELL,1037,BOOT,2024-08-13,137.95,3452.85,2024-08-06,118.96,205.38,238.16,65569.55,65331.39,15.91,5,rotation (out of top-N),2024-08-05,133.84,,5,0.2,,36.73,,168,2024-08-12,137.62,,5,0.1,,38.29,,175
SELL,1038,BFH,2024-08-13,49.19,9473.03,2024-08-06,43.36,205.38,232.99,55227.77,54994.78,13.39,5,rotation (out of top-N),2024-08-05,49.9,,5,0.2,,36.02,,196,2024-08-12,53.0,,5,-0.1,,41.9,,203
SELL,1039,WGS,2024-09-10,33.74,470.46,2024-08-13,34.4,8.09,7.94,-310.55,-318.48,-1.97,19,equal-weight sizing trim,2024-08-12,34.49,,5,-1,,141.99,,175,2024-09-09,37.8,,5,-1,,115.39,,203
SELL,1039,WGS,2024-09-17,37.88,463.82,2024-08-13,34.4,7.98,8.78,1614.04,1605.26,10.06,24,equal-weight sizing trim,2024-08-12,34.49,,5,-1,,141.99,,175,2024-09-16,40.56,,5,-1,,119.21,,210
SELL,1039,WGS,2024-09-24,39.53,26.49,2024-08-13,34.4,0.46,0.52,135.91,135.39,14.86,29,equal-weight sizing trim,2024-08-12,34.49,,5,-1,,141.99,,175,2024-09-23,42.89,,5,-1,,119.95,,217
SELL,1039,WGS,2024-10-01,42.12,353.37,2024-08-13,34.4,6.08,7.44,2729.72,2722.28,22.39,34,equal-weight sizing trim,2024-08-12,34.49,,5,-1,,141.99,,175,2024-09-30,49.76,,5,-1,,140.65,,224
SELL,1039,WGS,2024-10-08,54.02,2336.62,2024-08-13,34.4,40.19,63.12,45855.98,45792.86,56.97,39,equal-weight sizing trim,2024-08-12,34.49,,5,-1,,141.99,,175,2024-10-07,60.0,,5,-1,,171.4,,231
SELL,1039,WGS,2024-10-15,59.24,311.69,2024-08-13,34.4,5.36,9.23,7742.25,7733.02,72.12,44,equal-weight sizing trim,2024-08-12,34.49,,5,-1,,141.99,,175,2024-10-14,60.0,,5,-1,,155.13,,238
SELL,1039,WGS,2024-10-29,66.72,436.01,2024-08-13,44.12,9.62,14.55,9855.7,9841.15,51.16,54,equal-weight sizing trim,2024-08-12,34.49,,5,-1,,141.99,,175,2024-10-28,77.8,,5,-1,,190.65,,252
SELL,1039,WGS,2024-11-05,75.75,1389.11,2024-08-13,44.12,30.64,52.61,43936.67,43884.06,71.6,59,equal-weight sizing trim,2024-08-12,34.49,,5,-1,,141.99,,175,2024-11-04,77.76,,5,-1,,171.74,,259
SELL,1039,WGS,2024-11-26,78.52,251.41,2024-08-13,52.98,6.66,9.87,6419.77,6409.9,48.12,74,equal-weight sizing trim,2024-08-12,34.49,,5,-1,,141.99,,175,2024-11-25,78.35,,5,-1,,131.61,,280
SELL,1039,WGS,2024-12-17,82.42,1460.02,2024-08-13,54.71,39.94,60.17,40462.77,40402.61,50.58,88,equal-weight sizing trim,2024-08-12,34.49,,5,-1,,141.99,,175,2024-12-16,77.34,,5,-1,,99.04,,301
SELL,1039,WGS,2024-12-31,76.77,469.86,2024-08-13,55.31,12.99,18.04,10084.17,10066.14,38.73,97,equal-weight sizing trim,2024-08-12,34.49,,5,-1,,141.99,,175,2024-12-30,78.98,,5,-1,,86.58,,315
SELL,1039,WGS,2025-01-07,91.25,2211.15,2024-08-13,55.31,61.15,100.88,79461.88,79361.0,64.89,101,equal-weight sizing trim,2024-08-12,34.49,,5,-1,,141.99,,175,2025-01-06,89.37,,5,-1,,101.67,,322
SELL,1039,WGS,2025-01-14,85.02,20192.94,2024-08-13,55.31,558.42,858.4,599971.29,599112.89,53.64,105,rotation (out of top-N),2024-08-12,34.49,,5,-1,,141.99,,175,2025-01-13,69.51,,5,-0.6,,51.73,,329
SELL,1040,UFPT,2024-08-20,328.64,1396.87,2024-08-13,311.59,217.63,229.54,23823.69,23594.15,5.42,5,rotation (out of top-N),2024-08-12,326.93,,5,-0.2,,43.3,,196,2024-08-19,333.0,,5,-0.2,,43.23,,203
SELL,1041,INSM,2024-09-10,71.39,6523.14,2024-08-13,75.42,245.97,232.86,-26225.84,-26458.7,-5.38,19,ratchet-ATR exit,2024-08-12,76.19,,5,-0.3,,92.04,,77,2024-09-09,74.61,,5,-0.8,,67.22,,105
SELL,1042,FTAI,2024-08-20,114.28,44.75,2024-08-13,103.43,2.31,2.56,485.52,482.96,10.43,5,equal-weight sizing trim,2024-08-12,111.77,,5,-1,,61.79,,602,2024-08-19,119.92,,5,-1,,68.76,,609
SELL,1042,FTAI,2024-08-27,119.78,92.21,2024-08-13,103.43,4.77,5.52,1507.56,1502.04,15.75,10,equal-weight sizing trim,2024-08-12,111.77,,5,-1,,61.79,,602,2024-08-26,126.07,,5,-1,,72.24,,616
SELL,1042,FTAI,2024-09-10,112.21,4071.23,2024-08-13,103.43,210.54,228.42,35745.36,35516.94,8.43,19,ratchet-ATR exit,2024-08-12,111.77,,5,-1,,61.79,,602,2024-09-09,123.33,,5,-1,,60.26,,630
SELL,1043,STRT,2024-08-20,39.74,312.1,2024-08-13,35.43,5.53,6.2,1345.14,1338.94,12.11,5,equal-weight sizing trim,2024-08-12,39.54,,5,-0.5,,58.74,,91,2024-08-19,39.0,,5,-0.3,,54.14,,98
SELL,1043,STRT,2024-08-27,38.0,11972.74,2024-08-13,35.43,212.1,227.48,30769.95,30542.47,7.2,10,rotation (out of top-N),2024-08-12,39.54,,5,-0.5,,58.74,,91,2024-08-26,35.41,,5,0.3,,38.31,,105
SELL,1044,INOD,2024-09-10,14.25,26344.63,2024-08-13,18.7,246.36,187.71,-117300.6,-117488.31,-23.85,19,rotation (out of top-N),2024-08-12,17.08,,5,-0.4,,62.13,,84,2024-09-09,15.69,,5,0.3,,37.51,,112
SELL,1045,CRUS,2024-08-20,140.44,3240.41,2024-08-13,134.32,217.63,227.55,19847.52,19619.97,4.51,5,rotation (out of top-N),2024-08-12,141.43,,5,-0.1,,42.07,,224,2024-08-19,144.55,,5,-0.1,,42.74,,231
SELL,1046,SE,2024-08-20,82.62,434.7,2024-08-13,70.28,15.27,17.96,5366.31,5348.36,17.51,5,equal-weight sizing trim,2024-08-12,78.82,,5,-0.1,,42.3,,161,2024-08-19,83.18,,5,-0.4,,47.14,,168
SELL,1046,SE,2024-08-27,82.3,5758.86,2024-08-13,70.28,202.35,236.98,69250.27,69013.29,17.05,10,rotation (out of top-N),2024-08-12,78.82,,5,-0.1,,42.3,,161,2024-08-26,78.34,,5,0.2,,36.05,,175
SELL,1047,NVDA,2024-08-20,128.34,3873.04,2024-08-13,112.38,217.63,248.53,61813.68,61565.15,14.14,5,rotation (out of top-N),2024-08-12,124.49,4.5,5,-0.2,0.7,44.5,3.43,574,2024-08-19,129.22,3.5,5,-0.3,1.8,46.59,1.78,581
SELL,1048,PLTR,2024-08-20,32.49,14669.77,2024-08-13,29.67,217.63,238.31,41368.74,41130.43,9.45,5,rotation (out of top-N),2024-08-12,32.06,4.1,5,-0.1,1.1,42.84,2.88,490,2024-08-19,31.76,3.8,5,0.0,1.2,39.75,2.74,497
SELL,1049,YOU,2024-08-20,26.41,16975.51,2024-08-13,25.64,217.63,224.16,13071.14,12846.98,2.95,5,rotation (out of top-N),2024-08-12,27.01,,5,2.4,,44.27,,21,2024-08-19,27.46,,5,2.3,,44.87,,28
SELL,1050,NTRA,2024-08-20,124.16,3749.59,2024-08-13,116.08,217.63,232.77,30296.66,30063.88,6.91,5,rotation (out of top-N),2024-08-12,124.0,,5,-0.1,,42.02,,252,2024-08-19,122.39,,5,0.1,,37.46,,259
SELL,1051,WLFC,2024-09-10,34.18,13583.52,2024-08-20,35.48,240.94,232.14,-17598.48,-17830.63,-3.7,14,ratchet-ATR exit,2024-08-19,35.68,,5,-1,,84.26,,238,2024-09-09,36.9,,5,-1,,76.94,,259
SELL,1052,TPC,2024-08-27,22.92,359.75,2024-08-20,21.98,3.95,4.12,338.16,334.04,4.22,5,equal-weight sizing trim,2024-08-19,22.77,,5,-0.5,,50.05,,392,2024-08-26,23.83,,5,-0.7,,53.13,,399
SELL,1052,TPC,2024-09-10,22.07,695.61,2024-08-20,21.98,7.64,7.68,62.6,54.93,0.36,14,equal-weight sizing trim,2024-08-19,22.77,,5,-0.5,,50.05,,392,2024-09-09,24.12,,5,-0.4,,48.14,,413
SELL,1052,TPC,2024-09-17,23.93,4.84,2024-08-20,21.98,0.05,0.06,9.44,9.38,8.82,19,equal-weight sizing trim,2024-08-19,22.77,,5,-0.5,,50.05,,392,2024-09-16,26.2,,5,-0.8,,56.74,,420
SELL,1052,TPC,2024-09-24,25.69,615.55,2024-08-20,21.98,6.76,7.91,2283.68,2275.77,16.82,24,equal-weight sizing trim,2024-08-19,22.77,,5,-0.5,,50.05,,392,2024-09-23,25.78,,5,-0.5,,50.41,,427
SELL,1052,TPC,2024-10-01,26.76,96.45,2024-08-20,21.98,1.06,1.29,461.02,459.73,21.69,29,equal-weight sizing trim,2024-08-19,22.77,,5,-0.5,,50.05,,392,2024-09-30,27.66,,5,-0.9,,57.12,,434
SELL,1052,TPC,2024-10-08,26.94,19863.8,2024-08-20,21.98,218.3,267.57,98524.43,98256.86,22.5,34,rotation (out of top-N),2024-08-19,22.77,,5,-0.5,,50.05,,392,2024-10-07,26.68,,5,-0.4,,47.81,,441
SELL,1053,CRDO,2024-08-27,34.56,905.79,2024-08-20,31.67,14.34,15.65,2617.73,2602.08,9.07,5,equal-weight sizing trim,2024-08-19,36.43,,5,-0.9,,57.94,,434,2024-08-26,34.91,,5,-0.4,,48.76,,441
SELL,1053,CRDO,2024-09-10,24.73,14110.28,2024-08-20,31.67,223.44,174.51,-97854.81,-98029.32,-21.94,14,rotation (out of top-N),2024-08-19,36.43,,5,-0.9,,57.94,,434,2024-09-09,28.52,,3.91,1.0,,19.53,,455
SELL,1054,HOV,2024-08-27,224.59,2435.02,2024-08-20,195.3,237.78,273.43,71309.49,71036.06,14.94,5,rotation (out of top-N),2024-08-19,229.15,,5,-0.4,,47.73,,588,2024-08-26,216.45,,5,0.2,,36.76,,595
SELL,1055,RKLB,2024-08-27,6.58,65821.31,2024-08-20,7.22,237.78,216.72,-42125.64,-42342.35,-8.9,5,rotation (out of top-N),2024-08-19,6.96,,5,1.6,,48.44,,56,2024-08-26,6.28,,5,1.3,,32.59,,63
SELL,1056,ANAB,2024-09-10,23.55,487.67,2024-08-20,24.25,5.91,5.74,-343.03,-348.77,-2.95,14,equal-weight sizing trim,2024-08-19,25.14,,5,-0.7,,53.77,,224,2024-09-09,26.73,,5,-0.6,,52.85,,245
SELL,1056,ANAB,2024-09-17,25.98,19287.24,2024-08-20,24.25,233.89,250.54,33301.25,33050.71,7.07,19,rotation (out of top-N),2024-08-19,25.14,,5,-0.7,,53.77,,224,2024-09-16,25.64,,5,-0.2,,43.98,,252
SELL,1057,COOK,2024-08-27,194.5,410.33,2024-08-20,163.0,33.44,39.91,12925.54,12885.64,19.27,5,equal-weight sizing trim,2024-08-19,178.75,,5,2.1,,49.66,,28,2024-08-26,179.5,,5,2.0,,48.27,,35
SELL,1057,COOK,2024-09-10,164.5,2507.2,2024-08-20,163.0,204.34,206.22,3760.81,3554.59,0.87,14,rotation (out of top-N),2024-08-19,178.75,,5,2.1,,49.66,,28,2024-09-09,174.5,,5,2.1,,40.81,,49
SELL,1058,ORKA,2024-08-27,24.78,678.6,2024-08-20,23.36,7.93,8.41,963.61,955.2,6.03,5,equal-weight sizing trim,2024-08-19,26.91,,5,-1,,62.37,,140,2024-08-26,29.4,,5,-1,,72.89,,147
SELL,1058,ORKA,2024-09-10,27.27,19679.23,2024-08-20,23.36,229.85,268.33,76945.8,76677.47,16.68,14,rotation (out of top-N),2024-08-19,26.91,,5,-1,,62.37,,140,2024-09-09,25.0,,5,-0.1,,41.69,,161
SELL,1059,BFH,2024-09-10,51.47,8925.24,2024-08-27,54.61,243.7,229.69,-28025.26,-28254.96,-5.8,9,rotation (out of top-N),2024-08-26,56.82,,5,-0.3,,46.3,,217,2024-09-09,46.96,,3.52,1.1,,17.61,,231
SELL,1060,SFM,2024-09-10,99.45,4840.43,2024-08-27,100.69,243.7,240.7,-6002.14,-6242.84,-1.28,9,rotation (out of top-N),2024-08-26,104.03,,5,-0.5,,50.75,,658,2024-09-09,102.07,,5,-0.1,,42.2,,672
SELL,1061,SMTC,2024-09-10,40.1,13340.84,2024-08-27,36.53,243.7,267.48,47560.09,47292.61,9.7,9,rotation (out of top-N),2024-08-26,43.85,,5,-0.7,,53.38,,154,2024-09-09,41.62,,5,-0.0,,40.13,,168
SELL,1062,HALO,2024-09-10,59.21,7804.14,2024-08-27,62.45,243.7,231.04,-25324.43,-25555.47,-5.24,9,rotation (out of top-N),2024-08-26,63.86,,5,-0.2,,44.46,,175,2024-09-09,62.31,,5,0.1,,37.69,,189
SELL,1063,YOU,2024-09-10,29.31,2246.35,2024-08-27,27.47,30.85,32.92,4133.29,4100.37,6.64,9,equal-weight sizing trim,2024-08-26,29.06,,5,1.9,,51.28,,35,2024-09-09,29.04,,5,1.8,,48.17,,49
SELL,1063,YOU,2024-10-01,31.45,16346.06,2024-08-27,27.63,225.86,257.04,62364.64,62107.6,13.75,24,rotation (out of top-N),2024-08-26,29.06,,5,1.9,,51.28,,35,2024-09-30,29.86,,5,0.5,,46.35,,70
SELL,1064,BMA,2024-09-24,66.63,7941.46,2024-09-10,59.3,235.45,264.57,58241.32,57976.75,12.31,10,rotation (out of top-N),2024-09-09,62.82,,5,-0.5,,50.33,,630,2024-09-23,62.0,,5,-0.1,,41.28,,644
SELL,1065,BOOT,2024-09-24,164.75,3151.93,2024-09-10,153.67,242.17,259.65,34948.29,34688.64,7.16,10,rotation (out of top-N),2024-09-09,154.59,,5,-0.3,,45.41,,203,2024-09-23,165.16,,5,-0.5,,49.1,,217
SELL,1066,NUTX,2024-09-17,25.57,2517.87,2024-09-10,20.85,26.25,32.19,11884.35,11852.16,22.58,5,equal-weight sizing trim,2024-09-09,24.98,,5,2.0,,73.0,,0,2024-09-16,24.38,,5,1.9,,69.79,,7
SELL,1066,NUTX,2024-09-24,22.98,19256.11,2024-09-10,20.85,200.74,221.25,41015.51,40794.26,10.16,10,rotation (out of top-N),2024-09-09,24.98,,5,2.0,,73.0,,0,2024-09-23,19.04,,5,3.0,,35.4,,14
SELL,1067,ECHO,2024-09-17,26.4,2318.69,2024-09-10,21.65,25.1,30.61,11013.77,10983.17,21.88,5,equal-weight sizing trim,2024-09-09,24.29,,5,-0.4,,47.63,,133,2024-09-16,26.04,,5,-0.8,,55.26,,140
SELL,1067,ECHO,2024-10-01,24.27,19552.6,2024-09-10,21.86,213.72,237.32,47199.42,46962.1,10.99,15,rotation (out of top-N),2024-09-09,24.29,,5,-0.4,,47.63,,133,2024-09-30,23.27,,5,0.3,,34.66,,154
SELL,1068,TVTX,2024-09-17,14.44,557.28,2024-09-10,13.1,3.65,4.02,746.76,742.74,10.17,5,equal-weight sizing trim,2024-09-09,13.48,,5,-0.0,,64.46,,63,2024-09-16,15.21,,5,-0.2,,81.93,,70
SELL,1068,TVTX,2024-10-08,15.27,2720.12,2024-09-10,13.19,17.94,20.77,5660.96,5640.19,15.72,20,equal-weight sizing trim,2024-09-09,13.48,,5,-0.0,,64.46,,63,2024-10-07,16.4,,5,-0.5,,85.64,,91
SELL,1068,TVTX,2024-10-15,17.42,2471.59,2024-09-10,13.19,16.3,21.53,10457.66,10436.13,32.02,25,equal-weight sizing trim,2024-09-09,13.48,,5,-0.0,,64.46,,63,2024-10-14,17.87,,5,-0.6,,97.64,,98
SELL,1068,TVTX,2024-11-19,17.04,78122.28,2024-09-10,16.06,627.18,665.6,76849.32,76183.72,6.07,50,rotation (out of top-N),2024-09-09,13.48,,5,-0.0,,64.46,,63,2024-11-18,18.25,,5,-1,,78.0,,133
SELL,1069,APP,2024-09-17,118.21,991.61,2024-09-10,88.03,43.65,58.61,29921.81,29863.2,34.21,5,equal-weight sizing trim,2024-09-09,112.59,5.4,5,-1,0.6,61.5,3.56,490,2024-09-16,126.07,5.0,5,-1,1.0,75.42,3.04,497
SELL,1069,APP,2024-09-24,126.69,117.94,2024-09-10,88.03,5.19,7.47,4559.58,4552.1,43.84,10,equal-weight sizing trim,2024-09-09,112.59,5.4,5,-1,0.6,61.5,3.56,490,2024-09-23,127.71,4.5,5,-1,1.5,72.51,2.19,504
SELL,1069,APP,2024-10-08,141.37,146.29,2024-09-10,88.33,6.46,10.34,7759.3,7748.96,59.97,20,equal-weight sizing trim,2024-09-09,112.59,5.4,5,-1,0.6,61.5,3.56,490,2024-10-07,146.99,4.6,5,-1,1.4,85.48,2.39,518
SELL,1069,APP,2024-11-12,280.5,1899.8,2024-09-10,121.19,115.12,266.45,302662.2,302395.75,131.34,45,equal-weight sizing trim,2024-09-09,112.59,5.4,5,-1,0.6,61.5,3.56,490,2024-11-11,291.17,6,5,-1,0.0,191.01,5.67,553
SELL,1069,APP,2024-11-19,294.55,20.61,2024-09-10,121.19,1.25,3.04,3573.75,3570.72,142.93,50,equal-weight sizing trim,2024-09-09,112.59,5.4,5,-1,0.6,61.5,3.56,490,2024-11-18,333.45,5.4,5,-1,0.6,211.94,3.67,560
SELL,1069,APP,2024-12-03,339.94,193.2,2024-09-10,124.5,12.03,32.84,41623.4,41590.56,172.91,59,equal-weight sizing trim,2024-09-09,112.59,5.4,5,-1,0.6,61.5,3.56,490,2024-12-02,401.65,5.3,5,-1,0.7,228.25,3.48,574
SELL,1069,APP,2024-12-24,346.83,381.66,2024-09-10,137.55,26.25,66.19,79875.2,79809.01,152.02,74,equal-weight sizing trim,2024-09-09,112.59,5.4,5,-1,0.6,61.5,3.56,490,2024-12-23,335.06,5.9,5,-1,0.1,135.24,4.38,595
SELL,1069,APP,2025-01-14,324.06,5466.26,2024-09-10,153.91,420.67,885.7,930064.42,929178.73,110.44,86,ratchet-ATR exit,2024-09-09,112.59,5.4,5,-1,0.6,61.5,3.56,490,2025-01-13,342.5,5.9,5,-1,0.1,111.14,4.42,616
SELL,1070,AGX,2024-09-24,93.92,76.73,2024-09-10,89.42,3.43,3.6,344.9,341.3,4.97,10,equal-weight sizing trim,2024-09-09,89.72,,5,-0.4,,48.21,,616,2024-09-23,99.1,,5,-0.8,,56.95,,630
SELL,1070,AGX,2024-10-01,99.34,108.87,2024-09-10,89.42,4.87,5.41,1079.47,1074.06,11.03,15,equal-weight sizing trim,2024-09-09,89.72,,5,-0.4,,48.21,,616,2024-09-30,106.57,,5,-1,,64.79,,637
SELL,1070,AGX,2024-10-08,107.54,185.54,2024-09-10,89.42,8.3,9.98,3361.02,3351.04,20.2,20,equal-weight sizing trim,2024-09-09,89.72,,5,-0.4,,48.21,,616,2024-10-07,113.52,,5,-1,,70.99,,644
SELL,1070,AGX,2024-11-05,139.44,334.44,2024-09-10,103.66,17.33,23.32,11967.1,11943.78,34.45,40,equal-weight sizing trim,2024-09-09,89.72,,5,-0.4,,48.21,,616,2024-11-04,153.63,,5,-1,,103.55,,672
SELL,1070,AGX,2024-11-19,138.03,9317.34,2024-09-10,109.91,512.05,643.04,261977.32,261334.29,25.52,50,ratchet-ATR exit,2024-09-09,89.72,,5,-0.4,,48.21,,616,2024-11-18,156.05,,5,-1,,93.93,,686
SELL,1071,PTGX,2024-09-17,46.49,10174.53,2024-09-10,44.62,226.99,236.53,19077.24,18840.71,4.15,5,rotation (out of top-N),2024-09-09,47.05,,5,-0.6,,51.45,,245,2024-09-16,47.32,,5,-0.5,,49.18,,252
SELL,1072,EMBJ,2024-09-17,35.21,13344.72,2024-09-10,34.02,226.99,234.93,15880.22,15645.29,3.45,5,rotation (out of top-N),2024-09-09,36.59,,5,-0.3,,45.89,,301,2024-09-16,34.75,,5,0.2,,36.42,,308
SELL,1073,UI,2024-09-24,217.17,52.9,2024-09-10,189.45,5.01,5.74,1466.42,1460.67,14.57,10,equal-weight sizing trim,2024-09-09,200.57,,5,0.0,,44.83,,105,2024-09-23,217.39,,5,-0.6,,52.51,,119
SELL,1073,UI,2024-10-08,228.49,28.28,2024-09-10,190.51,2.69,3.23,1074.12,1070.89,19.87,20,equal-weight sizing trim,2024-09-09,200.57,,5,0.0,,44.83,,105,2024-10-07,231.85,,5,-0.9,,57.31,,133
SELL,1073,UI,2024-11-12,344.44,229.91,2024-09-10,218.07,25.07,39.6,29053.24,29013.64,57.87,45,equal-weight sizing trim,2024-09-09,200.57,,5,0.0,,44.83,,105,2024-11-11,330.76,,5,-1,,97.91,,168
SELL,1073,UI,2024-12-10,330.83,4997.09,2024-09-10,236.98,592.1,826.59,468984.42,468157.82,39.53,64,ratchet-ATR exit,2024-09-09,200.57,,5,0.0,,44.83,,105,2024-12-09,341.41,,5,-1,,79.8,,196
SELL,1074,RKLB,2024-09-17,7.47,7785.11,2024-09-10,6.16,23.98,29.08,10198.5,10169.42,21.21,5,equal-weight sizing trim,2024-09-09,7.46,,5,0.0,,54.22,,77,2024-09-16,7.48,,5,-0.0,,52.37,,84
SELL,1074,RKLB,2024-10-01,9.66,12532.53,2024-09-10,6.19,38.82,60.53,43427.55,43367.02,55.86,15,equal-weight sizing trim,2024-09-09,7.46,,5,0.0,,54.22,,77,2024-09-30,9.8,,5,-0.6,,91.34,,98
SELL,1074,RKLB,2024-11-12,14.4,161.05,2024-09-10,8.42,0.68,1.16,963.48,962.32,70.95,45,equal-weight sizing trim,2024-09-09,7.46,,5,0.0,,54.22,,77,2024-11-11,19.04,,5,-1,,202.23,,140
SELL,1074,RKLB,2024-11-19,19.05,21157.48,2024-09-10,8.42,89.1,201.52,224854.48,224652.95,126.07,50,equal-weight sizing trim,2024-09-09,7.46,,5,0.0,,54.22,,77,2024-11-18,23.26,,5,-1,,244.13,,147
SELL,1074,RKLB,2024-11-26,23.72,7850.2,2024-09-10,8.42,33.06,93.1,120089.62,119996.52,181.49,55,equal-weight sizing trim,2024-09-09,7.46,,5,0.0,,54.22,,77,2024-11-25,27.28,,5,-1,,272.09,,154
SELL,1074,RKLB,2024-12-17,25.93,5825.78,2024-09-10,9.24,26.91,75.53,97244.39,97168.85,180.55,69,equal-weight sizing trim,2024-09-09,7.46,,5,0.0,,54.22,,77,2024-12-16,24.91,,5,-1,,181.27,,175
SELL,1074,RKLB,2024-12-24,25.52,2522.3,2024-09-10,9.24,11.65,32.18,41068.37,41036.19,176.11,74,equal-weight sizing trim,2024-09-09,7.46,,5,0.0,,54.22,,77,2024-12-23,27.21,,5,-1,,188.44,,182
SELL,1074,RKLB,2024-12-31,26.55,3347.85,2024-09-10,9.24,15.46,44.44,57958.36,57913.92,187.26,78,equal-weight sizing trim,2024-09-09,7.46,,5,0.0,,54.22,,77,2024-12-30,28.72,,5,-1,,185.79,,189
SELL,1074,RKLB,2025-01-07,29.14,1552.59,2024-09-10,9.24,7.17,22.62,30899.74,30877.11,215.28,82,equal-weight sizing trim,2024-09-09,7.46,,5,0.0,,54.22,,77,2025-01-06,26.9,,5,-1,,153.13,,196
SELL,1074,RKLB,2025-01-14,24.46,63229.42,2024-09-10,9.24,292.05,773.3,962484.09,961710.79,164.65,86,ratchet-ATR exit,2024-09-09,7.46,,5,0.0,,54.22,,77,2025-01-13,24.0,,5,-1,,115.56,,203
SELL,1075,PCVX,2024-10-01,113.93,4615.74,2024-09-10,115.38,266.28,262.94,-6685.73,-6948.66,-1.3,15,rotation (out of top-N),2024-09-09,116.01,,5,-1.0,,59.23,,791,2024-09-30,111.24,,5,-0.2,,44.95,,812
SELL,1076,PLTR,2024-09-24,37.93,13307.38,2024-09-10,34.95,232.53,252.37,39693.16,39440.79,8.48,10,rotation (out of top-N),2024-09-09,35.59,5.2,5,-0.5,0.3,49.99,4.05,518,2024-09-23,36.85,3.8,5,-0.5,1.7,49.25,1.98,532
SELL,1077,VIRT,2024-09-17,31.26,15017.78,2024-09-10,30.23,226.99,234.73,15468.31,15233.58,3.36,5,rotation (out of top-N),2024-09-09,30.72,,5,-0.2,,44.03,,189,2024-09-16,29.67,,5,0.1,,37.42,,196
SELL,1078,STRT,2024-09-17,36.88,13103.98,2024-09-10,34.65,226.99,241.64,29287.4,29045.76,6.4,5,rotation (out of top-N),2024-09-09,37.8,,5,-0.2,,43.63,,119,2024-09-16,38.33,,5,-0.2,,43.37,,126
SELL,1079,PDEX,2024-09-17,28.59,16792.58,2024-09-10,27.04,226.99,240.05,26112.46,25872.41,5.7,5,rotation (out of top-N),2024-09-09,27.48,,5,-0.1,,42.55,,266,2024-09-16,28.39,,5,-0.3,,45.03,,273
SELL,1080,SFM,2024-09-17,106.93,4564.75,2024-09-10,99.45,226.99,244.05,34121.52,33877.47,7.46,5,rotation (out of top-N),2024-09-09,102.07,,5,-0.1,,42.2,,672,2024-09-16,105.65,,5,-0.2,,44.3,,679
SELL,1081,LMB,2024-09-17,73.3,178.53,2024-09-10,65.83,5.88,6.54,1332.72,1326.18,11.28,5,equal-weight sizing trim,2024-09-09,71.91,,5,-0.1,,41.93,,707,2024-09-16,80.03,,5,-0.8,,55.15,,714
SELL,1081,LMB,2024-09-24,76.14,6717.31,2024-09-10,65.83,221.12,255.73,69221.86,68966.13,15.59,10,rotation (out of top-N),2024-09-09,71.91,,5,-0.1,,41.93,,707,2024-09-23,74.85,,5,-0.2,,43.01,,721
SELL,1082,ORKA,2024-09-17,25.77,16647.87,2024-09-10,27.27,226.99,214.47,-25055.05,-25269.51,-5.57,5,rotation (out of top-N),2024-09-09,25.0,,5,-0.1,,41.69,,161,2024-09-16,24.72,,5,0.1,,37.49,,168
SELL,1083,WLFC,2024-09-24,44.32,623.65,2024-09-17,40.36,12.59,13.82,2469.67,2455.85,9.76,5,equal-weight sizing trim,2024-09-16,43.88,,5,-1,,103.47,,266,2024-09-23,46.81,,5,-1,,109.45,,273
SELL,1083,WLFC,2024-10-01,48.22,546.37,2024-09-17,40.36,11.03,13.17,4294.5,4281.33,19.41,10,equal-weight sizing trim,2024-09-16,43.88,,5,-1,,103.47,,266,2024-09-30,49.97,,5,-1,,115.31,,280
SELL,1083,WLFC,2024-10-08,50.78,84.6,2024-09-17,40.36,1.71,2.15,881.5,879.35,25.75,15,equal-weight sizing trim,2024-09-16,43.88,,5,-1,,103.47,,266,2024-10-07,57.31,,5,-1,,136.32,,287
SELL,1083,WLFC,2024-10-15,60.52,1179.6,2024-09-17,40.36,23.8,35.69,23780.77,23745.07,49.88,20,equal-weight sizing trim,2024-09-16,43.88,,5,-1,,103.47,,266,2024-10-14,66.65,,5,-1,,161.07,,294
SELL,1083,WLFC,2024-11-19,62.34,21489.78,2024-09-17,52.12,559.99,669.84,219690.79,219020.96,19.56,45,ratchet-ATR exit,2024-09-16,43.88,,5,-1,,103.47,,266,2024-11-18,68.04,,5,-1,,115.53,,329
SELL,1084,INSM,2024-10-08,71.4,7317.6,2024-09-17,73.56,269.15,261.24,-15824.07,-16085.3,-2.99,15,rotation (out of top-N),2024-09-16,74.21,,5,-0.9,,62.16,,112,2024-10-07,74.55,,5,-0.6,,52.18,,133
SELL,1085,FTAI,2024-10-08,138.24,146.51,2024-09-17,126.14,9.24,10.13,1772.66,1762.53,9.54,15,equal-weight sizing trim,2024-09-16,128.35,,5,-1,,62.29,,637,2024-10-07,144.32,,5,-1,,67.92,,658
SELL,1085,FTAI,2024-11-05,133.06,7891.74,2024-09-17,132.65,523.42,525.04,3229.84,2704.81,0.26,35,rotation (out of top-N),2024-09-16,128.35,,5,-1,,62.29,,637,2024-11-04,154.75,,5,-1,,62.26,,686
SELL,1086,CRS,2024-09-24,159.1,250.06,2024-09-17,141.7,17.72,19.89,4351.1,4331.2,12.22,5,equal-weight sizing trim,2024-09-16,155.69,,5,-1,,61.69,,686,2024-09-23,158.13,,5,-1,,60.57,,693
SELL,1086,CRS,2024-10-15,153.62,3519.84,2024-09-17,143.09,251.83,270.36,37062.94,36792.58,7.31,20,rotation (out of top-N),2024-09-16,155.69,,5,-1,,61.69,,686,2024-10-14,157.47,,5,-0.5,,49.47,,714
SELL,1087,ASTS,2024-10-08,24.48,20678.36,2024-09-17,29.51,305.15,253.15,-103996.04,-104249.2,-17.08,15,ratchet-ATR exit,2024-09-16,26.47,,5,-0.9,,165.79,,112,2024-10-07,24.16,,5,-1,,111.55,,133
SELL,1088,SMTC,2024-09-24,47.54,1293.58,2024-09-17,40.74,26.35,30.75,8796.33,8765.58,16.63,5,equal-weight sizing trim,2024-09-16,45.99,,5,-0.6,,51.84,,175,2024-09-23,46.33,,5,-0.5,,49.99,,182
SELL,1088,SMTC,2024-10-01,45.48,10786.26,2024-09-17,40.74,219.72,245.25,51072.93,50827.68,11.57,10,rotation (out of top-N),2024-09-16,45.99,,5,-0.6,,51.84,,175,2024-09-30,41.71,,5,0.4,,32.9,,189
SELL,1089,VST,2024-09-24,111.1,881.99,2024-09-17,89.52,39.48,48.99,19033.32,18984.32,24.04,5,equal-weight sizing trim,2024-09-16,106.77,4.6,5,-0.6,1.0,52.96,2.97,553,2024-09-23,116.71,6,5,-1,0.0,62.58,6.26,560
SELL,1089,VST,2024-10-01,117.09,75.76,2024-09-17,89.52,3.39,4.44,2088.57,2084.13,30.73,10,equal-weight sizing trim,2024-09-16,106.77,4.6,5,-0.6,1.0,52.96,2.97,553,2024-09-30,137.32,4.9,5,-1,1.1,84.88,2.91,567
SELL,1089,VST,2024-10-08,129.96,265.48,2024-09-17,89.52,11.88,17.25,10735.98,10718.73,45.1,15,equal-weight sizing trim,2024-09-16,106.77,4.6,5,-0.6,1.0,52.96,2.97,553,2024-10-07,124.26,6,5,-1,0.0,62.58,4.53,574
SELL,1089,VST,2024-10-22,127.33,4507.86,2024-09-17,91.67,206.62,286.99,160746.76,160459.77,38.83,25,rotation (out of top-N),2024-09-16,106.77,4.6,5,-0.6,1.0,52.96,2.97,553,2024-10-21,122.99,4.3,5,-0.6,1.3,52.2,2.48,588
SELL,1090,CVNA,2024-09-24,34.54,1101.32,2024-09-17,30.86,16.99,19.02,4052.87,4033.85,11.87,5,equal-weight sizing trim,2024-09-16,34.77,5.1,5,-1,0.9,75.11,3.16,469,2024-09-23,33.96,5.1,5,-1,0.9,66.22,3.18,476
SELL,1090,CVNA,2024-11-05,46.3,2234.94,2024-09-17,34.12,38.13,51.74,27211.98,27160.24,35.61,35,equal-weight sizing trim,2024-09-16,34.77,5.1,5,-1,0.9,75.11,3.16,469,2024-11-04,48.88,5.9,5,-1,0.1,93.47,4.32,518
SELL,1090,CVNA,2024-12-03,50.86,33150.66,2024-09-17,38.0,629.91,843.02,426213.25,425370.23,33.76,54,rotation (out of top-N),2024-09-16,34.77,5.1,5,-1,0.9,75.11,3.16,469,2024-12-02,50.23,4.3,5,-1,1.7,73.0,1.97,546
SELL,1091,SN,2024-10-08,108.06,4874.39,2024-09-24,106.55,259.68,263.36,7372.11,7108.75,1.37,10,rotation (out of top-N),2024-09-23,106.0,,5,-0.5,,50.64,,999,2024-10-07,107.3,,5,-0.3,,46.42,,999
SELL,1092,MNPR,2024-10-01,6.14,115432.95,2024-09-24,4.44,256.26,354.38,196236.01,195881.63,38.22,5,rotation (out of top-N),2024-09-23,6.71,,5,1.9,,105.46,,7,2024-09-30,4.71,,5,2.7,,40.99,,14
SELL,1093,SE,2024-10-01,94.25,5541.68,2024-09-24,92.48,256.26,261.15,9781.07,9519.91,1.86,5,rotation (out of top-N),2024-09-23,94.23,,5,-0.6,,51.39,,203,2024-09-30,95.97,,5,-0.5,,50.83,,210
SELL,1094,PI,2024-10-15,235.84,2516.14,2024-09-24,208.7,262.56,296.7,68268.74,67972.04,12.94,15,rotation (out of top-N),2024-09-23,213.93,,5,-0.6,,52.49,,259,2024-10-14,218.29,,5,-0.2,,44.73,,280
SELL,1095,CORT,2024-10-01,46.16,356.82,2024-09-24,43.16,7.7,8.23,1066.89,1058.66,6.87,5,equal-weight sizing trim,2024-09-23,43.92,,5,-0.6,,51.94,,119,2024-09-30,45.42,,5,-0.8,,55.39,,126
SELL,1095,CORT,2024-10-29,48.55,19940.44,2024-09-24,45.45,453.19,484.05,61734.95,61250.9,6.76,25,rotation (out of top-N),2024-09-23,43.92,,5,-0.6,,51.94,,119,2024-10-28,47.67,,5,-0.5,,50.64,,154
SELL,1096,COOK,2024-10-01,185.0,2733.45,2024-09-24,187.5,256.26,252.84,-6833.63,-7086.47,-1.38,5,rotation (out of top-N),2024-09-23,192.0,,5,0.4,,51.7,,63,2024-09-30,174.0,,5,1.0,,36.48,,70
SELL,1097,NUTX,2024-10-08,19.67,24460.84,2024-10-01,21.72,265.64,240.57,-50144.72,-50385.29,-9.48,5,rotation (out of top-N),2024-09-30,21.69,,5,1.9,,55.72,,21,2024-10-07,20.4,,5,2.1,,49.47,,28
SELL,1098,POWL,2024-10-08,79.79,328.15,2024-10-01,72.88,11.96,13.09,2267.52,2254.43,9.43,5,equal-weight sizing trim,2024-09-30,80.41,,5,-1.0,,59.35,,700,2024-10-07,86.69,,5,-1,,66.81,,707
SELL,1098,POWL,2024-10-15,86.98,171.3,2024-10-01,72.88,6.24,7.45,2415.27,2407.82,19.29,10,equal-weight sizing trim,2024-09-30,80.41,,5,-1.0,,59.35,,700,2024-10-14,89.91,,5,-1,,67.91,,714
SELL,1098,POWL,2024-11-05,93.04,782.35,2024-10-01,80.55,31.51,36.39,9771.04,9734.65,15.45,25,equal-weight sizing trim,2024-09-30,80.41,,5,-1.0,,59.35,,700,2024-11-04,114.72,,5,-1,,96.01,,735
SELL,1098,POWL,2024-11-12,115.11,12308.46,2024-10-01,80.55,495.73,708.41,425373.23,424664.81,42.83,30,rotation (out of top-N),2024-09-30,80.41,,5,-1.0,,59.35,,700,2024-11-11,91.8,,5,-0.7,,54.0,,742
SELL,1099,FUTU,2024-10-08,100.84,242.61,2024-10-01,92.38,11.21,12.23,2052.44,2040.21,9.1,5,equal-weight sizing trim,2024-09-30,123.16,,5,-1,,103.55,,175,2024-10-07,106.84,,5,-1,,72.5,,182
SELL,1099,FUTU,2024-10-15,97.15,5508.52,2024-10-01,92.38,254.44,267.58,26275.66,26008.09,5.11,10,rotation (out of top-N),2024-09-30,123.16,,5,-1,,103.55,,175,2024-10-14,89.76,,5,-0.1,,42.41,,189
SELL,1100,PDEX,2024-10-08,27.61,17413.62,2024-10-01,30.51,265.64,240.44,-50412.42,-50652.86,-9.53,5,rotation (out of top-N),2024-09-30,31.34,,5,-0.8,,55.09,,287,2024-10-07,28.79,,5,-0.0,,40.8,,294
SELL,1101,CEG,2024-10-08,275.23,2072.27,2024-10-01,256.38,265.64,285.18,39062.35,38777.17,7.3,5,rotation (out of top-N),2024-09-30,282.65,4.4,5,-0.7,1.3,54.39,2.6,476,2024-10-07,263.48,3.7,5,-0.1,1.3,41.05,2.5,483
SELL,1102,LEU,2024-10-08,63.06,9595.26,2024-10-01,55.37,265.64,302.54,73787.53,73484.99,13.83,5,rotation (out of top-N),2024-09-30,67.79,,5,2.4,,51.95,,0,2024-10-07,59.39,,5,3.3,,32.44,,7
SELL,1103,PLTR,2024-10-08,39.2,94.21,2024-10-01,37.25,1.75,1.85,184.18,182.34,5.2,5,equal-weight sizing trim,2024-09-30,40.01,4.2,5,-0.9,1.7,58.38,1.9,539,2024-10-07,43.5,4.5,5,-1,1.5,67.63,2.26,546
SELL,1103,PLTR,2024-10-15,43.48,584.52,2024-10-01,37.25,10.89,12.71,3641.55,3628.85,16.67,10,equal-weight sizing trim,2024-09-30,40.01,4.2,5,-0.9,1.7,58.38,1.9,539,2024-10-14,42.96,4.7,5,-1,1.3,61.48,2.5,553
SELL,1103,PLTR,2024-10-29,44.87,23059.66,2024-10-01,39.46,454.98,517.34,124735.94,124218.6,13.65,20,rotation (out of top-N),2024-09-30,40.01,4.2,5,-0.9,1.7,58.38,1.9,539,2024-10-28,41.93,3.4,5,-0.5,2.1,50.04,1.31,567
SELL,1104,MNPR,2024-10-29,18.19,109527.3,2024-10-08,5.42,296.88,996.15,1398540.63,1397544.48,235.37,15,equal-weight sizing trim,2024-10-07,5.49,,5,1.7,,60.34,,21,2024-10-28,14.49,,5,1.3,,244.33,,42
SELL,1104,MNPR,2024-11-19,18.8,4015.2,2024-10-08,8.7,17.47,37.74,40536.31,40498.57,115.88,30,equal-weight sizing trim,2024-10-07,5.49,,5,1.7,,60.34,,21,2024-11-18,19.86,,5,-0.0,,265.75,,63
SELL,1104,MNPR,2024-12-03,22.1,10978.3,2024-10-08,9.63,52.88,121.31,136854.27,136732.95,129.28,39,equal-weight sizing trim,2024-10-07,5.49,,5,1.7,,60.34,,21,2024-12-02,22.01,,5,-0.3,,250.43,,77
SELL,1104,MNPR,2024-12-10,23.27,2981.28,2024-10-08,9.63,14.36,34.69,40667.33,40632.64,141.47,44,equal-weight sizing trim,2024-10-07,5.49,,5,1.7,,60.34,,21,2024-12-09,24.84,,5,-0.4,,265.56,,84
SELL,1104,MNPR,2024-12-17,26.47,5757.51,2024-10-08,9.63,27.73,76.2,96932.88,96856.68,174.62,49,equal-weight sizing trim,2024-10-07,5.49,,5,1.7,,60.34,,21,2024-12-16,25.3,,5,-0.5,,244.55,,91
SELL,1104,MNPR,2024-12-31,23.62,76120.62,2024-10-08,10.83,412.3,898.98,973364.71,972465.73,117.93,58,ratchet-ATR exit,2024-10-07,5.49,,5,1.7,,60.34,,21,2024-12-30,23.06,,5,-0.8,,175.53,,105
SELL,1105,IESC,2024-10-15,229.79,29.23,2024-10-08,213.58,3.12,3.36,474.0,470.64,7.54,5,equal-weight sizing trim,2024-10-07,219.57,,5,-0.8,,56.27,,658,2024-10-14,228.78,,5,-0.9,,58.58,,665
SELL,1105,IESC,2024-10-22,227.87,2570.27,2024-10-08,213.58,274.48,292.84,36729.18,36436.33,6.64,10,rotation (out of top-N),2024-10-07,219.57,,5,-0.8,,56.27,,658,2024-10-21,207.59,,5,-0.0,,40.88,,672
SELL,1106,TPL,2024-10-15,341.97,35.5,2024-10-08,314.98,5.59,6.07,958.19,952.12,8.51,5,equal-weight sizing trim,2024-10-07,349.69,4.0,5,-0.8,1.8,56.87,1.75,182,2024-10-14,349.37,3.9,5,-0.7,1.8,53.57,1.76,189
SELL,1106,TPL,2024-11-05,404.65,230.33,2024-10-08,334.78,38.55,46.6,16092.69,16046.09,20.81,20,equal-weight sizing trim,2024-10-07,349.69,4.0,5,-0.8,1.8,56.87,1.75,182,2024-11-04,454.53,4.6,5,-1,1.4,85.02,2.47,210
SELL,1106,TPL,2024-12-03,502.4,3289.07,2024-10-08,354.02,582.19,826.21,488048.06,487221.84,41.84,39,rotation (out of top-N),2024-10-07,349.69,4.0,5,-0.8,1.8,56.87,1.75,182,2024-12-02,442.65,5.0,5,-0.9,0.9,58.7,3.13,238
SELL,1107,SE,2024-10-15,99.97,5979.56,2024-10-08,92.85,277.6,298.89,42574.45,42275.56,7.61,5,rotation (out of top-N),2024-10-07,99.25,,5,-0.6,,52.32,,217,2024-10-14,98.92,,5,-0.4,,48.22,,224
SELL,1108,COHR,2024-10-15,102.79,5815.15,2024-10-08,95.47,277.6,298.87,42537.86,42238.99,7.61,5,rotation (out of top-N),2024-10-07,104.64,4.9,5,-0.9,1.1,58.98,2.91,294,2024-10-14,98.23,4.0,5,-0.3,1.3,46.11,2.57,301
SELL,1109,YOU,2024-10-15,33.55,1051.34,2024-10-08,29.76,15.64,17.64,3984.59,3966.96,12.68,5,equal-weight sizing trim,2024-10-07,32.79,,5,-0.2,,58.24,,77,2024-10-14,34.55,,5,-0.4,,63.89,,84
SELL,1109,YOU,2024-11-05,33.72,31822.2,2024-10-08,32.0,509.21,536.52,54620.07,54083.55,5.31,20,rotation (out of top-N),2024-10-07,32.79,,5,-0.2,,58.24,,77,2024-11-04,26.62,,4.09,1.2,,20.46,,105
SELL,1110,MSTR,2024-10-15,206.43,124.57,2024-10-08,185.95,11.58,12.86,2551.17,2538.31,10.96,5,equal-weight sizing trim,2024-10-07,212.55,,5,-1,,60.89,,609,2024-10-14,215.53,,5,-0.9,,58.15,,616
SELL,1110,MSTR,2024-10-29,264.04,366.07,2024-10-08,197.29,36.11,48.33,24434.69,24386.36,33.77,15,equal-weight sizing trim,2024-10-07,212.55,,5,-1,,60.89,,609,2024-10-28,229.43,,5,-0.9,,57.76,,630
SELL,1110,MSTR,2024-11-12,332.56,522.83,2024-10-08,202.7,52.99,86.94,67895.07,67808.13,63.98,25,equal-weight sizing trim,2024-10-07,212.55,,5,-1,,60.89,,609,2024-11-11,339.85,,5,-1,,115.34,,644
SELL,1110,MSTR,2024-11-19,389.33,467.14,2024-10-08,202.7,47.34,90.94,87182.57,87091.64,91.98,30,equal-weight sizing trim,2024-10-07,212.55,,5,-1,,60.89,,609,2024-11-18,421.25,,5,-1,,152.84,,651
SELL,1110,MSTR,2024-12-10,373.25,22.09,2024-10-08,231.78,2.56,4.12,3124.37,3120.25,60.96,44,equal-weight sizing trim,2024-10-07,212.55,,5,-1,,60.89,,609,2024-12-09,408.62,,5,-1,,116.91,,672
SELL,1110,MSTR,2024-12-17,412.74,236.2,2024-10-08,231.78,27.37,48.74,42741.79,42693.04,77.98,49,equal-weight sizing trim,2024-10-07,212.55,,5,-1,,60.89,,609,2024-12-16,363.94,,5,-1,,88.54,,679
SELL,1110,MSTR,2024-12-31,315.31,5061.77,2024-10-08,245.53,621.41,798.01,353210.4,352412.38,28.36,58,ratchet-ATR exit,2024-10-07,212.55,,5,-1,,60.89,,609,2024-12-30,339.23,,5,-1,,68.21,,693
SELL,1111,INSM,2024-10-15,74.86,7775.94,2024-10-08,71.4,277.6,291.05,26904.74,26613.69,4.79,5,rotation (out of top-N),2024-10-07,74.55,,5,-0.6,,52.18,,133,2024-10-14,74.55,,5,-0.4,,48.69,,140
SELL,1112,NUTX,2024-11-05,24.86,397.55,2024-10-15,20.9,4.15,4.94,1575.22,1570.27,18.9,15,equal-weight sizing trim,2024-10-14,22.26,,5,1.4,,66.01,,35,2024-11-04,32.26,,5,1.1,,134.89,,56
SELL,1112,NUTX,2024-11-26,34.11,4921.43,2024-10-15,22.11,54.42,83.93,59034.04,58950.11,54.16,30,equal-weight sizing trim,2024-10-14,22.26,,5,1.4,,66.01,,35,2024-11-25,37.45,,5,-0.3,,151.91,,77
SELL,1112,NUTX,2024-12-03,38.6,5559.55,2024-10-15,22.11,61.47,107.3,91650.94,91543.64,74.46,34,equal-weight sizing trim,2024-10-14,22.26,,5,1.4,,66.01,,35,2024-12-02,37.27,,5,-0.4,,142.45,,84
SELL,1112,NUTX,2024-12-24,31.68,55477.42,2024-10-15,24.41,677.0,878.76,403522.12,402643.35,29.74,49,ratchet-ATR exit,2024-10-14,22.26,,5,1.4,,66.01,,35,2024-12-23,31.04,,5,-0.8,,86.2,,105
SELL,1113,ASTS,2024-11-05,24.15,41003.84,2024-10-15,25.55,523.73,495.12,-57221.34,-57716.46,-5.51,15,rotation (out of top-N),2024-10-14,28.13,,5,-1,,134.03,,140,2024-11-04,21.98,,5,-1,,61.79,,161
SELL,1114,UAL,2024-10-22,73.96,9168.2,2024-10-15,64.39,295.17,339.04,87739.64,87400.6,14.81,5,rotation (out of top-N),2024-10-14,74.14,5.2,5,1.7,3.3,53.57,1.66,35,2024-10-21,74.62,5.2,5,1.7,3.0,51.75,1.94,42
SELL,1115,LEU,2024-11-05,76.01,12664.01,2024-10-15,67.8,429.3,481.3,103988.28,103506.98,12.06,15,ratchet-ATR exit,2024-10-14,98.12,,5,1.8,,113.63,,14,2024-11-04,92.06,,5,1.4,,87.15,,35
SELL,1116,DRUG,2024-10-22,42.52,197152.12,2024-10-15,2.68,264.18,4191.45,7854540.29,7850348.84,1485.77,5,equal-weight sizing trim,2024-10-14,49.99,,5,2.0,,1896.21,,0,2024-10-21,48.95,,5,1.9,,1229.89,,7
SELL,1116,DRUG,2024-10-29,49.29,778.18,2024-10-15,2.68,1.04,19.18,36270.76,36251.58,1738.26,10,equal-weight sizing trim,2024-10-14,49.99,,5,2.0,,1896.21,,0,2024-10-28,47.81,,5,1.8,,889.88,,14
SELL,1116,DRUG,2024-11-19,37.72,33873.92,2024-10-15,16.41,277.92,638.86,721891.16,721252.3,129.76,25,ratchet-ATR exit,2024-10-14,49.99,,5,2.0,,1896.21,,0,2024-11-18,36.0,,5,1.4,,364.15,,35
SELL,1117,ORKA,2024-10-22,30.0,21584.65,2024-10-15,27.35,295.17,323.77,57199.32,56875.55,9.63,5,rotation (out of top-N),2024-10-14,29.86,,5,-0.7,,53.17,,196,2024-10-21,27.99,,5,-0.0,,40.43,,203
SELL,1118,BMA,2024-10-29,73.43,14593.76,2024-10-22,67.34,491.37,535.81,88875.99,88340.18,8.99,5,rotation (out of top-N),2024-10-21,73.98,,5,-0.6,,52.72,,672,2024-10-28,70.54,,5,-0.1,,42.53,,679
SELL,1119,FLXS,2024-10-29,55.93,20329.82,2024-10-22,48.34,491.37,568.52,154303.36,153734.84,15.64,5,rotation (out of top-N),2024-10-21,55.17,,5,-0.7,,54.97,,301,2024-10-28,54.79,,5,-0.5,,51.0,,308
SELL,1120,INOD,2024-11-12,44.72,22070.4,2024-10-22,19.76,218.02,493.49,550944.4,550450.91,126.24,15,equal-weight sizing trim,2024-10-21,20.32,,5,-1.0,,59.88,,154,2024-11-11,36.77,,5,-1,,155.14,,175
SELL,1120,INOD,2024-12-10,41.97,2174.27,2024-10-22,25.17,27.36,45.63,36534.78,36489.15,66.68,34,equal-weight sizing trim,2024-10-21,20.32,,5,-1.0,,59.88,,154,2024-12-09,34.52,,5,-1,,94.03,,203
SELL,1120,INOD,2024-12-17,39.05,41574.65,2024-10-22,25.17,523.15,811.64,576983.23,576171.59,55.07,39,ratchet-ATR exit,2024-10-21,20.32,,5,-1.0,,59.88,,154,2024-12-16,43.04,,5,-1,,130.05,,210
SELL,1121,EAT,2024-11-05,108.82,11476.31,2024-10-22,93.92,538.95,624.43,170956.6,170332.17,15.8,10,rotation (out of top-N),2024-10-21,94.86,,5,-0.6,,52.78,,315,2024-11-04,114.87,,5,-1,,75.46,,329
SELL,1122,CRDO,2024-11-12,46.89,28091.66,2024-10-29,40.81,573.19,658.61,170847.5,170188.89,14.85,10,rotation (out of top-N),2024-10-28,40.42,,5,-0.6,,51.67,,504,2024-11-11,39.76,,5,-0.2,,43.36,,518
SELL,1123,IESC,2024-11-05,249.53,707.41,2024-10-29,207.84,73.51,88.26,29492.07,29403.81,20.0,5,equal-weight sizing trim,2024-10-28,233.02,,5,-0.7,,54.19,,679,2024-11-04,284.19,,5,-1,,82.07,,686
SELL,1123,IESC,2024-11-12,294.26,4589.34,2024-10-29,207.84,476.92,675.23,396611.16,395935.93,41.51,10,rotation (out of top-N),2024-10-28,233.02,,5,-0.7,,54.19,,679,2024-11-11,258.59,,5,-1,,61.36,,693
SELL,1124,SFM,2024-11-05,134.35,9252.24,2024-10-29,118.98,550.44,621.52,142160.72,141539.21,12.86,5,rotation (out of top-N),2024-10-28,130.17,,5,-0.8,,56.23,,721,2024-11-04,145.2,,5,-1,,69.5,,728
SELL,1125,PDEX,2024-11-05,41.4,8557.72,2024-10-29,30.4,130.06,177.14,94177.75,94000.61,36.14,5,equal-weight sizing trim,2024-10-28,36.68,,5,-1,,73.24,,315,2024-11-04,41.48,,5,-1,,91.53,,322
SELL,1125,PDEX,2024-11-19,42.34,31918.68,2024-10-29,32.43,517.58,675.64,316120.63,315444.99,30.47,15,ratchet-ATR exit,2024-10-28,36.68,,5,-1,,73.24,,315,2024-11-18,42.88,,5,-1,,86.74,,336
SELL,1126,UAL,2024-11-05,77.59,14541.68,2024-10-29,75.7,550.44,564.14,27411.08,26846.93,2.44,5,rotation (out of top-N),2024-10-28,80.45,5.7,5,1.2,2.7,60.51,2.27,49,2024-11-04,87.52,5.5,5,1.1,2.7,70.69,2.11,56
SELL,1127,USLM,2024-12-03,153.71,11550.36,2024-11-05,117.05,675.96,887.7,423481.52,422593.82,31.26,19,rotation (out of top-N),2024-11-04,142.31,,5,-1,,89.53,,721,2024-12-02,152.39,,5,-1,,79.8,,749
SELL,1128,AXON,2024-11-12,608.72,2634.4,2024-11-05,434.49,572.3,801.81,459004.4,458202.6,40.03,5,rotation (out of top-N),2024-11-04,602.83,3.7,5,-1,2.3,78.6,1.06,434,2024-11-11,599.38,6,5,-1,0.0,73.37,6.46,441
SELL,1129,AAOI,2024-11-12,27.74,15650.62,2024-11-05,16.79,131.35,217.07,171452.58,171235.5,65.18,5,equal-weight sizing trim,2024-11-04,27.78,,5,1.5,,115.5,,28,2024-11-11,26.8,,5,1.4,,105.2,,35
SELL,1129,AAOI,2024-11-26,38.19,10761.56,2024-11-05,17.37,93.46,205.47,224012.94,223807.48,119.74,15,equal-weight sizing trim,2024-11-04,27.78,,5,1.5,,115.5,,28,2024-11-25,41.24,,5,1.2,,191.35,,49
SELL,1129,AAOI,2024-12-03,40.38,2165.57,2024-11-05,17.37,18.81,43.72,49821.24,49777.52,132.34,19,equal-weight sizing trim,2024-11-04,27.78,,5,1.5,,115.5,,28,2024-12-02,38.93,,5,1.1,,164.06,,56
SELL,1129,AAOI,2024-12-24,36.55,5224.34,2024-11-05,20.52,53.61,95.49,83765.54,83670.06,78.04,34,equal-weight sizing trim,2024-11-04,27.78,,5,1.5,,115.5,,28,2024-12-23,37.76,,5,-0.3,,128.97,,77
SELL,1129,AAOI,2024-12-31,36.37,266.05,2024-11-05,20.52,2.73,4.84,4215.15,4210.32,77.12,38,equal-weight sizing trim,2024-11-04,27.78,,5,1.5,,115.5,,28,2024-12-30,37.86,,5,-0.4,,121.54,,84
SELL,1129,AAOI,2025-01-07,33.76,47297.19,2024-11-05,20.52,485.3,798.26,625917.46,625119.2,64.41,42,ratchet-ATR exit,2024-11-04,27.78,,5,1.5,,115.5,,28,2025-01-06,31.63,,5,-0.5,,80.06,,91
SELL,1130,CORT,2024-11-12,59.01,22860.13,2024-11-05,50.07,572.3,674.43,204255.24,203580.81,17.79,5,rotation (out of top-N),2024-11-04,59.59,,5,-1,,82.81,,161,2024-11-11,51.84,,5,-0.8,,55.6,,168
SELL,1131,PLTR,2024-12-03,66.6,658.58,2024-11-05,49.11,16.17,21.93,11516.76,11494.83,35.54,19,equal-weight sizing trim,2024-11-04,58.44,5.4,5,-1,0.6,101.65,3.58,574,2024-12-02,76.31,4.5,5,-1,1.5,128.47,2.24,602
SELL,1131,PLTR,2024-12-10,71.97,1623.19,2024-11-05,49.11,39.86,58.41,37109.99,37051.57,46.48,24,equal-weight sizing trim,2024-11-04,58.44,5.4,5,-1,0.6,101.65,3.58,574,2024-12-09,76.08,6,5,-1,0.0,119.57,5.28,609
SELL,1131,PLTR,2024-12-24,81.06,3528.02,2024-11-05,49.82,87.89,143.0,110219.2,110076.2,62.62,34,equal-weight sizing trim,2024-11-04,58.44,5.4,5,-1,0.6,101.65,3.58,574,2024-12-23,79.12,6,5,-1,0.0,111.24,4.77,623
SELL,1131,PLTR,2025-01-14,67.18,24503.49,2024-11-05,53.06,650.05,823.07,346050.89,345227.82,26.55,46,ratchet-ATR exit,2024-11-04,58.44,5.4,5,-1,0.6,101.65,3.58,574,2025-01-13,71.77,5.6,5,-1,0.4,74.15,3.91,644
SELL,1132,SEZL,2024-11-12,60.62,10164.92,2024-11-05,33.46,170.06,308.1,276079.15,275771.06,81.08,5,equal-weight sizing trim,2024-11-04,71.43,,5,-1,,294.71,,999,2024-11-11,63.92,,5,-1,,227.67,,999
SELL,1132,SEZL,2024-11-19,66.67,1177.87,2024-11-05,33.46,19.71,39.26,39117.13,39077.87,99.15,10,equal-weight sizing trim,2024-11-04,71.43,,5,-1,,294.71,,999,2024-11-18,78.52,,5,-1,,269.31,,999
SELL,1132,SEZL,2024-11-26,75.42,166.69,2024-11-05,33.46,2.79,6.29,6994.35,6988.07,125.29,15,equal-weight sizing trim,2024-11-04,71.43,,5,-1,,294.71,,999,2024-11-25,71.07,,5,-1,,210.67,,999
SELL,1132,SEZL,2024-12-03,64.76,22698.73,2024-11-05,33.46,379.75,734.98,710470.12,709735.13,93.45,19,ratchet-ATR exit,2024-11-04,71.43,,5,-1,,294.71,,999,2024-12-02,60.34,,5,-1,,149.39,,999
SELL,1133,EAT,2024-11-19,121.61,12302.87,2024-11-05,110.22,678.0,748.05,140089.41,139341.36,10.28,10,rotation (out of top-N),2024-11-04,114.87,,5,-1,,75.46,,329,2024-11-18,125.58,,5,-1,,81.17,,343
SELL,1134,HUT,2024-12-03,24.95,2235.72,2024-11-12,23.8,26.6,27.89,2577.19,2549.3,4.79,14,equal-weight sizing trim,2024-11-11,25.24,,5,-1,,113.78,,147,2024-12-02,30.21,,5,-1,,128.18,,168
SELL,1134,HUT,2024-12-10,27.53,5664.22,2024-11-12,23.8,67.4,77.97,21143.03,21065.06,15.63,19,equal-weight sizing trim,2024-11-11,25.24,,5,-1,,113.78,,147,2024-12-09,27.35,,5,-1,,99.26,,175
SELL,1134,HUT,2024-12-17,30.27,2849.02,2024-11-12,23.8,33.9,43.11,18426.68,18383.57,27.11,24,equal-weight sizing trim,2024-11-11,25.24,,5,-1,,113.78,,147,2024-12-16,23.68,,5,-1,,67.59,,182
SELL,1134,HUT,2024-12-24,22.91,60532.32,2024-11-12,23.8,720.25,693.4,-53708.33,-54401.73,-3.78,29,rotation (out of top-N),2024-11-11,25.24,,5,-1,,113.78,,147,2024-12-23,22.32,,5,-0.7,,54.26,,189
SELL,1135,DAVE,2024-11-19,79.74,4666.49,2024-11-12,61.25,142.91,186.05,86283.39,86097.34,30.12,5,equal-weight sizing trim,2024-11-11,80.01,,5,-1,,105.3,,343,2024-11-18,86.2,,5,-1,,112.96,,350
SELL,1135,DAVE,2024-12-03,90.44,802.65,2024-11-12,62.17,24.95,36.3,22688.82,22652.53,45.39,14,equal-weight sizing trim,2024-11-11,80.01,,5,-1,,105.3,,343,2024-12-02,91.94,,5,-1,,108.54,,364
SELL,1135,DAVE,2024-12-17,105.98,2374.02,2024-11-12,63.0,74.78,125.8,102033.86,101908.06,68.14,24,equal-weight sizing trim,2024-11-11,80.01,,5,-1,,105.3,,343,2024-12-16,87.9,,5,-1,,87.84,,378
SELL,1135,DAVE,2024-12-24,91.75,17286.38,2024-11-12,63.0,544.53,793.01,496970.91,496177.9,45.56,29,ratchet-ATR exit,2024-11-11,80.01,,5,-1,,105.3,,343,2024-12-23,97.75,,5,-1,,102.66,,385
SELL,1136,BE,2024-11-19,22.29,41955.34,2024-11-12,13.2,276.91,467.49,381164.29,380696.8,68.74,5,equal-weight sizing trim,2024-11-11,21.14,,5,2.0,,78.5,,0,2024-11-18,25.77,,5,1.9,,110.49,,7
SELL,1136,BE,2024-11-26,26.45,3682.88,2024-11-12,13.2,24.31,48.71,48798.18,48749.48,100.28,10,equal-weight sizing trim,2024-11-11,21.14,,5,2.0,,78.5,,0,2024-11-25,27.5,,5,1.8,,116.31,,14
SELL,1136,BE,2024-12-24,23.95,70664.27,2024-11-12,14.26,503.88,846.38,685005.49,684159.11,67.89,29,rotation (out of top-N),2024-11-11,21.14,,5,2.0,,78.5,,0,2024-12-23,22.86,,5,1.3,,60.52,,42
SELL,1137,SEI,2024-11-19,19.02,2905.29,2024-11-12,17.54,25.48,27.63,4299.84,4272.21,8.38,5,equal-weight sizing trim,2024-11-11,18.29,,5,-1,,75.66,,189,2024-11-18,22.76,,5,-1,,110.72,,196
SELL,1137,SEI,2024-11-26,22.05,2510.27,2024-11-12,17.54,22.02,27.68,11321.31,11293.64,25.65,10,equal-weight sizing trim,2024-11-11,18.29,,5,-1,,75.66,,189,2024-11-25,24.11,,5,-1,,114.85,,203
SELL,1137,SEI,2024-12-03,24.46,7210.18,2024-11-12,17.54,63.23,88.18,49894.47,49806.29,39.38,14,equal-weight sizing trim,2024-11-11,18.29,,5,-1,,75.66,,189,2024-12-02,25.97,,5,-1,,122.5,,210
SELL,1137,SEI,2024-12-10,25.89,3032.51,2024-11-12,17.54,26.6,39.26,25321.43,25282.17,47.53,19,equal-weight sizing trim,2024-11-11,18.29,,5,-1,,75.66,,189,2024-12-09,27.51,,5,-1,,126.21,,217
SELL,1137,SEI,2024-12-17,28.45,3002.17,2024-11-12,17.54,26.33,42.71,32753.72,32711.02,62.12,24,equal-weight sizing trim,2024-11-11,18.29,,5,-1,,75.66,,189,2024-12-16,26.37,,5,-1,,109.0,,224
SELL,1137,SEI,2024-12-24,28.25,2848.06,2024-11-12,17.54,24.98,40.23,30502.74,30462.51,60.98,29,equal-weight sizing trim,2024-11-11,18.29,,5,-1,,75.66,,189,2024-12-23,27.62,,5,-1,,110.79,,231
SELL,1137,SEI,2024-12-31,28.23,619.23,2024-11-12,17.54,5.43,8.74,6619.56,6610.82,60.87,33,equal-weight sizing trim,2024-11-11,18.29,,5,-1,,75.66,,189,2024-12-30,29.02,,5,-1,,113.04,,238
SELL,1137,SEI,2025-01-28,24.42,61731.2,2024-11-12,17.69,545.9,753.74,415666.88,414913.15,38.0,50,ratchet-ATR exit,2024-11-11,18.29,,5,-1,,75.66,,189,2025-01-27,26.71,,5,-1,,69.34,,266
SELL,1138,LMND,2024-11-26,49.81,10143.02,2024-11-12,33.02,167.46,252.64,170346.73,170094.09,50.79,10,equal-weight sizing trim,2024-11-11,33.3,,5,-1,,82.34,,350,2024-11-25,51.94,,5,-1,,160.98,,364
SELL,1138,LMND,2024-12-24,39.68,42802.34,2024-11-12,35.21,753.47,849.2,191447.32,190598.12,12.65,29,ratchet-ATR exit,2024-11-11,33.3,,5,-1,,82.34,,350,2024-12-23,39.43,,5,-1,,75.46,,392
SELL,1139,ROOT,2024-11-26,108.81,15682.12,2024-11-19,97.16,761.84,853.19,182696.74,181843.55,11.93,5,rotation (out of top-N),2024-11-18,109.2,,5,1.8,,98.8,,14,2024-11-25,99.68,,5,1.7,,74.88,,21
SELL,1140,AFRM,2024-11-26,67.98,93.66,2024-11-19,60.28,2.82,3.18,721.21,718.03,12.72,5,equal-weight sizing trim,2024-11-18,66.56,,5,-0.0,,83.06,,63,2024-11-25,70.0,,5,-0.2,,88.25,,70
SELL,1140,AFRM,2024-12-17,70.25,25480.17,2024-11-19,60.37,769.17,894.99,251651.27,250756.28,16.3,19,rotation (out of top-N),2024-11-18,66.56,,5,-0.0,,83.06,,63,2024-12-16,65.6,,5,-0.5,,65.55,,91
SELL,1141,EAT,2024-12-03,130.3,13265.33,2024-11-19,122.02,809.3,864.24,109865.33,109001.1,6.73,9,rotation (out of top-N),2024-11-18,125.58,,5,-1,,81.17,,343,2024-12-02,129.81,,5,-1,,76.49,,357
SELL,1142,AXON,2024-11-26,625.48,2524.73,2024-11-19,603.5,761.84,789.58,55493.59,54704.0,3.59,5,rotation (out of top-N),2024-11-18,636.81,4.1,5,-1,1.9,79.43,1.6,448,2024-11-25,647.37,4.5,5,-1,1.5,77.69,2.23,455
SELL,1143,YPF,2024-11-26,39.12,43897.3,2024-11-19,34.71,761.84,858.63,193587.07,192728.44,12.65,5,rotation (out of top-N),2024-11-18,40.03,,5,-1,,79.29,,364,2024-11-25,40.25,,5,-1,,75.9,,371
SELL,1144,TVTX,2024-11-26,18.28,89417.55,2024-11-19,17.04,761.84,817.28,110877.77,110060.49,7.22,5,rotation (out of top-N),2024-11-18,18.25,,5,-1,,78.0,,133,2024-11-25,18.83,,5,-1,,78.92,,140
SELL,1145,WLFC,2024-12-24,65.43,26336.78,2024-11-26,69.15,910.59,861.61,-97962.87,-98824.47,-5.43,19,ratchet-ATR exit,2024-11-25,71.83,,5,-1,,117.89,,336,2024-12-23,70.26,,5,-1,,83.88,,364
SELL,1146,AGX,2024-12-03,151.29,10942.52,2024-11-26,156.37,855.54,827.75,-55588.0,-56415.75,-3.3,4,rotation (out of top-N),2024-11-25,154.12,,5,-1,,85.28,,693,2024-12-02,145.56,,5,-1,,69.89,,700
SELL,1147,PDEX,2024-12-17,47.48,36749.53,2024-11-26,48.69,894.75,872.43,-44636.9,-45509.33,-2.54,14,rotation (out of top-N),2024-11-25,50.54,,5,-1,,112.26,,343,2024-12-16,42.82,,5,-1,,63.95,,364
SELL,1148,DRUG,2024-12-03,45.18,2350.41,2024-11-26,42.27,49.68,53.1,6839.7,6786.6,6.83,4,equal-weight sizing trim,2024-11-25,43.71,,5,1.3,,396.74,,42,2024-12-02,39.57,,5,1.2,,306.16,,49
SELL,1148,DRUG,2024-12-10,39.26,38129.41,2024-11-26,42.27,805.87,748.48,-114769.51,-115517.99,-7.17,9,ratchet-ATR exit,2024-11-25,43.71,,5,1.3,,396.74,,42,2024-12-09,40.53,,5,1.1,,278.24,,56
SELL,1149,CRDO,2024-12-10,67.17,717.77,2024-12-03,64.5,23.15,24.11,1916.45,1892.34,4.09,5,equal-weight sizing trim,2024-12-02,74.22,,5,-1,,145.14,,539,2024-12-09,76.02,,5,-1,,140.4,,546
SELL,1149,CRDO,2024-12-17,76.3,1966.57,2024-12-03,64.5,63.42,75.02,23205.53,23130.51,18.24,10,equal-weight sizing trim,2024-12-02,74.22,,5,-1,,145.14,,539,2024-12-16,68.5,,5,-1,,108.47,,553
SELL,1149,CRDO,2024-12-31,69.46,200.63,2024-12-03,64.7,6.49,6.97,955.72,948.75,7.31,19,equal-weight sizing trim,2024-12-02,74.22,,5,-1,,145.14,,539,2024-12-30,72.36,,5,-1,,104.87,,567
SELL,1149,CRDO,2025-01-07,76.43,654.81,2024-12-03,64.7,21.18,25.02,7683.34,7658.32,18.08,23,equal-weight sizing trim,2024-12-02,74.22,,5,-1,,145.14,,539,2025-01-06,73.8,,5,-1,,101.48,,574
SELL,1149,CRDO,2025-01-28,59.4,24994.85,2024-12-03,64.92,811.33,742.35,-137960.73,-138703.08,-8.55,36,ratchet-ATR exit,2024-12-02,74.22,,5,-1,,145.14,,539,2025-01-27,70.01,,5,-1,,70.88,,595
SELL,1150,AXON,2024-12-10,647.87,2644.28,2024-12-03,651.15,860.91,856.57,-8686.47,-9543.04,-0.55,5,rotation (out of top-N),2024-12-02,687.5,4.0,5,-1,2.0,84.0,1.52,462,2024-12-09,644.62,5.0,5,-1,1.0,68.77,3.02,469
SELL,1151,ATLC,2024-12-10,61.0,28168.92,2024-12-03,61.12,860.91,859.15,-3521.12,-4380.27,-0.25,5,rotation (out of top-N),2024-12-02,63.2,,5,-0.8,,86.82,,105,2024-12-09,60.45,,5,-0.9,,74.87,,112
SELL,1152,VSXY,2024-12-10,47.88,4533.38,2024-12-03,42.02,95.25,108.53,26565.63,26457.1,13.89,5,equal-weight sizing trim,2024-12-02,48.01,,5,-0.3,,105.26,,77,2024-12-09,48.7,,5,-0.4,,101.63,,84
SELL,1152,VSXY,2024-12-31,41.92,41425.92,2024-12-03,42.34,877.03,868.29,-17478.0,-18346.29,-1.05,19,rotation (out of top-N),2024-12-02,48.01,,5,-0.3,,105.26,,77,2024-12-30,41.76,,5,-0.8,,60.99,,105
SELL,1153,FBRX,2024-12-10,25.98,77350.64,2024-12-03,22.26,860.91,1004.78,287744.38,286739.59,16.65,5,rotation (out of top-N),2024-12-02,28.08,,5,2.0,,120.83,,0,2024-12-09,21.8,,5,1.9,,70.34,,7
SELL,1154,HOOD,2024-12-10,39.76,46814.17,2024-12-03,36.78,860.91,930.67,139506.23,138575.57,8.05,5,rotation (out of top-N),2024-12-02,41.67,5.1,5,-1,0.9,83.23,3.13,357,2024-12-09,40.19,5.7,5,-1,0.3,72.33,4.06,364
SELL,1155,YPF,2024-12-17,43.95,381.05,2024-12-10,41.46,7.9,8.37,948.81,940.43,5.95,5,equal-weight sizing trim,2024-12-09,44.54,,5,-1,,84.96,,385,2024-12-16,42.03,,5,-1,,70.3,,392
SELL,1155,YPF,2024-12-24,42.25,531.92,2024-12-10,41.46,11.03,11.24,420.22,408.98,1.85,10,equal-weight sizing trim,2024-12-09,44.54,,5,-1,,84.96,,385,2024-12-23,42.66,,5,-1,,69.04,,399
SELL,1155,YPF,2024-12-31,42.59,763.13,2024-12-10,41.46,15.82,16.25,858.52,842.27,2.66,14,equal-weight sizing trim,2024-12-09,44.54,,5,-1,,84.96,,385,2024-12-30,44.01,,5,-1,,70.28,,406
SELL,1155,YPF,2025-01-14,45.34,1768.61,2024-12-10,41.5,36.7,40.09,6783.02,6742.93,9.19,22,equal-weight sizing trim,2024-12-09,44.54,,5,-1,,84.96,,385,2025-01-13,42.7,,5,-0.9,,58.12,,420
SELL,1155,YPF,2025-01-28,39.91,39130.26,2024-12-10,41.5,812.05,780.75,-62599.07,-63379.81,-3.9,31,rotation (out of top-N),2024-12-09,44.54,,5,-1,,84.96,,385,2025-01-27,39.47,,5,-0.0,,40.96,,434
SELL,1156,XMTR,2024-12-17,37.3,5744.95,2024-12-10,31.79,91.32,107.14,31654.66,31547.51,17.27,5,equal-weight sizing trim,2024-12-09,34.77,,5,1.3,,84.02,,42,2024-12-16,41.67,,5,1.2,,113.43,,49
SELL,1156,XMTR,2024-12-24,42.3,8007.3,2024-12-10,31.79,127.28,169.33,84116.7,83947.36,32.98,10,equal-weight sizing trim,2024-12-09,34.77,,5,1.3,,84.02,,42,2024-12-23,44.18,,5,1.1,,118.71,,56
SELL,1156,XMTR,2024-12-31,43.83,1866.6,2024-12-10,31.79,29.67,40.91,22473.83,22432.92,37.8,14,equal-weight sizing trim,2024-12-09,34.77,,5,1.3,,84.02,,42,2024-12-30,43.14,,5,-0.0,,106.84,,63
SELL,1156,XMTR,2025-01-07,41.81,39241.67,2024-12-10,31.79,623.75,820.35,393201.49,392381.14,31.45,18,rotation (out of top-N),2024-12-09,34.77,,5,1.3,,84.02,,42,2025-01-06,33.52,,5,-0.1,,57.75,,70
SELL,1157,TSLA,2024-12-17,475.39,588.07,2024-12-10,392.64,115.45,139.78,48662.58,48522.8,21.01,5,equal-weight sizing trim,2024-12-09,436.24,5.1,5,-1,0.9,91.52,3.2,154,2024-12-16,421.13,4.8,5,-1,1.2,79.8,2.75,161
SELL,1157,TSLA,2024-12-24,435.92,3853.7,2024-12-10,392.64,756.56,839.95,166788.14,165948.19,10.97,10,ratchet-ATR exit,2024-12-09,436.24,5.1,5,-1,0.9,91.52,3.2,154,2024-12-23,431.7,6,5,-1,0.0,79.32,4.79,168
SELL,1158,SEZL,2024-12-24,43.5,34032.1,2024-12-10,54.92,934.52,740.2,-388651.57,-389391.77,-20.83,10,ratchet-ATR exit,2024-12-09,51.49,,5,-1,,104.1,,999,2024-12-23,45.31,,5,-1,,68.38,,999
SELL,1159,SITM,2024-12-17,243.69,7090.07,2024-12-10,245.98,872.01,863.87,-16271.71,-17135.58,-0.98,5,rotation (out of top-N),2024-12-09,252.5,,5,-1,,75.56,,196,2024-12-16,217.07,,5,-0.4,,47.52,,203
SELL,1160,ATLC,2024-12-17,59.59,28590.42,2024-12-10,61.0,872.01,851.92,-40169.54,-41021.46,-2.35,5,rotation (out of top-N),2024-12-09,60.45,,5,-0.9,,74.87,,112,2024-12-16,57.0,,5,-1.0,,61.73,,119
SELL,1161,UI,2024-12-24,341.21,299.16,2024-12-17,339.42,50.77,51.04,535.5,484.46,0.48,5,equal-weight sizing trim,2024-12-16,339.92,,5,-1,,73.72,,203,2024-12-23,337.57,,5,-1,,67.69,,210
SELL,1161,UI,2025-01-14,390.64,687.17,2024-12-17,339.54,116.66,134.22,35113.14,34978.93,14.99,17,equal-weight sizing trim,2024-12-16,339.92,,5,-1,,73.72,,203,2025-01-13,395.59,,5,-1,,79.38,,231
SELL,1161,UI,2025-01-28,396.9,277.74,2024-12-17,339.54,47.15,55.12,15931.03,15875.91,16.83,26,equal-weight sizing trim,2024-12-16,339.92,,5,-1,,73.72,,203,2025-01-27,393.89,,5,-1,,66.97,,245
SELL,1161,UI,2025-02-11,358.05,4636.58,2024-12-17,344.65,798.99,830.06,62139.52,61309.46,3.84,36,rotation (out of top-N),2024-12-16,339.92,,5,-1,,73.72,,203,2025-02-10,343.85,,5,0.1,,38.45,,259
SELL,1162,EAT,2024-12-24,134.93,990.39,2024-12-17,131.96,65.35,66.82,2941.44,2874.63,2.2,5,equal-weight sizing trim,2024-12-16,134.3,,5,-1,,72.89,,371,2024-12-23,132.57,,5,-1,,66.04,,378
SELL,1162,EAT,2025-01-14,142.05,574.86,2024-12-17,132.02,37.95,40.83,5765.5,5724.67,7.54,17,equal-weight sizing trim,2024-12-16,134.3,,5,-1,,72.89,,371,2025-01-13,144.11,,5,-1,,65.81,,399
SELL,1162,EAT,2025-01-28,150.69,1259.36,2024-12-17,132.02,83.13,94.89,23517.75,23422.86,14.09,26,equal-weight sizing trim,2024-12-16,134.3,,5,-1,,72.89,,371,2025-01-27,181.91,,5,-1,,95.93,,413
SELL,1162,EAT,2025-02-04,192.18,1504.92,2024-12-17,132.02,99.34,144.6,90527.58,90382.97,45.49,31,equal-weight sizing trim,2024-12-16,134.3,,5,-1,,72.89,,371,2025-02-03,171.91,,5,-1,,79.51,,420
SELL,1162,EAT,2025-02-11,166.53,9725.44,2024-12-17,132.02,641.98,809.81,335667.1,334857.29,26.08,36,ratchet-ATR exit,2024-12-16,134.3,,5,-1,,72.89,,371,2025-02-10,158.3,,5,-1,,61.11,,427
SELL,1163,FEIM,2024-12-24,18.8,6548.95,2024-12-17,18.49,60.55,61.56,2030.18,1968.62,1.63,5,equal-weight sizing trim,2024-12-16,19.15,,5,-1,,69.72,,147,2024-12-23,18.78,,5,-1,,63.21,,154
SELL,1163,FEIM,2024-12-31,18.21,92482.66,2024-12-17,18.49,855.0,842.05,-25895.14,-26737.2,-1.56,9,rotation (out of top-N),2024-12-16,19.15,,5,-1,,69.72,,147,2024-12-30,18.53,,5,-0.9,,58.02,,161
SELL,1164,DRUG,2024-12-24,37.91,446.73,2024-12-17,39.54,8.83,8.47,-728.16,-736.63,-4.17,5,equal-weight sizing trim,2024-12-16,38.48,,5,-0.0,,230.4,,63,2024-12-23,39.97,,5,-0.2,,216.85,,70
SELL,1164,DRUG,2025-01-07,40.48,3315.59,2024-12-17,39.28,65.12,67.12,4001.49,3934.37,3.02,13,equal-weight sizing trim,2024-12-16,38.48,,5,-0.0,,230.4,,63,2025-01-06,39.55,,5,-0.4,,172.42,,84
SELL,1164,DRUG,2025-01-14,36.28,45510.81,2024-12-17,39.28,893.79,825.57,-136447.29,-137272.86,-7.68,17,ratchet-ATR exit,2024-12-16,38.48,,5,-0.0,,230.4,,63,2025-01-13,36.66,,5,-0.5,,137.98,,91
SELL,1165,AFRM,2024-12-24,65.16,26065.4,2024-12-17,70.25,915.55,849.21,-132672.9,-133522.11,-7.29,5,rotation (out of top-N),2024-12-16,65.6,,5,-0.5,,65.55,,91,2024-12-23,64.61,,5,-0.6,,60.16,,98
SELL,1166,INOD,2025-01-14,35.2,43138.81,2024-12-24,42.65,919.93,759.24,-321381.68,-322140.92,-17.51,12,ratchet-ATR exit,2024-12-23,45.34,,5,-1,,130.32,,217,2025-01-13,36.81,,5,-1,,66.43,,238
SELL,1167,FBRX,2024-12-31,21.46,6526.19,2024-12-24,20.05,65.43,70.03,9201.93,9131.91,6.98,4,equal-weight sizing trim,2024-12-23,22.56,,5,1.7,,73.32,,21,2024-12-30,25.4,,5,1.5,,92.48,,28
SELL,1167,FBRX,2025-01-07,22.51,80147.35,2024-12-24,20.05,803.48,902.06,197162.49,196260.43,12.21,8,rotation (out of top-N),2024-12-23,22.56,,5,1.7,,73.32,,21,2025-01-06,18.73,,5,2.3,,41.58,,35
SELL,1168,UAL,2024-12-31,98.01,17499.67,2024-12-24,99.31,868.9,857.57,-22662.07,-23519.64,-1.35,4,rotation (out of top-N),2024-12-23,99.66,4.9,5,-0.8,1.6,64.83,2.4,105,2024-12-30,95.67,4.3,5,-0.6,1.7,55.16,2.1,112
SELL,1169,BE,2025-01-07,25.46,3546.91,2024-12-24,23.9,42.38,45.16,5558.98,5513.82,6.5,8,equal-weight sizing trim,2024-12-23,22.86,,5,1.3,,60.52,,42,2025-01-06,23.58,,5,1.1,,58.61,,56
SELL,1169,BE,2025-01-28,22.56,74921.26,2024-12-24,23.89,894.94,845.11,-99665.38,-100510.49,-5.62,21,rotation (out of top-N),2024-12-23,22.86,,5,1.3,,60.52,,42,2025-01-27,23.61,,5,0.4,,47.33,,77
SELL,1170,HOOD,2024-12-31,38.94,1514.06,2024-12-24,38.04,28.8,29.48,1362.66,1333.18,2.31,4,equal-weight sizing trim,2024-12-23,39.02,5.6,5,-1,0.4,60.28,3.85,378,2024-12-30,41.37,4.9,5,-1,1.1,66.31,2.92,385
SELL,1170,HOOD,2025-01-07,42.32,44169.55,2024-12-24,38.04,840.1,934.63,189045.66,188111.04,11.2,8,rotation (out of top-N),2024-12-23,39.02,5.6,5,-1,0.4,60.28,3.85,378,2025-01-06,40.08,4.8,5,-0.9,1.0,57.69,2.94,392
SELL,1171,AFRM,2024-12-31,63.21,26669.81,2024-12-24,65.16,868.9,842.9,-52006.12,-52849.02,-3.04,4,rotation (out of top-N),2024-12-23,64.61,,5,-0.6,,60.16,,98,2024-12-30,66.49,,5,-0.8,,61.89,,105
SELL,1172,PDEX,2024-12-31,42.82,416.68,2024-12-24,42.82,8.92,8.92,0.0,-8.92,-0.05,4,equal-weight sizing trim,2024-12-23,42.82,,5,-1,,60.05,,371,2024-12-30,45.86,,5,-1,,67.02,,378
SELL,1172,PDEX,2025-01-07,54.79,6538.77,2024-12-24,42.82,140.0,179.13,78269.06,78089.93,27.89,8,equal-weight sizing trim,2024-12-23,42.82,,5,-1,,60.05,,371,2025-01-06,47.77,,5,-1,,69.42,,385
SELL,1172,PDEX,2025-01-14,44.39,33628.49,2024-12-24,42.82,719.99,746.38,52796.74,52050.35,3.61,12,rotation (out of top-N),2024-12-23,42.82,,5,-1,,60.05,,371,2025-01-13,45.35,,5,-0.9,,57.03,,392
SELL,1173,ATLC,2024-12-31,56.07,30773.94,2024-12-24,56.47,868.9,862.75,-12309.58,-13172.33,-0.76,4,rotation (out of top-N),2024-12-23,56.96,,5,-0.9,,58.7,,126,2024-12-30,55.78,,5,-0.6,,52.68,,133
SELL,1174,CLS,2024-12-31,93.43,17732.7,2024-12-24,98.0,868.9,828.38,-81038.44,-81866.82,-4.71,4,rotation (out of top-N),2024-12-23,95.04,,5,-0.9,,57.66,,756,2024-12-30,96.91,,5,-0.9,,57.36,,763
SELL,1175,WLFC,2025-01-14,70.5,26008.62,2024-12-31,70.29,914.13,916.8,5348.35,4431.54,0.24,8,rotation (out of top-N),2024-12-30,68.62,,5,-1,,73.62,,371,2025-01-13,64.65,,5,-0.7,,53.8,,385
SELL,1176,BMA,2025-01-07,107.39,1717.5,2024-12-31,91.08,78.21,92.22,28012.44,27920.22,17.85,4,equal-weight sizing trim,2024-12-30,103.16,,5,-1,,69.5,,742,2025-01-06,106.13,,5,-1,,70.0,,749
SELL,1176,BMA,2025-01-14,102.49,17157.14,2024-12-31,91.08,781.34,879.22,195762.96,194883.74,12.47,8,rotation (out of top-N),2024-12-30,103.16,,5,-1,,69.5,,742,2025-01-13,97.32,,5,-0.6,,52.61,,756
SELL,1177,NUTX,2025-01-07,34.25,1784.64,2024-12-31,30.93,27.6,30.56,5925.01,5894.45,10.68,4,equal-weight sizing trim,2024-12-30,34.25,,5,-0.9,,99.55,,112,2025-01-06,30.62,,5,-1.0,,73.63,,119
SELL,1177,NUTX,2025-01-14,31.34,53795.77,2024-12-31,30.93,831.95,842.98,22056.27,21213.29,1.27,8,ratchet-ATR exit,2024-12-30,34.25,,5,-0.9,,99.55,,112,2025-01-13,39.33,,5,-1,,113.25,,126
SELL,1178,DAVE,2025-01-28,89.7,2559.71,2024-12-31,84.93,108.7,114.8,12215.29,12100.49,5.57,17,equal-weight sizing trim,2024-12-30,89.74,,5,-1,,81.12,,392,2025-01-27,95.52,,5,-1,,74.41,,420
SELL,1178,DAVE,2025-02-25,99.73,546.86,2024-12-31,85.17,23.29,27.27,7962.96,7935.69,17.04,36,equal-weight sizing trim,2024-12-30,89.74,,5,-1,,81.12,,392,2025-02-24,100.79,,5,-1,,66.21,,448
SELL,1178,DAVE,2025-03-11,81.28,19028.26,2024-12-31,85.3,811.6,773.36,-76490.67,-77264.02,-4.76,46,ratchet-ATR exit,2024-12-30,89.74,,5,-1,,81.12,,392,2025-03-10,86.45,,5,0.1,,37.64,,462
SELL,1179,TSLA,2025-01-07,405.65,4056.5,2024-12-31,423.79,859.55,822.76,-73584.83,-74407.59,-4.33,4,rotation (out of top-N),2024-12-30,410.43,5.2,5,-1,0.8,66.43,3.31,175,2025-01-06,394.72,5.2,5,-0.8,0.6,56.41,3.58,182
SELL,1180,SEZL,2025-01-07,43.75,40345.04,2024-12-31,42.61,859.55,882.55,45993.35,45110.8,2.62,4,rotation (out of top-N),2024-12-30,46.68,,5,-1,,68.19,,999,2025-01-06,37.34,,5,0.4,,31.48,,999
SELL,1181,LMND,2025-01-07,39.27,44973.24,2024-12-31,38.23,859.55,882.94,46772.17,45889.24,2.67,4,rotation (out of top-N),2024-12-30,37.96,,5,-1,,64.96,,399,2025-01-06,32.29,,5,0.1,,38.0,,406
SELL,1182,HUT,2025-01-07,27.2,76268.95,2024-12-31,22.54,859.55,1037.07,355031.98,353994.91,20.59,4,rotation (out of top-N),2024-12-30,24.16,,5,-1,,63.24,,196,2025-01-06,23.37,,5,-0.7,,54.19,,203
SELL,1183,MNPR,2025-01-14,25.61,10016.88,2025-01-07,23.23,116.32,128.27,23890.27,23762.0,10.21,4,equal-weight sizing trim,2025-01-06,25.33,,5,-0.9,,183.73,,112,2025-01-13,29.27,,5,-1.0,,206.15,,119
SELL,1183,MNPR,2025-01-28,35.82,22030.06,2025-01-07,23.23,255.82,394.56,277468.65,277074.09,54.15,13,equal-weight sizing trim,2025-01-06,25.33,,5,-0.9,,183.73,,112,2025-01-27,43.13,,5,-1,,275.32,,133
SELL,1183,MNPR,2025-02-04,43.45,4231.57,2025-01-07,23.22,49.14,91.93,85583.44,85491.51,86.99,18,equal-weight sizing trim,2025-01-06,25.33,,5,-0.9,,183.73,,112,2025-02-03,47.78,,5,-1,,279.03,,140
SELL,1183,MNPR,2025-02-11,51.85,3899.13,2025-01-07,23.22,45.28,101.08,111612.45,111511.37,123.14,23,equal-weight sizing trim,2025-01-06,25.33,,5,-0.9,,183.73,,112,2025-02-10,43.0,,5,-1,,216.31,,147
SELL,1183,MNPR,2025-02-25,32.28,39115.53,2025-01-07,23.22,454.23,631.32,354191.16,353559.84,38.92,32,ratchet-ATR exit,2025-01-06,25.33,,5,-0.9,,183.73,,112,2025-02-24,35.01,,5,-1,,126.99,,161
SELL,1184,AGX,2025-01-14,165.59,1491.41,2025-01-07,150.88,112.51,123.48,21938.66,21815.18,9.69,4,equal-weight sizing trim,2025-01-06,157.68,,5,-1,,61.42,,735,2025-01-13,175.62,,5,-1,,74.55,,742
SELL,1184,AGX,2025-01-28,139.47,10714.21,2025-01-07,150.88,808.28,747.16,-122249.12,-122996.27,-7.61,13,rotation (out of top-N),2025-01-06,157.68,,5,-1,,61.42,,735,2025-01-27,134.98,,5,0.6,,28.4,,756
SELL,1185,UAL,2025-01-14,107.35,1954.52,2025-01-07,99.64,97.38,104.91,15059.58,14954.67,7.68,4,equal-weight sizing trim,2025-01-06,107.13,4.9,5,-1.0,1.2,69.36,2.79,119,2025-01-13,107.38,5.6,5,-1,0.4,65.47,3.86,126
SELL,1185,UAL,2025-01-28,105.69,515.2,2025-01-07,99.64,25.67,27.23,3116.95,3089.72,6.02,13,equal-weight sizing trim,2025-01-06,107.13,4.9,5,-1.0,1.2,69.36,2.79,119,2025-01-27,105.85,5.0,5,-0.8,0.9,56.67,3.2,140
SELL,1185,UAL,2025-02-11,105.56,17509.79,2025-01-07,100.25,877.69,924.17,92949.17,92025.0,5.24,23,rotation (out of top-N),2025-01-06,107.13,4.9,5,-1.0,1.2,69.36,2.79,119,2025-02-10,104.27,4.1,5,-0.4,1.3,48.34,2.52,154
SELL,1186,ALGT,2025-01-14,99.54,608.78,2025-01-07,99.91,30.41,30.3,-225.25,-255.55,-0.42,4,equal-weight sizing trim,2025-01-06,100.97,,5,-0.0,,69.15,,63,2025-01-13,102.87,,5,-0.2,,69.34,,70
SELL,1186,ALGT,2025-01-28,101.52,1152.61,2025-01-07,99.91,57.58,58.5,1849.95,1791.44,1.56,13,equal-weight sizing trim,2025-01-06,100.97,,5,-0.0,,69.15,,63,2025-01-27,102.41,,5,-0.4,,62.74,,84
SELL,1186,ALGT,2025-02-04,98.77,16671.03,2025-01-07,99.91,832.8,823.3,-19004.98,-19828.28,-1.19,18,rotation (out of top-N),2025-01-06,100.97,,5,-0.0,,69.15,,63,2025-02-03,90.36,,5,0.4,,41.61,,91
SELL,1187,DXPE,2025-01-14,93.91,3525.14,2025-01-07,82.15,144.8,165.52,41455.66,41290.13,14.26,4,equal-weight sizing trim,2025-01-06,91.1,,5,-1.0,,59.14,,308,2025-01-13,102.52,,5,-1,,75.39,,315
SELL,1187,DXPE,2025-01-28,99.48,1880.13,2025-01-07,82.15,77.23,93.52,32582.68,32489.16,21.04,13,equal-weight sizing trim,2025-01-06,91.1,,5,-1.0,,59.14,,308,2025-01-27,101.27,,5,-1,,65.7,,329
SELL,1187,DXPE,2025-02-25,88.88,20079.1,2025-01-07,84.72,850.53,892.32,83567.66,82675.34,4.86,32,rotation (out of top-N),2025-01-06,91.1,,5,-1.0,,59.14,,308,2025-02-24,90.54,,5,0.1,,38.06,,357
SELL,1188,CLS,2025-01-14,102.92,1416.43,2025-01-07,98.72,69.91,72.89,5948.99,5876.1,4.2,4,equal-weight sizing trim,2025-01-06,103.55,,5,-1,,64.54,,770,2025-01-13,113.24,,5,-1,,75.17,,777
SELL,1188,CLS,2025-01-28,91.94,17239.14,2025-01-07,98.72,850.88,792.48,-116795.15,-117587.64,-6.91,13,ratchet-ATR exit,2025-01-06,103.55,,5,-1,,64.54,,770,2025-01-27,123.52,,5,-1,,79.87,,791
SELL,1189,MSTR,2025-01-28,343.12,5169.71,2025-01-07,365.35,944.39,886.92,-114943.7,-115830.62,-6.13,13,rotation (out of top-N),2025-01-06,327.63,,5,-0.9,,58.84,,700,2025-01-27,333.96,,5,-0.5,,49.41,,721
SELL,1190,XMTR,2025-01-14,33.98,44046.49,2025-01-07,41.81,920.79,748.35,-344884.05,-345632.4,-18.77,4,rotation (out of top-N),2025-01-06,33.52,,5,-0.1,,57.75,,70,2025-01-13,33.21,,5,0.0,,53.43,,77
SELL,1191,HUT,2025-01-28,20.31,72720.06,2025-01-14,24.39,886.64,738.47,-296334.25,-297072.72,-16.75,9,rotation (out of top-N),2025-01-13,26.89,,5,-1,,71.97,,210,2025-01-27,21.7,,5,0.4,,32.25,,224
SELL,1192,AAOI,2025-01-28,24.92,59585.98,2025-01-14,29.76,886.64,742.44,-288396.13,-289138.57,-16.31,9,rotation (out of top-N),2025-01-13,30.99,,5,-0.6,,71.59,,98,2025-01-27,27.91,,5,-0.2,,47.27,,112
SELL,1193,TSLA,2025-01-28,396.72,4275.28,2025-01-14,414.77,886.64,848.04,-77190.16,-78038.2,-4.4,9,rotation (out of top-N),2025-01-13,426.55,5.3,5,-1,0.7,64.85,3.49,189,2025-01-27,404.68,4.5,5,-0.5,0.9,49.25,3.08,203
SELL,1194,SMTC,2025-01-28,58.4,26388.08,2025-01-14,67.2,886.64,770.53,-232215.07,-232985.6,-13.14,9,rotation (out of top-N),2025-01-13,74.98,,5,-1,,69.98,,294,2025-01-27,66.96,,5,-0.3,,45.75,,308
SELL,1195,HOOD,2025-01-28,48.02,7149.7,2025-01-14,41.83,149.54,171.66,44256.63,44084.97,14.74,9,equal-weight sizing trim,2025-01-13,48.12,5.6,5,-1,0.4,83.88,3.94,399,2025-01-27,51.93,5.7,5,-1,0.3,86.25,4.08,413
SELL,1195,HOOD,2025-02-25,47.45,36274.94,2025-01-14,42.15,764.52,860.71,192384.05,191523.33,12.53,28,ratchet-ATR exit,2025-01-13,48.12,5.6,5,-1,0.4,83.88,3.94,399,2025-02-24,50.09,5.9,5,-0.9,0.0,58.57,5.34,441
SELL,1196,PDEX,2025-01-28,41.61,39947.71,2025-01-14,44.39,886.64,831.11,-111054.62,-111885.74,-6.31,9,rotation (out of top-N),2025-01-13,45.35,,5,-0.9,,57.03,,392,2025-01-27,37.56,,5,0.7,,25.53,,406
SELL,1197,ATLC,2025-01-28,57.0,31396.58,2025-01-14,56.48,886.64,894.8,16326.22,15431.42,0.87,9,rotation (out of top-N),2025-01-13,59.42,,5,-0.8,,56.74,,147,2025-01-27,59.43,,5,-0.5,,50.37,,161
SELL,1198,VST,2025-01-28,140.51,10694.64,2025-01-14,165.81,886.64,751.35,-270574.46,-271325.81,-15.3,9,rotation (out of top-N),2025-01-13,169.7,5.8,5,-0.8,0.0,55.83,5.21,672,2025-01-27,166.83,5.3,5,-0.3,0.0,45.83,10.34,686
SELL,1199,WLFC,2025-01-28,59.67,25152.89,2025-01-14,70.5,886.64,750.44,-272405.79,-273156.23,-15.4,9,rotation (out of top-N),2025-01-13,64.65,,5,-0.7,,53.8,,385,2025-01-27,63.71,,5,-0.2,,43.41,,399
SELL,1200,MRVL,2025-01-28,102.95,15239.59,2025-01-14,116.36,886.64,784.46,-204362.9,-205147.36,-11.57,9,rotation (out of top-N),2025-01-13,124.22,,5,-0.7,,53.78,,602,2025-01-27,112.39,,5,0.3,,34.76,,616
SELL,1201,SITM,2025-01-28,190.03,7543.94,2025-01-14,235.06,886.64,716.79,-339703.65,-340420.44,-19.2,9,rotation (out of top-N),2025-01-13,248.5,,5,-0.7,,53.64,,231,2025-01-27,203.91,,4.13,1.0,,20.67,,245
SELL,1202,NUTX,2025-02-04,48.83,4515.25,2025-01-28,39.53,89.24,110.24,41991.81,41881.57,23.46,5,equal-weight sizing trim,2025-01-27,47.73,,5,-1,,134.27,,140,2025-02-03,53.99,,5,-1,,150.43,,147
SELL,1202,NUTX,2025-02-11,56.28,2238.77,2025-01-28,39.53,44.25,63.0,37499.43,37436.44,42.3,10,equal-weight sizing trim,2025-01-27,47.73,,5,-1,,134.27,,140,2025-02-10,59.94,,5,-1,,161.75,,154
SELL,1202,NUTX,2025-02-25,56.01,2786.9,2025-01-28,39.53,55.08,78.05,45928.05,45850.0,41.62,19,equal-weight sizing trim,2025-01-27,47.73,,5,-1,,134.27,,140,2025-02-24,53.15,,5,-1,,109.83,,168
SELL,1202,NUTX,2025-03-11,41.2,38174.51,2025-01-28,40.36,770.33,786.39,32134.23,31347.84,2.03,29,ratchet-ATR exit,2025-01-27,47.73,,5,-1,,134.27,,140,2025-03-10,52.6,,5,-1,,91.8,,182
SELL,1203,GH,2025-02-04,47.9,35989.65,2025-01-28,47.0,845.76,861.86,32210.74,31348.88,1.85,5,rotation (out of top-N),2025-01-27,46.97,,5,-0.4,,60.39,,84,2025-02-03,44.45,,5,0.1,,48.53,,91
SELL,1204,ROOT,2025-02-04,106.21,3855.21,2025-01-28,78.85,151.99,204.73,105478.47,105273.74,34.63,5,equal-weight sizing trim,2025-01-27,97.5,,5,-0.2,,56.04,,84,2025-02-03,111.35,,5,-0.5,,74.35,,91
SELL,1204,ROOT,2025-02-25,98.37,17716.83,2025-01-28,79.09,700.62,871.4,341566.86,340695.46,24.31,19,ratchet-ATR exit,2025-01-27,97.5,,5,-0.2,,56.04,,84,2025-02-24,134.88,,5,-0.9,,97.35,,112
SELL,1205,TEAM,2025-02-04,311.99,6352.51,2025-01-28,266.27,845.76,990.96,290404.83,289413.87,17.11,5,rotation (out of top-N),2025-01-27,306.89,,5,-0.2,,53.17,,91,2025-02-03,314.18,,5,-0.3,,54.3,,98
SELL,1206,LRN,2025-02-04,138.99,784.94,2025-01-28,118.85,46.65,54.55,15804.77,15750.22,16.88,5,equal-weight sizing trim,2025-01-27,134.95,,5,-0.8,,55.68,,714,2025-02-03,142.34,,5,-1,,60.84,,721
SELL,1206,LRN,2025-02-11,140.09,13447.4,2025-01-28,118.85,799.11,941.96,285690.02,284748.06,17.82,10,rotation (out of top-N),2025-01-27,134.95,,5,-0.8,,55.68,,714,2025-02-10,140.19,,5,-0.8,,55.38,,728
SELL,1207,TVTX,2025-02-11,24.07,7622.89,2025-01-28,20.3,77.39,91.74,28709.9,28618.16,18.49,10,equal-weight sizing trim,2025-01-27,20.46,,5,-0.8,,56.15,,203,2025-02-10,22.91,,5,-1,,64.76,,217
SELL,1207,TVTX,2025-03-04,19.76,86921.26,2025-01-28,20.34,883.9,858.78,-50245.18,-51103.96,-2.89,24,rotation (out of top-N),2025-01-27,20.46,,5,-0.8,,56.15,,203,2025-03-03,18.08,,4.19,1.0,,20.94,,238
SELL,1208,APP,2025-02-25,405.41,719.9,2025-01-28,350.84,126.28,145.93,39288.2,39142.28,15.5,19,equal-weight sizing trim,2025-01-27,369.55,6,5,-1,0.0,108.76,4.64,630,2025-02-24,325.77,5.8,5,-0.8,0.0,55.47,5.2,658
SELL,1208,APP,2025-03-04,322.1,4593.66,2025-01-28,350.84,805.81,739.81,-132000.78,-132740.59,-8.24,24,rotation (out of top-N),2025-01-27,369.55,6,5,-1,0.0,108.76,4.64,630,2025-03-03,270.45,4.3,5,0.7,0.4,26.22,6.95,665
SELL,1209,RKLB,2025-02-25,21.7,67919.88,2025-01-28,29.69,1008.35,736.93,-542839.28,-543576.21,-26.95,19,rotation (out of top-N),2025-01-27,29.04,,5,-1,,133.53,,217,2025-02-24,20.48,,5,-0.1,,41.2,,245
SELL,1210,INOD,2025-02-04,38.4,962.08,2025-01-28,34.08,16.39,18.47,4156.19,4137.72,12.62,5,equal-weight sizing trim,2025-01-27,36.99,,5,-0.8,,55.71,,252,2025-02-03,42.87,,5,-1,,73.85,,259
SELL,1210,INOD,2025-02-11,43.84,2403.93,2025-01-28,34.08,40.96,52.69,23450.34,23397.65,28.56,10,equal-weight sizing trim,2025-01-27,36.99,,5,-0.8,,55.71,,252,2025-02-10,53.83,,5,-1,,109.18,,266
SELL,1210,INOD,2025-02-25,56.95,13569.57,2025-01-28,34.08,231.23,386.43,310403.94,310017.51,67.04,19,equal-weight sizing trim,2025-01-27,36.99,,5,-0.8,,55.71,,252,2025-02-24,52.75,,5,-1,,88.55,,280
SELL,1210,INOD,2025-03-11,40.28,37274.21,2025-01-28,35.67,664.85,750.8,171887.7,171136.91,12.87,29,ratchet-ATR exit,2025-01-27,36.99,,5,-0.8,,55.71,,252,2025-03-10,48.21,,5,-1,,62.41,,294
SELL,1211,TWLO,2025-02-11,144.04,12677.13,2025-01-28,142.98,906.28,913.04,13527.17,12614.13,0.7,10,rotation (out of top-N),2025-01-27,146.66,,5,-1.0,,87.36,,119,2025-02-10,125.17,,5,-0.6,,52.66,,133
SELL,1212,CORT,2025-02-04,66.91,28407.32,2025-01-28,59.55,845.76,950.37,209219.88,208269.52,12.31,5,rotation (out of top-N),2025-01-27,66.93,,5,-0.9,,58.36,,245,2025-02-03,68.03,,5,-0.8,,56.92,,252
SELL,1213,DRUG,2025-02-04,37.8,7576.42,2025-01-28,29.66,112.38,143.19,61634.16,61490.97,27.36,5,equal-weight sizing trim,2025-01-27,33.27,,5,-0.8,,95.93,,105,2025-02-03,43.43,,5,-0.9,,140.73,,112
SELL,1213,DRUG,2025-02-11,45.66,5025.78,2025-01-28,29.67,74.54,114.74,80387.35,80272.61,53.84,10,equal-weight sizing trim,2025-01-27,33.27,,5,-0.8,,95.93,,105,2025-02-10,43.72,,5,-1.0,,128.79,,119
SELL,1213,DRUG,2025-02-25,34.35,44418.32,2025-01-28,29.67,658.83,762.88,208099.82,207336.94,15.74,19,ratchet-ATR exit,2025-01-27,33.27,,5,-0.8,,95.93,,105,2025-02-24,37.38,,5,-1,,78.92,,133
SELL,1214,PLTR,2025-02-04,102.79,4209.72,2025-01-28,75.54,159.0,216.36,114714.74,114498.38,36.01,5,equal-weight sizing trim,2025-01-27,82.49,6,5,-1,0.0,86.74,4.56,658,2025-02-03,110.85,6,5,-1,0.0,139.1,5.17,665
SELL,1214,PLTR,2025-02-11,116.61,790.07,2025-01-28,75.54,29.84,46.06,32448.04,32401.98,54.29,10,equal-weight sizing trim,2025-01-27,82.49,6,5,-1,0.0,86.74,4.56,658,2025-02-10,119.16,5.7,5,-1,0.3,144.06,4.08,672
SELL,1214,PLTR,2025-02-25,90.65,17392.51,2025-01-28,75.54,656.92,788.32,262800.81,262012.49,19.94,19,ratchet-ATR exit,2025-01-27,82.49,6,5,-1,0.0,86.74,4.56,658,2025-02-24,84.99,6,5,-1,0.0,62.15,6.51,686
SELL,1215,NET,2025-02-11,168.76,1429.81,2025-01-28,129.49,92.57,120.65,56148.59,56027.95,30.26,10,equal-weight sizing trim,2025-01-27,138.4,,5,-0.4,,53.49,,105,2025-02-10,171.01,,5,-1.0,,80.09,,119
SELL,1215,NET,2025-02-25,146.45,12017.9,2025-01-28,129.49,778.1,880.01,203824.18,202944.17,13.04,19,ratchet-ATR exit,2025-01-27,138.4,,5,-0.4,,53.49,,105,2025-02-24,145.4,,5,-0.4,,47.38,,133
SELL,1216,WGS,2025-02-04,70.77,22484.56,2025-01-28,75.23,845.76,795.62,-100281.15,-101076.77,-5.98,5,rotation (out of top-N),2025-01-27,74.9,,5,-0.6,,52.4,,343,2025-02-03,59.46,,3.72,1.1,,18.58,,350
SELL,1217,BROS,2025-02-25,74.65,5987.56,2025-01-28,60.28,180.46,223.49,86059.56,85836.07,23.78,19,equal-weight sizing trim,2025-01-27,62.58,,5,-0.5,,50.82,,343,2025-02-24,79.13,,5,-1,,73.01,,371
SELL,1217,BROS,2025-03-04,74.6,1432.13,2025-01-28,60.28,43.16,53.42,20512.53,20459.12,23.7,24,equal-weight sizing trim,2025-01-27,62.58,,5,-0.5,,50.82,,343,2025-03-03,63.83,,5,0.1,,37.42,,378
SELL,1217,BROS,2025-03-11,58.57,23515.17,2025-01-28,60.28,708.71,688.64,-40138.78,-40827.42,-2.88,29,ratchet-ATR exit,2025-01-27,62.58,,5,-0.5,,50.82,,343,2025-03-10,62.45,,5,0.4,,32.7,,385
SELL,1218,ATLC,2025-02-04,56.02,29675.68,2025-01-28,57.0,845.76,831.29,-28933.79,-29765.08,-1.76,5,rotation (out of top-N),2025-01-27,59.43,,5,-0.5,,50.37,,161,2025-02-03,57.94,,5,-0.2,,43.82,,168
SELL,1219,CRDO,2025-02-25,59.05,27109.76,2025-02-04,73.27,993.17,800.42,-385510.65,-386311.06,-19.45,14,rotation (out of top-N),2025-02-03,77.25,,5,-1,,81.88,,602,2025-02-24,55.17,,4.05,1.0,,20.26,,623
SELL,1220,SPOT,2025-02-25,597.25,104.3,2025-02-04,595.54,31.06,31.15,177.98,146.83,0.24,14,equal-weight sizing trim,2025-02-03,623.09,,5,-1,,61.1,,728,2025-02-24,608.16,,5,-0.4,,48.16,,749
SELL,1220,SPOT,2025-03-04,587.61,3118.15,2025-02-04,595.54,928.5,916.13,-24738.12,-25654.25,-1.38,19,rotation (out of top-N),2025-02-03,623.09,,5,-1,,61.1,,728,2025-03-03,531.99,,5,0.6,,27.77,,756
SELL,1221,TPR,2025-02-25,83.15,3701.61,2025-02-04,72.49,134.17,153.89,39450.95,39297.05,14.64,14,equal-weight sizing trim,2025-02-03,78.87,4.7,5,-1.0,1.3,59.44,2.52,140,2025-02-24,83.86,4.3,5,-0.9,1.6,58.82,2.03,161
SELL,1221,TPR,2025-03-04,81.6,899.13,2025-02-04,72.49,32.59,36.68,8189.08,8152.39,12.51,19,equal-weight sizing trim,2025-02-03,78.87,4.7,5,-1.0,1.3,59.44,2.52,140,2025-03-03,73.82,3.3,5,0.1,1.6,37.71,2.1,168
SELL,1221,TPR,2025-03-11,70.32,21497.94,2025-02-04,72.49,779.22,755.87,-46698.21,-47454.08,-3.04,24,rotation (out of top-N),2025-02-03,78.87,4.7,5,-1.0,1.3,59.44,2.52,140,2025-03-10,69.43,4.1,5,0.6,0.5,27.89,4.02,175
SELL,1222,LEU,2025-02-11,113.26,4161.01,2025-02-04,84.65,176.11,235.64,119046.55,118810.91,33.73,5,equal-weight sizing trim,2025-02-03,108.55,,5,-1,,75.89,,126,2025-02-10,114.01,,5,-1,,79.64,,133
SELL,1222,LEU,2025-02-25,91.74,17906.94,2025-02-04,84.65,757.91,821.39,126960.23,126138.84,8.32,14,rotation (out of top-N),2025-02-03,108.55,,5,-1,,75.89,,126,2025-02-24,90.81,,5,0.1,,37.93,,147
SELL,1223,CLS,2025-02-25,107.4,15923.48,2025-02-04,123.07,979.84,855.09,-249493.89,-250348.98,-12.78,14,rotation (out of top-N),2025-02-03,129.68,,5,-1,,83.18,,798,2025-02-24,107.0,,5,-0.1,,41.19,,819
SELL,1224,AFRM,2025-02-11,77.42,5167.62,2025-02-04,59.56,153.89,200.04,92293.62,92093.58,29.92,5,equal-weight sizing trim,2025-02-03,75.29,,5,-1,,68.87,,140,2025-02-10,80.69,,5,-1,,76.14,,147
SELL,1224,AFRM,2025-02-25,65.62,26196.6,2025-02-04,59.56,780.13,859.58,158882.35,158022.78,10.13,14,rotation (out of top-N),2025-02-03,75.29,,5,-1,,68.87,,140,2025-02-24,64.19,,5,0.2,,35.04,,161
SELL,1225,SEI,2025-02-25,32.69,19067.25,2025-02-11,26.66,254.17,311.65,114975.53,114663.87,22.56,9,equal-weight sizing trim,2025-02-10,27.61,,5,-1,,65.64,,280,2025-02-24,33.43,,5,-1,,86.11,,294
SELL,1225,SEI,2025-03-04,29.64,56969.0,2025-02-11,26.66,759.4,844.28,169767.61,168923.33,11.12,14,rotation (out of top-N),2025-02-10,27.61,,5,-1,,65.64,,280,2025-03-03,23.56,,5,0.6,,28.51,,301
SELL,1226,CORT,2025-02-25,61.67,29914.06,2025-02-11,67.77,1013.56,922.47,-182176.63,-183099.11,-9.03,9,rotation (out of top-N),2025-02-10,72.72,,5,-1,,63.44,,259,2025-02-24,60.61,,5,0.4,,31.17,,273
SELL,1227,DUOL,2025-02-25,387.04,5097.83,2025-02-11,397.64,1013.56,986.53,-54062.48,-55049.01,-2.72,9,rotation (out of top-N),2025-02-10,432.57,,5,-1,,61.17,,154,2025-02-24,312.02,,2.54,1.4,,12.7,,168
SELL,1228,SEZL,2025-02-25,46.72,5437.69,2025-02-11,44.75,121.67,127.02,10712.24,10585.22,4.35,9,equal-weight sizing trim,2025-02-10,57.44,,5,-1,,76.94,,999,2025-02-24,49.83,,5,-0.3,,45.16,,999
SELL,1228,SEZL,2025-03-04,42.58,39861.23,2025-02-11,44.75,891.89,848.65,-86498.86,-87347.51,-4.9,14,rotation (out of top-N),2025-02-10,57.44,,5,-1,,76.94,,999,2025-03-03,38.78,,2.17,1.5,,10.87,,999
SELL,1229,XMTR,2025-02-25,29.47,57393.16,2025-02-11,35.32,1013.56,845.69,-335749.98,-336595.67,-16.6,9,rotation (out of top-N),2025-02-10,37.44,,5,-0.7,,59.95,,105,2025-02-24,27.31,,2.67,1.3,,13.34,,119
SELL,1230,WGS,2025-03-11,91.8,840.47,2025-02-25,94.54,39.73,38.58,-2302.6,-2341.18,-2.95,10,equal-weight sizing trim,2025-02-24,102.8,,5,-1,,85.46,,371,2025-03-10,98.46,,5,-1,,66.25,,385
SELL,1230,WGS,2025-03-25,103.84,1163.47,2025-02-25,94.32,54.87,60.41,11084.32,11023.91,10.05,20,equal-weight sizing trim,2025-02-24,102.8,,5,-1,,85.46,,371,2025-03-24,92.16,,5,-0.3,,46.94,,399
SELL,1230,WGS,2025-04-01,87.54,19479.1,2025-02-25,94.32,918.62,852.6,-132031.13,-132883.74,-7.23,25,ratchet-ATR exit,2025-02-24,102.8,,5,-1,,85.46,,371,2025-03-31,80.03,,4.99,0.8,,24.93,,406
SELL,1231,LRN,2025-03-04,137.22,13956.03,2025-02-25,133.38,930.69,957.52,53660.93,52703.41,2.83,5,rotation (out of top-N),2025-02-24,136.75,,5,-0.3,,46.3,,742,2025-03-03,123.42,,5,0.5,,30.12,,749
SELL,1232,TPB,2025-03-04,67.45,27531.21,2025-02-25,67.61,930.69,928.49,-4404.99,-5333.48,-0.29,5,rotation (out of top-N),2025-02-24,69.67,,5,-0.3,,45.44,,448,2025-03-03,61.14,,5,0.7,,25.75,,455
SELL,1233,STRT,2025-03-04,45.71,37771.62,2025-02-25,49.28,930.69,863.27,-134844.68,-135707.95,-7.29,5,rotation (out of top-N),2025-02-24,51.23,,5,-0.1,,41.4,,287,2025-03-03,45.12,,4.61,0.8,,23.06,,294
SELL,1234,TWLO,2025-03-04,114.22,15923.57,2025-02-25,116.89,930.69,909.39,-42595.54,-43504.94,-2.34,5,rotation (out of top-N),2025-02-24,119.91,,5,-0.1,,41.37,,147,2025-03-03,106.14,,4.67,0.8,,23.37,,154
SELL,1235,EAT,2025-03-04,152.96,884.26,2025-02-25,150.69,66.62,67.63,2011.69,1944.06,1.46,5,equal-weight sizing trim,2025-02-24,164.75,,5,-1,,60.31,,441,2025-03-03,141.49,,5,0.2,,35.34,,448
SELL,1235,EAT,2025-03-11,139.88,11468.57,2025-02-25,150.69,864.07,802.11,-123917.87,-124719.98,-7.22,10,rotation (out of top-N),2025-02-24,164.75,,5,-1,,60.31,,441,2025-03-10,139.33,,5,0.4,,31.07,,455
SELL,1236,ITRN,2025-03-04,36.38,48740.12,2025-02-25,38.19,930.69,886.58,-88219.62,-89106.21,-4.79,5,rotation (out of top-N),2025-02-24,38.98,,5,-0.3,,45.42,,210,2025-03-03,35.44,,5,0.5,,30.9,,217
SELL,1237,CCB,2025-03-04,100.11,20400.98,2025-02-25,91.24,930.69,1021.17,180956.69,179935.51,9.67,5,rotation (out of top-N),2025-02-24,98.81,,5,-0.7,,53.48,,287,2025-03-03,83.03,,5,0.6,,27.04,,294
SELL,1238,BABA,2025-03-04,126.71,534.72,2025-02-25,129.45,34.61,33.88,-1465.13,-1499.01,-2.17,5,equal-weight sizing trim,2025-02-24,129.16,,5,-0.3,,46.83,,280,2025-03-03,137.06,,5,-0.7,,53.1,,287
SELL,1238,BABA,2025-03-11,134.68,875.93,2025-02-25,129.45,56.69,58.99,4581.12,4522.13,3.99,10,equal-weight sizing trim,2025-02-24,129.16,,5,-0.3,,46.83,,280,2025-03-10,137.55,,5,-0.6,,51.0,,294
SELL,1238,BABA,2025-03-25,129.57,13237.21,2025-02-25,129.73,858.6,857.57,-2057.48,-2915.05,-0.17,20,ratchet-ATR exit,2025-02-24,129.16,,5,-0.3,,46.83,,280,2025-03-24,129.13,,5,0.1,,37.33,,308
SELL,1239,VICR,2025-03-04,59.14,32037.61,2025-02-25,58.1,930.69,947.35,33319.12,32371.77,1.74,5,rotation (out of top-N),2025-02-24,63.2,,5,-0.1,,41.35,,154,2025-03-03,59.41,,5,0.4,,31.08,,161
SELL,1240,RKLB,2025-03-04,17.97,85778.13,2025-02-25,21.7,930.69,770.72,-319952.41,-320723.13,-17.23,5,rotation (out of top-N),2025-02-24,20.48,,5,-0.1,,41.2,,245,2025-03-03,18.8,,5,0.7,,26.47,,252
SELL,1241,CLS,2025-03-04,90.01,17331.33,2025-02-25,107.4,930.69,780.0,-301391.91,-302171.91,-16.23,5,rotation (out of top-N),2025-02-24,107.0,,5,-0.1,,41.19,,819,2025-03-03,87.56,,2.87,1.3,,14.35,,826
SELL,1242,BE,2025-03-04,21.82,82453.39,2025-02-25,22.57,930.69,899.57,-62252.31,-63151.88,-3.39,5,rotation (out of top-N),2025-02-24,24.05,,5,0.3,,39.86,,105,2025-03-03,23.06,,5,0.5,,32.81,,112
SELL,1243,ONC,2025-03-04,252.79,7104.8,2025-02-25,261.99,930.69,898.01,-65364.12,-66262.13,-3.56,5,rotation (out of top-N),2025-02-24,271.69,,5,0.0,,39.68,,196,2025-03-03,246.92,,5,0.7,,25.36,,203
SELL,1244,CHEF,2025-03-04,61.69,29068.25,2025-02-25,64.03,930.69,896.61,-68165.04,-69061.65,-3.71,5,rotation (out of top-N),2025-02-24,62.55,,5,0.0,,39.39,,392,2025-03-03,56.7,,5,0.7,,25.15,,399
SELL,1245,MNPR,2025-03-18,32.02,2083.8,2025-03-04,29.67,30.91,33.36,4891.65,4858.29,7.86,10,equal-weight sizing trim,2025-03-03,28.35,,5,-1,,76.57,,168,2025-03-17,42.19,,5,-1,,139.21,,182
SELL,1245,MNPR,2025-03-25,42.19,11189.75,2025-03-04,29.67,165.99,236.05,140123.23,139887.19,42.14,15,equal-weight sizing trim,2025-03-03,28.35,,5,-1,,76.57,,168,2025-03-24,40.31,,5,-1,,117.2,,189
SELL,1245,MNPR,2025-04-01,32.39,47945.19,2025-03-04,29.67,711.21,776.47,130529.09,129752.62,9.12,20,ratchet-ATR exit,2025-03-03,28.35,,5,-1,,76.57,,168,2025-03-31,28.96,,5,-0.5,,50.9,,196
SELL,1246,MT,2025-03-11,31.04,61564.43,2025-03-04,28.48,876.68,955.48,157604.94,156649.46,8.93,5,rotation (out of top-N),2025-03-03,32.58,,5,2.7,,36.2,,28,2025-03-10,31.67,,5,2.8,,31.41,,35
SELL,1247,ROOT,2025-03-11,133.0,963.28,2025-03-04,124.39,59.91,64.06,8293.84,8229.78,6.87,5,equal-weight sizing trim,2025-03-03,134.21,,5,-1.0,,90.56,,119,2025-03-10,151.5,,5,-1,,107.6,,126
SELL,1247,ROOT,2025-03-18,149.55,473.0,2025-03-04,124.39,29.42,35.37,11900.72,11865.35,20.17,10,equal-weight sizing trim,2025-03-03,134.21,,5,-1.0,,90.56,,119,2025-03-17,160.0,,5,-1,,110.75,,133
SELL,1247,ROOT,2025-03-25,174.44,1063.34,2025-03-04,124.39,66.13,92.74,53220.05,53127.3,40.17,15,equal-weight sizing trim,2025-03-03,134.21,,5,-1.0,,90.56,,119,2025-03-24,137.13,,5,-1,,75.31,,140
SELL,1247,ROOT,2025-04-01,133.22,11596.01,2025-03-04,124.39,721.21,772.44,102450.72,101678.28,7.05,20,ratchet-ATR exit,2025-03-03,134.21,,5,-1.0,,90.56,,119,2025-03-31,112.12,,5,-0.0,,40.62,,147
SELL,1248,ESLT,2025-03-11,345.29,130.77,2025-03-04,337.89,22.09,22.58,967.67,945.1,2.14,5,equal-weight sizing trim,2025-03-03,355.0,,5,-0.7,,54.4,,140,2025-03-10,366.65,,5,-0.8,,56.34,,147
SELL,1248,ESLT,2025-03-18,400.55,331.85,2025-03-04,337.89,56.06,66.46,20793.66,20727.2,18.49,10,equal-weight sizing trim,2025-03-03,355.0,,5,-0.7,,54.4,,140,2025-03-17,407.72,,5,-1,,69.69,,154
SELL,1248,ESLT,2025-04-01,389.55,121.63,2025-03-04,342.14,20.81,23.69,5766.58,5742.89,13.8,20,equal-weight sizing trim,2025-03-03,355.0,,5,-0.7,,54.4,,140,2025-03-31,367.77,,5,-0.3,,46.96,,168
SELL,1248,ESLT,2025-04-08,370.09,4968.17,2025-03-04,342.14,849.9,919.33,138869.19,137949.85,8.12,25,ratchet-ATR exit,2025-03-03,355.0,,5,-0.7,,54.4,,140,2025-04-07,400.82,,5,-0.8,,56.77,,175
SELL,1249,PVLA,2025-03-11,24.62,18620.26,2025-03-04,19.58,182.29,229.26,93939.21,93709.94,25.7,5,equal-weight sizing trim,2025-03-03,24.66,,5,1.7,,64.0,,21,2025-03-10,27.26,,5,1.5,,76.59,,28
SELL,1249,PVLA,2025-03-18,27.61,2346.04,2025-03-04,19.58,22.97,32.38,18826.98,18794.6,40.92,10,equal-weight sizing trim,2025-03-03,24.66,,5,1.7,,64.0,,21,2025-03-17,28.23,,5,1.4,,78.01,,35
SELL,1249,PVLA,2025-04-01,28.14,4577.37,2025-03-04,20.1,46.0,64.41,36829.02,36764.6,39.96,20,equal-weight sizing trim,2025-03-03,24.66,,5,1.7,,64.0,,21,2025-03-31,23.99,,5,2.0,,43.83,,49
SELL,1249,PVLA,2025-04-08,20.84,68763.53,2025-03-04,20.1,691.04,716.52,50946.7,50230.19,3.63,25,ratchet-ATR exit,2025-03-03,24.66,,5,1.7,,64.0,,21,2025-04-07,21.72,,5,2.7,,27.76,,56
SELL,1250,EMBJ,2025-03-11,50.02,1018.7,2025-03-04,48.79,24.85,25.48,1252.99,1227.52,2.47,5,equal-weight sizing trim,2025-03-03,50.52,,5,-0.2,,44.36,,476,2025-03-10,51.84,,5,-0.3,,45.7,,483
SELL,1250,EMBJ,2025-03-25,49.17,34929.98,2025-03-04,48.79,852.15,858.75,13209.0,12350.25,0.72,15,rotation (out of top-N),2025-03-03,50.52,,5,-0.2,,44.36,,476,2025-03-24,45.76,,4.97,0.8,,24.83,,497
SELL,1251,ASTS,2025-03-11,28.92,70842.62,2025-03-04,24.75,876.68,1024.38,295413.74,294389.35,16.79,5,rotation (out of top-N),2025-03-03,33.34,,5,-0.3,,46.57,,280,2025-03-10,28.14,,4.22,0.9,,21.11,,287
SELL,1252,TGTX,2025-03-11,39.14,6516.11,2025-03-04,34.28,111.7,127.52,31635.7,31508.18,14.1,5,equal-weight sizing trim,2025-03-03,38.45,,5,-0.4,,47.37,,371,2025-03-10,40.83,,5,-0.6,,52.81,,378
SELL,1252,TGTX,2025-04-08,38.42,49610.67,2025-03-04,34.9,865.59,953.15,175110.53,174157.39,10.06,25,ratchet-ATR exit,2025-03-03,38.45,,5,-0.4,,47.37,,371,2025-04-07,36.71,,5,0.6,,27.17,,406
SELL,1253,ACMR,2025-03-11,26.5,6813.63,2025-03-04,24.11,82.14,90.28,16284.58,16194.3,9.86,5,equal-weight sizing trim,2025-03-03,27.06,,5,2.8,,37.25,,21,2025-03-10,29.18,,5,2.2,,46.75,,28
SELL,1253,ACMR,2025-03-18,29.69,2143.76,2025-03-04,24.11,25.84,31.82,11962.21,11930.38,23.08,10,equal-weight sizing trim,2025-03-03,27.06,,5,2.8,,37.25,,21,2025-03-17,26.89,,5,2.7,,34.67,,35
SELL,1253,ACMR,2025-03-25,28.05,63765.75,2025-03-04,24.11,768.7,894.16,250918.21,250024.05,16.26,15,rotation (out of top-N),2025-03-03,27.06,,5,2.8,,37.25,,21,2025-03-24,24.57,,4.55,3.2,,22.76,,42
SELL,1254,SE,2025-03-11,126.05,13587.69,2025-03-04,129.04,876.68,856.36,-40627.18,-41483.54,-2.37,5,rotation (out of top-N),2025-03-03,135.74,,5,-0.0,,40.69,,364,2025-03-10,127.36,,5,0.5,,30.16,,371
SELL,1255,FUTU,2025-03-11,107.61,994.37,2025-03-04,101.79,50.61,53.5,5787.21,5733.71,5.66,5,equal-weight sizing trim,2025-03-03,111.21,,5,0.1,,37.41,,329,2025-03-10,116.53,,5,-0.1,,42.04,,336
SELL,1255,FUTU,2025-03-18,116.92,16230.85,2025-03-04,101.79,826.07,948.86,245572.8,244623.94,14.81,10,rotation (out of top-N),2025-03-03,111.21,,5,0.1,,37.41,,329,2025-03-17,104.68,,5,0.7,,26.2,,343
SELL,1256,GILD,2025-03-11,112.84,15463.05,2025-03-04,113.39,876.68,872.43,-8504.68,-9377.1,-0.53,5,rotation (out of top-N),2025-03-03,113.58,3.0,5,0.1,1.9,37.56,1.61,196,2025-03-10,108.53,2.6,5,0.5,1.9,29.57,1.69,203
SELL,1257,DRUG,2025-03-18,35.98,810.43,2025-03-04,33.49,13.57,14.58,2015.52,2000.94,7.37,10,equal-weight sizing trim,2025-03-03,34.75,,5,-1.0,,59.88,,140,2025-03-17,35.0,,5,-0.5,,49.13,,154
SELL,1257,DRUG,2025-04-01,36.4,4622.97,2025-03-04,33.63,77.73,84.14,12815.14,12731.0,8.19,20,equal-weight sizing trim,2025-03-03,34.75,,5,-1.0,,59.88,,140,2025-03-31,32.16,,5,0.6,,27.97,,168
SELL,1257,DRUG,2025-04-08,30.9,53168.94,2025-03-04,33.63,893.98,821.46,-145041.79,-145863.25,-8.16,25,rotation (out of top-N),2025-03-03,34.75,,5,-1.0,,59.88,,140,2025-04-07,28.48,,2.06,1.5,,10.3,,175
SELL,1258,HOOD,2025-03-11,36.08,38799.62,2025-03-04,45.19,876.68,699.95,-353464.56,-354164.5,-20.2,5,rotation (out of top-N),2025-03-03,44.43,4.9,5,0.1,0.0,38.1,7.12,448,2025-03-10,39.23,4.0,4.07,1.0,1.0,20.36,7.04,455
SELL,1259,PLTR,2025-03-18,85.61,930.63,2025-03-04,79.95,37.2,39.83,5266.15,5226.31,7.02,10,equal-weight sizing trim,2025-03-03,84.91,5.9,5,-0.9,0.0,57.25,6.62,693,2025-03-17,90.97,5.7,5,-0.9,0.3,58.89,4.1,707
SELL,1259,PLTR,2025-03-25,97.38,1343.28,2025-03-04,79.95,53.7,65.4,23418.35,23352.95,21.75,15,equal-weight sizing trim,2025-03-03,84.91,5.9,5,-0.9,0.0,57.25,6.62,693,2025-03-24,85.83,4.5,5,-0.3,0.8,45.96,3.34,714
SELL,1259,PLTR,2025-04-01,83.89,20772.31,2025-03-04,79.95,830.33,871.29,81919.97,81048.68,4.88,20,ratchet-ATR exit,2025-03-03,84.91,5.9,5,-0.9,0.0,57.25,6.62,693,2025-03-31,73.97,3.9,4.65,0.8,1.0,23.24,4.07,721
SELL,1260,LMND,2025-03-11,33.16,51395.42,2025-03-04,34.12,876.68,852.26,-48825.65,-49677.92,-2.83,5,rotation (out of top-N),2025-03-03,36.17,,5,0.3,,34.25,,462,2025-03-10,34.95,,5,0.6,,27.49,,469
SELL,1261,IDCC,2025-03-11,211.84,404.66,2025-03-04,202.71,41.01,42.86,3694.56,3651.7,4.45,5,equal-weight sizing trim,2025-03-03,211.96,,5,0.3,,33.71,,777,2025-03-10,214.23,,5,0.3,,33.05,,784
SELL,1261,IDCC,2025-03-18,217.29,8244.91,2025-03-04,202.71,835.66,895.77,120210.81,119315.04,7.14,10,rotation (out of top-N),2025-03-03,211.96,,5,0.3,,33.71,,777,2025-03-17,214.34,,5,0.4,,31.07,,791
SELL,1262,GH,2025-03-18,41.43,2040.16,2025-03-11,36.57,37.3,42.26,9915.17,9872.91,13.23,5,equal-weight sizing trim,2025-03-10,42.91,,5,0.3,,33.71,,126,2025-03-17,46.08,,5,-0.1,,41.84,,133
SELL,1262,GH,2025-03-25,47.45,3066.18,2025-03-11,36.57,56.07,72.75,33360.05,33287.31,29.69,10,equal-weight sizing trim,2025-03-10,42.91,,5,0.3,,33.71,,126,2025-03-24,43.14,,5,0.4,,31.41,,140
SELL,1262,GH,2025-04-08,43.35,45665.06,2025-03-11,36.96,843.8,989.79,291977.11,290987.32,17.24,20,ratchet-ATR exit,2025-03-10,42.91,,5,0.3,,33.71,,126,2025-04-07,43.73,,5,0.5,,30.55,,154
SELL,1263,PTCT,2025-04-01,50.88,35772.15,2025-03-11,53.0,947.98,910.13,-75686.62,-76596.75,-4.04,15,rotation (out of top-N),2025-03-10,54.49,,5,0.3,,33.6,,315,2025-03-31,43.23,,0.55,1.9,,2.73,,336
SELL,1264,APP,2025-03-18,299.5,944.28,2025-03-11,240.28,113.45,141.41,55925.0,55783.59,24.59,5,equal-weight sizing trim,2025-03-10,292.98,4.7,5,0.3,0.0,33.45,9.74,672,2025-03-17,314.22,5.0,5,0.0,0.0,39.37,4.82,679
SELL,1264,APP,2025-03-25,340.2,6321.11,2025-03-11,240.28,759.42,1075.22,631605.62,630530.4,41.51,10,rotation (out of top-N),2025-03-10,292.98,4.7,5,0.3,0.0,33.45,9.74,672,2025-03-24,272.78,3.6,3.69,1.1,1.5,18.44,4.03,686
SELL,1265,PTGX,2025-03-18,52.15,31201.59,2025-03-11,55.95,872.86,813.58,-118566.03,-119379.61,-6.84,5,rotation (out of top-N),2025-03-10,54.79,,5,3.3,,34.01,,0,2025-03-17,52.6,,5,3.5,,27.17,,7
SELL,1266,SPOT,2025-03-18,593.97,388.66,2025-03-11,488.18,94.87,115.42,41117.84,41002.42,21.61,5,equal-weight sizing trim,2025-03-10,575.83,,5,0.2,,36.12,,763,2025-03-17,599.88,,5,0.0,,39.44,,770
SELL,1266,SPOT,2025-04-01,545.71,3318.41,2025-03-11,492.97,817.93,905.44,175019.27,174113.82,10.64,15,rotation (out of top-N),2025-03-10,575.83,,5,0.2,,36.12,,763,2025-03-31,502.42,,2.79,1.3,,13.93,,784
SELL,1267,PDEX,2025-04-01,50.03,1901.25,2025-03-11,47.47,45.13,47.56,4859.12,4811.56,5.33,15,equal-weight sizing trim,2025-03-10,45.49,,5,-0.0,,40.12,,448,2025-03-31,49.19,,5,-0.1,,41.65,,469
SELL,1267,PDEX,2025-04-08,56.05,5358.29,2025-03-11,47.47,127.19,150.17,45951.38,45801.22,18.0,20,equal-weight sizing trim,2025-03-10,45.49,,5,-0.0,,40.12,,448,2025-04-07,65.2,,5,-1,,81.49,,476
SELL,1267,PDEX,2025-04-15,62.44,340.88,2025-03-11,47.47,8.09,10.64,5101.54,5090.9,31.46,25,equal-weight sizing trim,2025-03-10,45.49,,5,-0.0,,40.12,,448,2025-04-14,60.62,,5,-1,,63.84,,483
SELL,1267,PDEX,2025-04-29,67.81,33590.27,2025-03-11,47.74,801.84,1138.88,674073.67,672934.8,41.96,34,rotation (out of top-N),2025-03-10,45.49,,5,-0.0,,40.12,,448,2025-04-28,45.59,,3.51,1.1,,17.55,,497
SELL,1268,BE,2025-03-25,22.82,81478.28,2025-03-11,22.83,929.92,929.67,-506.82,-1436.49,-0.08,10,rotation (out of top-N),2025-03-10,24.45,,5,0.1,,38.92,,119,2025-03-24,20.34,,2.57,1.4,,12.83,,133
SELL,1269,ODC,2025-03-18,47.86,39159.46,2025-03-11,44.58,872.86,937.09,128443.03,127505.94,7.3,5,rotation (out of top-N),2025-03-10,47.99,,5,0.9,,31.93,,91,2025-03-17,45.11,,4.63,1.2,,23.17,,98
SELL,1270,LB,2025-03-18,72.65,164.7,2025-03-11,66.57,5.48,5.98,1001.37,995.39,9.08,5,equal-weight sizing trim,2025-03-10,71.94,,5,0.4,,31.74,,119,2025-03-17,76.69,,5,-0.0,,40.6,,126
SELL,1270,LB,2025-03-25,81.17,26059.26,2025-03-11,66.57,867.38,1057.61,380465.14,379407.53,21.87,10,rotation (out of top-N),2025-03-10,71.94,,5,0.4,,31.74,,119,2025-03-24,69.11,,5,0.6,,27.27,,133
SELL,1271,MT,2025-03-18,32.07,56241.26,2025-03-11,31.04,872.86,901.83,57928.5,57026.67,3.27,5,rotation (out of top-N),2025-03-10,31.67,,5,2.8,,31.41,,35,2025-03-17,31.05,,5,2.9,,27.73,,42
SELL,1272,EAT,2025-03-25,155.28,846.67,2025-03-11,139.54,59.07,65.74,13329.98,13264.25,11.23,10,equal-weight sizing trim,2025-03-10,139.33,,5,0.4,,31.07,,455,2025-03-24,147.43,,5,0.3,,33.85,,469
SELL,1272,EAT,2025-04-08,144.78,13204.63,2025-03-11,139.63,921.89,955.88,67995.05,67039.16,3.64,20,ratchet-ATR exit,2025-03-10,139.33,,5,0.4,,31.07,,455,2025-04-07,143.76,,5,0.7,,26.62,,483
SELL,1273,OKTA,2025-03-18,115.03,16572.33,2025-03-11,105.34,872.86,953.2,160668.69,159715.49,9.15,5,rotation (out of top-N),2025-03-10,112.68,,5,2.8,,30.97,,42,2025-03-17,113.69,,5,2.6,,31.23,,49
SELL,1274,VEON,2025-04-01,44.9,43972.37,2025-03-18,46.61,1024.75,987.18,-75135.37,-76122.55,-3.71,10,rotation (out of top-N),2025-03-17,46.0,,5,0.3,,33.08,,483,2025-03-31,39.04,,2.08,1.5,,10.39,,497
SELL,1275,NUTX,2025-03-25,60.91,921.87,2025-03-18,55.44,25.55,28.08,5042.62,5014.55,9.81,5,equal-weight sizing trim,2025-03-17,58.05,,5,-1,,102.0,,189,2025-03-24,60.0,,5,-1,,99.32,,196
SELL,1275,NUTX,2025-04-01,68.44,4931.73,2025-03-18,55.44,136.71,168.76,64112.5,63943.73,23.39,10,equal-weight sizing trim,2025-03-17,58.05,,5,-1,,102.0,,189,2025-03-31,67.88,,5,-1,,114.44,,203
SELL,1275,NUTX,2025-04-08,78.45,4468.06,2025-03-18,55.44,123.85,175.26,102810.02,102634.76,41.43,15,equal-weight sizing trim,2025-03-17,58.05,,5,-1,,102.0,,189,2025-04-07,133.15,,5,-1,,282.06,,210
SELL,1275,NUTX,2025-04-15,124.36,7248.72,2025-03-18,55.44,200.93,450.73,499582.04,499131.32,124.2,20,equal-weight sizing trim,2025-03-17,58.05,,5,-1,,102.0,,189,2025-04-14,147.8,,5,-1,,284.72,,217
SELL,1275,NUTX,2025-04-22,147.5,2362.13,2025-03-18,55.44,65.48,174.21,217457.77,217283.56,165.92,24,equal-weight sizing trim,2025-03-17,58.05,,5,-1,,102.0,,189,2025-04-21,123.09,,5,-1,,197.85,,224
SELL,1275,NUTX,2025-04-29,117.87,14199.13,2025-03-18,55.44,393.6,836.83,886451.87,885615.04,112.5,29,ratchet-ATR exit,2025-03-17,58.05,,5,-1,,102.0,,189,2025-04-28,114.0,,5,-1,,159.22,,231
SELL,1276,INOD,2025-03-25,46.13,42503.56,2025-03-18,44.52,946.13,980.45,68643.25,67662.79,3.58,5,rotation (out of top-N),2025-03-17,41.84,,5,0.1,,37.85,,301,2025-03-24,37.38,,4.15,1.0,,20.77,,308
SELL,1277,BROS,2025-03-25,70.94,2539.38,2025-03-18,60.94,77.37,90.07,25406.46,25316.39,16.36,5,equal-weight sizing trim,2025-03-17,65.48,,5,0.1,,37.15,,392,2025-03-24,62.48,,5,0.5,,29.28,,399
SELL,1277,BROS,2025-04-01,61.63,28514.34,2025-03-18,60.93,868.76,878.74,19960.04,19081.3,1.1,10,rotation (out of top-N),2025-03-17,65.48,,5,0.1,,37.15,,392,2025-03-31,51.43,,1.17,1.7,,5.87,,406
SELL,1278,DAVE,2025-03-25,96.74,1839.23,2025-03-18,83.18,76.49,88.96,24939.91,24850.95,16.24,5,equal-weight sizing trim,2025-03-17,90.48,,5,-0.1,,41.05,,469,2025-03-24,84.39,,5,0.5,,29.3,,476
SELL,1278,DAVE,2025-04-01,82.6,20909.73,2025-03-18,83.18,869.64,863.57,-12127.64,-12991.22,-0.75,10,rotation (out of top-N),2025-03-17,90.48,,5,-0.1,,41.05,,469,2025-03-31,70.91,,1.4,1.7,,6.98,,483
SELL,1279,HOOD,2025-03-25,48.7,46373.2,2025-03-18,40.8,946.13,1129.19,366116.41,364987.22,19.29,5,rotation (out of top-N),2025-03-17,44.36,4.4,5,0.3,0.3,33.83,4.03,462,2025-03-24,41.91,4.0,4.92,0.8,0.8,24.59,4.12,469
SELL,1280,CIB,2025-04-01,38.78,2923.92,2025-03-25,38.27,55.95,56.69,1491.2,1434.51,1.28,5,equal-weight sizing trim,2025-03-24,38.37,,5,0.5,,29.37,,658,2025-03-31,38.39,,5,0.6,,28.24,,665
SELL,1280,CIB,2025-04-08,37.3,49905.86,2025-03-25,38.27,954.95,930.74,-48408.69,-49339.43,-2.58,10,rotation (out of top-N),2025-03-24,38.37,,5,0.5,,29.37,,658,2025-04-07,36.2,,4.01,1.0,,20.06,,672
SELL,1281,PLMR,2025-04-01,135.49,627.02,2025-03-25,135.59,42.51,42.48,-62.7,-105.18,-0.12,5,equal-weight sizing trim,2025-03-24,136.86,,5,0.4,,32.08,,497,2025-03-31,133.1,,5,0.7,,26.87,,504
SELL,1281,PLMR,2025-04-08,136.02,14284.08,2025-03-25,135.59,968.39,971.46,6142.15,5170.69,0.27,10,ratchet-ATR exit,2025-03-24,136.86,,5,0.4,,32.08,,497,2025-04-07,147.97,,5,0.1,,38.87,,511
SELL,1282,SE,2025-04-01,129.02,15474.31,2025-03-25,130.66,1010.9,998.25,-25300.5,-26298.75,-1.3,5,rotation (out of top-N),2025-03-24,130.68,,5,0.5,,30.0,,385,2025-03-31,106.44,,0.99,1.8,,4.97,,392
SELL,1283,HCI,2025-04-01,145.95,1208.95,2025-03-25,139.73,84.46,88.22,7519.65,7431.42,4.4,5,equal-weight sizing trim,2025-03-24,148.38,,5,0.2,,35.24,,182,2025-03-31,134.3,,4.24,0.9,,21.18,,189
SELL,1283,HCI,2025-04-08,142.9,13260.36,2025-03-25,139.73,926.44,947.45,42035.34,41087.89,2.22,10,ratchet-ATR exit,2025-03-24,148.38,,5,0.2,,35.24,,182,2025-04-07,144.21,,5,0.6,,28.37,,196
SELL,1284,CCB,2025-04-01,90.89,22479.39,2025-03-25,89.94,1010.9,1021.58,21355.42,20333.84,1.01,5,rotation (out of top-N),2025-03-24,90.0,,5,0.4,,31.3,,315,2025-03-31,80.0,,3.06,1.2,,15.29,,322
SELL,1285,ONC,2025-04-01,283.6,7908.61,2025-03-25,255.65,1010.9,1121.44,221085.13,219963.69,10.88,5,rotation (out of top-N),2025-03-24,267.55,,5,0.5,,30.8,,224,2025-03-31,238.47,,3.05,1.2,,15.23,,231
SELL,1286,AU,2025-04-01,35.32,6305.19,2025-03-25,33.09,104.32,111.35,14060.58,13949.23,6.69,5,equal-weight sizing trim,2025-03-24,34.38,,5,2.4,,32.9,,56,2025-03-31,31.18,,3.91,2.0,,19.55,,63
SELL,1286,AU,2025-04-08,31.82,54794.72,2025-03-25,33.09,906.58,871.78,-69589.29,-70461.08,-3.89,10,ratchet-ATR exit,2025-03-24,34.38,,5,2.4,,32.9,,56,2025-04-07,39.77,,5,0.3,,50.5,,70
SELL,1287,AEM,2025-04-01,108.07,19431.0,2025-03-25,104.05,1010.9,1049.95,78112.64,77062.69,3.81,5,rotation (out of top-N),2025-03-24,106.25,,5,0.6,,27.82,,469,2025-03-31,98.36,,3.42,1.1,,17.12,,476
SELL,1288,SDS,2025-04-08,114.59,18886.76,2025-04-01,102.42,967.19,1082.12,229851.85,228769.73,11.83,5,rotation (out of top-N),2025-03-31,122.4,,5,3.5,,28.18,,7,2025-04-07,106.3,,2.23,4.2,,11.15,,14
SELL,1289,LRN,2025-04-08,129.5,939.37,2025-04-01,125.9,59.14,60.82,3372.36,3311.53,2.8,5,equal-weight sizing trim,2025-03-31,125.12,,4.95,0.8,,24.74,,777,2025-04-07,134.42,,5,0.4,,31.84,,784
SELL,1289,LRN,2025-05-06,160.69,1381.91,2025-04-01,126.85,87.65,111.03,46769.85,46658.81,26.62,24,equal-weight sizing trim,2025-03-31,125.12,,4.95,0.8,,24.74,,777,2025-05-05,156.28,,5,-0.1,,42.55,,812
SELL,1289,LRN,2025-05-13,150.74,14485.93,2025-04-01,126.85,918.77,1091.8,346059.44,344967.64,18.77,29,rotation (out of top-N),2025-03-31,125.12,,4.95,0.8,,24.74,,777,2025-05-12,154.51,,5,0.1,,38.64,,819
SELL,1290,GILD,2025-04-08,103.07,17722.23,2025-04-01,109.15,967.19,913.32,-107751.18,-108664.49,-5.62,5,rotation (out of top-N),2025-03-31,104.49,2.0,4.06,1.0,3.0,20.32,1.49,224,2025-04-07,100.98,3.4,3.01,1.2,1.9,15.03,3.92,231
SELL,1291,VRSN,2025-04-08,234.62,7674.29,2025-04-01,252.06,967.19,900.27,-133839.63,-134739.9,-6.97,5,rotation (out of top-N),2025-03-31,236.65,1.8,4.07,1.0,3.2,20.33,1.19,147,2025-04-07,243.56,3.7,4.55,0.9,1.2,22.76,3.83,154
SELL,1292,CORT,2025-04-08,76.32,17088.18,2025-04-01,113.2,967.19,652.08,-630212.01,-630864.1,-32.61,5,ratchet-ATR exit,2025-03-31,74.48,,5,-0.5,,49.51,,308,2025-04-07,68.52,,5,0.3,,34.94,,315
SELL,1293,SENEA,2025-04-08,84.02,21339.02,2025-04-01,90.65,967.19,896.4,-141584.37,-142480.77,-7.37,5,rotation (out of top-N),2025-03-31,86.16,,4.63,0.8,,23.15,,546,2025-04-07,82.81,,3.49,1.1,,17.43,,553
SELL,1294,BJ,2025-04-08,115.85,827.78,2025-04-01,114.11,47.23,47.95,1436.2,1388.25,1.47,5,equal-weight sizing trim,2025-03-31,115.4,,4.75,0.8,,23.76,,413,2025-04-07,117.31,,4.97,0.8,,24.83,,420
SELL,1294,BJ,2025-04-22,114.31,17164.61,2025-04-01,114.47,982.43,981.0,-2850.77,-3831.77,-0.2,14,rotation (out of top-N),2025-03-31,115.4,,4.75,0.8,,23.76,,413,2025-04-21,111.98,,3.51,1.1,,17.56,,434
SELL,1295,VXZ,2025-04-08,62.48,5121.91,2025-04-01,55.24,141.47,160.01,37082.63,36922.62,13.05,5,equal-weight sizing trim,2025-03-31,64.39,,5,1.3,,26.83,,84,2025-04-07,66.64,,5,1.0,,30.12,,91
SELL,1295,VXZ,2025-04-22,65.95,32129.28,2025-04-01,55.86,897.3,1059.46,324316.52,323257.06,18.01,14,rotation (out of top-N),2025-03-31,64.39,,5,1.3,,26.83,,84,2025-04-21,63.07,,4.28,1.2,,21.38,,105
SELL,1296,BABA,2025-04-08,105.75,14921.18,2025-04-01,129.64,967.19,788.96,-356466.99,-357255.95,-18.47,5,rotation (out of top-N),2025-03-31,113.64,,3.9,1.0,,19.48,,315,2025-04-07,105.07,,1.91,1.5,,9.53,,322
SELL,1297,T,2025-04-08,25.63,71830.0,2025-04-01,26.93,967.19,920.5,-93378.99,-94299.5,-4.87,5,rotation (out of top-N),2025-03-31,25.28,1.6,3.83,1.0,3.4,19.14,0.96,483,2025-04-07,25.66,3.9,3.94,1.0,1.2,19.72,4.3,490
SELL,1298,PM,2025-04-08,147.41,12646.32,2025-04-01,152.96,967.19,932.1,-70187.1,-71119.2,-3.68,5,rotation (out of top-N),2025-03-31,145.05,1.9,3.79,1.1,3.2,18.96,1.38,350,2025-04-07,148.58,3.5,4.11,1.0,1.5,20.55,3.64,357
SELL,1299,MCK,2025-04-08,669.31,2868.64,2025-04-01,674.32,967.19,960.0,-14371.89,-15331.89,-0.79,5,rotation (out of top-N),2025-03-31,679.53,1.6,3.58,1.1,3.5,17.92,1.02,140,2025-04-07,686.55,3.8,3.72,1.1,1.3,18.6,4.27,147
SELL,1300,CNP,2025-04-08,35.22,54767.32,2025-04-01,35.32,967.19,964.45,-5476.73,-6441.18,-0.33,5,rotation (out of top-N),2025-03-31,35.08,1.9,3.5,1.1,3.2,17.51,1.52,182,2025-04-07,35.55,3.2,3.69,1.1,1.8,18.43,3.47,189
SELL,1301,WPM,2025-04-15,82.65,757.75,2025-04-08,72.71,27.55,31.31,7532.05,7500.73,13.61,5,equal-weight sizing trim,2025-04-07,81.52,,5,0.5,,29.71,,497,2025-04-14,83.45,,5,0.4,,31.49,,504
SELL,1301,WPM,2025-04-22,85.1,24919.04,2025-04-08,72.71,905.93,1060.31,308746.92,307686.62,16.98,9,rotation (out of top-N),2025-04-07,81.52,,5,0.5,,29.71,,497,2025-04-21,81.07,,5,0.7,,26.66,,511
SELL,1302,WGS,2025-04-15,100.78,172.83,2025-04-08,90.58,7.83,8.71,1761.15,1752.44,11.19,5,equal-weight sizing trim,2025-04-07,96.53,,5,-0.3,,46.8,,413,2025-04-14,95.52,,5,-0.1,,41.88,,420
SELL,1302,WGS,2025-04-29,113.5,22413.1,2025-04-08,90.84,1017.97,1271.94,507954.92,506682.98,24.89,14,rotation (out of top-N),2025-04-07,96.53,,5,-0.3,,46.8,,413,2025-04-28,67.2,,-0.84,2.2,,-4.19,,434
SELL,1303,MNPR,2025-04-15,38.48,11984.52,2025-04-08,28.5,170.78,230.58,119605.48,119374.89,34.95,5,equal-weight sizing trim,2025-04-07,32.7,,5,-1,,64.17,,203,2025-04-14,37.69,,5,-1,,81.42,,210
SELL,1303,MNPR,2025-04-22,43.77,5673.35,2025-04-08,28.5,80.85,124.16,86632.03,86507.87,53.5,9,equal-weight sizing trim,2025-04-07,32.7,,5,-1,,64.17,,203,2025-04-21,43.51,,5,-1,,99.89,,217
SELL,1303,MNPR,2025-04-29,40.09,47849.49,2025-04-08,28.5,681.86,959.26,554814.82,553855.56,40.61,14,ratchet-ATR exit,2025-04-07,32.7,,5,-1,,64.17,,203,2025-04-28,41.33,,5,-1,,81.97,,224
SELL,1304,AEM,2025-04-15,118.38,738.53,2025-04-08,102.94,38.01,43.71,11402.83,11359.12,14.94,5,equal-weight sizing trim,2025-04-07,116.38,,5,0.2,,36.62,,483,2025-04-14,120.27,,5,0.0,,39.27,,490
SELL,1304,AEM,2025-04-22,123.39,424.26,2025-04-08,102.94,21.84,26.17,8676.2,8650.03,19.81,9,equal-weight sizing trim,2025-04-07,116.38,,5,0.2,,36.62,,483,2025-04-21,117.33,,5,0.3,,34.13,,497
SELL,1304,AEM,2025-04-29,116.68,16973.6,2025-04-08,102.94,873.63,990.24,233217.22,232226.98,13.29,14,rotation (out of top-N),2025-04-07,116.38,,5,0.2,,36.62,,483,2025-04-28,109.93,,4.86,0.8,,24.31,,504
SELL,1305,ROOT,2025-04-29,151.28,1685.16,2025-04-08,120.22,101.3,127.47,52337.67,52210.2,25.77,14,equal-weight sizing trim,2025-04-07,120.0,,5,-0.4,,47.54,,154,2025-04-28,143.03,,5,-1,,65.3,,175
SELL,1305,ROOT,2025-06-03,136.75,20265.4,2025-04-08,125.35,1270.11,1385.65,231076.26,229690.61,9.04,38,ratchet-ATR exit,2025-04-07,120.0,,5,-0.4,,47.54,,154,2025-06-02,152.28,,5,-0.8,,55.58,,210
SELL,1306,FNV,2025-04-15,168.84,354.39,2025-04-08,148.73,26.35,29.92,7126.77,7096.86,13.46,5,equal-weight sizing trim,2025-04-07,164.76,,5,1.2,,27.99,,84,2025-04-14,169.7,,5,0.9,,30.75,,91
SELL,1306,FNV,2025-04-22,173.34,12198.29,2025-04-08,148.73,907.13,1057.23,300199.84,299142.62,16.49,9,rotation (out of top-N),2025-04-07,164.76,,5,1.2,,27.99,,84,2025-04-21,168.64,,5,0.9,,28.79,,98
SELL,1307,RGLD,2025-04-15,181.9,337.27,2025-04-08,160.12,27.0,30.68,7345.84,7315.16,13.55,5,equal-weight sizing trim,2025-04-07,177.62,,5,0.7,,25.32,,378,2025-04-14,182.68,,5,0.6,,27.78,,385
SELL,1307,RGLD,2025-04-22,184.28,11322.48,2025-04-08,160.12,906.48,1043.25,273551.07,272507.82,15.03,9,rotation (out of top-N),2025-04-07,177.62,,5,0.7,,25.32,,378,2025-04-21,176.92,,4.57,0.9,,22.86,,392
SELL,1308,SFM,2025-04-15,160.68,12215.12,2025-04-08,152.84,933.48,981.36,95766.57,94785.21,5.08,5,rotation (out of top-N),2025-04-07,157.26,,4.56,0.9,,22.81,,882,2025-04-14,160.13,,4.64,0.8,,23.19,,889
SELL,1309,AGL,2025-04-15,138.63,13880.74,2025-04-08,134.5,933.48,962.14,57327.46,56365.31,3.02,5,rotation (out of top-N),2025-04-07,142.0,,5,1.9,,57.22,,14,2025-04-14,99.88,,2.47,4.0,,12.36,,21
SELL,1310,HOOD,2025-04-15,44.12,50281.7,2025-04-08,37.13,933.48,1109.21,351469.09,350359.88,18.77,5,rotation (out of top-N),2025-04-07,43.63,4.3,5,0.7,0.3,26.63,12.46,483,2025-04-14,41.2,3.9,3.59,1.1,1.2,17.95,5.4,490
SELL,1311,PLTR,2025-04-15,93.63,410.32,2025-04-08,83.32,17.09,19.21,4230.37,4211.16,12.32,5,equal-weight sizing trim,2025-04-07,88.53,5.2,5,-0.2,0.0,43.83,9.58,728,2025-04-14,93.73,5.4,5,-0.4,0.0,48.32,5.5,735
SELL,1311,PLTR,2025-04-29,113.99,2995.72,2025-04-08,83.54,125.13,170.74,91219.32,91048.58,36.38,14,equal-weight sizing trim,2025-04-07,88.53,5.2,5,-0.2,0.0,43.83,9.58,728,2025-04-28,124.28,5.3,5,-1,0.7,83.5,3.51,749
SELL,1311,PLTR,2025-06-17,141.5,858.38,2025-04-08,90.09,38.67,60.73,44126.26,44065.53,56.98,48,equal-weight sizing trim,2025-04-07,88.53,5.2,5,-0.2,0.0,43.83,9.58,728,2025-06-16,137.27,4.9,5,-1,1.1,61.62,2.89,798
SELL,1311,PLTR,2025-07-15,148.98,889.11,2025-04-08,97.89,43.52,66.23,45423.95,45357.72,52.11,66,equal-weight sizing trim,2025-04-07,88.53,5.2,5,-0.2,0.0,43.83,9.58,728,2025-07-14,153.53,4.6,5,-1,1.4,61.59,2.35,826
SELL,1311,PLTR,2025-07-22,150.82,133.25,2025-04-08,97.89,6.52,10.05,7052.58,7042.54,53.99,71,equal-weight sizing trim,2025-04-07,88.53,5.2,5,-0.2,0.0,43.83,9.58,728,2025-07-21,158.84,4.2,5,-1,1.8,62.23,1.84,833
SELL,1311,PLTR,2025-07-29,158.72,26001.41,2025-04-08,97.89,1272.65,2063.41,1581509.03,1579445.62,62.05,76,rotation (out of top-N),2025-04-07,88.53,5.2,5,-0.2,0.0,43.83,9.58,728,2025-07-28,154.27,4.1,5,-0.7,1.6,53.28,2.15,840
SELL,1312,VRSN,2025-04-15,243.43,7957.38,2025-04-08,234.62,933.48,968.53,70104.48,69135.95,3.7,5,rotation (out of top-N),2025-04-07,243.56,3.7,4.55,0.9,1.2,22.76,3.83,154,2025-04-14,243.6,1.8,4.35,0.9,3.1,21.73,1.09,161
SELL,1313,DAVE,2025-04-15,84.69,23328.25,2025-04-08,80.03,933.48,987.83,108709.63,107721.79,5.77,5,rotation (out of top-N),2025-04-07,82.84,,4.51,0.9,,22.56,,490,2025-04-14,84.2,,4.49,0.9,,22.45,,497
SELL,1314,AGX,2025-04-15,146.67,14054.2,2025-04-08,132.84,933.48,1030.66,194369.55,193338.89,10.36,5,rotation (out of top-N),2025-04-07,147.22,,4.37,0.9,,21.83,,826,2025-04-14,144.57,,3.58,1.1,,17.91,,833
SELL,1315,SPOT,2025-04-22,575.0,73.01,2025-04-08,555.12,20.26,20.99,1451.74,1430.75,3.53,9,equal-weight sizing trim,2025-04-07,542.55,,4.3,0.9,,21.48,,791,2025-04-21,621.27,,5,0.3,,34.59,,805
SELL,1315,SPOT,2025-05-06,634.1,335.65,2025-04-08,555.11,93.16,106.42,26514.26,26407.84,14.17,19,equal-weight sizing trim,2025-04-07,542.55,,4.3,0.9,,21.48,,791,2025-05-05,648.5,,5,0.2,,35.79,,819
SELL,1315,SPOT,2025-05-13,625.0,3671.06,2025-04-08,555.11,1018.91,1147.21,256583.35,255436.15,12.53,24,rotation (out of top-N),2025-04-07,542.55,,4.3,0.9,,21.48,,791,2025-05-12,656.28,,5,0.2,,35.17,,826
SELL,1316,CVS,2025-04-15,66.32,27495.72,2025-04-08,67.9,933.48,911.76,-43443.24,-44355.0,-2.38,5,rotation (out of top-N),2025-04-07,66.46,5.2,4.17,3.1,2.1,20.84,5.06,49,2025-04-14,64.22,3.0,3.25,3.3,4.3,16.25,1.73,56
SELL,1317,PM,2025-04-22,157.58,13442.33,2025-04-08,147.75,993.02,1059.12,132200.45,131141.33,6.6,9,rotation (out of top-N),2025-04-07,148.58,3.5,4.11,1.0,1.5,20.55,3.64,357,2025-04-21,164.39,2.5,5,0.5,2.0,30.14,1.46,371
SELL,1318,CIB,2025-04-22,38.82,1936.56,2025-04-08,37.25,36.07,37.59,3034.56,2996.97,4.15,9,equal-weight sizing trim,2025-04-07,36.2,,4.01,1.0,,20.06,,672,2025-04-21,40.47,,5,0.4,,31.86,,686
SELL,1318,CIB,2025-04-29,39.39,53950.85,2025-04-08,37.25,1004.92,1062.56,115291.99,114229.43,5.68,14,rotation (out of top-N),2025-04-07,36.2,,4.01,1.0,,20.06,,672,2025-04-28,39.68,,5,0.6,,28.01,,693
SELL,1319,NFG,2025-04-15,74.92,26027.6,2025-04-08,71.73,933.48,974.99,83028.04,82053.04,4.4,5,rotation (out of top-N),2025-04-07,74.08,,3.97,1.0,,19.85,,371,2025-04-14,76.53,,4.54,0.9,,22.69,,378
SELL,1320,T,2025-04-15,26.36,72842.75,2025-04-08,25.63,933.48,960.07,53175.2,52215.14,2.8,5,rotation (out of top-N),2025-04-07,25.66,3.9,3.94,1.0,1.2,19.72,4.3,490,2025-04-14,26.01,2.0,4.03,1.0,3.0,20.14,1.53,497
SELL,1321,GH,2025-04-29,47.87,1390.9,2025-04-15,45.66,31.75,33.29,3075.4,3042.1,4.79,9,equal-weight sizing trim,2025-04-14,44.97,,5,0.4,,32.88,,161,2025-04-28,46.91,,5,0.2,,35.45,,175
SELL,1321,GH,2025-05-06,42.97,46457.15,2025-04-15,45.66,1060.59,998.13,-124919.44,-125917.58,-5.94,14,rotation (out of top-N),2025-04-14,44.97,,5,0.4,,32.88,,161,2025-05-05,41.76,,3.95,1.0,,19.73,,182
SELL,1322,ESLT,2025-04-22,372.26,5075.14,2025-04-15,405.61,1029.26,944.64,-169256.04,-170200.68,-8.27,4,ratchet-ATR exit,2025-04-14,404.18,,5,-0.7,,54.8,,182,2025-04-21,375.56,,5,-0.1,,41.18,,189
SELL,1323,PVLA,2025-04-22,25.72,1575.49,2025-04-15,24.8,19.54,20.26,1449.45,1429.19,3.66,4,equal-weight sizing trim,2025-04-14,24.11,,5,1.0,,38.27,,63,2025-04-21,25.23,,5,0.8,,41.14,,70
SELL,1323,PVLA,2025-05-06,23.32,93553.19,2025-04-15,24.67,1153.82,1090.83,-125971.54,-127062.37,-5.51,14,rotation (out of top-N),2025-04-14,24.11,,5,1.0,,38.27,,63,2025-05-05,22.73,,4.97,1.4,,24.86,,84
SELL,1324,PLMR,2025-05-13,156.34,15388.76,2025-04-15,152.56,1173.82,1202.94,58246.39,57043.45,2.43,19,rotation (out of top-N),2025-04-14,149.32,,5,0.1,,38.08,,518,2025-05-12,159.16,,5,0.1,,38.9,,546
SELL,1325,TGTX,2025-04-29,42.0,1961.96,2025-04-15,38.46,37.73,41.2,6951.74,6910.54,9.16,9,equal-weight sizing trim,2025-04-14,38.33,,5,0.5,,30.84,,413,2025-04-28,43.39,,5,-0.1,,42.86,,427
SELL,1325,TGTX,2025-05-06,37.27,52950.09,2025-04-15,38.46,1018.14,986.72,-62838.14,-63824.87,-3.13,14,rotation (out of top-N),2025-04-14,38.33,,5,0.5,,30.84,,413,2025-05-05,33.68,,1.9,1.5,,9.52,,434
SELL,1326,EAT,2025-04-22,153.0,160.39,2025-04-15,148.64,11.92,12.27,699.28,687.01,2.88,4,equal-weight sizing trim,2025-04-14,153.32,,5,0.4,,32.43,,490,2025-04-21,159.37,,5,0.3,,34.95,,497
SELL,1326,EAT,2025-04-29,148.05,13688.71,2025-04-15,148.64,1017.34,1013.31,-8076.34,-9089.64,-0.45,9,rotation (out of top-N),2025-04-14,153.32,,5,0.4,,32.43,,490,2025-04-28,133.19,,2.23,1.4,,11.16,,504
SELL,1327,HCI,2025-04-22,141.56,14020.77,2025-04-15,146.82,1029.26,992.39,-73749.23,-74741.62,-3.63,4,rotation (out of top-N),2025-04-14,143.82,,5,0.7,,26.4,,203,2025-04-21,139.97,,4.32,0.9,,21.59,,210
SELL,1328,TIGO,2025-04-22,29.01,79695.28,2025-04-15,25.83,1029.26,1155.98,253430.98,252275.0,12.26,4,rotation (out of top-N),2025-04-14,29.11,,5,0.7,,26.05,,483,2025-04-21,29.41,,5,0.7,,26.18,,490
SELL,1329,AU,2025-05-06,40.53,978.08,2025-04-15,40.42,19.77,19.82,103.42,83.6,0.21,14,equal-weight sizing trim,2025-04-14,40.19,,5,0.2,,50.13,,77,2025-05-05,41.6,,5,-0.1,,49.65,,98
SELL,1329,AU,2025-05-13,37.55,57434.41,2025-04-15,40.42,1160.87,1078.33,-165081.66,-166159.99,-7.16,19,rotation (out of top-N),2025-04-14,40.19,,5,0.2,,50.13,,77,2025-05-12,37.85,,5,0.5,,34.83,,105
SELL,1330,SNEX,2025-04-29,39.08,1845.31,2025-04-22,35.63,32.87,36.06,6366.34,6330.28,9.63,5,equal-weight sizing trim,2025-04-21,38.89,,5,0.4,,32.19,,539,2025-04-28,41.21,,5,0.1,,38.13,,546
SELL,1330,SNEX,2025-05-06,40.5,56906.44,2025-04-22,35.63,1013.79,1152.36,277134.35,275981.99,13.61,10,rotation (out of top-N),2025-04-21,38.89,,5,0.4,,32.19,,539,2025-05-05,39.39,,5,0.5,,30.23,,553
SELL,1331,DAVE,2025-04-29,93.47,1479.85,2025-04-22,82.83,61.29,69.16,15745.56,15676.4,12.79,5,equal-weight sizing trim,2025-04-21,92.86,,5,0.4,,32.37,,504,2025-04-28,104.48,,5,-0.3,,45.39,,511
SELL,1331,DAVE,2025-05-06,103.06,1205.69,2025-04-22,82.83,49.93,62.13,24391.2,24329.07,24.36,10,equal-weight sizing trim,2025-04-21,92.86,,5,0.4,,32.37,,504,2025-05-05,167.27,,5,-1,,122.39,,518
SELL,1331,DAVE,2025-05-13,176.9,7946.75,2025-04-22,82.83,329.11,702.87,747511.2,746808.33,113.46,15,equal-weight sizing trim,2025-04-21,92.86,,5,0.4,,32.37,,504,2025-05-12,185.24,,5,-1,,134.24,,525
SELL,1331,DAVE,2025-06-03,204.96,727.79,2025-04-22,85.56,31.13,74.58,86895.17,86820.59,139.43,29,equal-weight sizing trim,2025-04-21,92.86,,5,0.4,,32.37,,504,2025-06-02,219.89,,5,-1,,139.72,,546
SELL,1331,DAVE,2025-06-10,224.44,649.72,2025-04-22,85.56,27.79,72.91,90229.93,90157.02,162.18,34,equal-weight sizing trim,2025-04-21,92.86,,5,0.4,,32.37,,504,2025-06-09,208.75,,5,-1,,117.25,,553
SELL,1331,DAVE,2025-07-01,271.67,1819.42,2025-04-22,97.49,88.69,247.14,316898.68,316651.54,178.51,48,equal-weight sizing trim,2025-04-21,92.86,,5,0.4,,32.37,,504,2025-06-30,281.54,,5,-1,,152.16,,574
SELL,1331,DAVE,2025-07-08,285.0,47.87,2025-04-22,97.49,2.33,6.82,8975.86,8969.04,192.18,52,equal-weight sizing trim,2025-04-21,92.86,,5,0.4,,32.37,,504,2025-07-07,202.56,,5,-1,,75.17,,581
SELL,1331,DAVE,2025-07-15,214.29,13166.39,2025-04-22,97.49,641.82,1410.75,1537841.19,1536430.45,119.69,57,ratchet-ATR exit,2025-04-21,92.86,,5,0.4,,32.37,,504,2025-07-14,217.82,,5,-1,,81.53,,588
SELL,1332,NFLX,2025-04-29,109.89,583.27,2025-04-22,100.54,29.32,32.05,5453.61,5421.56,9.25,5,equal-weight sizing trim,2025-04-21,110.1,3.4,5,0.5,1.2,30.92,2.76,896,2025-04-28,115.62,2.8,5,0.2,1.9,35.37,1.6,903
SELL,1332,NFLX,2025-05-06,112.79,20237.54,2025-04-22,100.54,1017.34,1141.3,247909.9,246768.6,12.13,10,rotation (out of top-N),2025-04-21,110.1,3.4,5,0.5,1.2,30.92,2.76,896,2025-05-05,114.02,2.7,5,0.4,1.9,31.47,1.66,910
SELL,1333,VRSN,2025-04-29,272.55,554.22,2025-04-22,240.23,66.57,75.53,17912.38,17836.85,13.4,5,equal-weight sizing trim,2025-04-21,268.61,2.2,5,0.4,2.4,32.67,0.92,168,2025-04-28,279.96,3.5,5,0.2,1.4,36.61,2.46,175
SELL,1333,VRSN,2025-05-06,278.4,8159.62,2025-04-22,240.23,980.09,1135.82,311452.58,310316.76,15.83,10,rotation (out of top-N),2025-04-21,268.61,2.2,5,0.4,2.4,32.67,0.92,168,2025-05-05,277.02,2.3,5,0.3,2.4,33.67,0.94,182
SELL,1334,CORT,2025-04-29,71.45,1711.16,2025-04-22,63.75,54.54,61.13,13175.91,13114.78,12.02,5,equal-weight sizing trim,2025-04-21,71.7,,5,0.2,,36.6,,329,2025-04-28,72.83,,5,0.2,,36.33,,336
SELL,1334,CORT,2025-05-06,70.27,31125.31,2025-04-22,63.75,992.12,1093.59,202937.04,201843.45,10.17,10,rotation (out of top-N),2025-04-21,71.7,,5,0.2,,36.6,,329,2025-05-05,70.24,,5,0.5,,29.36,,343
SELL,1335,HOOD,2025-04-29,49.43,5953.91,2025-04-22,41.09,122.32,147.15,49655.58,49508.43,20.24,5,equal-weight sizing trim,2025-04-21,49.45,4.2,5,0.1,0.7,38.98,3.39,497,2025-04-28,48.61,4.2,5,0.3,0.5,34.03,3.79,504
SELL,1335,HOOD,2025-05-13,58.94,6291.41,2025-04-22,41.64,130.98,185.41,108856.17,108670.76,41.48,15,equal-weight sizing trim,2025-04-21,49.45,4.2,5,0.1,0.7,38.98,3.39,497,2025-05-12,61.74,5.8,5,-1,0.2,61.28,4.27,518
SELL,1335,HOOD,2025-05-20,64.01,742.42,2025-04-22,41.64,15.46,23.76,16609.58,16585.82,53.65,20,equal-weight sizing trim,2025-04-21,49.45,4.2,5,0.1,0.7,38.98,3.39,497,2025-05-19,63.14,4.7,5,-1,1.3,60.41,2.53,525
SELL,1335,HOOD,2025-06-03,69.9,1210.75,2025-04-22,41.64,25.21,42.32,34218.66,34176.34,67.79,29,equal-weight sizing trim,2025-04-21,49.45,4.2,5,0.1,0.7,38.98,3.39,497,2025-06-02,74.87,5.2,5,-1,0.8,78.88,3.3,539
SELL,1335,HOOD,2025-06-10,73.28,119.96,2025-04-22,41.64,2.5,4.4,3795.82,3791.42,75.91,34,equal-weight sizing trim,2025-04-21,49.45,4.2,5,0.1,0.7,38.98,3.39,497,2025-06-09,72.58,6,5,-1,0.0,68.03,4.84,546
SELL,1335,HOOD,2025-07-01,94.98,5171.06,2025-04-22,42.56,110.04,245.59,271088.34,270842.76,123.06,48,equal-weight sizing trim,2025-04-21,49.45,4.2,5,0.1,0.7,38.98,3.39,497,2025-06-30,94.31,5.9,5,-1,0.1,96.99,4.29,567
SELL,1335,HOOD,2025-07-22,103.93,1628.05,2025-04-22,44.67,36.36,84.6,96483.41,96398.81,132.56,62,equal-weight sizing trim,2025-04-21,49.45,4.2,5,0.1,0.7,38.98,3.39,497,2025-07-21,104.83,5.3,5,-1,0.7,94.86,3.52,588
SELL,1335,HOOD,2025-09-23,125.41,65240.75,2025-04-22,71.98,2348.11,4090.92,3485630.85,3481539.93,74.14,106,rotation (out of top-N),2025-04-21,49.45,4.2,5,0.1,0.7,38.98,3.39,497,2025-09-22,121.77,4.4,5,-1,1.6,70.99,2.16,651
SELL,1336,FCAP,2025-04-29,48.1,5928.59,2025-04-22,40.13,118.96,142.58,47250.86,47108.28,19.8,5,equal-weight sizing trim,2025-04-21,46.81,,5,-0.0,,40.72,,357,2025-04-28,48.78,,5,-0.2,,44.49,,364
SELL,1336,FCAP,2025-05-13,46.92,46761.82,2025-04-22,40.24,940.82,1097.03,312428.95,311331.92,16.55,15,rotation (out of top-N),2025-04-21,46.81,,5,-0.0,,40.72,,357,2025-05-12,46.63,,5,0.3,,34.79,,378
SELL,1337,MSTR,2025-04-29,369.08,346.45,2025-04-22,328.52,56.91,63.93,14052.16,13988.23,12.29,5,equal-weight sizing trim,2025-04-21,368.43,,5,0.2,,35.77,,805,2025-04-28,393.93,,5,-0.1,,42.3,,812
SELL,1337,MSTR,2025-05-13,412.5,6153.95,2025-04-22,329.56,1014.04,1269.25,510421.17,509151.92,25.11,15,rotation (out of top-N),2025-04-21,368.43,,5,0.2,,35.77,,805,2025-05-12,399.11,,5,0.1,,37.53,,826
SELL,1338,PM,2025-04-29,162.31,13284.2,2025-04-22,157.58,1046.66,1078.08,62834.29,61756.21,2.95,5,rotation (out of top-N),2025-04-21,164.39,2.5,5,0.5,2.0,30.14,1.46,371,2025-04-28,165.03,2.3,5,0.5,2.3,29.14,1.19,378
SELL,1339,IRTC,2025-05-06,133.26,3439.37,2025-04-29,106.31,182.83,229.17,92673.78,92444.62,25.28,5,equal-weight sizing trim,2025-04-28,130.98,,5,-0.2,,46.77,,112,2025-05-05,137.72,,5,-0.6,,51.61,,119
SELL,1339,IRTC,2025-06-10,147.96,119.44,2025-04-29,111.76,6.67,8.84,4323.36,4314.52,32.32,29,equal-weight sizing trim,2025-04-28,130.98,,5,-0.2,,46.77,,112,2025-06-09,143.67,,5,-0.2,,43.54,,154
SELL,1339,IRTC,2025-06-24,149.95,4.4,2025-04-29,113.96,0.25,0.33,158.29,157.96,31.51,38,equal-weight sizing trim,2025-04-28,130.98,,5,-0.2,,46.77,,112,2025-06-23,154.56,,5,-0.4,,48.72,,168
SELL,1339,IRTC,2025-07-01,152.44,22302.56,2025-04-29,113.96,1270.86,1699.96,858203.25,856503.29,33.7,43,rotation (out of top-N),2025-04-28,130.98,,5,-0.2,,46.77,,112,2025-06-30,142.26,,5,0.3,,34.64,,175
SELL,1340,ESLT,2025-05-13,383.46,5832.5,2025-04-29,383.88,1119.48,1118.26,-2429.5,-3547.76,-0.16,10,rotation (out of top-N),2025-04-28,405.31,,5,-0.5,,49.28,,196,2025-05-12,393.46,,5,0.0,,39.26,,210
SELL,1341,SE,2025-05-06,140.5,16984.08,2025-04-29,130.88,1111.4,1193.17,163556.7,162363.53,7.3,5,rotation (out of top-N),2025-04-28,141.77,,5,0.4,,32.35,,420,2025-05-05,139.16,,5,0.6,,27.58,,427
SELL,1342,DUOL,2025-05-06,481.5,954.01,2025-04-29,384.0,183.17,229.68,93015.93,92786.26,25.33,5,equal-weight sizing trim,2025-04-28,486.6,,5,-0.9,,57.36,,231,2025-05-05,513.0,,5,-1,,61.32,,238
SELL,1342,DUOL,2025-06-10,498.9,5528.1,2025-04-29,401.23,1109.03,1378.99,539908.85,538529.86,24.28,29,rotation (out of top-N),2025-04-28,486.6,,5,-0.9,,57.36,,231,2025-06-09,478.12,,5,0.3,,34.15,,273
SELL,1343,HWM,2025-05-06,151.68,943.26,2025-04-29,136.45,64.35,71.54,14365.88,14294.34,11.11,5,equal-weight sizing trim,2025-04-28,153.67,3.0,5,0.3,1.7,34.69,1.94,910,2025-05-05,157.06,2.9,5,0.2,1.9,35.66,1.64,917
SELL,1343,HWM,2025-05-13,155.95,15346.89,2025-04-29,136.45,1047.04,1196.67,299264.41,298067.73,14.23,10,rotation (out of top-N),2025-04-28,153.67,3.0,5,0.3,1.7,34.69,1.94,910,2025-05-12,162.48,3.1,5,0.1,1.9,38.26,1.72,924
SELL,1344,SEZL,2025-05-06,53.83,1345.75,2025-04-29,49.85,33.54,36.22,5356.07,5319.85,7.93,5,equal-weight sizing trim,2025-04-28,55.69,,5,0.1,,38.01,,999,2025-05-05,87.38,,5,-1,,106.98,,999
SELL,1344,SEZL,2025-05-13,86.25,13217.33,2025-04-29,49.85,329.44,570.0,481110.9,480540.9,72.93,10,equal-weight sizing trim,2025-04-28,55.69,,5,0.1,,38.01,,999,2025-05-12,93.65,,5,-1,,112.49,,999
SELL,1344,SEZL,2025-05-20,98.8,2038.89,2025-04-29,49.85,50.82,100.72,99793.43,99692.72,98.09,15,equal-weight sizing trim,2025-04-28,55.69,,5,0.1,,38.01,,999,2025-05-19,105.28,,5,-1,,127.93,,999
SELL,1344,SEZL,2025-06-03,112.39,1873.5,2025-04-29,49.85,46.7,105.28,117159.29,117054.02,125.33,24,equal-weight sizing trim,2025-04-28,55.69,,5,0.1,,38.01,,999,2025-06-02,132.16,,5,-1,,158.82,,999
SELL,1344,SEZL,2025-06-10,120.86,728.67,2025-04-29,49.85,18.16,44.03,51739.53,51695.5,142.32,29,equal-weight sizing trim,2025-04-28,55.69,,5,0.1,,38.01,,999,2025-06-09,133.56,,5,-1,,147.91,,999
SELL,1344,SEZL,2025-06-17,145.84,3507.53,2025-04-29,49.85,87.43,255.77,336687.57,336431.8,192.41,34,equal-weight sizing trim,2025-04-28,55.69,,5,0.1,,38.01,,999,2025-06-16,147.04,,5,-1,,158.31,,999
SELL,1344,SEZL,2025-07-01,179.51,2247.58,2025-04-29,51.51,57.89,201.73,287684.99,287483.26,248.3,43,equal-weight sizing trim,2025-04-28,55.69,,5,0.1,,38.01,,999,2025-06-30,181.97,,5,-1,,183.44,,999
SELL,1344,SEZL,2025-07-15,141.99,20655.95,2025-04-29,55.66,574.81,1466.47,1783322.99,1781856.52,155.0,52,ratchet-ATR exit,2025-04-28,55.69,,5,0.1,,38.01,,999,2025-07-14,140.63,,5,-1,,101.8,,999
SELL,1345,OSIS,2025-05-06,217.88,11104.8,2025-04-29,200.16,1111.4,1209.76,196721.47,195511.72,8.8,5,rotation (out of top-N),2025-04-28,225.02,,5,0.4,,32.23,,833,2025-05-05,223.42,,5,0.5,,29.68,,840
SELL,1346,LB,2025-05-06,77.65,30192.77,2025-04-29,73.62,1111.4,1172.23,121676.86,120504.62,5.42,5,rotation (out of top-N),2025-04-28,78.07,,5,0.4,,31.53,,168,2025-05-05,69.58,,3.08,1.2,,15.38,,175
SELL,1347,NUTX,2025-05-20,178.1,6337.25,2025-05-06,127.68,404.57,564.35,319548.54,318984.19,39.42,10,equal-weight sizing trim,2025-05-05,121.88,,5,-1,,160.17,,238,2025-05-19,160.2,,5,-1,,193.1,,252
SELL,1347,NUTX,2025-06-10,119.03,18165.42,2025-05-06,132.6,1204.41,1081.07,-246677.94,-247759.01,-10.29,24,ratchet-ATR exit,2025-05-05,121.88,,5,-1,,160.17,,238,2025-06-09,125.02,,5,-1,,96.9,,273
SELL,1348,MNPR,2025-05-13,33.79,56308.15,2025-05-06,41.32,1163.33,951.33,-424000.37,-424951.7,-18.26,5,ratchet-ATR exit,2025-05-05,41.11,,5,-1,,73.85,,231,2025-05-12,37.95,,5,-0.7,,54.64,,238
SELL,1349,TPB,2025-05-13,70.17,35949.52,2025-05-06,64.72,1163.33,1261.29,195924.87,194663.58,8.37,5,rotation (out of top-N),2025-05-05,74.42,,5,0.2,,36.69,,518,2025-05-12,73.25,,5,0.4,,32.29,,525
SELL,1350,OKTA,2025-05-20,126.02,20843.11,2025-05-06,114.55,1193.83,1313.32,238988.73,237675.4,9.95,10,rotation (out of top-N),2025-05-05,119.44,,5,0.6,,34.45,,98,2025-05-19,123.73,,5,0.3,,36.81,,112
SELL,1351,UI,2025-05-13,438.81,1002.79,2025-05-06,336.97,168.95,220.02,102123.76,101903.74,30.16,5,equal-weight sizing trim,2025-05-05,407.05,,5,0.2,,35.99,,343,2025-05-12,432.79,,5,-0.1,,41.5,,350
SELL,1351,UI,2025-05-20,422.73,5901.84,2025-05-06,336.97,994.37,1247.44,506142.02,504894.57,25.39,10,rotation (out of top-N),2025-05-05,407.05,,5,0.2,,35.99,,343,2025-05-19,389.69,,5,0.7,,25.22,,357
SELL,1352,WOR,2025-05-13,59.8,43448.23,2025-05-06,53.55,1163.33,1299.1,271551.44,270252.34,11.62,5,rotation (out of top-N),2025-05-05,57.28,,5,2.5,,35.25,,42,2025-05-12,58.83,,5,2.3,,37.6,,49
SELL,1353,HCI,2025-05-13,165.12,16159.56,2025-05-06,143.98,1163.33,1334.13,341613.0,340278.87,14.63,5,rotation (out of top-N),2025-05-05,164.06,,5,0.1,,38.58,,224,2025-05-12,164.64,,5,0.2,,36.9,,231
SELL,1354,LMB,2025-05-13,123.52,855.55,2025-05-06,106.61,45.61,52.84,14458.75,14405.92,15.79,5,equal-weight sizing trim,2025-05-05,121.55,,5,-0.2,,43.74,,945,2025-05-12,124.88,,5,-0.2,,44.88,,952
SELL,1354,LMB,2025-06-24,143.04,22834.49,2025-05-06,108.76,1241.75,1633.12,782748.45,781115.33,31.45,33,rotation (out of top-N),2025-05-05,121.55,,5,-0.2,,43.74,,945,2025-06-23,139.3,,5,-0.2,,44.67,,994
SELL,1355,CVSA,2025-05-13,132.59,1149.06,2025-05-06,112.5,64.63,76.18,23084.6,23008.42,17.8,5,equal-weight sizing trim,2025-05-05,136.35,,5,-0.5,,50.14,,371,2025-05-12,134.55,,5,-0.3,,45.65,,378
SELL,1355,CVSA,2025-05-20,132.69,19532.3,2025-05-06,112.5,1098.69,1295.92,394454.78,393158.86,17.89,10,rotation (out of top-N),2025-05-05,136.35,,5,-0.5,,50.14,,371,2025-05-19,128.52,,5,0.1,,37.05,,385
SELL,1356,ATRO,2025-05-13,24.25,13011.68,2025-05-06,19.42,126.34,157.77,62846.42,62688.65,24.81,5,equal-weight sizing trim,2025-05-05,22.8,,5,1.0,,39.55,,63,2025-05-12,25.01,,5,0.3,,50.93,,70
SELL,1356,ATRO,2025-06-03,26.82,2878.69,2025-05-06,19.68,28.32,38.6,20567.78,20529.18,36.25,19,equal-weight sizing trim,2025-05-05,22.8,,5,1.0,,39.55,,63,2025-06-02,27.73,,5,-0.5,,60.79,,91
SELL,1356,ATRO,2025-07-01,27.25,118252.3,2025-05-06,20.3,1200.55,1611.19,821274.92,819663.73,34.14,38,rotation (out of top-N),2025-05-05,22.8,,5,1.0,,39.55,,63,2025-06-30,27.07,,5,-0.3,,47.16,,119
SELL,1357,FRHC,2025-05-20,179.7,16082.59,2025-05-13,160.95,1294.25,1445.02,301548.54,300103.52,11.59,5,rotation (out of top-N),2025-05-12,176.1,,5,-0.1,,42.12,,301,2025-05-19,169.4,,5,0.3,,34.42,,308
SELL,1358,VEON,2025-05-20,57.14,51594.43,2025-05-13,50.17,1294.25,1474.05,359613.19,358139.14,13.84,5,rotation (out of top-N),2025-05-12,54.82,,5,-0.2,,43.66,,539,2025-05-19,52.55,,5,0.2,,35.54,,546
SELL,1359,TPC,2025-06-03,38.17,87.49,2025-05-13,35.13,1.54,1.67,265.58,263.91,8.59,14,equal-weight sizing trim,2025-05-12,36.61,,5,2.8,,44.43,,0,2025-06-02,40.48,,5,2.0,,52.84,,21
SELL,1359,TPC,2025-06-10,40.35,854.88,2025-05-13,35.13,15.02,17.25,4458.7,4441.45,14.79,19,equal-weight sizing trim,2025-05-12,36.61,,5,2.8,,44.43,,0,2025-06-09,41.93,,5,1.8,,55.33,,28
SELL,1359,TPC,2025-06-17,41.97,10.88,2025-05-13,35.13,0.19,0.23,74.38,74.16,19.4,24,equal-weight sizing trim,2025-05-12,36.61,,5,2.8,,44.43,,0,2025-06-16,42.35,,5,1.7,,54.28,,35
SELL,1359,TPC,2025-07-29,48.6,81156.57,2025-05-13,35.92,1457.42,1972.1,1029366.61,1027394.51,35.25,52,rotation (out of top-N),2025-05-12,36.61,,5,2.8,,44.43,,0,2025-07-28,45.57,,5,0.3,,48.71,,77
SELL,1360,LQDA,2025-05-20,17.07,163054.65,2025-05-13,15.88,1294.25,1392.08,195665.58,194273.51,7.51,5,rotation (out of top-N),2025-05-12,18.89,,5,-0.4,,48.82,,119,2025-05-19,15.36,,4.15,1.0,,20.74,,126
SELL,1361,AGX,2025-05-20,189.26,168.99,2025-05-13,175.15,14.8,15.99,2384.38,2368.39,8.0,5,equal-weight sizing trim,2025-05-12,187.12,,5,-0.1,,41.6,,861,2025-05-19,201.32,,5,-0.4,,48.71,,868
SELL,1361,AGX,2025-06-03,210.4,660.89,2025-05-13,175.15,57.88,69.53,23296.34,23226.82,20.07,14,equal-weight sizing trim,2025-05-12,187.12,,5,-0.1,,41.6,,861,2025-06-02,241.07,,5,-1,,68.82,,882
SELL,1361,AGX,2025-06-17,212.58,14281.37,2025-05-13,176.07,1257.29,1517.97,521360.39,519842.42,20.67,24,rotation (out of top-N),2025-05-12,187.12,,5,-0.1,,41.6,,861,2025-06-16,201.23,,5,0.2,,35.25,,896
SELL,1362,BROS,2025-05-20,70.1,37514.39,2025-05-13,69.0,1294.25,1314.88,41265.82,39950.95,1.54,5,rotation (out of top-N),2025-05-12,73.75,,5,-0.0,,40.87,,448,2025-05-19,67.92,,5,0.6,,27.59,,455
SELL,1363,NXT,2025-05-20,58.58,48015.07,2025-05-13,53.91,1294.25,1406.24,223990.32,222584.08,8.6,5,rotation (out of top-N),2025-05-12,59.27,,5,0.2,,45.66,,91,2025-05-19,56.08,,5,0.5,,36.38,,98
SELL,1364,SE,2025-05-20,163.16,132.16,2025-05-13,151.56,10.02,10.78,1533.08,1522.3,7.6,5,equal-weight sizing trim,2025-05-12,161.36,,5,-0.2,,44.73,,434,2025-05-19,164.14,,5,-0.2,,44.46,,441
SELL,1364,SE,2025-06-03,166.35,16946.27,2025-05-13,151.57,1284.23,1409.55,250635.34,249225.79,9.7,14,rotation (out of top-N),2025-05-12,161.36,,5,-0.2,,44.73,,434,2025-06-02,165.68,,5,-0.0,,40.72,,455
SELL,1365,NRG,2025-05-20,158.71,64.32,2025-05-13,148.03,4.76,5.1,686.91,681.81,7.16,5,equal-weight sizing trim,2025-05-12,157.37,6,5,-1,0.0,64.74,4.84,679,2025-05-19,156.02,3.9,5,-1,2.1,60.17,1.41,686
SELL,1365,NRG,2025-06-17,151.0,19922.36,2025-05-13,149.05,1484.67,1504.14,38940.81,37436.68,1.26,24,ratchet-ATR exit,2025-05-12,157.37,6,5,-1,0.0,64.74,4.84,679,2025-06-16,150.21,3.3,5,-0.2,1.9,43.5,1.65,714
SELL,1366,NET,2025-05-20,156.3,387.38,2025-05-13,143.19,27.73,30.27,5080.44,5050.16,9.1,5,equal-weight sizing trim,2025-05-12,157.47,,5,-0.1,,42.78,,210,2025-05-19,158.25,,5,-0.1,,41.07,,217
SELL,1366,NET,2025-06-03,168.93,317.49,2025-05-13,143.19,22.73,26.82,8173.75,8146.93,17.92,14,equal-weight sizing trim,2025-05-12,157.47,,5,-0.1,,42.78,,210,2025-06-02,179.6,,5,-0.7,,53.88,,231
SELL,1366,NET,2025-06-10,179.28,260.9,2025-05-13,143.18,18.68,23.39,9418.53,9395.14,25.15,19,equal-weight sizing trim,2025-05-12,157.47,,5,-0.1,,42.78,,210,2025-06-09,171.97,,5,-0.2,,44.37,,238
SELL,1366,NET,2025-07-08,194.25,18423.78,2025-05-13,146.17,1346.52,1789.46,885874.21,884084.75,32.83,37,rotation (out of top-N),2025-05-12,157.47,,5,-0.1,,42.78,,210,2025-07-07,181.33,,5,0.0,,39.91,,266
SELL,1367,CVNA,2025-05-20,60.45,252.2,2025-05-13,56.28,7.1,7.62,1051.69,1044.07,7.36,5,equal-weight sizing trim,2025-05-12,59.95,4.3,5,-0.0,0.8,40.63,3.36,707,2025-05-19,60.86,3.7,5,-0.0,1.3,40.32,2.57,714
SELL,1367,CVNA,2025-06-03,67.0,1937.38,2025-05-13,56.28,54.52,64.9,20768.69,20703.79,18.99,14,equal-weight sizing trim,2025-05-12,59.95,4.3,5,-0.0,0.8,40.63,3.36,707,2025-06-02,68.35,4.3,5,-0.6,1.3,51.34,2.57,728
SELL,1367,CVNA,2025-06-10,68.44,43803.54,2025-05-13,56.28,1232.63,1498.96,532650.99,531152.03,21.55,19,rotation (out of top-N),2025-05-12,59.95,4.3,5,-0.0,0.8,40.63,3.36,707,2025-06-09,59.41,3.0,5,0.5,1.6,29.2,2.26,735
SELL,1368,RDVT,2025-05-20,49.13,416.29,2025-05-13,45.66,9.5,10.23,1446.6,1436.37,7.56,5,equal-weight sizing trim,2025-05-12,49.2,,5,-0.0,,40.46,,357,2025-05-19,49.18,,5,0.1,,38.34,,364
SELL,1368,RDVT,2025-06-03,46.48,56274.31,2025-05-13,45.66,1284.74,1307.81,46144.93,44837.12,1.74,14,rotation (out of top-N),2025-05-12,49.2,,5,-0.0,,40.46,,357,2025-06-02,45.45,,4.92,0.8,,24.6,,378
SELL,1369,MNPR,2025-06-03,30.7,74612.73,2025-05-20,37.04,1381.83,1145.49,-472671.67,-473817.16,-17.14,9,rotation (out of top-N),2025-05-19,35.19,,5,0.1,,38.76,,245,2025-06-02,37.73,,5,0.0,,39.95,,259
SELL,1370,PLMR,2025-06-03,175.72,17176.23,2025-05-20,160.9,1381.83,1509.1,254551.75,253042.65,9.16,9,rotation (out of top-N),2025-05-19,162.53,,5,0.0,,39.77,,553,2025-06-02,166.07,,5,0.1,,38.65,,567
SELL,1371,CORT,2025-06-03,71.94,36937.39,2025-05-20,74.82,1381.83,1328.64,-106379.69,-107708.33,-3.9,9,rotation (out of top-N),2025-05-19,78.69,,5,0.0,,39.43,,357,2025-06-02,69.61,,3.86,1.0,,19.28,,371
SELL,1372,LEU,2025-06-03,135.4,7257.43,2025-05-20,95.52,346.62,491.33,289426.48,288935.15,41.68,9,equal-weight sizing trim,2025-05-19,112.56,,5,-0.4,,47.74,,231,2025-06-02,143.53,,5,-1,,77.28,,245
SELL,1372,LEU,2025-06-10,144.57,454.03,2025-05-20,95.52,21.68,32.82,22270.41,22237.59,51.27,14,equal-weight sizing trim,2025-05-19,112.56,,5,-0.4,,47.74,,231,2025-06-09,162.6,,5,-1,,93.24,,252
SELL,1372,LEU,2025-06-17,172.5,2724.59,2025-05-20,95.52,130.13,235.0,209739.18,209504.18,80.5,19,equal-weight sizing trim,2025-05-19,112.56,,5,-0.4,,47.74,,231,2025-06-16,190.66,,5,-1,,116.84,,259
SELL,1372,LEU,2025-06-24,196.99,1519.83,2025-05-20,95.52,72.59,149.7,154217.3,154067.6,106.13,23,equal-weight sizing trim,2025-05-19,112.56,,5,-0.4,,47.74,,231,2025-06-23,168.83,,5,-1,,85.49,,266
SELL,1372,LEU,2025-07-08,185.51,366.16,2025-05-20,109.36,20.02,33.96,27886.38,27852.42,69.56,32,equal-weight sizing trim,2025-05-19,112.56,,5,-0.4,,47.74,,231,2025-07-07,206.61,,5,-1,,111.97,,280
SELL,1372,LEU,2025-07-15,217.3,2309.23,2025-05-20,109.36,126.26,250.9,249267.12,249016.22,98.61,37,equal-weight sizing trim,2025-05-19,112.56,,5,-0.4,,47.74,,231,2025-07-14,248.19,,5,-1,,142.86,,287
SELL,1372,LEU,2025-07-22,219.51,52.88,2025-05-20,109.36,2.89,5.8,5824.48,5818.68,100.63,42,equal-weight sizing trim,2025-05-19,112.56,,5,-0.4,,47.74,,231,2025-07-21,241.71,,5,-1,,128.5,,294
SELL,1372,LEU,2025-08-05,212.06,21387.71,2025-05-20,130.71,1397.8,2267.74,1739874.78,1737607.04,62.15,52,ratchet-ATR exit,2025-05-19,112.56,,5,-0.4,,47.74,,231,2025-08-04,222.89,,5,-1,,99.59,,308
SELL,1373,FCAP,2025-06-03,45.72,57684.32,2025-05-20,47.91,1381.83,1318.66,-126328.66,-127647.32,-4.62,9,rotation (out of top-N),2025-05-19,48.47,,5,0.1,,38.26,,385,2025-06-02,42.7,,3.85,1.0,,19.27,,399
SELL,1374,AU,2025-06-03,43.28,2261.94,2025-05-20,39.44,44.61,48.95,8685.86,8636.91,9.68,9,equal-weight sizing trim,2025-05-19,40.92,,5,-0.1,,44.16,,112,2025-06-02,42.87,,5,-0.4,,47.33,,126
SELL,1374,AU,2025-06-17,45.68,516.31,2025-05-20,39.59,10.22,11.79,3143.82,3132.03,15.32,19,equal-weight sizing trim,2025-05-19,40.92,,5,-0.1,,44.16,,112,2025-06-16,44.74,,5,-0.4,,48.62,,140
SELL,1374,AU,2025-06-24,42.97,69848.46,2025-05-20,39.59,1382.69,1500.69,236017.11,234516.42,8.48,23,rotation (out of top-N),2025-05-19,40.92,,5,-0.1,,44.16,,112,2025-06-23,40.87,,5,0.3,,34.05,,147
SELL,1375,URBN,2025-06-03,72.65,44614.67,2025-05-20,61.95,1381.83,1620.63,477600.03,475979.4,17.22,9,rotation (out of top-N),2025-05-19,72.29,,5,-0.5,,50.18,,168,2025-06-02,70.01,,5,-0.0,,40.69,,182
SELL,1376,LASR,2025-06-03,15.41,28428.38,2025-05-20,12.63,179.53,219.11,79173.04,78953.93,21.99,9,equal-weight sizing trim,2025-05-19,14.51,,5,3.0,,39.47,,0,2025-06-02,17.59,,5,1.8,,65.48,,14
SELL,1376,LASR,2025-06-10,17.57,15725.15,2025-05-20,12.63,99.3,138.11,77603.62,77465.51,39.0,14,equal-weight sizing trim,2025-05-19,14.51,,5,3.0,,39.47,,0,2025-06-09,18.04,,5,1.7,,66.76,,21
SELL,1376,LASR,2025-06-17,18.79,4856.02,2025-05-20,12.63,30.67,45.62,29913.07,29867.45,48.7,19,equal-weight sizing trim,2025-05-19,14.51,,5,3.0,,39.47,,0,2025-06-16,17.37,,5,1.6,,58.21,,28
SELL,1376,LASR,2025-07-01,19.5,2781.06,2025-05-20,13.11,18.23,27.11,17752.28,17725.17,48.61,28,equal-weight sizing trim,2025-05-19,14.51,,5,3.0,,39.47,,0,2025-06-30,19.75,,5,1.3,,72.85,,42
SELL,1376,LASR,2025-07-22,19.37,3985.59,2025-05-20,13.75,27.39,38.6,22416.57,22377.97,40.85,42,equal-weight sizing trim,2025-05-19,14.51,,5,3.0,,39.47,,0,2025-07-21,19.4,,5,-0.0,,61.27,,63
SELL,1376,LASR,2025-08-05,20.93,8112.01,2025-05-20,15.06,61.06,84.91,47696.1,47611.19,38.98,52,equal-weight sizing trim,2025-05-19,14.51,,5,3.0,,39.47,,0,2025-08-04,26.14,,5,-0.3,,107.13,,77
SELL,1376,LASR,2025-08-12,26.6,34690.28,2025-05-20,15.06,261.14,461.38,400488.46,400027.08,76.59,57,equal-weight sizing trim,2025-05-19,14.51,,5,3.0,,39.47,,0,2025-08-11,26.18,,5,-0.4,,101.51,,84
SELL,1376,LASR,2025-08-26,28.45,4661.53,2025-05-20,15.18,35.39,66.3,61824.97,61758.67,87.26,67,equal-weight sizing trim,2025-05-19,14.51,,5,3.0,,39.47,,0,2025-08-25,28.82,,5,-0.6,,107.73,,98
SELL,1376,LASR,2025-09-30,29.09,254782.08,2025-05-20,17.13,2181.58,3706.44,3049726.01,3046019.57,69.81,91,ratchet-ATR exit,2025-05-19,14.51,,5,3.0,,39.47,,0,2025-09-29,30.87,,5,-1,,89.9,,133
SELL,1377,ZS,2025-07-01,315.5,10713.55,2025-06-03,293.56,1572.53,1690.09,235121.15,233431.06,7.42,19,rotation (out of top-N),2025-06-02,303.05,,5,-0.5,,49.15,,203,2025-06-30,314.77,,5,-0.2,,44.87,,231
SELL,1378,APP,2025-06-10,389.24,7259.38,2025-06-03,404.08,1466.68,1412.82,-107729.17,-109141.99,-3.72,5,rotation (out of top-N),2025-06-02,417.73,4.8,5,-0.2,0.5,44.92,3.76,756,2025-06-09,364.19,3.6,4.67,0.8,1.3,23.35,3.57,763
SELL,1379,RKLB,2025-06-10,29.55,107096.37,2025-06-03,27.39,1466.68,1582.35,231328.15,229745.8,7.83,5,rotation (out of top-N),2025-06-02,28.92,,5,-0.1,,42.87,,343,2025-06-09,25.41,,4.51,0.9,,22.56,,350
SELL,1380,NBIS,2025-06-10,50.64,19388.18,2025-06-03,36.68,355.58,490.91,270659.04,270168.13,37.99,5,equal-weight sizing trim,2025-06-02,48.23,,5,2.4,,51.02,,0,2025-06-09,47.12,,5,2.5,,48.14,,7
SELL,1380,NBIS,2025-07-01,54.6,1898.54,2025-06-03,38.04,36.11,51.83,31443.68,31391.85,43.47,19,equal-weight sizing trim,2025-06-02,48.23,,5,2.4,,51.02,,0,2025-06-30,50.22,,5,1.7,,56.05,,28
SELL,1380,NBIS,2025-07-08,48.2,65749.39,2025-06-03,38.04,1250.49,1584.4,667817.93,666233.54,26.64,23,rotation (out of top-N),2025-06-02,48.23,,5,2.4,,51.02,,0,2025-07-07,44.29,,5,2.5,,37.64,,35
SELL,1381,CTRN,2025-06-10,33.7,93777.8,2025-06-03,31.28,1466.68,1580.16,226942.27,225362.11,7.68,5,rotation (out of top-N),2025-06-02,33.95,,5,-0.5,,50.53,,175,2025-06-09,30.35,,5,0.4,,32.2,,182
SELL,1382,GEV,2025-06-10,481.32,5960.19,2025-06-03,492.16,1466.68,1434.38,-64608.51,-66042.89,-2.25,5,rotation (out of top-N),2025-06-02,483.93,3.4,5,-0.2,1.8,43.52,1.79,999,2025-06-09,477.22,3.0,5,0.1,1.9,38.66,1.66,999
SELL,1383,TMDX,2025-06-10,140.43,1745.74,2025-06-03,124.33,108.52,122.57,28097.72,27975.15,12.89,5,equal-weight sizing trim,2025-06-02,138.98,,5,2.3,,48.59,,14,2025-06-09,142.85,,5,2.0,,52.61,,21
SELL,1383,TMDX,2025-06-17,139.4,21847.67,2025-06-03,124.33,1358.16,1522.78,329244.45,327721.66,12.06,10,rotation (out of top-N),2025-06-02,138.98,,5,2.3,,48.59,,14,2025-06-16,123.48,,5,2.9,,32.91,,28
SELL,1384,TTMI,2025-06-10,35.73,11979.12,2025-06-03,29.98,179.57,214.01,68879.95,68665.95,19.12,5,equal-weight sizing trim,2025-06-02,33.23,,5,2.4,,42.48,,28,2025-06-09,35.38,,5,2.0,,48.81,,35
SELL,1384,TTMI,2025-07-01,40.4,1160.8,2025-06-03,30.31,17.59,23.45,11707.77,11684.33,33.21,19,equal-weight sizing trim,2025-06-02,33.23,,5,2.4,,42.48,,28,2025-06-30,44.03,,5,1.1,,73.2,,56
SELL,1384,TTMI,2025-07-08,43.55,2706.84,2025-06-03,30.31,41.02,58.94,35841.15,35782.21,43.61,23,equal-weight sizing trim,2025-06-02,33.23,,5,2.4,,42.48,,28,2025-07-07,44.1,,5,-0.0,,69.18,,63
SELL,1384,TTMI,2025-07-15,45.24,108.89,2025-06-03,30.31,1.65,2.46,1626.32,1623.86,49.2,28,equal-weight sizing trim,2025-06-02,33.23,,5,2.4,,42.48,,28,2025-07-14,45.03,,5,-0.2,,68.54,,70
SELL,1384,TTMI,2025-07-22,47.05,2697.56,2025-06-03,30.31,40.88,63.45,45146.29,45082.83,55.14,33,equal-weight sizing trim,2025-06-02,33.23,,5,2.4,,42.48,,28,2025-07-21,45.27,,5,-0.3,,65.59,,77
SELL,1384,TTMI,2025-08-12,45.06,119329.99,2025-06-03,35.15,2097.42,2688.8,1182756.75,1180067.95,28.13,48,rotation (out of top-N),2025-06-02,33.23,,5,2.4,,42.48,,28,2025-08-11,41.76,,5,0.1,,44.38,,98
SELL,1385,PARR,2025-06-17,26.48,20741.21,2025-06-10,21.71,225.2,274.67,98935.57,98660.9,21.91,5,equal-weight sizing trim,2025-06-09,24.54,,5,2.4,,44.96,,21,2025-06-16,27.86,,5,1.5,,62.35,,28
SELL,1385,PARR,2025-07-08,31.55,14391.82,2025-06-10,22.18,159.58,227.03,134909.48,134682.45,42.2,18,equal-weight sizing trim,2025-06-09,24.54,,5,2.4,,44.96,,21,2025-07-07,35.07,,5,1.2,,93.94,,49
SELL,1385,PARR,2025-07-15,34.36,5619.58,2025-06-10,22.18,62.31,96.54,68469.14,68372.6,54.87,23,equal-weight sizing trim,2025-06-09,24.54,,5,2.4,,44.96,,21,2025-07-14,31.93,,5,1.1,,73.3,,56
SELL,1385,PARR,2025-08-05,30.86,158326.18,2025-06-10,25.07,1984.79,2442.97,916362.48,913919.51,23.02,38,rotation (out of top-N),2025-06-09,24.54,,5,2.4,,44.96,,21,2025-08-04,27.31,,5,0.7,,40.88,,77
SELL,1386,ROOT,2025-06-17,137.48,20326.3,2025-06-10,150.86,1533.21,1397.23,-271965.9,-273363.13,-8.91,5,rotation (out of top-N),2025-06-09,146.56,,5,-0.3,,45.69,,217,2025-06-16,137.09,,5,0.3,,33.08,,224
SELL,1387,ESLT,2025-06-17,449.7,7299.1,2025-06-10,420.11,1533.21,1641.2,215980.42,214339.22,6.99,5,rotation (out of top-N),2025-06-09,452.17,,5,-0.4,,48.71,,238,2025-06-16,432.96,,5,0.0,,39.65,,245
SELL,1388,ASTS,2025-06-17,40.75,8852.67,2025-06-10,35.19,155.74,180.37,49265.1,49084.73,15.76,5,equal-weight sizing trim,2025-06-09,38.46,,5,2.3,,51.17,,7,2025-06-16,45.95,,5,1.8,,77.82,,14
SELL,1388,ASTS,2025-06-24,50.58,12180.42,2025-06-10,35.19,214.28,308.04,187517.5,187209.45,43.68,9,equal-weight sizing trim,2025-06-09,38.46,,5,2.3,,51.17,,7,2025-06-23,49.37,,5,1.7,,86.87,,21
SELL,1388,ASTS,2025-07-15,48.23,666.93,2025-06-10,37.25,12.42,16.08,7322.93,7306.84,29.41,23,equal-weight sizing trim,2025-06-09,38.46,,5,2.3,,51.17,,7,2025-07-14,57.98,,5,1.3,,105.19,,42
SELL,1388,ASTS,2025-07-22,55.62,10222.81,2025-06-10,37.25,190.4,284.3,187793.47,187509.17,49.24,28,equal-weight sizing trim,2025-06-09,38.46,,5,2.3,,51.17,,7,2025-07-21,54.34,,5,1.2,,87.94,,49
SELL,1388,ASTS,2025-08-05,51.7,95186.75,2025-06-10,41.52,1975.85,2460.82,969925.55,967464.73,24.48,38,rotation (out of top-N),2025-06-09,38.46,,5,2.3,,51.17,,7,2025-08-04,46.59,,5,0.2,,54.53,,63
SELL,1389,ATI,2025-06-17,85.17,36250.45,2025-06-10,84.59,1533.21,1543.73,21025.26,19481.54,0.64,5,rotation (out of top-N),2025-06-09,85.0,,5,2.5,,40.68,,28,2025-06-16,82.51,,5,2.6,,35.4,,35
SELL,1390,NXT,2025-06-17,55.88,51519.25,2025-06-10,59.52,1533.21,1439.32,-187787.66,-189226.98,-6.17,5,rotation (out of top-N),2025-06-09,60.65,,5,-0.1,,42.4,,119,2025-06-16,57.62,,5,0.3,,33.71,,126
SELL,1391,ALNT,2025-06-17,34.38,92140.19,2025-06-10,33.28,1533.21,1583.89,101354.21,99770.32,3.25,5,rotation (out of top-N),2025-06-09,33.76,,5,2.4,,40.58,,35,2025-06-16,33.63,,5,2.4,,38.12,,42
SELL,1392,JBL,2025-06-24,209.44,1023.55,2025-06-17,187.69,96.05,107.19,22262.14,22154.95,11.53,4,equal-weight sizing trim,2025-06-16,205.88,3.1,5,-0.0,2.0,40.82,1.56,224,2025-06-23,216.95,3.6,5,-0.3,1.7,45.81,2.0,231
SELL,1392,JBL,2025-07-01,216.72,15967.67,2025-06-17,187.69,1498.49,1730.26,463541.57,461811.32,15.41,9,rotation (out of top-N),2025-06-16,205.88,3.1,5,-0.0,2.0,40.82,1.56,224,2025-06-30,225.89,3.3,5,-0.5,2.1,49.22,1.29,238
SELL,1393,NUTX,2025-07-15,114.3,30105.54,2025-06-17,123.79,1863.46,1720.46,-286001.46,-287721.91,-7.72,18,rotation (out of top-N),2025-06-16,114.27,,5,-1,,73.86,,280,2025-07-14,113.18,,5,-0.5,,50.31,,308
SELL,1394,CRDO,2025-06-24,87.07,2015.44,2025-06-17,78.89,79.5,87.74,16486.29,16398.55,10.31,4,equal-weight sizing trim,2025-06-16,85.55,,5,1.8,,54.75,,28,2025-06-23,93.44,,5,1.4,,64.25,,35
SELL,1394,CRDO,2025-07-15,101.75,1915.96,2025-06-17,79.44,76.1,97.48,42750.24,42652.76,28.02,18,equal-weight sizing trim,2025-06-16,85.55,,5,1.8,,54.75,,28,2025-07-14,93.47,,5,1.5,,52.06,,56
SELL,1394,CRDO,2025-09-09,149.45,6427.4,2025-06-17,88.12,283.19,480.29,394186.12,393705.83,69.51,57,equal-weight sizing trim,2025-06-16,85.55,,5,1.8,,54.75,,28,2025-09-08,161.98,,5,-0.9,,110.98,,112
SELL,1394,CRDO,2025-09-16,163.51,1022.06,2025-06-17,88.12,45.03,83.56,77052.11,76968.55,85.46,62,equal-weight sizing trim,2025-06-16,85.55,,5,1.8,,54.75,,28,2025-09-15,169.52,,5,-1.0,,114.28,,119
SELL,1394,CRDO,2025-09-30,146.47,49502.46,2025-06-17,93.34,2310.17,3625.31,2630285.79,2626660.47,56.85,72,rotation (out of top-N),2025-06-16,85.55,,5,1.8,,54.75,,28,2025-09-29,143.96,,5,-1,,73.78,,133
SELL,1395,SII,2025-06-24,63.46,49985.61,2025-06-17,63.8,1594.54,1586.04,-16995.11,-18581.15,-0.58,4,rotation (out of top-N),2025-06-16,64.57,,5,0.0,,40.21,,119,2025-06-23,66.15,,5,-0.1,,41.76,,126
SELL,1396,RKLB,2025-06-24,33.11,21135.44,2025-06-17,26.11,275.92,349.9,147948.07,147598.17,26.75,4,equal-weight sizing trim,2025-06-16,30.05,,5,-0.1,,41.12,,357,2025-06-23,35.39,,5,-1,,60.9,,364
SELL,1396,RKLB,2025-07-01,36.97,3888.18,2025-06-17,26.11,50.76,71.86,42206.16,42134.3,41.5,9,equal-weight sizing trim,2025-06-16,30.05,,5,-0.1,,41.12,,357,2025-06-30,35.66,,5,-0.9,,57.49,,371
SELL,1396,RKLB,2025-07-15,43.29,7651.08,2025-06-17,26.17,100.11,165.61,130985.76,130820.16,65.34,18,equal-weight sizing trim,2025-06-16,30.05,,5,-0.1,,41.12,,357,2025-07-14,51.41,,5,-1,,110.56,,385
SELL,1396,RKLB,2025-07-22,45.77,4261.78,2025-06-17,26.17,55.77,97.53,83530.51,83432.98,74.81,23,equal-weight sizing trim,2025-06-16,30.05,,5,-0.1,,41.12,,357,2025-07-21,47.42,,5,-1,,87.22,,392
SELL,1396,RKLB,2025-08-19,44.95,129321.47,2025-06-17,32.59,2107.23,2906.5,1598543.86,1595637.36,37.86,43,rotation (out of top-N),2025-06-16,30.05,,5,-0.1,,41.12,,357,2025-08-18,44.36,,5,-0.8,,56.16,,420
SELL,1397,CLS,2025-06-24,137.93,561.09,2025-06-17,128.55,36.06,38.69,5260.23,5221.54,7.24,4,equal-weight sizing trim,2025-06-16,135.2,,5,-0.2,,43.03,,931,2025-06-23,152.65,,5,-0.9,,57.17,,938
SELL,1397,CLS,2025-07-01,155.4,1145.88,2025-06-17,128.55,73.65,89.03,30766.83,30677.79,20.83,9,equal-weight sizing trim,2025-06-16,135.2,,5,-0.2,,43.03,,931,2025-06-30,159.22,,5,-1.0,,59.5,,945
SELL,1397,CLS,2025-07-15,165.66,559.55,2025-06-17,129.64,36.27,46.35,20152.27,20105.93,27.72,18,equal-weight sizing trim,2025-06-16,135.2,,5,-0.2,,43.03,,931,2025-07-14,160.12,,5,-0.6,,52.59,,959
SELL,1397,CLS,2025-08-05,202.5,1362.86,2025-06-17,137.26,93.53,137.99,88907.8,88769.82,47.45,33,equal-weight sizing trim,2025-06-16,135.2,,5,-0.2,,43.03,,931,2025-08-04,207.82,,5,-1,,81.8,,980
SELL,1397,CLS,2025-08-19,192.03,28443.74,2025-06-17,142.22,2022.64,2731.03,1416779.41,1414048.38,34.96,43,rotation (out of top-N),2025-06-16,135.2,,5,-0.2,,43.03,,931,2025-08-18,188.97,,5,-0.9,,57.84,,994
SELL,1398,CAR,2025-06-24,152.31,3039.73,2025-06-17,127.58,193.9,231.49,75172.57,74941.08,19.32,4,equal-weight sizing trim,2025-06-16,134.32,,5,2.0,,46.78,,42,2025-06-23,174.12,,5,1.2,,85.79,,49
SELL,1398,CAR,2025-07-01,167.1,473.35,2025-06-17,127.58,30.2,39.55,18706.8,18667.25,30.91,9,equal-weight sizing trim,2025-06-16,134.32,,5,2.0,,46.78,,42,2025-06-30,181.24,,5,1.1,,88.67,,56
SELL,1398,CAR,2025-07-08,183.65,1051.19,2025-06-17,127.58,67.06,96.53,58940.26,58843.74,43.88,13,equal-weight sizing trim,2025-06-16,134.32,,5,2.0,,46.78,,42,2025-07-07,191.35,,5,-0.0,,94.0,,63
SELL,1398,CAR,2025-07-15,195.04,469.67,2025-06-17,127.58,29.96,45.8,31684.16,31638.36,52.8,18,equal-weight sizing trim,2025-06-16,134.32,,5,2.0,,46.78,,42,2025-07-14,192.44,,5,-0.2,,89.84,,70
SELL,1398,CAR,2025-08-05,160.98,24565.08,2025-06-17,142.46,1749.76,1977.24,454975.69,452998.44,12.94,33,rotation (out of top-N),2025-06-16,134.32,,5,2.0,,46.78,,42,2025-08-04,153.65,,5,0.4,,42.13,,91
SELL,1399,STRT,2025-06-24,58.2,53742.54,2025-06-17,59.34,1594.54,1563.91,-61266.49,-62830.4,-1.97,4,rotation (out of top-N),2025-06-16,59.26,,5,2.4,,39.88,,35,2025-06-23,60.86,,5,2.2,,41.78,,42
SELL,1400,AVAV,2025-07-01,259.55,17412.08,2025-06-24,191.97,1671.3,2259.65,1176708.54,1174448.88,35.14,5,rotation (out of top-N),2025-06-23,278.15,,5,1.9,,59.36,,7,2025-06-30,246.21,,5,2.8,,40.12,,14
SELL,1401,NRG,2025-07-01,158.44,21934.49,2025-06-24,152.39,1671.3,1737.65,132703.69,130966.04,3.92,5,rotation (out of top-N),2025-06-23,160.8,3.6,5,-0.5,1.9,50.88,1.63,721,2025-06-30,156.65,3.8,5,-0.2,1.4,44.69,2.39,728
SELL,1402,WLDN,2025-07-01,63.23,201.82,2025-06-24,58.67,5.92,6.38,921.29,914.91,7.73,5,equal-weight sizing trim,2025-06-23,62.23,,5,2.0,,46.37,,42,2025-06-30,72.22,,5,1.2,,66.8,,49
SELL,1402,WLDN,2025-07-08,73.65,5821.69,2025-06-24,58.67,170.78,214.38,87208.88,86994.49,25.47,9,equal-weight sizing trim,2025-06-23,62.23,,5,2.0,,46.37,,42,2025-07-07,73.94,,5,1.1,,67.66,,56
SELL,1402,WLDN,2025-07-15,76.82,265.41,2025-06-24,58.67,7.79,10.19,4817.21,4807.02,30.87,14,equal-weight sizing trim,2025-06-23,62.23,,5,2.0,,46.37,,42,2025-07-14,79.43,,5,-0.0,,76.48,,63
SELL,1402,WLDN,2025-07-22,78.82,930.94,2025-06-24,58.67,27.31,36.69,18758.34,18721.66,34.28,19,equal-weight sizing trim,2025-06-23,62.23,,5,2.0,,46.37,,42,2025-07-21,82.31,,5,-0.2,,79.27,,70
SELL,1402,WLDN,2025-08-05,90.67,2301.84,2025-06-24,63.32,72.88,104.36,62958.96,62854.6,43.12,29,equal-weight sizing trim,2025-06-23,62.23,,5,2.0,,46.37,,42,2025-08-04,113.75,,5,-0.4,,133.89,,84
SELL,1402,WLDN,2025-08-12,113.42,7206.72,2025-06-24,63.32,228.18,408.71,361068.0,360659.29,79.03,34,equal-weight sizing trim,2025-06-23,62.23,,5,2.0,,46.37,,42,2025-08-11,112.76,,5,-0.5,,123.91,,91
SELL,1402,WLDN,2025-08-26,114.75,957.74,2025-06-24,66.12,31.66,54.95,46579.19,46524.24,73.47,44,equal-weight sizing trim,2025-06-23,62.23,,5,2.0,,46.37,,42,2025-08-25,109.91,,5,-0.8,,104.39,,105
SELL,1402,WLDN,2025-09-09,95.74,54135.02,2025-06-24,66.12,1789.58,2591.44,1603718.44,1601126.99,44.73,53,ratchet-ATR exit,2025-06-23,62.23,,5,2.0,,46.37,,42,2025-09-08,100.86,,5,-1.0,,78.23,,119
SELL,1403,VSAT,2025-07-01,14.53,9658.63,2025-06-24,13.02,62.88,70.17,14584.53,14514.36,11.54,5,equal-weight sizing trim,2025-06-23,14.61,,5,2.4,,48.02,,14,2025-06-30,16.27,,5,1.7,,63.1,,21
SELL,1403,VSAT,2025-07-08,15.96,11881.58,2025-06-24,13.02,77.35,94.79,34872.44,34777.65,22.48,9,equal-weight sizing trim,2025-06-23,14.61,,5,2.4,,48.02,,14,2025-07-07,15.01,,5,2.1,,49.16,,28
SELL,1403,VSAT,2025-07-22,14.7,257668.46,2025-06-24,13.2,1700.91,1893.22,384609.89,382716.68,11.25,19,rotation (out of top-N),2025-06-23,14.61,,5,2.4,,48.02,,14,2025-07-21,14.71,,5,2.1,,43.19,,42
SELL,1404,ALNT,2025-07-08,38.18,99092.01,2025-07-01,36.21,1794.06,1891.67,195211.27,193319.6,5.39,4,rotation (out of top-N),2025-06-30,38.61,,5,1.4,,53.05,,56,2025-07-07,38.38,,5,0.5,,49.09,,63
SELL,1405,STX,2025-07-08,148.0,25146.27,2025-07-01,142.69,1794.06,1860.82,133526.71,131665.89,3.67,4,rotation (out of top-N),2025-06-30,148.28,4.8,5,1.9,3.5,49.97,1.36,35,2025-07-07,146.05,4.8,5,2.0,3.1,46.17,1.74,42
SELL,1406,STRT,2025-07-08,66.72,58210.93,2025-07-01,61.64,1794.06,1941.92,295711.53,293769.61,8.19,4,rotation (out of top-N),2025-06-30,69.19,,5,1.3,,58.39,,49,2025-07-07,63.66,,5,1.9,,43.61,,56
SELL,1407,NXT,2025-07-08,65.42,66360.68,2025-07-01,54.07,1794.06,2170.82,753525.48,751354.66,20.94,4,rotation (out of top-N),2025-06-30,66.32,,5,-0.5,,49.65,,140,2025-07-07,61.69,,5,0.1,,37.26,,147
SELL,1408,LMB,2025-07-08,147.6,787.76,2025-07-01,136.9,53.92,58.14,8433.01,8374.87,7.77,4,equal-weight sizing trim,2025-06-30,149.04,,5,-0.6,,51.86,,1001,2025-07-07,149.56,,5,-0.5,,49.63,,1008
SELL,1408,LMB,2025-07-15,146.18,25422.04,2025-07-01,136.9,1740.14,1858.1,235916.51,234058.41,6.73,9,rotation (out of top-N),2025-06-30,149.04,,5,-0.6,,51.86,,1001,2025-07-14,138.36,,5,0.2,,36.51,,1015
SELL,1409,NKTR,2025-07-15,24.61,412.47,2025-07-01,24.89,5.13,5.08,-115.12,-120.2,-1.17,9,equal-weight sizing trim,2025-06-30,24.77,,5,2.0,,74.3,,0,2025-07-14,24.97,,5,1.8,,72.67,,14
SELL,1409,NKTR,2025-08-05,22.67,213516.91,2025-07-01,24.65,2631.3,2420.21,-422166.33,-424586.54,-8.07,24,rotation (out of top-N),2025-06-30,24.77,,5,2.0,,74.3,,0,2025-08-04,22.98,,5,1.6,,55.81,,35
SELL,1410,WF,2025-07-15,55.33,71289.56,2025-07-08,52.61,1875.27,1972.23,193907.6,191935.37,5.12,5,rotation (out of top-N),2025-07-07,53.7,,5,-0.2,,55.08,,84,2025-07-14,52.11,,5,0.1,,48.45,,91
SELL,1411,AAP,2025-07-15,61.08,70738.28,2025-07-08,53.02,1875.27,2160.35,570150.54,567990.2,15.14,5,rotation (out of top-N),2025-07-07,61.27,,5,1.9,,50.22,,35,2025-07-14,59.92,,5,2.1,,44.8,,42
SELL,1412,FUTU,2025-07-15,146.7,3107.73,2025-07-08,126.5,196.56,227.95,62776.18,62548.23,15.91,5,equal-weight sizing trim,2025-07-07,147.57,,5,-0.5,,50.58,,455,2025-07-14,158.01,,5,-1.0,,59.16,,462
SELL,1412,FUTU,2025-07-22,156.3,1451.06,2025-07-08,126.5,91.78,113.4,43241.54,43128.14,23.5,10,equal-weight sizing trim,2025-07-07,147.57,,5,-0.5,,50.58,,455,2025-07-21,161.17,,5,-1.0,,59.48,,469
SELL,1412,FUTU,2025-07-29,161.38,25089.78,2025-07-08,126.5,1586.93,2024.49,875131.39,873106.89,27.51,15,rotation (out of top-N),2025-07-07,147.57,,5,-0.5,,50.58,,455,2025-07-28,139.47,,5,0.2,,36.31,,476
SELL,1413,DK,2025-07-15,25.44,160348.17,2025-07-08,23.39,1875.27,2039.63,328713.74,326674.12,8.71,5,rotation (out of top-N),2025-07-07,25.74,,5,1.7,,53.43,,35,2025-07-14,23.89,,5,2.2,,41.18,,42
SELL,1414,COIN,2025-07-15,391.52,405.63,2025-07-08,362.37,73.49,79.41,11828.19,11748.78,7.99,5,equal-weight sizing trim,2025-07-07,387.05,5.9,5,2.0,3.0,52.71,2.48,21,2025-07-14,419.98,6.7,5,1.5,2.4,61.82,3.25,28
SELL,1414,COIN,2025-07-22,417.84,9944.55,2025-07-08,362.37,1801.78,2077.62,551673.98,549596.36,15.25,10,rotation (out of top-N),2025-07-07,387.05,5.9,5,2.0,3.0,52.71,2.48,21,2025-07-21,391.68,6.8,5,2.0,1.4,48.46,5.22,35
SELL,1415,ATRO,2025-07-15,29.93,10856.67,2025-07-08,26.61,144.45,162.47,36044.16,35881.69,12.42,5,equal-weight sizing trim,2025-07-07,29.95,,5,-1.0,,59.91,,126,2025-07-14,28.67,,5,-0.5,,50.71,,133
SELL,1415,ATRO,2025-07-22,28.06,130088.22,2025-07-08,26.61,1730.82,1825.14,188627.92,186802.78,5.4,10,rotation (out of top-N),2025-07-07,29.95,,5,-1.0,,59.91,,126,2025-07-21,28.61,,5,-0.4,,47.9,,140
SELL,1416,AVAV,2025-07-22,263.2,14730.84,2025-07-15,264.18,1945.8,1938.58,-14436.22,-16374.8,-0.42,5,rotation (out of top-N),2025-07-14,273.9,,5,1.9,,53.39,,28,2025-07-21,272.8,,5,1.8,,51.59,,35
SELL,1417,ALNT,2025-07-22,38.69,99402.14,2025-07-15,39.15,1945.8,1922.93,-45724.98,-47647.92,-1.22,5,rotation (out of top-N),2025-07-14,39.76,,5,0.3,,51.37,,70,2025-07-21,39.67,,5,0.3,,48.09,,77
SELL,1418,SII,2025-07-22,72.5,54649.54,2025-07-15,71.21,1945.8,1981.05,70497.9,68516.86,1.76,5,rotation (out of top-N),2025-07-14,74.47,,5,-0.6,,52.77,,147,2025-07-21,70.01,,5,-0.1,,41.89,,154
SELL,1419,NBIS,2025-07-22,52.16,74537.32,2025-07-15,52.21,1945.8,1943.93,-3726.87,-5670.8,-0.15,5,rotation (out of top-N),2025-07-14,52.77,,5,1.3,,62.98,,42,2025-07-21,51.36,,5,1.4,,54.75,,49
SELL,1420,GEV,2025-08-12,652.45,8098.26,2025-07-15,567.15,2296.48,2641.86,690747.15,688105.29,14.98,20,rotation (out of top-N),2025-07-14,573.7,3.7,5,-0.6,1.9,51.46,1.62,999,2025-08-11,620.81,3.5,5,-0.5,2.0,50.36,1.54,999
SELL,1421,NUTX,2025-07-22,109.87,34048.68,2025-07-15,114.3,1945.8,1870.46,-150665.4,-152535.86,-3.92,5,rotation (out of top-N),2025-07-14,113.18,,5,-0.5,,50.31,,308,2025-07-21,95.19,,4.69,0.8,,23.43,,315
SELL,1422,RYTM,2025-07-22,88.6,43836.59,2025-07-15,88.78,1945.8,1941.96,-7671.4,-9613.37,-0.25,5,rotation (out of top-N),2025-07-14,89.17,,5,-0.5,,50.09,,686,2025-07-21,86.27,,5,-0.2,,43.08,,693
SELL,1423,AEHR,2025-07-29,21.3,201831.68,2025-07-22,19.42,1959.79,2149.0,378434.4,376285.4,9.6,5,rotation (out of top-N),2025-07-21,21.74,,5,1.8,,86.0,,14,2025-07-28,16.85,,5,2.4,,44.2,,21
SELL,1424,PVLA,2025-08-12,41.95,4008.13,2025-07-22,32.49,65.11,84.07,37912.42,37828.35,29.05,15,equal-weight sizing trim,2025-07-21,38.69,,5,-1,,87.16,,161,2025-08-11,47.12,,5,-1,,109.31,,182
SELL,1424,PVLA,2025-08-19,49.5,18178.86,2025-07-22,32.49,295.33,449.93,309201.95,308752.03,52.27,20,equal-weight sizing trim,2025-07-21,38.69,,5,-1,,87.16,,161,2025-08-18,53.36,,5,-1,,127.52,,189
SELL,1424,PVLA,2025-09-30,62.26,8361.22,2025-07-22,35.3,147.58,260.28,225417.68,225157.39,76.29,49,equal-weight sizing trim,2025-07-21,38.69,,5,-1,,87.16,,161,2025-09-29,65.79,,5,-1,,119.04,,231
SELL,1424,PVLA,2025-10-14,73.13,5706.29,2025-07-22,35.7,101.85,208.65,213595.81,213387.16,104.75,59,equal-weight sizing trim,2025-07-21,38.69,,5,-1,,87.16,,161,2025-10-13,73.48,,5,-1,,122.87,,245
SELL,1424,PVLA,2025-11-04,75.73,6210.32,2025-07-22,43.26,134.34,235.15,201625.12,201389.96,74.95,74,equal-weight sizing trim,2025-07-21,38.69,,5,-1,,87.16,,161,2025-11-03,77.62,,5,-1,,105.55,,266
SELL,1424,PVLA,2025-11-18,82.3,11855.16,2025-07-22,44.57,264.18,487.81,447250.28,446762.47,84.55,84,equal-weight sizing trim,2025-07-21,38.69,,5,-1,,87.16,,161,2025-11-17,94.04,,5,-1,,127.49,,280
SELL,1424,PVLA,2025-11-25,96.3,8325.53,2025-07-22,44.57,185.53,400.85,430648.07,430247.21,115.95,89,equal-weight sizing trim,2025-07-21,38.69,,5,-1,,87.16,,161,2025-11-24,103.29,,5,-1,,137.8,,287
SELL,1424,PVLA,2025-12-23,110.38,20478.8,2025-07-22,53.91,552.0,1130.23,1156447.35,1155317.13,104.65,108,equal-weight sizing trim,2025-07-21,38.69,,5,-1,,87.16,,161,2025-12-22,103.65,,5,-1,,103.09,,315
SELL,1424,PVLA,2026-01-06,86.72,162410.76,2025-07-22,57.63,4679.49,7042.13,4725281.82,4718239.69,50.41,116,rotation (out of top-N),2025-07-21,38.69,,5,-1,,87.16,,161,2026-01-05,93.7,,5,-1,,71.68,,329
SELL,1425,DAVE,2025-08-05,246.0,23336.07,2025-07-22,194.38,2268.08,2870.34,1204515.93,1201645.6,26.49,10,rotation (out of top-N),2025-07-21,210.61,,5,-1,,69.59,,595,2025-08-04,182.91,,5,0.1,,37.9,,609
SELL,1426,BE,2025-07-29,34.74,7737.38,2025-07-22,25.3,97.9,134.4,73002.2,72867.8,37.22,5,equal-weight sizing trim,2025-07-21,34.31,,5,1.4,,55.77,,49,2025-07-28,36.7,,5,1.1,,61.61,,56
SELL,1426,BE,2025-08-05,36.51,724.03,2025-07-22,25.31,9.16,13.22,8112.75,8099.53,44.21,10,equal-weight sizing trim,2025-07-21,34.31,,5,1.4,,55.77,,49,2025-08-04,36.8,,5,0.1,,57.44,,63
SELL,1426,BE,2025-08-19,45.98,21394.38,2025-07-22,25.83,276.28,491.86,431151.99,430660.14,77.94,20,equal-weight sizing trim,2025-07-21,34.31,,5,1.4,,55.77,,49,2025-08-18,48.53,,5,-0.3,,95.18,,77
SELL,1426,BE,2025-08-26,49.1,4556.76,2025-07-22,25.83,58.84,111.87,106047.62,105935.75,90.01,25,equal-weight sizing trim,2025-07-21,34.31,,5,1.4,,55.77,,49,2025-08-25,52.93,,5,-0.4,,107.22,,84
SELL,1426,BE,2025-09-16,71.72,24641.52,2025-07-22,26.52,326.8,883.64,1113698.33,1112814.68,170.26,39,equal-weight sizing trim,2025-07-21,34.31,,5,1.4,,55.77,,49,2025-09-15,84.96,,5,-0.8,,195.31,,105
SELL,1426,BE,2025-09-23,81.28,5470.49,2025-07-22,26.52,72.55,222.33,299569.46,299347.13,206.31,44,equal-weight sizing trim,2025-07-21,34.31,,5,1.4,,55.77,,49,2025-09-22,70.36,,5,-0.9,,135.13,,112
SELL,1426,BE,2025-09-30,72.57,99580.83,2025-07-22,26.52,1320.64,3613.29,4585299.96,4581686.67,173.46,49,ratchet-ATR exit,2025-07-21,34.31,,5,1.4,,55.77,,49,2025-09-29,90.31,,5,-1.0,,185.67,,119
SELL,1427,ABVX,2025-07-29,66.79,293229.6,2025-07-22,10.6,1554.12,9792.4,16476571.23,16466778.83,529.78,5,equal-weight sizing trim,2025-07-21,66.43,,5,1.9,,649.2,,7,2025-07-28,72.03,,5,1.8,,591.89,,14
SELL,1427,ABVX,2025-08-05,71.68,1956.69,2025-07-22,10.6,10.37,70.13,119514.52,119444.39,575.89,10,equal-weight sizing trim,2025-07-21,66.43,,5,1.9,,649.2,,7,2025-08-04,70.06,,5,1.7,,488.6,,21
SELL,1427,ABVX,2025-08-26,75.88,5439.28,2025-07-22,19.16,52.1,206.37,308526.85,308320.48,295.88,25,equal-weight sizing trim,2025-07-21,66.43,,5,1.9,,649.2,,7,2025-08-25,80.94,,5,1.3,,378.89,,42
SELL,1427,ABVX,2025-09-09,89.54,3251.26,2025-07-22,19.16,31.14,145.56,228830.08,228684.52,367.14,34,equal-weight sizing trim,2025-07-21,66.43,,5,1.9,,649.2,,7,2025-09-08,84.07,,5,1.1,,304.49,,56
SELL,1427,ABVX,2025-09-23,82.64,88884.44,2025-07-22,26.74,1188.28,3672.48,4968404.85,4964732.37,208.9,44,ratchet-ATR exit,2025-07-21,66.43,,5,1.9,,649.2,,7,2025-09-22,82.78,,5,-0.2,,237.33,,70
SELL,1428,FEIM,2025-07-29,28.07,163247.45,2025-07-22,24.01,1959.79,2291.18,662784.64,660493.46,16.85,5,rotation (out of top-N),2025-07-21,27.9,,5,-1,,60.89,,364,2025-07-28,26.45,,5,-0.5,,49.47,,371
SELL,1429,INBX,2025-07-29,24.74,174319.38,2025-07-22,22.48,1959.79,2156.33,393090.2,390933.87,9.97,5,rotation (out of top-N),2025-07-21,23.08,,5,1.7,,58.81,,21,2025-07-28,21.75,,5,2.1,,48.06,,28
SELL,1430,SLGL,2025-08-05,13.0,53492.01,2025-07-22,8.66,231.59,347.7,232215.14,231867.44,50.06,10,equal-weight sizing trim,2025-07-21,11.0,,5,0.1,,57.03,,63,2025-08-04,15.4,,5,-0.3,,107.53,,77
SELL,1430,SLGL,2025-08-12,16.31,51337.04,2025-07-22,8.66,222.26,418.65,392785.73,392367.07,88.27,15,equal-weight sizing trim,2025-07-21,11.0,,5,0.1,,57.03,,63,2025-08-11,15.45,,5,-0.4,,101.59,,84
SELL,1430,SLGL,2025-08-19,16.75,103.15,2025-07-22,8.66,0.45,0.86,834.6,833.73,93.35,20,equal-weight sizing trim,2025-07-21,11.0,,5,0.1,,57.03,,63,2025-08-18,22.25,,5,-0.5,,175.22,,91
SELL,1430,SLGL,2025-08-26,22.25,80617.03,2025-07-22,8.66,349.03,896.86,1095675.55,1094778.68,156.83,25,equal-weight sizing trim,2025-07-21,11.0,,5,0.1,,57.03,,63,2025-08-25,22.2,,5,-0.6,,161.79,,98
SELL,1430,SLGL,2025-09-09,28.66,33538.45,2025-07-22,8.66,145.2,480.52,670638.9,670158.38,230.77,34,equal-weight sizing trim,2025-07-21,11.0,,5,0.1,,57.03,,63,2025-09-08,23.88,,5,-0.9,,150.69,,112
SELL,1430,SLGL,2025-09-16,24.05,245652.24,2025-07-22,8.66,1063.54,2953.97,3780862.72,3777908.75,177.61,39,ratchet-ATR exit,2025-07-21,11.0,,5,0.1,,57.03,,63,2025-09-15,30.25,,5,-1.0,,197.66,,119
SELL,1431,SEZL,2025-08-05,156.29,34656.49,2025-07-22,133.85,2319.3,2708.23,777861.94,775153.7,16.71,10,rotation (out of top-N),2025-07-21,148.65,,5,-1,,105.1,,999,2025-08-04,91.59,,3.92,1.0,,19.62,,999
SELL,1432,CECO,2025-08-05,44.98,131353.09,2025-07-29,38.9,2554.82,2954.13,798626.81,795672.68,15.57,5,rotation (out of top-N),2025-07-28,45.37,,5,1.4,,64.32,,35,2025-08-04,43.92,,5,1.5,,56.18,,42
SELL,1433,FIX,2025-08-05,709.01,7321.55,2025-07-29,697.89,2554.82,2595.53,81415.62,78820.09,1.54,5,rotation (out of top-N),2025-07-28,694.69,6.5,5,0.1,0.8,53.72,5.6,70,2025-08-04,691.38,5.0,5,0.2,2.0,50.47,2.61,77
SELL,1434,CELC,2025-08-05,42.88,22834.84,2025-07-29,34.63,395.44,489.52,188159.12,187669.6,23.73,5,equal-weight sizing trim,2025-07-28,39.91,,5,1.7,,215.3,,21,2025-08-04,45.83,,5,1.5,,241.3,,28
SELL,1434,CELC,2025-08-19,51.52,7799.71,2025-07-29,34.64,135.11,200.9,131583.72,131382.82,48.62,15,equal-weight sizing trim,2025-07-28,39.91,,5,1.7,,215.3,,21,2025-08-18,52.43,,5,1.3,,242.17,,42
SELL,1434,CELC,2025-09-09,62.12,11745.65,2025-07-29,35.61,209.16,364.82,311326.99,310962.17,74.34,29,equal-weight sizing trim,2025-07-28,39.91,,5,1.7,,215.3,,21,2025-09-08,54.94,,5,-0.0,,198.78,,63
SELL,1434,CELC,2025-09-16,54.47,113315.6,2025-07-29,35.61,2017.83,3086.15,2136646.7,2133560.55,52.87,34,ratchet-ATR exit,2025-07-28,39.91,,5,1.7,,215.3,,21,2025-09-15,51.9,,5,-0.2,,167.87,,70
SELL,1435,VSAT,2025-08-05,20.26,78129.71,2025-07-29,14.94,583.63,791.45,415650.03,414858.58,35.54,5,equal-weight sizing trim,2025-07-28,16.58,,5,1.2,,58.94,,49,2025-08-04,25.61,,5,1.1,,136.43,,56
SELL,1435,VSAT,2025-08-12,26.11,39100.05,2025-07-29,14.94,292.08,510.55,436943.11,436432.56,74.71,10,equal-weight sizing trim,2025-07-28,16.58,,5,1.2,,58.94,,49,2025-08-11,27.11,,5,-0.0,,140.23,,63
SELL,1435,VSAT,2025-08-19,27.51,5704.69,2025-07-29,14.94,42.61,78.47,71707.93,71629.46,84.04,15,equal-weight sizing trim,2025-07-28,16.58,,5,1.2,,58.94,,49,2025-08-18,27.97,,5,-0.2,,137.0,,70
SELL,1435,VSAT,2025-08-26,29.45,8142.4,2025-07-29,14.94,60.82,119.9,118146.24,118026.34,97.02,20,equal-weight sizing trim,2025-07-28,16.58,,5,1.2,,58.94,,49,2025-08-25,32.3,,5,-0.3,,161.03,,77
SELL,1435,VSAT,2025-09-16,32.77,6251.9,2025-07-29,16.53,51.67,102.42,101501.89,101399.46,98.12,34,equal-weight sizing trim,2025-07-28,16.58,,5,1.2,,58.94,,49,2025-09-15,29.59,,5,-0.6,,112.41,,98
SELL,1435,VSAT,2025-09-30,28.23,270922.7,2025-07-29,18.55,2512.53,3823.4,2621731.29,2617907.89,52.1,44,ratchet-ATR exit,2025-07-28,16.58,,5,1.2,,58.94,,49,2025-09-29,32.04,,5,-0.9,,113.38,,112
SELL,1436,WDC,2025-08-05,77.74,73414.3,2025-07-29,69.6,2554.82,2853.61,597592.41,594738.8,11.64,5,rotation (out of top-N),2025-07-28,76.36,5.0,5,-0.0,2.6,57.63,1.92,70,2025-08-04,74.74,5.2,5,0.1,1.9,51.93,2.77,77
SELL,1437,BELFB,2025-08-05,133.76,6.47,2025-07-29,127.82,0.41,0.43,38.43,38.0,4.59,5,equal-weight sizing trim,2025-07-28,127.38,,5,1.6,,54.86,,42,2025-08-04,133.58,,5,1.2,,59.51,,49
SELL,1437,BELFB,2025-08-12,129.84,39968.77,2025-07-29,127.82,2554.4,2594.77,80736.92,78142.15,1.53,10,rotation (out of top-N),2025-07-28,127.38,,5,1.6,,54.86,,42,2025-08-11,130.99,,5,1.4,,54.13,,56
SELL,1438,TPC,2025-08-12,57.4,9335.6,2025-08-05,47.88,223.49,267.93,88874.93,88607.0,19.82,5,equal-weight sizing trim,2025-08-04,56.27,,5,-0.4,,79.24,,84,2025-08-11,56.63,,5,-0.5,,76.7,,91
SELL,1438,TPC,2025-08-26,58.54,1024.95,2025-08-05,48.26,24.73,30.0,10535.78,10505.78,21.24,15,equal-weight sizing trim,2025-08-04,56.27,,5,-0.4,,79.24,,84,2025-08-25,58.81,,5,-0.8,,75.18,,105
SELL,1438,TPC,2025-09-30,65.31,120900.95,2025-08-05,50.12,3029.61,3948.02,1836815.21,1832867.19,30.25,39,rotation (out of top-N),2025-08-04,56.27,,5,-0.4,,79.24,,84,2025-09-29,62.25,,5,-1,,62.56,,140
SELL,1439,STRL,2025-08-12,292.75,18257.0,2025-08-05,292.69,2671.77,2672.37,1186.7,-1485.66,-0.03,5,rotation (out of top-N),2025-08-04,302.83,,5,-0.4,,67.98,,84,2025-08-11,275.19,,5,-0.1,,50.94,,91
SELL,1440,W,2025-08-19,79.41,3118.42,2025-08-05,74.7,116.47,123.82,14696.53,14572.71,6.26,10,equal-weight sizing trim,2025-08-04,72.38,,5,1.3,,64.41,,42,2025-08-18,77.83,,5,1.1,,69.14,,56
SELL,1440,W,2025-08-26,72.95,75894.46,2025-08-05,74.7,2834.55,2768.44,-132222.17,-134990.61,-2.38,15,rotation (out of top-N),2025-08-04,72.38,,5,1.3,,64.41,,42,2025-08-25,74.54,,5,-0.0,,59.35,,63
SELL,1441,NBIS,2025-08-12,73.5,15819.44,2025-08-05,55.84,441.72,581.36,279292.17,278710.8,31.55,5,equal-weight sizing trim,2025-08-04,68.8,,5,-0.0,,95.36,,63,2025-08-11,71.6,,5,-0.2,,96.12,,70
SELL,1441,NBIS,2025-09-09,97.17,88374.44,2025-08-05,57.3,2532.1,4293.89,3523581.94,3519288.04,69.49,24,ratchet-ATR exit,2025-08-04,68.8,,5,-0.0,,95.36,,63,2025-09-08,90.42,,5,-0.6,,118.69,,98
SELL,1442,FEIM,2025-08-19,28.07,201167.28,2025-08-05,27.41,2756.78,2823.38,133201.42,130378.04,2.36,10,rotation (out of top-N),2025-08-04,29.55,,5,-1,,63.12,,378,2025-08-18,29.02,,5,-0.7,,53.02,,392
SELL,1443,ALAB,2025-08-12,180.62,5848.12,2025-08-05,139.34,407.44,528.13,241381.19,240853.06,29.56,5,equal-weight sizing trim,2025-08-04,179.28,,5,1.8,,83.83,,14,2025-08-11,185.87,,5,1.7,,86.45,,21
SELL,1443,ALAB,2025-09-09,212.87,2126.26,2025-08-05,142.22,151.2,226.31,150216.33,149990.02,49.6,24,equal-weight sizing trim,2025-08-04,179.28,,5,1.8,,83.83,,14,2025-09-08,229.44,,5,1.2,,110.64,,49
SELL,1443,ALAB,2025-09-16,232.89,716.66,2025-08-05,142.22,50.96,83.45,64978.6,64895.15,63.67,29,equal-weight sizing trim,2025-08-04,179.28,,5,1.8,,83.83,,14,2025-09-15,245.4,,5,1.1,,119.59,,56
SELL,1443,ALAB,2025-09-30,200.97,34277.13,2025-08-05,147.5,2527.92,3444.34,1832843.01,1829398.67,36.18,39,rotation (out of top-N),2025-08-04,179.28,,5,1.8,,83.83,,14,2025-09-29,200.86,,5,-0.2,,74.84,,70
SELL,1444,PLTR,2025-08-19,171.36,31726.77,2025-08-05,172.13,2730.62,2718.35,-24545.69,-27264.04,-0.5,10,rotation (out of top-N),2025-08-04,185.8,5.0,5,-1,1.0,78.24,3.04,847,2025-08-18,158.75,3.7,5,-0.2,1.5,44.93,2.19,861
SELL,1445,AU,2025-08-12,52.91,106149.18,2025-08-05,50.34,2671.77,2808.18,272803.39,269995.22,5.05,5,rotation (out of top-N),2025-08-04,53.51,,5,-1.0,,59.24,,189,2025-08-11,50.61,,5,-0.4,,47.81,,196
SELL,1446,ALNY,2025-08-19,455.29,226.99,2025-08-05,419.28,47.59,51.67,8173.93,8122.26,8.53,10,equal-weight sizing trim,2025-08-04,438.8,,5,-0.2,,58.65,,77,2025-08-18,455.27,,5,-0.5,,58.98,,91
SELL,1446,ALNY,2025-08-26,445.14,13237.23,2025-08-05,419.28,2775.05,2946.24,342389.1,339442.86,6.12,15,rotation (out of top-N),2025-08-04,438.8,,5,-0.2,,58.65,,77,2025-08-25,446.58,,5,-0.3,,53.25,,98
SELL,1447,CECO,2025-08-12,44.28,118798.35,2025-08-05,44.98,2671.77,2630.49,-82564.85,-85195.35,-1.59,5,rotation (out of top-N),2025-08-04,43.92,,5,1.5,,56.18,,42,2025-08-11,44.65,,5,1.4,,56.04,,49
SELL,1448,LQDA,2025-08-19,27.61,39861.09,2025-08-12,22.73,452.92,550.18,194522.14,193971.96,21.41,5,equal-weight sizing trim,2025-08-11,25.93,,5,-1,,77.89,,210,2025-08-18,26.84,,5,-1,,78.92,,217
SELL,1448,LQDA,2025-09-09,27.89,235561.84,2025-08-12,22.99,2707.99,3284.91,1153837.76,1150552.85,21.24,19,rotation (out of top-N),2025-08-11,25.93,,5,-1,,77.89,,210,2025-09-08,25.98,,5,-1,,60.07,,238
SELL,1449,STRT,2025-08-19,70.26,75701.07,2025-08-12,77.5,2933.61,2659.38,-548454.24,-551113.62,-9.39,5,rotation (out of top-N),2025-08-11,75.83,,5,-0.4,,57.97,,91,2025-08-18,66.73,,5,0.5,,37.18,,98
SELL,1450,FUTU,2025-08-19,168.26,1047.67,2025-08-12,159.15,83.37,88.14,9544.25,9456.11,5.67,5,equal-weight sizing trim,2025-08-11,171.6,,5,-1,,61.87,,490,2025-08-18,187.7,,5,-1,,72.9,,497
SELL,1450,FUTU,2025-08-26,187.89,2756.39,2025-08-12,159.15,219.34,258.95,79218.74,78959.79,18.0,10,equal-weight sizing trim,2025-08-11,171.6,,5,-1,,61.87,,490,2025-08-25,182.61,,5,-1,,64.36,,504
SELL,1450,FUTU,2025-09-09,186.38,33061.86,2025-08-12,159.15,2630.9,3081.03,900274.48,897193.44,17.05,19,rotation (out of top-N),2025-08-11,171.6,,5,-1,,61.87,,490,2025-09-08,183.13,,5,-0.9,,57.68,,518
SELL,1451,RDDT,2025-08-19,238.22,26532.86,2025-08-12,221.13,2933.61,3160.33,453446.58,450286.25,7.67,5,rotation (out of top-N),2025-08-11,246.5,,5,1.8,,65.65,,14,2025-08-18,217.22,,5,2.5,,43.75,,21
SELL,1452,LEU,2025-08-19,176.44,26960.19,2025-08-12,217.62,2933.61,2378.36,-1110490.22,-1112868.58,-18.97,5,ratchet-ATR exit,2025-08-11,181.8,,5,-1.0,,59.59,,315,2025-08-18,187.09,,5,-1,,60.12,,322
SELL,1453,NKTR,2025-08-19,27.09,37253.57,2025-08-12,22.59,420.78,504.6,167641.05,167136.45,19.86,5,equal-weight sizing trim,2025-08-11,27.27,,5,1.3,,82.99,,42,2025-08-18,27.04,,5,1.2,,78.08,,49
SELL,1453,NKTR,2025-09-09,44.96,74145.51,2025-08-12,22.74,843.21,1666.79,1647157.95,1645491.16,97.57,19,equal-weight sizing trim,2025-08-11,27.27,,5,1.3,,82.99,,42,2025-09-08,48.49,,5,-0.2,,186.24,,70
SELL,1453,NKTR,2025-09-16,48.84,2316.3,2025-08-12,22.74,26.34,56.57,60455.89,60399.32,114.65,24,equal-weight sizing trim,2025-08-11,27.27,,5,1.3,,82.99,,42,2025-09-15,55.08,,5,-0.3,,207.05,,77
SELL,1453,NKTR,2025-09-23,58.85,16717.06,2025-08-12,22.74,190.11,491.94,603656.69,603164.75,158.63,29,equal-weight sizing trim,2025-08-11,27.27,,5,1.3,,82.99,,42,2025-09-22,58.54,,5,-0.4,,207.23,,84
SELL,1453,NKTR,2025-11-18,59.0,11129.67,2025-08-12,35.69,198.62,328.33,259403.38,259075.06,65.22,69,equal-weight sizing trim,2025-08-11,27.27,,5,1.3,,82.99,,42,2025-11-17,54.16,,5,-1,,94.19,,140
SELL,1453,NKTR,2025-12-09,57.02,231806.22,2025-08-12,38.5,4461.89,6608.8,4293820.09,4287211.29,48.04,83,rotation (out of top-N),2025-08-11,27.27,,5,1.3,,82.99,,42,2025-12-08,54.72,,5,-1,,74.7,,161
SELL,1454,INSM,2025-09-09,146.89,48141.6,2025-08-19,126.85,3053.37,3535.76,964777.58,961241.82,15.74,14,rotation (out of top-N),2025-08-18,131.85,,5,-0.1,,59.47,,70,2025-09-08,145.94,,5,-0.5,,66.29,,91
SELL,1455,ALNT,2025-08-26,46.6,135976.66,2025-08-19,44.3,3011.88,3168.26,312746.32,309578.06,5.14,5,rotation (out of top-N),2025-08-18,46.74,,5,-0.8,,61.26,,105,2025-08-25,45.15,,5,-0.5,,53.04,,112
SELL,1456,CECO,2025-08-26,47.87,130894.53,2025-08-19,46.02,3011.88,3132.96,242154.87,239021.91,3.97,5,rotation (out of top-N),2025-08-18,48.03,,5,1.1,,64.87,,56,2025-08-25,45.63,,5,0.2,,54.73,,63
SELL,1457,RYTM,2025-08-26,100.0,62075.08,2025-08-19,97.04,3011.88,3103.75,183742.25,180638.49,3.0,5,rotation (out of top-N),2025-08-18,103.3,,5,-1,,60.65,,721,2025-08-25,103.25,,5,-0.9,,57.91,,728
SELL,1458,INBX,2025-08-26,25.07,8986.91,2025-08-19,23.45,105.39,112.63,14468.92,14356.29,6.81,5,equal-weight sizing trim,2025-08-18,25.0,,5,1.2,,63.64,,49,2025-08-25,28.09,,5,1.1,,79.76,,56
SELL,1458,INBX,2025-09-09,29.17,247835.35,2025-08-19,23.45,2906.49,3614.68,1416379.03,1412764.35,24.3,14,rotation (out of top-N),2025-08-18,25.0,,5,1.2,,63.64,,49,2025-09-08,27.35,,5,-0.2,,68.36,,70
SELL,1459,AAMI,2025-08-26,49.85,1591.33,2025-08-19,47.73,37.98,39.66,3373.61,3333.95,4.39,5,equal-weight sizing trim,2025-08-18,47.97,,5,-0.8,,58.13,,112,2025-08-25,50.73,,5,-1.0,,64.53,,119
SELL,1459,AAMI,2025-09-09,45.4,124613.7,2025-08-19,47.73,2973.91,2828.73,-290349.93,-293178.66,-4.93,14,rotation (out of top-N),2025-08-18,47.97,,5,-0.8,,58.13,,112,2025-09-08,48.39,,5,-0.7,,53.12,,133
SELL,1460,CLS,2025-08-26,192.56,31368.88,2025-08-19,192.03,3011.88,3020.12,16468.66,13448.54,0.22,5,rotation (out of top-N),2025-08-18,188.97,,5,-0.9,,57.84,,994,2025-08-25,194.82,,5,-1.0,,59.21,,1001
SELL,1461,ECHO,2025-09-09,83.05,29934.5,2025-08-26,54.13,810.25,1243.03,865556.06,864313.03,53.34,9,equal-weight sizing trim,2025-08-25,61.8,,5,1.2,,135.21,,49,2025-09-08,74.82,,5,-0.0,,161.69,,63
SELL,1461,ECHO,2025-09-30,77.31,109426.13,2025-08-26,58.25,3186.96,4230.14,2086361.6,2082131.46,32.67,24,ratchet-ATR exit,2025-08-25,61.8,,5,1.2,,135.21,,49,2025-09-29,77.17,,5,-0.4,,137.79,,84
SELL,1462,PARR,2025-09-09,34.08,191928.5,2025-08-26,32.35,3104.44,3270.46,332036.31,328765.85,5.3,9,rotation (out of top-N),2025-08-25,34.63,,5,-0.6,,69.18,,98,2025-09-08,32.8,,5,-0.6,,54.02,,112
SELL,1463,AEHR,2025-09-16,28.76,17562.9,2025-08-26,25.83,226.83,252.55,51445.89,51193.33,11.28,14,equal-weight sizing trim,2025-08-25,24.95,,5,1.2,,99.67,,49,2025-09-15,29.93,,5,-0.2,,119.05,,70
SELL,1463,AEHR,2025-09-23,33.4,19586.39,2025-08-26,25.83,252.97,327.04,148156.09,147829.04,29.22,19,equal-weight sizing trim,2025-08-25,24.95,,5,1.2,,99.67,,49,2025-09-22,30.2,,5,-0.3,,114.73,,77
SELL,1463,AEHR,2025-10-07,25.55,268673.69,2025-08-26,26.26,3527.98,3432.98,-190005.99,-193438.97,-2.74,29,rotation (out of top-N),2025-08-25,24.95,,5,1.2,,99.67,,49,2025-10-06,23.49,,5,-0.5,,61.08,,91
SELL,1464,RKLB,2025-09-16,52.05,149695.83,2025-08-26,47.71,3571.28,3895.46,648350.59,644455.13,9.02,14,rotation (out of top-N),2025-08-25,48.62,,5,-1,,67.42,,427,2025-09-15,47.75,,5,-0.8,,55.01,,448
SELL,1465,FEIM,2025-09-09,32.11,199194.32,2025-08-26,31.17,3104.44,3198.06,187242.66,184044.6,2.96,9,rotation (out of top-N),2025-08-25,32.21,,5,-1,,65.68,,399,2025-09-08,27.17,,5,0.3,,34.3,,413
SELL,1466,LEU,2025-09-16,240.01,3013.29,2025-08-26,196.92,296.68,361.61,129854.78,129493.17,21.82,14,equal-weight sizing trim,2025-08-25,201.54,,5,-1,,68.35,,329,2025-09-15,294.99,,5,-1,,123.92,,350
SELL,1466,LEU,2025-09-23,305.61,4905.39,2025-08-26,196.92,482.98,749.57,533186.77,532437.21,55.12,19,equal-weight sizing trim,2025-08-25,201.54,,5,-1,,68.35,,329,2025-09-22,304.93,,5,-1,,121.46,,357
SELL,1466,LEU,2025-09-30,315.65,745.31,2025-08-26,196.92,73.38,117.63,88494.19,88376.56,60.22,24,equal-weight sizing trim,2025-08-25,201.54,,5,-1,,68.35,,329,2025-09-29,343.3,,5,-1,,137.57,,364
SELL,1466,LEU,2025-10-07,358.5,681.87,2025-08-26,196.92,67.14,122.22,110178.8,110056.58,81.97,29,equal-weight sizing trim,2025-08-25,201.54,,5,-1,,68.35,,329,2025-10-06,363.28,,5,-1,,139.67,,371
SELL,1466,LEU,2025-10-14,388.07,1238.48,2025-08-26,196.92,121.94,240.31,236740.36,236500.05,96.98,34,equal-weight sizing trim,2025-08-25,201.54,,5,-1,,68.35,,329,2025-10-13,379.05,,5,-1,,137.98,,378
SELL,1466,LEU,2025-11-04,312.92,30567.65,2025-08-26,237.25,3626.1,4782.61,2313022.2,2308239.58,31.83,49,rotation (out of top-N),2025-08-25,201.54,,5,-1,,68.35,,329,2025-11-03,292.7,,5,-1,,63.47,,399
SELL,1467,LITE,2025-09-16,168.6,2495.11,2025-09-09,149.12,186.04,210.34,48617.28,48406.93,13.01,5,equal-weight sizing trim,2025-09-08,162.96,5.7,5,-0.4,1.5,87.07,3.16,84,2025-09-15,168.76,5.0,5,-0.5,2.0,89.61,2.29,91
SELL,1467,LITE,2025-09-30,162.09,49420.2,2025-09-09,150.52,3719.47,4005.38,571823.52,567818.14,7.63,15,rotation (out of top-N),2025-09-08,162.96,5.7,5,-0.4,1.5,87.07,3.16,84,2025-09-29,163.76,4.6,5,-0.8,1.9,76.31,2.07,105
SELL,1468,DNTH,2025-09-16,37.15,223886.89,2025-09-09,31.43,3517.82,4158.14,1280633.01,1276474.87,18.14,5,rotation (out of top-N),2025-09-08,37.17,,5,1.8,,73.47,,14,2025-09-15,36.73,,5,1.7,,68.86,,21
SELL,1469,IONS,2025-09-16,61.31,115149.68,2025-09-09,61.1,3517.82,3530.2,24757.18,21226.98,0.3,5,rotation (out of top-N),2025-09-08,63.13,,5,-0.3,,72.2,,77,2025-09-15,61.05,,5,-0.4,,63.8,,84
SELL,1470,W,2025-09-30,90.25,94226.56,2025-09-09,87.02,4100.03,4251.97,303883.76,299631.78,3.65,15,rotation (out of top-N),2025-09-08,87.62,,5,-0.3,,79.88,,77,2025-09-29,88.54,,5,-0.6,,70.98,,98
SELL,1471,WBD,2025-09-16,18.82,170046.94,2025-09-09,12.34,1048.76,1600.14,1102754.4,1101154.26,52.5,5,equal-weight sizing trim,2025-09-08,18.87,5.2,5,-0.4,2.0,76.15,2.42,84,2025-09-15,19.33,6.5,5,-0.5,0.5,77.44,5.36,91
SELL,1471,WBD,2025-09-30,18.97,412134.01,2025-09-09,12.54,2584.94,3909.09,2648308.07,2644398.98,51.15,15,rotation (out of top-N),2025-09-08,18.87,5.2,5,-0.4,2.0,76.15,2.42,84,2025-09-29,19.0,5.2,5,-0.8,1.3,67.8,2.93,105
SELL,1472,WDC,2025-09-16,102.47,2272.11,2025-09-09,92.82,105.45,116.41,21925.88,21809.47,10.34,5,equal-weight sizing trim,2025-09-08,97.55,4.5,5,-0.9,1.8,80.94,2.01,112,2025-09-15,106.52,4.8,5,-1.0,1.3,92.03,2.61,119
SELL,1472,WDC,2025-09-23,112.0,1255.02,2025-09-09,92.82,58.25,70.28,24071.28,24000.99,20.6,10,equal-weight sizing trim,2025-09-08,97.55,4.5,5,-0.9,1.8,80.94,2.01,112,2025-09-22,106.73,4.2,5,-1,1.8,86.86,1.8,126
SELL,1472,WDC,2025-09-30,117.65,3210.14,2025-09-09,92.82,148.98,188.84,79707.73,79518.89,26.69,15,equal-weight sizing trim,2025-09-08,97.55,4.5,5,-0.9,1.8,80.94,2.01,112,2025-09-29,131.09,5.2,5,-1,0.8,120.82,3.23,133
SELL,1472,WDC,2025-11-04,151.16,13872.24,2025-09-09,99.16,687.79,1048.46,721343.15,720294.69,52.36,40,equal-weight sizing trim,2025-09-08,97.55,4.5,5,-0.9,1.8,80.94,2.01,112,2025-11-03,162.8,6,5,-1,0.0,129.47,6.66,168
SELL,1472,WDC,2025-11-11,171.33,4433.66,2025-09-09,99.16,219.82,379.81,319972.83,319593.02,72.69,45,equal-weight sizing trim,2025-09-08,97.55,4.5,5,-0.9,1.8,80.94,2.01,112,2025-11-10,157.63,6,5,-1,0.0,113.61,4.82,175
SELL,1472,WDC,2025-11-25,149.86,75710.08,2025-09-09,102.4,3876.46,5672.96,3592985.72,3587312.76,46.27,55,ratchet-ATR exit,2025-09-08,97.55,4.5,5,-0.9,1.8,80.94,2.01,112,2025-11-24,163.12,6.0,5,-1,0.0,106.43,4.47,189
SELL,1473,CLS,2025-09-30,247.42,31495.18,2025-09-09,244.18,3845.18,3896.27,102175.34,98279.07,1.28,15,rotation (out of top-N),2025-09-08,241.73,,5,-1,,85.99,,1015,2025-09-29,233.78,,5,-1,,65.81,,1036
SELL,1474,STX,2025-09-16,209.89,1671.19,2025-09-09,187.28,156.49,175.38,37785.65,37610.27,12.02,5,equal-weight sizing trim,2025-09-08,194.51,4.5,5,-0.8,2.0,70.74,1.82,105,2025-09-15,219.63,5.2,5,-0.9,1.1,87.61,3.1,112
SELL,1474,STX,2025-09-23,227.98,391.34,2025-09-09,187.28,36.64,44.61,15927.48,15882.87,21.67,10,equal-weight sizing trim,2025-09-08,194.51,4.5,5,-0.8,2.0,70.74,1.82,105,2025-09-22,215.87,4.2,5,-1.0,1.8,79.4,1.81,119
SELL,1474,STX,2025-10-07,243.44,35969.0,2025-09-09,187.78,3377.1,4378.15,2002103.69,1997725.55,29.58,20,rotation (out of top-N),2025-09-08,194.51,4.5,5,-0.8,2.0,70.74,1.82,105,2025-10-06,213.45,5.2,5,-1,0.8,67.23,3.28,133
SELL,1475,INBX,2025-09-16,27.86,241194.57,2025-09-09,29.17,3517.82,3359.24,-317170.85,-320530.09,-4.56,5,rotation (out of top-N),2025-09-08,27.35,,5,-0.2,,68.36,,70,2025-09-15,27.68,,5,-0.3,,67.03,,77
SELL,1476,HUT,2025-09-23,38.17,218783.08,2025-09-16,34.42,3765.26,4176.02,821530.46,817354.44,10.85,5,rotation (out of top-N),2025-09-15,36.25,,5,1.1,,85.77,,56,2025-09-22,33.17,,5,-0.0,,67.95,,63
SELL,1477,STRL,2025-09-23,366.5,23313.56,2025-09-16,323.01,3765.26,4272.15,1013790.23,1009518.08,13.41,5,rotation (out of top-N),2025-09-15,360.33,,5,-1,,83.28,,126,2025-09-22,341.86,,5,-1,,70.27,,133
SELL,1478,NBIS,2025-09-23,108.04,7650.76,2025-09-16,91.2,348.87,413.29,128838.84,128425.54,18.41,5,equal-weight sizing trim,2025-09-15,99.29,,5,-0.8,,130.58,,105,2025-09-22,107.68,,5,-0.9,,138.83,,112
SELL,1478,NBIS,2025-09-30,113.55,3365.48,2025-09-16,91.2,153.47,191.08,75218.54,75027.47,24.44,10,equal-weight sizing trim,2025-09-15,99.29,,5,-0.8,,130.58,,105,2025-09-29,127.97,,5,-1.0,,168.82,,119
SELL,1478,NBIS,2025-10-07,127.77,1244.19,2025-09-16,91.2,56.73,79.48,45499.9,45420.42,40.03,15,equal-weight sizing trim,2025-09-15,99.29,,5,-0.8,,130.58,,105,2025-10-06,129.6,,5,-1,,158.86,,126
SELL,1478,NBIS,2025-10-21,107.55,70392.98,2025-09-16,91.25,3211.56,3785.38,1147635.74,1143850.36,17.81,25,ratchet-ATR exit,2025-09-15,99.29,,5,-0.8,,130.58,,105,2025-10-20,117.3,,5,-1,,116.8,,140
SELL,1479,WLDN,2025-09-23,106.9,76386.0,2025-09-16,98.58,3765.26,4082.83,635149.57,631066.74,8.38,5,rotation (out of top-N),2025-09-15,103.2,,5,-1,,77.47,,126,2025-09-22,96.22,,5,-1,,61.48,,133
SELL,1480,APP,2025-09-23,641.15,23.92,2025-09-16,595.36,7.12,7.67,1095.43,1087.76,7.64,5,equal-weight sizing trim,2025-09-15,649.32,4.5,5,-1,1.5,76.82,2.19,861,2025-09-22,669.65,4.7,5,-1,1.3,78.36,2.62,868
SELL,1480,APP,2025-09-30,712.05,1214.1,2025-09-16,595.36,361.41,432.25,141685.04,141252.78,19.54,10,equal-weight sizing trim,2025-09-15,649.32,4.5,5,-1,1.5,76.82,2.19,861,2025-09-29,682.76,5.5,5,-1,0.5,77.74,3.68,875
SELL,1480,APP,2025-10-07,592.74,11410.76,2025-09-16,595.36,3396.73,3381.81,-29839.14,-33220.95,-0.49,15,rotation (out of top-N),2025-09-15,649.32,4.5,5,-1,1.5,76.82,2.19,861,2025-10-06,569.71,5.3,5,-0.3,0.0,46.22,6.77,882
SELL,1481,ARWR,2025-09-23,32.01,7344.86,2025-09-16,28.93,106.26,117.54,22548.72,22431.18,10.55,5,equal-weight sizing trim,2025-09-15,30.69,,5,1.5,,71.64,,28,2025-09-22,32.84,,5,1.4,,80.29,,35
SELL,1481,ARWR,2025-09-30,33.88,13127.08,2025-09-16,28.93,189.92,222.41,64979.04,64756.64,17.05,10,equal-weight sizing trim,2025-09-15,30.69,,5,1.5,,71.64,,28,2025-09-29,36.13,,5,1.3,,93.81,,42
SELL,1481,ARWR,2025-10-07,37.66,1238.47,2025-09-16,28.93,17.92,23.32,10805.65,10782.33,30.09,15,equal-weight sizing trim,2025-09-15,30.69,,5,1.5,,71.64,,28,2025-10-06,35.37,,5,1.2,,85.82,,49
SELL,1481,ARWR,2025-11-18,39.45,7157.04,2025-09-16,30.97,110.83,141.17,60678.78,60537.6,27.31,45,equal-weight sizing trim,2025-09-15,30.69,,5,1.5,,71.64,,28,2025-11-17,40.46,,5,-0.5,,83.78,,91
SELL,1481,ARWR,2025-11-25,44.2,4640.69,2025-09-16,30.97,71.87,102.56,61387.96,61285.4,42.64,50,equal-weight sizing trim,2025-09-15,30.69,,5,1.5,,71.64,,28,2025-11-24,52.68,,5,-0.6,,130.69,,98
SELL,1481,ARWR,2025-12-02,56.12,53325.61,2025-09-16,30.97,825.8,1496.18,1340775.83,1339279.65,81.09,54,equal-weight sizing trim,2025-09-15,30.69,,5,1.5,,71.64,,28,2025-12-01,61.42,,5,-0.8,,157.01,,105
SELL,1481,ARWR,2025-12-09,66.5,19089.72,2025-09-16,30.97,295.62,634.69,678127.64,677492.96,114.59,59,equal-weight sizing trim,2025-09-15,30.69,,5,1.5,,71.64,,28,2025-12-08,70.08,,5,-0.9,,177.8,,112
SELL,1481,ARWR,2025-12-16,68.01,3220.16,2025-09-16,30.97,49.87,109.5,119268.86,119159.36,119.48,64,equal-weight sizing trim,2025-09-15,30.69,,5,1.5,,71.64,,28,2025-12-15,68.09,,5,-1.0,,156.52,,119
SELL,1481,ARWR,2025-12-30,69.65,5148.56,2025-09-16,33.65,86.61,179.3,185368.99,185189.69,106.91,73,equal-weight sizing trim,2025-09-15,30.69,,5,1.5,,71.64,,28,2025-12-29,67.73,,5,-1,,131.34,,133
SELL,1481,ARWR,2026-01-06,72.05,3335.96,2025-09-16,33.65,56.12,120.17,128097.51,127977.34,114.02,77,equal-weight sizing trim,2025-09-15,30.69,,5,1.5,,71.64,,28,2026-01-05,64.59,,5,-1,,110.92,,140
SELL,1481,ARWR,2026-02-03,74.84,8141.97,2025-09-16,39.5,160.8,304.67,287754.14,287449.46,89.38,96,equal-weight sizing trim,2025-09-15,30.69,,5,1.5,,71.64,,28,2026-02-02,64.48,,5,-1,,79.23,,168
SELL,1481,ARWR,2026-02-10,62.8,276545.11,2025-09-16,39.5,5461.48,8684.21,6445456.32,6436772.11,58.93,101,rotation (out of top-N),2025-09-15,30.69,,5,1.5,,71.64,,28,2026-02-09,63.87,,5,-1,,71.47,,175
SELL,1482,MNPR,2025-09-30,76.94,20970.51,2025-09-23,63.91,670.17,806.68,273036.04,272229.36,20.31,5,equal-weight sizing trim,2025-09-22,76.86,,5,-1,,99.45,,371,2025-09-29,100.11,,5,-1,,147.68,,378
SELL,1482,MNPR,2025-10-07,100.5,16220.4,2025-09-23,63.91,518.36,815.08,593423.31,592608.23,57.16,10,equal-weight sizing trim,2025-09-22,76.86,,5,-1,,99.45,,371,2025-10-06,89.58,,5,-1,,112.88,,385
SELL,1482,MNPR,2025-10-21,77.59,91587.24,2025-09-23,64.8,2967.58,3553.13,1171102.5,1167549.37,19.67,20,rotation (out of top-N),2025-09-22,76.86,,5,-1,,99.45,,371,2025-10-20,80.78,,5,-1,,80.61,,399
SELL,1483,CELC,2025-10-21,71.22,47516.17,2025-09-23,51.5,1223.63,1692.05,936841.9,935149.85,38.21,20,equal-weight sizing trim,2025-09-22,50.61,,5,-0.3,,148.97,,77,2025-10-20,70.94,,5,-0.8,,188.89,,105
SELL,1483,CELC,2025-10-28,76.25,980.75,2025-09-23,51.5,25.26,37.39,24264.97,24227.58,47.96,25,equal-weight sizing trim,2025-09-22,50.61,,5,-0.3,,148.97,,77,2025-10-27,77.15,,5,-0.9,,194.48,,112
SELL,1483,CELC,2025-11-18,88.09,23108.79,2025-09-23,53.05,613.01,1017.83,809638.74,808620.91,65.96,40,equal-weight sizing trim,2025-09-22,50.61,,5,-0.3,,148.97,,77,2025-11-17,97.48,,5,-1,,205.69,,133
SELL,1483,CELC,2025-11-25,101.71,6052.89,2025-09-23,53.05,160.57,307.82,294509.29,294201.48,91.61,45,equal-weight sizing trim,2025-09-22,50.61,,5,-0.3,,148.97,,77,2025-11-24,101.17,,5,-1,,196.77,,140
SELL,1483,CELC,2025-12-30,101.56,2767.48,2025-09-23,63.03,87.22,140.53,106618.21,106477.68,61.04,68,equal-weight sizing trim,2025-09-22,50.61,,5,-0.3,,148.97,,77,2025-12-29,100.5,,5,-1,,119.99,,175
SELL,1483,CELC,2026-01-27,116.63,12374.64,2025-09-23,66.24,409.85,721.63,623562.13,622840.5,75.98,86,equal-weight sizing trim,2025-09-22,50.61,,5,-0.3,,148.97,,77,2026-01-26,109.41,,5,-1,,96.94,,203
SELL,1483,CELC,2026-02-10,107.41,182838.72,2025-09-23,71.33,6520.55,9818.9,6596685.26,6586866.37,50.51,96,rotation (out of top-N),2025-09-22,50.61,,5,-0.3,,148.97,,77,2026-02-09,104.42,,5,-1,,73.16,,217
SELL,1484,INBX,2025-09-30,32.05,27637.8,2025-09-23,28.78,397.71,442.96,90513.8,90070.84,11.32,5,equal-weight sizing trim,2025-09-22,33.12,,5,-0.4,,94.28,,84,2025-09-29,35.52,,5,-0.5,,102.26,,91
SELL,1484,INBX,2025-10-28,58.26,83665.13,2025-09-23,29.34,1227.26,2436.96,2419392.19,2416955.24,98.47,25,equal-weight sizing trim,2025-09-22,33.12,,5,-0.4,,94.28,,84,2025-10-27,81.26,,5,-1.0,,280.47,,119
SELL,1484,INBX,2025-11-04,79.5,50152.7,2025-09-23,29.34,735.68,1993.44,2515537.74,2513544.29,170.83,30,equal-weight sizing trim,2025-09-22,33.12,,5,-0.4,,94.28,,84,2025-11-03,80.81,,5,-1,,250.77,,126
SELL,1484,INBX,2025-11-18,78.17,1076.93,2025-09-23,32.59,17.55,42.09,49084.91,49042.82,139.73,40,equal-weight sizing trim,2025-09-22,33.12,,5,-0.4,,94.28,,84,2025-11-17,84.06,,5,-1,,217.59,,140
SELL,1484,INBX,2025-12-09,89.63,1188.14,2025-09-23,37.23,22.12,53.25,62259.21,62205.97,140.63,54,equal-weight sizing trim,2025-09-22,33.12,,5,-0.4,,94.28,,84,2025-12-08,79.61,,5,-1,,150.47,,161
SELL,1484,INBX,2025-12-16,76.52,168508.41,2025-09-23,37.23,3136.74,6446.71,6619937.88,6613491.17,105.42,59,ratchet-ATR exit,2025-09-22,33.12,,5,-0.4,,94.28,,84,2025-12-15,86.53,,5,-1,,157.58,,168
SELL,1485,SLGL,2025-10-07,41.5,52079.93,2025-09-23,30.25,787.84,1080.66,585638.77,584558.11,37.1,10,equal-weight sizing trim,2025-09-22,30.25,,5,-1,,180.0,,126,2025-10-06,37.73,,5,-1,,214.49,,140
SELL,1485,SLGL,2025-10-14,37.73,216473.13,2025-09-23,30.25,3274.7,4083.77,1618136.67,1614052.91,24.64,15,ratchet-ATR exit,2025-09-22,30.25,,5,-1,,180.0,,126,2025-10-13,38.68,,5,-1,,204.53,,147
SELL,1486,TTMI,2025-09-30,57.88,146990.93,2025-09-23,55.04,4045.19,4254.28,418189.19,413934.91,5.12,5,rotation (out of top-N),2025-09-22,55.77,,5,-1,,71.38,,140,2025-09-29,59.15,,5,-1,,77.14,,147
SELL,1487,AVAV,2025-10-07,391.61,3442.99,2025-09-30,307.81,529.89,674.15,288522.45,287848.29,27.16,5,equal-weight sizing trim,2025-09-29,375.35,,5,-0.8,,88.59,,105,2025-10-06,391.87,,5,-0.9,,91.34,,112
SELL,1487,AVAV,2025-10-14,400.03,22940.26,2025-09-30,307.81,3530.62,4588.4,2115550.74,2110962.34,29.9,10,rotation (out of top-N),2025-09-29,375.35,,5,-0.8,,88.59,,105,2025-10-13,350.88,,5,-1.0,,67.54,,119
SELL,1488,HUT,2025-10-07,42.53,23379.53,2025-09-30,34.62,404.64,497.17,185048.96,184551.79,22.8,5,equal-weight sizing trim,2025-09-29,40.09,,5,-0.2,,98.5,,70,2025-10-06,43.54,,5,-0.3,,110.55,,77
SELL,1488,HUT,2025-10-14,46.99,14507.59,2025-09-30,34.62,251.09,340.86,179531.46,179190.6,35.68,10,equal-weight sizing trim,2025-09-29,40.09,,5,-0.2,,98.5,,70,2025-10-13,48.46,,5,-0.4,,127.44,,84
SELL,1488,HUT,2025-11-11,45.41,230936.77,2025-09-30,36.78,4246.91,5244.0,1994180.66,1988936.66,23.42,30,rotation (out of top-N),2025-09-29,40.09,,5,-0.2,,98.5,,70,2025-11-10,36.93,,5,-0.8,,57.72,,112
SELL,1489,GRAL,2025-10-14,66.72,5037.03,2025-09-30,58.71,147.85,168.04,40360.69,40192.65,13.59,10,equal-weight sizing trim,2025-09-29,65.52,,5,-1,,82.97,,999,2025-10-13,77.97,,5,-1,,102.6,,999
SELL,1489,GRAL,2025-10-21,90.83,21141.68,2025-09-30,58.71,620.58,960.1,679024.21,678064.11,54.63,15,equal-weight sizing trim,2025-09-29,65.52,,5,-1,,82.97,,999,2025-10-20,89.34,,5,-1,,121.8,,999
SELL,1489,GRAL,2025-11-04,85.05,136204.27,2025-09-30,62.1,4228.84,5791.75,3125810.86,3120019.12,36.89,25,rotation (out of top-N),2025-09-29,65.52,,5,-1,,82.97,,999,2025-11-03,79.41,,5,-1,,84.28,,999
SELL,1490,IONS,2025-10-21,73.08,131287.73,2025-09-30,64.48,4232.92,4797.58,1129314.79,1124517.21,13.28,15,rotation (out of top-N),2025-09-29,69.19,,5,-0.6,,78.25,,98,2025-10-20,70.84,,5,-1.0,,70.01,,119
SELL,1491,ASTS,2025-10-07,67.53,33168.53,2025-09-30,48.86,810.31,1119.85,619090.59,617970.74,38.13,5,equal-weight sizing trim,2025-09-29,67.74,,5,-1.0,,92.95,,119,2025-10-06,82.01,,5,-1,,124.32,,126
SELL,1491,ASTS,2025-10-14,88.69,28819.15,2025-09-30,48.86,704.05,1278.06,1148010.85,1146732.8,81.44,10,equal-weight sizing trim,2025-09-29,67.74,,5,-1.0,,92.95,,119,2025-10-13,83.6,,5,-1,,119.48,,133
SELL,1491,ASTS,2025-11-04,68.31,140686.85,2025-09-30,57.22,4024.88,4805.16,1560552.23,1555747.07,19.33,25,rotation (out of top-N),2025-09-29,67.74,,5,-1.0,,92.95,,119,2025-11-03,69.21,,5,-1,,64.25,,154
SELL,1492,INOD,2025-10-07,88.19,5609.71,2025-09-30,75.56,211.95,247.37,70850.62,70603.24,16.66,5,equal-weight sizing trim,2025-09-29,84.11,,5,1.5,,83.98,,28,2025-10-06,83.22,,5,1.4,,78.21,,35
SELL,1492,INOD,2025-10-14,76.74,101861.05,2025-09-30,75.56,3848.57,3908.41,119686.73,115778.32,1.5,10,rotation (out of top-N),2025-09-29,84.11,,5,1.5,,83.98,,28,2025-10-13,79.42,,5,1.3,,66.21,,42
SELL,1493,ABVX,2025-10-14,94.83,5251.83,2025-09-30,84.23,221.17,249.02,55682.72,55433.7,12.53,10,equal-weight sizing trim,2025-09-29,83.81,,5,-0.3,,216.74,,77,2025-10-13,92.81,,5,-0.5,,201.58,,91
SELL,1493,ABVX,2025-11-04,99.79,4420.04,2025-09-30,85.8,189.62,220.54,61832.97,61612.43,16.25,25,equal-weight sizing trim,2025-09-29,83.81,,5,-0.3,,216.74,,77,2025-11-03,105.36,,5,-0.9,,178.83,,112
SELL,1493,ABVX,2025-11-18,112.42,11567.33,2025-09-30,86.28,499.02,650.2,302368.02,301717.82,30.23,35,equal-weight sizing trim,2025-09-29,83.81,,5,-0.3,,216.74,,77,2025-11-17,119.05,,5,-1,,175.71,,126
SELL,1493,ABVX,2025-11-25,124.85,697.3,2025-09-30,86.28,30.08,43.53,26894.82,26851.29,44.63,40,equal-weight sizing trim,2025-09-29,83.81,,5,-0.3,,216.74,,77,2025-11-24,124.96,,5,-1,,171.06,,133
SELL,1493,ABVX,2025-12-23,141.83,19601.69,2025-09-30,92.97,911.22,1390.05,957677.41,956287.36,52.47,59,equal-weight sizing trim,2025-09-29,83.81,,5,-0.3,,216.74,,77,2025-12-22,142.19,,5,-1,,145.99,,161
SELL,1493,ABVX,2026-01-06,123.64,117380.73,2025-09-30,93.34,5478.25,7256.18,3555876.04,3548619.85,32.39,67,rotation (out of top-N),2025-09-29,83.81,,5,-0.3,,216.74,,77,2026-01-05,114.44,,5,-1,,79.62,,175
SELL,1494,HOOD,2025-10-14,136.67,61404.81,2025-09-30,135.88,4171.84,4196.1,48521.11,44325.01,0.53,10,rotation (out of top-N),2025-09-29,148.63,5.2,5,-1,0.8,100.98,3.27,658,2025-10-13,129.91,6,5,-1,0.0,65.2,5.29,672
SELL,1495,TTMI,2025-10-07,59.51,140295.89,2025-09-30,57.88,4060.51,4174.15,227279.34,223105.19,2.75,5,rotation (out of top-N),2025-09-29,59.15,,5,-1,,77.14,,147,2025-10-06,53.57,,5,-0.9,,57.06,,154
SELL,1496,LITE,2025-10-07,160.99,50100.42,2025-09-30,162.09,4060.51,4032.83,-55360.96,-59393.8,-0.73,5,rotation (out of top-N),2025-09-29,163.76,4.6,5,-0.8,1.9,76.31,2.07,105,2025-10-06,149.57,5.9,5,-0.8,0.3,58.47,4.21,112
SELL,1497,CIEN,2025-10-14,161.07,973.21,2025-09-30,145.15,70.63,78.38,15497.27,15418.89,10.92,10,equal-weight sizing trim,2025-09-29,151.37,5.0,5,-0.6,1.8,76.15,2.38,98,2025-10-13,170.96,5.7,5,-0.9,0.6,90.05,3.87,112
SELL,1497,CIEN,2025-11-11,205.29,3345.3,2025-09-30,147.87,247.33,343.38,192094.95,191751.57,38.76,30,equal-weight sizing trim,2025-09-29,151.37,5.0,5,-0.6,1.8,76.15,2.38,98,2025-11-10,191.64,5.8,5,-1,0.2,91.65,4.18,140
SELL,1497,CIEN,2025-12-02,204.99,1417.28,2025-09-30,153.55,108.81,145.26,72902.49,72757.22,33.43,44,equal-weight sizing trim,2025-09-29,151.37,5.0,5,-0.6,1.8,76.15,2.38,98,2025-12-01,201.67,4.7,5,-1,1.3,86.29,2.53,161
SELL,1497,CIEN,2025-12-16,214.09,13.61,2025-09-30,156.64,1.07,1.46,781.92,780.46,36.6,54,equal-weight sizing trim,2025-09-29,151.37,5.0,5,-0.6,1.8,76.15,2.38,98,2025-12-15,230.35,6.0,5,-1,0.0,98.31,4.45,175
SELL,1497,CIEN,2025-12-23,237.0,1438.06,2025-09-30,156.64,112.63,170.41,115560.23,115389.82,51.22,59,equal-weight sizing trim,2025-09-29,151.37,5.0,5,-0.6,1.8,76.15,2.38,98,2025-12-22,241.85,5.2,5,-1,0.8,100.59,3.3,182
SELL,1497,CIEN,2025-12-30,239.75,1151.21,2025-09-30,156.64,90.16,138.0,95675.34,95537.34,52.98,63,equal-weight sizing trim,2025-09-29,151.37,5.0,5,-0.6,1.8,76.15,2.38,98,2025-12-29,245.99,4.2,5,-1,1.8,96.51,1.74,189
SELL,1497,CIEN,2026-01-06,230.95,68543.76,2025-09-30,156.64,5368.41,7915.09,5093362.47,5085447.38,47.36,67,rotation (out of top-N),2025-09-29,151.37,5.0,5,-0.6,1.8,76.15,2.38,98,2026-01-05,230.82,6,5,-1,0.0,78.09,5.37,196
SELL,1498,RKLB,2025-10-07,58.99,19691.98,2025-09-30,47.22,464.93,580.82,231774.64,231193.83,24.86,5,equal-weight sizing trim,2025-09-29,56.15,,5,-1,,75.13,,462,2025-10-06,64.21,,5,-1,,94.88,,469
SELL,1498,RKLB,2025-10-14,65.32,10771.96,2025-09-30,47.22,254.33,351.81,194972.47,194620.65,38.26,10,equal-weight sizing trim,2025-09-29,56.15,,5,-1,,75.13,,462,2025-10-13,66.28,,5,-1,,95.31,,476
SELL,1498,RKLB,2025-10-28,65.66,157608.54,2025-09-30,49.31,3885.53,5173.89,2576720.7,2571546.8,33.09,20,rotation (out of top-N),2025-09-29,56.15,,5,-1,,75.13,,462,2025-10-27,62.98,,5,-1,,76.1,,490
SELL,1499,ECHO,2025-11-11,73.22,157277.55,2025-10-07,76.16,5989.11,5757.93,-462352.01,-468109.95,-3.91,25,rotation (out of top-N),2025-10-06,73.98,,5,-0.5,,119.36,,91,2025-11-10,67.38,,5,-1,,70.94,,126
SELL,1500,BE,2025-10-14,107.3,14760.84,2025-10-07,88.98,656.71,791.92,270418.61,269626.69,20.53,5,equal-weight sizing trim,2025-10-06,86.83,,5,-1,,161.74,,126,2025-10-13,111.55,,5,-1,,215.34,,133
SELL,1500,BE,2025-11-04,131.88,17648.87,2025-10-07,92.45,815.78,1163.81,696070.58,694906.77,42.59,20,equal-weight sizing trim,2025-10-06,86.83,,5,-1,,161.74,,126,2025-11-03,135.32,,5,-1,,215.51,,154
SELL,1500,BE,2025-11-18,103.85,90165.69,2025-10-07,93.92,4234.1,4681.85,895504.15,890822.3,10.52,30,ratchet-ATR exit,2025-10-06,86.83,,5,-1,,161.74,,126,2025-11-17,90.0,,5,-1,,92.8,,168
SELL,1501,VSAT,2025-11-11,39.33,7252.84,2025-10-07,33.24,120.53,142.63,44187.42,44044.79,18.27,25,equal-weight sizing trim,2025-10-06,32.6,,5,-1.0,,108.92,,119,2025-11-10,35.96,,5,-1,,89.42,,154
SELL,1501,VSAT,2025-11-18,32.79,311791.02,2025-10-07,33.24,5181.59,5111.81,-139547.58,-144659.4,-1.4,30,rotation (out of top-N),2025-10-06,32.6,,5,-1.0,,108.92,,119,2025-11-17,30.32,,5,-0.8,,55.36,,161
SELL,1502,ALAB,2025-10-14,183.42,40556.2,2025-10-07,221.4,4489.57,3719.41,-1540324.57,-1544043.98,-17.2,5,rotation (out of top-N),2025-10-06,206.16,,5,-0.3,,76.94,,77,2025-10-13,159.76,,5,0.8,,36.24,,84
SELL,1503,ORKA,2025-10-14,25.5,83991.15,2025-10-07,20.11,844.53,1070.89,452712.29,451641.41,26.74,5,equal-weight sizing trim,2025-10-06,24.45,,5,1.2,,90.65,,49,2025-10-13,27.48,,5,1.1,,109.49,,56
SELL,1503,ORKA,2025-11-11,28.57,9291.95,2025-10-07,21.3,98.95,132.74,67570.29,67437.56,34.08,25,equal-weight sizing trim,2025-10-06,24.45,,5,1.2,,90.65,,49,2025-11-10,27.07,,5,-0.4,,84.94,,84
SELL,1503,ORKA,2025-12-09,31.1,20628.92,2025-10-07,22.27,229.66,320.78,182238.76,181917.98,39.61,44,equal-weight sizing trim,2025-10-06,24.45,,5,1.2,,90.65,,49,2025-12-08,30.17,,5,-0.9,,82.0,,112
SELL,1503,ORKA,2025-12-23,32.22,499288.81,2025-10-07,22.49,5614.74,8043.54,4857605.07,4849561.53,43.19,54,rotation (out of top-N),2025-10-06,24.45,,5,1.2,,90.65,,49,2025-12-22,31.69,,5,-1,,80.19,,126
SELL,1504,MU,2025-10-28,218.71,349.65,2025-10-14,187.74,32.82,38.24,10829.34,10791.11,16.44,10,equal-weight sizing trim,2025-10-13,202.15,5.3,5,-1,0.7,79.95,3.41,126,2025-10-27,223.58,4.7,5,-1,1.3,89.16,2.54,140
SELL,1504,MU,2025-11-04,221.98,96.52,2025-10-14,187.74,9.06,10.71,3305.18,3294.47,18.18,15,equal-weight sizing trim,2025-10-13,202.15,5.3,5,-1,0.7,79.95,3.41,126,2025-11-03,237.7,5.3,5,-1,0.7,95.05,3.48,147
SELL,1504,MU,2025-11-11,247.95,2301.71,2025-10-14,187.74,216.06,285.35,138590.25,138304.9,32.01,20,equal-weight sizing trim,2025-10-13,202.15,5.3,5,-1,0.7,79.95,3.41,126,2025-11-10,246.66,5.5,5,-1,0.5,96.18,3.81,154
SELL,1504,MU,2025-11-18,235.22,49456.51,2025-10-14,187.74,4642.44,5816.58,2348287.72,2342471.14,25.23,25,rotation (out of top-N),2025-10-13,202.15,5.3,5,-1,0.7,79.95,3.41,126,2025-11-17,207.19,6,5,-1,0.0,61.32,5.3,161
SELL,1505,SEI,2025-10-21,50.21,185232.35,2025-10-14,49.88,4619.69,4650.26,61126.67,56476.42,0.61,5,rotation (out of top-N),2025-10-13,51.06,,5,-1,,76.57,,525,2025-10-20,50.62,,5,-1,,72.11,,532
SELL,1506,PRAX,2025-10-21,178.5,119162.14,2025-10-14,51.65,3077.06,10635.22,15116313.37,15105678.15,245.46,5,equal-weight sizing trim,2025-10-13,190.03,,5,2.0,,262.95,,0,2025-10-20,173.89,,5,1.9,,216.53,,7
SELL,1506,PRAX,2025-11-18,193.39,11530.44,2025-10-14,74.09,427.17,1114.94,1375542.47,1374427.53,160.88,25,equal-weight sizing trim,2025-10-13,190.03,,5,2.0,,262.95,,0,2025-11-17,170.24,,5,1.4,,162.95,,35
SELL,1506,PRAX,2025-12-09,274.14,18890.17,2025-10-14,92.2,870.83,2589.32,3436988.06,3434398.73,197.19,39,equal-weight sizing trim,2025-10-13,190.03,,5,2.0,,262.95,,0,2025-12-08,268.87,,5,1.1,,241.25,,56
SELL,1506,PRAX,2025-12-30,302.45,4655.85,2025-10-14,104.58,243.46,704.08,921241.95,920537.87,189.05,53,equal-weight sizing trim,2025-10-13,190.03,,5,2.0,,262.95,,0,2025-12-29,285.58,,5,-0.3,,195.52,,77
SELL,1506,PRAX,2026-01-06,276.31,54334.16,2025-10-14,104.58,2841.2,7506.4,9330402.58,9322896.18,164.07,57,ratchet-ATR exit,2025-10-13,190.03,,5,2.0,,262.95,,0,2026-01-05,288.85,,5,-0.4,,180.31,,84
SELL,1507,CLS,2025-10-28,344.01,6248.87,2025-10-14,247.11,772.07,1074.84,605541.06,604466.23,39.15,10,equal-weight sizing trim,2025-10-13,276.62,,5,-1,,85.66,,1050,2025-10-27,344.63,,5,-1,,116.54,,1064
SELL,1507,CLS,2025-11-18,303.26,36158.1,2025-10-14,254.91,4608.46,5482.74,1748569.22,1743086.47,18.91,25,rotation (out of top-N),2025-10-13,276.62,,5,-1,,85.66,,1050,2025-11-17,279.92,,5,-1,,62.43,,1085
SELL,1508,AMD,2025-10-28,259.46,44519.34,2025-10-14,220.04,4898.08,5775.49,1754818.16,1749042.67,17.85,10,rotation (out of top-N),2025-10-13,233.15,6.2,5,-0.8,0.3,75.66,4.39,105,2025-10-27,256.11,4.8,5,-1.0,1.2,83.8,2.68,119
SELL,1509,PI,2025-10-28,235.84,53829.39,2025-10-21,198.0,5329.11,6347.56,2036903.93,2030556.37,19.05,5,rotation (out of top-N),2025-10-20,235.75,,5,-0.3,,82.21,,77,2025-10-27,202.01,,5,-0.1,,54.17,,84
SELL,1510,SLGL,2025-11-04,35.91,290047.75,2025-10-21,38.7,5612.57,5207.81,-809521.92,-814729.73,-7.26,10,ratchet-ATR exit,2025-10-20,38.68,,5,-1,,188.63,,154,2025-11-03,35.91,,5,-1,,142.87,,168
SELL,1511,LASR,2025-10-28,33.77,340463.77,2025-10-21,31.31,5329.11,5748.73,839243.19,833494.46,7.82,5,rotation (out of top-N),2025-10-20,32.57,,5,-1,,84.04,,154,2025-10-27,32.99,,5,-1,,81.03,,161
SELL,1512,LITE,2025-10-28,194.38,8059.59,2025-10-21,160.5,646.78,783.29,273018.58,272235.29,21.05,5,equal-weight sizing trim,2025-10-20,179.32,5.6,5,-1,0.4,82.02,3.92,126,2025-10-27,201.61,6,5,-1,0.0,99.28,5.06,133
SELL,1512,LITE,2025-11-11,252.0,12268.78,2025-10-21,161.69,991.87,1545.87,1107995.07,1106449.2,55.78,15,equal-weight sizing trim,2025-10-20,179.32,5.6,5,-1,0.4,82.02,3.92,126,2025-11-10,231.89,6,5,-1,0.0,113.35,5.98,147
SELL,1512,LITE,2025-11-25,289.85,3090.68,2025-10-21,161.88,250.16,447.92,395522.74,395074.82,78.97,25,equal-weight sizing trim,2025-10-20,179.32,5.6,5,-1,0.4,82.02,3.92,126,2025-11-24,325.15,6,5,-1,0.0,172.24,6.66,161
SELL,1512,LITE,2025-12-02,319.45,2427.73,2025-10-21,161.88,196.5,387.78,382555.89,382168.12,97.25,29,equal-weight sizing trim,2025-10-20,179.32,5.6,5,-1,0.4,82.02,3.92,126,2025-12-01,331.5,6.0,5,-1,0.0,163.18,4.45,168
SELL,1512,LITE,2025-12-23,383.83,3583.21,2025-10-21,174.12,311.95,687.67,751436.34,750748.67,120.33,44,equal-weight sizing trim,2025-10-20,179.32,5.6,5,-1,0.4,82.02,3.92,126,2025-12-22,390.79,5.4,5,-1,0.6,163.49,3.58,189
SELL,1512,LITE,2026-01-13,336.94,47114.79,2025-10-21,190.21,4480.83,7937.31,6912964.17,6905026.86,77.05,57,ratchet-ATR exit,2025-10-20,179.32,5.6,5,-1,0.4,82.02,3.92,126,2026-01-12,324.01,6,5,-1,0.0,89.74,6.28,210
SELL,1513,MNPR,2025-11-04,84.17,140403.54,2025-10-28,80.73,5667.74,5908.53,481584.15,475675.62,4.2,5,rotation (out of top-N),2025-10-27,85.7,,5,-1,,86.87,,406,2025-11-03,81.31,,5,-1,,73.69,,413
SELL,1514,CRDO,2025-11-04,167.6,72547.07,2025-10-28,156.25,5667.74,6079.63,823772.0,817692.37,7.21,5,rotation (out of top-N),2025-10-27,187.65,,5,-1,,106.63,,161,2025-11-03,163.33,,5,-1,,75.34,,168
SELL,1515,NBIS,2025-11-11,114.0,102252.58,2025-10-28,124.56,6368.08,5828.4,-1079370.7,-1085199.1,-8.52,10,rotation (out of top-N),2025-10-27,130.76,,5,-1,,132.13,,147,2025-11-10,83.52,,5,-0.0,,40.54,,161
SELL,1516,GSAT,2025-11-04,48.96,32931.83,2025-10-28,42.36,697.5,806.17,217350.05,216543.88,15.52,5,equal-weight sizing trim,2025-10-27,54.37,,5,-0.4,,105.99,,84,2025-11-03,50.43,,5,-0.5,,86.16,,91
SELL,1516,GSAT,2025-11-11,59.29,27840.39,2025-10-28,42.36,589.66,825.33,471337.76,470512.43,39.9,10,equal-weight sizing trim,2025-10-27,54.37,,5,-0.4,,105.99,,84,2025-11-10,62.85,,5,-0.6,,123.68,,98
SELL,1516,GSAT,2025-11-18,58.36,1199.74,2025-10-28,42.36,25.41,35.01,19195.86,19160.86,37.7,15,equal-weight sizing trim,2025-10-27,54.37,,5,-0.4,,105.99,,84,2025-11-17,56.8,,5,-0.8,,96.2,,105
SELL,1516,GSAT,2025-12-09,67.38,750.97,2025-10-28,43.88,16.47,25.3,17646.51,17621.21,53.48,29,equal-weight sizing trim,2025-10-27,54.37,,5,-0.4,,105.99,,84,2025-12-08,73.01,,5,-1,,125.56,,126
SELL,1516,GSAT,2025-12-30,60.83,253112.25,2025-10-28,46.34,5864.52,7698.41,3667770.72,3660072.31,31.21,43,ratchet-ATR exit,2025-10-27,54.37,,5,-0.4,,105.99,,84,2025-12-29,63.98,,5,-1,,80.32,,147
SELL,1517,GH,2025-11-25,112.42,8431.08,2025-11-04,94.11,396.74,473.93,154385.03,153911.1,19.4,15,equal-weight sizing trim,2025-11-03,96.75,,5,-1,,84.66,,364,2025-11-24,108.39,,5,-1,,91.13,,385
SELL,1517,GH,2025-12-02,106.58,117768.9,2025-11-04,94.11,5541.83,6276.2,1468744.14,1462467.94,13.19,19,rotation (out of top-N),2025-11-03,96.75,,5,-1,,84.66,,364,2025-12-01,102.04,,5,-1,,75.34,,392
SELL,1518,STX,2025-11-11,288.38,3048.57,2025-11-04,251.99,384.11,439.57,110937.59,110498.02,14.38,5,equal-weight sizing trim,2025-11-03,278.1,6,5,-1,0.0,94.73,5.2,161,2025-11-10,257.12,5.7,5,-1,0.3,75.04,4.11,168
SELL,1518,STX,2025-11-18,256.16,42522.86,2025-11-04,251.99,5357.67,5446.33,177320.31,171873.98,1.6,10,rotation (out of top-N),2025-11-03,278.1,6,5,-1,0.0,94.73,5.2,161,2025-11-17,236.59,5.7,5,-0.9,0.2,57.39,4.26,175
SELL,1519,W,2025-11-11,111.69,112264.58,2025-11-04,102.29,5741.77,6269.42,1055287.1,1049017.68,9.13,5,rotation (out of top-N),2025-11-03,106.9,,5,-1,,86.74,,133,2025-11-10,101.92,,5,-1,,73.63,,140
SELL,1520,DK,2025-11-11,40.8,13887.98,2025-11-04,36.52,253.59,283.31,59440.54,59157.23,11.66,5,equal-weight sizing trim,2025-11-03,40.71,,5,-1,,85.92,,154,2025-11-10,40.25,,5,-1,,79.15,,161
SELL,1520,DK,2025-11-18,39.47,300557.38,2025-11-04,36.52,5488.18,5931.5,886644.26,880712.76,8.02,10,rotation (out of top-N),2025-11-03,40.71,,5,-1,,85.92,,154,2025-11-17,37.8,,5,-1,,64.46,,168
SELL,1521,MBX,2025-11-11,24.38,45053.73,2025-11-04,20.95,471.94,549.09,154309.03,153759.94,16.29,5,equal-weight sizing trim,2025-11-03,25.57,,5,-0.4,,109.03,,84,2025-11-10,24.83,,5,-0.5,,97.9,,91
SELL,1521,MBX,2025-11-18,25.36,29885.88,2025-11-04,20.95,313.05,378.95,131796.75,131417.8,20.99,10,equal-weight sizing trim,2025-11-03,25.57,,5,-0.4,,109.03,,84,2025-11-17,27.07,,5,-0.6,,108.76,,98
SELL,1521,MBX,2025-11-25,30.24,35364.65,2025-11-04,20.95,370.44,534.71,328537.59,328002.88,44.27,15,equal-weight sizing trim,2025-11-03,25.57,,5,-0.4,,109.03,,84,2025-11-24,34.48,,5,-0.8,,154.37,,105
SELL,1521,MBX,2025-12-02,33.26,22351.19,2025-11-04,20.95,234.13,371.64,275031.33,274659.69,58.66,19,equal-weight sizing trim,2025-11-03,25.57,,5,-0.4,,109.03,,84,2025-12-01,32.03,,5,-0.9,,126.9,,112
SELL,1521,MBX,2025-12-16,28.2,477471.65,2025-11-04,22.34,5332.52,6732.35,2799653.03,2792920.68,26.19,29,ratchet-ATR exit,2025-11-03,25.57,,5,-0.4,,109.03,,84,2025-12-15,30.41,,5,-1,,100.63,,126
SELL,1522,GRAL,2025-11-25,110.12,32031.54,2025-11-04,84.71,1356.74,1763.66,813835.32,812071.66,29.93,15,equal-weight sizing trim,2025-11-03,79.41,,5,-1,,84.28,,999,2025-11-24,110.48,,5,-1,,135.13,,999
SELL,1522,GRAL,2025-12-16,92.62,152345.18,2025-11-04,87.8,6687.83,7055.49,735308.03,728252.55,5.44,29,rotation (out of top-N),2025-11-03,79.41,,5,-1,,84.28,,999,2025-12-15,91.09,,5,-1,,76.78,,999
SELL,1523,TSEM,2025-12-02,115.19,20165.25,2025-11-11,98.37,991.83,1161.42,339176.3,338014.88,17.04,14,equal-weight sizing trim,2025-11-10,99.28,,5,-0.8,,93.9,,105,2025-12-01,114.05,,5,-1,,104.72,,126
SELL,1523,TSEM,2025-12-16,118.94,4.44,2025-11-11,99.61,0.22,0.26,85.96,85.69,19.35,24,equal-weight sizing trim,2025-11-10,99.28,,5,-0.8,,93.9,,105,2025-12-15,119.08,,5,-1,,99.48,,140
SELL,1523,TSEM,2025-12-30,123.99,6646.85,2025-11-11,101.13,336.11,412.07,151913.87,151501.8,22.54,33,equal-weight sizing trim,2025-11-10,99.28,,5,-0.8,,93.9,,105,2025-12-29,121.73,,5,-1,,90.4,,154
SELL,1523,TSEM,2026-01-27,129.54,2793.11,2025-11-11,103.5,144.54,180.91,72734.16,72553.25,25.1,51,equal-weight sizing trim,2025-11-10,99.28,,5,-0.8,,93.9,,105,2026-01-26,134.72,,5,-1,,83.66,,182
SELL,1523,TSEM,2026-02-10,145.65,146993.05,2025-11-11,103.55,7610.74,10704.77,6188052.89,6177348.12,40.58,61,rotation (out of top-N),2025-11-10,99.28,,5,-0.8,,93.9,,105,2026-02-09,128.69,,5,-1,,64.62,,196
SELL,1524,INSM,2025-11-18,196.62,3696.58,2025-11-11,189.35,349.97,363.41,26874.1,26510.69,3.79,5,equal-weight sizing trim,2025-11-10,193.16,,5,-1,,77.4,,154,2025-11-17,198.65,,5,-1,,77.57,,161
SELL,1524,INSM,2025-12-02,211.56,63885.13,2025-11-11,190.15,6073.84,6757.77,1367855.96,1361098.19,11.2,14,rotation (out of top-N),2025-11-10,193.16,,5,-1,,77.4,,154,2025-12-01,203.96,,5,-1,,72.7,,175
SELL,1525,WBD,2025-11-18,22.72,5871.52,2025-11-11,22.95,67.38,66.7,-1350.45,-1417.15,-1.05,5,equal-weight sizing trim,2025-11-10,23.02,4.3,5,-1,1.7,78.16,1.99,147,2025-11-17,23.19,4.6,5,-1,1.4,75.12,2.44,154
SELL,1525,WBD,2025-11-25,22.82,528185.54,2025-11-11,22.95,6060.93,6026.6,-68664.12,-74690.72,-0.62,10,rotation (out of top-N),2025-11-10,23.02,4.3,5,-1,1.7,78.16,1.99,147,2025-11-24,24.02,4.6,5,-1,1.4,76.93,2.44,161
SELL,1526,SLGL,2025-11-18,35.23,685.22,2025-11-11,35.91,12.3,12.07,-465.95,-478.02,-1.94,5,equal-weight sizing trim,2025-11-10,35.23,,5,-1,,127.11,,175,2025-11-17,35.23,,5,-1,,116.99,,182
SELL,1526,SLGL,2025-11-25,39.4,4541.9,2025-11-11,35.91,81.55,89.46,15828.52,15739.06,9.65,10,equal-weight sizing trim,2025-11-10,35.23,,5,-1,,127.11,,175,2025-11-24,39.4,,5,-1,,130.71,,189
SELL,1526,SLGL,2025-12-09,43.45,373968.24,2025-11-11,36.01,6734.2,8123.53,2778644.17,2770520.65,20.57,19,ratchet-ATR exit,2025-11-10,35.23,,5,-1,,127.11,,175,2025-12-08,42.3,,5,-1,,125.69,,203
SELL,1527,MNPR,2025-11-25,93.95,152483.79,2025-11-18,78.66,5997.19,7162.93,2331477.22,2324314.3,19.38,5,rotation (out of top-N),2025-11-17,91.78,,5,-1,,88.31,,427,2025-11-24,85.65,,5,-1,,72.09,,434
SELL,1528,ECHO,2025-11-25,70.71,177892.11,2025-11-18,67.42,5997.19,6289.38,584375.57,578086.2,4.82,5,rotation (out of top-N),2025-11-17,68.62,,5,-1,,69.85,,133,2025-11-24,73.28,,5,-1,,76.61,,140
SELL,1529,W,2025-12-02,111.89,123497.17,2025-11-18,97.73,6034.96,6909.36,1748797.13,1741887.77,14.43,9,rotation (out of top-N),2025-11-17,105.07,,5,-1,,74.85,,147,2025-12-01,95.22,,5,-0.5,,50.64,,161
SELL,1530,FBRX,2025-11-25,19.48,826913.15,2025-11-18,14.51,5997.19,8052.07,4109758.37,4101706.31,34.2,5,rotation (out of top-N),2025-11-17,18.54,,5,-0.0,,76.02,,63,2025-11-24,18.4,,5,-0.2,,71.39,,70
SELL,1531,BLTE,2025-11-25,140.19,5725.7,2025-11-18,119.74,342.8,401.34,117090.6,116689.26,17.02,5,equal-weight sizing trim,2025-11-17,121.33,,5,-0.8,,72.58,,105,2025-11-24,137.64,,5,-0.9,,90.35,,112
SELL,1531,BLTE,2025-12-02,158.12,7064.5,2025-11-18,119.74,422.95,558.54,271170.74,270612.21,31.99,9,equal-weight sizing trim,2025-11-17,121.33,,5,-0.8,,72.58,,105,2025-12-01,148.84,,5,-1.0,,99.36,,119
SELL,1531,BLTE,2025-12-23,154.71,474.5,2025-11-18,124.78,29.6,36.71,14203.1,14166.4,23.93,24,equal-weight sizing trim,2025-11-17,121.33,,5,-0.8,,72.58,,105,2025-12-22,154.54,,5,-1,,90.85,,140
SELL,1531,BLTE,2025-12-30,160.0,4057.08,2025-11-18,124.78,253.12,324.57,142900.9,142576.33,28.16,28,equal-weight sizing trim,2025-11-17,121.33,,5,-0.8,,72.58,,105,2025-12-29,159.31,,5,-1,,91.29,,147
SELL,1531,BLTE,2026-01-13,158.0,104086.95,2025-11-18,125.26,6518.81,8222.87,3408110.42,3399887.55,26.08,37,rotation (out of top-N),2025-11-17,121.33,,5,-0.8,,72.58,,105,2026-01-12,155.06,,5,-1,,75.65,,161
SELL,1532,TVTX,2025-11-25,35.83,340169.46,2025-11-18,35.26,5997.19,6094.14,193896.59,187802.46,1.57,5,rotation (out of top-N),2025-11-17,34.72,,5,-0.2,,69.63,,70,2025-11-24,35.45,,5,-0.3,,70.37,,77
SELL,1533,HUT,2025-12-02,44.63,353177.18,2025-11-25,37.47,6616.77,7881.15,2528748.61,2520867.46,19.05,4,rotation (out of top-N),2025-11-24,44.97,,5,-1,,84.03,,126,2025-12-01,42.43,,5,-1,,68.86,,133
SELL,1534,SPHR,2025-12-02,83.56,167502.68,2025-11-25,79.0,6616.77,6997.84,762137.18,755139.33,5.71,4,rotation (out of top-N),2025-11-24,84.73,,5,-1,,82.47,,140,2025-12-01,84.25,,5,-1,,77.55,,147
SELL,1535,AGX,2025-12-02,364.6,36806.89,2025-11-25,359.54,6616.77,6709.9,186242.86,179532.96,1.36,4,rotation (out of top-N),2025-11-24,392.88,,5,-1,,79.91,,1057,2025-12-01,311.05,,5,0.0,,39.53,,1064
SELL,1536,BE,2025-12-02,101.42,6605.46,2025-11-25,92.65,306.0,334.98,57962.89,57627.91,9.42,4,equal-weight sizing trim,2025-11-24,109.22,,5,-1,,123.77,,175,2025-12-01,119.29,,5,-1,,133.05,,182
SELL,1536,BE,2025-12-09,110.39,136228.31,2025-11-25,92.65,6310.78,7518.78,2416009.14,2408490.36,19.08,9,rotation (out of top-N),2025-11-24,109.22,,5,-1,,123.77,,175,2025-12-08,94.95,,5,-1,,79.2,,189
SELL,1537,CLS,2025-12-02,323.12,40933.35,2025-11-25,323.3,6616.77,6613.19,-7163.34,-13776.53,-0.1,4,rotation (out of top-N),2025-11-24,344.28,,5,-1,,93.46,,1092,2025-12-01,324.83,,5,-1,,77.11,,1099
SELL,1538,MU,2025-12-02,238.6,60460.29,2025-11-25,218.88,6616.77,7212.91,1192276.98,1185064.06,8.95,4,rotation (out of top-N),2025-11-24,236.37,6,5,-1,0.0,79.23,4.79,168,2025-12-01,236.98,4.8,5,-1,1.2,74.93,2.77,175
SELL,1539,ECHO,2025-12-09,88.23,17708.65,2025-12-02,73.11,647.38,781.26,267754.8,266973.54,20.62,5,equal-weight sizing trim,2025-12-01,82.22,,5,-1,,92.25,,147,2025-12-08,107.31,,5,-1,,139.82,,154
SELL,1539,ECHO,2025-12-16,103.62,24214.59,2025-12-02,73.12,885.23,1254.62,738787.28,737532.66,41.66,10,equal-weight sizing trim,2025-12-01,82.22,,5,-1,,92.25,,147,2025-12-15,103.87,,5,-1,,122.47,,161
SELL,1539,ECHO,2025-12-30,108.68,2255.52,2025-12-02,74.58,84.11,122.56,76916.96,76794.4,45.65,19,equal-weight sizing trim,2025-12-01,82.22,,5,-1,,92.25,,147,2025-12-29,112.16,,5,-1,,120.58,,175
SELL,1539,ECHO,2026-01-13,126.0,6156.1,2025-12-02,74.66,229.81,387.83,316051.96,315664.12,68.68,28,equal-weight sizing trim,2025-12-01,82.22,,5,-1,,92.25,,147,2026-01-12,123.26,,5,-1,,120.79,,189
SELL,1539,ECHO,2026-02-03,119.65,157417.67,2025-12-02,78.18,6153.63,9417.51,6527764.57,6518347.05,52.96,42,rotation (out of top-N),2025-12-01,82.22,,5,-1,,92.25,,147,2026-02-02,111.69,,5,-1,,77.56,,210
SELL,1540,SYRE,2025-12-09,34.11,36148.16,2025-12-02,28.84,521.17,616.51,190681.52,190065.01,18.23,5,equal-weight sizing trim,2025-12-01,33.51,,5,1.2,,87.41,,49,2025-12-08,33.65,,5,1.1,,84.55,,56
SELL,1540,SYRE,2025-12-16,32.74,442785.37,2025-12-02,28.84,6383.86,7248.4,1729076.88,1721828.48,13.49,10,rotation (out of top-N),2025-12-01,33.51,,5,1.2,,87.41,,49,2025-12-15,33.38,,5,-0.0,,79.32,,63
SELL,1541,VSXY,2025-12-09,51.21,18898.22,2025-12-02,44.01,415.81,483.89,136161.65,135677.76,16.31,5,equal-weight sizing trim,2025-12-01,49.05,,5,-0.0,,100.85,,63,2025-12-08,54.39,,5,-0.2,,114.94,,70
SELL,1541,VSXY,2025-12-16,55.15,18801.8,2025-12-02,44.0,413.69,518.46,209546.11,209027.65,25.26,10,equal-weight sizing trim,2025-12-01,49.05,,5,-0.0,,100.85,,63,2025-12-15,56.7,,5,-0.3,,115.93,,77
SELL,1541,VSXY,2026-01-13,63.94,11823.36,2025-12-02,44.91,265.49,377.99,224998.01,224620.01,42.3,28,equal-weight sizing trim,2025-12-01,49.05,,5,-0.0,,100.85,,63,2026-01-12,59.83,,5,-0.8,,97.78,,105
SELL,1541,VSXY,2026-01-27,58.03,286520.86,2025-12-02,44.91,6433.83,8313.4,3759139.24,3750825.83,29.15,37,rotation (out of top-N),2025-12-01,49.05,,5,-0.0,,100.85,,63,2026-01-26,54.51,,5,-1.0,,69.08,,119
SELL,1542,FBRX,2025-12-09,20.03,22460.37,2025-12-02,17.79,199.73,224.94,50423.53,50198.59,12.57,5,equal-weight sizing trim,2025-12-01,20.0,,5,-0.3,,81.72,,77,2025-12-08,21.48,,5,-0.4,,88.93,,84
SELL,1542,FBRX,2025-12-16,22.41,74498.25,2025-12-02,17.79,662.48,834.75,344554.39,343719.64,25.94,10,equal-weight sizing trim,2025-12-01,20.0,,5,-0.3,,81.72,,77,2025-12-15,29.65,,5,-0.5,,147.9,,91
SELL,1542,FBRX,2025-12-23,29.4,117714.29,2025-12-02,17.79,1046.77,1730.4,1367251.51,1365521.11,65.23,15,equal-weight sizing trim,2025-12-01,20.0,,5,-0.3,,81.72,,77,2025-12-22,27.79,,5,-0.6,,123.49,,98
SELL,1542,FBRX,2026-01-06,22.37,626478.03,2025-12-02,18.66,5843.95,7007.16,2326422.58,2319415.43,19.84,23,rotation (out of top-N),2025-12-01,20.0,,5,-0.3,,81.72,,77,2026-01-05,23.76,,5,-0.9,,79.27,,112
SELL,1543,WBD,2025-12-09,27.48,19537.17,2025-12-02,24.26,236.99,268.39,62812.0,62543.6,13.2,5,equal-weight sizing trim,2025-12-01,26.06,4.3,5,-1,1.7,86.97,1.96,168,2025-12-08,29.98,5.6,5,-1,0.4,108.04,3.88,175
SELL,1543,WBD,2025-12-16,29.49,33318.65,2025-12-02,24.26,404.16,491.28,174256.53,173765.24,21.5,10,equal-weight sizing trim,2025-12-01,26.06,4.3,5,-1,1.7,86.97,1.96,168,2025-12-15,27.82,3.8,5,-1,2.2,87.32,1.24,182
SELL,1543,WBD,2025-12-30,28.77,3102.27,2025-12-02,24.71,38.33,44.63,12583.7,12539.07,16.35,19,equal-weight sizing trim,2025-12-01,26.06,4.3,5,-1,1.7,86.97,1.96,168,2025-12-29,28.51,3.7,5,-1,2.3,80.93,1.06,196
SELL,1543,WBD,2026-01-06,28.5,571198.02,2025-12-02,24.71,7058.21,8139.57,2162717.69,2154578.12,15.26,23,rotation (out of top-N),2025-12-01,26.06,4.3,5,-1,1.7,86.97,1.96,168,2026-01-05,28.89,3.8,5,-1,2.2,77.48,1.15,203
SELL,1544,WDC,2025-12-16,172.2,962.65,2025-12-02,167.0,80.38,82.88,5010.04,4927.15,3.06,10,equal-weight sizing trim,2025-12-01,168.86,5.0,5,-1,1.0,105.87,2.94,196,2025-12-15,181.06,5.9,5,-1,0.1,103.87,4.29,210
SELL,1544,WDC,2025-12-30,179.45,2807.64,2025-12-02,167.5,235.14,251.92,33550.98,33299.06,7.08,19,equal-weight sizing trim,2025-12-01,168.86,5.0,5,-1,1.0,105.87,2.94,196,2025-12-29,187.59,4.4,5,-1,1.6,95.53,2.05,224
SELL,1544,WDC,2026-01-06,189.16,2984.05,2025-12-02,167.5,249.91,282.23,64634.3,64352.07,12.87,23,equal-weight sizing trim,2025-12-01,168.86,5.0,5,-1,1.0,105.87,2.94,196,2026-01-05,200.55,5.9,5,-1,0.1,100.17,4.42,231
SELL,1544,WDC,2026-01-13,208.82,860.5,2025-12-02,167.5,72.07,89.84,35555.73,35465.89,24.61,28,equal-weight sizing trim,2025-12-01,168.86,5.0,5,-1,1.0,105.87,2.94,196,2026-01-12,221.41,5.6,5,-1,0.4,111.13,3.92,238
SELL,1544,WDC,2026-01-27,244.1,9835.72,2025-12-02,167.5,823.74,1200.45,753415.53,752215.08,45.66,37,equal-weight sizing trim,2025-12-01,168.86,5.0,5,-1,1.0,105.87,2.94,196,2026-01-26,250.14,5.8,5,-1,0.2,117.31,4.22,252
SELL,1544,WDC,2026-02-03,279.77,3918.7,2025-12-02,167.5,328.19,548.17,439951.89,439403.72,66.94,42,equal-weight sizing trim,2025-12-01,168.86,5.0,5,-1,1.0,105.87,2.94,196,2026-02-02,282.5,6,5,-1,0.0,133.36,5.79,259
SELL,1544,WDC,2026-03-10,269.33,3365.62,2025-12-02,191.34,321.98,453.23,262498.56,262045.33,40.69,66,equal-weight sizing trim,2025-12-01,168.86,5.0,5,-1,1.0,105.87,2.94,196,2026-03-09,272.29,6.0,5,-1,0.0,82.87,4.44,294
SELL,1544,WDC,2026-03-17,288.31,3831.89,2025-12-02,191.34,366.59,552.4,371612.95,371060.55,50.61,71,equal-weight sizing trim,2025-12-01,168.86,5.0,5,-1,1.0,105.87,2.94,196,2026-03-16,293.02,5.6,5,-1,0.4,89.25,3.84,301
SELL,1544,WDC,2026-03-31,255.6,92014.07,2025-12-02,193.44,8899.66,11759.4,5719474.5,5707715.1,32.07,81,ratchet-ATR exit,2025-12-01,168.86,5.0,5,-1,1.0,105.87,2.94,196,2026-03-30,294.97,6,5,-1,0.0,77.65,5.07,315
SELL,1545,DRUG,2025-12-09,81.39,11746.23,2025-12-02,69.99,411.06,478.01,133907.01,133429.0,16.23,5,equal-weight sizing trim,2025-12-01,77.96,,5,-0.8,,87.89,,105,2025-12-08,84.57,,5,-0.9,,97.88,,112
SELL,1545,DRUG,2025-12-16,87.0,10527.94,2025-12-02,69.99,368.43,457.97,179080.2,178622.24,24.24,10,equal-weight sizing trim,2025-12-01,77.96,,5,-0.8,,87.89,,105,2025-12-15,81.02,,5,-1.0,,84.76,,119
SELL,1545,DRUG,2026-01-06,120.06,68740.24,2025-12-02,71.97,2473.48,4126.3,3305643.19,3301516.88,66.74,23,equal-weight sizing trim,2025-12-01,77.96,,5,-0.8,,87.89,,105,2026-01-05,86.89,,5,-1,,82.55,,140
SELL,1545,DRUG,2026-01-13,91.07,139586.93,2025-12-02,71.97,5022.76,6356.09,2666656.58,2660300.49,26.48,28,rotation (out of top-N),2025-12-01,77.96,,5,-0.8,,87.89,,105,2026-01-12,88.0,,5,-1,,79.29,,147
SELL,1546,COHR,2025-12-09,181.75,82070.77,2025-12-02,168.27,6905.02,7458.18,1106313.96,1098855.78,7.96,5,rotation (out of top-N),2025-12-01,181.85,5.4,5,-1,0.6,88.18,3.58,140,2025-12-08,178.35,6.0,5,-1,0.0,79.37,4.46,147
SELL,1547,KYMR,2025-12-16,85.52,166189.88,2025-12-09,90.83,7547.93,7105.86,-884130.14,-891236.0,-5.9,5,rotation (out of top-N),2025-12-08,89.67,,5,-1,,95.05,,168,2025-12-15,83.98,,5,-1,,77.88,,175
SELL,1548,SPHR,2025-12-16,87.82,3869.03,2025-12-09,85.16,164.73,169.89,10310.97,10141.08,3.08,5,equal-weight sizing trim,2025-12-08,89.78,,5,-1,,83.94,,154,2025-12-15,93.29,,5,-1,,85.27,,161
SELL,1548,SPHR,2025-12-23,95.18,173406.02,2025-12-09,85.16,7383.19,8252.39,1738395.39,1730143.0,11.72,10,rotation (out of top-N),2025-12-08,89.78,,5,-1,,83.94,,154,2025-12-22,93.32,,5,-1,,79.86,,168
SELL,1549,FEIM,2025-12-16,43.62,100833.27,2025-12-09,33.55,1691.48,2199.17,1015391.02,1013191.85,29.95,5,equal-weight sizing trim,2025-12-08,46.32,,5,-1,,81.56,,504,2025-12-15,48.01,,5,-1,,82.46,,511
SELL,1549,FEIM,2025-12-23,52.46,34254.84,2025-12-09,33.55,574.62,898.5,647758.94,646860.43,56.29,10,equal-weight sizing trim,2025-12-08,46.32,,5,-1,,81.56,,504,2025-12-22,56.07,,5,-1,,105.33,,518
SELL,1549,FEIM,2025-12-30,56.85,25797.55,2025-12-09,33.55,432.75,733.3,601082.93,600349.64,69.36,14,equal-weight sizing trim,2025-12-08,46.32,,5,-1,,81.56,,504,2025-12-29,50.51,,5,-1,,79.23,,525
SELL,1549,FEIM,2026-01-27,55.19,310482.92,2025-12-09,35.05,5440.77,8567.0,6252460.91,6243893.91,57.38,32,rotation (out of top-N),2025-12-08,46.32,,5,-1,,81.56,,504,2026-01-26,52.41,,5,-1,,63.39,,553
SELL,1550,AMKR,2025-12-16,43.31,341844.59,2025-12-09,44.16,7547.93,7402.64,-290567.91,-297970.55,-1.97,5,rotation (out of top-N),2025-12-08,44.17,,5,-1.0,,81.17,,119,2025-12-15,40.28,,5,-1,,61.75,,126
SELL,1551,VICR,2025-12-23,108.13,9615.74,2025-12-16,93.74,450.69,519.87,138370.46,137850.58,15.29,5,equal-weight sizing trim,2025-12-15,104.43,,5,-0.5,,81.9,,91,2025-12-22,110.98,,5,-0.6,,88.61,,98
SELL,1551,VICR,2025-12-30,111.97,5985.52,2025-12-16,93.74,280.54,335.08,109086.13,108751.05,19.38,9,equal-weight sizing trim,2025-12-15,104.43,,5,-0.5,,81.9,,91,2025-12-29,116.88,,5,-0.8,,93.02,,105
SELL,1551,VICR,2026-01-06,137.95,25292.77,2025-12-16,93.74,1185.47,1744.57,1118193.26,1116448.69,47.09,13,equal-weight sizing trim,2025-12-15,104.43,,5,-0.5,,81.9,,91,2026-01-05,142.07,,5,-0.9,,125.32,,112
SELL,1551,VICR,2026-01-27,160.66,13419.88,2025-12-16,97.28,652.73,1077.99,850514.11,849436.12,65.07,27,equal-weight sizing trim,2025-12-15,104.43,,5,-0.5,,81.9,,91,2026-01-26,157.87,,5,-1,,122.51,,133
SELL,1551,VICR,2026-03-03,194.1,12931.81,2025-12-16,107.61,695.82,1255.03,1118430.15,1117175.12,80.28,51,equal-weight sizing trim,2025-12-15,104.43,,5,-0.5,,81.9,,91,2026-03-02,162.31,,5,-1,,86.71,,168
SELL,1551,VICR,2026-03-10,170.43,127409.87,2025-12-16,107.61,6855.5,10856.91,8002832.0,7991975.09,58.29,56,ratchet-ATR exit,2025-12-15,104.43,,5,-0.5,,81.9,,91,2026-03-09,172.48,,5,-1,,91.4,,175
SELL,1552,MU,2025-12-23,275.48,4705.49,2025-12-16,235.38,553.79,648.13,188690.27,188042.14,16.98,5,equal-weight sizing trim,2025-12-15,265.64,5.5,5,-1,0.5,85.36,3.81,189,2025-12-22,284.5,4.9,5,-1,1.1,92.14,2.82,196
SELL,1552,MU,2025-12-30,294.69,4194.81,2025-12-16,235.38,493.69,618.08,248794.29,248176.21,25.13,9,equal-weight sizing trim,2025-12-15,265.64,5.5,5,-1,0.5,85.36,3.81,189,2025-12-29,315.25,4.3,5,-1,1.7,105.05,1.99,203
SELL,1552,MU,2026-01-06,318.32,3119.45,2025-12-16,235.38,367.13,496.49,258727.07,258230.57,35.17,13,equal-weight sizing trim,2025-12-15,265.64,5.5,5,-1,0.5,85.36,3.81,189,2026-01-05,344.83,4.7,5,-1,1.3,114.51,2.59,210
SELL,1552,MU,2026-01-27,402.47,5685.58,2025-12-16,235.98,670.83,1144.14,946619.97,945475.83,70.47,27,equal-weight sizing trim,2025-12-15,265.64,5.5,5,-1,0.5,85.36,3.81,189,2026-01-26,414.8,5.3,5,-1,0.7,124.54,3.42,231
SELL,1552,MU,2026-02-03,441.31,346.13,2025-12-16,235.98,40.84,76.38,71073.35,70996.97,86.92,32,equal-weight sizing trim,2025-12-15,265.64,5.5,5,-1,0.5,85.36,3.81,189,2026-02-02,394.43,5.5,5,-1,0.5,104.81,3.75,238
SELL,1552,MU,2026-02-10,376.14,46898.18,2025-12-16,235.98,5533.4,8820.14,6573481.36,6564661.22,59.32,37,ratchet-ATR exit,2025-12-15,265.64,5.5,5,-1,0.5,85.36,3.81,189,2026-02-09,411.43,5.2,5,-1,0.8,104.97,3.26,245
SELL,1553,ANAB,2025-12-23,33.42,12779.17,2025-12-16,30.02,191.82,213.54,43449.16,43235.62,11.27,5,equal-weight sizing trim,2025-12-15,32.69,,5,-1,,83.33,,182,2025-12-22,33.4,,5,-1,,81.69,,189
SELL,1553,ANAB,2025-12-30,33.36,494246.24,2025-12-16,30.02,7418.64,8244.03,1650782.45,1642538.43,11.07,9,rotation (out of top-N),2025-12-15,32.69,,5,-1,,83.33,,182,2025-12-29,29.9,,5,-0.9,,58.92,,196
SELL,1554,SLGL,2025-12-30,41.6,7522.16,2025-12-16,42.17,158.59,156.46,-4251.65,-4408.11,-1.39,9,equal-weight sizing trim,2025-12-15,42.48,,5,-1,,116.14,,210,2025-12-29,43.65,,5,-1,,102.44,,224
SELL,1554,SLGL,2026-01-06,43.65,11112.83,2025-12-16,42.17,234.29,242.54,16500.15,16257.61,3.47,13,equal-weight sizing trim,2025-12-15,42.48,,5,-1,,116.14,,210,2026-01-05,58.75,,5,-1,,156.35,,231
SELL,1554,SLGL,2026-01-13,61.98,88314.65,2025-12-16,42.17,1861.9,2736.65,1749494.12,1746757.47,46.91,18,equal-weight sizing trim,2025-12-15,42.48,,5,-1,,116.14,,210,2026-01-12,61.98,,5,-1,,154.37,,238
SELL,1554,SLGL,2026-01-27,55.84,295605.38,2025-12-16,42.17,6232.13,8254.04,4043817.77,4035563.73,32.38,27,ratchet-ATR exit,2025-12-15,42.48,,5,-1,,116.14,,210,2026-01-26,62.7,,5,-1,,132.26,,252
SELL,1555,COHR,2025-12-30,189.1,890.65,2025-12-16,177.98,79.26,84.21,9903.91,9819.7,6.19,9,equal-weight sizing trim,2025-12-15,185.89,6,5,-1,0.0,81.4,4.77,154,2025-12-29,194.31,4.4,5,-1,1.6,78.64,2.12,168
SELL,1555,COHR,2026-01-06,182.98,86903.05,2025-12-16,177.98,7733.51,7950.76,434503.25,426552.49,2.76,13,rotation (out of top-N),2025-12-15,185.89,6,5,-1,0.0,81.4,4.77,154,2026-01-05,177.96,5.9,5,-0.9,0.0,58.96,5.39,175
SELL,1556,ALB,2025-12-23,147.94,4317.37,2025-12-16,131.25,283.33,319.36,72056.97,71737.62,12.66,5,equal-weight sizing trim,2025-12-15,145.45,4.7,5,-0.9,1.6,79.85,2.37,112,2025-12-22,149.66,5.2,5,-1.0,0.9,80.95,3.22,119
SELL,1556,ALB,2025-12-30,144.66,111651.41,2025-12-16,131.25,7327.12,8075.75,1497245.4,1489169.65,10.16,9,rotation (out of top-N),2025-12-15,145.45,4.7,5,-0.9,1.6,79.85,2.37,112,2025-12-29,143.5,4.9,5,-1,1.1,69.78,2.81,126
SELL,1557,MBX,2026-01-06,29.72,527704.98,2025-12-23,33.69,8888.43,7841.7,-2093473.33,-2101315.02,-11.82,8,ratchet-ATR exit,2025-12-22,30.89,,5,-1,,96.33,,133,2026-01-05,31.72,,5,-1,,87.18,,147
SELL,1558,INBX,2026-01-06,75.8,208034.62,2025-12-23,86.21,8966.84,7884.51,-2164662.31,-2172546.82,-12.11,8,ratchet-ATR exit,2025-12-22,79.97,,5,-1,,126.96,,175,2026-01-05,72.89,,5,-1,,90.57,,189
SELL,1559,HUT,2026-01-06,57.77,46842.91,2025-12-30,48.75,1141.8,1353.06,422523.04,421169.99,18.44,4,equal-weight sizing trim,2025-12-29,51.26,,5,-1,,79.75,,161,2026-01-05,60.08,,5,-1,,102.06,,168
SELL,1559,HUT,2026-01-27,58.67,296487.22,2025-12-30,49.03,7268.63,8697.45,2857645.44,2848947.99,19.6,18,rotation (out of top-N),2025-12-29,51.26,,5,-1,,79.75,,161,2026-01-26,55.83,,5,-1,,68.36,,189
SELL,1560,SPHR,2026-01-06,93.12,176330.12,2025-12-30,93.15,8212.58,8209.93,-5289.9,-13499.83,-0.08,4,rotation (out of top-N),2025-12-29,94.28,,5,-1,,76.52,,175,2026-01-05,95.25,,5,-1,,72.81,,182
SELL,1561,RKLB,2026-01-06,78.01,10120.42,2025-12-30,73.02,369.5,394.75,50500.88,50106.13,6.78,4,equal-weight sizing trim,2025-12-29,76.0,,5,-1,,75.3,,553,2026-01-05,84.85,,5,-1,,88.28,,560
SELL,1561,RKLB,2026-01-13,89.14,9287.47,2025-12-30,73.02,339.09,413.92,149667.55,149253.63,22.01,9,equal-weight sizing trim,2025-12-29,76.0,,5,-1,,75.3,,553,2026-01-12,96.36,,5,-1,,105.09,,567
SELL,1561,RKLB,2026-01-27,82.84,205532.55,2025-12-30,73.02,7503.99,8513.16,2018329.61,2009816.45,13.39,18,rotation (out of top-N),2025-12-29,76.0,,5,-1,,75.3,,553,2026-01-26,80.04,,5,-1.0,,59.59,,581
SELL,1562,ENLT,2026-01-13,52.48,328942.07,2026-01-06,50.92,8374.87,8631.44,513149.63,504518.19,3.01,5,rotation (out of top-N),2026-01-05,51.84,,5,-1,,81.25,,245,2026-01-12,51.85,,5,-1,,75.6,,252
SELL,1563,ALB,2026-01-13,174.6,111330.88,2026-01-06,150.45,8374.87,9719.19,2688640.66,2678921.47,15.99,5,rotation (out of top-N),2026-01-05,160.89,4.7,5,-1,1.3,84.71,2.5,133,2026-01-12,162.65,4.8,5,-1,1.2,81.18,2.76,140
SELL,1564,LRCX,2026-01-13,219.39,1415.64,2026-01-06,197.24,139.61,155.29,31356.4,31201.12,11.17,5,equal-weight sizing trim,2026-01-05,218.05,5.3,5,-1,0.7,84.7,3.38,224,2026-01-12,222.65,5.0,5,-1,1.0,82.58,3.02,231
SELL,1564,LRCX,2026-01-27,229.99,829.93,2026-01-06,197.24,81.85,95.44,27180.31,27084.87,16.55,14,equal-weight sizing trim,2026-01-05,218.05,5.3,5,-1,0.7,84.7,3.38,224,2026-01-26,233.3,4.8,5,-1,1.2,79.64,2.65,245
SELL,1564,LRCX,2026-02-03,243.99,82674.98,2026-01-06,197.24,8153.41,10085.93,3865055.46,3854969.53,23.64,19,rotation (out of top-N),2026-01-05,218.05,5.3,5,-1,0.7,84.7,3.38,224,2026-02-02,230.6,5.3,5,-1,0.7,72.37,3.47,252
SELL,1565,AMKR,2026-01-13,51.45,340303.34,2026-01-06,49.22,8374.87,8754.3,758876.44,750122.14,4.48,5,rotation (out of top-N),2026-01-05,52.15,,5,-1,,93.22,,147,2026-01-12,47.83,,5,-1,,72.19,,154
SELL,1566,ASTS,2026-01-27,106.11,10341.84,2026-01-06,91.48,473.05,548.71,151332.85,150784.14,15.94,14,equal-weight sizing trim,2026-01-05,97.66,,5,-1,,87.05,,217,2026-01-26,111.18,,5,-1,,88.57,,238
SELL,1566,ASTS,2026-02-03,107.19,179186.91,2026-01-06,91.48,8196.18,9603.97,2815577.04,2805973.07,17.12,19,rotation (out of top-N),2026-01-05,97.66,,5,-1,,87.05,,217,2026-02-02,101.76,,5,-1,,67.25,,245
SELL,1567,RVMD,2026-01-13,117.89,57754.81,2026-01-06,78.58,2269.19,3404.36,2270341.74,2266937.38,49.95,5,equal-weight sizing trim,2026-01-05,118.92,,5,-0.9,,133.77,,112,2026-01-12,120.32,,5,-1.0,,127.08,,119
SELL,1567,RVMD,2026-01-27,98.26,155400.32,2026-01-06,78.58,6105.68,7634.82,3058278.27,3050643.45,24.98,14,rotation (out of top-N),2026-01-05,118.92,,5,-0.9,,133.77,,112,2026-01-26,96.87,,5,-1,,71.58,,133
SELL,1568,BE,2026-01-13,137.39,25889.02,2026-01-06,105.19,1361.63,1778.45,833626.51,831848.06,30.55,5,equal-weight sizing trim,2026-01-05,134.12,,5,-1,,119.36,,217,2026-01-12,149.5,,5,-1,,131.99,,224
SELL,1568,BE,2026-02-03,163.16,8710.86,2026-01-06,105.76,460.64,710.63,499975.19,499264.56,54.19,19,equal-weight sizing trim,2026-01-05,134.12,,5,-1,,119.36,,217,2026-02-02,143.12,,5,-1,,93.11,,245
SELL,1568,BE,2026-03-03,154.37,151312.8,2026-01-06,113.95,8621.14,11679.08,6115874.3,6104195.22,35.4,38,rotation (out of top-N),2026-01-05,134.12,,5,-1,,119.36,,217,2026-03-02,135.19,,5,-0.8,,55.96,,273
SELL,1569,ABVX,2026-01-13,119.28,135477.25,2026-01-06,123.64,8374.87,8080.2,-589326.06,-597406.26,-3.57,5,rotation (out of top-N),2026-01-05,114.44,,5,-1,,79.62,,175,2026-01-12,117.09,,5,-1,,76.1,,182
SELL,1570,FBRX,2026-01-13,29.75,132955.47,2026-01-06,22.37,1487.11,1977.71,981211.4,979233.69,32.92,5,equal-weight sizing trim,2026-01-05,23.76,,5,-0.9,,79.27,,112,2026-01-12,33.51,,5,-1.0,,140.04,,119
SELL,1570,FBRX,2026-01-27,32.4,28938.35,2026-01-06,22.37,323.68,468.8,290251.65,289782.85,44.76,14,equal-weight sizing trim,2026-01-05,23.76,,5,-0.9,,79.27,,112,2026-01-26,29.1,,5,-1,,92.13,,133
SELL,1570,FBRX,2026-02-03,34.5,586864.8,2026-01-06,22.37,6564.08,10123.42,7118669.97,7108546.55,54.15,19,rotation (out of top-N),2026-01-05,23.76,,5,-0.9,,79.27,,112,2026-02-02,27.16,,5,-1,,73.33,,140
SELL,1571,CIEN,2026-01-13,234.26,72525.35,2026-01-06,230.95,8374.87,8494.89,240058.92,231564.02,1.38,5,rotation (out of top-N),2026-01-05,230.82,6,5,-1,0.0,78.09,5.37,196,2026-01-12,243.32,5.4,5,-1,0.6,81.28,3.53,203
SELL,1572,FORM,2026-01-27,75.17,249757.67,2026-01-13,73.31,9155.49,9387.77,464549.26,455161.5,2.49,9,rotation (out of top-N),2026-01-12,78.33,,5,-0.8,,94.16,,105,2026-01-26,70.53,,5,-1.0,,65.55,,119
SELL,1573,IMOS,2026-01-27,41.8,491042.73,2026-01-13,37.29,9155.49,10262.79,2214602.72,2204339.93,12.04,9,rotation (out of top-N),2026-01-12,41.79,,5,-0.8,,98.88,,105,2026-01-26,36.96,,5,-1.0,,66.42,,119
SELL,1574,TTMI,2026-01-27,95.51,24453.37,2026-01-13,81.92,1001.55,1167.77,332443.57,331275.79,16.54,9,equal-weight sizing trim,2026-01-12,100.97,,5,-1,,100.05,,252,2026-01-26,98.24,,5,-1,,80.85,,266
SELL,1574,TTMI,2026-02-03,107.05,199083.02,2026-01-13,81.92,8153.94,10655.42,5002956.33,4992300.91,30.61,14,rotation (out of top-N),2026-01-12,100.97,,5,-1,,100.05,,252,2026-02-02,98.64,,5,-1,,75.64,,273
SELL,1575,MBX,2026-01-27,37.21,5745.57,2026-01-13,35.44,101.8,106.9,10198.39,10091.49,4.96,9,equal-weight sizing trim,2026-01-12,40.52,,5,-1,,127.97,,154,2026-01-26,36.85,,5,-1,,91.71,,168
SELL,1575,MBX,2026-02-24,37.29,580658.61,2026-01-13,35.67,10356.8,10826.38,939151.62,928325.24,4.48,28,rotation (out of top-N),2026-01-12,40.52,,5,-1,,127.97,,154,2026-02-23,32.48,,5,-0.5,,50.12,,196
SELL,1576,INBX,2026-02-03,86.03,20783.1,2026-01-13,74.99,779.24,893.98,229497.81,228603.82,14.67,14,equal-weight sizing trim,2026-01-12,72.46,,5,-1,,82.2,,196,2026-02-02,83.75,,5,-1,,87.11,,217
SELL,1576,INBX,2026-02-10,84.87,240574.64,2026-01-13,74.99,9020.04,10208.78,2377484.43,2367275.64,13.12,19,rotation (out of top-N),2026-01-12,72.46,,5,-1,,82.2,,196,2026-02-09,75.97,,5,-1,,63.8,,224
SELL,1577,PRAX,2026-01-27,295.0,1926.97,2026-01-13,275.84,265.77,284.23,36920.69,36636.46,6.89,9,equal-weight sizing trim,2026-01-12,317.17,,5,-0.5,,187.74,,91,2026-01-26,314.26,,5,-0.8,,153.17,,105
SELL,1577,PRAX,2026-02-10,325.2,802.63,2026-01-13,276.91,111.13,130.51,38766.49,38635.98,17.38,19,equal-weight sizing trim,2026-01-12,317.17,,5,-0.5,,187.74,,91,2026-02-09,317.33,,5,-1.0,,129.86,,119
SELL,1577,PRAX,2026-03-10,315.3,78176.61,2026-01-13,284.53,11121.72,12324.35,2405255.81,2392931.46,10.76,38,ratchet-ATR exit,2026-01-12,317.17,,5,-0.5,,187.74,,91,2026-03-09,293.66,,5,-1,,76.95,,147
SELL,1578,VSAT,2026-01-27,43.04,436495.44,2026-01-13,41.95,9155.49,9393.38,475780.02,466386.64,2.55,9,rotation (out of top-N),2026-01-12,45.93,,5,-1,,83.12,,217,2026-01-26,45.18,,5,-1,,68.24,,231
SELL,1579,FTAI,2026-01-27,286.47,75106.58,2026-01-13,243.8,9155.49,10757.89,3204797.65,3194039.75,17.44,9,rotation (out of top-N),2026-01-12,272.87,,5,-1,,82.19,,161,2026-01-26,271.36,,5,-1,,70.74,,175
SELL,1580,ENLT,2026-02-24,69.89,5402.28,2026-01-27,57.49,155.29,188.77,66963.64,66774.87,21.5,19,equal-weight sizing trim,2026-01-26,55.62,,5,-1,,76.3,,266,2026-02-23,67.22,,5,-1,,85.02,,294
SELL,1580,ENLT,2026-03-10,74.38,8516.83,2026-01-27,57.76,245.98,316.74,141527.67,141210.93,28.7,29,equal-weight sizing trim,2026-01-26,55.62,,5,-1,,76.3,,266,2026-03-09,70.19,,5,-1,,79.84,,308
SELL,1580,ENLT,2026-03-24,73.31,351227.38,2026-01-27,58.27,10232.89,12874.24,5282703.39,5269829.15,25.75,39,rotation (out of top-N),2026-01-26,55.62,,5,-1,,76.3,,266,2026-03-23,66.04,,5,-1.0,,59.23,,322
SELL,1581,ALB,2026-02-03,172.23,100832.51,2026-01-27,188.48,9502.46,8683.19,-1638528.35,-1647211.54,-8.67,5,rotation (out of top-N),2026-01-26,170.16,4.9,5,-1,1.1,77.19,2.79,154,2026-02-02,162.99,5.7,5,-1,0.3,65.26,4.05,161
SELL,1582,LITE,2026-02-03,453.36,9955.97,2026-01-27,341.76,1701.3,2256.79,1110986.25,1108729.45,32.58,5,equal-weight sizing trim,2026-01-26,391.71,6.0,5,-1,0.0,110.33,4.46,224,2026-02-02,552.0,6,5,-1,0.0,178.14,8.44,231
SELL,1582,LITE,2026-02-10,548.56,6739.59,2026-01-27,341.76,1151.68,1848.53,1393713.67,1391865.14,60.43,10,equal-weight sizing trim,2026-01-26,391.71,6.0,5,-1,0.0,110.33,4.46,224,2026-02-09,562.38,6,5,-1,0.0,166.65,6.57,238
SELL,1582,LITE,2026-02-24,677.81,3684.09,2026-01-27,341.76,629.55,1248.56,1238021.52,1236772.96,98.23,19,equal-weight sizing trim,2026-01-26,391.71,6.0,5,-1,0.0,110.33,4.46,224,2026-02-23,701.36,5.8,5,-1,0.2,190.69,4.22,252
SELL,1582,LITE,2026-03-03,729.73,1338.88,2026-01-27,341.76,228.79,488.51,519439.08,518950.57,113.41,24,equal-weight sizing trim,2026-01-26,391.71,6.0,5,-1,0.0,110.33,4.46,224,2026-03-02,558.23,6,5,-1,0.0,120.27,6.25,259
SELL,1582,LITE,2026-03-10,677.07,33889.6,2026-01-27,341.76,5791.14,11472.73,11363181.66,11351708.93,98.01,29,ratchet-ATR exit,2026-01-26,391.71,6.0,5,-1,0.0,110.33,4.46,224,2026-03-09,622.14,6,5,-1,0.0,133.06,5.66,266
SELL,1583,STX,2026-02-03,449.78,6678.33,2026-01-27,360.67,1204.34,1501.89,595106.27,593604.38,24.64,5,equal-weight sizing trim,2026-01-26,406.78,5.6,5,-1,0.4,96.79,3.96,245,2026-02-02,428.61,6,5,-1,0.0,99.23,5.11,252
SELL,1583,STX,2026-02-24,409.26,50865.91,2026-01-27,366.29,9315.91,10408.69,2185566.16,2175157.47,11.67,19,rotation (out of top-N),2026-01-26,406.78,5.6,5,-1,0.4,96.79,3.96,245,2026-02-23,407.25,5.3,5,-1,0.7,70.83,3.52,273
SELL,1584,TER,2026-02-03,257.95,93.4,2026-01-27,236.59,11.05,12.05,1994.97,1982.93,8.97,5,equal-weight sizing trim,2026-01-26,240.84,4.2,5,-1,1.8,75.46,1.78,161,2026-02-02,300.02,5.2,5,-1,0.8,109.99,3.26,168
SELL,1584,TER,2026-02-10,311.61,11733.16,2026-01-27,236.59,1387.97,1828.08,880221.57,878393.49,31.64,10,equal-weight sizing trim,2026-01-26,240.84,4.2,5,-1,1.8,75.46,1.78,161,2026-02-09,314.49,5.4,5,-1,0.6,111.34,3.53,175
SELL,1584,TER,2026-03-10,298.07,80188.33,2026-01-27,248.05,9945.27,11950.87,4011195.52,3999244.65,20.11,29,ratchet-ATR exit,2026-01-26,240.84,4.2,5,-1,1.8,75.46,1.78,161,2026-03-09,286.4,6,5,-1,0.0,67.63,4.81,203
SELL,1585,MKSI,2026-02-10,257.56,3596.3,2026-01-27,220.73,396.91,463.13,132434.72,131971.59,16.62,10,equal-weight sizing trim,2026-01-26,235.0,,5,-1,,84.97,,175,2026-02-09,260.28,,5,-1,,91.73,,189
SELL,1585,MKSI,2026-02-24,255.47,82877.31,2026-01-27,220.73,9146.95,10586.33,2878764.17,2868177.84,15.68,19,rotation (out of top-N),2026-01-26,235.0,,5,-1,,84.97,,175,2026-02-23,244.38,,5,-1,,69.7,,203
SELL,1586,CIEN,2026-02-03,277.8,5104.8,2026-01-27,238.73,609.35,709.06,199418.91,198709.85,16.31,5,equal-weight sizing trim,2026-01-26,251.72,5.3,5,-1,0.7,75.91,3.41,217,2026-02-02,271.62,6,5,-1,0.0,83.45,5.27,224
SELL,1586,CIEN,2026-02-10,288.29,458.85,2026-01-27,238.74,54.77,66.14,22738.16,22672.02,20.7,10,equal-weight sizing trim,2026-01-26,251.72,5.3,5,-1,0.7,75.91,3.41,217,2026-02-09,303.76,6,5,-1,0.0,97.52,5.1,231
SELL,1586,CIEN,2026-02-24,342.05,4233.95,2026-01-27,238.74,505.4,724.11,437430.45,436706.34,43.2,19,equal-weight sizing trim,2026-01-26,251.72,5.3,5,-1,0.7,75.91,3.41,217,2026-02-23,348.66,5.4,5,-1,0.6,108.97,3.55,245
SELL,1586,CIEN,2026-03-17,360.0,4892.46,2026-01-27,247.61,605.72,880.64,549849.05,548968.41,45.32,34,equal-weight sizing trim,2026-01-26,251.72,5.3,5,-1,0.7,75.91,3.41,217,2026-03-16,384.07,5.6,5,-1,0.4,105.81,3.87,266
SELL,1586,CIEN,2026-03-24,405.68,5386.36,2026-01-27,247.61,666.87,1092.56,851378.14,850285.58,63.75,39,equal-weight sizing trim,2026-01-26,251.72,5.3,5,-1,0.7,75.91,3.41,217,2026-03-23,401.82,6,5,-1,0.0,106.28,4.9,273
SELL,1586,CIEN,2026-04-07,436.03,4289.18,2026-01-27,257.19,551.56,935.11,767091.63,766156.52,69.45,48,equal-weight sizing trim,2026-01-26,251.72,5.3,5,-1,0.7,75.91,3.41,217,2026-04-06,496.01,5.7,5,-1,0.3,131.44,4.08,287
SELL,1586,CIEN,2026-06-02,587.2,111021.42,2026-01-27,358.81,19917.92,32595.89,25355934.92,25323339.03,63.57,87,rotation (out of top-N),2026-01-26,251.72,5.3,5,-1,0.7,75.91,3.41,217,2026-06-01,562.52,4.6,5,-1,1.4,83.58,2.38,343
SELL,1587,ATRO,2026-02-03,65.49,291978.99,2026-01-27,65.09,9502.46,9560.85,116791.59,107230.74,0.56,5,rotation (out of top-N),2026-01-26,63.49,,5,-1,,74.28,,329,2026-02-02,63.47,,5,-1,,69.16,,336
SELL,1588,BLTE,2026-03-03,170.02,127687.35,2026-01-27,167.2,10674.69,10854.7,360032.2,349177.5,1.64,24,rotation (out of top-N),2026-01-26,168.74,,5,-1,,80.04,,175,2026-03-02,173.28,,5,-1.0,,59.6,,210
SELL,1589,LQDA,2026-02-03,44.56,449182.51,2026-01-27,42.31,9502.46,10007.79,1010660.66,1000652.87,5.27,5,rotation (out of top-N),2026-01-26,42.42,,5,-1,,74.27,,378,2026-02-02,43.0,,5,-1,,71.85,,385
SELL,1590,POWL,2026-02-10,185.8,24471.58,2026-02-03,148.44,1816.28,2273.41,914258.1,911984.69,25.11,5,equal-weight sizing trim,2026-02-02,194.68,,5,-1,,100.13,,182,2026-02-09,194.41,,5,-1,,93.08,,189
SELL,1590,POWL,2026-02-24,182.05,114886.33,2026-02-03,148.44,8526.86,10457.53,3861329.63,3850872.1,22.58,14,rotation (out of top-N),2026-02-02,194.68,,5,-1,,100.13,,182,2026-02-23,174.85,,5,-1,,63.96,,203
SELL,1591,FORM,2026-02-10,94.59,50149.76,2026-02-03,75.0,1880.62,2371.83,982433.81,980061.98,26.06,5,equal-weight sizing trim,2026-02-02,90.29,,5,-1,,104.74,,126,2026-02-09,96.73,,5,-1,,111.34,,133
SELL,1591,FORM,2026-03-10,89.09,263428.12,2026-02-03,77.99,10272.38,11734.41,2924057.12,2912322.71,14.18,24,ratchet-ATR exit,2026-02-02,90.29,,5,-1,,104.74,,126,2026-03-09,89.9,,5,-1,,73.31,,161
SELL,1592,ACMR,2026-02-24,65.87,341143.36,2026-02-03,63.8,10883.19,11235.56,704727.63,693492.07,3.19,14,rotation (out of top-N),2026-02-02,62.45,,5,-1,,81.47,,357,2026-02-23,55.6,,5,-0.4,,48.75,,378
SELL,1593,VSXY,2026-02-10,62.04,358981.14,2026-02-03,57.62,10343.14,11135.59,1584901.72,1573766.12,7.61,5,rotation (out of top-N),2026-02-02,62.4,,5,-1,,87.33,,126,2026-02-09,58.51,,5,-1,,70.63,,133
SELL,1594,SLGL,2026-02-24,80.75,48575.77,2026-02-03,62.67,1522.14,1961.25,878210.6,876249.35,28.78,14,equal-weight sizing trim,2026-02-02,62.7,,5,-1,,120.93,,259,2026-02-23,90.0,,5,-1,,166.88,,280
SELL,1594,SLGL,2026-03-03,90.0,20924.83,2026-02-03,62.67,655.69,941.62,571858.63,570917.01,43.54,19,equal-weight sizing trim,2026-02-02,62.7,,5,-1,,120.93,,259,2026-03-02,78.77,,5,-1,,121.84,,287
SELL,1594,SLGL,2026-03-10,84.92,274780.61,2026-02-03,62.67,8610.36,11667.18,6113645.97,6101978.79,35.43,24,ratchet-ATR exit,2026-02-02,62.7,,5,-1,,120.93,,259,2026-03-09,84.92,,5,-1,,126.8,,294
SELL,1595,UCTT,2026-02-10,54.19,41776.13,2026-02-03,47.48,991.77,1131.92,280317.86,279185.94,14.08,5,equal-weight sizing trim,2026-02-02,48.33,,5,-1.0,,81.22,,119,2026-02-09,55.36,,5,-1,,100.95,,126
SELL,1595,UCTT,2026-03-10,53.22,410248.6,2026-02-03,47.99,9843.97,10916.72,2145498.7,2134581.98,10.84,24,ratchet-ATR exit,2026-02-02,48.33,,5,-1.0,,81.22,,119,2026-03-09,54.96,,5,-1,,76.55,,154
SELL,1596,COHR,2026-02-10,233.3,89161.19,2026-02-03,232.01,10343.14,10400.65,115017.94,104617.28,0.51,5,rotation (out of top-N),2026-02-02,227.52,6,5,-1,0.0,79.89,6.21,203,2026-02-09,217.1,6,5,-1,0.0,66.82,5.49,210
SELL,1597,LASR,2026-02-10,55.0,410401.51,2026-02-03,50.41,10343.14,11286.04,1885794.93,1874508.88,9.06,5,rotation (out of top-N),2026-02-02,51.18,,5,-1,,78.28,,259,2026-02-09,52.23,,5,-1,,75.71,,266
SELL,1598,FET,2026-02-24,58.74,45701.84,2026-02-10,47.18,1078.11,1342.26,528313.26,526971.0,24.44,9,equal-weight sizing trim,2026-02-09,50.08,,5,-1,,77.61,,245,2026-02-23,58.21,,5,-1,,91.84,,259
SELL,1598,FET,2026-03-17,55.53,434845.82,2026-02-10,47.92,10419.73,12073.49,3307525.54,3295452.04,15.81,24,ratchet-ATR exit,2026-02-09,50.08,,5,-1,,77.61,,245,2026-03-16,56.37,,5,-1,,69.41,,280
SELL,1599,ICHR,2026-02-24,51.86,41096.79,2026-02-10,42.54,874.13,1065.64,383022.06,381956.42,21.85,9,equal-weight sizing trim,2026-02-09,46.81,,5,1.4,,126.63,,35,2026-02-23,47.5,,5,1.2,,113.65,,49
SELL,1599,ICHR,2026-03-10,41.97,549150.72,2026-02-10,42.94,11790.89,11523.93,-533915.38,-545439.31,-2.31,19,ratchet-ATR exit,2026-02-09,46.81,,5,1.4,,126.63,,35,2026-03-09,41.46,,5,-0.0,,77.01,,63
SELL,1600,SPHR,2026-02-24,113.28,221044.42,2026-02-10,96.52,10667.6,12519.96,3704704.51,3692184.56,17.31,9,rotation (out of top-N),2026-02-09,115.34,,5,-1,,80.27,,217,2026-02-23,118.98,,5,-1,,75.2,,231
SELL,1601,FBRX,2026-02-24,28.67,728412.69,2026-02-10,29.29,10667.6,10441.8,-451615.87,-462057.66,-2.17,9,rotation (out of top-N),2026-02-09,31.44,,5,-1,,92.98,,147,2026-02-23,30.32,,5,-1,,74.43,,161
SELL,1602,NKTR,2026-02-24,73.2,451682.18,2026-02-10,47.23,10667.6,16531.57,11727927.72,11711396.15,54.89,9,rotation (out of top-N),2026-02-09,71.35,,5,-1,,83.95,,224,2026-02-23,68.93,,5,-1,,64.68,,238
SELL,1603,IPGP,2026-02-24,136.01,193350.02,2026-02-10,110.34,10667.6,13148.77,4962328.18,4949179.41,23.2,9,rotation (out of top-N),2026-02-09,154.09,,5,-1,,91.71,,210,2026-02-23,131.39,,5,-0.8,,56.93,,224
SELL,1604,VAL,2026-02-24,94.18,10838.74,2026-02-10,80.7,437.34,510.4,146106.2,145595.8,16.65,9,equal-weight sizing trim,2026-02-09,95.85,,5,-1,,87.54,,217,2026-02-23,95.84,,5,-1,,77.37,,231
SELL,1604,VAL,2026-03-03,90.63,253538.06,2026-02-10,80.7,10230.26,11489.08,2517632.93,2506143.85,12.25,14,rotation (out of top-N),2026-02-09,95.85,,5,-1,,87.54,,217,2026-03-02,87.51,,5,-0.9,,58.29,,238
SELL,1605,GLW,2026-02-24,147.16,2477.69,2026-02-10,129.51,160.44,182.31,43731.29,43548.99,13.57,9,equal-weight sizing trim,2026-02-09,132.96,5.4,5,-1,0.6,76.77,3.62,259,2026-02-23,150.17,5.7,5,-1,0.3,87.55,3.98,273
SELL,1605,GLW,2026-03-03,150.91,162260.22,2026-02-10,129.51,10507.16,12243.35,3472368.77,3460125.43,16.47,14,rotation (out of top-N),2026-02-09,132.96,5.4,5,-1,0.6,76.77,3.62,259,2026-03-02,123.12,5.3,5,-0.5,0.2,50.29,4.21,280
SELL,1606,PVLA,2026-03-03,133.68,27243.07,2026-02-24,112.45,1531.74,1820.93,578370.46,576549.53,18.82,5,equal-weight sizing trim,2026-02-23,135.63,,5,-1,,103.47,,378,2026-03-02,134.52,,5,-1,,93.78,,385
SELL,1606,PVLA,2026-03-10,138.2,1866.25,2026-02-24,112.45,104.93,128.96,48056.03,47927.07,22.84,10,equal-weight sizing trim,2026-02-23,135.63,,5,-1,,103.47,,378,2026-03-09,121.74,,5,-1,,69.5,,392
SELL,1606,PVLA,2026-03-17,119.83,183129.67,2026-02-24,112.45,10296.47,10972.21,1351496.97,1340524.76,6.51,15,rotation (out of top-N),2026-02-23,135.63,,5,-1,,103.47,,378,2026-03-16,112.37,,5,-0.6,,51.85,,399
SELL,1607,SII,2026-03-10,164.13,159962.27,2026-02-24,150.31,12022.05,13127.3,2210508.46,2197381.15,9.14,10,rotation (out of top-N),2026-02-23,161.56,,5,-1,,85.97,,371,2026-03-09,147.22,,5,-1,,60.73,,385
SELL,1608,SYRE,2026-03-10,41.64,597680.43,2026-02-24,44.04,13159.97,12443.71,-1432520.25,-1444963.96,-5.49,10,rotation (out of top-N),2026-02-23,43.0,,5,-1,,81.69,,133,2026-03-09,39.74,,5,-1.0,,59.86,,147
SELL,1609,AAOI,2026-03-03,91.52,185333.26,2026-02-24,52.39,4854.8,8480.85,7252090.38,7243609.53,74.6,5,equal-weight sizing trim,2026-02-23,84.23,,5,-1,,174.8,,168,2026-03-02,95.48,,5,-1,,192.41,,175
SELL,1609,AAOI,2026-03-10,112.31,44861.71,2026-02-24,52.39,1175.15,2519.1,2687889.13,2685370.04,114.26,10,equal-weight sizing trim,2026-02-23,84.23,,5,-1,,174.8,,168,2026-03-09,96.97,,5,-1,,179.8,,182
SELL,1609,AAOI,2026-03-24,97.24,10560.98,2026-02-24,60.66,320.32,513.47,386303.72,385790.24,60.22,20,equal-weight sizing trim,2026-02-23,84.23,,5,-1,,174.8,,168,2026-03-23,98.39,,5,-1,,156.67,,196
SELL,1609,AAOI,2026-03-31,86.51,278689.85,2026-02-24,60.66,8452.89,12054.73,7203683.65,7191628.92,42.54,25,ratchet-ATR exit,2026-02-23,84.23,,5,-1,,174.8,,168,2026-03-30,103.89,,5,-1,,157.95,,203
SELL,1610,IMOS,2026-03-03,37.74,618137.15,2026-02-24,38.61,11933.14,11664.25,-537779.32,-549443.57,-2.3,5,rotation (out of top-N),2026-02-23,44.02,,5,-1,,82.87,,147,2026-03-02,38.24,,5,-0.8,,55.6,,154
SELL,1611,MU,2026-03-17,452.34,6682.09,2026-02-24,423.45,1414.78,1511.29,193013.11,191501.82,6.77,15,equal-weight sizing trim,2026-02-23,412.53,4.9,5,-1,1.1,90.14,2.82,259,2026-03-16,422.69,4.9,5,-1,1.1,76.5,2.8,280
SELL,1611,MU,2026-03-24,401.17,57451.74,2026-02-24,423.45,12164.11,11523.96,-1280305.1,-1291829.06,-5.31,20,rotation (out of top-N),2026-02-23,412.53,4.9,5,-1,1.1,90.14,2.82,259,2026-03-23,357.12,4.6,5,-0.3,0.7,45.57,3.46,287
SELL,1612,COHR,2026-03-03,286.74,7530.84,2026-02-24,254.5,958.3,1079.7,242794.42,241714.73,12.61,5,equal-weight sizing trim,2026-02-23,258.9,5.7,5,-1,0.3,86.41,4.11,224,2026-03-02,235.59,6,5,-1,0.0,64.88,5.2,231
SELL,1612,COHR,2026-03-10,259.43,86246.27,2026-02-24,254.5,10974.84,11187.43,425194.11,414006.67,1.89,10,ratchet-ATR exit,2026-02-23,258.9,5.7,5,-1,0.3,86.41,4.11,224,2026-03-09,242.82,6,5,-1,0.0,65.22,6.04,238
SELL,1613,AU,2026-03-03,109.51,212371.2,2026-02-24,112.38,11933.14,11628.38,-609505.34,-621133.73,-2.6,5,rotation (out of top-N),2026-02-23,122.1,,5,-1,,77.56,,392,2026-03-02,101.76,,5,-0.2,,44.77,,399
SELL,1614,LASR,2026-03-03,68.16,58764.64,2026-02-24,56.61,1663.33,2002.7,678731.62,676728.92,20.34,5,equal-weight sizing trim,2026-02-23,56.1,,5,-1,,76.17,,280,2026-03-02,58.62,,5,-1,,78.0,,287
SELL,1614,LASR,2026-03-17,68.28,24180.64,2026-02-24,57.22,691.84,825.53,267374.59,266549.06,19.26,15,equal-weight sizing trim,2026-02-23,56.1,,5,-1,,76.17,,280,2026-03-16,65.78,,5,-1,,86.61,,301
SELL,1614,LASR,2026-03-31,55.51,385842.06,2026-02-24,57.4,11073.52,10708.08,-730874.16,-741582.24,-3.35,25,rotation (out of top-N),2026-02-23,56.1,,5,-1,,76.17,,280,2026-03-30,60.19,,5,-1,,60.75,,315
SELL,1615,DNTH,2026-03-10,81.11,148955.53,2026-03-03,53.62,3993.5,6040.89,4094787.42,4088746.52,51.19,5,equal-weight sizing trim,2026-03-02,65.25,,5,-1,,86.44,,189,2026-03-09,77.83,,5,-1,,113.38,,196
SELL,1615,DNTH,2026-03-31,80.0,7895.25,2026-03-03,55.87,220.54,315.81,190544.61,190228.8,43.13,20,equal-weight sizing trim,2026-03-02,65.25,,5,-1,,86.44,,189,2026-03-30,85.93,,5,-1,,108.19,,217
SELL,1615,DNTH,2026-04-28,87.77,445275.97,2026-03-03,64.12,14275.79,19539.82,10528061.05,10508521.22,36.81,39,rotation (out of top-N),2026-03-02,65.25,,5,-1,,86.44,,189,2026-04-27,87.36,,5,-1,,81.25,,245
SELL,1616,ESLT,2026-03-10,869.77,29982.52,2026-03-03,824.41,12358.95,13038.95,1360007.15,1346968.2,5.45,5,rotation (out of top-N),2026-03-02,934.36,,5,-1,,74.36,,504,2026-03-09,869.69,,5,-0.9,,58.95,,511
SELL,1617,MRNA,2026-03-10,55.16,30933.94,2026-03-03,50.47,780.62,853.16,145080.19,144227.04,9.24,5,equal-weight sizing trim,2026-03-02,52.52,6.7,5,-0.3,0.7,66.24,5.06,77,2026-03-09,52.58,6.6,5,-0.4,0.6,63.18,6.09,84
SELL,1617,MRNA,2026-03-17,54.08,458820.17,2026-03-03,50.47,11578.33,12405.35,1654046.71,1641641.36,7.09,10,rotation (out of top-N),2026-03-02,52.52,6.7,5,-0.3,0.7,66.24,5.06,77,2026-03-16,51.4,5.6,5,-0.3,1.2,56.52,3.45,91
SELL,1618,NBR,2026-03-10,80.26,324552.13,2026-03-03,76.16,12358.95,13024.28,1330663.72,1317639.45,5.33,5,rotation (out of top-N),2026-03-02,78.67,,5,-1,,65.53,,140,2026-03-09,76.62,,5,-0.9,,57.36,,147
SELL,1619,CELC,2026-03-10,115.6,15672.28,2026-03-03,105.36,825.62,905.86,160484.16,159578.3,9.66,5,equal-weight sizing trim,2026-03-02,114.92,,5,-1,,69.51,,238,2026-03-09,114.21,,5,-1,,62.4,,245
SELL,1619,CELC,2026-03-17,115.03,218931.84,2026-03-03,105.36,11533.33,12592.41,2118165.53,2105573.12,9.13,10,rotation (out of top-N),2026-03-02,114.92,,5,-1,,69.51,,238,2026-03-16,106.05,,5,-0.3,,45.93,,252
SELL,1620,ATEX,2026-03-10,38.64,683759.06,2026-03-03,36.15,12358.95,13210.23,1702560.06,1689349.83,6.83,5,rotation (out of top-N),2026-03-02,39.63,,5,1.5,,64.27,,28,2026-03-09,37.04,,5,1.8,,52.09,,35
SELL,1621,BE,2026-03-17,152.72,167805.67,2026-03-10,150.75,12647.93,12814.06,332255.23,319441.17,1.26,5,rotation (out of top-N),2026-03-09,154.53,,5,-1,,71.71,,280,2026-03-16,150.12,,5,-1,,61.08,,287
SELL,1622,ANAB,2026-03-17,42.41,11507.6,2026-03-10,40.52,233.14,244.02,21749.36,21505.34,4.61,5,equal-weight sizing trim,2026-03-09,43.26,,5,-1,,79.98,,266,2026-03-16,41.6,,5,-1,,68.51,,273
SELL,1622,ANAB,2026-03-24,41.22,612773.4,2026-03-10,40.52,12414.79,12629.26,428941.38,416312.12,1.68,10,rotation (out of top-N),2026-03-09,43.26,,5,-1,,79.98,,266,2026-03-23,38.24,,5,-0.6,,51.4,,280
SELL,1623,NKTR,2026-03-17,73.0,365283.27,2026-03-10,69.25,12647.93,13332.84,1369812.25,1356479.41,5.36,5,rotation (out of top-N),2026-03-09,73.32,,5,-1,,63.19,,252,2026-03-16,72.18,,5,-0.8,,55.16,,259
SELL,1624,ORKA,2026-03-17,41.83,748398.41,2026-03-10,33.8,12647.93,15652.75,6009639.23,5993986.48,23.7,5,rotation (out of top-N),2026-03-09,39.88,,5,-1,,67.16,,203,2026-03-16,38.86,,5,-0.9,,58.52,,210
SELL,1625,VAL,2026-03-17,92.95,281158.9,2026-03-10,89.97,12647.93,13066.86,837853.52,824786.66,3.26,5,rotation (out of top-N),2026-03-09,93.9,,5,-1,,65.93,,245,2026-03-16,92.44,,5,-1,,60.11,,252
SELL,1626,DOCN,2026-03-17,72.01,78884.71,2026-03-10,57.52,2268.72,2840.24,1143039.45,1140199.2,25.13,5,equal-weight sizing trim,2026-03-09,68.57,,5,-1,,61.08,,161,2026-03-16,82.72,,5,-1,,88.13,,168
SELL,1626,DOCN,2026-03-24,84.78,41241.92,2026-03-10,57.52,1186.12,1748.24,1124254.68,1122506.44,47.32,10,equal-weight sizing trim,2026-03-09,68.57,,5,-1,,61.08,,161,2026-03-23,81.42,,5,-1,,79.66,,175
SELL,1626,DOCN,2026-04-07,85.59,341482.96,2026-03-10,58.89,10054.79,14613.76,9117951.25,9103337.49,45.27,19,rotation (out of top-N),2026-03-09,68.57,,5,-1,,61.08,,161,2026-04-06,75.68,,5,-0.9,,57.57,,189
SELL,1627,CGON,2026-03-17,65.39,413364.92,2026-03-10,61.2,12647.93,13514.97,1734065.84,1720550.87,6.8,5,rotation (out of top-N),2026-03-09,64.28,,5,-1,,60.8,,189,2026-03-16,65.09,,5,-0.9,,58.93,,196
SELL,1628,SII,2026-03-17,149.19,154120.92,2026-03-10,164.13,12647.93,11496.65,-2302566.51,-2314063.16,-9.15,5,rotation (out of top-N),2026-03-09,147.22,,5,-1,,60.73,,385,2026-03-16,134.06,,5,-0.2,,43.55,,392
SELL,1629,SYRE,2026-03-17,44.05,17463.02,2026-03-10,41.64,363.58,384.58,41998.56,41613.98,5.72,5,equal-weight sizing trim,2026-03-09,39.74,,5,-1.0,,59.86,,147,2026-03-16,41.26,,5,-1,,62.05,,154
SELL,1629,SYRE,2026-03-31,49.2,108074.19,2026-03-10,41.61,2248.31,2658.35,820086.18,817427.82,18.18,15,equal-weight sizing trim,2026-03-09,39.74,,5,-1.0,,59.86,,147,2026-03-30,47.54,,5,-1,,75.59,,168
SELL,1629,SYRE,2026-04-14,67.68,68404.91,2026-03-10,42.31,1447.16,2314.82,1735320.28,1733005.46,59.88,24,equal-weight sizing trim,2026-03-09,39.74,,5,-1.0,,59.86,,147,2026-04-13,72.9,,5,-1,,148.0,,182
SELL,1629,SYRE,2026-06-09,73.63,1027029.61,2026-03-10,56.16,28837.63,37810.1,17944931.62,17907121.53,31.05,63,rotation (out of top-N),2026-03-09,39.74,,5,-1.0,,59.86,,147,2026-06-08,80.79,5.5,5,-1,0.5,97.8,3.77,238
SELL,1630,ESLT,2026-03-17,936.77,1341.56,2026-03-10,869.77,583.42,628.37,89884.56,89256.19,7.65,5,equal-weight sizing trim,2026-03-09,869.69,,5,-0.9,,58.95,,511,2026-03-16,918.66,,5,-1,,64.39,,518
SELL,1630,ESLT,2026-03-24,887.24,27741.84,2026-03-10,869.77,12064.51,12306.83,484649.88,472343.05,1.96,10,rotation (out of top-N),2026-03-09,869.69,,5,-0.9,,58.95,,511,2026-03-23,867.23,,5,-0.6,,52.23,,525
SELL,1631,NBR,2026-03-17,79.0,315174.01,2026-03-10,80.26,12647.93,12449.37,-397119.26,-409568.63,-1.62,5,rotation (out of top-N),2026-03-09,76.62,,5,-0.9,,57.36,,147,2026-03-16,79.87,,5,-1,,60.33,,154
SELL,1632,TPL,2026-03-17,532.06,47327.99,2026-03-10,534.48,12647.93,12590.67,-114533.75,-127124.41,-0.5,5,rotation (out of top-N),2026-03-09,531.53,6.1,5,1.7,2.8,56.05,2.67,28,2026-03-16,518.85,5.5,5,1.9,2.9,50.68,2.3,35
SELL,1633,VRT,2026-03-17,260.65,95043.65,2026-03-10,266.15,12647.93,12386.56,-522740.05,-535126.61,-2.12,5,rotation (out of top-N),2026-03-09,258.93,5.8,5,-0.8,0.0,55.87,4.82,259,2026-03-16,255.71,4.8,5,-0.5,0.7,50.65,3.42,266
SELL,1634,COKE,2026-03-17,213.39,121661.53,2026-03-10,207.92,12647.93,12980.68,665488.59,652507.92,2.58,5,rotation (out of top-N),2026-03-09,216.33,,5,-0.7,,54.37,,133,2026-03-16,200.84,,5,-0.0,,40.97,,140
SELL,1635,TSEM,2026-03-24,173.24,31561.83,2026-03-17,138.17,2180.45,2733.89,1106873.48,1104139.6,25.32,5,equal-weight sizing trim,2026-03-16,163.67,,5,-1,,82.89,,231,2026-03-23,171.89,,5,-1,,85.22,,238
SELL,1635,TSEM,2026-04-07,188.94,4769.23,2026-03-17,139.12,331.74,450.55,237618.76,237168.21,35.75,14,equal-weight sizing trim,2026-03-16,163.67,,5,-1,,82.89,,231,2026-04-06,203.47,,5,-1,,102.28,,252
SELL,1635,TSEM,2026-04-21,220.01,172919.8,2026-03-17,145.65,12592.86,19022.04,12858361.25,12839339.21,50.98,24,rotation (out of top-N),2026-03-16,163.67,,5,-1,,82.89,,231,2026-04-20,200.62,,5,-1,,84.2,,266
SELL,1636,PARR,2026-03-24,58.81,18082.47,2026-03-17,54.24,490.4,531.71,82636.87,82105.16,8.37,5,equal-weight sizing trim,2026-03-16,61.42,,5,-1,,62.88,,301,2026-03-23,65.64,,5,-1,,69.83,,308
SELL,1636,PARR,2026-03-31,63.52,36462.04,2026-03-17,54.24,988.85,1158.03,338367.76,337209.72,17.05,10,equal-weight sizing trim,2026-03-16,61.42,,5,-1,,62.88,,301,2026-03-30,64.93,,5,-1,,63.92,,315
SELL,1636,PARR,2026-04-07,66.78,424340.56,2026-03-17,54.24,11508.12,14168.73,5321230.64,5307061.91,23.06,14,rotation (out of top-N),2026-03-16,61.42,,5,-1,,62.88,,301,2026-04-06,62.76,,5,-0.8,,55.37,,322
SELL,1637,FORM,2026-03-24,99.47,13686.34,2026-03-17,90.78,621.22,680.69,118934.27,118253.58,9.52,5,equal-weight sizing trim,2026-03-16,92.13,,5,-1,,72.74,,168,2026-03-23,98.0,,5,-1,,78.27,,175
SELL,1637,FORM,2026-04-07,103.66,4039.18,2026-03-17,90.91,183.59,209.35,51511.42,51302.07,13.97,14,equal-weight sizing trim,2026-03-16,92.13,,5,-1,,72.74,,168,2026-04-06,123.67,,5,-1,,110.08,,189
SELL,1637,FORM,2026-04-14,128.63,3512.23,2026-03-17,90.91,159.64,225.9,132509.09,132283.19,41.43,19,equal-weight sizing trim,2026-03-16,92.13,,5,-1,,72.74,,168,2026-04-13,137.28,,5,-1,,123.58,,196
SELL,1637,FORM,2026-04-21,145.52,7593.17,2026-03-17,90.91,345.14,552.48,414685.59,414133.11,60.0,24,equal-weight sizing trim,2026-03-16,92.13,,5,-1,,72.74,,168,2026-04-20,155.09,,5,-1,,140.84,,203
SELL,1637,FORM,2026-05-12,143.69,369705.2,2026-03-17,102.33,18915.8,26561.47,15291343.44,15264781.97,40.35,39,rotation (out of top-N),2026-03-16,92.13,,5,-1,,72.74,,168,2026-05-11,126.25,6,5,-1,0.0,74.4,5.88,224
SELL,1638,LITE,2026-03-24,739.25,6822.93,2026-03-17,597.38,2037.93,2521.93,968003.89,965481.97,23.69,5,equal-weight sizing trim,2026-03-16,705.64,6,5,-1,0.0,149.77,5.31,273,2026-03-23,702.37,6,5,-1,0.0,135.82,5.8,280
SELL,1638,LITE,2026-04-07,771.99,1641.34,2026-03-17,603.79,495.51,633.55,276079.04,275445.49,27.79,14,equal-weight sizing trim,2026-03-16,705.64,6,5,-1,0.0,149.77,5.31,273,2026-04-06,898.0,6.0,5,-1,0.0,167.05,4.48,294
SELL,1638,LITE,2026-05-05,975.83,2.34,2026-03-17,668.56,0.78,1.14,720.02,718.88,45.89,34,equal-weight sizing trim,2026-03-16,705.64,6,5,-1,0.0,149.77,5.31,273,2026-05-04,903.12,5.9,5,-1,0.1,116.67,4.35,322
SELL,1638,LITE,2026-05-19,873.17,59363.91,2026-03-17,712.22,21139.95,25917.39,9554894.21,9528976.81,22.54,44,ratchet-ATR exit,2026-03-16,705.64,6,5,-1,0.0,149.77,5.31,273,2026-05-18,946.68,6,5,-1,0.0,106.28,5.74,336
SELL,1639,ICHR,2026-03-24,49.0,3981.78,2026-03-17,46.63,92.84,97.55,9436.83,9339.27,5.03,5,equal-weight sizing trim,2026-03-16,46.84,,5,-0.2,,93.9,,70,2026-03-23,45.23,,5,-0.3,,81.96,,77
SELL,1639,ICHR,2026-04-14,61.5,25193.13,2026-03-17,46.36,584.01,774.69,381351.39,380576.7,32.58,19,equal-weight sizing trim,2026-03-16,46.84,,5,-0.2,,93.9,,70,2026-04-13,65.74,,5,-0.6,,139.16,,98
SELL,1639,ICHR,2026-05-12,72.96,35899.13,2026-03-17,50.6,908.34,1309.6,802526.84,801217.24,44.1,39,equal-weight sizing trim,2026-03-16,46.84,,5,-0.2,,93.9,,70,2026-05-11,73.35,5.6,5,-1,0.4,125.28,3.84,126
SELL,1639,ICHR,2026-05-19,63.81,827997.73,2026-03-17,50.6,20950.39,26417.27,10933751.22,10907333.95,26.03,44,ratchet-ATR exit,2026-03-16,46.84,,5,-0.2,,93.9,,70,2026-05-18,68.96,6,5,-1,0.0,103.81,5.7,133
SELL,1640,VICR,2026-03-24,174.34,139574.03,2026-03-17,186.1,12987.36,12166.67,-1641390.55,-1653557.21,-6.37,5,rotation (out of top-N),2026-03-16,164.37,,5,-1,,76.49,,182,2026-03-23,153.01,,5,-1.0,,59.63,,189
SELL,1641,APA,2026-03-24,39.45,61826.51,2026-03-17,34.69,1072.38,1219.53,294294.2,293074.67,13.66,5,equal-weight sizing trim,2026-03-16,38.86,4.4,5,-1,1.6,62.07,2.14,210,2026-03-23,44.09,5.3,5,-1,0.7,79.22,3.42,217
SELL,1641,APA,2026-03-31,43.29,64299.84,2026-03-17,34.69,1115.28,1391.77,552978.62,551586.85,24.73,10,equal-weight sizing trim,2026-03-16,38.86,4.4,5,-1,1.6,62.07,2.14,210,2026-03-30,41.76,5.1,5,-1,0.9,65.72,3.2,224
SELL,1641,APA,2026-04-07,43.45,622640.62,2026-03-17,34.69,10799.7,13526.87,5454331.83,5440804.96,25.19,14,rotation (out of top-N),2026-03-16,38.86,4.4,5,-1,1.6,62.07,2.14,210,2026-04-06,38.37,4.5,5,-0.5,1.0,49.35,3.03,231
SELL,1642,TER,2026-04-07,310.55,1264.37,2026-03-17,294.48,186.17,196.32,20313.85,20117.52,5.4,14,equal-weight sizing trim,2026-03-16,290.65,5.1,5,-1,0.9,65.1,3.13,210,2026-04-06,367.72,5.0,5,-1,1.0,89.91,3.02,231
SELL,1642,TER,2026-04-28,383.5,105551.48,2026-03-17,302.21,15949.49,20239.5,8580004.27,8559764.78,26.83,29,rotation (out of top-N),2026-03-16,290.65,5.1,5,-1,0.9,65.1,3.13,210,2026-04-27,345.31,5.4,5,-1,0.6,60.45,3.65,252
SELL,1643,PBF,2026-03-24,47.66,21862.06,2026-03-17,43.99,480.86,520.97,80233.77,79712.8,8.29,5,equal-weight sizing trim,2026-03-16,48.9,,5,-1,,61.47,,210,2026-03-23,50.91,,5,-1,,64.32,,217
SELL,1643,PBF,2026-03-31,49.01,568606.82,2026-03-17,43.99,12506.51,13933.71,2854406.25,2840472.54,11.36,10,rotation (out of top-N),2026-03-16,48.9,,5,-1,,61.47,,210,2026-03-30,45.08,,5,-0.1,,42.74,,224
SELL,1644,PRAX,2026-04-07,308.52,95455.42,2026-03-17,302.97,14460.11,14724.95,529695.71,514970.75,1.78,14,rotation (out of top-N),2026-03-16,297.95,,5,-1,,72.93,,154,2026-04-06,314.69,,5,-1,,64.0,,175
SELL,1645,SLGL,2026-03-24,76.24,305872.89,2026-03-17,84.92,12987.36,11659.87,-2654976.73,-2666636.6,-10.27,5,ratchet-ATR exit,2026-03-16,76.94,,5,-1,,96.37,,301,2026-03-23,77.75,,5,-1,,89.9,,308
SELL,1646,UCTT,2026-03-24,62.61,28118.41,2026-03-17,56.35,792.24,880.25,176021.24,175141.0,11.05,5,equal-weight sizing trim,2026-03-16,57.63,,5,-1,,79.67,,161,2026-03-23,58.9,,5,-1,,78.22,,168
SELL,1646,UCTT,2026-05-05,80.49,577360.34,2026-03-17,60.05,17334.07,23235.87,11803603.32,11780367.45,33.98,34,ratchet-ATR exit,2026-03-16,57.63,,5,-1,,79.67,,161,2026-05-04,87.1,5.4,5,-1,0.6,112.33,3.55,210
SELL,1647,COHR,2026-03-24,258.08,110530.75,2026-03-17,235.0,12987.36,14262.89,2551049.71,2536786.82,9.77,5,rotation (out of top-N),2026-03-16,252.21,6,5,-1,0.0,66.66,5.34,245,2026-03-23,243.53,5.8,5,-0.8,0.0,56.72,5.24,252
SELL,1648,BE,2026-03-24,140.51,170075.14,2026-03-17,152.72,12987.36,11949.05,-2076617.5,-2088566.55,-8.04,5,rotation (out of top-N),2026-03-16,150.12,,5,-1,,61.08,,287,2026-03-23,133.35,,5,0.1,,38.92,,294
SELL,1649,FET,2026-03-31,59.94,2016.12,2026-03-24,59.97,60.45,60.42,-50.4,-110.83,-0.09,5,equal-weight sizing trim,2026-03-23,62.05,,5,-1,,80.71,,287,2026-03-30,59.07,,5,-1,,67.24,,294
SELL,1649,FET,2026-04-07,60.28,449684.89,2026-03-24,59.97,13482.68,13553.5,141650.74,128097.24,0.48,9,rotation (out of top-N),2026-03-23,62.05,,5,-1,,80.71,,287,2026-04-06,60.06,,5,-1,,65.3,,301
SELL,1650,AGX,2026-03-31,521.55,6535.42,2026-03-24,465.27,1520.37,1704.27,367813.24,366108.97,12.04,5,equal-weight sizing trim,2026-03-23,565.11,,5,-1,,80.32,,1176,2026-03-30,572.47,,5,-1,,77.66,,1183
SELL,1650,AGX,2026-04-14,598.42,52388.72,2026-03-24,466.64,12223.25,15675.23,6903950.3,6888275.07,28.18,14,rotation (out of top-N),2026-03-23,565.11,,5,-1,,80.32,,1176,2026-04-13,600.8,,5,-1,,75.77,,1197
SELL,1651,MEOH,2026-03-31,61.6,493914.14,2026-03-24,54.84,13543.13,15212.56,3338859.56,3323647.01,12.27,5,rotation (out of top-N),2026-03-23,65.06,,5,-1,,60.77,,147,2026-03-30,59.65,,5,-0.3,,45.08,,154
SELL,1652,NBR,2026-03-31,89.41,314152.76,2026-03-24,86.22,13543.13,14044.2,1002147.31,988103.12,3.65,5,rotation (out of top-N),2026-03-23,89.6,,5,-1,,74.87,,161,2026-03-30,79.8,,5,-0.6,,51.89,,168
SELL,1653,ELVN,2026-03-31,36.76,167727.43,2026-03-24,30.06,2520.94,3082.41,1122935.17,1119852.76,22.21,5,equal-weight sizing trim,2026-03-23,38.92,,5,-0.3,,72.47,,77,2026-03-30,38.77,,5,-0.4,,68.43,,84
SELL,1653,ELVN,2026-04-21,45.31,824630.55,2026-03-24,31.5,12986.46,18682.01,11391085.64,11372403.63,43.79,19,rotation (out of top-N),2026-03-23,38.92,,5,-0.3,,72.47,,77,2026-04-20,44.22,,5,-0.8,,78.16,,105
SELL,1654,ORKA,2026-03-31,46.26,88700.11,2026-03-24,40.34,1789.3,2051.63,524661.17,522609.53,14.6,5,equal-weight sizing trim,2026-03-23,44.48,,5,-1,,75.6,,217,2026-03-30,53.36,,5,-1,,102.2,,224
SELL,1654,ORKA,2026-04-07,55.58,48716.56,2026-03-24,40.35,982.73,1353.71,741953.18,740599.47,37.68,9,equal-weight sizing trim,2026-03-23,44.48,,5,-1,,75.6,,217,2026-04-06,59.59,,5,-1,,116.19,,231
SELL,1654,ORKA,2026-04-21,69.25,10492.63,2026-03-24,42.34,222.12,363.31,282370.3,282006.99,63.48,19,equal-weight sizing trim,2026-03-23,44.48,,5,-1,,75.6,,217,2026-04-20,68.97,,5,-1,,127.63,,245
SELL,1654,ORKA,2026-04-28,78.5,39135.01,2026-03-24,42.34,828.46,1536.05,1415173.31,1413637.26,85.32,24,equal-weight sizing trim,2026-03-23,44.48,,5,-1,,75.6,,217,2026-04-27,62.54,,5,-1,,98.49,,252
SELL,1654,ORKA,2026-05-05,67.17,539077.43,2026-03-24,42.34,11411.92,18103.57,13383304.15,13365200.58,58.56,29,rotation (out of top-N),2026-03-23,44.48,,5,-1,,75.6,,217,2026-05-04,64.57,6.0,5,-1,0.0,96.97,4.47,259
SELL,1655,VAL,2026-03-31,99.58,283685.08,2026-03-24,95.48,13543.13,14124.68,1163108.82,1148984.14,4.24,5,rotation (out of top-N),2026-03-23,102.71,,5,-1,,73.59,,259,2026-03-30,98.01,,5,-1,,61.81,,266
SELL,1656,VICR,2026-03-31,147.46,155364.52,2026-03-24,174.34,13543.13,11455.03,-4176198.42,-4187653.45,-15.46,5,rotation (out of top-N),2026-03-23,153.01,,5,-1.0,,59.63,,189,2026-03-30,155.53,,5,-0.9,,57.78,,196
SELL,1657,ENLT,2026-04-07,67.45,416328.78,2026-03-31,64.71,13470.32,14040.69,1140740.86,1126700.17,4.18,4,rotation (out of top-N),2026-03-30,69.6,,5,-1,,63.27,,329,2026-04-06,74.77,,5,-1,,70.43,,336
SELL,1658,AEHR,2026-04-07,49.32,199184.15,2026-03-31,33.64,3350.28,4911.88,3123207.55,3118295.67,46.54,4,equal-weight sizing trim,2026-03-30,44.4,,5,-1,,73.16,,266,2026-04-06,70.39,,5,-1,,160.61,,273
SELL,1658,AEHR,2026-04-14,72.58,100504.27,2026-03-31,33.64,1690.48,3647.05,3913133.59,3909486.54,115.63,9,equal-weight sizing trim,2026-03-30,44.4,,5,-1,,73.16,,266,2026-04-13,83.87,,5,-1,,191.66,,280
SELL,1658,AEHR,2026-04-21,89.83,55393.69,2026-03-31,33.64,931.72,2487.87,3112294.47,3109806.6,166.88,14,equal-weight sizing trim,2026-03-30,44.4,,5,-1,,73.16,,266,2026-04-20,95.94,,5,-1,,211.71,,287
SELL,1658,AEHR,2026-05-19,81.15,629514.75,2026-03-31,49.35,15532.73,25542.56,20019671.04,19994128.48,64.36,34,ratchet-ATR exit,2026-03-30,44.4,,5,-1,,73.16,,266,2026-05-18,94.95,6,5,-1,0.0,146.54,9.59,315
SELL,1659,SPHR,2026-04-07,126.26,248644.54,2026-03-31,108.35,13470.32,15696.93,4453223.63,4437526.7,16.47,4,rotation (out of top-N),2026-03-30,127.16,,5,-1,,65.08,,266,2026-04-06,128.45,,5,-1,,62.28,,273
SELL,1660,DAR,2026-04-07,64.17,439201.75,2026-03-31,61.34,13470.32,14090.69,1240744.95,1226654.26,4.55,4,rotation (out of top-N),2026-03-30,64.67,,5,-1,,64.43,,126,2026-04-06,61.27,,5,-0.7,,53.65,,133
SELL,1661,GLW,2026-04-14,173.33,206586.81,2026-03-31,131.29,13560.97,17903.85,8685746.67,8667842.83,31.96,9,rotation (out of top-N),2026-03-30,147.66,6,5,-1,0.0,63.42,5.31,308,2026-04-13,164.16,4.8,5,-1,1.2,70.74,2.73,322
SELL,1662,SLGL,2026-04-07,77.01,371928.42,2026-03-31,72.44,13470.32,14321.1,1701572.54,1687251.44,6.26,4,rotation (out of top-N),2026-03-30,83.9,,5,-1,,95.77,,315,2026-04-06,75.6,,5,-1,,69.65,,322
SELL,1663,VAL,2026-04-07,98.84,270542.63,2026-03-31,99.58,13470.32,13370.22,-200201.55,-213571.77,-0.79,4,rotation (out of top-N),2026-03-30,98.01,,5,-1,,61.81,,266,2026-04-06,97.58,,5,-0.9,,57.7,,273
SELL,1664,COHR,2026-04-07,251.59,2393.79,2026-03-31,223.87,267.95,301.13,66355.99,66054.86,12.33,4,equal-weight sizing trim,2026-03-30,257.97,6,5,-1,0.0,61.57,6.35,259,2026-04-06,307.11,6,5,-1,0.0,86.05,4.82,266
SELL,1664,COHR,2026-04-14,317.42,3360.73,2026-03-31,223.87,376.18,533.38,314396.35,313862.97,41.72,9,equal-weight sizing trim,2026-03-30,257.97,6,5,-1,0.0,61.57,6.35,259,2026-04-13,344.96,5.6,5,-1,0.4,101.31,3.97,273
SELL,1664,COHR,2026-04-21,353.81,1414.5,2026-03-31,223.87,158.33,250.23,183800.26,183550.03,57.96,14,equal-weight sizing trim,2026-03-30,257.97,6,5,-1,0.0,61.57,6.35,259,2026-04-20,336.18,5.1,5,-1,0.9,89.64,3.21,280
SELL,1664,COHR,2026-04-28,303.65,113171.51,2026-03-31,223.87,12667.85,17182.26,9028822.89,9011640.63,35.57,19,rotation (out of top-N),2026-03-30,257.97,6,5,-1,0.0,61.57,6.35,259,2026-04-27,329.65,5.6,5,-1,0.4,80.12,3.83,287
SELL,1665,POWL,2026-04-14,232.57,3895.18,2026-04-07,185.04,360.38,452.95,185137.81,184684.86,25.62,5,equal-weight sizing trim,2026-04-06,230.94,,5,-1,,85.73,,245,2026-04-13,240.78,,5,-1,,87.24,,252
SELL,1665,POWL,2026-05-12,309.42,178311.97,2026-04-07,194.54,17344.43,27586.64,20484425.05,20456838.41,58.97,25,rotation (out of top-N),2026-04-06,230.94,,5,-1,,85.73,,245,2026-05-11,292.47,5.3,5,-1,0.7,96.35,3.42,280
SELL,1666,SNDK,2026-04-14,963.27,3287.45,2026-04-07,722.59,1187.73,1583.35,791239.83,789656.48,33.24,5,equal-weight sizing trim,2026-04-06,851.04,5.4,5,-1,0.6,183.22,3.58,999,2026-04-13,920.79,5.6,5,-1,0.4,185.65,3.87,999
SELL,1666,SNDK,2026-04-28,1026.99,1935.27,2026-04-07,748.22,724.01,993.76,539500.31,538506.56,37.19,15,equal-weight sizing trim,2026-04-06,851.04,5.4,5,-1,0.6,183.22,3.58,999,2026-04-27,1188.14,5.3,5,-1,0.7,217.11,3.46,999
SELL,1666,SNDK,2026-05-05,1293.2,2013.45,2026-04-07,748.22,753.25,1301.9,1097283.44,1095981.55,72.75,20,equal-weight sizing trim,2026-04-06,851.04,5.4,5,-1,0.6,183.22,3.58,999,2026-05-04,1562.14,6,5,-1,0.0,278.53,4.73,999
SELL,1666,SNDK,2026-05-19,1294.45,40489.11,2026-04-07,772.05,15629.89,26205.56,21151338.54,21125132.98,67.58,30,ratchet-ATR exit,2026-04-06,851.04,5.4,5,-1,0.6,183.22,3.58,999,2026-05-18,1478.76,5.9,5,-1,0.1,206.4,4.35,999
SELL,1667,STX,2026-05-05,757.61,7861.88,2026-04-07,459.97,1808.13,2978.12,2339978.94,2337000.82,64.62,20,equal-weight sizing trim,2026-04-06,503.37,5.7,5,-1,0.3,79.64,4.07,315,2026-05-04,782.53,5.4,5,-1,0.6,136.17,3.61,343
SELL,1667,STX,2026-05-19,716.36,74001.98,2026-04-07,494.18,18285.1,26506.03,16441860.57,16415354.54,44.89,30,ratchet-ATR exit,2026-04-06,503.37,5.7,5,-1,0.3,79.64,4.07,315,2026-05-18,812.98,6,5,-1,0.0,123.35,5.0,357
SELL,1668,VICR,2026-04-14,188.0,372.0,2026-04-07,153.01,28.46,34.97,13016.38,12981.41,22.81,5,equal-weight sizing trim,2026-04-06,185.69,,5,-1,,81.93,,203,2026-04-13,217.63,,5,-1,,104.64,,210
SELL,1668,VICR,2026-04-21,207.06,87.75,2026-04-07,153.01,6.71,9.09,4743.11,4734.03,35.26,10,equal-weight sizing trim,2026-04-06,185.69,,5,-1,,81.93,,203,2026-04-20,273.7,,5,-1,,144.37,,217
SELL,1668,VICR,2026-04-28,252.95,26083.53,2026-04-07,153.01,1995.52,3298.92,2606788.44,2603489.52,65.23,15,equal-weight sizing trim,2026-04-06,185.69,,5,-1,,81.93,,203,2026-04-27,268.56,,5,-1,,128.46,,224
SELL,1668,VICR,2026-05-19,234.0,204122.4,2026-04-07,172.2,17575.01,23882.32,12614626.72,12590744.4,35.82,30,rotation (out of top-N),2026-04-06,185.69,,5,-1,,81.93,,203,2026-05-18,268.63,6,5,-1,0.0,100.36,4.57,245
SELL,1669,AAOI,2026-04-14,152.73,31167.44,2026-04-07,110.13,1716.24,2380.1,1327733.09,1325352.99,38.61,5,equal-weight sizing trim,2026-04-06,150.48,,5,-1,,247.36,,210,2026-04-13,159.41,,5,-1,,242.11,,217
SELL,1669,AAOI,2026-05-05,177.09,19752.81,2026-04-07,116.55,1151.07,1749.01,1195891.51,1194142.49,51.87,20,equal-weight sizing trim,2026-04-06,150.48,,5,-1,,247.36,,210,2026-05-04,148.99,6,5,-1,0.0,161.24,5.96,238
SELL,1669,AAOI,2026-06-09,206.05,21145.64,2026-04-07,131.68,1392.18,2178.53,1572703.14,1570524.61,56.41,44,equal-weight sizing trim,2026-04-06,150.48,,5,-1,,247.36,,210,2026-06-08,169.03,6,5,-1,0.0,122.38,9.44,273
SELL,1669,AAOI,2026-06-16,194.95,348270.03,2026-04-07,131.68,22929.26,33947.62,22036721.95,22002774.33,47.98,49,rotation (out of top-N),2026-04-06,150.48,,5,-1,,247.36,,210,2026-06-15,161.76,6,5,-1,0.0,103.78,6.91,280
SELL,1670,FBRX,2026-04-14,32.0,1123887.19,2026-04-07,26.39,14829.69,17982.2,6305007.16,6287024.96,21.2,5,rotation (out of top-N),2026-04-06,35.0,,5,-1,,77.53,,203,2026-04-13,33.72,,5,-1,,66.15,,210
SELL,1671,ANAB,2026-04-14,45.33,724282.86,2026-04-07,40.95,14829.69,16415.87,3172358.92,3155943.05,10.64,5,rotation (out of top-N),2026-04-06,46.71,,5,-1,,75.48,,294,2026-04-13,44.88,,5,-1,,64.37,,301
SELL,1672,WDC,2026-06-16,685.48,17347.94,2026-04-07,338.99,2940.35,5945.83,6010965.26,6005019.42,102.11,49,equal-weight sizing trim,2026-04-06,343.46,5.8,5,-1,0.2,98.56,4.2,322,2026-06-15,710.22,5.9,5,-1,0.1,154.77,4.4,392
SELL,1672,WDC,2026-06-23,663.48,467.62,2026-04-07,338.99,79.26,155.13,151737.71,151582.58,95.63,53,equal-weight sizing trim,2026-04-06,343.46,5.8,5,-1,0.2,98.56,4.2,322,2026-06-22,738.78,5.9,5,-1,0.1,150.79,4.4,399
SELL,1672,WDC,2026-06-30,633.5,115666.47,2026-04-07,338.99,19604.63,36637.36,34065446.21,34028808.85,86.79,58,ratchet-ATR exit,2026-04-06,343.46,5.8,5,-1,0.2,98.56,4.2,322,2026-06-29,594.69,5.7,5,-1,0.3,93.85,3.98,406
SELL,1673,AEIS,2026-04-14,382.38,89147.53,2026-04-07,332.7,14829.69,17044.12,4428849.26,4411805.15,14.87,5,rotation (out of top-N),2026-04-06,379.75,,5,-1,,71.72,,308,2026-04-13,376.37,,5,-1,,65.77,,315
SELL,1674,CAR,2026-04-14,354.99,33658.86,2026-04-07,217.9,3667.05,5974.28,4614461.45,4608487.17,62.84,5,equal-weight sizing trim,2026-04-06,299.8,,5,2.0,,106.07,,0,2026-04-13,494.17,,5,1.9,,222.87,,7
SELL,1674,CAR,2026-04-21,624.0,102458.92,2026-04-07,217.9,11162.64,31967.18,41609078.44,41577111.26,186.23,10,rotation (out of top-N),2026-04-06,299.8,,5,2.0,,106.07,,0,2026-04-20,204.1,,5,3.1,,33.1,,14
SELL,1675,ENLT,2026-04-21,83.44,457221.8,2026-04-14,79.51,18176.85,19076.44,1799167.77,1780091.33,4.9,5,rotation (out of top-N),2026-04-13,81.85,,5,-1,,80.74,,343,2026-04-20,87.72,,5,-1,,87.22,,350
SELL,1676,AMKR,2026-04-21,69.66,10973.96,2026-04-14,62.06,340.52,382.22,83402.1,83019.87,12.19,5,equal-weight sizing trim,2026-04-13,67.29,,5,-1,,79.5,,245,2026-04-20,78.04,,5,-1,,100.59,,252
SELL,1676,AMKR,2026-04-28,65.71,574809.23,2026-04-14,62.06,17836.33,18885.36,2098053.7,2079168.34,5.83,10,rotation (out of top-N),2026-04-13,67.29,,5,-1,,79.5,,245,2026-04-27,70.99,,5,-1,,76.79,,259
SELL,1677,RVMD,2026-04-21,147.68,268332.63,2026-04-14,135.48,18176.85,19813.68,3273658.11,3253844.43,8.95,5,rotation (out of top-N),2026-04-13,148.66,,5,-1,,101.71,,210,2026-04-20,135.3,,5,-1,,77.73,,217
SELL,1678,BE,2026-05-05,295.41,13465.36,2026-04-14,203.73,1371.63,1988.9,1234543.34,1232554.44,44.93,15,equal-weight sizing trim,2026-04-13,207.84,,5,-1,,94.33,,315,2026-05-04,261.1,6,5,-1,0.0,110.36,5.2,336
SELL,1678,BE,2026-06-02,279.51,224681.31,2026-04-14,220.16,24732.86,31400.34,13334944.71,13303544.38,26.89,34,rotation (out of top-N),2026-04-13,207.84,,5,-1,,94.33,,315,2026-06-01,263.74,6,5,-1,0.0,78.52,5.77,364
SELL,1679,ONTO,2026-04-21,296.17,142184.39,2026-04-14,255.68,18176.85,21055.38,5757045.97,5735990.6,15.78,5,rotation (out of top-N),2026-04-13,290.6,,5,-1,,81.62,,175,2026-04-20,308.11,,5,-1,,86.41,,182
SELL,1680,MRVL,2026-04-28,147.7,269466.67,2026-04-21,148.52,20010.6,19900.11,-220962.67,-240862.79,-0.6,5,rotation (out of top-N),2026-04-20,164.25,,5,-1,,88.3,,189,2026-04-27,164.88,,5,-1,,84.22,,196
SELL,1681,TTMI,2026-05-05,159.2,316379.05,2026-04-21,128.38,20307.84,25183.77,9751867.5,9726683.73,23.95,10,rotation (out of top-N),2026-04-20,149.04,,5,-1,,97.62,,350,2026-05-04,157.21,6,5,-1,0.0,93.82,5.45,364
SELL,1682,MXL,2026-04-28,49.8,340116.86,2026-04-21,33.63,5719.92,8468.91,5497989.0,5489520.09,47.99,5,equal-weight sizing trim,2026-04-20,60.36,,5,-1,,233.52,,238,2026-04-27,77.23,,5,-1,,293.63,,245
SELL,1682,MXL,2026-05-05,80.19,217716.29,2026-04-21,33.63,3661.44,8729.33,10135782.01,10127052.68,138.29,10,equal-weight sizing trim,2026-04-20,60.36,,5,-1,,233.52,,238,2026-05-04,99.86,6,5,-1,0.0,359.42,7.55,252
SELL,1682,MXL,2026-05-12,97.97,15378.17,2026-04-21,33.64,258.62,753.26,989277.77,988524.51,191.11,15,equal-weight sizing trim,2026-04-20,60.36,,5,-1,,233.52,,238,2026-05-11,92.21,6,5,-1,0.0,289.67,8.63,259
SELL,1682,MXL,2026-06-09,82.4,789597.03,2026-04-21,46.1,18199.17,32531.4,28664457.81,28631926.41,78.66,34,ratchet-ATR exit,2026-04-20,60.36,,5,-1,,233.52,,238,2026-06-08,84.5,6,5,-1,0.0,172.32,7.05,287
SELL,1683,ANAB,2026-04-28,70.33,180880.73,2026-04-21,51.14,4625.12,6360.67,3471101.12,3464740.45,37.46,5,equal-weight sizing trim,2026-04-20,58.91,,5,-1,,107.84,,308,2026-04-27,66.76,,5,-1,,125.81,,315
SELL,1683,ANAB,2026-05-12,67.03,708302.06,2026-04-21,54.21,19199.16,23738.74,9079176.59,9055437.85,23.58,15,rotation (out of top-N),2026-04-20,58.91,,5,-1,,107.84,,308,2026-05-11,63.21,5.1,5,-1,0.9,96.82,3.17,329
SELL,1684,INBX,2026-04-28,130.62,158162.61,2026-04-21,83.01,6564.54,10330.0,7530912.81,7520582.82,57.28,5,equal-weight sizing trim,2026-04-20,128.89,,5,-1,,109.35,,294,2026-04-27,128.86,,5,-1,,100.68,,301
SELL,1684,INBX,2026-05-05,131.36,323962.32,2026-04-21,83.01,13446.06,21277.85,15663578.1,15642300.26,58.17,10,rotation (out of top-N),2026-04-20,128.89,,5,-1,,109.35,,294,2026-05-04,134.31,6,5,-1,0.0,100.39,4.63,308
SELL,1685,INTC,2026-04-28,81.31,75029.72,2026-04-21,67.2,2521.19,3050.15,1057919.04,1054868.89,20.92,5,equal-weight sizing trim,2026-04-20,82.53,5.0,5,-1,1.0,107.98,3.06,252,2026-04-27,99.66,6.0,5,-1,0.0,139.25,4.44,259
SELL,1685,INTC,2026-05-05,100.5,16197.75,2026-04-21,67.2,544.28,813.98,539384.97,538571.0,49.48,10,equal-weight sizing trim,2026-04-20,82.53,5.0,5,-1,1.0,107.98,3.06,252,2026-05-04,124.91,4.8,5,-1,1.2,182.0,2.71,266
SELL,1685,INTC,2026-05-12,124.37,18547.84,2026-04-21,67.2,623.25,1153.4,1060287.43,1059134.03,84.97,15,equal-weight sizing trim,2026-04-20,82.53,5.0,5,-1,1.0,107.98,3.06,252,2026-05-11,108.87,6,5,-1,0.0,134.04,5.75,273
SELL,1685,INTC,2026-05-19,106.4,485733.81,2026-04-21,67.2,16321.87,25841.04,19038336.81,19012495.78,58.24,20,ratchet-ATR exit,2026-04-20,82.53,5.0,5,-1,1.0,107.98,3.06,252,2026-05-18,119.85,5.9,5,-1,0.1,145.09,4.38,280
SELL,1686,TSEM,2026-05-05,224.36,219107.02,2026-04-28,193.04,21148.21,24579.43,6862431.86,6837852.43,16.17,5,rotation (out of top-N),2026-04-27,217.95,,5,-1,,92.56,,273,2026-05-04,210.94,5.5,5,-1,0.5,79.76,3.73,280
SELL,1687,AGX,2026-05-05,724.41,65662.38,2026-04-28,644.15,21148.21,23783.24,5270062.25,5246279.0,12.4,5,rotation (out of top-N),2026-04-27,701.45,,5,-1,,92.35,,1211,2026-05-04,680.1,4.6,5,-1,1.4,80.85,2.41,1218
SELL,1688,DOCN,2026-05-05,130.92,43369.67,2026-04-28,98.25,2130.54,2838.98,1416887.26,1414048.28,33.19,5,equal-weight sizing trim,2026-04-27,102.72,,5,-1,,93.98,,210,2026-05-04,164.07,6,5,-1,0.0,190.84,4.9,217
SELL,1688,DOCN,2026-05-12,161.1,12139.31,2026-04-28,98.25,596.34,977.82,762955.87,761978.05,63.89,10,equal-weight sizing trim,2026-04-27,102.72,,5,-1,,93.98,,210,2026-05-11,154.8,5.9,5,-1,0.1,160.36,4.35,224
SELL,1688,DOCN,2026-06-09,171.69,2589.0,2026-04-28,105.06,136.01,222.26,172505.18,172282.92,63.34,29,equal-weight sizing trim,2026-04-27,102.72,,5,-1,,93.98,,210,2026-06-08,170.15,6,5,-1,0.0,134.29,6.26,252
SELL,1688,DOCN,2026-06-23,158.69,441957.78,2026-04-28,109.14,24117.83,35067.14,21898620.79,21863553.65,45.33,38,rotation (out of top-N),2026-04-27,102.72,,5,-1,,93.98,,210,2026-06-22,139.38,6,5,-1,0.0,77.24,5.58,266
SELL,1689,SIMO,2026-05-05,230.8,77596.07,2026-04-28,142.32,5521.74,8954.59,6865700.19,6856745.6,62.09,5,equal-weight sizing trim,2026-04-27,234.39,,5,-1,,122.28,,336,2026-05-04,253.62,6,5,-1,0.0,130.75,5.34,343
SELL,1689,SIMO,2026-06-23,311.0,40638.69,2026-04-28,171.16,3477.96,6319.32,5682713.63,5676394.31,81.61,38,equal-weight sizing trim,2026-04-27,234.39,,5,-1,,122.28,,336,2026-06-22,304.59,6,5,-1,0.0,109.66,6.23,392
SELL,1689,SIMO,2026-07-14,311.47,257369.05,2026-04-28,177.61,22855.68,40081.37,34451372.57,34411291.2,75.28,52,rotation (out of top-N),2026-04-27,234.39,,5,-1,,122.28,,336,2026-07-13,265.0,5.6,5,-1,0.4,64.79,3.89,413
SELL,1690,BAND,2026-05-05,44.99,619086.51,2026-04-28,24.23,7500.23,13926.35,12852236.02,12838309.67,85.59,5,equal-weight sizing trim,2026-04-27,44.89,,5,1.4,,175.73,,35,2026-05-04,49.91,7.3,5,1.3,1.3,190.35,7.8,42
SELL,1690,BAND,2026-05-19,56.52,214886.67,2026-04-28,26.17,2811.48,6072.7,6522426.92,6516354.23,115.89,15,equal-weight sizing trim,2026-04-27,44.89,,5,1.4,,175.73,,35,2026-05-18,61.4,6.9,5,1.1,1.3,216.64,4.2,56
SELL,1690,BAND,2026-06-09,69.98,43344.01,2026-04-28,28.62,620.24,1516.72,1792952.76,1791436.04,144.41,29,equal-weight sizing trim,2026-04-27,44.89,,5,1.4,,175.73,,35,2026-06-08,65.32,6.7,5,-0.3,0.7,180.12,4.9,77
SELL,1690,BAND,2026-06-16,52.44,1025377.43,2026-04-28,28.62,14672.82,26885.4,24425143.09,24398257.7,83.14,34,ratchet-ATR exit,2026-04-27,44.89,,5,1.4,,175.73,,35,2026-06-15,51.53,6.6,5,-0.4,0.6,112.99,7.27,84
SELL,1691,STRL,2026-05-19,742.75,72387.35,2026-05-05,735.79,26630.89,26882.85,503917.09,477034.24,0.9,10,rotation (out of top-N),2026-05-04,844.15,5.0,5,-1,1.0,123.84,3.04,357,2026-05-18,732.31,6,5,-1,0.0,82.07,4.51,371
SELL,1692,SITM,2026-05-12,876.0,19204.67,2026-05-05,574.57,5517.17,8411.65,5788960.82,5780549.17,52.39,5,equal-weight sizing trim,2026-05-04,832.98,4.5,5,-1,1.5,137.58,2.25,322,2026-05-11,774.02,5.5,5,-1,0.5,112.08,3.76,329
SELL,1692,SITM,2026-05-19,672.08,68962.0,2026-05-05,574.56,19811.58,23173.82,6724484.88,6701311.06,16.91,10,rotation (out of top-N),2026-05-04,832.98,4.5,5,-1,1.5,137.58,2.25,322,2026-05-18,729.33,6,5,-1,0.0,93.11,4.9,336
SELL,1693,MU,2026-05-12,773.18,4961.3,2026-05-05,609.64,1512.3,1917.99,811371.65,809453.66,26.76,5,equal-weight sizing trim,2026-05-04,747.1,5.2,5,-1,0.8,146.17,3.34,329,2026-05-11,724.09,6,5,-1,0.0,127.25,4.95,336
SELL,1693,MU,2026-05-19,664.7,78132.79,2026-05-05,609.64,23816.44,25967.43,4301991.69,4276024.25,8.98,10,ratchet-ATR exit,2026-05-04,747.1,5.2,5,-1,0.8,146.17,3.34,329,2026-05-18,751.09,6,5,-1,0.0,124.62,5.05,343
SELL,1694,AGL,2026-05-12,59.16,893351.85,2026-05-05,26.46,11819.04,26425.35,29212605.36,29186180.01,123.47,5,equal-weight sizing trim,2026-05-04,53.99,8.0,5,2.0,2.0,149.85,6.48,0,2026-05-11,81.86,7.9,5,1.9,1.9,254.22,7.96,7
SELL,1694,AGL,2026-05-19,84.71,350510.61,2026-05-05,26.46,4637.26,14845.88,20417242.85,20402396.97,219.98,10,equal-weight sizing trim,2026-05-04,53.99,8.0,5,2.0,2.0,149.85,6.48,0,2026-05-18,86.18,7.8,5,1.8,1.8,250.7,6.14,14
SELL,1694,AGL,2026-06-09,97.03,63764.51,2026-05-05,36.89,1176.21,3093.69,3834976.63,3831882.94,162.89,24,equal-weight sizing trim,2026-05-04,53.99,8.0,5,2.0,2.0,149.85,6.48,0,2026-06-08,111.27,7.1,5,1.4,1.8,274.85,3.95,35
SELL,1694,AGL,2026-06-16,110.72,20505.96,2026-05-05,36.89,378.25,1135.16,1513807.57,1512672.41,199.95,29,equal-weight sizing trim,2026-05-04,53.99,8.0,5,2.0,2.0,149.85,6.48,0,2026-06-15,113.08,7.3,5,1.3,1.3,255.1,6.13,42
SELL,1694,AGL,2026-07-07,108.44,26428.57,2026-05-05,39.01,515.45,1432.96,1835023.53,1833590.57,177.86,42,equal-weight sizing trim,2026-05-04,53.99,8.0,5,2.0,2.0,149.85,6.48,0,2026-07-06,115.21,6.4,5,-0.0,1.5,200.65,3.71,63
SELL,1694,AGL,2026-07-21,121.96,45882.76,2026-05-05,39.95,916.6,2797.93,3762665.77,3759867.84,205.1,52,equal-weight sizing trim,2026-05-04,53.99,8.0,5,2.0,2.0,149.85,6.48,0,2026-07-20,97.67,6.7,5,-0.3,0.7,128.25,5.14,77
SELL,1694,AGL,2026-07-28,91.36,676125.57,2026-05-05,39.95,13506.93,30885.42,34756973.84,34726088.42,128.55,57,ratchet-ATR exit,2026-05-04,53.99,8.0,5,2.0,2.0,149.85,6.48,0,2026-07-27,98.4,6.6,5,-0.4,0.6,120.38,5.53,84
SELL,1695,FLEX,2026-05-12,142.59,119416.71,2026-05-05,93.28,5569.6,8514.11,5889034.84,5880520.73,52.79,5,equal-weight sizing trim,2026-05-04,142.09,4.6,5,-1,1.4,118.03,2.34,350,2026-05-11,137.85,5.8,5,-1,0.2,104.66,4.2,357
SELL,1695,FLEX,2026-05-19,125.05,423652.4,2026-05-05,93.28,19759.15,26488.87,13459436.83,13432947.97,33.99,10,rotation (out of top-N),2026-05-04,142.09,4.6,5,-1,1.4,118.03,2.34,350,2026-05-18,132.46,5.5,5,-1,0.5,90.75,3.72,364
SELL,1696,AMD,2026-05-12,449.36,144077.04,2026-05-05,351.6,25328.74,32371.23,14084971.2,14052599.97,27.74,5,rotation (out of top-N),2026-05-04,455.07,5.0,5,-1,1.0,105.64,2.93,308,2026-05-11,423.97,5.4,5,-1,0.6,86.3,3.57,315
SELL,1697,HUT,2026-06-02,134.83,72719.17,2026-05-12,99.97,3634.84,4902.36,2535048.54,2530146.17,34.8,14,equal-weight sizing trim,2026-05-11,102.44,6,5,-1,0.0,104.65,5.78,294,2026-06-01,112.27,5.6,5,-1,0.4,97.67,3.96,315
SELL,1697,HUT,2026-06-16,121.25,582357.24,2026-05-12,101.9,29670.83,35305.41,11269148.62,11233843.21,18.93,24,rotation (out of top-N),2026-05-11,102.44,6,5,-1,0.0,104.65,5.78,294,2026-06-15,124.44,6,5,-1,0.0,102.55,4.61,329
SELL,1698,TSEM,2026-05-19,241.18,35546.29,2026-05-12,222.73,3958.61,4286.53,655828.96,651542.43,8.23,5,equal-weight sizing trim,2026-05-11,273.82,5.8,5,-1,0.2,122.65,4.16,287,2026-05-18,283.5,6,5,-1,0.0,119.94,6.05,294
SELL,1698,TSEM,2026-06-02,260.28,235546.56,2026-05-12,222.73,26231.64,30654.03,8844773.27,8814119.24,16.8,14,rotation (out of top-N),2026-05-11,273.82,5.8,5,-1,0.2,122.65,4.16,287,2026-06-01,235.11,6,5,-1,0.0,69.98,5.0,308
SELL,1699,VPG,2026-05-19,100.3,158464.04,2026-05-12,83.3,6600.03,7946.97,2693888.63,2685941.66,20.35,5,equal-weight sizing trim,2026-05-11,97.4,5.7,5,-1,0.3,131.94,4.02,357,2026-05-18,113.84,6,5,-1,0.0,157.84,6.2,364
SELL,1699,VPG,2026-06-09,129.2,15969.86,2026-05-12,83.67,668.13,1031.65,727043.29,726011.64,54.33,19,equal-weight sizing trim,2026-05-11,97.4,5.7,5,-1,0.3,131.94,4.02,357,2026-06-08,139.65,5.7,5,-1,0.3,170.93,4.1,385
SELL,1699,VPG,2026-06-30,145.23,5940.48,2026-05-12,86.36,256.52,431.37,349687.04,349255.67,68.07,33,equal-weight sizing trim,2026-05-11,97.4,5.7,5,-1,0.3,131.94,4.02,357,2026-06-29,121.13,6,5,-1,0.0,105.66,5.24,406
SELL,1699,VPG,2026-07-07,113.57,583389.81,2026-05-12,86.36,25192.21,33127.79,15871164.1,15838036.31,31.43,37,ratchet-ATR exit,2026-05-11,97.4,5.7,5,-1,0.3,131.94,4.02,357,2026-07-06,112.94,6,5,-1,0.0,85.43,7.22,413
SELL,1700,NBIS,2026-05-19,191.25,334833.41,2026-05-12,180.33,30190.25,32018.44,3656380.85,3624362.4,6.0,5,rotation (out of top-N),2026-05-11,220.12,6,5,-1,0.0,104.45,5.43,343,2026-05-18,214.76,6,5,-1,0.0,93.05,5.9,350
SELL,1701,STM,2026-06-02,76.3,3940.21,2026-05-19,59.92,118.05,150.32,64540.64,64390.32,27.27,9,equal-weight sizing trim,2026-05-18,66.83,5.6,5,-1,0.4,105.67,3.84,133,2026-06-01,70.6,4.9,5,-1,1.1,103.82,2.86,147
SELL,1701,STM,2026-06-23,71.98,1028880.01,2026-05-19,61.36,31565.62,37031.96,10932682.67,10895650.7,17.26,23,rotation (out of top-N),2026-05-18,66.83,5.6,5,-1,0.4,105.67,3.84,133,2026-06-22,71.23,5.0,5,-1,1.0,85.93,2.94,168
SELL,1702,TTMI,2026-06-02,178.03,369041.43,2026-05-19,153.86,28390.36,32849.3,8917886.15,8885036.85,15.65,9,rotation (out of top-N),2026-05-18,190.04,6,5,-1,0.0,116.29,4.77,378,2026-06-01,167.36,6,5,-1,0.0,77.73,5.67,392
SELL,1703,PENG,2026-06-02,62.86,101398.85,2026-05-19,45.54,2308.85,3186.97,1756228.11,1753041.14,37.96,9,equal-weight sizing trim,2026-05-18,53.2,7.5,5,1.5,1.5,123.34,5.83,28,2026-06-01,59.84,7.3,5,1.3,1.3,134.66,6.46,42
SELL,1703,PENG,2026-06-09,65.62,51847.95,2026-05-19,45.54,1180.58,1701.13,1041106.85,1039405.72,44.02,14,equal-weight sizing trim,2026-05-18,53.2,7.5,5,1.5,1.5,123.34,5.83,28,2026-06-08,64.12,7.2,5,1.2,1.2,142.13,7.58,49
SELL,1703,PENG,2026-06-23,61.67,4960.1,2026-05-19,47.81,118.56,152.94,68766.56,68613.62,28.94,23,equal-weight sizing trim,2026-05-18,53.2,7.5,5,1.5,1.5,123.34,5.83,28,2026-06-22,62.34,7.0,5,-0.0,0.9,119.64,7.37,63
SELL,1703,PENG,2026-07-07,62.43,15276.17,2026-05-19,47.95,366.27,476.85,221154.52,220677.67,30.13,32,equal-weight sizing trim,2026-05-18,53.2,7.5,5,1.5,1.5,123.34,5.83,28,2026-07-06,78.31,6.7,5,-0.3,0.7,156.53,6.97,77
SELL,1703,PENG,2026-07-14,79.12,191501.11,2026-05-19,47.95,4591.52,7575.78,5968532.1,5960956.31,64.91,37,equal-weight sizing trim,2026-05-18,53.2,7.5,5,1.5,1.5,123.34,5.83,28,2026-07-13,60.33,6.6,5,-0.4,0.6,91.47,7.52,84
SELL,1703,PENG,2026-07-21,55.63,1046927.76,2026-05-19,47.95,25101.62,29120.3,8037357.21,8008236.92,15.95,42,ratchet-ATR exit,2026-05-18,53.2,7.5,5,1.5,1.5,123.34,5.83,28,2026-07-20,53.79,6.5,5,-0.5,0.5,66.5,8.55,91
SELL,1704,ATEX,2026-06-09,67.07,19320.63,2026-05-19,55.1,532.26,647.92,231314.13,230666.21,21.67,14,equal-weight sizing trim,2026-05-18,63.73,6.1,5,-0.8,0.4,111.93,4.32,105,2026-06-08,82.57,5.7,5,-1,0.3,145.04,4.06,126
SELL,1704,ATEX,2026-06-16,82.0,99118.08,2026-05-19,55.1,2730.58,4063.84,2666513.14,2662449.3,48.75,19,equal-weight sizing trim,2026-05-18,63.73,6.1,5,-0.8,0.4,111.93,4.32,105,2026-06-15,74.41,6,5,-1,0.0,112.42,6.26,133
SELL,1704,ATEX,2026-06-30,96.09,122507.52,2026-05-19,55.81,3418.34,5886.18,4935685.03,4929798.85,72.11,28,equal-weight sizing trim,2026-05-18,63.73,6.1,5,-0.8,0.4,111.93,4.32,105,2026-06-29,105.16,6,5,-1,0.0,170.94,4.88,147
SELL,1704,ATEX,2026-07-07,105.39,148077.3,2026-05-19,55.81,4131.81,7802.93,7342240.13,7334437.2,88.76,32,equal-weight sizing trim,2026-05-18,63.73,6.1,5,-0.8,0.4,111.93,4.32,105,2026-07-06,101.05,5.7,5,-1,0.3,147.82,4.05,154
SELL,1704,ATEX,2026-07-21,104.36,3160.73,2026-05-19,59.46,93.97,164.93,141925.3,141760.37,75.43,42,equal-weight sizing trim,2026-05-18,63.73,6.1,5,-0.8,0.4,111.93,4.32,105,2026-07-20,93.86,6,5,-1,0.0,110.44,5.39,168
SELL,1704,ATEX,2026-07-28,93.18,790114.26,2026-05-19,59.46,23490.98,36811.42,26640888.36,26604076.93,56.63,47,ratchet-ATR exit,2026-05-18,63.73,6.1,5,-0.8,0.4,111.93,4.32,105,2026-07-27,92.82,5.0,5,-1,1.0,99.91,2.97,175
SELL,1705,ARM,2026-06-02,400.75,91543.01,2026-05-19,209.36,9582.72,18342.93,17520416.9,17502073.97,91.32,9,equal-weight sizing trim,2026-05-18,306.42,7.4,5,1.4,1.4,107.09,5.03,35,2026-06-01,343.04,7.2,5,1.2,1.2,116.48,5.56,49
SELL,1705,ARM,2026-06-09,362.25,179667.89,2026-05-19,209.36,18807.63,32542.8,27470322.13,27437779.33,72.94,14,ratchet-ATR exit,2026-05-18,306.42,7.4,5,1.4,1.4,107.09,5.03,35,2026-06-08,380.2,7.1,5,1.1,1.1,131.1,6.15,56
SELL,1706,MRVL,2026-06-02,253.75,63956.63,2026-05-19,163.3,5222.06,8114.5,5784877.13,5776762.63,55.31,9,equal-weight sizing trim,2026-05-18,196.29,6,5,-1,0.0,101.54,4.79,217,2026-06-01,263.4,6,5,-1,0.0,149.16,4.79,231
SELL,1706,MRVL,2026-06-09,299.79,44380.33,2026-05-19,163.3,3623.65,6652.39,6057471.85,6050819.46,83.49,14,equal-weight sizing trim,2026-05-18,196.29,6,5,-1,0.0,101.54,4.79,217,2026-06-08,279.62,6,5,-1,0.0,151.62,7.81,238
SELL,1706,MRVL,2026-07-07,234.81,304305.64,2026-05-19,189.68,28860.25,35727.0,13733497.85,13697770.84,23.73,32,rotation (out of top-N),2026-05-18,196.29,6,5,-1,0.0,101.54,4.79,217,2026-07-06,235.76,6,5,-1,0.0,81.61,4.68,266
SELL,1707,VICR,2026-06-02,325.96,242652.63,2026-05-19,234.0,28390.36,39547.52,22314335.45,22274787.92,39.23,9,rotation (out of top-N),2026-05-18,268.63,6,5,-1,0.0,100.36,4.57,245,2026-06-01,270.3,5.9,5,-1,0.1,84.31,4.37,259
SELL,1708,AMD,2026-06-09,503.22,142209.73,2026-05-19,415.03,29510.77,35781.39,12541230.37,12505448.98,21.19,14,rotation (out of top-N),2026-05-18,467.64,5.2,5,-1,0.8,99.14,3.29,322,2026-06-08,511.74,5.4,5,-1,0.6,95.85,3.61,343
SELL,1709,GFS,2026-06-02,81.18,858233.29,2026-05-19,66.16,28390.36,34835.69,12890664.0,12855828.31,22.64,9,rotation (out of top-N),2026-05-18,85.55,5.3,5,-1,0.7,97.96,3.45,161,2026-06-01,75.34,5.4,5,-1,0.6,65.94,3.56,175
SELL,1710,RKLB,2026-06-02,125.3,452399.92,2026-05-19,125.51,28390.36,28341.72,-97265.98,-125607.71,-0.22,9,rotation (out of top-N),2026-05-18,135.74,6,5,-1,0.0,97.5,6.51,693,2026-06-01,110.08,5.6,5,-0.6,0.0,51.32,6.76,707
SELL,1711,DELL,2026-06-02,464.53,86867.6,2026-05-19,234.76,10196.52,20176.3,19959567.8,19939391.5,97.78,9,equal-weight sizing trim,2026-05-18,295.23,6.2,5,-0.3,1.3,94.73,3.7,77,2026-06-01,461.52,6.5,5,-0.5,0.5,175.64,7.06,91
SELL,1711,DELL,2026-06-09,404.59,154999.48,2026-05-19,234.76,18193.84,31355.62,26323561.21,26292205.6,72.26,14,ratchet-ATR exit,2026-05-18,295.23,6.2,5,-0.3,1.3,94.73,3.7,77,2026-06-08,395.91,6.4,5,-0.6,0.4,127.22,4.59,98
SELL,1712,SMTC,2026-06-02,160.31,448203.93,2026-05-19,126.69,28390.36,35924.67,15068616.0,15032691.33,26.47,9,rotation (out of top-N),2026-05-18,156.73,6,5,-1,0.0,93.81,5.77,280,2026-06-01,150.79,6,5,-1,0.0,75.9,5.26,294
SELL,1713,AEHR,2026-06-09,102.37,28067.22,2026-06-02,98.71,1385.26,1436.62,102726.02,101289.4,3.66,5,equal-weight sizing trim,2026-06-01,98.46,6,5,-1,0.0,133.29,5.08,329,2026-06-08,108.53,6,5,-1,0.0,145.1,8.77,336
SELL,1713,AEHR,2026-06-23,103.0,704303.37,2026-06-02,98.78,34784.57,36269.86,2970589.36,2934319.5,4.22,14,rotation (out of top-N),2026-06-01,98.46,6,5,-1,0.0,133.29,5.08,329,2026-06-22,91.69,6,5,-1,0.0,90.84,5.44,350
SELL,1714,SNDK,2026-06-16,2131.95,4822.84,2026-06-02,1749.49,4218.75,5141.02,1844548.71,1839407.68,21.8,10,equal-weight sizing trim,2026-06-01,1749.55,5.7,5,-1,0.3,208.97,3.99,999,2026-06-15,1948.5,5.5,5,-1,0.5,194.95,3.8,999
SELL,1714,SNDK,2026-07-07,1614.93,40117.29,2026-06-02,1772.25,35548.86,32393.31,-6311103.2,-6343496.51,-8.92,23,ratchet-ATR exit,2026-06-01,1749.55,5.7,5,-1,0.3,208.97,3.99,999,2026-07-06,1816.25,6,5,-1,0.0,125.51,5.7,999
SELL,1715,STRL,2026-06-09,903.89,83051.64,2026-06-02,866.52,35982.95,37534.77,3103639.75,3066104.98,4.26,5,rotation (out of top-N),2026-06-01,881.35,5.0,5,-1,1.0,104.1,3.02,385,2026-06-08,859.24,6,5,-1,0.0,92.58,6.5,392
SELL,1716,STX,2026-06-16,1045.6,2765.08,2026-06-02,929.37,1284.89,1445.59,321397.57,319951.99,12.45,10,equal-weight sizing trim,2026-06-01,919.91,5.1,5,-1,0.9,129.47,3.21,371,2026-06-15,1058.03,5.5,5,-1,0.5,139.88,3.68,385
SELL,1716,STX,2026-06-30,964.73,77992.68,2026-06-02,930.67,36292.54,37620.74,2656410.75,2618790.01,3.61,19,ratchet-ATR exit,2026-06-01,919.91,5.1,5,-1,0.9,129.47,3.21,371,2026-06-29,900.88,6,5,-1,0.0,87.61,4.85,399
SELL,1717,NBIS,2026-06-09,228.6,264095.07,2026-06-02,272.5,35982.95,30186.07,-11593773.51,-11623959.58,-16.15,5,rotation (out of top-N),2026-06-01,227.91,6,5,-1,0.0,91.06,6.45,364,2026-06-08,232.34,6,5,-1,0.0,88.19,7.04,371
SELL,1718,MU,2026-06-16,1099.38,206.38,2026-06-02,1046.19,107.96,113.45,10976.64,10863.2,5.03,10,equal-weight sizing trim,2026-06-01,1031.9,6,5,-1,0.0,172.6,4.78,357,2026-06-15,1036.07,5.3,5,-1,0.7,145.65,3.39,371
SELL,1718,MU,2026-06-23,1080.09,1359.71,2026-06-02,1046.19,711.26,734.3,46081.82,45347.51,3.19,14,equal-weight sizing trim,2026-06-01,1031.9,6,5,-1,0.0,172.6,4.78,357,2026-06-22,1193.03,5.3,5,-1,0.7,166.58,3.41,378
SELL,1718,MU,2026-07-07,922.28,74007.69,2026-06-02,1050.13,38858.95,34127.91,-9462088.73,-9496216.64,-12.22,23,ratchet-ATR exit,2026-06-01,1031.9,6,5,-1,0.0,172.6,4.78,357,2026-07-06,1009.78,5.8,5,-1,0.2,105.44,4.25,392
SELL,1719,FLEX,2026-06-09,154.4,477924.73,2026-06-02,150.58,35982.95,36895.79,1825672.48,1788776.69,2.49,5,rotation (out of top-N),2026-06-01,151.89,5.4,5,-1,0.6,104.23,3.66,378,2026-06-08,149.66,5.9,5,-1,0.1,95.07,4.35,385
SELL,1720,INTC,2026-06-09,112.62,32749.73,2026-06-02,107.42,1759.07,1844.22,170298.62,168454.4,4.79,5,equal-weight sizing trim,2026-06-01,109.62,5.6,5,-1,0.4,105.75,3.87,294,2026-06-08,124.55,6,5,-1,0.0,123.29,5.5,301
SELL,1720,INTC,2026-06-16,125.08,637167.94,2026-06-02,107.42,34223.88,39846.89,11246014.14,11206167.25,16.37,10,rotation (out of top-N),2026-06-01,109.62,5.6,5,-1,0.4,105.75,3.87,294,2026-06-15,120.96,5.6,5,-1,0.4,107.83,3.95,308
SELL,1721,ICHR,2026-06-16,88.52,133763.12,2026-06-09,69.42,4643.25,5920.02,2553538.01,2547617.98,27.43,5,equal-weight sizing trim,2026-06-08,86.61,6,5,-1,0.0,127.53,5.01,154,2026-06-15,98.6,5.6,5,-1,0.4,145.83,3.9,161
SELL,1721,ICHR,2026-06-23,89.98,46492.1,2026-06-09,69.42,1613.86,2091.68,955645.2,953553.52,29.54,9,equal-weight sizing trim,2026-06-08,86.61,6,5,-1,0.0,127.53,5.01,154,2026-06-22,93.63,6,5,-1,0.0,122.99,5.03,168
SELL,1721,ICHR,2026-06-30,106.65,58448.75,2026-06-09,69.42,2028.9,3116.78,2175754.84,2172638.06,53.54,14,equal-weight sizing trim,2026-06-08,86.61,6,5,-1,0.0,127.53,5.01,154,2026-06-29,98.32,6,5,-1,0.0,123.38,5.72,175
SELL,1721,ICHR,2026-07-14,97.0,25040.37,2026-06-09,71.21,891.53,1214.46,645850.75,644636.29,36.15,23,equal-weight sizing trim,2026-06-08,86.61,6,5,-1,0.0,127.53,5.01,154,2026-07-13,82.82,6,5,-1,0.0,73.92,5.15,189
SELL,1721,ICHR,2026-07-21,89.1,853947.67,2026-06-09,71.21,30403.79,38043.37,15279152.63,15241109.26,25.06,28,ratchet-ATR exit,2026-06-08,86.61,6,5,-1,0.0,127.53,5.01,154,2026-07-20,86.38,6,5,-1,0.0,75.46,5.06,196
SELL,1722,VICR,2026-06-16,332.58,247978.01,2026-06-09,289.24,35862.58,41236.26,10747366.82,10706130.55,14.93,5,rotation (out of top-N),2026-06-08,303.58,6,5,-1,0.0,98.48,5.71,266,2026-06-15,331.56,5.4,5,-1,0.6,107.27,3.58,273
SELL,1723,UCTT,2026-06-16,113.5,102119.67,2026-06-09,89.26,4557.86,5795.29,2474870.14,2469074.85,27.09,5,equal-weight sizing trim,2026-06-08,109.02,6,5,-1,0.0,121.42,5.51,245,2026-06-15,121.32,5.2,5,-1,0.8,134.94,3.32,252
SELL,1723,UCTT,2026-06-23,111.04,10269.89,2026-06-09,89.27,458.37,570.18,223626.94,223056.75,24.33,9,equal-weight sizing trim,2026-06-08,109.02,6,5,-1,0.0,121.42,5.51,245,2026-06-22,118.67,5.6,5,-1,0.4,120.12,3.86,259
SELL,1723,UCTT,2026-06-30,132.69,52594.99,2026-06-09,89.26,2347.45,3489.41,2283937.48,2280448.07,48.57,14,equal-weight sizing trim,2026-06-08,109.02,6,5,-1,0.0,121.42,5.51,245,2026-06-29,106.84,6,5,-1,0.0,91.07,5.52,266
SELL,1723,UCTT,2026-07-07,96.5,638523.64,2026-06-09,89.26,28498.91,30808.77,4619718.53,4588909.76,8.05,18,rotation (out of top-N),2026-06-08,109.02,6,5,-1,0.0,121.42,5.51,245,2026-07-06,106.36,6,5,-1,0.0,83.85,7.93,273
SELL,1724,ALAB,2026-06-23,400.13,13457.26,2026-06-09,354.99,2388.57,2692.33,607519.93,604827.6,12.66,9,equal-weight sizing trim,2026-06-08,367.1,7.4,5,1.4,1.4,100.5,6.67,35,2026-06-22,390.41,7.0,5,1.2,1.3,103.98,4.3,49
SELL,1724,ALAB,2026-06-30,458.6,7041.6,2026-06-09,354.99,1249.83,1614.62,729575.78,727961.16,29.12,14,equal-weight sizing trim,2026-06-08,367.1,7.4,5,1.4,1.4,100.5,6.67,35,2026-06-29,406.12,7.1,5,1.1,1.1,106.57,6.07,56
SELL,1724,ALAB,2026-07-14,392.03,188341.97,2026-06-09,356.04,33529.03,36917.85,6777641.92,6740724.07,10.05,23,rotation (out of top-N),2026-06-08,367.1,7.4,5,1.4,1.4,100.5,6.67,35,2026-07-13,303.21,6.3,5,0.4,0.8,48.4,5.94,70
SELL,1725,VECO,2026-06-16,82.12,158791.82,2026-06-09,63.58,5047.6,6519.99,2944794.39,2938274.4,29.11,5,equal-weight sizing trim,2026-06-08,77.53,6,5,-1,0.0,110.99,4.89,287,2026-06-15,79.64,6,5,-1,0.0,109.02,5.52,294
SELL,1725,VECO,2026-06-23,71.74,969405.72,2026-06-09,63.58,30814.98,34772.58,7915197.67,7880425.09,12.79,9,rotation (out of top-N),2026-06-08,77.53,6,5,-1,0.0,110.99,4.89,287,2026-06-22,70.95,5.6,5,-1,0.4,81.16,3.88,301
SELL,1726,TTMI,2026-06-16,206.5,8390.55,2026-06-09,182.09,763.92,866.32,204813.24,203946.92,13.35,5,equal-weight sizing trim,2026-06-08,193.91,6,5,-1,0.0,98.23,5.65,399,2026-06-15,216.28,5.4,5,-1,0.6,111.91,3.58,406
SELL,1726,TTMI,2026-06-23,202.58,385508.95,2026-06-09,182.09,35098.66,39048.2,7899078.31,7860030.11,11.2,9,rotation (out of top-N),2026-06-08,193.91,6,5,-1,0.0,98.23,5.65,399,2026-06-22,192.38,6.0,5,-1,0.0,82.24,4.44,413
SELL,1727,SYRE,2026-06-16,83.5,974129.55,2026-06-09,73.63,35862.58,40669.91,9614658.65,9573988.74,13.35,5,rotation (out of top-N),2026-06-08,80.79,5.5,5,-1,0.5,97.8,3.77,238,2026-06-15,88.36,5.4,5,-1,0.6,107.11,3.53,245
SELL,1728,COHU,2026-06-16,64.51,61695.45,2026-06-09,55.35,1707.58,1989.99,564821.84,562831.86,16.48,5,equal-weight sizing trim,2026-06-08,61.39,6,5,-1,0.0,97.24,4.85,273,2026-06-15,69.42,5.1,5,-1,0.9,114.63,3.21,280
SELL,1728,COHU,2026-06-23,64.56,1234034.99,2026-06-09,55.36,34155.0,39831.56,11353121.94,11313290.38,16.56,9,rotation (out of top-N),2026-06-08,61.39,6,5,-1,0.0,97.24,4.85,273,2026-06-22,63.83,5.0,5,-1,1.0,91.24,3.01,287
SELL,1729,DELL,2026-07-07,400.89,13446.51,2026-06-16,412.32,2772.15,2695.29,-153734.41,-156429.69,-2.82,13,equal-weight sizing trim,2026-06-15,409.96,5.7,5,-0.8,0.8,126.0,3.64,105,2026-07-06,425.84,6,5,-1,0.0,110.4,5.2,126
SELL,1729,DELL,2026-07-14,443.72,6180.31,2026-06-16,412.32,1274.14,1371.16,194042.98,192671.81,7.56,18,equal-weight sizing trim,2026-06-15,409.96,5.7,5,-0.8,0.8,126.0,3.64,105,2026-07-13,421.42,5.7,5,-1,0.3,101.44,4.01,133
SELL,1729,DELL,2026-07-28,402.0,9714.64,2026-06-16,410.8,1995.37,1952.64,-85463.2,-87415.85,-2.19,28,equal-weight sizing trim,2026-06-15,409.96,5.7,5,-0.8,0.8,126.0,3.64,105,2026-07-27,442.36,5.4,5,-1,0.6,98.8,3.58,147
SELL,1729,DELL,2026-08-04,447.4,10856.52,2026-06-16,410.8,2229.91,2428.6,397377.31,394948.7,8.86,33,equal-weight sizing trim,2026-06-15,409.96,5.7,5,-0.8,0.8,126.0,3.64,105,2026-08-03,471.82,6,5,-1,0.0,104.88,5.26,154
SELL,1729,DELL,2026-08-05,462.68,187030.13,2026-06-16,410.8,38415.74,43267.55,9703616.63,9660349.09,12.57,34,rotation (out of top-N),2026-06-15,409.96,5.7,5,-0.8,0.8,126.0,3.64,105,2026-08-04,471.82,5.7,5,-1,0.3,104.88,4.07,155
SELL,1730,ACMR,2026-06-23,94.04,9765.38,2026-06-16,96.35,470.45,459.17,-22558.02,-23017.19,-2.45,4,equal-weight sizing trim,2026-06-15,109.85,6,5,-1,0.0,114.46,4.8,490,2026-06-22,104.5,6,5,-1,0.0,97.39,4.62,497
SELL,1730,ACMR,2026-06-30,121.05,816055.0,2026-06-16,96.35,39313.45,49391.73,20156558.62,20107166.89,25.57,9,rotation (out of top-N),2026-06-15,109.85,6,5,-1,0.0,114.46,4.8,490,2026-06-29,97.94,6,5,-1,0.0,79.91,5.93,504
SELL,1731,NBIS,2026-06-23,256.51,313012.56,2026-06-16,254.2,39783.9,40145.43,723059.02,682913.6,0.86,4,rotation (out of top-N),2026-06-15,287.13,6,5,-1,0.0,123.67,5.27,378,2026-06-22,240.38,6,5,-1,0.0,82.24,5.35,385
SELL,1732,MXL,2026-06-23,84.92,3060.09,2026-06-16,87.75,134.26,129.93,-8660.06,-8789.99,-3.27,4,equal-weight sizing trim,2026-06-15,88.78,6,5,-1,0.0,170.22,4.65,294,2026-06-22,96.45,6,5,-1,0.0,176.66,5.54,301
SELL,1732,MXL,2026-06-30,109.22,127996.59,2026-06-16,87.75,5615.85,6990.21,2748726.76,2741736.55,24.41,9,equal-weight sizing trim,2026-06-15,88.78,6,5,-1,0.0,170.22,4.65,294,2026-06-29,93.03,6,5,-1,0.0,152.89,7.85,308
SELL,1732,MXL,2026-07-14,95.04,868126.4,2026-06-16,87.89,38149.35,41253.37,6208023.45,6166770.09,8.08,18,ratchet-ATR exit,2026-06-15,88.78,6,5,-1,0.0,170.22,4.65,294,2026-07-13,71.81,6,5,-1,0.0,79.11,6.04,322
SELL,1733,ARM,2026-06-23,369.24,199048.87,2026-06-16,399.74,39783.9,36748.4,-6070990.41,-6107738.81,-7.68,4,rotation (out of top-N),2026-06-15,439.19,7.0,5,-0.0,0.9,155.74,4.73,63,2026-06-22,334.54,6.8,5,-0.2,0.8,89.52,4.97,70
SELL,1734,SEZL,2026-06-23,149.0,25753.53,2026-06-16,147.13,1894.56,1918.64,48159.1,46240.46,1.22,4,equal-weight sizing trim,2026-06-15,163.3,6.8,5,1.3,1.8,108.1,3.69,42,2026-06-22,170.81,7.0,5,1.2,1.3,112.31,4.27,49
SELL,1734,SEZL,2026-06-30,169.07,13932.6,2026-06-16,147.13,1024.95,1177.83,305750.85,304573.02,14.86,9,equal-weight sizing trim,2026-06-15,163.3,6.8,5,1.3,1.8,108.1,3.69,42,2026-06-29,183.37,6.4,5,1.1,1.8,121.11,3.46,56
SELL,1734,SEZL,2026-07-07,180.5,72774.54,2026-06-16,147.13,5353.66,6567.9,2428486.44,2421918.54,22.62,13,equal-weight sizing trim,2026-06-15,163.3,6.8,5,1.3,1.8,108.1,3.69,42,2026-07-06,179.25,6.9,5,-0.0,1.0,110.2,4.44,63
SELL,1734,SEZL,2026-07-21,174.98,39670.65,2026-06-16,149.55,2966.4,3470.79,1008768.79,1005298.0,16.94,23,equal-weight sizing trim,2026-06-15,163.3,6.8,5,1.3,1.8,108.1,3.69,42,2026-07-20,153.81,6.7,5,-0.3,0.7,71.46,5.3,77
SELL,1734,SEZL,2026-07-28,154.02,471255.43,2026-06-16,149.55,35238.46,36291.38,2105848.06,2069556.68,2.94,28,ratchet-ATR exit,2026-06-15,163.3,6.8,5,1.3,1.8,108.1,3.69,42,2026-07-27,158.6,5.1,5,-0.4,2.1,72.86,2.29,84
SELL,1735,AMD,2026-07-07,516.05,4924.34,2026-06-23,510.09,1255.93,1270.61,29365.39,28094.77,1.12,9,equal-weight sizing trim,2026-06-22,546.92,4.9,5,-1,1.1,95.26,2.91,357,2026-07-06,565.98,6,5,-1,0.0,89.01,4.66,371
SELL,1735,AMD,2026-07-14,567.57,3876.43,2026-06-23,510.09,988.67,1100.07,222810.41,221710.34,11.21,14,equal-weight sizing trim,2026-06-22,546.92,4.9,5,-1,1.1,95.26,2.91,357,2026-07-13,536.77,5.4,5,-1,0.6,74.56,3.63,378
SELL,1735,AMD,2026-07-28,466.34,156590.58,2026-06-23,511.21,40025.56,36512.23,-7026660.9,-7063173.12,-8.82,24,ratchet-ATR exit,2026-06-22,546.92,4.9,5,-1,1.1,95.26,2.91,357,2026-07-27,522.38,5.4,5,-1,0.6,62.56,3.54,392
SELL,1736,LQDA,2026-07-07,79.43,143011.76,2026-06-23,74.38,5318.74,5679.71,721939.17,716259.46,6.73,9,equal-weight sizing trim,2026-06-22,78.11,6.0,5,-1,0.0,99.95,4.46,525,2026-07-06,77.92,4.7,5,-1,1.3,86.05,2.49,539
SELL,1736,LQDA,2026-07-14,71.52,973374.22,2026-06-23,74.38,36200.71,34807.86,-2785689.56,-2820497.42,-3.9,14,ratchet-ATR exit,2026-06-22,78.11,6.0,5,-1,0.0,99.95,4.46,525,2026-07-13,79.95,6,5,-1,0.0,84.65,4.72,546
SELL,1737,VICR,2026-06-30,359.16,236003.33,2026-06-23,325.01,38351.72,42381.48,8059513.66,8017132.19,10.45,5,rotation (out of top-N),2026-06-22,325.69,5.5,5,-1,0.5,95.27,3.75,280,2026-06-29,282.5,6,5,-1,0.0,63.64,5.61,287
SELL,1738,SYRE,2026-07-07,89.88,61063.92,2026-06-23,96.56,2948.07,2744.06,-408011.71,-410755.77,-6.97,9,equal-weight sizing trim,2026-06-22,87.72,6,5,-1,0.0,97.2,4.79,252,2026-07-06,97.82,5.2,5,-1,0.8,102.57,3.31,266
SELL,1738,SYRE,2026-07-21,99.36,37942.27,2026-06-23,96.55,1831.61,1884.97,106732.64,104847.67,2.86,19,equal-weight sizing trim,2026-06-22,87.72,6,5,-1,0.0,97.2,4.79,252,2026-07-20,102.18,5.2,5,-1,0.8,95.34,3.34,280
SELL,1738,SYRE,2026-07-28,97.19,11409.91,2026-06-23,96.55,550.8,554.46,7336.88,6782.42,0.62,24,equal-weight sizing trim,2026-06-22,87.72,6,5,-1,0.0,97.2,4.79,252,2026-07-27,104.71,5.2,5,-1,0.8,92.69,3.31,287
SELL,1738,SYRE,2026-08-05,105.33,857154.18,2026-06-23,96.6,41398.56,45139.88,7482650.13,7437510.24,8.98,30,rotation (out of top-N),2026-06-22,87.72,6,5,-1,0.0,97.2,4.79,252,2026-08-04,95.17,5.0,5,-1,1.0,69.62,3.02,295
SELL,1739,ORKA,2026-07-21,92.9,82180.63,2026-06-23,84.63,3477.27,3817.29,680034.08,676216.79,9.72,19,equal-weight sizing trim,2026-06-22,90.55,6,5,-1,0.0,115.69,5.61,308,2026-07-20,92.12,6,5,-1,0.0,89.04,5.04,336
SELL,1739,ORKA,2026-07-28,89.66,378.55,2026-06-23,84.63,16.02,16.97,1905.97,1889.0,5.9,24,equal-weight sizing trim,2026-06-22,90.55,6,5,-1,0.0,115.69,5.61,308,2026-07-27,92.41,4.6,5,-1,1.4,83.48,2.4,343
SELL,1739,ORKA,2026-08-04,95.34,9573.19,2026-06-23,84.63,405.07,456.35,102575.49,102119.14,12.61,29,equal-weight sizing trim,2026-06-22,90.55,6,5,-1,0.0,115.69,5.61,308,2026-08-03,94.86,5.2,5,-1,0.8,82.31,3.34,350
SELL,1739,ORKA,2026-08-05,99.37,877672.31,2026-06-23,84.63,37136.57,43607.15,12941164.26,12897557.12,17.37,30,rotation (out of top-N),2026-06-22,90.55,6,5,-1,0.0,115.69,5.61,308,2026-08-04,94.86,5.0,5,-1,1.0,82.31,3.04,351
SELL,1740,INTC,2026-07-14,107.95,665350.21,2026-06-23,129.4,43047.69,35913.94,-14267490.4,-14303404.34,-16.61,14,rotation (out of top-N),2026-06-22,140.46,5.1,5,-1,0.9,130.36,3.13,315,2026-07-13,102.4,5.0,5,-0.6,0.6,52.67,3.58,336
SELL,1741,BAND,2026-06-30,60.56,141307.91,2026-06-23,49.8,3518.57,4279.16,1521179.62,1516900.47,21.56,5,equal-weight sizing trim,2026-06-22,56.82,6.5,5,-0.5,0.5,125.67,4.6,91,2026-06-29,61.53,5.8,5,-0.6,0.9,134.15,3.66,98
SELL,1741,BAND,2026-07-07,61.94,150695.91,2026-06-23,49.8,3752.33,4667.05,1829448.37,1824781.32,24.32,9,equal-weight sizing trim,2026-06-22,56.82,6.5,5,-0.5,0.5,125.67,4.6,91,2026-07-06,75.46,6.2,5,-0.8,0.3,171.8,4.4,105
SELL,1741,BAND,2026-07-14,75.0,143860.57,2026-06-23,49.8,3582.13,5395.13,3626005.61,3620610.48,50.54,14,equal-weight sizing trim,2026-06-22,56.82,6.5,5,-0.5,0.5,125.67,4.6,91,2026-07-13,71.58,5.5,5,-0.9,0.7,145.36,3.62,112
SELL,1741,BAND,2026-07-28,56.41,1202872.31,2026-06-23,51.34,30875.02,33927.01,6103980.77,6070053.75,9.83,24,ratchet-ATR exit,2026-06-22,56.82,6.5,5,-0.5,0.5,125.67,4.6,91,2026-07-27,59.89,6,5,-1,0.0,90.93,5.06,126
SELL,1742,TWST,2026-06-30,98.77,70467.89,2026-06-23,82.63,2911.38,3480.06,1137351.82,1133871.76,19.47,5,equal-weight sizing trim,2026-06-22,99.88,5.5,5,-1,0.5,117.14,3.8,168,2026-06-29,99.19,6,5,-1,0.0,107.49,5.0,175
SELL,1742,TWST,2026-07-07,100.22,857808.06,2026-06-23,82.63,35440.34,42982.62,15084554.66,15041572.04,21.22,9,rotation (out of top-N),2026-06-22,99.88,5.5,5,-1,0.5,117.14,3.8,168,2026-07-06,90.62,6,5,-1,0.0,83.84,4.67,182
SELL,1743,DD,2026-07-07,140.39,73423.5,2026-06-30,135.68,4981.05,5153.96,345824.67,340670.7,3.42,4,equal-weight sizing trim,2026-06-29,136.1,4.6,5,-1,1.4,198.3,2.41,308,2026-07-06,141.03,4.1,5,-1,1.9,191.82,1.67,315
SELL,1743,DD,2026-07-21,136.85,614091.4,2026-06-30,135.6,41634.61,42019.2,769186.72,727167.51,0.87,14,ratchet-ATR exit,2026-06-29,136.1,4.6,5,-1,1.4,198.3,2.41,308,2026-07-20,135.36,3.9,5,-1,2.1,153.26,1.42,329
SELL,1744,AMAT,2026-07-07,544.91,121318.49,2026-06-30,698.03,42341.67,33053.83,-18575680.55,-18608734.38,-21.97,4,rotation (out of top-N),2026-06-29,647.7,6,5,-1,0.0,84.81,5.49,364,2026-07-06,606.26,6,5,-1,0.0,68.31,5.45,371
SELL,1745,MBX,2026-07-07,58.51,235166.08,2026-06-30,54.4,6396.52,6879.2,965356.78,958477.58,7.49,4,equal-weight sizing trim,2026-06-29,57.7,6,5,-1,0.0,81.68,5.18,322,2026-07-06,61.0,5.1,5,-1,0.9,85.59,3.09,329
SELL,1745,MBX,2026-07-21,59.92,102907.73,2026-06-30,54.57,2807.86,3083.12,550510.11,547426.99,9.75,14,equal-weight sizing trim,2026-06-29,57.7,6,5,-1,0.0,81.68,5.18,322,2026-07-20,62.05,5.9,5,-1,0.1,75.84,4.39,343
SELL,1745,MBX,2026-07-28,62.01,93204.8,2026-06-30,54.57,2543.11,2889.58,692935.78,690046.2,13.57,19,equal-weight sizing trim,2026-06-29,57.7,6,5,-1,0.0,81.68,5.18,322,2026-07-27,61.39,5.7,5,-1,0.3,68.67,3.99,350
SELL,1745,MBX,2026-08-04,65.61,7496.96,2026-06-30,54.57,204.56,245.92,82725.64,82479.72,20.16,24,equal-weight sizing trim,2026-06-29,57.7,6,5,-1,0.0,81.68,5.18,322,2026-08-03,64.42,5.6,5,-1,0.4,71.97,3.85,357
SELL,1745,MBX,2026-08-05,70.11,1275471.05,2026-06-30,54.57,34801.51,44714.83,19826624.52,19781909.69,28.42,25,rotation (out of top-N),2026-06-29,57.7,6,5,-1,0.0,81.68,5.18,322,2026-08-04,64.42,5.4,5,-1,0.6,71.97,3.57,358
SELL,1746,ACMR,2026-07-07,91.97,699573.22,2026-06-30,121.05,42341.67,32169.87,-20343589.36,-20375759.23,-24.06,4,ratchet-ATR exit,2026-06-29,97.94,6,5,-1,0.0,79.91,5.93,504,2026-07-06,102.99,6,5,-1,0.0,83.99,7.08,511
SELL,1747,IMOS,2026-07-21,64.78,1236284.04,2026-07-07,65.57,40530.67,40046.33,-968679.31,-1008725.64,-1.24,10,rotation (out of top-N),2026-07-06,75.58,5.5,5,-1,0.5,89.09,3.72,280,2026-07-20,55.34,4.6,5,0.4,0.0,31.43,4.53,294
SELL,1748,MRNA,2026-07-14,66.88,942740.72,2026-07-07,81.97,38638.23,31525.25,-14225957.47,-14257482.72,-18.45,5,rotation (out of top-N),2026-07-06,82.07,6,5,-1,0.0,89.8,6.93,203,2026-07-13,66.67,5.5,5,-0.5,0.0,50.72,4.78,210
SELL,1749,FBRX,2026-07-14,44.02,1873218.74,2026-07-07,20.58,19275.42,41229.54,43908247.17,43867017.62,113.79,5,equal-weight sizing trim,2026-07-06,43.96,8.0,5,2.0,2.0,84.3,4.62,0,2026-07-13,48.92,7.9,5,1.9,1.9,98.07,10.14,7
SELL,1749,FBRX,2026-07-21,49.82,226547.05,2026-07-07,20.58,2331.17,5643.29,6624235.71,6618592.42,141.96,10,equal-weight sizing trim,2026-07-06,43.96,8.0,5,2.0,2.0,84.3,4.62,0,2026-07-20,54.7,7.8,5,1.8,1.8,112.29,6.45,14
SELL,1749,FBRX,2026-07-28,76.55,615968.38,2026-07-07,20.58,6338.31,23576.19,34475749.98,34452173.79,271.78,15,equal-weight sizing trim,2026-07-06,43.96,8.0,5,2.0,2.0,84.3,4.62,0,2026-07-27,76.44,7.7,5,1.7,1.6,179.26,7.37,21
SELL,1749,FBRX,2026-08-05,76.59,1090800.39,2026-07-07,23.24,12672.62,41772.2,58199159.42,58157387.21,229.46,21,rotation (out of top-N),2026-07-06,43.96,8.0,5,2.0,2.0,84.3,4.62,0,2026-08-04,76.6,4.7,5,1.5,4.3,164.49,0.25,29
SELL,1750,WDC,2026-07-14,588.01,145148.73,2026-07-07,532.39,38638.23,42674.45,8072446.48,8029772.03,10.39,5,rotation (out of top-N),2026-07-06,588.27,6,5,-1,0.0,84.87,6.29,413,2026-07-13,546.45,6,5,-1,0.0,66.1,5.09,420
SELL,1751,UCTT,2026-07-14,106.53,800792.3,2026-07-07,96.5,38638.23,42652.2,8027942.79,7985290.59,10.33,5,rotation (out of top-N),2026-07-06,106.36,6,5,-1,0.0,83.85,7.93,273,2026-07-13,92.28,5.8,5,-0.8,0.0,55.05,4.8,280
SELL,1752,TWST,2026-07-21,87.83,890281.91,2026-07-07,99.25,44181.96,39096.73,-10170463.39,-10209560.12,-11.55,10,ratchet-ATR exit,2026-07-06,90.62,6,5,-1,0.0,83.84,4.67,182,2026-07-20,90.13,6,5,-1,0.0,71.97,4.63,196
SELL,1753,MRVL,2026-07-14,231.56,329102.07,2026-07-07,234.81,38638.23,38103.44,-1069581.72,-1107685.16,-1.43,5,rotation (out of top-N),2026-07-06,235.76,6,5,-1,0.0,81.61,4.68,266,2026-07-13,188.66,4.5,5,-0.1,0.6,42.49,3.55,273
SELL,1754,STM,2026-07-14,71.66,1148068.0,2026-07-07,67.31,38638.23,41135.28,4994095.78,4952960.51,6.41,5,rotation (out of top-N),2026-07-06,71.42,5.9,5,-1,0.1,76.81,4.41,182,2026-07-13,62.08,4.2,5,-0.5,1.3,50.4,2.53,189
SELL,1755,MAN,2026-07-21,53.5,602988.65,2026-07-14,38.61,11640.7,16129.95,8978500.96,8962371.01,38.5,5,equal-weight sizing trim,2026-07-13,52.3,6.1,5,1.4,2.7,71.29,2.6,35,2026-07-20,51.34,7.0,5,1.3,1.6,65.52,4.0,42
SELL,1755,MAN,2026-07-28,54.59,84079.04,2026-07-14,38.61,1623.15,2294.94,1343583.06,1341288.12,41.32,10,equal-weight sizing trim,2026-07-13,52.3,6.1,5,1.4,2.7,71.29,2.6,35,2026-07-27,52.6,5.8,5,1.2,2.6,66.75,2.43,49
SELL,1755,MAN,2026-08-05,54.97,1571052.31,2026-07-14,39.67,31162.88,43180.37,24034985.03,23991804.66,38.49,16,rotation (out of top-N),2026-07-13,52.3,6.1,5,1.4,2.7,71.29,2.6,35,2026-08-04,54.11,5.9,5,1.0,2.2,68.21,2.79,57
SELL,1756,SNDK,2026-07-21,1510.99,45861.01,2026-07-14,1805.27,41395.75,34647.88,-13495749.1,-13530396.98,-16.34,5,ratchet-ATR exit,2026-07-13,1667.59,6,5,-1,0.0,97.54,7.25,999,2026-07-20,1430.2,6,5,-1,0.0,63.19,5.41,999
SELL,1757,STX,2026-07-21,864.0,92613.65,2026-07-14,893.95,41395.75,40008.86,-2773778.77,-2813787.63,-3.4,5,rotation (out of top-N),2026-07-13,853.42,6,5,-1,0.0,66.77,5.07,413,2026-07-20,823.64,5.8,5,-0.8,0.0,56.37,4.85,420
SELL,1758,APGE,2026-07-21,134.16,3182.73,2026-07-14,134.0,213.25,213.5,493.32,279.83,0.07,5,equal-weight sizing trim,2026-07-13,134.0,3.1,5,-1,2.9,66.65,0.15,280,2026-07-20,134.25,3.1,5,-1,2.9,62.95,0.15,287
SELL,1758,APGE,2026-07-28,134.33,22439.75,2026-07-14,134.0,1503.52,1507.17,7292.92,5785.75,0.19,10,equal-weight sizing trim,2026-07-13,134.0,3.1,5,-1,2.9,66.65,0.15,280,2026-07-27,134.31,3.0,5,-1.0,2.9,59.12,0.11,294
SELL,1758,APGE,2026-08-04,134.21,592201.53,2026-07-14,134.0,39678.98,39739.68,121401.31,81661.63,0.1,15,rotation (out of top-N),2026-07-13,134.0,3.1,5,-1,2.9,66.65,0.15,280,2026-08-03,134.13,2.8,5,-0.8,2.9,55.34,0.08,301
SELL,1759,HNGE,2026-07-21,87.02,922570.85,2026-07-14,89.74,41395.75,40138.75,-2514005.56,-2554144.31,-3.09,5,rotation (out of top-N),2026-07-13,87.06,5.7,5,1.1,2.4,71.68,2.44,56,2026-07-20,74.29,4.8,5,0.7,2.3,44.72,2.42,63
SELL,1760,DAVE,2026-07-21,448.57,23798.38,2026-07-14,398.75,4744.8,5337.62,1185635.39,1180297.77,12.44,5,equal-weight sizing trim,2026-07-13,440.77,5.6,5,-0.4,1.6,84.84,3.04,84,2026-07-20,402.91,6.2,5,-0.5,0.8,65.55,4.09,91
SELL,1760,DAVE,2026-08-05,431.12,204452.16,2026-07-14,399.13,40801.32,44071.71,6540774.3,6496702.59,7.96,16,rotation (out of top-N),2026-07-13,440.77,5.6,5,-0.4,1.6,84.84,3.04,84,2026-08-04,398.83,5.3,5,-0.7,1.1,58.71,3.17,106
SELL,1761,KFRC,2026-07-21,57.34,1497946.59,2026-07-14,55.27,41395.75,42946.13,3100749.44,3057803.31,3.69,5,rotation (out of top-N),2026-07-13,58.28,5.4,5,-0.3,2.1,67.26,2.48,77,2026-07-20,55.01,5.0,5,-0.1,2.0,54.67,2.45,84
SELL,1762,MU,2026-08-04,865.55,94510.03,2026-07-14,975.84,46113.52,40901.81,-10423404.8,-10464306.61,-11.35,15,rotation (out of top-N),2026-07-13,925.98,5.9,5,-1,0.1,81.52,4.34,399,2026-08-03,829.01,5.4,5,-0.4,0.0,47.95,8.8,420
SELL,1763,WDC,2026-07-21,529.99,140799.49,2026-07-14,588.01,41395.75,37311.16,-8169186.39,-8206497.55,-9.91,5,rotation (out of top-N),2026-07-13,546.45,6,5,-1,0.0,66.1,5.09,420,2026-07-20,499.56,5.3,5,-0.4,0.1,47.66,4.39,427
SELL,1764,RVMD,2026-07-28,187.31,30187.7,2026-07-14,185.72,2803.26,2827.15,47796.61,44969.46,0.8,10,equal-weight sizing trim,2026-07-13,186.14,4.7,5,-1,1.3,65.43,2.55,301,2026-07-27,193.75,4.7,5,-1,1.3,62.3,2.55,315
SELL,1764,RVMD,2026-08-04,183.28,424710.67,2026-07-14,185.72,39438.99,38920.49,-1037010.11,-1075930.6,-1.36,15,rotation (out of top-N),2026-07-13,186.14,4.7,5,-1,1.3,65.43,2.55,301,2026-08-03,182.34,4.1,5,-0.4,1.4,48.89,2.42,322
SELL,1765,LQDA,2026-07-28,85.97,115107.79,2026-07-21,79.22,4559.42,4948.2,777553.09,772604.89,8.47,5,equal-weight sizing trim,2026-07-20,86.23,4.9,5,-1,1.1,92.08,2.87,553,2026-07-27,86.66,5.8,5,-1,0.2,86.36,4.21,560
SELL,1765,LQDA,2026-08-05,89.0,960410.3,2026-07-21,79.51,38180.73,42738.26,9115060.26,9072322.0,11.88,11,rotation (out of top-N),2026-07-20,86.23,4.9,5,-1,1.1,92.08,2.87,553,2026-08-04,83.81,4.9,5,-1,1.1,74.64,2.86,568
SELL,1766,MXL,2026-08-04,70.55,1290205.52,2026-07-21,78.23,50466.45,45512.0,-9908902.29,-9954414.29,-9.86,10,rotation (out of top-N),2026-07-20,71.55,6,5,-1,0.0,72.58,6.8,329,2026-08-03,67.07,5.6,5,-0.6,0.0,52.06,6.91,343
SELL,1767,FTNT,2026-07-28,152.66,504863.98,2026-07-21,163.25,41209.52,38537.53,-5343985.23,-5382522.76,-6.53,5,rotation (out of top-N),2026-07-20,163.28,4.8,5,-0.4,2.4,62.41,1.87,84,2026-07-27,154.01,4.2,5,-0.0,2.3,50.63,1.83,91
SELL,1768,PANW,2026-07-28,317.75,235863.74,2026-07-21,349.44,41209.52,37473.44,-7472163.18,-7509636.62,-9.11,5,rotation (out of top-N),2026-07-20,364.34,5.7,5,-0.2,2.0,70.86,2.79,70,2026-07-27,327.2,4.8,5,0.1,2.2,51.49,2.3,77
SELL,1769,SIMO,2026-07-28,225.09,306766.83,2026-07-21,268.67,41209.52,34525.07,-13368898.55,-13403423.63,-16.26,5,rotation (out of top-N),2026-07-20,271.0,6,5,-1,0.0,63.99,4.96,420,2026-07-27,263.57,5.8,5,-0.8,0.0,55.61,6.2,427
SELL,1770,VPG,2026-08-04,97.72,849405.96,2026-07-21,105.42,44771.16,41501.98,-6538377.77,-6579879.75,-7.35,10,rotation (out of top-N),2026-07-20,103.44,5.7,5,-1,0.3,60.48,4.09,427,2026-08-03,91.57,4.6,5,0.2,0.1,35.57,4.29,441
SELL,1771,ELVN,2026-07-28,52.65,1573032.63,2026-07-21,52.4,41209.52,41410.08,401123.32,359713.24,0.44,5,rotation (out of top-N),2026-07-20,52.86,4.7,5,-1,1.3,60.11,2.62,196,2026-07-27,52.99,4.5,5,-0.8,1.3,56.67,2.5,203
SELL,1772,OII,2026-07-28,50.91,1899712.92,2026-07-21,43.38,41209.52,48357.19,14295339.69,14246982.5,17.29,5,rotation (out of top-N),2026-07-20,52.76,4.2,5,-1,1.8,60.07,1.78,329,2026-07-27,52.52,5.4,5,-0.8,0.3,55.92,3.98,336
SELL,1773,CBRL,2026-07-28,52.8,1511998.62,2026-07-21,54.51,41209.52,39916.76,-2585517.64,-2625434.41,-3.19,5,rotation (out of top-N),2026-07-20,53.64,6.4,5,1.3,2.2,59.83,3.09,42,2026-07-27,52.45,5.8,5,1.5,2.2,54.34,2.92,49
SELL,1774,DDOG,2026-07-28,251.83,319614.71,2026-07-21,257.87,41209.52,40244.29,-1930472.84,-1970717.12,-2.39,5,rotation (out of top-N),2026-07-20,263.83,5.6,5,-0.2,1.8,58.44,2.87,77,2026-07-27,254.16,4.9,5,0.1,1.8,50.43,2.63,84
SELL,1775,DD,2026-08-05,143.73,631423.66,2026-07-28,139.13,43925.72,45377.26,2903077.73,2857700.46,3.25,6,rotation (out of top-N),2026-07-27,138.68,3.7,5,-1,2.3,147.3,1.02,336,2026-08-04,141.42,4.9,5,-1,1.1,140.64,2.81,344
SELL,1776,ICHR,2026-08-04,75.98,1089187.08,2026-07-28,73.0,39755.33,41378.22,3245777.49,3204399.28,4.03,5,rotation (out of top-N),2026-07-27,86.31,6,5,-1,0.0,69.82,5.22,203,2026-08-03,80.17,5.7,5,-0.7,0.0,53.4,7.64,210
SELL,1777,STX,2026-08-04,880.88,102620.22,2026-07-28,774.8,39755.33,45198.3,10885952.55,10840754.25,13.63,5,rotation (out of top-N),2026-07-27,855.12,5.9,5,-0.9,0.0,57.69,5.26,427,2026-08-03,831.37,5.5,5,-0.5,0.0,49.34,8.49,434
SELL,1778,KFRC,2026-08-04,56.99,1412894.83,2026-07-28,56.27,39755.33,40263.97,1017284.28,977020.31,1.23,5,rotation (out of top-N),2026-07-27,58.55,5.0,5,-0.5,2.0,61.04,2.2,91,2026-08-03,57.55,6.1,5,-0.4,0.4,54.78,4.62,98
SELL,1779,PENG,2026-08-04,55.25,1597561.92,2026-07-28,49.77,39755.33,44132.65,8754639.32,8710506.67,10.96,5,rotation (out of top-N),2026-07-27,54.47,6.4,5,-0.6,0.4,64.52,5.49,98,2026-08-03,52.58,6.0,5,-0.5,0.2,55.26,6.38,105
SELL,1780,HPE,2026-08-04,52.46,126314.27,2026-07-28,46.19,2917.23,3313.22,791990.46,788677.23,13.52,5,equal-weight sizing trim,2026-07-27,48.61,4.9,5,-1.0,1.1,63.17,2.8,119,2026-08-03,50.23,5.6,5,-1,0.4,65.0,3.94,126
SELL,1780,HPE,2026-08-05,52.27,1595068.21,2026-07-28,46.19,36838.1,41687.11,9698014.73,9656327.62,13.11,6,rotation (out of top-N),2026-07-27,48.61,4.9,5,-1.0,1.1,63.17,2.8,119,2026-08-04,50.23,6.0,5,-1,0.0,65.0,4.45,127
SELL,1781,TWST,2026-08-04,106.12,136457.11,2026-07-28,85.96,5864.93,7240.41,2750975.38,2743734.97,23.39,5,equal-weight sizing trim,2026-07-27,92.69,6,5,-1,0.0,72.06,5.62,203,2026-08-03,100.85,6,5,-1,0.0,81.47,4.8,210
SELL,1781,TWST,2026-08-05,105.77,788515.63,2026-07-28,85.96,33890.4,41700.65,15620494.59,15578793.94,22.98,6,rotation (out of top-N),2026-07-27,92.69,6,5,-1,0.0,72.06,5.62,203,2026-08-04,100.85,6,5,-1,0.0,81.47,5.61,211
SELL,1782,BJRI,2026-08-04,67.54,1148085.43,2026-07-28,69.25,39755.33,38770.85,-1968966.52,-2007737.36,-2.53,5,rotation (out of top-N),2026-07-27,68.89,4.0,5,-0.9,1.8,57.12,1.77,224,2026-08-03,68.4,5.0,5,-0.7,0.6,53.01,3.55,231
SELL,1783,ELVN,2026-08-04,59.54,104777.91,2026-07-28,52.65,2758.28,3119.24,721919.78,718800.54,13.03,5,equal-weight sizing trim,2026-07-27,52.99,4.5,5,-0.8,1.3,56.67,2.5,203,2026-08-03,58.02,4.6,5,-1,1.4,67.26,2.36,210
SELL,1783,ELVN,2026-08-05,60.96,1405396.01,2026-07-28,52.65,36997.05,42836.47,11678840.84,11636004.37,15.73,6,rotation (out of top-N),2026-07-27,52.99,4.5,5,-0.8,1.3,56.67,2.5,203,2026-08-04,58.02,5.4,5,-1,0.6,67.26,3.55,211
SELL,1784,SNDK,2026-08-04,1355.34,67878.92,2026-07-28,1171.36,39755.33,45999.51,12488364.49,12442364.98,15.65,5,rotation (out of top-N),2026-07-27,1418.38,5.8,5,-0.8,0.0,56.34,7.53,999,2026-08-03,1288.33,4.9,5,0.1,0.0,37.87,8.64,999
SELL,1785,MNPR,2026-08-04,113.65,716764.24,2026-07-28,110.93,39755.33,40730.13,1949598.72,1908868.6,2.4,5,rotation (out of top-N),2026-07-27,110.69,6.8,5,1.7,2.1,56.31,3.67,28,2026-08-03,111.75,6.6,5,1.6,2.0,56.37,3.61,35
SELL,1786,OII,2026-08-04,48.45,1561788.58,2026-07-28,50.91,39755.33,37838.23,-3834190.97,-3872029.2,-4.87,5,rotation (out of top-N),2026-07-27,52.52,5.4,5,-0.8,0.3,55.92,3.98,336,2026-08-03,48.78,3.6,5,-0.1,1.5,42.13,2.23,343
SELL,1787,DDOG,2026-08-05,290.65,307319.41,2026-08-04,272.14,41817.72,44661.96,5688482.21,5643820.25,6.75,1,rotation (out of top-N),2026-08-03,273.54,5.0,5,-0.5,2.0,59.29,2.29,91,2026-08-04,273.54,4.7,5,-0.5,2.2,59.29,1.9,92
SELL,1788,AEHR,2026-08-05,107.4,862309.93,2026-08-04,96.99,41817.72,46306.04,8976646.34,8930340.29,10.68,1,rotation (out of top-N),2026-08-03,91.76,6,5,-1,0.0,64.61,6.49,392,2026-08-04,91.76,6,5,-1,0.0,64.61,7.49,393
SELL,1789,CAKE,2026-08-05,107.08,798390.91,2026-08-04,104.75,41817.72,42743.85,1852266.91,1809523.06,2.16,1,rotation (out of top-N),2026-08-03,104.85,5.2,5,-1,0.8,67.01,3.27,182,2026-08-04,104.85,4.4,5,-1,1.6,67.01,2.16,183
SELL,1790,DK,2026-08-05,65.48,1290471.22,2026-08-04,64.81,41817.72,42250.03,864615.72,822365.69,0.98,1,rotation (out of top-N),2026-08-03,65.97,4.6,5,-0.8,1.3,56.95,2.62,427,2026-08-04,65.97,4.8,5,-0.8,1.0,56.95,2.93,428
SELL,1791,FTNT,2026-08-05,170.29,507897.25,2026-08-04,164.67,41817.72,43244.91,2854382.53,2811137.62,3.36,1,rotation (out of top-N),2026-08-03,167.5,5.5,5,-0.6,1.3,60.64,3.16,98,2026-08-04,167.5,5.0,5,-0.6,1.7,60.64,2.47,99
SELL,1792,AGL,2026-08-05,95.08,906420.72,2026-08-04,92.27,41817.72,43091.24,2547042.22,2503950.98,2.99,1,rotation (out of top-N),2026-08-03,94.03,6.5,5,-0.5,0.5,102.19,4.47,91,2026-08-04,94.03,6.5,5,-0.5,0.5,102.19,4.74,92
SELL,1793,CBRL,2026-08-05,58.05,1469996.31,2026-08-04,56.9,41817.72,42666.64,1697845.73,1655179.09,1.98,1,rotation (out of top-N),2026-08-03,57.75,6.2,5,1.1,2.0,66.91,3.15,56,2026-08-04,57.75,6.0,5,1.0,2.1,66.91,2.96,57
SELL,1794,PBF,2026-08-05,65.5,1271055.32,2026-08-04,65.8,41817.72,41627.06,-381316.59,-422943.66,-0.51,1,rotation (out of top-N),2026-08-03,67.88,5.8,5,-1,0.2,66.99,4.2,350,2026-08-04,67.88,6,5,-1,0.0,66.99,4.8,351
SELL,1795,CORT,2026-08-05,110.52,737168.39,2026-08-04,113.45,41817.72,40735.93,-2163589.23,-2204325.15,-2.64,1,rotation (out of top-N),2026-08-03,112.8,7.1,5,1.1,1.1,81.07,6.36,56,2026-08-04,112.8,7.0,5,1.0,1.1,81.07,7.03,57
SELL,1796,PANW,2026-08-05,373.69,237560.19,2026-08-04,352.06,41817.72,44386.34,5137239.07,5092852.73,6.09,1,rotation (out of top-N),2026-08-03,347.28,5.0,5,-0.3,2.2,58.46,2.16,84,2026-08-04,347.28,5.3,5,-0.3,1.8,58.46,2.63,85
SELL,1797,ATEX,2026-08-05,103.63,838702.77,2026-08-04,99.72,41817.72,43457.38,3279327.81,3235870.43,3.87,1,rotation (out of top-N),2026-08-03,95.64,5.0,5,-1,1.0,97.94,2.95,182,2026-08-04,95.64,4.7,5,-1,1.3,97.94,2.62,183
SELL,1798,SEZL,2026-08-05,178.8,499584.49,2026-08-04,167.41,41817.72,44662.85,5690267.36,5645604.51,6.75,1,rotation (out of top-N),2026-08-03,163.35,5.5,5,-0.5,1.5,73.43,2.98,91,2026-08-04,163.35,5.5,5,-0.5,1.5,73.43,3.0,92
SELL,1799,SNOW,2026-08-05,318.05,272419.27,2026-08-04,307.01,41817.72,43321.47,3007508.73,2964187.26,3.54,1,rotation (out of top-N),2026-08-03,330.4,6.6,5,1.4,1.9,57.9,3.59,42,2026-08-04,330.4,6.2,5,1.4,2.2,57.9,3.08,43
SELL,1800,EA,2026-08-11,209.7,10323666.78,2026-08-05,209.7,1082436.46,1082436.46,0.0,-1082436.46,-0.05,4,rotation (out of top-N),2026-08-04,209.7,0.2,0.66,1.8,5.6,3.32,0.1,456,2026-08-10,209.7,0.2,0.64,1.8,5.7,3.2,0.04,462
SELL,1801,DD,2026-08-25,137.18,611404.96,2026-08-11,142.84,43666.46,41934.74,-3463438.14,-3505372.88,-4.01,10,ratchet-ATR exit,2026-08-10,141.61,3.9,5,-1,2.1,130.91,1.32,350,2026-08-24,136.74,3.5,5,-1,2.5,105.95,0.78,364
SELL,1802,MAN,2026-08-18,57.26,50157.33,2026-08-11,55.36,1388.35,1435.88,95048.15,93612.27,3.37,5,equal-weight sizing trim,2026-08-10,56.55,5.3,5,-0.0,2.6,71.91,2.05,63,2026-08-17,56.84,4.7,5,-0.2,2.9,68.99,1.33,70
SELL,1802,MAN,2026-08-25,61.76,159755.78,2026-08-11,55.36,4422.04,4933.26,1022436.99,1017503.73,11.5,10,equal-weight sizing trim,2026-08-10,56.55,5.3,5,-0.0,2.6,71.91,2.05,63,2026-08-24,61.4,4.8,5,-0.3,2.7,77.96,1.57,77
SELL,1802,MAN,2026-09-01,62.55,49854.93,2026-08-11,55.36,1379.98,1559.09,358207.67,356648.58,12.92,15,equal-weight sizing trim,2026-08-10,56.55,5.3,5,-0.0,2.6,71.91,2.05,63,2026-08-31,62.93,4.3,5,-0.4,2.9,77.82,1.07,84
SELL,1802,MAN,2026-09-03,59.81,1303664.78,2026-08-11,55.36,36085.44,38986.1,5801308.28,5762322.19,7.98,17,rotation (out of top-N),2026-08-10,56.55,5.3,5,-0.0,2.6,71.91,2.05,63,2026-09-02,62.93,4.3,5,-0.4,2.8,77.82,1.1,86
SELL,1803,DELL,2026-08-18,471.34,8887.71,2026-08-11,449.13,1995.87,2094.57,197395.98,195301.42,4.89,5,equal-weight sizing trim,2026-08-10,458.15,5.3,5,-1,0.7,92.42,3.45,161,2026-08-17,479.75,4.4,5,-1,1.6,94.41,2.08,168
SELL,1803,DELL,2026-09-01,458.8,11023.26,2026-08-11,448.97,2474.54,2528.74,108388.28,105859.55,2.14,15,equal-weight sizing trim,2026-08-10,458.15,5.3,5,-1,0.7,92.42,3.45,161,2026-08-31,456.99,4.4,5,-1,1.6,73.98,2.09,182
SELL,1803,DELL,2026-09-03,484.61,177719.52,2026-08-11,448.97,39895.13,43062.33,6334401.64,6291339.31,7.88,17,rotation (out of top-N),2026-08-10,458.15,5.3,5,-1,0.7,92.42,3.45,161,2026-09-02,456.99,5.8,5,-1,0.2,73.98,4.24,184
SELL,1804,MNPR,2026-08-18,115.07,741754.65,2026-08-11,116.69,43275.82,42676.85,-1197933.76,-1240610.61,-1.43,5,rotation (out of top-N),2026-08-10,116.02,6.0,5,1.3,2.6,60.4,2.54,42,2026-08-17,116.03,5.5,5,1.3,2.8,58.22,2.1,49
SELL,1805,AEHR,2026-08-18,136.44,187499.58,2026-08-11,105.23,9865.29,12791.69,5852799.42,5840007.73,29.6,5,equal-weight sizing trim,2026-08-10,106.26,6,5,-1,0.0,83.88,6.01,399,2026-08-17,145.56,5.7,5,-1,0.3,138.93,4.1,406
SELL,1805,AEHR,2026-08-25,98.5,635000.1,2026-08-11,105.23,33410.53,31273.75,-4273550.65,-4304824.41,-6.44,10,rotation (out of top-N),2026-08-10,106.26,6,5,-1,0.0,83.88,6.01,399,2026-08-24,96.48,5.6,5,-0.7,0.1,53.57,4.34,413
SELL,1806,ALNT,2026-08-18,109.81,749299.98,2026-08-11,115.51,43275.82,41140.32,-4271009.91,-4312150.22,-4.98,5,rotation (out of top-N),2026-08-10,113.02,5.3,5,-1.0,0.7,59.73,3.45,462,2026-08-17,113.17,3.8,5,-0.8,2.1,56.61,1.4,469
SELL,1807,LQDA,2026-08-18,76.4,949916.49,2026-08-11,91.11,43275.82,36286.81,-13978021.17,-14014307.98,-16.19,5,rotation (out of top-N),2026-08-10,91.14,4.3,5,-1,1.7,83.71,2.02,574,2026-08-17,77.78,4.4,5,-0.6,1.2,52.94,2.63,581
SELL,1808,SYRE,2026-08-25,108.5,76904.92,2026-08-11,104.43,4015.6,4172.09,312992.51,308820.42,3.85,10,equal-weight sizing trim,2026-08-10,105.31,3.9,5,-1,2.1,81.01,1.41,301,2026-08-24,108.22,4.0,5,-1,2.0,73.69,1.57,315
SELL,1808,SYRE,2026-09-01,88.17,770445.87,2026-08-11,104.43,40228.88,33963.18,-12531407.62,-12565370.8,-15.62,15,rotation (out of top-N),2026-08-10,105.31,3.9,5,-1,2.1,81.01,1.41,301,2026-08-31,89.25,3.5,5,0.0,1.5,39.91,2.2,322
SELL,1809,CAKE,2026-08-25,114.68,72270.16,2026-08-11,110.77,4002.74,4143.97,282468.09,278324.12,3.48,10,equal-weight sizing trim,2026-08-10,110.9,4.0,5,-1,2.0,72.25,1.53,189,2026-08-24,114.65,4.1,5,-1,1.9,69.25,1.64,203
SELL,1809,CAKE,2026-09-03,108.42,751834.68,2026-08-11,110.7,41614.34,40756.96,-1714758.07,-1755515.03,-2.11,17,rotation (out of top-N),2026-08-10,110.9,4.0,5,-1,2.0,72.25,1.53,189,2026-09-02,109.45,3.6,5,-0.9,2.3,57.95,1.0,212
SELL,1810,HNGE,2026-08-18,85.58,960830.83,2026-08-11,90.08,43275.82,41113.95,-4323738.73,-4364852.68,-5.04,5,rotation (out of top-N),2026-08-10,91.58,5.7,5,-0.4,1.5,70.09,3.18,84,2026-08-17,87.94,4.8,5,-0.5,2.2,59.84,1.94,91
SELL,1811,RVMD,2026-08-18,210.52,4419.02,2026-08-11,208.06,459.72,465.15,10848.7,10383.56,1.13,5,equal-weight sizing trim,2026-08-10,206.62,4.5,5,-1,1.5,63.85,2.29,329,2026-08-17,212.04,4.0,5,-1,2.0,63.47,1.56,336
SELL,1811,RVMD,2026-08-25,213.6,20219.04,2026-08-11,208.06,2103.44,2159.44,112013.47,109854.03,2.61,10,equal-weight sizing trim,2026-08-10,206.62,4.5,5,-1,1.5,63.85,2.29,329,2026-08-24,212.75,3.9,5,-1.0,2.1,59.65,1.41,343
SELL,1811,RVMD,2026-09-01,204.7,391345.6,2026-08-11,208.07,40712.66,40054.22,-1316877.95,-1356932.18,-1.67,15,rotation (out of top-N),2026-08-10,206.62,4.5,5,-1,1.5,63.85,2.29,329,2026-08-31,205.66,3.8,5,-0.5,1.8,50.72,1.84,350
SELL,1812,VSXY,2026-08-18,83.89,879143.13,2026-08-11,98.45,43275.82,36875.66,-12800323.97,-12837199.63,-14.83,5,rotation (out of top-N),2026-08-10,99.88,4.4,5,-1,1.6,64.91,2.17,315,2026-08-17,84.28,3.4,5,0.2,1.4,36.42,2.33,322
SELL,1813,FBRX,2026-08-25,76.95,40797.38,2026-08-11,76.83,1567.23,1569.68,4894.82,3325.14,0.11,10,equal-weight sizing trim,2026-08-10,76.82,4.5,5,1.4,4.4,151.28,0.05,35,2026-08-24,76.94,4.2,5,1.2,4.2,128.99,0.02,49
SELL,1813,FBRX,2026-09-01,76.99,1086333.69,2026-08-11,76.83,41731.52,41818.42,173790.39,131971.97,0.16,15,rotation (out of top-N),2026-08-10,76.82,4.5,5,1.4,4.4,151.28,0.05,35,2026-08-31,76.94,4.1,5,1.1,4.1,128.99,0.0,56
SELL,1814,AGL,2026-08-18,96.0,3678.06,2026-08-11,95.51,175.65,176.55,1802.25,1625.7,0.46,5,equal-weight sizing trim,2026-08-10,97.28,6.4,5,-0.6,0.4,100.48,6.41,98,2026-08-17,96.22,5.3,5,-0.8,1.2,90.27,3.02,105
SELL,1814,AGL,2026-08-25,96.27,34204.77,2026-08-11,95.51,1633.45,1646.45,25995.62,24349.18,0.75,10,equal-weight sizing trim,2026-08-10,97.28,6.4,5,-0.6,0.4,100.48,6.41,98,2026-08-24,93.5,5.1,5,-0.9,1.1,78.04,3.01,112
SELL,1814,AGL,2026-09-03,86.49,915564.64,2026-08-11,95.18,43570.31,39593.59,-7953443.06,-7993036.65,-9.17,17,rotation (out of top-N),2026-08-10,97.28,6.4,5,-0.6,0.4,100.48,6.41,98,2026-09-02,87.77,3.7,5,-1,2.3,61.65,1.04,121
SELL,1815,MBX,2026-08-25,68.22,78515.36,2026-08-11,67.51,2650.16,2678.16,55998.38,53320.22,1.01,10,equal-weight sizing trim,2026-08-10,65.96,4.5,5,-1,1.5,71.47,2.3,364,2026-08-24,66.44,4.5,5,-1,1.5,63.9,2.26,378
SELL,1815,MBX,2026-09-01,61.95,1225350.01,2026-08-11,67.51,41359.72,37958.28,-6802879.15,-6840837.43,-8.27,15,rotation (out of top-N),2026-08-10,65.96,4.5,5,-1,1.5,71.47,2.3,364,2026-08-31,61.56,4.3,5,-0.5,1.1,49.38,2.82,385
SELL,1816,PBF,2026-08-18,75.27,136114.07,2026-08-11,67.24,4576.16,5122.65,1092996.01,1087873.35,11.89,5,equal-weight sizing trim,2026-08-10,66.31,5.1,5,-1,0.9,60.16,3.14,357,2026-08-17,75.04,4.4,5,-1,1.6,77.32,2.17,364
SELL,1816,PBF,2026-09-01,75.46,130838.09,2026-08-11,67.33,4404.52,4936.52,1063995.87,1059059.35,12.02,15,equal-weight sizing trim,2026-08-10,66.31,5.1,5,-1,0.9,60.16,3.14,357,2026-08-31,73.0,4.4,5,-1,1.6,65.26,2.05,378
SELL,1816,PBF,2026-09-03,74.5,1080542.19,2026-08-11,67.33,36375.29,40250.2,7749818.21,7709568.02,10.6,17,rotation (out of top-N),2026-08-10,66.31,5.1,5,-1,0.9,60.16,3.14,357,2026-09-02,73.0,4.2,5,-1,1.8,65.26,1.85,380
SELL,1817,CORT,2026-08-18,118.29,48974.99,2026-08-11,110.76,2712.23,2896.63,368781.68,365885.05,6.75,5,equal-weight sizing trim,2026-08-10,114.28,5.0,5,-0.0,2.9,80.52,1.61,63,2026-08-17,117.22,4.6,5,-0.2,3.0,82.16,1.22,70
SELL,1817,CORT,2026-08-25,125.17,64647.03,2026-08-11,110.76,3580.15,4046.1,931886.92,927840.82,12.96,10,equal-weight sizing trim,2026-08-10,114.28,5.0,5,-0.0,2.9,80.52,1.61,63,2026-08-24,123.28,4.8,5,-0.3,2.6,88.22,1.62,77
SELL,1817,CORT,2026-09-01,113.85,667812.08,2026-08-11,110.76,36983.43,38015.2,2063539.34,2025524.13,2.74,15,ratchet-ATR exit,2026-08-10,114.28,5.0,5,-0.0,2.9,80.52,1.61,63,2026-08-31,113.33,4.6,5,-0.4,2.6,70.81,1.48,84
SELL,1818,ELVN,2026-08-18,60.08,1478251.77,2026-08-11,58.55,43275.82,44406.68,2261725.21,2217318.52,2.56,5,rotation (out of top-N),2026-08-10,59.36,4.5,5,-1,1.5,66.13,2.21,217,2026-08-17,59.6,3.9,5,-1,2.1,62.53,1.35,224
SELL,1819,PANW,2026-08-25,353.53,234421.18,2026-08-11,383.63,44965.54,41437.46,-7056155.19,-7097592.65,-7.89,10,rotation (out of top-N),2026-08-10,385.06,5.0,5,-0.5,2.0,72.3,2.22,91,2026-08-24,350.68,4.0,5,-0.3,2.1,51.19,1.77,105
SELL,1820,ATEX,2026-08-25,93.64,86279.39,2026-08-11,92.52,3991.45,4039.6,96305.13,92265.53,1.16,10,equal-weight sizing trim,2026-08-10,92.79,4.7,5,-1,1.3,84.9,2.55,189,2026-08-24,90.5,5.8,5,-1,0.2,68.62,4.25,203
SELL,1820,ATEX,2026-09-03,86.0,905565.69,2026-08-11,92.49,41877.22,38941.59,-5871270.2,-5910211.79,-7.06,17,rotation (out of top-N),2026-08-10,92.79,4.7,5,-1,1.3,84.9,2.55,189,2026-09-02,86.05,4.4,5,-0.8,1.4,55.59,2.45,212
SELL,1821,HPE,2026-08-18,55.86,38203.2,2026-08-11,54.46,1040.27,1067.02,53484.48,52417.47,2.52,5,equal-weight sizing trim,2026-08-10,54.67,5.2,5,-1,0.8,75.07,3.36,133,2026-08-17,57.62,4.2,5,-1,1.8,79.47,1.82,140
SELL,1821,HPE,2026-09-01,52.75,1568788.68,2026-08-11,54.45,42707.7,41376.8,-2661805.37,-2703182.17,-3.16,15,ratchet-ATR exit,2026-08-10,54.67,5.2,5,-1,0.8,75.07,3.36,133,2026-08-31,52.24,3.7,5,-0.8,2.0,55.13,1.45,154
SELL,1822,NSIT,2026-08-18,147.88,557714.04,2026-08-11,155.19,43275.82,41237.38,-4076889.6,-4118126.97,-4.76,5,rotation (out of top-N),2026-08-10,154.63,5.2,5,-0.2,2.5,66.44,1.98,70,2026-08-17,149.22,4.4,5,-0.2,3.0,58.09,1.13,77
SELL,1823,ORKA,2026-08-18,110.66,27636.25,2026-08-11,106.78,1475.43,1529.11,107366.84,105837.72,3.59,5,equal-weight sizing trim,2026-08-10,105.13,4.6,5,-1,1.4,94.81,2.33,357,2026-08-17,112.69,4.1,5,-1,1.9,100.85,1.66,364
SELL,1823,ORKA,2026-08-25,105.88,782962.12,2026-08-11,106.78,41800.39,41450.01,-700751.1,-742201.11,-0.89,10,ratchet-ATR exit,2026-08-10,105.13,4.6,5,-1,1.4,94.81,2.33,357,2026-08-24,102.41,4.5,5,-1,1.5,76.76,2.25,371
SELL,1824,BAND,2026-08-18,52.0,1631510.67,2026-08-11,53.05,43275.82,42419.28,-1713086.21,-1755505.48,-2.03,5,rotation (out of top-N),2026-08-10,52.73,5.4,5,-1.0,0.6,59.72,3.57,140,2026-08-17,52.82,4.1,5,-0.8,1.7,55.48,1.94,147
SELL,1825,TWST,2026-08-25,144.47,133807.28,2026-08-11,123.23,8244.64,9665.57,2841867.11,2832201.54,17.18,10,equal-weight sizing trim,2026-08-10,124.78,5.0,5,-1,1.0,115.38,2.98,217,2026-08-24,140.66,5.1,5,-1,0.9,122.65,3.09,231
SELL,1825,TWST,2026-09-03,133.27,601742.78,2026-08-11,123.7,37218.66,40097.13,5756930.34,5716833.21,7.68,17,rotation (out of top-N),2026-08-10,124.78,5.0,5,-1,1.0,115.38,2.98,217,2026-09-02,139.1,5.1,5,-1,0.9,111.22,3.2,240
SELL,1826,SNDK,2026-08-25,1533.85,51622.77,2026-08-18,1677.54,43299.63,39590.8,-7417676.28,-7457267.08,-8.61,5,rotation (out of top-N),2026-08-17,1787.84,5.4,5,-1,0.6,79.19,3.57,999,2026-08-24,1538.66,5.2,5,-0.5,0.3,49.21,4.05,999
SELL,1827,FET,2026-08-25,77.33,1002422.35,2026-08-18,86.39,43299.63,38758.66,-9081946.51,-9120705.17,-10.53,5,rotation (out of top-N),2026-08-17,86.36,4.1,5,-1,1.9,66.8,1.58,434,2026-08-24,76.45,3.3,5,-0.2,1.9,44.4,1.69,441
SELL,1828,STX,2026-08-25,808.98,92369.6,2026-08-18,937.53,43299.63,37362.58,-11874111.52,-11911474.09,-13.75,5,rotation (out of top-N),2026-08-17,994.36,4.7,5,-1,1.3,69.06,2.61,448,2026-08-24,810.06,3.8,5,0.3,0.9,34.45,3.19,455
SELL,1829,NBIS,2026-08-25,218.1,322145.92,2026-08-18,268.82,43299.63,35130.01,-16339241.21,-16374371.22,-18.91,5,rotation (out of top-N),2026-08-17,268.83,5.5,5,-1,0.5,78.67,3.76,441,2026-08-24,210.72,4.2,5,0.1,0.6,37.14,3.53,448
SELL,1830,MU,2026-08-25,927.73,90491.3,2026-08-18,956.99,43299.63,41975.75,-2647775.37,-2689751.12,-3.11,5,rotation (out of top-N),2026-08-17,1012.14,4.3,5,-1,1.7,70.09,2.02,434,2026-08-24,910.34,4.4,5,-0.4,1.0,48.59,2.93,441
SELL,1831,MXL,2026-08-25,66.23,1096887.49,2026-08-18,78.95,43299.63,36326.17,-13946924.38,-13983250.55,-16.15,5,rotation (out of top-N),2026-08-17,84.85,5.3,5,-1,0.7,79.67,3.51,357,2026-08-24,62.71,3.7,5,0.5,0.9,29.43,3.31,364
SELL,1832,PENG,2026-08-25,52.45,1451060.1,2026-08-18,59.68,43299.63,38057.68,-10483909.25,-10521966.93,-12.15,5,rotation (out of top-N),2026-08-17,63.09,5.0,5,-1.0,1.0,76.19,3.0,119,2026-08-24,50.68,4.1,5,0.1,0.8,38.33,3.27,126
SELL,1833,CBRL,2026-08-25,58.05,38031.69,2026-08-18,58.59,1114.14,1103.87,-20537.11,-21640.98,-0.97,5,equal-weight sizing trim,2026-08-17,59.1,5.2,5,-0.2,2.4,64.18,2.08,70,2026-08-24,58.05,4.6,5,-0.2,2.7,57.81,1.53,77
SELL,1833,CBRL,2026-09-01,54.7,1440023.73,2026-08-18,58.59,42185.5,39388.25,-5594492.19,-5633880.43,-6.68,10,rotation (out of top-N),2026-08-17,59.1,5.2,5,-0.2,2.4,64.18,2.08,70,2026-08-31,55.22,4.0,5,0.2,2.5,47.42,1.61,84
SELL,1834,PAYC,2026-09-01,241.42,25897.12,2026-08-25,229.77,2975.13,3126.04,301830.94,298704.9,5.02,5,equal-weight sizing trim,2026-08-24,229.78,5.3,5,1.7,3.9,58.73,1.09,21,2026-08-31,239.35,5.1,5,1.5,4.0,63.11,0.87,28
SELL,1834,PAYC,2026-09-03,240.11,337742.17,2026-08-25,229.76,38800.66,40547.64,3493942.71,3453395.08,4.45,7,rotation (out of top-N),2026-08-24,229.78,5.3,5,1.7,3.9,58.73,1.09,21,2026-09-02,239.35,4.8,5,1.5,4.2,63.11,0.51,30
SELL,1835,TEAM,2026-09-01,191.01,60987.28,2026-08-25,171.26,5222.34,5824.59,1204498.75,1198674.16,11.48,5,equal-weight sizing trim,2026-08-24,171.26,6.2,5,1.9,3.5,63.19,2.01,7,2026-08-31,194.11,6.1,5,1.8,3.4,83.02,2.02,14
SELL,1835,TEAM,2026-09-03,191.46,426876.68,2026-08-25,171.26,36553.45,40864.9,8622908.85,8582043.94,11.74,7,rotation (out of top-N),2026-08-24,171.26,6.2,5,1.9,3.5,63.19,2.01,7,2026-09-02,194.11,5.7,5,1.7,3.7,83.02,1.48,16
SELL,1836,TVTX,2026-09-01,65.88,21206.4,2026-08-25,66.36,703.68,698.49,-10391.13,-11089.62,-0.79,5,equal-weight sizing trim,2026-08-24,65.23,3.9,5,-0.8,1.9,55.99,1.72,350,2026-08-31,66.28,3.4,5,-0.8,2.4,55.63,0.95,357
SELL,1836,TVTX,2026-09-03,66.74,1237764.16,2026-08-25,66.37,41072.11,41304.19,464161.56,422857.37,0.51,7,rotation (out of top-N),2026-08-24,65.23,3.9,5,-0.8,1.9,55.99,1.72,350,2026-09-02,66.28,3.4,5,-0.8,2.4,55.63,0.91,359
SELL,1837,MPC,2026-09-01,379.89,17969.56,2026-08-25,359.2,3227.33,3413.23,371790.22,368376.99,5.71,5,equal-weight sizing trim,2026-08-24,362.62,3.6,5,-0.7,2.1,53.65,1.4,455,2026-08-31,373.36,3.6,5,-0.8,2.2,55.22,1.18,462
SELL,1837,MPC,2026-09-03,385.0,214635.06,2026-08-25,359.2,38548.46,41316.71,5536511.43,5495194.72,7.13,7,rotation (out of top-N),2026-08-24,362.62,3.6,5,-0.7,2.1,53.65,1.4,455,2026-09-02,373.36,3.6,5,-0.8,2.2,55.22,1.22,464
SELL,1838,HNGE,2026-09-01,91.24,34070.49,2026-08-25,90.06,1534.19,1554.3,40203.17,38648.88,1.26,5,equal-weight sizing trim,2026-08-24,90.03,4.9,5,-0.6,1.8,60.41,2.29,98,2026-08-31,92.64,4.6,5,-0.8,1.9,61.91,2.03,105
SELL,1838,HNGE,2026-09-03,92.44,893661.92,2026-08-25,90.06,40241.6,41307.29,2131383.69,2090076.4,2.6,7,rotation (out of top-N),2026-08-24,90.03,4.9,5,-0.6,1.8,60.41,2.29,98,2026-09-02,92.64,4.1,5,-0.8,2.4,61.91,1.27,107
SELL,1839,MRNA,2026-09-03,145.94,584916.63,2026-08-25,143.99,42111.62,42682.83,1142423.47,1099740.64,1.31,7,rotation (out of top-N),2026-08-24,138.82,6,5,-1,0.0,170.55,7.62,252,2026-09-02,140.4,5.0,5,-1,1.0,159.17,3.05,261
SELL,1840,EAT,2026-09-01,227.35,328943.23,2026-08-25,254.0,41775.79,37392.62,-8766337.11,-8803729.74,-10.54,5,rotation (out of top-N),2026-08-24,253.71,4.4,5,-0.3,2.4,55.57,1.65,91,2026-08-31,228.41,3.1,5,0.4,2.6,38.47,1.15,98
SELL,1841,DK,2026-09-01,76.44,182773.76,2026-08-25,66.87,6111.04,6985.61,1749144.91,1742159.29,14.25,5,equal-weight sizing trim,2026-08-24,68.09,5.2,5,-0.7,0.6,54.88,3.64,448,2026-08-31,74.39,4.7,5,-1,1.3,65.8,2.57,455
SELL,1841,DK,2026-09-03,71.78,1066689.09,2026-08-25,66.87,35664.75,38280.8,5232109.97,5193829.17,7.28,7,rotation (out of top-N),2026-08-24,68.09,5.2,5,-0.7,0.6,54.88,3.64,448,2026-09-02,74.39,5.0,5,-1,1.0,65.8,2.93,457
SELL,1842,ELVN,2026-09-01,57.93,1354597.61,2026-08-25,61.68,41775.79,39235.92,-5079741.05,-5118976.97,-6.13,5,rotation (out of top-N),2026-08-24,61.15,4.2,5,-1,1.8,62.39,1.8,231,2026-08-31,57.95,3.7,5,-0.5,1.8,50.27,1.81,238
SELL,1843,AEHR,2026-09-01,77.9,848239.4,2026-08-25,98.5,41775.79,33038.92,-17473731.61,-17506770.53,-20.95,5,rotation (out of top-N),2026-08-24,96.48,5.6,5,-0.7,0.1,53.57,4.34,413,2026-08-31,86.25,3.8,5,0.3,0.9,33.91,3.15,420
SELL,1844,KNSA,2026-09-01,78.93,1049511.13,2026-08-25,79.61,41775.79,41418.96,-713667.57,-755086.52,-0.9,5,rotation (out of top-N),2026-08-24,79.35,3.4,5,-0.6,2.2,52.44,1.13,476,2026-08-31,78.6,3.4,5,-0.4,2.0,48.42,1.52,483
SELL,1845,DD,2026-09-03,133.8,608027.34,2026-09-01,134.03,40748.47,40677.03,-142886.43,-183563.45,-0.23,2,rotation (out of top-N),2026-08-31,134.57,3.6,5,-1,2.4,95.68,0.96,371,2026-09-02,134.57,3.6,5,-1,2.4,95.68,0.9,373
SELL,1846,DINO,2026-09-03,106.59,792887.53,2026-09-01,102.78,40748.47,42258.92,3020901.5,2978642.57,3.65,2,rotation (out of top-N),2026-08-31,101.67,3.7,5,-0.8,2.0,55.14,1.44,441,2026-09-02,101.67,3.5,5,-0.8,2.3,55.14,1.09,443
SELL,1847,ESTC,2026-09-03,92.15,848882.3,2026-09-01,96.0,40748.47,39112.25,-3272441.26,-3311553.51,-4.06,2,rotation (out of top-N),2026-08-31,97.52,7.4,5,1.9,1.6,55.53,5.4,21,2026-09-02,97.52,5.5,5,1.8,3.5,55.53,1.61,23
SELL,1848,OKTA,2026-09-03,166.73,477917.87,2026-09-01,170.53,40748.47,39841.62,-1813698.32,-1853539.94,-2.27,2,rotation (out of top-N),2026-08-31,173.05,4.7,5,-0.6,2.0,68.48,1.98,98,2026-09-02,173.05,4.8,5,-0.7,1.9,68.48,2.16,100
SELL,1849,PANW,2026-09-03,333.02,217429.55,2026-09-01,374.82,40748.47,36204.74,-9087468.16,-9123672.89,-11.2,2,rotation (out of top-N),2026-08-31,381.99,4.7,5,-0.9,1.6,61.36,2.34,112,2026-09-02,381.99,5.3,5,-0.9,0.9,61.36,3.23,114
SELL,1850,ANF,2026-09-03,137.97,573054.49,2026-09-01,142.22,40748.47,39530.73,-2435481.6,-2475012.33,-3.04,2,rotation (out of top-N),2026-08-31,149.82,5.5,5,1.9,3.3,53.52,1.87,28,2026-09-02,149.82,4.9,5,1.8,3.8,53.52,1.11,30
SELL,1851,NSIT,2026-09-03,154.05,525956.41,2026-09-01,154.95,40748.47,40511.79,-473360.76,-513872.56,-0.63,2,rotation (out of top-N),2026-08-31,157.05,3.9,5,-0.5,3.0,60.78,0.67,91,2026-09-02,157.05,4.1,5,-0.5,2.8,60.78,1.02,93
SELL,1852,ORKA,2026-09-03,91.05,891944.24,2026-09-01,91.37,40748.47,40603.53,-289881.88,-330485.41,-0.41,2,rotation (out of top-N),2026-08-31,92.53,4.8,5,-0.8,1.0,55.52,3.01,378,2026-09-02,92.53,3.6,5,-0.8,2.2,55.52,1.22,380
SELL,1853,SNOW,2026-09-03,380.35,249596.33,2026-09-01,326.51,40748.47,47466.98,13437018.3,13389551.32,16.43,2,rotation (out of top-N),2026-08-31,331.53,4.2,5,0.2,3.1,52.71,1.09,70,2026-09-02,331.53,5.9,5,0.2,1.4,52.71,3.66,72
SELL,1854,FTNT,2026-09-03,155.69,486795.96,2026-09-01,167.41,40748.47,37894.63,-5707682.58,-5745577.21,-7.05,2,rotation (out of top-N),2026-08-31,170.9,3.6,5,-0.6,2.0,52.26,1.55,126,2026-09-02,170.9,4.0,5,-0.6,1.6,52.26,2.04,128
SELL,1855,MU,2026-09-03,957.01,86746.87,2026-09-01,939.48,40748.47,41508.81,1520672.55,1479163.74,1.81,2,rotation (out of top-N),2026-08-31,958.31,3.6,5,-0.6,2.0,51.94,1.53,448,2026-09-02,958.31,3.6,5,-0.6,2.0,51.94,1.44,450
SELL,1856,APGE,2026-09-11,135.08,14996693.13,2026-09-03,135.07,1012801.67,,149966.93,149966.93,0.01,5,end-of-sample mark-to-market,2026-09-02,135.07,2.1,5,-0.1,3.0,42.46,0.02,331,,,,,,,,,
