kind,trade_id,symbol,exec_date,exec_price,shares,buy_date,buy_price,buy_fee,sell_fee,gross_pnl,net_pnl,net_return_pct,hold_days,exit_reason,sig_sig_date,sig_sig_w_close,sig_sig_w_ema,sig_sig_w_sma,sig_sig_d_close,sig_sig_d_ema,sig_sig_d_sma,sig_sig_h_close,sig_sig_h_atr,sig_gap_w,sig_atr_dist,sig_freshness_days,sig_emasma_score,sig_mtf_score,sig_early_score,sig_near_score
BUY,8,AMR,2021-09-21,42.55,234.9,,,5.0,,,,,,,2021-09-20,45.38,38.45,20.68,43.61,46.71,36.19,,,119.49,,999,5,,-1,
BUY,1,BNTX,2021-09-21,341.69,29.25,,,5.0,,,,,,,2021-09-20,330.38,326.02,199.02,336.0,345.29,350.28,,,66.0,,999,5,,-1,
BUY,5,CAR,2021-09-21,91.86,108.81,,,5.0,,,,,,,2021-09-20,106.1,87.74,69.05,90.18,88.33,84.4,,,53.66,,999,5,,-0.7,
BUY,3,CNR,2021-09-21,22.24,449.42,,,5.0,,,,,,,2021-09-20,22.68,21.08,13.51,21.85,23.08,21.02,,,67.92,,999,5,,-1,
BUY,6,DDS,2021-09-21,157.63,63.41,,,5.0,,,,,,,2021-09-20,161.67,149.96,101.55,155.16,155.25,149.36,,,59.21,,999,5,,-1.0,
BUY,4,HRI,2021-09-21,118.26,84.52,,,5.0,,,,,,,2021-09-20,146.68,120.02,94.15,114.45,117.04,115.79,,,55.79,,999,5,,-0.8,
BUY,10,MRNA,2021-09-21,423.01,23.63,,,5.0,,,,,,,2021-09-20,430.01,387.45,226.77,423.49,426.91,400.35,,,89.62,,999,5,,-1,
BUY,2,PVLA,2021-09-21,440.8,22.67,,,5.0,,,,,,,2021-09-20,450.8,384.73,259.16,439.2,440.28,355.68,,,73.95,,105,5,,-0.8,
BUY,7,SITM,2021-09-21,220.0,45.43,,,5.0,,,,,,,2021-09-20,235.62,199.21,131.76,217.43,220.07,193.5,,,78.83,,98,5,,-0.6,
BUY,9,TEAM,2021-09-21,408.86,24.45,,,5.0,,,,,,,2021-09-20,414.1,359.48,266.92,401.18,390.45,348.75,,,55.14,,999,5,,-0.8,
BUY,13,AEHR,2021-09-28,14.34,647.2,,,4.64,,,,,,,2021-09-27,12.65,9.58,4.18,15.07,12.4,8.16,,,202.88,,999,5,,-1,
BUY,14,DVN,2021-09-28,28.67,323.71,,,4.64,,,,,,,2021-09-27,29.61,24.33,19.66,28.16,25.13,22.67,,,50.59,,999,5,,-0.5,
BUY,11,LEU,2021-09-28,39.48,235.08,,,4.64,,,,,,,2021-09-27,41.29,32.02,25.3,39.21,35.79,28.88,,,63.2,,999,5,,-1,
BUY,12,VIST,2021-09-28,4.65,1995.88,,,4.64,,,,,,,2021-09-27,5.45,4.51,3.44,4.59,4.4,4.53,,,58.37,,999,5,,-0.9,
SELL,1,BNTX,2021-09-28,290.45,29.25,2021-09-21,341.69,5.0,4.25,-1498.86,-1503.1,-15.04,5,rotation (out of top-N),2021-09-27,251.96,312.56,202.93,304.21,334.64,354.0,,,24.16,,999,4.83,,0.8,
SELL,6,DDS,2021-09-28,155.64,63.41,2021-09-21,157.63,5.0,4.93,-126.18,-131.12,-1.31,5,rotation (out of top-N),2021-09-27,136.55,147.52,103.86,158.45,158.55,151.61,,,31.47,,999,5,,0.4,
SELL,10,MRNA,2021-09-28,398.74,23.63,2021-09-21,423.01,5.0,4.71,-573.46,-578.17,-5.78,5,rotation (out of top-N),2021-09-27,340.3,378.88,232.19,408.71,429.36,411.72,,,46.56,,999,5,,-0.3,
SELL,9,TEAM,2021-09-28,381.41,24.45,2021-09-21,408.86,5.0,4.66,-670.93,-675.59,-6.76,5,rotation (out of top-N),2021-09-27,392.44,365.47,270.69,391.78,399.4,364.6,,,44.98,,999,5,,-0.2,
BUY,16,HCI,2021-10-05,106.34,96.63,,,5.14,,,,,,,2021-10-04,120.54,102.29,77.37,105.2,102.11,100.16,,,55.79,,999,5,,-0.8,
BUY,18,IDT,2021-10-05,42.63,241.03,,,5.14,,,,,,,2021-10-04,49.92,45.39,31.88,42.92,42.56,45.13,,,56.57,,999,5,,-0.8,
BUY,17,SITM,2021-10-05,204.24,50.31,,,5.14,,,,,,,2021-10-04,215.03,203.61,136.91,200.7,210.61,211.59,,,57.06,,112,5,,-0.7,
BUY,15,XENE,2021-10-05,32.17,319.4,,,5.14,,,,,,,2021-10-04,32.85,19.79,17.97,31.57,18.61,17.33,,,82.84,,0,5,,2.0,
SELL,4,HRI,2021-10-05,158.7,84.52,2021-09-21,118.26,5.0,6.71,3417.87,3411.17,34.13,10,rotation (out of top-N),2021-10-04,153.2,131.53,98.86,157.8,146.25,124.27,,,54.97,,999,5,,-0.7,
SELL,11,LEU,2021-10-05,38.82,235.08,2021-09-28,39.48,4.64,4.56,-155.15,-159.71,-1.72,5,rotation (out of top-N),2021-10-04,38.5,33.2,25.68,40.1,37.96,30.83,,,49.91,,999,5,,-0.5,
SELL,2,PVLA,2021-10-05,410.4,22.67,2021-09-21,440.8,5.0,4.65,-689.31,-693.96,-6.94,10,rotation (out of top-N),2021-10-04,379.2,388.67,268.59,412.8,427.61,392.85,,,41.18,,119,5,,-0.0,
SELL,7,SITM,2021-10-05,204.24,45.43,2021-09-21,220.0,5.0,4.64,-716.01,-720.64,-7.21,10,ratchet-ATR exit,2021-10-04,215.03,203.61,136.91,200.7,210.61,211.59,,,57.06,,112,5,,-0.7,
BUY,20,HRI,2021-10-12,160.33,70.6,,,5.66,,,,,,,2021-10-11,163.71,137.38,101.39,156.63,151.96,128.87,,,61.47,,999,5,,-1,
BUY,19,LEU,2021-10-12,42.48,266.46,,,5.66,,,,,,,2021-10-11,49.96,36.25,26.38,42.23,39.11,32.71,,,89.38,,999,5,,-1,
BUY,22,NET,2021-10-12,145.28,77.92,,,5.66,,,,,,,2021-10-11,168.01,132.4,97.41,144.48,131.14,125.82,,,72.48,,999,5,,-1,
BUY,21,PDS,2021-10-12,44.91,252.05,,,5.66,,,,,,,2021-10-11,49.37,39.11,30.83,45.93,41.98,35.07,,,60.13,,999,5,,-1,
SELL,14,DVN,2021-10-12,31.71,323.71,2021-09-28,28.67,4.64,5.13,984.09,978.96,10.55,10,rotation (out of top-N),2021-10-11,32.27,26.93,20.62,31.74,30.27,24.96,,,56.52,,999,5,,-0.8,
SELL,16,HCI,2021-10-12,125.45,96.63,2021-10-05,106.34,5.14,6.06,1846.52,1840.46,17.91,5,rotation (out of top-N),2021-10-11,112.73,104.19,78.99,125.3,113.24,102.0,,,42.71,,999,5,,-0.1,
SELL,18,IDT,2021-10-12,51.18,241.03,2021-10-05,42.63,5.14,6.17,2060.82,2054.65,20.0,5,rotation (out of top-N),2021-10-11,49.55,46.14,32.82,51.08,46.31,44.39,,,51.0,,999,5,,-0.5,
SELL,17,SITM,2021-10-12,210.29,50.31,2021-10-05,204.24,5.14,5.29,304.37,299.08,2.91,5,rotation (out of top-N),2021-10-11,222.94,207.12,139.47,210.71,211.74,212.88,,,59.85,,119,5,,-1.0,
BUY,24,ATLC,2021-10-19,68.35,158.54,,,5.42,,,,,,,2021-10-18,70.48,56.6,40.4,67.06,59.46,55.18,,,74.47,,999,5,,-1,
BUY,23,NRP,2021-10-19,21.47,504.72,,,5.42,,,,,,,2021-10-18,24.76,18.61,14.46,20.44,19.63,16.83,,,71.25,,999,5,,-1,
SELL,21,PDS,2021-10-19,47.49,252.05,2021-10-12,44.91,5.66,5.98,650.28,644.29,5.69,5,rotation (out of top-N),2021-10-18,45.1,40.2,31.38,49.01,45.89,37.02,,,43.71,,999,5,,-0.2,
SELL,15,XENE,2021-10-19,30.38,319.4,2021-10-05,32.17,5.14,4.85,-573.33,-578.18,-5.63,10,rotation (out of top-N),2021-10-18,30.87,23.86,18.79,30.68,30.28,21.0,,,64.25,,14,5,,1.8,
BUY,25,AMBA,2021-10-26,182.6,68.08,,,6.22,,,,,,,2021-10-25,185.94,154.78,115.39,180.14,169.72,152.33,,,61.14,,56,5,,1.1,
BUY,27,SITM,2021-10-26,240.6,51.67,,,6.22,,,,,,,2021-10-25,264.63,220.8,144.96,239.83,225.3,218.42,,,82.56,,133,5,,-1,
BUY,26,XENE,2021-10-26,30.63,405.84,,,6.22,,,,,,,2021-10-25,31.14,25.19,19.17,30.69,30.45,22.69,,,62.41,,21,5,,1.7,
SELL,3,CNR,2021-10-26,27.88,449.42,2021-09-21,22.24,5.0,6.26,2534.7,2528.44,25.3,25,rotation (out of top-N),2021-10-25,25.34,25.34,16.1,27.58,28.94,25.68,,,57.41,,999,5,,-0.9,
SELL,20,HRI,2021-10-26,164.25,70.6,2021-10-12,160.33,5.66,5.8,276.75,270.96,2.39,10,rotation (out of top-N),2021-10-25,167.58,148.04,106.68,172.15,165.95,140.88,,,57.08,,999,5,,-0.9,
SELL,23,NRP,2021-10-26,26.14,504.72,2021-10-19,21.47,5.42,6.6,2357.02,2350.42,21.69,5,rotation (out of top-N),2021-10-25,23.39,19.48,14.78,24.76,21.99,17.67,,,58.25,,999,5,,-0.9,
BUY,28,DDS,2021-11-02,183.72,68.67,,,6.31,,,,,,,2021-11-01,235.39,173.64,119.67,184.33,174.86,159.81,,,96.69,,999,5,,-1,
BUY,29,TSLA,2021-11-02,386.17,32.67,,,6.31,,,,,,,2021-11-01,407.23,304.91,241.25,403.04,342.67,277.38,,,68.8,,63,5,,-0.0,
SELL,25,AMBA,2021-11-02,190.74,68.08,2021-10-26,182.6,6.22,6.49,554.15,547.65,4.41,5,rotation (out of top-N),2021-11-01,194.21,161.95,117.88,190.68,180.48,160.28,,,64.75,,63,5,,-0.0,
SELL,12,VIST,2021-11-02,6.14,1995.88,2021-09-28,4.65,4.64,6.13,2973.87,2967.74,31.98,25,rotation (out of top-N),2021-11-01,5.86,5.64,3.9,6.33,6.49,5.48,,,50.12,,999,5,,-0.5,
BUY,31,DDOG,2021-11-09,194.16,70.6,,,6.85,,,,,,,2021-11-08,193.07,161.5,115.13,191.38,171.39,152.52,,,67.7,,133,5,,-1,
BUY,32,IDT,2021-11-09,57.97,236.46,,,6.85,,,,,,,2021-11-08,65.31,51.34,36.72,58.3,52.38,46.85,,,77.86,,999,5,,-1,
BUY,30,LQDA,2021-11-09,4.06,3376.19,,,6.85,,,,,,,2021-11-08,5.0,3.59,2.9,4.29,3.99,3.22,,,72.54,,28,5,,1.5,
SELL,27,SITM,2021-11-09,279.0,51.67,2021-10-26,240.6,6.22,7.21,1983.98,1976.77,15.9,10,rotation (out of top-N),2021-11-08,255.17,236.89,152.18,290.96,270.05,230.93,,,67.67,,147,5,,-1,
SELL,29,TSLA,2021-11-09,391.2,32.67,2021-11-02,386.17,6.31,6.39,164.34,157.94,1.25,5,rotation (out of top-N),2021-11-08,344.66,312.14,242.76,387.12,378.61,296.19,,,41.98,,70,5,,0.7,
SELL,26,XENE,2021-11-09,34.38,405.84,2021-10-26,30.63,6.22,6.98,1523.93,1516.95,12.2,10,rotation (out of top-N),2021-11-08,31.45,27.86,20.08,35.25,33.51,26.48,,,56.61,,35,5,,1.6,
BUY,34,NVDA,2021-11-16,29.69,444.81,,,6.6,,,,,,,2021-11-15,32.93,26.26,19.04,29.97,29.06,23.84,,,72.96,,999,5,,-1,
BUY,33,SITM,2021-11-16,261.14,50.57,,,6.6,,,,,,,2021-11-15,287.58,246.11,155.77,259.05,257.09,234.08,,,84.62,,154,5,,-1,
BUY,35,SYNA,2021-11-16,258.21,51.15,,,6.6,,,,,,,2021-11-15,278.65,216.63,161.26,259.52,239.87,195.97,,,72.8,,999,5,,-1,
SELL,8,AMR,2021-11-16,47.19,234.9,2021-09-21,42.55,5.0,5.54,1089.94,1084.39,10.85,40,rotation (out of top-N),2021-11-15,43.77,50.55,29.27,47.62,52.74,54.17,,,49.54,,999,5,,-0.5,
SELL,24,ATLC,2021-11-16,74.05,158.54,2021-10-19,68.35,5.42,5.87,903.68,897.81,8.29,20,rotation (out of top-N),2021-11-15,67.53,67.4,45.38,75.8,79.29,66.14,,,48.81,,999,5,,-0.4,
SELL,30,LQDA,2021-11-16,4.98,3376.19,2021-11-09,4.06,6.85,8.41,3106.1,3097.69,22.6,5,rotation (out of top-N),2021-11-15,4.27,3.71,2.92,4.85,4.46,3.47,,,46.21,,35,5,,2.1,
BUY,39,AEHR,2021-11-23,17.43,791.96,,,6.9,,,,,,,2021-11-22,17.11,18.72,7.94,18.02,21.64,20.32,,,115.53,,999,5,,-1,
BUY,37,COKE,2021-11-23,54.26,254.47,,,6.9,,,,,,,2021-11-22,57.12,45.17,36.29,54.53,49.04,40.34,,,57.41,,999,5,,-0.9,
BUY,36,LEU,2021-11-23,63.66,216.9,,,6.9,,,,,,,2021-11-22,58.85,55.67,32.27,62.03,68.56,56.03,,,82.38,,999,5,,-1,
BUY,40,NET,2021-11-23,183.89,75.09,,,6.9,,,,,,,2021-11-22,200.61,180.16,114.88,186.49,203.1,172.18,,,74.63,,999,5,,-1,
BUY,38,NRP,2021-11-23,24.73,558.34,,,6.9,,,,,,,2021-11-22,25.38,21.88,15.95,23.56,22.93,20.33,,,59.09,,999,5,,-1.0,
SELL,13,AEHR,2021-11-23,17.43,647.2,2021-09-28,14.34,4.64,5.64,2003.09,1997.45,21.52,40,ratchet-ATR exit,2021-11-22,17.11,18.72,7.94,18.02,21.64,20.32,,,115.53,,999,5,,-1,
SELL,31,DDOG,2021-11-23,170.61,70.6,2021-11-09,194.16,6.85,6.02,-1662.9,-1668.92,-12.18,10,rotation (out of top-N),2021-11-22,181.19,169.73,119.03,180.68,186.97,164.25,,,52.22,,147,5,,-0.6,
SELL,32,IDT,2021-11-23,61.19,236.46,2021-11-09,57.97,6.85,7.23,761.39,754.15,5.5,10,rotation (out of top-N),2021-11-22,57.53,54.01,38.72,60.82,60.89,51.53,,,48.57,,999,5,,-0.4,
SELL,19,LEU,2021-11-23,63.66,266.46,2021-10-12,42.48,5.66,8.48,5643.69,5635.21,49.78,30,ratchet-ATR exit,2021-11-22,58.85,55.67,32.27,62.03,68.56,56.03,,,82.38,,999,5,,-1,
SELL,22,NET,2021-11-23,183.89,77.92,2021-10-12,145.28,5.66,7.16,3008.76,3001.59,26.52,30,ratchet-ATR exit,2021-11-22,200.61,180.16,114.88,186.49,203.1,172.18,,,74.63,,999,5,,-1,
BUY,41,AMBA,2021-11-30,181.43,88.63,,,8.04,,,,,,,2021-11-29,193.82,175.86,124.72,181.85,183.57,178.18,,,55.4,,91,5,,-0.3,
BUY,42,BXC,2021-11-30,70.25,228.9,,,8.04,,,,,,,2021-11-29,78.26,65.09,51.5,70.93,72.08,59.4,,,51.96,,999,5,,-0.6,
SELL,28,DDS,2021-11-30,257.94,68.67,2021-11-02,183.72,6.31,8.86,5096.9,5088.04,40.33,19,rotation (out of top-N),2021-11-29,203.69,215.4,138.87,275.63,278.07,209.21,,,46.68,,999,5,,-0.3,
SELL,40,NET,2021-11-30,192.37,75.09,2021-11-23,183.89,6.9,7.22,636.37,629.14,4.56,4,rotation (out of top-N),2021-11-29,160.03,176.5,117.03,191.1,197.96,179.99,,,36.74,,999,5,,0.2,
BUY,43,BLDR,2021-12-07,77.04,170.59,,,6.57,,,,,,,2021-12-06,79.56,67.2,52.21,73.37,71.44,64.31,,,52.4,,999,5,,-0.6,
BUY,44,LEU,2021-12-07,54.51,241.1,,,6.57,,,,,,,2021-12-06,57.49,54.92,33.73,50.53,56.33,59.94,,,70.43,,999,5,,-1,
BUY,46,MRVL,2021-12-07,85.93,152.94,,,6.57,,,,,,,2021-12-06,87.49,73.43,57.48,84.07,75.1,69.56,,,52.22,,999,5,,-0.6,
BUY,45,MXL,2021-12-07,69.0,190.47,,,6.57,,,,,,,2021-12-06,74.92,64.6,47.51,66.03,67.82,62.03,,,57.7,,999,5,,-0.9,
SELL,37,COKE,2021-12-07,54.21,254.47,2021-11-23,54.26,6.9,6.9,-12.72,-19.62,-0.14,9,rotation (out of top-N),2021-12-06,51.05,47.66,37.67,55.0,54.19,44.51,,,35.51,,999,5,,0.2,
SELL,36,LEU,2021-12-07,54.51,216.9,2021-11-23,63.66,6.9,5.91,-1984.63,-1990.54,-14.42,9,ratchet-ATR exit,2021-12-06,57.49,54.92,33.73,50.53,56.33,59.94,,,70.43,,999,5,,-1,
SELL,38,NRP,2021-12-07,23.71,558.34,2021-11-23,24.73,6.9,6.62,-569.51,-576.13,-4.17,9,rotation (out of top-N),2021-12-06,23.62,22.53,16.51,23.64,24.2,22.17,,,43.05,,999,5,,-0.2,
SELL,34,NVDA,2021-12-07,30.91,444.81,2021-11-16,29.69,6.6,6.87,542.67,535.79,4.06,14,rotation (out of top-N),2021-12-06,30.13,28.26,20.32,29.95,31.26,27.52,,,48.26,,999,5,,-0.4,
BUY,50,AEHR,2021-12-14,14.53,1049.32,,,7.62,,,,,,,2021-12-13,15.59,17.26,8.91,15.01,16.06,20.2,,,75.03,,999,5,,-1,
BUY,49,AMR,2021-12-14,46.79,325.85,,,7.62,,,,,,,2021-12-13,48.88,48.26,32.43,46.9,46.68,51.55,,,50.72,,999,5,,-0.5,
BUY,47,CAR,2021-12-14,219.57,69.44,,,7.62,,,,,,,2021-12-13,205.36,214.55,117.86,223.01,241.92,234.19,,,74.23,,999,5,,-1,
BUY,51,CCB,2021-12-14,40.98,372.05,,,7.62,,,,,,,2021-12-13,48.2,42.25,32.71,43.9,44.77,40.59,,,47.37,,999,5,,-0.4,
BUY,48,PI,2021-12-14,79.89,190.85,,,7.62,,,,,,,2021-12-13,84.26,74.12,57.41,82.41,80.31,73.08,,,46.77,,56,5,,1.7,
SELL,39,AEHR,2021-12-14,14.53,791.96,2021-11-23,17.43,6.9,5.75,-2300.64,-2306.4,-16.7,14,ratchet-ATR exit,2021-12-13,15.59,17.26,8.91,15.01,16.06,20.2,,,75.03,,999,5,,-1,
SELL,41,AMBA,2021-12-14,193.81,88.63,2021-11-30,181.43,8.04,8.59,1098.15,1089.56,6.78,10,rotation (out of top-N),2021-12-13,180.58,181.53,128.77,197.11,201.38,189.86,,,40.24,,105,5,,0.2,
SELL,5,CAR,2021-12-14,219.57,108.81,2021-09-21,91.86,5.0,11.95,13895.73,13883.78,138.91,59,ratchet-ATR exit,2021-12-13,205.36,214.55,117.86,223.01,241.92,234.19,,,74.23,,999,5,,-1,
SELL,44,LEU,2021-12-14,45.5,241.1,2021-12-07,54.51,6.57,5.48,-2172.3,-2177.78,-16.57,5,rotation (out of top-N),2021-12-13,48.29,53.72,34.32,46.96,55.11,60.75,,,40.71,,999,5,,-0.0,
SELL,46,MRVL,2021-12-14,83.28,152.94,2021-12-07,85.93,6.57,6.37,-405.3,-411.66,-3.13,5,rotation (out of top-N),2021-12-13,82.55,75.09,58.39,85.0,83.03,72.68,,,41.38,,999,5,,-0.1,
BUY,53,IRTC,2021-12-21,108.64,122.89,,,6.68,,,,,,,2021-12-20,118.94,96.16,76.67,108.92,100.28,96.79,,,55.13,,28,5,,1.8,
BUY,52,LEU,2021-12-21,52.58,253.91,,,6.68,,,,,,,2021-12-20,54.01,53.77,34.99,46.93,50.51,60.32,,,54.37,,999,5,,-0.7,
BUY,54,SYNA,2021-12-21,264.49,50.48,,,6.68,,,,,,,2021-12-20,278.35,253.4,178.68,262.37,271.89,254.86,,,55.78,,999,5,,-0.8,
SELL,43,BLDR,2021-12-21,76.77,170.59,2021-12-07,77.04,6.57,6.55,-46.06,-52.61,-0.4,10,rotation (out of top-N),2021-12-20,82.12,71.36,53.87,75.13,76.18,69.39,,,52.44,,999,5,,-0.6,
SELL,45,MXL,2021-12-21,70.51,190.47,2021-12-07,69.0,6.57,6.71,287.61,280.89,2.14,10,rotation (out of top-N),2021-12-20,74.09,67.1,49.29,69.81,70.84,67.77,,,50.31,,999,5,,-0.5,
SELL,35,SYNA,2021-12-21,264.49,51.15,2021-11-16,258.21,6.6,6.76,320.93,314.17,2.38,24,ratchet-ATR exit,2021-12-20,278.35,253.4,178.68,262.37,271.89,254.86,,,55.78,,999,5,,-0.8,
BUY,57,ACLS,2021-12-28,73.07,228.41,,,8.34,,,,,,,2021-12-27,74.71,63.61,48.49,72.87,66.68,63.11,,,54.08,,999,5,,-0.7,
BUY,55,BLDR,2021-12-28,84.17,198.27,,,8.34,,,,,,,2021-12-27,85.77,73.98,54.85,84.26,79.37,71.72,,,56.38,,999,5,,-0.8,
BUY,56,LQDA,2021-12-28,4.55,3668.05,,,8.34,,,,,,,2021-12-27,4.89,4.23,3.14,4.57,4.36,4.27,,,55.5,,77,5,,-0.1,
SELL,51,CCB,2021-12-28,51.55,372.05,2021-12-14,40.98,7.62,9.59,3932.57,3922.98,25.73,9,rotation (out of top-N),2021-12-27,50.97,45.32,33.89,51.88,48.82,43.76,,,50.41,,999,5,,-0.5,
SELL,52,LEU,2021-12-28,51.31,253.91,2021-12-21,52.58,6.68,6.51,-322.46,-328.98,-2.46,4,rotation (out of top-N),2021-12-27,49.5,52.99,35.62,53.74,52.41,60.54,,,38.95,,999,5,,0.1,
SELL,48,PI,2021-12-28,93.75,190.85,2021-12-14,79.89,7.62,8.95,2645.11,2636.17,17.29,9,rotation (out of top-N),2021-12-27,88.61,79.18,59.02,92.53,86.55,79.64,,,50.15,,70,5,,0.3,
BUY,59,CAR,2022-01-04,195.53,82.3,,,8.05,,,,,,,2022-01-03,187.23,206.75,127.78,191.92,202.64,240.09,,,46.52,,999,5,,-0.3,
BUY,63,CCB,2022-01-04,49.98,321.94,,,8.05,,,,,,,2022-01-03,53.45,46.8,34.56,49.85,49.75,45.56,,,54.66,,999,5,,-0.7,
BUY,62,CUBI,2022-01-04,68.36,235.42,,,8.05,,,,,,,2022-01-03,74.62,60.73,44.61,67.01,63.92,59.6,,,67.27,,999,5,,-1,
BUY,64,DVN,2022-01-04,37.9,424.6,,,8.05,,,,,,,2022-01-03,40.08,34.69,26.04,37.36,35.66,34.55,,,53.9,,999,5,,-0.7,
BUY,61,F,2022-01-04,16.79,958.45,,,8.05,,,,,,,2022-01-03,18.22,15.08,11.52,16.24,15.41,14.9,,,58.21,,999,5,,-0.9,
BUY,58,LEU,2022-01-04,52.83,304.61,,,8.05,,,,,,,2022-01-03,51.97,52.81,36.33,52.62,50.83,58.67,,,43.05,,999,5,,-0.2,
BUY,60,NRP,2022-01-04,25.13,640.37,,,8.05,,,,,,,2022-01-03,26.04,23.79,17.72,25.44,24.57,23.9,,,46.93,,999,5,,-0.3,
SELL,57,ACLS,2022-01-04,76.85,228.41,2021-12-28,73.07,8.34,8.78,863.37,854.6,5.12,5,rotation (out of top-N),2022-01-03,68.61,64.52,49.01,76.62,71.5,65.2,,,39.98,,999,5,,0.0,
SELL,55,BLDR,2022-01-04,84.19,198.27,2021-12-28,84.17,8.34,8.35,2.97,-5.37,-0.03,5,rotation (out of top-N),2022-01-03,78.63,74.82,55.63,83.47,82.62,74.77,,,41.34,,999,5,,-0.1,
SELL,42,BXC,2022-01-04,91.56,228.9,2021-11-30,70.25,8.04,10.48,4877.79,4867.32,30.27,24,rotation (out of top-N),2022-01-03,81.07,78.31,57.37,91.03,89.47,78.89,,,41.31,,999,5,,-0.1,
SELL,47,CAR,2022-01-04,195.53,69.44,2021-12-14,219.57,7.62,6.79,-1669.3,-1676.09,-10.99,14,ratchet-ATR exit,2022-01-03,187.23,206.75,127.78,191.92,202.64,240.09,,,46.52,,999,5,,-0.3,
SELL,53,IRTC,2022-01-04,120.36,122.89,2021-12-21,108.64,6.68,7.4,1440.24,1432.85,10.73,9,rotation (out of top-N),2022-01-03,101.91,100.42,75.32,120.55,115.05,104.82,,,35.29,,42,5,,2.5,
SELL,33,SITM,2022-01-04,291.48,50.57,2021-11-16,261.14,6.6,7.37,1534.08,1526.71,11.56,33,rotation (out of top-N),2022-01-03,242.79,267.08,186.38,293.92,287.29,281.39,,,30.27,,203,5,,0.5,
SELL,54,SYNA,2022-01-04,285.73,50.48,2021-12-21,264.49,6.68,7.21,1072.12,1064.91,7.98,9,rotation (out of top-N),2022-01-03,251.74,258.42,185.33,288.07,284.49,274.24,,,35.83,,999,5,,0.2,
BUY,65,APA,2022-01-11,25.78,592.92,,,7.64,,,,,,,2022-01-10,28.89,24.12,19.67,25.53,24.71,23.41,,,46.88,,999,5,,-0.3,
BUY,66,IRTC,2022-01-11,130.76,116.89,,,7.64,,,,,,,2022-01-10,141.09,107.82,75.53,129.9,113.8,105.84,,,86.8,,49,5,,1.2,
BUY,67,PI,2022-01-11,82.32,185.68,,,7.64,,,,,,,2022-01-10,90.32,81.43,60.43,78.13,83.87,82.14,,,49.47,,84,5,,0.1,
SELL,50,AEHR,2022-01-11,14.72,1049.32,2021-12-14,14.53,7.62,7.72,199.37,191.65,1.26,19,rotation (out of top-N),2022-01-10,13.41,17.54,10.51,14.84,19.35,18.79,,,27.59,,999,5,,0.6,
SELL,59,CAR,2022-01-11,190.5,82.3,2022-01-04,195.53,8.05,7.84,-413.98,-421.82,-2.62,5,rotation (out of top-N),2022-01-10,185.56,202.9,130.59,189.62,193.89,231.29,,,42.09,,999,5,,-0.1,
SELL,58,LEU,2022-01-11,48.33,304.61,2022-01-04,52.83,8.05,7.36,-1370.73,-1378.09,-8.56,5,rotation (out of top-N),2022-01-10,45.95,51.56,36.88,48.67,50.48,55.85,,,24.59,,999,4.92,,0.8,
BUY,70,COP,2022-01-25,70.71,222.53,,,7.87,,,,,,,2022-01-24,75.92,67.04,55.18,68.77,70.59,64.11,,,37.58,,999,5,,0.1,
BUY,69,EOG,2022-01-25,83.98,187.37,,,7.87,,,,,,,2022-01-24,90.41,78.95,66.8,84.28,83.55,75.08,,,35.35,,999,5,,0.2,
BUY,72,FANG,2022-01-25,96.66,162.79,,,7.87,,,,,,,2022-01-24,105.26,94.8,77.25,97.65,99.32,92.19,,,36.26,,999,5,,0.2,
BUY,73,HAL,2022-01-25,25.98,605.67,,,7.87,,,,,,,2022-01-24,28.76,23.94,20.91,26.2,25.3,22.21,,,37.57,,112,5,,0.3,
BUY,68,LQDA,2022-01-25,5.34,2946.68,,,7.87,,,,,,,2022-01-24,5.52,5.1,3.46,5.33,5.73,4.92,,,59.61,,105,5,,-0.7,
BUY,71,NRP,2022-01-25,26.57,592.22,,,7.87,,,,,,,2022-01-24,27.44,25.43,18.87,25.01,26.95,25.25,,,45.39,,999,5,,-0.3,
SELL,63,CCB,2022-01-25,48.3,321.94,2022-01-04,49.98,8.05,7.77,-542.48,-550.25,-3.42,14,rotation (out of top-N),2022-01-24,47.16,47.77,36.22,50.15,50.65,48.64,,,30.22,,999,5,,0.5,
SELL,62,CUBI,2022-01-25,58.82,235.42,2022-01-04,68.36,8.05,6.92,-2244.77,-2251.69,-13.99,14,rotation (out of top-N),2022-01-24,57.78,62.12,47.07,59.58,66.69,63.5,,,22.77,,999,4.55,,0.9,
SELL,61,F,2022-01-25,14.89,958.45,2022-01-04,16.79,8.05,7.14,-1821.06,-1828.2,-11.36,14,rotation (out of top-N),2022-01-24,14.65,15.5,12.05,15.21,16.72,15.88,,,21.56,,999,4.31,,0.9,
SELL,56,LQDA,2022-01-25,5.34,3668.05,2021-12-28,4.55,8.34,9.79,2897.76,2887.97,17.3,19,ratchet-ATR exit,2022-01-24,5.52,5.1,3.46,5.33,5.73,4.92,,,59.61,,105,5,,-0.7,
SELL,60,NRP,2022-01-25,26.57,640.37,2022-01-04,25.13,8.05,8.51,922.13,913.62,5.68,14,ratchet-ATR exit,2022-01-24,27.44,25.43,18.87,25.01,26.95,25.25,,,45.39,,999,5,,-0.3,
SELL,67,PI,2022-01-25,76.54,185.68,2022-01-11,82.32,7.64,7.11,-1073.26,-1080.36,-7.07,9,rotation (out of top-N),2022-01-24,75.18,80.11,61.51,78.65,83.6,83.45,,,22.22,,98,4.44,,1.3,
BUY,74,CHRD,2022-02-01,87.97,189.3,,,8.33,,,,,,,2022-01-31,94.61,85.08,68.41,88.87,87.74,84.02,,,38.29,,999,5,,0.1,
SELL,72,FANG,2022-02-01,102.11,162.79,2022-01-25,96.66,7.87,8.31,887.2,878.89,5.59,5,rotation (out of top-N),2022-01-31,107.93,97.19,78.3,103.15,102.46,94.33,,,37.84,,999,5,,0.1,
BUY,75,OXY,2022-02-08,38.32,454.94,,,8.72,,,,,,,2022-02-07,40.36,33.64,28.15,38.51,36.41,31.16,,,43.36,,999,5,,-0.2,
BUY,77,PBF,2022-02-08,17.25,1010.63,,,8.72,,,,,,,2022-02-07,17.35,14.5,12.19,17.3,15.69,13.45,,,42.33,,35,5,,2.3,
BUY,76,PDS,2022-02-08,44.32,393.35,,,8.72,,,,,,,2022-02-07,53.14,42.89,37.59,45.53,44.29,38.92,,,41.36,,999,5,,-0.1,
SELL,74,CHRD,2022-02-08,91.99,189.3,2022-02-01,87.97,8.33,8.71,761.0,752.29,4.52,5,rotation (out of top-N),2022-02-07,90.05,85.99,69.48,93.92,91.68,85.74,,,29.61,,999,5,,0.5,
SELL,70,COP,2022-02-08,78.3,222.53,2022-01-25,70.71,7.87,8.71,1689.02,1680.31,10.68,10,rotation (out of top-N),2022-02-07,79.98,71.04,56.89,79.06,76.52,68.01,,,40.59,,999,5,,-0.0,
SELL,69,EOG,2022-02-08,93.43,187.37,2022-01-25,83.98,7.87,8.75,1770.64,1761.89,11.2,10,rotation (out of top-N),2022-02-07,96.23,84.28,68.48,94.42,91.35,80.43,,,40.52,,999,5,,-0.0,
BUY,79,BXC,2022-02-15,83.45,201.89,,,8.42,,,,,,,2022-02-14,85.61,77.4,60.9,80.33,76.58,80.06,,,40.58,,999,5,,-0.0,
BUY,80,HCC,2022-02-15,27.68,608.68,,,8.42,,,,,,,2022-02-14,28.36,24.98,20.4,27.59,26.55,24.43,,,39.05,,168,5,,0.0,
BUY,81,MIRM,2022-02-15,21.81,772.51,,,8.42,,,,,,,2022-02-14,23.12,18.71,16.69,21.11,20.59,17.65,,,38.55,,21,5,,2.7,
BUY,78,TSEM,2022-02-15,46.98,358.67,,,8.42,,,,,,,2022-02-14,46.97,37.6,32.15,33.13,34.5,36.96,,,46.09,,175,5,,-0.3,
SELL,65,APA,2022-02-15,27.14,592.92,2022-01-11,25.78,7.64,8.05,806.37,798.33,5.22,24,rotation (out of top-N),2022-02-14,28.02,27.03,21.1,28.0,29.05,26.72,,,32.8,,999,5,,0.4,
SELL,73,HAL,2022-02-15,28.81,605.67,2022-01-25,25.98,7.87,8.72,1714.04,1705.32,10.84,15,rotation (out of top-N),2022-02-14,29.58,26.63,21.65,29.67,29.37,25.38,,,36.62,,133,5,,0.2,
SELL,75,OXY,2022-02-15,37.38,454.94,2022-02-08,38.32,8.72,8.5,-427.65,-436.15,-2.5,5,rotation (out of top-N),2022-02-14,37.16,34.28,28.49,38.71,37.83,32.55,,,30.41,,999,5,,0.5,
SELL,77,PBF,2022-02-15,16.71,1010.63,2022-02-08,17.25,8.72,8.44,-545.74,-554.19,-3.18,5,rotation (out of top-N),2022-02-14,16.12,14.8,12.25,17.55,16.77,14.29,,,31.61,,42,5,,2.7,
BUY,83,APA,2022-03-01,31.63,592.96,,,9.38,,,,,,,2022-02-28,34.38,28.7,21.79,31.03,28.77,27.96,,,57.77,,999,5,,-0.9,
BUY,86,CF,2022-03-01,75.09,249.77,,,9.38,,,,,,,2022-02-28,83.28,68.77,53.91,74.1,69.87,65.08,,,54.49,,999,5,,-0.7,
BUY,84,LNTH,2022-03-01,46.95,399.47,,,9.38,,,,,,,2022-02-28,52.32,34.72,27.59,47.78,36.17,28.45,,,89.66,,999,5,,-1,
BUY,85,MOS,2022-03-01,46.91,399.81,,,9.38,,,,,,,2022-02-28,53.4,41.28,33.15,46.72,41.94,38.21,,,61.09,,999,5,,-1,
BUY,82,OXY,2022-03-01,41.54,451.5,,,9.38,,,,,,,2022-02-28,52.8,37.96,29.53,41.07,37.64,34.86,,,78.83,,999,5,,-1,
SELL,79,BXC,2022-03-01,88.97,201.89,2022-02-15,83.45,8.42,8.98,1113.4,1104.42,6.56,9,rotation (out of top-N),2022-02-28,89.05,80.96,62.66,89.19,84.2,79.85,,,42.11,,999,5,,-0.1,
SELL,81,MIRM,2022-03-01,24.3,772.51,2022-02-15,21.81,8.42,9.39,1927.4,1918.01,11.38,9,rotation (out of top-N),2022-02-28,21.3,19.92,16.96,23.8,22.98,19.35,,,25.59,,35,5,,3.1,
SELL,71,NRP,2022-03-01,28.71,592.22,2022-01-25,26.57,7.87,8.5,1267.35,1258.85,8.0,24,rotation (out of top-N),2022-02-28,29.93,27.72,20.86,28.66,28.31,27.36,,,43.51,,999,5,,-0.2,
SELL,76,PDS,2022-03-01,59.38,393.35,2022-02-08,44.32,8.72,11.68,5923.9,5912.22,33.91,14,rotation (out of top-N),2022-02-28,58.66,49.0,39.56,58.52,53.69,45.69,,,48.29,,999,5,,-0.4,
SELL,78,TSEM,2022-03-01,46.67,358.67,2022-02-15,46.98,8.42,8.37,-109.39,-117.76,-0.7,9,rotation (out of top-N),2022-02-28,46.95,40.68,33.13,46.84,44.85,38.91,,,41.71,,189,5,,-0.1,
BUY,87,NBR,2022-03-08,145.04,130.05,,,9.43,,,,,,,2022-03-07,159.52,125.27,101.42,143.16,132.61,116.46,,,57.29,,42,5,,1.4,
BUY,89,PBF,2022-03-08,18.25,1033.59,,,9.43,,,,,,,2022-03-07,22.64,16.78,12.55,17.78,16.34,15.81,,,80.44,,63,5,,-0.0,
BUY,88,PDS,2022-03-08,61.93,304.58,,,9.43,,,,,,,2022-03-07,67.27,52.32,40.26,62.07,57.44,48.42,,,67.11,,999,5,,-1,
BUY,90,TDW,2022-03-08,16.79,1123.46,,,9.43,,,,,,,2022-03-07,20.6,15.29,12.45,17.75,15.56,14.07,,,65.47,,42,5,,1.3,
SELL,83,APA,2022-03-08,34.13,592.96,2022-03-01,31.63,9.38,10.12,1482.39,1472.28,7.85,5,rotation (out of top-N),2022-03-07,34.02,29.67,22.14,33.02,31.65,29.03,,,53.69,,999,5,,-0.7,
SELL,64,DVN,2022-03-08,49.61,424.6,2022-01-04,37.9,8.05,10.53,4972.09,4961.56,30.83,43,rotation (out of top-N),2022-03-07,48.88,43.84,31.57,49.1,47.22,43.13,,,54.82,,999,5,,-0.7,
SELL,66,IRTC,2022-03-08,128.03,116.89,2022-01-11,130.76,7.64,7.48,-319.7,-327.19,-2.14,38,rotation (out of top-N),2022-03-07,118.81,121.02,84.79,130.44,129.59,126.37,,,40.11,,105,5,,0.2,
SELL,68,LQDA,2022-03-08,6.52,2946.68,2022-01-25,5.34,7.87,9.61,3477.08,3467.48,22.04,29,rotation (out of top-N),2022-03-07,6.2,5.84,3.95,6.48,6.4,6.06,,,57.0,,147,5,,-0.8,
BUY,92,CAR,2022-03-15,206.33,90.14,,,9.3,,,,,,,2022-03-14,269.01,195.18,152.83,202.55,182.21,171.07,,,76.02,,999,5,,-1,
BUY,93,IRTC,2022-03-15,107.48,173.04,,,9.3,,,,,,,2022-03-14,138.42,124.18,86.66,107.83,123.45,125.16,,,59.73,,112,5,,-0.9,
BUY,91,LQDA,2022-03-15,5.8,3206.68,,,9.3,,,,,,,2022-03-14,7.14,6.08,4.06,5.93,6.54,6.12,,,75.88,,154,5,,-1,
SELL,87,NBR,2022-03-15,137.55,130.05,2022-03-08,145.04,9.43,8.94,-974.1,-983.04,-5.21,5,rotation (out of top-N),2022-03-14,147.75,129.36,102.18,142.37,144.34,122.0,,,44.6,,49,5,,2.0,
SELL,89,PBF,2022-03-15,19.23,1033.59,2022-03-08,18.25,9.43,9.94,1012.91,1002.98,5.32,5,rotation (out of top-N),2022-03-14,18.55,17.11,12.62,20.51,19.19,16.45,,,47.02,,70,5,,0.5,
SELL,88,PDS,2022-03-15,59.26,304.58,2022-03-08,61.93,9.43,9.02,-813.24,-822.27,-4.36,5,rotation (out of top-N),2022-03-14,62.75,54.22,40.87,62.09,61.49,50.81,,,53.52,,999,5,,-0.7,
BUY,94,PDS,2022-03-22,65.11,346.98,,,11.3,,,,,,,2022-03-21,70.5,57.18,41.7,65.28,62.1,53.09,,,69.05,,999,5,,-1,
BUY,95,VIST,2022-03-22,8.57,2636.15,,,11.3,,,,,,,2022-03-21,9.22,7.61,5.64,8.44,8.06,7.24,,,63.46,,999,5,,-1,
SELL,92,CAR,2022-03-22,263.96,90.14,2022-03-15,206.33,9.3,11.9,5194.82,5182.92,27.87,5,rotation (out of top-N),2022-03-21,249.77,205.11,157.16,258.43,232.78,181.23,,,58.93,,999,5,,-0.9,
SELL,80,HCC,2022-03-22,35.17,608.68,2022-02-15,27.68,8.42,10.7,4559.04,4548.33,27.0,24,rotation (out of top-N),2022-03-21,34.68,31.05,22.65,34.88,34.45,29.28,,,53.11,,203,5,,-0.7,
BUY,96,EQT,2022-03-29,31.06,725.25,,,11.26,,,,,,,2022-03-28,33.85,26.16,20.38,32.8,28.26,23.17,,,66.06,,999,5,,-1,
BUY,97,PBF,2022-03-29,19.37,1162.94,,,11.26,,,,,,,2022-03-28,22.16,18.56,12.98,19.91,19.81,17.57,,,70.73,,84,5,,-0.4,
SELL,86,CF,2022-03-29,87.27,249.77,2022-03-01,75.09,9.38,10.9,3042.2,3031.3,16.16,20,rotation (out of top-N),2022-03-28,91.08,81.56,58.34,95.96,92.3,77.07,,,56.11,,999,5,,-0.8,
SELL,95,VIST,2022-03-29,8.83,2636.15,2022-03-22,8.57,11.3,11.64,685.4,673.76,2.98,5,rotation (out of top-N),2022-03-28,9.2,7.9,5.77,9.16,8.7,7.65,,,59.35,,999,5,,-1.0,
BUY,98,CF,2022-04-05,93.95,247.79,,,11.64,,,,,,,2022-04-04,98.79,84.69,59.65,92.89,92.34,80.36,,,65.61,,999,5,,-1,
SELL,91,LQDA,2022-04-05,7.26,3206.68,2022-03-15,5.8,9.3,11.64,4681.76,4670.12,25.11,15,rotation (out of top-N),2022-04-04,6.64,6.46,4.37,7.04,7.09,6.59,,,51.84,,175,5,,-0.6,
BUY,99,CNR,2022-04-12,36.07,697.1,,,12.57,,,,,,,2022-04-11,44.93,33.88,24.93,35.52,34.61,31.28,,,80.22,,999,5,,-1,
BUY,100,NBR,2022-04-12,166.43,151.08,,,12.57,,,,,,,2022-04-11,195.28,153.46,107.74,158.88,158.4,144.15,,,81.25,,77,5,,-0.3,
SELL,98,CF,2022-04-12,99.31,247.79,2022-04-05,93.95,11.64,12.3,1328.15,1315.85,5.65,5,rotation (out of top-N),2022-04-11,99.05,87.3,60.99,97.8,94.98,84.0,,,62.41,,999,5,,-1,
SELL,93,IRTC,2022-04-12,148.63,173.04,2022-03-15,107.48,9.3,12.86,7120.76,7107.9,38.22,20,rotation (out of top-N),2022-04-11,144.52,138.65,95.3,146.53,152.27,135.91,,,51.64,,140,5,,-0.6,
BUY,101,CAR,2022-04-19,256.14,101.93,,,13.05,,,,,,,2022-04-18,283.21,233.85,175.29,253.16,248.85,219.62,,,61.57,,999,5,,-1,
SELL,90,TDW,2022-04-19,23.24,1123.46,2022-03-08,16.79,9.43,13.05,7246.33,7233.28,38.35,29,rotation (out of top-N),2022-04-18,20.09,19.74,13.81,23.68,22.09,19.38,,,45.46,,84,5,,0.3,
BUY,105,AMR,2022-04-26,123.91,220.64,,,13.67,,,,,,,2022-04-25,147.06,121.93,70.03,119.84,132.72,120.46,,,109.98,,999,5,,-1,
BUY,103,CNR,2022-04-26,38.67,707.01,,,13.67,,,,,,,2022-04-25,43.77,36.34,26.12,37.95,40.04,34.6,,,67.54,,999,5,,-1,
BUY,104,EQT,2022-04-26,37.68,725.59,,,13.67,,,,,,,2022-04-25,37.35,32.5,22.22,37.32,38.42,30.81,,,68.09,,999,5,,-1,
BUY,108,NRP,2022-04-26,35.18,777.15,,,13.67,,,,,,,2022-04-25,36.23,33.08,24.56,34.2,34.82,32.19,,,47.53,,999,5,,-0.4,
BUY,102,OXY,2022-04-26,52.66,519.18,,,13.67,,,,,,,2022-04-25,51.85,51.04,34.96,51.69,54.91,52.92,,,48.32,,999,5,,-0.4,
BUY,109,PBF,2022-04-26,23.3,1173.39,,,13.67,,,,,,,2022-04-25,26.05,21.93,14.39,23.1,24.18,20.96,,,81.07,,112,5,,-0.9,
BUY,106,PDS,2022-04-26,71.05,384.8,,,13.67,,,,,,,2022-04-25,71.9,68.67,46.42,69.52,74.98,68.9,,,54.89,,999,5,,-0.7,
BUY,107,STNG,2022-04-26,18.94,1443.51,,,13.67,,,,,,,2022-04-25,22.36,18.78,14.86,18.64,19.58,18.15,,,50.51,,42,5,,1.8,
BUY,110,TDW,2022-04-26,19.51,1401.34,,,13.67,,,,,,,2022-04-25,19.99,19.79,14.03,19.38,21.35,20.24,,,42.44,,91,5,,0.4,
SELL,49,AMR,2022-04-26,123.91,325.85,2021-12-14,46.79,7.62,20.19,25129.7,25109.51,164.69,91,ratchet-ATR exit,2022-04-25,147.06,121.93,70.03,119.84,132.72,120.46,,,109.98,,999,5,,-1,
SELL,101,CAR,2022-04-26,281.57,101.93,2022-04-19,256.14,13.05,14.35,2592.08,2577.73,9.87,5,rotation (out of top-N),2022-04-25,254.47,237.6,179.76,284.63,273.09,236.31,,,41.56,,999,5,,-0.1,
SELL,99,CNR,2022-04-26,38.67,697.1,2022-04-12,36.07,12.57,13.48,1812.46,1798.98,7.15,9,ratchet-ATR exit,2022-04-25,43.77,36.34,26.12,37.95,40.04,34.6,,,67.54,,999,5,,-1,
SELL,96,EQT,2022-04-26,37.68,725.25,2022-03-29,31.06,11.26,13.66,4801.12,4787.46,21.25,19,ratchet-ATR exit,2022-04-25,37.35,32.5,22.22,37.32,38.42,30.81,,,68.09,,999,5,,-1,
SELL,85,MOS,2022-04-26,58.28,399.81,2022-03-01,46.91,9.38,11.65,4545.88,4534.23,24.18,39,rotation (out of top-N),2022-04-25,55.8,56.68,39.58,56.8,63.12,58.39,,,40.99,,999,5,,-0.0,
SELL,100,NBR,2022-04-26,159.56,151.08,2022-04-12,166.43,12.57,12.05,-1037.93,-1049.98,-4.18,9,rotation (out of top-N),2022-04-25,154.54,156.24,111.46,159.9,175.39,156.91,,,38.65,,91,5,,0.6,
SELL,82,OXY,2022-04-26,52.66,451.5,2022-03-01,41.54,9.38,11.89,5020.67,5008.78,26.71,39,ratchet-ATR exit,2022-04-25,51.85,51.04,34.96,51.69,54.91,52.92,,,48.32,,999,5,,-0.4,
SELL,97,PBF,2022-04-26,23.3,1162.94,2022-03-29,19.37,11.26,13.55,4570.35,4556.8,20.23,19,ratchet-ATR exit,2022-04-25,26.05,21.93,14.39,23.1,24.18,20.96,,,81.07,,112,5,,-0.9,
SELL,94,PDS,2022-04-26,71.05,346.98,2022-03-22,65.11,11.3,12.33,2061.06,2048.73,9.07,24,ratchet-ATR exit,2022-04-25,71.9,68.67,46.42,69.52,74.98,68.9,,,54.89,,999,5,,-0.7,
BUY,112,DVN,2022-05-03,50.78,517.32,,,13.13,,,,,,,2022-05-02,58.09,50.26,37.46,48.78,49.3,49.66,,,55.08,,999,5,,-0.8,
BUY,111,VLO,2022-05-03,102.81,255.52,,,13.13,,,,,,,2022-05-02,113.79,92.08,70.89,102.71,96.38,87.36,,,60.52,,126,5,,-1,
SELL,106,PDS,2022-05-03,62.99,384.8,2022-04-26,71.05,13.67,12.12,-3101.49,-3113.61,-11.39,5,rotation (out of top-N),2022-05-02,65.38,68.07,47.22,63.23,70.81,70.5,,,38.45,,999,5,,0.1,
SELL,110,TDW,2022-05-03,20.14,1401.34,2022-04-26,19.51,13.67,14.11,889.85,875.73,3.2,5,rotation (out of top-N),2022-05-02,21.56,20.11,14.29,20.04,20.51,20.88,,,50.87,,98,5,,-0.2,
BUY,113,LNTH,2022-05-10,56.63,399.54,,,11.31,,,,,,,2022-05-09,63.98,57.64,35.79,55.57,61.96,58.22,,,78.78,,999,5,,-1,
SELL,84,LNTH,2022-05-10,56.63,399.47,2022-03-01,46.95,9.38,11.31,3868.9,3857.58,20.57,49,ratchet-ATR exit,2022-05-09,63.98,57.64,35.79,55.57,61.96,58.22,,,78.78,,999,5,,-1,
BUY,115,PDS,2022-05-17,70.9,422.81,,,14.99,,,,,,,2022-05-16,75.17,68.84,49.1,68.23,65.79,71.28,,,53.09,,999,5,,-0.7,
BUY,114,SQM,2022-05-17,76.11,393.87,,,14.99,,,,,,,2022-05-16,84.09,71.51,55.78,73.46,69.34,71.11,,,50.74,,252,5,,-0.5,
BUY,116,TDW,2022-05-17,25.58,1171.9,,,14.99,,,,,,,2022-05-16,25.02,21.17,14.88,24.94,21.47,21.37,,,68.14,,112,5,,-0.9,
SELL,112,DVN,2022-05-17,60.35,517.32,2022-05-03,50.78,13.13,15.61,4950.75,4935.14,18.79,10,rotation (out of top-N),2022-05-16,58.13,52.74,39.26,59.2,54.95,51.66,,,48.08,,999,5,,-0.4,
SELL,108,NRP,2022-05-17,37.69,777.15,2022-04-26,35.18,13.67,14.65,1950.64,1936.0,7.08,15,rotation (out of top-N),2022-05-16,37.72,35.24,26.23,37.34,37.13,34.69,,,43.82,,999,5,,-0.2,
SELL,111,VLO,2022-05-17,115.45,255.52,2022-05-03,102.81,13.13,14.75,3229.71,3214.96,12.24,10,rotation (out of top-N),2022-05-16,109.2,97.97,73.54,113.61,107.87,95.38,,,48.5,,140,5,,-0.4,
BUY,117,SEI,2022-05-24,11.04,2945.28,,,16.26,,,,,,,2022-05-23,12.22,10.34,7.64,11.15,10.76,9.98,,,60.03,,91,5,,-0.5,
SELL,115,PDS,2022-05-24,76.88,422.81,2022-05-17,70.9,14.99,16.25,2526.29,2510.03,8.37,5,rotation (out of top-N),2022-05-23,77.35,70.39,50.33,75.71,70.46,72.03,,,53.68,,999,5,,-0.7,
BUY,118,DK,2022-06-07,27.68,1277.67,,,17.68,,,,,,,2022-06-06,28.24,23.49,17.08,27.66,25.54,22.38,,,65.33,,91,5,,-0.5,
BUY,120,SBR,2022-06-07,59.29,596.49,,,17.68,,,,,,,2022-06-06,58.62,49.23,35.54,58.56,53.41,46.77,,,64.92,,999,5,,-1,
BUY,119,VLO,2022-06-07,122.54,288.61,,,17.68,,,,,,,2022-06-06,124.75,108.47,78.46,123.15,116.91,105.02,,,59.0,,161,5,,-1.0,
SELL,102,OXY,2022-06-07,64.73,519.18,2022-04-26,52.66,13.67,16.8,6266.51,6249.71,22.86,29,rotation (out of top-N),2022-06-06,60.21,59.14,40.75,65.44,64.44,58.69,,,47.76,,999,5,,-0.4,
SELL,117,SEI,2022-06-07,12.28,2945.28,2022-05-24,11.04,16.26,18.08,3652.15,3634.07,11.18,9,rotation (out of top-N),2022-06-06,12.1,10.93,7.93,12.32,11.85,10.51,,,52.61,,105,5,,-0.4,
SELL,114,SQM,2022-06-07,92.45,393.87,2022-05-17,76.11,14.99,18.21,6435.78,6417.57,21.41,14,rotation (out of top-N),2022-06-06,86.52,80.86,59.42,93.33,90.6,76.38,,,45.6,,273,5,,-0.3,
BUY,124,AMR,2022-06-14,141.33,218.88,,,15.47,,,,,,,2022-06-13,137.42,145.0,90.74,138.58,156.45,150.75,,,51.44,,999,5,,-0.6,
BUY,122,CNR,2022-06-14,45.44,680.77,,,15.47,,,,,,,2022-06-13,42.52,44.45,30.71,44.86,48.98,46.29,,,38.44,,999,5,,0.1,
BUY,125,LNTH,2022-06-14,61.88,499.87,,,15.47,,,,,,,2022-06-13,60.67,62.49,40.78,61.89,67.11,64.2,,,48.78,,999,5,,-0.4,
BUY,123,SDS,2022-06-14,212.22,145.77,,,15.47,,,,,,,2022-06-13,222.22,189.81,168.34,214.12,190.62,183.81,,,32.0,,49,5,,2.6,
BUY,121,SQM,2022-06-14,84.04,368.09,,,15.47,,,,,,,2022-06-13,81.38,80.95,60.25,83.57,88.08,78.13,,,35.06,,280,5,,0.2,
SELL,105,AMR,2022-06-14,141.33,220.64,2022-04-26,123.91,13.67,15.59,3843.63,3828.03,14.0,34,ratchet-ATR exit,2022-06-13,137.42,145.0,90.74,138.58,156.45,150.75,,,51.44,,999,5,,-0.6,
SELL,103,CNR,2022-06-14,45.44,707.01,2022-04-26,38.67,13.67,16.06,4786.45,4770.39,17.45,34,ratchet-ATR exit,2022-06-13,42.52,44.45,30.71,44.86,48.98,46.29,,,38.44,,999,5,,0.1,
SELL,113,LNTH,2022-06-14,61.88,399.54,2022-05-10,56.63,11.31,12.36,2097.57,2085.21,9.22,24,ratchet-ATR exit,2022-06-13,60.67,62.49,40.78,61.89,67.11,64.2,,,48.78,,999,5,,-0.4,
SELL,120,SBR,2022-06-14,53.9,596.49,2022-06-07,59.29,17.68,16.08,-3215.08,-3231.16,-9.14,5,rotation (out of top-N),2022-06-13,43.41,48.17,35.98,54.33,56.51,48.71,,,20.66,,999,4.13,,1.0,
SELL,119,VLO,2022-06-14,119.84,288.61,2022-06-07,122.54,17.68,17.29,-779.24,-796.53,-2.25,5,rotation (out of top-N),2022-06-13,99.87,106.91,79.59,116.9,121.37,109.35,,,25.48,,168,5,,0.7,
BUY,130,BANF,2022-06-28,91.9,325.29,,,14.95,,,,,,,2022-06-27,91.7,84.23,71.18,91.07,87.74,82.01,,,28.83,,210,5,,0.6,
BUY,127,DK,2022-06-28,24.31,1229.7,,,14.95,,,,,,,2022-06-27,22.55,22.92,17.68,23.55,23.92,24.34,,,27.53,,112,5,,0.8,
BUY,132,HURN,2022-06-28,62.51,478.23,,,14.95,,,,,,,2022-06-27,65.98,58.98,51.14,62.75,60.83,58.17,,,29.01,,70,5,,1.4,
BUY,126,OXY,2022-06-28,57.68,518.27,,,14.95,,,,,,,2022-06-27,57.01,57.21,42.96,55.56,55.61,59.43,,,32.69,,999,5,,0.4,
BUY,129,PBF,2022-06-28,30.7,973.74,,,14.95,,,,,,,2022-06-27,27.48,28.35,19.08,29.65,30.52,29.89,,,44.02,,175,5,,-0.2,
BUY,131,TMDX,2022-06-28,32.54,918.68,,,14.95,,,,,,,2022-06-27,32.09,28.06,23.46,32.26,29.47,27.53,,,36.76,,49,5,,2.3,
BUY,128,UFCS,2022-06-28,29.83,1002.14,,,14.95,,,,,,,2022-06-27,31.04,29.29,24.09,29.48,30.46,28.48,,,28.87,,133,5,,0.6,
SELL,124,AMR,2022-06-28,137.55,218.88,2022-06-14,141.33,15.47,15.05,-827.37,-842.42,-2.72,9,rotation (out of top-N),2022-06-27,118.98,137.7,94.6,135.82,136.79,149.81,,,25.77,,999,5,,0.7,
SELL,118,DK,2022-06-28,24.31,1277.67,2022-06-07,27.68,17.68,15.53,-4305.75,-4321.28,-12.22,14,ratchet-ATR exit,2022-06-27,22.55,22.92,17.68,23.55,23.92,24.34,,,27.53,,112,5,,0.8,
SELL,104,EQT,2022-06-28,35.4,725.59,2022-04-26,37.68,13.67,12.84,-1654.33,-1667.18,-6.1,43,rotation (out of top-N),2022-06-27,32.33,36.62,27.0,34.55,35.86,39.74,,,19.73,,999,3.95,,1.0,
SELL,109,PBF,2022-06-28,30.7,1173.39,2022-04-26,23.3,13.67,18.01,8683.11,8665.1,31.69,43,ratchet-ATR exit,2022-06-27,27.48,28.35,19.08,29.65,30.52,29.89,,,44.02,,175,5,,-0.2,
SELL,123,SDS,2022-06-28,194.7,145.77,2022-06-14,212.22,15.47,14.19,-2553.8,-2568.0,-8.3,9,rotation (out of top-N),2022-06-27,203.96,193.2,169.71,196.35,203.88,193.13,,,20.18,,63,4.04,,1.9,
SELL,121,SQM,2022-06-28,85.12,368.09,2022-06-14,84.04,15.47,15.67,397.54,381.87,1.23,9,rotation (out of top-N),2022-06-27,76.33,80.03,61.78,83.44,82.72,81.05,,,23.55,,294,4.71,,0.8,
SELL,116,TDW,2022-06-28,22.87,1171.9,2022-05-17,25.58,14.99,13.4,-3175.85,-3189.25,-10.64,28,rotation (out of top-N),2022-06-27,20.99,22.74,16.85,22.4,22.56,23.83,,,24.55,,154,4.91,,0.8,
BUY,134,AXSM,2022-07-12,43.08,685.01,,,14.75,,,,,,,2022-07-11,43.61,34.77,33.61,43.29,39.92,29.75,,,29.75,,0,5,,3.5,
BUY,135,CORT,2022-07-12,26.25,1124.07,,,14.75,,,,,,,2022-07-11,27.21,24.03,21.51,25.93,25.53,22.0,,,26.48,,133,5,,0.7,
BUY,136,CVSA,2022-07-12,37.64,783.92,,,14.75,,,,,,,2022-07-11,38.57,34.79,30.54,36.99,36.45,33.48,,,26.29,,42,5,,3.0,
BUY,133,MUSA,2022-07-12,263.77,111.87,,,14.75,,,,,,,2022-07-11,267.92,239.39,201.55,261.6,242.02,236.81,,,32.93,,999,5,,0.4,
BUY,139,OLLI,2022-07-12,70.34,419.49,,,14.75,,,,,,,2022-07-11,68.6,59.19,52.53,71.19,65.94,53.85,,,30.59,,21,5,,3.1,
BUY,137,STNG,2022-07-12,28.65,1029.91,,,14.75,,,,,,,2022-07-11,31.81,29.46,19.05,29.34,30.15,30.29,,,66.96,,119,5,,-1.0,
BUY,138,TPL,2022-07-12,161.77,182.4,,,14.75,,,,,,,2022-07-11,176.83,163.09,139.51,164.49,162.83,160.3,,,26.75,,98,5,,1.0,
SELL,130,BANF,2022-07-12,87.31,325.29,2022-06-28,91.9,14.95,14.2,-1493.07,-1507.27,-5.04,9,rotation (out of top-N),2022-07-11,84.56,85.59,72.75,87.59,90.19,84.92,,,16.24,,224,3.25,,1.2,
SELL,127,DK,2022-07-12,19.57,1229.7,2022-06-28,24.31,14.95,12.03,-5828.76,-5840.8,-19.54,9,rotation (out of top-N),2022-07-11,19.72,21.91,17.88,19.8,21.28,24.19,,,10.26,,126,2.05,,1.5,
SELL,132,HURN,2022-07-12,63.07,478.23,2022-06-28,62.51,14.95,15.08,267.81,252.73,0.85,9,rotation (out of top-N),2022-07-11,63.51,60.5,51.76,63.29,63.22,60.42,,,22.7,,84,4.54,,1.5,
SELL,126,OXY,2022-07-12,54.2,518.27,2022-06-28,57.68,14.95,14.05,-1803.59,-1817.63,-6.08,9,rotation (out of top-N),2022-07-11,55.38,56.88,44.26,56.14,56.45,59.48,,,25.13,,999,5,,0.7,
SELL,129,PBF,2022-07-12,24.04,973.74,2022-06-28,30.7,14.95,11.7,-6485.13,-6496.84,-21.73,9,rotation (out of top-N),2022-07-11,24.65,27.27,19.71,25.34,26.71,29.86,,,25.06,,189,5,,0.7,
SELL,107,STNG,2022-07-12,28.65,1443.51,2022-04-26,18.94,13.67,20.68,14016.47,13995.79,51.19,52,ratchet-ATR exit,2022-07-11,31.81,29.46,19.05,29.34,30.15,30.29,,,66.96,,119,5,,-1.0,
SELL,128,UFCS,2022-07-12,31.1,1002.14,2022-06-28,29.83,14.95,15.58,1272.72,1257.14,4.21,9,rotation (out of top-N),2022-07-11,29.99,29.65,24.57,31.38,30.86,29.33,,,22.06,,147,4.41,,0.9,
BUY,143,AMR,2022-07-19,131.89,224.39,,,14.8,,,,,,,2022-07-18,127.59,130.42,99.41,130.48,119.89,139.15,,,28.34,,999,5,,0.6,
BUY,141,EQT,2022-07-19,35.34,837.43,,,14.8,,,,,,,2022-07-18,39.83,36.36,28.24,35.69,33.88,38.26,,,41.06,,999,5,,-0.1,
BUY,140,OXY,2022-07-19,56.73,521.68,,,14.8,,,,,,,2022-07-18,57.58,57.01,44.95,56.64,55.66,58.75,,,28.08,,999,5,,0.6,
BUY,142,TNK,2022-07-19,16.72,1770.01,,,14.8,,,,,,,2022-07-18,17.54,15.94,12.82,16.08,15.27,16.65,,,36.84,,126,5,,0.2,
SELL,134,AXSM,2022-07-19,40.86,685.01,2022-07-12,43.08,14.75,13.99,-1517.3,-1531.3,-5.19,5,rotation (out of top-N),2022-07-18,40.31,35.77,33.61,41.04,41.84,31.42,,,19.92,,7,3.98,,3.9,
SELL,135,CORT,2022-07-19,27.45,1124.07,2022-07-12,26.25,14.75,15.43,1348.89,1333.46,4.52,5,rotation (out of top-N),2022-07-18,26.92,24.55,21.69,26.87,26.42,22.97,,,24.14,,140,4.83,,0.8,
SELL,136,CVSA,2022-07-19,39.24,783.92,2022-07-12,37.64,14.75,15.38,1258.2,1242.81,4.21,5,rotation (out of top-N),2022-07-18,39.08,35.57,30.61,38.76,37.45,34.35,,,27.69,,49,5,,2.8,
SELL,139,OLLI,2022-07-19,68.61,419.49,2022-07-12,70.34,14.75,14.39,-723.62,-738.01,-2.5,5,rotation (out of top-N),2022-07-18,65.52,60.34,52.52,68.1,67.3,56.75,,,24.76,,28,4.95,,3.3,
BUY,145,BELFB,2022-07-26,18.33,1665.74,,,15.27,,,,,,,2022-07-25,24.51,17.87,14.92,18.42,17.54,16.07,,,64.3,,147,5,,-1,
BUY,144,PBF,2022-07-26,26.83,1138.02,,,15.27,,,,,,,2022-07-25,29.87,27.21,20.35,26.11,25.04,29.17,,,46.78,,203,5,,-0.3,
SELL,143,AMR,2022-07-26,141.67,224.39,2022-07-19,131.89,14.8,15.89,2194.52,2178.63,7.36,5,rotation (out of top-N),2022-07-25,130.02,130.35,101.13,138.77,129.0,136.74,,,28.56,,999,5,,0.6,
SELL,133,MUSA,2022-07-26,261.73,111.87,2022-07-12,263.77,14.75,14.64,-228.21,-242.85,-0.82,10,rotation (out of top-N),2022-07-25,278.85,250.09,206.73,265.4,261.51,242.72,,,34.89,,999,5,,0.3,
BUY,149,DGII,2022-08-02,29.21,1148.6,,,16.78,,,,,,,2022-08-01,34.12,26.47,22.82,29.55,27.46,24.82,,,49.51,,56,5,,1.6,
BUY,146,MOD,2022-08-02,13.12,2557.21,,,16.78,,,,,,,2022-08-01,14.79,11.91,10.24,13.16,12.47,11.45,,,44.39,,42,5,,2.1,
BUY,147,PI,2022-08-02,86.23,389.08,,,16.78,,,,,,,2022-08-01,95.08,69.75,67.04,86.56,75.97,61.15,,,41.83,,0,5,,2.9,
BUY,148,RYTM,2022-08-02,12.99,2582.81,,,16.78,,,,,,,2022-08-01,20.23,10.28,8.51,12.44,11.87,6.85,,,137.89,,0,5,,2.0,
SELL,141,EQT,2022-08-02,39.93,837.43,2022-07-19,35.34,14.8,16.72,3843.79,3827.07,12.93,10,rotation (out of top-N),2022-08-01,39.88,37.76,29.31,39.9,39.96,37.56,,,36.08,,999,5,,0.2,
SELL,140,OXY,2022-08-02,61.59,521.68,2022-07-19,56.73,14.8,16.06,2535.34,2519.28,8.51,10,rotation (out of top-N),2022-08-01,55.64,57.51,46.31,61.52,59.51,57.83,,,20.14,,999,4.03,,1.0,
SELL,144,PBF,2022-08-02,28.99,1138.02,2022-07-26,26.83,15.27,16.5,2458.12,2441.62,8.0,5,rotation (out of top-N),2022-08-01,26.94,27.16,20.7,29.1,27.22,28.93,,,30.17,,210,5,,0.5,
SELL,138,TPL,2022-08-02,195.98,182.4,2022-07-12,161.77,14.75,17.87,6239.91,6222.04,21.09,15,rotation (out of top-N),2022-08-01,177.0,173.82,143.78,195.0,189.76,174.45,,,23.11,,119,4.62,,0.9,
BUY,150,CECO,2022-08-09,8.97,4062.43,,,18.23,,,,,,,2022-08-08,9.67,7.31,6.08,9.02,7.93,6.65,,,59.01,,28,5,,1.6,
BUY,151,INSW,2022-08-09,16.48,2212.4,,,18.23,,,,,,,2022-08-08,18.02,14.73,11.96,16.1,15.31,13.8,,,50.67,,140,5,,-0.5,
SELL,149,DGII,2022-08-09,33.35,1148.6,2022-08-02,29.21,16.78,19.15,4755.21,4736.06,14.12,5,rotation (out of top-N),2022-08-08,33.9,27.82,23.09,33.55,30.85,25.73,,,46.81,,63,5,,0.6,
SELL,147,PI,2022-08-09,88.98,389.08,2022-08-02,86.23,16.78,17.31,1069.98,1052.67,3.14,5,rotation (out of top-N),2022-08-08,97.91,74.87,67.54,91.0,86.32,66.1,,,44.96,,7,5,,2.6,
BUY,152,AXSM,2022-08-16,46.88,866.75,,,20.32,,,,,,,2022-08-15,59.56,42.87,34.36,47.37,44.27,39.39,,,73.33,,35,5,,1.4,
SELL,151,INSW,2022-08-16,18.37,2212.4,2022-08-09,16.48,18.23,20.32,4181.43,4161.11,11.41,5,rotation (out of top-N),2022-08-15,18.92,15.49,12.15,18.2,16.89,14.22,,,55.72,,147,5,,-0.8,
BUY,153,GSAT,2022-08-23,25.2,1656.26,,,20.87,,,,,,,2022-08-22,29.85,23.43,19.1,25.05,25.02,21.47,,,56.26,,35,5,,1.6,
SELL,146,MOD,2022-08-23,16.33,2557.21,2022-08-02,13.12,16.78,20.88,8208.66,8187.78,24.4,15,rotation (out of top-N),2022-08-22,16.15,13.99,10.62,16.07,16.33,13.13,,,52.02,,63,5,,0.3,
BUY,154,FSLR,2022-08-30,125.37,326.34,,,20.46,,,,,,,2022-08-29,126.41,102.87,81.63,121.67,117.61,93.63,,,54.86,,21,5,,1.9,
BUY,155,INSW,2022-08-30,19.43,2105.7,,,20.46,,,,,,,2022-08-29,19.4,16.7,12.63,19.66,18.77,15.64,,,53.65,,161,5,,-0.7,
SELL,150,CECO,2022-08-30,10.32,4062.43,2022-08-09,8.97,18.23,20.96,5463.97,5443.01,14.93,15,rotation (out of top-N),2022-08-29,8.91,8.33,6.32,10.32,10.09,8.12,,,41.06,,49,5,,2.1,
SELL,125,LNTH,2022-08-30,79.95,499.87,2022-06-14,61.88,15.47,19.98,9030.1,9010.12,29.13,53,rotation (out of top-N),2022-08-29,78.52,75.91,53.95,80.15,81.93,75.24,,,45.55,,999,5,,-0.3,
BUY,157,ELVN,2022-09-13,8.86,4849.08,,,21.48,,,,,,,2022-09-12,9.32,6.12,5.88,9.52,6.92,5.12,,,58.64,,0,5,,2.1,
BUY,156,YPF,2022-09-13,6.9,6226.49,,,21.48,,,,,,,2022-09-12,6.95,5.31,4.35,7.01,6.27,4.55,,,59.77,,21,5,,1.7,
SELL,122,CNR,2022-09-13,61.69,680.77,2022-06-14,45.44,15.47,21.0,11062.54,11041.54,35.69,62,rotation (out of top-N),2022-09-12,58.01,60.08,41.53,61.72,64.8,61.46,,,39.68,,999,5,,0.0,
SELL,153,GSAT,2022-09-13,26.55,1656.26,2022-08-23,25.2,20.87,21.99,2235.96,2213.97,5.3,14,rotation (out of top-N),2022-09-12,27.6,25.49,19.7,27.08,28.07,24.84,,,40.13,,56,5,,2.1,
BUY,159,CECO,2022-09-20,9.35,4948.94,,,23.14,,,,,,,2022-09-19,9.09,8.78,6.57,9.52,9.56,9.26,,,38.36,,70,5,,0.9,
BUY,158,XMTR,2022-09-20,60.15,769.35,,,23.14,,,,,,,2022-09-19,59.94,50.25,42.25,60.68,57.14,48.17,,,41.88,,28,5,,2.4,
SELL,152,AXSM,2022-09-20,59.38,866.75,2022-08-16,46.88,20.32,25.73,10830.05,10804.31,26.59,24,rotation (out of top-N),2022-09-19,50.25,52.94,37.56,59.68,61.04,52.81,,,33.78,,70,5,,1.1,
SELL,145,BELFB,2022-09-20,24.69,1665.74,2022-07-26,18.33,15.27,20.56,10594.1,10573.53,34.63,39,rotation (out of top-N),2022-09-19,24.08,23.89,17.47,24.9,25.67,25.13,,,37.81,,203,5,,0.1,
BUY,163,BELFB,2022-09-27,24.15,1832.08,,,22.12,,,,,,,2022-09-26,24.84,24.06,17.79,24.12,24.87,25.61,,,39.64,,210,5,,0.0,
BUY,164,DGII,2022-09-27,32.59,1357.41,,,22.12,,,,,,,2022-09-26,34.57,32.3,24.83,32.16,33.34,33.52,,,39.24,,112,5,,0.2,
BUY,162,RYTM,2022-09-27,20.99,2107.9,,,22.12,,,,,,,2022-09-26,24.49,20.97,11.04,20.57,23.22,22.71,,,121.84,,56,5,,1.1,
BUY,165,TMDX,2022-09-27,41.17,1074.68,,,22.12,,,,,,,2022-09-26,41.8,44.6,29.56,39.75,46.11,48.12,,,41.39,,140,5,,-0.1,
BUY,161,TNK,2022-09-27,25.26,1751.57,,,22.12,,,,,,,2022-09-26,24.27,22.25,15.66,24.66,25.44,22.74,,,54.97,,196,5,,-0.7,
BUY,160,YPF,2022-09-27,6.34,6973.17,,,22.12,,,,,,,2022-09-26,6.21,5.61,4.47,6.25,6.65,5.47,,,38.98,,35,5,,2.5,
SELL,159,CECO,2022-09-27,9.24,4948.94,2022-09-20,9.35,23.14,22.86,-544.38,-567.25,-1.23,5,rotation (out of top-N),2022-09-26,8.87,8.79,6.64,9.19,9.38,9.48,,,33.69,,77,5,,1.0,
SELL,148,RYTM,2022-09-27,20.99,2582.81,2022-08-02,12.99,16.78,27.11,20662.45,20635.34,61.51,39,ratchet-ATR exit,2022-09-26,24.49,20.97,11.04,20.57,23.22,22.71,,,121.84,,56,5,,1.1,
SELL,131,TMDX,2022-09-27,41.17,918.68,2022-06-28,32.54,14.95,18.91,7928.23,7909.32,26.46,63,ratchet-ATR exit,2022-09-26,41.8,44.6,29.56,39.75,46.11,48.12,,,41.39,,140,5,,-0.1,
SELL,142,TNK,2022-09-27,25.26,1770.01,2022-07-19,16.72,14.8,22.36,15115.93,15093.57,51.0,49,ratchet-ATR exit,2022-09-26,24.27,22.25,15.66,24.66,25.44,22.74,,,54.97,,196,5,,-0.7,
SELL,158,XMTR,2022-09-27,56.81,769.35,2022-09-20,60.15,23.14,21.85,-2565.78,-2587.64,-5.59,5,rotation (out of top-N),2022-09-26,56.82,51.44,42.4,58.23,58.99,51.08,,,34.02,,35,5,,2.7,
SELL,156,YPF,2022-09-27,6.34,6226.49,2022-09-13,6.9,21.48,19.75,-3455.7,-3475.46,-8.09,10,ratchet-ATR exit,2022-09-26,6.21,5.61,4.47,6.25,6.65,5.47,,,38.98,,35,5,,2.5,
BUY,167,AEHR,2022-10-04,15.55,3116.3,,,24.24,,,,,,,2022-10-03,17.16,14.54,11.41,14.71,14.42,15.59,,,50.35,,49,5,,1.7,
BUY,166,CNR,2022-10-04,65.67,738.15,,,24.24,,,,,,,2022-10-03,65.79,60.52,44.46,64.43,60.86,63.43,,,47.98,,999,5,,-0.4,
SELL,163,BELFB,2022-10-04,26.53,1832.08,2022-09-27,24.15,22.12,24.3,4360.35,4336.05,9.8,5,rotation (out of top-N),2022-10-03,25.76,24.37,18.12,25.69,24.89,25.69,,,42.17,,217,5,,-0.1,
SELL,165,TMDX,2022-10-04,44.95,1074.68,2022-09-27,41.17,22.12,24.15,4062.31,4038.15,9.13,5,rotation (out of top-N),2022-10-03,41.23,43.98,30.12,42.21,43.46,48.14,,,36.91,,147,5,,0.2,
BUY,170,BELFB,2022-10-11,26.34,1700.3,,,22.39,,,,,,,2022-10-10,26.0,24.67,18.45,25.99,25.62,25.82,,,40.94,,224,5,,-0.0,
BUY,169,CECO,2022-10-11,9.6,4665.2,,,22.39,,,,,,,2022-10-10,9.74,9.06,6.8,9.71,9.51,9.68,,,43.16,,91,5,,0.3,
BUY,172,PBF,2022-10-11,33.14,1351.42,,,22.39,,,,,,,2022-10-10,35.98,31.17,25.47,34.26,33.15,30.61,,,41.29,,280,5,,-0.1,
BUY,168,PLMR,2022-10-11,91.87,487.49,,,22.39,,,,,,,2022-10-10,92.7,82.83,65.14,92.31,89.3,83.62,,,42.31,,63,5,,0.8,
BUY,171,STNG,2022-10-11,35.75,1252.75,,,22.39,,,,,,,2022-10-10,42.21,38.06,27.01,37.12,37.68,38.05,,,56.26,,210,5,,-0.8,
SELL,167,AEHR,2022-10-11,16.25,3116.3,2022-10-04,15.55,24.24,25.32,2165.83,2140.51,4.42,5,rotation (out of top-N),2022-10-10,14.75,14.58,11.38,16.58,15.18,15.41,,,29.62,,56,5,,2.6,
SELL,166,CNR,2022-10-11,62.85,738.15,2022-10-04,65.67,24.24,23.2,-2081.57,-2104.77,-4.34,5,rotation (out of top-N),2022-10-10,63.38,61.04,45.5,63.97,63.8,64.03,,,39.3,,999,5,,0.0,
SELL,164,DGII,2022-10-11,35.62,1357.41,2022-09-27,32.59,22.12,24.18,4106.16,4081.99,9.23,10,rotation (out of top-N),2022-10-10,32.48,33.0,25.33,35.62,35.84,34.31,,,28.21,,126,5,,0.6,
SELL,154,FSLR,2022-10-11,128.4,326.34,2022-08-30,125.37,20.46,20.95,988.82,967.87,2.37,29,rotation (out of top-N),2022-10-10,123.39,121.68,87.59,131.04,133.05,128.71,,,40.86,,63,5,,0.9,
SELL,137,STNG,2022-10-11,35.75,1029.91,2022-07-12,28.65,14.75,18.41,7312.35,7293.94,24.72,64,ratchet-ATR exit,2022-10-10,42.21,38.06,27.01,37.12,37.68,38.05,,,56.26,,210,5,,-0.8,
BUY,173,AEHR,2022-10-18,17.74,2453.0,,,21.76,,,,,,,2022-10-17,20.82,15.71,11.56,16.79,15.56,15.2,,,80.03,,63,5,,-0.0,
SELL,168,PLMR,2022-10-18,89.12,487.49,2022-10-11,91.87,22.39,21.72,-1338.17,-1359.89,-3.04,5,rotation (out of top-N),2022-10-17,81.12,82.52,65.88,89.16,90.49,85.24,,,23.14,,70,4.63,,1.7,
BUY,174,PCVX,2022-10-25,33.5,1554.27,,,26.03,,,,,,,2022-10-24,43.4,27.7,24.1,33.19,25.18,25.57,,,80.07,,105,5,,-0.8,
BUY,175,PI,2022-10-25,84.86,613.58,,,26.03,,,,,,,2022-10-24,116.25,88.84,69.3,84.61,82.37,85.58,,,67.74,,84,5,,-0.4,
SELL,172,PBF,2022-10-25,37.86,1351.42,2022-10-11,33.14,22.39,25.58,6378.68,6353.1,14.19,10,rotation (out of top-N),2022-10-24,41.02,34.12,26.71,38.79,37.58,31.91,,,53.58,,294,5,,-0.7,
SELL,171,STNG,2022-10-25,42.35,1252.75,2022-10-11,35.75,22.39,26.53,8268.17,8241.64,18.4,10,rotation (out of top-N),2022-10-24,42.66,39.69,28.61,42.99,42.35,39.48,,,49.13,,224,5,,-0.5,
BUY,177,FSLR,2022-11-01,148.7,400.42,,,29.77,,,,,,,2022-10-31,153.63,129.23,91.98,145.69,131.05,131.22,,,67.02,,84,5,,-0.4,
BUY,176,MOD,2022-11-01,18.09,3291.43,,,29.77,,,,,,,2022-10-31,21.07,15.95,11.88,17.94,16.27,14.71,,,77.39,,133,5,,-1,
BUY,178,TMDX,2022-11-01,48.88,1218.12,,,29.77,,,,,,,2022-10-31,55.93,46.67,33.3,48.11,46.28,45.75,,,67.98,,175,5,,-1,
SELL,173,AEHR,2022-11-01,21.12,2453.0,2022-10-18,17.74,21.76,25.91,8303.41,8277.5,19.02,10,rotation (out of top-N),2022-10-31,19.47,17.31,12.03,20.59,20.18,16.35,,,61.79,,77,5,,-0.3,
SELL,169,CECO,2022-11-01,12.02,4665.2,2022-10-11,9.6,22.39,28.03,11266.45,11238.43,25.09,15,rotation (out of top-N),2022-10-31,11.62,10.11,7.17,11.84,11.22,9.92,,,61.96,,112,5,,-0.9,
SELL,175,PI,2022-11-01,115.52,613.58,2022-10-25,84.86,26.03,35.44,18812.26,18776.82,36.06,5,rotation (out of top-N),2022-10-31,111.45,92.95,70.21,114.77,98.44,87.55,,,58.74,,91,5,,-0.5,
BUY,180,AEHR,2022-11-08,21.69,2577.43,,,27.95,,,,,,,2022-11-07,24.6,18.64,12.35,21.35,19.83,17.03,,,99.26,,84,5,,-0.4,
BUY,179,CECO,2022-11-08,11.17,5004.88,,,27.95,,,,,,,2022-11-07,11.94,10.44,7.33,11.37,11.43,10.16,,,62.98,,119,5,,-1.0,
BUY,181,TPL,2022-11-08,291.11,192.04,,,27.95,,,,,,,2022-11-07,291.16,233.45,173.65,290.06,255.81,214.94,,,67.67,,217,5,,-1,
SELL,177,FSLR,2022-11-08,149.4,400.42,2022-11-01,148.7,29.77,29.91,280.29,250.38,0.42,5,rotation (out of top-N),2022-11-07,150.52,133.1,93.97,147.33,143.92,133.33,,,60.18,,91,5,,-0.5,
SELL,161,TNK,2022-11-08,30.39,1751.57,2022-09-27,25.26,22.12,26.62,8985.57,8958.96,20.25,30,rotation (out of top-N),2022-11-07,27.61,26.19,18.33,29.39,28.92,26.56,,,50.64,,238,5,,-0.5,
SELL,160,YPF,2022-11-08,7.85,6973.17,2022-09-27,6.34,22.12,27.37,10494.62,10467.25,23.66,30,rotation (out of top-N),2022-11-07,7.65,6.94,4.97,7.94,7.83,7.11,,,53.97,,77,5,,0.0,
BUY,184,ELF,2022-11-15,51.27,1211.45,,,31.05,,,,,,,2022-11-14,54.86,44.77,32.45,50.2,48.47,42.1,,,69.07,,126,5,,-1,
BUY,183,FSLR,2022-11-15,160.42,387.14,,,31.05,,,,,,,2022-11-14,166.6,139.19,96.41,153.59,149.26,135.39,,,72.81,,98,5,,-0.6,
BUY,182,SMCI,2022-11-15,8.42,7375.04,,,31.05,,,,,,,2022-11-14,8.64,7.08,5.3,8.19,7.78,6.35,,,63.15,,210,5,,-1,
SELL,179,CECO,2022-11-15,11.98,5004.88,2022-11-08,11.17,27.95,29.98,4053.95,4023.97,7.2,5,rotation (out of top-N),2022-11-14,11.06,10.55,7.46,11.85,11.7,10.45,,,48.24,,126,5,,-0.4,
SELL,178,TMDX,2022-11-15,59.48,1218.12,2022-11-01,48.88,29.77,36.23,12918.21,12881.98,21.64,10,rotation (out of top-N),2022-11-14,57.04,49.98,35.38,57.49,53.55,45.84,,,61.22,,189,5,,-1,
SELL,181,TPL,2022-11-15,281.19,192.04,2022-11-08,291.11,27.95,27.0,-1905.03,-1932.03,-3.46,5,rotation (out of top-N),2022-11-14,284.31,242.7,177.9,283.11,274.7,226.71,,,59.81,,224,5,,-1.0,
BUY,185,PI,2022-11-22,115.84,529.43,,,30.66,,,,,,,2022-11-21,122.08,103.87,73.57,112.39,111.11,95.92,,,65.94,,112,5,,-0.9,
SELL,155,INSW,2022-11-22,29.11,2105.7,2022-08-30,19.43,20.46,30.65,20383.22,20352.57,49.74,59,rotation (out of top-N),2022-11-21,28.4,25.73,17.22,28.75,28.43,25.51,,,64.97,,245,5,,-1,
BUY,186,AXSM,2022-11-29,75.3,857.49,,,32.28,,,,,,,2022-11-28,76.89,57.16,43.12,74.78,59.34,50.46,,,78.32,,140,5,,-1,
BUY,189,FUTU,2022-11-29,54.5,1184.68,,,32.28,,,,,,,2022-11-28,63.81,45.91,39.11,51.49,49.28,39.08,,,63.16,,14,5,,1.8,
BUY,187,LMB,2022-11-29,11.0,5869.54,,,32.28,,,,,,,2022-11-28,12.11,9.37,7.12,11.34,10.09,8.44,,,70.1,,56,5,,1.1,
BUY,188,TMDX,2022-11-29,58.45,1104.62,,,32.28,,,,,,,2022-11-28,64.25,53.97,37.68,58.36,57.42,49.21,,,70.5,,203,5,,-1,
SELL,170,BELFB,2022-11-29,34.45,1700.3,2022-10-11,26.34,22.39,29.29,13789.43,13760.15,30.72,34,rotation (out of top-N),2022-11-28,35.64,32.79,22.36,33.87,35.74,31.45,,,59.38,,273,5,,-1.0,
SELL,184,ELF,2022-11-29,55.37,1211.45,2022-11-15,51.27,31.05,33.54,4966.96,4933.42,7.94,9,rotation (out of top-N),2022-11-28,55.14,48.25,33.88,55.6,53.63,45.6,,,62.75,,140,5,,-1,
SELL,185,PI,2022-11-29,122.1,529.43,2022-11-22,115.84,30.66,32.32,3314.22,3281.9,5.35,4,rotation (out of top-N),2022-11-28,119.47,106.71,74.84,122.49,116.98,99.87,,,59.63,,119,5,,-1.0,
SELL,182,SMCI,2022-11-29,9.25,7375.04,2022-11-15,8.42,31.05,34.1,6091.78,6057.68,9.75,9,rotation (out of top-N),2022-11-28,8.67,7.71,5.55,9.25,8.76,7.11,,,56.21,,224,5,,-0.8,
BUY,193,ELF,2022-12-06,54.4,1262.88,,,34.35,,,,,,,2022-12-05,53.81,49.26,34.6,53.95,54.26,47.57,,,55.53,,147,5,,-0.8,
BUY,191,ELVN,2022-12-06,15.3,4490.24,,,34.35,,,,,,,2022-12-05,15.88,15.51,8.3,15.72,17.01,16.71,,,91.36,,84,5,,-0.4,
BUY,192,PDD,2022-12-06,87.32,786.77,,,34.35,,,,,,,2022-12-05,89.7,71.04,55.17,87.79,78.39,62.77,,,62.59,,105,5,,-0.8,
BUY,190,WLFC,2022-12-06,15.67,4384.21,,,34.35,,,,,,,2022-12-05,18.49,14.47,12.06,15.67,15.27,13.19,,,53.35,,154,5,,-0.7,
SELL,157,ELVN,2022-12-06,15.3,4849.08,2022-09-13,8.86,21.48,37.1,31228.04,31190.95,72.6,59,ratchet-ATR exit,2022-12-05,15.88,15.51,8.3,15.72,17.01,16.71,,,91.36,,84,5,,-0.4,
SELL,183,FSLR,2022-12-06,162.75,387.14,2022-11-15,160.42,31.05,31.5,902.04,870.54,1.4,14,rotation (out of top-N),2022-12-05,150.87,149.54,103.39,167.11,166.39,146.92,,,45.92,,119,5,,-0.3,
SELL,176,MOD,2022-12-06,21.24,3291.43,2022-11-01,18.09,29.77,34.95,10368.0,10333.04,17.35,24,rotation (out of top-N),2022-12-05,19.7,19.03,13.24,20.53,20.89,18.44,,,48.85,,168,5,,-0.4,
SELL,188,TMDX,2022-12-06,61.41,1104.62,2022-11-29,58.45,32.28,33.92,3275.19,3241.27,5.02,5,rotation (out of top-N),2022-12-05,58.99,54.88,38.69,61.97,60.29,51.53,,,52.45,,210,5,,-0.6,
BUY,194,AGYS,2022-12-13,63.75,1211.62,,,38.62,,,,,,,2022-12-12,76.7,64.0,49.62,62.47,63.45,62.33,,,54.56,,161,5,,-0.7,
BUY,195,POWL,2022-12-13,12.19,6336.39,,,38.62,,,,,,,2022-12-12,12.1,9.35,7.76,11.87,10.37,8.47,,,55.98,,42,5,,1.5,
SELL,187,LMB,2022-12-13,12.16,5869.54,2022-11-29,11.0,32.28,35.69,6808.67,6772.98,10.49,10,rotation (out of top-N),2022-12-12,11.22,10.01,7.29,12.0,11.49,9.46,,,53.86,,70,5,,0.1,
SELL,190,WLFC,2022-12-13,18.96,4384.21,2022-12-06,15.67,34.35,41.56,14424.06,14382.49,20.94,5,rotation (out of top-N),2022-12-12,18.28,15.16,12.25,18.96,16.72,13.89,,,49.28,,161,5,,-0.5,
BUY,198,MDGL,2022-12-20,233.26,285.57,,,33.31,,,,,,,2022-12-19,273.62,106.58,77.35,234.87,95.6,72.58,,,253.73,,0,5,,2.0,
BUY,199,VIST,2022-12-20,14.1,4724.22,,,33.31,,,,,,,2022-12-19,15.87,13.19,9.96,13.78,12.98,13.33,,,59.34,,999,5,,-1.0,
BUY,197,WFRD,2022-12-20,45.39,1467.54,,,33.31,,,,,,,2022-12-19,49.11,41.51,31.93,45.23,42.88,41.42,,,53.79,,70,5,,0.1,
BUY,196,YPF,2022-12-20,8.04,8279.86,,,33.31,,,,,,,2022-12-19,9.09,7.73,5.51,7.93,7.64,7.76,,,65.05,,119,5,,-1.0,
SELL,180,AEHR,2022-12-20,22.28,2577.43,2022-11-08,21.69,27.95,28.71,1520.68,1491.97,2.67,29,rotation (out of top-N),2022-12-19,20.96,22.25,14.19,22.58,23.71,23.3,,,47.71,,126,5,,-0.4,
SELL,189,FUTU,2022-12-20,58.87,1184.68,2022-11-29,54.5,32.28,34.87,5177.04,5142.17,7.96,15,rotation (out of top-N),2022-12-19,59.73,53.33,41.4,62.26,63.27,49.64,,,44.27,,35,5,,2.2,
SELL,192,PDD,2022-12-20,84.73,786.77,2022-12-06,87.32,34.35,33.33,-2037.73,-2071.06,-3.01,10,rotation (out of top-N),2022-12-19,84.06,75.78,57.58,86.98,86.52,70.72,,,45.99,,119,5,,-0.3,
SELL,195,POWL,2022-12-20,11.49,6336.39,2022-12-13,12.19,38.62,36.4,-4435.47,-4471.88,-5.79,5,rotation (out of top-N),2022-12-19,11.54,9.75,7.88,11.64,11.34,9.09,,,46.45,,49,5,,1.9,
BUY,203,AEHR,2023-01-10,26.26,2756.84,,,36.2,,,,,,,2023-01-09,29.28,23.35,15.25,26.47,21.39,23.39,,,91.95,,147,5,,-1,
BUY,200,CECO,2023-01-10,12.25,5909.76,,,36.2,,,,,,,2023-01-09,14.35,12.11,8.82,12.09,11.86,11.81,,,62.75,,182,5,,-1,
BUY,202,CROX,2023-01-10,111.0,652.2,,,36.2,,,,,,,2023-01-09,125.86,103.49,75.88,113.48,107.99,99.41,,,65.87,,91,5,,-0.5,
BUY,201,TGTX,2023-01-10,11.57,6257.09,,,36.2,,,,,,,2023-01-09,13.62,9.68,6.9,11.65,10.38,8.85,,,97.53,,49,5,,1.2,
SELL,194,AGYS,2023-01-10,76.91,1211.62,2022-12-13,63.75,38.62,46.59,15944.89,15898.29,20.58,18,rotation (out of top-N),2023-01-09,83.82,72.89,53.58,75.98,76.82,69.84,,,56.43,,189,5,,-0.8,
SELL,186,AXSM,2023-01-10,63.7,857.49,2022-11-29,75.3,32.28,27.31,-9942.63,-9969.95,-15.44,28,rotation (out of top-N),2023-01-09,67.31,67.6,48.7,63.26,71.08,69.61,,,38.23,,182,5,,0.1,
SELL,193,ELF,2023-01-10,55.42,1262.88,2022-12-06,54.4,34.35,35.0,1294.45,1259.45,1.83,23,rotation (out of top-N),2023-01-09,52.75,52.92,38.31,55.75,55.82,54.51,,,37.69,,182,5,,0.1,
SELL,174,PCVX,2023-01-10,46.28,1554.27,2022-10-25,33.5,26.03,35.97,19863.6,19827.63,38.08,52,rotation (out of top-N),2023-01-09,44.61,43.53,30.33,45.95,46.42,45.05,,,47.08,,182,5,,-0.4,
BUY,207,ACLS,2023-01-24,106.43,721.02,,,38.37,,,,,,,2023-01-23,110.39,90.29,68.71,107.26,98.57,85.13,,,60.66,,77,5,,-0.3,
BUY,205,MNPR,2023-01-24,16.43,4670.59,,,38.37,,,,,,,2023-01-23,17.52,12.66,10.98,16.35,13.03,12.18,,,59.54,,63,5,,-0.0,
BUY,204,OII,2023-01-24,19.04,4030.35,,,38.37,,,,,,,2023-01-23,20.93,17.21,12.22,19.09,18.56,16.3,,,71.32,,70,5,,-0.2,
BUY,206,PDD,2023-01-24,94.05,815.93,,,38.37,,,,,,,2023-01-23,104.66,88.63,64.27,95.27,92.7,86.98,,,62.84,,154,5,,-1,
BUY,208,TDW,2023-01-24,41.74,1838.47,,,38.37,,,,,,,2023-01-23,43.23,36.76,26.86,42.62,39.94,34.3,,,60.99,,364,5,,-1,
SELL,200,CECO,2023-01-24,14.31,5909.76,2023-01-10,12.25,36.2,42.28,12174.1,12131.82,16.76,9,rotation (out of top-N),2023-01-23,13.8,12.74,9.28,14.49,13.8,12.42,,,48.79,,196,5,,-0.4,
SELL,202,CROX,2023-01-24,123.68,652.2,2023-01-10,111.0,36.2,40.33,8269.93,8229.6,11.37,9,rotation (out of top-N),2023-01-23,121.3,109.54,78.38,125.59,121.7,105.83,,,54.75,,105,5,,-0.5,
SELL,191,ELVN,2023-01-24,17.56,4490.24,2022-12-06,15.3,34.35,39.42,10147.93,10108.51,14.71,32,rotation (out of top-N),2023-01-23,16.12,16.44,10.16,16.9,16.95,16.71,,,58.73,,133,5,,-0.9,
SELL,162,RYTM,2023-01-24,29.51,2107.9,2022-09-27,20.99,22.12,31.1,17959.28,17928.18,40.52,81,rotation (out of top-N),2023-01-23,29.1,28.83,18.77,29.61,30.17,28.77,,,55.05,,175,5,,-0.8,
SELL,199,VIST,2023-01-24,16.43,4724.22,2022-12-20,14.1,33.31,38.82,11031.05,10992.23,16.5,22,rotation (out of top-N),2023-01-23,16.14,14.95,10.82,16.7,16.04,14.45,,,49.24,,999,5,,-0.5,
BUY,210,ELF,2023-01-31,56.87,1400.37,,,39.82,,,,,,,2023-01-30,69.73,56.67,40.99,57.03,55.54,54.69,,,70.14,,203,5,,-1,
BUY,209,ELVN,2023-01-31,18.0,4424.39,,,39.82,,,,,,,2023-01-30,20.0,17.08,10.52,18.0,17.03,16.67,,,90.1,,140,5,,-1,
BUY,212,LMB,2023-01-31,12.29,6479.99,,,39.82,,,,,,,2023-01-30,13.05,11.44,8.09,12.25,12.24,11.58,,,61.21,,119,5,,-1.0,
BUY,211,POWL,2023-01-31,12.23,6511.78,,,39.82,,,,,,,2023-01-30,14.85,11.98,8.83,12.37,12.52,11.67,,,68.14,,91,5,,-0.5,
SELL,205,MNPR,2023-01-31,18.1,4670.59,2023-01-24,16.43,38.37,42.27,7799.89,7757.62,10.11,5,rotation (out of top-N),2023-01-30,17.35,13.51,11.09,17.7,14.99,12.57,,,56.39,,70,5,,0.0,
SELL,206,PDD,2023-01-31,95.9,815.93,2023-01-24,94.05,38.37,39.12,1509.46,1470.34,1.92,5,rotation (out of top-N),2023-01-30,95.67,89.91,65.59,97.15,97.42,90.28,,,45.86,,161,5,,-0.3,
SELL,208,TDW,2023-01-31,42.1,1838.47,2023-01-24,41.74,38.37,38.7,661.85,623.15,0.81,5,rotation (out of top-N),2023-01-30,43.7,38.03,27.45,42.41,41.8,35.9,,,59.21,,371,5,,-1.0,
SELL,197,WFRD,2023-01-31,53.49,1467.54,2022-12-20,45.39,33.31,39.25,11887.04,11847.79,17.79,27,rotation (out of top-N),2023-01-30,55.02,49.88,34.73,53.97,54.12,48.28,,,58.43,,112,5,,-0.8,
BUY,213,BLBD,2023-02-07,13.81,6161.41,,,42.54,,,,,,,2023-02-06,19.85,14.47,11.36,14.27,14.79,12.89,,,74.78,,28,5,,1.5,
BUY,216,MDGL,2023-02-07,275.24,309.15,,,42.54,,,,,,,2023-02-06,257.38,239.48,113.13,276.69,286.99,247.4,,,127.52,,49,5,,1.2,
BUY,215,PTGX,2023-02-07,14.98,5680.18,,,42.54,,,,,,,2023-02-06,17.2,12.56,9.56,14.96,13.71,11.29,,,79.91,,28,5,,1.5,
BUY,214,WFRD,2023-02-07,54.57,1559.26,,,42.54,,,,,,,2023-02-06,65.51,52.72,35.55,54.42,54.56,49.96,,,84.3,,119,5,,-1.0,
SELL,212,LMB,2023-02-07,12.73,6479.99,2023-01-31,12.29,39.82,41.25,2851.2,2809.95,3.53,5,rotation (out of top-N),2023-02-06,12.55,11.64,8.25,12.74,12.69,11.74,,,52.11,,126,5,,-0.6,
SELL,198,MDGL,2023-02-07,275.24,285.57,2022-12-20,233.26,33.31,39.3,11986.69,11947.39,17.94,32,ratchet-ATR exit,2023-02-06,257.38,239.48,113.13,276.69,286.99,247.4,,,127.52,,49,5,,1.2,
SELL,204,OII,2023-02-07,20.79,4030.35,2023-01-24,19.04,38.37,41.9,7053.11,7011.21,9.14,10,rotation (out of top-N),2023-02-06,21.34,18.48,12.69,20.69,20.34,17.71,,,68.25,,84,5,,-0.4,
SELL,211,POWL,2023-02-07,14.69,6511.78,2023-01-31,12.23,39.82,47.83,16018.99,15971.16,20.05,5,rotation (out of top-N),2023-02-06,13.79,12.31,8.99,14.68,13.74,12.28,,,53.32,,98,5,,-0.3,
BUY,218,INOD,2023-02-14,5.8,14632.97,,,42.44,,,,,,,2023-02-13,7.29,4.62,4.15,5.65,5.31,3.65,,,75.56,,0,5,,2.0,
BUY,217,MDGL,2023-02-14,252.91,335.58,,,42.44,,,,,,,2023-02-13,303.61,251.14,119.07,255.55,269.91,272.17,,,154.98,,56,5,,1.1,
SELL,207,ACLS,2023-02-14,126.98,721.02,2023-01-24,106.43,38.37,45.78,14816.9,14771.12,19.25,15,rotation (out of top-N),2023-02-13,121.88,104.34,73.51,128.13,119.4,98.52,,,65.79,,98,5,,-0.6,
SELL,216,MDGL,2023-02-14,252.91,309.15,2023-02-07,275.24,42.54,39.09,-6901.79,-6940.88,-8.16,5,ratchet-ATR exit,2023-02-13,303.61,251.14,119.07,255.55,269.91,272.17,,,154.98,,56,5,,1.1,
BUY,221,ACLS,2023-02-28,125.42,759.91,,,47.65,,,,,,,2023-02-27,130.0,111.86,76.88,125.35,123.45,108.5,,,69.08,,112,5,,-0.9,
BUY,222,TDW,2023-02-28,46.35,2056.27,,,47.65,,,,,,,2023-02-27,49.5,42.42,29.62,45.27,44.05,41.61,,,67.1,,399,5,,-1,
BUY,220,TGTX,2023-02-28,14.73,6470.35,,,47.65,,,,,,,2023-02-27,17.18,14.87,8.55,15.93,16.83,14.87,,,101.05,,98,5,,-0.6,
BUY,219,TNK,2023-02-28,39.02,2442.55,,,47.65,,,,,,,2023-02-27,41.92,32.6,24.92,38.73,35.02,28.6,,,68.25,,350,5,,-1,
SELL,203,AEHR,2023-02-28,33.78,2756.84,2023-01-10,26.26,36.2,46.56,20731.41,20684.85,28.57,33,rotation (out of top-N),2023-02-27,32.2,30.6,19.65,32.02,32.87,30.72,,,63.89,,196,5,,-1,
SELL,210,ELF,2023-02-28,74.3,1400.37,2023-01-31,56.87,39.82,52.02,24408.47,24356.45,30.58,19,rotation (out of top-N),2023-02-27,75.25,66.08,45.99,74.05,72.82,62.31,,,63.64,,231,5,,-1,
SELL,215,PTGX,2023-02-28,16.23,5680.18,2023-02-07,14.98,42.54,46.09,7100.22,7054.13,8.29,14,rotation (out of top-N),2023-02-27,15.71,14.21,10.14,16.24,16.07,13.73,,,54.93,,49,5,,1.4,
SELL,201,TGTX,2023-02-28,14.73,6257.09,2023-01-10,11.57,36.2,46.08,19772.4,19726.32,27.25,33,ratchet-ATR exit,2023-02-27,17.18,14.87,8.55,15.93,16.83,14.87,,,101.05,,98,5,,-0.6,
BUY,223,FSLR,2023-03-07,212.62,485.36,,,51.6,,,,,,,2023-03-06,207.78,178.52,134.76,212.35,187.79,172.67,,,54.18,,210,5,,-0.7,
BUY,225,LMB,2023-03-07,13.46,7667.12,,,51.6,,,,,,,2023-03-06,14.85,12.84,9.04,13.5,13.38,12.65,,,64.23,,154,5,,-1,
BUY,224,PTGX,2023-03-07,16.75,6161.16,,,51.6,,,,,,,2023-03-06,25.02,16.18,10.54,15.16,15.75,14.31,,,137.47,,56,5,,1.1,
SELL,218,INOD,2023-03-07,6.85,14632.97,2023-02-14,5.8,42.44,50.12,15364.62,15314.5,18.04,14,rotation (out of top-N),2023-03-06,6.34,5.63,4.2,7.11,6.89,5.02,,,50.89,,21,5,,2.1,
SELL,214,WFRD,2023-03-07,67.2,1559.26,2023-02-07,54.57,42.54,52.39,19693.51,19641.12,23.08,19,rotation (out of top-N),2023-03-06,58.58,58.19,38.68,67.59,65.39,58.58,,,51.43,,147,5,,-0.6,
SELL,196,YPF,2023-03-07,12.64,8279.86,2022-12-20,8.04,33.31,52.35,38087.35,38035.0,57.1,51,rotation (out of top-N),2023-03-06,10.65,10.91,7.28,12.71,11.96,11.48,,,46.34,,196,5,,-0.3,
BUY,230,AEHR,2023-03-14,30.86,3010.08,,,46.45,,,,,,,2023-03-13,32.27,30.7,20.74,29.57,31.5,33.01,,,55.58,,210,5,,-0.8,
BUY,229,INOD,2023-03-14,6.31,14721.22,,,46.45,,,,,,,2023-03-13,6.86,5.86,4.25,6.12,6.67,5.48,,,61.48,,28,5,,1.5,
BUY,226,MDGL,2023-03-14,245.99,377.62,,,46.45,,,,,,,2023-03-13,250.89,254.77,138.08,240.29,260.0,280.85,,,81.7,,84,5,,-0.4,
BUY,228,NVDA,2023-03-14,23.48,3956.17,,,46.45,,,,,,,2023-03-13,25.7,21.73,16.83,22.94,23.17,21.29,,,52.71,,56,5,,1.4,
BUY,227,TGTX,2023-03-14,15.3,6071.3,,,46.45,,,,,,,2023-03-13,14.83,14.75,9.04,15.05,16.15,16.04,,,63.99,,112,5,,-0.9,
SELL,223,FSLR,2023-03-14,206.33,485.36,2023-03-07,212.62,51.6,50.07,-3055.33,-3105.41,-3.01,5,rotation (out of top-N),2023-03-13,199.57,182.35,138.05,203.55,201.28,177.99,,,44.56,,217,5,,-0.2,
SELL,217,MDGL,2023-03-14,245.99,335.58,2023-02-14,252.91,42.44,41.27,-2322.21,-2363.48,-2.78,19,ratchet-ATR exit,2023-03-13,250.89,254.77,138.08,240.29,260.0,280.85,,,81.7,,84,5,,-0.4,
SELL,222,TDW,2023-03-14,43.2,2056.27,2023-02-28,46.35,47.65,44.42,-6466.98,-6511.4,-6.83,10,rotation (out of top-N),2023-03-13,39.67,42.43,30.42,42.65,46.82,44.6,,,30.39,,413,5,,0.5,
SELL,220,TGTX,2023-03-14,15.3,6470.35,2023-02-28,14.73,47.65,49.5,3688.1,3638.6,3.82,10,ratchet-ATR exit,2023-03-13,14.83,14.75,9.04,15.05,16.15,16.04,,,63.99,,112,5,,-0.9,
SELL,219,TNK,2023-03-14,38.58,2442.55,2023-02-28,39.02,47.65,47.12,-1074.72,-1121.84,-1.18,10,rotation (out of top-N),2023-03-13,36.08,34.24,25.89,38.21,39.44,32.56,,,39.38,,364,5,,0.0,
BUY,231,ELF,2023-03-21,75.17,1651.42,,,62.07,,,,,,,2023-03-20,78.49,69.72,49.53,74.58,72.98,69.5,,,58.46,,252,5,,-0.9,
SELL,213,BLBD,2023-03-21,20.13,6161.41,2023-02-07,13.81,42.54,62.01,38940.11,38878.1,45.69,29,rotation (out of top-N),2023-03-20,19.57,18.33,12.57,19.09,20.17,18.52,,,55.72,,70,5,,0.0,
BUY,234,BBIO,2023-03-28,14.61,8021.08,,,58.59,,,,,,,2023-03-27,16.56,12.86,10.45,14.32,13.88,12.66,,,58.49,,49,5,,1.3,
BUY,232,BLBD,2023-03-28,20.2,5799.95,,,58.59,,,,,,,2023-03-27,20.44,18.71,12.82,19.95,19.97,19.14,,,59.48,,77,5,,-0.3,
BUY,233,PTGX,2023-03-28,21.72,5395.39,,,58.59,,,,,,,2023-03-27,23.01,18.86,11.58,21.75,21.83,18.42,,,98.67,,77,5,,-0.3,
SELL,230,AEHR,2023-03-28,38.02,3010.08,2023-03-14,30.86,46.45,57.23,21567.19,21509.96,23.16,10,rotation (out of top-N),2023-03-27,31.04,31.86,22.08,37.8,35.67,33.64,,,40.6,,224,5,,-0.0,
SELL,209,ELVN,2023-03-28,23.41,4424.39,2023-01-31,18.0,39.82,51.79,23935.98,23884.19,29.99,39,rotation (out of top-N),2023-03-27,21.67,21.09,13.98,23.05,22.41,21.48,,,55.02,,196,5,,-0.8,
SELL,224,PTGX,2023-03-28,21.72,6161.16,2023-03-07,16.75,51.6,66.91,30620.96,30554.05,29.61,15,ratchet-ATR exit,2023-03-27,23.01,18.86,11.58,21.75,21.83,18.42,,,98.67,,77,5,,-0.3,
BUY,236,AU,2023-04-04,21.9,5287.35,,,57.9,,,,,,,2023-04-03,23.96,19.26,15.33,21.88,20.35,17.38,,,56.31,,112,5,,-0.7,
BUY,235,COCO,2023-04-04,19.78,5854.04,,,57.9,,,,,,,2023-04-03,20.77,17.65,13.77,19.78,19.14,17.01,,,50.82,,126,5,,-0.5,
BUY,237,VIST,2023-04-04,21.11,5485.21,,,57.9,,,,,,,2023-04-03,20.59,17.93,13.19,21.16,19.18,18.0,,,56.12,,999,5,,-0.8,
SELL,221,ACLS,2023-04-04,130.77,759.91,2023-02-28,125.42,47.65,49.69,4065.54,4015.85,4.21,25,rotation (out of top-N),2023-04-03,125.35,122.17,85.92,132.58,131.0,127.19,,,45.89,,147,5,,-0.3,
SELL,234,BBIO,2023-04-04,16.58,8021.08,2023-03-28,14.61,58.59,66.49,15801.52,15735.03,13.43,5,rotation (out of top-N),2023-04-03,15.64,13.37,10.59,16.57,15.62,13.48,,,47.65,,56,5,,1.7,
SELL,232,BLBD,2023-04-04,19.86,5799.95,2023-03-28,20.2,58.59,57.59,-2000.98,-2058.58,-1.76,5,rotation (out of top-N),2023-04-03,19.09,18.78,13.06,19.72,20.16,19.81,,,46.13,,84,5,,0.3,
BUY,239,PTGX,2023-04-11,18.48,5660.65,,,52.3,,,,,,,2023-04-10,18.73,18.78,12.07,18.43,20.41,19.78,,,55.12,,91,5,,-0.3,
BUY,238,YPF,2023-04-11,12.44,8412.46,,,52.3,,,,,,,2023-04-10,12.45,10.95,8.18,12.29,11.26,11.1,,,52.16,,231,5,,-0.6,
SELL,228,NVDA,2023-04-11,27.69,3956.17,2023-03-14,23.48,46.45,54.77,16655.48,16600.71,17.87,19,rotation (out of top-N),2023-04-10,26.74,24.66,17.95,27.57,27.07,24.52,,,48.94,,84,5,,0.2,
SELL,233,PTGX,2023-04-11,18.48,5395.39,2023-03-28,21.72,58.59,49.85,-17481.08,-17530.93,-14.96,9,ratchet-ATR exit,2023-04-10,18.73,18.78,12.07,18.43,20.41,19.78,,,55.12,,91,5,,-0.3,
BUY,241,IPAR,2023-04-18,138.45,857.86,,,59.39,,,,,,,2023-04-17,144.46,126.57,93.21,137.81,132.8,125.3,,,54.98,,161,5,,-0.7,
BUY,242,IRON,2023-04-18,24.79,4791.06,,,59.39,,,,,,,2023-04-17,31.08,23.67,18.79,23.2,22.06,22.87,,,65.44,,189,5,,-1,
BUY,240,MSGE,2023-04-18,26.57,4470.09,,,59.39,,,,,,,2023-04-17,56.88,31.37,24.63,26.62,26.63,26.35,,,130.98,,56,5,,1.1,
SELL,236,AU,2023-04-18,24.08,5287.35,2023-04-04,21.9,57.9,63.66,11526.41,11462.75,9.9,9,rotation (out of top-N),2023-04-17,23.63,20.86,15.91,24.13,23.6,18.87,,,48.49,,126,5,,-0.4,
SELL,235,COCO,2023-04-18,21.47,5854.04,2023-04-04,19.78,57.9,62.84,9893.32,9830.48,8.49,9,rotation (out of top-N),2023-04-17,20.66,18.76,14.26,21.48,21.0,18.39,,,44.96,,140,5,,-0.2,
SELL,238,YPF,2023-04-18,12.31,8412.46,2023-04-11,12.44,52.3,51.78,-1051.56,-1103.34,-1.05,5,rotation (out of top-N),2023-04-17,11.31,11.01,8.39,12.29,11.98,11.16,,,34.79,,238,5,,0.3,
BUY,244,CMPR,2023-04-25,45.29,2711.7,,,61.41,,,,,,,2023-04-24,51.95,41.39,32.64,46.16,44.44,39.18,,,59.17,,70,5,,-0.1,
BUY,243,COCO,2023-04-25,20.05,6125.34,,,61.41,,,,,,,2023-04-24,21.64,19.28,14.5,20.32,20.73,18.92,,,49.25,,147,5,,-0.5,
BUY,246,LMB,2023-04-25,16.56,7416.25,,,61.41,,,,,,,2023-04-24,16.9,15.92,10.97,16.78,17.13,16.1,,,54.11,,203,5,,-0.7,
BUY,245,META,2023-04-25,209.17,587.14,,,61.41,,,,,,,2023-04-24,238.32,204.22,154.62,211.14,212.83,199.35,,,54.13,,70,5,,0.1,
BUY,247,NVDA,2023-04-25,27.05,4540.22,,,61.41,,,,,,,2023-04-24,27.72,25.58,18.5,27.01,27.12,25.77,,,49.85,,98,5,,-0.1,
SELL,229,INOD,2023-04-25,7.7,14721.22,2023-03-14,6.31,46.45,56.64,20388.89,20332.25,21.89,29,rotation (out of top-N),2023-04-24,6.59,7.14,4.69,8.3,8.21,7.49,,,40.37,,70,5,,0.8,
SELL,241,IPAR,2023-04-25,143.19,857.86,2023-04-18,138.45,59.39,61.42,4066.24,4004.82,3.37,5,rotation (out of top-N),2023-04-24,139.6,128.94,94.87,143.62,138.99,129.39,,,47.15,,168,5,,-0.4,
SELL,225,LMB,2023-04-25,16.56,7667.12,2023-03-07,13.46,51.6,63.48,23768.07,23704.58,22.97,34,ratchet-ATR exit,2023-04-24,16.9,15.92,10.97,16.78,17.13,16.1,,,54.11,,203,5,,-0.7,
SELL,240,MSGE,2023-04-25,30.77,4470.09,2023-04-18,26.57,59.39,68.77,18774.38,18705.61,15.75,5,rotation (out of top-N),2023-04-24,32.35,31.55,24.78,31.22,32.27,27.19,,,30.56,,63,5,,1.4,
SELL,237,VIST,2023-04-25,20.76,5485.21,2023-04-04,21.11,57.9,56.94,-1919.82,-1976.76,-1.71,14,rotation (out of top-N),2023-04-24,20.94,19.5,14.32,21.3,21.43,19.45,,,46.21,,999,5,,-0.3,
BUY,250,AU,2023-05-02,23.78,5730.53,,,68.14,,,,,,,2023-05-01,25.33,22.1,16.51,23.66,23.72,20.98,,,53.39,,140,5,,-0.7,
BUY,248,BLDR,2023-05-02,93.31,1460.34,,,68.14,,,,,,,2023-05-01,111.22,92.0,72.1,93.94,93.11,88.05,,,54.25,,140,5,,-0.7,
BUY,251,GRBK,2023-05-02,36.75,3708.08,,,68.14,,,,,,,2023-05-01,48.04,36.65,28.02,37.03,36.55,34.3,,,71.47,,168,5,,-1,
BUY,249,PLPC,2023-05-02,116.2,1172.74,,,68.14,,,,,,,2023-05-01,148.58,120.17,89.36,116.2,120.18,118.94,,,66.26,,273,5,,-1,
BUY,253,SHOP,2023-05-02,46.84,2909.31,,,68.14,,,,,,,2023-05-01,62.03,48.95,39.35,47.27,47.49,45.74,,,57.62,,112,5,,-0.7,
BUY,252,SMCI,2023-05-02,10.55,12916.78,,,68.14,,,,,,,2023-05-01,13.72,10.8,8.27,10.51,10.3,10.36,,,65.93,,378,5,,-1,
SELL,244,CMPR,2023-05-02,51.14,2711.7,2023-04-25,45.29,61.41,69.34,15863.47,15794.13,12.86,5,rotation (out of top-N),2023-05-01,47.16,42.43,32.81,51.26,47.57,40.82,,,43.71,,77,5,,0.5,
SELL,243,COCO,2023-05-02,21.4,6125.34,2023-04-25,20.05,61.41,65.54,8269.21,8203.67,6.68,5,rotation (out of top-N),2023-05-01,22.62,19.89,14.76,21.73,21.12,19.46,,,53.22,,154,5,,-0.7,
SELL,231,ELF,2023-05-02,93.08,1651.42,2023-03-21,75.17,62.07,76.86,29576.98,29500.12,23.76,29,rotation (out of top-N),2023-05-01,88.33,83.65,58.11,92.67,92.33,82.13,,,52.0,,294,5,,-0.6,
SELL,246,LMB,2023-05-02,16.58,7416.25,2023-04-25,16.56,61.41,61.48,148.32,86.84,0.07,5,rotation (out of top-N),2023-05-01,16.99,16.12,11.26,16.75,16.75,16.44,,,50.86,,210,5,,-0.5,
SELL,245,META,2023-05-02,241.22,587.14,2023-04-25,209.17,61.41,70.82,18817.99,18747.18,15.26,5,rotation (out of top-N),2023-05-01,230.99,209.09,156.45,241.22,223.6,205.82,,,47.64,,77,5,,0.3,
SELL,247,NVDA,2023-05-02,28.65,4540.22,2023-04-25,27.05,61.41,65.04,7264.36,7199.32,5.86,5,rotation (out of top-N),2023-05-01,28.65,26.14,18.76,28.88,27.44,26.29,,,52.71,,105,5,,-0.4,
BUY,255,BLBD,2023-05-09,19.43,8582.69,,,83.38,,,,,,,2023-05-08,26.34,20.06,14.31,19.73,18.98,19.28,,,84.11,,119,5,,-1.0,
BUY,254,COCO,2023-05-09,23.33,7147.95,,,83.38,,,,,,,2023-05-08,24.39,20.71,15.04,23.25,22.14,20.17,,,62.1,,161,5,,-1,
BUY,258,INOD,2023-05-09,7.93,21029.22,,,83.38,,,,,,,2023-05-08,9.3,7.38,4.77,8.24,6.95,7.43,,,95.16,,84,5,,-0.4,
BUY,256,LMB,2023-05-09,18.25,9137.63,,,83.38,,,,,,,2023-05-08,19.41,16.72,11.61,17.1,16.85,16.8,,,67.13,,217,5,,-1,
BUY,257,POWL,2023-05-09,16.9,9867.56,,,83.38,,,,,,,2023-05-08,17.56,14.45,11.03,16.76,14.83,13.63,,,59.21,,189,5,,-1.0,
SELL,250,AU,2023-05-09,24.98,5730.53,2023-05-02,23.78,68.14,71.57,6876.64,6805.06,4.99,5,rotation (out of top-N),2023-05-08,22.83,22.24,16.76,25.28,24.69,22.23,,,36.23,,147,5,,0.2,
SELL,248,BLDR,2023-05-09,113.51,1460.34,2023-05-02,93.31,68.14,82.88,29491.66,29408.77,21.58,5,rotation (out of top-N),2023-05-08,115.81,96.33,73.28,113.63,102.8,90.78,,,58.03,,147,5,,-0.9,
SELL,249,PLPC,2023-05-09,140.17,1172.74,2023-05-02,116.2,68.14,82.19,28110.51,28028.31,20.57,5,rotation (out of top-N),2023-05-08,144.81,124.65,91.29,137.99,130.28,121.78,,,58.63,,280,5,,-0.9,
SELL,253,SHOP,2023-05-09,63.46,2909.31,2023-05-02,46.84,68.14,92.31,48352.72,48260.41,35.41,5,rotation (out of top-N),2023-05-08,61.31,51.2,39.87,64.4,53.74,47.31,,,53.78,,119,5,,-0.7,
SELL,252,SMCI,2023-05-09,13.65,12916.78,2023-05-02,10.55,68.14,88.16,40042.02,39953.86,29.32,5,rotation (out of top-N),2023-05-08,13.46,11.29,8.46,13.67,12.15,10.76,,,59.15,,385,5,,-1.0,
BUY,259,HOV,2023-05-16,82.05,1693.49,,,69.48,,,,,,,2023-05-15,91.18,73.79,53.92,82.31,78.26,69.77,,,69.09,,126,5,,-1,
BUY,260,SMCI,2023-05-16,13.84,10039.78,,,69.48,,,,,,,2023-05-15,16.42,12.22,8.7,13.78,13.04,11.28,,,88.63,,392,5,,-1,
SELL,254,COCO,2023-05-16,24.09,7147.95,2023-05-09,23.33,83.38,86.1,5432.44,5346.35,3.21,5,rotation (out of top-N),2023-05-15,24.4,21.38,15.33,24.32,23.52,21.09,,,59.21,,168,5,,-1.0,
SELL,226,MDGL,2023-05-16,279.56,377.62,2023-03-14,245.99,46.45,52.78,12676.73,12623.94,13.59,44,rotation (out of top-N),2023-05-15,276.7,277.57,183.14,289.61,295.96,270.63,,,51.09,,147,5,,-0.6,
BUY,263,NVDA,2023-05-23,30.98,5676.71,,,87.93,,,,,,,2023-05-22,38.89,29.48,19.84,31.15,29.96,27.93,,,96.06,,126,5,,-1,
BUY,262,PLTR,2023-05-23,11.96,14704.38,,,87.93,,,,,,,2023-05-22,13.64,9.74,8.02,11.83,10.39,8.67,,,70.03,,42,5,,1.3,
BUY,261,TGTX,2023-05-23,29.09,6046.57,,,87.93,,,,,,,2023-05-22,27.23,24.85,13.45,28.56,30.56,24.39,,,102.44,,182,5,,-1,
SELL,251,GRBK,2023-05-23,50.59,3708.08,2023-05-02,36.75,68.14,93.8,51319.87,51226.07,37.59,15,rotation (out of top-N),2023-05-22,47.97,42.65,29.65,51.65,50.33,40.49,,,61.79,,189,5,,-1,
SELL,242,IRON,2023-05-23,34.19,4791.06,2023-04-18,24.79,59.39,81.9,45035.94,44954.04,37.85,25,rotation (out of top-N),2023-05-22,32.19,29.25,20.82,33.68,33.02,27.96,,,54.62,,224,5,,-0.7,
SELL,227,TGTX,2023-05-23,29.09,6071.3,2023-03-14,15.3,46.45,88.29,83692.89,83604.6,90.0,49,ratchet-ATR exit,2023-05-22,27.23,24.85,13.45,28.56,30.56,24.39,,,102.44,,182,5,,-1,
BUY,264,COCO,2023-06-06,26.78,6688.91,,,89.56,,,,,,,2023-06-05,28.06,23.93,16.24,26.59,25.79,23.17,,,72.75,,189,5,,-1,
BUY,267,GRBK,2023-06-06,51.77,3460.43,,,89.56,,,,,,,2023-06-05,55.69,46.28,31.09,51.69,49.75,43.83,,,79.1,,203,5,,-1,
BUY,268,IRON,2023-06-06,41.1,4358.37,,,89.56,,,,,,,2023-06-05,45.9,33.99,22.2,41.77,36.91,31.12,,,106.78,,238,5,,-1,
BUY,265,MDB,2023-06-06,385.02,465.25,,,89.56,,,,,,,2023-06-05,374.61,290.37,216.2,388.51,316.91,256.91,,,73.27,,42,5,,1.3,
BUY,266,TGTX,2023-06-06,25.35,7066.24,,,89.56,,,,,,,2023-06-05,27.47,25.58,14.46,25.83,27.33,27.0,,,89.94,,196,5,,-1,
SELL,255,BLBD,2023-06-06,21.57,8582.69,2023-05-09,19.43,83.38,92.56,18366.96,18274.4,10.96,19,rotation (out of top-N),2023-06-05,21.43,22.66,15.64,25.21,25.52,21.46,,,37.02,,147,5,,0.1,
SELL,259,HOV,2023-06-06,92.55,1693.49,2023-05-16,82.05,69.48,78.37,17781.6,17703.23,12.74,14,rotation (out of top-N),2023-06-05,90.26,81.22,57.44,89.38,88.16,78.33,,,57.14,,147,5,,-0.9,
SELL,256,LMB,2023-06-06,22.07,9137.63,2023-05-09,18.25,83.38,100.86,34951.43,34850.57,20.9,19,rotation (out of top-N),2023-06-05,22.49,19.47,13.05,21.64,21.0,18.8,,,72.4,,245,5,,-1,
SELL,257,POWL,2023-06-06,20.21,9867.56,2023-05-09,16.9,83.38,99.71,32661.61,32561.9,19.53,19,rotation (out of top-N),2023-06-05,20.55,17.53,12.19,19.91,19.25,16.12,,,68.52,,217,5,,-1,
SELL,261,TGTX,2023-06-06,25.35,6046.57,2023-05-23,29.09,87.93,76.64,-22583.92,-22660.56,-12.89,9,ratchet-ATR exit,2023-06-05,27.47,25.58,14.46,25.83,27.33,27.0,,,89.94,,196,5,,-1,
BUY,272,AAOI,2023-06-13,3.32,55472.78,,,92.08,,,,,,,2023-06-12,4.85,2.72,2.43,3.31,2.73,2.07,,,99.28,,0,5,,2.0,
BUY,269,BELFA,2023-06-13,54.55,3376.16,,,92.08,,,,,,,2023-06-12,57.48,38.88,32.54,55.09,45.92,35.55,,,76.67,,7,5,,1.9,
BUY,273,CVNA,2023-06-13,4.39,41932.97,,,92.08,,,,,,,2023-06-12,5.05,2.93,2.28,4.25,3.47,2.29,,,121.33,,7,5,,1.9,
BUY,270,LMB,2023-06-13,23.66,7782.36,,,92.08,,,,,,,2023-06-12,24.07,20.3,13.45,23.5,22.37,19.47,,,79.02,,252,5,,-1,
BUY,271,SKYW,2023-06-13,35.99,5116.53,,,92.08,,,,,,,2023-06-12,38.72,30.22,21.25,35.31,33.01,28.19,,,82.21,,77,5,,-0.3,
SELL,264,COCO,2023-06-13,28.84,6688.91,2023-06-06,26.78,89.56,96.44,13745.72,13649.28,7.62,5,rotation (out of top-N),2023-06-12,28.83,24.82,16.57,28.57,26.98,23.91,,,74.01,,196,5,,-1,
SELL,267,GRBK,2023-06-13,56.91,3460.43,2023-06-06,51.77,89.56,98.47,17803.9,17705.44,9.88,5,rotation (out of top-N),2023-06-12,54.3,47.74,31.85,56.25,53.43,46.41,,,70.49,,210,5,,-1,
SELL,265,MDB,2023-06-13,387.5,465.25,2023-06-06,385.02,89.56,90.14,1153.81,1063.67,0.59,5,rotation (out of top-N),2023-06-12,380.23,306.71,218.99,382.03,355.25,276.59,,,73.63,,49,5,,1.2,
SELL,239,PTGX,2023-06-13,29.03,5660.65,2023-04-11,18.48,52.3,82.16,59719.9,59637.73,57.01,44,rotation (out of top-N),2023-06-12,27.67,25.54,15.7,29.0,28.24,25.33,,,76.19,,154,5,,-1,
SELL,266,TGTX,2023-06-13,26.45,7066.24,2023-06-06,25.35,89.56,93.45,7772.86,7679.41,4.29,5,rotation (out of top-N),2023-06-12,25.63,25.59,14.92,26.23,27.25,27.87,,,71.76,,203,5,,-1,
BUY,276,CCL,2023-06-27,14.61,13660.08,,,99.79,,,,,,,2023-06-26,18.62,13.59,10.15,14.43,14.92,11.97,,,83.51,,147,5,,-1,
BUY,274,HUT,2023-06-27,13.85,14409.65,,,99.79,,,,,,,2023-06-26,16.55,11.78,8.79,13.3,12.54,10.16,,,88.33,,56,5,,1.1,
BUY,275,MDB,2023-06-27,383.94,519.8,,,99.79,,,,,,,2023-06-26,411.01,338.04,228.63,380.15,377.93,310.97,,,79.77,,63,5,,-0.0,
BUY,277,SMCI,2023-06-27,22.34,8933.47,,,99.79,,,,,,,2023-06-26,24.93,20.1,11.24,21.64,22.64,18.83,,,121.87,,434,5,,-1,
SELL,269,BELFA,2023-06-27,53.4,3376.16,2023-06-13,54.55,92.08,90.14,-3882.59,-3972.73,-2.16,9,rotation (out of top-N),2023-06-26,57.38,45.01,33.99,57.48,55.33,41.19,,,68.82,,21,5,,1.7,
SELL,270,LMB,2023-06-27,23.71,7782.36,2023-06-13,23.66,92.08,92.26,350.21,257.95,0.14,9,rotation (out of top-N),2023-06-26,24.72,21.4,14.28,23.31,23.22,20.96,,,73.14,,266,5,,-1,
SELL,262,PLTR,2023-06-27,14.25,14704.38,2023-05-23,11.96,87.93,104.77,33673.02,33568.26,19.09,23,rotation (out of top-N),2023-06-26,15.33,13.11,8.95,13.95,14.77,12.38,,,71.38,,77,5,,-0.3,
SELL,260,SMCI,2023-06-27,22.34,10039.78,2023-05-16,13.84,69.48,112.14,85338.1,85225.95,61.34,28,ratchet-ATR exit,2023-06-26,24.93,20.1,11.24,21.64,22.64,18.83,,,121.87,,434,5,,-1,
BUY,278,LMB,2023-07-05,26.3,8342.69,,,109.71,,,,,,,2023-07-03,26.27,22.29,14.75,25.79,24.3,21.96,,,78.14,,273,5,,-1,
BUY,279,ROOT,2023-07-05,9.48,23144.81,,,109.71,,,,,,,2023-07-03,10.16,7.31,5.92,9.9,9.6,6.33,,,71.52,,14,5,,1.8,
SELL,258,INOD,2023-07-05,10.82,21029.22,2023-05-09,7.93,83.38,113.77,60774.44,60660.68,36.38,38,rotation (out of top-N),2023-07-03,10.57,10.22,6.24,11.07,11.31,10.34,,,69.36,,140,5,,-1,
SELL,275,MDB,2023-07-05,406.56,519.8,2023-06-27,383.94,99.79,105.66,11755.38,11649.71,5.84,5,rotation (out of top-N),2023-07-03,388.72,347.25,233.38,411.41,394.8,332.71,,,66.56,,70,5,,-0.2,
BUY,280,COIN,2023-07-11,80.89,2998.3,,,121.26,,,,,,,2023-07-10,105.42,71.8,58.77,81.21,74.24,61.84,81.21,77.82,79.38,4.17,119,5,5.8,-1.0,0.2
BUY,282,MSTR,2023-07-11,40.1,6047.82,,,121.26,,,,,,,2023-07-10,45.78,34.41,26.05,40.75,36.32,30.81,,,75.72,,154,5,,-1,
BUY,281,PLTR,2023-07-11,16.5,14702.49,,,121.26,,,,,,,2023-07-10,16.4,14.04,9.33,16.3,15.41,14.02,16.3,15.78,75.75,3.19,91,5,5.6,-0.5,1.4
SELL,276,CCL,2023-07-11,19.12,13660.08,2023-06-27,14.61,99.79,130.59,61606.94,61476.35,30.8,9,rotation (out of top-N),2023-07-10,17.06,15.0,10.7,19.09,17.92,13.85,19.09,18.66,59.39,2.27,161,5,4.5,-1.0,1.5
SELL,279,ROOT,2023-07-11,10.81,23144.81,2023-07-05,9.48,109.71,125.1,30782.6,30657.5,13.97,4,rotation (out of top-N),2023-07-10,9.87,7.78,5.97,10.65,9.92,6.81,,,65.46,,21,5,,1.7,
SELL,271,SKYW,2023-07-11,42.35,5116.53,2023-06-13,35.99,92.08,108.34,32515.57,32407.23,17.6,18,rotation (out of top-N),2023-07-10,40.42,35.87,23.59,42.2,40.28,34.42,,,71.33,,105,5,,-0.8,
BUY,286,BBIO,2023-07-18,32.1,7936.15,,,127.38,,,,,,,2023-07-17,34.12,19.26,12.91,31.99,20.11,16.23,,,164.28,,161,5,,-1,
BUY,283,BELFA,2023-07-18,60.83,4187.91,,,127.38,,,,,,,2023-07-17,63.19,52.33,36.5,60.83,58.11,50.08,,,73.14,,42,5,,1.3,
BUY,285,INOD,2023-07-18,11.97,21282.41,,,127.38,,,,,,,2023-07-17,11.74,10.53,6.63,10.7,10.84,10.91,,,77.12,,154,5,,-1,
BUY,284,ROOT,2023-07-18,10.99,23180.21,,,127.38,,,,,,,2023-07-17,11.26,8.41,6.05,10.58,10.26,7.51,,,86.04,,28,5,,1.5,
SELL,280,COIN,2023-07-18,104.38,2998.3,2023-07-11,80.89,121.26,156.48,70445.09,70288.61,28.98,5,rotation (out of top-N),2023-07-17,100.84,77.08,59.7,105.58,90.94,66.73,105.58,98.33,68.9,6.87,126,5,6,-1,0.0
SELL,268,IRON,2023-07-18,46.13,4358.37,2023-06-06,41.1,89.56,100.53,21922.61,21822.08,12.18,28,rotation (out of top-N),2023-07-17,45.89,42.91,27.04,45.98,46.6,43.74,,,69.71,,280,5,,-1,
SELL,278,LMB,2023-07-18,28.06,8342.69,2023-07-05,26.3,109.71,117.05,14683.14,14566.09,6.64,9,rotation (out of top-N),2023-07-17,25.07,23.47,15.65,27.51,26.01,23.47,,,60.14,,287,5,,-1,
SELL,282,MSTR,2023-07-18,44.9,6047.82,2023-07-11,40.1,121.26,135.77,29029.54,28893.76,11.91,5,rotation (out of top-N),2023-07-17,43.59,36.08,26.62,44.94,41.39,32.79,,,63.76,,161,5,,-1,
BUY,288,APP,2023-07-25,28.57,9006.59,,,128.68,,,,,,,2023-07-24,31.26,25.92,17.27,28.16,27.92,25.31,28.16,27.48,80.98,2.41,77,5,5.3,-0.3,2.1
BUY,289,PKX,2023-07-25,121.21,2123.29,,,128.68,,,,,,,2023-07-24,114.33,83.52,62.71,111.62,91.61,74.75,,,82.33,,231,5,,-1,
BUY,290,SKYW,2023-07-25,39.77,6471.3,,,128.68,,,,,,,2023-07-24,44.55,38.22,24.85,40.83,41.12,37.83,,,79.29,,119,5,,-1.0,
BUY,287,VICR,2023-07-25,59.91,4295.48,,,128.68,,,,,,,2023-07-24,95.16,61.99,53.88,59.15,58.08,56.42,,,76.62,,28,5,,1.5,
SELL,283,BELFA,2023-07-25,63.61,4187.91,2023-07-18,60.83,127.38,133.2,11642.39,11509.19,4.52,5,rotation (out of top-N),2023-07-24,59.52,53.64,37.26,63.19,60.61,53.26,,,59.74,,49,5,,1.2,
SELL,285,INOD,2023-07-25,11.94,21282.41,2023-07-18,11.97,127.38,127.0,-744.88,-871.89,-0.34,5,rotation (out of top-N),2023-07-24,11.78,10.76,6.83,11.87,11.76,11.26,,,72.36,,161,5,,-1,
SELL,263,NVDA,2023-07-25,44.91,5676.71,2023-05-23,30.98,87.93,127.47,79076.52,78949.05,44.89,42,rotation (out of top-N),2023-07-24,46.71,41.43,26.49,44.58,44.92,41.94,44.53,43.49,76.31,2.33,189,5,4.6,-1,1.4
SELL,284,ROOT,2023-07-25,10.98,23180.21,2023-07-18,10.99,127.38,127.32,-115.9,-243.22,-0.1,5,rotation (out of top-N),2023-07-24,10.16,8.73,6.14,11.04,10.99,8.39,,,65.55,,35,5,,1.4,
BUY,292,MOD,2023-08-01,37.33,7735.17,,,144.38,,,,,,,2023-07-31,44.52,34.73,25.12,37.57,36.22,33.7,,,77.26,,406,5,,-1,
BUY,293,POWL,2023-08-01,20.22,14280.61,,,144.38,,,,,,,2023-07-31,26.83,20.48,14.84,19.88,19.95,19.85,,,80.81,,273,5,,-1,
BUY,294,VRT,2023-08-01,25.41,11363.79,,,144.38,,,,,,,2023-07-31,35.55,25.39,17.01,25.94,25.71,23.91,25.93,25.34,108.99,2.28,273,5,4.5,-1,1.5
BUY,291,W,2023-08-01,76.41,3779.01,,,144.38,,,,,,,2023-07-31,83.09,64.61,45.36,77.97,71.22,61.85,,,83.19,,56,5,,1.1,
SELL,274,HUT,2023-08-01,17.1,14409.65,2023-06-27,13.85,99.79,123.2,46831.38,46708.17,23.4,24,rotation (out of top-N),2023-07-31,15.55,15.56,9.83,17.83,17.77,15.37,,,58.15,,91,5,,-0.4,
SELL,289,PKX,2023-08-01,113.78,2123.29,2023-07-25,121.21,128.68,120.79,-15776.01,-15896.8,-6.18,5,rotation (out of top-N),2023-07-31,107.07,87.81,64.38,118.64,107.61,81.38,,,66.32,,238,5,,-1,
SELL,290,SKYW,2023-08-01,43.09,6471.3,2023-07-25,39.77,128.68,139.44,21517.06,21377.62,8.31,5,rotation (out of top-N),2023-07-31,42.07,38.92,25.46,44.02,41.82,39.27,,,65.27,,126,5,,-1,
SELL,287,VICR,2023-08-01,90.51,4295.48,2023-07-25,59.91,128.68,194.39,131420.07,131225.68,50.99,5,rotation (out of top-N),2023-07-31,77.72,64.85,54.58,92.25,78.0,60.12,,,42.4,,35,5,,2.3,
BUY,299,BBIO,2023-08-08,30.97,9659.68,,,149.58,,,,,,,2023-08-07,31.05,25.04,14.55,30.98,31.85,23.27,,,113.46,,182,5,,-1,
BUY,297,INOD,2023-08-08,10.72,27906.74,,,149.58,,,,,,,2023-08-07,13.3,11.38,7.31,11.17,11.93,11.55,,,82.05,,175,5,,-1,
BUY,298,IRON,2023-08-08,48.28,6196.36,,,149.58,,,,,,,2023-08-07,52.88,46.17,29.46,47.94,48.32,48.05,,,79.48,,301,5,,-1,
BUY,296,LMB,2023-08-08,26.41,11327.54,,,149.58,,,,,,,2023-08-07,32.78,25.98,17.19,26.49,26.42,25.2,,,90.66,,308,5,,-1,
BUY,295,STRL,2023-08-08,67.36,4441.21,,,149.58,,,,,,,2023-08-07,80.77,59.9,42.27,61.79,60.54,56.85,,,91.08,,280,5,,-1,
SELL,286,BBIO,2023-08-08,30.97,7936.15,2023-07-18,32.1,127.38,122.89,-8967.85,-9090.74,-3.57,15,ratchet-ATR exit,2023-08-07,31.05,25.04,14.55,30.98,31.85,23.27,,,113.46,,182,5,,-1,
SELL,281,PLTR,2023-08-08,17.39,14702.49,2023-07-11,16.5,121.26,127.84,13158.73,13030.89,5.37,20,rotation (out of top-N),2023-08-07,15.4,15.6,10.22,17.99,18.13,16.42,18.32,17.41,50.77,4.97,119,5,5.6,-0.5,0.0
SELL,293,POWL,2023-08-08,26.39,14280.61,2023-08-01,20.22,144.38,188.43,88111.37,87922.94,30.45,5,rotation (out of top-N),2023-08-07,26.4,21.56,15.29,26.73,23.87,20.52,,,72.64,,280,5,,-1,
SELL,277,SMCI,2023-08-08,34.37,8933.47,2023-06-27,22.34,99.79,153.52,107469.64,107316.12,53.77,29,rotation (out of top-N),2023-08-07,25.47,26.91,14.75,35.3,32.87,27.74,35.3,33.89,72.63,4.0,476,5,5.7,-1,0.3
SELL,291,W,2023-08-08,82.39,3779.01,2023-08-01,76.41,144.38,155.68,22598.46,22442.79,7.77,5,rotation (out of top-N),2023-08-07,74.99,66.5,46.41,83.26,77.35,65.82,,,61.57,,63,5,,-0.0,
BUY,300,DBD,2023-08-15,19.49,18320.17,,,178.53,,,,,,,2023-08-14,20.19,5.72,2.39,20.5,5.95,3.16,,,746.0,,49,5,,1.2,
SELL,292,MOD,2023-08-15,46.11,7735.17,2023-08-01,37.33,144.38,178.33,67914.8,67736.47,23.46,10,rotation (out of top-N),2023-08-14,41.27,37.63,26.25,46.19,44.0,36.75,,,57.2,,420,5,,-0.9,
BUY,301,BBIO,2023-08-22,28.65,9656.25,,,138.33,,,,,,,2023-08-21,29.68,26.43,15.49,28.58,30.02,26.86,,,91.64,,196,5,,-1,
SELL,299,BBIO,2023-08-22,28.65,9659.68,2023-08-08,30.97,149.58,138.37,-22410.45,-22548.83,-7.54,10,ratchet-ATR exit,2023-08-21,29.68,26.43,15.49,28.58,30.02,26.86,,,91.64,,196,5,,-1,
BUY,302,CAMT,2023-08-29,52.34,7054.15,,,184.61,,,,,,,2023-08-28,59.7,45.8,30.96,51.03,49.16,43.63,,,92.83,,196,5,,-1,
BUY,303,ROOT,2023-08-29,10.87,33966.35,,,184.61,,,,,,,2023-08-28,11.84,9.86,6.47,10.62,9.88,10.13,,,82.93,,70,5,,-0.2,
SELL,297,INOD,2023-08-29,14.27,27906.74,2023-08-08,10.72,149.58,199.11,99068.92,98869.81,33.05,15,rotation (out of top-N),2023-08-28,11.87,12.06,8.04,13.74,13.25,12.1,,,47.62,,196,5,,-0.4,
SELL,298,IRON,2023-08-29,55.0,6196.36,2023-08-08,48.28,149.58,170.4,41639.54,41469.14,13.86,15,rotation (out of top-N),2023-08-28,52.47,49.34,32.18,54.97,54.07,49.19,,,63.05,,322,5,,-1,
BUY,307,AAOI,2023-09-12,11.7,36487.89,,,213.45,,,,,,,2023-09-11,9.86,10.43,4.74,11.65,12.77,11.35,,,107.92,,91,5,,-0.5,
BUY,306,AFRM,2023-09-12,23.32,18306.53,,,213.45,,,,,,,2023-09-11,24.39,19.12,14.09,23.6,21.12,17.5,,,73.15,,91,5,,-0.5,
BUY,305,ANF,2023-09-12,53.21,8023.08,,,213.45,,,,,,,2023-09-11,52.38,45.91,32.11,53.39,52.57,43.68,,,63.15,,252,5,,-1,
BUY,304,DBD,2023-09-12,17.84,23923.13,,,213.45,,,,,,,2023-09-11,18.86,12.9,4.06,18.37,17.96,10.94,,,364.41,,77,5,,-0.3,
SELL,272,AAOI,2023-09-12,11.7,55472.78,2023-06-13,3.32,92.08,324.52,464861.88,464537.37,252.23,62,ratchet-ATR exit,2023-09-11,9.86,10.43,4.74,11.65,12.77,11.35,,,107.92,,91,5,,-0.5,
SELL,300,DBD,2023-09-12,17.84,18320.17,2023-08-15,19.49,178.53,163.46,-30136.68,-30300.14,-8.49,19,ratchet-ATR exit,2023-09-11,18.86,12.9,4.06,18.37,17.96,10.94,,,364.41,,77,5,,-0.3,
SELL,303,ROOT,2023-09-12,11.48,33966.35,2023-08-29,10.87,184.61,194.97,20719.47,20524.51,5.56,9,rotation (out of top-N),2023-09-11,10.52,10.19,6.69,11.49,11.25,10.42,,,57.31,,84,5,,-0.3,
SELL,295,STRL,2023-09-12,77.25,4441.21,2023-08-08,67.36,149.58,171.54,43923.62,43752.07,14.62,24,rotation (out of top-N),2023-09-11,74.0,71.32,48.03,77.45,79.26,71.4,,,54.07,,315,5,,-0.7,
BUY,308,CLS,2023-09-19,22.89,17694.7,,,202.52,,,,,,,2023-09-18,22.52,21.02,14.9,22.75,23.18,21.55,,,51.17,,294,5,,-0.6,
BUY,309,ROOT,2023-09-19,10.37,39058.02,,,202.52,,,,,,,2023-09-18,10.24,10.2,6.82,10.66,10.95,10.35,,,50.25,,91,5,,-0.0,
SELL,306,AFRM,2023-09-19,25.01,18306.53,2023-09-12,23.32,213.45,228.92,30938.04,30709.11,7.19,5,rotation (out of top-N),2023-09-18,20.18,19.32,14.34,25.02,23.07,18.36,,,40.78,,98,5,,0.3,
SELL,296,LMB,2023-09-19,31.09,11327.54,2023-08-08,26.41,149.58,176.09,53012.87,52836.78,17.66,29,rotation (out of top-N),2023-09-18,29.5,30.86,20.58,31.35,33.23,31.55,,,43.34,,350,5,,-0.2,
BUY,313,AAOI,2023-09-26,9.58,34914.76,,,167.24,,,,,,,2023-09-25,10.97,10.4,5.15,9.39,10.05,11.82,,,112.88,,105,5,,-0.8,
BUY,311,APP,2023-09-26,37.44,8935.05,,,167.24,,,,,,,2023-09-25,39.96,37.68,23.09,38.23,39.93,38.57,38.23,37.45,73.06,2.03,140,5,4.4,-1,1.6
BUY,310,CNR,2023-09-26,95.46,3503.91,,,167.24,,,,,,,2023-09-25,103.71,87.63,65.39,95.96,94.31,85.16,,,58.59,,105,5,,-0.7,
BUY,314,CVNA,2023-09-26,7.91,42286.15,,,167.24,,,,,,,2023-09-25,8.4,8.48,4.29,8.05,9.12,9.07,8.05,7.61,95.83,5.44,112,5,6.1,-0.9,0.1
BUY,312,SMCI,2023-09-26,24.65,13569.31,,,167.24,,,,,,,2023-09-25,27.39,26.25,17.81,24.89,24.95,27.4,24.89,24.14,53.8,3.02,525,5,4.7,-0.7,1.0
SELL,307,AAOI,2023-09-26,9.58,36487.89,2023-09-12,11.7,213.45,174.78,-77354.32,-77529.1,-18.16,10,ratchet-ATR exit,2023-09-25,10.97,10.4,5.15,9.39,10.05,11.82,,,112.88,,105,5,,-0.8,
SELL,288,APP,2023-09-26,37.44,9006.59,2023-07-25,28.57,128.68,168.58,79798.42,79629.84,30.94,44,ratchet-ATR exit,2023-09-25,39.96,37.68,23.09,38.23,39.93,38.57,38.23,37.45,73.06,2.03,140,5,4.4,-1,1.6
SELL,301,BBIO,2023-09-26,27.21,9656.25,2023-08-22,28.65,138.33,131.37,-13905.0,-14036.38,-5.07,24,rotation (out of top-N),2023-09-25,26.34,27.4,17.93,27.11,27.95,29.79,,,46.92,,231,5,,-0.3,
SELL,273,CVNA,2023-09-26,7.91,41932.97,2023-06-13,4.39,92.08,165.84,147520.2,147354.36,80.01,72,ratchet-ATR exit,2023-09-25,8.4,8.48,4.29,8.05,9.12,9.07,8.05,7.61,95.83,5.44,112,5,6.1,-0.9,0.1
SELL,309,ROOT,2023-09-26,10.05,39058.02,2023-09-19,10.37,202.52,196.27,-12498.57,-12694.83,-3.13,5,rotation (out of top-N),2023-09-25,9.57,10.09,6.94,9.96,10.55,10.38,,,37.9,,98,5,,0.5,
BUY,315,MOD,2023-10-03,45.27,7656.5,,,173.29,,,,,,,2023-10-02,48.33,44.23,30.77,45.5,45.25,45.3,,,57.05,,469,5,,-0.9,
SELL,310,CNR,2023-10-03,98.77,3503.91,2023-09-26,95.46,167.24,173.04,11597.95,11424.91,3.42,5,rotation (out of top-N),2023-10-02,100.93,90.05,66.37,99.48,98.37,88.78,,,52.07,,112,5,,-0.5,
BUY,318,ACMR,2023-10-10,18.34,19689.54,,,180.5,,,,,,,2023-10-09,18.99,16.73,12.74,18.23,17.77,16.58,,,49.05,,119,5,,-0.4,
BUY,317,CNR,2023-10-10,107.44,3360.09,,,180.5,,,,,,,2023-10-09,106.11,92.97,67.6,106.4,100.02,91.5,,,56.97,,119,5,,-0.8,
BUY,316,DBD,2023-10-10,18.28,19748.78,,,180.5,,,,,,,2023-10-09,18.89,16.08,5.78,17.99,18.28,18.81,,,226.91,,105,5,,-0.8,
SELL,313,AAOI,2023-10-10,7.79,34914.76,2023-09-26,9.58,167.24,135.99,-62497.43,-62633.42,-18.73,10,rotation (out of top-N),2023-10-09,7.54,9.68,5.47,7.58,9.42,11.72,,,37.74,,119,5,,0.1,
SELL,304,DBD,2023-10-10,18.28,23923.13,2023-09-12,17.84,213.45,218.66,10406.56,10187.9,2.39,20,ratchet-ATR exit,2023-10-09,18.89,16.08,5.78,17.99,18.28,18.81,,,226.91,,105,5,,-0.8,
SELL,315,MOD,2023-10-10,48.93,7656.5,2023-10-03,45.27,173.29,187.32,28061.08,27873.77,8.04,5,rotation (out of top-N),2023-10-09,44.83,44.34,31.36,48.49,46.48,45.42,,,42.95,,476,5,,-0.1,
BUY,320,VIST,2023-10-17,31.98,10426.66,,,166.7,,,,,,,2023-10-16,30.62,28.41,22.64,31.38,30.49,27.82,,,35.28,,999,5,,0.2,
BUY,319,XPO,2023-10-17,75.25,4430.76,,,166.7,,,,,,,2023-10-16,72.11,71.59,53.02,75.62,75.71,72.56,,,36.0,,182,5,,0.2,
SELL,314,CVNA,2023-10-17,6.8,42286.15,2023-09-26,7.91,167.24,143.69,-47106.77,-47250.46,-14.13,15,rotation (out of top-N),2023-10-16,6.21,7.7,4.72,6.92,7.37,8.67,6.92,6.62,31.43,4.24,133,5,4.4,0.4,0.2
SELL,312,SMCI,2023-10-17,27.97,13569.31,2023-09-26,24.65,167.24,189.77,45050.1,44860.33,13.41,15,rotation (out of top-N),2023-10-16,24.86,26.66,19.25,29.15,28.88,26.95,29.15,28.19,29.14,3.28,546,5,3.6,0.5,0.9
BUY,321,APP,2023-10-24,38.12,8966.76,,,170.91,,,,,,,2023-10-23,36.21,37.77,25.86,37.62,38.77,40.45,37.62,36.64,40.04,2.6,168,5,3.7,-0.0,1.3
BUY,323,BLTE,2023-10-24,36.49,9367.31,,,170.91,,,,,,,2023-10-23,37.41,31.66,26.8,36.52,32.94,31.85,,,39.58,,49,5,,2.2,
BUY,324,CUBI,2023-10-24,32.62,10477.03,,,170.91,,,,,,,2023-10-23,39.71,34.63,29.29,32.37,32.98,33.53,,,35.55,,105,5,,0.5,
BUY,322,FTI,2023-10-24,20.23,16896.34,,,170.91,,,,,,,2023-10-23,21.23,19.75,16.01,20.31,20.14,19.95,,,32.64,,448,5,,0.4,
BUY,325,LRN,2023-10-24,44.22,7729.83,,,170.91,,,,,,,2023-10-23,54.41,45.7,41.39,43.79,45.07,44.52,,,31.47,,252,5,,0.4,
SELL,318,ACMR,2023-10-24,18.6,19689.54,2023-10-10,18.34,180.5,183.11,5217.73,5034.62,1.39,10,rotation (out of top-N),2023-10-23,13.72,16.35,12.99,18.07,18.47,17.77,,,5.63,,133,1.13,,1.7,
SELL,311,APP,2023-10-24,38.12,8935.05,2023-09-26,37.44,167.24,170.3,6120.51,5950.2,1.78,20,ratchet-ATR exit,2023-10-23,36.21,37.77,25.86,37.62,38.77,40.45,37.62,36.64,40.04,2.6,168,5,3.7,-0.0,1.3
SELL,302,CAMT,2023-10-24,51.81,7054.15,2023-08-29,52.34,184.61,182.74,-3738.7,-3921.44,-1.06,39,rotation (out of top-N),2023-10-23,49.34,53.61,37.64,50.06,55.73,57.66,,,31.08,,252,5,,0.4,
SELL,320,VIST,2023-10-24,30.43,10426.66,2023-10-17,31.98,166.7,158.64,-16109.19,-16267.83,-4.88,5,rotation (out of top-N),2023-10-23,29.25,28.57,22.96,30.3,30.8,28.51,,,27.39,,999,5,,0.6,
SELL,319,XPO,2023-10-24,72.42,4430.76,2023-10-17,75.25,166.7,160.43,-12539.05,-12699.48,-3.81,5,rotation (out of top-N),2023-10-23,67.39,70.83,53.76,71.87,73.91,73.01,,,25.35,,189,5,,0.7,
BUY,330,AAOI,2023-10-31,7.1,51536.08,,,182.95,,,,,,,2023-10-30,9.47,8.91,5.88,7.06,7.29,9.19,,,60.95,,140,5,,-1,
BUY,329,AFRM,2023-10-31,17.37,21065.41,,,182.95,,,,,,,2023-10-30,22.43,19.29,15.43,17.09,17.89,20.28,,,45.43,,140,5,,-0.3,
BUY,327,CAMT,2023-10-31,50.16,7294.78,,,182.95,,,,,,,2023-10-30,55.8,54.01,38.38,49.92,52.25,56.82,,,45.4,,259,5,,-0.3,
BUY,326,CLS,2023-10-31,22.35,16371.64,,,182.95,,,,,,,2023-10-30,25.67,23.81,16.85,22.24,24.31,24.37,,,52.37,,336,5,,-0.6,
BUY,328,PLTR,2023-10-31,14.62,25036.35,,,182.95,,,,,,,2023-10-30,18.89,16.3,12.8,14.7,15.85,15.85,14.7,14.2,47.58,3.41,203,5,4.7,-0.4,0.7
SELL,323,BLTE,2023-10-31,37.24,9367.31,2023-10-24,36.49,170.91,174.44,7072.32,6897.87,2.02,5,rotation (out of top-N),2023-10-30,38.99,33.0,27.0,38.05,36.03,32.33,,,44.4,,56,5,,1.8,
SELL,308,CLS,2023-10-31,22.35,17694.7,2023-09-19,22.89,202.52,197.74,-9555.14,-9752.88,-2.41,30,ratchet-ATR exit,2023-10-30,25.67,23.81,16.85,22.24,24.31,24.37,,,52.37,,336,5,,-0.6,
SELL,317,CNR,2023-10-31,90.65,3360.09,2023-10-10,107.44,180.5,152.3,-56415.86,-56568.15,-15.67,15,rotation (out of top-N),2023-10-30,96.59,96.19,70.87,101.35,102.66,99.46,,,36.29,,140,5,,0.2,
SELL,322,FTI,2023-10-31,21.03,16896.34,2023-10-24,20.23,170.91,177.67,13517.07,13339.41,3.9,5,rotation (out of top-N),2023-10-30,21.87,20.13,16.22,21.02,20.55,20.2,,,34.87,,455,5,,0.3,
SELL,325,LRN,2023-10-31,55.14,7729.83,2023-10-24,44.22,170.91,213.11,84409.72,84196.61,24.63,5,rotation (out of top-N),2023-10-30,55.9,47.56,41.76,55.26,49.99,45.74,,,33.85,,259,5,,0.3,
BUY,333,DUOL,2023-11-07,158.23,2777.88,,,219.77,,,,,,,2023-11-06,211.55,164.23,141.75,157.45,153.19,158.91,,,49.24,,252,5,,-0.5,
BUY,331,LMB,2023-11-07,30.99,14183.4,,,219.77,,,,,,,2023-11-06,36.45,31.04,23.9,30.22,29.72,30.15,,,52.49,,399,5,,-0.6,
BUY,332,MSTR,2023-11-07,45.42,9677.31,,,219.77,,,,,,,2023-11-06,50.84,39.61,33.03,45.89,42.6,35.75,,,53.93,,273,5,,-0.7,
SELL,329,AFRM,2023-11-07,21.62,21065.41,2023-10-31,17.37,182.95,227.72,89528.0,89300.28,24.41,5,rotation (out of top-N),2023-11-06,22.43,19.86,15.53,21.72,19.59,19.98,,,44.4,,147,5,,-0.2,
SELL,326,CLS,2023-11-07,24.56,16371.64,2023-10-31,22.35,182.95,201.04,36181.33,35980.29,9.83,5,rotation (out of top-N),2023-11-06,25.45,24.1,17.14,24.83,24.57,24.5,,,48.45,,343,5,,-0.4,
SELL,324,CUBI,2023-11-07,44.05,10477.03,2023-10-24,32.62,170.91,230.76,119700.03,119469.27,34.95,10,rotation (out of top-N),2023-11-06,41.38,37.36,29.94,44.23,40.01,34.57,,,38.2,,119,5,,0.1,
BUY,337,AFRM,2023-11-14,24.89,19610.34,,,244.0,,,,,,,2023-11-13,24.8,20.76,15.84,22.88,21.68,19.82,,,56.53,,154,5,,-0.8,
BUY,335,CLS,2023-11-14,26.58,18359.79,,,244.0,,,,,,,2023-11-13,28.07,24.83,17.51,25.62,24.93,24.72,,,60.33,,350,5,,-1,
BUY,338,CUBI,2023-11-14,43.52,11213.31,,,244.0,,,,,,,2023-11-13,46.41,39.01,30.3,41.51,41.11,35.54,,,53.17,,126,5,,-0.7,
BUY,336,RYTM,2023-11-14,30.38,16065.95,,,244.0,,,,,,,2023-11-13,33.81,26.34,21.3,28.61,26.65,23.9,,,58.76,,77,5,,-0.2,
BUY,334,XPO,2023-11-14,87.19,5597.33,,,244.0,,,,,,,2023-11-13,87.75,76.79,57.07,84.83,80.33,74.77,,,53.76,,210,5,,-0.7,
SELL,321,APP,2023-11-14,42.65,8966.76,2023-10-24,38.12,170.91,191.19,40574.6,40383.41,11.81,15,rotation (out of top-N),2023-11-13,39.13,39.09,27.88,41.4,40.1,39.05,41.4,39.58,40.33,4.37,189,5,4.9,-0.0,0.1
SELL,327,CAMT,2023-11-14,63.24,7294.78,2023-10-31,50.16,182.95,230.66,95415.73,95185.07,26.01,10,rotation (out of top-N),2023-11-13,60.67,56.63,40.14,64.45,58.19,56.87,,,51.14,,273,5,,-0.6,
SELL,333,DUOL,2023-11-14,218.89,2777.88,2023-11-07,158.23,219.77,304.02,168506.07,168202.04,38.27,5,rotation (out of top-N),2023-11-13,211.59,172.84,144.75,213.42,181.23,162.84,,,46.17,,259,5,,-0.3,
SELL,332,MSTR,2023-11-14,50.33,9677.31,2023-11-07,45.42,219.77,243.53,47515.61,47272.08,10.75,5,rotation (out of top-N),2023-11-13,48.63,41.25,33.63,50.39,46.91,37.59,,,44.58,,280,5,,-0.2,
SELL,328,PLTR,2023-11-14,20.09,25036.35,2023-10-31,14.62,182.95,251.49,137074.0,136822.51,37.39,10,rotation (out of top-N),2023-11-13,20.51,17.57,13.41,19.7,18.3,16.49,19.7,19.05,52.95,3.34,217,5,4.9,-0.6,0.8
BUY,339,CAMT,2023-11-21,59.51,8432.23,,,250.9,,,,,,,2023-11-20,63.41,57.86,41.05,59.78,60.05,57.51,,,54.46,,280,5,,-0.7,
BUY,340,COIN,2023-11-21,104.37,4807.91,,,250.9,,,,,,,2023-11-20,115.29,89.4,73.52,106.06,95.17,81.05,106.06,102.85,56.82,3.03,252,5,4.9,-0.8,1.0
BUY,341,HCI,2023-11-21,81.58,6151.04,,,250.9,,,,,,,2023-11-20,85.09,66.57,55.43,80.7,74.67,60.12,,,53.5,,259,5,,-0.7,
SELL,335,CLS,2023-11-21,27.42,18359.79,2023-11-14,26.58,244.0,251.71,15422.23,15170.51,3.11,5,rotation (out of top-N),2023-11-20,27.2,25.26,17.86,28.13,26.68,25.34,,,52.28,,357,5,,-0.6,
SELL,338,CUBI,2023-11-21,45.38,11213.31,2023-11-14,43.52,244.0,254.43,20856.76,20602.33,4.22,5,rotation (out of top-N),2023-11-20,45.16,40.12,30.63,45.86,43.76,37.12,,,47.43,,133,5,,-0.4,
SELL,334,XPO,2023-11-21,88.15,5597.33,2023-11-14,87.19,244.0,246.7,5401.42,5154.72,1.06,5,rotation (out of top-N),2023-11-20,89.19,79.04,58.37,88.33,84.7,77.04,,,52.81,,217,5,,-0.6,
BUY,345,AMR,2023-11-28,277.4,1942.12,,,269.37,,,,,,,2023-11-27,293.6,246.39,187.62,279.19,258.21,235.19,,,56.48,,154,5,,-0.8,
BUY,343,ESTC,2023-11-28,75.73,7114.03,,,269.37,,,,,,,2023-11-27,110.17,81.98,68.12,76.19,76.3,77.21,,,61.74,,182,5,,-1,
BUY,342,PDD,2023-11-28,135.16,3985.98,,,269.37,,,,,,,2023-11-27,145.26,113.98,86.83,117.75,115.4,107.76,,,67.29,,91,5,,-0.5,
BUY,344,SYRE,2023-11-28,14.0,38481.8,,,269.37,,,,,,,2023-11-27,19.26,12.67,9.92,12.09,10.71,11.4,,,94.08,,112,5,,-0.9,
SELL,339,CAMT,2023-11-28,64.75,8432.23,2023-11-21,59.51,250.9,272.99,44184.86,43911.87,8.75,4,rotation (out of top-N),2023-11-27,61.61,58.54,41.93,64.94,62.13,57.84,,,46.94,,287,5,,-0.3,
SELL,341,HCI,2023-11-28,83.69,6151.04,2023-11-21,81.58,250.9,257.39,12978.69,12721.3,2.54,4,rotation (out of top-N),2023-11-27,82.73,69.5,56.27,84.57,79.75,63.33,,,47.01,,266,5,,-0.4,
SELL,331,LMB,2023-11-28,39.3,14183.4,2023-11-07,30.99,219.77,278.7,117864.06,117585.36,26.75,14,rotation (out of top-N),2023-11-27,39.76,35.11,25.93,39.72,38.47,32.2,,,53.34,,420,5,,-0.7,
SELL,336,RYTM,2023-11-28,33.5,16065.95,2023-11-14,30.38,244.0,269.1,50206.11,49937.0,10.23,9,rotation (out of top-N),2023-11-27,33.8,28.93,21.73,34.05,32.51,26.14,,,55.51,,91,5,,-0.3,
BUY,346,MPTI,2023-12-05,36.51,15429.54,,,281.67,,,,,,,2023-12-04,30.97,28.36,16.26,34.89,34.19,29.74,,,90.51,,999,5,,-1,
BUY,347,MSTR,2023-12-05,56.7,9935.32,,,281.67,,,,,,,2023-12-04,59.86,47.62,35.75,56.24,51.48,43.89,,,67.43,,301,5,,-1,
SELL,345,AMR,2023-12-05,295.49,1942.12,2023-11-28,277.4,269.37,286.94,35133.03,34846.09,6.47,5,rotation (out of top-N),2023-12-04,298.86,255.93,190.56,293.9,275.77,240.05,,,56.83,,161,5,,-0.8,
SELL,342,PDD,2023-12-05,138.69,3985.98,2023-11-28,135.16,269.37,276.42,14090.44,13814.03,2.56,5,rotation (out of top-N),2023-12-04,138.96,118.52,87.91,142.75,133.26,113.17,,,58.07,,98,5,,-0.5,
BUY,351,BBIO,2023-12-12,32.34,18350.9,,,296.69,,,,,,,2023-12-11,39.33,30.86,23.04,32.87,31.61,28.23,,,70.67,,308,5,,-1,
BUY,352,CVNA,2023-12-12,8.16,72682.08,,,296.69,,,,,,,2023-12-11,10.27,7.61,5.74,7.96,7.41,6.51,7.96,7.57,78.82,4.89,189,5,6,-1,0.0
BUY,349,PDD,2023-12-12,143.2,4143.69,,,296.69,,,,,,,2023-12-11,148.32,123.94,89.48,142.98,138.43,117.37,,,65.76,,105,5,,-0.8,
BUY,350,RYTM,2023-12-12,36.7,16166.09,,,296.69,,,,,,,2023-12-11,47.47,33.42,22.8,36.62,35.58,29.11,,,108.24,,105,5,,-0.8,
BUY,348,TWST,2023-12-12,27.77,21367.54,,,296.69,,,,,,,2023-12-11,34.62,24.41,19.15,27.91,25.65,20.26,,,80.8,,28,5,,1.5,
SELL,343,ESTC,2023-12-12,115.85,7114.03,2023-11-28,75.73,269.37,412.08,285414.75,285002.67,52.9,10,rotation (out of top-N),2023-12-11,112.73,92.62,70.91,117.28,105.46,83.11,,,58.99,,196,5,,-0.9,
SELL,346,MPTI,2023-12-12,27.27,15429.54,2023-12-05,36.51,281.67,210.38,-142568.95,-142779.33,-25.35,5,rotation (out of top-N),2023-12-11,27.15,28.14,16.71,27.46,32.39,30.79,,,62.45,,999,5,,-1,
SELL,347,MSTR,2023-12-12,56.19,9935.32,2023-12-05,56.7,281.67,279.13,-5067.01,-5346.14,-0.95,5,rotation (out of top-N),2023-12-11,56.96,49.32,36.7,55.54,55.18,46.92,,,55.21,,308,5,,-0.8,
SELL,344,SYRE,2023-12-12,16.32,38481.8,2023-11-28,14.0,269.37,314.01,89277.78,88963.77,16.51,10,rotation (out of top-N),2023-12-11,15.44,14.39,10.35,18.27,18.3,13.19,,,49.14,,126,5,,-0.5,
SELL,294,VRT,2023-12-12,47.35,11363.79,2023-08-01,25.41,144.38,269.04,249321.59,249052.55,86.25,93,rotation (out of top-N),2023-12-11,47.58,42.75,29.0,47.52,45.08,41.34,47.51,46.29,64.05,2.57,406,5,4.7,-1,1.3
BUY,354,MPTI,2023-12-19,31.37,21072.99,,,330.53,,,,,,,2023-12-18,34.88,29.36,17.33,30.15,29.58,30.96,,,101.22,,999,5,,-1,
BUY,353,XMTR,2023-12-19,30.92,21379.68,,,330.53,,,,,,,2023-12-18,34.54,24.32,18.85,29.72,26.73,20.32,,,83.23,,21,5,,1.7,
SELL,351,BBIO,2023-12-19,38.62,18350.9,2023-12-12,32.34,296.69,354.36,115335.43,114981.08,19.38,5,rotation (out of top-N),2023-12-18,41.11,32.72,23.73,38.39,35.03,29.59,,,73.22,,315,5,,-1,
SELL,349,PDD,2023-12-19,148.0,4143.69,2023-12-12,143.2,296.69,306.62,19869.0,19562.37,3.3,5,rotation (out of top-N),2023-12-18,144.5,127.68,90.79,148.39,144.18,122.73,,,59.16,,112,5,,-0.8,
BUY,357,AMR,2024-01-09,371.0,1930.98,,,358.2,,,,,,,2024-01-08,364.86,315.62,214.64,365.36,349.59,298.48,,,69.98,,196,5,,-1,
BUY,355,CYTK,2024-01-09,105.88,6766.09,,,358.2,,,,,,,2024-01-08,85.61,59.26,38.8,108.03,81.68,45.58,,,120.64,,21,5,,1.7,
BUY,358,PRAX,2024-01-09,31.48,22753.49,,,358.2,,,,,,,2024-01-08,43.61,24.08,18.6,31.45,24.42,18.46,,,134.42,,21,5,,1.7,
BUY,356,SYRE,2024-01-09,24.67,29039.07,,,358.2,,,,,,,2024-01-08,21.43,17.98,11.59,24.64,21.26,16.3,,,84.93,,154,5,,-1,
SELL,340,COIN,2024-01-09,159.72,4807.91,2023-11-21,104.37,250.9,383.96,266117.9,265733.94,52.96,32,rotation (out of top-N),2024-01-08,130.76,136.4,88.88,159.42,160.87,136.97,159.42,151.01,47.13,5.27,301,5,5.4,-0.4,0.0
SELL,352,CVNA,2024-01-09,9.4,72682.08,2023-12-12,8.16,296.69,341.57,89762.37,89420.8,15.07,18,rotation (out of top-N),2024-01-08,8.55,8.74,6.56,9.67,9.89,8.33,9.67,9.28,30.43,4.11,217,5,4.3,0.5,0.3
SELL,350,RYTM,2024-01-09,43.94,16166.09,2023-12-12,36.7,296.69,355.17,116961.69,116606.52,19.65,18,rotation (out of top-N),2024-01-08,40.68,38.5,25.35,44.49,44.08,38.59,,,60.49,,133,5,,-1,
SELL,353,XMTR,2024-01-09,33.04,21379.68,2023-12-19,30.92,330.53,353.19,45324.91,44971.72,6.8,13,rotation (out of top-N),2024-01-08,30.05,28.0,20.24,33.73,33.55,26.42,,,48.46,,42,5,,1.9,
BUY,359,CYTK,2024-01-23,83.3,9016.72,,,375.52,,,,,,,2024-01-22,82.71,66.75,41.06,83.72,84.5,57.97,,,101.41,,35,5,,1.4,
BUY,362,DAVE,2024-01-23,15.39,48801.04,,,375.52,,,,,,,2024-01-22,14.73,9.69,6.62,14.89,11.13,8.25,,,122.61,,49,5,,1.2,
BUY,360,RYTM,2024-01-23,42.2,17799.45,,,375.52,,,,,,,2024-01-22,44.34,39.93,26.48,41.74,41.8,40.86,,,67.47,,147,5,,-1,
BUY,361,SMCI,2024-01-23,43.08,17433.8,,,375.52,,,,,,,2024-01-22,47.4,34.48,26.63,43.63,35.62,30.09,43.64,40.36,78.02,7.52,644,5,6,-1,0.0
SELL,330,AAOI,2024-01-23,17.28,51536.08,2023-10-31,7.1,182.95,445.27,524637.34,524192.07,143.26,56,rotation (out of top-N),2024-01-22,14.99,16.53,10.19,17.08,17.75,18.58,,,47.17,,224,5,,-0.4,
SELL,355,CYTK,2024-01-23,83.3,6766.09,2024-01-09,105.88,358.2,281.79,-152812.18,-153093.97,-21.37,9,ratchet-ATR exit,2024-01-22,82.71,66.75,41.06,83.72,84.5,57.97,,,101.41,,35,5,,1.4,
SELL,354,MPTI,2024-01-23,37.24,21072.99,2023-12-19,31.37,330.53,392.38,123698.43,123306.05,18.65,22,rotation (out of top-N),2024-01-22,33.53,33.64,20.54,39.39,39.24,34.74,,,63.23,,999,5,,-1,
SELL,348,TWST,2024-01-23,35.89,21367.54,2023-12-12,27.77,296.69,383.44,173504.39,173120.95,29.18,27,rotation (out of top-N),2024-01-22,32.26,31.43,22.16,34.76,34.85,31.93,,,45.6,,70,5,,0.6,
BUY,364,AAOI,2024-01-30,17.19,47922.73,,,411.9,,,,,,,2024-01-29,18.84,16.95,10.61,15.96,16.76,18.87,,,77.6,,231,5,,-1,
BUY,363,VRT,2024-01-30,55.91,14734.25,,,411.9,,,,,,,2024-01-29,61.3,50.61,35.71,54.75,52.47,48.53,55.75,54.48,71.68,2.28,455,5,4.5,-1,1.5
SELL,337,AFRM,2024-01-30,43.07,19610.34,2023-11-14,24.89,244.0,422.31,356614.06,356191.75,72.99,51,rotation (out of top-N),2024-01-29,41.0,39.9,24.19,43.78,42.2,43.24,,,69.51,,231,5,,-1,
SELL,360,RYTM,2024-01-30,45.12,17799.45,2024-01-23,42.2,375.52,401.56,52063.4,51661.85,6.88,5,rotation (out of top-N),2024-01-29,44.86,40.83,27.09,45.0,43.54,42.25,,,65.58,,154,5,,-1,
BUY,367,DNTH,2024-02-06,20.9,37775.22,,,394.75,,,,,,,2024-02-05,23.86,15.56,12.31,20.6,18.51,12.75,,,93.86,,14,5,,1.8,
BUY,365,POWL,2024-02-06,41.88,18851.53,,,394.75,,,,,,,2024-02-05,48.49,32.93,25.6,41.98,33.99,29.12,,,89.42,,462,5,,-1,
BUY,366,RYTM,2024-02-06,46.0,17163.09,,,394.75,,,,,,,2024-02-05,51.18,42.71,27.96,46.0,44.76,43.52,,,83.07,,161,5,,-1,
SELL,357,AMR,2024-02-06,376.48,1930.98,2024-01-09,371.0,358.2,363.49,10581.77,10218.29,1.43,19,rotation (out of top-N),2024-02-05,371.15,356.16,238.5,381.55,393.43,357.18,,,55.62,,224,5,,-0.8,
SELL,356,SYRE,2024-02-06,25.25,29039.07,2024-01-09,24.67,358.2,366.62,16842.66,16476.04,2.3,19,rotation (out of top-N),2024-02-05,23.98,22.0,13.72,25.28,25.82,21.72,,,74.81,,182,5,,-1,
SELL,363,VRT,2024-02-06,61.75,14734.25,2024-01-30,55.91,411.9,454.92,86048.01,85593.09,10.39,5,rotation (out of top-N),2024-02-05,63.35,52.93,36.92,61.44,56.95,50.34,61.42,59.63,71.6,2.92,462,5,4.9,-1,1.1
BUY,369,COIN,2024-02-13,138.11,5652.81,,,390.36,,,,,,,2024-02-12,180.23,142.25,98.95,147.34,132.6,143.99,147.34,139.24,82.14,5.5,336,5,6,-1,0.0
BUY,368,MPTI,2024-02-13,36.64,21307.59,,,390.36,,,,,,,2024-02-12,43.66,36.0,22.75,37.94,35.51,35.43,,,91.94,,999,5,,-1,
SELL,359,CYTK,2024-02-13,76.91,9016.72,2024-01-23,83.3,375.52,346.72,-57616.86,-57963.58,-7.72,15,rotation (out of top-N),2024-02-12,76.9,71.96,44.1,79.3,79.5,75.53,,,74.38,,56,5,,1.1,
SELL,366,RYTM,2024-02-13,50.59,17163.09,2024-02-06,46.0,394.75,434.18,78864.39,78430.21,9.93,5,rotation (out of top-N),2024-02-12,49.13,43.88,28.77,52.48,48.01,44.85,,,70.75,,168,5,,-1,
BUY,373,ACMR,2024-02-27,22.0,39780.82,,,437.69,,,,,,,2024-02-26,33.92,21.61,16.56,21.56,19.74,19.03,,,104.84,,259,5,,-1,
BUY,374,CVNA,2024-02-27,14.56,60122.04,,,437.69,,,,,,,2024-02-26,16.6,11.32,8.17,13.97,11.51,9.73,13.97,12.53,103.25,10.29,266,5,6,-1,0.0
BUY,371,MSTR,2024-02-27,86.85,10079.18,,,437.69,,,,,,,2024-02-26,107.84,68.05,46.0,79.72,69.7,58.39,,,134.41,,385,5,,-1,
BUY,372,ROOT,2024-02-27,21.35,41001.26,,,437.69,,,,,,,2024-02-26,39.11,15.69,10.48,22.92,12.99,9.73,,,273.09,,7,5,,1.9,
BUY,370,SYRE,2024-02-27,24.07,36375.52,,,437.69,,,,,,,2024-02-26,29.95,23.8,15.21,23.98,22.8,23.63,,,96.86,,203,5,,-1,
SELL,364,AAOI,2024-02-27,15.14,47922.73,2024-01-30,17.19,411.9,362.89,-98001.99,-98364.88,-11.94,19,rotation (out of top-N),2024-02-26,15.4,17.09,12.21,14.7,18.16,18.46,,,26.16,,259,5,,0.7,
SELL,369,COIN,2024-02-27,205.37,5652.81,2024-02-13,138.11,390.36,580.46,380208.29,379627.83,48.63,9,rotation (out of top-N),2024-02-26,205.85,157.34,105.4,193.96,166.17,144.86,193.96,184.73,95.3,4.76,350,5,6,-1,0.0
SELL,316,DBD,2024-02-27,34.54,19748.78,2023-10-10,18.28,180.5,341.06,321115.18,320774.11,88.86,95,rotation (out of top-N),2024-02-26,32.97,31.18,18.72,34.23,33.59,30.8,,,76.14,,245,5,,-1,
SELL,367,DNTH,2024-02-27,26.53,37775.22,2024-02-06,20.9,394.75,501.09,212674.47,212173.38,26.87,14,rotation (out of top-N),2024-02-26,25.73,19.76,13.4,25.48,23.87,17.99,,,92.09,,35,5,,1.4,
SELL,368,MPTI,2024-02-27,37.99,21307.59,2024-02-13,36.64,390.36,404.74,28765.25,28360.51,3.63,9,rotation (out of top-N),2024-02-26,38.56,36.63,24.11,37.23,37.6,36.82,,,59.9,,999,5,,-1.0,
BUY,377,COIN,2024-03-05,230.25,4979.52,,,573.27,,,,,,,2024-03-04,256.62,175.39,110.21,229.01,194.18,150.2,229.01,216.74,132.85,5.36,357,5,6,-1,0.0
BUY,376,KYMR,2024-03-05,42.22,27156.17,,,573.27,,,,,,,2024-03-04,43.5,36.22,23.62,42.6,41.63,34.27,,,84.13,,63,5,,-0.0,
BUY,375,WGS,2024-03-05,8.8,130213.91,,,573.27,,,,,,,2024-03-04,8.37,5.7,4.39,8.94,7.62,4.78,,,90.76,,14,5,,1.8,
SELL,373,ACMR,2024-03-05,30.83,39780.82,2024-02-27,22.0,437.69,613.22,351065.71,350452.49,40.03,5,rotation (out of top-N),2024-03-04,30.13,23.16,17.07,31.93,26.7,20.44,,,76.55,,266,5,,-1,
SELL,305,ANF,2024-03-05,135.73,8023.08,2023-09-12,53.21,213.45,544.49,662064.85,661520.37,154.96,120,rotation (out of top-N),2024-03-04,118.66,111.19,69.29,137.27,126.46,109.74,,,71.24,,427,5,,-1,
SELL,365,POWL,2024-03-05,59.7,18851.53,2024-02-06,41.88,394.75,562.72,335934.25,335371.53,42.48,19,rotation (out of top-N),2024-03-04,49.82,44.2,29.02,61.18,56.34,39.92,,,71.7,,490,5,,-1,
BUY,378,DNTH,2024-03-12,25.54,45365.58,,,579.32,,,,,,,2024-03-11,28.2,22.11,14.16,25.01,24.96,21.21,,,99.09,,49,5,,1.2,
SELL,376,KYMR,2024-03-12,42.65,27156.17,2024-03-05,42.22,573.27,579.04,11541.37,10962.33,0.96,5,rotation (out of top-N),2024-03-11,40.6,37.02,24.07,42.31,42.2,36.1,,,68.69,,70,5,,-0.2,
BUY,379,BMA,2024-03-19,38.8,24302.86,,,471.48,,,,,,,2024-03-18,43.99,32.72,22.51,38.86,35.32,30.05,,,95.42,,455,5,,-1,
SELL,374,CVNA,2024-03-19,15.69,60122.04,2024-02-27,14.56,437.69,471.66,67937.9,67466.25,7.71,15,rotation (out of top-N),2024-03-18,17.19,13.77,9.12,16.17,15.64,12.17,16.17,15.41,88.46,4.67,287,5,6,-1,0.0
BUY,380,CVNA,2024-03-26,18.16,59519.14,,,540.43,,,,,,,2024-03-25,17.58,14.46,9.45,17.69,16.65,13.21,17.69,17.02,85.96,3.78,294,5,5.5,-1,0.5
SELL,379,BMA,2024-03-26,44.5,24302.86,2024-03-19,38.8,471.48,540.74,138526.31,137985.57,14.63,5,rotation (out of top-N),2024-03-25,40.93,34.21,23.05,44.38,40.03,31.97,,,77.55,,462,5,,-1,
BUY,381,BMA,2024-04-02,41.23,29219.22,,,602.35,,,,,,,2024-04-01,43.44,35.89,23.64,41.86,41.31,33.39,,,83.77,,469,5,,-1,
BUY,382,NKTR,2024-04-02,13.6,88581.51,,,602.35,,,,,,,2024-04-01,19.8,13.2,9.45,13.8,13.45,11.86,,,109.46,,49,5,,1.2,
BUY,383,VST,2024-04-02,68.81,17507.75,,,602.35,,,,,,,2024-04-01,74.34,58.99,38.65,70.58,66.81,54.52,70.48,68.82,92.32,2.35,385,5,4.6,-1,1.4
SELL,380,CVNA,2024-04-02,16.73,59519.14,2024-03-26,18.16,540.43,497.88,-85112.37,-85610.25,-7.92,4,rotation (out of top-N),2024-04-01,16.77,14.88,9.74,17.36,17.24,14.12,17.36,16.86,72.11,2.9,301,5,4.9,-1,1.1
SELL,378,DNTH,2024-04-02,28.85,45365.58,2024-03-12,25.54,579.32,654.4,150160.07,149505.67,12.9,14,rotation (out of top-N),2024-04-01,25.05,25.0,15.5,29.64,29.4,25.7,,,61.56,,70,5,,-0.2,
SELL,358,PRAX,2024-04-02,57.69,22753.49,2024-01-09,31.48,358.2,656.32,596255.33,595599.01,83.14,57,rotation (out of top-N),2024-04-01,50.41,49.02,28.15,58.43,56.98,49.7,,,79.09,,105,5,,-0.8,
BUY,385,PRAX,2024-04-09,52.78,27508.44,,,725.95,,,,,,,2024-04-08,54.69,50.05,29.06,53.74,54.3,50.87,,,88.18,,112,5,,-0.9,
BUY,384,SMCI,2024-04-09,92.3,15730.18,,,725.95,,,,,,,2024-04-08,89.82,87.86,45.94,92.9,98.28,96.59,92.9,89.0,95.51,4.2,721,5,5.8,-1,0.2
SELL,361,SMCI,2024-04-09,92.3,17433.8,2024-01-23,43.08,375.52,804.57,858091.47,857286.9,114.15,53,ratchet-ATR exit,2024-04-08,89.82,87.86,45.94,92.9,98.28,96.59,92.9,89.0,95.51,4.2,721,5,5.8,-1,0.2
SELL,383,VST,2024-04-09,74.01,17507.75,2024-04-02,68.81,602.35,647.87,91040.32,90392.44,7.5,5,rotation (out of top-N),2024-04-08,68.78,60.77,39.72,73.44,70.34,58.17,73.34,71.28,73.14,2.81,392,5,4.9,-1,1.1
BUY,390,DAVE,2024-04-16,35.09,45920.62,,,805.56,,,,,,,2024-04-15,33.33,31.62,14.22,35.15,36.32,32.95,,,134.34,,133,5,,-1,
BUY,387,MSTR,2024-04-16,130.56,12340.11,,,805.56,,,,,,,2024-04-15,117.2,126.63,66.36,133.3,150.76,136.41,,,76.6,,434,5,,-1,
BUY,386,ORKA,2024-04-16,20.59,78247.93,,,805.56,,,,,,,2024-04-15,21.78,15.47,12.59,20.65,18.95,12.97,,,73.04,,14,5,,1.8,
BUY,388,ROOT,2024-04-16,61.52,26186.51,,,805.56,,,,,,,2024-04-15,51.8,49.81,19.45,63.63,68.37,48.08,,,166.37,,56,5,,1.1,
BUY,389,VST,2024-04-16,67.0,24046.64,,,805.56,,,,,,,2024-04-15,64.79,61.5,40.7,67.3,69.45,61.4,67.21,65.11,59.17,3.13,399,5,5.0,-1.0,0.9
SELL,377,COIN,2024-04-16,220.06,4979.52,2024-03-05,230.25,573.27,547.9,-50741.26,-51289.16,-4.47,29,rotation (out of top-N),2024-04-15,210.89,220.21,136.07,223.38,246.32,232.83,223.38,212.08,54.99,5.06,399,5,5.7,-0.7,0.0
SELL,362,DAVE,2024-04-16,35.09,48801.04,2024-01-23,15.39,375.52,856.09,961136.42,960280.33,127.86,58,ratchet-ATR exit,2024-04-15,33.33,31.62,14.22,35.15,36.32,32.95,,,134.34,,133,5,,-1,
SELL,371,MSTR,2024-04-16,130.56,10079.18,2024-02-27,86.85,437.69,657.97,440561.01,439903.04,50.25,34,ratchet-ATR exit,2024-04-15,117.2,126.63,66.36,133.3,150.76,136.41,,,76.6,,434,5,,-1,
SELL,372,ROOT,2024-04-16,61.52,41001.26,2024-02-27,21.35,437.69,1261.3,1647225.59,1645964.29,188.03,34,ratchet-ATR exit,2024-04-15,51.8,49.81,19.45,63.63,68.37,48.08,,,166.37,,56,5,,1.1,
SELL,384,SMCI,2024-04-16,90.0,15730.18,2024-04-09,92.3,725.95,707.86,-36179.41,-36887.27,-2.54,5,rotation (out of top-N),2024-04-15,71.4,84.86,46.99,88.3,93.26,97.44,88.3,85.47,51.95,3.21,728,5,4.7,-0.6,0.9
BUY,391,SMCI,2024-04-23,72.71,19500.97,,,708.96,,,,,,,2024-04-22,85.79,85.03,48.38,71.66,86.65,97.78,71.66,65.62,77.34,8.43,735,5,6,-1,0.0
BUY,392,TPC,2024-04-23,13.71,103421.99,,,708.96,,,,,,,2024-04-22,17.75,13.69,9.58,13.5,13.75,13.13,,,85.35,,273,5,,-1,
BUY,393,VRT,2024-04-23,76.71,18484.1,,,708.96,,,,,,,2024-04-22,93.27,77.78,51.95,75.86,79.89,76.98,75.84,72.23,79.54,4.77,539,5,6,-1,0.0
SELL,381,BMA,2024-04-23,46.75,29219.22,2024-04-02,41.23,602.35,683.0,161290.1,160607.1,13.33,15,rotation (out of top-N),2024-04-22,43.69,39.23,25.42,45.1,42.51,39.08,,,71.89,,490,5,,-1,
SELL,370,SYRE,2024-04-23,35.32,36375.52,2024-02-27,24.07,437.69,642.39,409406.48,408764.08,46.7,39,rotation (out of top-N),2024-04-22,33.52,33.84,20.96,33.23,35.31,36.62,,,59.92,,259,5,,-1.0,
SELL,389,VST,2024-04-23,66.67,24046.64,2024-04-16,67.0,805.56,801.59,-7935.39,-8736.99,-0.54,5,rotation (out of top-N),2024-04-22,71.76,63.37,41.81,65.81,67.15,63.9,65.72,63.33,71.63,3.64,406,5,5.4,-1,0.6
BUY,394,BMA,2024-04-30,45.58,35893.18,,,818.01,,,,,,,2024-04-29,51.25,41.41,26.2,45.24,43.14,40.47,,,95.59,,497,5,,-1,
BUY,398,CVNA,2024-04-30,16.39,99817.64,,,818.01,,,,,,,2024-04-29,24.34,16.84,10.72,16.76,15.6,16.05,16.76,16.18,127.01,3.44,329,5,5.3,-1,0.7
BUY,395,IESC,2024-04-30,134.98,12120.4,,,818.01,,,,,,,2024-04-29,161.54,124.4,87.04,134.86,126.48,117.96,,,85.59,,497,5,,-1,
BUY,396,PI,2024-04-30,155.9,10493.98,,,818.01,,,,,,,2024-04-29,161.37,129.32,88.87,157.35,136.31,123.74,,,81.58,,112,5,,-0.9,
BUY,397,VST,2024-04-30,76.84,21291.14,,,818.01,,,,,,,2024-04-29,80.33,66.45,43.14,76.96,70.42,66.39,76.85,75.06,86.19,2.33,413,5,4.6,-1,1.4
SELL,387,MSTR,2024-04-30,117.91,12340.11,2024-04-16,130.56,805.56,727.51,-156102.41,-156829.92,-9.73,10,rotation (out of top-N),2024-04-29,121.98,126.01,70.44,129.02,130.08,147.31,,,73.16,,448,5,,-1,
SELL,386,ORKA,2024-04-30,21.56,78247.93,2024-04-16,20.59,805.56,843.51,75900.5,75056.98,4.66,10,rotation (out of top-N),2024-04-29,21.04,17.6,13.02,22.27,22.2,15.94,,,61.56,,28,5,,1.5,
SELL,385,PRAX,2024-04-30,58.18,27508.44,2024-04-09,52.78,725.95,800.22,148545.59,147745.37,10.18,15,rotation (out of top-N),2024-04-29,54.73,51.24,31.77,56.94,52.4,53.74,,,72.27,,133,5,,-1,
SELL,391,SMCI,2024-04-30,87.65,19500.97,2024-04-23,72.71,708.96,854.63,291344.48,290489.85,20.49,5,rotation (out of top-N),2024-04-29,78.3,83.81,49.5,89.05,84.05,97.13,89.05,85.68,58.19,3.79,742,5,5.4,-0.9,0.5
SELL,393,VRT,2024-04-30,93.83,18484.1,2024-04-23,76.71,708.96,867.18,316447.83,315580.65,22.26,5,rotation (out of top-N),2024-04-29,92.78,80.51,53.62,94.58,86.16,79.61,94.56,91.63,73.03,3.1,546,5,5.1,-1,0.9
BUY,399,BLBD,2024-05-07,36.88,46303.64,,,853.72,,,,,,,2024-05-06,48.75,36.86,26.61,36.63,34.79,35.21,,,83.23,,140,5,,-1,
SELL,396,PI,2024-05-07,162.48,10493.98,2024-04-30,155.9,818.01,852.53,69050.37,68197.84,4.17,5,rotation (out of top-N),2024-05-06,160.19,134.94,91.35,163.32,151.46,129.52,,,75.36,,119,5,,-1.0,
BUY,400,MSTR,2024-05-14,123.9,15789.67,,,978.17,,,,,,,2024-05-13,158.25,130.78,75.46,124.49,122.77,140.43,,,109.7,,462,5,,-1,
SELL,395,IESC,2024-05-14,161.5,12120.4,2024-04-30,134.98,818.01,978.72,321432.9,320454.18,19.59,10,rotation (out of top-N),2024-05-13,159.15,139.31,92.16,163.29,161.82,131.01,,,72.69,,511,5,,-1,
BUY,401,VRT,2024-05-21,96.47,21103.76,,,1017.94,,,,,,,2024-05-20,105.93,89.31,58.49,99.07,97.04,87.82,99.05,96.83,81.09,2.24,567,5,4.5,-1,1.5
SELL,394,BMA,2024-05-21,56.75,35893.18,2024-04-30,45.58,818.01,1018.47,400926.8,399908.33,24.44,15,rotation (out of top-N),2024-05-20,49.63,46.4,28.69,56.3,54.06,46.52,,,72.98,,518,5,,-1,
BUY,402,ANF,2024-06-04,171.04,10360.5,,,886.06,,,,,,,2024-06-03,175.34,144.2,100.04,174.87,162.26,131.83,,,75.26,,518,5,,-1,
BUY,403,ASTS,2024-06-04,8.32,212994.24,,,886.06,,,,,,,2024-06-03,8.62,4.97,3.92,8.39,6.59,3.35,,,120.0,,7,5,,1.9,
BUY,407,DAVE,2024-06-04,36.47,48590.95,,,886.06,,,,,,,2024-06-03,38.01,40.88,20.89,37.97,44.08,43.14,,,81.96,,182,5,,-1,
BUY,404,INSM,2024-06-04,56.36,31442.73,,,886.06,,,,,,,2024-06-03,56.84,35.43,28.0,56.01,43.46,29.15,,,103.01,,7,5,,1.9,
BUY,405,NVDA,2024-06-04,115.64,15324.39,,,886.06,,,,,,,2024-06-03,120.77,98.41,67.05,114.93,106.88,91.81,114.8,111.28,80.12,3.07,504,5,5.0,-1,1.0
BUY,406,ROOT,2024-06-04,48.35,36651.75,,,886.06,,,,,,,2024-06-03,49.48,54.61,27.79,47.99,54.61,61.47,,,78.03,,105,5,,-0.8,
SELL,398,CVNA,2024-06-04,19.73,99817.64,2024-04-30,16.39,818.01,984.7,333390.9,332406.2,20.32,24,rotation (out of top-N),2024-06-03,21.32,19.93,12.38,19.79,21.19,19.48,19.79,19.09,72.16,3.54,364,5,5.4,-1,0.6
SELL,390,DAVE,2024-06-04,36.47,45920.62,2024-04-16,35.09,805.56,837.36,63600.06,62762.7,3.9,34,ratchet-ATR exit,2024-06-03,38.01,40.88,20.89,37.97,44.08,43.14,,,81.96,,182,5,,-1,
SELL,382,NKTR,2024-06-04,20.48,88581.51,2024-04-02,13.6,602.35,907.07,609440.76,608533.68,50.51,44,rotation (out of top-N),2024-06-03,18.9,20.63,12.39,21.08,22.25,22.9,,,52.5,,112,5,,-0.5,
SELL,388,ROOT,2024-06-04,48.35,26186.51,2024-04-16,61.52,805.56,633.06,-345007.25,-345640.31,-21.45,34,ratchet-ATR exit,2024-06-03,49.48,54.61,27.79,47.99,54.61,61.47,,,78.03,,105,5,,-0.8,
SELL,401,VRT,2024-06-04,93.68,21103.76,2024-05-21,96.47,1017.94,988.5,-58879.49,-59867.99,-2.94,9,rotation (out of top-N),2024-06-03,87.49,90.25,61.2,95.85,99.78,92.11,95.83,91.02,42.96,5.02,581,5,5.1,-0.1,0.0
SELL,397,VST,2024-06-04,91.16,21291.14,2024-04-30,76.84,818.01,970.45,304889.1,303918.65,18.58,24,rotation (out of top-N),2024-06-03,83.9,83.19,51.18,91.97,96.75,82.1,91.84,86.67,63.93,5.63,448,5,6,-1,0.0
BUY,408,BMA,2024-06-11,49.65,41558.59,,,1031.69,,,,,,,2024-06-10,54.22,49.37,31.16,50.65,51.54,49.71,,,73.98,,539,5,,-1,
BUY,409,INOD,2024-06-11,15.01,137467.3,,,1031.69,,,,,,,2024-06-10,15.17,11.47,8.55,15.88,14.25,9.96,,,77.47,,21,5,,1.7,
BUY,410,TPC,2024-06-11,19.59,105328.44,,,1031.69,,,,,,,2024-06-10,20.66,18.73,11.61,19.62,20.6,18.28,,,78.03,,322,5,,-1,
SELL,400,MSTR,2024-06-11,153.52,15789.67,2024-05-14,123.9,978.17,1212.02,467690.17,466478.15,23.84,19,rotation (out of top-N),2024-06-10,149.32,144.86,87.78,159.98,160.83,140.05,,,70.1,,490,5,,-1,
SELL,406,ROOT,2024-06-11,47.5,36651.75,2024-06-04,48.35,886.06,870.48,-31153.99,-32024.47,-1.81,5,rotation (out of top-N),2024-06-10,42.47,52.4,28.57,48.65,51.42,58.49,,,48.65,,112,5,,-0.3,
SELL,392,TPC,2024-06-11,19.59,103421.99,2024-04-23,13.71,708.96,1013.02,608121.3,607108.28,42.82,34,ratchet-ATR exit,2024-06-10,20.66,18.73,11.61,19.62,20.6,18.28,,,78.03,,322,5,,-1,
BUY,412,CVNA,2024-06-18,21.59,100429.55,,,1084.14,,,,,,,2024-06-17,22.59,20.51,12.97,21.79,21.28,20.99,21.79,21.1,74.21,3.19,378,5,5.1,-1,0.9
BUY,411,FTAI,2024-06-18,87.85,24681.55,,,1084.14,,,,,,,2024-06-17,91.17,79.31,55.38,87.84,83.48,77.93,,,64.64,,546,5,,-1,
SELL,408,BMA,2024-06-18,55.29,41558.59,2024-06-11,49.65,1031.69,1148.89,234390.47,233241.58,11.3,5,rotation (out of top-N),2024-06-17,50.37,49.55,31.94,54.26,52.37,51.1,,,57.68,,546,5,,-0.9,
SELL,409,INOD,2024-06-18,14.84,137467.3,2024-06-11,15.01,1031.69,1020.01,-23369.44,-24389.45,-1.18,5,rotation (out of top-N),2024-06-17,13.38,11.82,8.68,15.1,15.0,11.16,,,54.06,,28,5,,1.8,
BUY,415,INOD,2024-06-25,13.69,144728.07,,,990.3,,,,,,,2024-06-24,14.83,12.36,8.86,13.6,14.21,11.93,,,67.32,,35,5,,1.4,
BUY,413,NVDA,2024-06-25,121.14,16349.71,,,990.3,,,,,,,2024-06-24,123.37,111.25,73.33,118.02,125.26,106.1,116.53,112.26,68.24,3.67,525,5,5.4,-1,0.6
BUY,414,ROOT,2024-06-25,44.65,44358.42,,,990.3,,,,,,,2024-06-24,51.63,51.15,30.47,43.99,45.36,55.54,,,69.47,,126,5,,-1,
BUY,416,TMDX,2024-06-25,141.25,14022.47,,,990.3,,,,,,,2024-06-24,150.48,131.27,87.64,140.46,141.2,132.97,,,71.7,,182,5,,-1,
SELL,402,ANF,2024-06-25,170.75,10360.5,2024-06-04,171.04,886.06,884.5,-3108.15,-3992.65,-0.23,14,rotation (out of top-N),2024-06-24,177.8,159.89,109.59,170.0,178.24,154.84,,,62.24,,539,5,,-1,
SELL,399,BLBD,2024-06-25,53.94,46303.64,2024-05-07,36.88,853.72,1248.81,790171.65,788922.84,46.2,33,rotation (out of top-N),2024-06-24,53.83,50.41,32.54,52.86,55.13,50.06,,,65.42,,189,5,,-1,
SELL,407,DAVE,2024-06-25,37.15,48590.95,2024-06-04,36.47,886.06,902.58,33041.85,32139.27,1.81,14,rotation (out of top-N),2024-06-24,30.2,38.29,23.08,37.7,38.25,43.28,,,30.87,,203,5,,0.5,
SELL,405,NVDA,2024-06-25,121.14,15324.39,2024-06-04,115.64,886.06,928.2,84284.13,83355.93,4.7,14,ratchet-ATR exit,2024-06-24,123.37,111.25,73.33,118.02,125.26,106.1,116.53,112.26,68.24,3.67,525,5,5.4,-1,0.6
BUY,417,HUT,2024-07-02,15.21,149311.54,,,1135.51,,,,,,,2024-07-01,16.48,11.84,9.92,15.22,13.85,10.39,,,66.02,,14,5,,1.8,
SELL,415,INOD,2024-07-02,15.68,144728.07,2024-06-25,13.69,990.3,1134.67,288732.5,287597.83,14.52,5,rotation (out of top-N),2024-07-01,14.91,12.83,9.02,15.43,14.53,12.99,,,65.25,,42,5,,1.3,
BUY,418,INOD,2024-07-09,17.34,134346.42,,,1165.12,,,,,,,2024-07-08,16.95,13.58,9.23,16.85,15.12,13.77,,,83.57,,49,5,,1.2,
BUY,419,LNTH,2024-07-09,78.61,29643.03,,,1165.12,,,,,,,2024-07-08,123.4,85.41,68.61,78.81,79.55,80.07,,,79.86,,63,5,,-0.0,
SELL,411,FTAI,2024-07-09,103.46,24681.55,2024-06-18,87.85,1084.14,1276.78,385278.95,384002.17,17.71,13,rotation (out of top-N),2024-07-08,95.89,88.67,60.39,104.61,100.82,86.45,,,58.79,,567,5,,-0.9,
SELL,416,TMDX,2024-07-09,150.5,14022.47,2024-06-25,141.25,990.3,1055.23,129848.06,128792.84,6.5,9,rotation (out of top-N),2024-07-08,142.07,136.37,92.34,149.14,148.17,140.44,,,53.86,,196,5,,-0.7,
BUY,420,MSTR,2024-07-16,161.1,13027.42,,,1049.36,,,,,,,2024-07-15,177.89,147.63,101.96,161.01,140.21,150.6,,,74.47,,525,5,,-1,
SELL,413,NVDA,2024-07-16,128.35,16349.71,2024-06-25,121.14,990.3,1049.24,117881.4,116832.15,5.9,14,rotation (out of top-N),2024-07-15,117.95,116.94,79.29,128.36,128.32,119.42,128.21,124.58,48.75,2.83,546,5,4.3,-0.4,1.1
BUY,421,CRS,2024-07-23,119.06,24429.84,,,1454.31,,,,,,,2024-07-22,139.77,111.19,81.22,119.64,114.96,107.07,,,72.09,,630,5,,-1,
BUY,423,FTAI,2024-07-23,104.33,27879.0,,,1454.31,,,,,,,2024-07-22,110.63,94.39,64.03,103.38,100.83,91.9,,,72.77,,581,5,,-1,
BUY,422,INOD,2024-07-23,17.52,166016.91,,,1454.31,,,,,,,2024-07-22,19.71,15.3,9.82,17.68,18.0,15.39,,,100.63,,63,5,,-0.0,
SELL,417,HUT,2024-07-23,19.88,149311.54,2024-07-02,15.21,1135.51,1484.16,697284.91,695800.75,30.64,14,rotation (out of top-N),2024-07-22,15.14,14.2,10.51,20.25,18.48,13.53,,,44.04,,35,5,,2.2,
SELL,418,INOD,2024-07-23,17.52,134346.42,2024-07-09,17.34,1165.12,1176.87,23510.62,22333.75,0.96,10,ratchet-ATR exit,2024-07-22,19.71,15.3,9.82,17.68,18.0,15.39,,,100.63,,63,5,,-0.0,
SELL,419,LNTH,2024-07-23,115.08,29643.03,2024-07-09,78.61,1165.12,1705.73,1081229.53,1079523.8,46.33,10,rotation (out of top-N),2024-07-22,112.71,95.04,70.92,114.6,111.38,88.75,,,58.93,,77,5,,-0.2,
BUY,427,ALNY,2024-07-30,236.31,11563.39,,,1366.3,,,,,,,2024-07-29,271.87,222.39,175.6,236.62,238.68,211.04,,,54.82,,35,5,,1.7,
BUY,425,HWKN,2024-07-30,105.72,25847.55,,,1366.3,,,,,,,2024-07-29,119.9,97.79,75.88,105.31,103.45,92.85,,,58.01,,644,5,,-0.9,
BUY,426,SFM,2024-07-30,102.15,26750.89,,,1366.3,,,,,,,2024-07-29,97.62,83.51,63.23,84.59,83.85,80.8,,,54.41,,630,5,,-0.7,
BUY,424,WLFC,2024-07-30,28.46,96015.57,,,1366.3,,,,,,,2024-07-29,31.67,24.56,17.98,28.46,26.4,22.59,,,76.16,,217,5,,-1,
SELL,423,FTAI,2024-07-30,111.49,27879.0,2024-07-23,104.33,1454.31,1554.11,199613.66,198059.54,6.81,5,rotation (out of top-N),2024-07-29,100.21,95.45,65.67,110.61,105.46,95.28,,,52.61,,588,5,,-0.6,
SELL,420,MSTR,2024-07-30,168.57,13027.42,2024-07-16,161.1,1049.36,1098.02,97314.83,96216.81,4.58,10,rotation (out of top-N),2024-07-29,144.67,151.18,108.07,168.92,165.26,152.38,,,33.87,,539,5,,0.3,
SELL,414,ROOT,2024-07-30,66.95,44358.42,2024-06-25,44.65,990.3,1485.01,989414.65,987929.65,49.88,24,rotation (out of top-N),2024-07-29,56.37,59.95,37.46,66.95,69.9,57.34,,,50.46,,161,5,,-0.5,
SELL,410,TPC,2024-07-30,25.28,105328.44,2024-06-11,19.59,1031.69,1331.35,599318.84,597987.49,28.98,33,rotation (out of top-N),2024-07-29,17.34,21.21,14.18,24.95,24.72,22.24,,,22.3,,371,4.46,,0.9,
BUY,430,CVLT,2024-08-06,137.12,21244.04,,,1456.54,,,,,,,2024-08-05,151.42,127.08,99.39,135.12,135.54,123.71,,,52.36,,455,5,,-0.6,
BUY,432,FTAI,2024-08-06,95.91,30373.15,,,1456.54,,,,,,,2024-08-05,102.73,96.77,67.28,95.36,103.64,98.23,,,52.69,,595,5,,-0.6,
BUY,429,INSM,2024-08-06,71.84,40549.67,,,1456.54,,,,,,,2024-08-05,73.98,66.53,38.36,71.21,73.38,69.9,,,92.85,,70,5,,-0.2,
BUY,431,TMDX,2024-08-06,151.02,19289.42,,,1456.54,,,,,,,2024-08-05,162.72,144.79,103.24,148.52,146.5,145.48,,,57.63,,224,5,,-0.9,
BUY,428,WGS,2024-08-06,28.94,100659.59,,,1456.54,,,,,,,2024-08-05,32.72,28.91,13.42,28.15,31.27,29.81,,,143.78,,168,5,,-1,
SELL,427,ALNY,2024-08-06,262.11,11563.39,2024-07-30,236.31,1366.3,1515.44,298277.7,296762.26,10.86,5,rotation (out of top-N),2024-08-05,269.83,231.01,178.16,265.12,251.59,224.22,,,51.45,,42,5,,1.7,
SELL,425,HWKN,2024-08-06,114.31,25847.55,2024-07-30,105.72,1366.3,1477.32,222030.46,220553.14,8.07,5,rotation (out of top-N),2024-08-05,115.63,101.03,77.28,113.46,109.53,96.01,,,49.62,,651,5,,-0.5,
SELL,404,INSM,2024-08-06,71.84,31442.73,2024-06-04,56.36,886.06,1129.42,486733.41,485603.99,27.4,43,ratchet-ATR exit,2024-08-05,73.98,66.53,38.36,71.21,73.38,69.9,,,92.85,,70,5,,-0.2,
SELL,426,SFM,2024-08-06,95.77,26750.89,2024-07-30,102.15,1366.3,1280.9,-170804.41,-172085.31,-6.3,5,rotation (out of top-N),2024-08-05,96.26,85.82,64.59,94.99,92.56,83.2,,,49.03,,637,5,,-0.5,
SELL,375,WGS,2024-08-06,28.94,130213.91,2024-03-05,8.8,573.27,1884.2,2621857.1,2619972.91,228.51,106,ratchet-ATR exit,2024-08-05,32.72,28.91,13.42,28.15,31.27,29.81,,,143.78,,168,5,,-1,
BUY,434,STRT,2024-08-13,35.43,85977.58,,,1523.09,,,,,,,2024-08-12,39.54,28.36,24.91,34.21,26.52,25.03,,,58.74,,91,5,,-0.5,
BUY,433,WLFC,2024-08-13,30.24,100733.66,,,1523.09,,,,,,,2024-08-12,32.81,26.83,18.83,30.24,29.82,25.01,,,74.25,,231,5,,-1,
SELL,430,CVLT,2024-08-13,150.05,21244.04,2024-08-06,137.12,1456.54,1593.83,274579.18,272985.35,9.37,5,rotation (out of top-N),2024-08-12,150.31,131.3,101.39,149.03,143.05,127.68,,,48.26,,462,5,,-0.4,
SELL,424,WLFC,2024-08-13,30.24,96015.57,2024-07-30,28.46,1366.3,1451.76,170907.71,169455.95,6.2,10,ratchet-ATR exit,2024-08-12,32.81,26.83,18.83,30.24,29.82,25.01,,,74.25,,231,5,,-1,
BUY,436,CAVA,2024-08-20,100.28,33054.38,,,1657.35,,,,,,,2024-08-19,121.95,93.46,67.22,100.18,93.18,87.61,,,81.41,,999,5,,-1,
BUY,435,ORKA,2024-08-20,23.36,141896.1,,,1657.35,,,,,,,2024-08-19,26.91,21.48,16.57,23.1,19.42,20.87,,,62.37,,140,5,,-1,
SELL,434,STRT,2024-08-20,39.74,85977.58,2024-08-13,35.43,1523.09,1708.37,370563.39,368855.01,12.11,5,rotation (out of top-N),2024-08-19,39.0,30.29,25.3,39.74,34.7,26.86,,,54.14,,98,5,,-0.3,
SELL,431,TMDX,2024-08-20,166.74,19289.42,2024-08-06,151.02,1456.54,1608.11,303133.28,301525.17,10.35,10,rotation (out of top-N),2024-08-19,175.57,154.18,108.73,166.94,162.42,150.51,,,61.48,,238,5,,-1,
BUY,440,APP,2024-09-10,88.03,39201.78,,,1725.56,,,,,,,2024-09-09,112.59,89.03,69.71,86.28,87.52,82.2,86.28,83.21,61.5,3.56,490,5,5.4,-1,0.6
BUY,442,ASTS,2024-09-10,26.43,130551.49,,,1725.56,,,,,,,2024-09-09,29.83,23.9,9.43,25.95,28.8,23.32,,,216.23,,105,5,,-0.8,
BUY,444,FTAI,2024-09-10,112.21,30755.98,,,1725.56,,,,,,,2024-09-09,123.33,110.8,76.95,111.23,115.63,108.99,,,60.26,,630,5,,-1,
BUY,443,INSM,2024-09-10,71.39,48338.52,,,1725.56,,,,,,,2024-09-09,74.61,71.89,44.62,71.8,74.0,74.9,,,67.22,,105,5,,-0.8,
BUY,439,NUTX,2024-09-10,20.85,165521.75,,,1725.56,,,,,,,2024-09-09,24.98,16.15,14.44,20.85,21.13,13.35,,,73.0,,0,5,,2.0,
BUY,441,PCVX,2024-09-10,115.86,29785.77,,,1725.56,,,,,,,2024-09-09,116.01,90.08,72.86,114.97,99.97,83.38,,,59.23,,791,5,,-1.0,
BUY,438,TVTX,2024-09-10,13.1,263444.93,,,1725.56,,,,,,,2024-09-09,13.48,9.97,8.2,12.85,10.29,9.4,,,64.46,,63,5,,-0.0,
BUY,437,WLFC,2024-09-10,34.18,100969.24,,,1725.56,,,,,,,2024-09-09,36.9,31.41,20.86,32.62,33.79,30.85,,,76.94,,259,5,,-1,
SELL,403,ASTS,2024-09-10,26.43,212994.24,2024-06-04,8.32,886.06,2815.25,3858390.65,3855575.4,217.57,67,ratchet-ATR exit,2024-09-09,29.83,23.9,9.43,25.95,28.8,23.32,,,216.23,,105,5,,-0.8,
SELL,421,CRS,2024-09-10,135.93,24429.84,2024-07-23,119.06,1454.31,1660.37,412131.34,410470.96,14.11,34,rotation (out of top-N),2024-09-09,141.38,132.76,94.04,136.66,137.2,135.32,,,50.34,,679,5,,-0.5,
SELL,412,CVNA,2024-09-10,26.89,100429.55,2024-06-18,21.59,1084.14,1350.28,532276.59,530926.32,24.49,57,rotation (out of top-N),2024-09-09,28.36,27.76,19.24,27.09,28.77,28.21,27.09,26.23,47.38,3.18,462,5,4.5,-0.4,0.9
SELL,432,FTAI,2024-09-10,112.21,30373.15,2024-08-06,95.91,1456.54,1704.09,495082.32,493378.23,16.94,24,ratchet-ATR exit,2024-09-09,123.33,110.8,76.95,111.23,115.63,108.99,,,60.26,,630,5,,-1,
SELL,422,INOD,2024-09-10,14.25,166016.91,2024-07-23,17.52,1454.31,1182.87,-542875.3,-544058.17,-18.71,34,rotation (out of top-N),2024-09-09,15.69,16.26,11.41,14.29,15.94,17.64,,,37.51,,112,5,,0.3,
SELL,429,INSM,2024-09-10,71.39,40549.67,2024-08-06,71.84,1456.54,1447.52,-18044.61,-19492.13,-0.67,24,ratchet-ATR exit,2024-09-09,74.61,71.89,44.62,71.8,74.0,74.9,,,67.22,,105,5,,-0.8,
SELL,435,ORKA,2024-09-10,27.27,141896.1,2024-08-20,23.36,1657.35,1934.75,554813.77,552879.01,16.68,14,rotation (out of top-N),2024-09-09,25.0,23.59,17.65,26.82,25.95,22.01,,,41.69,,161,5,,-0.1,
SELL,433,WLFC,2024-09-10,34.18,100733.66,2024-08-13,30.24,1523.09,1721.54,396890.61,395169.07,12.97,19,ratchet-ATR exit,2024-09-09,36.9,31.41,20.86,32.62,33.79,30.85,,,76.94,,259,5,,-1,
BUY,445,CVNA,2024-09-17,30.86,110108.68,,,1698.98,,,,,,,2024-09-16,34.77,29.04,19.86,30.57,28.53,28.31,30.57,29.6,75.11,3.16,469,5,5.1,-1,0.9
SELL,441,PCVX,2024-09-17,113.73,29785.77,2024-09-10,115.86,1725.56,1693.77,-63592.62,-65286.39,-1.89,5,rotation (out of top-N),2024-09-16,115.4,94.68,74.23,114.24,109.36,87.48,,,55.46,,798,5,,-0.8,
BUY,447,ECHO,2024-09-24,26.23,146675.61,,,1923.28,,,,,,,2024-09-23,28.04,22.45,17.12,26.17,24.69,20.37,,,63.82,,147,5,,-1,
BUY,446,MNPR,2024-09-24,4.44,866344.11,,,1923.28,,,,,,,2024-09-23,6.71,3.93,3.27,4.34,3.89,3.0,,,105.46,,7,5,,1.9,
BUY,448,RKLB,2024-09-24,7.59,506794.18,,,1923.28,,,,,,,2024-09-23,9.78,6.93,5.02,7.55,7.11,6.14,,,94.82,,91,5,,-0.5,
BUY,449,VST,2024-09-24,111.1,34622.57,,,1923.28,,,,,,,2024-09-23,116.71,90.99,71.79,110.68,93.1,80.62,110.53,103.61,62.58,6.26,560,5,6,-1,0.0
SELL,436,CAVA,2024-09-24,127.44,33054.38,2024-08-20,100.28,1657.35,2106.22,897756.9,895650.67,27.02,24,rotation (out of top-N),2024-09-23,123.69,111.67,77.73,128.28,123.9,106.03,,,59.13,,999,5,,-1.0,
SELL,444,FTAI,2024-09-24,128.08,30755.98,2024-09-10,112.21,1725.56,1969.61,488097.41,486127.79,14.09,10,rotation (out of top-N),2024-09-23,127.6,116.47,81.13,128.01,123.98,113.72,,,57.27,,644,5,,-0.9,
SELL,443,INSM,2024-09-24,71.26,48338.52,2024-09-10,71.39,1725.56,1722.3,-6525.7,-8248.0,-0.24,10,rotation (out of top-N),2024-09-23,72.48,72.34,46.82,71.85,73.44,74.29,,,54.79,,119,5,,-0.7,
SELL,439,NUTX,2024-09-24,22.98,165521.75,2024-09-10,20.85,1725.56,1901.84,352561.33,350659.49,10.16,10,rotation (out of top-N),2024-09-23,19.04,17.9,14.06,22.54,23.58,17.57,,,35.4,,14,5,,3.0,
BUY,450,FTAI,2024-10-01,127.63,34783.04,,,2219.68,,,,,,,2024-09-30,138.07,120.4,83.45,130.8,126.51,116.3,,,65.44,,651,5,,-1,
BUY,451,FUTU,2024-10-01,92.38,48055.42,,,2219.68,,,,,,,2024-09-30,123.16,74.78,60.51,92.09,73.76,60.9,,,103.55,,175,5,,-1,
SELL,447,ECHO,2024-10-01,24.27,146675.61,2024-09-24,26.23,1923.28,1780.28,-286017.44,-287797.71,-7.48,5,rotation (out of top-N),2024-09-30,23.27,22.6,17.28,24.81,25.49,21.15,,,34.66,,154,5,,0.3,
SELL,446,MNPR,2024-10-01,6.14,866344.11,2024-09-24,4.44,1923.28,2659.68,1472784.99,1470125.31,38.22,5,rotation (out of top-N),2024-09-30,4.71,4.07,3.34,6.75,5.22,3.26,,,40.99,,14,5,,2.7,
BUY,452,AGX,2024-10-08,107.54,35767.38,,,1923.21,,,,,,,2024-10-07,113.52,93.01,66.39,108.12,100.96,84.88,,,70.99,,644,5,,-1,
BUY,453,ASTS,2024-10-08,24.48,157093.08,,,1923.21,,,,,,,2024-10-07,24.16,24.7,11.42,24.9,25.17,28.01,,,111.55,,133,5,,-1,
SELL,442,ASTS,2024-10-08,24.48,130551.49,2024-09-10,26.43,1725.56,1598.28,-254575.4,-256173.67,-7.42,20,ratchet-ATR exit,2024-10-07,24.16,24.7,11.42,24.9,25.17,28.01,,,111.55,,133,5,,-1,
SELL,449,VST,2024-10-08,129.96,34622.57,2024-09-24,111.1,1923.28,2249.77,652981.73,650731.95,16.92,10,rotation (out of top-N),2024-10-07,124.26,103.93,76.43,130.25,121.8,92.76,130.06,124.17,62.58,4.53,574,5,6,-1,0.0
BUY,455,DRUG,2024-10-15,2.68,1818389.77,,,2436.64,,,,,,,2024-10-14,49.99,10.02,2.5,2.64,1.4,1.19,,,1896.21,,0,5,,2.0,
BUY,454,LEU,2024-10-15,61.22,79602.82,,,2436.64,,,,,,,2024-10-14,98.12,58.94,45.93,59.02,59.78,47.02,,,113.63,,14,5,,1.8,
SELL,450,FTAI,2024-10-15,146.16,34783.04,2024-10-01,127.63,2219.68,2541.94,644529.73,641987.78,14.46,10,rotation (out of top-N),2024-10-14,141.5,127.79,88.3,145.85,139.5,125.41,,,60.25,,665,5,,-1,
SELL,451,FUTU,2024-10-15,97.15,48055.42,2024-10-01,92.38,2219.68,2334.29,229224.34,226890.04,5.11,10,rotation (out of top-N),2024-10-14,89.76,82.27,63.03,102.38,103.73,74.28,,,42.41,,189,5,,-0.1,
BUY,456,MNPR,2024-10-22,5.78,748310.88,,,2162.62,,,,,,,2024-10-21,17.08,6.86,3.89,5.78,5.52,4.27,,,338.81,,35,5,,1.4,
BUY,457,NUTX,2024-10-22,22.42,192918.68,,,2162.62,,,,,,,2024-10-21,24.1,20.36,13.28,22.15,21.32,21.66,,,81.42,,42,5,,1.3,
SELL,452,AGX,2024-10-22,125.07,35767.38,2024-10-08,107.54,1923.21,2236.71,627002.16,624765.44,16.24,10,rotation (out of top-N),2024-10-21,124.48,103.75,70.44,127.43,119.25,96.51,,,76.72,,658,5,,-1,
SELL,445,CVNA,2024-10-22,37.97,110108.68,2024-09-17,30.86,1698.98,2090.41,782872.69,780782.27,22.98,25,rotation (out of top-N),2024-10-21,40.5,34.74,23.32,38.32,37.86,33.35,38.32,37.59,73.64,1.89,504,5,4.3,-1,1.7
BUY,458,AGX,2024-10-29,128.86,34099.77,,,2197.05,,,,,,,2024-10-28,135.47,109.52,72.74,129.63,122.39,102.41,,,86.24,,665,5,,-1,
BUY,459,CVNA,2024-10-29,40.84,107592.95,,,2197.05,,,,,,,2024-10-28,45.81,36.75,24.26,41.0,39.38,34.5,41.0,40.08,88.83,2.24,511,5,4.5,-1,1.5
SELL,453,ASTS,2024-10-29,26.86,157093.08,2024-10-08,24.48,1923.21,2109.76,373096.05,370986.29,9.64,15,rotation (out of top-N),2024-10-28,23.85,25.1,13.11,26.71,26.29,26.42,,,81.93,,154,5,,-1,
SELL,457,NUTX,2024-10-29,23.7,192918.68,2024-10-22,22.42,2162.62,2286.57,247900.51,245613.94,5.68,5,rotation (out of top-N),2024-10-28,22.91,20.82,13.35,23.71,23.04,21.86,,,71.63,,49,5,,1.2,
BUY,463,AAOI,2024-11-05,16.79,305250.1,,,2561.81,,,,,,,2024-11-04,27.78,17.53,12.89,16.4,16.66,15.69,,,115.5,,28,5,,1.5,
BUY,461,INOD,2024-11-05,20.95,244564.34,,,2561.81,,,,,,,2024-11-04,42.74,22.39,13.78,20.63,20.2,17.0,,,210.09,,168,5,,-1,
BUY,460,NUTX,2024-11-05,24.86,206099.07,,,2561.81,,,,,,,2024-11-04,32.26,22.9,13.73,23.6,23.11,22.04,,,134.89,,56,5,,1.1,
BUY,462,SEZL,2024-11-05,33.46,153126.81,,,2561.81,,,,,,,2024-11-04,71.43,37.29,18.1,33.17,34.78,29.88,,,294.71,,999,5,,-1,
SELL,458,AGX,2024-11-05,139.44,34099.77,2024-10-29,128.86,2197.05,2377.44,360775.54,358398.11,8.16,5,rotation (out of top-N),2024-11-04,153.63,117.54,75.48,134.9,129.59,109.27,,,103.55,,672,5,,-1,
SELL,459,CVNA,2024-11-05,46.3,107592.95,2024-10-29,40.84,2197.05,2490.78,587457.51,584966.73,13.31,5,rotation (out of top-N),2024-11-04,48.88,38.96,25.27,45.21,43.02,36.59,45.21,43.26,93.47,4.32,518,5,5.9,-1,0.1
SELL,454,LEU,2024-11-05,76.01,79602.82,2024-10-15,61.22,2436.64,3025.31,1177325.69,1174300.39,24.1,15,rotation (out of top-N),2024-11-04,92.06,75.71,49.19,77.99,92.94,66.75,,,87.15,,35,5,,1.4,
SELL,438,TVTX,2024-11-05,17.93,263444.93,2024-09-10,13.1,1725.56,2361.78,1272438.99,1270077.21,36.8,40,rotation (out of top-N),2024-11-04,19.84,15.93,9.77,18.1,17.77,15.89,,,103.09,,119,5,,-1.0,
BUY,466,MSTR,2024-11-12,332.56,21535.0,,,3580.84,,,,,,,2024-11-11,339.85,230.55,157.82,339.53,263.95,202.29,,,115.34,,644,5,,-1,
BUY,464,PDEX,2024-11-12,45.66,156848.0,,,3580.84,,,,,,,2024-11-11,48.18,33.94,22.34,47.05,39.26,30.96,,,115.7,,329,5,,-1,
BUY,465,PLTR,2024-11-12,59.04,121302.16,,,3580.84,,,,,,,2024-11-11,65.8,46.78,30.02,60.27,51.81,42.57,60.27,58.17,119.21,3.49,581,5,5.3,-1,0.7
SELL,463,AAOI,2024-11-12,27.74,305250.1,2024-11-05,16.79,2561.81,4233.82,3344014.83,3339781.01,65.18,5,rotation (out of top-N),2024-11-11,26.8,19.22,13.06,28.34,20.54,16.66,,,105.2,,35,5,,1.4,
SELL,460,NUTX,2024-11-12,29.99,206099.07,2024-11-05,24.86,2561.81,3090.46,1057288.23,1054197.78,20.58,5,rotation (out of top-N),2024-11-11,27.53,23.74,14.01,27.15,26.42,22.63,,,96.57,,63,5,,-0.0,
SELL,437,WLFC,2024-11-12,67.82,100969.24,2024-09-10,34.18,1725.56,3423.87,3396605.15,3393181.28,98.32,45,rotation (out of top-N),2024-11-11,64.07,55.81,30.27,70.97,66.13,55.61,,,111.65,,322,5,,-1,
BUY,469,AAOI,2024-11-19,27.42,1001611.74,,,13732.1,,,,,,,2024-11-18,38.01,22.63,13.48,27.33,24.95,18.39,,,182.03,,42,5,,1.3,
BUY,467,DRUG,2024-11-19,37.72,728106.94,,,13732.1,,,,,,,2024-11-18,36.0,30.63,7.76,36.19,42.6,28.3,,,364.15,,35,5,,1.4,
BUY,468,LMND,2024-11-19,34.25,801874.28,,,13732.1,,,,,,,2024-11-18,49.21,27.8,19.05,34.31,30.55,21.35,,,158.3,,357,5,,-1,
SELL,455,DRUG,2024-11-19,37.72,1818389.77,2024-10-15,2.68,2436.64,34294.83,63716377.47,63682082.64,1306.76,25,ratchet-ATR exit,2024-11-18,36.0,30.63,7.76,36.19,42.6,28.3,,,364.15,,35,5,,1.4,
SELL,464,PDEX,2024-11-19,42.34,156848.0,2024-11-12,45.66,3580.84,3320.08,-521519.6,-524839.68,-7.33,5,rotation (out of top-N),2024-11-18,42.88,35.57,22.96,42.34,43.74,33.46,,,86.74,,336,5,,-1,
SELL,465,PLTR,2024-11-19,59.64,121302.16,2024-11-12,59.04,3580.84,3617.23,72781.3,69164.07,0.97,5,rotation (out of top-N),2024-11-18,64.32,49.97,31.01,61.26,58.05,45.62,61.26,58.34,107.39,4.75,588,5,6,-1,0.0
BUY,471,DAVE,2024-11-26,86.24,93590.36,,,4035.62,,,,,,,2024-11-25,98.72,63.58,42.36,85.16,77.37,52.23,,,133.06,,357,5,,-1,
BUY,470,NUTX,2024-11-26,34.11,236623.66,,,4035.62,,,,,,,2024-11-25,37.45,27.55,14.86,35.24,31.11,25.12,,,151.91,,77,5,,-0.3,
SELL,466,MSTR,2024-11-26,381.43,21535.0,2024-11-12,332.56,3580.84,4107.05,1052415.45,1048308.41,14.64,10,rotation (out of top-N),2024-11-25,386.38,287.25,174.55,402.5,383.26,260.84,,,121.36,,658,5,,-1,
SELL,428,WGS,2024-11-26,78.52,100659.59,2024-08-06,28.94,1456.54,3951.64,4990199.36,4986247.71,171.17,79,rotation (out of top-N),2024-11-25,78.35,65.9,33.83,80.37,74.62,65.6,,,131.61,,280,5,,-1,
BUY,474,CRDO,2024-12-03,64.5,282351.71,,,9105.84,,,,,,,2024-12-02,74.22,47.07,30.28,47.78,46.14,41.44,,,145.14,,539,5,,-1,
BUY,472,PLTR,2024-12-03,66.6,273448.73,,,9105.84,,,,,,,2024-12-02,76.31,57.3,33.4,66.39,64.15,51.68,66.39,64.9,128.47,2.24,602,5,4.5,-1,1.5
BUY,473,SEZL,2024-12-03,64.76,281218.12,,,9105.84,,,,,,,2024-12-02,60.34,54.18,24.19,64.3,68.47,47.72,,,149.39,,999,5,,-1,
SELL,471,DAVE,2024-12-03,90.44,93590.36,2024-11-26,86.24,4035.62,4232.16,393079.53,388847.37,4.82,4,rotation (out of top-N),2024-12-02,91.94,68.74,44.09,93.12,86.08,57.4,,,108.54,,364,5,,-1,
SELL,468,LMND,2024-12-03,45.27,801874.28,2024-11-19,34.25,13732.1,18150.42,8836654.52,8818504.1,32.11,9,rotation (out of top-N),2024-12-02,47.03,34.89,20.66,45.94,45.78,28.44,,,127.72,,371,5,,-1,
SELL,462,SEZL,2024-12-03,64.76,153126.81,2024-11-05,33.46,2561.81,4958.25,4792869.01,4787910.76,93.45,19,ratchet-ATR exit,2024-12-02,60.34,54.18,24.19,64.3,68.47,47.72,,,149.39,,999,5,,-1,
BUY,475,DRUG,2024-12-10,39.26,460942.9,,,9048.31,,,,,,,2024-12-09,40.53,35.35,10.72,38.75,40.72,41.73,,,278.24,,56,5,,1.1,
BUY,477,MSTR,2024-12-10,373.25,48483.91,,,9048.31,,,,,,,2024-12-09,408.62,325.31,188.38,365.11,382.52,305.95,,,116.91,,672,5,,-1,
BUY,476,SEI,2024-12-10,25.89,698981.01,,,9048.31,,,,,,,2024-12-09,27.51,20.44,12.16,25.35,24.21,17.68,,,126.21,,217,5,,-1,
SELL,467,DRUG,2024-12-10,39.26,728106.94,2024-11-19,37.72,13732.1,14292.74,1121284.69,1106991.96,4.03,14,ratchet-ATR exit,2024-12-09,40.53,35.35,10.72,38.75,40.72,41.73,,,278.24,,56,5,,1.1,
SELL,461,INOD,2024-12-10,41.97,244564.34,2024-11-05,20.95,2561.81,5132.18,5140742.41,5135610.23,100.23,24,rotation (out of top-N),2024-12-09,34.52,33.57,17.79,43.61,42.86,31.96,,,94.03,,203,5,,-1,
SELL,473,SEZL,2024-12-10,55.0,281218.12,2024-12-03,64.76,9105.84,7733.5,-2744688.84,-2752422.34,-15.11,5,rotation (out of top-N),2024-12-09,51.49,53.69,25.23,55.78,63.26,51.91,,,104.1,,999,5,,-1,
BUY,479,INOD,2024-12-17,39.05,356305.39,,,6955.97,,,,,,,2024-12-16,43.04,35.29,18.71,37.76,38.85,34.32,,,130.05,,210,5,,-1,
BUY,478,XMTR,2024-12-17,37.3,372974.37,,,6955.97,,,,,,,2024-12-16,41.67,30.63,19.53,36.74,33.85,28.49,,,113.43,,49,5,,1.2,
SELL,477,MSTR,2024-12-17,412.74,48483.91,2024-12-10,373.25,9048.31,10005.62,1914629.48,1904623.86,10.52,5,rotation (out of top-N),2024-12-16,363.94,332.34,193.03,408.21,394.6,330.9,,,88.54,,679,5,,-1,
SELL,470,NUTX,2024-12-17,33.02,236623.66,2024-11-26,34.11,4035.62,3906.66,-257919.79,-261826.45,-3.24,14,rotation (out of top-N),2024-12-16,31.68,30.6,16.27,35.03,35.38,30.51,,,94.67,,98,5,,-0.6,
BUY,480,MNPR,2024-12-31,23.62,748151.74,,,8835.67,,,,,,,2024-12-30,23.06,20.58,8.37,23.62,24.59,21.29,,,175.53,,105,5,,-0.8,
SELL,456,MNPR,2024-12-31,23.62,748310.88,2024-10-22,5.78,2162.62,8837.55,13349866.02,13341028.47,308.45,48,ratchet-ATR exit,2024-12-30,23.06,20.58,8.37,23.62,24.59,21.29,,,175.53,,105,5,,-0.8,
BUY,484,AAOI,2025-01-07,33.76,630318.11,,,10638.19,,,,,,,2025-01-06,31.63,33.11,17.57,33.9,36.39,34.53,,,80.06,,91,5,,-0.5,
BUY,483,NUTX,2025-01-07,34.25,621208.4,,,10638.19,,,,,,,2025-01-06,30.62,31.2,17.64,34.25,33.01,33.23,,,73.63,,119,5,,-1.0,
BUY,482,WGS,2025-01-07,91.25,233178.67,,,10638.19,,,,,,,2025-01-06,89.37,76.23,44.32,89.08,79.84,76.49,,,101.67,,322,5,,-1,
BUY,481,YPF,2025-01-07,45.05,472283.86,,,10638.19,,,,,,,2025-01-06,45.85,39.73,26.47,44.98,43.38,39.25,,,73.24,,413,5,,-1,
SELL,469,AAOI,2025-01-07,33.76,1001611.74,2024-11-19,27.42,13732.1,16904.7,6345210.38,6328305.68,23.04,32,ratchet-ATR exit,2025-01-06,31.63,33.11,17.57,33.9,36.39,34.53,,,80.06,,91,5,,-0.5,
SELL,479,INOD,2025-01-07,42.71,356305.39,2024-12-17,39.05,6955.97,7608.9,1305859.27,1298250.37,9.33,13,rotation (out of top-N),2025-01-06,35.97,37.97,21.36,43.78,42.12,41.09,,,68.44,,231,5,,-1,
SELL,472,PLTR,2025-01-07,75.19,273448.73,2024-12-03,66.6,9105.84,10280.3,2348924.59,2338644.28,12.84,23,rotation (out of top-N),2025-01-06,67.26,68.98,39.98,75.94,77.21,69.99,75.94,73.58,68.22,3.11,637,5,5.1,-1,0.9
SELL,478,XMTR,2025-01-07,41.81,372974.37,2024-12-17,37.3,6955.97,7797.03,1682114.43,1674317.4,12.04,13,rotation (out of top-N),2025-01-06,33.52,34.67,21.25,41.99,41.73,34.92,,,57.75,,70,5,,-0.1,
BUY,488,APP,2025-01-14,324.06,53433.38,,,8657.81,,,,,,,2025-01-13,342.5,314.72,162.22,315.57,330.61,332.47,315.57,301.62,111.14,4.42,616,5,5.9,-1,0.1
BUY,485,DRUG,2025-01-14,36.28,477277.35,,,8657.81,,,,,,,2025-01-13,36.66,37.37,15.4,35.73,38.97,39.27,,,137.98,,91,5,,-0.5,
BUY,486,HOOD,2025-01-14,41.83,413952.24,,,8657.81,,,,,,,2025-01-13,48.12,39.07,26.17,39.59,40.04,38.22,39.59,38.03,83.88,3.94,399,5,5.6,-1,0.4
BUY,490,MSTR,2025-01-14,343.18,50456.39,,,8657.81,,,,,,,2025-01-13,396.41,343.92,212.48,328.4,335.02,366.84,,,86.57,,707,5,,-1,
BUY,487,NUTX,2025-01-14,31.34,552508.69,,,8657.81,,,,,,,2025-01-13,39.33,32.68,18.44,29.4,32.27,33.32,,,113.25,,126,5,,-1,
BUY,491,RKLB,2025-01-14,24.46,707915.88,,,8657.81,,,,,,,2025-01-13,24.0,23.57,11.13,23.9,26.4,24.23,,,115.56,,203,5,,-1,
BUY,489,UI,2025-01-14,390.64,44326.29,,,8657.81,,,,,,,2025-01-13,395.59,340.18,220.54,359.78,349.14,342.19,,,79.38,,231,5,,-1,
SELL,484,AAOI,2025-01-14,29.76,630318.11,2025-01-07,33.76,10638.19,9379.13,-2518120.86,-2527499.99,-11.88,4,rotation (out of top-N),2025-01-13,30.99,32.73,18.06,28.98,33.51,35.11,,,71.59,,98,5,,-0.6,
SELL,440,APP,2025-01-14,324.06,39201.78,2024-09-10,88.03,1725.56,6351.86,9252599.68,9246247.82,267.92,86,ratchet-ATR exit,2025-01-13,342.5,314.72,162.22,315.57,330.61,332.47,315.57,301.62,111.14,4.42,616,5,5.9,-1,0.1
SELL,475,DRUG,2025-01-14,36.28,460942.9,2024-12-10,39.26,9048.31,8361.5,-1373609.84,-1381971.35,-7.64,22,ratchet-ATR exit,2025-01-13,36.66,37.37,15.4,35.73,38.97,39.27,,,137.98,,91,5,,-0.5,
SELL,483,NUTX,2025-01-14,31.34,621208.4,2025-01-07,34.25,10638.19,9734.34,-1807716.46,-1817450.79,-8.54,4,ratchet-ATR exit,2025-01-13,39.33,32.68,18.44,29.4,32.27,33.32,,,113.25,,126,5,,-1,
SELL,448,RKLB,2025-01-14,24.46,506794.18,2024-09-24,7.59,1923.28,6198.09,8549617.87,8543419.78,222.11,76,ratchet-ATR exit,2025-01-13,24.0,23.57,11.13,23.9,26.4,24.23,,,115.56,,203,5,,-1,
SELL,482,WGS,2025-01-14,85.02,233178.67,2025-01-07,91.25,10638.19,9912.43,-1451537.23,-1461449.65,-6.87,4,rotation (out of top-N),2025-01-13,69.51,75.01,45.81,84.93,85.87,78.1,,,51.73,,329,5,,-0.6,
SELL,481,YPF,2025-01-14,45.34,472283.86,2025-01-07,45.05,10638.19,10706.68,136962.32,126255.64,0.59,4,rotation (out of top-N),2025-01-13,42.7,40.27,27.0,44.52,44.46,40.84,,,58.12,,420,5,,-0.9,
BUY,494,CLS,2025-01-28,91.94,180297.28,,,8288.27,,,,,,,2025-01-27,123.52,104.1,68.67,87.51,109.21,97.94,,,79.87,,791,5,,-1,
BUY,493,DRUG,2025-01-28,29.66,558790.9,,,8288.27,,,,,,,2025-01-27,33.27,35.84,16.98,29.96,34.06,38.47,,,95.93,,105,5,,-0.8,
BUY,492,EAT,2025-01-28,150.69,110000.55,,,8288.27,,,,,,,2025-01-27,181.91,142.28,92.84,151.81,148.01,136.25,,,95.93,,413,5,,-1,
BUY,495,PLTR,2025-01-28,75.54,219440.46,,,8288.27,,,,,,,2025-01-27,82.49,73.26,44.17,75.45,74.48,73.3,75.45,72.01,86.74,4.56,658,5,6,-1,0.0
BUY,496,TWLO,2025-01-28,142.67,116187.93,,,8288.27,,,,,,,2025-01-27,146.66,117.12,78.28,139.0,120.55,111.23,,,87.36,,119,5,,-1.0,
SELL,474,CRDO,2025-01-28,59.4,282351.71,2024-12-03,64.5,9105.84,8385.85,-1439993.73,-1448379.57,-7.95,36,rotation (out of top-N),2025-01-27,70.01,68.89,40.97,55.63,74.65,69.66,,,70.88,,595,5,,-1,
SELL,485,DRUG,2025-01-28,29.66,477277.35,2025-01-14,36.28,8657.81,7079.22,-3157189.69,-3164268.91,-18.27,9,ratchet-ATR exit,2025-01-27,33.27,35.84,16.98,29.96,34.06,38.47,,,95.93,,105,5,,-0.8,
SELL,490,MSTR,2025-01-28,343.12,50456.39,2025-01-14,343.18,8657.81,8656.3,-3027.38,-11683.68,-0.07,9,rotation (out of top-N),2025-01-27,333.96,343.48,223.52,347.92,360.41,361.85,,,49.41,,721,5,,-0.5,
SELL,476,SEI,2025-01-28,24.42,698981.01,2024-12-10,25.89,9048.31,8534.56,-1027502.08,-1036036.64,-5.73,31,rotation (out of top-N),2025-01-27,26.71,27.18,15.77,23.78,30.17,27.97,,,69.34,,266,5,,-1,
SELL,489,UI,2025-01-28,396.9,44326.29,2025-01-14,390.64,8657.81,8796.55,277482.58,268686.03,1.55,9,rotation (out of top-N),2025-01-27,393.89,363.7,235.91,393.14,400.6,357.17,,,66.97,,245,5,,-1,
BUY,497,CRDO,2025-02-04,73.17,261506.96,,,9567.89,,,,,,,2025-02-03,77.25,70.41,42.47,71.86,69.31,71.25,,,81.88,,602,5,,-1,
BUY,498,DAVE,2025-02-04,97.44,196385.18,,,9567.89,,,,,,,2025-02-03,102.71,89.39,56.21,91.27,92.54,90.4,,,82.74,,427,5,,-1,
SELL,492,EAT,2025-02-04,192.18,110000.55,2025-01-28,150.69,8288.27,10569.68,4562822.62,4552252.94,27.46,5,rotation (out of top-N),2025-02-03,171.91,147.67,95.77,188.96,168.37,142.11,,,79.51,,420,5,,-1,
SELL,496,TWLO,2025-02-04,147.43,116187.93,2025-01-28,142.67,8288.27,8564.5,552473.61,543909.11,3.28,5,rotation (out of top-N),2025-02-03,145.56,122.29,80.37,146.56,137.25,116.48,,,81.11,,126,5,,-1,
BUY,499,INOD,2025-02-11,43.84,484812.57,,,10625.88,,,,,,,2025-02-10,53.83,41.6,25.73,44.33,39.74,38.72,,,109.18,,266,5,,-1,
BUY,500,ROOT,2025-02-11,114.47,185645.42,,,10625.88,,,,,,,2025-02-10,129.83,95.34,65.5,116.05,103.72,83.98,,,98.21,,98,5,,-0.6,
SELL,494,CLS,2025-02-11,127.36,180297.28,2025-01-28,91.94,8288.27,11481.78,6387031.24,6375549.46,38.46,10,rotation (out of top-N),2025-02-10,132.15,113.01,72.88,130.06,125.29,106.39,,,81.31,,805,5,,-1,
SELL,497,CRDO,2025-02-11,74.81,261506.96,2025-02-04,73.17,9567.89,9781.67,427563.87,417782.21,2.18,5,rotation (out of top-N),2025-02-10,70.73,70.47,43.8,77.18,74.76,72.32,,,61.48,,609,5,,-1,
BUY,506,BROS,2025-02-25,74.65,267485.52,,,9983.9,,,,,,,2025-02-24,79.13,67.32,45.74,75.32,76.26,63.63,,,73.01,,371,5,,-1,
BUY,502,DRUG,2025-02-25,34.35,581304.06,,,9983.9,,,,,,,2025-02-24,37.38,37.91,20.89,35.53,38.74,37.74,,,78.92,,133,5,,-1,
BUY,503,MNPR,2025-02-25,32.28,618580.99,,,9983.9,,,,,,,2025-02-24,35.01,36.03,15.42,44.38,44.84,35.85,,,126.99,,161,5,,-1,
BUY,505,PLTR,2025-02-25,90.65,220273.52,,,9983.9,,,,,,,2025-02-24,84.99,88.91,52.41,90.77,105.79,87.75,90.77,84.86,62.15,6.51,686,5,6,-1,0.0
BUY,504,SEI,2025-02-25,32.69,610822.71,,,9983.9,,,,,,,2025-02-24,33.43,29.44,17.96,33.13,30.05,28.66,,,86.11,,294,5,,-1,
BUY,501,WGS,2025-02-25,94.6,211076.05,,,9983.9,,,,,,,2025-02-24,102.8,82.07,55.43,95.03,90.47,79.59,,,85.46,,371,5,,-1,
SELL,488,APP,2025-02-25,405.41,53433.38,2025-01-14,324.06,8657.81,10831.21,4346805.78,4335974.56,25.04,28,rotation (out of top-N),2025-02-24,325.77,369.29,209.54,410.79,432.29,371.07,410.79,389.43,55.47,5.2,658,5,5.8,-0.8,0.0
SELL,493,DRUG,2025-02-25,34.35,558790.9,2025-01-28,29.66,8288.27,9597.23,2617935.39,2608338.15,15.74,19,ratchet-ATR exit,2025-02-24,37.38,37.91,20.89,35.53,38.74,37.74,,,78.92,,133,5,,-1,
SELL,486,HOOD,2025-02-25,47.45,413952.24,2025-01-14,41.83,8657.81,9822.05,2328481.37,2318659.32,13.39,28,rotation (out of top-N),2025-02-24,50.09,49.66,31.59,49.91,55.39,48.88,49.91,47.24,58.57,5.34,441,5,5.9,-0.9,0.0
SELL,480,MNPR,2025-02-25,32.28,748151.74,2024-12-31,23.62,8835.67,12075.17,6478994.08,6466918.92,36.6,36,ratchet-ATR exit,2025-02-24,35.01,36.03,15.42,44.38,44.84,35.85,,,126.99,,161,5,,-1,
SELL,495,PLTR,2025-02-25,90.65,219440.46,2025-01-28,75.54,8288.27,9946.14,3315745.32,3305799.18,19.94,19,ratchet-ATR exit,2025-02-24,84.99,88.91,52.41,90.77,105.79,87.75,90.77,84.86,62.15,6.51,686,5,6,-1,0.0
SELL,491,RKLB,2025-02-25,21.7,707915.88,2025-01-14,24.46,8657.81,7680.89,-1953847.82,-1961528.71,-11.33,28,rotation (out of top-N),2025-02-24,20.48,24.83,14.51,22.5,25.9,27.41,,,41.2,,245,5,,-0.1,
BUY,508,BABA,2025-03-04,126.71,147759.21,,,9361.28,,,,,,,2025-03-03,137.06,113.29,89.52,127.53,127.46,101.72,,,53.1,,287,5,,-0.7,
BUY,509,ESLT,2025-03-04,337.89,55410.25,,,9361.28,,,,,,,2025-03-03,355.0,300.45,229.93,332.35,306.64,294.75,,,54.4,,140,5,,-0.7,
BUY,507,PVLA,2025-03-04,19.58,956208.85,,,9361.28,,,,,,,2025-03-03,24.66,17.9,15.04,19.52,18.9,15.48,,,64.0,,21,5,,1.7,
SELL,506,BROS,2025-03-04,74.6,267485.52,2025-02-25,74.65,9983.9,9977.21,-13374.28,-23351.49,-0.12,5,rotation (out of top-N),2025-03-03,63.83,66.69,46.45,76.4,76.41,66.42,,,37.42,,378,5,,0.1,
SELL,498,DAVE,2025-03-04,92.19,196385.18,2025-02-04,97.44,9567.89,9052.37,-1031022.18,-1040074.55,-5.44,19,rotation (out of top-N),2025-03-03,83.59,94.2,61.6,95.21,101.48,96.9,,,35.7,,455,5,,0.2,
SELL,504,SEI,2025-03-04,29.64,610822.71,2025-02-25,32.69,9983.9,9052.39,-1863009.26,-1872061.65,-9.38,5,rotation (out of top-N),2025-03-03,23.56,28.37,18.33,30.91,31.28,29.16,,,28.51,,301,5,,0.6,
BUY,512,INOD,2025-03-11,40.28,514336.59,,,10360.02,,,,,,,2025-03-10,48.21,47.02,29.68,41.16,49.58,44.8,,,62.41,,294,5,,-1,
BUY,510,NUTX,2025-03-11,41.2,502913.82,,,10360.02,,,,,,,2025-03-10,52.6,48.01,27.42,41.2,48.21,48.24,,,91.8,,182,5,,-1,
BUY,511,TGTX,2025-03-11,39.14,529382.97,,,10360.02,,,,,,,2025-03-10,40.83,33.77,26.72,39.23,34.84,31.66,,,52.81,,378,5,,-0.6,
SELL,508,BABA,2025-03-11,134.68,147759.21,2025-03-04,126.71,9361.28,9950.11,1177640.89,1167690.79,6.24,5,rotation (out of top-N),2025-03-10,137.55,117.7,91.09,129.2,131.21,108.05,,,51.0,,294,5,,-0.6,
SELL,499,INOD,2025-03-11,40.28,484812.57,2025-02-11,43.84,10625.88,9765.34,-1721084.64,-1730849.98,-8.14,19,ratchet-ATR exit,2025-03-10,48.21,47.02,29.68,41.16,49.58,44.8,,,62.41,,294,5,,-1,
SELL,487,NUTX,2025-03-11,41.2,552508.69,2025-01-14,31.34,8657.81,11381.68,5447735.69,5436354.01,31.4,38,ratchet-ATR exit,2025-03-10,52.6,48.01,27.42,41.2,48.21,48.24,,,91.8,,182,5,,-1,
BUY,513,PDEX,2025-03-18,49.06,466906.9,,,11453.23,,,,,,,2025-03-17,47.89,40.64,33.17,49.06,43.04,38.05,,,44.36,,455,5,,-0.2,
SELL,512,INOD,2025-03-18,44.52,514336.59,2025-03-11,40.28,10360.02,11449.13,2178215.44,2166766.31,10.46,5,rotation (out of top-N),2025-03-17,41.84,46.08,30.35,45.96,47.03,46.01,,,37.85,,301,5,,0.1,
BUY,514,CIB,2025-04-01,38.78,530133.34,,,10279.29,,,,,,,2025-03-31,38.39,36.18,29.94,38.53,38.1,36.68,,,28.24,,665,5,,0.6,
BUY,518,CORT,2025-04-01,113.2,181612.82,,,10279.29,,,,,,,2025-03-31,74.48,61.38,49.82,114.26,67.42,62.98,,,49.51,,308,5,,-0.5,
BUY,515,MNPR,2025-04-01,32.39,634719.69,,,10279.29,,,,,,,2025-03-31,28.96,34.89,19.19,35.94,38.64,38.78,,,50.9,,196,5,,-0.5,
BUY,517,ROOT,2025-04-01,133.22,154314.66,,,10279.29,,,,,,,2025-03-31,112.12,124.14,79.73,133.35,147.56,130.2,,,40.62,,147,5,,-0.0,
BUY,516,SDS,2025-04-01,102.42,200728.09,,,10279.29,,,,,,,2025-03-31,122.4,100.21,95.49,101.92,99.79,93.93,,,28.18,,7,5,,3.5,
SELL,502,DRUG,2025-04-01,36.4,581304.06,2025-02-25,34.35,9983.9,10579.73,1191673.32,1181093.58,5.91,25,rotation (out of top-N),2025-03-31,32.16,35.89,25.13,36.49,36.04,37.25,,,27.97,,168,5,,0.6,
SELL,503,MNPR,2025-04-01,32.39,618580.99,2025-02-25,32.28,9983.9,10017.92,68043.91,58025.99,0.29,25,ratchet-ATR exit,2025-03-31,28.96,34.89,19.19,35.94,38.64,38.78,,,50.9,,196,5,,-0.5,
SELL,505,PLTR,2025-04-01,83.89,220273.52,2025-02-25,90.65,9983.9,9239.37,-1489048.98,-1498288.35,-7.5,25,rotation (out of top-N),2025-03-31,73.97,85.39,60.02,84.39,88.47,94.65,84.39,80.95,23.24,4.07,721,4.65,3.9,0.8,1.0
SELL,500,ROOT,2025-04-01,133.22,185645.42,2025-02-11,114.47,10625.88,12366.31,3480851.58,3468485.28,16.32,34,ratchet-ATR exit,2025-03-31,112.12,124.14,79.73,133.35,147.56,130.2,,,40.62,,147,5,,-0.0,
SELL,501,WGS,2025-04-01,87.54,211076.05,2025-02-25,94.6,9983.9,9238.8,-1490196.91,-1499435.71,-7.51,25,rotation (out of top-N),2025-03-31,80.03,88.78,64.06,88.4,94.9,90.44,,,24.93,,406,4.99,,0.8,
BUY,521,AGL,2025-04-08,134.5,145409.94,,,9778.82,,,,,,,2025-04-07,142.0,103.35,90.32,106.25,105.3,96.0,,,57.22,,14,5,,1.9,
BUY,523,AU,2025-04-08,31.82,614633.47,,,9778.82,,,,,,,2025-04-07,39.77,31.63,26.42,30.99,32.88,30.49,,,50.5,,70,5,,0.3,
BUY,524,ESLT,2025-04-08,370.09,52845.62,,,9778.82,,,,,,,2025-04-07,400.82,355.1,255.68,362.3,379.42,347.53,,,56.77,,175,5,,-0.8,
BUY,520,PLMR,2025-04-08,136.02,143785.01,,,9778.82,,,,,,,2025-04-07,147.97,129.83,106.55,130.19,135.49,128.21,,,38.87,,511,5,,0.1,
BUY,522,PLTR,2025-04-08,83.32,234729.2,,,9778.82,,,,,,,2025-04-07,88.53,85.96,61.55,77.78,83.38,92.06,78.61,71.08,43.83,9.58,728,5,5.2,-0.2,0.0
BUY,519,WGS,2025-04-08,90.58,215903.7,,,9778.82,,,,,,,2025-04-07,96.53,90.19,65.75,84.77,87.22,92.53,,,46.8,,413,5,,-0.3,
SELL,514,CIB,2025-04-08,37.3,530133.34,2025-04-01,38.78,10279.29,9886.99,-784597.34,-794484.33,-3.86,5,rotation (out of top-N),2025-04-07,36.2,36.19,30.15,36.04,38.38,37.24,,,20.06,,672,4.01,,1.0,
SELL,518,CORT,2025-04-08,76.32,181612.82,2025-04-01,113.2,10279.29,6930.35,-6697880.68,-6704811.02,-32.61,5,rotation (out of top-N),2025-04-07,68.52,62.68,50.78,74.71,74.88,64.64,,,34.94,,315,5,,0.3,
SELL,509,ESLT,2025-04-08,370.09,55410.25,2025-03-04,337.89,9361.28,10253.39,1784210.05,1773956.66,9.47,25,ratchet-ATR exit,2025-04-07,400.82,355.1,255.68,362.3,379.42,347.53,,,56.77,,175,5,,-0.8,
SELL,507,PVLA,2025-04-08,20.84,956208.85,2025-03-04,19.58,9361.28,9963.7,1204823.15,1194859.46,6.38,25,rotation (out of top-N),2025-04-07,21.72,22.52,17.0,19.77,24.9,23.37,,,27.76,,56,5,,2.7,
SELL,516,SDS,2025-04-08,114.59,200728.09,2025-04-01,102.42,10279.29,11500.72,2442860.84,2431360.12,11.83,5,rotation (out of top-N),2025-04-07,106.3,101.31,95.64,123.09,108.64,96.84,,,11.15,,14,2.23,,4.2,
SELL,511,TGTX,2025-04-08,38.42,529382.97,2025-03-11,39.14,10360.02,10170.77,-378508.82,-388679.59,-1.88,20,rotation (out of top-N),2025-04-07,36.71,36.49,28.87,37.23,38.96,36.05,,,27.17,,406,5,,0.6,
BUY,526,AEM,2025-04-15,118.38,178219.96,,,10548.84,,,,,,,2025-04-14,120.27,104.47,86.36,117.12,108.39,101.52,,,39.27,,490,5,,0.0,
BUY,525,PVLA,2025-04-15,24.8,850712.88,,,10548.84,,,,,,,2025-04-14,24.11,22.81,17.44,24.32,23.01,23.87,,,38.27,,63,5,,1.0,
SELL,521,AGL,2025-04-15,138.63,145409.94,2025-04-08,134.5,9778.82,10079.09,600543.05,590463.96,3.02,5,rotation (out of top-N),2025-04-14,99.88,102.72,88.89,140.0,125.75,102.33,,,12.36,,21,2.47,,4.0,
SELL,520,PLMR,2025-04-15,153.15,143785.01,2025-04-08,136.02,9778.82,11010.34,2463037.21,2452026.87,12.54,5,rotation (out of top-N),2025-04-14,149.32,133.38,108.14,151.05,141.56,131.62,,,38.08,,518,5,,0.1,
BUY,529,ESLT,2025-04-22,372.26,59835.63,,,11137.21,,,,,,,2025-04-21,375.56,366.12,266.01,381.45,392.95,369.33,,,41.18,,189,5,,-0.1,
BUY,528,FCAP,2025-04-22,40.13,555056.38,,,11137.21,,,,,,,2025-04-21,46.81,38.31,33.27,39.36,38.48,36.76,,,40.72,,357,5,,-0.0,
BUY,527,GH,2025-04-22,43.77,508896.79,,,11137.21,,,,,,,2025-04-21,48.29,43.81,34.28,42.6,43.68,42.89,,,40.86,,168,5,,-0.0,
SELL,526,AEM,2025-04-22,123.39,178219.96,2025-04-15,118.38,10548.84,10995.28,892882.02,881886.74,4.18,4,rotation (out of top-N),2025-04-21,117.33,106.81,87.48,122.17,115.31,104.0,,,34.13,,497,5,,0.3,
SELL,523,AU,2025-04-22,41.01,614633.47,2025-04-08,31.82,9778.82,12603.06,5648481.57,5635878.51,28.82,9,rotation (out of top-N),2025-04-21,36.8,33.85,27.05,41.06,38.55,32.45,,,36.02,,84,5,,0.8,
SELL,524,ESLT,2025-04-22,372.26,52845.62,2025-04-08,370.09,9778.82,9836.16,114675.0,104838.85,0.54,9,ratchet-ATR exit,2025-04-21,375.56,366.12,266.01,381.45,392.95,369.33,,,41.18,,189,5,,-0.1,
BUY,533,DAVE,2025-04-29,93.47,330451.63,,,15443.66,,,,,,,2025-04-28,104.48,90.42,71.86,93.54,87.27,85.52,,,45.39,,511,5,,-0.3,
BUY,535,DUOL,2025-04-29,384.0,80435.71,,,15443.66,,,,,,,2025-04-28,486.6,361.69,309.23,384.37,354.27,315.65,,,57.36,,231,5,,-0.9,
BUY,532,IRTC,2025-04-29,106.31,290526.39,,,15443.66,,,,,,,2025-04-28,130.98,108.5,89.24,106.45,103.18,103.12,,,46.77,,112,5,,-0.2,
BUY,534,LRN,2025-04-29,140.15,220387.54,,,15443.66,,,,,,,2025-04-28,159.26,135.83,107.56,141.02,137.63,129.75,,,48.07,,805,5,,-0.4,
BUY,531,MNPR,2025-04-29,40.09,770353.25,,,15443.66,,,,,,,2025-04-28,41.33,37.46,22.71,40.09,40.28,35.76,,,81.97,,224,5,,-1,
BUY,530,NUTX,2025-04-29,117.87,262045.59,,,15443.66,,,,,,,2025-04-28,114.0,94.77,43.98,118.32,128.55,81.57,,,159.22,,231,5,,-1,
SELL,527,GH,2025-04-29,47.87,508896.79,2025-04-22,43.77,11137.21,12180.44,2086476.83,2074296.39,9.31,5,rotation (out of top-N),2025-04-28,46.91,44.37,34.63,47.97,45.8,43.45,,,35.45,,175,5,,0.2,
SELL,515,MNPR,2025-04-29,40.09,634719.69,2025-04-01,32.39,10279.29,12724.54,4890515.23,4877790.69,23.73,19,ratchet-ATR exit,2025-04-28,41.33,37.46,22.71,40.09,40.28,35.76,,,81.97,,224,5,,-1,
SELL,510,NUTX,2025-04-29,117.87,502913.82,2025-03-11,41.2,10360.02,29639.23,38558402.49,38528763.26,185.95,34,ratchet-ATR exit,2025-04-28,114.0,94.77,43.98,118.32,128.55,81.57,,,159.22,,231,5,,-1,
SELL,513,PDEX,2025-04-29,67.81,466906.9,2025-03-18,49.06,11453.23,15830.48,8754504.3,8738673.82,38.15,29,rotation (out of top-N),2025-04-28,45.59,51.44,38.79,69.04,63.38,51.94,,,17.55,,497,3.51,,1.1,
SELL,525,PVLA,2025-04-29,23.77,850712.88,2025-04-15,24.8,10548.84,10110.72,-876234.26,-886344.99,-4.2,9,rotation (out of top-N),2025-04-28,24.42,23.46,18.06,24.48,24.88,25.16,,,35.23,,77,5,,1.0,
SELL,519,WGS,2025-04-29,113.5,215903.7,2025-04-08,90.58,9778.82,12252.54,4947433.36,4935180.82,25.23,14,rotation (out of top-N),2025-04-28,67.2,89.76,70.14,112.61,103.31,95.51,,,-4.19,,434,-0.84,,2.2,
BUY,536,CVSA,2025-05-06,112.5,280335.62,,,15768.88,,,,,,,2025-05-05,136.35,109.71,90.81,114.03,108.41,102.12,,,50.14,,371,5,,-0.5,
BUY,537,SEZL,2025-05-06,53.83,585876.96,,,15768.88,,,,,,,2025-05-05,87.38,52.03,42.21,55.84,50.28,40.53,,,106.98,,999,5,,-1,
SELL,528,FCAP,2025-05-06,49.78,555056.38,2025-04-22,40.13,11137.21,13815.35,5356294.04,5342478.69,23.98,10,rotation (out of top-N),2025-05-05,46.66,41.39,34.18,49.68,45.51,39.4,,,36.52,,371,5,,0.2,
SELL,534,LRN,2025-05-06,160.69,220387.54,2025-04-29,140.15,15443.66,17707.59,4527861.98,4510154.39,14.6,5,rotation (out of top-N),2025-05-05,156.28,139.55,109.63,160.6,147.45,131.69,,,42.55,,812,5,,-0.1,
BUY,541,ATRO,2025-05-13,24.25,1131193.74,,,13715.72,,,,,,,2025-05-12,25.01,20.34,16.57,24.21,21.26,19.72,,,50.93,,70,5,,0.3,
BUY,538,HOOD,2025-05-13,58.94,465413.1,,,13715.72,,,,,,,2025-05-12,61.74,49.55,38.28,57.46,51.38,44.64,57.46,55.01,61.28,4.27,518,5,5.8,-1,0.2
BUY,539,MNPR,2025-05-13,33.79,811821.49,,,13715.72,,,,,,,2025-05-12,37.95,38.09,24.54,35.1,39.97,38.51,,,54.64,,238,5,,-0.7,
BUY,540,NRG,2025-05-13,148.03,185310.06,,,13715.72,,,,,,,2025-05-12,157.37,113.25,95.53,149.01,119.87,101.33,149.01,141.8,64.74,4.84,679,5,6,-1,0.0
SELL,536,CVSA,2025-05-13,132.59,280335.62,2025-05-06,112.5,15768.88,18584.85,5631942.54,5613357.69,17.8,5,rotation (out of top-N),2025-05-12,134.55,114.23,92.38,131.81,118.74,105.66,,,45.65,,378,5,,-0.3,
SELL,529,ESLT,2025-05-13,383.46,59835.63,2025-04-22,372.26,11137.21,11472.29,670159.08,658686.79,2.96,15,rotation (out of top-N),2025-05-12,393.46,383.24,282.53,378.26,399.32,391.85,,,39.26,,210,5,,0.0,
SELL,531,MNPR,2025-05-13,33.79,770353.25,2025-04-29,40.09,15443.66,13015.12,-4857077.24,-4870092.36,-15.77,10,ratchet-ATR exit,2025-05-12,37.95,38.09,24.54,35.1,39.97,38.51,,,54.64,,238,5,,-0.7,
SELL,517,ROOT,2025-05-13,153.32,154314.66,2025-04-01,133.22,10279.29,11829.76,3100953.13,3089123.37,15.03,29,rotation (out of top-N),2025-05-12,135.74,134.71,91.04,151.97,143.86,138.92,,,49.09,,189,5,,-0.5,
BUY,542,URBN,2025-05-20,61.95,485828.86,,,15047.33,,,,,,,2025-05-19,72.29,56.88,48.14,61.4,58.29,52.1,,,50.18,,168,5,,-0.5,
SELL,539,MNPR,2025-05-20,37.04,811821.49,2025-05-13,33.79,13715.72,15034.93,2638419.84,2623384.9,9.56,5,rotation (out of top-N),2025-05-19,35.19,37.57,25.36,37.04,38.08,38.41,,,38.76,,245,5,,0.1,
BUY,544,AGX,2025-06-03,210.4,176181.13,,,18534.25,,,,,,,2025-06-02,241.07,184.04,142.8,208.31,200.32,164.66,,,68.82,,882,5,,-1,
BUY,545,LASR,2025-06-03,15.41,2404703.78,,,18534.25,,,,,,,2025-06-02,17.59,12.47,10.63,15.61,14.54,10.07,,,65.48,,14,5,,1.8,
BUY,543,LEU,2025-06-03,135.4,273770.38,,,18534.25,,,,,,,2025-06-02,143.53,102.42,80.97,124.8,114.74,82.57,,,77.28,,245,5,,-1,
BUY,546,ROOT,2025-06-03,136.75,271067.71,,,18534.25,,,,,,,2025-06-02,152.28,136.73,97.88,137.68,132.8,134.38,,,55.58,,210,5,,-0.8,
SELL,535,DUOL,2025-06-03,530.88,80435.71,2025-04-29,384.0,15443.66,21351.06,11814799.61,11793448.55,38.18,24,rotation (out of top-N),2025-06-02,512.39,460.91,349.65,527.15,519.27,433.81,,,46.54,,266,5,,-0.3,
SELL,532,IRTC,2025-06-03,140.72,290526.39,2025-04-29,106.31,15443.66,20442.16,9997013.21,9976571.04,32.3,24,rotation (out of top-N),2025-06-02,146.44,129.94,98.18,140.47,140.82,121.91,,,49.16,,147,5,,-0.5,
SELL,540,NRG,2025-06-03,159.33,185310.06,2025-05-13,148.03,13715.72,14762.73,2094003.67,2079240.95,7.58,14,rotation (out of top-N),2025-06-02,154.22,132.0,101.0,156.78,152.88,121.82,156.78,153.97,52.69,1.8,700,5,3.8,-0.6,1.8
SELL,542,URBN,2025-06-03,72.65,485828.86,2025-05-20,61.95,15047.33,17647.73,5200797.9,5183150.17,17.22,9,rotation (out of top-N),2025-06-02,70.01,61.19,49.76,72.59,69.28,56.17,,,40.69,,182,5,,-0.0,
BUY,548,AU,2025-06-10,43.6,840173.65,,,18315.79,,,,,,,2025-06-09,47.41,40.24,29.64,43.23,42.4,39.97,,,59.98,,133,5,,-1.0,
BUY,547,NUTX,2025-06-10,119.03,307763.67,,,18315.79,,,,,,,2025-06-09,125.02,128.37,63.49,118.5,140.68,141.56,,,96.9,,273,5,,-1,
BUY,549,TPC,2025-06-10,40.35,907845.63,,,18315.79,,,,,,,2025-06-09,41.93,33.69,26.99,40.48,38.31,29.79,,,55.33,,28,5,,1.8,
SELL,544,AGX,2025-06-10,214.82,176181.13,2025-06-03,210.4,18534.25,18923.61,778720.57,759796.96,2.05,5,rotation (out of top-N),2025-06-09,216.42,189.93,146.0,214.98,216.19,176.68,,,48.24,,889,5,,-0.4,
SELL,530,NUTX,2025-06-10,119.03,262045.59,2025-04-29,117.87,15443.66,15594.99,302662.65,287067.67,0.93,29,ratchet-ATR exit,2025-06-09,125.02,128.37,63.49,118.5,140.68,141.56,,,96.9,,273,5,,-1,
SELL,546,ROOT,2025-06-10,150.86,271067.71,2025-06-03,136.75,18534.25,20446.64,3824765.33,3804318.69,10.26,5,rotation (out of top-N),2025-06-09,146.56,138.52,100.6,152.78,140.61,137.75,,,45.69,,217,5,,-0.3,
BUY,550,ASTS,2025-06-17,40.75,889813.46,,,18129.95,,,,,,,2025-06-16,45.95,31.41,25.84,41.96,34.87,26.87,,,77.82,,14,5,,1.8,
BUY,552,CRDO,2025-06-17,78.89,459626.04,,,18129.95,,,,,,,2025-06-16,85.55,64.62,55.28,79.16,72.24,57.89,,,54.75,,28,5,,1.8,
BUY,551,PARR,2025-06-17,26.48,1369073.0,,,18129.95,,,,,,,2025-06-16,27.86,21.12,17.16,26.36,23.36,19.1,,,62.35,,28,5,,1.5,
SELL,541,ATRO,2025-06-17,28.6,1131193.74,2025-05-13,24.25,13715.72,16176.07,4920692.75,4904516.68,17.88,24,rotation (out of top-N),2025-06-16,27.41,24.74,17.87,28.55,27.85,23.64,,,53.43,,105,5,,-0.4,
SELL,548,AU,2025-06-17,45.68,840173.65,2025-06-10,43.6,18315.79,19189.57,1747561.2,1728371.63,4.72,5,rotation (out of top-N),2025-06-16,44.74,41.06,30.1,46.32,44.25,40.5,,,48.62,,140,5,,-0.4,
SELL,549,TPC,2025-06-17,41.97,907845.63,2025-06-10,40.35,18315.79,19051.14,1470709.92,1451658.78,3.96,5,rotation (out of top-N),2025-06-16,42.35,35.27,27.45,42.59,40.65,32.35,,,54.28,,35,5,,1.7,
BUY,553,CAR,2025-06-24,152.31,226246.3,,,17229.79,,,,,,,2025-06-23,174.12,123.74,93.72,146.99,130.35,113.16,,,85.79,,49,5,,1.2,
BUY,554,TPC,2025-06-24,43.7,788548.59,,,17229.79,,,,,,,2025-06-23,46.93,37.39,27.97,43.19,41.62,34.54,,,67.8,,42,5,,1.3,
SELL,551,PARR,2025-06-24,26.17,1369073.0,2025-06-17,26.48,18129.95,17914.32,-431258.0,-449172.32,-1.24,4,rotation (out of top-N),2025-06-23,26.61,22.12,17.34,26.59,25.53,20.44,,,53.47,,35,5,,1.7,
SELL,522,PLTR,2025-06-24,141.03,234729.2,2025-04-08,83.32,9778.82,16552.52,13547395.78,13530843.27,69.18,52,rotation (out of top-N),2025-06-23,130.81,124.55,87.28,139.92,136.6,126.22,139.92,136.22,49.89,2.65,805,5,4.3,-0.5,1.2
BUY,555,NKTR,2025-07-01,25.02,1549387.58,,,19386.71,,,,,,,2025-06-30,24.77,14.96,14.21,25.8,20.43,12.09,,,74.3,,0,5,,2.0,
BUY,556,PARR,2025-07-01,26.93,1440052.89,,,19386.71,,,,,,,2025-06-30,31.45,23.81,17.68,26.53,26.24,21.97,,,77.89,,42,5,,1.3,
BUY,557,TTMI,2025-07-01,40.4,959857.02,,,19386.71,,,,,,,2025-06-30,44.03,34.09,25.42,40.85,38.41,32.2,,,73.2,,56,5,,1.1,
SELL,552,CRDO,2025-07-01,90.56,459626.04,2025-06-17,78.89,18129.95,20811.87,5363835.91,5343024.05,14.74,9,rotation (out of top-N),2025-06-30,93.56,74.17,58.44,92.59,87.87,68.57,,,60.1,,42,5,,1.3,
SELL,547,NUTX,2025-07-01,123.55,307763.67,2025-06-10,119.03,18315.79,19012.1,1392630.62,1373618.52,3.75,14,rotation (out of top-N),2025-06-30,117.65,123.87,70.65,123.61,121.95,137.91,,,66.53,,294,5,,-1,
SELL,554,TPC,2025-07-01,46.61,788548.59,2025-06-24,43.7,17229.79,18377.12,2294676.39,2276299.27,6.61,5,rotation (out of top-N),2025-06-30,48.04,39.33,28.52,46.74,44.3,37.53,,,68.42,,49,5,,1.2,
BUY,559,TPC,2025-07-08,47.58,912793.37,,,21715.35,,,,,,,2025-07-07,48.81,41.05,29.05,47.83,46.05,39.95,,,68.0,,56,5,,1.1,
BUY,558,WLDN,2025-07-08,73.65,589690.54,,,21715.35,,,,,,,2025-07-07,73.94,59.35,44.1,73.22,65.75,55.58,,,67.66,,56,5,,1.1,
SELL,550,ASTS,2025-07-08,46.1,889813.46,2025-06-17,40.75,18129.95,20510.2,4760502.01,4739991.81,13.07,13,rotation (out of top-N),2025-07-07,45.58,38.28,27.41,45.66,45.91,34.48,,,66.27,,35,5,,1.4,
SELL,545,LASR,2025-07-08,19.07,2404703.78,2025-06-03,15.41,18534.25,22934.86,8801215.84,8778280.98,23.68,23,rotation (out of top-N),2025-07-07,18.29,16.42,11.61,18.98,19.05,16.31,,,57.53,,49,5,,1.3,
BUY,560,ASTS,2025-07-15,48.23,1254859.03,,,30260.93,,,,,,,2025-07-14,57.98,41.86,28.26,47.92,45.62,36.85,,,105.19,,42,5,,1.3,
BUY,563,DAVE,2025-07-15,214.29,282423.07,,,30260.93,,,,,,,2025-07-14,217.82,207.72,119.99,213.75,236.54,221.58,,,81.53,,588,5,,-1,
BUY,561,RKLB,2025-07-15,43.29,1398056.15,,,30260.93,,,,,,,2025-07-14,51.41,34.45,24.42,43.25,38.21,30.57,,,110.56,,385,5,,-1,
BUY,562,SEZL,2025-07-15,141.99,426240.23,,,30260.93,,,,,,,2025-07-14,140.63,130.73,69.69,135.86,154.15,134.68,,,101.8,,999,5,,-1,
SELL,533,DAVE,2025-07-15,214.29,330451.63,2025-04-29,93.47,15443.66,35407.07,39926817.79,39891410.72,129.15,52,ratchet-ATR exit,2025-07-14,217.82,207.72,119.99,213.75,236.54,221.58,,,81.53,,588,5,,-1,
SELL,537,SEZL,2025-07-15,141.99,585876.96,2025-05-06,53.83,15768.88,41594.33,51650913.04,51609318.71,163.64,47,ratchet-ATR exit,2025-07-14,140.63,130.73,69.69,135.86,154.15,134.68,,,101.8,,999,5,,-1,
SELL,559,TPC,2025-07-15,49.14,912793.37,2025-07-08,47.58,21715.35,22427.33,1423957.65,1401530.32,3.23,5,rotation (out of top-N),2025-07-14,49.98,42.67,29.64,49.33,47.49,41.74,,,68.65,,63,5,,-0.0,
SELL,557,TTMI,2025-07-15,45.24,959857.02,2025-07-01,40.4,19386.71,21714.37,4655306.53,4633592.16,11.95,9,rotation (out of top-N),2025-07-14,45.03,37.57,26.72,44.31,42.66,35.82,,,68.54,,70,5,,-0.2,
BUY,565,ABVX,2025-07-22,10.6,4351886.64,,,23065.0,,,,,,,2025-07-21,66.43,18.37,8.87,10.11,9.22,7.48,,,649.2,,7,5,,1.9,
BUY,566,AEHR,2025-07-22,19.42,2375386.11,,,23065.0,,,,,,,2025-07-21,21.74,14.16,11.69,16.47,14.85,12.38,,,86.0,,14,5,,1.8,
BUY,564,PVLA,2025-07-22,31.64,1457964.55,,,23065.0,,,,,,,2025-07-21,38.69,27.59,20.67,31.12,28.22,24.69,,,87.16,,161,5,,-1,
SELL,563,DAVE,2025-07-22,191.0,282423.07,2025-07-15,214.29,30260.93,26971.4,-6579045.31,-6606016.71,-10.92,5,rotation (out of top-N),2025-07-21,210.61,208.24,124.19,195.51,215.16,223.31,,,69.59,,595,5,,-1,
SELL,555,NKTR,2025-07-22,23.95,1549387.58,2025-07-01,25.02,19386.71,18557.79,-1657844.71,-1676402.5,-4.32,14,rotation (out of top-N),2025-07-21,25.02,19.49,14.56,24.8,24.51,17.16,,,71.87,,21,5,,1.7,
SELL,556,PARR,2025-07-22,32.88,1440052.89,2025-07-01,26.93,19386.71,23674.47,8575514.98,8551840.51,22.06,14,rotation (out of top-N),2025-07-21,31.43,27.78,18.76,32.41,32.37,26.93,,,67.54,,63,5,,-0.0,
BUY,569,CELC,2025-07-29,34.63,1578032.35,,,27327.58,,,,,,,2025-07-28,39.91,17.65,12.66,36.86,17.95,13.42,,,215.3,,21,5,,1.7,
BUY,567,CLS,2025-07-29,184.12,296853.33,,,27327.58,,,,,,,2025-07-28,194.79,153.59,110.88,173.55,164.95,145.42,,,75.68,,973,5,,-1,
BUY,570,DAVE,2025-07-29,219.06,249504.24,,,27327.58,,,,,,,2025-07-28,232.22,212.6,129.02,212.41,210.87,223.41,,,79.98,,602,5,,-1,
BUY,568,SLGL,2025-07-29,11.0,4968650.05,,,27327.58,,,,,,,2025-07-28,12.9,9.03,7.16,11.0,9.54,7.89,,,80.13,,70,5,,-0.2,
SELL,566,AEHR,2025-07-29,21.3,2375386.11,2025-07-22,19.42,23065.0,25291.92,4453848.96,4428557.04,9.6,5,rotation (out of top-N),2025-07-28,16.85,14.65,11.69,20.93,18.92,13.85,,,44.2,,21,5,,2.4,
SELL,553,CAR,2025-07-29,208.09,226246.3,2025-06-24,152.31,17229.79,23539.8,12620018.38,12596478.58,36.55,24,rotation (out of top-N),2025-07-28,164.15,163.22,106.56,205.98,199.42,162.64,,,54.04,,84,5,,-0.1,
SELL,564,PVLA,2025-07-29,39.79,1457964.55,2025-07-22,31.64,23065.0,29006.2,11882411.08,11853404.87,25.7,5,rotation (out of top-N),2025-07-28,36.49,29.21,21.16,39.91,34.81,26.54,,,72.45,,168,5,,-1,
SELL,561,RKLB,2025-07-29,45.13,1398056.15,2025-07-15,43.29,30260.93,31547.14,2572423.32,2540876.18,4.2,10,rotation (out of top-N),2025-07-28,44.81,38.26,26.17,45.09,46.28,35.95,,,71.21,,399,5,,-1,
BUY,573,LASR,2025-08-05,20.93,2969601.32,,,31084.3,,,,,,,2025-08-04,26.14,19.45,12.62,21.01,20.19,19.02,,,107.13,,77,5,,-0.3,
BUY,571,LEU,2025-08-05,212.06,293165.16,,,31084.3,,,,,,,2025-08-04,222.89,194.69,111.68,209.91,219.72,194.93,,,99.59,,308,5,,-1,
BUY,574,NBIS,2025-08-05,55.84,1113234.91,,,31084.3,,,,,,,2025-08-04,68.8,51.06,35.22,54.18,52.39,50.61,,,95.36,,63,5,,-0.0,
BUY,572,PVLA,2025-08-05,37.14,1673898.86,,,31084.3,,,,,,,2025-08-04,40.8,31.32,21.75,37.19,36.29,28.17,,,87.53,,175,5,,-1,
BUY,575,VSAT,2025-08-05,20.26,3068539.17,,,31084.3,,,,,,,2025-08-04,25.61,16.16,10.83,20.28,16.38,14.37,,,136.43,,56,5,,1.1,
SELL,560,ASTS,2025-08-05,51.7,1254859.03,2025-07-15,48.23,30260.93,32441.24,4360635.11,4328193.87,7.15,15,rotation (out of top-N),2025-08-04,46.59,45.81,30.15,51.39,53.46,47.96,,,54.53,,63,5,,0.2,
SELL,567,CLS,2025-08-05,202.5,296853.33,2025-07-29,184.12,27327.58,30055.66,5456164.17,5426108.51,9.93,5,rotation (out of top-N),2025-08-04,207.82,163.45,114.32,201.86,187.13,155.64,,,81.8,,980,5,,-1,
SELL,570,DAVE,2025-08-05,246.0,249504.24,2025-07-29,219.06,27327.58,30689.02,6722891.65,6692202.63,12.24,5,rotation (out of top-N),2025-08-04,182.91,207.2,132.64,245.48,226.98,226.84,,,37.9,,609,5,,0.1,
SELL,543,LEU,2025-08-05,212.06,273770.38,2025-06-03,135.4,18534.25,29027.87,20987236.95,20958209.08,56.54,43,ratchet-ATR exit,2025-08-04,222.89,194.69,111.68,209.91,219.72,194.93,,,99.59,,308,5,,-1,
SELL,562,SEZL,2025-08-05,156.29,426240.23,2025-07-15,141.99,30260.93,33308.54,6095235.34,6061926.8,10.02,15,rotation (out of top-N),2025-08-04,91.59,127.74,76.56,156.84,148.11,148.67,,,19.62,,999,3.92,,1.0,
BUY,576,BE,2025-08-12,38.5,1659524.81,,,31945.85,,,,,,,2025-08-11,45.27,31.73,24.18,37.66,36.18,27.96,,,87.23,,70,5,,-0.2,
SELL,571,LEU,2025-08-12,217.62,293165.16,2025-08-05,212.06,31084.3,31900.03,1631464.11,1599564.08,2.57,5,rotation (out of top-N),2025-08-11,181.8,192.35,113.92,219.14,222.48,204.14,,,59.59,,315,5,,-1.0,
BUY,577,LQDA,2025-08-19,27.61,1960658.33,,,27061.99,,,,,,,2025-08-18,26.84,19.81,15.0,27.71,23.71,17.17,,,78.92,,217,5,,-1,
SELL,538,HOOD,2025-08-19,116.34,465413.1,2025-05-13,58.94,13715.72,27073.08,26714711.93,26687638.85,97.29,67,rotation (out of top-N),2025-08-18,109.44,99.77,61.9,115.03,111.19,100.87,115.03,111.48,76.79,3.09,616,5,5.1,-1,0.9
BUY,579,AEHR,2025-08-26,25.94,2502871.72,,,32462.25,,,,,,,2025-08-25,24.95,17.83,12.5,24.62,19.37,17.44,,,99.67,,49,5,,1.2,
BUY,578,ECHO,2025-08-26,54.13,1199307.15,,,32462.25,,,,,,,2025-08-25,61.8,33.73,26.27,29.87,28.45,29.1,,,135.21,,49,5,,1.2,
SELL,577,LQDA,2025-08-26,26.37,1960658.33,2025-08-19,27.61,27061.99,25851.28,-2421413.04,-2447264.32,-4.52,5,rotation (out of top-N),2025-08-25,27.68,21.24,15.43,26.23,25.71,18.87,,,79.42,,224,5,,-1,
SELL,574,NBIS,2025-08-26,70.29,1113234.91,2025-08-05,55.84,31084.3,39124.64,16080678.29,16041553.65,25.8,15,rotation (out of top-N),2025-08-25,68.31,59.36,38.92,70.0,67.94,57.24,,,75.52,,84,5,,-0.4,
BUY,581,CRDO,2025-09-09,149.45,455240.95,,,34017.88,,,,,,,2025-09-08,161.98,120.98,76.77,147.61,130.61,113.97,,,110.98,,112,5,,-0.9,
BUY,582,NBIS,2025-09-09,97.17,700136.46,,,34017.88,,,,,,,2025-09-08,90.42,65.91,41.35,64.08,66.53,61.47,,,118.69,,98,5,,-0.6,
BUY,580,NKTR,2025-09-09,44.96,1513250.9,,,34017.88,,,,,,,2025-09-08,48.49,30.88,16.94,44.26,33.87,26.46,,,186.24,,70,5,,-0.2,
SELL,579,AEHR,2025-09-09,25.18,2502871.72,2025-08-26,25.94,32462.25,31511.15,-1902182.51,-1933693.66,-2.98,9,rotation (out of top-N),2025-09-08,26.49,20.55,13.21,25.18,24.4,19.91,,,100.59,,63,5,,-0.0,
SELL,573,LASR,2025-09-09,28.55,2969601.32,2025-08-05,20.93,31084.3,42383.63,22598666.03,22556282.4,36.28,24,rotation (out of top-N),2025-09-08,28.65,25.07,14.77,28.5,28.51,24.01,,,94.04,,112,5,,-0.9,
SELL,558,WLDN,2025-09-09,95.74,589690.54,2025-07-08,73.65,21715.35,28228.49,13026264.07,12998035.59,29.93,44,rotation (out of top-N),2025-09-08,100.86,95.15,56.59,97.42,104.96,97.17,,,78.23,,119,5,,-1.0,
BUY,587,AEHR,2025-09-16,28.76,3283596.9,,,47218.12,,,,,,,2025-09-15,29.93,22.25,13.67,28.78,26.17,21.46,,,119.05,,70,5,,-0.2,
BUY,586,ALAB,2025-09-16,232.89,405497.22,,,47218.12,,,,,,,2025-09-15,245.4,182.2,111.75,231.31,213.97,171.38,,,119.59,,56,5,,1.1,
BUY,585,CELC,2025-09-16,54.47,1733729.52,,,47218.12,,,,,,,2025-09-15,51.9,44.04,19.37,55.07,55.71,45.22,,,167.87,,70,5,,-0.2,
BUY,583,LEU,2025-09-16,240.01,393467.97,,,47218.12,,,,,,,2025-09-15,294.99,217.57,131.74,243.28,217.93,209.95,,,123.92,,350,5,,-1,
BUY,584,SLGL,2025-09-16,24.05,3926663.07,,,47218.12,,,,,,,2025-09-15,30.25,20.65,10.16,23.88,24.31,17.83,,,197.66,,119,5,,-1.0,
SELL,569,CELC,2025-09-16,54.47,1578032.35,2025-07-29,34.63,27327.58,42977.71,31300271.71,31257294.0,57.19,34,ratchet-ATR exit,2025-09-15,51.9,44.04,19.37,55.07,55.71,45.22,,,167.87,,70,5,,-0.2,
SELL,581,CRDO,2025-09-16,163.51,455240.95,2025-09-09,149.45,34017.88,37218.22,6400687.79,6363469.57,9.35,5,rotation (out of top-N),2025-09-15,169.52,129.81,79.11,163.97,149.68,121.57,,,114.28,,119,5,,-1.0,
SELL,572,PVLA,2025-09-16,55.03,1673898.86,2025-08-05,37.14,31084.3,46061.51,29954420.07,29908358.56,48.11,29,rotation (out of top-N),2025-09-15,58.27,48.08,27.5,54.68,55.52,46.58,,,111.86,,217,5,,-1,
SELL,568,SLGL,2025-09-16,24.05,4968650.05,2025-07-29,11.0,27327.58,59748.02,64840883.12,64781135.1,118.53,34,ratchet-ATR exit,2025-09-15,30.25,20.65,10.16,23.88,24.31,17.83,,,197.66,,119,5,,-1.0,
SELL,575,VSAT,2025-09-16,32.77,3068539.17,2025-08-05,20.26,31084.3,50270.34,38372082.33,38321811.99,61.64,29,rotation (out of top-N),2025-09-15,29.59,25.69,13.93,32.91,30.78,25.07,,,112.41,,98,5,,-0.6,
BUY,589,ABVX,2025-09-23,82.64,2753997.08,,,113788.27,,,,,,,2025-09-22,82.78,70.66,24.54,82.2,83.29,77.25,,,237.33,,70,5,,-0.2,
BUY,588,PVLA,2025-09-23,58.29,3904212.53,,,113788.27,,,,,,,2025-09-22,59.51,50.15,28.69,59.13,57.03,49.19,,,107.41,,224,5,,-1,
SELL,565,ABVX,2025-09-23,82.64,4351886.64,2025-07-22,10.6,23065.0,179809.08,313488153.81,313308344.73,679.19,44,ratchet-ATR exit,2025-09-22,82.78,70.66,24.54,82.2,83.29,77.25,,,237.33,,70,5,,-0.2,
SELL,586,ALAB,2025-09-23,236.14,405497.22,2025-09-16,232.89,47218.12,47877.06,1317865.95,1269988.9,1.34,5,rotation (out of top-N),2025-09-22,197.8,185.03,113.4,237.34,233.04,186.89,,,74.43,,63,5,,-0.0,
BUY,590,BE,2025-09-30,72.57,1912638.06,,,69400.07,,,,,,,2025-09-29,90.31,62.53,31.61,73.59,72.59,55.95,,,185.67,,119,5,,-1.0,
BUY,593,ECHO,2025-09-30,77.31,1795255.05,,,69400.07,,,,,,,2025-09-29,77.17,59.07,32.45,73.64,72.72,53.24,,,137.79,,84,5,,-0.4,
BUY,592,MNPR,2025-09-30,76.94,1804122.24,,,69400.07,,,,,,,2025-09-29,100.11,59.02,40.42,76.4,68.42,45.3,,,147.68,,378,5,,-1,
BUY,591,WDC,2025-09-30,117.65,1179771.73,,,69400.07,,,,,,,2025-09-29,131.09,95.94,59.37,116.62,107.27,88.44,116.55,112.79,120.82,3.23,133,5,5.2,-1,0.8
SELL,587,AEHR,2025-09-30,30.24,3283596.9,2025-09-16,28.76,47218.12,49647.99,4859723.41,4810075.42,5.09,10,rotation (out of top-N),2025-09-29,31.04,25.03,14.43,30.48,30.31,24.31,,,115.15,,84,5,,-0.4,
SELL,576,BE,2025-09-30,72.57,1659524.81,2025-08-12,38.5,31945.85,60215.86,56540010.2,56479794.34,88.4,34,ratchet-ATR exit,2025-09-29,90.31,62.53,31.61,73.59,72.59,55.95,,,185.67,,119,5,,-1.0,
SELL,578,ECHO,2025-09-30,77.31,1199307.15,2025-08-26,54.13,32462.25,46362.22,27799939.65,27753577.44,42.75,24,ratchet-ATR exit,2025-09-29,77.17,59.07,32.45,73.64,72.72,53.24,,,137.79,,84,5,,-0.4,
SELL,588,PVLA,2025-09-30,62.26,3904212.53,2025-09-23,58.29,113788.27,121538.14,15499723.75,15378185.62,6.76,5,rotation (out of top-N),2025-09-29,65.79,53.0,30.04,62.2,58.69,51.86,,,119.04,,231,5,,-1,
BUY,595,ASTS,2025-10-07,67.53,1717324.38,,,57981.16,,,,,,,2025-10-06,82.01,55.48,36.56,72.89,58.6,47.93,,,124.32,,126,5,,-1,
BUY,594,PVLA,2025-10-07,68.0,1705328.36,,,57981.16,,,,,,,2025-10-06,70.0,56.09,31.48,68.01,62.7,55.09,,,122.36,,238,5,,-1,
SELL,585,CELC,2025-10-07,47.76,1733729.52,2025-09-16,54.47,47218.12,41401.46,-11633325.05,-11674726.51,-12.36,15,rotation (out of top-N),2025-10-06,46.1,46.17,22.05,47.78,50.09,52.36,,,109.05,,91,5,,-0.5,
SELL,591,WDC,2025-10-07,126.36,1179771.73,2025-09-30,117.65,69400.07,74537.98,10275811.78,10201273.8,7.35,5,rotation (out of top-N),2025-10-06,115.25,99.45,61.16,125.1,120.29,94.99,125.07,120.05,88.44,4.01,140,5,5.7,-1,0.3
BUY,598,CELC,2025-10-14,46.87,2957466.14,,,69300.83,,,,,,,2025-10-13,52.05,47.24,23.06,47.38,48.79,52.08,,,125.75,,98,5,,-0.6,
BUY,596,HUT,2025-10-14,46.99,2949598.86,,,69300.83,,,,,,,2025-10-13,48.46,35.3,21.31,49.08,42.62,32.76,,,127.44,,84,5,,-0.4,
BUY,599,PRAX,2025-10-14,51.65,2683738.03,,,69300.83,,,,,,,2025-10-13,190.03,74.57,52.36,52.41,52.57,47.37,,,262.95,,0,5,,2.0,
BUY,597,SLGL,2025-10-14,37.73,3673513.13,,,69300.83,,,,,,,2025-10-13,38.68,28.78,12.7,37.73,36.09,27.56,,,204.53,,147,5,,-1,
SELL,593,ECHO,2025-10-14,73.89,1795255.05,2025-09-30,77.31,69400.07,66330.19,-6139772.27,-6206102.46,-4.47,10,rotation (out of top-N),2025-10-13,72.38,63.71,34.96,74.84,75.45,65.51,,,107.04,,98,5,,-0.6,
SELL,592,MNPR,2025-10-14,100.93,1804122.24,2025-09-30,76.94,69400.07,91045.03,43289913.04,43198868.02,31.12,10,rotation (out of top-N),2025-10-13,79.68,67.32,43.44,101.68,93.32,60.09,,,83.42,,392,5,,-1,
SELL,582,NBIS,2025-10-14,131.32,700136.46,2025-09-09,97.17,34017.88,45970.96,23906159.37,23860188.41,35.07,25,rotation (out of top-N),2025-10-13,113.46,98.46,52.07,135.51,124.18,93.83,,,117.88,,133,5,,-1,
SELL,584,SLGL,2025-10-14,37.73,3926663.07,2025-09-16,24.05,47218.12,74076.5,53716750.75,53642674.25,56.8,20,ratchet-ATR exit,2025-10-13,38.68,28.78,12.7,37.73,36.09,27.56,,,204.53,,147,5,,-1,
BUY,600,GRAL,2025-10-21,90.83,1513392.09,,,68726.92,,,,,,,2025-10-20,89.34,60.13,40.28,91.91,75.69,51.0,,,121.8,,999,5,,-1,
BUY,601,INBX,2025-10-21,38.31,3587936.23,,,68726.92,,,,,,,2025-10-20,57.25,35.17,19.64,38.2,35.61,30.73,,,191.45,,112,5,,-0.9,
BUY,602,VSAT,2025-10-21,36.88,3727561.68,,,68726.92,,,,,,,2025-10-20,38.13,31.18,17.01,37.09,35.13,31.67,,,124.21,,133,5,,-1,
SELL,595,ASTS,2025-10-21,81.28,1717324.38,2025-10-07,67.53,57981.16,69792.06,23621796.8,23552004.74,20.31,10,rotation (out of top-N),2025-10-20,73.74,62.98,39.41,82.78,83.06,57.64,,,87.09,,140,5,,-1,
SELL,596,HUT,2025-10-21,48.73,2949598.86,2025-10-14,46.99,69300.83,71866.98,5132302.02,5060435.04,3.65,5,rotation (out of top-N),2025-10-20,47.65,37.55,21.83,49.92,47.29,36.2,,,118.33,,91,5,,-0.5,
SELL,594,PVLA,2025-10-21,75.75,1705328.36,2025-10-07,68.0,57981.16,64589.31,13216294.8,13151705.48,11.34,10,rotation (out of top-N),2025-10-20,73.43,61.83,34.48,77.48,72.82,61.62,,,112.96,,252,5,,-1,
BUY,603,HUT,2025-10-28,50.74,2679502.45,,,67978.98,,,,,,,2025-10-27,50.64,39.93,22.44,49.77,46.11,38.57,,,125.66,,98,5,,-0.6,
BUY,604,NBIS,2025-10-28,126.25,1076894.69,,,67978.98,,,,,,,2025-10-27,130.76,107.14,56.33,125.42,115.54,105.28,,,132.13,,147,5,,-1,
SELL,600,GRAL,2025-10-28,83.26,1513392.09,2025-10-21,90.83,68726.92,63002.51,-11448811.19,-11511813.71,-8.38,5,rotation (out of top-N),2025-10-27,91.9,65.91,41.86,85.02,81.32,57.33,,,119.52,,999,5,,-1,
SELL,583,LEU,2025-10-28,371.0,393467.97,2025-09-16,240.01,47218.12,72988.31,51540368.99,51467380.68,54.5,30,rotation (out of top-N),2025-10-27,368.15,319.75,173.8,359.55,367.3,308.52,,,111.82,,392,5,,-1,
BUY,608,LITE,2025-11-04,188.56,689516.26,,,65007.59,,,,,,,2025-11-03,240.08,176.39,105.04,199.53,190.59,168.71,199.53,191.54,128.55,4.01,140,5,5.7,-1,0.3
BUY,607,MBX,2025-11-04,20.95,6205975.48,,,65007.59,,,,,,,2025-11-03,25.57,17.57,12.23,20.64,18.85,15.46,,,109.03,,84,5,,-0.4,
BUY,606,SLGL,2025-11-04,35.91,3620584.41,,,65007.59,,,,,,,2025-11-03,35.91,32.34,14.79,35.91,37.37,33.44,,,142.87,,168,5,,-1,
BUY,605,WDC,2025-11-04,151.16,860116.34,,,65007.59,,,,,,,2025-11-03,162.8,124.77,70.95,157.81,137.39,118.39,157.77,147.26,129.47,6.66,168,5,6,-1,0.0
SELL,603,HUT,2025-11-04,49.75,2679502.45,2025-10-28,50.74,67978.98,66652.62,-2652707.43,-2719360.05,-2.0,5,rotation (out of top-N),2025-11-03,44.61,40.78,23.01,55.0,49.61,41.69,,,93.84,,105,5,,-0.8,
SELL,604,NBIS,2025-11-04,112.36,1076894.69,2025-10-28,126.25,67978.98,60497.25,-14963451.68,-15023948.94,-11.05,5,rotation (out of top-N),2025-11-03,111.18,107.87,58.29,120.45,121.22,112.69,,,90.73,,154,5,,-1,
SELL,597,SLGL,2025-11-04,35.91,3673513.13,2025-10-14,37.73,69300.83,65957.93,-6685793.9,-6751751.83,-4.87,15,ratchet-ATR exit,2025-11-03,35.91,32.34,14.79,35.91,37.37,33.44,,,142.87,,168,5,,-1,
SELL,602,VSAT,2025-11-04,36.01,3727561.68,2025-10-21,36.88,68726.92,67114.75,-3224340.85,-3291455.6,-2.39,10,rotation (out of top-N),2025-11-03,35.88,33.32,18.37,38.4,38.2,33.54,,,95.31,,147,5,,-1,
BUY,610,GSAT,2025-11-11,59.29,2005316.2,,,59447.6,,,,,,,2025-11-10,62.85,46.13,28.1,57.62,49.99,42.7,,,123.68,,98,5,,-0.6,
BUY,609,PVLA,2025-11-11,77.77,1528805.42,,,59447.6,,,,,,,2025-11-10,83.97,70.42,39.48,80.26,77.09,69.45,,,112.72,,273,5,,-1,
SELL,607,MBX,2025-11-11,24.38,6205975.48,2025-11-04,20.95,65007.59,75635.33,21255466.02,21179830.69,16.29,5,rotation (out of top-N),2025-11-10,24.83,18.89,12.55,24.41,22.1,17.07,,,97.9,,91,5,,-0.5,
SELL,580,NKTR,2025-11-11,57.16,1513250.9,2025-09-09,44.96,34017.88,43248.71,18461660.94,18418412.23,27.07,45,rotation (out of top-N),2025-11-10,56.69,53.84,26.91,58.02,57.97,58.23,,,110.67,,133,5,,-1,
BUY,612,GRAL,2025-11-18,78.81,1954767.13,,,77027.6,,,,,,,2025-11-17,93.51,74.62,45.24,84.87,83.34,74.96,,,106.68,,999,5,,-1,
BUY,613,MBX,2025-11-18,25.36,6074731.78,,,77027.6,,,,,,,2025-11-17,27.07,20.38,12.96,25.59,23.86,18.68,,,108.76,,98,5,,-0.6,
BUY,611,SLGL,2025-11-18,35.23,4372841.27,,,77027.6,,,,,,,2025-11-17,35.23,33.3,16.24,35.23,35.36,35.77,,,116.99,,182,5,,-1,
SELL,590,BE,2025-11-18,103.85,1912638.06,2025-09-30,72.57,69400.07,99313.73,59827318.6,59728004.87,43.03,35,rotation (out of top-N),2025-11-17,90.0,99.15,46.68,107.04,119.85,106.23,,,92.8,,168,5,,-1,
SELL,606,SLGL,2025-11-18,35.23,3620584.41,2025-11-04,35.91,65007.59,63776.59,-2461997.4,-2525774.0,-1.94,10,ratchet-ATR exit,2025-11-17,35.23,33.3,16.24,35.23,35.36,35.77,,,116.99,,182,5,,-1,
SELL,605,WDC,2025-11-18,158.5,860116.34,2025-11-04,151.16,65007.59,68164.22,6313253.95,6245089.73,4.8,10,rotation (out of top-N),2025-11-17,138.96,132.24,76.11,162.23,159.01,133.69,162.18,153.86,82.58,5.13,182,5,6,-1,0.0
BUY,614,ARWR,2025-11-25,44.2,2713324.39,,,59964.47,,,,,,,2025-11-24,52.68,39.58,22.84,44.28,40.72,38.66,,,130.69,,98,5,,-0.6,
SELL,610,GSAT,2025-11-25,59.75,2005316.2,2025-11-11,59.29,59447.6,59908.82,922445.45,862536.63,0.73,10,rotation (out of top-N),2025-11-24,60.65,50.36,29.95,59.85,58.12,49.05,,,102.5,,112,5,,-0.9,
BUY,615,BE,2025-12-02,101.42,1753894.4,,,88944.37,,,,,,,2025-12-01,119.29,104.31,51.19,98.94,103.21,110.83,,,133.05,,182,5,,-1,
BUY,616,GSAT,2025-12-02,61.43,2895795.85,,,88944.37,,,,,,,2025-12-01,68.45,53.65,31.12,60.12,59.48,51.16,,,119.95,,119,5,,-1.0,
SELL,612,GRAL,2025-12-02,99.51,1954767.13,2025-11-18,78.81,77027.6,97259.44,40463679.69,40366420.25,26.2,9,rotation (out of top-N),2025-12-01,100.85,84.73,48.55,98.1,98.98,84.57,,,107.74,,999,5,,-1,
SELL,611,SLGL,2025-12-02,36.95,4372841.27,2025-11-18,35.23,77027.6,80777.31,7499422.78,7418645.47,4.82,9,rotation (out of top-N),2025-12-01,36.95,34.87,17.84,36.95,37.33,37.27,,,107.15,,196,5,,-1,
BUY,619,ECHO,2025-12-09,88.23,2030576.3,,,89583.95,,,,,,,2025-12-08,107.31,78.07,44.75,88.31,76.81,72.97,,,139.82,,154,5,,-1,
BUY,618,SLGL,2025-12-09,43.45,4124016.56,,,89583.95,,,,,,,2025-12-08,42.3,36.22,18.74,36.95,37.09,36.96,,,125.69,,203,5,,-1,
BUY,617,VSXY,2025-12-09,51.21,3498689.7,,,89583.95,,,,,,,2025-12-08,54.39,39.83,25.31,50.67,43.43,36.04,,,114.94,,70,5,,-0.2,
SELL,615,BE,2025-12-09,110.39,1753894.4,2025-12-02,101.42,88944.37,96801.82,15714893.79,15618091.97,8.78,5,rotation (out of top-N),2025-12-08,94.95,102.61,52.98,111.84,109.07,113.89,,,79.2,,189,5,,-1,
SELL,613,MBX,2025-12-09,31.63,6074731.78,2025-11-18,25.36,77027.6,96071.88,38088568.25,37992496.37,24.66,14,rotation (out of top-N),2025-12-08,29.84,25.55,14.62,31.39,31.37,23.52,,,104.16,,119,5,,-1.0,
SELL,609,PVLA,2025-12-09,99.5,1528805.42,2025-11-11,77.77,59447.6,76058.07,33220941.82,33144883.75,27.88,19,rotation (out of top-N),2025-12-08,98.75,86.39,47.32,100.94,95.68,83.07,,,108.67,,301,5,,-1,
BUY,620,FBRX,2025-12-16,22.41,10465057.53,,,117260.97,,,,,,,2025-12-15,29.65,19.09,11.96,21.79,20.48,16.03,,,147.9,,91,5,,-0.5,
BUY,621,INBX,2025-12-16,76.52,3065045.28,,,117260.97,,,,,,,2025-12-15,86.53,73.9,33.59,75.97,82.59,75.11,,,157.58,,168,5,,-1,
SELL,616,GSAT,2025-12-16,67.24,2895795.85,2025-12-02,61.43,88944.37,97356.66,16824573.89,16727217.24,9.4,10,rotation (out of top-N),2025-12-15,62.27,58.1,33.39,69.14,68.45,57.17,,,86.49,,133,5,,-1,
SELL,601,INBX,2025-12-16,76.52,3587936.23,2025-10-21,38.31,68726.92,137265.47,137077103.67,136939838.2,99.63,39,ratchet-ATR exit,2025-12-15,86.53,73.9,33.59,75.97,82.59,75.11,,,157.58,,168,5,,-1,
BUY,623,FEIM,2025-12-23,52.46,3484213.99,,,91390.93,,,,,,,2025-12-22,56.07,39.92,27.31,53.14,43.71,34.06,,,105.33,,518,5,,-1,
BUY,622,SLGL,2025-12-23,41.03,4454834.65,,,91390.93,,,,,,,2025-12-22,44.02,38.57,20.61,41.03,40.85,37.87,,,113.58,,217,5,,-1,
SELL,618,SLGL,2025-12-23,41.03,4124016.56,2025-12-09,43.45,89583.95,84604.2,-9959499.99,-10044104.19,-5.61,10,ratchet-ATR exit,2025-12-22,44.02,38.57,20.61,41.03,40.85,37.87,,,113.58,,217,5,,-1,
SELL,617,VSXY,2025-12-23,56.16,3498689.7,2025-12-09,51.21,89583.95,98243.21,17318514.0,17220270.8,9.61,10,rotation (out of top-N),2025-12-22,53.83,44.89,27.08,55.26,53.06,41.79,,,98.77,,84,5,,-0.4,
BUY,625,CIEN,2025-12-30,239.75,984955.89,,,118071.59,,,,,,,2025-12-29,245.99,210.95,125.18,238.86,230.62,206.5,238.86,234.71,96.51,1.74,189,5,4.2,-1,1.8
BUY,624,MU,2025-12-30,294.69,801327.41,,,118071.59,,,,,,,2025-12-29,315.25,251.78,153.74,294.25,270.46,242.38,294.25,288.38,105.05,1.99,203,5,4.3,-1,1.7
SELL,620,FBRX,2025-12-30,26.23,10465057.53,2025-12-16,22.41,117260.97,137249.23,39976519.77,39839270.54,16.99,9,rotation (out of top-N),2025-12-29,23.81,21.24,12.82,26.03,26.11,19.27,,,85.66,,105,5,,-0.8,
SELL,623,FEIM,2025-12-30,56.85,3484213.99,2025-12-23,52.46,91390.93,99038.78,15295699.4,15196660.61,8.31,4,rotation (out of top-N),2025-12-29,50.51,41.85,28.18,56.1,50.31,35.88,,,79.23,,525,5,,-1,
BUY,626,BE,2026-01-06,105.19,3300327.76,,,173580.74,,,,,,,2026-01-05,134.12,104.86,61.15,103.86,93.64,102.74,,,119.36,,217,5,,-1,
BUY,629,PRAX,2026-01-06,276.31,1256442.98,,,173580.74,,,,,,,2026-01-05,288.85,238.56,103.05,276.67,281.34,228.46,,,180.31,,84,5,,-0.4,
BUY,630,RVMD,2026-01-06,78.58,4417936.84,,,173580.74,,,,,,,2026-01-05,118.92,81.08,50.87,78.33,79.26,74.78,,,133.77,,112,5,,-0.9,
BUY,628,VICR,2026-01-06,137.95,2516574.68,,,173580.74,,,,,,,2026-01-05,142.07,104.64,63.05,133.83,113.84,97.28,,,125.32,,112,5,,-0.9,
BUY,627,VSXY,2026-01-06,56.17,6180549.7,,,173580.74,,,,,,,2026-01-05,65.87,49.96,29.18,55.16,54.22,45.61,,,125.74,,98,5,,-0.6,
SELL,589,ABVX,2026-01-06,123.64,2753997.08,2025-09-23,82.64,113788.27,170245.21,112913880.19,112743634.98,49.54,72,rotation (out of top-N),2026-01-05,114.44,118.1,63.71,123.17,131.76,120.61,,,79.62,,175,5,,-1,
SELL,614,ARWR,2026-01-06,72.05,2713324.39,2025-11-25,44.2,59964.47,97740.73,75552517.76,75454777.03,62.92,27,rotation (out of top-N),2026-01-05,64.59,58.82,30.63,63.88,67.1,57.07,,,110.92,,140,5,,-1,
SELL,625,CIEN,2026-01-06,230.95,984955.89,2025-12-30,239.75,118071.59,113737.78,-8667611.81,-8781349.59,-3.72,4,rotation (out of top-N),2026-01-05,230.82,214.56,129.61,231.06,234.13,211.27,231.06,218.65,78.09,5.37,196,5,6,-1,0.0
SELL,621,INBX,2026-01-06,75.8,3065045.28,2025-12-16,76.52,117260.97,116165.22,-2191507.37,-2307672.59,-0.98,13,rotation (out of top-N),2026-01-05,72.89,74.61,38.24,76.93,79.06,81.29,,,90.57,,189,5,,-1,
SELL,599,PRAX,2026-01-06,276.31,2683738.03,2025-10-14,51.65,69300.83,370765.12,602928585.64,602557820.52,434.74,57,ratchet-ATR exit,2026-01-05,288.85,238.56,103.05,276.67,281.34,228.46,,,180.31,,84,5,,-0.4,
BUY,632,ASTS,2026-01-13,96.66,3228898.64,,,156052.67,,,,,,,2026-01-12,115.78,83.41,54.52,98.41,88.73,71.24,,,112.35,,224,5,,-1,
BUY,631,FBRX,2026-01-13,29.75,10490935.87,,,156052.67,,,,,,,2026-01-12,33.51,23.85,13.96,29.66,25.77,22.18,,,140.04,,119,5,,-1.0,
BUY,633,MBX,2026-01-13,35.44,8807826.79,,,156052.67,,,,,,,2026-01-12,40.52,30.73,17.77,36.48,31.91,30.24,,,127.97,,154,5,,-1,
SELL,598,CELC,2026-01-13,104.44,2957466.14,2025-10-14,46.87,69300.83,154438.88,170276112.85,170121673.96,122.74,62,rotation (out of top-N),2026-01-12,106.93,97.69,50.59,104.5,104.35,100.45,,,111.35,,189,5,,-1,
SELL,608,LITE,2026-01-13,336.94,689516.26,2025-11-04,188.56,65007.59,116161.08,102306975.33,102190814.25,78.6,47,rotation (out of top-N),2026-01-12,324.01,321.51,170.76,339.8,363.3,330.17,339.8,318.45,89.74,6.28,210,5,6,-1,0.0
SELL,627,VSXY,2026-01-13,63.94,6180549.7,2026-01-06,56.17,173580.74,197592.17,48022871.2,47825279.03,13.78,5,rotation (out of top-N),2026-01-12,59.83,51.75,30.25,63.09,59.62,48.97,,,97.78,,105,5,,-0.8,
BUY,637,ARWR,2026-01-27,66.79,4833458.65,,,161413.35,,,,,,,2026-01-26,69.31,62.56,34.72,66.78,66.75,65.98,,,99.61,,161,5,,-1,
BUY,638,CELC,2026-01-27,116.63,2767955.96,,,161413.35,,,,,,,2026-01-26,109.41,101.66,55.55,114.09,108.8,103.7,,,96.94,,203,5,,-1,
BUY,639,LITE,2026-01-27,341.76,944586.79,,,161413.35,,,,,,,2026-01-26,391.71,336.91,186.23,332.32,347.17,350.37,332.32,317.49,110.33,4.46,224,5,6.0,-1,0.0
BUY,636,SLGL,2026-01-27,55.84,5780762.89,,,161413.35,,,,,,,2026-01-26,62.7,50.8,27.0,55.84,57.01,46.29,,,132.26,,252,5,,-1,
BUY,635,STX,2026-01-27,360.67,895075.01,,,161413.35,,,,,,,2026-01-26,406.78,316.33,206.71,357.76,333.25,296.38,357.5,343.34,96.79,3.96,245,5,5.6,-1,0.4
BUY,634,WDC,2026-01-27,244.1,1322518.24,,,161413.35,,,,,,,2026-01-26,250.14,201.48,115.11,240.84,227.08,189.44,240.78,230.62,117.31,4.22,252,5,5.8,-1,0.2
SELL,632,ASTS,2026-01-27,106.11,3228898.64,2026-01-13,96.66,156052.67,171317.29,30529236.61,30357919.32,9.73,9,rotation (out of top-N),2026-01-26,111.18,92.95,58.96,105.07,105.08,82.44,,,88.57,,238,5,,-1,
SELL,619,ECHO,2026-01-27,120.78,2030576.3,2025-12-09,88.23,89583.95,122631.58,66095258.41,65972626.83,36.82,32,rotation (out of top-N),2026-01-26,113.22,107.35,60.71,119.75,122.52,105.58,,,86.49,,203,5,,-1,
SELL,631,FBRX,2026-01-27,32.4,10490935.87,2026-01-13,29.75,156052.67,169953.16,27800980.06,27631026.9,8.85,9,rotation (out of top-N),2026-01-26,29.1,25.94,15.15,32.69,30.99,25.49,,,92.13,,133,5,,-1,
SELL,633,MBX,2026-01-27,37.21,8807826.79,2026-01-13,35.44,156052.67,163869.62,15633892.55,15470022.93,4.96,9,rotation (out of top-N),2026-01-26,36.85,32.89,19.22,36.58,38.46,33.15,,,91.71,,168,5,,-1,
SELL,630,RVMD,2026-01-27,98.26,4417936.84,2026-01-06,78.58,173580.74,217053.24,86944997.01,86727943.77,24.98,14,rotation (out of top-N),2026-01-26,96.87,94.16,56.46,97.74,111.51,90.55,,,71.58,,133,5,,-1,
SELL,622,SLGL,2026-01-27,55.84,4454834.65,2025-12-23,41.03,91390.93,124390.12,65998375.34,65873985.22,36.04,22,ratchet-ATR exit,2026-01-26,62.7,50.8,27.0,55.84,57.01,46.29,,,132.26,,252,5,,-1,
BUY,642,FORM,2026-02-03,75.0,5392345.42,,,202212.95,,,,,,,2026-02-02,90.29,68.87,44.1,71.25,73.0,64.75,,,104.74,,126,5,,-1,
BUY,640,POWL,2026-02-03,148.44,2724507.59,,,202212.95,,,,,,,2026-02-02,194.68,138.87,97.28,146.68,143.97,124.17,,,100.13,,182,5,,-1,
BUY,641,TER,2026-02-03,257.95,1567846.12,,,202212.95,,,,,,,2026-02-02,300.02,226.2,142.87,249.51,239.36,214.12,249.51,241.38,109.99,3.26,168,5,5.2,-1,0.8
SELL,637,ARWR,2026-02-03,74.84,4833458.65,2026-01-27,66.79,161413.35,180868.02,38909342.17,38728474.14,12.0,5,rotation (out of top-N),2026-02-02,64.48,62.91,35.98,73.03,68.46,67.34,,,79.23,,168,5,,-1,
SELL,626,BE,2026-02-03,163.16,3300327.76,2026-01-06,105.19,173580.74,269240.74,191320000.14,191050759.4,55.03,19,rotation (out of top-N),2026-02-02,143.12,128.03,74.11,156.25,149.9,117.45,,,93.11,,245,5,,-1,
SELL,638,CELC,2026-02-03,113.19,2767955.96,2026-01-27,116.63,161413.35,156652.47,-9521768.5,-9678420.97,-3.0,5,rotation (out of top-N),2026-02-02,106.7,102.58,57.95,111.49,111.07,105.4,,,84.13,,210,5,,-1,
BUY,645,ICHR,2026-02-10,42.54,9266955.31,,,197108.14,,,,,,,2026-02-09,46.81,29.64,20.65,34.08,30.95,24.88,,,126.63,,35,5,,1.4,
BUY,643,MU,2026-02-10,376.14,1048057.32,,,197108.14,,,,,,,2026-02-09,411.43,351.81,200.73,383.19,395.93,335.82,382.83,370.34,104.97,3.26,245,5,5.2,-1,0.8
BUY,644,UCTT,2026-02-10,54.19,7274705.28,,,197108.14,,,,,,,2026-02-09,55.36,40.55,27.55,50.76,45.94,35.85,,,100.95,,126,5,,-1,
SELL,624,MU,2026-02-10,376.14,801327.41,2025-12-30,294.69,118071.59,150705.65,65268117.44,65117411.79,27.58,28,ratchet-ATR exit,2026-02-09,411.43,351.81,200.73,383.19,395.93,335.82,382.83,370.34,104.97,3.26,245,5,5.2,-1,0.8
SELL,640,POWL,2026-02-10,185.8,2724507.59,2026-02-03,148.44,202212.95,253106.75,101787603.46,101534496.71,25.11,5,rotation (out of top-N),2026-02-09,194.41,148.97,100.69,187.29,167.44,131.99,,,93.08,,189,5,,-1,
SELL,635,STX,2026-02-10,419.63,895075.01,2026-01-27,360.67,161413.35,187800.16,52773622.54,52585822.37,16.29,10,rotation (out of top-N),2026-02-09,425.08,352.81,223.4,424.25,410.94,333.24,423.95,407.81,90.28,3.81,259,5,5.5,-1,0.5
BUY,648,AAOI,2026-02-24,52.39,8443785.15,,,221184.95,,,,,,,2026-02-23,84.23,48.66,30.65,53.97,47.39,40.46,,,174.8,,168,5,,-1,
BUY,647,CIEN,2026-02-24,342.05,1293290.17,,,221184.95,,,,,,,2026-02-23,348.66,278.98,166.85,344.77,310.47,260.9,344.77,332.53,108.97,3.55,245,5,5.4,-1,0.6
BUY,646,PVLA,2026-02-24,112.45,3933925.34,,,221184.95,,,,,,,2026-02-23,135.63,95.81,66.66,87.58,82.91,89.8,,,103.47,,378,5,,-1,
SELL,643,MU,2026-02-24,429.11,1048057.32,2026-02-10,376.14,197108.14,224865.94,55515596.04,55290730.1,14.03,9,rotation (out of top-N),2026-02-23,412.53,374.19,216.96,420.61,412.28,371.65,419.46,407.62,90.14,2.82,259,5,4.9,-1,1.1
SELL,641,TER,2026-02-24,323.24,1567846.12,2026-02-03,257.95,202212.95,253395.29,102364673.07,102111277.79,25.25,14,rotation (out of top-N),2026-02-23,320.2,268.71,160.95,318.5,308.88,251.83,318.62,309.74,98.94,2.79,189,5,4.9,-1,1.1
SELL,634,WDC,2026-02-24,280.77,1322518.24,2026-01-27,244.1,161413.35,185661.72,48496744.03,48311082.31,14.97,19,rotation (out of top-N),2026-02-23,279.66,245.96,138.63,280.25,280.85,239.79,280.25,267.39,101.74,4.59,280,5,6,-1,0.0
BUY,649,DNTH,2026-03-03,53.62,8385117.27,,,224804.99,,,,,,,2026-03-02,65.25,51.32,35.0,55.24,52.46,48.01,,,86.44,,189,5,,-1,
BUY,651,ENLT,2026-03-03,70.91,6341019.5,,,224804.99,,,,,,,2026-03-02,77.18,61.44,37.77,73.35,69.33,59.53,,,104.37,,301,5,,-1,
BUY,652,FET,2026-03-03,59.18,7597329.97,,,224804.99,,,,,,,2026-03-02,57.19,49.19,31.41,60.17,56.87,46.95,,,82.1,,266,5,,-1,
BUY,650,SII,2026-03-03,154.6,2908214.67,,,224804.99,,,,,,,2026-03-02,160.02,131.81,89.45,164.9,150.86,125.56,,,78.9,,378,5,,-1,
SELL,647,CIEN,2026-03-03,338.33,1293290.17,2026-02-24,342.05,221184.95,218779.43,-4811039.45,-5029818.88,-1.14,5,rotation (out of top-N),2026-03-02,293.96,281.7,172.19,353.64,334.62,274.57,353.64,340.22,70.71,3.8,252,5,5.5,-1,0.5
SELL,642,FORM,2026-03-03,93.88,5392345.42,2026-02-03,75.0,202212.95,253103.21,101780519.74,101527416.53,25.1,19,rotation (out of top-N),2026-03-02,85.02,82.19,50.43,99.67,97.39,81.9,,,68.59,,154,5,,-1,
SELL,645,ICHR,2026-03-03,45.03,9266955.31,2026-02-10,42.54,197108.14,208645.5,23074718.72,22866073.23,5.8,14,rotation (out of top-N),2026-03-02,39.97,36.69,22.84,48.45,47.89,35.43,,,75.0,,56,5,,1.1,
SELL,644,UCTT,2026-03-03,60.28,7274705.28,2026-02-10,54.19,197108.14,219259.62,44302955.13,44083695.52,11.18,14,rotation (out of top-N),2026-03-02,50.52,47.62,30.27,63.27,60.7,47.55,,,66.88,,147,5,,-1,
BUY,658,ANAB,2026-03-10,40.52,11991916.83,,,242956.23,,,,,,,2026-03-09,43.26,35.45,24.04,39.83,37.61,34.28,,,79.98,,266,5,,-1,
BUY,660,CIEN,2026-03-10,328.33,1479951.48,,,242956.23,,,,,,,2026-03-09,337.59,291.86,178.81,318.34,322.19,283.91,318.34,302.72,88.79,4.91,259,5,6,-1,0.0
BUY,657,LASR,2026-03-10,62.52,7772112.44,,,242956.23,,,,,,,2026-03-09,62.56,52.18,34.06,61.05,60.72,51.51,,,83.69,,294,5,,-1,
BUY,659,LITE,2026-03-10,677.07,717674.77,,,242956.23,,,,,,,2026-03-09,622.14,531.67,266.94,640.74,651.31,513.32,640.06,603.83,133.06,5.66,266,5,6,-1,0.0
BUY,655,MU,2026-03-10,394.62,1231342.73,,,242956.23,,,,,,,2026-03-09,425.94,383.01,231.8,389.21,397.03,395.25,389.04,376.28,83.76,3.28,273,5,5.2,-1,0.8
BUY,656,SLGL,2026-03-10,84.92,5722002.71,,,242956.23,,,,,,,2026-03-09,84.92,70.89,37.44,78.77,81.6,69.16,,,126.8,,294,5,,-1,
BUY,654,VICR,2026-03-10,170.43,2851180.69,,,242956.23,,,,,,,2026-03-09,172.48,158.49,90.11,169.64,182.51,165.94,,,91.4,,175,5,,-1,
BUY,653,WDC,2026-03-10,269.33,1804152.79,,,242956.23,,,,,,,2026-03-09,272.29,250.64,148.9,262.06,264.34,259.79,262.06,250.43,82.87,4.44,294,5,6.0,-1,0.0
SELL,651,ENLT,2026-03-10,74.38,6341019.5,2026-03-03,70.91,224804.99,235822.52,22035042.78,21799220.26,4.85,5,rotation (out of top-N),2026-03-09,70.19,63.03,39.03,78.59,73.84,62.78,,,79.84,,308,5,,-1,
SELL,652,FET,2026-03-10,58.2,7597329.97,2026-03-03,59.18,224804.99,221082.3,-7445383.38,-7666465.68,-1.71,5,rotation (out of top-N),2026-03-09,54.35,50.13,32.35,57.61,57.5,49.34,,,68.0,,273,5,,-1,
SELL,639,LITE,2026-03-10,677.07,944586.79,2026-01-27,341.76,161413.35,319773.33,316719949.94,316400176.62,98.01,29,ratchet-ATR exit,2026-03-09,622.14,531.67,266.94,640.74,651.31,513.32,640.06,603.83,133.06,5.66,266,5,6,-1,0.0
SELL,629,PRAX,2026-03-10,315.3,1256442.98,2026-01-06,276.31,173580.74,198075.09,48988711.69,48790636.6,14.05,43,rotation (out of top-N),2026-03-09,293.66,302.56,165.96,308.55,320.89,316.4,,,76.95,,147,5,,-1,
SELL,646,PVLA,2026-03-10,138.2,3933925.34,2026-02-24,112.45,221184.95,271834.24,101298577.42,101026743.18,22.84,10,rotation (out of top-N),2026-03-09,121.74,106.28,71.82,137.04,127.96,98.51,,,69.5,,392,5,,-1,
SELL,650,SII,2026-03-10,164.13,2908214.67,2026-03-03,154.6,224804.99,238662.64,27715285.8,27476623.16,6.11,5,rotation (out of top-N),2026-03-09,147.22,134.61,91.6,161.83,157.31,132.71,,,60.73,,385,5,,-1,
SELL,636,SLGL,2026-03-10,84.92,5780762.89,2026-01-27,55.84,161413.35,245451.19,168075680.99,167830229.8,51.99,29,ratchet-ATR exit,2026-03-09,84.92,70.89,37.44,78.77,81.6,69.16,,,126.8,,294,5,,-1,
SELL,628,VICR,2026-03-10,170.43,2516574.68,2026-01-06,137.95,173580.74,214443.62,81725762.68,81511319.06,23.48,43,ratchet-ATR exit,2026-03-09,172.48,158.49,90.11,169.64,182.51,165.94,,,91.4,,175,5,,-1,
BUY,662,DOCN,2026-03-17,72.01,7390248.46,,,266085.9,,,,,,,2026-03-16,82.72,62.98,43.97,71.97,64.05,60.01,,,88.13,,168,5,,-1,
BUY,663,ICHR,2026-03-17,46.63,11412648.32,,,266085.9,,,,,,,2026-03-16,46.84,39.25,24.15,42.62,43.43,40.19,,,93.9,,70,5,,-0.2,
BUY,661,TSEM,2026-03-17,138.17,3851572.64,,,266085.9,,,,,,,2026-03-16,163.67,130.12,89.49,138.59,124.31,128.81,,,82.89,,231,5,,-1,
SELL,658,ANAB,2026-03-17,42.41,11991916.83,2026-03-10,40.52,242956.23,254288.6,22664722.81,22410434.21,4.61,5,rotation (out of top-N),2026-03-16,41.6,36.57,24.69,43.14,40.89,35.65,,,68.51,,273,5,,-1,
SELL,655,MU,2026-03-17,452.34,1231342.73,2026-03-10,394.62,242956.23,278492.79,71073102.64,70794609.85,14.57,5,rotation (out of top-N),2026-03-16,422.69,390.22,239.48,441.68,413.09,405.16,445.15,432.67,76.5,2.8,280,5,4.9,-1,1.1
SELL,654,VICR,2026-03-17,186.1,2851180.69,2026-03-10,170.43,242956.23,265302.36,44692257.39,44426955.03,9.14,5,rotation (out of top-N),2026-03-16,164.37,159.56,93.13,185.61,178.75,170.16,,,76.49,,182,5,,-1,
BUY,665,AGX,2026-03-24,465.27,1149157.43,,,267334.24,,,,,,,2026-03-23,565.11,441.76,313.39,462.17,465.05,419.88,,,80.32,,1176,5,,-1,
BUY,667,FET,2026-03-24,59.97,8916342.46,,,267334.24,,,,,,,2026-03-23,62.05,53.23,34.34,58.85,57.21,53.2,,,80.71,,287,5,,-1,
BUY,664,SLGL,2026-03-24,76.24,7012965.32,,,267334.24,,,,,,,2026-03-23,77.75,73.04,40.94,76.94,80.07,74.51,,,89.9,,308,5,,-1,
BUY,666,SYRE,2026-03-24,41.31,12942834.08,,,267334.24,,,,,,,2026-03-23,47.33,39.69,26.27,42.77,42.09,38.51,,,80.19,,161,5,,-1,
SELL,662,DOCN,2026-03-24,84.78,7390248.46,2026-03-17,72.01,266085.9,313272.63,94373472.79,94060200.15,17.67,5,rotation (out of top-N),2026-03-23,81.42,66.34,45.32,86.06,76.36,63.83,,,79.66,,175,5,,-1,
SELL,657,LASR,2026-03-24,70.23,7772112.44,2026-03-10,62.52,242956.23,272937.16,59961847.49,59688910.34,12.28,10,rotation (out of top-N),2026-03-23,64.53,56.45,36.43,69.96,67.03,57.31,,,77.14,,308,5,,-1,
SELL,656,SLGL,2026-03-24,76.24,5722002.71,2026-03-10,84.92,242956.23,218122.74,-49666983.5,-49885106.24,-10.27,10,ratchet-ATR exit,2026-03-23,77.75,73.04,40.94,76.94,80.07,74.51,,,89.9,,308,5,,-1,
SELL,653,WDC,2026-03-24,294.51,1804152.79,2026-03-10,269.33,242956.23,265675.03,45437587.92,45171912.89,9.3,10,rotation (out of top-N),2026-03-23,275.49,261.46,160.24,295.02,290.68,276.04,295.02,283.25,71.92,3.99,308,5,5.7,-1,0.3
BUY,672,AAOI,2026-03-31,86.51,6951863.28,,,300702.85,,,,,,,2026-03-30,103.89,79.47,40.27,85.2,97.67,76.52,,,157.95,,203,5,,-1,
BUY,671,DOCN,2026-03-31,78.93,7619481.73,,,300702.85,,,,,,,2026-03-30,90.11,70.66,46.87,78.29,80.35,66.99,,,92.27,,182,5,,-1,
BUY,670,ORKA,2026-03-31,46.26,13000555.4,,,300702.85,,,,,,,2026-03-30,53.36,39.51,26.39,45.66,42.26,35.9,,,102.2,,224,5,,-1,
BUY,668,SLGL,2026-03-31,72.44,8302694.73,,,300702.85,,,,,,,2026-03-30,83.9,75.01,42.86,69.35,77.61,76.75,,,95.77,,315,5,,-1,
BUY,669,UCTT,2026-03-31,57.89,10388766.5,,,300702.85,,,,,,,2026-03-30,63.13,54.07,34.06,55.91,59.46,56.73,,,85.36,,175,5,,-1,
SELL,648,AAOI,2026-03-31,86.51,8443785.15,2026-02-24,52.39,221184.95,365235.93,288101949.39,287736713.46,65.04,25,ratchet-ATR exit,2026-03-30,103.89,79.47,40.27,85.2,97.67,76.52,,,157.95,,203,5,,-1,
SELL,665,AGX,2026-03-31,521.55,1149157.43,2026-03-24,465.27,267334.24,299671.53,64674579.96,64374908.44,12.04,5,rotation (out of top-N),2026-03-30,572.47,465.52,322.23,511.94,477.07,434.64,,,77.66,,1183,5,,-1,
SELL,667,FET,2026-03-31,59.94,8916342.46,2026-03-24,59.97,267334.24,267222.78,-222908.56,-490131.35,-0.09,5,rotation (out of top-N),2026-03-30,59.07,54.29,35.32,56.79,58.97,55.15,,,67.24,,294,5,,-1,
SELL,664,SLGL,2026-03-31,72.44,7012965.32,2026-03-24,76.24,267334.24,253992.07,-26684333.03,-26938325.11,-5.04,5,ratchet-ATR exit,2026-03-30,83.9,75.01,42.86,69.35,77.61,76.75,,,95.77,,315,5,,-1,
SELL,666,SYRE,2026-03-31,49.2,12942834.08,2026-03-24,41.31,267334.24,318361.36,102054246.72,101735885.36,19.03,5,rotation (out of top-N),2026-03-30,47.54,41.12,27.07,45.36,44.49,40.11,,,75.59,,168,5,,-1,
BUY,673,AEHR,2026-04-07,49.32,13643841.97,,,336457.14,,,,,,,2026-04-06,70.39,40.85,27.01,52.22,40.42,36.42,,,160.61,,273,5,,-1,
BUY,675,FORM,2026-04-07,103.66,6491552.05,,,336457.14,,,,,,,2026-04-06,123.67,96.41,58.87,104.44,99.79,95.56,,,110.08,,189,5,,-1,
BUY,674,SNDK,2026-04-07,722.59,931259.69,,,336457.14,,,,,,,2026-04-06,851.04,647.1,300.48,724.12,674.15,639.41,724.12,698.2,183.22,3.58,999,5,5.4,-1,0.6
SELL,671,DOCN,2026-04-07,85.59,7619481.73,2026-03-31,78.93,300702.85,326075.72,50745748.31,50419672.58,8.38,4,rotation (out of top-N),2026-04-06,75.68,71.57,48.03,87.03,84.42,69.92,,,57.57,,189,5,,-0.9,
SELL,668,SLGL,2026-04-07,77.01,8302694.73,2026-03-31,72.44,300702.85,319695.26,37984828.39,37665133.13,6.26,4,rotation (out of top-N),2026-04-06,75.6,75.12,44.56,77.01,79.23,78.56,,,69.65,,322,5,,-1,
SELL,661,TSEM,2026-04-07,188.94,3851572.64,2026-03-17,138.17,266085.9,363858.07,195544342.81,195180484.74,36.68,14,rotation (out of top-N),2026-04-06,203.47,158.61,100.59,190.09,177.35,142.95,,,102.28,,252,5,,-1,
BUY,676,CAR,2026-04-14,354.99,2194290.72,,,389475.63,,,,,,,2026-04-13,494.17,220.96,153.05,371.04,252.61,136.94,,,222.87,,7,5,,1.9,
BUY,677,SYRE,2026-04-14,67.68,11509327.19,,,389475.63,,,,,,,2026-04-13,72.9,48.42,29.4,63.22,51.97,44.18,,,148.0,,182,5,,-1,
SELL,649,DNTH,2026-04-14,90.72,8385117.27,2026-03-03,53.62,224804.99,380348.92,311087850.64,310707501.72,69.11,29,rotation (out of top-N),2026-04-13,93.13,75.75,44.88,90.01,86.84,71.94,,,107.53,,231,5,,-1,
SELL,669,UCTT,2026-04-14,76.79,10388766.5,2026-03-31,57.89,300702.85,398876.69,196347686.87,195948810.18,32.58,9,rotation (out of top-N),2026-04-13,79.4,61.91,36.68,77.01,68.68,60.96,,,116.45,,189,5,,-1,
BUY,679,MXL,2026-04-21,33.63,31540607.99,,,530434.17,,,,,,,2026-04-20,60.36,26.94,18.1,31.73,23.51,18.51,,,233.52,,238,5,,-1,
BUY,678,VICR,2026-04-21,207.06,5123482.81,,,530434.17,,,,,,,2026-04-20,273.7,191.2,112.0,224.71,196.59,181.63,,,144.37,,217,5,,-1,
SELL,676,CAR,2026-04-21,624.0,2194290.72,2026-04-14,354.99,389475.63,684618.71,590286147.58,589601528.87,75.69,5,rotation (out of top-N),2026-04-20,204.1,217.89,153.35,608.82,404.31,181.99,,,33.1,,14,5,,3.1,
SELL,660,CIEN,2026-04-21,509.37,1479951.48,2026-03-10,328.33,242956.23,376921.44,267930416.2,267553494.76,55.06,29,rotation (out of top-N),2026-04-20,520.84,421.03,235.94,503.56,480.0,397.84,503.56,490.47,120.75,2.6,301,5,4.7,-1,1.3
BUY,683,BAND,2026-04-28,24.23,35938660.58,,,435396.87,,,,,,,2026-04-27,44.89,23.23,16.28,24.12,22.37,17.95,,,175.73,,35,5,,1.4,
BUY,680,BE,2026-04-28,228.7,3807580.87,,,435396.87,,,,,,,2026-04-27,290.6,191.66,118.51,234.74,216.96,167.86,,,145.21,,329,5,,-1,
BUY,682,INTC,2026-04-28,81.31,10710211.5,,,435396.87,,,,,,,2026-04-27,99.66,65.25,41.65,84.99,70.73,53.38,84.99,81.21,139.25,4.44,259,5,6.0,-1,0.0
BUY,681,STX,2026-04-28,566.04,1538396.13,,,435396.87,,,,,,,2026-04-27,726.85,509.73,315.63,595.68,557.78,448.04,595.68,578.23,130.29,2.93,336,5,5.0,-1,1.0
SELL,675,FORM,2026-04-28,133.64,6491552.05,2026-04-07,103.66,336457.14,433765.51,194616730.53,194182965.03,28.86,15,rotation (out of top-N),2026-04-27,137.38,117.56,66.98,143.89,140.03,109.5,,,105.11,,210,5,,-1,
SELL,663,ICHR,2026-04-28,66.36,11412648.32,2026-03-17,46.63,266085.9,378671.67,225171551.43,224792879.75,42.24,29,rotation (out of top-N),2026-04-27,64.31,54.68,29.78,70.72,65.6,52.09,,,115.93,,112,5,,-0.9,
SELL,670,ORKA,2026-04-28,78.5,13000555.4,2026-03-31,46.26,300702.85,510271.8,419137906.06,418627634.26,69.61,19,rotation (out of top-N),2026-04-27,62.54,53.67,31.51,76.39,68.29,50.25,,,98.49,,252,5,,-1,
SELL,677,SYRE,2026-04-28,73.0,11509327.19,2026-04-14,67.68,389475.63,420090.44,61229620.63,60809530.19,7.81,10,rotation (out of top-N),2026-04-27,69.42,55.4,32.02,71.89,68.34,51.59,,,116.77,,196,5,,-1,
BUY,685,AGL,2026-05-05,26.46,40531476.89,,,536231.44,,,,,,,2026-05-04,53.99,26.89,21.61,26.96,26.97,18.77,26.96,25.21,149.85,6.48,0,5,8.0,2.0,2.0
BUY,686,DOCN,2026-05-05,130.92,8191742.12,,,536231.44,,,,,,,2026-05-04,164.07,97.3,56.41,108.61,97.78,84.73,108.61,103.28,190.84,4.9,217,5,6,-1,0.0
BUY,687,ICHR,2026-05-05,58.66,18282694.83,,,536231.44,,,,,,,2026-05-04,74.55,58.29,31.16,69.36,66.03,54.72,69.36,66.23,139.21,4.52,119,5,6.0,-1.0,0.0
BUY,684,MU,2026-05-05,609.64,1759174.07,,,536231.44,,,,,,,2026-05-04,747.1,496.16,303.49,576.27,514.32,434.33,578.63,559.28,146.17,3.34,329,5,5.2,-1,0.8
SELL,680,BE,2026-05-05,295.41,3807580.87,2026-04-28,228.7,435396.87,562398.73,254003720.1,253441321.36,29.1,5,rotation (out of top-N),2026-05-04,261.1,204.29,124.12,288.62,256.78,182.79,288.62,273.63,110.36,5.2,336,5,6,-1,0.0
SELL,659,LITE,2026-05-05,975.83,717674.77,2026-03-10,677.07,242956.23,350162.49,214412515.06,214062352.57,44.05,39,rotation (out of top-N),2026-05-04,903.12,806.63,416.82,976.21,894.05,790.07,976.21,933.77,116.67,4.35,322,5,5.9,-1,0.1
SELL,681,STX,2026-05-05,757.61,1538396.13,2026-04-28,566.04,435396.87,582752.15,294710546.77,294127794.62,33.78,5,rotation (out of top-N),2026-05-04,782.53,559.33,331.35,738.67,640.29,486.39,738.67,711.97,136.17,3.61,343,5,5.4,-1,0.6
SELL,678,VICR,2026-05-05,254.08,5123482.81,2026-04-21,207.06,530434.17,650887.26,240906161.52,240255274.26,22.65,10,rotation (out of top-N),2026-05-04,256.99,214.67,122.88,250.78,252.07,198.69,250.78,240.09,109.13,4.26,231,5,5.8,-1,0.2
BUY,688,STX,2026-05-12,816.3,1649831.65,,,673378.79,,,,,,,2026-05-11,795.27,602.23,347.5,834.19,737.24,537.41,834.19,803.9,128.86,3.63,350,5,5.4,-1,0.6
BUY,689,VPG,2026-05-12,83.3,16167557.96,,,673378.79,,,,,,,2026-05-11,97.4,61.72,41.99,66.61,62.42,51.34,66.61,63.93,131.94,4.02,357,5,5.7,-1,0.3
SELL,687,ICHR,2026-05-12,72.96,18282694.83,2026-05-05,58.66,536231.44,666952.71,261442536.02,260775583.31,24.32,5,rotation (out of top-N),2026-05-11,73.35,61.03,32.56,76.96,70.7,58.47,76.96,74.0,125.28,3.84,126,5,5.6,-1,0.4
SELL,684,MU,2026-05-12,773.18,1759174.07,2026-05-05,609.64,536231.44,680079.1,287695327.0,287015247.9,26.76,5,rotation (out of top-N),2026-05-11,724.09,537.6,318.63,795.33,641.58,470.68,792.5,753.25,127.25,4.95,336,5,6,-1,0.0
BUY,692,AEHR,2026-05-19,81.15,14266237.22,,,578852.58,,,,,,,2026-05-18,94.95,78.79,38.51,83.74,95.37,74.69,83.74,75.71,146.54,9.59,315,5,6,-1,0.0
BUY,691,INTC,2026-05-19,106.4,10880687.5,,,578852.58,,,,,,,2026-05-18,119.85,88.93,48.9,108.17,111.02,77.09,107.9,103.17,145.09,4.38,280,5,5.9,-1,0.1
BUY,690,SIMO,2026-05-19,232.79,4973067.08,,,578852.58,,,,,,,2026-05-18,276.75,200.69,119.62,239.6,245.83,168.57,239.6,228.07,131.35,4.81,357,5,6,-1,0.0
BUY,693,SNDK,2026-05-19,1294.45,894360.66,,,578852.58,,,,,,,2026-05-18,1478.76,1122.75,482.62,1333.47,1368.22,1003.35,1316.31,1259.04,206.4,4.35,999,5,5.9,-1,0.1
SELL,673,AEHR,2026-05-19,81.15,13643841.97,2026-04-07,49.32,336457.14,553598.89,434283489.78,433729890.89,64.46,30,ratchet-ATR exit,2026-05-18,94.95,78.79,38.51,83.74,95.37,74.69,83.74,75.71,146.54,9.59,315,5,6,-1,0.0
SELL,682,INTC,2026-05-19,106.4,10710211.5,2026-04-28,81.31,435396.87,569783.25,268772757.54,268202974.29,30.8,15,ratchet-ATR exit,2026-05-18,119.85,88.93,48.9,108.17,111.02,77.09,107.9,103.17,145.09,4.38,280,5,5.9,-1,0.1
SELL,674,SNDK,2026-05-19,1294.45,931259.69,2026-04-07,722.59,336457.14,602734.56,532554824.73,531952090.18,79.05,30,ratchet-ATR exit,2026-05-18,1478.76,1122.75,482.62,1333.47,1368.22,1003.35,1316.31,1259.04,206.4,4.35,999,5,5.9,-1,0.1
SELL,688,STX,2026-05-19,716.36,1649831.65,2026-05-12,816.3,673378.79,590936.7,-164884175.34,-165475112.04,-12.29,5,rotation (out of top-N),2026-05-18,812.98,640.55,363.99,740.53,768.54,584.87,740.53,703.48,123.35,5.0,357,5,6,-1,0.0
BUY,695,DELL,2026-06-02,464.53,2816722.91,,,654226.15,,,,,,,2026-06-01,461.52,293.49,167.43,466.1,333.27,234.86,466.1,433.2,175.64,7.06,91,5,6.5,-0.5,0.5
BUY,696,MRVL,2026-06-02,253.75,5156462.24,,,654226.15,,,,,,,2026-06-01,263.4,179.44,105.72,219.46,198.33,162.48,218.58,208.12,149.16,4.79,231,5,6,-1,0.0
BUY,694,MU,2026-06-02,1049.62,1246590.25,,,654226.15,,,,,,,2026-06-01,1031.9,717.88,378.54,1035.08,875.96,618.92,1035.08,985.62,172.6,4.78,357,5,6,-1,0.0
SELL,692,AEHR,2026-06-02,98.71,14266237.22,2026-05-19,81.15,578852.58,704110.14,250515125.56,249811015.43,21.58,9,rotation (out of top-N),2026-06-01,98.46,84.37,42.2,93.65,95.82,87.58,93.65,88.89,133.29,5.08,329,5,6,-1,0.0
SELL,691,INTC,2026-06-02,107.42,10880687.5,2026-05-19,106.4,578852.58,584428.93,11152704.69,10568275.76,0.91,9,rotation (out of top-N),2026-06-01,109.62,96.52,53.28,109.3,115.88,93.39,109.3,105.07,105.75,3.87,294,5,5.6,-1,0.4
SELL,690,SIMO,2026-06-02,271.44,4973067.08,2026-05-19,232.79,578852.58,674944.66,192184177.21,191509232.55,16.54,9,rotation (out of top-N),2026-06-01,257.43,222.36,129.12,268.46,270.43,204.41,268.46,254.99,99.37,5.02,371,5,6,-1,0.0
BUY,700,AEHR,2026-06-09,102.37,16051732.59,,,821607.93,,,,,,,2026-06-08,108.53,88.76,44.28,95.75,102.01,93.42,95.75,87.36,145.1,8.77,336,5,6,-1,0.0
BUY,697,ATEX,2026-06-09,67.07,24500012.9,,,821607.93,,,,,,,2026-06-08,82.57,59.54,33.7,66.3,65.16,53.68,66.3,63.6,145.04,4.06,126,5,5.7,-1,0.3
BUY,698,MXL,2026-06-09,82.4,19941940.11,,,821607.93,,,,,,,2026-06-08,84.5,73.59,31.03,79.28,88.44,72.52,79.28,73.68,172.32,7.05,287,5,6,-1,0.0
BUY,699,PENG,2026-06-09,65.62,25041387.77,,,821607.93,,,,,,,2026-06-08,64.12,46.7,26.48,64.56,61.53,42.5,64.56,59.66,142.13,7.58,49,5,7.2,1.2,1.2
SELL,672,AAOI,2026-06-09,206.05,6951863.28,2026-03-31,86.51,300702.85,716215.71,831025737.05,830309521.33,138.06,48,rotation (out of top-N),2026-06-08,169.03,158.09,76.01,196.62,185.99,170.91,196.62,178.05,122.38,9.44,273,5,6,-1,0.0
SELL,695,DELL,2026-06-09,404.59,2816722.91,2026-06-02,464.53,654226.15,569808.96,-168834371.35,-169404180.31,-12.95,5,rotation (out of top-N),2026-06-08,395.91,312.11,174.24,400.38,385.06,265.17,400.38,382.0,127.22,4.59,98,5,6.4,-0.6,0.4
SELL,686,DOCN,2026-06-09,171.69,8191742.12,2026-05-05,130.92,536231.44,703240.58,334018285.0,333315044.42,31.08,24,rotation (out of top-N),2026-06-08,170.15,139.28,72.62,169.29,167.17,133.19,169.29,158.69,134.29,6.26,252,5,6,-1,0.0
SELL,679,MXL,2026-06-09,82.4,31540607.99,2026-04-21,33.63,530434.17,1299473.05,1538077748.59,1536778275.54,144.86,34,ratchet-ATR exit,2026-06-08,84.5,73.59,31.03,79.28,88.44,72.52,79.28,73.68,172.32,7.05,287,5,6,-1,0.0
BUY,703,ARM,2026-06-16,399.74,4575419.95,,,914489.18,,,,,,,2026-06-15,439.19,304.83,171.73,412.49,359.16,271.63,412.49,392.97,155.74,4.73,63,5,7.0,-0.0,0.9
BUY,702,ICHR,2026-06-16,88.52,20662920.06,,,914489.18,,,,,,,2026-06-15,98.6,73.59,40.11,89.41,77.77,70.86,89.41,85.93,145.83,3.9,161,5,5.6,-1,0.4
BUY,701,WDC,2026-06-16,685.48,2668171.75,,,914489.18,,,,,,,2026-06-15,710.22,513.18,278.77,653.42,553.58,483.79,653.42,624.68,154.77,4.4,392,5,5.9,-1,0.1
SELL,697,ATEX,2026-06-16,82.0,24500012.9,2026-06-09,67.07,821607.93,1004500.53,365785192.6,364780692.07,22.2,5,rotation (out of top-N),2026-06-15,74.41,62.25,35.03,83.0,72.86,58.23,83.0,77.8,112.42,6.26,133,5,6,-1,0.0
SELL,683,BAND,2026-06-16,52.44,35938660.58,2026-04-28,24.23,435396.87,942311.68,1013829614.96,1012887303.28,116.32,34,rotation (out of top-N),2026-06-15,51.53,51.38,24.2,52.85,62.53,50.44,52.85,49.01,112.99,7.27,84,5,6.6,-0.4,0.6
SELL,699,PENG,2026-06-16,63.72,25041387.77,2026-06-09,65.62,821607.93,797756.01,-47703843.69,-48501599.7,-2.95,5,rotation (out of top-N),2026-06-15,67.23,50.43,27.51,63.91,62.42,47.09,63.91,60.87,144.39,4.77,56,5,7.1,1.1,1.1
BUY,704,ATEX,2026-06-23,76.42,21698404.63,,,829096.04,,,,,,,2026-06-22,89.96,67.29,36.72,77.1,75.09,61.54,77.1,73.38,144.96,4.83,140,5,6,-1,0.0
BUY,707,BAND,2026-06-23,49.8,33297029.76,,,829096.04,,,,,,,2026-06-22,56.82,52.37,25.18,50.84,56.28,53.21,50.84,48.5,125.67,4.6,91,5,6.5,-0.5,0.5
BUY,706,INTC,2026-06-23,129.71,12783841.51,,,829096.04,,,,,,,2026-06-22,140.46,111.56,60.97,140.24,123.79,112.23,140.61,136.21,130.36,3.13,315,5,5.1,-1,0.9
BUY,705,STX,2026-06-23,983.95,1685240.19,,,829096.04,,,,,,,2026-06-22,1098.74,868.62,463.05,1098.26,995.07,830.45,1097.84,1054.79,137.28,3.92,392,5,5.6,-1,0.4
SELL,700,AEHR,2026-06-23,103.0,16051732.59,2026-06-09,102.37,821607.93,826624.1,10032332.87,9205708.77,0.56,9,rotation (out of top-N),2026-06-22,91.69,93.27,48.05,113.35,108.59,98.43,113.35,107.19,90.84,5.44,350,5,6,-1,0.0
SELL,703,ARM,2026-06-23,369.24,4575419.95,2026-06-16,399.74,914489.18,844714.03,-139550308.35,-140395022.38,-7.68,4,rotation (out of top-N),2026-06-22,334.54,310.23,176.52,407.87,390.93,294.4,407.33,387.07,89.52,4.97,70,5,6.8,-0.2,0.8
SELL,702,ICHR,2026-06-23,89.98,20662920.06,2026-06-16,88.52,914489.18,929624.77,30271177.89,29341553.12,1.6,4,rotation (out of top-N),2026-06-22,93.63,77.23,41.99,99.64,87.08,73.62,99.64,94.63,122.99,5.03,168,5,6,-1,0.0
SELL,696,MRVL,2026-06-23,278.24,5156462.24,2026-06-02,253.75,654226.15,717367.03,126281760.35,125564393.32,9.6,14,rotation (out of top-N),2026-06-22,265.77,226.89,122.01,308.32,287.58,216.51,306.96,292.97,117.82,4.56,252,5,6,-1,0.0
BUY,708,DD,2026-06-30,135.68,13542811.81,,,918744.35,,,,,,,2026-06-29,136.1,63.95,45.63,135.3,104.34,59.29,135.79,132.52,198.3,2.41,308,5,4.6,-1,1.4
BUY,711,ICHR,2026-06-30,106.65,17229148.67,,,918744.35,,,,,,,2026-06-29,98.32,81.06,44.02,105.39,92.98,77.06,105.39,99.36,123.38,5.72,175,5,6,-1,0.0
BUY,709,PENG,2026-06-30,67.58,27189829.92,,,918744.35,,,,,,,2026-06-29,61.38,54.19,29.26,68.03,64.97,55.23,68.03,64.2,109.76,5.64,70,5,6.8,-0.2,0.8
BUY,710,SEZL,2026-06-30,169.07,10867891.21,,,918744.35,,,,,,,2026-06-29,183.37,134.68,82.93,170.56,156.5,120.46,170.56,164.67,121.11,3.46,56,5,6.4,1.1,1.8
SELL,706,INTC,2026-06-30,132.19,12783841.51,2026-06-23,129.71,829096.04,844948.0,31703926.94,30858978.93,1.86,5,rotation (out of top-N),2026-06-29,124.45,113.9,63.2,123.62,126.94,117.41,131.31,126.23,96.92,3.86,322,5,5.6,-1,0.4
SELL,705,STX,2026-06-30,964.73,1685240.19,2026-06-23,983.95,829096.04,812896.67,-32398742.59,-33211639.26,-2.0,5,rotation (out of top-N),2026-06-29,900.88,874.49,480.18,907.95,973.72,875.56,968.07,921.16,87.61,4.85,399,5,6,-1,0.0
SELL,689,VPG,2026-06-30,145.23,16167557.96,2026-05-12,83.3,673378.79,1174007.22,1001256864.31,1000082857.09,74.26,33,rotation (out of top-N),2026-06-29,121.13,111.46,58.9,142.47,135.06,112.51,142.47,135.0,105.66,5.24,406,5,6,-1,0.0
SELL,701,WDC,2026-06-30,633.5,2668171.75,2026-06-16,685.48,914489.18,845143.4,-138691567.42,-139536710.82,-7.63,9,rotation (out of top-N),2026-06-29,594.69,561.56,306.77,599.18,635.82,545.83,653.3,627.32,93.85,3.98,406,5,5.7,-1,0.3
BUY,712,DELL,2026-07-07,400.89,3236694.23,,,648779.18,,,,,,,2026-07-06,425.84,367.61,202.39,424.21,410.25,355.19,410.88,389.49,110.4,5.2,126,5,6,-1,0.0
BUY,713,SNDK,2026-07-07,1614.93,803476.53,,,648779.18,,,,,,,2026-07-06,1816.25,1747.72,805.4,1808.99,1984.27,1750.6,1739.95,1640.69,125.51,5.7,999,5,6,-1,0.0
SELL,694,MU,2026-07-07,922.28,1246590.25,2026-06-02,1049.62,654226.15,574852.63,-158747035.77,-159321888.4,-12.18,23,rotation (out of top-N),2026-07-06,1009.78,937.9,491.52,1011.67,1062.6,939.6,984.04,942.23,105.44,4.25,392,5,5.8,-1,0.2
SELL,693,SNDK,2026-07-07,1614.93,894360.66,2026-05-19,1294.45,578852.58,722164.93,286624702.83,285902537.9,24.7,32,ratchet-ATR exit,2026-07-06,1816.25,1747.72,805.4,1808.99,1984.27,1750.6,1739.95,1640.69,125.51,5.7,999,5,6,-1,0.0
BUY,714,FBRX,2026-07-14,44.02,43263289.2,,,952225.0,,,,,,,2026-07-13,48.92,29.65,24.7,44.26,30.27,21.12,44.26,39.77,98.07,10.14,7,5,7.9,1.9,1.9
BUY,716,ORKA,2026-07-14,85.41,22297740.2,,,952225.0,,,,,,,2026-07-13,92.8,77.16,47.12,84.38,85.55,71.61,84.38,81.83,96.95,3.02,329,5,5.0,-1,1.0
BUY,715,SYRE,2026-07-14,95.44,19953376.19,,,952225.0,,,,,,,2026-07-13,100.14,84.79,50.32,93.67,93.08,81.9,93.67,90.55,99.02,3.33,273,5,5.2,-1,0.8
SELL,711,ICHR,2026-07-14,97.0,17229148.67,2026-06-30,106.65,918744.35,835613.71,-166261284.7,-167096898.41,-9.09,9,rotation (out of top-N),2026-07-13,82.82,84.25,47.62,90.41,94.97,82.93,90.41,85.75,73.92,5.15,189,5,6,-1,0.0
SELL,698,MXL,2026-07-14,95.04,19941940.11,2026-06-09,82.4,821607.93,947640.99,252066123.01,251118482.02,15.28,23,rotation (out of top-N),2026-07-13,71.81,81.78,40.09,89.33,93.47,91.74,89.33,83.93,79.11,6.04,322,5,6,-1,0.0
SELL,709,PENG,2026-07-14,79.12,27189829.92,2026-06-30,67.58,918744.35,1075629.67,313770637.29,312695007.62,17.02,9,rotation (out of top-N),2026-07-13,60.33,58.9,31.51,77.2,72.91,62.58,77.2,71.4,91.47,7.52,84,5,6.6,-0.4,0.6
BUY,717,DD,2026-07-21,136.85,12098246.96,,,827822.55,,,,,,,2026-07-20,135.36,96.53,53.45,135.36,133.44,89.9,135.79,133.86,153.26,1.42,329,5,3.9,-1,2.1
BUY,718,LQDA,2026-07-21,79.22,20899332.19,,,827822.55,,,,,,,2026-07-20,86.23,72.33,44.89,77.09,77.31,70.71,77.09,74.88,92.08,2.87,553,5,4.9,-1,1.1
BUY,719,MBX,2026-07-21,59.92,27630926.17,,,827822.55,,,,,,,2026-07-20,62.05,50.77,35.29,60.13,59.42,45.01,60.13,57.49,75.84,4.39,343,5,5.9,-1,0.1
SELL,708,DD,2026-07-21,136.85,13542811.81,2026-06-30,135.68,918744.35,926666.9,15845089.81,14918422.92,0.81,14,ratchet-ATR exit,2026-07-20,135.36,96.53,53.45,135.36,133.44,89.9,135.79,133.86,153.26,1.42,329,5,3.9,-1,2.1
SELL,710,SEZL,2026-07-21,174.98,10867891.21,2026-06-30,169.07,918744.35,950831.8,64174897.59,63224065.78,3.44,14,rotation (out of top-N),2026-07-20,153.81,149.52,89.71,172.07,175.36,148.27,172.07,162.95,71.46,5.3,77,5,6.7,-0.3,0.7
SELL,713,SNDK,2026-07-21,1510.99,803476.53,2026-07-07,1614.93,648779.18,607024.51,-83509333.06,-84116357.57,-6.48,10,rotation (out of top-N),2026-07-20,1430.2,1678.07,876.42,1422.83,1626.13,1807.29,1403.68,1327.67,63.19,5.41,999,5,6,-1,0.0
BUY,721,AGL,2026-07-28,91.36,25474834.56,,,1163690.44,,,,,,,2026-07-27,98.4,99.96,44.65,96.05,110.28,108.79,98.4,92.96,120.38,5.53,84,5,6.6,-0.4,0.6
BUY,720,ATEX,2026-07-28,93.18,24977257.84,,,1163690.44,,,,,,,2026-07-27,92.82,86.37,46.43,91.64,98.72,87.97,93.64,90.86,99.91,2.97,175,5,5.0,-1,1.0
BUY,723,BAND,2026-07-28,56.41,41258303.23,,,1163690.44,,,,,,,2026-07-27,59.89,60.23,31.37,56.81,64.14,63.76,57.2,54.3,90.93,5.06,126,5,6,-1,0.0
BUY,722,SEZL,2026-07-28,154.02,15110900.44,,,1163690.44,,,,,,,2026-07-27,158.6,151.17,91.75,153.56,166.5,154.97,156.78,153.18,72.86,2.29,84,5,5.1,-0.4,2.1
SELL,685,AGL,2026-07-28,91.36,40531476.89,2026-05-05,26.46,536231.44,1851477.86,2630492850.2,2628641372.34,245.1,57,ratchet-ATR exit,2026-07-27,98.4,99.96,44.65,96.05,110.28,108.79,98.4,92.96,120.38,5.53,84,5,6.6,-0.4,0.6
SELL,704,ATEX,2026-07-28,93.18,21698404.63,2026-06-23,76.42,829096.04,1010928.67,363665261.62,362654332.94,21.87,24,ratchet-ATR exit,2026-07-27,92.82,86.37,46.43,91.64,98.72,87.97,93.64,90.86,99.91,2.97,175,5,5.0,-1,1.0
SELL,707,BAND,2026-07-28,56.41,33297029.76,2026-06-23,49.8,829096.04,939142.72,220093366.69,219154223.97,13.22,24,ratchet-ATR exit,2026-07-27,59.89,60.23,31.37,56.81,64.14,63.76,57.2,54.3,90.93,5.06,126,5,6,-1,0.0
SELL,719,MBX,2026-07-28,62.01,27630926.17,2026-07-21,59.92,827822.55,856627.79,57610481.07,56753853.28,3.43,5,rotation (out of top-N),2026-07-27,61.39,52.7,36.4,62.09,60.78,48.7,61.39,58.94,68.67,3.99,350,5,5.7,-1,0.3
BUY,725,CORT,2026-08-04,113.45,16717511.45,,,948342.63,,,,,,,2026-08-03,112.8,88.93,62.3,109.19,101.44,88.93,112.8,105.62,81.07,6.36,56,5,7.1,1.1,1.1
BUY,724,TWST,2026-08-04,106.12,17873023.58,,,948342.63,,,,,,,2026-08-03,100.85,88.19,55.57,96.48,91.5,88.78,100.85,96.0,81.47,4.8,210,5,6,-1,0.0
SELL,723,BAND,2026-08-04,44.71,41258303.23,2026-07-28,56.41,1163690.44,922329.37,-482722147.79,-483644477.15,-20.78,5,rotation (out of top-N),2026-08-03,43.47,57.18,32.05,41.24,49.73,60.46,43.47,39.47,35.61,9.2,133,5,4.8,0.2,0.0
SELL,715,SYRE,2026-08-04,97.62,19953376.19,2026-07-14,95.44,952225.0,973924.29,43398593.22,42424668.93,2.23,15,rotation (out of top-N),2026-08-03,95.17,91.76,56.11,96.43,98.52,91.81,95.17,92.02,69.62,3.31,294,5,5.2,-1,0.8
BUY,726,EA,2026-08-05,209.7,105178739.47,,,11027990.83,,,,,,,2026-08-04,209.7,206.97,202.97,209.91,209.24,206.06,209.89,209.68,3.32,0.1,456,0.66,0.2,1.8,5.6
SELL,721,AGL,2026-08-05,95.08,25474834.56,2026-07-28,91.36,1163690.44,1211073.63,94766384.55,93555310.92,4.02,6,rotation (out of top-N),2026-08-04,94.03,98.88,46.51,90.92,98.33,109.24,94.76,90.27,102.19,4.74,92,5,6.5,-0.5,0.5
SELL,720,ATEX,2026-08-05,103.63,24977257.84,2026-07-28,93.18,1163690.44,1294196.61,261012344.39,259718147.77,11.16,6,rotation (out of top-N),2026-08-04,95.64,88.06,48.32,100.26,95.42,91.95,106.61,103.81,97.94,2.62,183,5,4.7,-1,1.3
SELL,725,CORT,2026-08-05,110.52,16717511.45,2026-08-04,113.45,948342.63,923809.68,-49065896.12,-49989705.8,-2.64,1,rotation (out of top-N),2026-08-04,112.8,88.93,62.3,109.97,102.99,89.86,109.76,102.04,81.07,7.03,57,5,7.0,1.0,1.1
SELL,717,DD,2026-08-05,143.73,12098246.96,2026-07-21,136.85,827822.55,869440.52,83235939.07,82366498.55,4.97,11,rotation (out of top-N),2026-08-04,141.42,110.96,58.77,137.89,138.12,114.89,142.87,138.85,140.64,2.81,344,5,4.9,-1,1.1
SELL,712,DELL,2026-08-05,462.68,3236694.23,2026-07-07,400.89,648779.18,748776.84,199995336.69,199246559.84,15.36,21,rotation (out of top-N),2026-08-04,471.82,406.44,230.29,455.19,419.78,414.12,467.0,447.99,104.88,4.07,155,5,5.7,-1,0.3
SELL,714,FBRX,2026-08-05,76.59,43263289.2,2026-07-14,44.02,952225.0,1656767.66,1409085329.29,1407428561.63,73.9,16,rotation (out of top-N),2026-08-04,76.6,48.2,28.96,76.61,69.83,37.73,76.55,76.36,164.49,0.25,29,5,4.7,1.5,4.3
SELL,718,LQDA,2026-08-05,89.0,20899332.19,2026-07-21,79.22,827822.55,930020.28,204395468.83,203465448.55,12.29,11,rotation (out of top-N),2026-08-04,83.81,76.55,47.99,87.19,84.63,77.72,88.36,85.84,74.64,2.86,568,5,4.9,-1,1.1
SELL,716,ORKA,2026-08-05,99.37,22297740.2,2026-07-14,85.41,952225.0,1107863.22,311276453.22,310168590.0,16.29,16,rotation (out of top-N),2026-08-04,94.86,84.47,52.03,95.0,93.7,84.73,98.08,95.1,82.31,3.04,351,5,5.0,-1,1.0
SELL,722,SEZL,2026-08-05,178.8,15110900.44,2026-07-28,154.02,1163690.44,1350914.5,374448112.81,373097198.31,16.03,6,rotation (out of top-N),2026-08-04,163.35,153.38,94.19,171.35,161.96,161.01,177.49,172.16,73.43,3.0,92,5,5.5,-0.5,1.5
SELL,724,TWST,2026-08-05,105.77,17873023.58,2026-08-04,106.12,948342.63,945214.85,-6255558.25,-7200773.1,-0.38,1,rotation (out of top-N),2026-08-04,100.85,88.19,55.57,100.07,93.06,89.55,99.37,93.8,81.47,5.61,211,5,6,-1,0.0
BUY,735,AEHR,2026-08-11,105.23,20949310.26,,,1102247.96,,,,,,,2026-08-10,106.26,88.03,57.79,108.2,94.57,88.87,106.26,99.88,83.88,6.01,399,5,6,-1,0.0
BUY,732,AGL,2026-08-11,95.51,23081310.01,,,1102247.96,,,,,,,2026-08-10,97.28,98.59,48.52,96.5,98.03,108.68,97.28,91.05,100.48,6.41,98,5,6.4,-0.6,0.4
BUY,727,ATEX,2026-08-11,92.72,23775840.37,,,1102247.96,,,,,,,2026-08-10,92.79,88.92,50.18,98.51,97.64,95.0,92.79,90.43,84.9,2.55,189,5,4.7,-1,1.3
BUY,728,DD,2026-08-11,142.85,15432243.05,,,1102247.96,,,,,,,2026-08-10,141.61,116.53,61.33,142.61,141.53,124.7,141.61,139.75,130.91,1.32,350,5,3.9,-1,2.1
BUY,731,DELL,2026-08-11,449.13,4908369.33,,,1102247.96,,,,,,,2026-08-10,458.15,415.84,238.1,459.06,440.66,421.41,458.15,442.34,92.42,3.45,161,5,5.3,-1,0.7
BUY,730,FBRX,2026-08-11,76.83,28693165.68,,,1102247.96,,,,,,,2026-08-10,76.82,53.4,30.57,76.79,73.65,43.72,76.82,76.78,151.28,0.05,35,5,4.5,1.4,4.4
BUY,729,LQDA,2026-08-11,91.11,24194654.22,,,1102247.96,,,,,,,2026-08-10,91.14,79.2,49.61,89.51,87.63,80.11,91.14,89.3,83.71,2.02,574,5,4.3,-1,1.7
BUY,734,ORKA,2026-08-11,106.78,20646180.46,,,1102247.96,,,,,,,2026-08-10,105.13,88.22,53.97,100.28,96.7,88.04,105.13,102.68,94.81,2.33,357,5,4.6,-1,1.4
BUY,733,SYRE,2026-08-11,104.48,21099692.95,,,1102247.96,,,,,,,2026-08-10,105.31,94.22,58.18,106.17,102.41,95.38,105.31,103.83,81.01,1.41,301,5,3.9,-1,2.1
BUY,736,TWST,2026-08-11,123.25,17885651.04,,,1102247.96,,,,,,,2026-08-10,124.78,94.84,57.94,117.19,104.75,93.87,124.78,121.06,115.38,2.98,217,5,5.0,-1,1.0
SELL,726,EA,2026-08-11,209.7,105178739.47,2026-08-05,209.7,11027990.83,11027990.83,0.0,-11027990.83,-0.05,4,rotation (out of top-N),2026-08-10,209.7,207.47,203.2,209.7,209.49,206.74,209.86,209.78,3.2,0.04,462,0.64,0.2,1.8,5.7
BUY,739,CORT,2026-08-18,118.29,17231636.91,,,1019165.16,,,,,,,2026-08-17,117.22,97.84,64.35,117.22,111.52,97.03,117.22,115.79,82.16,1.22,70,5,4.6,-0.2,3.0
BUY,738,HPE,2026-08-18,55.86,36489980.84,,,1019165.16,,,,,,,2026-08-17,57.62,48.94,32.11,57.62,55.16,48.55,57.62,56.58,79.47,1.82,140,5,4.2,-1,1.8
BUY,737,MXL,2026-08-18,78.95,25817990.24,,,1019165.16,,,,,,,2026-08-17,84.85,76.53,47.22,84.85,76.82,82.92,84.85,81.87,79.67,3.51,357,5,5.3,-1,0.7
SELL,727,ATEX,2026-08-18,88.5,23775840.37,2026-08-11,92.72,1102247.96,1052080.94,-100334046.36,-101386127.3,-4.6,5,rotation (out of top-N),2026-08-17,91.77,89.44,51.91,91.77,93.13,96.37,91.77,89.43,76.77,2.54,196,5,4.7,-1,1.3
SELL,729,LQDA,2026-08-18,76.4,24194654.22,2026-08-11,91.11,1102247.96,924235.79,-356024336.82,-356948572.61,-16.19,5,rotation (out of top-N),2026-08-17,77.78,78.94,50.86,77.78,82.04,81.37,77.78,75.73,52.94,2.63,581,5,4.4,-0.6,1.2
SELL,733,SYRE,2026-08-18,102.25,21099692.95,2026-08-11,104.48,1102247.96,1078721.8,-47052315.27,-48131037.07,-2.18,5,rotation (out of top-N),2026-08-17,104.67,96.12,60.21,104.67,103.26,97.76,104.67,103.54,73.84,1.07,308,5,3.7,-1,2.3
BUY,740,DD,2026-08-25,137.18,14600189.45,,,1001390.49,,,,,,,2026-08-24,136.74,124.17,66.39,136.74,139.97,138.94,136.74,135.67,105.95,0.78,364,5,3.5,-1,2.5
BUY,741,MAN,2026-08-25,61.76,32428448.63,,,1001390.49,,,,,,,2026-08-24,61.4,50.82,34.5,61.4,58.88,49.99,61.4,60.44,77.96,1.57,77,5,4.8,-0.3,2.7
BUY,744,MRNA,2026-08-25,144.03,13905304.36,,,1001390.49,,,,,,,2026-08-24,138.82,74.53,51.31,138.82,109.49,72.41,138.82,128.24,170.55,7.62,252,5,6,-1,0.0
BUY,743,ORKA,2026-08-25,105.88,18915574.11,,,1001390.49,,,,,,,2026-08-24,102.41,94.44,57.94,102.41,106.4,95.67,102.41,100.11,76.76,2.25,371,5,4.5,-1,1.5
BUY,742,SYRE,2026-08-25,108.5,18458810.94,,,1001390.49,,,,,,,2026-08-24,108.22,98.32,62.31,106.63,105.79,99.69,106.63,104.95,73.69,1.57,315,5,4.0,-1,2.0
SELL,735,AEHR,2026-08-25,98.5,20949310.26,2026-08-11,105.23,1102247.96,1031753.53,-140988858.08,-142020611.61,-6.44,10,rotation (out of top-N),2026-08-24,96.48,98.13,62.82,96.48,109.56,91.76,96.48,92.3,53.57,4.34,413,5,5.6,-0.7,0.1
SELL,728,DD,2026-08-25,137.18,15432243.05,2026-08-11,142.85,1102247.96,1058458.97,-87577979.28,-88636438.25,-4.02,10,ratchet-ATR exit,2026-08-24,136.74,124.17,66.39,136.74,139.97,138.94,136.74,135.67,105.95,0.78,364,5,3.5,-1,2.5
SELL,738,HPE,2026-08-25,53.28,36489980.84,2026-08-18,55.86,1019165.16,972184.31,-93961700.66,-94933884.97,-4.66,5,rotation (out of top-N),2026-08-24,52.44,49.58,32.91,52.44,54.11,49.35,52.44,51.16,59.33,2.44,147,5,4.6,-1.0,1.4
SELL,737,MXL,2026-08-25,66.23,25817990.24,2026-08-18,78.95,1019165.16,855027.29,-328275745.93,-329130773.22,-16.15,5,rotation (out of top-N),2026-08-24,62.71,74.02,48.45,62.71,70.21,79.78,62.71,60.63,29.43,3.31,364,5,3.7,0.5,0.9
SELL,734,ORKA,2026-08-25,105.88,20646180.46,2026-08-11,106.78,1102247.96,1093008.79,-18478331.52,-19571340.31,-0.89,10,ratchet-ATR exit,2026-08-24,102.41,94.44,57.94,102.41,106.4,95.67,102.41,100.11,76.76,2.25,371,5,4.5,-1,1.5
BUY,749,CORT,2026-09-01,113.85,16824908.25,,,957757.9,,,,,,,2026-08-31,113.33,104.44,66.35,113.33,117.47,105.46,113.33,111.66,70.81,1.48,84,5,4.6,-0.4,2.6
BUY,746,DK,2026-09-01,76.44,25059076.45,,,957757.9,,,,,,,2026-08-31,74.39,63.25,44.87,74.39,70.1,64.38,74.39,72.48,65.8,2.57,455,5,4.7,-1,1.3
BUY,745,OKTA,2026-09-01,170.53,11233049.72,,,957757.9,,,,,,,2026-08-31,173.05,142.53,102.72,173.05,151.64,145.08,173.05,169.63,68.48,1.98,98,5,4.7,-0.6,2.0
BUY,747,PBF,2026-09-01,75.46,25384519.0,,,957757.9,,,,,,,2026-08-31,73.0,64.05,44.17,73.0,71.11,65.58,73.0,71.51,65.26,2.05,378,5,4.4,-1,1.6
BUY,748,TEAM,2026-09-01,191.01,10028353.51,,,957757.9,,,,,,,2026-08-31,194.11,136.05,106.06,194.11,175.55,125.72,194.11,190.2,83.02,2.02,14,5,6.1,1.8,3.4
SELL,732,AGL,2026-09-01,89.06,23081310.01,2026-08-11,95.51,1102247.96,1027753.03,-148989856.12,-150017609.15,-6.81,15,rotation (out of top-N),2026-08-31,87.77,95.58,54.3,88.42,93.42,102.34,88.42,85.75,61.65,3.02,119,5,5.0,-1.0,1.0
SELL,739,CORT,2026-09-01,113.85,17231636.91,2026-08-18,118.29,1019165.16,980910.93,-76508467.86,-77489378.79,-3.8,10,ratchet-ATR exit,2026-08-31,113.33,104.44,66.35,113.33,117.47,105.46,113.33,111.66,70.81,1.48,84,5,4.6,-0.4,2.6
SELL,730,FBRX,2026-09-01,76.99,28693165.68,2026-08-11,76.83,1102247.96,1104543.41,4590906.51,3486363.1,0.16,15,rotation (out of top-N),2026-08-31,76.94,61.17,33.6,76.99,76.75,63.96,77.0,77.0,128.99,0.0,56,5,4.1,1.1,4.1
SELL,743,ORKA,2026-09-01,91.37,18915574.11,2026-08-25,105.88,1001390.49,864158.0,-274464980.39,-275329138.39,-13.75,5,rotation (out of top-N),2026-08-31,92.53,94.09,59.5,92.53,99.79,96.6,92.53,89.74,55.52,3.01,378,5,4.8,-0.8,1.0
SELL,742,SYRE,2026-09-01,88.17,18458810.94,2026-08-25,108.5,1001390.49,813710.53,-375359920.5,-376173631.03,-18.78,5,rotation (out of top-N),2026-08-31,89.25,96.67,63.79,89.25,98.02,100.5,89.25,87.29,39.91,2.2,322,5,3.5,0.0,1.5
BUY,750,APGE,2026-09-03,135.07,148205595.48,,,10009064.89,,,,,,,2026-09-02,135.07,130.09,94.81,135.08,134.92,134.42,135.08,135.05,42.46,0.02,331,5,2.1,-0.1,3.0
SELL,749,CORT,2026-09-03,110.91,16824908.25,2026-09-01,113.85,957757.9,932983.22,-49549354.79,-50482338.01,-2.64,2,rotation (out of top-N),2026-09-02,113.33,104.44,66.35,110.51,115.6,106.39,110.51,108.08,70.81,2.2,86,5,5.0,-0.4,2.1
SELL,740,DD,2026-09-03,133.8,14600189.45,2026-08-25,137.18,1001390.49,976752.67,-49275639.38,-50252392.05,-2.51,7,rotation (out of top-N),2026-09-02,134.57,126.06,68.77,132.84,136.05,138.58,132.91,131.72,95.68,0.9,373,5,3.6,-1,2.4
SELL,731,DELL,2026-09-03,484.61,4908369.33,2026-08-11,449.13,1102247.96,1189322.43,174148943.98,172959621.55,7.85,17,rotation (out of top-N),2026-09-02,456.99,433.62,262.68,473.2,454.21,440.44,492.21,471.34,73.98,4.24,184,5,5.8,-1,0.2
SELL,746,DK,2026-09-03,71.78,25059076.45,2026-09-01,76.44,957757.9,899307.61,-116900591.65,-117799899.25,-6.15,2,rotation (out of top-N),2026-09-02,74.39,63.25,44.87,73.75,71.25,65.35,71.44,69.34,65.8,2.93,457,5,5.0,-1,1.0
SELL,741,MAN,2026-09-03,59.81,32428448.63,2026-08-25,61.76,1001390.49,969772.76,-63235474.82,-64205247.58,-3.21,7,rotation (out of top-N),2026-09-02,62.93,53.03,35.39,60.2,60.91,54.26,60.2,59.54,77.82,1.1,86,5,4.3,-0.4,2.8
SELL,744,MRNA,2026-09-03,145.94,13905304.36,2026-08-25,144.03,1001390.49,1014704.82,26628657.85,25613953.03,1.28,7,rotation (out of top-N),2026-09-02,140.4,86.51,54.17,154.6,138.31,84.96,150.82,146.22,159.17,3.05,261,5,5.0,-1,1.0
SELL,745,OKTA,2026-09-03,166.73,11233049.72,2026-09-01,170.53,957757.9,936443.19,-42629423.7,-43565866.89,-2.27,2,rotation (out of top-N),2026-09-02,173.05,142.53,102.72,164.5,156.19,145.98,163.18,159.65,68.48,2.16,100,5,4.8,-0.7,1.9
SELL,747,PBF,2026-09-03,74.5,25384519.0,2026-09-01,75.46,957757.9,945573.33,-24369138.24,-25314711.58,-1.32,2,rotation (out of top-N),2026-09-02,73.0,64.05,44.17,77.44,72.84,66.85,75.47,74.08,65.26,1.85,380,5,4.2,-1,1.8
SELL,748,TEAM,2026-09-03,191.46,10028353.51,2026-09-01,191.01,957757.9,960014.28,4512759.08,3552744.8,0.19,2,rotation (out of top-N),2026-09-02,194.11,136.05,106.06,187.91,179.54,130.76,186.51,183.76,83.02,1.48,16,5,5.7,1.7,3.7
SELL,736,TWST,2026-09-03,133.27,17885651.04,2026-08-11,123.25,1102247.96,1191810.36,179124795.18,177932984.82,8.07,17,rotation (out of top-N),2026-09-02,139.1,113.3,65.85,136.32,138.0,112.45,131.0,126.8,111.22,3.2,240,5,5.1,-1,0.9
SELL,750,APGE,2026-09-11,135.08,148205595.48,2026-09-03,135.07,10009064.89,,1482055.95,1482055.95,0.01,5,end-of-sample mark-to-market,,,,,,,,,,,,,,,,
