kind,trade_id,symbol,exec_date,exec_price,shares,buy_date,buy_price,buy_fee,sell_fee,gross_pnl,net_pnl,net_return_pct,hold_days,exit_reason,sig_buy_sig_date,sig_buy_sig_w_close,sig_buy_mtf_score,sig_buy_emasma_score,sig_buy_early_score,sig_buy_near_score,sig_buy_gap_w,sig_buy_atr_dist,sig_buy_freshness_days,sig_sell_sig_date,sig_sell_sig_w_close,sig_sell_mtf_score,sig_sell_emasma_score,sig_sell_early_score,sig_sell_near_score,sig_sell_gap_w,sig_sell_atr_dist,sig_sell_freshness_days
SELL,1,DDOG,2021-11-02,166.2,69.73,2021-09-21,143.34,5.0,5.79,1594.01,1588.22,15.89,30,rotation (out of top-N),2021-09-20,147.32,,5,0.6,,40.81,,84,2021-11-01,185.6,,5,-1,,64.0,,126
SELL,2,EPAM,2021-09-28,588.0,16.33,2021-09-21,612.15,5.0,4.8,-394.31,-399.11,-3.99,5,rotation (out of top-N),2021-09-20,629.46,,5,0.3,,33.42,,999,2021-09-27,575.49,,4.12,1.0,,20.58,,999
SELL,3,FTNT,2021-10-12,61.91,166.78,2021-09-21,59.93,5.0,5.16,330.22,325.06,3.25,15,rotation (out of top-N),2021-09-20,62.34,,5,-0.1,,41.46,,999,2021-10-11,63.06,,5,0.2,,35.79,,999
SELL,4,BX,2021-12-07,118.02,93.82,2021-09-21,106.53,5.0,5.54,1078.03,1072.49,10.73,54,rotation (out of top-N),2021-09-20,106.16,,5,0.0,,39.63,,999,2021-12-06,114.38,,4.8,0.8,,23.98,,999
SELL,5,ARES,2021-11-23,74.91,147.92,2021-09-21,67.57,5.0,5.54,1085.74,1080.2,10.81,45,rotation (out of top-N),2021-09-20,67.15,,5,0.4,,32.26,,999,2021-11-22,71.42,,4.77,0.8,,23.87,,999
SELL,6,GNRC,2021-09-28,437.65,23.61,2021-09-21,423.26,5.0,5.17,339.69,334.52,3.35,5,rotation (out of top-N),2021-09-20,444.67,,5,0.7,,26.96,,999,2021-09-27,404.47,,2.82,1.3,,14.09,,999
SELL,7,CRL,2021-09-28,425.07,23.01,2021-09-21,434.32,5.0,4.89,-212.76,-217.65,-2.18,5,rotation (out of top-N),2021-09-20,458.77,,5,0.3,,34.73,,999,2021-09-27,417.26,,4.21,0.9,,21.07,,999
SELL,8,ALB,2021-09-28,207.55,48.06,2021-09-21,207.96,5.0,4.99,-19.71,-24.69,-0.25,5,rotation (out of top-N),2021-09-20,214.29,,5,0.6,,27.74,,999,2021-09-27,207.09,,4.45,0.9,,22.24,,999
SELL,9,DVN,2021-10-19,32.8,429.89,2021-09-21,23.25,5.0,7.05,4105.47,4098.42,41.0,20,rotation (out of top-N),2021-09-20,26.61,,5,0.1,,38.46,,999,2021-10-18,32.53,,5,-0.7,,54.52,,999
SELL,10,DXCM,2021-10-05,134.5,71.47,2021-09-21,139.84,5.0,4.81,-381.67,-386.48,-3.87,10,rotation (out of top-N),2021-09-20,140.31,,5,0.6,,33.46,,105,2021-10-04,132.32,,4.65,0.9,,23.26,,119
SELL,11,COP,2021-11-09,64.32,174.26,2021-09-28,56.96,4.96,5.6,1282.55,1276.94,12.86,30,rotation (out of top-N),2021-09-27,59.09,,5,0.5,,30.56,,999,2021-11-08,61.38,,4.84,0.8,,24.19,,999
SELL,12,FANG,2021-10-19,89.48,125.96,2021-09-28,78.8,4.96,5.64,1345.27,1339.64,13.5,15,rotation (out of top-N),2021-09-27,80.47,,5,0.5,,29.32,,999,2021-10-18,89.01,,5,0.2,,35.69,,999
SELL,13,CF,2021-10-12,56.61,195.43,2021-09-28,50.79,4.96,5.53,1137.39,1131.86,11.4,10,rotation (out of top-N),2021-09-27,55.35,,5,0.6,,28.09,,999,2021-10-11,53.39,,4.21,0.9,,21.04,,999
SELL,14,IT,2021-10-05,307.23,31.95,2021-09-28,310.7,4.96,4.91,-111.01,-115.92,-1.17,5,rotation (out of top-N),2021-09-27,305.62,,5,0.3,,33.59,,999,2021-10-04,304.39,,5,0.5,,30.98,,999
SELL,15,APA,2021-11-16,25.87,495.88,2021-10-05,19.59,4.86,6.41,3114.12,3107.71,31.99,30,rotation (out of top-N),2021-10-04,21.09,,5,0.7,,25.36,,999,2021-11-15,22.55,,4.65,0.8,,23.23,,999
SELL,16,EOG,2021-10-12,71.29,139.15,2021-10-05,69.81,4.86,4.96,205.95,200.99,2.07,5,rotation (out of top-N),2021-10-04,72.03,,5,0.7,,26.09,,999,2021-10-11,71.63,,4.79,0.8,,23.97,,999
SELL,17,EPAM,2021-10-19,638.07,18.03,2021-10-12,578.39,5.21,5.75,1076.1,1070.34,10.26,5,rotation (out of top-N),2021-10-11,619.13,,5,0.7,,26.38,,999,2021-10-18,648.63,,5,0.5,,30.4,,999
SELL,18,ALB,2021-12-14,231.91,50.93,2021-10-12,204.79,5.21,5.91,1381.1,1375.19,13.19,44,rotation (out of top-N),2021-10-11,216.59,,5,0.7,,25.84,,999,2021-12-13,217.79,,2.58,1.4,,12.88,,999
SELL,19,DXCM,2021-10-19,136.51,77.36,2021-10-12,134.81,5.21,5.28,131.51,126.23,1.21,5,rotation (out of top-N),2021-10-11,136.12,,5,0.7,,25.66,,126,2021-10-18,141.62,,5,0.5,,29.16,,133
SELL,20,AON,2021-11-02,298.47,39.69,2021-10-19,298.63,5.93,5.92,-6.35,-12.27,-0.1,10,rotation (out of top-N),2021-10-18,311.04,,5,0.6,,27.26,,999,2021-11-01,280.14,,2.47,1.4,,12.36,,999
SELL,21,BRO,2021-10-26,64.69,190.23,2021-10-19,62.3,5.93,6.15,454.65,448.5,3.78,5,rotation (out of top-N),2021-10-18,64.31,,5,0.7,,26.93,,999,2021-10-25,61.02,,3.91,1.0,,19.53,,999
SELL,22,APO,2021-11-23,69.35,186.96,2021-10-19,63.39,5.93,6.48,1114.28,1107.79,9.35,25,rotation (out of top-N),2021-10-18,72.7,,5,-0.1,,42.29,,999,2021-11-22,65.86,,4.3,0.9,,21.5,,999
SELL,23,AMD,2022-01-04,151.04,102.09,2021-10-19,116.08,5.93,7.71,3568.63,3560.92,30.05,53,rotation (out of top-N),2021-10-18,119.85,,5,0.7,,30.44,,105,2022-01-03,131.97,,4.54,0.9,,22.72,,182
SELL,24,CPT,2021-11-02,137.96,91.4,2021-10-26,134.76,6.16,6.3,292.49,286.18,2.32,5,rotation (out of top-N),2021-10-25,139.2,,5,0.7,,25.77,,999,2021-11-01,137.69,,4.59,0.9,,22.96,,999
SELL,25,ANET,2022-01-25,29.9,391.16,2021-11-02,30.69,6.0,5.85,-309.02,-314.86,-2.62,57,rotation (out of top-N),2021-11-01,33.16,,5,-0.6,,52.07,,999,2022-01-24,30.04,,3.25,1.2,,16.25,,999
SELL,26,BLDR,2022-01-25,68.14,206.76,2021-11-02,58.06,6.0,7.04,2084.17,2077.13,17.3,57,rotation (out of top-N),2021-11-01,67.25,,5,0.1,,38.53,,999,2022-01-24,66.37,,3.18,1.2,,15.92,,999
SELL,27,COST,2022-01-04,536.49,25.57,2021-11-02,469.45,6.0,6.86,1714.33,1707.47,14.22,43,rotation (out of top-N),2021-11-01,487.91,,5,0.6,,27.15,,999,2022-01-03,509.64,,3.86,1.0,,19.31,,999
SELL,28,CF,2021-11-23,59.32,197.35,2021-11-09,56.83,5.61,5.85,491.39,485.54,4.33,10,rotation (out of top-N),2021-11-08,58.74,,5,0.6,,28.54,,999,2021-11-22,57.13,,4.52,0.9,,22.61,,999
SELL,29,CDNS,2021-11-23,183.08,70.28,2021-11-16,182.42,6.41,6.43,46.39,39.95,0.31,5,rotation (out of top-N),2021-11-15,188.14,,5,0.6,,28.4,,999,2021-11-22,178.53,,4.21,0.9,,21.04,,999
SELL,30,DDOG,2022-01-04,163.25,71.18,2021-11-23,170.61,6.07,5.81,-523.91,-529.72,-4.36,28,rotation (out of top-N),2021-11-22,181.19,,5,-0.6,,52.22,,147,2022-01-03,143.79,,1.87,1.5,,9.34,,189
SELL,31,DLTR,2021-12-07,138.27,91.03,2021-11-23,133.41,6.07,6.29,442.42,436.12,3.59,9,rotation (out of top-N),2021-11-22,141.33,,5,3.2,,34.46,,7,2021-12-06,141.71,,5,3.0,,32.42,,21
SELL,32,DVN,2021-12-07,34.78,357.51,2021-11-23,33.97,6.07,6.22,289.58,283.36,2.33,9,rotation (out of top-N),2021-11-22,34.41,,5,-0.3,,46.59,,999,2021-12-06,35.61,,5,-0.3,,46.58,,999
SELL,33,DXCM,2021-11-30,143.31,79.64,2021-11-23,152.5,6.07,5.71,-731.86,-737.57,-6.07,4,rotation (out of top-N),2021-11-22,148.19,,5,0.7,,26.83,,168,2021-11-29,129.96,,2.1,1.5,,10.51,,175
SELL,34,F,2021-12-07,14.66,781.5,2021-11-30,14.62,5.71,5.73,31.26,25.53,0.22,5,rotation (out of top-N),2021-11-29,14.26,,5,0.3,,33.33,,999,2021-12-06,15.99,,5,-0.4,,47.14,,999
SELL,35,AAPL,2021-12-14,171.4,71.85,2021-12-07,165.31,5.94,6.16,437.56,431.4,3.63,5,rotation (out of top-N),2021-12-06,175.48,,5,0.6,,27.47,,999,2021-12-13,167.12,,4.06,1.0,,20.32,,999
SELL,36,AVGO,2022-01-04,61.4,225.98,2021-12-07,52.56,5.94,6.94,1997.63,1990.69,16.76,19,rotation (out of top-N),2021-12-06,58.04,,5,0.6,,28.96,,999,2022-01-03,57.18,,4.48,0.9,,22.4,,999
SELL,37,AZO,2021-12-14,1979.59,6.22,2021-12-07,1910.38,5.94,6.15,430.3,424.14,3.57,5,rotation (out of top-N),2021-12-06,2001.23,,5,0.7,,25.84,,999,2021-12-13,1997.28,,4.84,0.8,,24.21,,999
SELL,38,CIEN,2022-01-11,75.06,190.89,2021-12-07,62.22,5.94,7.16,2451.05,2443.89,20.58,24,rotation (out of top-N),2021-12-06,73.35,,5,3.0,,30.25,,28,2022-01-10,71.37,,4.34,1.9,,21.71,,63
SELL,39,DLTR,2021-12-28,138.43,85.79,2021-12-14,141.5,6.07,5.94,-263.82,-269.76,-2.22,9,rotation (out of top-N),2021-12-13,136.24,,5,3.2,,26.49,,28,2021-12-27,140.56,,5,2.9,,28.85,,42
SELL,40,EXR,2021-12-21,182.79,68.48,2021-12-14,177.29,6.07,6.26,376.61,370.36,3.05,5,rotation (out of top-N),2021-12-13,180.38,,5,0.6,,27.49,,999,2021-12-20,182.78,,5,0.6,,27.42,,999
SELL,41,DVN,2021-12-28,36.85,366.54,2021-12-14,33.12,6.07,6.75,1367.21,1360.46,11.21,9,rotation (out of top-N),2021-12-13,32.15,,5,0.5,,30.57,,999,2021-12-27,36.13,,5,-0.1,,41.69,,999
SELL,42,CF,2022-01-11,61.28,211.85,2021-12-21,59.11,6.26,6.49,459.71,453.22,3.62,14,rotation (out of top-N),2021-12-20,65.69,,5,0.2,,36.29,,999,2022-01-10,60.41,,4.26,0.9,,21.31,,999
SELL,43,ACN,2022-01-04,382.92,32.53,2021-12-28,389.81,6.34,6.23,-224.16,-230.39,-1.82,5,rotation (out of top-N),2021-12-27,388.7,,5,0.6,,27.11,,999,2022-01-03,347.52,,2.56,1.4,,12.82,,999
SELL,44,AZO,2022-01-04,2056.58,6.21,2021-12-28,2041.56,6.34,6.39,93.34,86.95,0.69,5,rotation (out of top-N),2021-12-27,2096.34,,5,0.6,,27.63,,999,2022-01-03,2015.7,,4.32,0.9,,21.61,,999
SELL,45,APA,2022-06-14,40.86,533.93,2022-01-04,24.91,6.65,10.91,8516.14,8505.23,63.95,111,rotation (out of top-N),2022-01-03,25.75,,5,0.3,,33.29,,999,2022-06-13,34.23,,3.29,1.2,,16.47,,999
SELL,46,COP,2022-04-26,79.55,209.72,2022-01-04,63.42,6.65,8.34,3382.7,3374.36,25.37,77,rotation (out of top-N),2022-01-03,68.59,,5,0.5,,29.82,,999,2022-04-25,81.89,,4.57,0.9,,22.84,,999
SELL,47,DLTR,2022-01-11,135.98,94.15,2022-01-04,141.27,6.65,6.4,-498.04,-504.44,-3.79,5,rotation (out of top-N),2022-01-03,140.88,,5,2.8,,28.41,,49,2022-01-10,130.83,,3.78,3.1,,18.89,,56
SELL,48,F,2022-01-25,14.89,792.15,2022-01-04,16.79,6.65,5.9,-1505.08,-1510.97,-11.36,14,rotation (out of top-N),2022-01-03,18.22,,5,-0.9,,58.21,,999,2022-01-24,14.65,,4.31,0.9,,21.56,,999
SELL,49,FANG,2022-03-01,113.96,143.85,2022-01-04,92.46,6.65,8.2,3092.72,3084.52,23.19,38,rotation (out of top-N),2022-01-03,99.38,,5,0.3,,34.0,,999,2022-02-28,113.15,,5,0.2,,36.55,,999
SELL,50,DVN,2022-03-22,50.9,350.93,2022-01-04,37.9,6.65,8.93,4562.05,4553.12,34.23,53,rotation (out of top-N),2022-01-03,40.08,,5,-0.7,,53.9,,999,2022-03-21,52.11,,5,-0.9,,58.0,,999
SELL,51,EOG,2022-03-01,95.54,164.79,2022-01-11,81.14,6.69,7.87,2372.92,2365.05,17.69,33,rotation (out of top-N),2022-01-10,87.07,,5,0.3,,33.57,,999,2022-02-28,97.86,,5,0.1,,38.43,,999
SELL,52,AMD,2022-01-25,114.01,100.25,2022-01-11,133.38,6.69,5.71,-1941.75,-1947.47,-14.57,9,rotation (out of top-N),2022-01-10,136.92,,5,0.7,,25.74,,189,2022-01-24,105.22,,-0.93,2.2,,-4.66,,203
SELL,53,HAL,2022-03-01,31.3,558.74,2022-01-11,23.93,6.69,8.74,4117.94,4109.2,30.73,33,rotation (out of top-N),2022-01-10,26.37,,5,0.9,,28.89,,98,2022-02-28,31.41,,5,-0.1,,41.75,,147
SELL,54,OXY,2022-02-01,34.97,386.76,2022-01-25,31.66,6.12,6.76,1280.18,1273.42,10.4,5,rotation (out of top-N),2022-01-24,35.28,,5,0.6,,28.64,,999,2022-01-31,38.31,,5,0.1,,37.87,,999
SELL,55,XOM,2022-02-01,65.54,197.21,2022-01-25,62.09,6.12,6.46,680.38,673.92,5.5,5,rotation (out of top-N),2022-01-24,64.45,,5,0.7,,25.02,,999,2022-01-31,69.71,,5,0.3,,33.75,,999
SELL,56,SLB,2022-02-01,35.04,369.49,2022-01-25,33.14,6.12,6.47,702.03,695.56,5.68,5,rotation (out of top-N),2022-01-24,36.06,,5,0.6,,27.66,,999,2022-01-31,34.99,,4.54,0.9,,22.71,,999
SELL,57,CF,2022-06-07,85.5,197.59,2022-01-25,61.97,6.12,8.45,4649.39,4640.94,37.9,92,rotation (out of top-N),2022-01-24,64.65,,5,0.6,,27.27,,999,2022-06-06,80.38,,2.87,1.3,,14.37,,999
SELL,58,CVX,2022-02-15,112.29,120.2,2022-02-01,109.21,6.56,6.75,370.23,363.48,2.77,10,rotation (out of top-N),2022-01-31,113.48,,5,0.7,,25.64,,999,2022-02-14,112.57,,4.57,0.9,,22.87,,999
SELL,59,MCK,2022-03-01,269.03,52.3,2022-02-01,251.02,6.56,7.03,941.86,934.83,7.12,19,rotation (out of top-N),2022-01-31,259.81,,5,0.7,,25.19,,999,2022-02-28,276.0,,5,0.6,,28.21,,999
SELL,60,MPC,2022-02-08,72.46,203.94,2022-02-01,64.37,6.56,7.39,1649.86,1642.47,12.51,5,rotation (out of top-N),2022-01-31,70.73,,5,0.7,,26.2,,999,2022-02-07,73.48,,5,0.5,,29.9,,999
SELL,61,MOS,2022-02-15,39.72,371.41,2022-02-08,39.8,7.39,7.38,-29.71,-37.09,-0.25,5,rotation (out of top-N),2022-02-07,41.76,,5,0.5,,30.08,,999,2022-02-14,40.11,,4.84,0.8,,24.19,,999
SELL,62,OXY,2022-03-01,41.54,377.6,2022-02-15,37.38,7.06,7.84,1570.82,1562.97,11.07,9,rotation (out of top-N),2022-02-14,37.16,,5,0.5,,30.41,,999,2022-02-28,52.8,,5,-1,,78.83,,999
SELL,63,DLTR,2022-04-05,156.41,101.62,2022-02-15,138.9,7.06,7.95,1779.32,1771.38,12.55,34,rotation (out of top-N),2022-02-14,142.84,,5,1.1,,27.11,,91,2022-04-04,162.96,,5,0.3,,34.27,,140
SELL,64,BKR,2022-04-19,33.7,586.86,2022-03-01,27.03,7.93,9.89,3914.39,3904.5,24.61,34,rotation (out of top-N),2022-02-28,30.15,,5,0.2,,36.24,,175,2022-04-18,29.22,,4.09,1.0,,20.45,,224
SELL,65,CVX,2022-06-14,144.08,129.74,2022-03-01,122.27,7.93,9.35,2829.57,2820.22,17.78,73,rotation (out of top-N),2022-02-28,133.85,,5,-0.1,,42.86,,999,2022-06-13,126.22,,1.84,1.5,,9.18,,999
SELL,66,ABBV,2022-03-08,127.57,125.17,2022-03-01,126.73,7.93,7.98,105.14,97.16,0.61,5,rotation (out of top-N),2022-02-28,129.08,,5,0.7,,25.51,,999,2022-03-07,127.83,,4.65,0.8,,23.25,,999
SELL,67,ADM,2022-05-10,75.28,228.11,2022-03-01,69.54,7.93,8.59,1309.37,1300.78,8.2,49,rotation (out of top-N),2022-02-28,73.13,,5,0.6,,27.7,,999,2022-05-09,75.41,,3.63,1.1,,18.13,,999
SELL,68,BG,2022-03-15,95.48,172.27,2022-03-01,92.08,7.93,8.22,585.73,577.51,3.64,10,rotation (out of top-N),2022-02-28,95.16,,5,0.7,,25.49,,999,2022-03-14,92.17,,4.0,1.0,,20.01,,999
SELL,69,EOG,2022-03-15,91.6,161.45,2022-03-08,99.05,8.0,7.39,-1202.82,-1210.21,-7.57,5,rotation (out of top-N),2022-03-07,96.13,,5,0.3,,34.66,,999,2022-03-14,96.32,,5,0.3,,33.55,,999
SELL,70,BLDR,2022-03-22,77.2,219.97,2022-03-15,70.95,7.8,8.49,1374.84,1366.35,8.75,5,rotation (out of top-N),2022-03-14,78.37,,5,0.7,,26.77,,999,2022-03-21,68.0,,1.77,1.6,,8.87,,999
SELL,71,ABBV,2022-04-19,138.74,119.57,2022-03-15,130.53,7.8,8.29,981.65,973.36,6.24,24,rotation (out of top-N),2022-03-14,136.46,,5,0.5,,30.3,,999,2022-04-18,133.84,,4.26,0.9,,21.31,,999
SELL,72,BG,2022-04-26,105.34,178.35,2022-03-22,97.63,8.71,9.39,1375.09,1365.7,7.84,24,rotation (out of top-N),2022-03-21,103.14,,5,0.4,,32.72,,999,2022-04-25,99.3,,4.14,1.0,,20.7,,999
SELL,73,CTVA,2022-03-29,55.39,318.39,2022-03-22,54.69,8.71,8.82,222.87,214.05,1.23,5,rotation (out of top-N),2022-03-21,57.14,,5,0.6,,28.92,,133,2022-03-28,55.7,,4.94,0.8,,24.69,,140
SELL,74,DVN,2022-04-05,51.06,361.6,2022-03-29,48.77,8.82,9.23,828.06,818.83,4.64,5,rotation (out of top-N),2022-03-28,50.3,,5,-0.5,,49.48,,999,2022-04-04,52.03,,5,-0.6,,51.37,,999
SELL,75,COR,2022-04-12,155.48,115.3,2022-04-05,148.88,8.58,8.96,760.98,752.02,4.38,5,rotation (out of top-N),2022-04-04,158.75,,5,0.6,,28.82,,999,2022-04-11,154.58,,4.85,0.8,,24.25,,999
SELL,76,CTVA,2022-04-19,58.32,304.47,2022-04-05,56.38,8.58,8.88,590.67,581.79,3.39,9,rotation (out of top-N),2022-04-04,56.99,,5,0.7,,26.53,,147,2022-04-18,55.13,,4.04,1.0,,20.22,,161
SELL,77,DLTR,2022-05-10,163.13,107.51,2022-04-12,166.74,8.96,8.77,-388.11,-396.88,-2.21,19,rotation (out of top-N),2022-04-11,173.0,,5,-0.0,,40.41,,147,2022-05-09,159.4,,4.59,0.9,,22.97,,175
SELL,78,EOG,2022-06-14,113.95,175.66,2022-04-19,102.62,9.01,10.01,1990.19,1980.18,10.99,39,rotation (out of top-N),2022-04-18,97.09,,5,0.7,,26.39,,999,2022-06-13,94.64,,1.66,1.6,,8.31,,999
SELL,79,EQT,2022-06-28,35.4,435.3,2022-04-19,41.41,9.01,7.7,-2616.17,-2623.87,-14.56,48,rotation (out of top-N),2022-04-18,37.36,,5,-1,,71.71,,999,2022-06-27,32.33,,3.95,1.0,,19.73,,999
SELL,80,DVN,2022-06-14,60.55,341.92,2022-04-19,52.72,9.01,10.35,2677.21,2666.86,14.79,39,rotation (out of top-N),2022-04-18,48.41,,5,0.2,,35.18,,999,2022-06-13,49.05,,2.82,1.3,,14.11,,999
SELL,81,MCK,2022-05-03,301.93,57.39,2022-04-26,308.96,8.87,8.66,-403.45,-412.11,-2.32,5,rotation (out of top-N),2022-04-25,302.92,,5,0.6,,27.09,,999,2022-05-02,326.92,,5,0.2,,35.33,,999
SELL,82,HAL,2022-05-03,33.35,541.24,2022-04-26,32.76,8.87,9.03,319.33,310.31,1.75,5,rotation (out of top-N),2022-04-25,32.78,,5,0.5,,30.89,,203,2022-05-02,34.39,,5,0.2,,35.23,,210
SELL,83,COP,2022-06-14,98.24,212.45,2022-05-03,83.22,8.84,10.44,3191.01,3180.57,17.99,29,rotation (out of top-N),2022-05-02,92.33,,5,0.2,,36.19,,999,2022-06-13,80.76,,1.6,1.6,,8.02,,999
SELL,84,EXE,2022-05-10,70.6,256.2,2022-05-03,69.01,8.84,9.04,407.35,398.31,2.25,5,rotation (out of top-N),2022-05-02,77.02,,5,0.1,,37.38,,999,2022-05-09,70.87,,4.98,0.8,,24.91,,999
SELL,85,MOS,2022-05-17,57.59,334.43,2022-05-10,52.59,8.79,9.63,1672.14,1662.51,9.45,5,rotation (out of top-N),2022-05-09,55.65,,5,0.2,,35.71,,999,2022-05-16,51.78,,4.92,0.8,,24.6,,999
SELL,86,MCK,2022-05-24,322.08,54.76,2022-05-10,321.17,8.79,8.82,49.83,41.01,0.23,10,rotation (out of top-N),2022-05-09,317.62,,5,0.5,,29.83,,999,2022-05-23,328.06,,5,0.5,,30.67,,999
SELL,87,HAL,2022-05-24,34.88,562.26,2022-05-10,31.28,8.79,9.81,2024.14,2014.34,11.45,10,rotation (out of top-N),2022-05-09,33.23,,5,0.6,,28.77,,217,2022-05-23,38.06,,5,-0.1,,42.41,,231
SELL,88,EXE,2022-05-24,80.44,258.96,2022-05-17,74.4,9.63,10.42,1564.13,1553.72,8.06,5,rotation (out of top-N),2022-05-16,77.32,,5,0.3,,34.38,,999,2022-05-23,87.47,,5,-0.5,,49.08,,999
SELL,89,BKR,2022-06-07,34.12,600.55,2022-05-24,32.21,9.67,10.25,1147.06,1136.81,5.88,9,rotation (out of top-N),2022-05-23,33.92,,5,0.4,,31.64,,259,2022-06-06,32.12,,4.34,0.9,,21.68,,273
SELL,90,DLTR,2022-06-07,157.5,150.77,2022-05-24,128.3,9.67,11.87,4402.5,4390.63,22.7,9,rotation (out of top-N),2022-05-23,165.0,,5,0.7,,25.15,,189,2022-06-06,156.01,,3.09,1.2,,15.44,,203
SELL,91,CTVA,2022-06-07,58.96,331.86,2022-05-24,58.29,9.67,9.78,222.34,212.56,1.1,9,rotation (out of top-N),2022-05-23,60.26,,5,0.7,,26.43,,196,2022-06-06,55.57,,2.95,1.3,,14.77,,210
SELL,92,EXE,2022-06-14,81.27,240.59,2022-06-07,83.8,10.08,9.78,-608.7,-618.47,-3.07,5,rotation (out of top-N),2022-06-06,83.33,,5,0.1,,37.6,,999,2022-06-13,68.11,,2.31,1.4,,11.54,,999
SELL,93,FANG,2022-06-14,127.58,154.84,2022-06-07,130.21,10.08,9.88,-407.23,-417.1,-2.07,5,rotation (out of top-N),2022-06-06,130.75,,5,0.5,,30.83,,999,2022-06-13,102.84,,0.37,1.9,,1.84,,999
SELL,94,MPC,2022-06-14,96.09,201.74,2022-06-07,99.94,10.08,9.69,-776.69,-786.38,-3.9,5,rotation (out of top-N),2022-06-06,99.39,,5,-0.2,,44.58,,999,2022-06-13,80.05,,3.05,1.2,,15.23,,999
SELL,95,HAL,2022-06-14,35.33,529.17,2022-06-07,38.1,10.08,9.35,-1465.81,-1475.16,-7.32,5,rotation (out of top-N),2022-06-06,37.35,,5,0.3,,34.86,,245,2022-06-13,29.24,,0.9,1.8,,4.5,,252
SELL,96,OXY,2022-08-02,61.59,340.64,2022-06-14,58.5,9.96,10.49,1052.58,1042.09,5.23,33,rotation (out of top-N),2022-06-13,52.5,,5,0.7,,26.58,,999,2022-08-01,55.64,,4.03,1.0,,20.14,,999
SELL,97,CNR,2022-07-26,57.57,438.55,2022-06-14,45.44,9.96,12.62,5319.56,5306.94,26.63,28,rotation (out of top-N),2022-06-13,42.52,,5,0.1,,38.44,,999,2022-07-25,56.54,,5,-1,,65.56,,999
SELL,98,TNK,2022-06-28,16.3,1152.55,2022-06-14,17.29,9.96,9.39,-1141.02,-1150.41,-5.77,9,rotation (out of top-N),2022-06-13,15.85,,5,1.1,,28.58,,91,2022-06-27,15.4,,4.54,1.1,,22.72,,105
SELL,99,BANF,2022-07-12,87.31,235.88,2022-06-14,84.48,9.96,10.3,667.55,657.26,3.3,18,rotation (out of top-N),2022-06-13,88.03,,5,0.7,,26.95,,196,2022-07-11,84.56,,3.25,1.2,,16.24,,224
SELL,100,AMR,2022-08-02,129.24,141.0,2022-06-14,141.33,9.96,9.11,-1704.69,-1713.8,-8.6,33,rotation (out of top-N),2022-06-13,137.42,,5,-0.6,,51.44,,999,2022-08-01,123.08,,3.96,1.0,,19.8,,999
SELL,101,VLO,2022-06-28,101.46,166.28,2022-06-14,119.84,9.96,8.44,-3056.31,-3064.74,-15.38,9,rotation (out of top-N),2022-06-13,99.87,,5,0.7,,25.48,,168,2022-06-27,95.84,,3.54,1.1,,17.69,,182
SELL,102,STNG,2022-07-26,36.53,615.81,2022-06-14,32.36,9.96,11.25,2567.92,2556.67,12.83,28,rotation (out of top-N),2022-06-13,30.96,,5,-0.5,,76.89,,91,2022-07-25,35.06,,5,-1,,75.06,,133
SELL,103,LNTH,2022-07-26,70.44,322.01,2022-06-14,61.88,9.96,11.34,2754.79,2743.44,13.77,28,rotation (out of top-N),2022-06-13,60.67,,5,-0.4,,48.78,,999,2022-07-25,76.72,,5,-1,,62.09,,999
SELL,104,TDW,2022-06-28,22.87,827.38,2022-06-14,24.09,9.96,9.46,-1005.27,-1014.73,-5.09,9,rotation (out of top-N),2022-06-13,21.7,,5,0.4,,32.81,,140,2022-06-27,20.99,,4.91,0.8,,24.55,,154
SELL,105,DK,2022-07-12,19.57,719.96,2022-06-28,24.31,8.75,7.04,-3412.63,-3419.68,-19.54,9,rotation (out of top-N),2022-06-27,22.55,,5,0.8,,27.53,,112,2022-07-11,19.72,,2.05,1.5,,10.26,,126
SELL,106,PBF,2022-07-12,24.04,570.11,2022-06-28,30.7,8.75,6.85,-3796.92,-3803.78,-21.73,9,rotation (out of top-N),2022-06-27,27.48,,5,-0.2,,44.02,,175,2022-07-11,24.65,,5,0.7,,25.06,,189
SELL,107,TMDX,2022-07-12,33.68,537.87,2022-06-28,32.54,8.75,9.06,613.17,604.12,3.45,9,rotation (out of top-N),2022-06-27,32.09,,5,2.3,,36.76,,49,2022-07-11,33.39,,5,0.9,,41.28,,63
SELL,108,HURN,2022-07-12,63.07,279.99,2022-06-28,62.51,8.75,8.83,156.8,147.97,0.85,9,rotation (out of top-N),2022-06-27,65.98,,5,1.4,,29.01,,70,2022-07-11,63.51,,4.54,1.5,,22.7,,84
SELL,109,MUSA,2022-08-23,294.82,63.78,2022-07-12,263.77,8.41,9.4,1980.36,1970.95,11.72,30,rotation (out of top-N),2022-07-11,267.92,,5,0.4,,32.93,,999,2022-08-22,287.58,,5,0.4,,31.69,,999
SELL,110,AXSM,2022-07-19,40.86,390.55,2022-07-12,43.08,8.41,7.98,-865.08,-873.06,-5.19,5,rotation (out of top-N),2022-07-11,43.61,,5,3.5,,29.75,,0,2022-07-18,40.31,,3.98,3.9,,19.92,,7
SELL,111,CVSA,2022-08-02,39.9,446.95,2022-07-12,37.64,8.41,8.92,1007.87,998.95,5.94,15,rotation (out of top-N),2022-07-11,38.57,,5,3.0,,26.29,,42,2022-08-01,38.27,,4.91,1.7,,24.57,,63
SELL,112,TPL,2022-08-02,195.98,103.99,2022-07-12,161.77,8.41,10.19,3557.64,3547.45,21.09,15,rotation (out of top-N),2022-07-11,176.83,,5,1.0,,26.75,,98,2022-08-01,177.0,,4.62,0.9,,23.11,,119
SELL,113,CORT,2022-07-19,27.45,640.88,2022-07-12,26.25,8.41,8.8,769.06,760.26,4.52,5,rotation (out of top-N),2022-07-11,27.21,,5,0.7,,26.48,,133,2022-07-18,26.92,,4.83,0.8,,24.14,,140
SELL,114,EQT,2022-09-20,44.71,474.8,2022-07-19,35.34,8.39,10.61,4448.86,4438.25,26.45,44,rotation (out of top-N),2022-07-18,39.83,,5,-0.1,,41.06,,999,2022-09-19,39.01,,3.2,1.2,,15.99,,999
SELL,115,BANF,2022-08-02,100.9,195.81,2022-07-19,85.69,8.39,9.88,2978.35,2968.47,17.69,10,rotation (out of top-N),2022-07-18,93.18,,5,0.7,,26.58,,231,2022-08-01,101.43,,5,0.3,,34.03,,245
SELL,116,MOD,2022-08-09,15.69,1939.4,2022-07-26,12.1,11.73,15.21,6972.15,6956.93,29.66,10,rotation (out of top-N),2022-07-25,13.11,,5,3.0,,29.18,,35,2022-08-08,16.66,,5,1.2,,60.52,,49
SELL,117,BELFB,2022-08-09,24.52,1279.71,2022-07-26,18.33,11.73,15.69,7921.4,7905.71,33.7,10,rotation (out of top-N),2022-07-25,24.51,,5,-1,,64.3,,147,2022-08-08,26.24,,5,-1,,69.41,,161
SELL,118,SMCI,2022-09-20,5.66,4443.47,2022-07-26,5.28,11.73,12.57,1684.07,1671.5,7.13,39,rotation (out of top-N),2022-07-25,5.4,,5,1.1,,25.02,,98,2022-09-19,5.34,,2.43,1.4,,12.17,,154
SELL,119,AXSM,2022-08-09,41.0,552.39,2022-08-02,35.16,9.71,11.32,3225.97,3214.64,16.55,5,rotation (out of top-N),2022-08-01,43.43,,5,3.2,,28.87,,21,2022-08-08,46.22,,5,2.7,,36.53,,28
SELL,120,KRYS,2022-08-09,82.06,277.7,2022-08-02,69.94,9.71,11.39,3365.68,3354.29,17.27,5,rotation (out of top-N),2022-08-01,82.11,,5,2.8,,29.51,,42,2022-08-08,79.18,,4.71,3.0,,23.54,,49
SELL,121,ALNY,2022-08-09,229.25,136.56,2022-08-02,142.22,9.71,15.65,11885.14,11869.49,61.11,5,rotation (out of top-N),2022-08-01,218.65,,5,3.0,,39.64,,0,2022-08-08,233.7,,5,2.5,,48.16,,7
SELL,122,ATI,2022-08-09,29.28,772.25,2022-08-02,25.15,9.71,11.31,3189.39,3178.09,16.36,5,rotation (out of top-N),2022-08-01,29.01,,5,0.6,,27.5,,175,2022-08-08,31.4,,5,0.2,,35.97,,182
SELL,123,LPLA,2022-08-09,220.23,96.1,2022-08-02,202.11,9.71,10.58,1741.27,1730.69,8.91,5,rotation (out of top-N),2022-08-01,221.17,,5,0.7,,25.48,,999,2022-08-08,223.53,,5,0.7,,25.76,,999
SELL,124,OXY,2022-09-13,62.12,447.67,2022-08-09,58.14,13.01,13.9,1781.72,1767.81,6.79,24,rotation (out of top-N),2022-08-08,61.98,,5,0.4,,31.66,,999,2022-09-12,60.97,,3.61,1.1,,18.05,,999
SELL,125,FSLR,2022-11-08,149.4,249.52,2022-08-09,104.31,13.01,18.64,11250.85,11232.21,43.16,64,rotation (out of top-N),2022-08-08,118.02,,5,2.7,,46.3,,0,2022-11-07,150.52,,5,-0.5,,60.18,,91
SELL,126,RBC,2022-08-23,248.88,108.11,2022-08-09,240.74,13.01,13.45,880.05,866.6,3.33,10,rotation (out of top-N),2022-08-08,264.77,,5,2.9,,35.57,,21,2022-08-22,245.05,,4.92,3.2,,24.58,,35
SELL,127,CAH,2022-08-23,63.38,451.16,2022-08-09,57.69,13.01,14.3,2567.1,2552.8,9.81,10,rotation (out of top-N),2022-08-08,64.66,,5,0.6,,28.26,,175,2022-08-22,63.07,,4.57,0.9,,22.86,,189
SELL,128,MCK,2022-08-23,361.07,75.66,2022-08-09,344.01,13.01,13.66,1290.74,1277.08,4.91,10,rotation (out of top-N),2022-08-08,358.01,,5,0.7,,25.73,,999,2022-08-22,349.92,,3.99,1.0,,19.95,,999
SELL,129,KNSL,2022-08-16,277.82,99.66,2022-08-09,261.15,13.01,13.84,1661.41,1647.56,6.33,5,rotation (out of top-N),2022-08-08,275.96,,5,0.7,,26.56,,280,2022-08-15,275.85,,5,0.7,,25.44,,287
SELL,130,EXE,2022-09-13,89.21,324.61,2022-08-09,80.18,13.01,14.48,2931.25,2916.77,11.21,24,rotation (out of top-N),2022-08-08,83.35,,5,0.7,,26.47,,999,2022-09-12,87.42,,4.79,0.8,,23.94,,999
SELL,131,TPL,2022-09-13,186.65,158.0,2022-08-16,175.65,13.88,14.75,1737.97,1723.23,6.21,19,rotation (out of top-N),2022-08-15,182.67,,5,0.7,,25.37,,133,2022-09-12,188.89,,4.84,0.8,,24.18,,161
SELL,132,ALB,2022-08-30,273.49,96.03,2022-08-23,264.33,12.69,13.13,879.65,866.52,3.41,5,rotation (out of top-N),2022-08-22,274.26,,5,3.4,,27.4,,14,2022-08-29,247.03,,2.97,3.9,,14.83,,21
SELL,133,CF,2022-08-30,102.52,258.39,2022-08-23,98.24,12.69,13.24,1105.9,1092.65,4.3,5,rotation (out of top-N),2022-08-22,108.91,,5,0.2,,36.88,,999,2022-08-29,98.34,,4.4,0.9,,22.02,,999
SELL,134,MPC,2022-08-30,95.18,270.65,2022-08-23,93.79,12.69,12.88,376.2,363.32,1.43,5,rotation (out of top-N),2022-08-22,96.27,,5,0.7,,26.82,,999,2022-08-29,91.41,,3.8,1.0,,19.02,,999
SELL,135,DVN,2022-08-30,61.45,427.92,2022-08-23,59.32,12.69,13.15,911.46,898.31,3.54,5,rotation (out of top-N),2022-08-22,61.67,,5,0.6,,28.85,,999,2022-08-29,59.61,,4.59,0.9,,22.93,,999
SELL,136,MUSA,2022-09-13,278.79,89.6,2022-08-30,292.28,13.09,12.49,-1208.73,-1221.22,-4.66,9,rotation (out of top-N),2022-08-29,282.31,,5,0.6,,27.71,,999,2022-09-12,271.49,,4.04,1.0,,20.22,,999
SELL,137,CAH,2022-09-13,63.74,401.73,2022-08-30,65.19,13.09,12.8,-582.51,-595.31,-2.27,9,rotation (out of top-N),2022-08-29,66.19,,5,0.6,,27.51,,196,2022-09-12,62.4,,3.58,1.1,,17.88,,210
SELL,138,BELFB,2022-10-25,30.2,1029.84,2022-08-30,25.43,13.09,15.55,4912.33,4896.77,18.7,39,rotation (out of top-N),2022-08-29,25.92,,5,-0.9,,57.07,,182,2022-10-24,33.96,,5,-1,,75.21,,238
SELL,139,ALNY,2022-09-20,216.24,125.29,2022-08-30,209.02,13.09,13.55,904.62,891.07,3.4,14,rotation (out of top-N),2022-08-29,205.57,,5,3.1,,28.45,,28,2022-09-19,200.73,,4.71,3.0,,23.54,,49
SELL,140,BE,2022-09-20,25.34,1115.5,2022-09-13,24.52,13.68,14.13,909.13,895.0,3.27,5,rotation (out of top-N),2022-09-12,25.18,,5,3.2,,25.24,,35,2022-09-19,21.39,,1.28,4.0,,6.4,,42
SELL,141,MOD,2022-09-27,14.22,1772.65,2022-09-13,15.43,13.68,12.61,-2136.04,-2148.65,-7.86,10,rotation (out of top-N),2022-09-12,14.79,,5,0.8,,35.35,,84,2022-09-26,12.95,,3.34,1.5,,16.69,,98
SELL,142,AXSM,2022-09-27,46.02,454.65,2022-09-13,60.16,13.68,10.46,-6428.8,-6439.27,-23.54,10,rotation (out of top-N),2022-09-12,59.14,,5,-0.0,,59.03,,63,2022-09-26,44.61,,3.65,1.8,,18.26,,77
SELL,143,ALB,2022-09-20,277.99,99.95,2022-09-13,273.65,13.68,13.89,433.79,419.9,1.54,5,rotation (out of top-N),2022-09-12,273.76,,5,3.1,,26.19,,35,2022-09-19,256.65,,3.56,3.4,,17.78,,42
SELL,144,LNG,2022-09-20,161.5,171.85,2022-09-13,159.16,13.68,13.88,402.13,388.26,1.42,5,rotation (out of top-N),2022-09-12,161.21,,5,0.7,,25.48,,999,2022-09-19,149.39,,3.02,1.2,,15.09,,999
SELL,145,XMTR,2022-10-04,59.65,435.54,2022-09-20,60.15,13.1,12.99,-215.59,-228.58,-0.87,10,rotation (out of top-N),2022-09-19,59.94,,5,2.4,,41.88,,28,2022-10-03,59.0,,5,2.4,,38.53,,42
SELL,146,PLMR,2022-10-18,89.12,307.39,2022-09-20,85.22,13.1,13.7,1200.36,1186.66,4.53,20,rotation (out of top-N),2022-09-19,83.48,,5,2.7,,32.12,,42,2022-10-17,81.12,,4.63,1.7,,23.14,,70
SELL,147,CNR,2022-10-04,65.67,438.13,2022-09-20,59.79,13.1,14.39,2576.21,2561.82,9.78,10,rotation (out of top-N),2022-09-19,55.16,,5,0.5,,30.1,,999,2022-10-03,65.79,,5,-0.4,,47.98,,999
SELL,148,RYTM,2022-10-18,24.05,1082.02,2022-09-20,24.21,13.1,13.01,-173.12,-186.14,-0.71,20,rotation (out of top-N),2022-09-19,21.57,,5,1.2,,100.98,,49,2022-10-17,24.0,,5,-0.3,,98.58,,77
SELL,149,INSW,2022-10-18,24.98,1135.49,2022-09-20,23.07,13.1,14.18,2168.79,2154.61,8.23,20,rotation (out of top-N),2022-09-19,21.39,,5,-0.9,,58.51,,182,2022-10-17,25.64,,5,-1,,72.0,,210
SELL,150,STNG,2022-09-27,38.34,668.26,2022-09-20,39.2,13.1,12.81,-574.7,-587.51,-2.24,5,rotation (out of top-N),2022-09-19,36.06,,5,-0.2,,44.68,,189,2022-09-26,38.3,,5,-0.5,,49.71,,196
SELL,151,AGYS,2022-10-04,56.47,461.78,2022-09-27,51.8,11.96,13.04,2154.19,2141.15,8.95,5,rotation (out of top-N),2022-09-26,55.41,,5,1.2,,27.56,,84,2022-10-03,54.22,,4.82,1.3,,24.11,,91
SELL,152,DINO,2022-10-18,49.0,569.04,2022-09-27,42.04,11.96,13.94,3960.5,3946.56,16.5,15,rotation (out of top-N),2022-09-26,46.4,,5,0.7,,26.28,,266,2022-10-17,51.06,,5,0.3,,33.58,,287
SELL,153,BIIB,2022-10-04,266.01,121.18,2022-09-27,197.41,11.96,16.12,8313.02,8296.9,34.68,5,rotation (out of top-N),2022-09-26,267.02,,5,3.7,,25.61,,0,2022-10-03,257.88,,4.21,3.8,,21.06,,7
SELL,154,PCG,2022-10-11,13.93,2162.84,2022-10-04,13.06,14.12,15.06,1881.67,1866.61,6.61,5,rotation (out of top-N),2022-10-03,14.71,,5,3.2,,25.81,,28,2022-10-10,13.67,,3.3,3.6,,16.51,,35
SELL,155,LNG,2022-10-11,159.63,172.3,2022-10-04,163.94,14.12,13.75,-742.61,-756.36,-2.68,5,rotation (out of top-N),2022-10-03,167.8,,5,0.7,,26.08,,999,2022-10-10,164.49,,4.44,0.9,,22.2,,999
SELL,156,TPL,2022-10-25,233.08,136.44,2022-10-04,207.03,14.12,15.9,3554.21,3538.31,12.53,15,rotation (out of top-N),2022-10-03,211.87,,5,0.2,,35.16,,182,2022-10-24,245.87,,5,-0.4,,48.96,,203
SELL,157,LPLA,2022-10-11,239.3,124.44,2022-10-04,227.0,14.12,14.89,1530.55,1515.66,5.37,5,rotation (out of top-N),2022-10-03,238.49,,5,0.7,,25.0,,999,2022-10-10,234.6,,4.4,0.9,,22.0,,999
SELL,158,UNM,2022-10-18,38.68,782.97,2022-10-11,37.2,14.56,15.14,1158.79,1143.65,3.93,5,rotation (out of top-N),2022-10-10,37.43,,5,0.7,,25.52,,245,2022-10-17,39.08,,5,0.5,,29.46,,252
SELL,159,AXSM,2022-10-18,48.62,666.35,2022-10-11,43.71,14.56,16.2,3271.8,3255.6,11.18,5,rotation (out of top-N),2022-10-10,48.03,,5,1.2,,25.4,,91,2022-10-17,41.49,,1.48,2.0,,7.42,,98
SELL,160,CNR,2022-10-18,67.01,463.43,2022-10-11,62.85,14.56,15.53,1927.85,1912.33,6.57,5,rotation (out of top-N),2022-10-10,63.38,,5,0.0,,39.3,,999,2022-10-17,60.08,,5,0.5,,29.44,,999
SELL,161,MOD,2022-10-25,15.41,1936.3,2022-10-18,14.99,14.52,14.92,803.57,788.65,2.72,5,rotation (out of top-N),2022-10-17,15.25,,5,0.3,,34.11,,119,2022-10-24,17.8,,5,-0.7,,53.78,,126
SELL,162,SANM,2022-10-25,56.15,547.41,2022-10-18,53.04,14.52,15.37,1702.46,1687.09,5.81,5,rotation (out of top-N),2022-10-17,55.31,,5,0.6,,27.66,,231,2022-10-24,57.24,,5,0.5,,30.61,,238
SELL,163,ERIE,2023-01-10,243.56,130.58,2022-10-18,222.35,14.52,15.9,2769.64,2753.74,9.48,57,rotation (out of top-N),2022-10-17,224.41,,5.0,1.2,,24.98,,91,2023-01-09,237.14,,3.25,1.2,,16.26,,175
SELL,164,PI,2022-10-25,84.86,347.79,2022-10-18,83.48,14.52,14.76,478.21,463.45,1.6,5,rotation (out of top-N),2022-10-17,86.96,,5,1.4,,27.13,,77,2022-10-24,116.25,,5,-0.4,,67.74,,84
SELL,165,COP,2022-11-15,118.9,274.43,2022-10-18,105.8,14.52,16.31,3595.05,3578.74,12.33,20,rotation (out of top-N),2022-10-17,110.17,,5,0.7,,25.95,,999,2022-11-14,114.12,,4.97,0.8,,24.84,,999
SELL,166,SLB,2022-10-25,47.76,726.42,2022-10-18,39.97,14.52,17.35,5658.79,5641.44,19.43,5,rotation (out of top-N),2022-10-17,46.32,,5,3.6,,27.32,,0,2022-10-24,46.36,,5,3.6,,26.27,,7
SELL,167,SMCI,2022-10-25,6.38,5015.52,2022-10-18,5.79,14.52,16.0,2969.19,2953.19,10.17,5,rotation (out of top-N),2022-10-17,6.45,,5,0.4,,31.64,,182,2022-10-24,6.87,,5,0.1,,38.21,,189
SELL,168,DXCM,2022-11-01,121.93,312.05,2022-10-25,100.52,15.68,19.02,6680.98,6661.96,21.24,5,rotation (out of top-N),2022-10-24,120.9,,5,3.6,,28.57,,0,2022-10-31,114.89,,4.36,3.8,,21.81,,7
SELL,169,FIX,2022-12-06,121.82,290.41,2022-10-25,108.01,15.68,17.69,4010.57,3992.88,12.73,29,rotation (out of top-N),2022-10-24,119.91,,5,1.0,,31.42,,84,2022-12-05,118.82,,4.57,0.9,,22.84,,126
SELL,170,CAH,2022-11-08,74.93,458.05,2022-10-25,68.48,15.68,17.16,2954.42,2937.26,9.36,10,rotation (out of top-N),2022-10-24,72.45,,5,0.5,,30.08,,252,2022-11-07,70.67,,4.83,0.8,,24.13,,266
SELL,171,GILD,2022-11-08,71.6,513.46,2022-10-25,61.09,15.68,18.38,5396.46,5378.08,17.15,10,rotation (out of top-N),2022-10-24,70.35,,5,2.8,,28.27,,49,2022-11-07,72.62,,5,1.4,,30.61,,63
SELL,172,GPC,2022-11-01,161.16,204.15,2022-10-25,153.65,15.68,16.45,1533.15,1516.7,4.84,5,rotation (out of top-N),2022-10-24,161.83,,5,0.6,,28.35,,203,2022-10-31,161.3,,5,0.7,,26.78,,210
SELL,173,CSGP,2022-11-01,83.39,437.14,2022-10-25,71.75,15.68,18.23,5083.98,5065.75,16.15,5,rotation (out of top-N),2022-10-24,82.86,,5,1.5,,25.93,,70,2022-10-31,79.97,,4.19,1.7,,20.97,,77
SELL,174,BIIB,2022-12-13,293.9,113.01,2022-10-25,277.57,15.68,16.61,1845.4,1828.79,5.83,34,rotation (out of top-N),2022-10-24,284.25,,5,3.0,,31.52,,28,2022-12-12,284.99,,4.76,1.5,,23.8,,77
SELL,175,EME,2022-12-13,151.32,256.18,2022-11-01,139.75,17.9,19.38,2963.97,2944.59,8.22,29,rotation (out of top-N),2022-10-31,142.99,,5,1.5,,26.48,,70,2022-12-12,146.49,,4.73,1.0,,23.66,,112
SELL,176,APA,2022-11-08,43.23,873.61,2022-11-01,40.98,17.9,18.88,1965.63,1946.75,5.44,5,rotation (out of top-N),2022-10-31,43.16,,5,3.5,,25.72,,14,2022-11-07,43.0,,4.82,3.4,,24.08,,21
SELL,177,AXON,2023-05-09,221.5,243.33,2022-11-01,147.13,17.9,26.95,18096.25,18069.3,50.47,129,rotation (out of top-N),2022-10-31,148.66,,5,3.4,,25.9,,21,2023-05-08,201.52,,3.22,1.2,,16.1,,210
SELL,178,EOG,2022-11-15,127.27,288.13,2022-11-08,126.71,18.25,18.34,161.35,143.02,0.39,5,rotation (out of top-N),2022-11-07,127.91,,5,0.7,,25.32,,999,2022-11-14,122.65,,3.88,1.0,,19.39,,999
SELL,179,ALB,2022-11-15,286.76,132.67,2022-11-08,275.18,18.25,19.02,1536.37,1517.35,4.16,5,rotation (out of top-N),2022-11-07,309.55,,5,0.7,,36.45,,91,2022-11-14,263.69,,3.13,1.6,,15.66,,98
SELL,180,CSGP,2022-11-15,83.47,452.02,2022-11-08,80.77,18.25,18.86,1220.45,1201.58,3.29,5,rotation (out of top-N),2022-11-07,83.3,,5,1.3,,25.3,,84,2022-11-14,80.78,,4.17,1.4,,20.84,,91
SELL,181,FICO,2023-02-28,673.15,83.84,2022-11-08,435.48,18.25,28.22,19925.99,19897.77,54.5,75,rotation (out of top-N),2022-11-07,607.28,,5,3.1,,37.78,,0,2023-02-27,705.07,,5,0.4,,35.41,,112
SELL,182,FSLR,2022-11-29,166.55,225.98,2022-11-15,160.42,18.13,18.82,1385.23,1366.41,3.77,9,rotation (out of top-N),2022-11-14,166.6,,5,-0.6,,72.81,,98,2022-11-28,168.2,,5,-0.9,,65.86,,112
SELL,183,DECK,2022-12-06,62.98,641.5,2022-11-15,56.51,18.13,20.2,4150.49,4130.29,11.39,14,rotation (out of top-N),2022-11-14,62.59,,5,1.3,,26.48,,84,2022-12-05,62.24,,4.51,1.1,,22.53,,105
SELL,184,CAH,2022-12-06,74.46,512.67,2022-11-15,70.71,18.13,19.09,1922.52,1903.43,5.25,14,rotation (out of top-N),2022-11-14,72.96,,5,0.7,,26.77,,273,2022-12-05,72.85,,4.52,0.9,,22.62,,294
SELL,185,GILD,2022-11-22,75.08,491.01,2022-11-15,73.83,18.13,18.43,613.76,595.33,1.64,5,rotation (out of top-N),2022-11-14,74.22,,5,1.2,,32.23,,70,2022-11-21,76.56,,5,1.0,,34.93,,77
SELL,186,APD,2022-12-20,286.61,135.39,2022-11-22,272.54,18.45,19.4,1905.0,1885.6,5.11,19,rotation (out of top-N),2022-11-21,283.63,,5,3.2,,25.97,,28,2022-12-19,285.24,,4.45,3.0,,22.23,,56
SELL,187,ACGL,2022-12-06,56.47,683.82,2022-11-29,55.01,18.81,19.31,998.38,979.07,2.6,5,rotation (out of top-N),2022-11-28,57.62,,5,3.0,,26.81,,42,2022-12-05,57.09,,4.95,2.9,,24.73,,49
SELL,188,LVS,2022-12-13,46.45,844.23,2022-12-06,45.14,19.05,19.61,1105.95,1086.34,2.85,5,rotation (out of top-N),2022-12-05,44.67,,5,2.9,,25.44,,49,2022-12-12,44.83,,4.99,2.8,,24.97,,56
SELL,189,FSLR,2023-02-28,166.52,234.15,2022-12-06,162.75,19.05,19.5,882.76,863.27,2.27,56,rotation (out of top-N),2022-12-05,150.87,,5,-0.3,,45.92,,119,2023-02-27,210.06,,5,-1.0,,59.82,,203
SELL,190,NFLX,2022-12-13,32.8,1224.97,2022-12-06,31.11,19.05,20.09,2070.19,2050.1,5.38,5,rotation (out of top-N),2022-12-05,32.0,,5,3.1,,28.27,,28,2022-12-12,29.04,,3.4,3.6,,16.99,,35
SELL,191,GILD,2023-01-10,76.28,488.38,2022-12-06,78.03,19.05,18.63,-854.67,-873.3,-2.29,23,rotation (out of top-N),2022-12-05,78.07,,5,0.8,,34.52,,91,2023-01-09,77.17,,5,0.7,,26.0,,126
SELL,192,ACGL,2023-01-31,60.66,655.64,2022-12-13,57.69,18.91,19.89,1947.25,1927.37,5.1,32,rotation (out of top-N),2022-12-12,58.01,,5,2.8,,25.74,,56,2023-01-30,58.28,,3.92,1.3,,19.6,,105
SELL,193,PCG,2023-01-10,15.41,2435.54,2022-12-13,15.53,18.91,18.77,-292.26,-311.03,-0.82,18,rotation (out of top-N),2022-12-12,15.84,,5,1.0,,26.64,,98,2023-01-09,15.65,,4.29,0.9,,21.43,,126
SELL,194,ROST,2023-01-10,115.13,326.8,2022-12-13,115.74,18.91,18.81,-199.35,-218.16,-0.58,18,rotation (out of top-N),2022-12-12,110.02,,5,3.0,,26.27,,42,2023-01-09,115.88,,5,1.4,,29.21,,70
SELL,195,MRNA,2023-01-10,182.32,201.67,2022-12-13,187.55,18.91,18.38,-1054.75,-1073.14,-2.84,18,rotation (out of top-N),2022-12-12,193.29,,5,3.2,,26.53,,28,2023-01-09,192.01,,4.86,2.9,,24.29,,56
SELL,196,DECK,2023-02-07,69.12,643.94,2022-12-20,60.32,19.42,22.25,5666.65,5644.4,14.53,32,rotation (out of top-N),2022-12-19,65.17,,5,0.7,,26.11,,119,2023-02-06,69.08,,4.7,0.8,,23.48,,168
SELL,197,DHI,2023-02-14,96.16,405.84,2023-01-10,89.11,18.08,19.51,2861.18,2841.67,7.86,24,rotation (out of top-N),2023-01-09,91.68,,5,1.7,,25.3,,63,2023-02-13,91.32,,3.9,1.4,,19.5,,98
SELL,198,GE,2023-01-31,63.07,636.14,2023-01-10,56.85,18.08,20.06,3956.78,3936.72,10.89,14,rotation (out of top-N),2023-01-09,62.9,,5,2.4,,35.25,,49,2023-01-30,64.27,,5,1.1,,35.6,,70
SELL,199,CAT,2023-01-31,243.79,154.83,2023-01-10,233.57,18.08,18.87,1582.4,1563.53,4.32,14,rotation (out of top-N),2023-01-09,244.5,,5,1.6,,26.3,,63,2023-01-30,235.51,,3.98,1.6,,19.89,,84
SELL,200,BA,2023-03-07,211.38,176.93,2023-01-10,204.4,18.08,18.7,1234.09,1215.39,3.36,38,rotation (out of top-N),2023-01-09,214.14,,5,2.4,,36.25,,49,2023-03-06,203.04,,3.97,1.3,,19.87,,105
SELL,201,FCX,2023-01-31,41.71,879.49,2023-01-10,41.12,18.08,18.34,518.9,500.56,1.38,14,rotation (out of top-N),2023-01-09,43.05,,5,2.9,,30.94,,35,2023-01-30,41.19,,4.99,2.8,,24.97,,56
SELL,202,BLDR,2023-03-07,87.01,494.32,2023-01-31,78.02,19.28,21.51,4446.45,4424.94,11.47,24,rotation (out of top-N),2023-01-30,82.1,,5,2.7,,29.18,,49,2023-03-06,81.62,,4.83,1.4,,24.15,,84
SELL,203,APO,2023-02-07,67.58,591.76,2023-01-31,65.17,19.28,20.0,1426.13,1406.14,3.65,5,rotation (out of top-N),2023-01-30,69.14,,5,1.2,,27.38,,84,2023-02-06,66.55,,4.32,1.4,,21.61,,91
SELL,204,ALGN,2023-03-21,319.91,145.23,2023-01-31,265.54,19.28,23.23,7896.22,7872.99,20.42,34,rotation (out of top-N),2023-01-30,343.0,,5,2.9,,42.1,,0,2023-03-20,306.47,,4.55,3.0,,22.74,,49
SELL,205,BEN,2023-02-07,26.86,1475.88,2023-01-31,26.13,19.28,19.82,1077.39,1057.57,2.74,5,rotation (out of top-N),2023-01-30,27.96,,5,1.4,,30.49,,63,2023-02-06,25.99,,4.1,1.8,,20.49,,70
SELL,206,GE,2023-02-28,65.59,644.31,2023-02-07,64.2,20.68,21.13,895.6,874.47,2.11,14,rotation (out of top-N),2023-02-06,63.76,,5,1.0,,33.39,,77,2023-02-27,67.74,,5,0.5,,37.47,,98
SELL,207,IBKR,2023-02-14,21.1,1996.38,2023-02-07,20.72,20.68,21.06,758.62,737.56,1.78,5,rotation (out of top-N),2023-02-06,21.16,,5,0.6,,27.35,,133,2023-02-13,21.26,,5,0.7,,26.47,,140
SELL,208,EG,2023-03-07,356.11,128.63,2023-02-07,321.57,20.68,22.9,4443.03,4420.13,10.69,19,rotation (out of top-N),2023-02-06,354.34,,5,0.9,,27.64,,105,2023-03-06,333.23,,3.2,1.2,,16.01,,133
SELL,209,ACGL,2023-03-07,67.9,646.56,2023-02-14,62.74,20.28,21.95,3336.24,3314.29,8.17,14,rotation (out of top-N),2023-02-13,64.48,,5,0.5,,29.82,,119,2023-03-06,63.34,,4.71,0.8,,23.54,,140
SELL,210,GWW,2023-02-28,658.32,62.47,2023-02-14,649.38,20.28,20.56,558.46,537.9,1.33,9,rotation (out of top-N),2023-02-13,658.67,,5,0.7,,25.02,,196,2023-02-27,677.91,,5,0.7,,26.26,,210
SELL,211,EME,2023-03-07,165.4,269.15,2023-02-28,165.96,22.33,22.26,-150.72,-172.98,-0.39,5,rotation (out of top-N),2023-02-27,167.46,,5,0.5,,29.03,,189,2023-03-06,157.05,,3.96,1.0,,19.82,,196
SELL,212,CRH,2023-03-14,47.21,996.39,2023-02-28,44.83,22.33,23.52,2371.41,2347.89,5.26,10,rotation (out of top-N),2023-02-27,48.7,,5,0.9,,32.1,,91,2023-03-13,46.06,,4.66,1.1,,23.28,,105
SELL,213,DXCM,2023-03-07,113.08,406.41,2023-02-28,109.91,22.33,22.98,1288.31,1265.33,2.83,5,rotation (out of top-N),2023-02-27,122.93,,5,0.7,,25.07,,126,2023-03-06,107.78,,1.74,1.6,,8.7,,133
SELL,214,BKNG,2023-03-07,102.24,450.88,2023-02-28,99.07,22.33,23.05,1429.27,1406.23,3.15,5,rotation (out of top-N),2023-02-27,102.88,,5,2.6,,29.66,,56,2023-03-06,97.37,,4.5,1.8,,22.5,,63
SELL,215,FIX,2023-03-14,139.69,292.7,2023-03-07,149.58,21.89,20.44,-2894.79,-2915.23,-6.66,5,rotation (out of top-N),2023-03-06,139.42,,5,0.6,,27.98,,217,2023-03-13,132.87,,4.14,1.0,,20.72,,224
SELL,216,LVS,2023-03-14,53.26,777.93,2023-03-07,56.28,21.89,20.72,-2349.35,-2370.06,-5.41,5,rotation (out of top-N),2023-03-06,53.09,,5,0.6,,28.96,,140,2023-03-13,51.62,,4.78,0.8,,23.89,,147
SELL,217,RCL,2023-03-14,65.08,603.47,2023-03-07,72.55,21.89,19.64,-4507.94,-4527.57,-10.34,5,rotation (out of top-N),2023-03-06,65.36,,5,0.8,,30.68,,98,2023-03-13,60.48,,4.0,1.3,,19.98,,105
SELL,218,FSLR,2023-04-25,206.19,205.91,2023-03-07,212.62,21.89,21.23,-1325.04,-1346.27,-3.07,34,rotation (out of top-N),2023-03-06,207.78,,5,-0.7,,54.18,,210,2023-04-24,182.69,,3.02,1.2,,15.12,,259
SELL,219,GE,2023-03-28,73.37,642.15,2023-03-07,68.18,21.89,23.56,3332.77,3309.21,7.56,15,rotation (out of top-N),2023-03-06,71.47,,5,0.1,,43.25,,105,2023-03-27,75.05,,5,-0.2,,43.7,,126
SELL,220,NVDA,2023-03-28,26.45,1855.95,2023-03-07,23.59,21.89,24.54,5308.02,5283.48,12.07,15,rotation (out of top-N),2023-03-06,22.95,,5,2.3,,38.17,,49,2023-03-27,27.76,,5,-0.2,,59.84,,70
SELL,221,FICO,2023-03-14,698.91,62.28,2023-03-07,702.95,21.89,21.77,-251.62,-273.39,-0.62,5,rotation (out of top-N),2023-03-06,695.5,,5,0.4,,31.83,,119,2023-03-13,653.99,,4.5,0.9,,22.51,,126
SELL,222,ANET,2023-04-18,41.39,1137.29,2023-03-14,37.3,21.21,23.54,4651.52,4627.98,10.91,24,rotation (out of top-N),2023-03-13,40.81,,5,0.3,,34.34,,133,2023-04-17,38.96,,4.03,1.0,,20.16,,168
SELL,223,WYNN,2023-03-21,105.89,407.93,2023-03-14,103.99,21.21,21.6,775.07,753.47,1.78,5,rotation (out of top-N),2023-03-13,103.51,,5,0.1,,38.11,,119,2023-03-20,103.14,,5,0.2,,35.36,,126
SELL,224,META,2023-03-28,198.51,228.31,2023-03-14,185.8,21.21,22.66,2901.88,2879.22,6.79,10,rotation (out of top-N),2023-03-13,194.26,,5,2.9,,32.21,,28,2023-03-27,210.27,,5,2.2,,41.1,,42
SELL,225,SMCI,2023-03-28,11.03,4616.49,2023-03-14,9.19,21.21,25.46,8498.96,8473.5,19.97,10,rotation (out of top-N),2023-03-13,9.55,,5,0.3,,34.37,,329,2023-03-27,10.66,,5,-0.2,,43.38,,343
SELL,226,AMD,2023-04-04,97.0,506.22,2023-03-14,83.8,21.21,24.55,6684.58,6660.03,15.7,15,rotation (out of top-N),2023-03-13,97.85,,5,3.5,,27.38,,7,2023-04-03,92.48,,3.72,3.6,,18.61,,28
SELL,227,BLDR,2023-04-04,89.84,537.19,2023-03-21,83.47,22.42,24.13,3424.59,3400.46,7.58,10,rotation (out of top-N),2023-03-20,84.43,,5,1.1,,25.85,,98,2023-04-03,85.58,,4.92,0.9,,24.58,,112
SELL,228,FICO,2023-04-04,689.31,65.14,2023-03-21,688.28,22.42,22.45,67.1,44.65,0.1,10,rotation (out of top-N),2023-03-20,690.28,,5,0.6,,27.44,,133,2023-04-03,672.79,,4.23,0.9,,21.13,,147
SELL,229,FIX,2023-04-04,144.5,348.67,2023-03-28,137.88,24.04,25.19,2308.21,2283.02,4.75,5,rotation (out of top-N),2023-03-27,144.18,,5,0.6,,27.39,,238,2023-04-03,127.76,,2.35,1.4,,11.77,,245
SELL,230,CRH,2023-04-04,48.76,1034.31,2023-03-28,46.48,24.04,25.22,2358.24,2333.02,4.85,5,rotation (out of top-N),2023-03-27,48.68,,5,0.6,,27.87,,119,2023-04-03,45.72,,3.82,1.0,,19.08,,126
SELL,231,ALGN,2023-05-02,317.5,157.31,2023-03-28,305.61,24.04,24.97,1872.0,1847.02,3.84,24,rotation (out of top-N),2023-03-27,334.1,,5,2.4,,32.8,,56,2023-05-01,313.68,,4.1,1.5,,20.51,,91
SELL,232,BKNG,2023-04-04,104.83,486.88,2023-03-28,98.74,24.04,25.52,2965.12,2939.6,6.11,5,rotation (out of top-N),2023-03-27,104.09,,5,1.2,,28.34,,84,2023-04-03,101.74,,4.84,1.3,,24.2,,91
SELL,233,GE,2023-05-16,79.28,643.06,2023-04-04,76.18,24.49,25.49,1993.48,1967.99,4.02,29,rotation (out of top-N),2023-04-03,73.48,,5,0.1,,38.39,,133,2023-05-15,81.86,,5,-0.0,,40.22,,175
SELL,234,PHM,2023-04-11,57.85,850.05,2023-04-04,57.63,24.49,24.59,187.01,162.42,0.33,4,rotation (out of top-N),2023-04-03,56.5,,5.0,0.8,,24.99,,119,2023-04-10,58.76,,5,0.6,,28.85,,126
SELL,235,META,2023-04-18,218.4,231.61,2023-04-04,211.51,24.49,25.29,1595.8,1570.51,3.21,9,rotation (out of top-N),2023-04-03,214.44,,5,2.1,,42.57,,49,2023-04-17,211.24,,5,1.0,,38.19,,63
SELL,236,NVDA,2023-04-11,27.69,1752.71,2023-04-04,27.95,24.49,24.27,-455.7,-479.97,-0.98,4,rotation (out of top-N),2023-04-03,27.01,,5,0.1,,52.77,,77,2023-04-10,26.74,,5,0.2,,48.94,,84
SELL,237,TKO,2023-04-11,96.61,579.12,2023-04-04,84.59,24.49,27.97,6961.08,6933.1,14.15,4,rotation (out of top-N),2023-04-03,94.85,,5,0.5,,30.14,,406,2023-04-10,98.9,,5,0.3,,33.91,,413
SELL,238,SMCI,2023-04-11,10.78,4300.98,2023-04-04,11.39,24.49,23.18,-2623.6,-2646.78,-5.4,4,rotation (out of top-N),2023-04-03,10.07,,5,0.4,,32.69,,350,2023-04-10,10.91,,5,-0.0,,40.58,,357
SELL,239,BLDR,2023-09-12,140.05,559.38,2023-04-11,89.37,25.0,39.17,28349.56,28310.38,56.63,106,rotation (out of top-N),2023-04-10,94.38,,5,0.2,,35.72,,119,2023-09-11,127.17,2.1,4.09,1.0,2.9,20.43,1.61,273
SELL,240,LVS,2023-04-18,55.39,925.61,2023-04-11,54.01,25.0,25.63,1277.34,1251.7,2.5,5,rotation (out of top-N),2023-04-10,55.05,,5,0.7,,25.55,,175,2023-04-17,59.54,,5,0.3,,33.74,,182
SELL,241,DECK,2023-05-09,81.78,653.49,2023-04-11,76.5,25.0,26.72,3450.44,3423.71,6.85,20,rotation (out of top-N),2023-04-10,77.78,,5.0,0.8,,24.99,,231,2023-05-08,81.66,,4.99,0.8,,24.97,,259
SELL,242,BKNG,2023-04-25,104.9,492.58,2023-04-11,101.49,25.0,25.84,1679.7,1653.87,3.31,10,rotation (out of top-N),2023-04-10,104.12,,5,1.1,,25.78,,98,2023-04-24,105.52,,4.94,0.9,,24.71,,112
SELL,243,DHI,2023-05-09,105.38,511.34,2023-04-18,97.05,24.81,26.94,4259.47,4232.53,8.53,15,rotation (out of top-N),2023-04-17,103.18,,5,0.7,,25.47,,161,2023-05-08,105.36,,4.91,0.8,,24.56,,182
SELL,244,ISRG,2023-04-25,300.44,183.75,2023-04-18,270.07,24.81,27.6,5580.52,5552.92,11.19,5,rotation (out of top-N),2023-04-17,300.22,,5,0.7,,25.04,,147,2023-04-24,301.3,,4.87,0.8,,24.33,,154
SELL,245,FICO,2023-05-23,776.72,70.86,2023-04-18,700.33,24.81,27.52,5413.02,5385.5,10.85,25,rotation (out of top-N),2023-04-17,719.66,,5,0.7,,26.32,,161,2023-05-22,791.9,,5,0.4,,31.17,,196
SELL,246,LVS,2023-05-09,58.11,830.75,2023-04-25,59.89,24.88,24.14,-1478.73,-1502.86,-3.02,10,rotation (out of top-N),2023-04-24,60.3,,5,0.3,,33.68,,189,2023-05-08,56.78,,4.59,0.9,,22.94,,203
SELL,247,CMG,2023-06-06,41.49,1378.59,2023-04-25,36.09,24.88,28.6,7444.39,7415.79,14.91,29,rotation (out of top-N),2023-04-24,41.36,,5,0.7,,30.58,,105,2023-06-05,40.77,,4.73,0.8,,23.63,,147
SELL,248,ACGL,2023-05-23,69.93,724.32,2023-04-25,68.69,24.88,25.33,898.15,872.83,1.75,20,rotation (out of top-N),2023-04-24,71.38,,5,0.6,,28.92,,189,2023-05-22,67.45,,3.21,1.2,,16.03,,217
SELL,249,FIX,2023-05-09,146.06,344.32,2023-05-02,145.13,24.99,25.15,320.22,295.07,0.59,5,rotation (out of top-N),2023-05-01,150.2,,5,0.7,,25.91,,273,2023-05-08,148.55,,4.66,0.8,,23.29,,280
SELL,250,FSLR,2023-05-16,219.87,294.21,2023-05-09,176.44,25.96,32.34,12774.45,12742.1,24.55,5,rotation (out of top-N),2023-05-08,231.69,,5,-0.1,,41.34,,273,2023-05-15,203.62,,4.52,0.9,,22.61,,280
SELL,251,APP,2024-07-30,77.17,2965.51,2023-05-09,17.5,25.96,114.42,176937.19,176822.77,340.63,307,rotation (out of top-N),2023-05-08,21.51,,5,3.5,,29.19,,0,2024-07-29,68.7,2.2,2.14,1.5,3.2,10.72,2.56,448
SELL,252,META,2023-05-16,233.8,226.15,2023-05-09,229.54,25.96,26.44,963.41,936.98,1.8,5,rotation (out of top-N),2023-05-08,231.95,,5,0.3,,46.7,,84,2023-05-15,243.7,,5,-0.1,,52.58,,91
SELL,253,CPRT,2023-06-27,44.84,1307.92,2023-05-09,39.69,25.96,29.32,6735.78,6706.45,12.92,33,rotation (out of top-N),2023-05-08,40.91,,5,0.7,,25.54,,175,2023-06-26,45.59,,5,0.5,,29.81,,224
SELL,254,LLY,2023-05-16,424.68,123.06,2023-05-09,421.84,25.96,26.13,349.49,323.36,0.62,5,rotation (out of top-N),2023-05-08,425.31,,5,3.1,,25.64,,35,2023-05-15,433.07,,5,3.0,,26.68,,42
SELL,255,DHI,2023-05-23,103.84,521.43,2023-05-16,105.82,27.59,27.07,-1032.44,-1059.51,-1.92,5,rotation (out of top-N),2023-05-15,106.9,,5,0.7,,25.27,,189,2023-05-22,103.55,,4.04,1.0,,20.21,,196
SELL,256,CRM,2023-06-13,212.33,277.33,2023-05-16,198.96,27.59,29.44,3707.93,3678.48,6.67,19,rotation (out of top-N),2023-05-15,207.3,,5,1.3,,27.71,,77,2023-06-12,208.72,,4.99,1.0,,24.97,,105
SELL,257,AMD,2023-08-08,114.94,566.68,2023-05-16,97.37,27.59,32.57,9959.46,9926.89,17.99,57,rotation (out of top-N),2023-05-15,105.8,,5,1.1,,35.08,,70,2023-08-07,107.56,3.0,3.48,1.1,2.2,17.39,3.14,154
SELL,258,BKNG,2023-05-23,104.88,529.28,2023-05-16,104.25,27.59,27.76,333.45,305.69,0.55,5,rotation (out of top-N),2023-05-15,108.61,,5,0.7,,25.46,,133,2023-05-22,101.7,,3.36,1.2,,16.81,,140
SELL,259,ANET,2023-06-06,40.35,1495.57,2023-05-23,35.98,26.91,30.17,6535.63,6505.46,12.09,9,rotation (out of top-N),2023-05-22,42.6,,5,0.6,,27.74,,203,2023-06-05,40.63,,3.99,1.0,,19.93,,217
SELL,260,AVGO,2023-08-08,85.88,811.5,2023-05-23,66.31,26.91,34.85,15881.04,15846.2,29.45,52,rotation (out of top-N),2023-05-22,78.08,,5,-0.2,,44.73,,154,2023-08-07,80.18,2.1,4.93,0.8,2.7,24.67,1.29,231
SELL,261,CDNS,2023-06-06,231.97,254.95,2023-05-23,211.06,26.91,29.57,5329.68,5300.11,9.85,9,rotation (out of top-N),2023-05-22,228.27,,5,0.7,,25.95,,196,2023-06-05,229.26,,4.91,0.8,,24.56,,210
SELL,262,AMAT,2023-07-05,140.46,438.77,2023-05-23,122.64,26.91,30.81,7818.85,7788.03,14.47,28,rotation (out of top-N),2023-05-22,132.71,,5,0.6,,28.83,,140,2023-07-03,136.18,,4.73,0.8,,23.65,,182
SELL,263,ADBE,2023-09-19,530.72,136.08,2023-06-06,432.63,29.44,36.11,13347.27,13311.16,22.61,72,rotation (out of top-N),2023-06-05,453.85,,5,1.2,,30.23,,77,2023-09-18,512.54,2.4,4.23,0.9,2.5,21.13,2.08,182
SELL,264,CCL,2023-07-25,17.51,4873.48,2023-06-06,12.08,29.44,42.67,26463.02,26420.35,44.88,33,rotation (out of top-N),2023-06-05,12.96,,5,0.3,,34.37,,126,2023-07-24,18.29,4.7,5,-1,1.3,62.96,2.53,175
SELL,265,CVNA,2023-06-13,4.39,19795.46,2023-06-06,2.97,29.44,43.47,28069.96,28026.49,47.61,5,rotation (out of top-N),2023-06-05,3.82,,5,2.0,,63.16,,0,2023-06-12,5.05,,5,1.9,,121.33,,7
SELL,266,COHR,2023-06-27,46.13,1732.06,2023-06-13,42.08,36.44,39.95,7014.84,6974.89,9.57,9,rotation (out of top-N),2023-06-12,54.88,,5,2.7,,47.0,,0,2023-06-26,50.98,,5,3.0,,34.87,,14
SELL,267,CDNS,2023-06-27,224.46,304.11,2023-06-13,239.66,36.44,34.13,-4624.02,-4658.15,-6.39,9,rotation (out of top-N),2023-06-12,235.9,,5,0.6,,27.11,,217,2023-06-26,234.5,,4.82,0.8,,24.1,,231
SELL,268,AMZN,2023-07-05,130.35,535.52,2023-06-27,128.65,34.45,34.9,913.05,878.15,1.27,5,rotation (out of top-N),2023-06-26,130.28,,5,3.0,,25.87,,42,2023-07-03,129.76,,4.97,2.9,,24.86,,49
SELL,269,AAPL,2023-07-05,189.02,375.76,2023-06-27,183.34,34.45,35.51,2134.3,2098.79,3.05,5,rotation (out of top-N),2023-06-26,191.24,,5,1.0,,25.05,,105,2023-07-03,188.06,,4.39,1.0,,21.93,,112
SELL,270,ALGN,2023-07-05,336.82,206.53,2023-06-27,333.57,34.45,34.78,671.21,636.43,0.92,5,rotation (out of top-N),2023-06-26,353.72,,5,0.5,,30.8,,147,2023-07-03,329.45,,4.09,1.0,,20.47,,154
SELL,271,DAL,2023-07-11,47.02,1473.3,2023-07-05,46.13,33.98,34.64,1311.24,1276.6,1.88,4,rotation (out of top-N),2023-07-03,46.35,,5,0.4,,32.38,,175,2023-07-10,45.09,2.2,5,0.6,2.4,27.27,1.31,182
SELL,272,COHR,2023-07-11,52.66,1345.94,2023-07-05,50.49,33.98,35.44,2913.96,2878.53,4.24,4,rotation (out of top-N),2023-07-03,51.46,,5,2.9,,34.66,,21,2023-07-10,50.45,4.9,5,3.0,2.7,30.85,2.71,28
SELL,273,COIN,2023-07-11,80.89,885.52,2023-07-05,76.75,33.98,35.81,3661.61,3625.8,5.33,4,rotation (out of top-N),2023-07-03,78.69,,5,0.3,,36.12,,112,2023-07-10,105.42,5.8,5,-1.0,0.2,79.38,4.17,119
SELL,274,CVNA,2023-07-11,6.92,12796.71,2023-07-05,5.31,33.98,44.26,20564.32,20520.05,30.19,4,rotation (out of top-N),2023-07-03,5.89,,5,1.5,,159.44,,28,2023-07-10,7.54,7.4,5,1.4,1.4,219.35,9.01,35
SELL,275,AMZN,2023-07-18,132.5,587.52,2023-07-11,127.72,37.52,38.92,2808.34,2769.42,3.69,5,rotation (out of top-N),2023-07-10,134.7,3.6,5,2.6,3.1,28.99,1.65,56,2023-07-17,129.87,3.0,4.74,1.8,3.7,23.68,1.3,63
SELL,276,ABNB,2023-08-01,149.62,580.74,2023-07-11,129.21,37.52,43.45,11855.89,11812.45,15.74,15,rotation (out of top-N),2023-07-10,143.36,2.7,5,0.6,1.9,27.92,1.98,147,2023-07-31,140.15,2.2,4.48,0.9,2.7,22.38,1.62,168
SELL,277,ARES,2023-07-25,93.02,863.27,2023-07-11,86.92,37.52,40.15,5265.92,5225.77,6.96,10,rotation (out of top-N),2023-07-10,93.23,2.0,5,0.7,2.7,26.45,1.05,252,2023-07-24,91.4,1.7,4.23,0.9,3.2,21.14,0.97,266
SELL,278,ALGN,2023-07-18,357.77,217.07,2023-07-11,345.68,37.52,38.83,2624.32,2585.49,3.45,5,rotation (out of top-N),2023-07-10,366.62,2.8,5,0.4,1.8,32.19,1.85,161,2023-07-17,337.31,2.0,4.03,1.0,3.0,20.15,1.49,168
SELL,279,COIN,2023-07-25,99.51,744.86,2023-07-18,104.38,38.87,37.06,-3627.48,-3664.54,-4.71,5,rotation (out of top-N),2023-07-17,100.84,6,5,-1,0.0,68.9,6.87,126,2023-07-24,94.73,5.8,5,-0.8,0.1,56.81,4.42,133
SELL,280,CRH,2023-07-25,56.26,1417.48,2023-07-18,54.85,38.87,39.87,1998.64,1958.77,2.52,5,rotation (out of top-N),2023-07-17,56.41,1.8,5,0.6,2.8,27.28,0.72,231,2023-07-24,57.46,1.8,5,0.6,2.9,27.81,0.55,238
SELL,281,AMZN,2023-08-15,139.98,617.24,2023-07-25,129.31,39.91,43.2,6585.98,6542.78,8.2,15,rotation (out of top-N),2023-07-24,132.18,3.2,5,1.6,3.2,25.5,1.69,70,2023-08-14,133.23,2.6,4.62,1.3,3.2,23.11,1.44,91
SELL,282,CARR,2023-08-08,55.11,1551.32,2023-07-25,51.45,39.91,42.75,5677.85,5635.1,7.06,10,rotation (out of top-N),2023-07-24,56.86,2.5,5,0.4,2.1,32.1,1.38,252,2023-08-07,53.48,2.3,4.39,0.9,2.6,21.97,1.74,266
SELL,283,ALGN,2023-08-01,377.0,238.59,2023-07-25,334.52,39.91,44.97,10134.28,10089.3,12.64,5,rotation (out of top-N),2023-07-24,381.84,2.7,5,0.3,2.0,33.93,1.46,175,2023-07-31,361.61,2.7,4.99,0.8,2.0,24.94,2.21,182
SELL,284,AMAT,2023-08-01,146.86,588.44,2023-07-25,135.64,39.91,43.21,6602.27,6559.06,8.22,5,rotation (out of top-N),2023-07-24,148.23,2.6,5,0.5,2.0,29.08,1.65,203,2023-07-31,142.12,2.3,4.46,0.9,2.6,22.28,1.72,210
SELL,285,APO,2023-08-08,78.6,1134.19,2023-08-01,77.34,43.86,44.57,1429.08,1384.51,1.58,5,rotation (out of top-N),2023-07-31,82.11,2.0,5,0.6,2.6,27.17,0.98,266,2023-08-07,77.64,2.0,3.87,1.0,3.0,19.37,1.55,273
SELL,286,COHR,2023-08-08,49.32,1870.33,2023-08-01,46.9,43.86,46.12,4526.19,4480.07,5.11,5,rotation (out of top-N),2023-07-31,50.16,3.9,5,2.9,3.2,26.39,2.03,49,2023-08-07,45.18,4.1,2.58,3.4,3.4,12.9,3.54,56
SELL,287,CCL,2023-09-12,15.15,4867.84,2023-08-01,18.02,43.86,36.87,-13970.69,-14007.56,-15.97,29,rotation (out of top-N),2023-07-31,17.0,3.6,5,-0.4,1.8,48.77,1.73,182,2023-09-11,15.02,2.7,4.33,0.9,2.3,21.67,2.36,224
SELL,288,EME,2023-08-29,219.57,368.1,2023-08-08,218.12,40.14,40.41,533.74,493.33,0.61,15,rotation (out of top-N),2023-08-07,219.57,2.5,5,0.3,2.2,33.71,1.17,350,2023-08-28,224.63,2.4,5,0.4,2.2,32.78,1.2,371
SELL,289,DELL,2023-08-15,53.78,1525.82,2023-08-08,52.62,40.14,41.03,1769.96,1728.93,2.15,5,rotation (out of top-N),2023-08-07,54.26,2.5,5,0.6,2.1,28.73,1.53,119,2023-08-14,52.41,2.2,4.68,0.8,2.6,23.42,1.53,126
SELL,290,COIN,2023-08-15,81.05,922.65,2023-08-08,87.02,40.14,37.39,-5508.21,-5545.6,-6.91,5,rotation (out of top-N),2023-08-07,81.03,4.6,5,0.4,0.0,32.09,5.51,147,2023-08-14,73.2,2.7,3.71,1.1,2.4,18.56,2.59,154
SELL,291,CVNA,2023-10-24,6.44,9201.11,2023-08-08,8.73,40.14,29.62,-21042.94,-21072.56,-26.25,54,rotation (out of top-N),2023-08-07,8.22,7.0,5,-0.0,0.9,176.8,7.39,63,2023-10-23,5.71,3.7,3.64,1.1,1.4,18.21,4.11,140
SELL,292,BKNG,2023-08-15,126.1,640.11,2023-08-08,125.43,40.14,40.36,428.87,388.51,0.48,5,rotation (out of top-N),2023-08-07,126.0,3.7,5,0.6,0.8,28.7,3.44,217,2023-08-14,119.91,1.7,4.24,0.9,3.3,21.21,0.94,224
SELL,293,PHM,2023-08-22,76.95,980.84,2023-08-15,82.54,40.48,37.74,-5482.92,-5520.66,-6.82,5,rotation (out of top-N),2023-08-14,77.63,2.1,5,0.6,2.4,28.64,1.04,252,2023-08-21,75.58,2.4,4.7,0.8,2.4,23.5,1.88,259
SELL,294,META,2023-08-22,290.3,266.5,2023-08-15,303.79,40.48,38.68,-3595.04,-3633.72,-4.49,5,rotation (out of top-N),2023-08-14,281.04,2.8,5,0.3,1.9,34.32,1.68,182,2023-08-21,283.18,3.2,5,0.4,1.5,32.62,2.3,189
SELL,295,NVDA,2023-08-22,48.08,1817.67,2023-08-15,44.54,40.48,43.7,6434.55,6390.85,7.89,5,rotation (out of top-N),2023-08-14,43.25,4.4,5,-0.6,1.2,51.2,2.75,210,2023-08-21,45.97,4.5,5,-0.8,1.3,56.53,2.49,217
SELL,296,LLY,2023-08-22,538.47,153.32,2023-08-15,528.05,40.48,41.28,1597.56,1556.28,1.92,5,rotation (out of top-N),2023-08-14,536.35,2.7,5,0.1,2.2,38.95,1.2,133,2023-08-21,542.82,2.7,5,0.1,2.2,38.91,1.16,140
SELL,297,FIX,2023-08-29,179.1,460.87,2023-08-22,175.01,40.33,41.27,1884.97,1843.7,2.29,5,rotation (out of top-N),2023-08-21,180.56,2.1,5,0.6,2.6,27.09,1.08,385,2023-08-28,184.2,2.2,5,0.6,2.4,28.3,1.22,392
SELL,298,DELL,2023-08-29,54.57,1494.21,2023-08-22,53.98,40.33,40.77,881.58,840.81,1.04,5,rotation (out of top-N),2023-08-21,53.66,2.1,5,0.7,2.6,25.3,1.28,133,2023-08-28,65.07,3.6,5,-0.5,1.9,49.89,1.59,140
SELL,299,ETN,2023-08-29,219.81,381.61,2023-08-22,211.36,40.33,41.94,3224.61,3182.67,3.95,5,rotation (out of top-N),2023-08-21,218.44,2.1,5,0.7,2.6,26.84,1.11,294,2023-08-28,227.57,2.4,5,0.5,2.2,30.86,1.25,301
SELL,300,LII,2023-08-29,356.56,235.69,2023-08-22,342.22,40.33,42.02,3379.77,3337.75,4.14,5,rotation (out of top-N),2023-08-21,351.64,2.3,5,0.6,2.3,28.06,1.32,287,2023-08-28,373.57,2.6,5,0.3,2.2,34.63,1.25,294
SELL,301,AMZN,2023-09-12,142.32,618.78,2023-08-29,133.35,41.26,44.03,5550.45,5506.42,6.67,9,rotation (out of top-N),2023-08-28,138.11,2.7,5,1.0,2.6,25.19,1.72,105,2023-09-11,140.41,2.2,4.92,0.8,2.6,24.58,1.45,119
SELL,302,ANET,2023-09-12,47.59,1818.7,2023-08-29,45.37,41.26,43.28,4037.51,3994.23,4.84,9,rotation (out of top-N),2023-08-28,49.29,2.8,5,0.4,1.7,31.31,1.91,301,2023-09-11,46.19,2.2,4.14,1.0,2.7,20.68,1.82,315
SELL,303,DASH,2023-09-12,82.58,1045.01,2023-08-29,78.96,41.26,43.15,3788.17,3745.02,4.54,9,rotation (out of top-N),2023-08-28,83.99,2.9,5,0.6,1.7,28.4,2.15,147,2023-09-11,80.95,2.1,4.26,0.9,2.8,21.31,1.59,161
SELL,304,AVGO,2023-09-12,82.28,995.47,2023-08-29,82.89,41.26,40.95,-607.23,-648.19,-0.79,9,rotation (out of top-N),2023-08-28,84.3,2.6,5,0.7,2.1,26.25,1.92,252,2023-09-11,82.33,1.8,4.1,1.0,3.1,20.48,1.22,266
SELL,305,AMAT,2023-09-12,142.73,583.8,2023-08-29,141.34,41.26,41.66,811.48,769.82,0.93,9,rotation (out of top-N),2023-08-28,150.62,2.6,5,0.7,2.1,25.12,2.05,238,2023-09-11,135.19,1.6,2.13,1.5,3.8,10.66,1.66,252
SELL,306,FIX,2023-09-19,181.36,443.16,2023-09-12,186.28,41.28,40.19,-2180.37,-2220.56,-2.69,5,rotation (out of top-N),2023-09-11,185.99,2.0,5,0.7,2.7,26.72,0.94,406,2023-09-18,168.8,1.7,2.79,1.3,3.6,13.96,1.45,413
SELL,307,APO,2023-09-26,87.6,966.55,2023-09-12,85.41,41.28,42.33,2116.74,2074.4,2.51,10,rotation (out of top-N),2023-09-11,88.05,2.1,5,0.5,2.4,30.02,0.96,308,2023-09-25,86.07,2.1,4.92,0.8,2.7,24.62,1.23,322
SELL,308,BX,2023-09-19,104.69,792.56,2023-09-12,104.16,41.28,41.49,420.06,378.57,0.46,5,rotation (out of top-N),2023-09-11,104.41,2.8,5,1.0,2.6,26.52,1.72,98,2023-09-18,102.09,2.5,4.49,1.1,2.9,22.43,1.68,105
SELL,309,COIN,2023-09-19,82.27,1006.86,2023-09-12,81.99,41.28,41.41,276.89,235.47,0.29,5,rotation (out of top-N),2023-09-11,82.15,3.8,5,0.7,0.9,25.97,3.78,182,2023-09-18,70.89,2.6,1.46,1.6,3.1,7.3,3.29,189
SELL,310,DELL,2023-11-28,71.16,1208.5,2023-09-12,68.31,41.28,43.0,3444.23,3401.23,4.12,54,rotation (out of top-N),2023-09-11,66.16,3.6,5,-0.4,1.8,47.89,1.75,154,2023-11-27,69.04,2.4,5,0.4,2.2,31.31,1.19,231
SELL,311,CEG,2023-09-19,108.72,763.95,2023-09-12,108.06,41.28,41.53,504.21,462.68,0.56,5,rotation (out of top-N),2023-09-11,108.03,2.4,5,1.2,3.3,25.07,0.98,91,2023-09-18,108.49,2.4,4.96,1.1,3.1,24.78,1.2,98
SELL,312,LII,2023-10-03,359.59,215.27,2023-09-12,383.48,41.28,38.7,-5142.86,-5181.57,-6.28,15,rotation (out of top-N),2023-09-11,367.3,2.4,5,0.5,2.1,29.56,1.34,308,2023-10-02,365.02,2.2,4.89,0.8,2.6,24.44,1.41,329
SELL,313,VRT,2023-09-26,36.3,2109.53,2023-09-19,38.05,40.13,38.29,-3691.68,-3729.97,-4.65,5,rotation (out of top-N),2023-09-18,36.32,4.8,5,-1,1.2,72.98,2.77,322,2023-09-25,37.08,4.3,5,-1,1.7,71.64,1.94,329
SELL,314,META,2023-10-17,315.79,267.56,2023-09-19,300.0,40.13,42.25,4224.75,4182.51,5.21,20,rotation (out of top-N),2023-09-18,296.76,2.5,5,0.6,2.0,28.21,1.7,217,2023-10-16,306.24,2.2,4.53,0.9,2.6,22.66,1.63,245
SELL,315,NVDA,2023-10-10,45.3,1833.01,2023-09-19,43.79,40.13,41.52,2767.85,2726.33,3.4,15,rotation (out of top-N),2023-09-18,41.57,3.1,5,0.5,1.5,29.15,2.4,245,2023-10-09,45.43,2.8,5,0.4,1.8,31.92,1.87,266
SELL,316,SMCI,2023-10-03,28.73,3227.49,2023-09-19,24.87,40.13,46.36,12458.11,12411.75,15.46,10,rotation (out of top-N),2023-09-18,23.58,4.1,5,0.2,0.7,36.06,3.4,518,2023-10-02,28.97,5.2,5,-0.9,0.7,58.06,3.4,532
SELL,317,LLY,2023-11-07,585.17,143.32,2023-09-19,560.07,40.13,41.93,3597.26,3555.33,4.43,35,rotation (out of top-N),2023-09-18,540.02,2.4,5,0.4,2.1,31.42,1.3,168,2023-11-06,586.37,2.8,5,0.5,1.7,30.57,1.95,217
SELL,318,JBL,2023-11-14,130.09,757.42,2023-09-26,106.47,40.32,49.27,17890.25,17840.98,22.12,35,rotation (out of top-N),2023-09-25,126.26,2.8,5,0.1,2.1,37.25,1.35,350,2023-11-13,130.78,2.4,5,0.5,2.1,29.31,1.38,399
SELL,319,PLTR,2023-10-10,18.07,5776.68,2023-09-26,13.96,40.32,52.19,23742.16,23689.96,29.38,10,rotation (out of top-N),2023-09-25,16.01,3.5,5,0.1,1.4,38.51,2.41,168,2023-10-09,17.39,5.2,5,-0.2,0.0,43.81,4.56,182
SELL,320,ERIE,2023-10-17,300.44,302.72,2023-10-03,280.86,42.51,45.48,5927.34,5881.86,6.92,10,rotation (out of top-N),2023-10-02,291.73,2.9,5,2.7,3.9,26.34,0.79,56,2023-10-16,288.37,2.5,4.69,1.7,4.0,23.44,0.78,70
SELL,321,CRWD,2023-10-24,181.12,505.94,2023-10-03,168.05,42.51,45.82,6612.63,6566.81,7.72,15,rotation (out of top-N),2023-10-02,176.65,2.5,5,0.6,2.1,28.14,1.65,133,2023-10-23,172.9,2.7,4.04,1.0,2.2,20.19,2.6,154
SELL,322,ADBE,2023-10-17,545.56,175.81,2023-10-10,532.74,46.83,47.96,2254.73,2206.78,2.36,5,rotation (out of top-N),2023-10-09,548.95,2.3,5,0.7,2.4,25.45,1.6,203,2023-10-16,540.68,2.2,4.44,0.9,2.7,22.19,1.63,210
SELL,323,CEG,2023-10-17,114.12,856.19,2023-10-10,109.39,46.83,48.85,4049.79,4000.94,4.27,5,rotation (out of top-N),2023-10-09,111.68,2.5,5,0.7,2.3,25.69,1.8,119,2023-10-16,110.14,2.3,4.6,0.8,2.5,23.01,1.75,126
SELL,324,SMCI,2023-10-24,26.01,3296.3,2023-10-17,27.97,46.1,42.87,-6460.74,-6503.61,-7.05,5,rotation (out of top-N),2023-10-16,24.86,3.6,5,0.5,0.9,29.14,3.28,546,2023-10-23,24.14,3.8,4.54,0.9,1.1,22.7,3.93,553
SELL,325,STRL,2023-10-31,72.13,1261.68,2023-10-17,73.08,46.1,45.5,-1192.29,-1237.79,-1.34,10,rotation (out of top-N),2023-10-16,69.97,,5,0.4,,31.87,,350,2023-10-30,75.99,,5,0.1,,37.98,,364
SELL,326,PLTR,2023-10-24,16.39,5428.17,2023-10-17,16.98,46.1,44.48,-3229.76,-3274.24,-3.55,5,rotation (out of top-N),2023-10-16,16.12,3.8,5,0.5,0.8,30.87,3.36,189,2023-10-23,15.07,4.0,4.08,1.0,1.0,20.38,4.43,196
SELL,327,VRT,2023-10-31,37.83,2331.75,2023-10-17,39.54,46.1,44.11,-3987.3,-4031.4,-4.37,10,rotation (out of top-N),2023-10-16,36.62,5.0,5,-0.8,0.8,56.37,3.24,350,2023-10-30,40.28,5.0,5,-1,1.0,63.66,3.02,364
SELL,328,XPO,2023-10-31,78.21,1123.54,2023-10-24,72.42,40.68,43.94,6510.92,6466.99,7.95,5,rotation (out of top-N),2023-10-23,67.39,,5,0.7,,25.35,,189,2023-10-30,79.55,,5,-0.3,,45.26,,196
SELL,329,LEU,2023-10-31,50.28,1557.45,2023-10-24,52.24,40.68,39.16,-3044.82,-3083.98,-3.79,5,rotation (out of top-N),2023-10-23,49.85,,5,1.4,,26.92,,77,2023-10-30,54.74,,5,0.7,,38.16,,84
SELL,330,CLS,2023-10-31,22.35,3131.69,2023-10-24,25.98,40.68,35.0,-11368.03,-11403.02,-14.02,5,rotation (out of top-N),2023-10-23,22.37,,5,0.2,,35.28,,329,2023-10-30,25.67,,5,-0.6,,52.37,,336
SELL,331,GPOR,2023-10-31,123.58,648.99,2023-10-24,125.36,40.68,40.1,-1158.46,-1198.56,-1.47,5,rotation (out of top-N),2023-10-23,123.86,,5,0.6,,27.36,,175,2023-10-30,133.0,,5,0.3,,34.6,,182
SELL,332,ANET,2023-11-07,53.13,1698.1,2023-10-31,48.61,41.27,45.11,7675.4,7630.29,9.24,5,rotation (out of top-N),2023-10-30,53.15,2.8,5,0.6,1.8,28.58,1.99,364,2023-11-06,51.73,2.2,4.75,0.8,2.6,23.74,1.49,371
SELL,333,DASH,2023-11-07,89.57,1117.13,2023-10-31,73.89,41.27,50.03,17516.55,17466.52,21.16,5,rotation (out of top-N),2023-10-30,92.5,3.2,5,0.5,1.3,30.2,2.6,210,2023-11-06,87.43,3.2,4.37,0.9,1.7,21.85,3.18,217
SELL,334,AIZ,2023-11-07,155.57,582.9,2023-10-31,141.61,41.27,45.34,8137.29,8091.95,9.8,5,rotation (out of top-N),2023-10-30,157.18,2.1,5,0.9,3.0,25.04,1.01,112,2023-11-06,156.85,1.9,4.8,0.8,2.9,24.02,1.1,119
SELL,335,CEG,2023-11-28,123.34,743.04,2023-10-31,111.09,41.27,45.82,9102.26,9056.44,10.97,19,rotation (out of top-N),2023-10-30,115.0,2.3,5,0.7,2.4,26.37,1.49,140,2023-11-27,118.01,1.8,4.88,0.8,3.0,24.4,0.86,168
SELL,336,CRWD,2023-12-12,244.57,469.56,2023-10-31,175.79,41.27,57.42,32296.56,32239.14,39.06,29,rotation (out of top-N),2023-10-30,188.31,2.7,5,0.5,1.9,29.02,1.83,161,2023-12-11,260.06,3.9,5,-1,2.1,60.29,1.42,203
SELL,337,CVNA,2023-11-07,6.53,14942.89,2023-10-31,5.52,41.27,48.77,15002.66,14953.89,18.12,5,rotation (out of top-N),2023-10-30,6.46,4.5,5,0.5,0.0,30.3,4.6,147,2023-11-06,5.84,3.8,3.2,1.2,1.4,16.02,8.37,154
SELL,338,DECK,2023-11-14,105.28,901.86,2023-11-07,102.49,46.22,47.47,2516.2,2468.73,2.67,5,rotation (out of top-N),2023-11-06,105.43,2.3,5,0.6,2.3,27.31,1.39,441,2023-11-13,103.26,1.8,4.68,0.8,3.0,23.42,0.93,448
SELL,339,ADBE,2023-12-12,626.15,162.44,2023-11-07,569.02,46.22,50.86,9280.24,9229.39,9.99,24,rotation (out of top-N),2023-11-06,597.45,2.4,5,0.5,2.2,30.86,1.26,231,2023-12-11,584.48,1.8,3.89,1.0,3.2,19.47,1.28,266
SELL,340,COIN,2023-12-12,140.38,1076.04,2023-11-07,85.9,46.22,75.53,58622.8,58547.28,63.34,24,rotation (out of top-N),2023-11-06,92.92,4.5,5,0.5,0.0,30.48,5.09,238,2023-12-11,147.96,5.7,5,-1,0.3,85.38,4.02,273
SELL,341,AVGO,2023-11-21,94.68,1081.58,2023-11-07,85.46,46.22,51.2,9972.19,9920.99,10.73,10,rotation (out of top-N),2023-11-06,93.05,2.1,5,0.7,2.7,25.41,1.17,322,2023-11-20,94.95,2.2,4.95,0.8,2.6,24.76,1.39,336
SELL,342,FICO,2023-11-14,1020.29,99.83,2023-11-07,925.91,46.22,50.93,9421.8,9370.87,10.14,5,rotation (out of top-N),2023-11-06,998.12,2.1,5,0.7,2.6,25.24,1.31,364,2023-11-13,1041.93,2.4,5,0.5,2.1,29.27,1.45,371
SELL,343,ANET,2024-04-09,74.85,1848.33,2023-11-14,53.25,49.21,69.17,39923.92,39854.75,40.49,99,rotation (out of top-N),2023-11-13,53.63,2.7,5,0.7,2.0,26.75,2.05,378,2024-04-08,67.78,2.1,4.11,1.0,2.8,20.56,1.66,525
SELL,344,DASH,2023-12-12,100.75,1076.14,2023-11-14,91.46,49.21,54.21,9991.94,9937.73,10.1,19,rotation (out of top-N),2023-11-13,95.25,3.1,5,0.4,1.5,31.03,2.26,224,2023-12-11,101.57,3.0,5,0.4,1.6,32.25,2.14,252
SELL,345,EXPE,2023-11-21,132.72,819.99,2023-11-14,120.03,49.21,54.41,10405.69,10351.27,10.52,5,rotation (out of top-N),2023-11-13,134.72,4.5,5,3.3,3.8,31.02,1.62,7,2023-11-20,134.75,4.7,5,3.3,3.4,30.19,2.08,14
SELL,346,DDOG,2023-12-12,113.0,964.47,2023-11-21,109.47,52.79,54.49,3399.74,3345.25,3.17,14,rotation (out of top-N),2023-11-20,112.76,2.3,5,0.7,2.4,26.54,1.44,182,2023-12-11,122.57,2.7,5,0.4,1.9,32.48,1.67,203
SELL,347,DECK,2023-12-12,116.03,1010.29,2023-11-21,104.51,52.79,58.61,11638.49,11579.88,10.97,14,rotation (out of top-N),2023-11-20,106.21,2.0,5,0.7,2.7,25.49,1.13,455,2023-12-11,117.11,2.3,5,0.4,2.3,32.86,1.01,476
SELL,348,AIZ,2023-12-05,165.62,546.24,2023-11-28,162.54,44.39,45.23,1682.42,1637.19,1.84,5,rotation (out of top-N),2023-11-27,162.5,1.8,5,0.7,2.9,25.9,0.75,140,2023-12-04,161.88,1.7,4.88,0.8,3.0,24.42,0.77,147
SELL,349,CVNA,2023-12-12,8.16,14526.48,2023-11-28,6.11,44.39,59.3,29808.35,29749.05,33.51,10,rotation (out of top-N),2023-11-27,7.04,3.8,5,0.4,0.7,31.05,3.38,175,2023-12-11,10.27,6,5,-1,0.0,78.82,4.89,189
SELL,350,CCL,2024-01-09,16.91,5661.24,2023-12-05,15.98,45.23,47.87,5264.95,5217.09,5.77,23,rotation (out of top-N),2023-12-04,17.93,3.3,5,0.3,1.4,33.87,2.46,308,2024-01-08,16.78,2.3,3.21,1.2,2.9,16.07,2.31,343
SELL,351,BLDR,2024-02-06,177.24,788.15,2023-12-12,148.64,58.58,69.85,22540.99,22471.15,19.18,37,rotation (out of top-N),2023-12-11,162.71,2.6,5,0.4,2.1,32.53,1.42,364,2024-02-05,185.28,3.2,5,0.3,1.4,33.6,2.33,420
SELL,352,BX,2024-01-09,111.58,1119.77,2023-12-12,104.62,58.58,62.47,7793.58,7731.11,6.6,18,rotation (out of top-N),2023-12-11,119.93,2.6,5,0.3,2.1,34.24,1.34,189,2024-01-08,110.6,1.9,3.7,1.1,3.1,18.49,1.51,217
SELL,353,BXP,2023-12-19,62.12,2119.98,2023-12-12,55.26,58.58,65.85,14543.07,14477.22,12.36,5,rotation (out of top-N),2023-12-11,62.49,4.3,5,3.4,3.9,26.67,1.73,14,2023-12-18,62.02,4.3,4.9,3.4,3.7,24.48,2.2,21
SELL,354,COF,2024-01-09,127.79,1024.13,2023-12-12,114.39,58.58,65.44,13723.33,13657.89,11.66,18,rotation (out of top-N),2023-12-11,124.92,3.7,5,3.2,4.1,26.62,1.22,28,2024-01-08,123.03,3.1,4.02,3.1,4.0,20.12,1.58,56
SELL,355,AVGO,2024-03-12,127.53,1176.68,2023-12-12,99.56,58.58,75.03,32911.7,32836.67,28.03,61,rotation (out of top-N),2023-12-11,109.66,3.9,5,0.1,1.0,38.73,2.97,357,2024-03-11,120.6,4.2,4.99,0.8,0.6,24.97,4.36,448
SELL,356,BA,2023-12-19,261.77,472.23,2023-12-12,248.08,58.58,61.81,6464.79,6402.98,5.47,5,rotation (out of top-N),2023-12-11,263.61,4.0,5,3.6,4.5,25.08,1.34,7,2023-12-18,260.43,4.0,4.54,3.6,4.4,22.71,1.61,14
SELL,357,AMD,2024-04-09,170.21,885.56,2023-12-12,132.29,58.58,75.37,33580.26,33504.89,28.6,80,rotation (out of top-N),2023-12-11,139.15,3.2,5,0.6,1.4,28.42,2.69,280,2024-04-08,163.33,2.5,3.85,1.0,2.6,19.23,2.26,399
SELL,358,COIN,2024-02-06,118.19,817.48,2023-12-19,156.25,63.87,48.31,-31109.25,-31157.56,-24.39,32,rotation (out of top-N),2023-12-18,175.53,5.2,5,-1,0.8,113.2,3.31,280,2024-02-05,141.96,5.4,5,-0.4,0.0,48.06,4.64,329
SELL,359,CRH,2024-01-09,66.05,1942.68,2023-12-19,65.75,63.87,64.16,582.81,518.65,0.41,13,rotation (out of top-N),2023-12-18,66.38,2.1,5,0.7,2.7,25.13,1.2,385,2024-01-08,66.76,1.8,4.49,0.9,3.0,22.47,1.06,406
SELL,360,COST,2024-01-23,681.51,184.5,2024-01-09,649.76,59.94,62.87,5857.73,5794.86,4.83,9,rotation (out of top-N),2024-01-08,673.92,1.9,5,0.7,2.9,25.11,0.95,245,2024-01-22,677.29,1.7,4.68,0.8,3.1,23.41,0.79,259
SELL,361,CRWD,2024-01-30,301.55,451.77,2024-01-09,265.35,59.94,68.12,16354.15,16286.04,13.59,14,rotation (out of top-N),2024-01-08,283.39,4.1,5,-1,1.9,61.89,1.72,231,2024-01-29,303.51,4.3,5,-1,1.7,61.91,1.99,252
SELL,362,ALL,2024-02-27,151.48,834.22,2024-01-09,143.7,59.94,63.18,6490.25,6427.07,5.36,33,rotation (out of top-N),2024-01-08,143.57,2.8,5,1.2,3.0,27.79,1.25,84,2024-02-26,148.4,1.8,4.74,0.8,3.0,23.7,0.92,133
SELL,363,CVNA,2024-01-23,9.8,12754.31,2024-01-09,9.4,59.94,62.5,5114.48,5051.98,4.21,9,rotation (out of top-N),2024-01-08,8.55,4.3,5,0.5,0.3,30.43,4.11,217,2024-01-22,8.36,4.1,4.22,0.9,0.9,21.1,5.87,231
SELL,364,COF,2024-01-30,133.06,1002.07,2024-01-23,125.1,62.68,66.67,7976.44,7909.77,6.31,5,rotation (out of top-N),2024-01-22,133.64,3.2,5,1.4,3.0,28.16,1.49,70,2024-01-29,131.53,3.2,4.99,1.5,3.0,24.96,1.86,77
SELL,365,CRM,2024-01-30,283.68,453.84,2024-01-23,276.22,62.68,64.37,3385.61,3321.24,2.65,5,rotation (out of top-N),2024-01-22,275.9,2.1,5,0.7,2.6,25.12,1.33,329,2024-01-29,281.51,2.2,5,0.7,2.4,26.44,1.36,336
SELL,366,AMZN,2024-02-13,167.7,825.74,2024-01-30,160.68,66.34,69.24,5796.67,5727.43,4.32,10,rotation (out of top-N),2024-01-29,171.84,2.1,5,0.7,2.6,26.14,1.16,259,2024-02-12,169.51,2.0,4.31,0.9,2.9,21.57,1.41,273
SELL,367,COST,2024-02-06,703.71,194.29,2024-01-30,682.91,66.34,68.36,4041.13,3972.77,2.99,5,rotation (out of top-N),2024-01-29,700.74,1.8,5,0.7,2.9,26.42,0.65,266,2024-02-05,714.15,1.9,5,0.6,2.7,27.49,0.76,273
SELL,368,AMGN,2024-02-06,301.51,459.18,2024-01-30,288.95,66.34,69.22,5767.27,5698.04,4.29,5,rotation (out of top-N),2024-01-29,299.56,1.7,5,0.7,3.0,25.6,0.7,161,2024-02-05,269.8,1.7,2.49,1.4,3.6,12.46,1.69,168
SELL,369,APO,2024-03-05,107.68,1280.35,2024-02-06,99.81,63.9,68.93,10076.37,10007.44,7.83,19,rotation (out of top-N),2024-02-05,105.91,2.4,5,0.5,2.1,29.39,1.37,455,2024-03-04,105.16,2.3,4.35,0.9,2.6,21.76,1.84,483
SELL,370,ARES,2024-02-27,123.12,1090.0,2024-02-06,117.24,63.9,67.1,6409.22,6342.12,4.96,14,rotation (out of top-N),2024-02-05,128.01,2.6,5,0.4,2.0,31.67,1.49,462,2024-02-26,124.64,2.0,4.72,0.8,2.9,23.6,1.17,483
SELL,371,AXON,2024-02-13,260.85,496.6,2024-02-06,257.33,63.9,64.77,1745.54,1680.77,1.32,5,rotation (out of top-N),2024-02-05,270.96,2.1,5,0.7,2.6,25.77,1.17,161,2024-02-12,269.93,2.0,4.86,0.8,2.8,24.3,1.17,168
SELL,372,AMAT,2024-04-16,202.81,762.71,2024-02-06,167.55,63.9,77.34,26893.14,26815.8,20.98,48,rotation (out of top-N),2024-02-05,182.12,2.5,5,0.6,2.1,27.67,1.67,399,2024-04-15,186.28,2.3,3.35,1.2,2.8,16.73,2.23,469
SELL,373,BLDR,2024-04-09,201.29,773.61,2024-02-13,173.22,67.0,77.86,21719.05,21641.19,16.15,38,rotation (out of top-N),2024-02-12,183.68,2.6,5,0.5,2.0,30.85,1.57,427,2024-04-08,189.39,1.9,4.37,0.9,3.0,21.85,1.25,483
SELL,374,AXP,2024-04-09,218.85,654.24,2024-02-13,204.82,67.0,71.59,9178.93,9107.34,6.8,38,rotation (out of top-N),2024-02-12,207.32,2.9,5,1.5,3.5,26.1,1.11,70,2024-04-08,213.54,1.7,4.35,0.9,3.2,21.75,0.95,126
SELL,375,AMZN,2024-03-05,176.85,748.08,2024-02-27,174.07,65.11,66.15,2075.91,2009.76,1.54,5,rotation (out of top-N),2024-02-26,178.26,1.9,5,0.7,2.8,25.22,0.94,287,2024-03-04,175.34,1.8,4.42,0.9,3.1,22.08,0.98,294
SELL,376,AXON,2024-04-16,300.13,482.31,2024-02-27,270.0,65.11,72.38,14534.42,14462.04,11.11,34,rotation (out of top-N),2024-02-26,314.25,2.7,5,-0.1,2.3,41.56,0.99,182,2024-04-15,293.42,2.3,4.23,0.9,2.6,21.13,1.89,231
SELL,377,CMG,2024-03-12,53.55,2489.18,2024-03-05,54.24,67.51,66.65,-1717.53,-1784.18,-1.32,5,rotation (out of top-N),2024-03-04,54.04,1.7,5,0.7,2.9,26.44,0.63,420,2024-03-11,55.13,2.1,5,0.6,2.5,27.92,1.13,427
SELL,378,CEG,2024-03-19,166.31,769.7,2024-03-05,175.41,67.51,64.0,-7004.26,-7068.26,-5.24,10,rotation (out of top-N),2024-03-04,168.32,4.2,5,-0.5,1.3,50.24,2.52,266,2024-03-18,175.92,4.0,5,-0.6,1.6,51.71,2.05,280
SELL,379,CAT,2024-03-19,341.07,435.05,2024-03-12,325.49,70.8,74.19,6778.08,6703.89,4.73,5,rotation (out of top-N),2024-03-11,336.56,2.2,5,0.7,2.5,25.8,1.39,280,2024-03-18,347.31,2.1,5,0.6,2.5,28.46,1.01,287
SELL,380,ALL,2024-04-09,164.84,922.5,2024-03-12,153.5,70.8,76.03,10461.2,10385.17,7.33,19,rotation (out of top-N),2024-03-11,155.18,2.0,5,0.7,2.7,26.78,0.95,147,2024-04-08,159.49,1.7,4.84,0.8,3.1,24.22,0.71,175
SELL,381,C,2024-04-02,58.92,2513.25,2024-03-19,54.96,69.06,74.04,9952.47,9878.43,7.15,9,rotation (out of top-N),2024-03-18,57.02,2.6,5,0.8,2.5,29.48,1.25,105,2024-04-01,57.78,2.2,5,0.6,2.4,28.75,1.04,119
SELL,382,AVGO,2024-04-16,128.85,1163.67,2024-03-19,118.7,69.06,74.97,11811.3,11736.33,8.5,19,rotation (out of top-N),2024-03-18,132.72,3.0,5,0.2,1.8,35.79,1.81,455,2024-04-15,117.94,2.2,3.07,1.2,3.1,15.35,2.08,483
SELL,383,APH,2024-04-09,57.57,2661.71,2024-04-02,55.63,74.04,76.62,5163.71,5087.09,3.44,5,rotation (out of top-N),2024-04-01,57.77,2.0,5,0.7,2.7,25.35,1.13,518,2024-04-08,55.76,1.8,4.0,1.0,3.2,20.02,1.19,525
SELL,384,CMG,2024-06-25,64.48,2511.28,2024-04-09,59.23,74.37,80.96,13184.21,13103.25,8.81,53,rotation (out of top-N),2024-04-08,59.33,2.3,5,0.4,2.4,32.49,0.97,455,2024-06-24,62.79,2.2,4.37,0.9,2.7,21.83,1.66,532
SELL,385,COIN,2024-05-14,195.0,586.99,2024-04-09,253.4,74.37,57.23,-34280.16,-34337.39,-23.09,25,rotation (out of top-N),2024-04-08,245.78,6,5,-1,0.0,84.2,4.55,392,2024-05-13,207.69,4.2,5,0.0,0.8,39.69,3.37,427
SELL,386,CAT,2024-04-16,351.75,408.2,2024-04-09,364.39,74.37,71.79,-5159.61,-5231.41,-3.52,5,rotation (out of top-N),2024-04-08,354.55,2.1,5,0.7,2.5,26.64,1.22,308,2024-04-15,345.24,2.3,4.44,0.9,2.6,22.21,1.73,315
SELL,387,CRH,2024-04-16,78.43,1801.42,2024-04-09,82.57,74.37,70.64,-7457.87,-7528.51,-5.06,5,rotation (out of top-N),2024-04-08,80.38,1.9,5,0.7,2.8,25.79,0.95,497,2024-04-15,75.14,1.9,3.33,1.2,3.2,16.67,1.67,504
SELL,388,CRWD,2024-04-16,297.17,472.35,2024-04-09,314.9,74.37,70.18,-8374.76,-8444.95,-5.68,5,rotation (out of top-N),2024-04-08,309.06,2.6,5,0.3,2.1,33.61,1.33,322,2024-04-15,282.65,2.5,4.09,1.0,2.5,20.46,2.14,329
SELL,389,CEG,2024-07-16,212.17,780.07,2024-04-09,190.68,74.37,82.75,16763.62,16680.87,11.21,67,rotation (out of top-N),2024-04-08,189.16,4.5,5,-0.7,1.2,53.39,2.7,301,2024-07-15,187.14,2.4,3.63,1.1,2.7,18.16,2.21,399
SELL,390,DASH,2024-04-23,128.71,1092.15,2024-04-16,133.41,72.85,70.28,-5133.1,-5203.38,-3.57,5,rotation (out of top-N),2024-04-15,127.23,2.7,5,0.6,2.0,27.05,2.0,378,2024-04-22,132.17,3.3,5,0.5,1.2,30.43,2.74,385
SELL,391,EME,2024-04-23,334.18,422.18,2024-04-16,345.11,72.85,70.54,-4614.42,-4684.96,-3.22,5,rotation (out of top-N),2024-04-15,327.02,2.6,5,0.2,2.2,35.79,1.19,602,2024-04-22,352.53,3.1,5,-0.2,2.1,43.94,1.4,609
SELL,392,DELL,2024-04-23,112.67,1294.98,2024-04-16,112.51,72.85,72.95,207.2,134.24,0.09,5,rotation (out of top-N),2024-04-15,110.81,4.2,5,-0.2,1.0,43.99,2.97,371,2024-04-22,121.12,4.8,5,-0.7,0.9,53.87,3.2,378
SELL,393,AXP,2024-06-04,231.33,682.62,2024-04-16,213.44,72.85,78.96,12212.05,12133.1,8.33,34,rotation (out of top-N),2024-04-15,226.2,2.3,5,0.6,2.3,27.9,1.41,133,2024-06-03,227.66,1.7,3.99,1.0,3.3,19.93,1.08,182
SELL,394,ALL,2024-04-23,168.04,915.94,2024-04-16,159.07,72.85,76.96,8215.96,8139.0,5.59,5,rotation (out of top-N),2024-04-15,165.4,2.2,5,0.6,2.4,27.07,1.28,182,2024-04-22,162.67,1.9,4.72,0.8,2.9,23.58,1.14,189
SELL,395,CVNA,2024-04-23,14.49,10534.94,2024-04-16,13.83,72.85,76.33,6953.06,6876.73,4.72,5,rotation (out of top-N),2024-04-15,14.27,5.0,5,-0.0,0.1,40.74,4.42,315,2024-04-22,16.88,5.6,5,-1,0.4,63.35,3.95,322
SELL,396,APH,2024-07-16,69.34,2653.49,2024-04-23,55.31,73.38,92.0,37228.47,37136.47,25.3,57,rotation (out of top-N),2024-04-22,59.3,2.2,5,0.7,2.5,25.52,1.35,539,2024-07-15,63.44,1.7,3.36,1.2,3.5,16.8,1.23,623
SELL,397,BSX,2024-04-30,72.38,2150.87,2024-04-23,68.23,73.38,77.84,8915.35,8837.51,6.02,5,rotation (out of top-N),2024-04-22,73.12,2.1,5,0.7,2.6,25.3,1.32,532,2024-04-29,72.86,1.9,4.75,0.8,2.9,23.73,1.13,539
SELL,398,C,2024-06-04,57.91,2561.78,2024-04-23,57.29,73.38,74.18,1588.31,1514.13,1.03,29,rotation (out of top-N),2024-04-22,58.76,2.2,5,0.6,2.4,27.76,1.25,140,2024-06-03,58.41,1.8,3.89,1.0,3.2,19.47,1.27,182
SELL,399,AVGO,2024-04-30,130.9,1210.33,2024-04-23,121.26,73.38,79.22,11667.57,11588.36,7.9,5,rotation (out of top-N),2024-04-22,131.59,3.0,5,0.6,1.7,27.3,2.39,490,2024-04-29,125.27,2.2,4.01,1.0,2.8,20.07,1.73,497
SELL,400,AXON,2024-05-07,306.71,490.34,2024-04-23,299.31,73.38,75.2,3628.54,3553.34,2.42,10,rotation (out of top-N),2024-04-22,308.46,2.3,5,0.7,2.4,25.67,1.56,238,2024-05-06,303.48,1.9,4.09,1.0,3.1,20.46,1.33,252
SELL,401,COHR,2024-05-07,59.8,2830.31,2024-04-30,55.5,78.54,84.62,12156.2,12071.58,7.68,5,rotation (out of top-N),2024-04-29,56.47,2.8,5,0.7,1.9,25.8,2.26,133,2024-05-06,53.7,2.4,3.88,1.0,2.6,19.4,2.19,140
SELL,402,CRWD,2024-05-14,319.49,518.48,2024-04-30,302.96,78.54,82.82,8565.35,8482.53,5.4,10,rotation (out of top-N),2024-04-29,310.21,2.6,5,0.6,2.0,28.01,1.84,343,2024-05-13,345.94,3.0,5,0.1,1.9,37.53,1.64,357
SELL,403,ANET,2024-06-04,73.79,2305.31,2024-05-07,69.29,79.87,85.05,10373.87,10288.82,6.44,19,rotation (out of top-N),2024-05-06,78.51,3.2,5,0.3,1.4,33.25,2.38,553,2024-06-03,74.2,2.4,3.95,1.0,2.6,19.74,2.14,581
SELL,404,AMAT,2024-07-16,241.48,779.95,2024-05-07,204.8,79.87,94.17,28608.72,28514.55,17.85,47,rotation (out of top-N),2024-05-06,205.83,2.3,5,0.7,2.4,25.4,1.53,490,2024-07-15,206.78,2.0,2.32,1.4,3.5,11.59,2.06,560
SELL,405,AVGO,2024-06-04,129.22,1068.26,2024-05-14,131.05,70.0,69.02,-1954.91,-2023.93,-1.45,14,rotation (out of top-N),2024-05-13,136.7,2.4,5,0.6,2.2,27.91,1.54,511,2024-06-03,137.82,2.6,4.86,0.8,2.2,24.31,2.12,532
SELL,406,AES,2024-05-21,19.01,7721.74,2024-05-14,18.13,70.0,73.4,6795.13,6721.74,4.8,5,rotation (out of top-N),2024-05-13,19.18,4.3,5,3.4,3.9,27.2,1.71,14,2024-05-20,18.86,3.8,4.89,3.4,4.3,24.43,1.38,21
SELL,407,COHR,2024-07-30,68.84,2526.39,2024-05-21,58.1,73.39,86.96,27133.48,27046.52,18.43,47,rotation (out of top-N),2024-05-20,59.7,2.8,5,0.5,1.7,29.97,1.98,154,2024-07-29,58.97,2.0,1.4,1.6,3.6,7.01,2.53,224
SELL,408,COIN,2024-07-09,223.79,661.19,2024-06-04,232.11,76.73,73.98,-5501.06,-5575.05,-3.63,23,rotation (out of top-N),2024-06-03,243.87,5.6,5,-0.6,0.0,51.73,4.72,448,2024-07-08,217.9,3.1,4.3,0.9,1.8,21.49,3.08,483
SELL,409,COST,2024-06-11,840.29,190.18,2024-06-04,806.95,76.73,79.9,6340.68,6260.78,4.08,5,rotation (out of top-N),2024-06-03,836.57,2.6,5,0.7,2.1,26.93,1.82,392,2024-06-10,845.71,1.8,5,0.7,2.9,26.8,0.69,399
SELL,410,CRWD,2024-06-11,373.38,495.97,2024-06-04,309.43,76.73,92.59,31717.23,31624.63,20.61,5,rotation (out of top-N),2024-06-03,349.23,3.5,5,0.4,1.1,31.56,2.84,378,2024-06-10,385.26,4.5,5,-0.1,0.6,42.22,3.59,385
SELL,411,CVNA,2024-06-11,21.18,7778.4,2024-06-04,19.73,76.73,82.37,11278.67,11196.3,7.3,5,rotation (out of top-N),2024-06-03,21.32,5.4,5,-1,0.6,72.16,3.54,364,2024-06-10,20.6,6,5,-1,0.0,62.67,4.82,371
SELL,412,ANET,2024-07-16,90.57,2277.97,2024-06-11,74.56,84.92,103.16,36470.36,36367.2,21.41,23,rotation (out of top-N),2024-06-10,82.15,2.5,5,0.5,2.0,30.83,1.49,588,2024-07-15,82.63,2.0,4.35,0.9,3.0,21.74,1.31,623
SELL,413,AVGO,2024-07-23,157.57,1207.75,2024-06-11,140.63,84.92,95.15,20459.26,20364.11,11.99,28,rotation (out of top-N),2024-06-10,170.07,3.8,5,-0.5,1.7,50.44,1.94,539,2024-07-22,149.23,2.8,3.94,1.0,2.2,19.72,2.69,581
SELL,414,CASY,2024-07-02,372.58,525.5,2024-06-11,323.21,84.92,97.89,25943.76,25845.86,15.22,14,rotation (out of top-N),2024-06-10,368.75,2.2,5,0.7,2.5,26.2,1.3,413,2024-07-01,365.94,1.9,4.43,0.9,2.9,22.14,1.26,434
SELL,415,CRWD,2024-07-16,378.85,426.81,2024-06-25,379.61,81.01,80.85,-322.24,-403.09,-0.25,14,rotation (out of top-N),2024-06-24,383.06,3.2,5,0.2,1.6,35.94,2.14,399,2024-07-15,304.81,1.6,0.65,1.8,4.2,3.26,2.16,420
SELL,416,COST,2024-07-09,873.57,233.8,2024-07-02,836.94,97.84,102.12,8564.01,8461.89,4.32,4,rotation (out of top-N),2024-07-01,876.04,1.9,5,0.7,2.8,26.88,0.79,420,2024-07-08,833.61,1.6,3.89,1.0,3.5,19.45,0.88,427
SELL,417,DELL,2024-07-16,133.21,1239.35,2024-07-09,141.99,87.99,82.55,-10881.51,-10964.06,-6.23,5,rotation (out of top-N),2024-07-08,135.12,3.6,5,0.2,1.2,35.89,2.72,455,2024-07-15,121.8,2.4,4.15,1.0,2.5,20.77,2.11,462
SELL,418,CVNA,2024-10-08,36.43,7182.68,2024-07-09,24.5,87.99,130.83,85689.33,85558.5,48.62,64,rotation (out of top-N),2024-07-08,27.24,5.2,5,-1,0.8,90.18,3.31,399,2024-10-07,38.45,4.7,5,-1,1.3,76.43,2.61,490
SELL,419,HOOD,2024-07-23,23.25,7407.8,2024-07-16,24.07,89.17,86.12,-6111.43,-6197.55,-3.48,5,rotation (out of top-N),2024-07-15,23.41,4.7,5,-0.5,0.8,50.79,3.23,217,2024-07-22,21.19,3.8,5,0.3,0.9,33.89,3.15,224
SELL,420,COIN,2024-07-30,234.72,735.42,2024-07-16,242.5,89.17,86.31,-5725.23,-5811.54,-3.26,10,rotation (out of top-N),2024-07-15,257.86,5.0,5,-0.0,0.0,40.16,4.49,490,2024-07-29,204.47,3.3,1.35,1.7,2.3,6.76,5.14,504
SELL,421,GDDY,2024-07-23,147.78,1209.43,2024-07-16,147.46,89.17,89.36,387.02,297.65,0.17,5,rotation (out of top-N),2024-07-15,145.13,2.0,5,0.7,2.8,25.21,1.09,259,2024-07-22,143.67,1.7,4.43,0.9,3.2,22.13,0.89,266
SELL,422,GLW,2024-07-30,38.19,4023.98,2024-07-16,44.32,89.17,76.84,-24666.99,-24743.82,-13.87,10,rotation (out of top-N),2024-07-15,42.79,2.9,5,0.2,1.9,36.21,1.65,154,2024-07-29,37.6,1.7,3.41,1.1,3.4,17.05,1.27,168
SELL,423,CFG,2024-07-30,40.38,4930.68,2024-07-16,36.17,89.17,99.55,20758.16,20658.61,11.58,10,rotation (out of top-N),2024-07-15,38.15,2.3,5,0.7,2.3,26.96,1.5,217,2024-07-29,36.83,1.9,3.81,1.0,3.1,19.06,1.44,231
SELL,424,FICO,2024-09-17,1878.78,110.6,2024-07-16,1612.52,89.17,103.9,29448.02,29344.13,16.45,44,rotation (out of top-N),2024-07-15,1591.75,2.3,5,0.6,2.2,28.71,1.32,616,2024-09-16,1935.06,2.5,5,0.1,2.4,38.23,0.94,679
SELL,425,GE,2024-07-30,169.72,1099.65,2024-07-23,164.07,90.21,93.32,6213.04,6119.72,3.39,5,rotation (out of top-N),2024-07-22,168.17,2.5,5,0.5,2.0,30.3,1.54,609,2024-07-29,158.58,2.6,4.22,0.9,2.4,21.11,2.29,616
SELL,426,CASY,2024-07-30,387.45,481.22,2024-07-23,374.92,90.21,93.22,6029.72,5936.49,3.29,5,rotation (out of top-N),2024-07-22,387.47,1.7,5,0.7,3.0,25.7,0.69,455,2024-07-29,369.2,2.5,3.75,1.1,2.6,18.76,2.31,462
SELL,427,CBRE,2024-07-30,110.49,1830.19,2024-07-23,98.58,90.21,101.11,21797.54,21696.43,12.03,5,rotation (out of top-N),2024-07-22,110.61,1.9,5,0.7,2.8,25.33,0.94,231,2024-07-29,110.38,2.5,4.7,0.8,2.3,23.52,2.03,238
SELL,428,TYL,2024-08-06,579.56,324.09,2024-07-30,579.4,93.89,93.92,51.85,-42.06,-0.02,5,rotation (out of top-N),2024-07-29,575.5,2.6,5,0.6,2.0,27.5,1.82,469,2024-08-05,573.67,2.4,5,0.7,2.3,26.0,1.61,476
SELL,429,GDDY,2024-08-20,165.05,1293.86,2024-07-30,145.13,93.89,106.78,25773.76,25666.98,13.67,15,rotation (out of top-N),2024-07-29,151.25,2.1,5,0.7,2.6,26.43,1.11,273,2024-08-19,162.44,2.0,5,0.5,2.5,29.86,0.75,294
SELL,430,HWM,2024-08-20,96.27,2046.19,2024-07-30,91.77,93.89,98.49,9207.83,9109.34,4.85,15,rotation (out of top-N),2024-07-29,89.67,2.8,5,0.3,1.9,34.98,1.6,637,2024-08-19,96.64,2.5,5,0.1,2.4,38.35,0.92,658
SELL,431,TRGP,2024-08-06,124.31,1470.12,2024-07-30,127.73,93.89,91.38,-5027.81,-5119.19,-2.73,5,rotation (out of top-N),2024-07-29,125.88,2.0,5,0.7,2.8,25.28,1.05,623,2024-08-05,130.75,3.5,5,0.6,1.0,28.61,3.16,630
SELL,432,NVDA,2024-08-06,103.79,1684.41,2024-07-30,111.48,93.89,87.41,-12953.14,-13040.55,-6.94,5,rotation (out of top-N),2024-07-29,107.29,3.3,5,0.5,1.3,29.65,2.66,560,2024-08-05,104.67,4.2,4.85,0.8,0.6,24.24,8.07,567
SELL,433,MMM,2024-08-13,118.77,1548.69,2024-07-30,121.25,93.89,91.97,-3840.75,-3932.71,-2.09,10,rotation (out of top-N),2024-07-29,120.42,5.0,5,-0.0,0.0,40.65,4.97,140,2024-08-12,122.21,2.7,5,0.1,2.2,38.57,1.18,154
SELL,434,TPL,2024-08-06,253.91,695.55,2024-07-30,269.97,93.89,88.3,-11170.58,-11258.88,-6.0,5,rotation (out of top-N),2024-07-29,258.74,2.7,5,0.5,2.2,33.25,1.38,112,2024-08-05,271.23,4.5,5,0.1,0.4,38.37,3.85,119
SELL,435,IRM,2024-08-20,103.78,1985.18,2024-07-30,94.59,93.89,103.01,18243.83,18140.82,9.66,15,rotation (out of top-N),2024-07-29,100.89,2.7,5,0.0,2.3,39.91,1.08,616,2024-08-19,107.18,2.7,5,-0.1,2.4,41.61,0.93,637
SELL,436,NRG,2024-08-13,78.78,2651.45,2024-08-06,68.08,90.26,104.44,28370.53,28266.09,15.66,5,rotation (out of top-N),2024-08-05,78.36,3.8,5,0.7,1.0,25.14,3.74,399,2024-08-12,80.79,3.0,5,0.6,1.7,27.13,2.4,406
SELL,437,PLTR,2024-08-13,29.67,6679.4,2024-08-06,27.02,90.26,99.09,17667.02,17567.93,9.73,5,rotation (out of top-N),2024-08-05,30.02,4.8,5,0.2,0.0,35.62,8.15,483,2024-08-12,32.06,4.1,5,-0.1,1.1,42.84,2.88,490
SELL,438,AXON,2024-08-27,360.39,626.34,2024-08-06,288.2,90.26,112.86,45215.39,45102.53,24.99,15,rotation (out of top-N),2024-08-05,364.95,3.2,5,0.5,1.3,29.5,2.63,343,2024-08-26,364.88,2.1,4.92,0.8,2.7,24.62,1.27,364
SELL,439,TKO,2024-08-13,117.82,1699.57,2024-08-06,106.21,90.26,100.12,19731.95,19631.83,10.88,5,rotation (out of top-N),2024-08-05,115.7,2.6,5,0.6,2.0,27.38,1.85,119,2024-08-12,114.82,2.5,5,0.7,2.3,25.14,1.84,126
SELL,440,APP,2025-03-25,340.2,2592.31,2024-08-13,76.27,98.85,440.95,684200.88,683759.92,345.85,153,rotation (out of top-N),2024-08-12,86.31,4.6,5,0.3,0.1,34.72,4.36,462,2025-03-24,272.78,3.6,3.69,1.1,1.5,18.44,4.03,686
SELL,441,COHR,2024-10-08,95.47,2949.24,2024-08-13,67.03,98.85,140.79,83876.42,83735.63,42.35,39,rotation (out of top-N),2024-08-12,76.6,4.2,5,0.3,0.6,34.55,3.63,238,2024-10-07,104.64,4.9,5,-0.9,1.1,58.98,2.91,294
SELL,442,ERIE,2024-09-24,519.35,446.9,2024-08-13,442.39,98.85,116.05,34393.13,34277.08,17.34,29,rotation (out of top-N),2024-08-12,460.67,2.0,5,0.6,2.5,28.8,0.89,371,2024-09-23,523.81,2.7,5,0.3,2.0,34.81,1.47,413
SELL,443,AVGO,2024-08-20,164.23,1327.13,2024-08-13,148.97,98.85,108.98,20251.99,20143.01,10.19,5,rotation (out of top-N),2024-08-12,162.89,3.0,5,0.7,1.7,25.88,2.59,602,2024-08-19,163.63,2.7,4.96,0.8,2.1,24.8,2.13,609
SELL,444,DHI,2024-08-27,182.9,1164.07,2024-08-20,179.13,104.26,106.45,4388.53,4282.07,2.05,5,rotation (out of top-N),2024-08-19,188.01,2.2,5,0.7,2.5,26.65,1.3,294,2024-08-26,185.02,2.3,4.67,0.8,2.5,23.37,1.73,301
SELL,445,AFL,2024-09-10,105.27,2065.98,2024-08-20,100.93,104.26,108.74,8966.34,8857.6,4.25,14,rotation (out of top-N),2024-08-19,103.47,1.8,5,0.7,2.9,25.21,0.8,665,2024-09-09,104.68,1.9,4.73,0.8,2.9,23.65,1.03,686
SELL,446,CBRE,2024-08-27,115.66,1855.73,2024-08-20,112.36,104.26,107.32,6114.63,6007.31,2.88,5,rotation (out of top-N),2024-08-19,117.07,1.9,5,0.6,2.7,27.09,0.88,259,2024-08-26,115.15,2.0,4.76,0.8,2.8,23.79,1.23,266
SELL,447,CFG,2024-08-27,40.06,5350.76,2024-08-20,38.97,104.26,107.18,5832.33,5725.15,2.75,5,rotation (out of top-N),2024-08-19,40.32,2.0,5,0.7,2.7,25.82,1.09,252,2024-08-26,40.47,2.2,4.95,0.8,2.5,24.73,1.48,259
SELL,448,FOX,2024-09-10,36.61,5819.92,2024-08-27,37.25,108.4,106.53,-3724.75,-3831.28,-1.77,9,rotation (out of top-N),2024-08-26,37.57,1.8,5,0.7,2.9,26.66,0.62,119,2024-09-09,36.19,1.7,4.03,1.0,3.3,20.13,1.02,133
SELL,449,FOXA,2024-09-10,39.4,5399.55,2024-08-27,40.15,108.4,106.37,-4049.67,-4156.04,-1.92,9,rotation (out of top-N),2024-08-26,40.5,1.8,5,0.7,2.9,26.19,0.7,119,2024-09-09,39.08,1.8,3.97,1.0,3.2,19.86,1.2,133
SELL,450,GDDY,2024-09-10,153.52,1325.46,2024-08-27,163.56,108.4,101.74,-13307.61,-13409.35,-6.19,9,rotation (out of top-N),2024-08-26,167.46,2.2,5,0.4,2.4,31.95,0.97,301,2024-09-09,152.26,1.9,3.55,1.1,3.2,17.75,1.5,315
SELL,451,BBY,2024-09-10,89.54,2693.4,2024-08-27,80.49,108.4,120.58,24375.31,24254.72,11.19,9,rotation (out of top-N),2024-08-26,91.95,2.4,5,0.6,2.3,27.18,1.54,245,2024-09-09,90.21,2.3,4.53,0.9,2.6,22.65,1.69,259
SELL,452,DHI,2024-09-17,191.68,1172.09,2024-09-10,185.53,108.73,112.33,7208.38,7096.04,3.26,5,rotation (out of top-N),2024-09-09,190.97,2.4,5,0.7,2.3,25.03,1.77,315,2024-09-16,187.85,2.3,4.43,0.9,2.6,22.15,1.83,322
SELL,453,CARR,2024-10-22,79.36,3118.13,2024-09-10,69.74,108.73,123.73,29996.44,29872.71,13.74,30,rotation (out of top-N),2024-09-09,74.69,2.6,5,0.7,2.1,25.11,2.04,665,2024-10-21,72.19,1.3,2.87,1.3,4.0,14.33,0.84,707
SELL,454,AXON,2025-02-25,493.49,596.94,2024-09-10,364.29,108.73,147.29,77121.42,76974.13,35.4,114,rotation (out of top-N),2024-09-09,379.86,2.5,5,0.7,2.2,26.84,1.68,378,2025-02-24,528.63,2.7,2.74,1.3,2.6,13.71,3.04,546
SELL,455,CBRE,2024-10-01,124.07,1890.94,2024-09-10,115.0,108.73,117.3,17150.86,17033.56,7.83,15,rotation (out of top-N),2024-09-09,118.65,2.1,5,0.7,2.6,25.26,1.33,280,2024-09-30,120.81,1.9,4.92,0.8,2.9,24.6,0.99,301
SELL,456,EBAY,2024-09-17,63.01,3762.91,2024-09-10,57.79,108.73,118.55,19642.39,19523.84,8.98,5,rotation (out of top-N),2024-09-09,61.84,2.2,5,0.7,2.5,26.24,1.33,196,2024-09-16,61.16,2.3,4.71,0.8,2.5,23.53,1.67,203
SELL,457,ANET,2024-09-24,96.73,2445.95,2024-09-17,91.23,111.57,118.3,13452.74,13334.44,5.98,5,rotation (out of top-N),2024-09-16,95.95,2.3,5,0.6,2.3,27.25,1.4,686,2024-09-23,95.04,2.1,4.92,0.8,2.7,24.58,1.27,693
SELL,458,EME,2024-10-01,422.72,549.4,2024-09-17,406.16,111.57,116.12,9098.06,8981.94,4.03,10,rotation (out of top-N),2024-09-16,433.73,2.5,5,0.4,2.1,31.13,1.35,756,2024-09-30,433.52,2.1,5,0.7,2.5,26.93,1.16,770
SELL,459,CEG,2024-10-15,265.6,1121.95,2024-09-17,198.89,111.57,148.99,74845.18,74696.18,33.47,20,rotation (out of top-N),2024-09-16,252.35,3.7,5,-0.2,1.5,43.9,2.24,462,2024-10-14,267.31,3.7,5,-0.0,1.3,40.17,2.55,490
SELL,460,BBY,2024-10-01,94.56,2584.15,2024-09-24,90.66,117.14,122.18,10078.2,9956.02,4.25,5,rotation (out of top-N),2024-09-23,94.64,2.3,5,0.7,2.4,26.65,1.41,273,2024-09-30,92.11,2.0,4.47,0.9,2.9,22.36,1.35,280
SELL,461,CHRW,2024-10-15,106.88,2274.78,2024-09-24,102.99,117.14,121.56,8848.89,8727.32,3.73,15,rotation (out of top-N),2024-09-23,105.04,2.5,5,0.6,2.1,28.2,1.66,119,2024-10-14,106.74,2.1,5,0.6,2.5,27.61,1.07,140
SELL,462,ANET,2024-10-22,100.37,2440.87,2024-10-01,97.06,118.46,122.5,8079.28,7956.79,3.36,15,rotation (out of top-N),2024-09-30,98.96,2.4,5,0.6,2.2,28.04,1.46,700,2024-10-21,98.53,2.0,4.57,0.9,2.8,22.85,1.33,721
SELL,463,AFL,2024-10-08,108.7,2201.36,2024-10-01,107.62,118.46,119.64,2377.47,2257.83,0.95,5,rotation (out of top-N),2024-09-30,111.13,2.0,5,0.6,2.6,27.87,0.88,707,2024-10-07,109.2,2.0,4.91,0.8,2.7,24.55,1.22,714
SELL,464,CIEN,2024-10-15,67.45,3876.79,2024-10-01,61.11,118.46,130.74,24578.87,24448.13,10.32,10,rotation (out of top-N),2024-09-30,66.69,3.6,5,2.7,3.3,29.58,1.35,49,2024-10-14,65.31,3.2,4.93,1.7,3.4,24.63,1.57,63
SELL,465,BXP,2024-10-29,81.71,3500.29,2024-10-08,74.48,130.35,143.0,25307.11,25164.1,9.65,15,rotation (out of top-N),2024-10-07,76.89,2.6,5,0.8,2.4,26.69,1.65,112,2024-10-28,73.29,1.8,3.65,1.1,3.3,18.26,1.31,133
SELL,466,AVGO,2024-10-15,178.54,1505.73,2024-10-08,173.14,130.35,134.42,8130.93,7996.51,3.07,5,rotation (out of top-N),2024-10-07,178.93,2.6,5,0.7,2.1,25.81,2.02,658,2024-10-14,177.43,2.8,4.65,0.8,2.1,23.25,2.43,665
SELL,467,CCL,2025-02-25,23.79,14499.54,2024-10-08,17.98,130.35,172.47,84242.32,84069.84,32.25,94,rotation (out of top-N),2024-10-07,20.21,4.8,5,3.3,3.0,25.38,3.01,28,2025-02-24,23.66,2.9,2.91,1.3,2.3,14.57,3.31,168
SELL,468,APD,2024-10-22,316.28,863.6,2024-10-15,309.97,133.84,136.57,5449.31,5312.74,1.98,5,rotation (out of top-N),2024-10-14,319.48,1.9,5,0.6,2.7,28.17,0.8,126,2024-10-21,305.94,1.6,4.4,0.9,3.3,22.0,0.72,133
SELL,469,APO,2024-10-22,139.7,1944.43,2024-10-15,137.67,133.84,135.82,3947.2,3811.38,1.42,5,rotation (out of top-N),2024-10-14,141.4,2.1,5,0.6,2.5,27.02,1.16,707,2024-10-21,139.53,1.8,4.82,0.8,3.0,24.11,0.87,714
SELL,470,BX,2024-12-17,177.74,1806.76,2024-10-15,148.16,133.84,160.57,53444.05,53283.48,19.9,44,rotation (out of top-N),2024-10-14,162.98,2.4,5,0.4,2.2,31.75,1.19,497,2024-12-16,162.25,1.6,3.83,1.0,3.5,19.17,0.94,560
SELL,471,CBRE,2024-12-17,136.65,2172.28,2024-10-15,123.23,133.84,148.42,29151.99,29003.57,10.83,44,rotation (out of top-N),2024-10-14,125.73,2.0,5,0.6,2.7,27.2,0.92,315,2024-12-16,129.16,1.9,3.73,1.1,3.2,18.63,1.4,378
SELL,472,COHR,2024-11-05,92.0,2729.65,2024-10-22,94.95,129.59,125.56,-8052.46,-8178.02,-3.16,10,rotation (out of top-N),2024-10-21,95.73,3.7,5,0.0,1.3,39.82,2.52,308,2024-11-04,110.01,4.0,5,-0.7,1.8,54.69,1.83,322
SELL,473,CEG,2024-11-05,227.95,966.33,2024-10-22,268.21,129.59,110.14,-38904.54,-39014.68,-15.05,10,rotation (out of top-N),2024-10-21,261.87,2.7,5,0.3,2.0,34.68,1.48,497,2024-11-04,236.86,3.9,3.62,1.1,1.2,18.1,4.62,511
SELL,474,FICO,2024-10-29,2017.87,130.46,2024-10-22,1986.59,129.59,131.63,4080.29,3948.66,1.52,5,rotation (out of top-N),2024-10-21,1997.36,2.4,5,0.3,2.3,33.41,1.04,714,2024-10-28,1988.96,2.1,5,0.4,2.5,31.11,0.79,721
SELL,475,CVNA,2024-11-05,46.3,6825.92,2024-10-22,37.97,129.59,158.02,56859.88,56701.86,21.88,10,rotation (out of top-N),2024-10-21,40.5,4.3,5,-1,1.7,73.64,1.89,504,2024-11-04,48.88,5.9,5,-1,0.1,93.47,4.32,518
SELL,476,DAL,2024-11-05,56.18,5094.98,2024-10-29,53.9,137.31,143.12,11616.54,11473.43,4.18,5,rotation (out of top-N),2024-10-28,57.4,4.0,5,3.1,3.5,25.86,1.97,35,2024-11-04,60.01,4.1,5,2.8,3.0,30.08,2.02,42
SELL,477,BKNG,2024-12-17,202.47,1596.53,2024-10-29,172.01,137.31,161.62,48630.31,48468.69,17.65,34,rotation (out of top-N),2024-10-28,187.78,1.6,5,0.7,3.1,25.2,0.55,665,2024-12-16,199.89,1.7,4.83,0.8,3.1,24.17,0.71,714
SELL,478,BKR,2024-12-03,42.8,7200.54,2024-11-05,37.25,134.11,154.09,39962.98,39808.88,14.84,19,rotation (out of top-N),2024-11-04,41.82,2.5,5,0.6,2.1,27.61,1.68,133,2024-12-02,40.15,1.7,3.51,1.1,3.4,17.57,1.22,161
SELL,479,APO,2025-01-07,166.02,1868.35,2024-11-05,143.56,134.11,155.09,41963.09,41807.99,15.59,42,rotation (out of top-N),2024-11-04,158.02,2.9,5,0.1,2.0,37.51,1.51,728,2025-01-06,151.97,1.9,3.75,1.1,3.1,18.77,1.47,791
SELL,480,CHTR,2024-11-12,394.23,713.01,2024-11-05,376.18,134.11,140.54,12869.82,12729.28,4.75,5,rotation (out of top-N),2024-11-04,393.66,4.8,5,1.1,0.8,27.17,4.85,91,2024-11-11,389.48,2.5,4.97,1.1,3.0,24.83,1.29,98
SELL,481,AMP,2024-12-03,556.27,539.16,2024-11-05,497.48,134.11,149.96,31697.06,31547.1,11.76,19,rotation (out of top-N),2024-11-04,541.77,1.9,5,0.7,2.8,26.26,0.9,525,2024-12-02,551.17,1.7,4.74,0.8,3.1,23.69,0.84,553
SELL,482,CFG,2024-11-19,43.61,6402.94,2024-11-12,43.94,140.67,139.62,-2112.97,-2252.59,-0.8,5,rotation (out of top-N),2024-11-11,44.41,2.5,5,0.7,2.3,25.49,1.78,336,2024-11-18,45.23,2.2,5,0.7,2.5,26.36,1.32,343
SELL,483,ADSK,2024-11-26,319.86,933.53,2024-11-19,298.96,139.55,149.3,19501.51,19352.21,6.93,5,rotation (out of top-N),2024-11-18,321.33,2.2,5,0.6,2.4,27.44,1.23,140,2024-11-25,291.8,1.5,3.07,1.2,3.7,15.33,1.12,147
SELL,484,CFG,2024-12-03,44.9,6482.11,2024-11-26,46.04,149.22,145.52,-7389.6,-7535.13,-2.52,4,rotation (out of top-N),2024-11-25,45.66,2.4,5,0.7,2.3,26.06,1.65,350,2024-12-02,44.63,2.1,4.38,0.9,2.8,21.91,1.44,357
SELL,485,ANET,2025-01-28,105.25,2935.07,2024-12-03,102.03,149.73,154.46,9450.94,9296.48,3.1,36,rotation (out of top-N),2024-12-02,108.29,2.4,5,0.6,2.2,27.31,1.59,763,2025-01-27,115.22,4.1,4.4,0.9,0.8,22.0,8.23,819
SELL,486,CHTR,2024-12-10,369.49,759.97,2024-12-03,394.05,149.73,140.4,-18668.63,-18809.03,-6.28,5,rotation (out of top-N),2024-12-02,402.91,2.3,5,0.7,2.5,26.08,1.4,119,2024-12-09,379.89,3.1,3.6,1.1,2.0,17.99,3.28,126
SELL,487,CIEN,2025-01-14,83.38,4304.21,2024-12-03,69.58,149.73,179.44,59419.67,59240.22,19.78,27,rotation (out of top-N),2024-12-02,73.59,2.8,5,0.4,2.1,34.44,1.49,112,2025-01-13,84.75,3.5,5,-0.0,1.6,40.89,2.14,154
SELL,488,AVGO,2025-02-25,204.85,1602.59,2024-12-10,175.32,140.48,164.14,47324.38,47160.24,16.79,50,rotation (out of top-N),2024-12-09,221.76,3.7,5,-0.2,1.5,43.82,2.3,721,2025-02-24,197.13,2.4,1.87,1.5,3.2,9.35,2.86,798
SELL,489,DASH,2024-12-24,169.97,1751.45,2024-12-17,178.98,156.74,148.84,-15789.35,-15938.19,-5.08,5,rotation (out of top-N),2024-12-16,170.97,2.3,5,0.7,2.4,26.66,1.38,133,2024-12-23,169.29,2.4,4.93,0.8,2.3,24.67,1.78,140
SELL,490,COHR,2024-12-24,99.44,2947.58,2024-12-17,106.35,156.74,146.55,-20382.51,-20529.05,-6.55,5,rotation (out of top-N),2024-12-16,97.72,3.3,5,0.7,1.4,26.35,3.01,364,2024-12-23,96.98,3.2,4.81,0.8,1.6,24.04,3.01,371
SELL,491,CVNA,2024-12-31,42.06,6141.75,2024-12-17,51.04,156.74,129.16,-55152.93,-55282.09,-17.64,9,rotation (out of top-N),2024-12-16,44.85,3.8,5,-0.3,1.5,46.7,2.19,560,2024-12-30,35.4,2.7,2.36,1.4,2.7,11.8,3.24,574
SELL,492,DECK,2025-01-14,207.42,1421.7,2024-12-24,207.73,147.66,147.44,-440.73,-588.17,-0.2,12,rotation (out of top-N),2024-12-23,207.21,2.7,5,0.7,2.0,26.91,1.99,854,2025-01-13,210.01,2.9,5,0.7,1.9,25.07,2.42,875
SELL,493,EXPE,2024-12-31,184.63,1576.26,2024-12-24,187.36,147.66,145.51,-4303.2,-4448.71,-1.51,4,rotation (out of top-N),2024-12-23,183.88,3.0,5,0.9,2.2,30.21,1.7,98,2024-12-30,183.8,2.7,5,0.8,2.3,29.06,1.56,105
SELL,494,DASH,2025-01-07,175.74,1619.03,2024-12-31,169.57,137.27,142.26,9973.22,9830.96,3.58,4,rotation (out of top-N),2024-12-30,174.87,2.4,5,0.6,2.2,27.91,1.51,147,2025-01-06,170.13,2.1,4.75,0.8,2.7,23.74,1.42,154
SELL,495,COHR,2025-01-07,101.34,2911.11,2024-12-31,94.31,137.27,147.51,20465.11,20317.61,7.4,4,rotation (out of top-N),2024-12-30,106.22,3.4,5,0.3,1.3,33.91,2.58,378,2025-01-06,89.92,2.7,2.44,1.4,2.7,12.22,3.18,385
SELL,496,DAL,2025-01-14,65.31,5001.13,2025-01-07,59.26,148.18,163.31,30256.82,30093.5,10.15,4,rotation (out of top-N),2025-01-06,65.78,3.4,5,0.7,1.6,30.14,2.47,105,2025-01-13,64.67,4.5,5,0.8,0.5,26.76,4.66,112
SELL,497,EQT,2025-01-14,49.18,6315.08,2025-01-07,46.93,148.18,155.29,14208.93,14053.65,4.74,4,rotation (out of top-N),2025-01-06,48.14,3.7,5,1.6,2.8,27.61,2.04,63,2025-01-13,52.02,4.0,5,1.0,2.5,36.46,2.03,70
SELL,498,CEG,2025-02-25,261.36,1145.42,2025-01-07,258.74,148.18,149.68,3001.01,2851.32,0.96,32,rotation (out of top-N),2025-01-06,302.63,3.9,5,0.1,1.0,37.56,2.98,574,2025-02-24,248.3,3.2,0.88,1.8,2.6,4.42,5.37,623
SELL,499,BKR,2025-01-28,42.37,7414.52,2025-01-14,43.5,161.27,157.08,-8378.41,-8535.49,-2.65,9,rotation (out of top-N),2025-01-13,45.23,2.6,5,0.7,2.0,26.84,1.92,203,2025-01-27,44.9,2.5,4.72,0.8,2.4,23.6,1.91,217
SELL,500,APO,2025-02-04,160.41,2106.4,2025-01-14,153.12,161.27,168.94,15355.64,15186.7,4.71,14,rotation (out of top-N),2025-01-13,163.34,2.6,5,0.7,2.1,26.26,1.9,798,2025-02-03,159.9,2.5,3.9,1.0,2.5,19.51,2.26,819
SELL,501,C,2025-02-25,76.73,4566.5,2025-01-14,70.63,161.27,175.19,27855.63,27680.44,8.58,28,rotation (out of top-N),2025-01-13,77.06,2.3,5,0.7,2.4,25.08,1.59,406,2025-02-24,77.54,2.2,4.0,1.0,2.8,20.02,1.79,448
SELL,502,ARES,2025-02-04,190.89,1896.46,2025-01-14,170.07,161.27,181.01,39484.38,39303.38,12.19,14,rotation (out of top-N),2025-01-13,183.81,2.5,5,0.7,2.3,25.22,1.83,805,2025-02-03,182.73,2.2,4.12,1.0,2.8,20.58,1.71,826
SELL,503,CBRE,2025-02-04,142.75,2181.01,2025-01-28,142.84,155.77,155.67,-196.29,-351.97,-0.11,5,rotation (out of top-N),2025-01-27,144.8,2.1,5,0.7,2.6,25.58,1.26,420,2025-02-03,142.78,2.5,4.47,0.9,2.4,22.34,2.02,427
SELL,504,CIEN,2025-02-25,79.76,3934.16,2025-01-28,79.19,155.77,156.89,2242.47,2085.58,0.67,19,rotation (out of top-N),2025-01-27,87.15,5.0,5,0.0,0.0,39.45,7.53,168,2025-02-24,79.58,2.9,4.04,1.0,2.1,20.21,2.88,196
SELL,505,COF,2025-02-25,196.93,1698.1,2025-02-04,198.37,168.43,167.2,-2445.26,-2612.46,-0.78,14,rotation (out of top-N),2025-02-03,199.08,2.6,5,0.6,2.0,27.66,1.8,448,2025-02-24,197.0,2.5,4.55,0.9,2.4,22.76,1.97,469
SELL,506,CRWD,2025-02-25,387.05,842.18,2025-02-04,399.98,168.43,162.98,-10885.18,-11048.17,-3.28,14,rotation (out of top-N),2025-02-03,421.59,3.9,5,1.3,2.1,28.38,2.64,77,2025-02-24,389.64,3.5,3.32,1.5,2.4,16.61,3.51,98
SELL,507,CVNA,2025-02-25,43.45,6669.0,2025-02-04,50.51,168.43,144.88,-47083.14,-47228.03,-14.02,14,rotation (out of top-N),2025-02-03,52.78,4.8,5,-0.5,0.7,49.26,3.46,609,2025-02-24,46.6,4.2,4.95,0.8,0.5,24.76,5.16,630
SELL,508,FISV,2025-03-04,234.98,1390.94,2025-02-25,229.99,159.95,163.42,6940.79,6777.37,2.12,5,rotation (out of top-N),2025-02-24,235.72,2.2,5,0.7,2.5,25.05,1.48,469,2025-03-03,217.9,1.6,2.91,1.3,3.7,14.57,1.28,476
SELL,509,DASH,2025-03-04,195.59,1640.44,2025-02-25,195.01,159.95,160.42,943.25,782.83,0.24,5,rotation (out of top-N),2025-02-24,198.34,3.2,5,0.4,1.4,32.31,2.4,203,2025-03-03,178.02,2.7,3.48,1.1,2.4,17.42,2.74,210
SELL,510,FOX,2025-03-11,49.41,6005.3,2025-02-25,53.27,159.95,148.36,-23180.47,-23328.83,-7.29,10,rotation (out of top-N),2025-02-24,53.23,2.6,5,0.3,2.1,33.75,1.32,301,2025-03-10,47.93,2.2,3.54,1.1,2.9,17.71,1.98,315
SELL,511,FOXA,2025-03-11,53.58,5580.02,2025-02-25,57.33,159.95,149.49,-20925.07,-21074.56,-6.59,10,rotation (out of top-N),2025-02-24,56.78,2.6,5,0.3,2.1,33.33,1.42,301,2025-03-10,51.78,2.4,3.76,1.1,2.7,18.82,2.16,315
SELL,512,FTNT,2025-03-04,106.81,2953.85,2025-02-25,108.3,159.95,157.74,-4416.01,-4573.76,-1.43,5,rotation (out of top-N),2025-02-24,107.96,2.8,5,0.4,1.8,31.73,1.78,196,2025-03-03,101.27,2.6,4.4,0.9,2.3,22.0,2.27,203
SELL,513,ETR,2025-03-04,85.17,3871.97,2025-02-25,82.62,159.95,164.89,9873.53,9708.64,3.03,5,rotation (out of top-N),2025-02-24,84.48,2.5,5,0.5,2.0,29.98,1.44,448,2025-03-03,78.72,1.9,3.99,1.0,3.1,19.93,1.35,455
SELL,514,GILD,2025-03-18,109.22,2975.01,2025-02-25,107.53,159.95,162.47,5027.76,4865.3,1.52,15,rotation (out of top-N),2025-02-24,110.57,2.7,5,0.2,2.1,36.11,1.31,189,2025-03-17,104.22,2.2,4.57,0.9,2.7,22.87,1.51,210
SELL,515,EXPE,2025-03-04,188.5,1622.14,2025-02-25,197.21,159.95,152.89,-14128.85,-14281.74,-4.46,5,rotation (out of top-N),2025-02-24,195.54,3.0,5,0.7,1.7,25.76,2.57,161,2025-03-03,182.56,2.3,3.22,1.2,2.9,16.08,2.18,168
SELL,516,FFIV,2025-03-04,280.34,1092.0,2025-02-25,292.95,159.95,153.07,-13770.16,-13923.23,-4.35,5,rotation (out of top-N),2025-02-24,292.55,2.3,5,0.5,2.2,29.54,1.26,210,2025-03-03,275.76,2.1,4.14,1.0,2.9,20.68,1.58,217
SELL,517,HOOD,2025-03-11,36.08,7023.65,2025-03-04,45.19,158.7,126.71,-63985.45,-64112.15,-20.2,5,rotation (out of top-N),2025-03-03,44.43,4.9,5,0.1,0.0,38.1,7.12,448,2025-03-10,39.23,4.0,4.07,1.0,1.0,20.36,7.04,455
SELL,518,T,2025-03-11,25.18,12018.13,2025-03-04,26.41,158.7,151.31,-14782.3,-14933.6,-4.7,5,rotation (out of top-N),2025-03-03,25.7,2.4,5,0.7,2.3,26.49,1.58,455,2025-03-10,25.19,2.1,4.53,0.9,2.8,22.67,1.38,462
SELL,519,PLTR,2025-04-01,83.89,3959.07,2025-03-04,80.17,158.7,166.06,14727.74,14561.68,4.59,20,rotation (out of top-N),2025-03-03,84.91,5.9,5,-0.9,0.0,57.25,6.62,693,2025-03-31,73.97,3.9,4.65,0.8,1.0,23.24,4.07,721
SELL,520,TPL,2025-03-11,434.19,729.57,2025-03-04,435.05,158.7,158.39,-627.43,-785.81,-0.25,5,rotation (out of top-N),2025-03-03,458.85,3.9,5,0.6,0.6,28.51,3.76,329,2025-03-10,435.92,3.1,4.0,1.0,1.9,20.02,3.15,336
SELL,521,TPR,2025-03-25,74.2,3889.69,2025-03-04,81.6,158.7,144.31,-28783.71,-28928.02,-9.11,15,rotation (out of top-N),2025-03-03,73.82,3.3,5,0.1,1.6,37.71,2.1,168,2025-03-24,69.24,2.9,4.82,0.8,1.9,24.08,2.51,189
SELL,522,ESLT,2025-05-06,399.11,939.36,2025-03-04,337.89,158.7,187.45,57507.33,57319.87,18.06,44,rotation (out of top-N),2025-03-03,355.0,,5,-0.7,,54.4,,140,2025-05-05,415.7,,5,-0.5,,49.85,,203
SELL,523,AXSM,2025-03-25,129.51,2454.0,2025-03-11,119.64,146.8,158.91,24221.01,24062.1,8.2,10,rotation (out of top-N),2025-03-10,121.95,,5,0.5,,29.12,,259,2025-03-24,118.46,,4.47,0.9,,22.35,,273
SELL,524,DAVE,2025-04-01,82.6,3611.94,2025-03-11,81.28,146.8,149.17,4749.71,4600.53,1.57,15,rotation (out of top-N),2025-03-10,86.45,,5,0.1,,37.64,,462,2025-03-31,70.91,,1.4,1.7,,6.98,,483
SELL,525,SPOT,2025-04-01,545.71,601.42,2025-03-11,488.18,146.8,164.1,34602.54,34438.44,11.73,15,rotation (out of top-N),2025-03-10,575.83,,5,0.2,,36.12,,763,2025-03-31,502.42,,2.79,1.3,,13.93,,784
SELL,526,ONC,2025-03-18,259.92,1193.56,2025-03-11,245.99,146.8,155.11,16632.2,16477.09,5.61,5,rotation (out of top-N),2025-03-10,259.07,,5,0.5,,29.84,,210,2025-03-17,251.97,,4.98,0.8,,24.89,,217
SELL,527,IDCC,2025-03-25,217.96,1385.94,2025-03-11,211.84,146.8,151.04,8481.93,8330.89,2.84,10,rotation (out of top-N),2025-03-10,214.23,,5,0.3,,33.05,,784,2025-03-24,206.94,,4.96,0.8,,24.79,,798
SELL,528,HOOD,2025-03-25,48.7,7784.07,2025-03-18,40.8,158.81,189.54,61455.26,61265.72,19.29,5,rotation (out of top-N),2025-03-17,44.36,4.4,5,0.3,0.3,33.83,4.03,462,2025-03-24,41.91,4.0,4.92,0.8,0.8,24.59,4.12,469
SELL,529,EQT,2025-04-01,52.89,6136.58,2025-03-18,51.76,158.81,162.28,6934.33,6772.05,2.13,10,rotation (out of top-N),2025-03-17,52.1,2.8,5,0.6,1.8,28.08,2.04,133,2025-03-31,45.44,1.9,1.99,1.5,3.6,9.97,2.09,147
SELL,530,EAT,2025-04-01,146.56,2791.92,2025-03-25,155.28,216.76,204.6,-24331.6,-24536.2,-5.66,5,rotation (out of top-N),2025-03-24,147.43,,5,0.3,,33.85,,469,2025-03-31,135.07,,4.18,1.0,,20.91,,476
SELL,531,T,2025-04-01,26.93,16954.62,2025-03-25,25.57,216.76,228.29,23058.28,22829.99,5.27,5,rotation (out of top-N),2025-03-24,26.75,2.4,5,0.6,2.2,27.24,1.59,476,2025-03-31,25.28,1.6,3.83,1.0,3.4,19.14,0.96,483
SELL,532,GILD,2025-04-01,109.15,4166.15,2025-03-25,104.06,216.76,227.37,21205.71,20978.34,4.84,5,rotation (out of top-N),2025-03-24,108.85,2.3,5,0.7,2.4,26.77,1.46,217,2025-03-31,104.49,2.0,4.06,1.0,3.0,20.32,1.49,224
SELL,533,VRSN,2025-04-01,252.06,1795.15,2025-03-25,241.5,216.76,226.24,18956.82,18730.58,4.32,5,rotation (out of top-N),2025-03-24,247.17,2.0,5,0.7,2.7,26.67,0.97,140,2025-03-31,236.65,1.8,4.07,1.0,3.2,20.33,1.19,147
SELL,534,ONC,2025-04-01,283.6,1695.83,2025-03-25,255.65,216.76,240.47,47406.83,47166.37,10.88,5,rotation (out of top-N),2025-03-24,267.55,,5,0.5,,30.8,,224,2025-03-31,238.47,,3.05,1.2,,15.23,,231
SELL,535,PVLA,2025-04-08,20.84,13954.43,2025-04-01,28.14,196.37,145.41,-101937.13,-102082.54,-25.99,5,rotation (out of top-N),2025-03-31,23.99,,5,2.0,,43.83,,49,2025-04-07,21.72,,5,2.7,,27.76,,56
SELL,536,CIB,2025-04-08,37.3,10127.58,2025-04-01,38.78,196.37,188.88,-14988.82,-15177.7,-3.86,5,rotation (out of top-N),2025-03-31,38.39,,5,0.6,,28.24,,665,2025-04-07,36.2,,4.01,1.0,,20.06,,672
SELL,537,PLMR,2025-04-08,136.02,2898.72,2025-04-01,135.49,196.37,197.14,1536.32,1339.18,0.34,5,rotation (out of top-N),2025-03-31,133.1,,5,0.7,,26.87,,504,2025-04-07,147.97,,5,0.1,,38.87,,511
SELL,538,NUTX,2025-04-22,147.5,5738.57,2025-04-01,68.44,196.37,423.22,453691.09,453267.87,115.41,14,rotation (out of top-N),2025-03-31,67.88,,5,-1,,114.44,,203,2025-04-21,123.09,,5,-1,,197.85,,224
SELL,539,MNPR,2025-04-08,28.5,12125.58,2025-04-01,32.39,196.37,172.79,-47168.5,-47341.29,-12.05,5,rotation (out of top-N),2025-03-31,28.96,,5,-0.5,,50.9,,196,2025-04-07,32.7,,5,-1,,64.17,,203
SELL,540,DRUG,2025-04-08,30.9,10789.77,2025-04-01,36.4,196.37,166.7,-59343.72,-59510.42,-15.15,5,rotation (out of top-N),2025-03-31,32.16,,5,0.6,,27.97,,168,2025-04-07,28.48,,2.06,1.5,,10.3,,175
SELL,541,SDS,2025-04-08,114.59,3834.68,2025-04-01,102.42,196.37,219.71,46668.01,46448.3,11.83,5,rotation (out of top-N),2025-03-31,122.4,,5,3.5,,28.18,,7,2025-04-07,106.3,,2.23,4.2,,11.15,,14
SELL,542,ROOT,2025-04-08,119.8,2948.0,2025-04-01,133.22,196.37,176.59,-39576.92,-39753.51,-10.12,5,rotation (out of top-N),2025-03-31,112.12,,5,-0.0,,40.62,,147,2025-04-07,120.0,,5,-0.4,,47.54,,154
SELL,543,CORT,2025-04-08,76.32,3469.5,2025-04-01,113.2,196.37,132.4,-127955.2,-128087.59,-32.61,5,rotation (out of top-N),2025-03-31,74.48,,5,-0.5,,49.51,,308,2025-04-07,68.52,,5,0.3,,34.94,,315
SELL,544,EAT,2025-04-22,153.0,2415.89,2025-04-08,144.78,174.89,184.82,19858.63,19673.82,5.62,9,rotation (out of top-N),2025-04-07,143.76,,5,0.7,,26.62,,483,2025-04-21,159.37,,5,0.3,,34.95,,497
SELL,545,HOOD,2025-04-15,44.12,9420.22,2025-04-08,37.13,174.89,207.81,65847.36,65639.55,18.77,5,rotation (out of top-N),2025-04-07,43.63,4.3,5,0.7,0.3,26.63,12.46,483,2025-04-14,41.2,3.9,3.59,1.1,1.2,17.95,5.4,490
SELL,546,GH,2025-04-22,43.77,8068.58,2025-04-08,43.35,174.89,176.58,3388.8,3212.22,0.92,9,rotation (out of top-N),2025-04-07,43.73,,5,0.5,,30.55,,154,2025-04-21,48.29,,5,-0.0,,40.86,,168
SELL,547,HCI,2025-04-22,141.56,2447.68,2025-04-08,142.9,174.89,173.25,-3279.89,-3453.13,-0.99,9,rotation (out of top-N),2025-04-07,144.21,,5,0.6,,28.37,,196,2025-04-21,139.97,,4.32,0.9,,21.59,,210
SELL,548,AEM,2025-04-15,118.38,3397.83,2025-04-08,102.94,174.89,201.12,52462.53,52261.42,14.94,5,rotation (out of top-N),2025-04-07,116.38,,5,0.2,,36.62,,483,2025-04-14,120.27,,5,0.0,,39.27,,490
SELL,549,RGLD,2025-04-22,184.28,2184.44,2025-04-08,160.12,174.89,201.27,52776.12,52574.85,15.03,9,rotation (out of top-N),2025-04-07,177.62,,5,0.7,,25.32,,378,2025-04-21,176.92,,4.57,0.9,,22.86,,392
SELL,550,PLTR,2025-05-13,119.93,4197.95,2025-04-08,83.32,174.89,251.73,153686.81,153435.08,43.87,24,rotation (out of top-N),2025-04-07,88.53,5.2,5,-0.2,0.0,43.83,9.58,728,2025-05-12,129.57,5.2,5,-1,0.8,78.65,3.33,763
SELL,551,FNV,2025-04-22,173.34,2351.73,2025-04-08,148.73,174.89,203.82,57876.09,57672.26,16.49,9,rotation (out of top-N),2025-04-07,164.76,,5,1.2,,27.99,,84,2025-04-21,168.64,,5,0.9,,28.79,,98
SELL,552,PM,2025-05-13,159.57,2670.96,2025-04-15,153.21,204.61,213.1,16987.34,16774.23,4.1,19,rotation (out of top-N),2025-04-14,157.61,2.4,5,0.7,2.3,26.37,1.66,364,2025-05-12,164.47,2.4,5,0.7,2.3,26.01,1.72,392
SELL,553,SPOT,2025-05-06,634.1,738.26,2025-04-15,554.3,204.61,234.06,58909.07,58675.01,14.34,14,rotation (out of top-N),2025-04-14,575.62,,5,0.7,,26.94,,798,2025-05-05,648.5,,5,0.2,,35.79,,819
SELL,554,PEN,2025-04-29,295.56,1677.29,2025-04-22,270.63,226.97,247.87,41798.17,41550.3,9.15,5,rotation (out of top-N),2025-04-21,300.27,,5,0.7,,26.55,,168,2025-04-28,296.31,,4.67,0.8,,23.35,,175
SELL,555,HOOD,2025-06-03,69.9,11047.32,2025-04-22,41.09,226.97,386.1,318273.34,317887.24,70.03,29,rotation (out of top-N),2025-04-21,49.45,4.2,5,0.1,0.7,38.98,3.39,497,2025-06-02,74.87,5.2,5,-1,0.8,78.88,3.3,539
SELL,556,NFLX,2025-05-13,111.19,4514.96,2025-04-22,100.54,226.97,251.01,48084.36,47833.35,10.54,15,rotation (out of top-N),2025-04-21,110.1,3.4,5,0.5,1.2,30.92,2.76,896,2025-05-12,119.19,2.8,5,0.2,2.0,35.26,1.56,917
SELL,557,DAVE,2025-04-29,93.47,5480.31,2025-04-22,82.83,226.97,256.12,58310.55,58054.42,12.79,5,rotation (out of top-N),2025-04-21,92.86,,5,0.4,,32.37,,504,2025-04-28,104.48,,5,-0.3,,45.39,,511
SELL,558,CRWD,2025-05-06,432.56,1237.06,2025-04-22,366.94,226.97,267.55,81169.95,80902.4,17.82,10,rotation (out of top-N),2025-04-21,424.72,3.1,5,0.7,1.5,26.83,2.66,154,2025-05-05,410.58,2.1,3.85,1.0,3.0,19.25,1.69,168
SELL,559,VRSN,2025-05-06,278.4,1889.58,2025-04-22,240.23,226.97,263.03,72125.37,71862.34,15.83,10,rotation (out of top-N),2025-04-21,268.61,2.2,5,0.4,2.4,32.67,0.92,168,2025-05-05,277.02,2.3,5,0.3,2.4,33.67,0.94,182
SELL,560,AGX,2025-05-06,162.8,3360.66,2025-04-29,150.02,252.08,273.56,42949.2,42675.65,8.46,5,rotation (out of top-N),2025-04-28,162.69,,5,0.6,,28.44,,847,2025-05-05,168.93,,5,0.5,,30.77,,854
SELL,561,HWM,2025-06-03,171.94,3694.88,2025-04-29,136.45,252.08,317.65,131131.15,130813.5,25.95,24,rotation (out of top-N),2025-04-28,153.67,3.0,5,0.3,1.7,34.69,1.94,910,2025-06-02,174.99,2.9,5,-0.1,2.2,42.22,1.22,945
SELL,562,APP,2025-06-10,389.24,1666.29,2025-05-06,293.99,244.94,324.29,158714.34,158390.05,32.33,24,rotation (out of top-N),2025-05-05,328.67,3.9,5,0.6,0.7,27.03,3.88,728,2025-06-09,364.19,3.6,4.67,0.8,1.3,23.35,3.57,763
SELL,563,EQT,2025-05-20,55.17,9251.62,2025-05-06,52.95,244.94,255.21,20538.6,20283.39,4.14,10,rotation (out of top-N),2025-05-05,54.98,2.8,5,0.7,1.9,26.62,2.18,182,2025-05-19,54.96,2.0,4.63,0.8,2.8,23.15,1.31,196
SELL,564,NRG,2025-05-13,148.03,4254.22,2025-05-06,115.15,244.94,314.88,139878.71,139563.83,28.49,5,rotation (out of top-N),2025-05-05,117.99,2.4,5,0.7,2.3,26.13,1.61,672,2025-05-12,157.37,6,5,-1,0.0,64.74,4.84,679
SELL,565,AXON,2025-07-08,803.51,804.31,2025-05-06,609.06,244.94,323.14,156398.15,156075.02,31.86,42,rotation (out of top-N),2025-05-05,683.79,2.2,5,0.6,2.4,27.98,1.16,616,2025-07-07,729.59,1.7,3.48,1.1,3.4,17.41,1.27,679
SELL,566,CVNA,2025-09-09,74.49,9639.38,2025-05-06,50.82,244.94,359.02,228164.12,227805.1,46.5,86,rotation (out of top-N),2025-05-05,53.62,2.9,5,0.6,1.7,28.24,2.21,700,2025-09-08,72.35,3.3,5,0.4,1.3,31.6,2.59,826
SELL,567,APH,2025-05-20,85.41,6119.62,2025-05-13,84.18,257.58,261.34,7527.14,7265.8,1.41,5,rotation (out of top-N),2025-05-12,86.29,4.2,5,3.5,4.1,25.82,1.67,14,2025-05-19,84.94,3.6,4.59,3.5,4.6,22.95,1.14,21
SELL,568,CAH,2025-05-20,152.87,3508.24,2025-05-13,146.84,257.58,268.15,21154.69,20886.54,4.05,5,rotation (out of top-N),2025-05-12,152.5,2.5,5,0.7,2.2,25.51,1.86,259,2025-05-19,150.97,1.6,4.63,0.8,3.2,23.15,0.72,266
SELL,569,CRWD,2025-07-08,505.98,1202.71,2025-05-13,428.32,257.58,304.27,93396.31,93092.04,18.07,37,rotation (out of top-N),2025-05-12,439.35,2.9,5,0.7,1.8,25.8,2.38,175,2025-07-07,478.39,2.5,4.5,0.9,2.4,22.52,2.06,231
SELL,570,MOS,2025-06-03,35.02,16133.73,2025-05-13,31.93,257.58,282.5,49853.23,49570.73,9.62,14,rotation (out of top-N),2025-05-12,33.82,4.5,5,3.0,3.5,32.28,1.8,21,2025-06-02,33.59,3.6,5,2.9,3.5,28.54,1.38,42
SELL,571,NFLX,2025-06-03,122.09,4407.52,2025-05-20,118.65,261.48,269.06,15161.85,14892.8,2.85,9,rotation (out of top-N),2025-05-19,118.6,2.4,5,0.4,2.2,32.66,1.21,924,2025-06-02,124.15,2.6,5,0.3,2.1,34.87,1.31,938
SELL,572,NRG,2025-06-03,159.33,3295.01,2025-05-20,158.71,261.48,262.5,2042.91,1780.41,0.34,9,rotation (out of top-N),2025-05-19,156.02,3.9,5,-1,2.1,60.17,1.41,686,2025-06-02,154.22,3.8,5,-0.6,1.8,52.69,1.8,700
SELL,573,PLTR,2025-06-03,133.11,4112.55,2025-05-20,127.16,261.48,273.71,24469.66,24195.95,4.63,9,rotation (out of top-N),2025-05-19,123.34,4.6,5,-1,1.4,64.87,2.33,770,2025-06-02,127.68,5.4,5,-1,0.6,60.16,3.53,784
SELL,574,APH,2025-12-09,138.86,6617.57,2025-06-03,90.17,298.35,459.46,322209.67,321750.21,53.92,131,rotation (out of top-N),2025-06-02,92.7,3.8,5,2.8,3.6,31.85,1.22,35,2025-12-08,128.75,2.2,4.99,0.8,2.6,24.94,1.43,224
SELL,575,DG,2025-07-22,106.8,5700.84,2025-06-03,104.67,298.35,304.42,12142.78,11838.36,1.98,33,rotation (out of top-N),2025-06-02,111.21,4.1,5,2.4,3.4,38.53,1.38,42,2025-07-21,105.97,2.6,4.83,1.3,3.2,24.15,1.36,91
SELL,576,GE,2025-06-10,249.07,2423.27,2025-06-03,246.24,298.35,301.78,6857.86,6556.08,1.1,5,rotation (out of top-N),2025-06-02,254.31,2.4,5,0.3,2.2,33.08,1.14,924,2025-06-09,235.23,2.0,4.38,0.9,2.9,21.89,1.38,931
SELL,577,AVGO,2025-06-10,242.29,2405.4,2025-06-03,248.07,298.35,291.4,-13903.19,-14194.59,-2.38,5,rotation (out of top-N),2025-06-02,244.82,4.2,5,3.0,3.1,25.27,2.46,42,2025-06-09,246.74,4.1,4.89,3.0,3.0,24.47,2.61,49
SELL,578,DLTR,2025-07-01,99.47,6373.03,2025-06-03,93.63,298.35,316.96,37218.49,36901.52,6.18,19,rotation (out of top-N),2025-06-02,94.49,4.1,5,3.0,3.3,28.81,1.88,35,2025-06-30,101.91,3.9,5,1.3,2.7,33.75,1.89,63
SELL,579,GEV,2025-06-24,505.89,1212.42,2025-06-03,492.16,298.35,306.68,16646.58,16339.91,2.74,14,rotation (out of top-N),2025-06-02,483.93,3.4,5,-0.2,1.8,43.52,1.79,999,2025-06-23,519.19,3.5,5,-0.3,1.7,45.21,1.88,999
SELL,580,HOOD,2025-06-17,76.08,8346.58,2025-06-10,73.28,305.82,317.5,23370.41,23052.91,3.77,5,rotation (out of top-N),2025-06-09,72.58,6,5,-1,0.0,68.03,4.84,546,2025-06-16,78.52,4.8,5,-1,1.2,76.03,2.73,553
SELL,581,CAH,2025-07-08,166.4,4013.37,2025-06-10,152.4,305.82,333.91,56187.13,55853.22,9.13,18,rotation (out of top-N),2025-06-09,159.61,2.0,5,0.7,2.7,26.6,0.97,287,2025-07-07,159.61,1.8,4.29,0.9,3.1,21.47,1.1,315
SELL,582,HWM,2025-06-17,170.89,3570.77,2025-06-10,171.29,305.82,305.1,-1428.31,-1733.41,-0.28,5,rotation (out of top-N),2025-06-09,170.75,2.7,5,0.2,2.2,36.56,1.27,952,2025-06-16,172.86,2.6,5,0.2,2.2,36.12,1.22,959
SELL,583,EQT,2025-06-24,58.46,10744.77,2025-06-17,57.93,311.22,314.07,5694.73,5380.66,0.86,4,rotation (out of top-N),2025-06-16,59.75,3.1,5,0.6,1.6,27.04,2.57,224,2025-06-23,57.65,2.4,4.21,0.9,2.5,21.06,2.03,231
SELL,584,COIN,2025-07-29,384.0,2412.43,2025-06-17,258.01,311.22,463.19,303930.61,303467.42,48.75,28,rotation (out of top-N),2025-06-16,308.56,5.3,5,3.6,3.3,28.92,2.77,0,2025-07-28,314.74,3.7,3.61,3.4,4.0,18.07,2.18,42
SELL,585,DASH,2025-08-12,258.17,2672.34,2025-06-24,232.17,310.22,344.96,69480.8,69135.84,11.14,34,rotation (out of top-N),2025-06-23,242.32,3.0,5,0.4,1.6,32.01,2.1,322,2025-08-11,247.97,3.0,4.81,0.8,1.8,24.05,2.73,371
SELL,586,AVGO,2025-12-16,334.29,2409.09,2025-06-24,257.54,310.22,402.67,184897.59,184494.92,29.74,122,rotation (out of top-N),2025-06-23,267.84,3.8,5,1.3,2.7,32.07,1.87,63,2025-12-15,339.0,3.0,3.86,1.0,2.0,19.32,3.1,238
SELL,587,CCL,2025-07-08,29.3,22819.0,2025-07-01,27.78,316.96,334.3,34684.88,34350.58,5.42,4,rotation (out of top-N),2025-06-30,29.65,4.6,5,3.4,3.7,30.07,1.83,7,2025-07-07,28.36,4.6,4.6,3.6,3.8,22.99,2.46,14
SELL,588,EL,2025-07-15,88.6,7627.17,2025-07-08,84.86,323.62,337.88,28525.6,28187.71,4.36,5,rotation (out of top-N),2025-07-07,89.74,4.6,5,3.5,3.8,28.04,1.99,7,2025-07-14,85.94,4.0,4.59,3.6,4.4,22.94,1.63,14
SELL,589,GE,2025-07-15,263.23,2624.02,2025-07-08,246.66,323.62,345.36,43480.04,43134.68,6.66,5,rotation (out of top-N),2025-07-07,254.45,2.2,5,0.6,2.4,27.55,1.26,959,2025-07-14,262.12,2.4,5,0.5,2.1,30.21,1.3,966
SELL,590,DLTR,2025-07-15,108.44,6176.26,2025-07-08,104.8,323.62,334.88,22512.47,22177.59,3.43,5,rotation (out of top-N),2025-07-07,109.39,4.0,5,0.7,2.8,41.78,1.55,70,2025-07-14,110.09,3.8,5,0.7,2.6,40.81,1.6,77
SELL,591,BA,2025-07-29,239.5,2957.8,2025-07-08,218.82,323.62,354.2,61152.58,60798.38,9.39,15,rotation (out of top-N),2025-07-07,226.74,3.0,5,1.3,3.0,28.81,1.26,77,2025-07-28,221.9,2.2,4.44,1.3,3.4,22.19,1.11,98
SELL,592,C,2025-07-29,93.77,7827.64,2025-07-15,86.68,339.25,367.0,55498.0,55131.0,8.13,10,rotation (out of top-N),2025-07-14,91.33,2.1,5,0.6,2.5,27.94,1.01,588,2025-07-28,89.78,1.8,4.6,0.9,3.0,22.98,1.03,602
SELL,593,CCL,2025-07-29,29.13,23469.39,2025-07-15,28.91,339.25,341.83,5163.27,4821.44,0.71,10,rotation (out of top-N),2025-07-14,29.23,3.9,5,3.4,4.1,25.54,1.44,21,2025-07-28,28.74,3.3,4.26,3.4,4.5,21.3,1.25,35
SELL,594,AMD,2026-01-06,222.5,4413.01,2025-07-15,153.75,339.25,490.96,303416.47,302925.51,44.65,121,rotation (out of top-N),2025-07-14,157.0,4.6,5,3.2,3.5,30.43,1.94,14,2026-01-05,203.15,3.3,4.2,0.9,1.7,21.01,3.34,189
SELL,595,DLTR,2025-08-05,115.8,5402.19,2025-07-22,112.78,304.63,312.77,16287.59,15974.82,2.62,10,rotation (out of top-N),2025-07-21,114.38,3.9,5,0.4,2.5,44.17,1.7,84,2025-08-04,116.12,3.5,5,0.3,2.4,41.98,1.5,98
SELL,596,EL,2025-08-05,91.06,8324.28,2025-07-29,91.59,381.21,379.0,-4411.87,-4790.87,-0.63,5,rotation (out of top-N),2025-07-28,89.67,4.4,5,3.1,3.3,27.97,2.16,28,2025-08-04,89.39,4.3,5,3.1,3.2,26.46,2.33,35
SELL,597,EME,2025-08-05,632.31,1201.84,2025-07-29,634.38,381.21,379.97,-2487.8,-2867.77,-0.38,5,rotation (out of top-N),2025-07-28,625.28,4.4,5,2.4,2.5,33.7,2.41,56,2025-08-04,617.13,4.1,5,1.4,2.4,30.8,2.35,63
SELL,598,EBAY,2025-08-05,91.77,9768.36,2025-07-29,78.05,381.21,448.22,134021.96,133573.74,17.52,5,rotation (out of top-N),2025-07-28,90.61,2.8,5,0.3,1.9,33.81,1.59,518,2025-08-04,91.95,2.9,5,0.3,1.8,34.04,1.87,525
SELL,599,CEG,2025-08-05,350.41,2302.34,2025-07-29,331.15,381.21,403.38,44343.13,43939.74,5.76,5,rotation (out of top-N),2025-07-28,338.91,3.2,5,1.5,3.1,26.64,1.53,70,2025-08-04,333.9,4.0,4.77,1.5,2.3,23.86,3.1,77
SELL,600,ANET,2025-11-04,152.65,6347.52,2025-08-05,121.13,384.44,484.46,200042.02,199557.56,25.95,64,rotation (out of top-N),2025-08-04,139.21,5.6,5,2.7,2.7,39.6,2.91,21,2025-11-03,134.65,2.7,4.36,1.0,2.4,21.81,2.28,112
SELL,601,APP,2025-11-18,532.8,1943.79,2025-08-05,395.56,384.44,517.82,266775.1,266257.27,34.63,74,rotation (out of top-N),2025-08-04,456.07,4.3,5,0.3,0.4,34.28,3.89,819,2025-11-17,520.54,3.8,4.7,0.8,1.1,23.49,3.89,924
SELL,602,DG,2025-08-19,110.68,7061.02,2025-08-05,108.89,384.44,390.76,12639.23,12248.47,1.59,10,rotation (out of top-N),2025-08-04,114.58,3.0,5,0.7,2.1,31.73,1.7,105,2025-08-18,110.71,2.0,4.93,0.8,2.8,24.63,1.13,119
SELL,603,COHR,2025-08-12,114.72,7151.66,2025-08-05,107.51,384.44,410.2,51527.7,51117.5,6.65,5,rotation (out of top-N),2025-08-04,115.5,5.9,5,2.9,2.1,34.24,3.84,21,2025-08-11,93.55,3.6,1.85,4.1,5.0,9.25,2.38,28
SELL,604,AXON,2025-08-12,774.76,938.25,2025-08-05,819.48,384.44,363.46,-41953.72,-42317.18,-5.5,5,rotation (out of top-N),2025-08-04,841.97,2.7,5,0.6,1.9,28.61,1.88,707,2025-08-11,754.5,2.0,2.92,1.3,3.3,14.59,1.84,714
SELL,605,EBAY,2025-08-19,97.47,7927.3,2025-08-12,94.06,372.82,386.34,27032.11,26645.77,3.57,5,rotation (out of top-N),2025-08-11,99.43,3.1,5,-0.1,2.1,42.91,1.36,532,2025-08-18,97.99,2.9,5,0.1,2.0,38.93,1.43,539
SELL,606,DLTR,2025-09-09,99.2,6512.16,2025-08-12,114.5,372.82,323.0,-99636.04,-99959.04,-13.41,19,rotation (out of top-N),2025-08-11,113.48,2.9,5,0.4,2.5,36.58,1.19,105,2025-09-08,97.44,2.1,2.46,1.4,3.3,12.29,2.23,133
SELL,607,BA,2025-08-19,231.24,3286.94,2025-08-12,226.85,372.82,380.04,14429.66,14049.63,1.88,5,rotation (out of top-N),2025-08-11,235.29,2.3,5,0.8,2.6,26.8,1.21,112,2025-08-18,230.09,2.1,4.5,0.9,2.8,22.51,1.5,119
SELL,608,ADM,2025-08-26,62.32,13339.48,2025-08-19,57.8,385.51,415.66,60294.43,59878.77,7.77,5,rotation (out of top-N),2025-08-18,61.53,3.0,5,2.8,3.8,26.16,0.98,56,2025-08-25,61.25,3.3,4.98,1.7,3.3,24.89,1.73,63
SELL,609,DHI,2025-08-26,166.98,4666.07,2025-08-19,165.24,385.51,389.57,8118.96,7729.39,1.0,5,rotation (out of top-N),2025-08-18,169.09,4.2,5,3.5,4.0,25.92,1.76,14,2025-08-25,168.0,4.2,4.99,3.4,3.9,24.94,1.9,21
SELL,610,CCL,2025-09-16,30.85,26145.19,2025-08-19,29.49,385.51,403.29,35557.46,35154.17,4.56,19,rotation (out of top-N),2025-08-18,30.98,3.5,5,2.7,3.3,28.18,1.48,56,2025-09-15,30.18,2.8,4.41,1.5,3.3,22.04,1.7,84
SELL,611,C,2025-09-30,101.47,8623.48,2025-08-26,93.35,402.5,437.51,70022.64,69585.13,8.64,24,rotation (out of top-N),2025-08-25,95.08,2.0,5,0.7,2.7,25.43,1.09,630,2025-09-29,96.19,1.9,4.19,1.0,3.0,20.93,1.33,665
SELL,612,CHRW,2025-09-30,130.47,6482.02,2025-08-26,124.19,402.5,422.85,40707.06,40284.21,5.0,24,rotation (out of top-N),2025-08-25,127.17,3.8,5,3.2,3.9,27.52,1.27,28,2025-09-29,134.38,3.3,5,1.4,3.1,30.18,1.31,63
SELL,613,APTV,2025-10-07,74.03,9772.68,2025-09-09,69.76,340.87,361.74,41729.36,41367.63,6.07,20,rotation (out of top-N),2025-09-08,70.16,2.8,5,1.0,2.5,26.98,1.68,98,2025-10-06,68.35,1.8,3.8,1.0,3.2,19.02,1.31,126
SELL,614,CIEN,2025-09-16,136.52,5745.34,2025-09-09,118.66,340.87,392.18,102611.83,102219.66,14.99,5,rotation (out of top-N),2025-09-08,131.25,5.4,5,-0.3,2.1,60.59,2.5,77,2025-09-15,138.38,4.9,5,-0.4,2.3,66.83,1.98,84
SELL,615,CAT,2025-12-02,567.59,1832.54,2025-09-16,433.83,397.51,520.07,245121.01,244600.94,30.77,54,rotation (out of top-N),2025-09-15,463.44,2.8,5,1.4,3.3,26.97,1.13,77,2025-12-01,600.51,3.0,5,-0.3,2.3,45.1,1.08,154
SELL,616,ALLE,2025-09-23,178.47,4536.45,2025-09-16,175.25,397.51,404.81,14607.36,14202.55,1.79,5,rotation (out of top-N),2025-09-15,178.51,2.0,5,0.7,2.7,26.25,1.04,126,2025-09-22,174.07,1.7,4.43,0.9,3.2,22.17,0.91,133
SELL,617,CIEN,2025-09-30,144.79,5763.14,2025-09-23,140.48,404.8,417.22,24839.11,24421.89,3.02,5,rotation (out of top-N),2025-09-22,141.99,4.5,5,-0.5,2.5,68.41,1.45,91,2025-09-29,151.37,5.0,5,-0.6,1.8,76.15,2.38,98
SELL,618,AES,2025-10-07,13.79,67220.32,2025-09-30,12.66,425.5,463.48,75958.96,75495.47,8.87,5,rotation (out of top-N),2025-09-29,14.06,3.5,5,1.6,2.9,25.28,2.12,70,2025-10-06,13.56,3.2,4.09,1.7,3.2,20.45,2.21,77
SELL,619,CEG,2025-11-04,366.11,2546.1,2025-09-30,334.24,425.5,466.08,81144.28,80678.2,9.48,25,rotation (out of top-N),2025-09-29,358.92,2.9,5,0.7,1.8,25.27,2.5,133,2025-11-03,357.19,2.6,4.17,1.0,2.4,20.83,2.29,168
SELL,620,AMAT,2025-10-07,222.91,4182.89,2025-09-30,203.45,425.5,466.2,81399.06,80932.86,9.51,5,rotation (out of top-N),2025-09-29,216.58,3.2,5,1.0,2.4,28.74,1.87,91,2025-10-06,208.86,3.0,4.68,1.2,2.5,23.4,2.22,98
SELL,621,COHR,2025-10-14,110.78,7396.23,2025-10-07,116.34,430.26,409.7,-41123.03,-41532.72,-4.83,5,rotation (out of top-N),2025-10-06,111.13,4.7,5,1.1,1.0,29.68,3.97,84,2025-10-13,116.47,4.9,5,0.7,0.8,34.87,3.99,91
SELL,622,COIN,2025-10-14,340.66,2228.96,2025-10-07,386.06,430.26,379.66,-101195.01,-101574.66,-11.8,5,rotation (out of top-N),2025-10-06,357.03,3.7,5,0.7,1.1,28.66,3.22,112,2025-10-13,336.04,4.0,4.05,1.0,1.0,20.26,4.99,119
SELL,623,CIEN,2025-10-14,161.07,5590.66,2025-10-07,153.92,430.26,450.24,39973.21,39522.97,4.59,5,rotation (out of top-N),2025-10-06,155.86,5.1,5,-0.8,1.4,77.65,2.75,105,2025-10-13,170.96,5.7,5,-0.9,0.6,90.05,3.87,112
SELL,624,ALB,2026-05-19,173.01,8961.74,2025-10-14,92.17,413.0,775.24,724466.82,723691.59,87.61,149,rotation (out of top-N),2025-10-13,92.22,5.4,5,2.8,1.6,27.43,4.28,49,2026-05-18,171.55,3.1,4.44,0.9,1.8,22.21,2.99,266
SELL,625,AMAT,2026-08-05,542.37,3877.4,2025-10-14,213.03,413.0,1051.48,1276964.74,1275913.25,154.47,202,rotation (out of top-N),2025-10-13,224.04,3.8,5,0.7,1.3,31.31,2.98,105,2026-08-04,518.14,4.0,5,0.4,0.6,32.02,3.64,400
SELL,626,BG,2025-10-21,95.0,10523.68,2025-10-14,78.49,413.0,499.87,173745.89,173246.01,20.97,5,rotation (out of top-N),2025-10-13,95.65,3.1,5,1.6,3.3,25.01,1.57,70,2025-10-20,95.94,3.3,4.92,1.5,2.9,24.58,2.01,77
SELL,627,CIEN,2025-10-28,182.03,5779.61,2025-10-21,173.02,499.99,526.02,52045.42,51519.4,5.15,5,rotation (out of top-N),2025-10-20,179.16,5.0,5,-1.0,1.1,94.08,2.91,119,2025-10-27,189.97,4.6,5,-1,1.4,100.72,2.35,126
SELL,628,CAH,2025-12-09,199.96,6467.48,2025-10-28,162.58,525.74,646.62,241754.27,241107.65,22.93,29,rotation (out of top-N),2025-10-27,189.85,2.1,5,0.5,2.4,29.48,1.0,427,2025-12-08,197.18,1.7,4.89,0.8,3.0,24.45,0.77,469
SELL,629,CHRW,2025-12-02,159.24,6239.15,2025-11-04,152.24,474.92,496.76,43674.03,43177.27,4.55,19,rotation (out of top-N),2025-11-03,148.19,3.8,5,0.5,1.8,37.81,2.29,98,2025-12-01,156.71,2.6,5,0.1,2.3,38.4,1.08,126
SELL,630,CIEN,2025-11-25,192.38,5214.93,2025-11-04,182.14,474.92,501.62,53400.9,52899.28,5.57,15,rotation (out of top-N),2025-11-03,199.27,4.6,5,-1,1.4,104.49,2.37,133,2025-11-24,203.97,5.8,5,-1,0.2,93.89,4.17,154
SELL,631,BIIB,2025-12-09,179.07,6295.61,2025-11-18,164.49,517.78,563.69,91821.43,91257.73,8.81,14,rotation (out of top-N),2025-11-17,175.29,3.7,5,1.4,2.5,27.96,2.26,70,2025-12-08,174.09,2.5,4.93,1.2,3.3,24.67,1.14,91
SELL,632,APP,2026-01-13,648.31,1810.66,2025-11-25,553.81,501.38,586.94,171107.68,170520.74,17.01,32,rotation (out of top-N),2025-11-24,599.24,4.8,5,-0.0,0.2,40.63,4.17,931,2026-01-12,568.38,3.1,3.04,1.2,2.2,15.22,3.46,980
SELL,633,APA,2025-12-16,24.61,41152.76,2025-12-02,24.69,508.03,506.38,-3292.22,-3798.61,-0.37,10,rotation (out of top-N),2025-12-01,26.67,3.3,5,0.5,1.9,34.42,2.06,105,2025-12-15,23.72,2.2,3.53,1.1,2.9,17.64,1.96,119
SELL,634,C,2026-01-27,113.67,9920.54,2025-12-02,102.42,508.03,563.83,111606.07,111042.24,10.93,37,rotation (out of top-N),2025-12-01,107.82,2.2,5,0.6,2.4,27.35,1.31,728,2026-01-26,114.57,2.0,4.15,1.0,3.0,20.76,1.42,784
SELL,635,CFG,2026-01-13,59.72,20137.68,2025-12-09,55.24,556.2,601.31,90216.8,89615.49,8.06,23,rotation (out of top-N),2025-12-08,57.56,2.3,5,0.6,2.4,27.19,1.38,154,2026-01-12,59.93,2.2,4.94,0.8,2.6,24.68,1.38,189
SELL,636,CHRW,2025-12-23,165.55,7299.25,2025-12-09,152.4,556.2,604.2,95985.11,95380.91,8.57,10,rotation (out of top-N),2025-12-08,156.54,2.8,5,0.2,2.0,36.56,1.48,133,2025-12-22,164.06,2.8,5,0.0,2.2,39.01,1.22,147
SELL,637,CAT,2026-02-03,694.49,1884.19,2025-12-09,590.39,556.2,654.27,196143.9,195489.63,17.57,37,rotation (out of top-N),2025-12-08,595.32,3.0,5,-0.1,2.1,41.7,1.36,161,2026-02-02,725.23,4.2,5,-0.5,1.3,49.95,2.5,217
SELL,638,APH,2026-01-27,157.19,7039.79,2025-12-16,129.12,454.49,553.29,197606.84,197053.55,21.68,27,rotation (out of top-N),2025-12-15,135.04,3.2,5,0.6,1.4,28.77,2.58,231,2026-01-26,143.78,2.5,4.66,0.8,2.3,23.31,2.0,273
SELL,639,CAH,2026-01-06,205.07,4584.77,2025-12-16,198.26,454.49,470.1,31222.31,30752.21,3.38,13,rotation (out of top-N),2025-12-15,201.82,1.9,5,0.7,2.8,25.88,0.88,476,2026-01-05,200.63,1.8,4.2,1.0,3.1,20.98,1.18,497
SELL,640,BIIB,2025-12-30,176.27,6945.85,2025-12-23,173.93,604.05,612.17,16253.28,15641.11,1.29,4,rotation (out of top-N),2025-12-22,177.09,2.9,5,1.0,2.3,25.22,2.09,105,2025-12-29,177.81,1.9,4.97,0.9,3.1,24.86,0.82,112
SELL,641,CHRW,2026-02-03,198.3,7548.26,2025-12-30,162.12,611.86,748.41,273096.21,272347.8,22.26,23,rotation (out of top-N),2025-12-29,163.19,2.2,5,0.2,2.6,36.43,0.58,154,2026-02-02,199.97,3.6,5,-0.6,2.0,52.22,1.48,189
SELL,642,ADI,2026-03-03,339.23,3449.97,2026-01-06,278.38,480.2,585.17,209930.82,209345.65,21.8,38,rotation (out of top-N),2026-01-05,299.96,2.7,5,0.6,1.9,27.75,1.93,203,2026-03-02,315.74,2.3,4.28,0.9,2.6,21.41,1.9,259
SELL,643,BIIB,2026-01-13,186.01,5471.14,2026-01-06,175.54,480.2,508.84,57282.8,56773.96,5.91,5,rotation (out of top-N),2026-01-05,187.65,2.7,5,0.5,1.9,30.28,1.75,119,2026-01-12,164.38,1.7,2.63,1.3,3.6,13.16,1.64,126
SELL,644,CAH,2026-01-27,209.99,5396.83,2026-01-13,209.49,565.29,566.64,2698.42,2131.78,0.19,9,rotation (out of top-N),2026-01-12,211.77,2.1,5,0.7,2.6,26.15,1.22,504,2026-01-26,214.35,2.1,4.97,0.8,2.7,24.84,1.27,518
SELL,645,AMD,2026-02-03,251.46,5255.34,2026-01-13,215.13,565.29,660.75,190926.65,190265.89,16.83,14,rotation (out of top-N),2026-01-12,231.79,3.0,5,0.2,1.8,35.28,1.81,196,2026-02-02,208.25,2.7,2.9,1.3,2.6,14.49,2.94,217
SELL,646,BG,2026-04-14,121.69,11339.84,2026-01-13,99.7,565.29,689.97,249363.1,248673.13,22.0,62,rotation (out of top-N),2026-01-12,106.57,2.2,5,0.6,2.4,27.11,1.31,161,2026-04-13,118.54,2.1,4.25,0.9,2.9,21.24,1.51,252
SELL,647,BKR,2026-03-10,59.87,20045.63,2026-01-27,55.97,560.98,600.07,78177.96,77577.89,6.91,29,rotation (out of top-N),2026-01-26,55.65,3.0,5,0.7,1.7,25.86,2.56,175,2026-03-09,54.09,2.0,2.66,1.3,3.4,13.3,1.94,217
SELL,648,CFG,2026-02-03,64.33,18107.71,2026-01-27,61.96,560.98,582.43,42915.28,42332.85,3.77,5,rotation (out of top-N),2026-01-26,62.08,2.3,5,0.7,2.4,25.6,1.56,203,2026-02-02,67.61,2.7,5,0.3,2.0,34.74,1.49,210
SELL,649,CIEN,2026-02-03,277.8,4699.58,2026-01-27,238.74,560.98,652.77,183589.04,182936.27,16.31,5,rotation (out of top-N),2026-01-26,251.72,5.3,5,-1,0.7,75.91,3.41,217,2026-02-02,271.62,6,5,-1,0.0,83.45,5.27,224
SELL,650,BMY,2026-03-03,61.0,23963.57,2026-02-03,55.02,659.24,730.89,143302.15,142571.26,10.81,19,rotation (out of top-N),2026-02-02,61.28,3.4,5,2.6,3.3,29.69,1.2,56,2026-03-02,59.66,2.7,4.45,1.5,3.4,22.24,1.43,84
SELL,651,APA,2026-06-09,37.06,51202.94,2026-02-03,25.75,659.24,948.79,579105.23,578156.44,43.85,87,rotation (out of top-N),2026-02-02,27.26,3.5,5,0.7,1.2,25.31,3.41,168,2026-06-08,37.01,2.8,4.95,0.8,2.0,24.77,2.34,294
SELL,652,BIIB,2026-02-24,197.49,7439.98,2026-02-03,177.22,659.24,734.64,150808.35,150073.71,11.38,14,rotation (out of top-N),2026-02-02,201.02,2.5,5,0.3,2.2,33.97,1.27,147,2026-02-23,191.69,2.0,4.68,0.8,2.8,23.42,1.24,168
SELL,653,BALL,2026-02-24,67.03,22007.61,2026-02-03,59.91,659.24,737.58,156694.15,155956.57,11.83,14,rotation (out of top-N),2026-02-02,66.04,3.8,5,3.4,4.2,25.69,1.26,21,2026-02-23,66.69,3.2,4.86,3.1,4.2,24.28,1.05,42
SELL,654,AMGN,2026-02-10,370.73,3922.52,2026-02-03,336.13,659.24,727.1,135719.09,134991.99,10.24,5,rotation (out of top-N),2026-02-02,378.81,2.2,5,0.7,2.4,26.92,1.33,126,2026-02-09,366.36,2.4,4.32,0.9,2.5,21.62,1.97,133
SELL,655,AKAM,2026-02-24,98.87,15314.62,2026-02-10,95.08,728.02,757.08,58118.97,57361.89,3.94,9,rotation (out of top-N),2026-02-09,111.8,3.9,5,0.7,1.9,36.43,2.32,91,2026-02-23,98.38,4.2,3.73,1.3,1.4,18.65,5.1,105
SELL,656,CAH,2026-03-03,226.84,6602.76,2026-02-24,224.9,742.48,748.88,12809.35,12060.46,0.81,5,rotation (out of top-N),2026-02-23,228.48,2.2,5,0.6,2.4,27.49,1.21,546,2026-03-02,217.25,2.0,4.03,1.0,3.0,20.15,1.51,553
SELL,657,AES,2026-03-03,14.02,91720.82,2026-02-24,16.19,742.48,642.96,-199034.19,-199677.15,-13.45,5,rotation (out of top-N),2026-02-23,17.05,3.0,5,0.5,1.6,29.21,2.28,217,2026-03-02,13.99,3.3,1.03,1.7,2.5,5.15,4.78,224
SELL,658,AMGN,2026-03-03,375.61,3928.99,2026-02-24,377.95,742.48,737.88,-9193.83,-9931.71,-0.67,5,rotation (out of top-N),2026-02-23,385.19,2.3,5,0.7,2.4,25.49,1.53,147,2026-03-02,366.71,2.1,3.73,1.1,3.0,18.63,1.7,154
SELL,659,COHR,2026-03-24,258.08,4803.59,2026-03-03,286.74,688.69,619.86,-137670.98,-138290.83,-10.04,15,rotation (out of top-N),2026-03-02,235.59,6,5,-1,0.0,64.88,5.2,231,2026-03-23,243.53,5.8,5,-0.8,0.0,56.72,5.24,252
SELL,660,CAT,2026-04-21,803.2,1894.17,2026-03-03,727.17,688.69,760.7,144013.6,143252.91,10.4,34,rotation (out of top-N),2026-03-02,679.22,2.8,5,0.5,1.7,29.74,2.03,245,2026-04-20,830.43,3.1,5,-0.1,2.0,41.4,1.49,294
SELL,661,CF,2026-04-14,119.05,13205.97,2026-03-03,104.3,688.69,786.09,194788.0,194001.91,14.08,29,rotation (out of top-N),2026-03-02,115.32,5.1,5,2.9,2.5,31.96,2.99,28,2026-04-13,112.24,4.0,4.38,1.7,2.6,21.88,3.07,70
SELL,662,CHRW,2026-03-10,179.91,7514.77,2026-03-03,183.29,688.69,675.99,-25399.92,-26075.91,-1.89,5,rotation (out of top-N),2026-03-02,179.72,2.6,5,0.6,2.0,28.14,1.79,217,2026-03-09,169.35,3.0,3.83,1.0,2.0,19.16,3.1,224
SELL,663,CIEN,2026-04-21,509.37,4071.12,2026-03-03,338.33,688.69,1036.85,696324.48,695287.63,50.48,34,rotation (out of top-N),2026-03-02,293.96,5.5,5,-1,0.5,70.71,3.8,252,2026-04-20,520.84,4.7,5,-1,1.3,120.75,2.6,301
SELL,664,COP,2026-03-24,126.94,11095.2,2026-03-10,115.05,638.25,704.21,131921.96,131217.75,10.28,10,rotation (out of top-N),2026-03-09,120.99,3.2,5,1.1,2.4,28.06,1.98,91,2026-03-23,132.81,3.4,5,0.4,2.0,37.9,1.9,105
SELL,665,AKAM,2026-04-07,114.94,12594.38,2026-03-10,101.36,638.25,723.8,171094.61,170370.81,13.35,19,rotation (out of top-N),2026-03-09,107.69,3.2,5,0.6,1.4,27.77,2.76,119,2026-04-06,91.33,2.2,0.93,1.8,3.6,4.65,2.91,147
SELL,666,BKR,2026-03-31,61.0,21455.62,2026-03-24,61.68,661.69,654.4,-14589.82,-15244.22,-1.15,5,rotation (out of top-N),2026-03-23,63.0,3.0,5,0.6,1.6,28.83,2.31,231,2026-03-30,60.17,2.7,4.33,0.9,2.2,21.63,2.49,238
SELL,667,CASY,2026-06-02,741.9,1962.22,2026-03-24,674.43,661.69,727.89,132401.06,131673.17,9.95,48,rotation (out of top-N),2026-03-23,714.06,2.3,5,0.7,2.5,25.26,1.52,1064,2026-06-01,745.67,3.0,3.29,1.2,2.2,16.44,3.24,1134
SELL,668,COHR,2026-04-07,251.59,5846.28,2026-03-31,223.87,654.4,735.43,162059.01,161323.58,12.33,4,rotation (out of top-N),2026-03-30,257.97,6,5,-1,0.0,61.57,6.35,259,2026-04-06,307.11,6,5,-1,0.0,86.05,4.82,266
SELL,669,BKR,2026-04-14,61.8,24216.92,2026-04-07,60.21,729.05,748.3,38504.9,37756.6,2.59,5,rotation (out of top-N),2026-04-06,62.61,2.3,5,0.7,2.4,25.06,1.59,245,2026-04-13,59.58,1.8,3.57,1.1,3.3,17.86,1.33,252
SELL,670,ADI,2026-06-30,393.88,4531.92,2026-04-07,321.74,729.05,892.52,326932.85,326040.33,22.36,58,rotation (out of top-N),2026-04-06,350.13,2.8,5,0.5,1.8,29.1,1.95,294,2026-06-29,392.39,3.5,4.35,0.9,1.4,21.74,3.63,378
SELL,671,CMI,2026-04-21,633.65,2414.91,2026-04-14,613.65,740.96,765.1,48298.23,47533.13,3.21,5,rotation (out of top-N),2026-04-13,625.35,2.2,5,0.5,2.3,29.48,1.15,259,2026-04-20,658.71,2.7,5,0.3,2.1,34.21,1.42,266
SELL,672,C,2026-04-21,132.97,11609.17,2026-04-14,127.65,740.96,771.84,61760.78,60988.95,4.12,5,rotation (out of top-N),2026-04-13,131.58,2.1,5,0.7,2.6,25.01,1.33,861,2026-04-20,127.37,1.9,4.0,1.0,3.1,19.98,1.43,868
SELL,673,AMD,2026-08-05,484.0,5932.63,2026-04-14,249.79,740.96,1435.7,1389480.19,1388044.49,93.67,78,rotation (out of top-N),2026-04-13,278.29,3.4,5,0.2,1.4,36.02,2.35,287,2026-08-04,484.0,5.4,5,-0.4,0.0,47.99,5.15,400
SELL,674,BKR,2026-05-05,68.93,27922.48,2026-04-21,59.67,833.07,962.35,258562.19,257599.84,15.46,10,rotation (out of top-N),2026-04-20,68.73,3.2,5,0.3,1.5,33.99,2.24,259,2026-05-04,63.9,2.1,4.38,0.9,2.8,21.92,1.5,273
SELL,675,ANET,2026-04-28,165.49,9812.91,2026-04-21,169.79,833.07,811.94,-42244.59,-43056.54,-2.58,5,rotation (out of top-N),2026-04-20,176.91,4.7,5,3.4,3.6,29.13,2.02,7,2026-04-27,172.74,4.7,4.95,3.5,3.6,24.76,2.51,14
SELL,676,AVGO,2026-04-28,400.44,4178.18,2026-04-21,398.77,833.07,836.57,6998.46,6161.89,0.37,5,rotation (out of top-N),2026-04-20,422.49,4.1,5,3.6,4.4,25.08,1.49,7,2026-04-27,421.21,4.0,4.7,3.6,4.4,23.49,1.57,14
SELL,677,BG,2026-04-28,124.72,13474.6,2026-04-21,123.65,833.07,840.28,14417.82,13577.55,0.81,5,rotation (out of top-N),2026-04-20,124.18,2.7,5,0.7,2.0,25.34,2.15,259,2026-04-27,123.82,2.1,4.69,0.8,2.8,23.46,1.34,266
SELL,678,CAT,2026-07-21,886.21,2040.15,2026-04-28,813.0,829.32,904.0,149349.34,148445.35,8.95,57,rotation (out of top-N),2026-04-27,890.32,3.5,5,-0.4,2.0,48.69,1.53,301,2026-07-20,889.0,2.3,3.96,1.0,2.7,19.82,1.9,385
SELL,679,CF,2026-05-05,126.0,13183.72,2026-04-28,125.81,829.32,830.57,2504.91,1674.33,0.1,5,rotation (out of top-N),2026-04-27,122.27,3.8,5,1.1,2.0,30.62,2.45,84,2026-05-04,114.59,3.4,4.32,1.4,2.5,21.61,2.73,91
SELL,680,CIEN,2026-05-05,554.99,3501.54,2026-04-28,473.69,829.32,971.66,284675.08,283703.42,17.1,5,rotation (out of top-N),2026-04-27,535.82,5.3,5,-1,0.7,116.82,3.4,308,2026-05-04,547.53,5.4,5,-1,0.6,111.73,3.61,315
SELL,681,CBOE,2026-06-02,297.06,5424.95,2026-05-05,339.55,921.02,805.75,-230533.21,-231338.97,-12.56,19,rotation (out of top-N),2026-05-04,347.26,3.7,5,0.4,0.8,31.19,3.24,644,2026-06-01,309.87,3.4,2.59,1.4,2.0,12.93,4.1,672
SELL,682,AKAM,2026-06-23,120.17,16962.49,2026-05-05,108.59,921.02,1019.19,196340.81,195321.62,10.6,33,rotation (out of top-N),2026-05-04,147.78,4.4,5,-1,1.6,63.18,2.1,175,2026-06-22,120.72,3.1,3.7,1.1,2.0,18.49,3.29,224
SELL,683,BEN,2026-06-02,31.11,61401.38,2026-05-05,30.0,921.02,955.25,68462.54,67507.29,3.66,19,rotation (out of top-N),2026-05-04,31.04,2.5,5,0.6,2.1,27.82,1.72,350,2026-06-01,31.21,1.7,4.99,0.8,3.0,24.94,0.71,378
SELL,684,CF,2026-06-02,114.16,12182.48,2026-05-19,127.37,775.84,695.35,-160991.54,-161686.88,-10.42,9,rotation (out of top-N),2026-05-18,121.65,3.2,5,0.9,2.0,26.31,2.47,105,2026-06-01,114.41,2.7,3.42,1.2,2.4,17.09,2.82,119
SELL,685,ADM,2026-06-09,79.93,19222.09,2026-06-02,82.75,795.36,768.21,-54302.41,-55070.62,-3.46,5,rotation (out of top-N),2026-06-01,82.45,2.5,5,0.7,2.2,25.99,1.78,343,2026-06-08,80.14,2.3,4.32,0.9,2.6,21.59,1.8,350
SELL,686,AVGO,2026-06-09,401.52,3256.58,2026-06-02,488.46,795.36,653.8,-283126.85,-283780.65,-17.84,5,rotation (out of top-N),2026-06-01,460.68,4.0,5,2.8,2.9,28.52,2.13,49,2026-06-08,381.95,3.2,1.24,3.8,4.6,6.2,2.76,56
SELL,687,CDNS,2026-06-09,395.7,3910.53,2026-06-02,406.78,795.36,773.71,-43309.09,-44082.79,-2.77,5,rotation (out of top-N),2026-06-01,409.34,4.7,5,3.3,3.3,26.58,2.59,21,2026-06-08,384.83,4.2,3.74,3.6,4.0,18.69,2.56,28
SELL,688,CIEN,2026-07-21,398.47,2709.0,2026-06-02,587.2,795.36,539.73,-511269.35,-511809.08,-32.17,33,rotation (out of top-N),2026-06-01,562.52,4.6,5,-1,1.4,83.58,2.38,343,2026-07-20,390.48,2.8,1.82,1.5,2.8,9.09,3.5,392
SELL,689,CNC,2026-06-16,63.32,24221.29,2026-06-09,64.88,785.74,766.85,-37785.21,-38552.06,-2.45,5,rotation (out of top-N),2026-06-08,65.17,4.2,5,-0.7,1.5,54.43,2.22,147,2026-06-15,61.17,4.2,5,-0.1,0.9,42.61,3.13,154
SELL,690,COHR,2026-06-16,422.0,3898.09,2026-06-09,403.14,785.74,822.5,73518.03,72695.54,4.63,5,rotation (out of top-N),2026-06-08,385.21,6,5,-1,0.0,72.49,6.3,329,2026-06-15,386.9,5.5,5,-1,0.5,67.91,3.79,336
SELL,691,CASY,2026-06-30,780.8,2072.57,2026-06-09,758.23,785.74,809.13,46788.35,45979.22,2.93,14,rotation (out of top-N),2026-06-08,894.94,2.8,5,0.1,2.1,37.65,1.37,1141,2026-06-29,794.54,2.7,3.69,1.1,2.4,18.44,2.69,1162
SELL,692,BEN,2026-07-14,32.62,49667.42,2026-06-09,31.64,785.74,809.95,48425.74,47615.78,3.03,23,rotation (out of top-N),2026-06-08,32.12,2.4,5,0.6,2.2,27.56,1.55,385,2026-07-13,32.91,2.4,4.81,0.8,2.4,24.07,1.75,420
SELL,693,CMI,2026-06-30,700.2,2299.44,2026-06-16,691.18,794.66,805.03,20729.44,19924.41,1.25,9,rotation (out of top-N),2026-06-15,725.38,2.9,5,0.4,1.8,32.55,1.85,322,2026-06-29,692.83,2.7,4.66,0.8,2.1,23.32,2.37,336
SELL,694,C,2026-06-30,141.0,11082.39,2026-06-16,143.41,794.66,781.31,-26708.57,-27489.88,-1.73,9,rotation (out of top-N),2026-06-15,145.4,2.5,5,0.6,2.1,28.14,1.7,924,2026-06-29,142.79,2.4,4.71,0.8,2.4,23.53,1.83,938
SELL,695,CNC,2026-08-05,64.29,32035.43,2026-06-23,63.62,1018.97,1029.78,21623.91,20594.13,1.01,30,rotation (out of top-N),2026-06-22,64.03,3.9,5,-0.3,1.4,46.51,2.39,161,2026-08-04,63.77,3.1,5,0.4,1.5,32.36,2.27,204
SELL,696,COHR,2026-07-14,320.5,4204.37,2026-06-30,390.69,821.3,673.75,-295104.53,-295778.28,-18.01,9,rotation (out of top-N),2026-06-29,370.04,5.5,5,-0.5,0.0,50.97,5.26,350,2026-07-13,307.84,3.9,4.06,1.0,1.1,20.32,4.35,364
SELL,697,CRWD,2026-07-07,200.69,2233.16,2026-06-30,735.55,821.3,224.09,-1194430.42,-1194654.5,-72.73,4,rotation (out of top-N),2026-06-29,722.12,5.8,5,2.1,1.7,42.49,3.75,49,2026-07-06,205.79,1.1,-11.76,7.0,9.9,-58.82,4.66,56
SELL,698,CSCO,2026-08-05,123.86,14070.02,2026-06-30,116.75,821.3,871.36,100108.18,99236.82,6.04,25,rotation (out of top-N),2026-06-29,115.56,3.4,5,0.3,1.4,34.26,2.46,672,2026-08-04,120.89,2.8,5,0.4,1.8,31.38,1.86,708
SELL,699,CVS,2026-08-04,103.75,15853.72,2026-06-30,103.61,821.3,822.45,2298.79,1476.34,0.09,24,rotation (out of top-N),2026-06-29,103.85,2.4,5,0.6,2.3,27.46,1.48,497,2026-08-03,104.65,2.1,4.64,0.8,2.7,23.21,1.47,532
SELL,700,CRL,2026-07-14,226.94,1940.88,2026-07-07,232.38,225.51,220.23,-10548.66,-10768.89,-2.39,5,rotation (out of top-N),2026-07-06,228.77,4.4,5,3.6,4.1,25.07,1.89,7,2026-07-13,230.52,4.3,4.99,3.5,4.0,24.94,1.96,14
SELL,701,ANET,2026-07-21,174.43,6155.19,2026-07-14,184.38,567.45,536.83,-61244.17,-61781.0,-5.44,5,rotation (out of top-N),2026-07-13,181.76,3.9,5,1.2,1.8,25.62,3.18,91,2026-07-20,170.75,2.8,3.49,1.5,3.1,17.45,2.35,98
SELL,702,DD,2026-08-05,143.73,8414.1,2026-07-14,134.88,567.45,604.68,74464.83,73860.15,6.51,16,rotation (out of top-N),2026-07-13,132.62,3.8,5,-1,2.2,160.63,1.25,322,2026-08-04,141.42,4.9,5,-1,1.1,140.64,2.81,344
SELL,703,DDOG,2026-08-05,290.65,4440.38,2026-07-14,255.59,567.45,645.31,155724.12,155078.81,13.66,16,rotation (out of top-N),2026-07-13,258.72,5.8,5,-0.1,1.8,58.01,3.12,70,2026-08-04,273.54,4.7,5,-0.5,2.2,59.29,1.9,92
SELL,704,DELL,2026-08-04,447.4,3322.42,2026-07-21,397.19,659.81,743.22,166835.08,166091.85,12.59,10,rotation (out of top-N),2026-07-20,395.56,5.3,5,-1,0.7,83.64,3.39,140,2026-08-03,471.82,6,5,-1,0.0,104.88,5.26,154
SELL,705,CASY,2026-07-28,860.87,1515.07,2026-07-21,870.99,659.81,652.14,-15332.54,-15984.68,-1.21,5,rotation (out of top-N),2026-07-20,868.28,2.0,5,0.7,2.7,25.52,1.11,1183,2026-07-27,853.92,2.1,4.4,0.9,2.8,22.01,1.56,1190
SELL,706,DOC,2026-07-28,22.64,59442.05,2026-07-21,22.2,659.81,672.88,26154.5,25481.62,1.93,5,rotation (out of top-N),2026-07-20,22.53,2.9,5,1.4,3.2,26.39,1.34,77,2026-07-27,22.3,2.5,4.88,1.4,3.5,24.38,0.97,84
SELL,707,BBY,2026-08-04,83.14,14876.63,2026-07-28,89.05,662.34,618.42,-87846.5,-88464.92,-6.68,5,rotation (out of top-N),2026-07-27,88.4,3.6,5,3.0,3.7,26.53,1.47,42,2026-08-03,85.25,3.7,4.36,3.1,3.6,21.79,2.12,49
SELL,708,CSX,2026-08-04,49.86,25469.9,2026-07-28,52.01,662.34,634.96,-54760.28,-55395.25,-4.18,5,rotation (out of top-N),2026-07-27,52.74,2.3,5,0.6,2.3,27.31,1.4,385,2026-08-03,49.82,1.7,3.85,1.0,3.3,19.24,1.18,392
SELL,709,ANET,2026-08-05,210.96,7443.47,2026-08-04,189.22,704.23,785.14,161820.98,161035.85,11.43,1,rotation (out of top-N),2026-08-03,184.95,4.4,5,0.8,0.5,26.18,4.45,112,2026-08-04,184.95,4.2,5,0.8,0.7,26.18,4.13,113
SELL,710,DAL,2026-08-05,93.45,15097.58,2026-08-04,93.29,704.23,705.43,2415.61,1710.18,0.12,1,rotation (out of top-N),2026-08-03,91.6,2.9,5,0.7,1.7,26.44,2.44,350,2026-08-04,91.6,2.6,5,0.7,2.0,26.44,1.96,351
SELL,711,BAX,2026-08-05,28.2,50636.45,2026-08-04,27.82,704.23,713.97,19495.03,18781.06,1.33,1,rotation (out of top-N),2026-08-03,28.11,6.5,5,2.2,1.5,44.04,4.31,35,2026-08-04,28.11,6.6,5,2.2,1.4,44.04,4.98,36
SELL,712,BEN,2026-08-05,36.0,39630.08,2026-08-04,35.54,704.23,713.34,18229.84,17516.49,1.24,1,rotation (out of top-N),2026-08-03,35.22,2.9,5,0.6,1.7,28.55,2.16,441,2026-08-04,35.22,2.8,5,0.6,1.8,28.55,2.0,442
SELL,713,EA,2026-08-11,209.7,81535.95,2026-08-05,209.7,8549.04,8549.04,0.0,-8549.04,-0.05,4,rotation (out of top-N),2026-08-04,209.7,0.2,0.66,1.8,5.6,3.32,0.1,456,2026-08-10,209.7,0.2,0.64,1.8,5.7,3.2,0.04,462
SELL,714,ANET,2026-08-25,192.36,8772.42,2026-08-11,194.81,854.48,843.73,-21492.42,-22336.15,-1.31,10,rotation (out of top-N),2026-08-10,191.47,3.1,5,0.5,1.4,29.38,2.49,119,2026-08-24,188.25,2.4,4.85,0.8,2.4,24.23,1.75,133
SELL,715,ABNB,2026-09-03,184.5,9506.87,2026-08-11,179.76,854.48,877.01,45062.55,44185.54,2.59,17,rotation (out of top-N),2026-08-10,184.56,3.2,5,0.2,1.7,36.87,1.97,126,2026-09-02,181.82,1.9,5,0.5,2.6,30.07,0.66,149
SELL,716,APA,2026-09-03,44.55,42102.84,2026-08-11,40.59,854.48,937.74,166516.74,165579.01,9.69,17,rotation (out of top-N),2026-08-10,41.03,3.1,5,0.7,1.6,26.52,2.69,357,2026-09-02,42.78,2.1,5,0.7,2.6,26.56,1.19,380
SELL,717,DD,2026-09-03,133.8,11963.28,2026-08-11,142.85,854.48,800.34,-108267.67,-109068.02,-6.38,17,rotation (out of top-N),2026-08-10,141.61,3.9,5,-1,2.1,130.91,1.32,350,2026-09-02,134.57,3.6,5,-1,2.4,95.68,0.9,373
SELL,718,CNC,2026-09-03,67.67,25323.47,2026-08-11,67.48,854.48,856.82,4684.84,3828.02,0.22,17,rotation (out of top-N),2026-08-10,66.59,3.1,5,0.2,1.7,36.16,1.88,210,2026-09-02,64.35,2.3,5,0.7,2.4,26.27,1.46,233
SELL,719,CRL,2026-09-03,294.37,6214.04,2026-08-11,275.01,854.48,914.61,120272.76,119358.14,6.98,17,rotation (out of top-N),2026-08-10,276.61,4.6,5,2.0,3.2,45.5,1.58,42,2026-09-02,288.94,3.9,5,0.7,3.2,45.1,1.08,65
SELL,720,BAX,2026-09-03,25.92,61885.0,2026-08-11,27.61,854.48,802.03,-104895.08,-105697.11,-6.18,17,rotation (out of top-N),2026-08-10,27.78,4.5,5,2.3,3.1,40.59,1.79,42,2026-09-02,25.8,3.1,5,1.6,3.4,26.91,1.23,65
SELL,721,CSCO,2026-08-18,111.83,13900.72,2026-08-11,122.94,854.48,777.26,-154436.99,-155214.25,-9.08,5,rotation (out of top-N),2026-08-10,122.61,2.5,5,0.4,2.0,31.37,1.43,714,2026-08-17,112.94,2.0,3.97,1.0,3.0,19.87,1.45,721
SELL,722,AMAT,2026-08-25,491.0,3179.57,2026-08-11,537.48,854.48,780.58,-147786.34,-148566.92,-8.69,10,rotation (out of top-N),2026-08-10,522.15,3.2,5,0.5,1.3,30.61,2.56,406,2026-08-24,484.51,2.3,3.4,1.1,2.8,17.01,2.22,420
SELL,723,AMD,2026-09-03,452.98,3599.73,2026-08-11,474.75,854.48,815.3,-78348.15,-79163.45,-4.63,17,rotation (out of top-N),2026-08-10,469.71,3.4,5,-0.1,1.6,41.08,2.03,406,2026-09-02,477.45,2.5,5,0.2,2.3,35.54,1.1,429
SELL,724,COHR,2026-08-25,286.7,4814.71,2026-08-18,324.32,780.75,690.19,-181129.54,-181819.73,-11.64,5,rotation (out of top-N),2026-08-17,350.96,3.4,5,0.7,1.3,25.97,3.15,399,2026-08-24,275.53,2.3,-0.46,2.1,3.8,-2.3,3.6,406
SELL,725,DDOG,2026-09-01,232.1,6796.96,2026-08-25,226.82,770.86,788.79,35853.96,35065.18,2.27,5,rotation (out of top-N),2026-08-24,225.69,2.9,5,0.7,2.0,27.71,2.03,112,2026-08-31,237.07,2.5,5,0.4,2.2,32.7,1.28,119
SELL,726,DELL,2026-09-01,458.8,3481.05,2026-08-25,442.89,770.86,798.55,55383.44,54584.89,3.54,5,rotation (out of top-N),2026-08-24,432.8,4.8,5,-1,1.2,70.02,2.74,175,2026-08-31,456.99,4.4,5,-1,1.6,73.98,2.09,182
SELL,727,AMGN,2026-09-01,432.49,3484.98,2026-08-25,442.39,770.86,753.61,-34501.31,-35254.92,-2.29,5,rotation (out of top-N),2026-08-24,443.82,1.9,5,0.7,2.8,25.79,0.88,329,2026-08-31,437.13,1.5,4.61,0.8,3.4,23.05,0.49,336
SELL,728,ANET,2026-09-03,186.0,7968.34,2026-09-01,195.75,779.92,741.06,-77731.19,-78472.25,-5.03,2,rotation (out of top-N),2026-08-31,193.78,2.0,5,0.7,2.7,26.56,1.04,140,2026-09-02,193.78,2.1,5,0.7,2.6,26.56,1.09,142
SELL,729,CRM,2026-09-03,262.11,6043.56,2026-09-01,258.1,779.92,792.04,24234.68,23442.64,1.5,2,rotation (out of top-N),2026-08-31,257.63,4.8,5,3.5,3.7,29.97,1.88,0,2026-09-02,257.63,4.1,5,3.5,4.3,29.97,1.0,2
SELL,730,BBY,2026-09-03,87.57,19650.33,2026-09-01,79.38,779.92,860.39,160936.2,160075.81,10.26,2,rotation (out of top-N),2026-08-31,90.25,3.0,5,1.4,3.1,26.94,1.42,77,2026-09-02,90.25,3.2,5,1.3,2.8,26.94,1.76,79
SELL,731,APGE,2026-09-10,135.08,124233.55,2026-09-03,135.07,8390.11,,1242.34,1242.34,0.01,4,end-of-sample mark-to-market,2026-09-02,135.07,2.1,5,-0.1,3.0,42.46,0.02,331,,,,,,,,,
