kind,trade_id,symbol,exec_date,exec_price,shares,buy_date,buy_price,buy_fee,sell_fee,gross_pnl,net_pnl,net_return_pct,hold_days,exit_reason,sig_buy_sig_date,sig_buy_sig_w_close,sig_buy_mtf_score,sig_buy_emasma_score,sig_buy_early_score,sig_buy_near_score,sig_buy_gap_w,sig_buy_atr_dist,sig_buy_freshness_days,sig_sell_sig_date,sig_sell_sig_w_close,sig_sell_mtf_score,sig_sell_emasma_score,sig_sell_early_score,sig_sell_near_score,sig_sell_gap_w,sig_sell_atr_dist,sig_sell_freshness_days
SELL,1,BNTX,2021-09-28,290.45,29.25,2021-09-21,341.69,5.0,4.25,-1498.86,-1503.1,-15.04,5,rotation (out of top-N),2021-09-20,330.38,,5,-1,,66.0,,999,2021-09-27,251.96,,4.83,0.8,,24.16,,999
SELL,2,PVLA,2021-10-05,410.4,22.68,2021-09-21,440.81,5.0,4.65,-689.78,-694.43,-6.94,10,rotation (out of top-N),2021-09-20,450.8,,5,-0.8,,73.95,,105,2021-10-04,379.2,,5,-0.0,,41.18,,119
SELL,3,CNR,2021-09-28,23.82,13.25,2021-09-21,22.24,0.15,0.16,20.93,20.77,7.05,5,equal-weight sizing trim,2021-09-20,22.68,,5,-1,,67.92,,999,2021-09-27,26.07,,5,-1,,86.12,,999
SELL,3,CNR,2021-10-05,30.62,74.15,2021-09-21,22.24,0.82,1.14,621.4,620.26,37.61,10,equal-weight sizing trim,2021-09-20,22.68,,5,-1,,67.92,,999,2021-10-04,31.26,,5,-1,,113.78,,999
SELL,3,CNR,2021-10-26,27.88,407.86,2021-09-21,23.28,4.75,5.69,1875.7,1870.01,19.69,25,rotation (out of top-N),2021-09-20,22.68,,5,-1,,67.92,,999,2021-10-25,25.34,,5,-0.9,,57.41,,999
SELL,4,HRI,2021-09-28,149.17,14.87,2021-09-21,118.26,0.88,1.11,459.58,458.47,26.07,5,equal-weight sizing trim,2021-09-20,146.68,,5,-0.8,,55.79,,999,2021-09-27,156.86,,5,-1,,62.46,,999
SELL,4,HRI,2021-10-05,158.7,69.65,2021-09-21,118.26,4.12,5.53,2816.6,2811.07,34.13,10,rotation (out of top-N),2021-09-20,146.68,,5,-0.8,,55.79,,999,2021-10-04,153.2,,5,-0.7,,54.97,,999
SELL,5,CAR,2021-09-28,115.31,18.71,2021-09-21,91.86,0.86,1.08,438.66,437.58,25.47,5,equal-weight sizing trim,2021-09-20,106.1,,5,-0.7,,53.66,,999,2021-09-27,115.78,,5,-1,,62.92,,999
SELL,5,CAR,2021-10-12,135.98,5.28,2021-09-21,93.34,0.25,0.36,225.01,224.65,45.61,15,equal-weight sizing trim,2021-09-20,106.1,,5,-0.7,,53.66,,999,2021-10-11,143.54,,5,-1,,88.45,,999
SELL,5,CAR,2021-10-19,151.91,1.99,2021-09-21,93.34,0.09,0.15,116.75,116.6,62.67,20,equal-weight sizing trim,2021-09-20,106.1,,5,-0.7,,53.66,,999,2021-10-18,159.61,,5,-1,,101.44,,999
SELL,5,CAR,2021-10-26,169.94,6.82,2021-09-21,93.34,0.32,0.58,522.29,521.71,81.97,25,equal-weight sizing trim,2021-09-20,106.1,,5,-0.7,,53.66,,999,2021-10-25,164.77,,5,-1,,100.02,,999
SELL,5,CAR,2021-11-09,277.91,28.49,2021-09-21,98.26,1.4,3.96,5117.59,5113.63,182.68,35,equal-weight sizing trim,2021-09-20,106.1,,5,-0.7,,53.66,,999,2021-11-08,253.47,,5,-1,,170.32,,999
SELL,5,CAR,2021-11-23,286.69,9.49,2021-09-21,114.03,0.54,1.36,1637.8,1636.44,151.3,45,equal-weight sizing trim,2021-09-20,106.1,,5,-0.7,,53.66,,999,2021-11-22,273.57,,5,-1,,160.08,,999
SELL,5,CAR,2021-12-14,219.57,63.15,2021-09-21,128.83,4.07,6.93,5730.59,5723.65,70.35,59,ratchet-ATR exit,2021-09-20,106.1,,5,-0.7,,53.66,,999,2021-12-13,205.36,,5,-1,,74.23,,999
SELL,6,DDS,2021-09-28,155.64,63.41,2021-09-21,157.63,5.0,4.93,-126.18,-131.12,-1.31,5,rotation (out of top-N),2021-09-20,161.67,,5,-1.0,,59.21,,999,2021-09-27,136.55,,5,0.4,,31.47,,999
SELL,7,SITM,2021-10-05,204.24,48.09,2021-09-21,219.78,5.29,4.91,-747.36,-752.28,-7.12,10,ratchet-ATR exit,2021-09-20,235.62,,5,-0.6,,78.83,,98,2021-10-04,215.03,,5,-0.7,,57.06,,112
SELL,8,AMR,2021-09-28,45.53,6.71,2021-09-21,42.55,0.14,0.15,19.99,19.84,6.95,5,equal-weight sizing trim,2021-09-20,45.38,,5,-1,,119.49,,999,2021-09-27,52.7,,5,-1,,142.89,,999
SELL,8,AMR,2021-10-05,56.21,30.99,2021-09-21,42.55,0.66,0.87,423.26,422.39,32.04,10,equal-weight sizing trim,2021-09-20,45.38,,5,-1,,119.49,,999,2021-10-04,57.7,,5,-1,,152.31,,999
SELL,8,AMR,2021-10-19,61.06,1.87,2021-09-21,44.04,0.04,0.06,31.86,31.8,38.57,20,equal-weight sizing trim,2021-09-20,45.38,,5,-1,,119.49,,999,2021-10-18,61.21,,5,-1,,142.43,,999
SELL,8,AMR,2021-11-16,47.19,302.76,2021-09-21,47.22,7.15,7.14,-10.23,-17.37,-0.12,40,rotation (out of top-N),2021-09-20,45.38,,5,-1,,119.49,,999,2021-11-15,43.77,,5,-0.5,,49.54,,999
SELL,9,TEAM,2021-09-28,381.41,24.45,2021-09-21,408.86,5.0,4.66,-670.93,-675.59,-6.76,5,rotation (out of top-N),2021-09-20,414.1,,5,-0.8,,55.14,,999,2021-09-27,392.44,,5,-0.2,,44.98,,999
SELL,10,MRNA,2021-09-28,398.74,23.63,2021-09-21,423.01,5.0,4.71,-573.46,-578.17,-5.78,5,rotation (out of top-N),2021-09-20,430.01,,5,-1,,89.62,,999,2021-09-27,340.3,,5,-0.3,,46.56,,999
SELL,11,LEU,2021-10-05,38.82,263.03,2021-09-28,39.48,5.19,5.11,-173.6,-178.7,-1.72,5,rotation (out of top-N),2021-09-27,41.29,,5,-1,,63.2,,999,2021-10-04,38.5,,5,-0.5,,49.91,,999
SELL,12,VIST,2021-10-05,5.83,331.83,2021-09-28,4.65,0.77,0.97,391.56,390.59,25.31,5,equal-weight sizing trim,2021-09-27,5.45,,5,-0.9,,58.37,,999,2021-10-04,6.31,,5,-1,,78.54,,999
SELL,12,VIST,2021-10-26,6.95,34.52,2021-09-28,4.78,0.08,0.12,74.7,74.58,45.2,20,equal-weight sizing trim,2021-09-27,5.45,,5,-0.9,,58.37,,999,2021-10-25,6.39,,5,-1,,67.49,,999
SELL,12,VIST,2021-11-02,6.14,2009.09,2021-09-28,4.78,4.8,6.17,2731.09,2724.92,28.37,25,rotation (out of top-N),2021-09-27,5.45,,5,-0.9,,58.37,,999,2021-11-01,5.86,,5,-0.5,,50.12,,999
SELL,13,AEHR,2021-10-12,19.81,228.54,2021-09-28,14.14,1.62,2.26,1296.26,1294.0,40.05,10,equal-weight sizing trim,2021-09-27,12.65,,5,-1,,202.88,,999,2021-10-11,21.09,,5,-1,,315.72,,999
SELL,13,AEHR,2021-10-19,22.12,13.39,2021-09-28,14.14,0.09,0.15,106.85,106.7,56.38,15,equal-weight sizing trim,2021-09-27,12.65,,5,-1,,202.88,,999,2021-10-18,20.19,,5,-1,,265.37,,999
SELL,13,AEHR,2021-11-16,24.33,15.5,2021-09-28,15.29,0.12,0.19,140.1,139.91,59.04,35,equal-weight sizing trim,2021-09-27,12.65,,5,-1,,202.88,,999,2021-11-15,19.56,,5,-1,,157.83,,999
SELL,13,AEHR,2021-11-23,17.43,687.67,2021-09-28,15.29,5.26,5.99,1474.91,1468.92,13.97,40,ratchet-ATR exit,2021-09-27,12.65,,5,-1,,202.88,,999,2021-11-22,17.11,,5,-1,,115.53,,999
SELL,14,DVN,2021-10-05,31.63,11.75,2021-09-28,28.67,0.17,0.19,34.77,34.58,10.27,5,equal-weight sizing trim,2021-09-27,29.61,,5,-0.5,,50.59,,999,2021-10-04,32.08,,5,-1.0,,59.13,,999
SELL,14,DVN,2021-10-12,31.71,350.46,2021-09-28,28.67,5.02,5.56,1065.38,1059.83,10.55,10,rotation (out of top-N),2021-09-27,29.61,,5,-0.5,,50.59,,999,2021-10-11,32.27,,5,-0.8,,56.52,,999
SELL,15,XENE,2021-10-19,30.38,396.61,2021-10-05,32.04,6.35,6.02,-659.7,-665.73,-5.24,10,rotation (out of top-N),2021-10-04,32.85,,5,2.0,,82.84,,0,2021-10-18,30.87,,5,1.8,,64.25,,14
SELL,16,HCI,2021-10-12,125.45,104.19,2021-10-05,106.34,5.54,6.54,1991.04,1984.5,17.91,5,rotation (out of top-N),2021-10-04,120.54,,5,-0.8,,55.79,,999,2021-10-11,112.73,,5,-0.1,,42.71,,999
SELL,17,IDT,2021-10-12,51.18,259.9,2021-10-05,42.63,5.54,6.65,2222.11,2215.46,20.0,5,rotation (out of top-N),2021-10-04,49.92,,5,-0.8,,56.57,,999,2021-10-11,49.55,,5,-0.5,,51.0,,999
SELL,18,HRI,2021-10-26,164.25,80.33,2021-10-05,159.23,6.4,6.6,403.45,396.85,3.1,15,rotation (out of top-N),2021-10-04,153.2,,5,-0.7,,54.97,,999,2021-10-25,167.58,,5,-0.9,,57.08,,999
SELL,19,LEU,2021-10-19,49.61,18.59,2021-10-12,42.48,0.39,0.46,132.56,132.1,16.73,5,equal-weight sizing trim,2021-10-11,49.96,,5,-1,,89.38,,999,2021-10-18,48.86,,5,-1,,81.12,,999
SELL,19,LEU,2021-11-02,61.18,38.05,2021-10-12,42.62,0.81,1.16,706.1,704.93,43.47,15,equal-weight sizing trim,2021-10-11,49.96,,5,-1,,89.38,,999,2021-11-01,63.96,,5,-1,,121.13,,999
SELL,19,LEU,2021-11-09,77.88,26.77,2021-10-12,42.62,0.57,1.04,943.87,942.83,82.63,20,equal-weight sizing trim,2021-10-11,49.96,,5,-1,,89.38,,999,2021-11-08,85.2,,5,-1,,180.21,,999
SELL,19,LEU,2021-11-23,63.66,229.12,2021-10-12,44.82,5.13,7.29,4316.19,4308.9,41.96,30,ratchet-ATR exit,2021-10-11,49.96,,5,-1,,89.38,,999,2021-11-22,58.85,,5,-1,,82.38,,999
SELL,20,PDS,2021-10-19,47.49,275.15,2021-10-12,44.91,6.18,6.53,709.88,703.35,5.69,5,rotation (out of top-N),2021-10-11,49.37,,5,-1,,60.13,,999,2021-10-18,45.1,,5,-0.2,,43.71,,999
SELL,21,NET,2021-10-19,179.62,9.85,2021-10-12,145.28,0.72,0.88,338.37,337.49,23.58,5,equal-weight sizing trim,2021-10-11,168.01,,5,-1,,72.48,,999,2021-10-18,181.44,,5,-1,,81.44,,999
SELL,21,NET,2021-10-26,190.84,2.09,2021-10-12,145.28,0.15,0.2,95.32,95.12,31.3,10,equal-weight sizing trim,2021-10-11,168.01,,5,-1,,72.48,,999,2021-10-25,194.76,,5,-1,,89.49,,999
SELL,21,NET,2021-11-23,183.89,81.65,2021-10-12,151.41,6.18,7.51,2652.16,2644.65,21.39,30,ratchet-ATR exit,2021-10-11,168.01,,5,-1,,72.48,,999,2021-11-22,200.61,,5,-1,,74.63,,999
SELL,22,NRP,2021-10-26,26.14,628.87,2021-10-19,21.47,6.75,8.22,2936.81,2928.59,21.69,5,rotation (out of top-N),2021-10-18,24.76,,5,-1,,71.25,,999,2021-10-25,23.39,,5,-0.9,,58.25,,999
SELL,23,ATLC,2021-10-26,70.96,0.91,2021-10-19,68.35,0.03,0.03,2.36,2.33,3.77,5,equal-weight sizing trim,2021-10-18,70.48,,5,-1,,74.47,,999,2021-10-25,77.21,,5,-1,,85.28,,999
SELL,23,ATLC,2021-11-02,85.39,25.18,2021-10-19,68.35,0.86,1.08,429.16,428.09,24.88,10,equal-weight sizing trim,2021-10-18,70.48,,5,-1,,74.47,,999,2021-11-01,85.06,,5,-1,,97.06,,999
SELL,23,ATLC,2021-11-16,74.05,207.08,2021-10-19,70.34,7.28,7.67,767.84,760.17,5.22,20,rotation (out of top-N),2021-10-18,70.48,,5,-1,,74.47,,999,2021-11-15,67.53,,5,-0.4,,48.81,,999
SELL,24,AMBA,2021-11-02,190.74,76.38,2021-10-26,182.6,6.97,7.28,621.7,614.41,4.41,5,rotation (out of top-N),2021-10-25,185.94,,5,1.1,,61.14,,56,2021-11-01,194.21,,5,-0.0,,64.75,,63
SELL,25,XENE,2021-11-02,32.73,7.97,2021-10-26,30.63,0.12,0.13,16.74,16.61,6.8,5,equal-weight sizing trim,2021-10-25,31.14,,5,1.7,,62.41,,21,2021-11-01,35.5,,5,1.5,,80.24,,28
SELL,25,XENE,2021-11-09,34.38,447.34,2021-10-26,30.63,6.85,7.69,1679.76,1672.07,12.2,10,rotation (out of top-N),2021-10-25,31.14,,5,1.7,,62.41,,21,2021-11-08,31.45,,5,1.6,,56.61,,35
SELL,26,SITM,2021-11-02,272.34,4.2,2021-10-26,240.6,0.51,0.57,133.38,132.81,13.14,5,equal-weight sizing trim,2021-10-25,264.63,,5,-1,,82.56,,133,2021-11-01,286.96,,5,-1,,92.49,,140
SELL,26,SITM,2021-11-09,279.0,53.76,2021-10-26,240.6,6.47,7.5,2064.45,2056.95,15.9,10,rotation (out of top-N),2021-10-25,264.63,,5,-1,,82.56,,133,2021-11-08,255.17,,5,-1,,67.67,,147
SELL,27,DDS,2021-11-09,233.86,8.87,2021-11-02,183.72,0.82,1.04,444.86,443.82,27.23,5,equal-weight sizing trim,2021-11-01,235.39,,5,-1,,96.69,,999,2021-11-08,256.28,,5,-1,,105.82,,999
SELL,27,DDS,2021-11-16,266.8,8.07,2021-11-02,183.72,0.74,1.08,670.67,669.59,45.15,10,equal-weight sizing trim,2021-11-01,235.39,,5,-1,,96.69,,999,2021-11-15,279.84,,5,-1,,115.35,,999
SELL,27,DDS,2021-11-23,290.83,6.64,2021-11-02,183.72,0.61,0.97,711.43,710.46,58.22,15,equal-weight sizing trim,2021-11-01,235.39,,5,-1,,96.69,,999,2021-11-22,275.43,,5,-1,,103.54,,999
SELL,27,DDS,2021-11-30,257.94,56.07,2021-11-02,183.72,5.15,7.23,4161.34,4154.11,40.33,19,rotation (out of top-N),2021-11-01,235.39,,5,-1,,96.69,,999,2021-11-29,203.69,,5,-0.3,,46.68,,999
SELL,28,TSLA,2021-11-09,391.2,37.9,2021-11-02,386.17,7.32,7.41,190.61,183.2,1.25,5,rotation (out of top-N),2021-11-01,407.23,,5,-0.0,,68.8,,63,2021-11-08,344.66,,5,0.7,,41.98,,70
SELL,29,LQDA,2021-11-16,4.98,4075.08,2021-11-09,4.06,8.27,10.15,3749.08,3738.93,22.6,5,rotation (out of top-N),2021-11-08,5.0,,5,1.5,,72.54,,28,2021-11-15,4.27,,5,2.1,,46.21,,35
SELL,30,DDOG,2021-11-23,170.61,88.84,2021-11-09,193.93,8.61,7.58,-2071.43,-2079.01,-12.07,10,rotation (out of top-N),2021-11-08,193.07,,5,-1,,67.7,,133,2021-11-22,181.19,,5,-0.6,,52.22,,147
SELL,31,IDT,2021-11-16,64.73,26.93,2021-11-09,57.97,0.78,0.87,182.05,181.18,11.61,5,equal-weight sizing trim,2021-11-08,65.31,,5,-1,,77.86,,999,2021-11-15,61.75,,5,-1,,63.49,,999
SELL,31,IDT,2021-11-23,61.19,258.47,2021-11-09,57.97,7.49,7.91,832.28,824.37,5.5,10,rotation (out of top-N),2021-11-08,65.31,,5,-1,,77.86,,999,2021-11-22,57.53,,5,-0.4,,48.57,,999
SELL,32,SITM,2021-11-23,277.26,5.22,2021-11-16,261.14,0.68,0.72,84.18,83.46,6.12,5,equal-weight sizing trim,2021-11-15,287.58,,5,-1,,84.62,,154,2021-11-22,301.93,,5,-1,,88.44,,161
SELL,32,SITM,2021-11-30,305.3,4.79,2021-11-16,261.14,0.62,0.73,211.32,210.59,16.85,9,equal-weight sizing trim,2021-11-15,287.58,,5,-1,,84.62,,154,2021-11-29,279.5,,5,-1,,69.63,,168
SELL,32,SITM,2021-12-21,270.64,0.32,2021-11-16,261.62,0.04,0.04,2.93,2.88,3.4,24,equal-weight sizing trim,2021-11-15,287.58,,5,-1,,84.62,,154,2021-12-20,283.85,,5,-1.0,,59.37,,189
SELL,32,SITM,2022-01-04,291.48,59.34,2021-11-16,262.16,7.78,8.65,1739.84,1731.2,11.13,33,rotation (out of top-N),2021-11-15,287.58,,5,-1,,84.62,,154,2022-01-03,242.79,,5,0.5,,30.27,,203
SELL,33,NVDA,2021-11-23,31.43,44.43,2021-11-16,29.69,0.66,0.7,77.31,76.61,5.81,5,equal-weight sizing trim,2021-11-15,32.93,,5,-1,,72.96,,999,2021-11-22,31.5,,5,-1,,61.92,,999
SELL,33,NVDA,2021-11-30,33.15,21.25,2021-11-16,29.69,0.32,0.35,73.52,73.17,11.6,9,equal-weight sizing trim,2021-11-15,32.93,,5,-1,,72.96,,999,2021-11-29,30.66,,5,-0.7,,54.23,,999
SELL,33,NVDA,2021-12-07,30.91,497.56,2021-11-16,29.69,7.39,7.69,607.02,599.33,4.06,14,rotation (out of top-N),2021-11-15,32.93,,5,-1,,72.96,,999,2021-12-06,30.13,,5,-0.4,,48.26,,999
SELL,34,SYNA,2021-11-23,274.7,5.4,2021-11-16,258.21,0.7,0.74,89.06,88.32,6.33,5,equal-weight sizing trim,2021-11-15,278.65,,5,-1,,72.8,,999,2021-11-22,272.54,,5,-1,,65.48,,999
SELL,34,SYNA,2021-11-30,282.8,1.03,2021-11-16,258.22,0.13,0.15,25.43,25.28,9.46,9,equal-weight sizing trim,2021-11-15,278.65,,5,-1,,72.8,,999,2021-11-29,280.19,,5,-1,,66.44,,999
SELL,34,SYNA,2021-12-07,283.27,1.29,2021-11-16,258.22,0.17,0.18,32.34,32.15,9.65,14,equal-weight sizing trim,2021-11-15,278.65,,5,-1,,72.8,,999,2021-12-06,281.92,,5,-1,,63.82,,999
SELL,34,SYNA,2021-12-14,274.71,1.24,2021-11-16,258.22,0.16,0.17,20.48,20.31,6.33,19,equal-weight sizing trim,2021-11-15,278.65,,5,-1,,72.8,,999,2021-12-13,261.75,,5,-0.5,,49.39,,999
SELL,34,SYNA,2021-12-21,264.49,55.79,2021-11-16,258.22,7.2,7.38,350.1,342.72,2.38,24,ratchet-ATR exit,2021-11-15,278.65,,5,-1,,72.8,,999,2021-12-20,278.35,,5,-0.8,,55.78,,999
SELL,35,COKE,2021-12-07,54.21,301.37,2021-11-23,54.26,8.18,8.17,-15.54,-23.71,-0.14,9,rotation (out of top-N),2021-11-22,57.12,,5,-0.9,,57.41,,999,2021-12-06,51.05,,5,0.2,,35.51,,999
SELL,36,NRP,2021-12-07,23.71,659.24,2021-11-23,24.73,8.15,7.82,-672.48,-680.29,-4.17,9,rotation (out of top-N),2021-11-22,25.38,,5,-1.0,,59.09,,999,2021-12-06,23.62,,5,-0.2,,43.05,,999
SELL,37,AMD,2021-11-30,163.12,108.29,2021-11-23,150.5,8.15,8.83,1366.65,1357.82,8.33,4,rotation (out of top-N),2021-11-22,155.0,,5,-0.9,,57.34,,140,2021-11-29,144.06,,5,-0.2,,44.06,,147
SELL,38,DDOG,2021-11-30,183.19,95.53,2021-11-23,170.61,8.15,8.75,1201.26,1192.51,7.32,4,rotation (out of top-N),2021-11-22,181.19,,5,-0.6,,52.22,,147,2021-11-29,164.35,,5,0.2,,36.11,,154
SELL,39,IDT,2021-11-30,54.23,266.35,2021-11-23,61.19,8.15,7.22,-1853.8,-1861.02,-11.42,4,rotation (out of top-N),2021-11-22,57.53,,5,-0.4,,48.57,,999,2021-11-29,46.7,,3.68,1.1,,18.39,,999
SELL,40,LEU,2021-12-07,54.51,268.04,2021-11-30,61.51,8.24,7.31,-1874.94,-1882.25,-11.42,5,ratchet-ATR exit,2021-11-29,48.41,,5,-0.4,,47.19,,999,2021-12-06,57.49,,5,-1,,70.43,,999
SELL,41,AMBA,2021-12-07,204.87,12.01,2021-11-30,181.43,1.09,1.23,281.53,280.3,12.87,5,equal-weight sizing trim,2021-11-29,193.82,,5,-0.3,,55.4,,91,2021-12-06,208.19,,5,-0.6,,63.81,,98
SELL,41,AMBA,2021-12-14,193.81,78.86,2021-11-30,181.43,7.15,7.64,977.08,969.44,6.78,10,rotation (out of top-N),2021-11-29,193.82,,5,-0.3,,55.4,,91,2021-12-13,180.58,,5,0.2,,40.24,,105
SELL,42,BXC,2021-12-07,82.55,38.95,2021-11-30,70.25,1.37,1.61,478.87,477.26,17.44,5,equal-weight sizing trim,2021-11-29,78.26,,5,-0.6,,51.96,,999,2021-12-06,83.47,,5,-0.9,,58.35,,999
SELL,42,BXC,2021-12-14,79.92,3.94,2021-11-30,70.25,0.14,0.16,38.04,37.88,13.7,10,equal-weight sizing trim,2021-11-29,78.26,,5,-0.6,,51.96,,999,2021-12-13,80.26,,5,-0.5,,49.34,,999
SELL,42,BXC,2021-12-21,82.46,0.29,2021-11-30,70.25,0.01,0.01,3.55,3.53,17.32,15,equal-weight sizing trim,2021-11-29,78.26,,5,-0.6,,51.96,,999,2021-12-20,87.14,,5,-0.9,,58.65,,999
SELL,42,BXC,2022-01-04,91.56,191.72,2021-11-30,70.27,6.74,8.78,4080.99,4072.21,30.22,24,rotation (out of top-N),2021-11-29,78.26,,5,-0.6,,51.96,,999,2022-01-03,81.07,,5,-0.1,,41.31,,999
SELL,43,AEHR,2021-12-14,14.53,1029.98,2021-11-30,17.93,9.23,7.48,-3498.91,-3506.39,-18.99,10,ratchet-ATR exit,2021-11-29,15.46,,5,-1,,87.3,,999,2021-12-13,15.59,,5,-1,,75.03,,999
SELL,44,BLDR,2021-12-14,76.21,8.49,2021-12-07,77.04,0.33,0.32,-7.05,-7.37,-1.13,5,equal-weight sizing trim,2021-12-06,79.56,,5,-0.6,,52.4,,999,2021-12-13,76.93,,5,-0.3,,45.25,,999
SELL,44,BLDR,2021-12-21,76.77,201.11,2021-12-07,77.04,7.75,7.72,-54.3,-62.02,-0.4,10,rotation (out of top-N),2021-12-06,79.56,,5,-0.6,,52.4,,999,2021-12-20,82.12,,5,-0.6,,52.44,,999
SELL,45,MXL,2021-12-14,71.48,19.61,2021-12-07,69.0,0.68,0.7,48.63,47.93,3.54,5,equal-weight sizing trim,2021-12-06,74.92,,5,-0.9,,57.7,,999,2021-12-13,69.79,,5,-0.2,,44.33,,999
SELL,45,MXL,2021-12-21,70.51,214.42,2021-12-07,69.0,7.4,7.56,323.78,316.22,2.14,10,rotation (out of top-N),2021-12-06,74.92,,5,-0.9,,57.7,,999,2021-12-20,74.09,,5,-0.5,,50.31,,999
SELL,46,MRVL,2021-12-14,83.28,187.92,2021-12-07,85.93,8.07,7.83,-497.99,-505.82,-3.13,5,rotation (out of top-N),2021-12-06,87.49,,5,-0.6,,52.22,,999,2021-12-13,82.55,,5,-0.1,,41.38,,999
SELL,47,DDS,2021-12-14,195.59,77.56,2021-12-07,208.19,8.07,7.59,-977.31,-984.9,-6.1,5,rotation (out of top-N),2021-12-06,216.94,,5,-0.6,,52.08,,999,2021-12-13,198.46,,5,0.2,,36.09,,999
SELL,48,PI,2021-12-21,83.23,2.03,2021-12-14,79.89,0.08,0.08,6.77,6.68,4.13,5,equal-weight sizing trim,2021-12-13,84.26,,5,1.7,,46.77,,56,2021-12-20,90.4,,5,0.2,,55.35,,63
SELL,48,PI,2021-12-28,93.75,189.73,2021-12-14,79.89,7.58,8.89,2629.64,2620.74,17.29,9,rotation (out of top-N),2021-12-13,84.26,,5,1.7,,46.77,,56,2021-12-27,88.61,,5,0.3,,50.15,,70
SELL,49,AMR,2021-12-21,50.19,12.78,2021-12-14,46.79,0.3,0.32,43.45,43.13,7.21,5,equal-weight sizing trim,2021-12-13,48.88,,5,-0.5,,50.72,,999,2021-12-20,53.47,,5,-1.0,,59.76,,999
SELL,49,AMR,2022-01-04,60.64,16.96,2021-12-14,46.79,0.4,0.51,234.77,234.26,29.52,14,equal-weight sizing trim,2021-12-13,48.88,,5,-0.5,,50.72,,999,2022-01-03,59.67,,5,-1,,66.69,,999
SELL,49,AMR,2022-01-11,61.17,1.59,2021-12-14,46.79,0.04,0.05,22.83,22.78,30.66,19,equal-weight sizing trim,2021-12-13,48.88,,5,-0.5,,50.72,,999,2022-01-10,67.01,,5,-1,,80.44,,999
SELL,49,AMR,2022-01-25,56.29,3.87,2021-12-14,46.79,0.09,0.11,36.78,36.68,20.23,28,equal-weight sizing trim,2021-12-13,48.88,,5,-0.5,,50.72,,999,2022-01-24,60.99,,5,-0.7,,54.73,,999
SELL,49,AMR,2022-02-01,63.3,7.02,2021-12-14,46.79,0.16,0.22,115.79,115.57,35.21,33,equal-weight sizing trim,2021-12-13,48.88,,5,-0.5,,50.72,,999,2022-01-31,72.68,,5,-1,,77.5,,999
SELL,49,AMR,2022-02-08,74.78,30.41,2021-12-14,46.79,0.71,1.14,851.14,850.0,59.73,38,equal-weight sizing trim,2021-12-13,48.88,,5,-0.5,,50.72,,999,2022-02-07,79.92,,5,-1,,87.48,,999
SELL,49,AMR,2022-02-15,81.18,18.15,2021-12-14,46.79,0.42,0.74,624.23,623.49,73.4,43,equal-weight sizing trim,2021-12-13,48.88,,5,-0.5,,50.72,,999,2022-02-14,85.02,,5,-1,,91.39,,999
SELL,49,AMR,2022-03-01,92.72,13.01,2021-12-14,46.79,0.3,0.6,597.71,597.1,98.05,52,equal-weight sizing trim,2021-12-13,48.88,,5,-0.5,,50.72,,999,2022-02-28,110.07,,5,-1,,126.56,,999
SELL,49,AMR,2022-03-08,119.33,29.93,2021-12-14,46.79,0.7,1.79,2171.08,2169.29,154.88,57,equal-weight sizing trim,2021-12-13,48.88,,5,-0.5,,50.72,,999,2022-03-07,126.1,,5,-1,,146.17,,999
SELL,49,AMR,2022-03-22,121.77,10.48,2021-12-14,54.67,0.29,0.64,703.14,702.5,122.63,67,equal-weight sizing trim,2021-12-13,48.88,,5,-0.5,,50.72,,999,2022-03-21,125.49,,5,-1,,123.41,,999
SELL,49,AMR,2022-04-12,127.65,6.54,2021-12-14,59.37,0.19,0.42,446.78,446.37,114.91,82,equal-weight sizing trim,2021-12-13,48.88,,5,-0.5,,50.72,,999,2022-04-11,148.75,,5,-1,,130.84,,999
SELL,49,AMR,2022-04-19,150.09,15.09,2021-12-14,59.37,0.45,1.13,1369.25,1368.12,152.69,86,equal-weight sizing trim,2021-12-13,48.88,,5,-0.5,,50.72,,999,2022-04-18,122.57,,5,-1,,83.14,,999
SELL,49,AMR,2022-04-26,123.91,212.03,2021-12-14,59.37,6.29,13.14,13684.79,13671.65,108.61,91,ratchet-ATR exit,2021-12-13,48.88,,5,-0.5,,50.72,,999,2022-04-25,147.06,,5,-1,,109.98,,999
SELL,50,CCB,2021-12-21,48.86,50.63,2021-12-14,40.98,1.04,1.24,398.98,397.75,19.17,5,equal-weight sizing trim,2021-12-13,48.2,,5,-0.4,,47.37,,999,2021-12-20,52.25,,5,-0.9,,57.01,,999
SELL,50,CCB,2021-12-28,51.55,323.19,2021-12-14,40.98,6.62,8.33,3416.13,3407.8,25.73,9,rotation (out of top-N),2021-12-13,48.2,,5,-0.4,,47.37,,999,2021-12-27,50.97,,5,-0.5,,50.41,,999
SELL,51,ANET,2021-12-21,33.92,467.34,2021-12-14,32.78,7.66,7.93,532.76,524.84,3.43,5,rotation (out of top-N),2021-12-13,33.76,,5,-0.1,,41.61,,999,2021-12-20,35.46,,5,-0.3,,46.04,,999
SELL,52,RDVT,2021-12-21,36.36,395.85,2021-12-14,38.7,7.66,7.2,-926.28,-933.48,-6.09,5,rotation (out of top-N),2021-12-13,37.42,,5,-0.1,,41.57,,140,2021-12-20,38.77,,5,-0.2,,43.96,,147
SELL,53,LEU,2021-12-28,51.31,300.18,2021-12-21,52.58,7.89,7.7,-381.22,-388.92,-2.46,4,rotation (out of top-N),2021-12-20,54.01,,5,-0.7,,54.37,,999,2021-12-27,49.5,,5,0.1,,38.95,,999
SELL,54,CAR,2022-01-04,195.53,82.09,2021-12-21,208.11,8.54,8.03,-1032.93,-1040.95,-6.09,9,ratchet-ATR exit,2021-12-20,212.55,,5,-1,,74.83,,999,2022-01-03,187.23,,5,-0.3,,46.52,,999
SELL,55,IRTC,2022-01-04,120.36,145.41,2021-12-21,108.65,7.9,8.75,1702.72,1693.97,10.72,9,rotation (out of top-N),2021-12-20,118.94,,5,1.8,,55.13,,28,2022-01-03,101.91,,5,2.5,,35.29,,42
SELL,56,AEHR,2021-12-28,21.93,190.53,2021-12-21,16.0,1.52,2.09,1129.85,1127.76,36.99,4,equal-weight sizing trim,2021-12-20,20.4,,5,-1,,118.13,,999,2021-12-27,24.18,,5,-1,,144.32,,999
SELL,56,AEHR,2022-01-04,23.4,24.13,2021-12-21,16.0,0.19,0.28,178.53,178.24,46.18,9,equal-weight sizing trim,2021-12-20,20.4,,5,-1,,118.13,,999,2022-01-03,16.11,,5,-0.9,,57.34,,999
SELL,56,AEHR,2022-01-11,14.72,771.79,2021-12-21,16.0,6.17,5.68,-987.9,-993.58,-8.05,14,rotation (out of top-N),2021-12-20,20.4,,5,-1,,118.13,,999,2022-01-10,13.41,,5,0.6,,27.59,,999
SELL,57,AMBA,2021-12-28,211.04,82.55,2021-12-21,191.19,7.89,8.71,1639.54,1630.82,10.33,4,rotation (out of top-N),2021-12-20,200.35,,5,-0.5,,52.8,,112,2021-12-27,202.6,,5,-0.6,,51.5,,119
SELL,58,BLDR,2022-01-04,84.19,207.26,2021-12-28,84.17,8.72,8.72,3.11,-5.62,-0.03,5,rotation (out of top-N),2021-12-27,85.77,,5,-0.8,,56.38,,999,2022-01-03,78.63,,5,-0.1,,41.34,,999
SELL,59,LQDA,2022-01-04,5.68,654.66,2021-12-28,4.55,1.49,1.86,739.77,737.91,24.77,5,equal-weight sizing trim,2021-12-27,4.89,,5,-0.1,,55.5,,77,2022-01-03,6.26,,5,-0.4,,93.69,,84
SELL,59,LQDA,2022-01-11,7.06,612.9,2021-12-28,4.55,1.39,2.16,1538.39,1536.22,55.09,10,equal-weight sizing trim,2021-12-27,4.89,,5,-0.1,,55.5,,77,2022-01-10,6.25,,5,-0.5,,88.05,,91
SELL,59,LQDA,2022-01-25,5.34,2566.67,2021-12-28,4.55,5.84,6.85,2027.67,2020.82,17.3,19,ratchet-ATR exit,2021-12-27,4.89,,5,-0.1,,55.5,,77,2022-01-24,5.52,,5,-0.7,,59.61,,105
SELL,60,ACLS,2022-01-04,76.85,238.75,2021-12-28,73.07,8.72,9.17,902.49,893.32,5.12,5,rotation (out of top-N),2021-12-27,74.71,,5,-0.7,,54.08,,999,2022-01-03,68.61,,5,0.0,,39.98,,999
SELL,61,SYNA,2022-01-04,285.73,59.28,2021-12-28,294.32,8.72,8.47,-508.88,-517.35,-2.97,5,rotation (out of top-N),2021-12-27,289.2,,5,-0.9,,58.49,,999,2022-01-03,251.74,,5,0.2,,35.83,,999
SELL,62,LEU,2022-01-11,48.33,341.68,2022-01-04,52.83,9.03,8.26,-1537.56,-1545.82,-8.56,5,rotation (out of top-N),2022-01-03,51.97,,5,-0.2,,43.05,,999,2022-01-10,45.95,,4.92,0.8,,24.59,,999
SELL,63,NRP,2022-01-11,27.1,49.64,2022-01-04,25.13,0.62,0.67,97.8,97.12,7.79,5,equal-weight sizing trim,2022-01-03,26.04,,5,-0.3,,46.93,,999,2022-01-10,28.93,,5,-1.0,,59.33,,999
SELL,63,NRP,2022-01-25,26.57,668.66,2022-01-04,25.13,8.4,8.88,962.87,953.99,5.68,14,ratchet-ATR exit,2022-01-03,26.04,,5,-0.3,,46.93,,999,2022-01-24,27.44,,5,-0.3,,45.39,,999
SELL,64,F,2022-01-11,17.69,50.75,2022-01-04,16.79,0.43,0.45,45.68,45.23,5.31,5,equal-weight sizing trim,2022-01-03,18.22,,5,-0.9,,58.21,,999,2022-01-10,18.78,,5,-1.0,,59.78,,999
SELL,64,F,2022-01-25,14.89,1024.35,2022-01-04,16.79,8.6,7.63,-1946.26,-1953.89,-11.36,14,rotation (out of top-N),2022-01-03,18.22,,5,-0.9,,58.21,,999,2022-01-24,14.65,,4.31,0.9,,21.56,,999
SELL,65,CUBI,2022-01-11,72.46,14.0,2022-01-04,68.36,0.48,0.51,57.46,56.95,5.95,5,equal-weight sizing trim,2022-01-03,74.62,,5,-1,,67.27,,999,2022-01-10,74.69,,5,-1,,63.54,,999
SELL,65,CUBI,2022-01-25,58.82,250.08,2022-01-04,68.36,8.55,7.35,-2384.5,-2391.86,-13.99,14,rotation (out of top-N),2022-01-03,74.62,,5,-1,,67.27,,999,2022-01-24,57.78,,4.55,0.9,,22.77,,999
SELL,66,CCB,2022-01-11,52.83,18.13,2022-01-04,49.98,0.45,0.48,51.57,51.09,5.64,5,equal-weight sizing trim,2022-01-03,53.45,,5,-0.7,,54.66,,999,2022-01-10,52.02,,5,-0.4,,47.75,,999
SELL,66,CCB,2022-01-25,48.3,343.0,2022-01-04,49.98,8.57,8.28,-577.96,-586.24,-3.42,14,rotation (out of top-N),2022-01-03,53.45,,5,-0.7,,54.66,,999,2022-01-24,47.16,,5,0.5,,30.22,,999
SELL,67,DVN,2022-01-11,40.43,28.08,2022-01-04,37.9,0.53,0.57,71.04,70.47,6.62,5,equal-weight sizing trim,2022-01-03,40.08,,5,-0.7,,53.9,,999,2022-01-10,41.32,,5,-0.8,,55.08,,999
SELL,67,DVN,2022-01-25,39.37,30.19,2022-01-04,37.9,0.57,0.59,44.38,43.79,3.83,14,equal-weight sizing trim,2022-01-03,40.08,,5,-0.7,,53.9,,999,2022-01-24,42.27,,5,-0.6,,52.05,,999
SELL,67,DVN,2022-03-01,49.24,40.37,2022-01-04,38.25,0.77,0.99,443.62,442.62,28.67,38,equal-weight sizing trim,2022-01-03,40.08,,5,-0.7,,53.9,,999,2022-02-28,48.83,,5,-0.9,,57.68,,999
SELL,67,DVN,2022-03-08,49.61,421.35,2022-01-04,38.25,8.06,10.45,4786.51,4776.06,29.63,43,rotation (out of top-N),2022-01-03,40.08,,5,-0.7,,53.9,,999,2022-03-07,48.88,,5,-0.7,,54.82,,999
SELL,68,COKE,2022-01-11,54.78,304.4,2022-01-04,59.3,9.03,8.34,-1375.89,-1384.23,-7.67,5,rotation (out of top-N),2022-01-03,57.79,,5,-0.1,,42.66,,999,2022-01-10,59.59,,5,-0.2,,44.36,,999
SELL,69,APA,2022-01-25,26.28,76.33,2022-01-11,25.78,0.98,1.0,38.16,37.16,1.89,9,equal-weight sizing trim,2022-01-10,28.89,,5,-0.3,,46.88,,999,2022-01-24,28.89,,5,-0.1,,42.52,,999
SELL,69,APA,2022-02-15,27.14,648.42,2022-01-11,25.9,8.4,8.8,804.44,795.65,4.74,24,rotation (out of top-N),2022-01-10,28.89,,5,-0.3,,46.88,,999,2022-02-14,28.02,,5,0.4,,32.8,,999
SELL,70,IRTC,2022-01-25,122.53,4.19,2022-01-11,130.76,0.27,0.26,-34.52,-34.78,-6.35,9,equal-weight sizing trim,2022-01-10,141.09,,5,1.2,,86.8,,49,2022-01-24,118.88,,5,0.3,,53.5,,63
SELL,70,IRTC,2022-02-15,127.76,2.23,2022-01-11,130.13,0.15,0.14,-5.28,-5.42,-1.87,24,equal-weight sizing trim,2022-01-10,141.09,,5,1.2,,86.8,,49,2022-02-14,112.93,,5,0.6,,40.32,,84
SELL,70,IRTC,2022-03-08,128.03,158.62,2022-01-11,130.16,10.32,10.15,-337.96,-348.12,-1.69,38,rotation (out of top-N),2022-01-10,141.09,,5,1.2,,86.8,,49,2022-03-07,118.81,,5,0.2,,40.11,,105
SELL,71,PI,2022-01-25,76.54,220.02,2022-01-11,82.32,9.06,8.42,-1271.69,-1280.11,-7.07,9,rotation (out of top-N),2022-01-10,90.32,,5,0.1,,49.47,,84,2022-01-24,75.18,,4.44,1.3,,22.22,,98
SELL,72,EOG,2022-02-08,93.43,198.49,2022-01-25,84.07,8.34,9.27,1857.3,1848.03,11.07,10,rotation (out of top-N),2022-01-24,90.41,,5,0.2,,35.35,,999,2022-02-07,96.23,,5,-0.0,,40.52,,999
SELL,73,COP,2022-02-08,78.3,241.83,2022-01-25,70.86,8.57,9.47,1798.84,1789.37,10.44,10,rotation (out of top-N),2022-01-24,75.92,,5,0.1,,37.58,,999,2022-02-07,79.98,,5,-0.0,,40.59,,999
SELL,74,FANG,2022-02-01,102.11,170.17,2022-01-25,96.66,8.22,8.69,927.44,918.75,5.59,5,rotation (out of top-N),2022-01-24,105.26,,5,0.2,,36.26,,999,2022-01-31,107.93,,5,0.1,,37.84,,999
SELL,75,HAL,2022-02-08,29.67,1.63,2022-01-25,26.02,0.02,0.02,5.96,5.93,13.99,10,equal-weight sizing trim,2022-01-24,28.76,,5,0.3,,37.57,,112,2022-02-07,30.73,,5,-0.2,,43.35,,126
SELL,75,HAL,2022-02-15,28.81,642.53,2022-01-25,26.02,8.36,9.26,1795.7,1786.45,10.69,15,rotation (out of top-N),2022-01-24,28.76,,5,0.3,,37.57,,112,2022-02-14,29.58,,5,0.2,,36.62,,133
SELL,76,CLS,2022-02-01,12.52,1527.28,2022-01-25,10.77,8.22,9.56,2665.1,2655.55,16.14,5,rotation (out of top-N),2022-01-24,12.47,,5,0.4,,32.17,,168,2022-01-31,12.17,,5,0.6,,27.69,,175
SELL,77,VIST,2022-02-01,6.55,3139.09,2022-01-25,5.24,8.22,10.28,4112.2,4101.92,24.94,5,rotation (out of top-N),2022-01-24,6.2,,5,0.5,,30.42,,999,2022-01-31,6.43,,5,0.4,,32.61,,999
SELL,78,LQDA,2022-02-08,6.4,210.91,2022-02-01,5.66,0.6,0.67,156.08,155.4,13.02,5,equal-weight sizing trim,2022-01-31,6.24,,5,-0.9,,75.96,,112,2022-02-07,6.08,,5,-1.0,,67.55,,119
SELL,78,LQDA,2022-03-01,6.68,19.51,2022-02-01,5.68,0.06,0.07,19.45,19.38,17.48,19,equal-weight sizing trim,2022-01-31,6.24,,5,-0.9,,75.96,,112,2022-02-28,6.65,,5,-1,,72.01,,140
SELL,78,LQDA,2022-03-08,6.52,3105.91,2022-02-01,5.68,8.83,10.13,2599.66,2589.53,14.67,24,rotation (out of top-N),2022-01-31,6.24,,5,-0.9,,75.96,,112,2022-03-07,6.2,,5,-0.8,,57.0,,147
SELL,79,CHRD,2022-02-08,91.99,205.22,2022-02-01,87.97,9.03,9.44,824.99,815.55,4.52,5,rotation (out of top-N),2022-01-31,94.61,,5,0.1,,38.29,,999,2022-02-07,90.05,,5,0.5,,29.61,,999
SELL,80,NRP,2022-02-15,28.94,0.5,2022-02-01,28.42,0.01,0.01,0.26,0.25,1.77,10,equal-weight sizing trim,2022-01-31,28.67,,5,-0.4,,48.74,,999,2022-02-14,28.72,,5,-0.2,,43.14,,999
SELL,80,NRP,2022-03-01,28.71,664.19,2022-02-01,28.42,9.44,9.53,191.37,181.84,0.96,19,rotation (out of top-N),2022-01-31,28.67,,5,-0.4,,48.74,,999,2022-02-28,29.93,,5,-0.2,,43.51,,999
SELL,81,OXY,2022-02-15,37.38,497.24,2022-02-08,38.32,9.53,9.29,-467.41,-476.7,-2.5,5,rotation (out of top-N),2022-02-07,40.36,,5,-0.2,,43.36,,999,2022-02-14,37.16,,5,0.5,,30.41,,999
SELL,82,PDS,2022-02-15,52.98,67.08,2022-02-08,44.32,1.49,1.78,580.59,578.81,19.47,5,equal-weight sizing trim,2022-02-07,53.14,,5,-0.1,,41.36,,999,2022-02-14,56.98,,5,-0.4,,48.71,,999
SELL,82,PDS,2022-03-01,59.38,362.85,2022-02-08,44.32,8.04,10.77,5464.46,5453.68,33.91,14,rotation (out of top-N),2022-02-07,53.14,,5,-0.1,,41.36,,999,2022-02-28,58.66,,5,-0.4,,48.29,,999
SELL,83,PBF,2022-02-15,16.71,1104.6,2022-02-08,17.25,9.53,9.23,-596.48,-605.71,-3.18,5,rotation (out of top-N),2022-02-07,17.35,,5,2.3,,42.33,,35,2022-02-14,16.12,,5,2.7,,31.61,,42
SELL,84,TSEM,2022-03-01,46.67,408.99,2022-02-15,46.98,9.61,9.54,-124.74,-134.28,-0.7,9,rotation (out of top-N),2022-02-14,46.97,,5,-0.3,,46.09,,175,2022-02-28,46.95,,5,-0.1,,41.71,,189
SELL,85,BXC,2022-03-01,88.97,230.21,2022-02-15,83.45,9.61,10.24,1269.61,1259.36,6.56,9,rotation (out of top-N),2022-02-14,85.61,,5,-0.0,,40.58,,999,2022-02-28,89.05,,5,-0.1,,42.11,,999
SELL,86,HCC,2022-03-08,35.05,37.47,2022-02-15,27.69,0.52,0.66,275.81,275.15,26.52,14,equal-weight sizing trim,2022-02-14,28.36,,5,0.0,,39.05,,168,2022-03-07,37.85,,5,-1,,74.57,,189
SELL,86,HCC,2022-03-22,35.17,696.13,2022-02-15,27.95,9.73,12.24,5025.4,5013.15,25.76,24,rotation (out of top-N),2022-02-14,28.36,,5,0.0,,39.05,,168,2022-03-21,34.68,,5,-0.7,,53.11,,203
SELL,87,MIRM,2022-03-01,24.3,880.89,2022-02-15,21.81,9.61,10.7,2197.81,2187.11,11.38,9,rotation (out of top-N),2022-02-14,23.12,,5,2.7,,38.55,,21,2022-02-28,21.3,,5,3.1,,25.59,,35
SELL,88,OXY,2022-03-08,54.12,71.82,2022-03-01,41.54,1.49,1.94,903.51,901.57,30.22,5,equal-weight sizing trim,2022-02-28,52.8,,5,-1,,78.83,,999,2022-03-07,54.56,,5,-1,,80.63,,999
SELL,88,OXY,2022-04-26,52.66,561.24,2022-03-01,44.48,12.48,14.78,4593.28,4578.5,18.34,39,ratchet-ATR exit,2022-02-28,52.8,,5,-1,,78.83,,999,2022-04-25,51.85,,5,-0.4,,48.32,,999
SELL,89,APA,2022-03-08,34.13,655.61,2022-03-01,31.63,10.37,11.19,1639.04,1627.85,7.85,5,rotation (out of top-N),2022-02-28,34.38,,5,-0.9,,57.77,,999,2022-03-07,34.02,,5,-0.7,,53.69,,999
SELL,90,LNTH,2022-04-12,59.45,12.77,2022-03-01,47.86,0.31,0.38,147.99,147.61,24.15,30,equal-weight sizing trim,2022-02-28,52.32,,5,-1,,89.66,,999,2022-04-11,60.27,,5,-1,,87.96,,999
SELL,90,LNTH,2022-04-26,59.87,41.14,2022-03-01,48.74,1.0,1.23,457.8,456.57,22.77,39,equal-weight sizing trim,2022-02-28,52.32,,5,-1,,89.66,,999,2022-04-25,66.47,,5,-1,,96.04,,999
SELL,90,LNTH,2022-05-03,66.12,16.36,2022-03-01,48.74,0.4,0.54,284.32,283.78,35.58,44,equal-weight sizing trim,2022-02-28,52.32,,5,-1,,89.66,,999,2022-05-02,64.16,,5,-1,,84.06,,999
SELL,90,LNTH,2022-05-10,56.63,465.72,2022-03-01,48.74,11.35,13.19,3675.54,3662.35,16.13,49,ratchet-ATR exit,2022-02-28,52.32,,5,-1,,89.66,,999,2022-05-09,63.98,,5,-1,,78.78,,999
SELL,91,MOS,2022-03-08,53.25,7.69,2022-03-01,46.91,0.18,0.2,48.77,48.56,13.46,5,equal-weight sizing trim,2022-02-28,53.4,,5,-1,,61.09,,999,2022-03-07,55.31,,5,-1,,63.96,,999
SELL,91,MOS,2022-03-22,59.52,0.39,2022-03-01,47.01,0.01,0.01,4.85,4.84,26.56,15,equal-weight sizing trim,2022-02-28,53.4,,5,-1,,61.09,,999,2022-03-21,63.7,,5,-1,,80.52,,999
SELL,91,MOS,2022-04-12,66.58,33.05,2022-03-01,47.53,0.79,1.1,629.61,628.51,40.01,30,equal-weight sizing trim,2022-02-28,53.4,,5,-1,,61.09,,999,2022-04-11,67.9,,5,-1,,78.65,,999
SELL,91,MOS,2022-04-26,58.28,458.94,2022-03-01,48.65,11.16,13.37,4421.68,4408.31,19.75,39,rotation (out of top-N),2022-02-28,53.4,,5,-1,,61.09,,999,2022-04-25,55.8,,5,-0.0,,40.99,,999
SELL,92,CF,2022-03-08,84.01,0.84,2022-03-01,75.09,0.03,0.04,7.46,7.43,11.82,5,equal-weight sizing trim,2022-02-28,83.28,,5,-0.7,,54.49,,999,2022-03-07,87.7,,5,-1.0,,59.88,,999
SELL,92,CF,2022-03-15,85.28,8.31,2022-03-01,75.09,0.31,0.35,84.68,84.33,13.51,10,equal-weight sizing trim,2022-02-28,83.28,,5,-0.7,,54.49,,999,2022-03-14,86.94,,5,-0.8,,55.76,,999
SELL,92,CF,2022-03-29,87.27,285.24,2022-03-01,76.21,10.87,12.45,3154.93,3142.49,14.46,20,rotation (out of top-N),2022-02-28,83.28,,5,-0.7,,54.49,,999,2022-03-28,91.08,,5,-0.8,,56.11,,999
SELL,93,NBR,2022-03-15,137.55,159.39,2022-03-08,145.04,11.56,10.96,-1193.87,-1204.83,-5.21,5,rotation (out of top-N),2022-03-07,159.52,,5,1.4,,57.29,,42,2022-03-14,147.75,,5,2.0,,44.6,,49
SELL,94,PDS,2022-03-15,59.26,373.3,2022-03-08,61.93,11.56,11.06,-996.72,-1007.78,-4.36,5,rotation (out of top-N),2022-03-07,67.27,,5,-1,,67.11,,999,2022-03-14,62.75,,5,-0.7,,53.52,,999
SELL,95,PBF,2022-03-15,19.23,1266.77,2022-03-08,18.25,11.56,12.18,1241.44,1229.26,5.32,5,rotation (out of top-N),2022-03-07,22.64,,5,-0.0,,80.44,,63,2022-03-14,18.55,,5,0.5,,47.02,,70
SELL,96,TDW,2022-03-15,20.78,281.11,2022-03-08,16.79,2.36,2.92,1121.61,1118.69,23.7,5,equal-weight sizing trim,2022-03-07,20.6,,5,1.3,,65.47,,42,2022-03-14,20.48,,5,1.2,,62.45,,49
SELL,96,TDW,2022-04-19,23.24,1370.75,2022-03-08,17.67,12.11,15.93,7639.68,7623.75,31.48,29,rotation (out of top-N),2022-03-07,20.6,,5,1.3,,65.47,,42,2022-04-18,20.09,,5,0.3,,45.46,,84
SELL,97,LQDA,2022-03-22,7.05,176.99,2022-03-15,5.8,0.51,0.62,221.23,220.61,21.49,5,equal-weight sizing trim,2022-03-14,7.14,,5,-1,,75.88,,154,2022-03-21,7.03,,5,-1,,68.62,,161
SELL,97,LQDA,2022-03-29,6.95,22.41,2022-03-15,5.8,0.06,0.08,25.77,25.7,19.77,10,equal-weight sizing trim,2022-03-14,7.14,,5,-1,,75.88,,154,2022-03-28,7.17,,5,-1,,67.69,,168
SELL,97,LQDA,2022-04-05,7.26,3724.7,2022-03-15,5.8,10.8,13.52,5438.06,5424.54,25.11,15,rotation (out of top-N),2022-03-14,7.14,,5,-1,,75.88,,154,2022-04-04,6.64,,5,-0.6,,51.84,,175
SELL,98,CAR,2022-03-22,263.96,110.31,2022-03-15,206.33,11.38,14.56,6357.03,6342.47,27.87,5,rotation (out of top-N),2022-03-14,269.01,,5,-1,,76.02,,999,2022-03-21,249.77,,5,-0.9,,58.93,,999
SELL,99,IRTC,2022-03-22,139.91,22.95,2022-03-15,107.48,1.23,1.61,744.37,742.77,30.11,5,equal-weight sizing trim,2022-03-14,138.42,,5,-0.9,,59.73,,112,2022-03-21,143.91,,5,-1.0,,62.37,,119
SELL,99,IRTC,2022-03-29,149.5,15.65,2022-03-15,107.48,0.84,1.17,657.76,656.59,39.03,10,equal-weight sizing trim,2022-03-14,138.42,,5,-0.9,,59.73,,112,2022-03-28,162.87,,5,-1,,78.94,,126
SELL,99,IRTC,2022-04-05,169.54,5.67,2022-03-15,107.48,0.3,0.48,351.76,351.28,57.66,15,equal-weight sizing trim,2022-03-14,138.42,,5,-0.9,,59.73,,112,2022-04-04,151.72,,5,-1,,62.73,,133
SELL,99,IRTC,2022-04-12,148.63,167.49,2022-03-15,107.48,9.0,12.45,6892.08,6879.64,38.22,20,rotation (out of top-N),2022-03-14,138.42,,5,-0.9,,59.73,,112,2022-04-11,144.52,,5,-0.6,,51.64,,140
SELL,100,PDS,2022-03-29,67.0,19.16,2022-03-22,65.11,0.62,0.64,36.21,35.57,2.85,5,equal-weight sizing trim,2022-03-21,70.5,,5,-1,,69.05,,999,2022-03-28,75.69,,5,-1,,77.69,,999
SELL,100,PDS,2022-04-05,78.16,23.07,2022-03-22,65.11,0.75,0.9,301.0,300.1,19.98,10,equal-weight sizing trim,2022-03-21,70.5,,5,-1,,69.05,,999,2022-04-04,77.71,,5,-1,,78.66,,999
SELL,100,PDS,2022-04-26,71.05,405.99,2022-03-22,66.51,13.5,14.42,1842.85,1828.43,6.77,24,ratchet-ATR exit,2022-03-21,70.5,,5,-1,,69.05,,999,2022-04-25,71.9,,5,-0.7,,54.89,,999
SELL,101,VIST,2022-03-29,8.83,3080.97,2022-03-22,8.57,13.2,13.6,801.05,787.45,2.98,5,rotation (out of top-N),2022-03-21,9.22,,5,-1,,63.46,,999,2022-03-28,9.2,,5,-1.0,,59.35,,999
SELL,102,EQT,2022-04-05,34.81,17.29,2022-03-29,31.06,0.27,0.3,64.83,64.53,12.02,5,equal-weight sizing trim,2022-03-28,33.85,,5,-1,,66.06,,999,2022-04-04,35.99,,5,-1,,73.2,,999
SELL,102,EQT,2022-04-12,37.4,40.54,2022-03-29,31.06,0.63,0.76,257.05,256.3,20.35,10,equal-weight sizing trim,2022-03-28,33.85,,5,-1,,66.06,,999,2022-04-11,39.8,,5,-1,,87.15,,999
SELL,102,EQT,2022-04-19,41.41,6.69,2022-03-29,31.06,0.1,0.14,69.28,69.14,33.26,14,equal-weight sizing trim,2022-03-28,33.85,,5,-1,,66.06,,999,2022-04-18,37.36,,5,-1,,71.71,,999
SELL,102,EQT,2022-04-26,37.68,768.5,2022-03-29,31.06,11.93,14.48,5087.45,5072.97,21.25,19,ratchet-ATR exit,2022-03-28,33.85,,5,-1,,66.06,,999,2022-04-25,37.35,,5,-1,,68.09,,999
SELL,103,PBF,2022-04-05,23.02,102.24,2022-03-29,19.37,0.99,1.18,373.17,371.99,18.78,5,equal-weight sizing trim,2022-03-28,22.16,,5,-0.4,,70.73,,84,2022-04-04,23.48,,5,-0.5,,77.27,,91
SELL,103,PBF,2022-04-19,26.13,18.45,2022-03-29,19.38,0.18,0.24,124.53,124.29,34.77,14,equal-weight sizing trim,2022-03-28,22.16,,5,-0.4,,70.73,,84,2022-04-18,23.89,,5,-0.8,,71.41,,105
SELL,103,PBF,2022-04-26,23.3,1217.89,2022-03-29,19.38,11.8,14.19,4775.0,4760.81,20.17,19,ratchet-ATR exit,2022-03-28,22.16,,5,-0.4,,70.73,,84,2022-04-25,26.05,,5,-0.9,,81.07,,112
SELL,104,CF,2022-04-12,99.31,302.09,2022-04-05,93.95,14.19,15.0,1619.21,1604.21,5.65,5,rotation (out of top-N),2022-04-04,98.79,,5,-1,,65.61,,999,2022-04-11,99.05,,5,-1,,62.41,,999
SELL,105,CNR,2022-04-19,43.58,73.14,2022-04-12,36.07,1.32,1.59,549.29,547.7,20.76,4,equal-weight sizing trim,2022-04-11,44.93,,5,-1,,80.22,,999,2022-04-18,38.29,,5,-0.5,,50.35,,999
SELL,105,CNR,2022-04-26,38.67,730.23,2022-04-12,36.07,13.17,14.12,1898.6,1884.48,7.15,9,ratchet-ATR exit,2022-04-11,44.93,,5,-1,,80.22,,999,2022-04-25,43.77,,5,-1,,67.54,,999
SELL,106,NBR,2022-04-19,199.51,14.6,2022-04-12,166.43,1.22,1.46,483.13,481.67,19.82,4,equal-weight sizing trim,2022-04-11,195.28,,5,-0.3,,81.25,,77,2022-04-18,170.84,,5,-0.2,,55.63,,84
SELL,106,NBR,2022-04-26,159.56,159.51,2022-04-12,166.43,13.27,12.73,-1095.82,-1108.55,-4.18,9,rotation (out of top-N),2022-04-11,195.28,,5,-0.3,,81.25,,77,2022-04-25,154.54,,5,0.6,,38.65,,91
SELL,107,CAR,2022-04-26,281.57,124.18,2022-04-19,256.14,15.9,17.48,3157.9,3140.42,9.87,5,rotation (out of top-N),2022-04-18,283.21,,5,-1,,61.57,,999,2022-04-25,254.47,,5,-0.1,,41.56,,999
SELL,108,STNG,2022-05-03,23.44,209.4,2022-04-26,18.94,1.98,2.45,942.31,939.85,23.7,5,equal-weight sizing trim,2022-04-25,22.36,,5,1.8,,50.51,,42,2022-05-02,24.18,,5,1.2,,60.15,,49
SELL,108,STNG,2022-05-17,26.4,80.52,2022-04-26,19.05,0.77,1.06,591.41,590.35,38.48,15,equal-weight sizing trim,2022-04-25,22.36,,5,1.8,,50.51,,42,2022-05-16,26.43,,5,-0.0,,68.04,,63
SELL,108,STNG,2022-05-24,27.68,14.86,2022-04-26,19.05,0.14,0.21,128.18,127.97,45.19,20,equal-weight sizing trim,2022-04-25,22.36,,5,1.8,,50.51,,42,2022-05-23,30.48,,5,-0.2,,88.53,,70
SELL,108,STNG,2022-06-07,32.26,62.49,2022-04-26,19.05,0.6,1.01,825.23,824.22,69.22,29,equal-weight sizing trim,2022-04-25,22.36,,5,1.8,,50.51,,42,2022-06-06,33.67,,5,-0.4,,97.04,,84
SELL,108,STNG,2022-06-14,32.36,83.08,2022-04-26,19.05,0.79,1.34,1105.35,1104.0,69.74,34,equal-weight sizing trim,2022-04-25,22.36,,5,1.8,,50.51,,42,2022-06-13,30.96,,5,-0.5,,76.89,,91
SELL,108,STNG,2022-06-28,33.59,95.07,2022-04-26,19.05,0.91,1.6,1381.93,1380.33,76.19,43,equal-weight sizing trim,2022-04-25,22.36,,5,1.8,,50.51,,42,2022-06-27,31.03,,5,-0.8,,69.15,,105
SELL,108,STNG,2022-07-12,28.65,1023.03,2022-04-26,19.05,9.75,14.65,9816.18,9801.52,50.28,52,ratchet-ATR exit,2022-04-25,22.36,,5,1.8,,50.51,,42,2022-07-11,31.81,,5,-1.0,,66.96,,119
SELL,109,NRP,2022-05-10,37.25,35.5,2022-04-26,35.22,0.63,0.66,72.21,71.55,5.72,10,equal-weight sizing trim,2022-04-25,36.23,,5,-0.4,,47.53,,999,2022-05-09,37.81,,5,-0.4,,47.22,,999
SELL,109,NRP,2022-05-17,37.69,816.54,2022-04-26,35.22,14.38,15.39,2020.03,2004.64,6.97,15,rotation (out of top-N),2022-04-25,36.23,,5,-0.4,,47.53,,999,2022-05-16,37.72,,5,-0.2,,43.82,,999
SELL,110,TDW,2022-05-03,20.14,1478.61,2022-04-26,19.51,14.42,14.89,938.92,924.02,3.2,5,rotation (out of top-N),2022-04-25,19.99,,5,0.4,,42.44,,91,2022-05-02,21.56,,5,-0.2,,50.87,,98
SELL,111,CAR,2022-05-03,286.62,102.45,2022-04-26,281.57,14.42,14.68,517.39,502.7,1.74,5,rotation (out of top-N),2022-04-25,254.47,,5,-0.1,,41.56,,999,2022-05-02,243.58,,5,0.4,,32.46,,999
SELL,112,VLO,2022-05-03,102.81,22.77,2022-04-26,89.51,1.02,1.17,302.81,301.64,14.8,5,equal-weight sizing trim,2022-04-25,98.18,,5,-0.1,,41.34,,119,2022-05-02,113.79,,5,-1,,60.52,,126
SELL,112,VLO,2022-05-10,106.09,12.82,2022-04-26,89.51,0.57,0.68,212.5,211.82,18.46,10,equal-weight sizing trim,2022-04-25,98.18,,5,-0.1,,41.34,,119,2022-05-09,110.76,,5,-0.7,,53.34,,133
SELL,112,VLO,2022-05-17,115.45,286.7,2022-04-26,89.51,12.83,16.55,7436.99,7420.44,28.92,15,rotation (out of top-N),2022-04-25,98.18,,5,-0.1,,41.34,,119,2022-05-16,109.2,,5,-0.4,,48.5,,140
SELL,113,MOS,2022-05-03,54.19,494.98,2022-04-26,58.28,14.42,13.41,-2024.48,-2037.9,-7.06,5,rotation (out of top-N),2022-04-25,55.8,,5,-0.0,,40.99,,999,2022-05-02,57.22,,5,-0.1,,41.93,,999
SELL,114,APA,2022-05-03,35.5,843.99,2022-04-26,34.18,14.42,14.98,1114.07,1099.09,3.81,5,rotation (out of top-N),2022-04-25,35.74,,5,-0.0,,40.84,,999,2022-05-02,38.52,,5,-0.4,,48.54,,999
SELL,115,SU,2022-05-03,30.67,1076.0,2022-04-26,26.81,14.42,16.5,4153.37,4136.87,14.34,5,rotation (out of top-N),2022-04-25,30.63,,5,-0.0,,40.84,,196,2022-05-02,31.55,,5,-0.1,,42.55,,203
SELL,116,CF,2022-05-03,87.73,326.11,2022-04-26,88.46,14.42,14.3,-238.06,-252.36,-0.87,5,rotation (out of top-N),2022-04-25,88.38,,5,0.0,,39.66,,999,2022-05-02,91.12,,5,-0.1,,41.28,,999
SELL,117,OXY,2022-05-10,55.89,20.11,2022-05-03,54.54,0.55,0.56,27.14,26.58,2.42,5,equal-weight sizing trim,2022-05-02,61.12,,5,-1,,70.37,,999,2022-05-09,60.34,,5,-1,,64.13,,999
SELL,117,OXY,2022-05-17,64.95,24.53,2022-05-03,54.54,0.67,0.8,255.37,254.58,19.03,10,equal-weight sizing trim,2022-05-02,61.12,,5,-1,,70.37,,999,2022-05-16,59.52,,5,-0.9,,58.1,,999
SELL,117,OXY,2022-06-07,64.73,577.36,2022-05-03,55.14,15.92,18.69,5534.92,5516.23,17.33,24,rotation (out of top-N),2022-05-02,61.12,,5,-1,,70.37,,999,2022-06-06,60.21,,5,-0.4,,47.76,,999
SELL,118,CNR,2022-05-10,44.46,47.29,2022-05-03,42.08,1.0,1.05,112.56,111.51,5.6,5,equal-weight sizing trim,2022-05-02,49.64,,5,-1,,84.66,,999,2022-05-09,44.4,,5,-1,,61.57,,999
SELL,118,CNR,2022-06-14,45.44,762.18,2022-05-03,42.79,16.31,17.32,2016.25,1998.94,6.13,29,ratchet-ATR exit,2022-05-02,49.64,,5,-1,,84.66,,999,2022-06-13,42.52,,5,0.1,,38.44,,999
SELL,119,EQT,2022-05-17,38.2,1.84,2022-05-03,37.57,0.03,0.04,1.16,1.12,1.62,10,equal-weight sizing trim,2022-05-02,38.59,,5,-1,,69.59,,999,2022-05-16,38.53,,5,-1,,62.12,,999
SELL,119,EQT,2022-05-24,41.46,39.93,2022-05-03,37.57,0.75,0.83,155.21,154.38,10.29,15,equal-weight sizing trim,2022-05-02,38.59,,5,-1,,69.59,,999,2022-05-23,45.68,,5,-1,,86.22,,999
SELL,119,EQT,2022-06-07,45.94,0.17,2022-05-03,37.57,0.0,0.0,1.46,1.46,22.21,24,equal-weight sizing trim,2022-05-02,38.59,,5,-1,,69.59,,999,2022-06-06,45.21,,5,-1,,74.7,,999
SELL,119,EQT,2022-06-28,35.4,845.37,2022-05-03,37.58,15.89,14.96,-1846.46,-1861.42,-5.86,38,rotation (out of top-N),2022-05-02,38.59,,5,-1,,69.59,,999,2022-06-27,32.33,,3.95,1.0,,19.73,,999
SELL,120,AMR,2022-05-10,142.19,6.42,2022-05-03,139.69,0.45,0.46,16.05,15.59,1.74,5,equal-weight sizing trim,2022-05-02,163.51,,5,-1,,122.59,,999,2022-05-09,151.67,,5,-1,,98.19,,999
SELL,120,AMR,2022-05-24,158.71,23.0,2022-05-03,139.57,1.61,1.83,440.31,438.48,13.66,15,equal-weight sizing trim,2022-05-02,163.51,,5,-1,,122.59,,999,2022-05-23,170.18,,5,-1,,105.75,,999
SELL,120,AMR,2022-06-14,141.33,231.96,2022-05-03,140.94,16.35,16.39,91.12,74.73,0.23,29,ratchet-ATR exit,2022-05-02,163.51,,5,-1,,122.59,,999,2022-06-13,137.42,,5,-0.6,,51.44,,999
SELL,121,DVN,2022-05-10,53.0,32.22,2022-05-03,50.78,0.82,0.85,71.52,70.67,4.32,5,equal-weight sizing trim,2022-05-02,58.09,,5,-0.8,,55.08,,999,2022-05-09,57.28,,5,-0.5,,49.34,,999
SELL,121,DVN,2022-05-17,60.35,573.89,2022-05-03,50.78,14.57,17.32,5492.09,5474.78,18.79,10,rotation (out of top-N),2022-05-02,58.09,,5,-0.8,,55.08,,999,2022-05-16,58.13,,5,-0.4,,48.08,,999
SELL,122,PBF,2022-05-17,28.67,18.28,2022-05-03,26.63,0.24,0.26,37.33,37.07,7.62,10,equal-weight sizing trim,2022-05-02,27.95,,5,-1.0,,87.84,,119,2022-05-16,27.62,,5,-1,,74.32,,133
SELL,122,PBF,2022-06-07,36.2,236.61,2022-05-03,26.64,3.15,4.28,2261.87,2257.59,35.82,24,equal-weight sizing trim,2022-05-02,27.95,,5,-1.0,,87.84,,119,2022-06-06,36.12,,5,-1,,104.05,,154
SELL,122,PBF,2022-06-14,36.02,65.95,2022-05-03,26.64,0.88,1.19,618.59,617.4,35.14,29,equal-weight sizing trim,2022-05-02,27.95,,5,-1.0,,87.84,,119,2022-06-13,29.51,,5,-1,,61.92,,161
SELL,122,PBF,2022-06-28,30.7,1004.49,2022-05-03,26.64,13.38,15.42,4077.8,4062.38,15.18,38,ratchet-ATR exit,2022-05-02,27.95,,5,-1.0,,87.84,,119,2022-06-27,27.48,,5,-0.2,,44.02,,175
SELL,123,TDW,2022-05-17,25.58,155.53,2022-05-10,20.61,1.6,1.99,773.0,771.01,24.05,5,equal-weight sizing trim,2022-05-09,21.22,,5,-0.0,,45.97,,105,2022-05-16,25.02,,5,-0.9,,68.14,,112
SELL,123,TDW,2022-06-28,22.87,1502.23,2022-05-10,21.21,15.93,17.18,2488.0,2470.82,7.75,33,rotation (out of top-N),2022-05-09,21.22,,5,-0.0,,45.97,,105,2022-06-27,20.99,,4.91,0.8,,24.55,,154
SELL,124,SQM,2022-05-24,88.49,47.98,2022-05-17,76.11,1.83,2.12,593.96,591.83,16.21,5,equal-weight sizing trim,2022-05-16,84.09,,5,-0.5,,50.74,,252,2022-05-23,99.71,,5,-1,,74.29,,259
SELL,124,SQM,2022-06-07,92.45,395.28,2022-05-17,76.11,15.04,18.27,6458.88,6440.61,21.41,14,rotation (out of top-N),2022-05-16,84.09,,5,-0.5,,50.74,,252,2022-06-06,86.52,,5,-0.3,,45.6,,273
SELL,125,PDS,2022-05-24,76.88,475.83,2022-05-17,70.9,16.87,18.29,2843.08,2824.79,8.37,5,rotation (out of top-N),2022-05-16,75.17,,5,-0.7,,53.09,,999,2022-05-23,77.35,,5,-0.7,,53.68,,999
SELL,126,LNTH,2022-06-14,61.88,553.17,2022-05-17,67.59,18.7,17.12,-3157.34,-3174.46,-8.49,19,ratchet-ATR exit,2022-05-16,62.38,,5,-1,,69.93,,999,2022-06-13,60.67,,5,-0.4,,48.78,,999
SELL,127,SEI,2022-06-07,12.28,3166.75,2022-05-24,11.04,17.48,19.44,3926.77,3907.32,11.18,9,rotation (out of top-N),2022-05-23,12.22,,5,-0.5,,60.03,,91,2022-06-06,12.1,,5,-0.4,,52.61,,105
SELL,128,DK,2022-06-14,27.41,79.21,2022-06-07,27.68,1.1,1.09,-21.39,-22.47,-1.02,5,equal-weight sizing trim,2022-06-06,28.24,,5,-0.5,,65.33,,91,2022-06-13,23.02,,5,0.7,,32.98,,98
SELL,128,DK,2022-06-28,24.31,1320.02,2022-06-07,27.68,18.27,16.04,-4448.47,-4464.51,-12.22,14,ratchet-ATR exit,2022-06-06,28.24,,5,-0.5,,65.33,,91,2022-06-27,22.55,,5,0.8,,27.53,,112
SELL,129,VLO,2022-06-14,119.84,316.06,2022-06-07,122.54,19.37,18.94,-853.38,-872.31,-2.25,5,rotation (out of top-N),2022-06-06,124.75,,5,-1.0,,59.0,,161,2022-06-13,99.87,,5,0.7,,25.48,,168
SELL,130,SBR,2022-06-14,53.9,653.24,2022-06-07,59.29,19.37,17.6,-3520.96,-3538.57,-9.14,5,rotation (out of top-N),2022-06-06,58.62,,5,-1,,64.92,,999,2022-06-13,43.41,,4.13,1.0,,20.66,,999
SELL,131,SQM,2022-06-28,85.12,430.31,2022-06-14,84.04,18.08,18.31,464.74,446.43,1.23,9,rotation (out of top-N),2022-06-13,81.38,,5,0.2,,35.06,,280,2022-06-27,76.33,,4.71,0.8,,23.55,,294
SELL,132,SDS,2022-06-28,194.7,170.41,2022-06-14,212.22,18.08,16.59,-2985.52,-3002.11,-8.3,9,rotation (out of top-N),2022-06-13,222.22,,5,2.6,,32.0,,49,2022-06-27,203.96,,4.04,1.9,,20.18,,63
SELL,133,TNK,2022-06-28,16.3,2091.59,2022-06-14,17.29,18.08,17.05,-2070.68,-2087.72,-5.77,9,rotation (out of top-N),2022-06-13,15.85,,5,1.1,,28.58,,91,2022-06-27,15.4,,4.54,1.1,,22.72,,105
SELL,134,BANF,2022-06-28,91.9,54.15,2022-06-14,84.48,2.29,2.49,401.8,399.31,8.73,9,equal-weight sizing trim,2022-06-13,88.03,,5,0.7,,26.95,,196,2022-06-27,91.7,,5,0.6,,28.83,,210
SELL,134,BANF,2022-07-12,87.31,373.92,2022-06-14,84.48,15.79,16.32,1058.2,1041.88,3.3,18,rotation (out of top-N),2022-06-13,88.03,,5,0.7,,26.95,,196,2022-07-11,84.56,,3.25,1.2,,16.24,,224
SELL,135,OXY,2022-06-28,57.68,22.42,2022-06-14,58.5,0.66,0.65,-18.39,-19.03,-1.45,9,equal-weight sizing trim,2022-06-13,52.5,,5,0.7,,26.58,,999,2022-06-27,57.01,,5,0.4,,32.69,,999
SELL,135,OXY,2022-07-12,54.2,595.76,2022-06-14,58.5,17.43,16.15,-2561.77,-2577.91,-7.4,18,rotation (out of top-N),2022-06-13,52.5,,5,0.7,,26.58,,999,2022-07-11,55.38,,5,0.7,,25.13,,999
SELL,136,CNR,2022-07-19,53.05,70.65,2022-06-28,51.57,1.82,1.87,104.25,102.37,2.81,14,equal-weight sizing trim,2022-06-27,44.3,,5,0.0,,39.07,,999,2022-07-18,51.78,,5,-0.7,,54.9,,999
SELL,136,CNR,2022-07-26,57.57,3.32,2022-06-28,51.57,0.09,0.1,19.92,19.82,11.57,19,equal-weight sizing trim,2022-06-27,44.3,,5,0.0,,39.07,,999,2022-07-25,56.54,,5,-1,,65.56,,999
SELL,136,CNR,2022-08-16,64.21,6.87,2022-06-28,52.4,0.18,0.22,81.12,80.9,22.47,34,equal-weight sizing trim,2022-06-27,44.3,,5,0.0,,39.07,,999,2022-08-15,67.48,,5,-1,,81.98,,999
SELL,136,CNR,2022-08-23,71.55,50.87,2022-06-28,52.4,1.33,1.82,974.0,972.18,36.47,39,equal-weight sizing trim,2022-06-27,44.3,,5,0.0,,39.07,,999,2022-08-22,71.61,,5,-1,,86.74,,999
SELL,136,CNR,2022-09-13,61.69,743.24,2022-06-28,53.44,19.86,22.93,6130.05,6107.13,15.38,53,rotation (out of top-N),2022-06-27,44.3,,5,0.0,,39.07,,999,2022-09-12,58.01,,5,0.0,,39.68,,999
SELL,137,UFCS,2022-07-12,31.1,1151.4,2022-06-28,29.83,17.17,17.9,1462.28,1444.37,4.21,9,rotation (out of top-N),2022-06-27,31.04,,5,0.6,,28.87,,133,2022-07-11,29.99,,4.41,0.9,,22.06,,147
SELL,138,LNTH,2022-07-12,66.52,24.89,2022-06-28,66.32,0.83,0.83,4.98,4.15,0.25,9,equal-weight sizing trim,2022-06-27,63.55,,5,-0.5,,49.09,,999,2022-07-11,70.6,,5,-0.9,,57.43,,999
SELL,138,LNTH,2022-08-02,75.28,4.73,2022-06-28,66.51,0.16,0.18,41.54,41.36,13.14,24,equal-weight sizing trim,2022-06-27,63.55,,5,-0.5,,49.09,,999,2022-08-01,78.52,,5,-1,,61.2,,999
SELL,138,LNTH,2022-08-30,79.95,615.57,2022-06-28,68.85,21.19,24.61,6835.68,6811.07,16.07,44,rotation (out of top-N),2022-06-27,63.55,,5,-0.5,,49.09,,999,2022-08-29,78.52,,5,-0.3,,45.55,,999
SELL,139,TMDX,2022-07-12,33.68,81.8,2022-06-28,32.54,1.33,1.38,93.25,91.88,3.45,9,equal-weight sizing trim,2022-06-27,32.09,,5,2.3,,36.76,,49,2022-07-11,33.39,,5,0.9,,41.28,,63
SELL,139,TMDX,2022-08-02,40.96,102.07,2022-06-28,32.69,1.67,2.09,844.48,842.39,25.25,24,equal-weight sizing trim,2022-06-27,32.09,,5,2.3,,36.76,,49,2022-08-01,48.86,,5,-0.4,,97.84,,84
SELL,139,TMDX,2022-08-30,54.57,121.8,2022-06-28,34.07,2.08,3.32,2496.32,2493.0,60.07,44,equal-weight sizing trim,2022-06-27,32.09,,5,2.3,,36.76,,49,2022-08-29,51.9,,5,-0.9,,91.94,,112
SELL,139,TMDX,2022-09-27,41.17,1012.54,2022-06-28,35.49,17.97,20.84,5750.08,5729.24,15.94,63,ratchet-ATR exit,2022-06-27,32.09,,5,2.3,,36.76,,49,2022-09-26,41.8,,5,-0.1,,41.39,,140
SELL,140,HURN,2022-07-12,63.07,549.45,2022-06-28,62.51,17.17,17.33,307.69,290.37,0.85,9,rotation (out of top-N),2022-06-27,65.98,,5,1.4,,29.01,,70,2022-07-11,63.51,,4.54,1.5,,22.7,,84
SELL,141,UTL,2022-07-12,51.43,672.8,2022-06-28,51.05,17.17,17.3,255.66,238.36,0.69,9,rotation (out of top-N),2022-06-27,53.49,,5,0.7,,25.96,,126,2022-07-11,52.6,,4.36,0.9,,21.8,,140
SELL,142,AMR,2022-07-12,112.92,249.7,2022-06-28,137.55,17.17,14.1,-6150.12,-6164.22,-17.95,9,rotation (out of top-N),2022-06-27,118.98,,5,0.7,,25.77,,999,2022-07-11,122.2,,5,0.7,,25.08,,999
SELL,143,MUSA,2022-07-26,261.73,126.15,2022-07-12,263.86,16.64,16.51,-268.26,-284.77,-0.86,10,rotation (out of top-N),2022-07-11,267.92,,5,0.4,,32.93,,999,2022-07-25,278.85,,5,0.3,,34.89,,999
SELL,144,AXSM,2022-07-19,40.86,760.95,2022-07-12,43.08,16.39,15.55,-1685.51,-1701.06,-5.19,5,rotation (out of top-N),2022-07-11,43.61,,5,3.5,,29.75,,0,2022-07-18,40.31,,3.98,3.9,,19.92,,7
SELL,145,CORT,2022-07-19,27.45,1248.69,2022-07-12,26.25,16.39,17.14,1498.43,1481.29,4.52,5,rotation (out of top-N),2022-07-11,27.21,,5,0.7,,26.48,,133,2022-07-18,26.92,,4.83,0.8,,24.14,,140
SELL,146,CVSA,2022-07-19,39.24,870.83,2022-07-12,37.64,16.39,17.09,1397.68,1380.6,4.21,5,rotation (out of top-N),2022-07-11,38.57,,5,3.0,,26.29,,42,2022-07-18,39.08,,5,2.8,,27.69,,49
SELL,147,TPL,2022-07-19,179.85,13.54,2022-07-12,161.77,1.1,1.22,244.87,243.65,11.12,5,equal-weight sizing trim,2022-07-11,176.83,,5,1.0,,26.75,,98,2022-07-18,189.66,,5,0.5,,34.46,,105
SELL,147,TPL,2022-08-02,195.98,191.23,2022-07-12,162.11,15.5,18.74,6476.95,6458.21,20.83,15,rotation (out of top-N),2022-07-11,176.83,,5,1.0,,26.75,,98,2022-08-01,177.0,,4.62,0.9,,23.11,,119
SELL,148,OLLI,2022-07-19,68.61,466.0,2022-07-12,70.34,16.39,15.99,-803.84,-819.83,-2.5,5,rotation (out of top-N),2022-07-11,68.6,,5,3.1,,30.59,,21,2022-07-18,65.52,,4.95,3.3,,24.76,,28
SELL,149,OXY,2022-07-19,56.73,5.33,2022-07-12,54.2,0.14,0.15,13.49,13.34,4.62,5,equal-weight sizing trim,2022-07-11,55.38,,5,0.7,,25.13,,999,2022-07-18,57.58,,5,0.6,,28.08,,999
SELL,149,OXY,2022-07-26,62.14,8.64,2022-07-12,54.2,0.23,0.27,68.59,68.32,14.59,10,equal-weight sizing trim,2022-07-11,55.38,,5,0.7,,25.13,,999,2022-07-25,62.03,,5,0.2,,35.71,,999
SELL,149,OXY,2022-08-02,61.59,590.79,2022-07-12,54.2,16.01,18.19,4365.95,4347.76,13.58,15,rotation (out of top-N),2022-07-11,55.38,,5,0.7,,25.13,,999,2022-08-01,55.64,,4.03,1.0,,20.14,,999
SELL,150,EQT,2022-07-26,43.6,119.75,2022-07-19,35.34,2.12,2.61,989.12,986.51,23.31,5,equal-weight sizing trim,2022-07-18,39.83,,5,-0.1,,41.06,,999,2022-07-25,41.51,,5,-0.2,,44.26,,999
SELL,150,EQT,2022-08-02,39.93,842.01,2022-07-19,35.34,14.88,16.81,3864.84,3848.03,12.93,10,rotation (out of top-N),2022-07-18,39.83,,5,-0.1,,41.06,,999,2022-08-01,39.88,,5,0.2,,36.08,,999
SELL,151,TNK,2022-07-26,18.42,39.78,2022-07-19,16.72,0.33,0.37,67.62,67.25,10.11,5,equal-weight sizing trim,2022-07-18,17.54,,5,0.2,,36.84,,126,2022-07-25,18.41,,5,-0.1,,41.86,,133
SELL,151,TNK,2022-08-02,19.7,19.44,2022-07-19,16.72,0.16,0.19,57.93,57.74,17.76,10,equal-weight sizing trim,2022-07-18,17.54,,5,0.2,,36.84,,126,2022-08-01,20.09,,5,-0.6,,52.5,,140
SELL,151,TNK,2022-09-13,23.88,167.02,2022-07-19,17.5,1.46,1.99,1065.53,1063.53,36.39,39,equal-weight sizing trim,2022-07-18,17.54,,5,0.2,,36.84,,126,2022-09-12,24.28,,5,-1,,62.64,,182
SELL,151,TNK,2022-09-20,27.44,241.21,2022-07-19,17.5,2.11,3.31,2397.51,2394.2,56.72,44,equal-weight sizing trim,2022-07-18,17.54,,5,0.2,,36.84,,126,2022-09-19,24.89,,5,-1,,62.62,,189
SELL,151,TNK,2022-09-27,25.26,1900.24,2022-07-19,17.5,16.63,24.0,14745.26,14721.26,44.27,49,ratchet-ATR exit,2022-07-18,17.54,,5,0.2,,36.84,,126,2022-09-26,24.27,,5,-0.7,,54.97,,196
SELL,152,AMR,2022-07-26,141.67,257.7,2022-07-19,131.89,16.99,18.25,2520.35,2502.1,7.36,5,rotation (out of top-N),2022-07-18,127.59,,5,0.6,,28.34,,999,2022-07-25,130.02,,5,0.6,,28.56,,999
SELL,153,STNG,2022-07-26,36.53,19.7,2022-07-19,33.17,0.33,0.36,66.21,65.85,10.07,5,equal-weight sizing trim,2022-07-18,34.2,,5,-1,,75.06,,126,2022-07-25,35.06,,5,-1,,75.06,,133
SELL,153,STNG,2022-09-13,39.95,63.87,2022-07-19,34.12,1.09,1.28,372.64,371.37,17.04,39,equal-weight sizing trim,2022-07-18,34.2,,5,-1,,75.06,,126,2022-09-12,39.2,,5,-1,,61.3,,182
SELL,153,STNG,2022-09-27,38.34,71.23,2022-07-19,34.31,1.22,1.37,287.24,285.88,11.7,49,equal-weight sizing trim,2022-07-18,34.2,,5,-1,,75.06,,126,2022-09-26,38.3,,5,-0.5,,49.71,,196
SELL,153,STNG,2022-10-11,35.75,1373.98,2022-07-19,34.59,23.76,24.56,1593.05,1568.49,3.3,59,ratchet-ATR exit,2022-07-18,34.2,,5,-1,,75.06,,126,2022-10-10,42.21,,5,-0.8,,56.26,,210
SELL,154,PBF,2022-08-02,28.99,1367.63,2022-07-26,26.83,18.35,19.82,2954.07,2934.25,8.0,5,rotation (out of top-N),2022-07-25,29.87,,5,-0.3,,46.78,,203,2022-08-01,26.94,,5,0.5,,30.17,,210
SELL,155,BELFB,2022-08-02,23.69,360.63,2022-07-26,18.33,3.31,4.27,1932.97,1928.7,29.18,5,equal-weight sizing trim,2022-07-25,24.51,,5,-1,,64.3,,147,2022-08-01,24.47,,5,-1,,61.05,,154
SELL,155,BELFB,2022-09-20,24.69,2013.29,2022-07-26,19.62,19.75,24.85,10214.31,10189.46,25.8,39,rotation (out of top-N),2022-07-25,24.51,,5,-1,,64.3,,147,2022-09-19,24.08,,5,0.1,,37.81,,203
SELL,156,MOD,2022-08-09,15.69,160.98,2022-08-02,13.12,1.06,1.26,413.72,412.46,19.53,5,equal-weight sizing trim,2022-08-01,14.79,,5,2.1,,44.39,,42,2022-08-08,16.66,,5,1.2,,60.52,,49
SELL,156,MOD,2022-08-16,17.2,17.46,2022-08-02,13.12,0.11,0.15,71.23,71.08,31.03,10,equal-weight sizing trim,2022-08-01,14.79,,5,2.1,,44.39,,42,2022-08-15,16.85,,5,1.1,,60.23,,56
SELL,156,MOD,2022-08-23,16.33,2783.49,2022-08-02,13.12,18.26,22.73,8934.99,8912.27,24.4,15,rotation (out of top-N),2022-08-01,14.79,,5,2.1,,44.39,,42,2022-08-22,16.15,,5,0.3,,52.02,,63
SELL,157,PI,2022-08-09,88.98,450.66,2022-08-02,86.23,19.43,20.05,1239.32,1219.27,3.14,5,rotation (out of top-N),2022-08-01,95.08,,5,2.9,,41.83,,0,2022-08-08,97.91,,5,2.6,,44.96,,7
SELL,158,RYTM,2022-08-09,20.55,853.04,2022-08-02,12.99,5.54,8.76,6448.96,6440.19,58.12,5,equal-weight sizing trim,2022-08-01,20.23,,5,2.0,,137.89,,0,2022-08-08,21.76,,5,1.9,,150.04,,7
SELL,158,RYTM,2022-08-16,26.47,329.84,2022-08-02,12.99,2.14,4.37,4446.28,4441.92,103.67,10,equal-weight sizing trim,2022-08-01,20.23,,5,2.0,,137.89,,0,2022-08-15,24.85,,5,1.8,,176.26,,14
SELL,158,RYTM,2022-09-13,25.46,248.57,2022-08-02,15.03,1.87,3.16,2591.97,2588.81,69.28,29,equal-weight sizing trim,2022-08-01,20.23,,5,2.0,,137.89,,0,2022-09-12,24.19,,5,1.3,,131.43,,42
SELL,158,RYTM,2022-09-27,20.99,2153.69,2022-08-02,15.65,16.85,22.6,11498.76,11476.15,34.05,39,ratchet-ATR exit,2022-08-01,20.23,,5,2.0,,137.89,,0,2022-09-26,24.49,,5,1.1,,121.84,,56
SELL,159,DGII,2022-08-09,33.35,1330.38,2022-08-02,29.21,19.43,22.18,5507.78,5485.6,14.12,5,rotation (out of top-N),2022-08-01,34.12,,5,1.6,,49.51,,56,2022-08-08,33.9,,5,0.6,,46.81,,63
SELL,160,CECO,2022-08-16,10.08,144.53,2022-08-09,8.97,0.65,0.73,159.71,158.98,12.26,5,equal-weight sizing trim,2022-08-08,9.67,,5,1.6,,59.01,,28,2022-08-15,9.6,,5,1.6,,55.87,,35
SELL,160,CECO,2022-08-30,10.32,4779.7,2022-08-09,8.98,21.47,24.66,6385.8,6361.14,14.81,15,rotation (out of top-N),2022-08-08,9.67,,5,1.6,,59.01,,28,2022-08-29,8.91,,5,2.1,,41.06,,49
SELL,161,INSW,2022-08-16,18.37,2665.34,2022-08-09,16.48,21.96,24.48,5037.5,5013.02,11.41,5,rotation (out of top-N),2022-08-08,18.02,,5,-0.5,,50.67,,140,2022-08-15,18.92,,5,-0.8,,55.72,,147
SELL,162,AXSM,2022-08-23,65.62,263.1,2022-08-16,46.88,6.17,8.63,4929.12,4920.49,39.89,5,equal-weight sizing trim,2022-08-15,59.56,,5,1.4,,73.33,,35,2022-08-22,67.08,,5,1.3,,90.88,,42
SELL,162,AXSM,2022-09-20,59.38,850.0,2022-08-16,48.47,20.6,25.24,9272.05,9246.81,22.44,24,rotation (out of top-N),2022-08-15,59.56,,5,1.4,,73.33,,35,2022-09-19,50.25,,5,1.1,,33.78,,70
SELL,163,GSAT,2022-08-30,30.9,328.0,2022-08-23,25.2,4.13,5.07,1869.62,1864.55,22.56,5,equal-weight sizing trim,2022-08-22,29.85,,5,1.6,,56.26,,35,2022-08-29,30.68,,5,1.4,,58.67,,42
SELL,163,GSAT,2022-09-13,26.55,1643.59,2022-08-23,25.2,20.71,21.82,2218.85,2197.03,5.3,14,rotation (out of top-N),2022-08-22,29.85,,5,1.6,,56.26,,35,2022-09-12,27.6,,5,2.1,,40.13,,56
SELL,164,FSLR,2022-09-13,131.69,16.58,2022-08-30,125.37,1.04,1.09,104.76,103.67,4.99,9,equal-weight sizing trim,2022-08-29,126.41,,5,1.9,,54.86,,21,2022-09-12,135.74,,5,1.4,,62.5,,35
SELL,164,FSLR,2022-09-20,137.8,9.93,2022-08-30,125.37,0.62,0.68,123.38,122.69,9.86,14,equal-weight sizing trim,2022-08-29,126.41,,5,1.9,,54.86,,21,2022-09-19,129.83,,5,1.6,,53.73,,42
SELL,164,FSLR,2022-09-27,131.34,10.9,2022-08-30,125.37,0.68,0.72,65.06,64.35,4.71,19,equal-weight sizing trim,2022-08-29,126.41,,5,1.9,,54.86,,21,2022-09-26,132.35,,5,1.5,,54.66,,49
SELL,164,FSLR,2022-10-11,128.4,368.7,2022-08-30,125.42,23.12,23.67,1099.01,1075.34,2.33,29,rotation (out of top-N),2022-08-29,126.41,,5,1.9,,54.86,,21,2022-10-10,123.39,,5,0.9,,40.86,,63
SELL,165,INSW,2022-09-13,20.45,111.92,2022-08-30,19.43,1.09,1.14,114.15,113.01,5.2,9,equal-weight sizing trim,2022-08-29,19.4,,5,-0.7,,53.65,,161,2022-09-12,21.34,,5,-1,,61.68,,175
SELL,165,INSW,2022-09-20,23.07,240.43,2022-08-30,19.43,2.34,2.77,875.17,872.4,18.67,14,equal-weight sizing trim,2022-08-29,19.4,,5,-0.7,,53.65,,161,2022-09-19,21.39,,5,-0.9,,58.51,,182
SELL,165,INSW,2022-09-27,22.18,84.05,2022-08-30,19.43,0.82,0.93,231.14,230.2,14.1,19,equal-weight sizing trim,2022-08-29,19.4,,5,-0.7,,53.65,,161,2022-09-26,22.3,,5,-1,,61.34,,189
SELL,165,INSW,2022-10-18,24.98,90.45,2022-08-30,19.62,0.89,1.13,485.05,483.92,27.27,34,equal-weight sizing trim,2022-08-29,19.4,,5,-0.7,,53.65,,161,2022-10-17,25.64,,5,-1,,72.0,,210
SELL,165,INSW,2022-11-08,28.29,31.03,2022-08-30,20.15,0.31,0.44,252.57,252.13,40.32,49,equal-weight sizing trim,2022-08-29,19.4,,5,-0.7,,53.65,,161,2022-11-07,27.48,,5,-1,,68.73,,231
SELL,165,INSW,2022-11-22,29.11,2566.6,2022-08-30,20.63,26.48,37.36,21756.65,21719.3,41.01,59,rotation (out of top-N),2022-08-29,19.4,,5,-0.7,,53.65,,161,2022-11-21,28.4,,5,-1,,64.97,,245
SELL,166,YPF,2022-09-20,7.15,114.89,2022-09-13,6.9,0.4,0.41,28.72,28.31,3.57,5,equal-weight sizing trim,2022-09-12,6.95,,5,1.7,,59.77,,21,2022-09-19,6.23,,5,2.5,,41.24,,28
SELL,166,YPF,2022-09-27,6.34,7292.67,2022-09-13,6.9,25.16,23.14,-4047.43,-4070.57,-8.09,10,ratchet-ATR exit,2022-09-12,6.95,,5,1.7,,59.77,,21,2022-09-26,6.21,,5,2.5,,38.98,,35
SELL,167,ELVN,2022-09-27,8.56,206.9,2022-09-13,8.86,0.92,0.89,-62.23,-63.12,-3.44,10,equal-weight sizing trim,2022-09-12,9.32,,5,2.1,,58.64,,0,2022-09-26,9.04,,5,2.0,,54.58,,14
SELL,167,ELVN,2022-10-04,9.24,33.95,2022-09-13,8.86,0.15,0.16,12.88,12.72,4.23,15,equal-weight sizing trim,2022-09-12,9.32,,5,2.1,,58.64,,0,2022-10-03,9.32,,5,1.7,,59.14,,21
SELL,167,ELVN,2022-10-11,9.24,173.41,2022-09-13,8.86,0.77,0.8,65.76,64.96,4.23,20,equal-weight sizing trim,2022-09-12,9.32,,5,2.1,,58.64,,0,2022-10-10,15.2,,5,1.5,,152.01,,28
SELL,167,ELVN,2022-10-18,14.32,1521.06,2022-09-13,8.86,6.74,10.89,8303.82,8292.93,61.53,25,equal-weight sizing trim,2022-09-12,9.32,,5,2.1,,58.64,,0,2022-10-17,15.66,,5,1.4,,151.53,,35
SELL,167,ELVN,2022-10-25,18.84,685.56,2022-09-13,8.86,3.04,6.46,6841.37,6834.91,112.52,30,equal-weight sizing trim,2022-09-12,9.32,,5,2.1,,58.64,,0,2022-10-24,17.04,,5,1.3,,162.76,,42
SELL,167,ELVN,2022-11-15,19.04,23.04,2022-09-13,10.31,0.12,0.22,201.17,200.95,84.61,45,equal-weight sizing trim,2022-09-12,9.32,,5,2.1,,58.64,,0,2022-11-14,18.3,,5,-0.0,,144.51,,63
SELL,167,ELVN,2022-12-06,15.3,4223.84,2022-09-13,10.98,23.2,32.31,18227.73,18195.42,39.22,59,ratchet-ATR exit,2022-09-12,9.32,,5,2.1,,58.64,,0,2022-12-05,15.88,,5,-0.4,,91.36,,84
SELL,168,XMTR,2022-09-27,56.81,866.51,2022-09-20,60.15,26.06,24.61,-2889.82,-2914.44,-5.59,5,rotation (out of top-N),2022-09-19,59.94,,5,2.4,,41.88,,28,2022-09-26,56.82,,5,2.7,,34.02,,35
SELL,169,CECO,2022-09-27,9.24,5573.96,2022-09-20,9.35,26.06,25.75,-613.14,-638.89,-1.23,5,rotation (out of top-N),2022-09-19,9.09,,5,0.9,,38.36,,70,2022-09-26,8.87,,5,1.0,,33.69,,77
SELL,170,BELFB,2022-10-04,26.53,1997.63,2022-09-27,24.15,24.12,26.5,4754.35,4727.85,9.8,5,rotation (out of top-N),2022-09-26,24.84,,5,0.0,,39.64,,210,2022-10-03,25.76,,5,-0.1,,42.17,,217
SELL,171,DGII,2022-10-04,37.94,115.08,2022-09-27,32.59,1.88,2.18,615.12,612.93,16.34,5,equal-weight sizing trim,2022-09-26,34.57,,5,0.2,,39.24,,112,2022-10-03,36.75,,5,-0.3,,46.25,,119
SELL,171,DGII,2022-10-11,35.62,1364.98,2022-09-27,32.59,22.25,24.31,4129.06,4104.75,9.23,10,rotation (out of top-N),2022-09-26,34.57,,5,0.2,,39.24,,112,2022-10-10,32.48,,5,0.6,,28.21,,126
SELL,172,CNR,2022-10-04,65.67,57.61,2022-09-27,57.01,1.64,1.89,498.94,497.05,15.13,5,equal-weight sizing trim,2022-09-26,60.07,,5,0.1,,38.61,,999,2022-10-03,65.79,,5,-0.4,,47.98,,999
SELL,172,CNR,2022-10-11,62.85,788.6,2022-09-27,57.01,22.48,24.78,4605.42,4580.64,10.19,10,rotation (out of top-N),2022-09-26,60.07,,5,0.1,,38.61,,999,2022-10-10,63.38,,5,0.0,,39.3,,999
SELL,173,XMTR,2022-10-04,59.65,849.19,2022-09-27,56.81,24.12,25.33,2411.71,2386.38,4.95,5,rotation (out of top-N),2022-09-26,56.82,,5,2.7,,34.02,,35,2022-10-03,59.0,,5,2.4,,38.53,,42
SELL,174,CECO,2022-10-04,9.7,5221.07,2022-09-27,9.24,24.12,25.32,2401.69,2376.37,4.93,5,rotation (out of top-N),2022-09-26,8.87,,5,1.0,,33.69,,77,2022-10-03,9.41,,5,0.6,,40.12,,84
SELL,175,PLMR,2022-10-04,90.87,574.52,2022-09-27,83.97,24.12,26.1,3964.2,3938.1,8.16,5,rotation (out of top-N),2022-09-26,83.81,,5,2.6,,31.64,,49,2022-10-03,90.5,,5,2.0,,40.74,,56
SELL,176,YPF,2022-10-11,6.94,270.39,2022-10-04,6.9,0.93,0.94,10.82,9.88,0.53,5,equal-weight sizing trim,2022-10-03,7.18,,5,1.4,,57.83,,42,2022-10-10,6.69,,5,1.9,,44.84,,49
SELL,176,YPF,2022-11-08,7.85,8437.34,2022-10-04,6.97,29.41,33.12,7404.07,7370.95,12.53,25,rotation (out of top-N),2022-10-03,7.18,,5,1.4,,57.83,,42,2022-11-07,7.65,,5,0.0,,53.97,,77
SELL,177,TNK,2022-10-18,28.47,182.43,2022-10-04,24.96,2.28,2.6,640.78,638.18,14.02,10,equal-weight sizing trim,2022-10-03,24.54,,5,-0.7,,53.04,,203,2022-10-17,28.75,,5,-1,,70.09,,217
SELL,177,TNK,2022-11-08,30.39,2314.74,2022-10-04,25.52,29.54,35.17,11262.19,11227.02,19.0,25,rotation (out of top-N),2022-10-03,24.54,,5,-0.7,,53.04,,203,2022-11-07,27.61,,5,-0.5,,50.64,,238
SELL,178,RYTM,2022-10-11,23.37,32.02,2022-10-04,23.75,0.38,0.37,-12.17,-12.54,-1.65,5,equal-weight sizing trim,2022-10-03,23.98,,5,-0.0,,110.54,,63,2022-10-10,22.18,,5,-0.2,,89.35,,70
SELL,178,RYTM,2022-11-01,26.5,13.1,2022-10-04,23.81,0.16,0.17,35.34,35.17,11.28,20,equal-weight sizing trim,2022-10-03,23.98,,5,-0.0,,110.54,,63,2022-10-31,23.3,,5,-0.5,,79.61,,91
SELL,178,RYTM,2022-11-15,26.4,291.44,2022-10-04,23.56,3.43,3.85,827.29,823.44,11.99,30,equal-weight sizing trim,2022-10-03,23.98,,5,-0.0,,110.54,,63,2022-11-14,25.57,,5,-0.8,,83.28,,105
SELL,178,RYTM,2022-11-29,25.04,94.22,2022-10-04,23.57,1.11,1.18,138.6,137.42,6.19,39,equal-weight sizing trim,2022-10-03,23.98,,5,-0.0,,110.54,,63,2022-11-28,28.27,,5,-1.0,,89.86,,119
SELL,178,RYTM,2022-12-06,27.36,168.85,2022-10-04,23.57,1.99,2.31,640.13,637.82,16.03,44,equal-weight sizing trim,2022-10-03,23.98,,5,-0.0,,110.54,,63,2022-12-05,25.13,,5,-1,,64.39,,126
SELL,178,RYTM,2022-12-13,30.27,138.46,2022-10-04,23.57,1.63,2.1,928.5,926.4,28.39,49,equal-weight sizing trim,2022-10-03,23.98,,5,-0.0,,110.54,,63,2022-12-12,28.05,,5,-1,,78.17,,133
SELL,178,RYTM,2023-01-10,31.4,101.61,2022-10-04,23.75,1.21,1.6,776.85,775.25,32.12,67,equal-weight sizing trim,2022-10-03,23.98,,5,-0.0,,110.54,,63,2023-01-09,31.27,,5,-1,,76.37,,161
SELL,178,RYTM,2023-01-24,29.51,2634.83,2022-10-04,23.75,31.29,38.88,15164.65,15125.77,24.17,76,rotation (out of top-N),2022-10-03,23.98,,5,-0.0,,110.54,,63,2023-01-23,29.1,,5,-0.8,,55.05,,175
SELL,179,AEHR,2022-10-11,16.25,3327.64,2022-10-04,15.56,25.88,27.04,2312.71,2285.67,4.42,5,rotation (out of top-N),2022-10-03,17.16,,5,1.7,,50.35,,49,2022-10-10,14.75,,5,2.6,,29.62,,56
SELL,180,PLMR,2022-10-18,89.12,545.99,2022-10-11,91.87,25.08,24.33,-1498.74,-1523.07,-3.04,5,rotation (out of top-N),2022-10-10,92.7,,5,0.8,,42.31,,63,2022-10-17,81.12,,4.63,1.7,,23.14,,70
SELL,181,CECO,2022-11-01,12.02,5404.99,2022-10-11,9.64,26.05,32.47,12842.48,12810.01,24.59,15,rotation (out of top-N),2022-10-10,9.74,,5,0.3,,43.16,,91,2022-10-31,11.62,,5,-0.9,,61.96,,112
SELL,182,BELFB,2022-10-25,30.2,35.58,2022-10-11,26.41,0.47,0.54,134.83,134.29,14.29,10,equal-weight sizing trim,2022-10-10,26.0,,5,-0.0,,40.94,,224,2022-10-24,33.96,,5,-1,,75.21,,238
SELL,182,BELFB,2022-11-08,34.71,96.29,2022-10-11,26.55,1.28,1.67,785.34,783.67,30.65,20,equal-weight sizing trim,2022-10-10,26.0,,5,-0.0,,40.94,,224,2022-11-07,36.89,,5,-1,,79.38,,252
SELL,182,BELFB,2022-11-22,36.13,6.72,2022-10-11,26.6,0.09,0.12,64.1,63.97,35.78,30,equal-weight sizing trim,2022-10-10,26.0,,5,-0.0,,40.94,,224,2022-11-21,37.04,,5,-1,,69.78,,266
SELL,182,BELFB,2022-11-29,34.45,1969.79,2022-10-11,26.6,26.19,33.93,15470.22,15436.29,29.46,34,rotation (out of top-N),2022-10-10,26.0,,5,-0.0,,40.94,,224,2022-11-28,35.64,,5,-1.0,,59.38,,273
SELL,183,PBF,2022-10-18,37.45,18.4,2022-10-11,33.14,0.3,0.34,79.31,78.97,12.95,5,equal-weight sizing trim,2022-10-10,35.98,,5,-0.1,,41.29,,280,2022-10-17,38.97,,5,-0.5,,49.69,,287
SELL,183,PBF,2022-10-25,37.86,1495.17,2022-10-11,33.14,24.78,28.3,7057.22,7028.92,14.19,10,rotation (out of top-N),2022-10-10,35.98,,5,-0.1,,41.29,,280,2022-10-24,41.02,,5,-0.7,,53.58,,294
SELL,184,FSLR,2022-10-18,121.39,390.65,2022-10-11,128.4,25.08,23.71,-2736.53,-2760.24,-5.5,5,rotation (out of top-N),2022-10-10,123.39,,5,0.9,,40.86,,63,2022-10-17,122.55,,5,0.9,,38.35,,70
SELL,185,STNG,2022-10-25,42.35,1294.32,2022-10-18,43.24,27.98,27.41,-1151.94,-1179.35,-2.11,5,rotation (out of top-N),2022-10-17,43.39,,5,-0.8,,56.05,,217,2022-10-24,42.66,,5,-0.5,,49.13,,224
SELL,186,AEHR,2022-10-25,22.18,415.74,2022-10-18,17.74,3.69,4.61,1845.89,1841.28,24.97,5,equal-weight sizing trim,2022-10-17,20.82,,5,-0.0,,80.03,,63,2022-10-24,21.86,,5,-0.2,,84.76,,70
SELL,186,AEHR,2022-11-01,21.12,2739.07,2022-10-18,17.74,24.3,28.93,9271.74,9242.81,19.02,10,rotation (out of top-N),2022-10-17,20.82,,5,-0.0,,80.03,,63,2022-10-31,19.47,,5,-0.3,,61.79,,77
SELL,187,PCVX,2022-11-01,44.08,313.65,2022-10-25,33.5,5.25,6.91,3316.9,3309.98,31.5,5,equal-weight sizing trim,2022-10-24,43.4,,5,-0.8,,80.07,,105,2022-10-31,43.0,,5,-0.9,,73.88,,112
SELL,187,PCVX,2022-11-22,44.0,8.59,2022-10-25,34.31,0.15,0.19,83.24,83.05,28.18,20,equal-weight sizing trim,2022-10-24,43.4,,5,-0.8,,80.07,,105,2022-11-21,44.0,,5,-1,,65.49,,133
SELL,187,PCVX,2023-01-10,46.28,1757.67,2022-10-25,35.11,30.86,40.67,19626.91,19586.24,31.74,52,rotation (out of top-N),2022-10-24,43.4,,5,-0.8,,80.07,,105,2023-01-09,44.61,,5,-0.4,,47.08,,182
SELL,188,PI,2022-11-01,115.52,715.56,2022-10-25,84.86,30.36,41.33,21938.96,21897.63,36.06,5,rotation (out of top-N),2022-10-24,116.25,,5,-0.4,,67.74,,84,2022-10-31,111.45,,5,-0.5,,58.74,,91
SELL,189,MOD,2022-11-08,20.99,395.46,2022-11-01,18.09,3.58,4.15,1146.84,1142.69,15.97,5,equal-weight sizing trim,2022-10-31,21.07,,5,-1,,77.39,,133,2022-11-07,20.94,,5,-1,,72.43,,140
SELL,189,MOD,2022-12-06,21.24,3567.3,2022-11-01,18.33,32.7,37.88,10364.13,10326.24,15.79,24,rotation (out of top-N),2022-10-31,21.07,,5,-1,,77.39,,133,2022-12-05,19.7,,5,-0.4,,48.85,,168
SELL,190,FSLR,2022-11-08,149.4,444.07,2022-11-01,148.7,33.02,33.17,310.85,277.68,0.42,5,rotation (out of top-N),2022-10-31,153.63,,5,-0.4,,67.02,,84,2022-11-07,150.52,,5,-0.5,,60.18,,91
SELL,191,TMDX,2022-11-08,56.56,143.04,2022-11-01,48.88,3.5,4.05,1098.51,1094.47,15.65,5,equal-weight sizing trim,2022-10-31,55.93,,5,-1,,67.98,,175,2022-11-07,56.24,,5,-1,,63.83,,182
SELL,191,TMDX,2022-11-15,59.48,1207.89,2022-11-01,48.88,29.52,35.93,12809.63,12773.7,21.64,10,rotation (out of top-N),2022-10-31,55.93,,5,-1,,67.98,,175,2022-11-14,57.04,,5,-1,,61.22,,189
SELL,192,CECO,2022-11-15,11.98,6113.15,2022-11-08,11.17,34.14,36.62,4951.65,4915.03,7.2,5,rotation (out of top-N),2022-11-07,11.94,,5,-1.0,,62.98,,119,2022-11-14,11.06,,5,-0.4,,48.24,,126
SELL,193,AEHR,2022-11-15,25.48,297.42,2022-11-08,21.69,3.23,3.79,1127.24,1123.45,17.41,5,equal-weight sizing trim,2022-11-07,24.6,,5,-0.4,,99.26,,84,2022-11-14,23.51,,5,-0.5,,86.53,,91
SELL,193,AEHR,2022-11-29,25.84,185.15,2022-11-08,21.79,2.02,2.39,749.25,746.85,18.51,14,equal-weight sizing trim,2022-11-07,24.6,,5,-0.4,,99.26,,84,2022-11-28,26.63,,5,-0.8,,100.14,,105
SELL,193,AEHR,2022-12-20,22.28,3136.36,2022-11-08,22.14,34.72,34.94,432.92,397.99,0.57,29,rotation (out of top-N),2022-11-07,24.6,,5,-0.4,,99.26,,84,2022-12-19,20.96,,5,-0.4,,47.71,,126
SELL,194,TPL,2022-11-15,281.19,234.56,2022-11-08,291.11,34.14,32.98,-2326.87,-2359.85,-3.46,5,rotation (out of top-N),2022-11-07,291.16,,5,-1,,67.67,,217,2022-11-14,284.31,,5,-1.0,,59.81,,224
SELL,195,SMCI,2022-11-22,8.41,163.04,2022-11-15,8.42,0.69,0.69,-1.14,-1.83,-0.13,5,equal-weight sizing trim,2022-11-14,8.64,,5,-1,,63.15,,210,2022-11-21,9.4,,5,-1,,72.9,,217
SELL,195,SMCI,2022-11-29,9.25,8458.35,2022-11-15,8.42,35.61,39.11,6986.6,6947.49,9.75,9,rotation (out of top-N),2022-11-14,8.64,,5,-1,,63.15,,210,2022-11-28,8.67,,5,-0.8,,56.21,,224
SELL,196,FSLR,2022-11-22,166.26,24.51,2022-11-15,160.42,1.97,2.04,143.14,141.11,3.59,5,equal-weight sizing trim,2022-11-14,166.6,,5,-0.6,,72.81,,98,2022-11-21,171.33,,5,-0.8,,73.1,,105
SELL,196,FSLR,2022-12-06,162.75,438.24,2022-11-15,160.56,35.18,35.66,958.69,923.03,1.31,14,rotation (out of top-N),2022-11-14,166.6,,5,-0.6,,72.81,,98,2022-12-05,150.87,,5,-0.3,,45.92,,119
SELL,197,ELF,2022-11-22,54.42,108.54,2022-11-15,51.27,2.78,2.95,342.99,340.03,6.11,5,equal-weight sizing trim,2022-11-14,54.86,,5,-1,,69.07,,126,2022-11-21,55.48,,5,-1,,67.28,,133
SELL,197,ELF,2022-11-29,55.37,1307.64,2022-11-15,51.26,33.52,36.2,5361.34,5325.14,7.94,9,rotation (out of top-N),2022-11-14,54.86,,5,-1,,69.07,,126,2022-11-28,55.14,,5,-1,,62.75,,140
SELL,198,PI,2022-11-29,122.1,614.06,2022-11-22,115.84,35.57,37.49,3844.03,3806.54,5.35,4,rotation (out of top-N),2022-11-21,122.08,,5,-0.9,,65.94,,112,2022-11-28,119.47,,5,-1.0,,59.63,,119
SELL,199,AXSM,2022-12-13,80.25,2.11,2022-11-29,75.31,0.08,0.08,10.42,10.33,6.51,10,equal-weight sizing trim,2022-11-28,76.89,,5,-1,,78.32,,140,2022-12-12,78.37,,5,-1,,72.68,,154
SELL,199,AXSM,2023-01-10,63.7,993.67,2022-11-29,75.32,37.42,31.65,-11541.75,-11573.4,-15.46,28,rotation (out of top-N),2022-11-28,76.89,,5,-1,,78.32,,140,2023-01-09,67.31,,5,0.1,,38.23,,182
SELL,200,LMB,2022-12-06,11.9,318.46,2022-11-29,11.0,1.75,1.89,286.61,284.72,8.13,5,equal-weight sizing trim,2022-11-28,12.11,,5,1.1,,70.1,,56,2022-12-05,11.4,,5,0.0,,58.14,,63
SELL,200,LMB,2022-12-13,12.16,6313.58,2022-11-29,11.0,34.72,38.39,7323.76,7285.37,10.49,10,rotation (out of top-N),2022-11-28,12.11,,5,1.1,,70.1,,56,2022-12-12,11.22,,5,0.1,,53.86,,70
SELL,201,TMDX,2022-12-06,61.41,1248.12,2022-11-29,58.45,36.48,38.33,3700.67,3662.34,5.02,5,rotation (out of top-N),2022-11-28,64.25,,5,-1,,70.5,,203,2022-12-05,58.99,,5,-0.6,,52.45,,210
SELL,202,FUTU,2022-12-06,64.31,170.3,2022-11-29,54.5,4.64,5.48,1670.68,1665.2,17.94,5,equal-weight sizing trim,2022-11-28,63.81,,5,1.8,,63.16,,14,2022-12-05,64.15,,5,1.7,,60.75,,21
SELL,202,FUTU,2022-12-20,58.87,1191.42,2022-11-29,54.73,32.6,35.07,4934.26,4899.19,7.51,15,rotation (out of top-N),2022-11-28,63.81,,5,1.8,,63.16,,14,2022-12-19,59.73,,5,2.2,,44.27,,35
SELL,203,WLFC,2022-12-13,18.96,4792.22,2022-12-06,15.67,37.55,45.43,15766.4,15720.97,20.94,5,rotation (out of top-N),2022-12-05,18.49,,5,-0.7,,53.35,,154,2022-12-12,18.28,,5,-0.5,,49.28,,161
SELL,204,PDD,2022-12-20,84.73,876.86,2022-12-06,87.37,38.31,37.15,-2316.8,-2353.95,-3.07,10,rotation (out of top-N),2022-12-05,89.7,,5,-0.8,,62.59,,105,2022-12-19,84.06,,5,-0.3,,45.99,,119
SELL,205,ELF,2023-01-10,55.42,1429.83,2022-12-06,54.42,38.9,39.62,1443.41,1403.78,1.8,23,rotation (out of top-N),2022-12-05,53.81,,5,-0.8,,55.53,,147,2023-01-09,52.75,,5,0.1,,37.69,,182
SELL,206,CECO,2022-12-13,12.14,6305.13,2022-12-06,11.91,37.55,38.29,1481.7,1443.42,1.92,5,rotation (out of top-N),2022-12-05,12.18,,5,-0.6,,52.9,,147,2022-12-12,11.79,,5,-0.3,,45.09,,154
SELL,207,ELVN,2023-01-10,18.84,361.15,2022-12-13,17.05,3.08,3.4,648.14,644.74,10.47,18,equal-weight sizing trim,2022-12-12,16.12,,5,-0.5,,88.73,,91,2023-01-09,17.56,,5,-1.0,,83.11,,119
SELL,207,ELVN,2023-01-24,17.56,4391.38,2022-12-13,17.05,37.43,38.56,2260.01,2221.45,2.97,27,rotation (out of top-N),2022-12-12,16.12,,5,-0.5,,88.73,,91,2023-01-23,16.12,,5,-0.9,,58.73,,133
SELL,208,AGYS,2022-12-20,77.05,260.62,2022-12-13,63.75,8.31,10.04,3464.96,3454.92,20.79,5,equal-weight sizing trim,2022-12-12,76.7,,5,-0.7,,54.56,,161,2022-12-19,80.09,,5,-0.9,,58.34,,168
SELL,208,AGYS,2023-01-10,76.91,977.11,2022-12-13,63.75,31.15,37.57,12858.71,12821.13,20.58,18,rotation (out of top-N),2022-12-12,76.7,,5,-0.7,,54.56,,161,2023-01-09,83.82,,5,-0.8,,56.43,,189
SELL,209,POWL,2022-12-20,11.49,6472.93,2022-12-13,12.19,39.45,37.19,-4531.05,-4568.24,-5.79,5,rotation (out of top-N),2022-12-12,12.1,,5,1.5,,55.98,,42,2022-12-19,11.54,,5,1.9,,46.45,,49
SELL,210,YPF,2023-01-10,9.76,876.03,2022-12-20,8.04,3.52,4.28,1502.38,1498.11,21.26,13,equal-weight sizing trim,2022-12-19,9.09,,5,-1.0,,65.05,,119,2023-01-09,11.06,,5,-1,,88.24,,140
SELL,210,YPF,2023-01-24,11.94,895.91,2022-12-20,8.05,3.6,5.35,3489.56,3484.21,48.34,22,equal-weight sizing trim,2022-12-19,9.09,,5,-1.0,,65.05,,119,2023-01-23,11.53,,5,-1,,85.41,,154
SELL,210,YPF,2023-03-07,12.64,9310.74,2022-12-20,8.68,40.43,58.87,36877.52,36818.66,45.54,51,rotation (out of top-N),2022-12-19,9.09,,5,-1.0,,65.05,,119,2023-03-06,10.65,,5,-0.3,,46.34,,196
SELL,211,WFRD,2023-01-10,50.19,9.3,2022-12-20,45.39,0.21,0.23,44.66,44.42,10.52,13,equal-weight sizing trim,2022-12-19,49.11,,5,0.1,,53.79,,70,2023-01-09,53.26,,5,-0.5,,60.29,,91
SELL,211,WFRD,2023-01-31,53.49,1669.1,2022-12-20,45.5,37.97,44.64,13336.78,13292.14,17.5,27,rotation (out of top-N),2022-12-19,49.11,,5,0.1,,53.79,,70,2023-01-30,55.02,,5,-0.8,,58.43,,112
SELL,212,MDGL,2023-01-10,291.37,38.62,2022-12-20,233.26,4.5,5.63,2244.12,2238.49,24.85,13,equal-weight sizing trim,2022-12-19,273.62,,5,2.0,,253.73,,0,2023-01-09,299.73,,5,1.7,,225.76,,21
SELL,212,MDGL,2023-02-07,275.24,329.36,2022-12-20,240.84,39.66,45.33,11329.15,11283.82,14.23,32,ratchet-ATR exit,2022-12-19,273.62,,5,2.0,,253.73,,0,2023-02-06,257.38,,5,1.2,,127.52,,49
SELL,213,VIST,2023-01-10,15.81,103.43,2022-12-20,14.1,0.73,0.82,176.86,176.04,12.07,13,equal-weight sizing trim,2022-12-19,15.87,,5,-1.0,,59.34,,999,2023-01-09,16.7,,5,-1.0,,59.88,,999
SELL,213,VIST,2023-01-24,16.43,5232.99,2022-12-20,14.1,36.89,43.0,12219.02,12176.02,16.5,22,rotation (out of top-N),2022-12-19,15.87,,5,-1.0,,59.34,,999,2023-01-23,16.14,,5,-0.5,,49.24,,999
SELL,214,CECO,2023-01-24,14.31,6750.38,2023-01-10,12.25,41.35,48.3,13905.78,13857.48,16.76,9,rotation (out of top-N),2023-01-09,14.35,,5,-1,,62.75,,182,2023-01-23,13.8,,5,-0.4,,48.79,,196
SELL,215,TGTX,2023-01-24,13.1,237.52,2023-01-10,11.57,1.37,1.56,363.4,361.84,13.17,9,equal-weight sizing trim,2023-01-09,13.62,,5,1.2,,97.53,,49,2023-01-23,14.63,,5,-0.0,,104.07,,63
SELL,215,TGTX,2023-01-31,14.56,560.56,2023-01-10,11.57,3.24,4.08,1676.07,1671.99,25.78,14,equal-weight sizing trim,2023-01-09,13.62,,5,1.2,,97.53,,49,2023-01-30,17.35,,5,-0.2,,133.54,,70
SELL,215,TGTX,2023-02-07,18.83,933.59,2023-01-10,11.57,5.4,8.79,6777.86,6769.07,62.67,19,equal-weight sizing trim,2023-01-09,13.62,,5,1.2,,97.53,,49,2023-02-06,17.91,,5,-0.3,,132.6,,77
SELL,215,TGTX,2023-02-28,14.73,6105.56,2023-01-10,12.3,37.54,44.97,14849.29,14804.32,19.72,33,ratchet-ATR exit,2023-01-09,13.62,,5,1.2,,97.53,,49,2023-02-27,17.18,,5,-0.6,,101.05,,98
SELL,216,CROX,2023-01-24,123.68,744.97,2023-01-10,111.0,41.35,46.07,9446.27,9400.21,11.37,9,rotation (out of top-N),2023-01-09,125.86,,5,-0.5,,65.87,,91,2023-01-23,121.3,,5,-0.5,,54.75,,105
SELL,217,AEHR,2023-01-24,33.72,464.64,2023-01-10,26.26,6.1,7.83,3466.23,3458.4,28.34,9,equal-weight sizing trim,2023-01-09,29.28,,5,-1,,91.95,,147,2023-01-23,35.41,,5,-1,,114.4,,161
SELL,217,AEHR,2023-02-28,33.78,3525.38,2023-01-10,27.64,48.72,59.54,21648.52,21588.97,22.16,33,rotation (out of top-N),2023-01-09,29.28,,5,-1,,91.95,,147,2023-02-27,32.2,,5,-1,,63.89,,196
SELL,218,OII,2023-01-31,20.73,293.34,2023-01-24,19.04,2.79,3.04,497.21,494.17,8.85,5,equal-weight sizing trim,2023-01-23,20.93,,5,-0.2,,71.32,,70,2023-01-30,20.7,,5,-0.3,,66.29,,77
SELL,218,OII,2023-02-07,20.79,4458.26,2023-01-24,19.04,42.44,46.34,7801.96,7755.62,9.14,10,rotation (out of top-N),2023-01-23,20.93,,5,-0.2,,71.32,,70,2023-02-06,21.34,,5,-0.4,,68.25,,84
SELL,219,MNPR,2023-01-31,18.1,5506.42,2023-01-24,16.43,45.24,49.83,9195.73,9145.89,10.11,5,rotation (out of top-N),2023-01-23,17.52,,5,-0.0,,59.54,,63,2023-01-30,17.35,,5,0.0,,56.39,,70
SELL,220,PDD,2023-01-31,95.9,961.94,2023-01-24,94.05,45.24,46.13,1779.59,1733.47,1.92,5,rotation (out of top-N),2023-01-23,104.66,,5,-1,,62.84,,154,2023-01-30,95.67,,5,-0.3,,45.86,,161
SELL,221,ACLS,2023-02-14,126.98,880.59,2023-01-24,106.65,46.96,55.91,17905.06,17849.15,19.01,15,rotation (out of top-N),2023-01-23,110.39,,5,-0.3,,60.66,,77,2023-02-13,121.88,,5,-0.6,,65.79,,98
SELL,222,TDW,2023-01-31,42.1,2167.48,2023-01-24,41.74,45.24,45.63,780.29,734.67,0.81,5,rotation (out of top-N),2023-01-23,43.23,,5,-1,,60.99,,364,2023-01-30,43.7,,5,-1.0,,59.21,,371
SELL,223,ELVN,2023-02-07,20.92,258.68,2023-01-31,18.0,2.33,2.71,755.34,752.63,16.16,5,equal-weight sizing trim,2023-01-30,20.0,,5,-1,,90.1,,140,2023-02-06,20.94,,5,-1,,91.84,,147
SELL,223,ELVN,2023-03-07,21.65,47.88,2023-01-31,18.27,0.44,0.52,161.65,161.13,18.42,24,equal-weight sizing trim,2023-01-30,20.0,,5,-1,,90.1,,140,2023-03-06,21.4,,5,-1,,69.09,,175
SELL,223,ELVN,2023-03-28,23.41,5591.63,2023-01-31,18.44,51.55,65.45,27793.2,27727.75,26.89,39,rotation (out of top-N),2023-01-30,20.0,,5,-1,,90.1,,140,2023-03-27,21.67,,5,-0.8,,55.02,,196
SELL,224,ELF,2023-02-07,68.5,136.03,2023-01-31,56.87,3.87,4.66,1582.01,1577.35,20.39,5,equal-weight sizing trim,2023-01-30,69.73,,5,-1,,70.14,,203,2023-02-06,71.52,,5,-1,,69.47,,210
SELL,224,ELF,2023-02-28,74.3,1506.39,2023-01-31,57.06,42.98,55.96,25970.34,25914.38,30.15,19,rotation (out of top-N),2023-01-30,69.73,,5,-1,,70.14,,203,2023-02-27,75.25,,5,-1,,63.64,,231
SELL,225,POWL,2023-02-07,14.69,7554.85,2023-01-31,12.23,46.2,55.49,18584.94,18529.45,20.05,5,rotation (out of top-N),2023-01-30,14.85,,5,-0.5,,68.14,,91,2023-02-06,13.79,,5,-0.3,,53.32,,98
SELL,226,LMB,2023-02-07,12.73,7517.97,2023-01-31,12.29,46.2,47.85,3307.91,3260.05,3.53,5,rotation (out of top-N),2023-01-30,13.05,,5,-1.0,,61.21,,119,2023-02-06,12.55,,5,-0.6,,52.11,,126
SELL,227,BLBD,2023-02-14,20.44,2000.3,2023-02-07,13.81,13.81,20.44,13261.97,13241.53,47.93,5,equal-weight sizing trim,2023-02-06,19.85,,5,1.5,,74.78,,28,2023-02-13,20.21,,5,1.4,,75.17,,35
SELL,227,BLBD,2023-03-07,21.34,268.36,2023-02-07,14.13,1.9,2.86,1934.82,1931.96,50.95,19,equal-weight sizing trim,2023-02-06,19.85,,5,1.5,,74.78,,28,2023-03-06,20.48,,5,1.1,,68.61,,56
SELL,227,BLBD,2023-03-21,20.13,5690.33,2023-02-07,14.46,41.13,57.27,32291.16,32233.88,39.19,29,rotation (out of top-N),2023-02-06,19.85,,5,1.5,,74.78,,28,2023-03-20,19.57,,5,0.0,,55.72,,70
SELL,228,WFRD,2023-02-14,65.84,197.51,2023-02-07,54.57,5.39,6.5,2225.92,2219.42,20.59,5,equal-weight sizing trim,2023-02-06,65.51,,5,-1.0,,84.3,,119,2023-02-13,61.59,,5,-1,,69.45,,126
SELL,228,WFRD,2023-03-07,67.2,1677.72,2023-02-07,54.63,45.82,56.37,21096.09,21039.72,22.96,19,rotation (out of top-N),2023-02-06,65.51,,5,-1.0,,84.3,,119,2023-03-06,58.58,,5,-0.6,,51.43,,147
SELL,229,PTGX,2023-02-28,16.23,7008.65,2023-02-07,15.0,52.57,56.88,8615.42,8558.54,8.14,14,rotation (out of top-N),2023-02-06,17.2,,5,1.5,,79.91,,28,2023-02-27,15.71,,5,1.4,,54.93,,49
SELL,230,OII,2023-02-14,21.25,4902.45,2023-02-07,20.79,50.96,52.09,2255.13,2203.04,2.16,5,rotation (out of top-N),2023-02-06,21.34,,5,-0.4,,68.25,,84,2023-02-13,19.94,,5,-0.2,,54.38,,91
SELL,231,MDGL,2023-02-28,272.07,21.19,2023-02-14,252.91,2.68,2.88,405.95,403.07,7.52,9,equal-weight sizing trim,2023-02-13,303.61,,5,1.1,,154.98,,56,2023-02-27,272.36,,5,-0.2,,110.48,,70
SELL,231,MDGL,2023-03-14,245.99,430.26,2023-02-14,253.53,54.54,52.92,-3242.41,-3295.33,-3.02,19,ratchet-ATR exit,2023-02-13,303.61,,5,1.1,,154.98,,56,2023-03-13,250.89,,5,-0.4,,81.7,,84
SELL,232,INOD,2023-02-28,7.01,2905.52,2023-02-14,5.8,8.43,10.18,3515.67,3505.49,20.8,9,equal-weight sizing trim,2023-02-13,7.29,,5,2.0,,75.56,,0,2023-02-27,7.24,,5,1.8,,72.2,,14
SELL,232,INOD,2023-03-07,6.85,16044.89,2023-02-14,5.8,46.53,54.95,16847.13,16792.18,18.04,14,rotation (out of top-N),2023-02-13,7.29,,5,2.0,,75.56,,0,2023-03-06,6.34,,5,2.1,,50.89,,21
SELL,233,TNK,2023-03-07,40.25,9.38,2023-02-28,39.02,0.18,0.19,11.54,11.35,3.1,5,equal-weight sizing trim,2023-02-27,41.92,,5,-1,,68.25,,350,2023-03-06,39.4,,5,-0.7,,54.88,,357
SELL,233,TNK,2023-03-14,38.58,2871.66,2023-02-28,39.02,56.03,55.39,-1263.53,-1318.93,-1.18,10,rotation (out of top-N),2023-02-27,41.92,,5,-1,,68.25,,350,2023-03-13,36.08,,5,0.0,,39.38,,364
SELL,234,ACLS,2023-03-21,133.92,30.26,2023-02-28,125.43,1.9,2.03,256.9,254.87,6.72,15,equal-weight sizing trim,2023-02-27,130.0,,5,-0.9,,69.08,,112,2023-03-20,128.7,,5,-0.8,,56.76,,133
SELL,234,ACLS,2023-04-04,130.77,979.55,2023-02-28,125.63,61.53,64.05,5035.07,4971.02,4.04,25,rotation (out of top-N),2023-02-27,130.0,,5,-0.9,,69.08,,112,2023-04-03,125.35,,5,-0.3,,45.89,,147
SELL,235,TDW,2023-03-07,50.38,130.94,2023-02-28,46.35,3.03,3.3,527.05,523.75,8.63,5,equal-weight sizing trim,2023-02-27,49.5,,5,-1,,67.1,,399,2023-03-06,45.85,,5,-0.6,,52.36,,406
SELL,235,TDW,2023-03-14,43.2,2294.48,2023-02-28,46.35,53.17,49.57,-7216.14,-7265.71,-6.83,10,rotation (out of top-N),2023-02-27,49.5,,5,-1,,67.1,,399,2023-03-13,39.67,,5,0.5,,30.39,,413
SELL,236,OII,2023-03-07,21.59,5233.63,2023-02-28,21.48,56.21,56.48,549.53,493.05,0.44,5,rotation (out of top-N),2023-02-27,22.11,,5,-0.8,,65.41,,105,2023-03-06,19.04,,5,0.1,,40.74,,112
SELL,237,FSLR,2023-03-14,206.33,543.34,2023-03-07,212.62,57.76,56.05,-3420.3,-3476.35,-3.01,5,rotation (out of top-N),2023-03-06,207.78,,5,-0.7,,54.18,,210,2023-03-13,199.57,,5,-0.2,,44.56,,217
SELL,238,PTGX,2023-03-14,25.4,2219.29,2023-03-07,16.75,18.59,28.18,19196.85,19168.66,51.57,5,equal-weight sizing trim,2023-03-06,25.02,,5,1.1,,137.47,,56,2023-03-13,22.42,,5,-0.0,,105.44,,63
SELL,238,PTGX,2023-03-28,21.72,5440.14,2023-03-07,17.56,47.78,59.08,22608.47,22549.39,23.6,15,ratchet-ATR exit,2023-03-06,25.02,,5,1.1,,137.47,,56,2023-03-27,23.01,,5,-0.3,,98.67,,77
SELL,239,LMB,2023-03-14,16.47,1368.83,2023-03-07,13.46,9.21,11.27,4120.17,4108.9,22.3,5,equal-weight sizing trim,2023-03-06,14.85,,5,-1,,64.23,,154,2023-03-13,15.18,,5,-1,,63.84,,161
SELL,239,LMB,2023-03-28,16.63,113.75,2023-03-07,13.61,0.77,0.95,343.09,342.15,22.09,15,equal-weight sizing trim,2023-03-06,14.85,,5,-1,,64.23,,154,2023-03-27,17.37,,5,-1,,77.62,,175
SELL,239,LMB,2023-04-04,17.49,63.99,2023-03-07,13.61,0.44,0.56,248.03,247.47,28.41,20,equal-weight sizing trim,2023-03-06,14.85,,5,-1,,64.23,,154,2023-04-03,16.79,,5,-1,,66.83,,182
SELL,239,LMB,2023-04-25,16.56,7581.0,2023-03-07,13.66,51.77,62.77,21994.25,21931.48,21.18,34,ratchet-ATR exit,2023-03-06,14.85,,5,-1,,64.23,,154,2023-04-24,16.9,,5,-0.7,,54.11,,203
SELL,240,TGTX,2023-03-14,15.3,6603.41,2023-03-07,17.5,57.76,50.52,-14494.49,-14545.01,-12.59,5,ratchet-ATR exit,2023-03-06,14.1,,5,-0.8,,60.4,,105,2023-03-13,14.83,,5,-0.9,,63.99,,112
SELL,241,NVDA,2023-03-21,26.15,364.19,2023-03-14,23.48,4.28,4.76,972.4,967.63,11.32,5,equal-weight sizing trim,2023-03-13,25.7,,5,1.4,,52.71,,56,2023-03-20,26.76,,5,0.1,,56.48,,63
SELL,241,NVDA,2023-04-04,27.95,62.52,2023-03-14,23.52,0.74,0.87,276.86,275.98,18.77,15,equal-weight sizing trim,2023-03-13,25.7,,5,1.4,,52.71,,56,2023-04-03,27.01,,5,0.1,,52.77,,77
SELL,241,NVDA,2023-04-11,27.69,4697.94,2023-03-14,23.52,55.25,65.04,19582.41,19517.37,17.66,19,rotation (out of top-N),2023-03-13,25.7,,5,1.4,,52.71,,56,2023-04-10,26.74,,5,0.2,,48.94,,84
SELL,242,INOD,2023-03-21,7.25,1902.78,2023-03-14,6.31,6.0,6.9,1798.13,1791.23,14.92,5,equal-weight sizing trim,2023-03-13,6.86,,5,1.5,,61.48,,28,2023-03-20,7.38,,5,1.4,,70.97,,35
SELL,242,INOD,2023-03-28,8.08,1334.2,2023-03-14,6.31,4.21,5.39,2361.53,2356.14,27.99,10,equal-weight sizing trim,2023-03-13,6.86,,5,1.5,,61.48,,28,2023-03-27,8.48,,5,1.3,,92.35,,42
SELL,242,INOD,2023-04-18,8.41,221.02,2023-03-14,6.43,0.71,0.93,438.13,437.2,30.77,24,equal-weight sizing trim,2023-03-13,6.86,,5,1.5,,61.48,,28,2023-04-17,8.58,,5,-0.0,,84.23,,63
SELL,242,INOD,2023-04-25,7.7,16532.23,2023-03-14,6.43,53.13,63.61,20951.26,20887.66,19.66,29,rotation (out of top-N),2023-03-13,6.86,,5,1.5,,61.48,,28,2023-04-24,6.59,,5,0.8,,40.37,,70
SELL,243,AEHR,2023-03-21,33.99,237.26,2023-03-14,30.86,3.66,4.03,742.61,738.58,10.09,5,equal-weight sizing trim,2023-03-13,32.27,,5,-0.8,,55.58,,210,2023-03-20,38.1,,5,-1,,77.19,,217
SELL,243,AEHR,2023-03-28,38.02,3611.01,2023-03-14,30.86,55.72,68.65,25872.87,25804.22,23.16,10,rotation (out of top-N),2023-03-13,32.27,,5,-0.8,,55.58,,210,2023-03-27,31.04,,5,-0.0,,40.6,,224
SELL,244,ELF,2023-03-21,75.17,40.42,2023-03-14,70.97,1.43,1.52,169.57,168.05,5.86,5,equal-weight sizing trim,2023-03-13,72.48,,5,-0.5,,50.34,,245,2023-03-20,78.49,,5,-0.9,,58.46,,252
SELL,244,ELF,2023-03-28,79.17,42.27,2023-03-14,70.98,1.5,1.67,346.19,344.51,11.48,10,equal-weight sizing trim,2023-03-13,72.48,,5,-0.5,,50.34,,245,2023-03-27,82.34,,5,-1,,61.82,,259
SELL,244,ELF,2023-04-04,83.16,11.47,2023-03-14,70.97,0.41,0.48,139.72,139.24,17.1,15,equal-weight sizing trim,2023-03-13,72.48,,5,-0.5,,50.34,,245,2023-04-03,81.34,,5,-0.8,,55.97,,266
SELL,244,ELF,2023-04-18,91.59,62.91,2023-03-14,70.99,2.23,2.88,1295.95,1293.07,28.95,24,equal-weight sizing trim,2023-03-13,72.48,,5,-0.5,,50.34,,245,2023-04-17,96.83,,5,-1,,75.27,,280
SELL,244,ELF,2023-05-02,93.08,1551.65,2023-03-14,71.5,55.47,72.21,33478.31,33406.1,30.11,34,rotation (out of top-N),2023-03-13,72.48,,5,-0.5,,50.34,,245,2023-05-01,88.33,,5,-0.6,,52.0,,294
SELL,245,PLPC,2023-03-21,119.37,1011.48,2023-03-14,117.41,59.38,60.37,1982.49,1922.12,1.62,5,rotation (out of top-N),2023-03-13,116.01,,5,-0.5,,49.2,,224,2023-03-20,122.31,,5,-0.7,,54.21,,231
SELL,246,MDGL,2023-04-18,269.93,26.22,2023-03-21,255.23,3.35,3.54,385.39,381.85,5.71,19,equal-weight sizing trim,2023-03-20,233.39,,5,-0.5,,64.18,,91,2023-04-17,303.22,,5,-1.0,,88.92,,119
SELL,246,MDGL,2023-04-25,304.55,32.79,2023-03-21,255.23,4.19,4.99,1617.36,1612.37,19.26,24,equal-weight sizing trim,2023-03-20,233.39,,5,-0.5,,64.18,,91,2023-04-24,311.72,,5,-1,,87.07,,126
SELL,246,MDGL,2023-05-16,279.56,601.81,2023-03-21,265.1,79.77,84.12,8700.08,8615.96,5.4,39,rotation (out of top-N),2023-03-20,233.39,,5,-0.5,,64.18,,91,2023-05-15,276.7,,5,-0.6,,51.09,,147
SELL,247,TGTX,2023-04-04,16.59,462.23,2023-03-21,15.0,3.47,3.84,736.87,733.04,10.57,10,equal-weight sizing trim,2023-03-20,14.69,,5,-0.9,,57.79,,119,2023-04-03,15.5,,5,-0.9,,57.36,,133
SELL,247,TGTX,2023-04-11,19.45,1034.35,2023-03-21,15.0,7.76,10.06,4602.03,4591.97,29.59,14,equal-weight sizing trim,2023-03-20,14.69,,5,-0.9,,57.79,,119,2023-04-10,20.32,,5,-1,,98.88,,140
SELL,247,TGTX,2023-04-18,20.56,115.66,2023-03-21,15.0,0.87,1.19,642.96,641.77,36.99,19,equal-weight sizing trim,2023-03-20,14.69,,5,-0.9,,57.79,,119,2023-04-17,22.15,,5,-1,,108.64,,147
SELL,247,TGTX,2023-04-25,22.64,274.8,2023-03-21,15.0,2.06,3.11,2099.24,2096.13,50.85,24,equal-weight sizing trim,2023-03-20,14.69,,5,-0.9,,57.79,,119,2023-04-24,24.82,,5,-1,,124.04,,154
SELL,247,TGTX,2023-05-02,30.82,1328.64,2023-03-21,15.0,9.97,20.47,21018.04,20997.57,105.35,29,equal-weight sizing trim,2023-03-20,14.69,,5,-0.9,,57.79,,119,2023-05-01,34.26,,5,-1,,190.66,,161
SELL,247,TGTX,2023-05-23,29.09,6500.65,2023-03-21,18.2,59.16,94.54,70753.03,70658.49,59.72,44,ratchet-ATR exit,2023-03-20,14.69,,5,-0.9,,57.79,,119,2023-05-22,27.23,,5,-1,,102.44,,182
SELL,248,BLBD,2023-04-04,19.86,6228.76,2023-03-28,20.2,62.93,61.85,-2148.92,-2210.77,-1.76,5,rotation (out of top-N),2023-03-27,20.44,,5,-0.3,,59.48,,77,2023-04-03,19.09,,5,0.3,,46.13,,84
SELL,249,BBIO,2023-04-04,16.58,8614.1,2023-03-28,14.61,62.93,71.41,16969.78,16898.37,13.43,5,rotation (out of top-N),2023-03-27,16.56,,5,1.3,,58.49,,49,2023-04-03,15.64,,5,1.7,,47.65,,56
SELL,250,PLPC,2023-04-04,116.2,1032.25,2023-03-28,121.92,62.93,59.97,-5904.47,-5964.45,-4.74,5,rotation (out of top-N),2023-03-27,126.73,,5,-0.8,,56.6,,238,2023-04-03,116.2,,5,-0.1,,41.14,,245
SELL,251,COCO,2023-04-11,21.91,529.22,2023-04-04,19.78,5.23,5.8,1127.23,1121.43,10.71,4,equal-weight sizing trim,2023-04-03,20.77,,5,-0.5,,50.82,,126,2023-04-10,21.39,,5,-0.6,,52.44,,133
SELL,251,COCO,2023-04-18,21.47,6105.85,2023-04-04,19.78,60.39,65.55,10318.89,10253.35,8.49,9,rotation (out of top-N),2023-04-03,20.77,,5,-0.5,,50.82,,126,2023-04-17,20.66,,5,-0.2,,44.96,,140
SELL,252,AU,2023-04-11,24.16,455.55,2023-04-04,21.9,4.99,5.5,1029.55,1024.04,10.26,4,equal-weight sizing trim,2023-04-03,23.96,,5,-0.7,,56.31,,112,2023-04-10,24.69,,5,-0.9,,58.04,,119
SELL,252,AU,2023-04-18,24.08,5537.22,2023-04-04,21.9,60.63,66.67,12071.14,12004.47,9.9,9,rotation (out of top-N),2023-04-03,23.96,,5,-0.7,,56.31,,112,2023-04-17,23.63,,5,-0.4,,48.49,,126
SELL,253,PTGX,2023-04-11,18.48,5773.94,2023-04-04,22.73,65.62,53.35,-24539.25,-24592.6,-18.74,4,ratchet-ATR exit,2023-04-03,18.47,,5,-0.2,,55.9,,84,2023-04-10,18.73,,5,-0.3,,55.12,,91
SELL,254,VIST,2023-04-11,21.62,29.28,2023-04-04,21.11,0.31,0.32,14.94,14.62,2.36,4,equal-weight sizing trim,2023-04-03,20.59,,5,-0.8,,56.12,,999,2023-04-10,22.39,,5,-1,,64.92,,999
SELL,254,VIST,2023-04-18,22.6,35.72,2023-04-04,21.11,0.38,0.4,53.22,52.82,7.0,9,equal-weight sizing trim,2023-04-03,20.59,,5,-0.8,,56.12,,999,2023-04-17,21.16,,5,-0.6,,51.64,,999
SELL,254,VIST,2023-04-25,20.76,6152.04,2023-04-04,21.11,64.93,63.86,-2153.21,-2217.07,-1.71,14,rotation (out of top-N),2023-04-03,20.59,,5,-0.8,,56.12,,999,2023-04-24,20.94,,5,-0.3,,46.21,,999
SELL,255,YPF,2023-04-18,12.31,10752.9,2023-04-11,12.44,66.86,66.18,-1344.11,-1410.3,-1.05,5,rotation (out of top-N),2023-04-10,12.45,,5,-0.6,,52.16,,231,2023-04-17,11.31,,5,0.3,,34.79,,238
SELL,256,WFRD,2023-04-18,63.12,2261.33,2023-04-11,59.13,66.86,71.37,9022.7,8951.33,6.69,5,rotation (out of top-N),2023-04-10,63.86,,5,-0.5,,49.6,,182,2023-04-17,60.99,,5,0.0,,39.33,,189
SELL,257,MSGE,2023-04-25,30.77,5230.2,2023-04-18,26.57,69.48,80.47,21966.85,21886.39,15.75,5,rotation (out of top-N),2023-04-17,56.88,,5,1.1,,130.98,,56,2023-04-24,32.35,,5,1.4,,30.56,,63
SELL,258,PTGX,2023-04-25,23.98,514.46,2023-04-18,20.93,5.38,6.17,1569.11,1562.94,14.52,5,equal-weight sizing trim,2023-04-17,24.01,,5,-0.6,,93.04,,98,2023-04-24,22.61,,5,-0.8,,77.23,,105
SELL,258,PTGX,2023-06-06,28.58,49.71,2023-04-18,21.8,0.54,0.71,336.96,336.25,31.02,34,equal-weight sizing trim,2023-04-17,24.01,,5,-0.6,,93.04,,98,2023-06-05,29.06,,5,-1,,90.75,,147
SELL,258,PTGX,2023-06-13,29.03,7971.95,2023-04-18,21.8,86.9,115.71,57621.63,57505.92,33.09,39,rotation (out of top-N),2023-04-17,24.01,,5,-0.6,,93.04,,98,2023-06-12,27.67,,5,-1,,76.19,,154
SELL,259,IPAR,2023-04-25,143.19,1003.73,2023-04-18,138.45,69.48,71.86,4757.68,4685.82,3.37,5,rotation (out of top-N),2023-04-17,144.46,,5,-0.7,,54.98,,161,2023-04-24,139.6,,5,-0.4,,47.15,,168
SELL,260,IRON,2023-04-25,30.48,786.84,2023-04-18,24.79,9.75,11.99,4477.1,4465.1,22.89,5,equal-weight sizing trim,2023-04-17,31.08,,5,-1,,65.44,,189,2023-04-24,32.81,,5,-1,,70.81,,196
SELL,260,IRON,2023-05-02,33.52,75.46,2023-04-18,24.79,0.94,1.26,658.73,657.46,35.15,10,equal-weight sizing trim,2023-04-17,31.08,,5,-1,,65.44,,189,2023-05-01,30.8,,5,-0.9,,57.2,,203
SELL,260,IRON,2023-05-23,34.19,6176.7,2023-04-18,26.18,80.85,105.59,49482.54,49376.95,30.54,25,rotation (out of top-N),2023-04-17,31.08,,5,-1,,65.44,,189,2023-05-22,32.19,,5,-0.7,,54.62,,224
SELL,261,COCO,2023-05-02,21.4,7322.05,2023-04-25,20.05,73.4,78.35,9884.76,9806.42,6.68,5,rotation (out of top-N),2023-04-24,21.64,,5,-0.5,,49.25,,147,2023-05-01,22.62,,5,-0.7,,53.22,,154
SELL,262,CMPR,2023-05-02,51.14,3241.49,2023-04-25,45.29,73.4,82.88,18962.71,18879.82,12.86,5,rotation (out of top-N),2023-04-24,51.95,,5,-0.1,,59.17,,70,2023-05-01,47.16,,5,0.5,,43.71,,77
SELL,263,META,2023-05-02,241.22,701.86,2023-04-25,209.17,73.4,84.65,22494.45,22409.8,15.26,5,rotation (out of top-N),2023-04-24,238.32,,5,0.1,,54.13,,70,2023-05-01,230.99,,5,0.3,,47.64,,77
SELL,264,NVDA,2023-05-02,28.65,5427.25,2023-04-25,27.05,73.4,77.75,8683.59,8605.85,5.86,5,rotation (out of top-N),2023-04-24,27.72,,5,-0.1,,49.85,,98,2023-05-01,28.65,,5,-0.4,,52.71,,105
SELL,265,IPAR,2023-05-02,138.45,1025.26,2023-04-25,143.19,73.4,70.97,-4859.73,-4930.71,-3.36,5,rotation (out of top-N),2023-04-24,139.6,,5,-0.4,,47.15,,168,2023-05-01,140.98,,5,-0.3,,46.08,,175
SELL,266,BLDR,2023-05-09,113.51,1703.06,2023-05-02,93.31,79.46,96.66,34393.33,34296.67,21.58,5,rotation (out of top-N),2023-05-01,111.22,,5,-0.7,,54.25,,140,2023-05-08,115.81,,5,-0.9,,58.03,,147
SELL,267,PLPC,2023-05-09,140.17,1367.65,2023-05-02,116.2,79.46,95.85,32782.62,32686.77,20.57,5,rotation (out of top-N),2023-05-01,148.58,,5,-1,,66.26,,273,2023-05-08,144.81,,5,-0.9,,58.63,,280
SELL,268,AU,2023-05-09,24.98,6682.98,2023-05-02,23.78,79.46,83.47,8019.57,7936.1,4.99,5,rotation (out of top-N),2023-05-01,25.33,,5,-0.7,,53.39,,140,2023-05-08,22.83,,5,0.2,,36.23,,147
SELL,269,GRBK,2023-05-09,50.34,692.95,2023-05-02,36.75,12.73,17.44,9417.14,9399.69,36.91,5,equal-weight sizing trim,2023-05-01,48.04,,5,-1,,71.47,,168,2023-05-08,50.26,,5,-1,,75.82,,175
SELL,269,GRBK,2023-05-23,50.59,3845.08,2023-05-02,37.48,72.06,97.26,50404.41,50307.14,34.91,15,rotation (out of top-N),2023-05-01,48.04,,5,-1,,71.47,,168,2023-05-22,47.97,,5,-1,,61.79,,189
SELL,270,SMCI,2023-05-09,13.65,15063.62,2023-05-02,10.55,79.46,102.81,46697.22,46594.41,29.32,5,rotation (out of top-N),2023-05-01,13.72,,5,-1,,65.93,,378,2023-05-08,13.46,,5,-1.0,,59.15,,385
SELL,271,SHOP,2023-05-09,63.46,3392.85,2023-05-02,46.84,79.46,107.66,56389.2,56281.54,35.41,5,rotation (out of top-N),2023-05-01,62.03,,5,-0.7,,57.62,,112,2023-05-08,61.31,,5,-0.7,,53.78,,119
SELL,272,COCO,2023-05-16,24.09,7831.77,2023-05-09,23.33,91.36,94.33,5952.15,5857.81,3.21,5,rotation (out of top-N),2023-05-08,24.39,,5,-1,,62.1,,161,2023-05-15,24.4,,5,-1.0,,59.21,,168
SELL,273,BLBD,2023-05-16,23.41,1207.6,2023-05-09,19.43,11.73,14.14,4812.27,4798.13,20.45,5,equal-weight sizing trim,2023-05-08,26.34,,5,-1.0,,84.11,,119,2023-05-15,27.05,,5,-1,,84.34,,126
SELL,273,BLBD,2023-05-23,28.09,871.2,2023-05-09,19.43,8.46,12.24,7544.61,7532.37,44.5,10,equal-weight sizing trim,2023-05-08,26.34,,5,-1.0,,84.11,,119,2023-05-22,26.36,,5,-1,,75.31,,133
SELL,273,BLBD,2023-06-06,21.57,7324.97,2023-05-09,19.43,71.16,79.0,15675.44,15596.44,10.96,19,rotation (out of top-N),2023-05-08,26.34,,5,-1.0,,84.11,,119,2023-06-05,21.43,,5,0.1,,37.02,,147
SELL,274,LMB,2023-05-16,20.19,506.42,2023-05-09,18.25,4.62,5.11,982.46,977.35,10.57,5,equal-weight sizing trim,2023-05-08,19.41,,5,-1,,67.13,,217,2023-05-15,21.37,,5,-1,,78.32,,224
SELL,274,LMB,2023-05-23,21.68,16.85,2023-05-09,18.25,0.15,0.18,57.89,57.71,18.76,10,equal-weight sizing trim,2023-05-08,19.41,,5,-1,,67.13,,217,2023-05-22,21.26,,5,-1,,72.32,,231
SELL,274,LMB,2023-06-06,22.07,9488.52,2023-05-09,18.25,86.58,104.73,36293.58,36188.85,20.9,19,rotation (out of top-N),2023-05-08,19.41,,5,-1,,67.13,,217,2023-06-05,22.49,,5,-1,,72.4,,245
SELL,275,POWL,2023-05-16,18.68,537.82,2023-05-09,16.9,4.54,5.02,957.31,952.29,10.48,5,equal-weight sizing trim,2023-05-08,17.56,,5,-1.0,,59.21,,189,2023-05-15,19.35,,5,-1,,71.32,,196
SELL,275,POWL,2023-06-06,20.21,10897.91,2023-05-09,17.01,92.71,110.12,34836.23,34726.11,18.73,19,rotation (out of top-N),2023-05-08,17.56,,5,-1.0,,59.21,,189,2023-06-05,20.55,,5,-1,,68.52,,217
SELL,276,INOD,2023-05-16,9.82,3497.9,2023-05-09,7.93,13.87,17.17,6611.02,6593.85,23.77,5,equal-weight sizing trim,2023-05-08,9.3,,5,-0.4,,95.16,,84,2023-05-15,9.89,,5,-0.5,,102.29,,91
SELL,276,INOD,2023-06-06,11.24,223.1,2023-05-09,8.03,0.9,1.25,716.63,715.37,39.94,19,equal-weight sizing trim,2023-05-08,9.3,,5,-0.4,,95.16,,84,2023-06-05,10.51,,5,-0.9,,93.02,,112
SELL,276,INOD,2023-06-27,10.62,52.58,2023-05-09,8.33,0.22,0.28,120.27,119.99,27.39,33,equal-weight sizing trim,2023-05-08,9.3,,5,-0.4,,95.16,,84,2023-06-26,11.35,,5,-1,,87.5,,133
SELL,276,INOD,2023-07-05,10.82,23380.87,2023-05-09,8.33,97.41,126.49,58159.41,58032.92,29.79,38,rotation (out of top-N),2023-05-08,9.3,,5,-0.4,,95.16,,84,2023-07-03,10.57,,5,-1,,69.36,,140
SELL,277,HOV,2023-05-23,90.29,58.95,2023-05-16,82.05,2.42,2.66,485.74,483.08,9.99,5,equal-weight sizing trim,2023-05-15,91.18,,5,-1,,69.09,,126,2023-05-22,93.05,,5,-1,,68.93,,133
SELL,277,HOV,2023-06-06,92.55,2278.86,2023-05-16,82.05,93.49,105.45,23928.06,23822.6,12.74,14,rotation (out of top-N),2023-05-15,91.18,,5,-1,,69.09,,126,2023-06-05,90.26,,5,-0.9,,57.14,,147
SELL,278,SMCI,2023-05-23,16.27,1213.15,2023-05-16,13.84,8.39,9.87,2947.95,2938.08,17.5,5,equal-weight sizing trim,2023-05-15,16.42,,5,-1,,88.63,,392,2023-05-22,21.92,,5,-1,,141.46,,399
SELL,278,SMCI,2023-06-06,22.16,2364.99,2023-05-16,13.84,16.37,26.2,19676.72,19650.52,60.04,14,equal-weight sizing trim,2023-05-15,16.42,,5,-1,,88.63,,392,2023-06-05,26.18,,5,-1,,163.06,,413
SELL,278,SMCI,2023-06-13,26.08,1039.59,2023-05-16,13.84,7.19,13.56,12724.54,12710.98,88.35,19,equal-weight sizing trim,2023-05-15,16.42,,5,-1,,88.63,,392,2023-06-12,23.08,,5,-1,,122.74,,420
SELL,278,SMCI,2023-06-27,22.34,9241.92,2023-05-16,13.84,63.95,103.23,78556.33,78453.1,61.34,28,ratchet-ATR exit,2023-05-15,16.42,,5,-1,,88.63,,392,2023-06-26,24.93,,5,-1,,121.87,,434
SELL,279,PLTR,2023-06-06,15.28,2284.41,2023-05-23,11.96,13.66,17.45,7584.24,7566.79,27.7,9,equal-weight sizing trim,2023-05-22,13.64,,5,1.3,,70.03,,42,2023-06-05,15.01,,5,1.1,,79.18,,56
SELL,279,PLTR,2023-06-13,16.22,50.87,2023-05-23,11.96,0.3,0.41,216.71,216.3,35.55,14,equal-weight sizing trim,2023-05-22,13.64,,5,1.3,,70.03,,42,2023-06-12,16.32,,5,-0.0,,89.97,,63
SELL,279,PLTR,2023-06-27,14.25,14860.01,2023-05-23,11.96,88.86,105.88,34029.41,33923.54,19.09,23,rotation (out of top-N),2023-05-22,13.64,,5,1.3,,70.03,,42,2023-06-26,15.33,,5,-0.3,,71.38,,77
SELL,280,NVDA,2023-06-06,38.79,764.7,2023-05-23,30.98,11.85,14.83,5972.33,5957.5,25.15,9,equal-weight sizing trim,2023-05-22,38.89,,5,-1,,96.06,,126,2023-06-05,38.75,,5,-1,,84.17,,140
SELL,280,NVDA,2023-07-18,46.67,139.34,2023-05-23,33.2,2.31,3.25,1877.09,1873.84,40.51,37,equal-weight sizing trim,2023-05-22,38.89,,5,-1,,96.06,,126,2023-07-17,44.3,5.0,5,-1,1.0,72.8,2.94,182
SELL,280,NVDA,2023-07-25,44.91,7210.62,2023-05-23,33.2,119.69,161.91,84448.96,84287.05,35.21,42,rotation (out of top-N),2023-05-22,38.89,,5,-1,,96.06,,126,2023-07-24,46.71,4.6,5,-1,1.4,76.31,2.33,189
SELL,281,RMBS,2023-06-06,62.9,3495.76,2023-05-23,58.83,102.83,109.94,14227.75,14117.81,6.86,9,rotation (out of top-N),2023-05-22,66.44,,5,-1,,68.75,,217,2023-06-05,63.69,,5,-0.7,,54.24,,231
SELL,282,COCO,2023-06-13,28.84,8503.52,2023-06-06,26.78,113.86,122.6,17474.74,17352.14,7.62,5,rotation (out of top-N),2023-06-05,28.06,,5,-1,,72.75,,189,2023-06-12,28.83,,5,-1,,74.01,,196
SELL,283,MDB,2023-06-13,387.5,591.46,2023-06-06,385.02,113.86,114.6,1466.82,1352.23,0.59,5,rotation (out of top-N),2023-06-05,374.61,,5,1.3,,73.27,,42,2023-06-12,380.23,,5,1.2,,73.63,,49
SELL,284,TGTX,2023-06-13,26.45,8983.21,2023-06-06,25.35,113.86,118.8,9881.53,9762.72,4.29,5,rotation (out of top-N),2023-06-05,27.47,,5,-1,,89.94,,196,2023-06-12,25.63,,5,-1,,71.76,,203
SELL,285,GRBK,2023-06-13,56.91,4399.19,2023-06-06,51.77,113.86,125.18,22633.85,22508.68,9.88,5,rotation (out of top-N),2023-06-05,55.69,,5,-1,,79.1,,203,2023-06-12,54.3,,5,-1,,70.49,,210
SELL,286,IRON,2023-06-13,47.34,449.29,2023-06-06,41.1,9.23,10.63,2803.54,2792.91,15.12,5,equal-weight sizing trim,2023-06-05,45.9,,5,-1,,106.78,,238,2023-06-12,49.49,,5,-1,,114.29,,245
SELL,286,IRON,2023-06-27,49.59,84.8,2023-06-06,41.1,1.74,2.1,720.38,718.27,20.61,14,equal-weight sizing trim,2023-06-05,45.9,,5,-1,,106.78,,238,2023-06-26,44.37,,5,-1,,78.56,,259
SELL,286,IRON,2023-07-18,46.13,6634.57,2023-06-06,41.72,138.41,153.03,29238.07,29085.05,10.51,28,rotation (out of top-N),2023-06-05,45.9,,5,-1,,106.78,,238,2023-07-17,45.89,,5,-1,,69.71,,280
SELL,287,BELFA,2023-06-27,53.4,4416.29,2023-06-13,54.55,120.45,117.92,-5078.74,-5196.65,-2.16,9,rotation (out of top-N),2023-06-12,57.48,,5,1.9,,76.67,,7,2023-06-26,57.38,,5,1.7,,68.82,,21
SELL,288,LMB,2023-06-27,23.71,10179.96,2023-06-13,23.66,120.45,120.68,458.1,337.41,0.14,9,rotation (out of top-N),2023-06-12,24.07,,5,-1,,79.02,,252,2023-06-26,24.72,,5,-1,,73.14,,266
SELL,289,SKYW,2023-06-27,39.08,339.08,2023-06-13,35.99,6.1,6.63,1046.07,1039.44,8.52,9,equal-weight sizing trim,2023-06-12,38.72,,5,-0.3,,82.21,,77,2023-06-26,40.77,,5,-0.5,,81.99,,91
SELL,289,SKYW,2023-07-11,42.35,6893.09,2023-06-13,36.34,125.23,145.96,41456.79,41310.83,16.49,18,rotation (out of top-N),2023-06-12,38.72,,5,-0.3,,82.21,,77,2023-07-10,40.42,,5,-0.8,,71.33,,105
SELL,290,AAOI,2023-06-27,4.71,19788.21,2023-06-13,3.32,32.85,46.55,27406.67,27360.12,41.65,9,equal-weight sizing trim,2023-06-12,4.85,,5,2.0,,99.28,,0,2023-06-26,5.95,,5,1.8,,135.61,,14
SELL,290,AAOI,2023-07-05,6.31,8694.32,2023-06-13,3.32,14.43,27.43,25996.03,25968.6,89.97,14,equal-weight sizing trim,2023-06-12,4.85,,5,2.0,,99.28,,0,2023-07-03,7.18,,5,1.7,,172.32,,21
SELL,290,AAOI,2023-07-11,8.62,7853.46,2023-06-13,3.32,13.04,33.83,41584.09,41550.26,159.36,18,equal-weight sizing trim,2023-06-12,4.85,,5,2.0,,99.28,,0,2023-07-10,9.13,,5,1.5,,226.73,,28
SELL,290,AAOI,2023-08-08,11.56,19071.69,2023-06-13,4.55,43.42,110.23,133626.88,133516.64,153.75,38,equal-weight sizing trim,2023-06-12,4.85,,5,2.0,,99.28,,0,2023-08-07,12.38,,5,1.1,,255.1,,56
SELL,290,AAOI,2023-08-15,14.89,4035.32,2023-06-13,4.55,9.19,30.05,41731.52,41701.47,226.95,43,equal-weight sizing trim,2023-06-12,4.85,,5,2.0,,99.28,,0,2023-08-14,12.78,,5,-0.0,,241.0,,63
SELL,290,AAOI,2023-08-22,15.54,1111.79,2023-06-13,4.55,2.53,8.64,12214.74,12206.1,241.11,48,equal-weight sizing trim,2023-06-12,4.85,,5,2.0,,99.28,,0,2023-08-21,12.99,,5,-0.2,,223.32,,70
SELL,290,AAOI,2023-09-12,11.7,37122.88,2023-06-13,5.98,110.98,217.17,212370.16,212152.99,95.58,62,ratchet-ATR exit,2023-06-12,4.85,,5,2.0,,99.28,,0,2023-09-11,9.86,,5,-0.5,,107.92,,91
SELL,291,CVNA,2023-07-05,5.31,4787.39,2023-06-13,4.39,10.51,12.71,4408.89,4396.17,20.92,14,equal-weight sizing trim,2023-06-12,5.05,,5,1.9,,121.33,,7,2023-07-03,5.89,,5,1.5,,159.44,,28
SELL,291,CVNA,2023-07-11,6.92,7258.45,2023-06-13,4.39,15.93,25.11,18348.92,18323.81,57.5,18,equal-weight sizing trim,2023-06-12,5.05,,5,1.9,,121.33,,7,2023-07-10,7.54,7.4,5,1.4,1.4,219.35,9.01,35
SELL,291,CVNA,2023-07-25,9.25,9078.04,2023-06-13,4.45,20.18,41.97,43568.62,43526.65,107.83,28,equal-weight sizing trim,2023-06-12,5.05,,5,1.9,,121.33,,7,2023-07-24,8.8,7.2,5,1.2,1.2,231.8,8.18,49
SELL,291,CVNA,2023-08-29,8.9,4363.49,2023-06-13,5.95,12.99,19.42,12862.53,12843.11,49.45,53,equal-weight sizing trim,2023-06-12,5.05,,5,1.9,,121.33,,7,2023-08-28,10.17,6.6,5,-0.4,0.6,191.73,5.58,84
SELL,291,CVNA,2023-09-12,10.0,5628.03,2023-06-13,5.95,16.75,28.13,22769.65,22741.51,67.89,62,equal-weight sizing trim,2023-06-12,5.05,,5,1.9,,121.33,,7,2023-09-11,10.45,6.3,5,-0.6,0.4,166.8,4.47,98
SELL,291,CVNA,2023-09-19,10.41,2882.53,2023-06-13,5.95,8.58,15.0,12849.63,12834.63,74.8,67,equal-weight sizing trim,2023-06-12,5.05,,5,1.9,,121.33,,7,2023-09-18,8.39,6.2,5,-0.8,0.2,104.65,6.17,105
SELL,291,CVNA,2023-09-26,7.91,45801.87,2023-06-13,5.95,136.31,181.15,89668.99,89487.84,32.82,72,ratchet-ATR exit,2023-06-12,5.05,,5,1.9,,121.33,,7,2023-09-25,8.4,6.1,5,-0.9,0.1,95.83,5.44,112
SELL,292,HUT,2023-07-05,17.15,1700.7,2023-06-27,13.85,11.78,14.58,5612.31,5597.72,23.76,5,equal-weight sizing trim,2023-06-26,16.55,,5,1.1,,88.33,,56,2023-07-03,19.0,,5,-0.0,,110.2,,63
SELL,292,HUT,2023-07-11,19.65,335.81,2023-06-27,13.85,2.33,3.3,1947.68,1944.38,41.81,9,equal-weight sizing trim,2023-06-26,16.55,,5,1.1,,88.33,,56,2023-07-10,20.8,,5,-0.2,,123.12,,70
SELL,292,HUT,2023-08-01,17.1,19768.26,2023-06-27,14.68,145.07,169.02,47903.45,47734.43,16.45,24,rotation (out of top-N),2023-06-26,16.55,,5,1.1,,88.33,,56,2023-07-31,15.55,,5,-0.4,,58.15,,91
SELL,293,MDB,2023-07-05,406.56,646.4,2023-06-27,383.94,124.09,131.4,14618.45,14487.05,5.84,5,rotation (out of top-N),2023-06-26,411.01,,5,-0.0,,79.77,,63,2023-07-03,388.72,,5,-0.2,,66.56,,70
SELL,294,CCL,2023-07-05,18.7,2112.87,2023-06-27,14.61,15.43,19.76,8641.64,8621.89,27.93,5,equal-weight sizing trim,2023-06-26,18.62,,5,-1,,83.51,,147,2023-07-03,18.84,,5,-1,,80.39,,154
SELL,294,CCL,2023-07-11,19.12,14874.17,2023-06-27,14.61,108.66,142.2,67082.52,66940.32,30.8,9,rotation (out of top-N),2023-06-26,18.62,,5,-1,,83.51,,147,2023-07-10,17.06,4.5,5,-1.0,1.5,59.39,2.27,161
SELL,295,LMB,2023-07-18,28.06,11934.11,2023-06-27,24.01,143.28,167.44,48318.18,48150.75,16.8,14,rotation (out of top-N),2023-06-26,24.72,,5,-1,,73.14,,266,2023-07-17,25.07,,5,-1,,60.14,,287
SELL,296,ROOT,2023-07-11,10.81,29325.73,2023-07-05,9.48,139.0,158.51,39003.23,38844.72,13.97,4,rotation (out of top-N),2023-07-03,10.16,,5,1.8,,71.52,,14,2023-07-10,9.87,,5,1.7,,65.46,,21
SELL,297,SMCI,2023-07-18,30.16,195.12,2023-07-05,24.95,2.43,2.94,1015.85,1012.91,20.8,9,equal-weight sizing trim,2023-07-03,25.99,,5,-1,,121.23,,441,2023-07-17,30.31,5.5,5,-1,0.5,133.85,3.82,455
SELL,297,SMCI,2023-07-25,30.96,130.24,2023-07-05,24.95,1.62,2.02,782.24,780.23,24.01,14,equal-weight sizing trim,2023-07-03,25.99,,5,-1,,121.23,,441,2023-07-24,33.45,5.9,5,-1,0.1,145.31,4.28,462
SELL,297,SMCI,2023-08-08,34.37,11186.86,2023-07-05,25.06,140.16,192.25,104174.67,103982.43,37.09,24,rotation (out of top-N),2023-07-03,25.99,,5,-1,,121.23,,441,2023-08-07,25.47,5.7,5,-1,0.3,72.63,4.0,476
SELL,298,COIN,2023-07-18,104.38,3856.57,2023-07-11,80.89,155.97,201.27,90610.1,90408.82,28.98,5,rotation (out of top-N),2023-07-10,105.42,5.8,5,-1.0,0.2,79.38,4.17,119,2023-07-17,100.84,6,5,-1,0.0,68.9,6.87,126
SELL,299,PLTR,2023-07-18,17.88,90.1,2023-07-11,16.5,0.74,0.81,124.79,123.98,8.34,5,equal-weight sizing trim,2023-07-10,16.4,5.6,5,-0.5,1.4,75.75,3.19,91,2023-07-17,16.43,5.6,5,-0.6,1.1,72.02,3.36,98
SELL,299,PLTR,2023-08-01,19.4,2188.95,2023-07-11,16.49,18.05,21.23,6374.45,6353.21,17.6,15,equal-weight sizing trim,2023-07-10,16.4,5.6,5,-0.5,1.4,75.75,3.19,91,2023-07-31,18.2,6.1,5,-0.9,0.1,81.39,4.85,112
SELL,299,PLTR,2023-08-08,17.39,18602.61,2023-07-11,16.49,153.36,161.75,16781.57,16619.82,5.42,20,rotation (out of top-N),2023-07-10,16.4,5.6,5,-0.5,1.4,75.75,3.19,91,2023-08-07,15.4,5.6,5,-0.5,0.0,50.77,4.97,119
SELL,300,MSTR,2023-07-18,44.9,7779.02,2023-07-11,40.1,155.97,174.64,37339.28,37164.65,11.91,5,rotation (out of top-N),2023-07-10,45.78,,5,-1,,75.72,,154,2023-07-17,43.59,,5,-1,,63.76,,161
SELL,301,BELFA,2023-07-25,63.61,5529.36,2023-07-18,60.83,168.18,175.86,15371.63,15195.77,4.52,5,rotation (out of top-N),2023-07-17,63.19,,5,1.3,,73.14,,42,2023-07-24,59.52,,5,1.2,,59.74,,49
SELL,302,ROOT,2023-07-25,10.98,30605.21,2023-07-18,10.99,168.18,168.1,-153.03,-321.13,-0.1,5,rotation (out of top-N),2023-07-17,11.26,,5,1.5,,86.04,,28,2023-07-24,10.16,,5,1.4,,65.55,,35
SELL,303,INOD,2023-07-25,11.94,28099.52,2023-07-18,11.97,168.18,167.68,-983.48,-1151.17,-0.34,5,rotation (out of top-N),2023-07-17,11.74,,5,-1,,77.12,,154,2023-07-24,11.78,,5,-1,,72.36,,161
SELL,304,BBIO,2023-07-25,33.24,207.06,2023-07-18,32.1,3.32,3.44,236.05,232.61,3.5,5,equal-weight sizing trim,2023-07-17,34.12,,5,-1,,164.28,,161,2023-07-24,34.47,,5,-1,,155.12,,168
SELL,304,BBIO,2023-08-08,30.97,10608.02,2023-07-18,32.16,170.58,164.27,-12633.83,-12798.1,-3.75,15,ratchet-ATR exit,2023-07-17,34.12,,5,-1,,164.28,,161,2023-08-07,31.05,,5,-1,,113.46,,182
SELL,305,VICR,2023-08-01,90.51,5695.45,2023-07-25,59.91,170.62,257.75,174252.29,173994.54,50.99,5,rotation (out of top-N),2023-07-24,95.16,,5,1.5,,76.62,,28,2023-07-31,77.72,,5,2.3,,42.4,,35
SELL,306,APP,2023-08-01,30.92,270.25,2023-07-25,28.57,3.86,4.18,633.74,629.56,8.15,5,equal-weight sizing trim,2023-07-24,31.26,5.3,5,-0.3,2.1,80.98,2.41,77,2023-07-31,31.36,4.8,5,-0.4,2.4,77.99,1.87,84
SELL,306,APP,2023-08-15,39.66,1783.45,2023-07-25,28.82,25.7,35.37,19328.95,19293.58,37.53,15,equal-weight sizing trim,2023-07-24,31.26,5.3,5,-0.3,2.1,80.98,2.41,77,2023-08-14,38.25,5.6,5,-0.6,1.2,103.93,3.28,98
SELL,306,APP,2023-08-22,40.63,204.27,2023-07-25,28.82,2.94,4.15,2412.04,2407.89,40.9,20,equal-weight sizing trim,2023-07-24,31.26,5.3,5,-0.3,2.1,80.98,2.41,77,2023-08-21,39.79,4.8,5,-0.8,1.7,105.07,2.36,105
SELL,306,APP,2023-09-12,41.96,318.83,2023-07-25,28.93,4.61,6.69,4153.72,4147.03,44.96,34,equal-weight sizing trim,2023-07-24,31.26,5.3,5,-0.3,2.1,80.98,2.41,77,2023-09-11,42.79,4.2,5,-1,1.8,97.75,1.86,126
SELL,306,APP,2023-09-19,43.64,674.56,2023-07-25,28.93,9.76,14.72,9921.42,9906.71,50.76,39,equal-weight sizing trim,2023-07-24,31.26,5.3,5,-0.3,2.1,80.98,2.41,77,2023-09-18,37.75,4.8,5,-1,1.2,69.0,2.76,133
SELL,306,APP,2023-09-26,37.44,10925.7,2023-07-25,28.93,158.05,204.5,92902.13,92697.63,29.33,44,ratchet-ATR exit,2023-07-24,31.26,5.3,5,-0.3,2.1,80.98,2.41,77,2023-09-25,39.96,4.4,5,-1,1.6,73.06,2.03,140
SELL,307,PKX,2023-08-01,113.78,2815.3,2023-07-25,121.21,170.62,160.16,-20917.7,-21077.86,-6.18,5,rotation (out of top-N),2023-07-24,114.33,,5,-1,,82.33,,231,2023-07-31,107.07,,5,-1,,66.32,,238
SELL,308,SKYW,2023-08-01,43.09,8580.41,2023-07-25,39.77,170.62,184.89,28529.86,28344.97,8.31,5,rotation (out of top-N),2023-07-24,44.55,,5,-1.0,,79.29,,119,2023-07-31,42.07,,5,-1,,65.27,,126
SELL,309,W,2023-08-08,82.39,4720.72,2023-08-01,76.41,180.36,194.47,28229.91,28035.44,7.77,5,rotation (out of top-N),2023-07-31,83.09,,5,1.1,,83.19,,56,2023-08-07,74.99,,5,-0.0,,61.57,,63
SELL,310,MOD,2023-08-08,43.78,152.21,2023-08-01,37.33,2.84,3.33,981.76,978.43,17.22,5,equal-weight sizing trim,2023-07-31,44.52,,5,-1,,77.26,,406,2023-08-07,46.23,,5,-1,,79.57,,413
SELL,310,MOD,2023-08-15,46.11,9510.53,2023-08-01,37.33,177.51,219.27,83502.48,83283.22,23.46,10,rotation (out of top-N),2023-07-31,44.52,,5,-1,,77.26,,406,2023-08-14,41.27,,5,-0.9,,57.2,,420
SELL,311,POWL,2023-08-08,26.39,17839.28,2023-08-01,20.22,180.36,235.39,110068.36,109832.97,30.45,5,rotation (out of top-N),2023-07-31,26.83,,5,-1,,80.81,,273,2023-08-07,26.4,,5,-1,,72.64,,280
SELL,312,VRT,2023-08-08,35.42,2440.35,2023-08-01,25.41,31.0,43.22,24427.87,24384.65,39.32,5,equal-weight sizing trim,2023-07-31,35.55,4.5,5,-1,1.5,108.99,2.28,273,2023-08-07,33.4,5.3,5,-1,0.7,90.95,3.48,280
SELL,312,VRT,2023-08-22,35.35,377.63,2023-08-01,26.78,5.06,6.67,3234.63,3227.96,31.91,15,equal-weight sizing trim,2023-07-31,35.55,4.5,5,-1,1.5,108.99,2.28,273,2023-08-21,37.37,4.7,5,-1,1.3,101.52,2.59,294
SELL,312,VRT,2023-08-29,37.58,708.37,2023-08-01,26.78,9.49,13.31,7647.32,7634.01,40.24,20,equal-weight sizing trim,2023-07-31,35.55,4.5,5,-1,1.5,108.99,2.28,273,2023-08-28,39.74,5.2,5,-1,0.8,107.03,3.25,301
SELL,312,VRT,2023-09-12,39.07,404.39,2023-08-01,26.78,5.42,7.9,4968.16,4960.26,45.8,29,equal-weight sizing trim,2023-07-31,35.55,4.5,5,-1,1.5,108.99,2.28,273,2023-09-11,38.05,4.5,5,-1,1.5,86.38,2.3,315
SELL,312,VRT,2023-09-26,36.3,35.3,2023-08-01,26.85,0.47,0.64,333.64,333.0,35.13,39,equal-weight sizing trim,2023-07-31,35.55,4.5,5,-1,1.5,108.99,2.28,273,2023-09-25,37.08,4.3,5,-1,1.7,71.64,1.94,329
SELL,312,VRT,2023-10-10,40.94,1031.0,2023-08-01,27.01,13.92,21.1,14359.8,14338.7,51.49,49,equal-weight sizing trim,2023-07-31,35.55,4.5,5,-1,1.5,108.99,2.28,273,2023-10-09,38.95,5.1,5,-1,0.9,70.27,3.22,343
SELL,312,VRT,2023-12-12,47.35,17566.23,2023-08-01,32.28,283.51,415.88,264740.24,264324.36,46.62,93,rotation (out of top-N),2023-07-31,35.55,4.5,5,-1,1.5,108.99,2.28,273,2023-12-11,47.58,4.7,5,-1,1.3,64.05,2.57,406
SELL,313,STRL,2023-08-15,80.69,274.65,2023-08-08,67.36,9.25,11.08,3662.51,3651.43,19.74,5,equal-weight sizing trim,2023-08-07,80.77,,5,-1,,91.08,,280,2023-08-14,77.03,,5,-1,,77.52,,287
SELL,313,STRL,2023-08-29,79.22,25.84,2023-08-08,67.76,0.88,1.02,296.13,295.1,16.85,15,equal-weight sizing trim,2023-08-07,80.77,,5,-1,,91.08,,280,2023-08-28,83.27,,5,-1,,81.73,,301
SELL,313,STRL,2023-09-12,77.25,6101.75,2023-08-08,67.76,206.73,235.68,57907.74,57672.06,13.95,24,rotation (out of top-N),2023-08-07,80.77,,5,-1,,91.08,,280,2023-09-11,74.0,,5,-0.7,,54.07,,315
SELL,314,LMB,2023-08-15,32.6,1144.71,2023-08-08,26.41,15.12,18.66,7085.78,7067.12,23.38,5,equal-weight sizing trim,2023-08-07,32.78,,5,-1,,90.66,,308,2023-08-14,32.76,,5,-1,,84.3,,315
SELL,314,LMB,2023-08-22,34.66,771.82,2023-08-08,26.41,10.19,13.38,6367.48,6354.1,31.17,10,equal-weight sizing trim,2023-08-07,32.78,,5,-1,,90.66,,308,2023-08-21,33.42,,5,-1,,81.89,,322
SELL,314,LMB,2023-08-29,34.97,18.53,2023-08-08,26.41,0.24,0.32,158.59,158.27,32.35,15,equal-weight sizing trim,2023-08-07,32.78,,5,-1,,90.66,,308,2023-08-28,36.79,,5,-1,,93.49,,329
SELL,314,LMB,2023-09-19,31.09,13958.83,2023-08-08,26.49,184.9,216.99,64175.87,63958.88,17.3,29,rotation (out of top-N),2023-08-07,32.78,,5,-1,,90.66,,308,2023-09-18,29.5,,5,-0.2,,43.34,,350
SELL,315,INOD,2023-08-15,14.42,5784.7,2023-08-08,10.72,31.01,41.71,21403.39,21361.68,34.45,5,equal-weight sizing trim,2023-08-07,13.3,,5,-1,,82.05,,175,2023-08-14,13.59,,5,-1,,79.7,,182
SELL,315,INOD,2023-08-29,14.27,34463.2,2023-08-08,10.85,187.01,245.89,117778.83,117532.94,31.42,15,rotation (out of top-N),2023-08-07,13.3,,5,-1,,82.05,,175,2023-08-28,11.87,,5,-0.4,,47.62,,196
SELL,316,IRON,2023-08-22,53.38,172.06,2023-08-08,48.5,4.17,4.59,838.82,834.23,10.0,10,equal-weight sizing trim,2023-08-07,52.88,,5,-1,,79.48,,301,2023-08-21,55.24,,5,-1,,76.53,,315
SELL,316,IRON,2023-08-29,55.0,8988.06,2023-08-08,48.5,217.96,247.17,58424.82,58177.64,13.35,15,rotation (out of top-N),2023-08-07,52.88,,5,-1,,79.48,,301,2023-08-28,52.47,,5,-1,,63.05,,322
SELL,317,POWL,2023-08-15,27.05,15769.72,2023-08-08,26.39,208.08,213.29,10408.02,10194.73,2.45,5,rotation (out of top-N),2023-08-07,26.4,,5,-1,,72.64,,280,2023-08-14,25.83,,5,-1,,64.2,,287
SELL,318,DBD,2023-08-22,20.12,586.54,2023-08-15,19.49,5.72,5.9,369.52,363.62,3.18,5,equal-weight sizing trim,2023-08-14,20.19,,5,1.2,,746.0,,49,2023-08-21,20.0,,5,1.1,,606.55,,56
SELL,318,DBD,2023-09-12,17.84,24229.41,2023-08-15,19.5,236.2,216.19,-40034.75,-40250.94,-8.52,19,ratchet-ATR exit,2023-08-14,20.19,,5,1.2,,746.0,,49,2023-09-11,18.86,,5,-0.3,,364.41,,77
SELL,319,BBIO,2023-08-29,29.27,226.66,2023-08-15,31.0,3.51,3.32,-393.09,-396.4,-5.64,10,equal-weight sizing trim,2023-08-14,28.72,,5,-1,,91.69,,189,2023-08-28,30.56,,5,-1,,90.56,,203
SELL,319,BBIO,2023-09-12,28.34,16517.36,2023-08-15,31.0,256.01,234.09,-43841.24,-44075.34,-8.61,19,ratchet-ATR exit,2023-08-14,28.72,,5,-1,,91.69,,189,2023-09-11,29.14,,5,-1,,71.25,,217
SELL,320,CAMT,2023-09-12,56.76,655.26,2023-08-29,52.34,17.15,18.6,2896.23,2877.64,8.39,9,equal-weight sizing trim,2023-08-28,59.7,,5,-1,,92.83,,196,2023-09-11,55.43,,5,-1,,70.01,,210
SELL,320,CAMT,2023-09-19,56.83,185.63,2023-08-29,52.34,4.86,5.27,833.49,828.21,8.52,14,equal-weight sizing trim,2023-08-28,59.7,,5,-1,,92.83,,196,2023-09-18,56.32,,5,-1,,68.33,,217
SELL,320,CAMT,2023-09-26,59.62,781.95,2023-08-29,52.34,20.46,23.31,5692.56,5669.25,13.85,19,equal-weight sizing trim,2023-08-28,59.7,,5,-1,,92.83,,196,2023-09-25,61.44,,5,-1,,78.31,,224
SELL,320,CAMT,2023-10-17,57.5,300.21,2023-08-29,52.89,7.94,8.63,1382.84,1374.21,8.65,34,equal-weight sizing trim,2023-08-28,59.7,,5,-1,,92.83,,196,2023-10-16,51.62,,5,0.0,,39.26,,245
SELL,320,CAMT,2023-10-24,51.81,8123.77,2023-08-29,52.89,214.85,210.45,-8804.6,-9015.05,-2.1,39,rotation (out of top-N),2023-08-28,59.7,,5,-1,,92.83,,196,2023-10-23,49.34,,5,0.4,,31.08,,252
SELL,321,ROOT,2023-09-12,11.48,44447.0,2023-08-29,10.87,241.57,255.13,27112.67,26857.55,5.56,9,rotation (out of top-N),2023-08-28,11.84,,5,-0.2,,82.93,,70,2023-09-11,10.52,,5,-0.3,,57.31,,84
SELL,322,ANF,2023-09-26,51.23,530.77,2023-09-12,53.15,14.1,13.6,-1015.58,-1029.18,-3.65,10,equal-weight sizing trim,2023-09-11,52.38,,5,-1,,63.15,,252,2023-09-25,56.4,,5,-1,,67.45,,266
SELL,322,ANF,2023-10-03,58.02,592.4,2023-09-12,53.15,15.74,17.19,2888.86,2871.67,9.12,15,equal-weight sizing trim,2023-09-11,52.38,,5,-1,,63.15,,252,2023-10-02,54.99,,5,-1.0,,59.47,,273
SELL,322,ANF,2023-10-17,62.68,908.31,2023-09-12,53.2,24.16,28.47,8615.1,8586.63,17.77,25,equal-weight sizing trim,2023-09-11,52.38,,5,-1,,63.15,,252,2023-10-16,60.94,,5,-1,,68.4,,287
SELL,322,ANF,2023-10-24,61.05,44.34,2023-09-12,53.2,1.18,1.35,348.08,346.72,14.7,30,equal-weight sizing trim,2023-09-11,52.38,,5,-1,,63.15,,252,2023-10-23,58.73,,5,-0.9,,58.9,,294
SELL,322,ANF,2023-11-28,76.25,271.19,2023-09-12,55.74,7.56,10.34,5561.0,5550.66,36.72,54,equal-weight sizing trim,2023-09-11,52.38,,5,-1,,63.15,,252,2023-11-27,77.91,,5,-1,,84.67,,329
SELL,322,ANF,2023-12-12,81.77,639.98,2023-09-12,58.59,18.75,26.16,14828.73,14802.56,39.47,64,equal-weight sizing trim,2023-09-11,52.38,,5,-1,,63.15,,252,2023-12-11,84.19,,5,-1,,87.65,,343
SELL,322,ANF,2024-01-09,96.67,1105.22,2023-09-12,61.13,33.78,53.42,39278.14,39224.72,58.06,82,equal-weight sizing trim,2023-09-11,52.38,,5,-1,,63.15,,252,2024-01-08,96.8,,5,-1,,88.11,,371
SELL,322,ANF,2024-01-23,105.32,366.1,2023-09-12,61.13,11.19,19.28,16177.4,16158.12,72.2,91,equal-weight sizing trim,2023-09-11,52.38,,5,-1,,63.15,,252,2024-01-22,103.81,,5,-1,,87.61,,385
SELL,322,ANF,2024-02-13,110.37,43.38,2023-09-12,65.09,1.41,2.39,1963.99,1961.6,69.48,106,equal-weight sizing trim,2023-09-11,52.38,,5,-1,,63.15,,252,2024-02-12,120.92,,5,-1,,94.76,,406
SELL,322,ANF,2024-02-27,126.72,215.33,2023-09-12,65.09,7.01,13.64,13270.45,13256.81,94.58,115,equal-weight sizing trim,2023-09-11,52.38,,5,-1,,63.15,,252,2024-02-26,131.29,,5,-1,,95.6,,420
SELL,322,ANF,2024-03-05,135.73,9700.79,2023-09-12,65.09,315.72,658.34,685248.24,684589.9,108.42,120,rotation (out of top-N),2023-09-11,52.38,,5,-1,,63.15,,252,2024-03-04,118.66,,5,-1,,71.24,,427
SELL,323,AFRM,2023-09-19,25.01,20862.06,2023-09-12,23.32,243.25,260.88,35256.88,34996.0,7.19,5,rotation (out of top-N),2023-09-11,24.39,,5,-0.5,,73.15,,91,2023-09-18,20.18,,5,0.3,,40.78,,98
SELL,324,ROOT,2023-09-26,10.05,45976.74,2023-09-12,11.39,261.91,231.03,-61752.5,-61983.54,-11.83,10,rotation (out of top-N),2023-09-11,10.52,,5,-0.3,,57.31,,84,2023-09-25,9.57,,5,0.5,,37.9,,98
SELL,325,MOD,2023-09-19,44.62,10596.89,2023-09-12,45.91,243.25,236.42,-13669.99,-13906.41,-2.86,5,rotation (out of top-N),2023-09-11,45.0,,5,-0.8,,56.18,,448,2023-09-18,44.04,,5,-0.5,,49.75,,455
SELL,326,CLS,2023-09-19,22.89,20128.39,2023-09-12,24.17,243.25,230.37,-25764.34,-25994.71,-5.34,5,ratchet-ATR exit,2023-09-11,22.8,,5,-0.8,,56.06,,287,2023-09-18,22.52,,5,-0.6,,51.17,,294
SELL,327,DBD,2023-09-26,18.66,780.83,2023-09-19,18.99,7.41,7.28,-261.58,-268.86,-1.81,5,equal-weight sizing trim,2023-09-18,18.97,,5,-0.4,,322.32,,84,2023-09-25,18.92,,5,-0.5,,283.61,,91
SELL,327,DBD,2023-10-10,18.28,26234.62,2023-09-19,18.94,248.41,239.78,-17244.04,-17483.83,-3.52,15,ratchet-ATR exit,2023-09-18,18.97,,5,-0.4,,322.32,,84,2023-10-09,18.89,,5,-0.8,,226.91,,105
SELL,328,AAOI,2023-09-26,9.58,500.15,2023-09-19,9.96,2.49,2.4,-190.06,-192.45,-3.86,5,equal-weight sizing trim,2023-09-18,9.58,,5,-0.6,,94.4,,98,2023-09-25,10.97,,5,-0.8,,112.88,,105
SELL,328,AAOI,2023-10-03,11.03,3890.75,2023-09-19,9.96,19.38,21.46,4163.1,4141.64,10.69,10,equal-weight sizing trim,2023-09-18,9.58,,5,-0.6,,94.4,,98,2023-10-02,9.05,,5,-0.9,,69.8,,112
SELL,328,AAOI,2023-10-10,7.79,43456.4,2023-09-19,9.96,216.41,169.26,-94300.38,-94469.64,-21.83,15,rotation (out of top-N),2023-09-18,9.58,,5,-0.6,,94.4,,98,2023-10-09,7.54,,5,0.1,,37.74,,119
SELL,329,BBIO,2023-09-26,27.21,16697.93,2023-09-19,28.54,238.28,227.18,-22208.25,-22435.43,-4.71,5,rotation (out of top-N),2023-09-18,27.27,,5,-0.8,,56.13,,224,2023-09-25,26.34,,5,-0.3,,46.92,,231
SELL,330,MOD,2023-09-26,45.49,10680.39,2023-09-19,44.62,238.28,242.95,9345.34,9102.39,1.91,5,rotation (out of top-N),2023-09-18,44.04,,5,-0.5,,49.75,,455,2023-09-25,45.76,,5,-0.6,,52.2,,462
SELL,331,CLS,2023-10-10,26.6,1995.48,2023-09-26,22.86,22.8,26.54,7472.29,7445.75,16.33,10,equal-weight sizing trim,2023-09-25,24.48,,5,-1,,60.62,,301,2023-10-09,25.91,,5,-1,,62.15,,315
SELL,331,CLS,2023-10-17,26.77,485.52,2023-09-26,22.86,5.55,6.5,1900.63,1894.13,17.07,15,equal-weight sizing trim,2023-09-25,24.48,,5,-1,,60.62,,301,2023-10-16,25.81,,5,-0.9,,58.33,,322
SELL,331,CLS,2023-10-24,25.98,42.6,2023-09-26,22.86,0.49,0.55,133.1,132.54,13.61,20,equal-weight sizing trim,2023-09-25,24.48,,5,-1,,60.62,,301,2023-10-23,22.37,,5,0.2,,35.28,,329
SELL,331,CLS,2023-10-31,22.35,17406.67,2023-09-26,22.86,198.92,194.52,-8797.26,-8991.78,-2.26,25,ratchet-ATR exit,2023-09-25,24.48,,5,-1,,60.62,,301,2023-10-30,25.67,,5,-0.6,,52.37,,336
SELL,332,CNR,2023-10-03,98.77,4749.2,2023-09-26,95.46,226.68,234.54,15719.86,15485.32,3.42,5,rotation (out of top-N),2023-09-25,103.71,,5,-0.7,,58.59,,105,2023-10-02,100.93,,5,-0.5,,52.07,,112
SELL,333,SMCI,2023-10-03,28.73,1708.09,2023-09-26,24.65,21.05,24.54,6969.02,6944.48,16.49,5,equal-weight sizing trim,2023-09-25,27.39,4.7,5,-0.7,1.0,53.8,3.02,525,2023-10-02,28.97,5.2,5,-0.9,0.7,58.06,3.4,532
SELL,333,SMCI,2023-10-10,29.5,512.04,2023-09-26,24.65,6.31,7.55,2483.4,2475.84,19.62,10,equal-weight sizing trim,2023-09-25,27.39,4.7,5,-0.7,1.0,53.8,3.02,525,2023-10-09,28.51,4.7,5,-0.6,0.9,51.41,3.18,539
SELL,333,SMCI,2023-10-17,27.97,16171.71,2023-09-26,24.65,199.32,226.16,53690.07,53463.9,13.41,15,rotation (out of top-N),2023-09-25,27.39,4.7,5,-0.7,1.0,53.8,3.02,525,2023-10-16,24.86,3.6,5,0.5,0.9,29.14,3.28,546
SELL,334,AMR,2023-10-03,248.95,1817.36,2023-09-26,249.46,226.68,226.22,-926.85,-1153.07,-0.25,5,rotation (out of top-N),2023-09-25,258.98,,5,-0.2,,53.41,,91,2023-10-02,244.31,,5,0.2,,42.62,,98
SELL,335,MOD,2023-10-10,48.93,10588.97,2023-09-26,45.48,240.8,259.06,36516.64,36257.58,7.53,10,rotation (out of top-N),2023-09-25,45.76,,5,-0.6,,52.2,,462,2023-10-09,44.83,,5,-0.1,,42.95,,476
SELL,336,APP,2023-10-10,41.7,394.67,2023-10-03,40.48,7.99,8.23,481.5,473.27,2.96,5,equal-weight sizing trim,2023-10-02,40.38,4.1,5,-1,1.9,69.4,1.63,147,2023-10-09,38.53,4.3,5,-0.8,1.6,56.9,2.16,154
SELL,336,APP,2023-10-24,38.12,12034.14,2023-10-03,40.4,243.08,229.37,-27412.02,-27641.39,-5.69,15,ratchet-ATR exit,2023-10-02,40.38,4.1,5,-1,1.9,69.4,1.63,147,2023-10-23,36.21,3.7,5,-0.0,1.3,40.04,2.6,168
SELL,337,CVNA,2023-10-10,7.82,541.32,2023-10-03,7.79,2.11,2.12,19.49,17.37,0.41,5,equal-weight sizing trim,2023-10-02,7.53,6.0,5,-1.0,0.0,68.97,4.84,119,2023-10-09,6.77,5.2,5,-0.4,0.1,47.14,4.33,126
SELL,337,CVNA,2023-10-17,6.8,60990.2,2023-10-03,7.79,237.43,207.24,-60380.3,-60587.54,-12.76,10,rotation (out of top-N),2023-10-02,7.53,6.0,5,-1.0,0.0,68.97,4.84,119,2023-10-16,6.21,4.4,5,0.4,0.2,31.43,4.24,133
SELL,338,CNR,2023-10-17,108.24,122.51,2023-10-10,107.44,6.58,6.63,98.01,91.38,0.69,5,equal-weight sizing trim,2023-10-09,106.11,,5,-0.8,,56.97,,119,2023-10-16,102.38,,5,-0.4,,48.94,,126
SELL,338,CNR,2023-10-31,90.65,4330.82,2023-10-10,107.43,232.63,196.29,-72668.43,-72864.73,-15.66,15,rotation (out of top-N),2023-10-09,106.11,,5,-0.8,,56.97,,119,2023-10-30,96.59,,5,0.2,,36.29,,140
SELL,339,ACMR,2023-10-17,18.55,824.87,2023-10-10,18.34,7.56,7.65,177.35,169.7,1.12,5,equal-weight sizing trim,2023-10-09,18.99,,5,-0.4,,49.05,,119,2023-10-16,17.85,,5,0.1,,38.19,,126
SELL,339,ACMR,2023-10-24,18.6,25181.5,2023-10-10,18.34,230.85,234.19,6673.1,6438.91,1.39,10,rotation (out of top-N),2023-10-09,18.99,,5,-0.4,,49.05,,119,2023-10-23,13.72,,1.13,1.7,,5.63,,133
SELL,340,PLTR,2023-10-17,16.98,26387.76,2023-10-10,18.07,238.41,224.1,-28630.72,-28854.82,-6.05,5,rotation (out of top-N),2023-10-09,17.39,5.2,5,-0.2,0.0,43.81,4.56,182,2023-10-16,16.12,3.8,5,0.5,0.8,30.87,3.36,189
SELL,341,DBD,2023-10-24,18.94,1271.84,2023-10-17,18.57,11.81,12.04,476.94,464.9,1.97,5,equal-weight sizing trim,2023-10-16,17.62,,5,-0.9,,185.55,,112,2023-10-23,18.39,,5,-1.0,,179.62,,119
SELL,341,DBD,2023-11-21,24.65,1491.94,2023-10-17,18.67,13.93,18.39,8915.89,8897.5,31.94,25,equal-weight sizing trim,2023-10-16,17.62,,5,-0.9,,185.55,,112,2023-11-20,24.77,,5,-1,,189.33,,147
SELL,341,DBD,2023-12-12,28.05,1531.09,2023-10-17,19.59,15.0,21.47,12941.37,12919.9,43.07,39,equal-weight sizing trim,2023-10-16,17.62,,5,-0.9,,185.55,,112,2023-12-11,28.53,,5,-1,,175.06,,168
SELL,341,DBD,2024-01-09,27.9,444.75,2023-10-17,20.85,4.64,6.2,3136.6,3130.39,33.76,57,equal-weight sizing trim,2023-10-16,17.62,,5,-0.9,,185.55,,112,2024-01-08,28.68,,5,-1,,117.96,,196
SELL,341,DBD,2024-01-23,31.36,2238.89,2023-10-17,20.85,23.34,35.11,23547.57,23512.45,50.37,66,equal-weight sizing trim,2023-10-16,17.62,,5,-0.9,,185.55,,112,2024-01-22,31.0,,5,-1,,111.35,,210
SELL,341,DBD,2024-02-27,34.54,34766.23,2023-10-17,22.05,383.34,600.41,434140.18,433539.77,56.55,90,rotation (out of top-N),2023-10-16,17.62,,5,-0.9,,185.55,,112,2024-02-26,32.97,,5,-1,,76.14,,245
SELL,342,XPO,2023-10-24,72.42,6204.84,2023-10-17,75.25,233.44,224.66,-17559.7,-17784.36,-3.81,5,rotation (out of top-N),2023-10-16,72.11,,5,0.2,,36.0,,182,2023-10-23,67.39,,5,0.7,,25.35,,189
SELL,343,VIST,2023-10-24,30.43,14601.51,2023-10-17,31.98,233.44,222.16,-22559.33,-22781.49,-4.88,5,rotation (out of top-N),2023-10-16,30.62,,5,0.2,,35.28,,999,2023-10-23,29.25,,5,0.6,,27.39,,999
SELL,344,FTI,2023-10-31,21.03,22343.01,2023-10-24,20.23,226.0,234.94,17874.41,17639.47,3.9,5,rotation (out of top-N),2023-10-23,21.23,,5,0.4,,32.64,,448,2023-10-30,21.87,,5,0.3,,34.87,,455
SELL,345,BLTE,2023-10-31,37.24,12386.93,2023-10-24,36.49,226.0,230.68,9352.13,9121.46,2.02,5,rotation (out of top-N),2023-10-23,37.41,,5,2.2,,39.58,,49,2023-10-30,38.99,,5,1.8,,44.4,,56
SELL,346,CUBI,2023-10-31,40.14,2353.95,2023-10-24,32.62,38.4,47.24,17689.92,17642.68,22.97,5,equal-weight sizing trim,2023-10-23,39.71,,5,0.5,,35.55,,105,2023-10-30,44.73,,5,-0.4,,50.52,,112
SELL,346,CUBI,2023-11-07,44.05,11500.43,2023-10-24,32.62,187.6,253.3,131392.43,131139.14,34.95,10,rotation (out of top-N),2023-10-23,39.71,,5,0.5,,35.55,,105,2023-11-06,41.38,,5,0.1,,38.2,,119
SELL,347,LRN,2023-10-31,55.14,10221.6,2023-10-24,44.22,226.0,281.81,111619.87,111338.06,24.63,5,rotation (out of top-N),2023-10-23,54.41,,5,0.4,,31.47,,252,2023-10-30,55.9,,5,0.3,,33.85,,259
SELL,348,CAMT,2023-11-14,63.24,9719.98,2023-10-24,51.84,251.95,307.35,110798.04,110490.69,21.93,15,rotation (out of top-N),2023-10-23,49.34,,5,0.4,,31.08,,252,2023-11-13,60.67,,5,-0.6,,51.14,,273
SELL,349,APP,2023-11-14,42.65,13161.77,2023-10-31,37.11,244.2,280.64,72885.29,72604.65,14.87,10,rotation (out of top-N),2023-10-30,39.27,3.8,5,-0.4,1.6,48.05,2.13,175,2023-11-13,39.13,4.9,5,-0.0,0.1,40.33,4.37,189
SELL,350,PLTR,2023-11-07,18.85,3765.56,2023-10-31,14.62,27.52,35.49,15947.13,15911.64,28.91,5,equal-weight sizing trim,2023-10-30,18.89,4.7,5,-0.4,0.7,47.58,3.41,203,2023-11-06,19.68,4.8,5,-0.5,0.7,50.41,3.45,210
SELL,350,PLTR,2023-11-14,20.09,27804.51,2023-10-31,14.62,203.18,279.3,152229.7,151950.4,37.39,10,rotation (out of top-N),2023-10-30,18.89,4.7,5,-0.4,0.7,47.58,3.41,203,2023-11-13,20.51,4.9,5,-0.6,0.8,52.95,3.34,217
SELL,351,AFRM,2023-11-07,21.62,26562.84,2023-10-31,17.37,230.7,287.14,112892.07,112604.92,24.41,5,rotation (out of top-N),2023-10-30,22.43,,5,-0.3,,45.43,,140,2023-11-06,22.43,,5,-0.2,,44.4,,147
SELL,352,AAOI,2023-11-07,9.72,11091.85,2023-10-31,7.1,39.38,53.93,29116.11,29062.17,36.9,5,equal-weight sizing trim,2023-10-30,9.47,,5,-1,,60.95,,140,2023-11-06,9.37,,5,-0.7,,54.78,,147
SELL,352,AAOI,2023-11-14,11.27,946.5,2023-10-31,7.1,3.36,5.33,3946.92,3941.58,58.65,10,equal-weight sizing trim,2023-10-30,9.47,,5,-1,,60.95,,140,2023-11-13,12.75,,5,-1,,102.33,,154
SELL,352,AAOI,2023-11-21,14.13,7886.24,2023-10-31,7.1,28.0,55.72,55440.28,55384.56,98.91,15,equal-weight sizing trim,2023-10-30,9.47,,5,-1,,60.95,,140,2023-11-20,13.01,,5,-1,,98.42,,161
SELL,352,AAOI,2023-12-12,18.9,6342.06,2023-10-31,7.62,24.16,59.93,71539.74,71479.81,147.91,29,equal-weight sizing trim,2023-10-30,9.47,,5,-1,,60.95,,140,2023-12-11,21.73,,5,-1,,178.48,,182
SELL,352,AAOI,2023-12-19,22.5,782.54,2023-10-31,7.62,2.98,8.8,11644.39,11635.59,195.14,34,equal-weight sizing trim,2023-10-30,9.47,,5,-1,,60.95,,140,2023-12-18,20.91,,5,-1,,152.89,,189
SELL,352,AAOI,2024-01-23,17.28,46727.9,2023-10-31,9.14,213.64,403.73,380177.31,379773.58,88.88,56,rotation (out of top-N),2023-10-30,9.47,,5,-1,,60.95,,140,2024-01-22,14.99,,5,-0.4,,47.17,,224
SELL,353,XPO,2023-11-07,79.02,5899.46,2023-10-31,78.21,230.7,233.09,4778.56,4545.47,0.99,5,rotation (out of top-N),2023-10-30,79.55,,5,-0.3,,45.26,,196,2023-11-06,83.08,,5,-0.4,,48.99,,203
SELL,354,LMB,2023-11-14,36.48,546.66,2023-11-07,30.99,8.47,9.97,3001.15,2991.18,17.66,5,equal-weight sizing trim,2023-11-06,36.45,,5,-0.6,,52.49,,399,2023-11-13,39.92,,5,-1,,62.36,,406
SELL,354,LMB,2023-11-21,38.97,18.82,2023-11-07,30.99,0.29,0.37,150.22,149.85,25.69,10,equal-weight sizing trim,2023-11-06,36.45,,5,-0.6,,52.49,,399,2023-11-20,40.46,,5,-1,,60.1,,413
SELL,354,LMB,2023-11-28,39.3,16338.45,2023-11-07,30.99,253.16,321.05,135772.55,135451.5,26.75,14,rotation (out of top-N),2023-11-06,36.45,,5,-0.6,,52.49,,399,2023-11-27,39.76,,5,-0.7,,53.34,,420
SELL,355,MSTR,2023-11-14,50.33,11533.53,2023-11-07,45.42,261.93,290.24,56629.64,56339.4,10.75,5,rotation (out of top-N),2023-11-06,50.84,,5,-0.7,,53.93,,273,2023-11-13,48.63,,5,-0.2,,44.58,,280
SELL,356,DUOL,2023-11-14,218.89,3310.71,2023-11-07,158.23,261.93,362.34,200827.41,200465.07,38.27,5,rotation (out of top-N),2023-11-06,211.55,,5,-0.5,,49.24,,252,2023-11-13,211.59,,5,-0.3,,46.17,,259
SELL,357,XPO,2023-11-21,88.15,6840.8,2023-11-14,87.19,298.21,301.51,6601.37,6299.86,1.06,5,rotation (out of top-N),2023-11-13,87.75,,5,-0.7,,53.76,,210,2023-11-20,89.19,,5,-0.6,,52.81,,217
SELL,358,CLS,2023-11-21,27.42,22438.49,2023-11-14,26.58,298.21,307.63,18848.33,18540.7,3.11,5,rotation (out of top-N),2023-11-13,28.07,,5,-1,,60.33,,350,2023-11-20,27.2,,5,-0.6,,52.28,,357
SELL,359,RYTM,2023-11-21,33.35,546.19,2023-11-14,30.38,8.3,9.11,1627.64,1618.53,9.76,5,equal-weight sizing trim,2023-11-13,33.81,,5,-0.2,,58.76,,77,2023-11-20,34.64,,5,-0.4,,61.15,,84
SELL,359,RYTM,2023-11-28,33.5,19088.88,2023-11-14,30.38,289.91,319.74,59652.75,59333.01,10.23,9,rotation (out of top-N),2023-11-13,33.81,,5,-0.2,,58.76,,77,2023-11-27,33.8,,5,-0.3,,55.51,,91
SELL,360,AFRM,2023-11-28,29.93,2933.66,2023-11-14,24.89,36.51,43.9,14783.69,14739.79,20.19,9,equal-weight sizing trim,2023-11-13,24.8,,5,-0.8,,56.53,,154,2023-11-27,37.66,,5,-1,,124.31,,168
SELL,360,AFRM,2023-12-05,37.88,1791.98,2023-11-14,24.89,22.3,33.94,23276.64,23242.7,52.11,14,equal-weight sizing trim,2023-11-13,24.8,,5,-0.8,,56.53,,154,2023-12-04,42.06,,5,-1,,140.4,,175
SELL,360,AFRM,2023-12-12,40.13,1205.2,2023-11-14,24.89,15.0,24.18,18366.38,18342.2,61.14,19,equal-weight sizing trim,2023-11-13,24.8,,5,-0.8,,56.53,,154,2023-12-11,43.94,,5,-1,,139.62,,182
SELL,360,AFRM,2024-01-30,43.07,21082.27,2023-11-14,26.36,277.87,454.01,352279.26,351825.26,63.31,51,rotation (out of top-N),2023-11-13,24.8,,5,-0.8,,56.53,,154,2024-01-29,41.0,,5,-1,,69.51,,231
SELL,361,CUBI,2023-11-21,45.38,13704.39,2023-11-14,43.52,298.21,310.95,25490.17,25179.22,4.22,5,rotation (out of top-N),2023-11-13,46.41,,5,-0.7,,53.17,,126,2023-11-20,45.16,,5,-0.4,,47.43,,133
SELL,362,CAMT,2023-11-28,64.75,10693.85,2023-11-21,59.51,318.2,346.21,56035.79,55689.58,8.75,4,rotation (out of top-N),2023-11-20,63.41,,5,-0.7,,54.46,,280,2023-11-27,61.61,,5,-0.3,,46.94,,287
SELL,363,COIN,2023-11-28,122.12,569.68,2023-11-21,104.37,29.73,34.78,10111.82,10077.03,16.95,4,equal-weight sizing trim,2023-11-20,115.29,4.9,5,-0.8,1.0,56.82,3.03,252,2023-11-27,133.72,5.6,5,-1,0.4,77.36,3.84,259
SELL,363,COIN,2023-12-12,140.38,21.5,2023-11-21,104.91,1.13,1.51,762.67,761.16,33.75,14,equal-weight sizing trim,2023-11-20,115.29,4.9,5,-0.8,1.0,56.82,3.03,252,2023-12-11,147.96,5.7,5,-1,0.3,85.38,4.02,273
SELL,363,COIN,2024-01-09,159.72,5866.83,2023-11-21,107.32,314.83,468.52,307396.24,306927.71,48.75,32,rotation (out of top-N),2023-11-20,115.29,4.9,5,-0.8,1.0,56.82,3.03,252,2024-01-08,130.76,5.4,5,-0.4,0.0,47.13,5.27,301
SELL,364,HCI,2023-11-28,83.69,7800.82,2023-11-21,81.58,318.2,326.43,16459.74,16133.31,2.54,4,rotation (out of top-N),2023-11-20,85.09,,5,-0.7,,53.5,,259,2023-11-27,82.73,,5,-0.4,,47.01,,266
SELL,365,PDD,2023-12-05,138.69,4991.97,2023-11-28,135.16,337.36,346.18,17646.6,17300.42,2.56,5,rotation (out of top-N),2023-11-27,145.26,,5,-0.5,,67.29,,91,2023-12-04,138.96,,5,-0.5,,58.07,,98
SELL,366,ESTC,2023-12-05,109.72,1741.42,2023-11-28,75.73,65.94,95.53,59190.85,59095.32,44.81,5,equal-weight sizing trim,2023-11-27,110.17,,5,-1,,61.74,,182,2023-12-04,115.9,,5,-1,,66.97,,189
SELL,366,ESTC,2023-12-12,115.85,7168.05,2023-11-28,75.73,271.42,415.21,287582.19,287166.98,52.9,10,rotation (out of top-N),2023-11-27,110.17,,5,-1,,61.74,,182,2023-12-11,112.73,,5,-0.9,,58.99,,196
SELL,367,SYRE,2023-12-05,20.36,9565.26,2023-11-28,14.0,66.96,97.37,60835.05,60737.67,45.36,5,equal-weight sizing trim,2023-11-27,19.26,,5,-0.9,,94.08,,112,2023-12-04,20.84,,5,-1.0,,104.33,,119
SELL,367,SYRE,2023-12-12,16.32,38628.61,2023-11-28,14.0,270.4,315.21,89618.38,89303.17,16.51,10,rotation (out of top-N),2023-11-27,19.26,,5,-0.9,,94.08,,112,2023-12-11,15.44,,5,-0.5,,49.14,,126
SELL,368,AMR,2023-12-05,295.49,2432.28,2023-11-28,277.4,337.36,359.36,43999.93,43640.57,6.47,5,rotation (out of top-N),2023-11-27,293.6,,5,-0.8,,56.48,,154,2023-12-04,298.86,,5,-0.8,,56.83,,161
SELL,369,MPTI,2023-12-12,27.27,21530.68,2023-12-05,36.51,393.04,293.57,-198943.52,-199237.09,-25.35,5,rotation (out of top-N),2023-12-04,30.97,,5,-1,,90.51,,999,2023-12-11,27.15,,5,-1,,62.45,,999
SELL,370,MSTR,2023-12-12,56.19,13863.94,2023-12-05,56.7,393.04,389.51,-7070.61,-7460.12,-0.95,5,rotation (out of top-N),2023-12-04,59.86,,5,-1,,67.43,,301,2023-12-11,56.96,,5,-0.8,,55.21,,308
SELL,371,TWST,2023-12-19,35.04,2085.73,2023-12-12,27.77,28.96,36.54,15163.22,15126.68,26.12,5,equal-weight sizing trim,2023-12-11,34.62,,5,1.5,,80.8,,28,2023-12-18,36.8,,5,1.4,,87.22,,35
SELL,371,TWST,2024-01-23,35.89,26594.16,2023-12-12,27.88,370.67,477.23,213122.01,212644.77,28.68,27,rotation (out of top-N),2023-12-11,34.62,,5,1.5,,80.8,,28,2024-01-22,32.26,,5,0.6,,45.6,,70
SELL,372,PDD,2023-12-19,148.0,5477.91,2023-12-12,143.2,392.22,405.35,26266.59,25861.23,3.3,5,rotation (out of top-N),2023-12-11,148.32,,5,-0.8,,65.76,,105,2023-12-18,144.5,,5,-0.8,,59.16,,112
SELL,373,RYTM,2023-12-19,46.45,1635.9,2023-12-12,36.7,30.02,37.99,15941.88,15903.88,26.49,5,equal-weight sizing trim,2023-12-11,47.47,,5,-0.8,,108.24,,105,2023-12-18,46.35,,5,-0.9,,97.19,,112
SELL,373,RYTM,2024-01-09,43.94,19735.49,2023-12-12,36.71,362.2,433.59,142786.26,142352.67,19.65,18,rotation (out of top-N),2023-12-11,47.47,,5,-0.8,,108.24,,105,2024-01-08,40.68,,5,-1,,60.49,,133
SELL,374,BBIO,2023-12-19,38.62,24259.69,2023-12-12,32.34,392.22,468.45,152472.12,152003.67,19.38,5,rotation (out of top-N),2023-12-11,39.33,,5,-1,,70.67,,308,2023-12-18,41.11,,5,-1,,73.22,,315
SELL,375,CVNA,2023-12-19,11.63,17261.71,2023-12-12,8.16,70.46,100.38,59829.08,59728.7,42.38,5,equal-weight sizing trim,2023-12-11,10.27,6,5,-1,0.0,78.82,4.89,189,2023-12-18,10.95,6,5,-1,0.0,83.15,6.35,196
SELL,375,CVNA,2024-01-09,9.4,78823.17,2023-12-12,8.16,321.76,370.43,97346.61,96976.18,15.07,18,rotation (out of top-N),2023-12-11,10.27,6,5,-1,0.0,78.82,4.89,189,2024-01-08,8.55,4.3,5,0.5,0.3,30.43,4.11,217
SELL,376,XMTR,2024-01-09,33.04,29633.09,2023-12-19,30.92,458.13,489.54,62822.15,62332.61,6.8,13,rotation (out of top-N),2023-12-18,34.54,,5,1.7,,83.23,,21,2024-01-08,30.05,,5,1.9,,48.46,,42
SELL,377,MPTI,2024-01-09,36.84,4447.22,2023-12-19,31.37,69.75,81.92,24326.32,24244.4,17.38,13,equal-weight sizing trim,2023-12-18,34.88,,5,-1,,101.22,,999,2024-01-08,36.62,,5,-1,,90.68,,999
SELL,377,MPTI,2024-01-23,37.24,24760.78,2023-12-19,31.37,388.37,461.05,145345.77,144884.73,18.65,22,rotation (out of top-N),2023-12-18,34.88,,5,-1,,101.22,,999,2024-01-22,33.53,,5,-1,,63.23,,999
SELL,378,CYTK,2024-01-23,83.3,8610.98,2024-01-09,105.88,455.87,358.63,-194479.08,-194837.7,-21.37,9,ratchet-ATR exit,2024-01-08,85.61,,5,1.7,,120.64,,21,2024-01-22,82.71,,5,1.4,,101.41,,35
SELL,379,SYRE,2024-01-23,27.84,2644.86,2024-01-09,24.67,32.62,36.82,8384.22,8347.4,12.79,9,equal-weight sizing trim,2024-01-08,21.43,,5,-1,,84.93,,154,2024-01-22,27.4,,5,-1,,116.08,,168
SELL,379,SYRE,2024-02-06,25.25,36218.87,2024-01-09,24.8,449.09,457.26,16345.16,15887.9,1.77,19,rotation (out of top-N),2024-01-08,21.43,,5,-1,,84.93,,154,2024-02-05,23.98,,5,-1,,74.81,,182
SELL,380,AMR,2024-01-23,405.33,100.77,2024-01-09,371.0,18.69,20.42,3459.42,3438.99,9.2,9,equal-weight sizing trim,2024-01-08,364.86,,5,-1,,69.98,,196,2024-01-22,386.26,,5,-1,,70.62,,210
SELL,380,AMR,2024-02-06,376.48,2505.28,2024-01-09,372.25,466.29,471.59,10609.24,10137.65,1.09,19,rotation (out of top-N),2024-01-08,364.86,,5,-1,,69.98,,196,2024-02-05,371.15,,5,-0.8,,55.62,,224
SELL,381,PRAX,2024-01-23,40.75,5515.87,2024-01-09,31.48,86.83,112.39,51104.49,50992.11,29.36,9,equal-weight sizing trim,2024-01-08,43.61,,5,1.7,,134.42,,21,2024-01-22,37.56,,5,1.4,,90.7,,35
SELL,381,PRAX,2024-02-27,49.19,1008.21,2024-01-09,32.45,16.36,24.8,16875.05,16850.25,51.5,33,equal-weight sizing trim,2024-01-08,43.61,,5,1.7,,134.42,,21,2024-02-26,49.49,,5,-0.2,,112.86,,70
SELL,381,PRAX,2024-03-19,54.52,719.53,2024-01-09,37.19,13.38,19.62,12470.84,12451.23,46.53,48,equal-weight sizing trim,2024-01-08,43.61,,5,1.7,,134.42,,21,2024-03-18,53.62,,5,-0.5,,104.49,,91
SELL,381,PRAX,2024-04-02,57.69,31753.44,2024-01-09,37.4,593.71,915.93,644427.96,643512.03,54.19,57,rotation (out of top-N),2024-01-08,43.61,,5,1.7,,134.42,,21,2024-04-01,50.41,,5,-0.8,,79.09,,105
SELL,382,RYTM,2024-01-30,45.12,22627.66,2024-01-23,42.2,477.39,510.48,66185.92,65675.44,6.88,5,rotation (out of top-N),2024-01-22,44.34,,5,-1,,67.47,,147,2024-01-29,44.86,,5,-1,,65.58,,154
SELL,383,SMCI,2024-01-30,55.1,4338.85,2024-01-23,43.08,93.46,119.54,52153.02,52033.49,27.84,5,equal-weight sizing trim,2024-01-22,47.4,6,5,-1,0.0,78.02,7.52,644,2024-01-29,57.93,6,5,-1,0.0,108.3,4.64,651
SELL,383,SMCI,2024-02-06,67.38,2183.64,2024-01-23,43.08,47.04,73.57,53062.42,52988.86,56.33,10,equal-weight sizing trim,2024-01-22,47.4,6,5,-1,0.0,78.02,7.52,644,2024-02-05,74.01,6,5,-1,0.0,152.44,5.04,658
SELL,383,SMCI,2024-02-13,75.2,1086.58,2024-01-23,43.08,23.4,40.86,34900.9,34860.04,74.47,15,equal-weight sizing trim,2024-01-22,47.4,6,5,-1,0.0,78.02,7.52,644,2024-02-12,80.24,6,5,-1,0.0,158.94,5.03,665
SELL,383,SMCI,2024-02-27,86.28,306.14,2024-01-23,43.08,6.59,13.21,13225.19,13211.98,100.18,24,equal-weight sizing trim,2024-01-22,47.4,6,5,-1,0.0,78.02,7.52,644,2024-02-26,90.57,6,5,-1,0.0,162.95,7.92,679
SELL,383,SMCI,2024-03-12,112.65,20.78,2024-01-23,47.16,0.49,1.17,1360.93,1359.76,138.74,34,equal-weight sizing trim,2024-01-22,47.4,6,5,-1,0.0,78.02,7.52,644,2024-03-11,106.97,6,5,-1,0.0,175.98,6.74,693
SELL,383,SMCI,2024-03-26,107.6,1108.38,2024-01-23,55.99,31.03,59.63,57206.44,57146.81,92.09,44,equal-weight sizing trim,2024-01-22,47.4,6,5,-1,0.0,78.02,7.52,644,2024-03-25,101.2,5.6,5,-1,0.4,137.55,3.84,707
SELL,383,SMCI,2024-04-02,100.1,246.2,2024-01-23,55.99,6.89,12.32,10860.73,10848.41,78.7,48,equal-weight sizing trim,2024-01-22,47.4,6,5,-1,0.0,78.02,7.52,644,2024-04-01,94.67,5.3,5,-1,0.7,113.48,3.48,714
SELL,383,SMCI,2024-04-09,92.3,18018.0,2024-01-23,55.99,504.39,831.53,654281.21,653449.67,64.78,53,ratchet-ATR exit,2024-01-22,47.4,6,5,-1,0.0,78.02,7.52,644,2024-04-08,89.82,5.8,5,-1,0.2,95.51,4.2,721
SELL,384,DAVE,2024-01-30,18.93,10157.97,2024-01-23,15.39,78.17,96.15,35959.23,35863.08,22.94,5,equal-weight sizing trim,2024-01-22,14.73,,5,1.2,,122.61,,49,2024-01-29,21.47,,5,1.1,,207.69,,56
SELL,384,DAVE,2024-02-06,23.99,7952.12,2024-01-23,15.39,61.19,95.39,68388.22,68292.84,55.8,10,equal-weight sizing trim,2024-01-22,14.73,,5,1.2,,122.61,,49,2024-02-05,20.41,,5,-0.0,,177.36,,63
SELL,384,DAVE,2024-02-27,23.71,290.37,2024-01-23,16.27,2.36,3.44,2159.83,2156.39,45.64,24,equal-weight sizing trim,2024-01-22,14.73,,5,1.2,,122.61,,49,2024-02-26,22.82,,5,-0.4,,159.36,,84
SELL,384,DAVE,2024-03-12,34.06,9133.01,2024-01-23,17.62,80.45,155.56,150206.74,150051.18,93.25,34,equal-weight sizing trim,2024-01-22,14.73,,5,1.2,,122.61,,49,2024-03-11,34.88,,5,-0.6,,238.8,,98
SELL,384,DAVE,2024-03-26,38.92,1156.19,2024-01-23,17.99,10.4,22.5,24208.9,24186.4,116.3,44,equal-weight sizing trim,2024-01-22,14.73,,5,1.2,,122.61,,49,2024-03-25,37.17,,5,-0.9,,210.77,,112
SELL,384,DAVE,2024-04-16,35.09,52703.81,2024-01-23,18.77,494.75,924.56,859610.17,858685.62,86.78,58,ratchet-ATR exit,2024-01-22,14.73,,5,1.2,,122.61,,49,2024-04-15,33.33,,5,-1,,134.34,,133
SELL,385,MPTI,2024-01-30,31.36,25638.41,2024-01-23,37.24,477.39,402.01,-150753.84,-151155.85,-15.83,5,rotation (out of top-N),2024-01-22,33.53,,5,-1,,63.23,,999,2024-01-29,35.52,,5,-1,,67.49,,999
SELL,386,CYTK,2024-02-13,76.91,13089.24,2024-01-30,79.66,521.36,503.31,-36089.5,-36592.82,-3.51,10,rotation (out of top-N),2024-01-29,81.89,,5,1.3,,94.16,,42,2024-02-12,76.9,,5,1.1,,74.38,,56
SELL,387,VRT,2024-02-06,61.75,17556.96,2024-01-30,55.91,490.8,542.07,102532.63,101990.56,10.39,5,rotation (out of top-N),2024-01-29,61.3,4.5,5,-1,1.5,71.68,2.28,455,2024-02-05,63.35,4.9,5,-1,1.1,71.6,2.92,462
SELL,388,AAOI,2024-02-06,20.44,5545.53,2024-01-30,17.19,47.66,56.68,18022.98,17966.3,18.85,5,equal-weight sizing trim,2024-01-29,18.84,,5,-1,,77.6,,231,2024-02-05,20.02,,5,-1,,80.89,,238
SELL,388,AAOI,2024-02-27,15.14,55133.83,2024-01-30,17.36,478.63,417.5,-122260.4,-122677.9,-12.82,19,rotation (out of top-N),2024-01-29,18.84,,5,-1,,77.6,,231,2024-02-26,15.4,,5,0.7,,26.16,,259
SELL,389,POWL,2024-02-13,49.2,2906.11,2024-02-06,41.88,60.85,71.49,21272.75,21201.26,17.42,5,equal-weight sizing trim,2024-02-05,48.49,,5,-1,,89.42,,462,2024-02-12,50.69,,5,-1,,91.81,,469
SELL,389,POWL,2024-02-27,55.53,107.46,2024-02-06,41.88,2.25,2.98,1466.86,1463.88,32.53,14,equal-weight sizing trim,2024-02-05,48.49,,5,-1,,89.42,,462,2024-02-26,59.45,,5,-1,,110.26,,483
SELL,389,POWL,2024-03-05,59.7,22137.29,2024-02-06,41.88,463.55,660.8,394486.56,393825.76,42.48,19,rotation (out of top-N),2024-02-05,48.49,,5,-1,,89.42,,462,2024-03-04,49.82,,5,-1,,71.7,,490
SELL,390,RYTM,2024-02-13,50.59,22898.23,2024-02-06,46.0,526.66,579.27,105217.34,104638.08,9.93,5,rotation (out of top-N),2024-02-05,51.18,,5,-1,,83.07,,161,2024-02-12,49.13,,5,-1,,70.75,,168
SELL,391,DNTH,2024-02-13,23.5,3826.01,2024-02-06,20.9,39.98,44.96,9947.62,9902.67,12.38,5,equal-weight sizing trim,2024-02-05,23.86,,5,1.8,,93.86,,14,2024-02-12,24.03,,5,1.7,,89.83,,21
SELL,391,DNTH,2024-02-27,26.53,46572.0,2024-02-06,20.9,486.68,617.78,262200.35,261582.57,26.87,14,rotation (out of top-N),2024-02-05,23.86,,5,1.8,,93.86,,14,2024-02-26,25.73,,5,1.4,,92.09,,35
SELL,392,MPTI,2024-02-27,37.99,29855.21,2024-02-13,36.64,546.95,567.1,40304.53,39737.43,3.63,9,rotation (out of top-N),2024-02-12,43.66,,5,-1,,91.94,,999,2024-02-26,38.56,,5,-1.0,,59.9,,999
SELL,393,COIN,2024-02-27,205.37,7920.46,2024-02-13,138.11,546.95,813.31,532730.14,531916.83,48.63,9,rotation (out of top-N),2024-02-12,180.23,6,5,-1,0.0,82.14,5.5,336,2024-02-26,205.85,6,5,-1,0.0,95.3,4.76,350
SELL,394,SYRE,2024-03-05,36.29,7281.42,2024-02-27,24.06,87.61,132.12,89015.34,88883.22,50.72,5,equal-weight sizing trim,2024-02-26,29.95,,5,-1,,96.86,,203,2024-03-04,37.98,,5,-1,,136.18,,210
SELL,394,SYRE,2024-03-12,39.72,526.55,2024-02-27,24.07,6.34,10.46,8243.19,8232.73,64.97,10,equal-weight sizing trim,2024-02-26,29.95,,5,-1,,96.86,,203,2024-03-11,45.28,,5,-1,,164.38,,217
SELL,394,SYRE,2024-03-19,40.21,543.13,2024-02-27,24.07,6.54,10.92,8768.88,8757.96,67.01,15,equal-weight sizing trim,2024-02-26,29.95,,5,-1,,96.86,,203,2024-03-18,41.05,,5,-1,,127.23,,224
SELL,394,SYRE,2024-04-02,37.07,95.9,2024-02-27,26.08,1.25,1.78,1054.06,1052.28,42.07,24,equal-weight sizing trim,2024-02-26,29.95,,5,-1,,96.86,,203,2024-04-01,36.35,,5,-1,,87.45,,238
SELL,394,SYRE,2024-04-16,37.77,2592.78,2024-02-27,27.09,35.11,48.97,27715.55,27666.58,39.4,34,equal-weight sizing trim,2024-02-26,29.95,,5,-1,,96.86,,203,2024-04-15,32.2,,5,-0.9,,57.16,,252
SELL,394,SYRE,2024-04-23,35.32,50418.86,2024-02-27,27.09,682.81,890.4,415174.15,414283.75,30.34,39,rotation (out of top-N),2024-02-26,29.95,,5,-1,,96.86,,203,2024-04-22,33.52,,5,-1.0,,59.92,,259
SELL,395,MSTR,2024-03-05,124.32,1368.8,2024-02-27,86.85,59.44,85.08,51288.81,51203.73,43.07,5,equal-weight sizing trim,2024-02-26,107.84,,5,-1,,134.41,,385,2024-03-04,142.26,,5,-1,,191.48,,392
SELL,395,MSTR,2024-03-12,153.39,1579.18,2024-02-27,86.85,68.58,121.12,105078.48,104957.37,76.53,10,equal-weight sizing trim,2024-02-26,107.84,,5,-1,,134.41,,385,2024-03-11,177.79,,5,-1,,238.36,,399
SELL,395,MSTR,2024-03-26,186.55,2448.82,2024-02-27,93.09,113.98,228.41,228868.28,228639.86,100.3,20,equal-weight sizing trim,2024-02-26,107.84,,5,-1,,134.41,,385,2024-03-25,170.43,,5,-1,,188.43,,413
SELL,395,MSTR,2024-04-16,130.56,13960.25,2024-02-27,106.32,742.1,911.33,338452.05,337540.73,22.74,34,ratchet-ATR exit,2024-02-26,107.84,,5,-1,,134.41,,385,2024-04-15,117.2,,5,-1,,76.6,,434
SELL,396,ROOT,2024-03-05,40.78,18593.8,2024-02-27,21.35,198.49,379.13,361277.48,360898.35,90.91,5,equal-weight sizing trim,2024-02-26,39.11,,5,1.9,,273.09,,7,2024-03-04,45.8,,5,1.8,,298.0,,14
SELL,396,ROOT,2024-03-19,56.45,11263.84,2024-02-27,22.65,127.56,317.92,380720.01,380402.09,149.1,15,equal-weight sizing trim,2024-02-26,39.11,,5,1.9,,273.09,,7,2024-03-18,53.91,,5,1.5,,288.44,,28
SELL,396,ROOT,2024-04-02,56.52,2294.88,2024-02-27,26.5,30.41,64.85,68887.71,68822.85,113.16,24,equal-weight sizing trim,2024-02-26,39.11,,5,1.9,,273.09,,7,2024-04-01,82.85,,5,1.3,,387.79,,42
SELL,396,ROOT,2024-04-09,79.37,6315.68,2024-02-27,26.5,83.69,250.64,333897.4,333646.76,199.34,29,equal-weight sizing trim,2024-02-26,39.11,,5,1.9,,273.09,,7,2024-04-08,66.77,,5,1.2,,262.86,,49
SELL,396,ROOT,2024-04-16,61.52,25595.18,2024-02-27,26.5,339.16,787.37,896421.12,895633.75,132.04,34,ratchet-ATR exit,2024-02-26,39.11,,5,1.9,,273.09,,7,2024-04-15,51.8,,5,1.1,,166.37,,56
SELL,397,ACMR,2024-03-05,30.83,55835.91,2024-02-27,22.0,614.33,860.71,492751.91,491891.2,40.03,5,rotation (out of top-N),2024-02-26,33.92,,5,-1,,104.84,,259,2024-03-04,30.13,,5,-1,,76.55,,266
SELL,398,CVNA,2024-03-19,15.69,107493.86,2024-02-27,14.88,799.82,843.29,86942.62,86099.33,5.38,15,rotation (out of top-N),2024-02-26,16.6,6,5,-1,0.0,103.25,10.29,266,2024-03-18,17.19,6,5,-1,0.0,88.46,4.67,287
SELL,399,WGS,2024-03-19,9.43,12881.19,2024-03-05,8.81,56.71,60.73,8045.91,7985.17,7.04,10,equal-weight sizing trim,2024-03-04,8.37,,5,1.8,,90.76,,14,2024-03-18,8.64,,5,1.5,,88.71,,28
SELL,399,WGS,2024-04-02,8.94,24641.48,2024-03-05,8.78,108.19,110.15,3921.75,3811.6,1.76,19,equal-weight sizing trim,2024-03-04,8.37,,5,1.8,,90.76,,14,2024-04-01,9.93,,5,1.3,,108.9,,42
SELL,399,WGS,2024-04-09,10.35,5465.97,2024-03-05,8.78,24.0,28.29,8576.93,8548.65,17.81,24,equal-weight sizing trim,2024-03-04,8.37,,5,1.8,,90.76,,14,2024-04-08,9.62,,5,1.2,,97.98,,49
SELL,399,WGS,2024-04-16,9.9,3898.14,2024-03-05,8.78,17.11,19.3,4362.61,4343.32,12.69,29,equal-weight sizing trim,2024-03-04,8.37,,5,1.8,,90.76,,14,2024-04-15,9.6,,5,1.1,,94.78,,56
SELL,399,WGS,2024-04-23,10.83,17476.84,2024-03-05,8.78,76.73,94.64,35812.72,35718.08,23.27,34,equal-weight sizing trim,2024-03-04,8.37,,5,1.8,,90.76,,14,2024-04-22,11.12,,5,-0.0,,121.98,,63
SELL,399,WGS,2024-04-30,14.62,24972.75,2024-03-05,8.78,109.64,182.55,145819.68,145637.13,66.42,39,equal-weight sizing trim,2024-03-04,8.37,,5,1.8,,90.76,,14,2024-04-29,19.65,,5,-0.2,,269.19,,70
SELL,399,WGS,2024-05-07,20.02,22708.2,2024-03-05,8.78,99.7,227.31,255220.98,254993.67,127.88,44,equal-weight sizing trim,2024-03-04,8.37,,5,1.8,,90.76,,14,2024-05-06,20.72,,5,-0.3,,266.06,,77
SELL,399,WGS,2024-05-14,23.02,9844.74,2024-03-05,8.78,43.22,113.31,140180.75,140067.43,162.03,49,equal-weight sizing trim,2024-03-04,8.37,,5,1.8,,90.76,,14,2024-05-13,22.34,,5,-0.4,,266.92,,84
SELL,399,WGS,2024-06-04,21.25,9338.78,2024-03-05,10.14,47.34,99.22,103777.89,103678.67,109.51,63,equal-weight sizing trim,2024-03-04,8.37,,5,1.8,,90.76,,14,2024-06-03,25.07,,5,-0.8,,239.59,,105
SELL,399,WGS,2024-06-11,25.24,15122.3,2024-03-05,10.14,76.65,190.84,228385.59,228194.75,148.85,68,equal-weight sizing trim,2024-03-04,8.37,,5,1.8,,90.76,,14,2024-06-10,28.77,,5,-0.9,,260.11,,112
SELL,399,WGS,2024-06-18,27.72,1122.42,2024-03-05,10.14,5.69,15.56,19734.97,19719.41,173.31,73,equal-weight sizing trim,2024-03-04,8.37,,5,1.8,,90.76,,14,2024-06-17,27.46,,5,-1.0,,220.55,,119
SELL,399,WGS,2024-06-25,27.79,1762.53,2024-03-05,10.14,8.93,24.49,31113.23,31088.74,174.0,77,equal-weight sizing trim,2024-03-04,8.37,,5,1.8,,90.76,,14,2024-06-24,26.17,,5,-1,,186.61,,126
SELL,399,WGS,2024-07-16,35.5,7138.01,2024-03-05,12.14,43.34,126.7,166722.83,166596.13,192.2,91,equal-weight sizing trim,2024-03-04,8.37,,5,1.8,,90.76,,14,2024-07-15,31.86,,5,-1,,184.05,,147
SELL,399,WGS,2024-08-06,28.94,117282.88,2024-03-05,13.48,790.6,1697.08,1812964.36,1811267.28,114.55,106,ratchet-ATR exit,2024-03-04,8.37,,5,1.8,,90.76,,14,2024-08-05,32.72,,5,-1,,143.78,,168
SELL,400,KYMR,2024-03-12,42.65,37607.65,2024-03-05,42.22,793.9,801.89,15983.25,15181.36,0.96,5,rotation (out of top-N),2024-03-04,43.5,,5,-0.0,,84.13,,63,2024-03-11,40.6,,5,-0.2,,68.69,,70
SELL,401,COIN,2024-03-12,257.94,236.19,2024-03-05,230.25,27.19,30.46,6539.99,6509.53,11.97,5,equal-weight sizing trim,2024-03-04,256.62,6,5,-1,0.0,132.85,5.36,357,2024-03-11,242.43,6,5,-1,0.0,110.92,6.4,364
SELL,401,COIN,2024-03-26,279.56,656.32,2024-03-05,229.34,75.26,91.74,32963.22,32871.48,21.84,15,equal-weight sizing trim,2024-03-04,256.62,6,5,-1,0.0,132.85,5.36,357,2024-03-25,265.0,6.0,5,-1,0.0,111.96,4.44,378
SELL,401,COIN,2024-04-16,220.06,8016.71,2024-03-05,231.25,926.94,882.08,-89724.71,-90606.79,-4.89,29,rotation (out of top-N),2024-03-04,256.62,6,5,-1,0.0,132.85,5.36,357,2024-04-15,210.89,5.7,5,-0.7,0.0,54.99,5.06,399
SELL,402,DNTH,2024-03-19,26.79,3128.85,2024-03-12,25.54,39.96,41.91,3911.06,3869.15,4.84,5,equal-weight sizing trim,2024-03-11,28.2,,5,1.2,,99.09,,49,2024-03-18,31.85,,5,1.1,,116.71,,56
SELL,402,DNTH,2024-03-26,31.51,1729.21,2024-03-12,25.54,22.08,27.24,10323.37,10296.13,23.31,10,equal-weight sizing trim,2024-03-11,28.2,,5,1.2,,99.09,,49,2024-03-25,30.0,,5,-0.0,,97.64,,63
SELL,402,DNTH,2024-04-02,28.85,62368.4,2024-03-12,25.54,796.44,899.66,206439.4,205539.73,12.9,14,rotation (out of top-N),2024-03-11,28.2,,5,1.2,,99.09,,49,2024-04-01,25.05,,5,-0.2,,61.56,,70
SELL,403,BMA,2024-03-26,44.5,44234.96,2024-03-19,38.8,858.16,984.23,252139.24,251155.02,14.63,5,rotation (out of top-N),2024-03-18,43.99,,5,-1,,95.42,,455,2024-03-25,40.93,,5,-1,,77.55,,462
SELL,404,CVNA,2024-04-02,16.73,108163.3,2024-03-26,18.16,982.12,904.79,-154673.52,-155578.31,-7.92,4,rotation (out of top-N),2024-03-25,17.58,5.5,5,-1,0.5,85.96,3.78,294,2024-04-01,16.77,4.9,5,-1,1.1,72.11,2.9,301
SELL,405,BMA,2024-04-23,46.75,47130.44,2024-04-02,41.34,974.07,1101.67,255210.09,254108.41,13.04,15,rotation (out of top-N),2024-04-01,43.44,,5,-1,,83.77,,469,2024-04-22,43.69,,5,-1,,71.89,,490
SELL,406,NKTR,2024-04-09,19.65,29167.77,2024-04-02,13.6,198.34,286.57,176464.98,176178.41,44.41,5,equal-weight sizing trim,2024-04-01,19.8,,5,1.2,,109.46,,49,2024-04-08,25.05,,5,1.1,,153.75,,56
SELL,406,NKTR,2024-04-16,23.25,21466.6,2024-04-02,13.6,145.97,249.55,207152.72,206903.17,70.87,10,equal-weight sizing trim,2024-04-01,19.8,,5,1.2,,109.46,,49,2024-04-15,18.97,,5,-0.0,,87.08,,63
SELL,406,NKTR,2024-05-14,26.55,1764.21,2024-04-02,15.2,13.41,23.42,20019.12,19995.7,74.55,30,equal-weight sizing trim,2024-04-01,19.8,,5,1.2,,109.46,,49,2024-05-13,26.33,,5,-0.5,,127.69,,91
SELL,406,NKTR,2024-06-04,20.48,110139.93,2024-04-02,16.0,881.25,1127.83,493158.55,492030.71,27.92,44,rotation (out of top-N),2024-04-01,19.8,,5,1.2,,109.46,,49,2024-06-03,18.9,,5,-0.5,,52.5,,112
SELL,407,VST,2024-04-09,74.01,26198.22,2024-04-02,68.81,901.35,969.47,136230.77,135261.3,7.5,5,rotation (out of top-N),2024-04-01,74.34,4.6,5,-1,1.4,92.32,2.35,385,2024-04-08,68.78,4.9,5,-1,1.1,73.14,2.81,392
SELL,408,PRAX,2024-04-16,52.17,1963.47,2024-04-09,52.78,51.82,51.22,-1197.72,-1248.94,-1.21,5,equal-weight sizing trim,2024-04-08,54.69,,5,-0.9,,88.18,,112,2024-04-15,46.86,,5,-0.8,,57.23,,119
SELL,408,PRAX,2024-04-30,58.18,38154.33,2024-04-09,52.64,1004.31,1109.91,211197.61,210087.7,10.46,15,rotation (out of top-N),2024-04-08,54.69,,5,-0.9,,88.18,,112,2024-04-29,54.73,,5,-1,,72.27,,133
SELL,409,VST,2024-04-23,66.67,28425.96,2024-04-09,73.77,1048.43,947.58,-201700.81,-202648.39,-9.66,10,rotation (out of top-N),2024-04-08,68.78,4.9,5,-1,1.1,73.14,2.81,392,2024-04-22,71.76,5.4,5,-1,0.6,71.63,3.64,406
SELL,410,ORKA,2024-04-23,22.85,9555.92,2024-04-16,20.59,98.38,109.18,21596.38,21487.2,10.92,5,equal-weight sizing trim,2024-04-15,21.78,,5,1.8,,73.04,,14,2024-04-22,22.98,,5,1.7,,79.17,,21
SELL,410,ORKA,2024-04-30,21.56,82897.7,2024-04-16,20.59,853.43,893.64,80410.77,79517.13,4.66,10,rotation (out of top-N),2024-04-15,21.78,,5,1.8,,73.04,,14,2024-04-29,21.04,,5,1.5,,61.56,,28
SELL,411,COIN,2024-04-23,224.77,8650.46,2024-04-16,220.06,951.81,972.18,40743.66,39771.48,2.09,5,rotation (out of top-N),2024-04-15,210.89,5.7,5,-0.7,0.0,54.99,5.06,399,2024-04-22,236.45,6,5,-1,0.0,69.55,5.2,406
SELL,412,FLXS,2024-04-23,36.68,51035.39,2024-04-16,37.3,951.81,935.99,-31641.94,-32577.93,-1.71,5,rotation (out of top-N),2024-04-15,36.0,,5,-0.5,,52.29,,112,2024-04-22,36.31,,5,-0.5,,50.84,,119
SELL,413,SMCI,2024-04-23,72.71,21151.33,2024-04-16,90.0,951.81,768.96,-365706.56,-366475.52,-19.25,5,ratchet-ATR exit,2024-04-15,71.4,4.7,5,-0.6,0.9,51.95,3.21,728,2024-04-22,85.79,6,5,-1,0.0,77.34,8.43,735
SELL,414,MSTR,2024-04-30,117.91,14588.27,2024-04-23,129.78,946.63,860.05,-173162.74,-174022.79,-9.19,5,rotation (out of top-N),2024-04-22,128.17,,5,-1,,87.17,,441,2024-04-29,121.98,,5,-1,,73.16,,448
SELL,415,ROOT,2024-04-30,66.51,528.0,2024-04-23,56.54,14.93,17.56,5264.14,5246.58,17.57,5,equal-weight sizing trim,2024-04-22,64.52,,5,-0.0,,210.49,,63,2024-04-29,56.1,,5,-0.2,,155.83,,70
SELL,415,ROOT,2024-05-14,63.57,2792.99,2024-04-23,56.45,78.84,88.78,19878.23,19789.45,12.55,15,equal-weight sizing trim,2024-04-22,64.52,,5,-0.0,,210.49,,63,2024-05-13,65.77,,5,-0.4,,166.37,,84
SELL,415,ROOT,2024-06-04,48.35,43845.67,2024-04-23,56.7,1243.09,1059.97,-366241.87,-367301.84,-14.77,29,ratchet-ATR exit,2024-04-22,64.52,,5,-0.0,,210.49,,63,2024-06-03,49.48,,5,-0.8,,78.03,,105
SELL,416,TPC,2024-04-30,17.39,12044.43,2024-04-23,13.71,82.56,104.73,44323.49,44218.76,26.78,5,equal-weight sizing trim,2024-04-22,17.75,,5,-1,,85.35,,273,2024-04-29,17.95,,5,-1,,82.8,,280
SELL,416,TPC,2024-05-21,19.97,1276.88,2024-04-23,14.3,9.13,12.75,7237.9,7225.15,39.57,20,equal-weight sizing trim,2024-04-22,17.75,,5,-1,,85.35,,273,2024-05-20,21.59,,5,-1,,101.93,,301
SELL,416,TPC,2024-06-04,21.22,19791.35,2024-04-23,14.3,141.52,209.99,136924.71,136714.72,48.3,29,equal-weight sizing trim,2024-04-22,17.75,,5,-1,,85.35,,273,2024-06-03,19.86,,5,-1,,75.85,,315
SELL,416,TPC,2024-06-11,19.59,122121.92,2024-04-23,14.3,873.27,1196.18,645830.93,644634.75,36.91,34,ratchet-ATR exit,2024-04-22,17.75,,5,-1,,85.35,,273,2024-06-10,20.66,,5,-1,,78.03,,322
SELL,417,VRT,2024-04-30,93.83,24680.82,2024-04-23,76.71,946.63,1157.9,422535.56,421377.66,22.26,5,rotation (out of top-N),2024-04-22,93.27,6,5,-1,0.0,79.54,4.77,539,2024-04-29,92.78,5.1,5,-1,0.9,73.03,3.1,546
SELL,418,DAVE,2024-04-30,47.9,2530.85,2024-04-23,39.2,49.6,60.61,22005.74,21945.13,22.12,5,equal-weight sizing trim,2024-04-22,43.52,,5,-1,,186.82,,140,2024-04-29,45.13,,5,-1,,179.21,,147
SELL,418,DAVE,2024-06-04,36.47,62016.14,2024-04-23,41.59,1289.5,1130.86,-317276.87,-318407.73,-12.35,29,ratchet-ATR exit,2024-04-22,43.52,,5,-1,,186.82,,140,2024-06-03,38.01,,5,-1,,81.96,,182
SELL,419,PI,2024-04-30,155.9,1511.9,2024-04-23,121.58,91.91,117.85,51888.29,51770.44,28.16,5,equal-weight sizing trim,2024-04-22,150.91,,5,-0.8,,74.43,,105,2024-04-29,161.37,,5,-0.9,,81.58,,112
SELL,419,PI,2024-05-07,162.48,14060.28,2024-04-23,121.58,854.72,1142.26,575065.49,573923.24,33.57,10,rotation (out of top-N),2024-04-22,150.91,,5,-0.8,,74.43,,105,2024-05-06,160.19,,5,-1.0,,75.36,,119
SELL,420,BMA,2024-05-07,54.91,1682.01,2024-04-30,45.58,38.33,46.18,15693.15,15646.97,20.41,5,equal-weight sizing trim,2024-04-29,51.25,,5,-1,,95.59,,497,2024-05-06,53.13,,5,-1,,96.48,,504
SELL,420,BMA,2024-05-21,56.75,51711.27,2024-04-30,46.27,1196.26,1467.31,542089.77,540622.47,22.6,15,rotation (out of top-N),2024-04-29,51.25,,5,-1,,95.59,,497,2024-05-20,49.63,,5,-1,,72.98,,518
SELL,421,IESC,2024-05-07,170.12,1259.03,2024-04-30,134.98,84.97,107.09,44235.92,44128.83,25.97,5,equal-weight sizing trim,2024-04-29,161.54,,5,-1,,85.59,,497,2024-05-06,182.2,,5,-1,,102.59,,504
SELL,421,IESC,2024-05-14,161.5,14972.28,2024-04-30,134.98,1010.48,1209.01,397064.86,395855.85,19.59,10,rotation (out of top-N),2024-04-29,161.54,,5,-1,,85.59,,497,2024-05-13,159.15,,5,-1,,72.69,,511
SELL,422,VST,2024-05-14,87.76,274.48,2024-04-30,77.26,10.6,12.04,2881.25,2869.21,13.53,10,equal-weight sizing trim,2024-04-29,80.33,4.6,5,-1,1.4,86.19,2.33,413,2024-05-13,92.83,5.0,5,-1,1.0,100.3,2.93,427
SELL,422,VST,2024-06-04,91.16,31245.73,2024-04-30,77.46,1210.14,1424.18,428088.24,426664.06,17.63,24,rotation (out of top-N),2024-04-29,80.33,4.6,5,-1,1.4,86.19,2.33,413,2024-06-03,83.9,6,5,-1,0.0,63.93,5.63,448
SELL,423,CVNA,2024-05-07,24.78,30888.2,2024-04-30,16.39,253.13,382.7,259151.99,258769.29,51.11,5,equal-weight sizing trim,2024-04-29,24.34,5.3,5,-1,0.7,127.01,3.44,329,2024-05-06,23.35,6,5,-1,0.0,110.77,4.83,336
SELL,423,CVNA,2024-06-04,19.73,120642.38,2024-04-30,17.5,1055.75,1190.14,268775.92,267585.78,12.67,24,rotation (out of top-N),2024-04-29,24.34,5.3,5,-1,0.7,127.01,3.44,329,2024-06-03,21.32,5.4,5,-1,0.6,72.16,3.54,364
SELL,424,BLBD,2024-05-14,49.03,13926.7,2024-05-07,36.88,256.77,341.41,169279.07,168937.66,32.9,5,equal-weight sizing trim,2024-05-06,48.75,,5,-1,,83.23,,140,2024-05-13,53.09,,5,-1,,93.72,,147
SELL,424,BLBD,2024-05-21,55.31,3871.58,2024-05-07,36.88,71.38,107.07,71372.6,71265.53,49.92,10,equal-weight sizing trim,2024-05-06,48.75,,5,-1,,83.23,,140,2024-05-20,54.63,,5,-1,,93.53,,154
SELL,424,BLBD,2024-06-04,54.87,4005.83,2024-05-07,36.87,73.86,109.89,72064.83,71954.94,48.71,19,equal-weight sizing trim,2024-05-06,48.75,,5,-1,,83.23,,140,2024-06-03,56.29,,5,-1,,87.8,,168
SELL,424,BLBD,2024-06-25,53.94,52443.61,2024-05-07,38.76,1016.31,1414.4,796183.72,794769.32,39.1,33,rotation (out of top-N),2024-05-06,48.75,,5,-1,,83.23,,140,2024-06-24,53.83,,5,-1,,65.42,,189
SELL,425,MSTR,2024-05-21,171.41,5263.93,2024-05-14,123.9,326.1,451.15,250089.3,249638.15,38.28,5,equal-weight sizing trim,2024-05-13,158.25,,5,-1,,109.7,,462,2024-05-20,168.11,,5,-1,,113.21,,469
SELL,425,MSTR,2024-06-04,162.76,611.74,2024-05-14,123.9,37.9,49.78,23772.04,23722.26,31.3,14,equal-weight sizing trim,2024-05-13,158.25,,5,-1,,109.7,,462,2024-06-03,160.0,,5,-1,,88.37,,483
SELL,425,MSTR,2024-06-11,153.52,15921.77,2024-05-14,123.9,986.35,1222.16,471602.82,470380.66,23.84,19,rotation (out of top-N),2024-05-13,158.25,,5,-1,,109.7,,462,2024-06-10,149.32,,5,-1,,70.1,,490
SELL,426,VRT,2024-06-04,93.68,29362.4,2024-05-21,96.47,1416.3,1375.34,-81921.11,-83296.44,-2.94,9,rotation (out of top-N),2024-05-20,105.93,4.5,5,-1,1.5,81.09,2.24,567,2024-06-03,87.49,5.1,5,-0.1,0.0,42.96,5.02,581
SELL,427,ANF,2024-06-11,186.62,694.8,2024-06-04,171.04,59.42,64.83,10821.58,10756.75,9.05,5,equal-weight sizing trim,2024-06-03,175.34,,5,-1,,75.26,,518,2024-06-10,186.0,,5,-1,,79.95,,525
SELL,427,ANF,2024-06-25,170.75,15917.0,2024-06-04,172.25,1370.83,1358.87,-23921.23,-25280.1,-0.92,14,rotation (out of top-N),2024-06-03,175.34,,5,-1,,75.26,,518,2024-06-24,177.8,,5,-1,,62.24,,539
SELL,428,ASTS,2024-06-18,12.4,82785.74,2024-06-04,8.32,344.52,513.27,337503.63,336990.36,48.91,10,equal-weight sizing trim,2024-06-03,8.62,,5,1.9,,120.0,,7,2024-06-17,10.09,,5,1.7,,138.34,,21
SELL,428,ASTS,2024-07-02,10.69,326.98,2024-06-04,8.63,1.41,1.75,673.54,671.79,23.81,19,equal-weight sizing trim,2024-06-03,8.62,,5,1.9,,120.0,,7,2024-07-01,12.39,,5,1.4,,167.0,,35
SELL,428,ASTS,2024-07-09,12.05,16027.01,2024-06-04,8.63,69.16,96.56,54809.88,54713.32,39.56,23,equal-weight sizing trim,2024-06-03,8.62,,5,1.9,,120.0,,7,2024-07-08,12.98,,5,1.3,,166.42,,42
SELL,428,ASTS,2024-07-30,19.41,84540.15,2024-06-04,8.95,378.51,820.46,883913.85,883093.39,116.66,38,equal-weight sizing trim,2024-06-03,8.62,,5,1.9,,120.0,,7,2024-07-29,18.5,,5,-0.0,,213.49,,63
SELL,428,ASTS,2024-08-06,19.3,1751.62,2024-06-04,8.95,7.84,16.91,18130.24,18113.33,115.48,43,equal-weight sizing trim,2024-06-03,8.62,,5,1.9,,120.0,,7,2024-08-05,21.21,,5,-0.2,,235.2,,70
SELL,428,ASTS,2024-08-20,38.8,83464.37,2024-06-04,9.0,375.6,1619.0,2486797.27,2485178.27,330.83,53,equal-weight sizing trim,2024-06-03,8.62,,5,1.9,,120.0,,7,2024-08-19,32.87,,5,-0.4,,327.06,,84
SELL,428,ASTS,2024-09-10,26.43,143230.35,2024-06-04,12.63,904.36,1893.15,1977568.3,1975675.15,109.23,67,ratchet-ATR exit,2024-06-03,8.62,,5,1.9,,120.0,,7,2024-09-09,29.83,,5,-0.8,,216.23,,105
SELL,429,INSM,2024-06-11,59.7,796.22,2024-06-04,56.36,22.44,23.77,2663.36,2639.59,5.88,5,equal-weight sizing trim,2024-06-03,56.84,,5,1.9,,103.01,,7,2024-06-10,63.91,,5,1.8,,120.84,,14
SELL,429,INSM,2024-06-25,69.48,4140.77,2024-06-04,56.45,116.88,143.86,53961.25,53817.39,23.02,14,equal-weight sizing trim,2024-06-03,56.84,,5,1.9,,103.01,,7,2024-06-24,66.99,,5,1.5,,116.12,,28
SELL,429,INSM,2024-07-23,75.67,266.48,2024-06-04,58.83,7.84,10.08,4486.18,4476.1,28.55,33,equal-weight sizing trim,2024-06-03,56.84,,5,1.9,,103.01,,7,2024-07-22,74.56,,5,1.1,,107.46,,56
SELL,429,INSM,2024-08-06,71.84,53422.36,2024-06-04,60.04,1603.77,1918.93,630329.96,628411.03,19.59,43,ratchet-ATR exit,2024-06-03,56.84,,5,1.9,,103.01,,7,2024-08-05,73.98,,5,-0.2,,92.85,,70
SELL,430,NVDA,2024-06-11,121.72,246.42,2024-06-04,115.64,14.25,15.0,1498.21,1483.21,5.21,5,equal-weight sizing trim,2024-06-03,120.77,5.0,5,-1,1.0,80.12,3.07,504,2024-06-10,131.91,4.8,5,-1,1.2,90.59,2.7,511
SELL,430,NVDA,2024-06-25,121.14,22350.3,2024-06-04,115.78,1293.83,1353.76,119858.1,118504.34,4.58,14,ratchet-ATR exit,2024-06-03,120.77,5.0,5,-1,1.0,80.12,3.07,504,2024-06-24,123.37,5.4,5,-1,0.6,68.24,3.67,525
SELL,431,INOD,2024-06-11,15.01,736.43,2024-06-04,14.36,5.29,5.53,478.68,473.15,4.47,5,equal-weight sizing trim,2024-06-03,14.57,,5,1.8,,73.04,,14,2024-06-10,15.17,,5,1.7,,77.47,,21
SELL,431,INOD,2024-06-18,14.84,179634.84,2024-06-04,14.36,1289.78,1332.89,86224.73,84891.83,3.29,10,rotation (out of top-N),2024-06-03,14.57,,5,1.8,,73.04,,14,2024-06-17,13.38,,5,1.8,,54.06,,28
SELL,432,CVNA,2024-06-11,21.18,131278.84,2024-06-04,19.73,1295.07,1390.24,190354.32,188964.08,7.3,5,rotation (out of top-N),2024-06-03,21.32,5.4,5,-1,0.6,72.16,3.54,364,2024-06-10,20.6,6,5,-1,0.0,62.67,4.82,371
SELL,433,BMA,2024-06-18,55.29,54279.37,2024-06-11,49.65,1347.49,1500.55,306135.66,304635.11,11.3,5,rotation (out of top-N),2024-06-10,54.22,,5,-1,,73.98,,539,2024-06-17,50.37,,5,-0.9,,57.68,,546
SELL,434,DAVE,2024-06-25,37.15,77742.49,2024-06-11,35.25,1370.15,1444.07,147838.08,146394.01,5.34,9,rotation (out of top-N),2024-06-10,37.2,,5,-1,,71.84,,189,2024-06-24,30.2,,5,0.5,,30.87,,203
SELL,435,TMDX,2024-06-18,142.16,18772.44,2024-06-11,143.56,1347.49,1334.3,-26375.27,-27709.57,-1.03,5,rotation (out of top-N),2024-06-10,141.88,,5,-1,,70.36,,168,2024-06-17,138.99,,5,-1,,63.01,,175
SELL,436,TPC,2024-06-25,21.75,5795.4,2024-06-18,21.13,61.23,63.02,3593.15,3530.12,2.88,4,equal-weight sizing trim,2024-06-17,21.62,,5,-1,,80.94,,329,2024-06-24,21.72,,5,-1,,76.63,,336
SELL,436,TPC,2024-07-23,24.71,10292.88,2024-06-18,21.34,109.84,127.17,34656.26,34529.09,15.72,23,equal-weight sizing trim,2024-06-17,21.62,,5,-1,,80.94,,329,2024-07-22,25.98,,5,-1,,86.65,,364
SELL,436,TPC,2024-07-30,25.28,151218.31,2024-06-18,21.34,1613.73,1911.4,595348.25,593436.85,18.39,28,rotation (out of top-N),2024-06-17,21.62,,5,-1,,80.94,,329,2024-07-29,17.34,,4.46,0.9,,22.3,,371
SELL,437,FTAI,2024-06-25,90.91,1563.39,2024-06-18,87.85,68.67,71.06,4783.99,4712.92,3.43,4,equal-weight sizing trim,2024-06-17,91.17,,5,-1,,64.64,,546,2024-06-24,101.39,,5,-1,,77.59,,553
SELL,437,FTAI,2024-07-02,102.56,1852.43,2024-06-18,87.85,81.37,94.99,27249.29,27154.3,16.69,9,equal-weight sizing trim,2024-06-17,91.17,,5,-1,,64.64,,546,2024-07-01,103.9,,5,-1,,76.61,,560
SELL,437,FTAI,2024-07-09,103.46,29921.36,2024-06-18,87.85,1314.3,1547.83,467072.45,465524.62,17.71,13,rotation (out of top-N),2024-06-17,91.17,,5,-1,,64.64,,546,2024-07-08,95.89,,5,-0.9,,58.79,,567
SELL,438,CVNA,2024-06-25,23.67,13615.01,2024-06-18,21.59,146.97,161.13,28319.22,28158.09,9.58,4,equal-weight sizing trim,2024-06-17,22.59,5.1,5,-1,0.9,74.21,3.19,378,2024-06-24,25.72,4.9,5,-1,1.1,91.93,2.78,385
SELL,438,CVNA,2024-08-06,27.59,12724.59,2024-06-18,22.44,142.74,175.54,65583.09,65407.56,22.91,33,equal-weight sizing trim,2024-06-17,22.59,5.1,5,-1,0.9,74.21,3.19,378,2024-08-05,27.19,6,5,-1,0.0,66.04,7.95,427
SELL,438,CVNA,2024-08-27,31.31,621.85,2024-06-18,22.75,7.07,9.74,5323.94,5314.21,37.57,48,equal-weight sizing trim,2024-06-17,22.59,5.1,5,-1,0.9,74.21,3.19,378,2024-08-26,30.13,4.8,5,-1,1.2,65.15,2.63,448
SELL,438,CVNA,2024-09-10,26.89,151384.52,2024-06-18,22.75,1721.89,2035.36,626958.24,624922.87,18.15,57,rotation (out of top-N),2024-06-17,22.59,5.1,5,-1,0.9,74.21,3.19,378,2024-09-09,28.36,4.5,5,-0.4,0.9,47.38,3.18,462
SELL,439,ROOT,2024-07-02,50.33,3682.61,2024-06-25,44.65,82.21,92.66,20898.83,20806.16,12.65,5,equal-weight sizing trim,2024-06-24,51.63,,5,-1,,69.47,,126,2024-07-01,55.98,,5,-1,,76.99,,133
SELL,439,ROOT,2024-07-09,61.09,7515.92,2024-06-25,44.65,167.79,229.57,123561.75,123332.17,36.75,9,equal-weight sizing trim,2024-06-24,51.63,,5,-1,,69.47,,126,2024-07-08,69.44,,5,-1,,109.65,,140
SELL,439,ROOT,2024-07-16,76.14,2229.43,2024-06-25,44.65,49.77,84.87,70193.7,70108.83,70.43,14,equal-weight sizing trim,2024-06-24,51.63,,5,-1,,69.47,,126,2024-07-15,77.19,,5,-1,,121.78,,147
SELL,439,ROOT,2024-07-23,74.62,1157.88,2024-06-25,44.65,25.85,43.2,34701.6,34658.4,67.04,19,equal-weight sizing trim,2024-06-24,51.63,,5,-1,,69.47,,126,2024-07-22,67.73,,5,-1,,86.75,,154
SELL,439,ROOT,2024-07-30,66.95,50075.11,2024-06-25,44.65,1117.93,1676.39,1116925.22,1115248.83,49.88,24,rotation (out of top-N),2024-06-24,51.63,,5,-1,,69.47,,126,2024-07-29,56.37,,5,-0.5,,50.46,,161
SELL,440,INOD,2024-07-02,15.68,210969.05,2024-06-25,13.69,1443.56,1654.0,420883.25,419229.25,14.52,5,rotation (out of top-N),2024-06-24,14.83,,5,1.4,,67.32,,35,2024-07-01,14.91,,5,1.3,,65.25,,42
SELL,441,TMDX,2024-07-09,150.5,20721.25,2024-06-25,141.34,1464.35,1559.33,189955.31,188395.98,6.43,9,rotation (out of top-N),2024-06-24,150.48,,5,-1,,71.7,,182,2024-07-08,142.07,,5,-0.7,,53.86,,196
SELL,442,ORKA,2024-07-02,24.59,129466.88,2024-06-25,22.3,1443.56,1591.8,296479.15,294887.36,10.21,5,rotation (out of top-N),2024-06-24,24.65,,5,-0.4,,66.15,,84,2024-07-01,22.39,,5,0.1,,48.56,,91
SELL,443,HUT,2024-07-09,17.69,17031.68,2024-07-02,15.21,129.53,150.65,42238.57,42087.92,16.25,4,equal-weight sizing trim,2024-07-01,16.48,,5,1.8,,66.02,,14,2024-07-08,16.95,,5,1.7,,67.91,,21
SELL,443,HUT,2024-07-23,19.88,197543.46,2024-07-02,15.51,1531.61,1963.58,863943.45,861979.87,28.14,14,rotation (out of top-N),2024-07-01,16.48,,5,1.8,,66.02,,14,2024-07-22,15.14,,5,2.2,,44.04,,35
SELL,444,NVDA,2024-07-09,130.34,276.42,2024-07-02,121.07,16.73,18.01,2562.42,2544.4,7.6,4,equal-weight sizing trim,2024-07-01,125.79,5.1,5,-1,0.9,66.86,3.18,532,2024-07-08,129.44,4.6,5,-1,1.4,67.06,2.43,539
SELL,444,NVDA,2024-07-16,128.35,25057.69,2024-07-02,121.07,1516.87,1608.08,182419.97,180811.89,5.96,9,rotation (out of top-N),2024-07-01,125.79,5.1,5,-1,0.9,66.86,3.18,532,2024-07-15,117.95,4.3,5,-0.4,1.1,48.75,2.83,546
SELL,445,INOD,2024-07-23,17.52,188208.59,2024-07-09,17.35,1632.25,1648.71,32918.56,31269.86,0.96,10,ratchet-ATR exit,2024-07-08,16.95,,5,1.2,,83.57,,49,2024-07-22,19.71,,5,-0.0,,100.63,,63
SELL,446,LNTH,2024-07-16,125.65,10482.79,2024-07-09,78.61,412.03,658.58,493110.27,492451.69,59.76,5,equal-weight sizing trim,2024-07-08,123.4,,5,-0.0,,79.86,,63,2024-07-15,116.74,,5,-0.2,,67.15,,70
SELL,446,LNTH,2024-07-23,115.08,31043.56,2024-07-09,78.61,1220.17,1786.32,1132313.81,1130527.48,46.33,10,rotation (out of top-N),2024-07-08,123.4,,5,-0.0,,79.86,,63,2024-07-22,112.71,,5,-0.2,,58.93,,77
SELL,447,MSTR,2024-07-23,175.04,2853.18,2024-07-16,161.1,229.82,249.71,39773.36,39523.65,8.6,5,equal-weight sizing trim,2024-07-15,177.89,,5,-1,,74.47,,525,2024-07-22,175.12,,5,-1,,66.04,,532
SELL,447,MSTR,2024-07-30,168.57,21347.15,2024-07-16,161.1,1719.51,1799.24,159463.18,157663.93,4.58,10,rotation (out of top-N),2024-07-15,177.89,,5,-1,,74.47,,525,2024-07-29,144.67,,5,0.3,,33.87,,539
SELL,448,CRS,2024-07-30,140.44,2895.04,2024-07-23,119.06,172.34,203.29,61896.05,61692.76,17.9,5,equal-weight sizing trim,2024-07-22,139.77,,5,-1,,72.09,,630,2024-07-29,135.08,,5,-1,,62.64,,637
SELL,448,CRS,2024-08-13,139.22,63.95,2024-07-23,119.53,3.82,4.45,1258.93,1254.48,16.41,15,equal-weight sizing trim,2024-07-22,139.77,,5,-1,,72.09,,630,2024-08-12,145.13,,5,-1,,67.11,,651
SELL,448,CRS,2024-09-10,135.93,33341.17,2024-07-23,122.58,2043.47,2266.03,445116.85,442850.82,10.84,34,rotation (out of top-N),2024-07-22,139.77,,5,-1,,72.09,,630,2024-09-09,141.38,,5,-0.5,,50.34,,679
SELL,449,FTAI,2024-07-30,111.49,35797.34,2024-07-23,104.33,1867.37,1995.52,256308.93,254313.4,6.81,5,rotation (out of top-N),2024-07-22,110.63,,5,-1,,72.77,,581,2024-07-29,100.21,,5,-0.6,,52.61,,588
SELL,450,ANAB,2024-07-30,24.47,156395.98,2024-07-23,23.88,1867.37,1913.5,92273.63,90360.12,2.42,5,rotation (out of top-N),2024-07-22,24.66,,5,-1,,63.25,,196,2024-07-29,21.85,,5,-0.1,,42.07,,203
SELL,451,WLFC,2024-08-06,30.84,12570.88,2024-07-30,28.46,178.88,193.84,29918.69,29724.84,8.31,5,equal-weight sizing trim,2024-07-29,31.67,,5,-1,,76.16,,217,2024-08-05,29.76,,5,-1,,62.07,,224
SELL,451,WLFC,2024-08-13,30.24,127865.37,2024-07-30,28.46,1819.52,1933.32,227600.36,225667.04,6.2,10,ratchet-ATR exit,2024-07-29,31.67,,5,-1,,76.16,,217,2024-08-12,32.81,,5,-1,,74.25,,231
SELL,452,HWKN,2024-08-06,114.31,37805.67,2024-07-30,105.72,1998.41,2160.78,324750.72,322589.94,8.07,5,rotation (out of top-N),2024-07-29,119.9,,5,-0.9,,58.01,,644,2024-08-05,115.63,,5,-0.5,,49.62,,651
SELL,453,SFM,2024-08-06,95.77,39126.93,2024-07-30,102.15,1998.41,1873.5,-249825.43,-251698.92,-6.3,5,rotation (out of top-N),2024-07-29,97.62,,5,-0.7,,54.41,,630,2024-08-05,96.26,,5,-0.5,,49.03,,637
SELL,454,ALNY,2024-08-06,262.11,16913.08,2024-07-30,236.31,1998.41,2216.54,436273.02,434056.47,10.86,5,rotation (out of top-N),2024-07-29,271.87,,5,1.7,,54.82,,35,2024-08-05,269.83,,5,1.7,,51.45,,42
SELL,455,INOD,2024-08-06,15.82,207357.49,2024-07-30,19.27,1998.41,1640.2,-716420.13,-718060.32,-17.97,5,ratchet-ATR exit,2024-07-29,16.78,,5,-0.2,,66.6,,70,2024-08-05,18.6,,5,-0.3,,80.3,,77
SELL,456,CVLT,2024-08-13,150.05,28743.09,2024-08-06,137.12,1970.7,2156.45,371504.45,369348.0,9.37,5,rotation (out of top-N),2024-08-05,151.42,,5,-0.6,,52.36,,455,2024-08-12,150.31,,5,-0.4,,48.26,,462
SELL,457,TMDX,2024-08-13,164.72,1305.4,2024-08-06,151.02,98.57,107.52,17890.53,17783.01,9.02,5,equal-weight sizing trim,2024-08-05,162.72,,5,-0.9,,57.63,,224,2024-08-12,170.3,,5,-1,,60.57,,231
SELL,457,TMDX,2024-08-20,166.74,24793.1,2024-08-06,151.02,1872.13,2066.94,389623.63,387556.69,10.35,10,rotation (out of top-N),2024-08-05,162.72,,5,-0.9,,57.63,,224,2024-08-19,175.57,,5,-1,,61.48,,238
SELL,458,FTAI,2024-08-13,103.43,1608.67,2024-08-06,95.91,77.14,83.19,12097.2,12014.0,7.79,5,equal-weight sizing trim,2024-08-05,102.73,,5,-0.6,,52.69,,595,2024-08-12,111.77,,5,-1,,61.79,,602
SELL,458,FTAI,2024-08-27,119.78,1728.27,2024-08-06,96.72,83.58,103.51,39859.8,39756.29,23.78,15,equal-weight sizing trim,2024-08-05,102.73,,5,-0.6,,52.69,,595,2024-08-26,126.07,,5,-1,,72.24,,616
SELL,458,FTAI,2024-09-10,112.21,39571.29,2024-08-06,96.72,1913.6,2220.15,613092.22,610872.07,15.96,24,ratchet-ATR exit,2024-08-05,102.73,,5,-0.6,,52.69,,595,2024-09-09,123.33,,5,-1,,60.26,,630
SELL,459,ALNY,2024-08-13,271.31,15037.18,2024-08-06,262.11,1970.7,2039.87,138342.1,136302.23,3.46,5,rotation (out of top-N),2024-08-05,269.83,,5,1.7,,51.45,,42,2024-08-12,268.33,,5,1.8,,48.39,,49
SELL,460,HWKN,2024-08-13,117.14,34479.89,2024-08-06,114.31,1970.7,2019.49,97578.09,95558.61,2.42,5,rotation (out of top-N),2024-08-05,115.63,,5,-0.5,,49.62,,651,2024-08-12,117.23,,5,-0.4,,48.9,,658
SELL,461,SFM,2024-08-13,96.17,41156.96,2024-08-06,95.77,1970.7,1979.03,16668.57,14689.54,0.37,5,rotation (out of top-N),2024-08-05,96.26,,5,-0.5,,49.03,,637,2024-08-12,98.67,,5,-0.5,,49.42,,644
SELL,462,WGS,2024-09-10,33.74,4352.14,2024-08-13,34.44,74.94,73.42,-3044.08,-3117.5,-2.08,19,equal-weight sizing trim,2024-08-12,34.49,,5,-1,,141.99,,175,2024-09-09,37.8,,5,-1,,115.39,,203
SELL,462,WGS,2024-09-24,39.53,3878.65,2024-08-13,34.44,66.8,76.66,19730.05,19653.38,14.71,29,equal-weight sizing trim,2024-08-12,34.49,,5,-1,,141.99,,175,2024-09-23,42.89,,5,-1,,119.95,,217
SELL,462,WGS,2024-10-08,54.02,20081.86,2024-08-13,34.49,346.32,542.46,392274.37,391731.9,56.56,39,equal-weight sizing trim,2024-08-12,34.49,,5,-1,,141.99,,175,2024-10-07,60.0,,5,-1,,171.4,,231
SELL,462,WGS,2024-10-15,59.24,2748.54,2024-08-13,34.49,47.4,81.41,68022.91,67941.5,71.67,44,equal-weight sizing trim,2024-08-12,34.49,,5,-1,,141.99,,175,2024-10-14,60.0,,5,-1,,155.13,,238
SELL,462,WGS,2024-11-05,75.75,32503.37,2024-08-13,50.39,819.0,1231.07,824134.81,822903.75,50.24,59,equal-weight sizing trim,2024-08-12,34.49,,5,-1,,141.99,,175,2024-11-04,77.76,,5,-1,,171.74,,259
SELL,462,WGS,2024-11-26,78.52,422835.93,2024-08-13,58.52,12371.75,16599.48,8455453.56,8438854.08,34.11,74,rotation (out of top-N),2024-08-12,34.49,,5,-1,,141.99,,175,2024-11-25,78.35,,5,-1,,131.61,,280
SELL,463,INSM,2024-09-10,71.39,63403.95,2024-08-13,75.52,2394.29,2263.36,-261851.85,-264115.22,-5.52,19,ratchet-ATR exit,2024-08-12,76.19,,5,-0.3,,92.04,,77,2024-09-09,74.61,,5,-0.8,,67.22,,105
SELL,464,STRT,2024-08-20,39.74,115213.15,2024-08-13,35.43,2041.0,2289.29,496568.7,494279.41,12.11,5,rotation (out of top-N),2024-08-12,39.54,,5,-0.5,,58.74,,91,2024-08-19,39.0,,5,-0.3,,54.14,,98
SELL,465,INOD,2024-09-10,14.25,256065.68,2024-08-13,18.72,2397.13,1824.47,-1145314.98,-1147139.45,-23.93,19,rotation (out of top-N),2024-08-12,17.08,,5,-0.4,,62.13,,84,2024-09-09,15.69,,5,0.3,,37.51,,112
SELL,466,CAVA,2024-08-27,115.73,6109.25,2024-08-13,91.17,278.5,353.51,150030.4,149676.89,26.87,10,equal-weight sizing trim,2024-08-12,98.95,,5,-0.6,,52.17,,999,2024-08-26,114.03,,5,-1,,64.75,,999
SELL,466,CAVA,2024-09-10,120.56,4274.43,2024-08-13,91.17,194.85,257.66,125616.52,125358.86,32.17,19,equal-weight sizing trim,2024-08-12,98.95,,5,-0.6,,52.17,,999,2024-09-09,122.47,,5,-1,,66.69,,999
SELL,466,CAVA,2024-09-24,127.44,40091.51,2024-08-13,93.96,1883.53,2554.63,1342199.15,1339644.52,35.56,29,rotation (out of top-N),2024-08-12,98.95,,5,-0.6,,52.17,,999,2024-09-23,123.69,,5,-1.0,,59.13,,999
SELL,467,WLFC,2024-08-27,35.9,969.31,2024-08-20,35.47,17.19,17.4,416.8,399.4,1.16,5,equal-weight sizing trim,2024-08-19,35.68,,5,-1,,84.26,,238,2024-08-26,35.09,,5,-1,,76.68,,245
SELL,467,WLFC,2024-09-10,34.18,132029.23,2024-08-20,35.47,2341.54,2256.38,-170317.7,-172574.08,-3.69,14,ratchet-ATR exit,2024-08-19,35.68,,5,-1,,84.26,,238,2024-09-09,36.9,,5,-1,,76.94,,259
SELL,468,ORKA,2024-08-27,24.78,10668.77,2024-08-20,23.36,124.61,132.19,15149.65,15017.46,6.03,5,equal-weight sizing trim,2024-08-19,26.91,,5,-1,,62.37,,140,2024-08-26,29.4,,5,-1,,72.89,,147
SELL,468,ORKA,2024-09-10,27.27,191277.21,2024-08-20,23.36,2234.12,2608.06,747893.88,745285.82,16.68,14,rotation (out of top-N),2024-08-19,26.91,,5,-1,,62.37,,140,2024-09-09,25.0,,5,-0.1,,41.69,,161
SELL,469,TVTX,2024-10-08,15.27,14718.85,2024-09-10,13.19,97.06,112.38,30630.18,30517.8,15.72,20,equal-weight sizing trim,2024-09-09,13.48,,5,-0.0,,64.46,,63,2024-10-07,16.4,,5,-0.5,,85.64,,91
SELL,469,TVTX,2024-10-15,17.42,24182.16,2024-09-10,13.19,159.47,210.63,102315.12,102104.5,32.01,25,equal-weight sizing trim,2024-09-09,13.48,,5,-0.0,,64.46,,63,2024-10-14,17.87,,5,-0.6,,97.64,,98
SELL,469,TVTX,2024-11-05,17.93,1130266.43,2024-09-10,16.52,9334.7,10132.84,1596267.2,1586134.37,8.5,40,rotation (out of top-N),2024-09-09,13.48,,5,-0.0,,64.46,,63,2024-11-04,19.84,,5,-1.0,,103.09,,119
SELL,470,NUTX,2024-09-17,25.57,17614.37,2024-09-10,20.85,183.63,225.2,83139.83,82914.63,22.58,5,equal-weight sizing trim,2024-09-09,24.98,,5,2.0,,73.0,,0,2024-09-16,24.38,,5,1.9,,69.79,,7
SELL,470,NUTX,2024-09-24,22.98,194382.31,2024-09-10,20.85,2026.44,2233.45,414034.31,411800.86,10.16,10,rotation (out of top-N),2024-09-09,24.98,,5,2.0,,73.0,,0,2024-09-23,19.04,,5,3.0,,35.4,,14
SELL,471,APP,2024-09-17,118.21,8161.96,2024-09-10,88.03,359.27,482.41,246287.16,245804.75,34.21,5,equal-weight sizing trim,2024-09-09,112.59,5.4,5,-1,0.6,61.5,3.56,490,2024-09-16,126.07,5.0,5,-1,1.0,75.42,3.04,497
SELL,471,APP,2024-09-24,126.69,2317.31,2024-09-10,88.04,102.0,146.8,89587.15,89440.36,43.84,10,equal-weight sizing trim,2024-09-09,112.59,5.4,5,-1,0.6,61.5,3.56,490,2024-09-23,127.71,4.5,5,-1,1.5,72.51,2.19,504
SELL,471,APP,2024-10-08,141.37,91.74,2024-09-10,89.73,4.12,6.48,4737.44,4730.96,57.47,20,equal-weight sizing trim,2024-09-09,112.59,5.4,5,-1,0.6,61.5,3.56,490,2024-10-07,146.99,4.6,5,-1,1.4,85.48,2.39,518
SELL,471,APP,2024-11-12,280.5,25651.49,2024-09-10,138.89,1781.41,3597.62,3632424.44,3628826.82,101.85,45,equal-weight sizing trim,2024-09-09,112.59,5.4,5,-1,0.6,61.5,3.56,490,2024-11-11,291.17,6,5,-1,0.0,191.01,5.67,553
SELL,471,APP,2024-11-19,294.55,888.86,2024-09-10,138.89,61.73,130.91,138357.75,138226.84,111.96,50,equal-weight sizing trim,2024-09-09,112.59,5.4,5,-1,0.6,61.5,3.56,490,2024-11-18,333.45,5.4,5,-1,0.6,211.94,3.67,560
SELL,471,APP,2024-12-03,339.94,2625.33,2024-09-10,149.87,196.73,446.23,498992.53,498546.3,126.71,59,equal-weight sizing trim,2024-09-09,112.59,5.4,5,-1,0.6,61.5,3.56,490,2024-12-02,401.65,5.3,5,-1,0.7,228.25,3.48,574
SELL,471,APP,2024-12-10,341.04,527.14,2024-09-10,149.87,39.5,89.89,100773.33,100683.45,127.44,64,equal-weight sizing trim,2024-09-09,112.59,5.4,5,-1,0.6,61.5,3.56,490,2024-12-09,324.48,6,5,-1,0.0,151.75,8.43,581
SELL,471,APP,2024-12-24,346.83,1011.3,2024-09-10,159.99,80.9,175.38,188961.49,188786.12,116.68,74,equal-weight sizing trim,2024-09-09,112.59,5.4,5,-1,0.6,61.5,3.56,490,2024-12-23,335.06,5.9,5,-1,0.1,135.24,4.38,595
SELL,471,APP,2025-01-14,324.06,113799.41,2024-09-10,170.32,9691.34,18438.92,17495162.66,17476723.74,90.17,86,ratchet-ATR exit,2024-09-09,112.59,5.4,5,-1,0.6,61.5,3.56,490,2025-01-13,342.5,5.9,5,-1,0.1,111.14,4.42,616
SELL,472,PCVX,2024-09-17,113.73,38148.97,2024-09-10,115.86,2210.07,2169.34,-81448.06,-83617.4,-1.89,5,rotation (out of top-N),2024-09-09,116.01,,5,-1.0,,59.23,,791,2024-09-16,115.4,,5,-0.8,,55.46,,798
SELL,473,ICUI,2024-09-17,179.06,26677.11,2024-09-10,165.69,2210.07,2388.34,356539.6,354151.27,8.01,5,rotation (out of top-N),2024-09-09,178.88,,5,-0.5,,56.57,,98,2024-09-16,176.75,,5,-0.4,,52.13,,105
SELL,474,RKLB,2024-09-17,7.47,717553.68,2024-09-10,6.16,2210.07,2680.06,939995.33,937315.26,21.21,5,rotation (out of top-N),2024-09-09,7.46,,5,0.0,,54.22,,77,2024-09-16,7.48,,5,-0.0,,52.37,,84
SELL,475,ANAB,2024-09-17,25.98,187691.32,2024-09-10,23.55,2210.07,2438.11,456089.92,453651.81,10.26,5,rotation (out of top-N),2024-09-09,26.73,,5,-0.6,,52.85,,245,2024-09-16,25.64,,5,-0.2,,43.98,,252
SELL,476,PTGX,2024-09-17,46.49,99061.65,2024-09-10,44.62,2210.07,2302.94,185740.59,183437.65,4.15,5,rotation (out of top-N),2024-09-09,47.05,,5,-0.6,,51.45,,245,2024-09-16,47.32,,5,-0.5,,49.18,,252
SELL,477,WLFC,2024-09-24,44.32,9516.5,2024-09-17,40.36,192.04,210.89,37685.33,37474.45,9.76,5,equal-weight sizing trim,2024-09-16,43.88,,5,-1,,103.47,,266,2024-09-23,46.81,,5,-1,,109.45,,273
SELL,477,WLFC,2024-10-01,48.22,1632.22,2024-09-17,40.36,32.94,39.35,12829.26,12789.9,19.41,10,equal-weight sizing trim,2024-09-16,43.88,,5,-1,,103.47,,266,2024-09-30,49.97,,5,-1,,115.31,,280
SELL,477,WLFC,2024-10-15,60.52,11879.27,2024-09-17,40.63,241.35,359.47,236236.67,235877.2,48.87,20,equal-weight sizing trim,2024-09-16,43.88,,5,-1,,103.47,,266,2024-10-14,66.65,,5,-1,,161.07,,294
SELL,477,WLFC,2024-11-12,67.82,345872.69,2024-09-17,54.78,9473.67,11728.54,4509752.23,4498023.68,23.74,40,rotation (out of top-N),2024-09-16,43.88,,5,-1,,103.47,,266,2024-11-11,64.07,,5,-1,,111.65,,322
SELL,478,ASTS,2024-10-08,24.48,209978.27,2024-09-17,29.47,3093.91,2570.66,-1046507.03,-1049077.69,-16.95,15,ratchet-ATR exit,2024-09-16,26.47,,5,-0.9,,165.79,,112,2024-10-07,24.16,,5,-1,,111.55,,133
SELL,479,INSM,2024-09-24,71.26,67351.82,2024-09-17,73.76,2483.94,2399.75,-168379.55,-170779.3,-3.44,5,rotation (out of top-N),2024-09-16,74.21,,5,-0.9,,62.16,,112,2024-09-23,72.48,,5,-0.7,,54.79,,119
SELL,480,FTAI,2024-09-24,128.08,39418.16,2024-09-17,126.03,2483.94,2524.34,80807.22,78282.88,1.58,5,rotation (out of top-N),2024-09-16,128.35,,5,-1,,62.29,,637,2024-09-23,127.6,,5,-0.9,,57.27,,644
SELL,481,CVNA,2024-09-24,34.54,15250.39,2024-09-17,30.86,235.31,263.37,56121.45,55858.07,11.87,5,equal-weight sizing trim,2024-09-16,34.77,5.1,5,-1,0.9,75.11,3.16,469,2024-09-23,33.96,5.1,5,-1,0.9,66.22,3.18,476
SELL,481,CVNA,2024-10-22,37.97,164988.93,2024-09-17,31.47,2595.94,3132.31,1072752.28,1069619.97,20.6,25,rotation (out of top-N),2024-09-16,34.77,5.1,5,-1,0.9,75.11,3.16,469,2024-10-21,40.5,4.3,5,-1,1.7,73.64,1.89,504
SELL,482,MNPR,2024-10-01,6.14,1133111.42,2024-09-24,4.44,2515.51,3478.65,1926289.41,1922810.76,38.22,5,rotation (out of top-N),2024-09-23,6.71,,5,1.9,,105.46,,7,2024-09-30,4.71,,5,2.7,,40.99,,14
SELL,483,ECHO,2024-10-01,24.27,191840.41,2024-09-24,26.23,2515.51,2328.46,-374088.79,-376417.26,-7.48,5,rotation (out of top-N),2024-09-23,28.04,,5,-1,,63.82,,147,2024-09-30,23.27,,5,0.3,,34.66,,154
SELL,484,RKLB,2024-10-01,9.66,104073.63,2024-09-24,7.59,394.96,502.68,215432.41,214929.74,27.21,5,equal-weight sizing trim,2024-09-23,9.78,,5,-0.5,,94.82,,91,2024-09-30,9.8,,5,-0.6,,91.34,,98
SELL,484,RKLB,2024-11-19,19.05,415157.13,2024-09-24,10.38,2153.81,3954.37,3601116.4,3597162.03,83.51,40,equal-weight sizing trim,2024-09-23,9.78,,5,-0.5,,94.82,,91,2024-11-18,23.26,,5,-1,,244.13,,147
SELL,484,RKLB,2024-11-26,23.72,87787.17,2024-09-24,10.38,455.44,1041.16,1171441.15,1170400.0,128.49,45,equal-weight sizing trim,2024-09-23,9.78,,5,-0.5,,94.82,,91,2024-11-25,27.28,,5,-1,,272.09,,154
SELL,484,RKLB,2024-12-17,25.93,113885.37,2024-09-24,11.06,629.92,1476.52,1693212.93,1691736.4,134.28,59,equal-weight sizing trim,2024-09-23,9.78,,5,-0.5,,94.82,,91,2024-12-16,24.91,,5,-1,,181.27,,175
SELL,484,RKLB,2024-12-31,26.55,66461.33,2024-09-24,11.46,380.69,882.27,1003172.41,1002290.14,131.64,68,equal-weight sizing trim,2024-09-23,9.78,,5,-0.5,,94.82,,91,2024-12-30,28.72,,5,-1,,185.79,,189
SELL,484,RKLB,2025-01-07,29.14,71707.18,2024-09-24,11.46,410.74,1044.77,1268075.31,1267030.53,154.24,72,equal-weight sizing trim,2024-09-23,9.78,,5,-0.5,,94.82,,91,2025-01-06,26.9,,5,-1,,153.13,,196
SELL,484,RKLB,2025-01-14,24.46,1316323.55,2024-09-24,11.46,7539.85,16098.64,17117573.34,17101474.7,113.41,76,ratchet-ATR exit,2024-09-23,9.78,,5,-0.5,,94.82,,91,2025-01-13,24.0,,5,-1,,115.56,,203
SELL,485,VST,2024-10-08,129.96,46098.82,2024-09-24,111.21,2563.23,2995.5,864540.91,861545.41,16.81,10,rotation (out of top-N),2024-09-23,116.71,6,5,-1,0.0,62.58,6.26,560,2024-10-07,124.26,6,5,-1,0.0,62.58,4.53,574
SELL,486,FTAI,2024-10-08,138.24,42.79,2024-10-01,127.63,2.73,2.96,453.98,451.03,8.26,5,equal-weight sizing trim,2024-09-30,138.07,,5,-1,,65.44,,651,2024-10-07,144.32,,5,-1,,67.92,,658
SELL,486,FTAI,2024-10-15,146.16,42228.3,2024-10-01,127.63,2694.8,3086.04,782490.47,779404.42,14.46,10,rotation (out of top-N),2024-09-30,138.07,,5,-1,,65.44,,651,2024-10-14,141.5,,5,-1,,60.25,,665
SELL,487,FUTU,2024-10-08,100.84,510.6,2024-10-01,92.38,23.58,25.74,4319.68,4293.94,9.1,5,equal-weight sizing trim,2024-09-30,123.16,,5,-1,,103.55,,175,2024-10-07,106.84,,5,-1,,72.5,,182
SELL,487,FUTU,2024-10-15,97.15,57890.13,2024-10-01,92.38,2673.95,2812.01,276135.92,273323.91,5.11,10,rotation (out of top-N),2024-09-30,123.16,,5,-1,,103.55,,175,2024-10-14,89.76,,5,-0.1,,42.41,,189
SELL,488,AGX,2024-10-22,125.07,55758.29,2024-10-08,107.66,3001.38,3486.84,970924.12,967437.27,16.12,10,rotation (out of top-N),2024-10-07,113.52,,5,-1,,70.99,,644,2024-10-21,124.48,,5,-1,,76.72,,658
SELL,489,PLTR,2024-10-15,43.48,148825.96,2024-10-08,39.2,2917.36,3235.48,636230.99,632995.51,10.85,5,rotation (out of top-N),2024-10-07,43.5,4.5,5,-1,1.5,67.63,2.26,546,2024-10-14,42.96,4.7,5,-1,1.3,61.48,2.5,553
SELL,490,LEU,2024-11-05,76.01,230492.2,2024-10-15,78.12,9003.21,8759.86,-486713.61,-495473.46,-2.75,15,rotation (out of top-N),2024-10-14,98.12,,5,1.8,,113.63,,14,2024-11-04,92.06,,5,1.4,,87.15,,35
SELL,491,DRUG,2024-10-22,42.52,1945768.94,2024-10-15,2.68,2607.33,41367.05,77519434.69,77478067.64,1485.77,5,equal-weight sizing trim,2024-10-14,49.99,,5,2.0,,1896.21,,0,2024-10-21,48.95,,5,1.9,,1229.89,,7
SELL,491,DRUG,2024-11-05,51.24,10652.32,2024-10-15,5.65,30.09,272.94,485697.09,485424.15,806.61,15,equal-weight sizing trim,2024-10-14,49.99,,5,2.0,,1896.21,,0,2024-11-04,47.35,,5,1.7,,694.18,,21
SELL,491,DRUG,2024-11-19,37.72,652615.65,2024-10-15,20.34,6637.32,12308.33,11342018.46,11329710.13,85.35,25,ratchet-ATR exit,2024-10-14,49.99,,5,2.0,,1896.21,,0,2024-11-18,36.0,,5,1.4,,364.15,,35
SELL,492,ASTS,2024-10-29,26.86,594452.79,2024-10-15,26.03,7738.29,7983.5,490424.23,482440.73,3.12,10,rotation (out of top-N),2024-10-14,28.13,,5,-1,,134.03,,140,2024-10-28,23.85,,5,-1,,81.93,,154
SELL,493,MNPR,2024-10-29,18.19,1697797.49,2024-10-22,5.78,4906.63,15441.47,21069666.83,21054225.36,214.55,5,equal-weight sizing trim,2024-10-21,17.08,,5,1.4,,338.81,,35,2024-10-28,14.49,,5,1.3,,244.33,,42
SELL,493,MNPR,2024-11-19,18.8,85008.49,2024-10-22,9.43,400.71,799.08,796730.7,795931.62,99.31,20,equal-weight sizing trim,2024-10-21,17.08,,5,1.4,,338.81,,35,2024-11-18,19.86,,5,-0.0,,265.75,,63
SELL,493,MNPR,2024-12-03,22.1,200835.34,2024-10-22,10.68,1072.65,2219.23,2293169.48,2290950.25,106.79,29,equal-weight sizing trim,2024-10-21,17.08,,5,1.4,,338.81,,35,2024-12-02,22.01,,5,-0.3,,250.43,,77
SELL,493,MNPR,2024-12-10,23.27,82694.1,2024-10-22,10.68,441.66,962.35,1041379.77,1040417.42,117.78,34,equal-weight sizing trim,2024-10-21,17.08,,5,1.4,,338.81,,35,2024-12-09,24.84,,5,-0.4,,265.56,,84
SELL,493,MNPR,2024-12-17,26.47,112562.73,2024-10-22,10.68,601.19,1489.77,1777158.13,1775668.36,147.68,39,equal-weight sizing trim,2024-10-21,17.08,,5,1.4,,338.81,,35,2024-12-16,25.3,,5,-0.5,,244.55,,91
SELL,493,MNPR,2024-12-31,23.62,1625061.81,2024-10-22,12.47,10132.43,19191.98,18119098.75,18099906.77,89.32,48,ratchet-ATR exit,2024-10-21,17.08,,5,1.4,,338.81,,35,2024-12-30,23.06,,5,-0.8,,175.53,,105
SELL,494,NUTX,2024-10-29,23.7,721832.14,2024-10-22,22.42,8091.74,8555.52,927554.3,918998.79,5.68,5,rotation (out of top-N),2024-10-21,24.1,,5,1.3,,81.42,,42,2024-10-28,22.91,,5,1.2,,71.63,,49
SELL,495,AGX,2024-11-05,139.44,155497.38,2024-10-29,128.86,10018.7,10841.28,1645162.32,1634321.04,8.16,5,rotation (out of top-N),2024-10-28,135.47,,5,-1,,86.24,,665,2024-11-04,153.63,,5,-1,,103.55,,672
SELL,496,CVNA,2024-11-05,46.3,490631.56,2024-10-29,40.84,10018.7,11358.12,2678848.3,2667490.18,13.31,5,rotation (out of top-N),2024-10-28,45.81,4.5,5,-1,1.5,88.83,2.24,511,2024-11-04,48.88,5.9,5,-1,0.1,93.47,4.32,518
SELL,497,NUTX,2024-11-12,29.99,816004.48,2024-11-05,24.86,10142.94,12235.99,4186102.97,4173866.98,20.58,5,rotation (out of top-N),2024-11-04,32.26,,5,1.1,,134.89,,56,2024-11-11,27.53,,5,-0.0,,96.57,,63
SELL,498,INOD,2024-11-12,44.72,340368.97,2024-11-05,20.95,3565.36,7610.65,8090570.32,8082959.67,113.35,5,equal-weight sizing trim,2024-11-04,42.74,,5,-1,,210.09,,168,2024-11-11,36.77,,5,-1,,155.14,,175
SELL,498,INOD,2024-12-10,41.97,887485.22,2024-11-05,26.85,11914.02,18623.88,13419705.24,13401081.36,56.24,24,rotation (out of top-N),2024-11-04,42.74,,5,-1,,210.09,,168,2024-12-09,34.52,,5,-1,,94.03,,203
SELL,499,SEZL,2024-11-12,60.62,143041.58,2024-11-05,33.46,2393.09,4335.59,3885009.27,3880673.68,81.08,5,equal-weight sizing trim,2024-11-04,71.43,,5,-1,,294.71,,999,2024-11-11,63.92,,5,-1,,227.67,,999
SELL,499,SEZL,2024-11-19,66.67,24865.84,2024-11-05,33.46,416.01,828.9,825794.66,824965.76,99.15,10,equal-weight sizing trim,2024-11-04,71.43,,5,-1,,294.71,,999,2024-11-18,78.52,,5,-1,,269.31,,999
SELL,499,SEZL,2024-12-03,64.76,454884.49,2024-11-05,34.98,7956.8,14729.16,13544721.77,13529992.61,85.02,19,ratchet-ATR exit,2024-11-04,71.43,,5,-1,,294.71,,999,2024-12-02,60.34,,5,-1,,149.39,,999
SELL,500,AAOI,2024-11-12,27.74,1208571.42,2024-11-05,16.79,10142.94,16762.89,13239899.92,13223137.04,65.18,5,rotation (out of top-N),2024-11-04,27.78,,5,1.5,,115.5,,28,2024-11-11,26.8,,5,1.4,,105.2,,35
SELL,501,PDEX,2024-11-19,42.34,614695.71,2024-11-12,45.66,14033.5,13011.57,-2043863.23,-2056874.81,-7.33,5,rotation (out of top-N),2024-11-11,48.18,,5,-1,,115.7,,329,2024-11-18,42.88,,5,-1,,86.74,,336
SELL,502,PLTR,2024-11-19,59.64,475389.67,2024-11-12,59.04,14033.5,14176.12,285233.8,271057.68,0.97,5,rotation (out of top-N),2024-11-11,65.8,5.3,5,-1,0.7,119.21,3.49,581,2024-11-18,64.32,6,5,-1,0.0,107.39,4.75,588
SELL,503,MSTR,2024-11-19,389.33,9329.94,2024-11-12,332.56,1551.38,1816.21,529660.87,527844.66,17.01,5,equal-weight sizing trim,2024-11-11,339.85,,5,-1,,115.34,,644,2024-11-18,421.25,,5,-1,,152.84,,651
SELL,503,MSTR,2024-11-26,381.43,75066.88,2024-11-12,332.56,12482.12,14316.38,3668518.22,3654201.84,14.64,10,rotation (out of top-N),2024-11-11,339.85,,5,-1,,115.34,,644,2024-11-25,386.38,,5,-1,,121.36,,658
SELL,504,LMND,2024-11-26,49.81,164172.53,2024-11-19,34.25,2811.45,4089.13,2555345.43,2551256.31,45.37,5,equal-weight sizing trim,2024-11-18,49.21,,5,-1,,158.3,,357,2024-11-25,51.94,,5,-1,,160.98,,364
SELL,504,LMND,2024-12-03,45.27,688708.46,2024-11-19,34.25,11794.13,15588.92,7589567.2,7573978.29,32.11,9,rotation (out of top-N),2024-11-18,49.21,,5,-1,,158.3,,357,2024-12-02,47.03,,5,-1,,127.72,,371
SELL,505,AAOI,2024-11-26,38.19,166855.33,2024-11-19,27.42,2287.59,3185.69,1796197.65,1793011.96,39.19,5,equal-weight sizing trim,2024-11-18,38.01,,5,1.3,,182.03,,42,2024-11-25,41.24,,5,1.2,,191.35,,49
SELL,505,AAOI,2024-12-03,40.38,32922.71,2024-11-19,27.42,451.37,664.63,426513.71,425849.08,47.17,9,equal-weight sizing trim,2024-11-18,38.01,,5,1.3,,182.03,,42,2024-12-02,38.93,,5,1.1,,164.06,,56
SELL,505,AAOI,2024-12-24,36.55,41699.69,2024-11-19,28.58,595.91,762.17,332507.17,331745.0,27.84,24,equal-weight sizing trim,2024-11-18,38.01,,5,1.3,,182.03,,42,2024-12-23,37.76,,5,-0.3,,128.97,,77
SELL,505,AAOI,2024-12-31,36.37,2034.78,2024-11-19,28.58,29.08,37.0,15838.42,15801.42,27.17,28,equal-weight sizing trim,2024-11-18,38.01,,5,1.3,,182.03,,42,2024-12-30,37.86,,5,-0.4,,121.54,,84
SELL,505,AAOI,2025-01-07,33.76,1013397.93,2024-11-19,28.58,14482.04,17103.62,5243171.74,5226068.12,18.04,32,ratchet-ATR exit,2024-11-18,38.01,,5,1.3,,182.03,,42,2025-01-06,31.63,,5,-0.5,,80.06,,91
SELL,506,NUTX,2024-11-26,34.11,50274.94,2024-11-19,27.66,695.3,857.44,324273.37,323415.93,23.26,5,equal-weight sizing trim,2024-11-18,32.59,,5,-0.2,,126.75,,70,2024-11-25,37.45,,5,-0.3,,151.91,,77
SELL,506,NUTX,2024-12-03,38.6,100457.87,2024-11-19,27.66,1389.33,1938.84,1099009.08,1097070.25,39.48,9,equal-weight sizing trim,2024-11-18,32.59,,5,-0.2,,126.75,,70,2024-12-02,37.27,,5,-0.4,,142.45,,84
SELL,506,NUTX,2024-12-17,33.02,932349.71,2024-11-19,27.94,13026.03,15393.09,4734120.24,4718727.15,18.11,19,rotation (out of top-N),2024-11-18,32.59,,5,-0.2,,126.75,,70,2024-12-16,31.68,,5,-0.6,,94.67,,98
SELL,507,DRUG,2024-12-03,45.18,37741.16,2024-11-26,42.27,797.66,852.57,109826.77,108974.2,6.83,4,equal-weight sizing trim,2024-11-25,43.71,,5,1.3,,396.74,,42,2024-12-02,39.57,,5,1.2,,306.16,,49
SELL,507,DRUG,2024-12-10,39.26,773492.76,2024-11-26,42.27,16347.77,15183.66,-2328213.21,-2343396.87,-7.17,9,ratchet-ATR exit,2024-11-25,43.71,,5,1.3,,396.74,,42,2024-12-09,40.53,,5,1.1,,278.24,,56
SELL,508,DAVE,2024-12-03,90.44,397621.26,2024-11-26,86.24,17145.43,17980.43,1670009.31,1652028.87,4.82,4,rotation (out of top-N),2024-11-25,98.72,,5,-1,,133.06,,357,2024-12-02,91.94,,5,-1,,108.54,,364
SELL,509,PLTR,2024-12-10,71.97,39849.75,2024-12-03,66.6,1327.0,1434.09,214192.41,212758.31,8.02,5,equal-weight sizing trim,2024-12-02,76.31,4.5,5,-1,1.5,128.47,2.24,602,2024-12-09,76.08,6,5,-1,0.0,119.57,5.28,609
SELL,509,PLTR,2024-12-24,81.06,42278.2,2024-12-03,66.81,1412.3,1713.64,602674.47,600960.83,21.28,15,equal-weight sizing trim,2024-12-02,76.31,4.5,5,-1,1.5,128.47,2.24,602,2024-12-23,79.12,6,5,-1,0.0,111.24,4.77,623
SELL,509,PLTR,2025-01-07,75.19,474952.36,2024-12-03,67.2,15957.74,17855.83,3796193.36,3778337.53,11.84,23,rotation (out of top-N),2024-12-02,76.31,4.5,5,-1,1.5,128.47,2.24,602,2025-01-06,67.26,5.1,5,-1,0.9,68.22,3.11,637
SELL,510,CRDO,2024-12-10,67.17,22258.7,2024-12-03,64.5,717.84,747.56,59430.74,58683.18,4.09,5,equal-weight sizing trim,2024-12-02,74.22,,5,-1,,145.14,,539,2024-12-09,76.02,,5,-1,,140.4,,546
SELL,510,CRDO,2024-12-17,76.3,38434.06,2024-12-03,64.5,1239.5,1466.26,453521.88,452055.62,18.24,10,equal-weight sizing trim,2024-12-02,74.22,,5,-1,,145.14,,539,2024-12-16,68.5,,5,-1,,108.47,,553
SELL,510,CRDO,2024-12-31,69.46,2359.05,2024-12-03,65.0,76.67,81.93,10513.78,10431.85,6.8,19,equal-weight sizing trim,2024-12-02,74.22,,5,-1,,145.14,,539,2024-12-30,72.36,,5,-1,,104.87,,567
SELL,510,CRDO,2025-01-07,76.43,28686.41,2024-12-03,65.0,932.35,1096.25,327793.64,326697.39,17.52,23,equal-weight sizing trim,2024-12-02,74.22,,5,-1,,145.14,,539,2025-01-06,73.8,,5,-1,,101.48,,574
SELL,510,CRDO,2025-01-28,59.4,512471.99,2024-12-03,65.13,16687.85,15220.42,-2934873.48,-2950093.89,-8.84,36,rotation (out of top-N),2024-12-02,74.22,,5,-1,,145.14,,539,2025-01-27,70.01,,5,-1,,70.88,,595
SELL,511,HUT,2024-12-10,27.53,1399957.1,2024-12-03,24.95,17464.46,19270.41,3611889.33,3592618.92,10.29,5,rotation (out of top-N),2024-12-02,30.21,,5,-1,,128.18,,168,2024-12-09,27.35,,5,-1,,99.26,,175
SELL,512,SEI,2024-12-17,28.45,56986.78,2024-12-10,25.89,737.69,810.64,145886.16,145075.52,9.83,5,equal-weight sizing trim,2024-12-09,27.51,,5,-1,,126.21,,217,2024-12-16,26.37,,5,-1,,109.0,,224
SELL,512,SEI,2024-12-31,28.23,8512.35,2024-12-10,25.93,110.38,120.15,19546.26,19426.11,8.8,14,equal-weight sizing trim,2024-12-09,27.51,,5,-1,,126.21,,217,2024-12-30,29.02,,5,-1,,113.04,,238
SELL,512,SEI,2025-01-07,30.23,36566.41,2024-12-10,25.93,474.15,552.7,157097.43,156544.72,16.51,18,equal-weight sizing trim,2024-12-09,27.51,,5,-1,,126.21,,217,2025-01-06,28.17,,5,-1,,99.6,,245
SELL,512,SEI,2025-01-14,28.74,3181.17,2024-12-10,25.93,41.25,45.71,8927.06,8881.35,10.77,22,equal-weight sizing trim,2024-12-09,27.51,,5,-1,,126.21,,217,2025-01-13,30.84,,5,-1,,110.07,,252
SELL,512,SEI,2025-01-28,24.42,1265679.84,2024-12-10,25.93,16411.93,15453.95,-1915957.26,-1931411.21,-5.88,31,rotation (out of top-N),2024-12-09,27.51,,5,-1,,126.21,,217,2025-01-27,26.71,,5,-1,,69.34,,266
SELL,513,MSTR,2024-12-17,412.74,93401.92,2024-12-10,373.25,17431.13,19275.36,3688441.97,3669166.62,10.52,5,rotation (out of top-N),2024-12-09,408.62,,5,-1,,116.91,,672,2024-12-16,363.94,,5,-1,,88.54,,679
SELL,514,SEZL,2024-12-17,53.83,633859.42,2024-12-10,55.0,17431.13,17060.33,-741615.52,-758675.85,-2.18,5,rotation (out of top-N),2024-12-09,51.49,,5,-1,,104.1,,999,2024-12-16,44.28,,5,-1,,69.7,,999
SELL,515,XMTR,2024-12-24,42.3,105480.43,2024-12-17,37.3,1967.21,2230.65,526874.75,524644.11,13.33,5,equal-weight sizing trim,2024-12-16,41.67,,5,1.2,,113.43,,49,2024-12-23,44.18,,5,1.1,,118.71,,56
SELL,515,XMTR,2024-12-31,43.83,36825.94,2024-12-17,37.3,686.8,807.04,240473.41,239666.37,17.45,9,equal-weight sizing trim,2024-12-16,41.67,,5,1.2,,113.43,,49,2024-12-30,43.14,,5,-0.0,,106.84,,63
SELL,515,XMTR,2025-01-07,41.81,840798.9,2024-12-17,37.3,15680.9,17576.9,3792003.05,3774426.15,12.04,13,rotation (out of top-N),2024-12-16,41.67,,5,1.2,,113.43,,49,2025-01-06,33.52,,5,-0.1,,57.75,,70
SELL,516,DRUG,2025-01-07,40.48,98707.54,2024-12-17,39.18,1933.82,1998.09,128527.54,126529.45,3.27,13,equal-weight sizing trim,2024-12-16,38.48,,5,-0.0,,230.4,,63,2025-01-06,39.55,,5,-0.4,,172.42,,84
SELL,516,DRUG,2025-01-14,36.28,947453.83,2024-12-17,39.18,18561.99,17186.81,-2750359.42,-2767546.23,-7.45,17,ratchet-ATR exit,2024-12-16,38.48,,5,-0.0,,230.4,,63,2025-01-13,36.66,,5,-0.5,,137.98,,91
SELL,517,INOD,2024-12-24,42.65,68848.43,2024-12-17,39.05,1344.09,1468.19,248198.61,246730.41,9.18,5,equal-weight sizing trim,2024-12-16,43.04,,5,-1,,130.05,,210,2024-12-23,45.34,,5,-1,,130.32,,217
SELL,517,INOD,2025-01-07,42.71,877430.15,2024-12-17,39.07,17140.14,18737.52,3194770.65,3176033.13,9.26,13,rotation (out of top-N),2024-12-16,43.04,,5,-1,,130.05,,210,2025-01-06,35.97,,5,-1,,68.44,,231
SELL,518,NUTX,2025-01-07,34.25,70943.92,2024-12-31,30.93,1097.15,1214.91,235533.82,234318.9,10.68,4,equal-weight sizing trim,2024-12-30,34.25,,5,-0.9,,99.55,,112,2025-01-06,30.62,,5,-1.0,,73.63,,119
SELL,518,NUTX,2025-01-14,31.34,1119931.92,2024-12-31,30.93,17319.75,17549.33,459172.09,441622.75,1.27,8,ratchet-ATR exit,2024-12-30,34.25,,5,-0.9,,99.55,,112,2025-01-13,39.33,,5,-1,,113.25,,126
SELL,519,YPF,2025-01-14,45.34,851020.85,2025-01-07,45.05,19169.24,19292.64,246796.05,227503.4,0.59,4,rotation (out of top-N),2025-01-06,45.85,,5,-1,,73.24,,413,2025-01-13,42.7,,5,-0.9,,58.12,,420
SELL,520,WGS,2025-01-14,85.02,420170.85,2025-01-07,91.25,19169.24,17861.46,-2615563.56,-2633425.02,-6.87,4,rotation (out of top-N),2025-01-06,89.37,,5,-1,,101.67,,322,2025-01-13,69.51,,5,-0.6,,51.73,,329
SELL,521,MNPR,2025-01-14,25.61,230373.73,2025-01-07,23.23,2675.21,2949.94,549441.34,546491.4,10.21,4,equal-weight sizing trim,2025-01-06,25.33,,5,-0.9,,183.73,,112,2025-01-13,29.27,,5,-1.0,,206.15,,119
SELL,521,MNPR,2025-01-28,35.82,388050.37,2025-01-07,23.23,4506.23,6949.98,4887494.42,4880544.44,54.15,13,equal-weight sizing trim,2025-01-06,25.33,,5,-0.9,,183.73,,112,2025-01-27,43.13,,5,-1,,275.32,,133
SELL,521,MNPR,2025-02-04,43.45,23184.56,2025-01-07,23.23,269.23,503.68,468907.77,468404.08,86.99,18,equal-weight sizing trim,2025-01-06,25.33,,5,-0.9,,183.73,,112,2025-02-03,47.78,,5,-1,,279.03,,140
SELL,521,MNPR,2025-02-11,51.85,82804.28,2025-01-07,23.23,961.56,2146.7,2370272.51,2368125.81,123.14,23,equal-weight sizing trim,2025-01-06,25.33,,5,-0.9,,183.73,,112,2025-02-10,43.0,,5,-1,,216.31,,147
SELL,521,MNPR,2025-02-25,32.28,926329.34,2025-01-07,23.23,10757.0,14950.96,8387912.19,8372961.23,38.92,32,ratchet-ATR exit,2025-01-06,25.33,,5,-0.9,,183.73,,112,2025-02-24,35.01,,5,-1,,126.99,,161
SELL,522,BMA,2025-01-14,102.49,357002.42,2025-01-07,107.39,19169.24,18294.59,-1749311.84,-1767606.43,-4.61,4,rotation (out of top-N),2025-01-06,106.13,,5,-1,,70.0,,749,2025-01-13,97.32,,5,-0.6,,52.61,,756
SELL,523,HOOD,2025-01-28,48.02,99125.08,2025-01-14,41.83,2073.2,2379.99,613584.22,611204.23,14.74,9,equal-weight sizing trim,2025-01-13,48.12,5.6,5,-1,0.4,83.88,3.94,399,2025-01-27,51.93,5.7,5,-1,0.3,86.25,4.08,413
SELL,523,HOOD,2025-02-25,47.45,859054.74,2025-01-14,42.95,18448.04,20383.22,3870357.06,3849973.84,10.43,28,rotation (out of top-N),2025-01-13,48.12,5.6,5,-1,0.4,83.88,3.94,399,2025-02-24,50.09,5.9,5,-0.9,0.0,58.57,5.34,441
SELL,524,UI,2025-01-28,396.9,93071.5,2025-01-14,390.64,18178.73,18470.04,582627.59,564157.55,1.55,9,rotation (out of top-N),2025-01-13,395.59,,5,-1,,79.38,,231,2025-01-27,393.89,,5,-1,,66.97,,245
SELL,525,MSTR,2025-01-28,343.12,105942.8,2025-01-14,343.18,18178.73,18175.55,-6356.57,-24532.12,-0.07,9,rotation (out of top-N),2025-01-13,396.41,,5,-1,,86.57,,707,2025-01-27,333.96,,5,-0.5,,49.41,,721
SELL,526,DXPE,2025-01-28,99.48,387152.07,2025-01-14,93.91,18178.73,19256.94,2156437.03,2137180.08,5.88,9,rotation (out of top-N),2025-01-13,102.52,,5,-1,,75.39,,315,2025-01-27,101.27,,5,-1,,65.7,,329
SELL,527,CLS,2025-02-04,122.86,45298.49,2025-01-14,101.58,2300.73,2782.8,964144.23,961361.43,20.89,14,equal-weight sizing trim,2025-01-13,113.24,,5,-1,,75.17,,777,2025-02-03,129.68,,5,-1,,83.18,,798
SELL,527,CLS,2025-02-11,127.36,356870.19,2025-01-14,101.58,18125.57,22726.39,9201628.54,9178902.16,25.32,19,rotation (out of top-N),2025-01-13,113.24,,5,-1,,75.17,,777,2025-02-10,132.15,,5,-1,,81.31,,805
SELL,528,AGX,2025-01-28,139.47,219563.08,2025-01-14,165.59,18178.73,15311.23,-5734987.72,-5750298.95,-15.82,9,rotation (out of top-N),2025-01-13,175.62,,5,-1,,74.55,,742,2025-01-27,134.98,,5,0.6,,28.4,,756
SELL,529,PLTR,2025-01-28,75.54,51683.88,2025-01-14,67.18,1736.06,1952.1,432077.21,430125.11,12.39,9,equal-weight sizing trim,2025-01-13,71.77,5.6,5,-1,0.4,74.15,3.91,644,2025-01-27,82.49,6,5,-1,0.0,86.74,4.56,658
SELL,529,PLTR,2025-02-04,102.79,62943.36,2025-01-14,67.18,2114.27,3234.97,2241412.96,2238177.98,52.93,14,equal-weight sizing trim,2025-01-13,71.77,5.6,5,-1,0.4,74.15,3.91,644,2025-02-03,110.85,6,5,-1,0.0,139.1,5.17,665
SELL,529,PLTR,2025-02-11,116.61,14680.04,2025-01-14,67.18,493.1,855.92,725634.6,724778.68,73.49,19,equal-weight sizing trim,2025-01-13,71.77,5.6,5,-1,0.4,74.15,3.91,644,2025-02-10,119.16,5.7,5,-1,0.3,144.06,4.08,672
SELL,529,PLTR,2025-02-25,90.65,411887.29,2025-01-14,67.18,13835.29,18668.79,9666994.59,9648325.8,34.87,28,ratchet-ATR exit,2025-01-13,71.77,5.6,5,-1,0.4,74.15,3.91,644,2025-02-24,84.99,6,5,-1,0.0,62.15,6.51,686
SELL,530,EAT,2025-02-04,192.18,245257.96,2025-01-28,150.69,18479.57,23566.22,10173300.24,10149734.02,27.46,5,rotation (out of top-N),2025-01-27,181.91,,5,-1,,95.93,,413,2025-02-03,171.91,,5,-1,,79.51,,420
SELL,531,DRUG,2025-02-04,37.8,85914.26,2025-01-28,29.67,1274.32,1623.78,698912.48,697288.7,27.36,5,equal-weight sizing trim,2025-01-27,33.27,,5,-0.8,,95.93,,105,2025-02-03,43.43,,5,-0.9,,140.73,,112
SELL,531,DRUG,2025-02-11,45.66,108060.48,2025-01-28,29.67,1602.81,2467.02,1728427.4,1725960.38,53.84,10,equal-weight sizing trim,2025-01-27,33.27,,5,-0.8,,95.93,,105,2025-02-10,43.72,,5,-1.0,,128.79,,119
SELL,531,DRUG,2025-02-25,34.35,1051909.25,2025-01-28,29.67,15602.44,18066.54,4928194.84,4910128.29,15.74,19,ratchet-ATR exit,2025-01-27,33.27,,5,-0.8,,95.93,,105,2025-02-24,37.38,,5,-1,,78.92,,133
SELL,532,NUTX,2025-02-04,48.83,37015.42,2025-01-28,39.53,731.61,903.73,344243.4,343339.67,23.46,5,equal-weight sizing trim,2025-01-27,47.73,,5,-1,,134.27,,140,2025-02-03,53.99,,5,-1,,150.43,,147
SELL,532,NUTX,2025-02-11,56.28,44534.48,2025-01-28,39.53,880.22,1253.2,745952.52,744699.32,42.3,10,equal-weight sizing trim,2025-01-27,47.73,,5,-1,,134.27,,140,2025-02-10,59.94,,5,-1,,161.75,,154
SELL,532,NUTX,2025-02-25,56.01,91392.4,2025-01-28,39.53,1806.37,2559.44,1506146.79,1503587.35,41.62,19,equal-weight sizing trim,2025-01-27,47.73,,5,-1,,134.27,,140,2025-02-24,53.15,,5,-1,,109.83,,168
SELL,532,NUTX,2025-03-11,41.2,893545.02,2025-01-28,40.47,18083.11,18407.03,647843.97,629436.94,1.74,29,ratchet-ATR exit,2025-01-27,47.73,,5,-1,,134.27,,140,2025-03-10,52.6,,5,-1,,91.8,,182
SELL,533,APP,2025-02-25,405.41,125834.56,2025-01-28,352.73,22192.85,25507.29,6628887.76,6603380.46,14.88,19,rotation (out of top-N),2025-01-27,369.55,6,5,-1,0.0,108.76,4.64,630,2025-02-24,325.77,5.8,5,-0.8,0.0,55.47,5.2,658
SELL,534,RKLB,2025-02-25,21.7,1608463.14,2025-01-28,29.65,23846.95,17451.83,-12790242.84,-12807694.67,-26.85,19,rotation (out of top-N),2025-01-27,29.04,,5,-1,,133.53,,217,2025-02-24,20.48,,5,-0.1,,41.2,,245
SELL,535,TWLO,2025-02-04,147.43,259053.4,2025-01-28,142.67,18479.57,19095.47,1231798.91,1212703.44,3.28,5,rotation (out of top-N),2025-01-27,146.66,,5,-1.0,,87.36,,119,2025-02-03,145.56,,5,-1,,81.11,,126
SELL,536,CRDO,2025-02-11,74.81,598905.81,2025-02-04,73.17,21912.47,22402.07,979210.99,956808.92,2.18,5,rotation (out of top-N),2025-02-03,77.25,,5,-1,,81.88,,602,2025-02-10,70.73,,5,-1,,61.48,,609
SELL,537,DAVE,2025-02-25,99.73,27209.08,2025-02-04,97.54,1326.93,1356.85,59840.43,58483.58,2.2,14,equal-weight sizing trim,2025-02-03,102.71,,5,-1,,82.74,,427,2025-02-24,100.79,,5,-1,,66.21,,448
SELL,537,DAVE,2025-03-04,92.19,427942.71,2025-02-04,97.54,20869.85,19726.02,-2287661.0,-2307387.02,-5.53,19,rotation (out of top-N),2025-02-03,102.71,,5,-1,,82.74,,427,2025-03-03,83.59,,5,0.2,,35.7,,455
SELL,538,INOD,2025-02-25,56.95,345777.22,2025-02-11,43.84,7578.57,9846.87,4536597.1,4526750.23,29.87,9,equal-weight sizing trim,2025-02-10,53.83,,5,-1,,109.18,,266,2025-02-24,52.75,,5,-1,,88.55,,280
SELL,538,INOD,2025-03-11,40.28,872471.72,2025-02-11,44.29,19320.89,17573.76,-3494249.47,-3511823.23,-9.09,19,ratchet-ATR exit,2025-02-10,53.83,,5,-1,,109.18,,266,2025-03-10,48.21,,5,-1,,62.41,,294
SELL,539,ROOT,2025-03-04,124.39,103771.42,2025-02-11,113.94,5911.66,6454.06,1084801.36,1078347.3,9.12,14,equal-weight sizing trim,2025-02-10,129.83,,5,-0.6,,98.21,,98,2025-03-03,134.21,,5,-1.0,,90.56,,119
SELL,539,ROOT,2025-03-11,133.0,18793.87,2025-02-11,113.94,1070.65,1249.79,358281.77,357031.98,16.67,19,equal-weight sizing trim,2025-02-10,129.83,,5,-0.6,,98.21,,98,2025-03-10,151.5,,5,-1,,107.6,,126
SELL,539,ROOT,2025-03-18,149.55,7475.86,2025-02-11,113.94,425.89,559.01,266243.47,265684.46,31.19,24,equal-weight sizing trim,2025-02-10,129.83,,5,-0.6,,98.21,,98,2025-03-17,160.0,,5,-1,,110.75,,133
SELL,539,ROOT,2025-03-25,174.44,20490.89,2025-02-11,113.94,1167.33,1787.22,1239775.84,1237988.63,53.03,29,equal-weight sizing trim,2025-02-10,129.83,,5,-0.6,,98.21,,98,2025-03-24,137.13,,5,-1,,75.31,,140
SELL,539,ROOT,2025-04-01,133.22,283341.62,2025-02-11,113.94,16141.44,18874.09,5465307.89,5446433.8,16.87,34,ratchet-ATR exit,2025-02-10,129.83,,5,-0.6,,98.21,,98,2025-03-31,112.12,,5,-0.0,,40.62,,147
SELL,540,WGS,2025-03-11,91.8,13990.57,2025-02-25,94.41,660.42,642.17,-36507.03,-37149.2,-2.81,10,equal-weight sizing trim,2025-02-24,102.8,,5,-1,,85.46,,371,2025-03-10,98.46,,5,-1,,66.25,,385
SELL,540,WGS,2025-03-25,103.84,19472.06,2025-02-25,94.17,916.82,1011.04,188441.98,187430.95,10.22,20,equal-weight sizing trim,2025-02-24,102.8,,5,-1,,85.46,,371,2025-03-24,92.16,,5,-0.3,,46.94,,399
SELL,540,WGS,2025-04-01,87.54,475960.44,2025-02-25,94.17,22409.99,20832.79,-3154399.44,-3175232.23,-7.08,25,rotation (out of top-N),2025-02-24,102.8,,5,-1,,85.46,,371,2025-03-31,80.03,,4.99,0.8,,24.93,,406
SELL,541,SEI,2025-03-04,29.64,1304971.72,2025-02-25,32.69,21329.76,19339.68,-3980163.74,-3999503.42,-9.38,5,rotation (out of top-N),2025-02-24,33.43,,5,-1,,86.11,,294,2025-03-03,23.56,,5,0.6,,28.51,,301
SELL,542,BROS,2025-03-04,74.6,571460.49,2025-02-25,74.65,21329.76,21315.48,-28573.02,-49888.5,-0.12,5,rotation (out of top-N),2025-02-24,79.13,,5,-1,,73.01,,371,2025-03-03,63.83,,5,0.1,,37.42,,378
SELL,543,EAT,2025-03-04,152.96,283104.0,2025-02-25,150.69,21329.76,21651.79,644061.59,622409.8,1.46,5,rotation (out of top-N),2025-02-24,164.75,,5,-1,,60.31,,441,2025-03-03,141.49,,5,0.2,,35.34,,448
SELL,544,TPR,2025-03-04,81.6,513043.0,2025-02-25,83.15,21329.76,20932.15,-795216.65,-816148.81,-1.91,5,rotation (out of top-N),2025-02-24,83.86,4.3,5,-0.9,1.6,58.82,2.03,161,2025-03-03,73.82,3.3,5,0.1,1.6,37.71,2.1,168
SELL,545,HOOD,2025-03-04,45.19,898946.91,2025-02-25,47.45,21329.76,20311.71,-2036114.75,-2056426.45,-4.82,5,rotation (out of top-N),2025-02-24,50.09,5.9,5,-0.9,0.0,58.57,5.34,441,2025-03-03,44.43,4.9,5,0.1,0.0,38.1,7.12,448
SELL,546,PVLA,2025-03-11,24.62,414680.38,2025-03-04,19.58,4059.72,5105.75,2092062.53,2086956.78,25.7,5,equal-weight sizing trim,2025-03-03,24.66,,5,1.7,,64.0,,21,2025-03-10,27.26,,5,1.5,,76.59,,28
SELL,546,PVLA,2025-03-18,27.61,35369.59,2025-03-04,19.58,346.27,488.19,283840.94,283352.75,40.92,10,equal-weight sizing trim,2025-03-03,24.66,,5,1.7,,64.0,,21,2025-03-17,28.23,,5,1.4,,78.01,,35
SELL,546,PVLA,2025-04-01,28.14,155008.55,2025-03-04,20.23,1568.05,2181.36,1226606.91,1224425.56,39.04,20,equal-weight sizing trim,2025-03-03,24.66,,5,1.7,,64.0,,21,2025-03-31,23.99,,5,2.0,,43.83,,49
SELL,546,PVLA,2025-04-08,20.84,1637018.17,2025-03-04,20.23,16559.95,17057.73,995563.52,978505.79,2.95,25,rotation (out of top-N),2025-03-03,24.66,,5,1.7,,64.0,,21,2025-04-07,21.72,,5,2.7,,27.76,,56
SELL,547,DRUG,2025-03-18,35.98,3671.71,2025-03-04,33.48,61.47,66.05,9168.5,9102.45,7.4,10,equal-weight sizing trim,2025-03-03,34.75,,5,-1.0,,59.88,,140,2025-03-17,35.0,,5,-0.5,,49.13,,154
SELL,547,DRUG,2025-04-01,36.4,1412099.96,2025-03-04,33.64,23753.82,25700.22,3892803.64,3867103.42,8.14,20,rotation (out of top-N),2025-03-03,34.75,,5,-1.0,,59.88,,140,2025-03-31,32.16,,5,0.6,,27.97,,168
SELL,548,MNPR,2025-03-18,32.02,31932.88,2025-03-04,29.65,473.46,511.17,75418.34,74907.18,7.91,10,equal-weight sizing trim,2025-03-03,28.35,,5,-1,,76.57,,168,2025-03-17,42.19,,5,-1,,139.21,,182
SELL,548,MNPR,2025-03-25,42.19,247764.46,2025-03-04,29.65,3673.51,5226.59,3106167.86,3100941.27,42.21,15,equal-weight sizing trim,2025-03-03,28.35,,5,-1,,76.57,,168,2025-03-24,40.31,,5,-1,,117.2,,189
SELL,548,MNPR,2025-04-01,32.39,1171512.48,2025-03-04,29.65,17369.56,18972.64,3206168.73,3187196.09,9.17,20,ratchet-ATR exit,2025-03-03,28.35,,5,-1,,76.57,,168,2025-03-31,28.96,,5,-0.5,,50.9,,196
SELL,549,PLTR,2025-03-18,85.61,15529.47,2025-03-04,79.89,620.36,664.7,88689.85,88025.15,7.09,10,equal-weight sizing trim,2025-03-03,84.91,5.9,5,-0.9,0.0,57.25,6.62,693,2025-03-17,90.97,5.7,5,-0.9,0.3,58.89,4.1,707
SELL,549,PLTR,2025-03-25,97.38,23229.35,2025-03-04,79.89,927.94,1131.04,406190.08,405059.04,21.83,15,equal-weight sizing trim,2025-03-03,84.91,5.9,5,-0.9,0.0,57.25,6.62,693,2025-03-24,85.83,4.5,5,-0.3,0.8,45.96,3.34,714
SELL,549,PLTR,2025-04-01,83.89,507559.16,2025-03-04,79.89,20275.45,21289.57,2028240.98,2006951.41,4.95,20,rotation (out of top-N),2025-03-03,84.91,5.9,5,-0.9,0.0,57.25,6.62,693,2025-03-31,73.97,3.9,4.65,0.8,1.0,23.24,4.07,721
SELL,550,BABA,2025-03-11,134.68,323896.19,2025-03-04,126.71,20520.44,21811.17,2581452.63,2559641.46,6.24,5,rotation (out of top-N),2025-03-03,137.06,,5,-0.7,,53.1,,287,2025-03-10,137.55,,5,-0.6,,51.0,,294
SELL,551,ESLT,2025-03-11,345.29,1551.43,2025-03-04,337.89,262.11,267.85,11480.61,11212.76,2.14,5,equal-weight sizing trim,2025-03-03,355.0,,5,-0.7,,54.4,,140,2025-03-10,366.65,,5,-0.8,,56.34,,147
SELL,551,ESLT,2025-03-18,400.55,6471.44,2025-03-04,337.89,1093.32,1296.07,405500.26,404204.2,18.49,10,equal-weight sizing trim,2025-03-03,355.0,,5,-0.7,,54.4,,140,2025-03-17,407.72,,5,-1,,69.69,,154
SELL,551,ESLT,2025-04-01,389.55,6090.5,2025-03-04,343.12,1044.88,1186.28,282788.2,281601.92,13.48,20,equal-weight sizing trim,2025-03-03,355.0,,5,-0.7,,54.4,,140,2025-03-31,367.77,,5,-0.3,,46.96,,168
SELL,551,ESLT,2025-04-08,370.09,118274.62,2025-03-04,343.12,20291.13,21886.13,3189991.02,3168104.89,7.81,25,ratchet-ATR exit,2025-03-03,355.0,,5,-0.7,,54.4,,140,2025-04-07,400.82,,5,-0.8,,56.77,,175
SELL,552,TGTX,2025-04-08,38.42,1181070.91,2025-03-11,39.34,23231.88,22691.32,-1081114.5,-1103805.83,-2.38,20,rotation (out of top-N),2025-03-10,40.83,,5,-0.6,,52.81,,378,2025-04-07,36.71,,5,0.6,,27.17,,406
SELL,553,BABA,2025-03-18,143.02,307271.39,2025-03-11,134.68,20691.66,21972.98,2562643.38,2540670.4,6.14,5,rotation (out of top-N),2025-03-10,137.55,,5,-0.6,,51.0,,294,2025-03-17,131.79,,5,-0.1,,42.33,,301
SELL,554,ACMR,2025-03-18,29.69,1561634.36,2025-03-11,26.5,20691.66,23182.46,4981613.61,4958431.15,11.98,5,rotation (out of top-N),2025-03-10,29.18,,5,2.2,,46.75,,28,2025-03-17,26.89,,5,2.7,,34.67,,35
SELL,555,PDEX,2025-04-01,50.03,70737.69,2025-03-18,49.11,1737.03,1769.5,64946.11,63176.61,1.82,10,equal-weight sizing trim,2025-03-17,47.89,,5,-0.2,,44.36,,455,2025-03-31,49.19,,5,-0.1,,41.65,,469
SELL,555,PDEX,2025-04-08,56.05,136180.5,2025-03-18,49.11,3344.04,3816.46,944837.47,941021.01,14.07,15,equal-weight sizing trim,2025-03-17,47.89,,5,-0.2,,44.36,,455,2025-04-07,65.2,,5,-1,,81.49,,476
SELL,555,PDEX,2025-04-29,67.81,862729.43,2025-03-18,50.31,21703.88,29250.84,15093918.65,15064667.81,34.71,29,rotation (out of top-N),2025-03-17,47.89,,5,-0.2,,44.36,,455,2025-04-28,45.59,,3.51,1.1,,17.55,,497
SELL,556,NUTX,2025-03-25,60.91,7720.32,2025-03-18,55.44,214.01,235.12,42230.13,41995.01,9.81,5,equal-weight sizing trim,2025-03-17,58.05,,5,-1,,102.0,,189,2025-03-24,60.0,,5,-1,,99.32,,196
SELL,556,NUTX,2025-04-01,68.44,138260.36,2025-03-18,55.44,3832.58,4731.27,1797384.68,1792653.41,23.39,10,equal-weight sizing trim,2025-03-17,58.05,,5,-1,,102.0,,189,2025-03-31,67.88,,5,-1,,114.44,,203
SELL,556,NUTX,2025-04-08,78.45,112526.33,2025-03-18,55.44,3119.23,4413.85,2589230.89,2584817.04,41.43,15,equal-weight sizing trim,2025-03-17,58.05,,5,-1,,102.0,,189,2025-04-07,133.15,,5,-1,,282.06,,210
SELL,556,NUTX,2025-04-15,124.36,138026.85,2025-03-18,55.44,3826.1,8582.51,9512810.19,9504227.68,124.2,20,equal-weight sizing trim,2025-03-17,58.05,,5,-1,,102.0,,189,2025-04-14,147.8,,5,-1,,284.72,,217
SELL,556,NUTX,2025-04-22,147.5,57957.42,2025-03-18,55.44,1606.58,4274.36,5335560.01,5331285.65,165.92,24,equal-weight sizing trim,2025-03-17,58.05,,5,-1,,102.0,,189,2025-04-21,123.09,,5,-1,,197.85,,224
SELL,556,NUTX,2025-04-29,117.87,364690.4,2025-03-18,55.44,10109.22,21493.03,22767621.87,22746128.84,112.5,29,ratchet-ATR exit,2025-03-17,58.05,,5,-1,,102.0,,189,2025-04-28,114.0,,5,-1,,159.22,,231
SELL,557,CIB,2025-04-08,37.3,1187489.41,2025-04-01,38.78,23025.42,22146.68,-1757484.33,-1779631.01,-3.86,5,rotation (out of top-N),2025-03-31,38.39,,5,0.6,,28.24,,665,2025-04-07,36.2,,4.01,1.0,,20.06,,672
SELL,558,SDS,2025-04-08,114.59,449627.41,2025-04-01,102.42,23025.42,25761.4,5471965.59,5446204.19,11.83,5,rotation (out of top-N),2025-03-31,122.4,,5,3.5,,28.18,,7,2025-04-07,106.3,,2.23,4.2,,11.15,,14
SELL,559,CORT,2025-04-08,76.32,406809.54,2025-04-01,113.2,23025.42,15523.85,-15003135.68,-15018659.53,-32.61,5,rotation (out of top-N),2025-03-31,74.48,,5,-0.5,,49.51,,308,2025-04-07,68.52,,5,0.3,,34.94,,315
SELL,560,DRUG,2025-04-08,30.9,1265132.95,2025-04-01,36.4,23025.42,19546.3,-6958231.24,-6977777.54,-15.15,5,rotation (out of top-N),2025-03-31,32.16,,5,0.6,,27.97,,168,2025-04-07,28.48,,2.06,1.5,,10.3,,175
SELL,561,PLMR,2025-04-08,136.02,16512.65,2025-04-01,135.49,1118.65,1123.03,8751.7,7628.68,0.34,5,equal-weight sizing trim,2025-03-31,133.1,,5,0.7,,26.87,,504,2025-04-07,147.97,,5,0.1,,38.87,,511
SELL,561,PLMR,2025-04-15,153.15,323371.03,2025-04-01,135.49,21906.77,24762.14,5710732.41,5685970.28,12.98,10,rotation (out of top-N),2025-03-31,133.1,,5,0.7,,26.87,,504,2025-04-14,149.32,,5,0.1,,38.08,,518
SELL,562,WGS,2025-04-29,113.5,575656.09,2025-04-08,91.49,26334.7,32668.48,12667567.42,12634898.94,23.99,14,rotation (out of top-N),2025-04-07,96.53,,5,-0.3,,46.8,,413,2025-04-28,67.2,,-0.84,2.2,,-4.19,,434
SELL,563,MNPR,2025-04-15,38.48,176642.21,2025-04-08,28.5,2517.15,3398.6,1762889.24,1759490.64,34.95,5,equal-weight sizing trim,2025-04-07,32.7,,5,-1,,64.17,,203,2025-04-14,37.69,,5,-1,,81.42,,210
SELL,563,MNPR,2025-04-22,43.77,136951.09,2025-04-08,28.5,1951.55,2997.17,2091243.16,2088245.98,53.5,9,equal-weight sizing trim,2025-04-07,32.7,,5,-1,,64.17,,203,2025-04-21,43.51,,5,-1,,99.89,,217
SELL,563,MNPR,2025-04-29,40.09,1228965.83,2025-04-08,28.5,17512.76,24637.69,14249858.82,14225221.13,40.61,14,ratchet-ATR exit,2025-04-07,32.7,,5,-1,,64.17,,203,2025-04-28,41.33,,5,-1,,81.97,,224
SELL,564,AGL,2025-04-15,138.63,326861.97,2025-04-08,134.5,21981.47,22656.44,1349939.94,1327283.51,3.02,5,rotation (out of top-N),2025-04-07,142.0,,5,1.9,,57.22,,14,2025-04-14,99.88,,2.47,4.0,,12.36,,21
SELL,565,PLTR,2025-04-29,113.99,66424.67,2025-04-08,84.2,2796.55,3785.87,1978640.31,1974854.43,35.31,14,equal-weight sizing trim,2025-04-07,88.53,5.2,5,-0.2,0.0,43.83,9.58,728,2025-04-28,124.28,5.3,5,-1,0.7,83.5,3.51,749
SELL,565,PLTR,2025-06-17,141.5,7686.13,2025-04-08,91.72,352.5,543.77,382556.1,382012.32,54.19,48,equal-weight sizing trim,2025-04-07,88.53,5.2,5,-0.2,0.0,43.83,9.58,728,2025-06-16,137.27,4.9,5,-1,1.1,61.62,2.89,798
SELL,565,PLTR,2025-06-24,141.03,633598.06,2025-04-08,91.72,29057.67,44679.75,31244156.75,31199477.0,53.69,52,rotation (out of top-N),2025-04-07,88.53,5.2,5,-0.2,0.0,43.83,9.58,728,2025-06-23,130.81,4.3,5,-0.5,1.2,49.89,2.65,805
SELL,566,AU,2025-04-15,40.76,92101.94,2025-04-08,31.82,1465.34,1877.04,823391.32,821514.28,28.03,5,equal-weight sizing trim,2025-04-07,39.77,,5,0.3,,50.5,,70,2025-04-14,40.19,,5,0.2,,50.13,,77
SELL,566,AU,2025-04-22,41.01,1289511.36,2025-04-08,31.82,20516.13,26441.43,11850609.43,11824168.0,28.82,9,rotation (out of top-N),2025-04-07,39.77,,5,0.3,,50.5,,70,2025-04-21,36.8,,5,0.8,,36.02,,84
SELL,567,ROOT,2025-04-29,151.28,35356.95,2025-04-08,120.96,2138.31,2674.4,1072181.09,1069506.7,25.01,14,equal-weight sizing trim,2025-04-07,120.0,,5,-0.4,,47.54,,154,2025-04-28,143.03,,5,-1,,65.3,,175
SELL,567,ROOT,2025-05-13,153.32,441783.86,2025-04-08,123.47,27273.25,33867.15,13187797.54,13153930.39,24.12,24,rotation (out of top-N),2025-04-07,120.0,,5,-0.4,,47.54,,154,2025-05-12,135.74,,5,-0.5,,49.09,,189
SELL,568,AEM,2025-04-22,123.39,443989.54,2025-04-08,103.53,22982.73,27391.93,8818400.79,8791008.86,19.13,9,rotation (out of top-N),2025-04-07,116.38,,5,0.2,,36.62,,483,2025-04-21,117.33,,5,0.3,,34.13,,497
SELL,569,PVLA,2025-04-22,25.72,26874.73,2025-04-15,24.8,333.25,345.61,24724.75,24379.14,3.66,4,equal-weight sizing trim,2025-04-14,24.11,,5,1.0,,38.27,,63,2025-04-21,25.23,,5,0.8,,41.14,,70
SELL,569,PVLA,2025-04-29,23.77,2091439.91,2025-04-15,24.8,25933.85,24856.76,-2154183.11,-2179039.87,-4.2,9,rotation (out of top-N),2025-04-14,24.11,,5,1.0,,38.27,,63,2025-04-28,24.42,,5,1.0,,35.23,,77
SELL,570,ESLT,2025-04-22,372.26,129519.0,2025-04-15,405.61,26267.1,24107.37,-4319458.76,-4343566.13,-8.27,4,ratchet-ATR exit,2025-04-14,404.18,,5,-0.7,,54.8,,182,2025-04-21,375.56,,5,-0.1,,41.18,,189
SELL,571,GH,2025-04-29,47.87,1228351.35,2025-04-22,43.77,26882.47,29400.59,5036240.53,5006839.94,9.31,5,rotation (out of top-N),2025-04-21,48.29,,5,-0.0,,40.86,,168,2025-04-28,46.91,,5,0.2,,35.45,,175
SELL,572,FCAP,2025-04-29,48.1,127349.56,2025-04-22,40.13,2555.27,3062.76,1014976.0,1011913.25,19.8,5,equal-weight sizing trim,2025-04-21,46.81,,5,-0.0,,40.72,,357,2025-04-28,48.78,,5,-0.2,,44.49,,364
SELL,572,FCAP,2025-05-06,49.78,1212419.65,2025-04-22,40.13,24327.2,30177.13,11699849.64,11669672.52,23.98,10,rotation (out of top-N),2025-04-21,46.81,,5,-0.0,,40.72,,357,2025-05-05,46.66,,5,0.2,,36.52,,371
SELL,573,HOOD,2025-04-29,49.43,1308467.72,2025-04-22,41.09,26882.47,32338.78,10912620.77,10880281.99,20.24,5,rotation (out of top-N),2025-04-21,49.45,4.2,5,0.1,0.7,38.98,3.39,497,2025-04-28,48.61,4.2,5,0.3,0.5,34.03,3.79,504
SELL,574,IRTC,2025-05-06,133.26,81847.28,2025-04-29,106.31,4350.8,5453.48,2205374.87,2199921.39,25.28,5,equal-weight sizing trim,2025-04-28,130.98,,5,-0.2,,46.77,,112,2025-05-05,137.72,,5,-0.6,,51.61,,119
SELL,574,IRTC,2025-06-03,140.72,546746.36,2025-04-29,111.16,30389.12,38470.44,16162649.38,16124178.94,26.53,24,rotation (out of top-N),2025-04-28,130.98,,5,-0.2,,46.77,,112,2025-06-02,146.44,,5,-0.5,,49.16,,147
SELL,575,DAVE,2025-05-06,103.06,20516.88,2025-04-29,93.47,958.86,1057.23,196756.88,195699.65,10.2,5,equal-weight sizing trim,2025-04-28,104.48,,5,-0.3,,45.39,,511,2025-05-05,167.27,,5,-1,,122.39,,518
SELL,575,DAVE,2025-05-13,176.9,200529.8,2025-04-29,93.47,9371.76,17736.36,16729198.5,16711462.14,89.16,10,equal-weight sizing trim,2025-04-28,104.48,,5,-0.3,,45.39,,511,2025-05-12,185.24,,5,-1,,134.24,,525
SELL,575,DAVE,2025-06-03,204.96,21344.67,2025-04-29,97.14,1036.74,2187.35,2301223.46,2299036.11,110.88,24,equal-weight sizing trim,2025-04-28,104.48,,5,-0.3,,45.39,,511,2025-06-02,219.89,,5,-1,,139.72,,546
SELL,575,DAVE,2025-06-10,224.44,23791.42,2025-04-29,97.14,1155.58,2669.81,3028471.56,3025801.75,130.92,29,equal-weight sizing trim,2025-04-28,104.48,,5,-0.3,,45.39,,511,2025-06-09,208.75,,5,-1,,117.25,,553
SELL,575,DAVE,2025-07-01,271.67,50351.11,2025-04-29,110.64,2785.48,6839.44,8107922.6,8101083.16,145.42,43,equal-weight sizing trim,2025-04-28,104.48,,5,-0.3,,45.39,,511,2025-06-30,281.54,,5,-1,,152.16,,574
SELL,575,DAVE,2025-07-08,285.0,3252.05,2025-04-29,110.64,179.91,463.42,567019.2,566555.78,157.46,47,equal-weight sizing trim,2025-04-28,104.48,,5,-0.3,,45.39,,511,2025-07-07,202.56,,5,-1,,75.17,,581
SELL,575,DAVE,2025-07-15,214.29,368498.75,2025-04-29,110.64,20385.78,39483.72,38195883.97,38156400.25,93.59,52,ratchet-ATR exit,2025-04-28,104.48,,5,-0.3,,45.39,,511,2025-07-14,217.82,,5,-1,,81.53,,588
SELL,576,LRN,2025-05-06,160.69,415898.87,2025-04-29,140.15,29144.11,33416.43,8544642.28,8511225.84,14.6,5,rotation (out of top-N),2025-04-28,159.26,,5,-0.4,,48.07,,805,2025-05-05,156.28,,5,-0.1,,42.55,,812
SELL,577,DUOL,2025-05-06,481.5,22707.91,2025-04-29,384.0,4359.92,5466.93,2214020.76,2208553.83,25.33,5,equal-weight sizing trim,2025-04-28,486.6,,5,-0.9,,57.36,,231,2025-05-05,513.0,,5,-1,,61.32,,238
SELL,577,DUOL,2025-06-03,530.88,148998.7,2025-04-29,401.91,29942.13,39550.59,19216917.26,19177366.67,32.02,24,rotation (out of top-N),2025-04-28,486.6,,5,-0.9,,57.36,,231,2025-06-02,512.39,,5,-0.3,,46.54,,266
SELL,578,ESLT,2025-05-13,383.46,155729.87,2025-04-29,384.15,29911.73,29858.09,-107283.69,-137141.78,-0.23,10,rotation (out of top-N),2025-04-28,405.31,,5,-0.5,,49.28,,196,2025-05-12,393.46,,5,0.0,,39.26,,210
SELL,579,TGTX,2025-05-06,37.27,1387814.92,2025-04-29,42.0,29144.11,25861.93,-6564364.56,-6590226.5,-11.31,5,rotation (out of top-N),2025-04-28,43.39,,5,-0.1,,42.86,,427,2025-05-05,33.68,,1.9,1.5,,9.52,,434
SELL,580,MSTR,2025-05-06,378.26,157928.43,2025-04-29,369.08,29144.11,29869.0,1449783.03,1419914.02,2.44,5,rotation (out of top-N),2025-04-28,393.93,,5,-0.1,,42.3,,812,2025-05-05,415.68,,5,-0.3,,46.57,,819
SELL,581,NUTX,2025-05-20,178.1,168177.3,2025-05-06,127.41,10714.07,14976.61,8525076.1,8510099.49,39.71,10,equal-weight sizing trim,2025-05-05,121.88,,5,-1,,160.17,,238,2025-05-19,160.2,,5,-1,,193.1,,252
SELL,581,NUTX,2025-06-10,119.03,505254.2,2025-05-06,132.3,33422.38,30068.94,-6706885.11,-6736954.05,-10.08,24,ratchet-ATR exit,2025-05-05,121.88,,5,-1,,160.17,,238,2025-06-09,125.02,,5,-1,,96.9,,273
SELL,582,MNPR,2025-05-13,33.79,1503461.72,2025-05-06,41.32,31061.52,25400.99,-11321066.73,-11346467.72,-18.26,5,ratchet-ATR exit,2025-05-05,41.11,,5,-1,,73.85,,231,2025-05-12,37.95,,5,-0.7,,54.64,,238
SELL,583,CVSA,2025-05-13,132.59,552204.78,2025-05-06,112.5,31061.52,36608.42,11093794.11,11057185.69,17.8,5,rotation (out of top-N),2025-05-05,136.35,,5,-0.5,,50.14,,371,2025-05-12,134.55,,5,-0.3,,45.65,,378
SELL,584,SEZL,2025-05-13,86.25,328433.08,2025-05-06,53.83,8839.78,14163.68,10647800.59,10633636.92,60.15,5,equal-weight sizing trim,2025-05-05,87.38,,5,-1,,106.98,,999,2025-05-12,93.65,,5,-1,,112.49,,999
SELL,584,SEZL,2025-05-20,98.8,45123.0,2025-05-06,53.83,1214.49,2228.96,2028955.53,2026726.57,83.44,10,equal-weight sizing trim,2025-05-05,87.38,,5,-1,,106.98,,999,2025-05-19,105.28,,5,-1,,127.93,,999
SELL,584,SEZL,2025-06-03,112.39,54164.24,2025-05-06,53.83,1457.83,3043.62,3171587.36,3168543.74,108.67,19,equal-weight sizing trim,2025-05-05,87.38,,5,-1,,106.98,,999,2025-06-02,132.16,,5,-1,,158.82,,999
SELL,584,SEZL,2025-06-10,120.86,30890.01,2025-05-06,53.83,831.4,1866.61,2070402.63,2068536.02,124.4,24,equal-weight sizing trim,2025-05-05,87.38,,5,-1,,106.98,,999,2025-06-09,133.56,,5,-1,,147.91,,999
SELL,584,SEZL,2025-06-17,145.84,80728.14,2025-05-06,53.83,2172.8,5886.7,7427795.73,7421909.04,170.79,29,equal-weight sizing trim,2025-05-05,87.38,,5,-1,,106.98,,999,2025-06-16,147.04,,5,-1,,158.31,,999
SELL,584,SEZL,2025-07-01,179.51,61996.36,2025-05-06,55.36,1715.96,5564.48,7697052.08,7691487.6,224.12,38,equal-weight sizing trim,2025-05-05,87.38,,5,-1,,106.98,,999,2025-06-30,181.97,,5,-1,,183.44,,999
SELL,584,SEZL,2025-07-15,141.99,578117.0,2025-05-06,58.75,16980.83,41043.42,48125177.27,48084133.86,141.58,47,ratchet-ATR exit,2025-05-05,87.38,,5,-1,,106.98,,999,2025-07-14,140.63,,5,-1,,101.8,,999
SELL,585,HOOD,2025-05-20,64.01,2925.47,2025-05-13,58.94,86.21,93.63,14832.12,14738.49,8.55,5,equal-weight sizing trim,2025-05-12,61.74,5.8,5,-1,0.2,61.28,4.27,518,2025-05-19,63.14,4.7,5,-1,1.3,60.41,2.53,525
SELL,585,HOOD,2025-06-03,69.9,36847.09,2025-05-13,58.94,1085.88,1287.81,403844.14,402556.33,18.54,14,equal-weight sizing trim,2025-05-12,61.74,5.8,5,-1,0.2,61.28,4.27,518,2025-06-02,74.87,5.2,5,-1,0.8,78.88,3.3,539
SELL,585,HOOD,2025-06-10,73.28,20855.65,2025-05-13,58.94,614.62,764.15,299069.95,298305.8,24.27,19,equal-weight sizing trim,2025-05-12,61.74,5.8,5,-1,0.2,61.28,4.27,518,2025-06-09,72.58,6,5,-1,0.0,68.03,4.84,546
SELL,585,HOOD,2025-07-01,94.98,143092.08,2025-05-13,59.82,4280.22,6795.8,5031164.94,5024369.14,58.69,33,equal-weight sizing trim,2025-05-12,61.74,5.8,5,-1,0.2,61.28,4.27,518,2025-06-30,94.31,5.9,5,-1,0.1,96.99,4.29,567
SELL,585,HOOD,2025-07-15,98.92,34115.09,2025-05-13,61.03,1041.1,1687.33,1292471.44,1290784.11,61.99,42,equal-weight sizing trim,2025-05-12,61.74,5.8,5,-1,0.2,61.28,4.27,518,2025-07-14,109.74,5.1,5,-1,0.9,111.66,3.11,581
SELL,585,HOOD,2025-07-22,103.93,28473.27,2025-05-13,61.03,868.92,1479.61,1221378.71,1219899.09,70.2,47,equal-weight sizing trim,2025-05-12,61.74,5.8,5,-1,0.2,61.28,4.27,518,2025-07-21,104.83,5.3,5,-1,0.7,94.86,3.52,588
SELL,585,HOOD,2025-08-19,116.34,1917695.51,2025-05-13,82.7,79292.02,111552.35,64520654.64,64409102.29,40.62,67,rotation (out of top-N),2025-05-12,61.74,5.8,5,-1,0.2,61.28,4.27,518,2025-08-18,109.44,5.1,5,-1,0.9,76.79,3.09,616
SELL,586,NRG,2025-06-03,159.33,485851.32,2025-05-13,148.14,35987.19,38705.35,5436307.0,5397601.66,7.5,14,rotation (out of top-N),2025-05-12,157.37,6,5,-1,0.0,64.74,4.84,679,2025-06-02,154.22,3.8,5,-0.6,1.8,52.69,1.8,700
SELL,587,ATRO,2025-06-03,26.82,88290.98,2025-05-13,24.27,1071.55,1183.98,224854.42,223670.44,10.44,14,equal-weight sizing trim,2025-05-12,25.01,,5,0.3,,50.93,,70,2025-06-02,27.73,,5,-0.5,,60.79,,91
SELL,587,ATRO,2025-06-17,28.6,3052975.47,2025-05-13,24.28,37068.08,43657.55,13178943.37,13135285.82,17.72,24,rotation (out of top-N),2025-05-12,25.01,,5,0.3,,50.93,,70,2025-06-16,27.41,,5,-0.4,,53.43,,105
SELL,588,ROOT,2025-05-20,136.43,464223.18,2025-05-13,153.32,35587.35,31666.98,-7840729.48,-7872396.47,-11.06,5,rotation (out of top-N),2025-05-12,135.74,,5,-0.5,,49.09,,189,2025-05-19,129.8,,5,0.0,,39.47,,196
SELL,589,URBN,2025-06-03,72.65,1244189.34,2025-05-20,61.95,38535.65,45195.18,13319046.84,13273851.67,17.22,9,rotation (out of top-N),2025-05-19,72.29,,5,-0.5,,50.18,,168,2025-06-02,70.01,,5,-0.0,,40.69,,182
SELL,590,LEU,2025-06-10,144.57,21207.22,2025-06-03,135.4,1435.73,1532.96,194470.17,192937.21,6.72,5,equal-weight sizing trim,2025-06-02,143.53,,5,-1,,77.28,,245,2025-06-09,162.6,,5,-1,,93.24,,252
SELL,590,LEU,2025-06-17,172.5,61653.5,2025-06-03,135.4,4173.94,5317.61,2287344.71,2282027.1,27.34,10,equal-weight sizing trim,2025-06-02,143.53,,5,-1,,77.28,,245,2025-06-16,190.66,,5,-1,,116.84,,259
SELL,590,LEU,2025-06-24,196.99,43055.31,2025-06-03,135.4,2914.84,4240.73,2651776.24,2647535.5,45.41,14,equal-weight sizing trim,2025-06-02,143.53,,5,-1,,77.28,,245,2025-06-23,168.83,,5,-1,,85.49,,266
SELL,590,LEU,2025-07-08,185.51,13227.69,2025-06-03,142.3,941.13,1226.97,571685.26,570458.29,30.31,23,equal-weight sizing trim,2025-06-02,143.53,,5,-1,,77.28,,245,2025-07-07,206.61,,5,-1,,111.97,,280
SELL,590,LEU,2025-07-15,217.3,80591.13,2025-06-03,142.3,5733.91,8756.23,6044642.92,6035886.7,52.63,28,equal-weight sizing trim,2025-06-02,143.53,,5,-1,,77.28,,245,2025-07-14,248.19,,5,-1,,142.86,,287
SELL,590,LEU,2025-08-05,212.06,720924.22,2025-06-03,173.71,62617.01,76439.59,27645174.74,27568735.14,22.01,43,ratchet-ATR exit,2025-06-02,143.53,,5,-1,,77.28,,245,2025-08-04,222.89,,5,-1,,99.59,,308
SELL,591,AGX,2025-06-10,214.82,387779.68,2025-06-03,210.4,40794.42,41651.42,1713986.2,1672334.78,2.05,5,rotation (out of top-N),2025-06-02,241.07,,5,-1,,68.82,,882,2025-06-09,216.42,,5,-0.4,,48.24,,889
SELL,592,LASR,2025-06-10,17.57,507820.56,2025-06-03,15.41,3914.03,4459.93,1091814.19,1087354.26,13.89,5,equal-weight sizing trim,2025-06-02,17.59,,5,1.8,,65.48,,14,2025-06-09,18.04,,5,1.7,,66.76,,21
SELL,592,LASR,2025-06-17,18.79,13795.26,2025-06-03,15.41,106.33,129.61,46559.01,46429.4,21.83,10,equal-weight sizing trim,2025-06-02,17.59,,5,1.8,,65.48,,14,2025-06-16,17.37,,5,1.6,,58.21,,28
SELL,592,LASR,2025-07-01,19.5,67870.23,2025-06-03,15.64,530.75,661.57,261638.93,260977.36,24.59,19,equal-weight sizing trim,2025-06-02,17.59,,5,1.8,,65.48,,14,2025-06-30,19.75,,5,1.3,,72.85,,42
SELL,592,LASR,2025-07-08,19.07,5180484.13,2025-06-03,15.64,40511.42,49408.87,17794900.83,17745491.97,21.9,23,rotation (out of top-N),2025-06-02,17.59,,5,1.8,,65.48,,14,2025-07-07,18.29,,5,1.3,,57.53,,49
SELL,593,ROOT,2025-06-10,150.86,596627.75,2025-06-03,136.75,40794.42,45003.63,8418417.59,8373413.96,10.26,5,rotation (out of top-N),2025-06-02,152.28,,5,-0.8,,55.58,,210,2025-06-09,146.56,,5,-0.3,,45.69,,217
SELL,594,AU,2025-06-17,45.68,1926755.03,2025-06-10,43.6,42003.26,44007.08,4007650.46,3963643.38,4.72,5,rotation (out of top-N),2025-06-09,47.41,,5,-1.0,,59.98,,133,2025-06-16,44.74,,5,-0.4,,48.62,,140
SELL,595,TPC,2025-06-17,41.97,2081945.96,2025-06-10,40.35,42003.26,43689.64,3372752.45,3329062.81,3.96,5,rotation (out of top-N),2025-06-09,41.93,,5,1.8,,55.33,,28,2025-06-16,42.35,,5,1.7,,54.28,,35
SELL,596,TMDX,2025-06-17,139.4,598230.51,2025-06-10,140.43,42003.26,41696.67,-613186.27,-654882.94,-0.78,5,rotation (out of top-N),2025-06-09,142.85,,5,2.0,,52.61,,21,2025-06-16,123.48,,5,2.9,,32.91,,28
SELL,597,NUTX,2025-07-01,123.55,782610.52,2025-06-17,123.78,48434.33,48345.76,-177124.19,-225469.95,-0.23,9,rotation (out of top-N),2025-06-16,114.27,,5,-1,,73.86,,280,2025-06-30,117.65,,5,-1,,66.53,,294
SELL,598,ASTS,2025-06-24,50.58,342511.26,2025-06-17,40.75,6978.67,8662.11,3366885.67,3358223.56,24.06,4,equal-weight sizing trim,2025-06-16,45.95,,5,1.8,,77.82,,14,2025-06-23,49.37,,5,1.7,,86.87,,21
SELL,598,ASTS,2025-07-08,46.1,2185133.36,2025-06-17,41.57,45420.32,50367.32,9894002.4,9843635.08,10.84,13,rotation (out of top-N),2025-06-16,45.95,,5,1.8,,77.82,,14,2025-07-07,45.58,,5,1.4,,66.27,,35
SELL,599,PARR,2025-06-24,26.17,3383278.51,2025-06-17,26.48,44803.07,44270.2,-1065732.73,-1110002.93,-1.24,4,rotation (out of top-N),2025-06-16,27.86,,5,1.5,,62.35,,28,2025-06-23,26.61,,5,1.7,,53.47,,35
SELL,600,CRDO,2025-06-24,87.07,57424.41,2025-06-17,78.89,2265.11,2499.97,469731.66,467231.69,10.31,4,equal-weight sizing trim,2025-06-16,85.55,,5,1.8,,54.75,,28,2025-06-23,93.44,,5,1.4,,64.25,,35
SELL,600,CRDO,2025-07-01,90.56,1078411.96,2025-06-17,78.89,42537.96,48830.49,12585067.62,12536237.13,14.74,9,rotation (out of top-N),2025-06-16,85.55,,5,1.8,,54.75,,28,2025-06-30,93.56,,5,1.3,,60.1,,42
SELL,601,CAR,2025-07-01,167.1,11790.22,2025-06-24,152.31,897.88,985.07,174377.35,173392.27,9.66,5,equal-weight sizing trim,2025-06-23,174.12,,5,1.2,,85.79,,49,2025-06-30,181.24,,5,1.1,,88.67,,56
SELL,601,CAR,2025-07-08,183.65,32529.52,2025-06-24,152.31,2477.29,2987.02,1019475.17,1016488.15,20.52,9,equal-weight sizing trim,2025-06-23,174.12,,5,1.2,,85.79,,49,2025-07-07,191.35,,5,-0.0,,94.0,,63
SELL,601,CAR,2025-07-15,195.04,30927.47,2025-06-24,152.31,2355.28,3016.05,1321530.72,1318514.68,27.99,14,equal-weight sizing trim,2025-06-23,174.12,,5,1.2,,85.79,,49,2025-07-14,192.44,,5,-0.2,,89.84,,70
SELL,601,CAR,2025-07-29,208.09,558488.68,2025-06-24,153.59,42890.42,58107.95,30435078.62,30376970.67,35.41,24,rotation (out of top-N),2025-06-23,174.12,,5,1.2,,85.79,,49,2025-07-28,164.15,,5,-0.1,,54.04,,84
SELL,602,TPC,2025-07-01,46.61,2147605.97,2025-06-24,43.7,46925.19,50049.96,6249533.38,6199483.43,6.61,5,rotation (out of top-N),2025-06-23,46.93,,5,1.3,,67.8,,42,2025-06-30,48.04,,5,1.2,,68.42,,49
SELL,603,NKTR,2025-07-15,24.61,152454.93,2025-07-01,24.9,1898.1,1876.34,-43522.34,-45398.68,-1.2,9,equal-weight sizing trim,2025-06-30,24.77,,5,2.0,,74.3,,0,2025-07-14,24.97,,5,1.8,,72.67,,14
SELL,603,NKTR,2025-07-22,23.95,4286148.22,2025-07-01,24.9,53363.57,51337.34,-4052453.55,-4103790.89,-3.85,14,rotation (out of top-N),2025-06-30,24.77,,5,2.0,,74.3,,0,2025-07-21,25.02,,5,1.7,,71.87,,21
SELL,604,PARR,2025-07-08,31.55,420292.62,2025-07-01,26.93,5658.19,6630.12,1943853.37,1937223.25,17.12,4,equal-weight sizing trim,2025-06-30,31.45,,5,1.3,,77.89,,42,2025-07-07,35.07,,5,1.2,,93.94,,49
SELL,604,PARR,2025-07-15,34.36,258218.84,2025-07-01,26.93,3476.27,4436.2,1919857.08,1915420.88,27.55,9,equal-weight sizing trim,2025-06-30,31.45,,5,1.3,,77.89,,42,2025-07-14,31.93,,5,1.1,,73.3,,56
SELL,604,PARR,2025-07-22,32.88,3070533.71,2025-07-01,26.93,41337.06,50479.57,18285028.26,18234548.69,22.06,14,rotation (out of top-N),2025-06-30,31.45,,5,1.3,,77.89,,42,2025-07-21,31.43,,5,-0.0,,67.54,,63
SELL,605,TTMI,2025-07-08,43.55,87369.14,2025-07-01,40.4,1764.64,1902.46,275649.62,273747.16,7.76,4,equal-weight sizing trim,2025-06-30,44.03,,5,1.1,,73.2,,56,2025-07-07,44.1,,5,-0.0,,69.18,,63
SELL,605,TTMI,2025-07-15,45.24,2411530.27,2025-07-01,40.4,48706.88,54554.84,11695921.79,11641366.94,11.95,9,rotation (out of top-N),2025-06-30,44.03,,5,1.1,,73.2,,56,2025-07-14,45.03,,5,-0.2,,68.54,,70
SELL,606,WLDN,2025-07-15,76.82,51863.25,2025-07-08,73.65,1909.86,1992.07,164406.5,162414.43,4.25,5,equal-weight sizing trim,2025-07-07,73.94,,5,1.1,,67.66,,56,2025-07-14,79.43,,5,-0.0,,76.48,,63
SELL,606,WLDN,2025-07-22,78.82,4599.89,2025-07-08,73.65,169.39,181.28,23781.43,23600.15,6.97,10,equal-weight sizing trim,2025-07-07,73.94,,5,1.1,,67.66,,56,2025-07-21,82.31,,5,-0.2,,79.27,,70
SELL,606,WLDN,2025-08-05,90.67,31174.82,2025-07-08,76.95,1199.46,1413.39,427853.63,426440.24,17.78,20,equal-weight sizing trim,2025-07-07,73.94,,5,1.1,,67.66,,56,2025-08-04,113.75,,5,-0.4,,133.89,,84
SELL,606,WLDN,2025-08-12,113.42,89909.2,2025-07-08,76.95,3459.29,5098.98,3279378.33,3274279.36,47.33,25,equal-weight sizing trim,2025-07-07,73.94,,5,1.1,,67.66,,56,2025-08-11,112.76,,5,-0.5,,123.91,,91
SELL,606,WLDN,2025-09-09,95.74,2138827.86,2025-07-08,79.96,85507.7,102385.69,33755981.08,33653595.39,19.68,44,rotation (out of top-N),2025-07-07,73.94,,5,1.1,,67.66,,56,2025-09-08,100.86,,5,-1.0,,78.23,,119
SELL,607,TPC,2025-07-15,49.14,2206171.33,2025-07-08,47.58,52484.82,54205.63,3441627.28,3387421.65,3.23,5,rotation (out of top-N),2025-07-07,48.81,,5,1.1,,68.0,,56,2025-07-14,49.98,,5,-0.0,,68.65,,63
SELL,608,ASTS,2025-07-22,55.62,246685.44,2025-07-15,48.23,5948.82,6860.32,1823005.44,1816145.11,15.26,5,equal-weight sizing trim,2025-07-14,57.98,,5,1.3,,105.19,,42,2025-07-21,54.34,,5,1.2,,87.94,,49
SELL,608,ASTS,2025-08-05,51.7,3208525.89,2025-07-15,50.39,80843.76,82948.42,4209310.52,4126362.1,2.55,15,rotation (out of top-N),2025-07-14,57.98,,5,1.3,,105.19,,42,2025-08-04,46.59,,5,0.2,,54.53,,63
SELL,609,RKLB,2025-07-22,45.77,78743.93,2025-07-15,43.29,1704.41,1802.05,195284.94,193482.89,5.68,5,equal-weight sizing trim,2025-07-14,51.41,,5,-1,,110.56,,385,2025-07-21,47.42,,5,-1,,87.22,,392
SELL,609,RKLB,2025-07-29,45.13,2357171.68,2025-07-15,43.29,51020.98,53189.58,4337195.89,4284006.31,4.2,10,rotation (out of top-N),2025-07-14,51.41,,5,-1,,110.56,,385,2025-07-28,44.81,,5,-1,,71.21,,399
SELL,610,LASR,2025-07-22,19.37,5591240.01,2025-07-15,18.86,52725.39,54151.16,2851532.41,2797381.25,2.65,5,rotation (out of top-N),2025-07-14,19.95,,5,1.1,,68.74,,56,2025-07-21,19.4,,5,-0.0,,61.27,,63
SELL,611,TPC,2025-07-22,48.32,2145925.65,2025-07-15,49.14,52725.39,51845.56,-1759659.04,-1811504.6,-1.72,5,rotation (out of top-N),2025-07-14,49.98,,5,-0.0,,68.65,,63,2025-07-21,47.78,,5,-0.1,,58.47,,70
SELL,612,PVLA,2025-07-29,39.79,3408148.03,2025-07-22,31.64,53916.9,67805.11,27776406.48,27708601.37,25.7,5,rotation (out of top-N),2025-07-21,38.69,,5,-1,,87.16,,161,2025-07-28,36.49,,5,-1,,72.45,,168
SELL,613,ABVX,2025-07-29,66.79,7592794.87,2025-07-22,10.6,40241.81,253561.38,426639143.79,426385582.41,529.78,5,equal-weight sizing trim,2025-07-21,66.43,,5,1.9,,649.2,,7,2025-07-28,72.03,,5,1.8,,591.89,,14
SELL,613,ABVX,2025-08-05,71.68,7433.46,2025-07-22,10.6,39.4,266.42,454035.69,453769.28,575.89,10,equal-weight sizing trim,2025-07-21,66.43,,5,1.9,,649.2,,7,2025-08-04,70.06,,5,1.7,,488.6,,21
SELL,613,ABVX,2025-08-26,75.88,122968.33,2025-07-22,24.33,1495.65,4665.42,6339542.63,6334877.21,211.78,25,equal-weight sizing trim,2025-07-21,66.43,,5,1.9,,649.2,,7,2025-08-25,80.94,,5,1.3,,378.89,,42
SELL,613,ABVX,2025-09-09,89.54,145489.57,2025-07-22,24.33,1769.57,6513.57,9487996.07,9481482.5,267.9,34,equal-weight sizing trim,2025-07-21,66.43,,5,1.9,,649.2,,7,2025-09-08,84.07,,5,1.1,,304.49,,56
SELL,613,ABVX,2025-09-23,82.64,3282873.17,2025-07-22,27.9,45788.0,135640.11,179704230.34,179568590.23,196.09,44,ratchet-ATR exit,2025-07-21,66.43,,5,1.9,,649.2,,7,2025-09-22,82.78,,5,-0.2,,237.33,,70
SELL,614,SEZL,2025-08-05,156.29,1168177.53,2025-07-22,136.35,79643.41,91287.23,23287649.37,23196362.13,14.56,10,rotation (out of top-N),2025-07-21,148.65,,5,-1,,105.1,,999,2025-08-04,91.59,,3.92,1.0,,19.62,,999
SELL,615,AEHR,2025-07-29,21.3,5552719.04,2025-07-22,19.42,53916.9,59122.58,10411348.2,10352225.63,9.6,5,rotation (out of top-N),2025-07-21,21.74,,5,1.8,,86.0,,14,2025-07-28,16.85,,5,2.4,,44.2,,21
SELL,616,CLS,2025-08-05,202.5,935533.54,2025-07-29,184.12,86122.88,94720.43,17195106.55,17100386.11,9.93,5,rotation (out of top-N),2025-07-28,194.79,,5,-1,,75.68,,973,2025-08-04,207.82,,5,-1,,81.8,,980
SELL,617,SLGL,2025-08-05,13.0,1472836.17,2025-07-29,11.0,8100.6,9573.44,2945672.34,2936098.9,18.12,5,equal-weight sizing trim,2025-07-28,12.9,,5,-0.2,,80.13,,70,2025-08-04,15.4,,5,-0.3,,107.53,,77
SELL,617,SLGL,2025-08-12,16.31,667311.82,2025-07-29,11.0,3670.22,5441.93,3543425.76,3537983.83,48.2,10,equal-weight sizing trim,2025-07-28,12.9,,5,-0.2,,80.13,,70,2025-08-11,15.45,,5,-0.4,,101.59,,84
SELL,617,SLGL,2025-08-26,22.25,2806237.65,2025-07-29,11.13,15619.91,31219.39,31198968.93,31167749.54,99.77,20,equal-weight sizing trim,2025-07-28,12.9,,5,-0.2,,80.13,,70,2025-08-25,22.2,,5,-0.6,,161.79,,98
SELL,617,SLGL,2025-09-09,28.66,1378310.51,2025-07-29,11.13,7671.87,19747.74,24151751.24,24132003.5,157.28,29,equal-weight sizing trim,2025-07-28,12.9,,5,-0.2,,80.13,,70,2025-09-08,23.88,,5,-0.9,,150.69,,112
SELL,617,SLGL,2025-09-16,24.05,9652325.64,2025-07-29,11.13,53726.19,116069.22,124686055.33,124569986.12,115.93,34,ratchet-ATR exit,2025-07-28,12.9,,5,-0.2,,80.13,,70,2025-09-15,30.25,,5,-1.0,,197.66,,119
SELL,618,CELC,2025-08-05,42.88,671915.66,2025-07-29,34.63,11635.9,14404.19,5536585.07,5522180.88,23.73,5,equal-weight sizing trim,2025-07-28,39.91,,5,1.7,,215.3,,21,2025-08-04,45.83,,5,1.5,,241.3,,28
SELL,618,CELC,2025-08-19,51.52,187961.07,2025-07-29,35.66,3350.97,4841.41,2980864.37,2976022.96,44.41,15,equal-weight sizing trim,2025-07-28,39.91,,5,1.7,,215.3,,21,2025-08-18,52.43,,5,1.3,,242.17,,42
SELL,618,CELC,2025-09-09,62.12,488554.95,2025-07-29,36.91,9016.16,15174.52,12316712.38,12301537.87,68.22,29,equal-weight sizing trim,2025-07-28,39.91,,5,1.7,,215.3,,21,2025-09-08,54.94,,5,-0.0,,198.78,,63
SELL,618,CELC,2025-09-16,54.47,4452469.27,2025-07-29,36.91,82169.22,121263.0,78187566.75,78066303.75,47.5,34,ratchet-ATR exit,2025-07-28,39.91,,5,1.7,,215.3,,21,2025-09-15,51.9,,5,-0.2,,167.87,,70
SELL,619,DAVE,2025-08-05,246.0,786312.84,2025-07-29,219.06,86122.88,96716.48,21187199.4,21090482.92,12.24,5,rotation (out of top-N),2025-07-28,232.22,,5,-1,,79.98,,602,2025-08-04,182.91,,5,0.1,,37.9,,609
SELL,620,PVLA,2025-08-19,49.5,573588.67,2025-08-05,37.41,10728.41,14196.32,6935821.71,6921625.39,32.26,10,equal-weight sizing trim,2025-08-04,40.8,,5,-1,,87.53,,175,2025-08-18,53.36,,5,-1,,127.52,,189
SELL,620,PVLA,2025-09-16,55.03,4994730.34,2025-08-05,38.38,95850.64,137442.49,83183705.82,83046263.33,43.32,29,rotation (out of top-N),2025-08-04,40.8,,5,-1,,87.53,,175,2025-09-15,58.27,,5,-1,,111.86,,217
SELL,621,LASR,2025-08-12,26.6,515579.81,2025-08-05,20.93,5396.83,6857.21,2920759.61,2913902.39,27.0,5,equal-weight sizing trim,2025-08-04,26.14,,5,-0.3,,107.13,,77,2025-08-11,26.18,,5,-0.4,,101.51,,84
SELL,621,LASR,2025-09-09,28.55,8628262.72,2025-08-05,21.18,91384.62,123146.88,63524514.64,63401367.76,34.69,24,rotation (out of top-N),2025-08-04,26.14,,5,-0.3,,107.13,,77,2025-09-08,28.65,,5,-0.9,,94.04,,112
SELL,622,NBIS,2025-08-12,73.5,300805.07,2025-08-05,55.84,8399.23,11054.59,5310713.48,5299658.89,31.55,5,equal-weight sizing trim,2025-08-04,68.8,,5,-0.0,,95.36,,63,2025-08-11,71.6,,5,-0.2,,96.12,,70
SELL,622,NBIS,2025-08-26,70.29,3230132.92,2025-08-05,56.98,92024.85,113523.02,42996337.81,42882814.79,23.3,15,rotation (out of top-N),2025-08-04,68.8,,5,-0.0,,95.36,,63,2025-08-25,68.31,,5,-0.4,,75.52,,84
SELL,623,VSAT,2025-08-12,26.11,654980.25,2025-08-05,20.26,6634.95,8552.4,3834909.37,3826356.97,28.83,5,equal-weight sizing trim,2025-08-04,25.61,,5,1.1,,136.43,,56,2025-08-11,27.11,,5,-0.0,,140.23,,63
SELL,623,VSAT,2025-08-19,27.51,18003.77,2025-08-05,20.26,182.38,247.64,130527.3,130279.66,35.72,10,equal-weight sizing trim,2025-08-04,25.61,,5,1.1,,136.43,,56,2025-08-18,27.97,,5,-0.2,,137.0,,70
SELL,623,VSAT,2025-08-26,29.45,91105.16,2025-08-05,20.26,922.9,1341.52,837256.46,835914.93,45.29,15,equal-weight sizing trim,2025-08-04,25.61,,5,1.1,,136.43,,56,2025-08-25,32.3,,5,-0.3,,161.03,,77
SELL,623,VSAT,2025-09-16,32.77,9280982.28,2025-08-05,21.23,98534.21,152045.69,107022967.52,106870921.83,54.23,29,rotation (out of top-N),2025-08-04,25.61,,5,1.1,,136.43,,56,2025-09-15,29.59,,5,-0.6,,112.41,,98
SELL,624,ALAB,2025-08-12,180.62,1322836.88,2025-08-05,139.34,92162.05,119462.09,54600092.21,54480630.12,29.56,5,rotation (out of top-N),2025-08-04,179.28,,5,1.8,,83.83,,14,2025-08-11,185.87,,5,1.7,,86.45,,21
SELL,625,BE,2025-08-19,45.98,683412.54,2025-08-12,38.5,13155.69,15711.65,5111925.79,5096214.14,19.37,5,equal-weight sizing trim,2025-08-11,45.27,,5,-0.2,,87.23,,70,2025-08-18,48.53,,5,-0.3,,95.18,,77
SELL,625,BE,2025-08-26,49.1,42068.42,2025-08-12,38.5,809.82,1032.78,445925.3,444892.52,27.47,10,equal-weight sizing trim,2025-08-11,45.27,,5,-0.2,,87.23,,70,2025-08-25,52.93,,5,-0.4,,107.22,,84
SELL,625,BE,2025-09-16,71.72,1216114.14,2025-08-12,38.8,23593.49,43609.85,40032718.2,39989108.34,84.75,24,equal-weight sizing trim,2025-08-11,45.27,,5,-0.2,,87.23,,70,2025-09-15,84.96,,5,-0.8,,195.31,,105
SELL,625,BE,2025-09-23,81.28,154226.85,2025-08-12,38.8,2992.11,6268.16,6552104.62,6545836.45,109.38,29,equal-weight sizing trim,2025-08-11,45.27,,5,-0.2,,87.23,,70,2025-09-22,70.36,,5,-0.9,,135.13,,112
SELL,625,BE,2025-09-30,72.57,3725646.98,2025-08-12,38.8,72280.25,135185.1,125809708.84,125674523.74,86.94,34,ratchet-ATR exit,2025-08-11,45.27,,5,-0.2,,87.23,,70,2025-09-29,90.31,,5,-1.0,,185.67,,119
SELL,626,LQDA,2025-08-26,26.37,8391755.78,2025-08-19,27.61,115827.21,110645.3,-10363818.39,-10474463.68,-4.52,5,rotation (out of top-N),2025-08-18,26.84,,5,-1,,78.92,,217,2025-08-25,27.68,,5,-1,,79.42,,224
SELL,627,ECHO,2025-09-09,83.05,1201057.59,2025-08-26,54.13,32509.63,49873.92,34728580.09,34678706.17,53.34,9,equal-weight sizing trim,2025-08-25,61.8,,5,1.2,,135.21,,49,2025-09-08,74.82,,5,-0.0,,161.69,,63
SELL,627,ECHO,2025-09-30,77.31,4093966.81,2025-08-26,57.58,117860.26,158262.52,80804514.95,80646252.42,34.21,24,ratchet-ATR exit,2025-08-25,61.8,,5,1.2,,135.21,,49,2025-09-29,77.17,,5,-0.4,,137.79,,84
SELL,628,AEHR,2025-09-09,25.18,9456782.52,2025-08-26,25.94,122654.47,119060.89,-7187154.71,-7306215.6,-2.98,9,rotation (out of top-N),2025-08-25,24.95,,5,1.2,,99.67,,49,2025-09-08,26.49,,5,-0.0,,100.59,,63
SELL,629,NKTR,2025-09-16,48.84,451889.69,2025-09-09,44.96,10158.48,11036.28,1755591.46,1744555.19,8.59,5,equal-weight sizing trim,2025-09-08,48.49,,5,-0.2,,186.24,,70,2025-09-15,55.08,,5,-0.3,,207.05,,77
SELL,629,NKTR,2025-09-23,58.85,551375.36,2025-09-09,44.96,12394.92,16225.6,7661360.64,7645135.04,30.84,10,equal-weight sizing trim,2025-09-08,48.49,,5,-0.2,,186.24,,70,2025-09-22,58.54,,5,-0.4,,207.23,,84
SELL,629,NKTR,2025-11-11,57.16,8591866.91,2025-09-09,50.76,218070.84,245555.56,54969429.99,54723874.44,12.55,45,rotation (out of top-N),2025-09-08,48.49,,5,-0.2,,186.24,,70,2025-11-10,56.69,,5,-1,,110.67,,133
SELL,630,CRDO,2025-09-16,163.51,1849776.5,2025-09-09,149.45,138224.55,151228.48,26007857.56,25856629.08,9.35,5,rotation (out of top-N),2025-09-08,161.98,,5,-0.9,,110.98,,112,2025-09-15,169.52,,5,-1.0,,114.28,,119
SELL,631,NBIS,2025-09-23,108.04,248014.61,2025-09-09,96.77,12000.34,13397.75,2794822.45,2781424.7,11.59,10,equal-weight sizing trim,2025-09-08,90.42,,5,-0.6,,118.69,,98,2025-09-22,107.68,,5,-0.9,,138.83,,112
SELL,631,NBIS,2025-09-30,113.55,159657.47,2025-09-09,96.77,7725.12,9064.55,2678857.78,2669793.23,17.28,15,equal-weight sizing trim,2025-09-08,90.42,,5,-0.6,,118.69,,98,2025-09-29,127.97,,5,-1.0,,168.82,,119
SELL,631,NBIS,2025-10-07,127.77,73595.46,2025-09-09,96.77,3560.96,4701.65,2281369.69,2276668.04,31.97,20,equal-weight sizing trim,2025-09-08,90.42,,5,-0.6,,118.69,,98,2025-10-06,129.6,,5,-1,,158.86,,126
SELL,631,NBIS,2025-10-14,131.32,2569775.72,2025-09-09,96.77,124340.16,168731.47,88782620.42,88613888.95,35.63,25,rotation (out of top-N),2025-09-08,90.42,,5,-0.6,,118.69,,98,2025-10-13,113.46,,5,-1,,117.88,,133
SELL,632,LEU,2025-09-23,305.61,167874.04,2025-09-16,240.01,20145.72,25651.99,11012536.84,10986884.85,27.27,5,equal-weight sizing trim,2025-09-15,294.99,,5,-1,,123.92,,350,2025-09-22,304.93,,5,-1,,121.46,,357
SELL,632,LEU,2025-09-30,315.65,40023.41,2025-09-16,240.01,4803.01,6316.7,3027371.05,3021054.36,31.45,10,equal-weight sizing trim,2025-09-15,294.99,,5,-1,,123.92,,350,2025-09-29,343.3,,5,-1,,137.57,,364
SELL,632,LEU,2025-10-07,358.5,35037.81,2025-09-16,240.01,4204.71,6280.53,4151630.21,4145349.68,49.29,15,equal-weight sizing trim,2025-09-15,294.99,,5,-1,,123.92,,350,2025-10-06,363.28,,5,-1,,139.67,,371
SELL,632,LEU,2025-10-14,388.07,17035.44,2025-09-16,240.01,2044.34,3305.47,2522267.73,2518962.26,61.61,20,equal-weight sizing trim,2025-09-15,294.99,,5,-1,,123.92,,350,2025-10-13,379.05,,5,-1,,137.98,,378
SELL,632,LEU,2025-10-28,371.0,1181842.61,2025-09-16,275.09,162554.36,219231.8,113354890.48,113135658.68,34.8,30,rotation (out of top-N),2025-09-15,294.99,,5,-1,,123.92,,350,2025-10-27,368.15,,5,-1,,111.82,,392
SELL,633,ALAB,2025-09-23,236.14,1194235.13,2025-09-16,232.89,139062.71,141003.34,3881264.17,3740260.83,1.34,5,rotation (out of top-N),2025-09-15,245.4,,5,1.1,,119.59,,56,2025-09-22,197.8,,5,-0.0,,74.43,,63
SELL,634,AEHR,2025-09-23,33.4,602164.03,2025-09-16,28.76,8659.12,10054.63,2791030.3,2780975.66,16.06,5,equal-weight sizing trim,2025-09-15,29.93,,5,-0.2,,119.05,,70,2025-09-22,30.2,,5,-0.3,,114.73,,77
SELL,634,AEHR,2025-09-30,30.24,9068399.91,2025-09-16,28.76,130403.59,137114.21,13421231.87,13284117.66,5.09,10,rotation (out of top-N),2025-09-15,29.93,,5,-0.2,,119.05,,70,2025-09-29,31.04,,5,-0.4,,115.15,,84
SELL,635,CRDO,2025-09-23,163.51,1700968.86,2025-09-16,163.51,139062.71,139062.71,0.0,-139062.71,-0.05,5,rotation (out of top-N),2025-09-15,169.52,,5,-1.0,,114.28,,119,2025-09-22,142.85,,5,-1,,76.42,,126
SELL,636,VSAT,2025-09-23,29.88,8488491.35,2025-09-16,32.77,139062.71,126796.84,-24531740.0,-24658536.84,-8.87,5,rotation (out of top-N),2025-09-15,29.59,,5,-0.6,,112.41,,98,2025-09-22,28.95,,5,-0.8,,100.52,,105
SELL,637,PVLA,2025-09-30,62.26,5192791.14,2025-09-23,58.29,151343.9,161651.59,20615380.82,20453729.23,6.76,5,rotation (out of top-N),2025-09-22,59.51,,5,-1,,107.41,,224,2025-09-29,65.79,,5,-1,,119.04,,231
SELL,638,SLGL,2025-09-30,30.25,83721.63,2025-09-23,30.26,1266.5,1266.5,-0.0,-1266.5,-0.05,5,equal-weight sizing trim,2025-09-22,30.25,,5,-1,,180.0,,126,2025-09-29,31.79,,5,-1,,180.8,,133
SELL,638,SLGL,2025-10-07,41.5,2009019.74,2025-09-23,30.25,30391.45,41687.16,22591427.02,22549739.86,37.1,10,equal-weight sizing trim,2025-09-22,30.25,,5,-1,,180.0,,126,2025-10-06,37.73,,5,-1,,214.49,,140
SELL,638,SLGL,2025-10-14,37.73,7911813.1,2025-09-23,30.26,119685.95,149256.35,59140802.9,58991546.55,24.64,15,ratchet-ATR exit,2025-09-22,30.25,,5,-1,,180.0,,126,2025-10-13,38.68,,5,-1,,204.53,,147
SELL,639,CELC,2025-10-07,47.76,5810173.67,2025-09-23,52.52,152569.17,138746.95,-27644445.38,-27783192.33,-9.11,10,rotation (out of top-N),2025-09-22,50.61,,5,-0.3,,148.97,,77,2025-10-06,46.1,,5,-0.5,,109.05,,91
SELL,640,VSAT,2025-09-30,28.23,10131809.05,2025-09-23,29.87,151343.9,142985.16,-16717484.94,-16860470.09,-5.57,5,rotation (out of top-N),2025-09-22,28.95,,5,-0.8,,100.52,,105,2025-09-29,32.04,,5,-0.9,,113.38,,112
SELL,641,WDC,2025-10-07,126.36,2549976.37,2025-09-30,117.65,150002.36,161107.51,22210294.2,22049186.7,7.35,5,rotation (out of top-N),2025-09-29,131.09,5.2,5,-1,0.8,120.82,3.23,133,2025-10-06,115.25,5.7,5,-1,0.3,88.44,4.01,140
SELL,642,MNPR,2025-10-07,100.5,632389.85,2025-09-30,76.94,24326.46,31777.59,14902266.75,14870489.16,30.56,5,equal-weight sizing trim,2025-09-29,100.11,,5,-1,,147.68,,378,2025-10-06,89.58,,5,-1,,112.88,,385
SELL,642,MNPR,2025-10-14,100.93,3267067.1,2025-09-30,76.94,125675.9,164872.54,78393275.06,78228402.52,31.12,10,rotation (out of top-N),2025-09-29,100.11,,5,-1,,147.68,,378,2025-10-13,79.68,,5,-1,,83.42,,392
SELL,643,ABVX,2025-10-14,94.83,76444.18,2025-09-30,84.19,3218.03,3624.6,813146.31,809521.7,12.58,10,equal-weight sizing trim,2025-09-29,83.81,,5,-0.3,,216.74,,77,2025-10-13,92.81,,5,-0.5,,201.58,,91
SELL,643,ABVX,2025-11-04,99.79,144085.97,2025-09-30,86.55,6235.04,7189.17,1908268.58,1901079.41,15.25,25,equal-weight sizing trim,2025-09-29,83.81,,5,-0.3,,216.74,,77,2025-11-03,105.36,,5,-0.9,,178.83,,112
SELL,643,ABVX,2025-11-18,112.42,369153.91,2025-09-30,87.02,16061.36,20750.14,9377557.09,9356806.94,29.13,35,equal-weight sizing trim,2025-09-29,83.81,,5,-0.3,,216.74,,77,2025-11-17,119.05,,5,-1,,175.71,,126
SELL,643,ABVX,2025-12-23,141.83,794672.89,2025-09-30,93.72,37239.3,56354.23,38229863.2,38173508.97,51.25,59,equal-weight sizing trim,2025-09-29,83.81,,5,-0.3,,216.74,,77,2025-12-22,142.19,,5,-1,,145.99,,161
SELL,643,ABVX,2026-01-06,123.64,5309715.38,2025-09-30,93.76,248916.46,328233.33,158633736.7,158305503.37,31.8,67,rotation (out of top-N),2025-09-29,83.81,,5,-0.3,,216.74,,77,2026-01-05,114.44,,5,-1,,79.62,,175
SELL,644,PVLA,2025-10-14,73.13,58780.38,2025-09-30,62.27,1830.18,2149.3,638247.47,636098.17,17.38,10,equal-weight sizing trim,2025-09-29,65.79,,5,-1,,119.04,,231,2025-10-13,73.48,,5,-1,,122.87,,245
SELL,644,PVLA,2025-10-21,75.75,4769747.64,2025-09-30,62.27,148510.45,180654.19,64287482.76,64106828.57,21.58,15,rotation (out of top-N),2025-09-29,65.79,,5,-1,,119.04,,231,2025-10-20,73.43,,5,-1,,112.96,,252
SELL,645,AEHR,2025-10-07,25.55,9920791.01,2025-09-30,30.24,150002.36,126762.91,-46478905.89,-46605668.8,-15.53,5,rotation (out of top-N),2025-09-29,31.04,,5,-0.4,,115.15,,84,2025-10-06,23.49,,5,-0.5,,61.08,,91
SELL,646,BE,2025-10-14,107.3,437392.92,2025-10-07,88.98,19459.61,23466.13,8013038.27,7989572.14,20.53,5,equal-weight sizing trim,2025-10-06,86.83,,5,-1,,161.74,,126,2025-10-13,111.55,,5,-1,,215.34,,133
SELL,646,BE,2025-11-04,131.88,720895.55,2025-10-07,94.35,34007.52,47537.65,27060268.21,27012730.55,39.72,20,equal-weight sizing trim,2025-10-06,86.83,,5,-1,,161.74,,126,2025-11-03,135.32,,5,-1,,215.51,,154
SELL,646,BE,2025-11-18,103.85,3894812.41,2025-10-07,95.79,186532.7,202238.13,31410863.94,31208625.81,8.37,30,rotation (out of top-N),2025-10-06,86.83,,5,-1,,161.74,,126,2025-11-17,90.0,,5,-1,,92.8,,168
SELL,647,ECHO,2025-10-14,73.89,4267569.23,2025-10-07,76.9,164088.04,157676.01,-12824045.52,-12981721.54,-3.96,5,rotation (out of top-N),2025-10-06,73.98,,5,-0.5,,119.36,,91,2025-10-13,72.38,,5,-0.6,,107.04,,98
SELL,648,ASTS,2025-10-14,88.69,927358.5,2025-10-07,67.53,31309.94,41126.03,19632179.48,19591053.45,31.29,5,equal-weight sizing trim,2025-10-06,82.01,,5,-1,,124.32,,126,2025-10-13,83.6,,5,-1,,119.48,,133
SELL,648,ASTS,2025-10-21,81.28,3932709.23,2025-10-07,67.53,132778.1,159825.3,54094415.43,53934590.12,20.31,10,rotation (out of top-N),2025-10-06,82.01,,5,-1,,124.32,,126,2025-10-20,73.74,,5,-1,,87.09,,140
SELL,649,HUT,2025-10-21,48.73,7419392.19,2025-10-14,46.99,174318.62,180773.49,12909742.41,12728968.92,3.65,5,rotation (out of top-N),2025-10-13,48.46,,5,-0.4,,127.44,,84,2025-10-20,47.65,,5,-0.5,,118.33,,91
SELL,650,CELC,2025-10-21,71.22,1024900.8,2025-10-14,46.87,24015.99,36496.72,24961459.0,24924962.28,51.89,5,equal-weight sizing trim,2025-10-13,52.05,,5,-0.6,,125.75,,98,2025-10-20,70.94,,5,-0.8,,188.89,,105
SELL,650,CELC,2025-10-28,76.25,51668.62,2025-10-14,46.86,1210.72,1969.74,1518023.98,1516054.24,62.61,10,equal-weight sizing trim,2025-10-13,52.05,,5,-0.6,,125.75,,98,2025-10-27,77.15,,5,-0.9,,194.48,,112
SELL,650,CELC,2025-11-18,88.09,831654.52,2025-10-14,48.97,20363.31,36630.22,32533817.4,32497187.18,79.79,25,equal-weight sizing trim,2025-10-13,52.05,,5,-0.6,,125.75,,98,2025-11-17,97.48,,5,-1,,205.69,,133
SELL,650,CELC,2025-11-25,101.71,105579.41,2025-10-14,48.97,2585.14,5369.24,5568193.84,5562824.6,107.59,30,equal-weight sizing trim,2025-10-13,52.05,,5,-0.6,,125.75,,98,2025-11-24,101.17,,5,-1,,196.77,,140
SELL,650,CELC,2025-12-30,101.56,178005.63,2025-10-14,59.72,5315.29,9039.13,7447666.19,7438627.06,69.97,53,equal-weight sizing trim,2025-10-13,52.05,,5,-0.6,,125.75,,98,2025-12-29,100.5,,5,-1,,119.99,,175
SELL,650,CELC,2026-01-06,103.16,209859.87,2025-10-14,59.72,6266.47,10824.57,9116207.28,9105382.71,72.65,57,equal-weight sizing trim,2025-10-13,52.05,,5,-0.6,,125.75,,98,2026-01-05,107.43,,5,-1,,123.11,,182
SELL,650,CELC,2026-01-13,104.44,7109561.62,2025-10-14,59.72,212293.3,371261.31,317936021.91,317564760.61,74.79,62,rotation (out of top-N),2025-10-13,52.05,,5,-0.6,,125.75,,98,2026-01-12,106.93,,5,-1,,111.35,,189
SELL,651,PRAX,2025-10-21,178.5,4191404.37,2025-10-14,51.65,108232.54,374082.84,531700600.96,531326518.12,245.46,5,equal-weight sizing trim,2025-10-13,190.03,,5,2.0,,262.95,,0,2025-10-20,173.89,,5,1.9,,216.53,,7
SELL,651,PRAX,2025-11-18,193.39,422203.76,2025-10-14,74.94,15820.89,40824.99,50008210.47,49967385.47,157.92,25,equal-weight sizing trim,2025-10-13,190.03,,5,2.0,,262.95,,0,2025-11-17,170.24,,5,1.4,,162.95,,35
SELL,651,PRAX,2025-12-09,274.14,834753.83,2025-10-14,93.91,39195.27,114421.79,150453049.21,150338627.41,191.78,39,equal-weight sizing trim,2025-10-13,190.03,,5,2.0,,262.95,,0,2025-12-08,268.87,,5,1.1,,241.25,,56
SELL,651,PRAX,2025-12-16,275.0,4490.22,2025-10-14,93.91,210.84,617.41,813141.07,812523.66,192.69,44,equal-weight sizing trim,2025-10-13,190.03,,5,2.0,,262.95,,0,2025-12-15,272.82,,5,-0.0,,222.26,,63
SELL,651,PRAX,2025-12-30,302.45,229538.07,2025-10-14,108.08,12403.99,34711.89,44615806.16,44581094.27,179.7,53,equal-weight sizing trim,2025-10-13,190.03,,5,2.0,,262.95,,0,2025-12-29,285.58,,5,-0.3,,195.52,,77
SELL,651,PRAX,2026-01-06,276.31,2457796.15,2025-10-14,108.08,132816.68,339550.68,413468016.07,413128465.38,155.53,57,ratchet-ATR exit,2025-10-13,190.03,,5,2.0,,262.95,,0,2026-01-05,288.85,,5,-0.4,,180.31,,84
SELL,652,VSAT,2025-11-04,36.01,12413430.09,2025-10-14,34.02,211167.28,223503.81,24673061.64,24449557.83,5.79,15,rotation (out of top-N),2025-10-13,35.71,,5,-1,,119.41,,126,2025-11-03,35.88,,5,-1,,95.31,,147
SELL,653,SLGL,2025-11-04,35.91,12406792.17,2025-10-21,38.7,240073.85,222763.95,-34619792.26,-34842556.21,-7.26,10,ratchet-ATR exit,2025-10-20,38.68,,5,-1,,188.63,,154,2025-11-03,35.91,,5,-1,,142.87,,168
SELL,654,GRAL,2025-10-28,83.26,5027213.39,2025-10-21,90.83,228298.33,209282.89,-38030869.28,-38240152.18,-8.38,5,rotation (out of top-N),2025-10-20,89.34,,5,-1,,121.8,,999,2025-10-27,91.9,,5,-1,,119.52,,999
SELL,655,INBX,2025-10-28,58.26,3590991.7,2025-10-21,38.31,68785.45,104596.61,71622329.51,71517732.9,51.99,5,equal-weight sizing trim,2025-10-20,57.25,,5,-0.9,,191.45,,112,2025-10-27,81.26,,5,-1.0,,280.47,,119
SELL,655,INBX,2025-11-04,79.5,2088810.87,2025-10-21,38.31,40011.17,83025.01,86027675.51,85944650.5,107.4,10,equal-weight sizing trim,2025-10-20,57.25,,5,-0.9,,191.45,,112,2025-11-03,80.81,,5,-1,,250.77,,126
SELL,655,INBX,2025-12-09,89.63,12219.7,2025-10-21,45.92,280.54,547.63,534169.77,533622.15,95.11,34,equal-weight sizing trim,2025-10-20,57.25,,5,-0.9,,191.45,,112,2025-12-08,79.61,,5,-1,,150.47,,161
SELL,655,INBX,2025-12-16,76.52,7607444.76,2025-10-21,45.92,174652.44,291041.82,232778762.83,232487721.01,66.56,39,ratchet-ATR exit,2025-10-20,57.25,,5,-0.9,,191.45,,112,2025-12-15,86.53,,5,-1,,157.58,,168
SELL,656,HUT,2025-11-04,49.75,9556066.15,2025-10-28,50.74,242437.4,237707.15,-9460505.49,-9698212.63,-2.0,5,rotation (out of top-N),2025-10-27,50.64,,5,-0.6,,125.66,,98,2025-11-03,44.61,,5,-0.8,,93.84,,105
SELL,657,NBIS,2025-11-04,112.36,3840592.45,2025-10-28,126.25,242437.4,215754.88,-53365032.05,-53580786.94,-11.05,5,rotation (out of top-N),2025-10-27,130.76,,5,-1,,132.13,,147,2025-11-03,111.18,,5,-1,,90.73,,154
SELL,658,WDC,2025-11-11,171.33,187558.31,2025-11-04,151.16,14175.66,16067.18,3783051.05,3766983.87,13.29,5,equal-weight sizing trim,2025-11-03,162.8,6,5,-1,0.0,129.47,6.66,168,2025-11-10,157.63,6,5,-1,0.0,113.61,4.82,175
SELL,658,WDC,2025-11-18,158.5,3091715.59,2025-11-04,151.16,233671.86,245018.46,22693192.41,22448173.95,4.8,10,rotation (out of top-N),2025-11-03,162.8,6,5,-1,0.0,129.47,6.66,168,2025-11-17,138.96,6,5,-1,0.0,82.58,5.13,182
SELL,659,MBX,2025-11-11,24.38,23660861.19,2025-11-04,20.95,247847.52,288366.75,81038449.56,80750082.82,16.29,5,rotation (out of top-N),2025-11-03,25.57,,5,-0.4,,109.03,,84,2025-11-10,24.83,,5,-0.5,,97.9,,91
SELL,660,LITE,2025-11-11,252.0,526846.61,2025-11-04,188.56,49671.1,66382.67,33423149.19,33356766.51,33.58,5,equal-weight sizing trim,2025-11-03,240.08,5.7,5,-1,0.3,128.55,4.01,140,2025-11-10,231.89,6,5,-1,0.0,113.35,5.98,147
SELL,660,LITE,2025-11-25,289.85,79957.79,2025-11-04,190.27,7606.63,11587.88,7962501.95,7950914.06,52.26,15,equal-weight sizing trim,2025-11-03,240.08,5.7,5,-1,0.3,128.55,4.01,140,2025-11-24,325.15,6,5,-1,0.0,172.24,6.66,161
SELL,660,LITE,2025-12-02,319.45,144263.26,2025-11-04,190.27,13724.21,23042.81,18637200.11,18614157.3,67.82,19,equal-weight sizing trim,2025-11-03,240.08,5.7,5,-1,0.3,128.55,4.01,140,2025-12-01,331.5,6.0,5,-1,0.0,163.18,4.45,168
SELL,660,LITE,2025-12-23,383.83,129556.78,2025-11-04,200.33,12977.14,24863.89,23773495.77,23748631.88,91.5,34,equal-weight sizing trim,2025-11-03,240.08,5.7,5,-1,0.3,128.55,4.01,140,2025-12-22,390.79,5.4,5,-1,0.6,163.49,3.58,189
SELL,660,LITE,2026-01-13,336.94,2062021.72,2025-11-04,208.24,214696.96,347383.64,265373364.16,265025980.52,61.72,47,rotation (out of top-N),2025-11-03,240.08,5.7,5,-1,0.3,128.55,4.01,140,2026-01-12,324.01,6,5,-1,0.0,89.74,6.28,210
SELL,661,PVLA,2025-11-18,82.3,333810.42,2025-11-04,75.81,12653.0,13735.46,2164923.77,2151188.31,8.5,10,equal-weight sizing trim,2025-11-03,77.62,,5,-1,,105.55,,266,2025-11-17,94.04,,5,-1,,127.49,,280
SELL,661,PVLA,2025-11-25,96.3,197345.15,2025-11-04,75.81,7480.32,9501.68,4042711.99,4033210.31,26.96,15,equal-weight sizing trim,2025-11-03,77.62,,5,-1,,105.55,,266,2025-11-24,103.29,,5,-1,,137.8,,287
SELL,661,PVLA,2025-12-09,99.5,6447637.73,2025-11-04,76.34,246108.26,320769.98,149323428.42,149002658.45,30.27,24,rotation (out of top-N),2025-11-03,77.62,,5,-1,,105.55,,266,2025-12-08,98.75,,5,-1,,108.67,,301
SELL,662,SLGL,2025-12-02,36.95,15350058.54,2025-11-11,35.94,275862.01,283553.96,15383887.64,15100333.68,2.74,14,rotation (out of top-N),2025-11-10,35.23,,5,-1,,127.11,,175,2025-12-01,36.95,,5,-1,,107.15,,196
SELL,663,GSAT,2025-11-25,59.75,9133589.84,2025-11-11,59.27,270670.44,272866.0,4391118.03,4118252.03,0.76,10,rotation (out of top-N),2025-11-10,62.85,,5,-0.6,,123.68,,98,2025-11-24,60.65,,5,-0.9,,102.5,,112
SELL,664,GRAL,2025-11-25,110.12,1268792.64,2025-11-18,78.81,49996.77,69859.72,39725897.71,39656037.98,39.66,5,equal-weight sizing trim,2025-11-17,93.51,,5,-1,,106.68,,999,2025-11-24,110.48,,5,-1,,135.13,,999
SELL,664,GRAL,2025-12-02,99.51,5491462.86,2025-11-18,78.81,216391.09,273227.73,113673281.15,113400053.42,26.2,9,rotation (out of top-N),2025-11-17,93.51,,5,-1,,106.68,,999,2025-12-01,100.85,,5,-1,,107.74,,999
SELL,665,MBX,2025-11-25,30.24,1011156.09,2025-11-18,25.36,12821.46,15288.68,4934441.72,4919153.04,19.18,5,equal-weight sizing trim,2025-11-17,27.07,,5,-0.6,,108.76,,98,2025-11-24,34.48,,5,-0.8,,154.37,,105
SELL,665,MBX,2025-12-02,33.26,1341516.32,2025-11-18,25.36,17010.43,22306.06,10591271.36,10568965.3,31.07,9,equal-weight sizing trim,2025-11-17,27.07,,5,-0.6,,108.76,,98,2025-12-01,32.03,,5,-0.9,,126.9,,112
SELL,665,MBX,2025-12-09,31.63,18655834.53,2025-11-18,25.36,236555.98,295042.02,116972082.53,116677040.51,24.66,14,rotation (out of top-N),2025-11-17,27.07,,5,-0.6,,108.76,,98,2025-12-08,29.84,,5,-1.0,,104.16,,119
SELL,666,ARWR,2025-12-02,56.12,2618741.3,2025-11-25,44.2,57874.18,73475.33,31202302.6,31128827.27,26.89,4,equal-weight sizing trim,2025-11-24,52.68,,5,-0.6,,130.69,,98,2025-12-01,61.42,,5,-0.8,,157.01,,105
SELL,666,ARWR,2025-12-09,66.5,801629.7,2025-11-25,44.2,17716.02,26652.18,17872334.08,17845681.89,50.37,9,equal-weight sizing trim,2025-11-24,52.68,,5,-0.6,,130.69,,98,2025-12-08,70.08,,5,-0.9,,177.8,,112
SELL,666,ARWR,2025-12-16,68.01,215312.66,2025-11-25,44.2,4758.41,7321.71,5126594.44,5119272.73,53.79,14,equal-weight sizing trim,2025-11-24,52.68,,5,-0.6,,130.69,,98,2025-12-15,68.09,,5,-1.0,,156.52,,119
SELL,666,ARWR,2025-12-30,69.65,310267.56,2025-11-25,46.29,7181.11,10805.07,7247918.89,7237113.82,50.39,23,equal-weight sizing trim,2025-11-24,52.68,,5,-0.6,,130.69,,98,2025-12-29,67.73,,5,-1,,131.34,,133
SELL,666,ARWR,2026-01-06,72.05,10672798.95,2025-11-25,46.29,247020.75,384460.9,274880302.17,274495841.27,55.56,27,rotation (out of top-N),2025-11-24,52.68,,5,-0.6,,130.69,,98,2026-01-05,64.59,,5,-1,,110.92,,140
SELL,667,BE,2025-12-09,110.39,6113774.49,2025-12-02,101.42,310044.79,337434.5,54779419.42,54441984.92,8.78,5,rotation (out of top-N),2025-12-01,119.29,,5,-1,,133.05,,182,2025-12-08,94.95,,5,-1,,79.2,,189
SELL,668,GSAT,2025-12-16,67.24,10120287.88,2025-12-02,61.45,310922.05,340244.08,58644058.04,58303813.96,9.38,10,rotation (out of top-N),2025-12-01,68.45,,5,-1.0,,119.95,,119,2025-12-15,62.27,,5,-1,,86.49,,133
SELL,669,VSXY,2025-12-16,55.15,928408.7,2025-12-09,51.21,23771.9,25600.87,3657930.28,3632329.41,7.64,5,equal-weight sizing trim,2025-12-08,54.39,,5,-0.2,,114.94,,70,2025-12-15,56.7,,5,-0.3,,115.93,,77
SELL,669,VSXY,2025-12-23,56.16,12379819.1,2025-12-09,51.21,316985.27,347625.32,61280104.56,60932479.24,9.61,10,rotation (out of top-N),2025-12-08,54.39,,5,-0.2,,114.94,,70,2025-12-22,53.83,,5,-0.4,,98.77,,84
SELL,670,SLGL,2025-12-23,41.03,16140364.69,2025-12-09,43.41,350349.42,331119.58,-38459683.94,-38790803.52,-5.54,10,ratchet-ATR exit,2025-12-08,42.3,,5,-1,,125.69,,203,2025-12-22,44.02,,5,-1,,113.58,,217
SELL,671,ECHO,2025-12-16,103.62,1135222.68,2025-12-09,88.23,50083.19,58818.73,17471077.11,17412258.39,17.38,5,equal-weight sizing trim,2025-12-08,107.31,,5,-1,,139.82,,154,2025-12-15,103.87,,5,-1,,122.47,,161
SELL,671,ECHO,2025-12-30,108.68,151277.71,2025-12-09,89.35,6758.46,8220.43,2923933.57,2915713.14,21.57,14,equal-weight sizing trim,2025-12-08,107.31,,5,-1,,139.82,,154,2025-12-29,112.16,,5,-1,,120.58,,175
SELL,671,ECHO,2026-01-06,110.58,207096.38,2025-12-09,89.35,9252.21,11449.84,4395258.58,4383808.74,23.69,18,equal-weight sizing trim,2025-12-08,107.31,,5,-1,,139.82,,154,2026-01-05,119.93,,5,-1,,124.98,,182
SELL,671,ECHO,2026-01-27,120.78,6673874.03,2025-12-09,89.58,298913.72,403051.94,208276440.78,207873388.84,34.77,32,rotation (out of top-N),2025-12-08,107.31,,5,-1,,139.82,,154,2026-01-26,113.22,,5,-1,,86.49,,203
SELL,672,FBRX,2025-12-23,29.4,4856309.62,2025-12-16,22.41,54414.95,71387.75,33945604.26,33874216.51,31.13,5,equal-weight sizing trim,2025-12-15,29.65,,5,-0.5,,147.9,,91,2025-12-22,27.79,,5,-0.6,,123.49,,98
SELL,672,FBRX,2025-12-30,26.23,25594634.15,2025-12-16,22.41,286787.88,335673.63,97771502.46,97435828.84,16.99,9,rotation (out of top-N),2025-12-15,29.65,,5,-0.5,,147.9,,91,2025-12-29,23.81,,5,-0.8,,85.66,,105
SELL,673,PVLA,2025-12-23,110.38,7623792.31,2025-12-16,89.51,341202.83,420757.1,159108545.59,158687788.49,23.25,5,rotation (out of top-N),2025-12-15,100.41,,5,-1,,104.27,,308,2025-12-22,103.65,,5,-1,,103.09,,315
SELL,674,FEIM,2025-12-30,56.85,14336751.87,2025-12-23,52.46,376053.0,407522.17,62938340.7,62530818.53,8.31,4,rotation (out of top-N),2025-12-22,56.07,,5,-1,,105.33,,518,2025-12-29,50.51,,5,-1,,79.23,,525
SELL,675,INBX,2026-01-06,75.8,9410439.66,2025-12-23,86.26,405855.89,356655.66,-98400444.46,-98757100.13,-12.17,8,rotation (out of top-N),2025-12-22,79.97,,5,-1,,126.96,,175,2026-01-05,72.89,,5,-1,,90.57,,189
SELL,676,PVLA,2025-12-30,101.18,6813788.76,2025-12-23,110.38,376053.0,344709.57,-62686856.56,-63031566.13,-8.38,4,rotation (out of top-N),2025-12-22,103.65,,5,-1,,103.09,,315,2025-12-29,99.86,,5,-1,,89.01,,322
SELL,677,MU,2026-01-06,318.32,217214.3,2025-12-30,294.69,32005.44,34571.83,5132773.89,5098202.06,7.96,4,equal-weight sizing trim,2025-12-29,315.25,4.3,5,-1,1.7,105.05,1.99,203,2026-01-05,344.83,4.7,5,-1,1.3,114.51,2.59,210
SELL,677,MU,2026-01-27,402.47,269995.57,2025-12-30,297.35,40140.95,54332.56,28383208.78,28328876.22,35.29,18,equal-weight sizing trim,2025-12-29,315.25,4.3,5,-1,1.7,105.05,1.99,203,2026-01-26,414.8,5.3,5,-1,0.7,124.54,3.42,231
SELL,677,MU,2026-02-10,376.14,2214872.91,2025-12-30,300.95,333278.54,416551.15,166545212.98,166128661.84,24.92,28,ratchet-ATR exit,2025-12-29,315.25,4.3,5,-1,1.7,105.05,1.99,203,2026-02-09,411.43,5.2,5,-1,0.8,104.97,3.26,245
SELL,678,SLGL,2026-01-06,43.65,1057961.48,2025-12-30,41.6,22005.6,23090.01,2168821.04,2145731.03,4.88,4,equal-weight sizing trim,2025-12-29,43.65,,5,-1,,102.44,,224,2026-01-05,58.75,,5,-1,,156.35,,231
SELL,678,SLGL,2026-01-13,61.98,3233798.13,2025-12-30,41.6,67263.0,100207.32,65888636.96,65788429.64,48.9,9,equal-weight sizing trim,2025-12-29,43.65,,5,-1,,102.44,,224,2026-01-12,61.98,,5,-1,,154.37,,238
SELL,678,SLGL,2026-01-27,55.84,13568547.27,2025-12-30,41.6,282225.78,378867.76,193283955.86,192905088.1,34.18,18,ratchet-ATR exit,2025-12-29,43.65,,5,-1,,102.44,,224,2026-01-26,62.7,,5,-1,,132.26,,252
SELL,679,CIEN,2026-01-06,230.95,3099014.67,2025-12-30,239.75,371494.38,357858.72,-27271329.07,-27629187.79,-3.72,4,rotation (out of top-N),2025-12-29,245.99,4.2,5,-1,1.8,96.51,1.74,189,2026-01-05,230.82,6,5,-1,0.0,78.09,5.37,196
SELL,680,BE,2026-01-13,137.39,848261.4,2026-01-06,105.19,44614.31,58271.32,27314016.93,27255745.61,30.55,5,equal-weight sizing trim,2026-01-05,134.12,,5,-1,,119.36,,217,2026-01-12,149.5,,5,-1,,131.99,,224
SELL,680,BE,2026-02-03,163.16,6196266.67,2026-01-06,105.62,327219.46,505491.43,356543948.96,356038457.53,54.4,19,rotation (out of top-N),2026-01-05,134.12,,5,-1,,119.36,,217,2026-02-02,143.12,,5,-1,,93.11,,245
SELL,681,VSXY,2026-01-13,63.94,13050661.66,2026-01-06,56.17,366527.83,417229.65,101403641.13,100986411.47,13.78,5,rotation (out of top-N),2026-01-05,65.87,,5,-0.6,,125.74,,98,2026-01-12,59.83,,5,-0.8,,97.78,,105
SELL,682,VICR,2026-01-27,160.66,638597.22,2026-01-06,138.08,44088.73,51296.92,14416366.65,14365069.73,16.29,14,equal-weight sizing trim,2026-01-05,142.07,,5,-0.9,,125.32,,112,2026-01-26,157.87,,5,-1,,122.51,,133
SELL,682,VICR,2026-03-03,194.1,252298.76,2026-01-06,143.63,18119.1,24485.59,12732985.22,12708499.63,35.07,38,equal-weight sizing trim,2026-01-05,142.07,,5,-0.9,,125.32,,112,2026-03-02,162.31,,5,-1,,86.71,,168
SELL,682,VICR,2026-03-10,170.43,6663668.82,2026-01-06,143.63,478558.42,567827.88,178538926.32,177971098.44,18.59,43,ratchet-ATR exit,2026-01-05,142.07,,5,-0.9,,125.32,,112,2026-03-09,172.48,,5,-1,,91.4,,175
SELL,683,RVMD,2026-01-13,117.89,2195770.27,2026-01-06,78.58,86271.81,129429.68,86315729.29,86186299.61,49.95,5,equal-weight sizing trim,2026-01-05,118.92,,5,-0.9,,133.77,,112,2026-01-12,120.32,,5,-1.0,,127.08,,119
SELL,683,RVMD,2026-01-27,98.26,7133011.43,2026-01-06,78.58,280256.02,350444.85,140377664.87,140027220.02,24.98,14,rotation (out of top-N),2026-01-05,118.92,,5,-0.9,,133.77,,112,2026-01-26,96.87,,5,-1,,71.58,,133
SELL,684,ARWR,2026-01-13,65.51,10174969.33,2026-01-06,72.05,366527.83,333281.12,-66493424.6,-66826705.72,-9.12,5,rotation (out of top-N),2026-01-05,64.59,,5,-1,,110.92,,140,2026-01-12,63.85,,5,-1,,99.99,,147
SELL,685,FBRX,2026-01-27,32.4,28251773.5,2026-01-13,29.75,420245.13,457678.73,74867199.78,74409521.05,8.85,9,rotation (out of top-N),2026-01-12,33.51,,5,-1.0,,140.04,,119,2026-01-26,29.1,,5,-1,,92.13,,133
SELL,686,ASTS,2026-01-27,106.11,8695326.52,2026-01-13,96.66,420245.13,461352.29,82214312.27,81752959.99,9.73,9,rotation (out of top-N),2026-01-12,115.78,,5,-1,,112.35,,224,2026-01-26,111.18,,5,-1,,88.57,,238
SELL,687,MBX,2026-01-27,37.21,23719211.56,2026-01-13,35.44,420245.13,441295.93,42101600.52,41660304.59,4.96,9,rotation (out of top-N),2026-01-12,40.52,,5,-1,,127.97,,154,2026-01-26,36.85,,5,-1,,91.71,,168
SELL,688,PRAX,2026-01-27,295.0,100835.7,2026-01-13,275.84,13907.26,14873.27,1932011.96,1917138.69,6.89,9,equal-weight sizing trim,2026-01-12,317.17,,5,-0.5,,187.74,,91,2026-01-26,314.26,,5,-0.8,,153.17,,105
SELL,688,PRAX,2026-03-10,315.3,4088613.82,2026-01-13,288.47,589718.38,644559.75,109682741.99,109038182.24,9.24,38,rotation (out of top-N),2026-01-12,317.17,,5,-0.5,,187.74,,91,2026-03-09,293.66,,5,-1,,76.95,,147
SELL,689,WDC,2026-02-03,279.77,64956.2,2026-01-27,244.1,7927.9,9086.4,2316987.72,2307901.33,14.56,5,equal-weight sizing trim,2026-01-26,250.14,5.8,5,-1,0.2,117.31,4.22,252,2026-02-02,282.5,6,5,-1,0.0,133.36,5.79,259
SELL,689,WDC,2026-02-24,280.77,3697885.77,2026-01-27,246.22,455249.67,519127.69,127756052.22,127236924.52,13.97,19,rotation (out of top-N),2026-01-26,250.14,5.8,5,-1,0.2,117.31,4.22,252,2026-02-23,279.66,6,5,-1,0.0,101.74,4.59,280
SELL,690,STX,2026-02-03,449.78,235354.58,2026-01-27,360.67,42442.67,52928.89,20972446.93,20919518.04,24.64,5,equal-weight sizing trim,2026-01-26,406.78,5.6,5,-1,0.4,96.79,3.96,245,2026-02-02,428.61,6,5,-1,0.0,99.23,5.11,252
SELL,690,STX,2026-02-10,419.63,2173190.87,2026-01-27,360.67,391902.38,455968.04,128131333.96,127675365.92,16.29,10,rotation (out of top-N),2026-01-26,406.78,5.6,5,-1,0.4,96.79,3.96,245,2026-02-09,425.08,5.5,5,-1,0.5,90.28,3.81,259
SELL,691,ARWR,2026-02-03,74.84,13006289.72,2026-01-27,66.79,434345.05,486695.36,104700632.24,104213936.88,12.0,5,rotation (out of top-N),2026-01-26,69.31,,5,-1,,99.61,,161,2026-02-02,64.48,,5,-1,,79.23,,168
SELL,692,CELC,2026-02-03,113.19,7448255.94,2026-01-27,116.63,434345.05,421534.04,-25622000.43,-26043534.48,-3.0,5,rotation (out of top-N),2026-01-26,109.41,,5,-1,,96.94,,203,2026-02-02,106.7,,5,-1,,84.13,,210
SELL,693,LITE,2026-02-03,453.36,385722.2,2026-01-27,341.76,65913.17,87434.54,43042740.24,42955305.7,32.58,5,equal-weight sizing trim,2026-01-26,391.71,6.0,5,-1,0.0,110.33,4.46,224,2026-02-02,552.0,6,5,-1,0.0,178.14,8.44,231
SELL,693,LITE,2026-02-10,548.56,251377.07,2026-01-27,341.76,42955.94,68947.7,51983521.34,51914573.63,60.43,10,equal-weight sizing trim,2026-01-26,391.71,6.0,5,-1,0.0,110.33,4.46,224,2026-02-09,562.38,6,5,-1,0.0,166.65,6.57,238
SELL,693,LITE,2026-02-24,677.81,168629.46,2026-01-27,341.76,28815.82,57149.37,56667088.39,56609939.02,98.23,19,equal-weight sizing trim,2026-01-26,391.71,6.0,5,-1,0.0,110.33,4.46,224,2026-02-23,701.36,5.8,5,-1,0.2,190.69,4.22,252
SELL,693,LITE,2026-03-10,677.07,1772443.0,2026-01-27,349.73,309939.62,600029.56,580179884.43,579579854.87,93.5,29,ratchet-ATR exit,2026-01-26,391.71,6.0,5,-1,0.0,110.33,4.46,224,2026-03-09,622.14,6,5,-1,0.0,133.06,5.66,266
SELL,694,FBRX,2026-02-03,34.5,26811422.54,2026-01-27,32.4,434345.05,462497.04,56303987.34,55841490.3,6.43,5,rotation (out of top-N),2026-01-26,29.1,,5,-1,,92.13,,133,2026-02-02,27.16,,5,-1,,73.33,,140
SELL,695,SLGL,2026-02-24,80.75,2279190.47,2026-02-03,62.65,71392.51,92022.32,41259608.93,41167586.62,28.83,14,equal-weight sizing trim,2026-02-02,62.7,,5,-1,,120.93,,259,2026-02-23,90.0,,5,-1,,166.88,,280
SELL,695,SLGL,2026-03-03,90.0,200950.47,2026-02-03,62.65,6294.5,9042.77,5496547.36,5487504.59,43.59,19,equal-weight sizing trim,2026-02-02,62.7,,5,-1,,120.93,,259,2026-03-02,78.77,,5,-1,,121.84,,287
SELL,695,SLGL,2026-03-10,84.92,14371312.42,2026-02-03,62.65,450161.62,610205.93,320088608.19,319478402.26,35.48,24,ratchet-ATR exit,2026-02-02,62.7,,5,-1,,120.93,,259,2026-03-09,84.92,,5,-1,,126.8,,294
SELL,696,POWL,2026-02-10,185.8,6581575.47,2026-02-03,148.44,488484.53,611428.36,245887659.53,245276231.17,25.11,5,rotation (out of top-N),2026-02-02,194.68,,5,-1,,100.13,,182,2026-02-09,194.41,,5,-1,,93.08,,189
SELL,697,TER,2026-02-10,311.61,434432.06,2026-02-03,257.95,56030.88,67686.69,23311624.51,23243937.82,20.74,5,equal-weight sizing trim,2026-02-02,300.02,5.2,5,-1,0.8,109.99,3.26,168,2026-02-09,314.49,5.4,5,-1,0.6,111.34,3.53,175
SELL,697,TER,2026-02-24,323.24,3353003.73,2026-02-03,257.95,432453.66,541912.46,218917613.48,218375701.02,25.25,14,rotation (out of top-N),2026-02-02,300.02,5.2,5,-1,0.8,109.99,3.26,168,2026-02-23,320.2,4.9,5,-1,1.1,98.94,2.79,189
SELL,698,FORM,2026-02-10,94.59,1980377.31,2026-02-03,75.0,74264.15,93661.94,38795591.5,38701929.55,26.06,5,equal-weight sizing trim,2026-02-02,90.29,,5,-1,,104.74,,126,2026-02-09,96.73,,5,-1,,111.34,,133
SELL,698,FORM,2026-03-03,93.88,11994532.86,2026-02-03,76.83,460751.96,562993.39,204482854.12,203919860.74,22.13,19,rotation (out of top-N),2026-02-02,90.29,,5,-1,,104.74,,126,2026-03-02,85.02,,5,-1,,68.59,,154
SELL,699,UCTT,2026-03-03,60.28,19449666.56,2026-02-10,54.25,527551.73,586212.95,117322432.61,116736219.66,11.06,14,rotation (out of top-N),2026-02-09,55.36,,5,-1,,100.95,,126,2026-03-02,50.52,,5,-1,,66.88,,147
SELL,700,ICHR,2026-02-24,51.86,1858694.79,2026-02-10,42.54,39534.44,48195.96,17323035.45,17274839.5,21.85,9,equal-weight sizing trim,2026-02-09,46.81,,5,1.4,,126.63,,35,2026-02-23,47.5,,5,1.2,,113.65,,49
SELL,700,ICHR,2026-03-03,45.03,22690131.66,2026-02-10,42.54,482619.1,510868.31,56498427.84,55987559.53,5.8,14,rotation (out of top-N),2026-02-09,46.81,,5,1.4,,126.63,,35,2026-03-02,39.97,,5,1.1,,75.0,,56
SELL,701,CIEN,2026-02-24,342.05,182248.43,2026-02-10,288.29,26270.2,31169.04,9797675.81,9766506.77,18.59,9,equal-weight sizing trim,2026-02-09,303.76,6,5,-1,0.0,97.52,5.1,231,2026-02-23,348.66,5.4,5,-1,0.6,108.97,3.55,245
SELL,701,CIEN,2026-03-03,338.33,3440170.23,2026-02-10,288.29,495883.34,581956.4,172146118.43,171564162.04,17.3,14,rotation (out of top-N),2026-02-09,303.76,6,5,-1,0.0,97.52,5.1,231,2026-03-02,293.96,5.5,5,-1,0.5,70.71,3.8,252
SELL,702,PVLA,2026-03-03,133.68,783585.49,2026-02-24,112.45,44057.09,52374.85,16635519.88,16583145.03,18.82,5,equal-weight sizing trim,2026-02-23,135.63,,5,-1,,103.47,,378,2026-03-02,134.52,,5,-1,,93.78,,385
SELL,702,PVLA,2026-03-10,138.2,9675479.63,2026-02-24,112.45,544003.84,668575.64,249143600.59,248475024.95,22.84,10,rotation (out of top-N),2026-02-23,135.63,,5,-1,,103.47,,378,2026-03-09,121.74,,5,-1,,69.5,,392
SELL,703,AAOI,2026-03-03,91.52,8316730.11,2026-02-24,52.39,217856.75,380573.57,325433649.06,325053075.49,74.6,5,equal-weight sizing trim,2026-02-23,84.23,,5,-1,,174.8,,168,2026-03-02,95.48,,5,-1,,192.41,,175
SELL,703,AAOI,2026-03-10,112.31,1913921.15,2026-02-24,52.39,50135.16,107471.46,114672585.94,114565114.48,114.26,10,equal-weight sizing trim,2026-02-23,84.23,,5,-1,,174.8,,168,2026-03-09,96.97,,5,-1,,179.8,,182
SELL,703,AAOI,2026-03-31,86.51,15790292.93,2026-02-24,60.91,480889.21,683009.12,404239817.06,403556807.94,41.96,25,ratchet-ATR exit,2026-02-23,84.23,,5,-1,,174.8,,168,2026-03-30,103.89,,5,-1,,157.95,,203
SELL,704,DNTH,2026-03-10,81.11,7191837.64,2026-03-03,53.62,192813.17,291664.98,197703616.59,197411951.62,51.19,5,equal-weight sizing trim,2026-03-02,65.25,,5,-1,,86.44,,189,2026-03-09,77.83,,5,-1,,113.38,,196
SELL,704,DNTH,2026-03-31,80.0,664948.84,2026-03-03,56.84,18899.09,26597.95,15397731.42,15371133.47,40.67,20,equal-weight sizing trim,2026-03-02,65.25,,5,-1,,86.44,,189,2026-03-30,85.93,,5,-1,,108.19,,217
SELL,704,DNTH,2026-04-14,90.72,19818016.76,2026-03-03,58.19,576645.24,898945.24,644599996.41,643701051.17,55.81,29,rotation (out of top-N),2026-03-02,65.25,,5,-1,,86.44,,189,2026-04-13,93.13,,5,-1,,107.53,,231
SELL,705,SII,2026-03-10,164.13,8362040.16,2026-03-03,154.6,646385.7,686230.83,79690242.71,79004011.88,6.11,5,rotation (out of top-N),2026-03-02,160.02,,5,-1,,78.9,,378,2026-03-09,147.22,,5,-1,,60.73,,385
SELL,706,ENLT,2026-03-10,74.38,18232443.53,2026-03-03,70.91,646385.7,678064.57,63357741.27,62679676.69,4.85,5,rotation (out of top-N),2026-03-02,77.18,,5,-1,,104.37,,301,2026-03-09,70.19,,5,-1,,79.84,,308
SELL,707,FET,2026-03-10,58.2,21844734.85,2026-03-03,59.18,646385.7,635681.78,-21407840.15,-22043521.94,-1.71,5,rotation (out of top-N),2026-03-02,57.19,,5,-1,,82.1,,266,2026-03-09,54.35,,5,-1,,68.0,,273
SELL,708,WDC,2026-03-17,288.31,204932.56,2026-03-10,269.33,27597.24,29542.56,3890644.57,3861102.01,7.0,5,equal-weight sizing trim,2026-03-09,272.29,6.0,5,-1,0.0,82.87,4.44,294,2026-03-16,293.02,5.6,5,-1,0.4,89.25,3.84,301
SELL,708,WDC,2026-03-24,294.51,4887466.23,2026-03-10,269.33,658170.64,719716.06,123090837.01,122371120.96,9.3,10,rotation (out of top-N),2026-03-09,272.29,6.0,5,-1,0.0,82.87,4.44,294,2026-03-23,275.49,5.7,5,-1,0.3,71.92,3.99,308
SELL,709,MU,2026-03-17,452.34,3475586.05,2026-03-10,394.62,685767.88,786073.3,200610826.52,199824753.22,14.57,5,rotation (out of top-N),2026-03-09,425.94,5.2,5,-1,0.8,83.76,3.28,273,2026-03-16,422.69,4.9,5,-1,1.1,76.5,2.8,280
SELL,710,LASR,2026-03-17,68.28,1300032.8,2026-03-10,62.52,40639.03,44383.12,7488188.93,7443805.81,9.16,5,equal-weight sizing trim,2026-03-09,62.56,,5,-1,,83.69,,294,2026-03-16,65.78,,5,-1,,86.61,,301
SELL,710,LASR,2026-03-24,70.23,20637519.42,2026-03-10,62.52,645128.86,724738.09,159218462.35,158493724.26,12.28,10,rotation (out of top-N),2026-03-09,62.56,,5,-1,,83.69,,294,2026-03-23,64.53,,5,-1,,77.14,,308
SELL,711,ANAB,2026-03-17,42.41,33848365.38,2026-03-10,40.52,685767.88,717754.59,63973410.56,63255655.97,4.61,5,rotation (out of top-N),2026-03-09,43.26,,5,-1,,79.98,,266,2026-03-16,41.6,,5,-1,,68.51,,273
SELL,712,CIEN,2026-03-17,360.0,263059.18,2026-03-10,328.33,43185.11,47350.65,8331084.28,8283733.63,9.59,5,equal-weight sizing trim,2026-03-09,337.59,6,5,-1,0.0,88.79,4.91,259,2026-03-16,384.07,5.6,5,-1,0.4,105.81,3.87,266
SELL,712,CIEN,2026-03-24,405.68,129315.14,2026-03-10,328.33,21229.02,26229.96,10001879.36,9975649.4,23.5,10,equal-weight sizing trim,2026-03-09,337.59,6,5,-1,0.0,88.79,4.91,259,2026-03-23,401.82,6,5,-1,0.0,106.28,4.9,273
SELL,712,CIEN,2026-04-07,436.03,182858.37,2026-03-10,331.25,30285.69,39865.87,19160352.27,19120486.4,31.57,19,equal-weight sizing trim,2026-03-09,337.59,6,5,-1,0.0,88.79,4.91,259,2026-04-06,496.01,5.7,5,-1,0.3,131.44,4.08,287
SELL,712,CIEN,2026-04-21,509.37,4286810.79,2026-03-10,346.44,742562.07,1091786.41,698448682.3,697356895.9,46.96,29,rotation (out of top-N),2026-03-09,337.59,6,5,-1,0.0,88.79,4.91,259,2026-04-20,520.84,4.7,5,-1,1.3,120.75,2.6,301
SELL,713,ENLT,2026-03-17,73.99,18439577.37,2026-03-10,74.38,685767.88,682172.16,-7191435.18,-7873607.34,-0.57,5,rotation (out of top-N),2026-03-09,70.19,,5,-1,,79.84,,308,2026-03-16,71.38,,5,-1,,76.92,,315
SELL,714,ICHR,2026-03-17,46.63,2459572.63,2026-03-10,41.97,51614.13,57344.94,11461608.46,11404263.52,11.05,5,equal-weight sizing trim,2026-03-09,41.46,,5,-0.0,,77.01,,63,2026-03-16,46.84,,5,-0.2,,93.9,,70
SELL,714,ICHR,2026-04-14,61.5,1091901.27,2026-03-10,42.48,23189.55,33575.96,20772837.48,20739261.52,44.72,24,equal-weight sizing trim,2026-03-09,41.46,,5,-0.0,,77.01,,63,2026-04-13,65.74,,5,-0.6,,139.16,,98
SELL,714,ICHR,2026-04-28,66.36,37083573.19,2026-03-10,44.35,822339.17,1230432.96,816187584.14,814957151.18,49.55,34,rotation (out of top-N),2026-03-09,41.46,,5,-0.0,,77.01,,63,2026-04-27,64.31,,5,-0.9,,115.93,,112
SELL,715,PRAX,2026-03-17,304.59,4350007.98,2026-03-10,315.3,685767.88,662484.46,-46566835.39,-47229319.86,-3.44,5,rotation (out of top-N),2026-03-09,293.66,,5,-1,,76.95,,147,2026-03-16,297.95,,5,-1,,72.93,,154
SELL,716,SLGL,2026-03-24,76.24,16585318.67,2026-03-17,84.92,704212.63,632232.35,-143960566.04,-144592798.39,-10.27,5,ratchet-ATR exit,2026-03-16,76.94,,5,-1,,96.37,,301,2026-03-23,77.75,,5,-1,,89.9,,308
SELL,717,TSEM,2026-03-24,173.24,1330266.41,2026-03-17,138.17,91901.46,115227.68,46652443.03,46537215.36,25.32,5,equal-weight sizing trim,2026-03-16,163.67,,5,-1,,82.89,,231,2026-03-23,171.89,,5,-1,,85.22,,238
SELL,717,TSEM,2026-04-07,188.94,9064241.82,2026-03-17,138.8,629057.55,856298.92,454482748.51,453626449.58,36.06,14,rotation (out of top-N),2026-03-16,163.67,,5,-1,,82.89,,231,2026-04-06,203.47,,5,-1,,102.28,,252
SELL,718,DOCN,2026-03-24,84.78,19558745.47,2026-03-17,72.01,704212.63,829095.22,249765179.66,248936084.44,17.67,5,rotation (out of top-N),2026-03-16,82.72,,5,-1,,88.13,,168,2026-03-23,81.42,,5,-1,,79.66,,175
SELL,719,LITE,2026-03-24,739.25,280648.39,2026-03-17,597.38,83826.17,103734.66,39816990.41,39713255.75,23.69,5,equal-weight sizing trim,2026-03-16,705.64,6,5,-1,0.0,149.77,5.31,273,2026-03-23,702.37,6,5,-1,0.0,135.82,5.8,280
SELL,719,LITE,2026-04-07,771.99,59521.14,2026-03-17,602.99,17945.42,22974.86,10058885.75,10035910.89,27.96,14,equal-weight sizing trim,2026-03-16,705.64,6,5,-1,0.0,149.77,5.31,273,2026-04-06,898.0,6.0,5,-1,0.0,167.05,4.48,294
SELL,719,LITE,2026-05-05,975.83,3096006.51,2026-03-17,678.94,1051008.79,1510580.28,919142973.14,917632392.86,43.65,34,rotation (out of top-N),2026-03-16,705.64,6,5,-1,0.0,149.77,5.31,273,2026-05-04,903.12,5.9,5,-1,0.1,116.67,4.35,322
SELL,720,AGX,2026-03-31,521.55,3298483.74,2026-03-24,465.27,767342.76,860162.1,185638664.64,184778502.54,12.04,5,rotation (out of top-N),2026-03-23,565.11,,5,-1,,80.32,,1176,2026-03-30,572.47,,5,-1,,77.66,,1183
SELL,721,SYRE,2026-03-31,49.2,37150460.61,2026-03-24,41.31,767342.76,913808.45,292931381.88,292017573.42,19.03,5,rotation (out of top-N),2026-03-23,47.33,,5,-1,,80.19,,161,2026-03-30,47.54,,5,-1,,75.59,,168
SELL,722,FET,2026-03-31,59.94,25593021.39,2026-03-24,59.97,767342.76,767022.85,-639825.53,-1406848.39,-0.09,5,rotation (out of top-N),2026-03-23,62.05,,5,-1,,80.71,,287,2026-03-30,59.07,,5,-1,,67.24,,294
SELL,723,DOCN,2026-04-07,85.59,19127282.25,2026-03-24,84.47,807806.47,818552.04,21491139.99,20672587.95,1.28,9,rotation (out of top-N),2026-03-23,81.42,,5,-1,,79.66,,175,2026-04-06,75.68,,5,-0.9,,57.57,,189
SELL,724,SLGL,2026-04-07,77.01,20832498.01,2026-03-31,72.44,754501.0,802155.34,95308678.38,94506523.04,6.26,4,rotation (out of top-N),2026-03-30,83.9,,5,-1,,95.77,,315,2026-04-06,75.6,,5,-1,,69.65,,322
SELL,725,UCTT,2026-04-14,76.79,26543940.88,2026-03-31,57.99,769667.31,1019154.61,498974598.32,497955443.71,32.35,9,rotation (out of top-N),2026-03-30,63.13,,5,-1,,85.36,,175,2026-04-13,79.4,,5,-1,,116.45,,189
SELL,726,ORKA,2026-04-07,55.58,2261977.45,2026-03-31,46.26,52319.54,62854.7,21070319.94,21007465.24,20.08,4,equal-weight sizing trim,2026-03-30,53.36,,5,-1,,102.2,,224,2026-04-06,59.59,,5,-1,,116.19,,231
SELL,726,ORKA,2026-04-28,78.5,34688217.49,2026-03-31,48.39,839221.8,1361512.54,1044581465.68,1043219953.14,62.15,19,rotation (out of top-N),2026-03-30,53.36,,5,-1,,102.2,,224,2026-04-27,62.54,,5,-1,,98.49,,252
SELL,727,FORM,2026-04-14,128.63,37024.2,2026-03-31,92.86,1719.04,2381.3,1324533.65,1322152.35,38.46,9,equal-weight sizing trim,2026-03-30,103.25,,5,-1,,82.16,,182,2026-04-13,137.28,,5,-1,,123.58,,196
SELL,727,FORM,2026-04-28,133.64,16507489.9,2026-03-31,93.72,773520.19,1103030.48,659020575.4,657917544.92,42.53,19,rotation (out of top-N),2026-03-30,103.25,,5,-1,,82.16,,182,2026-04-27,137.38,,5,-1,,105.11,,210
SELL,728,AEHR,2026-04-14,72.58,5408839.02,2026-04-07,49.32,133381.97,196273.25,125782551.43,125586278.18,47.08,5,equal-weight sizing trim,2026-04-06,70.39,,5,-1,,160.61,,273,2026-04-13,83.87,,5,-1,,191.66,,280
SELL,728,AEHR,2026-04-21,89.83,2039254.78,2026-04-07,49.32,50288.02,91588.03,82600014.82,82508426.79,82.04,10,equal-weight sizing trim,2026-04-06,70.39,,5,-1,,160.61,,273,2026-04-20,95.94,,5,-1,,211.71,,287
SELL,728,AEHR,2026-05-19,81.15,44204080.45,2026-04-07,65.06,1438032.87,1793580.56,711095386.55,709301805.98,24.66,30,ratchet-ATR exit,2026-04-06,70.39,,5,-1,,160.61,,273,2026-05-18,94.95,6,5,-1,0.0,146.54,9.59,315
SELL,729,SNDK,2026-04-14,963.27,165189.34,2026-04-07,722.59,59681.67,79560.97,39758596.23,39679035.26,33.24,5,equal-weight sizing trim,2026-04-06,851.04,5.4,5,-1,0.6,183.22,3.58,999,2026-04-13,920.79,5.6,5,-1,0.4,185.65,3.87,999
SELL,729,SNDK,2026-04-28,1026.99,131985.32,2026-04-07,755.9,49883.94,67774.13,35780396.53,35712622.39,35.8,15,equal-weight sizing trim,2026-04-06,851.04,5.4,5,-1,0.6,183.22,3.58,999,2026-04-27,1188.14,5.3,5,-1,0.7,217.11,3.46,999
SELL,729,SNDK,2026-05-19,1294.45,2843111.55,2026-04-07,848.5,1206194.73,1840132.87,1267876278.11,1266036145.23,52.48,30,ratchet-ATR exit,2026-04-06,851.04,5.4,5,-1,0.6,183.22,3.58,999,2026-05-18,1478.76,5.9,5,-1,0.1,206.4,4.35,999
SELL,730,AAOI,2026-04-14,152.73,1635052.57,2026-04-07,110.13,90034.17,124860.79,69653239.51,69528378.72,38.61,5,equal-weight sizing trim,2026-04-06,150.48,,5,-1,,247.36,,210,2026-04-13,159.41,,5,-1,,242.11,,217
SELL,730,AAOI,2026-06-09,206.05,26678763.68,2026-04-07,137.43,1833274.2,2748579.63,1830610850.97,1827862271.34,49.85,44,rotation (out of top-N),2026-04-06,150.48,,5,-1,,247.36,,210,2026-06-08,169.03,6,5,-1,0.0,122.38,9.44,273
SELL,731,CAR,2026-04-21,624.0,5881369.38,2026-04-14,354.99,1043913.66,1834987.25,1582147176.77,1580312189.52,75.69,5,rotation (out of top-N),2026-04-13,494.17,,5,1.9,,222.87,,7,2026-04-20,204.1,,5,3.1,,33.1,,14
SELL,732,SYRE,2026-04-28,73.0,32505118.43,2026-04-14,68.0,1105125.25,1186436.82,162623140.25,161436703.43,7.3,10,rotation (out of top-N),2026-04-13,72.9,,5,-1,,148.0,,182,2026-04-27,69.42,,5,-1,,116.77,,196
SELL,733,VICR,2026-04-28,252.95,1623707.83,2026-04-21,207.06,168102.47,205358.45,74511952.32,74306593.88,22.1,5,equal-weight sizing trim,2026-04-20,273.7,,5,-1,,144.37,,217,2026-04-27,268.56,,5,-1,,128.46,,224
SELL,733,VICR,2026-05-05,254.08,9971908.9,2026-04-21,207.06,1032391.73,1266831.31,468879156.26,467612324.95,22.65,10,rotation (out of top-N),2026-04-20,273.7,,5,-1,,144.37,,217,2026-05-04,256.99,5.8,5,-1,0.2,109.13,4.26,231
SELL,734,MXL,2026-04-28,49.8,20733141.06,2026-04-21,33.63,348679.6,516255.21,335151225.31,334634970.1,47.99,5,equal-weight sizing trim,2026-04-20,60.36,,5,-1,,233.52,,238,2026-04-27,77.23,,5,-1,,293.63,,245
SELL,734,MXL,2026-05-05,80.19,9288220.83,2026-04-21,33.63,156204.65,372411.21,432413120.73,432040709.52,138.29,10,equal-weight sizing trim,2026-04-20,60.36,,5,-1,,233.52,,238,2026-05-04,99.86,6,5,-1,0.0,359.42,7.55,252
SELL,734,MXL,2026-06-09,82.4,57023682.44,2026-04-21,49.37,1407588.85,2349375.72,1883573723.68,1881224347.96,66.82,34,ratchet-ATR exit,2026-04-20,60.36,,5,-1,,233.52,,238,2026-06-08,84.5,6,5,-1,0.0,172.32,7.05,287
SELL,735,BE,2026-05-05,295.41,11023756.7,2026-04-28,228.7,1260566.58,1628263.98,735394809.63,733766545.65,29.1,5,rotation (out of top-N),2026-04-27,290.6,,5,-1,,145.21,,329,2026-05-04,261.1,6,5,-1,0.0,110.36,5.2,336
SELL,736,STX,2026-05-05,757.61,4453984.1,2026-04-28,566.04,1260566.58,1687191.45,853249733.34,851562541.89,33.78,5,rotation (out of top-N),2026-04-27,726.85,5.0,5,-1,1.0,130.29,2.93,336,2026-05-04,782.53,5.4,5,-1,0.6,136.17,3.61,343
SELL,737,INTC,2026-05-19,106.4,34108396.38,2026-04-28,83.83,1429569.14,1814566.69,769995098.93,768180532.24,26.87,15,ratchet-ATR exit,2026-04-27,99.66,6.0,5,-1,0.0,139.25,4.44,259,2026-05-18,119.85,5.9,5,-1,0.1,145.09,4.38,280
SELL,738,BAND,2026-05-05,44.99,30326123.34,2026-04-28,24.23,367400.98,682186.14,629570320.58,628888134.44,85.59,5,equal-weight sizing trim,2026-04-27,44.89,,5,1.4,,175.73,,35,2026-05-04,49.91,7.3,5,1.3,1.3,190.35,7.8,42
SELL,738,BAND,2026-05-19,56.52,10983015.71,2026-04-28,27.76,152417.98,310380.02,315924088.93,315613708.9,103.54,15,equal-weight sizing trim,2026-04-27,44.89,,5,1.4,,175.73,,35,2026-05-18,61.4,6.9,5,1.1,1.3,216.64,4.2,56
SELL,738,BAND,2026-06-09,69.98,2329006.68,2026-04-28,29.04,33813.6,81497.77,95368330.17,95286832.4,140.9,29,equal-weight sizing trim,2026-04-27,44.89,,5,1.4,,175.73,,35,2026-06-08,65.32,6.7,5,-0.3,0.7,180.12,4.9,77
SELL,738,BAND,2026-06-16,52.44,74852815.91,2026-04-28,29.04,1086747.96,1962640.83,1751785743.09,1749823102.26,80.51,34,rotation (out of top-N),2026-04-27,44.89,,5,1.4,,175.73,,35,2026-06-15,51.53,6.6,5,-0.4,0.6,112.99,7.27,84
SELL,739,MU,2026-05-12,773.18,5437933.65,2026-05-05,609.64,1657590.93,2102250.77,889319668.76,887217417.99,26.76,5,rotation (out of top-N),2026-05-04,747.1,5.2,5,-1,0.8,146.17,3.34,329,2026-05-11,724.09,6,5,-1,0.0,127.25,4.95,336
SELL,740,AGL,2026-05-12,59.16,53584265.79,2026-05-05,26.46,708919.84,1585022.58,1752205491.49,1750620468.9,123.47,5,equal-weight sizing trim,2026-05-04,53.99,8.0,5,2.0,2.0,149.85,6.48,0,2026-05-11,81.86,7.9,5,1.9,1.9,254.22,7.96,7
SELL,740,AGL,2026-05-19,84.71,21875145.8,2026-05-05,26.46,289408.18,926521.8,1274227242.98,1273300721.18,219.98,10,equal-weight sizing trim,2026-05-04,53.99,8.0,5,2.0,2.0,149.85,6.48,0,2026-05-18,86.18,7.8,5,1.8,1.8,250.7,6.14,14
SELL,740,AGL,2026-06-09,97.03,4027022.49,2026-05-05,35.37,71216.2,195381.06,248329733.72,248134352.65,174.21,24,equal-weight sizing trim,2026-05-04,53.99,8.0,5,2.0,2.0,149.85,6.48,0,2026-06-08,111.27,7.1,5,1.4,1.8,274.85,3.95,35
SELL,740,AGL,2026-06-16,110.72,3330401.64,2026-05-05,35.37,58896.75,184362.71,250931916.67,250747553.96,212.87,29,equal-weight sizing trim,2026-05-04,53.99,8.0,5,2.0,2.0,149.85,6.48,0,2026-06-15,113.08,7.3,5,1.3,1.3,255.1,6.13,42
SELL,740,AGL,2026-06-23,106.38,521767.38,2026-05-05,35.37,9227.24,27752.81,37051141.35,37023388.54,200.62,33,equal-weight sizing trim,2026-05-04,53.99,8.0,5,2.0,2.0,149.85,6.48,0,2026-06-22,117.31,6.6,5,1.2,1.8,244.57,3.57,49
SELL,740,AGL,2026-07-07,108.44,879282.06,2026-05-05,37.13,16324.35,47674.67,62700647.29,62652972.61,191.9,42,equal-weight sizing trim,2026-05-04,53.99,8.0,5,2.0,2.0,149.85,6.48,0,2026-07-06,115.21,6.4,5,-0.0,1.5,200.65,3.71,63
SELL,740,AGL,2026-07-21,121.96,2727687.7,2026-05-05,37.98,51801.66,166334.4,229065471.72,228899137.33,220.94,52,equal-weight sizing trim,2026-05-04,53.99,8.0,5,2.0,2.0,149.85,6.48,0,2026-07-20,97.67,6.7,5,-0.3,0.7,128.25,5.14,77
SELL,740,AGL,2026-07-28,91.36,48226607.31,2026-05-05,37.98,915874.03,2202991.42,2574234791.61,2572031800.19,140.41,57,ratchet-ATR exit,2026-05-04,53.99,8.0,5,2.0,2.0,149.85,6.48,0,2026-07-27,98.4,6.6,5,-0.4,0.6,120.38,5.53,84
SELL,741,DOCN,2026-06-09,171.69,30371303.29,2026-05-05,134.83,2047493.89,2607300.46,1119613137.43,1117005836.97,27.28,24,rotation (out of top-N),2026-05-04,164.07,6,5,-1,0.0,190.84,4.9,217,2026-06-08,170.15,6,5,-1,0.0,134.29,6.26,252
SELL,742,ICHR,2026-05-12,72.96,56515204.04,2026-05-05,58.66,1657590.93,2061674.64,808167417.79,806105743.14,24.32,5,rotation (out of top-N),2026-05-04,74.55,6.0,5,-1.0,0.0,139.21,4.52,119,2026-05-11,73.35,5.6,5,-1,0.4,125.28,3.84,126
SELL,743,STX,2026-05-19,716.36,5194179.97,2026-05-12,816.3,2120004.55,1860451.38,-519106345.75,-520966797.13,-12.29,5,rotation (out of top-N),2026-05-11,795.27,5.4,5,-1,0.6,128.86,3.63,350,2026-05-18,812.98,6,5,-1,0.0,123.35,5.0,357
SELL,744,VPG,2026-05-19,100.3,8814963.41,2026-05-12,83.3,367143.23,442070.41,149854377.94,149412307.53,20.35,5,equal-weight sizing trim,2026-05-11,97.4,5.7,5,-1,0.3,131.94,4.02,357,2026-05-18,113.84,6,5,-1,0.0,157.84,6.2,364
SELL,744,VPG,2026-06-02,126.01,820340.21,2026-05-12,83.3,34167.17,51685.54,35036730.45,34985044.92,51.2,14,equal-weight sizing trim,2026-05-11,97.4,5.7,5,-1,0.3,131.94,4.02,357,2026-06-01,117.24,5.6,5,-1,0.4,140.28,3.89,378
SELL,744,VPG,2026-06-09,129.2,718924.96,2026-05-12,83.3,29943.22,46442.55,32998655.66,32952213.11,55.02,19,equal-weight sizing trim,2026-05-11,97.4,5.7,5,-1,0.3,131.94,4.02,357,2026-06-08,139.65,5.7,5,-1,0.3,170.93,4.1,385
SELL,744,VPG,2026-06-16,143.17,1373345.58,2026-05-12,83.3,57199.84,98310.94,82222200.1,82123889.16,71.79,24,equal-weight sizing trim,2026-05-11,97.4,5.7,5,-1,0.3,131.94,4.02,357,2026-06-15,141.59,6,5,-1,0.0,160.78,5.1,392
SELL,744,VPG,2026-06-30,145.23,40956630.81,2026-05-12,85.34,1747685.65,2974065.75,2452760194.29,2449786128.54,70.09,33,rotation (out of top-N),2026-05-11,97.4,5.7,5,-1,0.3,131.94,4.02,357,2026-06-29,121.13,6,5,-1,0.0,105.66,5.24,406
SELL,745,SIMO,2026-06-02,271.44,18123523.57,2026-05-19,232.79,2109532.83,2459724.62,700383568.22,697923843.6,16.54,9,rotation (out of top-N),2026-05-18,276.75,6,5,-1,0.0,131.35,4.81,357,2026-06-01,257.43,6,5,-1,0.0,99.37,5.02,371
SELL,746,MU,2026-06-02,1049.62,1393340.92,2026-05-19,664.7,463076.86,731242.73,536331755.43,535600512.7,57.83,9,equal-weight sizing trim,2026-05-18,751.09,6,5,-1,0.0,124.62,5.05,343,2026-06-01,1031.9,6,5,-1,0.0,172.6,4.78,357
SELL,746,MU,2026-06-16,1099.38,199682.38,2026-05-19,685.88,68479.13,109763.41,82568550.73,82458787.32,60.21,19,equal-weight sizing trim,2026-05-18,751.09,6,5,-1,0.0,124.62,5.05,343,2026-06-15,1036.07,5.3,5,-1,0.7,145.65,3.39,371
SELL,746,MU,2026-06-23,1080.09,163568.54,2026-05-19,685.88,56094.24,88333.96,64479440.94,64391106.98,57.4,23,equal-weight sizing trim,2026-05-18,751.09,6,5,-1,0.0,124.62,5.05,343,2026-06-22,1193.03,5.3,5,-1,0.7,166.58,3.41,378
SELL,746,MU,2026-07-07,922.28,5132135.99,2026-05-19,703.25,1804599.94,2366633.19,1124066505.55,1121699872.36,31.08,32,rotation (out of top-N),2026-05-18,751.09,6,5,-1,0.0,124.62,5.05,343,2026-07-06,1009.78,5.8,5,-1,0.2,105.44,4.25,392
SELL,747,STX,2026-06-02,929.75,5889588.57,2026-05-19,716.36,2109532.83,2737922.49,1256779305.13,1254041382.65,29.72,9,rotation (out of top-N),2026-05-18,812.98,6,5,-1,0.0,123.35,5.0,357,2026-06-01,919.91,5.1,5,-1,0.9,129.47,3.21,371
SELL,748,PENG,2026-06-02,62.86,92645271.6,2026-05-19,45.54,2109532.83,2911840.89,1604616104.09,1601704263.21,37.96,9,rotation (out of top-N),2026-05-18,53.2,7.5,5,1.5,1.5,123.34,5.83,28,2026-06-01,59.84,7.3,5,1.3,1.3,134.66,6.46,42
SELL,749,DELL,2026-06-09,404.59,11188133.46,2026-06-02,464.53,2598611.82,2263303.46,-670616719.49,-672880022.95,-12.95,5,rotation (out of top-N),2026-06-01,461.52,6.5,5,-0.5,0.5,175.64,7.06,91,2026-06-08,395.91,6.4,5,-0.6,0.4,127.22,4.59,98
SELL,750,MRVL,2026-06-09,299.79,3007523.19,2026-06-02,253.75,381579.51,450812.69,138466367.77,138015555.08,18.08,5,equal-weight sizing trim,2026-06-01,263.4,6,5,-1,0.0,149.16,4.79,231,2026-06-08,279.62,6,5,-1,0.0,151.62,7.81,238
SELL,750,MRVL,2026-06-23,278.24,18746466.81,2026-06-02,256.83,2407346.01,2608008.46,401324898.17,398716889.71,8.28,14,rotation (out of top-N),2026-06-01,263.4,6,5,-1,0.0,149.16,4.79,231,2026-06-22,265.77,6,5,-1,0.0,117.82,4.56,252
SELL,751,SNDK,2026-06-16,2131.95,447266.36,2026-06-02,1748.98,391129.86,476774.76,171289789.37,170813014.61,21.84,10,equal-weight sizing trim,2026-06-01,1749.55,5.7,5,-1,0.3,208.97,3.99,999,2026-06-15,1948.5,5.5,5,-1,0.5,194.95,3.8,999
SELL,751,SNDK,2026-07-07,1614.93,2781972.91,2026-06-02,1767.73,2458885.12,2246345.76,-425078726.35,-427325072.11,-8.69,23,ratchet-ATR exit,2026-06-01,1749.55,5.7,5,-1,0.3,208.97,3.99,999,2026-07-06,1816.25,6,5,-1,0.0,125.51,5.7,999
SELL,752,ATEX,2026-06-16,82.0,78067020.04,2026-06-09,67.07,2617977.52,3200747.82,1165540609.22,1162339861.4,22.2,5,rotation (out of top-N),2026-06-08,82.57,5.7,5,-1,0.3,145.04,4.06,126,2026-06-15,74.41,6,5,-1,0.0,112.42,6.26,133
SELL,753,PENG,2026-06-16,63.72,79792060.87,2026-06-09,65.62,2617977.52,2541975.58,-152003875.95,-154545851.53,-2.95,5,rotation (out of top-N),2026-06-08,64.12,7.2,5,1.2,1.2,142.13,7.58,49,2026-06-15,67.23,7.1,5,1.1,1.1,144.39,4.77,56
SELL,754,AEHR,2026-06-16,113.03,1528819.35,2026-06-09,102.37,78252.62,86401.23,16297214.24,16210813.02,10.36,5,equal-weight sizing trim,2026-06-08,108.53,6,5,-1,0.0,145.1,8.77,336,2026-06-15,115.51,6,5,-1,0.0,148.38,6.62,343
SELL,754,AEHR,2026-06-23,103.0,49618538.61,2026-06-09,102.37,2539724.9,2555230.69,31011586.63,28456355.94,0.56,9,rotation (out of top-N),2026-06-08,108.53,6,5,-1,0.0,145.1,8.77,336,2026-06-22,91.69,6,5,-1,0.0,90.84,5.44,350
SELL,755,DOCN,2026-06-16,180.12,30495675.67,2026-06-09,171.69,2617977.52,2746440.55,256926067.52,254179626.97,4.85,5,rotation (out of top-N),2026-06-08,170.15,6,5,-1,0.0,134.29,6.26,252,2026-06-15,173.46,6,5,-1,0.0,128.04,5.36,259
SELL,756,WDC,2026-06-23,663.48,139187.36,2026-06-16,685.48,47705.07,46173.67,-3062817.76,-3108991.43,-3.26,4,equal-weight sizing trim,2026-06-15,710.22,5.9,5,-1,0.1,154.77,4.4,392,2026-06-22,738.78,5.9,5,-1,0.1,150.79,4.4,399
SELL,756,WDC,2026-06-30,633.5,8038409.7,2026-06-16,685.48,2755084.54,2546166.27,-417836536.03,-420382702.3,-7.63,9,rotation (out of top-N),2026-06-15,710.22,5.9,5,-1,0.1,154.77,4.4,392,2026-06-29,594.69,5.7,5,-1,0.3,93.85,3.98,406
SELL,757,MXL,2026-06-23,84.92,1077619.3,2026-06-16,87.75,47280.55,45755.72,-3049662.63,-3095418.35,-3.27,4,equal-weight sizing trim,2026-06-15,88.78,6,5,-1,0.0,170.22,4.65,294,2026-06-22,96.45,6,5,-1,0.0,176.66,5.54,301
SELL,757,MXL,2026-06-30,109.22,9012089.11,2026-06-16,87.75,395405.41,492172.72,193534613.62,193042440.9,24.41,9,equal-weight sizing trim,2026-06-15,88.78,6,5,-1,0.0,170.22,4.65,294,2026-06-29,93.03,6,5,-1,0.0,152.89,7.85,308
SELL,757,MXL,2026-07-14,95.04,61361466.17,2026-06-16,87.91,2697173.71,2915896.87,437446329.97,434530433.1,8.06,18,rotation (out of top-N),2026-06-15,88.78,6,5,-1,0.0,170.22,4.65,294,2026-07-13,71.81,6,5,-1,0.0,79.11,6.04,322
SELL,758,ICHR,2026-06-23,89.98,63329144.52,2026-06-16,88.52,2802789.61,2849178.21,92777196.73,89928018.51,1.6,4,rotation (out of top-N),2026-06-15,98.6,5.6,5,-1,0.4,145.83,3.9,161,2026-06-22,93.63,6,5,-1,0.0,122.99,5.03,168
SELL,759,ARM,2026-06-23,369.24,14023063.06,2026-06-16,399.74,2802789.61,2588937.9,-427703423.32,-430292361.22,-7.68,4,rotation (out of top-N),2026-06-15,439.19,7.0,5,-0.0,0.9,155.74,4.73,63,2026-06-22,334.54,6.8,5,-0.2,0.8,89.52,4.97,70
SELL,760,ATEX,2026-06-30,96.09,8612840.27,2026-06-23,76.42,329096.63,413825.44,169457632.3,169043806.86,25.68,5,equal-weight sizing trim,2026-06-22,89.96,6,5,-1,0.0,144.96,4.83,140,2026-06-29,105.16,6,5,-1,0.0,170.94,4.88,147
SELL,760,ATEX,2026-07-07,105.39,9287475.49,2026-06-23,76.42,354874.44,489403.52,269058164.8,268568761.28,37.84,9,equal-weight sizing trim,2026-06-22,89.96,6,5,-1,0.0,144.96,4.83,140,2026-07-06,101.05,5.7,5,-1,0.3,147.82,4.05,154
SELL,760,ATEX,2026-07-28,93.18,56356992.7,2026-06-23,78.66,2216423.39,2625672.29,818497800.75,815872128.46,18.41,24,ratchet-ATR exit,2026-06-22,89.96,6,5,-1,0.0,144.96,4.83,140,2026-07-27,92.82,5.0,5,-1,1.0,99.91,2.97,175
SELL,761,STX,2026-06-30,964.73,5417569.22,2026-06-23,983.95,2665308.62,2613232.23,-104152768.21,-106766000.44,-2.0,5,rotation (out of top-N),2026-06-22,1098.74,5.6,5,-1,0.4,137.28,3.92,392,2026-06-29,900.88,6,5,-1,0.0,87.61,4.85,399
SELL,762,INTC,2026-06-30,132.19,41096424.57,2026-06-23,129.71,2665308.62,2716268.18,101919132.94,99202864.76,1.86,5,rotation (out of top-N),2026-06-22,140.46,5.1,5,-1,0.9,130.36,3.13,315,2026-06-29,124.45,5.6,5,-1,0.4,96.92,3.86,322
SELL,763,BAND,2026-06-30,60.56,10031003.53,2026-06-23,49.8,249771.99,303763.86,107983752.95,107679989.09,21.56,5,equal-weight sizing trim,2026-06-22,56.82,6.5,5,-0.5,0.5,125.67,4.6,91,2026-06-29,61.53,5.8,5,-0.6,0.9,134.15,3.66,98
SELL,763,BAND,2026-07-07,61.94,8780852.69,2026-06-23,49.8,218643.23,271943.01,106599551.6,106327608.59,24.32,9,equal-weight sizing trim,2026-06-22,56.82,6.5,5,-0.5,0.5,125.67,4.6,91,2026-07-06,75.46,6.2,5,-0.8,0.3,171.8,4.4,105
SELL,763,BAND,2026-07-14,75.0,10290332.1,2026-06-23,49.8,256229.27,385913.18,259367820.67,258981907.49,50.54,14,equal-weight sizing trim,2026-06-22,56.82,6.5,5,-0.5,0.5,125.67,4.6,91,2026-07-13,71.58,5.5,5,-0.9,0.7,145.36,3.62,112
SELL,763,BAND,2026-07-28,56.41,85797921.29,2026-06-23,51.52,2210052.02,2419930.37,419756704.45,417336774.08,9.44,24,ratchet-ATR exit,2026-06-22,56.82,6.5,5,-0.5,0.5,125.67,4.6,91,2026-07-27,59.89,6,5,-1,0.0,90.93,5.06,126
SELL,764,DD,2026-07-07,140.39,4355128.1,2026-06-30,135.68,295451.89,305708.22,20512653.35,20206945.13,3.42,4,equal-weight sizing trim,2026-06-29,136.1,4.6,5,-1,1.4,198.3,2.41,308,2026-07-06,141.03,4.1,5,-1,1.9,191.82,1.67,315
SELL,764,DD,2026-07-21,136.85,43338270.2,2026-06-30,135.6,2938303.52,2965421.14,54235242.02,51269820.88,0.87,14,ratchet-ATR exit,2026-06-29,136.1,4.6,5,-1,1.4,198.3,2.41,308,2026-07-20,135.36,3.9,5,-1,2.1,153.26,1.42,329
SELL,765,PENG,2026-07-14,79.12,87535842.24,2026-06-30,67.54,2956188.94,3462917.92,1013457954.51,1009995036.59,17.08,9,rotation (out of top-N),2026-06-29,61.38,6.8,5,-0.2,0.8,109.76,5.64,70,2026-07-13,60.33,6.6,5,-0.4,0.6,91.47,7.52,84
SELL,766,SEZL,2026-07-07,180.5,4456410.75,2026-06-30,169.07,376733.82,402191.07,50914492.83,50512301.76,6.7,4,equal-weight sizing trim,2026-06-29,183.37,6.4,5,1.1,1.8,121.11,3.46,56,2026-07-06,179.25,6.9,5,-0.0,1.0,110.2,4.44,63
SELL,766,SEZL,2026-07-21,174.98,36057582.73,2026-06-30,167.96,3028084.78,3154677.91,253186256.61,250031578.7,4.13,14,rotation (out of top-N),2026-06-29,183.37,6.4,5,1.1,1.8,121.11,3.46,56,2026-07-20,153.81,6.7,5,-0.3,0.7,71.46,5.3,77
SELL,767,ICHR,2026-07-14,97.0,62129176.17,2026-06-30,104.52,3246984.95,3013265.04,-467439814.39,-470453079.44,-7.24,9,rotation (out of top-N),2026-06-29,98.32,6,5,-1,0.0,123.38,5.72,175,2026-07-13,82.82,6,5,-1,0.0,73.92,5.15,189
SELL,768,DELL,2026-07-14,443.72,450617.29,2026-07-07,400.89,90323.98,99973.95,19299938.67,19199964.71,10.63,5,equal-weight sizing trim,2026-07-06,425.84,6,5,-1,0.0,110.4,5.2,126,2026-07-13,421.42,5.7,5,-1,0.3,101.44,4.01,133
SELL,768,DELL,2026-07-28,402.0,331836.31,2026-07-07,400.48,66447.13,66699.1,503943.69,437244.6,0.33,15,equal-weight sizing trim,2026-07-06,425.84,6,5,-1,0.0,110.4,5.2,126,2026-07-27,442.36,5.4,5,-1,0.6,98.8,3.58,147
SELL,768,DELL,2026-08-04,447.4,776681.79,2026-07-07,400.48,155523.29,173743.72,36440862.2,36267118.48,11.66,20,equal-weight sizing trim,2026-07-06,425.84,6,5,-1,0.0,110.4,5.2,126,2026-08-03,471.82,6,5,-1,0.0,104.88,5.26,154
SELL,768,DELL,2026-08-05,462.68,13699172.3,2026-07-07,400.48,2743131.5,3169166.52,852070043.09,848900876.57,15.47,21,rotation (out of top-N),2026-07-06,425.84,6,5,-1,0.0,110.4,5.2,126,2026-08-04,471.82,5.7,5,-1,0.3,104.88,4.07,155
SELL,769,SIMO,2026-07-14,311.47,18182620.69,2026-07-07,300.4,2731075.08,2831670.43,201190697.9,198359027.46,3.63,5,rotation (out of top-N),2026-07-06,326.88,6,5,-1,0.0,109.14,6.12,406,2026-07-13,265.0,5.6,5,-1,0.4,64.79,3.89,413
SELL,770,FBRX,2026-07-21,49.82,14672147.04,2026-07-14,44.02,322933.96,365483.18,85098452.84,84732969.66,13.12,5,equal-weight sizing trim,2026-07-13,48.92,7.9,5,1.9,1.9,98.07,10.14,7,2026-07-20,54.7,7.8,5,1.8,1.8,112.29,6.45,14
SELL,770,FBRX,2026-07-28,76.55,42039846.11,2026-07-14,44.02,925297.01,1609075.11,1367556194.01,1365947118.9,73.81,10,equal-weight sizing trim,2026-07-13,48.92,7.9,5,1.9,1.9,98.07,10.14,7,2026-07-27,76.44,7.7,5,1.7,1.6,179.26,7.37,21
SELL,770,FBRX,2026-08-05,76.59,79896505.17,2026-07-14,45.61,1821891.6,3059636.67,2475490139.41,2472430502.74,67.85,16,rotation (out of top-N),2026-07-13,48.92,7.9,5,1.9,1.9,98.07,10.14,7,2026-08-04,76.6,4.7,5,1.5,4.3,164.49,0.25,29
SELL,771,SYRE,2026-07-21,99.36,2020808.8,2026-07-14,95.44,96438.05,100393.78,7911466.44,7811072.66,4.05,5,equal-weight sizing trim,2026-07-13,100.14,5.2,5,-1,0.8,99.02,3.33,273,2026-07-20,102.18,5.2,5,-1,0.8,95.34,3.34,280
SELL,771,SYRE,2026-08-04,97.62,59875093.42,2026-07-14,95.46,2857981.63,2922503.31,129043353.5,126120850.19,2.21,15,rotation (out of top-N),2026-07-13,100.14,5.2,5,-1,0.8,99.02,3.33,273,2026-08-03,95.17,5.2,5,-1,0.8,69.62,3.31,294
SELL,772,ORKA,2026-07-21,92.9,5096980.88,2026-07-14,85.41,217666.57,236754.76,38176386.76,37939632.0,8.72,5,equal-weight sizing trim,2026-07-13,92.8,5.0,5,-1,1.0,96.95,3.02,329,2026-07-20,92.12,6,5,-1,0.0,89.04,5.04,336
SELL,772,ORKA,2026-08-04,95.34,617396.13,2026-07-14,85.51,26398.06,29431.27,6066427.46,6036996.18,11.43,15,equal-weight sizing trim,2026-07-13,92.8,5.0,5,-1,1.0,96.95,3.02,329,2026-08-03,94.86,5.2,5,-1,0.8,82.31,3.34,350
SELL,772,ORKA,2026-08-05,99.37,64285815.91,2026-07-14,85.51,2748674.2,3194040.76,890733129.36,887539088.6,16.14,16,rotation (out of top-N),2026-07-13,92.8,5.0,5,-1,1.0,96.95,3.02,329,2026-08-04,94.86,5.0,5,-1,1.0,82.31,3.04,351
SELL,773,SNDK,2026-07-21,1510.99,3236546.71,2026-07-14,1805.27,2921420.34,2445202.95,-952434784.12,-954879987.07,-16.34,5,rotation (out of top-N),2026-07-13,1667.59,6,5,-1,0.0,97.54,7.25,999,2026-07-20,1430.2,6,5,-1,0.0,63.19,5.41,999
SELL,774,LQDA,2026-07-28,85.97,6522354.55,2026-07-21,79.22,258350.46,280379.72,44058505.01,43778125.29,8.47,5,equal-weight sizing trim,2026-07-20,86.23,4.9,5,-1,1.1,92.08,2.87,553,2026-07-27,86.66,5.8,5,-1,0.2,86.36,4.21,560
SELL,774,LQDA,2026-08-05,89.0,70345982.78,2026-07-21,79.52,2796918.44,3130396.23,666955581.88,663825185.65,11.87,11,rotation (out of top-N),2026-07-20,86.23,4.9,5,-1,1.1,92.08,2.87,553,2026-08-04,83.81,4.9,5,-1,1.1,74.64,2.86,568
SELL,775,MBX,2026-07-28,62.01,98110416.7,2026-07-21,59.92,2939388.08,3041668.19,204560218.82,201518550.63,3.43,5,rotation (out of top-N),2026-07-20,62.05,5.9,5,-1,0.1,75.84,4.39,343,2026-07-27,61.39,5.7,5,-1,0.3,68.67,3.99,350
SELL,776,ICHR,2026-07-28,73.0,65979530.51,2026-07-21,89.1,2939388.08,2408252.86,-1062270441.25,-1064678694.12,-18.11,5,rotation (out of top-N),2026-07-20,86.38,6,5,-1,0.0,75.46,5.06,196,2026-07-27,86.31,6,5,-1,0.0,69.82,5.22,203
SELL,777,DD,2026-08-05,143.73,46249108.01,2026-07-28,139.12,3217177.72,3323692.15,213028863.51,209705171.36,3.26,6,rotation (out of top-N),2026-07-27,138.68,3.7,5,-1,2.3,147.3,1.02,336,2026-08-04,141.42,4.9,5,-1,1.1,140.64,2.81,344
SELL,778,SEZL,2026-08-04,167.41,1153046.85,2026-07-28,154.02,88796.14,96515.79,15439297.28,15342781.49,8.64,5,equal-weight sizing trim,2026-07-27,158.6,5.1,5,-0.4,2.1,72.86,2.29,84,2026-08-03,163.35,5.5,5,-0.5,1.5,73.43,2.98,91
SELL,778,SEZL,2026-08-05,178.8,36610774.08,2026-07-28,154.02,2819395.71,3273003.2,907214981.67,903941978.47,16.03,6,rotation (out of top-N),2026-07-27,158.6,5.1,5,-0.4,2.1,72.86,2.29,84,2026-08-04,163.35,5.5,5,-0.5,1.5,73.43,3.0,92
SELL,779,TWST,2026-08-04,106.12,9908377.57,2026-07-28,85.96,425862.07,525738.51,199752891.82,199227153.31,23.39,5,equal-weight sizing trim,2026-07-27,92.69,6,5,-1,0.0,72.06,5.62,203,2026-08-03,100.85,6,5,-1,0.0,81.47,4.8,210
SELL,779,TWST,2026-08-05,105.77,57755462.58,2026-07-28,85.96,2482329.78,3054397.64,1144135713.62,1141081315.98,22.98,6,rotation (out of top-N),2026-07-27,92.69,6,5,-1,0.0,72.06,5.62,203,2026-08-04,100.85,6,5,-1,0.0,81.47,5.61,211
SELL,780,MU,2026-08-04,865.55,6910363.32,2026-07-28,841.69,2908191.85,2990649.76,164915820.52,161925170.76,2.78,5,rotation (out of top-N),2026-07-27,926.72,6,5,-1,0.0,69.98,5.23,413,2026-08-03,829.01,5.4,5,-0.4,0.0,47.95,8.8,420
SELL,781,ICHR,2026-08-04,75.98,79676489.03,2026-07-28,73.0,2908191.85,3026909.82,237435937.3,234409027.48,4.03,5,rotation (out of top-N),2026-07-27,86.31,6,5,-1,0.0,69.82,5.22,203,2026-08-03,80.17,5.7,5,-0.7,0.0,53.4,7.64,210
SELL,782,ATEX,2026-08-05,103.63,61431459.92,2026-08-04,99.72,3062972.59,3183071.1,240197008.3,237013937.21,3.87,1,rotation (out of top-N),2026-08-03,95.64,5.0,5,-1,1.0,97.94,2.95,182,2026-08-04,95.64,4.7,5,-1,1.3,97.94,2.62,183
SELL,783,AGL,2026-08-05,95.08,66391516.03,2026-08-04,92.27,3062972.59,3156252.67,186560160.03,183403907.36,2.99,1,rotation (out of top-N),2026-08-03,94.03,6.5,5,-0.5,0.5,102.19,4.47,91,2026-08-04,94.03,6.5,5,-0.5,0.5,102.19,4.74,92
SELL,784,CORT,2026-08-05,110.52,53994492.83,2026-08-04,113.45,3062972.59,2983735.67,-158473836.45,-161457572.12,-2.64,1,rotation (out of top-N),2026-08-03,112.8,7.1,5,1.1,1.1,81.07,6.36,56,2026-08-04,112.8,7.0,5,1.0,1.1,81.07,7.03,57
SELL,785,EA,2026-08-11,209.7,300432444.8,2026-08-05,209.7,31500341.84,31500341.84,0.0,-31500341.84,-0.05,4,rotation (out of top-N),2026-08-04,209.7,0.2,0.66,1.8,5.6,3.32,0.1,456,2026-08-10,209.7,0.2,0.64,1.8,5.7,3.2,0.04,462
SELL,786,ATEX,2026-08-18,88.5,67913286.33,2026-08-11,92.72,3148459.95,3005162.92,-286594068.3,-289599231.22,-4.6,5,rotation (out of top-N),2026-08-10,92.79,4.7,5,-1,1.3,84.9,2.55,189,2026-08-17,91.77,4.7,5,-1,1.3,76.77,2.54,196
SELL,787,DD,2026-08-25,137.18,45066173.8,2026-08-11,142.83,3218289.71,3090976.2,-254627031.63,-257718007.82,-4.0,10,ratchet-ATR exit,2026-08-10,141.61,3.9,5,-1,2.1,130.91,1.32,350,2026-08-24,136.74,3.5,5,-1,2.5,105.95,0.78,364
SELL,788,LQDA,2026-08-18,76.4,69109585.78,2026-08-11,91.11,3148459.95,2639986.18,-1016947554.74,-1019587540.92,-16.19,5,rotation (out of top-N),2026-08-10,91.14,4.3,5,-1,1.7,83.71,2.02,574,2026-08-17,77.78,4.4,5,-0.6,1.2,52.94,2.63,581
SELL,789,FBRX,2026-08-25,76.95,3182581.62,2026-08-11,76.83,122259.73,122449.83,380192.39,257742.56,0.11,10,equal-weight sizing trim,2026-08-10,76.82,4.5,5,1.4,4.4,151.28,0.05,35,2026-08-24,76.94,4.2,5,1.2,4.2,128.99,0.02,49
SELL,789,FBRX,2026-09-01,76.99,79897348.83,2026-08-11,76.83,3069278.21,3075648.44,12740461.17,9664812.73,0.16,15,rotation (out of top-N),2026-08-10,76.82,4.5,5,1.4,4.4,151.28,0.05,35,2026-08-31,76.94,4.1,5,1.1,4.1,128.99,0.0,56
SELL,790,DELL,2026-08-18,471.34,470812.06,2026-08-11,449.13,105727.91,110956.28,10456735.84,10345779.56,4.89,5,equal-weight sizing trim,2026-08-10,458.15,5.3,5,-1,0.7,92.42,3.45,161,2026-08-17,479.75,4.4,5,-1,1.6,94.41,2.08,168
SELL,790,DELL,2026-09-01,458.8,1142560.33,2026-08-11,448.98,256493.76,262103.34,11219157.08,10957053.74,2.14,15,equal-weight sizing trim,2026-08-10,458.15,5.3,5,-1,0.7,92.42,3.45,161,2026-08-31,456.99,4.4,5,-1,1.6,73.98,2.09,182
SELL,790,DELL,2026-09-03,484.61,12739052.26,2026-08-11,448.98,2859794.22,3086736.06,453883675.44,450796939.38,7.88,17,rotation (out of top-N),2026-08-10,458.15,5.3,5,-1,0.7,92.42,3.45,161,2026-09-02,456.99,5.8,5,-1,0.2,73.98,4.24,184
SELL,791,AGL,2026-08-25,96.27,2661570.96,2026-08-11,95.51,127109.16,128114.72,2011124.59,1883009.87,0.74,10,equal-weight sizing trim,2026-08-10,97.28,6.4,5,-0.6,0.4,100.48,6.41,98,2026-08-24,93.5,5.1,5,-0.9,1.1,78.04,3.01,112
SELL,791,AGL,2026-09-01,89.06,63863103.69,2026-08-11,95.51,3049922.52,2843664.35,-412516334.63,-415359998.98,-6.81,15,rotation (out of top-N),2026-08-10,97.28,6.4,5,-0.6,0.4,100.48,6.41,98,2026-08-31,87.77,5.0,5,-1.0,1.0,61.65,3.02,119
SELL,792,SYRE,2026-08-18,102.25,60269141.54,2026-08-11,104.48,3148459.95,3081259.86,-134400185.64,-137481445.5,-2.18,5,rotation (out of top-N),2026-08-10,105.31,3.9,5,-1,2.1,81.01,1.41,301,2026-08-17,104.67,3.7,5,-1,2.3,73.84,1.07,308
SELL,793,ORKA,2026-08-18,110.66,1261842.51,2026-08-11,106.78,67366.62,69817.75,4902258.14,4832440.4,3.59,5,equal-weight sizing trim,2026-08-10,105.13,4.6,5,-1,1.4,94.81,2.33,357,2026-08-17,112.69,4.1,5,-1,1.9,100.85,1.66,364
SELL,793,ORKA,2026-08-25,105.88,57711886.44,2026-08-11,106.78,3081093.34,3055267.27,-51652138.36,-54707405.63,-0.89,10,ratchet-ATR exit,2026-08-10,105.13,4.6,5,-1,1.4,94.81,2.33,357,2026-08-24,102.41,4.5,5,-1,1.5,76.76,2.25,371
SELL,794,AEHR,2026-08-18,136.44,13033935.38,2026-08-11,105.23,685780.51,889207.66,406854292.93,405965085.28,29.6,5,equal-weight sizing trim,2026-08-10,106.26,6,5,-1,0.0,83.88,6.01,399,2026-08-17,145.56,5.7,5,-1,0.3,138.93,4.1,406
SELL,794,AEHR,2026-08-25,98.5,46805653.22,2026-08-11,105.23,2462679.44,2305178.42,-315002046.15,-317307224.57,-6.44,10,rotation (out of top-N),2026-08-10,106.26,6,5,-1,0.0,83.88,6.01,399,2026-08-24,96.48,5.6,5,-0.7,0.1,53.57,4.34,413
SELL,795,TWST,2026-08-25,144.47,9956278.03,2026-08-11,123.21,613359.14,719191.74,211665208.86,210946017.12,17.2,10,equal-weight sizing trim,2026-08-10,124.78,5.0,5,-1,1.0,115.38,2.98,217,2026-08-24,140.66,5.1,5,-1,0.9,122.65,3.09,231
SELL,795,TWST,2026-09-03,133.27,43133859.95,2026-08-11,123.38,2660822.12,2874224.76,426805275.3,423931050.54,7.97,17,rotation (out of top-N),2026-08-10,124.78,5.0,5,-1,1.0,115.38,2.98,217,2026-09-02,139.1,5.1,5,-1,0.9,111.22,3.2,240
SELL,796,MXL,2026-08-25,66.23,80851224.25,2026-08-18,78.95,3191602.08,2677590.42,-1028023316.34,-1030700906.76,-16.15,5,rotation (out of top-N),2026-08-17,84.85,5.3,5,-1,0.7,79.67,3.51,357,2026-08-24,62.71,3.7,5,0.5,0.9,29.43,3.31,364
SELL,797,HPE,2026-08-25,53.28,114271467.14,2026-08-18,55.86,3191602.08,3044477.56,-294249027.89,-297293505.45,-4.66,5,rotation (out of top-N),2026-08-17,57.62,4.2,5,-1,1.8,79.47,1.82,140,2026-08-24,52.44,4.6,5,-1.0,1.4,59.33,2.44,147
SELL,798,CORT,2026-08-25,125.17,4846285.7,2026-08-18,118.29,286633.57,303316.91,33366677.02,33063360.11,5.77,5,equal-weight sizing trim,2026-08-17,117.22,4.6,5,-0.2,3.0,82.16,1.22,70,2026-08-24,123.28,4.8,5,-0.3,2.6,88.22,1.62,77
SELL,798,CORT,2026-09-01,113.85,49116045.48,2026-08-18,118.29,2904968.51,2795930.89,-218075241.92,-220871172.81,-3.8,10,ratchet-ATR exit,2026-08-17,117.22,4.6,5,-0.2,3.0,82.16,1.22,70,2026-08-31,113.33,4.6,5,-0.4,2.6,70.81,1.48,84
SELL,799,MAN,2026-09-01,62.55,6050940.65,2026-08-25,61.76,186853.05,189228.04,4749988.41,4560760.37,1.22,5,equal-weight sizing trim,2026-08-24,61.4,4.8,5,-0.3,2.7,77.96,1.57,77,2026-08-31,62.93,4.3,5,-0.4,2.9,77.82,1.07,84
SELL,799,MAN,2026-09-03,59.81,93447552.58,2026-08-25,61.76,2885660.42,2794549.06,-182222727.53,-185017276.59,-3.21,7,rotation (out of top-N),2026-08-24,61.4,4.8,5,-0.3,2.7,77.96,1.57,77,2026-09-02,62.93,4.3,5,-0.4,2.8,77.82,1.1,86
SELL,800,SYRE,2026-09-01,88.17,56636193.02,2026-08-25,108.5,3072513.47,2496664.98,-1151696984.97,-1154193649.95,-18.78,5,rotation (out of top-N),2026-08-24,108.22,4.0,5,-1,2.0,73.69,1.57,315,2026-08-31,89.25,3.5,5,0.0,1.5,39.91,2.2,322
SELL,801,MRNA,2026-09-01,139.4,737526.79,2026-08-25,144.03,53112.99,51405.62,-3414749.02,-3466154.64,-3.26,5,equal-weight sizing trim,2026-08-24,138.82,6,5,-1,0.0,170.55,7.62,252,2026-08-31,140.4,5.3,5,-1,0.7,159.17,3.51,259
SELL,801,MRNA,2026-09-03,145.94,41927382.9,2026-08-25,144.03,3019400.48,3059545.95,80290938.25,77231392.3,1.28,7,rotation (out of top-N),2026-08-24,138.82,6,5,-1,0.0,170.55,7.62,252,2026-09-02,140.4,5.0,5,-1,1.0,159.17,3.05,261
SELL,802,CAKE,2026-09-01,108.45,53584120.53,2026-08-25,114.68,3072513.47,2905598.94,-333829070.89,-336734669.83,-5.48,5,rotation (out of top-N),2026-08-24,114.65,4.1,5,-1,1.9,69.25,1.64,203,2026-08-31,109.45,3.8,5,-0.9,2.1,57.95,1.33,210
SELL,803,ATEX,2026-09-01,90.04,65623952.82,2026-08-25,93.64,3072513.47,2954390.36,-236246230.16,-239200620.51,-3.89,5,rotation (out of top-N),2026-08-24,90.5,5.8,5,-1,0.2,68.62,4.25,203,2026-08-31,86.05,4.0,5,-0.8,1.8,55.59,1.83,210
SELL,804,OKTA,2026-09-03,166.73,34257468.63,2026-09-01,170.53,2920877.42,2855873.87,-130007093.44,-132862967.31,-2.27,2,rotation (out of top-N),2026-08-31,173.05,4.7,5,-0.6,2.0,68.48,1.98,98,2026-09-02,173.05,4.8,5,-0.7,1.9,68.48,2.16,100
SELL,805,DD,2026-09-03,133.8,43583801.53,2026-09-01,134.03,2920877.42,2915756.32,-10242193.36,-13157949.68,-0.23,2,rotation (out of top-N),2026-08-31,134.57,3.6,5,-1,2.4,95.68,0.96,371,2026-09-02,134.57,3.6,5,-1,2.4,95.68,0.9,373
SELL,806,DK,2026-09-03,71.78,76422747.74,2026-09-01,76.44,2920877.42,2742621.36,-356512118.23,-359254739.59,-6.15,2,rotation (out of top-N),2026-08-31,74.39,4.7,5,-1,1.3,65.8,2.57,455,2026-09-02,74.39,5.0,5,-1,1.0,65.8,2.93,457
SELL,807,PBF,2026-09-03,74.5,77415250.96,2026-09-01,75.46,2920877.42,2883718.1,-74318640.92,-77202359.02,-1.32,2,rotation (out of top-N),2026-08-31,73.0,4.4,5,-1,1.6,65.26,2.05,378,2026-09-02,73.0,4.2,5,-1,1.8,65.26,1.85,380
SELL,808,TEAM,2026-09-03,191.46,30583502.63,2026-09-01,191.01,2920877.42,2927758.71,13762576.18,10834817.48,0.19,2,rotation (out of top-N),2026-08-31,194.11,6.1,5,1.8,3.4,83.02,2.02,14,2026-09-02,194.11,5.7,5,1.7,3.7,83.02,1.48,16
SELL,809,PAYC,2026-09-03,240.11,24197476.75,2026-09-01,241.42,2920877.42,2905028.07,-31698694.55,-34603722.62,-0.59,2,rotation (out of top-N),2026-08-31,239.35,5.1,5,1.5,4.0,63.11,0.87,28,2026-09-02,239.35,4.8,5,1.5,4.2,63.11,0.51,30
SELL,810,APGE,2026-09-11,135.08,429781663.73,2026-09-03,135.07,29025304.66,,4297816.64,4297816.64,0.01,5,end-of-sample mark-to-market,2026-09-02,135.07,2.1,5,-0.1,3.0,42.46,0.02,331,,,,,,,,,
