date,open,high,low,close,slope_open,slope_high,slope_low,slope_close,gap_top,gap_bot
2016-01-04,0.9985631169729844,1.0009891313077601,0.9879495288619419,1.0,,,,,,
2016-01-05,1.0026864549754855,1.0050081766674819,0.9950666457228159,1.0012486675312577,,,,,,
2016-01-06,0.9858998701563906,0.994672514780328,0.982283010656319,0.9888516193432515,,,,,,
2016-01-07,0.9704038507471645,0.9808294886714465,0.9608155133521192,0.9626811663343176,,,,,,
2016-01-08,0.969399816867754,0.9725497776010933,0.9509974192111236,0.9526413100707481,,,,,,
2016-01-11,0.9586250835753015,0.9601044870998338,0.9413100034673778,0.953386630556035,,,,,,
2016-01-12,0.962147711154607,0.9661661209743786,0.9483633826764469,0.9609780816646113,,,,,,
2016-01-13,0.965520267223572,0.9677286841821918,0.9327437888174253,0.9350557177416823,,,,,,
2016-01-14,0.9387675203483812,0.9584964048077452,0.9281680980114698,0.9515226679751237,,,,,,
2016-01-15,0.9248954122371669,0.9341170486282251,0.9163399417769262,0.9281675331290234,-0.007562927586341247,-0.006779307234649189,-0.00853040021036239,-0.007684349334929727,0.0009050421002805382,0.0008460508754326622
2016-01-19,0.9392835086405836,0.9400891186353888,0.9194757696482008,0.9285776940158749,-0.007054275126035393,-0.006837738491237722,-0.00819917548789429,-0.00715021322916747,0.0003124747379297478,0.0010489622587268209
2016-01-20,0.9143466272964812,0.9286219865338033,0.8939177680421015,0.9198047725344258,-0.006912386286363529,-0.0065155313515389045,-0.007957564162746173,-0.006145630690198886,-0.0003699006613400186,0.0018119334725472868
2016-01-21,0.922692909137659,0.9346416023010624,0.9135922611327186,0.9226955975082741,-0.006363565574457938,-0.005628132445694656,-0.006268994004594923,-0.004822637940986484,-0.0008054945047081714,0.001446356063608439
2016-01-22,0.9388818908514578,0.9443660656485813,0.9345416190908966,0.9436749201050286,-0.00519863247491498,-0.004405529249617048,-0.00403628293538546,-0.0032981241981833442,-0.0011074050514337042,0.0007381587372021154
2016-01-25,0.9409023831033203,0.9429268199645572,0.9274429299684015,0.9282316395528163,-0.00360834193667711,-0.0033714302164750266,-0.0025268412548484997,-0.0030549162215050317,-0.0003165139949699949,-0.0005280749666565321
2016-01-26,0.9323875777127728,0.9433746543666847,0.9291079652098629,0.9411845351565419,-0.0028553874420940125,-0.002783523732555037,-0.0012868982259636988,-0.0017596238399324804,-0.0010238998926225566,-0.00047272561396878164
2016-01-27,0.9376140345434911,0.9465290863568042,0.9233628744554664,0.9281528666789723,-0.0012644812713055687,-0.0014166625456206996,0.000257804990952745,-0.0005211488117223559,-0.0008955137338983437,-0.0007789538026751008
2016-01-28,0.9388512666619389,0.9399392112634489,0.9239143389260704,0.9350258594326158,0.0009161252573427326,-6.705354849910986e-05,0.0010943182941004566,-0.0002380594707737448,0.00017100592227463492,-0.0013323777648742013
2016-01-29,0.9389419659970866,0.9577540605734108,0.9384767027133961,0.9574910831708598,0.0016414231769758634,0.001975631306248119,0.002527119930600477,0.002368564311569927,-0.0003929330053218079,-0.0001585556190305498
2016-02-01,0.9520656003809815,0.9618903830677504,0.9481945965248977,0.9580024681752454,0.0021556339992410338,0.002627641451559006,0.003576491969037964,0.0033737284050705334,-0.0007460869535115275,-0.00020276356396743038
2016-02-02,0.9501197360956279,0.950273761975796,0.9357088024543774,0.9385043773959177,0.0031935775826078565,0.0027075092415496547,0.003767758858708143,0.002981068757049765,-0.0002735595155001101,-0.0007866901016583784
2016-02-03,0.944499938708999,0.9465396440208643,0.9215733841663527,0.9414167755255635,0.0021311797952178533,0.0016957721746152126,0.0012873721249136757,0.0020420823218216407,-0.0003463101472064281,0.000754710196907965
2016-02-04,0.9388274610770637,0.949719024469449,0.9345588329288718,0.9431638324599624,0.0009502982426187788,0.0010415798501231333,0.0004916958796704639,0.0011291478935004631,-8.756804337732983e-05,0.0006374520138299993
2016-02-05,0.9404915462777418,0.941103198980242,0.9188505851571753,0.9222575402157457,0.0007438800947414004,0.00038297433219512114,-1.8310280709817176e-05,0.00022639194071245392,0.00015658239148266722,0.0002447022214222711
2016-02-08,0.9100621905397477,0.9138562212819616,0.8962184426850898,0.9094945246314337,-0.0010071325847967492,-0.001818229782533554,-0.0020458485303553936,-0.00214247593058815,0.00032424614805459597,-9.66274002327564e-05
2016-02-09,0.899323888487019,0.9171894510497858,0.8977615043776227,0.9077927465653658,-0.003537704007628444,-0.0034553948445409533,-0.0034997387954222078,-0.003513525141954596,5.8130297413642746e-05,-1.3786346532388295e-05
2016-02-10,0.9147448270588889,0.9242280012106109,0.9076331244608019,0.9084400008408554,-0.004477930880543545,-0.004180947118835996,-0.004418226005248226,-0.005313298520542292,0.001132351401706296,-0.0008950725152940655
2016-02-11,0.8955137797068411,0.9055616384006772,0.8891473888372567,0.8992443797388303,-0.006107439316466531,-0.006093673459942705,-0.006117598132928385,-0.006917507886717343,0.0008238344267746372,-0.000799909753788958
2016-02-12,0.9089658259488065,0.9168114455645474,0.9035721563812691,0.9163792555246713,-0.0064718502810288585,-0.005788419482201192,-0.0056379229288853845,-0.0056556911766449764,-0.00013272830555621524,-1.776824775959196e-05
2016-02-16,0.9285242452249127,0.933669060396444,0.9223787364913322,0.9336306667624769,-0.004531182264958695,-0.0037916302866261506,-0.0030614892667736636,-0.0029204708818400755,-0.0008711594047860751,0.00014101838493358818
2016-02-17,0.9403964834118997,0.9522732637580105,0.9388457121217628,0.9503558016332615,-0.0017873121467301592,-0.0012124311299286097,-0.00010632368972083105,-0.00027742744709581167,-0.000935003682832798,-0.00017110375737498063
2016-02-18,0.9524048536468822,0.9529247063815569,0.9432348090802013,0.944995469121153,0.0013547644334946168,0.001129123678546144,0.002107862809288996,0.00212374046245111,-0.0009946167839049657,1.5877653162113883e-05
2016-02-19,0.9409587800571626,0.9467589120895511,0.9372969610298,0.9453795168852461,0.003398527400782844,0.0032689264360208615,0.0046013005453073115,0.004618948789961957,-0.0013500223539410958,1.7648244654645817e-05
2016-02-22,0.9539907892461331,0.9603614118594178,0.9534004656861145,0.9595253256851217,0.006238232076846802,0.005612175510509633,0.006892705312939645,0.006465137091181466,-0.0008529615806718328,-0.0004275682217581792
2016-02-23,0.9550344459691471,0.9566456685591549,0.9454434862753665,0.946299811849454,0.006942612579895052,0.005702849614442031,0.006822497093011062,0.006287335290054344,-0.0005844856756123127,-0.0005351618029567178
2016-02-24,0.9366411375467877,0.9529569485835224,0.9306096485042762,0.9518902363686949,0.005382716663306643,0.005295876161471319,0.005449374033673365,0.005854889170808317,-0.0005590130093369988,0.0004055151371349522
2016-02-25,0.954091982095627,0.9626104638019685,0.9486168097089471,0.9625040954662472,0.005350417274661173,0.005451149336789196,0.005318408450115686,0.00551001607763319,-5.886674084399409e-05,0.000191607627517504
2016-02-26,0.9681837156302942,0.9690246044024317,0.959678492379105,0.9611275031390044,0.004327752860961173,0.004246618568544543,0.004061653058534572,0.003821692364347491,0.0004249262041970516,-0.00023996069418708108
2016-02-29,0.9610098200554394,0.9667867453419133,0.9528565479611173,0.9528565479611173,0.002929740426903723,0.002900761832144732,0.002539520310217399,0.002074452228291599,0.0008263096038531332,-0.00046506808192580025
2016-03-01,0.9610202612970103,0.9777528647748821,0.9582375268302625,0.9776230353034042,0.002205355841319248,0.002671136844186436,0.0019672809429505576,0.002386056485105718,0.00028508035908071834,0.0004187755421551603
2016-03-02,0.9761464467799049,0.9823747539090996,0.9728489033409962,0.9822696751467112,0.0027036273603330344,0.00339954598003609,0.002855172120250256,0.0035328819848685564,-0.00013333600483246642,0.0006777098646183004
2016-03-03,0.9812218773725513,0.9854795554822446,0.9765184050771544,0.9849812656516962,0.003845965674392966,0.003975870889916885,0.003823664508033472,0.00408342208999365,-0.00010755120007676505,0.0002597575819601782
2016-03-04,0.986133237713573,0.9927419690469526,0.9807276169157793,0.9874665361782996,0.004143827540761634,0.004142670264457874,0.004222456204903375,0.004310449268351284,-0.00016777900389340974,8.7993063447909e-05
2016-03-07,0.9829045400454336,0.9910203730868312,0.9792458345821445,0.9872985768453695,0.00458681005411576,0.0045650273354390985,0.0050875581953780565,0.004961223260140151,-0.00039619592470105207,-0.00012633493523790586
2016-03-08,0.9814557605580688,0.9849563785029466,0.9754615885394793,0.976698580380508,0.004669875640004854,0.004037281073010138,0.004902504272554098,0.0038154692355860283,0.0002218118374241098,-0.0010870350369680693
2016-03-09,0.9814885529974172,0.9840944331661864,0.9766093522538047,0.9821609534068713,0.0032082509842596366,0.0028734448248212835,0.0034272773401465657,0.002971887877012573,-9.844305219128963e-05,-0.0004553894631339926
2016-03-10,0.9856813223460333,0.9903867016625278,0.9705926399522031,0.9816539007721748,0.0025951074392630133,0.002318966847569712,0.0022667713473627235,0.0024413219262236926,-0.00012235507865398067,0.00017455057886096902
2016-03-11,0.9908371540218501,0.9983834137154626,0.989635220247618,0.9980719365527994,0.002819738884950496,0.002291600866441709,0.0026160233639362005,0.0024823935258232663,-0.00019079265938155713,-0.00013362983811293421
2016-03-14,0.9945765688864068,0.9997393028306827,0.9929981464392527,0.9973653853248362,0.002495491577150076,0.0018331375140726014,0.002330799570751023,0.0014857176415681947,0.0003474198725044067,-0.0008450819291828282
2016-03-15,0.9917671793843457,0.9956825960197423,0.9895810078063507,0.9951820573980842,0.0016118312419362941,0.001485048934349883,0.0017313534921610534,0.0014815492403249422,3.4996940249407225e-06,-0.00024980425183611116
2016-03-16,0.9927213530329356,1.004057981807441,0.9920871459121993,1.0018038901286443,0.0014159391914163263,0.0016845954459966247,0.0018627766415621777,0.0019355110733971915,-0.0002509156274005668,7.273443183501379e-05
2016-03-17,1.0009701823035866,1.0094118634960276,0.9978171629075032,1.0069315592830963,0.0018074373678594329,0.002120331634644527,0.002318188802557664,0.002613158288172693,-0.0004928266535281661,0.00029496948561502905
2016-03-18,1.0099305015475797,1.0125472777366975,1.0064195350380913,1.0104452914295978,0.002775730859969847,0.0029211627405666715,0.0032652686225802356,0.0033820841565745646,-0.00046092141600789305,0.00011681553399432894
2016-03-21,1.0084783910746604,1.0134685960527694,1.0073808879290362,1.0123736217454018,0.0031611201322389285,0.0034174101610574374,0.0038545831947476438,0.0039664640230213325,-0.0005490538619638951,0.00011188082827368875
2016-03-22,1.0076100607091951,1.015769804194807,1.0063424555467715,1.012872257589554,0.003092574557788896,0.0033628120477526284,0.0037939419814393915,0.003567435839067062,-0.00020462379131443338,-0.00022650614237232965
2016-03-23,1.0111956585169142,1.0114315471885422,1.003655371595957,1.0049679614225862,0.0029047713881876587,0.002640622642663184,0.003288936594104872,0.0026629536149260875,-2.2330972262903526e-05,-0.0006259829791787847
2016-03-24,0.9989988712494614,1.0047714167535877,0.9973566074896126,1.0046657402362889,0.0019711207421543517,0.0016432790042431565,0.0017114175645944597,0.0014317345078168338,0.00021154449642632272,-0.000279683056777626
2016-03-28,1.007159757244239,1.0078602020431129,1.001776337178094,1.0045297296924796,0.0016649066087278748,0.00117316851737397,0.0013200683252117772,0.001008700975037022,0.0001644675423369481,-0.0003113673501747552
2016-03-29,1.002511067913016,1.0160882360927543,1.0001171310926127,1.0158138655601092,0.0011565721909640558,0.001127382333892018,0.0009152469614515129,0.0010757860666312218,5.159626726079628e-05,0.00016053910517970893
2016-03-30,1.0211919583774456,1.024990399226077,1.0180581624241483,1.020037373054233,0.0013837270556485719,0.0010985526762004644,0.0011749273414196047,0.001004071156905998,9.448151929446636e-05,-0.0001708561845136067
2016-03-31,1.0199461080275063,1.022596568232527,1.0171619416767688,1.0185654955390688,0.001249874035477549,0.0011422633719032687,0.001207621195341172,0.0009922509810437288,0.00015001239085953998,-0.00021537021429744317
2016-04-01,1.0123207238097138,1.0265976950693365,1.0101815717244695,1.0258378071470962,0.0009200158882028116,0.0015364326570337372,0.0009376318119809906,0.0015157759830624802,2.0656673971257032e-05,0.0005781441710814896
2016-04-04,1.0253882750982646,1.0261411665189768,1.019680348423321,1.021621566847401,0.0017627055607379305,0.0019064148909370144,0.0016093773746341416,0.0018144064104525033,9.20084804845111e-05,0.00020502903581836175
2016-04-05,1.014650417122982,1.0171318822774913,1.0103808170775086,1.011847397667028,0.001735519572175928,0.0016816284323485505,0.0016772288337577345,0.0015729856864175602,0.00010864274593099031,-0.0001042431473401743
2016-04-06,1.0124981948076792,1.0243704485458054,1.010890377126646,1.0240484530977256,0.0014582385111624933,0.001960683267867938,0.0016672828743381726,0.0020366979400717107,-7.60146722037728e-05,0.0003694150657335381
2016-04-07,1.0177023498909425,1.0198770877577703,1.00668171679189,1.0110396255539345,0.001644610198253976,0.0016011783284586947,0.0011935083716973303,0.001128415667985804,0.0004727626604728906,-6.509270371152622e-05
2016-04-08,1.0175290483213315,1.0205464012271854,1.0099426633503668,1.013010747157087,0.0009295409349422068,0.0007318025120905446,0.00044100310217549406,0.000233905111756907,0.0004978974003336376,-0.00020709799041858707
2016-04-11,1.0171116667451083,1.0217413859286886,1.0103763468362617,1.0104966767524253,0.0005111562632231942,-5.7685234270880046e-05,-0.00014575631143822293,-0.0009079555260808065,0.0008502702918099265,-0.0007621992146425836
2016-04-12,1.0116882967585128,1.0217932898347553,1.008108237527917,1.0200160024132259,-0.000633590417735523,-0.00046406302954439695,-0.0010710870585775858,-0.0008506311253049426,0.0003865680957605456,0.00022045593327264324
2016-04-13,1.0264108073385136,1.0329106196817799,1.0251191676783191,1.0322295888109512,0.0001588624930496338,0.0002602843606715911,3.0657970827917645e-05,0.00010352107128095221,0.00015676328939063892,7.286310045303456e-05
2016-04-14,1.0322838658632636,1.035101199944421,1.0276682188779622,1.0321785365518636,0.0011253485853577072,0.0008485265419379823,0.0011261061642774924,0.000808978998096973,3.954754384100925e-05,-0.0003171271661805194
2016-04-15,1.031984022594365,1.0332217323101451,1.0286050432507043,1.030766483787056,0.0014175720625911228,0.0014494228024324479,0.0016799470575876772,0.0017572300811520395,-0.0003078072787195917,7.72830235643623e-05
2016-04-18,1.027741204088551,1.0377108107670445,1.026788061216431,1.037373715302322,0.002111196146202896,0.002184451290663401,0.002544616813482329,0.0027250513888181687,-0.0005406000981547678,0.00018043457533583988
2016-04-19,1.0397887302368074,1.042648794534423,1.0336628405763373,1.038973402978867,0.002717580469969981,0.002447967286493928,0.00307815168361334,0.0029375819764537623,-0.0004896146899598343,-0.00014056970715957753
2016-04-20,1.039503759126163,1.044678651311689,1.0364629888278378,1.0401702587961759,0.0028602326016656738,0.002995477921312252,0.0035161862374192524,0.003699999239663752,-0.0007045213183515002,0.00018381300224449984
2016-04-21,1.0402346853630042,1.0422165164071546,1.0334491930826368,1.0361791257120243,0.0030623569358492384,0.0028629728692156505,0.0031992835258220836,0.003182047338413334,-0.00031907446919768366,-1.7236187408749444e-05
2016-04-22,1.0310623657569087,1.035185512236766,1.0262500250298592,1.0323346434202498,0.002479500272064896,0.0021207984433693474,0.0023826410995991683,0.0022810832959055134,-0.00016028485253616592,-0.00010155780369365498
2016-04-25,1.0292039126045094,1.031156372018707,1.0255099982206712,1.0304804927302427,0.001603407786576293,0.001061074609855424,0.0013568808170318133,0.000877150021957271,0.00018392458789815293,-0.00047973079507454227
2016-04-26,1.0325559096142214,1.0349564354060703,1.0275902708011864,1.0311009808691538,0.00040202082542741755,9.796617799584787e-05,0.00010994446212521406,-0.00010054480615235301,0.00019851098414820086,-0.00021048926827756706
2016-04-27,1.0271141274339233,1.0335033967094027,1.023934018775756,1.031272703004113,-0.0003676306748371605,-0.00036279686656292436,-0.00043850766927222226,-0.00038899725439680026,2.6200387833875895e-05,4.9510414875422e-05
2016-04-28,1.0279935411064791,1.0341591625354771,1.0184213437233918,1.02076770935485,-0.0007063020136809339,-0.0006489373579794117,-0.0011033489792761874,-0.0012422542243361121,0.0005933168663567004,-0.00013890524505992476
2016-04-29,1.018192920571086,1.0202632151800137,1.007867313490038,1.015029867087356,-0.00154753826926927,-0.001806917821264493,-0.002169326372255181,-0.0023643082029196722,0.0005573903816551793,-0.00019498183066449107
2016-05-02,1.0177122748265457,1.0240409894293152,1.0142591004449846,1.0230509918358457,-0.0025306812595137264,-0.002302493038914002,-0.0027564265546957153,-0.002417617316026075,0.00011512427711207317,0.0003388092386696403
2016-05-03,1.0158687559887818,1.0176097072157673,1.0093014262194868,1.0129376520201443,-0.002689648633909963,-0.002653971746292664,-0.0030037605160915127,-0.002742308531958922,8.83367856662578e-05,0.00026145198413259074
2016-05-04,1.0076387897615071,1.0113937618762778,1.0038877879479722,1.0064244256479407,-0.0030265822493153395,-0.0029056741437814273,-0.003064417416659582,-0.0030268913929947425,0.0001212172492133152,3.7526023664839585e-05
2016-05-05,1.0095439385842138,1.0119977074514437,1.0039042892191667,1.0062075029188529,-0.0028246281875151154,-0.0028851231770433013,-0.0029302430444805515,-0.0031803415400365443,0.00029521836299324297,-0.00025009849555599276
2016-05-06,1.0016958474926052,1.0103662777512898,1.00047754044112,1.0101022047927135,-0.0032902307434963885,-0.003056004302815712,-0.003104806732035069,-0.003014359825008228,-4.1644477807484086e-05,9.044690702684132e-05
2016-05-09,1.0096400811383144,1.014313030765617,1.0076557129971495,1.0108290907375588,-0.0030904505439407082,-0.0029793781334290486,-0.002624775102736996,-0.0026628557271399034,-0.0003165224062891452,-3.8080624402907215e-05
2016-05-10,1.0144608224683236,1.024066152131593,1.0135777525617196,1.0236525786761002,-0.00216711699887409,-0.0019132642545820113,-0.0014666227163853453,-0.0013323239628457448,-0.0005809402917362665,0.00013429875353960044
2016-05-11,1.0216239747996367,1.0244893602098013,1.0150169537944755,1.0154819230122447,-0.0009965171429569578,-0.0007889321115562727,-0.00030386987370640357,-0.0003457325203942633,-0.0004431995911620094,-4.1862646687859716e-05
2016-05-12,1.0190327646732478,1.0197617530308456,1.0078641162934092,1.01397315003966,0.0001579188616219112,0.00023050931919928378,0.00020930216216622196,4.9632698351654406e-05,0.0001808766208476294,-0.00015966946381456757
2016-05-13,1.0124108127886509,1.0165512791559204,1.0043945040663855,1.0063564178651971,0.00040639826023572797,0.0003229515573781042,-4.2413000446847e-05,-0.00027062472461284424,0.0005935762819909485,-0.00022821172416599724
2016-05-16,1.0073114797851663,1.02001999570849,1.006437477735676,1.0170335841584817,0.00041477532759842976,0.0009014412971546748,0.000285520554366332,0.0006313831088909247,0.00027005818826375007,0.0003458625545245927
2016-05-17,1.0153776565031145,1.0175079911768607,1.0038802197926215,1.0069910682494159,0.0008662946575604614,0.0009628997781916151,0.00023826324524407134,0.00038433296785178795,0.0005785668103398271,0.0001460697226077166
2016-05-18,1.0048791622886286,1.0147569596523094,1.0015978326128394,1.0084935002974211,0.00020245715443728115,0.0004611385599707795,-0.00022868553509618742,-0.0001429016224039294,0.0006040401823747089,8.578391269225804e-05
2016-05-19,1.0045627461067195,1.0072952591691253,0.9971981598954719,1.0045757741608217,-0.00031817946166560904,-0.00044812749809184575,-0.0009067593445449425,-0.0009233715735585674,0.0004752440754667216,-1.6612229013624846e-05
2016-05-20,1.0087036622076146,1.0157816570821947,1.0077777003568729,1.0125238295407215,-0.0010757759089481899,-0.0009462617314237507,-0.0011549308131362228,-0.0009908859092730348,4.462417784928418e-05,0.00016404490386318798
2016-05-23,1.0125430034557843,1.015101934765822,1.009891475923273,1.01076643341161,-0.0011792813749804138,-0.0012839958214318173,-0.000897747382440098,-0.0011351521799252099,-0.00014884364150660745,-0.0002374047974851119
2016-05-24,1.0156557500083552,1.0277324994953678,1.0155531653708425,1.0259011554516668,-0.0008268048472653692,-0.00029214439876570084,3.595795362662002e-05,0.000401770521158156,-0.0006939149199238568,0.00036581256753153595
2016-05-25,1.0295696852529668,1.0365269897616336,1.0290253142621126,1.033889004271455,0.0007476731214550442,0.0011631797907436488,0.001776510125835769,0.0018024282132994044,-0.0006392484225557556,2.59180874636355e-05
2016-05-26,1.0345866311630678,1.0366714563086599,1.0318150294065382,1.0343970055371552,0.002326743701654068,0.002165299500562447,0.003022574436546898,0.00290709406407368,-0.0007417945635112334,-0.0001154803724732179
2016-05-27,1.0353881137163925,1.039287978945181,1.0349645021987135,1.039254018637701,0.003319536338033189,0.002891140934919936,0.0039188065921432315,0.003521343872368141,-0.0006302029374482048,-0.00039746271977509056
2016-05-31,1.0408486054178705,1.0425434330184613,1.034997660018826,1.039217400224034,0.003991705704227394,0.0037502040005457067,0.004582500168821691,0.004446648601620894,-0.0006964446010751871,-0.00013585156720079695
2016-06-01,1.0357904000458222,1.0423774446023406,1.0340958700060587,1.0409986703920202,0.004519207460019098,0.004159734822456631,0.0046803373088043715,0.0045307177210618145,-0.0003709828986051839,-0.00014961958774255702
2016-06-02,1.0385524682208107,1.0438933041274034,1.03520916992092,1.0438064021143578,0.004250040671144959,0.004167098869243559,0.004320490447752348,0.004455884620768721,-0.00028878575152516215,0.00013539417301637342
2016-06-03,1.0412584225371242,1.0425459747812746,1.0333385862254378,1.0401134257681057,0.0036992156942796486,0.0032503577137252032,0.003157890085084908,0.0034903995310651055,-0.00024004181733990222,0.0003325094459801976
2016-06-06,1.0418696831984902,1.0479361457239715,1.0411777757283254,1.0455020229053873,0.003012997203483011,0.0027661043418658565,0.0026901188008505985,0.0029179488668152126,-0.00015184452494935606,0.00022783006596461403
2016-06-07,1.0466573339923897,1.049864978667273,1.0451695594782116,1.0462904406700058,0.0024418670090088647,0.0019519938410735263,0.002176150148352491,0.0018716073888199124,8.03864522536139e-05,-0.0003045427595325784
2016-06-08,1.0476283805595141,1.0505653711356822,1.0459321563546957,1.0493037502802696,0.0017177123909540438,0.0015967539853586903,0.001653610518289195,0.0015680156951652661,2.8738290193424136e-05,-8.559482312392886e-05
2016-06-09,1.0449920218494497,1.0483121885548279,1.0428491042822858,1.0471875688956542,0.0013898050347042534,0.0014281505321929837,0.0014928174772233297,0.0013978513645344184,3.0299167658565324e-05,-9.49661126889113e-05
2016-06-10,1.038922751225581,1.0409241697473515,1.03340350355987,1.0367550512513806,0.0008783722008988683,0.0007233444436552326,0.0008352297697731835,0.0005313126452723001,0.00019203179838293242,-0.00030391712450088336
2016-06-13,1.0325227040598823,1.0376059651189211,1.0275257746223012,1.0282573279528866,1.8719024488982597e-05,-3.956782386145207e-05,4.77492863784566e-05,-0.0005035197528315867,0.00046395192897013464,-0.0005512690392100433
2016-06-14,1.025815890988597,1.0302024111056105,1.0201472129916687,1.026334030440779,-0.0008079953010862927,-0.0009688919923550594,-0.0010498212788443374,-0.0015124072951153322,0.0005435153027602729,-0.0004625860162709948
2016-06-15,1.0287541442728985,1.0316714333469181,1.0233219449510622,1.024579486602788,-0.001629440236814727,-0.0016795654249690149,-0.0018543385619555139,-0.002342083826050967,0.0006625184010819519,-0.0004877452640954529
2016-06-16,1.0197193982591226,1.0286627320665942,1.0136606910574797,1.0280680758239966,-0.0026742636734720213,-0.0023235227014398144,-0.0029810203048774493,-0.0025952711478044433,0.0002717484463646289,0.000385749157073006
2016-06-17,1.0273934840943948,1.028241383899414,1.0189848614308317,1.02287249235319,-0.0028918240197034115,-0.0028956715669434634,-0.0036808046512130563,-0.0031872847632870727,0.00029161319634360937,0.0004935198879259836
2016-06-20,1.0342450400320677,1.038075504834195,1.0284266826660742,1.0291013805688185,-0.00252685256230122,-0.0023986801261051973,-0.0031689833900446765,-0.0028713200194934283,0.000472639893388231,0.0002976633705512482
2016-06-21,1.0314528173194624,1.0345232513370028,1.028306333591184,1.032147558252384,-0.001902587525188172,-0.0018473361841691192,-0.0022430490034263677,-0.0021378432803299025,0.0002905070961607833,0.00010520572309646523
2016-06-22,1.0328746537047726,1.0379295043409038,1.0294691441544,1.0301816995936,-0.0009517341665477571,-0.0008775434613351588,-0.0009984460562969984,-0.0011392790101415965,0.0002617355488064377,-0.00014083295384459816
2016-06-23,1.0389126229079555,1.044790483601848,1.035840317311957,1.044683667034763,0.00033153877225884366,0.0004694343436118772,0.0005876902849056836,0.0007410053395196672,-0.00027157099590779005,0.0001533150546139837
2016-06-24,1.0081150711588813,1.0243232500178612,1.0028608413905655,1.0047670437390017,-0.0003959831054268909,0.00025017033503065683,-0.00016980559994277995,-0.0002211315231043992,0.000471301858135056,-5.132592316161924e-05
2016-06-27,0.9973433125434572,0.9973433125434572,0.9807480578682475,0.9851946336986952,-0.0017642988390405214,-0.0014607169991468609,-0.0021550878222185827,-0.0024296358501007965,0.0009689188509539356,-0.0002745480278822138
2016-06-28,0.9961819556322472,1.0041559962834992,0.9935204856314286,1.0039452717483615,-0.0032166653178188663,-0.0028055415171735374,-0.0033685936478896625,-0.0032216258842353972,0.0004160843670618598,0.00014696776365426528
2016-06-29,1.0119621986148486,1.0233569515512242,1.011570073544514,1.0218840658138988,-0.003253208501546134,-0.002689392267272143,-0.0030631794887633055,-0.002880726938025943,0.0001913346707538002,0.00018245255073736245
2016-06-30,1.0245715480132946,1.036471090364153,1.0210851167884212,1.0360637073026067,-0.0030007466564820093,-0.001957724842678726,-0.002740399637643892,-0.001501148619638039,-0.00045657622304068704,0.001239251018005853
2016-07-01,1.0352834695647222,1.0419573528953576,1.035013896654566,1.0386303986218688,-0.001711206395402747,-0.0010495433796202053,-0.0013929165050681673,-0.00042485793314549057,-0.0006246854464747147,0.0009680585719226767
2016-07-05,1.0339144630814001,1.0343452723469895,1.0264977725354336,1.0307564654734778,-0.00013520500690621687,-6.721241743810799e-05,-7.478582056511764e-05,0.0004461997806139472,-0.0005134121980520552,0.0005209856011790648
2016-07-06,1.0274775617565954,1.0382746896122808,1.0231790801665988,1.0378659807586696,0.0009075514854656711,0.0009378484350041051,0.0010776827373802042,0.0018880661142317433,-0.0009502176792276382,0.0008103833768515391
2016-07-07,1.0390537732506226,1.0432725428942833,1.0334214931889427,1.0378717152437855,0.002724711703961143,0.002397131020963758,0.002928497599844568,0.0031298737818304294,-0.0007327427608666715,0.00020137618198586135
2016-07-08,1.0446218438628785,1.0548286439242558,1.0436366222785733,1.0537053006933028,0.005173217726417914,0.00487938090409541,0.005713338937889041,0.0061089170833568615,-0.0012295361792614519,0.0003955781454678207
2016-07-11,1.056975263502049,1.061694294461697,1.0559461428288173,1.0583300574248573,0.006173173843437553,0.0062499639070349375,0.0068764762752284,0.006569758487995637,-0.00031979458096069967,-0.0003067177872327631
2016-07-12,1.06394797669602,1.0682168518591626,1.0624104585983931,1.0659666047118368,0.006243097774334391,0.00572467791282947,0.0062745688871385505,0.005493062848802488,0.00023161506402698175,-0.0007815060383360621
2016-07-13,1.0682259515765775,1.0689246394459164,1.0631400931169253,1.0656712144196594,0.005661612733089302,0.004833104226441185,0.0055741076481486415,0.004671243354399939,0.00016186087204124542,-0.0009028642937487022
2016-07-14,1.0723388393649582,1.0744721608292738,1.0694869741695112,1.071745542759862,0.0054832226676950055,0.004739111837449003,0.0055792717518630885,0.004628477220240647,0.00011063461720835655,-0.0009507945316224418
2016-07-15,1.074076614243325,1.075002679083586,1.0677547154880764,1.0705344729872237,0.00550840554647033,0.004928754434365475,0.005422262196790095,0.004860580628688122,6.817380567735246e-05,-0.0005616815681019731
2016-07-18,1.0711001657969936,1.075509916220676,1.0698398629944248,1.0744539882475792,0.005485303386389053,0.005044765786664946,0.005741881179204475,0.005059761070383167,-1.499528371822021e-05,-0.0006821201088213083
2016-07-19,1.07187923349955,1.07355316510695,1.069442771971482,1.0720628492792046,0.004979286956864876,0.004139875486199448,0.00504996611800275,0.004169361544810976,-2.9486058611527532e-05,-0.0008806045731917745
2016-07-20,1.075287709840062,1.0809775993930513,1.073718685899212,1.0793194614519594,0.0037698816282828607,0.003426668294662395,0.0038494911199542944,0.0036480614742718212,-0.00022139317960942614,-0.00020142964568247313
2016-07-21,1.0793350309151972,1.080939785794927,1.073346184756217,1.0758283700360174,0.002973469753904384,0.00252697773438212,0.002698924130957964,0.0024342541019521597,9.272363242996025e-05,-0.00026467002900580454
2016-07-22,1.076635858037361,1.0814625169473695,1.0746568156743268,1.0808337057363673,0.0019127773068297776,0.0019696338765284667,0.0018169190517457407,0.002088956739713562,-0.00011932286318509528,0.0002720376879678213
2016-07-25,1.0797859319646417,1.08034356418511,1.075160604855996,1.0787043961611658,0.0014594197265881288,0.001486131442949298,0.001407025741601394,0.0016070031822274298,-0.00012087173927813181,0.00019997744062603593
2016-07-26,1.0785580638568786,1.0822790756182166,1.0748529528503115,1.0798103274334077,0.0011274421174896777,0.0013169877658747052,0.0011784032275771392,0.0014475146194948406,-0.00013052685362013546,0.00026911139191770146
2016-07-27,1.0837115264046657,1.084320519893995,1.0763601628694817,1.0805568064972095,0.001184668825327587,0.0011359302367891383,0.0009298163582349977,0.0011412477108054253,-5.317474016287068e-06,0.0002114313525704276
2016-07-28,1.0800231242863538,1.0837678987222166,1.0769816356560344,1.0820540744876173,0.0011271985449909767,0.001107947760883988,0.0009780101383007821,0.0011411737687875053,-3.322600790351738e-05,0.00016316363048672318
2016-07-29,1.0816597472451586,1.0862534463761242,1.0792289962231396,1.084075302700211,0.001181707418887608,0.0011382328843528861,0.0009424589282763695,0.001045658753792695,9.257413056019113e-05,0.00010319982551632554
2016-08-01,1.0844329730285949,1.0963366419961815,1.0804114730702745,1.0840720109055075,0.0010971364936182724,0.0016159533684486308,0.0009713340983969251,0.001047133934468215,0.0005688194339804158,7.579983607128998e-05
2016-08-02,1.0829274928731918,1.0837179019998264,1.0711992532594292,1.0766290440078639,0.0008207765311749321,0.0010224837084886642,0.0003431110885073166,0.0003666377451633075,0.0006558459633253567,2.3526656655990872e-05
2016-08-03,1.0761390554539172,1.0806379533593036,1.0747595980704436,1.0804213339332422,0.0002674516246399371,0.0006327702036599377,0.00017285895091022395,0.00032142006356379653,0.0003113501400961412,0.00014856111265357258
2016-08-04,1.0804456262686644,1.0838128907943687,1.0787371126761445,1.082062786029719,0.0002085326449625305,0.00041783111945978496,0.00018211162868220893,0.0001196406748755709,0.00029819044458421405,-6.247095380663803e-05
2016-08-05,1.0871884293776295,1.0931883944137095,1.0864129628631942,1.0922683125862997,0.00032399630539150517,0.0007143063701205496,0.0006320778576226879,0.0007326467390702112,-1.8340368949661557e-05,0.00010056888144752325
2016-08-08,1.0930863817338736,1.0942079929066746,1.0897745606510858,1.0917961475732678,0.0008432614308250136,0.0008496673851398067,0.001156491157542872,0.0010393430811777662,-0.00018967569603795952,-0.00011714807636510572
2016-08-09,1.0927715680965295,1.0958685301291213,1.0908544477520972,1.0929798220757678,0.0011022794565012204,0.0010365835718139948,0.001542158398410887,0.0013256443426365749,-0.0002890607708225801,-0.00021651405577431215
2016-08-10,1.0933169223029757,1.0940757574976083,1.0875568128996305,1.0897964418266062,0.0015623233452342297,0.0010970877847193057,0.0016544778013098142,0.00132844171424475,-0.00023135392952544436,-0.0003260360870650642
2016-08-11,1.0931726680720633,1.0965840815475127,1.091398519696394,1.0950037011187133,0.0016521763056262506,0.0011393229573358357,0.0018820593967096798,0.0016030936971538668,-0.0004637707398180311,-0.00027896569955581296
2016-08-12,1.092992770392675,1.0952754333824295,1.091508683815048,1.0945011762471084,0.0016819364530542625,0.0011205328272653496,0.0020907238722630258,0.0018281186087411398,-0.0007075857814757903,-0.0002626052635218859
2016-08-15,1.096453943046466,1.1004858111574256,1.0956980686269155,1.0984489600592158,0.001947999577493701,0.0019488007443644695,0.002457887338370762,0.002141883505015886,-0.00019308276065141666,-0.000316003833354876
2016-08-16,1.0961643944702606,1.0964832166301333,1.0925979158624197,1.0927182760621905,0.0019521950720481453,0.0016672030309907082,0.001856511508035815,0.0014726017942923043,0.0001946012366984039,-0.0003839097137435107
2016-08-17,1.0926818734282595,1.0952448849049423,1.0875740179801592,1.094522768518389,0.0011534250866985414,0.0009579989549921981,0.0009590834763362172,0.0009595452785765683,-1.5463235843701838e-06,4.618022403510757e-07
2016-08-18,1.094057952131177,1.0976949491093615,1.0926788965528338,1.0968924604433976,0.0005162996549234362,0.00041704352465557666,0.00044994470522661726,0.0005142483459882781,-9.720482133270144e-05,6.430364076166084e-05
2016-08-19,1.0948687178258913,1.0970476734690642,1.0912951112525866,1.0957081497065995,0.00020792012451814645,0.0002975483514103944,0.0002080587620075865,0.0005049674537869467,-0.00020741910237655225,0.00029690869177936017
2016-08-22,1.0943474150790153,1.0970110872766794,1.0915169269172866,1.095766497721146,0.0001712083171448425,0.00019725166047092978,0.00014320081800263387,0.0004256965176278513,-0.00022844485715692154,0.00028249569962521747
2016-08-23,1.099100338801661,1.1016144507230472,1.097596005532864,1.097985041978594,0.0003574740661517915,0.00042477310119337305,0.00046080186259719224,0.000498223263582538,-7.345016238916491e-05,3.7421400985345723e-05
2016-08-24,1.0975242431605772,1.0983216344746005,1.089662829054282,1.0924196718981714,0.00041741553692172033,0.0002835206851248165,4.4126014792327855e-05,-5.710313312675316e-06,0.00028923099843749183,-4.983632810500317e-05
2016-08-25,1.0904245106840476,1.094254710412402,1.0893748465068198,1.0914065046191614,2.9484095303730386e-05,3.6192475330067775e-05,-0.00015767165405534858,-0.00024955366863844394,0.0002857461439685117,-9.188201458309536e-05
2016-08-26,1.0922579604572382,1.0992158395101885,1.0850307764131468,1.0902581146983892,-0.00023712317503258676,4.6289786491715894e-07,-0.0005645449541679579,-0.0005459357504823949,0.0005463986483473121,1.8609203685563042e-05
2016-08-29,1.0913262614926555,1.0971979982180262,1.0911094880570795,1.0951872822512547,-0.0003148987582093271,0.00015426526973296852,-0.00028203975410033056,-0.00025883751107538,0.00041310278080834847,2.3202243024950586e-05
2016-08-30,1.0946403673383351,1.0966872790389603,1.0900285701148962,1.093277738531791,-0.00016905445423165275,5.322287473429366e-05,-0.0002095514070595646,-0.0004184063130412634,0.00047162918777555703,-0.0002088549059816988
2016-08-31,1.0918681358641813,1.092835609874336,1.0861961136220728,1.0912304837565687,-0.0003881177894391033,-0.00034293949769695337,-0.0006498890821110972,-0.0005761254234799965,0.00023318592578304317,7.376365863110063e-05
2016-09-01,1.0915946030230863,1.0936998394664386,1.0844452612977153,1.0917315990850314,-0.0005204990319774953,-0.000499421126863064,-0.0008287006838512579,-0.0005086250269193374,9.203900056273381e-06,0.0003200756569319205
2016-09-02,1.0964979081327715,1.0993350351593438,1.0929119072739872,1.096752680493509,-0.0003015174451510076,-0.0003432545834308547,-0.0005381459462340557,-0.0001836456164904842,-0.0001596089669403705,0.00035450032974357153
2016-09-06,1.0983431822262881,1.100747251224847,1.0943208271717004,1.1005493191728482,-3.63858218866201e-05,-0.00014022274852751063,-0.00017555084893007916,0.0003396520648489488,-0.0004798748133764594,0.000515202913779028
2016-09-07,1.1003728751452084,1.102311330160819,1.097382868448077,1.1013267380772065,0.0006078843645586064,0.00040972654357254506,0.000725349919585491,0.0009952837708413944,-0.0005855572272688494,0.0002699338512559034
2016-09-08,1.0993103452389645,1.1006486570946339,1.0957577194540997,1.0984669175355317,0.0010737006486086136,0.0006410164707991306,0.0010113112454306135,0.0010833951861856802,-0.0004423787153865496,7.208394075506664e-05
2016-09-09,1.0904103889131083,1.0916035654169378,1.0715330629232052,1.07170667553479,0.0005590995488325177,7.960315545896336e-05,-0.00011714862629863207,-0.0004289873945337056,0.000508590549992669,-0.00031183876823507353
2016-09-12,1.0666350131684486,1.0897068325364048,1.0655576629313361,1.0878225028559332,-0.001129939070064557,-0.0002223912862946458,-0.0016448800361490582,-0.0009000983696134708,0.000677707083318825,0.0007447816665355874
2016-09-13,1.0805578140806595,1.0821028987644807,1.0688178668881463,1.0728296142096805,-0.001811084269706669,-0.0009584078141908866,-0.002353496957162076,-0.0018308695328740927,0.0008724617186832061,0.0005226274242879831
2016-09-14,1.0736326211459686,1.0808893285169472,1.0698515641220108,1.0732362342224728,-0.0025185002407775757,-0.0016116961256655243,-0.00280759012012279,-0.002595762300473018,0.0009840661748074938,0.00021182781964977204
2016-09-15,1.0729039958021134,1.0895860086146691,1.0717922337524348,1.0858456626133624,-0.0031958354962463974,-0.0018559077031240698,-0.003166755905880292,-0.002566424391652574,0.0007105166885285042,0.0006003315142277181
2016-09-16,1.0834659762462815,1.0841004626916357,1.0782806560560267,1.08261213637859,-0.003085429885838831,-0.0023023264640664827,-0.0031141387528276646,-0.0026147823932166658,0.0003124559291501831,0.0004993563596109988
2016-09-19,1.0868640316299727,1.0904915348449147,1.0799711142875799,1.0822057814537482,-0.0023642599832290386,-0.0019081054943963249,-0.0023301492342820305,-0.0022400275064016046,0.0003319220120052797,9.012172788042594e-05
2016-09-20,1.0868060435698,1.0881388124860885,1.0815046722838806,1.0822321423677375,-0.0014064605321784834,-0.0014408731543021798,-0.00121172500777054,-0.0014343994572946963,-6.4736970074835264e-06,-0.00022267444952415636
2016-09-21,1.0855427485293867,1.0951185078643448,1.0820609891659105,1.094012469395331,-0.00024241111714380303,-0.00033582866767763907,0.0002965271930079355,0.0002876461967001225,-0.0006234748643777616,-8.880996307813007e-06
2016-09-22,1.0999251232899172,1.1031255946301641,1.0985421278842462,1.1014070893184578,0.0018150552500589693,0.0011823068599001515,0.0027811270792143087,0.002311037855018996,-0.0011287309951188444,-0.00047008922419531285
2016-09-23,1.099471017294428,1.1004198476307556,1.0942545408550886,1.0951684350670479,0.0032469699224391513,0.0019198265903846458,0.0033831310747385484,0.002174484702206349,-0.0002546581118217032,-0.0012086463725321994
2016-09-26,1.0900110650142059,1.0917093119915577,1.0850763185213486,1.0859596624714565,0.0024680363495108767,0.0019489133095583519,0.002810732907971964,0.0023256383864102927,-0.0003767250768519409,-0.00048509452156167117
2016-09-27,1.0853684451248904,1.094458084356632,1.0835810751847932,1.0937622349229141,0.0020807096089399783,0.0015967316704544735,0.002137533179483491,0.001925440905300858,-0.00032870923484638447,-0.00021209227418263307
2016-09-28,1.095364278215067,1.0999660223795262,1.0896990375466655,1.0993446529464794,0.0017186199195298503,0.001314318505889237,0.0016880056584863306,0.0016031182176843698,-0.0002887997117951328,-8.488744080196076e-05
2016-09-29,1.098195146985778,1.10019416770144,1.0858014944736065,1.0895887970871874,0.0011989522059730267,0.001392895651911922,0.0009146874188699218,0.0012728208156323846,0.00012007483627953734,0.0003581333967624628
2016-09-30,1.0938206303318698,1.1017239355630608,1.0923495483374814,1.0981438987659917,0.0008382471144364833,0.00106062787325387,0.0007612880196901311,0.0011482255807264265,-8.759770747255647e-05,0.0003869375610362954
2016-10-03,1.0958804123238675,1.0970864963816211,1.0917333804868146,1.0954239380596138,0.0006909198348842139,0.0006878624904155836,0.0005164446528022981,0.000659914737908559,2.7947752507024638e-05,0.00014347008510626083
2016-10-04,1.0972817616621735,1.0985444956812347,1.0874831677258079,1.0912711064421108,0.0005068744583323353,0.00015783725712893671,-5.642249232408427e-07,-0.0002133768789418955,0.0003712141360708322,-0.00021281265401865466
2016-10-05,1.0938717078050235,1.0993317002444407,1.0936187151486425,1.0962986730998658,-7.437192636283123e-05,9.933986505210535e-06,-0.0002182856988670439,-0.0001366456529161187,0.00014657963942132923,8.16400459509252e-05
2016-10-06,1.0948489077675778,1.0979165284943309,1.0908239659388792,1.0965387421056263,0.00025555140698776334,0.0002675763153531921,0.00037020089414890303,0.00041844334763795245,-0.00015086703228476037,4.8242453489049416e-05
2016-10-07,1.097638587692025,1.098854623313702,1.0880386275121454,1.0930303203718468,0.0007688952519403054,0.000459144514822465,0.000614474279464218,0.00042526387580498306,3.388063901748196e-05,-0.00018921040365923493
2016-10-10,1.0984555702595038,1.1020439114229537,1.0979405724844242,1.099212553508057,0.000718349564951469,0.00026294392390504505,0.0008623166694174458,0.00018129548921316004,8.1648434691885e-05,-0.0006810211802042857
2016-10-11,1.097456348778458,1.0976268835585623,1.0803426261901103,1.0847458877863247,0.00020143525612943683,-0.00011620184050629348,-0.00010534216049045008,-0.0004922333616377983,0.0003760315211315048,-0.00038689120114734823
2016-10-12,1.0856189986850011,1.0883414165256393,1.0817030487398354,1.0851083909095158,-0.00044128386576111503,-0.0006730414439984287,-0.0005516780393832756,-0.0006645390570880491,-8.50238691037957e-06,-0.00011286101770477354
2016-10-13,1.0776961442461153,1.0842036749136417,1.0718051305437022,1.0813120065428325,-0.001209309499239664,-0.001299462043000588,-0.0017008154937620847,-0.0015217499021045727,0.00022228785910398462,0.000179065591657512
2016-10-14,1.0869424035373492,1.090511885712289,1.0815504680028696,1.0817874432500167,-0.0015161553999458463,-0.0012859897375103076,-0.0017121992663533833,-0.0016823629900288824,0.00039637325251857484,2.9836276324500923e-05
2016-10-17,1.081780551075631,1.08366699060078,1.0776509301176203,1.0789136431358999,-0.0018838656440123159,-0.0018191343247344132,-0.001846465018674111,-0.001982799458348701,0.00016366513361428772,-0.00013633443967459003
2016-10-18,1.0889532599794336,1.0900274388614526,1.08447546383702,1.0861553132621544,-0.0015960065223087141,-0.001745484741028315,-0.001721134626498398,-0.001964966392176486,0.00021948165114817108,-0.00024383176567808812
2016-10-19,1.0870246179671441,1.0901842826290995,1.0849416111428491,1.088194134294475,-0.0015397314440825389,-0.0015075626861485647,-0.0011248845059516597,-0.001438744181240008,-6.881850490855659e-05,-0.00031385967528834834
2016-10-20,1.0863764200506727,1.089390736004109,1.0815983717144113,1.08626491430553,-0.0013706709233374948,-0.0012963919866957221,-0.0007921324954155288,-0.0009035107171299389,-0.0003928812695657832,-0.00011137822171441015
2016-10-21,1.083454467076674,1.087827955715264,1.0811623418352452,1.086858417746602,-0.0010723141732788776,-0.0010045812545524582,-0.0005570277767438283,-0.0004452678742425013,-0.0005593133803099568,0.00011175990250132699
2016-10-24,1.0929267149803488,1.0962997855983974,1.0906742654222574,1.094223563500855,-3.089511651696861e-05,9.560507363229382e-05,0.0009403877196974334,0.000901670008263595,-0.0008060649346313012,-3.871771143383834e-05
2016-10-25,1.0939853616385051,1.0955546550283228,1.0901358163637005,1.091249182450263,0.0010686699656401804,0.0009303051594542397,0.001323313297107595,0.0011823971490728486,-0.0002520919896186089,-0.0001409161480347464
2016-10-26,1.0864674457755183,1.0927447895613844,1.0844616847195037,1.0885932020463565,0.0010110828083124694,0.0010178266422209157,0.0013687302860451711,0.0012635916922582608,-0.00024576505003734515,-0.00010513859378691033
2016-10-27,1.093147867624372,1.0934110989632781,1.0838340073345551,1.0852996645320623,0.000779407794202358,0.0008124686147668588,0.0006866111017625165,0.0008698063085597642,-5.7337693792905366e-05,0.00018319520679724766
2016-10-28,1.0835386004124459,1.0884352884089163,1.0767550188388646,1.080604293071309,0.000452714601545122,0.0006446449854739674,0.00012224986904301586,0.00020327028639936603,0.0004413746990746014,8.102041735635017e-05
2016-10-31,1.083209604467666,1.0847426048274862,1.0801319085528187,1.080782140587594,-0.00019478910221581723,-0.00015575321262331683,-0.00045975991509554916,-0.0006308104221325752,0.00047505720950925833,-0.00017105050703702604
2016-11-01,1.0825882381416647,1.083391854651201,1.0655502154416883,1.0732615121292841,-0.00041532678037829534,-0.0006188365572210989,-0.0014122383292775923,-0.0014149776739334644,0.0007961411167123655,-2.739344655872068e-06
2016-11-02,1.0716308072482945,1.0734828897305626,1.063211010279656,1.0658015633055418,-0.0012849668615709455,-0.0015315213225529747,-0.0022318363149960406,-0.0023138413244762584,0.0007823200019232838,-8.200500948021784e-05
2016-11-03,1.066008528809599,1.0685601208359239,1.058294354530861,1.0596754257239722,-0.00231789822513781,-0.0025631827371549675,-0.0032790969293543942,-0.0034040474970472557,0.0008408647598922882,-0.00012495056769286144
2016-11-04,1.0589681604893326,1.0650347754862801,1.0564149541097934,1.057680820481344,-0.0036827630136394463,-0.00363882876380375,-0.004175466017005689,-0.004241186591853082,0.0006023578280493322,-6.572057484739366e-05
2016-11-07,1.0733340861604037,1.0820476101178298,1.0721115185106493,1.0815309102187913,-0.0033357449466577746,-0.0029454323610199114,-0.00328156228941006,-0.00293273413839027,-1.2698222629641508e-05,0.00034882815101979023
2016-11-08,1.0796430217246025,1.0906670396246554,1.077317134733912,1.086552102678899,-0.0023365402678130797,-0.0016588069870133713,-0.0019146094697631904,-0.001394840187057254,-0.0002639667999561172,0.0005197692827059364
2016-11-09,1.0772574353796451,1.1024079072875166,1.0760363982670282,1.0989883949740527,-0.0017948063269663563,0.0001401488090341584,-0.0008404124866529464,0.0007012659203735778,-0.0005611171113394193,0.0015416784070265241
2016-11-10,1.1050099034340775,1.1101981203947402,1.0869977081915136,1.098066839665172,0.000817696544904776,0.002291317247103379,0.0008919536539778182,0.0024015338684555986,-0.00011021662135221946,0.0015095802144777805
2016-11-11,1.0943355092428644,1.0991639237392439,1.0900143901362713,1.097708437119074,0.002063559667251569,0.0033054206617764135,0.002278585626949832,0.0036144741847231377,-0.0003090535229467242,0.0013358885577733058
2016-11-14,1.1001041636247109,1.1034282030420546,1.092634618714179,1.0974545977767765,0.0034712719797995915,0.004175898159291324,0.0038725454875573107,0.00461810226161448,-0.0004422041023231559,0.0007455567740571691
2016-11-15,1.1015710446578812,1.1094545212412277,1.0992853154098547,1.1080581621616268,0.004712789028095672,0.005058541810892798,0.004705609746443123,0.00549664095695358,-0.00043809914606078235,0.0007910312105104574
2016-11-16,1.1047042717599669,1.1096290899984864,1.1020407409939441,1.107751647562095,0.005164619355538816,0.004974198623150356,0.005124112632832667,0.00543935317640397,-0.00046515455325361367,0.00031524054357130304
2016-11-17,1.108018877243855,1.1142729508697196,1.1065763281275527,1.1136638111653174,0.005021537304230437,0.004376836583675942,0.0049915707285383085,0.00478765200505818,-0.00041081542138223827,-0.00020391872348012822
2016-11-18,1.114514794636452,1.11576819963605,1.1098812816969301,1.1110919295348736,0.0042542037871155704,0.0030719156350094146,0.004328769613936494,0.0032082880262845346,-0.00013637239127512,-0.0011204815876519596
2016-11-21,1.114282343323299,1.1205174518409786,1.1129675130209873,1.1201259528676015,0.0037586269504198888,0.0025452831862935793,0.004232669318435631,0.0030642875565982447,-0.0005190043703046654,-0.0011683817618373862
2016-11-22,1.1230953336341563,1.1249606640973093,1.1191344634342388,1.123491785963847,0.0036680118693491297,0.0023693352917338664,0.004324765042052818,0.0029708054483045085,-0.0006014701565706421,-0.0013539595937483097
2016-11-23,1.1206669908082523,1.1237830415774528,1.1175692845287999,1.122896153394605,0.0027592079455706488,0.002496197655764799,0.003739228228183178,0.003226166707002392,-0.0007299690512375927,-0.000513061521180786
2016-11-25,1.1250325037020308,1.127618722783301,1.1237289719979797,1.1273438807200589,0.0034125110144318516,0.003092533998294042,0.003716999437758475,0.0033729032426111504,-0.0002803692443171086,-0.00034409619514732485
2016-11-28,1.125418048035767,1.1273985764323105,1.1215641155764122,1.1225938147464911,0.003132519309743812,0.0027300904308445203,0.0033325722593658628,0.002881778542589834,-0.0001516881117453136,-0.00045079371677602884
2016-11-29,1.1230762686463729,1.1281412676014029,1.1202815681358667,1.1246439803008244,0.0027326130966312855,0.0023502043631926746,0.002670448938620485,0.002183917490864834,0.00016628687232784047,-0.0004865314477556508
2016-11-30,1.1285053780095242,1.129451167570919,1.11984624738767,1.1199815836067195,0.0024481824325485292,0.002143969633709627,0.0020928460910586656,0.0016090799114932542,0.0005348897222163726,-0.0004837661795654114
2016-12-01,1.1217718418603742,1.1229724988242458,1.1110185666427597,1.1130458752269832,0.0016788730174191397,0.0013536072978654,0.0009682050057099329,0.0004909703387722059,0.0008626369590931941,-0.00047723466693772704
2016-12-02,1.1136785375635307,1.117062653038583,1.1106452296792413,1.113303754677728,0.0004822047019889305,0.00038874217330045127,1.675043248482343e-05,-0.00028310129841930214,0.0006718434717197534,-0.0002998517309041256
2016-12-05,1.118967541434022,1.1238620171482996,1.1157654347669625,1.1208254864200555,-6.15132769949942e-05,-0.0001393798659350584,-0.0004844100077144319,-0.0008139911130578167,0.0006746112471227583,-0.0003295811053433848
2016-12-06,1.1230575114475934,1.1259897576162357,1.119037810736291,1.125155631042238,-0.0004516114251769969,-0.00033293339946668824,-0.000672651525801442,-0.0006244055065491483,0.00029147210708246006,4.8246019252293714e-05
2016-12-07,1.124158327209781,1.1405743715628391,1.1222057861382917,1.1395645175723053,-0.0003004980640830532,0.0004989206354171674,-0.00035054372429351084,0.0005145424422627469,-1.5621806845579557e-05,0.0008650861665562578
2016-12-08,1.1401259930291199,1.1458660199113666,1.137934663681803,1.142410159673462,0.0005468045948160793,0.0013516448065874816,0.000687929437963925,0.0015741774058130144,-0.0002225325992255328,0.0008862479678490894
2016-12-09,1.1452324121404411,1.149877012688382,1.1439911146959514,1.149617705039877,0.0017278067045741192,0.002411190017695012,0.0022205472243565522,0.003086932953120951,-0.000675742935425939,0.0008663857287643986
2016-12-12,1.1478375600754696,1.1511101098470036,1.1440644978575882,1.1471311239094966,0.002831763373177813,0.003253521197023977,0.0033672422375464273,0.003877399988172488,-0.0006238787911485109,0.0005101577506260607
2016-12-13,1.151037362492786,1.1599289171358058,1.1493785367545548,1.1562905261863952,0.003682384432042774,0.0043389784468368855,0.004445558848702035,0.005006726558155795,-0.0006677481113189099,0.0005611677094537601
2016-12-14,1.155562709563764,1.1592836861363034,1.1454320176624262,1.1481307504699676,0.0048028608784267575,0.005091263100288271,0.004926898870180693,0.004996553510841267,9.470958944700434e-05,6.96546406605738e-05
2016-12-15,1.1495405404715928,1.1581461480488588,1.1480946838186175,1.1524209672530927,0.004817985309182437,0.004987982686277993,0.004654832629005986,0.0044168097068269215,0.0005711729794510715,-0.00023802292217906494
2016-12-16,1.155256728872939,1.157359850530647,1.1480193325710202,1.1499037095317148,0.004268757928570845,0.004021476334356061,0.0039043597079598067,0.0032396790568342323,0.0007817972775218283,-0.0006646806511255744
2016-12-19,1.151310180920748,1.156918504414825,1.1495354042041426,1.1534062073666433,0.0033528864775766473,0.002995736619890827,0.003124909180122582,0.0023114067097020612,0.000684329910188766,-0.0008135024704205209
2016-12-20,1.157181083029606,1.1593678944071657,1.155586811073989,1.1578496045995845,0.0026378787244949035,0.0018447646663062795,0.0024843608257209457,0.001519259962856565,0.0003255047034497146,-0.0009651008628643808
2016-12-21,1.1581085736731203,1.1587089403716277,1.154897367279411,1.1557376994594506,0.0016332300381505318,0.0012255738855152876,0.0015743866203823868,0.0011762202369495058,4.9353648565781836e-05,-0.0003981663834328811
2016-12-22,1.1551397027068426,1.1560538929771333,1.1503708757562094,1.1535034045769057,0.0011196358511367675,0.0005945259390623278,0.0010698431240594227,0.0007049807861668627,-0.00011045484710453491,-0.00036486233789255994
2016-12-23,1.1528813127541189,1.1548031405963142,1.1516055035081985,1.1547003511287883,0.0006413003386355757,3.916528344732312e-05,0.0008856643960680937,0.0006450687789637486,-0.0006059034955164255,-0.00024059561710434508
2016-12-27,1.156283564831326,1.1618042872632892,1.1557422101976336,1.1580481848876276,0.00042950479433330664,-0.00011181880894496107,0.0008397208035823842,0.0005403859791397001,-0.0006522047880846612,-0.0002993348244426841
2016-12-28,1.1600884844475094,1.1607047409730131,1.1479540284732759,1.148652976479358,0.0005361946659366071,0.00013551593946135233,0.0005816885302925686,0.00040153607274108385,-0.0002660201332797315,-0.0001801524575514847
2016-12-29,1.149344838036903,1.1513381807453715,1.1449106390103254,1.148022355577696,0.00024884669618142717,-0.00018047192254273199,-8.818131037549632e-05,-0.00022312002506108945,4.2648102518357467e-05,-0.00013493871468559312
2016-12-30,1.1500538050167646,1.1502248707827574,1.1382103956389749,1.1420053452463144,-0.0003259401471580272,-0.0005367124987501723,-0.0009396881529820433,-0.0008886483567027514,0.00035193585795257915,5.103979627929186e-05
2017-01-03,1.149782837652492,1.1543083840810842,1.1440572821873916,1.1507270692429155,-0.0005406491902186338,-0.0006266203384920713,-0.0013574877739433455,-0.001120013506236476,0.0004933931677444046,0.00023747426770686958
2017-01-04,1.1529953756795608,1.1591606672698187,1.1525613405436919,1.157855029752139,-0.0007768818865494614,-0.00044429378839340607,-0.0011623333710361243,-0.0007390610718621715,0.0002947672834687655,0.0004232722991739528
2017-01-05,1.1567210546579594,1.1598273596577358,1.152386934410066,1.1577470270896832,-0.00043892885872634426,-8.948726437344019e-05,-0.0006099429215435735,-0.00012169832943175028,3.221106505831009e-05,0.0004882445921118232
2017-01-06,1.1587629986845933,1.1658180043710176,1.1553910414208755,1.1626223969364824,7.781174522801298e-05,0.0005425821537524574,9.913137452335823e-05,0.0006220433651169841,-7.946121136452676e-05,0.0005229119905936259
2017-01-09,1.1621003727688153,1.1640223359279962,1.1589388233006812,1.1604933286142536,0.0005707337801278109,0.000813532388087989,0.0006939710153182066,0.0010172501895922839,-0.00020371780150429486,0.00032327917427407726
2017-01-10,1.16051787255623,1.1663935399938061,1.1583502077592545,1.1616288863031263,0.0007424065331053384,0.0010338503466753553,0.001235158961022721,0.0014694666091940552,-0.0004356162625186999,0.00023430764817133432
2017-01-11,1.1618646278973601,1.1653294310107312,1.157446717430471,1.1653294310107312,0.001121791112235768,0.0015223794185600967,0.0019210920711067692,0.002262737594656431,-0.0007403581760963346,0.00034164552354966197
2017-01-12,1.1627097268540763,1.1641450008762346,1.1531815612767613,1.1624716040270335,0.0017332840565564645,0.0018302711092424762,0.001834507491390837,0.002185522352297891,-0.0003552512430554148,0.00035101486090705395
2017-01-13,1.1633554275576024,1.1678333783830375,1.1625841850812069,1.165398753055075,0.0016319813099797626,0.0016732095590201589,0.001994536636163294,0.0020584298750226204,-0.00038522031600246153,6.389323885932661e-05
2017-01-17,1.1619171995646216,1.1634389049317009,1.157621280167613,1.160309759489669,0.0013296689015864095,0.0010022870031850116,0.0012229541842753578,0.0010419989087254728,-3.971190554046119e-05,-0.000180955275549885
2017-01-18,1.1619297584303472,1.1631768450043374,1.1583823853525155,1.1627289100816036,0.0008661783094889166,0.00042913437848584104,0.0006473955483839724,0.0005170981897211415,-8.796381123530044e-05,-0.0001302973586628309
2017-01-19,1.1634989804216118,1.1657700573704255,1.1566542664074415,1.1592985253986328,0.0005552154426243263,0.00021341875090404356,0.00037087548875555534,0.0001348060875492074,7.861266335483616e-05,-0.00023606940120634795
2017-01-20,1.163308032574831,1.167178564814917,1.1601395878239942,1.1632457695909781,0.0003548994161067401,3.886314190587367e-05,0.00022322557186404228,-5.687888037359282e-05,9.57420222794665e-05,-0.0002801044522376351
2017-01-23,1.1618422202139378,1.1644918319582973,1.1559525528539727,1.1612615061618512,0.00013091743329333866,2.8029265163213058e-05,-4.6505826476833487e-05,-9.842316678088775e-05,0.0001264524319441008,-5.191734030405427e-05
2017-01-24,1.1629449479854617,1.1718796613243738,1.1616139482464367,1.1697443705599015,0.0001522519463070131,0.0003165314868865772,0.00022227875302377565,0.00019729199885544526,0.00011923948803113196,-2.4986754168330387e-05
2017-01-25,1.1757294884795564,1.1803319254663907,1.1745230420687485,1.1799040651698645,0.0007551877422002096,0.0011289062613936106,0.0011235289298189336,0.0010107423291946297,0.00011816393219898089,-0.0001127866006243039
2017-01-26,1.1805374631193208,1.1819305782517704,1.1777720199417494,1.1795695811191813,0.001525777166358006,0.0017885895529274564,0.001945729037652894,0.0018311337358612601,-4.2544182933803784e-05,-0.00011459530179163389
2017-01-27,1.1809667471659,1.1813456597090992,1.1769997181973788,1.179087823043184,0.0021497846177834902,0.0021361801605486903,0.002195092549046255,0.002262117750276075,-0.00012593758972738456,6.702520122981977e-05
2017-01-30,1.1746972220239031,1.1752274742241124,1.1646176476456644,1.1709209964348153,0.002253567468222113,0.002187450559347022,0.0021072070485743852,0.0022413730483323148,-5.392248898529288e-05,0.00013416599975792955
2017-01-31,1.1681213682457825,1.170426784537323,1.1634979357808608,1.1702205136498347,0.0017653092225487616,0.0015942748561577366,0.001602737996819597,0.0017762176733960014,-0.00018194281723826473,0.00017347967657640431
2017-02-01,1.1751864671875443,1.177137795900148,1.167854567343968,1.1717851887975703,0.0015880552231573232,0.0012649820854119813,0.0013154115503702457,0.0014375545682813258,-0.0001725724828693445,0.00012214301791108008
2017-02-02,1.1696356510748678,1.1738462407602046,1.1671199508059438,1.1718287769218931,0.0010519568563442387,0.0007598071205805064,0.0007579928540970371,0.0007628036096775139,-2.996489097007479e-06,4.810755580476824e-06
2017-02-03,1.1763000939393653,1.1804928979602958,1.1744852597663729,1.1794458451906054,0.0007922598117091994,0.0006131844582379408,0.0007078162634537472,0.0006147968782718138,-1.612420033873037e-06,-9.30193851819334e-05
2017-02-06,1.1774125218198357,1.180049016033872,1.1752691491986835,1.1780875038507366,0.00033804029571257873,0.00010184867437180016,0.00024737468090622894,6.405001972387204e-05,3.779865464792812e-05,-0.0001833246611823569
2017-02-07,1.1806510611680707,1.182680919175075,1.176808342076643,1.1787425185933336,-5.474736325930187e-05,3.8021273211837195e-05,1.4174871263671778e-05,-8.939595588979075e-05,0.00012741722910162794,-0.00010357082715346253
2017-02-08,1.1770683548861463,1.1807383674299485,1.1745185415369392,1.1798725225806699,-5.272219003888362e-06,0.0003007964426860906,0.0003325086345161568,0.00038703916261021196,-8.624271992412134e-05,5.453052809405515e-05
2017-02-09,1.1815330449916186,1.1885473344982949,1.1809911324352114,1.1865153697473612,0.0005920344353938307,0.0010911655535371825,0.0012205458871691137,0.001203894796995645,-0.00011272924345846259,-1.665109017346864e-05
2017-02-10,1.1889108929624033,1.1926059944175647,1.1876681067181034,1.1908988763275858,0.0016083204383057147,0.0019837184390003727,0.0023822754087373913,0.0021435422079246697,-0.00015982376892429697,-0.00023873320081272157
2017-02-13,1.1944852495131477,1.199556702277998,1.1938981142063376,1.1978484367390134,0.002414401233955345,0.002711032906233958,0.0029290383502074916,0.0027746371609263503,-6.360425469239227e-05,-0.0001544011892811413
2017-02-14,1.197427301283962,1.2026652589187012,1.194844998212961,1.2025107377065316,0.0027027124502080812,0.0029929592953092067,0.0030978873063771295,0.0032869473712885218,-0.0002939880759793151,0.00018906006491139224
2017-02-15,1.2018530836118149,1.2099341409201954,1.2009478245175154,1.2091539992700508,0.00334821314060443,0.003728001528273947,0.0035100954084314223,0.0038745323245802155,-0.0001465307963062685,0.0003644369161487932
2017-02-16,1.2092334958456958,1.2109321443639918,1.2042239949215905,1.2084747791010864,0.0037029956492853006,0.0039005118486004735,0.003650898888493686,0.003975019501519845,-7.450765291937191e-05,0.00032412061302615957
2017-02-17,1.2047818199192566,1.2108082456456672,1.2039777215267056,1.2107217773049175,0.00377928178602595,0.004059848432736138,0.0038195438823708716,0.004261680802289342,-0.0002018323695532039,0.0004421369199184705
2017-02-21,1.2127981431465067,1.2186186280458464,1.2120904017080634,1.2176505673648321,0.004021750733497766,0.004248154986812452,0.0041254736148357675,0.004456617809556118,-0.00020846282274366613,0.0003311441947203503
2017-02-22,1.2154911631330032,1.218103385874064,1.2140619335108522,1.21689006902002,0.004198097681307231,0.004116307183211443,0.004195236091930331,0.004174188453411174,-5.7881270199730724e-05,-2.104763851915742e-05
2017-02-23,1.2196949141963742,1.2199984464806413,1.2111460755092993,1.2159877686550882,0.003942588789960968,0.0035289596393972677,0.0035017397155755812,0.0034554817622537487,7.347787714351902e-05,-4.625795332183257e-05
2017-02-24,1.211094143191956,1.2175577800902244,1.2103295500551328,1.2174516868416396,0.0029989073743721326,0.0028532028964114104,0.0027512415383043115,0.0028217210733007514,3.148182311065893e-05,7.047953499643997e-05
2017-02-27,1.216293335104754,1.2201255057764682,1.2146214672120539,1.219266153893243,0.002472358434499292,0.0022364394813304163,0.0023243623688164344,0.0022041794247013597,3.226005662905658e-05,-0.00012018294411507468
2017-02-28,1.2179778268772803,1.2189218452123067,1.2129660142440304,1.2156945923753115,0.0020774062444823545,0.0016838325430343147,0.0018958121973313689,0.0015112835684232152,0.00017254897461109952,-0.0003845286289081537
2017-03-01,1.2249054020083203,1.234325520098849,1.223643660589693,1.2315100236238143,0.001971700060102098,0.0019439341572109294,0.0018816786386246954,0.0017755506249125205,0.00016838353229840894,-0.00010612801371217488
2017-03-02,1.2310812732069407,1.2313992874157524,1.2230644611674621,1.2238742874412503,0.002164843845086983,0.0021452544714376702,0.0018937327756547292,0.001714700588802247,0.00043055388263542327,-0.00017903218685248225
2017-03-03,1.2234630921547134,1.225795200172688,1.2206853567646547,1.2250294883632662,0.002080196878025765,0.0018472472687132953,0.0017263484976524361,0.0014931524320685502,0.00035409483664474513,-0.00023319606558388595
2017-03-06,1.2211264698952904,1.2232498032955514,1.217209425206933,1.2211630236783815,0.0013988394373665237,0.0012219820695453408,0.0011534180678358505,0.0010098429392974,0.00021213913024794077,-0.00014357512853845045
2017-03-07,1.2196727788242472,1.2221953825066438,1.2162694942234147,1.2177470060069808,0.0009744943355454321,0.0009090884097836531,0.0009096797336726966,0.0006755639851294453,0.00023352442465420788,-0.00023411574854325138
2017-03-08,1.2189725810489298,1.2218868074193436,1.2148970870318985,1.2162471949945675,0.0006081623762584267,0.0005016593039801257,0.0006718626120933546,0.00020760831466481395,0.00029405098931531177,-0.00046425429742854066
2017-03-09,1.2167935089904323,1.2195636932170388,1.2113795758355053,1.2171787015754385,0.0003610230069032396,4.799259672840245e-05,3.766763701877963e-05,-0.0002618988511665152,0.0003098914478949176,-0.00029956648818529484
2017-03-10,1.223229892761732,1.2240481179282012,1.216162528451873,1.221655320792881,-7.32570696944882e-05,-0.0003185104824440414,-0.0003929043507887364,-0.00040406779173512617,8.555730929108476e-05,-1.1163440946389768e-05
2017-03-13,1.2214217680723964,1.2231255511129029,1.2197117156175534,1.2222709051081149,-0.00040664932994550996,-0.000642824437161682,-0.0004144592693612411,-0.00044264807471429304,-0.00020017636244738899,-2.8188805353051942e-05
2017-03-14,1.2195305823822864,1.2196962690984459,1.213774559851295,1.2182963639475268,-0.0007930605456419027,-0.0012707983616293739,-0.0009319225597857658,-0.0009725468399497166,-0.0002982515216796573,-4.0624280163950805e-05
2017-03-15,1.2213001396786123,1.230485208394326,1.2188986078201964,1.2278386534128072,-0.0006399333910451978,-0.0002927599852327718,-0.00046784978773833815,4.086836921863913e-05,-0.0003336283544514109,0.0005087181569569773
2017-03-16,1.2298020859211976,1.2301113770398022,1.2241443195991037,1.226516543927348,0.00043236118190003944,0.0005163546439169766,0.0003012552140340574,0.0005176208938092782,-1.2662498923016055e-06,0.0002163656797752208
2017-03-17,1.228198315540307,1.22884496188164,1.2245188796860993,1.2249395179234677,0.0009248039340511539,0.0008983973012772129,0.0009190946127082415,0.0009533398616426863,-5.4942560365473414e-05,3.42452489344448e-05
2017-03-20,1.224771687256072,1.2266241635871837,1.221089547526926,1.2233070056474025,0.0010171682244874013,0.0009526455724767739,0.0010716838149558258,0.0010433389437868722,-9.069337131009832e-05,-2.8344871168953624e-05
2017-03-21,1.2275057607440472,1.2279798172433918,1.2046968323892244,1.2055055887588295,0.001117566605158417,0.0009696425324316327,0.00022043106751855983,-9.137052146655214e-05,0.001061013053898185,-0.000311801588985112
2017-03-22,1.2053021277226663,1.2112085295343158,1.20228534461286,1.2093034607783766,-0.00013476735696158954,-1.8844051949763025e-05,-0.0007135765006797787,-0.0009705299168067693,0.0009516858648570063,-0.0002569534161269906
2017-03-23,1.2080530985174522,1.2145518174433434,1.2057127977700088,1.2080914362135196,-0.001216617372644461,-0.0008504100864769082,-0.0015422632198351454,-0.0017695328288848654,0.0009191227424079571,-0.00022726960904971994
2017-03-24,1.2109125374895855,1.2145456458703645,1.203342981684053,1.2081193229613043,-0.0016074613690578996,-0.0013226010954684945,-0.002112660907854543,-0.0021584246934128457,0.0008358235979443512,-4.576378555830275e-05
2017-03-27,1.1986452216206225,1.2092046614095133,1.195809010767266,1.2073802494254957,-0.002638672055526279,-0.002032441504461711,-0.002702001540679742,-0.0023825180045562943,0.0003500765000945833,0.0003194835361234479
2017-03-28,1.206544485262884,1.219050079549531,1.2048187340187688,1.21605558935754,-0.003089013511129867,-0.0022651398497706226,-0.0029059833520791436,-0.0022178875703229646,-4.7252279447657954e-05,0.000688095781756179
2017-03-29,1.2159220248316367,1.2197329408332722,1.2135316859942582,1.2183632198403478,-0.0027524750842051857,-0.0017334959956481176,-0.002184554574979318,-0.001264072847342194,-0.0004694231483059236,0.0009204817276371241
2017-03-30,1.218676908902876,1.2238337653296016,1.2170466173672865,1.2225500298970458,-0.0016336845663499442,-0.0008727623797722174,-0.0008566345519576055,-5.5173558815063527e-05,-0.0008175888209571539,0.000801460993142542
2017-03-31,1.2213289177968971,1.2242163255600536,1.2192931216148775,1.220263779450819,-0.0003423064127793299,5.027437078238121e-07,0.0007048254931786795,0.0009719650509355883,-0.0009714623072277645,0.0002671395577569088
2017-04-03,1.2213205165778969,1.2225470996455545,1.2108620976034963,1.2181290951625328,0.0008034370340593729,0.0006907706439979453,0.001641131879461059,0.0018305078019832273,-0.001139737157985282,0.00018937592252216834
2017-04-04,1.2160643126437227,1.219836477882832,1.2142600725322352,1.219639443841948,0.001886582385846614,0.0013729823154216621,0.0017939037668997632,0.0016474346336985883,-0.0002744523182769262,-0.0001464691332011749
2017-04-05,1.2232837646301717,1.2294802985006117,1.2133023244516181,1.2147076059679323,0.0020219580457762837,0.0015618418624896342,0.0016177509358440228,0.0012772241392481256,0.0002846177232415086,-0.00034052679659589717
2017-04-06,1.2159553005016392,1.2208149676941984,1.2123970302481406,1.2174711762214527,0.0017230381164383287,0.0012794568750666496,0.0014871761485447835,0.0009114474126106665,0.0003680094624559831,-0.000575728735934117
2017-04-07,1.2164978469221714,1.220611862237621,1.2132050823683875,1.2163874005617907,0.001548556626554201,0.0009096649972577585,0.0011616681926421826,0.0003747209482326494,0.0005349440490251091,-0.0007869472444095333
2017-04-10,1.2176650954964492,1.222155306127953,1.2139065922414805,1.2171158503328345,0.0005522214623957381,0.00019446544192834096,0.00025261906949419126,-0.00027176258375429603,0.00046622802568263696,-0.0005243816532484873
2017-04-11,1.2154349271526634,1.217229278220513,1.2060764216125925,1.215220889388076,-0.00026968559740423516,-0.0002900428471201492,-0.000702246676937981,-0.0005612589100746781,0.00027121606295452886,0.00014098776686330297
2017-04-12,1.214463342253721,1.2151619691760083,1.2080509484530977,1.2098031004587482,-0.0006271818245603337,-0.0008197190429647132,-0.000983792192416929,-0.000982311388601952,0.00016259234563723891,1.4808038149769203e-06
2017-04-13,1.2076809558303616,1.2125881249575055,1.2020226939131495,1.2021421987355858,-0.0011532864630544397,-0.0011609927248236638,-0.001293389651374067,-0.0014383515405933737,0.00027735881576970993,-0.00014496188921930679
2017-04-17,1.205142049059146,1.2123730633146617,1.2035535371122705,1.2121760463955693,-0.0015077920528314478,-0.0013521822339943158,-0.0011876114592774848,-0.001252139957104322,-0.00010004227688999385,-6.452849782683716e-05
2017-04-18,1.2079184745002653,1.2119569314723158,1.2048244410907176,1.2088846782159521,-0.0015152118666292228,-0.001533796877406293,-0.0013837966569624504,-0.0012897367049922682,-0.00024406017241402483,9.405995197018222e-05
2017-04-19,1.212576680280171,1.215485188074253,1.2062825143361149,1.2078288277360145,-0.0014565123295270101,-0.0015753036034003088,-0.0012007352094943187,-0.001172181846533,-0.00040312175686730884,2.8553362961318725e-05
2017-04-20,1.2121032234674032,1.2203953368195477,1.2099021994424113,1.2179500686852403,-0.0009000665787088415,-0.0006533197529071242,-0.0007873885895284893,-0.0006881895084329721,3.486975552584792e-05,9.919908109551714e-05
2017-04-21,1.217914153372154,1.218434615893925,1.2124665473243974,1.2149519554702413,-0.0003797035790759013,-0.0003058522893171077,-0.00025330775915031995,-0.00022279517991404514,-8.305710940306258e-05,3.0512579236274812e-05
2017-04-24,1.2283204028699537,1.2303726841969331,1.2260702590038255,1.2289837029020476,0.0007206991197389881,0.0007080949215775659,0.0010758212184100032,0.000966251488801234,-0.00025815656722366805,-0.00010956972960876924
2017-04-25,1.233446641344708,1.2389442227541303,1.2326038762637663,1.2366776698737998,0.002035227689428301,0.002174163865137715,0.0026521551091376826,0.0024708499487088626,-0.0002966860835711474,-0.00018130516042882006
2017-04-26,1.2364740291377403,1.2415459800003763,1.2349947680537439,1.235789755666148,0.003174917147960821,0.003250242960104036,0.0036102561583348106,0.0035635730307792732,-0.00031333007067523705,-4.668312755553737e-05
2017-04-27,1.2378408918567612,1.2396942125700487,1.2338377401668341,1.2378821728924796,0.004069371010206476,0.0037927480555417126,0.0042863563068111276,0.004159922441687471,-0.00036717438614575866,-0.00012643386512365632
2017-04-28,1.2403192939667187,1.2407236952404799,1.2344209215752509,1.2355685726538752,0.004363487109582944,0.0039224566106295,0.004279815542007736,0.0037789963012642255,0.00014346030936527405,-0.0005008192407435102
2017-05-01,1.2390608144714446,1.2429548429026087,1.2362052335236338,1.2403670005195304,0.004024082201604546,0.0038184894706986736,0.004079951306910857,0.003923557598502413,-0.00010506812780373921,-0.00015639370840844422
2017-05-02,1.2419511590606738,1.242981930987862,1.2379479093296806,1.240801815842042,0.0036162909319945027,0.0033175695024380346,0.0036640909093570858,0.003530703015006618,-0.0002131335125685834,-0.00013338789435046782
2017-05-03,1.2381480903650866,1.240126231460969,1.2349744586457527,1.2386905203325482,0.0028990892150987614,0.002520040612045146,0.0027817505909917594,0.002565422430802113,-4.538181875696689e-05,-0.00021632816018964628
2017-05-04,1.24040018540814,1.2418196044205831,1.234244137727015,1.2391309781381614,0.0019632087726103135,0.0018435414553573382,0.0017531057834224658,0.0019248350920456955,-8.129363668835728e-05,0.00017172930862322964
2017-05-05,1.2416278740862465,1.2444563461303468,1.2384922594078978,1.2444563461303468,0.001138695016023354,0.0009204617532389389,0.0008320794319779262,0.0011181098603125356,-0.00019764810707359665,0.00028603042833460937
2017-05-08,1.2448143273588608,1.246020737246952,1.2413820078059556,1.244314391118615,0.0008942987291402705,0.0005631687839065572,0.0006601266556196245,0.0008814624790282964,-0.0003182936951217391,0.0002213358234086719
2017-05-09,1.2459711520045944,1.2481594198086727,1.2416609701902253,1.2442537231679984,0.0008548248425971047,0.0007042937605415515,0.0007533675381311131,0.0009686105444143016,-0.00026431678387275003,0.00021524300628318843
2017-05-10,1.2443844110144833,1.2468584828780522,1.2422554768281857,1.2465268328230512,0.0007788150499483738,0.0008362096658070713,0.0009286458847545965,0.0010287211796361072,-0.00019251151382903588,0.00010007529488151074
2017-05-11,1.2434679824366026,1.2451002986845068,1.2368167575610085,1.2439246043251813,0.0006480590085409621,0.0006843794787643241,0.0006421230331387724,0.0009562401705852606,-0.00027186069182093644,0.00031411713744648815
2017-05-12,1.2428428244929577,1.2436115095566533,1.2401122288535182,1.2423894001036226,0.0005802230917217056,0.0004544464735103366,0.0005381226199279354,0.0005725391404187829,-0.00011809266690844631,3.4416520490847475e-05
2017-05-15,1.24448967419244,1.2493088199212896,1.244124352474889,1.2483190180685944,0.0004877284585075875,0.0006490152193642085,0.0007029339004626417,0.000749490312115686,-0.00010047509275147744,4.655641165304423e-05
2017-05-16,1.250364687616397,1.2513996167784007,1.2457414212618902,1.2492618346666324,0.0008425743819913029,0.0008824153992448965,0.0009761379994641055,0.0009104674403692064,-2.8052041124309885e-05,-6.567055909489916e-05
2017-05-17,1.2391086895932844,1.2413758204005232,1.2235111046181242,1.2239192738058184,0.00022793669959065877,0.00027665052592679856,-0.0002559174844527353,-0.0005541756495647758,0.0008308261754915744,-0.00029825816511204055
2017-05-18,1.2224014635150928,1.2345023458707587,1.2208546062959431,1.2292859191592762,-0.0011595081809101825,-0.0006062861418836167,-0.001542611192311923,-0.001517683363157397,0.0009113972212737804,2.4927829154525964e-05
2017-05-19,1.2331310359751328,1.2416232785612697,1.2322190284048042,1.23722148270061,-0.0016616914166496459,-0.0008363314756234314,-0.0017639218678583593,-0.001573983575272354,0.0007376520996489226,0.0001899382925860053
2017-05-22,1.2401745598833225,1.2453801959308513,1.2393800811048064,1.2446476825391997,-0.0014642602439364385,-0.0007228210896841848,-0.0013259406119815055,-0.0011469866947950108,0.00042416560511082603,0.00017895391718649465
2017-05-23,1.2473322567498326,1.2490669181600023,1.2437440247879168,1.2472511873117267,-0.0007430479933278507,-0.0002578737893601618,-0.000607062793818238,-0.000586064889137111,0.0003281910997769492,2.0997904681127025e-05
2017-05-24,1.2497484146400872,1.251461844824072,1.2465772336941734,1.2507612229849654,-1.2326284352034388e-05,0.00023997676573442368,0.0002807383211843709,0.0002815211527466827,-4.154438701225904e-05,7.828315623118007e-07
2017-05-25,1.254344542948695,1.2596668988893716,1.2524794373164725,1.2571558619750105,0.0008429798680757509,0.0010123651182026869,0.0010755115993976905,0.001273097843782041,-0.00026073272557935404,0.00019758624438435046
2017-05-26,1.2565843430194135,1.2585804504597022,1.2553918374788713,1.2578950285552672,0.0016469426400925484,0.0014496751877428214,0.00205899049075203,0.002042266883214414,-0.0005925916954715926,-1.6723607537615873e-05
2017-05-30,1.2559828188601008,1.258381336120321,1.2546927093293674,1.2568057954508187,0.002361321122458317,0.0020745034581949014,0.003086602650220538,0.0029593840606550468,-0.0008848806024601454,-0.00012721858956549117
2017-05-31,1.2589455645304537,1.2593460982161593,1.250745035063592,1.2559771330687195,0.0034896606312566974,0.0027813716795118473,0.003878590413059217,0.003791285882793117,-0.0010099142032812696,-8.730453026609998e-05
2017-06-01,1.2585716771690618,1.2654714796782272,1.255853915008636,1.2653132204190012,0.0037431957865103555,0.0030577775379587373,0.003406573380871024,0.003361527219351836,-0.0003037496813930989,-4.5046161519187757e-05
2017-06-02,1.2669526576048058,1.2728748536148031,1.2646834623722816,1.2715310348564313,0.0031041452563702813,0.0029877035603229993,0.0028470340695785517,0.0031269536201441353,-0.00013925005982113594,0.0002799195505655836
2017-06-05,1.2717606065002451,1.2733392309352987,1.2699650411118593,1.2709040165213314,0.002902636841017894,0.0029525667947599434,0.00280195015041332,0.002875154581811973,7.741221294797025e-05,7.320443139865324e-05
2017-06-06,1.2681131690848266,1.2720157537525798,1.2651654058362913,1.2672723280813323,0.002503508335975172,0.002711265736305185,0.00251494403007113,0.002512070298771025,0.0001991954375341596,-2.873731300104699e-06
2017-06-07,1.2696690418178356,1.2713480042538499,1.2649328730398497,1.2699702110081998,0.0023277755989668967,0.00235646821353912,0.0021936344908396674,0.002195472123338199,0.000160996090200921,1.8376324985316071e-06
2017-06-08,1.270961737203269,1.2746375739616402,1.267150560170707,1.2715995668841773,0.0021128818021143585,0.00207068977251357,0.0019253357736850048,0.0019263681775809885,0.0001443215949325817,1.0324038959837016e-06
2017-06-09,1.2734758457381483,1.2785394730609554,1.253126842348289,1.264036544258118,0.0020843985693965767,0.0022638278668637496,0.0010362135807149622,0.0014184590042937131,0.0008453688625700364,0.0003822454235787509
2017-06-12,1.2603868475466842,1.2643703693701596,1.2541190360506025,1.2625357517801872,0.0012593954062292134,0.0013829173897794284,0.00038752372134233945,0.0007945639856442015,0.0005883534041352268,0.0004070402643018621
2017-06-13,1.266605424965654,1.2703167859082938,1.2632029232102653,1.2693840315003735,0.0006873948004178937,0.0007429017811138997,0.00020313796893310954,0.00041534476628501217,0.00032755701482888754,0.00021220679735190262
2017-06-14,1.2719553440142486,1.2720653908154729,1.2599798055329288,1.2665273069848642,0.0004759654770315877,0.00011790997634465282,-0.0005233865942722016,-0.00032740341635772253,0.00044531339270237536,0.00019598317791447904
2017-06-15,1.2573860776850707,1.2637761639428642,1.2541575164567846,1.26308279554958,-0.0007127712215395748,-0.0007050359555116173,-0.0013388351770440947,-0.0007635091135262022,5.847315801458489e-05,0.0005753260635178925
2017-06-16,1.263296801490846,1.2644470587454522,1.2562337138652837,1.2616392943496304,-0.0010060018715462248,-0.0009772800813293819,-0.0014318377308445032,-0.0008367948243248239,-0.00014048525700455802,0.0005950429065196794
2017-06-19,1.2681207765095104,1.2753124754680578,1.2675086967128875,1.2742925924114483,-0.0006712632776393563,-0.0005237515358283358,-0.00045531477690076585,-0.00014180197825153633,-0.00038194955757679954,0.0003135127986492295
2017-06-20,1.2725232413332543,1.2733060063849193,1.265122507694404,1.265322509038357,-0.00029543358175938763,-0.00029181668622833406,0.00010085059886324197,-0.0002192726168936779,-7.254406933465617e-05,-0.0003201232157569199
2017-06-21,1.267486960020117,1.271444155938575,1.2626481200578277,1.2673536043439193,-0.00014404071164907014,-0.00022159337461504443,0.000507067167316525,1.7536793140263383e-05,-0.00023913016775530782,-0.0004895303741762617
2017-06-22,1.26857089418638,1.271162847670758,1.2653479403854608,1.2670522247780849,0.00017910500895562575,5.142502188243111e-05,0.0012360864469950937,0.00037824748724573964,-0.00032682246536330854,-0.0008578389597493541
2017-06-23,1.2672692041515927,1.2717368243494636,1.2642779138304863,1.2697909558786347,0.0006278366059504048,0.0006579957382743425,0.0009936760571532064,0.0004392613039601936,0.00021873443431414888,-0.0005544147531930128
2017-06-26,1.2748537621745282,1.2776908260894155,1.2671408820897747,1.2693351558821007,0.0006929035076326062,0.0007271796212347226,0.0008384093163697982,0.0003056100269347749,0.00042156959429994774,-0.0005327992894350233
2017-06-27,1.2673819347151296,1.2693251115908257,1.2557980816932686,1.2558301428979837,0.0005896314712444612,0.0005750194920354432,0.000512196291400881,-0.00019054336002294976,0.0007655628520583929,-0.0007027396514238308
2017-06-28,1.2619276709148621,1.270603360857225,1.258882996241788,1.2691107467638416,0.0005361031671786321,0.0006211760053300964,0.00022913247564388344,1.1541085303558591e-05,0.0006096349200265378,-0.00021759139034032484
2017-06-29,1.2694542076779494,1.269840859531408,1.2474339214799386,1.2560892321479367,4.3376362783114347e-05,9.084798762745991e-05,-0.0010532842741249242,-0.00075758742021372,0.0008484354078411799,0.00029569685391120414
2017-06-30,1.2605632271289968,1.2638562920031728,1.2552074458828273,1.2578141871569128,-0.0006865451268414993,-0.0007946961276675117,-0.0016917793204199129,-0.0014440904185514442,0.0006493942908839326,0.0002476889018684686
2017-07-03,1.263120634147804,1.2676051024213726,1.2557510968181287,1.2571318701564627,-0.0009222391189008354,-0.0007442377508593404,-0.001536515544252679,-0.0012778925680323164,0.0005336548171729759,0.0002586229762203626
2017-07-05,1.2597555551803445,1.2640767629411382,1.254266541874377,1.2616931692646511,-0.0009873774317028356,-0.0009265761567376069,-0.0014787903978282706,-0.0012528933879394678,0.00032631723120186095,0.00022589700988880274
2017-07-06,1.255870352684491,1.2582669444204289,1.2477235963193265,1.2498579296253456,-0.0014454281360283046,-0.0014380675002438137,-0.0018113249020568305,-0.0016940543826657317,0.000255986882421918,0.00011727051939109875
2017-07-07,1.2532652530300084,1.2609752693248022,1.2522032670221608,1.2592150527200556,-0.0018325055457489193,-0.0016608621393278088,-0.0015386223917006896,-0.0014328500315413345,-0.00022801210778647428,0.0001057723601593551
2017-07-10,1.2589294163728502,1.2644311127810144,1.2570221498372198,1.2620344766655391,-0.0018118850038594777,-0.0015334053162082701,-0.000915077457360238,-0.0007402808214384054,-0.0007931244947698647,0.00017479663592183262
2017-07-11,1.2610067951069956,1.2641908221684137,1.2543884457203915,1.2621317964957324,-0.0010712273564119487,-0.0009335677248283432,-0.0001563759061273548,2.122800645880326e-05,-0.0009547957312871465,0.00017760391258615806
2017-07-12,1.2694405021392547,1.27415810969773,1.26831688578543,1.272583283119022,-0.00020082913095222112,-0.00018413779331895265,0.0007604470327573095,0.0005397971710654454,-0.000723934964384398,-0.00022064986169186408
2017-07-13,1.2737281371682865,1.2764318793694722,1.2712946766851247,1.2749829915516142,0.0005148701769929189,0.0007159507609920349,0.0018936128198034582,0.0018715647476459684,-0.0011556139866539335,-2.2048072157489825e-05
2017-07-14,1.2766514800776716,1.2839357081137424,1.274354565640133,1.2816169557804,0.0017487577156748888,0.0019038569340299892,0.0022799653785347987,0.002625905219429962,-0.0007220482853999728,0.00034593984089516337
2017-07-17,1.2819215417333767,1.2847848016123837,1.279998684262835,1.2818411098590663,0.0025901314608018492,0.002568259479871081,0.0031661030749370834,0.0031980423248006693,-0.0006297828449295883,3.193924986358591e-05
2017-07-18,1.2802981063172325,1.2844778768572476,1.2764588800787682,1.2843038664244915,0.003254559322612581,0.003212162465624597,0.0035949040796526906,0.0035677883797445133,-0.0003556259141199161,-2.7115699908177287e-05
2017-07-19,1.2866263273522403,1.2918144209371214,1.2862551578339176,1.2911381842513154,0.0038316124955394223,0.0038164994729813664,0.00420807374433071,0.004285044483751578,-0.00046854501077021144,7.697073942086827e-05
2017-07-20,1.2936068137669838,1.294264804589313,1.2883978018316835,1.2923707149508494,0.004204699643826941,0.0038309584994287724,0.004114177729949673,0.003923604286486621,-9.264578705784829e-05,-0.00019057344346305218
2017-07-21,1.2883925539628516,1.291435456091088,1.2860732665152028,1.2907665617349755,0.003662287661196368,0.003435306720581101,0.0036991129207694655,0.0035831665404212833,-0.00014785981984018247,-0.00011594638034818222
2017-07-24,1.2904279806179069,1.2933598465755207,1.2879710232242574,1.2921148850830273,0.0031827243743298623,0.003005796874131357,0.0032982755198380856,0.003121792767101068,-0.00011599589296971101,-0.00017648275273701762
2017-07-25,1.2948893704745044,1.2970247998595277,1.292013889369283,1.2944606160862113,0.002703200761977687,0.0024095228775509623,0.0025672399567615175,0.0024302449351493705,-2.0722057598408176e-05,-0.00013699502161214697
2017-07-26,1.2970028768329014,1.2977955901293132,1.2927603380632293,1.2946659265712224,0.002490508566870395,0.0021217902135058416,0.0023494164643707446,0.0020547971519269312,6.699306157891037e-05,-0.0002946193124438133
2017-07-27,1.2992963988292745,1.2999456653113493,1.2825921842367014,1.291945700542852,0.0023546705166080355,0.0018164041080323751,0.0014792015229029617,0.001423285560212254,0.0003931185478201211,-5.5915962690707664e-05
2017-07-28,1.288228983355694,1.2918897966361638,1.2853564637573662,1.2905067246122028,0.0015001264628246758,0.0012868466463561697,0.0008268185759074227,0.000949940060366214,0.00033690658598995566,0.00012312148445879135
2017-07-31,1.2934176807771085,1.2950605715499732,1.2873006560888236,1.289196068547023,0.0011396063390379386,0.0008904335826466154,0.0005234007173868699,0.0003122930612177765,0.0005781405214288389,-0.00021110765616909338
2017-08-01,1.2933353136162766,1.2936671850931631,1.2889704304395668,1.2921287473381649,0.0005270172933570407,0.0002730011838281668,-1.3434235194431317e-05,-9.03568836031427e-05,0.0003633580674313095,-7.692264840871137e-05
2017-08-02,1.2944275592472816,1.2953105372425644,1.2853873342056892,1.292826876354697,0.00023785992928851603,0.00012292355926058065,-0.00024428077274453274,-9.415291680886876e-05,0.0002170764760694494,0.000150127855935664
2017-08-03,1.2933634010422075,1.293748220029939,1.288452840959874,1.2899940972544872,0.00026146294659229295,8.610374993563615e-06,-0.0001545558435095198,-0.00019076445555264292,0.00019937483054620654,-3.6208612043123136e-05
2017-08-04,1.293157488402559,1.2947895277839891,1.2899675481581454,1.2927348709778546,-7.083249763568128e-05,-0.00023126580669937904,-0.00013784668368799013,-0.00021601530624540315,-1.5250500453975886e-05,-7.816862255741303e-05
2017-08-07,1.2941499902295517,1.2966639623610805,1.2921581267235709,1.2964211680121063,-0.00027105314932348543,-0.0002812628178663776,7.766227978532375e-05,2.5834519735031105e-05,-0.00030709733760140873,-5.1827760050292645e-05
2017-08-08,1.2946040496659275,1.3028928987550166,1.291082871149392,1.2936894218490815,-0.00019419620024362406,0.0002127806685325727,0.00045329257919224104,0.00022286470759209372,-1.0084039059521019e-05,-0.00023042787160014732
2017-08-09,1.2878355243809194,1.2928534405558405,1.2852712192183595,1.2924814690245336,-0.0003421726815004374,0.00013947489059260577,0.0005729719979561237,0.00037704173416703576,-0.00023756684357443,-0.00019593026378908793
2017-08-10,1.2868940458172453,1.2873201534755587,1.2713910144073128,1.2719540878437587,-0.0002774816488723945,-3.240335748793256e-05,-0.0006515503875314336,-0.0007433267049893555,0.000710923347501423,-9.177631745792194e-05
2017-08-11,1.2730249980787436,1.2786121090528946,1.2704910747499512,1.2754467465423966,-0.0015567802758312827,-0.0010632872513832384,-0.0016051033338078692,-0.001526795638395527,0.0004635083870122886,7.83076954123422e-05
2017-08-14,1.283826841737043,1.2908409959694558,1.2828299786644397,1.2890110419331127,-0.0017166835384619487,-0.0010548142878997967,-0.001575825801955467,-0.001475225796413348,0.00042041150851355124,0.00010060000554211902
2017-08-15,1.2917846464212275,1.2921174155396844,1.2867243283580614,1.2888822428785736,-0.001331763277040253,-0.0010184644985485887,-0.001168620876469499,-0.0012329266911612934,0.00021446219261270476,-6.430581469179446e-05
2017-08-16,1.291602134300676,1.2951714274087773,1.287821368941255,1.2906407839311622,-0.000865185880793163,-0.0006871903481536976,-0.0009132249762011119,-0.0008088136612163004,0.00012162331306260282,0.00010441131498481156
2017-08-17,1.2866885096430531,1.2884857045616858,1.2686266603372154,1.2686266603372154,-0.0007033206801897714,-0.0008230602904565565,-0.0015299495160021562,-0.001747824859154702,0.0009247645686981456,-0.00021787534315254584
2017-08-18,1.268104414373998,1.274650426742902,1.2633332218438595,1.266755970918637,-0.0014879531381277275,-0.0015803731669290916,-0.0020941092437662245,-0.002347156178157479,0.0007667830112283876,-0.00025304693439125473
2017-08-21,1.2666620329947036,1.269302217997109,1.261038745029901,1.2671709115493388,-0.001981420530972391,-0.0022603338996559164,-0.0023145433623022616,-0.0023632054779389147,0.00010287157828299835,-4.866211563665313e-05
2017-08-22,1.2718570597220373,1.2827980411793896,1.2708680267797665,1.281520690078479,-0.0018280648400847304,-0.001457238888735679,-0.001693313918291863,-0.0014241074329050492,-3.31314558306298e-05,0.0002692064853868138
2017-08-23,1.275906680353078,1.2806832274047197,1.2751960361683414,1.2776011245860197,-0.0016293346799118667,-0.0011952205384924788,-0.000978426280371963,-0.0006318342785436411,-0.0005633862599488377,0.00034659200182832184
2017-08-24,1.2802669348824507,1.2815515768617392,1.2721325179498308,1.2752231108703467,-0.0011109456432564513,-0.0011072057425988743,-0.0012338631926828057,-0.0011573952305613446,5.0189487962470306e-05,7.646796212146104e-05
2017-08-25,1.2792387248283954,1.2834288064396724,1.27555677872676,1.276725409014704,-0.00149291535654302,-0.0014274107601614358,-0.0013715061433188075,-0.0014077932557241572,-1.961750443727861e-05,-3.628711240534965e-05
2017-08-28,1.279820080998742,1.2808649263294407,1.2741539330815508,1.2774222975143132,-0.0011983697227077141,-0.0011305888667147088,-0.0008244768254767949,-0.0007313917605854866,-0.00039919710612922217,9.308506489130828e-05
2017-08-29,1.268560705117046,1.2809873876051505,1.267810550255982,1.279361074860199,-0.0009388847551307863,-0.0006210705730623263,-0.00025866270541964766,0.00018264425182978747,-0.0008037148248921137,0.00044130695724943513
2017-08-30,1.2796639137523191,1.289403521270779,1.2785209299608242,1.2875500721369637,0.00019556461850526611,0.0006860197776794317,0.0011937478992609448,0.001775997010342685,-0.0010899772326632532,0.0005822491110817401
2017-08-31,1.2909552947884342,1.2980491488044832,1.290220019942956,1.2967331106273303,0.001763038229643726,0.0020888889693989254,0.002117376038217978,0.0024400977110875903,-0.0003512087416886649,0.00032272167286961223
2017-09-01,1.2988062838094125,1.3016400525841463,1.2958600366423503,1.2983920285166477,0.0024680893131363408,0.0026493532491472143,0.0027340078599395684,0.002729287968312879,-7.993471916566477e-05,-4.719891626689399e-06
2017-09-05,1.2945764530061499,1.2962929672349357,1.2803770237010617,1.2869653183794314,0.0024741197222505873,0.002234464098416067,0.0019588821603149583,0.0020393984710336387,0.00019506562738242847,8.051631071868048e-05
2017-09-06,1.2911211635403135,1.2932966734417013,1.286170169777273,1.2909083183815933,0.0022996583058209003,0.0022287016894444564,0.0019206283188242933,0.0022813013990866035,-5.259970964214709e-05,0.0003606730802623102
2017-09-07,1.2933484652919163,1.2946434163844405,1.2869696028303637,1.2903365099535622,0.0022831564958719474,0.002028154252828367,0.0020290333546495536,0.0021169209763785956,-8.876672355022852e-05,8.788762172904198e-05
2017-09-08,1.2884305691277562,1.2913408822502948,1.2840895284510976,1.2863866232130572,0.0020776738645168244,0.001536144142639312,0.0016333989774987194,0.0014241896308097798,0.00011195451182953215,-0.00020920934668893962
2017-09-11,1.2943697461925614,1.302268806102165,1.2943697461925614,1.3009518046723563,0.002028645866483079,0.0016466929975835092,0.001881854341056144,0.0014907606369755164,0.0001559323606079928,-0.0003910937040806275
2017-09-12,1.3036165504686086,1.3065481406246935,1.3013066828721283,1.3059226920745914,0.0023393397692366307,0.001591371126256329,0.002187129056657184,0.001581276908598912,1.0094217657417035e-05,-0.0006058521480582721
2017-09-13,1.30435175222884,1.3076532927877835,1.30283603942851,1.3075507990503317,0.0016510684732246907,0.0012931826786268014,0.001823806792531092,0.0015443915103183555,-0.0002512088316915541,-0.00027941528221273656
2017-09-14,1.304920156994479,1.3080759809643598,1.3031523403595178,1.3053237223944227,0.0013001841084561985,0.0012559024343053633,0.0017672112362066947,0.001590268728770932,-0.0003343662944655687,-0.0001769425074357627
2017-09-15,1.305057238337029,1.3104687739161522,1.3033743287743025,1.3086882092756493,0.001403399361844642,0.001699180493315534,0.0022041009207254846,0.002216427794557775,-0.000517247301242241,1.2326873832290385e-05
2017-09-18,1.310513013321923,1.3142151916717704,1.3075649379117416,1.311101148826124,0.002156668960673199,0.002435661286589456,0.003086124231108486,0.002939885984224162,-0.0005042246976347058,-0.0001462382468843241
2017-09-19,1.3125167396563706,1.3141827942112767,1.3100936978088487,1.3128326878919112,0.002595344251314598,0.0026614766607057573,0.0029320014456187997,0.0028419611403375403,-0.00018048447963178293,-9.004030528125947e-05
2017-09-20,1.3136371410002834,1.3149624017731447,1.3061454589986419,1.3130283959930988,0.002647321691474622,0.00251321677651025,0.002588527807589047,0.002704034077720673,-0.00019081730121042273,0.00011550627013162586
2017-09-21,1.3120669765655577,1.3127968270213188,1.3063021099676653,1.3084092985511215,0.0024892196433628873,0.002074002607107538,0.0020647695869076012,0.0020079135308059353,6.60890763016027e-05,-5.685605610166594e-05
2017-09-22,1.3062395860838032,1.3098443607519858,1.3049318756336896,1.3086397927902091,0.001458509142591552,0.0010335345396844833,0.0010399329331818468,0.0008419755100191661,0.00019155902966531719,-0.0001979574231626807
2017-09-25,1.3063439738009703,1.3084910231686864,1.2985075562950774,1.3039463020305935,0.0006135707827612309,0.00042349172751897547,9.739219911311103e-05,0.0001213056108169117,0.0003021861167020638,2.3913411703800676e-05
2017-09-26,1.3071567183327573,1.3088251457663969,1.30296651383261,1.3049229167339946,0.00028427540842050636,4.154193956052819e-05,-0.00018962549793745894,-0.0002509988396658102,0.0002925407792263384,-6.137334172835125e-05
2017-09-27,1.311337207160873,1.3154616636819625,1.3054174447520865,1.312437093296012,0.00018910902248759942,6.766078645465295e-05,-0.000261118113324256,-9.278016001220859e-05,0.00016044094646686154,0.00016833795331204737
2017-09-28,1.3108772909695785,1.314255745988782,1.3087775118978455,1.3134693953714225,2.207776889598171e-05,-3.846540352784412e-05,-0.0001595373717064217,-8.595368052627765e-05,4.7488276998433525e-05,7.358369118014406e-05
2017-09-29,1.313738959597082,1.3194356869769552,1.3120475004257308,1.318832603591946,-5.1931397026654996e-05,0.00022256392960742153,6.702171074137596e-05,0.0003389751245608925,-0.00011641119495347098,0.00027195341381951654
2017-10-02,1.3202482562381297,1.32607849735843,1.3172814411984386,1.3243115726483659,0.00048759732846377694,0.0009869997028849116,0.0007533130608457987,0.0011006570686202218,-0.00011365736573531017,0.0003473440077744231
2017-10-03,1.3254733131473602,1.327922075350662,1.323472616775757,1.3271255650238032,0.0013277079692850281,0.0017060368003523252,0.0018281130927117288,0.0019711390942438673,-0.0002651022938915421,0.00014302600153213844
2017-10-04,1.3259817410223174,1.3305688179302007,1.324941119899925,1.3285194817330432,0.00211319508692856,0.0024548787712598942,0.0025576286595559747,0.0027574531515792726,-0.0003025743803193783,0.0001998244920232979
2017-10-05,1.3308616571300813,1.3379769808678181,1.3301077190893955,1.3372833617160222,0.002910550302413455,0.0032742620261332856,0.003351575932836132,0.0035260864604611747,-0.0002518244343278891,0.00017451052762504273
2017-10-06,1.3345721447220207,1.3374640514126517,1.3327731705426265,1.336869814660507,0.0032939887415293053,0.003563622240084498,0.003911009673764083,0.00393754029540686,-0.00037391805532236214,2.6530621642777488e-05
2017-10-09,1.33827581567381,1.339116402608111,1.3325267525851179,1.334292175180483,0.003542979824151257,0.0035181040662872766,0.0036912442379636386,0.00355331414600962,-3.521007972234324e-05,-0.0001379300919540187
2017-10-10,1.3380267215575488,1.3400006340364738,1.3332067116069017,1.3372023585247197,0.0034455142950012485,0.0031718748170429718,0.0033934774174894564,0.0030251041513745824,0.0001467706656683894,-0.000368373266114874
2017-10-11,1.3366485447946375,1.3391282187901903,1.3350479853969075,1.338992971036169,0.003177392885811782,0.0028426091030381573,0.0029929912556559382,0.002704243073126125,0.0001383660299120325,-0.00028874818252981344
2017-10-12,1.3370098052691433,1.339906439142282,1.3351600340990024,1.3366026138176013,0.002591511421463424,0.0021885299243508214,0.002463463249171275,0.0019999295850721575,0.0001886003392786639,-0.0004635336640991176
2017-10-13,1.3398354152756653,1.3410743144947734,1.3362727562697123,1.3387935122480805,0.0020337742987036013,0.0016325649440594202,0.0018928402665703307,0.0014922642146407011,0.0001403007294187191,-0.0004005760519296296
2017-10-16,1.3410318838727828,1.342719475323305,1.3386417032775353,1.3414107328704512,0.0016589315339341723,0.0013469036402369307,0.0015067224953768368,0.00125067052851037,9.623311172656077e-05,-0.00025605196686646686
2017-10-17,1.3417606143883538,1.3431232633861783,1.3388921751162368,1.3426991750340718,0.0014202520744518207,0.0010044635155093574,0.0012880995953386256,0.0010596924493995845,-5.5228933890227134e-05,-0.00022840714593904115
2017-10-18,1.3453966616432267,1.345844020774588,1.3424288245132707,1.3439298323353708,0.0012163758236749102,0.000802621019870155,0.0011733813150470492,0.0008399978823663413,-3.737686249618633e-05,-0.0003333834326807079
2017-10-19,1.33854645143976,1.3435465931285824,1.3351670081786953,1.3434826193176894,0.0007288471129730596,0.0007841878442974133,0.0007950317307936844,0.0009933764150238968,-0.00020918857072648345,0.00019834468423021235
2017-10-20,1.3483519354179343,1.3513390349784449,1.346374496364556,1.350227099482885,0.0009303798004260214,0.00108909120278772,0.0011443717312657022,0.001411923363879987,-0.000322832161092267,0.00026755163261428473
2017-10-23,1.3524475783714835,1.3528865940522685,1.3434026810944342,1.3443893669377749,0.001435194825211091,0.0014203820017803263,0.0011503202977525637,0.001178299422851162,0.0002420825789291644,2.7979125098598172e-05
2017-10-24,1.3471365579360617,1.3487097919801623,1.3436191204349155,1.3466521615016336,0.0014619326100384822,0.0014158845836500214,0.0010815758114231936,0.0011397226596814142,0.00027616192396860717,5.814684825822063e-05
2017-10-25,1.344907541210314,1.346507519984496,1.332173946387203,1.340094291457251,0.0011647869543763003,0.0011275366712318845,0.0003850896742127588,0.0007482749951339105,0.0003792616760979739,0.00036318532092115177
2017-10-26,1.342614742442779,1.3455104994733669,1.3399137387755864,1.3402764772005622,0.0006665545319286402,0.0007472411035666813,0.0001530807808683996,0.0001940582484251518,0.0005531828551415296,4.0977467556752196e-05
2017-10-27,1.3494604090624287,1.359699393619784,1.3475230714839692,1.3579237609950066,0.0006621574749435144,0.0011508155694347616,0.0003526872141912304,0.0007039488357730549,0.00044686673366170677,0.00035126162158182443
2017-10-30,1.355530107951508,1.3595214252286365,1.3516412760106826,1.354269521312233,0.0009519328846037244,0.0014286015222331261,0.0007984853287138164,0.0009571168304377118,0.00047148469179541434,0.0001586315017238954
2017-10-31,1.3571419035860894,1.3589073194037677,1.3542369012491515,1.3566987550378735,0.001202470404718859,0.0014961499990140646,0.00124499054569484,0.0012728205247813148,0.00022332947423274983,2.7829979086474704e-05
2017-11-01,1.3620130523985807,1.364213866730002,1.3550538576956008,1.358223119502561,0.0017746702322312784,0.0018432084465431025,0.0017858369694612416,0.0015840233129968706,0.0002591851335462319,-0.00020181365646437105
2017-11-02,1.3573323880930708,1.3593816575348028,1.3500496044455603,1.3585371467287997,0.0014334696203592684,0.001550865204534671,0.0014165723308315536,0.001709288692165599,-0.00015842348763092803,0.0002927163613340453
2017-11-03,1.3602403567710086,1.3646317499604994,1.3566965523134755,1.3641675567859726,0.0016768760906371743,0.0018724465889948232,0.0019766392577895966,0.0024088202380584986,-0.0005363736490636753,0.00043218098026890197
2017-11-06,1.3635451263007123,1.367246191253117,1.3625963893761466,1.3661888577914447,0.0022294835036437257,0.0022786806491004916,0.002535278631383152,0.0026604471563566228,-0.00038176650725613116,0.00012516852497347066
2017-11-07,1.3669895462467447,1.369139012753742,1.3615229055939115,1.3651874154881247,0.0024813846067484194,0.002335650323210753,0.0028171426240176435,0.0027440666671712678,-0.00040841634396051457,-7.30759568463757e-05
2017-11-08,1.3639634643437655,1.368245830409428,1.3618084621094042,1.3678125617613757,0.002178983299359754,0.0019494559088463898,0.0021345552457224717,0.0023090148931257113,-0.0003595589842793215,0.0001744596474032396
2017-11-09,1.3597091972390396,1.3633235112176043,1.3512791618343838,1.3620233701302886,0.001260696921350964,0.0009648086508535513,0.0010344223059280894,0.0012343557123431327,-0.0002695470614895814,0.00019993340641504334
2017-11-10,1.3595509544667528,1.3625078604967513,1.3574907472804565,1.361570115266679,0.0005829513813606232,0.000665682336099729,0.0006426292612201952,0.0010478604231178197,-0.0003821780870180907,0.00040523116189762447
2017-11-13,1.3574124223590491,1.3642175350158894,1.3568815684711475,1.3628159629624919,7.089558683629515e-05,0.0004139044129561164,0.0003713349372219495,0.0006415062503074304,-0.000227601837351314,0.0002701713130854809
2017-11-14,1.3583702941404496,1.3599925298170388,1.3529708086890033,1.3592705242746659,-0.0003042755458824732,-0.00016619127041608755,-3.7505706373225872e-06,0.0001001201956248791,-0.00026631146604096665,0.00010387076626220169
2017-11-15,1.3532147624653033,1.3566549475036713,1.3474443335507813,1.3529269004329927,-0.0006508038255565966,-0.0005877211420202521,-0.0006104698373618035,-0.0007168303677672607,0.00012910922574700852,-0.00010636053040545719
2017-11-16,1.3587541531980583,1.3685780118478232,1.3581522695842942,1.3660722865435926,-0.0009005818682565354,-0.000589426065728428,-0.00087450009292986,-0.0007316281273826627,0.0001422020616542347,0.00014287196554719735
2017-11-17,1.3640903746031499,1.3663106841110595,1.3614876123340984,1.3625456031420224,-0.0006826622267554688,-0.0004762682110987357,-0.0006116868271776925,-0.00065476479375452,0.0001784965826557843,-4.3077966576827455e-05
2017-11-20,1.363876553235864,1.3660653228578945,1.3613256563536846,1.3643421714120496,-0.00030275448309145374,-0.00022254832835274418,-2.2458507944242508e-05,-0.00032549338268190195,0.00010294505432915777,-0.00030303487473765946
2017-11-21,1.3696377943813935,1.3751837998071985,1.368894112784659,1.3741947002202433,0.0006170134778199425,0.0006690446807026702,0.0009234319465565272,0.0004968099477604923,0.00017223473294217782,-0.0004266219987960349
2017-11-22,1.374950748873186,1.3759965291105287,1.3723487005472832,1.3739977116574764,0.0015927401855438405,0.0014721527433072103,0.001987443595921189,0.0013741989901824123,9.7953753124798e-05,-0.0006132446057387766
2017-11-24,1.3766138015056992,1.3782910485070052,1.3750848732610104,1.3771373700591447,0.0022423818416422423,0.001978313933524031,0.002370987212089257,0.0019619245046095185,1.6389428914512314e-05,-0.0004090627074797384
2017-11-27,1.3772691097056633,1.379551953954966,1.374825616826686,1.3765037014753876,0.0027123137690812644,0.002317450375398203,0.002865941186709606,0.0023016692880594622,1.5781087338740708e-05,-0.0005642718986501438
2017-11-28,1.3793652507403045,1.389603847788863,1.3764954867458041,1.3890145587368583,0.0029392463368185253,0.003112255164540021,0.003201247423616053,0.0032258678144776506,-0.00011361264993762967,2.4620390861597365e-05
2017-11-29,1.3899341293018215,1.3945372125678086,1.378535046544303,1.384330426584868,0.0035404264190197123,0.003586772682634603,0.0031493405940594093,0.0033406469076671607,0.00024612577496744246,0.00019130631360775134
2017-11-30,1.390107416157871,1.4007906035256368,1.388115510957203,1.3953399373585587,0.0034247644585244886,0.00376115533813447,0.0029417033250182757,0.003329280122580351,0.0004318752155541192,0.00038757679756207513
2017-12-01,1.3922763917403018,1.3972201672621147,1.3719129200600892,1.3921341725271805,0.003349519291465911,0.004000680232240651,0.002071166804351538,0.0035053150943605937,0.000495365137880057,0.001434148290009056
2017-12-04,1.4023681216139752,1.4056138788928545,1.387173912808667,1.3878248653987186,0.003774150047041155,0.004199711118732732,0.0020886084899481737,0.0028952830749856585,0.0013044280437470735,0.0008066745850374849
2017-12-05,1.3894640543812373,1.396079821570533,1.3807452753566134,1.3835034369397068,0.0030166951410622498,0.003385942737047248,0.00143325106159225,0.0018628926939489039,0.0015230500430983443,0.00042964163235665394
2017-12-06,1.3806782963603044,1.3876624270222173,1.3794363626520174,1.3848224266736826,0.001853948284305653,0.0023571301013146483,0.0009756728356211542,0.001327024697400623,0.0010301054039140254,0.0003513518617794687
2017-12-07,1.3839680599940463,1.3918264375850884,1.3829795103971976,1.389145245595161,0.0010910157800070723,0.0014583711805664994,0.0008138782178971544,0.0008849933262825915,0.000573377854283908,7.111510838543709e-05
2017-12-08,1.3957336985102535,1.399464596704974,1.3923508150656945,1.396705742878229,0.0009714148112344928,0.0009373294021886052,0.0012167988860376524,0.000881056804198468,5.627259799013723e-05,-0.0003357420818391844
2017-12-11,1.397250078128835,1.4031188776562276,1.396568692174063,1.402677069702641,0.0007464563440239128,0.00044302333346474097,0.0016232176728956018,0.000923392047933801,-0.00048036871446906004,-0.0006998256249618008
2017-12-12,1.4036214215112344,1.407559283482931,1.401529806800919,1.4043064112431278,0.0007665748766697156,0.0005753877932904131,0.0021480149449490072,0.0015714046691603653,-0.0009960168758699523,-0.0005766102757886419
2017-12-13,1.406370518891847,1.409280946968775,1.4033718059969869,1.4044032725764186,0.0013472218884690967,0.0009129105110122225,0.002605809249959187,0.0017270693710850142,-0.0008141588600727917,-0.000878739878874173
2017-12-14,1.4066527472856798,1.4085767824343458,1.3982741385434383,1.3990902894708535,0.0017555866686381134,0.0014502050525177532,0.0031231949643911595,0.002083595155296997,-0.000633390102779244,-0.0010395998090941623
2017-12-15,1.4048366105058372,1.4149128181847983,1.4036337456500072,1.412307361081967,0.002008938346580086,0.002000694533646992,0.0027296152783285775,0.00290187564938942,-0.0009011811157424283,0.00017226037106084268
2017-12-18,1.4203050128147356,1.424688668538652,1.4193079455799285,1.422176764733007,0.0036265579751852232,0.0034295366164577646,0.0038238966130163684,0.003726676612189157,-0.0002971399957313924,-9.722000082721142e-05
2017-12-19,1.4231381630144992,1.4243306341660136,1.4144865657295873,1.415943151009014,0.004321025057343301,0.00397203615871777,0.003837114334563653,0.003506980391754681,0.00046505576696308877,-0.00033013394280897177
2017-12-20,1.4215549590581338,1.422137679453324,1.4124710105483538,1.41572647947858,0.0039352473449312236,0.003491326260755717,0.003244146497761813,0.002970189717751808,0.0005211365430039089,-0.00027395678001000505
2017-12-21,1.4190718933172348,1.4229542487981257,1.416216041069896,1.418335510111063,0.003137872559230731,0.002914875365415382,0.002691242928221729,0.0024893031541659938,0.00042557221124938814,-0.00020193977405573525
2017-12-22,1.418608288683574,1.4197746889720595,1.4139394568521284,1.4175825368150081,0.002674085139160272,0.0022968977395178966,0.002236048643822008,0.0021175570840192702,0.00017934065549862635,-0.00011849155980273767
2017-12-26,1.4143290694151998,1.4165737490767234,1.4117611197126965,1.4143127225240433,0.001800709973892161,0.001501759185569466,0.0016815472707210645,0.0017124939143349067,-0.00021073472876544075,3.094664361384214e-05
2017-12-27,1.4154486276407388,1.4174249214389056,1.4132006910248542,1.4146821131833476,0.0012061397702211047,0.0008859859195748862,0.0013521583074841757,0.0012951638794159355,-0.00040917795984104924,-5.699442806824024e-05
2017-12-28,1.4182837878784995,1.4189583303886963,1.4149484291470484,1.4175369004656935,0.00080612775483839,0.00034904721709819896,0.001099435197632886,0.0009142408525386143,-0.0005651936354404154,-0.0001851943450942716
2017-12-29,1.4202958636687955,1.420538619025736,1.4102771023766718,1.4112435491064088,0.0003902772938285219,-0.0002659398428645881,0.00011174524400858418,-0.00032335024811645503,5.741040525186693e-05,-0.0004350954921250392
2018-01-02,1.4167953113528975,1.4248856293897942,1.413212690324306,1.42431230104044,-0.0005029592774091137,-0.0003664068219260399,-0.000504005060921782,-0.00011427446478717245,-0.0002521323571388675,0.0003897305961346096
2018-01-03,1.4256355209021272,1.4344448417743672,1.4246607440911834,1.4334818803290068,-2.772972957505381e-05,0.0005853785804885956,0.0004335221722231953,0.0011074060084911802,-0.0005220274280025846,0.0006738838362679849
2018-01-04,1.4376382248299617,1.442264463930917,1.43566167064745,1.4389110270968828,0.0012264572205203837,0.0018215632243486627,0.0015847922152477972,0.002072615807557169,-0.0002510525832085063,0.00048782359230937176
2018-01-05,1.4443078545295043,1.4497581583290398,1.4410060713237745,1.448929790789091,0.00256313689876696,0.00310291809980699,0.0026365367386216405,0.003291460359467783,-0.00018854225966079318,0.0006549236208461427
2018-01-08,1.448630913497677,1.4531973405725067,1.4465270056475832,1.4524247919195863,0.003694289405019137,0.004291509006977981,0.003893212311088832,0.004472412332655665,-0.0001809033256776841,0.0005792000215668336
2018-01-09,1.4548692409855641,1.4585986163880826,1.4513980738129248,1.4543951259456172,0.004776516190421812,0.0051961613729652936,0.004896404598327275,0.005297435435301893,-0.00010127406233659958,0.0004010308369746182
2018-01-10,1.4501351999004992,1.4537003476101298,1.4451122452539034,1.4523290116540941,0.004875714573874901,0.005149646389362794,0.0049574671917079136,0.00534556057379334,-0.0001959141844305465,0.0003880933820854266
2018-01-11,1.4554196104319477,1.4631515808788746,1.4537608773697706,1.463009484099243,0.004903777043954453,0.0052253786684020856,0.005181988708689318,0.005540079475912575,-0.00031470080751048925,0.0003580907672232564
2018-01-12,1.4643449834255113,1.4741235860120285,1.4632881765492143,1.472987554632648,0.00512319196236748,0.005447548679357405,0.005551058342454343,0.005883389608787329,-0.0004358409294299235,0.000332331266332986
2018-01-16,1.4814024180150975,1.4860292719738941,1.463583978122266,1.46808556606925,0.005848833268086613,0.005755802553449471,0.005038904490637489,0.004867632648591638,0.000888169904857833,-0.0001712718420458512
2018-01-17,1.4739846568378971,1.48440289555707,1.4685339960606867,1.4819977716701322,0.005195813757064623,0.005471319581219762,0.004346313532024124,0.004792979250557161,0.000678340330662601,0.0004466657185330375
2018-01-18,1.4814525105815082,1.4844595616459624,1.4765334774001055,1.4803991822202789,0.004846274838551886,0.005105786904116,0.00418270022200263,0.004543217524438871,0.0005625693796771289,0.0003605173024362413
2018-01-19,1.483663362409975,1.4869340535551938,1.4790334615724814,1.4860503008327426,0.004740938527939878,0.004790295627993698,0.004260084385026421,0.004394947181207034,0.00039534844678666345,0.0001348627961806131
2018-01-22,1.4848351349309759,1.4993228971841002,1.4842981529322055,1.4992122662292642,0.004586278606563918,0.005108689514240813,0.004455208231850347,0.0050611346665283205,4.7554847712492215e-05,0.0006059264346779739
2018-01-23,1.500653676119999,1.5059014370467383,1.4983882362915308,1.50439526471222,0.005091412373358645,0.005414406950377375,0.005262191864001317,0.00563354668458721,-0.00021913973420983543,0.00037135482058589346
2018-01-24,1.5082699334312106,1.5122642766733225,1.4941714700012272,1.5017299155618027,0.0057972879154444094,0.005788435887496544,0.005535286962322773,0.005561986498690437,0.0002264493888061072,2.6699536367663645e-05
2018-01-25,1.5087306577206965,1.509038195030086,1.4975609504214562,1.502275806067677,0.005565410013762691,0.005009452631178803,0.0050557421652273815,0.004808706180149694,0.00020074645102910894,-0.00024703598507768744
2018-01-26,1.508331919773522,1.5208939641443429,1.506455853181916,1.5204600360747937,0.0049538288313595745,0.004836468121191929,0.005002207475911217,0.0051539087593878655,-0.00031744063819593663,0.00015170128347664815
2018-01-29,1.5179540853251876,1.5213853429956448,1.510771527459444,1.5120704504278542,0.004820756583568828,0.004721845426935198,0.005180499500821361,0.005010331951316333,-0.000288486524381135,-0.000170167549505028
2018-01-30,1.4995026241121516,1.5053985764396935,1.4929575723646336,1.4966878741522498,0.004168596007103969,0.003956059900010151,0.0038312855840940186,0.0032271742204070418,0.0007288856796031093,-0.0006041113636869769
2018-01-31,1.503448048391169,1.5061357111476925,1.4912959151421012,1.499082429985607,0.0030177265419593763,0.002887277178268906,0.0023653934481854782,0.002155414355824534,0.0007318628224443719,-0.0002099790923609443
2018-02-01,1.4923433701359896,1.5047166376127983,1.489487180762017,1.49543864502753,0.0014018722512181981,0.001481440117027797,0.0010582397798528129,0.0005712431869873123,0.0009101969300404848,-0.0004869965928655006
2018-02-02,1.487250727581741,1.490682717753246,1.4627205098878864,1.4637140912413313,-0.0004763828394263979,-0.0007704576694745022,-0.0016992630926911452,-0.0025489134664147006,0.0017784557969401983,-0.0008496503737235553
2018-02-05,1.4510261184937248,1.466878755276143,1.3987325715623447,1.4037964918122836,-0.004295890744644751,-0.003540268854595352,-0.007398304974954623,-0.007789096521737135,0.004248827667141783,-0.0003907915467825122
2018-02-06,1.3810073539487278,1.434178156450845,1.3738274128353027,1.4317088438431322,-0.01047022831623412,-0.007261917416217718,-0.012479312607830684,-0.010004699574489184,0.0027427821582714663,0.0024746130333415
2018-02-07,1.4281297416726575,1.4474467351745164,1.420567000461465,1.4222705499896409,-0.012116244892179617,-0.008966262913614286,-0.013782177777951739,-0.012031761073288735,0.003065498159674449,0.0017504167046630045
2018-02-08,1.4247574218692565,1.426619379182119,1.3674797333736441,1.3678987527662791,-0.01294409496830183,-0.011236050950462777,-0.016862571312244577,-0.016025020440581093,0.004788969490118316,0.0008375508716634839
2018-02-09,1.3851998739968356,1.3991813954570984,1.3413458391122772,1.3889618118540636,-0.014938354599380563,-0.013213055724113838,-0.01919871444588056,-0.016028290908048366,0.0028152351839345283,0.003170423537832194
2018-02-12,1.4006045283504556,1.4182094512412602,1.3905303514452856,1.4092206777951013,-0.013958373007403099,-0.012644104092939049,-0.016563020875339816,-0.013891920164640102,0.0012478160717010536,0.0026711007106997135
2018-02-13,1.4016508456371983,1.4172180621144947,1.3986131508958215,1.4145215834148515,-0.012728998105202886,-0.011944395799628398,-0.013216575540918924,-0.011245250289040267,-0.0006991455105881308,0.0019713252518786563
2018-02-14,1.4067575370905963,1.437721500599605,1.404004305099421,1.4358699898107936,-0.009771965947853106,-0.00900832110144273,-0.00854327565303036,-0.006278529787954343,-0.0027297913134883877,0.002264745865076017
2018-02-15,1.446621182386776,1.4555901337747474,1.431948044766444,1.4555901337747474,-0.004208858824080352,-0.004362935428780571,-0.0014082739535803438,0.0002871273282004656,-0.004650062756981037,0.0016954012817808094
2018-02-16,1.451254197459549,1.467240346612905,1.4493076292328906,1.454259521518151,0.0018216570454902754,0.0005777945151812501,0.005586613519043781,0.005148247599191709,-0.004570453084010459,-0.0004383659198520717
2018-02-20,1.4481153701356706,1.4595616656064543,1.4419529212674564,1.447766338853248,0.00570231178997787,0.0037969064347460665,0.008077052919183817,0.005775288486805424,-0.0019783820520593576,-0.002301764432378393
2018-02-21,1.4513758960479317,1.466054541767786,1.4408478517735999,1.4412532373346056,0.005128177564353291,0.005278827310147746,0.008322988859612374,0.007374924917386562,-0.0020960976072388164,-0.000948063942225812
2018-02-22,1.4471548592286765,1.4565507158802404,1.4382820520520738,1.4419007889369382,0.006612345456253088,0.006740549169419697,0.010732575639540668,0.008264973136147344,-0.0015244239667276463,-0.0024676025033933246
2018-02-23,1.4504784092488954,1.4664762554209974,1.4465250838082242,1.4664762554209974,0.007822369088956041,0.007244822413776447,0.009837903296184756,0.006632772573119996,0.0006120498406564506,-0.0032051307230647596
2018-02-26,1.4732190051265126,1.484568796222793,1.4700501130972727,1.4841062989474794,0.007323849458281105,0.006423648953667608,0.007526029291357576,0.006171535867029202,0.0002521130866384065,-0.0013544934243283745
2018-02-27,1.484937116576571,1.48969566569348,1.4659966477429633,1.4662992013690828,0.007424577940824296,0.006115661174350134,0.006711972859283829,0.004936327481902124,0.0011793336924480098,-0.001775645377381705
2018-02-28,1.4736525064330535,1.476963010808508,1.451052542415415,1.4517582941651328,0.005957323528884344,0.0041805727691926016,0.004706893720619807,0.00256951152000983,0.0016110612491827716,-0.002137382200609977
2018-03-01,1.4523009626622603,1.4606018757992352,1.4213148000376246,1.4315247981225,0.002793138150026381,0.001995773520791014,0.0008035371989272652,7.092334279090998e-05,0.0019248501780001043,-0.0007326138561363552
2018-03-02,1.4192255836070673,1.4439512795744258,1.4143445068417435,1.4412123309233904,-6.962398266241118e-05,-0.0001833357366770991,-0.0018269253367172963,-0.0005319086999547263,0.00034857296327762727,0.00129501663676257
2018-03-05,1.4342335472167422,1.4613969066249795,1.4315937583216687,1.4575388167808174,-0.0014728343829451792,-0.0004931074603551624,-0.0021458377614549545,-0.0001586362360518944,-0.00033447122430326805,0.00198720152540306
2018-03-06,1.4635583353333181,1.466606904736006,1.4527176966803683,1.4618423453846021,-0.0012794551288513748,-0.0009597799603718164,-0.0015881356441867645,-2.3253726119996974e-05,-0.0009365262342518194,0.0015648819180667675
2018-03-07,1.4492901436132766,1.464452168518254,1.4473892332192344,1.462741598630042,-0.0018341599404593698,-0.0011965219539898156,-0.001525230414242522,-0.0004436460680597049,-0.0007528758859301107,0.0010815843461828172
2018-03-08,1.4673393005408426,1.4697004738609558,1.4601088174244312,1.468673236155386,-0.0016604858902152615,-0.001761158433544915,-0.0010188724690333357,-0.0007577894235577101,-0.0010033690099872047,0.0002610830454756256
2018-03-09,1.478316197599995,1.494691272408665,1.4756952734466724,1.4945213067523573,-0.0009111618937260195,-0.00046034881663772545,0.0006226244020734868,0.00165181190131093,-0.0021121607179486555,0.001029187499237443
2018-03-12,1.4968830418438892,1.5018370468623208,1.4913419629078029,1.4953370267891388,0.0020295110491064844,0.0020943994967986667,0.0043323342916821985,0.004941303265328758,-0.0028469037685300916,0.0006089689736465597
2018-03-13,1.5015615121486472,1.5048771783207961,1.4789806762659032,1.482392806889898,0.005719743902597844,0.004947452331597373,0.006839478131014788,0.006201476398202045,-0.0012540240666046726,-0.0006380017328127428
2018-03-14,1.489204262987012,1.4903764582367858,1.4723122541396783,1.4763424159916576,0.007782129815619124,0.005976694804302625,0.007829234001953825,0.0059671603894435555,9.534414859069251e-06,-0.0018620736125102696
2018-03-15,1.4789084868530857,1.4833646033024952,1.4713356902137822,1.4751682988450145,0.007670985548082965,0.00537014288690381,0.006525513115697189,0.004021912535583269,0.0013482303513205418,-0.0025036005801139204
2018-03-16,1.4769657053678167,1.4833272364523633,1.4745330901119555,1.4757369065063182,0.004926330666266836,0.003375601180834633,0.004325195826874209,0.0022245030351562955,0.0011510981456783376,-0.002100692791717914
2018-03-19,1.4685649962277556,1.469580260881686,1.442764944029011,1.4534946354654363,0.0020241059294469235,0.001316981921214659,0.0008124620834588123,-0.00011616856285913035,0.0014331504840737895,-0.0009286306463179426
2018-03-20,1.4546252921521492,1.4601216524080278,1.4502168508994444,1.4554579641384124,-9.96192038587433e-05,-0.0010094204023752794,-0.0010209497668358994,-0.0020138272194855943,0.001004406817110315,-0.000992877452649695
2018-03-21,1.4541187944946317,1.4669979532224837,1.4493166617472355,1.4526251915634034,-0.00309390495216912,-0.0030257917345058918,-0.003228380458830644,-0.0039286640881294075,0.0009028723536235158,-0.0007002836292987636
2018-03-22,1.4381000635261334,1.4441235793652096,1.4151809681605494,1.4167733149542319,-0.005817191635485365,-0.005970827159692305,-0.006473148563425463,-0.0072809922450791775,0.0013101650853868723,-0.0008078436816537143
2018-03-23,1.4178402609491594,1.4230030451083264,1.383353624988571,1.3842891255491434,-0.008559350327969315,-0.008091815526064512,-0.009870276509083247,-0.010052890618252002,0.00196107509218749,-0.00018261410916875498
2018-03-26,1.4078631011947147,1.4278674096725903,1.392581057838883,1.4263224343921403,-0.009874886461698687,-0.008602141742926016,-0.010601684596308019,-0.009141534067800602,0.0005393923248745852,0.001460150528507417
2018-03-27,1.433687991073876,1.4359412789200925,1.387240907310215,1.3965715557339808,-0.00839086463443934,-0.007572797998271099,-0.011251357517963512,-0.009879360196264888,0.0023065621979937896,0.0013719973216986241
2018-03-28,1.3960635472457334,1.4064138563946769,1.3826400654536721,1.3901457366848593,-0.008960192462220773,-0.008285168949685558,-0.011484549725594666,-0.01033078734903768,0.0020456183993521216,0.0011537623765569861
2018-03-29,1.3972820863421962,1.4206454044640249,1.390454601449748,1.4106005656315883,-0.00902046122407776,-0.007671002131214239,-0.010269663156548009,-0.00869996280168269,0.0010289606704684505,0.0015697003548653197
2018-04-02,1.4043749106739911,1.408450077935829,1.3613560426735922,1.3760129696266525,-0.007833956509147026,-0.006964293351702145,-0.009448433875849396,-0.008135188032165454,0.0011708946804633094,0.0013132458436839415
2018-04-03,1.3850486429106974,1.3968663668142267,1.3718197323313666,1.393298642472869,-0.007381770709505167,-0.006898286477273713,-0.008802491292821665,-0.006901601457038644,3.3149797649314333e-06,0.0019008898357830211
2018-04-04,1.3709028164461559,1.414601298994465,1.3684234657466088,1.4111289242250684,-0.007618169615187112,-0.005614113029834228,-0.006985063863083405,-0.003834917080956283,-0.0017791959488779453,0.0031501467821271217
2018-04-05,1.4207400523876068,1.426404812596425,1.4123695439446893,1.4203455685813264,-0.004155122456309348,-0.0026759296538869794,-0.001839155261138492,8.296354184068969e-05,-0.002758893195727669,0.0019221188029791816
2018-04-06,1.4101096626180352,1.4180524550420786,1.379628097161446,1.3887840188294247,-0.001935239323889619,-0.0012262496062246757,-0.00030701281008838874,0.00028044813734160996,-0.0015066977435662858,0.0005874609474299988
2018-04-09,1.3987348826524268,1.4184859617794194,1.3934115881433928,1.3953025677450648,-0.0013471746534152998,-0.0008449457254919789,0.0002860774345615,-0.0009928584851307913,0.0001479127596388124,-0.0012789359196922912
2018-04-10,1.414306603620058,1.4252563910534435,1.4071548959621833,1.4203969459192192,-0.00034330702534550255,0.0002846977936100084,0.002122050136259294,0.0017713434769332504,-0.001486645683323242,-0.00035070665932604374
2018-04-11,1.4116208075606806,1.4236178248774665,1.4093865793101663,1.4124112749533049,0.0021576189014254565,0.0018948716362091147,0.00354708840201707,0.002188395578469166,-0.0002935239422600512,-0.0013586928235479042
2018-04-12,1.4209859619292708,1.4318057495240242,1.4197772089822116,1.426281988735239,0.002928556187191169,0.002132539915927612,0.004963733107935656,0.0027416475349046053,-0.0006091076189769931,-0.0022220855730310505
2018-04-13,1.4341610117787247,1.4351054324227976,1.4146538351132678,1.4208061046446065,0.004197278620466578,0.0031911802477254717,0.006171742929486135,0.003921854991325308,-0.0007306747435998364,-0.0022498879381608267
2018-04-16,1.4305780413295996,1.4374774811254514,1.4241782332656359,1.4325574145744444,0.005296403979405998,0.003390910219500207,0.005666037414712726,0.0033134997525230453,7.741046697716178e-05,-0.0023525376621896803
2018-04-17,1.4443159379292994,1.4544420706985504,1.4408578157972185,1.45086593318576,0.005538837597071779,0.0033918867212205184,0.006006225523185828,0.004170781961688292,-0.0007788952404677732,-0.001835443561497536
2018-04-18,1.4534408581465097,1.4577176463123662,1.448107759409522,1.4524112949651484,0.00461754758326927,0.004055972475900322,0.005678622074972212,0.005603256739719635,-0.001547284263819313,-7.536533525257655e-05
2018-04-19,1.4480809290886194,1.4512454936798116,1.4385729278197856,1.4444522576661531,0.005725919087250035,0.0046313102384150755,0.0067948052240036395,0.006715652795009893,-0.0020843425565948174,-7.915242899374664e-05
2018-04-20,1.4437634983025875,1.4449485077593585,1.425058182791192,1.4302594139880198,0.005558697149160496,0.0040052530400288425,0.004673440569258028,0.004657588131853044,-0.0006523350918242014,-1.5852437404983988e-05
2018-04-23,1.4347480302753586,1.438649524257225,1.4225787346437266,1.4295048287450178,0.003733478464186976,0.0027385026122910285,0.0027850649824805087,0.0024902021388042723,0.0002483004734867562,-0.0002948628436762364
2018-04-24,1.4365298415492342,1.4386932419744596,1.4002274838456257,1.409665875251012,0.002607041214746548,0.0016810919210002706,0.00024020961281280453,0.0004990770940569568,0.0011820148269433138,0.00025886748124415225
2018-04-25,1.4100522673463802,1.4151579115567903,1.3953502899468158,1.411242929714047,-0.00041205300643442245,-0.0009321727311195977,-0.002337926993390423,-0.0018083312786984123,0.0008761585475788146,0.0005295957146920108
2018-04-26,1.4201981881911192,1.4328293141230402,1.4164292658792916,1.4278356218435024,-0.0022343771301260363,-0.0019331366508168225,-0.0029034557904331526,-0.0022718077045150564,0.0003386710536982338,0.0006316480859180963
2018-04-27,1.4364776914823791,1.438342503743439,1.422900524881874,1.4292129566093235,-0.002280842917807742,-0.002425809120380317,-0.003416983953108005,-0.003044047635308028,0.0006182385149277108,0.00037293631779997723
2018-04-30,1.4329696284127107,1.4377601416283234,1.4156057088160998,1.417066437750932,-0.0027856032629118735,-0.0028313474441749105,-0.0037934111730745647,-0.0037973055323236625,0.000965958088148752,-3.894359249097864e-06
2018-05-01,1.413826164034347,1.4229438515196338,1.4051965265726813,1.4223421499290811,-0.0034476817351359952,-0.0029175005963323064,-0.003521730413915579,-0.0028544599870675507,-6.304060926475572e-05,0.0006672704268480285
2018-05-02,1.4218579002946568,1.4244411002680972,1.4107074870649472,1.4120950494034339,-0.002693764470863111,-0.002321817331241346,-0.002033864184363836,-0.0020217802517762604,-0.0003000370794650855,1.2083932587575712e-05
2018-05-03,1.4063207741548627,1.4119783992791588,1.3946064779997516,1.4090490435368686,-0.0027618316865370995,-0.0024340425253625594,-0.001606553617749734,-0.0013971670132401641,-0.0010368755121223953,0.00020938660450956978
2018-05-04,1.403673809218146,1.4331450794147464,1.401197981252273,1.4290493169904244,-0.0027559238307522218,-0.0013355558110194705,-0.001187762847509995,-0.00019868947845494742,-0.001136866332564523,0.0009890733690550476
2018-05-07,1.4346518515665734,1.4416679897695073,1.4315174604230616,1.4359899435761514,-0.0011754001506933387,-4.9043452078782956e-05,0.0010087357166256056,0.0013427298478073137,-0.0013917732998860967,0.0003339941311817081
2018-05-08,1.4340415581476604,1.4383248232877397,1.426251545695665,1.4355855264261363,0.0004917880182139456,0.001021441425220131,0.0013195709905530267,0.0014608857046970532,-0.0004394442794769223,0.0001413147141440265
2018-05-09,1.4395888953890639,1.451272031561215,1.4352969669182223,1.4493528188544098,0.0007265476158750748,0.0012335813160969595,0.0014832034427594018,0.002120944159147984,-0.0008873628430510244,0.0006377407163885821
2018-05-10,1.4541506537545152,1.465088872720608,1.45291618021909,1.4631428131588586,0.002073959931692712,0.002939713683667332,0.0035289468102520237,0.00417742554622512,-0.001237711862557788,0.0006484787359730963
2018-05-11,1.4633172132273726,1.4681992804030406,1.4592285173984447,1.4651759814077425,0.004595121582860553,0.00479202567409313,0.005908151116914357,0.006008663381988764,-0.001216637707895634,0.00010051226507440739
2018-05-14,1.4690028275519436,1.4741748728575397,1.4645746372987998,1.4670919174063417,0.006867209244118082,0.006569554606973581,0.007652301589313283,0.006698723441681195,-0.00012916883470761448,-0.000953578147632088
2018-05-15,1.4592506580990616,1.4603064564394992,1.4508063088584064,1.4566062140591816,0.006894363381033771,0.006161481107027467,0.007357944076218009,0.006562180740915316,-0.00040069963388784935,-0.0007957633353026933
2018-05-16,1.4576695901743508,1.4670029749532492,1.4569700188541086,1.4639911010429063,0.006820126605292374,0.005765608776882061,0.00721434044678815,0.0057299880329446,3.562074393746034e-05,-0.0014843524138435501
2018-05-17,1.4616080889628407,1.4696034071002462,1.4565239921405446,1.462055904337404,0.005490827537425434,0.004164829956278149,0.00541224952210041,0.003960129033090947,0.00020470092318720153,-0.0014521204890094626
2018-05-18,1.4593672407873386,1.4617582719864297,1.4548106865876453,1.4566017710220645,0.0031926867877442025,0.0028487617406738816,0.0032056237945039196,0.0025836160123281285,0.0002651457283457531,-0.0006220077821757911
2018-05-21,1.466023709161746,1.472135161355276,1.4622360570874229,1.4669915186228026,0.0026477570566325673,0.0023200731194854872,0.0027754659136100214,0.0019025557963311328,0.00041751732315435447,-0.0008729101172788886
2018-05-22,1.4710888695311373,1.4733827464820235,1.4620669740705492,1.4639111566000633,0.0019581576317399194,0.0012672577811440428,0.0016126777146437113,0.0006507380230727927,0.0006165197580712501,-0.0009619396915709186
2018-05-23,1.4557170073659462,1.4692771535685358,1.4540922451785807,1.469158972660947,0.0003508571607973613,0.0004287037058224331,0.00018380598034797705,0.0002596432856393492,0.00016906042018308392,7.583730529137214e-05
2018-05-24,1.467419808861763,1.4693364128187734,1.4547712834270967,1.466850280532355,0.00015718294154298953,0.0002962607940815369,-0.00026123463864186774,0.0004218782486818742,-0.00012561745460033726,0.0006831128873237419
2018-05-25,1.4645044370264586,1.4684873484227827,1.4608565008569367,1.464681499495789,0.0002547541614958717,0.0002733804565619288,2.3982072219493855e-05,0.0005564216157343112,-0.00028304115917238235,0.0005324395435148174
2018-05-29,1.456039143910447,1.4612070671763848,1.4429388224330084,1.4508203393780674,0.0002552324840427152,0.0002482749659661056,-0.0003314542704248018,6.86244903564638e-05,0.0001796504756096418,0.0004000787607812656
2018-05-30,1.458003649631555,1.4703690839951093,1.45662418473527,1.4674604922107075,-0.00013014340679672298,-4.445972382738361e-05,-0.0005960525669623741,-1.3343576042306451e-05,-3.111614778507716e-05,0.0005827089909200676
2018-05-31,1.4663199524785215,1.469670285221398,1.4564317311984813,1.4596564172851005,-0.00015219205287316694,-5.0847385883733377e-05,-0.0005307540370278258,-0.00016022966554739458,0.0001093822796636612,0.0003705243714804313
2018-06-01,1.4679370948762074,1.478212049236377,1.4666827850361603,1.4767333144522155,7.168077768202204e-05,0.0005497104624567654,7.048246867133877e-05,0.0005478798707603651,1.830591696400292e-06,0.0004773974020890263
2018-06-04,1.481140097961566,1.48710952751406,1.4793268099620538,1.4849634607155289,0.0007896123113340119,0.0010082291227663774,0.0011240358074609126,0.0011633895868951747,-0.00015516046412879735,3.935377943426214e-05
2018-06-05,1.48643239015104,1.489095212371465,1.4811337454457036,1.4871914701256743,0.0019760654660483743,0.001959562545007461,0.002474008831714636,0.0022492988721966524,-0.0002897363271891916,-0.00022470995951798375
2018-06-06,1.4900486471935408,1.4990272193183936,1.4853253849654362,1.4987210187329227,0.003450068411473183,0.003330237766546741,0.003812281648546669,0.0035138872617972816,-0.0001836494952505408,-0.0002983943867493873
2018-06-07,1.500586363738748,1.502589297209452,1.4894433420096331,1.4953764581710856,0.0042442495978977255,0.004310659856561297,0.004561601579295944,0.004523961756534079,-0.000213301899972782,-3.7639822761864616e-05
2018-06-08,1.4921242585206393,1.500276580410119,1.4896863703925336,1.4987720858672209,0.00481317718883986,0.004765100814920003,0.004940948676819009,0.005247551795697722,-0.0004824509807777183,0.00030660311887871234
2018-06-11,1.499037938171078,1.5052355765556849,1.4986292576361662,1.5014304239821366,0.005265408581890166,0.00505839584462116,0.005790557610645467,0.005584625719481261,-0.0005262298748601015,-0.00020593189116420614
2018-06-12,1.5037640191919355,1.5071104889847617,1.499137129971014,1.504461044377714,0.004992485445378953,0.004523173673628442,0.005015505179574707,0.004717487360189431,-0.0001943136865609884,-0.000298017819385276
2018-06-13,1.5060719291258307,1.5097845162941332,1.4988096474936983,1.5004038350657263,0.004397932016590572,0.004188203546111843,0.004453755948219247,0.0040881998333331055,0.00010000371277873749,-0.0003655561148861418
2018-06-14,1.506300347685506,1.5108543668638792,1.5013441938285288,1.506483157834743,0.003787612159712242,0.0033872395035579213,0.003506085520451328,0.0028709268218067006,0.0005163126817512207,-0.0006351586986446272
2018-06-15,1.5021990514444352,1.5061828250924936,1.4942615389901557,1.5039816662857142,0.002576783877324453,0.002401714036381793,0.0023110985678895654,0.002088071772690713,0.0003136422636910801,-0.00022302679519885238
2018-06-18,1.4947701775561109,1.5021629953494249,1.4910801566818592,1.5012740651080572,0.001425648054376488,0.0014510506398399748,0.0014512287395833736,0.0013759227516385868,7.512788820138801e-05,-7.530598794478686e-05
2018-06-19,1.4864944688080077,1.4981410639341288,1.4835376903877617,1.4970456464644877,1.0716329381214736e-05,0.00023092187980154922,0.00015794921572360665,0.00038396237867384245,-0.00015304049887229323,0.0002260131629502358
2018-06-20,1.5021687537680355,1.5068766896234793,1.4980475058396288,1.5015532359538801,-0.000308923063530276,3.976890458155777e-05,-9.358192086497735e-05,0.00028706253544629764,-0.0002472936308647399,0.000380644456311275
2018-06-21,1.5022430131514544,1.5028592473873357,1.4879880300663784,1.4909609983373393,-6.890789099292107e-05,-0.0002281905187222071,-0.0007734887921291518,-0.0006448963330599818,0.0004167058143377747,0.00012859245906917
2018-06-22,1.4979488032893007,1.4993746391147509,1.4898635866030996,1.4921364604104728,-0.0006473432941161169,-0.0008436727274907734,-0.0013172505426120797,-0.0012328431834863689,0.00038917045599559544,8.440735912571082e-05
2018-06-25,1.4840109253769538,1.485608693266964,1.4589367487566807,1.4697251698727822,-0.0015957151493218487,-0.0018684923449752225,-0.002953886313452244,-0.0027855696985287933,0.0009170773535535708,0.00016831661492345065
2018-06-26,1.4733253571745786,1.478829590197219,1.4680596098292324,1.4725939792811764,-0.002629718501519685,-0.0029001854432500846,-0.003577932004927184,-0.0035954682302645016,0.0006952827870144169,-1.753622533731767e-05
2018-06-27,1.4771229924101121,1.4848550655198045,1.4578728994242767,1.4584172384552896,-0.0029337639723395646,-0.0030821489907283347,-0.004402751397077948,-0.005062856699404884,0.0019807077086765493,-0.0006601053023269363
2018-06-28,1.457263423072696,1.4719453521667927,1.4533145596154966,1.4676945699483925,-0.00395493457315266,-0.003594780188880788,-0.004811034743513813,-0.005109992276921117,0.001515212088040329,-0.0002989575334073043
2018-06-29,1.4740781637441627,1.482290298040257,1.4685627883208927,1.4695789529101206,-0.003737970285377619,-0.003382953309638633,-0.0042775961290252825,-0.004750944730868041,0.0013679914212294075,-0.0004733486018427581
2018-07-02,1.458953727040148,1.47551968101805,1.4570021860958944,1.474940629313385,-0.004500374286736848,-0.003518815074451908,-0.004275327963492632,-0.0038629462670795684,0.0003441311926276605,0.00041238169641306336
2018-07-03,1.4805082816421562,1.48180340337233,1.4652945237520603,1.4671992744519031,-0.004204650432212048,-0.0032571078436105586,-0.003910515247400283,-0.0033599049380987215,0.00010279709448816291,0.0005506103093015618
2018-07-05,1.4751644483905024,1.481407018483538,1.4680681895920125,1.4807893338682159,-0.0030828962163107366,-0.0022366143115126933,-0.002205961344632116,-0.0014533074687827178,-0.0007833068427299755,0.0007526538758493983
2018-07-06,1.4820449745771722,1.4977383003625673,1.4796121538277192,1.4955690239861068,-0.0012535650328172926,-0.0002844297818780615,-0.00017898273210129097,0.0008049894032629699,-0.0010894191851410313,0.0009839721353642609
2018-07-09,1.5021875429047338,1.5100183062883723,1.4989013107344553,1.509337024442588,0.00163299574833026,0.00216733811977687,0.003126694586743942,0.003836777400249656,-0.001669439280472786,0.0007100828135057141
2018-07-10,1.5121537498434,1.5152352403831206,1.5086189712978493,1.513194013445325,0.004082597294213043,0.0038569221922186946,0.004791088757087515,0.005376368894483649,-0.0015194467022649543,0.0005852801373961341
2018-07-11,1.5039621178859959,1.5092226902431773,1.4992635718833769,1.5028195254646826,0.00503188619297064,0.0044074991176362875,0.005951170394009759,0.006014438113090177,-0.00160693899545389,6.326771908041814e-05
2018-07-12,1.5104116455101946,1.5197956987148802,1.5068085106315698,1.5185367344177585,0.006214788514672617,0.005568082738216603,0.0064654502743922105,0.0061983233263992275,-0.0006302405881826248,-0.00026712694799298307
2018-07-13,1.5175581768286945,1.5221621743473241,1.5145392639457755,1.5195619685543056,0.006060031520948879,0.005573576464364882,0.006504359363966687,0.006327898004727176,-0.0007543215403622945,-0.0001764613592395107
2018-07-16,1.5198890857135434,1.5216611474134587,1.5147542846107458,1.5180035483910592,0.006422552223211665,0.0056327157531935,0.006829427805562568,0.005869397736982192,-0.00023668198378869187,-0.0009600300685803764
2018-07-17,1.5105831079285745,1.527430120900414,1.5100005753772214,1.5248473688445698,0.004713894454276618,0.005077929438336764,0.005564599276513557,0.005554677066544039,-0.0004767476282072757,-9.92220996951735e-06
2018-07-18,1.5248982709390626,1.5288829472490524,1.5212581701891745,1.5269450871800083,0.004597223388005992,0.0043920855675412245,0.004824239165420598,0.004233356895986343,0.0001587286715548815,-0.0005908822694342553
2018-07-19,1.5228215346039402,1.5256899562645287,1.517294837519983,1.5207383195425468,0.0034729597679286637,0.0029349917549828393,0.003374261098827775,0.0027552980550412283,0.00017969369994161105,-0.0006189630437865466
2018-07-20,1.5219664892512101,1.5249371302876555,1.51716462330034,1.5192444619133565,0.002183097405135708,0.001988823950397073,0.002090091412598858,0.0016968386158259664,0.00029198533457110653,-0.00039325279677289156
2018-07-23,1.5173870994135292,1.5242674740392752,1.514148321922997,1.5232768962082066,0.00150239088304562,0.0014951137161037656,0.0014721585423261186,0.0014892218300679532,5.891886035812484e-06,1.7063287741834587e-05
2018-07-24,1.532238009633235,1.537173866445032,1.5236696097085998,1.529013932191365,0.0021119107566227387,0.001880466943581595,0.001836600422905957,0.0016826987373238424,0.0001977682062577525,-0.00015390168558211464
2018-07-25,1.5285559384919647,1.5447046501932304,1.5263593209063706,1.5439854005822142,0.0017310360157601718,0.0020098307775478262,0.0015416285483296761,0.0018094120702675908,0.00020041870728023541,0.0002677835219379147
2018-07-26,1.5365059462703041,1.5421681160644294,1.5341544705898909,1.5369851444140417,0.0019156596546509562,0.002275621072904455,0.001846409251546227,0.0021031268743338777,0.00017249419857057711,0.0002567176227876507
2018-07-27,1.5405213791460497,1.5418388394769404,1.5177137586246041,1.5246041882660333,0.0024794477715113805,0.0024100350529300822,0.0014383412205327172,0.0015662486491721417,0.0008437864037579405,0.00012790742863942454
2018-07-30,1.5248973248386242,1.5267678025036464,1.510021556026121,1.5137669291706286,0.0020680668237160332,0.001450485643310868,0.0005865544899474951,0.00027323470838733026,0.0011772509349235378,-0.00031331978156016484
2018-07-31,1.519204870413005,1.5267490883851706,1.5146627641079033,1.5226872690433646,0.0006650839140092204,0.0008126148464786273,-0.0002716229779921334,-2.560758219080252e-05,0.0008382224286694298,0.0002460153958013309
2018-08-01,1.523564824890336,1.5275158361533168,1.5161834296747514,1.5213447106166118,0.00034975469183262865,0.00032167668466956384,-0.00035286010913326095,-0.00023164941548736785,0.0005533261001569317,0.0001212106936458931
2018-08-02,1.5122348869880706,1.5337853453790593,1.5114465302530475,1.532430626720754,-0.0007058572497941513,-2.3583268694686788e-05,-0.0008951837440779918,-0.0001789060727112349,0.0001553228040165481,0.000716277671366757
2018-08-03,1.533664093819022,1.5392955525190712,1.5311437402370787,1.5391861688188064,-0.0005212833863889858,-0.0002166007960865675,-0.0003009064822101342,1.0059403980197752e-06,-0.00021760673648458728,0.000301912422608154
2018-08-06,1.5390713038104675,1.547484540445805,1.5367823409862473,1.5460346109630383,-0.0004888525982996037,-0.00018163148623245154,0.0002304002203744974,0.0005815806367226572,-0.0007632121229551088,0.0003511804163481598
2018-08-07,1.5497150664283423,1.5539042877133058,1.5473823693398485,1.5512663698805667,0.0008513688999943913,0.000782513030032405,0.0017002910605199819,0.0015541419788826494,-0.0007716289488502444,-0.00014614908163733246
2018-08-08,1.5501819395010341,1.553629581251051,1.5464439564858208,1.5511030233025953,0.0017597416801673994,0.0020309328222569067,0.0030108824353729338,0.003246164882977167,-0.00121523206072026,0.00023528244760423304
2018-08-09,1.55161421488841,1.554793254514327,1.5479539357888419,1.54929254466543,0.0030141057453705765,0.0030655424437967516,0.004680062834995656,0.00428647644752533,-0.0012209340037285786,-0.00039358638747032625
2018-08-10,1.5402015025448657,1.5439510764304138,1.5341792435595007,1.53879911424756,0.0037305232245439988,0.0033337767797766435,0.0043345826765570075,0.003779841394548053,-0.0004460646147714095,-0.0005547412820089545
2018-08-13,1.540649695462667,1.5453561143241705,1.5316914194513584,1.5333023009301288,0.003433661261783475,0.0026483108759421644,0.0031410078791705496,0.0020788365120593386,0.0005694743638828257,-0.001062171367111211
2018-08-14,1.5379321958495336,1.5449162312609228,1.534501603935942,1.5432348253913122,0.0024181372599435757,0.0017122908720258005,0.0021474647327561123,0.0012775026309751476,0.00043478824105065293,-0.0008699621017809647
2018-08-15,1.5342610614568175,1.5363105552609908,1.5209212833128327,1.5297610543531963,0.0012660353116984583,0.0001377790844652844,0.0002740837437432946,-0.0005973294000073383,0.0007351084844726228,-0.0008714131437506328
2018-08-16,1.539238238452465,1.5471266561893529,1.5360320280349486,1.5408117427896872,-0.0004995648007712313,-0.0005353989356826358,-0.0011482966296080786,-0.0012323518212879298,0.000696952885605294,-8.405519167985123e-05
2018-08-17,1.5382475737990138,1.5485059580167315,1.5345930928145517,1.5453058024250113,-0.0012179007294190075,-0.0009277080263399368,-0.001634023080068739,-0.0012734635294859328,0.000345755503145996,0.0003605595505828062
2018-08-20,1.5481948371912544,1.5505239956443455,1.5432734980401654,1.5473330752744412,-0.0010887353218481013,-0.0007756510876197981,-0.0013121764995207147,-0.0008216112860535706,4.5960198433772506e-05,0.0004905652134671441
2018-08-21,1.5508902427631421,1.5583668516381952,1.5490949869169643,1.5518009272833615,-0.00021355190105271733,0.00019533926619170076,-4.4806296712284636e-05,0.0002069869425320577,-1.1647676340356949e-05,0.0002517932392443423
2018-08-22,1.5492793937336033,1.5552942251314363,1.5473641981612019,1.5527105298984685,0.0005906473371012173,0.0009263263624552505,0.0010448373888209987,0.0012678306036794332,-0.00034150424122418273,0.00022299321485843454
2018-08-23,1.5510807141144693,1.5572028690515283,1.5477221353322954,1.5498337282953838,0.0015995253887326692,0.0018188220248769409,0.0022435157623682945,0.0020315743095036145,-0.00021275228462667366,-0.00021194145286468
2018-08-24,1.5538784082201786,1.5613015454620924,1.5533691974322472,1.5601415240438183,0.0020066241235173156,0.002182862533950934,0.002834712592218055,0.002651439590354673,-0.00046857705640373885,-0.00018327300186338213
2018-08-27,1.567011407256059,1.5738081493925176,1.5649701631732662,1.5730662870309955,0.002994167113260215,0.0031124419166115476,0.003660228929547286,0.003351141845753204,-0.0002386999291416566,-0.0003090870837940819
2018-08-28,1.5764831082000426,1.5777295240637434,1.5713659150182457,1.5741648769111807,0.003997645794909782,0.003881715773263762,0.004618571378945728,0.004290947772624165,-0.00040923199936040294,-0.00032762360632156325
2018-08-29,1.5755754702752012,1.5857736865292236,1.5737946666451872,1.5844202106281393,0.004239590874471672,0.004118313512245841,0.004357196347275462,0.004516974420668557,-0.00039866090842271586,0.0001597780733930956
2018-08-30,1.5813574525640468,1.586049090314761,1.5745894222594727,1.5784127755725994,0.00462794789291214,0.004491453564836128,0.004505665108375718,0.004489500127813889,1.9534370222385605e-06,-1.6164980561828718e-05
2018-08-31,1.5761710650646699,1.5819492818788068,1.5731265142923578,1.5787166034769113,0.004156830808894916,0.004261134077588601,0.004011047520521739,0.004322432147453446,-6.129806986484524e-05,0.00031138462693170756
2018-09-04,1.576125334903007,1.5781787735987327,1.5682614601607223,1.5752330868977216,0.0038866915632314466,0.0035543127216073563,0.0033626852498884834,0.003695526288470102,-0.00014121356686274582,0.00033284103858161876
2018-09-05,1.5730842151123505,1.5750215974785815,1.5611492309757662,1.5676794920004078,0.003291815273636769,0.0028629293955789088,0.0024115980746435245,0.0026162810038851737,0.0002466483916937351,0.0002046829292416492
2018-09-06,1.5682947619566563,1.5708424077642302,1.5534296993042114,1.5608530640927378,0.0020592883026809305,0.0015368727926760265,0.0007779475692471447,0.0010328578293793632,0.0005040149632966633,0.0002549102601322185
2018-09-07,1.5536557237027764,1.5638670692372236,1.5511459625783088,1.5562032265918728,-8.213295034459906e-05,-0.00023087671257616447,-0.001029929141828706,-0.0010946770028855697,0.0008638002903094052,-6.47478610568636e-05
2018-09-10,1.5632943108942214,1.565338888283356,1.5567266489932288,1.5601969502738753,-0.001542512380890167,-0.0017258782689798262,-0.0021984349053789667,-0.002394392018315205,0.000668513749335379,-0.00019595711293623856
2018-09-11,1.5557315214289047,1.5691093500956594,1.5526930095279277,1.5665912868942877,-0.002654006485019081,-0.0022303821653660385,-0.00285425603352598,-0.0024843460035475877,0.0002539638381815492,0.00036991002997839237
2018-09-12,1.565551580867879,1.568845801976055,1.558197464852837,1.5657559743810427,-0.002461688364972863,-0.0024308812926567324,-0.0026346367040388386,-0.0024681383140148323,3.7257021358099926e-05,0.00016649839002400631
2018-09-13,1.5725620392128203,1.5787678005366785,1.5706839847199705,1.5763143314855665,-0.0018149874413172916,-0.0014462215209094223,-0.0014124001198160875,-0.0010904052312242887,-0.00035581628968513364,0.0003219948885917988
2018-09-14,1.5779188147738183,1.5798084105368135,1.5708772605198627,1.5761962094232058,-0.0004541068367462917,-0.0003015211211183711,-8.893227615937465e-05,-2.1357759870351116e-05,-0.00028016336124802,6.757451628902354e-05
2018-09-17,1.5752176376286005,1.5766621454501575,1.563322013261868,1.5648950743709176,0.0004553581240692508,0.0004738888603726422,0.0007698998736731185,0.0004783868252752485,-4.497964902606282e-06,-0.00029151304839787005
2018-09-18,1.5660142029392823,1.5787863704251732,1.5649141692651942,1.5740960589249566,0.0008713255751271263,0.0011778849421765368,0.0015100823910384953,0.0014153025427072214,-0.0002374176005306846,-9.477984833127385e-05
2018-09-19,1.5739451954336148,1.5790067811562423,1.5691915860127923,1.5748700006218206,0.0016397104727257272,0.001676060209465747,0.0020500031598276384,0.001904642425877703,-0.0002285822164119558,-0.00014536073394993553
2018-09-20,1.5830018847448588,1.5908352457217585,1.5806885433921127,1.5888657750495745,0.002572363603330578,0.0024925065487335064,0.002604912158633319,0.002615135312821457,-0.00012262876408795052,1.0223154188137695e-05
2018-09-21,1.5940572111361067,1.594760088941624,1.5848106740724466,1.5862045003376115,0.002953830498493893,0.0028156752471931476,0.002902005302664903,0.002530930582608513,0.0002847446645846347,-0.00037107472005639026
2018-09-24,1.5807846979254525,1.5865144616761022,1.573127312061215,1.5823110767343305,0.0027641996078593156,0.0024127428832828503,0.002525812807149577,0.0021369537347047827,0.0002757891485780676,-0.00038885907244479417
2018-09-25,1.5839617025038364,1.5860877599266636,1.5767701311783442,1.5802064180531372,0.002031669220403578,0.0019812263824325357,0.0018806143225426003,0.0017864164126973386,0.0001948099697351971,-9.41979098452617e-05
2018-09-26,1.5813909883086257,1.5899544927542069,1.5737639059324269,1.576122530999562,0.0014714046748991016,0.0015372537995836232,0.001146559704965401,0.0009924022213227942,0.000544851578260829,-0.0001541574836426069
2018-09-27,1.5797526612429946,1.5887352250060072,1.5778563935186964,1.5818029430675833,0.001097147907104816,0.0014323793553817315,0.0012794822065137496,0.0010864639300992554,0.00034591542528247614,-0.00019301827641449425
2018-09-28,1.5777538364743287,1.5853574067819391,1.5751088223742697,1.5816900056465886,0.0008838236495689291,0.0010918170144902373,0.001188483955950107,0.00109996198651842,-8.14497202818263e-06,-8.85219694316871e-05
2018-10-01,1.5898392776701786,1.594436457542142,1.581852348258891,1.585761042918608,0.0011516265360586927,0.0009694640578312102,0.0009103395806278946,0.0005155161485511509,0.00045394790928005924,-0.0003948234320767437
2018-10-02,1.5850923651069861,1.591423660841663,1.5808609764589356,1.5850796790346922,0.0003697126059764042,0.0006089455268503279,0.0004596539922326145,0.0002543831472130119,0.00035456237963731594,-0.0002052708450196026
2018-10-03,1.5915677380300746,1.5944999213886417,1.5845117156342274,1.5869995427324564,0.00023848321777317905,0.00027773779666695204,0.0002999661154356503,1.6431307850086754e-05,0.0002613064888168653,-0.0002835348075855635
2018-10-04,1.5832432769987899,1.584630251147281,1.5610430761652312,1.5713259515450386,4.336502926209032e-05,8.953082141956633e-06,-0.0005590640843389605,-0.00029041681152943365,0.00029936989367139027,0.0002686472728095268
2018-10-05,1.5719327619071988,1.5757795507119408,1.549526351369344,1.559870564507738,-3.459455336085066e-05,-0.00040572884056840796,-0.0015333436854805353,-0.0011869186167163895,0.0007811897761479814,0.0003464250687641459
2018-10-08,1.5554197470542785,1.564112058680774,1.5441086362977583,1.5579586471280409,-0.001629923108927197,-0.0017764607738355875,-0.003154337058510677,-0.002128069175804062,0.00035160840196847456,0.0010262678827066148
2018-10-09,1.5564715639661324,1.5660482934441013,1.5523221114084274,1.557142044896308,-0.002648625577758663,-0.002798482406395019,-0.00373272656601745,-0.00295889128862593,0.00016040888223091106,0.00077383527739152
2018-10-10,1.5519682135737551,1.5533315683917375,1.5026624595289122,1.5043832370720418,-0.00375113248661016,-0.004013458774731267,-0.006923899740681152,-0.006660157532926987,0.00264669875819572,0.00026374220775416454
2018-10-11,1.4988052196159607,1.5102984936795651,1.464179881789566,1.4751204906510038,-0.007506021176506205,-0.007213064045581507,-0.011079454390484985,-0.010709312245022386,0.003496248199440879,0.00037014214546259895
2018-10-12,1.5024855750995039,1.5067020138788836,1.47637867877297,1.498677900352925,-0.01021223707761055,-0.009883280565025677,-0.013374894411681522,-0.012187925863060165,0.0023046452980344887,0.0011869685486213567
2018-10-15,1.4957775928488841,1.5031110958922522,1.4863331656915286,1.4890132098257471,-0.01156630427781537,-0.011190696585750698,-0.01348106501348132,-0.012916094597249822,0.001725398011499124,0.0005649704162314986
2018-10-16,1.501406361395969,1.5261036022407468,1.4980216277522977,1.523322072946811,-0.011789666942436945,-0.010337854929318373,-0.011857966319025743,-0.01064559404930479,0.00030773911998641795,0.001212372269720952
2018-10-17,1.5258769999347654,1.5298890752829493,1.5085988794558274,1.5242157038129238,-0.009232200174178671,-0.008281690602592588,-0.00841043069321712,-0.007449782042898045,-0.0008319085596945434,0.0009606486503190761
2018-10-18,1.51889849252492,1.5225291768361384,1.492909108966131,1.5001455586200771,-0.006814091962539318,-0.006501791527169115,-0.006463121105041381,-0.0058507768968437245,-0.0006510146303253901,0.0006123442081976561
2018-10-19,1.5055167905637206,1.517466367029849,1.4945351077729778,1.4986043626486645,-0.005099992324903344,-0.004835352114915716,-0.00436903605683496,-0.004236736813232422,-0.0005986153016832941,0.0001322992436025381
2018-10-22,1.5041079358106535,1.5087030427865609,1.4895515873735186,1.4956106712884896,-0.0037585648901326415,-0.0037179185400456126,-0.0022413998703851696,-0.0021708295156823037,-0.0015470890243633089,7.057035470286587e-05
2018-10-23,1.4728121566639372,1.4953203084550228,1.4589308067534044,1.487676962857459,-0.0034320974784092387,-0.002529745539713781,-0.0005751255113001587,0.0001636229409633725,-0.0026933684806771533,0.0007387484522635312
2018-10-24,1.486843532689494,1.4883574980182903,1.4342031806876248,1.4366633542070928,-0.0016264522211206724,-0.0017118349607664239,-0.0024362584004371914,-0.002959737934769905,0.0012479029740034813,-0.0005234795343327138
2018-10-25,1.451818927459863,1.4777393557796794,1.4451835548780585,1.468837400930972,-0.0044860495022193535,-0.003554402934755427,-0.005434157530400469,-0.00545815350375535,0.0019037505689999232,-2.3995973354880816e-05
2018-10-26,1.4398938448868337,1.4620343784290988,1.424265268057168,1.4412176865991058,-0.0071812179865064765,-0.0060987151400350445,-0.008529542483076203,-0.007816446301986853,0.0017177311619518089,0.00071309618108935
2018-10-29,1.4598433879145483,1.4688220747272052,1.4074269743575543,1.4293462494280527,-0.008476740756139332,-0.007970758013620226,-0.011248069652483901,-0.010770097299192873,0.0027993392855726468,0.0004779723532910285
2018-10-30,1.42861619050675,1.453270664337101,1.4245993039745104,1.451644370520697,-0.010664747845672668,-0.008742601380219971,-0.011294254810443029,-0.00949699372087834,0.0007543923406583691,0.0017972610895646886
2018-10-31,1.468355756532556,1.484543837135332,1.466153527409122,1.4713397107188835,-0.008171461238615379,-0.006673446962240342,-0.007478728288366369,-0.006221202832484128,-0.00045224412975621367,0.0012575254558822406
2018-11-01,1.4751927009432277,1.488605759699016,1.4683909433418814,1.4865705111416272,-0.005073257025544969,-0.0043237537778760245,-0.004072656480825552,-0.003078396229717427,-0.0012453575481585974,0.000994260251108125
2018-11-02,1.4917478405760296,1.4959350906706956,1.4645029601353157,1.4759124201092624,-0.0014343914895326973,-0.0015006066229045784,-0.00047306667774096314,-0.0004551404149502583,-0.00104546620795432,1.792626279070481e-05
2018-11-05,1.478874627215843,1.487001046107137,1.4693371954246566,1.482823856481123,0.0015752714855702728,0.0005119925621887476,0.003422000025254781,0.00262057726323282,-0.0021085847010440723,-0.0008014227620219611
2018-11-06,1.4823388614163793,1.4952888523410681,1.4812489205708672,1.4919923383391518,0.0029933656993433467,0.0023475261219324333,0.006170434748810304,0.005822471751086552,-0.003474945629154119,-0.000347962997723752
2018-11-07,1.5064581212140598,1.5267659737612826,1.502076055237661,1.5262067035662867,0.006547005761330755,0.005436187501105103,0.008135864003533364,0.007437389517284526,-0.002001202016179423,-0.0006984744862488382
2018-11-08,1.5210776693313042,1.527174241997316,1.5147582714035173,1.5216152713682407,0.008325349450470448,0.007373684625814716,0.010702373939998268,0.00986142804385746,-0.0024877434180427434,-0.0008409458961408083
2018-11-09,1.5125267453365903,1.514364083580368,1.494637778105839,1.5040104649211914,0.008002773697194205,0.006966236604801952,0.009933520071858215,0.008844158348924276,-0.001877921744122324,-0.001089361722933939
2018-11-12,1.4990633945623926,1.5012423082945623,1.470253842934648,1.472594513466415,0.007395404098085039,0.005661269016543009,0.005859080341088992,0.0045607375714532515,0.0011005314450897577,-0.0012983427696357406
2018-11-13,1.4772324477135317,1.4915036903962176,1.4676635901033153,1.471839213964023,0.003040048399453345,0.0023953708676115616,0.002026638265776354,0.001198438663199416,0.0011969322044121456,-0.000828199602576938
2018-11-14,1.483808886333628,1.48685226515146,1.451730560862117,1.4606463730167385,0.001103423970222681,0.0004972061820709551,-0.00042658791649184387,-0.0017061421434311562,0.0022033483255021113,-0.0012795542269393124
2018-11-15,1.4550713716714307,1.4820016407381353,1.4451922073315355,1.479145600526969,-0.0021322156289748373,-0.0014227241249948116,-0.0029124666649471284,-0.002456671267355394,0.0010339471423605824,0.00045579539759173443
2018-11-16,1.4708191624632982,1.486833381476468,1.4677039433886996,1.4810783831433787,-0.003161313945558889,-0.0025104329456652405,-0.00414843461786941,-0.0037223163705463534,0.001211883424881113,0.0004261182473230562
2018-11-19,1.4773216749610025,1.4795710590304108,1.4472999862107725,1.4533232647243244,-0.004440263039459611,-0.00447954766830661,-0.006213863133975701,-0.00610373233282371,0.0016241846645171,0.00011013080115199105
2018-11-20,1.4306014449314866,1.443855169780929,1.4167146106267607,1.4262555561676142,-0.008017815706391027,-0.007754220939545806,-0.008886352166566965,-0.008992753707576682,0.0012385327680308764,-0.00010640154100971695
2018-11-21,1.4369779417720938,1.444859139712459,1.4289137000220093,1.4327680434488579,-0.009012488601748286,-0.008252218876685554,-0.008722726618672273,-0.008448781340676611,0.00019656246399105647,0.00027394527799566235
2018-11-23,1.4227616684788107,1.4342135706146593,1.4212422431649898,1.4243025128612823,-0.008965774051444497,-0.008310856227074904,-0.007245246667489425,-0.0075400708479088354,-0.0007707853791660687,-0.00029482418041941027
2018-11-26,1.4393955442369875,1.4501173969942793,1.4359265190810997,1.4493912555650372,-0.007390109685463591,-0.007229226682946276,-0.00517464481662425,-0.005256988655564279,-0.001972238027381997,-8.23438389400289e-05
2018-11-27,1.443186350568088,1.4548552964813102,1.4384539493174107,1.4535954527900856,-0.005618791982131559,-0.005985203560565575,-0.0038801271882246855,-0.004176932355733648,-0.0018082712048319276,-0.00029680516750896224
2018-11-28,1.4606687838001327,1.489019900609556,1.4530636544902737,1.489019900609556,-0.003671985965226547,-0.002964630960009579,-0.0015759468165185552,-0.0009846951031661619,-0.001979935856843417,0.0005912517133523933
2018-11-29,1.4835158471819045,1.494064328078718,1.4760278501510788,1.4852078211775304,0.0001602244340045566,5.110375632489512e-05,0.0010955930128854377,0.0010451704003138944,-0.0009940666439889993,-5.042261257154324e-05
2018-11-30,1.485055870462645,1.4977035858224885,1.4820063806871449,1.4960553254959497,0.002164153781998942,0.002854549535040263,0.003362831675078974,0.004602285268380164,-0.0017477357333399008,0.0012394535933011896
2018-12-03,1.521192497324352,1.524097457434778,1.4994166276983265,1.5144194431456546,0.0068255761171659105,0.0072294504802014456,0.007634270173746577,0.009084965092142735,-0.0018555146119412893,0.0014506949183961575
2018-12-04,1.5096372663563236,1.5124351157583842,1.4620974541542078,1.4643044128767482,0.010679628082880657,0.010032383098630535,0.008125457402877692,0.008579622521757993,0.001452760576872542,0.00045416511888030087
2018-12-06,1.4405625516233862,1.4649879825033734,1.4238169097681577,1.4648453597256264,0.007259582195796895,0.007467878780724207,0.004310226651490923,0.0061661674132595795,0.0013017113674646278,0.0018559407617686563
2018-12-07,1.4612916942506413,1.470412384573465,1.4222106716326344,1.4272759695129842,0.005274575917853596,0.0050100269624104,0.0011345670628025253,0.0016698834627240546,0.0033401434996863455,0.0005353163999215294
2018-12-10,1.4259265831300303,1.4378017950598188,1.4022057726835415,1.4319873232013474,0.00011809987464539765,-0.0002460251917859806,-0.003562450460372543,-0.0030672156720315653,0.0028211904802455845,0.0004952347883409778
2018-12-11,1.4515969012561292,1.453992308782334,1.4236967785442882,1.4329943120178599,-0.002567614549336164,-0.003602196953326969,-0.005877534475748668,-0.006169954513394538,0.002567757560067569,-0.00029242003764586976
2018-12-12,1.4518260128448064,1.4610204522049035,1.4410983631684993,1.4417594649306626,-0.005136006792093984,-0.006306124099205203,-0.006926706519664533,-0.008315563459090165,0.002009439359884962,-0.0013888569394256318
2018-12-13,1.4477347699013279,1.453172430978022,1.4335654693305957,1.4406863374642118,-0.006866785371168484,-0.007235214015255657,-0.007444836838379279,-0.008014610256089055,0.0007793962408333974,-0.0005697734177097756
2018-12-14,1.4270202468569144,1.433283207570291,1.4090703585263233,1.412372618155343,-0.008047533540561896,-0.008478360714613557,-0.0075317760943682,-0.00892631900000559,0.00044795828539203296,-0.0013945429056373892
2018-12-17,1.406771561277376,1.414484166249726,1.3736114308827239,1.3829141017112678,-0.009545292094668766,-0.009767551630254822,-0.008342664014879294,-0.009838838013314187,7.128638305936574e-05,-0.0014961739984348937
2018-12-18,1.3934399841857015,1.4002902851807788,1.3735625082310876,1.3839073742915644,-0.008412218406204456,-0.009062642562501028,-0.00668165913013515,-0.008101495239114987,-0.0009611473233860409,-0.0014198361089798371
2018-12-19,1.3838983927703172,1.406262931431721,1.3501183181253504,1.3599710209971247,-0.007021428579009662,-0.007308749238225141,-0.007261868675708963,-0.00942880928249001,0.0021200600442648695,-0.0021669406067810473
2018-12-20,1.3544298845120346,1.365360782739872,1.3253426148998604,1.3400203659415497,-0.01031888535311694,-0.009662088855636733,-0.010388193646847909,-0.010543630576793934,0.0008815417211572012,-0.00015543692994602482
2018-12-21,1.3436986534921016,1.3594693835501157,1.3047804078753122,1.309886827440077,-0.011775706830599295,-0.010767548293713756,-0.013549548272381372,-0.014293695212214007,0.0035261469185002507,-0.0007441469398326347
2018-12-24,1.3005136936834076,1.3101302740270482,1.2752616345030894,1.275672249919756,-0.016520375454068845,-0.01539350753973634,-0.018231280602614124,-0.018173020592876996,0.002779513053140656,5.826000973712872e-05
2018-12-26,1.2845179050449675,1.3408190150742358,1.2729771389665092,1.3402596236604003,-0.01890603086217857,-0.01571863428613529,-0.0200661712298172,-0.01656753756620289,0.0008489032800675991,0.0034986336636143103
2018-12-27,1.3231867775292494,1.3508990216515604,1.3004310582750496,1.3505291418050969,-0.017142000983886414,-0.013653602097622843,-0.017416564985512743,-0.012693498648268065,-0.0009601034493547777,0.004723066337244678
2018-12-28,1.3588633792636309,1.369503470265647,1.3414641584266664,1.3492766600319683,-0.012145460718550112,-0.009762177999184518,-0.011325924323423366,-0.00785349665056345,-0.0019086813486210684,0.0034724276728599155
2018-12-31,1.3596183274443325,1.3642233595863922,1.3473305242867264,1.3617618495859614,-0.007411480687073447,-0.006470538944222462,-0.00543192792981034,-0.0031120695107202394,-0.0033584694335022226,0.002319858419090101
2019-01-02,1.338681026432575,1.3694512358074835,1.3363638175875339,1.3641699903596143,-0.004352454665630583,-0.003309923359373104,-0.0017516824203981205,0.00041027352740668,-0.003720196886779784,0.0021619559478048005
2019-01-03,1.3524476493336577,1.3552327474819308,1.3279059688505652,1.3303246403355644,-0.0006059539303033137,-0.0013252667187898628,0.0019154505968302408,0.002379926085958573,-0.003705192804748436,0.000464475489128332
2019-01-04,1.3492587461402876,1.3819620130612895,1.3464484950140614,1.3767940785630866,0.0028273773225665644,0.003061678251322401,0.005584460723570125,0.005938006073121757,-0.002876327821799356,0.0003535453495516318
2019-01-07,1.379174329223875,1.398063899025292,1.374202362279047,1.3895174411329543,0.006347774940110602,0.00589465458389858,0.009160087311686115,0.008656128135348945,-0.002761473551450365,-0.0005039591763371706
2019-01-08,1.4022485555555697,1.4054391690868948,1.3859310416009534,1.4017939496480003,0.010111418656698937,0.008340757018876372,0.011412406880824864,0.009435010820221012,-0.0010942538013446398,-0.001977396060603853
2019-01-09,1.4071594023377867,1.4144844587763923,1.3996047946695775,1.4087346889886598,0.01055423364005929,0.007433755401600687,0.01145900525645988,0.0071974817288903955,0.0002362736727102915,-0.004261523527569485
2019-01-10,1.4001133051333894,1.4159377324231184,1.3946280954998664,1.4140293575533631,0.008253654882988279,0.00738704011669416,0.009574657791108483,0.007941699607811962,-0.0005546594911178026,-0.0016329581832965206
2019-01-11,1.4069857859547148,1.4140702152568851,1.403409044155086,1.4133860615675822,0.007504707183748697,0.006999930790313122,0.008524975399843177,0.008441284565119637,-0.0014413537748065152,-8.36908347235394e-05
2019-01-14,1.4021549462637104,1.4092954441333243,1.3987517200124508,1.4039469355743075,0.00785495369668018,0.006826964539279088,0.008708579145693004,0.007580607262009999,-0.0007536427227309113,-0.0011279718836830046
2019-01-15,1.4070453855956617,1.4240529731324383,1.406318390158291,1.4226446543919167,0.00799753505794573,0.006624620080880619,0.009001606725492235,0.007909481494462347,-0.0012848614135817279,-0.0010921252310298873
2019-01-16,1.4249364082417049,1.4332568071015261,1.4235289484404705,1.4254842316645688,0.0071452968821349005,0.00654762057437126,0.008787273815020976,0.00781581108662464,-0.00126819051225338,-0.0009714627283963356
2019-01-17,1.4208319521381247,1.4420380985072485,1.4192273236571633,1.4365173090598502,0.00594143436306,0.0052283005132093925,0.006717903202354,0.005324385307169203,-9.608479395981084e-05,-0.0013935178951847964
2019-01-18,1.4471910087596822,1.457923759818249,1.4413849217928962,1.4540491221415968,0.005133844382518509,0.005505236034600953,0.005986371749728586,0.005600018926440379,-9.478289183942595e-05,-0.0003863528232882071
2019-01-22,1.445075140334249,1.4459218983154636,1.4227548297414334,1.432553971696675,0.005018157873805942,0.005280235183659419,0.004938166708581996,0.00461498919484628,0.0006652459888131391,-0.0003231775137357163
2019-01-23,1.43916305690775,1.4439550275080146,1.4204913426286265,1.4350342672703917,0.005319478132301883,0.004859538180173925,0.0039598959316835035,0.004062027297806813,0.0007975108823671121,0.00010213136612330972
2019-01-24,1.435780113217077,1.4413806922133738,1.4301060472603555,1.438682185453445,0.005316215473730973,0.004434583310570041,0.003998734387421861,0.0037678457713731153,0.0006667375391969255,-0.00023088861604874614
2019-01-25,1.4489396106519599,1.4562324021633422,1.445612555646082,1.4515272812849553,0.005214086063081236,0.004590591669994875,0.004181890294209673,0.00416428378291371,0.00042630788708116537,-1.7606511295962905e-05
2019-01-28,1.4373859519365886,1.4395009076409182,1.4283659790088759,1.4391422740991942,0.004348088467941179,0.0032210516717783248,0.003391726959664931,0.003387769261250513,-0.00016671758947218833,-3.957698414418058e-06
2019-01-29,1.440048586685423,1.4429076023887664,1.429942208392678,1.4349695101379019,0.0029367826556781695,0.0014107624954005499,0.0020745431958938496,0.001442177850854734,-3.141535545418423e-05,-0.0006323653450391155
2019-01-30,1.4447793774057491,1.4640909956462347,1.439483350454854,1.4587289833595465,0.0016502324088150124,0.001332346299608136,0.0014041635133553215,0.0016630410881032817,-0.0003306947884951458,0.0002588775747479602
2019-01-31,1.4600335645547236,1.4772685019516902,1.4576696088273347,1.4731126648754447,0.001931081857873489,0.00210098274249132,0.002471132593623907,0.002420388117515453,-0.0003194053750241329,-5.074447610845401e-05
2019-02-01,1.4727614181563358,1.4796113659974857,1.4682020785108028,1.4730131469463097,0.0022071273835931244,0.003049356107645878,0.0034119988482022227,0.0033305310473162814,-0.0002811749396704035,-8.146780088594133e-05
2019-02-04,1.473342655231479,1.4847259557002808,1.4687974360877472,1.4845506573341805,0.00364269911826427,0.0048803176350167244,0.0052688789693155855,0.005596406471766383,-0.0007160888367496584,0.0003275275024507973
2019-02-05,1.4868208658581112,1.4936708426810592,1.4838246851985295,1.4916264784735371,0.005355398428791968,0.006074182886825767,0.006371148186436514,0.006445510168791662,-0.0003713272819658945,7.436198235514797e-05
2019-02-06,1.4904070114882317,1.493814251328096,1.484685120390338,1.4897997129768763,0.006363557993452221,0.006565970624757248,0.006629210419140523,0.006644294764527315,-7.832413977006732e-05,1.5084345386792361e-05
2019-02-07,1.479458992651096,1.4823058527115345,1.460987982475529,1.4743128061812103,0.005927884471490728,0.0056540509479598424,0.005457575404525228,0.00557770995080614,7.634099715370275e-05,0.00012013454628091204
2019-02-08,1.4657066243865116,1.4756860953271038,1.4605414609021263,1.4754580352248852,0.00508994063761659,0.004875105040819736,0.004921025405982782,0.004998045586079851,-0.00012294054526011504,7.70201800970689e-05
2019-02-11,1.4797118929247883,1.481856193354144,1.4726991652983559,1.4762548571744023,0.004042440097720048,0.0030814746256140266,0.0037168947168022158,0.003346107346337936,-0.00026463272072390926,-0.00037078737046427994
2019-02-12,1.4861191711339004,1.498420963861495,1.485039548269132,1.4961173335587787,0.0030088947344464527,0.00190509272777823,0.0027535858299237714,0.0020495431534733317,-0.00014445042569510174,-0.0007040426764504397
2019-02-13,1.5012939171837318,1.506065583337449,1.4968313907999218,1.49947398438615,0.0025600175134462937,0.0018850270612774701,0.002401697947337058,0.0017788481487461723,0.00010617891253129788,-0.0006228497985908859
2019-02-14,1.4935883109542123,1.5034612325825514,1.4880043497280273,1.4969516921804957,0.0020227555834587247,0.0020926234383130972,0.0020856245602661055,0.0018356068699025571,0.0002570165684105401,-0.0002500176903635484
2019-02-15,1.5080466748767392,1.513729365559877,1.5030466765639452,1.5117714023114988,0.0027159310602681173,0.0026990030883060406,0.0029245125443468183,0.0024051209810494897,0.00029388210725655095,-0.0005193915632973286
2019-02-19,1.5076076910423908,1.5190246521462798,1.5070738577902791,1.5150215370424347,0.0029962110211783186,0.003521637689108618,0.0036003966998039497,0.003451285492891111,7.035219621750717e-05,-0.0001491112069128388
2019-02-20,1.5154021870198222,1.5214456224001676,1.5102093707823543,1.517523434132432,0.004184858915834058,0.004656909236466072,0.00498516881733513,0.00473629453155934,-7.938529509326792e-05,-0.0002488742857757898
2019-02-21,1.514064094902922,1.516413710260451,1.5058875957152207,1.5125757487631373,0.005193156086585568,0.005190609428803764,0.005871755724793832,0.005315742963532352,-0.00012513353472858816,-0.0005560127612614799
2019-02-22,1.5162289733289547,1.5228651104934439,1.5144038473201424,1.521723647751277,0.005302917086406285,0.005035044769323571,0.0053860565518381795,0.005085634089859361,-5.058932053578994e-05,-0.00030042246197881876
2019-02-25,1.5307868485392215,1.5347776248592455,1.5243010109670643,1.5252306156946376,0.0048442227203255245,0.004596309094689796,0.0047629695354015605,0.004548486112129008,4.782298256078739e-05,-0.0002144834232725521
2019-02-26,1.522303698502073,1.5295281873454871,1.5205063692050254,1.5239569085353686,0.00406764444685863,0.0035663193692035003,0.00397057265454251,0.0033916806560457024,0.00017463871315779797,-0.0005788919984968076
2019-02-27,1.5197399899762458,1.525483910150154,1.5129589026756542,1.5233239238727254,0.0030621150971082084,0.002842208388203117,0.003009706719749274,0.002946307172946759,-0.00010409878474364198,-6.339954680251517e-05
2019-02-28,1.5211018158105625,1.524427641234868,1.5170612355368764,1.5193306904785282,0.002734991816280849,0.0022420883249033552,0.002720310813905384,0.0021771208287897264,6.496749611362889e-05,-0.0005431899851156578
2019-03-01,1.5294855020792937,1.5320608323259608,1.5196848459863843,1.528845108287118,0.002111357690848669,0.0016621303568831248,0.0017403412885513263,0.0015180625684530246,0.00014406778843010018,-0.00022227872009830175
2019-03-04,1.535492124546504,1.5372067755999412,1.5092528180594318,1.524239277052323,0.0023441309781590727,0.0017007405872240214,0.0008101678318991475,0.0012091709633565296,0.0004915696238674918,0.0003990031314573821
2019-03-05,1.5250674003999296,1.5270080029106523,1.5178019474442082,1.52249388202257,0.0016463452422177663,0.0012514985640297831,0.000539563314408711,0.000870625887295609,0.0003808726767341741,0.000331062572886898
2019-03-06,1.5231331301873277,1.5234264221157385,1.510469664818414,1.5124453854801725,0.001151054082781008,0.0006715277172585537,-5.198714264038819e-05,6.020026061724612e-05,0.0006113274566413075,0.00011218740325763432
2019-03-07,1.5096423531012997,1.5103178040192475,1.4936696785242738,1.4991042870075322,-0.0002630121881415954,-0.0009829291648850646,-0.0018511739054946404,-0.001746215232797392,0.0007632860679123274,0.00010495867269724843
2019-03-08,1.4864616631053214,1.4971917836078263,1.484026337685039,1.4964563872400476,-0.002743557632847237,-0.002849367675255722,-0.0034605150048160386,-0.0029239112445551456,7.45435692994234e-05,0.000536603760260893
2019-03-11,1.5015692382843868,1.5212015153521659,1.5014593446532216,1.5205923140611683,-0.0030687126268147498,-0.0023008249886923866,-0.003090941667167804,-0.002245034469709796,-5.5790518982590416e-05,0.0008459071974580078
2019-03-12,1.5236233592703492,1.5302488497511606,1.5218220647325833,1.5263451753371762,-0.002402306051238642,-0.001444194932712265,-0.0015867819418861606,-0.0012810572342641443,-0.00016313769844812078,0.0003057247076220164
2019-03-13,1.5321267755121224,1.542966660993343,1.5298642948565306,1.5370396988293549,-0.0014589865613879461,-0.00017221986327983454,-0.00016306737880252998,0.00019510998019313342,-0.00036732984347296796,0.0003581773589956634
2019-03-14,1.537230127413077,1.5399608118921928,1.5335391675805297,1.535351211417904,-0.00029665688842014606,0.0006534697415169863,0.0015296698002064495,0.0011467105040292823,-0.000493240762512296,-0.0003829592961771672
2019-03-15,1.5391563645467568,1.5491536396912973,1.5382066467260738,1.5444808348875751,0.001334157996390873,0.002301184866794478,0.003452171604471048,0.0030363968778216502,-0.0007352120110271721,-0.0004157747266493976
2019-03-18,1.5449861606446003,1.5527936836329779,1.5433097455277784,1.5502880870880429,0.003566180681716921,0.0042833251845461355,0.004733049048368891,0.004746263088102204,-0.0004629379035560686,1.3214039733313102e-05
2019-03-19,1.5564365271921796,1.561299150819014,1.5452775862296473,1.551103447913381,0.005612707979889653,0.005860549678213387,0.0062783939747677415,0.006068500704621058,-0.0002079510264076708,-0.00020989327014668373
2019-03-20,1.5497888946232383,1.5577341226151458,1.5391290818199477,1.5461985397404987,0.006787453950525456,0.006588895757361922,0.006666509045761071,0.006106515488994854,0.0004823802683670683,-0.0005599935567662173
2019-03-21,1.5417501743358577,1.5673200188439882,1.5411164733708045,1.564593302946765,0.006301238955073049,0.006550350115294495,0.005695641333233807,0.005849345286318348,0.0007010048289761471,0.0001537039530845408
2019-03-22,1.5567074219319583,1.5602711005936538,1.5320575826848701,1.5336622778921998,0.004696308783499599,0.004561314058511167,0.003012650256475925,0.002934695357509223,0.0016266187010019438,-7.795489896670216e-05
2019-03-25,1.530565692451452,1.5378136498687094,1.5227341538791832,1.5314486260036575,0.0018211740300588068,0.002183377145313171,0.0004011120730463048,0.0010573820755555127,0.0011259950697576583,0.0006562700025092079
2019-03-26,1.542206480243869,1.5500689918659751,1.5338896013223644,1.542084599629157,0.0006997938986980783,0.0008757098523045498,-0.0005023089624458238,1.214523469636817e-05,0.0008635646176081815,0.000514454197142192
2019-03-27,1.5429741451494547,1.5464192662504774,1.5244398080488155,1.5340101755412028,-3.8069136524853886e-05,-2.3423447401658675e-05,-0.0015312977632596586,-0.000951327405929952,0.0009279039585282934,0.0005799703573297066
2019-03-28,1.5377644168565239,1.543040570091073,1.5293391255864122,1.5390327220299944,-0.0008513589778116715,-0.001349088965662783,-0.0019823081918444673,-0.0017166872983776717,0.00036759833271488864,0.0002656208934667956
2019-03-29,1.5486736030751902,1.550400348289177,1.541146813344433,1.5492368029823098,-0.0009476627248464905,-0.001697787252558299,-0.0014271880482389237,-0.0013614437634736304,-0.0003363434890846686,6.574428476529334e-05
2019-04-01,1.5613468651397775,1.5695637404917588,1.5585921723316707,1.568094674903004,-7.940502581647697e-05,-0.0007736516243873715,0.00038406533456159973,0.0003519130156844941,-0.0011255646400718656,-3.215231887710563e-05
2019-04-02,1.5690619242655255,1.571454693468918,1.563228945778551,1.568779447734393,0.00177472028027263,0.0006173846227124465,0.0023941814757542225,0.001941141000486846,-0.0013237563777743996,-0.0004530404752673765
2019-04-03,1.5764199666748968,1.5808733584481733,1.56876936455455,1.5730752600879467,0.003433982733508985,0.0021614001987270547,0.004079009746519491,0.003223437601278618,-0.0010620374025515633,-0.0008555721452408729
2019-04-04,1.5741414364485025,1.5791113933815706,1.5688335214563138,1.5763509508271365,0.004110246160672292,0.003967892752025219,0.005540554100352002,0.00558494736102033,-0.001617054608995111,4.439326066832741e-05
2019-04-05,1.5801595237621706,1.5845175311508493,1.5781056385208168,1.5840182032116166,0.005719297376652754,0.005456411911957717,0.00656796002911924,0.006160085606212715,-0.0007036736942549974,-0.0004078744229065257
2019-04-08,1.5816192894584802,1.5867505927604968,1.5769568996918146,1.5861629717648373,0.005380922309728919,0.005275674922787477,0.006352987303368486,0.006094259582109271,-0.000818584659321794,-0.00025872772125921494
2019-04-09,1.5802321943531108,1.5826743274565387,1.5742739780629964,1.5777411153610417,0.005124108550406345,0.005096443924227694,0.006078124490286619,0.005614920289666275,-0.0005184763654385808,-0.00046320420062034417
2019-04-10,1.5801535560774622,1.5849211517944248,1.5776832237489886,1.5844306046752832,0.0044532653441875375,0.004401235750451994,0.004869726717711589,0.004529967102659084,-0.00012873135220708987,-0.0003397596150525057
2019-04-11,1.5872441759677112,1.5878748704993002,1.5796697267824515,1.5832508781188201,0.0033712084769625854,0.0031752035736613508,0.0034509300894661546,0.0031043449101996494,7.085866346170141e-05,-0.00034658517926650523
2019-04-12,1.5919029712603594,1.5946100660429392,1.586205508343784,1.59236666280506,0.002670792141960597,0.0022637515135703525,0.0025657419278761347,0.002320241750915825,-5.6490237345472455e-05,-0.00024550017696030975
2019-04-15,1.5927006815236389,1.593956408240695,1.5850539571697617,1.5914410110330588,0.0023347790718654996,0.0020583295049986096,0.0022345998165570918,0.002220053776687311,-0.0001617242716887013,-1.4546039869780918e-05
2019-04-16,1.5966833202162563,1.5985415972324668,1.590594928920178,1.5945851048190811,0.0023502918554010794,0.0019334035459833813,0.002194061850651676,0.0020540274567580124,-0.0001206239107746311,-0.0001400343938936636
2019-04-17,1.602090404000648,1.602852297363413,1.5898239709118271,1.5932156787915868,0.002816467842943624,0.0023431915774119504,0.002149123994913391,0.0017868968184788067,0.0005562947589331437,-0.0003622271764345843
2019-04-18,1.5965943243258758,1.5974881339633467,1.5873087469215228,1.5947759169795246,0.0025197988352450127,0.002076513159363513,0.001716061880339403,0.0015791231766556482,0.0004973899827078649,-0.0001369387036837548
2019-04-22,1.5900857489955469,1.5974565657388504,1.5888292860792261,1.5964248821475295,0.0019971662319260555,0.0019457736520911185,0.0017601372760590172,0.0017491103253570296,0.00019666332673408892,-1.1026950701987538e-05
2019-04-23,1.5991629038045798,1.6137150164430818,1.5973069498623156,1.612331139662289,0.0019466509951158806,0.00269389271977753,0.0020600645009420425,0.0027793121034307626,-8.541938365323265e-05,0.00071924760248872
2019-04-24,1.6120250576560287,1.614104225913127,1.6067618691506351,1.6084086498000107,0.0022925849086801123,0.0028646488754742344,0.002450185879381877,0.0027169128815217056,0.00014773599395252876,0.0002667270021398287
2019-04-25,1.6101964973767324,1.6124767348495221,1.5993585395220438,1.6078517866874602,0.0021481685789010944,0.0027154526143898868,0.0022699797045690733,0.0026983775721324287,1.7075042257458026e-05,0.0004283978675633554
2019-04-26,1.606885221949019,1.614105186638152,1.6007295557158694,1.6139286235793162,0.0019316883542419413,0.0025179885093122223,0.002034258666522406,0.0026487645408113736,-0.00013077603149915136,0.0006145058742889676
2019-04-29,1.61433088997026,1.6203065191478843,1.6130080307438759,1.6171051523851099,0.002193848544417231,0.0027898487150825354,0.0026487207470204674,0.003008284236034489,-0.00021843552095195335,0.00035956348901402136
2019-04-30,1.6135858905127036,1.617412939638125,1.6037475979921407,1.6152704847399273,0.0021966995246426157,0.002548827965565511,0.0023564191761243124,0.0029061605527196926,-0.00035733258715418175,0.0005497413765953802
2019-05-01,1.6209013863197,1.622779336262794,1.6048889553014771,1.6053664824378557,0.002610932746708174,0.002621877432634257,0.002269181989433298,0.002184582708882863,0.00043729472375139385,-8.459928055043519e-05
2019-05-02,1.604517926285798,1.6108220464041636,1.5912181674574604,1.600948867111961,0.002198442630084674,0.0020363003218368167,0.001211607339405265,0.0010000655955124563,0.0010362347263243605,-0.00021154174389280867
2019-05-03,1.6106184545967541,1.6205793984145906,1.6086663072216052,1.6193325355301496,0.0017228787789509304,0.0015287284995946066,0.0009211684523632268,0.0008285742954163844,0.0007001542041782222,-9.259415694684245e-05
2019-05-06,1.5919221453071066,1.6146660832065842,1.5900831582477706,1.6125766849358512,-0.00037637824055979476,0.00041661354860085466,-0.0005404069839511727,0.00010085708258163916,0.0003157564660192155,0.0006412640665328119
2019-05-07,1.5974881689610152,1.6011771320811452,1.5724589613896347,1.5848047289187264,-0.0015891496651528239,-0.0005559658709860709,-0.00241332311387968,-0.001277056354910148,0.0007210904839240772,0.0011362667589695321
2019-05-08,1.5819460309990068,1.591804026786101,1.5769128390436407,1.5811935998490279,-0.0027718973297762126,-0.0018618839254883148,-0.003111784771063156,-0.002779786329524495,0.0009179024040361803,0.0003319984415386607
2019-05-09,1.5672828365705294,1.5794303344989078,1.555532357680672,1.5754699541035142,-0.004511765355699671,-0.0036809246104774667,-0.005108203385623801,-0.004301959977143163,0.0006210353666656968,0.0008062434084806372
2019-05-10,1.5696258774900953,1.5869394682168356,1.5498234391998673,1.5815730880079384,-0.005824417259297962,-0.0045812503025120304,-0.006793390027532433,-0.004693605890712585,0.00011235558820055485,0.0020997841368198475
2019-05-13,1.5500676919403324,1.5553968857613738,1.5336560908390733,1.5394187457636355,-0.007255872998025757,-0.006459376889391856,-0.007924823196150585,-0.006780622666053161,0.00032124577666130423,0.001144200530097424
2019-05-14,1.545220581654539,1.5621612509956326,1.5420679567675364,1.5529588733416195,-0.008222435346119647,-0.007374659965520181,-0.008252947801758516,-0.007309744790801026,-6.491517471915453e-05,0.0009432030109574894
2019-05-15,1.5436377366429146,1.56819270739206,1.541723379690865,1.5644294749996,-0.00795896456397918,-0.006933477297865526,-0.007776145018506654,-0.007118172294969183,0.0001846949971036566,0.000657972723537471
2019-05-16,1.5677449363641458,1.587452722042205,1.5667993487825285,1.5786291052242387,-0.006536257197161558,-0.005577244926284583,-0.006077304618515325,-0.005950376051783292,0.00037313112549870915,0.00012692856673203294
2019-05-17,1.5653405440719521,1.583571399772681,1.5639738624246786,1.5674222903723687,-0.004392263402258613,-0.0034989663703830403,-0.0030733866577069766,-0.0038977401558174685,0.00039877378543442827,-0.000824353498110492
2019-05-20,1.5548469359268982,1.5625646069724364,1.5492307397375573,1.5541582553107802,-0.0035182456948829655,-0.002512152088460002,-0.001570789019943594,-0.0023897720281911405,-0.00012238006026886157,-0.0008189830082475464
2019-05-21,1.5644921055637886,1.57139336971075,1.5620744151378192,1.568520439099469,-0.0012976631045653474,-0.0013114992930018754,-4.7392896220885356e-05,-0.0012417736147468277,-6.97256782550477e-05,-0.0011943807185259424
2019-05-22,1.5620529421076068,1.568538276747409,1.559286076774619,1.5626608783232196,0.00015368395912635855,-0.0005304372258756691,0.0017467105088890674,-0.00045674421411713464,-7.369301175853447e-05,-0.0022034547230062023
2019-05-23,1.5481759587266428,1.5482760968011116,1.5329392656311582,1.542418971185357,0.00011168671155062489,-0.0013974887017701718,0.0008920074246307881,-0.0009327561734256037,-0.0004647325283445681,-0.0018247635980563918
2019-05-24,1.550380103005259,1.553454361919222,1.540746524338783,1.5447842482451597,0.0005777167628266777,-0.0011038533149022932,0.00035641591115310295,-0.00047225945198738366,-0.0006315938629149095,-0.0008286753631404866
2019-05-28,1.5474573603559598,1.5526542267009853,1.5310703950421671,1.5315957600112806,-0.00018627243390582855,-0.0025508204212403756,-0.0016747644866646344,-0.003095498968529082,0.0005446785472887064,-0.0014207344818644475
2019-05-29,1.5238653444043053,1.5265883637457438,1.5117039800641099,1.5209350816636278,-0.002528599167243626,-0.004935359836060574,-0.004170161963243637,-0.005302730789715271,0.00036737095365469655,-0.0011325688264716338
2019-05-30,1.5249210154826516,1.5299908128192239,1.5167603710608986,1.5239286850636165,-0.004660015481928605,-0.0063010275143850145,-0.006044679897188912,-0.006193801203667121,-0.00010722631071789345,-0.00014912130647820859
2019-05-31,1.5077430344302678,1.5121457351808278,1.5013901711108746,1.5022767334520746,-0.005894396585809854,-0.006893008819668835,-0.006783259178297728,-0.006828326479200082,-6.468234046875295e-05,-4.5067300902354446e-05
2019-06-03,1.5017858769076486,1.5107215094364395,1.4856238968048265,1.4949740127069047,-0.006886710593024116,-0.006908618021567838,-0.0077773442978760765,-0.007682819673113475,0.0007742016515456373,9.452462476260137e-05
2019-06-04,1.5096790688493453,1.5307432487475054,1.506759065169827,1.5301735938847905,-0.007377701132309386,-0.006349556231531168,-0.0076517803449309444,-0.006623443774575795,0.00027388754304462706,0.0010283365703551497
2019-06-05,1.5399106213444658,1.542965164694279,1.5269304731174804,1.5409803201903465,-0.005029197292097781,-0.004149546865177682,-0.00505490457339659,-0.003726407989507452,-0.0004231388756702299,0.0013284965838891378
2019-06-06,1.5433731291104433,1.5552115925808385,1.5383509982677488,1.5511300529655987,-0.002356482904525908,-0.001127305750853132,-0.0015949931146022878,-0.00033256817864048564,-0.0007947375722126463,0.0012624249359618023
2019-06-07,1.557536922503005,1.5750704713025276,1.5562575820088855,1.5684019421067577,0.00039009178205673536,0.0017888704993445782,0.0013389455448338452,0.002793681780524568,-0.0010048112811799897,0.0014547362356907227
2019-06-10,1.577684491231329,1.5897885335552884,1.5759742080091867,1.5790557235340787,0.004269101487227087,0.005528287522701256,0.00558617418627682,0.006343787125513364,-0.0008154996028121074,0.000757612939236544
2019-06-11,1.591013111760088,1.593739507149989,1.5751540850930086,1.5790729702530053,0.008349315066121073,0.008989455647146224,0.00871659133772473,0.008600188830016287,0.0003892668171299376,-0.00011640250770844282
2019-06-12,1.5771290300355263,1.5799413154031203,1.571531964553449,1.574565164978123,0.009571465531090744,0.009462267534454945,0.00982399618786143,0.009324517020691502,0.00013775051376344397,-0.0004994791671699278
2019-06-13,1.580295578101542,1.584875696280601,1.576671944937965,1.5823426161346168,0.010391094439657432,0.009784354963526417,0.010823668646765655,0.010022581763968714,-0.00023822680044229688,-0.0008010868827969409
2019-06-14,1.5786609033079182,1.5824768966400047,1.5738215746578976,1.5786389170468667,0.009305153712123416,0.008120655618594996,0.009916985470972896,0.008367115466890094,-0.0002464598482950983,-0.0015498700040828019
2019-06-17,1.580672398512136,1.5858039313356969,1.57786095979978,1.5811206659451875,0.007072176538127878,0.005690983583691475,0.007301591033461144,0.005434567016468652,0.0002564165672228223,-0.0018670240169924917
2019-06-18,1.5930138336767072,1.6073117019176182,1.590953689698818,1.5990295180705976,0.00508238108916767,0.004859155329760698,0.0056913317178672145,0.004781301933373687,7.785339638701101e-05,-0.0009100297844935271
2019-06-19,1.6007624593664354,1.6072505769298862,1.5948100693545924,1.6041994189889361,0.004520556422020519,0.003910684919373533,0.004615640009959197,0.004295862603336595,-0.00038517768396306197,-0.00031977740662260216
2019-06-20,1.6212713717526102,1.6227425224021275,1.6052314129924854,1.618697910282802,0.00457063551764541,0.0038444411243264394,0.004046970586413396,0.004511606816180645,-0.0006671656918542058,0.00046463622976724954
2019-06-21,1.616720858703952,1.624576900672873,1.6135749438445983,1.6161282254269753,0.004372536580518309,0.00438362284887154,0.0043165034014860625,0.004919641345484701,-0.0005360184966131613,0.0006031379439986389
2019-06-24,1.617532402856696,1.6195627563023618,1.6129438718929643,1.6141079654867565,0.004844493891781304,0.005030432007992864,0.005171299942420435,0.005349231569322863,-0.0003187995613299988,0.00017793162690242764
2019-06-25,1.6143107785259538,1.6146699530029425,1.59583525782602,1.5974391171677598,0.005546295952068157,0.0053128595571310675,0.004590107353366847,0.004445886006081425,0.0008669735510496426,-0.0001442213472854217
2019-06-26,1.6034279519719348,1.6083756961386715,1.5957122354874549,1.596676292561756,0.004446487882124204,0.004078382180815329,0.0035100488706874084,0.0029777915137051392,0.0011005906671101898,-0.0005322573569822692
2019-06-27,1.601805280852443,1.6067997175743614,1.5997498949360964,1.6040404156701453,0.003150498871440432,0.0027422419020898562,0.0026997975237621403,0.002161859539690498,0.0005803823623993583,-0.0005379379840716424
2019-06-28,1.6091393971254908,1.6139634388255328,1.6053406490946294,1.6113909128990287,0.0018848505772764569,0.0013711843665550694,0.0017247389910780436,0.0012369468749100485,0.00013423749164502086,-0.00048779211616799506
2019-07-01,1.6336280173665403,1.6350533714145303,1.6191560275721946,1.6263151928186808,0.0017196085969348833,0.0009906340466720107,0.0013904895128504832,0.0008945418795482294,9.609216712378127e-05,-0.0004959476333022538
2019-07-02,1.626256665679359,1.630819431598365,1.6208011485265048,1.6307016363563547,0.0013331689433620504,0.0012160300170797412,0.0015182762887646236,0.0014375084688627094,-0.00022147845178296824,-8.076781990191419e-05
2019-07-03,1.6347201167249066,1.6432678114519852,1.633698908877371,1.6431881795720968,0.0015220037018597336,0.0018314113478270781,0.0022448818629571946,0.002622314830734096,-0.0007909034829070177,0.0003774329677769012
2019-07-05,1.6353236579928223,1.6426417258537818,1.6279993893110214,1.6408933089978417,0.002699411750916338,0.003008866380190327,0.002883980921235339,0.004175921482895831,-0.001167055102705504,0.001291940561660492
2019-07-08,1.6332146111385484,1.6351137011456343,1.6271934317599859,1.6317967900360515,0.003288082601766104,0.003656791301653966,0.0037593785781610614,0.004793006913843716,-0.0011362156121897497,0.0010336283356826544
2019-07-09,1.6245283932022363,1.6364061755772055,1.6239346175871354,1.6351083098512722,0.003257138418580605,0.003913219743499396,0.0042498786905146415,0.005266114707072976,-0.0013528949635735806,0.0010162360165583348
2019-07-10,1.641957387990865,1.6495318360617213,1.6381136578490312,1.6437138813496617,0.0038772918400521673,0.004355243758177202,0.0042399855679126595,0.0048428111260447205,-0.0004875673678675181,0.0006028255581320609
2019-07-11,1.6472163215868783,1.6496020840160526,1.639341448080832,1.6455644859882579,0.003723663996918191,0.003958914075669817,0.003776395877528667,0.00390868840997113,5.0225665698686375e-05,0.00013229253244246338
2019-07-12,1.6482200469801294,1.654162349167988,1.6459796017985981,1.65395497837269,0.0029858386204203572,0.003206547098648766,0.003415225655073152,0.0033305862926803734,-0.00012403919403160745,-8.463936239277861e-05
2019-07-15,1.6565856165723094,1.6572123520699875,1.6510300622680762,1.6547767626897028,0.002630654898939333,0.002524032828861829,0.003141891955309527,0.002682316920636548,-0.0001582840917747192,-0.00045957503467297916
2019-07-16,1.6540495471994534,1.6554769326909953,1.6464860073287462,1.649274267679115,0.003194609113229237,0.0026286255747059997,0.002987914876469252,0.0022029743633777818,0.0004256512113282179,-0.0007849405130914704
2019-07-17,1.6494017614283347,1.6506201808393213,1.6384606390862644,1.6385202754793031,0.0027660905992470813,0.0019384836102725115,0.002174592687337906,0.0011511881660901534,0.0007872954441823581,-0.0010234045212477528
2019-07-18,1.6343852417035576,1.6461815301667164,1.6313714936127348,1.6438139560326719,0.0018021726457502516,0.001596116335866086,0.0016203860950443968,0.0011258130118788024,0.00047030332398728366,-0.0004945730831655943
2019-07-19,1.6510990691787002,1.651716367636119,1.6330976979447838,1.6342121560126428,0.0017942131847749638,0.0014785924445804097,0.0008085792257076581,0.0004161267702843092,0.0010624656742961006,-0.0003924524554233489
2019-07-22,1.63696645007746,1.6424979294525255,1.6335376093349792,1.6395865491953712,0.0006835633621031197,0.0002463806805272217,-9.476066070275896e-05,-0.0005258616771570879,0.0007722423576843095,-0.0004311010164543289
2019-07-23,1.6469467744100976,1.6513863718920663,1.6405269741329047,1.6510725085855333,-0.0005072631647112472,-0.0005043477860146452,-0.0009110158675374885,-0.0007149965842333456,0.00021064879821870036,0.00019601928330414292
2019-07-24,1.6464389572262166,1.6606313804316348,1.6461169911106697,1.6604820112292404,-0.0008355937787724941,-5.733716433791102e-05,-0.000678211179892222,-1.0686565205810256e-05,-4.6650599132100766e-05,0.0006675246146864116
2019-07-25,1.6578261506401992,1.6579848568106126,1.6459707847702811,1.6500589277640463,-0.00024653123034110174,0.00011546088866377478,-0.0004685388015618978,4.521521187416952e-05,7.024567678960526e-05,0.0005137540134360673
2019-07-26,1.6555185565491501,1.6639479575006253,1.6541606402876097,1.6624954823526725,0.00015497358717925136,0.0008159272888914241,0.0005500409535713765,0.0012843625888014922,-0.00046843529991006814,0.0007343216352301157
2019-07-29,1.6621739306538905,1.663051187215847,1.653802097014092,1.6591619708461915,0.001388736667236588,0.0015521990387779609,0.001786597064611183,0.0022929464261460713,-0.0007407473873681104,0.0005063493615348883
2019-07-30,1.6498030753500992,1.6579796062848018,1.647191622142717,1.65540790548103,0.0017109173897260444,0.0018253707169066692,0.0023260444019113616,0.002676776022788246,-0.000851405305881577,0.0003507316208768846
2019-07-31,1.6567763645780897,1.6582277586774878,1.623813100077704,1.63618084527549,0.002155079344144701,0.0017579590858120286,0.0010467221702396775,0.0012205769427539326,0.0005373821430580961,0.00017385477251425502
2019-08-01,1.6374511077806093,1.6571059662441678,1.616429832985368,1.6224026115253545,0.0004546459382640701,0.0012412356669909246,-0.0009303874918727952,-0.0006058933933806067,0.0018471290603715312,0.0003244940984921885
2019-08-02,1.6155472874516257,1.6170622463980233,1.5968959104390934,1.607071451786927,-0.001363448151788606,-0.0012231188949015398,-0.0036767925116167727,-0.0036491973589183784,0.0024260784640168388,2.7595152698394344e-05
2019-08-05,1.5805084192860914,1.581674477446108,1.5452685216116586,1.5578068529938378,-0.005603997151837055,-0.005812227990797493,-0.008771099950411556,-0.008692390146737106,0.002880162155939613,7.870980367444963e-05
2019-08-06,1.5693557926533914,1.579985052914316,1.5581720799023009,1.5777893650483683,-0.009103176518264583,-0.009163670722683412,-0.011625690947754203,-0.010888628060703563,0.001724957338020151,0.0007370628870506397
2019-08-07,1.56042500113401,1.5836739236889141,1.5468026995314268,1.5801121072828828,-0.012182847697926732,-0.010832097885707891,-0.013729521024619546,-0.01144259023972615,0.0006104923540182581,0.0022869307848933963
2019-08-08,1.588118792349795,1.6103616335986275,1.5847824251594276,1.6099467367809743,-0.011950208812859863,-0.010288449031510449,-0.012567667198053254,-0.010089900568697806,-0.00019854846281264216,0.0024777666293554473
2019-08-09,1.6041388268513503,1.608019772425626,1.5871616558776054,1.5980611540545204,-0.010152651793894409,-0.008897746823027571,-0.009988369696481383,-0.008070203395227356,-0.0008275434278002154,0.0019181663012540276
2019-08-12,1.5891988024036872,1.591911836307536,1.5728448441977803,1.5783546220898794,-0.008103528989966682,-0.007767526602698464,-0.007401783178588973,-0.006566619904525122,-0.0012009066981733428,0.0008351632740638514
2019-08-13,1.577480267939431,1.6142752788598158,1.5747548295493454,1.6042419515847468,-0.006633775652824427,-0.00489329247603213,-0.004170413932141508,-0.0029217882686734704,-0.0019715042073586595,0.0012486256634680372
2019-08-14,1.5803848645844072,1.5832489711919573,1.555978157735081,1.5574044342296616,-0.0036640637330517625,-0.00316510948779736,-0.0026437731939169384,-0.002493340939877217,-0.000671768547920143,0.00015043225403972137
2019-08-15,1.5610753274031692,1.565145184733464,1.5462923329450515,1.5581719400852405,-0.002109992173376439,-0.0015903581354528794,-0.0013154262523027804,-0.0019867129835635304,0.00039635484811065096,-0.00067128673126075
2019-08-16,1.5688460367279946,1.5851306355982813,1.5684402224726568,1.5819032257174181,-0.0006665513951587607,-0.00048039646494371765,0.0007688774033723511,-0.0004291749881763699,-5.122147676734777e-05,-0.001198052391548721
2019-08-19,1.600959209883391,1.6061013985864343,1.596751633052564,1.602090948988677,0.0007586682316949909,-0.0001987097639994468,0.0013005313260187252,-0.0007497256300233481,0.0005510158660239012,-0.002050256956042073
2019-08-20,1.5991780451503728,1.6023690611145913,1.5879476183394958,1.5885474993760798,0.0010953366055095769,-0.0005293173017033661,0.0015881657692568636,-0.0010136193379504353,0.0004843020362470692,-0.002601785107207299
2019-08-21,1.6019295097261297,1.6044937086386128,1.5969242419416143,1.6010918447201736,0.0006252169155341833,-0.0007694315676726041,0.0012465599183438592,-0.0005688281730224863,-0.00020060339465011786,-0.0018153880913663455
2019-08-22,1.6051813602378555,1.609043549801824,1.5893774263085438,1.5992187526920607,0.0016756386849219951,0.0007654469516693735,0.0024177574394914567,0.0015084697879746097,-0.0007430228363052362,-0.0009092876515168469
2019-08-23,1.5912049273235898,1.6014456009873532,1.5497453342390235,1.5563044163094761,0.002824892863477053,0.0017457445944074283,0.0015301228817059653,0.0005826497534782095,0.0011630948409292188,-0.0009474731282277558
2019-08-26,1.5707494293942081,1.5748330073909624,1.5615766725014133,1.5743271870501518,0.002019165519406606,0.00028027074144874447,0.000786911106711962,-0.00016773658074474267,0.0004480073221934871,-0.0009546476874567047
2019-08-27,1.5837006763369033,1.586000150510516,1.5633274906745114,1.5673117488794102,0.0013622629595567482,0.0011218260641519186,0.00040311476091694966,0.00047385618191910043,0.0006479698822328182,7.074142100215076e-05
2019-08-28,1.5633934750154985,1.5793494586916914,1.5587290993524288,1.5778971963960626,-0.000284064240249775,-0.00012507530415863067,-0.0013447678521870522,-0.0009820253453891295,0.0008569500412304988,0.00036274250679792274
2019-08-29,1.5940546693872177,1.6021883939787984,1.5882401409115283,1.5984696989863099,-0.0013393088976946452,-0.0012858688449475456,-0.0021620236888857474,-0.0015130004279046848,0.00022713158295713915,0.0006490232609810626
2019-08-30,1.6072138097023694,1.6083973272612015,1.5919110761530748,1.5983418801525,-0.00155848457670711,-0.0012246385035307125,-0.00181097900410188,-0.0009573194216473517,-0.0002673190818833608,0.0008536595824545283
2019-09-03,1.5879447402936118,1.5941847232179585,1.579375990653396,1.5877229619866808,-0.0011528861097693248,-0.0008226107490553643,-0.0005407340797966003,0.00016573966716338154,-0.000988350416218746,0.0007064737469599818
2019-09-04,1.601398483497852,1.606926480841827,1.597022930251663,1.6061871349458776,2.5559726589802715e-05,0.00017004401851996386,0.0013157507192904352,0.0015671962402055918,-0.001397152221685628,0.0002514455209151566
2019-09-05,1.6218018666972203,1.6348716192528485,1.6204478890627914,1.6292431896505037,0.0024734339413288163,0.002773380780088977,0.004938398337160043,0.00484873172226036,-0.002075350942171383,-8.966661489968279e-05
2019-09-06,1.6313312927496335,1.633762296579237,1.6261400772859367,1.629784070437238,0.005417008011574025,0.005251314678047987,0.00808327279019437,0.007693668567410313,-0.0024423538893623264,-0.0003896042227840577
2019-09-09,1.6354999588416792,1.638031057416492,1.6254463821157683,1.633007341145209,0.007339232795443063,0.007155938982196625,0.008102561962919457,0.007482975719669086,-0.00032703673747246087,-0.0006195862432503713
2019-09-10,1.6275664649192343,1.635247643578572,1.6213404702654945,1.6349493773975408,0.00692811221227343,0.006691107729012807,0.007769059732495053,0.007649997749182114,-0.0009588900201693076,-0.00011906198331293905
2019-09-11,1.636998053317084,1.6491135717178762,1.6323222727240954,1.6486403720447522,0.0072061670284992,0.006994777416396295,0.0074268764505756426,0.0073612909984040326,-0.00036651358200773775,-6.558545217161e-05
2019-09-12,1.6543627406024215,1.660828809833411,1.6478856059935334,1.6532719960739213,0.006431544372435417,0.0067290694711617405,0.006790742446128145,0.007045113293777554,-0.00031604382261581337,0.0002543708476494093
2019-09-13,1.6546578167065513,1.6582842532592688,1.6493489083353865,1.651420990655543,0.006614438636688201,0.006859534718093598,0.007121142774678003,0.007085837894433488,-0.00022630317633989035,-3.530488024451432e-05
2019-09-16,1.6444768582967497,1.6503058857784625,1.6418133868277283,1.6463050980029115,0.006384700313909389,0.0062887953602875,0.0065445313410482904,0.006197158710943612,9.163664934388853e-05,-0.0003473726301046788
2019-09-17,1.6452728095974747,1.65048330331451,1.6416248418937587,1.6502663645870683,0.004462099573078639,0.004272243858931297,0.004517086778621605,0.004235248398560267,3.6995460371030096e-05,-0.00028183838006133784
2019-09-18,1.6475647324013238,1.6506542827120787,1.634017154198717,1.6501514669458832,0.0028665433284512823,0.002432061983317937,0.002496608542527261,0.0027399139563570657,-0.0003078519730391285,0.0002433054138298047
2019-09-19,1.6530164694514555,1.6597425013475564,1.6479271688615054,1.6501695033976842,0.0023689892101105424,0.0024205763895229523,0.0023481074639686737,0.0022497326403180164,0.0001708437492049359,-9.837482365065726e-05
2019-09-20,1.653200251973475,1.6558228696695485,1.6363640758514988,1.6409579992241996,0.0021383958418682886,0.0018198726217812245,0.001615289256725913,0.0010395120733598996,0.000780360548421325,-0.0005757771833660135
2019-09-23,1.6383527853741933,1.6457184131766678,1.6351943774845037,1.6417475639015424,0.0011107734383004851,0.0006851998515743747,0.0006484957203562906,-4.8198176568857146e-05,0.0007333980281432318,-0.0006966938969251477
2019-09-24,1.647221710104537,1.6495830135644833,1.6198126612115566,1.62574863032636,3.4312551034173826e-06,-0.0005174175261908426,-0.0015491854981163956,-0.001985050541125857,0.0014676330149350145,-0.00043586504300946157
2019-09-25,1.625315665145735,1.6402936615497214,1.6165082443765697,1.6372714627991616,-0.001908258943993506,-0.0014760936831823288,-0.0031764685733308867,-0.0022691275873986017,0.0007930339042162729,0.000907340985932285
2019-09-26,1.6367567972383403,1.6372627434835285,1.623010395777292,1.6320864070756909,-0.001896636868454925,-0.0017121687673771148,-0.003219848101482533,-0.002389445959121016,0.0006772771917439014,0.0008304021423615167
2019-09-27,1.6360809700849697,1.6378665408567863,1.6125388508434506,1.6218779398601106,-0.001688800977805712,-0.0017992972652475338,-0.0034353316187960238,-0.0029331951583944716,0.0011338978931469377,0.0005021364604015522
2019-09-30,1.625809649244878,1.6349659046405083,1.6244245210487835,1.6311286611619458,-0.0024947756133715288,-0.002329046026332535,-0.0030586914376390445,-0.0029553214841622683,0.0006262754578297332,0.00010336995347677612
2019-10-01,1.6368531043966312,1.641908072654237,1.609962165562637,1.6117820177750954,-0.00241904734725554,-0.0022823640765327457,-0.0032727025418826374,-0.003584678018257314,0.0013023139417245684,-0.0003119754763746766
2019-10-02,1.6024852219602257,1.6066239173414139,1.5762519854043464,1.5842851777517015,-0.003963078964070595,-0.004044931600197243,-0.005448839909203996,-0.005255045101683486,0.0012101135014862428,0.00019379480752051027
2019-10-03,1.5836363259995871,1.5977121522208615,1.5659716735209959,1.5973221706388196,-0.005625364733686268,-0.005154012762367115,-0.006558203386045,-0.0054147217890960974,0.00026070902672898234,0.0011434815969489026
2019-10-04,1.6026405195151867,1.6206620565322156,1.6011574081426294,1.6193338777740744,-0.00539783452580893,-0.004520706720915836,-0.005525817898245709,-0.004347286453316638,-0.00017342026759919766,0.001178531444929071
2019-10-07,1.614135263984337,1.6251747628531223,1.6106045469436354,1.6131730136169302,-0.00492030412067808,-0.003888691820427354,-0.003629366334144317,-0.0033011500451934025,-0.0005875417752339517,0.0003282162889509145
2019-10-08,1.6020673029447114,1.6070344847123368,1.5871924667343564,1.587894236404048,-0.0042162187733844145,-0.0037394926675389214,-0.003737326526431966,-0.004354093416910907,0.0006146007493719853,-0.0006167668904789405
2019-10-09,1.5997313663597852,1.608032923662611,1.595446330015706,1.6019246970489238,-0.00455262499876655,-0.0036393835989269735,-0.0032199741532548255,-0.003414708965299177,-0.0002246746336277963,-0.0001947348120443517
2019-10-10,1.6012985898770953,1.6188074364404017,1.600812996903152,1.6131970525832118,-0.003730691452958692,-0.0027625957906409933,-0.0017211218036129292,-0.0017776934933790278,-0.0009849022972619654,-5.6571689766098674e-05
2019-10-11,1.6298655244902118,1.6449853928954796,1.629381249360879,1.631081544098579,-0.0009658201644025812,-0.0001939655987926471,0.0009069552466081772,0.0003832370891585851,-0.0005772026879512322,-0.000523718157449592
2019-10-14,1.6294424646706591,1.6334768973522604,1.626921842984176,1.630037979922557,0.0011665591458052396,0.0014672636091440777,0.003989110586729156,0.0029924019035692364,-0.0015251382944251586,-0.00099670868315992
2019-10-15,1.6358686299098208,1.6516584266422536,1.6332224029111777,1.6473752424216512,0.004341652777044452,0.004601072370641106,0.006420505230635699,0.005270679734436078,-0.0006696073637949725,-0.0011498254961996206
2019-10-16,1.64387199680953,1.6490253571427556,1.6411719091063552,1.6444296276427988,0.005674034555377854,0.005120796029637709,0.0067562216885926635,0.005123731974029484,-2.9359443917747682e-06,-0.0016324897145631794
2019-10-17,1.6521947373911492,1.6552517767887391,1.6449363332764861,1.6495735809119578,0.005702133060795748,0.004872068057634875,0.005825008082369654,0.005397472706947353,-0.0005254046493124772,-0.0004275353754223015
2019-10-18,1.6466888164555207,1.6509017893219913,1.6351358006479308,1.6417716189491562,0.005865843793291306,0.005218611667986038,0.005747788219601135,0.0060797485930549925,-0.0008611369250689548,0.0003319603734538573
2019-10-21,1.6497917245826106,1.6548693298669181,1.6468580877079395,1.6537525964977735,0.006431201607143189,0.0057158714532145605,0.0065279157831389266,0.006732835448003877,-0.001016963994789317,0.00020491966486495088
2019-10-22,1.657731676078095,1.662943146931044,1.6473930857365464,1.6495345934615293,0.006192917426006777,0.005084235238448541,0.0053369828522935965,0.0049787238639855584,0.0001055113744629823,-0.000358258988308038
2019-10-23,1.6472398400843444,1.653618967332125,1.644731011162226,1.6530864013646753,0.004551902501569091,0.0033328892517148294,0.0038213989330942158,0.0036065554563732114,-0.0002736662046583819,-0.0002148434767210044
2019-10-24,1.6601421756721575,1.6624185439946797,1.6510483336788255,1.6584113161965799,0.003143272616716922,0.002227262920615428,0.0024107839600661144,0.002656185447141504,-0.0004289225265260762,0.0002454014870753897
2019-10-25,1.654274073915699,1.669914694435981,1.6539450150120039,1.667221382180464,0.002605771176386148,0.0027470951341767138,0.0024538067778395634,0.002830612245771986,-8.351711159527205e-05,0.00037680546793242243
2019-10-28,1.67445529869002,1.682217631868623,1.6734327972742171,1.6782847481677352,0.002844998621527111,0.002868590274025054,0.003098096498121723,0.0031008657824959747,-0.00023227550847092085,2.7692843742516994e-06
2019-10-29,1.676700483908657,1.6826887534340327,1.6720389895933987,1.6756305227817363,0.003089491621575889,0.0036370881244545223,0.0035226285304618826,0.003797351576951415,-0.00016026345249689272,0.00027472304648953243
2019-10-30,1.6775006991091594,1.6828330158904978,1.6686837964791212,1.6806743976330891,0.003416258953161934,0.0038617916962788374,0.0038236130279778835,0.004230095252465207,-0.0003683035561863699,0.0004064822244873238
2019-10-31,1.6809885829649063,1.6812561920723261,1.6673492323761612,1.6767177043220511,0.0040805032332344926,0.004005791536265514,0.003969287308519746,0.004350618965438558,-0.00034482742917304413,0.0003813316569188114
2019-11-01,1.684757991469866,1.6938146167214758,1.6836474725024406,1.6934941726276873,0.0042342739078840815,0.004229592158924595,0.004078916158898317,0.004537072292592039,-0.00030748013366744403,0.0004581561336937214
2019-11-04,1.7036407086347898,1.705742716543843,1.6969442651349236,1.7021187495250418,0.005163426969525258,0.004848363627623259,0.005107290146509751,0.005365748878860177,-0.000517385251236918,0.00025845873235042643
2019-11-05,1.7044815889791693,1.7065980032643364,1.6990547084612353,1.7024754964506899,0.006015061373259679,0.005435394458964201,0.005679340578954598,0.0053464277855986755,8.896667336552588e-05,-0.00033291279335592294
2019-11-06,1.7022480275316783,1.7035533222779105,1.6952289720718279,1.7017154781824892,0.005478743808746681,0.004705590034956496,0.005239041355208116,0.004880730428958263,-0.00017514039400176682,-0.00035831092624985343
2019-11-07,1.7101611927391347,1.7160494754862576,1.7044083854175205,1.7080922238612928,0.005567443234769344,0.004638767503504272,0.005108495743429057,0.0045284065306484805,0.0001103609728557919,-0.0005800892127805768
2019-11-08,1.7060823696899439,1.7138977493806133,1.7009805732040573,1.7138383478078831,0.0044361635038361515,0.004304249559448173,0.004337302139325166,0.004474652486960594,-0.0001704029275124211,0.00013735034763542788
2019-11-11,1.7057268775619197,1.7106350412917848,1.70359232054672,1.7099144323836708,0.00400292893542917,0.0040788336097577725,0.004437624987246754,0.00437937029652867,-0.00030053668677089765,-5.825469071808406e-05
2019-11-12,1.7117853170238582,1.7189021354263787,1.7080252842812271,1.7125964451948712,0.0036707842750140296,0.003991304724216024,0.004321255365935343,0.003870041243205501,0.000121263481010523,-0.00045121412272984204
2019-11-13,1.7066703041826556,1.7147742456889443,1.7045572452899551,1.712531078388521,0.002687715889776476,0.0032492856289743684,0.0033558429291441934,0.003245333264315421,3.9523646589473445e-06,-0.00011050966482877228
2019-11-14,1.7090377601619515,1.7134125490705536,1.7042530968545422,1.712241599470494,0.0017127360868412593,0.0019407041630521184,0.001850039954941256,0.001954914387276707,-1.4210224224588727e-05,0.0001048744323354511
2019-11-15,1.7209290039173764,1.7251207362626095,1.7166553129018283,1.725062562050009,0.0012976734533562881,0.0017182053751462006,0.0016599512647255108,0.002051659293757675,-0.00033345391861147426,0.000391708029032164
2019-11-18,1.7230826496219842,1.7276882879128113,1.7189325891381022,1.7260020154638736,0.001820493700238657,0.002051493398243842,0.0020804354489643274,0.002391971762366136,-0.0003404783641222939,0.0003115363134018087
2019-11-19,1.7311310670342313,1.7314916273048526,1.721200574487015,1.7260902260858995,0.0026027173321150248,0.0023832484862861087,0.002498799007283665,0.002471384715233373,-8.81362289472643e-05,-2.7414292050291847e-05
2019-11-20,1.722123775919105,1.7258928415554105,1.70838279008719,1.71890362296431,0.0024217061029692,0.001904895630833239,0.0016945268569153336,0.0018218941025555729,8.300152827766605e-05,0.00012736724564023924
2019-11-21,1.7192316738108064,1.7203915229687554,1.711092143379598,1.716713113720174,0.0023695700346262837,0.0016887656811799066,0.0014905582847504395,0.0012696963971867085,0.0004190692839931981,-0.000220861887563731
2019-11-22,1.7213254975310464,1.722965093768519,1.71357568579162,1.7203849744422748,0.002049775771118014,0.001416933034985906,0.001112519600076135,0.00119636129905201,0.000220571735933896,8.384169897587509e-05
2019-11-25,1.7268334048587428,1.7361962821361767,1.7258263274272427,1.7358453308833226,0.0018219481552388152,0.0015393804951918672,0.0014241461900367982,0.0016253709587010173,-8.59904635091501e-05,0.00020122476866421915
2019-11-26,1.736727454593649,1.740076771784038,1.7338792548424455,1.7388230422543804,0.0022818552490677,0.0021147974137160136,0.002201051168211751,0.0020812881714616692,3.350924225434433e-05,-0.0001197629967500816
2019-11-27,1.7427350984746945,1.7474777649721709,1.7393167328214136,1.7469238268698288,0.0024261222128153697,0.002562049961731672,0.0027299617935641817,0.0026568104299808976,-9.476046824922557e-05,-7.315136358328417e-05
2019-11-29,1.7439519886488595,1.7454189476247568,1.7385843780751022,1.739911280172012,0.002357446381142805,0.002409817312805042,0.002777322112436238,0.002413649747037921,-3.832434232878875e-06,-0.00036367236539831685
2019-12-02,1.7415800867493094,1.7421473690932596,1.7211385397157921,1.7255152126289257,0.002528940896378766,0.0024717243924889214,0.002283768909158207,0.0019045897858152633,0.0005671346066736581,-0.0003791791233429436
2019-12-03,1.707908066727101,1.7141096850282636,1.6832980933987975,1.712737628685432,0.0007570399988083263,0.0009690899322088869,-0.00017633236613113004,0.0007557142543091609,0.00021337567789972607,0.0009320466204402909
2019-12-04,1.7203170270967114,1.7272627264166764,1.717755634863623,1.7235561503754981,0.0003824869839710888,0.0006020391784577395,-0.00017379907475333054,0.0003636010598319346,0.00023843811862580492,0.0005374001345852652
2019-12-05,1.7278908596215174,1.7285308298376907,1.718341150201387,1.7266873437502184,-4.8354695521266115e-05,-1.7835276374518944e-05,-0.0009520906992022813,-0.00030611057430710676,0.00028827529793258783,0.0006459801248951745
2019-12-06,1.7386392392012584,1.745412239050827,1.737324418695304,1.7427683242131933,-0.000155631977307202,-0.00011563578029488742,-0.000635015157388515,-0.00033905989990395046,0.00022342411960906306,0.0002959552574845646
2019-12-09,1.7403406860318298,1.7453554372924998,1.736331180230612,1.7368343704613756,-0.0002657580371726674,-0.0003482445823467085,-0.0005245137384923153,-0.0007667094485874017,0.00041846486624069317,-0.00024219571009508642
2019-12-10,1.7367704497054237,1.741093356489492,1.730995357905772,1.7352862840082213,-0.00043391757179304474,-0.0002026493979185135,-0.0001641719063215392,-0.0004474962655439694,0.0002448468676254559,-0.0002833243592224302
2019-12-11,1.7384141307720975,1.7428994282844403,1.7354613621949484,1.741109740869661,2.6732511711857753e-05,0.00024079962635440265,0.0009139770725932383,0.0003946504361951979,-0.00015385080984079523,-0.0005193266363980405
2019-12-12,1.7408670827919623,1.7616509044271937,1.7390774363033543,1.7566808209116502,0.0010012450104494078,0.002166241967920883,0.002532687930534056,0.0025984635253117868,-0.0004322215573909038,6.577559477773066e-05
2019-12-13,1.7556365286968847,1.765685735187963,1.7495486076631335,1.7568648743526238,0.002885132275402593,0.004002715867762041,0.004676630504018545,0.004226546185392828,-0.0002238303176307875,-0.00045008431862571686
2019-12-16,1.7681744729619124,1.774849624579301,1.7670695794532052,1.7711739664046449,0.005153149827593043,0.005875275013355697,0.00648030680466771,0.005469888828098211,0.0004053861852574862,-0.0010104179765694993
2019-12-17,1.7737194861950494,1.7752138573661567,1.770459276407242,1.7722642695008284,0.005156465115715209,0.005502131488613964,0.005389439369708177,0.005367424179505298,0.00013470730910866615,-2.201519020287885e-05
2019-12-18,1.7745068454878559,1.7766346255993848,1.770176309064581,1.7725688202592946,0.005232277123625719,0.00534269720445289,0.005523807595428895,0.005281271129616215,6.142607483667489e-05,-0.0002425364658126799
2019-12-19,1.7738079475249682,1.780779726395378,1.7731616063506888,1.7801063825971797,0.005118043309261006,0.004895452292592898,0.005224642462897845,0.005220911100304679,-0.00032545880771178096,-3.7313625931663028e-06
2019-12-20,1.7879008495005195,1.79313392461106,1.785304115436992,1.7888700114103508,0.005932501115200604,0.00561418006055269,0.0061888568631620275,0.006063129051098243,-0.00044894899054555293,-0.00012572781206378423
2019-12-23,1.7933815045175876,1.7938258126953195,1.7897694358117584,1.7910001654781387,0.006562223101087932,0.005788415721217141,0.00674884621359536,0.0060671319773207815,-0.00027871625610364093,-0.0006817142362745788
2019-12-24,1.792795836018796,1.7933677669967143,1.7885605162294191,1.7912207550403372,0.006279064765453407,0.005066008648995699,0.006239436576291803,0.0053234062068255195,-0.0002573975578298209,-0.0009160303694662831
2019-12-26,1.7939919396406918,1.8010591340768416,1.7927263524055164,1.800824736862214,0.005491631591659659,0.004249906258296278,0.005557228491221708,0.004813770859412047,-0.000563864601115769,-0.0007434576318096613
2019-12-27,1.8055721860223328,1.8058424390891432,1.7962688863516096,1.799775403220294,0.004825707944630116,0.004239843692422308,0.004615200044249605,0.004561153001086433,-0.00032130930866412517,-5.40470431631716e-05
2019-12-30,1.80078451423728,1.801798727385351,1.7851003940573467,1.7898376382288623,0.004098964009284995,0.0037425487853994448,0.003068829501596855,0.0032563868900974107,0.00048616189530203404,0.0001875573885005556
2019-12-31,1.7867502429196758,1.7953566546928847,1.7836240596916562,1.7940135205274588,0.0028953290071282137,0.00306706081581747,0.0021790656717389422,0.0027336657821818568,0.0003333950336356132,0.0005546001104429145
2020-01-02,1.8055235887657626,1.8119585418684132,1.7981667041253464,1.8119585418684132,0.0028602013883881664,0.003072842452344588,0.0021078564232186957,0.0029856078129389136,8.723463940567451e-05,0.0008777513897202179
2020-01-03,1.7916810415460531,1.8050812444119617,1.7898992678312085,1.7977286612496728,0.0017370120854181786,0.002352826540101602,0.0012309840058940785,0.002000535225752306,0.00035229131434929596,0.0007695512198582276
2020-01-06,1.7865362194381933,1.8048394572335436,1.7846896278245514,1.80439575602393,7.843085106093321e-05,0.0015511547886162378,2.9903058593807396e-05,0.00157665873980385,-2.5503951187612253e-05,0.0015467556812100425
2020-01-07,1.8024078301342583,1.8046061862996474,1.7965380461353697,1.8005991823753364,7.081855106247454e-05,0.0012687392813193967,0.0001448664858327761,0.0012355216917586615,3.321758956073518e-05,0.0010906552059258853
2020-01-08,1.8009930506801282,1.8171190864371949,1.7989862915119639,1.8094254864754853,0.00017557127429492376,0.001575913754553504,0.0005548897380112765,0.001375657914725803,0.00020025583982770097,0.0008207681767145266
2020-01-09,1.8201391122215995,1.8225881231518666,1.813508356885289,1.8210903940586076,0.0011933488948695228,0.0018685202293854135,0.0015647115450611905,0.0019434305706480433,-7.491034126262978e-05,0.00037871902558685275
2020-01-10,1.8253466704463555,1.826153144398101,1.8129731735032386,1.8157400472793128,0.0022434817364019965,0.002514154078685232,0.0025206658744558095,0.0024975753537851307,1.6578724900101482e-05,-2.3090520670678797e-05
2020-01-13,1.821217339148636,1.8296388660422205,1.816978335858813,1.8294315669839685,0.0034603374076753683,0.003364635378226717,0.0036858365214974026,0.0035477830850833307,-0.00018314770685661386,-0.00013805343641407194
2020-01-14,1.8280481677384324,1.8342691698171931,1.8233107896390566,1.8274952858941467,0.004540967390584989,0.00390965638277963,0.004200823955029256,0.0034703891664330877,0.0004392672163465424,-0.0007304347885961687
2020-01-15,1.8270411638138688,1.8363207799837882,1.8243219628442497,1.8302251367957973,0.0043005832715732545,0.003743530763202494,0.00420938768953519,0.0033638320239576833,0.0003796987392448107,-0.0008455556655775072
2020-01-16,1.8386329662153076,1.8455073733490621,1.836105538386411,1.845311420642202,0.005455660874570718,0.004688749680816095,0.005336893620070566,0.004837569165309336,-0.00014881948449324122,-0.0004993244547612293
2020-01-17,1.8512505937524872,1.8527414784845562,1.8449586612093682,1.850552660703414,0.005974810438287714,0.0051634171513823155,0.005936270081811803,0.0052442561017954385,-8.083895041312295e-05,-0.0006920139800163649
2020-01-21,1.8457697377750455,1.8515445462288782,1.8432322970583443,1.8465514216785583,0.005129960902633182,0.0049789784558340495,0.005426785306045393,0.0052368757194066785,-0.000257897263572629,-0.00018990958663871443
2020-01-22,1.8530823816908484,1.8573739259291613,1.8472732200777733,1.8492099565494198,0.005024108192586146,0.004530832239310152,0.005218000955286715,0.004610423654557107,-7.959141524695526e-05,-0.0006075773007296077
2020-01-23,1.845489124171354,1.8522954770127162,1.8369082473315137,1.8515163151335525,0.0037955221808175284,0.004000264095549824,0.003992099007809202,0.00410897173522672,-0.00010870763967689608,0.00011687272741751822
2020-01-24,1.856680874222306,1.8573689144731917,1.8263361990963607,1.8345653249423544,0.003914453020153764,0.0036846508599993485,0.002698017504883808,0.0029503889939413493,0.0007342618660579991,0.00025237148905754136
2020-01-27,1.8021028973050357,1.812879278976565,1.7983351604712927,1.8042097274254554,0.0009606434001898174,0.0007584129674566769,-0.00031456126622527895,-0.0003839758927490347,0.0011423888602057116,-6.941462652375574e-05
2020-01-28,1.8130360941058483,1.8287609217567178,1.810177668476243,1.8235712163760793,-0.001390356079076928,-0.0009082767193298682,-0.002236743770547931,-0.001609730130866433,0.0007014534115365647,0.0006270136396814979
2020-01-29,1.8314071002040189,1.8328123157484573,1.8182281285256934,1.8214424058361793,-0.0021847455010293036,-0.002034652612047566,-0.0032152143549137734,-0.003009652160689052,0.0009749995486414862,0.00020556219422472122
2020-01-30,1.8098519573658554,1.8292183504358073,1.804341520856373,1.8277682951350485,-0.00426271791476861,-0.0032026301280612193,-0.004822116706188907,-0.0038091673800637067,0.0006065372520024873,0.0010129493261252006
2020-01-31,1.8261907995006625,1.8266432823859475,1.790447778750541,1.7964925760343777,-0.004468339913204171,-0.0038125362885279785,-0.006159100657542573,-0.005279098758675249,0.0014665624701472703,0.0008800018988673244
2020-02-03,1.8053686230424475,1.8220928245781776,1.8032233809151959,1.812970463238651,-0.004817727680037727,-0.0039597199147721075,-0.0056555980040104105,-0.004909076714696256,0.0009493567999241488,0.0007465212893141542
2020-02-04,1.835490544303022,1.8486078777353394,1.8324501803676065,1.8434874567995283,-0.0033333468589113353,-0.0023689245627449857,-0.0031671150474553503,-0.002685698866450534,0.00031677430370554826,0.0004814161810048163
2020-02-05,1.861515509875281,1.868460631092015,1.8486355767710176,1.8620838754001945,0.0001826834177799554,0.0007289695401928788,0.0006042949044081573,0.0007664037135741668,-3.7434173381287986e-05,0.00016210880916600948
2020-02-06,1.86789828546861,1.8727448185274076,1.8609278270600316,1.869541877068729,0.0034384281869358404,0.003587599028051527,0.004338679638124884,0.004623016122330518,-0.0010354170942789907,0.00028433648420563354
2020-02-07,1.8624657949493022,1.8678370568492404,1.8560062694666908,1.8596306721380527,0.006872345763923182,0.0062688907821668,0.006808666139212606,0.0065904596804831055,-0.0003215688983163054,-0.00021820645872950087
2020-02-10,1.8546947708736135,1.873759569680273,1.8543516632061188,1.873731354983381,0.006173737254697406,0.006180366416671783,0.006962028264775746,0.0069995025024579315,-0.0008191360857861488,3.747423768218558e-05
2020-02-11,1.8823565880451332,1.888353960867911,1.8746473239827603,1.8780770870336843,0.007075357667989575,0.007208733020043471,0.008332939054427217,0.008093664789849376,-0.0008849317698059042,-0.00023927426457784166
2020-02-12,1.8875650149319256,1.8926371917982707,1.8829447268043853,1.8905934619331974,0.00864555942178137,0.008018483466202953,0.009911682419385018,0.009067940512643903,-0.0010494570464409502,-0.0008437419067411148
2020-02-13,1.8806917466159698,1.8937326758733133,1.8775753362960883,1.8878912940688302,0.007723144111820352,0.007923239888947926,0.009487332478315048,0.009478356594918545,-0.0015551167059706193,-8.975883396503126e-06
2020-02-14,1.8902329638460682,1.8930930159448929,1.8819205367428118,1.8897799176385095,0.007551750862789851,0.006839442743333792,0.0074860613855901115,0.007177976944782111,-0.0003385342014483187,-0.0003080844408080005
2020-02-18,1.8840919303312282,1.8901544796521783,1.8761527240113467,1.8853378795651008,0.004880978393367008,0.004486546630217891,0.004913128433734723,0.004603074466633942,-0.00011652783641605095,-0.00031005396710078077
2020-02-19,1.8926429335207426,1.9002575492615068,1.8906733409994412,1.8964295322059939,0.003730530457243487,0.003627407493251901,0.004196690395073675,0.0037904566568784316,-0.00016304916362653047,-0.000406233738195243
2020-02-20,1.8931302623769501,1.8981420046647441,1.8689389452277052,1.8880740030000558,0.003648905566970111,0.003350335280529752,0.0026680310062806812,0.003120121822522644,0.00023021345800710788,0.00045209081624196295
2020-02-21,1.8796601096496994,1.8816847232690561,1.860072167394075,1.8668213856219587,0.0028748543250483967,0.0021014314440661918,0.0012291111069610591,0.001472721574538274,0.0006287098695279178,0.0002436104675772148
2020-02-24,1.8086326155184291,1.823341999380187,1.796346514825407,1.8032858978437614,-0.002278157469939964,-0.0027653493799304524,-0.004003485685163701,-0.004268022075553221,0.0015026726956227682,-0.00026453639038951943
2020-02-25,1.8125783973607237,1.8168062550825619,1.7442106123145655,1.7497009286816523,-0.007081489685474865,-0.007054457128770496,-0.011467017520811475,-0.011308569741231308,0.004254112612460812,0.00015844777958016684
2020-02-26,1.758440669654837,1.7800413136026347,1.738677355496312,1.7444319621201207,-0.01248316622489149,-0.011685622702216016,-0.016544276271841785,-0.01684340100628509,0.0051577783040690755,-0.0002991247344433061
2020-02-27,1.7085319321013255,1.738721453582989,1.6646240367899614,1.6652511305274569,-0.018757897948831103,-0.016972169520584585,-0.0234595259340623,-0.024242820820503747,0.007270651299919162,-0.0007832948864414449
2020-02-28,1.6127699269689757,1.6588979530753518,1.598043763138521,1.6541576560100353,-0.02854413168492503,-0.024674047874181648,-0.031718074859466955,-0.029696061570197264,0.0050220136960156155,0.002022013289269691
2020-03-02,1.6685655283042766,1.730034490708299,1.6477580206069387,1.7290180020633583,-0.03140335062803242,-0.02569191395456766,-0.033586995491266446,-0.02810696747223036,0.0024150535176626978,0.005480028019036087
2020-03-03,1.7341171577053862,1.7560532575210086,1.6641149080112507,1.6796205318586568,-0.0284095503770166,-0.023510010019391774,-0.03210990958449358,-0.027559787431836232,0.004049777412444458,0.004550122152657345
2020-03-04,1.713053065211037,1.750645556504339,1.6968427335631944,1.7500737615564266,-0.024176757714563207,-0.019324064261095116,-0.02530947307871026,-0.0199367168354261,0.0006126525743309838,0.0053727562432841595
2020-03-05,1.706886851187086,1.7262630407193555,1.6795443474338931,1.6936340548892816,-0.018070968519854447,-0.014795631515616067,-0.01855208271705006,-0.014175201632776503,-0.0006204298828395641,0.004376881084273556
2020-03-06,1.641338850363826,1.6725214632161278,1.6261670372255035,1.664187130472734,-0.014181039113202475,-0.01221232825492999,-0.013001608430891761,-0.00907987561004478,-0.0031324526448852103,0.003921732820846981
2020-03-09,1.5453328263761077,1.5929520111004596,1.5280936746025837,1.5369210954161356,-0.017374225662681965,-0.015323379610684635,-0.014213753426700027,-0.01270585971319855,-0.002617519897486084,0.0015078937135014764
2020-03-10,1.597718605919945,1.6134969046191947,1.530432502678594,1.6125294208813281,-0.01425544133674073,-0.014956910778838093,-0.015522503237596269,-0.01255142034205666,-0.0024054904367814336,0.0029710828955396094
2020-03-11,1.5707965536835724,1.5796827152041097,1.515564371414247,1.5347216442878022,-0.013609953326014959,-0.01642149261419294,-0.015419876000662028,-0.015329621006781022,-0.001091871607411917,9.025499388100669e-05
2020-03-12,1.4315585029219189,1.4883056631854017,1.384550366784582,1.386688714366017,-0.021612043121355725,-0.023196345550077643,-0.024695955304774524,-0.02891912398150983,0.005722778431432186,-0.004223168676735306
2020-03-13,1.4662454131313816,1.5171936528002297,1.3930340706085051,1.5101847775501482,-0.030748999621010853,-0.03068171374811618,-0.034553139673976586,-0.033135528887823944,0.0024538151397077643,0.0014176107861526427
2020-03-16,1.358828157505852,1.4372463155908597,1.3333483777385204,1.344325609414108,-0.04024931768591608,-0.03606778206961936,-0.04186665748934371,-0.039662981974247356,0.003595199904627998,0.0022036755150963566
2020-03-17,1.368855417512452,1.434257122447591,1.326536830165548,1.4229467874597959,-0.04107819329586099,-0.03633336525848456,-0.04465022912878649,-0.04053223375486486,0.004198868496380299,0.004117995373921629
2020-03-18,1.3356197239653658,1.3828014329168188,1.281001198114109,1.3443060276061378,-0.040696782717780135,-0.0358655766098557,-0.043643851990654514,-0.03788290264584439,0.002017326035988691,0.005760949344810126
2020-03-19,1.3380884301602136,1.3899083761970694,1.3036654527122782,1.3550277293793822,-0.036016846782235566,-0.03217692091236334,-0.03751396506549599,-0.03349300177608948,0.0013160808637261365,0.004020963289406508
2020-03-20,1.371769613499328,1.383641858026956,1.2939128509637343,1.2975024307059233,-0.02939933822214606,-0.028335820893791906,-0.030918417768131107,-0.03009965366768823,0.0017638327738963254,0.0008187641004428758
2020-03-23,1.2899071348676918,1.3041052659794325,1.2380666968929084,1.2671218220097757,-0.03037995146703008,-0.030636139610503627,-0.02987992503419661,-0.03240316897961601,0.0017670293691123828,-0.0025232439454194004
2020-03-24,1.33379153202796,1.3833590715877366,1.3262547688577078,1.3818975032078542,-0.022378416030450723,-0.023742691239803958,-0.02035977344002781,-0.020135343335710185,-0.0036073479040937724,0.00022443010431762514
2020-03-25,1.3888877576428835,1.447606194492643,1.3578986028669742,1.393313587515753,-0.009967319359215724,-0.012809584150067086,-0.007629921665147783,-0.00963646889429375,-0.0031731152557733355,-0.002006547229145968
2020-03-26,1.4062195675068538,1.4835792766978921,1.4047945912261968,1.4757245621594406,-0.0036884328547751324,-0.004405184884182415,0.0008347263606488109,-0.0027972753244067147,-0.0016079095597757004,-0.0036320016850555255
2020-03-27,1.4323045578130174,1.4706520243348469,1.4171037374378663,1.4301019842910203,0.006632870594451465,0.005277247033039949,0.010290978077869353,0.008707262479557986,-0.0034300154465180368,-0.001583715598311367
2020-03-30,1.4406824608651763,1.4810150265561564,1.4308526148607654,1.4764956350798266,0.010661404505649785,0.010759252087350077,0.016226368834953757,0.012655785702438265,-0.0018965336150881876,-0.003570583132515492
2020-03-31,1.475130588790406,1.4896698559473838,1.4471294104421097,1.4557798521060674,0.016245237839157316,0.015983529372051105,0.021413612093158844,0.019113708079302155,-0.00313017870725105,-0.0022999040138566886
2020-04-01,1.404897701540584,1.4238543444422143,1.3792283697534042,1.3919060681411557,0.01449428961616632,0.013515820866542403,0.01839972517368331,0.016446912011517642,-0.0029310911449752387,-0.0019528131621656675
2020-04-02,1.385419941680303,1.4382264773695994,1.3824320633809806,1.4230324303280333,0.01100576547954116,0.011808232054236319,0.015880903102386306,0.015615727447475856,-0.0038074953932395374,-0.00026517565491044996
2020-04-03,1.4176956924085842,1.4310705082743131,1.384887581638101,1.4009921340445328,0.010949433768640904,0.008706875823300637,0.011891098144681403,0.008923025587331926,-0.00021614976403128844,-0.0029680725573494778
2020-04-06,1.4560364797786054,1.505174040731201,1.4478943552633534,1.4949055071250377,0.006970239412672047,0.003770198253543859,0.006512225347579247,0.004073076790155883,-0.00030287853661202383,-0.002439148557423364
2020-04-07,1.5461608351573455,1.550823673142664,1.495718680876913,1.497100839533708,0.008818856434580672,0.004169890404338432,0.0070777913710464175,0.004233571111927549,-6.368070758911663e-05,-0.0028442202591188685
2020-04-08,1.512659225543285,1.552096375326252,1.4985880827358569,1.5454622504155686,0.009939021268482277,0.00689227024299003,0.007855351132659135,0.006396628783226031,0.0004956414597639992,-0.0014587223494331048
2020-04-09,1.5647567580960653,1.5858310820027188,1.5506416139840862,1.5670463465364617,0.013556063470128697,0.012586382825149041,0.012893266612136984,0.013386839547669786,-0.0008004567225207444,0.0004935729355328017
2020-04-13,1.559879358792319,1.576953457549785,1.532240819483456,1.556608525441421,0.01672440214726396,0.01569502870015923,0.015980269438929474,0.015659278705070927,3.574999508830154e-05,-0.000320990733858547
2020-04-14,1.5884162214690396,1.6117169583645368,1.5788823258464355,1.606920072194739,0.02046146261655455,0.020102230122668176,0.021132345264676666,0.022235481481598915,-0.0021332513589307385,0.0011031362169222486
2020-04-15,1.5740793780662723,1.5858490756674863,1.5585593649964102,1.5732847269745518,0.02392234305763239,0.022091178911318246,0.02446671613147368,0.024015074597988354,-0.001923895686670108,-0.0004516415334853245
2020-04-16,1.583256782769833,1.5910394892579178,1.563120404475485,1.584458245926891,0.02200223746254217,0.018809731677645977,0.02217246880813317,0.02072157860662055,-0.0019118469289745726,-0.001450890201512619
2020-04-17,1.6189566748623059,1.629360778632527,1.5981031673606012,1.6229583706550559,0.018568953127516608,0.016550192183011972,0.019770957402521303,0.019269214439723455,-0.0027190222567114834,-0.0005017429627978479
2020-04-20,1.6004840799802764,1.6227947450823528,1.5949477213831478,1.59722878203182,0.013449041142241477,0.011138661388222974,0.014746836779163993,0.012520720349301073,-0.0013820589610780993,-0.0022261164298629198
2020-04-21,1.5707058366168052,1.5800410979767934,1.5401912225494143,1.5463484266329555,0.007045297009424578,0.006011418832583393,0.008390266100558699,0.006879199648704128,-0.0008677808161207346,-0.0015110664518545713
2020-04-22,1.577609907729923,1.5911383350178179,1.5679498000554337,1.5810689759041274,0.005636497334230722,0.0036253094612112477,0.005617338117294056,0.0026543320445925503,0.0009709774166186975,-0.0029630060727015056
2020-04-23,1.5878584594400782,1.6088988713761785,1.5793288034632367,1.5809371600566815,0.0021720680498948956,0.0018041408625324763,0.0027808477871298256,0.0006285729515877284,0.0011755679109447478,-0.0021522748355420973
2020-04-24,1.5883426602897404,1.6080048905571478,1.5760209351033256,1.6036449920595428,0.0012957126924315367,0.001494675015187074,0.0022554882874902225,0.0008503637135729052,0.0006443113016141688,-0.0014051245739173173
2020-04-27,1.6170829603958419,1.6355449264093485,1.6059262843405517,1.6284301012422278,0.001375960390885475,0.0018267778743791014,0.001826981887181676,0.0012845948364826583,0.000542183037896443,-0.0005423870506990178
2020-04-28,1.6487654753361622,1.6520147581230527,1.6151041183323036,1.6189594901206152,0.0043934257905501066,0.004664602289125555,0.004115361221444946,0.0036857857326673894,0.000978816556458166,-0.0004295754887775568
2020-04-29,1.653377070729211,1.6734371827505095,1.6432112211455305,1.6638774178183096,0.0059751370894435465,0.006457938900614583,0.006142939167811417,0.00614875672585477,0.0003091821747598124,5.817558043353689e-06
2020-04-30,1.656179703078219,1.6589104010572517,1.6230000099288973,1.6445352239376114,0.007360362070484635,0.006743259149008948,0.006346073605219596,0.007203507003053864,-0.00046024785404491595,0.0008574333978342685
2020-05-01,1.6153898173863437,1.622736293720878,1.5863658625627395,1.5990851831445743,0.008016762816213914,0.00678752117615889,0.006157352615561314,0.007617633333895615,-0.0008301121577367248,0.0014602807183343005
2020-05-04,1.5873998259068003,1.6073469962003446,1.5792204810531092,1.605520958517801,0.00595816506457174,0.005634928191712349,0.005510790839582204,0.006956868019430756,-0.0013219398277184071,0.0014460771798485523
2020-05-05,1.623790500896297,1.6387808145342697,1.6166203432670496,1.6196160317023796,0.004057894016288586,0.0035339094170124073,0.0034444215085392936,0.0035723899552794424,-3.8480538267035135e-05,0.00012796844674014879
2020-05-06,1.6303264833710567,1.636189013528809,1.6086998503839844,1.6120112435380303,0.002330952034418466,0.0013193389167801691,0.0018701835422439965,0.001199716366066916,0.00011962255071325321,-0.0006704671761770806
2020-05-07,1.6317232503763697,1.642406376661489,1.6245030910840788,1.6299936848492116,0.0007244453287741417,8.18642414818882e-05,0.0014226007464310016,-0.0005759423006551802,0.0006578065421370683,-0.001998543047086182
2020-05-08,1.6484106975150163,1.6617573829312828,1.6416613683074421,1.660122073736494,-0.0004712513664367225,-0.0005658513014031399,0.0011428323009790061,0.00021099662311942037,-0.0007768479245225603,-0.0009318356778595857
2020-05-11,1.6474273899407905,1.669966262456471,1.6430785933742427,1.6615840027611364,-0.0005326604340807245,0.0004186472487580821,0.0021384153755419125,0.0020454470552419882,-0.001626799806483906,-9.29683202999243e-05
2020-05-12,1.6673364115027203,1.6709614731672497,1.626016189015874,1.62664177619258,0.0022362335244025134,0.002138190484698147,0.0023648464295991855,0.0009407183086217537,0.0011974721760763933,-0.0014241281209774318
2020-05-13,1.6243926272549467,1.6308892283150007,1.5815667672774116,1.5973395309126888,0.0027450766874945903,0.0028704794002951174,0.0019083029014273336,0.0011390951681329552,0.0017313842321621622,-0.0007692077332943784
2020-05-14,1.5822366068684324,1.6179928569591853,1.5665474506880839,1.617197494588022,0.0014926693009441692,0.002446610546454776,3.231534325137238e-05,0.0019376739318960475,0.0005089366145587285,0.0019053585886446751
2020-05-15,1.6020318663292266,1.6257508869571404,1.595499071208455,1.623812061524225,-0.0005030424192056937,0.0005302700409636375,-0.002022495959547434,0.00039841095263851476,0.00013185908832512278,0.0024209069121859488
2020-05-18,1.661116363738611,1.682242053106019,1.6572505629153624,1.6728694058843643,-0.000980048245272422,0.0006327721787544029,-0.001296108404983794,0.001664335073910951,-0.001031562895156548,0.002960443478894745
2020-05-19,1.671228609221782,1.6803159153793232,1.6557907648767072,1.6561736426131084,0.000627034162414674,0.0018179812760698124,0.0008981587755249427,0.002142907927643599,-0.0003249266515737866,0.0012447491521186563
2020-05-20,1.6779853315052349,1.6914215752568296,1.6754653086652662,1.6862493423372777,0.002463389849631843,0.0029327111379148156,0.003162757041876099,0.003311865059486697,-0.00037915392157188144,0.0001491080176105981
2020-05-21,1.6847808536028845,1.6908595878404113,1.6665791780247718,1.6728191505529053,0.004185845171206184,0.003761792419491172,0.005186928371100132,0.004047239953542811,-0.0002854475340516387,-0.001139688417557321
2020-05-22,1.6711839048567865,1.6772931536798328,1.6619859629134388,1.676303157060735,0.005636022755551442,0.0045536418172171115,0.0075944326674369745,0.006462114271375803,-0.0019084724541586912,-0.001132318396061172
2020-05-26,1.713515594183949,1.7179997917532064,1.6941873283713311,1.6964580324704546,0.009053608860772087,0.007924799553975372,0.011606498028281958,0.009877673021390986,-0.001952873467415614,-0.001728825006890972
2020-05-27,1.7120658482546798,1.722043751034376,1.6819618021643032,1.7216031025648655,0.01291831687709265,0.011000659671070733,0.013194723063069465,0.011912583766417937,-0.0009119240953472038,-0.0012821392966515278
2020-05-28,1.7259635481349045,1.7407142536847786,1.710737152472236,1.7161381467996655,0.014135987309731967,0.011804248726012346,0.012711089233320304,0.01054487661623171,0.001259372109780636,-0.0021662126170885945
2020-05-29,1.7130487022300749,1.729840931900747,1.696865721629112,1.7266247399064996,0.010607647565674073,0.009823776982712687,0.008903842491690126,0.009633046475840753,0.00019073050687193338,0.0007292039841506268
2020-06-01,1.7225967097222823,1.7377382726761321,1.7186999761594675,1.7333795135704235,0.007334191038436287,0.007435537039854535,0.0066380477174249365,0.008204238812035212,-0.0007687017721806771,0.001566191094610276
2020-06-02,1.7386658275801712,1.7478912362110401,1.72795252136734,1.7473851312132,0.007414806301732548,0.008009749994050035,0.007500359038582835,0.009481773224921327,-0.001472023230871292,0.0019814141863384923
2020-06-03,1.7603274181768158,1.7760238380206765,1.756083837882096,1.770701952044529,0.008411119068068584,0.009194311645718458,0.008942792500974928,0.010014862430780017,-0.0008205507850615589,0.001072069929805089
2020-06-04,1.7644755721712428,1.777835282331534,1.7532170314418598,1.76739036270499,0.009004157368694053,0.010057960643857064,0.010324817343374574,0.010984144206621558,-0.0009261835627644936,0.0006593268632469843
2020-06-05,1.8011404092259313,1.8239130896239393,1.7957569624765295,1.811341832525399,0.011001764125285139,0.01235003988382378,0.012492348226461503,0.012471905243191332,-0.00012186535936755186,-2.044298327017087e-05
2020-06-08,1.819360311643535,1.8358868481932833,1.8116536701369053,1.8348805367908028,0.011676301635241445,0.01277803456494611,0.013654966587216332,0.01379679989206276,-0.001018765327116651,0.00014183330484642855
2020-06-09,1.8193726336249254,1.833641508439426,1.8107452924345535,1.822608378378061,0.01337754621706323,0.013874984227859306,0.015100640743539138,0.013873812385371182,1.171842488123867e-06,-0.0012268283581679564
2020-06-10,1.8267061739701453,1.8359734012583084,1.8078231695507103,1.8139738650235033,0.014099036732236924,0.013967007551926253,0.014159067491629585,0.013627094327360144,0.0003399132245661095,-0.0005319731642694416
2020-06-11,1.769632847598395,1.7776349510008114,1.706313677264776,1.709092763924563,0.01124437033774872,0.01074066830865435,0.00807337719754449,0.00617561294677372,0.004565055361880631,-0.001897764250770771
2020-06-12,1.7553575600201916,1.7593273768808084,1.6967474073056361,1.729698665111741,0.006220737324569993,0.00534332239061615,0.0005947461853278738,0.0006325946001871836,0.004710727790428967,3.784841485930982e-05
2020-06-15,1.694592127185266,1.7541238191120763,1.6869640181750711,1.7472248032371243,-0.0019936746503074164,-0.0001687760204491795,-0.0059604731523082806,-0.0035413940311197745,0.003372618010670595,0.002419079121188506
2020-06-16,1.7956774865280916,1.7979115353079524,1.7507170602057511,1.7800185568023899,-0.003283615742783367,-0.0028142019965145967,-0.008036739207935286,-0.005160746318035638,0.002346544321521041,0.0028759928898996487
2020-06-17,1.7870402133374426,1.7899971334234213,1.7675349368086664,1.7725861337589857,-0.004291625199190171,-0.004622122489238226,-0.007596179242885132,-0.006026605449947853,0.0014044829607096276,0.0015695737929372787
2020-06-18,1.763985166733107,1.7779134481462877,1.7586384738299812,1.7743989935637292,-0.0066044305090610725,-0.007137763411539184,-0.00797080252331319,-0.007037192508654919,-0.0001005709028842651,0.0009336100146582716
2020-06-19,1.7956432737575991,1.7977018382050185,1.756724063121945,1.7667408615885205,-0.004740163202578798,-0.0055031312482914894,-0.005679567256875809,-0.005620350970209615,0.00011721972191812598,5.9216286666193343e-05
2020-06-22,1.7638529036823298,1.7794131725353792,1.7555808543539657,1.77740472779899,-0.003328623975776028,-0.0037500999573233567,-0.0019177822688536432,-0.0015119792215375,-0.0022381207357858564,0.00040580304731614313
2020-06-23,1.7931574563740214,1.8013095034322624,1.7817051681671516,1.7855274459087795,0.00035498392946872953,-0.0002678832597168851,0.00388807727164539,0.002917982457022927,-0.003185865716739812,-0.0009700948146224631
2020-06-24,1.7737571400237901,1.7779631716436413,1.7287849402530318,1.7405286212846272,0.0037870551749992236,0.0024882597707650066,0.006964572239935027,0.004767294416923099,-0.002279034646158093,-0.002197277823011928
2020-06-25,1.7368122656307647,1.7609358866854266,1.7237728868356272,1.7592906131392965,0.0020408695009310925,0.001129566084719227,0.003958422133639447,0.0015381597227713474,-0.00040859363805212053,-0.0024202624108681
2020-06-26,1.7529057859765507,1.7542324869674715,1.7139766803652803,1.7193403768332844,0.0006186516067847646,-0.0016128596264832708,-0.00043144462068864123,-0.0031048108024386914,0.0014919511759554206,-0.0026733661817500503
2020-06-29,1.7255208964815496,1.7432988357415695,1.7107455941912901,1.7430826575229614,-0.006318597914948895,-0.005236813923519087,-0.005858618054540454,-0.005158783617689809,-7.803030582927747e-05,0.0006998344368506449
2020-06-30,1.743249122930513,1.776819856737423,1.740441984320896,1.7696911021964052,-0.005924723483839015,-0.003981955894140767,-0.005704047115837751,-0.0035249286589576446,-0.0004570272351831226,0.0021791184568801065
2020-07-01,1.7736287363404766,1.7905255865707255,1.767029776133177,1.7797731326530135,-0.003814102126743127,-0.002251482683484031,-0.002853494839484705,-0.0017114583678376164,-0.0005400243156464147,0.0011420364716470887
2020-07-02,1.8002399902242698,1.810082972240226,1.7859288806682838,1.788872768886489,-0.0016263975799479654,-0.0002662274929337918,0.00044094331202835775,0.0006320979000424252,-0.000898325392976217,0.00019115458801406747
2020-07-06,1.8144461973220625,1.8260178592436191,1.8068258834063915,1.8187981217335687,0.003007279052709144,0.0035174957308812932,0.004416797785832121,0.003921964308837028,-0.00040446857795573476,-0.0004948334769950928
2020-07-07,1.8108290752055163,1.8226276865500721,1.798672055207208,1.801159015486304,0.005096385885331073,0.005553831568725734,0.007264389285033965,0.006329624970963055,-0.000775793402237321,-0.0009347643140709102
2020-07-08,1.8065512665551937,1.8178467372644602,1.7952742885577353,1.815826515152989,0.008336386407100462,0.008265331456666062,0.011145951392680091,0.009790914850260134,-0.0015255833935940728,-0.0013550365424199566
2020-07-09,1.8207644671682672,1.8238767446099244,1.7843418809298153,1.8068266565251905,0.010895948779189691,0.009548867397757604,0.010738710976157938,0.009394120262864588,0.00015474713489301538,-0.0013445907132933494
2020-07-10,1.8058497884461315,1.829820280621568,1.796748253626229,1.8285933035837816,0.009609205811209496,0.009464915724496804,0.010000627440379458,0.010631784241817866,-0.0011668685173210624,0.0006311568014384077
2020-07-13,1.8434395683785407,1.862422338090471,1.806906129908449,1.8114163791082505,0.010608897373923813,0.009877402429722902,0.00827897955178256,0.007429143369044585,0.002448259060678317,-0.0008498361827379746
2020-07-14,1.8009448938805723,1.8349429096697374,1.7880478352418394,1.8327024233915314,0.006367659120088387,0.006750709004539771,0.004186874093490415,0.005854305414974596,0.0008964035895651749,0.0016674313214841809
2020-07-15,1.8520173738902685,1.8569611233365817,1.8319143024150524,1.849276250077907,0.0051798439949063985,0.005948906525415128,0.0035302475072193805,0.005871090490287162,7.781603512796616e-05,0.002340842983067782
2020-07-16,1.835557650442043,1.848042505215868,1.826615897050061,1.8435655167002205,0.0038011302912762824,0.004602939997087984,0.0032483810752626232,0.0052838479223300885,-0.0006809079252421048,0.0020354668470674653
2020-07-17,1.8490978150085549,1.8536153873281824,1.836422666188974,1.8477221171946145,0.004184401106538286,0.004167599796549029,0.004039113614836918,0.004756730414514603,-0.0005891306179655739,0.0007176167996776851
2020-07-20,1.8474833128809132,1.8726862331637713,1.8381960824124495,1.8650438095708157,0.004834472584578311,0.005307147713474987,0.005707665579193538,0.0064561305799563104,-0.001148982866481323,0.000748465000762772
2020-07-21,1.8774194936349615,1.8846181719468302,1.8593020485644056,1.8676506181179429,0.0064758352892045545,0.006305839882390093,0.007603618677880282,0.0065612260940630975,-0.00025538621167300445,-0.0010423925838171843
2020-07-22,1.8661394530474094,1.8797027207228931,1.8603177961218105,1.8762101641868996,0.006409579222313172,0.005966286754634405,0.008593549401767323,0.007305080430538786,-0.0013387936759043815,-0.001288468971228537
2020-07-23,1.8744794562112963,1.882275810126577,1.8434927984251963,1.852807708231393,0.007023498078054273,0.00541931495122051,0.0071485196510798306,0.00544052357566196,-2.1208624441449928e-05,-0.0017079960754178706
2020-07-24,1.8370578408175242,1.8474477330024883,1.8206498882791384,1.836138297766663,0.00395083522122871,0.002660998123430707,0.004567623678303048,0.0035604898726004476,-0.0008994917491697407,-0.0010071338057026005
2020-07-27,1.8416290427140685,1.8537676378104548,1.8336807950248715,1.8523464883324223,0.0032552165558129287,0.0022072077845366055,0.003084979405588079,0.0013279565179948735,0.000879251266541732,-0.0017570228875932055
2020-07-28,1.847608986893933,1.8554738220994365,1.8373573330134367,1.839859403583945,7.47441296097078e-05,0.00011942560644733673,0.00022111252882181873,-0.0006627434673291764,0.0007821690737765131,-0.000883855996150995
2020-07-29,1.8465028014460334,1.8662510174743523,1.8443223373175495,1.861314388556204,-0.0003268590538732623,-0.00016148818467143626,6.38952405353314e-05,-0.00046500104104332254,0.0003035128563718863,-0.0005288962815786539
2020-07-30,1.8444464230786823,1.8607116595759812,1.8323035999439037,1.8573521638499577,-0.0018710999243148404,-0.001451728089055252,-0.0012525169882524369,-0.001010012350923298,-0.00044171573813195407,0.00024250463732913884
2020-07-31,1.8698141701287954,1.8710335916602212,1.8400781778319821,1.8696746948724814,-0.0012367105619723643,-0.0019609935493578993,-0.0015600185762337597,-0.000772889779945255,-0.0011881037694126443,0.0007871287962885048
2020-08-03,1.8806179119939184,1.890535822140553,1.8753919189016839,1.8854415809136622,-0.0003717669987719039,-0.00034624101056729786,0.00013260241032752264,0.001212932398021313,-0.001559173408588611,0.0010803299876937904
2020-08-04,1.8813907351454353,1.8938029744460805,1.8791152036249785,1.8932102689601502,0.00212944443371446,0.002025823767070771,0.0029845174405415354,0.0035490427199339272,-0.0015232189528631562,0.0005645252793923918
2020-08-05,1.9022050927524552,1.906635093307513,1.8978608079178116,1.904066587604616,0.004965845496377536,0.004658794613139647,0.006686477026184674,0.006738138331993815,-0.002079343718854168,5.166130580914075e-05
2020-08-06,1.9013866058333209,1.9172725422729395,1.8966345561891698,1.9152506788708534,0.007876442759770647,0.007717076240785029,0.008744816831145781,0.00863945793829693,-0.0009223816975119006,-0.00010535889284885198
2020-08-07,1.9108992296700895,1.924321211084373,1.8968413577274217,1.9157999683974931,0.008484988786529672,0.008413756090522534,0.008647433525256487,0.008702560267926141,-0.0002888041774036076,5.512674266965403e-05
2020-08-10,1.9185470136087108,1.925745734900882,1.9029332040760143,1.9211753582448998,0.00892038631998232,0.008677664492214238,0.008827526900844953,0.00917381571021204,-0.0004961512179978023,0.0003462888093670874
2020-08-11,1.9276670469901536,1.934764345492088,1.8985781443462806,1.9033967433972145,0.0093195641238726,0.008674780944322896,0.008175750956459654,0.007008566875604773,0.0016662140687181233,-0.0011671840808548809
2020-08-12,1.9197520331238878,1.937985492099739,1.9164796516763043,1.9325873727935543,0.008242867473728162,0.008604978740720224,0.008222684046315359,0.007095716947878519,0.001509261792841705,-0.0011269670984368398
2020-08-13,1.9288320578288876,1.9391507499351608,1.922309659352597,1.9284420867759764,0.006636483532362075,0.00735993674551719,0.006911734283195436,0.005828697235900078,0.0015312395096171117,-0.001083037047295358
2020-08-14,1.926562724837252,1.935006949440832,1.9190679917745368,1.9291679119065588,0.00557464474933607,0.005626221221582771,0.004851288942796327,0.004561074018291119,0.0010651472032916524,-0.0002902149245052081
2020-08-17,1.9354970408292773,1.9416605482103149,1.9279857924017172,1.937158723155209,0.005032520481629257,0.004780143325816685,0.0046740662055865115,0.004059309065062075,0.0007208342607546098,-0.0006147571405244363
2020-08-18,1.9411718885956855,1.948252737519175,1.9307200142070713,1.9424719706315572,0.004186253346611181,0.003891755896723441,0.004256700324160705,0.003738395695562778,0.00015336020116066273,-0.0005183046285979266
2020-08-19,1.9439958940638717,1.9502934899753472,1.9294725360917417,1.9336499806041072,0.0041570266721409534,0.0033101597005703084,0.004395484279213763,0.0030629259109074733,0.00024723378966283504,-0.0013325583683062897
2020-08-20,1.923646248113644,1.9449269883476794,1.9214755025711037,1.940706569037028,0.0024566983474564232,0.0026158158112960465,0.003633143827911285,0.003159380452469849,-0.0005435646411738027,-0.00047376337544143563
2020-08-21,1.9389683953003296,1.9496192680517834,1.9358570985855812,1.947361819159241,0.0019564845823111586,0.002312120298465573,0.0033679384571372976,0.003346911694399526,-0.001034791395933953,-2.1026762737771758e-05
2020-08-24,1.9629238091853642,1.9725304587946972,1.9494278762061867,1.9670738537636867,0.002932549708254779,0.003046451238562383,0.0037761623391127023,0.0045854362589836835,-0.0015389850204213006,0.0008092739198709811
2020-08-25,1.9693362185718517,1.9783423522602075,1.959124344571661,1.9735671479414023,0.004328484291901129,0.004131947693236331,0.0038593753968569145,0.0044365541159152875,-0.00030460642267895674,0.000577178719058373
2020-08-26,1.976794787115518,1.9945874447338876,1.9687949117234842,1.9917834477296392,0.005098501428278853,0.005790064944340846,0.004929614421546024,0.006376779926577158,-0.0005867149822363117,0.0014471655050311335
2020-08-27,1.9979775458415248,2.0088860113422444,1.9842928516173306,1.9968320612575536,0.006937849427115959,0.00761970359178811,0.006599738436474392,0.007598504074728137,2.1199517059973354e-05,0.0009987656382537445
2020-08-28,2.0053847642904903,2.011748009574834,1.995757116310541,2.0099371961675208,0.00819181152963443,0.00848392197160824,0.007927763386861936,0.008754472717806121,-0.0002705507461978809,0.0008267093309441854
2020-08-31,2.0109980026253838,2.021015057695353,2.001745616837376,2.008165397907729,0.0093921526746974,0.009366994286464607,0.009247388716452452,0.00936749694194533,-5.026554807229661e-07,0.00012010822549287856
2020-09-01,2.015117554061393,2.026246426032558,2.00592758744223,2.0253808605834194,0.010280356636501932,0.010013020410182965,0.010083344509262763,0.010413075934666382,-0.0004000555244834166,0.00032973142540361836
2020-09-02,2.0390566719295204,2.058096486427248,2.0193837172549456,2.0526181382999744,0.011766286598499091,0.011586994676588231,0.010658498863136683,0.011351235710680288,0.000235758965907943,0.0006927368475436058
2020-09-03,2.038851230106045,2.0470044245153303,1.96486451143626,1.981870267020456,0.010732115726586671,0.010891477621687986,0.0066369102871827405,0.007458821643389518,0.003432655978298468,0.0008219113562067774
2020-09-04,1.9841346968600742,1.9971881782866225,1.9161005677360818,1.9674492436971522,0.006338459132583348,0.006554227162857274,0.0003883159241217505,0.0027245357304487693,0.0038296914324085045,0.0023362198063270187
2020-09-08,1.92649455178081,1.9431358801490666,1.9030236234435438,1.9058288080409704,-0.00014964810443503422,0.00021948939775001574,-0.005429374700194891,-0.004300213148143834,0.00451970254589385,0.0011291615520510568
2020-09-09,1.9322700503273655,1.9596141096277788,1.9236968865734179,1.944391204985751,-0.005453667432486935,-0.004472678362991882,-0.008910525774727472,-0.00804630808792838,0.003573629724936498,0.000864217686799092
2020-09-10,1.9573824979720935,1.9634957439405478,1.9044236052336627,1.911413121625092,-0.008441392098285176,-0.007643105449247359,-0.012368818530419178,-0.012023139795373667,0.004380034346126308,0.0003456787350455109
2020-09-11,1.923352117125282,1.930476534798368,1.8921334317397485,1.911456721938142,-0.011637834966194811,-0.011284473432478683,-0.014684030132373155,-0.014686833297766818,0.003402359865288135,-2.8031653936631817e-06
2020-09-14,1.932028108047065,1.9506496506941904,1.9265684568118187,1.9403569746671872,-0.012962676751273224,-0.012684271859900054,-0.013239599449302225,-0.01386562112010016,0.0011813492602001062,-0.0006260216707979355
2020-09-15,1.9574849298628787,1.9641278273528788,1.9393916633090151,1.9519772141838447,-0.011635577139303134,-0.011990507638744496,-0.009857837352489485,-0.011685300955810017,-0.00030520668293447864,-0.001827463603320532
2020-09-16,1.9592778293332278,1.9717924982846184,1.9397607411965252,1.9435208027248985,-0.009287402942155762,-0.009840370382559489,-0.005421340196902754,-0.008137473193035953,-0.0017028971895235358,-0.002716132996133199
2020-09-17,1.9103755145102204,1.9403081378199358,1.9037872157687514,1.925277757481306,-0.007333841395925558,-0.006624176910281591,-0.0012479376377929,-0.002776658985372098,-0.003847517924909493,-0.001528721347579198
2020-09-18,1.9308396141983937,1.9325024841667957,1.8873830437923564,1.9059644728341831,-0.0027179807468230466,-0.003145479599789958,-0.00020275210183885552,-0.0016423016520201957,-0.001503177947769762,-0.0014395495501813402
2020-09-21,1.8777002510222658,1.8924055427203013,1.851364959594932,1.8869433700236589,-0.0033391679915116155,-0.003787068961038724,-0.0034339496155270685,-0.0015867903397501959,-0.0022002786212885284,0.0018471592757768726
2020-09-22,1.89604850787163,1.9116723565430997,1.8789709106183565,1.9053883867055699,-0.005512103069848729,-0.005711135194864985,-0.005246490230577691,-0.0036573874804124024,-0.002053747714452583,0.0015891027501652886
2020-09-23,1.9072276770334928,1.91033607780623,1.8549768417004213,1.8587745339922406,-0.006321189091899568,-0.006228164684170398,-0.006698032664915754,-0.0056943935020235545,-0.0005337711821468433,0.0010036391628921995
2020-09-24,1.8486816665805477,1.8838265072026448,1.838552787154377,1.8640065555634784,-0.008345986770900428,-0.00733508565437708,-0.00949734780171268,-0.008606777589326148,0.001271691934949068,0.0008905702123865322
2020-09-25,1.860171204552122,1.9004737473696882,1.8544717005300158,1.8953260852042435,-0.010695188600129564,-0.008769568234188504,-0.011449269313623162,-0.009233291965515634,0.00046372373132713,0.002215977348107528
2020-09-28,1.9229970645804473,1.9338861176658204,1.9096535664393612,1.929456846100402,-0.008273296698808035,-0.006673013345050857,-0.007639096695858813,-0.005875922089870448,-0.0007970912551804087,0.0017631746059883647
2020-09-29,1.9278161675138112,1.9321279555205984,1.9125994865561606,1.9176319020085413,-0.0037819559895624906,-0.003570618758971912,-0.002608328118911006,-0.00225674375974007,-0.0013138749992318418,0.0003515843591709359
2020-09-30,1.921996006768966,1.9520642302861209,1.9202003742966651,1.9326066440625924,0.0008710693994913485,0.0015180642925821804,0.00318639318490262,0.0020317847327458124,-0.000513720440163632,-0.0011546084521568078
2020-10-01,1.949790063263469,1.9564462915242,1.934792702339265,1.9486273906421059,0.004231880791732873,0.004985942023095054,0.0076159199825199305,0.006110261945599674,-0.00112431992250462,-0.0015056580369202568
2020-10-02,1.913513558086319,1.951706328315198,1.9059921928863468,1.9258447178702949,0.006500494926211115,0.007479285411340733,0.009005074356151567,0.007375469750052016,0.00010381566128871665,-0.0016296046060995505
2020-10-05,1.939932047011631,1.9629235475651419,1.9381811094644907,1.9612683258607644,0.006877506137141182,0.0076785738240788375,0.009523216759138631,0.00906382816617851,-0.0013852543420996722,-0.0004593885929601218
2020-10-06,1.9624714196279414,1.976436930591546,1.931040355656338,1.935372919176684,0.008952829996017125,0.009044646416203237,0.010439943266641926,0.009668469077275225,-0.0006238226610719884,-0.0007714741893667006
2020-10-07,1.9531800676080926,1.9738238896629243,1.951586832890293,1.9679917417311843,0.01046150457664597,0.009394079114024276,0.010246637331310945,0.008581279432018318,0.0008127996820059581,-0.0016653578992926275
2020-10-08,1.9817350019978304,1.98820370071149,1.9743587486042382,1.9853785870343923,0.009067654995917506,0.007991011200234807,0.009029468723490728,0.007467419662728687,0.0005235915375061198,-0.0015620490607620406
2020-10-09,1.997043829112433,2.007354159719143,1.9899019228462984,2.002216242949834,0.0076620338447901054,0.007477151685770577,0.008075237645433211,0.007888769992503068,-0.00041161830673249085,-0.00018646765293014317
2020-10-12,2.0204446677162395,2.0485594773736646,2.015635092427573,2.0375607585583624,0.010062150624724615,0.010142826155847183,0.01056184660738605,0.01121774877587333,-0.0010749226200261475,0.0006559021684872813
2020-10-13,2.0380948798377228,2.041862882493423,2.0200019505905678,2.027562843608503,0.012565096708227414,0.01093604088692193,0.01219841794979537,0.011902706683636792,-0.0009666657967148627,-0.0002957112661585784
2020-10-14,2.0299898488411574,2.0385261105584096,2.008251556047975,2.014458104423524,0.012901227811062285,0.011546214533511701,0.012398936481255594,0.011538680510974956,7.5340225367450525e-06,-0.0008602559702806378
2020-10-15,1.988314521903781,2.0142679520255453,1.9837583306134443,2.0118206298693506,0.011508080094859355,0.01007733052118338,0.0111689957160807,0.011106702948405394,-0.0010293724272220136,-6.229276767530552e-05
2020-10-16,2.019768382906075,2.0299107559353113,2.0066240652997562,2.0087921158216444,0.008945200710725331,0.008444824199074347,0.008672720112398823,0.0082247102017524,0.0002201139973219482,-0.0004480099106464238
2020-10-19,2.0173876784318816,2.0251697861216567,1.9738530038304232,1.9792441839857073,0.006725760043386348,0.006353601684154785,0.005315079565133715,0.005087162942790508,0.0012664387413642772,-0.00022791662234320723
2020-10-20,1.987399840099912,2.004947021518279,1.9786196818234638,1.9844889438902906,0.003434387806054553,0.0033057116222474526,0.0013090027834190394,0.00029144386180727735,0.0030142677604401754,-0.001017558921611762
2020-10-21,1.9848307483436212,1.9980147579374312,1.9780587517083088,1.979571363566719,-0.0009187028492705457,-0.0006400814959988848,-0.00193462414252074,-0.0031932644569932565,0.002553182960994372,-0.0012586403144725165
2020-10-22,1.9830397997791134,1.9991507828309238,1.968632218012147,1.992821910086299,-0.00384946393044117,-0.0038584781959019286,-0.004495169662691374,-0.004936451725245676,0.001077973529343747,-0.00044128206255430145
2020-10-23,1.998660438183816,2.0007259890362192,1.9810265613113862,1.996930585821405,-0.004923417445912478,-0.005846949194635433,-0.0052740359856498975,-0.005423241111182955,-0.0004237080834524785,-0.00014920512553305738
2020-10-26,1.9771729338359003,1.9862013817684614,1.9396737371060344,1.9620514558545632,-0.005628956007639155,-0.0058003088590915805,-0.006485386123058839,-0.005392158883489352,-0.00040814997560222836,0.001093227239569487
2020-10-27,1.964746633207915,1.9703044526889528,1.9494601302039207,1.9558262028853104,-0.005311106112122639,-0.006311357700443669,-0.005951065422182968,-0.005451899296790469,-0.0008594584036532007,0.000499166125392499
2020-10-28,1.9218245704288859,1.9297592614250103,1.8876504055032528,1.8899119937989985,-0.006985725384568949,-0.008389038984533262,-0.008716491518284306,-0.009111074445638207,0.0007220354611049452,-0.00039458292735390123
2020-10-29,1.893097100113106,1.9298838368918387,1.8826987426633417,1.9113091520181658,-0.01169455842870384,-0.010758749761915296,-0.011923057882564985,-0.010269313684633526,-0.0004894360772817706,0.0016537441979314598
2020-10-30,1.9003582268654993,1.9094513326462548,1.8669749890850333,1.8893137177980057,-0.012756255379637997,-0.012177269417693794,-0.01323793651808893,-0.01161088387395514,-0.0005663855437386539,0.00162705264413379
2020-11-02,1.9098183329107359,1.9222517970046735,1.8866919766957668,1.908735621133878,-0.01201326434710455,-0.011753532359207558,-0.013969364458077222,-0.01241471663373239,0.0006611842745248321,0.0015546478243448313
2020-11-03,1.9291220216888945,1.9561578564155226,1.9243988055620604,1.9429270450920921,-0.01091266320309199,-0.00958106740802765,-0.011269780446614584,-0.010149262725158113,0.000568195317130463,0.0011205177214564706
2020-11-04,1.9737752527463521,2.012210084018978,1.9641418138157825,1.987976376405609,-0.006841306258958494,-0.004221975309894505,-0.0057825685833968,-0.005250630659864072,0.001028655349969567,0.0005319379235327274
2020-11-05,2.0231760869855906,2.040386717122564,2.0185790307758826,2.029786448179775,-6.074892004864202e-05,0.0025776944827695307,0.0022142005996280993,0.002710041599400238,-0.00013234711663070737,0.0004958409997721388
2020-11-06,2.02856109591764,2.036330888383023,2.0111661816951667,2.02802643600323,0.007568411621450411,0.00876132149373116,0.010027506201063406,0.010400569902969451,-0.0016392484092382902,0.0003730637019060453
2020-11-09,2.1019623311340254,2.1143579670345396,2.0469012829708997,2.049425220366722,0.017406343397208552,0.01780108928787282,0.016667815465863357,0.016556109899099374,0.0012449793887734442,-0.0001117055667639831
2020-11-10,2.044503315117196,2.0574325297541285,2.022532959543957,2.046088079345295,0.02176912822959971,0.021122624803648106,0.0213316418306908,0.021055531223235707,6.70935804123994e-05,-0.0002761106074550927
2020-11-11,2.0613525567277624,2.0735211782920544,2.0422821702509384,2.064222600249399,0.02322274409294368,0.021562612312196815,0.02206631829233891,0.021055744276266213,0.0005068680359306028,-0.001010574016072699
2020-11-12,2.059408192878899,2.065533132639203,2.0338573066500016,2.045459276539225,0.02096389073985673,0.019832624581505295,0.02013702146221233,0.01934612468759048,0.00048649989391481505,-0.0007908967746218486
2020-11-13,2.057865907959266,2.078181303398026,2.05170825655312,2.073924218701749,0.01708909583809125,0.015786136236469867,0.01630093755204548,0.016096713911028914,-0.0003105776745590469,-0.00020422364101656612
2020-11-16,2.0941086326428877,2.101126351970125,2.0795094420444413,2.099418904461344,0.013912666551251012,0.011799348519240213,0.013056556661295514,0.01329501287218531,-0.0014956643529450975,0.00023845621088979668
2020-11-17,2.0910173913867074,2.1000920586537033,2.0789454179348192,2.0923734519980104,0.009620714875258151,0.00784837233983264,0.009958018012032098,0.010077130164950314,-0.0022287578251176735,0.00011911215291821563
2020-11-18,2.0942015884887653,2.1015044439552284,2.0711985570023517,2.071462258910066,0.0065169606305072875,0.005966593535427335,0.007213164924303331,0.0069104540810204845,-0.0009438605455931491,-0.00030271084328284664
2020-11-19,2.067222589312538,2.08354955844872,2.05885194149107,2.0820039766267877,0.0037753004012761296,0.0039015436686484868,0.006126350385583231,0.006094168808953723,-0.0021926251403052363,-3.218157662950808e-05
2020-11-20,2.0804982975068893,2.084104258180291,2.0683348074341,2.0700244080397936,0.0015828733074862396,0.0010731756127598203,0.004574436647887489,0.0038741786391962452,-0.002801003026436425,-0.0007002580086912435
2020-11-23,2.0811912160934654,2.092873803512181,2.0683511719438865,2.0841600807911305,0.0036921156166110558,0.0033458804875327224,0.0047128025656055245,0.0033427444614831095,3.136026049612925e-06,-0.001370058104122415
2020-11-24,2.1004028193361894,2.12257875860121,2.0926749585760875,2.119262134218034,0.0032704335807692904,0.003704240591162927,0.004293366932096094,0.004082463064119165,-0.0003782224729562385,-0.0002109038679769283
2020-11-25,2.11868126337626,2.1236548338754546,2.10826460853818,2.1187823083238295,0.004291470609405571,0.004404221020194477,0.005190683840231297,0.005118019164645084,-0.0007137981444506067,-7.26646755862129e-05
2020-11-27,2.1270668723451274,2.134035178908452,2.1208805009710803,2.1278701771114497,0.004945386820377087,0.004530185036794574,0.005414695631465379,0.004737059156854671,-0.00020687412006009653,-0.0006776364746107081
2020-11-30,2.1252581397621113,2.1283553649038223,2.0982146045702987,2.1175857720820694,0.00457772069016337,0.0043592245671333915,0.004537622529881963,0.004693874405906035,-0.0003346498387726436,0.00015625187602407234
2020-12-01,2.139028305540911,2.154349137994663,2.1321016346210575,2.1404413294425337,0.006560460620091135,0.006527605728375613,0.006798631942401605,0.007067771187315478,-0.0005401654589398648,0.0002691392449138729
2020-12-02,2.133272951537626,2.1483893549577497,2.1264436828221442,2.1464274994334858,0.007478708515815289,0.0076568302480303566,0.00807594307280431,0.008801247986055338,-0.0011444177380249814,0.0007253049132510282
2020-12-03,2.1474491888711356,2.1597204256898586,2.1434942081510577,2.1503838100149544,0.008870296919553908,0.008912850417973963,0.009191088917924759,0.008701243429612654,0.00021160698836130906,-0.0004898454883121052
2020-12-04,2.153854769406082,2.169618044938828,2.15215149788005,2.169205956789094,0.008167255220936628,0.008806100098219815,0.009079031942678072,0.009374057743724015,-0.0005679576455041996,0.0002950258010459422
2020-12-07,2.1665325573336687,2.172062344127066,2.1587504430553532,2.1679399055785997,0.007990689408980305,0.007826400789139643,0.00882820478060168,0.008122183114344487,-0.0002957823252048436,-0.0007060216662571929
2020-12-08,2.160345839338234,2.1795885466306184,2.155655200694465,2.1768235878349262,0.0064800213112049835,0.006775699354539571,0.007313690085901949,0.007110396639474243,-0.00033469728493467233,-0.0002032934464277058
2020-12-09,2.180385173010185,2.1829068839308756,2.1444863922901476,2.1532875832624496,0.006383731348144739,0.006835240680210763,0.0057533227840155425,0.006031770967367987,0.0008034697128427764,0.00027844818335244405
2020-12-10,2.142411886775495,2.1605183893428737,2.135221055926027,2.154864984694073,0.004465251087997055,0.005014079739611293,0.004098866117752233,0.004594767295016448,0.00041931244459484426,0.0004959011772642154
2020-12-11,2.14440756698984,2.1527336787559777,2.1317275669402966,2.150173608779642,0.0029270227902019707,0.0030134902483819346,0.002768170185517023,0.0030703625359585858,-5.6872287576651206e-05,0.00030219235044156266
2020-12-14,2.165154631294809,2.1741461447705164,2.1427616317088054,2.1455442552339354,0.0021896801350863937,0.0015755506988790644,0.00039679298400635386,0.0003374759552587521,0.0012380747436203123,-5.931702874760177e-05
2020-12-15,2.1619067598588826,2.1742681864967106,2.1504583776525004,2.173023482718291,0.0017095980713530085,0.0013221464209010976,0.00016440965991742883,0.00028826944741088033,0.0010338769734902172,0.0001238597874934515
2020-12-16,2.175209796729454,2.1823669816559126,2.1669990387546734,2.176840866442645,0.0012941313358806213,0.0008717327248787421,0.00023454145139593062,0.00045142667815783517,0.0004203060467209069,0.00021688522676190455
2020-12-17,2.1868885248982117,2.191557314616519,2.180868528242478,2.1905048179436415,0.0019524432295219825,0.0012661646125068675,0.001706312467984929,0.0012549975203399652,1.1167092166902226e-05,-0.00045131494764496377
2020-12-18,2.1937082643997927,2.1953531518513034,2.1674876755460084,2.1823051314463795,0.0029317270585844726,0.0021415817667919793,0.002572349378924521,0.0023798072727209056,-0.00023822550592892625,-0.00019254210620361532
2020-12-21,2.1602222972700207,2.18058482280706,2.1410359864934416,2.1752961703874245,0.0024466167849080812,0.00206246628984966,0.0022496035027327055,0.0028791287695830404,-0.0008166624797333803,0.0006295252668503349
2020-12-22,2.1783559703955975,2.1813084099071567,2.162275060946833,2.1720595096868585,0.002614656088854148,0.0024212632618768005,0.0030937237915989197,0.0037049837749109182,-0.0012837205130341177,0.0006112599833119985
2020-12-23,2.179200287090258,2.187150686033858,2.1727928416542084,2.1758306471773294,0.003946399989943731,0.003299105499904337,0.0036867132526721084,0.00322521661910626,7.388888079807709e-05,-0.00046149663356584826
2020-12-24,2.179128608691811,2.1845491446320895,2.172893321658747,2.1817263749200944,0.0027570439981377966,0.0024910391482960924,0.0033243858731840745,0.0028989454487742088,-0.00040790630047811633,-0.0004254404244098658
2020-12-28,2.1991098437040626,2.2043292495233606,2.188788466635736,2.1959827567603045,0.0023455677253344594,0.0019516250208524084,0.0031395336117834845,0.0027119441029943288,-0.0007603190821419204,-0.0004275895087891557
2020-12-29,2.205680284505189,2.2079347416223145,2.1868060336802193,2.192803727612388,0.0030125588533574856,0.00241097097532233,0.002890505692583303,0.0014876551978487299,0.0009233157774736001,-0.0014028504947345732
2020-12-30,2.1989210594974695,2.2056006990601973,2.1933238993062916,2.197125712200706,0.0026031201796506633,0.002341582882673981,0.002976242573822316,0.0017582173161326208,0.00058336556654136,-0.0012180252576896953
2020-12-31,2.1971198179808127,2.211709365837711,2.1902192552064195,2.208698395003137,0.002533642915939002,0.002765526442279409,0.0034757638909247938,0.002622360690325255,0.0001431657519541541,-0.0008534032005995387
2021-01-04,2.2167691794342583,2.217839318760486,2.153952267509027,2.1784230177576682,0.004048954866982658,0.0037808546716305855,0.0026402613424868163,0.0023598980898558203,0.0014209565817747652,-0.00028036325263099604
2021-01-05,2.1742334820389266,2.201470277712973,2.1719750596922758,2.1955177640401256,0.0033365974173433584,0.0038378121850246513,0.0022220210452911274,0.0026296764920783894,0.001208135692946262,0.00040765544678726196
2021-01-06,2.1835446178285243,2.230999599811733,2.1810149603962126,2.2097667248220443,0.0011357802610411413,0.004446757744957021,0.0004790277690933882,0.003049253744005635,0.0013975040009513865,0.0025702259749122466
2021-01-07,2.2260985912095372,2.2515420744228636,2.2237918832622956,2.244866836014274,0.0021823056725780404,0.005613352853931178,0.00200066586851087,0.004749780233233486,0.000863572620697692,0.002749114364722616
2021-01-08,2.2554708706222777,2.261914618561539,2.2332985326862915,2.258672964883572,0.004308544761254641,0.006883891027210663,0.0039963754101475435,0.006572264416788809,0.0003116266104218543,0.0025758890066412653
2021-01-11,2.2393556187867354,2.2562100491388857,2.232849688318043,2.2446013448108584,0.004626499631950417,0.006763605289710179,0.005240898883126762,0.007016104897941144,-0.0002524996082309645,0.001775206014814382
2021-01-12,2.246927452307148,2.2557163834390073,2.2332687253763948,2.249133887907366,0.0059595215731227495,0.007066448967309601,0.006841211416429949,0.00789547961139258,-0.0008290306440829785,0.00105426819496263
2021-01-13,2.2499329783369393,2.262173707977463,2.2433113945234346,2.2556163930121897,0.007314903307472891,0.007339002136444186,0.00831798905477167,0.008272254100736209,-0.0009332519642920234,-4.573495403546041e-05
2021-01-14,2.2618868913554153,2.2702721537771895,2.2491504860023364,2.2542542709935085,0.008335305371628311,0.007240243858936049,0.00986287350226781,0.00810149769010265,-0.0008612538311666001,-0.0017613758121651606
2021-01-15,2.24483991610305,2.2499127289211454,2.2219775615829027,2.2345057608271364,0.007542567449902498,0.005654319529393192,0.009041936263305858,0.006932594623370812,-0.0012782750939776197,-0.0021093416399350466
2021-01-19,2.2512539668362996,2.2597585534630222,2.2420858154320955,2.255330592098973,0.007831218839344399,0.004551032635368807,0.0065150645226375375,0.004568416405720025,-1.7383770351217867e-05,-0.0019466481169175126
2021-01-20,2.2703361001117752,2.2893729807255867,2.25775838114884,2.2842205643291296,0.005907003279250233,0.0034636967985284517,0.004976294052395287,0.0039874915850136765,-0.0005237947864852248,-0.0009888024673816104
2021-01-21,2.2906650579360024,2.2958891773387715,2.2766659509671565,2.286005935039589,0.004547502131022257,0.003634924031868665,0.004031707783335007,0.003378695881987536,0.00025622814988112905,-0.0006530119013474708
2021-01-22,2.2742095266846576,2.283953828373038,2.2686644948513677,2.277974231462564,0.003828928532576604,0.003738090204461965,0.004343067364837914,0.0037477030303929744,-9.612825931009338e-06,-0.0005953643344449398
2021-01-25,2.283641599341976,2.2941864336097706,2.2518183544888752,2.2863801343291685,0.00499982073113561,0.0046980316786047905,0.0038254127476946348,0.005094320799799248,-0.00039628912119445744,0.0012689080521046132
2021-01-26,2.2923592994956485,2.297118440533681,2.278305557968653,2.282469760044437,0.0052304103463776,0.005046422659229701,0.004498109037594373,0.00495369294342597,9.272971580373112e-05,0.0004555839058315971
2021-01-27,2.2619117962360247,2.263200475346666,2.2120545159869907,2.224421943929534,0.003662547100832308,0.003015972475179536,0.0010340676941952536,0.0014899790177211705,0.0015259934574583655,0.0004559113235259168
2021-01-28,2.2360255282230113,2.2713801486443495,2.232598573729955,2.2441941491752315,0.0007014455907587092,0.0017714583262011807,-0.00038273547294371017,-0.00016354526361997464,0.0019350035898211553,0.00021919020932373553
2021-01-29,2.2345318824091627,2.241947370928049,2.190893276924459,2.2029150518311376,-0.0013756248217000099,-0.0006501768954043721,-0.0035552478727771367,-0.0040210133669515615,0.0033708364715471896,-0.00046576549417442483
2021-02-01,2.2241483108410343,2.2463523340763705,2.2085093761029446,2.239034091323246,-0.004823961015956715,-0.0038455056890299836,-0.006872262441408403,-0.00660262582226118,0.0027571201332311965,0.00026963661914722326
2021-02-02,2.2604723161969256,2.282051470176705,2.2584199407884453,2.271499770770354,-0.005612577108438885,-0.004394064273242215,-0.005963081582945468,-0.00607994980471047,0.0016858855314682555,-0.0001168682217650022
2021-02-03,2.278280044334714,2.2857603448740846,2.264244203738344,2.2725175953468915,-0.004269457924866041,-0.003036242622683183,-0.0038893653382972085,-0.0037717479788094716,0.0007355053561262886,0.00011761735948773687
2021-02-04,2.2796821921426833,2.2998347198214497,2.274953840680596,2.2991184418005552,-0.0015908843298244534,-0.00043252516015855857,-4.959845545053102e-05,0.0002482879917127741,-0.0006808131518713327,0.0002978864471633051
2021-02-05,2.311983072317185,2.3158352989439295,2.300505184019214,2.310134151715782,0.0018856456857768852,0.0022004364751775415,0.004671200508287097,0.004174794485676428,-0.0019743580104988863,-0.000496406022610669
2021-02-08,2.3210373886279885,2.329837342481581,2.3153991875889113,2.3293133677125173,0.006026991184788403,0.005892877554762957,0.008695375895080284,0.009318016343257244,-0.0034251387884942867,0.0006226404481769598
2021-02-09,2.3239534635632544,2.334921283047236,2.320016442643862,2.3291132822332847,0.01045529303250154,0.009625959382895575,0.01396653835806765,0.013669229999554198,-0.004043270616658623,-0.0002973083585134529
2021-02-10,2.340077895855068,2.3420895534147133,2.3104859876363113,2.3279152373198038,0.013350316253761632,0.011030623824501049,0.013795535207620719,0.013519865317287778,-0.0024892414927867295,-0.0002756698903329403
2021-02-11,2.3362978890726227,2.339190640484063,2.3160192453848922,2.333111045334736,0.01336593821185057,0.01186624604648575,0.014102841218453751,0.013717591199000291,-0.0018513451525145417,-0.00038525001945345985
2021-02-12,2.326949692149256,2.346039413320689,2.324120265762973,2.345286700996214,0.011556659576231282,0.010291307159203178,0.011060508291301313,0.010749723370708317,-0.0004584162115051395,-0.00031078492059299564
2021-02-16,2.353713935613225,2.3571425203719305,2.3361438049074894,2.3430023051931217,0.009394794785740004,0.008353934776814129,0.008233538791948635,0.008339471141538815,1.4463635275314274e-05,0.00010593234959017928
2021-02-17,2.3307859233980026,2.345696033952796,2.3182318947203404,2.3405634744871917,0.006833419082724002,0.0068292396473969,0.006209843003184306,0.006700349638581846,0.00012889000881505415,0.0004905066353975401
2021-02-18,2.3225627394568487,2.335696999432,2.309979307877429,2.3285488671976577,0.00415840180178761,0.0042349516902937786,0.0033992969295647928,0.0036366050889729347,0.0005983466013208438,0.00023730815940814195
2021-02-19,2.338137591397255,2.342588514196458,2.3250739721370026,2.3291900274495583,0.0018896384790757443,0.0023495634191622265,0.001571707076689281,0.0017020557487935622,0.0006475076703686643,0.00013034867210428105
2021-02-22,2.311443673195137,2.327618630469695,2.2983822419253555,2.307282070715521,-0.00039031502793119004,0.00019611349988760045,-0.0006158891888701049,-0.001057596457063692,0.0012537099569512925,-0.0004417072681935872
2021-02-23,2.2907971336625943,2.31630271144736,2.2584931951712135,2.307256344064188,-0.0031862841599681214,-0.0017839270578014492,-0.0039605854382651845,-0.0025054668562384218,0.0007215397984369726,0.0014551185820267628
2021-02-24,2.3003765920720998,2.336181450022981,2.2892119673402154,2.33251100159929,-0.0048987838380398245,-0.002176687279301189,-0.004632125687897422,-0.0023217916503160806,0.00014510437101489162,0.0023103340375813415
2021-02-25,2.3256655266346717,2.334471457038287,2.261994993210024,2.2717223824621455,-0.003871144672139375,-0.0022001099054765956,-0.00705020425054472,-0.005574913444482221,0.0033748035390056253,0.0014752908060624995
2021-02-26,2.2839935427371194,2.2948800653511174,2.246242993620216,2.260428173898516,-0.00519382787741514,-0.004483983287220644,-0.009370829311502979,-0.00841657026406104,0.003932586976840396,0.0009542590474419382
2021-03-01,2.2961086188184052,2.3279546433949108,2.292603221696977,2.320172437690602,-0.00584490980241487,-0.0039701060394924685,-0.007776873885315226,-0.006306734178927919,0.0023366281394354505,0.0014701397063873068
2021-03-02,2.3233017212791216,2.326445987172339,2.296845984515882,2.298677866415371,-0.0028546175037066726,-0.0025791026619941836,-0.0047679009797831325,-0.00521720699500613,0.002638104333011946,-0.00044930601522299735
2021-03-03,2.295814149131281,2.306564794644071,2.2639087439988104,2.2653754220615556,-0.002523548568815471,-0.002663547872166881,-0.004273294958669635,-0.005569499564987782,0.002905951692820901,-0.0012962046063181463
2021-03-04,2.2632847132882703,2.2805124459979353,2.2047960705987983,2.233956979683364,-0.004091124466690014,-0.00436131453037913,-0.006894726600762638,-0.00752512884246839,0.00316381431208926,-0.0006304022417057522
2021-03-05,2.257379855796148,2.2813283824165933,2.2044547713533014,2.2751638334022153,-0.004223938508488655,-0.004886237570136288,-0.007253515284048989,-0.0060437992031662285,0.0011575616330299406,0.0012097160808827601
2021-03-08,2.280479293354171,2.3035106404634615,2.2501819358356037,2.2588903150239386,-0.003897496132098661,-0.004456664458456177,-0.005435492757759557,-0.006255783511647198,0.001799119053191021,-0.0008202907538876411
2021-03-09,2.2883312381574106,2.3164132355643443,2.2804517802100683,2.297479784760935,-0.004143876009932189,-0.003785489972989835,-0.004041411460233009,-0.0037780360270889485,-7.453945900886411e-06,0.00026337543314406027
2021-03-10,2.3167231076459336,2.330935585412335,2.298430168937438,2.3110380577446015,-0.0021730882579982344,-0.0009982777618884856,0.00011506269988528486,0.0012414012050185415,-0.002239678966907027,0.0011263385051332566
2021-03-11,2.330593581825753,2.351423190006709,2.323726924717652,2.338491085991396,0.0020420602009599462,0.00285602685975242,0.0037251591836119174,0.003965979839683251,-0.0011099529799308305,0.0002408206560713332
2021-03-12,2.328708422744203,2.348040207917803,2.319193035476392,2.3407864889013386,0.003316515538771542,0.003680903522024461,0.00528955347537197,0.005253497413324067,-0.001572593891299606,-3.605606204790286e-05
2021-03-15,2.3436085193293845,2.357663783995945,2.32819070778872,2.3564437026308926,0.0056693766108050206,0.006591309020973068,0.009551168833453055,0.010403955564378732,-0.0038126465434056645,0.0008527867309256771
2021-03-16,2.3623579062482207,2.370758149562441,2.34473014182395,2.3525766875977925,0.01028204864232606,0.00975526476506171,0.014566422525725306,0.013470862508124177,-0.0037155977430624668,-0.0010955600176011295
2021-03-17,2.343640564305865,2.368965964698689,2.33055334529185,2.362100778059166,0.011567861637206819,0.010958935016029616,0.0160321663447077,0.014183783293660816,-0.0032248482776312,-0.001848383051046884
2021-03-18,2.345744755248145,2.357187567385068,2.3168243020829915,2.3205886829000097,0.010220105503955676,0.009026946169789538,0.012000395019048055,0.009365416596847545,-0.00033847042705800745,-0.0026349784222005103
2021-03-19,2.3199690748992245,2.3323617898627824,2.3006062752083536,2.3209579762769237,0.006073230343593133,0.004865824354642806,0.005703332805263596,0.0062642355052845745,-0.0013984111506417686,0.000560902700020979
2021-03-22,2.3281950867991035,2.35084457558334,2.323788157235358,2.3405100837793196,0.003156352044024585,0.0025730849340911714,0.00255374174201405,0.0025895512598494972,-1.6466325758325833e-05,3.580951783544719e-05
2021-03-23,2.3391140708330473,2.345721095348535,2.3131003220208615,2.3187112238567633,0.0007801444247667414,0.000287311293883223,-5.302914918014036e-05,-0.0006908609232025987,0.0009781722170858218,-0.0006378317740224584
2021-03-24,2.3297844676476998,2.3390683723736,2.299466434302729,2.2999126395004312,-0.0008277088287071548,-0.001748428273687756,-0.0026006472954271244,-0.004350116346123263,0.002601688072435507,-0.0017494690506961387
2021-03-25,2.2913310320942277,2.320543294830357,2.274806863163301,2.3133211715346387,-0.0037666434397978328,-0.00352736554594724,-0.004819443365329141,-0.005312941856856361,0.001785576310909121,-0.0004934984915272202
2021-03-26,2.322255844698759,2.3522156468528554,2.312072530337547,2.349937026822699,-0.004668537669029211,-0.0034299503601629266,-0.004714855519939931,-0.003820422164465678,0.00039047180430275144,0.0008944333554742529
2021-03-29,2.3407362566044507,2.3537348371829254,2.3263699971317173,2.34482506644767,-0.0034908565911144734,-0.002658709889772024,-0.003144251875394168,-0.0016738380368803531,-0.0009848718528916707,0.0014704138385138149
2021-03-30,2.3385652106101382,2.345516987396015,2.3272278894225633,2.340395146211884,-0.0011468217701194122,-0.001415134469227779,-0.00040215595012627124,0.00011414502937325552,-0.0015292794986010345,0.0005163009794995268
2021-03-31,2.347026710416527,2.3655457824724,2.3420671680023033,2.3535675032222145,0.0006993229185589793,0.0011073951726440247,0.002416383915549691,0.0034032147073838307,-0.002295819534739806,0.0009868307918341397
2021-04-01,2.368225125526646,2.3813502893475667,2.3637665838036606,2.3806675222962226,0.003800979995933323,0.003748219092571845,0.005363697244824843,0.005506427867753546,-0.0017582087751817008,0.0001427306229287023
2021-04-05,2.3989966768231437,2.417361606563422,2.3899618594008394,2.412159728615024,0.006590217299206746,0.006405363365666683,0.008089644642659113,0.008623788938564707,-0.0022184255728980237,0.0005341442959055937
2021-04-06,2.4106425595043253,2.4216400350657503,2.4067519378584996,2.411181351608307,0.009605175033882984,0.009497761372372501,0.01219377531340865,0.01188578203840437,-0.002388020666031868,-0.00030799327500428096
2021-04-07,2.410892307327803,2.419192911297654,2.4020249690197613,2.4121488133042175,0.012362324340524292,0.011256987770226547,0.014321927389283094,0.01289066701980222,-0.0016336792495756734,-0.0014312603694808732
2021-04-08,2.4223362638291226,2.425252512865697,2.413342628701287,2.4241845661026105,0.014251676680399198,0.012012655558928258,0.015080605999924068,0.012166231809509015,-0.00015357625058075655,-0.0029143741904150526
2021-04-09,2.422170129837013,2.4397769027306078,2.4177680712454523,2.4386627116265536,0.012446564842213357,0.011280901376868314,0.013056383468544819,0.011619089380351638,-0.0003381880034833244,-0.0014372940881931806
2021-04-12,2.4350930841340785,2.441494587346175,2.4282075141364756,2.4383865761939267,0.011822067136378204,0.011309073364427078,0.012353099778205633,0.011978650642656023,-0.0006695772782289444,-0.0003744491355496104
2021-04-13,2.4398614918997255,2.4518001872672537,2.433788012743686,2.447505401548092,0.01132196774559027,0.010918479363706088,0.011499674600611355,0.011422689270534454,-0.0005042099068283661,-7.698533007690148e-05
2021-04-14,2.448844308974284,2.4587513711293614,2.431976294783682,2.439109838624587,0.009965585792032891,0.009170513283799031,0.00930258470989789,0.008868849964436881,0.0003016633193621502,-0.00043373474546100875
2021-04-15,2.4545659322256683,2.466375111043722,2.4426425292108025,2.4647672830102847,0.008148676022744857,0.007801102583302818,0.007406897022208582,0.007396123032639377,0.0004049795506634408,-1.0773989569204737e-05
2021-04-16,2.4730616472745597,2.4757228256813626,2.4624451827677634,2.4725675322233824,0.00745034539305107,0.006773027338703289,0.006818886506704604,0.006807656059362043,-3.462872065875325e-05,-1.1230447342561525e-05
2021-04-19,2.4653607551241605,2.470813139484926,2.447900538644869,2.4576471249659133,0.007112657135551542,0.006733995978581852,0.005987779242926148,0.006390889597207567,0.0003431063813742856,0.00040311035428141836
2021-04-20,2.450941707473587,2.4555060399072746,2.427442289842035,2.43789621027353,0.005960454478269001,0.005497363112301279,0.0044578190416973765,0.004280213001676639,0.0012171501106246407,-0.00017760604002073788
2021-04-21,2.434357147137978,2.4642342331264673,2.428879963973304,2.463059117912108,0.003431814773103119,0.004163174899600261,0.002440354028276058,0.003282739618701903,0.0008804352808983581,0.0008423855904258447
2021-04-22,2.4632729200838512,2.4679723902996717,2.4327890655701894,2.4399566455199926,0.0029589071794949642,0.0028909041908367367,0.0010651082934102951,0.0012104202965605212,0.0016804838942762156,0.00014531200315022605
2021-04-23,2.443428600894865,2.4745603016946576,2.441716805351937,2.4662703955265766,0.0008963046821077857,0.0024284500651092214,0.00023614529965812464,0.0013474294107092349,0.0010810206543999865,0.0011112841110511103
2021-04-26,2.4700782280681675,2.479463673475942,2.4640264646254635,2.473544432432763,0.0008911700617614522,0.0019263479325617005,0.0010297479849970062,0.0015281565527169537,0.0003981913798447468,0.0004984085677199475
2021-04-27,2.4761684548006184,2.4786409919246224,2.4630455695607685,2.4711573558939715,0.001112061127148433,0.0016061809085623935,0.0017077114468151775,0.0017604453769611832,-0.00015426446839878968,5.2733930146005694e-05
2021-04-28,2.472567072222062,2.4786068347778185,2.465593433026754,2.469786877263984,0.0012952832156345098,0.0014222199381825546,0.0020492310298434284,0.001071586270779943,0.0003506336674026116,-0.0009776447590634854
2021-04-29,2.487439497156099,2.493168492293445,2.4621126122211052,2.483103534394421,0.0023836213870054705,0.002300108236903869,0.0025044894914252568,0.002447743680585449,-0.00014763544368158032,-5.6745810839807596e-05
2021-04-30,2.469451619734406,2.4792211102153447,2.4612455669290427,2.466552612371638,0.0033253828243261516,0.0027156429587263894,0.003996630471051943,0.003218882547183409,-0.0005032395884570196,-0.0007777479238685343
2021-05-03,2.481115098577464,2.488184083187157,2.4666112130696103,2.471615561725001,0.004433699116273739,0.0032503512533825114,0.004826340914864753,0.003344396589851654,-9.404533646914254e-05,-0.0014819443250130987
2021-05-04,2.459617784470233,2.4647954951614692,2.4279486353029913,2.4530093747945307,0.003217203056536517,0.0012782881844639739,0.0019565041733428513,0.0009689856779221709,0.000309302506541803,-0.0009875184954206803
2021-05-05,2.464707711344872,2.470181518810463,2.445234400179524,2.4542088834627864,0.0010675374464160358,6.928831399196006e-05,0.00011923475552301591,0.00015333981445727853,-8.405150046531848e-05,3.410505893426262e-05
2021-05-06,2.454154529342921,2.4724586591582445,2.4386669465892616,2.471616063579125,-9.792370326046781e-05,-0.0008383817342540621,-0.0020138882208365857,-0.0011457127542656622,0.0003073310200116001,0.0008681754665709235
2021-05-07,2.4788122162515367,2.499143407788401,2.4693370733637847,2.4912407052546066,-0.0011308487766912008,9.429503749450224e-05,-0.0019501595818520142,-3.830843997740673e-06,9.812588149224291e-05,0.0019463287378542735
2021-05-10,2.4927335926413354,2.498657690674685,2.460476018584487,2.461773666542783,-5.667654284209681e-05,0.0010293925570200408,-0.0012172417127376443,-0.00028697658157479715,0.001316369138594838,0.0009302651311628471
2021-05-11,2.4287815055289026,2.454102796567691,2.4138563093153103,2.442917486834426,-0.00233939533384918,-0.0007532770654238061,-0.0030495743712128784,-0.0016151036980728236,0.0008618266326490175,0.0014344706731400547
2021-05-12,2.424017605075204,2.4341830602003154,2.38600477206135,2.390407777282937,-0.004547668148516746,-0.0033273222345789385,-0.005634990767075273,-0.005556460588959777,0.0022291383543808383,7.853017811549658e-05
2021-05-13,2.400908270545352,2.4318650740187024,2.3925795214817804,2.4167283549419825,-0.006436476734096667,-0.004518555851052976,-0.007129128145649537,-0.006212201556644849,0.0016936457055918728,0.0009169265890046881
2021-05-14,2.435273094160364,2.4631431486784563,2.4336729333003766,2.457223920212308,-0.0066011688704767455,-0.004190466403113878,-0.005596784374930906,-0.0049579406813772325,0.0007674742782633548,0.0006388436935536737
2021-05-17,2.450107413302118,2.4592735025709467,2.4355365377480522,2.4511434136717396,-0.004764865911720412,-0.003281032647319468,-0.0032708659688628437,-0.0035847387858639296,0.00030370613854446143,-0.0003138728170010859
2021-05-18,2.4534806808952165,2.4592779518208414,2.4301519508590474,2.4314557974026476,-0.003801870082000206,-0.003580164126683199,-0.0034394947554659064,-0.004277672081565649,0.00069750795488245,-0.0008381773260997425
2021-05-19,2.3990014457308044,2.426085035879712,2.3873838593894767,2.4251817816857972,-0.005396751305059669,-0.005263870737258894,-0.004815251061441033,-0.004971601688279942,-0.00029226904897895235,-0.00015635062683890845
2021-05-20,2.431439757315394,2.46101943863717,2.4282267480477353,2.4536648571640884,-0.005129375961646526,-0.004355752290233275,-0.003699825003709876,-0.0025995866638528716,-0.0017561656263804033,0.0011002383398570044
2021-05-21,2.464447500285007,2.472738604050214,2.4478049742812615,2.4516904901312366,-0.00114240191049797,-0.000890766178412107,0.0006547272825336606,0.0011906354391481595,-0.0020814016175602665,0.0005359081566144989
2021-05-24,2.466824541595828,2.484246789310413,2.456161323196718,2.4770307163282985,0.004076438468033828,0.0034896162156350815,0.005135338573818908,0.00487797899784761,-0.0013883627822125284,-0.00025735957597129797
2021-05-25,2.48524112552951,2.4881618568550223,2.465201254314493,2.470745653867687,0.006350396417822548,0.005287899066973739,0.007053355737071224,0.006780488383768505,-0.0014925893167947665,-0.0002728673533027191
2021-05-26,2.475186368613377,2.4810519622266125,2.467737437260235,2.4781428349239545,0.00707396068738642,0.004957549965151884,0.006630578031958411,0.005248521953771237,-0.00029097198861935316,-0.0013820560781871742
2021-05-27,2.4845416943647396,2.489337158504496,2.4767015598594133,2.4793840097353628,0.006146965713662707,0.004356480344848914,0.006144370124539935,0.004475505901168763,-0.00011902555631984873,-0.0016688642233711722
2021-05-28,2.489232786700494,2.4933857712303884,2.4819647552189936,2.484572997550718,0.006753098274170173,0.005364817796174645,0.00766514531703367,0.0059257674165967035,-0.0005609496204220582,-0.0017393779004369666
2021-06-01,2.4996965627814243,2.5013718737959976,2.4770588786225596,2.4829999612231473,0.008264879987449795,0.006184207191767119,0.008457212119947355,0.006553355880077916,-0.00036914868831079695,-0.0019038562398694383
2021-06-02,2.4882570474312753,2.492068594259079,2.4772861585702466,2.487757291416123,0.008776492042633244,0.005986158305338218,0.008399402450140528,0.005741787359764914,0.0002443709455733044,-0.0026576150903756136
2021-06-03,2.4731479215769734,2.4852290282608696,2.461159769744898,2.477110455693818,0.004410489233759918,0.002804718787316698,0.0040394417438742196,0.0032487722793728174,-0.0004440534920561196,-0.0007906694645014021
2021-06-04,2.4892859418878217,2.503385484850175,2.4853313237487242,2.5009889238364167,0.002188551022073157,0.0022256947533768096,0.002826535222846936,0.0033276523233961796,-0.00110195757001937,0.0005011171005492436
2021-06-07,2.501645318165695,2.506186121972144,2.4939618500692475,2.5029465911687963,0.0021401109317303172,0.002067182605589622,0.0026974230900106847,0.0028080647024825095,-0.0007408820968928874,0.00011064161247182486
2021-06-08,2.509125480898036,2.5122710464960334,2.4903016897896513,2.5039338615918916,0.002207266497440359,0.00260236332285296,0.002366278496433123,0.003410390535510775,-0.0008080272126578152,0.001044112039077652
2021-06-09,2.509696410305594,2.5120228688223842,2.4980574398450766,2.4990845761746536,0.003020597271235895,0.003045323613186708,0.0026470142641191073,0.0030031069967265955,4.2216616460112426e-05,0.00035609273260748826
2021-06-10,2.507163188923288,2.5195022877434496,2.4970444021902534,2.511097922833435,0.0027290075112715215,0.0031330348455953453,0.002643315501190476,0.0034007402272396275,-0.0002677053816442822,0.0007574247260491514
2021-06-11,2.514840050230171,2.5184004931690964,2.505892599391877,2.5163465363169135,0.0030922462022593585,0.0032469300589365057,0.003364617911265081,0.0037679508423456155,-0.0005210207834091098,0.00040333293108053446
2021-06-14,2.517837879039164,2.525565895023506,2.5037019883622156,2.5215585409793055,0.0035644895189645854,0.003669290044067358,0.003963481355421536,0.004317354516647571,-0.0006480644725802131,0.00035387316122603447
2021-06-15,2.5212335656039406,2.524906831438913,2.5074111265544725,2.5148981368742764,0.004572808782917602,0.004198045837526271,0.004174121374627046,0.003950284715763371,0.00024776112176289923,-0.00022383665886367438
2021-06-16,2.5165273688629743,2.5192132512886047,2.484971863308073,2.5018917798290494,0.004300737470110812,0.003510751864047556,0.002808047541366703,0.0028042880507181526,0.0007064638133294034,-3.759490648550315e-06
2021-06-17,2.499118297830152,2.5178128354945972,2.4773930909537096,2.501376278252394,0.0017291348448426778,0.001962074362172338,-0.0001396665206436816,0.000749056937423801,0.001213017424748537,0.0008887234580674826
2021-06-18,2.4826323345074583,2.486919465495611,2.4652257586487916,2.468414653458634,-0.0009806265621907083,-0.0004562208486481798,-0.002336383850046773,-0.0018063142891578637,0.001350093440509684,0.0005300695608889093
2021-06-21,2.4779027729669583,2.501756965532924,2.4698442695214777,2.500508989358897,-0.0030437558482978373,-0.0016789006207619823,-0.00346211016381473,-0.002085734579290391,0.00040683395852840866,0.001376375584524339
2021-06-22,2.5008021739106177,2.5184723376211915,2.4934158190658104,2.5136136856638056,-0.0030713609589736943,-0.001530484444781061,-0.0032537919689828373,-0.0015549885359803445,2.450409119928343e-05,0.0016988034330024928
2021-06-23,2.514495048792734,2.5211026751041516,2.508413591082581,2.5108074546857004,-0.00221313145512216,-0.00133030765858084,-0.0017481105001612737,-0.0016179265322847952,0.0002876188737039552,0.00013018396787647848
2021-06-24,2.5250775122037306,2.5332528658065425,2.5209075271616586,2.528000079373302,-0.0010047234147898786,-7.882352759454306e-05,0.000245993441591398,-8.429072002611717e-05,5.467192431574114e-06,-0.0003302841616175152
2021-06-25,2.533026406113672,2.539964477787957,2.526110208583362,2.5354563967459267,0.0009319080982957535,0.0012986218845351472,0.002824509820134254,0.002001086253397112,-0.0007024643688619647,-0.0008234235667371422
2021-06-28,2.5403693722995926,2.547816527313345,2.529611248661193,2.542933612448228,0.0032484796162614024,0.0033206727323574063,0.005202889356199734,0.004610143661662738,-0.001289470929305332,-0.000592745694536996
2021-06-29,2.5466986353699914,2.552539777454662,2.536145907582632,2.544026692025256,0.005863553760440851,0.0052867131999472464,0.007870929072930804,0.006575704876595566,-0.0012889916766483196,-0.0012952241963352382
2021-06-30,2.5421357458235825,2.550367699721971,2.538908723664479,2.5460847160438758,0.007607329058557204,0.006419759890087966,0.008845416589479505,0.007433358081638229,-0.0010135981915502636,-0.0014120585078412759
2021-07-01,2.550277546251606,2.5590868948055596,2.544819171143939,2.5567283480379634,0.008324193257097484,0.007557408308419482,0.008983260534539296,0.008301534305916817,-0.0007441259974973356,-0.0006817262286224791
2021-07-02,2.5648954954367267,2.5759734676407673,2.560454840849693,2.5738848054111543,0.008119223814871396,0.007056292889818233,0.00834551788333987,0.0072371414638694506,-0.00018084857405121797,-0.0011083764194704197
2021-07-06,2.574522808681908,2.577970852700419,2.5461382186860346,2.56679832556736,0.007126947223570124,0.0065738499661078765,0.0060804773880484405,0.006647409666693024,-7.355970058514714e-05,0.0005669322786445831
2021-07-07,2.5719133184020566,2.57876481736686,2.5554015323335357,2.573056788841088,0.006347809580339703,0.006325267652300081,0.004967370041157351,0.00646918790830822,-0.0001439202560081388,0.0015018178671508684
2021-07-08,2.538197071825963,2.5595153959664168,2.5213713006824747,2.552090457113536,0.003780509000961169,0.004471254794354316,0.0022465777293540047,0.0042397435277313775,0.00023151126662293835,0.0019931657983773728
2021-07-09,2.5609202268053544,2.582430980276545,2.558265440503899,2.5800443138953955,0.002870853550485811,0.004211586874547473,0.002214058969446928,0.004180829921364729,3.075695318274438e-05,0.0019667709519178007
2021-07-12,2.5812167454411385,2.59128994347787,2.572715328145078,2.589423945611508,0.0031637500486660056,0.004286477570907177,0.0028637381351451093,0.004499781208935621,-0.00021330363802844407,0.0016360430737905117
2021-07-13,2.584348154174479,2.5961652890191194,2.575416017336458,2.578347993678429,0.0035328564134538107,0.004528639317392266,0.0033292197520865064,0.004058918603151599,0.00046972071424066734,0.0007296988510650925
2021-07-14,2.589488670128328,2.5949792380714167,2.5706219329940274,2.578284072263068,0.004071229284964396,0.004434945122141674,0.003413640470260762,0.0032581761194806647,0.0011767690026610097,-0.00015546435078009737
2021-07-15,2.5715685044678445,2.579470458410904,2.5538806450878884,2.5693501425218352,0.002809278850586949,0.0028360946042382184,0.002351196551600329,0.0016920890058588192,0.0011440055983793992,-0.0006591075457415098
2021-07-16,2.5773969661169014,2.5797781078695516,2.546488040926754,2.5491791062640905,0.0020512704905200963,0.0014825439267555885,0.00109807167522493,-0.0005466661522518573,0.0020292100790074456,-0.0016447378274767872
2021-07-19,2.5194568633724215,2.5247895515756102,2.4969099416175284,2.5147325695411906,-0.0012212974052715035,-0.0019954136088250547,-0.0018371639077284481,-0.003429053527654982,0.001433639918829927,-0.0015918896199265337
2021-07-20,2.5216479618135152,2.5618817967036187,2.513957611366109,2.552439224359555,-0.003181758659878559,-0.002696587665990201,-0.004026726870067822,-0.004010149467764341,0.0013135618017741401,1.6577402303480718e-05
2021-07-21,2.5590792456646994,2.576299225453951,2.5572715729522035,2.574825895317024,-0.0026335723064912116,-0.0023634066802617365,-0.0028460878988483115,-0.002778873668214081,0.0004154669879523447,6.721423063423037e-05
2021-07-22,2.576082099066813,2.581855064517754,2.566377250543301,2.578424662329282,-0.0032501428394268368,-0.0029805887248656026,-0.003460124873562924,-0.002770500649540307,-0.00021008807532529568,0.0006896242240226171
2021-07-23,2.588503935737445,2.603025289114738,2.580655269652973,2.6011351000821548,-0.0021334940976515996,-0.0011861094865507234,-0.0013812781494832035,2.1011483950524846e-05,-0.0012071209705012483,0.0014022896334337284
2021-07-26,2.5974606297778218,2.608836869435902,2.594611036264191,2.6062615416148813,0.0004904548471105152,0.0012663346028469692,0.002150726182207318,0.0034618105889459394,-0.0021954759860989704,0.0013110844067386212
2021-07-27,2.6000114989623393,2.605018788049698,2.568501538147229,2.592691812588727,0.003265407125533444,0.0036228527320134245,0.004173219494590546,0.0052199537878443465,-0.001597101055830922,0.0010467342932538003
2021-07-28,2.5974019622623543,2.6058096793025403,2.5828267226944384,2.595338045999008,0.006050863377391264,0.005836125181117405,0.00674129275568047,0.006944311091609215,-0.0011081859104918098,0.000203018335928745
2021-07-29,2.6012259584642394,2.6153681890686666,2.6000284244202696,2.607511497632865,0.007754304837028435,0.007405574170628967,0.008983617951098453,0.008530364698884811,-0.001124790528255844,-0.0004532532522136413
2021-07-30,2.590642989851448,2.605494195452959,2.58654483107103,2.593823947948472,0.008909573282312344,0.008021827646129794,0.009438267118756468,0.00756252705636171,0.00045930058976808436,-0.0018757400623947585
2021-08-02,2.605678690561073,2.613881812285798,2.5889423253476878,2.5917578883737167,0.00686173947746446,0.005117973588875353,0.006232945230656206,0.0036444098775146004,0.0014735637113607522,-0.0025885353531416057
2021-08-03,2.5964677829085696,2.612894954215886,2.577311861743453,2.6122337274379444,0.003412452700508689,0.0035532010610664407,0.0024142016900465654,0.0024232934072432833,0.0011299076538231574,9.091717196717947e-06
2021-08-04,2.6038531510581753,2.6122875328611554,2.595414566774209,2.600281248993038,0.0019545161873066605,0.0022981170728729595,0.0017025455553105965,0.0013178864422521191,0.0009802306306208404,-0.0003846591130584774
2021-08-05,2.607233536651027,2.6169462720829233,2.6027006344383867,2.6160383570286645,0.0012717738981771413,0.0012313134960936069,0.0015330171468513677,0.0010033261566757894,0.00022798733941781744,-0.0005296909901755782
2021-08-06,2.6176161664819797,2.624915358629208,2.6111918920416324,2.6187312056667564,0.0016058861344239778,0.0015851877032721457,0.0023382327435159693,0.001893754135497409,-0.0003085664322252633,-0.0004444786080185603
2021-08-09,2.6191615577991967,2.623049596637049,2.6105623669487374,2.619460017418283,0.002268529854367949,0.0019593975866593607,0.0036693541711504333,0.002952412123134346,-0.0009930145364749855,-0.0007169420480160871
2021-08-10,2.622299326098049,2.6309391515403684,2.610369001028374,2.622438825003869,0.0030093409662913942,0.002337132588103166,0.0030559456961246146,0.0031089203978971755,-0.0007717878097940095,5.297470177256097e-05
2021-08-11,2.6291161754627237,2.6343196891017047,2.6154457299911837,2.628099056372962,0.0036778556316137403,0.0026378004068315078,0.0031669776145672743,0.003390014278748771,-0.0007522138719172631,0.0002230366641814965
2021-08-12,2.626854480519695,2.6354894469059587,2.617414027907088,2.634530083553255,0.0040935234928920795,0.0032939313047558936,0.004136769445941995,0.004436351746552797,-0.0011424204417969032,0.0002995823006108015
2021-08-13,2.6367043562890027,2.640474237018329,2.6314208675614803,2.637899057414446,0.004030277312183453,0.0033197995697346163,0.004760929902009211,0.004426450101518169,-0.0011066505317835528,-0.0003344798004910419
2021-08-16,2.629585792665235,2.6409499195647808,2.6114935052581565,2.6405028905841657,0.004022806297031531,0.003506788107128807,0.003914024317666843,0.003886594664200015,-0.00037980655707120807,-2.742965346682778e-05
2021-08-17,2.624375910315143,2.6309209235105766,2.6030862866720037,2.6229466866945974,0.002827316314990593,0.002752851688069469,0.0015598312985190487,0.0031633355316060562,-0.00041048384353658705,0.0016035042330870075
2021-08-18,2.6169418444731294,2.6258320646712723,2.592983627107224,2.595117478728474,0.001380409376915677,0.001462349796009178,-0.0004509861485184605,-4.566347062978144e-06,0.001466916143072156,0.00044641980145548237
2021-08-19,2.5768422541936324,2.6061143945656395,2.575035992380953,2.595920391530612,-0.002187039729789607,-0.0007572549029085803,-0.0029255617100802894,-0.0020156079582152727,0.0012583530553066924,0.0009099537518650167
2021-08-20,2.59891064465741,2.6196828146174833,2.5951158531827585,2.6168326946493723,-0.0034902039441962996,-0.0015741960411578802,-0.003403459302146255,-0.002462601120373873,0.0008884050792159926,0.000940858181772382
2021-08-23,2.626968318417868,2.648978554754738,2.62555637804267,2.642731545362971,-0.0029331899041627214,-0.0008541470742860097,-0.002068071891575205,-0.001425329993296414,0.0005711829190104043,0.000642741898278791
2021-08-24,2.647528707955779,2.654578676497445,2.6451057278765795,2.6504721682722727,-0.0011401429193337786,0.00038304300401310946,0.0001390070413796271,-4.933502539601746e-05,0.0004323780294091269,-0.00018834206677564456
2021-08-25,2.6525878526361124,2.6625826168209192,2.6467375839777776,2.657797906032362,0.001077503346822197,0.0019956411197171574,0.0023524936701240177,0.0017637962962257063,0.00023184482349145118,-0.0005886973738983114
2021-08-26,2.655206352915723,2.6579038628901785,2.63890068728346,2.641006105704956,0.0030026920602290947,0.0030884373871284698,0.003890437867673857,0.002729760325227826,0.00035867706190064385,-0.001160677542446031
2021-08-27,2.646252165918953,2.6688265704135996,2.6442821785594157,2.6653508833639004,0.0047524698990868836,0.004837647151378724,0.006395262907218693,0.005169722336655414,-0.0003320751852766901,-0.0012255405705632787
2021-08-30,2.6701946229266316,2.6826248953313425,2.6646774236720856,2.676417093039175,0.0072178980042947455,0.007027540342781177,0.008528170363015626,0.008054135257449531,-0.0010265949146683537,-0.0004740351055660952
2021-08-31,2.675796415287667,2.679588980647696,2.666706174909471,2.6731599609154433,0.009149324684505725,0.007878087229443087,0.009566602181606071,0.009155149167280902,-0.0012770619378378156,-0.00041145301432516865
2021-09-01,2.679716857868264,2.685094163889209,2.6702309395873334,2.674141442027918,0.010175710449675343,0.008099743738329447,0.009352633093610167,0.007845772131313612,0.00025397160701583557,-0.0015068609622965554
2021-09-02,2.6826784254005633,2.688764792159665,2.6729155966261238,2.6831519995569337,0.007929420990153804,0.0064887765189507625,0.00715225980197738,0.006123541349805552,0.0003652351691452102,-0.0010287184521718274
2021-09-03,2.6775045727247577,2.6867235055536662,2.6729097219932703,2.6821434140687916,0.005589284734301614,0.004669204729440216,0.005103804017216325,0.004683097531088047,-1.3892801647830307e-05,-0.0004207064861282781
2021-09-07,2.6802083561680825,2.6832418210666003,2.6658538548572523,2.670708467406332,0.004314485485844952,0.003800157783892361,0.0037568950907209808,0.0035538743126651696,0.0002462834712271913,-0.00020302077805581112
2021-09-08,2.6679189929947893,2.6720435908760436,2.651831619495553,2.6649679518791856,0.0030947161819759083,0.00227832741307809,0.0024599726871865233,0.0022884593861894178,-1.0131973111327658e-05,-0.00017151330099710559
2021-09-09,2.6632970316714473,2.6745232472509817,2.6525394556905506,2.6544148340597067,0.001712961238686057,0.0012136511160544955,0.0012289239783806057,0.0007600959007551591,0.00045355521529933643,-0.00046882807762544667
2021-09-10,2.66700843016628,2.669785292357763,2.6334130868427734,2.6349438394149356,0.0005784046678722158,-0.0005661109272554073,-0.0016381667103830982,-0.002908768260188776,0.0023426573329333685,-0.0012706015498056777
2021-09-13,2.6519474432553736,2.656862975687009,2.6276995941261543,2.642195559836267,-0.002117661561509769,-0.0024665634324703076,-0.0043916200023752005,-0.004485616841615048,0.0020190534091447405,-9.399683923984759e-05
2021-09-14,2.650978299182417,2.6539949068676836,2.618320330546392,2.6245516184471827,-0.0033394600590431816,-0.0034585544578401984,-0.006095985458682277,-0.006006444326183594,0.0025478898683433952,8.95411324986833e-05
2021-09-15,2.627192171188671,2.651320931885102,2.6179984468432655,2.647109960491296,-0.0052523057595092746,-0.004451762813125418,-0.0071207539662954756,-0.005885286512449356,0.001433523699323938,0.0012354674538461192
2021-09-16,2.6438107722085533,2.6534878004026026,2.624221373799728,2.6432538556048906,-0.005408177122014778,-0.004617123108778281,-0.0069807090787749795,-0.005593272037455335,0.0009761489286770533,0.0013874370413196448
2021-09-17,2.6388188835092867,2.642616448629282,2.6150597140203553,2.6197265168140853,-0.005203670206451704,-0.00474765024086544,-0.006603722245875385,-0.005609468128837184,0.0008618178879717438,0.0009942541170382012
2021-09-20,2.579536081497348,2.59034910980791,2.5424195180371125,2.5735167510904566,-0.008046063374275035,-0.0073058350396045186,-0.009488036137818439,-0.007444642198379787,0.00013880715877526845,0.002043393939438652
2021-09-21,2.5886631458291336,2.595751790449457,2.5671694539887024,2.5722719666179668,-0.009022867576537991,-0.008633265972236279,-0.009911045223819507,-0.008793356556302954,0.00016009058406667512,0.0011176886675165528
2021-09-22,2.586571808382932,2.6097846453268594,2.580306413297924,2.596132625024327,-0.009823396695432116,-0.008881331916778427,-0.009356134027751463,-0.008030111784314854,-0.0008512201324635729,0.001326022243436609
2021-09-23,2.6079609183459156,2.6367545260926177,2.6037317401260114,2.626434374765287,-0.008779351363818327,-0.006738349145475047,-0.00660931645596817,-0.005483217888908022,-0.001255131256567025,0.0011260985670601478
2021-09-24,2.6162911724785123,2.6347971736166804,2.6139359205038106,2.6294580956178946,-0.006362761200158516,-0.00456019203351781,-0.003989389810222924,-0.0037303029924719423,-0.000829889041045868,0.00025908681775098147
2021-09-27,2.6223897646415635,2.6333906769442126,2.6138239568454664,2.624308468255734,-0.004002831710298551,-0.0028961422909444604,-0.0015203829228412089,-0.0017083349689492986,-0.0011878073219951618,-0.0001879520461080897
2021-09-28,2.605963555053287,2.618972541708572,2.567431606227976,2.571615934825462,-0.0022452120014652046,-0.0019252281644180772,-0.0020389625831772327,-0.003519954660525506,0.0015947264961074287,-0.0014809920773482732
2021-09-29,2.5801662323823,2.5935302055505725,2.567719695711724,2.574290156379802,-0.00293482758785505,-0.0020958293100866634,-0.0019464541631727872,-0.0030401736022971615,0.0009443442922104982,-0.0010937194391243744
2021-09-30,2.583604152104216,2.600573303332024,2.545015054076687,2.547814874316742,-0.0017590021661922116,-0.0010373099321514304,-0.0020680795366905527,-0.00337890820525072,0.0023415982730992896,-0.0013108286685601673
2021-10-01,2.5578688278851955,2.5837408831388906,2.532609212334103,2.574756951713221,-0.0015899370684956966,-0.0009802915063590553,-0.0025170879029978452,-0.0026597280661088203,0.001679436559749765,-0.00014264016311097511
2021-10-04,2.5671033838730986,2.575407115472064,2.527056526450515,2.540506426410598,-0.0038881429222659457,-0.004148688262722719,-0.007112249756550335,-0.006344323808674753,0.002195635545952034,0.0007679259478755819
2021-10-05,2.5487788269620966,2.5811672956909115,2.5443656987188774,2.566741276048318,-0.006426699741496061,-0.006461599578490423,-0.00892706113097589,-0.00828078823668428,0.0018191886581938573,0.0006462728942916093
2021-10-06,2.545199236566557,2.5786185385516553,2.533925106958713,2.5772758458683325,-0.008816483153053441,-0.007801228597802295,-0.01015915288661594,-0.007984890531424779,0.0001836619336224839,0.002174262355191161
2021-10-07,2.5974242131929084,2.6182160078825554,2.5944816107804622,2.6003380691992883,-0.006430205092715484,-0.004805232611345378,-0.005964276507812802,-0.004182369702279504,-0.0006228629090658747,0.0017819068055332987
2021-10-08,2.605240588736957,2.6093612484504023,2.5901960659702064,2.5950543843824763,-0.0029345113617046965,-0.00219800435643127,-0.0012107556468606536,-0.00015014961762288123,-0.0020478547388083886,0.0010606060292377723
2021-10-11,2.59116154853192,2.6093098555439243,2.574908441913811,2.5756013102099704,0.00033375400222329215,0.000620968448647127,0.002989186379654312,0.002894699884818685,-0.0022737314361715583,-9.448649483562686e-05
2021-10-12,2.58158937911125,2.5861445522271636,2.5642085632060043,2.5694872141327614,0.002363344226528349,0.001507058983166038,0.003984378495264147,0.002683607470070279,-0.0011765484869042408,-0.0013007710251938679
2021-10-13,2.57738257626346,2.5863960034831233,2.558251367638211,2.5811653216785837,0.0027390955227916225,0.0011086243208877284,0.004712905824540844,0.003313586851658494,-0.0022049625307707654,-0.0013993189728823503
2021-10-14,2.605016984583469,2.6261295156451534,2.6012142930833693,2.6249468726979766,0.004885114116381191,0.003433487168846623,0.006385990288169323,0.004483296693145568,-0.001049809524298945,-0.0019026935950237547
2021-10-15,2.638170336984049,2.6473275889930314,2.6332014925214624,2.641686904461228,0.006864259620500978,0.0054826749463823335,0.008295572071561747,0.0074273043556512125,-0.001944629409268879,-0.0008682677159105347
2021-10-18,2.632922167063348,2.655533752583442,2.625551080814239,2.6505873764486343,0.008199426751183903,0.006653139186162416,0.00819837924611056,0.007762151800349522,-0.001109012614187106,-0.0004362274457610374
2021-10-19,2.6601156485860016,2.67181625196625,2.65438781689983,2.671612296742145,0.008998434132184183,0.008124519805517268,0.009634170729719095,0.009658488509171734,-0.0015339687036544664,2.431777945263898e-05
2021-10-20,2.6744746795500074,2.687599932963081,2.6676805215955817,2.6829489469424286,0.008992484792440886,0.009188136109047796,0.00976537794992189,0.011604328723660951,-0.002416192614613155,0.0018389507737390613
2021-10-21,2.679018969347677,2.6919327717230472,2.6728295794333525,2.6888084135245545,0.011149095847255092,0.011806933762013139,0.012593265371975849,0.014126371688037778,-0.0023194379260246395,0.0015331063160619295
2021-10-22,2.6856008930163764,2.694799384279682,2.6707218511444535,2.682942903269039,0.013196785275968055,0.013098238273009058,0.014070810461795345,0.014903864264929114,-0.0018056259919200564,0.0008330538031337698
2021-10-25,2.690649219206509,2.703330684762854,2.6785824954229103,2.699074495524783,0.013607170976783718,0.013815846485330626,0.013981872906386165,0.014199074882008375,-0.000383228396677749,0.00021720197562220996
2021-10-26,2.7085497015186872,2.7191967805514388,2.6970877026313747,2.7018386714449236,0.013149890834163366,0.012714878135076638,0.012932329848383693,0.011740807655465464,0.0009740704796111742,-0.0011915221929182287
2021-10-27,2.70415462206343,2.712761044576413,2.6837237717903144,2.685915729931843,0.0106335125628286,0.00966687877507584,0.009146042501496303,0.007588296760813436,0.0020785820142624045,-0.0015577457406828667
2021-10-28,2.695117833728496,2.7142528971553763,2.6926727699964643,2.7136449213008937,0.007929881593952916,0.007817456535113948,0.007191199733080943,0.006597355363302373,0.0012201011718115757,-0.0005938443697785702
2021-10-29,2.700569991733415,2.7221850152114793,2.697042247261871,2.717859520992348,0.0066417330502929845,0.0067457379697650225,0.006498584451826164,0.0058771754773853865,0.000868562492379636,-0.0006214089744407776
2021-11-01,2.725290177685429,2.7310615849733018,2.7135072079458973,2.728799411481546,0.005595720839612927,0.005797910767531383,0.005420203157819633,0.005423777247238155,0.0003741335202932282,3.5740894185213104e-06
2021-11-02,2.730241925943695,2.742589788765757,2.7258653514806936,2.739690763371591,0.00551309050668696,0.005648905762650853,0.005872216618306129,0.006018089442383031,-0.000369183679732178,0.00014587282407690222
2021-11-03,2.7376920766859976,2.7627714840812443,2.7333040776927917,2.760747129309248,0.005944085280242209,0.006795104849924969,0.006749764735764898,0.0076915138337893705,-0.0008964089838644019,0.0009417490980244726
2021-11-04,2.7661110771983557,2.780524628236101,2.7544050995580776,2.772309009590484,0.00746188852721326,0.008287342855484011,0.00832611116115477,0.009443209074897943,-0.0011558662194139317,0.0011170979137431723
2021-11-05,2.7861254269429874,2.7960479860907994,2.7716586597996664,2.781568999760461,0.009454516576342019,0.009743576290068261,0.009714251469859552,0.010296832234717208,-0.0005532559446489466,0.0005825807648576556
2021-11-08,2.787545691169196,2.7939461417672815,2.778281468248972,2.7835958063596555,0.010642689463495706,0.01042666125665856,0.01076420235914826,0.011140980129221871,-0.0007143188725633118,0.0003767777700736108
2021-11-09,2.786707353350363,2.78918351047288,2.763571299146668,2.7740688900887447,0.01180399763028025,0.010809336877891049,0.011036988470983946,0.010625255702596864,0.00018408117529418455,-0.0004117327683870811
2021-11-10,2.762964000886402,2.777225530539264,2.7403518518983985,2.7499082391926657,0.010429843070720361,0.009262385984149565,0.00834646877968826,0.006854630354782527,0.0024077556293670387,-0.0014918384249057327
2021-11-11,2.7620191133304326,2.7638227400238455,2.7515916367703817,2.7541300793930703,0.007688855678833543,0.00630244291952399,0.006179227172630936,0.004387233178735184,0.0019152097407888063,-0.0017919939938957526
2021-11-12,2.762412586391901,2.7766566993922326,2.75251891494817,2.7729890146031457,0.004521883053028278,0.003970495292447975,0.003639694777523519,0.0027387493197322307,0.0012317459727157441,-0.0009009454577912882
2021-11-15,2.7808264038721746,2.7826010037244275,2.7634269476045437,2.7733415966578665,0.0032577056604208288,0.0018942909260282947,0.002120365570652791,0.001170586955590305,0.0007237039704379898,-0.000949778615062486
2021-11-16,2.7717008339361002,2.7896725499556183,2.76774277150618,2.782383031693344,0.0011527200801937836,0.00034763395533874623,0.0010552334224499063,0.0002817786263401964,6.585532899854984e-05,-0.0007734547961097099
2021-11-17,2.780986934513591,2.7859215854169146,2.769382626481874,2.774873432850038,-0.0004516064250154784,-0.000628874862367134,6.785789887340782e-05,-0.0001303684963585999,-0.0004985063660085342,-0.00019822639523200773
2021-11-18,2.781137247894558,2.7885795746638133,2.762545789204102,2.7824839359424174,-0.0006779201398644,-0.0005574667936840842,-0.0003230169735514013,0.0004721668284785384,-0.0010296336221626227,0.0007951838020299397
2021-11-19,2.7825037999614586,2.789297564074736,2.7716997957938343,2.7761151870706557,0.00032245992953303863,0.0004903591431478264,0.0008369799277996721,0.0012213160885885734,-0.000730956945440747,0.0003843361607889013
2021-11-22,2.7859189450174333,2.8078299616090043,2.7618631936392037,2.7664818144677947,0.0016477034289615262,0.0024907434695666648,0.0019014568386195253,0.0016462359216986094,0.0008445075478680554,-0.00025522091692091594
2021-11-23,2.764511660518765,2.780296527328006,2.7441816979174463,2.7704727068297927,0.0017691058120769896,0.002503506629616729,0.001219819977308336,0.0018611553673037022,0.0006423512623130268,0.0006413353899953661
2021-11-24,2.7579144357620606,2.7776927251254584,2.749616357809564,2.776139056660028,0.00021680810882446255,0.0016847665605579766,-0.00047831857032687913,0.0008180284803824405,0.0008667380801755362,0.0012963470507093196
2021-11-26,2.7360346662709967,2.7445987230148003,2.7061028046950537,2.719157372369709,-0.002530717220407184,-0.0018382832287305666,-0.00391290170136274,-0.0033696835661942448,0.0015314003374636781,0.0005432181351684956
2021-11-29,2.745854650392756,2.7608681914973845,2.7276512239129267,2.7492771292663103,-0.0044014125199972505,-0.003385291785209381,-0.00555891818350658,-0.004233325834425687,0.0008480340492163061,0.001325592349080893
2021-11-30,2.7344983128590905,2.7447785012486925,2.688449803138214,2.6950707837926124,-0.005463254325779391,-0.005222257001048119,-0.008314565245540216,-0.007742755593491561,0.002520498592443442,0.000571809652048655
2021-12-01,2.728857706510876,2.747323035214366,2.6593403357241416,2.6617349633711216,-0.006879584279468074,-0.005990538464246684,-0.01146146597348896,-0.011519003368755342,0.005528464904508658,-5.753739526638199e-05
2021-12-02,2.6623090845351407,2.7114224002362426,2.656617734621924,2.6998184714178466,-0.010787455060906895,-0.008453773231968552,-0.01333357963248768,-0.012256207981663964,0.003802434749695412,0.0010773716508237167
2021-12-03,2.7110949611242825,2.7172969981770687,2.6480901022683745,2.6733265211993253,-0.010585737742649875,-0.009516355675177297,-0.014759778852198764,-0.0130213040799431,0.0035049484047658033,0.0017384747722556642
2021-12-06,2.687848468192519,2.7165432052943492,2.670380226260961,2.70386177854906,-0.010711910061419591,-0.009708156902936556,-0.012972544361050525,-0.011222303765831812,0.0015141468628952562,0.001750240595218713
2021-12-07,2.739269066519476,2.7666801992998016,2.7377809469122254,2.7602387295888127,-0.006658308779606213,-0.005047848818654635,-0.0069365644079253655,-0.00611462298039027,0.0010667741617356348,0.0008219414275350955
2021-12-08,2.763768532663342,2.772436695600962,2.749505924000456,2.7670256038038494,-0.0021300722080633714,-0.0014103273147492682,-0.0011479006105050663,-0.0002950158090379805,-0.0011153115057112876,0.0008528848014670858
2021-12-09,2.7585064319377377,2.769107137072514,2.7386708055579505,2.743002358394194,0.0016803333141258738,0.0019672657798835732,0.004347531312155999,0.004633772244117793,-0.00266650646423422,0.0002862409319617943
2021-12-10,2.7608028351021043,2.769249922285294,2.7423269869802267,2.766851951435895,0.0041501701801105245,0.003250448085447746,0.007274161132054042,0.0074663251864460906,-0.004215877100998345,0.0001921640543920489
2021-12-13,2.7652730729717767,2.767816514326711,2.7370525943746142,2.7413375724568962,0.007218283582484206,0.005241273319134268,0.010910577093623263,0.010337052413133511,-0.005095779093999243,-0.000573524680489752
2021-12-14,2.718741924596549,2.7392836810421475,2.70467095998291,2.7252741508003786,0.006755870358158427,0.004518894080364215,0.010053338031128541,0.008814073691333012,-0.004295179610968797,-0.0012392643397955289
2021-12-15,2.7252918023977997,2.77039382945838,2.7054252184583487,2.7685809061813074,0.006465669296899187,0.0057296715069371324,0.007099989096117201,0.007064792180298736,-0.0013351206733616039,-3.5196915818464826e-05
2021-12-16,2.7797922732186464,2.789447786637067,2.730898435032849,2.7409092023644734,0.004754869471280457,0.005306734032666405,0.004795976958546438,0.005049943205883237,0.00025679082678316777,0.00025396624733679905
2021-12-17,2.723275793078538,2.74556019581823,2.702993946055675,2.7186647722534647,0.0017897056690106545,0.0019358055715950936,-0.0004989791639059165,-0.0004424378006296315,0.002378243372224725,5.654136327628499e-05
2021-12-20,2.686341552804935,2.6919734922617766,2.6645652299284004,2.6882679210324305,-0.0048874657006551265,-0.004750871065235707,-0.007069539945762038,-0.006106699608660702,0.001355828543424995,0.000962840337101336
2021-12-21,2.709171871341354,2.739262341050124,2.695636651618992,2.7363422446270023,-0.00687304143880899,-0.005217874979519564,-0.007381429727349337,-0.005201245726863393,-1.6629252656170934e-05,0.0021801840004859437
2021-12-22,2.7348689876890777,2.763083201510187,2.7305779327676825,2.7617208009317,-0.005458844055336891,-0.0036694551365143843,-0.00449492636411715,-0.002169394311543024,-0.0015000608249713604,0.0023255320525741264
2021-12-23,2.769157836165594,2.7894690255515933,2.767159005010673,2.7804022539124458,-0.002174855046073723,-0.0007904034102287289,-0.00010600282037039113,0.0003441963950791714,-0.0011345998053079002,0.0004501992154495625
2021-12-27,2.7880934120348493,2.8175985674091337,2.7857785654446805,2.8175274282664176,0.0021659691703144056,0.003385695207573811,0.005196967030319757,0.006019437414476834,-0.0026337422069030226,0.0008224703841570764
2021-12-28,2.8201763710579697,2.8281652788057854,2.807316761268415,2.813650493078707,0.008223993955847927,0.0074565551876658595,0.010796435589027887,0.009168002439211322,-0.001711447251545462,-0.0016284331498165657
2021-12-29,2.8143883038418895,2.8235786081727703,2.804015740793003,2.8159606504908465,0.010198734903535327,0.008643544072088321,0.013205385987887201,0.01049516102299998,-0.0018516169509116588,-0.002710224964887221
2021-12-30,2.8189239174148066,2.829786264755607,2.807542659950786,2.810362397882968,0.011698181423824717,0.01122138560840681,0.014652818532380952,0.013304847099748475,-0.0020834614913416653,-0.0013479714326324766
2021-12-31,2.8076545295071185,2.817752941411459,2.7992878405385437,2.80198358841145,0.015081364052151118,0.01369321955850572,0.016110415468538048,0.013306284627211184,0.0003869349312945365,-0.0028041308413268642
2022-01-03,2.810067265446757,2.821531581945926,2.794519254175071,2.8207851833756745,0.014490660797681227,0.013102229001054382,0.014618645937837202,0.012110006102328258,0.000992222898726124,-0.0025086398355089433
2022-01-04,2.8293388250485987,2.839785138526804,2.7978522015372325,2.817527856422174,0.011436832989699216,0.009013574794218337,0.009637361453322063,0.0074717752849768546,0.0015417995092414823,-0.002165586168345208
2022-01-05,2.814603426429847,2.8259527648987657,2.761696151228134,2.762471682798783,0.0073679771322900526,0.005531361081257571,0.0031397572269703123,0.0014686482624756386,0.0040627128187819325,-0.0016711089644946737
2022-01-06,2.760556071576847,2.781383718746279,2.744381491424611,2.763169554185878,0.0007862665837958764,0.0001553728349091217,-0.0027735854528020336,-0.003121229757043942,0.003276602591953064,-0.0003476443042419084
2022-01-07,2.762780569138339,2.7773324915672215,2.7404165030830727,2.753207975724915,-0.003699543094882733,-0.0039043609546407375,-0.006631777936906524,-0.007026597048495777,0.003122236093855039,-0.00039481911158925284
2022-01-10,2.7337943538024394,2.755159778474562,2.698357510347324,2.751463250648954,-0.008426747133602416,-0.00715110316499209,-0.011218641730056201,-0.008222491924280324,0.0010713887592882342,0.0029961498057758766
2022-01-11,2.7508953463048904,2.7815505619233165,2.7326044570316683,2.7806302209339893,-0.009424135425405714,-0.0074970668646094935,-0.011441961375236837,-0.007285145583486493,-0.0002119212811230002,0.004156815791750344
2022-01-12,2.7919266538257332,2.800750521511977,2.7718976274462226,2.78588469422753,-0.007729553548621969,-0.006536511212107405,-0.008836481523599598,-0.005506935391390634,-0.001029575820716771,0.0033295461322089643
2022-01-13,2.7932044891388226,2.799952198479427,2.7404614886976475,2.747116502503804,-0.005390634901218801,-0.004928952599363857,-0.007321261740495721,-0.005852013633680014,0.0009230610343161577,0.0014692481068157067
2022-01-14,2.7290929290081682,2.7536817125643216,2.7205864911421433,2.7518978515517136,-0.006988252324170122,-0.0062858351834034374,-0.006627348921197441,-0.005728261403225041,-0.0005575737801783963,0.0008990875179724
2022-01-18,2.722452913304868,2.729311698639405,2.6909892087153033,2.698806000771667,-0.007834941534974644,-0.007943460929569312,-0.006911783332486796,-0.006639888801221452,-0.0013035721283478595,0.00027189453126534417
2022-01-19,2.7077809683798346,2.7199272300469604,2.669747318206675,2.671548738611047,-0.007135155863483791,-0.00777824624136733,-0.0068777601842267225,-0.007776895536951611,-1.35070441571912e-06,-0.000899135352724888
2022-01-20,2.684035653753912,2.7143345974965127,2.63866617867713,2.641814240909745,-0.0072395005138235075,-0.0073874193465154146,-0.009396688808723429,-0.012436751688116714,0.0050493323416012995,-0.0030400628793932852
2022-01-21,2.63309227485279,2.648814133713811,2.586693589143356,2.589755259275331,-0.012143092243807045,-0.01218875819055541,-0.014413524212254782,-0.018427149449424893,0.006238391258869484,-0.0040136252371701115
2022-01-24,2.5541057785218464,2.6040108448436112,2.485399695626721,2.5999513886965966,-0.019661722763814612,-0.018097090542089297,-0.023308445123932348,-0.02242350847411555,0.004326417932026254,0.000884936649816797
2022-01-25,2.561257059699044,2.5981813088899863,2.523670018323644,2.5669820342233067,-0.026193306355744198,-0.02370071000971202,-0.029828713919902168,-0.02647685532934283,0.002776145319630812,0.0033518585905593368
2022-01-26,2.604750925777189,2.626778232299942,2.5318375758181313,2.5580106190523804,-0.02712106994502495,-0.024082342399788986,-0.03150292565511119,-0.026838951460640744,0.002756609060851758,0.0046639741944704445
2022-01-27,2.5857521617356154,2.605611500629154,2.531467042587355,2.5416273948683714,-0.02457826173181774,-0.022462498246320965,-0.028144265645409994,-0.02504596036565935,0.0025834621193383846,0.0030983052797506454
2022-01-28,2.547436867245235,2.600885491107177,2.5171664414336976,2.5995257524493445,-0.021541104899151172,-0.018788336500672312,-0.024747070889645215,-0.01971872861621681,0.0009303921155444997,0.005028342273428403
2022-01-31,2.5984990083908412,2.655772155590858,2.589146167772488,2.653090398926909,-0.01701384289884561,-0.012792125966954131,-0.016042102446204885,-0.009362053485356058,-0.003430072481598073,0.006680048960848827
2022-02-01,2.6616031274401672,2.676434197951874,2.633710433561826,2.6717762913225624,-0.007904249141314088,-0.006106780027042092,-0.005286291989745666,-0.00032793848643483415,-0.005778841540607258,0.004958353503310832
2022-02-02,2.686856205638501,2.6999967638059497,2.6641654891614364,2.6928926658646666,0.0023422287455449504,0.0018791049404145027,0.006408865467371325,0.008368460791336853,-0.00648935585092235,0.0019595953239655278
2022-02-03,2.653697559536967,2.668445646968898,2.6220486431019667,2.627470758230886,0.009450665721396197,0.008012759137529487,0.013802322977398973,0.011255378263498926,-0.0032426191259694384,-0.0025469447139000474
2022-02-04,2.6266268665377797,2.66541622792219,2.6104345224025227,2.643214092981933,0.012054028658028399,0.010169371080251352,0.017298868366116393,0.01170428470619789,-0.0015349136259465383,-0.005594583659918502
2022-02-07,2.6474282428749967,2.662642278654577,2.62524047676839,2.635610996147979,0.010604614285718756,0.008986553269049154,0.014562316143267064,0.011770232874443105,-0.002783679605393951,-0.0027920832688239586
2022-02-08,2.6320828216642367,2.6657849667277813,2.6243284079372793,2.659361825349178,0.007663747630657786,0.00687583503085927,0.012632329786495441,0.010501486186335817,-0.003625651155476547,-0.0021308436001596237
2022-02-09,2.6851512824414407,2.7028740972952505,2.6793323617418827,2.7011420118561635,0.00965862127816679,0.007875183562009646,0.013026961232472427,0.009793809373567547,-0.001918625811557901,-0.0032331518589048796
2022-02-10,2.663914726896216,2.704155573741686,2.6395715959506196,2.652723824523195,0.00825400330329497,0.006610941242545672,0.009440305832949965,0.0036179996054757496,0.0029929416370699227,-0.005822306227474216
2022-02-11,2.65304916277444,2.6670053731039,2.5891510183235846,2.5987399248915324,0.0027549401962330415,0.0018107834278884738,0.0008397054754876459,-0.002989119390518514,0.004799902818406988,-0.0038288248660061598
2022-02-14,2.595112723353327,2.6118051734981456,2.5672879376581768,2.589512822241943,-0.003780298627475908,-0.0031426365147974593,-0.005027318457985293,-0.006519033280315627,0.0033763967655181678,-0.001491714822330334
2022-02-15,2.6180086334487873,2.6383772324924033,2.6138576647113405,2.635058575570367,-0.004818682478598442,-0.004736268814423281,-0.005118276164853274,-0.005548269899337383,0.0008120010849141024,-0.000429993734484109
2022-02-16,2.6224310284474193,2.6454262201400325,2.6089752058080733,2.6377219606470326,-0.0034038881287990416,-0.003913276604094942,-0.0032045731494953276,-0.0025794094446771475,-0.0013338671594177944,0.0006251637048181801
2022-02-17,2.6171035682315997,2.6203129753099597,2.575092575431381,2.5796687250827133,-0.003709347686133488,-0.005902044401926526,-0.005277830214971752,-0.006469813799805966,0.0005677693978794396,-0.0011919835848342138
2022-02-18,2.5807519938406727,2.5903567212244556,2.545661607311926,2.559667125918809,-0.007358769727702307,-0.009143324641972955,-0.009161523070919731,-0.009822240239281898,0.0006789155973089423,-0.0006607171683621661
2022-02-22,2.546263060938053,2.57065717543757,2.5128327209906165,2.535008071994347,-0.010946588805755827,-0.012734243310081463,-0.013063692585571064,-0.014013888596136044,0.0012796452860545805,-0.0009501960105649798
2022-02-23,2.5533899156841313,2.5589277545881886,2.4845592961456995,2.4882373241280114,-0.013942453803383697,-0.015640465083675868,-0.017206335246834053,-0.017953850657696654,0.002313385574020787,-0.0007475154108626016
2022-02-24,2.4263181440447843,2.531927150885734,2.4168670852937537,2.52782698807442,-0.019377755554009553,-0.016251599419699014,-0.019680179012543795,-0.014874794358427845,-0.0013768050612711687,0.00480538465411595
2022-02-25,2.536425918436356,2.5877994766907757,2.522335735014937,2.585135661028005,-0.01708557769663552,-0.01165763638617553,-0.015870507768053464,-0.009796901431988761,-0.0018607349541867688,0.006073606336064703
2022-02-28,2.5546036082079495,2.592055471893334,2.546996762248294,2.5820166671499103,-0.012980941539112828,-0.007897831268353866,-0.012656020686749836,-0.007668811619857316,-0.0002290196484965503,0.00498720906689252
2022-03-01,2.5736792349984,2.5878319260104963,2.5253008546156424,2.5424833832101883,-0.010504966493015633,-0.007139931036518293,-0.011571524780372083,-0.008109516772087913,0.0009695857355696202,0.0034620080082841693
2022-03-02,2.5568868819633863,2.600325737916889,2.54658717079877,2.5901407942216,-0.007158744110889383,-0.0036384947375938128,-0.005712374272066943,-0.002344289416567747,-0.0012942053210260656,0.0033680848554991957
2022-03-03,2.602702377394824,2.6096615253189746,2.5586886761922156,2.5735202506582575,-0.0002777986570134734,0.001303329075838049,0.0012967610146031232,0.0032363797963510573,-0.0019330507205130084,0.0019396187817479341
2022-03-04,2.5500342929389044,2.5654115995413185,2.5269782348912457,2.5522353880806383,0.0036143133400618156,0.0025908157044966388,0.004926927533875433,0.004564043346066621,-0.001973227641569982,-0.00036288418780881185
2022-03-07,2.5485790274407423,2.552525616616393,2.4763365024544135,2.4777240296594143,0.005816569838965796,0.001843818152988018,0.004415957324873661,0.0008265363346317895,0.0010172818183562284,-0.0035894209902418714
2022-03-08,2.4779913877187196,2.5253495110712554,2.449141526965165,2.4611394555238193,0.0022593046007354767,-0.0012402566369803438,0.001073336696340872,-0.004466271088140301,0.0032260144511599568,-0.005539607784481173
2022-03-09,2.5125682823860696,2.5390510995247855,2.4989600080931957,2.525638906477699,0.0018907108816062336,-0.003809749636214135,-0.0006647927509246796,-0.008463599329116746,0.004653849692902612,-0.007798806578192067
2022-03-10,2.498842346502388,2.518302831261287,2.4816810568896686,2.512439725245553,-0.007203214015643182,-0.009070077453458088,-0.00803277858666381,-0.010994924493597381,0.0019248470401392933,-0.002962145906933571
2022-03-11,2.5273329890821694,2.5340432865085862,2.474644897157359,2.477670164239222,-0.008281666812225247,-0.009581869995974511,-0.009538935536642937,-0.011415680693895059,0.0018338106979205477,-0.0018767451572521219
2022-03-14,2.480105196730602,2.500870973187433,2.4470600207551585,2.4548503948846703,-0.010614117699523693,-0.010967738249387064,-0.01032758286442645,-0.01198647242917723,0.0010187341797901657,-0.0016588895647507793
2022-03-15,2.4695041407686515,2.5117877698625235,2.4600997676684826,2.5071519195393,-0.011350088502021549,-0.010934447940518378,-0.010640010669500747,-0.01079859663060966,-0.0001358513099087178,-0.00015858596110891396
2022-03-16,2.5299660428722035,2.569588610535848,2.5018900659130385,2.568651672207525,-0.0086448991590266,-0.0059937163630061265,-0.006463563710273668,-0.0026507679685188823,-0.003342948394487244,0.003812795741754786
2022-03-17,2.556279072369172,2.60153439888663,2.551673947568431,2.6012957169305504,-0.0011237740984504523,0.0016844698287004187,0.0017769178186376325,0.006430082919866499,-0.004745613091166081,0.004653165101228866
2022-03-18,2.592655871915195,2.6335248831054474,2.58304681430512,2.6307498203649735,0.005433041125461412,0.008256107094830172,0.009699644217652594,0.015361858111351342,-0.00710575101652117,0.005662213893698748
2022-03-21,2.6327922448073378,2.6463937692668877,2.6080567000837838,2.630816277148854,0.013565470152990984,0.01384500251944797,0.014930811564395245,0.01837814423527733,-0.004533141715829362,0.003447332670882087
2022-03-22,2.639528346652361,2.6702078457652765,2.635069017796394,2.663621362376134,0.01633871399827673,0.017783311411871786,0.018225771237034952,0.020222496762688755,-0.002439185350816969,0.001996725525653803
2022-03-23,2.649383521505241,2.662795438666744,2.6301157768658965,2.6304024075114603,0.019996615402044216,0.02047488781771376,0.022318119651319548,0.022100543550742497,-0.0016256557330287386,-0.00021757610057705074
2022-03-24,2.6429919061588882,2.6713898806062835,2.6329171339263695,2.6708132089313845,0.020732454314441907,0.020752102697940325,0.02382157238536206,0.02403300983672467,-0.0032809071387843447,0.00021143745136260883
2022-03-25,2.6742753940077746,2.687082112491993,2.6553113719340575,2.683128681967368,0.023326774073533982,0.021079020584237686,0.02424428712510389,0.022399579873510152,-0.001320559289272466,-0.0018447072515937364
2022-03-28,2.6804671089357646,2.70188485394206,2.6651369625765473,2.701628600367101,0.02132918418798035,0.0181468571041781,0.021174054748511195,0.017763512136000095,0.0003833449681780038,-0.0034105426125111
2022-03-29,2.722587127670002,2.7399256933446763,2.7058611347313066,2.736473854181598,0.01849368356676827,0.01558090305769603,0.01855110044341318,0.015523611941317567,5.72911163784634e-05,-0.0030274885020956117
2022-03-30,2.7283833133215167,2.7373404318905705,2.7054052296814795,2.717860899078136,0.01693745943161682,0.013962015964882524,0.015710372811745598,0.013588783347451526,0.0003732326174309981,-0.002121589464294072
2022-03-31,2.7125979075445774,2.7203323253881697,2.6768809175797097,2.6794241088173663,0.01386935730601429,0.011511777784963253,0.01216584858466291,0.009925075516404447,0.001586702268558806,-0.002240773068258463
2022-04-01,2.687748805247762,2.690395275667575,2.6613166880213743,2.6847888015916213,0.009976195810618435,0.008121333701520107,0.008346230588222682,0.0075705833761047486,0.0005507503254153587,-0.0007756472121179334
2022-04-04,2.6870481415838294,2.7103164288023427,2.6770319981711417,2.708470718115409,0.007567932873847103,0.0059860856233163355,0.006102411303786678,0.005857244635098863,0.00012884098821747212,-0.000245166668687815
2022-04-05,2.700187855694522,2.7151855071878157,2.663307594011208,2.6706117315529228,0.005667807838521253,0.0049292086231769484,0.004074745117681525,0.00332460999412082,0.0016045986290561284,-0.0007501351235607054
2022-04-06,2.6449496717697163,2.6595863493287744,2.6234485569344574,2.64421997651371,0.0006764358333415094,-0.0001996939627824976,-0.000799552197853036,-0.002946903660299063,0.0027472096975165654,-0.0021473514624460273
2022-04-07,2.6393514169378087,2.6670142530239724,2.6200244235214183,2.6543533570721936,-0.004992659582904897,-0.004311577316816746,-0.005593048502413483,-0.006139119722955192,0.0018275424061384464,-0.0005460712205417094
2022-04-08,2.6494642506353916,2.6644918332765424,2.6345870075229865,2.6454951853963933,-0.007980452889707942,-0.007461860500059757,-0.007942997565103721,-0.008793963894508313,0.0013321033944485557,-0.000850966329404592
2022-04-11,2.6265623216231533,2.6333440865498288,2.600016613575373,2.60281073770128,-0.011503920197465465,-0.011050440690325698,-0.0112723606862121,-0.01208755917949785,0.0010371184891721525,-0.0008151984932857504
2022-04-12,2.623904643220543,2.6409912706827194,2.5848056538939086,2.5943361303994714,-0.011710959171414854,-0.010855048605384013,-0.01192713014325064,-0.012322596576155054,0.0014675479707710413,-0.00039546643290441427
2022-04-13,2.594038744906933,2.6326955863392465,2.589938103047697,2.6275811147950474,-0.011964483440860678,-0.010085294034154485,-0.010865002336587399,-0.010262253360773752,0.0001769593266192672,0.0006027489758136471
2022-04-14,2.6287608977655914,2.6377449343482167,2.5927479058526917,2.593764043875918,-0.00974801347387764,-0.008905571877125136,-0.010151631830572352,-0.011514629918570947,0.0026090580414458112,-0.0013629980879985952
2022-04-18,2.5882571975860356,2.6075570089251405,2.5772636207095263,2.5925770534092347,-0.010381236884609766,-0.010367207863455302,-0.010300679918352098,-0.011435801408492083,0.001068593545036781,-0.0011351214901399852
2022-04-19,2.5910337510907837,2.641020944645355,2.5880953833885876,2.636304639292014,-0.00970376395253626,-0.007671361186456722,-0.007792392185630703,-0.006275319255555932,-0.0013960419309007903,0.001517072930074771
2022-04-20,2.645742323095291,2.656077588851174,2.6213084630360473,2.629639144110905,-0.004002395358376247,-0.0029896925191154264,-0.003309422630891288,-0.003127601655168506,0.0001379091360530797,0.00018182097572278172
2022-04-21,2.650913006862762,2.6639975904281967,2.5821838338745025,2.5878135967528832,-0.00104158921310811,-0.0008661746734890705,-0.003108712520684216,-0.0035240904594447233,0.002657915785955653,-0.00041537793876050746
2022-04-22,2.5829953322037045,2.5862754614298487,2.516500043663954,2.5191752486837324,-0.002230883342195078,-0.0025403216917220996,-0.006218851703316278,-0.006305216760432363,0.003764895068710263,-8.6365057116085e-05
2022-04-25,2.5050616638227527,2.5383924233726627,2.4793206653095647,2.5344145281882486,-0.006313811866960503,-0.006015780082974261,-0.009131277076598792,-0.00720713188636688,0.0011913518033926191,0.0019241451902319113
2022-04-26,2.520363963011375,2.526961103875632,2.462799529586799,2.4637697323505376,-0.009338530408766787,-0.010662803744889244,-0.013367531968074029,-0.0134615971502975,0.0027987934054082564,-9.40651822234715e-05
2022-04-27,2.4676230958191514,2.500203467332139,2.452414219429714,2.4656833299873875,-0.014129949253210468,-0.014970031880023897,-0.017521084919747583,-0.018491312662026665,0.003521280782002768,-0.0009702277422790825
2022-04-28,2.491747738374161,2.5382731174224573,2.46345311677804,2.526943315476029,-0.01770221660463501,-0.01604726044100206,-0.01912560826078479,-0.016403814243008696,0.0003565538020066372,0.0027217940177760927
2022-04-29,2.5037749070061452,2.520570373238051,2.4291872209798147,2.432741269910715,-0.01706375539727988,-0.016608955254873596,-0.02087870892782063,-0.020489228500113206,0.00388027324523961,0.00038948042770742264
2022-05-02,2.434247880029277,2.4621940803123894,2.3967078065932705,2.4527204796067217,-0.02140294245203406,-0.0209470421521661,-0.023453145936116845,-0.021612209181090768,0.000665167028924666,0.0018409367550260777
2022-05-03,2.4561338248034383,2.481203129250385,2.4445664436873606,2.4644790742926626,-0.0224964675271931,-0.020255367894368787,-0.020506438995631263,-0.017483408380316416,-0.002771959514052371,0.003023030615314847
2022-05-04,2.4682873359545523,2.5427113773567753,2.4445807480346695,2.5382548294486553,-0.017644685056992782,-0.013267736363774733,-0.013605001784537862,-0.007692107704327281,-0.005575628659447452,0.005912894080210581
2022-05-05,2.5116907202870724,2.513797754872378,2.421255543097186,2.4460153429765743,-0.007929763467299485,-0.0059550755121111345,-0.008442002968666222,-0.004612732906292504,-0.0013423426058186303,0.0038292700623737182
2022-05-06,2.432038014481867,2.4541740947955724,2.3958735399485565,2.4292192679740565,-0.005399837031212859,-0.005255485500213868,-0.007091750450364669,-0.005306630812686219,5.114531247235165e-05,0.00178511963767845
2022-05-09,2.3936804987250273,2.411683354194444,2.3403022324887157,2.349783149816005,-0.008327930950025344,-0.008464546099047801,-0.009789145941796772,-0.008227080400615901,-0.00023746569843190006,0.0015620655411808706
2022-05-10,2.3891928699740785,2.3989434003011727,2.3304051616136614,2.358504053774446,-0.009130576611190802,-0.011594733735156527,-0.012442718797981698,-0.013143541272450808,0.0015488075372942813,-0.0007008224744691101
2022-05-11,2.3507283090198885,2.391728715970457,2.3127795631245256,2.3169591392219724,-0.013957394403432499,-0.015350562303422483,-0.01514526172800832,-0.01892256759770834,0.0035720052942858557,-0.0037773058697000185
2022-05-12,2.2973127446836425,2.338351998524364,2.274554920776096,2.3173365055950006,-0.018672572421871658,-0.018165026043191326,-0.01750431737133133,-0.01879429380621956,0.0006292677630282337,-0.0012899764348882313
2022-05-13,2.3438814051359684,2.3851176833036383,2.3362682995408073,2.376907640753798,-0.017689042643924173,-0.017185530905498438,-0.016491906668558518,-0.019156133136107856,0.001970602230609419,-0.0026642264675493382
2022-05-16,2.369632331552807,2.389845843188843,2.352302098378031,2.3663944377510293,-0.017997948958423042,-0.018198038212330455,-0.015643929455718783,-0.01808270132693563,-0.00011533688539482403,-0.002438771871216848
2022-05-17,2.4048998815060183,2.4178729701633777,2.3817247943464164,2.4162347200561074,-0.014140888975663641,-0.015537574880763346,-0.009462251102388504,-0.012460426087445605,-0.0030771487933177414,-0.002998174985057101
2022-05-18,2.3884359043360672,2.391558655044126,2.3094001317195367,2.3183842174250313,-0.009750612540010096,-0.009444249662705064,-0.0064628837620256865,-0.006672287263050452,-0.0027719623996546126,-0.00020940350102476545
2022-05-19,2.2984203657891786,2.3330417198807716,2.286600462834474,2.30397880578609,-0.006408819474219011,-0.006638177894181681,-0.004623595461951481,-0.005154098934995381,-0.0014840789591863005,-0.0005305034730438999
2022-05-20,2.3247033238028263,2.3309900216110764,2.247492194290594,2.30309524109441,-0.004358495697753023,-0.005727945369833499,-0.004977436198267679,-0.003082188381921205,-0.0026457569879122936,0.001895247816346474
2022-05-23,2.318852256379807,2.3490426723604965,2.3056479565249757,2.3427325029360846,-0.003883462216889046,-0.005172598563658886,-0.004065336514177146,-0.002615210491902816,-0.0025573880717560697,0.0014501260222743303
2022-05-24,2.3167903660567277,2.3298873380087914,2.2806507867680965,2.321607808794902,-0.0029130617328596616,-0.005752137444292967,-0.004756471711965581,-0.0026336326622962416,-0.0031185047819967254,0.0021228390496693395
2022-05-25,2.313253707922256,2.3583793042793064,2.3102286988280123,2.346384500304337,-0.003822267829870489,-0.004421504849887491,-0.004406222819754757,-0.003623032690466676,-0.0007984721594208148,0.0007831901292880807
2022-05-26,2.3505394825378736,2.4053114665069386,2.3481665110910592,2.3944694060357956,-0.005804504435747264,-0.003685148670488287,-0.004504028635860759,-0.0023211329639600954,-0.0013640157065281915,0.002182895671900664
2022-05-27,2.410710222663654,2.454222439511861,2.409022921279975,2.453479754223619,-0.002045295887689814,0.0020251611674028456,0.00193956965398561,0.005235977790156134,-0.0032108166227532886,0.0032964081361705243
2022-05-31,2.4452350214038576,2.4597283569822994,2.4190147962836166,2.438058758901418,0.004503765655468767,0.007513371026837942,0.009115225027249537,0.01032291631475778,-0.0028095452879198382,0.0012076912875082432
2022-06-01,2.4523934191195895,2.461198796315996,2.4012750194958,2.420307620955953,0.012878059012111037,0.014103201026492651,0.016476130514154193,0.016895638000243653,-0.0027924369737510023,0.00041950748608945987
2022-06-02,2.417981968347561,2.4663412228925585,2.400850067509733,2.465685798572875,0.017702086423026873,0.018694077817493174,0.018755240200640382,0.019370797672461464,-0.0006767198549682898,0.0006155574718210814
2022-06-03,2.435931950383748,2.447471326929413,2.4178457429676508,2.42441208721193,0.017146033750833154,0.017448103177208407,0.019332924734430657,0.01684882951090626,0.0005992736663021463,-0.0024840952235243956
2022-06-06,2.4514601256515602,2.460636093051502,2.4232176972182238,2.4310231762095724,0.01752236257179879,0.015396401264407713,0.016005555171288367,0.013168764540373017,0.0022276367240346966,-0.00283679063091535
2022-06-07,2.4099768936972263,2.4593368476969824,2.4056196074826155,2.4559043319180813,0.013709452405251172,0.012905873940528787,0.013465334523918581,0.011937696002595376,0.0009681779379334104,-0.0015276385213232047
2022-06-08,2.446701911963996,2.45821349419397,2.424575315417152,2.4302229044689407,0.010657724639989714,0.007740151404111443,0.009080806010911687,0.0065257296432464145,0.0012144217608650284,-0.0025550763676652722
2022-06-09,2.4192170463688654,2.4337011015571894,2.3711155554056575,2.371737166629301,0.0042963597738197665,0.0015813851275382398,0.002007611650980635,-0.0017411350512604165,0.0033225201787986562,-0.0037487467022410516
2022-06-10,2.333962687642518,2.3389856208319157,2.3014231729729344,2.303564239749538,-0.00551392863573533,-0.007527860764666934,-0.00707582040686728,-0.010828167694383913,0.003300306929716979,-0.0037523472875166325
2022-06-13,2.2441593666307758,2.256345360198856,2.2019436565049886,2.211104885944019,-0.01601026648729882,-0.017080076058649966,-0.016961727979243606,-0.019922533801817105,0.0028424577431671386,-0.0029608058225734993
2022-06-14,2.2237394969489612,2.232487655700771,2.1858050864620338,2.205188318382142,-0.02329996390812495,-0.02516804947191744,-0.024551744495841535,-0.02742981093980729,0.0022617614678898494,-0.002878066443965755
2022-06-15,2.2264806345667956,2.266990179544578,2.1968231670835525,2.2380703536948356,-0.02727812398141561,-0.02852160500743957,-0.029896642221100955,-0.031504259705357,0.0029826546979174334,-0.0016076174842560471
2022-06-16,2.1878615540440687,2.190566279920337,2.1464603553553205,2.161752677952365,-0.032918539291623035,-0.03334686460801105,-0.03553872826500481,-0.034507342370142226,0.0011604777621311776,0.0010313858948625826
2022-06-17,2.1660536619738036,2.192344698416989,2.1465862648227323,2.1699912763010003,-0.035762472163208305,-0.035990386046038846,-0.03695738982677153,-0.03612858987487688,0.00013820382883803634,0.0008287999518946515
2022-06-21,2.2049593240434353,2.2358745025192213,2.2029713562608952,2.2233662322288468,-0.032177814347566246,-0.032289459476261065,-0.03165437698860124,-0.03131384826357187,-0.0009756112126891939,0.00034052872502936954
2022-06-22,2.1980272500444977,2.246630832514979,2.1945060616531817,2.2204731739678993,-0.02874892995175366,-0.025364057439048977,-0.025316660857379172,-0.0224811122498031,-0.0028829451892458773,0.002835548607576073
2022-06-23,2.232284833597821,2.2483187428281157,2.209345416267071,2.2403543422549723,-0.01843402894854815,-0.0158432230706302,-0.0143468594506191,-0.011422333032740536,-0.004420890037889664,0.0029245264178785636
2022-06-24,2.26114735496256,2.3106448506466917,2.257755673809483,2.3093249334297403,-0.005778138081896788,-0.0020127635258822938,-0.0016916352798867149,0.0018008663586542184,-0.0038136298845365124,0.003492501638540933
2022-06-27,2.3170673902752834,2.323457096851612,2.293978770995535,2.30320867156162,0.006160308873465492,0.007693771350303595,0.009667294533917578,0.01090210159191955,-0.003208330241615956,0.0012348070580019722
2022-06-28,2.3136495172389426,2.33149637271435,2.255463991336659,2.2570053623987065,0.012130229806271629,0.012517686006862785,0.012383685595464367,0.011323509322450999,0.0011941766844117858,-0.0010601762730133683
2022-06-29,2.2588923585148075,2.2671490371005807,2.238961741350021,2.253629512674904,0.012909767125541344,0.011330310996550158,0.012475317929643962,0.010609972546290048,0.0007203384502601096,-0.0018653453833539137
2022-06-30,2.228366875478039,2.2556558760117933,2.2051497224481076,2.235229076323031,0.011780925313499342,0.011396066590377979,0.010812873942269072,0.010497745301566962,0.0008983212888110173,-0.00031512864070211075
2022-07-01,2.2284102272468345,2.2590855792118005,2.2123595781193703,2.2555251595141845,0.00805697924901297,0.006691355759957216,0.006085246083995411,0.006439171816218499,0.00025218394373871696,0.00035392573222308744
2022-07-05,2.227630594052866,2.2631904758931545,2.2018553838376995,2.2627436817556537,0.002345149197107421,0.0014985726568845067,-5.7223192576905785e-06,0.002186939657443206,-0.0006883670005586992,0.0021926619767008966
2022-07-06,2.263581034337538,2.2849193259798035,2.247969034787053,2.269773154747517,0.0004415760007768554,-0.0004657501979938659,-0.0004923232901832746,0.0007521921121453257,-0.0012179423101391917,0.0012445154023286004
2022-07-07,2.2811573019723768,2.31165559077683,2.2794116663871664,2.306205419548,-0.00167599614017777,-0.0008491253789000649,-0.0003736510086006445,0.0005492803080388889,-0.0013984056869389538,0.0009229313166395334
2022-07-08,2.295796768701246,2.317727200756203,2.285908302430963,2.305677887333013,-0.0017188500036134876,-0.0015769733674719762,5.9514701339445686e-05,0.0006038265043125542,-0.0021807998717845306,0.0005443118029731085
2022-07-11,2.289691675908638,2.2954278982980645,2.26971498488406,2.275140768626318,-0.0009403824750988571,-0.00020738773165045868,0.0019087240641075406,0.002798950545471747,-0.0030063382771222057,0.0008902264813642063
2022-07-12,2.2743113653059854,2.291950079040632,2.246626537250589,2.257531282889425,0.0023811696056820135,0.0020110963261982515,0.004768475355337328,0.004040159904361124,-0.0020290635781628724,-0.0007283154509762036
2022-07-13,2.2239109094023477,2.26458428687015,2.217994966783152,2.2474853143675233,0.00324400255559081,0.0036547557814878046,0.004072819113447888,0.002206852050251888,0.0014479037312359164,-0.0018659670631960001
2022-07-14,2.218537436054212,2.2452174227276376,2.200240289291555,2.240422083090729,0.0012510004120116114,0.0007632740407429645,0.0017627459129500942,-0.00012138509107316293,0.0008846591318161274,-0.0018841310040232572
2022-07-15,2.2675129615296226,2.2843091886155795,2.254234692035604,2.2835304096560916,0.00038350893991987974,-0.0004963025499370127,0.000613038293617881,-0.0011648646664224062,0.0006685621164853935,-0.0017779029600402873
2022-07-18,2.303496553418293,2.3106508570647164,2.258329367659659,2.2660431944607455,0.001007150948747047,-0.00043772686161857135,-0.0004276356661664862,-0.0023945908376598055,0.001956863976041234,-0.0019669551714933194
2022-07-19,2.290419442400295,2.330464022949601,2.2843446477451534,2.3274139186284013,-4.461684023518683e-05,0.0003501930736878871,-0.0013067835375236171,7.692052002364588e-05,0.00027327255366424127,0.001383704057547263
2022-07-20,2.3272063888590524,2.3529673612403337,2.3187241365817983,2.3446999223762215,0.002545795156027124,0.002998720896611562,0.0017636869678331047,0.0031760546831336514,-0.00017733378652208922,0.0014123677153005468
2022-07-21,2.340918256537613,2.3669365762384036,2.3245761841890316,2.366804053408644,0.00628466196469698,0.0073667988845586415,0.006391897912443492,0.00900148313012068,-0.0016346842455620377,0.0026095852176771872
2022-07-22,2.3662305038370532,2.3774002562678502,2.328714659922966,2.3427919169290163,0.011655786049621674,0.012040324503505557,0.011131504266044426,0.012747460968605928,-0.000707136465100372,0.001615956702561502
2022-07-25,2.3469933407256907,2.3539169901022223,2.329641182965934,2.345456442267997,0.014716861898227783,0.01322301476758297,0.014323228797747037,0.014153101613667987,-0.0009300868460850181,-0.0001701271840790497
2022-07-26,2.3357118771139267,2.3387099036523815,2.311662616869034,2.317045390929847,0.015442665511869298,0.01263541428324439,0.014268696268819167,0.011982771637926827,0.0006526426453175634,-0.00228592463089234
2022-07-27,2.3374138046670914,2.3897578054719286,2.3323345733140313,2.378854331006147,0.01215702251595072,0.012441072909676247,0.012644637519444507,0.011792724031064078,0.0006483488786121691,-0.0008519134883804291
2022-07-28,2.38007576261251,2.408535000418215,2.3568643765221102,2.4040335569732187,0.009464371181546003,0.010462563122443752,0.009788988245241874,0.010912854947726555,-0.0004502918252828024,0.001123866702484681
2022-07-29,2.409759664407703,2.4420241854520253,2.403762037019483,2.4357903534267544,0.009697836473017986,0.010937246878790047,0.0111925462449773,0.012655893819151632,-0.0017186469403615845,0.0014633475741743316
2022-08-01,2.4208079860109684,2.447729632884583,2.414098885094483,2.430796109553475,0.011208641155087564,0.01156755115732199,0.011620458029996665,0.011115129966033402,0.0004524211912885871,-0.0005053280639632628
2022-08-02,2.4209969786963423,2.4469697964609267,2.4077388875974783,2.4176647354944305,0.010435990369187678,0.011815726619375707,0.011547697503487228,0.01095248592580822,0.0008632406935674877,-0.0005952115776790088
2022-08-03,2.431099403706918,2.465002353387863,2.4263112974326226,2.4582623887957253,0.011084086029041823,0.013135527454264793,0.013284255680097445,0.013062710292889806,7.281716137498735e-05,-0.0002215453872076393
2022-08-04,2.4579718845348606,2.4640062654567587,2.443054160265694,2.4563373510542723,0.012852768611440957,0.013974277315237338,0.015020110629286813,0.015165026592362673,-0.0011907492771253345,0.00014491596307585931
2022-08-05,2.43032687064156,2.4587654930255334,2.426633544816497,2.451456047931559,0.013382192643898528,0.014048143236853366,0.014700097347428777,0.014315028802916878,-0.00026688556606351173,-0.0003850685445118997
2022-08-08,2.460504735585886,2.4799950433994984,2.442904696372347,2.4504849108487723,0.013498278837961723,0.012728188261671889,0.01414247405156005,0.012272553940614233,0.00045563432105765606,-0.0018699201109458174
2022-08-09,2.445638483519619,2.4494689256656654,2.4288463977091936,2.437503949693915,0.010675485286290415,0.007201147728021943,0.010246572320254336,0.006354884216039375,0.0008462635119825682,-0.0038916881042149612
2022-08-10,2.480451724184407,2.4922297890062426,2.4699172881545857,2.4901054686712234,0.008532613893749515,0.006067177776515297,0.008548621941816364,0.005966880516355058,0.00010029726016023977,-0.002581741425461306
2022-08-11,2.506530334798333,2.5228568560893154,2.4854577237463533,2.489813281328385,0.008922549736907467,0.006613503467967298,0.007665982629643049,0.005893055751350073,0.0007204477166172256,-0.0017729268782929759
2022-08-12,2.5027236269593134,2.533296238034747,2.4959802235585316,2.5323051279775344,0.009550991063849025,0.008576142865713827,0.008925101313422572,0.009214333605259669,-0.0006381907395458415,0.00028923229183709653
2022-08-15,2.519822603989012,2.5469891971756304,2.5174557739206525,2.5437813353866163,0.010721822728972331,0.010559706195949085,0.010926940657844473,0.011658760762042633,-0.0010990545660935474,0.0007318201041981599
2022-08-16,2.5379984324182585,2.559600133299862,2.527247608258194,2.5472809778949337,0.011696485542254689,0.011977336773916289,0.011786069450257182,0.012049134684032159,-7.179791011587e-05,0.00026306523377497663
2022-08-17,2.524691790385187,2.5428828857991173,2.511752965548567,2.525453202956225,0.011200627079021003,0.012320071745893967,0.011589606015266927,0.012384306951869305,-6.423520597533851e-05,0.0007947009366023779
2022-08-18,2.526485080024961,2.538154287177156,2.5174821776833998,2.5326053470631336,0.011459629964325495,0.011394470841130376,0.011786179332673,0.012166826210525821,-0.0007723553693954454,0.0003806468778528218
2022-08-19,2.515475757834923,2.518553907143281,2.4922878168354465,2.4983748657399807,0.00844466046467941,0.008151609569765905,0.008611649302150843,0.008832347540237219,-0.0006807379704713134,0.00022069823808637534
2022-08-22,2.469333204323008,2.471357192865902,2.4395459822135717,2.4449868927369054,0.003892574349237079,0.0030249773734420922,0.002849226007868534,0.001952342199917252,0.0010726351735248403,-0.0008968838079512818
2022-08-23,2.4447485195964562,2.4606885795369235,2.437473367218728,2.441306895289814,-0.0030985897828243016,-0.004613952483280374,-0.003922757237509091,-0.005927145040424049,0.0013131925571436744,-0.0020043878029149574
2022-08-24,2.439711706076449,2.459065499778899,2.4347595126690185,2.449499521486596,-0.008032819045316435,-0.00962668554496277,-0.00820927887723304,-0.009899090139373628,0.00027240459441085774,-0.0016898112621405881
2022-08-25,2.4598278211770954,2.4860989281973898,2.4534957169031286,2.4857320132097684,-0.009637413223718125,-0.010721072108857862,-0.01001164184672929,-0.011422003364949978,0.0007009312560921164,-0.0014103615182206874
2022-08-26,2.485442003706354,2.4899724138311776,2.4014205430494497,2.4020793849713735,-0.009532559621655673,-0.01046266820070635,-0.013565550592363118,-0.014625527528512247,0.004162859327805897,-0.0010599769361491294
2022-08-29,2.3842457960260752,2.405327468679262,2.3762444873770745,2.3855123647678376,-0.013598093142562325,-0.013383260095042024,-0.015914817435268964,-0.016389132990981187,0.003005872895939163,-0.0004743155557122222
2022-08-30,2.392747626295162,2.3958975782620167,2.3451272629154953,2.3590105816322224,-0.014344813323654648,-0.014260368712989352,-0.017596946516684506,-0.017446568995216717,0.003186200282227365,0.00015037752146778924
2022-08-31,2.3707685324497816,2.378561763742379,2.3416061906700425,2.342364053380242,-0.015416886806116777,-0.015213276986144192,-0.01829659092737021,-0.018585117036229216,0.003371840050085024,-0.0002885261088590059
2022-09-01,2.327649253342685,2.348895993679299,2.305716568858049,2.346689692573449,-0.0168556318646731,-0.01610778690351612,-0.018509518447557313,-0.016791649095018533,0.000683862191502415,0.0017178693525387798
2022-09-02,2.370313806789752,2.3790486610599877,2.3105536666695574,2.321425494729315,-0.014291043042637088,-0.014370257953922647,-0.017571372460915374,-0.016404737312429172,0.0020344793585065253,0.0011666351484862017
2022-09-06,2.327738287496547,2.3330360420683522,2.2972428159359386,2.3104041352169347,-0.015365386706537835,-0.016597983160749185,-0.018672557002221406,-0.01803334793362114,0.0014353647728719554,0.000639209068600266
2022-09-07,2.3089051792918487,2.3570343584977125,2.307069366477535,2.3517626597074233,-0.01738966777759879,-0.01655133016854192,-0.017651035346640448,-0.01602006604853231,-0.0005312641200096099,0.0016309692981081383
2022-09-08,2.3382569381752822,2.372218025461025,2.329369809501023,2.3677991590172445,-0.01650214544356862,-0.014528267676880325,-0.014013394971986927,-0.011500506265759986,-0.0030277614111203395,0.002512888706226941
2022-09-09,2.382913131918212,2.412318430993771,2.375935333929088,2.40732522739343,-0.010608001621078961,-0.007462985118346857,-0.005309285671492255,-0.0014191722449314827,-0.006043812873415374,0.0038901134265607725
2022-09-12,2.4197651201028845,2.4374621087908257,2.4168910998111635,2.432506210920024,-6.383791979136724e-05,0.0021263122071708417,0.0030972220926163054,0.005409213368319324,-0.0032829011611484825,0.002311991275703019
2022-09-13,2.377995959321257,2.3854864007597123,2.317837061299777,2.325482190234443,0.002251677512946084,0.0038740631152922346,0.004234856689924675,0.004926647100925111,-0.0010525839856328767,0.0006917904110004362
2022-09-14,2.3325571718080313,2.343921372031844,2.3148485504066585,2.33576208093824,0.002731257907808139,0.0029664690700717286,0.0038429687723188365,0.003965655081465425,-0.0009991860113936963,0.00012268630914658843
2022-09-15,2.326450223103105,2.3436603282881276,2.301309063983911,2.3103074606780964,0.0021420403531595177,0.0015189299281899214,0.0028448399608521735,0.000788260687914143,0.0007306692402757784,-0.0020565792729380305
2022-09-16,2.2884001996134744,2.296469772196727,2.2709351508598883,2.293299249832162,-0.0028600600068914113,-0.004057309847679658,-0.0017142391819833908,-0.002639913590993771,-0.0014173962566858865,-0.0009256744090103803
2022-09-19,2.2743377658444035,2.311797771541254,2.273672147483733,2.310883464498835,-0.00530915253994527,-0.006151829755346448,-0.0053799614670158175,-0.0061460718626461745,-5.757892700273409e-06,-0.000766110395630357
2022-09-20,2.292235499330084,2.3007536205020145,2.2688540372461605,2.2859147907368116,-0.00845702706671688,-0.011101103537096129,-0.00974883109651074,-0.011621132910258779,0.0005200293731626501,-0.0018723018137480393
2022-09-21,2.2964415136352465,2.318631736128127,2.246707962634553,2.247359160697045,-0.012200686352108464,-0.013084017534053997,-0.014326458654292643,-0.01614515281849126,0.0030611352844372632,-0.0018186941641986174
2022-09-22,2.243240216332768,2.2482428675205703,2.2204436182589453,2.226107393273234,-0.016738375920477836,-0.01742859356817792,-0.01811833723289963,-0.019493763129060166,0.0020651695608822455,-0.0013754258961605377
2022-09-23,2.204661026376502,2.206781842858146,2.160126220441566,2.187974318057836,-0.019251587517629832,-0.01985859048242734,-0.020775569927649295,-0.020569812186977655,0.0007112217045503154,0.00020575774067163946
2022-09-26,2.17950525118261,2.202971607927584,2.15874541660327,2.1666175302243196,-0.018519501512540695,-0.018328820622956772,-0.01816186676098558,-0.01847324580876136,0.0001444251858045871,-0.0003113790477757804
2022-09-27,2.18828189181525,2.2036293587498483,2.1470757026198832,2.1626064583771893,-0.01718105953814001,-0.017385911546609758,-0.019659257431048776,-0.02050750678069147,0.0031215952340817137,-0.0008482493496426956
2022-09-28,2.1697888318382645,2.217616340812878,2.1593030287271353,2.2070163052440233,-0.01758101797238379,-0.016246750309169153,-0.018619102449592268,-0.017459835126816852,0.0012130848176476992,0.001159267322775416
2022-09-29,2.185509734811004,2.187415924512561,2.1400281469586777,2.15904023043876,-0.015557652946385156,-0.015241317347157644,-0.01764753682090725,-0.01716546010761201,0.0019241427604543664,0.00048207671329524027
2022-09-30,2.1550027480785254,2.178941314610087,2.1260263185092754,2.128405965158893,-0.016026604056107986,-0.015950301346216063,-0.017509714624697404,-0.017842383551106636,0.001892082204890573,-0.0003326689264092318
2022-10-03,2.1486442533800334,2.1935696775748887,2.137826414521137,2.1820402187689436,-0.01616293892750543,-0.013414920650448471,-0.014789313691091958,-0.012422814793568554,-0.0009921058568799178,0.0023664988975234044
2022-10-04,2.2165331482857416,2.2520238702199986,2.216324978068344,2.2494029205889063,-0.009879503208462861,-0.0069943383770621785,-0.006461765331809208,-0.003431758784774775,-0.0035625795922874033,0.003030006547034433
2022-10-05,2.224046026641209,2.259079976669626,2.2065713181371573,2.24547207610821,-0.001988268915816174,0.001593660444796312,0.0004940761077600523,0.003217080312092389,-0.001623419867296077,0.002723004204332337
2022-10-06,2.2365085131071556,2.2556837913711902,2.2196540827906306,2.2230496610175394,0.003913505266856734,0.006025661063915166,0.006899071382143642,0.007248967843503276,-0.0012233067795881097,0.00034989646135963424
2022-10-07,2.197153734152981,2.199223300740465,2.1477693874024784,2.159174990352816,0.005178305548588622,0.004523737230522277,0.005371493544115628,0.005291640836486907,-0.0007679036059646295,-7.985270762872129e-05
2022-10-10,2.1641473425282007,2.1684819926514507,2.1266504334175815,2.1425512198353527,0.003056702998145998,0.0011826178043903264,0.0027496989666503224,0.00135285961482926,-0.00017024181043893364,-0.0013968393518210623
2022-10-11,2.130798874910099,2.159820657290499,2.1135311256127998,2.1274305665742705,-0.00011264103287273267,-0.002169032098416714,-0.0009766450513538417,-0.003386376448587405,0.001217344350170691,-0.0024097313972335633
2022-10-12,2.13134855063771,2.1424824928086945,2.118827194944491,2.1224839846671895,-0.003788109575334119,-0.0050029200298553796,-0.0031923565531206785,-0.005008395166687216,5.475136831836237e-06,-0.0018160386135665373
2022-10-13,2.0804163498350134,2.1863487982059304,2.069997924491692,2.1770062219859003,-0.008727695160965354,-0.006546748171718277,-0.008865858757693176,-0.005830244465610233,-0.0007165037061080447,0.0030356142920829436
2022-10-14,2.19250194630446,2.202904531769235,2.1226762464252733,2.1269069229666666,-0.008313460842840615,-0.0077395754302127555,-0.011750601996248838,-0.01164483674844792,0.003905261318235165,0.00010576524780091766
2022-10-17,2.166329006892317,2.189579745995915,2.165097525691548,2.1814716001011183,-0.010205276784379934,-0.008974448226073031,-0.011494177273016905,-0.010889386799133649,0.0019149385730606178,0.0006047904738832564
2022-10-18,2.2281142020398126,2.234892233313405,2.1843933489498264,2.205853145624916,-0.00441542549400603,-0.0037924218212571537,-0.005282574452797335,-0.004306295231216835,0.000513873409959681,0.0009762792215805005
2022-10-19,2.1931644285277936,2.212686934923159,2.1737048499106404,2.191362642641715,-0.00017144333821496823,0.0008564697911155408,8.282538343017029e-05,0.0017522250263455128,-0.000895755235229972,0.0016693996429153425
2022-10-20,2.187920315213443,2.2176733869762626,2.168520392160793,2.175227608781809,0.004991651105594797,0.006113277244022014,0.006436002358400795,0.006091696776007608,2.1580468014406086e-05,-0.0003443055823931871
2022-10-21,2.170978208990971,2.2307227439006607,2.1636458842818054,2.2267671875653967,0.007195926587521288,0.008778567267664605,0.00835078637021451,0.0095637681390745,-0.0007852008714098954,0.0012129817688599897
2022-10-24,2.2354168331488204,2.259997526826427,2.2173259164876145,2.2527676841736857,0.011031889098975534,0.010609431661200229,0.011593199486632849,0.01252649768006469,-0.0019170660188644606,0.0009332981934318408
2022-10-25,2.2556138034343576,2.2922584278909657,2.248830430112437,2.2896680031357066,0.012882400746972056,0.012513280007829352,0.014580323334146572,0.01515797119747681,-0.0026446911896474586,0.0005776478633302377
2022-10-26,2.2706779962490633,2.306943719143179,2.2666594260337165,2.272820309225444,0.014078332463378012,0.01245696029851385,0.017253017587362363,0.01457419308280938,-0.0021172327842955297,-0.0026788245045529825
2022-10-27,2.278878631963178,2.290901326671049,2.2546359604355826,2.25839169941866,0.010637249763872831,0.0124565519495102,0.014222695916078495,0.015015957229525295,-0.002559405280015095,0.0007932613134467997
2022-10-28,2.258025048477467,2.3171912802771795,2.2563506074846105,2.314282777037855,0.011125468552465741,0.01372655326548404,0.012559751777054411,0.014179881706517964,-0.00045332844103392403,0.0016201299294635527
2022-10-31,2.2991791232006684,2.3111947908320647,2.2879950560394224,2.2971032111569505,0.011319373005478209,0.012395860366133986,0.01383065846714338,0.013773161622349737,-0.001377301256215751,-5.7496844793643656e-05
2022-11-01,2.3211891718780904,2.3245148023722257,2.279907258536026,2.288497474273212,0.01522253413790004,0.013338424283035687,0.014457133748836878,0.01312087879088734,0.00021754549214834593,-0.0013362549579495377
2022-11-02,2.2853712335561727,2.3135102556315617,2.229873178368553,2.230581228154677,0.013713823190285362,0.011114052799474822,0.010484166423798832,0.007341745018948492,0.00377230778052633,-0.00314242140485034
2022-11-03,2.209376137201634,2.229093967592604,2.1930254713433763,2.207389150323057,0.006592659371728478,0.0033954857935910195,0.0034748654297260453,-0.0012534568982598658,0.004648942691850885,-0.004728322327985911
2022-11-04,2.2424767923380844,2.2536107869020867,2.19980775330798,2.2384619208804986,-0.00011255848437700078,-0.0022542743109531427,-0.0037864913664837152,-0.005107645369686761,0.0028533710587336186,-0.001321154003203046
2022-11-07,2.247271928620975,2.2639508674370754,2.233413109230256,2.2598997028228145,-0.003126964670251386,-0.005665808651888351,-0.006074485620196283,-0.006200888183284456,0.000535079531396105,-0.00012640256308817273
2022-11-08,2.2681540446591413,2.2935673326442916,2.2464966777943696,2.2738076697173053,-0.0037995797861857836,-0.005359091978559483,-0.005743526046849532,-0.004161942067582816,-0.0011971499109766671,0.0015815839792667156
2022-11-09,2.260845135866838,2.2681704519564416,2.2240929556919973,2.2273354043426754,-0.004018586057384023,-0.0054745058017333596,-0.005417700044115763,-0.005588779918837256,0.00011427411710389617,-0.00017107987472149248
2022-11-10,2.3102713049336288,2.352524135012976,2.2951034989599273,2.3501922176560406,-0.0008757242363348157,-0.001588323475277805,-0.0015041788382587525,-0.0007249121839632283,-0.0008634112913145766,0.0007792666542955241
2022-11-11,2.35417367038722,2.379457117232079,2.3386381313518485,2.3730508563364037,0.0028910559168270943,0.004772651050908084,0.004407752864676493,0.007999128674908686,-0.0032264776240006014,0.003591375810232193
2022-11-14,2.3613943589723267,2.3853161537248138,2.3509314610607492,2.35447228940081,0.008629858951211268,0.010298706005145793,0.012102435196390903,0.013852148408281265,-0.0035534424031354716,0.0017497132118903611
2022-11-15,2.3936127649739594,2.4005435902072225,2.3518018559334126,2.376245021701211,0.016839242094219796,0.016644908410886245,0.018542541596432323,0.019623673162834244,-0.0029787647519479987,0.001081131566401921
2022-11-16,2.366222514164692,2.3743229044072316,2.348341683284518,2.3528011687517347,0.020288887267432946,0.01990569407712841,0.020586856296612947,0.019191752591901347,0.0007139414852270626,-0.0013951037047115998
2022-11-17,2.3216577482735334,2.3538905999701902,2.320360918323079,2.3478266204017153,0.01526137174890431,0.015687114859047873,0.017212451773994646,0.015460900672531438,0.00022621418651643486,-0.0017515511014632081
2022-11-18,2.367993616928226,2.3724595610082777,2.3405306939528234,2.358419174394103,0.013606988365220464,0.01260315622879718,0.013846908998763827,0.01267707009804656,-7.391386924938091e-05,-0.0011698389007172658
2022-11-21,2.350004449143679,2.358986536060678,2.3366331447831072,2.347842307172721,0.009769637344388656,0.008033052829722822,0.010803397080065768,0.009291477640809115,-0.001258424811086293,-0.0015119194392566523
2022-11-22,2.357129049284832,2.3803016221180946,2.347998109131055,2.3789676453131334,0.006467799272919269,0.005448074003672243,0.008000878265798468,0.007464857731470442,-0.0020167837277981987,-0.0005360205343280262
2022-11-23,2.3767946605947667,2.3979712611021076,2.374941610661052,2.3940107861370326,0.002672885418557139,0.0010824435675741556,0.003944103136200921,0.0020859553803287815,-0.0010035118127546259,-0.0018581477558721397
2022-11-25,2.3903839246086434,2.3967011109452514,2.3861426345831505,2.3915637821622835,0.0015088332999751925,0.000697767943105419,0.003403860620591284,0.002743726647887491,-0.002045958704782072,-0.0006601339727037928
2022-11-28,2.3734578203478605,2.3856695756985027,2.3502407356670068,2.35604127543082,0.0013773014377109814,0.0009714258660599735,0.002704136861462822,0.0024863423753755257,-0.0015149165093155522,-0.00021779448608729617
2022-11-29,2.358143188532491,2.364533567381528,2.3395282810463938,2.351345787504307,0.0006580579886381058,0.0004075105140718842,0.002099015081619661,0.0009404461888091083,-0.000532935674737224,-0.001158568892810553
2022-11-30,2.352738855395134,2.426921411078416,2.339643726865692,2.4258431290593303,0.0018313345920586556,0.004513641024296258,0.001696437035120102,0.004947453839167715,-0.00043381281487145634,0.0032510168040476126
2022-12-01,2.4331179704405126,2.4427879748052126,2.409591339629355,2.426243903104657,0.006058351169201151,0.007417443582998715,0.005025876406017904,0.006812209181935197,0.0006052344010635188,0.001786332775917293
2022-12-02,2.392950560314128,2.427526635566661,2.390628878816971,2.421994867318163,0.0043125796948778935,0.007296776185638252,0.004713195324934138,0.007223347417826873,7.34287678113791e-05,0.002510152092892735
2022-12-05,2.4059965902030616,2.411498900492851,2.369656298365807,2.379108674944283,0.0055033124637111994,0.006647241421985244,0.00374947416432873,0.005102400009587971,0.0015448414123972734,0.0013529258452592411
2022-12-06,2.377426632857909,2.3814767166160906,2.330984610885695,2.3437680201428717,0.00347576397020473,0.002988727214189287,6.351399151813348e-05,9.787421499593501e-05,0.002890852999193352,3.4360223477801534e-05
2022-12-07,2.3376075693134646,2.3557478868317983,2.3293479989798134,2.3393938177074522,-0.0005811502067913033,-0.0009247802211089299,-0.0028855845542057027,-0.003020836599684219,0.0020960563785752894,-0.00013525204547851655
2022-12-08,2.349320725902783,2.3664253602771823,2.339228966122789,2.359234310916691,-0.002451500179812287,-0.0027802830478908325,-0.0032734258792069012,-0.0035747798800770977,0.0007944968321862652,-0.0003013540008701965
2022-12-09,2.3510260060037274,2.3678213922444886,2.3394300117604447,2.3412427633742445,-0.0029898665501356288,-0.0042619407981261325,-0.0024706856105201768,-0.004851680864491634,0.0005897400663655017,-0.0023809952539714575
2022-12-12,2.3453102392585565,2.3736449401464617,2.3388344271983463,2.373294525153225,-0.004491343286309377,-0.005811328967724783,-0.0035276780902640885,-0.006138519306234624,0.0003271903385098406,-0.0026108412159705353
2022-12-13,2.4452121265007016,2.44583615517948,2.3727145720723253,2.3900792817595113,-0.0012234188261870636,-0.004686328562083881,-0.003312568024696555,-0.007031988397552632,0.0023456598354687505,-0.003719420372856077
2022-12-14,2.388416882692178,2.4110107153336666,2.3565930261532575,2.376747846647298,-0.0024690866977257453,-0.0022871939354881785,-0.004371376694348355,-0.004155634139871074,0.0018684402043828954,0.0002157425544772806
2022-12-15,2.3455727197421603,2.3512110985208676,2.3047581256989234,2.315833581472669,-0.0011255621792346092,-0.0018992287563526478,-0.003799815438326494,-0.003980063562486478,0.0020808348061338304,-0.00018024812415998442
2022-12-16,2.3012270637307797,2.310064359839063,2.276474858063986,2.2917716946826614,-0.003817564412840156,-0.003663031014742081,-0.004764436302242792,-0.004061921660844501,0.0003988906461024201,0.0007025146413982908
2022-12-19,2.2932583749183184,2.2972165589671154,2.25959690605343,2.270823355510526,-0.004962687115337732,-0.005772352922854207,-0.00666415966041264,-0.006567033234298844,0.0007946803114446373,9.712642611379562e-05
2022-12-20,2.2659823089663753,2.285097459247837,2.257190730356746,2.273562356583529,-0.00813373523477276,-0.009158955055611165,-0.009939188224198495,-0.009966239076183395,0.0008072840205722298,-2.7050851984899982e-05
2022-12-21,2.288123397383082,2.3140970050659466,2.282458620245178,2.306218991609545,-0.011400851569089362,-0.011510785676414927,-0.011050604429868643,-0.011024809672230273,-0.00048597600418465343,2.5794757638369567e-05
2022-12-22,2.28887355474116,2.289539006501425,2.2354061934176617,2.2706929087467675,-0.013246364978763752,-0.013985452755702113,-0.013501429395572986,-0.012296347954747199,-0.0016891048009549138,0.0012050814408257875
2022-12-23,2.2650987598629753,2.2838739438297657,2.253315376330978,2.2816718159876626,-0.01554230705795345,-0.01574409865228052,-0.013703528945251184,-0.013095244137015688,-0.0026488545152648316,0.0006082848082354965
2022-12-27,2.281215686142148,2.284477755180793,2.260391161760842,2.2695369984679203,-0.016298652806251146,-0.01606402802818987,-0.012515568437083171,-0.011697183248591644,-0.004366844779598228,0.0008183851884915275
2022-12-28,2.2703577234000614,2.2816093750281925,2.240097775987046,2.242257062591077,-0.010210221577472279,-0.010646852471243869,-0.009225016095432637,-0.00941046809866353,-0.0012363843725803382,-0.00018545200323089386
2022-12-29,2.258719437307531,2.2888243789572686,2.2558153826601783,2.282588490984185,-0.006423508230664634,-0.005167199596962625,-0.00454443316518209,-0.004020834720611228,-0.0011463648763513972,0.000523598444570862
2022-12-30,2.26535887308285,2.2796040308720467,2.2530582798318557,2.2784931984835994,-0.0035588311244814192,-0.002696069419378295,-0.0022483504983643976,-0.0017742064219526247,-0.0009218629974256701,0.00047414407641177287
2023-01-03,2.2918960667313955,2.3029705561322085,2.25059418603254,2.268921147697626,-0.0012307587453870364,-0.0008255529561015499,-0.001345559325146808,-0.0012012050674498273,0.00037565211134827736,0.0001443542576969807
2023-01-04,2.2834687730361796,2.2984987827510146,2.2629741775475356,2.285848653075639,0.0002195001416149313,3.0514036820890784e-05,-0.0005789875726459527,-0.000824464855500368,0.0008549788923212588,-0.00024547728285441537
2023-01-05,2.2741303345110215,2.276081452580593,2.254381430840312,2.2600159139750735,-0.0005393529012832141,-0.0011596645218545764,-0.000482459432367846,-0.0018563078873829197,0.0006966433655283433,-0.0013738484550150738
2023-01-06,2.277706605382611,2.321079141996366,2.260618265488721,2.313375635376286,0.00027417199120522914,0.0021471643259890435,0.0016728377966454292,0.0023636876450617975,-0.00021652331907275404,0.0006908498484163683
2023-01-09,2.328216106012954,2.3481471446894933,2.3102304788373025,2.312959860797601,0.004019035190438418,0.0052085978172724924,0.003662158871400947,0.004105851842765913,0.0011027459745065792,0.0004436929713649662
2023-01-10,2.3087171618986204,2.3298769506363874,2.3019546248917675,2.329439181873262,0.004638453885231493,0.006185402749511441,0.00548705422311031,0.006966488557010198,-0.000781085807498757,0.0014794343338998886
2023-01-11,2.3400155212981786,2.358574235530053,2.3310134531535267,2.3579945300154836,0.007510809668482951,0.008210156016847645,0.008779128950351524,0.009996703506355278,-0.0017865474895076335,0.0012175745560037542
2023-01-12,2.3648809502552646,2.3764981009737998,2.3370939267526505,2.3677895487443004,0.010302872119242043,0.01012321017276927,0.01019394571453208,0.010670317309148532,-0.0005471071363792619,0.0004763715946164513
2023-01-13,2.3481022326573644,2.380983398715466,2.344952755238597,2.378070075359681,0.010258109969338472,0.011611750819621921,0.011909555377177881,0.013071843109251866,-0.0014600922896299447,0.0011622877320739845
2023-01-17,2.37814832317263,2.387707900502354,2.365892272556124,2.3740809434308834,0.01121142671316963,0.011735313573311867,0.013503060673698561,0.013825407857133326,-0.0020900942838214583,0.0003223471834347645
2023-01-18,2.381981489983069,2.389471614115554,2.3351344564348726,2.3364358974150545,0.012775826676688003,0.012202497303486454,0.011886909228811533,0.010728830406937593,0.0014736668965488614,-0.0011580788218739403
2023-01-19,2.3227857145739814,2.332219628367636,2.308583325874844,2.3171643870453593,0.009457602059403292,0.008200229549472651,0.008623116516167107,0.006891219419748105,0.0013090101297245464,-0.0017318970964190026
2023-01-20,2.326796707287229,2.3631316744540767,2.315716418481076,2.361738422303123,0.005259027306160321,0.003980847199519978,0.004622713640019715,0.0033831521857356607,0.0005976950137843171,-0.001239561454284054
2023-01-23,2.36677687132677,2.4059303336561815,2.361269596960009,2.3947492212167836,0.002841226555286665,0.004040628926206561,0.002779364170910905,0.003999988642512205,4.0640283694355975e-05,0.0012206244716013001
2023-01-24,2.384377314281871,2.3996436253128,2.376735360464092,2.392005837691767,0.003671110420421259,0.004533533508737606,0.003867066552884327,0.003453121197642194,0.0010804123110954122,-0.0004139453552421332
2023-01-25,2.3664986720062866,2.395583975794669,2.3515515544506354,2.3931764658968424,0.001545124089945183,0.002962789961002244,0.00222326341500579,0.003110594552103219,-0.0001478045911009751,0.0008873311370974288
2023-01-26,2.4114396937318623,2.4232076651382166,2.392449658525568,2.4217998062766535,0.003256641569832674,0.004015496641180155,0.0041463462676485175,0.005460457754658647,-0.001444961113478492,0.00131411148701013
2023-01-27,2.415243022227776,2.44475212708031,2.4113543000126647,2.4307165994670186,0.005967561050470472,0.006654844643441259,0.006761275012595187,0.008176295455443955,-0.0015214508120026966,0.0014150204428487684
2023-01-30,2.4119048593391397,2.4261225364048102,2.3952792561095904,2.397547681517948,0.006767368388564935,0.0077497314751921184,0.008123179343588617,0.009005535760969354,-0.0012558042857772353,0.0008823564173807367
2023-01-31,2.400200177867238,2.4329037356559473,2.39757822237632,2.43229258014489,0.008158446084582166,0.009115660958684256,0.010396431463378254,0.011227918030792742,-0.002112257072108485,0.000831486567414488
2023-02-01,2.4273671882957726,2.4798153429295375,2.4089731353356223,2.461624918427348,0.011019609958674681,0.012610157987026851,0.010856631096256165,0.011834980694191848,0.0007751772928350029,0.0009783495979356835
2023-02-02,2.488954118451413,2.514344906114773,2.477124286371316,2.503453628116704,0.012743546228375636,0.01307621118392735,0.012369076579797283,0.01192139930373016,0.0011548118801971898,-0.0004476772760671228
2023-02-03,2.4735664624150133,2.5064256755978565,2.465555764861421,2.475440167442254,0.011881392848156992,0.012963530300854067,0.011683130572953887,0.011193361910981586,0.0017701683898724806,-0.0004897686619723014
2023-02-06,2.459269010118131,2.4704139547412107,2.4495034999526335,2.4600060407055357,0.011125695367983454,0.012002920697937037,0.011342250543858883,0.010445980016060515,0.001556940681876522,-0.0008962705277983686
2023-02-07,2.4564555094350133,2.501073680871438,2.4459206204576556,2.493166314607253,0.010268780244024021,0.01151392625395814,0.01076748976994486,0.01053345634758046,0.0009804699063776807,-0.0002340334223644002
2023-02-08,2.4813096639849954,2.490611705470307,2.459467824118628,2.463976529790855,0.008701961699532022,0.00895418008617985,0.008414137764598125,0.007880616879568737,0.0010735632066111132,-0.0005335208850293875
2023-02-09,2.489052591747335,2.490049393905029,2.4340577802742778,2.44189764653148,0.009161904396767128,0.007053490399251545,0.006093247643427874,0.005073514787651086,0.001979975611600459,-0.0010197328557767877
2023-02-10,2.434752632515954,2.4524073992475888,2.4253278203522286,2.446014015607103,0.005972823968800245,0.0037256956936107637,0.004052146452937639,0.00284178461249084,0.0008839110811199235,-0.001210361840446799
2023-02-13,2.451550589173297,2.477469781301636,2.4463236251033154,2.4756216838061307,0.0032409714048620506,0.0004301761196146434,0.0019152253784888301,-0.00017166626526755703,0.0006018423848822004,-0.002086891643756387
2023-02-14,2.4660058097491713,2.4911761189117656,2.448502489713233,2.4786064554575815,3.6719018642873315e-05,-0.002288035936441944,-0.000568303741803417,-0.0016523363843408,-0.0006356995521011439,-0.001084032642537383
2023-02-15,2.464463207405216,2.489097605196905,2.4593081278106745,2.4883662343352557,-0.002238185307852579,-0.0026985129012008836,-0.0023200374029715754,-0.0012065460162581372,-0.0014919668849427464,0.0011134913867134383
2023-02-16,2.4583042048668413,2.4844308748779493,2.4516206037927666,2.4549441101851697,-0.0011928886001190393,-0.0011740801833401175,-0.0005578016078891076,-0.0001193371183795639,-0.0010547430649605536,0.00043846448950954364
2023-02-17,2.442053541147883,2.452187295896216,2.4275882792213057,2.4483300130817827,-0.0016883213633059615,-0.0015737425203159272,-0.0005685191012605343,-0.0006724670416304572,-0.00090127547868547,-0.00010394794036992284
2023-02-21,2.423965427006757,2.4319220807737008,2.396550186271573,2.3989779125200354,-0.0037415672174115327,-0.0048221267125793605,-0.0028821625295654667,-0.0046178635736006494,-0.00020426313897871102,-0.0017357010440351827
2023-02-22,2.401667879034413,2.412772390015068,2.3866520082287312,2.396891753483171,-0.0067706874535937295,-0.006604489580358981,-0.005332706863738337,-0.005726630784612585,-0.0008778587957463963,-0.00039392392087424753
2023-02-23,2.4159097258752493,2.420032145643683,2.3818694939200147,2.409651320013401,-0.006701943553906047,-0.007618012127182065,-0.006422561283062134,-0.006918442916595114,-0.0006995692105869504,-0.0004958816335329805
2023-02-24,2.3794429635737546,2.3899904131055507,2.3673314473803253,2.383328110573815,-0.007313374073056078,-0.009452152252235444,-0.009058817161463693,-0.010359504631938184,0.0009073523797027399,-0.001300687470474491
2023-02-27,2.40451240308206,2.4136543063478695,2.386647500301143,2.391736412959947,-0.008848776347498737,-0.011292164743664684,-0.01041466344633359,-0.0123575732974487,0.0010654085537840155,-0.0019429098511151103
2023-02-28,2.3907007487539644,2.401831002431705,2.3820884204980204,2.3840930369027804,-0.00965112957257352,-0.011636524791769812,-0.01015061413037912,-0.012140798502540325,0.0005042737107705132,-0.0019901843721612054
2023-03-01,2.3805863848743845,2.3884918374276283,2.365884038219604,2.3786995093873524,-0.009303920177908525,-0.010877886134331933,-0.009846574030097768,-0.010909793196517964,3.190706218603179e-05,-0.001063219166420196
2023-03-02,2.3620938779246043,2.396674010657866,2.356248825260844,2.390582722864554,-0.009032846168588718,-0.008566856742488294,-0.008346279351451104,-0.007168967399042934,-0.00139788934344536,0.00117731195240817
2023-03-03,2.4019674957724466,2.431550778412935,2.3967400725187793,2.4296446582180944,-0.005756607361270835,-0.003544287560552626,-0.0039006691199311608,-0.002340377507796279,-0.0012039100527563473,0.001560291612134882
2023-03-06,2.4348753881605907,2.450380139779452,2.4266233259652568,2.4294988651169267,-0.0010859009856284414,0.0009967366300473609,0.0012380003435900086,0.0023459802494284632,-0.0013492436193811024,0.0011079799058384546
2023-03-07,2.4286574242679406,2.4326557391557184,2.3895360765994407,2.39409564723361,0.0021267773620645474,0.003241865913206494,0.002296219139066881,0.002039369696354062,0.0012024962168524318,-0.00025684944271281863
2023-03-08,2.3953178328381974,2.40427304310626,2.3814186022789685,2.397825344955265,0.001977556648631237,0.0026533092596740045,0.002336807582960467,0.0018562989048689818,0.0007970103548050227,-0.00048050867809148524
2023-03-09,2.4014033332762166,2.4143467077718372,2.3465466873711294,2.352930251018545,0.003186699035705821,0.0032012313196116407,0.00021989251372127124,6.372631615880685e-05,0.003137505003452834,-0.0001561661975624644
2023-03-10,2.3501474171496164,2.362864808597887,2.3080677865295316,2.3187404204225204,-0.0006552182454485518,-0.000992817982519299,-0.004536919564082728,-0.0046610986435207695,0.0036682806610014705,-0.00012417907943804152
2023-03-13,2.2940526408671853,2.346317505051598,2.284955878426855,2.314806102281426,-0.005530457096919546,-0.004183059389109437,-0.0085482969091201,-0.008257088189381012,0.004074028800271575,0.0002912087197390889
2023-03-14,2.3474495934519117,2.3656025966702496,2.3272708694280726,2.3554219685445044,-0.007075005644855785,-0.0062934033164110835,-0.009322896769762409,-0.00921473663769025,0.0029213333212791672,0.00010816013207215827
2023-03-15,2.321304217775235,2.3450925446525104,2.3074060684110513,2.343300161882589,-0.010195700090739678,-0.009972622829661746,-0.011596868218743374,-0.010845614940001885,0.0008729921103401393,0.0007512532787414886
2023-03-16,2.3313922812512686,2.3890887949896773,2.3242165344531185,2.385777526819152,-0.013280398603078008,-0.010180516620989049,-0.01288742881045554,-0.008938248832084343,-0.0012422677889047055,0.003949179978371197
2023-03-17,2.3799410981055273,2.3870609024203278,2.3471772293903825,2.358372520320087,-0.010686598076863217,-0.00808196287584368,-0.009837901184663976,-0.005863327436359746,-0.0022186354394839345,0.0039745737483042306
2023-03-20,2.363032390180225,2.3838969619032,2.355362695864518,2.378992637675627,-0.006554244579280532,-0.004361425722439204,-0.0037489149380526285,-0.0008094872049804205,-0.003551938517458784,0.002939427733072208
2023-03-21,2.40075212247161,2.414369802926245,2.3899139273634495,2.410444387999708,9.184215323575866e-05,0.0006454963891400319,0.002615965858061053,0.00421188521477976,-0.0035663888256397282,0.0015959193567187074
2023-03-22,2.4113625682481543,2.433117883570033,2.369609481354017,2.370202283441113,0.005432287127293779,0.005004509056531388,0.007327586453337746,0.007088713709562097,-0.0020842046530307095,-0.00023887274377564893
2023-03-23,2.3892473349435237,2.4145009806770013,2.359585526852333,2.3773506379821177,0.009777665036240413,0.008669997507901634,0.009310792426484221,0.0076972711776379064,0.000972726330263728,-0.0016135212488463148
2023-03-24,2.3685585346947944,2.393065852485194,2.3544757073590654,2.3921183583406,0.009724847290848987,0.007732300562604933,0.008291974377452575,0.006536013935064777,0.0011962866275401565,-0.0017559604423877983
2023-03-27,2.4063295873832904,2.4140947692175407,2.388063189976994,2.39558447597214,0.007769451969696141,0.006472408610079908,0.007001886708862415,0.004412100227616873,0.0020603083824630355,-0.002589786481245542
2023-03-28,2.3924207886663598,2.3984799155293697,2.377920008614168,2.390773970067193,0.007254259054285145,0.004824927544098788,0.006729748407833975,0.003754387904216932,0.0010705396398818564,-0.002975360503617043
2023-03-29,2.4145234657378114,2.428621576254978,2.4061577960405596,2.426239212623508,0.005656536264757341,0.003055687306100116,0.0060596040297031025,0.003794513803122359,-0.0007388264970222434,-0.0022650902265807433
2023-03-30,2.4426255141667528,2.4474571396979266,2.4265347924297176,2.441275659419884,0.00513425976717916,0.004234451683195,0.006424639280094317,0.006481312029226216,-0.0022468603460312165,5.667274913189954e-05
2023-03-31,2.446965689736406,2.4772411627478514,2.4457273343522483,2.4759509378018,0.006737026298041918,0.006195111210410977,0.008127032140543004,0.008559784005306227,-0.0023646727948952494,0.00043275186476322315
2023-04-03,2.4710454798362322,2.486541482196261,2.465157067728059,2.4828129117685704,0.007713569437743193,0.00735903745697384,0.01024037967780415,0.010962027021679874,-0.0036029895647060337,0.0007216473438757236
2023-04-04,2.4864125078554995,2.4895851721926414,2.4575024597657116,2.4673710177377735,0.010733713353605833,0.009476329889202112,0.01290877770658067,0.013360340699276727,-0.0038840108100746153,0.0004515629926960564
2023-04-05,2.4621642561388413,2.471934087294003,2.446616533956441,2.46093831306916,0.012100280707797471,0.010969006469679667,0.012810513291771033,0.012034952851793613,-0.0010659463821139463,-0.0007755604399774206
2023-04-06,2.4556178709136685,2.4733001102917678,2.44693820813497,2.469944699222717,0.011019645582238407,0.010824567096875962,0.011128112288375862,0.010577548738110306,0.00024701835876565596,-0.0005505635502655558
2023-04-10,2.4549841514755397,2.4741674297570015,2.4475418052475186,2.4739292153474923,0.007720699246864368,0.008585710789815841,0.008079159751779,0.009199644300700234,-0.0006139335108843926,0.0011204845489212328
2023-04-11,2.4769020235088863,2.4843580590439753,2.4668688881794267,2.473183371875256,0.00708776014974539,0.00732158534999792,0.0071955033328032336,0.007020485249247911,0.0003011001007500085,-0.00017501808355532226
2023-04-12,2.486363695221659,2.4898154633738785,2.4571835398804978,2.4610774846734467,0.005188235520975038,0.004462470023794409,0.00415212251330437,0.0029197120064202455,0.0015427580173741633,-0.0012324105068841243
2023-04-13,2.4681810735855305,2.495865653658114,2.4607501817872808,2.4927529188941855,0.0026317414373575074,0.002835711575474506,0.0022250348836157733,0.002058875411432616,0.0007768361640418898,-0.00016615947218315708
2023-04-14,2.4882215842779454,2.503647005999152,2.471090754024953,2.4876552494789608,0.002391440767404526,0.0020740150310061215,0.0015587190049959356,0.0011161871648192913,0.0009578278661868302,-0.0004425318401766443
2023-04-17,2.4863342257100287,2.496945652304632,2.4772644948805755,2.4959477130470487,0.0017848586667397167,0.0022513023513622433,0.00196858316066683,0.002375323489089063,-0.00012402113772681973,0.00040674032842223304
2023-04-18,2.506316885830288,2.5080253638946393,2.4875047825227385,2.4968678388995937,0.003396364809912364,0.0034141165755305564,0.003850055406378527,0.0038997282728551043,-0.0004856116973245479,4.967286647657729e-05
2023-04-19,2.4841400131679854,2.501151895707956,2.481824747917405,2.4959214362464293,0.0043951596940735105,0.004144516332324796,0.00464051899376789,0.0041726887385648195,-2.817240624002331e-05,-0.0004678302552030703
2023-04-20,2.476334517158264,2.4932803914736614,2.470531187349286,2.479645399100132,0.003379195526139466,0.0031286196101838848,0.0037944261852879625,0.0027829527031306956,0.0003456669070531892,-0.001011473482157267
2023-04-21,2.4813309744742216,2.4863601797544725,2.46706080557799,2.481559090099392,0.002027578972313748,0.0015675819131544511,0.002490610184301763,0.0018712729987300212,-0.0003036910855755701,-0.0006193371855717418
2023-04-24,2.480334154371153,2.4893116435966545,2.4701034909640693,2.4826016483654754,0.00026766846777202184,6.705057837834637e-05,0.0011490883762047012,0.0011413140216865064,-0.00107426344330816,-7.774354518194854e-06
2023-04-25,2.4710110652632493,2.4744680053819152,2.4430841785685464,2.4440906118271544,-0.000846855463409369,-0.0017473246924901654,-0.0006512168909336846,-0.0018440902467233965,9.67655542332311e-05,-0.001192873355789712
2023-04-26,2.4514506787493677,2.4576037061922924,2.4303194631864797,2.4348730152296056,-0.0023261258993978098,-0.003997864434592318,-0.003505169736890606,-0.005786692142415956,0.001788827707823638,-0.00228152240552535
2023-04-27,2.4521311921409676,2.486596008837988,2.448776728397341,2.4837014672784647,-0.004557264120407037,-0.003873214290021589,-0.004788961363087514,-0.004636598378984025,0.0007633840889624361,0.00015236298410348844
2023-04-28,2.4789312968084216,2.504533547751303,2.475952763417754,2.503911845516809,-0.0037960003867933845,-0.00213903677810844,-0.0037559195554784414,-0.002614250410648652,0.000475213632540212,0.0011416691448297893
2023-05-01,2.500938683531017,2.515140412437988,2.497605744986345,2.503221922244561,-0.001847548100480819,-0.00028380588415805746,-0.001189156749423498,-0.0002737533652039524,-1.0052518954105035e-05,0.0009154033842195455
2023-05-02,2.498112125944155,2.5000981870999857,2.455503471130895,2.4734885728139595,0.0011018819276446092,0.0012690448836186839,-0.0004827563727430866,0.0004180941111956377,0.0008509507724230462,0.0009008504839387243
2023-05-03,2.4760152775470865,2.492477773545617,2.455082451237442,2.456472579196264,0.001467022773426515,0.0020440925092528326,0.00020990499232484837,0.0004020880144267434,0.0016420044948260893,0.00019218302210189506
2023-05-04,2.4500637428450807,2.455864067584925,2.430955657476759,2.4403286963729713,-5.2593940230467325e-06,0.0004024028264094614,-0.0008421955622164933,-0.0011013946879092548,0.0015037975143187164,-0.00025919912569276153
2023-05-05,2.461973741970044,2.49228561425902,2.455019792544555,2.485409036563351,-0.00017637446312974704,0.0007395267128585251,-0.0003333623236004774,0.00045819575011593833,0.0002813309627425868,0.0007915580737164157
2023-05-08,2.487049309952113,2.49246741140205,2.476579229249107,2.487524741012719,0.0011884471690557978,0.0012115076147147313,0.0017002375553471104,0.0021560261156763363,-0.000944518500961605,0.0004557885603292259
2023-05-09,2.476663524234782,2.4837764062978827,2.472069415153618,2.4757240915975083,0.0012838362993938368,0.0001816060807501451,0.0016080662841115032,0.0005831084087948396,-0.00040150232804469447,-0.0010249578753166637
2023-05-10,2.493436693938029,2.4995867854532037,2.4633401101853045,2.4869096342975854,0.0009215851735710117,-0.0012230268503047254,-0.00016256612098894076,-0.0013776313454384747,0.00015460449513374935,-0.001215065224449534
2023-05-11,2.482866892495679,2.4867994074924975,2.470185491463982,2.48500510773395,-0.00048075441316617674,-0.0019012187575142923,-0.0007295800119686463,-0.0008177711279822663,-0.0010834476295320259,-8.819111601361999e-05
2023-05-12,2.490577610579607,2.493028668348471,2.4646180079207185,2.479952553906221,-4.838967634021063e-05,-0.001046262310534737,-4.803931384599908e-05,0.0007980520910573057,-0.0018443144015920427,0.0008460914049033048
2023-05-15,2.4825884278602453,2.4938961278295424,2.472878557034087,2.4906182538649886,0.0012741931328004298,0.0007025875042559776,0.0026649998707547777,0.00324006153346269,-0.002537474029206712,0.0005750616627079124
2023-05-16,2.484245039027809,2.493187819247267,2.471471220942601,2.4748259856368864,0.002721126720087357,0.0016674937630369302,0.0027941805018476098,0.0029912229696232736,-0.0013237292065863434,0.00019704246777566383
2023-05-17,2.485709712798281,2.5094911226522574,2.4761361736702074,2.505024272386267,0.0029429142794905536,0.0030974055809226885,0.0029561966244378095,0.003238953043989444,-0.00014154746306675563,0.00028275641955163465
2023-05-18,2.5030747404020683,2.533629434390024,2.4996365726652834,2.531514640711115,0.0022642745431945698,0.0031968164403781683,0.0025364031392864136,0.003266848072824736,-7.003163244656769e-05,0.0007304449335383224
2023-05-19,2.5370695034145756,2.5424791157217856,2.5196159077278644,2.5275947792024547,0.0035913370030997193,0.005264429795534887,0.003978171296146759,0.0049810043128112385,0.0002834254827236487,0.0010028330166644795
2023-05-22,2.527350581368684,2.541345998151606,2.5202037908898913,2.5305255633432324,0.005149729320584708,0.006673950468971512,0.006106318373259803,0.00648472613420281,0.00018922433476870233,0.00037840776094300727
2023-05-23,2.521109006146564,2.531930566295566,2.5040557342702154,2.5061252059208132,0.005186786106415984,0.0063980340736244125,0.0065242255236514545,0.005349587319048225,0.0010484467545761877,-0.0011746382046032297
2023-05-24,2.495665040948632,2.5008644248827205,2.4789853076066044,2.4874125140697867,0.004415468444554887,0.004897939363110982,0.004604988232484667,0.0035709607123481815,0.0013269786507628003,-0.0010340275201364854
2023-05-25,2.5105669772765653,2.518221387192882,2.4921401112235793,2.509610653401154,0.0037253199770231793,0.0034766096487469436,0.0036700056793519654,0.0028700777555748804,0.0006065318931720632,-0.000799927923777085
2023-05-26,2.5156920698281864,2.5533218577669103,2.5143091753446534,2.5483871665933098,0.003493011281164336,0.004004262632450766,0.0033069626328530556,0.0036491913763165755,0.00035507125613419045,0.0003422287434635199
2023-05-30,2.5634921349957445,2.5687133361476056,2.5408578522681515,2.549932881507807,0.00503094899801995,0.004698454894222245,0.004340415330055159,0.004394152926771853,0.00030430196745039224,5.373759671669417e-05
2023-05-31,2.538326723152243,2.548436778126494,2.5252573781226024,2.536353758751379,0.004326017635970658,0.0033325572576230747,0.003605119210381998,0.0026266519887264634,0.0007059052688966113,-0.0009784672216555344
2023-06-01,2.537623671622401,2.567887469100092,2.528185611945208,2.5601257636677692,0.003024847361544061,0.0034448089450167477,0.0026885883637216804,0.003423233791661148,2.1575153355599726e-05,0.0007346454279394676
2023-06-02,2.575917500325172,2.6037933031710314,2.569916842319103,2.597424741280763,0.004340839779956004,0.006416946952763255,0.004984097430763725,0.007352432973548969,-0.0009354860207857136,0.002368335542785244
2023-06-05,2.5985818305137287,2.609749306081823,2.570636627580643,2.593364664806338,0.008276443380115723,0.009453465465264233,0.007798941126500381,0.009999939028137497,-0.0005464735628732641,0.002200997901637116
2023-06-06,2.5904676465314673,2.604050201767174,2.585023447383746,2.599968352243181,0.010375923025466562,0.01128818632428709,0.010819279690750177,0.012405821090437372,-0.0011176347661502814,0.0015865413996871951
2023-06-07,2.602030124118938,2.6181338633386275,2.5790161222103642,2.5910014243622452,0.011924922916383156,0.012503360495403919,0.011649716058850996,0.011854176726222526,0.0006491837691813933,0.00020446066737152963
2023-06-08,2.591012258833769,2.610645274235149,2.584806399841249,2.607380349573315,0.010195821954642043,0.010194101626770877,0.010216013211787835,0.009919612844768127,0.00027448878200275056,-0.0002964003670197085
2023-06-09,2.6126337548096172,2.62725600218578,2.604105461642202,2.6115190193156663,0.009483813887565333,0.008617336323365683,0.009429293464882317,0.008236514959187322,0.000380821364178361,-0.0011927785056949948
2023-06-12,2.617921137373878,2.6376211379436723,2.6121205001724777,2.636522488041527,0.008164708281579983,0.008624341736018351,0.009200539483231657,0.00926709059977279,-0.0006427488637544398,6.655111654113414e-05
2023-06-13,2.648766199911716,2.661621028904115,2.638612887168695,2.6560338610231575,0.010475591430699456,0.0099447212121747,0.011001144771088805,0.010396663682768613,-0.0004519424705939131,-0.0006044810883201919
2023-06-14,2.6574053115911096,2.669863169407311,2.6346716489543898,2.659269420011274,0.010546379701055817,0.00923674760217057,0.010361832305425495,0.00951137447207741,-0.0002746268699068393,-0.0008504578333480856
2023-06-15,2.654053989378345,2.6997329535104866,2.652181513475892,2.6913906587066347,0.008944121646437167,0.009982912628993841,0.009546585361450718,0.010473066351196807,-0.000490153722202966,0.0009264809897460893
2023-06-16,2.7064201555270992,2.7082359529785327,2.679709460302248,2.682190026848301,0.011339845261863251,0.011988472814435054,0.011511964190134616,0.01182841445419621,0.00016005836023884334,0.0003164502640615949
2023-06-20,2.670643557310651,2.6783303448957074,2.654940837945051,2.6688890654762214,0.011713223045302886,0.011493913361441574,0.010843493326066234,0.011160125801423074,0.00033378756001850064,0.0003166324753568397
2023-06-21,2.6619757760080636,2.670175701211732,2.6428049250394188,2.65179903175642,0.010199391682548539,0.009343329555450017,0.009450315679904694,0.009084452039482011,0.00025887751596800554,-0.0003658636404226829
2023-06-22,2.645762288738821,2.6651302921285054,2.6391517760221586,2.661498387436813,0.007705254920314181,0.007054931183687734,0.006757005467840805,0.006311788189097109,0.0007431429945906247,-0.000445217278743696
2023-06-23,2.6416691851220584,2.6534439197214934,2.6317035844909444,2.638954003219653,0.0037232467645799253,0.0030602013611307492,0.003314531755990345,0.0025468503582164,0.0005133510029143493,-0.000767681397773945
2023-06-26,2.636954945241588,2.6535238666447,2.6216277985759686,2.627497209732031,0.00031150796783667586,-0.0003415573172255718,4.062311854175981e-05,-0.0019498031182122663,0.0016082458009866944,-0.001990426236754026
2023-06-27,2.633500055004452,2.662776388828143,2.6293217475642066,2.65873654498653,-0.0032309895246114087,-0.002866022273945751,-0.002491671634909,-0.0032692699737789325,0.00040324769983318166,-0.0007775983388699326
2023-06-28,2.65238574867946,2.667660789841504,2.644709274461618,2.659231518291477,-0.003875856133846514,-0.0038289847584466867,-0.0026269875747134677,-0.003530241382967091,-0.0002987433754795955,-0.0009032538082536234
2023-06-29,2.6580800111214007,2.671410784448867,2.6500314126597075,2.6683529193933264,-0.0036780591496555,-0.004111135272483081,-0.002808649885187025,-0.0031167373724626086,-0.0009943979000204728,-0.00030808748727558346
2023-06-30,2.688608667564097,2.7056747667852323,2.6860175321562303,2.698899944328073,-0.0020466623801113104,-0.0005517813254339886,-4.62876029660647e-05,0.000994280888330261,-0.0015460622137642497,0.0010405684912963258
2023-07-03,2.699469932074112,2.7096131900522016,2.6938894487061544,2.707236587898676,0.0032494001582506074,0.0037172403610195833,0.0045705148409431245,0.004855628060946652,-0.0011383876999270688,0.0002851132200035276
2023-07-05,2.695679009184578,2.7088519292255984,2.6918121781763262,2.700629509623726,0.006037823669456417,0.0059343377414256115,0.007250891481789066,0.007166263708301368,-0.0012319259668757566,-8.462777348769782e-05
2023-07-06,2.67696735480979,2.68171768843472,2.6590313479142,2.676909062857079,0.006924299377938522,0.005757784113944267,0.00688723663909778,0.006658988567094584,-0.0009012044531503168,-0.0002282480720031954
2023-07-07,2.6716659436287733,2.6977789539749693,2.667253319460092,2.6714763203665197,0.006258991945849281,0.0059810360349524675,0.006531825790185909,0.006197641715996733,-0.00021660568104426518,-0.000334184074189176
2023-07-10,2.67066299856743,2.6851700711263935,2.66341078983479,2.680912955608457,0.004952121149418345,0.004341697860159205,0.005129651545231981,0.004627116834167125,-0.0002854189740079194,-0.0005025347110648561
2023-07-11,2.6860346862228863,2.703701515815958,2.677901736888666,2.7009466038900025,0.0038179832216127824,0.0033339361432541377,0.003461843771383871,0.002876956809261503,0.0004569793339926349,-0.0005848869621223681
2023-07-12,2.7239362364646587,2.731647690344672,2.711335376024521,2.7214773265969567,0.003925970612624537,0.003859132101705326,0.0034485106306746537,0.0034389810500900283,0.00042015105161529766,-9.529580584625389e-06
2023-07-13,2.7353607526706916,2.7511482943144867,2.7305008538016753,2.7465434663414494,0.004819963539145213,0.0049388204470792165,0.004512297725997481,0.004640753174760967,0.0002980672723182495,0.00012845544876348598
2023-07-14,2.7519652680628326,2.7599268094798557,2.7364117500300504,2.7420446116184842,0.005993517177230458,0.00573536678168553,0.005213408624679376,0.0051468999873937995,0.0005884667942917306,-6.650863728557659e-05
2023-07-17,2.7414572876488577,2.761243725854105,2.737388995924651,2.754321925944062,0.0074911488956855435,0.007815088892087516,0.007319864085618657,0.007465954186463577,0.00034913470562393956,0.00014609010084491985
2023-07-18,2.753958802496957,2.784235593168678,2.747167124628211,2.7756969391408646,0.00975417639034385,0.01073791126691418,0.009861782048644999,0.01083491283896292,-9.700157204874105e-05,0.0009731307903179214
2023-07-19,2.7825561266774246,2.7938621686175775,2.7735746024061543,2.783133618080888,0.01266385858193337,0.013230554876374222,0.013059833177303259,0.013339214200258543,-0.00010865932388432094,0.00027938102295528393
2023-07-20,2.775325968673565,2.787908922049795,2.751743596953664,2.7632060225028487,0.012878668924170765,0.012559099415569628,0.011890653818595104,0.012175142885494785,0.00038395653007484293,0.00028448906689968086
2023-07-21,2.7745681469418093,2.7798024636739394,2.758262930082879,2.7631962317823433,0.01150649050092614,0.011229058065855292,0.01050142104830402,0.00960233094544473,0.0016267271204105614,-0.0008990901028592888
2023-07-24,2.7684593711382695,2.7793887969662214,2.7610059841270638,2.772658240183243,0.008486943686574211,0.008041636527645593,0.007902493970581227,0.007062981068653822,0.0009786554589917718,-0.0008395129019274049
2023-07-25,2.769704492103834,2.789300682213618,2.7691162544406085,2.7799714142161958,0.005374681161667256,0.00548824775993361,0.005529036358494745,0.005146044090311426,0.0003422036696221842,-0.0003829922681833197
2023-07-26,2.773889612636965,2.788689013235945,2.765302705787278,2.7786670306088412,0.004003288489462,0.0037270078784123824,0.0040708457616236956,0.0035687972735321764,0.00015821060488020603,-0.0005020484880915192
2023-07-27,2.8019944282345586,2.807665589964268,2.7571506632517573,2.7635149269403105,0.004321024703923952,0.003609484290468891,0.0027915473659859565,0.0021429395243218615,0.0014665447661470297,-0.000648607841664095
2023-07-28,2.786886094906581,2.7997933153041368,2.7780603673764794,2.7929541644986204,0.0041139567864708565,0.0029627401181515404,0.002723810041466169,0.001817220047077909,0.0011455200710736313,-0.0009065899943882601
2023-07-31,2.797131285239743,2.803917656936755,2.788442236402012,2.7981350499768896,0.0033419026554252816,0.002145524086208407,0.002782674482870871,0.0019754964554430715,0.00017002763076533547,-0.0008071780274277996
2023-08-01,2.7904071032026545,2.7977520304017984,2.780624314555947,2.7912989878726586,0.002361672947491957,0.0020075325359646206,0.0024481549131837774,0.0026548294587239655,-0.000647296922759345,0.00020667454554018812
2023-08-02,2.771329284982674,2.774438956283208,2.7460054938755873,2.7520843618977513,0.0018055256674006088,0.0010758548548380556,0.0015802928560946631,0.0015018457171715558,-0.0004259908623335002,-7.844713892310733e-05
2023-08-03,2.7393000372804743,2.7574123824974777,2.7332376733441928,2.7454148394494133,-0.0008435990913134803,-0.0009459952605214978,-0.0011052251264417798,-0.0009670819093941933,2.1086648872695505e-05,0.00013814321704758658
2023-08-04,2.7563373953422063,2.770112132056489,2.729423430980421,2.733167212511102,-0.002177256902800556,-0.0024459072970851466,-0.0033398562582730206,-0.003889063925435648,0.0014431566283505015,-0.0005492076671626276
2023-08-07,2.7448169397684627,2.75863720870831,2.7361556054733747,2.75708591643924,-0.004325576113096267,-0.004481843459003992,-0.004674837916604056,-0.004511600691140004,2.975723213601185e-05,0.00016323722546405205
2023-08-08,2.738233353453021,2.7441262160644584,2.71702424809618,2.740912669789686,-0.006463417041441369,-0.006396961557634836,-0.006211446760622258,-0.00534001417196859,-0.0010569473856662463,0.0008714325886536676
2023-08-09,2.7420629127903373,2.7454400620691413,2.7167162683671218,2.7214857840767586,-0.00773189653219912,-0.007733623973925908,-0.007387672817121068,-0.006841595545186443,-0.0008920284287394654,0.0005460772719346257
2023-08-10,2.7378235155302133,2.758596931296886,2.7138279906705285,2.721864814550197,-0.006972183320377072,-0.006563304151460215,-0.0086759842816184,-0.008639536754942025,0.0020762326034818104,3.64475266763746e-05
2023-08-11,2.7104559428362887,2.7266561305367634,2.70485543592126,2.7190480782590636,-0.007934639777914945,-0.007065256515465952,-0.008534604244352177,-0.008123652441658613,0.001058395926192661,0.00041095180269356407
2023-08-14,2.7138332839322397,2.7338563336123056,2.708510271988389,2.7328690511879796,-0.007103438855641122,-0.006013003090541825,-0.006614412408325604,-0.005612673164130849,-0.0004003299264109762,0.0010017392441947553
2023-08-15,2.7216117313890598,2.7251309050877413,2.6968690314933133,2.701074156307434,-0.0052865650405284365,-0.004998495738082564,-0.004881519820390862,-0.004500595338079643,-0.0004979004000029213,0.0003809244823112191
2023-08-16,2.69820729446499,2.7100759865794335,2.678203029934668,2.679125707030993,-0.005184268129108003,-0.005479114635630265,-0.005459478598434888,-0.006106379730704196,0.0006272650950739315,-0.0006469011322693084
2023-08-17,2.687844124784316,2.6922974687000245,2.6555488738302264,2.6582994821591224,-0.006896191040808163,-0.007284418582572915,-0.007302458606196947,-0.00840842752360169,0.0011240089410287741,-0.0011059689174047422
2023-08-18,2.639900791402552,2.6672878390685777,2.6371991231209475,2.660284180303844,-0.009463672963202307,-0.008817962492782175,-0.009458934513092756,-0.010362783791883103,0.001544821299100928,-0.0009038492787903467
2023-08-21,2.6657573737846683,2.6846512340985114,2.6533654041295542,2.6782579393547556,-0.00997747344312871,-0.00892305195198988,-0.009166931242904327,-0.008858742247544892,-6.43097044449887e-05,0.00030818899535943467
2023-08-22,2.6898130980886203,2.691091342269674,2.6655882384195912,2.66932860562662,-0.008659751491338139,-0.008747462601029743,-0.00848013415363207,-0.007964481082172402,-0.0007829815188573411,0.0005156530714596676
2023-08-23,2.6753711583740003,2.7030537899917406,2.673473417839133,2.6985949914041427,-0.007287555563743334,-0.007188939412859427,-0.0067603015667269985,-0.005901311689638506,-0.001287627723220921,0.0008589898770884922
2023-08-24,2.7085318776677316,2.7179530725955785,2.6600592720663463,2.660886579954474,-0.003580834711209792,-0.0034268304726010183,-0.0054405457408015015,-0.005592231887977118,0.0021654014153760994,-0.00015168614717561615
2023-08-25,2.6700569116817823,2.688577175847727,2.6479207943684235,2.678577275249017,-0.003442203057353534,-0.0029037770577329002,-0.004729316971329892,-0.0037668573733468393,0.0008630803156139391,0.000962459597983053
2023-08-28,2.693505080294173,2.702154285369761,2.682918579663183,2.6956833926349857,-0.0013097390890973275,-0.0006985774070627097,-0.0011753454897556906,0.0004035314728706299,-0.0011021088799333396,0.0015788769626263206
2023-08-29,2.6957140473565375,2.737550317055226,2.693351147664399,2.7360571314333813,0.0017081796237796898,0.003239886897450302,0.002481794787064099,0.005107199850030793,-0.001867312952580491,0.002625405062966694
2023-08-30,2.7373069172534024,2.7519128724608035,2.7324590356504688,2.7465089272565577,0.005748415857699511,0.006807563754229043,0.007070333502595137,0.008493700167286969,-0.001686136413057926,0.0014233666646918317
2023-08-31,2.74975084628606,2.7596928213111283,2.741422246579583,2.7444668734653708,0.009302599056647681,0.00910725316383617,0.009979849004681142,0.009563634435074131,-0.0004563812712379614,-0.0004162145696070107
2023-09-01,2.7609639430465194,2.7657208763210996,2.740079995223783,2.7497760313106085,0.00952179898675489,0.00925152356690766,0.010551944715839994,0.010011019112476947,-0.0007594955455692866,-0.0005409256033630464
2023-09-05,2.7454445800292384,2.754875694374182,2.7307262748703436,2.7365566726715134,0.009150828224497351,0.008768670535445616,0.0104445486918961,0.009850848758332134,-0.0010821782228865179,-0.0005936999335639671
2023-09-06,2.731002675347465,2.7343160007181195,2.7058765193627856,2.7203187254640437,0.008629926630229956,0.006742514633843496,0.008858859553654067,0.007503031964731361,-0.0007605173308878653,-0.0013558275889227062
2023-09-07,2.7015423013745763,2.71668178839696,2.696722179397271,2.7112563154335123,0.0050400319624200746,0.004028053866516563,0.00681117860958743,0.005993932223270701,-0.0019658783567541383,-0.0008172463863167292
2023-09-08,2.711556995782744,2.725585286781569,2.708450987712125,2.715493371999846,0.0038898819970550587,0.0026273361130881574,0.004227171291076881,0.0020485799672155347,0.0005787561458726227,-0.0021785913238613467
2023-09-11,2.731358002764249,2.7390171134473524,2.720896887965947,2.7339640141895294,0.0012181211271935352,-9.164135310567018e-05,0.0009262331623584064,-0.00037180353819489016,0.00028016218508921997,-0.0012980367005532966
2023-09-12,2.7252426884928687,2.7396067401505597,2.715737424312358,2.720307352262248,-0.0009670346267350019,-0.0024847099109844254,-0.001207503280511551,-0.003068042461671401,0.0005833325506869758,-0.0018605391811598502
2023-09-13,2.72176815956684,2.7332021585177286,2.7121131669886105,2.722885083582362,-0.00357914395063711,-0.003321352988359929,-0.00324122613064636,-0.003230567509942727,-9.078547841720203e-05,1.0658620703632785e-05
2023-09-14,2.73757214355452,2.752873788588608,2.729988961044117,2.7481552242670344,-0.0028721672119087576,-0.002074789416194448,-0.0019201315523090501,-0.0011582736738562978,-0.0009165157423381501,0.0007618578784527523
2023-09-15,2.738361281372383,2.7431273715507585,2.7113385637549814,2.7153820886615487,-0.0012957661876181821,-0.0008528328030755188,-0.0009888436780278516,-0.0010296974509418732,0.00017686464786635442,-4.0853772914021614e-05
2023-09-18,2.713006900069204,2.7246751568947203,2.707527113577751,2.716749822349862,-0.00021673629991065746,-3.469696131367417e-05,9.714191043230118e-06,-0.0001200308698451477,8.533390853147351e-05,-0.00012974506088837782
2023-09-19,2.711637505744769,2.717046033371373,2.6931753065200237,2.7101455677288686,0.0003342726414006398,0.00014181661212416178,-3.554752705786814e-06,-5.156925055142284e-05,0.00019338586267558463,-4.8014497845636025e-05
2023-09-20,2.7184196382603827,2.724455028544544,2.6861690874914683,2.686818961553159,0.0007022051567116882,-0.00018964770324121898,-0.0016004682124517498,-0.002017863176580502,0.001828215473339283,-0.00041739496412875206
2023-09-21,2.6679908729639084,2.6716984052423975,2.6428824291680795,2.6441791659497564,-0.0034920255231038213,-0.004454833236212177,-0.005929883495158468,-0.006508067059850185,0.0020532338236380083,-0.0005781835646917165
2023-09-22,2.6513715299180363,2.660965827497024,2.6369202218505174,2.6394571807241665,-0.007518435548990039,-0.008166612412628843,-0.00914998649869114,-0.010160306978472157,0.001993694565843314,-0.0010103204797810173
2023-09-25,2.6323262182505736,2.6502161748874173,2.6274916323830446,2.649857055081638,-0.010534092826277437,-0.010786014992643986,-0.01118760993066015,-0.011092254073729772,0.00030623908108578547,9.535585693037918e-05
2023-09-26,2.6319343304230487,2.636857540615222,2.6076812297131164,2.6129591638441423,-0.012778428154507604,-0.013018386891414331,-0.0135175801084051,-0.013927779254573894,0.0009093923631595634,-0.00041019914616879406
2023-09-27,2.6207245833848596,2.627425164917804,2.592473589913949,2.615011230649394,-0.014734829091164291,-0.014946779276046665,-0.015608903010727308,-0.015178334601449945,0.00023155532540328032,0.00043056840927736297
2023-09-28,2.6120189680965438,2.643193674278291,2.60840833931371,2.6317572632488244,-0.014887712217920391,-0.013421483768412906,-0.014189161468457142,-0.012523232088979284,-0.0008982516794336214,0.0016659293794778571
2023-09-29,2.6507396750957692,2.654715866450057,2.6159438106671944,2.624168583718536,-0.011354090921006945,-0.010588010256232586,-0.012128049529449488,-0.011056048881942079,0.0004680386257094934,0.0010720006475074088
2023-10-02,2.6211498191315576,2.6349152091506185,2.602342242794888,2.6218773993709408,-0.010062673778394378,-0.008993065633203557,-0.009906637933621948,-0.00851703887897083,-0.00047602675423272754,0.0013895990546511187
2023-10-03,2.6071575005203917,2.6187015937895715,2.576402827628662,2.586374682433505,-0.008512347806654467,-0.007703108898162644,-0.008781922535159914,-0.007204855586969322,-0.0004982533111933226,0.0015770669481905922
2023-10-04,2.5895153419314774,2.6091977253410326,2.5771411940345423,2.605323477052429,-0.0062057549208522685,-0.00524555816293002,-0.006668589887476434,-0.004913955602675465,-0.00033160256025455484,0.001754634284800969
2023-10-05,2.602594782917677,2.6079979601138215,2.5798003559929854,2.5995469341633206,-0.004985179348550727,-0.004973499166857925,-0.005974439039898638,-0.004792968761641872,-0.00018053040521605335,0.0011814702782567662
2023-10-06,2.582591881651192,2.6408594572809,2.5730055669128484,2.630196120840572,-0.0051709474417673575,-0.0028523734461691694,-0.005283762349073732,-0.0027740103679619508,-7.836307820721861e-05,0.002509751981111781
2023-10-09,2.6197050258051324,2.651452073027392,2.614162765056068,2.6478578859257778,-0.0037683569557290576,-0.0006263986136925124,-0.0022019971187208598,0.0010138972588466136,-0.001640295872539126,0.0032158943775674733
2023-10-10,2.652710870895907,2.679801458904902,2.6498522048685356,2.663577702766151,-0.0004385893508720994,0.0022403501558962064,0.00166733334555292,0.0032236223781559633,-0.000983272222259757,0.0015562890326030433
2023-10-11,2.670072977204562,2.676470175938033,2.65355153484175,2.67280599064089,0.0028390489110278845,0.0037760351924377936,0.0042134394562342746,0.005459955060413187,-0.0016839198679753937,0.0012465156041789128
2023-10-12,2.6762733445849656,2.681447587432098,2.6406490377594243,2.6559413123871396,0.005276352328156681,0.006039964376685342,0.006377750899041902,0.007192255829500655,-0.0011522914528153128,0.0008145049304587523
2023-10-13,2.6650574016076014,2.6738022018199294,2.6321745002762356,2.642020980369975,0.008904416576911897,0.00819133487652255,0.00819138325486894,0.007366213803046991,0.0008251210734755597,-0.0008251694518219494
2023-10-16,2.655790942972078,2.6783244652544997,2.653218720634142,2.671001073055739,0.009880832362941634,0.0090379809513753,0.010049375352560851,0.008751765795050624,0.00028621515632467655,-0.0012976095575102271
2023-10-17,2.6502429166312456,2.6844271423037385,2.6442346744295464,2.6714247249800875,0.009201914879448,0.008610419827827254,0.009071349642080917,0.007198139809101194,0.00141228001872606,-0.0018732098329797232
2023-10-18,2.658799140081103,2.6667957375128144,2.630394005243185,2.637461031485204,0.0072913091192813384,0.00579088117045752,0.00656539856302924,0.004024292091400523,0.001766589079056997,-0.0025411064716287166
2023-10-19,2.6414903400720995,2.652501838785918,2.6080344553851895,2.612852267618406,0.0044687461134656865,0.0014135332380274652,0.0023716245167268355,-0.001266500810826957,0.0026800340488544222,-0.0036381253275537925
2023-10-20,2.61031643058025,2.61443600144999,2.579290404823428,2.580445287644008,-0.0018592000054822458,-0.0033888075703400536,-0.0041852242794044705,-0.006442944823539211,0.003054137253199157,-0.0022577205441347403
2023-10-23,2.5709109798915635,2.5996407703830786,2.5573763624430312,2.574034881894864,-0.00819837987208443,-0.007971702286155874,-0.00926975112201646,-0.01018855592359633,0.002216853637440456,-0.000918804801579869
2023-10-24,2.587674056177035,2.6028071534313613,2.5777510824231054,2.594564547222145,-0.01083137746962662,-0.009863910351209391,-0.010175313582907951,-0.010871555016068816,0.0010076446648594247,-0.000696241433160865
2023-10-25,2.583356320992201,2.586051703408044,2.551954472674255,2.5561266290261786,-0.011754089114626717,-0.011958873276252786,-0.011367388850729323,-0.012199425539168923,0.00024055226291613656,-0.0008320366884396
2023-10-26,2.5497380912062058,2.558366781313939,2.521643425811851,2.5280849323797345,-0.013046053574564967,-0.01413611394282501,-0.01384148087813997,-0.0147668597433589,0.0006307458005338912,-0.0009253788652189305
2023-10-27,2.537270362342655,2.543919850623278,2.507589389118766,2.5159801261059647,-0.014232044857324091,-0.016119172825842593,-0.016204633624688176,-0.017372803939293906,0.0012536311134513124,-0.00116817031460573
2023-10-30,2.532599151647696,2.5509176803550697,2.5234566233355302,2.543602963778132,-0.01474165955048016,-0.015844716146680156,-0.014789230285158874,-0.015012273789041443,-0.000832442357638713,-0.0002230435038825685
2023-10-31,2.545963210241227,2.562217268027888,2.533569376308132,2.5603553934943557,-0.01339896018156721,-0.013002748519664086,-0.011848284745022971,-0.01016551177715831,-0.0028372367425057755,0.0016827729678646607
2023-11-01,2.5650380610645303,2.592724962878378,2.5609969505216164,2.587271505395663,-0.009181403066362167,-0.008190819986551365,-0.006992603428437311,-0.004768549512914522,-0.003422270473636843,0.002224053915522789
2023-11-02,2.6117881633994657,2.6378521047245918,2.6082457196666837,2.636357113602784,-0.0024312624423781667,-0.000972509999566298,-0.00020917675845289862,0.0022735831968346745,-0.0032460931964009726,0.002482759955287573
2023-11-03,2.651725961504645,2.6743737966175978,2.6508103837961308,2.6641887423971844,0.004779069283918196,0.00587774231750663,0.00697712804742641,0.008388432194235204,-0.0025106898767285734,0.0014113041468087938
2023-11-06,2.6687624137102537,2.6736832368445365,2.6532181805807293,2.665387065864586,0.009789698285524456,0.010977460270768699,0.011966922228648855,0.01312621172775501,-0.0021487514569863107,0.0011592894991061548
2023-11-07,2.6649976464874405,2.6786863883623346,2.6574508368787355,2.6732815469489752,0.014526436781054875,0.01566368515899063,0.017384184229189328,0.018555944475942384,-0.0028922593169517542,0.0011717602467530563
2023-11-08,2.675568715051233,2.6795166360393927,2.6576944221184533,2.671393980024748,0.01861467436398014,0.01835841798039491,0.02012890108432888,0.020366045697297424,-0.0020076277169025145,0.0002371446129685456
2023-11-09,2.6772760977781345,2.6808231064520776,2.6471433758422194,2.649694959658788,0.019437100606166623,0.01814584307704954,0.01899567351000815,0.01772593753439996,0.0004199055426495797,-0.0012697359756081925
2023-11-10,2.6614994946395973,2.6939772822234027,2.6530762902743192,2.69202998976343,0.017021887703566732,0.016203320865027675,0.015727912155106973,0.015113964810121899,0.0010893560549057758,-0.0006139473449850736
2023-11-13,2.683928292803012,2.694959762961862,2.6765328718247843,2.6882330774675998,0.014012842081162592,0.01296203253479729,0.013033938727645097,0.012002472548973747,0.000959559985823543,-0.0010314661786713503
2023-11-14,2.726803857176995,2.751215883825004,2.7243684771329795,2.7434735831976718,0.01239910822593456,0.01179660109520747,0.011767893988024861,0.01126783514279635,0.0005287659524111209,-0.0005000588452285116
2023-11-15,2.752118706667387,2.763094071533284,2.742533895703744,2.750676210465924,0.011245833222817605,0.011022024814015697,0.011008478835286514,0.010500861354328159,0.0005211634596875379,-0.0005076174809583549
2023-11-16,2.745415223670499,2.7533803412378486,2.7359009347005365,2.7485894095787806,0.010575942992467821,0.010661004716700421,0.01083673593226101,0.010911772851638855,-0.00025076813493843386,7.503691937784523e-05
2023-11-17,2.751416541736353,2.759780206626972,2.744976121697419,2.755350780212286,0.011276195314891328,0.011683505384831594,0.012450311564557658,0.012186536836755364,-0.0005030314519237702,-0.00026377472780229373
2023-11-20,2.7537103642692884,2.7821604406015417,2.7516884597054836,2.7762159429685487,0.01202895804091906,0.012845479557500362,0.013449131626554839,0.01357429444197843,-0.0007288148844780684,0.00012516281542359134
2023-11-21,2.7685089639646794,2.7719667714222194,2.758348276048341,2.7678124249966185,0.012308260504458943,0.012470103648762273,0.01389981234379005,0.013686596750068062,-0.0012164931013057892,-0.00021321559372198748
2023-11-22,2.7761435115430664,2.7888970847001375,2.770503084780619,2.7784931989995907,0.012454048104075936,0.011942877908685597,0.01380672238155974,0.013109820111278694,-0.0011669422025930975,-0.0006969022702810468
2023-11-24,2.7779085429673818,2.7845699458185273,2.7750517946239044,2.781716683609148,0.011590847217820732,0.009940900818812265,0.011890963051006174,0.00996409619679702,-2.3195377984754767e-05,-0.001926866854209154
2023-11-27,2.7773141092285005,2.7850057462887,2.7716667492421223,2.776394405432136,0.008423661916096834,0.00758210226823125,0.008635687434111333,0.007750138219631932,-0.00016803595140068173,-0.0008855492144794015
2023-11-28,2.772398864480242,2.7873340374403295,2.7689112616365463,2.778992675966578,0.005079812056102798,0.0043124248107237,0.005356424487939678,0.004402177625608847,-8.975281488514744e-05,-0.0009542468623308306
2023-11-29,2.792446822551179,2.8028877199912725,2.776673142888006,2.7795691908290254,0.0046154875742771785,0.004521849919859267,0.004569839178312025,0.0036682473333728106,0.0008536025864864568,-0.0009015918449392143
2023-11-30,2.784041429449722,2.7951368625101605,2.7683553426155156,2.7898450444737484,0.004584671430226299,0.004474054878258673,0.003906587628174932,0.0035374707835038976,0.0009365840947547755,-0.00036911684467103413
2023-12-01,2.785537121370369,2.8112971945387675,2.7788947348125617,2.8086702049375334,0.003801597521056519,0.004271753006681845,0.0030630273805505007,0.003819627363330972,0.00045212564335087285,0.0007565999827804713
2023-12-04,2.787580985040951,2.7997813588036737,2.7773106066016866,2.796644037847818,0.003043768923158821,0.0031659498688182118,0.0022169356350096006,0.003168317170089032,-2.3673012708204377e-06,0.0009513815350794316
2023-12-05,2.7861829724216394,2.8008350533824147,2.7796110101104756,2.790829721270978,0.0019242497051355886,0.0031247741283820358,0.0015518764946764309,0.0030903489517335675,3.442517664846824e-05,0.0015384724570571366
2023-12-06,2.804645789777613,2.80827153342924,2.777565041452344,2.7795719000692127,0.0024047591934660585,0.0025832876842315283,0.0008807516636660492,0.0016609465205782322,0.0009223411636532961,0.0007801948569121829
2023-12-07,2.7937246573377608,2.8072143397988443,2.787224314717051,2.802089666108834,0.002360518256206955,0.0026727659635325278,0.0013138863758642577,0.002029298381811359,0.0006434675817211686,0.0007154120059471014
2023-12-08,2.797029590967852,2.8182321225810014,2.794728030899099,2.8144526689119806,0.0024011103901533273,0.002852710952798914,0.0022568804458909988,0.003000877041316986,-0.00014816608851807214,0.0007439965954259874
2023-12-11,2.8160947403157244,2.8360876755802487,2.8140812805425175,2.8351915459002153,0.0032102205665373667,0.003627622176248194,0.0037913367888921337,0.004352048805921506,-0.0007244266296733116,0.0005607120170293719
2023-12-12,2.833303525761864,2.848794431805422,2.824223854355458,2.846996858558081,0.0041602405284363545,0.004631673703402839,0.0051812097261619795,0.005807672139395678,-0.0011759984359928392,0.0006264624132336985
2023-12-13,2.8485647475528704,2.8912712880743348,2.8440707434784827,2.8888188402892254,0.0065409829893421315,0.008244582356317509,0.0075006433327376235,0.00875863567822874,-0.0005140533219112307,0.001257992345491116
2023-12-14,2.9040597980138956,2.9176576111784116,2.8857704012904137,2.903266178319166,0.010708151389822564,0.011708705187888751,0.010723143097671039,0.011858454571249788,-0.00014974938336103673,0.001135311473578749
2023-12-15,2.8956976893627298,2.910038273335438,2.8917577566016703,2.901226194455726,0.013064149463868304,0.014349483258195826,0.013551639193628813,0.01472721069239108,-0.000377727434195254,0.0011755714987622661
2023-12-18,2.908587929288244,2.921057601169718,2.9055378302853705,2.9139162750053678,0.014924229499861379,0.015626731630497725,0.015658130497195426,0.016364517770644613,-0.0007377861401468878,0.0007063872734491862
2023-12-19,2.918152163071497,2.933262124958138,2.916511727031155,2.9325902211998955,0.015746043334292394,0.016169912546616868,0.01696228884283097,0.017211300964597612,-0.0010413884179807445,0.00024901212176664175
2023-12-20,2.9269019058469556,2.9382449974314166,2.887021520179776,2.8878521602769767,0.016676343802633248,0.015875475218027752,0.01486208991123487,0.013148995786529257,0.0027264794314984953,-0.001713094124705614
2023-12-21,2.9098362343456343,2.920275863875384,2.8949046210184304,2.9189934294020685,0.014465821649828946,0.012954987829178026,0.012509084652395145,0.010974001688134429,0.0019809861410435975,-0.0015350829642607165
2023-12-22,2.9262330018719633,2.937854558069124,2.9145511660675685,2.926385856180751,0.011962584488856278,0.010357414441505942,0.010422741035022167,0.008609415742808007,0.0017479986986979352,-0.0018133252922141602
2023-12-26,2.9312819009225195,2.9486861982275507,2.929372681813063,2.9423653782952566,0.00943964982772226,0.008091059074690312,0.00898265873552869,0.007142265987563951,0.0009487930871263615,-0.0018403927479647385
2023-12-27,2.9438950573138247,2.9501939638439754,2.9374450853864316,2.948169573850078,0.007355749870925785,0.005389231972905735,0.007261589415196229,0.005479652804682525,-9.042083177679058e-05,-0.0017819366105137034
2023-12-28,2.9501465800039943,2.9559928192169935,2.9454928535627376,2.9486569133468685,0.005289753434181876,0.004606411254382356,0.005930236651700615,0.005405417948647817,-0.0007990066942654608,-0.0005248187030527981
2023-12-29,2.9483735867361793,2.95079321837346,2.927326400661599,2.93856098667542,0.005595423365672478,0.004514560743542176,0.005158604734583689,0.0050183420754677886,-0.0005037813319256129,-0.00014026265911590025
2024-01-02,2.9191195569266033,2.935454168247389,2.9016448365609673,2.921451825599097,0.003210808200838379,0.0026764351915053363,0.0028816081676229315,0.0031342244513953106,-0.00045778925988997424,0.00025261628377237907
2024-01-03,2.90813194215589,2.912656658484287,2.892223276312945,2.895713579178929,0.0008023164973163472,2.135950907611586e-05,0.0008895364998737318,0.00044704868173378094,-0.00042568917265766506,-0.0004424878181399509
2024-01-04,2.891559055010952,2.9093622822730985,2.8857598932772777,2.887316382679813,-0.001867008166350876,-0.0018979448936998302,-0.0005621016840725801,-0.0012325875042875163,-0.0006653573894123139,-0.0006704858202149362
2024-01-05,2.887300284868619,2.9081742000238053,2.881308507815014,2.8917402123469444,-0.0038629724944414753,-0.00326016722173332,-0.0038498070014600467,-0.005104687484901291,0.001844520263167971,-0.0012548804834412444
2024-01-08,2.894211335598774,2.9333222646386594,2.8911426065750145,2.9318903204500684,-0.006139662204268243,-0.004084124657448333,-0.006006318241303699,-0.0047578248645199755,0.0006737002070716421,0.0012484933767837238
2024-01-09,2.914548984785922,2.932773332501268,2.909746472308096,2.9266138747097363,-0.006024515047624267,-0.0039242490909326385,-0.005792703323419575,-0.004362265875614302,0.00043801678468166367,0.0014304374478052726
2024-01-10,2.9277276951345605,2.9442091964222636,2.920818024660681,2.93860146391338,-0.004712311425126068,-0.002356899171887441,-0.00392884578800421,-0.002250300771348728,-0.00010659840053871272,0.0016785450166554817
2024-01-11,2.94226194650802,2.94711852069648,2.9099242351361805,2.9367595662028982,-0.0017233720799526436,-0.0004760744415744202,-0.0020173419017324237,0.000193766760022635,-0.0006698412015970553,0.0022111086617550586
2024-01-12,2.946054944597608,2.952510612457125,2.928509668659674,2.93764737840866,0.0019090215319466208,0.002122732841732535,0.001778016846062449,0.002857052834490425,-0.00073431999275789,0.0010790359884279759
2024-01-16,2.9274855279321805,2.93835533622655,2.9137762059846453,2.92672639135191,0.004459933900682019,0.0036450026593770357,0.0037644921018472844,0.004385035836108096,-0.0007400331767310601,0.0006205437342608113
2024-01-17,2.9053985984632127,2.9169584532929127,2.8907633893184768,2.909005817229691,0.004109024599611057,0.0031283286376536474,0.0029478633227923816,0.003949280969286357,-0.0008209523316327098,0.0010014176464939756
2024-01-18,2.920352611310505,2.938116459582876,2.908582216276777,2.9344781218912006,0.004007595723234456,0.0024700841863817746,0.002606962873321945,0.0033379021513770474,-0.0008678179649952728,0.0007309392780551023
2024-01-19,2.9455034914211278,2.97772894241006,2.936423705295479,2.9741813973984637,0.004025044568627861,0.003444291886166905,0.003155506713841289,0.00386247019801651,-0.0004181783118496051,0.0007069634841752213
2024-01-22,2.9852397809365354,2.9963848418356873,2.976622659586882,2.9828754873589114,0.005272137421613129,0.004528201827252017,0.004985854945277733,0.004103274041899456,0.00042492778535256105,-0.0008825809033782776
2024-01-23,2.9872301420535172,2.9940903556343823,2.9775986271475094,2.9923625504745868,0.005901386734893591,0.00609427571577886,0.006369721303150057,0.006433557929124872,-0.00033928221334601164,6.383662597481479e-05
2024-01-24,3.0122169725260166,3.0193661179228677,2.9921206169513748,2.994435811906283,0.008121896668790035,0.00826584915032762,0.00873800214680234,0.00779216902660832,0.0004736801237193002,-0.0009458331201940189
2024-01-25,3.0111101822444195,3.017230371929555,2.9921842994087378,3.009945657969445,0.009976762516749874,0.010033708756682063,0.010849385588685818,0.009973860253882342,5.9848502799721495e-05,-0.0008755253348034769
2024-01-26,3.005063499684545,3.014624052954003,2.9980935463623264,3.003657039928954,0.011460062594100434,0.01096825530377486,0.011691793202185519,0.01082496466120578,0.00014329064256908032,-0.0008668285409797385
2024-01-29,3.00535146394149,3.027257820441203,3.0000252597449,3.0265069477790107,0.01245070540445051,0.012133140349272837,0.012809876977802188,0.012170736689509704,-3.759634023686731e-05,-0.0006391402882924835
2024-01-30,3.02180246592135,3.030701682685768,3.012323489825703,3.022393247939113,0.012381968795474969,0.011636160580810835,0.012749686808761025,0.01148697359706191,0.00014918698374892514,-0.0012627132116991152
2024-01-31,3.007715779579006,3.015096863319082,2.9757400147154125,2.976257804878244,0.008929169900329232,0.007742200330599621,0.007965334051825418,0.005945761922392093,0.0017964384082075277,-0.002019572129433325
2024-02-01,2.986515737545642,3.0124734997930784,2.97655519584428,3.0112453639298034,0.0040767310099614155,0.003926124791923101,0.0033833478155397474,0.003195940595864903,0.0007301841960581984,-0.0001874072196748444
2024-02-02,3.013747579127954,3.0472604166985153,3.005070421312764,3.036126762743046,0.0015844133498201514,0.0037470521794741663,0.0013889218779635976,0.003519659486439963,0.00022739269303420325,0.0021307376084763654
2024-02-05,3.030956048938421,3.033819795732729,3.00670949351073,3.0228698955882707,0.0018526244021033443,0.0032357756664974156,0.0013317487582817154,0.0029490296163046186,0.000286746050192797,0.0016172808580229032
2024-02-06,3.0297202015861187,3.037522068518684,3.0155467954553625,3.0297486008353807,0.0016319797580974873,0.0023197185417943556,0.0014569858981204435,0.0029012920191250338,-0.0005815734773306782,0.0014443061210045903
2024-02-07,3.044268617975458,3.0562212495043393,3.0357893182047992,3.0509882187929844,0.0033556427724937246,0.003582222558155732,0.003194515498393977,0.003697132219796981,-0.00011490966164124901,0.0005026167214030042
2024-02-08,3.051402404670154,3.058386178906745,3.044664685315193,3.0556664108374725,0.005006130612682749,0.004373701698955089,0.004891083938168651,0.005096652549691783,-0.0007229508507366937,0.00020556861152313134
2024-02-09,3.059215719716914,3.0747514866559453,3.0523258249390817,3.071657527987551,0.0061912965280884755,0.005385221124950517,0.006763356628195215,0.006394983486672964,-0.0010097623617224471,-0.00036837314152225135
2024-02-12,3.072516198208545,3.09062253802485,3.064621472231505,3.074512790427693,0.007464750159775026,0.007375868049585101,0.008777720928443656,0.008548134861197827,-0.0011722668116127266,-0.00022958606724582907
2024-02-13,3.033468562644224,3.0481867863368333,3.0068626446546434,3.0288178384487257,0.0068909482348886155,0.006513371242891003,0.0076785013361094796,0.007352698651801802,-0.0008393274089107993,-0.0003258026843076774
2024-02-14,3.0464593531857935,3.0592586145760277,3.0314485195448504,3.0568453791668477,0.005945215229169423,0.005002530398724635,0.005547623187052802,0.004532467362250111,0.00047006303647452365,-0.0010151558248026908
2024-02-15,3.0635299262404088,3.083301141445233,3.0554929906192143,3.079971757595041,0.004047649180486354,0.004092915254697144,0.00410735244665033,0.004329359750538931,-0.00023644449584178662,0.00022200730388860068
2024-02-16,3.078343313851105,3.085737602616502,3.0581504226093856,3.0628171258562835,0.0038400368803618457,0.004776808917923705,0.003756225818459962,0.004016257678017911,0.000760551239905794,0.00026003185955794953
2024-02-20,3.0526826041162316,3.062319783614279,3.0325241017697233,3.048505640802522,0.002597002221782647,0.00282093546915249,0.0014731773964963798,0.0017152184514795882,0.0011057170176729018,0.00024204105498320844
2024-02-21,3.038017209844082,3.049924178953463,3.015565898927749,3.0493273303269146,0.00020829495908045794,9.03019169574309e-05,-0.0014586147873144465,-0.0003931573022754695,0.0004834592192329004,0.001065457485038977
2024-02-22,3.085461212604735,3.113847540368736,3.0802711085497787,3.107318704459054,0.001276767021303632,0.0019426806236114856,0.0004882380585553112,0.0018402894029987337,0.00010239122061275188,0.0013520513444434225
2024-02-23,3.1151282238318334,3.1240843770226685,3.101418809484711,3.1082604496379687,0.003939721298235791,0.003799260370162902,0.003641119788902428,0.0037541897311060357,4.507063905686637e-05,0.0001130699422036076
2024-02-26,3.1106455609334254,3.117294801416431,3.0992090298307007,3.100421647116244,0.0061066201879275365,0.005580178350370179,0.006496281947356486,0.005669089988633644,-8.89116382634652e-05,-0.0008271919587228421
2024-02-27,3.1071413087842763,3.109394244060904,3.0945798088209076,3.107215940369544,0.008345684602665191,0.007472550387166796,0.009350369689721324,0.007796282899881711,-0.000323732512714915,-0.0015540867898396135
2024-02-28,3.096811555015337,3.1076951473919565,3.0921874841258195,3.100136978842596,0.006998433888436514,0.0062156584805645,0.007860247136449346,0.006094618687524464,0.00012103979304003629,-0.0017656284489248816
2024-02-29,3.1156387351222996,3.1236672303463773,3.096431340384601,3.1145884819484504,0.006776379126799962,0.005846779514026923,0.007206425499413478,0.006185246566465963,-0.0003384670524390395,-0.0010211789329475154
2024-03-01,3.1205343049615455,3.149917492072216,3.1159194615297547,3.1464665375386947,0.00712085568807837,0.007731857635690007,0.0084308864711345,0.008856519642129392,-0.0011246620064393848,0.00042563317099489177
2024-03-04,3.144726865687679,3.154938061387361,3.138372261445511,3.1438196359562007,0.009081523478511834,0.00924574482078519,0.010324765681113762,0.009433776819271097,-0.00018803199848590677,-0.0008909888618426655
2024-03-05,3.1317029897885935,3.137313190673371,3.0963627288084776,3.1097849457780353,0.007816434942590619,0.007398294048352604,0.007246408523566744,0.006218648739475239,0.0011796453088773647,-0.0010277597840915049
2024-03-06,3.1328060687238746,3.1453684294630726,3.1184416135467745,3.1290337509062907,0.004675998540482501,0.004254835298466412,0.003468005773931532,0.003365455332234463,0.0008893799662319495,-0.00010255044169706897
2024-03-07,3.1490494638808184,3.1677924157104487,3.1423519119468124,3.1605570691976115,0.004435543162738587,0.005439160492672137,0.004060503401293987,0.005131668827518952,0.00030749166515318515,0.0010711654262249648
2024-03-08,3.164463147257315,3.1790699140283984,3.133938349430759,3.1378635732179094,0.006242868217324258,0.00726720045882563,0.0048514315792364945,0.005077524769310275,0.002189675689515355,0.00022609319007378063
2024-03-11,3.129846379513496,3.140873240778723,3.1180094072544375,3.136400354447569,0.005265162675377678,0.005892655789056991,0.004232013480372309,0.004062156203029386,0.001830499586027605,-0.00016985727734292362
2024-03-12,3.1484306239330144,3.168275000448994,3.1307156169181307,3.164491433712953,0.004834789187824346,0.005200249467149309,0.0037691632664659455,0.00459587566409459,0.0006043738030547191,0.0008267123976286447
2024-03-13,3.163674187869673,3.1687355335029683,3.1479379864824915,3.1569627955532793,0.004046756025568706,0.0037059838807032386,0.0036482169206737106,0.0035527629620063887,0.00015322091869684985,-9.545395866732186e-05
2024-03-14,3.1623803817522482,3.1651989654814714,3.12525616932576,3.143833114039247,0.00363284080519848,0.0023437366462761523,0.0018972406338067338,0.002068121575777221,0.00027561507049893123,0.00017088094197048728
2024-03-15,3.1248129020639412,3.142969847451762,3.1112288200252185,3.124689568400132,0.0009295962380224636,0.0010155945418287926,0.00033095241366401095,0.0013100101080878097,-0.000294415566259017,0.0009790576944237986
2024-03-18,3.1483706887202842,3.1586615800422426,3.1375827092859083,3.1422141399667467,0.0010722974507843975,0.0009622836193319004,0.001755858650664314,0.0015952875189997652,-0.0006330038996678648,-0.00016057113166454882
2024-03-19,3.134961730236029,3.158298908363192,3.127995572737032,3.156431664863846,-0.0004288250171412161,-0.0003309343351353382,-0.00013323501311143945,0.00040654750017222975,-0.000737481835307568,0.0005397825132836692
2024-03-20,3.1586545977027307,3.190004201882035,3.1515648763489263,3.1877912951978087,-0.0006035705481363139,0.00038787094055901377,0.0003517669399080038,0.0016461716707074179,-0.0012583007301484042,0.0012944047307994141
2024-03-21,3.2118951000941167,3.221634900945193,3.200310949279457,3.2061527368644382,0.0028952888317240063,0.0037858798250511375,0.00468817139699343,0.005276670917734479,-0.001490791092683342,0.0005884995207410494
2024-03-22,3.2061374661972164,3.2133660419799353,3.193799188115396,3.1992276719759944,0.00634590905790409,0.006832057075244104,0.007405950927906599,0.006463864861086569,0.0003681922141575353,-0.0009420860668200304
2024-03-25,3.190516676494788,3.201757735959767,3.18482274783594,3.191163754312487,0.006131558433274063,0.00628289847191577,0.007846591041705125,0.006369853574369089,-8.695510245331894e-05,-0.0014767374673360367
2024-03-26,3.200335658193418,3.203854021735959,3.1833773733389625,3.1851864882015692,0.0069563407173700385,0.0069368728261427065,0.008245614517108648,0.007158749422143282,-0.00022187659600057547,-0.0010868650949653657
2024-03-27,3.2053831741477197,3.217931631195895,3.1896843976345837,3.213364491566717,0.008443527718866944,0.00795815812678911,0.009498491150250926,0.00873186891569133,-0.00077371078890222,-0.0007666222345595955
2024-03-28,3.2148137766423273,3.2249619024301617,3.2110532459210974,3.2153243487169347,0.009853294008871135,0.008530825230381442,0.009898803077638005,0.008852920686031662,-0.00032209545565022035,-0.0010458823916063426
2024-04-01,3.2206999910280096,3.227946950330966,3.202392522785597,3.2125755784988854,0.008444071590509306,0.0070599726908407824,0.007851590740078825,0.006681242739110882,0.00037872995172990014,-0.0011703480009679426
2024-04-02,3.185461938603309,3.1903693346995126,3.171017148397762,3.186546134911613,0.005521024950749478,0.003555522042535252,0.004744905716800339,0.003192796760370724,0.0003627252821645278,-0.0015521089564296152
2024-04-03,3.177768626869599,3.201049921464767,3.1757854508893715,3.1907759374387235,0.0008348216522245131,0.000225134322127864,0.0008539015551166214,0.00034554476176606536,-0.00012041043963820135,-0.000508356793350556
2024-04-04,3.2154746265410523,3.2204414465051743,3.1474031958014312,3.1509033244127997,-0.0007340377316964518,-0.00045204171423231135,-0.0035932099542355946,-0.003002229229017263,0.0025501875147849514,0.0005909807252183316
2024-04-05,3.1566179301551758,3.194422639343601,3.1528307517405514,3.180792179137377,-0.00265262316921915,-0.0008086484415361289,-0.004444090149752014,-0.00304847902329065,0.0022398305817545212,0.0013956111264613641
2024-04-08,3.1859507355657004,3.19220296029725,3.176294885747195,3.1826160963670898,-0.0026850533600345752,-0.0015077402405478824,-0.0038737083553718557,-0.003149512716057049,0.0016417724755091664,0.0007241956393148068
2024-04-09,3.1947035034840994,3.197340221236149,3.158884346580005,3.189040203365691,-0.0030367581823535833,-0.0024439826723256335,-0.004639248323672454,-0.003236382651813518,0.0007923999794878845,0.0014028656718589358
2024-04-10,3.152639449675979,3.1665464057084294,3.1405619424362237,3.1544868439557665,-0.005079016577804574,-0.004866589751158715,-0.006186145590451324,-0.005580725678574974,0.0007141359274162587,0.0006054199118763499
2024-04-11,3.164619978092205,3.1875506292723994,3.14143564634915,3.17715187116384,-0.00555315468066021,-0.004752791083385206,-0.006745943073753534,-0.004438144036361325,-0.0003146470470238808,0.0023077990373922084
2024-04-12,3.1558500182261415,3.161689310023416,3.1196607218030925,3.129625159024872,-0.005382848051654388,-0.005212670511471876,-0.006484040479431507,-0.005318330514102614,0.00010566000263073812,0.0011657099653288924
2024-04-15,3.1573621065462487,3.160531026430603,3.086645301032679,3.093992600019652,-0.004022937362310128,-0.004769785337212949,-0.007492572389280472,-0.007286584410397822,0.002516799073184873,0.00020598797888264977
2024-04-16,3.095905129428891,3.105881432025077,3.0786592679348095,3.0869482545223152,-0.007596696986689544,-0.008995798792014587,-0.009625401103015355,-0.00993700213686006,0.0009412033448454732,-0.0003116010338447047
2024-04-17,3.101392749333049,3.1050159047653367,3.0585512780030997,3.0666665799840165,-0.010298482257035935,-0.011532887916943464,-0.011417652974639812,-0.01220445914979428,0.000671571232850816,-0.0007868061751544683
2024-04-18,3.074491673824304,3.088685396681925,3.0545043378784027,3.060329807551113,-0.01102809739477395,-0.01250391500494728,-0.013901777096670764,-0.015971376649224735,0.003467461644277456,-0.0020695995525539714
2024-04-19,3.0588674041881183,3.0705057487592367,3.0260545131879932,3.038782212767036,-0.014824840905462369,-0.014604103368314744,-0.016449826012867208,-0.017823166375097423,0.0032190630067826798,-0.0013733403622302152
2024-04-22,3.0542169008045748,3.082696122123,3.0368256022929385,3.0661512179880783,-0.015734873016162946,-0.014685317962392879,-0.01530940369801696,-0.016339173863049485,0.0016538559006566058,-0.0010297701650325251
2024-04-23,3.0777257935231317,3.107584600386936,3.0709829699280142,3.1004662472048916,-0.0131823102717626,-0.011739139519793376,-0.0117760180814388,-0.011143483189220007,-0.000595656330573369,0.0006325348922187925
2024-04-24,3.1082881484078704,3.1172887239053524,3.0878789511248352,3.104929887048039,-0.01034906860617887,-0.009228619364713515,-0.007477055867928673,-0.006934254834173825,-0.0022943645305396904,0.0005428010337548486
2024-04-25,3.0693547832240173,3.0992564770255924,3.057980860621406,3.0934084991064297,-0.008303171616594973,-0.005704331931500417,-0.004112069950575492,-0.001241773620765332,-0.0044625583107350845,0.0028702963298101597
2024-04-26,3.10387649899067,3.1278654168646125,3.0990641312143388,3.118391178411652,-0.0038042063051350015,-0.0012734126721904966,0.0010537331594155715,0.00366002289163208,-0.004933435563822577,0.0026062897322165083
2024-04-29,3.128896247984818,3.1356047511461655,3.1137252739478614,3.1306805276530842,0.0027902605271701406,0.00391241977094149,0.0050678625561015635,0.006992813072768338,-0.003080393301826848,0.0019249505166667744
2024-04-30,3.1199477927773467,3.1255104260595523,3.079855139145315,3.0804011933911086,0.005144538704715777,0.0052064830403072545,0.006373885752000604,0.006668768926054003,-0.0014622858857467483,0.00029488317405339855
2024-05-01,3.074121428864254,3.116100505935988,3.0622514381945165,3.067395701219877,0.005073612136994727,0.005691648921562879,0.005364679007129912,0.004362580978127811,0.0013290679434350677,-0.001002098029002101
2024-05-02,3.0915778255396598,3.102314289268056,3.061736519686522,3.0964842110426383,0.004492009086970911,0.004201780007241407,0.0040127393633110344,0.003211749691845194,0.0009900303153962129,-0.0008009896714658406
2024-05-03,3.1340926926508574,3.1435471853284875,3.1168526549443456,3.135420504420061,0.004980675943444217,0.0035838029245687255,0.0036828165807628794,0.002309974713374137,0.0012738282111945886,-0.0013728418673887425
2024-05-06,3.150022822418897,3.165452353365362,3.1453418296922986,3.1650943130420988,0.005116403731844174,0.004087994000652201,0.0045243378550224225,0.0036799982301985645,0.0004079957704536362,-0.000844339624823858
2024-05-07,3.170211885594368,3.1785914065206544,3.165232002657765,3.169657852887746,0.006759328764212155,0.005964986754409624,0.007412587286108099,0.006387300473615306,-0.00042231371920568167,-0.001025286812492793
2024-05-08,3.156629083034363,3.175888036685507,3.155535291971797,3.1699352469975883,0.008577820442335326,0.007480775980402315,0.009755911453750231,0.008568623164895624,-0.001087847184493309,-0.0011872882888546068
2024-05-09,3.170592077139708,3.189205046058319,3.1646533935088197,3.1875216299580806,0.00797642157908114,0.007810503043471584,0.009783303722007865,0.010153166822161584,-0.0023426637786899997,0.00036986310015371844
2024-05-10,3.1974477949670335,3.2049121078810257,3.1862948186886655,3.1939683194419715,0.00991420905551016,0.009813955903923461,0.012437021671271843,0.012614094818877007,-0.002800138914953546,0.00017707314760516402
2024-05-13,3.2058516156319508,3.2092141243286334,3.189473551481899,3.196125898743221,0.012844172489315884,0.011634120540694896,0.015184192894833973,0.015095912350782502,-0.003461791810087605,-8.828054405147188e-05
2024-05-14,3.1971464245122396,3.2157170768620182,3.193617871936407,3.212520736556819,0.013769951300977057,0.012243801847058951,0.01498124803472633,0.014326760920629678,-0.0020829590735707264,-0.0006544871140966527
2024-05-15,3.228722087128417,3.2535511516508206,3.22251681723189,3.25190859038163,0.012427207064346054,0.013196418002726541,0.01380208700260887,0.013237556061436433,-4.113805870989244e-05,-0.0005645309411724374
2024-05-16,3.2516691513479654,3.2616205581333184,3.2447638254780506,3.2458217148595914,0.011625933281515498,0.012004034058791474,0.011859460592023297,0.011519053929688756,0.00048498012910271754,-0.0003404066623345411
2024-05-17,3.24818873699949,3.252116062591597,3.236183077587992,3.249742455202809,0.01152864227123213,0.011111097745515363,0.01090468960714969,0.010800011692527173,0.00031108605298819057,-0.00010467791462251755
2024-05-20,3.250647453045546,3.26427603028402,3.243706423921683,3.2537426419379463,0.011244489340740692,0.011025790542004152,0.010813131918902805,0.010891694751687723,0.00013409579031642936,7.856283278491819e-05
2024-05-21,3.2467657944835695,3.2602627018990793,3.2449364347521055,3.258846318650303,0.010874854632183194,0.010399648643986488,0.01092237914965692,0.010491470967949109,-9.18223239626207e-05,-0.00043090818170781094
2024-05-22,3.2557014418535206,3.261091038020286,3.2371305083018727,3.250778367031383,0.009159172532056612,0.008648508965043917,0.008993286866553906,0.008588597724288488,5.991124075542878e-05,-0.00040468914226541794
2024-05-23,3.2707083958619223,3.2710356405100387,3.2147624410672413,3.222999778747569,0.007992040756754847,0.007294839121490104,0.005462958699423113,0.005363037680285433,0.0019318014412046704,-9.99210191376795e-05
2024-05-24,3.2347861214861626,3.251356427370652,3.2259203143766393,3.244116041203179,0.0054423622497822574,0.0049230091136445095,0.00337662108772288,0.0032890149020054996,0.0016339942116390099,-8.760618571738033e-05
2024-05-28,3.249120636608795,3.250436436275957,3.2245586949791827,3.2405086246292747,0.0037822353208673866,0.0022248374215090645,0.000947619807977251,0.0005542113941873279,0.0016706260273217366,-0.00039340841378992305
2024-05-29,3.2137364096695302,3.2233084038616497,3.2077654721126447,3.212727418601845,-0.0009127594063741155,-0.002019179347936545,-0.0025463618826400245,-0.003140913871627189,0.0011217345236906443,-0.0005945519889871648
2024-05-30,3.208693467720255,3.2161207156240654,3.1890418688889377,3.200615733423457,-0.003978870249252633,-0.004224996271689398,-0.00530652073153321,-0.004873324826063654,0.0006483285543742558,0.00043319590546955604
2024-05-31,3.2052946617220694,3.2287793486328793,3.1717540885177287,3.2233885884477984,-0.005457795084569415,-0.004748679617016126,-0.007120758586167053,-0.005147640153875923,0.0003989605368597965,0.0019731184322911302
2024-06-03,3.238927648856777,3.241342932008366,3.192863587528319,3.2234351612795336,-0.004772105946365393,-0.004822634365850002,-0.007470652572768704,-0.004886115772084568,6.348140623456573e-05,0.0025845368006841363
2024-06-04,3.2164897041395024,3.230751882582892,3.204578598257353,3.2245909571891813,-0.005034134684909453,-0.004533034805872676,-0.006154904823908201,-0.003975992571384793,-0.0005570422344878829,0.0021789122525234083
2024-06-05,3.241429470254217,3.264895788385967,3.221583776709732,3.2645868846431916,-0.0037805564618609154,-0.002242242304103928,-0.003355324489988815,-0.0001906744590513923,-0.0020515678450525356,0.0031646500309374225
2024-06-06,3.2644416070846347,3.270291557345576,3.2524169173525976,3.2622348084115487,-0.0006113782327400956,0.0003419286521859283,0.0008887309404031603,0.002858902526744525,-0.002516973874558597,0.001970171586341365
2024-06-07,3.2565739483181604,3.27651282645044,3.2485580954052056,3.257515787341524,0.003023177176574187,0.0038168936125998645,0.0032458108846804474,0.0036603065215555443,0.00015658709104432022,0.0004144956368750969
2024-06-10,3.2507703864405557,3.2709868336797085,3.2472246157324482,3.269433226951454,0.004117683010468624,0.0056121031102826634,0.0058643694997009685,0.006101127645537291,-0.0004890245352546273,0.0002367581458363223
2024-06-11,3.2583949041313667,3.274743809998995,3.24216423965712,3.272240976898307,0.006389957302893174,0.00731296153047344,0.007857899019196682,0.008147729349592866,-0.0008347678191194261,0.00028983033039618397
2024-06-12,3.3045427176059303,3.31986195275249,3.2866773983577007,3.298444582626778,0.008708021231039038,0.00937163922810666,0.010946470280616226,0.009386903664051125,-1.52644359444655e-05,-0.0015595666165651011
2024-06-13,3.3138491896931948,3.316756026324645,3.2893009552577,3.3075640379862032,0.010096832259006445,0.009611377493947665,0.011973396233848521,0.009277061210162092,0.0003343162837855726,-0.002696335023686429
2024-06-14,3.298111608896437,3.309855630603386,3.2882177284241356,3.309403180864939,0.009126027910629952,0.009098817457997547,0.01057345674269959,0.009489382889914789,-0.00039056543191724226,-0.0010840738527848007
2024-06-17,3.308667356169565,3.347766459374534,3.3014994682726306,3.3399625363695997,0.009848136832503181,0.010508950222833307,0.009893595239066617,0.01032908224152658,0.00017986798130672707,0.0004354870024599628
2024-06-18,3.3417042158395662,3.3521604118804826,3.33618039329056,3.347229625505482,0.010031063515069815,0.010162701012765953,0.010569622715385864,0.010229768302525852,-6.706728975989888e-05,-0.00033985441286001235
2024-06-20,3.351154966027926,3.35823859677717,3.324757006615049,3.3377026461943204,0.0108743850797999,0.010952631010630898,0.010161061663403022,0.010790666797228498,0.00016196421340240047,0.0006296051338254751
2024-06-21,3.3369159751744157,3.341624219016751,3.320099232329498,3.330433917025693,0.011145170862139597,0.010064612171705086,0.010303398300456134,0.009912032418185824,0.00015257975351926252,-0.00039136588227031005
2024-06-24,3.3304173348020507,3.350005313589595,3.316397244038844,3.3228273082327653,0.009658497578042538,0.009183856896214121,0.009166161810291057,0.007477234838325532,0.0017066220578885885,-0.0016889269719655249
2024-06-25,3.3285372110272653,3.3385072079649767,3.3115177557964928,3.330371127326537,0.006787296611554565,0.006416714679038786,0.006851580060436469,0.005456759475257295,0.000959955203781491,-0.001394820585179174
2024-06-26,3.3228537996129908,3.3335426672309816,3.3161202601442596,3.329161226718897,0.0031717643886849597,0.002810815639655317,0.0036713748086013003,0.002818831646713069,-8.016007057751965e-06,-0.0008525431618882314
2024-06-27,3.3281099025220136,3.3389952467564417,3.319370910397611,3.333336259137023,0.0021381296411981244,0.0017974927915058792,0.0027395850538101726,0.0014655974856544914,0.00033189530585138786,-0.0012739875681556812
2024-06-28,3.3430712060495953,3.363615565034677,3.3183515421317007,3.3269949154947245,0.002255334620232367,0.0016881159178407934,0.0015308121925158985,-4.8493868419226386e-05,0.0017366097862600198,-0.001579306060935125
2024-07-01,3.336763999497289,3.3466399529341024,3.311100553177425,3.3312085227429025,0.0006251318389763308,-0.0003752242240611561,-0.0004978126051765033,-0.0014456683625980711,0.001070444138536915,-0.0009478557574215678
2024-07-02,3.3253161054128357,3.3537480738841254,3.322162386589263,3.3534808810191308,-0.0013942988692940703,3.0669333257503415e-05,-0.0013149829208482487,0.00014499624189820374,-0.00011432690864070032,0.0014599791627464525
2024-07-03,3.3536740715890367,3.3725155806836673,3.3509086142652795,3.3682468294231405,0.0001337228677038883,0.0016806708284072482,0.0014974248704382263,0.0028616900999201217,-0.0011810192715128735,0.0013642652294818954
2024-07-05,3.372367655473997,3.389114813070196,3.361604386977903,3.384822693918598,0.0031663554867482516,0.00439456800680516,0.003953155443746221,0.005592636080372477,-0.0011980680735673164,0.0016394806366262556
2024-07-08,3.3893524725744495,3.3984616548374946,3.3816696511166735,3.3906597937846215,0.005919043109570307,0.006136410566748697,0.006746201770885549,0.007586235288041524,-0.0014498247212928273,0.0008400335171559747
2024-07-09,3.3953130544747494,3.404666291117679,3.384418665168543,3.391517212818396,0.007928016782129432,0.00808648885506471,0.008696086993147785,0.008389484926400941,-0.0003029960713362319,-0.00030660206674684373
2024-07-10,3.400966387515954,3.427106557303111,3.394704615971064,3.4248146983754753,0.009333397706220702,0.009831483984240824,0.010057222786909566,0.010679277418541798,-0.0008477934343009731,0.0006220546316322313
2024-07-11,3.4300916618894655,3.440525372659059,3.391292401027394,3.4037289174836243,0.011070606453507163,0.010903513607073397,0.01053074581087295,0.010593505808812511,0.0003100077982608855,6.275999793956162e-05
2024-07-12,3.410196664192935,3.4486080791255587,3.408138513714252,3.4243457107820654,0.01077318749277863,0.011483163363981155,0.011228680260304923,0.011006771258209902,0.0004763921057712537,-0.00022190900209502137
2024-07-15,3.436534777811266,3.458682947180696,3.426035060506575,3.4366575220534927,0.01191482209584729,0.012925065537971292,0.011758861155631517,0.010565688938440487,0.002359376599530805,-0.00119317221719103
2024-07-16,3.4462398954635005,3.4682767210362058,3.434241005512589,3.46261315348183,0.012032454536924425,0.012606225089544627,0.010947985019487474,0.010492031766958693,0.002114193322585934,-0.00045595325252878113
2024-07-17,3.427503243655318,3.4445106954340954,3.4070199615650507,3.4151098150773707,0.009037914292334581,0.009990545634009192,0.007897168685355815,0.007719323891964909,0.002271221742044283,-0.00017784479339090584
2024-07-18,3.4246417810198233,3.4372866793796213,3.3763884304615934,3.390595242514632,0.006539193367343497,0.00713184307062378,0.004063380075790773,0.0038468366912922185,0.0032850063793315614,-0.00021654338449855455
2024-07-19,3.390141727015997,3.401368648868743,3.3587550042668655,3.3653723668178146,0.0025446755807678866,0.00263548647246261,-0.00032802652350955806,-0.0005672759518308341,0.003202762424293444,-0.00023924942832127604
2024-07-22,3.3895866702234847,3.403033307535056,3.3714833145075147,3.3991829088601255,-0.0005632401822418659,-0.001295479120607594,-0.0026529394069650714,-0.0025122756791440444,0.0012167965585364504,0.00014066372782102704
2024-07-23,3.3947486852687954,3.409725336734132,3.3874875438401446,3.3902489938830396,-0.0029950581209302572,-0.004503196492595423,-0.003798155976586937,-0.004990729076598226,0.0004875325840028033,-0.0011925731000112893
2024-07-24,3.3625832081653146,3.368531997524713,3.3126800123503997,3.3172296342473357,-0.006797626920625731,-0.008523127295358562,-0.008375251830591703,-0.009216851914796355,0.0006937246194377925,-0.0008416000842046516
2024-07-25,3.318770353156298,3.3586551997132776,3.2913738389155327,3.3047404844981267,-0.010583052194692372,-0.01147721016982289,-0.013347745975825826,-0.014225858445703347,0.0027486482758804567,-0.0008781124698775209
2024-07-26,3.3304012269612686,3.3597708306621668,3.320815200389508,3.3431747950781707,-0.013711050153309123,-0.012839227616632292,-0.014380139411696663,-0.014564135355554321,0.001724907738922029,-0.000183995943857658
2024-07-29,3.355277099173937,3.3621397295538356,3.3297583811850906,3.343826671750241,-0.012759090692659257,-0.012323559393391298,-0.012673155462565793,-0.013062178050604542,0.0007386186572132438,-0.0003890225880387489
2024-07-30,3.3535935048002825,3.3628924953478303,3.30789903164505,3.3266221229448005,-0.010267014249667902,-0.009957025474330425,-0.010444446617381836,-0.009643052824022957,-0.0003139726503074685,0.0008013937933588795
2024-07-31,3.3727175538101397,3.4009967437536552,3.3614221322331965,3.3820996249121786,-0.006857931427736294,-0.0058190951588697895,-0.005579614320043495,-0.004716395134826774,-0.0011027000240430157,0.0008632191852167214
2024-08-01,3.3870758556674345,3.4054759944498487,3.304753690873626,3.325112188362838,-0.0021923637123769935,-0.0013910013099097196,-0.0052951890270109435,-0.004132324395956679,0.002741323086046959,0.0011628646310542648
2024-08-02,3.2812289229474847,3.2917170422495965,3.230361352205264,3.25956871015259,-0.005144924104998661,-0.005176892524964117,-0.00937578953386526,-0.008011143525290457,0.00283425100032634,0.001364646008574803
2024-08-05,3.130161314344705,3.2097147707133584,3.1207601183497493,3.1705629661350243,-0.015054384461290798,-0.011995547287039166,-0.01702979845241222,-0.013208316717425568,0.0012127694303864026,0.003821481734986653
2024-08-06,3.1841638906827097,3.245947580029615,3.170317436307463,3.2001081601850005,-0.018529565640019192,-0.014048476723783648,-0.017874663270390202,-0.01461837738136648,0.0005699006575828319,0.003256285889023722
2024-08-07,3.23997424880808,3.2570942963697966,3.1715413903603125,3.1742582325328934,-0.01855236764200688,-0.016254441135273235,-0.021007570784405665,-0.020001654029947566,0.003747212894674331,0.0010059167544580992
2024-08-08,3.204994256730814,3.2542060169147065,3.1905928623520294,3.2495019593135086,-0.021917857008116413,-0.017925641235925053,-0.022810947485559972,-0.020380350695418815,0.002454709459493762,0.0024305967901411575
2024-08-09,3.2454381523607996,3.2716641576326895,3.2326253251714525,3.261728949734036,-0.020922819917404665,-0.017304153018414627,-0.019137299370256437,-0.01686027535765087,-0.000443877660763755,0.002277024012605565
2024-08-12,3.268480306854445,3.2777224217531313,3.245412682170106,3.2589756346391394,-0.015982691105583223,-0.015126327764835789,-0.013100978817526227,-0.012459700030628537,-0.002666627734207252,0.0006412787868976897
2024-08-13,3.280220320904283,3.316442438425001,3.27551033196291,3.3144280530948667,-0.00946235518480828,-0.009763077121061932,-0.005857886136161114,-0.00515291983412801,-0.004610157286933921,0.0007049663020331038
2024-08-14,3.3201886288291194,3.3356109467866744,3.301364336410563,3.3245688518740972,0.0014023787858088133,-0.0002509572556832713,0.0067562219746753055,0.006553301879670105,-0.006804259135353376,-0.00020292009500520042
2024-08-15,3.3625606210978085,3.3882299243645853,3.3559802521970825,3.3846852314142915,0.016172246700731883,0.013222460487230468,0.019299457229564266,0.01843677910798437,-0.0052143186207539004,-0.0008626781215798976
2024-08-16,3.3782805861891734,3.397728529777053,3.3722207704931253,3.3922252252333016,0.02504025943409185,0.019839097106992474,0.02714812167636527,0.02563986602087714,-0.005800768913884667,-0.001508255655488129
2024-08-19,3.3952029880713477,3.425807846087175,3.388344074411653,3.4251619179351978,0.02358375456639494,0.02123552696819425,0.026849982040016974,0.02709782578202701,-0.00586229881383276,0.0002478437420100378
2024-08-20,3.4221869033172636,3.431412471223911,3.4083893222231536,3.4166430740238423,0.02398664502886778,0.022733874271588853,0.027705598862544728,0.026974753032553807,-0.004240878760964954,-0.0007308458299909205
2024-08-21,3.425242158125226,3.439232267079535,3.41364875743211,3.4320052021557026,0.0253917488694111,0.02315381102985631,0.026043971076772924,0.02334162041238897,-0.00018780938253265891,-0.0027023506643839533
2024-08-22,3.4432990096579403,3.44838909755868,3.394713424993463,3.402089306292435,0.02320410078456175,0.02167292632683187,0.021684970356561525,0.019968754413871054,0.0017041719129608154,-0.001716215942690471
2024-08-23,3.4247903192887925,3.4495899601233293,3.411612995884428,3.441323750638047,0.019814605019429114,0.01906768495527234,0.01857573996210451,0.017701538110980138,0.0013661468442922008,-0.0008742018511243739
2024-08-26,3.4452126301729287,3.4533023442026853,3.4191788486140746,3.428728894783197,0.016901231457516704,0.014912145141638775,0.014562135386593296,0.012386868653267793,0.0025252764883709825,-0.002175266733325503
2024-08-27,3.420599011959477,3.4376751567818773,3.411914621107163,3.433708169591742,0.011285754525847862,0.010357306247424527,0.010052553643025732,0.008983008625869343,0.001374297621555184,-0.001069545017156389
2024-08-28,3.4297952704964945,3.4379335167979677,3.392195851600777,3.4125437519058592,0.007134885666275792,0.005624972779934322,0.004537617627204846,0.003654959473651735,0.0019700133062825866,-0.0008826581535531109
2024-08-29,3.4244734505370684,3.449360531842117,3.4033873641202543,3.4156456782348874,0.004189969849043093,0.0037835893047579176,0.0021732007383329453,0.001437502514403011,0.0023460867903549064,-0.0007356982239299342
2024-08-30,3.4336094261000603,3.4544209562858144,3.410988475383395,3.4514357861097196,0.002040919105709909,0.0021104922815533933,0.0007314594784210021,0.001299621368738586,0.0008108709128148072,0.000568161890317584
2024-09-03,3.432691247567908,3.4363573898233684,3.364281812807012,3.379184989925173,0.0002992934174844488,0.0006368833082385746,-0.002652942568546597,-0.0013011365508221924,0.001938019859060767,0.0013518060177244047
2024-09-04,3.3646043099664067,3.396174625226003,3.3595424775962233,3.3730433496436456,-0.003811640693174699,-0.0027827444065585244,-0.004667840177703946,-0.00424751986152604,0.0014647754549675152,0.000420320316177906
2024-09-05,3.371027042931894,3.392432482675441,3.3455298117954206,3.36229143415931,-0.006670589432447872,-0.005458043858006418,-0.00650435303325427,-0.0062277479064611705,0.0007697040484547528,0.00027660512679309954
2024-09-06,3.35979369369103,3.3698913417483856,3.2947360353102115,3.2993080821210414,-0.00828132329851651,-0.00818513460802834,-0.011548106821644727,-0.012792809205017977,0.004607674596989637,-0.0012447023833732501
2024-09-09,3.3236786949310266,3.346830625897503,3.3103459570812204,3.3368133564217155,-0.012083693231050832,-0.011138537132754579,-0.013401925124543069,-0.013450665625692453,0.0023121284929378746,-4.8740501149384385e-05
2024-09-10,3.3477983640819255,3.3573266882583037,3.317654094856106,3.3527509626385155,-0.011983362007226854,-0.012026367205530656,-0.013125248290432325,-0.012812062470727466,0.0007856952651968101,0.00031318581970485836
2024-09-11,3.352243509106226,3.39144454997636,3.2938654511977203,3.3867939421818956,-0.012100697225507452,-0.01093169421332261,-0.01339981259562803,-0.009063673236527436,-0.001868020976795174,0.004336139359100594
2024-09-12,3.3901913867143656,3.4173146390952227,3.3744968462361022,3.414114883435354,-0.00870651275841261,-0.007848330458340056,-0.009159986412374777,-0.00466735472016919,-0.0031809757381708655,0.004492631692205587
2024-09-13,3.4194075916570825,3.441614374791523,3.4168267912494157,3.4353114493339985,-0.0035934580337721716,-0.002427799781188797,-0.001650619904494735,0.0010728911879958557,-0.0035006909691846525,0.0027235110924905908
2024-09-16,3.4333239448910984,3.4439919202225013,3.4208755203873293,3.4415940482324037,0.002949139891225993,0.003553669634511934,0.006423424978400141,0.009303458517437135,-0.005749788882925201,0.0028800335390369945
2024-09-17,3.4553102739403547,3.465933324199006,3.4285721747258604,3.442933869451087,0.010633240604148747,0.009654117697656677,0.01168366689583258,0.01290968105107702,-0.003255563353420343,0.0012260141552444398
2024-09-18,3.447648178686531,3.47913497307645,3.4288336199205913,3.432514198548485,0.013086109658611969,0.013437308552163255,0.015862936665363234,0.014765401522462071,-0.0013280929702988165,-0.0010975351429011633
2024-09-19,3.491665656297892,3.5054914609366556,3.4726693958509793,3.490869675815085,0.017361521886907663,0.017403069873244213,0.020659178404081324,0.01836649488634427,-0.0009634250131000562,-0.002292683517737055
2024-09-20,3.4841790238524215,3.491032962111199,3.463355497827326,3.485125948882976,0.019017396173441364,0.017707031217663663,0.02002005170848852,0.015896879776762934,0.0018101514409007285,-0.004123171931725584
2024-09-23,3.494163206607215,3.5008918228885992,3.4856894460040007,3.4951908210246887,0.017302494690946687,0.015542984270636252,0.01959592954645293,0.014224271534205586,0.0013187127364306661,-0.005371658012247343
2024-09-24,3.5022389873696085,3.5092078521044803,3.4819892531493104,3.504296577282312,0.015569589354931133,0.012664867959545481,0.017331812244938374,0.012191121143148001,0.0004737468163974797,-0.005140691101790372
2024-09-25,3.5040826151273796,3.514088590782217,3.4877028672401575,3.4945648030368983,0.012361580979593645,0.010486514068490441,0.01180149573123577,0.010059762130762338,0.000426751937728103,-0.001741733600473432
2024-09-26,3.5265711854924353,3.531403135182301,3.4982660571586113,3.5150642478761993,0.011069606391727235,0.009490668045899233,0.009873235112099287,0.00956163727372058,-7.096922782134744e-05,-0.000311597838378707
2024-09-27,3.525119507757629,3.53273918562093,3.5046050450736765,3.511137955040706,0.009993107908106216,0.008804789019870505,0.009612500944702302,0.009038826722642208,-0.00023403770277170312,-0.000573674222060094
2024-09-30,3.5068861103480993,3.5258690938951887,3.4885525680144855,3.5230626471438176,0.007568460798347711,0.0067981375850555605,0.007682113561158709,0.008666184689121703,-0.0018680471040661423,0.000984071127962994
2024-10-01,3.520367719367897,3.52298535070559,3.47240540807536,3.4931920841373327,0.006453266838928587,0.005104500742299952,0.004563754438326621,0.005766062464839544,-0.0006615617225395921,0.001202308026512923
2024-10-02,3.4892463476318754,3.503761569358375,3.471538200082849,3.4942506726574174,0.0023411620657437576,0.0025508642178096595,0.0008842108216184407,0.001619846224676463,0.0009310179931331965,0.0007356354030580224
2024-10-03,3.482635706783433,3.4998233403833585,3.4708545145364873,3.4857964787574875,0.0002987551604274007,0.0012410101970967325,-0.0004278709466503738,0.0001545363882428588,0.0010864738088538738,0.0005824073348932326
2024-10-04,3.515503674153748,3.522207360574425,3.488993453077278,3.519967695100983,-0.0003405084208793623,0.0002569073021181475,-0.0013494840407621282,0.0002316892484968782,2.521805362126932e-05,0.0015811732892590065
2024-10-07,3.5099127890105817,3.514022622705465,3.4788348007238037,3.487876734020072,-0.000998809920903858,-0.0008942499516221637,-0.0016470386605572348,-0.001192906670675619,0.00029865671905345535,0.0004541319898816157
2024-10-08,3.4998449104773615,3.521061843352556,3.492271935373585,3.5162920698554405,-0.001858787076803416,-0.0012662089776971713,-0.0013752515772806303,-0.0003718691634153507,-0.0008943398142818206,0.0010033824138652796
2024-10-09,3.5157210818250095,3.5476628013066254,3.5099132468171894,3.5440036181162577,-0.001700863619073827,-5.508824708060962e-06,0.00011505789110633676,0.0011665224802179432,-0.0011720313049260042,0.0010514645891116065
2024-10-10,3.5351668315226816,3.5476400715527063,3.5231345973623958,3.536543456916188,0.0008759027956218325,0.00200129435595884,0.002761527873770785,0.0030653675315661724,-0.0010640731756073325,0.00030383965779538736
2024-10-11,3.5353208834740255,3.564158081832114,3.532970204615728,3.5599155828015614,0.00326010387952193,0.004801338594800148,0.006065647868181536,0.005716948908356551,-0.0009156103135564029,-0.00034869895982498483
2024-10-14,3.5690005417425787,3.5921533183644487,3.5642527667921575,3.5865218659072102,0.006142164366327237,0.008289554514765641,0.009662104182911442,0.010023517591591521,-0.0017339630768258806,0.000361413408680079
2024-10-15,3.583994901576908,3.594143857011488,3.5478785097151446,3.5558706583256043,0.009987970761846357,0.010890650578969003,0.01037136370625443,0.00989762870614424,0.0009930218728247623,-0.00047373500011018907
2024-10-16,3.5607365390598327,3.5753102861758737,3.549067627039197,3.5707832359326726,0.009719142513923432,0.0103203481889197,0.010172844833956711,0.009895985419533336,0.00042436276938636296,-0.0002768594144233749
2024-10-17,3.5926478889767637,3.59495143778954,3.568933135843133,3.570110803202464,0.009883676187598061,0.009691575569554155,0.010072569502948379,0.00836638362370053,0.0013251919458536245,-0.0017061858792478488
2024-10-18,3.5805914012498294,3.5890665109205564,3.571605662674535,3.58427648503345,0.010248300086390261,0.009081007104543229,0.010138499158715966,0.008865544660397214,0.0002154624441460147,-0.0012729544983187523
2024-10-21,3.5779459048245066,3.588143017324512,3.5544615346938007,3.571437220481548,0.009306956357334584,0.007064003126712799,0.007590690954426923,0.005745484286657102,0.0013185188400556972,-0.0018452066677698206
2024-10-22,3.556338563371658,3.5775301422789303,3.548462633778764,3.569575232292749,0.005691194636952182,0.004038967406274288,0.00469479126512133,0.00340536226180736,0.0006336051444669278,-0.0012894290033139697
2024-10-23,3.5575059346855817,3.5632379995545134,3.5167872471111634,3.537877684384727,0.002512747588453716,0.001323293232031316,0.0005661312670938376,0.0005378631146677712,0.0007854301173635447,-2.8268152426066365e-05
2024-10-24,3.5512951360860665,3.554420743531508,3.5306103132739555,3.546518752080113,-0.00021457004454407427,-0.0020636277785506573,-0.00201044114987638,-0.0022813954050732188,0.00021776762652256148,-0.0002709542551968388
2024-10-25,3.563200961583914,3.581558131230253,3.539263870189186,3.5443392858855898,-0.0024777034847016212,-0.002951316920013915,-0.0035499089595701625,-0.003782304842023015,0.0008309879220090998,-0.00023239588245285237
2024-10-28,3.560815458735131,3.5677805956812874,3.5506505233428767,3.5557384934234566,-0.002963585051554547,-0.0029350685880304298,-0.0024590693075850177,-0.0026988835163371636,-0.0002361850716932662,-0.00023981420875214586
2024-10-29,3.5500605780658137,3.5718559651187474,3.538474266092746,3.560900062144943,-0.0029372593567792327,-0.002268397859556682,-0.0029591306022650646,-0.003004204129662092,0.0007358062701054101,-4.50735273970276e-05
2024-10-30,3.5560970921294563,3.5702991517314913,3.5431399824321548,3.5481250299330367,-0.003720901626203039,-0.0026720593486076628,-0.003011432958375095,-0.0030731353118845076,0.0004010759632768449,-6.170235350941257e-05
2024-10-31,3.529886234419025,3.5327705722682667,3.4879012725406455,3.4883950972213404,-0.00375056799530496,-0.003752583131779396,-0.004680538362765135,-0.0061702467513086575,0.0024176636195292617,-0.0014897083885435222
2024-11-01,3.5045797987894147,3.5298258918345105,3.4947931556885563,3.5022813078266095,-0.005203603919238949,-0.004632346844769804,-0.004813350009084904,-0.006575056326790315,0.001942709482020511,-0.0017617063177054115
2024-11-04,3.5013968413790564,3.5135133295856584,3.482169031201136,3.4937299346054265,-0.006085269373178677,-0.005745384810027262,-0.005846631438452568,-0.007308374475895525,0.0015629896658682623,-0.0014617430374429564
2024-11-05,3.4995814737075572,3.5375736131785276,3.496993946358123,3.535694458472747,-0.007578576876414929,-0.00534896639763545,-0.005594935090045638,-0.004934944646325948,-0.0004140217513095021,0.0006599904437196904
2024-11-06,3.617623287775045,3.6377584623336463,3.5958856415694562,3.632426140539564,-0.0018674504985072174,4.35922003823488e-05,-0.0014369758422467511,0.001012264936292808,-0.0009686727359104592,0.0024492407785395593
2024-11-07,3.6445643125449037,3.6667365954845303,3.635982311268747,3.6563263692159964,0.0041704378924619,0.00552568083807669,0.004870843806568768,0.007693152642714371,-0.002167471804637681,0.002822308836145603
2024-11-08,3.6588008348345524,3.678654181254391,3.6549227372793265,3.6704357217980257,0.010648050090494575,0.012105574522491629,0.011511445056433794,0.013667342232934358,-0.0015617677104427293,0.0021558971765005645
2024-11-11,3.682190894057964,3.6887614176370485,3.665253207186418,3.6761545051542277,0.01708366383502916,0.01714134782119153,0.01807271103159664,0.01918497098253302,-0.00204362316134149,0.0011122599509363791
2024-11-12,3.6759071663939915,3.6797125892370257,3.644845905614416,3.6595827748873457,0.020988319355418835,0.02048880575201466,0.02131997754259864,0.02268320373257333,-0.0021943979805586697,0.0013632261899746909
2024-11-13,3.662071564249542,3.674473773048078,3.6476928127907846,3.659000216987354,0.023015326746982253,0.022139369493765642,0.023744224449221696,0.024101837689185154,-0.0019624681954195124,0.0003576132399634585
2024-11-14,3.6607412560370567,3.6636100729693166,3.6289798154395596,3.6328281340991015,0.021937842302380318,0.01943273979650151,0.02019787471533029,0.01876696631287839,0.0006657734836231222,-0.0014309084024518998
2024-11-15,3.61034479248274,3.6156878433895407,3.5732575529140895,3.584560922898918,0.014838242662926097,0.012329924933228882,0.012361544775984093,0.009974381858394565,0.0023555430748343174,-0.0023871629175895286
2024-11-18,3.591364429554318,3.6131800346593805,3.583770337525465,3.603203342812636,0.005209153415857393,0.0029620654249933763,0.0033059475499087427,0.0006312364563097362,0.0023308289686836403,-0.0026747110935990068
2024-11-19,3.5829716226366064,3.6171360466953058,3.5755015344560133,3.6122690023872996,-0.006089266031189596,-0.0057940739759848965,-0.0064438786067536604,-0.0067467339015443075,0.000952659925559411,-0.00030285529479064707
2024-11-20,3.614050565987621,3.617037800186101,3.579447319823898,3.614765487783818,-0.008833805799185676,-0.008840975467327358,-0.010337307554689723,-0.00846792981409807,-0.00037304565322928904,0.0018693777405916542
2024-11-21,3.6315377413188368,3.65264907479502,3.5974143755868044,3.642204336974233,-0.00878512560339852,-0.007762408713608696,-0.01037835158111383,-0.006885044128676183,-0.0008773645849325124,0.0034933074524376466
2024-11-22,3.6424743613446253,3.663164465747579,3.637810627419098,3.6590442327233275,-0.0070329031780939875,-0.005145011636129342,-0.006485778492562779,-0.00327181902126824,-0.0018731926148611018,0.003213959471294539
2024-11-25,3.684436255244605,3.6973733195926948,3.6615347011953436,3.6746021760739347,-0.001234616246503415,0.00019989281001001646,-0.0004030475089530879,0.0017093520571886955,-0.001509459247178679,0.0021123995661417837
2024-11-26,3.679165934335517,3.691212562764827,3.669329577397577,3.6864903278725993,0.003830066958670386,0.004501114057589655,0.004789444568657982,0.0062530018714811834,-0.0017518878138915285,0.0014635573028232013
2024-11-27,3.6862537082347093,3.692383749727357,3.6610015037492087,3.672838085338866,0.008319482319121347,0.008377570199282886,0.00942070011619885,0.0096869945604766,-0.0013094243611937138,0.00026629444427775026
2024-11-29,3.6798019424249935,3.7015309556500404,3.676923543128995,3.694486676823363,0.012075179069904948,0.011811627547516836,0.013511579916089738,0.01238928224878519,-0.0005776547012683545,-0.001122297667304548
2024-12-02,3.698873390537591,3.714464224286673,3.6851773796329983,3.7020593490535703,0.013280333766991698,0.012296673544179347,0.013756715384932066,0.011539434430556338,0.0007572391136230084,-0.002217280954375728
2024-12-03,3.7017952388625868,3.710360746620995,3.6877772201130865,3.6993781413447726,0.012306430564700372,0.011193416772253178,0.0134879086817023,0.010361943566039106,0.0008314732062140711,-0.003125965115663194
2024-12-04,3.713364073432534,3.7260193913999027,3.701107937299144,3.7188025825147757,0.010065478977064576,0.010030054009309546,0.01213428898292894,0.009682589845685832,0.000347464163623714,-0.0024516991372431074
2024-12-05,3.720700187326802,3.7255247208490645,3.707762463458692,3.70955170210228,0.008716094058020993,0.007513361331408416,0.009884193943527728,0.007373758885297951,0.00013960244611046536,-0.002510435058229777
2024-12-06,3.7169483585339065,3.7299754874679634,3.7080662199072676,3.7208364004604255,0.007035152937940758,0.006298529738005905,0.007293136080851129,0.006360789729037031,-6.225999103112549e-05,-0.0009323463518140984
2024-12-09,3.721486734506909,3.724543256840737,3.6917486862198414,3.695889430493556,0.005295587391257847,0.004551130868768361,0.005163879905007667,0.004156620551962958,0.0003945103168054029,-0.0010072593530447089
2024-12-10,3.699031748249246,3.703850244032545,3.671011087959904,3.6786933401749238,0.004170938270370315,0.003211627119750406,0.0028312922721810334,0.0016050705776072553,0.0016065565421431508,-0.001226221694573778
2024-12-11,3.6994697834042265,3.717946716358478,3.6900239401501564,3.7069117320246603,0.0025419121821226593,0.0021517965643515387,0.0019405624236436228,0.001335659198590714,0.0008161373657608246,-0.0006049032250529088
2024-12-12,3.7012217377433045,3.7056754961279936,3.6846627858382237,3.6860833098509147,0.0012348582381501386,0.00017665550789916747,-4.863969425503442e-05,-0.0012275296091464399,0.0014041851170456074,-0.0011788899148914055
2024-12-13,3.703713612236076,3.711940512696544,3.683588386826649,3.697417949936729,-0.0005478236603019021,-0.0010080557214913956,-0.0013217795218782656,-0.0018897740648975278,0.0008817183434061322,-0.0005679945430192622
2024-12-16,3.708046674421674,3.730163208596605,3.699375453595721,3.7157597988269857,-0.0011125652600461312,-0.00046276025990922386,-0.0012643368339234568,-0.0010822398035706914,0.0006194795436614674,0.00018209703035276543
2024-12-17,3.700267360583354,3.7063297979077197,3.686387136316228,3.6960510460917675,-0.002018034500627284,-0.0016813249143409492,-0.0019141229833014412,-0.0016945416571563946,1.321674281544536e-05,0.00021958132614504668
2024-12-18,3.696165839198448,3.7047643133539454,3.57674972473257,3.5823666360399193,-0.0023574477147615624,-0.0018925099990116585,-0.007638567603058654,-0.007172520159775972,0.005280010160764313,0.0004660474432826821
2024-12-19,3.610550805835524,3.619938399219191,3.5697003095763646,3.5712081146678787,-0.006669234134721295,-0.006505903854470827,-0.011796518425953263,-0.012222101595341634,0.0057161977408708075,-0.0004255831693883716
2024-12-20,3.5557839082958775,3.6418571060857117,3.5486393880200366,3.60905972061146,-0.01288328377647565,-0.008347179904679562,-0.01540951570525979,-0.012777844786661028,0.004430664881981466,0.002631670918598762
2024-12-23,3.6124265525814865,3.634384962365401,3.59015006695394,3.631736700327944,-0.013751667753081112,-0.009890074546511234,-0.01591368326566992,-0.012404924296097245,0.002514849749586011,0.0035087589695726763
2024-12-24,3.640380216773225,3.671922219556528,3.635042643272348,3.671060990957168,-0.01327036389488538,-0.009672188807853794,-0.014120172980394224,-0.010255839669234773,0.0005836508613809785,0.0038643333111594517
2024-12-26,3.6613577020415558,3.6805059058782024,3.6511154965930888,3.673664622034438,-0.010904703569587802,-0.0076593308180911085,-0.009746456977818192,-0.005990999354626578,-0.00166833146346453,0.003755457623191613
2024-12-27,3.651965618249501,3.661505153879216,3.611854827340337,3.6369167856364557,-0.008472577145340481,-0.007047130825696012,-0.007400024815193023,-0.004716152685549292,-0.00233097814014672,0.002683872129643731
2024-12-30,3.5985072849763426,3.6155967336215498,3.570099005980775,3.595042408866977,-0.00819319096988305,-0.007985960624618406,-0.0065202888002503226,-0.004373762389517055,-0.003612198235101351,0.002146526410733268
2024-12-31,3.6056701798145037,3.612213075707554,3.573182108431041,3.5832559068452277,-0.005959002418034751,-0.0067267038064214215,-0.0030442835840716444,-0.002210566628414614,-0.004516137178006807,0.0008337169556570305
2025-01-02,3.604265142169195,3.617250761433811,3.5532908547998594,3.576981546493727,-0.0030791459983983164,-0.005351859595880954,1.0472647708864412e-05,-9.741777208422818e-05,-0.0052544418237967265,-0.00010789041979309259
2025-01-03,3.5952499079563887,3.6270081059939234,3.586174509297629,3.621326645223205,0.00019919886777810468,-0.0024694163314173795,-0.0008369897502534962,-0.0017011393570201992,-0.0007682769743971804,-0.000864149606766703
2025-01-06,3.646981425530309,3.6688269358868753,3.6290117545833764,3.6402707420396823,0.00181481739248323,-0.0020185074410488894,6.792404404686482e-05,-0.0034876905305060014,0.001469183089457112,-0.003555614574552866
2025-01-07,3.6525481142226277,3.6569210449446974,3.5919012608818432,3.604194024291646,-0.0003586362894468753,-0.0013483519827000427,-0.0031743589522432603,-0.005555745031849604,0.004207393049149561,-0.0023813860796063433
2025-01-08,3.6015199549113555,3.613498359632724,3.5762978641786436,3.606706668704017,-0.002712167295699721,-0.0037274427452551363,-0.00502474405628776,-0.005915969416633868,0.002188526671378732,-0.0008912253603461078
2025-01-10,3.5845785913721975,3.587950605443768,3.5390638707216997,3.552595628889301,-0.003993993880152779,-0.004744392617706293,-0.00574533034857113,-0.006302691366043153,0.00155829874833686,-0.0005573610174720231
2025-01-13,3.5267177814991744,3.5634097611350666,3.521437705768563,3.5614275546713454,-0.006356982283415022,-0.005509850496305188,-0.005192441204180489,-0.004598152721366939,-0.0009116977749382494,0.0005942884828135505
2025-01-14,3.5799957492820447,3.590152724473868,3.5462783636316306,3.5722006409679095,-0.004808039599295485,-0.0046639708746214585,-0.004330133025629907,-0.0033953976462819096,-0.001268573228339549,0.0009347353793479974
2025-01-15,3.6243482526354316,3.6437847353369848,3.612212105456873,3.6345994279962763,-0.0035313962963235074,-0.0030883922605473044,-0.0018602941265374298,-0.0007962593704203427,-0.0022921328901269614,0.001064034756117087
2025-01-16,3.6430287793061833,3.653396569259336,3.6207971055568873,3.634005332002214,-0.001071512702816023,-0.0015557817384953389,0.0007728958568026885,0.0005052278482024137,-0.002061009586697753,-0.0002676680086002748
2025-01-17,3.6725645107854454,3.6852884467737064,3.643904253376583,3.6724776754937545,0.0024529101042163326,0.001553037592735991,0.00276324066549171,0.0028717712925426684,-0.0013187336998066773,0.00010853062705095838
2025-01-21,3.6910032914867665,3.7103338603641625,3.6771462590167308,3.7071800198405076,0.005554197836936689,0.005853760813637327,0.0076606851898374075,0.008929980962004008,-0.003076220148366681,0.0012692957721666008
2025-01-22,3.7260866703126374,3.7389865421013155,3.715781147429477,3.7226812191459446,0.012857245179870413,0.013495270432819692,0.016418615740969356,0.016056003416287035,-0.0025607329834673436,-0.00036261232468232096
2025-01-23,3.7178021179089167,3.741508772101949,3.713442278596006,3.7412262317365697,0.019120668973818457,0.019630210701776996,0.021523188498705527,0.020789542621325843,-0.0011593319195488463,-0.0007336458773796843
2025-01-24,3.7418787079306384,3.7492032068987413,3.72238908904158,3.7302125973612705,0.022504526406547848,0.02226469594300653,0.02460231819490621,0.023428851306780046,-0.0011641553637735148,-0.0011734668881261644
2025-01-27,3.653300116073424,3.6900870648173005,3.6486142492641753,3.679191400497562,0.018226081829069766,0.01832657349124507,0.019404296765356,0.018180741404053877,0.00014583208719119375,-0.0012235553613021213
2025-01-28,3.6843470373577625,3.712013115612806,3.6580034827719654,3.697545350581045,0.01095073018221798,0.012710343469888244,0.01221545430550672,0.012988056902159912,-0.0002777134322716687,0.0007726025966531928
2025-01-29,3.6980423962492317,3.706852915128977,3.671316054530855,3.6886262388604925,0.006063604983351774,0.0067942594086336985,0.005753453229396509,0.006377168472737664,0.00041709093589603445,0.0006237152433411549
2025-01-30,3.707670017946606,3.72817527318256,3.687254041137918,3.7144598590022655,0.0032275878949658623,0.0042021326847507525,0.00304077129112137,0.003924086363332548,0.00027804632141820423,0.0008833150722111784
2025-01-31,3.7272690835236695,3.74756374770539,3.6928055799866257,3.6984296505210907,0.0016960184002132459,0.0022854324345658915,0.0002936346824003775,-0.0004109823780558292,0.0026964148126217206,-0.0007046170604562067
2025-02-03,3.639686884652221,3.691902159182675,3.627687199045116,3.6759757621016935,-0.003664807773364371,-0.001682649639488488,-0.005337767085814037,-0.004186886600688946,0.0025042369612004586,0.0011508804851250902
2025-02-04,3.674084611754149,3.7040644116779795,3.6703102712888973,3.699883562221557,-0.005521625559679375,-0.003397808094543946,-0.006231569939491516,-0.004387640425278556,0.0009898323307346102,0.0018439295142129598
2025-02-05,3.697648837327824,3.721855175987586,3.6829184245064397,3.7209579628704073,-0.003549155123492005,-0.0021563891237357195,-0.0037791356601159323,-0.0023170262896417453,0.00016063716590602583,0.001462109370474187
2025-02-06,3.7300265076396126,3.7363011667565655,3.706292850556906,3.7288547859302508,-1.823243073011001e-05,0.00024879456922550375,0.0001906787594541521,0.001441545776822591,-0.0011927512075970872,0.001250867017368439
2025-02-07,3.734520645732418,3.7421970306038648,3.6902003705078936,3.694071188327026,0.005214756647563878,0.003551655644496876,0.0039658353034994,0.0027185453284707165,0.0008331103160261594,-0.0012472899750286836
2025-02-10,3.71586256857554,3.725983091177977,3.7044052916152723,3.7214170851014523,0.003613981601949864,0.0021139672340768204,0.003987649359558763,0.00252380381064934,-0.00040983657657251956,-0.0014638455489094232
2025-02-11,3.706073582584743,3.7282371165652917,3.702990721950975,3.7222785069888125,0.0027907238606165734,0.0018258590328388065,0.0038819989120109696,0.0030878191334144625,-0.001261960100575656,-0.000794179778596507
2025-02-12,3.6869931082966834,3.719040046629079,3.681385012545614,3.711995738415039,0.0015763848390388155,0.000495424548855326,0.002940060139260263,0.002196552887054887,-0.001701128338199561,-0.000743507252205376
2025-02-13,3.721708965593173,3.7537381291891627,3.714013883147812,3.7516854108277546,0.0030314102431860165,0.0023313804808110065,0.0047183624093456635,0.004909152544724724,-0.002577772063913717,0.0001907901353790601
2025-02-14,3.7540973812578122,3.7661112967810446,3.7460972153948786,3.7539018169897087,0.007389511811189698,0.005824948631341612,0.008292405488761954,0.006222747708538112,-0.00039779907719649996,-0.002069657780223842
2025-02-18,3.759900699073932,3.768950050127374,3.743925902788649,3.767162624983397,0.00590015324156223,0.005537766528634572,0.00676082872194079,0.006090343880791432,-0.0005525773521568595,-0.0006704848411493583
2025-02-19,3.7599302059901993,3.7798085995385824,3.7532145479426395,3.77532270623758,0.00524844880238439,0.005719771942653764,0.007168489491970799,0.006891593427849241,-0.0011718214851954767,-0.0002768960641215583
2025-02-20,3.767242173429268,3.768915780735758,3.73262850568911,3.7575399477889664,0.005525974664963778,0.005575563189758085,0.006288918454750611,0.007213420508651188,-0.0016378573188931033,0.0009245020539005765
2025-02-21,3.7591758533503246,3.759434401614855,3.6904161826168216,3.693920428667817,0.0066784751973389105,0.005306822781555147,0.004062605699586138,0.004148128872670207,0.00115869390888494,8.552317308406932e-05
2025-02-24,3.706192745054539,3.7143370604464474,3.6699296256087446,3.6743349907252765,0.0048872718081223255,0.002690882143582789,-0.00016154316304295356,-0.0018809191305439255,0.004571801274126715,-0.001719375967500972
2025-02-25,3.6753269823726225,3.6818096712257096,3.6293715295276323,3.6557945605381006,0.0005119780461351305,-0.0024425124117021225,-0.005405251072645055,-0.00685897690322712,0.004416464491524998,-0.0014537258305820653
2025-02-26,3.6660435797833077,3.6865614952709396,3.6389378998361948,3.6545695407727363,-0.0045309417570445695,-0.0066310128120048144,-0.00931196146318613,-0.011051001269853426,0.004419988457848611,-0.001739039806667295
2025-02-27,3.6696103665097537,3.682897702794763,3.5962010003149456,3.597762708297776,-0.01016612902099865,-0.011127335388036147,-0.016213758247185697,-0.018206383298019133,0.007079047909982986,-0.001992625050833436
2025-02-28,3.601695885899829,3.6552055927028486,3.5818099057299406,3.6519639026244164,-0.016980652113159262,-0.014382842176174599,-0.020692732305000613,-0.018374715594583847,0.003991873418409248,0.002318016710416766
2025-03-03,3.666953502491094,3.6775425049043684,3.568535371651913,3.592265448313451,-0.016621737138537415,-0.014400760320088768,-0.022154410587959594,-0.020442821252424418,0.00604206093233565,0.0017115893355351755
2025-03-04,3.567682478449014,3.6063077172889546,3.517369930854114,3.549612436103587,-0.02023442799947898,-0.017041400997189288,-0.02439942049735968,-0.02199417227151161,0.0049527712743223234,0.002405248225848068
2025-03-05,3.5506306812548014,3.598507045959057,3.526381174516291,3.5883274573299078,-0.022445331935688064,-0.01741220732743494,-0.022787532021774585,-0.018252817456704727,0.0008406101292697879,0.004534714565069858
2025-03-06,3.5418013429302833,3.5694371265045133,3.5053376056096375,3.5231222425346047,-0.02211340771201905,-0.017897238959273993,-0.020946381958892563,-0.016987018873880468,-0.0009102200853935254,0.003959363085012095
2025-03-07,3.5146935809167243,3.557522473341798,3.485123724411373,3.547762239379442,-0.02106522723375874,-0.017246329623427502,-0.020266920892499093,-0.015777095007543367,-0.0014692346158841352,0.004489825884955726
2025-03-10,3.50109768582205,3.5169908002464143,3.4261677620311204,3.4551542913432254,-0.021327426769065155,-0.019365310918882946,-0.021680616626713025,-0.019152595208582923,-0.0002127157103000224,0.002528021418130102
2025-03-11,3.449899674329479,3.474930596764084,3.4047993328847395,3.4302388234570755,-0.023953961907215462,-0.023554901865059742,-0.02400904685822644,-0.022466413859744787,-0.0010884880053149554,0.0015426329984816536
2025-03-12,3.4661063287344853,3.473644570864068,3.4142649846678355,3.44371911967849,-0.02358293900143316,-0.024990226263838723,-0.022461323558056003,-0.02239260267614439,-0.002597623587694331,6.872088191161099e-05
2025-03-13,3.4424189798639624,3.4484550337186306,3.3886619413674315,3.401079327045998,-0.02184268569411241,-0.025462967042818547,-0.022435948464556214,-0.025875957848474292,0.0004129908056557455,-0.0034400093839180787
2025-03-14,3.430270211590864,3.476729340215005,3.42419121912535,3.4710910246331443,-0.0225388895254309,-0.023397884272655493,-0.018916394114806494,-0.019543039212435002,-0.003854845060220491,-0.000626645097628508
2025-03-17,3.467813829831298,3.5192629281769325,3.4632466545120915,3.503566537946262,-0.01475886490047212,-0.01536031161855453,-0.012240982693350397,-0.013226227374092773,-0.0021340842444617578,-0.0009852446807423754
2025-03-18,3.4891227343568323,3.492095922597818,3.4522375338713016,3.4652891450979832,-0.010020790447716225,-0.011635021149463931,-0.00830087127348977,-0.01076566916731804,-0.0008693519821458915,-0.0024647978938282696
2025-03-19,3.475328011481685,3.524736299437205,3.4653798902856527,3.500884477389406,-0.0062197025817985205,-0.005265005854264943,-0.002253670871939871,-0.0027604454688854806,-0.0025045603853794626,-0.0005067745969456095
2025-03-20,3.4786603367487103,3.5205814969863587,3.473201483970515,3.491755450263859,-0.0019127144408519682,-0.0001654199106653263,0.0035566668244697256,0.0014597318841091903,-0.0016251517947745166,-0.002096934940360535
2025-03-21,3.4637713313837897,3.4957044140118496,3.4501947684318326,3.4898316910865357,0.0005403075299716254,0.003375113472181912,0.007154029431480476,0.00759784691733897,-0.004222733445157058,0.00044381748585849406
2025-03-24,3.532352824899182,3.5569364199348485,3.5204923800401815,3.550816019753823,0.006444984619964794,0.008302772721196835,0.011078791009712095,0.011590705139617333,-0.0032879324184204983,0.0005119141299052381
2025-03-25,3.55625138442711,3.5652564742493436,3.540766484297698,3.555993039595994,0.009861168565587136,0.010396050219593294,0.013541522173939693,0.01304537896802111,-0.0026493287484278157,-0.0004961432059185835
2025-03-26,3.554933419289889,3.5664025631715175,3.511394453624344,3.5218019332368864,0.012996795493178061,0.011371247478164736,0.013385099342579124,0.012009476244459756,-0.0006382287662950199,-0.001375623098119368
2025-03-27,3.512539025648024,3.53452348947158,3.4965127179296305,3.50754224845716,0.01116415235129416,0.007803944394226171,0.009532749023522297,0.006406661344584822,0.0013972830496413492,-0.0031260876789374753
2025-03-28,3.4991368767705984,3.505176256772199,3.434599967694322,3.439782733132698,0.006940625073234289,0.003477582920346949,0.003364675977768062,0.00048485973389851886,0.00299272318644843,-0.002879816243869543
2025-03-31,3.40408259371997,3.468982263122613,3.3863871549973394,3.4584631135373187,-0.0007995208543428702,-0.000332234967953232,-0.002955657808329381,-0.0018734833732315707,0.0015412484052783387,0.0010821744350978102
2025-04-01,3.447299128674671,3.480345055907944,3.4231979588081693,3.4690157017606675,-0.003989307772248247,-0.0047239352574270045,-0.007070440647285703,-0.0056613487743194775,0.0009374135168924731,0.0014090918729662257
2025-04-02,3.4341773176251995,3.508512344235107,3.4317580658836504,3.492882148629127,-0.008307525233835685,-0.0052607781314009255,-0.009490156611311987,-0.005819556213610922,0.0005587780822099968,0.0036706003977010643
2025-04-03,3.3780439379751543,3.398121889244823,3.3257354386377544,3.3287417604658325,-0.014966612096636201,-0.0118992513779062,-0.016763948126099312,-0.015442479618539392,0.003543228240633191,0.0013214685075599204
2025-04-04,3.246211649388598,3.2573476549778695,3.1260418239766237,3.128806256555141,-0.0285895587094126,-0.02639043253737577,-0.034676432442160364,-0.03412330306316923,0.007732870525793457,0.0005531293789911365
2025-04-07,3.032184797371697,3.239554827935317,2.98498149401307,3.1194064338783885,-0.046677510628203626,-0.034880824970554586,-0.05166748253440157,-0.044875156324088894,0.009994331353534308,0.006792326210312678
2025-04-08,3.2245039306642553,3.2429478009753625,3.0261445590055946,3.071037156238586,-0.0466194479439934,-0.038784426259376316,-0.05857062654288747,-0.052690992062241745,0.01390656580286543,0.005879634480645726
2025-04-09,3.0503665142056655,3.3754307925787836,3.0443214338309637,3.3656564557432382,-0.05212647287863791,-0.03147850482624248,-0.060202598511339224,-0.040837838150052146,0.009359333323809664,0.01936476036128708
2025-04-10,3.2906656731157775,3.2978525660651714,3.149608885631037,3.242464128404862,-0.04123660138722825,-0.02821458526060173,-0.051422243127393574,-0.03476223892656,0.006547653665958272,0.01666000420083357
2025-04-11,3.2333677842384017,3.309305993443271,3.208412211440399,3.295631100537382,-0.03167617191087053,-0.02341367700694568,-0.039357055353793066,-0.027090855941078816,0.003677178934133135,0.01226619941271425
2025-04-14,3.353216002331188,3.361434943684026,3.29426240131444,3.3277108279553524,-0.01869407555970944,-0.015808119367355048,-0.02308164769105675,-0.014677018431941902,-0.0011311009354131457,0.008404629259114848
2025-04-15,3.3324185731533955,3.3568657656403587,3.3150610851888005,3.3222043102552736,-0.0033487173620080756,-0.006390666230050435,-0.0021010490940527385,-0.0002751543632894743,-0.0061155118667609604,0.0018258947307632641
2025-04-16,3.288400053805725,3.3095251617699963,3.219396606439329,3.2531129528671223,0.010113334868234678,0.00381911004240997,0.015542910814004532,0.013728718687608292,-0.009909608645198322,-0.0018141921263962399
2025-04-17,3.260636804478027,3.285278257095288,3.238107812437784,3.257751387140971,0.02008579987144211,0.007758930060111102,0.029713385104909566,0.019949197982096413,-0.012190267921985312,-0.009764187122813153
2025-04-21,3.2278045071286154,3.232331913730954,3.149888842558364,3.184796840211347,0.02090170982251276,0.0007936203631672302,0.026821160984982623,0.009721794132739086,-0.008928173769571855,-0.017099366852243537
2025-04-22,3.2208362864846904,3.27847310008652,3.2157886218879295,3.2636585711682486,0.007292195085939342,-0.004537864714226058,0.017830393514773953,0.0024906106582631097,-0.007028475372489167,-0.015339782856510843
2025-04-23,3.3430808465355426,3.37593131295118,3.3021830506853003,3.3137477322834847,0.010885156279364852,-0.004798985701194872,0.013498591610288862,-0.006981566019730574,0.002182580318535702,-0.020480157630019435
2025-04-24,3.3192255549313376,3.383246404405041,3.3108572531331544,3.379715802730356,0.00013046270173031884,0.0025591763831741762,0.007505798564896707,0.003843855947628578,-0.0012846795644544016,-0.003661942617268129
2025-04-25,3.3762761602838913,3.40081397641037,3.3565804446799445,3.3969756423112014,0.0052486667891434875,0.0056089532114566255,0.007795424035368421,0.007227485560631567,-0.0016185323491749413,-0.0005679384747368545
2025-04-28,3.4020270223918194,3.4179679865892,3.3657492532952866,3.4020086064870907,0.006913901221914176,0.00910994805233402,0.009996641889738587,0.012557238465925755,-0.003447290413591734,0.0025605965761871675
2025-04-29,3.3899522569589755,3.4300781829780735,3.387150484197575,3.4229147022198414,0.01386603888994679,0.015429647340825412,0.017181429944261924,0.019876548045723048,-0.004446900704897635,0.002695118101461124
2025-04-30,3.382478063369811,3.4356067365505516,3.3446384611031545,3.4249284477624458,0.018578710057895943,0.020914252963158415,0.022308043144251378,0.025784610756754242,-0.004870357793595827,0.0034765676125028643
2025-05-01,3.4510893945975667,3.4773206633196962,3.4359585630203258,3.44423874711296,0.02349246781852748,0.024563687412933424,0.02567960724837203,0.02689473097003161,-0.002331043557098185,0.0012151237216595778
2025-05-02,3.4817331889332253,3.5078035643591057,3.4701861323246352,3.4962185618835497,0.02625482997208367,0.026225480376850817,0.029540549998309632,0.028832666464860317,-0.0026071860880095,-0.0007078835334493154
2025-05-05,3.4713939685603385,3.4968683839216657,3.4637630819909226,3.4767678288284776,0.023584458652246496,0.0210637762772999,0.02435680934551551,0.02195550521298193,-0.0008917289356820297,-0.002401304132533578
2025-05-06,3.444090340580943,3.4750915953987107,3.4343345827433085,3.4488582986160186,0.01600765095809914,0.014583823770616913,0.01815666021109456,0.015274412393706721,-0.0006905886230898078,-0.002882247817387839
2025-05-07,3.4581469761033503,3.4808473324937346,3.4334722449017927,3.4653329513476354,0.014641096428003497,0.012531780262370866,0.015020061103865603,0.010586369222653384,0.001945411039717482,-0.0044336918812122195
2025-05-08,3.491332761843742,3.5237800926105223,3.470568005183784,3.4911655656566376,0.012099581927493655,0.012037487105388166,0.012893763093796244,0.009867852509589757,0.002169634595798409,-0.0030259105842064867
2025-05-09,3.502565448263892,3.5082091814344647,3.478552184958405,3.4870949177414285,0.01188798514113308,0.01016160434272752,0.012315290664848223,0.008727050210464644,0.0014345541322628753,-0.003588240454383579
2025-05-12,3.593495139698895,3.599442021711383,3.5631741688020173,3.5976418301231186,0.016822134598058782,0.013103898940134789,0.015485371380169,0.012859255587154913,0.0002446433529798755,-0.0026261157930140867
2025-05-13,3.600623959779741,3.6328757419341997,3.5920537414661804,3.6182481681803607,0.019019318760149215,0.01647751215595776,0.0192644209614848,0.01713787095356264,-0.0006603587976048812,-0.0021265500079221573
2025-05-14,3.6227875741567828,3.6306509859990177,3.6050682695805882,3.617508344147061,0.01937355137236713,0.017640193056437506,0.01843554317585414,0.01914270360935166,-0.001502510552914154,0.000707160433497521
2025-05-15,3.606440381504913,3.6456584047166545,3.6011162143765425,3.6378206309911585,0.020497365124370146,0.020038216163113555,0.020322380585966537,0.02120853069958493,-0.0011703145364713764,0.0008861501136183947
2025-05-16,3.643508474022301,3.6642669535480854,3.628661446278927,3.663100290246706,0.0238029521887007,0.023442986955380305,0.023991612218845177,0.02577212220206073,-0.0023291352466804256,0.0017805099832155537
2025-05-19,3.6253288918426505,3.6708095719161546,3.6236498778533646,3.6668225806086605,0.023466731774869066,0.024579089881724775,0.02503836932196938,0.027219223358630393,-0.0026401334769056185,0.002180854036661014
2025-05-20,3.655422897212991,3.664506718890837,3.637753937832737,3.6563542467658103,0.021085882839795563,0.021811236887042926,0.022954517069734254,0.023930995178939037,-0.002119758291896111,0.0009764781092047835
2025-05-21,3.6303308145976887,3.6556950215397785,3.5891457545920664,3.596387199893216,0.01571187714075031,0.0166505207705519,0.015696131025974495,0.01595504495012559,0.0006954758204263077,0.00025891392415109543
2025-05-22,3.5929810559470514,3.6160686286633412,3.580410103000428,3.59348487072745,0.008425920764734744,0.010071183122573843,0.008547353948254809,0.007954423798984662,0.002116759323589181,-0.0005929301492701468
2025-05-23,3.5507056409922657,3.588033772050068,3.5473346440548177,3.5743304385180568,-0.0016492221093295663,-0.00019403818941469107,-0.0012046797877857758,-0.0026025950921166412,0.00240855690270195,-0.0013979153043308654
2025-05-27,3.615517934369266,3.647140302421449,3.602827110890513,3.6451151209219654,-0.0027106870396284865,-0.002120648379237622,-0.003122112883776853,-0.0029862373996996914,0.0008655890204620695,0.00013587548407716175
2025-05-28,3.6482958134116297,3.655795983198939,3.618990372277294,3.623638345855652,-0.0017759559521708123,-0.0019243768234347323,-0.002713250418496237,-0.003743018122827307,0.0018186412993925745,-0.0010297677043310696
2025-05-29,3.6539555713250023,3.6579683165912624,3.6109043946729797,3.6352905243259483,0.0003672228450082802,-0.0020357525239080277,-0.002204310685352407,-0.003978882564041041,0.0019431300401330132,-0.001774571878688634
2025-05-30,3.6290293715492994,3.6451367971007422,3.5956438785282545,3.634238722242759,-0.00031681600319645345,-0.0021776538650186963,-0.002861973999068051,-0.003133507149626947,0.0009558532846082506,-0.0002715331505588961
2025-06-02,3.625104400834499,3.653207076932083,3.604679952836323,3.6519768298083832,0.000982456064776334,-0.0006324656857679605,-0.001124080395235686,0.00040812909750496387,-0.0010405947832729243,0.0015322094927406498
2025-06-03,3.6509465343891683,3.6825781703757703,3.644191412456041,3.67636172203119,0.0027024065836065317,0.003085015804233999,0.0027255639406056705,0.005662832889263585,-0.0025778170850295863,0.0029372689486579146
2025-06-04,3.6817600067315124,3.6890675577577405,3.6653868353175993,3.6733101470167626,0.007798842102811329,0.006593623998720841,0.008422604617791065,0.009937572255287318,-0.0033439482565664766,0.0015149676374962527
2025-06-05,3.682244567639865,3.694208781591724,3.6443974024299752,3.6546870591292433,0.010929665018196765,0.009497508956301026,0.009399277376153935,0.008993177638958846,0.0005043313173421805,-0.00040609973719508974
2025-06-06,3.688762200414633,3.703148104333671,3.6800409280970694,3.6929403114244836,0.011296753653167336,0.009780400355898323,0.011068048727365325,0.009235170485428426,0.0005452298704698971,-0.001832878241936899
2025-06-09,3.6969695066338577,3.7090567825302836,3.6862789687331334,3.6962261738936406,0.008132168970169521,0.00746108405660379,0.009664399879362056,0.007173909553261772,0.00028717450334201765,-0.0024904903261002836
2025-06-10,3.6989334766822313,3.721819778849183,3.6914487967022587,3.7174066783784645,0.007622634143530386,0.008311420969399276,0.010558065804438464,0.009509403627490528,-0.0011979826580912518,-0.001048662176947936
2025-06-11,3.7251953009315995,3.7307797079469776,3.6951223670241404,3.7079488870998687,0.009719656911342056,0.009322320897813392,0.011655456799381743,0.009020971870508314,0.0003013490273050777,-0.002634484928873429
2025-06-12,3.7001720635398474,3.7246532876788856,3.695058546263415,3.722058522207424,0.009896978015404578,0.009234981040813281,0.011287489430763327,0.009057022517482622,0.00017795852333065895,-0.002230466913280705
2025-06-13,3.69061730933222,3.713493950388577,3.673384840106497,3.682134476371546,0.00733118415079395,0.006875212746335917,0.0076999018428412095,0.0057935444905118354,0.0010816682558240816,-0.001906357352329374
2025-06-16,3.7039794939215502,3.7295027464638317,3.7008825319121423,3.7173012666496716,0.004486051546033783,0.00509809861092748,0.005272278621483215,0.005050240933040608,4.7857677886871744e-05,-0.00022203768844260632
2025-06-17,3.7009250666328417,3.7124020305891725,3.679165452424663,3.6845857100619437,0.0022410609856910973,0.0034214950570046762,0.0031280928684763913,0.0033563005966526865,6.519446035198979e-05,0.0002282077281762951
2025-06-18,3.690711132632701,3.7098870946185425,3.677908448860038,3.686738792603331,0.0008873778512706721,0.0016788376669558008,0.0019044437182469843,0.0014766780884603898,0.000202159578495411,-0.0004277656297865945
2025-06-20,3.7053013426112895,3.712730925175767,3.6715078443824356,3.680982426597492,0.0002533299168308467,0.0001816885403447185,-0.001219401972268265,-0.002121238674207052,0.00230292721455177,-0.0009018367019387869
2025-06-23,3.6835910682995037,3.7172855307892583,3.6636133851070096,3.7144058854475412,-0.0014098820068603453,-0.0006955835346618037,-0.00272623090548484,-0.0016645725886224483,0.0009689890539606446,0.0010616583168623916
2025-06-24,3.739804273056779,3.7640134308010578,3.7348181784759187,3.7570385310710943,0.0006029150116133559,0.001198488071287784,0.0002658290903713457,0.0010763792528808765,0.00012210881840690746,0.0008105501625095308
2025-06-25,3.7620112826865792,3.767174909072847,3.7437815799296716,3.7520288798906463,0.0034387255110232408,0.0034497291767067503,0.003503103033249251,0.00421899154501525,-0.0007692623683084997,0.000715888511765999
2025-06-26,3.7645644220680583,3.786281066911733,3.7585285257730003,3.7831401841895866,0.007400006975085644,0.006790693798358353,0.007155323762041288,0.00800840160443172,-0.001217707806073367,0.0008530778423904324
2025-06-27,3.7904626261130323,3.8113333641075253,3.7756086906531827,3.796684281517803,0.010628500456254566,0.01041697559506214,0.0109663756305663,0.012565813287833757,-0.0021488376927716168,0.001599437657267458
2025-06-30,3.814244997142668,3.8253347039597805,3.8005502431554157,3.818703024940491,0.01342279950006863,0.013012343425824238,0.013716596687057745,0.01475808962571323,-0.001745746199888992,0.0010414929386554847
2025-07-01,3.8089700533597477,3.83599496524939,3.7954655114341285,3.8211412010997385,0.015321669215491515,0.01590078762805229,0.01648124936944421,0.017772433729378884,-0.001871646101326594,0.0012911843599346731
2025-07-02,3.819378175466488,3.8384779433381633,3.812145441821601,3.837506220797163,0.01631201335460212,0.016493804500623314,0.017561450779594364,0.018239712293115322,-0.0017459077924920074,0.0006782615135209578
2025-07-03,3.8511094153310768,3.8735402184764824,3.8485515163475146,3.8674414361777023,0.01691642820348521,0.017303453828163798,0.01893175917597767,0.018629777674486158,-0.0013263238463223602,-0.0003019815014915113
2025-07-07,3.854580388786246,3.8591461750464746,3.819828064873874,3.837228088095246,0.01673862793396979,0.015533887989301382,0.016240226072413433,0.014797749444008034,0.0007361385452933477,-0.0014424766284053987
2025-07-08,3.84183975276626,3.8488855608604786,3.830709786347468,3.8372796697719385,0.012609089276821453,0.011733562358517894,0.011818123273393344,0.011302878543501219,0.0004306838150166751,-0.0005152447298921257
2025-07-09,3.8500973515016375,3.862372465569496,3.8352162621669867,3.8553398582907277,0.010759346207642262,0.010188927529967797,0.010363403546814162,0.01014590600589981,4.302152406798765e-05,-0.00021749754091435203
2025-07-10,3.858247727278725,3.874685091884233,3.843834339396319,3.865222661406852,0.009497750599262302,0.008334424994056728,0.008759374387950951,0.008002487472061582,0.0003319375219951459,-0.0007568869158893696
2025-07-11,3.8477745004894737,3.857537999121025,3.83633866164968,3.8487066132298717,0.00666859500851094,0.005515216614122005,0.0065168590813518106,0.005660234699817953,-0.00014501808569594796,-0.0008566243815338577
2025-07-14,3.8446828771548645,3.860421830803337,3.834347704750515,3.8576028426784124,0.004388745342852912,0.003659740900102085,0.004361270622244564,0.00391142603403901,-0.0002516851339369251,-0.0004498445882055533
2025-07-15,3.8717519114503056,3.8755683932704503,3.83450971867743,3.835081314189115,0.004513664694778511,0.002968852259944011,0.0031653014035744956,0.0016636797859853783,0.0013051724739586326,-0.0015016216175891173
2025-07-16,3.843693792797992,3.8564749037460073,3.807848457080866,3.8475880072482167,0.0020594247855027815,0.0013382914370245976,-0.00023553056871536903,6.213715481895512e-05,0.0012761542822056426,0.00029766772353432414
2025-07-17,3.8491075912815695,3.8768421856749997,3.8446545630471585,3.8734224635902113,0.00017346397107462843,0.0007359634586154999,-0.0006668577127303378,0.0006401806536686811,9.578280494681882e-05,0.001307038366399019
2025-07-18,3.880731342240393,3.888151532318135,3.8620086368933206,3.8694052222898687,0.0017674944627660114,0.0026229728234552253,0.0018814226702207062,0.0025594345276502397,6.353829580498568e-05,0.0006780118574295335
2025-07-21,3.8780337503420053,3.8956938701916215,3.8696195770417203,3.8758584627330737,0.003086728149019476,0.003784672706161538,0.002766831865498655,0.002792656661374165,0.0009920160447873727,2.5824795875510273e-05
2025-07-22,3.8765330412764722,3.891143765628395,3.8571597832543385,3.8811381620943775,0.0031904460721143887,0.0035711417561085233,0.003094530562518461,0.002849054209762923,0.0007220875463456004,-0.000245476352755538
2025-07-23,3.8947776939865593,3.9108152575299644,3.8843595284857666,3.9102581723226555,0.004419308743448748,0.00481750759016147,0.00488567742489473,0.0051662104315838365,-0.000348702841422366,0.0002805330066891062
2025-07-24,3.9111284188382935,3.9204406400520995,3.9028065066766877,3.907689336308135,0.006541807610199625,0.006822550686277366,0.007661885624261199,0.007336425332694625,-0.0005138746464172592,-0.00032546029156657434
2025-07-25,3.9106062810721456,3.926809616219562,3.9036602343485916,3.9221446390759085,0.007296633036367283,0.007477240259824411,0.009270134788920817,0.008679293840839418,-0.0012020535810150076,-0.0005908409480813986
2025-07-28,3.9261546401071694,3.9293185229333436,3.911277666553933,3.9192024675529153,0.007931845210832936,0.007621378771143532,0.01034513073272853,0.009564604340105028,-0.0019432255689614967,-0.0007805263926235016
2025-07-29,3.9299250391697407,3.935182693617521,3.906737939691936,3.912888524172374,0.009589781281713037,0.008260040549346473,0.010250821754301436,0.007857420575393978,0.00040261997395249494,-0.002393401178907458
2025-07-30,3.9174644815915216,3.9283327271666386,3.8866567150914277,3.9058338851553813,0.007992380511270172,0.006529570912270899,0.006408262224384694,0.0056561001593536326,0.0008734707529172662,-0.0007521620650310611
2025-07-31,3.9240858165150376,3.933787796320784,3.873973042194032,3.8811226316297356,0.0062228731956390435,0.0055834653768011624,0.0033723547764772485,0.003123179635536313,0.0024602857412648494,-0.0002491751409409355
2025-08-01,3.8486096199667115,3.849121812094694,3.803903401663256,3.8230086839492197,0.0015359055233120638,8.292186404723353e-05,-0.002683970312417765,-0.0029407440368110667,0.0030236659008583003,-0.0002567737243933015
2025-08-04,3.8463586287567653,3.879300571022554,3.844496481343076,3.8786649365070023,-0.003064328738253804,-0.002795597482609892,-0.005314425527307292,-0.004976273802633622,0.0021806763200237296,0.0003381517246736701
2025-08-05,3.8839320969298727,3.891290794078774,3.854023320338448,3.8642274895344304,-0.00533120750280401,-0.005124738310184449,-0.007951365525866899,-0.007481338582557161,0.0023566002723727124,0.00047002694330973774
2025-08-06,3.8693723030371965,3.8949434462410912,3.860588963108858,3.887976055136216,-0.0072656321857174294,-0.0059449929348659065,-0.008378845474055721,-0.006544715192498736,0.0005997222576328296,0.001834130281556985
2025-08-07,3.91214992007929,3.9193358149867135,3.8691624949125853,3.8904856158032435,-0.005468739846529976,-0.004600676959354442,-0.006820751621714262,-0.005372376140522734,0.000771699181168292,0.0014483754811915276
2025-08-08,3.900062090050996,3.9225472372359222,3.8982124519377623,3.918925606755212,-0.004378374708338067,-0.0026432022673839512,-0.003213393277580439,-0.0014765480581042589,-0.0011666542092796924,0.00173684521947618
2025-08-11,3.9221933649861422,3.933200348462871,3.9018453494577243,3.9094408199071045,-0.000916483474122667,0.00011427686617086637,0.0011659856529780677,0.0017448018198020936,-0.0016305249536312273,0.000578816166824026
2025-08-12,3.9243158907773323,3.956744524295334,3.9147733145775843,3.9549196866230196,0.0029605572876748487,0.0044998760540230385,0.006062208976198324,0.007144210598004837,-0.0026443345439817988,0.0010820016218065134
2025-08-13,3.9703415399656037,3.9804348157579055,3.9555464051361637,3.9720789297216115,0.008585373844132054,0.009459653004589232,0.011746272266996328,0.01249980018711131,-0.0030401471825220773,0.0007535279201149811
2025-08-14,3.9559025505694225,3.97367319918656,3.9497841251304124,3.9666395466682918,0.013223097448134,0.013782745314979404,0.015435424636505938,0.015108309016251473,-0.0013255637012720683,-0.0003271156202544652
2025-08-15,3.973966710746716,3.9742828327023303,3.9485754732839005,3.956174438248704,0.013428735060955847,0.012011231985511335,0.01346841895553127,0.012235161903942674,-0.0002239299184313391,-0.001233257051588596
2025-08-18,3.9534972782942863,3.961541129504263,3.94750479743438,3.95639891923803,0.010848312207466878,0.010039530645186171,0.012395617217532653,0.01147054569127374,-0.0014310150460875685,-0.0009250715262589127
2025-08-19,3.9556726715188844,3.9677142884516514,3.9258888193452544,3.9366846574688674,0.009592794747011376,0.008207040015051919,0.009530299079317978,0.007725879550830191,0.00048116046422172747,-0.0018044195284877872
2025-08-20,3.935414610753392,3.940870159311521,3.8975022625962947,3.9291328357368975,0.005392056505423192,0.004227488916908956,0.004683235860620032,0.0042742648659202164,-4.677594901126084e-05,-0.0004089709946998154
2025-08-21,3.917793586922314,3.9296965969590794,3.9010088047757345,3.9136306999388455,0.0022814998247497604,0.0007079412665781631,0.00015157343271654858,-0.0003544868859384263,0.0010624281525165894,-0.0005060603186549748
2025-08-22,3.9286911096399484,3.9852266094172832,3.9241449157684247,3.9747757079304944,-0.0011089099440362172,0.00030581296728009666,-0.001567471380127176,-3.260346128015691e-05,0.00033841642856025355,0.0015348679188470192
2025-08-25,3.967410676154275,3.976330360014946,3.951065836307921,3.953955957491191,-0.0012589434477455813,-0.0006311078501229452,-0.0018902420722816688,-0.0021556328344005536,0.0015245249842776084,-0.0002653907621188848
2025-08-26,3.9522900636223275,3.9710439008231515,3.9467331635368343,3.9688570985373777,-0.0026403245358228296,-0.0008095572837272583,-0.002184087990628365,-0.0009735256734447381,0.00016396838971747976,0.0012105623171836267
2025-08-27,3.9636227027119055,3.983626964931813,3.9598256112732098,3.9782840636398675,-0.0006742659439776722,0.001104369222126635,0.0005670135325598044,0.0016977907976820047,-0.0005934215755553696,0.0011307772651222001
2025-08-28,3.98386648110048,3.997127549663968,3.9695265933896517,3.992016334719712,0.0015148399002709518,0.003265224103476172,0.00341123836914568,0.004680300955448572,-0.0014150768519724,0.0012690625863028917
2025-08-29,3.983984112242572,3.9894596168534786,3.9569247864618333,3.969205303396971,0.0045756826000768165,0.0047641751813363355,0.00524821248342564,0.005413301715500142,-0.0006491265341638068,0.00016508923207450218
2025-09-02,3.9250844865939456,3.945734958295848,3.908124234300708,3.944413570968561,0.0029377665677246356,0.002844736983440649,0.0042507561119436875,0.00465104167997815,-0.0018063046965375012,0.0004002855680344626
2025-09-03,3.9529219475387727,3.9643170352941413,3.9337945635820875,3.954563065616461,0.003307681186128234,0.00254200050568281,0.0036897744727003652,0.0032733832742091844,-0.0007313827685263745,-0.00041639119849118085
2025-09-04,3.960050033524832,3.989122636405834,3.950473554275852,3.987949125330247,0.002749205219164212,0.0018438670326450994,0.0020502916427398246,0.0029966199113324525,-0.001152752878687353,0.0009463282685926279
2025-09-05,4.007160453153924,4.015192467784718,3.9580149266674227,3.983152950579965,0.003287042397515875,0.0012379416950284512,0.00041384961362085697,0.0007118465744083884,0.0005260951206200628,0.00029799696078753143
2025-09-08,3.9912189955264763,3.9989166272725654,3.978040104252208,3.9921078871920574,0.002598612295768928,0.0024099304833486964,0.0007211141020733156,0.002149164244361482,0.0002607662389872145,0.0014280501422881662
2025-09-09,3.9931067019547286,4.003737010942585,3.9805555459999638,3.998790918960212,0.0038365386651662637,0.0030858263861774427,0.00230703752808148,0.002352940535877765,0.0007328858502996779,4.59030077962848e-05
2025-09-10,4.019814581721921,4.0289712414587955,3.998868788055074,4.012378703280556,0.005211750661547838,0.00445350242040545,0.004245569188210574,0.00374782402407953,0.00070567839632592,-0.0004977451641310442
2025-09-11,4.02557151422013,4.053234489347696,4.018641859224444,4.048866729428589,0.006838007423202471,0.007281349696597664,0.0075035148882668335,0.007233893221210586,4.74564753870782e-05,-0.0002696216670562473
2025-09-12,4.0493307565097885,4.059593765300973,4.037190052708925,4.044760326404004,0.0103589133961589,0.01051237798370765,0.011706988156436554,0.01055591407336943,-4.3536089661780006e-05,-0.0011510740830671246
2025-09-15,4.057070242880112,4.068692685251365,4.048103559222772,4.060177177287881,0.01351630887867478,0.012971349224539668,0.014845459992970371,0.012558797531807993,0.0004125516927316747,-0.0022866624611623775
2025-09-16,4.066584715165984,4.069386526809503,4.049012182442398,4.055755835296112,0.012380141374299004,0.011592788302302166,0.01367492570636709,0.01156504533921472,2.7742963087445602e-05,-0.0021098803671523707
2025-09-17,4.059598348761455,4.077790628983157,4.027100183417178,4.057726694253638,0.011003575782700545,0.010412631195318016,0.011312814053611153,0.010005824316861069,0.00040680687845694695,-0.0013069897367500843
2025-09-18,4.077313585597441,4.097503992718609,4.066469224926829,4.083198392522632,0.00977545428155764,0.010586017715422672,0.011079060167813298,0.01081123774298155,-0.00022522002755887872,-0.00026782242483174706
2025-09-19,4.0946279883539605,4.103142261492799,4.076878129334191,4.096507288152514,0.011211073002132727,0.011491221517405436,0.010509814734570503,0.01086830937535095,0.000622912142054486,0.00035849464078044693
2025-09-22,4.08770990651235,4.11631065730883,4.084903869965202,4.111438403502894,0.010146365414365434,0.01096358731511204,0.010272582718165285,0.010962809284940568,7.780301714711141e-07,0.0006902265667752833
2025-09-23,4.112825315684069,4.124551132630987,4.090565895062922,4.098295477674468,0.00940784953135269,0.009783834556437433,0.00921656617860132,0.009339527281634404,0.000444307274803029,0.00012296110303308336
2025-09-24,4.104831741547758,4.108355520056812,4.075460938646334,4.085908809597039,0.00856271111957409,0.007938553186453355,0.007224066952558557,0.006740345262560995,0.0011982079238923608,-0.000483721689997562
2025-09-25,4.067953063093277,4.07845279890879,4.043606888832706,4.066382810593743,0.005059292900148818,0.0051175304785885355,0.0038838891408061052,0.004617369812976901,0.0005001606656116347,0.0007334806721707955
2025-09-26,4.076021837867169,4.094580815216932,4.064688381681774,4.091653158218837,0.0030662234104506777,0.003294493001857856,0.002627550751807459,0.0033867006241510315,-9.220762229317572e-05,0.0007591498723435726
2025-09-29,4.1088264084602875,4.116270266653218,4.0909762061325345,4.102404581806567,0.003054931634066842,0.0028370257223936613,0.003199347718951063,0.003201864819461805,-0.0003648390970681435,2.517100510741714e-06
2025-09-30,4.1001670711133125,4.118403493913542,4.086578318280139,4.115999421980963,0.0025782630568434058,0.0019654744409823674,0.0030721663280631863,0.0029519622912739497,-0.0009864878502915822,-0.00012020403678923665
2025-10-01,4.101011547843611,4.134629678717178,4.095010473209203,4.130194834331217,0.0012748402264575955,0.0019451162076610233,0.001488773624500563,0.0028775202862096018,-0.0009324040785485784,0.0013887466617090389
2025-10-02,4.140393886641208,4.144468109684174,4.118692246201371,4.1353386267837635,0.0027985825852227452,0.003086665733884468,0.0029985617327659302,0.00390336029857973,-0.0008166945646952621,0.0009047985658138
2025-10-03,4.142129912942447,4.161126267938821,4.126247558446764,4.137721485628131,0.004806701095171707,0.004943464635118727,0.004981378423700627,0.005314431298863483,-0.0003709666637447557,0.00033305287516285573
2025-10-06,4.159898541897014,4.1638711190660365,4.1410151672269215,4.151775359614172,0.006747031187886808,0.007125039301378669,0.007706333100922554,0.007987918903858247,-0.0008628796024795779,0.00028158580293569276
2025-10-07,4.159333689017351,4.163626351957932,4.125860920944628,4.1365407094920075,0.009455897972738997,0.00926613761040454,0.009302023929725371,0.008465297736521379,0.0008008398738831614,-0.0008367261932039922
2025-10-08,4.144636822570939,4.166216372689945,4.133907501119269,4.160837677473125,0.010266474695871834,0.009995163250450424,0.009901803541715352,0.008978609292476965,0.0010165539579734591,-0.0009231942492383873
2025-10-09,4.163392888889067,4.167312922191013,4.133390347803081,4.146812997391212,0.009159045187595624,0.008089142269981796,0.007641328288605481,0.006516976330095344,0.001572165939886452,-0.0011243519585101367
2025-10-10,4.155343259620444,4.165010747260614,4.0360963438957045,4.038180672903594,0.006993616936917103,0.006055656795279946,0.0003910558732689966,-0.0011602776632406275,0.007215934458520573,-0.001551333536509624
2025-10-13,4.084892905883932,4.108780397634464,4.076028866245633,4.100483930490981,0.0022109417128394855,0.0015473286240716426,-0.002581987174310705,-0.004074259242140227,0.00562158786621187,-0.0014922720678295222
2025-10-14,4.065373640043645,4.126683317446235,4.043829197547153,4.102771991127787,-0.003923606833823593,-0.0017514752064881087,-0.00742338843333807,-0.005933834213277562,0.004182359006789454,0.0014895542200605077
2025-10-15,4.133013700376681,4.153719814482697,4.084713926531472,4.122687311513762,-0.0058906605370324504,-0.002594176860667474,-0.008954398743610682,-0.005600425663003197,0.0030062488023357226,0.0033539730806074856
2025-10-16,4.135895674180993,4.146298555983953,4.071340541930707,4.092495789632286,-0.005462931295112607,-0.003417174620197038,-0.009511274903201942,-0.006479907623761336,0.003062733003564298,0.003031367279440606
2025-10-17,4.085923074872126,4.123669079320241,4.0771006380842225,4.114678487881594,-0.007590721323167036,-0.00438615081470751,-0.00867631646508233,-0.005471259852187566,0.0010851090374800563,0.003205056612894764
2025-10-20,4.134068582483411,4.163547621279878,4.133528367176546,4.157386212294147,-0.005226522483691489,-0.0025429172075618245,-0.0031832543958249557,-0.0009168658439319422,-0.0016260513636298822,0.0022663885518930133
2025-10-21,4.158443286830391,4.1711002930728025,4.1476110696974775,4.1583582754976005,-0.0012573607577084664,-0.00030011630635861335,0.002158421089698533,0.0026068961166104544,-0.002907012422969068,0.0004484750269119213
2025-10-22,4.159652524509635,4.161240698833593,4.104573715951274,4.132389065546351,0.0018087610444962948,0.001486963368599251,0.005425405064310009,0.006069498236061092,-0.004582534867461841,0.0006440931717510831
2025-10-23,4.134519811676511,4.163028628701335,4.128378428598999,4.15683293540472,0.004572403514118648,0.0035049809892185283,0.010311912055209017,0.010275255335377365,-0.0067702743461588374,-3.665671983165211e-05
2025-10-24,4.187683280154847,4.200096728301642,4.182457613698246,4.1898650180419965,0.010049206279348726,0.007443347453157374,0.011722676387442893,0.008919153636782537,-0.0014758061836251633,-0.002803522750660356
2025-10-27,4.223238289111684,4.237742868701599,4.216218688539056,4.234953674424207,0.012376682671494601,0.009261165163338105,0.015863046051867183,0.012337385578335264,-0.003076220414997159,-0.0035256604735319184
2025-10-28,4.242564269751895,4.254257823061778,4.2260859409181615,4.238514821933878,0.01278010533675099,0.01161014508586318,0.016695714329272252,0.014472463015193733,-0.002862317929330553,-0.002223251314078519
2025-10-29,4.2429107637767265,4.252205693426904,4.2074109748379165,4.232620696691756,0.015563999823039978,0.014103266156607236,0.017026224045242663,0.01596836309117009,-0.001865096934562856,-0.0010578609540725717
2025-10-30,4.212331352903381,4.235406180009005,4.1903312243976565,4.192860221440696,0.015539972413494023,0.013991531335619827,0.014046315087372797,0.011950215965256965,0.002041315370362862,-0.002096099122115832
2025-10-31,4.217106513947465,4.2264285511386825,4.186747201462126,4.206372190934413,0.011518408637611326,0.010801383477154574,0.00981260907698776,0.008931393339762192,0.0018699901373923824,-0.0008812157372255682
2025-11-03,4.224918454581252,4.228555526652774,4.184435659748933,4.208076878259267,0.009542548930077374,0.009140252573513235,0.00788561832624529,0.007741296461880347,0.0013989561116328876,-0.00014432186436494267
2025-11-04,4.165220232685003,4.188014939883374,4.148792736371807,4.158383142611966,0.004834192292572839,0.0049833537792766175,0.0043362568615109166,0.003291004083889636,0.0016923496953869816,-0.0010452527776212807
2025-11-05,4.1580688197872675,4.1983827961963875,4.15139410127968,4.179990496241903,-0.0002657703650356887,0.0005296421157350188,-0.001954692120714683,-0.0017122874518165022,0.002241929567551521,0.00024240466889818087
2025-11-06,4.173577004775375,4.181008747690979,4.126930343881457,4.136427185360113,-0.006176149791290684,-0.005202756837073883,-0.008560566849096873,-0.008039155295917476,0.002836398458843593,0.0005214115531793975
2025-11-07,4.12202047922019,4.144807541808618,4.084088721963195,4.143978101488379,-0.011827892629259,-0.010656501216047375,-0.013880425769827849,-0.011504673720299395,0.0008481725042520198,0.0023757520495284543
2025-11-10,4.181132308588744,4.207764578677549,4.164088476856172,4.200807863862486,-0.011089107196248454,-0.009496310751348408,-0.011393573170826753,-0.00830827144966004,-0.001188039301688367,0.0030853017211667118
2025-11-11,4.194954237326896,4.217756853879868,4.1841579534409865,4.21202773440079,-0.007797624146682921,-0.006326716924037709,-0.006522323670011935,-0.003848577793720339,-0.0024781391303173696,0.0026737458762915957
2025-11-12,4.2253019703617785,4.23522513076411,4.200592609484419,4.218230213815652,-0.0022506193005289994,-0.0018986806461913225,-0.0014914180936665368,0.000877546844865396,-0.0027762274910567183,0.0023689649385319326
2025-11-13,4.203390949423637,4.207671844056272,4.140915408958828,4.150507352527526,0.00027605147762386004,0.00011230652473485125,-0.0007716357225707125,-0.000566571023231271,0.0006788775479661223,0.00020506469933944142
2025-11-14,4.111977032870106,4.172591627737232,4.0963658614867775,4.148499294291002,-0.0017567787777830674,-5.2507471244734096e-05,-0.002121783949424219,-0.0007060532663065749,0.0006535457950618408,0.001415730683117644
2025-11-17,4.136465832705962,4.162794815744189,4.087857034209758,4.106936551354939,-0.0006587635322864755,4.2674105627354125e-05,-0.002994621414990405,-0.002297458737044646,0.002340132842672,0.0006971626779457593
2025-11-18,4.086912351795258,4.11203225110334,4.053530714974724,4.080842220501008,-0.0051713938946959396,-0.004536617738190725,-0.00694534845137685,-0.00739916369867379,0.002862545960483065,-0.0004538152472969405
2025-11-19,4.083358803634223,4.11946611034604,4.0647709024936525,4.090189219200379,-0.009405428581620058,-0.0070982336414783884,-0.00895485885472623,-0.009610652160632898,0.00251241851915451,-0.000655793305906668
2025-11-20,4.1482842961973,4.164461162311719,4.019794596817628,4.023552710210428,-0.008158617812526223,-0.007407277994267206,-0.013998561287727782,-0.017272579692447762,0.009865301698180555,-0.00327401840471998
2025-11-21,4.0385090151515355,4.10067368651417,4.012520042913377,4.0675732496844885,-0.016030073063812777,-0.013408476141755351,-0.02099655058201105,-0.02066181702440298,0.007253340882647627,0.0003347335576080711
2025-11-24,4.08874199031489,4.134351846064147,4.078332147897547,4.121708881945362,-0.016208499056544205,-0.012840592155322728,-0.018203972562476696,-0.016383431446838105,0.003542839291515377,0.0018205411156385909
2025-11-25,4.1240682844719,4.172224056828771,4.101268861119026,4.165074367620491,-0.012418691715454627,-0.008650948233532975,-0.011782865334799796,-0.008032888833929261,-0.0006180593996037136,0.0037499765008705346
2025-11-26,4.179595915250879,4.2092199369490295,4.171969083026054,4.195808734946271,-0.0027176986403983196,-0.0007268827304633411,0.0005949776400585051,0.0029767041611378133,-0.0037035868916011545,0.002381726521079308
2025-11-28,4.205504451050513,4.22667220744507,4.201089389358243,4.224171172570354,0.007489765356469833,0.0066274534896263735,0.010929672761128512,0.011290257290666144,-0.00466280380103977,0.00036058452953763136
2025-12-01,4.196152866976704,4.224243788206093,4.187516364704955,4.202721132858532,0.011067263644205442,0.011280341955547392,0.01682466967085923,0.017407042916595627,-0.006126700961048235,0.0005823732457363971
2025-12-02,4.213037496755449,4.226709704962897,4.1951821939897975,4.213156066244942,0.016178015253092107,0.014788527378741466,0.021465692987135514,0.020664922791288332,-0.005876395412546866,-0.0008007701958471815
2025-12-03,4.209348204725711,4.240524804188332,4.202999928939982,4.235798323546603,0.016855825974800807,0.014891366762797049,0.02294380589981305,0.022130703554112605,-0.0072393367913155555,-0.000813102345700447
2025-12-04,4.2411647217610655,4.2448463306616935,4.218511948955205,4.236594196072724,0.017548108924908875,0.014168030896913068,0.024205626781670632,0.022384772997767054,-0.008216742100853986,-0.0018208537839035782
2025-12-05,4.242214001923583,4.263986622746803,4.235512456271072,4.242697356669872,0.02071319250170069,0.015968620847739052,0.02153279984827628,0.016754702397422605,-0.0007860815496835531,-0.004778097450853676
2025-12-08,4.250313491060263,4.254446379348527,4.217028705193914,4.229060258222486,0.01586317243772976,0.011789966282033654,0.014752036117620855,0.01065919395022544,0.0011307723318082132,-0.0040928421673954146
2025-12-09,4.225732094676995,4.244604175607447,4.2153188686596765,4.225591359838519,0.01045388696484996,0.007455763447911921,0.009786589365490641,0.006026096729318644,0.0014296667185932765,-0.003760492636171997
2025-12-10,4.224075516388877,4.271301071858273,4.213704506686545,4.261360122873553,0.005648842839908513,0.005766177132467169,0.004601755620353307,0.004975873774808306,0.0007903033576588635,0.0003741181544549988
2025-12-11,4.24825448860268,4.274952104706416,4.228142902524199,4.273297335505018,0.0046522849250219015,0.0055411965557928535,0.003554962556313927,0.005458629267332173,8.256728846068023e-05,0.0019036667110182465
2025-12-12,4.267517237047864,4.272865312710321,4.211821392302016,4.225117685667305,0.005601432968311199,0.00556912211231137,0.002878364272020834,0.0042649772702075435,0.001304144842103827,0.0013866129981867097
2025-12-15,4.249780567887036,4.253547448503829,4.209824946191353,4.220597824859521,0.004208017258545695,0.0038215349414500166,0.0010579157327599408,0.0013833118773616758,0.0024382230640883408,0.00032539614460173503
2025-12-16,4.211956768733896,4.22865624695649,4.182893072166269,4.205728554433991,0.001227094478278763,0.0005254444360633735,-0.0019908958796238537,-0.0018304295796129088,0.0023558740156762823,0.00016046630001094486
2025-12-17,4.2128340537982805,4.21976714207,4.158649709690737,4.161519762644572,-0.0019388294577733084,-0.002358094169237301,-0.005691931335527085,-0.005856045413342635,0.003497951244105334,-0.00016411407781554994
2025-12-18,4.201326446184331,4.220090446870198,4.180573025965663,4.191547938595466,-0.003653592662199842,-0.004684288176686951,-0.0066254364572467675,-0.007290356379499991,0.0026060682028130402,-0.0006649199222532234
2025-12-19,4.202690644971985,4.234213951575739,4.201606450425767,4.225387007292471,-0.004741104824020068,-0.004664018409172591,-0.004818430993544913,-0.005926007346892547,0.0012619889377199567,-0.001107576353347634
2025-12-22,4.2485689412680925,4.260880312261741,4.237055798200212,4.252800871205993,-0.0023071275248000072,-0.0034643552408393026,-0.00189909292492259,-0.003765674126071457,0.0003013188852321546,-0.0018665812011488673
2025-12-23,4.246676359809948,4.268195523039417,4.245711552689712,4.265024985295531,-0.0015939956422763553,-0.0025998145572286623,0.0011356354619802569,-0.0014575959439462097,-0.0011422186132824526,-0.0025932314059264666
2025-12-24,4.266650102774351,4.284863089217199,4.264537643579226,4.281260068292634,-0.0001556953037259156,0.0006677034566558676,0.004721221232162574,0.0036426330833019675,-0.0029749296266461,-0.0010785881488606067
2025-12-26,4.283318555637355,4.287716799381159,4.271363731354515,4.279608313808969,0.003287669261175608,0.0041698924892516805,0.00902553955026267,0.009207369127246881,-0.005037476637995201,0.00018182957698421182
2025-12-29,4.264714990830542,4.277263906156173,4.255246547772774,4.265915945837421,0.006575458162842874,0.006808080671354125,0.010838749248118463,0.010736775373818055,-0.00392869470246393,-0.00010197387430040811
2025-12-30,4.263795711304647,4.27180122183021,4.256583402979768,4.258705468479317,0.008664626555010092,0.007807130355900321,0.012065416392665954,0.01107703443585103,-0.003269904079950709,-0.0009883819568149241
2025-12-31,4.259939934562635,4.261928049734778,4.2250146225422425,4.225949994975112,0.007852012715675049,0.0063869720857048255,0.009207922617271156,0.008177435779955139,-0.0017904636942503134,-0.0010304868373160175
2026-01-02,4.250839269827818,4.271006306278694,4.209759129830189,4.24104590605243,0.006019870521415118,0.004466089873614042,0.003391522645565556,0.0029088892993926396,0.001557200574221402,-0.0004826333461729164
2026-01-05,4.2655598199549605,4.289678582092404,4.257822037156161,4.276365050156944,0.0037628242988628586,0.002964168308239471,0.0010387820961571018,0.0006047667314649532,0.0023594015767745176,-0.0004340153646921486
2026-01-06,4.2787598239641165,4.31515875377509,4.276401043912744,4.3108622859652845,0.0015381385321005078,0.0029501487214146625,0.00016531856183585477,0.0014101632836534294,0.001539985437761233,0.0012448447218175746
2026-01-07,4.310988789020967,4.326638053073392,4.2852542043873765,4.290807515807077,0.0032078987458507317,0.004358880994178002,0.0012314434082215389,0.001913190225413118,0.0024456907687648837,0.0006817468171915792
2026-01-08,4.285707143311684,4.30694712464075,4.26950688613698,4.294369282684914,0.0026158837903349805,0.004384179818682883,0.0014314508167683944,0.002964749698586628,0.0014194301200962552,0.0015332988818182334
2026-01-09,4.302985285144067,4.335177870571087,4.29371619216251,4.327358404654924,0.003824795392979305,0.0065907922075875555,0.003918610268466123,0.0065423662379386766,4.842596964887893e-05,0.0026237559694725536
2026-01-12,4.305702001962545,4.338400447128311,4.3011106172572955,4.331821923322662,0.005852695287259471,0.008553552706254696,0.0069104951396467525,0.009694562752834583,-0.0011410100465798871,0.0027840676131878307
2026-01-13,4.336509726171041,4.34360150735873,4.30985481887387,4.324454404442493,0.008049464347304105,0.009488800605555849,0.00894428924321806,0.010899177833573385,-0.0014103772280175363,0.0019548885903553255
2026-01-14,4.308326499646319,4.322466703119187,4.279420319920124,4.311440168417197,0.007777441988025491,0.00810296991002921,0.008745225010371352,0.010203669930209385,-0.0021007000201801757,0.0014584449198380336
2026-01-15,4.340226297338202,4.356382300304831,4.318488854514521,4.326306098306954,0.008448589679543705,0.007294742360218247,0.008295775278470575,0.007496124212213912,-0.00020138185199566547,-0.0007996510662566627
2026-01-16,4.338785284475109,4.34462097934993,4.312822192673016,4.323953872024548,0.007461257653474233,0.005305305308885218,0.005387181059595946,0.004450231698128489,0.0008550736107567295,-0.000936949361467457
2026-01-20,4.263675511079336,4.288945764888137,4.238868452094697,4.245802520505042,0.002292386606447383,0.000631557697868558,0.00039969102069199595,-0.0015087972430487002,0.0021403549409172583,-0.0019084882637406962
2026-01-21,4.258951909143064,4.321920189567871,4.250932768615488,4.301396856676097,-0.0022312950804248568,-0.0005360241856590907,-0.0024614045143788576,-0.0017651372221953135,0.0012291130365362228,0.000696267292183544
2026-01-22,4.328929927723008,4.336916620804233,4.308265739223837,4.321716712833591,-0.0005493003279821839,-0.0002022890884411604,-0.0012963300416278121,-0.002135373611914414,0.0019330845234732535,-0.0008390435702866018
2026-01-23,4.314737626577604,4.332093772223337,4.298576448187754,4.316321629193001,-0.0015443424877506237,-0.001568935721215993,-0.0019885112643436447,-0.002937093099585787,0.001368157378369794,-0.0009485818352421424
2026-01-26,4.322443738708039,4.343674467213082,4.317348692045318,4.333712172134111,-0.001319059782074857,-0.0007266662026197345,-0.00039515650586338,-0.0008570517683243061,0.00013038556570457163,-0.00046189526246092613
2026-01-27,4.342200159912236,4.357126337595064,4.333113123123547,4.3517064753785535,-7.089969025918553e-05,0.0009611910873905779,0.0022645834403810525,0.002425049560432472,-0.001463858473041894,0.0001604661200514195
2026-01-28,4.365997348795561,4.375481352670895,4.346107067592666,4.356287247628698,0.004086735252126131,0.003769987876089229,0.0058281216064550705,0.005224818394993271,-0.0014548305189040415,-0.0006033032114617998
2026-01-29,4.3660677216229,4.377715524352492,4.300807530778216,4.353771607642467,0.006011901215269489,0.004905239257970179,0.004452388152778542,0.006633902123331357,-0.0017286628653611783,0.0021815139705528147
2026-01-30,4.335329345077149,4.352643485567239,4.301499727952329,4.330232452627252,0.007687188037478252,0.0062642820186886525,0.005459740962066863,0.007236985580153412,-0.0009727035614647593,0.0017772446180865488
2026-02-02,4.315426712308289,4.370593762692235,4.313471341365779,4.360498724797052,0.008240166181555753,0.007863661707263101,0.006948242217348379,0.009286549350800566,-0.001422887643537464,0.0023383071334521863
2026-02-03,4.3668148562966005,4.3857423408758285,4.297980883907154,4.334404220523521,0.006871949979420782,0.006262824898189101,0.0026536915885410186,0.004259718511015273,0.0020031063871738287,0.001606026922474254
2026-02-04,4.336057374907341,4.348230707683301,4.282913513077156,4.310425422800118,0.0022609722970623994,0.0036409021543814648,-0.002374942187940218,0.0005572823277997524,0.0030836198265817125,0.0029322245157399705
2026-02-05,4.2823252800409115,4.303781916814866,4.251673755117443,4.26311025117554,-0.001550257391035558,-0.0007246533800128232,-0.005673010109081535,-0.0044807614865479475,0.0037561081065351242,0.001192248622533587
2026-02-06,4.288818363787078,4.360277861547185,4.283604158573749,4.350873112601485,-0.0053885674641017305,-0.0019285023921056,-0.0071894089519038504,-0.004381031021482824,0.0024525286293772238,0.0028083779304210266
2026-02-09,4.339146384641118,4.378475121821622,4.32597865593908,4.366491621846336,-0.005653799072306089,-0.00170935256353517,-0.004961506352609875,-0.00268881820042435,0.0009794656368891797,0.0022726881521855256
2026-02-10,4.370524952626944,4.383092280677056,4.351270533630892,4.35483651264588,-0.003092833994131969,-0.0007633924641548413,-0.00040769033938073927,-0.000830045055363963,6.665259120912175e-05,-0.0004223547159832238
2026-02-11,4.382379269857191,4.390414726640846,4.339743316861154,4.364388511116791,0.0013578786437959283,0.0014909027464028398,0.004163541535775499,0.0018171911591214592,-0.00032628841271861936,-0.00234635037665404
2026-02-12,4.376274327056391,4.388388624739207,4.290926130675613,4.295955283127763,0.005281717183361872,0.0036026174929782114,0.003129185052351209,0.0004657993813282623,0.0031368181116499493,-0.0026633856710229467
2026-02-13,4.297176718801309,4.339144716794384,4.273681896591804,4.312369073809669,0.0027181991946490765,0.0012274607309801313,0.0013201550075097746,-0.0008587677904092316,0.002086228521389363,-0.0021789227979190063
2026-02-17,4.302694270258897,4.331983323941345,4.268899031045803,4.310671496615323,-0.0004087475503514824,-0.00017801087802817053,0.0003855347830015715,-4.165280000211449e-05,-0.00013635807802605605,-0.000427187583003686
2026-02-18,4.319939282452324,4.353792285343377,4.308109324115022,4.333761563573037,0.000985151630169514,0.0010840077562337927,0.001097231081026986,0.0008992531720658644,0.0001847545841679283,-0.00019797790896112165
2026-02-19,4.319109985314571,4.33461320055832,4.303153812672137,4.322563767193316,0.0008515064359445742,-0.0008136076526460901,0.0004113663940119085,-0.00036142648298107406,-0.00045218116966501604,-0.0007727928769929826
2026-02-20,4.3067344326618535,4.355859288529732,4.299984719640044,4.349436302959785,-0.0033338856565812485,-0.004350537567950954,-0.002775345408370692,-0.0034578076820190873,-0.000892729885931867,-0.0006824622736483952
2026-02-23,4.336979871990815,4.353603387972584,4.289843280190858,4.3041505937298785,-0.005732522779854956,-0.0048753611583379685,-0.004972120520259346,-0.00421983743228292,-0.0006555237260550484,0.0007522830879764259
2026-02-24,4.305812639659426,4.344550417597189,4.29441405408567,4.337705179507242,-0.007059765224313729,-0.004599929737879829,-0.004170239917979972,-0.0015440495374991943,-0.0030558802003806352,0.0026261903804807776
2026-02-25,4.354992715028551,4.377691078789389,4.344199154799151,4.3733255336144365,-0.0032085081770779657,-0.0017978067623402125,0.0014159180463483739,0.002646586056908332,-0.004444392819248544,0.0012306680105599582
2026-02-26,4.371996797640093,4.380039069980569,4.320961957170607,4.351901380410871,0.002548801647329781,0.0016860206380336037,0.005051825068491677,0.006081322029563185,-0.004395301391529582,0.0010294969610715084
2026-02-27,4.31630901873138,4.347000648114613,4.306779351839276,4.342274813901632,0.0049874482199010845,0.0033584443754311934,0.004887309201896576,0.004580116517062837,-0.001221672141631644,-0.00030719268483373873
2026-03-02,4.297967228442178,4.35558602926184,4.291758966892113,4.342516887604551,0.001879311842419599,0.002717906877563178,0.0025617237487942646,0.0036249188789836528,-0.0009070120014204749,0.0010631951301893882
2026-03-03,4.2643579468745925,4.3115212754775385,4.227923834730303,4.2947917381958645,-0.002703803246313627,-0.0010028774710748496,-0.003783751710749993,-0.00041206858579699286,-0.0005908088852778567,0.003371683124953
2026-03-04,4.308804128147863,4.343809628326313,4.291138639463947,4.332154634595812,-0.003248230987436251,-0.0012605233470526734,-0.0035704583278990776,-0.000679260165890962,-0.0005812631811617114,0.0028911981620081155
2026-03-05,4.308103752378338,4.332575640019134,4.26233084130758,4.299703395296648,-0.003751175951783639,-0.003288535970703868,-0.005053161550968672,-0.0034435611757726065,0.0001550252050687385,0.0016096003751960657
2026-03-06,4.247466767166844,4.267324590916482,4.221103472842992,4.242251961900839,-0.00825322079619696,-0.0074345931589608815,-0.008501079300130438,-0.007272978933155931,-0.0001616142258049503,0.0012281003669745065
2026-03-09,4.203259667486114,4.286815128207775,4.174364076793063,4.2765318705868145,-0.012431803419507118,-0.009594775651948158,-0.01421837829048185,-0.010952426637432016,0.0013576509854838579,0.0032659516530498343
2026-03-10,4.273623210208353,4.312006771432244,4.2556281124855575,4.269371923733581,-0.013229339146670132,-0.010174845209053705,-0.013798627336160744,-0.012450672110447382,0.0022758269013936766,0.0013479552257133626
2026-03-11,4.2705292421071075,4.2867001662855015,4.244743989284274,4.2642555603053545,-0.010526790176552451,-0.00953142919571433,-0.010183416489494408,-0.011025019790296511,0.0014935905945821816,-0.0008416033008021035
2026-03-12,4.230758284699023,4.240347017970682,4.198835058862672,4.2001463445626355,-0.007836160976755453,-0.01015691382917873,-0.00941595847118348,-0.01320245038108826,0.00304553655190953,-0.0037864919099047795
2026-03-13,4.220388694178203,4.244239433727438,4.179828073274614,4.1860651208398,-0.007711682424237743,-0.011079409339582102,-0.009150426103304691,-0.01495026384103562,0.0038708545014535176,-0.005799837737730929
2026-03-16,4.225500634231311,4.248765063734734,4.216959507114041,4.226620689019546,-0.007368486196549699,-0.009937103083564254,-0.0063220984186660445,-0.012576366328416407,0.0026392632448521535,-0.006254267909750363
2026-03-17,4.248344299944765,4.263821445618284,4.236277465947903,4.2421676704344105,-0.0071415076500775335,-0.009616390304038231,-0.005789079247475896,-0.011131325867868448,0.0015149355638302171,-0.005342246620392553
2026-03-18,4.229019290290264,4.236609280199542,4.182838868858384,4.184728375629601,-0.0048114369764834285,-0.008049240843988835,-0.004057828465199631,-0.009690610603205033,0.0016413697592161988,-0.0056327821380054025
2026-03-19,4.153167030346526,4.196222232571659,4.14185145319999,4.175826247450001,-0.0056983650740603355,-0.008134555649250795,-0.0051700502855563605,-0.009111896962631247,0.0009773413133804514,-0.003941846677074886
2026-03-20,4.16885757620567,4.173584961215312,4.092907763912052,4.114451296606954,-0.007893890023337352,-0.012151932075369411,-0.010240062896741819,-0.014209462287196977,0.002057530211827566,-0.003969399390455158
2026-03-23,4.173995320934079,4.202812473740835,4.146060340255189,4.156383382769363,-0.01180347565146288,-0.012139473457025806,-0.013972916426709728,-0.01318539669300406,0.001045923235978255,0.0007875197337056678
2026-03-24,4.129364172422261,4.174724296036553,4.120253947117048,4.150190800565057,-0.013101865361756051,-0.010961440383745835,-0.013352713426678138,-0.011520092793292469,0.0005586524095466342,0.0018326206333856686
2026-03-25,4.183417028756492,4.196603452354348,4.154900295733446,4.172364655184269,-0.009909587596494303,-0.00861307578902722,-0.00992741883227998,-0.007541777134796269,-0.0010712986542309507,0.0023856416974837105
2026-03-26,4.144795574744088,4.1644996169208595,4.102963809075173,4.1056436869292146,-0.010419426139713332,-0.010013957997351702,-0.011306604404308631,-0.010362905580683241,0.0003489475833315398,0.0009436988236253899
2026-03-27,4.090563745528499,4.09629592106144,4.034911869100432,4.042545491506369,-0.013536698251171505,-0.013956184977256838,-0.01650277059249677,-0.016419015265903295,0.0024628302886464566,8.375532659347582e-05
2026-03-30,4.077615045909083,4.081475887852588,4.007733746917028,4.0239638870369925,-0.015445831324394147,-0.016611814038782716,-0.018949390835645966,-0.0190453305970647,0.0024335165582819833,-9.593976141873337e-05
2026-03-31,4.065774179917486,4.139783929023201,4.056078747608235,4.130714543636152,-0.014685366182052729,-0.013055498112315515,-0.014935077298265613,-0.012355971328704557,-0.000699526783610958,0.0025791059695610564
2026-04-01,4.153351646556427,4.18280103108563,4.146456299731244,4.161443226110558,-0.008223311139071824,-0.007463454112236994,-0.007369425349965836,-0.006468841436021605,-0.000994612676215389,0.000900583913944231
2026-04-02,4.107543155427982,4.180594511934083,4.098398835121484,4.167472380214742,-0.008399534835905735,-0.004032014342720946,-0.004716583192428989,-0.0005640795675802117,-0.0034679347751407344,0.004152503624848778
2026-04-06,4.170414287338483,4.194874313202554,4.1628616525726585,4.188088691385244,-0.003547371008605247,-0.0011414008291347718,-0.0012838015739814865,0.002474803971961266,-0.003616204801096038,0.0037586055459427527
2026-04-07,4.17421505218973,4.190822636985864,4.13887748567642,4.187406056528288,0.0018357543545019052,0.003218660247215381,0.0035363319256002147,0.00737935081160769,-0.004160690564392309,0.003843018886007475
2026-04-08,4.292271946154029,4.3083453013007,4.262753066214237,4.295438716085477,0.010680273351169023,0.012261834642331394,0.013479953967474883,0.01738771694973586,-0.0051258823074044665,0.003907762982260978
2026-04-09,4.287682673662722,4.326855271830222,4.2770970342270465,4.319490877199452,0.020903352467783035,0.022153605666133155,0.024788468789357376,0.028425695329053483,-0.006272089662920328,0.0036372265396961076
2026-04-10,4.326818835453493,4.332982435333103,4.3007377267857185,4.308228699441729,0.029422541718748793,0.028660519979667107,0.03244287090093589,0.03261796040742889,-0.003957440427761784,0.0001750895064930036
2026-04-13,4.295721669414462,4.370487959172653,4.288983210251248,4.347926760726511,0.030423724077947436,0.030624061100945586,0.03252206195825091,0.03231345201239045,-0.001689390911444863,-0.0002086099458604579
2026-04-14,4.355816297675202,4.395944647008811,4.348853117199747,4.393733411884667,0.031352785896304636,0.02966460676165209,0.030975356871429018,0.02956712345262455,9.748330902754204e-05,-0.0014082334188044686
2026-04-15,4.397040131574259,4.42753324873194,4.380952566080876,4.41869375526294,0.030368893021641825,0.030503627271282596,0.030267750614716253,0.030816923761342718,-0.00031329649006012206,0.0005491731466264645
2026-04-16,4.422485885638318,4.441663876364163,4.408484332737817,4.433116019758441,0.03259610327601747,0.031493345550363025,0.03314918275994462,0.03141131476354206,8.203078682096632e-05,-0.0017378679964025617
2026-04-17,4.458245564455776,4.49747526642541,4.452854067551688,4.483727171522218,0.030457708856335215,0.03224248873445647,0.032070853914896225,0.031875254091342925,0.0003672346431135426,-0.00019559982355329963
2026-04-20,4.47854438637826,4.4890091284206655,4.4595815959000165,4.477742970287523,0.02936699340793949,0.029640850481748856,0.03136057526522639,0.02955381177761842,8.70387041304356e-05,-0.0018067634876079708
2026-04-21,4.489566841945293,4.499005528623236,4.442578043311424,4.452524410148577,0.025395976840679877,0.02374908818663713,0.024527280277310052,0.022300341691278213,0.0014487464953589178,-0.002226938586031839
2026-04-22,4.483486642510418,4.503258085586732,4.467969087118833,4.4910484425708885,0.025141326692706887,0.02218857763007035,0.023656104470682563,0.02113680396669138,0.0010517736633789722,-0.002519300503991184
2026-04-23,4.4853736465240095,4.5081548721380145,4.447105277916037,4.485715272990131,0.022365898641734903,0.019766583353589717,0.020115700321670545,0.018914816503050488,0.0008517668505392297,-0.001200883818620057
2026-04-24,4.509172480332286,4.531442635051767,4.4906315493940046,4.519713575818144,0.02110141203470473,0.016825737344623535,0.01846479662156225,0.015781628909323588,0.0010441084352999473,-0.002683167712238664
2026-04-27,4.51773788160211,4.53352455407589,4.507317271394978,4.522048868916153,0.016020637520047166,0.014093240632716917,0.014638645472441952,0.012858905311123109,0.0012343353215938085,-0.0017797401613188438
2026-04-28,4.506250633698783,4.515356606185955,4.481681890101899,4.499030519197835,0.011628488795467776,0.010090676317063951,0.01075905445973566,0.009623841100168493,0.0004668352168954587,-0.0011352133595671672
2026-04-29,4.500664544631938,4.512054559808546,4.483903167553187,4.507126500469599,0.007856453399620884,0.006566489475371295,0.007530541561876103,0.007218070186065644,-0.0006515807106943486,-0.00031247137581045907
2026-04-30,4.521131479960092,4.568238302864417,4.496738272625394,4.561698632153695,0.005641126407062946,0.006024411538551808,0.005589690336329234,0.0076785332367753,-0.0016541216982234926,0.0020888429004460663
2026-05-01,4.573023897465546,4.5989120877732885,4.5616375775529745,4.574949698051552,0.007444569329035809,0.009341973006902364,0.009077038792756002,0.010677281364404606,-0.0013353083575022417,0.0016002425716486034
2026-05-04,4.571109252013392,4.588358696788424,4.539774092112311,4.55683265905172,0.00910557931802927,0.010289948538212117,0.010501747387746821,0.01118315302149576,-0.0008932044832836421,0.0006814056337489383
2026-05-05,4.58384829111471,4.612137843154132,4.579686197056356,4.603362955955695,0.011074277985076994,0.011997157904577239,0.011997879459084884,0.011587140636641274,0.00041001726793596545,-0.0004107388224436105
2026-05-06,4.636002945368177,4.6718650080469555,4.627721847948657,4.666675389299035,0.014339623901571685,0.01587441564410645,0.016144957181467495,0.016184456525248962,-0.00031004088114251066,3.949934378146697e-05
2026-05-07,4.667331284538903,4.680361016053147,4.628819087583733,4.642516590593175,0.01759090612697859,0.01849782416666221,0.01702456662400333,0.01697966364296348,0.0015181605236987313,-4.490298103984949e-05
2026-05-08,4.668613460701674,4.703122262242124,4.6622530431699944,4.698722025910848,0.020293167027089744,0.021827925537228905,0.020427006170773095,0.021206553268321087,0.0006213722689078181,0.0007795470975479925
2026-05-11,4.704799438979435,4.7245204993050915,4.696139578253991,4.715734773096951,0.02360761736798355,0.02438303289840985,0.02470992311278345,0.024347297733482487,3.573516492736198e-05,-0.000362625379300964
2026-05-12,4.698176891692272,4.711553824986673,4.650257029123135,4.700748201864937,0.02352760851326695,0.022704568222539582,0.022492374902553798,0.022788328281363773,-8.376005882419074e-05,0.00029595337880997455
2026-05-13,4.707268374633767,4.7340667561338625,4.682482233062839,4.724505161545938,0.021244713905527204,0.019655797077407305,0.020137315234015248,0.020619862258240224,-0.0009640651808329181,0.00048254702422497603
2026-05-14,4.732360516192611,4.766111105001085,4.729687739243517,4.752134642391851,0.019190655071336743,0.01940942545208683,0.018805756052755973,0.020961708077453636,-0.0015522826253668055,0.0021559520246976632
2026-05-15,4.711022946799135,4.726325047813394,4.6802691526574165,4.690452034608992,0.016871871361714016,0.01663936603909991,0.0162816280332678,0.01651413713517844,0.00012522890392147046,0.00023250910191063845
2026-05-18,4.7018550023353205,4.710547974251669,4.6533119443792215,4.687412176262326,0.012252659174423393,0.010760780062662966,0.009391582652810317,0.00929292481573339,0.0014678552469295763,-9.865783707692713e-05
2026-05-19,4.660788070716247,4.6927575007565085,4.637849180888298,4.665610746020822,0.004657904835005363,0.004015998896164564,0.002942704414367149,0.002401781340827609,0.001614217555336955,-0.0005409230735395399
2026-05-20,4.682912196942482,4.721770601376831,4.670310155804848,4.719017431667098,0.0008142945781399129,0.0018583535126916735,0.0007617956692596044,0.0018900400323640834,-3.1686519672409876e-05,0.0011282443631044788
2026-05-21,4.698285480740036,4.741354790073311,4.682229627415124,4.730657839368075,-0.0006708139701961121,0.0007304208545319428,-0.0012120326833271076,-0.00023180552574665438,0.0009622263802785972,0.0009802271575804532
2026-05-22,4.752783107840643,4.779978448150694,4.7444669754935065,4.758976315962741,0.0005269513559750445,0.0024873311220380556,0.0017904332943379177,0.0018696433421825512,0.0006176877798555044,7.921004784463355e-05
2026-05-26,4.794827268009681,4.817179521944677,4.7860995087038845,4.807894146430644,0.005410194914260014,0.006768349874522065,0.008326334545762575,0.00704316562316919,-0.0002748157486471255,-0.0012831689225933848
2026-05-27,4.81910280788222,4.822287171307938,4.787270104851183,4.803659786580993,0.01008480926426355,0.009340383060264086,0.010776826488014413,0.009869534759510998,-0.0005291516992469124,-0.0009072917285034149
2026-05-28,4.804711031373072,4.834607967652485,4.787506972042635,4.825375805751873,0.013114747804535072,0.012743099379809029,0.013727820833925122,0.014216798196439619,-0.0014736988166305903,0.0004889773625144974
2026-05-29,4.836646893663714,4.8517229124465615,4.823535906748276,4.83671554608051,0.018378328795015386,0.017996966715407813,0.020518036406373036,0.019801883838525165,-0.0018049171231173528,-0.0007161525678478706
2026-06-01,4.825108421971464,4.860926127041566,4.817576535585474,4.846832115700023,0.02032595667337031,0.020062704883730777,0.0225510693853552,0.02080138544174316,-0.0007386805580123848,-0.0017496839436120376
2026-06-02,4.844218555350386,4.876336529069422,4.835707804188305,4.872561353383547,0.021321904921202065,0.020285677298207586,0.022111601518938692,0.021106126651969183,-0.0008204493537615973,-0.0010054748669695093
2026-06-03,4.870784560454966,4.88156646248955,4.8439343604956955,4.856767799770549,0.019303493727223453,0.017598329001768526,0.018879145099480948,0.01685174016876514,0.0007465888330033844,-0.0020274049307158065
2026-06-04,4.840036020820595,4.8802397757906375,4.829614364580482,4.869008246095057,0.014537419213861782,0.014484229208767364,0.014531660811116098,0.014508404906955957,-2.417569818859329e-05,-2.325590416014066e-05
2026-06-05,4.83060803247949,4.836121896440071,4.718317399246344,4.7255465532194565,0.00837744517896632,0.008348473735030242,0.002977104293384772,0.003297843099537257,0.005050630635492985,0.0003207388061524847
2026-06-08,4.77867447269241,4.799210461020967,4.748917704099732,4.758878811053212,0.0014139969413075567,0.0016255855785401274,-0.0031966156856783304,-0.004144742130048951,0.0057703277085890785,-0.0009481264443706203
2026-06-09,4.79283287804725,4.811943777504317,4.643810739861417,4.745581408394825,-0.002288065354839464,-0.0021558017637474283,-0.012381888816517974,-0.009050269656359381,0.006894467892611953,0.003331619160158592
2026-06-10,4.723338521349136,4.762852435282788,4.670637731398937,4.673545650812728,-0.008138185176806062,-0.00821092515522998,-0.01830111940709759,-0.01741200506456918,0.0092010799093392,0.0008891143425284083
2026-06-11,4.703328785858915,4.793560772108158,4.683050661327446,4.779486331309442,-0.014878417652993567,-0.011049240890538886,-0.02211376420757391,-0.016970282249223603,0.0059210413586847175,0.005143481958350307
2026-06-12,4.793840484226549,4.829447226379697,4.76333328651461,4.812738044672021,-0.01332371521079272,-0.010291575581803276,-0.017879290645159914,-0.013402610871677554,0.003111035289874277,0.0044766797734823605
2026-06-15,4.884572539749482,4.911187135072415,4.877339891654555,4.898677666007716,-0.007070357435464714,-0.004191813843290461,-0.007093837664951912,-0.004182249429568621,-9.564413721839873e-06,0.0029115882353832907
2026-06-16,4.902137106471057,4.914637989824531,4.854040289398171,4.856613330124954,0.0006942993223255632,0.002514312131669382,0.0029050748436531943,0.0038305452910768027,-0.0013162331594074208,0.0009254704474236084
2026-06-17,4.8708328336840525,4.881538951476953,4.795279064601163,4.805732900815609,0.007820474254818922,0.007299438112586745,0.010025054781279524,0.008208449666207679,-0.0009090115536209342,-0.001816605115071845
2026-06-18,4.873723150134203,4.887060599419643,4.840909210980789,4.867494933781604,0.013053815039524953,0.01229763257726994,0.019269046562168546,0.017389826793904783,-0.005092194216634843,-0.001879219768263763
2026-06-22,4.880626088403341,4.904865685145657,4.85350056003892,4.874338538840007,0.017626818333581748,0.015243144929346362,0.021643134282736648,0.017398721791425698,-0.002155576862079336,-0.00424441249131095
2026-06-23,4.7881983639028105,4.829587961765241,4.770462218528834,4.789247507886862,0.013089792597272757,0.010788579236301204,0.019889294477312903,0.013184899130473318,-0.002396319894172114,-0.006704395346839585
2026-06-24,4.800413303056173,4.825559292814159,4.758276828410465,4.783422908380928,0.010047488854071017,0.006594943599429195,0.010202520450404345,0.007398772115199926,-0.0008038285157707303,-0.0028037483352044198
2026-06-25,4.84983459813203,4.867233374928105,4.782320253043998,4.819071409050127,0.004976051062297259,0.0012366470169148428,0.002228204311474091,-0.0017039599143309067,0.0029406069312457495,-0.003932164225804998
2026-06-26,4.783868616115596,4.827541961836304,4.765831594450135,4.786306982839011,-0.006560799348301515,-0.005504636790070869,-0.007171692078494288,-0.007295079016049599,0.0017904422259787294,-0.0001233869375553108
2026-06-29,4.819313013780561,4.853095716115581,4.774510327831964,4.8493151203202,-0.01110644611941363,-0.008871542378607312,-0.011749433248766407,-0.007315284291950481,-0.0015562580866568306,0.004434148956815926
2026-06-30,4.850670906294561,4.8960780178216154,4.842075053107134,4.884483538158337,-0.008201616622221252,-0.004731279897431966,-0.005176864713697782,-0.00013126263488459137,-0.004600017262547375,0.005045602078813191
2026-07-01,4.859715199614743,4.886089357514969,4.839467016593122,4.852153410166948,-0.0032215620297028195,-0.0007226556343472344,0.000127593055604242,0.0026570584710654222,-0.0033797141054126567,0.00252946541546118
2026-07-02,4.869469708118486,4.894279288871031,4.799643922397734,4.835217585870365,0.0007178100754778588,0.0018721336287395043,-0.0004808872048845254,0.0011836383578879344,0.0006884952708515698,0.0016645255627724597
2026-07-06,4.862476963032727,4.888210771737847,4.8507433761387615,4.873038560614896,0.004484970218906767,0.004349594397176374,0.004686977857366052,0.005533259246026907,-0.0011836648488505325,0.0008462813886608552
2026-07-07,4.857876706740563,4.868159859565918,4.8158688117655375,4.83489859777315,0.00859772059587502,0.006906433279567109,0.008672815222431622,0.008191563385075804,-0.0012851301055086944,-0.0004812518373558186
2026-07-08,4.808452495038743,4.832343452954999,4.781088951689167,4.819373347180805,0.004128506660742317,0.0029360541890889077,0.005681822279912296,0.004808360168476271,-0.0018723059793873636,-0.0008734621114360247
2026-07-09,4.843716151081222,4.8775997435193466,4.833123853015501,4.866864213044225,0.002151589530442511,0.0011322222152029076,0.004587928454449225,0.0032620994950138087,-0.002129877279810901,-0.001325828959435416
2026-07-10,4.865774477753923,4.887291936799157,4.841217130283751,4.8820148642138745,0.004147723853710183,0.0020045341283552445,0.004631144430034846,0.003907394934044989,-0.0019028608056897442,-0.0007237494959898569
2026-07-13,4.860410863268787,4.871205614473542,4.8290521382758,4.839622327185825,0.0012603545903670753,-0.0008898180111133145,0.0021976699384473578,-0.0007068758808766636,-0.00018294213023665085,-0.0029045458193240215
2026-07-14,4.864677323044599,4.879636145724448,4.838477754518998,4.858068861077312,4.087634514847895e-05,-0.002149995768425976,9.059257254210879e-05,-0.0007606762192963211,-0.001389319549129655,-0.0008512687918384299
2026-07-15,4.873449810421834,4.879774533239867,4.820139163245619,4.850951253013097,0.0008405531636937237,-0.0008588405124815822,0.0007121806805301927,0.0010357455157831025,-0.0018945860282646846,0.00032356483525290973
2026-07-16,4.835760845633558,4.852802317096317,4.802924834587509,4.82655862917004,-8.868677428843987e-05,-0.0015071897383648518,0.0004868258803116944,-0.00024722942915148503,-0.0012599603092133668,-0.0007340553094631794
2026-07-17,4.7718658053106955,4.823379603478983,4.754543715131076,4.7799895026918175,-0.003562454357132554,-0.0028109395509269847,-0.004589436478973146,-0.00488915372907153,0.0020782141781445452,-0.00029971725009838353
2026-07-20,4.807282007726554,4.822135365721588,4.766750242759964,4.771272373577092,-0.00438753447685567,-0.0037277345604435725,-0.005046588811927004,-0.0068157281713285105,0.003087993610884938,-0.0017691393594015063
2026-07-21,4.808061522973395,4.833366699504644,4.790812884228667,4.8269668235316585,-0.004807749574638774,-0.004567724829421946,-0.00549810580021143,-0.007013558174752134,0.0024458333453301886,-0.0015154523745407045
2026-07-22,4.816573951156405,4.843116923656835,4.8130633248594545,4.821464693384521,-0.007454777445383009,-0.006841909857357007,-0.00675091151630947,-0.008450378356097287,0.00160846849874028,-0.0016994668397878167
2026-07-23,4.778048275806562,4.804449531064457,4.752339539447358,4.776544528320531,-0.009950737279258461,-0.008338726876366269,-0.008234498447315183,-0.009196681285840785,0.0008579544094745161,-0.000962182838525602
2026-07-24,4.773456625237757,4.802517887181632,4.751727367392889,4.767643239610585,-0.010430621423256412,-0.008408090828452718,-0.008232720962582615,-0.008323681585741692,-8.440924271102546e-05,-9.096062315907746e-05
2026-07-27,4.802952677427893,4.813509821441241,4.7419134905411315,4.769426082719447,-0.008540200019332785,-0.007922751980601175,-0.008492520920101948,-0.00879328231062569,0.0008705303300245142,-0.0003007613905237419
2026-07-28,4.759671524331422,4.783901807829204,4.732033634752621,4.766613520233524,-0.008029675273909239,-0.007791017330833072,-0.007606621653088453,-0.007335663039353271,-0.00045535429147980106,0.00027095861373518243
2026-07-29,4.76319047515099,4.7833996197540145,4.684626242685256,4.687326816376318,-0.00546957770453389,-0.0065170327066201746,-0.009238921132018572,-0.009568730687678694,0.00305169798105852,-0.00032980955566012243
2026-07-30,4.731161952678197,4.7756660297440146,4.712509485278092,4.769473934272895,-0.00583261131324631,-0.006294847238148759,-0.008855357524784755,-0.006963894868918525,0.0006690476307697662,0.0018914626558662303
2026-07-31,4.797823786457725,4.815686086973358,4.7382070044190305,4.783955643788673,-0.005551348883322469,-0.0049162784970832535,-0.009199575391087216,-0.0059818203581835545,0.001065541861100301,0.0032177550329036617
2026-08-03,4.793741718910233,4.8508971661770195,4.782655212653192,4.843956396432684,-0.003446306717926114,-0.0016067998741216098,-0.0061075562910302035,-0.002356193899930952,0.0007493940258093423,0.0037513623910992513
2026-08-04,4.872713522685466,4.960469640320187,4.866147910129984,4.949929899404903,0.0031823807767125236,0.008079486857877965,0.002949998528180748,0.009881750319164157,-0.0018022634612861917,0.006931751790983409
2026-08-05,4.968839472179556,4.979638900178091,4.925414855451286,4.930799222554702,0.014838136489749862,0.017920742818751147,0.015810506699075026,0.01921893287149076,-0.0012981900527396124,0.0034084261724157336
2026-08-06,4.924545987827054,4.948868841406102,4.8985597382061075,4.917683256651235,0.019663862929653282,0.02185099392806941,0.021796101197706703,0.02352075441063274,-0.0016697604825633323,0.0017246532129260375
2026-08-07,4.936413788867712,4.958961977745084,4.919997817894418,4.955519102825192,0.023055084091181486,0.02445246639288145,0.027137867981660457,0.027582157665500807,-0.003129691272619358,0.0004442896838403494
2026-08-10,4.950497617153574,4.970441320504315,4.9434564783603845,4.9551587307683365,0.027205679200614754,0.026516588436856323,0.031065297782713015,0.02946547727949957,-0.002948888842643247,-0.001599820503213445
2026-08-11,4.962756438556312,4.972605795547336,4.934645757817329,4.947788845554223,0.02735110357739408,0.02482270519312595,0.031410540467404185,0.02850799416398351,-0.0036852889708575594,-0.0029025463034206764
2026-08-12,4.980209212791066,4.986648321099747,4.959189127597611,4.971845463042137,0.026221458855253767,0.021573977620355303,0.02747811508635057,0.021380845377682978,0.00019313224267232532,-0.006097269708667592
2026-08-13,4.983504134712572,5.018739823968194,4.977279919646728,5.007296546813349,0.02050577216228117,0.017096502368884995,0.023063308051591156,0.018215155727574026,-0.0011186533586890306,-0.0048481523240171305
2026-08-14,5.014608320768091,5.019902302222658,4.994157283945078,5.006441327449926,0.017872106572373623,0.012404089816594,0.018072913868335976,0.013085566715779305,-0.0006814768991853046,-0.00498734715255667
2026-08-17,5.007338588731286,5.0178758995335295,4.9877270562140605,4.990206619666993,0.011942080982621301,0.007473203425148622,0.012592566242320361,0.008373702199228337,-0.0009004987740797148,-0.004218864043092024
2026-08-18,4.961335631741053,4.97077301926215,4.9414084783345436,4.945865477530902,0.006178537144222663,0.005253915981699663,0.007666211247864246,0.006535400149349898,-0.0012814841676502351,-0.0011308110985143475
2026-08-19,4.969878800250842,4.982868406681178,4.94001909200057,4.951297541228103,0.006215173565896245,0.004847438158397776,0.005702951920798698,0.003767279745959934,0.0010801584124378416,-0.001935672174838764
2026-08-20,4.92815275692088,4.947633738534815,4.904693785203074,4.911828392880945,0.001010347114904651,0.00042858656045759966,-0.00015450452125469942,-0.002276565490214014,0.0027051520506716133,-0.0021220609689593145
2026-08-21,4.939398111197953,4.946179672856719,4.917868579070106,4.933629706522282,-0.0028336280527339174,-0.003381731011006763,-0.003938482615545831,-0.004537890373502283,0.00115615936249552,-0.0005994077579564517
2026-08-24,4.922789709355263,4.927251051660585,4.897383932564572,4.914292568597997,-0.006680767766434363,-0.007304292283301041,-0.007250085411506996,-0.007612667022476359,0.0003083747391753183,-0.0003625816109693635
2026-08-25,4.934265414780802,4.9412468466483945,4.91051961068211,4.929849899441612,-0.008748851723428241,-0.009795629809831811,-0.00987412294276601,-0.00983484024976578,3.9210439933969055e-05,3.9282693000229976e-05
2026-08-26,4.91880894569091,4.942401095652473,4.915074141113092,4.931991836446536,-0.010151151787547635,-0.010907731458113416,-0.010321068742313647,-0.010118964279257658,-0.0007887671788557576,0.0002021044630559892
2026-08-27,4.945350614820712,4.962965146037815,4.928101893664938,4.95493146776595,-0.009141817321333122,-0.008222394100846266,-0.008316629945037375,-0.0063053558448146795,-0.0019170382560315868,0.002011274100222696
2026-08-28,4.956090117552263,4.973331222194014,4.928751538748776,4.93751815898664,-0.005010612485552613,-0.004218079155302466,-0.004555501056852203,-0.0028638506462301022,-0.0013542285090723635,0.0016916504106221004
2026-08-31,4.9268807737586435,4.9355151820865935,4.912709063694268,4.929813127620142,-0.0022479818322919502,-0.0018470528793944826,-0.0013053011998134542,-8.950139300414193e-05,-0.0017575514863903408,0.0012157998068093123
2026-09-01,4.8977175532927815,4.918205596350581,4.87498680206259,4.889451184707947,-0.0031676898526072357,-0.0025620661169132347,-0.002291275441685016,-0.0017407464768269894,-0.0008213196400862453,0.0005505289648580266
2026-09-02,4.894292780203615,4.9172725264872055,4.886715737860736,4.911120756049669,-0.002933530886851497,-0.0018844340292073322,-0.0019250040771716806,-0.001164067752221905,-0.0007203662769854273,0.0007609363249497757
2026-09-03,4.927179138741972,4.96472063692071,4.916340528812229,4.959860239037347,-0.0027711125858831116,-0.00017259948889845997,-0.0016517542152604844,-7.315699472441846e-05,-9.94424941740415e-05,0.001578597220536066
2026-09-04,4.951688449855344,4.968000796860546,4.939875253953892,4.9535487108317025,-0.0005103310520300946,0.0014141012346084638,0.0006423548684326263,0.0015447053015070033,-0.00013060406689853954,0.000902350433074377
2026-09-08,4.9509404239807395,4.956941275015361,4.920810755696438,4.929637273517286,0.00045344847906045603,0.0008711487594984746,0.00026419155427400396,0.0003277223758249042,0.0005434263836735704,6.353082155090024e-05
2026-09-09,4.919793709405819,4.930240920467088,4.901691977264976,4.9107988693001525,0.00014214255109453968,-0.0005550151869939962,-0.0005650638377874758,-0.0010656509044815108,0.0005106357174875146,-0.000500587066694035
2026-09-10,4.8749208458328965,4.894280581962286,4.863943912659721,4.871873843333044,-0.0034717907792661904,-0.0037322970434000694,-0.0030426675927109586,-0.004208490041556954,0.00047619299815688425,-0.001165822448845995
2026-09-11,4.915770008257797,4.925861275215349,4.901701825589758,4.9111887882762835,-0.002556166400730209,-0.0032327799852806005,-0.0019724716424987343,-0.002948865934816107,-0.0002839140504644934,-0.0009763942923173728
2026-09-14,4.8704391623842245,4.904477686636774,4.859383334309902,4.883137325674578,-0.0030386139597049474,-0.002758824853488753,-0.002847246537414581,-0.003849994561459689,0.0010911697079709357,-0.0010027480240451078
2026-09-15,4.880569970586405,4.885066485073696,4.853007116464493,4.863118445016826,-0.0038775681706439647,-0.005030143564938428,-0.0042984867494851,-0.005697569274934248,0.0006674257099958201,-0.001399082525449148
2026-09-16,4.875595375208098,4.89068849414826,4.812150542588427,4.841668681766891,-0.0063707355766422094,-0.007537280260626087,-0.009769424830485936,-0.010597506873723534,0.003060226613097447,-0.0008280820432375983
2026-09-17,4.898909293925128,4.907376534456257,4.877595255784115,4.895665831723316,-0.007552405281781027,-0.008862824237044127,-0.010127070599431477,-0.010528325440701463,0.0016655012036573356,-0.00040125484126998616
2026-09-18,4.897623141202798,4.906732945056079,4.875238153678171,4.902479522829206,-0.006667762611295999,-0.006940314309044979,-0.008527748212824498,-0.006650856847254061,-0.0002894574617909179,0.0018768913655704362
2026-09-21,4.935177630200787,4.991036167216015,4.927371401779153,4.979351267651824,-0.0017424846783422692,0.0005021116341474396,-0.002017601827822037,0.0016943712950281732,-0.0011922596608807336,0.0037119731228502104
2026-09-22,4.982930301480592,5.002371094719541,4.969444841099457,4.991406312890718,0.005937747171015769,0.007546288283544475,0.005668054723242354,0.008790293273984498,-0.0012440049904400225,0.003122238550742144
2026-09-23,4.986752853086037,4.9941062344411815,4.946420846730639,4.956346694501705,0.01136227810598093,0.011808966254489392,0.010233767741752315,0.01196926318847749,-0.00016029693398809768,0.0017354954467251743
2026-09-24,4.933932483747328,4.964471102159672,4.924258597285238,4.949979446205807,0.010102547763909921,0.011283701546436771,0.010531925035427483,0.01165383206839851,-0.0003701305219617392,0.001121907032971027
2026-09-25,4.9572292049888995,4.979073555178556,4.940871414878464,4.971903413616707,0.012121532585591578,0.012809519641771313,0.013522343124971777,0.01420851546546017,-0.0013989958236888568,0.0006861723404883932
