timestamp,open,high,low,close,volume
2024-04-26 13:00:00+00:00,196.76,198.445,196.53,198.37,28094.0
2024-04-26 14:00:00+00:00,198.345,198.78,197.86,198.09,41863.0
2024-04-26 15:00:00+00:00,198.155,198.39,197.565,198.17,27110.0
2024-04-26 16:00:00+00:00,198.23,198.8,198.12,198.8,13832.0
2024-04-26 17:00:00+00:00,198.82,198.83,198.495,198.735,27202.0
2024-04-26 18:00:00+00:00,198.735,198.775,198.4,198.73,26809.0
2024-04-26 19:00:00+00:00,198.675,198.75,198.36,198.37,89631.0
2024-04-26 20:00:00+00:00,198.48,198.62,198.48,198.58,2500.0
2024-04-29 13:00:00+00:00,199.255,200.17,199.255,199.55,39563.0
2024-04-29 14:00:00+00:00,199.565,200.105,199.51,199.745,36122.0
2024-04-29 15:00:00+00:00,199.74,199.945,199.445,199.76,36299.0
2024-04-29 16:00:00+00:00,199.735,200.395,199.725,199.96,32334.0
2024-04-29 17:00:00+00:00,199.945,200.285,199.89,200.265,26376.0
2024-04-29 18:00:00+00:00,200.235,200.235,199.655,200.04,19084.0
2024-04-29 19:00:00+00:00,199.97,199.97,198.935,199.93,85728.0
2024-04-29 20:00:00+00:00,199.86,199.86,199.77,199.77,2000.0
2024-04-30 13:00:00+00:00,197.855,198.56,197.17,198.2,42716.0
2024-04-30 14:00:00+00:00,198.28,198.61,197.64,197.98,39101.0
2024-04-30 15:00:00+00:00,197.975,197.975,197.06,197.355,37688.0
2024-04-30 16:00:00+00:00,197.345,197.455,196.53,196.74,47968.0
2024-04-30 17:00:00+00:00,196.74,197.25,196.665,197.22,34120.0
2024-04-30 18:00:00+00:00,197.205,197.31,196.495,196.62,38380.0
2024-04-30 19:00:00+00:00,196.6,196.875,195.75,195.83,136275.0
2024-05-01 12:00:00+00:00,195.12,195.15,195.12,195.15,776.0
2024-05-01 13:00:00+00:00,195.97,196.78,195.7,196.1,51764.0
2024-05-01 14:00:00+00:00,196.2,196.27,195.29,195.865,65831.0
2024-05-01 15:00:00+00:00,195.75,195.79,195.03,195.27,71467.0
2024-05-01 16:00:00+00:00,195.13,195.985,195.065,195.54,47448.0
2024-05-01 17:00:00+00:00,195.555,196.18,195.395,195.85,34589.0
2024-05-01 18:00:00+00:00,196.04,199.8,195.8,199.62,122274.0
2024-05-01 19:00:00+00:00,199.84,200.23,196.17,196.23,183885.0
2024-05-01 20:00:00+00:00,196.29,197.06,196.29,197.06,2130.0
2024-05-02 13:00:00+00:00,198.8,199.06,197.29,197.485,48601.0
2024-05-02 14:00:00+00:00,197.49,198.4,196.56,198.335,61502.0
2024-05-02 15:00:00+00:00,198.345,198.66,198.17,198.585,29300.0
2024-05-02 16:00:00+00:00,198.63,198.775,198.015,198.71,19350.0
2024-05-02 17:00:00+00:00,198.81,199.435,198.75,199.265,67549.0
2024-05-02 18:00:00+00:00,199.31,199.91,199.19,199.795,38568.0
2024-05-02 19:00:00+00:00,199.775,200.1,199.37,200.03,122110.0
2024-05-02 20:00:00+00:00,199.96,199.96,199.71,199.71,2100.0
2024-05-03 13:00:00+00:00,203.19,203.92,202.695,203.59,59542.0
2024-05-03 14:00:00+00:00,203.94,204.1,201.4,201.56,125770.0
2024-05-03 15:00:00+00:00,201.74,201.96,201.145,201.83,25502.0
2024-05-03 16:00:00+00:00,201.83,202.05,201.725,201.765,16084.0
2024-05-03 17:00:00+00:00,201.785,202.025,201.28,201.98,25053.0
2024-05-03 18:00:00+00:00,201.975,202.21,201.6,201.775,28261.0
2024-05-03 19:00:00+00:00,201.775,202.005,201.475,201.875,111084.0
2024-05-03 20:00:00+00:00,202.05,202.05,202.04,202.05,3000.0
2024-05-06 13:00:00+00:00,203.56,204.44,203.38,204.44,46663.0
2024-05-06 14:00:00+00:00,204.44,204.76,204.21,204.22,91884.0
2024-05-06 15:00:00+00:00,204.25,204.6,203.85,204.54,41618.0
2024-05-06 16:00:00+00:00,204.48,204.52,204.09,204.35,22163.0
2024-05-06 17:00:00+00:00,204.4,204.67,204.29,204.535,40103.0
2024-05-06 18:00:00+00:00,204.535,204.695,204.365,204.43,37727.0
2024-05-06 19:00:00+00:00,204.44,204.44,204.03,204.44,112011.0
2024-05-06 20:00:00+00:00,204.42,204.42,204.16,204.39,3100.0
2024-05-07 13:00:00+00:00,204.78,205.31,204.5,204.99,53128.0
2024-05-07 14:00:00+00:00,204.98,205.8,204.655,205.74,48063.0
2024-05-07 15:00:00+00:00,205.785,206.035,205.71,205.97,63634.0
2024-05-07 16:00:00+00:00,205.95,206.15,205.74,205.83,36963.0
2024-05-07 17:00:00+00:00,205.86,205.9,205.28,205.28,22191.0
2024-05-07 18:00:00+00:00,205.36,205.48,205.045,205.15,41091.0
2024-05-07 19:00:00+00:00,205.2,205.36,204.87,204.9,127801.0
2024-05-07 20:00:00+00:00,204.77,204.77,204.53,204.53,5009.0
2024-05-08 13:00:00+00:00,202.98,203.55,202.655,203.32,45618.0
2024-05-08 14:00:00+00:00,203.365,203.905,203.11,203.735,42214.0
2024-05-08 15:00:00+00:00,203.71,203.83,203.51,203.56,12589.0
2024-05-08 16:00:00+00:00,203.6,203.65,203.055,203.12,14987.0
2024-05-08 17:00:00+00:00,203.12,203.4,202.97,203.4,15740.0
2024-05-08 18:00:00+00:00,203.37,203.75,203.32,203.54,35024.0
2024-05-08 19:00:00+00:00,203.49,203.95,203.44,203.81,120335.0
2024-05-08 20:00:00+00:00,203.79,203.79,203.62,203.62,1100.0
2024-05-09 13:00:00+00:00,204.015,204.47,203.455,203.985,37653.0
2024-05-09 14:00:00+00:00,203.97,205.07,203.945,205.06,39652.0
2024-05-09 15:00:00+00:00,205.02,205.24,204.8,204.86,35360.0
2024-05-09 16:00:00+00:00,204.85,205.17,204.795,204.825,25520.0
2024-05-09 17:00:00+00:00,204.85,205.18,204.71,204.945,41273.0
2024-05-09 18:00:00+00:00,204.92,205.425,204.88,205.365,70394.0
2024-05-09 19:00:00+00:00,205.365,205.98,205.345,205.81,179283.0
2024-05-09 20:00:00+00:00,205.83,206.05,205.83,205.86,7000.0
2024-05-10 13:00:00+00:00,206.395,206.61,205.83,206.02,42021.0
2024-05-10 14:00:00+00:00,205.71,205.71,204.05,204.13,130502.0
2024-05-10 15:00:00+00:00,204.145,204.35,203.85,204.305,71399.0
2024-05-10 16:00:00+00:00,204.17,204.18,203.93,204.12,45320.0
2024-05-10 17:00:00+00:00,204.125,204.125,203.695,203.985,30690.0
2024-05-10 18:00:00+00:00,203.835,204.075,203.75,204.075,24046.0
2024-05-10 19:00:00+00:00,204.06,204.465,203.97,204.295,92109.0
2024-05-10 20:00:00+00:00,204.18,204.24,204.18,204.2,12020.0
2024-05-13 13:00:00+00:00,206.14,206.42,205.48,206.39,25986.0
2024-05-13 14:00:00+00:00,206.43,206.52,205.865,206.01,47509.0
2024-05-13 15:00:00+00:00,206.07,206.16,205.295,205.61,18498.0
2024-05-13 16:00:00+00:00,205.595,205.7,205.315,205.34,14687.0
2024-05-13 17:00:00+00:00,205.225,205.225,204.695,204.96,22849.0
2024-05-13 18:00:00+00:00,204.9,205.185,204.725,205.04,23798.0
2024-05-13 19:00:00+00:00,205.1,205.125,204.62,204.7,81474.0
2024-05-13 20:00:00+00:00,204.8,204.8,204.5,204.5,4887.0
2024-05-14 12:00:00+00:00,204.04,204.04,203.48,203.48,4050.0
2024-05-14 13:00:00+00:00,207.22,207.7,206.49,207.095,46269.0
2024-05-14 14:00:00+00:00,207.09,207.17,206.115,206.87,81735.0
2024-05-14 15:00:00+00:00,206.905,207.02,206.65,206.65,34286.0
2024-05-14 16:00:00+00:00,206.68,206.7,206.13,206.285,25005.0
2024-05-14 17:00:00+00:00,206.3,206.38,205.91,206.11,101498.0
2024-05-14 18:00:00+00:00,206.135,206.83,206.13,206.665,53282.0
2024-05-14 19:00:00+00:00,206.655,207.2,206.515,206.92,143679.0
2024-05-14 20:00:00+00:00,206.88,207.12,206.88,207.1,3904.0
2024-05-15 13:00:00+00:00,209.06,209.5,208.045,208.045,56564.0
2024-05-15 14:00:00+00:00,208.07,208.65,207.775,208.47,108034.0
2024-05-15 15:00:00+00:00,208.53,209.18,208.52,208.83,28618.0
2024-05-15 16:00:00+00:00,208.8,209.25,208.545,209.225,26252.0
2024-05-15 17:00:00+00:00,209.305,209.33,208.655,208.89,44712.0
2024-05-15 18:00:00+00:00,208.855,209.035,208.785,208.92,21728.0
2024-05-15 19:00:00+00:00,208.89,209.405,208.805,209.38,123457.0
2024-05-15 20:00:00+00:00,209.1,209.12,208.9,208.9,2675.0
2024-05-16 13:00:00+00:00,208.91,209.31,208.27,208.54,33856.0
2024-05-16 14:00:00+00:00,208.505,208.935,208.17,208.82,36425.0
2024-05-16 15:00:00+00:00,208.83,208.99,208.49,208.68,48298.0
2024-05-16 16:00:00+00:00,208.675,208.675,208.355,208.56,37934.0
2024-05-16 17:00:00+00:00,208.535,208.65,208.03,208.36,39678.0
2024-05-16 18:00:00+00:00,208.395,208.495,207.96,208.465,42989.0
2024-05-16 19:00:00+00:00,208.51,208.64,208.01,208.05,157657.0
2024-05-16 20:00:00+00:00,208.02,208.07,207.85,207.85,6109.0
2024-05-17 13:00:00+00:00,208.22,208.48,207.575,208.105,34793.0
2024-05-17 14:00:00+00:00,207.93,208.51,207.8,208.29,48095.0
2024-05-17 15:00:00+00:00,208.24,208.28,207.835,208.21,43271.0
2024-05-17 16:00:00+00:00,208.195,208.38,207.825,208.055,75714.0
2024-05-17 17:00:00+00:00,208.045,208.12,207.83,208.04,42640.0
2024-05-17 18:00:00+00:00,208.0,208.0,207.36,207.845,68771.0
2024-05-17 19:00:00+00:00,207.855,208.125,207.665,208.125,114974.0
2024-05-17 20:00:00+00:00,208.1,208.1,207.95,208.01,8669.0
2024-05-20 13:00:00+00:00,208.22,208.515,207.79,208.475,36281.0
2024-05-20 14:00:00+00:00,208.475,208.985,208.175,208.895,123571.0
2024-05-20 15:00:00+00:00,208.96,209.475,208.835,209.25,31366.0
2024-05-20 16:00:00+00:00,209.395,209.405,209.09,209.39,12648.0
2024-05-20 17:00:00+00:00,209.355,209.36,208.91,208.94,14858.0
2024-05-20 18:00:00+00:00,208.92,208.95,208.585,208.79,14298.0
2024-05-20 19:00:00+00:00,208.83,209.105,208.5,208.62,89884.0
2024-05-20 20:00:00+00:00,208.66,208.68,208.62,208.62,10766.0
2024-05-21 12:00:00+00:00,207.8,207.8,207.8,207.8,500.0
2024-05-21 13:00:00+00:00,207.735,208.58,207.6,207.975,25654.0
2024-05-21 14:00:00+00:00,207.98,208.68,207.98,208.59,30566.0
2024-05-21 15:00:00+00:00,208.455,208.685,208.02,208.02,24144.0
2024-05-21 16:00:00+00:00,208.01,208.3,207.96,208.255,15913.0
2024-05-21 17:00:00+00:00,208.28,208.38,208.07,208.31,18974.0
2024-05-21 18:00:00+00:00,208.29,208.315,207.995,208.155,20785.0
2024-05-21 19:00:00+00:00,208.095,208.405,208.04,208.35,114505.0
2024-05-21 20:00:00+00:00,208.3,208.33,208.22,208.31,2779.0
2024-05-22 13:00:00+00:00,207.585,208.14,207.28,207.88,47991.0
2024-05-22 14:00:00+00:00,207.9,208.045,207.395,207.995,24367.0
2024-05-22 15:00:00+00:00,208.075,208.075,207.515,207.65,14158.0
2024-05-22 16:00:00+00:00,207.675,208.195,207.67,208.055,20268.0
2024-05-22 17:00:00+00:00,208.03,208.13,207.24,207.505,16258.0
2024-05-22 18:00:00+00:00,207.45,207.47,205.85,206.325,34545.0
2024-05-22 19:00:00+00:00,206.305,206.77,205.995,206.61,127607.0
2024-05-22 20:00:00+00:00,206.62,206.79,206.59,206.69,2642.0
2024-05-23 12:00:00+00:00,207.69,207.85,207.62,207.77,604.0
2024-05-23 13:00:00+00:00,207.36,207.55,205.115,205.485,68757.0
2024-05-23 14:00:00+00:00,205.48,205.9,204.49,204.55,84851.0
2024-05-23 15:00:00+00:00,204.585,205.64,204.585,205.44,40145.0
2024-05-23 16:00:00+00:00,205.41,205.76,204.75,204.755,42819.0
2024-05-23 17:00:00+00:00,204.765,204.83,203.25,203.335,94139.0
2024-05-23 18:00:00+00:00,203.275,203.28,202.35,202.535,127490.0
2024-05-23 19:00:00+00:00,202.43,203.305,202.42,203.305,252048.0
2024-05-23 20:00:00+00:00,203.19,203.26,203.11,203.2,2226.0
2024-05-24 13:00:00+00:00,204.715,204.79,203.97,204.14,22128.0
2024-05-24 14:00:00+00:00,204.34,205.155,204.305,205.155,68615.0
2024-05-24 15:00:00+00:00,205.22,205.62,205.025,205.135,49082.0
2024-05-24 16:00:00+00:00,205.185,205.555,205.175,205.215,17176.0
2024-05-24 17:00:00+00:00,205.27,205.405,205.15,205.245,38752.0
2024-05-24 18:00:00+00:00,205.245,205.385,204.895,204.93,46143.0
2024-05-24 19:00:00+00:00,204.935,205.52,204.625,205.48,120291.0
2024-05-24 20:00:00+00:00,205.48,205.52,205.34,205.4,4220.0
2024-05-28 12:00:00+00:00,206.77,206.77,206.77,206.77,500.0
2024-05-28 13:00:00+00:00,206.995,207.075,205.82,205.905,48894.0
2024-05-28 14:00:00+00:00,205.89,206.11,205.22,205.83,39664.0
2024-05-28 15:00:00+00:00,205.82,206.27,205.465,206.27,23651.0
2024-05-28 16:00:00+00:00,206.2,206.285,205.795,205.84,10386.0
2024-05-28 17:00:00+00:00,205.68,205.755,204.88,205.035,18461.0
2024-05-28 18:00:00+00:00,204.935,205.14,203.995,204.475,75164.0
2024-05-28 19:00:00+00:00,204.5,205.21,204.49,205.19,85550.0
2024-05-28 20:00:00+00:00,205.34,205.42,204.94,205.12,4617.0
2024-05-29 13:00:00+00:00,202.42,202.7,201.79,202.62,65557.0
2024-05-29 14:00:00+00:00,202.64,202.985,202.31,202.56,42664.0
2024-05-29 15:00:00+00:00,202.59,202.735,202.3,202.455,17075.0
2024-05-29 16:00:00+00:00,202.37,202.77,202.24,202.635,20831.0
2024-05-29 17:00:00+00:00,202.58,202.62,202.1,202.505,42774.0
2024-05-29 18:00:00+00:00,202.445,202.52,201.92,202.04,41527.0
2024-05-29 19:00:00+00:00,202.04,202.5,201.985,202.17,254010.0
2024-05-29 20:00:00+00:00,202.22,202.25,202.05,202.07,15135.0
2024-05-30 13:00:00+00:00,203.5,203.87,203.12,203.845,44470.0
2024-05-30 14:00:00+00:00,203.795,204.29,203.34,204.125,31610.0
2024-05-30 15:00:00+00:00,204.05,204.745,203.755,204.435,54461.0
2024-05-30 16:00:00+00:00,204.555,204.85,204.555,204.755,18505.0
2024-05-30 17:00:00+00:00,204.76,204.895,204.61,204.765,21478.0
2024-05-30 18:00:00+00:00,204.665,204.73,204.275,204.305,9191.0
2024-05-30 19:00:00+00:00,204.345,204.38,203.31,204.03,134191.0
2024-05-30 20:00:00+00:00,203.88,204.28,203.87,204.28,8409.0
2024-05-31 12:00:00+00:00,204.03,204.03,204.03,204.03,500.0
2024-05-31 13:00:00+00:00,205.03,206.24,204.49,205.415,34317.0
2024-05-31 14:00:00+00:00,205.28,205.32,203.81,204.31,33955.0
2024-05-31 15:00:00+00:00,204.245,204.295,203.63,203.795,28333.0
2024-05-31 16:00:00+00:00,203.575,203.75,203.195,203.645,22971.0
2024-05-31 17:00:00+00:00,203.655,204.56,203.655,204.335,43431.0
2024-05-31 18:00:00+00:00,204.295,204.53,203.985,204.26,40464.0
2024-05-31 19:00:00+00:00,204.2,205.67,204.025,205.67,119290.0
2024-05-31 20:00:00+00:00,205.74,206.04,205.65,206.04,5837.0
2024-06-03 13:00:00+00:00,207.93,207.93,205.77,205.84,59224.0
2024-06-03 14:00:00+00:00,205.855,206.575,205.0,205.03,99966.0
2024-06-03 15:00:00+00:00,204.91,205.325,204.77,204.865,36442.0
2024-06-03 16:00:00+00:00,204.855,204.975,203.685,203.905,30387.0
2024-06-03 17:00:00+00:00,203.895,203.995,203.18,203.935,28388.0
2024-06-03 18:00:00+00:00,203.945,204.495,203.945,204.21,30936.0
2024-06-03 19:00:00+00:00,204.14,204.66,204.11,204.66,82048.0
2024-06-03 20:00:00+00:00,204.69,204.69,204.53,204.58,9107.0
2024-06-04 12:00:00+00:00,202.92,202.92,202.92,202.92,500.0
2024-06-04 13:00:00+00:00,203.155,203.62,202.71,202.74,38974.0
2024-06-04 14:00:00+00:00,202.94,203.42,202.28,202.28,108249.0
2024-06-04 15:00:00+00:00,202.25,202.715,201.815,201.93,33396.0
2024-06-04 16:00:00+00:00,201.94,202.285,201.735,202.07,31750.0
2024-06-04 17:00:00+00:00,202.075,202.15,201.75,202.14,39740.0
2024-06-04 18:00:00+00:00,202.115,202.83,202.065,202.345,37263.0
2024-06-04 19:00:00+00:00,202.285,202.285,201.685,201.875,88759.0
2024-06-04 20:00:00+00:00,201.88,202.09,201.86,202.08,4541.0
2024-06-05 13:00:00+00:00,203.17,203.32,202.23,202.42,47429.0
2024-06-05 14:00:00+00:00,201.9,203.975,201.9,203.275,60479.0
2024-06-05 15:00:00+00:00,203.385,204.445,203.385,204.375,28113.0
2024-06-05 16:00:00+00:00,204.28,204.65,204.22,204.375,50608.0
2024-06-05 17:00:00+00:00,204.365,204.815,204.275,204.72,49406.0
2024-06-05 18:00:00+00:00,204.705,204.915,204.63,204.82,42917.0
2024-06-05 19:00:00+00:00,204.78,205.01,204.47,204.99,130341.0
2024-06-05 20:00:00+00:00,204.99,205.06,204.87,205.06,11852.0
2024-06-06 12:00:00+00:00,204.38,204.38,204.2,204.3,400.0
2024-06-06 13:00:00+00:00,204.165,204.755,203.845,204.455,15052.0
2024-06-06 14:00:00+00:00,204.405,204.48,203.645,203.77,49099.0
2024-06-06 15:00:00+00:00,203.795,204.22,203.795,203.975,10448.0
2024-06-06 16:00:00+00:00,203.845,203.845,203.205,203.25,25856.0
2024-06-06 17:00:00+00:00,203.285,204.055,203.225,203.78,27027.0
2024-06-06 18:00:00+00:00,203.57,203.77,203.02,203.68,13388.0
2024-06-06 19:00:00+00:00,203.645,203.755,203.345,203.55,104471.0
2024-06-06 20:00:00+00:00,203.44,203.6,203.44,203.6,900.0
2024-06-07 13:00:00+00:00,201.56,202.515,200.695,201.82,71978.0
2024-06-07 14:00:00+00:00,201.67,203.15,201.67,202.33,57747.0
2024-06-07 15:00:00+00:00,202.17,202.185,201.51,201.985,41920.0
2024-06-07 16:00:00+00:00,201.95,202.27,201.725,202.01,14817.0
2024-06-07 17:00:00+00:00,201.97,202.08,201.575,201.575,33041.0
2024-06-07 18:00:00+00:00,201.535,201.645,200.7,201.355,47629.0
2024-06-07 19:00:00+00:00,201.305,201.495,200.955,201.2,120537.0
2024-06-07 20:00:00+00:00,201.25,201.25,201.09,201.18,6013.0
2024-06-10 13:00:00+00:00,199.18,199.975,199.02,199.945,59069.0
2024-06-10 14:00:00+00:00,200.105,201.15,199.985,200.855,132904.0
2024-06-10 15:00:00+00:00,200.8,201.435,200.685,201.235,32329.0
2024-06-10 16:00:00+00:00,201.255,201.41,201.045,201.315,28417.0
2024-06-10 17:00:00+00:00,201.2,201.95,201.08,201.72,32917.0
2024-06-10 18:00:00+00:00,201.705,201.985,201.405,201.875,29739.0
2024-06-10 19:00:00+00:00,201.82,202.115,201.605,201.95,97158.0
2024-06-10 20:00:00+00:00,201.84,201.84,201.59,201.59,5297.0
2024-06-11 13:00:00+00:00,199.64,199.64,198.43,198.805,61331.0
2024-06-11 14:00:00+00:00,198.745,199.545,198.725,199.545,44818.0
2024-06-11 15:00:00+00:00,199.515,199.72,199.37,199.56,40947.0
2024-06-11 16:00:00+00:00,199.47,200.115,199.47,199.715,18767.0
2024-06-11 17:00:00+00:00,199.58,200.635,199.58,200.515,28653.0
2024-06-11 18:00:00+00:00,200.39,201.01,200.245,200.615,45341.0
2024-06-11 19:00:00+00:00,200.665,200.82,200.365,200.61,89830.0
2024-06-11 20:00:00+00:00,200.58,200.68,200.57,200.59,7000.0
2024-06-12 12:00:00+00:00,206.87,206.87,206.87,206.87,525.0
2024-06-12 13:00:00+00:00,206.42,206.74,205.47,206.115,98514.0
2024-06-12 14:00:00+00:00,206.04,207.25,205.95,206.42,144964.0
2024-06-12 15:00:00+00:00,206.41,206.47,205.75,206.09,61559.0
2024-06-12 16:00:00+00:00,206.08,206.14,205.7,205.82,62567.0
2024-06-12 17:00:00+00:00,205.91,206.12,205.61,205.97,41661.0
2024-06-12 18:00:00+00:00,205.21,205.8,204.15,205.06,103768.0
2024-06-12 19:00:00+00:00,205.035,205.48,203.165,203.78,182815.0
2024-06-12 20:00:00+00:00,203.76,203.83,203.76,203.83,1000.0
2024-06-13 13:00:00+00:00,203.21,203.48,201.98,202.08,114688.0
2024-06-13 14:00:00+00:00,202.065,202.33,201.06,201.535,154650.0
2024-06-13 15:00:00+00:00,201.43,201.55,200.68,201.015,30210.0
2024-06-13 16:00:00+00:00,200.965,201.47,200.515,201.275,37508.0
2024-06-13 17:00:00+00:00,201.315,201.74,201.31,201.565,39887.0
2024-06-13 18:00:00+00:00,201.52,201.91,201.33,201.895,27251.0
2024-06-13 19:00:00+00:00,201.805,202.17,201.585,201.91,130440.0
2024-06-13 20:00:00+00:00,201.9,201.9,201.6,201.6,2041.0
2024-06-14 13:00:00+00:00,199.51,200.02,199.25,199.44,54973.0
2024-06-14 14:00:00+00:00,199.23,199.23,198.015,198.84,145593.0
2024-06-14 15:00:00+00:00,198.84,199.015,198.135,198.455,77659.0
2024-06-14 16:00:00+00:00,198.355,198.685,197.965,198.455,76779.0
2024-06-14 17:00:00+00:00,198.455,198.895,198.16,198.165,46965.0
2024-06-14 18:00:00+00:00,198.12,198.59,198.06,198.535,63313.0
2024-06-14 19:00:00+00:00,198.54,198.835,198.4,198.78,117393.0
2024-06-14 20:00:00+00:00,198.91,198.91,198.73,198.73,1000.0
2024-06-17 13:00:00+00:00,198.235,198.685,197.94,198.39,51713.0
2024-06-17 14:00:00+00:00,198.325,198.325,197.42,197.635,37264.0
2024-06-17 15:00:00+00:00,197.685,198.135,197.655,197.94,38791.0
2024-06-17 16:00:00+00:00,197.89,199.2,197.89,199.155,44742.0
2024-06-17 17:00:00+00:00,199.245,200.14,199.245,200.1,47574.0
2024-06-17 18:00:00+00:00,200.13,200.945,200.13,200.31,40793.0
2024-06-17 19:00:00+00:00,200.3,200.61,200.055,200.45,242925.0
2024-06-17 20:00:00+00:00,200.36,200.41,200.21,200.34,4548.0
2024-06-18 13:00:00+00:00,200.39,201.315,200.04,200.45,41834.0
2024-06-18 14:00:00+00:00,200.44,201.18,200.11,200.57,41462.0
2024-06-18 15:00:00+00:00,200.52,201.29,200.515,201.26,40348.0
2024-06-18 16:00:00+00:00,201.22,201.685,201.15,201.15,29646.0
2024-06-18 17:00:00+00:00,201.09,201.3,200.91,201.195,30957.0
2024-06-18 18:00:00+00:00,201.14,201.29,200.78,201.17,34143.0
2024-06-18 19:00:00+00:00,201.06,201.06,200.66,200.75,89755.0
2024-06-18 20:00:00+00:00,200.79,200.83,200.66,200.83,8275.0
2024-06-20 13:00:00+00:00,200.1,201.835,199.66,201.4,27116.0
2024-06-20 14:00:00+00:00,201.535,201.665,200.79,201.105,40406.0
2024-06-20 15:00:00+00:00,201.18,201.37,200.39,200.425,35980.0
2024-06-20 16:00:00+00:00,200.355,200.76,199.89,200.15,69896.0
2024-06-20 17:00:00+00:00,200.14,200.14,199.25,200.085,73812.0
2024-06-20 18:00:00+00:00,200.08,200.57,199.975,200.02,127828.0
2024-06-20 19:00:00+00:00,199.915,200.02,199.47,199.87,145390.0
2024-06-20 20:00:00+00:00,199.61,199.77,199.61,199.76,2000.0
2024-06-21 13:00:00+00:00,200.28,200.28,198.54,199.12,36291.0
2024-06-21 14:00:00+00:00,199.19,200.2,199.08,199.98,50947.0
2024-06-21 15:00:00+00:00,199.905,200.015,199.46,199.93,30291.0
2024-06-21 16:00:00+00:00,199.94,200.05,199.69,199.995,16468.0
2024-06-21 17:00:00+00:00,199.95,200.13,199.66,199.89,22866.0
2024-06-21 18:00:00+00:00,199.85,200.16,199.37,199.68,36539.0
2024-06-21 19:00:00+00:00,199.67,200.375,199.66,200.335,105861.0
2024-06-21 20:00:00+00:00,200.47,200.53,200.46,200.5,3925.0
2024-06-24 13:00:00+00:00,200.67,202.46,200.53,202.365,55585.0
2024-06-24 14:00:00+00:00,202.25,202.545,201.64,202.545,55654.0
2024-06-24 15:00:00+00:00,202.575,202.665,201.88,202.1,77635.0
2024-06-24 16:00:00+00:00,202.09,202.09,201.4,201.5,26070.0
2024-06-24 17:00:00+00:00,201.505,201.605,201.1,201.38,27307.0
2024-06-24 18:00:00+00:00,201.335,202.29,201.32,202.15,38343.0
2024-06-24 19:00:00+00:00,202.135,202.285,201.195,201.2,130270.0
2024-06-24 20:00:00+00:00,201.18,201.28,201.18,201.26,2500.0
2024-06-25 13:00:00+00:00,200.81,200.81,199.99,200.07,30337.0
2024-06-25 14:00:00+00:00,200.02,200.91,200.02,200.465,49654.0
2024-06-25 15:00:00+00:00,200.44,200.52,200.085,200.15,29203.0
2024-06-25 16:00:00+00:00,200.155,200.2,199.835,200.05,31700.0
2024-06-25 17:00:00+00:00,199.995,200.63,199.985,200.475,20527.0
2024-06-25 18:00:00+00:00,200.47,200.69,200.22,200.325,20754.0
2024-06-25 19:00:00+00:00,200.295,200.65,200.205,200.535,71944.0
2024-06-25 20:00:00+00:00,200.47,200.48,200.36,200.4,5799.0
2024-06-26 13:00:00+00:00,199.175,199.755,198.83,199.625,15736.0
2024-06-26 14:00:00+00:00,199.54,199.94,199.25,199.76,23081.0
2024-06-26 15:00:00+00:00,199.835,200.55,199.24,200.38,25501.0
2024-06-26 16:00:00+00:00,200.22,200.3,199.805,199.94,15006.0
2024-06-26 17:00:00+00:00,199.75,199.92,199.395,199.525,9166.0
2024-06-26 18:00:00+00:00,199.555,199.82,199.395,199.665,15870.0
2024-06-26 19:00:00+00:00,199.675,200.215,199.52,200.08,73530.0
2024-06-26 20:00:00+00:00,199.93,200.15,199.83,199.88,2900.0
2024-06-27 13:00:00+00:00,200.58,201.35,199.98,201.04,27500.0
2024-06-27 14:00:00+00:00,201.37,201.43,200.675,200.85,16473.0
2024-06-27 15:00:00+00:00,200.695,200.695,200.17,200.635,15554.0
2024-06-27 16:00:00+00:00,200.51,201.045,200.51,201.02,13888.0
2024-06-27 17:00:00+00:00,201.02,201.44,201.02,201.275,38083.0
2024-06-27 18:00:00+00:00,201.23,201.4,200.83,201.37,31936.0
2024-06-27 19:00:00+00:00,201.375,202.12,201.24,202.12,128422.0
2024-06-27 20:00:00+00:00,202.29,202.37,202.26,202.31,4300.0
2024-06-28 12:00:00+00:00,204.11,204.11,204.11,204.11,136.0
2024-06-28 13:00:00+00:00,203.91,204.63,202.8,202.85,83504.0
2024-06-28 14:00:00+00:00,202.9,204.14,202.9,203.5,82338.0
2024-06-28 15:00:00+00:00,203.47,203.47,202.63,203.25,30913.0
2024-06-28 16:00:00+00:00,203.215,203.26,202.32,202.455,46028.0
2024-06-28 17:00:00+00:00,202.375,202.82,201.89,202.05,22560.0
2024-06-28 18:00:00+00:00,202.04,202.45,201.995,202.245,33697.0
2024-06-28 19:00:00+00:00,202.23,202.93,201.35,202.89,169621.0
2024-06-28 20:00:00+00:00,202.95,203.39,202.95,203.11,11059.0
2024-07-01 13:00:00+00:00,203.515,203.82,202.62,203.03,54567.0
2024-07-01 14:00:00+00:00,203.37,203.6,200.865,201.41,134275.0
2024-07-01 15:00:00+00:00,201.29,201.605,200.51,201.01,59202.0
2024-07-01 16:00:00+00:00,201.01,201.38,200.865,201.08,28727.0
2024-07-01 17:00:00+00:00,201.1,201.405,200.97,201.155,34608.0
2024-07-01 18:00:00+00:00,201.145,201.59,201.03,201.25,27893.0
2024-07-01 19:00:00+00:00,201.25,201.38,200.97,201.23,105836.0
2024-07-01 20:00:00+00:00,201.21,201.25,201.12,201.24,7149.0
2024-07-02 13:00:00+00:00,201.515,202.185,201.27,202.095,25855.0
2024-07-02 14:00:00+00:00,202.13,202.235,201.215,201.565,40776.0
2024-07-02 15:00:00+00:00,201.58,201.74,201.34,201.605,43296.0
2024-07-02 16:00:00+00:00,201.435,201.55,200.93,200.93,26533.0
2024-07-02 17:00:00+00:00,200.925,201.35,200.925,201.295,21870.0
2024-07-02 18:00:00+00:00,201.3,201.705,201.3,201.59,36383.0
2024-07-02 19:00:00+00:00,201.55,201.97,201.53,201.81,58520.0
2024-07-02 20:00:00+00:00,201.8,201.8,201.49,201.49,9302.0
2024-07-03 13:00:00+00:00,202.21,202.495,201.66,202.12,24691.0
2024-07-03 14:00:00+00:00,202.37,203.28,202.01,202.02,77873.0
2024-07-03 15:00:00+00:00,202.01,202.245,201.74,201.985,30934.0
2024-07-03 16:00:00+00:00,201.91,202.205,201.69,201.79,112259.0
2024-07-03 17:00:00+00:00,201.84,201.84,201.79,201.79,1215.0
2024-07-05 13:00:00+00:00,201.15,201.6,200.46,200.76,41879.0
2024-07-05 14:00:00+00:00,200.735,201.01,199.905,200.86,79591.0
2024-07-05 15:00:00+00:00,200.84,201.11,200.67,200.71,20818.0
2024-07-05 16:00:00+00:00,200.64,200.77,200.41,200.605,17155.0
2024-07-05 17:00:00+00:00,200.62,200.8,200.29,200.8,20284.0
2024-07-05 18:00:00+00:00,200.775,200.79,200.47,200.705,17996.0
2024-07-05 19:00:00+00:00,200.655,201.22,200.6,200.88,110991.0
2024-07-05 20:00:00+00:00,200.79,200.79,200.72,200.73,9102.0
2024-07-08 13:00:00+00:00,202.49,203.64,202.45,203.4,48270.0
2024-07-08 14:00:00+00:00,203.37,203.56,202.7,203.38,62484.0
2024-07-08 15:00:00+00:00,203.33,203.39,201.98,202.1,56074.0
2024-07-08 16:00:00+00:00,202.12,202.615,201.9,202.495,35076.0
2024-07-08 17:00:00+00:00,202.49,202.49,202.115,202.35,22696.0
2024-07-08 18:00:00+00:00,202.375,202.465,201.87,202.285,32192.0
2024-07-08 19:00:00+00:00,202.255,202.43,202.18,202.21,93232.0
2024-07-08 20:00:00+00:00,202.24,202.38,202.24,202.34,11117.0
2024-07-09 13:00:00+00:00,202.04,202.04,201.19,201.64,42890.0
2024-07-09 14:00:00+00:00,201.81,201.9,200.83,200.91,52653.0
2024-07-09 15:00:00+00:00,200.87,201.47,200.555,201.47,35459.0
2024-07-09 16:00:00+00:00,201.42,201.925,201.42,201.89,33886.0
2024-07-09 17:00:00+00:00,201.98,202.49,201.67,201.67,32122.0
2024-07-09 18:00:00+00:00,201.61,201.775,201.385,201.46,20586.0
2024-07-09 19:00:00+00:00,201.455,201.5,201.18,201.36,79033.0
2024-07-09 20:00:00+00:00,201.36,201.43,201.36,201.37,3026.0
2024-07-10 12:00:00+00:00,202.45,202.45,202.44,202.44,1000.0
2024-07-10 13:00:00+00:00,202.26,202.665,201.82,201.83,15794.0
2024-07-10 14:00:00+00:00,201.905,202.385,201.505,201.785,43618.0
2024-07-10 15:00:00+00:00,201.83,202.485,201.68,202.32,28446.0
2024-07-10 16:00:00+00:00,202.35,202.79,202.35,202.62,28979.0
2024-07-10 17:00:00+00:00,202.62,202.78,202.3,202.61,22503.0
2024-07-10 18:00:00+00:00,202.61,202.74,202.42,202.705,26465.0
2024-07-10 19:00:00+00:00,202.725,203.59,202.58,203.41,112487.0
2024-07-10 20:00:00+00:00,203.38,203.46,203.32,203.32,14000.0
2024-07-11 13:00:00+00:00,208.22,208.34,206.995,208.33,172020.0
2024-07-11 14:00:00+00:00,208.375,210.84,208.375,210.71,257617.0
2024-07-11 15:00:00+00:00,210.76,211.02,209.445,209.475,138594.0
2024-07-11 16:00:00+00:00,209.415,210.215,209.11,210.12,74050.0
2024-07-11 17:00:00+00:00,210.12,210.81,209.945,210.565,52864.0
2024-07-11 18:00:00+00:00,210.505,210.625,210.3,210.37,53468.0
2024-07-11 19:00:00+00:00,210.37,211.22,210.01,210.8,229828.0
2024-07-11 20:00:00+00:00,210.81,211.21,210.77,211.21,14812.0
2024-07-12 13:00:00+00:00,213.17,213.655,212.71,213.33,103222.0
2024-07-12 14:00:00+00:00,213.5,214.94,213.5,214.19,144148.0
2024-07-12 15:00:00+00:00,214.275,214.37,213.28,213.29,75169.0
2024-07-12 16:00:00+00:00,213.27,213.46,212.855,213.35,55339.0
2024-07-12 17:00:00+00:00,213.35,213.79,213.085,213.43,68673.0
2024-07-12 18:00:00+00:00,213.44,213.74,213.34,213.73,50872.0
2024-07-12 19:00:00+00:00,213.72,213.86,212.95,213.13,207462.0
2024-07-12 20:00:00+00:00,213.21,213.24,213.0,213.0,9424.0
2024-07-15 13:00:00+00:00,214.82,215.76,214.3,215.745,78631.0
2024-07-15 14:00:00+00:00,215.715,216.87,215.705,216.605,160305.0
2024-07-15 15:00:00+00:00,216.64,218.16,216.64,218.01,95516.0
2024-07-15 16:00:00+00:00,217.98,218.07,216.48,216.64,92811.0
2024-07-15 17:00:00+00:00,216.44,217.28,216.155,216.77,67233.0
2024-07-15 18:00:00+00:00,216.75,217.64,216.72,217.45,80878.0
2024-07-15 19:00:00+00:00,217.48,218.19,216.635,217.13,182040.0
2024-07-15 20:00:00+00:00,216.97,217.11,216.97,217.1,2247.0
2024-07-16 13:00:00+00:00,219.12,221.765,219.05,221.765,178628.0
2024-07-16 14:00:00+00:00,221.765,221.8,220.53,221.67,213513.0
2024-07-16 15:00:00+00:00,221.625,222.6,221.54,221.72,250971.0
2024-07-16 16:00:00+00:00,221.795,222.64,221.77,222.315,110202.0
2024-07-16 17:00:00+00:00,222.285,223.335,222.23,223.15,89709.0
2024-07-16 18:00:00+00:00,223.05,224.21,223.05,224.21,120710.0
2024-07-16 19:00:00+00:00,224.22,224.86,224.01,224.57,354594.0
2024-07-16 20:00:00+00:00,224.56,224.89,224.49,224.72,20086.0
2024-07-17 13:00:00+00:00,222.28,226.62,222.28,225.76,213939.0
2024-07-17 14:00:00+00:00,225.715,225.77,222.88,223.01,351065.0
2024-07-17 15:00:00+00:00,222.99,223.75,222.74,223.385,107103.0
2024-07-17 16:00:00+00:00,223.39,223.565,221.91,222.53,154760.0
2024-07-17 17:00:00+00:00,222.32,222.77,221.67,222.275,89634.0
2024-07-17 18:00:00+00:00,222.255,223.135,222.08,222.575,108004.0
2024-07-17 19:00:00+00:00,222.56,223.45,222.205,222.32,196448.0
2024-07-17 20:00:00+00:00,222.28,222.85,222.14,222.85,14076.0
2024-07-18 13:00:00+00:00,221.285,224.055,221.19,224.035,138063.0
2024-07-18 14:00:00+00:00,223.96,224.76,221.81,222.28,148951.0
2024-07-18 15:00:00+00:00,222.24,222.77,220.185,220.33,107915.0
2024-07-18 16:00:00+00:00,220.355,221.05,219.64,221.045,68363.0
2024-07-18 17:00:00+00:00,221.0,221.17,219.235,219.24,44771.0
2024-07-18 18:00:00+00:00,219.22,219.225,217.225,217.94,151638.0
2024-07-18 19:00:00+00:00,217.89,218.79,217.02,218.01,180435.0
2024-07-18 20:00:00+00:00,218.24,218.43,218.24,218.25,6500.0
2024-07-19 12:00:00+00:00,218.38,218.38,218.38,218.38,100.0
2024-07-19 13:00:00+00:00,217.71,218.63,216.63,218.41,109351.0
2024-07-19 14:00:00+00:00,218.47,218.54,216.62,216.96,67822.0
2024-07-19 15:00:00+00:00,217.12,217.165,215.89,217.115,101118.0
2024-07-19 16:00:00+00:00,217.25,217.72,216.725,217.31,44119.0
2024-07-19 17:00:00+00:00,217.145,217.38,216.44,217.37,30740.0
2024-07-19 18:00:00+00:00,217.3,217.32,216.235,216.65,48963.0
2024-07-19 19:00:00+00:00,216.705,217.38,216.335,216.77,149394.0
2024-07-19 20:00:00+00:00,216.7,216.73,216.69,216.73,2500.0
2024-07-22 13:00:00+00:00,218.0,218.59,215.865,215.865,87817.0
2024-07-22 14:00:00+00:00,215.845,217.785,215.42,217.785,69444.0
2024-07-22 15:00:00+00:00,217.84,218.05,217.165,217.645,58257.0
2024-07-22 16:00:00+00:00,217.7,218.35,217.3,218.19,24132.0
2024-07-22 17:00:00+00:00,218.285,219.1,218.2,218.94,39290.0
2024-07-22 18:00:00+00:00,218.945,219.735,218.515,219.65,43188.0
2024-07-22 19:00:00+00:00,219.27,220.64,219.27,220.21,152297.0
2024-07-22 20:00:00+00:00,220.3,220.46,220.3,220.35,5618.0
2024-07-23 12:00:00+00:00,219.12,219.12,219.12,219.12,100.0
2024-07-23 13:00:00+00:00,219.13,220.83,219.115,220.675,53167.0
2024-07-23 14:00:00+00:00,220.5,222.975,220.5,221.7,107628.0
2024-07-23 15:00:00+00:00,221.785,222.87,221.785,222.545,47768.0
2024-07-23 16:00:00+00:00,222.535,222.81,221.76,222.08,27717.0
2024-07-23 17:00:00+00:00,222.12,222.72,221.97,222.66,19981.0
2024-07-23 18:00:00+00:00,222.65,223.64,222.64,223.59,28202.0
2024-07-23 19:00:00+00:00,223.53,223.7,222.55,222.585,155238.0
2024-07-24 12:00:00+00:00,222.0,222.0,221.37,221.37,1400.0
2024-07-24 13:00:00+00:00,221.0,223.845,220.44,220.72,70517.0
2024-07-24 14:00:00+00:00,220.66,222.68,220.61,221.99,113429.0
2024-07-24 15:00:00+00:00,221.94,222.535,221.015,222.23,61627.0
2024-07-24 16:00:00+00:00,222.22,222.46,220.9,221.27,70938.0
2024-07-24 17:00:00+00:00,221.285,221.6,220.945,221.36,38707.0
2024-07-24 18:00:00+00:00,221.21,221.32,218.555,219.23,52780.0
2024-07-24 19:00:00+00:00,219.22,219.505,217.73,217.95,153307.0
2024-07-24 20:00:00+00:00,217.94,218.05,217.94,218.05,4900.0
2024-07-25 13:00:00+00:00,218.5,220.57,218.275,220.32,153237.0
2024-07-25 14:00:00+00:00,220.025,222.025,218.54,222.025,137666.0
2024-07-25 15:00:00+00:00,222.045,222.6,221.48,222.51,73581.0
2024-07-25 16:00:00+00:00,222.51,223.61,222.01,223.32,52161.0
2024-07-25 17:00:00+00:00,223.365,224.0,222.44,222.68,56497.0
2024-07-25 18:00:00+00:00,222.645,222.66,220.75,220.96,234535.0
2024-07-25 19:00:00+00:00,221.02,222.12,220.51,220.53,143640.0
2024-07-25 20:00:00+00:00,220.6,220.83,220.27,220.81,5787.0
2024-07-26 13:00:00+00:00,223.75,225.16,223.27,224.435,102096.0
2024-07-26 14:00:00+00:00,224.22,225.39,222.09,222.53,178585.0
2024-07-26 15:00:00+00:00,222.49,223.495,221.71,223.4,56433.0
2024-07-26 16:00:00+00:00,223.46,223.965,223.16,223.77,66957.0
2024-07-26 17:00:00+00:00,223.7,223.865,222.71,223.39,38586.0
2024-07-26 18:00:00+00:00,223.48,223.83,223.315,223.54,25783.0
2024-07-26 19:00:00+00:00,223.37,224.59,223.07,224.27,171046.0
2024-07-26 20:00:00+00:00,224.31,224.41,224.19,224.31,16484.0
2024-07-29 13:00:00+00:00,224.39,225.005,223.83,224.72,90252.0
2024-07-29 14:00:00+00:00,224.9,225.39,221.85,222.415,88875.0
2024-07-29 15:00:00+00:00,222.36,222.57,221.375,222.355,75473.0
2024-07-29 16:00:00+00:00,222.4,222.71,221.6,221.6,18693.0
2024-07-29 17:00:00+00:00,221.51,222.0,220.88,221.15,60250.0
2024-07-29 18:00:00+00:00,221.11,221.45,220.82,221.225,42242.0
2024-07-29 19:00:00+00:00,221.16,222.405,221.1,221.75,95937.0
2024-07-29 20:00:00+00:00,221.65,221.85,221.65,221.7,10628.0
2024-07-30 13:00:00+00:00,222.73,224.45,222.67,223.48,39921.0
2024-07-30 14:00:00+00:00,223.43,223.43,222.08,222.25,71757.0
2024-07-30 15:00:00+00:00,222.135,222.55,221.36,221.72,38509.0
2024-07-30 16:00:00+00:00,221.81,222.37,221.22,221.47,31159.0
2024-07-30 17:00:00+00:00,221.34,222.14,221.18,222.02,32656.0
2024-07-30 18:00:00+00:00,222.0,222.6,221.82,222.05,36836.0
2024-07-30 19:00:00+00:00,221.985,223.385,221.81,222.54,126695.0
2024-07-31 13:00:00+00:00,223.55,224.66,222.085,222.41,58340.0
2024-07-31 14:00:00+00:00,222.75,224.07,222.485,223.93,60557.0
2024-07-31 15:00:00+00:00,224.12,224.615,223.57,224.53,35068.0
2024-07-31 16:00:00+00:00,224.455,225.265,224.385,224.88,64336.0
2024-07-31 17:00:00+00:00,224.75,225.15,223.98,224.485,50783.0
2024-07-31 18:00:00+00:00,224.51,228.26,223.59,228.26,129883.0
2024-07-31 19:00:00+00:00,228.15,228.63,223.67,224.01,220733.0
2024-07-31 20:00:00+00:00,224.06,224.2,224.04,224.17,1300.0
2024-08-01 13:00:00+00:00,224.3,224.705,222.36,222.375,50942.0
2024-08-01 14:00:00+00:00,222.595,222.71,218.06,218.105,362311.0
2024-08-01 15:00:00+00:00,218.15,218.23,216.02,217.07,456967.0
2024-08-01 16:00:00+00:00,217.04,217.66,215.97,216.75,108820.0
2024-08-01 17:00:00+00:00,216.765,216.78,215.54,216.6,83812.0
2024-08-01 18:00:00+00:00,216.63,216.67,215.08,215.32,135078.0
2024-08-01 19:00:00+00:00,215.325,217.33,215.07,216.63,209925.0
2024-08-02 13:00:00+00:00,208.605,211.17,208.45,209.48,142659.0
2024-08-02 14:00:00+00:00,209.16,210.21,207.35,207.64,247185.0
2024-08-02 15:00:00+00:00,207.67,209.105,207.01,208.69,147000.0
2024-08-02 16:00:00+00:00,208.88,210.15,208.56,209.53,83938.0
2024-08-02 17:00:00+00:00,209.56,209.62,208.17,208.23,67252.0
2024-08-02 18:00:00+00:00,208.18,209.305,207.9,208.855,51349.0
2024-08-02 19:00:00+00:00,208.85,209.515,208.49,209.015,142043.0
2024-08-02 20:00:00+00:00,208.88,208.88,208.88,208.88,244.0
2024-08-05 13:00:00+00:00,198.18,199.92,196.82,198.43,270008.0
2024-08-05 14:00:00+00:00,199.21,202.25,199.06,200.01,233358.0
2024-08-05 15:00:00+00:00,200.04,203.26,199.76,202.99,112737.0
2024-08-05 16:00:00+00:00,203.07,204.71,202.07,202.51,164069.0
2024-08-05 17:00:00+00:00,202.41,203.28,201.91,202.375,41484.0
2024-08-05 18:00:00+00:00,202.3,202.59,201.13,201.14,88828.0
2024-08-05 19:00:00+00:00,201.225,202.35,200.95,202.35,268439.0
2024-08-06 12:00:00+00:00,203.55,203.55,203.55,203.55,750.0
2024-08-06 13:00:00+00:00,202.92,203.765,201.22,203.765,137016.0
2024-08-06 14:00:00+00:00,203.45,206.42,203.24,205.43,128457.0
2024-08-06 15:00:00+00:00,205.68,205.72,203.28,204.69,54500.0
2024-08-06 16:00:00+00:00,204.76,205.525,204.57,205.36,39885.0
2024-08-06 17:00:00+00:00,205.24,206.32,205.09,206.17,32163.0
2024-08-06 18:00:00+00:00,206.02,207.23,205.795,206.0,25469.0
2024-08-06 19:00:00+00:00,205.865,206.135,204.41,204.43,185789.0
2024-08-06 20:00:00+00:00,204.0,204.0,204.0,204.0,650.0
2024-08-07 12:00:00+00:00,207.57,207.57,207.57,207.57,2500.0
2024-08-07 13:00:00+00:00,207.49,207.94,206.56,207.67,62895.0
2024-08-07 14:00:00+00:00,207.705,207.705,205.405,206.45,54517.0
2024-08-07 15:00:00+00:00,206.225,206.85,204.86,205.74,38337.0
2024-08-07 16:00:00+00:00,205.52,205.76,203.985,204.245,37935.0
2024-08-07 17:00:00+00:00,204.26,204.515,202.47,202.76,37167.0
2024-08-07 18:00:00+00:00,202.73,202.98,201.62,202.0,69749.0
2024-08-07 19:00:00+00:00,202.0,203.07,201.58,202.06,89452.0
2024-08-07 20:00:00+00:00,201.82,201.91,201.82,201.9,1414.0
2024-08-08 13:00:00+00:00,203.96,204.755,203.2,204.435,38299.0
2024-08-08 14:00:00+00:00,204.535,205.8,204.35,205.74,57177.0
2024-08-08 15:00:00+00:00,205.57,205.745,204.98,205.49,30766.0
2024-08-08 16:00:00+00:00,205.5,205.91,204.675,205.29,23241.0
2024-08-08 17:00:00+00:00,205.38,206.72,204.86,206.23,35065.0
2024-08-08 18:00:00+00:00,206.25,206.81,206.24,206.52,31783.0
2024-08-08 19:00:00+00:00,206.38,206.97,205.93,206.8,181455.0
2024-08-09 13:00:00+00:00,207.13,207.13,205.505,206.15,29136.0
2024-08-09 14:00:00+00:00,206.0,206.885,205.59,206.15,37875.0
2024-08-09 15:00:00+00:00,206.63,206.765,205.27,205.43,22245.0
2024-08-09 16:00:00+00:00,205.47,206.08,204.96,206.0,42400.0
2024-08-09 17:00:00+00:00,206.22,207.09,206.06,206.11,39522.0
2024-08-09 18:00:00+00:00,206.34,206.61,205.855,206.345,19803.0
2024-08-09 19:00:00+00:00,206.32,206.56,205.93,206.425,111308.0
2024-08-09 20:00:00+00:00,206.64,206.64,206.64,206.64,1000.0
2024-08-12 13:00:00+00:00,206.79,206.86,204.49,204.65,53970.0
2024-08-12 14:00:00+00:00,204.7,205.97,204.4,205.5,74248.0
2024-08-12 15:00:00+00:00,205.53,205.56,203.93,204.83,64344.0
2024-08-12 16:00:00+00:00,204.78,204.91,204.18,204.18,16692.0
2024-08-12 17:00:00+00:00,203.9,204.935,203.9,204.55,18064.0
2024-08-12 18:00:00+00:00,204.57,204.8,204.445,204.63,21745.0
2024-08-12 19:00:00+00:00,204.685,204.9,204.09,204.6,112928.0
2024-08-13 13:00:00+00:00,206.07,206.78,205.32,206.07,67027.0
2024-08-13 14:00:00+00:00,206.005,206.165,204.95,206.165,50994.0
2024-08-13 15:00:00+00:00,206.17,206.38,205.84,206.285,24436.0
2024-08-13 16:00:00+00:00,206.285,207.56,206.1,207.5,35789.0
2024-08-13 17:00:00+00:00,207.53,207.56,206.73,207.205,32414.0
2024-08-13 18:00:00+00:00,207.195,207.63,206.95,207.36,34051.0
2024-08-13 19:00:00+00:00,207.385,208.355,207.0,207.915,229701.0
2024-08-14 12:00:00+00:00,208.76,208.76,208.76,208.76,1000.0
2024-08-14 13:00:00+00:00,208.74,208.74,206.52,206.62,48022.0
2024-08-14 14:00:00+00:00,206.55,206.92,205.84,206.45,118718.0
2024-08-14 15:00:00+00:00,206.485,207.55,206.28,207.55,32698.0
2024-08-14 16:00:00+00:00,207.53,207.595,205.76,206.395,46319.0
2024-08-14 17:00:00+00:00,206.31,206.69,205.805,206.67,25993.0
2024-08-14 18:00:00+00:00,206.59,206.88,206.025,206.85,63036.0
2024-08-14 19:00:00+00:00,206.705,207.0,206.36,206.725,94969.0
2024-08-14 20:00:00+00:00,206.71,206.9,206.7,206.9,8000.0
2024-08-15 13:00:00+00:00,211.57,212.055,210.21,210.28,180517.0
2024-08-15 14:00:00+00:00,210.32,211.855,209.91,211.78,133763.0
2024-08-15 15:00:00+00:00,211.76,212.61,211.76,211.92,95708.0
2024-08-15 16:00:00+00:00,211.9,212.97,211.88,212.65,86563.0
2024-08-15 17:00:00+00:00,212.63,213.08,212.39,212.785,55921.0
2024-08-15 18:00:00+00:00,212.75,213.1,212.445,212.95,85240.0
2024-08-15 19:00:00+00:00,212.87,212.895,211.51,212.03,215309.0
2024-08-15 20:00:00+00:00,211.95,212.11,211.95,212.11,1641.0
2024-08-16 13:00:00+00:00,211.46,213.68,211.46,213.4,70957.0
2024-08-16 14:00:00+00:00,213.38,213.92,211.48,211.68,75456.0
2024-08-16 15:00:00+00:00,211.735,212.21,211.3,212.2,30257.0
2024-08-16 16:00:00+00:00,212.165,213.02,212.105,213.02,33885.0
2024-08-16 17:00:00+00:00,212.88,212.91,212.425,212.69,27038.0
2024-08-16 18:00:00+00:00,212.755,213.005,212.24,212.975,30383.0
2024-08-16 19:00:00+00:00,212.95,213.03,212.33,212.65,115925.0
2024-08-16 20:00:00+00:00,212.74,212.74,212.72,212.72,600.0
2024-08-19 13:00:00+00:00,213.06,213.93,212.86,213.1,28049.0
2024-08-19 14:00:00+00:00,213.09,213.85,212.825,213.85,49812.0
2024-08-19 15:00:00+00:00,213.81,214.33,213.64,213.82,41390.0
2024-08-19 16:00:00+00:00,213.76,214.17,213.74,214.15,27577.0
2024-08-19 17:00:00+00:00,214.13,214.56,214.1,214.54,28322.0
2024-08-19 18:00:00+00:00,214.505,215.045,214.455,214.95,83200.0
2024-08-19 19:00:00+00:00,214.925,215.19,214.44,215.14,139217.0
2024-08-19 20:00:00+00:00,215.22,215.24,215.15,215.21,3663.0
2024-08-20 13:00:00+00:00,214.92,214.92,214.04,214.205,26410.0
2024-08-20 14:00:00+00:00,214.29,214.43,212.31,212.31,63464.0
2024-08-20 15:00:00+00:00,212.4,213.05,212.28,213.04,40921.0
2024-08-20 16:00:00+00:00,212.91,212.96,212.23,212.36,47712.0
2024-08-20 17:00:00+00:00,212.21,212.53,212.065,212.385,50571.0
2024-08-20 18:00:00+00:00,212.35,213.27,212.35,213.13,29445.0
2024-08-20 19:00:00+00:00,213.055,213.29,212.66,212.73,111343.0
2024-08-20 20:00:00+00:00,212.76,212.96,212.76,212.96,4886.0
2024-08-21 13:00:00+00:00,214.2,214.56,213.16,213.7,37185.0
2024-08-21 14:00:00+00:00,213.71,214.79,212.83,213.48,60655.0
2024-08-21 15:00:00+00:00,213.42,214.39,213.22,213.73,33621.0
2024-08-21 16:00:00+00:00,213.73,214.35,213.545,214.26,20674.0
2024-08-21 17:00:00+00:00,214.32,215.21,214.205,214.94,34004.0
2024-08-21 18:00:00+00:00,215.04,215.47,214.81,215.08,33333.0
2024-08-21 19:00:00+00:00,214.98,215.655,214.72,215.52,154879.0
2024-08-21 20:00:00+00:00,215.54,215.75,215.54,215.61,2805.0
2024-08-22 13:00:00+00:00,215.52,216.29,214.54,214.92,58003.0
2024-08-22 14:00:00+00:00,214.89,214.99,214.1,214.885,43817.0
2024-08-22 15:00:00+00:00,214.98,215.075,213.81,214.13,49821.0
2024-08-22 16:00:00+00:00,214.03,215.09,214.0,214.13,37594.0
2024-08-22 17:00:00+00:00,214.09,214.35,213.47,213.47,34727.0
2024-08-22 18:00:00+00:00,213.41,214.46,213.41,214.06,23404.0
2024-08-22 19:00:00+00:00,214.105,214.65,213.13,213.59,127339.0
2024-08-22 20:00:00+00:00,213.63,213.63,213.43,213.58,1384.0
2024-08-23 13:00:00+00:00,215.11,216.2,214.87,215.32,49466.0
2024-08-23 14:00:00+00:00,215.6,219.97,215.55,219.35,311544.0
2024-08-23 15:00:00+00:00,219.05,221.07,218.99,219.715,89327.0
2024-08-23 16:00:00+00:00,219.68,220.39,219.15,219.83,63477.0
2024-08-23 17:00:00+00:00,219.85,220.24,219.745,220.19,38527.0
2024-08-23 18:00:00+00:00,220.15,220.23,219.55,219.7,36836.0
2024-08-23 19:00:00+00:00,219.63,220.42,219.52,220.36,190521.0
2024-08-23 20:00:00+00:00,220.24,220.5,220.24,220.4,7978.0
2024-08-26 13:00:00+00:00,222.15,222.205,220.855,222.04,135248.0
2024-08-26 14:00:00+00:00,222.13,222.44,220.86,220.87,152546.0
2024-08-26 15:00:00+00:00,220.935,221.21,220.15,220.68,67597.0
2024-08-26 16:00:00+00:00,220.59,221.505,220.53,221.48,47587.0
2024-08-26 17:00:00+00:00,221.47,221.79,220.46,220.675,49119.0
2024-08-26 18:00:00+00:00,220.67,221.12,220.54,221.055,23378.0
2024-08-26 19:00:00+00:00,221.05,221.29,220.085,220.43,156910.0
2024-08-26 20:00:00+00:00,220.43,220.48,220.19,220.19,5434.0
2024-08-27 13:00:00+00:00,218.85,219.02,217.88,217.92,90772.0
2024-08-27 14:00:00+00:00,218.04,219.36,217.9,219.14,61013.0
2024-08-27 15:00:00+00:00,219.17,219.17,218.06,218.34,53549.0
2024-08-27 16:00:00+00:00,218.35,218.35,217.74,218.165,22542.0
2024-08-27 17:00:00+00:00,218.175,219.02,218.175,218.74,16960.0
2024-08-27 18:00:00+00:00,218.85,219.28,218.77,218.99,29117.0
2024-08-27 19:00:00+00:00,218.98,219.25,218.62,218.67,100389.0
2024-08-27 20:00:00+00:00,218.84,218.91,218.81,218.9,2000.0
2024-08-28 13:00:00+00:00,217.83,218.65,217.42,218.17,39956.0
2024-08-28 14:00:00+00:00,218.12,219.105,217.94,218.75,72624.0
2024-08-28 15:00:00+00:00,218.625,218.625,217.27,217.93,31011.0
2024-08-28 16:00:00+00:00,217.805,217.84,216.86,217.56,46730.0
2024-08-28 17:00:00+00:00,217.55,217.8,216.43,216.43,63002.0
2024-08-28 18:00:00+00:00,216.44,217.47,216.285,217.47,41442.0
2024-08-28 19:00:00+00:00,217.535,217.95,217.2,217.28,153642.0
2024-08-29 13:00:00+00:00,218.79,219.08,217.15,218.36,89632.0
2024-08-29 14:00:00+00:00,218.66,220.08,218.66,218.98,105374.0
2024-08-29 15:00:00+00:00,219.04,220.075,218.92,220.04,40027.0
2024-08-29 16:00:00+00:00,220.01,220.485,220.01,220.355,63553.0
2024-08-29 17:00:00+00:00,220.215,220.94,219.96,220.89,38929.0
2024-08-29 18:00:00+00:00,220.78,220.78,218.79,219.26,47487.0
2024-08-29 19:00:00+00:00,219.245,219.875,218.58,218.75,128388.0
2024-08-30 13:00:00+00:00,219.76,220.44,219.07,219.4,46320.0
2024-08-30 14:00:00+00:00,219.44,220.19,219.26,219.26,60285.0
2024-08-30 15:00:00+00:00,219.18,219.56,218.22,218.37,38329.0
2024-08-30 16:00:00+00:00,218.315,218.58,217.42,218.21,27488.0
2024-08-30 17:00:00+00:00,218.28,218.38,217.84,218.21,30088.0
2024-08-30 18:00:00+00:00,218.32,219.02,218.31,218.93,35194.0
2024-08-30 19:00:00+00:00,218.935,220.39,218.68,220.1,172184.0
2024-08-30 20:00:00+00:00,220.13,220.13,219.9,219.9,300.0
2024-09-03 13:00:00+00:00,218.205,219.31,217.56,218.06,64230.0
2024-09-03 14:00:00+00:00,216.905,217.23,214.98,215.44,130954.0
2024-09-03 15:00:00+00:00,215.425,216.035,215.22,215.245,112604.0
2024-09-03 16:00:00+00:00,215.22,215.38,214.055,214.215,86215.0
2024-09-03 17:00:00+00:00,214.165,214.64,213.87,213.9,37587.0
2024-09-03 18:00:00+00:00,213.9,213.9,213.49,213.565,41319.0
2024-09-03 19:00:00+00:00,213.585,213.96,212.92,213.41,232467.0
2024-09-03 20:00:00+00:00,213.44,213.44,213.44,213.44,500.0
2024-09-04 13:00:00+00:00,212.63,213.67,212.18,213.43,83071.0
2024-09-04 14:00:00+00:00,212.645,215.28,211.75,215.12,125720.0
2024-09-04 15:00:00+00:00,215.195,215.365,213.61,213.67,40128.0
2024-09-04 16:00:00+00:00,213.56,214.32,213.3,213.93,29587.0
2024-09-04 17:00:00+00:00,213.91,213.945,212.99,213.05,39481.0
2024-09-04 18:00:00+00:00,212.995,213.28,212.4,212.4,86890.0
2024-09-04 19:00:00+00:00,212.405,213.25,212.22,213.01,129613.0
2024-09-04 20:00:00+00:00,212.85,212.85,212.85,212.85,199.0
2024-09-05 13:00:00+00:00,213.56,213.93,212.21,212.21,52364.0
2024-09-05 14:00:00+00:00,212.5,214.02,211.84,212.05,78307.0
2024-09-05 15:00:00+00:00,211.995,212.4,210.93,210.98,56315.0
2024-09-05 16:00:00+00:00,210.95,212.07,210.95,211.88,44135.0
2024-09-05 17:00:00+00:00,211.83,212.48,211.4,212.48,29960.0
2024-09-05 18:00:00+00:00,212.55,212.75,212.17,212.25,39233.0
2024-09-05 19:00:00+00:00,212.13,212.29,211.3,211.87,172311.0
2024-09-05 20:00:00+00:00,211.94,212.06,211.94,211.95,2430.0
2024-09-06 13:00:00+00:00,211.95,213.18,211.59,211.74,77924.0
2024-09-06 14:00:00+00:00,211.685,211.705,208.19,208.375,161503.0
2024-09-06 15:00:00+00:00,208.36,210.4,207.36,207.52,177145.0
2024-09-06 16:00:00+00:00,207.465,208.14,207.17,208.05,45965.0
2024-09-06 17:00:00+00:00,208.02,209.085,207.87,208.66,42343.0
2024-09-06 18:00:00+00:00,208.495,208.495,207.235,207.89,48843.0
2024-09-06 19:00:00+00:00,207.935,208.71,207.64,207.94,169766.0
2024-09-06 20:00:00+00:00,207.83,207.83,207.7,207.7,6470.0
2024-09-09 13:00:00+00:00,208.15,208.96,207.54,208.68,120184.0
2024-09-09 14:00:00+00:00,208.76,210.075,208.76,208.87,90437.0
2024-09-09 15:00:00+00:00,208.78,209.875,208.42,209.67,49116.0
2024-09-09 16:00:00+00:00,209.65,210.235,209.65,210.14,41180.0
2024-09-09 17:00:00+00:00,210.165,210.165,208.865,208.89,31884.0
2024-09-09 18:00:00+00:00,208.905,209.12,208.44,208.53,52604.0
2024-09-09 19:00:00+00:00,208.5,209.015,208.31,208.48,170527.0
2024-09-09 20:00:00+00:00,208.58,208.61,208.58,208.61,1064.0
2024-09-10 13:00:00+00:00,208.68,208.83,207.63,207.75,41161.0
2024-09-10 14:00:00+00:00,207.755,207.8,206.6,207.34,127119.0
2024-09-10 15:00:00+00:00,207.34,208.0,206.26,206.26,54045.0
2024-09-10 16:00:00+00:00,206.18,206.55,205.82,206.305,47581.0
2024-09-10 17:00:00+00:00,206.21,206.965,206.17,206.915,40567.0
2024-09-10 18:00:00+00:00,206.94,208.21,206.94,208.065,67551.0
2024-09-10 19:00:00+00:00,208.04,208.48,207.69,208.33,214953.0
2024-09-10 20:00:00+00:00,208.43,208.49,208.4,208.4,6090.0
2024-09-11 12:00:00+00:00,208.17,208.17,208.17,208.17,120.0
2024-09-11 13:00:00+00:00,207.27,207.47,206.17,206.26,82968.0
2024-09-11 14:00:00+00:00,206.23,206.44,204.23,205.03,140014.0
2024-09-11 15:00:00+00:00,205.01,206.68,204.81,206.0,86511.0
2024-09-11 16:00:00+00:00,205.97,207.535,205.92,207.3,73941.0
2024-09-11 17:00:00+00:00,207.38,208.63,207.37,208.07,71750.0
2024-09-11 18:00:00+00:00,208.05,209.07,207.8,208.44,96909.0
2024-09-11 19:00:00+00:00,208.425,209.25,208.21,208.87,165153.0
2024-09-11 20:00:00+00:00,208.92,208.92,208.79,208.9,1716.0
2024-09-12 13:00:00+00:00,209.92,210.79,208.42,209.03,55559.0
2024-09-12 14:00:00+00:00,208.84,211.15,208.665,210.24,88476.0
2024-09-12 15:00:00+00:00,210.215,211.53,210.15,210.49,58828.0
2024-09-12 16:00:00+00:00,210.47,211.57,210.42,211.56,33944.0
2024-09-12 17:00:00+00:00,211.52,212.77,211.22,212.645,79791.0
2024-09-12 18:00:00+00:00,212.655,212.655,210.99,211.58,150233.0
2024-09-12 19:00:00+00:00,211.5,211.92,211.23,211.61,157932.0
2024-09-12 20:00:00+00:00,211.63,211.64,211.54,211.54,4973.0
2024-09-13 13:00:00+00:00,213.985,215.39,213.95,215.2,108203.0
2024-09-13 14:00:00+00:00,215.36,216.53,214.54,216.16,177891.0
2024-09-13 15:00:00+00:00,216.17,217.02,215.51,216.91,113818.0
2024-09-13 16:00:00+00:00,216.945,217.24,216.47,216.76,121568.0
2024-09-13 17:00:00+00:00,216.78,217.08,216.28,216.28,74897.0
2024-09-13 18:00:00+00:00,216.355,216.6,215.73,216.085,95119.0
2024-09-13 19:00:00+00:00,216.06,216.995,215.645,216.85,222611.0
2024-09-13 20:00:00+00:00,216.89,216.96,216.87,216.9,3606.0
2024-09-16 13:00:00+00:00,217.59,218.26,216.39,217.77,109374.0
2024-09-16 14:00:00+00:00,217.78,218.155,216.16,216.67,90141.0
2024-09-16 15:00:00+00:00,216.46,217.26,216.39,217.1,41331.0
2024-09-16 16:00:00+00:00,217.06,217.63,216.63,217.56,48057.0
2024-09-16 17:00:00+00:00,217.515,217.65,217.21,217.595,28426.0
2024-09-16 18:00:00+00:00,217.535,217.86,217.3,217.86,43028.0
2024-09-16 19:00:00+00:00,217.85,217.89,217.27,217.67,139998.0
2024-09-16 20:00:00+00:00,217.61,217.61,217.61,217.61,500.0
2024-09-17 13:00:00+00:00,219.36,219.81,218.8,218.83,33669.0
2024-09-17 14:00:00+00:00,219.025,221.27,218.86,220.62,146460.0
2024-09-17 15:00:00+00:00,220.74,221.75,220.74,220.84,84812.0
2024-09-17 16:00:00+00:00,220.765,220.95,218.79,218.79,91379.0
2024-09-17 17:00:00+00:00,218.9,219.8,218.5,219.605,57566.0
2024-09-17 18:00:00+00:00,219.605,219.88,219.2,219.615,68320.0
2024-09-17 19:00:00+00:00,219.495,219.75,218.75,219.34,120940.0
2024-09-17 20:00:00+00:00,219.36,219.47,219.36,219.45,5294.0
2024-09-18 12:00:00+00:00,219.3,219.3,219.3,219.3,100.0
2024-09-18 13:00:00+00:00,219.24,220.315,219.08,219.54,54239.0
2024-09-18 14:00:00+00:00,219.42,219.59,218.55,219.56,135368.0
2024-09-18 15:00:00+00:00,219.64,219.84,218.39,218.535,46388.0
2024-09-18 16:00:00+00:00,218.51,219.055,218.265,218.99,53888.0
2024-09-18 17:00:00+00:00,218.995,219.69,218.73,219.19,69964.0
2024-09-18 18:00:00+00:00,219.25,224.89,218.705,222.155,621807.0
2024-09-18 19:00:00+00:00,221.84,222.56,219.17,219.44,361116.0
2024-09-19 12:00:00+00:00,225.22,225.22,225.21,225.21,612.0
2024-09-19 13:00:00+00:00,224.66,224.66,221.5,222.89,192752.0
2024-09-19 14:00:00+00:00,222.92,224.17,222.1,222.34,221702.0
2024-09-19 15:00:00+00:00,222.37,223.47,222.26,223.09,87486.0
2024-09-19 16:00:00+00:00,223.09,224.07,223.09,224.035,70427.0
2024-09-19 17:00:00+00:00,224.05,224.19,223.735,224.06,53749.0
2024-09-19 18:00:00+00:00,224.06,224.19,223.11,224.03,81918.0
2024-09-19 19:00:00+00:00,223.95,224.13,223.21,223.94,208983.0
2024-09-20 12:00:00+00:00,223.7,223.7,223.7,223.7,100.0
2024-09-20 13:00:00+00:00,223.25,223.29,221.86,222.19,92842.0
2024-09-20 14:00:00+00:00,222.265,223.26,221.91,222.66,104029.0
2024-09-20 15:00:00+00:00,222.66,222.755,221.29,222.405,64489.0
2024-09-20 16:00:00+00:00,222.38,222.86,222.25,222.55,50841.0
2024-09-20 17:00:00+00:00,222.58,222.98,222.3,222.42,21154.0
2024-09-20 18:00:00+00:00,222.4,222.4,221.72,222.31,56949.0
2024-09-20 19:00:00+00:00,222.22,222.62,221.42,221.635,281636.0
2024-09-20 20:00:00+00:00,221.82,221.83,221.78,221.78,2500.0
2024-09-23 13:00:00+00:00,222.585,223.1,221.46,222.26,88836.0
2024-09-23 14:00:00+00:00,222.21,222.645,220.745,220.745,109995.0
2024-09-23 15:00:00+00:00,220.715,220.87,220.035,220.82,44570.0
2024-09-23 16:00:00+00:00,220.7,220.795,220.12,220.795,28066.0
2024-09-23 17:00:00+00:00,220.705,221.09,220.52,220.885,26721.0
2024-09-23 18:00:00+00:00,220.895,221.15,220.605,220.885,66171.0
2024-09-23 19:00:00+00:00,220.8,221.22,220.685,220.78,147101.0
2024-09-24 13:00:00+00:00,221.5,221.92,221.15,221.44,54819.0
2024-09-24 14:00:00+00:00,221.21,221.43,219.56,220.52,132557.0
2024-09-24 15:00:00+00:00,220.54,221.17,220.325,220.69,50134.0
2024-09-24 16:00:00+00:00,220.65,221.22,220.65,220.945,30161.0
2024-09-24 17:00:00+00:00,221.08,221.46,220.93,221.295,27100.0
2024-09-24 18:00:00+00:00,221.29,221.56,221.02,221.18,29307.0
2024-09-24 19:00:00+00:00,221.14,221.43,221.04,221.14,107665.0
2024-09-24 20:00:00+00:00,221.13,221.18,221.12,221.18,1585.0
2024-09-25 13:00:00+00:00,220.36,220.52,219.18,219.45,97948.0
2024-09-25 14:00:00+00:00,219.47,220.06,219.08,219.785,68386.0
2024-09-25 15:00:00+00:00,219.84,219.97,218.91,219.11,41744.0
2024-09-25 16:00:00+00:00,219.02,219.28,218.42,218.43,58683.0
2024-09-25 17:00:00+00:00,218.3,218.59,217.66,218.24,53208.0
2024-09-25 18:00:00+00:00,218.24,218.48,217.85,218.105,53471.0
2024-09-25 19:00:00+00:00,218.03,218.5,217.54,217.74,141950.0
2024-09-25 20:00:00+00:00,217.81,217.81,217.81,217.81,100.0
2024-09-26 12:00:00+00:00,220.09,220.45,220.09,220.45,200.0
2024-09-26 13:00:00+00:00,220.4,220.73,219.67,219.94,82749.0
2024-09-26 14:00:00+00:00,220.005,221.07,218.56,218.62,71525.0
2024-09-26 15:00:00+00:00,218.57,220.12,218.4,220.03,53423.0
2024-09-26 16:00:00+00:00,220.04,220.045,219.25,219.26,20510.0
2024-09-26 17:00:00+00:00,219.22,219.53,218.7,219.44,30104.0
2024-09-26 18:00:00+00:00,219.47,219.55,219.21,219.405,32394.0
2024-09-26 19:00:00+00:00,219.37,219.745,218.8,218.81,117302.0
2024-09-27 13:00:00+00:00,220.86,221.335,220.005,220.59,51887.0
2024-09-27 14:00:00+00:00,220.72,222.59,220.05,222.23,85554.0
2024-09-27 15:00:00+00:00,222.23,222.38,221.85,221.93,72915.0
2024-09-27 16:00:00+00:00,221.89,221.89,220.82,220.98,59670.0
2024-09-27 17:00:00+00:00,220.99,221.13,220.48,220.85,43423.0
2024-09-27 18:00:00+00:00,220.86,220.89,219.625,220.665,37933.0
2024-09-27 19:00:00+00:00,220.65,220.69,219.895,220.28,130385.0
2024-09-27 20:00:00+00:00,220.47,220.47,220.35,220.35,1000.0
2024-09-30 13:00:00+00:00,219.45,221.04,219.4,220.93,68356.0
2024-09-30 14:00:00+00:00,220.72,221.47,220.45,220.865,53317.0
2024-09-30 15:00:00+00:00,220.88,221.59,220.48,220.55,34887.0
2024-09-30 16:00:00+00:00,220.56,221.2,220.48,221.14,13984.0
2024-09-30 17:00:00+00:00,220.92,221.18,220.58,220.73,14353.0
2024-09-30 18:00:00+00:00,220.59,220.66,218.58,219.85,84251.0
2024-09-30 19:00:00+00:00,219.745,221.23,219.36,220.925,114666.0
2024-10-01 13:00:00+00:00,220.17,220.33,217.47,218.15,99540.0
2024-10-01 14:00:00+00:00,217.75,218.75,216.3,217.71,138049.0
2024-10-01 15:00:00+00:00,217.54,218.17,216.48,217.5,102351.0
2024-10-01 16:00:00+00:00,217.34,218.03,216.98,217.87,46390.0
2024-10-01 17:00:00+00:00,217.7,217.95,216.51,217.925,37937.0
2024-10-01 18:00:00+00:00,218.02,218.76,218.02,218.37,59128.0
2024-10-01 19:00:00+00:00,218.26,218.46,217.445,217.87,127641.0
2024-10-02 13:00:00+00:00,216.9,217.695,216.29,217.295,105874.0
2024-10-02 14:00:00+00:00,217.32,218.745,217.32,217.49,45963.0
2024-10-02 15:00:00+00:00,217.42,218.265,217.39,218.22,21448.0
2024-10-02 16:00:00+00:00,218.19,218.33,217.335,217.34,23570.0
2024-10-02 17:00:00+00:00,217.32,218.0,217.11,217.95,29652.0
2024-10-02 18:00:00+00:00,217.935,218.02,217.29,217.61,11912.0
2024-10-02 19:00:00+00:00,217.66,217.74,217.35,217.575,69381.0
2024-10-02 20:00:00+00:00,217.48,217.94,217.48,217.94,1600.0
2024-10-03 13:00:00+00:00,216.26,216.66,215.17,215.88,54963.0
2024-10-03 14:00:00+00:00,216.03,217.2,215.22,215.51,77518.0
2024-10-03 15:00:00+00:00,215.52,216.955,215.43,216.75,34376.0
2024-10-03 16:00:00+00:00,216.69,217.13,215.58,215.65,30099.0
2024-10-03 17:00:00+00:00,215.64,215.96,215.1,215.58,55138.0
2024-10-03 18:00:00+00:00,215.51,216.2,215.42,215.69,52141.0
2024-10-03 19:00:00+00:00,215.695,216.17,215.49,216.1,93903.0
2024-10-03 20:00:00+00:00,216.08,216.12,216.07,216.11,3000.0
2024-10-04 12:00:00+00:00,218.13,219.5,218.02,219.5,4100.0
2024-10-04 13:00:00+00:00,219.17,219.9,218.1,218.49,74173.0
2024-10-04 14:00:00+00:00,218.62,219.255,217.325,218.71,70524.0
2024-10-04 15:00:00+00:00,218.87,219.12,217.74,218.68,48452.0
2024-10-04 16:00:00+00:00,218.67,219.36,218.52,219.25,51306.0
2024-10-04 17:00:00+00:00,219.18,219.32,218.35,218.36,24566.0
2024-10-04 18:00:00+00:00,218.36,219.04,218.25,219.04,41880.0
2024-10-04 19:00:00+00:00,218.905,219.33,218.71,219.17,158990.0
2024-10-04 20:00:00+00:00,219.17,219.2,219.12,219.12,7887.0
2024-10-07 13:00:00+00:00,218.51,218.62,217.325,217.325,55792.0
2024-10-07 14:00:00+00:00,217.26,218.33,217.26,217.75,65936.0
2024-10-07 15:00:00+00:00,217.52,218.055,217.25,217.42,23425.0
2024-10-07 16:00:00+00:00,217.405,217.82,217.2,217.77,26525.0
2024-10-07 17:00:00+00:00,217.775,217.86,217.16,217.375,21151.0
2024-10-07 18:00:00+00:00,217.37,217.38,215.87,216.03,50767.0
2024-10-07 19:00:00+00:00,216.11,217.62,216.11,217.39,110898.0
2024-10-08 13:00:00+00:00,217.57,217.65,216.74,217.4,47126.0
2024-10-08 14:00:00+00:00,217.59,218.15,216.89,217.91,65565.0
2024-10-08 15:00:00+00:00,217.92,218.145,217.46,218.145,24918.0
2024-10-08 16:00:00+00:00,218.13,218.35,217.87,217.915,33055.0
2024-10-08 17:00:00+00:00,217.99,217.99,217.4,217.84,20198.0
2024-10-08 18:00:00+00:00,217.87,218.09,217.56,218.08,25769.0
2024-10-08 19:00:00+00:00,217.92,218.02,217.55,217.6,97538.0
2024-10-08 20:00:00+00:00,217.44,217.44,217.44,217.44,130.0
2024-10-09 13:00:00+00:00,217.47,218.38,216.94,218.32,27954.0
2024-10-09 14:00:00+00:00,218.35,218.79,217.56,218.49,29483.0
2024-10-09 15:00:00+00:00,218.44,219.545,218.2,219.315,47687.0
2024-10-09 16:00:00+00:00,219.28,219.33,218.4,218.595,25310.0
2024-10-09 17:00:00+00:00,218.64,218.88,218.155,218.42,20628.0
2024-10-09 18:00:00+00:00,218.28,218.715,217.85,217.85,31326.0
2024-10-09 19:00:00+00:00,217.805,218.225,217.685,218.12,75529.0
2024-10-09 20:00:00+00:00,217.91,217.91,217.8,217.85,7500.0
2024-10-10 12:00:00+00:00,217.75,217.75,216.15,216.15,1100.0
2024-10-10 13:00:00+00:00,215.8,216.05,214.625,215.66,112087.0
2024-10-10 14:00:00+00:00,215.86,216.55,215.585,215.73,43829.0
2024-10-10 15:00:00+00:00,215.725,216.475,215.51,216.4,28773.0
2024-10-10 16:00:00+00:00,216.43,216.72,216.11,216.15,27941.0
2024-10-10 17:00:00+00:00,216.15,216.435,215.73,216.26,19800.0
2024-10-10 18:00:00+00:00,216.19,216.19,215.65,215.97,23662.0
2024-10-10 19:00:00+00:00,216.04,216.86,215.92,216.8,75945.0
2024-10-10 20:00:00+00:00,216.78,216.8,216.66,216.66,6500.0
2024-10-11 13:00:00+00:00,216.76,218.89,216.76,218.725,58962.0
2024-10-11 14:00:00+00:00,218.745,220.29,218.46,220.08,118211.0
2024-10-11 15:00:00+00:00,220.11,220.76,220.02,220.67,44089.0
2024-10-11 16:00:00+00:00,220.685,220.685,220.22,220.46,87449.0
2024-10-11 17:00:00+00:00,220.465,220.965,220.215,220.9,40773.0
2024-10-11 18:00:00+00:00,220.885,221.03,220.66,220.91,57145.0
2024-10-11 19:00:00+00:00,220.845,221.605,220.825,221.32,125190.0
2024-10-11 20:00:00+00:00,221.41,221.45,221.31,221.33,3213.0
2024-10-14 12:00:00+00:00,221.4,221.4,221.4,221.4,250.0
2024-10-14 13:00:00+00:00,221.36,221.75,220.455,221.045,79394.0
2024-10-14 14:00:00+00:00,220.95,222.03,220.86,221.935,62184.0
2024-10-14 15:00:00+00:00,221.925,222.725,221.69,222.41,41525.0
2024-10-14 16:00:00+00:00,222.52,222.71,222.375,222.63,31825.0
2024-10-14 17:00:00+00:00,222.67,222.695,222.23,222.64,25376.0
2024-10-14 18:00:00+00:00,222.62,222.84,222.43,222.59,48869.0
2024-10-14 19:00:00+00:00,222.53,223.085,222.42,222.94,125535.0
2024-10-14 20:00:00+00:00,223.03,223.05,223.03,223.05,400.0
2024-10-15 13:00:00+00:00,222.575,223.345,221.99,222.92,49552.0
2024-10-15 14:00:00+00:00,222.955,224.24,222.5,223.57,115084.0
2024-10-15 15:00:00+00:00,223.72,224.63,223.61,224.045,37298.0
2024-10-15 16:00:00+00:00,224.05,225.49,224.0,224.96,46390.0
2024-10-15 17:00:00+00:00,224.95,225.16,224.47,224.63,71613.0
2024-10-15 18:00:00+00:00,224.55,224.885,224.13,224.13,49292.0
2024-10-15 19:00:00+00:00,224.19,224.395,223.07,223.13,158602.0
2024-10-15 20:00:00+00:00,223.04,223.05,223.01,223.01,2009.0
2024-10-16 13:00:00+00:00,224.87,225.29,224.4,225.28,68811.0
2024-10-16 14:00:00+00:00,225.24,226.89,225.24,226.59,123603.0
2024-10-16 15:00:00+00:00,226.54,226.81,226.13,226.65,48271.0
2024-10-16 16:00:00+00:00,226.645,226.96,226.52,226.62,41509.0
2024-10-16 17:00:00+00:00,226.635,226.85,226.18,226.825,50758.0
2024-10-16 18:00:00+00:00,226.82,227.16,226.44,226.52,44366.0
2024-10-16 19:00:00+00:00,226.49,227.03,226.43,226.71,147732.0
2024-10-16 20:00:00+00:00,226.68,226.75,226.68,226.74,1664.0
2024-10-17 13:00:00+00:00,226.89,226.89,225.67,226.32,42367.0
2024-10-17 14:00:00+00:00,226.48,226.69,224.96,225.275,98032.0
2024-10-17 15:00:00+00:00,225.38,225.64,224.91,225.64,33397.0
2024-10-17 16:00:00+00:00,225.645,226.11,225.455,225.98,25966.0
2024-10-17 17:00:00+00:00,226.045,226.275,225.74,226.165,22936.0
2024-10-17 18:00:00+00:00,226.165,226.235,225.52,225.86,17726.0
2024-10-17 19:00:00+00:00,225.93,226.24,225.92,226.06,90773.0
2024-10-17 20:00:00+00:00,226.2,226.2,226.2,226.2,400.0
2024-10-18 13:00:00+00:00,226.685,226.96,226.045,226.29,46665.0
2024-10-18 14:00:00+00:00,226.325,226.58,225.66,225.77,25759.0
2024-10-18 15:00:00+00:00,225.78,226.01,225.42,225.81,22565.0
2024-10-18 16:00:00+00:00,225.82,226.17,225.48,225.82,19619.0
2024-10-18 17:00:00+00:00,225.91,226.065,225.68,226.06,29643.0
2024-10-18 18:00:00+00:00,225.8,226.31,225.64,225.86,25829.0
2024-10-18 19:00:00+00:00,225.84,225.89,225.43,225.64,152063.0
2024-10-18 20:00:00+00:00,225.58,225.7,225.58,225.6,2180.0
2024-10-21 12:00:00+00:00,225.09,225.23,225.09,225.23,285.0
2024-10-21 13:00:00+00:00,225.59,225.68,224.37,224.5,77979.0
2024-10-21 14:00:00+00:00,224.5,224.57,222.47,222.65,108826.0
2024-10-21 15:00:00+00:00,222.575,222.575,221.535,222.31,89917.0
2024-10-21 16:00:00+00:00,222.4,222.43,221.96,222.35,85601.0
2024-10-21 17:00:00+00:00,222.38,222.68,222.22,222.43,72388.0
2024-10-21 18:00:00+00:00,222.44,222.46,222.01,222.06,87113.0
2024-10-21 19:00:00+00:00,222.11,222.36,221.85,222.11,167677.0
2024-10-21 20:00:00+00:00,222.09,222.21,222.07,222.08,6184.0
2024-10-22 13:00:00+00:00,221.45,221.81,220.83,220.9,90071.0
2024-10-22 14:00:00+00:00,220.99,221.45,220.34,221.22,80249.0
2024-10-22 15:00:00+00:00,221.19,221.32,220.895,221.045,34456.0
2024-10-22 16:00:00+00:00,220.95,221.2,220.71,221.11,24356.0
2024-10-22 17:00:00+00:00,221.11,221.63,221.11,221.55,17787.0
2024-10-22 18:00:00+00:00,221.54,221.7,221.15,221.24,31826.0
2024-10-22 19:00:00+00:00,221.21,221.44,221.185,221.255,52739.0
2024-10-23 13:00:00+00:00,220.0,220.78,219.79,220.41,65761.0
2024-10-23 14:00:00+00:00,220.355,220.68,219.54,219.8,84799.0
2024-10-23 15:00:00+00:00,219.78,219.78,219.04,219.69,60717.0
2024-10-23 16:00:00+00:00,219.7,219.88,218.97,218.97,51344.0
2024-10-23 17:00:00+00:00,218.98,218.98,218.18,218.24,44030.0
2024-10-23 18:00:00+00:00,218.21,218.77,217.37,218.61,126152.0
2024-10-23 19:00:00+00:00,218.61,219.58,218.525,219.33,165578.0
2024-10-23 20:00:00+00:00,219.26,219.28,219.26,219.28,200.0
2024-10-24 13:00:00+00:00,220.365,221.03,219.88,220.71,44516.0
2024-10-24 14:00:00+00:00,220.78,220.89,219.67,220.1,37188.0
2024-10-24 15:00:00+00:00,220.135,220.2,218.84,219.12,25228.0
2024-10-24 16:00:00+00:00,219.01,219.39,218.55,219.29,62566.0
2024-10-24 17:00:00+00:00,219.24,219.77,219.1,219.26,16581.0
2024-10-24 18:00:00+00:00,219.21,219.51,219.08,219.5,36024.0
2024-10-24 19:00:00+00:00,219.46,220.03,219.3,219.775,115413.0
2024-10-24 20:00:00+00:00,220.08,220.1,220.08,220.09,2501.0
2024-10-25 13:00:00+00:00,221.41,221.68,220.35,220.97,71536.0
2024-10-25 14:00:00+00:00,221.04,221.95,220.77,220.89,187915.0
2024-10-25 15:00:00+00:00,220.88,221.115,219.95,220.34,85325.0
2024-10-25 16:00:00+00:00,220.285,220.55,219.99,219.99,26892.0
2024-10-25 17:00:00+00:00,219.98,220.16,218.875,219.06,60016.0
2024-10-25 18:00:00+00:00,219.06,219.51,218.55,219.31,40887.0
2024-10-25 19:00:00+00:00,219.295,219.35,218.74,218.95,117008.0
2024-10-25 20:00:00+00:00,218.86,218.87,218.7,218.7,3112.0
2024-10-28 13:00:00+00:00,220.7,222.51,220.51,221.895,94574.0
2024-10-28 14:00:00+00:00,221.95,222.825,221.55,222.665,95747.0
2024-10-28 15:00:00+00:00,222.66,222.96,221.97,222.0,50612.0
2024-10-28 16:00:00+00:00,221.96,222.65,221.79,222.44,36248.0
2024-10-28 17:00:00+00:00,222.575,222.8,222.37,222.62,41746.0
2024-10-28 18:00:00+00:00,222.59,222.67,222.215,222.45,23806.0
2024-10-28 19:00:00+00:00,222.315,222.86,222.29,222.43,140211.0
2024-10-28 20:00:00+00:00,222.46,222.46,222.4,222.44,1200.0
2024-10-29 12:00:00+00:00,221.23,221.23,221.23,221.23,400.0
2024-10-29 13:00:00+00:00,220.87,221.1,219.985,220.91,41664.0
2024-10-29 14:00:00+00:00,220.77,221.58,220.62,221.25,50621.0
2024-10-29 15:00:00+00:00,221.2,221.64,220.76,221.41,20377.0
2024-10-29 16:00:00+00:00,221.44,221.56,220.78,221.11,30415.0
2024-10-29 17:00:00+00:00,221.11,221.73,221.01,221.54,36641.0
2024-10-29 18:00:00+00:00,221.495,221.73,221.31,221.665,28861.0
2024-10-29 19:00:00+00:00,221.695,221.88,221.3,221.79,106448.0
2024-10-29 20:00:00+00:00,221.92,221.95,221.92,221.95,900.0
2024-10-30 13:00:00+00:00,220.98,223.59,220.98,223.57,48436.0
2024-10-30 14:00:00+00:00,223.54,224.43,223.18,223.21,87005.0
2024-10-30 15:00:00+00:00,223.23,223.64,222.92,223.3,36881.0
2024-10-30 16:00:00+00:00,223.26,223.26,222.72,222.8,30215.0
2024-10-30 17:00:00+00:00,222.73,223.18,222.35,222.56,26826.0
2024-10-30 18:00:00+00:00,222.65,223.08,222.525,222.63,23347.0
2024-10-30 19:00:00+00:00,222.5,222.535,221.365,221.49,93160.0
2024-10-31 13:00:00+00:00,221.17,221.75,220.03,220.6,64752.0
2024-10-31 14:00:00+00:00,220.61,220.65,218.78,218.84,91184.0
2024-10-31 15:00:00+00:00,218.73,219.59,218.355,219.425,85298.0
2024-10-31 16:00:00+00:00,219.35,220.04,219.25,219.39,42715.0
2024-10-31 17:00:00+00:00,219.41,220.1,219.24,219.455,46195.0
2024-10-31 18:00:00+00:00,219.475,219.59,218.85,219.23,42834.0
2024-10-31 19:00:00+00:00,219.28,219.38,217.66,217.66,189008.0
2024-10-31 20:00:00+00:00,217.53,217.53,217.53,217.53,600.0
2024-11-01 13:00:00+00:00,219.4,220.42,219.13,220.3,85741.0
2024-11-01 14:00:00+00:00,220.52,220.91,219.28,219.79,77122.0
2024-11-01 15:00:00+00:00,219.76,220.35,219.36,219.695,34699.0
2024-11-01 16:00:00+00:00,219.81,220.11,218.85,218.86,29273.0
2024-11-01 17:00:00+00:00,218.99,219.35,218.39,218.59,47674.0
2024-11-01 18:00:00+00:00,218.52,219.21,218.41,219.175,33143.0
2024-11-01 19:00:00+00:00,219.15,219.27,218.56,219.025,142666.0
2024-11-01 20:00:00+00:00,219.04,219.16,219.04,219.16,1500.0
2024-11-04 14:00:00+00:00,218.44,219.56,217.86,219.39,72583.0
2024-11-04 15:00:00+00:00,219.39,221.62,219.3,221.18,71823.0
2024-11-04 16:00:00+00:00,221.18,221.72,220.08,220.23,79427.0
2024-11-04 17:00:00+00:00,220.255,221.42,220.0,221.22,31236.0
2024-11-04 18:00:00+00:00,221.19,221.19,220.5,220.74,45161.0
2024-11-04 19:00:00+00:00,220.85,220.92,220.16,220.195,27930.0
2024-11-04 20:00:00+00:00,220.15,220.56,219.89,220.09,139021.0
2024-11-04 21:00:00+00:00,220.13,220.15,220.0,220.1,4575.0
2024-11-05 14:00:00+00:00,219.35,221.57,219.11,221.46,56947.0
2024-11-05 15:00:00+00:00,221.57,222.13,220.995,221.465,82502.0
2024-11-05 16:00:00+00:00,221.59,222.64,221.37,222.57,57860.0
2024-11-05 17:00:00+00:00,222.45,222.62,222.22,222.3,40633.0
2024-11-05 18:00:00+00:00,222.38,222.805,222.15,222.805,35280.0
2024-11-05 19:00:00+00:00,222.835,223.655,222.835,223.09,58338.0
2024-11-05 20:00:00+00:00,222.94,224.25,222.9,224.24,266625.0
2024-11-05 21:00:00+00:00,224.29,224.44,224.25,224.37,11111.0
2024-11-06 13:00:00+00:00,237.05,238.73,237.04,238.73,5154.0
2024-11-06 14:00:00+00:00,236.73,236.73,232.76,233.78,458273.0
2024-11-06 15:00:00+00:00,233.815,236.28,233.53,234.5,413890.0
2024-11-06 16:00:00+00:00,234.58,235.45,233.95,235.39,226670.0
2024-11-06 17:00:00+00:00,235.36,236.27,235.04,236.27,194228.0
2024-11-06 18:00:00+00:00,236.27,237.07,236.08,236.68,228647.0
2024-11-06 19:00:00+00:00,236.66,237.25,236.49,236.76,216343.0
2024-11-06 20:00:00+00:00,236.75,237.57,236.62,237.165,458014.0
2024-11-06 21:00:00+00:00,237.0,237.0,237.0,237.0,100.0
2024-11-07 14:00:00+00:00,236.855,237.85,236.13,236.89,139303.0
2024-11-07 15:00:00+00:00,237.0,238.48,236.12,237.93,122867.0
2024-11-07 16:00:00+00:00,237.89,237.945,236.72,237.01,59192.0
2024-11-07 17:00:00+00:00,237.045,237.75,236.715,236.99,67354.0
2024-11-07 18:00:00+00:00,237.02,237.05,236.25,236.62,49259.0
2024-11-07 19:00:00+00:00,236.67,237.23,235.46,236.95,139406.0
2024-11-07 20:00:00+00:00,236.9,237.85,236.195,236.32,158226.0
2024-11-07 21:00:00+00:00,237.1,237.1,237.1,237.1,200.0
2024-11-08 14:00:00+00:00,236.08,237.41,235.69,236.76,67080.0
2024-11-08 15:00:00+00:00,236.775,237.69,236.17,237.49,151585.0
2024-11-08 16:00:00+00:00,237.4,237.44,236.77,236.88,101243.0
2024-11-08 17:00:00+00:00,236.83,237.3,236.35,237.24,53855.0
2024-11-08 18:00:00+00:00,237.19,237.79,236.905,237.685,73931.0
2024-11-08 19:00:00+00:00,237.61,238.45,237.54,238.22,67260.0
2024-11-08 20:00:00+00:00,238.09,238.38,237.55,238.08,173960.0
2024-11-08 21:00:00+00:00,238.21,238.21,238.21,238.21,500.0
2024-11-11 14:00:00+00:00,240.42,241.76,240.27,240.67,87681.0
2024-11-11 15:00:00+00:00,240.635,241.605,240.0,241.44,88428.0
2024-11-11 16:00:00+00:00,241.445,242.185,241.05,242.18,95213.0
2024-11-11 17:00:00+00:00,242.17,242.365,241.635,241.985,90114.0
2024-11-11 18:00:00+00:00,241.965,242.02,240.46,241.675,111842.0
2024-11-11 19:00:00+00:00,241.7,241.78,241.36,241.44,70461.0
2024-11-11 20:00:00+00:00,241.415,241.95,241.22,241.71,215485.0
2024-11-11 21:00:00+00:00,241.71,241.77,241.59,241.72,3388.0
2024-11-12 14:00:00+00:00,240.18,241.77,239.97,240.765,59929.0
2024-11-12 15:00:00+00:00,240.82,241.14,239.19,239.19,138303.0
2024-11-12 16:00:00+00:00,239.23,239.28,237.74,237.78,120537.0
2024-11-12 17:00:00+00:00,237.74,238.14,236.6,236.71,79586.0
2024-11-12 18:00:00+00:00,236.62,238.075,236.59,237.96,89803.0
2024-11-12 19:00:00+00:00,237.94,238.28,237.51,237.54,65214.0
2024-11-12 20:00:00+00:00,237.62,237.73,236.97,237.44,169846.0
2024-11-12 21:00:00+00:00,237.44,237.47,237.36,237.38,6720.0
2024-11-13 13:00:00+00:00,239.02,239.02,239.02,239.02,1000.0
2024-11-13 14:00:00+00:00,239.08,239.86,238.57,239.53,69345.0
2024-11-13 15:00:00+00:00,239.49,239.72,237.61,239.39,111690.0
2024-11-13 16:00:00+00:00,239.46,239.52,238.42,238.62,62269.0
2024-11-13 17:00:00+00:00,238.56,238.84,237.95,238.395,36354.0
2024-11-13 18:00:00+00:00,238.39,238.39,237.41,237.41,45436.0
2024-11-13 19:00:00+00:00,237.465,237.62,235.73,235.79,80520.0
2024-11-13 20:00:00+00:00,235.75,236.42,234.835,235.15,195172.0
2024-11-13 21:00:00+00:00,235.14,235.5,235.14,235.5,1455.0
2024-11-14 14:00:00+00:00,236.01,236.33,234.22,234.25,71668.0
2024-11-14 15:00:00+00:00,234.37,234.69,233.77,234.19,85094.0
2024-11-14 16:00:00+00:00,234.27,234.545,233.27,233.57,38909.0
2024-11-14 17:00:00+00:00,233.565,233.6,231.88,232.52,88643.0
2024-11-14 18:00:00+00:00,232.47,232.68,232.12,232.19,30536.0
2024-11-14 19:00:00+00:00,232.17,233.22,232.15,233.02,64492.0
2024-11-14 20:00:00+00:00,232.79,232.88,231.24,231.97,215117.0
2024-11-15 14:00:00+00:00,232.12,232.29,230.54,230.61,65480.0
2024-11-15 15:00:00+00:00,230.42,230.43,228.64,228.85,120930.0
2024-11-15 16:00:00+00:00,228.79,230.1,228.79,229.53,124653.0
2024-11-15 17:00:00+00:00,229.51,229.57,228.44,228.64,111698.0
2024-11-15 18:00:00+00:00,228.68,228.835,227.845,228.075,52429.0
2024-11-15 19:00:00+00:00,228.09,228.64,227.82,228.27,79082.0
2024-11-15 20:00:00+00:00,228.18,228.87,228.18,228.515,171954.0
2024-11-18 14:00:00+00:00,229.25,229.86,228.15,228.31,126065.0
2024-11-18 15:00:00+00:00,228.27,230.52,228.255,229.945,104483.0
2024-11-18 16:00:00+00:00,230.01,230.59,229.78,229.935,73204.0
2024-11-18 17:00:00+00:00,229.9,230.09,229.56,229.86,50199.0
2024-11-18 18:00:00+00:00,229.78,229.82,228.66,229.26,49893.0
2024-11-18 19:00:00+00:00,229.22,229.22,228.3,228.97,55711.0
2024-11-18 20:00:00+00:00,228.915,229.515,228.84,228.94,153412.0
2024-11-18 21:00:00+00:00,228.94,229.1,228.81,228.81,7313.0
2024-11-19 14:00:00+00:00,226.57,227.51,226.42,227.36,53809.0
2024-11-19 15:00:00+00:00,227.34,228.78,226.88,228.62,67608.0
2024-11-19 16:00:00+00:00,228.61,229.67,228.405,229.59,50669.0
2024-11-19 17:00:00+00:00,229.56,229.88,229.11,229.36,74707.0
2024-11-19 18:00:00+00:00,229.35,230.35,229.12,230.3,88226.0
2024-11-19 19:00:00+00:00,230.325,230.53,229.74,229.88,113072.0
2024-11-19 20:00:00+00:00,229.86,230.79,229.71,230.6,274914.0
2024-11-19 21:00:00+00:00,230.78,230.79,230.59,230.68,7101.0
2024-11-20 14:00:00+00:00,230.05,230.54,228.97,229.33,80809.0
2024-11-20 15:00:00+00:00,229.31,230.28,228.065,230.22,118672.0
2024-11-20 16:00:00+00:00,230.1,230.21,228.92,229.97,53406.0
2024-11-20 17:00:00+00:00,230.0,230.05,229.07,229.55,45014.0
2024-11-20 18:00:00+00:00,229.52,229.82,228.92,229.16,39834.0
2024-11-20 19:00:00+00:00,229.195,229.78,228.91,229.62,23606.0
2024-11-20 20:00:00+00:00,229.58,230.82,229.45,230.82,170742.0
2024-11-21 14:00:00+00:00,232.14,232.76,231.21,232.245,56634.0
2024-11-21 15:00:00+00:00,232.09,234.14,231.48,233.88,113844.0
2024-11-21 16:00:00+00:00,233.91,234.65,233.56,234.44,78654.0
2024-11-21 17:00:00+00:00,234.38,235.3,234.05,234.93,55729.0
2024-11-21 18:00:00+00:00,234.95,235.57,234.81,235.2,60903.0
2024-11-21 19:00:00+00:00,235.25,235.46,234.795,235.07,54080.0
2024-11-21 20:00:00+00:00,235.03,235.49,234.62,234.62,194498.0
2024-11-21 21:00:00+00:00,234.48,234.59,234.35,234.35,10704.0
2024-11-22 14:00:00+00:00,235.67,237.24,235.36,237.19,39660.0
2024-11-22 15:00:00+00:00,236.97,237.55,236.33,237.545,44687.0
2024-11-22 16:00:00+00:00,237.55,238.27,237.26,238.25,26437.0
2024-11-22 17:00:00+00:00,238.23,238.7,237.98,238.49,29877.0
2024-11-22 18:00:00+00:00,238.53,238.775,238.26,238.62,24105.0
2024-11-22 19:00:00+00:00,238.58,239.23,238.53,238.76,38773.0
2024-11-22 20:00:00+00:00,238.75,239.1,237.97,238.67,172768.0
2024-11-22 21:00:00+00:00,239.01,239.1,238.92,239.07,13786.0
2024-11-25 14:00:00+00:00,241.7,243.13,241.41,242.18,129626.0
2024-11-25 15:00:00+00:00,242.02,244.96,241.7,244.96,157685.0
2024-11-25 16:00:00+00:00,244.87,244.91,242.97,243.61,96742.0
2024-11-25 17:00:00+00:00,243.61,243.89,242.22,243.01,66782.0
2024-11-25 18:00:00+00:00,243.08,243.915,243.08,243.75,65143.0
2024-11-25 19:00:00+00:00,243.765,244.2,243.52,243.58,68349.0
2024-11-25 20:00:00+00:00,243.555,243.655,242.39,242.39,179882.0
2024-11-25 21:00:00+00:00,242.66,242.71,242.66,242.71,1500.0
2024-11-26 14:00:00+00:00,241.13,241.44,240.4,240.42,48259.0
2024-11-26 15:00:00+00:00,240.41,241.22,239.44,240.93,74546.0
2024-11-26 16:00:00+00:00,241.04,241.5,240.13,241.17,42087.0
2024-11-26 17:00:00+00:00,241.13,241.595,240.78,241.35,22777.0
2024-11-26 18:00:00+00:00,241.31,241.32,240.45,240.8,16873.0
2024-11-26 19:00:00+00:00,240.78,241.055,240.21,240.325,24956.0
2024-11-26 20:00:00+00:00,240.26,240.97,240.26,240.63,176283.0
2024-11-26 21:00:00+00:00,240.66,241.06,240.66,241.06,3272.0
2024-11-27 14:00:00+00:00,241.95,243.68,241.93,242.58,34411.0
2024-11-27 15:00:00+00:00,242.51,242.905,240.71,241.02,103813.0
2024-11-27 16:00:00+00:00,241.0,241.72,240.81,241.055,54333.0
2024-11-27 17:00:00+00:00,241.01,241.31,240.45,240.915,42088.0
2024-11-27 18:00:00+00:00,240.93,241.26,240.62,241.02,27737.0
2024-11-27 19:00:00+00:00,241.01,241.19,240.81,241.11,19988.0
2024-11-27 20:00:00+00:00,241.09,241.1,240.76,240.96,131195.0
2024-11-27 21:00:00+00:00,241.16,241.26,241.12,241.25,9500.0
2024-11-29 14:00:00+00:00,242.28,243.46,241.76,241.76,42215.0
2024-11-29 15:00:00+00:00,241.78,242.53,241.66,242.27,46188.0
2024-11-29 16:00:00+00:00,242.33,242.42,241.61,241.71,41262.0
2024-11-29 17:00:00+00:00,241.63,242.755,241.54,241.99,150566.0
2024-12-02 14:00:00+00:00,242.3,242.54,240.23,240.31,121667.0
2024-12-02 15:00:00+00:00,240.31,241.99,240.09,240.69,77781.0
2024-12-02 16:00:00+00:00,240.67,241.525,240.23,241.2,44008.0
2024-12-02 17:00:00+00:00,241.285,241.775,241.21,241.57,23821.0
2024-12-02 18:00:00+00:00,241.55,242.34,241.37,242.27,40920.0
2024-12-02 19:00:00+00:00,242.24,242.39,241.59,242.08,40251.0
2024-12-02 20:00:00+00:00,241.975,242.65,241.65,241.78,167760.0
2024-12-02 21:00:00+00:00,241.78,242.05,241.78,241.91,14001.0
2024-12-03 14:00:00+00:00,241.68,242.05,240.86,240.98,27028.0
2024-12-03 15:00:00+00:00,240.99,241.34,239.985,240.3,89523.0
2024-12-03 16:00:00+00:00,240.22,240.39,239.52,239.635,39027.0
2024-12-03 17:00:00+00:00,239.64,240.625,239.415,240.595,60982.0
2024-12-03 18:00:00+00:00,240.54,240.7,239.625,239.78,37384.0
2024-12-03 19:00:00+00:00,239.78,240.195,239.615,240.155,43626.0
2024-12-03 20:00:00+00:00,240.175,240.21,239.705,240.04,123456.0
2024-12-03 21:00:00+00:00,240.0,240.0,239.93,239.95,1500.0
2024-12-04 14:00:00+00:00,240.39,241.67,239.885,241.51,64123.0
2024-12-04 15:00:00+00:00,241.25,241.57,240.45,240.97,76891.0
2024-12-04 16:00:00+00:00,241.07,241.495,240.89,241.06,49865.0
2024-12-04 17:00:00+00:00,240.995,241.04,240.37,240.54,24247.0
2024-12-04 18:00:00+00:00,240.535,240.535,239.24,239.95,35597.0
2024-12-04 19:00:00+00:00,239.785,240.345,239.54,240.11,29913.0
2024-12-04 20:00:00+00:00,240.0,241.29,239.95,240.91,118363.0
2024-12-04 21:00:00+00:00,240.94,240.94,240.94,240.94,230.0
2024-12-05 14:00:00+00:00,240.5,240.79,239.625,240.435,42251.0
2024-12-05 15:00:00+00:00,240.39,240.62,238.68,239.05,75235.0
2024-12-05 16:00:00+00:00,239.09,239.94,239.09,239.94,30973.0
2024-12-05 17:00:00+00:00,239.83,239.95,239.1,239.26,34615.0
2024-12-05 18:00:00+00:00,239.26,239.28,238.35,238.45,48364.0
2024-12-05 19:00:00+00:00,238.32,239.185,238.32,239.065,53222.0
2024-12-05 20:00:00+00:00,238.95,239.04,237.76,238.03,145768.0
2024-12-05 21:00:00+00:00,237.9,238.04,237.9,237.93,8310.0
2024-12-06 14:00:00+00:00,240.15,240.15,238.8,239.06,40293.0
2024-12-06 15:00:00+00:00,239.15,239.775,238.56,239.67,114799.0
2024-12-06 16:00:00+00:00,239.63,239.63,238.73,239.23,40256.0
2024-12-06 17:00:00+00:00,239.08,239.1,238.39,238.54,35742.0
2024-12-06 18:00:00+00:00,238.54,239.3,238.535,238.715,36269.0
2024-12-06 19:00:00+00:00,238.675,238.83,238.43,238.67,26794.0
2024-12-06 20:00:00+00:00,238.71,239.34,238.58,238.955,106378.0
2024-12-06 21:00:00+00:00,239.1,239.1,238.91,238.91,1644.0
2024-12-09 14:00:00+00:00,240.59,241.26,240.25,241.0,37763.0
2024-12-09 15:00:00+00:00,241.09,241.33,238.45,238.72,97607.0
2024-12-09 16:00:00+00:00,238.8,239.71,237.93,239.36,47307.0
2024-12-09 17:00:00+00:00,239.36,239.4,238.68,238.82,30073.0
2024-12-09 18:00:00+00:00,238.77,239.18,238.7,239.01,30371.0
2024-12-09 19:00:00+00:00,238.98,238.98,238.37,238.565,55136.0
2024-12-09 20:00:00+00:00,238.64,238.64,237.655,237.74,121662.0
2024-12-09 21:00:00+00:00,237.65,237.75,237.62,237.7,3100.0
2024-12-10 14:00:00+00:00,237.58,237.61,235.95,236.84,38712.0
2024-12-10 15:00:00+00:00,237.0,237.93,236.28,237.91,35015.0
2024-12-10 16:00:00+00:00,237.9,238.31,237.56,238.0,52021.0
2024-12-10 17:00:00+00:00,237.97,238.8,237.86,238.11,53822.0
2024-12-10 18:00:00+00:00,238.06,238.62,237.96,238.215,38163.0
2024-12-10 19:00:00+00:00,238.17,238.53,237.955,238.05,30660.0
2024-12-10 20:00:00+00:00,238.03,238.05,236.41,236.76,119874.0
2024-12-10 21:00:00+00:00,236.91,237.27,236.91,237.19,20100.0
2024-12-11 14:00:00+00:00,238.57,238.83,237.7,237.7,107163.0
2024-12-11 15:00:00+00:00,237.67,238.22,236.9,237.01,102431.0
2024-12-11 16:00:00+00:00,237.08,238.58,236.83,238.54,71315.0
2024-12-11 17:00:00+00:00,238.52,238.77,237.94,238.455,44404.0
2024-12-11 18:00:00+00:00,238.445,239.12,238.345,238.36,46668.0
2024-12-11 19:00:00+00:00,238.38,239.27,238.38,239.18,55010.0
2024-12-11 20:00:00+00:00,239.15,239.16,237.81,237.81,214138.0
2024-12-11 21:00:00+00:00,237.82,237.84,237.74,237.74,6445.0
2024-12-12 14:00:00+00:00,237.155,237.61,236.52,236.71,44904.0
2024-12-12 15:00:00+00:00,236.74,236.75,235.54,236.31,52269.0
2024-12-12 16:00:00+00:00,236.39,236.68,235.63,235.63,33202.0
2024-12-12 17:00:00+00:00,235.58,236.35,235.49,235.885,25842.0
2024-12-12 18:00:00+00:00,235.885,236.19,235.6,235.6,22747.0
2024-12-12 19:00:00+00:00,235.51,235.85,234.98,235.42,34510.0
2024-12-12 20:00:00+00:00,235.36,235.49,234.395,234.59,117442.0
2024-12-12 21:00:00+00:00,234.59,234.59,234.5,234.56,3249.0
2024-12-13 14:00:00+00:00,234.12,234.82,233.58,233.58,71046.0
2024-12-13 15:00:00+00:00,233.53,233.91,232.515,232.52,81785.0
2024-12-13 16:00:00+00:00,232.58,233.175,232.28,233.02,85190.0
2024-12-13 17:00:00+00:00,232.95,233.01,231.89,232.38,37615.0
2024-12-13 18:00:00+00:00,232.35,233.0,232.19,232.6,34591.0
2024-12-13 19:00:00+00:00,232.52,232.92,232.495,232.735,57690.0
2024-12-13 20:00:00+00:00,232.765,233.25,232.69,233.07,167587.0
2024-12-13 21:00:00+00:00,233.03,233.08,233.03,233.08,763.0
2024-12-16 14:00:00+00:00,233.0,234.35,232.36,234.065,212193.0
2024-12-16 15:00:00+00:00,234.12,235.24,233.69,234.84,185965.0
2024-12-16 16:00:00+00:00,234.86,234.97,234.26,234.68,98135.0
2024-12-16 17:00:00+00:00,234.725,235.26,234.565,235.21,101609.0
2024-12-16 18:00:00+00:00,235.2,235.42,234.98,235.175,76228.0
2024-12-16 19:00:00+00:00,235.185,235.62,234.905,235.62,82561.0
2024-12-16 20:00:00+00:00,235.515,235.515,234.175,234.43,221369.0
2024-12-16 21:00:00+00:00,234.56,234.71,234.54,234.54,5397.0
2024-12-17 14:00:00+00:00,232.69,233.43,232.04,232.56,78233.0
2024-12-17 15:00:00+00:00,232.46,232.46,230.61,231.21,144437.0
2024-12-17 16:00:00+00:00,231.13,232.05,231.01,231.79,79323.0
2024-12-17 17:00:00+00:00,231.65,232.16,231.17,232.04,42500.0
2024-12-17 18:00:00+00:00,232.06,232.12,231.36,231.88,36051.0
2024-12-17 19:00:00+00:00,231.92,232.0,231.14,231.295,84375.0
2024-12-17 20:00:00+00:00,231.21,231.51,230.6,231.045,159854.0
2024-12-17 21:00:00+00:00,231.07,231.07,230.95,230.95,2096.0
2024-12-18 14:00:00+00:00,232.45,233.01,231.79,232.0,118975.0
2024-12-18 15:00:00+00:00,232.11,232.39,231.41,232.24,105904.0
2024-12-18 16:00:00+00:00,232.24,232.43,231.43,231.79,75088.0
2024-12-18 17:00:00+00:00,231.8,232.12,231.38,231.97,48414.0
2024-12-18 18:00:00+00:00,232.03,232.99,231.975,232.99,59987.0
2024-12-18 19:00:00+00:00,232.45,232.94,224.51,224.81,400897.0
2024-12-18 20:00:00+00:00,224.77,225.26,218.92,220.77,688763.0
2024-12-18 21:00:00+00:00,220.5,220.63,219.75,220.63,1236.0
2024-12-19 13:00:00+00:00,222.75,222.75,222.75,222.75,100.0
2024-12-19 14:00:00+00:00,223.3,224.42,221.94,222.16,244606.0
2024-12-19 15:00:00+00:00,222.275,222.28,219.62,220.88,265277.0
2024-12-19 16:00:00+00:00,220.82,221.97,219.75,221.25,210368.0
2024-12-19 17:00:00+00:00,221.27,221.34,219.56,220.05,149319.0
2024-12-19 18:00:00+00:00,219.91,221.43,219.34,221.39,133355.0
2024-12-19 19:00:00+00:00,221.305,221.41,220.25,220.26,148311.0
2024-12-19 20:00:00+00:00,220.35,221.47,219.81,219.9,382899.0
2024-12-20 13:00:00+00:00,217.51,217.51,217.51,217.51,100.0
2024-12-20 14:00:00+00:00,219.11,221.48,218.11,220.87,148281.0
2024-12-20 15:00:00+00:00,221.21,223.21,220.39,222.675,209600.0
2024-12-20 16:00:00+00:00,222.69,224.64,222.64,224.24,247752.0
2024-12-20 17:00:00+00:00,224.16,224.2,223.18,223.56,103674.0
2024-12-20 18:00:00+00:00,223.54,223.61,222.25,222.82,133988.0
2024-12-20 19:00:00+00:00,222.76,223.9,222.45,223.14,92115.0
2024-12-20 20:00:00+00:00,223.12,223.25,221.5,222.26,385894.0
2024-12-20 21:00:00+00:00,222.52,222.52,222.52,222.52,1000.0
2024-12-23 13:00:00+00:00,221.99,221.99,221.25,221.25,300.0
2024-12-23 14:00:00+00:00,221.76,222.4,220.37,220.74,131370.0
2024-12-23 15:00:00+00:00,220.725,220.79,219.5,220.35,14591.0
2024-12-24 14:00:00+00:00,222.06,222.08,220.56,221.22,61958.0
2024-12-24 15:00:00+00:00,221.28,222.68,221.03,222.68,118712.0
2024-12-24 16:00:00+00:00,222.74,222.81,222.19,222.5,65445.0
2024-12-24 17:00:00+00:00,222.49,223.61,222.46,223.52,96106.0
2024-12-24 18:00:00+00:00,223.56,223.56,223.56,223.56,150.0
2024-12-26 14:00:00+00:00,222.33,222.73,221.49,222.73,71455.0
2024-12-26 15:00:00+00:00,222.67,224.45,222.47,224.45,97247.0
2024-12-26 16:00:00+00:00,224.33,225.34,224.265,225.28,75648.0
2024-12-26 17:00:00+00:00,225.26,225.27,224.295,224.51,69585.0
2024-12-26 18:00:00+00:00,224.53,225.58,224.53,225.13,102033.0
2024-12-26 19:00:00+00:00,225.11,225.35,224.92,225.295,47439.0
2024-12-26 20:00:00+00:00,225.26,226.14,225.02,225.71,140225.0
2024-12-26 21:00:00+00:00,225.83,225.83,225.83,225.83,139.0
2024-12-27 14:00:00+00:00,224.13,225.42,223.9,224.37,90957.0
2024-12-27 15:00:00+00:00,224.41,224.46,221.24,222.61,113693.0
2024-12-27 16:00:00+00:00,222.52,222.59,220.36,220.64,182749.0
2024-12-27 17:00:00+00:00,220.64,220.93,220.25,220.82,86091.0
2024-12-27 18:00:00+00:00,220.84,221.94,220.84,221.81,61226.0
2024-12-27 19:00:00+00:00,221.79,222.63,221.53,222.55,72051.0
2024-12-27 20:00:00+00:00,222.59,222.62,221.5,222.34,176764.0
2024-12-30 14:00:00+00:00,220.28,220.55,218.05,218.1,72293.0
2024-12-30 15:00:00+00:00,217.96,219.34,217.87,219.34,116331.0
2024-12-30 16:00:00+00:00,219.275,220.6,219.09,220.47,96176.0
2024-12-30 17:00:00+00:00,220.39,221.35,220.39,221.27,42734.0
2024-12-30 18:00:00+00:00,221.15,221.735,220.885,221.53,31366.0
2024-12-30 19:00:00+00:00,221.65,221.77,220.86,221.23,50094.0
2024-12-30 20:00:00+00:00,221.16,221.74,220.71,220.71,107754.0
2024-12-31 14:00:00+00:00,222.26,222.26,221.04,222.26,75765.0
2024-12-31 15:00:00+00:00,222.28,223.28,221.6,221.89,118400.0
2024-12-31 16:00:00+00:00,221.89,222.08,221.01,221.44,63321.0
2024-12-31 17:00:00+00:00,221.41,221.61,220.16,221.5,85939.0
2024-12-31 18:00:00+00:00,221.5,221.58,220.54,220.97,72962.0
2024-12-31 19:00:00+00:00,220.91,221.575,220.4,221.23,71786.0
2024-12-31 20:00:00+00:00,221.095,221.74,220.76,220.98,189888.0
2024-12-31 21:00:00+00:00,220.93,220.95,220.93,220.95,400.0
2025-01-02 13:00:00+00:00,223.03,223.03,223.03,223.03,100.0
2025-01-02 14:00:00+00:00,222.85,224.37,221.63,224.08,109640.0
2025-01-02 15:00:00+00:00,224.095,224.095,222.02,222.52,79295.0
2025-01-02 16:00:00+00:00,222.5,223.33,221.67,222.99,48915.0
2025-01-02 17:00:00+00:00,222.94,223.42,220.59,221.2,80510.0
2025-01-02 18:00:00+00:00,221.125,221.16,219.63,220.1,51105.0
2025-01-02 19:00:00+00:00,220.08,220.67,219.83,219.83,62668.0
2025-01-02 20:00:00+00:00,219.975,221.3,219.97,221.17,81148.0
2025-01-03 14:00:00+00:00,222.17,223.11,221.48,221.61,43986.0
2025-01-03 15:00:00+00:00,221.71,223.37,221.45,223.295,70869.0
2025-01-03 16:00:00+00:00,223.3,223.555,222.5,223.33,49576.0
2025-01-03 17:00:00+00:00,223.37,223.72,222.81,223.24,25445.0
2025-01-03 18:00:00+00:00,223.17,224.135,223.08,224.07,48206.0
2025-01-03 19:00:00+00:00,224.02,224.67,224.02,224.35,73880.0
2025-01-03 20:00:00+00:00,224.255,224.82,224.04,224.48,150957.0
2025-01-03 21:00:00+00:00,224.47,224.49,224.45,224.46,1557.0
2025-01-06 13:00:00+00:00,227.23,227.23,227.22,227.22,430.0
2025-01-06 14:00:00+00:00,227.02,227.02,225.16,226.555,72058.0
2025-01-06 15:00:00+00:00,226.67,226.68,225.77,226.03,72541.0
2025-01-06 16:00:00+00:00,226.05,227.15,225.905,227.11,51972.0
2025-01-06 17:00:00+00:00,227.06,227.06,226.13,226.54,26006.0
2025-01-06 18:00:00+00:00,226.5,226.51,225.71,225.71,44274.0
2025-01-06 19:00:00+00:00,225.72,225.89,224.86,224.86,53466.0
2025-01-06 20:00:00+00:00,224.78,224.93,224.15,224.55,149739.0
2025-01-06 21:00:00+00:00,224.69,224.73,224.69,224.73,1500.0
2025-01-07 13:00:00+00:00,224.87,225.22,224.87,225.22,653.0
2025-01-07 14:00:00+00:00,225.5,226.46,225.46,225.85,63889.0
2025-01-07 15:00:00+00:00,225.43,225.47,221.45,223.57,184501.0
2025-01-07 16:00:00+00:00,223.67,224.0,222.1,222.21,100660.0
2025-01-07 17:00:00+00:00,222.41,223.17,222.17,222.6,35376.0
2025-01-07 18:00:00+00:00,222.62,223.485,222.61,222.8,41950.0
2025-01-07 19:00:00+00:00,222.75,223.03,222.49,222.58,20178.0
2025-01-07 20:00:00+00:00,222.56,222.84,221.39,222.75,196430.0
2025-01-07 21:00:00+00:00,222.71,222.85,222.71,222.85,2085.0
2025-01-08 14:00:00+00:00,220.79,221.05,219.3,219.44,101237.0
2025-01-08 15:00:00+00:00,219.45,220.69,219.02,220.61,134986.0
2025-01-08 16:00:00+00:00,220.605,221.51,220.12,221.26,68747.0
2025-01-08 17:00:00+00:00,221.31,221.32,219.77,220.5,50529.0
2025-01-08 18:00:00+00:00,220.49,221.83,220.39,220.97,56493.0
2025-01-08 19:00:00+00:00,220.79,222.29,220.7,221.5,88409.0
2025-01-08 20:00:00+00:00,221.74,221.84,221.15,221.7,88895.0
2025-01-08 21:00:00+00:00,221.76,221.96,221.76,221.85,2800.0
2025-01-10 13:00:00+00:00,221.28,221.5,217.0,217.75,4489.0
2025-01-10 14:00:00+00:00,217.92,218.68,216.91,217.93,140644.0
2025-01-10 15:00:00+00:00,217.935,218.1,215.93,216.83,163464.0
2025-01-10 16:00:00+00:00,216.89,216.89,215.75,215.78,119809.0
2025-01-10 17:00:00+00:00,215.84,216.75,215.33,216.7,125925.0
2025-01-10 18:00:00+00:00,216.63,217.245,216.375,217.145,65451.0
2025-01-10 19:00:00+00:00,217.1,217.37,216.36,217.07,47881.0
2025-01-10 20:00:00+00:00,217.1,217.17,216.22,216.78,186628.0
2025-01-10 21:00:00+00:00,216.59,216.6,216.57,216.6,4500.0
2025-01-13 13:00:00+00:00,214.43,214.43,214.43,214.43,109.0
2025-01-13 14:00:00+00:00,214.34,215.53,214.0,215.42,64077.0
2025-01-13 15:00:00+00:00,215.47,215.82,214.435,215.25,115300.0
2025-01-13 16:00:00+00:00,215.3,215.39,214.18,214.2,57729.0
2025-01-13 17:00:00+00:00,214.19,215.56,214.07,215.54,32117.0
2025-01-13 18:00:00+00:00,215.49,216.28,215.38,216.135,63688.0
2025-01-13 19:00:00+00:00,216.11,216.65,215.8,216.37,51064.0
2025-01-13 20:00:00+00:00,216.26,217.51,216.01,217.27,112043.0
2025-01-13 21:00:00+00:00,217.37,217.6,217.37,217.55,1776.0
2025-01-14 13:00:00+00:00,218.12,219.63,218.12,219.37,750.0
2025-01-14 14:00:00+00:00,219.22,220.055,218.595,218.745,89225.0
2025-01-14 15:00:00+00:00,218.85,220.2,218.735,219.65,102634.0
2025-01-14 16:00:00+00:00,219.47,219.49,217.52,217.52,48356.0
2025-01-14 17:00:00+00:00,217.46,218.35,217.22,218.3,47337.0
2025-01-14 18:00:00+00:00,218.25,220.205,218.25,220.06,67203.0
2025-01-14 19:00:00+00:00,220.02,220.02,218.83,218.88,44861.0
2025-01-14 20:00:00+00:00,218.97,219.89,218.37,219.78,121502.0
2025-01-14 21:00:00+00:00,220.07,220.07,220.07,220.07,100.0
2025-01-15 13:00:00+00:00,220.58,220.61,220.58,220.61,260.0
2025-01-15 14:00:00+00:00,225.34,225.57,224.09,225.29,137944.0
2025-01-15 15:00:00+00:00,225.32,225.36,223.76,223.96,145945.0
2025-01-15 16:00:00+00:00,224.03,224.31,223.02,223.31,83812.0
2025-01-15 17:00:00+00:00,223.3,223.99,223.3,223.43,50207.0
2025-01-15 18:00:00+00:00,223.48,224.08,223.26,224.0,47927.0
2025-01-15 19:00:00+00:00,224.0,224.71,223.81,224.305,81873.0
2025-01-15 20:00:00+00:00,224.31,224.85,224.04,224.085,257692.0
2025-01-15 21:00:00+00:00,224.14,224.19,224.09,224.12,10539.0
2025-01-16 13:00:00+00:00,223.97,223.97,223.97,223.97,140.0
2025-01-16 14:00:00+00:00,224.16,224.905,223.13,223.2,79721.0
2025-01-16 15:00:00+00:00,223.13,224.3,222.75,224.2,67246.0
2025-01-16 16:00:00+00:00,224.21,224.78,223.875,224.62,51176.0
2025-01-16 17:00:00+00:00,224.61,224.8,224.11,224.24,27478.0
2025-01-16 18:00:00+00:00,224.21,224.46,223.69,223.805,32306.0
2025-01-16 19:00:00+00:00,223.745,224.56,223.73,224.455,36843.0
2025-01-16 20:00:00+00:00,224.445,225.21,224.25,224.49,132663.0
2025-01-16 21:00:00+00:00,224.5,224.5,224.18,224.18,2560.0
2025-01-17 13:00:00+00:00,226.53,226.53,226.53,226.53,140.0
2025-01-17 14:00:00+00:00,226.91,226.91,226.02,226.15,36775.0
2025-01-17 15:00:00+00:00,226.06,226.48,225.3,225.995,77451.0
2025-01-17 16:00:00+00:00,225.97,226.03,225.43,225.87,49969.0
2025-01-17 17:00:00+00:00,225.78,226.22,225.715,225.86,44648.0
2025-01-17 18:00:00+00:00,225.945,226.04,225.32,225.45,57760.0
2025-01-17 19:00:00+00:00,225.42,225.72,224.91,225.02,70167.0
2025-01-17 20:00:00+00:00,224.99,225.815,224.67,225.43,165036.0
2025-01-17 21:00:00+00:00,225.41,225.41,225.41,225.41,2500.0
2025-01-21 14:00:00+00:00,227.49,228.32,227.03,227.72,68883.0
2025-01-21 15:00:00+00:00,227.85,228.89,226.99,228.85,67918.0
2025-01-21 16:00:00+00:00,228.8,229.125,228.29,228.8,41405.0
2025-01-21 17:00:00+00:00,228.715,229.47,228.67,229.39,47556.0
2025-01-21 18:00:00+00:00,229.38,229.57,229.15,229.31,30188.0
2025-01-21 19:00:00+00:00,229.28,229.56,229.08,229.29,50195.0
2025-01-21 20:00:00+00:00,229.23,229.85,229.11,229.84,154586.0
2025-01-21 21:00:00+00:00,229.78,229.79,229.69,229.75,900.0
2025-01-22 14:00:00+00:00,229.35,229.83,228.88,229.07,65226.0
2025-01-22 15:00:00+00:00,229.09,229.44,228.05,228.05,82163.0
2025-01-22 16:00:00+00:00,228.08,228.72,227.92,228.55,37496.0
2025-01-22 17:00:00+00:00,228.51,228.655,227.88,227.97,45105.0
2025-01-22 18:00:00+00:00,228.02,228.7,227.96,228.41,47451.0
2025-01-22 19:00:00+00:00,228.41,228.67,228.19,228.55,57736.0
2025-01-22 20:00:00+00:00,228.55,228.64,228.09,228.23,108651.0
2025-01-22 21:00:00+00:00,228.34,228.34,228.34,228.34,200.0
2025-01-23 14:00:00+00:00,226.94,227.585,226.69,226.95,38279.0
2025-01-23 15:00:00+00:00,226.9,227.855,226.58,227.76,56843.0
2025-01-23 16:00:00+00:00,227.78,229.06,227.63,228.51,69678.0
2025-01-23 17:00:00+00:00,228.43,228.96,228.31,228.71,17975.0
2025-01-23 18:00:00+00:00,228.81,229.29,228.65,228.75,25949.0
2025-01-23 19:00:00+00:00,228.72,228.91,228.57,228.8,17156.0
2025-01-23 20:00:00+00:00,228.73,229.34,228.72,229.3,63617.0
2025-01-23 21:00:00+00:00,229.17,229.28,229.17,229.26,2700.0
2025-01-24 13:00:00+00:00,228.85,228.85,228.85,228.85,200.0
2025-01-24 14:00:00+00:00,228.86,229.21,228.06,228.44,43166.0
2025-01-24 15:00:00+00:00,228.23,229.25,228.14,229.23,51982.0
2025-01-24 16:00:00+00:00,229.1,229.92,229.1,229.46,28241.0
2025-01-24 17:00:00+00:00,229.45,230.21,229.01,229.115,45313.0
2025-01-24 18:00:00+00:00,229.19,229.54,228.805,228.91,27229.0
2025-01-24 19:00:00+00:00,228.98,229.14,228.53,228.74,33412.0
2025-01-24 20:00:00+00:00,228.7,228.81,228.16,228.7,83804.0
2025-01-24 21:00:00+00:00,228.62,228.71,228.55,228.55,2200.0
2025-01-27 13:00:00+00:00,227.07,227.07,226.58,226.58,600.0
2025-01-27 14:00:00+00:00,226.78,229.5,226.58,229.45,188752.0
2025-01-27 15:00:00+00:00,229.41,229.57,227.79,227.82,127003.0
2025-01-27 16:00:00+00:00,227.75,227.99,226.45,226.84,78253.0
2025-01-27 17:00:00+00:00,226.885,227.42,225.9,225.9,45051.0
2025-01-27 18:00:00+00:00,225.96,226.49,225.24,225.26,33143.0
2025-01-27 19:00:00+00:00,225.33,226.36,225.28,225.39,43301.0
2025-01-27 20:00:00+00:00,225.57,226.65,225.38,226.54,126760.0
2025-01-27 21:00:00+00:00,226.51,226.51,226.51,226.51,200.0
2025-01-28 14:00:00+00:00,226.78,227.21,225.895,226.27,103909.0
2025-01-28 15:00:00+00:00,226.255,227.28,226.21,226.81,74506.0
2025-01-28 16:00:00+00:00,226.85,227.085,225.18,225.59,52864.0
2025-01-28 17:00:00+00:00,225.655,226.37,225.655,225.71,25334.0
2025-01-28 18:00:00+00:00,225.74,226.535,225.74,225.955,22197.0
2025-01-28 19:00:00+00:00,225.89,227.14,225.81,227.0,36488.0
2025-01-28 20:00:00+00:00,227.05,227.54,226.65,226.75,132812.0
2025-01-29 13:00:00+00:00,226.42,226.42,226.42,226.42,120.0
2025-01-29 14:00:00+00:00,226.68,227.295,226.43,227.2,26837.0
2025-01-29 15:00:00+00:00,227.235,228.195,226.815,226.85,58131.0
2025-01-29 16:00:00+00:00,226.81,226.93,226.36,226.55,55396.0
2025-01-29 17:00:00+00:00,226.5,226.97,226.47,226.6,15765.0
2025-01-29 18:00:00+00:00,226.68,226.93,226.055,226.74,52544.0
2025-01-29 19:00:00+00:00,226.5,227.69,224.61,226.11,253128.0
2025-01-29 20:00:00+00:00,226.07,226.79,225.14,226.33,156007.0
2025-01-29 21:00:00+00:00,226.46,226.95,226.31,226.31,940.0
2025-01-30 13:00:00+00:00,228.09,228.43,228.09,228.43,460.0
2025-01-30 14:00:00+00:00,228.51,229.72,228.51,229.26,103374.0
2025-01-30 15:00:00+00:00,229.22,229.71,227.87,227.99,131579.0
2025-01-30 16:00:00+00:00,228.08,229.275,228.06,229.08,56918.0
2025-01-30 17:00:00+00:00,229.04,229.05,228.29,228.935,41870.0
2025-01-30 18:00:00+00:00,228.99,229.8,228.94,229.74,37134.0
2025-01-30 19:00:00+00:00,229.75,229.76,229.5,229.715,26008.0
2025-01-30 20:00:00+00:00,229.68,230.04,227.03,228.53,297308.0
2025-01-30 21:00:00+00:00,228.0,228.0,228.0,228.0,300.0
2025-01-31 13:00:00+00:00,229.19,229.19,229.19,229.19,120.0
2025-01-31 14:00:00+00:00,228.75,229.0,228.2,228.55,50602.0
2025-01-31 15:00:00+00:00,228.63,229.66,228.24,229.16,47902.0
2025-01-31 16:00:00+00:00,229.225,229.58,228.97,229.175,44294.0
2025-01-31 17:00:00+00:00,229.16,230.305,228.78,230.09,82454.0
2025-01-31 18:00:00+00:00,230.1,230.18,226.55,226.925,248360.0
2025-01-31 19:00:00+00:00,226.915,227.41,225.89,226.84,106498.0
2025-01-31 20:00:00+00:00,226.66,227.28,225.55,226.65,269706.0
2025-02-03 13:00:00+00:00,221.35,222.09,221.35,221.41,2830.0
2025-02-03 14:00:00+00:00,221.53,222.07,220.86,221.605,113984.0
2025-02-03 15:00:00+00:00,221.35,225.48,220.67,224.89,351664.0
2025-02-03 16:00:00+00:00,224.665,225.18,223.45,223.99,118969.0
2025-02-03 17:00:00+00:00,224.025,224.59,223.15,223.87,112984.0
2025-02-03 18:00:00+00:00,223.73,224.235,223.15,223.9,85235.0
2025-02-03 19:00:00+00:00,223.87,224.66,223.87,224.295,89917.0
2025-02-03 20:00:00+00:00,224.465,224.625,223.62,223.72,206041.0
2025-02-04 14:00:00+00:00,223.32,224.695,223.23,224.695,42011.0
2025-02-04 15:00:00+00:00,225.005,225.96,224.75,225.17,110685.0
2025-02-04 16:00:00+00:00,225.25,226.23,225.16,226.1,50240.0
2025-02-04 17:00:00+00:00,226.14,226.28,225.29,226.245,51435.0
2025-02-04 18:00:00+00:00,226.21,226.3,225.78,225.91,30499.0
2025-02-04 19:00:00+00:00,225.94,226.73,225.94,226.465,62219.0
2025-02-04 20:00:00+00:00,226.46,227.13,226.25,226.91,152093.0
2025-02-04 21:00:00+00:00,226.97,227.21,226.97,227.21,650.0
2025-02-05 14:00:00+00:00,228.1,228.35,227.295,227.64,47355.0
2025-02-05 15:00:00+00:00,228.16,228.62,226.92,228.535,100696.0
2025-02-05 16:00:00+00:00,228.58,229.11,228.18,229.11,38206.0
2025-02-05 17:00:00+00:00,229.18,229.3,228.89,228.97,33599.0
2025-02-05 18:00:00+00:00,229.11,229.29,228.74,229.05,31355.0
2025-02-05 19:00:00+00:00,229.1,229.34,228.95,228.99,40155.0
2025-02-05 20:00:00+00:00,229.05,229.495,228.805,229.44,155422.0
2025-02-06 14:00:00+00:00,230.19,230.685,229.285,229.31,67346.0
2025-02-06 15:00:00+00:00,229.37,230.185,229.06,229.28,62388.0
2025-02-06 16:00:00+00:00,229.255,230.06,229.09,229.1,40345.0
2025-02-06 17:00:00+00:00,228.99,229.76,228.96,229.6,29154.0
2025-02-06 18:00:00+00:00,229.59,229.66,228.655,228.695,39832.0
2025-02-06 19:00:00+00:00,228.62,228.64,227.31,227.97,66497.0
2025-02-06 20:00:00+00:00,227.905,228.78,227.84,228.6,118503.0
2025-02-07 13:00:00+00:00,228.83,228.83,228.78,228.78,734.0
2025-02-07 14:00:00+00:00,228.835,229.23,228.21,229.01,72521.0
2025-02-07 15:00:00+00:00,228.91,228.91,225.7,226.65,175089.0
2025-02-07 16:00:00+00:00,226.695,227.225,225.6,225.88,98465.0
2025-02-07 17:00:00+00:00,225.9,226.49,225.68,225.93,51765.0
2025-02-07 18:00:00+00:00,225.93,226.75,225.74,225.76,61000.0
2025-02-07 19:00:00+00:00,225.77,226.25,225.65,226.07,69422.0
2025-02-07 20:00:00+00:00,226.04,226.25,225.6,225.97,138254.0
2025-02-10 14:00:00+00:00,227.4,227.45,225.94,225.99,105276.0
2025-02-10 15:00:00+00:00,226.045,226.71,225.88,226.44,94206.0
2025-02-10 16:00:00+00:00,226.52,226.95,226.01,226.92,54109.0
2025-02-10 17:00:00+00:00,226.93,227.2,226.525,227.2,49748.0
2025-02-10 18:00:00+00:00,227.17,227.5,226.89,227.42,27383.0
2025-02-10 19:00:00+00:00,227.36,227.41,227.06,227.125,33864.0
2025-02-10 20:00:00+00:00,227.07,227.21,226.66,226.94,112104.0
2025-02-10 21:00:00+00:00,226.86,226.86,226.84,226.84,1800.0
2025-02-11 14:00:00+00:00,225.295,226.02,224.83,225.76,69035.0
2025-02-11 15:00:00+00:00,225.75,226.28,225.18,226.1,55724.0
2025-02-11 16:00:00+00:00,226.22,226.41,225.545,225.585,60800.0
2025-02-11 17:00:00+00:00,225.54,225.54,225.03,225.08,41147.0
2025-02-11 18:00:00+00:00,225.085,225.605,225.04,225.295,23995.0
2025-02-11 19:00:00+00:00,225.27,225.69,225.02,225.525,46727.0
2025-02-11 20:00:00+00:00,225.555,225.78,225.36,225.69,203185.0
2025-02-11 21:00:00+00:00,225.71,225.87,225.7,225.84,2345.0
2025-02-12 13:00:00+00:00,226.88,226.88,220.83,221.03,2040.0
2025-02-12 14:00:00+00:00,221.97,223.165,221.8,223.165,181318.0
2025-02-12 15:00:00+00:00,223.17,223.85,222.24,223.37,118578.0
2025-02-12 16:00:00+00:00,223.31,223.54,222.07,223.5,137152.0
2025-02-12 17:00:00+00:00,223.49,224.4,223.3,224.38,95882.0
2025-02-12 18:00:00+00:00,224.35,224.48,223.55,223.71,88494.0
2025-02-12 19:00:00+00:00,223.725,224.08,223.26,223.87,83756.0
2025-02-12 20:00:00+00:00,223.905,224.06,223.51,223.615,143685.0
2025-02-12 21:00:00+00:00,223.7,223.7,223.67,223.67,1300.0
2025-02-13 13:00:00+00:00,224.53,225.03,224.53,225.03,240.0
2025-02-13 14:00:00+00:00,224.91,224.975,224.01,224.59,47231.0
2025-02-13 15:00:00+00:00,224.6,225.21,224.21,224.295,80911.0
2025-02-13 16:00:00+00:00,224.215,224.42,223.835,224.06,50436.0
2025-02-13 17:00:00+00:00,223.9,224.775,223.75,224.26,36905.0
2025-02-13 18:00:00+00:00,224.22,224.95,223.85,224.9,77761.0
2025-02-13 19:00:00+00:00,224.84,225.87,224.83,225.52,74773.0
2025-02-13 20:00:00+00:00,225.56,226.32,225.53,226.105,173916.0
2025-02-13 21:00:00+00:00,226.2,226.2,226.2,226.2,125.0
2025-02-14 13:00:00+00:00,226.67,226.67,226.67,226.67,140.0
2025-02-14 14:00:00+00:00,227.3,227.97,226.81,227.56,77836.0
2025-02-14 15:00:00+00:00,227.59,227.765,226.515,226.575,95007.0
2025-02-14 16:00:00+00:00,226.62,226.96,225.92,226.23,61114.0
2025-02-14 17:00:00+00:00,226.21,226.27,225.63,225.94,25502.0
2025-02-14 18:00:00+00:00,225.975,226.32,225.82,226.2,29877.0
2025-02-14 19:00:00+00:00,226.21,226.29,225.94,226.28,27884.0
2025-02-14 20:00:00+00:00,226.27,226.35,225.67,226.0,128692.0
2025-02-14 21:00:00+00:00,225.83,226.09,225.83,226.09,1552.0
2025-02-18 14:00:00+00:00,226.15,226.68,226.03,226.42,39874.0
2025-02-18 15:00:00+00:00,226.415,227.66,226.02,227.63,81896.0
2025-02-18 16:00:00+00:00,227.6,227.6,226.8,226.98,55048.0
2025-02-18 17:00:00+00:00,226.96,227.275,226.91,226.965,33068.0
2025-02-18 18:00:00+00:00,226.975,227.085,226.425,226.625,64814.0
2025-02-18 19:00:00+00:00,226.62,226.76,225.54,226.7,72369.0
2025-02-18 20:00:00+00:00,226.68,227.22,226.595,227.22,179932.0
2025-02-19 14:00:00+00:00,225.37,226.025,225.14,225.865,70542.0
2025-02-19 15:00:00+00:00,225.85,226.25,225.485,225.57,72380.0
2025-02-19 16:00:00+00:00,225.54,226.46,225.54,226.27,60527.0
2025-02-19 17:00:00+00:00,226.24,226.37,225.82,225.89,60670.0
2025-02-19 18:00:00+00:00,225.81,226.22,225.58,226.04,35921.0
2025-02-19 19:00:00+00:00,225.99,227.15,225.915,226.89,43816.0
2025-02-19 20:00:00+00:00,226.885,226.9,226.18,226.4,119785.0
2025-02-19 21:00:00+00:00,225.92,225.92,225.91,225.91,1000.0
2025-02-20 14:00:00+00:00,226.1,226.17,223.88,223.89,43784.0
2025-02-20 15:00:00+00:00,223.9,224.28,223.05,223.16,89726.0
2025-02-20 16:00:00+00:00,223.115,223.565,223.01,223.21,91874.0
2025-02-20 17:00:00+00:00,223.21,224.08,223.21,223.735,101771.0
2025-02-20 18:00:00+00:00,223.625,224.0,223.465,223.965,64805.0
2025-02-20 19:00:00+00:00,223.94,224.52,223.9,224.41,87737.0
2025-02-20 20:00:00+00:00,224.435,224.95,224.17,224.2,205951.0
2025-02-20 21:00:00+00:00,224.2,224.22,224.19,224.2,1751.0
2025-02-21 13:00:00+00:00,225.85,225.85,225.85,225.85,100.0
2025-02-21 14:00:00+00:00,225.71,226.01,223.65,223.65,68231.0
2025-02-21 15:00:00+00:00,223.75,223.75,221.35,221.56,152859.0
2025-02-21 16:00:00+00:00,221.6,222.13,221.195,221.415,138980.0
2025-02-21 17:00:00+00:00,221.375,221.475,219.42,219.45,127658.0
2025-02-21 18:00:00+00:00,219.52,219.61,218.23,218.25,272191.0
2025-02-21 19:00:00+00:00,218.24,218.82,217.485,217.95,298795.0
2025-02-21 20:00:00+00:00,217.91,218.75,217.465,217.71,373497.0
2025-02-21 21:00:00+00:00,217.7,217.89,217.7,217.89,2201.0
2025-02-24 14:00:00+00:00,218.785,218.785,216.25,216.355,166297.0
2025-02-24 15:00:00+00:00,216.235,216.965,215.17,215.78,188278.0
2025-02-24 16:00:00+00:00,215.79,217.785,215.68,217.12,122563.0
2025-02-24 17:00:00+00:00,217.1,218.15,217.1,217.76,87542.0
2025-02-24 18:00:00+00:00,217.78,218.46,217.65,217.82,72190.0
2025-02-24 19:00:00+00:00,217.845,218.28,217.115,217.21,90793.0
2025-02-24 20:00:00+00:00,217.3,217.45,216.17,216.23,201898.0
2025-02-24 21:00:00+00:00,216.28,216.35,216.14,216.35,3639.0
2025-02-25 14:00:00+00:00,216.25,217.26,215.75,216.14,90279.0
2025-02-25 15:00:00+00:00,215.89,215.89,213.8,215.12,256764.0
2025-02-25 16:00:00+00:00,215.1,215.145,213.5,214.74,139036.0
2025-02-25 17:00:00+00:00,214.67,215.54,213.9,215.525,97963.0
2025-02-25 18:00:00+00:00,215.57,216.225,214.84,215.355,69851.0
2025-02-25 19:00:00+00:00,215.36,216.2,214.72,215.91,68000.0
2025-02-25 20:00:00+00:00,215.85,216.81,215.285,215.41,188783.0
2025-02-25 21:00:00+00:00,215.52,215.69,215.49,215.69,3426.0
2025-02-26 14:00:00+00:00,216.1,218.135,215.69,217.86,65241.0
2025-02-26 15:00:00+00:00,217.79,218.405,217.32,217.8,143466.0
2025-02-26 16:00:00+00:00,217.9,218.14,217.32,217.4,86353.0
2025-02-26 17:00:00+00:00,217.23,217.865,216.14,216.31,74677.0
2025-02-26 18:00:00+00:00,216.33,216.655,214.89,215.25,112770.0
2025-02-26 19:00:00+00:00,215.22,215.91,214.95,215.05,53454.0
2025-02-26 20:00:00+00:00,215.06,215.855,214.87,215.71,140080.0
2025-02-26 21:00:00+00:00,215.97,216.01,215.93,216.01,430.0
2025-02-27 13:00:00+00:00,216.99,216.99,215.57,215.57,260.0
2025-02-27 14:00:00+00:00,215.72,216.07,214.01,214.09,97260.0
2025-02-27 15:00:00+00:00,214.1,216.44,213.465,214.86,142764.0
2025-02-27 16:00:00+00:00,214.96,216.07,214.7,214.77,94150.0
2025-02-27 17:00:00+00:00,214.84,215.34,214.23,214.63,88799.0
2025-02-27 18:00:00+00:00,214.65,215.31,214.65,214.96,47100.0
2025-02-27 19:00:00+00:00,214.97,215.0,213.05,213.65,100999.0
2025-02-27 20:00:00+00:00,213.62,213.66,212.22,212.38,218817.0
2025-02-27 21:00:00+00:00,212.3,212.65,212.29,212.6,6900.0
2025-02-28 13:00:00+00:00,211.81,212.25,211.81,212.15,3190.0
2025-02-28 14:00:00+00:00,211.575,212.63,210.97,212.28,59651.0
2025-02-28 15:00:00+00:00,212.19,213.995,212.19,213.995,152382.0
2025-02-28 16:00:00+00:00,213.96,214.11,212.84,213.53,47779.0
2025-02-28 17:00:00+00:00,213.67,213.81,211.86,211.86,68637.0
2025-02-28 18:00:00+00:00,211.93,212.88,211.15,211.71,171512.0
2025-02-28 19:00:00+00:00,211.68,213.05,211.675,212.92,77436.0
2025-02-28 20:00:00+00:00,213.02,214.66,212.85,214.66,195522.0
2025-02-28 21:00:00+00:00,214.6,214.62,214.54,214.56,16900.0
2025-03-03 13:00:00+00:00,215.65,215.65,215.65,215.65,140.0
2025-03-03 14:00:00+00:00,215.97,215.99,213.55,213.77,166387.0
2025-03-03 15:00:00+00:00,213.6,214.795,212.76,213.62,154229.0
2025-03-03 16:00:00+00:00,213.65,214.04,212.77,213.76,78721.0
2025-03-03 17:00:00+00:00,213.66,214.42,213.34,213.37,46507.0
2025-03-03 18:00:00+00:00,213.425,213.44,211.25,211.73,109366.0
2025-03-03 19:00:00+00:00,211.68,212.24,210.08,210.11,100281.0
2025-03-03 20:00:00+00:00,210.0,210.0,207.44,208.695,321336.0
2025-03-04 13:00:00+00:00,206.67,206.67,206.29,206.29,380.0
2025-03-04 14:00:00+00:00,205.75,205.84,204.31,204.31,164465.0
2025-03-04 15:00:00+00:00,204.14,204.93,203.33,203.96,440578.0
2025-03-04 16:00:00+00:00,203.94,205.255,203.19,205.13,207201.0
2025-03-04 17:00:00+00:00,205.15,206.5,204.595,205.6,172043.0
2025-03-04 18:00:00+00:00,205.61,207.95,205.61,207.785,153726.0
2025-03-04 19:00:00+00:00,207.76,208.77,207.75,208.76,163006.0
2025-03-04 20:00:00+00:00,208.69,209.76,206.22,206.43,382515.0
2025-03-05 14:00:00+00:00,206.25,207.54,205.67,206.245,85583.0
2025-03-05 15:00:00+00:00,206.55,207.86,206.05,206.76,104175.0
2025-03-05 16:00:00+00:00,206.64,206.64,204.82,205.805,153966.0
2025-03-05 17:00:00+00:00,205.83,207.3,205.74,207.24,66945.0
2025-03-05 18:00:00+00:00,207.21,207.45,205.98,207.45,75860.0
2025-03-05 19:00:00+00:00,207.465,208.83,207.385,208.12,97453.0
2025-03-05 20:00:00+00:00,208.17,208.83,207.74,208.595,170539.0
2025-03-05 21:00:00+00:00,208.24,208.4,208.23,208.4,2600.0
2025-03-06 14:00:00+00:00,205.8,206.32,204.53,205.16,122183.0
2025-03-06 15:00:00+00:00,205.11,207.6,205.01,207.33,183904.0
2025-03-06 16:00:00+00:00,207.47,208.08,205.985,205.985,118540.0
2025-03-06 17:00:00+00:00,205.91,206.23,204.425,205.135,106602.0
2025-03-06 18:00:00+00:00,205.105,205.71,204.19,204.62,94031.0
2025-03-06 19:00:00+00:00,204.59,206.865,203.91,204.77,182622.0
2025-03-06 20:00:00+00:00,204.62,206.26,204.62,205.24,268788.0
2025-03-06 21:00:00+00:00,205.68,205.68,205.68,205.68,100.0
2025-03-07 13:00:00+00:00,206.43,206.43,205.53,205.53,300.0
2025-03-07 14:00:00+00:00,205.4,206.46,204.195,205.725,116224.0
2025-03-07 15:00:00+00:00,205.6,206.24,203.24,204.21,165987.0
2025-03-07 16:00:00+00:00,204.04,204.24,201.91,202.4,136797.0
2025-03-07 17:00:00+00:00,202.42,204.94,201.73,204.055,168673.0
2025-03-07 18:00:00+00:00,203.98,206.3,203.98,206.3,87308.0
2025-03-07 19:00:00+00:00,206.25,207.105,205.78,206.28,83980.0
2025-03-07 20:00:00+00:00,206.31,207.1,205.76,205.97,183964.0
2025-03-07 21:00:00+00:00,205.95,205.98,205.76,205.76,6386.0
2025-03-11 13:00:00+00:00,200.97,202.5,200.56,201.46,149227.0
2025-03-11 14:00:00+00:00,201.37,202.64,198.785,199.26,266001.0
2025-03-11 15:00:00+00:00,199.105,201.59,199.105,200.44,146540.0
2025-03-11 16:00:00+00:00,200.42,200.76,199.425,199.62,119277.0
2025-03-11 17:00:00+00:00,199.535,200.06,198.54,199.43,100756.0
2025-03-11 18:00:00+00:00,199.4,203.155,199.375,202.7,196784.0
2025-03-11 19:00:00+00:00,202.56,203.19,200.81,200.81,470435.0
2025-03-11 20:00:00+00:00,200.84,200.85,200.84,200.85,1000.0
2025-03-12 12:00:00+00:00,202.35,204.71,202.35,204.25,900.0
2025-03-12 13:00:00+00:00,203.01,203.74,200.92,201.59,164180.0
2025-03-12 14:00:00+00:00,201.57,201.8,199.97,200.05,161350.0
2025-03-12 15:00:00+00:00,200.05,200.93,199.58,200.58,114089.0
2025-03-12 16:00:00+00:00,200.35,201.63,200.18,200.81,119452.0
2025-03-12 17:00:00+00:00,200.79,202.21,200.69,200.925,79544.0
2025-03-12 18:00:00+00:00,200.94,202.72,200.79,202.33,89988.0
2025-03-12 19:00:00+00:00,202.3,202.3,201.14,201.155,166939.0
2025-03-12 20:00:00+00:00,201.26,201.26,201.08,201.08,1208.0
2025-03-13 13:00:00+00:00,201.17,202.01,199.85,199.94,93353.0
2025-03-13 14:00:00+00:00,199.69,201.41,199.63,199.78,130258.0
2025-03-13 15:00:00+00:00,199.79,200.06,198.385,198.44,115184.0
2025-03-13 16:00:00+00:00,198.43,199.39,198.24,198.63,101970.0
2025-03-13 17:00:00+00:00,198.715,198.85,197.02,197.065,83867.0
2025-03-13 18:00:00+00:00,197.01,198.98,197.0,198.85,90949.0
2025-03-13 19:00:00+00:00,198.84,199.23,197.85,198.065,202575.0
2025-03-13 20:00:00+00:00,198.47,198.57,198.42,198.57,2590.0
2025-03-14 13:00:00+00:00,200.27,201.43,199.95,200.94,105688.0
2025-03-14 14:00:00+00:00,200.91,201.77,199.65,201.77,152849.0
2025-03-14 15:00:00+00:00,201.77,202.81,201.67,202.59,167336.0
2025-03-14 16:00:00+00:00,202.6,202.71,201.71,202.65,76638.0
2025-03-14 17:00:00+00:00,202.59,202.8,201.88,201.925,155539.0
2025-03-14 18:00:00+00:00,201.945,202.775,201.92,202.42,97338.0
2025-03-14 19:00:00+00:00,202.4,203.06,202.12,202.915,372393.0
2025-03-14 20:00:00+00:00,202.43,202.43,202.43,202.43,189.0
2025-03-17 13:00:00+00:00,202.68,204.75,202.67,203.91,95441.0
2025-03-17 14:00:00+00:00,203.63,204.095,203.15,203.74,153651.0
2025-03-17 15:00:00+00:00,203.77,204.82,203.73,203.98,58587.0
2025-03-17 16:00:00+00:00,203.975,204.74,203.8,204.44,35131.0
2025-03-17 17:00:00+00:00,204.5,205.21,204.24,205.14,60876.0
2025-03-17 18:00:00+00:00,205.14,206.01,205.14,205.76,80665.0
2025-03-17 19:00:00+00:00,205.775,205.94,205.335,205.4,190960.0
2025-03-18 13:00:00+00:00,203.87,203.91,202.53,202.89,91218.0
2025-03-18 14:00:00+00:00,202.72,203.73,202.65,203.0,60806.0
2025-03-18 15:00:00+00:00,202.92,203.23,202.41,202.6,40367.0
2025-03-18 16:00:00+00:00,202.575,203.52,202.51,203.13,60251.0
2025-03-18 17:00:00+00:00,203.05,203.66,202.67,203.295,33610.0
2025-03-18 18:00:00+00:00,203.285,203.595,202.8,203.34,28750.0
2025-03-18 19:00:00+00:00,203.12,203.645,203.02,203.185,133982.0
2025-03-19 13:00:00+00:00,203.335,204.54,203.19,204.085,59133.0
2025-03-19 14:00:00+00:00,204.15,204.95,204.06,204.6,66691.0
2025-03-19 15:00:00+00:00,204.57,205.145,204.35,204.96,67099.0
2025-03-19 16:00:00+00:00,205.02,205.275,204.78,204.81,46670.0
2025-03-19 17:00:00+00:00,204.9,204.9,203.88,204.08,55995.0
2025-03-19 18:00:00+00:00,203.365,206.99,203.365,206.9,174136.0
2025-03-19 19:00:00+00:00,206.82,207.64,205.64,206.42,288292.0
2025-03-20 13:00:00+00:00,204.64,206.145,204.2,206.145,96951.0
2025-03-20 14:00:00+00:00,206.14,207.24,206.14,206.83,114722.0
2025-03-20 15:00:00+00:00,206.94,207.29,206.55,206.66,79330.0
2025-03-20 16:00:00+00:00,206.63,207.15,205.485,205.59,96704.0
2025-03-20 17:00:00+00:00,205.735,206.28,205.165,205.34,66985.0
2025-03-20 18:00:00+00:00,205.31,205.65,204.87,205.11,55073.0
2025-03-20 19:00:00+00:00,205.39,205.835,204.95,205.09,161880.0
2025-03-21 12:00:00+00:00,203.1,203.1,203.1,203.1,140.0
2025-03-21 13:00:00+00:00,202.61,203.24,202.29,203.035,142943.0
2025-03-21 14:00:00+00:00,202.75,203.31,201.76,203.28,140235.0
2025-03-21 15:00:00+00:00,203.44,203.47,202.64,202.79,87137.0
2025-03-21 16:00:00+00:00,202.76,204.32,202.66,204.32,118852.0
2025-03-21 17:00:00+00:00,204.215,204.415,203.61,203.94,75947.0
2025-03-21 18:00:00+00:00,204.01,204.31,203.73,203.97,113643.0
2025-03-21 19:00:00+00:00,203.97,203.99,203.385,203.9,314445.0
2025-03-21 20:00:00+00:00,204.0,204.04,204.0,204.04,1000.0
2025-03-24 12:00:00+00:00,207.1,207.1,207.1,207.1,100.0
2025-03-24 13:00:00+00:00,206.8,208.0,206.7,207.675,115887.0
2025-03-24 14:00:00+00:00,207.715,208.44,207.36,208.44,119796.0
2025-03-24 15:00:00+00:00,208.35,208.88,208.22,208.525,75684.0
2025-03-24 16:00:00+00:00,208.495,208.8,207.76,207.76,56038.0
2025-03-24 17:00:00+00:00,207.775,208.19,207.64,208.1,39321.0
2025-03-24 18:00:00+00:00,208.07,208.69,207.63,208.5,64336.0
2025-03-24 19:00:00+00:00,208.485,209.23,208.4,208.91,206787.0
2025-03-24 20:00:00+00:00,209.09,209.09,208.85,208.86,7405.0
2025-03-25 13:00:00+00:00,208.72,209.26,207.99,208.05,84828.0
2025-03-25 14:00:00+00:00,208.18,208.57,207.71,208.2,94820.0
2025-03-25 15:00:00+00:00,208.2,208.525,207.68,207.85,56450.0
2025-03-25 16:00:00+00:00,207.9,208.35,207.78,208.25,51995.0
2025-03-25 17:00:00+00:00,208.46,208.675,207.95,207.95,42326.0
2025-03-25 18:00:00+00:00,207.96,208.22,207.5,207.78,48748.0
2025-03-25 19:00:00+00:00,207.78,208.11,207.1,207.73,98288.0
2025-03-25 20:00:00+00:00,207.82,207.91,207.71,207.91,5295.0
2025-03-26 13:00:00+00:00,208.05,208.8,207.31,207.55,44690.0
2025-03-26 14:00:00+00:00,207.58,207.87,206.86,207.06,72401.0
2025-03-26 15:00:00+00:00,207.08,207.2,205.82,206.02,36520.0
2025-03-26 16:00:00+00:00,205.94,206.44,205.53,205.53,42896.0
2025-03-26 17:00:00+00:00,205.55,205.95,204.89,205.04,45760.0
2025-03-26 18:00:00+00:00,205.1,205.535,204.71,204.78,58249.0
2025-03-26 19:00:00+00:00,204.85,205.63,204.68,205.58,141810.0
2025-03-26 20:00:00+00:00,205.5,205.52,205.47,205.52,7605.0
2025-03-27 13:00:00+00:00,205.255,205.29,203.795,205.185,66813.0
2025-03-27 14:00:00+00:00,205.145,206.29,204.84,206.08,71670.0
2025-03-27 15:00:00+00:00,206.085,206.29,204.545,204.545,85815.0
2025-03-27 16:00:00+00:00,204.48,205.77,204.255,204.29,46875.0
2025-03-27 17:00:00+00:00,204.3,205.09,204.18,204.42,51519.0
2025-03-27 18:00:00+00:00,204.44,205.27,204.4,204.7,31932.0
2025-03-27 19:00:00+00:00,204.69,205.8,204.425,204.64,227521.0
2025-03-27 20:00:00+00:00,204.79,204.94,204.78,204.78,11758.0
2025-03-28 13:00:00+00:00,204.5,204.57,202.72,202.73,78737.0
2025-03-28 14:00:00+00:00,202.74,202.89,200.6,200.69,122405.0
2025-03-28 15:00:00+00:00,200.49,201.08,200.37,200.395,132288.0
2025-03-28 16:00:00+00:00,200.47,200.915,200.085,200.25,47662.0
2025-03-28 17:00:00+00:00,200.23,200.23,199.38,200.0,52881.0
2025-03-28 18:00:00+00:00,199.99,200.3,199.71,200.21,53130.0
2025-03-28 19:00:00+00:00,200.18,200.685,199.74,200.46,180967.0
2025-03-28 20:00:00+00:00,200.48,200.48,200.37,200.39,2382.0
2025-03-31 13:00:00+00:00,197.545,197.73,195.54,197.27,159530.0
2025-03-31 14:00:00+00:00,197.26,198.36,197.17,198.11,120304.0
2025-03-31 15:00:00+00:00,198.17,198.83,198.12,198.36,73452.0
2025-03-31 16:00:00+00:00,198.4,198.89,197.76,198.28,47711.0
2025-03-31 17:00:00+00:00,198.22,198.95,198.065,198.255,54490.0
2025-03-31 18:00:00+00:00,198.255,199.945,198.25,199.43,78075.0
2025-03-31 19:00:00+00:00,199.5,200.61,199.425,199.53,168652.0
2025-03-31 20:00:00+00:00,199.2,199.39,199.2,199.39,700.0
2025-04-01 13:00:00+00:00,199.0,199.045,197.35,198.23,81938.0
2025-04-01 14:00:00+00:00,198.115,199.13,196.68,199.1,107195.0
2025-04-01 15:00:00+00:00,199.11,200.94,199.08,200.915,119351.0
2025-04-01 16:00:00+00:00,200.85,201.23,199.35,199.86,121011.0
2025-04-01 17:00:00+00:00,199.805,200.03,198.94,198.97,51307.0
2025-04-01 18:00:00+00:00,199.03,199.03,197.64,198.29,90845.0
2025-04-01 19:00:00+00:00,198.255,199.73,198.255,199.53,137590.0
2025-04-01 20:00:00+00:00,199.53,199.63,199.51,199.56,7566.0
2025-04-02 12:00:00+00:00,197.42,197.46,197.42,197.46,240.0
2025-04-02 13:00:00+00:00,196.92,199.59,196.56,198.65,68868.0
2025-04-02 14:00:00+00:00,198.49,200.86,198.49,200.665,99725.0
2025-04-02 15:00:00+00:00,200.57,201.635,200.29,201.23,93290.0
2025-04-02 16:00:00+00:00,201.22,202.715,201.22,202.57,104805.0
2025-04-02 17:00:00+00:00,202.65,203.275,201.27,201.71,153728.0
2025-04-02 18:00:00+00:00,201.7,202.15,200.74,201.16,70848.0
2025-04-02 19:00:00+00:00,201.2,202.99,201.2,202.7,184314.0
2025-04-02 20:00:00+00:00,203.95,203.95,195.76,196.0,1580.0
2025-04-03 12:00:00+00:00,193.5,193.78,193.1,193.1,1711.0
2025-04-03 13:00:00+00:00,192.25,195.045,192.25,192.72,259576.0
2025-04-03 14:00:00+00:00,192.56,192.59,189.295,189.355,343413.0
2025-04-03 15:00:00+00:00,189.21,191.755,189.21,191.35,227404.0
2025-04-03 16:00:00+00:00,191.42,192.53,191.16,191.29,153040.0
2025-04-03 17:00:00+00:00,191.35,191.83,190.91,190.92,78565.0
2025-04-03 18:00:00+00:00,191.0,191.16,189.94,190.93,146732.0
2025-04-03 19:00:00+00:00,190.845,191.195,189.36,189.56,347665.0
2025-04-03 20:00:00+00:00,189.66,189.66,189.66,189.66,100.0
2025-04-04 12:00:00+00:00,181.88,182.9,181.88,182.16,940.0
2025-04-04 13:00:00+00:00,181.9,183.71,180.845,182.18,262579.0
2025-04-04 14:00:00+00:00,181.98,182.2,176.69,179.5,454417.0
2025-04-04 15:00:00+00:00,179.335,184.02,179.32,180.11,308009.0
2025-04-04 16:00:00+00:00,180.23,181.43,179.01,179.545,227172.0
2025-04-04 17:00:00+00:00,179.51,181.91,178.29,181.86,283718.0
2025-04-04 18:00:00+00:00,182.02,182.62,179.39,179.94,262406.0
2025-04-04 19:00:00+00:00,180.02,182.605,179.51,181.27,593242.0
2025-04-07 12:00:00+00:00,175.87,177.49,174.89,177.0,2466.0
2025-04-07 13:00:00+00:00,174.98,177.27,171.76,177.12,257166.0
2025-04-07 14:00:00+00:00,176.88,190.245,176.04,181.32,805793.0
2025-04-07 15:00:00+00:00,181.29,183.01,175.72,178.99,597520.0
2025-04-07 16:00:00+00:00,178.52,179.55,176.4,176.85,188777.0
2025-04-07 17:00:00+00:00,176.8,182.31,176.8,181.89,247836.0
2025-04-07 18:00:00+00:00,182.04,182.25,178.48,178.675,176764.0
2025-04-07 19:00:00+00:00,178.78,180.96,178.46,179.565,382209.0
2025-04-07 20:00:00+00:00,181.07,181.07,181.07,181.07,100.0
2025-04-08 12:00:00+00:00,185.37,185.37,185.37,185.37,100.0
2025-04-08 13:00:00+00:00,184.85,185.86,183.4,185.08,206282.0
2025-04-08 14:00:00+00:00,185.015,185.75,182.75,182.79,203048.0
2025-04-08 15:00:00+00:00,182.91,183.12,181.23,182.53,166912.0
2025-04-08 16:00:00+00:00,182.46,182.65,177.64,177.64,207075.0
2025-04-08 17:00:00+00:00,177.64,178.735,175.815,178.11,337839.0
2025-04-08 18:00:00+00:00,178.07,178.71,175.85,175.85,165320.0
2025-04-08 19:00:00+00:00,175.75,176.03,172.355,174.85,883197.0
2025-04-08 20:00:00+00:00,174.75,174.75,174.75,174.75,1000.0
2025-04-09 12:00:00+00:00,169.89,172.75,169.78,172.75,2600.0
2025-04-09 13:00:00+00:00,172.37,176.2,172.09,175.43,352413.0
2025-04-09 14:00:00+00:00,175.5,176.63,171.81,171.81,276039.0
2025-04-09 15:00:00+00:00,171.82,174.01,171.76,172.1,225986.0
2025-04-09 16:00:00+00:00,171.98,174.515,171.765,173.85,178056.0
2025-04-09 17:00:00+00:00,173.9,189.63,173.13,189.455,1023077.0
2025-04-09 18:00:00+00:00,189.99,192.05,186.81,186.83,604591.0
2025-04-09 19:00:00+00:00,186.94,191.36,186.49,189.74,536886.0
2025-04-10 12:00:00+00:00,184.25,184.96,182.91,184.24,3827.0
2025-04-10 13:00:00+00:00,184.37,185.44,182.93,182.93,243177.0
2025-04-10 14:00:00+00:00,182.9,184.24,181.97,182.09,443246.0
2025-04-10 15:00:00+00:00,182.005,182.85,179.405,179.75,355025.0
2025-04-10 16:00:00+00:00,179.73,180.54,176.98,180.115,340044.0
2025-04-10 17:00:00+00:00,180.05,182.665,177.79,182.16,270642.0
2025-04-10 18:00:00+00:00,182.04,183.63,180.58,181.51,254208.0
2025-04-10 19:00:00+00:00,181.57,182.76,179.19,181.81,347734.0
2025-04-10 20:00:00+00:00,181.5,182.41,181.5,182.24,1800.0
2025-04-11 12:00:00+00:00,182.11,182.8,181.7,181.7,2000.0
2025-04-11 13:00:00+00:00,181.63,182.57,179.895,181.39,288670.0
2025-04-11 14:00:00+00:00,180.88,182.17,178.62,179.37,246995.0
2025-04-11 15:00:00+00:00,179.65,180.92,178.67,180.24,104507.0
2025-04-11 16:00:00+00:00,180.24,182.8,179.91,182.35,196776.0
2025-04-11 17:00:00+00:00,182.33,184.77,181.48,184.12,262966.0
2025-04-11 18:00:00+00:00,184.26,184.26,182.82,183.19,125122.0
2025-04-11 19:00:00+00:00,183.24,184.78,183.24,184.4,239840.0
2025-04-14 12:00:00+00:00,186.74,186.74,186.74,186.74,100.0
2025-04-14 13:00:00+00:00,187.36,187.96,184.72,185.87,121741.0
2025-04-14 14:00:00+00:00,185.87,187.24,185.36,186.75,128691.0
2025-04-14 15:00:00+00:00,186.7,186.955,183.38,183.57,174534.0
2025-04-14 16:00:00+00:00,183.54,185.055,183.07,184.25,95973.0
2025-04-14 17:00:00+00:00,184.58,185.8,184.3,185.39,55382.0
2025-04-14 18:00:00+00:00,185.385,186.73,185.31,186.64,45040.0
2025-04-14 19:00:00+00:00,186.55,187.39,186.5,186.53,188478.0
2025-04-15 12:00:00+00:00,185.96,185.96,185.42,185.42,1764.0
2025-04-15 13:00:00+00:00,185.95,188.71,185.95,188.19,92908.0
2025-04-15 14:00:00+00:00,188.055,189.03,186.75,187.42,121131.0
2025-04-15 15:00:00+00:00,187.35,187.87,186.74,187.05,71528.0
2025-04-15 16:00:00+00:00,187.13,187.7,186.67,186.8,41771.0
2025-04-15 17:00:00+00:00,186.8,187.2,186.15,186.47,66285.0
2025-04-15 18:00:00+00:00,186.43,186.82,185.87,186.62,76177.0
2025-04-15 19:00:00+00:00,186.6,186.93,186.27,186.74,98211.0
2025-04-15 20:00:00+00:00,186.78,186.88,186.78,186.88,3917.0
2025-04-16 12:00:00+00:00,186.11,186.11,186.11,186.11,170.0
2025-04-16 13:00:00+00:00,185.63,186.67,185.1,185.2,59745.0
2025-04-16 14:00:00+00:00,185.16,186.1,185.02,185.49,51265.0
2025-04-16 15:00:00+00:00,185.635,186.65,185.38,185.73,89955.0
2025-04-16 16:00:00+00:00,185.87,186.2,185.35,185.5,45309.0
2025-04-16 17:00:00+00:00,185.33,186.01,183.06,183.06,91354.0
2025-04-16 18:00:00+00:00,183.1,184.45,183.1,183.15,72874.0
2025-04-16 19:00:00+00:00,183.16,185.15,182.63,184.98,171887.0
2025-04-16 20:00:00+00:00,185.23,185.23,184.84,184.84,297.0
2025-04-17 13:00:00+00:00,185.66,186.79,184.94,186.275,103389.0
2025-04-17 14:00:00+00:00,186.15,186.52,184.47,184.51,118640.0
2025-04-17 15:00:00+00:00,184.57,185.94,184.57,185.46,56835.0
2025-04-17 16:00:00+00:00,185.32,186.94,185.17,186.67,108067.0
2025-04-17 17:00:00+00:00,186.79,187.14,185.91,186.85,44409.0
2025-04-17 18:00:00+00:00,186.825,187.36,186.48,186.48,36316.0
2025-04-17 19:00:00+00:00,186.5,186.99,185.99,186.56,172514.0
2025-04-21 12:00:00+00:00,184.65,184.83,184.65,184.77,1690.0
2025-04-21 13:00:00+00:00,185.1,185.28,183.71,183.72,63391.0
2025-04-21 14:00:00+00:00,183.64,184.07,182.945,183.06,82558.0
2025-04-21 15:00:00+00:00,183.085,183.1,181.75,181.84,60195.0
2025-04-21 16:00:00+00:00,181.91,182.74,181.72,181.75,59387.0
2025-04-21 17:00:00+00:00,181.765,181.98,180.78,180.925,40070.0
2025-04-21 18:00:00+00:00,180.85,181.58,180.78,180.98,63731.0
2025-04-21 19:00:00+00:00,180.99,182.91,180.99,182.71,194529.0
2025-04-22 12:00:00+00:00,184.71,184.9,184.71,184.9,320.0
2025-04-22 13:00:00+00:00,184.96,186.375,184.95,185.76,82523.0
2025-04-22 14:00:00+00:00,185.76,185.77,184.57,184.86,106715.0
2025-04-22 15:00:00+00:00,184.83,186.92,184.83,186.79,108078.0
2025-04-22 16:00:00+00:00,186.79,188.07,186.79,187.46,71219.0
2025-04-22 17:00:00+00:00,187.45,187.95,185.61,185.89,100653.0
2025-04-22 18:00:00+00:00,185.83,187.815,185.83,187.74,53072.0
2025-04-22 19:00:00+00:00,187.74,187.96,186.97,187.51,192644.0
2025-04-23 13:00:00+00:00,192.95,195.51,192.69,194.665,306102.0
2025-04-23 14:00:00+00:00,194.88,195.255,193.19,193.365,201784.0
2025-04-23 15:00:00+00:00,193.41,193.88,191.07,191.44,132021.0
2025-04-23 16:00:00+00:00,191.51,191.51,190.415,191.49,107423.0
2025-04-23 17:00:00+00:00,191.52,191.99,190.79,191.55,52792.0
2025-04-23 18:00:00+00:00,191.53,191.76,190.21,190.67,149792.0
2025-04-23 19:00:00+00:00,190.89,190.89,189.84,190.16,133374.0
2025-04-24 12:00:00+00:00,190.16,190.16,190.16,190.16,110.0
2025-04-24 13:00:00+00:00,190.34,191.48,189.9,191.47,61222.0
2025-04-24 14:00:00+00:00,191.49,192.55,191.19,191.9,113433.0
2025-04-24 15:00:00+00:00,191.92,192.77,191.82,192.4,50543.0
2025-04-24 16:00:00+00:00,192.57,193.84,192.57,193.74,65976.0
2025-04-24 17:00:00+00:00,193.65,193.76,193.36,193.615,39542.0
2025-04-24 18:00:00+00:00,193.675,194.11,193.52,193.925,44479.0
2025-04-24 19:00:00+00:00,193.83,194.36,193.28,194.04,191576.0
2025-04-24 20:00:00+00:00,194.29,194.29,194.29,194.29,729.0
2025-04-25 13:00:00+00:00,192.34,193.12,192.17,192.17,47855.0
2025-04-25 14:00:00+00:00,192.65,193.11,191.56,192.78,59372.0
2025-04-25 15:00:00+00:00,192.72,193.1,192.585,192.73,44840.0
2025-04-25 16:00:00+00:00,192.73,193.445,192.73,193.29,49931.0
2025-04-25 17:00:00+00:00,193.34,194.24,192.27,192.7,122113.0
2025-04-25 18:00:00+00:00,192.73,193.88,192.64,193.585,95162.0
2025-04-25 19:00:00+00:00,193.58,194.24,193.35,194.11,132549.0
2025-04-25 20:00:00+00:00,194.19,194.19,193.84,193.94,4592.0
2025-04-28 13:00:00+00:00,194.53,196.11,194.45,194.76,87468.0
2025-04-28 14:00:00+00:00,194.82,195.99,194.69,195.03,56106.0
2025-04-28 15:00:00+00:00,195.05,195.17,193.4,193.6,72427.0
2025-04-28 16:00:00+00:00,193.6,193.66,192.82,192.975,88066.0
2025-04-28 17:00:00+00:00,193.02,193.28,192.54,193.195,34571.0
2025-04-28 18:00:00+00:00,193.235,193.92,193.115,193.89,28458.0
2025-04-28 19:00:00+00:00,193.86,195.26,193.86,194.93,118840.0
2025-04-28 20:00:00+00:00,194.9,194.9,194.51,194.58,7022.0
2025-04-29 12:00:00+00:00,194.77,194.77,194.77,194.77,200.0
2025-04-29 13:00:00+00:00,194.52,195.02,194.0,194.01,52799.0
2025-04-29 14:00:00+00:00,194.13,194.66,193.05,194.6,65082.0
2025-04-29 15:00:00+00:00,194.62,195.015,194.47,194.76,23468.0
2025-04-29 16:00:00+00:00,194.82,195.9,194.82,195.165,30493.0
2025-04-29 17:00:00+00:00,195.22,196.72,195.08,196.51,39057.0
2025-04-29 18:00:00+00:00,196.52,196.82,196.38,196.53,51963.0
2025-04-29 19:00:00+00:00,196.62,196.635,195.815,196.05,189864.0
2025-04-29 20:00:00+00:00,196.17,196.24,196.17,196.18,2019.0
2025-04-30 12:00:00+00:00,195.04,195.04,192.51,192.93,2850.0
2025-04-30 13:00:00+00:00,193.17,193.24,190.91,191.02,96937.0
2025-04-30 14:00:00+00:00,191.22,192.5,190.77,192.25,94885.0
2025-04-30 15:00:00+00:00,192.33,193.96,192.33,193.86,54089.0
2025-04-30 16:00:00+00:00,193.94,194.15,193.0,193.75,24966.0
2025-04-30 17:00:00+00:00,193.88,194.48,193.18,194.15,21578.0
2025-04-30 18:00:00+00:00,194.01,195.0,193.88,193.89,41194.0
2025-04-30 19:00:00+00:00,194.02,195.47,193.655,194.635,135507.0
2025-05-01 12:00:00+00:00,195.77,195.78,194.68,194.68,1970.0
2025-05-01 13:00:00+00:00,194.42,196.02,193.77,194.87,111282.0
2025-05-01 14:00:00+00:00,195.19,197.53,195.19,197.52,100622.0
2025-05-01 15:00:00+00:00,197.5,197.66,195.66,195.76,104405.0
2025-05-01 16:00:00+00:00,195.73,195.96,195.22,195.63,59884.0
2025-05-01 17:00:00+00:00,195.71,196.6,195.67,195.77,28389.0
2025-05-01 18:00:00+00:00,195.76,196.86,195.76,196.84,56424.0
2025-05-01 19:00:00+00:00,196.805,197.405,195.83,196.0,150243.0
2025-05-01 20:00:00+00:00,195.75,195.75,195.75,195.75,933.0
2025-05-02 12:00:00+00:00,198.61,198.64,198.61,198.64,730.0
2025-05-02 13:00:00+00:00,198.33,199.365,198.21,198.55,54225.0
2025-05-02 14:00:00+00:00,198.58,199.84,198.35,199.66,66458.0
2025-05-02 15:00:00+00:00,199.71,200.1,199.21,199.99,52393.0
2025-05-02 16:00:00+00:00,200.05,201.18,200.05,200.88,116680.0
2025-05-02 17:00:00+00:00,200.85,201.02,200.49,200.87,46758.0
2025-05-02 18:00:00+00:00,200.865,201.18,200.44,200.58,95885.0
2025-05-02 19:00:00+00:00,200.58,200.915,200.34,200.44,210105.0
2025-05-02 20:00:00+00:00,200.56,200.69,200.56,200.62,7213.0
2025-05-05 12:00:00+00:00,198.82,198.82,198.82,198.82,100.0
2025-05-05 13:00:00+00:00,198.67,199.195,198.14,198.91,89671.0
2025-05-05 14:00:00+00:00,199.06,200.135,198.675,200.01,71524.0
2025-05-05 15:00:00+00:00,200.09,200.245,199.74,200.09,35797.0
2025-05-05 16:00:00+00:00,200.23,200.27,199.95,200.16,28960.0
2025-05-05 17:00:00+00:00,200.1,200.34,199.71,200.14,76464.0
2025-05-05 18:00:00+00:00,200.17,200.49,199.98,199.985,46369.0
2025-05-05 19:00:00+00:00,199.945,200.11,198.845,198.95,134300.0
2025-05-05 20:00:00+00:00,198.83,198.91,198.78,198.86,4316.0
2025-05-06 12:00:00+00:00,197.02,197.02,197.02,197.02,400.0
2025-05-06 13:00:00+00:00,196.58,197.56,195.65,196.36,106260.0
2025-05-06 14:00:00+00:00,196.43,198.0,196.34,197.66,78947.0
2025-05-06 15:00:00+00:00,197.83,198.26,197.6,197.79,46818.0
2025-05-06 16:00:00+00:00,197.72,198.58,196.55,196.55,107975.0
2025-05-06 17:00:00+00:00,196.62,197.07,196.16,196.285,56647.0
2025-05-06 18:00:00+00:00,196.3,197.36,196.3,197.29,79514.0
2025-05-06 19:00:00+00:00,197.3,197.565,196.68,196.69,174176.0
2025-05-06 20:00:00+00:00,196.78,196.78,195.85,195.85,1540.0
2025-05-07 12:00:00+00:00,198.55,198.55,198.45,198.45,210.0
2025-05-07 13:00:00+00:00,198.08,198.48,197.55,198.17,56411.0
2025-05-07 14:00:00+00:00,198.04,198.195,197.09,197.22,43372.0
2025-05-07 15:00:00+00:00,196.96,198.005,196.94,197.755,63931.0
2025-05-07 16:00:00+00:00,197.735,198.4,197.42,198.36,27015.0
2025-05-07 17:00:00+00:00,198.31,198.545,197.095,197.56,65379.0
2025-05-07 18:00:00+00:00,197.48,197.9,196.04,197.83,101502.0
2025-05-07 19:00:00+00:00,197.6,198.02,196.09,197.41,133022.0
2025-05-08 12:00:00+00:00,199.59,199.8,199.47,199.8,400.0
2025-05-08 13:00:00+00:00,199.55,200.02,198.85,199.09,50923.0
2025-05-08 14:00:00+00:00,199.08,199.88,198.28,198.55,67925.0
2025-05-08 15:00:00+00:00,198.39,202.075,198.39,201.615,187814.0
2025-05-08 16:00:00+00:00,201.7,202.735,201.55,202.6,97284.0
2025-05-08 17:00:00+00:00,202.59,202.615,201.84,201.88,72659.0
2025-05-08 18:00:00+00:00,201.76,202.45,201.62,202.09,54508.0
2025-05-08 19:00:00+00:00,202.005,202.55,201.12,201.22,193311.0
2025-05-08 20:00:00+00:00,201.35,201.53,201.32,201.32,4263.0
2025-05-09 12:00:00+00:00,201.78,201.78,201.78,201.78,250.0
2025-05-09 13:00:00+00:00,201.51,202.27,201.51,202.11,59507.0
2025-05-09 14:00:00+00:00,202.03,202.25,200.42,201.22,63306.0
2025-05-09 15:00:00+00:00,201.12,201.305,200.51,200.73,46793.0
2025-05-09 16:00:00+00:00,200.72,200.72,199.965,200.32,56039.0
2025-05-09 17:00:00+00:00,200.335,201.175,200.225,201.09,48471.0
2025-05-09 18:00:00+00:00,201.035,201.045,200.62,201.01,17456.0
2025-05-09 19:00:00+00:00,201.05,201.21,200.625,200.82,139734.0
2025-05-09 20:00:00+00:00,200.8,201.12,200.8,201.05,19910.0
2025-05-12 12:00:00+00:00,209.78,210.12,209.24,209.24,1510.0
2025-05-12 13:00:00+00:00,209.0,209.68,208.27,208.34,216889.0
2025-05-12 14:00:00+00:00,208.48,208.82,205.84,206.6,147894.0
2025-05-12 15:00:00+00:00,206.61,206.85,206.11,206.35,65288.0
2025-05-12 16:00:00+00:00,206.36,207.9,206.29,207.875,76467.0
2025-05-12 17:00:00+00:00,207.88,208.485,207.8,207.995,78461.0
2025-05-12 18:00:00+00:00,207.9,208.1,207.58,207.705,71753.0
2025-05-12 19:00:00+00:00,207.68,208.115,207.54,207.9,274476.0
2025-05-12 20:00:00+00:00,208.08,208.3,207.84,207.87,13566.0
2025-05-13 13:00:00+00:00,208.96,209.41,208.415,208.415,88962.0
2025-05-13 14:00:00+00:00,208.45,208.94,207.985,208.615,74852.0
2025-05-13 15:00:00+00:00,208.55,209.32,208.4,209.07,83405.0
2025-05-13 16:00:00+00:00,209.03,209.35,208.625,208.89,58355.0
2025-05-13 17:00:00+00:00,208.91,209.39,208.735,208.86,62254.0
2025-05-13 18:00:00+00:00,208.93,209.385,208.74,209.315,72063.0
2025-05-13 19:00:00+00:00,209.305,209.6,208.62,208.65,199270.0
2025-05-13 20:00:00+00:00,208.6,208.67,208.54,208.59,5804.0
2025-05-14 13:00:00+00:00,208.08,208.525,207.19,207.39,119901.0
2025-05-14 14:00:00+00:00,207.47,207.77,207.18,207.27,109838.0
2025-05-14 15:00:00+00:00,207.315,207.56,206.55,207.48,95423.0
2025-05-14 16:00:00+00:00,207.45,207.8,207.1,207.365,67687.0
2025-05-14 17:00:00+00:00,207.34,207.47,206.72,207.29,50602.0
2025-05-14 18:00:00+00:00,207.29,207.46,206.89,207.11,50235.0
2025-05-14 19:00:00+00:00,207.135,207.39,206.785,206.82,126718.0
2025-05-14 20:00:00+00:00,206.81,206.95,206.77,206.92,4016.0
2025-05-15 13:00:00+00:00,206.68,207.05,206.05,206.17,68227.0
2025-05-15 14:00:00+00:00,206.22,206.53,205.4,206.2,120850.0
2025-05-15 15:00:00+00:00,206.21,207.37,206.15,207.34,102672.0
2025-05-15 16:00:00+00:00,207.33,207.64,207.09,207.63,80900.0
2025-05-15 17:00:00+00:00,207.63,207.87,207.46,207.58,47770.0
2025-05-15 18:00:00+00:00,207.62,207.865,207.46,207.79,61597.0
2025-05-15 19:00:00+00:00,207.77,208.17,207.57,208.13,127518.0
2025-05-15 20:00:00+00:00,208.25,208.42,208.21,208.39,14689.0
2025-05-16 12:00:00+00:00,209.28,209.28,209.28,209.28,113.0
2025-05-16 13:00:00+00:00,208.85,209.08,207.83,208.89,99546.0
2025-05-16 14:00:00+00:00,208.84,208.84,207.83,208.31,147691.0
2025-05-16 15:00:00+00:00,208.4,208.72,208.21,208.7,152386.0
2025-05-16 16:00:00+00:00,208.7,209.36,208.7,209.25,75432.0
2025-05-16 17:00:00+00:00,209.21,209.71,209.09,209.43,101306.0
2025-05-16 18:00:00+00:00,209.405,209.975,209.4,209.82,52826.0
2025-05-16 19:00:00+00:00,209.835,210.12,209.64,209.91,215653.0
2025-05-16 20:00:00+00:00,209.84,209.9,209.67,209.67,16120.0
2025-05-19 12:00:00+00:00,206.63,206.63,206.63,206.63,400.0
2025-05-19 13:00:00+00:00,206.89,207.65,206.26,207.15,178501.0
2025-05-19 14:00:00+00:00,207.295,208.115,207.24,207.55,64737.0
2025-05-19 15:00:00+00:00,207.58,208.15,207.56,207.955,46513.0
2025-05-19 16:00:00+00:00,208.0,208.655,208.0,208.62,44588.0
2025-05-19 17:00:00+00:00,208.57,208.88,208.45,208.48,50181.0
2025-05-19 18:00:00+00:00,208.425,208.65,208.2,208.45,25862.0
2025-05-19 19:00:00+00:00,208.46,209.09,208.27,208.94,133150.0
2025-05-19 20:00:00+00:00,208.96,208.96,208.64,208.81,9699.0
2025-05-20 13:00:00+00:00,208.595,208.68,207.98,208.33,74646.0
2025-05-20 14:00:00+00:00,208.395,209.305,208.34,208.73,85413.0
2025-05-20 15:00:00+00:00,208.725,209.255,208.64,209.09,129704.0
2025-05-20 16:00:00+00:00,209.105,209.275,208.74,209.27,70714.0
2025-05-20 17:00:00+00:00,209.275,209.74,209.23,209.66,87390.0
2025-05-20 18:00:00+00:00,209.62,209.705,208.61,208.71,60481.0
2025-05-20 19:00:00+00:00,208.71,209.18,208.21,209.08,158224.0
2025-05-20 20:00:00+00:00,209.08,209.08,208.88,208.9,2566.0
2025-05-21 13:00:00+00:00,206.93,207.44,206.51,207.06,140053.0
2025-05-21 14:00:00+00:00,207.06,207.595,206.34,206.96,164266.0
2025-05-21 15:00:00+00:00,206.92,207.345,206.735,207.105,48345.0
2025-05-21 16:00:00+00:00,207.01,207.23,206.81,206.845,30481.0
2025-05-21 17:00:00+00:00,206.85,206.95,203.52,204.31,168746.0
2025-05-21 18:00:00+00:00,204.445,204.445,203.49,203.51,93197.0
2025-05-21 19:00:00+00:00,203.535,203.98,202.855,203.24,322114.0
2025-05-21 20:00:00+00:00,203.19,203.3,203.03,203.12,12996.0
2025-05-22 12:00:00+00:00,201.18,202.25,201.18,202.25,1050.0
2025-05-22 13:00:00+00:00,202.275,202.8,201.55,202.465,96265.0
2025-05-22 14:00:00+00:00,202.57,203.08,201.965,202.53,119792.0
2025-05-22 15:00:00+00:00,202.55,203.46,202.55,203.415,84153.0
2025-05-22 16:00:00+00:00,203.42,203.92,202.735,202.83,170521.0
2025-05-22 17:00:00+00:00,202.86,203.9,202.72,203.8,68049.0
2025-05-22 18:00:00+00:00,203.81,204.04,203.68,204.01,76041.0
2025-05-22 19:00:00+00:00,203.93,204.37,203.13,203.23,181823.0
2025-05-22 20:00:00+00:00,203.24,203.44,203.04,203.04,12626.0
2025-05-23 12:00:00+00:00,197.09,197.09,197.05,197.05,668.0
2025-05-23 13:00:00+00:00,199.77,201.88,199.66,201.525,109401.0
2025-05-23 14:00:00+00:00,201.63,202.19,201.16,201.38,90628.0
2025-05-23 15:00:00+00:00,201.39,202.48,201.32,201.88,58488.0
2025-05-23 16:00:00+00:00,201.89,202.58,201.78,202.33,48115.0
2025-05-23 17:00:00+00:00,202.35,203.12,202.34,202.93,61339.0
2025-05-23 18:00:00+00:00,202.98,203.22,202.5,202.84,70969.0
2025-05-23 19:00:00+00:00,202.83,203.25,202.28,202.56,156407.0
2025-05-23 20:00:00+00:00,202.48,202.5,202.24,202.34,8641.0
2025-05-27 12:00:00+00:00,205.75,205.75,205.56,205.56,300.0
2025-05-27 13:00:00+00:00,206.07,206.07,204.18,204.8,105700.0
2025-05-27 14:00:00+00:00,204.88,206.44,204.88,206.33,163015.0
2025-05-27 15:00:00+00:00,206.32,206.95,206.31,206.91,81566.0
2025-05-27 16:00:00+00:00,206.87,207.67,206.865,207.29,95692.0
2025-05-27 17:00:00+00:00,207.32,207.745,207.06,207.705,124481.0
2025-05-27 18:00:00+00:00,207.69,207.72,207.3,207.31,157022.0
2025-05-27 19:00:00+00:00,207.3,207.7,207.13,207.67,327013.0
2025-05-27 20:00:00+00:00,207.72,207.91,207.57,207.87,8558.0
2025-05-28 12:00:00+00:00,207.77,207.77,207.6,207.6,200.0
2025-05-28 13:00:00+00:00,207.51,208.02,206.735,206.74,58928.0
2025-05-28 14:00:00+00:00,206.79,206.855,206.0,206.14,84957.0
2025-05-28 15:00:00+00:00,206.2,206.53,205.755,205.755,65229.0
2025-05-28 16:00:00+00:00,205.79,206.19,205.79,206.1,65626.0
2025-05-28 17:00:00+00:00,206.11,206.54,206.01,206.315,51672.0
2025-05-28 18:00:00+00:00,206.305,206.56,205.47,206.06,70683.0
2025-05-28 19:00:00+00:00,206.04,206.33,205.2,205.52,256493.0
2025-05-28 20:00:00+00:00,205.37,205.48,205.37,205.48,1216.0
2025-05-29 12:00:00+00:00,207.09,207.4,206.67,206.7,770.0
2025-05-29 13:00:00+00:00,207.0,207.025,205.78,206.11,70143.0
2025-05-29 14:00:00+00:00,206.095,206.43,204.9,205.78,137711.0
2025-05-29 15:00:00+00:00,205.77,206.0,204.62,204.84,103048.0
2025-05-29 16:00:00+00:00,204.81,205.85,204.54,205.74,74589.0
2025-05-29 17:00:00+00:00,205.75,206.01,205.43,205.49,76536.0
2025-05-29 18:00:00+00:00,205.5,206.19,205.42,205.89,57716.0
2025-05-29 19:00:00+00:00,205.9,206.175,205.75,206.175,170384.0
2025-05-29 20:00:00+00:00,206.11,206.25,206.11,206.25,2899.0
2025-05-30 12:00:00+00:00,204.86,205.18,204.52,205.05,2433.0
2025-05-30 13:00:00+00:00,205.08,205.17,203.91,203.99,72112.0
2025-05-30 14:00:00+00:00,204.15,205.67,204.14,205.41,166214.0
2025-05-30 15:00:00+00:00,205.36,205.855,205.06,205.37,98426.0
2025-05-30 16:00:00+00:00,205.375,205.63,203.56,203.86,218820.0
2025-05-30 17:00:00+00:00,203.88,205.13,203.78,204.75,75663.0
2025-05-30 18:00:00+00:00,204.77,205.845,204.77,205.75,88969.0
2025-05-30 19:00:00+00:00,205.74,206.24,205.11,205.11,434686.0
2025-05-30 20:00:00+00:00,205.24,205.47,204.93,204.93,12803.0
2025-06-02 12:00:00+00:00,204.66,204.66,204.66,204.66,110.0
2025-06-02 13:00:00+00:00,205.32,205.8,203.17,203.375,111628.0
2025-06-02 14:00:00+00:00,203.19,204.985,202.67,204.91,113785.0
2025-06-02 15:00:00+00:00,204.93,205.55,204.68,205.32,90989.0
2025-06-02 16:00:00+00:00,205.34,205.46,204.925,205.34,55803.0
2025-06-02 17:00:00+00:00,205.38,205.48,204.76,204.97,90690.0
2025-06-02 18:00:00+00:00,204.94,205.54,204.65,205.54,83235.0
2025-06-02 19:00:00+00:00,205.54,205.83,205.4,205.76,211598.0
2025-06-02 20:00:00+00:00,205.78,206.06,205.78,205.83,10268.0
2025-06-03 12:00:00+00:00,206.28,206.34,206.28,206.34,718.0
2025-06-03 13:00:00+00:00,206.37,206.75,205.57,206.01,71825.0
2025-06-03 14:00:00+00:00,206.07,208.23,205.61,208.08,125505.0
2025-06-03 15:00:00+00:00,208.075,208.97,208.02,208.97,104143.0
2025-06-03 16:00:00+00:00,208.95,209.2,208.78,209.11,123426.0
2025-06-03 17:00:00+00:00,209.1,209.6,209.01,209.33,101034.0
2025-06-03 18:00:00+00:00,209.345,209.5,208.74,209.27,223364.0
2025-06-03 19:00:00+00:00,209.31,209.33,208.53,209.06,281719.0
2025-06-03 20:00:00+00:00,208.96,209.18,208.87,209.18,11555.0
2025-06-04 12:00:00+00:00,209.22,209.22,208.81,208.81,620.0
2025-06-04 13:00:00+00:00,208.95,210.0,208.83,209.34,70254.0
2025-06-04 14:00:00+00:00,209.3,209.31,208.14,208.68,152654.0
2025-06-04 15:00:00+00:00,208.66,208.9,208.41,208.6,152534.0
2025-06-04 16:00:00+00:00,208.57,208.79,208.2,208.71,118177.0
2025-06-04 17:00:00+00:00,208.775,209.195,208.775,209.19,70309.0
2025-06-04 18:00:00+00:00,209.185,209.29,208.7,208.755,191623.0
2025-06-04 19:00:00+00:00,208.74,208.95,208.44,208.44,276712.0
2025-06-04 20:00:00+00:00,208.42,208.5,208.4,208.44,3500.0
2025-06-05 12:00:00+00:00,208.76,209.87,208.76,209.13,1466.0
2025-06-05 13:00:00+00:00,209.07,209.07,207.03,207.405,86731.0
2025-06-05 14:00:00+00:00,207.57,208.79,207.42,208.71,173536.0
2025-06-05 15:00:00+00:00,208.7,209.6,208.64,209.51,85628.0
2025-06-05 16:00:00+00:00,209.51,209.83,208.3,208.465,98364.0
2025-06-05 17:00:00+00:00,208.44,209.69,208.37,209.47,85441.0
2025-06-05 18:00:00+00:00,209.47,209.605,208.47,209.12,120770.0
2025-06-05 19:00:00+00:00,209.11,209.25,207.49,208.51,211022.0
2025-06-05 20:00:00+00:00,208.69,208.7,208.67,208.7,1500.0
2025-06-06 12:00:00+00:00,210.77,211.23,210.77,211.17,1650.0
2025-06-06 13:00:00+00:00,211.43,212.11,210.74,211.06,160628.0
2025-06-06 14:00:00+00:00,211.04,211.81,210.63,211.655,131503.0
2025-06-06 15:00:00+00:00,211.65,212.08,210.69,211.54,101959.0
2025-06-06 16:00:00+00:00,211.55,211.78,210.88,211.07,80108.0
2025-06-06 17:00:00+00:00,211.09,211.27,210.87,211.18,60246.0
2025-06-06 18:00:00+00:00,211.19,211.52,211.13,211.36,96354.0
2025-06-06 19:00:00+00:00,211.32,212.09,211.32,211.89,261488.0
2025-06-06 20:00:00+00:00,211.88,212.03,211.75,212.02,5706.0
2025-06-09 13:00:00+00:00,213.83,213.935,212.58,212.845,123420.0
2025-06-09 14:00:00+00:00,212.85,213.71,212.59,212.86,236484.0
2025-06-09 15:00:00+00:00,212.91,213.285,212.86,213.19,118052.0
2025-06-09 16:00:00+00:00,213.18,213.725,213.1,213.49,99672.0
2025-06-09 17:00:00+00:00,213.5,214.08,213.48,213.99,56719.0
2025-06-09 18:00:00+00:00,214.04,214.245,213.86,214.14,70592.0
2025-06-09 19:00:00+00:00,214.145,214.175,213.23,213.3,237833.0
2025-06-09 20:00:00+00:00,213.34,213.37,213.29,213.31,7699.0
2025-06-10 13:00:00+00:00,214.52,214.62,214.01,214.485,40260.0
2025-06-10 14:00:00+00:00,214.54,215.395,214.52,214.78,112246.0
2025-06-10 15:00:00+00:00,214.8,215.08,214.24,214.68,89356.0
2025-06-10 16:00:00+00:00,214.7,214.99,214.555,214.91,57462.0
2025-06-10 17:00:00+00:00,214.87,214.915,214.24,214.24,102415.0
2025-06-10 18:00:00+00:00,214.225,214.605,213.83,214.495,94871.0
2025-06-10 19:00:00+00:00,214.465,214.83,214.0,214.51,213721.0
2025-06-10 20:00:00+00:00,214.48,214.57,214.31,214.56,7419.0
2025-06-11 12:00:00+00:00,214.56,217.47,214.44,217.47,480.0
2025-06-11 13:00:00+00:00,216.05,216.05,214.61,215.08,69534.0
2025-06-11 14:00:00+00:00,215.12,215.91,214.9,215.59,68180.0
2025-06-11 15:00:00+00:00,215.69,215.89,214.98,215.08,56895.0
2025-06-11 16:00:00+00:00,215.11,215.16,214.235,214.89,59076.0
2025-06-11 17:00:00+00:00,214.9,215.53,214.855,214.925,46657.0
2025-06-11 18:00:00+00:00,214.89,215.07,213.35,213.83,90009.0
2025-06-11 19:00:00+00:00,213.87,213.985,213.34,213.65,159356.0
2025-06-12 12:00:00+00:00,212.25,212.25,212.1,212.1,240.0
2025-06-12 13:00:00+00:00,212.1,212.395,211.66,211.95,78903.0
2025-06-12 14:00:00+00:00,212.01,213.25,211.845,212.78,110033.0
2025-06-12 15:00:00+00:00,212.815,213.14,211.94,212.395,68103.0
2025-06-12 16:00:00+00:00,212.425,212.765,212.11,212.57,57328.0
2025-06-12 17:00:00+00:00,212.57,213.04,212.57,212.88,40041.0
2025-06-12 18:00:00+00:00,212.94,213.08,212.52,212.765,33717.0
2025-06-12 19:00:00+00:00,212.68,212.795,212.35,212.78,124244.0
2025-06-12 20:00:00+00:00,212.77,212.77,212.65,212.67,4570.0
2025-06-13 12:00:00+00:00,210.0,210.06,209.91,209.97,860.0
2025-06-13 13:00:00+00:00,209.82,210.92,209.06,209.17,178435.0
2025-06-13 14:00:00+00:00,209.445,210.295,209.155,210.27,175755.0
2025-06-13 15:00:00+00:00,210.305,211.15,210.175,210.95,167798.0
2025-06-13 16:00:00+00:00,210.94,211.44,210.65,211.03,140558.0
2025-06-13 17:00:00+00:00,210.96,211.12,210.19,210.33,226006.0
2025-06-13 18:00:00+00:00,210.34,210.525,208.52,209.42,298552.0
2025-06-13 19:00:00+00:00,209.47,209.52,208.22,208.92,488186.0
2025-06-16 12:00:00+00:00,210.97,210.97,210.97,210.97,100.0
2025-06-16 13:00:00+00:00,210.51,211.025,209.64,210.65,111071.0
2025-06-16 14:00:00+00:00,210.77,211.94,210.59,211.67,171145.0
2025-06-16 15:00:00+00:00,211.67,211.67,210.47,210.625,97087.0
2025-06-16 16:00:00+00:00,210.635,211.21,210.61,210.97,81645.0
2025-06-16 17:00:00+00:00,210.94,211.27,210.585,210.66,102403.0
2025-06-16 18:00:00+00:00,210.645,210.89,210.21,210.48,92855.0
2025-06-16 19:00:00+00:00,210.5,210.77,210.15,210.765,225978.0
2025-06-16 20:00:00+00:00,210.81,210.81,210.81,210.81,320.0
2025-06-17 12:00:00+00:00,209.14,209.14,209.14,209.14,100.0
2025-06-17 13:00:00+00:00,209.13,210.23,208.955,210.13,67290.0
2025-06-17 14:00:00+00:00,210.235,210.37,209.67,209.965,79562.0
2025-06-17 15:00:00+00:00,209.94,210.45,209.67,209.74,71263.0
2025-06-17 16:00:00+00:00,209.74,210.41,209.43,209.48,84036.0
2025-06-17 17:00:00+00:00,209.445,209.75,208.68,209.12,131009.0
2025-06-17 18:00:00+00:00,209.07,209.19,208.43,208.985,100841.0
2025-06-17 19:00:00+00:00,208.985,209.03,208.375,208.5,191171.0
2025-06-17 20:00:00+00:00,208.58,208.58,208.58,208.58,165.0
2025-06-18 12:00:00+00:00,208.54,208.54,208.54,208.54,320.0
2025-06-18 13:00:00+00:00,208.36,209.43,207.79,209.17,67378.0
2025-06-18 14:00:00+00:00,209.2,211.01,209.12,210.96,133705.0
2025-06-18 15:00:00+00:00,210.96,211.11,210.5,210.55,68476.0
2025-06-18 16:00:00+00:00,210.55,210.98,210.53,210.635,38358.0
2025-06-18 17:00:00+00:00,210.56,210.74,210.02,210.44,50533.0
2025-06-18 18:00:00+00:00,210.67,211.38,209.18,209.38,126907.0
2025-06-18 19:00:00+00:00,209.17,210.23,209.04,209.64,249059.0
2025-06-20 12:00:00+00:00,211.58,212.25,211.58,212.25,1060.0
2025-06-20 13:00:00+00:00,211.15,211.23,210.09,210.52,84855.0
2025-06-20 14:00:00+00:00,210.6,210.8,209.26,209.44,140696.0
2025-06-20 15:00:00+00:00,209.36,209.82,209.0,209.01,150583.0
2025-06-20 16:00:00+00:00,209.02,209.57,208.98,209.38,85043.0
2025-06-20 17:00:00+00:00,209.33,209.58,208.47,208.865,105281.0
2025-06-20 18:00:00+00:00,208.84,209.41,208.8,208.9,62338.0
2025-06-20 19:00:00+00:00,208.88,209.65,208.86,209.28,232071.0
2025-06-23 13:00:00+00:00,208.51,209.61,207.66,209.61,50990.0
2025-06-23 14:00:00+00:00,209.605,210.69,209.53,209.53,83103.0
2025-06-23 15:00:00+00:00,209.55,209.99,209.03,209.03,50991.0
2025-06-23 16:00:00+00:00,209.07,209.07,206.83,207.43,96154.0
2025-06-23 17:00:00+00:00,207.42,210.23,207.42,210.21,126586.0
2025-06-23 18:00:00+00:00,210.22,210.68,210.15,210.65,96299.0
2025-06-23 19:00:00+00:00,210.615,211.76,210.615,211.75,331283.0
2025-06-23 20:00:00+00:00,211.72,211.72,211.4,211.44,11237.0
2025-06-24 12:00:00+00:00,213.43,213.64,213.37,213.52,1762.0
2025-06-24 13:00:00+00:00,213.31,213.57,212.4,212.54,89355.0
2025-06-24 14:00:00+00:00,212.47,214.45,212.45,214.24,129879.0
2025-06-24 15:00:00+00:00,214.3,214.64,213.99,214.02,115409.0
2025-06-24 16:00:00+00:00,214.0,214.41,214.0,214.255,71457.0
2025-06-24 17:00:00+00:00,214.285,214.315,213.905,214.28,76200.0
2025-06-24 18:00:00+00:00,214.31,214.93,214.31,214.62,75833.0
2025-06-24 19:00:00+00:00,214.65,214.845,214.31,214.425,222317.0
2025-06-24 20:00:00+00:00,214.33,214.39,214.22,214.23,6028.0
2025-06-25 13:00:00+00:00,214.71,214.73,213.135,213.385,63271.0
2025-06-25 14:00:00+00:00,213.4,213.44,212.47,212.71,98963.0
2025-06-25 15:00:00+00:00,212.72,212.86,212.23,212.76,55991.0
2025-06-25 16:00:00+00:00,212.72,213.04,212.49,212.545,77426.0
2025-06-25 17:00:00+00:00,212.53,212.825,212.18,212.46,55704.0
2025-06-25 18:00:00+00:00,212.46,212.8,212.38,212.51,50109.0
2025-06-25 19:00:00+00:00,212.555,212.83,211.895,212.01,203631.0
2025-06-25 20:00:00+00:00,211.93,211.95,211.66,211.83,12550.0
2025-06-26 12:00:00+00:00,212.74,212.74,212.73,212.73,480.0
2025-06-26 13:00:00+00:00,212.65,213.46,212.65,212.775,81711.0
2025-06-26 14:00:00+00:00,212.87,214.22,212.87,214.05,136415.0
2025-06-26 15:00:00+00:00,214.05,214.31,213.52,213.71,60541.0
2025-06-26 16:00:00+00:00,213.69,214.355,213.69,214.09,52924.0
2025-06-26 17:00:00+00:00,214.07,214.215,213.84,213.96,80826.0
2025-06-26 18:00:00+00:00,213.93,214.53,213.91,214.49,67053.0
2025-06-26 19:00:00+00:00,214.57,215.54,214.57,215.38,255005.0
2025-06-26 20:00:00+00:00,215.3,215.56,215.19,215.56,18075.0
2025-06-27 12:00:00+00:00,216.45,216.45,216.45,216.45,200.0
2025-06-27 13:00:00+00:00,216.04,216.11,215.225,215.9,90579.0
2025-06-27 14:00:00+00:00,215.92,217.175,215.81,216.69,249910.0
2025-06-27 15:00:00+00:00,216.61,217.04,216.26,216.59,105483.0
2025-06-27 16:00:00+00:00,216.6,217.4,216.54,216.84,105748.0
2025-06-27 17:00:00+00:00,216.77,216.875,215.395,215.68,97384.0
2025-06-27 18:00:00+00:00,215.71,215.925,214.15,214.27,118746.0
2025-06-27 19:00:00+00:00,214.24,215.82,214.15,215.45,335143.0
2025-06-27 20:00:00+00:00,215.32,215.53,215.32,215.53,6360.0
2025-06-30 12:00:00+00:00,216.75,216.75,216.57,216.61,920.0
2025-06-30 13:00:00+00:00,216.69,216.87,215.96,216.32,70971.0
2025-06-30 14:00:00+00:00,216.32,216.38,215.67,216.0,69286.0
2025-06-30 15:00:00+00:00,216.08,216.16,215.735,215.89,52188.0
2025-06-30 16:00:00+00:00,215.94,216.12,215.56,215.925,37071.0
2025-06-30 17:00:00+00:00,215.95,216.145,215.41,215.68,75207.0
2025-06-30 18:00:00+00:00,215.66,216.26,215.66,216.205,73987.0
2025-06-30 19:00:00+00:00,216.25,216.47,215.795,215.84,240052.0
2025-06-30 20:00:00+00:00,215.81,215.81,215.42,215.73,6884.0
2025-07-01 12:00:00+00:00,214.89,214.89,214.65,214.65,300.0
2025-07-01 13:00:00+00:00,214.58,215.63,214.16,215.29,55143.0
2025-07-01 14:00:00+00:00,215.25,215.945,215.16,215.57,106380.0
2025-07-01 15:00:00+00:00,215.6,218.55,215.6,218.55,163552.0
2025-07-01 16:00:00+00:00,218.58,220.51,218.28,218.3,190148.0
2025-07-01 17:00:00+00:00,218.29,219.75,218.09,219.315,100454.0
2025-07-01 18:00:00+00:00,219.315,219.33,218.75,218.88,111473.0
2025-07-01 19:00:00+00:00,218.82,218.82,217.805,218.02,245769.0
2025-07-01 20:00:00+00:00,217.89,218.06,217.87,218.0,21718.0
2025-07-02 12:00:00+00:00,218.19,218.19,218.19,218.19,100.0
2025-07-02 13:00:00+00:00,218.19,218.46,217.38,218.115,150932.0
2025-07-02 14:00:00+00:00,218.17,219.74,217.96,219.715,175980.0
2025-07-02 15:00:00+00:00,219.71,220.16,219.31,219.69,107437.0
2025-07-02 16:00:00+00:00,219.62,220.245,219.27,219.965,64771.0
2025-07-02 17:00:00+00:00,219.99,220.18,219.48,220.13,92204.0
2025-07-02 18:00:00+00:00,220.12,220.84,220.075,220.52,87030.0
2025-07-02 19:00:00+00:00,220.52,221.09,220.43,220.99,297491.0
2025-07-02 20:00:00+00:00,221.04,221.12,221.03,221.03,17668.0
2025-07-03 12:00:00+00:00,222.87,223.09,222.14,222.34,1080.0
2025-07-03 13:00:00+00:00,222.08,223.0,221.825,222.33,88990.0
2025-07-03 14:00:00+00:00,222.34,223.25,222.28,222.95,103564.0
2025-07-03 15:00:00+00:00,222.96,223.33,222.49,222.89,125430.0
2025-07-03 16:00:00+00:00,222.89,223.28,222.61,222.97,195580.0
2025-07-03 17:00:00+00:00,223.25,223.25,223.14,223.14,3300.0
2025-07-07 12:00:00+00:00,221.93,221.93,221.93,221.93,200.0
2025-07-07 13:00:00+00:00,221.55,222.22,221.09,222.19,104452.0
2025-07-07 14:00:00+00:00,222.15,222.81,221.035,221.07,134701.0
2025-07-07 15:00:00+00:00,221.17,221.3,220.29,220.75,123432.0
2025-07-07 16:00:00+00:00,220.77,221.18,219.37,219.525,110190.0
2025-07-07 17:00:00+00:00,219.535,220.69,219.5,219.98,114852.0
2025-07-07 18:00:00+00:00,219.95,220.065,218.45,219.88,147875.0
2025-07-07 19:00:00+00:00,219.88,219.96,219.275,219.82,348694.0
2025-07-07 20:00:00+00:00,219.6,219.62,219.46,219.51,10667.0
2025-07-08 12:00:00+00:00,220.42,220.42,220.42,220.42,100.0
2025-07-08 13:00:00+00:00,220.53,221.43,220.35,221.25,104245.0
2025-07-08 14:00:00+00:00,221.2,221.58,220.41,221.18,256854.0
2025-07-08 15:00:00+00:00,221.21,221.86,221.0,221.735,80665.0
2025-07-08 16:00:00+00:00,221.75,222.29,221.205,221.65,121840.0
2025-07-08 17:00:00+00:00,221.67,222.01,221.23,221.92,41958.0
2025-07-08 18:00:00+00:00,221.88,222.01,221.42,221.51,54991.0
2025-07-08 19:00:00+00:00,221.58,221.66,221.07,221.27,220325.0
2025-07-08 20:00:00+00:00,221.25,221.39,221.25,221.38,8318.0
2025-07-09 12:00:00+00:00,221.66,221.66,221.66,221.66,190.0
2025-07-09 13:00:00+00:00,222.47,223.13,222.18,222.48,87812.0
2025-07-09 14:00:00+00:00,222.49,222.62,221.2,221.38,111804.0
2025-07-09 15:00:00+00:00,221.37,222.16,221.12,222.12,72464.0
2025-07-09 16:00:00+00:00,222.075,222.425,221.995,222.3,102138.0
2025-07-09 17:00:00+00:00,222.29,222.98,222.21,222.86,70875.0
2025-07-09 18:00:00+00:00,222.86,223.41,222.65,222.95,77920.0
2025-07-09 19:00:00+00:00,222.94,223.69,222.725,223.64,262517.0
2025-07-09 20:00:00+00:00,223.66,223.85,223.51,223.6,17770.0
2025-07-10 13:00:00+00:00,223.12,223.74,222.915,223.525,47532.0
2025-07-10 14:00:00+00:00,223.565,224.77,223.48,224.7,101729.0
2025-07-10 15:00:00+00:00,224.71,225.14,224.59,225.115,130336.0
2025-07-10 16:00:00+00:00,225.105,225.5,225.05,225.255,73823.0
2025-07-10 17:00:00+00:00,225.24,226.05,225.24,225.79,67385.0
2025-07-10 18:00:00+00:00,225.77,225.77,225.08,225.18,112055.0
2025-07-10 19:00:00+00:00,225.17,225.615,224.64,224.79,196956.0
2025-07-10 20:00:00+00:00,224.78,224.89,224.63,224.89,20338.0
2025-07-11 13:00:00+00:00,223.18,223.53,222.25,222.915,69920.0
2025-07-11 14:00:00+00:00,222.9,223.23,222.08,222.6,139902.0
2025-07-11 15:00:00+00:00,222.59,222.725,222.07,222.13,75400.0
2025-07-11 16:00:00+00:00,222.1,222.54,221.72,222.505,120183.0
2025-07-11 17:00:00+00:00,222.48,222.65,222.0,222.4,68612.0
2025-07-11 18:00:00+00:00,222.44,222.74,222.17,222.45,59183.0
2025-07-11 19:00:00+00:00,222.42,222.455,221.575,221.75,223197.0
2025-07-11 20:00:00+00:00,221.62,221.82,221.62,221.7,9742.0
2025-07-14 12:00:00+00:00,220.83,220.83,220.83,220.83,190.0
2025-07-14 13:00:00+00:00,221.37,222.63,221.06,221.74,91607.0
2025-07-14 14:00:00+00:00,221.81,222.66,221.63,222.21,74214.0
2025-07-14 15:00:00+00:00,222.11,222.5,221.67,222.245,37586.0
2025-07-14 16:00:00+00:00,222.24,222.77,221.95,222.74,46243.0
2025-07-14 17:00:00+00:00,222.71,222.97,222.53,222.68,46502.0
2025-07-14 18:00:00+00:00,222.665,223.11,222.665,222.865,43261.0
2025-07-14 19:00:00+00:00,222.95,223.335,222.73,223.21,186099.0
2025-07-14 20:00:00+00:00,223.18,223.18,222.98,222.99,12110.0
2025-07-15 12:00:00+00:00,223.84,223.84,223.35,223.47,1190.0
2025-07-15 13:00:00+00:00,223.94,224.205,222.09,222.13,106313.0
2025-07-15 14:00:00+00:00,222.205,222.635,220.885,221.0,148540.0
2025-07-15 15:00:00+00:00,221.04,221.72,220.7,220.965,91418.0
2025-07-15 16:00:00+00:00,221.06,221.35,219.89,219.89,109231.0
2025-07-15 17:00:00+00:00,220.085,220.625,219.71,220.33,81702.0
2025-07-15 18:00:00+00:00,220.425,220.72,219.69,219.69,84210.0
2025-07-15 19:00:00+00:00,219.59,220.095,218.82,218.92,258994.0
2025-07-15 20:00:00+00:00,218.9,218.9,218.51,218.51,14198.0
2025-07-16 12:00:00+00:00,220.26,220.72,220.11,220.11,1100.0
2025-07-16 13:00:00+00:00,220.175,220.65,219.13,219.4,92333.0
2025-07-16 14:00:00+00:00,219.525,220.615,219.525,219.92,128189.0
2025-07-16 15:00:00+00:00,219.94,220.49,216.925,219.2,291697.0
2025-07-16 16:00:00+00:00,219.18,220.11,218.76,220.09,68110.0
2025-07-16 17:00:00+00:00,220.06,220.42,219.88,220.21,46220.0
2025-07-16 18:00:00+00:00,220.23,220.79,219.945,220.78,34575.0
2025-07-16 19:00:00+00:00,220.74,221.35,220.53,221.02,176318.0
2025-07-16 20:00:00+00:00,220.91,220.95,220.78,220.84,12618.0
2025-07-17 12:00:00+00:00,220.06,221.15,220.06,221.15,500.0
2025-07-17 13:00:00+00:00,221.19,223.325,220.74,222.63,67294.0
2025-07-17 14:00:00+00:00,222.81,223.655,222.41,222.77,78398.0
2025-07-17 15:00:00+00:00,222.79,223.965,222.66,223.89,124138.0
2025-07-17 16:00:00+00:00,223.875,223.88,222.905,223.2,82096.0
2025-07-17 17:00:00+00:00,223.195,223.43,222.84,223.37,69276.0
2025-07-17 18:00:00+00:00,223.36,223.73,223.1,223.73,72082.0
2025-07-17 19:00:00+00:00,223.73,224.195,223.57,223.83,216949.0
2025-07-17 20:00:00+00:00,223.8,223.8,223.74,223.74,7632.0
2025-07-18 12:00:00+00:00,224.71,224.95,224.71,224.95,340.0
2025-07-18 13:00:00+00:00,225.15,225.315,224.25,224.32,68194.0
2025-07-18 14:00:00+00:00,224.39,224.79,222.7,222.79,94100.0
2025-07-18 15:00:00+00:00,222.83,223.58,222.69,223.47,82022.0
2025-07-18 16:00:00+00:00,223.47,223.6,222.05,222.155,132746.0
2025-07-18 17:00:00+00:00,222.23,222.66,221.99,222.49,125125.0
2025-07-18 18:00:00+00:00,222.5,222.59,221.98,222.125,140042.0
2025-07-18 19:00:00+00:00,222.08,222.525,222.0,222.3,212098.0
2025-07-18 20:00:00+00:00,222.29,222.33,222.19,222.23,14723.0
2025-07-21 13:00:00+00:00,223.525,223.96,223.26,223.955,51631.0
2025-07-21 14:00:00+00:00,224.03,224.405,223.64,224.27,112064.0
2025-07-21 15:00:00+00:00,224.275,224.36,223.62,223.635,81456.0
2025-07-21 16:00:00+00:00,223.64,223.7,222.67,222.99,86353.0
2025-07-21 17:00:00+00:00,223.02,223.35,222.81,223.0,57381.0
2025-07-21 18:00:00+00:00,222.99,223.23,222.33,222.38,79579.0
2025-07-21 19:00:00+00:00,222.43,222.44,221.26,221.45,225698.0
2025-07-21 20:00:00+00:00,221.59,221.63,221.5,221.63,5623.0
2025-07-22 13:00:00+00:00,221.7,222.57,220.68,220.995,115571.0
2025-07-22 14:00:00+00:00,220.99,222.79,220.95,222.56,96473.0
2025-07-22 15:00:00+00:00,222.52,223.0,222.15,222.69,42713.0
2025-07-22 16:00:00+00:00,222.7,222.865,222.1,222.54,36168.0
2025-07-22 17:00:00+00:00,222.515,223.195,222.42,222.95,43450.0
2025-07-22 18:00:00+00:00,222.95,223.68,222.79,223.56,85322.0
2025-07-22 19:00:00+00:00,223.56,223.805,223.24,223.285,169407.0
2025-07-22 20:00:00+00:00,223.23,223.36,223.23,223.36,5474.0
2025-07-23 12:00:00+00:00,225.23,225.23,224.76,224.76,200.0
2025-07-23 13:00:00+00:00,224.97,225.1,224.09,224.355,114586.0
2025-07-23 14:00:00+00:00,224.45,225.79,224.4,225.64,151457.0
2025-07-23 15:00:00+00:00,225.73,226.02,225.06,225.63,142046.0
2025-07-23 16:00:00+00:00,225.58,226.11,225.37,225.54,79012.0
2025-07-23 17:00:00+00:00,225.54,225.855,224.94,225.25,104950.0
2025-07-23 18:00:00+00:00,225.3,226.005,225.24,225.7,108542.0
2025-07-23 19:00:00+00:00,225.76,226.695,225.76,226.67,277431.0
2025-07-24 12:00:00+00:00,225.74,225.74,225.74,225.74,100.0
2025-07-24 13:00:00+00:00,225.43,225.82,225.085,225.42,64607.0
2025-07-24 14:00:00+00:00,225.39,225.61,224.64,225.35,201887.0
2025-07-24 15:00:00+00:00,225.325,225.47,224.495,224.65,64011.0
2025-07-24 16:00:00+00:00,224.72,224.72,223.89,224.07,85870.0
2025-07-24 17:00:00+00:00,224.05,224.61,223.98,224.44,43766.0
2025-07-24 18:00:00+00:00,224.475,224.67,223.95,224.25,58662.0
2025-07-24 19:00:00+00:00,224.17,224.42,223.48,223.595,186532.0
2025-07-24 20:00:00+00:00,223.6,223.6,223.49,223.51,4075.0
2025-07-25 13:00:00+00:00,224.36,224.44,222.71,223.27,122456.0
2025-07-25 14:00:00+00:00,223.27,223.51,222.55,223.03,76938.0
2025-07-25 15:00:00+00:00,223.08,223.395,222.89,223.395,48707.0
2025-07-25 16:00:00+00:00,223.405,223.85,223.075,223.8,75369.0
2025-07-25 17:00:00+00:00,223.825,224.22,223.82,224.05,56580.0
2025-07-25 18:00:00+00:00,224.04,224.4,223.98,224.25,38683.0
2025-07-25 19:00:00+00:00,224.3,224.59,224.16,224.41,137598.0
2025-07-25 20:00:00+00:00,224.31,224.32,224.21,224.28,10709.0
2025-07-28 12:00:00+00:00,225.26,225.27,225.26,225.27,200.0
2025-07-28 13:00:00+00:00,225.91,225.91,223.85,224.05,41332.0
2025-07-28 14:00:00+00:00,224.1,224.73,223.93,224.27,41193.0
2025-07-28 15:00:00+00:00,224.21,224.34,223.69,224.255,23260.0
2025-07-28 16:00:00+00:00,224.27,224.67,224.05,224.15,42212.0
2025-07-28 17:00:00+00:00,224.15,224.29,223.755,223.77,27966.0
2025-07-28 18:00:00+00:00,223.78,224.13,223.45,224.04,44278.0
2025-07-28 19:00:00+00:00,224.005,224.23,223.77,224.165,217832.0
2025-07-28 20:00:00+00:00,224.16,224.34,224.15,224.17,7851.0
2025-07-29 13:00:00+00:00,225.59,225.675,224.28,224.41,48839.0
2025-07-29 14:00:00+00:00,224.48,224.77,223.68,223.72,56128.0
2025-07-29 15:00:00+00:00,223.78,223.93,222.055,222.89,114949.0
2025-07-29 16:00:00+00:00,222.85,223.07,222.36,223.06,53497.0
2025-07-29 17:00:00+00:00,223.03,223.47,222.6,222.97,49497.0
2025-07-29 18:00:00+00:00,222.94,223.275,222.84,223.21,63337.0
2025-07-29 19:00:00+00:00,223.245,223.375,222.38,222.685,165781.0
2025-07-29 20:00:00+00:00,222.74,222.75,222.67,222.69,4363.0
2025-07-30 13:00:00+00:00,223.595,223.96,223.3,223.81,51545.0
2025-07-30 14:00:00+00:00,223.85,224.47,223.585,224.38,66257.0
2025-07-30 15:00:00+00:00,224.375,224.535,223.6,223.86,52801.0
2025-07-30 16:00:00+00:00,224.0,224.775,223.93,224.65,57157.0
2025-07-30 17:00:00+00:00,224.63,224.93,224.45,224.64,53725.0
2025-07-30 18:00:00+00:00,224.61,224.81,221.66,221.8,226569.0
2025-07-30 19:00:00+00:00,221.79,221.865,220.135,221.55,496212.0
2025-07-30 20:00:00+00:00,220.12,220.12,220.12,220.12,1060.0
2025-07-31 13:00:00+00:00,220.455,221.67,219.9,221.6,144633.0
2025-07-31 14:00:00+00:00,221.62,222.02,220.215,220.23,108782.0
2025-07-31 15:00:00+00:00,220.27,221.01,219.89,220.91,113584.0
2025-07-31 16:00:00+00:00,220.925,221.48,220.76,221.27,74991.0
2025-07-31 17:00:00+00:00,221.27,221.27,219.34,219.48,150379.0
2025-07-31 18:00:00+00:00,219.45,220.24,218.88,220.0,148002.0
2025-07-31 19:00:00+00:00,219.995,220.38,219.07,219.41,317169.0
2025-08-01 13:00:00+00:00,215.55,216.29,212.89,213.27,143633.0
2025-08-01 14:00:00+00:00,213.225,215.21,212.375,214.18,185488.0
2025-08-01 15:00:00+00:00,214.185,215.77,213.67,215.69,116634.0
2025-08-01 16:00:00+00:00,215.64,216.49,214.88,214.93,132308.0
2025-08-01 17:00:00+00:00,214.94,215.23,214.34,214.55,109492.0
2025-08-01 18:00:00+00:00,214.53,215.84,214.13,215.03,98631.0
2025-08-01 19:00:00+00:00,215.02,215.54,214.71,214.925,246112.0
2025-08-01 20:00:00+00:00,214.92,215.11,214.92,215.11,5830.0
2025-08-04 13:00:00+00:00,216.5,217.0,216.1,216.74,97149.0
2025-08-04 14:00:00+00:00,216.78,217.7,216.78,217.53,98893.0
2025-08-04 15:00:00+00:00,217.51,218.25,217.35,218.22,79670.0
2025-08-04 16:00:00+00:00,218.225,218.95,218.11,218.555,138881.0
2025-08-04 17:00:00+00:00,218.6,218.78,218.39,218.41,49696.0
2025-08-04 18:00:00+00:00,218.45,219.07,218.45,218.91,138591.0
2025-08-04 19:00:00+00:00,218.94,219.69,218.94,219.69,240784.0
2025-08-04 20:00:00+00:00,219.55,219.64,219.55,219.64,3500.0
2025-08-05 13:00:00+00:00,220.51,221.25,219.955,221.03,70206.0
2025-08-05 14:00:00+00:00,220.635,220.83,218.25,219.015,184936.0
2025-08-05 15:00:00+00:00,218.985,219.5,218.85,219.46,67018.0
2025-08-05 16:00:00+00:00,219.47,220.53,219.4,220.29,121178.0
2025-08-05 17:00:00+00:00,220.24,221.005,220.09,220.92,73921.0
2025-08-05 18:00:00+00:00,220.905,220.93,219.94,220.38,60375.0
2025-08-05 19:00:00+00:00,220.39,221.03,220.39,220.86,185908.0
2025-08-05 20:00:00+00:00,220.9,220.95,220.82,220.92,2330.0
2025-08-06 12:00:00+00:00,220.73,220.73,220.73,220.73,100.0
2025-08-06 13:00:00+00:00,220.96,220.96,219.7,219.945,64541.0
2025-08-06 14:00:00+00:00,219.955,220.6,219.41,220.31,69318.0
2025-08-06 15:00:00+00:00,220.31,220.8,219.86,220.55,102512.0
2025-08-06 16:00:00+00:00,220.57,220.71,220.04,220.24,53242.0
2025-08-06 17:00:00+00:00,220.27,220.47,220.08,220.21,36284.0
2025-08-06 18:00:00+00:00,220.35,220.63,220.21,220.26,48885.0
2025-08-06 19:00:00+00:00,220.27,220.865,220.27,220.555,119142.0
2025-08-06 20:00:00+00:00,220.55,220.58,220.48,220.58,4054.0
2025-08-07 13:00:00+00:00,222.68,222.83,221.11,221.53,77577.0
2025-08-07 14:00:00+00:00,221.675,221.695,219.34,219.515,103633.0
2025-08-07 15:00:00+00:00,219.51,219.825,218.81,219.28,126364.0
2025-08-07 16:00:00+00:00,219.32,220.17,218.75,219.26,79045.0
2025-08-07 17:00:00+00:00,219.32,219.65,218.64,219.26,68113.0
2025-08-07 18:00:00+00:00,219.39,219.46,218.52,219.35,100230.0
2025-08-07 19:00:00+00:00,219.37,219.89,218.895,219.87,170590.0
2025-08-07 20:00:00+00:00,220.01,220.13,219.98,220.13,3608.0
2025-08-08 13:00:00+00:00,221.055,221.21,220.16,220.47,92541.0
2025-08-08 14:00:00+00:00,220.54,221.51,220.52,220.6,111352.0
2025-08-08 15:00:00+00:00,220.57,220.64,219.78,220.4,80590.0
2025-08-08 16:00:00+00:00,220.38,221.32,220.265,220.295,80391.0
2025-08-08 17:00:00+00:00,220.31,220.785,220.1,220.56,64550.0
2025-08-08 18:00:00+00:00,220.6,220.76,220.28,220.59,68137.0
2025-08-08 19:00:00+00:00,220.58,220.79,219.92,220.33,162725.0
2025-08-08 20:00:00+00:00,220.5,220.74,220.5,220.74,2600.0
2025-08-11 13:00:00+00:00,220.755,221.585,220.545,221.22,37044.0
2025-08-11 14:00:00+00:00,221.27,221.415,220.05,220.05,86490.0
2025-08-11 15:00:00+00:00,220.045,220.8,219.98,220.78,72566.0
2025-08-11 16:00:00+00:00,220.795,221.24,220.245,220.4,89273.0
2025-08-11 17:00:00+00:00,220.41,220.49,219.91,220.28,111794.0
2025-08-11 18:00:00+00:00,220.265,220.395,219.86,220.22,80429.0
2025-08-11 19:00:00+00:00,220.275,220.36,219.81,220.27,256252.0
2025-08-11 20:00:00+00:00,220.34,220.34,220.15,220.22,17557.0
2025-08-12 12:00:00+00:00,220.89,223.53,220.89,223.21,1398.0
2025-08-12 13:00:00+00:00,222.61,222.82,221.17,222.16,177304.0
2025-08-12 14:00:00+00:00,222.13,224.61,222.015,224.34,240505.0
2025-08-12 15:00:00+00:00,224.31,225.08,224.145,224.98,126596.0
2025-08-12 16:00:00+00:00,224.95,225.22,224.76,225.18,81916.0
2025-08-12 17:00:00+00:00,225.16,225.76,225.07,225.615,103210.0
2025-08-12 18:00:00+00:00,225.675,226.3,225.675,225.93,190913.0
2025-08-12 19:00:00+00:00,225.94,226.95,225.94,226.775,295586.0
2025-08-12 20:00:00+00:00,226.76,226.96,226.71,226.96,16485.0
2025-08-13 12:00:00+00:00,228.55,228.55,228.41,228.47,400.0
2025-08-13 13:00:00+00:00,228.325,229.26,227.84,228.61,199675.0
2025-08-13 14:00:00+00:00,228.66,229.245,228.11,228.19,114863.0
2025-08-13 15:00:00+00:00,228.21,229.66,228.17,229.2,120297.0
2025-08-13 16:00:00+00:00,229.29,230.02,229.29,229.91,76588.0
2025-08-13 17:00:00+00:00,229.95,230.23,229.57,229.89,74229.0
2025-08-13 18:00:00+00:00,229.845,230.42,229.84,230.39,70674.0
2025-08-13 19:00:00+00:00,230.395,231.455,230.36,231.27,398583.0
2025-08-13 20:00:00+00:00,231.38,231.4,231.12,231.12,7588.0
2025-08-14 12:00:00+00:00,230.49,230.49,228.48,228.58,1480.0
2025-08-14 13:00:00+00:00,228.35,228.79,227.61,228.25,155561.0
2025-08-14 14:00:00+00:00,228.29,228.53,227.56,228.06,138080.0
2025-08-14 15:00:00+00:00,228.09,228.13,226.95,227.32,174609.0
2025-08-14 16:00:00+00:00,227.24,227.31,226.18,226.9,187071.0
2025-08-14 17:00:00+00:00,226.9,227.57,226.855,227.37,136821.0
2025-08-14 18:00:00+00:00,227.38,228.1,227.18,228.055,118089.0
2025-08-14 19:00:00+00:00,228.02,228.63,227.9,228.21,327490.0
2025-08-14 20:00:00+00:00,228.07,228.07,227.98,227.98,2220.0
2025-08-15 12:00:00+00:00,228.63,228.63,228.63,228.63,155.0
2025-08-15 13:00:00+00:00,228.63,228.76,227.27,227.83,101248.0
2025-08-15 14:00:00+00:00,227.17,227.34,226.035,226.91,288832.0
2025-08-15 15:00:00+00:00,226.93,227.17,226.45,226.84,130441.0
2025-08-15 16:00:00+00:00,226.8,227.45,226.8,227.32,105383.0
2025-08-15 17:00:00+00:00,227.31,227.78,227.155,227.675,111363.0
2025-08-15 18:00:00+00:00,227.655,227.67,227.19,227.44,67390.0
2025-08-15 19:00:00+00:00,227.45,227.45,226.96,227.13,198889.0
2025-08-18 13:00:00+00:00,227.21,227.93,226.965,227.325,36189.0
2025-08-18 14:00:00+00:00,227.405,228.17,227.405,227.94,44182.0
2025-08-18 15:00:00+00:00,227.86,228.0,227.525,227.91,42273.0
2025-08-18 16:00:00+00:00,227.88,228.16,227.65,227.86,36076.0
2025-08-18 17:00:00+00:00,227.87,228.45,227.87,228.02,37422.0
2025-08-18 18:00:00+00:00,228.0,228.24,227.895,228.175,35559.0
2025-08-18 19:00:00+00:00,228.21,228.21,227.825,227.99,160935.0
2025-08-18 20:00:00+00:00,228.01,228.08,227.98,228.0,6543.0
2025-08-19 13:00:00+00:00,228.01,228.36,227.78,227.94,55954.0
2025-08-19 14:00:00+00:00,227.93,228.965,227.24,227.24,94207.0
2025-08-19 15:00:00+00:00,227.2,227.475,226.32,226.46,60593.0
2025-08-19 16:00:00+00:00,226.51,226.825,226.13,226.27,45876.0
2025-08-19 17:00:00+00:00,226.29,226.335,225.76,226.16,47630.0
2025-08-19 18:00:00+00:00,226.16,226.19,225.73,226.13,33826.0
2025-08-19 19:00:00+00:00,226.05,226.28,225.7,226.215,138185.0
2025-08-19 20:00:00+00:00,226.21,226.36,226.21,226.27,2681.0
2025-08-20 13:00:00+00:00,225.9,226.36,224.25,224.6,77945.0
2025-08-20 14:00:00+00:00,224.75,225.3,223.7,223.99,161737.0
2025-08-20 15:00:00+00:00,223.95,225.28,223.84,224.4,94978.0
2025-08-20 16:00:00+00:00,224.405,225.19,224.405,224.74,59156.0
2025-08-20 17:00:00+00:00,224.75,225.37,224.73,225.28,41980.0
2025-08-20 18:00:00+00:00,225.22,225.28,224.24,224.84,77292.0
2025-08-20 19:00:00+00:00,224.9,225.86,224.9,225.4,170832.0
2025-08-20 20:00:00+00:00,225.44,225.51,225.43,225.43,5305.0
2025-08-21 13:00:00+00:00,224.38,224.75,223.85,224.43,67982.0
2025-08-21 14:00:00+00:00,224.43,225.77,224.32,225.46,89330.0
2025-08-21 15:00:00+00:00,225.52,226.0,224.83,225.41,98478.0
2025-08-21 16:00:00+00:00,225.42,225.55,224.96,225.03,43864.0
2025-08-21 17:00:00+00:00,225.11,225.84,224.725,225.785,78168.0
2025-08-21 18:00:00+00:00,225.8,226.165,225.62,226.13,97697.0
2025-08-21 19:00:00+00:00,226.11,226.32,225.54,226.03,159242.0
2025-08-21 20:00:00+00:00,226.03,226.19,225.95,226.17,9740.0
2025-08-22 13:00:00+00:00,227.345,228.03,227.2,227.5,161696.0
2025-08-22 14:00:00+00:00,227.8,234.965,227.8,234.85,557988.0
2025-08-22 15:00:00+00:00,234.89,235.41,234.55,234.58,198768.0
2025-08-22 16:00:00+00:00,234.585,235.19,234.255,234.505,103495.0
2025-08-22 17:00:00+00:00,234.56,235.015,234.5,234.52,73702.0
2025-08-22 18:00:00+00:00,234.52,234.76,234.265,234.48,144912.0
2025-08-22 19:00:00+00:00,234.5,235.31,234.375,234.835,305158.0
2025-08-22 20:00:00+00:00,234.8,235.0,234.8,234.99,3055.0
2025-08-25 13:00:00+00:00,233.92,234.26,233.395,233.96,78892.0
2025-08-25 14:00:00+00:00,234.0,234.29,233.69,233.95,120398.0
2025-08-25 15:00:00+00:00,233.93,233.955,233.325,233.49,75395.0
2025-08-25 16:00:00+00:00,233.49,233.775,233.255,233.755,52344.0
2025-08-25 17:00:00+00:00,233.72,233.79,233.19,233.3,48984.0
2025-08-25 18:00:00+00:00,233.305,233.465,233.0,233.155,82710.0
2025-08-25 19:00:00+00:00,233.17,233.185,232.37,232.39,200797.0
2025-08-25 20:00:00+00:00,232.3,232.6,232.3,232.59,8849.0
2025-08-26 13:00:00+00:00,232.8,233.89,232.63,233.625,58841.0
2025-08-26 14:00:00+00:00,233.67,234.43,233.64,233.9,88596.0
2025-08-26 15:00:00+00:00,233.86,234.195,233.77,234.065,91171.0
2025-08-26 16:00:00+00:00,234.09,234.8,234.05,234.67,97012.0
2025-08-26 17:00:00+00:00,234.66,234.86,234.37,234.59,45775.0
2025-08-26 18:00:00+00:00,234.555,234.63,234.25,234.39,62744.0
2025-08-26 19:00:00+00:00,234.405,234.62,233.99,234.25,184394.0
2025-08-26 20:00:00+00:00,234.34,234.54,234.32,234.52,12069.0
2025-08-27 12:00:00+00:00,233.85,233.85,233.85,233.85,100.0
2025-08-27 13:00:00+00:00,233.74,235.87,233.565,235.3,74264.0
2025-08-27 14:00:00+00:00,235.33,235.47,234.73,235.39,75003.0
2025-08-27 15:00:00+00:00,235.43,235.805,235.27,235.56,95920.0
2025-08-27 16:00:00+00:00,235.52,235.86,235.03,235.79,75990.0
2025-08-27 17:00:00+00:00,235.77,235.94,235.48,235.72,45364.0
2025-08-27 18:00:00+00:00,235.73,235.995,235.515,235.99,67739.0
2025-08-27 19:00:00+00:00,235.98,236.115,235.56,235.96,235827.0
2025-08-27 20:00:00+00:00,235.87,235.87,235.8,235.86,4100.0
2025-08-28 12:00:00+00:00,236.85,236.85,236.85,236.85,200.0
2025-08-28 13:00:00+00:00,236.87,236.895,235.56,236.125,142003.0
2025-08-28 14:00:00+00:00,236.175,236.49,235.35,235.65,139749.0
2025-08-28 15:00:00+00:00,235.75,236.32,235.44,236.275,92386.0
2025-08-28 16:00:00+00:00,236.28,236.37,235.985,235.99,61908.0
2025-08-28 17:00:00+00:00,235.95,236.185,235.74,236.08,62466.0
2025-08-28 18:00:00+00:00,236.1,236.3,235.985,236.25,100449.0
2025-08-28 19:00:00+00:00,236.26,236.7,236.06,236.25,145398.0
2025-08-28 20:00:00+00:00,236.27,236.41,236.14,236.4,12326.0
2025-08-29 13:00:00+00:00,236.765,236.91,235.74,236.08,68797.0
2025-08-29 14:00:00+00:00,236.22,236.41,234.38,234.81,130324.0
2025-08-29 15:00:00+00:00,234.77,235.11,234.65,235.0,106373.0
2025-08-29 16:00:00+00:00,234.98,235.375,234.98,235.24,53356.0
2025-08-29 17:00:00+00:00,235.15,235.21,234.68,235.06,46719.0
2025-08-29 18:00:00+00:00,234.99,234.99,234.45,234.58,46019.0
2025-08-29 19:00:00+00:00,234.54,235.28,234.37,235.18,453282.0
2025-08-29 20:00:00+00:00,235.19,235.23,235.07,235.22,21166.0
2025-09-02 13:00:00+00:00,231.995,233.795,231.485,233.79,100810.0
2025-09-02 14:00:00+00:00,234.14,234.35,232.79,233.15,119956.0
2025-09-02 15:00:00+00:00,233.25,233.25,231.58,231.69,82669.0
2025-09-02 16:00:00+00:00,231.795,232.62,231.795,232.62,64561.0
2025-09-02 17:00:00+00:00,232.665,233.38,232.615,233.19,103047.0
2025-09-02 18:00:00+00:00,233.16,233.36,232.72,233.06,62140.0
2025-09-02 19:00:00+00:00,233.045,234.03,233.04,233.91,222729.0
2025-09-02 20:00:00+00:00,233.95,234.05,233.52,233.54,8498.0
2025-09-03 13:00:00+00:00,233.265,235.24,233.23,234.37,89522.0
2025-09-03 14:00:00+00:00,234.37,234.78,233.91,234.39,90605.0
2025-09-03 15:00:00+00:00,234.405,234.405,233.16,233.29,130031.0
2025-09-03 16:00:00+00:00,233.33,233.51,232.97,233.22,84616.0
2025-09-03 17:00:00+00:00,233.285,233.66,232.525,232.66,133030.0
2025-09-03 18:00:00+00:00,232.69,233.22,232.48,232.93,94904.0
2025-09-03 19:00:00+00:00,232.92,233.9,232.595,233.66,227583.0
2025-09-03 20:00:00+00:00,233.77,234.17,233.76,234.17,6622.0
2025-09-04 13:00:00+00:00,234.2,234.74,233.68,234.46,55043.0
2025-09-04 14:00:00+00:00,234.54,234.73,233.69,234.39,65411.0
2025-09-04 15:00:00+00:00,234.295,235.09,234.23,234.86,79369.0
2025-09-04 16:00:00+00:00,234.875,235.025,234.495,234.58,64356.0
2025-09-04 17:00:00+00:00,234.61,235.37,234.61,235.32,130961.0
2025-09-04 18:00:00+00:00,235.35,235.6,235.34,235.46,84494.0
2025-09-04 19:00:00+00:00,235.47,236.665,235.465,236.58,278164.0
2025-09-04 20:00:00+00:00,236.48,236.71,236.48,236.61,13050.0
2025-09-05 12:00:00+00:00,236.71,238.14,236.71,237.71,1000.0
2025-09-05 13:00:00+00:00,238.01,239.63,237.755,239.15,82017.0
2025-09-05 14:00:00+00:00,239.14,239.15,234.97,235.12,134104.0
2025-09-05 15:00:00+00:00,235.16,237.23,235.05,236.78,112968.0
2025-09-05 16:00:00+00:00,236.99,237.38,236.63,237.255,76157.0
2025-09-05 17:00:00+00:00,237.24,237.295,236.19,236.38,77991.0
2025-09-05 18:00:00+00:00,236.44,237.22,236.32,237.22,75117.0
2025-09-05 19:00:00+00:00,237.15,237.9,237.02,237.735,246644.0
2025-09-05 20:00:00+00:00,237.72,237.8,237.64,237.66,13150.0
2025-09-08 13:00:00+00:00,238.51,238.53,236.66,236.955,88782.0
2025-09-08 14:00:00+00:00,236.88,237.92,236.41,237.85,99293.0
2025-09-08 15:00:00+00:00,237.88,238.2,237.28,237.63,94776.0
2025-09-08 16:00:00+00:00,237.61,237.71,237.24,237.49,58941.0
2025-09-08 17:00:00+00:00,237.5,237.96,237.23,237.3,94231.0
2025-09-08 18:00:00+00:00,237.33,238.31,237.24,238.255,80502.0
2025-09-08 19:00:00+00:00,238.265,238.275,237.635,238.25,238288.0
2025-09-08 20:00:00+00:00,238.3,238.36,238.24,238.36,14199.0
2025-09-09 13:00:00+00:00,237.905,237.92,236.95,237.37,54380.0
2025-09-09 14:00:00+00:00,237.43,237.95,235.435,236.135,140291.0
2025-09-09 15:00:00+00:00,236.21,236.81,236.03,236.18,82538.0
2025-09-09 16:00:00+00:00,236.19,236.62,236.065,236.12,58307.0
2025-09-09 17:00:00+00:00,236.09,236.79,235.97,236.67,54124.0
2025-09-09 18:00:00+00:00,236.7,237.03,236.7,237.02,81742.0
2025-09-09 19:00:00+00:00,237.005,237.125,236.295,236.83,210992.0
2025-09-09 20:00:00+00:00,236.81,236.81,236.27,236.33,16167.0
2025-09-10 12:00:00+00:00,236.23,237.93,236.23,237.89,1415.0
2025-09-10 13:00:00+00:00,237.21,238.24,236.99,238.06,84798.0
2025-09-10 14:00:00+00:00,238.115,238.27,236.895,237.04,127240.0
2025-09-10 15:00:00+00:00,236.995,237.135,236.5,237.065,84682.0
2025-09-10 16:00:00+00:00,237.12,237.12,236.31,236.8,64280.0
2025-09-10 17:00:00+00:00,236.77,237.16,236.11,236.34,67389.0
2025-09-10 18:00:00+00:00,236.32,236.69,236.04,236.64,85784.0
2025-09-10 19:00:00+00:00,236.66,236.72,235.5,236.425,299287.0
2025-09-10 20:00:00+00:00,236.44,236.56,236.19,236.19,14080.0
2025-09-11 12:00:00+00:00,236.79,237.53,236.1,236.56,2330.0
2025-09-11 13:00:00+00:00,236.79,238.795,236.29,238.76,84139.0
2025-09-11 14:00:00+00:00,238.81,240.07,238.61,239.56,180740.0
2025-09-11 15:00:00+00:00,239.55,240.06,239.3,239.715,148732.0
2025-09-11 16:00:00+00:00,239.85,240.11,239.8,240.065,83417.0
2025-09-11 17:00:00+00:00,240.07,240.57,239.92,240.46,84888.0
2025-09-11 18:00:00+00:00,240.495,240.66,239.71,239.85,107737.0
2025-09-11 19:00:00+00:00,239.84,240.925,239.83,240.77,273130.0
2025-09-11 20:00:00+00:00,240.76,240.76,240.51,240.52,15674.0
2025-09-12 12:00:00+00:00,239.89,239.89,239.89,239.89,430.0
2025-09-12 13:00:00+00:00,240.28,240.31,239.36,239.71,85628.0
2025-09-12 14:00:00+00:00,239.68,239.68,238.785,239.16,125212.0
2025-09-12 15:00:00+00:00,239.14,239.14,238.655,238.72,136305.0
2025-09-12 16:00:00+00:00,238.75,239.025,238.59,239.02,122489.0
2025-09-12 17:00:00+00:00,238.985,239.215,238.76,239.08,96992.0
2025-09-12 18:00:00+00:00,239.095,239.61,239.08,239.19,112586.0
2025-09-12 19:00:00+00:00,239.185,239.33,238.2,238.34,295609.0
2025-09-12 20:00:00+00:00,238.38,238.44,238.26,238.44,10882.0
2025-09-15 12:00:00+00:00,239.23,239.35,239.23,239.35,200.0
2025-09-15 13:00:00+00:00,239.215,239.8,238.585,239.8,65839.0
2025-09-15 14:00:00+00:00,239.8,240.01,238.675,239.95,76358.0
2025-09-15 15:00:00+00:00,239.92,239.92,239.13,239.36,107552.0
2025-09-15 16:00:00+00:00,239.35,239.63,239.185,239.325,57508.0
2025-09-15 17:00:00+00:00,239.325,239.87,238.86,239.62,87368.0
2025-09-15 18:00:00+00:00,239.6,239.6,238.91,239.14,78557.0
2025-09-15 19:00:00+00:00,239.255,239.48,238.97,239.3,204743.0
2025-09-15 20:00:00+00:00,239.32,239.32,239.04,239.04,2220.0
2025-09-16 13:00:00+00:00,238.51,238.93,237.29,237.615,128864.0
2025-09-16 14:00:00+00:00,237.565,237.565,236.77,237.35,125052.0
2025-09-16 15:00:00+00:00,237.36,237.505,236.77,237.48,113373.0
2025-09-16 16:00:00+00:00,237.495,237.73,237.09,237.635,76276.0
2025-09-16 17:00:00+00:00,237.63,238.18,237.54,238.16,64701.0
2025-09-16 18:00:00+00:00,238.13,238.25,237.635,238.16,71872.0
2025-09-16 19:00:00+00:00,238.17,238.55,237.75,238.26,306739.0
2025-09-16 20:00:00+00:00,238.42,238.79,238.42,238.73,8840.0
2025-09-17 12:00:00+00:00,238.95,238.96,238.94,238.94,425.0
2025-09-17 13:00:00+00:00,238.85,240.36,238.71,240.215,88516.0
2025-09-17 14:00:00+00:00,240.355,240.73,239.88,240.69,136053.0
2025-09-17 15:00:00+00:00,240.73,241.09,240.405,240.94,137943.0
2025-09-17 16:00:00+00:00,240.95,241.03,239.67,239.775,123871.0
2025-09-17 17:00:00+00:00,239.825,240.41,239.71,240.355,114123.0
2025-09-17 18:00:00+00:00,241.03,244.27,237.05,239.5,835063.0
2025-09-17 19:00:00+00:00,239.515,240.58,238.52,238.945,602947.0
2025-09-18 12:00:00+00:00,241.45,241.48,241.35,241.37,1447.0
2025-09-18 13:00:00+00:00,240.795,241.96,240.255,241.96,119233.0
2025-09-18 14:00:00+00:00,242.01,243.51,241.97,241.97,181850.0
2025-09-18 15:00:00+00:00,242.02,243.06,241.66,242.94,180988.0
2025-09-18 16:00:00+00:00,242.98,244.6,242.91,244.57,87141.0
2025-09-18 17:00:00+00:00,244.51,244.855,244.14,244.21,167300.0
2025-09-18 18:00:00+00:00,244.175,244.74,243.94,244.7,92711.0
2025-09-18 19:00:00+00:00,244.72,245.135,244.2,244.8,393894.0
2025-09-18 20:00:00+00:00,244.78,245.06,244.77,245.06,21704.0
2025-09-19 13:00:00+00:00,245.64,245.65,244.11,244.4,90782.0
2025-09-19 14:00:00+00:00,244.355,244.53,243.225,243.55,141647.0
2025-09-19 15:00:00+00:00,243.56,243.7,242.86,243.39,126945.0
2025-09-19 16:00:00+00:00,243.36,243.93,243.27,243.515,80955.0
2025-09-19 17:00:00+00:00,243.665,243.68,243.165,243.28,63869.0
2025-09-19 18:00:00+00:00,243.325,243.34,242.52,242.945,107833.0
2025-09-19 19:00:00+00:00,242.92,243.265,242.6,242.88,329851.0
2025-09-19 20:00:00+00:00,242.92,243.06,242.92,243.04,7126.0
2025-09-22 12:00:00+00:00,242.42,242.42,242.42,242.42,200.0
2025-09-22 13:00:00+00:00,242.37,243.05,241.135,243.05,102078.0
2025-09-22 14:00:00+00:00,243.0,243.0,242.02,242.91,107490.0
2025-09-22 15:00:00+00:00,242.885,243.42,242.845,242.92,145782.0
2025-09-22 16:00:00+00:00,242.95,243.72,242.76,243.54,130582.0
2025-09-22 17:00:00+00:00,243.44,243.875,243.38,243.55,73196.0
2025-09-22 18:00:00+00:00,243.61,244.34,243.45,244.34,98760.0
2025-09-22 19:00:00+00:00,244.31,244.785,244.2,244.31,235029.0
2025-09-22 20:00:00+00:00,244.26,244.31,244.1,244.25,9158.0
2025-09-23 13:00:00+00:00,244.96,246.97,244.91,246.71,67908.0
2025-09-23 14:00:00+00:00,246.78,247.15,246.0,246.98,86596.0
2025-09-23 15:00:00+00:00,246.915,246.915,245.675,245.8,174227.0
2025-09-23 16:00:00+00:00,245.85,246.21,245.55,245.89,51179.0
2025-09-23 17:00:00+00:00,245.95,245.97,243.66,244.055,84859.0
2025-09-23 18:00:00+00:00,244.04,244.295,243.49,243.63,75216.0
2025-09-23 19:00:00+00:00,243.65,244.405,243.57,243.88,128100.0
2025-09-23 20:00:00+00:00,243.86,243.88,243.76,243.82,4900.0
2025-09-24 13:00:00+00:00,244.3,244.6,243.21,243.8,67259.0
2025-09-24 14:00:00+00:00,243.77,244.465,243.57,243.9,64456.0
2025-09-24 15:00:00+00:00,243.97,243.97,241.97,242.1,67727.0
2025-09-24 16:00:00+00:00,242.15,242.845,241.57,242.5,78970.0
2025-09-24 17:00:00+00:00,242.47,242.91,241.92,242.06,53832.0
2025-09-24 18:00:00+00:00,242.03,242.24,241.75,242.19,68655.0
2025-09-24 19:00:00+00:00,242.11,242.17,241.605,241.62,257670.0
2025-09-24 20:00:00+00:00,241.62,242.13,241.62,242.04,15154.0
2025-09-25 12:00:00+00:00,239.9,239.9,239.17,239.17,495.0
2025-09-25 13:00:00+00:00,238.7,239.35,237.615,238.475,148616.0
2025-09-25 14:00:00+00:00,238.63,239.9,238.39,239.79,118048.0
2025-09-25 15:00:00+00:00,239.68,239.98,238.63,239.845,85150.0
2025-09-25 16:00:00+00:00,239.81,239.93,239.18,239.255,98996.0
2025-09-25 17:00:00+00:00,239.24,239.7,238.345,238.345,85375.0
2025-09-25 18:00:00+00:00,238.37,239.625,237.795,239.52,83039.0
2025-09-25 19:00:00+00:00,239.52,239.525,238.755,239.305,147844.0
2025-09-25 20:00:00+00:00,239.43,239.47,239.35,239.35,12112.0
2025-09-26 13:00:00+00:00,239.595,241.34,239.43,241.34,81123.0
2025-09-26 14:00:00+00:00,241.34,241.63,239.535,239.56,107995.0
2025-09-26 15:00:00+00:00,239.62,240.53,239.35,239.99,84167.0
2025-09-26 16:00:00+00:00,240.01,241.12,239.88,241.12,79125.0
2025-09-26 17:00:00+00:00,241.09,241.255,240.82,241.17,52473.0
2025-09-26 18:00:00+00:00,241.12,241.37,240.8,241.33,69061.0
2025-09-26 19:00:00+00:00,241.33,241.63,241.04,241.36,210698.0
2025-09-26 20:00:00+00:00,241.4,241.49,241.38,241.49,9400.0
2025-09-29 13:00:00+00:00,242.83,242.91,241.18,241.865,59098.0
2025-09-29 14:00:00+00:00,241.98,242.23,241.33,241.345,86977.0
2025-09-29 15:00:00+00:00,241.4,241.71,241.0,241.415,93429.0
2025-09-29 16:00:00+00:00,241.48,241.65,241.12,241.32,53985.0
2025-09-29 17:00:00+00:00,241.3,241.44,240.82,241.41,51829.0
2025-09-29 18:00:00+00:00,241.415,241.76,241.34,241.585,39220.0
2025-09-29 19:00:00+00:00,241.585,241.81,240.895,241.58,145128.0
2025-09-29 20:00:00+00:00,241.6,241.62,241.13,241.13,14189.0
2025-09-30 13:00:00+00:00,241.1,242.1,241.065,241.57,52899.0
2025-09-30 14:00:00+00:00,241.62,241.77,239.99,240.32,91369.0
2025-09-30 15:00:00+00:00,240.3,240.42,239.59,239.95,85846.0
2025-09-30 16:00:00+00:00,240.02,240.48,239.68,239.775,57325.0
2025-09-30 17:00:00+00:00,239.775,240.18,239.4,239.86,65614.0
2025-09-30 18:00:00+00:00,239.93,240.35,239.835,240.18,124430.0
2025-09-30 19:00:00+00:00,240.195,242.06,240.12,241.93,260492.0
2025-09-30 20:00:00+00:00,241.84,241.84,241.09,241.2,22853.0
2025-10-01 13:00:00+00:00,240.73,242.0,240.555,240.86,92328.0
2025-10-01 14:00:00+00:00,240.975,242.11,240.76,241.66,67700.0
2025-10-01 15:00:00+00:00,241.67,242.36,241.36,242.16,204898.0
2025-10-01 16:00:00+00:00,242.02,242.16,241.43,241.58,57708.0
2025-10-01 17:00:00+00:00,241.46,241.965,241.32,241.445,44675.0
2025-10-01 18:00:00+00:00,241.46,242.675,241.45,242.51,58016.0
2025-10-01 19:00:00+00:00,242.505,243.03,242.42,242.545,165598.0
2025-10-01 20:00:00+00:00,242.37,242.43,242.23,242.3,12635.0
2025-10-02 13:00:00+00:00,243.25,243.45,242.495,243.22,57272.0
2025-10-02 14:00:00+00:00,242.95,242.98,241.475,241.82,89442.0
2025-10-02 15:00:00+00:00,241.84,242.66,241.78,242.54,75449.0
2025-10-02 16:00:00+00:00,242.53,242.915,242.24,242.78,41990.0
2025-10-02 17:00:00+00:00,242.75,243.11,242.53,243.11,50194.0
2025-10-02 18:00:00+00:00,243.13,243.8,243.13,243.54,70118.0
2025-10-02 19:00:00+00:00,243.58,244.07,243.565,243.995,196996.0
2025-10-02 20:00:00+00:00,244.0,244.0,243.85,243.92,7239.0
2025-10-03 13:00:00+00:00,244.79,247.255,244.79,246.86,106455.0
2025-10-03 14:00:00+00:00,246.9,248.05,246.22,247.96,131473.0
2025-10-03 15:00:00+00:00,247.965,247.965,246.745,247.68,98443.0
2025-10-03 16:00:00+00:00,247.655,247.82,247.56,247.695,56296.0
2025-10-03 17:00:00+00:00,247.7,247.7,245.45,245.875,94944.0
2025-10-03 18:00:00+00:00,245.93,246.43,245.25,245.83,78182.0
2025-10-03 19:00:00+00:00,245.84,246.18,245.72,245.875,258692.0
2025-10-03 20:00:00+00:00,245.7,245.7,245.39,245.49,20458.0
2025-10-06 12:00:00+00:00,247.6,247.6,247.24,247.38,720.0
2025-10-06 13:00:00+00:00,247.725,248.145,246.505,246.62,118507.0
2025-10-06 14:00:00+00:00,246.61,248.03,246.09,247.68,119499.0
2025-10-06 15:00:00+00:00,247.71,248.43,247.705,247.88,138711.0
2025-10-06 16:00:00+00:00,247.905,248.135,247.44,247.74,81790.0
2025-10-06 17:00:00+00:00,247.76,248.0,247.455,247.84,82147.0
2025-10-06 18:00:00+00:00,247.83,247.915,247.08,247.27,73905.0
2025-10-06 19:00:00+00:00,247.25,247.29,246.705,246.805,179218.0
2025-10-06 20:00:00+00:00,246.74,246.97,246.66,246.97,15360.0
2025-10-07 13:00:00+00:00,247.38,247.62,246.78,246.815,55553.0
2025-10-07 14:00:00+00:00,246.825,246.97,245.48,245.745,109227.0
2025-10-07 15:00:00+00:00,245.73,245.965,243.21,243.78,166460.0
2025-10-07 16:00:00+00:00,243.75,244.54,243.4,243.96,104997.0
2025-10-07 17:00:00+00:00,243.95,244.56,243.76,243.82,50394.0
2025-10-07 18:00:00+00:00,243.87,244.09,243.42,244.03,73083.0
2025-10-07 19:00:00+00:00,244.055,244.34,243.835,244.185,169530.0
2025-10-07 20:00:00+00:00,244.26,244.53,244.26,244.41,11060.0
2025-10-08 13:00:00+00:00,245.29,245.305,243.85,244.8,94307.0
2025-10-08 14:00:00+00:00,244.825,245.73,244.81,245.55,99862.0
2025-10-08 15:00:00+00:00,245.52,246.47,245.32,246.3,64826.0
2025-10-08 16:00:00+00:00,246.3,246.79,246.225,246.77,47234.0
2025-10-08 17:00:00+00:00,246.79,246.955,246.295,246.33,57322.0
2025-10-08 18:00:00+00:00,246.41,246.5,245.69,245.88,66542.0
2025-10-08 19:00:00+00:00,245.945,246.755,245.785,246.66,280324.0
2025-10-08 20:00:00+00:00,246.69,246.85,246.64,246.72,12460.0
2025-10-09 13:00:00+00:00,246.33,247.25,245.5,245.63,88573.0
2025-10-09 14:00:00+00:00,245.49,246.01,244.64,245.505,84661.0
2025-10-09 15:00:00+00:00,245.52,246.015,245.16,245.94,77773.0
2025-10-09 16:00:00+00:00,245.94,246.055,244.735,244.74,70331.0
2025-10-09 17:00:00+00:00,244.75,244.93,244.04,244.625,71932.0
2025-10-09 18:00:00+00:00,244.64,244.655,244.1,244.42,74847.0
2025-10-09 19:00:00+00:00,244.455,245.43,244.4,245.13,190101.0
2025-10-09 20:00:00+00:00,245.23,245.4,245.14,245.17,18629.0
2025-10-10 13:00:00+00:00,245.795,246.87,245.795,246.22,57171.0
2025-10-10 14:00:00+00:00,246.23,246.36,243.285,244.03,141299.0
2025-10-10 15:00:00+00:00,243.96,244.04,239.73,241.38,786093.0
2025-10-10 16:00:00+00:00,241.39,241.88,239.99,240.04,189640.0
2025-10-10 17:00:00+00:00,240.05,241.34,239.34,240.46,147102.0
2025-10-10 18:00:00+00:00,240.52,240.79,239.35,239.42,90845.0
2025-10-10 19:00:00+00:00,239.445,239.88,237.61,237.86,256679.0
2025-10-10 20:00:00+00:00,237.83,238.07,237.68,238.07,32105.0
2025-10-13 12:00:00+00:00,241.75,241.8,241.75,241.8,430.0
2025-10-13 13:00:00+00:00,241.93,243.185,241.59,243.185,114526.0
2025-10-13 14:00:00+00:00,243.17,243.43,241.425,242.145,214256.0
2025-10-13 15:00:00+00:00,242.12,243.69,241.97,243.355,91633.0
2025-10-13 16:00:00+00:00,243.37,244.0,243.07,244.0,103230.0
2025-10-13 17:00:00+00:00,243.93,244.08,243.38,243.85,62193.0
2025-10-13 18:00:00+00:00,243.85,244.61,243.74,243.855,86353.0
2025-10-13 19:00:00+00:00,243.94,244.625,243.79,244.32,236893.0
2025-10-13 20:00:00+00:00,244.29,244.29,244.0,244.0,13960.0
2025-10-14 12:00:00+00:00,241.17,241.17,241.17,241.17,100.0
2025-10-14 13:00:00+00:00,241.45,243.14,240.42,243.07,148354.0
2025-10-14 14:00:00+00:00,243.03,244.8,242.69,244.31,146594.0
2025-10-14 15:00:00+00:00,244.38,245.99,244.29,245.71,156981.0
2025-10-14 16:00:00+00:00,245.755,247.71,245.345,247.09,147210.0
2025-10-14 17:00:00+00:00,246.915,248.64,246.865,248.385,111967.0
2025-10-14 18:00:00+00:00,248.425,248.95,248.305,248.825,122692.0
2025-10-14 19:00:00+00:00,248.94,249.6,247.28,247.86,343790.0
2025-10-14 20:00:00+00:00,247.87,247.99,247.43,247.59,16261.0
2025-10-15 12:00:00+00:00,250.5,250.5,250.44,250.44,200.0
2025-10-15 13:00:00+00:00,250.47,251.74,250.18,251.59,155303.0
2025-10-15 14:00:00+00:00,251.625,252.73,250.92,251.1,284213.0
2025-10-15 15:00:00+00:00,251.09,251.1,249.08,249.81,134357.0
2025-10-15 16:00:00+00:00,249.81,250.21,248.83,248.97,99795.0
2025-10-15 17:00:00+00:00,248.955,249.475,247.07,249.475,225815.0
2025-10-15 18:00:00+00:00,249.42,250.04,249.01,250.03,72643.0
2025-10-15 19:00:00+00:00,250.015,250.385,249.71,250.32,201293.0
2025-10-15 20:00:00+00:00,250.43,250.72,250.28,250.4,12708.0
2025-10-16 13:00:00+00:00,250.97,251.24,249.26,249.58,92303.0
2025-10-16 14:00:00+00:00,249.59,249.89,248.61,248.95,170863.0
2025-10-16 15:00:00+00:00,248.965,249.6,247.64,247.81,149101.0
2025-10-16 16:00:00+00:00,247.89,248.12,245.775,247.36,184452.0
2025-10-16 17:00:00+00:00,247.39,247.89,246.17,246.46,122666.0
2025-10-16 18:00:00+00:00,246.47,246.54,244.015,245.32,287909.0
2025-10-16 19:00:00+00:00,245.34,245.345,244.0,245.08,358267.0
2025-10-16 20:00:00+00:00,245.13,245.13,244.44,244.44,8205.0
2025-10-17 12:00:00+00:00,244.79,244.98,244.71,244.71,500.0
2025-10-17 13:00:00+00:00,244.57,245.02,243.09,244.22,203496.0
2025-10-17 14:00:00+00:00,243.94,245.16,242.53,242.66,382567.0
2025-10-17 15:00:00+00:00,242.66,243.41,241.5,243.14,195220.0
2025-10-17 16:00:00+00:00,243.1,243.71,241.975,242.355,100127.0
2025-10-17 17:00:00+00:00,242.3,243.08,241.88,242.89,121375.0
2025-10-17 18:00:00+00:00,242.88,243.705,242.79,243.2,118491.0
2025-10-17 19:00:00+00:00,243.19,243.83,243.19,243.4,338191.0
2025-10-17 20:00:00+00:00,243.51,243.98,243.51,243.98,22122.0
2025-10-20 12:00:00+00:00,245.72,245.72,245.72,245.72,100.0
2025-10-20 13:00:00+00:00,246.35,248.07,246.145,246.925,301024.0
2025-10-20 14:00:00+00:00,246.915,248.245,246.155,247.84,163065.0
2025-10-20 15:00:00+00:00,247.8,247.95,246.61,246.89,106631.0
2025-10-20 16:00:00+00:00,246.94,247.65,246.68,247.65,69996.0
2025-10-20 17:00:00+00:00,247.68,248.105,247.68,248.095,47923.0
2025-10-20 18:00:00+00:00,248.075,248.32,247.81,248.105,99458.0
2025-10-20 19:00:00+00:00,248.125,248.25,247.84,248.115,173408.0
2025-10-20 20:00:00+00:00,248.01,248.31,248.01,248.31,15800.0
2025-10-21 13:00:00+00:00,247.44,247.46,245.51,245.77,64701.0
2025-10-21 14:00:00+00:00,245.76,248.21,245.6,248.21,98940.0
2025-10-21 15:00:00+00:00,248.19,248.36,247.55,247.93,73267.0
2025-10-21 16:00:00+00:00,247.93,248.35,247.35,247.47,78965.0
2025-10-21 17:00:00+00:00,247.41,247.76,246.9,247.3,68287.0
2025-10-21 18:00:00+00:00,247.33,247.48,246.83,246.93,59221.0
2025-10-21 19:00:00+00:00,246.93,247.3,246.525,246.97,178661.0
2025-10-21 20:00:00+00:00,246.92,246.94,246.84,246.88,7883.0
2025-10-22 13:00:00+00:00,245.995,246.8,245.585,246.11,68845.0
2025-10-22 14:00:00+00:00,246.035,246.17,243.33,244.325,203401.0
2025-10-22 15:00:00+00:00,244.34,244.5,243.12,243.71,121173.0
2025-10-22 16:00:00+00:00,243.72,243.72,240.94,242.6,235124.0
2025-10-22 17:00:00+00:00,242.58,242.95,240.82,241.19,154975.0
2025-10-22 18:00:00+00:00,241.19,242.58,240.94,242.58,94465.0
2025-10-22 19:00:00+00:00,242.555,243.855,242.18,243.43,272394.0
2025-10-23 12:00:00+00:00,243.47,244.16,243.47,244.16,360.0
2025-10-23 13:00:00+00:00,244.24,245.6,243.86,245.595,88022.0
2025-10-23 14:00:00+00:00,245.63,245.7,243.71,245.56,99665.0
2025-10-23 15:00:00+00:00,245.56,245.685,244.6,245.5,77320.0
2025-10-23 16:00:00+00:00,245.425,246.01,245.26,245.845,53484.0
2025-10-23 17:00:00+00:00,245.82,247.02,245.18,246.99,97285.0
2025-10-23 18:00:00+00:00,247.005,247.11,246.7,246.92,94283.0
2025-10-23 19:00:00+00:00,246.97,247.015,246.18,246.42,145440.0
2025-10-23 20:00:00+00:00,246.27,246.43,246.24,246.37,8371.0
2025-10-24 12:00:00+00:00,247.94,250.95,247.71,249.83,4569.0
2025-10-24 13:00:00+00:00,249.81,250.64,249.07,250.64,134681.0
2025-10-24 14:00:00+00:00,250.605,251.09,249.37,249.8,106984.0
2025-10-24 15:00:00+00:00,249.85,250.73,249.85,250.45,87779.0
2025-10-24 16:00:00+00:00,250.47,250.66,249.55,250.0,72668.0
2025-10-24 17:00:00+00:00,250.0,250.315,249.9,250.14,54283.0
2025-10-24 18:00:00+00:00,250.09,250.25,249.68,249.825,49476.0
2025-10-24 19:00:00+00:00,249.835,250.05,249.39,249.44,215849.0
2025-10-24 20:00:00+00:00,249.4,249.41,249.13,249.3,24494.0
2025-10-27 13:00:00+00:00,251.785,252.195,250.69,251.78,130551.0
2025-10-27 14:00:00+00:00,251.825,251.83,250.175,250.175,106473.0
2025-10-27 15:00:00+00:00,250.255,250.79,249.935,250.215,90612.0
2025-10-27 16:00:00+00:00,250.19,250.23,249.505,250.18,144396.0
2025-10-27 17:00:00+00:00,250.14,250.29,249.56,250.02,84182.0
2025-10-27 18:00:00+00:00,250.0,250.27,249.79,250.14,76473.0
2025-10-27 19:00:00+00:00,250.16,250.53,250.03,250.31,229224.0
2025-10-27 20:00:00+00:00,250.31,250.58,250.25,250.58,6781.0
2025-10-28 13:00:00+00:00,249.555,249.555,248.14,248.73,104286.0
2025-10-28 14:00:00+00:00,248.81,250.2,248.515,249.815,58139.0
2025-10-28 15:00:00+00:00,249.81,250.045,249.085,249.6,46947.0
2025-10-28 16:00:00+00:00,249.575,250.82,249.575,250.46,52988.0
2025-10-28 17:00:00+00:00,250.485,250.61,249.72,249.95,57671.0
2025-10-28 18:00:00+00:00,250.045,250.24,249.5,249.595,84373.0
2025-10-28 19:00:00+00:00,249.545,249.545,248.485,248.95,156294.0
2025-10-28 20:00:00+00:00,249.0,249.06,248.75,248.75,11674.0
2025-10-29 13:00:00+00:00,248.81,249.3,247.845,248.89,67333.0
2025-10-29 14:00:00+00:00,248.83,249.58,248.55,249.58,80826.0
2025-10-29 15:00:00+00:00,249.59,250.89,249.59,250.65,109008.0
2025-10-29 16:00:00+00:00,250.6,251.08,250.265,250.725,76477.0
2025-10-29 17:00:00+00:00,250.71,250.73,249.89,250.36,88973.0
2025-10-29 18:00:00+00:00,250.525,251.13,245.56,247.25,259392.0
2025-10-29 19:00:00+00:00,247.31,247.88,244.705,246.79,354279.0
2025-10-30 12:00:00+00:00,246.27,246.27,245.49,245.49,760.0
2025-10-30 13:00:00+00:00,245.19,248.13,244.8,247.24,109993.0
2025-10-30 14:00:00+00:00,247.3,247.94,246.65,247.46,277599.0
2025-10-30 15:00:00+00:00,247.48,247.97,246.935,246.96,54059.0
2025-10-30 16:00:00+00:00,246.9,247.61,246.58,247.08,48030.0
2025-10-30 17:00:00+00:00,246.94,246.96,246.2,246.59,76080.0
2025-10-30 18:00:00+00:00,246.56,246.63,245.53,245.61,222702.0
2025-10-30 19:00:00+00:00,245.645,245.7,244.65,244.885,352578.0
2025-10-31 12:00:00+00:00,245.04,245.4,244.86,245.0,1760.0
2025-10-31 13:00:00+00:00,245.01,245.98,243.73,245.98,115986.0
2025-10-31 14:00:00+00:00,246.005,246.43,245.28,246.315,104284.0
2025-10-31 15:00:00+00:00,246.33,246.45,245.18,245.24,59285.0
2025-10-31 16:00:00+00:00,245.1,245.285,244.02,244.23,69049.0
2025-10-31 17:00:00+00:00,244.245,244.86,243.72,244.74,108351.0
2025-10-31 18:00:00+00:00,244.78,245.83,244.78,245.745,87288.0
2025-10-31 19:00:00+00:00,245.72,246.79,245.65,246.27,233792.0
2025-10-31 20:00:00+00:00,246.16,246.37,246.09,246.18,19345.0
2025-11-03 13:00:00+00:00,246.2,246.21,246.2,246.21,365.0
2025-11-03 14:00:00+00:00,246.14,246.26,243.94,244.965,105415.0
2025-11-03 15:00:00+00:00,245.0,245.09,242.51,244.08,124030.0
2025-11-03 16:00:00+00:00,244.14,244.74,243.96,244.59,65170.0
2025-11-03 17:00:00+00:00,244.5,245.26,244.13,245.15,60267.0
2025-11-03 18:00:00+00:00,245.14,245.17,244.38,244.695,47682.0
2025-11-03 19:00:00+00:00,244.72,245.42,244.58,244.915,58298.0
2025-11-03 20:00:00+00:00,244.965,245.42,244.67,245.42,169976.0
2025-11-03 21:00:00+00:00,245.31,245.68,245.3,245.65,11173.0
2025-11-04 14:00:00+00:00,241.81,243.81,241.01,243.755,113306.0
2025-11-04 15:00:00+00:00,243.71,244.06,242.65,243.24,66365.0
2025-11-04 16:00:00+00:00,243.28,243.53,242.75,243.5,36093.0
2025-11-04 17:00:00+00:00,243.35,243.5,242.15,242.32,80931.0
2025-11-04 18:00:00+00:00,242.3,242.4,241.58,242.175,78214.0
2025-11-04 19:00:00+00:00,242.125,242.36,241.33,241.625,61985.0
2025-11-04 20:00:00+00:00,241.62,242.085,241.0,241.19,208705.0
2025-11-04 21:00:00+00:00,241.2,241.42,241.15,241.4,30730.0
2025-11-05 13:00:00+00:00,242.04,242.28,241.84,242.27,2240.0
2025-11-05 14:00:00+00:00,242.1,243.375,241.655,243.17,117659.0
2025-11-05 15:00:00+00:00,242.92,243.46,242.13,243.13,153634.0
2025-11-05 16:00:00+00:00,243.14,244.86,242.49,244.685,175500.0
2025-11-05 17:00:00+00:00,244.64,245.33,244.42,245.09,130210.0
2025-11-05 18:00:00+00:00,245.02,245.24,244.66,244.83,102468.0
2025-11-05 19:00:00+00:00,244.835,245.32,244.565,245.21,116269.0
2025-11-05 20:00:00+00:00,245.215,245.725,244.68,244.69,340794.0
2025-11-05 21:00:00+00:00,244.67,245.03,244.67,244.98,11875.0
2025-11-06 14:00:00+00:00,244.74,244.74,242.94,243.0,83075.0
2025-11-06 15:00:00+00:00,242.975,243.655,241.265,241.29,146891.0
2025-11-06 16:00:00+00:00,241.28,241.79,240.27,240.51,119151.0
2025-11-06 17:00:00+00:00,240.535,241.49,240.0,241.1,98112.0
2025-11-06 18:00:00+00:00,241.11,241.74,240.37,241.37,145042.0
2025-11-06 19:00:00+00:00,241.315,242.12,241.22,241.57,86887.0
2025-11-06 20:00:00+00:00,241.56,241.6,240.12,240.27,223595.0
2025-11-06 21:00:00+00:00,240.43,240.99,240.43,240.94,19557.0
2025-11-07 14:00:00+00:00,238.57,239.27,237.19,239.17,159009.0
2025-11-07 15:00:00+00:00,239.21,239.21,237.365,237.47,183731.0
2025-11-07 16:00:00+00:00,237.47,237.78,236.28,236.62,226675.0
2025-11-07 17:00:00+00:00,236.64,238.2,236.29,238.1,150866.0
2025-11-07 18:00:00+00:00,238.19,239.27,238.06,239.16,174174.0
2025-11-07 19:00:00+00:00,239.05,241.455,238.99,241.455,217092.0
2025-11-07 20:00:00+00:00,241.435,241.655,240.14,241.625,434063.0
2025-11-07 21:00:00+00:00,241.79,242.1,241.7,242.1,18515.0
2025-11-10 13:00:00+00:00,244.76,244.95,244.61,244.95,1260.0
2025-11-10 14:00:00+00:00,244.95,245.13,243.71,243.71,120073.0
2025-11-10 15:00:00+00:00,243.79,244.15,242.37,242.57,113311.0
2025-11-10 16:00:00+00:00,242.49,243.55,242.27,243.55,101227.0
2025-11-10 17:00:00+00:00,243.52,244.695,243.5,244.605,75501.0
2025-11-10 18:00:00+00:00,244.605,244.775,244.43,244.56,77411.0
2025-11-10 19:00:00+00:00,244.47,245.225,244.44,244.94,59856.0
2025-11-10 20:00:00+00:00,244.95,245.16,243.99,244.025,233647.0
2025-11-10 21:00:00+00:00,244.015,244.2,243.95,244.04,16085.0
2025-11-11 13:00:00+00:00,243.53,243.62,243.29,243.54,1260.0
2025-11-11 14:00:00+00:00,243.5,244.15,242.56,243.94,91848.0
2025-11-11 15:00:00+00:00,243.85,244.025,242.78,242.99,108602.0
2025-11-11 16:00:00+00:00,242.995,243.82,242.73,243.51,87401.0
2025-11-11 17:00:00+00:00,243.555,244.38,243.44,244.33,80820.0
2025-11-11 18:00:00+00:00,244.31,244.73,244.11,244.675,79157.0
2025-11-11 19:00:00+00:00,244.65,244.66,244.17,244.29,62893.0
2025-11-11 20:00:00+00:00,244.32,244.53,243.795,244.255,235513.0
2025-11-11 21:00:00+00:00,244.25,244.31,244.04,244.15,15308.0
2025-11-12 13:00:00+00:00,245.07,245.07,245.07,245.07,120.0
2025-11-12 14:00:00+00:00,244.94,246.255,244.65,246.205,109610.0
2025-11-12 15:00:00+00:00,246.01,246.355,243.92,244.27,94145.0
2025-11-12 16:00:00+00:00,244.215,244.55,243.33,244.01,77004.0
2025-11-12 17:00:00+00:00,243.95,244.6,243.625,244.565,43601.0
2025-11-12 18:00:00+00:00,244.57,244.63,243.865,244.33,42864.0
2025-11-12 19:00:00+00:00,244.38,244.38,243.81,244.07,42999.0
2025-11-12 20:00:00+00:00,244.035,244.33,243.39,243.635,175911.0
2025-11-12 21:00:00+00:00,243.68,243.89,243.57,243.58,20448.0
2025-11-13 13:00:00+00:00,242.37,242.54,242.09,242.09,840.0
2025-11-13 14:00:00+00:00,241.84,242.66,241.05,241.23,90229.0
2025-11-13 15:00:00+00:00,241.23,241.82,239.43,239.97,182690.0
2025-11-13 16:00:00+00:00,239.9,240.08,238.91,239.4,186796.0
2025-11-13 17:00:00+00:00,239.31,239.65,238.45,238.46,129249.0
2025-11-13 18:00:00+00:00,238.56,238.66,236.86,237.26,204755.0
2025-11-13 19:00:00+00:00,237.32,237.65,236.2,236.67,226515.0
2025-11-13 20:00:00+00:00,236.67,237.25,235.84,236.8,388450.0
2025-11-13 21:00:00+00:00,236.95,237.47,236.87,236.93,25930.0
2025-11-14 13:00:00+00:00,234.0,234.02,233.36,234.02,1387.0
2025-11-14 14:00:00+00:00,233.33,236.36,233.28,236.27,273572.0
2025-11-14 15:00:00+00:00,236.3,237.56,235.17,237.0,196658.0
2025-11-14 16:00:00+00:00,236.98,238.31,236.325,238.24,154304.0
2025-11-14 17:00:00+00:00,238.27,238.7,237.56,237.995,223250.0
2025-11-14 18:00:00+00:00,238.01,238.2,237.09,237.75,164403.0
2025-11-14 19:00:00+00:00,237.75,238.22,237.33,238.18,131121.0
2025-11-14 20:00:00+00:00,238.19,238.37,237.21,237.47,372766.0
2025-11-14 21:00:00+00:00,237.42,237.68,237.26,237.68,21989.0
2025-11-17 14:00:00+00:00,236.44,237.745,236.03,237.385,76959.0
2025-11-17 15:00:00+00:00,237.36,237.56,236.075,236.375,102580.0
2025-11-17 16:00:00+00:00,236.44,236.88,235.25,236.88,179310.0
2025-11-17 17:00:00+00:00,236.88,236.97,235.675,235.705,117278.0
2025-11-17 18:00:00+00:00,235.71,235.82,234.44,234.49,116187.0
2025-11-17 19:00:00+00:00,234.49,234.57,232.2,232.24,249062.0
2025-11-17 20:00:00+00:00,232.22,233.015,231.77,232.79,459007.0
2025-11-17 21:00:00+00:00,232.87,232.96,232.73,232.73,12797.0
2025-11-18 13:00:00+00:00,231.33,231.77,231.33,231.72,970.0
2025-11-18 14:00:00+00:00,231.4,232.98,231.195,231.67,127417.0
2025-11-18 15:00:00+00:00,231.73,232.74,231.0,231.49,166102.0
2025-11-18 16:00:00+00:00,231.36,233.645,230.995,233.135,245759.0
2025-11-18 17:00:00+00:00,233.09,234.56,232.02,234.27,149918.0
2025-11-18 18:00:00+00:00,234.36,235.07,234.08,234.26,185904.0
2025-11-18 19:00:00+00:00,234.27,234.71,233.88,234.52,127801.0
2025-11-18 20:00:00+00:00,234.495,234.73,233.375,233.5,322662.0
2025-11-18 21:00:00+00:00,233.33,233.33,232.82,232.82,5710.0
2025-11-19 13:00:00+00:00,234.36,234.36,234.36,234.36,150.0
2025-11-19 14:00:00+00:00,233.99,235.04,233.5,234.945,122115.0
2025-11-19 15:00:00+00:00,234.94,236.355,233.955,234.16,229626.0
2025-11-19 16:00:00+00:00,234.15,234.345,233.105,233.84,200519.0
2025-11-19 17:00:00+00:00,233.83,234.075,232.43,233.39,191702.0
2025-11-19 18:00:00+00:00,233.37,234.21,233.1,233.825,155265.0
2025-11-19 19:00:00+00:00,233.865,233.96,232.475,233.17,167103.0
2025-11-19 20:00:00+00:00,233.15,234.47,233.04,233.44,377105.0
2025-11-19 21:00:00+00:00,233.27,234.62,233.23,234.62,4378.0
2025-11-20 13:00:00+00:00,235.67,236.55,235.11,236.0,2070.0
2025-11-20 14:00:00+00:00,236.75,238.51,236.75,238.405,168347.0
2025-11-20 15:00:00+00:00,238.51,239.085,237.305,237.325,193923.0
2025-11-20 16:00:00+00:00,237.29,237.34,232.53,232.76,456666.0
2025-11-20 17:00:00+00:00,232.71,233.755,230.77,231.53,553675.0
2025-11-20 18:00:00+00:00,231.51,233.545,230.27,230.69,344389.0
2025-11-20 19:00:00+00:00,230.67,231.64,230.23,231.64,250757.0
2025-11-20 20:00:00+00:00,231.61,231.61,228.9,229.14,602585.0
2025-11-20 21:00:00+00:00,229.15,229.17,228.95,229.01,24300.0
2025-11-21 13:00:00+00:00,230.93,231.29,230.55,231.09,1140.0
2025-11-21 14:00:00+00:00,229.925,231.34,229.63,230.85,288752.0
2025-11-21 15:00:00+00:00,230.96,231.97,229.685,231.27,556941.0
2025-11-21 16:00:00+00:00,231.31,235.67,230.57,235.62,341810.0
2025-11-21 17:00:00+00:00,235.65,236.025,235.03,235.58,217029.0
2025-11-21 18:00:00+00:00,235.73,236.64,234.45,235.92,257536.0
2025-11-21 19:00:00+00:00,235.96,237.11,235.9,236.27,245846.0
2025-11-21 20:00:00+00:00,236.25,236.56,235.33,235.56,555159.0
2025-11-21 21:00:00+00:00,235.76,235.94,235.48,235.92,12972.0
2025-11-24 13:00:00+00:00,236.6,236.67,236.22,236.22,1050.0
2025-11-24 14:00:00+00:00,236.32,238.0,235.5,237.97,158874.0
2025-11-24 15:00:00+00:00,238.1,238.81,237.49,238.72,140587.0
2025-11-24 16:00:00+00:00,238.79,239.38,238.68,239.01,119781.0
2025-11-24 17:00:00+00:00,239.23,239.96,238.9,239.87,104189.0
2025-11-24 18:00:00+00:00,239.93,239.935,239.55,239.81,97262.0
2025-11-24 19:00:00+00:00,239.79,240.13,239.2,239.225,146217.0
2025-11-24 20:00:00+00:00,239.265,240.38,239.245,239.895,343948.0
2025-11-24 21:00:00+00:00,239.98,240.23,239.91,240.23,29177.0
2025-11-25 13:00:00+00:00,241.05,241.32,240.63,240.63,1440.0
2025-11-25 14:00:00+00:00,240.6,242.4,240.045,242.38,203026.0
2025-11-25 15:00:00+00:00,242.415,243.85,241.47,243.125,251263.0
2025-11-25 16:00:00+00:00,243.14,243.79,242.84,243.72,169484.0
2025-11-25 17:00:00+00:00,243.72,244.925,243.72,244.47,203206.0
2025-11-25 18:00:00+00:00,244.52,244.75,244.26,244.38,236091.0
2025-11-25 19:00:00+00:00,244.41,244.97,243.95,244.97,184794.0
2025-11-25 20:00:00+00:00,245.0,245.55,244.91,245.14,573366.0
2025-11-25 21:00:00+00:00,245.16,245.22,245.05,245.09,18418.0
2025-11-26 13:00:00+00:00,245.39,245.39,245.03,245.03,277.0
2025-11-26 14:00:00+00:00,245.04,246.49,244.79,245.81,126201.0
2025-11-26 15:00:00+00:00,245.8,246.9,245.615,246.9,176154.0
2025-11-26 16:00:00+00:00,246.93,247.345,246.73,247.25,158948.0
2025-11-26 17:00:00+00:00,247.26,247.27,246.82,247.13,156519.0
2025-11-26 18:00:00+00:00,247.15,247.76,246.8,247.735,161526.0
2025-11-26 19:00:00+00:00,247.69,248.495,247.61,248.275,134965.0
2025-11-26 20:00:00+00:00,248.305,248.815,247.16,247.33,417723.0
2025-11-26 21:00:00+00:00,247.315,247.315,247.1,247.11,17077.0
2025-11-28 14:00:00+00:00,247.96,248.32,247.08,247.81,125401.0
2025-11-28 15:00:00+00:00,247.84,248.55,247.765,248.35,190539.0
2025-11-28 16:00:00+00:00,248.32,248.51,248.085,248.29,140145.0
2025-11-28 17:00:00+00:00,248.32,248.76,247.81,248.7,334007.0
2025-11-28 18:00:00+00:00,248.45,248.49,248.16,248.48,590.0
2025-12-01 13:00:00+00:00,246.02,246.02,246.02,246.02,730.0
2025-12-01 14:00:00+00:00,245.555,247.65,245.46,247.29,165481.0
2025-12-01 15:00:00+00:00,247.41,247.45,245.88,247.02,227015.0
2025-12-01 16:00:00+00:00,247.01,247.235,246.27,246.83,210448.0
2025-12-01 17:00:00+00:00,246.83,247.33,246.675,247.03,151100.0
2025-12-01 18:00:00+00:00,247.02,247.43,247.02,247.31,140666.0
2025-12-01 19:00:00+00:00,247.29,247.29,245.72,245.88,213564.0
2025-12-01 20:00:00+00:00,245.85,246.165,245.335,245.66,425224.0
2025-12-01 21:00:00+00:00,245.51,245.99,245.5,245.93,23920.0
2025-12-02 13:00:00+00:00,246.95,246.95,246.95,246.95,200.0
2025-12-02 14:00:00+00:00,247.335,247.335,246.16,247.05,56474.0
2025-12-02 15:00:00+00:00,247.03,247.24,245.91,246.57,50636.0
2025-12-02 16:00:00+00:00,246.55,246.9,245.29,245.625,106742.0
2025-12-02 17:00:00+00:00,245.81,246.52,245.67,245.75,61135.0
2025-12-02 18:00:00+00:00,245.71,246.34,245.71,246.06,112274.0
2025-12-02 19:00:00+00:00,246.04,246.42,245.88,246.3,56000.0
2025-12-02 20:00:00+00:00,246.31,246.41,245.125,245.19,188224.0
2025-12-02 21:00:00+00:00,245.14,245.27,245.11,245.14,14301.0
2025-12-03 14:00:00+00:00,245.9,247.19,245.52,246.32,115130.0
2025-12-03 15:00:00+00:00,246.44,247.92,246.42,247.63,166178.0
2025-12-03 16:00:00+00:00,247.62,248.31,247.52,247.59,155219.0
2025-12-03 17:00:00+00:00,247.615,249.09,247.615,249.0,165832.0
2025-12-03 18:00:00+00:00,249.01,249.17,248.68,248.75,142362.0
2025-12-03 19:00:00+00:00,248.76,249.48,248.74,249.45,123239.0
2025-12-03 20:00:00+00:00,249.46,249.81,249.24,249.64,268145.0
2025-12-03 21:00:00+00:00,249.66,249.72,249.58,249.72,14439.0
2025-12-04 13:00:00+00:00,249.35,249.35,248.75,248.75,400.0
2025-12-04 14:00:00+00:00,249.02,249.76,248.61,248.67,82295.0
2025-12-04 15:00:00+00:00,248.71,251.18,248.71,251.14,196285.0
2025-12-04 16:00:00+00:00,251.12,251.84,250.79,251.83,241919.0
2025-12-04 17:00:00+00:00,251.78,252.34,251.39,252.3,167618.0
2025-12-04 18:00:00+00:00,252.3,252.66,252.105,252.41,157548.0
2025-12-04 19:00:00+00:00,252.405,252.49,251.09,252.01,211129.0
2025-12-04 20:00:00+00:00,251.98,251.98,251.47,251.81,309846.0
2025-12-04 21:00:00+00:00,251.8,251.88,251.72,251.74,20703.0
2025-12-05 13:00:00+00:00,251.36,251.36,251.36,251.36,1040.0
2025-12-05 14:00:00+00:00,251.52,251.59,250.82,251.275,73384.0
2025-12-05 15:00:00+00:00,251.335,252.66,251.2,252.02,152325.0
2025-12-05 16:00:00+00:00,252.1,252.19,250.58,250.99,161845.0
2025-12-05 17:00:00+00:00,250.91,251.25,250.29,251.23,144618.0
2025-12-05 18:00:00+00:00,251.26,251.61,250.89,251.39,152362.0
2025-12-05 19:00:00+00:00,251.4,251.45,250.85,251.45,146169.0
2025-12-05 20:00:00+00:00,251.4,251.4,250.555,250.75,279396.0
2025-12-05 21:00:00+00:00,250.79,251.1,250.64,250.81,29431.0
2025-12-08 13:00:00+00:00,252.23,252.24,252.23,252.24,380.0
2025-12-08 14:00:00+00:00,252.66,252.71,251.29,251.935,69307.0
2025-12-08 15:00:00+00:00,251.955,252.22,250.995,250.995,118256.0
2025-12-08 16:00:00+00:00,250.94,251.94,250.62,251.425,126338.0
2025-12-08 17:00:00+00:00,251.455,251.69,251.03,251.65,101920.0
2025-12-08 18:00:00+00:00,251.63,251.68,250.18,250.415,84978.0
2025-12-08 19:00:00+00:00,250.38,251.32,250.27,250.975,139934.0
2025-12-08 20:00:00+00:00,251.005,251.3,250.64,250.885,259718.0
2025-12-08 21:00:00+00:00,250.93,250.94,250.65,250.65,7160.0
2025-12-09 13:00:00+00:00,250.89,250.89,250.56,250.56,480.0
2025-12-09 14:00:00+00:00,250.235,251.94,250.105,251.52,100425.0
2025-12-09 15:00:00+00:00,251.38,252.105,250.91,252.04,82474.0
2025-12-09 16:00:00+00:00,252.08,252.94,252.08,252.285,104882.0
2025-12-09 17:00:00+00:00,252.32,252.53,251.66,252.175,117702.0
2025-12-09 18:00:00+00:00,252.17,252.22,251.59,251.97,68359.0
2025-12-09 19:00:00+00:00,252.01,252.11,251.54,251.97,77078.0
2025-12-09 20:00:00+00:00,251.92,252.07,251.2,251.375,183372.0
2025-12-09 21:00:00+00:00,251.375,251.44,251.04,251.27,13769.0
2025-12-10 13:00:00+00:00,251.19,251.27,251.19,251.27,520.0
2025-12-10 14:00:00+00:00,250.68,251.75,250.54,251.65,61260.0
2025-12-10 15:00:00+00:00,251.57,252.115,250.85,251.54,124788.0
2025-12-10 16:00:00+00:00,251.45,252.495,251.12,252.345,97455.0
2025-12-10 17:00:00+00:00,252.355,252.4,251.52,252.14,120785.0
2025-12-10 18:00:00+00:00,252.07,252.48,251.4,251.58,128678.0
2025-12-10 19:00:00+00:00,251.545,255.58,251.545,255.5,582297.0
2025-12-10 20:00:00+00:00,255.49,256.545,254.66,254.84,557153.0
2025-12-10 21:00:00+00:00,254.95,255.51,254.91,255.47,33317.0
2025-12-11 13:00:00+00:00,254.93,254.96,254.48,254.48,560.0
2025-12-11 14:00:00+00:00,254.69,256.46,254.325,254.74,166152.0
2025-12-11 15:00:00+00:00,254.63,256.28,254.35,256.045,169555.0
2025-12-11 16:00:00+00:00,255.97,257.275,255.65,256.9,176206.0
2025-12-11 17:00:00+00:00,256.88,257.66,256.82,257.395,149980.0
2025-12-11 18:00:00+00:00,257.4,257.72,257.19,257.6,113914.0
2025-12-11 19:00:00+00:00,257.58,257.99,257.44,257.75,173327.0
2025-12-11 20:00:00+00:00,257.775,258.0,257.45,257.78,273505.0
2025-12-11 21:00:00+00:00,257.75,258.08,257.71,258.08,12080.0
2025-12-12 13:00:00+00:00,258.11,258.11,257.85,257.85,420.0
2025-12-12 14:00:00+00:00,258.0,258.185,257.21,257.33,100330.0
2025-12-12 15:00:00+00:00,257.275,257.42,254.95,255.36,197752.0
2025-12-12 16:00:00+00:00,255.32,255.75,253.54,253.855,212107.0
2025-12-12 17:00:00+00:00,253.86,255.42,253.77,255.16,158511.0
2025-12-12 18:00:00+00:00,255.155,255.9,255.01,255.165,160049.0
2025-12-12 19:00:00+00:00,255.16,255.21,254.32,254.43,135511.0
2025-12-12 20:00:00+00:00,254.47,254.56,253.45,253.85,397772.0
2025-12-12 21:00:00+00:00,253.84,253.99,253.77,253.98,30541.0
2025-12-15 13:00:00+00:00,255.74,255.93,255.74,255.93,600.0
2025-12-15 14:00:00+00:00,256.17,256.17,253.545,253.56,171127.0
2025-12-15 15:00:00+00:00,253.575,254.03,252.27,252.615,278351.0
2025-12-15 16:00:00+00:00,252.66,253.26,251.805,252.24,159285.0
2025-12-15 17:00:00+00:00,252.175,252.74,251.815,252.3,116649.0
2025-12-15 18:00:00+00:00,252.28,252.75,251.78,252.62,99294.0
2025-12-15 19:00:00+00:00,252.57,252.84,252.28,252.8,121517.0
2025-12-15 20:00:00+00:00,252.78,252.81,251.74,251.945,452571.0
2025-12-15 21:00:00+00:00,252.02,252.12,251.79,251.84,7846.0
2025-12-16 13:00:00+00:00,250.65,250.65,250.65,250.65,210.0
2025-12-16 14:00:00+00:00,250.74,252.15,250.23,251.235,135595.0
2025-12-16 15:00:00+00:00,251.38,251.58,249.705,250.7,118499.0
2025-12-16 16:00:00+00:00,250.62,250.72,249.29,249.85,115125.0
2025-12-16 17:00:00+00:00,249.74,250.06,248.74,248.85,140566.0
2025-12-16 18:00:00+00:00,248.84,250.12,248.48,249.54,109473.0
2025-12-16 19:00:00+00:00,249.48,249.74,248.53,249.38,129046.0
2025-12-16 20:00:00+00:00,249.31,250.64,249.3,249.895,280889.0
2025-12-16 21:00:00+00:00,250.1,250.18,249.66,249.69,15133.0
2025-12-17 13:00:00+00:00,251.05,251.21,250.7,250.85,1500.0
2025-12-17 14:00:00+00:00,250.365,251.805,250.255,251.6,131059.0
2025-12-17 15:00:00+00:00,251.73,252.13,248.875,249.08,178400.0
2025-12-17 16:00:00+00:00,249.045,249.71,248.21,248.85,123217.0
2025-12-17 17:00:00+00:00,248.84,249.64,248.32,248.55,98494.0
2025-12-17 18:00:00+00:00,248.63,248.91,247.48,247.76,89751.0
2025-12-17 19:00:00+00:00,247.79,247.89,247.37,247.86,144038.0
2025-12-17 20:00:00+00:00,247.92,248.075,246.695,247.225,405267.0
2025-12-17 21:00:00+00:00,247.41,247.78,247.35,247.64,14525.0
2025-12-18 13:00:00+00:00,249.58,250.53,249.57,249.87,5165.0
2025-12-18 14:00:00+00:00,249.84,251.35,249.14,250.45,141070.0
2025-12-18 15:00:00+00:00,250.42,251.23,249.21,250.37,140816.0
2025-12-18 16:00:00+00:00,250.355,250.73,249.89,249.98,140812.0
2025-12-18 17:00:00+00:00,249.93,250.08,248.3,249.38,133479.0
2025-12-18 18:00:00+00:00,249.38,250.13,249.13,249.54,77907.0
2025-12-18 19:00:00+00:00,249.58,249.65,248.24,248.355,121496.0
2025-12-18 20:00:00+00:00,248.35,249.68,248.31,248.695,290822.0
2025-12-18 21:00:00+00:00,248.7,248.7,248.39,248.43,7915.0
2025-12-19 14:00:00+00:00,249.23,250.82,249.09,250.74,74202.0
2025-12-19 15:00:00+00:00,250.84,250.985,250.07,250.27,82146.0
2025-12-19 16:00:00+00:00,250.1,251.36,250.07,251.11,64184.0
2025-12-19 17:00:00+00:00,251.135,251.37,250.795,250.795,65352.0
2025-12-19 18:00:00+00:00,250.79,251.375,250.54,250.7,47409.0
2025-12-19 19:00:00+00:00,250.82,250.91,250.4,250.425,89638.0
2025-12-19 20:00:00+00:00,250.44,250.975,250.13,250.68,322517.0
2025-12-19 21:00:00+00:00,250.88,251.08,250.86,251.05,17212.0
2025-12-22 13:00:00+00:00,252.2,252.2,252.2,252.2,300.0
2025-12-22 14:00:00+00:00,252.47,253.53,252.2,253.43,181295.0
2025-12-22 15:00:00+00:00,253.55,254.47,253.48,254.44,170426.0
2025-12-22 16:00:00+00:00,254.5,255.11,254.285,254.965,252889.0
2025-12-22 17:00:00+00:00,254.97,255.04,254.285,254.805,178595.0
2025-12-22 18:00:00+00:00,254.805,254.805,253.99,254.055,99605.0
2025-12-22 19:00:00+00:00,254.12,254.155,253.57,253.93,91229.0
2025-12-22 20:00:00+00:00,253.91,254.05,253.24,253.6,305405.0
2025-12-22 21:00:00+00:00,253.62,253.7,253.4,253.44,28514.0
2025-12-23 13:00:00+00:00,252.92,252.92,252.17,252.17,1550.0
2025-12-23 14:00:00+00:00,252.2,253.18,252.07,252.23,103715.0
2025-12-23 15:00:00+00:00,252.21,252.87,251.48,252.295,208059.0
2025-12-23 16:00:00+00:00,252.295,252.485,251.64,252.32,175137.0
2025-12-23 17:00:00+00:00,252.29,252.59,251.92,251.98,97467.0
2025-12-23 18:00:00+00:00,251.98,252.595,251.98,252.18,38008.0
2025-12-23 19:00:00+00:00,252.18,252.355,252.055,252.235,57027.0
2025-12-23 20:00:00+00:00,252.245,252.63,252.01,252.06,186079.0
2025-12-23 21:00:00+00:00,251.91,252.09,251.85,251.99,12473.0
2025-12-24 13:00:00+00:00,252.08,252.17,252.08,252.12,790.0
2025-12-24 14:00:00+00:00,252.2,252.2,251.16,251.53,52460.0
2025-12-24 15:00:00+00:00,251.475,252.47,251.475,252.36,44810.0
2025-12-24 16:00:00+00:00,252.38,252.6,252.12,252.34,60825.0
2025-12-24 17:00:00+00:00,252.37,252.83,252.3,252.685,116544.0
2025-12-24 18:00:00+00:00,252.66,252.69,252.53,252.53,300.0
2025-12-26 13:00:00+00:00,252.41,252.41,252.41,252.41,300.0
2025-12-26 14:00:00+00:00,252.59,252.69,250.99,251.305,37997.0
2025-12-26 15:00:00+00:00,251.24,251.39,250.41,251.15,45589.0
2025-12-26 16:00:00+00:00,251.17,251.32,250.76,251.05,30037.0
2025-12-26 17:00:00+00:00,251.07,251.18,250.68,251.03,42745.0
2025-12-26 18:00:00+00:00,251.09,251.32,250.79,250.97,52231.0
2025-12-26 19:00:00+00:00,250.97,251.25,250.68,250.93,36638.0
2025-12-26 20:00:00+00:00,250.9,251.55,250.9,251.39,162899.0
2025-12-26 21:00:00+00:00,251.47,251.51,251.47,251.48,2500.0
2025-12-29 13:00:00+00:00,250.76,250.76,250.26,250.58,630.0
2025-12-29 14:00:00+00:00,250.55,251.39,250.12,250.27,52147.0
2025-12-29 15:00:00+00:00,250.25,250.315,249.5,249.54,71045.0
2025-12-29 16:00:00+00:00,249.55,250.135,249.47,249.84,77614.0
2025-12-29 17:00:00+00:00,249.83,249.92,249.35,249.8,65069.0
2025-12-29 18:00:00+00:00,249.78,250.035,249.54,249.55,61454.0
2025-12-29 19:00:00+00:00,249.535,249.96,249.41,249.85,85788.0
2025-12-29 20:00:00+00:00,249.84,250.165,249.615,249.88,396587.0
2025-12-29 21:00:00+00:00,249.8,249.85,249.72,249.82,5700.0
2025-12-30 13:00:00+00:00,250.19,250.19,250.1,250.1,500.0
2025-12-30 14:00:00+00:00,250.04,250.14,249.115,249.61,101331.0
2025-12-30 15:00:00+00:00,249.545,249.61,248.75,249.4,148165.0
2025-12-30 16:00:00+00:00,249.42,249.65,249.0,249.1,117160.0
2025-12-30 17:00:00+00:00,249.14,249.3,248.925,249.09,92152.0
2025-12-30 18:00:00+00:00,249.095,249.3,248.95,248.98,127628.0
2025-12-30 19:00:00+00:00,248.995,249.06,248.55,248.64,81398.0
2025-12-30 20:00:00+00:00,248.63,248.72,247.955,248.1,312184.0
2025-12-30 21:00:00+00:00,248.11,248.17,248.05,248.09,5535.0
2025-12-31 13:00:00+00:00,247.97,248.17,247.97,248.17,1600.0
2025-12-31 14:00:00+00:00,248.17,248.27,247.255,247.765,240784.0
2025-12-31 15:00:00+00:00,247.775,247.775,246.77,247.005,159808.0
2025-12-31 16:00:00+00:00,247.01,247.35,246.88,247.09,158996.0
2025-12-31 17:00:00+00:00,247.07,247.375,246.905,247.035,106368.0
2025-12-31 18:00:00+00:00,247.03,247.335,246.98,247.3,94255.0
2025-12-31 19:00:00+00:00,247.33,247.465,246.525,246.585,93463.0
2025-12-31 20:00:00+00:00,246.595,246.595,246.01,246.12,387238.0
2025-12-31 21:00:00+00:00,246.37,246.49,246.31,246.33,6045.0
2026-01-02 14:00:00+00:00,247.7,248.07,245.88,247.625,123508.0
2026-01-02 15:00:00+00:00,247.66,248.0,245.865,247.22,169689.0
2026-01-02 16:00:00+00:00,247.215,247.995,246.86,247.33,131571.0
2026-01-02 17:00:00+00:00,247.3,248.385,247.0,247.65,180800.0
2026-01-02 18:00:00+00:00,247.68,247.68,246.72,247.13,189226.0
2026-01-02 19:00:00+00:00,247.17,249.015,247.17,248.86,142058.0
2026-01-02 20:00:00+00:00,248.73,249.08,248.26,248.8,239969.0
2026-01-02 21:00:00+00:00,248.83,248.9,248.57,248.57,12178.0
2026-01-05 13:00:00+00:00,248.94,249.36,248.94,249.36,540.0
2026-01-05 14:00:00+00:00,249.785,251.37,249.58,250.96,82878.0
2026-01-05 15:00:00+00:00,251.07,252.305,250.68,251.79,153106.0
2026-01-05 16:00:00+00:00,251.79,252.76,251.53,252.75,123074.0
2026-01-05 17:00:00+00:00,252.755,253.05,252.6,252.775,123843.0
2026-01-05 18:00:00+00:00,252.815,253.29,252.71,253.27,78653.0
2026-01-05 19:00:00+00:00,253.32,253.54,253.005,253.28,126364.0
2026-01-05 20:00:00+00:00,253.27,253.37,252.63,252.76,361983.0
2026-01-05 21:00:00+00:00,252.68,252.72,252.5,252.5,19064.0
2026-01-06 14:00:00+00:00,252.305,252.68,251.52,252.45,180847.0
2026-01-06 15:00:00+00:00,252.35,253.635,252.22,252.785,223639.0
2026-01-06 16:00:00+00:00,252.75,253.29,252.54,252.89,140611.0
2026-01-06 17:00:00+00:00,252.9,253.71,252.855,253.62,144994.0
2026-01-06 18:00:00+00:00,253.635,254.595,253.6,254.55,108858.0
2026-01-06 19:00:00+00:00,254.57,255.47,254.47,255.42,195082.0
2026-01-06 20:00:00+00:00,255.43,256.24,255.43,256.1,336068.0
2026-01-06 21:00:00+00:00,256.06,256.13,256.01,256.1,9448.0
2026-01-07 13:00:00+00:00,255.63,256.47,255.63,256.47,480.0
2026-01-07 14:00:00+00:00,256.04,256.74,255.26,255.45,90746.0
2026-01-07 15:00:00+00:00,255.44,255.44,253.985,255.07,155833.0
2026-01-07 16:00:00+00:00,255.045,256.115,254.71,255.955,77561.0
2026-01-07 17:00:00+00:00,256.045,256.225,255.08,255.12,102090.0
2026-01-07 18:00:00+00:00,255.125,255.305,254.845,255.285,91325.0
2026-01-07 19:00:00+00:00,255.32,255.87,254.99,255.87,94873.0
2026-01-07 20:00:00+00:00,255.86,255.95,254.935,255.48,181872.0
2026-01-07 21:00:00+00:00,255.44,255.75,255.33,255.72,19465.0
2026-01-08 13:00:00+00:00,254.82,254.82,254.71,254.71,1475.0
2026-01-08 14:00:00+00:00,254.48,257.17,254.45,256.73,97383.0
2026-01-08 15:00:00+00:00,256.75,257.88,256.17,257.1,198687.0
2026-01-08 16:00:00+00:00,257.115,258.3,256.705,258.255,184603.0
2026-01-08 17:00:00+00:00,258.255,258.86,257.81,258.845,152819.0
2026-01-08 18:00:00+00:00,258.82,258.93,257.99,258.1,114403.0
2026-01-08 19:00:00+00:00,258.13,258.46,257.77,258.16,140424.0
2026-01-08 20:00:00+00:00,258.04,258.395,257.96,258.3,429558.0
2026-01-08 21:00:00+00:00,258.28,259.05,258.28,258.89,19834.0
2026-01-09 14:00:00+00:00,259.47,261.17,259.47,260.34,180848.0
2026-01-09 15:00:00+00:00,260.36,260.66,258.11,260.32,294460.0
2026-01-09 16:00:00+00:00,260.34,261.49,260.27,261.45,201843.0
2026-01-09 17:00:00+00:00,261.45,261.555,260.91,260.91,108088.0
2026-01-09 18:00:00+00:00,260.85,261.04,260.35,260.68,112198.0
2026-01-09 19:00:00+00:00,260.64,260.71,260.03,260.165,142990.0
2026-01-09 20:00:00+00:00,260.14,260.51,259.82,260.24,321068.0
2026-01-09 21:00:00+00:00,260.19,260.19,260.08,260.18,9854.0
2026-01-12 13:00:00+00:00,259.7,259.7,259.52,259.54,1269.0
2026-01-12 14:00:00+00:00,259.19,259.995,258.29,259.955,83093.0
2026-01-12 15:00:00+00:00,259.89,260.44,258.7,260.37,171786.0
2026-01-12 16:00:00+00:00,260.36,261.04,260.03,260.71,123821.0
2026-01-12 17:00:00+00:00,260.67,260.94,260.435,260.58,88811.0
2026-01-12 18:00:00+00:00,260.5,261.4,260.5,261.39,52252.0
2026-01-12 19:00:00+00:00,261.38,261.45,261.02,261.385,59438.0
2026-01-12 20:00:00+00:00,261.46,261.65,260.995,261.5,155039.0
2026-01-12 21:00:00+00:00,261.45,261.45,260.96,260.96,11109.0
2026-01-13 13:00:00+00:00,263.14,264.01,262.95,262.95,1800.0
2026-01-13 14:00:00+00:00,262.355,262.865,261.09,261.35,110085.0
2026-01-13 15:00:00+00:00,261.29,262.14,260.55,261.845,158342.0
2026-01-13 16:00:00+00:00,261.78,261.86,260.47,261.44,169055.0
2026-01-13 17:00:00+00:00,261.455,262.17,261.41,261.89,117455.0
2026-01-13 18:00:00+00:00,261.86,262.41,261.65,262.12,97733.0
2026-01-13 19:00:00+00:00,262.165,262.18,261.465,262.11,108983.0
2026-01-13 20:00:00+00:00,262.1,262.1,260.795,261.355,306693.0
2026-01-13 21:00:00+00:00,261.46,261.48,261.2,261.27,3967.0
2026-01-14 13:00:00+00:00,260.82,260.82,260.64,260.64,280.0
2026-01-14 14:00:00+00:00,260.78,261.625,260.215,260.885,55274.0
2026-01-14 15:00:00+00:00,260.62,262.14,260.22,261.07,153772.0
2026-01-14 16:00:00+00:00,261.13,262.49,260.77,261.025,128049.0
2026-01-14 17:00:00+00:00,261.02,261.8,260.72,261.055,87150.0
2026-01-14 18:00:00+00:00,261.02,262.07,260.965,261.81,96484.0
2026-01-14 19:00:00+00:00,261.775,262.58,261.76,262.43,91358.0
2026-01-14 20:00:00+00:00,262.445,263.46,262.05,263.21,313926.0
2026-01-14 21:00:00+00:00,263.24,263.26,262.6,262.6,11786.0
2026-01-15 13:00:00+00:00,263.49,263.49,263.38,263.39,2090.0
2026-01-15 14:00:00+00:00,263.68,264.77,263.68,264.265,108432.0
2026-01-15 15:00:00+00:00,264.39,266.56,264.38,266.435,163815.0
2026-01-15 16:00:00+00:00,266.59,267.04,266.275,266.35,187185.0
2026-01-15 17:00:00+00:00,266.345,266.68,266.01,266.03,94488.0
2026-01-15 18:00:00+00:00,266.03,266.77,266.03,266.58,70728.0
2026-01-15 19:00:00+00:00,266.52,266.96,266.12,266.47,127298.0
2026-01-15 20:00:00+00:00,266.45,266.45,265.345,265.48,205551.0
2026-01-16 13:00:00+00:00,265.88,265.97,265.65,265.82,920.0
2026-01-16 14:00:00+00:00,265.95,266.195,264.875,265.615,47672.0
2026-01-16 15:00:00+00:00,265.56,266.65,264.75,265.72,94797.0
2026-01-16 16:00:00+00:00,265.88,266.98,265.745,266.655,92280.0
2026-01-16 17:00:00+00:00,266.62,266.72,266.39,266.585,51921.0
2026-01-16 18:00:00+00:00,266.53,267.19,266.53,266.795,61441.0
2026-01-16 19:00:00+00:00,266.805,267.13,266.05,266.205,79211.0
2026-01-16 20:00:00+00:00,266.19,266.22,265.67,265.75,191666.0
2026-01-16 21:00:00+00:00,265.88,265.92,265.71,265.9,21542.0
2026-01-20 13:00:00+00:00,261.03,261.03,260.76,260.76,510.0
2026-01-20 14:00:00+00:00,260.61,263.305,260.61,262.69,159260.0
2026-01-20 15:00:00+00:00,262.78,264.46,261.825,264.25,200918.0
2026-01-20 16:00:00+00:00,264.26,264.88,263.565,264.7,144004.0
2026-01-20 17:00:00+00:00,264.65,265.07,263.5,263.64,163852.0
2026-01-20 18:00:00+00:00,263.6,264.3,262.3,262.76,212527.0
2026-01-20 19:00:00+00:00,262.73,263.33,261.865,262.505,216275.0
2026-01-20 20:00:00+00:00,262.505,262.87,262.16,262.61,424718.0
2026-01-20 21:00:00+00:00,262.83,263.1,262.83,263.01,7030.0
2026-01-21 13:00:00+00:00,262.85,263.06,262.7,263.06,500.0
2026-01-21 14:00:00+00:00,262.74,266.09,262.74,265.905,118053.0
2026-01-21 15:00:00+00:00,266.02,266.89,265.56,266.675,198577.0
2026-01-21 16:00:00+00:00,266.67,266.71,264.1,264.28,209656.0
2026-01-21 17:00:00+00:00,264.34,264.45,262.95,264.28,220417.0
2026-01-21 18:00:00+00:00,263.92,264.77,263.32,264.63,118648.0
2026-01-21 19:00:00+00:00,264.55,268.57,263.995,267.99,340229.0
2026-01-21 20:00:00+00:00,268.06,268.095,266.795,267.775,621985.0
2026-01-21 21:00:00+00:00,267.79,268.01,267.75,267.75,13435.0
2026-01-22 13:00:00+00:00,269.0,269.6,268.98,269.6,605.0
2026-01-22 14:00:00+00:00,269.49,270.935,269.46,270.31,151518.0
2026-01-22 15:00:00+00:00,270.13,271.55,269.68,271.28,117891.0
2026-01-22 16:00:00+00:00,271.39,271.55,270.67,270.86,93907.0
2026-01-22 17:00:00+00:00,270.85,271.54,270.69,271.33,70722.0
2026-01-22 18:00:00+00:00,271.32,271.36,270.635,270.72,70093.0
2026-01-22 19:00:00+00:00,270.92,270.92,269.96,269.96,84302.0
2026-01-22 20:00:00+00:00,269.915,270.35,269.47,269.77,300225.0
2026-01-22 21:00:00+00:00,269.72,269.8,269.72,269.78,7521.0
2026-01-23 13:00:00+00:00,268.97,269.1,268.86,269.1,570.0
2026-01-23 14:00:00+00:00,268.82,268.995,267.57,268.1,135607.0
2026-01-23 15:00:00+00:00,268.2,268.2,266.53,267.11,338859.0
2026-01-23 16:00:00+00:00,267.08,267.4,266.09,266.145,211324.0
2026-01-23 17:00:00+00:00,266.06,266.45,264.585,264.75,262273.0
2026-01-23 18:00:00+00:00,264.73,265.44,264.555,264.98,178959.0
2026-01-23 19:00:00+00:00,265.0,265.7,264.9,265.04,153258.0
2026-01-23 20:00:00+00:00,265.04,265.245,264.465,264.8,383268.0
2026-01-23 21:00:00+00:00,264.39,264.41,263.92,263.95,24213.0
2026-01-26 13:00:00+00:00,264.65,264.95,264.65,264.95,350.0
2026-01-26 14:00:00+00:00,265.19,266.655,264.37,265.835,219868.0
2026-01-26 15:00:00+00:00,265.73,265.74,263.74,264.1,196011.0
2026-01-26 16:00:00+00:00,264.11,264.24,263.49,263.785,193506.0
2026-01-26 17:00:00+00:00,263.74,264.65,263.66,264.185,108368.0
2026-01-26 18:00:00+00:00,264.12,264.49,263.93,264.245,78950.0
2026-01-26 19:00:00+00:00,264.24,264.43,263.8,263.905,97408.0
2026-01-26 20:00:00+00:00,263.83,264.33,263.755,263.955,247484.0
2026-01-26 21:00:00+00:00,263.92,264.05,263.86,264.04,12292.0
2026-01-27 13:00:00+00:00,264.35,264.35,264.12,264.12,1070.0
2026-01-27 14:00:00+00:00,264.02,264.33,262.94,262.94,100063.0
2026-01-27 15:00:00+00:00,262.755,264.5,262.755,263.7,144205.0
2026-01-27 16:00:00+00:00,263.69,264.46,263.405,263.92,107124.0
2026-01-27 17:00:00+00:00,263.9,264.03,263.245,263.43,129797.0
2026-01-27 18:00:00+00:00,263.39,263.97,262.94,263.875,102148.0
2026-01-27 19:00:00+00:00,263.85,264.47,263.74,264.35,93096.0
2026-01-27 20:00:00+00:00,264.32,264.86,264.25,264.65,188587.0
2026-01-27 21:00:00+00:00,264.59,264.83,264.44,264.82,6109.0
2026-01-28 13:00:00+00:00,265.82,265.82,265.49,265.49,300.0
2026-01-28 14:00:00+00:00,265.95,266.66,264.495,264.515,139680.0
2026-01-28 15:00:00+00:00,264.515,264.71,262.935,263.56,177143.0
2026-01-28 16:00:00+00:00,263.58,263.91,262.9,263.65,86244.0
2026-01-28 17:00:00+00:00,263.615,263.88,263.055,263.47,82987.0
2026-01-28 18:00:00+00:00,263.36,264.02,263.36,263.68,77478.0
2026-01-28 19:00:00+00:00,263.66,264.94,262.6,263.68,165938.0
2026-01-28 20:00:00+00:00,263.69,264.25,262.92,263.265,223977.0
2026-01-28 21:00:00+00:00,263.25,263.76,263.16,263.76,2228.0
2026-01-29 13:00:00+00:00,263.85,264.14,263.78,264.14,600.0
2026-01-29 14:00:00+00:00,263.88,265.06,263.0,263.01,159581.0
2026-01-29 15:00:00+00:00,262.985,262.985,259.66,260.45,404955.0
2026-01-29 16:00:00+00:00,260.35,262.01,259.42,261.8,364629.0
2026-01-29 17:00:00+00:00,261.8,263.09,261.56,261.61,161589.0
2026-01-29 18:00:00+00:00,261.705,262.66,261.29,261.81,143336.0
2026-01-29 19:00:00+00:00,261.85,263.12,261.69,261.98,120283.0
2026-01-29 20:00:00+00:00,262.0,263.49,261.99,263.41,246595.0
2026-01-29 21:00:00+00:00,263.42,263.55,263.25,263.25,10826.0
2026-01-30 13:00:00+00:00,260.39,260.7,260.39,260.69,550.0
2026-01-30 14:00:00+00:00,260.61,262.96,260.265,260.34,174539.0
2026-01-30 15:00:00+00:00,260.425,261.27,259.44,260.08,208601.0
2026-01-30 16:00:00+00:00,260.075,260.14,258.74,259.025,163230.0
2026-01-30 17:00:00+00:00,258.94,259.755,258.275,258.97,153822.0
2026-01-30 18:00:00+00:00,258.92,260.29,257.95,259.92,164470.0
2026-01-30 19:00:00+00:00,259.97,261.095,259.48,259.59,274547.0
2026-01-30 20:00:00+00:00,259.54,260.025,258.895,259.64,502377.0
2026-01-30 21:00:00+00:00,259.86,259.86,259.37,259.47,11609.0
2026-02-02 13:00:00+00:00,258.65,259.22,258.48,259.22,820.0
2026-02-02 14:00:00+00:00,259.19,261.31,258.37,260.08,109262.0
2026-02-02 15:00:00+00:00,260.03,263.24,259.82,262.645,252319.0
2026-02-02 16:00:00+00:00,262.735,262.91,261.9,262.4,60090.0
2026-02-02 17:00:00+00:00,262.47,263.43,262.47,263.31,84055.0
2026-02-02 18:00:00+00:00,263.3,263.77,262.62,263.35,135657.0
2026-02-02 19:00:00+00:00,263.305,263.7,262.62,262.76,104872.0
2026-02-02 20:00:00+00:00,262.85,263.13,261.73,262.17,253440.0
2026-02-02 21:00:00+00:00,262.18,262.2,261.63,261.63,10905.0
2026-02-03 13:00:00+00:00,263.1,263.18,262.91,263.18,830.0
2026-02-03 14:00:00+00:00,263.12,265.03,262.82,262.92,151918.0
2026-02-03 15:00:00+00:00,262.94,264.86,262.745,264.47,220605.0
2026-02-03 16:00:00+00:00,264.48,264.48,261.79,262.14,142683.0
2026-02-03 17:00:00+00:00,262.1,262.21,260.21,260.485,185295.0
2026-02-03 18:00:00+00:00,260.51,260.69,258.93,258.93,134585.0
2026-02-03 19:00:00+00:00,258.91,260.675,258.57,260.49,157887.0
2026-02-03 20:00:00+00:00,260.38,262.93,260.35,262.81,371532.0
2026-02-03 21:00:00+00:00,262.93,263.13,262.9,262.93,31261.0
2026-02-04 13:00:00+00:00,264.12,264.12,263.79,263.9,320.0
2026-02-04 14:00:00+00:00,263.9,264.65,262.105,262.25,120199.0
2026-02-04 15:00:00+00:00,262.15,263.52,260.67,261.225,174878.0
2026-02-04 16:00:00+00:00,261.36,261.49,258.87,260.14,139921.0
2026-02-04 17:00:00+00:00,260.04,260.38,257.43,258.06,165550.0
2026-02-04 18:00:00+00:00,258.02,258.69,257.18,258.11,178347.0
2026-02-04 19:00:00+00:00,258.16,261.455,257.66,261.3,201790.0
2026-02-04 20:00:00+00:00,261.33,261.47,260.32,260.49,302405.0
2026-02-04 21:00:00+00:00,261.3,261.33,261.12,261.12,521.0
2026-02-05 13:00:00+00:00,259.22,259.22,258.83,258.83,640.0
2026-02-05 14:00:00+00:00,258.86,261.61,258.51,260.87,187489.0
2026-02-05 15:00:00+00:00,260.95,261.48,256.86,257.96,293739.0
2026-02-05 16:00:00+00:00,258.02,259.31,256.69,259.14,134773.0
2026-02-05 17:00:00+00:00,259.1,259.29,257.66,258.02,123659.0
2026-02-05 18:00:00+00:00,257.995,258.31,256.16,256.65,133790.0
2026-02-05 19:00:00+00:00,256.53,257.96,256.26,256.62,156289.0
2026-02-05 20:00:00+00:00,256.53,257.54,255.05,255.98,407616.0
2026-02-05 21:00:00+00:00,256.26,256.37,255.9,256.08,1579.0
2026-02-06 13:00:00+00:00,259.28,259.62,259.28,259.62,520.0
2026-02-06 14:00:00+00:00,259.68,262.53,259.6,261.32,124177.0
2026-02-06 15:00:00+00:00,261.32,262.66,261.01,262.5,101007.0
2026-02-06 16:00:00+00:00,262.48,264.05,262.41,264.05,155040.0
2026-02-06 17:00:00+00:00,264.07,264.61,263.725,264.23,114800.0
2026-02-06 18:00:00+00:00,264.235,264.715,263.91,264.36,94873.0
2026-02-06 19:00:00+00:00,264.38,264.86,264.2,264.68,73117.0
2026-02-06 20:00:00+00:00,264.505,265.72,264.505,265.0,267896.0
2026-02-06 21:00:00+00:00,264.91,265.03,264.72,264.81,7812.0
2026-02-09 13:00:00+00:00,264.98,264.98,264.98,264.98,300.0
2026-02-09 14:00:00+00:00,264.8,264.8,263.38,264.03,118084.0
2026-02-09 15:00:00+00:00,263.91,266.77,263.91,266.765,105180.0
2026-02-09 16:00:00+00:00,266.76,267.385,266.76,267.25,138065.0
2026-02-09 17:00:00+00:00,267.2,267.67,266.79,266.82,105053.0
2026-02-09 18:00:00+00:00,266.78,267.145,266.03,267.02,114004.0
2026-02-09 19:00:00+00:00,267.04,267.5,266.88,267.45,93426.0
2026-02-09 20:00:00+00:00,267.395,267.5,266.73,266.87,181887.0
2026-02-09 21:00:00+00:00,266.86,266.96,266.76,266.89,7542.0
2026-02-10 13:00:00+00:00,266.88,266.88,266.55,266.55,310.0
2026-02-10 14:00:00+00:00,267.225,267.81,266.19,267.12,59807.0
2026-02-10 15:00:00+00:00,267.09,268.095,266.59,267.52,39655.0
2026-02-10 16:00:00+00:00,267.475,268.17,267.33,267.93,40709.0
2026-02-10 17:00:00+00:00,267.955,268.52,267.765,268.37,79506.0
2026-02-10 18:00:00+00:00,268.31,268.31,266.195,266.49,58040.0
2026-02-10 19:00:00+00:00,266.56,267.05,266.38,266.68,56704.0
2026-02-10 20:00:00+00:00,266.74,266.96,265.885,266.14,117580.0
2026-02-10 21:00:00+00:00,266.13,266.56,266.13,266.29,5844.0
2026-02-11 13:00:00+00:00,266.58,268.82,266.58,268.82,1310.0
2026-02-11 14:00:00+00:00,268.475,268.9,265.66,265.92,191160.0
2026-02-11 15:00:00+00:00,265.94,265.94,262.13,263.2,540801.0
2026-02-11 16:00:00+00:00,263.26,264.67,262.765,263.99,248017.0
2026-02-11 17:00:00+00:00,263.95,264.54,263.51,263.58,161433.0
2026-02-11 18:00:00+00:00,263.56,263.96,262.79,263.78,120153.0
2026-02-11 19:00:00+00:00,263.76,265.1,263.735,264.9,156076.0
2026-02-11 20:00:00+00:00,264.85,265.09,264.21,264.92,275592.0
2026-02-11 21:00:00+00:00,264.95,265.3,264.95,265.29,6341.0
2026-02-12 13:00:00+00:00,267.12,267.12,267.12,267.12,310.0
2026-02-12 14:00:00+00:00,267.09,267.44,264.645,264.97,104065.0
2026-02-12 15:00:00+00:00,264.93,265.54,262.85,262.85,121383.0
2026-02-12 16:00:00+00:00,262.84,263.02,259.245,259.875,259772.0
2026-02-12 17:00:00+00:00,259.93,260.34,258.745,258.745,219808.0
2026-02-12 18:00:00+00:00,258.7,260.37,258.42,259.78,211387.0
2026-02-12 19:00:00+00:00,260.02,261.045,259.64,260.765,150695.0
2026-02-12 20:00:00+00:00,260.77,261.025,259.09,259.57,265404.0
2026-02-12 21:00:00+00:00,259.51,259.57,259.4,259.57,9749.0
2026-02-13 13:00:00+00:00,259.59,261.39,259.59,260.82,1820.0
2026-02-13 14:00:00+00:00,260.97,261.6,258.52,260.35,203077.0
2026-02-13 15:00:00+00:00,260.37,263.6,260.37,263.46,302788.0
2026-02-13 16:00:00+00:00,263.54,264.71,263.48,264.26,227778.0
2026-02-13 17:00:00+00:00,264.235,265.17,264.19,264.29,132652.0
2026-02-13 18:00:00+00:00,264.435,264.84,263.69,263.9,105146.0
2026-02-13 19:00:00+00:00,263.78,264.195,262.735,262.835,104116.0
2026-02-13 20:00:00+00:00,262.94,263.475,262.105,262.93,260918.0
2026-02-13 21:00:00+00:00,262.9,262.99,262.75,262.77,6906.0
2026-02-17 13:00:00+00:00,261.72,262.08,261.72,262.08,290.0
2026-02-17 14:00:00+00:00,262.44,263.93,260.29,260.31,126836.0
2026-02-17 15:00:00+00:00,260.25,261.27,259.065,260.7,175921.0
2026-02-17 16:00:00+00:00,260.72,263.15,260.72,262.66,195743.0
2026-02-17 17:00:00+00:00,262.51,262.6,261.3,261.97,104526.0
2026-02-17 18:00:00+00:00,261.97,264.255,261.52,263.88,144963.0
2026-02-17 19:00:00+00:00,263.89,264.35,263.49,263.6,135381.0
2026-02-17 20:00:00+00:00,263.615,263.82,262.79,263.02,196717.0
2026-02-17 21:00:00+00:00,262.86,262.94,262.72,262.72,398.0
2026-02-18 13:00:00+00:00,262.68,262.68,262.68,262.68,160.0
2026-02-18 14:00:00+00:00,263.0,265.81,261.865,265.72,109347.0
2026-02-18 15:00:00+00:00,265.78,266.86,265.73,266.4,257143.0
2026-02-18 16:00:00+00:00,266.41,266.43,265.425,265.45,183855.0
2026-02-18 17:00:00+00:00,265.44,265.96,265.35,265.64,121367.0
2026-02-18 18:00:00+00:00,265.6,265.845,264.58,264.87,144863.0
2026-02-18 19:00:00+00:00,264.91,265.11,263.03,263.36,181514.0
2026-02-18 20:00:00+00:00,263.38,264.29,262.83,263.96,327419.0
2026-02-18 21:00:00+00:00,263.79,263.95,263.79,263.81,5250.0
2026-02-19 13:00:00+00:00,262.98,262.98,262.98,262.98,130.0
2026-02-19 14:00:00+00:00,262.545,263.54,261.12,263.09,118420.0
2026-02-19 15:00:00+00:00,263.12,264.07,262.31,263.56,190179.0
2026-02-19 16:00:00+00:00,263.6,264.23,262.93,263.355,125516.0
2026-02-19 17:00:00+00:00,263.31,263.74,262.44,262.69,129552.0
2026-02-19 18:00:00+00:00,262.62,263.1,262.0,263.03,146686.0
2026-02-19 19:00:00+00:00,263.0,263.63,262.62,263.1,123608.0
2026-02-19 20:00:00+00:00,263.12,264.63,263.12,264.57,271360.0
2026-02-19 21:00:00+00:00,264.52,264.67,264.5,264.65,7324.0
2026-02-20 13:00:00+00:00,263.88,263.88,263.1,263.1,260.0
2026-02-20 14:00:00+00:00,262.26,263.96,262.26,263.675,119784.0
2026-02-20 15:00:00+00:00,263.89,267.19,263.36,264.7,279627.0
2026-02-20 16:00:00+00:00,264.7,265.51,263.51,264.69,180524.0
2026-02-20 17:00:00+00:00,264.78,264.83,262.16,264.11,225425.0
2026-02-20 18:00:00+00:00,264.08,265.62,262.92,265.465,215032.0
2026-02-20 19:00:00+00:00,265.445,265.625,263.42,263.49,121681.0
2026-02-20 20:00:00+00:00,263.5,264.65,263.465,264.64,171084.0
2026-02-23 13:00:00+00:00,263.18,263.22,263.18,263.22,290.0
2026-02-23 14:00:00+00:00,263.41,264.37,261.78,262.065,108672.0
2026-02-23 15:00:00+00:00,261.89,262.16,259.19,259.205,218547.0
2026-02-23 16:00:00+00:00,259.215,259.55,258.48,258.94,143976.0
2026-02-23 17:00:00+00:00,258.915,259.12,258.11,258.95,105689.0
2026-02-23 18:00:00+00:00,259.025,260.73,258.97,259.89,100643.0
2026-02-23 19:00:00+00:00,259.88,260.2,259.39,259.92,68420.0
2026-02-23 20:00:00+00:00,259.85,260.52,259.54,260.51,244857.0
2026-02-23 21:00:00+00:00,260.5,260.81,260.5,260.81,3320.0
2026-02-24 14:00:00+00:00,260.88,262.78,259.94,262.13,105424.0
2026-02-24 15:00:00+00:00,262.1,264.13,261.77,262.58,183716.0
2026-02-24 16:00:00+00:00,262.68,263.17,261.91,262.69,129062.0
2026-02-24 17:00:00+00:00,262.66,263.36,262.62,263.27,68495.0
2026-02-24 18:00:00+00:00,263.21,263.775,263.06,263.6,115055.0
2026-02-24 19:00:00+00:00,263.61,263.79,263.19,263.425,133342.0
2026-02-24 20:00:00+00:00,263.42,263.735,262.83,263.33,227145.0
2026-02-24 21:00:00+00:00,263.19,263.29,263.15,263.29,7071.0
2026-02-25 13:00:00+00:00,264.99,264.99,264.68,264.68,336.0
2026-02-25 14:00:00+00:00,265.15,265.26,263.18,263.73,91014.0
2026-02-25 15:00:00+00:00,263.72,263.75,262.45,262.95,141502.0
2026-02-25 16:00:00+00:00,263.03,264.5,262.71,264.295,132659.0
2026-02-25 17:00:00+00:00,264.29,264.765,264.03,264.765,80626.0
2026-02-25 18:00:00+00:00,264.78,264.93,264.405,264.65,50286.0
2026-02-25 19:00:00+00:00,264.68,265.24,264.43,265.145,78164.0
2026-02-25 20:00:00+00:00,265.18,265.24,264.28,264.55,185190.0
2026-02-25 21:00:00+00:00,264.63,264.74,264.54,264.62,1463.0
2026-02-26 14:00:00+00:00,265.06,266.16,263.875,264.17,86752.0
2026-02-26 15:00:00+00:00,264.13,265.125,262.28,264.83,177635.0
2026-02-26 16:00:00+00:00,264.92,265.13,263.07,263.07,163288.0
2026-02-26 17:00:00+00:00,263.09,263.51,262.12,262.51,138742.0
2026-02-26 18:00:00+00:00,262.5,264.535,262.17,264.15,121880.0
2026-02-26 19:00:00+00:00,264.14,265.845,264.14,265.48,129356.0
2026-02-26 20:00:00+00:00,265.445,266.22,265.44,265.92,185882.0
2026-02-26 21:00:00+00:00,265.94,266.14,264.93,265.01,20276.0
2026-02-27 13:00:00+00:00,263.0,263.0,261.63,262.4,5891.0
2026-02-27 14:00:00+00:00,261.85,262.74,259.95,260.1,198507.0
2026-02-27 15:00:00+00:00,259.96,261.97,259.85,261.345,210617.0
2026-02-27 16:00:00+00:00,261.29,261.94,260.76,260.93,140227.0
2026-02-27 17:00:00+00:00,261.01,261.795,260.13,260.59,135517.0
2026-02-27 18:00:00+00:00,260.58,260.64,259.845,260.345,77798.0
2026-02-27 19:00:00+00:00,260.3,260.75,259.785,259.83,108666.0
2026-02-27 20:00:00+00:00,259.825,261.52,259.825,261.38,398694.0
2026-02-27 21:00:00+00:00,261.21,261.24,260.75,260.75,11171.0
2026-03-02 13:00:00+00:00,258.24,258.87,258.24,258.87,340.0
2026-03-02 14:00:00+00:00,257.57,260.24,257.57,259.88,198171.0
2026-03-02 15:00:00+00:00,259.805,262.195,259.48,261.94,377247.0
2026-03-02 16:00:00+00:00,261.95,263.27,261.015,262.59,230116.0
2026-03-02 17:00:00+00:00,262.595,263.385,262.035,263.335,149461.0
2026-03-02 18:00:00+00:00,263.4,263.58,262.73,262.74,90854.0
2026-03-02 19:00:00+00:00,262.71,264.28,262.71,264.02,210957.0
2026-03-02 20:00:00+00:00,263.99,264.16,262.79,263.79,305894.0
2026-03-02 21:00:00+00:00,263.22,263.22,263.22,263.22,145.0
2026-03-03 13:00:00+00:00,256.92,256.92,256.89,256.89,290.0
2026-03-03 14:00:00+00:00,256.79,257.055,254.2,254.53,477907.0
2026-03-03 15:00:00+00:00,254.49,255.56,253.34,255.205,388618.0
2026-03-03 16:00:00+00:00,255.26,258.47,255.07,258.16,371964.0
2026-03-03 17:00:00+00:00,258.06,259.235,257.19,258.96,240785.0
2026-03-03 18:00:00+00:00,258.98,261.0,258.9,260.78,272668.0
2026-03-03 19:00:00+00:00,260.86,261.1,259.31,260.225,197641.0
2026-03-03 20:00:00+00:00,260.275,260.6,259.05,259.25,288156.0
2026-03-03 21:00:00+00:00,259.29,259.29,259.01,259.08,4761.0
2026-03-04 13:00:00+00:00,261.09,261.42,261.0,261.0,1480.0
2026-03-04 14:00:00+00:00,261.11,262.01,258.82,259.58,136813.0
2026-03-04 15:00:00+00:00,259.58,262.865,259.58,262.72,216234.0
2026-03-04 16:00:00+00:00,262.755,262.94,261.24,262.08,166583.0
2026-03-04 17:00:00+00:00,262.05,262.34,261.5,262.05,84043.0
2026-03-04 18:00:00+00:00,262.085,262.19,261.095,262.005,119564.0
2026-03-04 19:00:00+00:00,262.02,262.58,261.995,262.49,107211.0
2026-03-04 20:00:00+00:00,262.49,262.775,261.775,261.775,237216.0
2026-03-05 13:00:00+00:00,259.68,259.68,259.47,259.47,430.0
2026-03-05 14:00:00+00:00,259.11,260.595,258.36,260.4,173626.0
2026-03-05 15:00:00+00:00,260.44,260.72,257.385,258.505,181473.0
2026-03-05 16:00:00+00:00,258.58,258.68,256.445,257.02,325480.0
2026-03-05 17:00:00+00:00,257.035,257.76,254.41,254.61,200196.0
2026-03-05 18:00:00+00:00,254.36,255.75,254.295,254.905,166364.0
2026-03-05 19:00:00+00:00,254.865,255.59,254.195,254.76,135835.0
2026-03-05 20:00:00+00:00,254.73,257.04,254.57,256.805,360861.0
2026-03-06 13:00:00+00:00,254.73,254.73,251.01,251.33,1740.0
2026-03-06 14:00:00+00:00,250.86,251.75,250.105,250.34,225272.0
2026-03-06 15:00:00+00:00,250.42,253.28,250.42,252.43,311936.0
2026-03-06 16:00:00+00:00,252.39,252.9,251.08,251.4,243049.0
2026-03-06 17:00:00+00:00,251.4,251.92,249.94,250.6,323269.0
2026-03-06 18:00:00+00:00,250.57,252.28,250.53,251.41,192549.0
2026-03-06 19:00:00+00:00,251.435,252.315,251.12,251.79,189646.0
2026-03-06 20:00:00+00:00,251.81,252.2,250.095,250.88,500988.0
2026-03-09 12:00:00+00:00,246.61,247.09,246.01,246.37,1050.0
2026-03-09 13:00:00+00:00,246.91,247.83,245.0,245.66,158689.0
2026-03-09 14:00:00+00:00,245.56,247.575,244.42,247.29,376683.0
2026-03-09 15:00:00+00:00,247.45,248.725,247.34,247.86,149831.0
2026-03-09 16:00:00+00:00,247.83,249.86,247.73,249.445,83298.0
2026-03-09 17:00:00+00:00,249.485,249.53,247.69,247.97,137299.0
2026-03-09 18:00:00+00:00,247.965,249.885,247.965,249.295,102607.0
2026-03-09 19:00:00+00:00,249.32,254.6,249.285,253.65,513144.0
2026-03-10 12:00:00+00:00,251.61,251.61,251.49,251.49,530.0
2026-03-10 13:00:00+00:00,253.0,254.205,252.41,253.82,152870.0
2026-03-10 14:00:00+00:00,253.87,256.11,252.57,256.02,215233.0
2026-03-10 15:00:00+00:00,256.055,256.91,255.44,256.2,199842.0
2026-03-10 16:00:00+00:00,256.15,256.54,255.32,256.285,148028.0
2026-03-10 17:00:00+00:00,256.23,257.64,255.88,256.5,207347.0
2026-03-10 18:00:00+00:00,256.5,256.72,252.89,253.595,250916.0
2026-03-10 19:00:00+00:00,253.655,254.535,252.81,253.39,305221.0
2026-03-10 20:00:00+00:00,253.25,253.31,253.25,253.31,350.0
2026-03-11 12:00:00+00:00,252.24,252.24,251.42,251.42,560.0
2026-03-11 13:00:00+00:00,252.03,252.85,250.585,251.67,149124.0
2026-03-11 14:00:00+00:00,251.6,254.08,251.52,253.95,324104.0
2026-03-11 15:00:00+00:00,253.95,254.38,250.88,251.17,222280.0
2026-03-11 16:00:00+00:00,251.17,252.39,250.67,252.33,148872.0
2026-03-11 17:00:00+00:00,252.3,252.52,250.8,251.61,114642.0
2026-03-11 18:00:00+00:00,251.53,252.1,250.99,251.82,141265.0
2026-03-11 19:00:00+00:00,251.87,252.86,251.41,252.84,301090.0
2026-03-11 20:00:00+00:00,252.85,252.92,252.52,252.67,6000.0
2026-03-12 12:00:00+00:00,249.48,249.62,249.12,249.12,1080.0
2026-03-12 13:00:00+00:00,249.35,249.54,247.49,248.195,188719.0
2026-03-12 14:00:00+00:00,248.23,249.55,246.81,247.25,285523.0
2026-03-12 15:00:00+00:00,247.275,249.22,246.58,248.53,273394.0
2026-03-12 16:00:00+00:00,248.59,249.77,247.7,248.95,295630.0
2026-03-12 17:00:00+00:00,248.93,249.76,247.965,248.505,199027.0
2026-03-12 18:00:00+00:00,248.51,249.43,248.22,248.27,184923.0
2026-03-12 19:00:00+00:00,248.2,248.59,247.045,247.43,411519.0
2026-03-12 20:00:00+00:00,247.49,247.49,247.49,247.49,350.0
2026-03-13 12:00:00+00:00,249.96,249.96,249.96,249.96,290.0
2026-03-13 13:00:00+00:00,249.09,250.59,249.09,249.3,246407.0
2026-03-13 14:00:00+00:00,249.46,249.54,246.13,246.2,263414.0
2026-03-13 15:00:00+00:00,246.28,247.35,245.85,246.09,209116.0
2026-03-13 16:00:00+00:00,246.03,246.955,245.68,246.06,288152.0
2026-03-13 17:00:00+00:00,246.12,246.75,245.54,245.58,225513.0
2026-03-13 18:00:00+00:00,245.65,246.89,245.55,246.58,143492.0
2026-03-13 19:00:00+00:00,246.6,246.63,245.69,246.56,514459.0
2026-03-13 20:00:00+00:00,246.17,246.32,246.17,246.32,350.0
2026-03-16 13:00:00+00:00,249.78,251.235,249.615,251.23,377012.0
2026-03-16 14:00:00+00:00,251.19,251.45,249.19,250.325,219495.0
2026-03-16 15:00:00+00:00,250.41,250.455,249.2,249.225,190696.0
2026-03-16 16:00:00+00:00,249.15,249.3,248.31,248.87,111167.0
2026-03-16 17:00:00+00:00,248.85,249.71,248.71,249.04,136028.0
2026-03-16 18:00:00+00:00,249.1,250.3,249.02,249.92,187209.0
2026-03-16 19:00:00+00:00,249.99,250.71,248.835,248.95,310493.0
2026-03-16 20:00:00+00:00,248.84,248.84,248.84,248.84,215.0
2026-03-17 13:00:00+00:00,249.23,251.69,249.23,251.6,183411.0
2026-03-17 14:00:00+00:00,251.55,251.55,250.25,251.44,133133.0
2026-03-17 15:00:00+00:00,251.44,251.47,249.1,249.74,161358.0
2026-03-17 16:00:00+00:00,249.65,250.01,248.965,249.58,73967.0
2026-03-17 17:00:00+00:00,249.59,250.37,249.57,250.33,66976.0
2026-03-17 18:00:00+00:00,250.34,250.73,249.745,250.27,80324.0
2026-03-17 19:00:00+00:00,250.3,250.435,249.78,250.07,196458.0
2026-03-17 20:00:00+00:00,250.09,250.09,250.06,250.06,1000.0
2026-03-18 12:00:00+00:00,250.74,250.74,247.83,247.83,2682.0
2026-03-18 13:00:00+00:00,247.57,249.01,247.57,249.0,338863.0
2026-03-18 14:00:00+00:00,249.04,249.12,247.13,248.22,158570.0
2026-03-18 15:00:00+00:00,248.24,248.66,247.5,247.735,125257.0
2026-03-18 16:00:00+00:00,247.65,248.7,247.43,248.42,70848.0
2026-03-18 17:00:00+00:00,248.425,248.97,248.06,248.9,72993.0
2026-03-18 18:00:00+00:00,248.97,249.22,246.5,246.6,182600.0
2026-03-18 19:00:00+00:00,246.67,247.4,245.895,246.05,192197.0
2026-03-19 12:00:00+00:00,244.44,244.65,244.05,244.05,670.0
2026-03-19 13:00:00+00:00,243.03,244.855,242.55,244.855,167185.0
2026-03-19 14:00:00+00:00,244.77,245.6,243.84,245.2,171995.0
2026-03-19 15:00:00+00:00,245.155,246.375,244.27,245.14,189171.0
2026-03-19 16:00:00+00:00,245.15,246.0,244.69,245.32,168344.0
2026-03-19 17:00:00+00:00,245.3,245.42,243.87,244.765,77072.0
2026-03-19 18:00:00+00:00,244.795,246.61,244.59,246.58,185563.0
2026-03-19 19:00:00+00:00,246.56,250.075,246.52,247.585,658315.0
2026-03-20 12:00:00+00:00,246.57,246.57,246.3,246.3,540.0
2026-03-20 13:00:00+00:00,246.81,247.46,244.99,245.075,249849.0
2026-03-20 14:00:00+00:00,244.92,245.46,243.41,244.14,257231.0
2026-03-20 15:00:00+00:00,244.32,245.46,243.71,244.39,153516.0
2026-03-20 16:00:00+00:00,244.335,245.06,243.665,244.47,139255.0
2026-03-20 17:00:00+00:00,244.53,244.59,242.87,243.575,143460.0
2026-03-20 18:00:00+00:00,243.61,243.7,241.245,241.49,284585.0
2026-03-20 19:00:00+00:00,241.515,242.33,240.36,242.33,458656.0
2026-03-23 12:00:00+00:00,246.66,250.32,246.66,249.3,2650.0
2026-03-23 13:00:00+00:00,248.25,249.68,246.16,249.63,363077.0
2026-03-23 14:00:00+00:00,249.66,250.48,248.63,250.27,413445.0
2026-03-23 15:00:00+00:00,250.31,251.345,247.295,247.52,353130.0
2026-03-23 16:00:00+00:00,247.57,248.46,246.97,247.73,159231.0
2026-03-23 17:00:00+00:00,247.81,249.44,247.06,249.17,151350.0
2026-03-23 18:00:00+00:00,249.17,250.05,248.38,249.54,174302.0
2026-03-23 19:00:00+00:00,249.6,249.6,247.425,247.425,326611.0
2026-03-24 12:00:00+00:00,246.51,246.63,246.51,246.54,730.0
2026-03-24 13:00:00+00:00,246.03,246.57,244.61,245.62,300052.0
2026-03-24 14:00:00+00:00,245.46,248.76,245.4,248.03,318425.0
2026-03-24 15:00:00+00:00,248.1,249.87,248.1,248.76,212577.0
2026-03-24 16:00:00+00:00,248.75,249.46,248.3,249.14,143815.0
2026-03-24 17:00:00+00:00,249.13,249.38,247.29,248.7,242974.0
2026-03-24 18:00:00+00:00,248.78,250.14,248.23,249.26,134233.0
2026-03-24 19:00:00+00:00,249.29,250.005,248.59,248.78,293297.0
2026-03-24 20:00:00+00:00,248.8,248.82,248.71,248.71,3260.0
2026-03-25 12:00:00+00:00,252.36,252.36,250.26,251.28,1680.0
2026-03-25 13:00:00+00:00,251.82,252.945,251.06,251.145,152588.0
2026-03-25 14:00:00+00:00,251.25,253.07,250.89,252.31,129055.0
2026-03-25 15:00:00+00:00,252.35,252.36,249.54,251.67,140864.0
2026-03-25 16:00:00+00:00,251.6,252.19,250.81,251.89,69788.0
2026-03-25 17:00:00+00:00,252.01,252.6,251.35,251.65,70396.0
2026-03-25 18:00:00+00:00,251.56,252.18,250.52,250.95,90115.0
2026-03-25 19:00:00+00:00,250.965,251.85,250.62,251.85,337067.0
2026-03-26 12:00:00+00:00,248.4,248.91,248.4,248.91,1740.0
2026-03-26 13:00:00+00:00,249.03,251.215,248.815,251.17,207780.0
2026-03-26 14:00:00+00:00,251.18,251.8,249.22,250.07,194994.0
2026-03-26 15:00:00+00:00,250.13,250.52,249.53,250.1,138647.0
2026-03-26 16:00:00+00:00,249.985,250.34,248.16,248.67,160090.0
2026-03-26 17:00:00+00:00,248.705,248.87,247.57,247.62,105203.0
2026-03-26 18:00:00+00:00,247.72,248.78,247.72,248.495,100129.0
2026-03-26 19:00:00+00:00,248.62,248.64,247.18,247.41,193159.0
2026-03-27 12:00:00+00:00,245.79,245.79,245.79,245.79,180.0
2026-03-27 13:00:00+00:00,245.52,246.46,244.24,244.41,205076.0
2026-03-27 14:00:00+00:00,244.51,245.67,244.19,245.44,231321.0
2026-03-27 15:00:00+00:00,245.46,246.74,244.61,245.49,303993.0
2026-03-27 16:00:00+00:00,245.52,245.58,244.24,244.59,167798.0
2026-03-27 17:00:00+00:00,244.59,245.34,243.31,243.36,227649.0
2026-03-27 18:00:00+00:00,243.35,244.08,243.025,243.745,227530.0
2026-03-27 19:00:00+00:00,243.745,243.84,242.41,243.11,636855.0
2026-03-30 12:00:00+00:00,245.01,245.45,245.01,245.45,790.0
2026-03-30 13:00:00+00:00,245.31,245.64,241.605,241.93,134709.0
2026-03-30 14:00:00+00:00,241.98,243.1,241.02,242.46,179254.0
2026-03-30 15:00:00+00:00,242.55,243.29,241.73,242.44,156931.0
2026-03-30 16:00:00+00:00,242.5,242.51,240.985,241.13,122710.0
2026-03-30 17:00:00+00:00,241.16,241.36,239.565,239.83,198694.0
2026-03-30 18:00:00+00:00,239.83,240.315,239.5,239.665,128376.0
2026-03-30 19:00:00+00:00,239.625,239.98,238.69,239.59,350167.0
2026-03-31 12:00:00+00:00,242.43,243.56,242.43,243.47,2133.0
2026-03-31 13:00:00+00:00,243.24,245.19,242.835,245.15,138409.0
2026-03-31 14:00:00+00:00,245.13,245.13,242.24,242.785,273727.0
2026-03-31 15:00:00+00:00,242.79,244.71,242.79,243.09,165854.0
2026-03-31 16:00:00+00:00,243.03,248.89,243.02,246.57,365471.0
2026-03-31 17:00:00+00:00,246.6,247.41,246.04,246.14,279188.0
2026-03-31 18:00:00+00:00,246.25,247.47,246.19,247.35,126015.0
2026-03-31 19:00:00+00:00,247.43,248.37,247.13,248.0,309223.0
2026-04-01 12:00:00+00:00,249.81,251.25,248.88,248.88,780.0
2026-04-01 13:00:00+00:00,249.955,251.36,249.92,250.755,330116.0
2026-04-01 14:00:00+00:00,250.75,251.86,250.13,251.71,478373.0
2026-04-01 15:00:00+00:00,251.76,252.36,251.37,252.205,451927.0
2026-04-01 16:00:00+00:00,252.2,252.44,251.36,252.05,522233.0
2026-04-01 17:00:00+00:00,252.04,252.32,251.1,251.13,400280.0
2026-04-01 18:00:00+00:00,251.135,251.18,249.11,249.485,660775.0
2026-04-01 19:00:00+00:00,249.54,250.35,249.38,249.4,953881.0
2026-04-02 12:00:00+00:00,244.71,244.71,244.71,244.71,120.0
2026-04-02 13:00:00+00:00,244.74,246.9,244.74,246.875,221104.0
2026-04-02 14:00:00+00:00,246.88,252.29,246.42,250.79,306223.0
2026-04-02 15:00:00+00:00,250.74,251.24,249.74,250.36,105966.0
2026-04-02 16:00:00+00:00,250.42,250.825,249.4,249.91,106517.0
2026-04-02 17:00:00+00:00,249.895,250.495,249.51,249.83,57773.0
2026-04-02 18:00:00+00:00,249.895,250.96,249.765,250.74,70870.0
2026-04-02 19:00:00+00:00,250.79,251.365,250.64,251.29,212165.0
2026-04-02 20:00:00+00:00,251.23,251.33,251.11,251.11,7000.0
2026-04-06 12:00:00+00:00,251.46,251.46,251.46,251.46,295.0
2026-04-06 13:00:00+00:00,250.89,252.28,250.85,251.79,64268.0
2026-04-06 14:00:00+00:00,251.79,252.18,250.29,251.595,69479.0
2026-04-06 15:00:00+00:00,251.63,252.39,251.38,252.39,36398.0
2026-04-06 16:00:00+00:00,252.38,252.59,251.93,252.11,34825.0
2026-04-06 17:00:00+00:00,252.105,252.27,250.775,251.765,63678.0
2026-04-06 18:00:00+00:00,251.77,253.01,251.575,252.74,45160.0
2026-04-06 19:00:00+00:00,252.76,252.77,252.14,252.36,137846.0
2026-04-06 20:00:00+00:00,252.36,252.36,252.21,252.34,2344.0
2026-04-07 12:00:00+00:00,250.8,250.8,250.29,250.29,470.0
2026-04-07 13:00:00+00:00,250.86,251.73,250.175,250.45,117143.0
2026-04-07 14:00:00+00:00,250.44,251.69,249.61,250.43,162505.0
2026-04-07 15:00:00+00:00,250.45,251.13,249.55,250.85,109284.0
2026-04-07 16:00:00+00:00,250.88,252.75,250.88,251.66,97605.0
2026-04-07 17:00:00+00:00,251.61,253.375,251.6,252.235,56026.0
2026-04-07 18:00:00+00:00,252.32,252.32,250.45,250.815,89428.0
2026-04-07 19:00:00+00:00,250.735,252.99,250.41,252.975,292031.0
2026-04-08 12:00:00+00:00,262.83,262.83,261.24,261.96,805.0
2026-04-08 13:00:00+00:00,261.66,262.25,260.62,261.005,307391.0
2026-04-08 14:00:00+00:00,261.0,261.26,258.45,259.32,265561.0
2026-04-08 15:00:00+00:00,259.325,260.74,259.23,260.62,252437.0
2026-04-08 16:00:00+00:00,260.67,260.99,260.17,260.69,126037.0
2026-04-08 17:00:00+00:00,260.71,260.92,259.765,260.885,116228.0
2026-04-08 18:00:00+00:00,260.875,261.08,258.67,258.71,244063.0
2026-04-08 19:00:00+00:00,258.76,260.44,258.605,260.42,275007.0
2026-04-08 20:00:00+00:00,260.51,260.52,260.18,260.18,19800.0
2026-04-09 12:00:00+00:00,258.72,258.72,258.72,258.72,165.0
2026-04-09 13:00:00+00:00,258.69,260.505,258.69,260.33,73279.0
2026-04-09 14:00:00+00:00,260.31,260.31,259.0,259.97,78186.0
2026-04-09 15:00:00+00:00,260.075,261.67,259.7,261.665,104949.0
2026-04-09 16:00:00+00:00,261.665,262.43,261.64,262.43,60164.0
2026-04-09 17:00:00+00:00,262.4,262.89,262.4,262.63,49759.0
2026-04-09 18:00:00+00:00,262.595,262.63,261.41,261.62,117627.0
2026-04-09 19:00:00+00:00,261.6,262.31,261.6,261.95,101659.0
2026-04-09 20:00:00+00:00,261.98,261.98,261.85,261.87,5838.0
2026-04-10 12:00:00+00:00,262.8,262.8,262.59,262.59,510.0
2026-04-10 13:00:00+00:00,262.47,262.72,261.59,262.24,56033.0
2026-04-10 14:00:00+00:00,261.93,262.335,261.405,261.94,109758.0
2026-04-10 15:00:00+00:00,262.0,262.27,260.8,260.83,103784.0
2026-04-10 16:00:00+00:00,260.92,261.11,260.36,260.94,150029.0
2026-04-10 17:00:00+00:00,260.955,261.24,260.49,261.23,57212.0
2026-04-10 18:00:00+00:00,261.22,261.49,260.9,261.335,56706.0
2026-04-10 19:00:00+00:00,261.36,261.71,260.96,261.31,154117.0
2026-04-10 20:00:00+00:00,261.15,261.2,261.1,261.19,4663.0
2026-04-13 13:00:00+00:00,260.26,262.165,260.04,262.165,151300.0
2026-04-13 14:00:00+00:00,262.15,262.63,261.65,262.43,159396.0
2026-04-13 15:00:00+00:00,262.33,262.38,261.57,261.81,67205.0
2026-04-13 16:00:00+00:00,261.895,264.3,261.62,263.965,138847.0
2026-04-13 17:00:00+00:00,263.945,264.16,263.665,263.7,75033.0
2026-04-13 18:00:00+00:00,263.69,264.59,263.69,264.44,75159.0
2026-04-13 19:00:00+00:00,264.41,265.355,264.34,265.02,232285.0
2026-04-13 20:00:00+00:00,264.96,265.17,264.93,265.14,10050.0
2026-04-14 13:00:00+00:00,267.18,267.595,266.29,267.455,190767.0
2026-04-14 14:00:00+00:00,267.34,269.02,267.32,268.995,166313.0
2026-04-14 15:00:00+00:00,268.92,269.42,268.185,269.01,213082.0
2026-04-14 16:00:00+00:00,268.95,269.06,268.27,268.3,114063.0
2026-04-14 17:00:00+00:00,268.31,268.91,268.27,268.32,100161.0
2026-04-14 18:00:00+00:00,268.335,268.44,267.73,268.31,161942.0
2026-04-14 19:00:00+00:00,268.315,268.91,268.27,268.7,285213.0
2026-04-14 20:00:00+00:00,268.7,268.7,268.44,268.64,11098.0
2026-04-15 12:00:00+00:00,268.29,268.36,268.27,268.36,480.0
2026-04-15 13:00:00+00:00,268.77,269.585,268.215,268.895,85467.0
2026-04-15 14:00:00+00:00,268.91,269.305,268.355,268.71,79329.0
2026-04-15 15:00:00+00:00,268.655,269.11,268.22,268.36,164134.0
2026-04-15 16:00:00+00:00,268.29,268.87,267.66,267.96,85048.0
2026-04-15 17:00:00+00:00,267.915,268.58,267.915,268.39,65809.0
2026-04-15 18:00:00+00:00,268.36,269.08,268.22,269.02,69752.0
2026-04-15 19:00:00+00:00,269.01,269.5,268.85,269.42,152396.0
2026-04-15 20:00:00+00:00,269.3,269.32,269.06,269.14,15691.0
2026-04-16 13:00:00+00:00,269.37,270.31,268.34,269.185,82056.0
2026-04-16 14:00:00+00:00,269.195,269.195,268.13,268.87,83181.0
2026-04-16 15:00:00+00:00,268.93,270.18,268.93,269.92,91574.0
2026-04-16 16:00:00+00:00,269.9,270.18,268.84,269.33,89758.0
2026-04-16 17:00:00+00:00,269.28,269.35,268.51,268.895,97120.0
2026-04-16 18:00:00+00:00,269.02,269.48,268.95,269.3,115488.0
2026-04-16 19:00:00+00:00,269.33,270.09,269.33,269.99,227278.0
2026-04-16 20:00:00+00:00,270.07,270.25,270.03,270.23,7671.0
2026-04-17 12:00:00+00:00,271.68,274.12,271.57,274.12,2285.0
2026-04-17 13:00:00+00:00,274.32,274.56,273.13,274.19,176890.0
2026-04-17 14:00:00+00:00,274.155,277.26,274.03,276.15,427664.0
2026-04-17 15:00:00+00:00,276.12,276.58,275.39,276.43,169867.0
2026-04-17 16:00:00+00:00,276.53,277.62,276.46,277.28,202212.0
2026-04-17 17:00:00+00:00,277.29,277.42,275.69,276.0,231315.0
2026-04-17 18:00:00+00:00,276.04,276.04,275.275,275.535,212994.0
2026-04-17 19:00:00+00:00,275.545,276.02,274.965,275.765,321660.0
2026-04-17 20:00:00+00:00,275.82,275.96,275.74,275.85,18048.0
2026-04-20 12:00:00+00:00,273.55,273.55,273.55,273.55,110.0
2026-04-20 13:00:00+00:00,274.08,276.2,274.08,276.09,95702.0
2026-04-20 14:00:00+00:00,275.92,276.73,275.445,276.15,131426.0
2026-04-20 15:00:00+00:00,276.305,277.3,275.5,277.08,135800.0
2026-04-20 16:00:00+00:00,277.06,277.06,276.23,276.395,97833.0
2026-04-20 17:00:00+00:00,276.46,277.025,276.275,276.47,54029.0
2026-04-20 18:00:00+00:00,276.415,277.64,276.33,277.6,116001.0
2026-04-20 19:00:00+00:00,277.63,277.66,276.99,277.35,195104.0
2026-04-20 20:00:00+00:00,277.21,277.23,277.21,277.21,1590.0
2026-04-21 13:00:00+00:00,277.98,279.56,277.57,279.065,75606.0
2026-04-21 14:00:00+00:00,278.99,279.79,276.705,276.875,104403.0
2026-04-21 15:00:00+00:00,276.93,277.44,275.725,276.1,149139.0
2026-04-21 16:00:00+00:00,276.28,276.78,275.435,275.46,94679.0
2026-04-21 17:00:00+00:00,275.45,276.27,274.26,275.5,162569.0
2026-04-21 18:00:00+00:00,275.54,275.81,274.33,275.49,107210.0
2026-04-21 19:00:00+00:00,275.55,276.52,273.84,274.515,323716.0
2026-04-21 20:00:00+00:00,274.19,274.22,274.19,274.22,282.0
2026-04-22 12:00:00+00:00,277.17,277.17,277.17,277.17,110.0
2026-04-22 13:00:00+00:00,277.08,277.97,276.88,277.41,136819.0
2026-04-22 14:00:00+00:00,277.41,277.415,276.04,276.62,152948.0
2026-04-22 15:00:00+00:00,276.63,276.65,275.43,275.9,95488.0
2026-04-22 16:00:00+00:00,275.92,276.22,274.96,275.05,112419.0
2026-04-22 17:00:00+00:00,275.04,276.03,274.92,275.685,107957.0
2026-04-22 18:00:00+00:00,275.63,275.85,275.31,275.69,57315.0
2026-04-22 19:00:00+00:00,275.62,276.56,275.365,276.5,184758.0
2026-04-23 12:00:00+00:00,276.51,276.99,276.51,276.99,660.0
2026-04-23 13:00:00+00:00,276.26,277.51,276.26,276.495,50314.0
2026-04-23 14:00:00+00:00,276.275,277.86,275.76,277.8,107214.0
2026-04-23 15:00:00+00:00,277.72,277.805,276.53,276.72,56050.0
2026-04-23 16:00:00+00:00,276.775,276.94,276.36,276.71,57308.0
2026-04-23 17:00:00+00:00,276.74,276.85,271.97,274.765,396630.0
2026-04-23 18:00:00+00:00,274.67,275.8,274.53,274.76,172676.0
2026-04-23 19:00:00+00:00,274.71,275.745,274.46,275.53,202178.0
2026-04-24 12:00:00+00:00,276.84,276.84,276.08,276.09,2270.0
2026-04-24 13:00:00+00:00,276.5,277.25,274.265,275.09,88368.0
2026-04-24 14:00:00+00:00,274.885,276.41,274.62,276.17,130968.0
2026-04-24 15:00:00+00:00,276.18,278.1,275.985,277.89,114798.0
2026-04-24 16:00:00+00:00,277.94,277.97,277.065,277.51,59024.0
2026-04-24 17:00:00+00:00,277.57,277.75,276.9,277.14,53937.0
2026-04-24 18:00:00+00:00,277.06,277.27,276.8,277.11,87190.0
2026-04-24 19:00:00+00:00,277.09,277.26,276.3,276.59,240134.0
2026-04-24 20:00:00+00:00,276.75,276.75,276.71,276.71,1000.0
