[2026-05-06 10:06:45] Nightly optimizer starting...
[Parallel(n_jobs=-1)]: Using backend LokyBackend with 8 concurrent workers.

======================================================================
NIGHTLY OPTIMIZER RUN
Timestamp: 2026-05-06T10:06:45.970049-04:00
Tickers: SPY, QQQ, IWM
Timeframe: 1Hour
======================================================================


======================================================================
STEP 1: FETCHING INCREMENTAL PRICES
======================================================================

============================================================
Updating QQQ
============================================================
Loaded 1358 bars for QQQ from PostgreSQL
Current data: 1358 bars, last: 2026-05-06
Fetching incremental data...
Fetching QQQ incremental data since 2026-05-06
Fetching QQQ data from 2026-05-06 to 2026-05-06
Fetched 1 bars for QQQ (timestamped in America/New_York)
Appending 1 bars to database...
Filtered to market hours: 1 -> 1 bars
Loaded 1358 bars for QQQ from PostgreSQL
✓ Updated: 1358 total bars, last: 2026-05-06

============================================================
Updating SPY
============================================================
Loaded 1357 bars for SPY from PostgreSQL
Current data: 1357 bars, last: 2026-05-06
Fetching incremental data...
Fetching SPY incremental data since 2026-05-06
Fetching SPY data from 2026-05-06 to 2026-05-06
Fetched 1 bars for SPY (timestamped in America/New_York)
Appending 1 bars to database...
Filtered to market hours: 1 -> 1 bars
Loaded 1357 bars for SPY from PostgreSQL
✓ Updated: 1357 total bars, last: 2026-05-06

============================================================
Updating IWM
============================================================
Loaded 1357 bars for IWM from PostgreSQL
Current data: 1357 bars, last: 2026-05-06
Fetching incremental data...
Fetching IWM incremental data since 2026-05-06
Fetching IWM data from 2026-05-06 to 2026-05-06
Fetched 1 bars for IWM (timestamped in America/New_York)
Appending 1 bars to database...
Filtered to market hours: 1 -> 1 bars
Loaded 1357 bars for IWM from PostgreSQL
✓ Updated: 1357 total bars, last: 2026-05-06
[Parallel(n_jobs=-1)]: Done   3 out of   3 | elapsed:   35.4s finished
✓ Saved 69 backtest trades for SPY to PostgreSQL
✓ Saved 70 equity snapshots for SPY
✓ Logged optimization run for SPY: Sharpe=2.5393533529462013
✓ Saved 95 backtest trades for QQQ to PostgreSQL
✓ Saved 96 equity snapshots for QQQ
✓ Logged optimization run for QQQ: Sharpe=2.5295952990847788
✓ Saved 65 backtest trades for IWM to PostgreSQL
✓ Saved 66 equity snapshots for IWM
✓ Logged optimization run for IWM: Sharpe=1.9581482007315385

======================================================================
NIGHTLY OPTIMIZATION COMPLETE
======================================================================
Total tickers: 3/3
Total runtime: 35.5s

SPY:
  Params: MACD(8,21,8) BB(20,2.0)
  Sharpe: 2.54 | Return: 23.27%
QQQ:
  Params: MACD(5,34,5) BB(14,1.8)
  Sharpe: 2.53 | Return: 34.93%
IWM:
  Params: MACD(5,34,8) BB(26,2.0)
  Sharpe: 1.96 | Return: 21.72%

======================================================================
DATABASE SUMMARY
======================================================================

SPY:
  Sharpe: 2.54, Return: 23.27%, Win Rate: 49.3%
QQQ:
  Sharpe: 2.53, Return: 34.93%, Win Rate: 44.2%
IWM:
  Sharpe: 1.96, Return: 21.72%, Win Rate: 43.1%

[QQQ] Starting optimization...

======================================================================
Optimizing QQQ [1Hour]...
======================================================================
Loaded 1358 bars for QQQ from PostgreSQL
Testing 243 parameter combinations...

Testing 243 parameter combinations...
This may take a few minutes...

  [QQQ] Tested 10/243 combinations...
  [QQQ] Tested 20/243 combinations...
  [QQQ] Tested 30/243 combinations...
  [QQQ] Tested 40/243 combinations...
  [QQQ] Tested 50/243 combinations...
  [QQQ] Tested 60/243 combinations...
  [QQQ] Tested 70/243 combinations...
  [QQQ] Tested 80/243 combinations...
  [QQQ] Tested 90/243 combinations...
  [QQQ] Tested 100/243 combinations...
  [QQQ] Tested 110/243 combinations...
  [QQQ] Tested 120/243 combinations...
  [QQQ] Tested 130/243 combinations...
  [QQQ] Tested 140/243 combinations...
  [QQQ] Tested 150/243 combinations...
  [QQQ] Tested 160/243 combinations...
  [QQQ] Tested 170/243 combinations...
  [QQQ] Tested 180/243 combinations...
  [QQQ] Tested 190/243 combinations...
  [QQQ] Tested 200/243 combinations...
  [QQQ] Tested 210/243 combinations...
  [QQQ] Tested 220/243 combinations...
  [QQQ] Tested 230/243 combinations...
  [QQQ] Tested 240/243 combinations...

[OK] Optimization complete! Top 5 results:

Rank   Sharpe     Win%     Return     Trades   Parameters                                        
----------------------------------------------------------------------------------------------------
1      2.53       44.2     34.93     % 95       MACD(5,34,5) BB(14,1.8)                           
2      2.49       43.6     36.07     % 94       MACD(3,34,8) BB(14,1.8)                           
3      2.49       43.6     36.07     % 94       MACD(8,34,3) BB(14,1.8)                           
4      2.43       49.3     31.32     % 75       MACD(8,21,8) BB(14,1.8)                           
5      2.40       50.0     27.23     % 82       MACD(5,21,8) BB(14,1.8)                           

Results for QQQ:
  Best Sharpe: 2.53
  Win Rate: 44.2%
  Total Return: 34.93%
  Trades: 95
  Runtime: 33.5s

[IWM] Starting optimization...

======================================================================
Optimizing IWM [1Hour]...
======================================================================
Loaded 1357 bars for IWM from PostgreSQL
Testing 243 parameter combinations...

Testing 243 parameter combinations...
This may take a few minutes...

  [IWM] Tested 10/243 combinations...
  [IWM] Tested 20/243 combinations...
  [IWM] Tested 30/243 combinations...
  [IWM] Tested 40/243 combinations...
  [IWM] Tested 50/243 combinations...
  [IWM] Tested 60/243 combinations...
  [IWM] Tested 70/243 combinations...
  [IWM] Tested 80/243 combinations...
  [IWM] Tested 90/243 combinations...
  [IWM] Tested 100/243 combinations...
  [IWM] Tested 110/243 combinations...
  [IWM] Tested 120/243 combinations...
  [IWM] Tested 130/243 combinations...
  [IWM] Tested 140/243 combinations...
  [IWM] Tested 150/243 combinations...
  [IWM] Tested 160/243 combinations...
  [IWM] Tested 170/243 combinations...
  [IWM] Tested 180/243 combinations...
  [IWM] Tested 190/243 combinations...
  [IWM] Tested 200/243 combinations...
  [IWM] Tested 210/243 combinations...
  [IWM] Tested 220/243 combinations...
  [IWM] Tested 230/243 combinations...
  [IWM] Tested 240/243 combinations...

[OK] Optimization complete! Top 5 results:

Rank   Sharpe     Win%     Return     Trades   Parameters                                        
----------------------------------------------------------------------------------------------------
1      1.96       43.1     21.72     % 65       MACD(5,34,8) BB(26,2.0)                           
2      1.96       43.1     21.72     % 65       MACD(8,34,5) BB(26,2.0)                           
3      1.91       46.0     19.59     % 63       MACD(8,34,8) BB(26,1.8)                           
4      1.91       42.3     24.03     % 78       MACD(5,34,8) BB(20,1.8)                           
5      1.91       42.3     24.03     % 78       MACD(8,34,5) BB(20,1.8)                           

Results for IWM:
  Best Sharpe: 1.96
  Win Rate: 43.1%
  Total Return: 21.72%
  Trades: 65
  Runtime: 34.4s

[SPY] Starting optimization...

======================================================================
Optimizing SPY [1Hour]...
======================================================================
Loaded 1357 bars for SPY from PostgreSQL
Testing 243 parameter combinations...

Testing 243 parameter combinations...
This may take a few minutes...

  [SPY] Tested 10/243 combinations...
  [SPY] Tested 20/243 combinations...
  [SPY] Tested 30/243 combinations...
  [SPY] Tested 40/243 combinations...
  [SPY] Tested 50/243 combinations...
  [SPY] Tested 60/243 combinations...
  [SPY] Tested 70/243 combinations...
  [SPY] Tested 80/243 combinations...
  [SPY] Tested 90/243 combinations...
  [SPY] Tested 100/243 combinations...
  [SPY] Tested 110/243 combinations...
  [SPY] Tested 120/243 combinations...
  [SPY] Tested 130/243 combinations...
  [SPY] Tested 140/243 combinations...
  [SPY] Tested 150/243 combinations...
  [SPY] Tested 160/243 combinations...
  [SPY] Tested 170/243 combinations...
  [SPY] Tested 180/243 combinations...
  [SPY] Tested 190/243 combinations...
  [SPY] Tested 200/243 combinations...
  [SPY] Tested 210/243 combinations...
  [SPY] Tested 220/243 combinations...
  [SPY] Tested 230/243 combinations...
  [SPY] Tested 240/243 combinations...

[OK] Optimization complete! Top 5 results:

Rank   Sharpe     Win%     Return     Trades   Parameters                                        
----------------------------------------------------------------------------------------------------
1      2.54       49.3     23.27     % 69       MACD(8,21,8) BB(20,2.0)                           
2      2.37       48.6     22.18     % 72       MACD(8,21,8) BB(14,2.2)                           
3      2.35       47.9     21.63     % 73       MACD(8,21,8) BB(20,1.8)                           
4      2.35       49.3     21.40     % 69       MACD(8,21,8) BB(20,2.2)                           
5      2.24       47.1     19.90     % 68       MACD(8,21,8) BB(26,2.0)                           

Results for SPY:
  Best Sharpe: 2.54
  Win Rate: 49.3%
  Total Return: 23.27%
  Trades: 69
  Runtime: 34.5s
[2026-05-06 10:07:22] Optimizer finished (exit: 0)
[2026-05-06 13:14:41] Nightly optimizer starting...
[Parallel(n_jobs=-1)]: Using backend LokyBackend with 8 concurrent workers.

======================================================================
NIGHTLY OPTIMIZER RUN
Timestamp: 2026-05-06T13:14:41.986229-04:00
Tickers: SPY, QQQ, IWM
Timeframe: 1Hour
======================================================================


======================================================================
STEP 1: FETCHING INCREMENTAL PRICES
======================================================================

============================================================
Updating QQQ
============================================================
Loaded 1358 bars for QQQ from PostgreSQL
Current data: 1358 bars, last: 2026-05-06
Fetching incremental data...
Fetching QQQ incremental data since 2026-05-06
Fetching QQQ data from 2026-05-06 to 2026-05-06
Fetched 4 bars for QQQ (timestamped in America/New_York)
Appending 4 bars to database...
Filtered to market hours: 4 -> 4 bars
Appended 3 new bars for QQQ to PostgreSQL
Loaded 1361 bars for QQQ from PostgreSQL
✓ Updated: 1361 total bars, last: 2026-05-06

============================================================
Updating SPY
============================================================
Loaded 1357 bars for SPY from PostgreSQL
Current data: 1357 bars, last: 2026-05-06
Fetching incremental data...
Fetching SPY incremental data since 2026-05-06
Fetching SPY data from 2026-05-06 to 2026-05-06
Fetched 4 bars for SPY (timestamped in America/New_York)
Appending 4 bars to database...
Filtered to market hours: 4 -> 4 bars
Appended 3 new bars for SPY to PostgreSQL
Loaded 1360 bars for SPY from PostgreSQL
✓ Updated: 1360 total bars, last: 2026-05-06

============================================================
Updating IWM
============================================================
Loaded 1357 bars for IWM from PostgreSQL
Current data: 1357 bars, last: 2026-05-06
Fetching incremental data...
Fetching IWM incremental data since 2026-05-06
Fetching IWM data from 2026-05-06 to 2026-05-06
Fetched 4 bars for IWM (timestamped in America/New_York)
Appending 4 bars to database...
Filtered to market hours: 4 -> 4 bars
Appended 3 new bars for IWM to PostgreSQL
Loaded 1360 bars for IWM from PostgreSQL
✓ Updated: 1360 total bars, last: 2026-05-06
[Parallel(n_jobs=-1)]: Done   3 out of   3 | elapsed:   36.6s finished

FATAL ERROR: column "sma_short" does not exist
LINE 2: ...        SELECT macd_fast, macd_slow, macd_signal, sma_short,...
                                                             ^

Traceback (most recent call last):
  File "/home/dikesh/data/dev/SwingTraderAndOptimizer/optimizer/nightly_optimizer.py", line 225, in <module>
    run_nightly_optimization(tickers=args.tickers, timeframe=args.timeframe)
    ~~~~~~~~~~~~~~~~~~~~~~~~^^^^^^^^^^^^^^^^^^^^^^^^^^^^^^^^^^^^^^^^^^^^^^^^
  File "/home/dikesh/data/dev/SwingTraderAndOptimizer/optimizer/nightly_optimizer.py", line 198, in run_nightly_optimization
    params = db.get_best_params(symbol)
  File "/home/dikesh/data/dev/SwingTraderAndOptimizer/optimizer/db.py", line 116, in get_best_params
    cursor.execute('''
    ~~~~~~~~~~~~~~^^^^
        SELECT macd_fast, macd_slow, macd_signal, sma_short, sma_long,
        ^^^^^^^^^^^^^^^^^^^^^^^^^^^^^^^^^^^^^^^^^^^^^^^^^^^^^^^^^^^^^^
    ...<3 lines>...
        WHERE ticker_id = %s
        ^^^^^^^^^^^^^^^^^^^^
    ''', (ticker_id,))
    ^^^^^^^^^^^^^^^^^^
psycopg2.errors.UndefinedColumn: column "sma_short" does not exist
LINE 2: ...        SELECT macd_fast, macd_slow, macd_signal, sma_short,...
                                                             ^

Error saving parameters: column "sma_short" of relation "strategy_parameters" does not exist
LINE 3: ...   (ticker_id, macd_fast, macd_slow, macd_signal, sma_short,...
                                                             ^

✓ Saved 69 backtest trades for SPY to PostgreSQL
✓ Saved 70 equity snapshots for SPY
✓ Logged optimization run for SPY: Sharpe=2.5689437874893977
Error saving parameters: column "sma_short" of relation "strategy_parameters" does not exist
LINE 3: ...   (ticker_id, macd_fast, macd_slow, macd_signal, sma_short,...
                                                             ^

✓ Saved 95 backtest trades for QQQ to PostgreSQL
✓ Saved 96 equity snapshots for QQQ
✓ Logged optimization run for QQQ: Sharpe=2.5647595570126533
Error saving parameters: column "sma_short" of relation "strategy_parameters" does not exist
LINE 3: ...   (ticker_id, macd_fast, macd_slow, macd_signal, sma_short,...
                                                             ^

✓ Saved 65 backtest trades for IWM to PostgreSQL
✓ Saved 66 equity snapshots for IWM
✓ Logged optimization run for IWM: Sharpe=1.9985445488489146

======================================================================
NIGHTLY OPTIMIZATION COMPLETE
======================================================================
Total tickers: 3/3
Total runtime: 36.7s

SPY:
  Params: MACD(8,21,8) BB(20,2.0)
  Sharpe: 2.57 | Return: 23.62%
QQQ:
  Params: MACD(5,34,5) BB(14,1.8)
  Sharpe: 2.56 | Return: 35.52%
IWM:
  Params: MACD(5,34,8) BB(26,2.0)
  Sharpe: 2.00 | Return: 22.34%

======================================================================
DATABASE SUMMARY
======================================================================


[IWM] Starting optimization...

======================================================================
Optimizing IWM [1Hour]...
======================================================================
Loaded 1360 bars for IWM from PostgreSQL
Testing 243 parameter combinations...

Testing 243 parameter combinations...
This may take a few minutes...

  [IWM] Tested 10/243 combinations...
  [IWM] Tested 20/243 combinations...
  [IWM] Tested 30/243 combinations...
  [IWM] Tested 40/243 combinations...
  [IWM] Tested 50/243 combinations...
  [IWM] Tested 60/243 combinations...
  [IWM] Tested 70/243 combinations...
  [IWM] Tested 80/243 combinations...
  [IWM] Tested 90/243 combinations...
  [IWM] Tested 100/243 combinations...
  [IWM] Tested 110/243 combinations...
  [IWM] Tested 120/243 combinations...
  [IWM] Tested 130/243 combinations...
  [IWM] Tested 140/243 combinations...
  [IWM] Tested 150/243 combinations...
  [IWM] Tested 160/243 combinations...
  [IWM] Tested 170/243 combinations...
  [IWM] Tested 180/243 combinations...
  [IWM] Tested 190/243 combinations...
  [IWM] Tested 200/243 combinations...
  [IWM] Tested 210/243 combinations...
  [IWM] Tested 220/243 combinations...
  [IWM] Tested 230/243 combinations...
  [IWM] Tested 240/243 combinations...

[OK] Optimization complete! Top 5 results:

Rank   Sharpe     Win%     Return     Trades   Parameters                                        
----------------------------------------------------------------------------------------------------
1      2.00       43.1     22.34     % 65       MACD(5,34,8) BB(26,2.0)                           
2      2.00       43.1     22.34     % 65       MACD(8,34,5) BB(26,2.0)                           
3      1.96       46.0     20.19     % 63       MACD(8,34,8) BB(26,1.8)                           
4      1.94       42.3     24.65     % 78       MACD(5,34,8) BB(20,1.8)                           
5      1.94       42.3     24.65     % 78       MACD(8,34,5) BB(20,1.8)                           

Results for IWM:
  Best Sharpe: 2.00
  Win Rate: 43.1%
  Total Return: 22.34%
  Trades: 65
  Runtime: 34.6s

[QQQ] Starting optimization...

======================================================================
Optimizing QQQ [1Hour]...
======================================================================
Loaded 1361 bars for QQQ from PostgreSQL
Testing 243 parameter combinations...

Testing 243 parameter combinations...
This may take a few minutes...

  [QQQ] Tested 10/243 combinations...
  [QQQ] Tested 20/243 combinations...
  [QQQ] Tested 30/243 combinations...
  [QQQ] Tested 40/243 combinations...
  [QQQ] Tested 50/243 combinations...
  [QQQ] Tested 60/243 combinations...
  [QQQ] Tested 70/243 combinations...
  [QQQ] Tested 80/243 combinations...
  [QQQ] Tested 90/243 combinations...
  [QQQ] Tested 100/243 combinations...
  [QQQ] Tested 110/243 combinations...
  [QQQ] Tested 120/243 combinations...
  [QQQ] Tested 130/243 combinations...
  [QQQ] Tested 140/243 combinations...
  [QQQ] Tested 150/243 combinations...
  [QQQ] Tested 160/243 combinations...
  [QQQ] Tested 170/243 combinations...
  [QQQ] Tested 180/243 combinations...
  [QQQ] Tested 190/243 combinations...
  [QQQ] Tested 200/243 combinations...
  [QQQ] Tested 210/243 combinations...
  [QQQ] Tested 220/243 combinations...
  [QQQ] Tested 230/243 combinations...
  [QQQ] Tested 240/243 combinations...

[OK] Optimization complete! Top 5 results:

Rank   Sharpe     Win%     Return     Trades   Parameters                                        
----------------------------------------------------------------------------------------------------
1      2.56       45.3     35.52     % 95       MACD(5,34,5) BB(14,1.8)                           
2      2.52       44.7     36.67     % 94       MACD(3,34,8) BB(14,1.8)                           
3      2.52       44.7     36.67     % 94       MACD(8,34,3) BB(14,1.8)                           
4      2.47       49.3     31.90     % 75       MACD(8,21,8) BB(14,1.8)                           
5      2.44       50.0     27.80     % 82       MACD(5,21,8) BB(14,1.8)                           

Results for QQQ:
  Best Sharpe: 2.56
  Win Rate: 45.3%
  Total Return: 35.52%
  Trades: 95
  Runtime: 34.8s

[SPY] Starting optimization...

======================================================================
Optimizing SPY [1Hour]...
======================================================================
Loaded 1360 bars for SPY from PostgreSQL
Testing 243 parameter combinations...

Testing 243 parameter combinations...
This may take a few minutes...

  [SPY] Tested 10/243 combinations...
  [SPY] Tested 20/243 combinations...
  [SPY] Tested 30/243 combinations...
  [SPY] Tested 40/243 combinations...
  [SPY] Tested 50/243 combinations...
  [SPY] Tested 60/243 combinations...
  [SPY] Tested 70/243 combinations...
  [SPY] Tested 80/243 combinations...
  [SPY] Tested 90/243 combinations...
  [SPY] Tested 100/243 combinations...
  [SPY] Tested 110/243 combinations...
  [SPY] Tested 120/243 combinations...
  [SPY] Tested 130/243 combinations...
  [SPY] Tested 140/243 combinations...
  [SPY] Tested 150/243 combinations...
  [SPY] Tested 160/243 combinations...
  [SPY] Tested 170/243 combinations...
  [SPY] Tested 180/243 combinations...
  [SPY] Tested 190/243 combinations...
  [SPY] Tested 200/243 combinations...
  [SPY] Tested 210/243 combinations...
  [SPY] Tested 220/243 combinations...
  [SPY] Tested 230/243 combinations...
  [SPY] Tested 240/243 combinations...

[OK] Optimization complete! Top 5 results:

Rank   Sharpe     Win%     Return     Trades   Parameters                                        
----------------------------------------------------------------------------------------------------
1      2.57       49.3     23.62     % 69       MACD(8,21,8) BB(20,2.0)                           
2      2.40       48.6     22.52     % 72       MACD(8,21,8) BB(14,2.2)                           
3      2.38       47.9     21.97     % 73       MACD(8,21,8) BB(20,1.8)                           
4      2.38       49.3     21.74     % 69       MACD(8,21,8) BB(20,2.2)                           
5      2.27       47.1     20.24     % 68       MACD(8,21,8) BB(26,2.0)                           

Results for SPY:
  Best Sharpe: 2.57
  Win Rate: 49.3%
  Total Return: 23.62%
  Trades: 69
  Runtime: 35.7s
[2026-05-06 13:16:07] Nightly optimizer starting...
[Parallel(n_jobs=-1)]: Using backend LokyBackend with 8 concurrent workers.

======================================================================
NIGHTLY OPTIMIZER RUN
Timestamp: 2026-05-06T13:16:08.557058-04:00
Tickers: SPY, QQQ, IWM
Timeframe: 1Hour
======================================================================


======================================================================
STEP 1: FETCHING INCREMENTAL PRICES
======================================================================

============================================================
Updating QQQ
============================================================
Loaded 1361 bars for QQQ from PostgreSQL
Current data: 1361 bars, last: 2026-05-06
Fetching incremental data...
QQQ: Already have today's closing price (last: 2026-05-06 17:00:00)
No new data to fetch for QQQ

============================================================
Updating SPY
============================================================
Loaded 1360 bars for SPY from PostgreSQL
Current data: 1360 bars, last: 2026-05-06
Fetching incremental data...
SPY: Already have today's closing price (last: 2026-05-06 17:00:00)
No new data to fetch for SPY

============================================================
Updating IWM
============================================================
Loaded 1360 bars for IWM from PostgreSQL
Current data: 1360 bars, last: 2026-05-06
Fetching incremental data...
IWM: Already have today's closing price (last: 2026-05-06 17:00:00)
No new data to fetch for IWM
[Parallel(n_jobs=-1)]: Done   3 out of   3 | elapsed:   35.3s finished

FATAL ERROR: column "sma_short" does not exist
LINE 2: ...        SELECT macd_fast, macd_slow, macd_signal, sma_short,...
                                                             ^

Traceback (most recent call last):
  File "/home/dikesh/data/dev/SwingTraderAndOptimizer/optimizer/nightly_optimizer.py", line 225, in <module>
    run_nightly_optimization(tickers=args.tickers, timeframe=args.timeframe)
    ~~~~~~~~~~~~~~~~~~~~~~~~^^^^^^^^^^^^^^^^^^^^^^^^^^^^^^^^^^^^^^^^^^^^^^^^
  File "/home/dikesh/data/dev/SwingTraderAndOptimizer/optimizer/nightly_optimizer.py", line 198, in run_nightly_optimization
    params = db.get_best_params(symbol)
  File "/home/dikesh/data/dev/SwingTraderAndOptimizer/optimizer/db.py", line 116, in get_best_params
    cursor.execute('''
    ~~~~~~~~~~~~~~^^^^
        SELECT macd_fast, macd_slow, macd_signal, sma_short, sma_long,
        ^^^^^^^^^^^^^^^^^^^^^^^^^^^^^^^^^^^^^^^^^^^^^^^^^^^^^^^^^^^^^^
    ...<3 lines>...
        WHERE ticker_id = %s
        ^^^^^^^^^^^^^^^^^^^^
    ''', (ticker_id,))
    ^^^^^^^^^^^^^^^^^^
psycopg2.errors.UndefinedColumn: column "sma_short" does not exist
LINE 2: ...        SELECT macd_fast, macd_slow, macd_signal, sma_short,...
                                                             ^

Error saving parameters: column "sma_short" of relation "strategy_parameters" does not exist
LINE 3: ...   (ticker_id, macd_fast, macd_slow, macd_signal, sma_short,...
                                                             ^

✓ Saved 69 backtest trades for SPY to PostgreSQL
✓ Saved 70 equity snapshots for SPY
✓ Logged optimization run for SPY: Sharpe=2.5689437874893977
Error saving parameters: column "sma_short" of relation "strategy_parameters" does not exist
LINE 3: ...   (ticker_id, macd_fast, macd_slow, macd_signal, sma_short,...
                                                             ^

✓ Saved 95 backtest trades for QQQ to PostgreSQL
✓ Saved 96 equity snapshots for QQQ
✓ Logged optimization run for QQQ: Sharpe=2.5647595570126533
Error saving parameters: column "sma_short" of relation "strategy_parameters" does not exist
LINE 3: ...   (ticker_id, macd_fast, macd_slow, macd_signal, sma_short,...
                                                             ^

✓ Saved 65 backtest trades for IWM to PostgreSQL
✓ Saved 66 equity snapshots for IWM
✓ Logged optimization run for IWM: Sharpe=1.9985445488489146

======================================================================
NIGHTLY OPTIMIZATION COMPLETE
======================================================================
Total tickers: 3/3
Total runtime: 35.4s

SPY:
  Params: MACD(8,21,8) BB(20,2.0)
  Sharpe: 2.57 | Return: 23.62%
QQQ:
  Params: MACD(5,34,5) BB(14,1.8)
  Sharpe: 2.56 | Return: 35.52%
IWM:
  Params: MACD(5,34,8) BB(26,2.0)
  Sharpe: 2.00 | Return: 22.34%

======================================================================
DATABASE SUMMARY
======================================================================


[QQQ] Starting optimization...

======================================================================
Optimizing QQQ [1Hour]...
======================================================================
Loaded 1361 bars for QQQ from PostgreSQL
Testing 243 parameter combinations...

Testing 243 parameter combinations...
This may take a few minutes...

  [QQQ] Tested 10/243 combinations...
  [QQQ] Tested 20/243 combinations...
  [QQQ] Tested 30/243 combinations...
  [QQQ] Tested 40/243 combinations...
  [QQQ] Tested 50/243 combinations...
  [QQQ] Tested 60/243 combinations...
  [QQQ] Tested 70/243 combinations...
  [QQQ] Tested 80/243 combinations...
  [QQQ] Tested 90/243 combinations...
  [QQQ] Tested 100/243 combinations...
  [QQQ] Tested 110/243 combinations...
  [QQQ] Tested 120/243 combinations...
  [QQQ] Tested 130/243 combinations...
  [QQQ] Tested 140/243 combinations...
  [QQQ] Tested 150/243 combinations...
  [QQQ] Tested 160/243 combinations...
  [QQQ] Tested 170/243 combinations...
  [QQQ] Tested 180/243 combinations...
  [QQQ] Tested 190/243 combinations...
  [QQQ] Tested 200/243 combinations...
  [QQQ] Tested 210/243 combinations...
  [QQQ] Tested 220/243 combinations...
  [QQQ] Tested 230/243 combinations...
  [QQQ] Tested 240/243 combinations...

[OK] Optimization complete! Top 5 results:

Rank   Sharpe     Win%     Return     Trades   Parameters                                        
----------------------------------------------------------------------------------------------------
1      2.56       45.3     35.52     % 95       MACD(5,34,5) BB(14,1.8)                           
2      2.52       44.7     36.67     % 94       MACD(3,34,8) BB(14,1.8)                           
3      2.52       44.7     36.67     % 94       MACD(8,34,3) BB(14,1.8)                           
4      2.47       49.3     31.90     % 75       MACD(8,21,8) BB(14,1.8)                           
5      2.44       50.0     27.80     % 82       MACD(5,21,8) BB(14,1.8)                           

Results for QQQ:
  Best Sharpe: 2.56
  Win Rate: 45.3%
  Total Return: 35.52%
  Trades: 95
  Runtime: 34.1s

[IWM] Starting optimization...

======================================================================
Optimizing IWM [1Hour]...
======================================================================
Loaded 1360 bars for IWM from PostgreSQL
Testing 243 parameter combinations...

Testing 243 parameter combinations...
This may take a few minutes...

  [IWM] Tested 10/243 combinations...
  [IWM] Tested 20/243 combinations...
  [IWM] Tested 30/243 combinations...
  [IWM] Tested 40/243 combinations...
  [IWM] Tested 50/243 combinations...
  [IWM] Tested 60/243 combinations...
  [IWM] Tested 70/243 combinations...
  [IWM] Tested 80/243 combinations...
  [IWM] Tested 90/243 combinations...
  [IWM] Tested 100/243 combinations...
  [IWM] Tested 110/243 combinations...
  [IWM] Tested 120/243 combinations...
  [IWM] Tested 130/243 combinations...
  [IWM] Tested 140/243 combinations...
  [IWM] Tested 150/243 combinations...
  [IWM] Tested 160/243 combinations...
  [IWM] Tested 170/243 combinations...
  [IWM] Tested 180/243 combinations...
  [IWM] Tested 190/243 combinations...
  [IWM] Tested 200/243 combinations...
  [IWM] Tested 210/243 combinations...
  [IWM] Tested 220/243 combinations...
  [IWM] Tested 230/243 combinations...
  [IWM] Tested 240/243 combinations...

[OK] Optimization complete! Top 5 results:

Rank   Sharpe     Win%     Return     Trades   Parameters                                        
----------------------------------------------------------------------------------------------------
1      2.00       43.1     22.34     % 65       MACD(5,34,8) BB(26,2.0)                           
2      2.00       43.1     22.34     % 65       MACD(8,34,5) BB(26,2.0)                           
3      1.96       46.0     20.19     % 63       MACD(8,34,8) BB(26,1.8)                           
4      1.94       42.3     24.65     % 78       MACD(5,34,8) BB(20,1.8)                           
5      1.94       42.3     24.65     % 78       MACD(8,34,5) BB(20,1.8)                           

Results for IWM:
  Best Sharpe: 2.00
  Win Rate: 43.1%
  Total Return: 22.34%
  Trades: 65
  Runtime: 34.1s

[SPY] Starting optimization...

======================================================================
Optimizing SPY [1Hour]...
======================================================================
Loaded 1360 bars for SPY from PostgreSQL
Testing 243 parameter combinations...

Testing 243 parameter combinations...
This may take a few minutes...

  [SPY] Tested 10/243 combinations...
  [SPY] Tested 20/243 combinations...
  [SPY] Tested 30/243 combinations...
  [SPY] Tested 40/243 combinations...
  [SPY] Tested 50/243 combinations...
  [SPY] Tested 60/243 combinations...
  [SPY] Tested 70/243 combinations...
  [SPY] Tested 80/243 combinations...
  [SPY] Tested 90/243 combinations...
  [SPY] Tested 100/243 combinations...
  [SPY] Tested 110/243 combinations...
  [SPY] Tested 120/243 combinations...
  [SPY] Tested 130/243 combinations...
  [SPY] Tested 140/243 combinations...
  [SPY] Tested 150/243 combinations...
  [SPY] Tested 160/243 combinations...
  [SPY] Tested 170/243 combinations...
  [SPY] Tested 180/243 combinations...
  [SPY] Tested 190/243 combinations...
  [SPY] Tested 200/243 combinations...
  [SPY] Tested 210/243 combinations...
  [SPY] Tested 220/243 combinations...
  [SPY] Tested 230/243 combinations...
  [SPY] Tested 240/243 combinations...

[OK] Optimization complete! Top 5 results:

Rank   Sharpe     Win%     Return     Trades   Parameters                                        
----------------------------------------------------------------------------------------------------
1      2.57       49.3     23.62     % 69       MACD(8,21,8) BB(20,2.0)                           
2      2.40       48.6     22.52     % 72       MACD(8,21,8) BB(14,2.2)                           
3      2.38       47.9     21.97     % 73       MACD(8,21,8) BB(20,1.8)                           
4      2.38       49.3     21.74     % 69       MACD(8,21,8) BB(20,2.2)                           
5      2.27       47.1     20.24     % 68       MACD(8,21,8) BB(26,2.0)                           

Results for SPY:
  Best Sharpe: 2.57
  Win Rate: 49.3%
  Total Return: 23.62%
  Trades: 69
  Runtime: 34.5s
[2026-05-07 08:15:09] Nightly optimizer starting...

FATAL ERROR: connection to server at "127.0.0.1", port 5432 failed: Connection refused
	Is the server running on that host and accepting TCP/IP connections?

Traceback (most recent call last):
  File "/home/dikesh/data/dev/SwingTraderAndOptimizer/optimizer/nightly_optimizer.py", line 243, in <module>
    run_nightly_optimization(tickers=args.tickers, timeframe=args.timeframe)
    ~~~~~~~~~~~~~~~~~~~~~~~~^^^^^^^^^^^^^^^^^^^^^^^^^^^^^^^^^^^^^^^^^^^^^^^^
  File "/home/dikesh/data/dev/SwingTraderAndOptimizer/optimizer/nightly_optimizer.py", line 135, in run_nightly_optimization
    db = StrategyDB()
  File "/home/dikesh/data/dev/SwingTraderAndOptimizer/optimizer/db.py", line 13, in __init__
    self.connect()
    ~~~~~~~~~~~~^^
  File "/home/dikesh/data/dev/SwingTraderAndOptimizer/optimizer/db.py", line 18, in connect
    self.conn = psycopg2.connect(
                ~~~~~~~~~~~~~~~~^
        host='127.0.0.1',
        ^^^^^^^^^^^^^^^^^
    ...<3 lines>...
        password='swingtrader_dev_password'
        ^^^^^^^^^^^^^^^^^^^^^^^^^^^^^^^^^^^
    )
    ^
  File "/home/dikesh/data/dev/SwingTraderAndOptimizer/optimizer/venv/lib/python3.13/site-packages/psycopg2/__init__.py", line 122, in connect
    conn = _connect(dsn, connection_factory=connection_factory, **kwasync)
psycopg2.OperationalError: connection to server at "127.0.0.1", port 5432 failed: Connection refused
	Is the server running on that host and accepting TCP/IP connections?


======================================================================
NIGHTLY OPTIMIZER RUN
Timestamp: 2026-05-07T08:15:11.631061-04:00
Tickers: SPY, QQQ, IWM
Timeframe: 1Hour
======================================================================

Error connecting to PostgreSQL: connection to server at "127.0.0.1", port 5432 failed: Connection refused
	Is the server running on that host and accepting TCP/IP connections?

[2026-05-07 19:31:32] Nightly optimizer starting...

FATAL ERROR: connection to server at "127.0.0.1", port 5432 failed: Connection refused
	Is the server running on that host and accepting TCP/IP connections?

Traceback (most recent call last):
  File "/home/dikesh/data/dev/SwingTraderAndOptimizer/optimizer/nightly_optimizer.py", line 243, in <module>
    run_nightly_optimization(tickers=args.tickers, timeframe=args.timeframe)
    ~~~~~~~~~~~~~~~~~~~~~~~~^^^^^^^^^^^^^^^^^^^^^^^^^^^^^^^^^^^^^^^^^^^^^^^^
  File "/home/dikesh/data/dev/SwingTraderAndOptimizer/optimizer/nightly_optimizer.py", line 135, in run_nightly_optimization
    db = StrategyDB()
  File "/home/dikesh/data/dev/SwingTraderAndOptimizer/optimizer/db.py", line 13, in __init__
    self.connect()
    ~~~~~~~~~~~~^^
  File "/home/dikesh/data/dev/SwingTraderAndOptimizer/optimizer/db.py", line 18, in connect
    self.conn = psycopg2.connect(
                ~~~~~~~~~~~~~~~~^
        host='127.0.0.1',
        ^^^^^^^^^^^^^^^^^
    ...<3 lines>...
        password='swingtrader_dev_password'
        ^^^^^^^^^^^^^^^^^^^^^^^^^^^^^^^^^^^
    )
    ^
  File "/home/dikesh/data/dev/SwingTraderAndOptimizer/optimizer/venv/lib/python3.13/site-packages/psycopg2/__init__.py", line 122, in connect
    conn = _connect(dsn, connection_factory=connection_factory, **kwasync)
psycopg2.OperationalError: connection to server at "127.0.0.1", port 5432 failed: Connection refused
	Is the server running on that host and accepting TCP/IP connections?


======================================================================
NIGHTLY OPTIMIZER RUN
Timestamp: 2026-05-07T19:31:34.089194-04:00
Tickers: SPY, QQQ, IWM
Timeframe: 1Hour
======================================================================

Error connecting to PostgreSQL: connection to server at "127.0.0.1", port 5432 failed: Connection refused
	Is the server running on that host and accepting TCP/IP connections?

[2026-05-08 09:09:54] Nightly optimizer starting...

FATAL ERROR: connection to server at "127.0.0.1", port 5432 failed: Connection refused
	Is the server running on that host and accepting TCP/IP connections?

Traceback (most recent call last):
  File "/home/dikesh/data/dev/SwingTraderAndOptimizer/optimizer/nightly_optimizer.py", line 242, in <module>
    run_nightly_optimization(tickers=args.tickers, timeframe=args.timeframe)
    ~~~~~~~~~~~~~~~~~~~~~~~~^^^^^^^^^^^^^^^^^^^^^^^^^^^^^^^^^^^^^^^^^^^^^^^^
  File "/home/dikesh/data/dev/SwingTraderAndOptimizer/optimizer/nightly_optimizer.py", line 134, in run_nightly_optimization
    db = StrategyDB()
  File "/home/dikesh/data/dev/SwingTraderAndOptimizer/optimizer/db.py", line 13, in __init__
    self.connect()
    ~~~~~~~~~~~~^^
  File "/home/dikesh/data/dev/SwingTraderAndOptimizer/optimizer/db.py", line 18, in connect
    self.conn = psycopg2.connect(
                ~~~~~~~~~~~~~~~~^
        host='127.0.0.1',
        ^^^^^^^^^^^^^^^^^
    ...<3 lines>...
        password='swingtrader_dev_password'
        ^^^^^^^^^^^^^^^^^^^^^^^^^^^^^^^^^^^
    )
    ^
  File "/home/dikesh/data/dev/SwingTraderAndOptimizer/optimizer/venv/lib/python3.13/site-packages/psycopg2/__init__.py", line 122, in connect
    conn = _connect(dsn, connection_factory=connection_factory, **kwasync)
psycopg2.OperationalError: connection to server at "127.0.0.1", port 5432 failed: Connection refused
	Is the server running on that host and accepting TCP/IP connections?


======================================================================
NIGHTLY OPTIMIZER RUN
Timestamp: 2026-05-08T09:09:55.877093-04:00
Tickers: QQQ, VTI, VTV
Timeframe: 1Day
======================================================================

Error connecting to PostgreSQL: connection to server at "127.0.0.1", port 5432 failed: Connection refused
	Is the server running on that host and accepting TCP/IP connections?

[2026-05-08 09:15:45] Nightly optimizer starting...
[Parallel(n_jobs=-1)]: Using backend LokyBackend with 8 concurrent workers.

======================================================================
NIGHTLY OPTIMIZER RUN
Timestamp: 2026-05-08T09:15:46.671116-04:00
Tickers: QQQ, VTI, VTV
Timeframe: 1Day
======================================================================


======================================================================
STEP 1: FETCHING INCREMENTAL PRICES
======================================================================

============================================================
Updating QQQ
============================================================
Loaded 7407 bars for QQQ from PostgreSQL
Current data: 7407 bars, last: 2026-05-07
Fetching incremental data...
Fetching QQQ incremental data since 2026-05-07
Fetching QQQ data from 2026-05-07 to 2026-05-08
No data returned for QQQ
No new data to fetch for QQQ

============================================================
Updating VTI
============================================================
Loaded 6544 bars for VTI from PostgreSQL
Current data: 6544 bars, last: 2026-05-07
Fetching incremental data...
Fetching VTI incremental data since 2026-05-07
Fetching VTI data from 2026-05-07 to 2026-05-08
No data returned for VTI
No new data to fetch for VTI

============================================================
Updating VTV
============================================================
Loaded 6529 bars for VTV from PostgreSQL
Current data: 6529 bars, last: 2026-05-07
Fetching incremental data...
Fetching VTV incremental data since 2026-05-07
Fetching VTV data from 2026-05-07 to 2026-05-08
No data returned for VTV
No new data to fetch for VTV
[Parallel(n_jobs=-1)]: Done   3 out of   3 | elapsed:    2.3s finished
✓ Saved optimization candidate for QQQ (base_case=0)
✓ Saved best candidate for QQQ (cleaned up old candidates)
✓ Saved 43 backtest trades for QQQ to PostgreSQL
✓ Saved 44 equity snapshots for QQQ
✓ Logged optimization run for QQQ: Sharpe=0.891397549619664
✓ Saved optimization candidate for VTI (base_case=0)
✓ Saved best candidate for VTI (cleaned up old candidates)
✓ Saved 35 backtest trades for VTI to PostgreSQL
✓ Saved 36 equity snapshots for VTI
✓ Logged optimization run for VTI: Sharpe=0.9555850538247656
✓ Saved optimization candidate for VTV (base_case=0)
✓ Saved best candidate for VTV (cleaned up old candidates)
✓ Saved 37 backtest trades for VTV to PostgreSQL
✓ Saved 38 equity snapshots for VTV
✓ Logged optimization run for VTV: Sharpe=1.0991251445950934

======================================================================
NIGHTLY OPTIMIZATION COMPLETE
======================================================================
Total tickers: 3/3
Total runtime: 2.4s

QQQ:
  Params: CHAND(period=14, mult=3.0)
  Sharpe: 0.89 | Return: 49.77%
VTI:
  Params: CHAND(period=14, mult=3.5)
  Sharpe: 0.96 | Return: 36.70%
VTV:
  Params: CHAND(period=14, mult=3.5)
  Sharpe: 1.10 | Return: 13.65%

======================================================================
DATABASE SUMMARY
======================================================================

QQQ:
  Sharpe: 0.89, Return: 49.77%, Win Rate: 48.8%
VTI:
  Sharpe: 0.96, Return: 36.70%, Win Rate: 54.3%
VTV:
  Sharpe: 1.10, Return: 13.65%, Win Rate: 64.9%

[QQQ] Starting optimization...

======================================================================
Optimizing QQQ [1Day]...
======================================================================
Loaded 7407 bars for QQQ from PostgreSQL
Testing 9 parameter combinations...

Testing 9 parameter combinations...
This may take a few minutes...


[OK] Optimization complete! Top 5 results:

Rank   Sharpe     Win%     Return     Trades   Parameters                                        
----------------------------------------------------------------------------------------------------
1      0.89       48.8     49.77     % 43       CHAND(period=14, mult=3.0)                        
2      0.89       50.0     49.41     % 46       CHAND(period=18, mult=3.0)                        
3      0.88       42.9     46.17     % 63       CHAND(period=14, mult=2.5)                        
4      0.86       48.5     46.26     % 33       CHAND(period=14, mult=3.5)                        
5      0.85       46.7     45.85     % 45       CHAND(period=22, mult=3.0)                        

Results for QQQ:
  Best Sharpe: 0.89
  Win Rate: 48.8%
  Total Return: 49.77%
  Trades: 43
  Runtime: 1.3s

[VTI] Starting optimization...

======================================================================
Optimizing VTI [1Day]...
======================================================================
Loaded 6544 bars for VTI from PostgreSQL
Testing 9 parameter combinations...

Testing 9 parameter combinations...
This may take a few minutes...


[OK] Optimization complete! Top 5 results:

Rank   Sharpe     Win%     Return     Trades   Parameters                                        
----------------------------------------------------------------------------------------------------
1      0.96       54.3     36.70     % 35       CHAND(period=14, mult=3.5)                        
2      0.92       52.0     34.17     % 50       CHAND(period=18, mult=3.0)                        
3      0.91       49.0     33.42     % 51       CHAND(period=22, mult=3.0)                        
4      0.90       57.1     32.71     % 49       CHAND(period=14, mult=3.0)                        
5      0.87       49.3     31.12     % 67       CHAND(period=18, mult=2.5)                        

Results for VTI:
  Best Sharpe: 0.96
  Win Rate: 54.3%
  Total Return: 36.70%
  Trades: 35
  Runtime: 1.4s

[VTV] Starting optimization...

======================================================================
Optimizing VTV [1Day]...
======================================================================
Loaded 6529 bars for VTV from PostgreSQL
Testing 9 parameter combinations...

Testing 9 parameter combinations...
This may take a few minutes...


[OK] Optimization complete! Top 5 results:

Rank   Sharpe     Win%     Return     Trades   Parameters                                        
----------------------------------------------------------------------------------------------------
1      1.10       64.9     13.65     % 37       CHAND(period=14, mult=3.5)                        
2      1.03       49.2     12.05     % 61       CHAND(period=18, mult=2.5)                        
3      1.03       52.2     12.19     % 46       CHAND(period=22, mult=3.0)                        
4      1.02       45.9     11.90     % 61       CHAND(period=22, mult=2.5)                        
5      0.99       49.2     11.41     % 61       CHAND(period=14, mult=2.5)                        

Results for VTV:
  Best Sharpe: 1.10
  Win Rate: 64.9%
  Total Return: 13.65%
  Trades: 37
  Runtime: 1.4s
[2026-05-08 09:15:50] Optimizer finished (exit: 0)
[2026-05-09 02:00:01] Nightly optimizer starting...
[Parallel(n_jobs=-1)]: Using backend LokyBackend with 8 concurrent workers.

======================================================================
NIGHTLY OPTIMIZER RUN
Timestamp: 2026-05-09T02:00:02.826987-04:00
Tickers: QQQ, VTI, VTV
Timeframe: 1Day
======================================================================


======================================================================
STEP 1: FETCHING INCREMENTAL PRICES
======================================================================

============================================================
Updating QQQ
============================================================
Loaded 7407 bars for QQQ from PostgreSQL
Current data: 7407 bars, last: 2026-05-07
Fetching incremental data...
Fetching QQQ incremental data since 2026-05-07
Fetching QQQ data from 2026-05-07 to 2026-05-09
Fetched 1 bars for QQQ (timestamped in America/New_York)
Appending 1 bars to database...
Filtered to market hours (NY): 1 -> 0 bars (1 removed)
No market hours data for QQQ
Loaded 7407 bars for QQQ from PostgreSQL
✓ Updated: 7407 total bars, last: 2026-05-07

============================================================
Updating VTI
============================================================
Loaded 6544 bars for VTI from PostgreSQL
Current data: 6544 bars, last: 2026-05-07
Fetching incremental data...
Fetching VTI incremental data since 2026-05-07
Fetching VTI data from 2026-05-07 to 2026-05-09
Fetched 1 bars for VTI (timestamped in America/New_York)
Appending 1 bars to database...
Filtered to market hours (NY): 1 -> 0 bars (1 removed)
No market hours data for VTI
Loaded 6544 bars for VTI from PostgreSQL
✓ Updated: 6544 total bars, last: 2026-05-07

============================================================
Updating VTV
============================================================
Loaded 6529 bars for VTV from PostgreSQL
Current data: 6529 bars, last: 2026-05-07
Fetching incremental data...
Fetching VTV incremental data since 2026-05-07
Fetching VTV data from 2026-05-07 to 2026-05-09
Fetched 1 bars for VTV (timestamped in America/New_York)
Appending 1 bars to database...
Filtered to market hours (NY): 1 -> 0 bars (1 removed)
No market hours data for VTV
Loaded 6529 bars for VTV from PostgreSQL
✓ Updated: 6529 total bars, last: 2026-05-07

============================================================
Updating BLENDED
============================================================
No existing data for BLENDED
Fetching incremental data...
Database empty for BLENDED, fetching 1Day data from 2019-07-05
Fetching BLENDED data from 2019-07-05 to 2026-05-09
No data returned for BLENDED
No new data to fetch for BLENDED
[Parallel(n_jobs=-1)]: Done   3 out of   3 | elapsed:    3.3s finished
✓ Saved optimization candidate for QQQ (base_case=0)
✓ Saved best candidate for QQQ (cleaned up old candidates)
✓ Saved 43 backtest trades for QQQ to PostgreSQL
✓ Saved 44 equity snapshots for QQQ
✓ Logged optimization run for QQQ: Sharpe=0.8910946453508657
✓ Saved optimization candidate for VTI (base_case=0)
✓ Saved best candidate for VTI (cleaned up old candidates)
✓ Saved 35 backtest trades for VTI to PostgreSQL
✓ Saved 36 equity snapshots for VTI
✓ Logged optimization run for VTI: Sharpe=0.9552432072042554
✓ Saved optimization candidate for VTV (base_case=0)
✓ Saved best candidate for VTV (cleaned up old candidates)
✓ Saved 37 backtest trades for VTV to PostgreSQL
✓ Saved 38 equity snapshots for VTV
✓ Logged optimization run for VTV: Sharpe=1.0986448320055457

======================================================================
STEP 3: PORTFOLIO COORDINATE ASCENT
======================================================================
Loaded 7407 bars for QQQ from PostgreSQL
Loaded 6544 bars for VTI from PostgreSQL
Loaded 6529 bars for VTV from PostgreSQL
  Converged after 3 iterations
  Portfolio return: 180.03%
  Sharpe: 1.13
  Max DD: 24.25%
  Trades: 110
  QQQ: CHAND(14, 2.5)
  VTI: CHAND(18, 2.5)
  VTV: CHAND(22, 2.5)
✓ Saved 110 backtest trades for BLENDED to PostgreSQL
✓ Saved 1432 equity snapshots for BLENDED
  ✓ Saved BLENDED portfolio results

======================================================================
NIGHTLY OPTIMIZATION COMPLETE
======================================================================
Total tickers: 3/3
Total runtime: 23.4s

QQQ:
  Params: CHAND(period=14, mult=3.0)
  Sharpe: 0.89 | Return: 49.75%
VTI:
  Params: CHAND(period=14, mult=3.5)
  Sharpe: 0.96 | Return: 36.68%
VTV:
  Params: CHAND(period=14, mult=3.5)
  Sharpe: 1.10 | Return: 13.64%

======================================================================
DATABASE SUMMARY
======================================================================

BLENDED (PORTFOLIO):
  Sharpe: 1.13, Return: 180.03%, Win Rate: 50.0%

[VTI] Starting optimization...

======================================================================
Optimizing VTI [1Day]...
======================================================================
Loaded 6544 bars for VTI from PostgreSQL
Testing 9 parameter combinations...

Testing 9 parameter combinations...
This may take a few minutes...


[OK] Optimization complete! Top 5 results:

Rank   Sharpe     Win%     Return     Trades   Parameters                                        
----------------------------------------------------------------------------------------------------
1      0.96       54.3     36.68     % 35       CHAND(period=14, mult=3.5)                        
2      0.92       52.0     34.15     % 50       CHAND(period=18, mult=3.0)                        
3      0.91       49.0     33.41     % 51       CHAND(period=22, mult=3.0)                        
4      0.90       57.1     32.69     % 49       CHAND(period=14, mult=3.0)                        
5      0.87       49.3     31.10     % 67       CHAND(period=18, mult=2.5)                        

Results for VTI:
  Best Sharpe: 0.96
  Win Rate: 54.3%
  Total Return: 36.68%
  Trades: 35
  Runtime: 1.5s

[VTV] Starting optimization...

======================================================================
Optimizing VTV [1Day]...
======================================================================
Loaded 6529 bars for VTV from PostgreSQL
Testing 9 parameter combinations...

Testing 9 parameter combinations...
This may take a few minutes...


[OK] Optimization complete! Top 5 results:

Rank   Sharpe     Win%     Return     Trades   Parameters                                        
----------------------------------------------------------------------------------------------------
1      1.10       64.9     13.64     % 37       CHAND(period=14, mult=3.5)                        
2      1.03       49.2     12.05     % 61       CHAND(period=18, mult=2.5)                        
3      1.03       52.2     12.19     % 46       CHAND(period=22, mult=3.0)                        
4      1.02       45.9     11.89     % 61       CHAND(period=22, mult=2.5)                        
5      0.99       49.2     11.40     % 61       CHAND(period=14, mult=2.5)                        

Results for VTV:
  Best Sharpe: 1.10
  Win Rate: 64.9%
  Total Return: 13.64%
  Trades: 37
  Runtime: 2.1s

[QQQ] Starting optimization...

======================================================================
Optimizing QQQ [1Day]...
======================================================================
Loaded 7407 bars for QQQ from PostgreSQL
Testing 9 parameter combinations...

Testing 9 parameter combinations...
This may take a few minutes...


[OK] Optimization complete! Top 5 results:

Rank   Sharpe     Win%     Return     Trades   Parameters                                        
----------------------------------------------------------------------------------------------------
1      0.89       48.8     49.75     % 43       CHAND(period=14, mult=3.0)                        
2      0.89       50.0     49.38     % 46       CHAND(period=18, mult=3.0)                        
3      0.88       42.9     46.14     % 63       CHAND(period=14, mult=2.5)                        
4      0.86       48.5     46.24     % 33       CHAND(period=14, mult=3.5)                        
5      0.85       46.7     45.83     % 45       CHAND(period=22, mult=3.0)                        

Results for QQQ:
  Best Sharpe: 0.89
  Win Rate: 48.8%
  Total Return: 49.75%
  Trades: 43
  Runtime: 2.1s
[2026-05-09 02:00:28] Optimizer finished (exit: 0)
[2026-05-09 12:41:01] Nightly optimizer starting...

FATAL ERROR: connection to server at "127.0.0.1", port 5432 failed: Connection refused
	Is the server running on that host and accepting TCP/IP connections?

Traceback (most recent call last):
  File "/home/dikesh/data/dev/SwingTraderAndOptimizer/optimizer/nightly_optimizer.py", line 409, in <module>
    run_nightly_optimization(tickers=args.tickers, timeframe=args.timeframe)
    ~~~~~~~~~~~~~~~~~~~~~~~~^^^^^^^^^^^^^^^^^^^^^^^^^^^^^^^^^^^^^^^^^^^^^^^^
  File "/home/dikesh/data/dev/SwingTraderAndOptimizer/optimizer/nightly_optimizer.py", line 134, in run_nightly_optimization
    db = StrategyDB()
  File "/home/dikesh/data/dev/SwingTraderAndOptimizer/optimizer/db.py", line 13, in __init__
    self.connect()
    ~~~~~~~~~~~~^^
  File "/home/dikesh/data/dev/SwingTraderAndOptimizer/optimizer/db.py", line 18, in connect
    self.conn = psycopg2.connect(
                ~~~~~~~~~~~~~~~~^
        host='127.0.0.1',
        ^^^^^^^^^^^^^^^^^
    ...<3 lines>...
        password='swingtrader_dev_password'
        ^^^^^^^^^^^^^^^^^^^^^^^^^^^^^^^^^^^
    )
    ^
  File "/home/dikesh/data/dev/SwingTraderAndOptimizer/optimizer/venv/lib/python3.13/site-packages/psycopg2/__init__.py", line 122, in connect
    conn = _connect(dsn, connection_factory=connection_factory, **kwasync)
psycopg2.OperationalError: connection to server at "127.0.0.1", port 5432 failed: Connection refused
	Is the server running on that host and accepting TCP/IP connections?


======================================================================
NIGHTLY OPTIMIZER RUN
Timestamp: 2026-05-09T12:41:02.573374-04:00
Tickers: QQQ, VTI, VTV
Timeframe: 1Day
======================================================================

Error connecting to PostgreSQL: connection to server at "127.0.0.1", port 5432 failed: Connection refused
	Is the server running on that host and accepting TCP/IP connections?

[2026-05-11 09:25:51] Nightly optimizer starting...

FATAL ERROR: connection to server at "127.0.0.1", port 5432 failed: Connection refused
	Is the server running on that host and accepting TCP/IP connections?

Traceback (most recent call last):
  File "/home/dikesh/data/dev/SwingTraderAndOptimizer/optimizer/nightly_optimizer.py", line 409, in <module>
    run_nightly_optimization(tickers=args.tickers, timeframe=args.timeframe)
    ~~~~~~~~~~~~~~~~~~~~~~~~^^^^^^^^^^^^^^^^^^^^^^^^^^^^^^^^^^^^^^^^^^^^^^^^
  File "/home/dikesh/data/dev/SwingTraderAndOptimizer/optimizer/nightly_optimizer.py", line 134, in run_nightly_optimization
    db = StrategyDB()
  File "/home/dikesh/data/dev/SwingTraderAndOptimizer/optimizer/db.py", line 13, in __init__
    self.connect()
    ~~~~~~~~~~~~^^
  File "/home/dikesh/data/dev/SwingTraderAndOptimizer/optimizer/db.py", line 18, in connect
    self.conn = psycopg2.connect(
                ~~~~~~~~~~~~~~~~^
        host='127.0.0.1',
        ^^^^^^^^^^^^^^^^^
    ...<3 lines>...
        password='swingtrader_dev_password'
        ^^^^^^^^^^^^^^^^^^^^^^^^^^^^^^^^^^^
    )
    ^
  File "/home/dikesh/data/dev/SwingTraderAndOptimizer/optimizer/venv/lib/python3.13/site-packages/psycopg2/__init__.py", line 122, in connect
    conn = _connect(dsn, connection_factory=connection_factory, **kwasync)
psycopg2.OperationalError: connection to server at "127.0.0.1", port 5432 failed: Connection refused
	Is the server running on that host and accepting TCP/IP connections?


======================================================================
NIGHTLY OPTIMIZER RUN
Timestamp: 2026-05-11T09:25:54.083661-04:00
Tickers: QQQ, VTI, VTV
Timeframe: 1Day
======================================================================

Error connecting to PostgreSQL: connection to server at "127.0.0.1", port 5432 failed: Connection refused
	Is the server running on that host and accepting TCP/IP connections?

[2026-05-12 09:28:59] Nightly optimizer starting...

FATAL ERROR: connection to server at "127.0.0.1", port 5432 failed: Connection refused
	Is the server running on that host and accepting TCP/IP connections?

Traceback (most recent call last):
  File "/home/dikesh/data/dev/SwingTraderAndOptimizer/optimizer/nightly_optimizer.py", line 409, in <module>
    run_nightly_optimization(tickers=args.tickers, timeframe=args.timeframe)
    ~~~~~~~~~~~~~~~~~~~~~~~~^^^^^^^^^^^^^^^^^^^^^^^^^^^^^^^^^^^^^^^^^^^^^^^^
  File "/home/dikesh/data/dev/SwingTraderAndOptimizer/optimizer/nightly_optimizer.py", line 134, in run_nightly_optimization
    db = StrategyDB()
  File "/home/dikesh/data/dev/SwingTraderAndOptimizer/optimizer/db.py", line 13, in __init__
    self.connect()
    ~~~~~~~~~~~~^^
  File "/home/dikesh/data/dev/SwingTraderAndOptimizer/optimizer/db.py", line 18, in connect
    self.conn = psycopg2.connect(
                ~~~~~~~~~~~~~~~~^
        host='127.0.0.1',
        ^^^^^^^^^^^^^^^^^
    ...<3 lines>...
        password='swingtrader_dev_password'
        ^^^^^^^^^^^^^^^^^^^^^^^^^^^^^^^^^^^
    )
    ^
  File "/home/dikesh/data/dev/SwingTraderAndOptimizer/optimizer/venv/lib/python3.13/site-packages/psycopg2/__init__.py", line 122, in connect
    conn = _connect(dsn, connection_factory=connection_factory, **kwasync)
psycopg2.OperationalError: connection to server at "127.0.0.1", port 5432 failed: Connection refused
	Is the server running on that host and accepting TCP/IP connections?


======================================================================
NIGHTLY OPTIMIZER RUN
Timestamp: 2026-05-12T09:29:01.121598-04:00
Tickers: QQQ, VTI, VTV
Timeframe: 1Day
======================================================================

Error connecting to PostgreSQL: connection to server at "127.0.0.1", port 5432 failed: Connection refused
	Is the server running on that host and accepting TCP/IP connections?

[2026-05-12 09:42:35] Nightly optimizer starting...
[2026-05-12 09:42:35] Waiting for PostgreSQL...
[2026-05-12 09:45:01] ERROR: PostgreSQL not ready after 150s, aborting.
[2026-05-12 09:48:03] Nightly optimizer starting...
[2026-05-12 09:48:03] Waiting for PostgreSQL...
[2026-05-12 09:48:03] PostgreSQL ready.
[Parallel(n_jobs=-1)]: Using backend LokyBackend with 8 concurrent workers.

======================================================================
NIGHTLY OPTIMIZER RUN
Timestamp: 2026-05-12T09:48:03.828400-04:00
Tickers: QQQ, VTI, VTV
Timeframe: 1Day
======================================================================


======================================================================
STEP 1: FETCHING INCREMENTAL PRICES
======================================================================

============================================================
Updating QQQ
============================================================
Loaded 1455 bars for QQQ from PostgreSQL
Current data: 1455 bars, last: 2026-05-11
Fetching incremental data...
Fetching QQQ incremental data since 2026-05-11
Fetching QQQ data from 2026-05-11 to 2026-05-12
Fetched 2 bars for QQQ (timestamped in America/New_York)
Appending 2 bars to database...
Appended 1 new bars for QQQ to PostgreSQL
Loaded 1456 bars for QQQ from PostgreSQL
✓ Updated: 1456 total bars, last: 2026-05-12

============================================================
Updating VTI
============================================================
Loaded 1455 bars for VTI from PostgreSQL
Current data: 1455 bars, last: 2026-05-11
Fetching incremental data...
Fetching VTI incremental data since 2026-05-11
Fetching VTI data from 2026-05-11 to 2026-05-12
Fetched 2 bars for VTI (timestamped in America/New_York)
Appending 2 bars to database...
Appended 1 new bars for VTI to PostgreSQL
Loaded 1456 bars for VTI from PostgreSQL
✓ Updated: 1456 total bars, last: 2026-05-12

============================================================
Updating VTV
============================================================
Loaded 1455 bars for VTV from PostgreSQL
Current data: 1455 bars, last: 2026-05-11
Fetching incremental data...
Fetching VTV incremental data since 2026-05-11
Fetching VTV data from 2026-05-11 to 2026-05-12
Fetched 2 bars for VTV (timestamped in America/New_York)
Appending 2 bars to database...
Appended 1 new bars for VTV to PostgreSQL
Loaded 1456 bars for VTV from PostgreSQL
✓ Updated: 1456 total bars, last: 2026-05-12

============================================================
Updating BLENDED
============================================================
No existing data for BLENDED
Fetching incremental data...
Database empty for BLENDED, fetching 1Day data from 2019-07-08
Fetching BLENDED data from 2019-07-08 to 2026-05-12
No data returned for BLENDED
No new data to fetch for BLENDED
[Parallel(n_jobs=-1)]: Done   3 out of   3 | elapsed:    2.0s finished
✓ Saved optimization candidate for QQQ (base_case=0)
✓ Saved best candidate for QQQ (cleaned up old candidates)
✓ Saved 44 backtest trades for QQQ to PostgreSQL
✓ Saved 45 equity snapshots for QQQ
✓ Logged optimization run for QQQ: Sharpe=0.9049808874042602
✓ Saved optimization candidate for VTI (base_case=0)
✓ Saved best candidate for VTI (cleaned up old candidates)
✓ Saved 36 backtest trades for VTI to PostgreSQL
✓ Saved 37 equity snapshots for VTI
✓ Logged optimization run for VTI: Sharpe=0.9585838081447304
✓ Saved optimization candidate for VTV (base_case=0)
✓ Saved best candidate for VTV (cleaned up old candidates)
✓ Saved 38 backtest trades for VTV to PostgreSQL
✓ Saved 39 equity snapshots for VTV
✓ Logged optimization run for VTV: Sharpe=1.102045712466098

======================================================================
STEP 3: PORTFOLIO COORDINATE ASCENT
======================================================================
Loaded 1456 bars for QQQ from PostgreSQL
Loaded 1456 bars for VTI from PostgreSQL
Loaded 1456 bars for VTV from PostgreSQL
  Converged after 1 iterations
  Portfolio return: 183.34%
  Sharpe: 1.14
  Max DD: 24.25%
  Trades: 112
  QQQ: CHAND(14, 2.5)
  VTI: CHAND(18, 2.5)
  VTV: CHAND(22, 2.5)
✓ Saved 112 backtest trades for BLENDED to PostgreSQL
✓ Saved 1435 equity snapshots for BLENDED
  ✓ Saved BLENDED portfolio results

======================================================================
NIGHTLY OPTIMIZATION COMPLETE
======================================================================
Total tickers: 3/3
Total runtime: 8.1s

QQQ:
  Params: CHAND(period=14, mult=3.0)
  Sharpe: 0.90 | Return: 64.38%
VTI:
  Params: CHAND(period=14, mult=3.5)
  Sharpe: 0.96 | Return: 44.64%
VTV:
  Params: CHAND(period=14, mult=3.5)
  Sharpe: 1.10 | Return: 14.30%

======================================================================
DATABASE SUMMARY
======================================================================

QQQ:
  Sharpe: 1.14, Return: 183.34%, Win Rate: 50.9%
VTI:
  Sharpe: 1.14, Return: 183.34%, Win Rate: 50.9%
VTV:
  Sharpe: 1.14, Return: 183.34%, Win Rate: 50.9%
BLENDED (PORTFOLIO):
  Sharpe: 1.14, Return: 183.34%, Win Rate: 50.9%

[VTV] Starting optimization...

======================================================================
Optimizing VTV [1Day]...
======================================================================
Loaded 1456 bars for VTV from PostgreSQL
Testing 9 parameter combinations...

Testing 9 parameter combinations...
This may take a few minutes...


[OK] Optimization complete! Top 5 results:

Rank   Sharpe     Win%     Return     Trades   Parameters                                        
----------------------------------------------------------------------------------------------------
1      1.10       65.8     14.30     % 38       CHAND(period=14, mult=3.5)                        
2      1.03       50.0     13.09     % 62       CHAND(period=18, mult=2.5)                        
3      1.03       53.2     13.23     % 47       CHAND(period=22, mult=3.0)                        
4      1.03       46.8     12.93     % 62       CHAND(period=22, mult=2.5)                        
5      0.99       50.0     12.44     % 62       CHAND(period=14, mult=2.5)                        

Results for VTV:
  Best Sharpe: 1.10
  Win Rate: 65.8%
  Total Return: 14.30%
  Trades: 38
  Runtime: 1.1s

[QQQ] Starting optimization...

======================================================================
Optimizing QQQ [1Day]...
======================================================================
Loaded 1456 bars for QQQ from PostgreSQL
Testing 9 parameter combinations...

Testing 9 parameter combinations...
This may take a few minutes...


[OK] Optimization complete! Top 5 results:

Rank   Sharpe     Win%     Return     Trades   Parameters                                        
----------------------------------------------------------------------------------------------------
1      0.90       50.0     64.38     % 44       CHAND(period=14, mult=3.0)                        
2      0.90       51.1     63.98     % 47       CHAND(period=18, mult=3.0)                        
3      0.89       43.8     62.87     % 64       CHAND(period=14, mult=2.5)                        
4      0.87       50.0     62.53     % 34       CHAND(period=14, mult=3.5)                        
5      0.86       47.8     60.08     % 46       CHAND(period=22, mult=3.0)                        

Results for QQQ:
  Best Sharpe: 0.90
  Win Rate: 50.0%
  Total Return: 64.38%
  Trades: 44
  Runtime: 1.1s

[VTI] Starting optimization...

======================================================================
Optimizing VTI [1Day]...
======================================================================
Loaded 1456 bars for VTI from PostgreSQL
Testing 9 parameter combinations...

Testing 9 parameter combinations...
This may take a few minutes...


[OK] Optimization complete! Top 5 results:

Rank   Sharpe     Win%     Return     Trades   Parameters                                        
----------------------------------------------------------------------------------------------------
1      0.96       55.6     44.64     % 36       CHAND(period=14, mult=3.5)                        
2      0.93       52.9     41.97     % 51       CHAND(period=18, mult=3.0)                        
3      0.91       50.0     41.18     % 52       CHAND(period=22, mult=3.0)                        
4      0.90       58.0     40.43     % 50       CHAND(period=14, mult=3.0)                        
5      0.87       50.0     38.74     % 68       CHAND(period=18, mult=2.5)                        

Results for VTI:
  Best Sharpe: 0.96
  Win Rate: 55.6%
  Total Return: 44.64%
  Trades: 36
  Runtime: 1.1s
[2026-05-12 09:48:13] Optimizer finished (exit: 0)
Cannot load Xdebug - it was already loaded
Cannot load Xdebug - it was already loaded
Starting nightly optimization...
[Parallel(n_jobs=-1)]: Using backend LokyBackend with 8 concurrent workers.

======================================================================
NIGHTLY OPTIMIZER RUN
Timestamp: 2026-05-12T14:23:28.464540-04:00
Tickers: QQQ, VTI, VTV
Timeframe: 1Hour
======================================================================


======================================================================
STEP 1: FETCHING INCREMENTAL PRICES
======================================================================

============================================================
Updating QQQ
============================================================
Loaded 1456 bars for QQQ from PostgreSQL
Current data: 1456 bars, last: 2026-05-12
Fetching incremental data...
Fetching QQQ incremental data since 2026-05-12
Fetching QQQ data from 2026-05-12 to 2026-05-12
Fetched 7 bars for QQQ (timestamped in America/New_York)
Appending 7 bars to database...
Filtered to market hours (NY): 7 -> 5 bars (2 removed)
Appended 5 new bars for QQQ to PostgreSQL
Loaded 1461 bars for QQQ from PostgreSQL
✓ Updated: 1461 total bars, last: 2026-05-12

============================================================
Updating VTI
============================================================
Loaded 1456 bars for VTI from PostgreSQL
Current data: 1456 bars, last: 2026-05-12
Fetching incremental data...
Fetching VTI incremental data since 2026-05-12
Fetching VTI data from 2026-05-12 to 2026-05-12
Fetched 6 bars for VTI (timestamped in America/New_York)
Appending 6 bars to database...
Filtered to market hours (NY): 6 -> 5 bars (1 removed)
Appended 5 new bars for VTI to PostgreSQL
Loaded 1461 bars for VTI from PostgreSQL
✓ Updated: 1461 total bars, last: 2026-05-12

============================================================
Updating VTV
============================================================
Loaded 1456 bars for VTV from PostgreSQL
Current data: 1456 bars, last: 2026-05-12
Fetching incremental data...
Fetching VTV incremental data since 2026-05-12
Fetching VTV data from 2026-05-12 to 2026-05-12
Fetched 6 bars for VTV (timestamped in America/New_York)
Appending 6 bars to database...
Filtered to market hours (NY): 6 -> 5 bars (1 removed)
Appended 5 new bars for VTV to PostgreSQL
Loaded 1461 bars for VTV from PostgreSQL
✓ Updated: 1461 total bars, last: 2026-05-12

============================================================
Updating BLENDED
============================================================
No existing data for BLENDED
Fetching incremental data...
Database empty for BLENDED, fetching 1Hour data from 2022-12-09
Fetching BLENDED data from 2022-12-09 to 2026-05-12
No data returned for BLENDED
No new data to fetch for BLENDED
[Parallel(n_jobs=-1)]: Done   3 out of   3 | elapsed:    2.0s finished
✓ Saved optimization candidate for QQQ (base_case=0)
✓ Saved best candidate for QQQ (cleaned up old candidates)
✓ Saved 44 backtest trades for QQQ to PostgreSQL
✓ Saved 45 equity snapshots for QQQ
✓ Logged optimization run for QQQ: Sharpe=0.9049808874042602
✓ Saved optimization candidate for VTI (base_case=0)
✓ Saved best candidate for VTI (cleaned up old candidates)
✓ Saved 36 backtest trades for VTI to PostgreSQL
✓ Saved 37 equity snapshots for VTI
✓ Logged optimization run for VTI: Sharpe=0.9585838081447304
✓ Saved optimization candidate for VTV (base_case=0)
✓ Saved best candidate for VTV (cleaned up old candidates)
✓ Saved 38 backtest trades for VTV to PostgreSQL
✓ Saved 39 equity snapshots for VTV
✓ Logged optimization run for VTV: Sharpe=1.102045712466098

======================================================================
STEP 3: PORTFOLIO COORDINATE ASCENT
======================================================================
Loaded 1461 bars for QQQ from PostgreSQL
Loaded 1461 bars for VTI from PostgreSQL
Loaded 1461 bars for VTV from PostgreSQL
  Converged after 1 iterations
  Portfolio return: 183.34%
  Sharpe: 1.14
  Max DD: 24.25%
  Trades: 112
  QQQ: CHAND(14, 2.5)
  VTI: CHAND(18, 2.5)
  VTV: CHAND(22, 2.5)
✓ Saved 112 backtest trades for BLENDED to PostgreSQL
✓ Saved 1435 equity snapshots for BLENDED
  ✓ Saved BLENDED portfolio results

======================================================================
NIGHTLY OPTIMIZATION COMPLETE
======================================================================
Total tickers: 3/3
Total runtime: 7.9s

QQQ:
  Params: CHAND(period=14, mult=3.0)
  Sharpe: 0.90 | Return: 64.38%
VTI:
  Params: CHAND(period=14, mult=3.5)
  Sharpe: 0.96 | Return: 44.64%
VTV:
  Params: CHAND(period=14, mult=3.5)
  Sharpe: 1.10 | Return: 14.30%

======================================================================
DATABASE SUMMARY
======================================================================

QQQ:
  Sharpe: 1.14, Return: 183.34%, Win Rate: 50.9%
VTI:
  Sharpe: 1.14, Return: 183.34%, Win Rate: 50.9%
VTV:
  Sharpe: 1.14, Return: 183.34%, Win Rate: 50.9%
BLENDED (PORTFOLIO):
  Sharpe: 1.14, Return: 183.34%, Win Rate: 50.9%

[VTI] Starting optimization...

======================================================================
Optimizing VTI [1Hour]...
======================================================================
Loaded 1461 bars for VTI from PostgreSQL
Testing 9 parameter combinations...

Testing 9 parameter combinations...
This may take a few minutes...


[OK] Optimization complete! Top 5 results:

Rank   Sharpe     Win%     Return     Trades   Parameters                                        
----------------------------------------------------------------------------------------------------
1      0.96       55.6     44.64     % 36       CHAND(period=14, mult=3.5)                        
2      0.93       52.9     41.97     % 51       CHAND(period=18, mult=3.0)                        
3      0.91       50.0     41.18     % 52       CHAND(period=22, mult=3.0)                        
4      0.90       58.0     40.43     % 50       CHAND(period=14, mult=3.0)                        
5      0.87       50.0     38.74     % 68       CHAND(period=18, mult=2.5)                        

Results for VTI:
  Best Sharpe: 0.96
  Win Rate: 55.6%
  Total Return: 44.64%
  Trades: 36
  Runtime: 1.1s

[QQQ] Starting optimization...

======================================================================
Optimizing QQQ [1Hour]...
======================================================================
Loaded 1461 bars for QQQ from PostgreSQL
Testing 9 parameter combinations...

Testing 9 parameter combinations...
This may take a few minutes...


[OK] Optimization complete! Top 5 results:

Rank   Sharpe     Win%     Return     Trades   Parameters                                        
----------------------------------------------------------------------------------------------------
1      0.90       50.0     64.38     % 44       CHAND(period=14, mult=3.0)                        
2      0.90       51.1     63.98     % 47       CHAND(period=18, mult=3.0)                        
3      0.89       43.8     62.87     % 64       CHAND(period=14, mult=2.5)                        
4      0.87       50.0     62.53     % 34       CHAND(period=14, mult=3.5)                        
5      0.86       47.8     60.08     % 46       CHAND(period=22, mult=3.0)                        

Results for QQQ:
  Best Sharpe: 0.90
  Win Rate: 50.0%
  Total Return: 64.38%
  Trades: 44
  Runtime: 1.1s

[VTV] Starting optimization...

======================================================================
Optimizing VTV [1Hour]...
======================================================================
Loaded 1461 bars for VTV from PostgreSQL
Testing 9 parameter combinations...

Testing 9 parameter combinations...
This may take a few minutes...


[OK] Optimization complete! Top 5 results:

Rank   Sharpe     Win%     Return     Trades   Parameters                                        
----------------------------------------------------------------------------------------------------
1      1.10       65.8     14.30     % 38       CHAND(period=14, mult=3.5)                        
2      1.03       50.0     13.09     % 62       CHAND(period=18, mult=2.5)                        
3      1.03       53.2     13.23     % 47       CHAND(period=22, mult=3.0)                        
4      1.03       46.8     12.93     % 62       CHAND(period=22, mult=2.5)                        
5      0.99       50.0     12.44     % 62       CHAND(period=14, mult=2.5)                        

Results for VTV:
  Best Sharpe: 1.10
  Win Rate: 65.8%
  Total Return: 14.30%
  Trades: 38
  Runtime: 1.1s
Optimization completed successfully
Cannot load Xdebug - it was already loaded
Cannot load Xdebug - it was already loaded
Starting nightly optimization...
[Parallel(n_jobs=-1)]: Using backend LokyBackend with 8 concurrent workers.

======================================================================
NIGHTLY OPTIMIZER RUN
Timestamp: 2026-05-12T15:03:08.907831-04:00
Tickers: QQQ, VTI, VTV
Timeframe: 1Hour
======================================================================


======================================================================
STEP 1: FETCHING INCREMENTAL PRICES
======================================================================

============================================================
Updating QQQ
============================================================
Loaded 1461 bars for QQQ from PostgreSQL
Current data: 1461 bars, last: 2026-05-12
Fetching incremental data...
QQQ: Already have today's closing price (last: 2026-05-12 18:00:00)
No new data to fetch for QQQ

============================================================
Updating VTI
============================================================
Loaded 1461 bars for VTI from PostgreSQL
Current data: 1461 bars, last: 2026-05-12
Fetching incremental data...
VTI: Already have today's closing price (last: 2026-05-12 18:00:00)
No new data to fetch for VTI

============================================================
Updating VTV
============================================================
Loaded 1461 bars for VTV from PostgreSQL
Current data: 1461 bars, last: 2026-05-12
Fetching incremental data...
VTV: Already have today's closing price (last: 2026-05-12 18:00:00)
No new data to fetch for VTV

============================================================
Updating BLENDED
============================================================
No existing data for BLENDED
Fetching incremental data...
Database empty for BLENDED, fetching 1Hour data from 2022-12-09
Fetching BLENDED data from 2022-12-09 to 2026-05-12
No data returned for BLENDED
No new data to fetch for BLENDED
[Parallel(n_jobs=-1)]: Done   3 out of   3 | elapsed:    2.0s finished
✓ Saved optimization candidate for QQQ (base_case=0)
✓ Saved best candidate for QQQ (cleaned up old candidates)
✓ Saved 44 backtest trades for QQQ to PostgreSQL
✓ Saved 45 equity snapshots for QQQ
✓ Logged optimization run for QQQ: Sharpe=0.9049808874042602
✓ Saved optimization candidate for VTI (base_case=0)
✓ Saved best candidate for VTI (cleaned up old candidates)
✓ Saved 36 backtest trades for VTI to PostgreSQL
✓ Saved 37 equity snapshots for VTI
✓ Logged optimization run for VTI: Sharpe=0.9585838081447304
✓ Saved optimization candidate for VTV (base_case=0)
✓ Saved best candidate for VTV (cleaned up old candidates)
✓ Saved 38 backtest trades for VTV to PostgreSQL
✓ Saved 39 equity snapshots for VTV
✓ Logged optimization run for VTV: Sharpe=1.102045712466098

======================================================================
STEP 3: PORTFOLIO COORDINATE ASCENT
======================================================================
Loaded 1461 bars for QQQ from PostgreSQL
Loaded 1461 bars for VTI from PostgreSQL
Loaded 1461 bars for VTV from PostgreSQL
  Converged after 1 iterations
  Portfolio return: 183.34%
  Sharpe: 1.14
  Max DD: 24.25%
  Trades: 112
  QQQ: CHAND(14, 2.5)
  VTI: CHAND(18, 2.5)
  VTV: CHAND(22, 2.5)
✓ Saved 112 backtest trades for BLENDED to PostgreSQL
✓ Saved 1435 equity snapshots for BLENDED
  ✓ Saved BLENDED portfolio results

======================================================================
NIGHTLY OPTIMIZATION COMPLETE
======================================================================
Total tickers: 3/3
Total runtime: 7.9s

QQQ:
  Params: CHAND(period=14, mult=3.0)
  Sharpe: 0.90 | Return: 64.38%
VTI:
  Params: CHAND(period=14, mult=3.5)
  Sharpe: 0.96 | Return: 44.64%
VTV:
  Params: CHAND(period=14, mult=3.5)
  Sharpe: 1.10 | Return: 14.30%

======================================================================
DATABASE SUMMARY
======================================================================

QQQ:
  Sharpe: 1.14, Return: 183.34%, Win Rate: 50.9%
VTI:
  Sharpe: 1.14, Return: 183.34%, Win Rate: 50.9%
VTV:
  Sharpe: 1.14, Return: 183.34%, Win Rate: 50.9%
BLENDED (PORTFOLIO):
  Sharpe: 1.14, Return: 183.34%, Win Rate: 50.9%

[QQQ] Starting optimization...

======================================================================
Optimizing QQQ [1Hour]...
======================================================================
Loaded 1461 bars for QQQ from PostgreSQL
Testing 9 parameter combinations...

Testing 9 parameter combinations...
This may take a few minutes...


[OK] Optimization complete! Top 5 results:

Rank   Sharpe     Win%     Return     Trades   Parameters                                        
----------------------------------------------------------------------------------------------------
1      0.90       50.0     64.38     % 44       CHAND(period=14, mult=3.0)                        
2      0.90       51.1     63.98     % 47       CHAND(period=18, mult=3.0)                        
3      0.89       43.8     62.87     % 64       CHAND(period=14, mult=2.5)                        
4      0.87       50.0     62.53     % 34       CHAND(period=14, mult=3.5)                        
5      0.86       47.8     60.08     % 46       CHAND(period=22, mult=3.0)                        

Results for QQQ:
  Best Sharpe: 0.90
  Win Rate: 50.0%
  Total Return: 64.38%
  Trades: 44
  Runtime: 1.1s

[VTV] Starting optimization...

======================================================================
Optimizing VTV [1Hour]...
======================================================================
Loaded 1461 bars for VTV from PostgreSQL
Testing 9 parameter combinations...

Testing 9 parameter combinations...
This may take a few minutes...


[OK] Optimization complete! Top 5 results:

Rank   Sharpe     Win%     Return     Trades   Parameters                                        
----------------------------------------------------------------------------------------------------
1      1.10       65.8     14.30     % 38       CHAND(period=14, mult=3.5)                        
2      1.03       50.0     13.09     % 62       CHAND(period=18, mult=2.5)                        
3      1.03       53.2     13.23     % 47       CHAND(period=22, mult=3.0)                        
4      1.03       46.8     12.93     % 62       CHAND(period=22, mult=2.5)                        
5      0.99       50.0     12.44     % 62       CHAND(period=14, mult=2.5)                        

Results for VTV:
  Best Sharpe: 1.10
  Win Rate: 65.8%
  Total Return: 14.30%
  Trades: 38
  Runtime: 1.1s

[VTI] Starting optimization...

======================================================================
Optimizing VTI [1Hour]...
======================================================================
Loaded 1461 bars for VTI from PostgreSQL
Testing 9 parameter combinations...

Testing 9 parameter combinations...
This may take a few minutes...


[OK] Optimization complete! Top 5 results:

Rank   Sharpe     Win%     Return     Trades   Parameters                                        
----------------------------------------------------------------------------------------------------
1      0.96       55.6     44.64     % 36       CHAND(period=14, mult=3.5)                        
2      0.93       52.9     41.97     % 51       CHAND(period=18, mult=3.0)                        
3      0.91       50.0     41.18     % 52       CHAND(period=22, mult=3.0)                        
4      0.90       58.0     40.43     % 50       CHAND(period=14, mult=3.0)                        
5      0.87       50.0     38.74     % 68       CHAND(period=18, mult=2.5)                        

Results for VTI:
  Best Sharpe: 0.96
  Win Rate: 55.6%
  Total Return: 44.64%
  Trades: 36
  Runtime: 1.1s
Optimization completed successfully
Cannot load Xdebug - it was already loaded
Cannot load Xdebug - it was already loaded
Starting nightly optimization...
[Parallel(n_jobs=-1)]: Using backend LokyBackend with 8 concurrent workers.

======================================================================
NIGHTLY OPTIMIZER RUN
Timestamp: 2026-05-12T15:03:53.256242-04:00
Tickers: QQQ, VTI, VTV
Timeframe: 1Hour
======================================================================


======================================================================
STEP 1: FETCHING INCREMENTAL PRICES
======================================================================

============================================================
Updating QQQ
============================================================
Loaded 1461 bars for QQQ from PostgreSQL
Current data: 1461 bars, last: 2026-05-12
Fetching incremental data...
QQQ: Already have today's closing price (last: 2026-05-12 18:00:00)
No new data to fetch for QQQ

============================================================
Updating VTI
============================================================
Loaded 1461 bars for VTI from PostgreSQL
Current data: 1461 bars, last: 2026-05-12
Fetching incremental data...
VTI: Already have today's closing price (last: 2026-05-12 18:00:00)
No new data to fetch for VTI

============================================================
Updating VTV
============================================================
Loaded 1461 bars for VTV from PostgreSQL
Current data: 1461 bars, last: 2026-05-12
Fetching incremental data...
VTV: Already have today's closing price (last: 2026-05-12 18:00:00)
No new data to fetch for VTV

============================================================
Updating BLENDED
============================================================
No existing data for BLENDED
Fetching incremental data...
Database empty for BLENDED, fetching 1Hour data from 2022-12-09
Fetching BLENDED data from 2022-12-09 to 2026-05-12
No data returned for BLENDED
No new data to fetch for BLENDED
[Parallel(n_jobs=-1)]: Done   3 out of   3 | elapsed:    2.0s finished
✓ Saved optimization candidate for QQQ (base_case=0)
✓ Saved best candidate for QQQ (cleaned up old candidates)
✓ Saved 44 backtest trades for QQQ to PostgreSQL
✓ Saved 45 equity snapshots for QQQ
✓ Logged optimization run for QQQ: Sharpe=0.9049808874042602
✓ Saved optimization candidate for VTI (base_case=0)
✓ Saved best candidate for VTI (cleaned up old candidates)
✓ Saved 36 backtest trades for VTI to PostgreSQL
✓ Saved 37 equity snapshots for VTI
✓ Logged optimization run for VTI: Sharpe=0.9585838081447304
✓ Saved optimization candidate for VTV (base_case=0)
✓ Saved best candidate for VTV (cleaned up old candidates)
✓ Saved 38 backtest trades for VTV to PostgreSQL
✓ Saved 39 equity snapshots for VTV
✓ Logged optimization run for VTV: Sharpe=1.102045712466098

======================================================================
STEP 3: PORTFOLIO COORDINATE ASCENT
======================================================================
Loaded 1461 bars for QQQ from PostgreSQL
Loaded 1461 bars for VTI from PostgreSQL
Loaded 1461 bars for VTV from PostgreSQL
  Converged after 1 iterations
  Portfolio return: 183.34%
  Sharpe: 1.14
  Max DD: 24.25%
  Trades: 112
  QQQ: CHAND(14, 2.5)
  VTI: CHAND(18, 2.5)
  VTV: CHAND(22, 2.5)
✓ Saved 112 backtest trades for BLENDED to PostgreSQL
✓ Saved 1435 equity snapshots for BLENDED
  ✓ Saved BLENDED portfolio results

======================================================================
NIGHTLY OPTIMIZATION COMPLETE
======================================================================
Total tickers: 3/3
Total runtime: 8.1s

QQQ:
  Params: CHAND(period=14, mult=3.0)
  Sharpe: 0.90 | Return: 64.38%
VTI:
  Params: CHAND(period=14, mult=3.5)
  Sharpe: 0.96 | Return: 44.64%
VTV:
  Params: CHAND(period=14, mult=3.5)
  Sharpe: 1.10 | Return: 14.30%

======================================================================
DATABASE SUMMARY
======================================================================

QQQ:
  Sharpe: 1.14, Return: 183.34%, Win Rate: 50.9%
VTI:
  Sharpe: 1.14, Return: 183.34%, Win Rate: 50.9%
VTV:
  Sharpe: 1.14, Return: 183.34%, Win Rate: 50.9%
BLENDED (PORTFOLIO):
  Sharpe: 1.14, Return: 183.34%, Win Rate: 50.9%

[VTI] Starting optimization...

======================================================================
Optimizing VTI [1Hour]...
======================================================================
Loaded 1461 bars for VTI from PostgreSQL
Testing 9 parameter combinations...

Testing 9 parameter combinations...
This may take a few minutes...


[OK] Optimization complete! Top 5 results:

Rank   Sharpe     Win%     Return     Trades   Parameters                                        
----------------------------------------------------------------------------------------------------
1      0.96       55.6     44.64     % 36       CHAND(period=14, mult=3.5)                        
2      0.93       52.9     41.97     % 51       CHAND(period=18, mult=3.0)                        
3      0.91       50.0     41.18     % 52       CHAND(period=22, mult=3.0)                        
4      0.90       58.0     40.43     % 50       CHAND(period=14, mult=3.0)                        
5      0.87       50.0     38.74     % 68       CHAND(period=18, mult=2.5)                        

Results for VTI:
  Best Sharpe: 0.96
  Win Rate: 55.6%
  Total Return: 44.64%
  Trades: 36
  Runtime: 1.1s

[VTV] Starting optimization...

======================================================================
Optimizing VTV [1Hour]...
======================================================================
Loaded 1461 bars for VTV from PostgreSQL
Testing 9 parameter combinations...

Testing 9 parameter combinations...
This may take a few minutes...


[OK] Optimization complete! Top 5 results:

Rank   Sharpe     Win%     Return     Trades   Parameters                                        
----------------------------------------------------------------------------------------------------
1      1.10       65.8     14.30     % 38       CHAND(period=14, mult=3.5)                        
2      1.03       50.0     13.09     % 62       CHAND(period=18, mult=2.5)                        
3      1.03       53.2     13.23     % 47       CHAND(period=22, mult=3.0)                        
4      1.03       46.8     12.93     % 62       CHAND(period=22, mult=2.5)                        
5      0.99       50.0     12.44     % 62       CHAND(period=14, mult=2.5)                        

Results for VTV:
  Best Sharpe: 1.10
  Win Rate: 65.8%
  Total Return: 14.30%
  Trades: 38
  Runtime: 1.1s

[QQQ] Starting optimization...

======================================================================
Optimizing QQQ [1Hour]...
======================================================================
Loaded 1461 bars for QQQ from PostgreSQL
Testing 9 parameter combinations...

Testing 9 parameter combinations...
This may take a few minutes...


[OK] Optimization complete! Top 5 results:

Rank   Sharpe     Win%     Return     Trades   Parameters                                        
----------------------------------------------------------------------------------------------------
1      0.90       50.0     64.38     % 44       CHAND(period=14, mult=3.0)                        
2      0.90       51.1     63.98     % 47       CHAND(period=18, mult=3.0)                        
3      0.89       43.8     62.87     % 64       CHAND(period=14, mult=2.5)                        
4      0.87       50.0     62.53     % 34       CHAND(period=14, mult=3.5)                        
5      0.86       47.8     60.08     % 46       CHAND(period=22, mult=3.0)                        

Results for QQQ:
  Best Sharpe: 0.90
  Win Rate: 50.0%
  Total Return: 64.38%
  Trades: 44
  Runtime: 1.1s
Optimization completed successfully
[2026-05-13 09:59:00] Nightly optimizer starting...
[2026-05-13 09:59:00] Waiting for PostgreSQL...
[2026-05-13 09:59:00] PostgreSQL ready.
[Parallel(n_jobs=-1)]: Using backend LokyBackend with 8 concurrent workers.

======================================================================
NIGHTLY OPTIMIZER RUN
Timestamp: 2026-05-13T09:59:01.092332-04:00
Tickers: QQQ, VTI, VTV
Timeframe: 1Day
======================================================================


======================================================================
STEP 1: FETCHING INCREMENTAL PRICES
======================================================================

============================================================
Updating QQQ
============================================================
Loaded 1461 bars for QQQ from PostgreSQL
Current data: 1461 bars, last: 2026-05-12
Fetching incremental data...
Fetching QQQ incremental data since 2026-05-12
Fetching QQQ data from 2026-05-12 to 2026-05-13
Fetched 1 bars for QQQ (timestamped in America/New_York)
Appending 1 bars to database...
Appended 1 new bars for QQQ to PostgreSQL
Loaded 1462 bars for QQQ from PostgreSQL
✓ Updated: 1462 total bars, last: 2026-05-13

============================================================
Updating VTI
============================================================
Loaded 1461 bars for VTI from PostgreSQL
Current data: 1461 bars, last: 2026-05-12
Fetching incremental data...
Fetching VTI incremental data since 2026-05-12
Fetching VTI data from 2026-05-12 to 2026-05-13
Fetched 1 bars for VTI (timestamped in America/New_York)
Appending 1 bars to database...
Appended 1 new bars for VTI to PostgreSQL
Loaded 1462 bars for VTI from PostgreSQL
✓ Updated: 1462 total bars, last: 2026-05-13

============================================================
Updating VTV
============================================================
Loaded 1461 bars for VTV from PostgreSQL
Current data: 1461 bars, last: 2026-05-12
Fetching incremental data...
Fetching VTV incremental data since 2026-05-12
Fetching VTV data from 2026-05-12 to 2026-05-13
Fetched 1 bars for VTV (timestamped in America/New_York)
Appending 1 bars to database...
Appended 1 new bars for VTV to PostgreSQL
Loaded 1462 bars for VTV from PostgreSQL
✓ Updated: 1462 total bars, last: 2026-05-13

============================================================
Updating BLENDED
============================================================
No existing data for BLENDED
Fetching incremental data...
Database empty for BLENDED, fetching 1Day data from 2019-07-09
Fetching BLENDED data from 2019-07-09 to 2026-05-13
No data returned for BLENDED
No new data to fetch for BLENDED
[Parallel(n_jobs=-1)]: Done   3 out of   3 | elapsed:    1.9s finished
✓ Saved optimization candidate for QQQ (base_case=0)
✓ Saved best candidate for QQQ (cleaned up old candidates)
✓ Saved 44 backtest trades for QQQ to PostgreSQL
✓ Saved 45 equity snapshots for QQQ
✓ Logged optimization run for QQQ: Sharpe=0.9032108381349359
✓ Saved optimization candidate for VTI (base_case=0)
✓ Saved best candidate for VTI (cleaned up old candidates)
✓ Saved 36 backtest trades for VTI to PostgreSQL
✓ Saved 37 equity snapshots for VTI
✓ Logged optimization run for VTI: Sharpe=0.9587439314170205
✓ Saved optimization candidate for VTV (base_case=0)
✓ Saved best candidate for VTV (cleaned up old candidates)
✓ Saved 38 backtest trades for VTV to PostgreSQL
✓ Saved 39 equity snapshots for VTV
✓ Logged optimization run for VTV: Sharpe=1.1102050699574173

======================================================================
STEP 3: PORTFOLIO COORDINATE ASCENT
======================================================================
Loaded 1462 bars for QQQ from PostgreSQL
Loaded 1462 bars for VTI from PostgreSQL
Loaded 1462 bars for VTV from PostgreSQL
  Converged after 1 iterations
  Portfolio return: 183.98%
  Sharpe: 1.15
  Max DD: 24.25%
  Trades: 112
  QQQ: CHAND(14, 2.5)
  VTI: CHAND(18, 2.5)
  VTV: CHAND(22, 2.5)
✓ Saved 112 backtest trades for BLENDED to PostgreSQL
✓ Saved 1436 equity snapshots for BLENDED
  ✓ Saved BLENDED portfolio results

======================================================================
NIGHTLY OPTIMIZATION COMPLETE
======================================================================
Total tickers: 3/3
Total runtime: 7.3s

QQQ:
  Params: CHAND(period=14, mult=3.0)
  Sharpe: 0.90 | Return: 64.24%
VTI:
  Params: CHAND(period=14, mult=3.5)
  Sharpe: 0.96 | Return: 44.67%
VTV:
  Params: CHAND(period=14, mult=3.5)
  Sharpe: 1.11 | Return: 14.42%

======================================================================
DATABASE SUMMARY
======================================================================

QQQ:
  Sharpe: 1.15, Return: 183.98%, Win Rate: 50.9%
VTI:
  Sharpe: 1.15, Return: 183.98%, Win Rate: 50.9%
VTV:
  Sharpe: 1.15, Return: 183.98%, Win Rate: 50.9%
BLENDED (PORTFOLIO):
  Sharpe: 1.15, Return: 183.98%, Win Rate: 50.9%

[QQQ] Starting optimization...

======================================================================
Optimizing QQQ [1Day]...
======================================================================
Loaded 1462 bars for QQQ from PostgreSQL
Testing 9 parameter combinations...

Testing 9 parameter combinations...
This may take a few minutes...


[OK] Optimization complete! Top 5 results:

Rank   Sharpe     Win%     Return     Trades   Parameters                                        
----------------------------------------------------------------------------------------------------
1      0.90       50.0     64.24     % 44       CHAND(period=14, mult=3.0)                        
2      0.90       51.1     63.85     % 47       CHAND(period=18, mult=3.0)                        
3      0.89       43.8     62.73     % 64       CHAND(period=14, mult=2.5)                        
4      0.87       50.0     62.39     % 34       CHAND(period=14, mult=3.5)                        
5      0.86       47.8     59.95     % 46       CHAND(period=22, mult=3.0)                        

Results for QQQ:
  Best Sharpe: 0.90
  Win Rate: 50.0%
  Total Return: 64.24%
  Trades: 44
  Runtime: 1.0s

[VTI] Starting optimization...

======================================================================
Optimizing VTI [1Day]...
======================================================================
Loaded 1462 bars for VTI from PostgreSQL
Testing 9 parameter combinations...

Testing 9 parameter combinations...
This may take a few minutes...


[OK] Optimization complete! Top 5 results:

Rank   Sharpe     Win%     Return     Trades   Parameters                                        
----------------------------------------------------------------------------------------------------
1      0.96       55.6     44.67     % 36       CHAND(period=14, mult=3.5)                        
2      0.93       52.9     42.00     % 51       CHAND(period=18, mult=3.0)                        
3      0.91       50.0     41.21     % 52       CHAND(period=22, mult=3.0)                        
4      0.91       58.0     40.45     % 50       CHAND(period=14, mult=3.0)                        
5      0.87       50.0     38.77     % 68       CHAND(period=18, mult=2.5)                        

Results for VTI:
  Best Sharpe: 0.96
  Win Rate: 55.6%
  Total Return: 44.67%
  Trades: 36
  Runtime: 1.0s

[VTV] Starting optimization...

======================================================================
Optimizing VTV [1Day]...
======================================================================
Loaded 1462 bars for VTV from PostgreSQL
Testing 9 parameter combinations...

Testing 9 parameter combinations...
This may take a few minutes...


[OK] Optimization complete! Top 5 results:

Rank   Sharpe     Win%     Return     Trades   Parameters                                        
----------------------------------------------------------------------------------------------------
1      1.11       65.8     14.42     % 38       CHAND(period=14, mult=3.5)                        
2      1.04       50.0     13.21     % 62       CHAND(period=18, mult=2.5)                        
3      1.04       53.2     13.35     % 47       CHAND(period=22, mult=3.0)                        
4      1.03       46.8     13.05     % 62       CHAND(period=22, mult=2.5)                        
5      1.00       50.0     12.56     % 62       CHAND(period=14, mult=2.5)                        

Results for VTV:
  Best Sharpe: 1.11
  Win Rate: 65.8%
  Total Return: 14.42%
  Trades: 38
  Runtime: 1.0s
[2026-05-13 09:59:09] Optimizer finished (exit: 0)
[2026-05-14 09:19:01] Nightly optimizer starting...
[2026-05-14 09:19:01] Waiting for PostgreSQL...
[2026-05-14 09:19:01] PostgreSQL ready.
[Parallel(n_jobs=-1)]: Using backend LokyBackend with 8 concurrent workers.

======================================================================
NIGHTLY OPTIMIZER RUN
Timestamp: 2026-05-14T09:19:03.373578-04:00
Tickers: QQQ, VTI, VTV
Timeframe: 1Day
======================================================================


======================================================================
STEP 1: FETCHING INCREMENTAL PRICES
======================================================================

============================================================
Updating QQQ
============================================================
Loaded 1462 bars for QQQ from PostgreSQL
Current data: 1462 bars, last: 2026-05-13
Fetching incremental data...
Fetching QQQ incremental data since 2026-05-13
Fetching QQQ data from 2026-05-13 to 2026-05-14
Fetched 1 bars for QQQ (timestamped in America/New_York)
Appending 1 bars to database...
Loaded 1462 bars for QQQ from PostgreSQL
✓ Updated: 1462 total bars, last: 2026-05-13

============================================================
Updating VTI
============================================================
Loaded 1462 bars for VTI from PostgreSQL
Current data: 1462 bars, last: 2026-05-13
Fetching incremental data...
Fetching VTI incremental data since 2026-05-13
Fetching VTI data from 2026-05-13 to 2026-05-14
Fetched 1 bars for VTI (timestamped in America/New_York)
Appending 1 bars to database...
Loaded 1462 bars for VTI from PostgreSQL
✓ Updated: 1462 total bars, last: 2026-05-13

============================================================
Updating VTV
============================================================
Loaded 1462 bars for VTV from PostgreSQL
Current data: 1462 bars, last: 2026-05-13
Fetching incremental data...
Fetching VTV incremental data since 2026-05-13
Fetching VTV data from 2026-05-13 to 2026-05-14
Fetched 1 bars for VTV (timestamped in America/New_York)
Appending 1 bars to database...
Loaded 1462 bars for VTV from PostgreSQL
✓ Updated: 1462 total bars, last: 2026-05-13

============================================================
Updating BLENDED
============================================================
No existing data for BLENDED
Fetching incremental data...
Database empty for BLENDED, fetching 1Day data from 2019-07-10
Fetching BLENDED data from 2019-07-10 to 2026-05-14
No data returned for BLENDED
No new data to fetch for BLENDED
[Parallel(n_jobs=-1)]: Done   3 out of   3 | elapsed:    2.6s finished
✓ Saved optimization candidate for QQQ (base_case=0)
✓ Saved best candidate for QQQ (cleaned up old candidates)
✓ Saved 44 backtest trades for QQQ to PostgreSQL
✓ Saved 45 equity snapshots for QQQ
✓ Logged optimization run for QQQ: Sharpe=0.9032108381349359
✓ Saved optimization candidate for VTI (base_case=0)
✓ Saved best candidate for VTI (cleaned up old candidates)
✓ Saved 36 backtest trades for VTI to PostgreSQL
✓ Saved 37 equity snapshots for VTI
✓ Logged optimization run for VTI: Sharpe=0.9587439314170205
✓ Saved optimization candidate for VTV (base_case=0)
✓ Saved best candidate for VTV (cleaned up old candidates)
✓ Saved 38 backtest trades for VTV to PostgreSQL
✓ Saved 39 equity snapshots for VTV
✓ Logged optimization run for VTV: Sharpe=1.1102050699574173

======================================================================
STEP 3: PORTFOLIO COORDINATE ASCENT
======================================================================
Loaded 1462 bars for QQQ from PostgreSQL
Loaded 1462 bars for VTI from PostgreSQL
Loaded 1462 bars for VTV from PostgreSQL
  Converged after 1 iterations
  Portfolio return: 183.98%
  Sharpe: 1.15
  Max DD: 24.25%
  Trades: 112
  QQQ: CHAND(14, 2.5)
  VTI: CHAND(18, 2.5)
  VTV: CHAND(22, 2.5)
✓ Saved 112 backtest trades for BLENDED to PostgreSQL
✓ Saved 1436 equity snapshots for BLENDED
  ✓ Saved BLENDED portfolio results

======================================================================
NIGHTLY OPTIMIZATION COMPLETE
======================================================================
Total tickers: 3/3
Total runtime: 10.6s

QQQ:
  Params: CHAND(period=14, mult=3.0)
  Sharpe: 0.90 | Return: 64.24%
VTI:
  Params: CHAND(period=14, mult=3.5)
  Sharpe: 0.96 | Return: 44.67%
VTV:
  Params: CHAND(period=14, mult=3.5)
  Sharpe: 1.11 | Return: 14.42%

======================================================================
DATABASE SUMMARY
======================================================================

QQQ:
  Sharpe: 1.15, Return: 183.98%, Win Rate: 50.9%
VTI:
  Sharpe: 1.15, Return: 183.98%, Win Rate: 50.9%
VTV:
  Sharpe: 1.15, Return: 183.98%, Win Rate: 50.9%
BLENDED (PORTFOLIO):
  Sharpe: 1.15, Return: 183.98%, Win Rate: 50.9%

[QQQ] Starting optimization...

======================================================================
Optimizing QQQ [1Day]...
======================================================================
Loaded 1462 bars for QQQ from PostgreSQL
Testing 9 parameter combinations...

Testing 9 parameter combinations...
This may take a few minutes...


[OK] Optimization complete! Top 5 results:

Rank   Sharpe     Win%     Return     Trades   Parameters                                        
----------------------------------------------------------------------------------------------------
1      0.90       50.0     64.24     % 44       CHAND(period=14, mult=3.0)                        
2      0.90       51.1     63.85     % 47       CHAND(period=18, mult=3.0)                        
3      0.89       43.8     62.73     % 64       CHAND(period=14, mult=2.5)                        
4      0.87       50.0     62.39     % 34       CHAND(period=14, mult=3.5)                        
5      0.86       47.8     59.95     % 46       CHAND(period=22, mult=3.0)                        

Results for QQQ:
  Best Sharpe: 0.90
  Win Rate: 50.0%
  Total Return: 64.24%
  Trades: 44
  Runtime: 1.5s

[VTV] Starting optimization...

======================================================================
Optimizing VTV [1Day]...
======================================================================
Loaded 1462 bars for VTV from PostgreSQL
Testing 9 parameter combinations...

Testing 9 parameter combinations...
This may take a few minutes...


[OK] Optimization complete! Top 5 results:

Rank   Sharpe     Win%     Return     Trades   Parameters                                        
----------------------------------------------------------------------------------------------------
1      1.11       65.8     14.42     % 38       CHAND(period=14, mult=3.5)                        
2      1.04       50.0     13.21     % 62       CHAND(period=18, mult=2.5)                        
3      1.04       53.2     13.35     % 47       CHAND(period=22, mult=3.0)                        
4      1.03       46.8     13.05     % 62       CHAND(period=22, mult=2.5)                        
5      1.00       50.0     12.56     % 62       CHAND(period=14, mult=2.5)                        

Results for VTV:
  Best Sharpe: 1.11
  Win Rate: 65.8%
  Total Return: 14.42%
  Trades: 38
  Runtime: 1.5s

[VTI] Starting optimization...

======================================================================
Optimizing VTI [1Day]...
======================================================================
Loaded 1462 bars for VTI from PostgreSQL
Testing 9 parameter combinations...

Testing 9 parameter combinations...
This may take a few minutes...


[OK] Optimization complete! Top 5 results:

Rank   Sharpe     Win%     Return     Trades   Parameters                                        
----------------------------------------------------------------------------------------------------
1      0.96       55.6     44.67     % 36       CHAND(period=14, mult=3.5)                        
2      0.93       52.9     42.00     % 51       CHAND(period=18, mult=3.0)                        
3      0.91       50.0     41.21     % 52       CHAND(period=22, mult=3.0)                        
4      0.91       58.0     40.45     % 50       CHAND(period=14, mult=3.0)                        
5      0.87       50.0     38.77     % 68       CHAND(period=18, mult=2.5)                        

Results for VTI:
  Best Sharpe: 0.96
  Win Rate: 55.6%
  Total Return: 44.67%
  Trades: 36
  Runtime: 1.6s
[2026-05-14 09:19:14] Optimizer finished (exit: 0)
[2026-05-15 09:19:48] Nightly optimizer starting...
[2026-05-15 09:19:48] Waiting for PostgreSQL...
[2026-05-15 09:19:48] PostgreSQL ready.
[Parallel(n_jobs=-1)]: Using backend LokyBackend with 8 concurrent workers.

======================================================================
NIGHTLY OPTIMIZER RUN
Timestamp: 2026-05-15T09:19:49.392274-04:00
Tickers: QQQ, VTI, VTV
Timeframe: 1Day
======================================================================


======================================================================
STEP 1: FETCHING INCREMENTAL PRICES
======================================================================

============================================================
Updating QQQ
============================================================
Loaded 1462 bars for QQQ from PostgreSQL
Current data: 1462 bars, last: 2026-05-13
Fetching incremental data...
Fetching QQQ incremental data since 2026-05-13
Fetching QQQ data from 2026-05-13 to 2026-05-15
Fetched 2 bars for QQQ (timestamped in America/New_York)
Appending 2 bars to database...
Appended 1 new bars for QQQ to PostgreSQL
Loaded 1463 bars for QQQ from PostgreSQL
✓ Updated: 1463 total bars, last: 2026-05-14

============================================================
Updating VTI
============================================================
Loaded 1462 bars for VTI from PostgreSQL
Current data: 1462 bars, last: 2026-05-13
Fetching incremental data...
Fetching VTI incremental data since 2026-05-13
Fetching VTI data from 2026-05-13 to 2026-05-15
Fetched 2 bars for VTI (timestamped in America/New_York)
Appending 2 bars to database...
Appended 1 new bars for VTI to PostgreSQL
Loaded 1463 bars for VTI from PostgreSQL
✓ Updated: 1463 total bars, last: 2026-05-14

============================================================
Updating VTV
============================================================
Loaded 1462 bars for VTV from PostgreSQL
Current data: 1462 bars, last: 2026-05-13
Fetching incremental data...
Fetching VTV incremental data since 2026-05-13
Fetching VTV data from 2026-05-13 to 2026-05-15
Fetched 2 bars for VTV (timestamped in America/New_York)
Appending 2 bars to database...
Appended 1 new bars for VTV to PostgreSQL
Loaded 1463 bars for VTV from PostgreSQL
✓ Updated: 1463 total bars, last: 2026-05-14

============================================================
Updating BLENDED
============================================================
No existing data for BLENDED
Fetching incremental data...
Database empty for BLENDED, fetching 1Day data from 2019-07-11
Fetching BLENDED data from 2019-07-11 to 2026-05-15
No data returned for BLENDED
No new data to fetch for BLENDED
[Parallel(n_jobs=-1)]: Done   3 out of   3 | elapsed:    1.9s finished
✓ Saved optimization candidate for QQQ (base_case=0)
✓ Saved best candidate for QQQ (cleaned up old candidates)
✓ Saved 44 backtest trades for QQQ to PostgreSQL
✓ Saved 45 equity snapshots for QQQ
✓ Logged optimization run for QQQ: Sharpe=0.9177371911050795
✓ Saved optimization candidate for VTI (base_case=0)
✓ Saved best candidate for VTI (cleaned up old candidates)
✓ Saved 36 backtest trades for VTI to PostgreSQL
✓ Saved 37 equity snapshots for VTI
✓ Logged optimization run for VTI: Sharpe=0.9741776200882153
✓ Saved optimization candidate for VTV (base_case=0)
✓ Saved best candidate for VTV (cleaned up old candidates)
✓ Saved 38 backtest trades for VTV to PostgreSQL
✓ Saved 39 equity snapshots for VTV
✓ Logged optimization run for VTV: Sharpe=1.114572742298597

======================================================================
STEP 3: PORTFOLIO COORDINATE ASCENT
======================================================================
Loaded 1463 bars for QQQ from PostgreSQL
Loaded 1463 bars for VTI from PostgreSQL
Loaded 1463 bars for VTV from PostgreSQL
  Converged after 1 iterations
  Portfolio return: 187.22%
  Sharpe: 1.16
  Max DD: 24.25%
  Trades: 112
  QQQ: CHAND(14, 2.5)
  VTI: CHAND(18, 2.5)
  VTV: CHAND(22, 2.5)
✓ Saved 112 backtest trades for BLENDED to PostgreSQL
✓ Saved 1437 equity snapshots for BLENDED
  ✓ Saved BLENDED portfolio results

======================================================================
NIGHTLY OPTIMIZATION COMPLETE
======================================================================
Total tickers: 3/3
Total runtime: 7.4s

QQQ:
  Params: CHAND(period=14, mult=3.0)
  Sharpe: 0.92 | Return: 65.71%
VTI:
  Params: CHAND(period=14, mult=3.5)
  Sharpe: 0.97 | Return: 45.62%
VTV:
  Params: CHAND(period=14, mult=3.5)
  Sharpe: 1.11 | Return: 14.49%

======================================================================
DATABASE SUMMARY
======================================================================

QQQ:
  Sharpe: 1.16, Return: 187.22%, Win Rate: 50.9%
VTI:
  Sharpe: 1.16, Return: 187.22%, Win Rate: 50.9%
VTV:
  Sharpe: 1.16, Return: 187.22%, Win Rate: 50.9%
BLENDED (PORTFOLIO):
  Sharpe: 1.16, Return: 187.22%, Win Rate: 50.9%

[QQQ] Starting optimization...

======================================================================
Optimizing QQQ [1Day]...
======================================================================
Loaded 1463 bars for QQQ from PostgreSQL
Testing 9 parameter combinations...

Testing 9 parameter combinations...
This may take a few minutes...


[OK] Optimization complete! Top 5 results:

Rank   Sharpe     Win%     Return     Trades   Parameters                                        
----------------------------------------------------------------------------------------------------
1      0.92       50.0     65.71     % 44       CHAND(period=14, mult=3.0)                        
2      0.91       51.1     65.31     % 47       CHAND(period=18, mult=3.0)                        
3      0.90       43.8     64.21     % 64       CHAND(period=14, mult=2.5)                        
4      0.88       50.0     63.86     % 34       CHAND(period=14, mult=3.5)                        
5      0.87       47.8     61.38     % 46       CHAND(period=22, mult=3.0)                        

Results for QQQ:
  Best Sharpe: 0.92
  Win Rate: 50.0%
  Total Return: 65.71%
  Trades: 44
  Runtime: 1.1s

[VTV] Starting optimization...

======================================================================
Optimizing VTV [1Day]...
======================================================================
Loaded 1463 bars for VTV from PostgreSQL
Testing 9 parameter combinations...

Testing 9 parameter combinations...
This may take a few minutes...


[OK] Optimization complete! Top 5 results:

Rank   Sharpe     Win%     Return     Trades   Parameters                                        
----------------------------------------------------------------------------------------------------
1      1.11       65.8     14.49     % 38       CHAND(period=14, mult=3.5)                        
2      1.05       50.0     13.28     % 62       CHAND(period=18, mult=2.5)                        
3      1.04       53.2     13.42     % 47       CHAND(period=22, mult=3.0)                        
4      1.04       46.8     13.12     % 62       CHAND(period=22, mult=2.5)                        
5      1.00       50.0     12.63     % 62       CHAND(period=14, mult=2.5)                        

Results for VTV:
  Best Sharpe: 1.11
  Win Rate: 65.8%
  Total Return: 14.49%
  Trades: 38
  Runtime: 1.0s

[VTI] Starting optimization...

======================================================================
Optimizing VTI [1Day]...
======================================================================
Loaded 1463 bars for VTI from PostgreSQL
Testing 9 parameter combinations...

Testing 9 parameter combinations...
This may take a few minutes...


[OK] Optimization complete! Top 5 results:

Rank   Sharpe     Win%     Return     Trades   Parameters                                        
----------------------------------------------------------------------------------------------------
1      0.97       55.6     45.62     % 36       CHAND(period=14, mult=3.5)                        
2      0.94       52.9     42.93     % 51       CHAND(period=18, mult=3.0)                        
3      0.93       50.0     42.14     % 52       CHAND(period=22, mult=3.0)                        
4      0.92       58.0     41.37     % 50       CHAND(period=14, mult=3.0)                        
5      0.89       50.0     39.68     % 68       CHAND(period=18, mult=2.5)                        

Results for VTI:
  Best Sharpe: 0.97
  Win Rate: 55.6%
  Total Return: 45.62%
  Trades: 36
  Runtime: 1.0s
[2026-05-15 09:19:56] Optimizer finished (exit: 0)
[2026-05-18 09:35:44] Nightly optimizer starting...
[2026-05-18 09:35:44] Waiting for PostgreSQL...
[2026-05-18 09:35:44] PostgreSQL ready.
[Parallel(n_jobs=-1)]: Using backend LokyBackend with 8 concurrent workers.

======================================================================
NIGHTLY OPTIMIZER RUN
Timestamp: 2026-05-18T09:35:45.961838-04:00
Tickers: QQQ, VTI, VTV
Timeframe: 1Day
======================================================================


======================================================================
STEP 1: FETCHING INCREMENTAL PRICES
======================================================================

============================================================
Updating QQQ
============================================================
Loaded 1463 bars for QQQ from PostgreSQL
Current data: 1463 bars, last: 2026-05-14
Fetching incremental data...
Fetching QQQ incremental data since 2026-05-14
Fetching QQQ data from 2026-05-14 to 2026-05-18
Fetched 3 bars for QQQ (timestamped in America/New_York)
Appending 3 bars to database...
Appended 2 new bars for QQQ to PostgreSQL
Loaded 1465 bars for QQQ from PostgreSQL
✓ Updated: 1465 total bars, last: 2026-05-18

============================================================
Updating VTI
============================================================
Loaded 1463 bars for VTI from PostgreSQL
Current data: 1463 bars, last: 2026-05-14
Fetching incremental data...
Fetching VTI incremental data since 2026-05-14
Fetching VTI data from 2026-05-14 to 2026-05-18
Fetched 3 bars for VTI (timestamped in America/New_York)
Appending 3 bars to database...
Appended 2 new bars for VTI to PostgreSQL
Loaded 1465 bars for VTI from PostgreSQL
✓ Updated: 1465 total bars, last: 2026-05-18

============================================================
Updating VTV
============================================================
Loaded 1463 bars for VTV from PostgreSQL
Current data: 1463 bars, last: 2026-05-14
Fetching incremental data...
Fetching VTV incremental data since 2026-05-14
Fetching VTV data from 2026-05-14 to 2026-05-18
Fetched 3 bars for VTV (timestamped in America/New_York)
Appending 3 bars to database...
Appended 2 new bars for VTV to PostgreSQL
Loaded 1465 bars for VTV from PostgreSQL
✓ Updated: 1465 total bars, last: 2026-05-18

============================================================
Updating BLENDED
============================================================
No existing data for BLENDED
Fetching incremental data...
Database empty for BLENDED, fetching 1Day data from 2019-07-14
Fetching BLENDED data from 2019-07-14 to 2026-05-18
No data returned for BLENDED
No new data to fetch for BLENDED
[Parallel(n_jobs=-1)]: Done   3 out of   3 | elapsed:    4.0s finished
✓ Saved optimization candidate for QQQ (base_case=0)
✓ Saved best candidate for QQQ (cleaned up old candidates)
✓ Saved 44 backtest trades for QQQ to PostgreSQL
✓ Saved 45 equity snapshots for QQQ
✓ Logged optimization run for QQQ: Sharpe=0.9055645783092743
✓ Saved optimization candidate for VTI (base_case=0)
✓ Saved best candidate for VTI (cleaned up old candidates)
✓ Saved 36 backtest trades for VTI to PostgreSQL
✓ Saved 37 equity snapshots for VTI
✓ Logged optimization run for VTI: Sharpe=0.9591854853531185
✓ Saved optimization candidate for VTV (base_case=0)
✓ Saved best candidate for VTV (cleaned up old candidates)
✓ Saved 38 backtest trades for VTV to PostgreSQL
✓ Saved 39 equity snapshots for VTV
✓ Logged optimization run for VTV: Sharpe=1.1002062864064852

======================================================================
STEP 3: PORTFOLIO COORDINATE ASCENT
======================================================================
Loaded 1465 bars for QQQ from PostgreSQL
Loaded 1465 bars for VTI from PostgreSQL
Loaded 1465 bars for VTV from PostgreSQL
  Converged after 1 iterations
  Portfolio return: 183.90%
  Sharpe: 1.14
  Max DD: 24.25%
  Trades: 112
  QQQ: CHAND(14, 2.5)
  VTI: CHAND(18, 2.5)
  VTV: CHAND(22, 2.5)
✓ Saved 112 backtest trades for BLENDED to PostgreSQL
✓ Saved 1439 equity snapshots for BLENDED
  ✓ Saved BLENDED portfolio results

======================================================================
NIGHTLY OPTIMIZATION COMPLETE
======================================================================
Total tickers: 3/3
Total runtime: 10.8s

QQQ:
  Params: CHAND(period=14, mult=3.0)
  Sharpe: 0.91 | Return: 64.65%
VTI:
  Params: CHAND(period=14, mult=3.5)
  Sharpe: 0.96 | Return: 44.82%
VTV:
  Params: CHAND(period=14, mult=3.5)
  Sharpe: 1.10 | Return: 14.31%

======================================================================
DATABASE SUMMARY
======================================================================

QQQ:
  Sharpe: 1.14, Return: 183.90%, Win Rate: 50.9%
VTI:
  Sharpe: 1.14, Return: 183.90%, Win Rate: 50.9%
VTV:
  Sharpe: 1.14, Return: 183.90%, Win Rate: 50.9%
BLENDED (PORTFOLIO):
  Sharpe: 1.14, Return: 183.90%, Win Rate: 50.9%

[VTI] Starting optimization...

======================================================================
Optimizing VTI [1Day]...
======================================================================
Loaded 1465 bars for VTI from PostgreSQL
Testing 9 parameter combinations...

Testing 9 parameter combinations...
This may take a few minutes...


[OK] Optimization complete! Top 5 results:

Rank   Sharpe     Win%     Return     Trades   Parameters                                        
----------------------------------------------------------------------------------------------------
1      0.96       55.6     44.82     % 36       CHAND(period=14, mult=3.5)                        
2      0.93       52.9     42.15     % 51       CHAND(period=18, mult=3.0)                        
3      0.91       50.0     41.36     % 52       CHAND(period=22, mult=3.0)                        
4      0.91       58.0     40.60     % 50       CHAND(period=14, mult=3.0)                        
5      0.87       50.0     38.91     % 68       CHAND(period=18, mult=2.5)                        

Results for VTI:
  Best Sharpe: 0.96
  Win Rate: 55.6%
  Total Return: 44.82%
  Trades: 36
  Runtime: 2.1s

[QQQ] Starting optimization...

======================================================================
Optimizing QQQ [1Day]...
======================================================================
Loaded 1465 bars for QQQ from PostgreSQL
Testing 9 parameter combinations...

Testing 9 parameter combinations...
This may take a few minutes...


[OK] Optimization complete! Top 5 results:

Rank   Sharpe     Win%     Return     Trades   Parameters                                        
----------------------------------------------------------------------------------------------------
1      0.91       50.0     64.65     % 44       CHAND(period=14, mult=3.0)                        
2      0.90       51.1     64.25     % 47       CHAND(period=18, mult=3.0)                        
3      0.89       43.8     63.14     % 64       CHAND(period=14, mult=2.5)                        
4      0.87       50.0     62.80     % 34       CHAND(period=14, mult=3.5)                        
5      0.86       47.8     60.34     % 46       CHAND(period=22, mult=3.0)                        

Results for QQQ:
  Best Sharpe: 0.91
  Win Rate: 50.0%
  Total Return: 64.65%
  Trades: 44
  Runtime: 2.2s

[VTV] Starting optimization...

======================================================================
Optimizing VTV [1Day]...
======================================================================
Loaded 1465 bars for VTV from PostgreSQL
Testing 9 parameter combinations...

Testing 9 parameter combinations...
This may take a few minutes...


[OK] Optimization complete! Top 5 results:

Rank   Sharpe     Win%     Return     Trades   Parameters                                        
----------------------------------------------------------------------------------------------------
1      1.10       65.8     14.31     % 38       CHAND(period=14, mult=3.5)                        
2      1.03       50.0     13.09     % 62       CHAND(period=18, mult=2.5)                        
3      1.03       53.2     13.24     % 47       CHAND(period=22, mult=3.0)                        
4      1.02       46.8     12.94     % 62       CHAND(period=22, mult=2.5)                        
5      0.99       50.0     12.44     % 62       CHAND(period=14, mult=2.5)                        

Results for VTV:
  Best Sharpe: 1.10
  Win Rate: 65.8%
  Total Return: 14.31%
  Trades: 38
  Runtime: 2.2s
[2026-05-18 09:35:52] Optimizer finished (exit: 0)
[2026-05-19 09:19:16] Nightly optimizer starting...
[2026-05-19 09:19:16] Waiting for PostgreSQL...
[2026-05-19 09:19:16] PostgreSQL ready.
Traceback (most recent call last):
  File "/home/dikesh/data/dev/SwingTraderAndOptimizer/optimizer/venv/lib/python3.13/site-packages/urllib3/connection.py", line 174, in _new_conn
    conn = connection.create_connection(
        (self._dns_host, self.port), self.timeout, **extra_kw
    )
  File "/home/dikesh/data/dev/SwingTraderAndOptimizer/optimizer/venv/lib/python3.13/site-packages/urllib3/util/connection.py", line 72, in create_connection
    for res in socket.getaddrinfo(host, port, family, socket.SOCK_STREAM):
               ~~~~~~~~~~~~~~~~~~^^^^^^^^^^^^^^^^^^^^^^^^^^^^^^^^^^^^^^^^
  File "/usr/lib/python3.13/socket.py", line 977, in getaddrinfo
    for res in _socket.getaddrinfo(host, port, family, type, proto, flags):
               ~~~~~~~~~~~~~~~~~~~^^^^^^^^^^^^^^^^^^^^^^^^^^^^^^^^^^^^^^^^
socket.gaierror: [Errno -3] Temporary failure in name resolution

During handling of the above exception, another exception occurred:

Traceback (most recent call last):
  File "/home/dikesh/data/dev/SwingTraderAndOptimizer/optimizer/venv/lib/python3.13/site-packages/urllib3/connectionpool.py", line 716, in urlopen
    httplib_response = self._make_request(
        conn,
    ...<5 lines>...
        chunked=chunked,
    )
  File "/home/dikesh/data/dev/SwingTraderAndOptimizer/optimizer/venv/lib/python3.13/site-packages/urllib3/connectionpool.py", line 404, in _make_request
    self._validate_conn(conn)
    ~~~~~~~~~~~~~~~~~~~^^^^^^
  File "/home/dikesh/data/dev/SwingTraderAndOptimizer/optimizer/venv/lib/python3.13/site-packages/urllib3/connectionpool.py", line 1061, in _validate_conn
    conn.connect()
    ~~~~~~~~~~~~^^
  File "/home/dikesh/data/dev/SwingTraderAndOptimizer/optimizer/venv/lib/python3.13/site-packages/urllib3/connection.py", line 363, in connect
    self.sock = conn = self._new_conn()
                       ~~~~~~~~~~~~~~^^
  File "/home/dikesh/data/dev/SwingTraderAndOptimizer/optimizer/venv/lib/python3.13/site-packages/urllib3/connection.py", line 186, in _new_conn
    raise NewConnectionError(
        self, "Failed to establish a new connection: %s" % e
    )
urllib3.exceptions.NewConnectionError: <urllib3.connection.HTTPSConnection object at 0x7b645f845550>: Failed to establish a new connection: [Errno -3] Temporary failure in name resolution

During handling of the above exception, another exception occurred:

Traceback (most recent call last):
  File "/home/dikesh/data/dev/SwingTraderAndOptimizer/optimizer/venv/lib/python3.13/site-packages/requests/adapters.py", line 486, in send
    resp = conn.urlopen(
        method=request.method,
    ...<9 lines>...
        chunked=chunked,
    )
  File "/home/dikesh/data/dev/SwingTraderAndOptimizer/optimizer/venv/lib/python3.13/site-packages/urllib3/connectionpool.py", line 802, in urlopen
    retries = retries.increment(
        method, url, error=e, _pool=self, _stacktrace=sys.exc_info()[2]
    )
  File "/home/dikesh/data/dev/SwingTraderAndOptimizer/optimizer/venv/lib/python3.13/site-packages/urllib3/util/retry.py", line 594, in increment
    raise MaxRetryError(_pool, url, error or ResponseError(cause))
urllib3.exceptions.MaxRetryError: HTTPSConnectionPool(host='data.alpaca.markets', port=443): Max retries exceeded with url: /v2/stocks/bars?start=2026-05-18T04%3A00%3A00%2B00%3A00&end=2026-05-19T13%3A19%3A17.736901%2B00%3A00&limit=10000&timeframe=1Day&feed=iex&symbols=QQQ (Caused by NewConnectionError('<urllib3.connection.HTTPSConnection object at 0x7b645f845550>: Failed to establish a new connection: [Errno -3] Temporary failure in name resolution'))

During handling of the above exception, another exception occurred:

Traceback (most recent call last):
  File "/home/dikesh/data/dev/SwingTraderAndOptimizer/optimizer/data_fetcher.py", line 160, in fetch_historical_data
    bars_dict = client.get_stock_bars(request_params)
  File "/home/dikesh/data/dev/SwingTraderAndOptimizer/optimizer/venv/lib/python3.13/site-packages/alpaca/data/historical/stock.py", line 87, in get_stock_bars
    raw_bars = self._get_marketdata(
        path="/stocks/bars",
        params=request_params.to_request_fields(),
        page_size=10_000,
    )
  File "/home/dikesh/data/dev/SwingTraderAndOptimizer/optimizer/venv/lib/python3.13/site-packages/alpaca/common/rest.py", line 393, in _get_marketdata
    response = self.get(path=path, data=params)
  File "/home/dikesh/data/dev/SwingTraderAndOptimizer/optimizer/venv/lib/python3.13/site-packages/alpaca/common/rest.py", line 225, in get
    return self._request("GET", path, data, **kwargs)
           ~~~~~~~~~~~~~^^^^^^^^^^^^^^^^^^^^^^^^^^^^^
  File "/home/dikesh/data/dev/SwingTraderAndOptimizer/optimizer/venv/lib/python3.13/site-packages/alpaca/common/rest.py", line 131, in _request
    return self._one_request(method, url, opts, retry)
           ~~~~~~~~~~~~~~~~~^^^^^^^^^^^^^^^^^^^^^^^^^^
  File "/home/dikesh/data/dev/SwingTraderAndOptimizer/optimizer/venv/lib/python3.13/site-packages/alpaca/common/rest.py", line 195, in _one_request
    response = self._session.request(method, url, **opts)
  File "/home/dikesh/data/dev/SwingTraderAndOptimizer/optimizer/venv/lib/python3.13/site-packages/requests/sessions.py", line 589, in request
    resp = self.send(prep, **send_kwargs)
  File "/home/dikesh/data/dev/SwingTraderAndOptimizer/optimizer/venv/lib/python3.13/site-packages/requests/sessions.py", line 703, in send
    r = adapter.send(request, **kwargs)
  File "/home/dikesh/data/dev/SwingTraderAndOptimizer/optimizer/venv/lib/python3.13/site-packages/requests/adapters.py", line 519, in send
    raise ConnectionError(e, request=request)
requests.exceptions.ConnectionError: HTTPSConnectionPool(host='data.alpaca.markets', port=443): Max retries exceeded with url: /v2/stocks/bars?start=2026-05-18T04%3A00%3A00%2B00%3A00&end=2026-05-19T13%3A19%3A17.736901%2B00%3A00&limit=10000&timeframe=1Day&feed=iex&symbols=QQQ (Caused by NewConnectionError('<urllib3.connection.HTTPSConnection object at 0x7b645f845550>: Failed to establish a new connection: [Errno -3] Temporary failure in name resolution'))
Traceback (most recent call last):
  File "/home/dikesh/data/dev/SwingTraderAndOptimizer/optimizer/venv/lib/python3.13/site-packages/urllib3/connection.py", line 174, in _new_conn
    conn = connection.create_connection(
        (self._dns_host, self.port), self.timeout, **extra_kw
    )
  File "/home/dikesh/data/dev/SwingTraderAndOptimizer/optimizer/venv/lib/python3.13/site-packages/urllib3/util/connection.py", line 72, in create_connection
    for res in socket.getaddrinfo(host, port, family, socket.SOCK_STREAM):
               ~~~~~~~~~~~~~~~~~~^^^^^^^^^^^^^^^^^^^^^^^^^^^^^^^^^^^^^^^^
  File "/usr/lib/python3.13/socket.py", line 977, in getaddrinfo
    for res in _socket.getaddrinfo(host, port, family, type, proto, flags):
               ~~~~~~~~~~~~~~~~~~~^^^^^^^^^^^^^^^^^^^^^^^^^^^^^^^^^^^^^^^^
socket.gaierror: [Errno -3] Temporary failure in name resolution

During handling of the above exception, another exception occurred:

Traceback (most recent call last):
  File "/home/dikesh/data/dev/SwingTraderAndOptimizer/optimizer/venv/lib/python3.13/site-packages/urllib3/connectionpool.py", line 716, in urlopen
    httplib_response = self._make_request(
        conn,
    ...<5 lines>...
        chunked=chunked,
    )
  File "/home/dikesh/data/dev/SwingTraderAndOptimizer/optimizer/venv/lib/python3.13/site-packages/urllib3/connectionpool.py", line 404, in _make_request
    self._validate_conn(conn)
    ~~~~~~~~~~~~~~~~~~~^^^^^^
  File "/home/dikesh/data/dev/SwingTraderAndOptimizer/optimizer/venv/lib/python3.13/site-packages/urllib3/connectionpool.py", line 1061, in _validate_conn
    conn.connect()
    ~~~~~~~~~~~~^^
  File "/home/dikesh/data/dev/SwingTraderAndOptimizer/optimizer/venv/lib/python3.13/site-packages/urllib3/connection.py", line 363, in connect
    self.sock = conn = self._new_conn()
                       ~~~~~~~~~~~~~~^^
  File "/home/dikesh/data/dev/SwingTraderAndOptimizer/optimizer/venv/lib/python3.13/site-packages/urllib3/connection.py", line 186, in _new_conn
    raise NewConnectionError(
        self, "Failed to establish a new connection: %s" % e
    )
urllib3.exceptions.NewConnectionError: <urllib3.connection.HTTPSConnection object at 0x7b645f819590>: Failed to establish a new connection: [Errno -3] Temporary failure in name resolution

During handling of the above exception, another exception occurred:

Traceback (most recent call last):
  File "/home/dikesh/data/dev/SwingTraderAndOptimizer/optimizer/venv/lib/python3.13/site-packages/requests/adapters.py", line 486, in send
    resp = conn.urlopen(
        method=request.method,
    ...<9 lines>...
        chunked=chunked,
    )
  File "/home/dikesh/data/dev/SwingTraderAndOptimizer/optimizer/venv/lib/python3.13/site-packages/urllib3/connectionpool.py", line 802, in urlopen
    retries = retries.increment(
        method, url, error=e, _pool=self, _stacktrace=sys.exc_info()[2]
    )
  File "/home/dikesh/data/dev/SwingTraderAndOptimizer/optimizer/venv/lib/python3.13/site-packages/urllib3/util/retry.py", line 594, in increment
    raise MaxRetryError(_pool, url, error or ResponseError(cause))
urllib3.exceptions.MaxRetryError: HTTPSConnectionPool(host='data.alpaca.markets', port=443): Max retries exceeded with url: /v2/stocks/bars?start=2026-05-18T04%3A00%3A00%2B00%3A00&end=2026-05-19T13%3A19%3A17.974992%2B00%3A00&limit=10000&timeframe=1Day&feed=iex&symbols=VTI (Caused by NewConnectionError('<urllib3.connection.HTTPSConnection object at 0x7b645f819590>: Failed to establish a new connection: [Errno -3] Temporary failure in name resolution'))

During handling of the above exception, another exception occurred:

Traceback (most recent call last):
  File "/home/dikesh/data/dev/SwingTraderAndOptimizer/optimizer/data_fetcher.py", line 160, in fetch_historical_data
    bars_dict = client.get_stock_bars(request_params)
  File "/home/dikesh/data/dev/SwingTraderAndOptimizer/optimizer/venv/lib/python3.13/site-packages/alpaca/data/historical/stock.py", line 87, in get_stock_bars
    raw_bars = self._get_marketdata(
        path="/stocks/bars",
        params=request_params.to_request_fields(),
        page_size=10_000,
    )
  File "/home/dikesh/data/dev/SwingTraderAndOptimizer/optimizer/venv/lib/python3.13/site-packages/alpaca/common/rest.py", line 393, in _get_marketdata
    response = self.get(path=path, data=params)
  File "/home/dikesh/data/dev/SwingTraderAndOptimizer/optimizer/venv/lib/python3.13/site-packages/alpaca/common/rest.py", line 225, in get
    return self._request("GET", path, data, **kwargs)
           ~~~~~~~~~~~~~^^^^^^^^^^^^^^^^^^^^^^^^^^^^^
  File "/home/dikesh/data/dev/SwingTraderAndOptimizer/optimizer/venv/lib/python3.13/site-packages/alpaca/common/rest.py", line 131, in _request
    return self._one_request(method, url, opts, retry)
           ~~~~~~~~~~~~~~~~~^^^^^^^^^^^^^^^^^^^^^^^^^^
  File "/home/dikesh/data/dev/SwingTraderAndOptimizer/optimizer/venv/lib/python3.13/site-packages/alpaca/common/rest.py", line 195, in _one_request
    response = self._session.request(method, url, **opts)
  File "/home/dikesh/data/dev/SwingTraderAndOptimizer/optimizer/venv/lib/python3.13/site-packages/requests/sessions.py", line 589, in request
    resp = self.send(prep, **send_kwargs)
  File "/home/dikesh/data/dev/SwingTraderAndOptimizer/optimizer/venv/lib/python3.13/site-packages/requests/sessions.py", line 703, in send
    r = adapter.send(request, **kwargs)
  File "/home/dikesh/data/dev/SwingTraderAndOptimizer/optimizer/venv/lib/python3.13/site-packages/requests/adapters.py", line 519, in send
    raise ConnectionError(e, request=request)
requests.exceptions.ConnectionError: HTTPSConnectionPool(host='data.alpaca.markets', port=443): Max retries exceeded with url: /v2/stocks/bars?start=2026-05-18T04%3A00%3A00%2B00%3A00&end=2026-05-19T13%3A19%3A17.974992%2B00%3A00&limit=10000&timeframe=1Day&feed=iex&symbols=VTI (Caused by NewConnectionError('<urllib3.connection.HTTPSConnection object at 0x7b645f819590>: Failed to establish a new connection: [Errno -3] Temporary failure in name resolution'))
Traceback (most recent call last):
  File "/home/dikesh/data/dev/SwingTraderAndOptimizer/optimizer/venv/lib/python3.13/site-packages/urllib3/connection.py", line 174, in _new_conn
    conn = connection.create_connection(
        (self._dns_host, self.port), self.timeout, **extra_kw
    )
  File "/home/dikesh/data/dev/SwingTraderAndOptimizer/optimizer/venv/lib/python3.13/site-packages/urllib3/util/connection.py", line 72, in create_connection
    for res in socket.getaddrinfo(host, port, family, socket.SOCK_STREAM):
               ~~~~~~~~~~~~~~~~~~^^^^^^^^^^^^^^^^^^^^^^^^^^^^^^^^^^^^^^^^
  File "/usr/lib/python3.13/socket.py", line 977, in getaddrinfo
    for res in _socket.getaddrinfo(host, port, family, type, proto, flags):
               ~~~~~~~~~~~~~~~~~~~^^^^^^^^^^^^^^^^^^^^^^^^^^^^^^^^^^^^^^^^
socket.gaierror: [Errno -3] Temporary failure in name resolution

During handling of the above exception, another exception occurred:

Traceback (most recent call last):
  File "/home/dikesh/data/dev/SwingTraderAndOptimizer/optimizer/venv/lib/python3.13/site-packages/urllib3/connectionpool.py", line 716, in urlopen
    httplib_response = self._make_request(
        conn,
    ...<5 lines>...
        chunked=chunked,
    )
  File "/home/dikesh/data/dev/SwingTraderAndOptimizer/optimizer/venv/lib/python3.13/site-packages/urllib3/connectionpool.py", line 404, in _make_request
    self._validate_conn(conn)
    ~~~~~~~~~~~~~~~~~~~^^^^^^
  File "/home/dikesh/data/dev/SwingTraderAndOptimizer/optimizer/venv/lib/python3.13/site-packages/urllib3/connectionpool.py", line 1061, in _validate_conn
    conn.connect()
    ~~~~~~~~~~~~^^
  File "/home/dikesh/data/dev/SwingTraderAndOptimizer/optimizer/venv/lib/python3.13/site-packages/urllib3/connection.py", line 363, in connect
    self.sock = conn = self._new_conn()
                       ~~~~~~~~~~~~~~^^
  File "/home/dikesh/data/dev/SwingTraderAndOptimizer/optimizer/venv/lib/python3.13/site-packages/urllib3/connection.py", line 186, in _new_conn
    raise NewConnectionError(
        self, "Failed to establish a new connection: %s" % e
    )
urllib3.exceptions.NewConnectionError: <urllib3.connection.HTTPSConnection object at 0x7b645f81a710>: Failed to establish a new connection: [Errno -3] Temporary failure in name resolution

During handling of the above exception, another exception occurred:

Traceback (most recent call last):
  File "/home/dikesh/data/dev/SwingTraderAndOptimizer/optimizer/venv/lib/python3.13/site-packages/requests/adapters.py", line 486, in send
    resp = conn.urlopen(
        method=request.method,
    ...<9 lines>...
        chunked=chunked,
    )
  File "/home/dikesh/data/dev/SwingTraderAndOptimizer/optimizer/venv/lib/python3.13/site-packages/urllib3/connectionpool.py", line 802, in urlopen
    retries = retries.increment(
        method, url, error=e, _pool=self, _stacktrace=sys.exc_info()[2]
    )
  File "/home/dikesh/data/dev/SwingTraderAndOptimizer/optimizer/venv/lib/python3.13/site-packages/urllib3/util/retry.py", line 594, in increment
    raise MaxRetryError(_pool, url, error or ResponseError(cause))
urllib3.exceptions.MaxRetryError: HTTPSConnectionPool(host='data.alpaca.markets', port=443): Max retries exceeded with url: /v2/stocks/bars?start=2026-05-18T04%3A00%3A00%2B00%3A00&end=2026-05-19T13%3A19%3A18.133605%2B00%3A00&limit=10000&timeframe=1Day&feed=iex&symbols=VTV (Caused by NewConnectionError('<urllib3.connection.HTTPSConnection object at 0x7b645f81a710>: Failed to establish a new connection: [Errno -3] Temporary failure in name resolution'))

During handling of the above exception, another exception occurred:

Traceback (most recent call last):
  File "/home/dikesh/data/dev/SwingTraderAndOptimizer/optimizer/data_fetcher.py", line 160, in fetch_historical_data
    bars_dict = client.get_stock_bars(request_params)
  File "/home/dikesh/data/dev/SwingTraderAndOptimizer/optimizer/venv/lib/python3.13/site-packages/alpaca/data/historical/stock.py", line 87, in get_stock_bars
    raw_bars = self._get_marketdata(
        path="/stocks/bars",
        params=request_params.to_request_fields(),
        page_size=10_000,
    )
  File "/home/dikesh/data/dev/SwingTraderAndOptimizer/optimizer/venv/lib/python3.13/site-packages/alpaca/common/rest.py", line 393, in _get_marketdata
    response = self.get(path=path, data=params)
  File "/home/dikesh/data/dev/SwingTraderAndOptimizer/optimizer/venv/lib/python3.13/site-packages/alpaca/common/rest.py", line 225, in get
    return self._request("GET", path, data, **kwargs)
           ~~~~~~~~~~~~~^^^^^^^^^^^^^^^^^^^^^^^^^^^^^
  File "/home/dikesh/data/dev/SwingTraderAndOptimizer/optimizer/venv/lib/python3.13/site-packages/alpaca/common/rest.py", line 131, in _request
    return self._one_request(method, url, opts, retry)
           ~~~~~~~~~~~~~~~~~^^^^^^^^^^^^^^^^^^^^^^^^^^
  File "/home/dikesh/data/dev/SwingTraderAndOptimizer/optimizer/venv/lib/python3.13/site-packages/alpaca/common/rest.py", line 195, in _one_request
    response = self._session.request(method, url, **opts)
  File "/home/dikesh/data/dev/SwingTraderAndOptimizer/optimizer/venv/lib/python3.13/site-packages/requests/sessions.py", line 589, in request
    resp = self.send(prep, **send_kwargs)
  File "/home/dikesh/data/dev/SwingTraderAndOptimizer/optimizer/venv/lib/python3.13/site-packages/requests/sessions.py", line 703, in send
    r = adapter.send(request, **kwargs)
  File "/home/dikesh/data/dev/SwingTraderAndOptimizer/optimizer/venv/lib/python3.13/site-packages/requests/adapters.py", line 519, in send
    raise ConnectionError(e, request=request)
requests.exceptions.ConnectionError: HTTPSConnectionPool(host='data.alpaca.markets', port=443): Max retries exceeded with url: /v2/stocks/bars?start=2026-05-18T04%3A00%3A00%2B00%3A00&end=2026-05-19T13%3A19%3A18.133605%2B00%3A00&limit=10000&timeframe=1Day&feed=iex&symbols=VTV (Caused by NewConnectionError('<urllib3.connection.HTTPSConnection object at 0x7b645f81a710>: Failed to establish a new connection: [Errno -3] Temporary failure in name resolution'))
Traceback (most recent call last):
  File "/home/dikesh/data/dev/SwingTraderAndOptimizer/optimizer/venv/lib/python3.13/site-packages/urllib3/connection.py", line 174, in _new_conn
    conn = connection.create_connection(
        (self._dns_host, self.port), self.timeout, **extra_kw
    )
  File "/home/dikesh/data/dev/SwingTraderAndOptimizer/optimizer/venv/lib/python3.13/site-packages/urllib3/util/connection.py", line 72, in create_connection
    for res in socket.getaddrinfo(host, port, family, socket.SOCK_STREAM):
               ~~~~~~~~~~~~~~~~~~^^^^^^^^^^^^^^^^^^^^^^^^^^^^^^^^^^^^^^^^
  File "/usr/lib/python3.13/socket.py", line 977, in getaddrinfo
    for res in _socket.getaddrinfo(host, port, family, type, proto, flags):
               ~~~~~~~~~~~~~~~~~~~^^^^^^^^^^^^^^^^^^^^^^^^^^^^^^^^^^^^^^^^
socket.gaierror: [Errno -3] Temporary failure in name resolution

During handling of the above exception, another exception occurred:

Traceback (most recent call last):
  File "/home/dikesh/data/dev/SwingTraderAndOptimizer/optimizer/venv/lib/python3.13/site-packages/urllib3/connectionpool.py", line 716, in urlopen
    httplib_response = self._make_request(
        conn,
    ...<5 lines>...
        chunked=chunked,
    )
  File "/home/dikesh/data/dev/SwingTraderAndOptimizer/optimizer/venv/lib/python3.13/site-packages/urllib3/connectionpool.py", line 404, in _make_request
    self._validate_conn(conn)
    ~~~~~~~~~~~~~~~~~~~^^^^^^
  File "/home/dikesh/data/dev/SwingTraderAndOptimizer/optimizer/venv/lib/python3.13/site-packages/urllib3/connectionpool.py", line 1061, in _validate_conn
    conn.connect()
    ~~~~~~~~~~~~^^
  File "/home/dikesh/data/dev/SwingTraderAndOptimizer/optimizer/venv/lib/python3.13/site-packages/urllib3/connection.py", line 363, in connect
    self.sock = conn = self._new_conn()
                       ~~~~~~~~~~~~~~^^
  File "/home/dikesh/data/dev/SwingTraderAndOptimizer/optimizer/venv/lib/python3.13/site-packages/urllib3/connection.py", line 186, in _new_conn
    raise NewConnectionError(
        self, "Failed to establish a new connection: %s" % e
    )
urllib3.exceptions.NewConnectionError: <urllib3.connection.HTTPSConnection object at 0x7b645f81a210>: Failed to establish a new connection: [Errno -3] Temporary failure in name resolution

During handling of the above exception, another exception occurred:

Traceback (most recent call last):
  File "/home/dikesh/data/dev/SwingTraderAndOptimizer/optimizer/venv/lib/python3.13/site-packages/requests/adapters.py", line 486, in send
    resp = conn.urlopen(
        method=request.method,
    ...<9 lines>...
        chunked=chunked,
    )
  File "/home/dikesh/data/dev/SwingTraderAndOptimizer/optimizer/venv/lib/python3.13/site-packages/urllib3/connectionpool.py", line 802, in urlopen
    retries = retries.increment(
        method, url, error=e, _pool=self, _stacktrace=sys.exc_info()[2]
    )
  File "/home/dikesh/data/dev/SwingTraderAndOptimizer/optimizer/venv/lib/python3.13/site-packages/urllib3/util/retry.py", line 594, in increment
    raise MaxRetryError(_pool, url, error or ResponseError(cause))
urllib3.exceptions.MaxRetryError: HTTPSConnectionPool(host='data.alpaca.markets', port=443): Max retries exceeded with url: /v2/stocks/bars?start=2019-07-15T13%3A19%3A18.282171%2B00%3A00&end=2026-05-19T13%3A19%3A18.282235%2B00%3A00&limit=10000&timeframe=1Day&feed=iex&symbols=BLENDED (Caused by NewConnectionError('<urllib3.connection.HTTPSConnection object at 0x7b645f81a210>: Failed to establish a new connection: [Errno -3] Temporary failure in name resolution'))

During handling of the above exception, another exception occurred:

Traceback (most recent call last):
  File "/home/dikesh/data/dev/SwingTraderAndOptimizer/optimizer/data_fetcher.py", line 160, in fetch_historical_data
    bars_dict = client.get_stock_bars(request_params)
  File "/home/dikesh/data/dev/SwingTraderAndOptimizer/optimizer/venv/lib/python3.13/site-packages/alpaca/data/historical/stock.py", line 87, in get_stock_bars
    raw_bars = self._get_marketdata(
        path="/stocks/bars",
        params=request_params.to_request_fields(),
        page_size=10_000,
    )
  File "/home/dikesh/data/dev/SwingTraderAndOptimizer/optimizer/venv/lib/python3.13/site-packages/alpaca/common/rest.py", line 393, in _get_marketdata
    response = self.get(path=path, data=params)
  File "/home/dikesh/data/dev/SwingTraderAndOptimizer/optimizer/venv/lib/python3.13/site-packages/alpaca/common/rest.py", line 225, in get
    return self._request("GET", path, data, **kwargs)
           ~~~~~~~~~~~~~^^^^^^^^^^^^^^^^^^^^^^^^^^^^^
  File "/home/dikesh/data/dev/SwingTraderAndOptimizer/optimizer/venv/lib/python3.13/site-packages/alpaca/common/rest.py", line 131, in _request
    return self._one_request(method, url, opts, retry)
           ~~~~~~~~~~~~~~~~~^^^^^^^^^^^^^^^^^^^^^^^^^^
  File "/home/dikesh/data/dev/SwingTraderAndOptimizer/optimizer/venv/lib/python3.13/site-packages/alpaca/common/rest.py", line 195, in _one_request
    response = self._session.request(method, url, **opts)
  File "/home/dikesh/data/dev/SwingTraderAndOptimizer/optimizer/venv/lib/python3.13/site-packages/requests/sessions.py", line 589, in request
    resp = self.send(prep, **send_kwargs)
  File "/home/dikesh/data/dev/SwingTraderAndOptimizer/optimizer/venv/lib/python3.13/site-packages/requests/sessions.py", line 703, in send
    r = adapter.send(request, **kwargs)
  File "/home/dikesh/data/dev/SwingTraderAndOptimizer/optimizer/venv/lib/python3.13/site-packages/requests/adapters.py", line 519, in send
    raise ConnectionError(e, request=request)
requests.exceptions.ConnectionError: HTTPSConnectionPool(host='data.alpaca.markets', port=443): Max retries exceeded with url: /v2/stocks/bars?start=2019-07-15T13%3A19%3A18.282171%2B00%3A00&end=2026-05-19T13%3A19%3A18.282235%2B00%3A00&limit=10000&timeframe=1Day&feed=iex&symbols=BLENDED (Caused by NewConnectionError('<urllib3.connection.HTTPSConnection object at 0x7b645f81a210>: Failed to establish a new connection: [Errno -3] Temporary failure in name resolution'))
[Parallel(n_jobs=-1)]: Using backend LokyBackend with 8 concurrent workers.

======================================================================
NIGHTLY OPTIMIZER RUN
Timestamp: 2026-05-19T09:19:17.660800-04:00
Tickers: QQQ, VTI, VTV
Timeframe: 1Day
======================================================================


======================================================================
STEP 1: FETCHING INCREMENTAL PRICES
======================================================================

============================================================
Updating QQQ
============================================================
Loaded 1465 bars for QQQ from PostgreSQL
Current data: 1465 bars, last: 2026-05-18
Fetching incremental data...
Fetching QQQ incremental data since 2026-05-18
Fetching QQQ data from 2026-05-18 to 2026-05-19
Error fetching data for QQQ: HTTPSConnectionPool(host='data.alpaca.markets', port=443): Max retries exceeded with url: /v2/stocks/bars?start=2026-05-18T04%3A00%3A00%2B00%3A00&end=2026-05-19T13%3A19%3A17.736901%2B00%3A00&limit=10000&timeframe=1Day&feed=iex&symbols=QQQ (Caused by NewConnectionError('<urllib3.connection.HTTPSConnection object at 0x7b645f845550>: Failed to establish a new connection: [Errno -3] Temporary failure in name resolution'))
No new data to fetch for QQQ

============================================================
Updating VTI
============================================================
Loaded 1465 bars for VTI from PostgreSQL
Current data: 1465 bars, last: 2026-05-18
Fetching incremental data...
Fetching VTI incremental data since 2026-05-18
Fetching VTI data from 2026-05-18 to 2026-05-19
Error fetching data for VTI: HTTPSConnectionPool(host='data.alpaca.markets', port=443): Max retries exceeded with url: /v2/stocks/bars?start=2026-05-18T04%3A00%3A00%2B00%3A00&end=2026-05-19T13%3A19%3A17.974992%2B00%3A00&limit=10000&timeframe=1Day&feed=iex&symbols=VTI (Caused by NewConnectionError('<urllib3.connection.HTTPSConnection object at 0x7b645f819590>: Failed to establish a new connection: [Errno -3] Temporary failure in name resolution'))
No new data to fetch for VTI

============================================================
Updating VTV
============================================================
Loaded 1465 bars for VTV from PostgreSQL
Current data: 1465 bars, last: 2026-05-18
Fetching incremental data...
Fetching VTV incremental data since 2026-05-18
Fetching VTV data from 2026-05-18 to 2026-05-19
Error fetching data for VTV: HTTPSConnectionPool(host='data.alpaca.markets', port=443): Max retries exceeded with url: /v2/stocks/bars?start=2026-05-18T04%3A00%3A00%2B00%3A00&end=2026-05-19T13%3A19%3A18.133605%2B00%3A00&limit=10000&timeframe=1Day&feed=iex&symbols=VTV (Caused by NewConnectionError('<urllib3.connection.HTTPSConnection object at 0x7b645f81a710>: Failed to establish a new connection: [Errno -3] Temporary failure in name resolution'))
No new data to fetch for VTV

============================================================
Updating BLENDED
============================================================
No existing data for BLENDED
Fetching incremental data...
Database empty for BLENDED, fetching 1Day data from 2019-07-15
Fetching BLENDED data from 2019-07-15 to 2026-05-19
Error fetching data for BLENDED: HTTPSConnectionPool(host='data.alpaca.markets', port=443): Max retries exceeded with url: /v2/stocks/bars?start=2019-07-15T13%3A19%3A18.282171%2B00%3A00&end=2026-05-19T13%3A19%3A18.282235%2B00%3A00&limit=10000&timeframe=1Day&feed=iex&symbols=BLENDED (Caused by NewConnectionError('<urllib3.connection.HTTPSConnection object at 0x7b645f81a210>: Failed to establish a new connection: [Errno -3] Temporary failure in name resolution'))
No new data to fetch for BLENDED
[Parallel(n_jobs=-1)]: Done   3 out of   3 | elapsed:    7.9s finished
✓ Saved optimization candidate for QQQ (base_case=0)
✓ Saved best candidate for QQQ (cleaned up old candidates)
✓ Saved 44 backtest trades for QQQ to PostgreSQL
✓ Saved 45 equity snapshots for QQQ
✓ Logged optimization run for QQQ: Sharpe=0.9055645783092743
✓ Saved optimization candidate for VTI (base_case=0)
✓ Saved best candidate for VTI (cleaned up old candidates)
✓ Saved 36 backtest trades for VTI to PostgreSQL
✓ Saved 37 equity snapshots for VTI
✓ Logged optimization run for VTI: Sharpe=0.9591854853531185
✓ Saved optimization candidate for VTV (base_case=0)
✓ Saved best candidate for VTV (cleaned up old candidates)
✓ Saved 38 backtest trades for VTV to PostgreSQL
✓ Saved 39 equity snapshots for VTV
✓ Logged optimization run for VTV: Sharpe=1.1002062864064852

======================================================================
STEP 3: PORTFOLIO COORDINATE ASCENT
======================================================================
Loaded 1465 bars for QQQ from PostgreSQL
Loaded 1465 bars for VTI from PostgreSQL
Loaded 1465 bars for VTV from PostgreSQL
  Converged after 1 iterations
  Portfolio return: 183.90%
  Sharpe: 1.14
  Max DD: 24.25%
  Trades: 112
  QQQ: CHAND(14, 2.5)
  VTI: CHAND(18, 2.5)
  VTV: CHAND(22, 2.5)
✓ Saved 112 backtest trades for BLENDED to PostgreSQL
✓ Saved 1439 equity snapshots for BLENDED
  ✓ Saved BLENDED portfolio results

======================================================================
NIGHTLY OPTIMIZATION COMPLETE
======================================================================
Total tickers: 3/3
Total runtime: 31.6s

QQQ:
  Params: CHAND(period=14, mult=3.0)
  Sharpe: 0.91 | Return: 64.65%
VTI:
  Params: CHAND(period=14, mult=3.5)
  Sharpe: 0.96 | Return: 44.82%
VTV:
  Params: CHAND(period=14, mult=3.5)
  Sharpe: 1.10 | Return: 14.31%

======================================================================
DATABASE SUMMARY
======================================================================

QQQ:
  Sharpe: 1.14, Return: 183.90%, Win Rate: 50.9%
VTI:
  Sharpe: 1.14, Return: 183.90%, Win Rate: 50.9%
VTV:
  Sharpe: 1.14, Return: 183.90%, Win Rate: 50.9%
BLENDED (PORTFOLIO):
  Sharpe: 1.14, Return: 183.90%, Win Rate: 50.9%

[QQQ] Starting optimization...

======================================================================
Optimizing QQQ [1Day]...
======================================================================
Loaded 1465 bars for QQQ from PostgreSQL
Testing 9 parameter combinations...

Testing 9 parameter combinations...
This may take a few minutes...


[OK] Optimization complete! Top 5 results:

Rank   Sharpe     Win%     Return     Trades   Parameters                                        
----------------------------------------------------------------------------------------------------
1      0.91       50.0     64.65     % 44       CHAND(period=14, mult=3.0)                        
2      0.90       51.1     64.25     % 47       CHAND(period=18, mult=3.0)                        
3      0.89       43.8     63.14     % 64       CHAND(period=14, mult=2.5)                        
4      0.87       50.0     62.80     % 34       CHAND(period=14, mult=3.5)                        
5      0.86       47.8     60.34     % 46       CHAND(period=22, mult=3.0)                        

Results for QQQ:
  Best Sharpe: 0.91
  Win Rate: 50.0%
  Total Return: 64.65%
  Trades: 44
  Runtime: 4.3s

[VTI] Starting optimization...

======================================================================
Optimizing VTI [1Day]...
======================================================================
Loaded 1465 bars for VTI from PostgreSQL
Testing 9 parameter combinations...

Testing 9 parameter combinations...
This may take a few minutes...


[OK] Optimization complete! Top 5 results:

Rank   Sharpe     Win%     Return     Trades   Parameters                                        
----------------------------------------------------------------------------------------------------
1      0.96       55.6     44.82     % 36       CHAND(period=14, mult=3.5)                        
2      0.93       52.9     42.15     % 51       CHAND(period=18, mult=3.0)                        
3      0.91       50.0     41.36     % 52       CHAND(period=22, mult=3.0)                        
4      0.91       58.0     40.60     % 50       CHAND(period=14, mult=3.0)                        
5      0.87       50.0     38.91     % 68       CHAND(period=18, mult=2.5)                        

Results for VTI:
  Best Sharpe: 0.96
  Win Rate: 55.6%
  Total Return: 44.82%
  Trades: 36
  Runtime: 4.6s

[VTV] Starting optimization...

======================================================================
Optimizing VTV [1Day]...
======================================================================
Loaded 1465 bars for VTV from PostgreSQL
Testing 9 parameter combinations...

Testing 9 parameter combinations...
This may take a few minutes...


[OK] Optimization complete! Top 5 results:

Rank   Sharpe     Win%     Return     Trades   Parameters                                        
----------------------------------------------------------------------------------------------------
1      1.10       65.8     14.31     % 38       CHAND(period=14, mult=3.5)                        
2      1.03       50.0     13.09     % 62       CHAND(period=18, mult=2.5)                        
3      1.03       53.2     13.24     % 47       CHAND(period=22, mult=3.0)                        
4      1.02       46.8     12.94     % 62       CHAND(period=22, mult=2.5)                        
5      0.99       50.0     12.44     % 62       CHAND(period=14, mult=2.5)                        

Results for VTV:
  Best Sharpe: 1.10
  Win Rate: 65.8%
  Total Return: 14.31%
  Trades: 38
  Runtime: 4.4s
[2026-05-19 09:19:50] Optimizer finished (exit: 0)
[2026-05-19 16:28:33] Nightly optimizer starting...
[2026-05-19 16:28:33] Waiting for PostgreSQL...
[2026-05-19 16:28:33] PostgreSQL ready.
[Parallel(n_jobs=-1)]: Using backend LokyBackend with 8 concurrent workers.

======================================================================
NIGHTLY OPTIMIZER RUN
Timestamp: 2026-05-19T16:28:35.702527-04:00
Tickers: QQQ, VTI, VTV
Timeframe: 1Day
======================================================================


======================================================================
STEP 1: FETCHING INCREMENTAL PRICES
======================================================================

============================================================
Updating QQQ
============================================================
Loaded 1465 bars for QQQ from PostgreSQL
Current data: 1465 bars, last: 2026-05-18
Fetching incremental data...
Fetching QQQ incremental data since 2026-05-18
Fetching QQQ data from 2026-05-18 to 2026-05-19
Fetched 2 bars for QQQ (timestamped in America/New_York)
Appending 2 bars to database...
Appended 1 new bars for QQQ to PostgreSQL
Loaded 1466 bars for QQQ from PostgreSQL
✓ Updated: 1466 total bars, last: 2026-05-19

============================================================
Updating VTI
============================================================
Loaded 1465 bars for VTI from PostgreSQL
Current data: 1465 bars, last: 2026-05-18
Fetching incremental data...
Fetching VTI incremental data since 2026-05-18
Fetching VTI data from 2026-05-18 to 2026-05-19
Fetched 2 bars for VTI (timestamped in America/New_York)
Appending 2 bars to database...
Appended 1 new bars for VTI to PostgreSQL
Loaded 1466 bars for VTI from PostgreSQL
✓ Updated: 1466 total bars, last: 2026-05-19

============================================================
Updating VTV
============================================================
Loaded 1465 bars for VTV from PostgreSQL
Current data: 1465 bars, last: 2026-05-18
Fetching incremental data...
Fetching VTV incremental data since 2026-05-18
Fetching VTV data from 2026-05-18 to 2026-05-19
Fetched 2 bars for VTV (timestamped in America/New_York)
Appending 2 bars to database...
Appended 1 new bars for VTV to PostgreSQL
Loaded 1466 bars for VTV from PostgreSQL
✓ Updated: 1466 total bars, last: 2026-05-19

============================================================
Updating BLENDED
============================================================
No existing data for BLENDED
Fetching incremental data...
Database empty for BLENDED, fetching 1Day data from 2019-07-15
Fetching BLENDED data from 2019-07-15 to 2026-05-19
No data returned for BLENDED
No new data to fetch for BLENDED
[Parallel(n_jobs=-1)]: Done   3 out of   3 | elapsed:    3.7s finished
✓ Saved optimization candidate for QQQ (base_case=0)
✓ Saved best candidate for QQQ (cleaned up old candidates)
✓ Saved 44 backtest trades for QQQ to PostgreSQL
✓ Saved 45 equity snapshots for QQQ
✓ Logged optimization run for QQQ: Sharpe=0.8940175194303809
✓ Saved optimization candidate for VTI (base_case=0)
✓ Saved best candidate for VTI (cleaned up old candidates)
✓ Saved 36 backtest trades for VTI to PostgreSQL
✓ Saved 37 equity snapshots for VTI
✓ Logged optimization run for VTI: Sharpe=0.9502905817967359
✓ Saved optimization candidate for VTV (base_case=0)
✓ Saved best candidate for VTV (cleaned up old candidates)
✓ Saved 38 backtest trades for VTV to PostgreSQL
✓ Saved 39 equity snapshots for VTV
✓ Logged optimization run for VTV: Sharpe=1.100799449075972

======================================================================
STEP 3: PORTFOLIO COORDINATE ASCENT
======================================================================
Loaded 1466 bars for QQQ from PostgreSQL
Loaded 1466 bars for VTI from PostgreSQL
Loaded 1466 bars for VTV from PostgreSQL
  Converged after 1 iterations
  Portfolio return: 182.05%
  Sharpe: 1.14
  Max DD: 24.25%
  Trades: 112
  QQQ: CHAND(14, 2.5)
  VTI: CHAND(18, 2.5)
  VTV: CHAND(22, 2.5)
✓ Saved 112 backtest trades for BLENDED to PostgreSQL
✓ Saved 1440 equity snapshots for BLENDED
  ✓ Saved BLENDED portfolio results

======================================================================
NIGHTLY OPTIMIZATION COMPLETE
======================================================================
Total tickers: 3/3
Total runtime: 13.0s

QQQ:
  Params: CHAND(period=14, mult=3.0)
  Sharpe: 0.89 | Return: 63.60%
VTI:
  Params: CHAND(period=14, mult=3.5)
  Sharpe: 0.95 | Return: 44.34%
VTV:
  Params: CHAND(period=14, mult=3.5)
  Sharpe: 1.10 | Return: 14.32%

======================================================================
DATABASE SUMMARY
======================================================================

QQQ:
  Sharpe: 1.14, Return: 182.05%, Win Rate: 50.9%
VTI:
  Sharpe: 1.14, Return: 182.05%, Win Rate: 50.9%
VTV:
  Sharpe: 1.14, Return: 182.05%, Win Rate: 50.9%
BLENDED (PORTFOLIO):
  Sharpe: 1.14, Return: 182.05%, Win Rate: 50.9%

[VTI] Starting optimization...

======================================================================
Optimizing VTI [1Day]...
======================================================================
Loaded 1466 bars for VTI from PostgreSQL
Testing 9 parameter combinations...

Testing 9 parameter combinations...
This may take a few minutes...


[OK] Optimization complete! Top 5 results:

Rank   Sharpe     Win%     Return     Trades   Parameters                                        
----------------------------------------------------------------------------------------------------
1      0.95       55.6     44.34     % 36       CHAND(period=14, mult=3.5)                        
2      0.92       52.9     41.68     % 51       CHAND(period=18, mult=3.0)                        
3      0.90       50.0     40.89     % 52       CHAND(period=22, mult=3.0)                        
4      0.90       58.0     40.13     % 50       CHAND(period=14, mult=3.0)                        
5      0.86       50.0     38.45     % 68       CHAND(period=18, mult=2.5)                        

Results for VTI:
  Best Sharpe: 0.95
  Win Rate: 55.6%
  Total Return: 44.34%
  Trades: 36
  Runtime: 2.3s

[VTV] Starting optimization...

======================================================================
Optimizing VTV [1Day]...
======================================================================
Loaded 1466 bars for VTV from PostgreSQL
Testing 9 parameter combinations...

Testing 9 parameter combinations...
This may take a few minutes...


[OK] Optimization complete! Top 5 results:

Rank   Sharpe     Win%     Return     Trades   Parameters                                        
----------------------------------------------------------------------------------------------------
1      1.10       65.8     14.32     % 38       CHAND(period=14, mult=3.5)                        
2      1.03       50.0     13.11     % 62       CHAND(period=18, mult=2.5)                        
3      1.03       53.2     13.25     % 47       CHAND(period=22, mult=3.0)                        
4      1.03       46.8     12.95     % 62       CHAND(period=22, mult=2.5)                        
5      0.99       50.0     12.46     % 62       CHAND(period=14, mult=2.5)                        

Results for VTV:
  Best Sharpe: 1.10
  Win Rate: 65.8%
  Total Return: 14.32%
  Trades: 38
  Runtime: 2.2s

[QQQ] Starting optimization...

======================================================================
Optimizing QQQ [1Day]...
======================================================================
Loaded 1466 bars for QQQ from PostgreSQL
Testing 9 parameter combinations...

Testing 9 parameter combinations...
This may take a few minutes...


[OK] Optimization complete! Top 5 results:

Rank   Sharpe     Win%     Return     Trades   Parameters                                        
----------------------------------------------------------------------------------------------------
1      0.89       50.0     63.60     % 44       CHAND(period=14, mult=3.0)                        
2      0.89       51.1     63.21     % 47       CHAND(period=18, mult=3.0)                        
3      0.88       43.8     62.09     % 64       CHAND(period=14, mult=2.5)                        
4      0.86       50.0     61.75     % 34       CHAND(period=14, mult=3.5)                        
5      0.85       47.8     59.32     % 46       CHAND(period=22, mult=3.0)                        

Results for QQQ:
  Best Sharpe: 0.89
  Win Rate: 50.0%
  Total Return: 63.60%
  Trades: 44
  Runtime: 2.5s
[2026-05-19 16:28:50] Optimizer finished (exit: 0)
[2026-05-20 09:50:12] Nightly optimizer starting...
[2026-05-20 09:50:12] Waiting for PostgreSQL...
[2026-05-20 09:50:12] PostgreSQL ready.
[Parallel(n_jobs=-1)]: Using backend LokyBackend with 8 concurrent workers.

======================================================================
NIGHTLY OPTIMIZER RUN
Timestamp: 2026-05-20T09:50:12.895879-04:00
Tickers: QQQ, VTI, VTV
Timeframe: 1Day
======================================================================


======================================================================
STEP 1: FETCHING INCREMENTAL PRICES
======================================================================

============================================================
Updating QQQ
============================================================
Loaded 1466 bars for QQQ from PostgreSQL
Current data: 1466 bars, last: 2026-05-19
Fetching incremental data...
Fetching QQQ incremental data since 2026-05-19
Fetching QQQ data from 2026-05-19 to 2026-05-20
Fetched 2 bars for QQQ (timestamped in America/New_York)
Appending 2 bars to database...
Appended 1 new bars for QQQ to PostgreSQL
Loaded 1467 bars for QQQ from PostgreSQL
✓ Updated: 1467 total bars, last: 2026-05-20

============================================================
Updating VTI
============================================================
Loaded 1466 bars for VTI from PostgreSQL
Current data: 1466 bars, last: 2026-05-19
Fetching incremental data...
Fetching VTI incremental data since 2026-05-19
Fetching VTI data from 2026-05-19 to 2026-05-20
Fetched 2 bars for VTI (timestamped in America/New_York)
Appending 2 bars to database...
Appended 1 new bars for VTI to PostgreSQL
Loaded 1467 bars for VTI from PostgreSQL
✓ Updated: 1467 total bars, last: 2026-05-20

============================================================
Updating VTV
============================================================
Loaded 1466 bars for VTV from PostgreSQL
Current data: 1466 bars, last: 2026-05-19
Fetching incremental data...
Fetching VTV incremental data since 2026-05-19
Fetching VTV data from 2026-05-19 to 2026-05-20
Fetched 2 bars for VTV (timestamped in America/New_York)
Appending 2 bars to database...
Appended 1 new bars for VTV to PostgreSQL
Loaded 1467 bars for VTV from PostgreSQL
✓ Updated: 1467 total bars, last: 2026-05-20

============================================================
Updating BLENDED
============================================================
No existing data for BLENDED
Fetching incremental data...
Database empty for BLENDED, fetching 1Day data from 2019-07-16
Fetching BLENDED data from 2019-07-16 to 2026-05-20
No data returned for BLENDED
No new data to fetch for BLENDED
[Parallel(n_jobs=-1)]: Done   3 out of   3 | elapsed:    3.1s finished
✓ Saved optimization candidate for QQQ (base_case=0)
✓ Saved best candidate for QQQ (cleaned up old candidates)
✓ Saved 44 backtest trades for QQQ to PostgreSQL
✓ Saved 45 equity snapshots for QQQ
✓ Logged optimization run for QQQ: Sharpe=0.8995510254512544
✓ Saved optimization candidate for VTI (base_case=0)
✓ Saved best candidate for VTI (cleaned up old candidates)
✓ Saved 36 backtest trades for VTI to PostgreSQL
✓ Saved 37 equity snapshots for VTI
✓ Logged optimization run for VTI: Sharpe=0.954151455782778
✓ Saved optimization candidate for VTV (base_case=0)
✓ Saved best candidate for VTV (cleaned up old candidates)
✓ Saved 38 backtest trades for VTV to PostgreSQL
✓ Saved 39 equity snapshots for VTV
✓ Logged optimization run for VTV: Sharpe=1.1029752754705353

======================================================================
STEP 3: PORTFOLIO COORDINATE ASCENT
======================================================================
Loaded 1467 bars for QQQ from PostgreSQL
Loaded 1467 bars for VTI from PostgreSQL
Loaded 1467 bars for VTV from PostgreSQL
  Converged after 1 iterations
  Portfolio return: 183.36%
  Sharpe: 1.14
  Max DD: 24.25%
  Trades: 112
  QQQ: CHAND(14, 2.5)
  VTI: CHAND(18, 2.5)
  VTV: CHAND(22, 2.5)
✓ Saved 112 backtest trades for BLENDED to PostgreSQL
✓ Saved 1441 equity snapshots for BLENDED
  ✓ Saved BLENDED portfolio results

======================================================================
NIGHTLY OPTIMIZATION COMPLETE
======================================================================
Total tickers: 3/3
Total runtime: 10.1s

QQQ:
  Params: CHAND(period=14, mult=3.0)
  Sharpe: 0.90 | Return: 64.16%
VTI:
  Params: CHAND(period=14, mult=3.5)
  Sharpe: 0.95 | Return: 44.58%
VTV:
  Params: CHAND(period=14, mult=3.5)
  Sharpe: 1.10 | Return: 14.36%

======================================================================
DATABASE SUMMARY
======================================================================

QQQ:
  Sharpe: 1.14, Return: 183.36%, Win Rate: 50.9%
VTI:
  Sharpe: 1.14, Return: 183.36%, Win Rate: 50.9%
VTV:
  Sharpe: 1.14, Return: 183.36%, Win Rate: 50.9%
BLENDED (PORTFOLIO):
  Sharpe: 1.14, Return: 183.36%, Win Rate: 50.9%

[VTV] Starting optimization...

======================================================================
Optimizing VTV [1Day]...
======================================================================
Loaded 1467 bars for VTV from PostgreSQL
Testing 9 parameter combinations...

Testing 9 parameter combinations...
This may take a few minutes...


[OK] Optimization complete! Top 5 results:

Rank   Sharpe     Win%     Return     Trades   Parameters                                        
----------------------------------------------------------------------------------------------------
1      1.10       65.8     14.36     % 38       CHAND(period=14, mult=3.5)                        
2      1.03       50.0     13.14     % 62       CHAND(period=18, mult=2.5)                        
3      1.03       53.2     13.29     % 47       CHAND(period=22, mult=3.0)                        
4      1.03       46.8     12.99     % 62       CHAND(period=22, mult=2.5)                        
5      0.99       50.0     12.49     % 62       CHAND(period=14, mult=2.5)                        

Results for VTV:
  Best Sharpe: 1.10
  Win Rate: 65.8%
  Total Return: 14.36%
  Trades: 38
  Runtime: 1.2s

[QQQ] Starting optimization...

======================================================================
Optimizing QQQ [1Day]...
======================================================================
Loaded 1467 bars for QQQ from PostgreSQL
Testing 9 parameter combinations...

Testing 9 parameter combinations...
This may take a few minutes...


[OK] Optimization complete! Top 5 results:

Rank   Sharpe     Win%     Return     Trades   Parameters                                        
----------------------------------------------------------------------------------------------------
1      0.90       50.0     64.16     % 44       CHAND(period=14, mult=3.0)                        
2      0.89       51.1     63.77     % 47       CHAND(period=18, mult=3.0)                        
3      0.88       43.8     62.65     % 64       CHAND(period=14, mult=2.5)                        
4      0.87       50.0     62.31     % 34       CHAND(period=14, mult=3.5)                        
5      0.85       47.8     59.87     % 46       CHAND(period=22, mult=3.0)                        

Results for QQQ:
  Best Sharpe: 0.90
  Win Rate: 50.0%
  Total Return: 64.16%
  Trades: 44
  Runtime: 1.5s

[VTI] Starting optimization...

======================================================================
Optimizing VTI [1Day]...
======================================================================
Loaded 1467 bars for VTI from PostgreSQL
Testing 9 parameter combinations...

Testing 9 parameter combinations...
This may take a few minutes...


[OK] Optimization complete! Top 5 results:

Rank   Sharpe     Win%     Return     Trades   Parameters                                        
----------------------------------------------------------------------------------------------------
1      0.95       55.6     44.58     % 36       CHAND(period=14, mult=3.5)                        
2      0.92       52.9     41.91     % 51       CHAND(period=18, mult=3.0)                        
3      0.91       50.0     41.12     % 52       CHAND(period=22, mult=3.0)                        
4      0.90       58.0     40.37     % 50       CHAND(period=14, mult=3.0)                        
5      0.87       50.0     38.66     % 68       CHAND(period=18, mult=2.5)                        

Results for VTI:
  Best Sharpe: 0.95
  Win Rate: 55.6%
  Total Return: 44.58%
  Trades: 36
  Runtime: 1.4s
[2026-05-20 09:50:24] Optimizer finished (exit: 0)
[2026-05-20 13:18:35] Nightly optimizer starting...
[2026-05-20 13:18:35] Waiting for PostgreSQL...
[2026-05-20 13:18:35] PostgreSQL ready.
Traceback (most recent call last):
  File "/home/dikesh/data/dev/SwingTraderAndOptimizer/optimizer/nightly_optimizer.py", line 9, in <module>
    from joblib import Parallel, delayed
ModuleNotFoundError: No module named 'joblib'
[2026-05-20 17:22:01] Nightly optimizer starting...
[2026-05-20 17:22:01] Waiting for PostgreSQL...
[2026-05-20 17:22:01] PostgreSQL ready.
Traceback (most recent call last):
  File "/home/dikesh/data/dev/SwingTraderAndOptimizer/optimizer/nightly_optimizer.py", line 9, in <module>
    from joblib import Parallel, delayed
ModuleNotFoundError: No module named 'joblib'
[2026-05-20 17:35:31] Nightly optimizer starting...
[2026-05-20 17:35:31] Waiting for PostgreSQL...
[2026-05-20 17:35:31] PostgreSQL ready.
Traceback (most recent call last):
  File "/home/dikesh/data/dev/SwingTraderAndOptimizer/optimizer/nightly_optimizer.py", line 9, in <module>
    from joblib import Parallel, delayed
ModuleNotFoundError: No module named 'joblib'
[2026-05-20 17:36:15] Nightly optimizer starting...
[2026-05-20 17:36:15] Waiting for PostgreSQL...
[2026-05-20 17:36:15] PostgreSQL ready.
Traceback (most recent call last):
  File "/home/dikesh/data/dev/SwingTraderAndOptimizer/optimizer/nightly_optimizer.py", line 9, in <module>
    from joblib import Parallel, delayed
ModuleNotFoundError: No module named 'joblib'
[2026-05-20 17:36:47] Nightly optimizer starting...
[2026-05-20 17:36:47] Waiting for PostgreSQL...
[2026-05-20 17:36:47] PostgreSQL ready.
Traceback (most recent call last):
  File "/home/dikesh/data/dev/SwingTraderAndOptimizer/optimizer/nightly_optimizer.py", line 9, in <module>
    from joblib import Parallel, delayed
ModuleNotFoundError: No module named 'joblib'
[2026-05-20 17:44:43] Nightly optimizer starting...
[2026-05-20 17:44:43] Waiting for PostgreSQL...
[2026-05-20 17:44:43] PostgreSQL ready.
[Parallel(n_jobs=-1)]: Using backend LokyBackend with 8 concurrent workers.

======================================================================
NIGHTLY OPTIMIZER RUN
Timestamp: 2026-05-20T17:44:43.843418-04:00
Tickers: QQQ, VTI, VTV
Timeframe: 1Day
======================================================================


======================================================================
STEP 1: FETCHING INCREMENTAL PRICES
======================================================================

============================================================
Updating QQQ
============================================================
Loaded 1467 bars for QQQ from PostgreSQL
Current data: 1467 bars, last: 2026-05-20
Fetching incremental data...
Fetching QQQ incremental data since 2026-05-20
Fetching QQQ data from 2026-05-20 to 2026-05-20
Fetched 1 bars for QQQ (timestamped in America/New_York)
Appending 1 bars to database...
Loaded 1467 bars for QQQ from PostgreSQL
✓ Updated: 1467 total bars, last: 2026-05-20

============================================================
Updating VTI
============================================================
Loaded 1467 bars for VTI from PostgreSQL
Current data: 1467 bars, last: 2026-05-20
Fetching incremental data...
Fetching VTI incremental data since 2026-05-20
Fetching VTI data from 2026-05-20 to 2026-05-20
Fetched 1 bars for VTI (timestamped in America/New_York)
Appending 1 bars to database...
Loaded 1467 bars for VTI from PostgreSQL
✓ Updated: 1467 total bars, last: 2026-05-20

============================================================
Updating VTV
============================================================
Loaded 1467 bars for VTV from PostgreSQL
Current data: 1467 bars, last: 2026-05-20
Fetching incremental data...
Fetching VTV incremental data since 2026-05-20
Fetching VTV data from 2026-05-20 to 2026-05-20
Fetched 1 bars for VTV (timestamped in America/New_York)
Appending 1 bars to database...
Loaded 1467 bars for VTV from PostgreSQL
✓ Updated: 1467 total bars, last: 2026-05-20

============================================================
Updating BLENDED
============================================================
No existing data for BLENDED
Fetching incremental data...
Database empty for BLENDED, fetching 1Day data from 2019-07-16
Fetching BLENDED data from 2019-07-16 to 2026-05-20
No data returned for BLENDED
No new data to fetch for BLENDED
[Parallel(n_jobs=-1)]: Done   3 out of   3 | elapsed:    1.9s finished
✓ Saved optimization candidate for QQQ (base_case=0)
✓ Saved best candidate for QQQ (cleaned up old candidates)
✓ Saved 44 backtest trades for QQQ to PostgreSQL
✓ Saved 45 equity snapshots for QQQ
✓ Logged optimization run for QQQ: Sharpe=0.8995510254512544
✓ Saved optimization candidate for VTI (base_case=0)
✓ Saved best candidate for VTI (cleaned up old candidates)
✓ Saved 36 backtest trades for VTI to PostgreSQL
✓ Saved 37 equity snapshots for VTI
✓ Logged optimization run for VTI: Sharpe=0.954151455782778
✓ Saved optimization candidate for VTV (base_case=0)
✓ Saved best candidate for VTV (cleaned up old candidates)
✓ Saved 38 backtest trades for VTV to PostgreSQL
✓ Saved 39 equity snapshots for VTV
✓ Logged optimization run for VTV: Sharpe=1.1029752754705353

======================================================================
STEP 3: PORTFOLIO COORDINATE ASCENT
======================================================================
Loaded 1467 bars for QQQ from PostgreSQL
Loaded 1467 bars for VTI from PostgreSQL
Loaded 1467 bars for VTV from PostgreSQL
  Converged after 1 iterations
  Portfolio return: 183.36%
  Sharpe: 1.14
  Max DD: 24.25%
  Trades: 112
  QQQ: CHAND(14, 2.5)
  VTI: CHAND(18, 2.5)
  VTV: CHAND(22, 2.5)
✓ Saved 112 backtest trades for BLENDED to PostgreSQL
✓ Saved 1441 equity snapshots for BLENDED
  ✓ Saved BLENDED portfolio results

======================================================================
NIGHTLY OPTIMIZATION COMPLETE
======================================================================
Total tickers: 3/3
Total runtime: 10.3s

QQQ:
  Params: CHAND(period=14, mult=3.0)
  Sharpe: 0.90 | Return: 64.16%
VTI:
  Params: CHAND(period=14, mult=3.5)
  Sharpe: 0.95 | Return: 44.58%
VTV:
  Params: CHAND(period=14, mult=3.5)
  Sharpe: 1.10 | Return: 14.36%

======================================================================
DATABASE SUMMARY
======================================================================

QQQ:
  Sharpe: 1.14, Return: 183.36%, Win Rate: 50.9%
VTI:
  Sharpe: 1.14, Return: 183.36%, Win Rate: 50.9%
VTV:
  Sharpe: 1.14, Return: 183.36%, Win Rate: 50.9%
BLENDED (PORTFOLIO):
  Sharpe: 1.14, Return: 183.36%, Win Rate: 50.9%

[VTV] Starting optimization...

======================================================================
Optimizing VTV [1Day]...
======================================================================
Loaded 1467 bars for VTV from PostgreSQL
Testing 9 parameter combinations...

Testing 9 parameter combinations...
This may take a few minutes...


[OK] Optimization complete! Top 5 results:

Rank   Sharpe     Win%     Return     Trades   Parameters                                        
----------------------------------------------------------------------------------------------------
1      1.10       65.8     14.36     % 38       CHAND(period=14, mult=3.5)                        
2      1.03       50.0     13.14     % 62       CHAND(period=18, mult=2.5)                        
3      1.03       53.2     13.29     % 47       CHAND(period=22, mult=3.0)                        
4      1.03       46.8     12.99     % 62       CHAND(period=22, mult=2.5)                        
5      0.99       50.0     12.49     % 62       CHAND(period=14, mult=2.5)                        

Results for VTV:
  Best Sharpe: 1.10
  Win Rate: 65.8%
  Total Return: 14.36%
  Trades: 38
  Runtime: 1.1s

[QQQ] Starting optimization...

======================================================================
Optimizing QQQ [1Day]...
======================================================================
Loaded 1467 bars for QQQ from PostgreSQL
Testing 9 parameter combinations...

Testing 9 parameter combinations...
This may take a few minutes...


[OK] Optimization complete! Top 5 results:

Rank   Sharpe     Win%     Return     Trades   Parameters                                        
----------------------------------------------------------------------------------------------------
1      0.90       50.0     64.16     % 44       CHAND(period=14, mult=3.0)                        
2      0.89       51.1     63.77     % 47       CHAND(period=18, mult=3.0)                        
3      0.88       43.8     62.65     % 64       CHAND(period=14, mult=2.5)                        
4      0.87       50.0     62.31     % 34       CHAND(period=14, mult=3.5)                        
5      0.85       47.8     59.87     % 46       CHAND(period=22, mult=3.0)                        

Results for QQQ:
  Best Sharpe: 0.90
  Win Rate: 50.0%
  Total Return: 64.16%
  Trades: 44
  Runtime: 1.1s

[VTI] Starting optimization...

======================================================================
Optimizing VTI [1Day]...
======================================================================
Loaded 1467 bars for VTI from PostgreSQL
Testing 9 parameter combinations...

Testing 9 parameter combinations...
This may take a few minutes...


[OK] Optimization complete! Top 5 results:

Rank   Sharpe     Win%     Return     Trades   Parameters                                        
----------------------------------------------------------------------------------------------------
1      0.95       55.6     44.58     % 36       CHAND(period=14, mult=3.5)                        
2      0.92       52.9     41.91     % 51       CHAND(period=18, mult=3.0)                        
3      0.91       50.0     41.12     % 52       CHAND(period=22, mult=3.0)                        
4      0.90       58.0     40.37     % 50       CHAND(period=14, mult=3.0)                        
5      0.87       50.0     38.66     % 68       CHAND(period=18, mult=2.5)                        

Results for VTI:
  Best Sharpe: 0.95
  Win Rate: 55.6%
  Total Return: 44.58%
  Trades: 36
  Runtime: 1.1s
[2026-05-20 17:44:55] Optimizer finished (exit: 0)
[2026-05-20 19:08:25] Nightly optimizer starting...
[2026-05-20 19:08:25] Waiting for PostgreSQL...
[2026-05-20 19:08:25] PostgreSQL ready.
[Parallel(n_jobs=-1)]: Using backend LokyBackend with 8 concurrent workers.

======================================================================
NIGHTLY OPTIMIZER RUN
Timestamp: 2026-05-20T19:08:27.200186-04:00
Tickers: QQQ, VTI, VTV
Timeframe: 1Day
======================================================================


======================================================================
STEP 1: FETCHING INCREMENTAL PRICES
======================================================================

============================================================
Updating QQQ
============================================================
Loaded 1467 bars for QQQ from PostgreSQL
Current data: 1467 bars, last: 2026-05-20
Fetching incremental data...
Fetching QQQ incremental data since 2026-05-20
Fetching QQQ data from 2026-05-20 to 2026-05-20
Fetched 1 bars for QQQ (timestamped in America/New_York)
Appending 1 bars to database...
Loaded 1467 bars for QQQ from PostgreSQL
✓ Updated: 1467 total bars, last: 2026-05-20

============================================================
Updating VTI
============================================================
Loaded 1467 bars for VTI from PostgreSQL
Current data: 1467 bars, last: 2026-05-20
Fetching incremental data...
Fetching VTI incremental data since 2026-05-20
Fetching VTI data from 2026-05-20 to 2026-05-20
Fetched 1 bars for VTI (timestamped in America/New_York)
Appending 1 bars to database...
Loaded 1467 bars for VTI from PostgreSQL
✓ Updated: 1467 total bars, last: 2026-05-20

============================================================
Updating VTV
============================================================
Loaded 1467 bars for VTV from PostgreSQL
Current data: 1467 bars, last: 2026-05-20
Fetching incremental data...
Fetching VTV incremental data since 2026-05-20
Fetching VTV data from 2026-05-20 to 2026-05-20
Fetched 1 bars for VTV (timestamped in America/New_York)
Appending 1 bars to database...
Loaded 1467 bars for VTV from PostgreSQL
✓ Updated: 1467 total bars, last: 2026-05-20

============================================================
Updating BLENDED
============================================================
No existing data for BLENDED
Fetching incremental data...
Database empty for BLENDED, fetching 1Day data from 2019-07-16
Fetching BLENDED data from 2019-07-16 to 2026-05-20
No data returned for BLENDED
No new data to fetch for BLENDED
[Parallel(n_jobs=-1)]: Done   3 out of   3 | elapsed:    3.1s finished
✓ Saved optimization candidate for QQQ (base_case=0)
✓ Saved best candidate for QQQ (cleaned up old candidates)
✓ Saved 44 backtest trades for QQQ to PostgreSQL
✓ Saved 45 equity snapshots for QQQ
✓ Logged optimization run for QQQ: Sharpe=0.8995510254512544
✓ Saved optimization candidate for VTI (base_case=0)
✓ Saved best candidate for VTI (cleaned up old candidates)
✓ Saved 36 backtest trades for VTI to PostgreSQL
✓ Saved 37 equity snapshots for VTI
✓ Logged optimization run for VTI: Sharpe=0.954151455782778
✓ Saved optimization candidate for VTV (base_case=0)
✓ Saved best candidate for VTV (cleaned up old candidates)
✓ Saved 38 backtest trades for VTV to PostgreSQL
✓ Saved 39 equity snapshots for VTV
✓ Logged optimization run for VTV: Sharpe=1.1029752754705353

======================================================================
STEP 3: PORTFOLIO COORDINATE ASCENT
======================================================================
Loaded 1467 bars for QQQ from PostgreSQL
Loaded 1467 bars for VTI from PostgreSQL
Loaded 1467 bars for VTV from PostgreSQL
  Converged after 1 iterations
  Portfolio return: 183.36%
  Sharpe: 1.14
  Max DD: 24.25%
  Trades: 112
  QQQ: CHAND(14, 2.5)
  VTI: CHAND(18, 2.5)
  VTV: CHAND(22, 2.5)
✓ Saved 112 backtest trades for BLENDED to PostgreSQL
✓ Saved 1441 equity snapshots for BLENDED
  ✓ Saved BLENDED portfolio results

======================================================================
NIGHTLY OPTIMIZATION COMPLETE
======================================================================
Total tickers: 3/3
Total runtime: 13.0s

QQQ:
  Params: CHAND(period=14, mult=3.0)
  Sharpe: 0.90 | Return: 64.16%
VTI:
  Params: CHAND(period=14, mult=3.5)
  Sharpe: 0.95 | Return: 44.58%
VTV:
  Params: CHAND(period=14, mult=3.5)
  Sharpe: 1.10 | Return: 14.36%

======================================================================
DATABASE SUMMARY
======================================================================

QQQ:
  Sharpe: 1.14, Return: 183.36%, Win Rate: 50.9%
VTI:
  Sharpe: 1.14, Return: 183.36%, Win Rate: 50.9%
VTV:
  Sharpe: 1.14, Return: 183.36%, Win Rate: 50.9%
BLENDED (PORTFOLIO):
  Sharpe: 1.14, Return: 183.36%, Win Rate: 50.9%

[VTI] Starting optimization...

======================================================================
Optimizing VTI [1Day]...
======================================================================
Loaded 1467 bars for VTI from PostgreSQL
Testing 9 parameter combinations...

Testing 9 parameter combinations...
This may take a few minutes...


[OK] Optimization complete! Top 5 results:

Rank   Sharpe     Win%     Return     Trades   Parameters                                        
----------------------------------------------------------------------------------------------------
1      0.95       55.6     44.58     % 36       CHAND(period=14, mult=3.5)                        
2      0.92       52.9     41.91     % 51       CHAND(period=18, mult=3.0)                        
3      0.91       50.0     41.12     % 52       CHAND(period=22, mult=3.0)                        
4      0.90       58.0     40.37     % 50       CHAND(period=14, mult=3.0)                        
5      0.87       50.0     38.66     % 68       CHAND(period=18, mult=2.5)                        

Results for VTI:
  Best Sharpe: 0.95
  Win Rate: 55.6%
  Total Return: 44.58%
  Trades: 36
  Runtime: 1.7s

[VTV] Starting optimization...

======================================================================
Optimizing VTV [1Day]...
======================================================================
Loaded 1467 bars for VTV from PostgreSQL
Testing 9 parameter combinations...

Testing 9 parameter combinations...
This may take a few minutes...


[OK] Optimization complete! Top 5 results:

Rank   Sharpe     Win%     Return     Trades   Parameters                                        
----------------------------------------------------------------------------------------------------
1      1.10       65.8     14.36     % 38       CHAND(period=14, mult=3.5)                        
2      1.03       50.0     13.14     % 62       CHAND(period=18, mult=2.5)                        
3      1.03       53.2     13.29     % 47       CHAND(period=22, mult=3.0)                        
4      1.03       46.8     12.99     % 62       CHAND(period=22, mult=2.5)                        
5      0.99       50.0     12.49     % 62       CHAND(period=14, mult=2.5)                        

Results for VTV:
  Best Sharpe: 1.10
  Win Rate: 65.8%
  Total Return: 14.36%
  Trades: 38
  Runtime: 1.9s

[QQQ] Starting optimization...

======================================================================
Optimizing QQQ [1Day]...
======================================================================
Loaded 1467 bars for QQQ from PostgreSQL
Testing 9 parameter combinations...

Testing 9 parameter combinations...
This may take a few minutes...


[OK] Optimization complete! Top 5 results:

Rank   Sharpe     Win%     Return     Trades   Parameters                                        
----------------------------------------------------------------------------------------------------
1      0.90       50.0     64.16     % 44       CHAND(period=14, mult=3.0)                        
2      0.89       51.1     63.77     % 47       CHAND(period=18, mult=3.0)                        
3      0.88       43.8     62.65     % 64       CHAND(period=14, mult=2.5)                        
4      0.87       50.0     62.31     % 34       CHAND(period=14, mult=3.5)                        
5      0.85       47.8     59.87     % 46       CHAND(period=22, mult=3.0)                        

Results for QQQ:
  Best Sharpe: 0.90
  Win Rate: 50.0%
  Total Return: 64.16%
  Trades: 44
  Runtime: 2.0s
[2026-05-20 19:08:41] Optimizer finished (exit: 0)
[2026-05-21 09:13:14] Nightly optimizer starting...
[2026-05-21 09:13:14] Waiting for PostgreSQL...
[2026-05-21 09:13:14] PostgreSQL ready.
Traceback (most recent call last):
  File "/home/dikesh/data/dev/SwingTraderAndOptimizer/optimizer/venv/lib/python3.14/site-packages/urllib3/connection.py", line 204, in _new_conn
    sock = connection.create_connection(
        (self._dns_host, self.port),
    ...<2 lines>...
        socket_options=self.socket_options,
    )
  File "/home/dikesh/data/dev/SwingTraderAndOptimizer/optimizer/venv/lib/python3.14/site-packages/urllib3/util/connection.py", line 60, in create_connection
    for res in socket.getaddrinfo(host, port, family, socket.SOCK_STREAM):
               ~~~~~~~~~~~~~~~~~~^^^^^^^^^^^^^^^^^^^^^^^^^^^^^^^^^^^^^^^^
  File "/usr/lib/python3.14/socket.py", line 983, in getaddrinfo
    for res in _socket.getaddrinfo(host, port, family, type, proto, flags):
               ~~~~~~~~~~~~~~~~~~~^^^^^^^^^^^^^^^^^^^^^^^^^^^^^^^^^^^^^^^^
socket.gaierror: [Errno -3] Temporary failure in name resolution

The above exception was the direct cause of the following exception:

Traceback (most recent call last):
  File "/home/dikesh/data/dev/SwingTraderAndOptimizer/optimizer/venv/lib/python3.14/site-packages/urllib3/connectionpool.py", line 788, in urlopen
    response = self._make_request(
        conn,
    ...<10 lines>...
        **response_kw,
    )
  File "/home/dikesh/data/dev/SwingTraderAndOptimizer/optimizer/venv/lib/python3.14/site-packages/urllib3/connectionpool.py", line 488, in _make_request
    raise new_e
  File "/home/dikesh/data/dev/SwingTraderAndOptimizer/optimizer/venv/lib/python3.14/site-packages/urllib3/connectionpool.py", line 464, in _make_request
    self._validate_conn(conn)
    ~~~~~~~~~~~~~~~~~~~^^^^^^
  File "/home/dikesh/data/dev/SwingTraderAndOptimizer/optimizer/venv/lib/python3.14/site-packages/urllib3/connectionpool.py", line 1106, in _validate_conn
    conn.connect()
    ~~~~~~~~~~~~^^
  File "/home/dikesh/data/dev/SwingTraderAndOptimizer/optimizer/venv/lib/python3.14/site-packages/urllib3/connection.py", line 759, in connect
    self.sock = sock = self._new_conn()
                       ~~~~~~~~~~~~~~^^
  File "/home/dikesh/data/dev/SwingTraderAndOptimizer/optimizer/venv/lib/python3.14/site-packages/urllib3/connection.py", line 211, in _new_conn
    raise NameResolutionError(self.host, self, e) from e
urllib3.exceptions.NameResolutionError: HTTPSConnection(host='data.alpaca.markets', port=443): Failed to resolve 'data.alpaca.markets' ([Errno -3] Temporary failure in name resolution)

The above exception was the direct cause of the following exception:

Traceback (most recent call last):
  File "/home/dikesh/data/dev/SwingTraderAndOptimizer/optimizer/venv/lib/python3.14/site-packages/requests/adapters.py", line 696, in send
    resp = conn.urlopen(
        method=request.method,
    ...<9 lines>...
        chunked=chunked,
    )
  File "/home/dikesh/data/dev/SwingTraderAndOptimizer/optimizer/venv/lib/python3.14/site-packages/urllib3/connectionpool.py", line 842, in urlopen
    retries = retries.increment(
        method, url, error=new_e, _pool=self, _stacktrace=sys.exc_info()[2]
    )
  File "/home/dikesh/data/dev/SwingTraderAndOptimizer/optimizer/venv/lib/python3.14/site-packages/urllib3/util/retry.py", line 543, in increment
    raise MaxRetryError(_pool, url, reason) from reason  # type: ignore[arg-type]
    ^^^^^^^^^^^^^^^^^^^^^^^^^^^^^^^^^^^^^^^^^^^^^^^^^^^
urllib3.exceptions.MaxRetryError: HTTPSConnectionPool(host='data.alpaca.markets', port=443): Max retries exceeded with url: /v2/stocks/bars?start=2026-05-20T04%3A00%3A00%2B00%3A00&end=2026-05-21T13%3A13%3A16.821851%2B00%3A00&limit=10000&timeframe=1Day&feed=iex&symbols=QQQ (Caused by NameResolutionError("HTTPSConnection(host='data.alpaca.markets', port=443): Failed to resolve 'data.alpaca.markets' ([Errno -3] Temporary failure in name resolution)"))

During handling of the above exception, another exception occurred:

Traceback (most recent call last):
  File "/home/dikesh/data/dev/SwingTraderAndOptimizer/optimizer/data_fetcher.py", line 160, in fetch_historical_data
    bars_dict = client.get_stock_bars(request_params)
  File "/home/dikesh/data/dev/SwingTraderAndOptimizer/optimizer/venv/lib/python3.14/site-packages/alpaca/data/historical/stock.py", line 87, in get_stock_bars
    raw_bars = self._get_marketdata(
        path="/stocks/bars",
        params=request_params.to_request_fields(),
        page_size=10_000,
    )
  File "/home/dikesh/data/dev/SwingTraderAndOptimizer/optimizer/venv/lib/python3.14/site-packages/alpaca/common/rest.py", line 393, in _get_marketdata
    response = self.get(path=path, data=params)
  File "/home/dikesh/data/dev/SwingTraderAndOptimizer/optimizer/venv/lib/python3.14/site-packages/alpaca/common/rest.py", line 225, in get
    return self._request("GET", path, data, **kwargs)
           ~~~~~~~~~~~~~^^^^^^^^^^^^^^^^^^^^^^^^^^^^^
  File "/home/dikesh/data/dev/SwingTraderAndOptimizer/optimizer/venv/lib/python3.14/site-packages/alpaca/common/rest.py", line 131, in _request
    return self._one_request(method, url, opts, retry)
           ~~~~~~~~~~~~~~~~~^^^^^^^^^^^^^^^^^^^^^^^^^^
  File "/home/dikesh/data/dev/SwingTraderAndOptimizer/optimizer/venv/lib/python3.14/site-packages/alpaca/common/rest.py", line 195, in _one_request
    response = self._session.request(method, url, **opts)
  File "/home/dikesh/data/dev/SwingTraderAndOptimizer/optimizer/venv/lib/python3.14/site-packages/requests/sessions.py", line 651, in request
    resp = self.send(prep, **send_kwargs)
  File "/home/dikesh/data/dev/SwingTraderAndOptimizer/optimizer/venv/lib/python3.14/site-packages/requests/sessions.py", line 784, in send
    r = adapter.send(request, **kwargs)
  File "/home/dikesh/data/dev/SwingTraderAndOptimizer/optimizer/venv/lib/python3.14/site-packages/requests/adapters.py", line 729, in send
    raise ConnectionError(e, request=request)
requests.exceptions.ConnectionError: HTTPSConnectionPool(host='data.alpaca.markets', port=443): Max retries exceeded with url: /v2/stocks/bars?start=2026-05-20T04%3A00%3A00%2B00%3A00&end=2026-05-21T13%3A13%3A16.821851%2B00%3A00&limit=10000&timeframe=1Day&feed=iex&symbols=QQQ (Caused by NameResolutionError("HTTPSConnection(host='data.alpaca.markets', port=443): Failed to resolve 'data.alpaca.markets' ([Errno -3] Temporary failure in name resolution)"))
Traceback (most recent call last):
  File "/home/dikesh/data/dev/SwingTraderAndOptimizer/optimizer/venv/lib/python3.14/site-packages/urllib3/connection.py", line 204, in _new_conn
    sock = connection.create_connection(
        (self._dns_host, self.port),
    ...<2 lines>...
        socket_options=self.socket_options,
    )
  File "/home/dikesh/data/dev/SwingTraderAndOptimizer/optimizer/venv/lib/python3.14/site-packages/urllib3/util/connection.py", line 60, in create_connection
    for res in socket.getaddrinfo(host, port, family, socket.SOCK_STREAM):
               ~~~~~~~~~~~~~~~~~~^^^^^^^^^^^^^^^^^^^^^^^^^^^^^^^^^^^^^^^^
  File "/usr/lib/python3.14/socket.py", line 983, in getaddrinfo
    for res in _socket.getaddrinfo(host, port, family, type, proto, flags):
               ~~~~~~~~~~~~~~~~~~~^^^^^^^^^^^^^^^^^^^^^^^^^^^^^^^^^^^^^^^^
socket.gaierror: [Errno -3] Temporary failure in name resolution

The above exception was the direct cause of the following exception:

Traceback (most recent call last):
  File "/home/dikesh/data/dev/SwingTraderAndOptimizer/optimizer/venv/lib/python3.14/site-packages/urllib3/connectionpool.py", line 788, in urlopen
    response = self._make_request(
        conn,
    ...<10 lines>...
        **response_kw,
    )
  File "/home/dikesh/data/dev/SwingTraderAndOptimizer/optimizer/venv/lib/python3.14/site-packages/urllib3/connectionpool.py", line 488, in _make_request
    raise new_e
  File "/home/dikesh/data/dev/SwingTraderAndOptimizer/optimizer/venv/lib/python3.14/site-packages/urllib3/connectionpool.py", line 464, in _make_request
    self._validate_conn(conn)
    ~~~~~~~~~~~~~~~~~~~^^^^^^
  File "/home/dikesh/data/dev/SwingTraderAndOptimizer/optimizer/venv/lib/python3.14/site-packages/urllib3/connectionpool.py", line 1106, in _validate_conn
    conn.connect()
    ~~~~~~~~~~~~^^
  File "/home/dikesh/data/dev/SwingTraderAndOptimizer/optimizer/venv/lib/python3.14/site-packages/urllib3/connection.py", line 759, in connect
    self.sock = sock = self._new_conn()
                       ~~~~~~~~~~~~~~^^
  File "/home/dikesh/data/dev/SwingTraderAndOptimizer/optimizer/venv/lib/python3.14/site-packages/urllib3/connection.py", line 211, in _new_conn
    raise NameResolutionError(self.host, self, e) from e
urllib3.exceptions.NameResolutionError: HTTPSConnection(host='data.alpaca.markets', port=443): Failed to resolve 'data.alpaca.markets' ([Errno -3] Temporary failure in name resolution)

The above exception was the direct cause of the following exception:

Traceback (most recent call last):
  File "/home/dikesh/data/dev/SwingTraderAndOptimizer/optimizer/venv/lib/python3.14/site-packages/requests/adapters.py", line 696, in send
    resp = conn.urlopen(
        method=request.method,
    ...<9 lines>...
        chunked=chunked,
    )
  File "/home/dikesh/data/dev/SwingTraderAndOptimizer/optimizer/venv/lib/python3.14/site-packages/urllib3/connectionpool.py", line 842, in urlopen
    retries = retries.increment(
        method, url, error=new_e, _pool=self, _stacktrace=sys.exc_info()[2]
    )
  File "/home/dikesh/data/dev/SwingTraderAndOptimizer/optimizer/venv/lib/python3.14/site-packages/urllib3/util/retry.py", line 543, in increment
    raise MaxRetryError(_pool, url, reason) from reason  # type: ignore[arg-type]
    ^^^^^^^^^^^^^^^^^^^^^^^^^^^^^^^^^^^^^^^^^^^^^^^^^^^
urllib3.exceptions.MaxRetryError: HTTPSConnectionPool(host='data.alpaca.markets', port=443): Max retries exceeded with url: /v2/stocks/bars?start=2026-05-20T04%3A00%3A00%2B00%3A00&end=2026-05-21T13%3A13%3A16.896492%2B00%3A00&limit=10000&timeframe=1Day&feed=iex&symbols=VTI (Caused by NameResolutionError("HTTPSConnection(host='data.alpaca.markets', port=443): Failed to resolve 'data.alpaca.markets' ([Errno -3] Temporary failure in name resolution)"))

During handling of the above exception, another exception occurred:

Traceback (most recent call last):
  File "/home/dikesh/data/dev/SwingTraderAndOptimizer/optimizer/data_fetcher.py", line 160, in fetch_historical_data
    bars_dict = client.get_stock_bars(request_params)
  File "/home/dikesh/data/dev/SwingTraderAndOptimizer/optimizer/venv/lib/python3.14/site-packages/alpaca/data/historical/stock.py", line 87, in get_stock_bars
    raw_bars = self._get_marketdata(
        path="/stocks/bars",
        params=request_params.to_request_fields(),
        page_size=10_000,
    )
  File "/home/dikesh/data/dev/SwingTraderAndOptimizer/optimizer/venv/lib/python3.14/site-packages/alpaca/common/rest.py", line 393, in _get_marketdata
    response = self.get(path=path, data=params)
  File "/home/dikesh/data/dev/SwingTraderAndOptimizer/optimizer/venv/lib/python3.14/site-packages/alpaca/common/rest.py", line 225, in get
    return self._request("GET", path, data, **kwargs)
           ~~~~~~~~~~~~~^^^^^^^^^^^^^^^^^^^^^^^^^^^^^
  File "/home/dikesh/data/dev/SwingTraderAndOptimizer/optimizer/venv/lib/python3.14/site-packages/alpaca/common/rest.py", line 131, in _request
    return self._one_request(method, url, opts, retry)
           ~~~~~~~~~~~~~~~~~^^^^^^^^^^^^^^^^^^^^^^^^^^
  File "/home/dikesh/data/dev/SwingTraderAndOptimizer/optimizer/venv/lib/python3.14/site-packages/alpaca/common/rest.py", line 195, in _one_request
    response = self._session.request(method, url, **opts)
  File "/home/dikesh/data/dev/SwingTraderAndOptimizer/optimizer/venv/lib/python3.14/site-packages/requests/sessions.py", line 651, in request
    resp = self.send(prep, **send_kwargs)
  File "/home/dikesh/data/dev/SwingTraderAndOptimizer/optimizer/venv/lib/python3.14/site-packages/requests/sessions.py", line 784, in send
    r = adapter.send(request, **kwargs)
  File "/home/dikesh/data/dev/SwingTraderAndOptimizer/optimizer/venv/lib/python3.14/site-packages/requests/adapters.py", line 729, in send
    raise ConnectionError(e, request=request)
requests.exceptions.ConnectionError: HTTPSConnectionPool(host='data.alpaca.markets', port=443): Max retries exceeded with url: /v2/stocks/bars?start=2026-05-20T04%3A00%3A00%2B00%3A00&end=2026-05-21T13%3A13%3A16.896492%2B00%3A00&limit=10000&timeframe=1Day&feed=iex&symbols=VTI (Caused by NameResolutionError("HTTPSConnection(host='data.alpaca.markets', port=443): Failed to resolve 'data.alpaca.markets' ([Errno -3] Temporary failure in name resolution)"))
Traceback (most recent call last):
  File "/home/dikesh/data/dev/SwingTraderAndOptimizer/optimizer/venv/lib/python3.14/site-packages/urllib3/connection.py", line 204, in _new_conn
    sock = connection.create_connection(
        (self._dns_host, self.port),
    ...<2 lines>...
        socket_options=self.socket_options,
    )
  File "/home/dikesh/data/dev/SwingTraderAndOptimizer/optimizer/venv/lib/python3.14/site-packages/urllib3/util/connection.py", line 60, in create_connection
    for res in socket.getaddrinfo(host, port, family, socket.SOCK_STREAM):
               ~~~~~~~~~~~~~~~~~~^^^^^^^^^^^^^^^^^^^^^^^^^^^^^^^^^^^^^^^^
  File "/usr/lib/python3.14/socket.py", line 983, in getaddrinfo
    for res in _socket.getaddrinfo(host, port, family, type, proto, flags):
               ~~~~~~~~~~~~~~~~~~~^^^^^^^^^^^^^^^^^^^^^^^^^^^^^^^^^^^^^^^^
socket.gaierror: [Errno -3] Temporary failure in name resolution

The above exception was the direct cause of the following exception:

Traceback (most recent call last):
  File "/home/dikesh/data/dev/SwingTraderAndOptimizer/optimizer/venv/lib/python3.14/site-packages/urllib3/connectionpool.py", line 788, in urlopen
    response = self._make_request(
        conn,
    ...<10 lines>...
        **response_kw,
    )
  File "/home/dikesh/data/dev/SwingTraderAndOptimizer/optimizer/venv/lib/python3.14/site-packages/urllib3/connectionpool.py", line 488, in _make_request
    raise new_e
  File "/home/dikesh/data/dev/SwingTraderAndOptimizer/optimizer/venv/lib/python3.14/site-packages/urllib3/connectionpool.py", line 464, in _make_request
    self._validate_conn(conn)
    ~~~~~~~~~~~~~~~~~~~^^^^^^
  File "/home/dikesh/data/dev/SwingTraderAndOptimizer/optimizer/venv/lib/python3.14/site-packages/urllib3/connectionpool.py", line 1106, in _validate_conn
    conn.connect()
    ~~~~~~~~~~~~^^
  File "/home/dikesh/data/dev/SwingTraderAndOptimizer/optimizer/venv/lib/python3.14/site-packages/urllib3/connection.py", line 759, in connect
    self.sock = sock = self._new_conn()
                       ~~~~~~~~~~~~~~^^
  File "/home/dikesh/data/dev/SwingTraderAndOptimizer/optimizer/venv/lib/python3.14/site-packages/urllib3/connection.py", line 211, in _new_conn
    raise NameResolutionError(self.host, self, e) from e
urllib3.exceptions.NameResolutionError: HTTPSConnection(host='data.alpaca.markets', port=443): Failed to resolve 'data.alpaca.markets' ([Errno -3] Temporary failure in name resolution)

The above exception was the direct cause of the following exception:

Traceback (most recent call last):
  File "/home/dikesh/data/dev/SwingTraderAndOptimizer/optimizer/venv/lib/python3.14/site-packages/requests/adapters.py", line 696, in send
    resp = conn.urlopen(
        method=request.method,
    ...<9 lines>...
        chunked=chunked,
    )
  File "/home/dikesh/data/dev/SwingTraderAndOptimizer/optimizer/venv/lib/python3.14/site-packages/urllib3/connectionpool.py", line 842, in urlopen
    retries = retries.increment(
        method, url, error=new_e, _pool=self, _stacktrace=sys.exc_info()[2]
    )
  File "/home/dikesh/data/dev/SwingTraderAndOptimizer/optimizer/venv/lib/python3.14/site-packages/urllib3/util/retry.py", line 543, in increment
    raise MaxRetryError(_pool, url, reason) from reason  # type: ignore[arg-type]
    ^^^^^^^^^^^^^^^^^^^^^^^^^^^^^^^^^^^^^^^^^^^^^^^^^^^
urllib3.exceptions.MaxRetryError: HTTPSConnectionPool(host='data.alpaca.markets', port=443): Max retries exceeded with url: /v2/stocks/bars?start=2026-05-20T04%3A00%3A00%2B00%3A00&end=2026-05-21T13%3A13%3A16.945800%2B00%3A00&limit=10000&timeframe=1Day&feed=iex&symbols=VTV (Caused by NameResolutionError("HTTPSConnection(host='data.alpaca.markets', port=443): Failed to resolve 'data.alpaca.markets' ([Errno -3] Temporary failure in name resolution)"))

During handling of the above exception, another exception occurred:

Traceback (most recent call last):
  File "/home/dikesh/data/dev/SwingTraderAndOptimizer/optimizer/data_fetcher.py", line 160, in fetch_historical_data
    bars_dict = client.get_stock_bars(request_params)
  File "/home/dikesh/data/dev/SwingTraderAndOptimizer/optimizer/venv/lib/python3.14/site-packages/alpaca/data/historical/stock.py", line 87, in get_stock_bars
    raw_bars = self._get_marketdata(
        path="/stocks/bars",
        params=request_params.to_request_fields(),
        page_size=10_000,
    )
  File "/home/dikesh/data/dev/SwingTraderAndOptimizer/optimizer/venv/lib/python3.14/site-packages/alpaca/common/rest.py", line 393, in _get_marketdata
    response = self.get(path=path, data=params)
  File "/home/dikesh/data/dev/SwingTraderAndOptimizer/optimizer/venv/lib/python3.14/site-packages/alpaca/common/rest.py", line 225, in get
    return self._request("GET", path, data, **kwargs)
           ~~~~~~~~~~~~~^^^^^^^^^^^^^^^^^^^^^^^^^^^^^
  File "/home/dikesh/data/dev/SwingTraderAndOptimizer/optimizer/venv/lib/python3.14/site-packages/alpaca/common/rest.py", line 131, in _request
    return self._one_request(method, url, opts, retry)
           ~~~~~~~~~~~~~~~~~^^^^^^^^^^^^^^^^^^^^^^^^^^
  File "/home/dikesh/data/dev/SwingTraderAndOptimizer/optimizer/venv/lib/python3.14/site-packages/alpaca/common/rest.py", line 195, in _one_request
    response = self._session.request(method, url, **opts)
  File "/home/dikesh/data/dev/SwingTraderAndOptimizer/optimizer/venv/lib/python3.14/site-packages/requests/sessions.py", line 651, in request
    resp = self.send(prep, **send_kwargs)
  File "/home/dikesh/data/dev/SwingTraderAndOptimizer/optimizer/venv/lib/python3.14/site-packages/requests/sessions.py", line 784, in send
    r = adapter.send(request, **kwargs)
  File "/home/dikesh/data/dev/SwingTraderAndOptimizer/optimizer/venv/lib/python3.14/site-packages/requests/adapters.py", line 729, in send
    raise ConnectionError(e, request=request)
requests.exceptions.ConnectionError: HTTPSConnectionPool(host='data.alpaca.markets', port=443): Max retries exceeded with url: /v2/stocks/bars?start=2026-05-20T04%3A00%3A00%2B00%3A00&end=2026-05-21T13%3A13%3A16.945800%2B00%3A00&limit=10000&timeframe=1Day&feed=iex&symbols=VTV (Caused by NameResolutionError("HTTPSConnection(host='data.alpaca.markets', port=443): Failed to resolve 'data.alpaca.markets' ([Errno -3] Temporary failure in name resolution)"))
[Parallel(n_jobs=-1)]: Using backend LokyBackend with 8 concurrent workers.

======================================================================
NIGHTLY OPTIMIZER RUN
Timestamp: 2026-05-21T09:13:16.753140-04:00
Tickers: QQQ, VTI, VTV
Timeframe: 1Day
======================================================================


======================================================================
STEP 1: FETCHING INCREMENTAL PRICES
======================================================================

============================================================
Updating QQQ
============================================================
Loaded 1467 bars for QQQ from PostgreSQL
Current data: 1467 bars, last: 2026-05-20
Fetching incremental data...
Fetching QQQ incremental data since 2026-05-20
Fetching QQQ data from 2026-05-20 to 2026-05-21
Error fetching data for QQQ: HTTPSConnectionPool(host='data.alpaca.markets', port=443): Max retries exceeded with url: /v2/stocks/bars?start=2026-05-20T04%3A00%3A00%2B00%3A00&end=2026-05-21T13%3A13%3A16.821851%2B00%3A00&limit=10000&timeframe=1Day&feed=iex&symbols=QQQ (Caused by NameResolutionError("HTTPSConnection(host='data.alpaca.markets', port=443): Failed to resolve 'data.alpaca.markets' ([Errno -3] Temporary failure in name resolution)"))
No new data to fetch for QQQ

============================================================
Updating VTI
============================================================
Loaded 1467 bars for VTI from PostgreSQL
Current data: 1467 bars, last: 2026-05-20
Fetching incremental data...
Fetching VTI incremental data since 2026-05-20
Fetching VTI data from 2026-05-20 to 2026-05-21
Error fetching data for VTI: HTTPSConnectionPool(host='data.alpaca.markets', port=443): Max retries exceeded with url: /v2/stocks/bars?start=2026-05-20T04%3A00%3A00%2B00%3A00&end=2026-05-21T13%3A13%3A16.896492%2B00%3A00&limit=10000&timeframe=1Day&feed=iex&symbols=VTI (Caused by NameResolutionError("HTTPSConnection(host='data.alpaca.markets', port=443): Failed to resolve 'data.alpaca.markets' ([Errno -3] Temporary failure in name resolution)"))
No new data to fetch for VTI

============================================================
Updating VTV
============================================================
Loaded 1467 bars for VTV from PostgreSQL
Current data: 1467 bars, last: 2026-05-20
Fetching incremental data...
Fetching VTV incremental data since 2026-05-20
Fetching VTV data from 2026-05-20 to 2026-05-21
Error fetching data for VTV: HTTPSConnectionPool(host='data.alpaca.markets', port=443): Max retries exceeded with url: /v2/stocks/bars?start=2026-05-20T04%3A00%3A00%2B00%3A00&end=2026-05-21T13%3A13%3A16.945800%2B00%3A00&limit=10000&timeframe=1Day&feed=iex&symbols=VTV (Caused by NameResolutionError("HTTPSConnection(host='data.alpaca.markets', port=443): Failed to resolve 'data.alpaca.markets' ([Errno -3] Temporary failure in name resolution)"))
No new data to fetch for VTV
[Parallel(n_jobs=-1)]: Done   3 out of   3 | elapsed:    1.9s finished
✓ Saved optimization candidate for QQQ (base_case=0)
✓ Saved best candidate for QQQ (cleaned up old candidates)
✓ Saved 44 backtest trades for QQQ to PostgreSQL
✓ Saved 45 equity snapshots for QQQ
✓ Logged optimization run for QQQ: Sharpe=0.8995510254512544
✓ Saved optimization candidate for VTI (base_case=0)
✓ Saved best candidate for VTI (cleaned up old candidates)
✓ Saved 36 backtest trades for VTI to PostgreSQL
✓ Saved 37 equity snapshots for VTI
✓ Logged optimization run for VTI: Sharpe=0.954151455782778
✓ Saved optimization candidate for VTV (base_case=0)
✓ Saved best candidate for VTV (cleaned up old candidates)
✓ Saved 38 backtest trades for VTV to PostgreSQL
✓ Saved 39 equity snapshots for VTV
✓ Logged optimization run for VTV: Sharpe=1.1029752754705353

======================================================================
STEP 3: PORTFOLIO COORDINATE ASCENT
======================================================================
Loaded 1467 bars for QQQ from PostgreSQL
Loaded 1467 bars for VTI from PostgreSQL
Loaded 1467 bars for VTV from PostgreSQL
  Converged after 1 iterations
  Portfolio return: 183.36%
  Sharpe: 1.14
  Max DD: 24.25%
  Trades: 112
  QQQ: CHAND(14, 2.5)
  VTI: CHAND(18, 2.5)
  VTV: CHAND(22, 2.5)
✓ Saved 112 backtest trades for BLENDED to PostgreSQL
✓ Saved 1441 equity snapshots for BLENDED
  ✓ Saved BLENDED portfolio results

======================================================================
NIGHTLY OPTIMIZATION COMPLETE
======================================================================
Total tickers: 3/3
Total runtime: 8.0s

QQQ:
  Params: CHAND(period=14, mult=3.0)
  Sharpe: 0.90 | Return: 64.16%
VTI:
  Params: CHAND(period=14, mult=3.5)
  Sharpe: 0.95 | Return: 44.58%
VTV:
  Params: CHAND(period=14, mult=3.5)
  Sharpe: 1.10 | Return: 14.36%

======================================================================
DATABASE SUMMARY
======================================================================

QQQ:
  Sharpe: 1.14, Return: 183.36%, Win Rate: 50.9%
VTI:
  Sharpe: 1.14, Return: 183.36%, Win Rate: 50.9%
VTV:
  Sharpe: 1.14, Return: 183.36%, Win Rate: 50.9%
BLENDED (PORTFOLIO):
  Sharpe: 1.14, Return: 183.36%, Win Rate: 50.9%

[QQQ] Starting optimization...

======================================================================
Optimizing QQQ [1Day]...
======================================================================
Loaded 1467 bars for QQQ from PostgreSQL
Testing 9 parameter combinations...

Testing 9 parameter combinations...
This may take a few minutes...


[OK] Optimization complete! Top 5 results:

Rank   Sharpe     Win%     Return     Trades   Parameters                                        
----------------------------------------------------------------------------------------------------
1      0.90       50.0     64.16     % 44       CHAND(period=14, mult=3.0)                        
2      0.89       51.1     63.77     % 47       CHAND(period=18, mult=3.0)                        
3      0.88       43.8     62.65     % 64       CHAND(period=14, mult=2.5)                        
4      0.87       50.0     62.31     % 34       CHAND(period=14, mult=3.5)                        
5      0.85       47.8     59.87     % 46       CHAND(period=22, mult=3.0)                        

Results for QQQ:
  Best Sharpe: 0.90
  Win Rate: 50.0%
  Total Return: 64.16%
  Trades: 44
  Runtime: 1.1s

[VTV] Starting optimization...

======================================================================
Optimizing VTV [1Day]...
======================================================================
Loaded 1467 bars for VTV from PostgreSQL
Testing 9 parameter combinations...

Testing 9 parameter combinations...
This may take a few minutes...


[OK] Optimization complete! Top 5 results:

Rank   Sharpe     Win%     Return     Trades   Parameters                                        
----------------------------------------------------------------------------------------------------
1      1.10       65.8     14.36     % 38       CHAND(period=14, mult=3.5)                        
2      1.03       50.0     13.14     % 62       CHAND(period=18, mult=2.5)                        
3      1.03       53.2     13.29     % 47       CHAND(period=22, mult=3.0)                        
4      1.03       46.8     12.99     % 62       CHAND(period=22, mult=2.5)                        
5      0.99       50.0     12.49     % 62       CHAND(period=14, mult=2.5)                        

Results for VTV:
  Best Sharpe: 1.10
  Win Rate: 65.8%
  Total Return: 14.36%
  Trades: 38
  Runtime: 1.1s

[VTI] Starting optimization...

======================================================================
Optimizing VTI [1Day]...
======================================================================
Loaded 1467 bars for VTI from PostgreSQL
Testing 9 parameter combinations...

Testing 9 parameter combinations...
This may take a few minutes...


[OK] Optimization complete! Top 5 results:

Rank   Sharpe     Win%     Return     Trades   Parameters                                        
----------------------------------------------------------------------------------------------------
1      0.95       55.6     44.58     % 36       CHAND(period=14, mult=3.5)                        
2      0.92       52.9     41.91     % 51       CHAND(period=18, mult=3.0)                        
3      0.91       50.0     41.12     % 52       CHAND(period=22, mult=3.0)                        
4      0.90       58.0     40.37     % 50       CHAND(period=14, mult=3.0)                        
5      0.87       50.0     38.66     % 68       CHAND(period=18, mult=2.5)                        

Results for VTI:
  Best Sharpe: 0.95
  Win Rate: 55.6%
  Total Return: 44.58%
  Trades: 36
  Runtime: 1.2s
[2026-05-21 09:13:25] Optimizer finished (exit: 0)
Starting nightly optimization...
[Parallel(n_jobs=-1)]: Using backend LokyBackend with 8 concurrent workers.

======================================================================
NIGHTLY OPTIMIZER RUN
Timestamp: 2026-05-21T09:49:54.349244-04:00
Tickers: QQQ, VTI, VTV
Timeframe: 1Hour
======================================================================


======================================================================
STEP 1: FETCHING INCREMENTAL PRICES
======================================================================

============================================================
Updating QQQ
============================================================
Loaded 1467 bars for QQQ from PostgreSQL
Current data: 1467 bars, last: 2026-05-20
Fetching incremental data...
Fetching QQQ incremental data since 2026-05-20
Fetching QQQ data from 2026-05-20 to 2026-05-21
Fetched 11 bars for QQQ (timestamped in America/New_York)
Appending 11 bars to database...
Filtered to market hours (NY): 11 -> 7 bars (4 removed)
Appended 7 new bars for QQQ to PostgreSQL
Loaded 1474 bars for QQQ from PostgreSQL
✓ Updated: 1474 total bars, last: 2026-05-20

============================================================
Updating VTI
============================================================
Loaded 1467 bars for VTI from PostgreSQL
Current data: 1467 bars, last: 2026-05-20
Fetching incremental data...
Fetching VTI incremental data since 2026-05-20
Fetching VTI data from 2026-05-20 to 2026-05-21
Fetched 8 bars for VTI (timestamped in America/New_York)
Appending 8 bars to database...
Filtered to market hours (NY): 8 -> 6 bars (2 removed)
Appended 6 new bars for VTI to PostgreSQL
Loaded 1473 bars for VTI from PostgreSQL
✓ Updated: 1473 total bars, last: 2026-05-20

============================================================
Updating VTV
============================================================
Loaded 1467 bars for VTV from PostgreSQL
Current data: 1467 bars, last: 2026-05-20
Fetching incremental data...
Fetching VTV incremental data since 2026-05-20
Fetching VTV data from 2026-05-20 to 2026-05-21
Fetched 8 bars for VTV (timestamped in America/New_York)
Appending 8 bars to database...
Filtered to market hours (NY): 8 -> 6 bars (2 removed)
Appended 6 new bars for VTV to PostgreSQL
Loaded 1473 bars for VTV from PostgreSQL
✓ Updated: 1473 total bars, last: 2026-05-20
[Parallel(n_jobs=-1)]: Done   3 out of   3 | elapsed:    4.5s finished
✓ Saved optimization candidate for QQQ (base_case=0)
✓ Saved best candidate for QQQ (cleaned up old candidates)
✓ Saved 44 backtest trades for QQQ to PostgreSQL
✓ Saved 45 equity snapshots for QQQ
✓ Logged optimization run for QQQ: Sharpe=0.8995510254512544
✓ Saved optimization candidate for VTI (base_case=0)
✓ Saved best candidate for VTI (cleaned up old candidates)
✓ Saved 36 backtest trades for VTI to PostgreSQL
✓ Saved 37 equity snapshots for VTI
✓ Logged optimization run for VTI: Sharpe=0.954151455782778
✓ Saved optimization candidate for VTV (base_case=0)
✓ Saved best candidate for VTV (cleaned up old candidates)
✓ Saved 38 backtest trades for VTV to PostgreSQL
✓ Saved 39 equity snapshots for VTV
✓ Logged optimization run for VTV: Sharpe=1.1029752754705353

======================================================================
STEP 3: PORTFOLIO COORDINATE ASCENT
======================================================================
Loaded 1474 bars for QQQ from PostgreSQL
Loaded 1473 bars for VTI from PostgreSQL
Loaded 1473 bars for VTV from PostgreSQL
  Converged after 1 iterations
  Portfolio return: 183.36%
  Sharpe: 1.14
  Max DD: 24.25%
  Trades: 112
  QQQ: CHAND(14, 2.5)
  VTI: CHAND(18, 2.5)
  VTV: CHAND(22, 2.5)
✓ Saved 112 backtest trades for BLENDED to PostgreSQL
✓ Saved 1441 equity snapshots for BLENDED
  ✓ Saved BLENDED portfolio results

======================================================================
NIGHTLY OPTIMIZATION COMPLETE
======================================================================
Total tickers: 3/3
Total runtime: 9.6s

QQQ:
  Params: CHAND(period=14, mult=3.0)
  Sharpe: 0.90 | Return: 64.16%
VTI:
  Params: CHAND(period=14, mult=3.5)
  Sharpe: 0.95 | Return: 44.58%
VTV:
  Params: CHAND(period=14, mult=3.5)
  Sharpe: 1.10 | Return: 14.36%

======================================================================
DATABASE SUMMARY
======================================================================

QQQ:
  Sharpe: 1.14, Return: 183.36%, Win Rate: 50.9%
VTI:
  Sharpe: 1.14, Return: 183.36%, Win Rate: 50.9%
VTV:
  Sharpe: 1.14, Return: 183.36%, Win Rate: 50.9%
BLENDED (PORTFOLIO):
  Sharpe: 1.14, Return: 183.36%, Win Rate: 50.9%

[VTV] Starting optimization...

======================================================================
Optimizing VTV [1Hour]...
======================================================================
Loaded 1473 bars for VTV from PostgreSQL
Testing 27 parameter combinations...

Testing 27 parameter combinations...
This may take a few minutes...

  [VTV] Tested 10/27 combinations...
  [VTV] Tested 20/27 combinations...

[OK] Optimization complete! Top 5 results:

Rank   Sharpe     Win%     Return     Trades   Parameters                                        
----------------------------------------------------------------------------------------------------
1      1.10       65.8     14.36     % 38       CHAND(period=14, mult=3.5)                        
2      1.09       61.9     13.59     % 84       CHAND(period=14, mult=3.5)                        
3      1.07       51.4     13.21     % 109      CHAND(period=22, mult=2.5)                        
4      1.04       59.1     12.49     % 137      CHAND(period=18, mult=2.5)                        
5      1.03       50.0     13.14     % 62       CHAND(period=18, mult=2.5)                        

Results for VTV:
  Best Sharpe: 1.10
  Win Rate: 65.8%
  Total Return: 14.36%
  Trades: 38
  Runtime: 3.5s

[VTI] Starting optimization...

======================================================================
Optimizing VTI [1Hour]...
======================================================================
Loaded 1473 bars for VTI from PostgreSQL
Testing 27 parameter combinations...

Testing 27 parameter combinations...
This may take a few minutes...

  [VTI] Tested 10/27 combinations...
  [VTI] Tested 20/27 combinations...

[OK] Optimization complete! Top 5 results:

Rank   Sharpe     Win%     Return     Trades   Parameters                                        
----------------------------------------------------------------------------------------------------
1      0.95       55.6     44.58     % 36       CHAND(period=14, mult=3.5)                        
2      0.93       52.9     41.23     % 102      CHAND(period=18, mult=3.0)                        
3      0.93       61.8     40.53     % 123      CHAND(period=18, mult=3.0)                        
4      0.92       52.9     41.91     % 51       CHAND(period=18, mult=3.0)                        
5      0.91       63.9     40.81     % 83       CHAND(period=14, mult=3.5)                        

Results for VTI:
  Best Sharpe: 0.95
  Win Rate: 55.6%
  Total Return: 44.58%
  Trades: 36
  Runtime: 3.5s

[QQQ] Starting optimization...

======================================================================
Optimizing QQQ [1Hour]...
======================================================================
Loaded 1474 bars for QQQ from PostgreSQL
Testing 27 parameter combinations...

Testing 27 parameter combinations...
This may take a few minutes...

  [QQQ] Tested 10/27 combinations...
  [QQQ] Tested 20/27 combinations...

[OK] Optimization complete! Top 5 results:

Rank   Sharpe     Win%     Return     Trades   Parameters                                        
----------------------------------------------------------------------------------------------------
1      0.90       50.0     64.16     % 44       CHAND(period=14, mult=3.0)                        
2      0.89       51.1     63.77     % 47       CHAND(period=18, mult=3.0)                        
3      0.88       43.8     62.65     % 64       CHAND(period=14, mult=2.5)                        
4      0.87       50.0     62.31     % 34       CHAND(period=14, mult=3.5)                        
5      0.85       47.8     59.87     % 46       CHAND(period=22, mult=3.0)                        

Results for QQQ:
  Best Sharpe: 0.90
  Win Rate: 50.0%
  Total Return: 64.16%
  Trades: 44
  Runtime: 3.6s
Optimization completed successfully
Starting nightly optimization...
[Parallel(n_jobs=-1)]: Using backend LokyBackend with 8 concurrent workers.

======================================================================
NIGHTLY OPTIMIZER RUN
Timestamp: 2026-05-21T09:51:52.097562-04:00
Tickers: QQQ, VTI, VTV
Timeframe: 1Hour
======================================================================


======================================================================
STEP 1: FETCHING INCREMENTAL PRICES
======================================================================

============================================================
Updating QQQ
============================================================
Loaded 1474 bars for QQQ from PostgreSQL
Current data: 1474 bars, last: 2026-05-20
Fetching incremental data...
Fetching QQQ incremental data since 2026-05-20
Fetching QQQ data from 2026-05-20 to 2026-05-21
Fetched 3 bars for QQQ (timestamped in America/New_York)
Appending 3 bars to database...
Filtered to market hours (NY): 3 -> 1 bars (2 removed)
Loaded 1474 bars for QQQ from PostgreSQL
✓ Updated: 1474 total bars, last: 2026-05-20

============================================================
Updating VTI
============================================================
Loaded 1473 bars for VTI from PostgreSQL
Current data: 1473 bars, last: 2026-05-20
Fetching incremental data...
Fetching VTI incremental data since 2026-05-20
Fetching VTI data from 2026-05-20 to 2026-05-21
Fetched 2 bars for VTI (timestamped in America/New_York)
Appending 2 bars to database...
Filtered to market hours (NY): 2 -> 1 bars (1 removed)
Loaded 1473 bars for VTI from PostgreSQL
✓ Updated: 1473 total bars, last: 2026-05-20

============================================================
Updating VTV
============================================================
Loaded 1473 bars for VTV from PostgreSQL
Current data: 1473 bars, last: 2026-05-20
Fetching incremental data...
Fetching VTV incremental data since 2026-05-20
Fetching VTV data from 2026-05-20 to 2026-05-21
Fetched 2 bars for VTV (timestamped in America/New_York)
Appending 2 bars to database...
Filtered to market hours (NY): 2 -> 1 bars (1 removed)
Loaded 1473 bars for VTV from PostgreSQL
✓ Updated: 1473 total bars, last: 2026-05-20
[Parallel(n_jobs=-1)]: Done   3 out of   3 | elapsed:    4.8s finished
✓ Saved optimization candidate for QQQ (base_case=0)
✓ Saved best candidate for QQQ (cleaned up old candidates)
✓ Saved 44 backtest trades for QQQ to PostgreSQL
✓ Saved 45 equity snapshots for QQQ
✓ Logged optimization run for QQQ: Sharpe=0.8995510254512544
✓ Saved optimization candidate for VTI (base_case=0)
✓ Saved best candidate for VTI (cleaned up old candidates)
✓ Saved 36 backtest trades for VTI to PostgreSQL
✓ Saved 37 equity snapshots for VTI
✓ Logged optimization run for VTI: Sharpe=0.954151455782778
✓ Saved optimization candidate for VTV (base_case=0)
✓ Saved best candidate for VTV (cleaned up old candidates)
✓ Saved 38 backtest trades for VTV to PostgreSQL
✓ Saved 39 equity snapshots for VTV
✓ Logged optimization run for VTV: Sharpe=1.1029752754705353

======================================================================
STEP 3: PORTFOLIO COORDINATE ASCENT
======================================================================
Loaded 1474 bars for QQQ from PostgreSQL
Loaded 1473 bars for VTI from PostgreSQL
Loaded 1473 bars for VTV from PostgreSQL
  Converged after 1 iterations
  Portfolio return: 183.36%
  Sharpe: 1.14
  Max DD: 24.25%
  Trades: 112
  QQQ: CHAND(14, 2.5)
  VTI: CHAND(18, 2.5)
  VTV: CHAND(22, 2.5)
✓ Saved 112 backtest trades for BLENDED to PostgreSQL
✓ Saved 1441 equity snapshots for BLENDED
  ✓ Saved BLENDED portfolio results

======================================================================
NIGHTLY OPTIMIZATION COMPLETE
======================================================================
Total tickers: 3/3
Total runtime: 10.9s

QQQ:
  Params: CHAND(period=14, mult=3.0)
  Sharpe: 0.90 | Return: 64.16%
VTI:
  Params: CHAND(period=14, mult=3.5)
  Sharpe: 0.95 | Return: 44.58%
VTV:
  Params: CHAND(period=14, mult=3.5)
  Sharpe: 1.10 | Return: 14.36%

======================================================================
DATABASE SUMMARY
======================================================================

QQQ:
  Sharpe: 1.14, Return: 183.36%, Win Rate: 50.9%
VTI:
  Sharpe: 1.14, Return: 183.36%, Win Rate: 50.9%
VTV:
  Sharpe: 1.14, Return: 183.36%, Win Rate: 50.9%
BLENDED (PORTFOLIO):
  Sharpe: 1.14, Return: 183.36%, Win Rate: 50.9%

[QQQ] Starting optimization...

======================================================================
Optimizing QQQ [1Hour]...
======================================================================
Loaded 1474 bars for QQQ from PostgreSQL
Testing 27 parameter combinations...

Testing 27 parameter combinations...
This may take a few minutes...

  [QQQ] Tested 10/27 combinations...
  [QQQ] Tested 20/27 combinations...

[OK] Optimization complete! Top 5 results:

Rank   Sharpe     Win%     Return     Trades   Parameters                                        
----------------------------------------------------------------------------------------------------
1      0.90       50.0     64.16     % 44       CHAND(period=14, mult=3.0)                        
2      0.89       51.1     63.77     % 47       CHAND(period=18, mult=3.0)                        
3      0.88       43.8     62.65     % 64       CHAND(period=14, mult=2.5)                        
4      0.87       50.0     62.31     % 34       CHAND(period=14, mult=3.5)                        
5      0.85       47.8     59.87     % 46       CHAND(period=22, mult=3.0)                        

Results for QQQ:
  Best Sharpe: 0.90
  Win Rate: 50.0%
  Total Return: 64.16%
  Trades: 44
  Runtime: 3.7s

[VTV] Starting optimization...

======================================================================
Optimizing VTV [1Hour]...
======================================================================
Loaded 1473 bars for VTV from PostgreSQL
Testing 27 parameter combinations...

Testing 27 parameter combinations...
This may take a few minutes...

  [VTV] Tested 10/27 combinations...
  [VTV] Tested 20/27 combinations...

[OK] Optimization complete! Top 5 results:

Rank   Sharpe     Win%     Return     Trades   Parameters                                        
----------------------------------------------------------------------------------------------------
1      1.10       65.8     14.36     % 38       CHAND(period=14, mult=3.5)                        
2      1.09       61.9     13.59     % 84       CHAND(period=14, mult=3.5)                        
3      1.07       51.4     13.21     % 109      CHAND(period=22, mult=2.5)                        
4      1.04       59.1     12.49     % 137      CHAND(period=18, mult=2.5)                        
5      1.03       50.0     13.14     % 62       CHAND(period=18, mult=2.5)                        

Results for VTV:
  Best Sharpe: 1.10
  Win Rate: 65.8%
  Total Return: 14.36%
  Trades: 38
  Runtime: 3.8s

[VTI] Starting optimization...

======================================================================
Optimizing VTI [1Hour]...
======================================================================
Loaded 1473 bars for VTI from PostgreSQL
Testing 27 parameter combinations...

Testing 27 parameter combinations...
This may take a few minutes...

  [VTI] Tested 10/27 combinations...
  [VTI] Tested 20/27 combinations...

[OK] Optimization complete! Top 5 results:

Rank   Sharpe     Win%     Return     Trades   Parameters                                        
----------------------------------------------------------------------------------------------------
1      0.95       55.6     44.58     % 36       CHAND(period=14, mult=3.5)                        
2      0.93       52.9     41.23     % 102      CHAND(period=18, mult=3.0)                        
3      0.93       61.8     40.53     % 123      CHAND(period=18, mult=3.0)                        
4      0.92       52.9     41.91     % 51       CHAND(period=18, mult=3.0)                        
5      0.91       63.9     40.81     % 83       CHAND(period=14, mult=3.5)                        

Results for VTI:
  Best Sharpe: 0.95
  Win Rate: 55.6%
  Total Return: 44.58%
  Trades: 36
  Runtime: 3.9s
Optimization completed successfully
[2026-05-22 09:55:58] Nightly optimizer starting...
[2026-05-22 09:55:58] Waiting for PostgreSQL...
[2026-05-22 09:55:58] PostgreSQL ready.
[Parallel(n_jobs=-1)]: Using backend LokyBackend with 8 concurrent workers.

======================================================================
NIGHTLY OPTIMIZER RUN
Timestamp: 2026-05-22T09:55:59.829491-04:00
Tickers: QQQ, VTI, VTV
Timeframe: 1Day
======================================================================


======================================================================
STEP 1: FETCHING INCREMENTAL PRICES
======================================================================

============================================================
Updating QQQ
============================================================
Loaded 1477 bars for QQQ from PostgreSQL
Current data: 1477 bars, last: 2026-05-21
Fetching incremental data...
Fetching QQQ incremental data since 2026-05-21
Fetching QQQ data from 2026-05-21 to 2026-05-22
Fetched 1 bars for QQQ (timestamped in America/New_York)
Appending 1 bars to database...
Appended 1 new bars for QQQ to PostgreSQL
Loaded 1478 bars for QQQ from PostgreSQL
✓ Updated: 1478 total bars, last: 2026-05-22

============================================================
Updating VTI
============================================================
Loaded 1476 bars for VTI from PostgreSQL
Current data: 1476 bars, last: 2026-05-21
Fetching incremental data...
Fetching VTI incremental data since 2026-05-21
Fetching VTI data from 2026-05-21 to 2026-05-22
Fetched 1 bars for VTI (timestamped in America/New_York)
Appending 1 bars to database...
Appended 1 new bars for VTI to PostgreSQL
Loaded 1477 bars for VTI from PostgreSQL
✓ Updated: 1477 total bars, last: 2026-05-22

============================================================
Updating VTV
============================================================
Loaded 1476 bars for VTV from PostgreSQL
Current data: 1476 bars, last: 2026-05-21
Fetching incremental data...
Fetching VTV incremental data since 2026-05-21
Fetching VTV data from 2026-05-21 to 2026-05-22
Fetched 1 bars for VTV (timestamped in America/New_York)
Appending 1 bars to database...
Appended 1 new bars for VTV to PostgreSQL
Loaded 1477 bars for VTV from PostgreSQL
✓ Updated: 1477 total bars, last: 2026-05-22
[Parallel(n_jobs=-1)]: Done   3 out of   3 | elapsed:    1.9s finished
✓ Saved optimization candidate for QQQ (base_case=0)
✓ Saved best candidate for QQQ (cleaned up old candidates)
✓ Saved 44 backtest trades for QQQ to PostgreSQL
✓ Saved 45 equity snapshots for QQQ
✓ Logged optimization run for QQQ: Sharpe=0.914155684377694
✓ Saved optimization candidate for VTI (base_case=0)
✓ Saved best candidate for VTI (cleaned up old candidates)
✓ Saved 36 backtest trades for VTI to PostgreSQL
✓ Saved 37 equity snapshots for VTI
✓ Logged optimization run for VTI: Sharpe=0.9707452833230089
✓ Saved optimization candidate for VTV (base_case=0)
✓ Saved best candidate for VTV (cleaned up old candidates)
✓ Saved 38 backtest trades for VTV to PostgreSQL
✓ Saved 39 equity snapshots for VTV
✓ Logged optimization run for VTV: Sharpe=1.1210240645672855

======================================================================
STEP 3: PORTFOLIO COORDINATE ASCENT
======================================================================
Loaded 1478 bars for QQQ from PostgreSQL
Loaded 1477 bars for VTI from PostgreSQL
Loaded 1477 bars for VTV from PostgreSQL
  Converged after 1 iterations
  Portfolio return: 188.15%
  Sharpe: 1.16
  Max DD: 24.25%
  Trades: 112
  QQQ: CHAND(14, 2.5)
  VTI: CHAND(18, 2.5)
  VTV: CHAND(22, 2.5)
✓ Saved 112 backtest trades for BLENDED to PostgreSQL
✓ Saved 1442 equity snapshots for BLENDED
  ✓ Saved BLENDED portfolio results

======================================================================
NIGHTLY OPTIMIZATION COMPLETE
======================================================================
Total tickers: 3/3
Total runtime: 11.5s

QQQ:
  Params: CHAND(period=14, mult=3.0)
  Sharpe: 0.91 | Return: 65.65%
VTI:
  Params: CHAND(period=14, mult=3.5)
  Sharpe: 0.97 | Return: 45.61%
VTV:
  Params: CHAND(period=14, mult=3.5)
  Sharpe: 1.12 | Return: 14.63%

======================================================================
DATABASE SUMMARY
======================================================================

QQQ:
  Sharpe: 1.16, Return: 188.15%, Win Rate: 50.9%
VTI:
  Sharpe: 1.16, Return: 188.15%, Win Rate: 50.9%
VTV:
  Sharpe: 1.16, Return: 188.15%, Win Rate: 50.9%
BLENDED (PORTFOLIO):
  Sharpe: 1.16, Return: 188.15%, Win Rate: 50.9%

[VTI] Starting optimization...

======================================================================
Optimizing VTI [1Day]...
======================================================================
Loaded 1477 bars for VTI from PostgreSQL
Testing 9 parameter combinations...

Testing 9 parameter combinations...
This may take a few minutes...


[OK] Optimization complete! Top 5 results:

Rank   Sharpe     Win%     Return     Trades   Parameters                                        
----------------------------------------------------------------------------------------------------
1      0.97       55.6     45.61     % 36       CHAND(period=14, mult=3.5)                        
2      0.94       52.9     42.92     % 51       CHAND(period=18, mult=3.0)                        
3      0.92       50.0     42.12     % 52       CHAND(period=22, mult=3.0)                        
4      0.92       58.0     41.36     % 50       CHAND(period=14, mult=3.0)                        
5      0.87       50.7     38.71     % 69       CHAND(period=18, mult=2.5)                        

Results for VTI:
  Best Sharpe: 0.97
  Win Rate: 55.6%
  Total Return: 45.61%
  Trades: 36
  Runtime: 2.1s

[QQQ] Starting optimization...

======================================================================
Optimizing QQQ [1Day]...
======================================================================
Loaded 1478 bars for QQQ from PostgreSQL
Testing 9 parameter combinations...

Testing 9 parameter combinations...
This may take a few minutes...


[OK] Optimization complete! Top 5 results:

Rank   Sharpe     Win%     Return     Trades   Parameters                                        
----------------------------------------------------------------------------------------------------
1      0.91       50.0     65.65     % 44       CHAND(period=14, mult=3.0)                        
2      0.91       51.1     65.25     % 47       CHAND(period=18, mult=3.0)                        
3      0.90       43.8     64.14     % 64       CHAND(period=14, mult=2.5)                        
4      0.88       50.0     63.80     % 34       CHAND(period=14, mult=3.5)                        
5      0.87       47.8     61.32     % 46       CHAND(period=22, mult=3.0)                        

Results for QQQ:
  Best Sharpe: 0.91
  Win Rate: 50.0%
  Total Return: 65.65%
  Trades: 44
  Runtime: 2.0s

[VTV] Starting optimization...

======================================================================
Optimizing VTV [1Day]...
======================================================================
Loaded 1477 bars for VTV from PostgreSQL
Testing 9 parameter combinations...

Testing 9 parameter combinations...
This may take a few minutes...


[OK] Optimization complete! Top 5 results:

Rank   Sharpe     Win%     Return     Trades   Parameters                                        
----------------------------------------------------------------------------------------------------
1      1.12       65.8     14.63     % 38       CHAND(period=14, mult=3.5)                        
2      1.05       50.0     13.42     % 62       CHAND(period=18, mult=2.5)                        
3      1.05       53.2     13.56     % 47       CHAND(period=22, mult=3.0)                        
4      1.05       46.8     13.26     % 62       CHAND(period=22, mult=2.5)                        
5      1.01       50.0     12.77     % 62       CHAND(period=14, mult=2.5)                        

Results for VTV:
  Best Sharpe: 1.12
  Win Rate: 65.8%
  Total Return: 14.63%
  Trades: 38
  Runtime: 2.1s
[2026-05-22 09:56:12] Optimizer finished (exit: 0)
Starting nightly optimization...
[Parallel(n_jobs=-1)]: Using backend LokyBackend with 8 concurrent workers.

======================================================================
NIGHTLY OPTIMIZER RUN
Timestamp: 2026-05-22T10:36:53.493458-04:00
Tickers: QQQ, VTI, VTV
Timeframe: 1Hour
======================================================================


======================================================================
STEP 1: FETCHING INCREMENTAL PRICES
======================================================================

============================================================
Updating QQQ
============================================================
Loaded 1478 bars for QQQ from PostgreSQL
Current data: 1478 bars, last: 2026-05-22
Fetching incremental data...
Fetching QQQ incremental data since 2026-05-22
Fetching QQQ data from 2026-05-22 to 2026-05-22
Fetched 3 bars for QQQ (timestamped in America/New_York)
Appending 3 bars to database...
Filtered to market hours (NY): 3 -> 1 bars (2 removed)
Appended 1 new bars for QQQ to PostgreSQL
Loaded 1479 bars for QQQ from PostgreSQL
✓ Updated: 1479 total bars, last: 2026-05-22

============================================================
Updating VTI
============================================================
Loaded 1477 bars for VTI from PostgreSQL
Current data: 1477 bars, last: 2026-05-22
Fetching incremental data...
Fetching VTI incremental data since 2026-05-22
Fetching VTI data from 2026-05-22 to 2026-05-22
Fetched 2 bars for VTI (timestamped in America/New_York)
Appending 2 bars to database...
Filtered to market hours (NY): 2 -> 1 bars (1 removed)
Appended 1 new bars for VTI to PostgreSQL
Loaded 1478 bars for VTI from PostgreSQL
✓ Updated: 1478 total bars, last: 2026-05-22

============================================================
Updating VTV
============================================================
Loaded 1477 bars for VTV from PostgreSQL
Current data: 1477 bars, last: 2026-05-22
Fetching incremental data...
Fetching VTV incremental data since 2026-05-22
Fetching VTV data from 2026-05-22 to 2026-05-22
Fetched 2 bars for VTV (timestamped in America/New_York)
Appending 2 bars to database...
Filtered to market hours (NY): 2 -> 1 bars (1 removed)
Appended 1 new bars for VTV to PostgreSQL
Loaded 1478 bars for VTV from PostgreSQL
✓ Updated: 1478 total bars, last: 2026-05-22
[Parallel(n_jobs=-1)]: Done   3 out of   3 | elapsed:    1.8s finished
✓ Saved optimization candidate for QQQ (base_case=0)
✓ Saved best candidate for QQQ (cleaned up old candidates)
✓ Saved 44 backtest trades for QQQ to PostgreSQL
✓ Saved 45 equity snapshots for QQQ
✓ Logged optimization run for QQQ: Sharpe=0.914155684377694
✓ Saved optimization candidate for VTI (base_case=0)
✓ Saved best candidate for VTI (cleaned up old candidates)
✓ Saved 36 backtest trades for VTI to PostgreSQL
✓ Saved 37 equity snapshots for VTI
✓ Logged optimization run for VTI: Sharpe=0.9707452833230089
✓ Saved optimization candidate for VTV (base_case=0)
✓ Saved best candidate for VTV (cleaned up old candidates)
✓ Saved 38 backtest trades for VTV to PostgreSQL
✓ Saved 39 equity snapshots for VTV
✓ Logged optimization run for VTV: Sharpe=1.1210240645672855

======================================================================
STEP 3: PORTFOLIO COORDINATE ASCENT
======================================================================
Loaded 1479 bars for QQQ from PostgreSQL
Loaded 1478 bars for VTI from PostgreSQL
Loaded 1478 bars for VTV from PostgreSQL
  Converged after 1 iterations
  Portfolio return: 188.15%
  Sharpe: 1.16
  Max DD: 24.25%
  Trades: 112
  QQQ: CHAND(14, 2.5)
  VTI: CHAND(18, 2.5)
  VTV: CHAND(22, 2.5)
✓ Saved 112 backtest trades for BLENDED to PostgreSQL
✓ Saved 1442 equity snapshots for BLENDED
  ✓ Saved BLENDED portfolio results

======================================================================
NIGHTLY OPTIMIZATION COMPLETE
======================================================================
Total tickers: 3/3
Total runtime: 7.8s

QQQ:
  Params: CHAND(period=14, mult=3.0)
  Sharpe: 0.91 | Return: 65.65%
VTI:
  Params: CHAND(period=14, mult=3.5)
  Sharpe: 0.97 | Return: 45.61%
VTV:
  Params: CHAND(period=14, mult=3.5)
  Sharpe: 1.12 | Return: 14.63%

======================================================================
DATABASE SUMMARY
======================================================================

QQQ:
  Sharpe: 1.16, Return: 188.15%, Win Rate: 50.9%
VTI:
  Sharpe: 1.16, Return: 188.15%, Win Rate: 50.9%
VTV:
  Sharpe: 1.16, Return: 188.15%, Win Rate: 50.9%
BLENDED (PORTFOLIO):
  Sharpe: 1.16, Return: 188.15%, Win Rate: 50.9%

[QQQ] Starting optimization...

======================================================================
Optimizing QQQ [1Hour]...
======================================================================
Loaded 1479 bars for QQQ from PostgreSQL
Testing 9 parameter combinations...

Testing 9 parameter combinations...
This may take a few minutes...


[OK] Optimization complete! Top 5 results:

Rank   Sharpe     Win%     Return     Trades   Parameters                                        
----------------------------------------------------------------------------------------------------
1      0.91       50.0     65.65     % 44       CHAND(period=14, mult=3.0)                        
2      0.91       51.1     65.25     % 47       CHAND(period=18, mult=3.0)                        
3      0.90       43.8     64.14     % 64       CHAND(period=14, mult=2.5)                        
4      0.88       50.0     63.80     % 34       CHAND(period=14, mult=3.5)                        
5      0.87       47.8     61.32     % 46       CHAND(period=22, mult=3.0)                        

Results for QQQ:
  Best Sharpe: 0.91
  Win Rate: 50.0%
  Total Return: 65.65%
  Trades: 44
  Runtime: 1.1s

[VTV] Starting optimization...

======================================================================
Optimizing VTV [1Hour]...
======================================================================
Loaded 1478 bars for VTV from PostgreSQL
Testing 9 parameter combinations...

Testing 9 parameter combinations...
This may take a few minutes...


[OK] Optimization complete! Top 5 results:

Rank   Sharpe     Win%     Return     Trades   Parameters                                        
----------------------------------------------------------------------------------------------------
1      1.12       65.8     14.63     % 38       CHAND(period=14, mult=3.5)                        
2      1.05       50.0     13.42     % 62       CHAND(period=18, mult=2.5)                        
3      1.05       53.2     13.56     % 47       CHAND(period=22, mult=3.0)                        
4      1.05       46.8     13.26     % 62       CHAND(period=22, mult=2.5)                        
5      1.01       50.0     12.77     % 62       CHAND(period=14, mult=2.5)                        

Results for VTV:
  Best Sharpe: 1.12
  Win Rate: 65.8%
  Total Return: 14.63%
  Trades: 38
  Runtime: 1.0s

[VTI] Starting optimization...

======================================================================
Optimizing VTI [1Hour]...
======================================================================
Loaded 1478 bars for VTI from PostgreSQL
Testing 9 parameter combinations...

Testing 9 parameter combinations...
This may take a few minutes...


[OK] Optimization complete! Top 5 results:

Rank   Sharpe     Win%     Return     Trades   Parameters                                        
----------------------------------------------------------------------------------------------------
1      0.97       55.6     45.61     % 36       CHAND(period=14, mult=3.5)                        
2      0.94       52.9     42.92     % 51       CHAND(period=18, mult=3.0)                        
3      0.92       50.0     42.12     % 52       CHAND(period=22, mult=3.0)                        
4      0.92       58.0     41.36     % 50       CHAND(period=14, mult=3.0)                        
5      0.87       50.7     38.71     % 69       CHAND(period=18, mult=2.5)                        

Results for VTI:
  Best Sharpe: 0.97
  Win Rate: 55.6%
  Total Return: 45.61%
  Trades: 36
  Runtime: 1.1s
Optimization completed successfully
[2026-05-24 13:34:17] Nightly optimizer starting...
[2026-05-24 13:34:17] Waiting for PostgreSQL...
[2026-05-24 13:34:17] PostgreSQL ready.
Traceback (most recent call last):
  File "/home/dikesh/data/dev/SwingTraderAndOptimizer/optimizer/venv/lib/python3.14/site-packages/urllib3/connection.py", line 204, in _new_conn
    sock = connection.create_connection(
        (self._dns_host, self.port),
    ...<2 lines>...
        socket_options=self.socket_options,
    )
  File "/home/dikesh/data/dev/SwingTraderAndOptimizer/optimizer/venv/lib/python3.14/site-packages/urllib3/util/connection.py", line 60, in create_connection
    for res in socket.getaddrinfo(host, port, family, socket.SOCK_STREAM):
               ~~~~~~~~~~~~~~~~~~^^^^^^^^^^^^^^^^^^^^^^^^^^^^^^^^^^^^^^^^
  File "/usr/lib/python3.14/socket.py", line 983, in getaddrinfo
    for res in _socket.getaddrinfo(host, port, family, type, proto, flags):
               ~~~~~~~~~~~~~~~~~~~^^^^^^^^^^^^^^^^^^^^^^^^^^^^^^^^^^^^^^^^
socket.gaierror: [Errno -3] Temporary failure in name resolution

The above exception was the direct cause of the following exception:

Traceback (most recent call last):
  File "/home/dikesh/data/dev/SwingTraderAndOptimizer/optimizer/venv/lib/python3.14/site-packages/urllib3/connectionpool.py", line 788, in urlopen
    response = self._make_request(
        conn,
    ...<10 lines>...
        **response_kw,
    )
  File "/home/dikesh/data/dev/SwingTraderAndOptimizer/optimizer/venv/lib/python3.14/site-packages/urllib3/connectionpool.py", line 488, in _make_request
    raise new_e
  File "/home/dikesh/data/dev/SwingTraderAndOptimizer/optimizer/venv/lib/python3.14/site-packages/urllib3/connectionpool.py", line 464, in _make_request
    self._validate_conn(conn)
    ~~~~~~~~~~~~~~~~~~~^^^^^^
  File "/home/dikesh/data/dev/SwingTraderAndOptimizer/optimizer/venv/lib/python3.14/site-packages/urllib3/connectionpool.py", line 1106, in _validate_conn
    conn.connect()
    ~~~~~~~~~~~~^^
  File "/home/dikesh/data/dev/SwingTraderAndOptimizer/optimizer/venv/lib/python3.14/site-packages/urllib3/connection.py", line 759, in connect
    self.sock = sock = self._new_conn()
                       ~~~~~~~~~~~~~~^^
  File "/home/dikesh/data/dev/SwingTraderAndOptimizer/optimizer/venv/lib/python3.14/site-packages/urllib3/connection.py", line 211, in _new_conn
    raise NameResolutionError(self.host, self, e) from e
urllib3.exceptions.NameResolutionError: HTTPSConnection(host='data.alpaca.markets', port=443): Failed to resolve 'data.alpaca.markets' ([Errno -3] Temporary failure in name resolution)

The above exception was the direct cause of the following exception:

Traceback (most recent call last):
  File "/home/dikesh/data/dev/SwingTraderAndOptimizer/optimizer/venv/lib/python3.14/site-packages/requests/adapters.py", line 696, in send
    resp = conn.urlopen(
        method=request.method,
    ...<9 lines>...
        chunked=chunked,
    )
  File "/home/dikesh/data/dev/SwingTraderAndOptimizer/optimizer/venv/lib/python3.14/site-packages/urllib3/connectionpool.py", line 842, in urlopen
    retries = retries.increment(
        method, url, error=new_e, _pool=self, _stacktrace=sys.exc_info()[2]
    )
  File "/home/dikesh/data/dev/SwingTraderAndOptimizer/optimizer/venv/lib/python3.14/site-packages/urllib3/util/retry.py", line 543, in increment
    raise MaxRetryError(_pool, url, reason) from reason  # type: ignore[arg-type]
    ^^^^^^^^^^^^^^^^^^^^^^^^^^^^^^^^^^^^^^^^^^^^^^^^^^^
urllib3.exceptions.MaxRetryError: HTTPSConnectionPool(host='data.alpaca.markets', port=443): Max retries exceeded with url: /v2/stocks/bars?start=2026-05-22T14%3A00%3A00%2B00%3A00&end=2026-05-24T17%3A34%3A22.642942%2B00%3A00&limit=10000&timeframe=1Day&feed=iex&symbols=QQQ (Caused by NameResolutionError("HTTPSConnection(host='data.alpaca.markets', port=443): Failed to resolve 'data.alpaca.markets' ([Errno -3] Temporary failure in name resolution)"))

During handling of the above exception, another exception occurred:

Traceback (most recent call last):
  File "/home/dikesh/data/dev/SwingTraderAndOptimizer/optimizer/data_fetcher.py", line 160, in fetch_historical_data
    bars_dict = client.get_stock_bars(request_params)
  File "/home/dikesh/data/dev/SwingTraderAndOptimizer/optimizer/venv/lib/python3.14/site-packages/alpaca/data/historical/stock.py", line 87, in get_stock_bars
    raw_bars = self._get_marketdata(
        path="/stocks/bars",
        params=request_params.to_request_fields(),
        page_size=10_000,
    )
  File "/home/dikesh/data/dev/SwingTraderAndOptimizer/optimizer/venv/lib/python3.14/site-packages/alpaca/common/rest.py", line 393, in _get_marketdata
    response = self.get(path=path, data=params)
  File "/home/dikesh/data/dev/SwingTraderAndOptimizer/optimizer/venv/lib/python3.14/site-packages/alpaca/common/rest.py", line 225, in get
    return self._request("GET", path, data, **kwargs)
           ~~~~~~~~~~~~~^^^^^^^^^^^^^^^^^^^^^^^^^^^^^
  File "/home/dikesh/data/dev/SwingTraderAndOptimizer/optimizer/venv/lib/python3.14/site-packages/alpaca/common/rest.py", line 131, in _request
    return self._one_request(method, url, opts, retry)
           ~~~~~~~~~~~~~~~~~^^^^^^^^^^^^^^^^^^^^^^^^^^
  File "/home/dikesh/data/dev/SwingTraderAndOptimizer/optimizer/venv/lib/python3.14/site-packages/alpaca/common/rest.py", line 195, in _one_request
    response = self._session.request(method, url, **opts)
  File "/home/dikesh/data/dev/SwingTraderAndOptimizer/optimizer/venv/lib/python3.14/site-packages/requests/sessions.py", line 651, in request
    resp = self.send(prep, **send_kwargs)
  File "/home/dikesh/data/dev/SwingTraderAndOptimizer/optimizer/venv/lib/python3.14/site-packages/requests/sessions.py", line 784, in send
    r = adapter.send(request, **kwargs)
  File "/home/dikesh/data/dev/SwingTraderAndOptimizer/optimizer/venv/lib/python3.14/site-packages/requests/adapters.py", line 729, in send
    raise ConnectionError(e, request=request)
requests.exceptions.ConnectionError: HTTPSConnectionPool(host='data.alpaca.markets', port=443): Max retries exceeded with url: /v2/stocks/bars?start=2026-05-22T14%3A00%3A00%2B00%3A00&end=2026-05-24T17%3A34%3A22.642942%2B00%3A00&limit=10000&timeframe=1Day&feed=iex&symbols=QQQ (Caused by NameResolutionError("HTTPSConnection(host='data.alpaca.markets', port=443): Failed to resolve 'data.alpaca.markets' ([Errno -3] Temporary failure in name resolution)"))
Traceback (most recent call last):
  File "/home/dikesh/data/dev/SwingTraderAndOptimizer/optimizer/venv/lib/python3.14/site-packages/urllib3/connection.py", line 204, in _new_conn
    sock = connection.create_connection(
        (self._dns_host, self.port),
    ...<2 lines>...
        socket_options=self.socket_options,
    )
  File "/home/dikesh/data/dev/SwingTraderAndOptimizer/optimizer/venv/lib/python3.14/site-packages/urllib3/util/connection.py", line 60, in create_connection
    for res in socket.getaddrinfo(host, port, family, socket.SOCK_STREAM):
               ~~~~~~~~~~~~~~~~~~^^^^^^^^^^^^^^^^^^^^^^^^^^^^^^^^^^^^^^^^
  File "/usr/lib/python3.14/socket.py", line 983, in getaddrinfo
    for res in _socket.getaddrinfo(host, port, family, type, proto, flags):
               ~~~~~~~~~~~~~~~~~~~^^^^^^^^^^^^^^^^^^^^^^^^^^^^^^^^^^^^^^^^
socket.gaierror: [Errno -3] Temporary failure in name resolution

The above exception was the direct cause of the following exception:

Traceback (most recent call last):
  File "/home/dikesh/data/dev/SwingTraderAndOptimizer/optimizer/venv/lib/python3.14/site-packages/urllib3/connectionpool.py", line 788, in urlopen
    response = self._make_request(
        conn,
    ...<10 lines>...
        **response_kw,
    )
  File "/home/dikesh/data/dev/SwingTraderAndOptimizer/optimizer/venv/lib/python3.14/site-packages/urllib3/connectionpool.py", line 488, in _make_request
    raise new_e
  File "/home/dikesh/data/dev/SwingTraderAndOptimizer/optimizer/venv/lib/python3.14/site-packages/urllib3/connectionpool.py", line 464, in _make_request
    self._validate_conn(conn)
    ~~~~~~~~~~~~~~~~~~~^^^^^^
  File "/home/dikesh/data/dev/SwingTraderAndOptimizer/optimizer/venv/lib/python3.14/site-packages/urllib3/connectionpool.py", line 1106, in _validate_conn
    conn.connect()
    ~~~~~~~~~~~~^^
  File "/home/dikesh/data/dev/SwingTraderAndOptimizer/optimizer/venv/lib/python3.14/site-packages/urllib3/connection.py", line 759, in connect
    self.sock = sock = self._new_conn()
                       ~~~~~~~~~~~~~~^^
  File "/home/dikesh/data/dev/SwingTraderAndOptimizer/optimizer/venv/lib/python3.14/site-packages/urllib3/connection.py", line 211, in _new_conn
    raise NameResolutionError(self.host, self, e) from e
urllib3.exceptions.NameResolutionError: HTTPSConnection(host='data.alpaca.markets', port=443): Failed to resolve 'data.alpaca.markets' ([Errno -3] Temporary failure in name resolution)

The above exception was the direct cause of the following exception:

Traceback (most recent call last):
  File "/home/dikesh/data/dev/SwingTraderAndOptimizer/optimizer/venv/lib/python3.14/site-packages/requests/adapters.py", line 696, in send
    resp = conn.urlopen(
        method=request.method,
    ...<9 lines>...
        chunked=chunked,
    )
  File "/home/dikesh/data/dev/SwingTraderAndOptimizer/optimizer/venv/lib/python3.14/site-packages/urllib3/connectionpool.py", line 842, in urlopen
    retries = retries.increment(
        method, url, error=new_e, _pool=self, _stacktrace=sys.exc_info()[2]
    )
  File "/home/dikesh/data/dev/SwingTraderAndOptimizer/optimizer/venv/lib/python3.14/site-packages/urllib3/util/retry.py", line 543, in increment
    raise MaxRetryError(_pool, url, reason) from reason  # type: ignore[arg-type]
    ^^^^^^^^^^^^^^^^^^^^^^^^^^^^^^^^^^^^^^^^^^^^^^^^^^^
urllib3.exceptions.MaxRetryError: HTTPSConnectionPool(host='data.alpaca.markets', port=443): Max retries exceeded with url: /v2/stocks/bars?start=2026-05-22T14%3A00%3A00%2B00%3A00&end=2026-05-24T17%3A34%3A22.963405%2B00%3A00&limit=10000&timeframe=1Day&feed=iex&symbols=VTI (Caused by NameResolutionError("HTTPSConnection(host='data.alpaca.markets', port=443): Failed to resolve 'data.alpaca.markets' ([Errno -3] Temporary failure in name resolution)"))

During handling of the above exception, another exception occurred:

Traceback (most recent call last):
  File "/home/dikesh/data/dev/SwingTraderAndOptimizer/optimizer/data_fetcher.py", line 160, in fetch_historical_data
    bars_dict = client.get_stock_bars(request_params)
  File "/home/dikesh/data/dev/SwingTraderAndOptimizer/optimizer/venv/lib/python3.14/site-packages/alpaca/data/historical/stock.py", line 87, in get_stock_bars
    raw_bars = self._get_marketdata(
        path="/stocks/bars",
        params=request_params.to_request_fields(),
        page_size=10_000,
    )
  File "/home/dikesh/data/dev/SwingTraderAndOptimizer/optimizer/venv/lib/python3.14/site-packages/alpaca/common/rest.py", line 393, in _get_marketdata
    response = self.get(path=path, data=params)
  File "/home/dikesh/data/dev/SwingTraderAndOptimizer/optimizer/venv/lib/python3.14/site-packages/alpaca/common/rest.py", line 225, in get
    return self._request("GET", path, data, **kwargs)
           ~~~~~~~~~~~~~^^^^^^^^^^^^^^^^^^^^^^^^^^^^^
  File "/home/dikesh/data/dev/SwingTraderAndOptimizer/optimizer/venv/lib/python3.14/site-packages/alpaca/common/rest.py", line 131, in _request
    return self._one_request(method, url, opts, retry)
           ~~~~~~~~~~~~~~~~~^^^^^^^^^^^^^^^^^^^^^^^^^^
  File "/home/dikesh/data/dev/SwingTraderAndOptimizer/optimizer/venv/lib/python3.14/site-packages/alpaca/common/rest.py", line 195, in _one_request
    response = self._session.request(method, url, **opts)
  File "/home/dikesh/data/dev/SwingTraderAndOptimizer/optimizer/venv/lib/python3.14/site-packages/requests/sessions.py", line 651, in request
    resp = self.send(prep, **send_kwargs)
  File "/home/dikesh/data/dev/SwingTraderAndOptimizer/optimizer/venv/lib/python3.14/site-packages/requests/sessions.py", line 784, in send
    r = adapter.send(request, **kwargs)
  File "/home/dikesh/data/dev/SwingTraderAndOptimizer/optimizer/venv/lib/python3.14/site-packages/requests/adapters.py", line 729, in send
    raise ConnectionError(e, request=request)
requests.exceptions.ConnectionError: HTTPSConnectionPool(host='data.alpaca.markets', port=443): Max retries exceeded with url: /v2/stocks/bars?start=2026-05-22T14%3A00%3A00%2B00%3A00&end=2026-05-24T17%3A34%3A22.963405%2B00%3A00&limit=10000&timeframe=1Day&feed=iex&symbols=VTI (Caused by NameResolutionError("HTTPSConnection(host='data.alpaca.markets', port=443): Failed to resolve 'data.alpaca.markets' ([Errno -3] Temporary failure in name resolution)"))
[Parallel(n_jobs=-1)]: Using backend LokyBackend with 8 concurrent workers.

======================================================================
NIGHTLY OPTIMIZER RUN
Timestamp: 2026-05-24T13:34:22.266887-04:00
Tickers: QQQ, VTI, VTV
Timeframe: 1Day
======================================================================


======================================================================
STEP 1: FETCHING INCREMENTAL PRICES
======================================================================

============================================================
Updating QQQ
============================================================
Loaded 1479 bars for QQQ from PostgreSQL
Current data: 1479 bars, last: 2026-05-22
Fetching incremental data...
Fetching QQQ incremental data since 2026-05-22
Fetching QQQ data from 2026-05-22 to 2026-05-24
Error fetching data for QQQ: HTTPSConnectionPool(host='data.alpaca.markets', port=443): Max retries exceeded with url: /v2/stocks/bars?start=2026-05-22T14%3A00%3A00%2B00%3A00&end=2026-05-24T17%3A34%3A22.642942%2B00%3A00&limit=10000&timeframe=1Day&feed=iex&symbols=QQQ (Caused by NameResolutionError("HTTPSConnection(host='data.alpaca.markets', port=443): Failed to resolve 'data.alpaca.markets' ([Errno -3] Temporary failure in name resolution)"))
No new data to fetch for QQQ

============================================================
Updating VTI
============================================================
Loaded 1478 bars for VTI from PostgreSQL
Current data: 1478 bars, last: 2026-05-22
Fetching incremental data...
Fetching VTI incremental data since 2026-05-22
Fetching VTI data from 2026-05-22 to 2026-05-24
Error fetching data for VTI: HTTPSConnectionPool(host='data.alpaca.markets', port=443): Max retries exceeded with url: /v2/stocks/bars?start=2026-05-22T14%3A00%3A00%2B00%3A00&end=2026-05-24T17%3A34%3A22.963405%2B00%3A00&limit=10000&timeframe=1Day&feed=iex&symbols=VTI (Caused by NameResolutionError("HTTPSConnection(host='data.alpaca.markets', port=443): Failed to resolve 'data.alpaca.markets' ([Errno -3] Temporary failure in name resolution)"))
No new data to fetch for VTI

============================================================
Updating VTV
============================================================
Loaded 1478 bars for VTV from PostgreSQL
Current data: 1478 bars, last: 2026-05-22
Fetching incremental data...
Fetching VTV incremental data since 2026-05-22
Fetching VTV data from 2026-05-22 to 2026-05-24
No data returned for VTV
No new data to fetch for VTV
[Parallel(n_jobs=-1)]: Done   3 out of   3 | elapsed:   11.0s finished
✓ Saved optimization candidate for QQQ (base_case=0)
✓ Saved best candidate for QQQ (cleaned up old candidates)
✓ Saved 44 backtest trades for QQQ to PostgreSQL
✓ Saved 45 equity snapshots for QQQ
✓ Logged optimization run for QQQ: Sharpe=0.914155684377694
✓ Saved optimization candidate for VTI (base_case=0)
✓ Saved best candidate for VTI (cleaned up old candidates)
✓ Saved 36 backtest trades for VTI to PostgreSQL
✓ Saved 37 equity snapshots for VTI
✓ Logged optimization run for VTI: Sharpe=0.9707452833230089
✓ Saved optimization candidate for VTV (base_case=0)
✓ Saved best candidate for VTV (cleaned up old candidates)
✓ Saved 38 backtest trades for VTV to PostgreSQL
✓ Saved 39 equity snapshots for VTV
✓ Logged optimization run for VTV: Sharpe=1.1210240645672855

======================================================================
STEP 3: PORTFOLIO COORDINATE ASCENT
======================================================================
Loaded 1479 bars for QQQ from PostgreSQL
Loaded 1478 bars for VTI from PostgreSQL
Loaded 1478 bars for VTV from PostgreSQL
  Converged after 1 iterations
  Portfolio return: 188.15%
  Sharpe: 1.16
  Max DD: 24.25%
  Trades: 112
  QQQ: CHAND(14, 2.5)
  VTI: CHAND(18, 2.5)
  VTV: CHAND(22, 2.5)
✓ Saved 112 backtest trades for BLENDED to PostgreSQL
✓ Saved 1442 equity snapshots for BLENDED
  ✓ Saved BLENDED portfolio results

======================================================================
NIGHTLY OPTIMIZATION COMPLETE
======================================================================
Total tickers: 3/3
Total runtime: 57.4s

QQQ:
  Params: CHAND(period=14, mult=3.0)
  Sharpe: 0.91 | Return: 65.65%
VTI:
  Params: CHAND(period=14, mult=3.5)
  Sharpe: 0.97 | Return: 45.61%
VTV:
  Params: CHAND(period=14, mult=3.5)
  Sharpe: 1.12 | Return: 14.63%

======================================================================
DATABASE SUMMARY
======================================================================

QQQ:
  Sharpe: 1.16, Return: 188.15%, Win Rate: 50.9%
VTI:
  Sharpe: 1.16, Return: 188.15%, Win Rate: 50.9%
VTV:
  Sharpe: 1.16, Return: 188.15%, Win Rate: 50.9%
BLENDED (PORTFOLIO):
  Sharpe: 1.16, Return: 188.15%, Win Rate: 50.9%

[QQQ] Starting optimization...

======================================================================
Optimizing QQQ [1Day]...
======================================================================
Loaded 1479 bars for QQQ from PostgreSQL
Testing 9 parameter combinations...

Testing 9 parameter combinations...
This may take a few minutes...


[OK] Optimization complete! Top 5 results:

Rank   Sharpe     Win%     Return     Trades   Parameters                                        
----------------------------------------------------------------------------------------------------
1      0.91       50.0     65.65     % 44       CHAND(period=14, mult=3.0)                        
2      0.91       51.1     65.25     % 47       CHAND(period=18, mult=3.0)                        
3      0.90       43.8     64.14     % 64       CHAND(period=14, mult=2.5)                        
4      0.88       50.0     63.80     % 34       CHAND(period=14, mult=3.5)                        
5      0.87       47.8     61.32     % 46       CHAND(period=22, mult=3.0)                        

Results for QQQ:
  Best Sharpe: 0.91
  Win Rate: 50.0%
  Total Return: 65.65%
  Trades: 44
  Runtime: 6.0s

[VTV] Starting optimization...

======================================================================
Optimizing VTV [1Day]...
======================================================================
Loaded 1478 bars for VTV from PostgreSQL
Testing 9 parameter combinations...

Testing 9 parameter combinations...
This may take a few minutes...


[OK] Optimization complete! Top 5 results:

Rank   Sharpe     Win%     Return     Trades   Parameters                                        
----------------------------------------------------------------------------------------------------
1      1.12       65.8     14.63     % 38       CHAND(period=14, mult=3.5)                        
2      1.05       50.0     13.42     % 62       CHAND(period=18, mult=2.5)                        
3      1.05       53.2     13.56     % 47       CHAND(period=22, mult=3.0)                        
4      1.05       46.8     13.26     % 62       CHAND(period=22, mult=2.5)                        
5      1.01       50.0     12.77     % 62       CHAND(period=14, mult=2.5)                        

Results for VTV:
  Best Sharpe: 1.12
  Win Rate: 65.8%
  Total Return: 14.63%
  Trades: 38
  Runtime: 6.1s

[VTI] Starting optimization...

======================================================================
Optimizing VTI [1Day]...
======================================================================
Loaded 1478 bars for VTI from PostgreSQL
Testing 9 parameter combinations...

Testing 9 parameter combinations...
This may take a few minutes...


[OK] Optimization complete! Top 5 results:

Rank   Sharpe     Win%     Return     Trades   Parameters                                        
----------------------------------------------------------------------------------------------------
1      0.97       55.6     45.61     % 36       CHAND(period=14, mult=3.5)                        
2      0.94       52.9     42.92     % 51       CHAND(period=18, mult=3.0)                        
3      0.92       50.0     42.12     % 52       CHAND(period=22, mult=3.0)                        
4      0.92       58.0     41.36     % 50       CHAND(period=14, mult=3.0)                        
5      0.87       50.7     38.71     % 69       CHAND(period=18, mult=2.5)                        

Results for VTI:
  Best Sharpe: 0.97
  Win Rate: 55.6%
  Total Return: 45.61%
  Trades: 36
  Runtime: 6.2s
[2026-05-24 13:35:22] Optimizer finished (exit: 0)
[2026-05-24 19:26:23] Nightly optimizer starting...
[2026-05-24 19:26:23] Waiting for PostgreSQL...
[2026-05-24 19:26:23] PostgreSQL ready.
[Parallel(n_jobs=-1)]: Using backend LokyBackend with 8 concurrent workers.

======================================================================
NIGHTLY OPTIMIZER RUN
Timestamp: 2026-05-24T19:26:25.281158-04:00
Tickers: QQQ, VTI, VTV
Timeframe: 1Day
======================================================================


======================================================================
STEP 1: FETCHING INCREMENTAL PRICES
======================================================================

============================================================
Updating QQQ
============================================================
Loaded 1479 bars for QQQ from PostgreSQL
Current data: 1479 bars, last: 2026-05-22
Fetching incremental data...
Fetching QQQ incremental data since 2026-05-22
Fetching QQQ data from 2026-05-22 to 2026-05-24
No data returned for QQQ
No new data to fetch for QQQ

============================================================
Updating VTI
============================================================
Loaded 1478 bars for VTI from PostgreSQL
Current data: 1478 bars, last: 2026-05-22
Fetching incremental data...
Fetching VTI incremental data since 2026-05-22
Fetching VTI data from 2026-05-22 to 2026-05-24
No data returned for VTI
No new data to fetch for VTI

============================================================
Updating VTV
============================================================
Loaded 1478 bars for VTV from PostgreSQL
Current data: 1478 bars, last: 2026-05-22
Fetching incremental data...
Fetching VTV incremental data since 2026-05-22
Fetching VTV data from 2026-05-22 to 2026-05-24
No data returned for VTV
No new data to fetch for VTV
[Parallel(n_jobs=-1)]: Done   3 out of   3 | elapsed:    1.9s finished
✓ Saved optimization candidate for QQQ (base_case=0)
✓ Saved best candidate for QQQ (cleaned up old candidates)
✓ Saved 44 backtest trades for QQQ to PostgreSQL
✓ Saved 45 equity snapshots for QQQ
✓ Logged optimization run for QQQ: Sharpe=0.914155684377694
✓ Saved optimization candidate for VTI (base_case=0)
✓ Saved best candidate for VTI (cleaned up old candidates)
✓ Saved 36 backtest trades for VTI to PostgreSQL
✓ Saved 37 equity snapshots for VTI
✓ Logged optimization run for VTI: Sharpe=0.9707452833230089
✓ Saved optimization candidate for VTV (base_case=0)
✓ Saved best candidate for VTV (cleaned up old candidates)
✓ Saved 38 backtest trades for VTV to PostgreSQL
✓ Saved 39 equity snapshots for VTV
✓ Logged optimization run for VTV: Sharpe=1.1210240645672855

======================================================================
STEP 3: PORTFOLIO COORDINATE ASCENT
======================================================================
Loaded 1479 bars for QQQ from PostgreSQL
Loaded 1478 bars for VTI from PostgreSQL
Loaded 1478 bars for VTV from PostgreSQL
  Converged after 1 iterations
  Portfolio return: 188.15%
  Sharpe: 1.16
  Max DD: 24.25%
  Trades: 112
  QQQ: CHAND(14, 2.5)
  VTI: CHAND(18, 2.5)
  VTV: CHAND(22, 2.5)
✓ Saved 112 backtest trades for BLENDED to PostgreSQL
✓ Saved 1442 equity snapshots for BLENDED
  ✓ Saved BLENDED portfolio results

======================================================================
NIGHTLY OPTIMIZATION COMPLETE
======================================================================
Total tickers: 3/3
Total runtime: 10.1s

QQQ:
  Params: CHAND(period=14, mult=3.0)
  Sharpe: 0.91 | Return: 65.65%
VTI:
  Params: CHAND(period=14, mult=3.5)
  Sharpe: 0.97 | Return: 45.61%
VTV:
  Params: CHAND(period=14, mult=3.5)
  Sharpe: 1.12 | Return: 14.63%

======================================================================
DATABASE SUMMARY
======================================================================

QQQ:
  Sharpe: 1.16, Return: 188.15%, Win Rate: 50.9%
VTI:
  Sharpe: 1.16, Return: 188.15%, Win Rate: 50.9%
VTV:
  Sharpe: 1.16, Return: 188.15%, Win Rate: 50.9%
BLENDED (PORTFOLIO):
  Sharpe: 1.16, Return: 188.15%, Win Rate: 50.9%

[VTI] Starting optimization...

======================================================================
Optimizing VTI [1Day]...
======================================================================
Loaded 1478 bars for VTI from PostgreSQL
Testing 9 parameter combinations...

Testing 9 parameter combinations...
This may take a few minutes...


[OK] Optimization complete! Top 5 results:

Rank   Sharpe     Win%     Return     Trades   Parameters                                        
----------------------------------------------------------------------------------------------------
1      0.97       55.6     45.61     % 36       CHAND(period=14, mult=3.5)                        
2      0.94       52.9     42.92     % 51       CHAND(period=18, mult=3.0)                        
3      0.92       50.0     42.12     % 52       CHAND(period=22, mult=3.0)                        
4      0.92       58.0     41.36     % 50       CHAND(period=14, mult=3.0)                        
5      0.87       50.7     38.71     % 69       CHAND(period=18, mult=2.5)                        

Results for VTI:
  Best Sharpe: 0.97
  Win Rate: 55.6%
  Total Return: 45.61%
  Trades: 36
  Runtime: 1.0s

[VTV] Starting optimization...

======================================================================
Optimizing VTV [1Day]...
======================================================================
Loaded 1478 bars for VTV from PostgreSQL
Testing 9 parameter combinations...

Testing 9 parameter combinations...
This may take a few minutes...


[OK] Optimization complete! Top 5 results:

Rank   Sharpe     Win%     Return     Trades   Parameters                                        
----------------------------------------------------------------------------------------------------
1      1.12       65.8     14.63     % 38       CHAND(period=14, mult=3.5)                        
2      1.05       50.0     13.42     % 62       CHAND(period=18, mult=2.5)                        
3      1.05       53.2     13.56     % 47       CHAND(period=22, mult=3.0)                        
4      1.05       46.8     13.26     % 62       CHAND(period=22, mult=2.5)                        
5      1.01       50.0     12.77     % 62       CHAND(period=14, mult=2.5)                        

Results for VTV:
  Best Sharpe: 1.12
  Win Rate: 65.8%
  Total Return: 14.63%
  Trades: 38
  Runtime: 1.0s

[QQQ] Starting optimization...

======================================================================
Optimizing QQQ [1Day]...
======================================================================
Loaded 1479 bars for QQQ from PostgreSQL
Testing 9 parameter combinations...

Testing 9 parameter combinations...
This may take a few minutes...


[OK] Optimization complete! Top 5 results:

Rank   Sharpe     Win%     Return     Trades   Parameters                                        
----------------------------------------------------------------------------------------------------
1      0.91       50.0     65.65     % 44       CHAND(period=14, mult=3.0)                        
2      0.91       51.1     65.25     % 47       CHAND(period=18, mult=3.0)                        
3      0.90       43.8     64.14     % 64       CHAND(period=14, mult=2.5)                        
4      0.88       50.0     63.80     % 34       CHAND(period=14, mult=3.5)                        
5      0.87       47.8     61.32     % 46       CHAND(period=22, mult=3.0)                        

Results for QQQ:
  Best Sharpe: 0.91
  Win Rate: 50.0%
  Total Return: 65.65%
  Trades: 44
  Runtime: 1.1s
[2026-05-24 19:26:36] Optimizer finished (exit: 0)
[2026-05-26 09:07:07] Nightly optimizer starting...
[2026-05-26 09:07:07] Waiting for PostgreSQL...
[2026-05-26 09:09:28] ERROR: PostgreSQL not ready after 150s, aborting.
[2026-05-26 13:36:50] Nightly optimizer starting...
[2026-05-26 13:36:50] Waiting for PostgreSQL...
[2026-05-26 13:36:50] PostgreSQL ready.
[Parallel(n_jobs=-1)]: Using backend LokyBackend with 8 concurrent workers.

======================================================================
NIGHTLY OPTIMIZER RUN
Timestamp: 2026-05-26T13:36:52.834315-04:00
Tickers: QQQ, VTI, VTV
Timeframe: 1Day
======================================================================


======================================================================
STEP 1: FETCHING INCREMENTAL PRICES
======================================================================

============================================================
Updating QQQ
============================================================
Loaded 1465 bars for QQQ from PostgreSQL
Current data: 1465 bars, last: 2026-05-26
Fetching incremental data...
Fetching QQQ incremental data since 2026-05-26
Fetching QQQ data from 2026-05-26 to 2026-05-26
Fetched 1 bars for QQQ (timestamped in America/New_York)
Appending 1 bars to database...
Loaded 1465 bars for QQQ from PostgreSQL
✓ Updated: 1465 total bars, last: 2026-05-26

============================================================
Updating VTI
============================================================
Loaded 1465 bars for VTI from PostgreSQL
Current data: 1465 bars, last: 2026-05-26
Fetching incremental data...
Fetching VTI incremental data since 2026-05-26
Fetching VTI data from 2026-05-26 to 2026-05-26
Fetched 1 bars for VTI (timestamped in America/New_York)
Appending 1 bars to database...
Loaded 1465 bars for VTI from PostgreSQL
✓ Updated: 1465 total bars, last: 2026-05-26

============================================================
Updating VTV
============================================================
Loaded 1465 bars for VTV from PostgreSQL
Current data: 1465 bars, last: 2026-05-26
Fetching incremental data...
Fetching VTV incremental data since 2026-05-26
Fetching VTV data from 2026-05-26 to 2026-05-26
Fetched 1 bars for VTV (timestamped in America/New_York)
Appending 1 bars to database...
Loaded 1465 bars for VTV from PostgreSQL
✓ Updated: 1465 total bars, last: 2026-05-26
[Parallel(n_jobs=-1)]: Done   3 out of   3 | elapsed:    2.1s finished
✓ Saved optimization candidate for QQQ (base_case=0)
✓ Saved best candidate for QQQ (cleaned up old candidates)
✓ Saved 44 backtest trades for QQQ to PostgreSQL
✓ Saved 45 equity snapshots for QQQ
✓ Logged optimization run for QQQ: Sharpe=0.9241849809714922
✓ Saved optimization candidate for VTI (base_case=0)
✓ Saved best candidate for VTI (cleaned up old candidates)
✓ Saved 36 backtest trades for VTI to PostgreSQL
✓ Saved 37 equity snapshots for VTI
✓ Logged optimization run for VTI: Sharpe=0.9752254387081573
✓ Saved optimization candidate for VTV (base_case=0)
✓ Saved best candidate for VTV (cleaned up old candidates)
✓ Saved 38 backtest trades for VTV to PostgreSQL
✓ Saved 39 equity snapshots for VTV
✓ Logged optimization run for VTV: Sharpe=1.128379210646189

======================================================================
STEP 3: PORTFOLIO COORDINATE ASCENT
======================================================================
Loaded 1465 bars for QQQ from PostgreSQL
Loaded 1465 bars for VTI from PostgreSQL
Loaded 1465 bars for VTV from PostgreSQL
  Converged after 1 iterations
  Portfolio return: 190.83%
  Sharpe: 1.17
  Max DD: 24.25%
  Trades: 112
  QQQ: CHAND(14, 2.5)
  VTI: CHAND(18, 2.5)
  VTV: CHAND(22, 2.5)
✓ Saved 112 backtest trades for BLENDED to PostgreSQL
✓ Saved 1444 equity snapshots for BLENDED
  ✓ Saved BLENDED portfolio results

======================================================================
NIGHTLY OPTIMIZATION COMPLETE
======================================================================
Total tickers: 3/3
Total runtime: 9.8s

QQQ:
  Params: CHAND(period=14, mult=3.0)
  Sharpe: 0.92 | Return: 66.67%
VTI:
  Params: CHAND(period=14, mult=3.5)
  Sharpe: 0.98 | Return: 45.87%
VTV:
  Params: CHAND(period=14, mult=3.5)
  Sharpe: 1.13 | Return: 14.74%

======================================================================
DATABASE SUMMARY
======================================================================

QQQ:
  Sharpe: 1.17, Return: 190.83%, Win Rate: 50.9%
VTI:
  Sharpe: 1.17, Return: 190.83%, Win Rate: 50.9%
VTV:
  Sharpe: 1.17, Return: 190.83%, Win Rate: 50.9%
BLENDED (PORTFOLIO):
  Sharpe: 1.17, Return: 190.83%, Win Rate: 50.9%

[VTV] Starting optimization...

======================================================================
Optimizing VTV [1Day]...
======================================================================
Loaded 1465 bars for VTV from PostgreSQL
Testing 9 parameter combinations...

Testing 9 parameter combinations...
This may take a few minutes...


[OK] Optimization complete! Top 5 results:

Rank   Sharpe     Win%     Return     Trades   Parameters                                        
----------------------------------------------------------------------------------------------------
1      1.13       65.8     14.74     % 38       CHAND(period=14, mult=3.5)                        
2      1.06       50.0     13.53     % 62       CHAND(period=18, mult=2.5)                        
3      1.06       53.2     13.67     % 47       CHAND(period=22, mult=3.0)                        
4      1.05       46.8     13.37     % 62       CHAND(period=22, mult=2.5)                        
5      1.02       50.0     12.87     % 62       CHAND(period=14, mult=2.5)                        

Results for VTV:
  Best Sharpe: 1.13
  Win Rate: 65.8%
  Total Return: 14.74%
  Trades: 38
  Runtime: 1.2s

[VTI] Starting optimization...

======================================================================
Optimizing VTI [1Day]...
======================================================================
Loaded 1465 bars for VTI from PostgreSQL
Testing 9 parameter combinations...

Testing 9 parameter combinations...
This may take a few minutes...


[OK] Optimization complete! Top 5 results:

Rank   Sharpe     Win%     Return     Trades   Parameters                                        
----------------------------------------------------------------------------------------------------
1      0.98       55.6     45.87     % 36       CHAND(period=14, mult=3.5)                        
2      0.94       52.9     43.17     % 51       CHAND(period=18, mult=3.0)                        
3      0.93       50.0     42.38     % 52       CHAND(period=22, mult=3.0)                        
4      0.92       58.0     41.61     % 50       CHAND(period=14, mult=3.0)                        
5      0.89       50.0     39.91     % 68       CHAND(period=18, mult=2.5)                        

Results for VTI:
  Best Sharpe: 0.98
  Win Rate: 55.6%
  Total Return: 45.87%
  Trades: 36
  Runtime: 1.3s

[QQQ] Starting optimization...

======================================================================
Optimizing QQQ [1Day]...
======================================================================
Loaded 1465 bars for QQQ from PostgreSQL
Testing 9 parameter combinations...

Testing 9 parameter combinations...
This may take a few minutes...


[OK] Optimization complete! Top 5 results:

Rank   Sharpe     Win%     Return     Trades   Parameters                                        
----------------------------------------------------------------------------------------------------
1      0.92       50.0     66.67     % 44       CHAND(period=14, mult=3.0)                        
2      0.92       51.1     66.27     % 47       CHAND(period=18, mult=3.0)                        
3      0.91       43.8     65.17     % 64       CHAND(period=14, mult=2.5)                        
4      0.89       50.0     64.82     % 34       CHAND(period=14, mult=3.5)                        
5      0.88       47.8     62.31     % 46       CHAND(period=22, mult=3.0)                        

Results for QQQ:
  Best Sharpe: 0.92
  Win Rate: 50.0%
  Total Return: 66.67%
  Trades: 44
  Runtime: 1.3s
[2026-05-26 13:37:05] Optimizer finished (exit: 0)
[2026-05-26 13:45:04] Nightly optimizer starting...
[2026-05-26 13:45:04] Waiting for PostgreSQL...
[2026-05-26 13:45:04] PostgreSQL ready.
[Parallel(n_jobs=-1)]: Using backend LokyBackend with 8 concurrent workers.

======================================================================
NIGHTLY OPTIMIZER RUN
Timestamp: 2026-05-26T13:45:05.209133-04:00
Tickers: QQQ, VTI, VTV
Timeframe: 1Day
======================================================================


======================================================================
STEP 1: FETCHING INCREMENTAL PRICES
======================================================================

============================================================
Updating QQQ
============================================================
Loaded 1465 bars for QQQ from PostgreSQL
Current data: 1465 bars, last: 2026-05-26
Fetching incremental data...
Fetching QQQ incremental data since 2026-05-26
Fetching QQQ data from 2026-05-26 to 2026-05-26
Fetched 1 bars for QQQ (timestamped in America/New_York)
Appending 1 bars to database...
Loaded 1465 bars for QQQ from PostgreSQL
✓ Updated: 1465 total bars, last: 2026-05-26

============================================================
Updating VTI
============================================================
Loaded 1465 bars for VTI from PostgreSQL
Current data: 1465 bars, last: 2026-05-26
Fetching incremental data...
Fetching VTI incremental data since 2026-05-26
Fetching VTI data from 2026-05-26 to 2026-05-26
Fetched 1 bars for VTI (timestamped in America/New_York)
Appending 1 bars to database...
Loaded 1465 bars for VTI from PostgreSQL
✓ Updated: 1465 total bars, last: 2026-05-26

============================================================
Updating VTV
============================================================
Loaded 1465 bars for VTV from PostgreSQL
Current data: 1465 bars, last: 2026-05-26
Fetching incremental data...
Fetching VTV incremental data since 2026-05-26
Fetching VTV data from 2026-05-26 to 2026-05-26
Fetched 1 bars for VTV (timestamped in America/New_York)
Appending 1 bars to database...
Loaded 1465 bars for VTV from PostgreSQL
✓ Updated: 1465 total bars, last: 2026-05-26
[Parallel(n_jobs=-1)]: Done   3 out of   3 | elapsed:    2.1s finished
✓ Saved optimization candidate for QQQ (base_case=0)
✓ Saved best candidate for QQQ (cleaned up old candidates)
✓ Updated base_case=true metrics for QQQ
✓ Saved 44 backtest trades for QQQ to PostgreSQL
✓ Saved 45 equity snapshots for QQQ
✓ Logged optimization run for QQQ: Sharpe=0.9241849809714922
✓ Saved optimization candidate for VTI (base_case=0)
✓ Saved best candidate for VTI (cleaned up old candidates)
✓ Updated base_case=true metrics for VTI
✓ Saved 36 backtest trades for VTI to PostgreSQL
✓ Saved 37 equity snapshots for VTI
✓ Logged optimization run for VTI: Sharpe=0.9752254387081573
✓ Saved optimization candidate for VTV (base_case=0)
✓ Saved best candidate for VTV (cleaned up old candidates)
✓ Updated base_case=true metrics for VTV
✓ Saved 38 backtest trades for VTV to PostgreSQL
✓ Saved 39 equity snapshots for VTV
✓ Logged optimization run for VTV: Sharpe=1.128379210646189

======================================================================
STEP 3: PORTFOLIO COORDINATE ASCENT
======================================================================
Loaded 1465 bars for QQQ from PostgreSQL
Loaded 1465 bars for VTI from PostgreSQL
Loaded 1465 bars for VTV from PostgreSQL
  Converged after 3 iterations
  Portfolio return: 190.83%
  Sharpe: 1.17
  Max DD: 24.25%
  Trades: 112
  QQQ: CHAND(14, 2.5)
  VTI: CHAND(18, 2.5)
  VTV: CHAND(22, 2.5)
✓ Saved 112 backtest trades for BLENDED to PostgreSQL
✓ Saved 1444 equity snapshots for BLENDED
  ✓ Saved BLENDED portfolio results

======================================================================
NIGHTLY OPTIMIZATION COMPLETE
======================================================================
Total tickers: 3/3
Total runtime: 22.0s

QQQ:
  Params: CHAND(period=14, mult=3.0)
  Sharpe: 0.92 | Return: 66.67%
VTI:
  Params: CHAND(period=14, mult=3.5)
  Sharpe: 0.98 | Return: 45.87%
VTV:
  Params: CHAND(period=14, mult=3.5)
  Sharpe: 1.13 | Return: 14.74%

======================================================================
DATABASE SUMMARY
======================================================================

QQQ:
  Sharpe: 0.92, Return: 66.67%, Win Rate: 50.0%
VTI:
  Sharpe: 0.98, Return: 45.87%, Win Rate: 55.6%
VTV:
  Sharpe: 1.13, Return: 14.74%, Win Rate: 65.8%
BLENDED (PORTFOLIO):
  Sharpe: 1.17, Return: 190.83%, Win Rate: 50.9%

[VTV] Starting optimization...

======================================================================
Optimizing VTV [1Day]...
======================================================================
Loaded 1465 bars for VTV from PostgreSQL
Testing 9 parameter combinations...

Testing 9 parameter combinations...
This may take a few minutes...


[OK] Optimization complete! Top 5 results:

Rank   Sharpe     Win%     Return     Trades   Parameters                                        
----------------------------------------------------------------------------------------------------
1      1.13       65.8     14.74     % 38       CHAND(period=14, mult=3.5)                        
2      1.06       50.0     13.53     % 62       CHAND(period=18, mult=2.5)                        
3      1.06       53.2     13.67     % 47       CHAND(period=22, mult=3.0)                        
4      1.05       46.8     13.37     % 62       CHAND(period=22, mult=2.5)                        
5      1.02       50.0     12.87     % 62       CHAND(period=14, mult=2.5)                        

Results for VTV:
  Best Sharpe: 1.13
  Win Rate: 65.8%
  Total Return: 14.74%
  Trades: 38
  Runtime: 1.2s

[QQQ] Starting optimization...

======================================================================
Optimizing QQQ [1Day]...
======================================================================
Loaded 1465 bars for QQQ from PostgreSQL
Testing 9 parameter combinations...

Testing 9 parameter combinations...
This may take a few minutes...


[OK] Optimization complete! Top 5 results:

Rank   Sharpe     Win%     Return     Trades   Parameters                                        
----------------------------------------------------------------------------------------------------
1      0.92       50.0     66.67     % 44       CHAND(period=14, mult=3.0)                        
2      0.92       51.1     66.27     % 47       CHAND(period=18, mult=3.0)                        
3      0.91       43.8     65.17     % 64       CHAND(period=14, mult=2.5)                        
4      0.89       50.0     64.82     % 34       CHAND(period=14, mult=3.5)                        
5      0.88       47.8     62.31     % 46       CHAND(period=22, mult=3.0)                        

Results for QQQ:
  Best Sharpe: 0.92
  Win Rate: 50.0%
  Total Return: 66.67%
  Trades: 44
  Runtime: 1.2s

[VTI] Starting optimization...

======================================================================
Optimizing VTI [1Day]...
======================================================================
Loaded 1465 bars for VTI from PostgreSQL
Testing 9 parameter combinations...

Testing 9 parameter combinations...
This may take a few minutes...


[OK] Optimization complete! Top 5 results:

Rank   Sharpe     Win%     Return     Trades   Parameters                                        
----------------------------------------------------------------------------------------------------
1      0.98       55.6     45.87     % 36       CHAND(period=14, mult=3.5)                        
2      0.94       52.9     43.17     % 51       CHAND(period=18, mult=3.0)                        
3      0.93       50.0     42.38     % 52       CHAND(period=22, mult=3.0)                        
4      0.92       58.0     41.61     % 50       CHAND(period=14, mult=3.0)                        
5      0.89       50.0     39.91     % 68       CHAND(period=18, mult=2.5)                        

Results for VTI:
  Best Sharpe: 0.98
  Win Rate: 55.6%
  Total Return: 45.87%
  Trades: 36
  Runtime: 1.2s
[2026-05-26 13:45:32] Optimizer finished (exit: 0)
[2026-05-27 08:58:31] Nightly optimizer starting...
[2026-05-27 08:58:31] Waiting for PostgreSQL...
[2026-05-27 08:58:31] PostgreSQL ready.
[Parallel(n_jobs=-1)]: Using backend LokyBackend with 8 concurrent workers.

======================================================================
NIGHTLY OPTIMIZER RUN
Timestamp: 2026-05-27T08:58:32.488347-04:00
Tickers: QQQ, VTI, VTV
Timeframe: 1Day
======================================================================


======================================================================
STEP 1: FETCHING INCREMENTAL PRICES
======================================================================

============================================================
Updating QQQ
============================================================
Loaded 1465 bars for QQQ from PostgreSQL
Current data: 1465 bars, last: 2026-05-26
Fetching incremental data...
Fetching QQQ incremental data since 2026-05-26
Fetching QQQ data from 2026-05-26 to 2026-05-27
Fetched 1 bars for QQQ (timestamped in America/New_York)
Appending 1 bars to database...
Loaded 1465 bars for QQQ from PostgreSQL
✓ Updated: 1465 total bars, last: 2026-05-26

============================================================
Updating VTI
============================================================
Loaded 1465 bars for VTI from PostgreSQL
Current data: 1465 bars, last: 2026-05-26
Fetching incremental data...
Fetching VTI incremental data since 2026-05-26
Fetching VTI data from 2026-05-26 to 2026-05-27
Fetched 1 bars for VTI (timestamped in America/New_York)
Appending 1 bars to database...
Loaded 1465 bars for VTI from PostgreSQL
✓ Updated: 1465 total bars, last: 2026-05-26

============================================================
Updating VTV
============================================================
Loaded 1465 bars for VTV from PostgreSQL
Current data: 1465 bars, last: 2026-05-26
Fetching incremental data...
Fetching VTV incremental data since 2026-05-26
Fetching VTV data from 2026-05-26 to 2026-05-27
Fetched 1 bars for VTV (timestamped in America/New_York)
Appending 1 bars to database...
Loaded 1465 bars for VTV from PostgreSQL
✓ Updated: 1465 total bars, last: 2026-05-26
[Parallel(n_jobs=-1)]: Done   3 out of   3 | elapsed:    1.9s finished
✓ Saved optimization candidate for QQQ (base_case=0)
✓ Saved best candidate for QQQ (cleaned up old candidates)
✓ Updated base_case=true metrics for QQQ
✓ Saved 44 backtest trades for QQQ to PostgreSQL
✓ Saved 45 equity snapshots for QQQ
✓ Logged optimization run for QQQ: Sharpe=0.9241849809714922
✓ Saved optimization candidate for VTI (base_case=0)
✓ Saved best candidate for VTI (cleaned up old candidates)
✓ Updated base_case=true metrics for VTI
✓ Saved 36 backtest trades for VTI to PostgreSQL
✓ Saved 37 equity snapshots for VTI
✓ Logged optimization run for VTI: Sharpe=0.9752254387081573
✓ Saved optimization candidate for VTV (base_case=0)
✓ Saved best candidate for VTV (cleaned up old candidates)
✓ Updated base_case=true metrics for VTV
✓ Saved 38 backtest trades for VTV to PostgreSQL
✓ Saved 39 equity snapshots for VTV
✓ Logged optimization run for VTV: Sharpe=1.128379210646189

======================================================================
STEP 3: PORTFOLIO COORDINATE ASCENT
======================================================================
Loaded 1465 bars for QQQ from PostgreSQL
Loaded 1465 bars for VTI from PostgreSQL
Loaded 1465 bars for VTV from PostgreSQL
  Converged after 1 iterations
  Portfolio return: 190.83%
  Sharpe: 1.17
  Max DD: 24.25%
  Trades: 112
  QQQ: CHAND(14, 2.5)
  VTI: CHAND(18, 2.5)
  VTV: CHAND(22, 2.5)
✓ Saved 112 backtest trades for BLENDED to PostgreSQL
✓ Saved 1444 equity snapshots for BLENDED
  ✓ Saved BLENDED portfolio results

======================================================================
NIGHTLY OPTIMIZATION COMPLETE
======================================================================
Total tickers: 3/3
Total runtime: 7.7s

QQQ:
  Params: CHAND(period=14, mult=3.0)
  Sharpe: 0.92 | Return: 66.67%
VTI:
  Params: CHAND(period=14, mult=3.5)
  Sharpe: 0.98 | Return: 45.87%
VTV:
  Params: CHAND(period=14, mult=3.5)
  Sharpe: 1.13 | Return: 14.74%

======================================================================
DATABASE SUMMARY
======================================================================

QQQ:
  Sharpe: 0.92, Return: 66.67%, Win Rate: 50.0%
VTI:
  Sharpe: 0.98, Return: 45.87%, Win Rate: 55.6%
VTV:
  Sharpe: 1.13, Return: 14.74%, Win Rate: 65.8%
BLENDED (PORTFOLIO):
  Sharpe: 1.17, Return: 190.83%, Win Rate: 50.9%

[QQQ] Starting optimization...

======================================================================
Optimizing QQQ [1Day]...
======================================================================
Loaded 1465 bars for QQQ from PostgreSQL
Testing 9 parameter combinations...

Testing 9 parameter combinations...
This may take a few minutes...


[OK] Optimization complete! Top 5 results:

Rank   Sharpe     Win%     Return     Trades   Parameters                                        
----------------------------------------------------------------------------------------------------
1      0.92       50.0     66.67     % 44       CHAND(period=14, mult=3.0)                        
2      0.92       51.1     66.27     % 47       CHAND(period=18, mult=3.0)                        
3      0.91       43.8     65.17     % 64       CHAND(period=14, mult=2.5)                        
4      0.89       50.0     64.82     % 34       CHAND(period=14, mult=3.5)                        
5      0.88       47.8     62.31     % 46       CHAND(period=22, mult=3.0)                        

Results for QQQ:
  Best Sharpe: 0.92
  Win Rate: 50.0%
  Total Return: 66.67%
  Trades: 44
  Runtime: 1.0s

[VTV] Starting optimization...

======================================================================
Optimizing VTV [1Day]...
======================================================================
Loaded 1465 bars for VTV from PostgreSQL
Testing 9 parameter combinations...

Testing 9 parameter combinations...
This may take a few minutes...


[OK] Optimization complete! Top 5 results:

Rank   Sharpe     Win%     Return     Trades   Parameters                                        
----------------------------------------------------------------------------------------------------
1      1.13       65.8     14.74     % 38       CHAND(period=14, mult=3.5)                        
2      1.06       50.0     13.53     % 62       CHAND(period=18, mult=2.5)                        
3      1.06       53.2     13.67     % 47       CHAND(period=22, mult=3.0)                        
4      1.05       46.8     13.37     % 62       CHAND(period=22, mult=2.5)                        
5      1.02       50.0     12.87     % 62       CHAND(period=14, mult=2.5)                        

Results for VTV:
  Best Sharpe: 1.13
  Win Rate: 65.8%
  Total Return: 14.74%
  Trades: 38
  Runtime: 1.1s

[VTI] Starting optimization...

======================================================================
Optimizing VTI [1Day]...
======================================================================
Loaded 1465 bars for VTI from PostgreSQL
Testing 9 parameter combinations...

Testing 9 parameter combinations...
This may take a few minutes...


[OK] Optimization complete! Top 5 results:

Rank   Sharpe     Win%     Return     Trades   Parameters                                        
----------------------------------------------------------------------------------------------------
1      0.98       55.6     45.87     % 36       CHAND(period=14, mult=3.5)                        
2      0.94       52.9     43.17     % 51       CHAND(period=18, mult=3.0)                        
3      0.93       50.0     42.38     % 52       CHAND(period=22, mult=3.0)                        
4      0.92       58.0     41.61     % 50       CHAND(period=14, mult=3.0)                        
5      0.89       50.0     39.91     % 68       CHAND(period=18, mult=2.5)                        

Results for VTI:
  Best Sharpe: 0.98
  Win Rate: 55.6%
  Total Return: 45.87%
  Trades: 36
  Runtime: 1.1s
[2026-05-27 08:58:41] Optimizer finished (exit: 0)
[2026-05-27 19:25:04] Nightly optimizer starting...
[2026-05-27 19:25:04] Waiting for PostgreSQL...
[2026-05-27 19:25:04] PostgreSQL ready.
[Parallel(n_jobs=-1)]: Using backend LokyBackend with 8 concurrent workers.

======================================================================
NIGHTLY OPTIMIZER RUN
Timestamp: 2026-05-27T19:25:06.123824-04:00
Tickers: QQQ, VTI, VTV
Timeframe: 1Day
======================================================================


======================================================================
STEP 1: FETCHING INCREMENTAL PRICES
======================================================================

============================================================
Updating QQQ
============================================================
Loaded 1465 bars for QQQ from PostgreSQL
Current data: 1465 bars, last: 2026-05-26
Fetching incremental data...
Fetching QQQ incremental data since 2026-05-26
Fetching QQQ data from 2026-05-26 to 2026-05-27
Fetched 2 bars for QQQ (timestamped in America/New_York)
Appending 2 bars to database...
Appended 1 new bars for QQQ to PostgreSQL
Loaded 1466 bars for QQQ from PostgreSQL
✓ Updated: 1466 total bars, last: 2026-05-27

============================================================
Updating VTI
============================================================
Loaded 1465 bars for VTI from PostgreSQL
Current data: 1465 bars, last: 2026-05-26
Fetching incremental data...
Fetching VTI incremental data since 2026-05-26
Fetching VTI data from 2026-05-26 to 2026-05-27
Fetched 2 bars for VTI (timestamped in America/New_York)
Appending 2 bars to database...
Appended 1 new bars for VTI to PostgreSQL
Loaded 1466 bars for VTI from PostgreSQL
✓ Updated: 1466 total bars, last: 2026-05-27

============================================================
Updating VTV
============================================================
Loaded 1465 bars for VTV from PostgreSQL
Current data: 1465 bars, last: 2026-05-26
Fetching incremental data...
Fetching VTV incremental data since 2026-05-26
Fetching VTV data from 2026-05-26 to 2026-05-27
Fetched 2 bars for VTV (timestamped in America/New_York)
Appending 2 bars to database...
Appended 1 new bars for VTV to PostgreSQL
Loaded 1466 bars for VTV from PostgreSQL
✓ Updated: 1466 total bars, last: 2026-05-27
[Parallel(n_jobs=-1)]: Done   3 out of   3 | elapsed:    2.6s finished
✓ Saved optimization candidate for QQQ (base_case=0)
✓ Saved best candidate for QQQ (cleaned up old candidates)
✓ Updated base_case=true metrics for QQQ
✓ Saved 44 backtest trades for QQQ to PostgreSQL
✓ Saved 45 equity snapshots for QQQ
✓ Logged optimization run for QQQ: Sharpe=0.9255933792468363
✓ Saved optimization candidate for VTI (base_case=0)
✓ Saved best candidate for VTI (cleaned up old candidates)
✓ Updated base_case=true metrics for VTI
✓ Saved 36 backtest trades for VTI to PostgreSQL
✓ Saved 37 equity snapshots for VTI
✓ Logged optimization run for VTI: Sharpe=0.9764669170147995
✓ Saved optimization candidate for VTV (base_case=0)
✓ Saved best candidate for VTV (cleaned up old candidates)
✓ Updated base_case=true metrics for VTV
✓ Saved 38 backtest trades for VTV to PostgreSQL
✓ Saved 39 equity snapshots for VTV
✓ Logged optimization run for VTV: Sharpe=1.1277156756440119

======================================================================
STEP 3: PORTFOLIO COORDINATE ASCENT
======================================================================
Loaded 1466 bars for QQQ from PostgreSQL
Loaded 1466 bars for VTI from PostgreSQL
Loaded 1466 bars for VTV from PostgreSQL
  Converged after 1 iterations
  Portfolio return: 191.13%
  Sharpe: 1.17
  Max DD: 24.25%
  Trades: 112
  QQQ: CHAND(14, 2.5)
  VTI: CHAND(18, 2.5)
  VTV: CHAND(22, 2.5)
✓ Saved 112 backtest trades for BLENDED to PostgreSQL
✓ Saved 1445 equity snapshots for BLENDED
  ✓ Saved BLENDED portfolio results

======================================================================
NIGHTLY OPTIMIZATION COMPLETE
======================================================================
Total tickers: 3/3
Total runtime: 12.7s

QQQ:
  Params: CHAND(period=14, mult=3.0)
  Sharpe: 0.93 | Return: 66.84%
VTI:
  Params: CHAND(period=14, mult=3.5)
  Sharpe: 0.98 | Return: 45.96%
VTV:
  Params: CHAND(period=14, mult=3.5)
  Sharpe: 1.13 | Return: 14.74%

======================================================================
DATABASE SUMMARY
======================================================================

QQQ:
  Sharpe: 0.93, Return: 66.84%, Win Rate: 50.0%
VTI:
  Sharpe: 0.98, Return: 45.96%, Win Rate: 55.6%
VTV:
  Sharpe: 1.13, Return: 14.74%, Win Rate: 65.8%
BLENDED (PORTFOLIO):
  Sharpe: 1.17, Return: 191.13%, Win Rate: 50.9%

[QQQ] Starting optimization...

======================================================================
Optimizing QQQ [1Day]...
======================================================================
Loaded 1466 bars for QQQ from PostgreSQL
Testing 9 parameter combinations...

Testing 9 parameter combinations...
This may take a few minutes...


[OK] Optimization complete! Top 5 results:

Rank   Sharpe     Win%     Return     Trades   Parameters                                        
----------------------------------------------------------------------------------------------------
1      0.93       50.0     66.84     % 44       CHAND(period=14, mult=3.0)                        
2      0.92       51.1     66.44     % 47       CHAND(period=18, mult=3.0)                        
3      0.91       43.8     65.34     % 64       CHAND(period=14, mult=2.5)                        
4      0.89       50.0     64.99     % 34       CHAND(period=14, mult=3.5)                        
5      0.88       47.8     62.48     % 46       CHAND(period=22, mult=3.0)                        

Results for QQQ:
  Best Sharpe: 0.93
  Win Rate: 50.0%
  Total Return: 66.84%
  Trades: 44
  Runtime: 1.4s

[VTI] Starting optimization...

======================================================================
Optimizing VTI [1Day]...
======================================================================
Loaded 1466 bars for VTI from PostgreSQL
Testing 9 parameter combinations...

Testing 9 parameter combinations...
This may take a few minutes...


[OK] Optimization complete! Top 5 results:

Rank   Sharpe     Win%     Return     Trades   Parameters                                        
----------------------------------------------------------------------------------------------------
1      0.98       55.6     45.96     % 36       CHAND(period=14, mult=3.5)                        
2      0.95       52.9     43.27     % 51       CHAND(period=18, mult=3.0)                        
3      0.93       50.0     42.47     % 52       CHAND(period=22, mult=3.0)                        
4      0.92       58.0     41.70     % 50       CHAND(period=14, mult=3.0)                        
5      0.89       50.0     40.00     % 68       CHAND(period=18, mult=2.5)                        

Results for VTI:
  Best Sharpe: 0.98
  Win Rate: 55.6%
  Total Return: 45.96%
  Trades: 36
  Runtime: 1.4s

[VTV] Starting optimization...

======================================================================
Optimizing VTV [1Day]...
======================================================================
Loaded 1466 bars for VTV from PostgreSQL
Testing 9 parameter combinations...

Testing 9 parameter combinations...
This may take a few minutes...


[OK] Optimization complete! Top 5 results:

Rank   Sharpe     Win%     Return     Trades   Parameters                                        
----------------------------------------------------------------------------------------------------
1      1.13       65.8     14.74     % 38       CHAND(period=14, mult=3.5)                        
2      1.06       50.0     13.52     % 62       CHAND(period=18, mult=2.5)                        
3      1.06       53.2     13.66     % 47       CHAND(period=22, mult=3.0)                        
4      1.05       46.8     13.37     % 62       CHAND(period=22, mult=2.5)                        
5      1.02       50.0     12.87     % 62       CHAND(period=14, mult=2.5)                        

Results for VTV:
  Best Sharpe: 1.13
  Win Rate: 65.8%
  Total Return: 14.74%
  Trades: 38
  Runtime: 1.4s
[2026-05-27 19:25:20] Optimizer finished (exit: 0)
[2026-06-02 18:00:20] Nightly optimizer starting...
[2026-06-02 18:00:20] Waiting for PostgreSQL...
[2026-06-02 18:00:20] PostgreSQL ready.
[Parallel(n_jobs=-1)]: Using backend LokyBackend with 8 concurrent workers.

======================================================================
NIGHTLY OPTIMIZER RUN
Timestamp: 2026-06-02T18:00:21.046835-04:00
Tickers: QQQ, VTI, VTV
Timeframe: 1Day
======================================================================


======================================================================
STEP 1: FETCHING INCREMENTAL PRICES
======================================================================

============================================================
Updating QQQ
============================================================
Loaded 1470 bars for QQQ from PostgreSQL
Current data: 1470 bars, last: 2026-06-02
Fetching incremental data...
Fetching QQQ incremental data since 2026-06-02
Fetching QQQ data from 2026-06-02 to 2026-06-02
Fetched 1 bars for QQQ (timestamped in America/New_York)
Appending 1 bars to database...
Loaded 1470 bars for QQQ from PostgreSQL
✓ Updated: 1470 total bars, last: 2026-06-02

============================================================
Updating VTI
============================================================
Loaded 1470 bars for VTI from PostgreSQL
Current data: 1470 bars, last: 2026-06-02
Fetching incremental data...
Fetching VTI incremental data since 2026-06-02
Fetching VTI data from 2026-06-02 to 2026-06-02
Fetched 1 bars for VTI (timestamped in America/New_York)
Appending 1 bars to database...
Loaded 1470 bars for VTI from PostgreSQL
✓ Updated: 1470 total bars, last: 2026-06-02

============================================================
Updating VTV
============================================================
Loaded 1470 bars for VTV from PostgreSQL
Current data: 1470 bars, last: 2026-06-02
Fetching incremental data...
Fetching VTV incremental data since 2026-06-02
Fetching VTV data from 2026-06-02 to 2026-06-02
Fetched 1 bars for VTV (timestamped in America/New_York)
Appending 1 bars to database...
Loaded 1470 bars for VTV from PostgreSQL
✓ Updated: 1470 total bars, last: 2026-06-02
[Parallel(n_jobs=-1)]: Done   3 out of   3 | elapsed:    2.6s finished
✓ Saved optimization candidate for QQQ (base_case=0)
✓ Saved best candidate for QQQ (cleaned up old candidates)
✓ Updated base_case=true metrics for QQQ
✓ Saved 44 backtest trades for QQQ to PostgreSQL
✓ Saved 45 equity snapshots for QQQ
✓ Logged optimization run for QQQ: Sharpe=0.9446185770030013
✓ Saved optimization candidate for VTI (base_case=0)
✓ Saved best candidate for VTI (cleaned up old candidates)
✓ Updated base_case=true metrics for VTI
✓ Saved 36 backtest trades for VTI to PostgreSQL
✓ Saved 37 equity snapshots for VTI
✓ Logged optimization run for VTI: Sharpe=0.9955974799026461
✓ Saved optimization candidate for VTV (base_case=0)
✓ Saved best candidate for VTV (cleaned up old candidates)
✓ Updated base_case=true metrics for VTV
✓ Saved 38 backtest trades for VTV to PostgreSQL
✓ Saved 39 equity snapshots for VTV
✓ Logged optimization run for VTV: Sharpe=1.135449597104456

======================================================================
STEP 3: PORTFOLIO COORDINATE ASCENT
======================================================================
Loaded 1470 bars for QQQ from PostgreSQL
Loaded 1470 bars for VTI from PostgreSQL
Loaded 1470 bars for VTV from PostgreSQL
  Converged after 1 iterations
  Portfolio return: 195.58%
  Sharpe: 1.18
  Max DD: 24.25%
  Trades: 112
  QQQ: CHAND(14, 2.5)
  VTI: CHAND(18, 2.5)
  VTV: CHAND(22, 2.5)
✓ Saved 112 backtest trades for BLENDED to PostgreSQL
✓ Saved 1449 equity snapshots for BLENDED
  ✓ Saved BLENDED portfolio results

======================================================================
NIGHTLY OPTIMIZATION COMPLETE
======================================================================
Total tickers: 3/3
Total runtime: 11.4s

QQQ:
  Params: CHAND(period=14, mult=3.0)
  Sharpe: 0.94 | Return: 58.70%
VTI:
  Params: CHAND(period=14, mult=3.5)
  Sharpe: 1.00 | Return: 15.38%
VTV:
  Params: CHAND(period=14, mult=3.5)
  Sharpe: 1.14 | Return: 21.75%

======================================================================
DATABASE SUMMARY
======================================================================

QQQ:
  Sharpe: 0.94, Return: 58.70%, Win Rate: 50.0%
VTI:
  Sharpe: 1.00, Return: 15.38%, Win Rate: 55.6%
VTV:
  Sharpe: 1.14, Return: 21.75%, Win Rate: 65.8%
BLENDED (PORTFOLIO):
  Sharpe: 1.18, Return: 195.58%, Win Rate: 50.9%

[VTI] Starting optimization...

======================================================================
Optimizing VTI [1Day]...
======================================================================
Loaded 1470 bars for VTI from PostgreSQL
Testing 9 parameter combinations...

Testing 9 parameter combinations...
This may take a few minutes...


[OK] Optimization complete! Top 5 results:

Rank   Sharpe     Win%     Return     Trades   Parameters                                        
----------------------------------------------------------------------------------------------------
1      1.00       55.6     15.38     % 36       CHAND(period=14, mult=3.5)                        
2      0.96       52.9     14.44     % 51       CHAND(period=18, mult=3.0)                        
3      0.94       50.0     14.21     % 52       CHAND(period=22, mult=3.0)                        
4      0.94       58.0     14.00     % 50       CHAND(period=14, mult=3.0)                        
5      0.91       50.0     13.51     % 68       CHAND(period=18, mult=2.5)                        

Results for VTI:
  Best Sharpe: 1.00
  Win Rate: 55.6%
  Total Return: 15.38%
  Trades: 36
  Runtime: 1.4s

[QQQ] Starting optimization...

======================================================================
Optimizing QQQ [1Day]...
======================================================================
Loaded 1470 bars for QQQ from PostgreSQL
Testing 9 parameter combinations...

Testing 9 parameter combinations...
This may take a few minutes...


[OK] Optimization complete! Top 5 results:

Rank   Sharpe     Win%     Return     Trades   Parameters                                        
----------------------------------------------------------------------------------------------------
1      0.94       50.0     58.70     % 44       CHAND(period=14, mult=3.0)                        
2      0.94       51.1     58.33     % 47       CHAND(period=18, mult=3.0)                        
3      0.93       43.8     57.44     % 64       CHAND(period=14, mult=2.5)                        
4      0.91       50.0     57.19     % 34       CHAND(period=14, mult=3.5)                        
5      0.90       47.8     55.06     % 46       CHAND(period=22, mult=3.0)                        

Results for QQQ:
  Best Sharpe: 0.94
  Win Rate: 50.0%
  Total Return: 58.70%
  Trades: 44
  Runtime: 1.5s

[VTV] Starting optimization...

======================================================================
Optimizing VTV [1Day]...
======================================================================
Loaded 1470 bars for VTV from PostgreSQL
Testing 9 parameter combinations...

Testing 9 parameter combinations...
This may take a few minutes...


[OK] Optimization complete! Top 5 results:

Rank   Sharpe     Win%     Return     Trades   Parameters                                        
----------------------------------------------------------------------------------------------------
1      1.14       65.8     21.75     % 38       CHAND(period=14, mult=3.5)                        
2      1.07       50.0     19.93     % 62       CHAND(period=18, mult=2.5)                        
3      1.06       53.2     20.12     % 47       CHAND(period=22, mult=3.0)                        
4      1.06       46.8     19.69     % 62       CHAND(period=22, mult=2.5)                        
5      1.02       50.0     18.95     % 62       CHAND(period=14, mult=2.5)                        

Results for VTV:
  Best Sharpe: 1.14
  Win Rate: 65.8%
  Total Return: 21.75%
  Trades: 38
  Runtime: 1.6s
[2026-06-02 18:00:33] Optimizer finished (exit: 0)
[2026-06-03 08:45:47] Nightly optimizer starting...
[2026-06-03 08:45:47] Waiting for PostgreSQL...
[2026-06-03 08:45:47] PostgreSQL ready.
[Parallel(n_jobs=-1)]: Using backend LokyBackend with 8 concurrent workers.

======================================================================
NIGHTLY OPTIMIZER RUN
Timestamp: 2026-06-03T08:45:49.605381-04:00
Tickers: QQQ, VTI, VTV
Timeframe: 1Day
======================================================================


======================================================================
STEP 1: FETCHING INCREMENTAL PRICES
======================================================================

============================================================
Updating QQQ
============================================================
Loaded 1470 bars for QQQ from PostgreSQL
Current data: 1470 bars, last: 2026-06-02
Fetching incremental data...
Fetching QQQ incremental data since 2026-06-02
Fetching QQQ data from 2026-06-02 to 2026-06-03
Fetched 1 bars for QQQ (timestamped in America/New_York)
Appending 1 bars to database...
Loaded 1470 bars for QQQ from PostgreSQL
✓ Updated: 1470 total bars, last: 2026-06-02

============================================================
Updating VTI
============================================================
Loaded 1470 bars for VTI from PostgreSQL
Current data: 1470 bars, last: 2026-06-02
Fetching incremental data...
Fetching VTI incremental data since 2026-06-02
Fetching VTI data from 2026-06-02 to 2026-06-03
Fetched 1 bars for VTI (timestamped in America/New_York)
Appending 1 bars to database...
Loaded 1470 bars for VTI from PostgreSQL
✓ Updated: 1470 total bars, last: 2026-06-02

============================================================
Updating VTV
============================================================
Loaded 1470 bars for VTV from PostgreSQL
Current data: 1470 bars, last: 2026-06-02
Fetching incremental data...
Fetching VTV incremental data since 2026-06-02
Fetching VTV data from 2026-06-02 to 2026-06-03
Fetched 1 bars for VTV (timestamped in America/New_York)
Appending 1 bars to database...
Loaded 1470 bars for VTV from PostgreSQL
✓ Updated: 1470 total bars, last: 2026-06-02
[Parallel(n_jobs=-1)]: Done   3 out of   3 | elapsed:    3.6s finished
✓ Saved optimization candidate for QQQ (base_case=0)
✓ Saved best candidate for QQQ (cleaned up old candidates)
✓ Updated base_case=true metrics for QQQ
✓ Saved 44 backtest trades for QQQ to PostgreSQL
✓ Saved 45 equity snapshots for QQQ
✓ Logged optimization run for QQQ: Sharpe=0.9446185770030013
✓ Saved optimization candidate for VTI (base_case=0)
✓ Saved best candidate for VTI (cleaned up old candidates)
✓ Updated base_case=true metrics for VTI
✓ Saved 36 backtest trades for VTI to PostgreSQL
✓ Saved 37 equity snapshots for VTI
✓ Logged optimization run for VTI: Sharpe=0.9955974799026461
✓ Saved optimization candidate for VTV (base_case=0)
✓ Saved best candidate for VTV (cleaned up old candidates)
✓ Updated base_case=true metrics for VTV
✓ Saved 38 backtest trades for VTV to PostgreSQL
✓ Saved 39 equity snapshots for VTV
✓ Logged optimization run for VTV: Sharpe=1.135449597104456

======================================================================
STEP 3: PORTFOLIO COORDINATE ASCENT
======================================================================
Loaded 1470 bars for QQQ from PostgreSQL
Loaded 1470 bars for VTI from PostgreSQL
Loaded 1470 bars for VTV from PostgreSQL
  Converged after 1 iterations
  Portfolio return: 195.58%
  Sharpe: 1.18
  Max DD: 24.25%
  Trades: 112
  QQQ: CHAND(14, 2.5)
  VTI: CHAND(18, 2.5)
  VTV: CHAND(22, 2.5)
✓ Saved 112 backtest trades for BLENDED to PostgreSQL
✓ Saved 1449 equity snapshots for BLENDED
  ✓ Saved BLENDED portfolio results

======================================================================
NIGHTLY OPTIMIZATION COMPLETE
======================================================================
Total tickers: 3/3
Total runtime: 14.8s

QQQ:
  Params: CHAND(period=14, mult=3.0)
  Sharpe: 0.94 | Return: 58.70%
VTI:
  Params: CHAND(period=14, mult=3.5)
  Sharpe: 1.00 | Return: 15.38%
VTV:
  Params: CHAND(period=14, mult=3.5)
  Sharpe: 1.14 | Return: 21.75%

======================================================================
DATABASE SUMMARY
======================================================================

QQQ:
  Sharpe: 0.94, Return: 58.70%, Win Rate: 50.0%
VTI:
  Sharpe: 1.00, Return: 15.38%, Win Rate: 55.6%
VTV:
  Sharpe: 1.14, Return: 21.75%, Win Rate: 65.8%
BLENDED (PORTFOLIO):
  Sharpe: 1.18, Return: 195.58%, Win Rate: 50.9%

[VTI] Starting optimization...

======================================================================
Optimizing VTI [1Day]...
======================================================================
Loaded 1470 bars for VTI from PostgreSQL
Testing 9 parameter combinations...

Testing 9 parameter combinations...
This may take a few minutes...


[OK] Optimization complete! Top 5 results:

Rank   Sharpe     Win%     Return     Trades   Parameters                                        
----------------------------------------------------------------------------------------------------
1      1.00       55.6     15.38     % 36       CHAND(period=14, mult=3.5)                        
2      0.96       52.9     14.44     % 51       CHAND(period=18, mult=3.0)                        
3      0.94       50.0     14.21     % 52       CHAND(period=22, mult=3.0)                        
4      0.94       58.0     14.00     % 50       CHAND(period=14, mult=3.0)                        
5      0.91       50.0     13.51     % 68       CHAND(period=18, mult=2.5)                        

Results for VTI:
  Best Sharpe: 1.00
  Win Rate: 55.6%
  Total Return: 15.38%
  Trades: 36
  Runtime: 2.0s

[QQQ] Starting optimization...

======================================================================
Optimizing QQQ [1Day]...
======================================================================
Loaded 1470 bars for QQQ from PostgreSQL
Testing 9 parameter combinations...

Testing 9 parameter combinations...
This may take a few minutes...


[OK] Optimization complete! Top 5 results:

Rank   Sharpe     Win%     Return     Trades   Parameters                                        
----------------------------------------------------------------------------------------------------
1      0.94       50.0     58.70     % 44       CHAND(period=14, mult=3.0)                        
2      0.94       51.1     58.33     % 47       CHAND(period=18, mult=3.0)                        
3      0.93       43.8     57.44     % 64       CHAND(period=14, mult=2.5)                        
4      0.91       50.0     57.19     % 34       CHAND(period=14, mult=3.5)                        
5      0.90       47.8     55.06     % 46       CHAND(period=22, mult=3.0)                        

Results for QQQ:
  Best Sharpe: 0.94
  Win Rate: 50.0%
  Total Return: 58.70%
  Trades: 44
  Runtime: 2.1s

[VTV] Starting optimization...

======================================================================
Optimizing VTV [1Day]...
======================================================================
Loaded 1470 bars for VTV from PostgreSQL
Testing 9 parameter combinations...

Testing 9 parameter combinations...
This may take a few minutes...


[OK] Optimization complete! Top 5 results:

Rank   Sharpe     Win%     Return     Trades   Parameters                                        
----------------------------------------------------------------------------------------------------
1      1.14       65.8     21.75     % 38       CHAND(period=14, mult=3.5)                        
2      1.07       50.0     19.93     % 62       CHAND(period=18, mult=2.5)                        
3      1.06       53.2     20.12     % 47       CHAND(period=22, mult=3.0)                        
4      1.06       46.8     19.69     % 62       CHAND(period=22, mult=2.5)                        
5      1.02       50.0     18.95     % 62       CHAND(period=14, mult=2.5)                        

Results for VTV:
  Best Sharpe: 1.14
  Win Rate: 65.8%
  Total Return: 21.75%
  Trades: 38
  Runtime: 2.2s
[2026-06-03 08:46:06] Optimizer finished (exit: 0)
[2026-06-30 09:26:02] Nightly optimizer starting...
[2026-06-30 09:26:02] Waiting for PostgreSQL...
[2026-06-30 09:26:02] PostgreSQL ready.
[Parallel(n_jobs=-1)]: Using backend LokyBackend with 8 concurrent workers.

======================================================================
NIGHTLY OPTIMIZER RUN
Timestamp: 2026-06-30T09:26:03.996402-04:00
Tickers: QQQ, VTI, VTV
Timeframe: 1Day
======================================================================


======================================================================
STEP 1: FETCHING INCREMENTAL PRICES
======================================================================

============================================================
Updating QQQ
============================================================
Loaded 1487 bars for QQQ from PostgreSQL
Current data: 1487 bars, last: 2026-06-29
Fetching incremental data...
Fetching QQQ incremental data since 2026-06-29
Fetching QQQ data from 2026-06-29 to 2026-06-30
Fetched 1 bars for QQQ (timestamped in America/New_York)
Appending 1 bars to database...
Loaded 1487 bars for QQQ from PostgreSQL
✓ Updated: 1487 total bars, last: 2026-06-29

============================================================
Updating VTI
============================================================
Loaded 1487 bars for VTI from PostgreSQL
Current data: 1487 bars, last: 2026-06-29
Fetching incremental data...
Fetching VTI incremental data since 2026-06-29
Fetching VTI data from 2026-06-29 to 2026-06-30
Fetched 1 bars for VTI (timestamped in America/New_York)
Appending 1 bars to database...
Loaded 1487 bars for VTI from PostgreSQL
✓ Updated: 1487 total bars, last: 2026-06-29

============================================================
Updating VTV
============================================================
Loaded 1487 bars for VTV from PostgreSQL
Current data: 1487 bars, last: 2026-06-29
Fetching incremental data...
Fetching VTV incremental data since 2026-06-29
Fetching VTV data from 2026-06-29 to 2026-06-30
Fetched 1 bars for VTV (timestamped in America/New_York)
Appending 1 bars to database...
Loaded 1487 bars for VTV from PostgreSQL
✓ Updated: 1487 total bars, last: 2026-06-29
[Parallel(n_jobs=-1)]: Done   3 out of   3 | elapsed:    3.7s finished
✓ Saved optimization candidate for QQQ (base_case=0)
✓ Saved best candidate for QQQ (cleaned up old candidates)
✓ Updated base_case=true params + metrics for QQQ
✓ Saved 36 backtest trades for QQQ to PostgreSQL
✓ Saved 37 equity snapshots for QQQ
✓ Logged optimization run for QQQ: Sharpe=1.0922948628028113
✓ Saved optimization candidate for VTI (base_case=0)
✓ Saved best candidate for VTI (cleaned up old candidates)
✓ Updated base_case=true params + metrics for VTI
✓ Saved 46 backtest trades for VTI to PostgreSQL
✓ Saved 47 equity snapshots for VTI
✓ Logged optimization run for VTI: Sharpe=1.0474717880907913
✓ Saved optimization candidate for VTV (base_case=0)
✓ Saved best candidate for VTV (cleaned up old candidates)
✓ Updated base_case=true params + metrics for VTV
✓ Saved 52 backtest trades for VTV to PostgreSQL
✓ Saved 53 equity snapshots for VTV
✓ Logged optimization run for VTV: Sharpe=0.9552315336291056

======================================================================
STEP 3: PORTFOLIO COORDINATE ASCENT
======================================================================
Loaded 1487 bars for QQQ from PostgreSQL
Loaded 1487 bars for VTI from PostgreSQL
Loaded 1487 bars for VTV from PostgreSQL
  Promotion gate: 0.8275 (best ever: 0.0000, current: 0.8275)
  Converged after 2 iterations
  Portfolio return: 164.74%
  Sharpe: 1.00 (baseline: 0.83)
  Max DD: 24.33%
  Trades: 35
  QQQ: CHAND(18, 3.5, entry_mult=1.5), REG(slope_atr 3d th=-2.0)
  VTI: CHAND(18, 3.5, entry_mult=1.5)
  VTV: CHAND(18, 2.5, entry_mult=2.0), REG(slope_atr 3d th=-2.0)
  ✓ Sharpe improved 0.8275 → 1.0047 — promoting new params
✓ Saved 35 backtest trades for BLENDED to PostgreSQL
✓ Saved 1470 equity snapshots for BLENDED
  ✓ Saved BLENDED portfolio results

======================================================================
NIGHTLY OPTIMIZATION COMPLETE
======================================================================
Total tickers: 3/3
Total runtime: 22.0s

QQQ:
  Params: CHAND(period=18, mult=3.5), REG(slope_pct 8d th=-0.5)
  Sharpe: 1.09 | Return: 137.93%
VTI:
  Params: CHAND(period=14, mult=3.0)
  Sharpe: 1.05 | Return: 89.60%
VTV:
  Params: CHAND(period=18, mult=2.5), REG(slope_atr 3d th=-1.0)
  Sharpe: 0.96 | Return: 65.79%

======================================================================
DATABASE SUMMARY
======================================================================

QQQ:
  Sharpe: 1.09, Return: 137.93%, Win Rate: 58.3%
VTI:
  Sharpe: 1.05, Return: 89.60%, Win Rate: 54.4%
VTV:
  Sharpe: 0.96, Return: 65.79%, Win Rate: 51.9%
BLENDED (PORTFOLIO):
  Sharpe: 1.00, Return: 164.74%, Win Rate: 54.3%

[VTI] Starting optimization...

======================================================================
Optimizing VTI [1Day]...
======================================================================
Loaded 1487 bars for VTI from PostgreSQL
PASS 1: Testing 27 chandelier-only combinations...

Testing 27 parameter combinations...
This may take a few minutes...

  [VTI] Tested 10/27 combinations...
  [VTI] Tested 20/27 combinations...

[OK] Optimization complete! Top 5 results:

Rank   Sharpe     Win%     Return     Trades   Parameters                                                            
------------------------------------------------------------------------------------------------------------------------
1      1.05       54.3     89.60     % 46       CHAND(period=14, mult=3.0, entry=1.5)                                 
2      1.02       53.7     80.78     % 41       CHAND(period=18, mult=3.0, entry=1.0)                                 
3      1.01       58.1     83.11     % 43       CHAND(period=18, mult=3.0, entry=1.5)                                 
4      0.98       52.3     78.94     % 44       CHAND(period=14, mult=3.0, entry=1.0)                                 
5      0.91       56.4     73.71     % 39       CHAND(period=18, mult=3.5, entry=1.5)                                 

PASS 2: Testing 32 regression combinations (fixed chandelier: period=14, mult=3.0, entry=1.5)...
  ✓ Chandelier-only wins: Sharpe 1.05 vs regression 1.05

Results for VTI:
  Best Sharpe: 1.05
  Win Rate: 54.3%
  Total Return: 89.60%
  Trades: 46
  Runtime: 2.6s

[VTV] Starting optimization...

======================================================================
Optimizing VTV [1Day]...
======================================================================
Loaded 1487 bars for VTV from PostgreSQL
PASS 1: Testing 27 chandelier-only combinations...

Testing 27 parameter combinations...
This may take a few minutes...

  [VTV] Tested 10/27 combinations...
  [VTV] Tested 20/27 combinations...

[OK] Optimization complete! Top 5 results:

Rank   Sharpe     Win%     Return     Trades   Parameters                                                            
------------------------------------------------------------------------------------------------------------------------
1      0.94       52.9     64.53     % 51       CHAND(period=18, mult=2.5, entry=2.0)                                 
2      0.86       58.3     61.00     % 48       CHAND(period=14, mult=3.0, entry=1.5)                                 
3      0.82       52.2     55.46     % 46       CHAND(period=18, mult=3.0, entry=2.0)                                 
4      0.80       53.8     58.78     % 52       CHAND(period=14, mult=3.0, entry=2.0)                                 
5      0.80       56.5     47.52     % 46       CHAND(period=18, mult=2.5, entry=1.0)                                 

PASS 2: Testing 32 regression combinations (fixed chandelier: period=18, mult=2.5, entry=2.0)...
  ✓ Regression exit wins: Sharpe 0.96 vs 0.94

Results for VTV:
  Best Sharpe: 0.96
  Win Rate: 51.9%
  Total Return: 65.79%
  Trades: 52
  Runtime: 2.7s

[QQQ] Starting optimization...

======================================================================
Optimizing QQQ [1Day]...
======================================================================
Loaded 1487 bars for QQQ from PostgreSQL
PASS 1: Testing 27 chandelier-only combinations...

Testing 27 parameter combinations...
This may take a few minutes...

  [QQQ] Tested 10/27 combinations...
  [QQQ] Tested 20/27 combinations...

[OK] Optimization complete! Top 5 results:

Rank   Sharpe     Win%     Return     Trades   Parameters                                                            
------------------------------------------------------------------------------------------------------------------------
1      1.06       58.3     132.22    % 36       CHAND(period=18, mult=3.5, entry=1.5)                                 
2      0.98       48.7     127.13    % 39       CHAND(period=14, mult=3.5, entry=1.5)                                 
3      0.97       46.3     131.12    % 41       CHAND(period=14, mult=3.5, entry=2.0)                                 
4      0.97       51.3     121.85    % 39       CHAND(period=18, mult=3.5, entry=2.0)                                 
5      0.92       60.0     103.25    % 35       CHAND(period=18, mult=3.5, entry=1.0)                                 

PASS 2: Testing 32 regression combinations (fixed chandelier: period=18, mult=3.5, entry=1.5)...
  ✓ Regression exit wins: Sharpe 1.09 vs 1.06

Results for QQQ:
  Best Sharpe: 1.09
  Win Rate: 58.3%
  Total Return: 137.93%
  Trades: 36
  Runtime: 2.8s
[2026-06-30 09:26:27] Optimizer finished (exit: 0)
[2026-07-01 09:17:00] Nightly optimizer starting...
[2026-07-01 09:17:00] Waiting for PostgreSQL...
[2026-07-01 09:17:00] PostgreSQL ready.
[Parallel(n_jobs=-1)]: Using backend LokyBackend with 8 concurrent workers.

======================================================================
NIGHTLY OPTIMIZER RUN
Timestamp: 2026-07-01T09:17:01.312697-04:00
Tickers: QQQ, VTI, VTV
Timeframe: 1Day
======================================================================


======================================================================
STEP 1: FETCHING INCREMENTAL PRICES
======================================================================

============================================================
Updating QQQ
============================================================
Loaded 1487 bars for QQQ from PostgreSQL
Current data: 1487 bars, last: 2026-06-29
Fetching incremental data...
Fetching QQQ incremental data since 2026-06-29
Fetching QQQ data from 2026-06-29 to 2026-07-01
Fetched 2 bars for QQQ (timestamped in America/New_York)
Appending 2 bars to database...
Appended 1 new bars for QQQ to PostgreSQL
Loaded 1488 bars for QQQ from PostgreSQL
✓ Updated: 1488 total bars, last: 2026-06-30

============================================================
Updating VTI
============================================================
Loaded 1487 bars for VTI from PostgreSQL
Current data: 1487 bars, last: 2026-06-29
Fetching incremental data...
Fetching VTI incremental data since 2026-06-29
Fetching VTI data from 2026-06-29 to 2026-07-01
Fetched 2 bars for VTI (timestamped in America/New_York)
Appending 2 bars to database...
Appended 1 new bars for VTI to PostgreSQL
Loaded 1488 bars for VTI from PostgreSQL
✓ Updated: 1488 total bars, last: 2026-06-30

============================================================
Updating VTV
============================================================
Loaded 1487 bars for VTV from PostgreSQL
Current data: 1487 bars, last: 2026-06-29
Fetching incremental data...
Fetching VTV incremental data since 2026-06-29
Fetching VTV data from 2026-06-29 to 2026-07-01
Fetched 2 bars for VTV (timestamped in America/New_York)
Appending 2 bars to database...
Appended 1 new bars for VTV to PostgreSQL
Loaded 1488 bars for VTV from PostgreSQL
✓ Updated: 1488 total bars, last: 2026-06-30
[Parallel(n_jobs=-1)]: Done   3 out of   3 | elapsed:    3.5s finished
✓ Saved optimization candidate for QQQ (base_case=0)
✓ Saved best candidate for QQQ (cleaned up old candidates)
✓ Updated base_case=true params + metrics for QQQ
✓ Saved 36 backtest trades for QQQ to PostgreSQL
✓ Saved 37 equity snapshots for QQQ
✓ Logged optimization run for QQQ: Sharpe=1.1249808691166738
✓ Saved optimization candidate for VTI (base_case=0)
✓ Saved best candidate for VTI (cleaned up old candidates)
✓ Updated base_case=true params + metrics for VTI
✓ Saved 46 backtest trades for VTI to PostgreSQL
✓ Saved 47 equity snapshots for VTI
✓ Logged optimization run for VTI: Sharpe=1.0694337887950414
✓ Saved optimization candidate for VTV (base_case=0)
✓ Saved best candidate for VTV (cleaned up old candidates)
✓ Updated base_case=true params + metrics for VTV
✓ Saved 52 backtest trades for VTV to PostgreSQL
✓ Saved 53 equity snapshots for VTV
✓ Logged optimization run for VTV: Sharpe=0.9494018138438095

======================================================================
STEP 3: PORTFOLIO COORDINATE ASCENT
======================================================================
Loaded 1488 bars for QQQ from PostgreSQL
Loaded 1488 bars for VTI from PostgreSQL
Loaded 1488 bars for VTV from PostgreSQL
  Promotion gate: 0.8239 (best ever: 0.0000, current: 0.8239)
  Converged after 2 iterations
  Portfolio return: 163.95%
  Sharpe: 1.00 (baseline: 0.82)
  Max DD: 24.33%
  Trades: 35
  QQQ: CHAND(18, 3.5, entry_mult=1.5), REG(slope_atr 3d th=-2.0)
  VTI: CHAND(18, 3.5, entry_mult=1.5)
  VTV: CHAND(18, 2.5, entry_mult=2.0), REG(slope_atr 3d th=-2.0)
  ✓ Sharpe improved 0.8239 → 1.0016 — promoting new params
✓ Saved 35 backtest trades for BLENDED to PostgreSQL
✓ Saved 1471 equity snapshots for BLENDED
  ✓ Saved BLENDED portfolio results

======================================================================
NIGHTLY OPTIMIZATION COMPLETE
======================================================================
Total tickers: 3/3
Total runtime: 22.4s

QQQ:
  Params: CHAND(period=18, mult=3.5), REG(slope_pct 8d th=-0.5)
  Sharpe: 1.12 | Return: 145.50%
VTI:
  Params: CHAND(period=14, mult=3.0)
  Sharpe: 1.07 | Return: 92.53%
VTV:
  Params: CHAND(period=18, mult=2.5), REG(slope_atr 3d th=-1.0)
  Sharpe: 0.95 | Return: 65.29%

======================================================================
DATABASE SUMMARY
======================================================================

QQQ:
  Sharpe: 1.12, Return: 145.50%, Win Rate: 58.3%
VTI:
  Sharpe: 1.07, Return: 92.53%, Win Rate: 54.4%
VTV:
  Sharpe: 0.95, Return: 65.29%, Win Rate: 51.9%
BLENDED (PORTFOLIO):
  Sharpe: 1.00, Return: 163.95%, Win Rate: 54.3%

[VTI] Starting optimization...

======================================================================
Optimizing VTI [1Day]...
======================================================================
Loaded 1488 bars for VTI from PostgreSQL
PASS 1: Testing 27 chandelier-only combinations...

Testing 27 parameter combinations...
This may take a few minutes...

  [VTI] Tested 10/27 combinations...
  [VTI] Tested 20/27 combinations...

[OK] Optimization complete! Top 5 results:

Rank   Sharpe     Win%     Return     Trades   Parameters                                                            
------------------------------------------------------------------------------------------------------------------------
1      1.07       54.3     92.53     % 46       CHAND(period=14, mult=3.0, entry=1.5)                                 
2      1.04       53.7     83.57     % 41       CHAND(period=18, mult=3.0, entry=1.0)                                 
3      1.03       58.1     85.94     % 43       CHAND(period=18, mult=3.0, entry=1.5)                                 
4      1.01       52.3     81.70     % 44       CHAND(period=14, mult=3.0, entry=1.0)                                 
5      0.93       56.4     76.39     % 39       CHAND(period=18, mult=3.5, entry=1.5)                                 

PASS 2: Testing 32 regression combinations (fixed chandelier: period=14, mult=3.0, entry=1.5)...
  ✓ Chandelier-only wins: Sharpe 1.07 vs regression 1.07

Results for VTI:
  Best Sharpe: 1.07
  Win Rate: 54.3%
  Total Return: 92.53%
  Trades: 46
  Runtime: 2.6s

[VTV] Starting optimization...

======================================================================
Optimizing VTV [1Day]...
======================================================================
Loaded 1488 bars for VTV from PostgreSQL
PASS 1: Testing 27 chandelier-only combinations...

Testing 27 parameter combinations...
This may take a few minutes...

  [VTV] Tested 10/27 combinations...
  [VTV] Tested 20/27 combinations...

[OK] Optimization complete! Top 5 results:

Rank   Sharpe     Win%     Return     Trades   Parameters                                                            
------------------------------------------------------------------------------------------------------------------------
1      0.93       52.9     64.04     % 51       CHAND(period=18, mult=2.5, entry=2.0)                                 
2      0.85       58.3     60.52     % 48       CHAND(period=14, mult=3.0, entry=1.5)                                 
3      0.81       52.2     54.99     % 46       CHAND(period=18, mult=3.0, entry=2.0)                                 
4      0.80       53.8     58.31     % 52       CHAND(period=14, mult=3.0, entry=2.0)                                 
5      0.80       56.5     47.08     % 46       CHAND(period=18, mult=2.5, entry=1.0)                                 

PASS 2: Testing 32 regression combinations (fixed chandelier: period=18, mult=2.5, entry=2.0)...
  ✓ Regression exit wins: Sharpe 0.95 vs 0.93

Results for VTV:
  Best Sharpe: 0.95
  Win Rate: 51.9%
  Total Return: 65.29%
  Trades: 52
  Runtime: 2.6s

[QQQ] Starting optimization...

======================================================================
Optimizing QQQ [1Day]...
======================================================================
Loaded 1488 bars for QQQ from PostgreSQL
PASS 1: Testing 27 chandelier-only combinations...

Testing 27 parameter combinations...
This may take a few minutes...

  [QQQ] Tested 10/27 combinations...
  [QQQ] Tested 20/27 combinations...

[OK] Optimization complete! Top 5 results:

Rank   Sharpe     Win%     Return     Trades   Parameters                                                            
------------------------------------------------------------------------------------------------------------------------
1      1.09       58.3     139.60    % 36       CHAND(period=18, mult=3.5, entry=1.5)                                 
2      1.01       48.7     134.35    % 39       CHAND(period=14, mult=3.5, entry=1.5)                                 
3      1.00       46.3     138.47    % 41       CHAND(period=14, mult=3.5, entry=2.0)                                 
4      1.00       51.3     128.90    % 39       CHAND(period=18, mult=3.5, entry=2.0)                                 
5      0.95       60.0     109.71    % 35       CHAND(period=18, mult=3.5, entry=1.0)                                 

PASS 2: Testing 32 regression combinations (fixed chandelier: period=18, mult=3.5, entry=1.5)...
  ✓ Regression exit wins: Sharpe 1.12 vs 1.09

Results for QQQ:
  Best Sharpe: 1.12
  Win Rate: 58.3%
  Total Return: 145.50%
  Trades: 36
  Runtime: 2.7s
[2026-07-01 09:17:24] Optimizer finished (exit: 0)
[2026-07-02 08:53:10] Nightly optimizer starting...
[2026-07-02 08:53:10] Waiting for PostgreSQL...
[2026-07-02 08:53:10] PostgreSQL ready.
[Parallel(n_jobs=-1)]: Using backend LokyBackend with 8 concurrent workers.

======================================================================
NIGHTLY OPTIMIZER RUN
Timestamp: 2026-07-02T08:53:11.380874-04:00
Tickers: QQQ, VTI, VTV
Timeframe: 1Day
======================================================================


======================================================================
STEP 1: FETCHING INCREMENTAL PRICES
======================================================================

============================================================
Updating QQQ
============================================================
Loaded 1488 bars for QQQ from PostgreSQL
Current data: 1488 bars, last: 2026-06-30
Fetching incremental data...
Fetching QQQ incremental data since 2026-06-30
Fetching QQQ data from 2026-06-30 to 2026-07-02
Fetched 2 bars for QQQ (timestamped in America/New_York)
Appending 2 bars to database...
Appended 1 new bars for QQQ to PostgreSQL
Loaded 1489 bars for QQQ from PostgreSQL
✓ Updated: 1489 total bars, last: 2026-07-01

============================================================
Updating VTI
============================================================
Loaded 1488 bars for VTI from PostgreSQL
Current data: 1488 bars, last: 2026-06-30
Fetching incremental data...
Fetching VTI incremental data since 2026-06-30
Fetching VTI data from 2026-06-30 to 2026-07-02
Fetched 2 bars for VTI (timestamped in America/New_York)
Appending 2 bars to database...
Appended 1 new bars for VTI to PostgreSQL
Loaded 1489 bars for VTI from PostgreSQL
✓ Updated: 1489 total bars, last: 2026-07-01

============================================================
Updating VTV
============================================================
Loaded 1488 bars for VTV from PostgreSQL
Current data: 1488 bars, last: 2026-06-30
Fetching incremental data...
Fetching VTV incremental data since 2026-06-30
Fetching VTV data from 2026-06-30 to 2026-07-02
Fetched 2 bars for VTV (timestamped in America/New_York)
Appending 2 bars to database...
Appended 1 new bars for VTV to PostgreSQL
Loaded 1489 bars for VTV from PostgreSQL
✓ Updated: 1489 total bars, last: 2026-07-01
[Parallel(n_jobs=-1)]: Done   3 out of   3 | elapsed:    3.7s finished
✓ Saved optimization candidate for QQQ (base_case=0)
✓ Saved best candidate for QQQ (cleaned up old candidates)
✓ Updated base_case=true params + metrics for QQQ
✓ Saved 36 backtest trades for QQQ to PostgreSQL
✓ Saved 37 equity snapshots for QQQ
✓ Logged optimization run for QQQ: Sharpe=1.1063072467102788
✓ Saved optimization candidate for VTI (base_case=0)
✓ Saved best candidate for VTI (cleaned up old candidates)
✓ Updated base_case=true params + metrics for VTI
✓ Saved 46 backtest trades for VTI to PostgreSQL
✓ Saved 47 equity snapshots for VTI
✓ Logged optimization run for VTI: Sharpe=1.0663719210684752
✓ Saved optimization candidate for VTV (base_case=0)
✓ Saved best candidate for VTV (cleaned up old candidates)
✓ Updated base_case=true params + metrics for VTV
✓ Saved 52 backtest trades for VTV to PostgreSQL
✓ Saved 53 equity snapshots for VTV
✓ Logged optimization run for VTV: Sharpe=0.9443157216862127

======================================================================
STEP 3: PORTFOLIO COORDINATE ASCENT
======================================================================
Loaded 1489 bars for QQQ from PostgreSQL
Loaded 1489 bars for VTI from PostgreSQL
Loaded 1489 bars for VTV from PostgreSQL
  Promotion gate: 0.8208 (best ever: 0.0000, current: 0.8208)
  Converged after 2 iterations
  Portfolio return: 163.26%
  Sharpe: 1.00 (baseline: 0.82)
  Max DD: 24.33%
  Trades: 35
  QQQ: CHAND(18, 3.5, entry_mult=1.5), REG(slope_atr 3d th=-2.0)
  VTI: CHAND(18, 3.5, entry_mult=1.5)
  VTV: CHAND(18, 2.5, entry_mult=2.0), REG(slope_atr 3d th=-2.0)
  ✓ Sharpe improved 0.8208 → 0.9987 — promoting new params
✓ Saved 35 backtest trades for BLENDED to PostgreSQL
✓ Saved 1472 equity snapshots for BLENDED
  ✓ Saved BLENDED portfolio results

======================================================================
NIGHTLY OPTIMIZATION COMPLETE
======================================================================
Total tickers: 3/3
Total runtime: 22.3s

QQQ:
  Params: CHAND(period=18, mult=3.5), REG(slope_pct 8d th=-0.5)
  Sharpe: 1.11 | Return: 141.91%
VTI:
  Params: CHAND(period=14, mult=3.0)
  Sharpe: 1.07 | Return: 92.21%
VTV:
  Params: CHAND(period=18, mult=2.5), REG(slope_atr 3d th=-1.0)
  Sharpe: 0.94 | Return: 64.86%

======================================================================
DATABASE SUMMARY
======================================================================

QQQ:
  Sharpe: 1.11, Return: 141.91%, Win Rate: 58.3%
VTI:
  Sharpe: 1.07, Return: 92.21%, Win Rate: 54.4%
VTV:
  Sharpe: 0.94, Return: 64.86%, Win Rate: 51.9%
BLENDED (PORTFOLIO):
  Sharpe: 1.00, Return: 163.26%, Win Rate: 54.3%

[VTV] Starting optimization...

======================================================================
Optimizing VTV [1Day]...
======================================================================
Loaded 1489 bars for VTV from PostgreSQL
PASS 1: Testing 27 chandelier-only combinations...

Testing 27 parameter combinations...
This may take a few minutes...

  [VTV] Tested 10/27 combinations...
  [VTV] Tested 20/27 combinations...

[OK] Optimization complete! Top 5 results:

Rank   Sharpe     Win%     Return     Trades   Parameters                                                            
------------------------------------------------------------------------------------------------------------------------
1      0.93       52.9     63.61     % 51       CHAND(period=18, mult=2.5, entry=2.0)                                 
2      0.85       58.3     60.10     % 48       CHAND(period=14, mult=3.0, entry=1.5)                                 
3      0.81       52.2     54.58     % 46       CHAND(period=18, mult=3.0, entry=2.0)                                 
4      0.79       53.8     57.90     % 52       CHAND(period=14, mult=3.0, entry=2.0)                                 
5      0.79       56.5     46.69     % 46       CHAND(period=18, mult=2.5, entry=1.0)                                 

PASS 2: Testing 32 regression combinations (fixed chandelier: period=18, mult=2.5, entry=2.0)...
  ✓ Regression exit wins: Sharpe 0.94 vs 0.93

Results for VTV:
  Best Sharpe: 0.94
  Win Rate: 51.9%
  Total Return: 64.86%
  Trades: 52
  Runtime: 2.5s

[QQQ] Starting optimization...

======================================================================
Optimizing QQQ [1Day]...
======================================================================
Loaded 1489 bars for QQQ from PostgreSQL
PASS 1: Testing 27 chandelier-only combinations...

Testing 27 parameter combinations...
This may take a few minutes...

  [QQQ] Tested 10/27 combinations...
  [QQQ] Tested 20/27 combinations...

[OK] Optimization complete! Top 5 results:

Rank   Sharpe     Win%     Return     Trades   Parameters                                                            
------------------------------------------------------------------------------------------------------------------------
1      1.07       58.3     136.10    % 36       CHAND(period=18, mult=3.5, entry=1.5)                                 
2      1.00       48.7     130.93    % 39       CHAND(period=14, mult=3.5, entry=1.5)                                 
3      0.99       46.3     134.99    % 41       CHAND(period=14, mult=3.5, entry=2.0)                                 
4      0.98       51.3     125.56    % 39       CHAND(period=18, mult=3.5, entry=2.0)                                 
5      0.93       60.0     106.65    % 35       CHAND(period=18, mult=3.5, entry=1.0)                                 

PASS 2: Testing 32 regression combinations (fixed chandelier: period=18, mult=3.5, entry=1.5)...
  ✓ Regression exit wins: Sharpe 1.11 vs 1.07

Results for QQQ:
  Best Sharpe: 1.11
  Win Rate: 58.3%
  Total Return: 141.91%
  Trades: 36
  Runtime: 2.6s

[VTI] Starting optimization...

======================================================================
Optimizing VTI [1Day]...
======================================================================
Loaded 1489 bars for VTI from PostgreSQL
PASS 1: Testing 27 chandelier-only combinations...

Testing 27 parameter combinations...
This may take a few minutes...

  [VTI] Tested 10/27 combinations...
  [VTI] Tested 20/27 combinations...

[OK] Optimization complete! Top 5 results:

Rank   Sharpe     Win%     Return     Trades   Parameters                                                            
------------------------------------------------------------------------------------------------------------------------
1      1.07       54.3     92.21     % 46       CHAND(period=14, mult=3.0, entry=1.5)                                 
2      1.04       53.7     83.27     % 41       CHAND(period=18, mult=3.0, entry=1.0)                                 
3      1.02       58.1     85.63     % 43       CHAND(period=18, mult=3.0, entry=1.5)                                 
4      1.00       52.3     81.40     % 44       CHAND(period=14, mult=3.0, entry=1.0)                                 
5      0.93       56.4     76.10     % 39       CHAND(period=18, mult=3.5, entry=1.5)                                 

PASS 2: Testing 32 regression combinations (fixed chandelier: period=14, mult=3.0, entry=1.5)...
  ✓ Chandelier-only wins: Sharpe 1.07 vs regression 1.07

Results for VTI:
  Best Sharpe: 1.07
  Win Rate: 54.3%
  Total Return: 92.21%
  Trades: 46
  Runtime: 2.8s
[2026-07-02 08:53:35] Optimizer finished (exit: 0)
[2026-07-04 13:31:27] Nightly optimizer starting...
[2026-07-04 13:31:27] Waiting for PostgreSQL...
[2026-07-04 13:31:27] PostgreSQL ready.
[Parallel(n_jobs=-1)]: Using backend LokyBackend with 8 concurrent workers.

======================================================================
NIGHTLY OPTIMIZER RUN
Timestamp: 2026-07-04T13:31:28.785283-04:00
Tickers: QQQ, VTI, VTV
Timeframe: 1Day
======================================================================


======================================================================
STEP 1: FETCHING INCREMENTAL PRICES
======================================================================

============================================================
Updating QQQ
============================================================
Loaded 1489 bars for QQQ from PostgreSQL
Current data: 1489 bars, last: 2026-07-01
Fetching incremental data...
Fetching QQQ incremental data since 2026-07-01
Fetching QQQ data from 2026-07-01 to 2026-07-04
Fetched 2 bars for QQQ (timestamped in America/New_York)
Appending 2 bars to database...
Appended 1 new bars for QQQ to PostgreSQL
Loaded 1490 bars for QQQ from PostgreSQL
✓ Updated: 1490 total bars, last: 2026-07-02

============================================================
Updating VTI
============================================================
Loaded 1489 bars for VTI from PostgreSQL
Current data: 1489 bars, last: 2026-07-01
Fetching incremental data...
Fetching VTI incremental data since 2026-07-01
Fetching VTI data from 2026-07-01 to 2026-07-04
Fetched 2 bars for VTI (timestamped in America/New_York)
Appending 2 bars to database...
Appended 1 new bars for VTI to PostgreSQL
Loaded 1490 bars for VTI from PostgreSQL
✓ Updated: 1490 total bars, last: 2026-07-02

============================================================
Updating VTV
============================================================
Loaded 1489 bars for VTV from PostgreSQL
Current data: 1489 bars, last: 2026-07-01
Fetching incremental data...
Fetching VTV incremental data since 2026-07-01
Fetching VTV data from 2026-07-01 to 2026-07-04
Fetched 2 bars for VTV (timestamped in America/New_York)
Appending 2 bars to database...
Appended 1 new bars for VTV to PostgreSQL
Loaded 1490 bars for VTV from PostgreSQL
✓ Updated: 1490 total bars, last: 2026-07-02
[Parallel(n_jobs=-1)]: Done   3 out of   3 | elapsed:    8.7s finished
✓ Saved optimization candidate for QQQ (base_case=0)
✓ Saved best candidate for QQQ (cleaned up old candidates)
✓ Updated base_case=true params + metrics for QQQ
✓ Saved 36 backtest trades for QQQ to PostgreSQL
✓ Saved 37 equity snapshots for QQQ
✓ Logged optimization run for QQQ: Sharpe=1.0838827208981672
✓ Saved optimization candidate for VTI (base_case=0)
✓ Saved best candidate for VTI (cleaned up old candidates)
✓ Updated base_case=true params + metrics for VTI
✓ Saved 46 backtest trades for VTI to PostgreSQL
✓ Saved 47 equity snapshots for VTI
✓ Logged optimization run for VTI: Sharpe=1.0641940765399398
✓ Saved optimization candidate for VTV (base_case=0)
✓ Saved best candidate for VTV (cleaned up old candidates)
✓ Updated base_case=true params + metrics for VTV
✓ Saved 52 backtest trades for VTV to PostgreSQL
✓ Saved 53 equity snapshots for VTV
✓ Logged optimization run for VTV: Sharpe=0.9575249016007009

======================================================================
STEP 3: PORTFOLIO COORDINATE ASCENT
======================================================================
Loaded 1490 bars for QQQ from PostgreSQL
Loaded 1490 bars for VTI from PostgreSQL
Loaded 1490 bars for VTV from PostgreSQL
  Promotion gate: 0.8288 (best ever: 0.0000, current: 0.8288)
  Converged after 2 iterations
  Portfolio return: 165.30%
  Sharpe: 1.01 (baseline: 0.83)
  Max DD: 24.33%
  Trades: 35
  QQQ: CHAND(18, 3.5, entry_mult=1.5), REG(slope_atr 3d th=-2.0)
  VTI: CHAND(18, 3.5, entry_mult=1.5)
  VTV: CHAND(18, 2.5, entry_mult=2.0), REG(slope_atr 3d th=-2.0)
  ✓ Sharpe improved 0.8288 → 1.0056 — promoting new params
✓ Saved 35 backtest trades for BLENDED to PostgreSQL
✓ Saved 1473 equity snapshots for BLENDED
  ✓ Saved BLENDED portfolio results

======================================================================
NIGHTLY OPTIMIZATION COMPLETE
======================================================================
Total tickers: 3/3
Total runtime: 38.8s

QQQ:
  Params: CHAND(period=18, mult=3.5), REG(slope_pct 8d th=-0.5)
  Sharpe: 1.08 | Return: 137.65%
VTI:
  Params: CHAND(period=14, mult=3.0)
  Sharpe: 1.06 | Return: 91.98%
VTV:
  Params: CHAND(period=18, mult=2.5), REG(slope_atr 3d th=-1.0)
  Sharpe: 0.96 | Return: 66.14%

======================================================================
DATABASE SUMMARY
======================================================================

QQQ:
  Sharpe: 1.08, Return: 137.65%, Win Rate: 58.3%
VTI:
  Sharpe: 1.06, Return: 91.98%, Win Rate: 54.4%
VTV:
  Sharpe: 0.96, Return: 66.14%, Win Rate: 51.9%
BLENDED (PORTFOLIO):
  Sharpe: 1.01, Return: 165.30%, Win Rate: 54.3%

[QQQ] Starting optimization...

======================================================================
Optimizing QQQ [1Day]...
======================================================================
Loaded 1490 bars for QQQ from PostgreSQL
PASS 1: Testing 27 chandelier-only combinations...

Testing 27 parameter combinations...
This may take a few minutes...

  [QQQ] Tested 10/27 combinations...
  [QQQ] Tested 20/27 combinations...

[OK] Optimization complete! Top 5 results:

Rank   Sharpe     Win%     Return     Trades   Parameters                                                            
------------------------------------------------------------------------------------------------------------------------
1      1.05       58.3     131.94    % 36       CHAND(period=18, mult=3.5, entry=1.5)                                 
2      0.98       48.7     126.86    % 39       CHAND(period=14, mult=3.5, entry=1.5)                                 
3      0.97       46.3     130.85    % 41       CHAND(period=14, mult=3.5, entry=2.0)                                 
4      0.96       51.3     121.59    % 39       CHAND(period=18, mult=3.5, entry=2.0)                                 
5      0.91       60.0     103.01    % 35       CHAND(period=18, mult=3.5, entry=1.0)                                 

PASS 2: Testing 32 regression combinations (fixed chandelier: period=18, mult=3.5, entry=1.5)...
  ✓ Regression exit wins: Sharpe 1.08 vs 1.05

Results for QQQ:
  Best Sharpe: 1.08
  Win Rate: 58.3%
  Total Return: 137.65%
  Trades: 36
  Runtime: 5.7s

[VTI] Starting optimization...

======================================================================
Optimizing VTI [1Day]...
======================================================================
Loaded 1490 bars for VTI from PostgreSQL
PASS 1: Testing 27 chandelier-only combinations...

Testing 27 parameter combinations...
This may take a few minutes...

  [VTI] Tested 10/27 combinations...
  [VTI] Tested 20/27 combinations...

[OK] Optimization complete! Top 5 results:

Rank   Sharpe     Win%     Return     Trades   Parameters                                                            
------------------------------------------------------------------------------------------------------------------------
1      1.06       54.3     91.98     % 46       CHAND(period=14, mult=3.0, entry=1.5)                                 
2      1.03       53.7     83.05     % 41       CHAND(period=18, mult=3.0, entry=1.0)                                 
3      1.02       58.1     85.42     % 43       CHAND(period=18, mult=3.0, entry=1.5)                                 
4      1.00       52.3     81.19     % 44       CHAND(period=14, mult=3.0, entry=1.0)                                 
5      0.92       56.4     75.89     % 39       CHAND(period=18, mult=3.5, entry=1.5)                                 

PASS 2: Testing 32 regression combinations (fixed chandelier: period=14, mult=3.0, entry=1.5)...
  ✓ Chandelier-only wins: Sharpe 1.06 vs regression 1.06

Results for VTI:
  Best Sharpe: 1.06
  Win Rate: 54.3%
  Total Return: 91.98%
  Trades: 46
  Runtime: 6.7s

[VTV] Starting optimization...

======================================================================
Optimizing VTV [1Day]...
======================================================================
Loaded 1490 bars for VTV from PostgreSQL
PASS 1: Testing 27 chandelier-only combinations...

Testing 27 parameter combinations...
This may take a few minutes...

  [VTV] Tested 10/27 combinations...
  [VTV] Tested 20/27 combinations...

[OK] Optimization complete! Top 5 results:

Rank   Sharpe     Win%     Return     Trades   Parameters                                                            
------------------------------------------------------------------------------------------------------------------------
1      0.94       52.9     64.88     % 51       CHAND(period=18, mult=2.5, entry=2.0)                                 
2      0.86       58.3     61.34     % 48       CHAND(period=14, mult=3.0, entry=1.5)                                 
3      0.82       52.2     55.79     % 46       CHAND(period=18, mult=3.0, entry=2.0)                                 
4      0.81       53.8     59.12     % 52       CHAND(period=14, mult=3.0, entry=2.0)                                 
5      0.80       56.5     47.84     % 46       CHAND(period=18, mult=2.5, entry=1.0)                                 

PASS 2: Testing 32 regression combinations (fixed chandelier: period=18, mult=2.5, entry=2.0)...
  ✓ Regression exit wins: Sharpe 0.96 vs 0.94

Results for VTV:
  Best Sharpe: 0.96
  Win Rate: 51.9%
  Total Return: 66.14%
  Trades: 52
  Runtime: 5.7s
[2026-07-04 13:32:18] Optimizer finished (exit: 0)
[2026-07-04 21:35:07] Nightly optimizer starting...
[2026-07-04 21:35:07] Waiting for PostgreSQL...
[2026-07-04 21:35:07] PostgreSQL ready.
[Parallel(n_jobs=-1)]: Using backend LokyBackend with 8 concurrent workers.

======================================================================
NIGHTLY OPTIMIZER RUN
Timestamp: 2026-07-04T21:35:08.661031-04:00
Tickers: QQQ, VTI, VTV
Timeframe: 1Day
======================================================================


======================================================================
STEP 1: FETCHING INCREMENTAL PRICES
======================================================================

============================================================
Updating QQQ
============================================================
Loaded 1490 bars for QQQ from PostgreSQL
Current data: 1490 bars, last: 2026-07-02
Fetching incremental data...
Fetching QQQ incremental data since 2026-07-02
Fetching QQQ data from 2026-07-02 to 2026-07-04
Fetched 1 bars for QQQ (timestamped in America/New_York)
Appending 1 bars to database...
Loaded 1490 bars for QQQ from PostgreSQL
✓ Updated: 1490 total bars, last: 2026-07-02

============================================================
Updating VTI
============================================================
Loaded 1490 bars for VTI from PostgreSQL
Current data: 1490 bars, last: 2026-07-02
Fetching incremental data...
Fetching VTI incremental data since 2026-07-02
Fetching VTI data from 2026-07-02 to 2026-07-04
Fetched 1 bars for VTI (timestamped in America/New_York)
Appending 1 bars to database...
Loaded 1490 bars for VTI from PostgreSQL
✓ Updated: 1490 total bars, last: 2026-07-02

============================================================
Updating VTV
============================================================
Loaded 1490 bars for VTV from PostgreSQL
Current data: 1490 bars, last: 2026-07-02
Fetching incremental data...
Fetching VTV incremental data since 2026-07-02
Fetching VTV data from 2026-07-02 to 2026-07-04
Fetched 1 bars for VTV (timestamped in America/New_York)
Appending 1 bars to database...
Loaded 1490 bars for VTV from PostgreSQL
✓ Updated: 1490 total bars, last: 2026-07-02
[Parallel(n_jobs=-1)]: Done   3 out of   3 | elapsed:    3.8s finished
✓ Saved optimization candidate for QQQ (base_case=0)
✓ Saved best candidate for QQQ (cleaned up old candidates)
✓ Updated base_case=true params + metrics for QQQ
✓ Saved 36 backtest trades for QQQ to PostgreSQL
✓ Saved 37 equity snapshots for QQQ
✓ Logged optimization run for QQQ: Sharpe=1.0838827208981672
✓ Saved optimization candidate for VTI (base_case=0)
✓ Saved best candidate for VTI (cleaned up old candidates)
✓ Updated base_case=true params + metrics for VTI
✓ Saved 46 backtest trades for VTI to PostgreSQL
✓ Saved 47 equity snapshots for VTI
✓ Logged optimization run for VTI: Sharpe=1.0641940765399398
✓ Saved optimization candidate for VTV (base_case=0)
✓ Saved best candidate for VTV (cleaned up old candidates)
✓ Updated base_case=true params + metrics for VTV
✓ Saved 52 backtest trades for VTV to PostgreSQL
✓ Saved 53 equity snapshots for VTV
✓ Logged optimization run for VTV: Sharpe=0.9575249016007009

======================================================================
STEP 3: PORTFOLIO COORDINATE ASCENT
======================================================================
Loaded 1490 bars for QQQ from PostgreSQL
Loaded 1490 bars for VTI from PostgreSQL
Loaded 1490 bars for VTV from PostgreSQL
  Promotion gate: 0.8288 (best ever: 0.0000, current: 0.8288)
  Converged after 2 iterations
  Portfolio return: 165.30%
  Sharpe: 1.01 (baseline: 0.83)
  Max DD: 24.33%
  Trades: 35
  QQQ: CHAND(18, 3.5, entry_mult=1.5), REG(slope_atr 3d th=-2.0)
  VTI: CHAND(18, 3.5, entry_mult=1.5)
  VTV: CHAND(18, 2.5, entry_mult=2.0), REG(slope_atr 3d th=-2.0)
  ✓ Sharpe improved 0.8288 → 1.0056 — promoting new params
✓ Saved 35 backtest trades for BLENDED to PostgreSQL
✓ Saved 1473 equity snapshots for BLENDED
  ✓ Saved BLENDED portfolio results

======================================================================
NIGHTLY OPTIMIZATION COMPLETE
======================================================================
Total tickers: 3/3
Total runtime: 25.0s

QQQ:
  Params: CHAND(period=18, mult=3.5), REG(slope_pct 8d th=-0.5)
  Sharpe: 1.08 | Return: 137.65%
VTI:
  Params: CHAND(period=14, mult=3.0)
  Sharpe: 1.06 | Return: 91.98%
VTV:
  Params: CHAND(period=18, mult=2.5), REG(slope_atr 3d th=-1.0)
  Sharpe: 0.96 | Return: 66.14%

======================================================================
DATABASE SUMMARY
======================================================================

QQQ:
  Sharpe: 1.08, Return: 137.65%, Win Rate: 58.3%
VTI:
  Sharpe: 1.06, Return: 91.98%, Win Rate: 54.4%
VTV:
  Sharpe: 0.96, Return: 66.14%, Win Rate: 51.9%
BLENDED (PORTFOLIO):
  Sharpe: 1.01, Return: 165.30%, Win Rate: 54.3%

[VTI] Starting optimization...

======================================================================
Optimizing VTI [1Day]...
======================================================================
Loaded 1490 bars for VTI from PostgreSQL
PASS 1: Testing 27 chandelier-only combinations...

Testing 27 parameter combinations...
This may take a few minutes...

  [VTI] Tested 10/27 combinations...
  [VTI] Tested 20/27 combinations...

[OK] Optimization complete! Top 5 results:

Rank   Sharpe     Win%     Return     Trades   Parameters                                                            
------------------------------------------------------------------------------------------------------------------------
1      1.06       54.3     91.98     % 46       CHAND(period=14, mult=3.0, entry=1.5)                                 
2      1.03       53.7     83.05     % 41       CHAND(period=18, mult=3.0, entry=1.0)                                 
3      1.02       58.1     85.42     % 43       CHAND(period=18, mult=3.0, entry=1.5)                                 
4      1.00       52.3     81.19     % 44       CHAND(period=14, mult=3.0, entry=1.0)                                 
5      0.92       56.4     75.89     % 39       CHAND(period=18, mult=3.5, entry=1.5)                                 

PASS 2: Testing 32 regression combinations (fixed chandelier: period=14, mult=3.0, entry=1.5)...
  ✓ Chandelier-only wins: Sharpe 1.06 vs regression 1.06

Results for VTI:
  Best Sharpe: 1.06
  Win Rate: 54.3%
  Total Return: 91.98%
  Trades: 46
  Runtime: 2.7s

[VTV] Starting optimization...

======================================================================
Optimizing VTV [1Day]...
======================================================================
Loaded 1490 bars for VTV from PostgreSQL
PASS 1: Testing 27 chandelier-only combinations...

Testing 27 parameter combinations...
This may take a few minutes...

  [VTV] Tested 10/27 combinations...
  [VTV] Tested 20/27 combinations...

[OK] Optimization complete! Top 5 results:

Rank   Sharpe     Win%     Return     Trades   Parameters                                                            
------------------------------------------------------------------------------------------------------------------------
1      0.94       52.9     64.88     % 51       CHAND(period=18, mult=2.5, entry=2.0)                                 
2      0.86       58.3     61.34     % 48       CHAND(period=14, mult=3.0, entry=1.5)                                 
3      0.82       52.2     55.79     % 46       CHAND(period=18, mult=3.0, entry=2.0)                                 
4      0.81       53.8     59.12     % 52       CHAND(period=14, mult=3.0, entry=2.0)                                 
5      0.80       56.5     47.84     % 46       CHAND(period=18, mult=2.5, entry=1.0)                                 

PASS 2: Testing 32 regression combinations (fixed chandelier: period=18, mult=2.5, entry=2.0)...
  ✓ Regression exit wins: Sharpe 0.96 vs 0.94

Results for VTV:
  Best Sharpe: 0.96
  Win Rate: 51.9%
  Total Return: 66.14%
  Trades: 52
  Runtime: 2.8s

[QQQ] Starting optimization...

======================================================================
Optimizing QQQ [1Day]...
======================================================================
Loaded 1490 bars for QQQ from PostgreSQL
PASS 1: Testing 27 chandelier-only combinations...

Testing 27 parameter combinations...
This may take a few minutes...

  [QQQ] Tested 10/27 combinations...
  [QQQ] Tested 20/27 combinations...

[OK] Optimization complete! Top 5 results:

Rank   Sharpe     Win%     Return     Trades   Parameters                                                            
------------------------------------------------------------------------------------------------------------------------
1      1.05       58.3     131.94    % 36       CHAND(period=18, mult=3.5, entry=1.5)                                 
2      0.98       48.7     126.86    % 39       CHAND(period=14, mult=3.5, entry=1.5)                                 
3      0.97       46.3     130.85    % 41       CHAND(period=14, mult=3.5, entry=2.0)                                 
4      0.96       51.3     121.59    % 39       CHAND(period=18, mult=3.5, entry=2.0)                                 
5      0.91       60.0     103.01    % 35       CHAND(period=18, mult=3.5, entry=1.0)                                 

PASS 2: Testing 32 regression combinations (fixed chandelier: period=18, mult=3.5, entry=1.5)...
  ✓ Regression exit wins: Sharpe 1.08 vs 1.05

Results for QQQ:
  Best Sharpe: 1.08
  Win Rate: 58.3%
  Total Return: 137.65%
  Trades: 36
  Runtime: 2.9s
[2026-07-04 21:35:34] Optimizer finished (exit: 0)
[2026-07-05 12:40:32] Nightly optimizer starting...
[2026-07-05 12:40:32] Waiting for PostgreSQL...
[2026-07-05 12:40:32] PostgreSQL ready.
[Parallel(n_jobs=-1)]: Using backend LokyBackend with 8 concurrent workers.

======================================================================
NIGHTLY OPTIMIZER RUN
Timestamp: 2026-07-05T12:40:33.829714-04:00
Tickers: QQQ, VTI, VTV
Timeframe: 1Day
======================================================================


======================================================================
STEP 1: FETCHING INCREMENTAL PRICES
======================================================================

============================================================
Updating QQQ
============================================================
Loaded 1490 bars for QQQ from PostgreSQL
Current data: 1490 bars, last: 2026-07-02
Fetching incremental data...
Fetching QQQ incremental data since 2026-07-02
Fetching QQQ data from 2026-07-02 to 2026-07-05
Fetched 1 bars for QQQ (timestamped in America/New_York)
Appending 1 bars to database...
Loaded 1490 bars for QQQ from PostgreSQL
✓ Updated: 1490 total bars, last: 2026-07-02

============================================================
Updating VTI
============================================================
Loaded 1490 bars for VTI from PostgreSQL
Current data: 1490 bars, last: 2026-07-02
Fetching incremental data...
Fetching VTI incremental data since 2026-07-02
Fetching VTI data from 2026-07-02 to 2026-07-05
Fetched 1 bars for VTI (timestamped in America/New_York)
Appending 1 bars to database...
Loaded 1490 bars for VTI from PostgreSQL
✓ Updated: 1490 total bars, last: 2026-07-02

============================================================
Updating VTV
============================================================
Loaded 1490 bars for VTV from PostgreSQL
Current data: 1490 bars, last: 2026-07-02
Fetching incremental data...
Fetching VTV incremental data since 2026-07-02
Fetching VTV data from 2026-07-02 to 2026-07-05
Fetched 1 bars for VTV (timestamped in America/New_York)
Appending 1 bars to database...
Loaded 1490 bars for VTV from PostgreSQL
✓ Updated: 1490 total bars, last: 2026-07-02
[Parallel(n_jobs=-1)]: Done   3 out of   3 | elapsed:    3.7s finished
✓ Saved optimization candidate for QQQ (base_case=0)
✓ Saved best candidate for QQQ (cleaned up old candidates)
✓ Updated base_case=true params + metrics for QQQ
✓ Saved 36 backtest trades for QQQ to PostgreSQL
✓ Saved 37 equity snapshots for QQQ
✓ Logged optimization run for QQQ: Sharpe=1.0838827208981672
✓ Saved optimization candidate for VTI (base_case=0)
✓ Saved best candidate for VTI (cleaned up old candidates)
✓ Updated base_case=true params + metrics for VTI
✓ Saved 46 backtest trades for VTI to PostgreSQL
✓ Saved 47 equity snapshots for VTI
✓ Logged optimization run for VTI: Sharpe=1.0641940765399398
✓ Saved optimization candidate for VTV (base_case=0)
✓ Saved best candidate for VTV (cleaned up old candidates)
✓ Updated base_case=true params + metrics for VTV
✓ Saved 52 backtest trades for VTV to PostgreSQL
✓ Saved 53 equity snapshots for VTV
✓ Logged optimization run for VTV: Sharpe=0.9575249016007009

======================================================================
STEP 3: PORTFOLIO COORDINATE ASCENT
======================================================================
Loaded 1490 bars for QQQ from PostgreSQL
Loaded 1490 bars for VTI from PostgreSQL
Loaded 1490 bars for VTV from PostgreSQL
  Promotion gate: 0.8288 (best ever: 0.0000, current: 0.8288)
  Converged after 2 iterations
  Portfolio return: 165.30%
  Sharpe: 1.01 (baseline: 0.83)
  Max DD: 24.33%
  Trades: 35
  QQQ: CHAND(18, 3.5, entry_mult=1.5), REG(slope_atr 3d th=-2.0)
  VTI: CHAND(18, 3.5, entry_mult=1.5)
  VTV: CHAND(18, 2.5, entry_mult=2.0), REG(slope_atr 3d th=-2.0)
  ✓ Sharpe improved 0.8288 → 1.0056 — promoting new params
✓ Saved 35 backtest trades for BLENDED to PostgreSQL
✓ Saved 1473 equity snapshots for BLENDED
  ✓ Saved BLENDED portfolio results

======================================================================
NIGHTLY OPTIMIZATION COMPLETE
======================================================================
Total tickers: 3/3
Total runtime: 25.4s

QQQ:
  Params: CHAND(period=18, mult=3.5), REG(slope_pct 8d th=-0.5)
  Sharpe: 1.08 | Return: 137.65%
VTI:
  Params: CHAND(period=14, mult=3.0)
  Sharpe: 1.06 | Return: 91.98%
VTV:
  Params: CHAND(period=18, mult=2.5), REG(slope_atr 3d th=-1.0)
  Sharpe: 0.96 | Return: 66.14%

======================================================================
DATABASE SUMMARY
======================================================================

QQQ:
  Sharpe: 1.08, Return: 137.65%, Win Rate: 58.3%
VTI:
  Sharpe: 1.06, Return: 91.98%, Win Rate: 54.4%
VTV:
  Sharpe: 0.96, Return: 66.14%, Win Rate: 51.9%
BLENDED (PORTFOLIO):
  Sharpe: 1.01, Return: 165.30%, Win Rate: 54.3%

[QQQ] Starting optimization...

======================================================================
Optimizing QQQ [1Day]...
======================================================================
Loaded 1490 bars for QQQ from PostgreSQL
PASS 1: Testing 27 chandelier-only combinations...

Testing 27 parameter combinations...
This may take a few minutes...

  [QQQ] Tested 10/27 combinations...
  [QQQ] Tested 20/27 combinations...

[OK] Optimization complete! Top 5 results:

Rank   Sharpe     Win%     Return     Trades   Parameters                                                            
------------------------------------------------------------------------------------------------------------------------
1      1.05       58.3     131.94    % 36       CHAND(period=18, mult=3.5, entry=1.5)                                 
2      0.98       48.7     126.86    % 39       CHAND(period=14, mult=3.5, entry=1.5)                                 
3      0.97       46.3     130.85    % 41       CHAND(period=14, mult=3.5, entry=2.0)                                 
4      0.96       51.3     121.59    % 39       CHAND(period=18, mult=3.5, entry=2.0)                                 
5      0.91       60.0     103.01    % 35       CHAND(period=18, mult=3.5, entry=1.0)                                 

PASS 2: Testing 32 regression combinations (fixed chandelier: period=18, mult=3.5, entry=1.5)...
  ✓ Regression exit wins: Sharpe 1.08 vs 1.05

Results for QQQ:
  Best Sharpe: 1.08
  Win Rate: 58.3%
  Total Return: 137.65%
  Trades: 36
  Runtime: 2.7s

[VTV] Starting optimization...

======================================================================
Optimizing VTV [1Day]...
======================================================================
Loaded 1490 bars for VTV from PostgreSQL
PASS 1: Testing 27 chandelier-only combinations...

Testing 27 parameter combinations...
This may take a few minutes...

  [VTV] Tested 10/27 combinations...
  [VTV] Tested 20/27 combinations...

[OK] Optimization complete! Top 5 results:

Rank   Sharpe     Win%     Return     Trades   Parameters                                                            
------------------------------------------------------------------------------------------------------------------------
1      0.94       52.9     64.88     % 51       CHAND(period=18, mult=2.5, entry=2.0)                                 
2      0.86       58.3     61.34     % 48       CHAND(period=14, mult=3.0, entry=1.5)                                 
3      0.82       52.2     55.79     % 46       CHAND(period=18, mult=3.0, entry=2.0)                                 
4      0.81       53.8     59.12     % 52       CHAND(period=14, mult=3.0, entry=2.0)                                 
5      0.80       56.5     47.84     % 46       CHAND(period=18, mult=2.5, entry=1.0)                                 

PASS 2: Testing 32 regression combinations (fixed chandelier: period=18, mult=2.5, entry=2.0)...
  ✓ Regression exit wins: Sharpe 0.96 vs 0.94

Results for VTV:
  Best Sharpe: 0.96
  Win Rate: 51.9%
  Total Return: 66.14%
  Trades: 52
  Runtime: 2.7s

[VTI] Starting optimization...

======================================================================
Optimizing VTI [1Day]...
======================================================================
Loaded 1490 bars for VTI from PostgreSQL
PASS 1: Testing 27 chandelier-only combinations...

Testing 27 parameter combinations...
This may take a few minutes...

  [VTI] Tested 10/27 combinations...
  [VTI] Tested 20/27 combinations...

[OK] Optimization complete! Top 5 results:

Rank   Sharpe     Win%     Return     Trades   Parameters                                                            
------------------------------------------------------------------------------------------------------------------------
1      1.06       54.3     91.98     % 46       CHAND(period=14, mult=3.0, entry=1.5)                                 
2      1.03       53.7     83.05     % 41       CHAND(period=18, mult=3.0, entry=1.0)                                 
3      1.02       58.1     85.42     % 43       CHAND(period=18, mult=3.0, entry=1.5)                                 
4      1.00       52.3     81.19     % 44       CHAND(period=14, mult=3.0, entry=1.0)                                 
5      0.92       56.4     75.89     % 39       CHAND(period=18, mult=3.5, entry=1.5)                                 

PASS 2: Testing 32 regression combinations (fixed chandelier: period=14, mult=3.0, entry=1.5)...
  ✓ Chandelier-only wins: Sharpe 1.06 vs regression 1.06

Results for VTI:
  Best Sharpe: 1.06
  Win Rate: 54.3%
  Total Return: 91.98%
  Trades: 46
  Runtime: 2.8s
[2026-07-05 12:41:00] Optimizer finished (exit: 0)
[2026-07-05 16:55:42] Nightly optimizer starting...
[2026-07-05 16:55:42] Waiting for PostgreSQL...
[2026-07-05 16:55:42] PostgreSQL ready.
[Parallel(n_jobs=-1)]: Using backend LokyBackend with 8 concurrent workers.

======================================================================
NIGHTLY OPTIMIZER RUN
Timestamp: 2026-07-05T16:55:43.866715-04:00
Tickers: QQQ, VTI, VTV
Timeframe: 1Day
======================================================================


======================================================================
STEP 1: FETCHING INCREMENTAL PRICES
======================================================================

============================================================
Updating QQQ
============================================================
Loaded 1490 bars for QQQ from PostgreSQL
Current data: 1490 bars, last: 2026-07-02
Fetching incremental data...
Fetching QQQ incremental data since 2026-07-02
Fetching QQQ data from 2026-07-02 to 2026-07-05
Fetched 1 bars for QQQ (timestamped in America/New_York)
Appending 1 bars to database...
Loaded 1490 bars for QQQ from PostgreSQL
✓ Updated: 1490 total bars, last: 2026-07-02

============================================================
Updating VTI
============================================================
Loaded 1490 bars for VTI from PostgreSQL
Current data: 1490 bars, last: 2026-07-02
Fetching incremental data...
Fetching VTI incremental data since 2026-07-02
Fetching VTI data from 2026-07-02 to 2026-07-05
Fetched 1 bars for VTI (timestamped in America/New_York)
Appending 1 bars to database...
Loaded 1490 bars for VTI from PostgreSQL
✓ Updated: 1490 total bars, last: 2026-07-02

============================================================
Updating VTV
============================================================
Loaded 1490 bars for VTV from PostgreSQL
Current data: 1490 bars, last: 2026-07-02
Fetching incremental data...
Fetching VTV incremental data since 2026-07-02
Fetching VTV data from 2026-07-02 to 2026-07-05
Fetched 1 bars for VTV (timestamped in America/New_York)
Appending 1 bars to database...
Loaded 1490 bars for VTV from PostgreSQL
✓ Updated: 1490 total bars, last: 2026-07-02
[Parallel(n_jobs=-1)]: Done   3 out of   3 | elapsed:    5.3s finished
✓ Saved optimization candidate for QQQ (base_case=0)
✓ Saved best candidate for QQQ (cleaned up old candidates)
✓ Updated base_case=true params + metrics for QQQ
✓ Saved 36 backtest trades for QQQ to PostgreSQL
✓ Saved 37 equity snapshots for QQQ
✓ Logged optimization run for QQQ: Sharpe=1.0838827208981672
✓ Saved optimization candidate for VTI (base_case=0)
✓ Saved best candidate for VTI (cleaned up old candidates)
✓ Updated base_case=true params + metrics for VTI
✓ Saved 46 backtest trades for VTI to PostgreSQL
✓ Saved 47 equity snapshots for VTI
✓ Logged optimization run for VTI: Sharpe=1.0641940765399398
✓ Saved optimization candidate for VTV (base_case=0)
✓ Saved best candidate for VTV (cleaned up old candidates)
✓ Updated base_case=true params + metrics for VTV
✓ Saved 52 backtest trades for VTV to PostgreSQL
✓ Saved 53 equity snapshots for VTV
✓ Logged optimization run for VTV: Sharpe=0.9575249016007009

======================================================================
STEP 3: PORTFOLIO COORDINATE ASCENT
======================================================================
Loaded 1490 bars for QQQ from PostgreSQL
Loaded 1490 bars for VTI from PostgreSQL
Loaded 1490 bars for VTV from PostgreSQL
  Promotion gate: 0.8288 (best ever: 0.0000, current: 0.8288)
  Converged after 2 iterations
  Portfolio return: 165.30%
  Sharpe: 1.01 (baseline: 0.83)
  Max DD: 24.33%
  Trades: 35
  QQQ: CHAND(18, 3.5, entry_mult=1.5), REG(slope_atr 3d th=-2.0)
  VTI: CHAND(18, 3.5, entry_mult=1.5)
  VTV: CHAND(18, 2.5, entry_mult=2.0), REG(slope_atr 3d th=-2.0)
  ✓ Sharpe improved 0.8288 → 1.0056 — promoting new params
✓ Saved 35 backtest trades for BLENDED to PostgreSQL
✓ Saved 1473 equity snapshots for BLENDED
  ✓ Saved BLENDED portfolio results

======================================================================
NIGHTLY OPTIMIZATION COMPLETE
======================================================================
Total tickers: 3/3
Total runtime: 24.9s

QQQ:
  Params: CHAND(period=18, mult=3.5), REG(slope_pct 8d th=-0.5)
  Sharpe: 1.08 | Return: 137.65%
VTI:
  Params: CHAND(period=14, mult=3.0)
  Sharpe: 1.06 | Return: 91.98%
VTV:
  Params: CHAND(period=18, mult=2.5), REG(slope_atr 3d th=-1.0)
  Sharpe: 0.96 | Return: 66.14%

======================================================================
DATABASE SUMMARY
======================================================================

QQQ:
  Sharpe: 1.08, Return: 137.65%, Win Rate: 58.3%
VTI:
  Sharpe: 1.06, Return: 91.98%, Win Rate: 54.4%
VTV:
  Sharpe: 0.96, Return: 66.14%, Win Rate: 51.9%
BLENDED (PORTFOLIO):
  Sharpe: 1.01, Return: 165.30%, Win Rate: 54.3%

[VTI] Starting optimization...

======================================================================
Optimizing VTI [1Day]...
======================================================================
Loaded 1490 bars for VTI from PostgreSQL
PASS 1: Testing 27 chandelier-only combinations...

Testing 27 parameter combinations...
This may take a few minutes...

  [VTI] Tested 10/27 combinations...
  [VTI] Tested 20/27 combinations...

[OK] Optimization complete! Top 5 results:

Rank   Sharpe     Win%     Return     Trades   Parameters                                                            
------------------------------------------------------------------------------------------------------------------------
1      1.06       54.3     91.98     % 46       CHAND(period=14, mult=3.0, entry=1.5)                                 
2      1.03       53.7     83.05     % 41       CHAND(period=18, mult=3.0, entry=1.0)                                 
3      1.02       58.1     85.42     % 43       CHAND(period=18, mult=3.0, entry=1.5)                                 
4      1.00       52.3     81.19     % 44       CHAND(period=14, mult=3.0, entry=1.0)                                 
5      0.92       56.4     75.89     % 39       CHAND(period=18, mult=3.5, entry=1.5)                                 

PASS 2: Testing 32 regression combinations (fixed chandelier: period=14, mult=3.0, entry=1.5)...
  ✓ Chandelier-only wins: Sharpe 1.06 vs regression 1.06

Results for VTI:
  Best Sharpe: 1.06
  Win Rate: 54.3%
  Total Return: 91.98%
  Trades: 46
  Runtime: 3.6s

[QQQ] Starting optimization...

======================================================================
Optimizing QQQ [1Day]...
======================================================================
Loaded 1490 bars for QQQ from PostgreSQL
PASS 1: Testing 27 chandelier-only combinations...

Testing 27 parameter combinations...
This may take a few minutes...

  [QQQ] Tested 10/27 combinations...
  [QQQ] Tested 20/27 combinations...

[OK] Optimization complete! Top 5 results:

Rank   Sharpe     Win%     Return     Trades   Parameters                                                            
------------------------------------------------------------------------------------------------------------------------
1      1.05       58.3     131.94    % 36       CHAND(period=18, mult=3.5, entry=1.5)                                 
2      0.98       48.7     126.86    % 39       CHAND(period=14, mult=3.5, entry=1.5)                                 
3      0.97       46.3     130.85    % 41       CHAND(period=14, mult=3.5, entry=2.0)                                 
4      0.96       51.3     121.59    % 39       CHAND(period=18, mult=3.5, entry=2.0)                                 
5      0.91       60.0     103.01    % 35       CHAND(period=18, mult=3.5, entry=1.0)                                 

PASS 2: Testing 32 regression combinations (fixed chandelier: period=18, mult=3.5, entry=1.5)...
  ✓ Regression exit wins: Sharpe 1.08 vs 1.05

Results for QQQ:
  Best Sharpe: 1.08
  Win Rate: 58.3%
  Total Return: 137.65%
  Trades: 36
  Runtime: 3.6s

[VTV] Starting optimization...

======================================================================
Optimizing VTV [1Day]...
======================================================================
Loaded 1490 bars for VTV from PostgreSQL
PASS 1: Testing 27 chandelier-only combinations...

Testing 27 parameter combinations...
This may take a few minutes...

  [VTV] Tested 10/27 combinations...
  [VTV] Tested 20/27 combinations...

[OK] Optimization complete! Top 5 results:

Rank   Sharpe     Win%     Return     Trades   Parameters                                                            
------------------------------------------------------------------------------------------------------------------------
1      0.94       52.9     64.88     % 51       CHAND(period=18, mult=2.5, entry=2.0)                                 
2      0.86       58.3     61.34     % 48       CHAND(period=14, mult=3.0, entry=1.5)                                 
3      0.82       52.2     55.79     % 46       CHAND(period=18, mult=3.0, entry=2.0)                                 
4      0.81       53.8     59.12     % 52       CHAND(period=14, mult=3.0, entry=2.0)                                 
5      0.80       56.5     47.84     % 46       CHAND(period=18, mult=2.5, entry=1.0)                                 

PASS 2: Testing 32 regression combinations (fixed chandelier: period=18, mult=2.5, entry=2.0)...
  ✓ Regression exit wins: Sharpe 0.96 vs 0.94

Results for VTV:
  Best Sharpe: 0.96
  Win Rate: 51.9%
  Total Return: 66.14%
  Trades: 52
  Runtime: 3.5s
[2026-07-05 16:56:10] Optimizer finished (exit: 0)
[2026-07-06 09:18:44] Nightly optimizer starting...
[2026-07-06 09:18:44] Waiting for PostgreSQL...
[2026-07-06 09:18:44] PostgreSQL ready.
[Parallel(n_jobs=-1)]: Using backend LokyBackend with 8 concurrent workers.

======================================================================
NIGHTLY OPTIMIZER RUN
Timestamp: 2026-07-06T09:18:44.938316-04:00
Tickers: QQQ, VTI, VTV
Timeframe: 1Day
======================================================================


======================================================================
STEP 1: FETCHING INCREMENTAL PRICES
======================================================================

============================================================
Updating QQQ
============================================================
Loaded 1490 bars for QQQ from PostgreSQL
Current data: 1490 bars, last: 2026-07-02
Fetching incremental data...
Fetching QQQ incremental data since 2026-07-02
Fetching QQQ data from 2026-07-02 to 2026-07-06
Fetched 1 bars for QQQ (timestamped in America/New_York)
Appending 1 bars to database...
Loaded 1490 bars for QQQ from PostgreSQL
✓ Updated: 1490 total bars, last: 2026-07-02

============================================================
Updating VTI
============================================================
Loaded 1490 bars for VTI from PostgreSQL
Current data: 1490 bars, last: 2026-07-02
Fetching incremental data...
Fetching VTI incremental data since 2026-07-02
Fetching VTI data from 2026-07-02 to 2026-07-06
Fetched 1 bars for VTI (timestamped in America/New_York)
Appending 1 bars to database...
Loaded 1490 bars for VTI from PostgreSQL
✓ Updated: 1490 total bars, last: 2026-07-02

============================================================
Updating VTV
============================================================
Loaded 1490 bars for VTV from PostgreSQL
Current data: 1490 bars, last: 2026-07-02
Fetching incremental data...
Fetching VTV incremental data since 2026-07-02
Fetching VTV data from 2026-07-02 to 2026-07-06
Fetched 1 bars for VTV (timestamped in America/New_York)
Appending 1 bars to database...
Loaded 1490 bars for VTV from PostgreSQL
✓ Updated: 1490 total bars, last: 2026-07-02
[Parallel(n_jobs=-1)]: Done   3 out of   3 | elapsed:    3.8s finished
✓ Saved optimization candidate for QQQ (base_case=0)
✓ Saved best candidate for QQQ (cleaned up old candidates)
✓ Updated base_case=true params + metrics for QQQ
✓ Saved 36 backtest trades for QQQ to PostgreSQL
✓ Saved 37 equity snapshots for QQQ
✓ Logged optimization run for QQQ: Sharpe=1.0838827208981672
✓ Saved optimization candidate for VTI (base_case=0)
✓ Saved best candidate for VTI (cleaned up old candidates)
✓ Updated base_case=true params + metrics for VTI
✓ Saved 46 backtest trades for VTI to PostgreSQL
✓ Saved 47 equity snapshots for VTI
✓ Logged optimization run for VTI: Sharpe=1.0641940765399398
✓ Saved optimization candidate for VTV (base_case=0)
✓ Saved best candidate for VTV (cleaned up old candidates)
✓ Updated base_case=true params + metrics for VTV
✓ Saved 52 backtest trades for VTV to PostgreSQL
✓ Saved 53 equity snapshots for VTV
✓ Logged optimization run for VTV: Sharpe=0.9575249016007009

======================================================================
STEP 3: PORTFOLIO COORDINATE ASCENT
======================================================================
Loaded 1490 bars for QQQ from PostgreSQL
Loaded 1490 bars for VTI from PostgreSQL
Loaded 1490 bars for VTV from PostgreSQL
  Promotion gate: 0.8288 (best ever: 0.0000, current: 0.8288)
  Converged after 2 iterations
  Portfolio return: 165.30%
  Sharpe: 1.01 (baseline: 0.83)
  Max DD: 24.33%
  Trades: 35
  QQQ: CHAND(18, 3.5, entry_mult=1.5), REG(slope_atr 3d th=-2.0)
  VTI: CHAND(18, 3.5, entry_mult=1.5)
  VTV: CHAND(18, 2.5, entry_mult=2.0), REG(slope_atr 3d th=-2.0)
  ✓ Sharpe improved 0.8288 → 1.0056 — promoting new params
✓ Saved 35 backtest trades for BLENDED to PostgreSQL
✓ Saved 1473 equity snapshots for BLENDED
  ✓ Saved BLENDED portfolio results

======================================================================
NIGHTLY OPTIMIZATION COMPLETE
======================================================================
Total tickers: 3/3
Total runtime: 22.4s

QQQ:
  Params: CHAND(period=18, mult=3.5), REG(slope_pct 8d th=-0.5)
  Sharpe: 1.08 | Return: 137.65%
VTI:
  Params: CHAND(period=14, mult=3.0)
  Sharpe: 1.06 | Return: 91.98%
VTV:
  Params: CHAND(period=18, mult=2.5), REG(slope_atr 3d th=-1.0)
  Sharpe: 0.96 | Return: 66.14%

======================================================================
DATABASE SUMMARY
======================================================================

QQQ:
  Sharpe: 1.08, Return: 137.65%, Win Rate: 58.3%
VTI:
  Sharpe: 1.06, Return: 91.98%, Win Rate: 54.4%
VTV:
  Sharpe: 0.96, Return: 66.14%, Win Rate: 51.9%
BLENDED (PORTFOLIO):
  Sharpe: 1.01, Return: 165.30%, Win Rate: 54.3%

[VTI] Starting optimization...

======================================================================
Optimizing VTI [1Day]...
======================================================================
Loaded 1490 bars for VTI from PostgreSQL
PASS 1: Testing 27 chandelier-only combinations...

Testing 27 parameter combinations...
This may take a few minutes...

  [VTI] Tested 10/27 combinations...
  [VTI] Tested 20/27 combinations...

[OK] Optimization complete! Top 5 results:

Rank   Sharpe     Win%     Return     Trades   Parameters                                                            
------------------------------------------------------------------------------------------------------------------------
1      1.06       54.3     91.98     % 46       CHAND(period=14, mult=3.0, entry=1.5)                                 
2      1.03       53.7     83.05     % 41       CHAND(period=18, mult=3.0, entry=1.0)                                 
3      1.02       58.1     85.42     % 43       CHAND(period=18, mult=3.0, entry=1.5)                                 
4      1.00       52.3     81.19     % 44       CHAND(period=14, mult=3.0, entry=1.0)                                 
5      0.92       56.4     75.89     % 39       CHAND(period=18, mult=3.5, entry=1.5)                                 

PASS 2: Testing 32 regression combinations (fixed chandelier: period=14, mult=3.0, entry=1.5)...
  ✓ Chandelier-only wins: Sharpe 1.06 vs regression 1.06

Results for VTI:
  Best Sharpe: 1.06
  Win Rate: 54.3%
  Total Return: 91.98%
  Trades: 46
  Runtime: 2.6s

[QQQ] Starting optimization...

======================================================================
Optimizing QQQ [1Day]...
======================================================================
Loaded 1490 bars for QQQ from PostgreSQL
PASS 1: Testing 27 chandelier-only combinations...

Testing 27 parameter combinations...
This may take a few minutes...

  [QQQ] Tested 10/27 combinations...
  [QQQ] Tested 20/27 combinations...

[OK] Optimization complete! Top 5 results:

Rank   Sharpe     Win%     Return     Trades   Parameters                                                            
------------------------------------------------------------------------------------------------------------------------
1      1.05       58.3     131.94    % 36       CHAND(period=18, mult=3.5, entry=1.5)                                 
2      0.98       48.7     126.86    % 39       CHAND(period=14, mult=3.5, entry=1.5)                                 
3      0.97       46.3     130.85    % 41       CHAND(period=14, mult=3.5, entry=2.0)                                 
4      0.96       51.3     121.59    % 39       CHAND(period=18, mult=3.5, entry=2.0)                                 
5      0.91       60.0     103.01    % 35       CHAND(period=18, mult=3.5, entry=1.0)                                 

PASS 2: Testing 32 regression combinations (fixed chandelier: period=18, mult=3.5, entry=1.5)...
  ✓ Regression exit wins: Sharpe 1.08 vs 1.05

Results for QQQ:
  Best Sharpe: 1.08
  Win Rate: 58.3%
  Total Return: 137.65%
  Trades: 36
  Runtime: 2.7s

[VTV] Starting optimization...

======================================================================
Optimizing VTV [1Day]...
======================================================================
Loaded 1490 bars for VTV from PostgreSQL
PASS 1: Testing 27 chandelier-only combinations...

Testing 27 parameter combinations...
This may take a few minutes...

  [VTV] Tested 10/27 combinations...
  [VTV] Tested 20/27 combinations...

[OK] Optimization complete! Top 5 results:

Rank   Sharpe     Win%     Return     Trades   Parameters                                                            
------------------------------------------------------------------------------------------------------------------------
1      0.94       52.9     64.88     % 51       CHAND(period=18, mult=2.5, entry=2.0)                                 
2      0.86       58.3     61.34     % 48       CHAND(period=14, mult=3.0, entry=1.5)                                 
3      0.82       52.2     55.79     % 46       CHAND(period=18, mult=3.0, entry=2.0)                                 
4      0.81       53.8     59.12     % 52       CHAND(period=14, mult=3.0, entry=2.0)                                 
5      0.80       56.5     47.84     % 46       CHAND(period=18, mult=2.5, entry=1.0)                                 

PASS 2: Testing 32 regression combinations (fixed chandelier: period=18, mult=2.5, entry=2.0)...
  ✓ Regression exit wins: Sharpe 0.96 vs 0.94

Results for VTV:
  Best Sharpe: 0.96
  Win Rate: 51.9%
  Total Return: 66.14%
  Trades: 52
  Runtime: 2.8s
[2026-07-06 09:19:08] Optimizer finished (exit: 0)
[2026-07-06 11:29:10] Nightly optimizer starting...
[2026-07-06 11:29:10] Waiting for PostgreSQL...
[2026-07-06 11:29:10] PostgreSQL ready.
[Parallel(n_jobs=-1)]: Using backend LokyBackend with 8 concurrent workers.

======================================================================
NIGHTLY OPTIMIZER RUN
Timestamp: 2026-07-06T11:29:11.092521-04:00
Tickers: QQQ, VTI, VTV
Timeframe: 1Day
======================================================================


======================================================================
STEP 1: FETCHING INCREMENTAL PRICES
======================================================================

============================================================
Updating QQQ
============================================================
Loaded 1490 bars for QQQ from PostgreSQL
Current data: 1490 bars, last: 2026-07-02
Fetching incremental data...
Fetching QQQ incremental data since 2026-07-02
Fetching QQQ data from 2026-07-02 to 2026-07-06
Fetched 2 bars for QQQ (timestamped in America/New_York)
Appending 2 bars to database...
Appended 1 new bars for QQQ to PostgreSQL
Loaded 1491 bars for QQQ from PostgreSQL
✓ Updated: 1491 total bars, last: 2026-07-06

============================================================
Updating VTI
============================================================
Loaded 1490 bars for VTI from PostgreSQL
Current data: 1490 bars, last: 2026-07-02
Fetching incremental data...
Fetching VTI incremental data since 2026-07-02
Fetching VTI data from 2026-07-02 to 2026-07-06
Fetched 2 bars for VTI (timestamped in America/New_York)
Appending 2 bars to database...
Appended 1 new bars for VTI to PostgreSQL
Loaded 1491 bars for VTI from PostgreSQL
✓ Updated: 1491 total bars, last: 2026-07-06

============================================================
Updating VTV
============================================================
Loaded 1490 bars for VTV from PostgreSQL
Current data: 1490 bars, last: 2026-07-02
Fetching incremental data...
Fetching VTV incremental data since 2026-07-02
Fetching VTV data from 2026-07-02 to 2026-07-06
Fetched 2 bars for VTV (timestamped in America/New_York)
Appending 2 bars to database...
Appended 1 new bars for VTV to PostgreSQL
Loaded 1491 bars for VTV from PostgreSQL
✓ Updated: 1491 total bars, last: 2026-07-06
[Parallel(n_jobs=-1)]: Done   3 out of   3 | elapsed:    3.7s finished
✓ Saved optimization candidate for QQQ (base_case=0)
✓ Saved best candidate for QQQ (cleaned up old candidates)
✓ Updated base_case=true params + metrics for QQQ
✓ Saved 36 backtest trades for QQQ to PostgreSQL
✓ Saved 37 equity snapshots for QQQ
✓ Logged optimization run for QQQ: Sharpe=1.1023583348609787
✓ Saved optimization candidate for VTI (base_case=0)
✓ Saved best candidate for VTI (cleaned up old candidates)
✓ Updated base_case=true params + metrics for VTI
✓ Saved 46 backtest trades for VTI to PostgreSQL
✓ Saved 47 equity snapshots for VTI
✓ Logged optimization run for VTI: Sharpe=1.0747323209505804
✓ Saved optimization candidate for VTV (base_case=0)
✓ Saved best candidate for VTV (cleaned up old candidates)
✓ Updated base_case=true params + metrics for VTV
✓ Saved 52 backtest trades for VTV to PostgreSQL
✓ Saved 53 equity snapshots for VTV
✓ Logged optimization run for VTV: Sharpe=0.9571293009251781

======================================================================
STEP 3: PORTFOLIO COORDINATE ASCENT
======================================================================
Loaded 1491 bars for QQQ from PostgreSQL
Loaded 1491 bars for VTI from PostgreSQL
Loaded 1491 bars for VTV from PostgreSQL
  Promotion gate: 0.8285 (best ever: 0.0000, current: 0.8285)
  Converged after 2 iterations
  Portfolio return: 165.30%
  Sharpe: 1.01 (baseline: 0.83)
  Max DD: 24.33%
  Trades: 35
  QQQ: CHAND(18, 3.5, entry_mult=1.5), REG(slope_atr 3d th=-2.0)
  VTI: CHAND(18, 3.5, entry_mult=1.5)
  VTV: CHAND(18, 2.5, entry_mult=2.0), REG(slope_atr 3d th=-2.0)
  ✓ Sharpe improved 0.8285 → 1.0052 — promoting new params
✓ Saved 35 backtest trades for BLENDED to PostgreSQL
✓ Saved 1474 equity snapshots for BLENDED
  ✓ Saved BLENDED portfolio results

======================================================================
NIGHTLY OPTIMIZATION COMPLETE
======================================================================
Total tickers: 3/3
Total runtime: 22.0s

QQQ:
  Params: CHAND(period=18, mult=3.5), REG(slope_pct 8d th=-0.5)
  Sharpe: 1.10 | Return: 141.70%
VTI:
  Params: CHAND(period=14, mult=3.0)
  Sharpe: 1.07 | Return: 93.37%
VTV:
  Params: CHAND(period=18, mult=2.5), REG(slope_atr 3d th=-1.0)
  Sharpe: 0.96 | Return: 66.14%

======================================================================
DATABASE SUMMARY
======================================================================

QQQ:
  Sharpe: 1.10, Return: 141.70%, Win Rate: 58.3%
VTI:
  Sharpe: 1.07, Return: 93.37%, Win Rate: 54.4%
VTV:
  Sharpe: 0.96, Return: 66.14%, Win Rate: 51.9%
BLENDED (PORTFOLIO):
  Sharpe: 1.01, Return: 165.30%, Win Rate: 54.3%

[QQQ] Starting optimization...

======================================================================
Optimizing QQQ [1Day]...
======================================================================
Loaded 1491 bars for QQQ from PostgreSQL
PASS 1: Testing 27 chandelier-only combinations...

Testing 27 parameter combinations...
This may take a few minutes...

  [QQQ] Tested 10/27 combinations...
  [QQQ] Tested 20/27 combinations...

[OK] Optimization complete! Top 5 results:

Rank   Sharpe     Win%     Return     Trades   Parameters                                                            
------------------------------------------------------------------------------------------------------------------------
1      1.07       58.3     135.90    % 36       CHAND(period=18, mult=3.5, entry=1.5)                                 
2      0.99       48.7     130.73    % 39       CHAND(period=14, mult=3.5, entry=1.5)                                 
3      0.98       46.3     134.79    % 41       CHAND(period=14, mult=3.5, entry=2.0)                                 
4      0.98       51.3     125.37    % 39       CHAND(period=18, mult=3.5, entry=2.0)                                 
5      0.93       60.0     106.47    % 35       CHAND(period=18, mult=3.5, entry=1.0)                                 

PASS 2: Testing 32 regression combinations (fixed chandelier: period=18, mult=3.5, entry=1.5)...
  ✓ Regression exit wins: Sharpe 1.10 vs 1.07

Results for QQQ:
  Best Sharpe: 1.10
  Win Rate: 58.3%
  Total Return: 141.70%
  Trades: 36
  Runtime: 2.6s

[VTI] Starting optimization...

======================================================================
Optimizing VTI [1Day]...
======================================================================
Loaded 1491 bars for VTI from PostgreSQL
PASS 1: Testing 27 chandelier-only combinations...

Testing 27 parameter combinations...
This may take a few minutes...

  [VTI] Tested 10/27 combinations...
  [VTI] Tested 20/27 combinations...

[OK] Optimization complete! Top 5 results:

Rank   Sharpe     Win%     Return     Trades   Parameters                                                            
------------------------------------------------------------------------------------------------------------------------
1      1.07       54.3     93.37     % 46       CHAND(period=14, mult=3.0, entry=1.5)                                 
2      1.05       53.7     84.38     % 41       CHAND(period=18, mult=3.0, entry=1.0)                                 
3      1.03       58.1     86.76     % 43       CHAND(period=18, mult=3.0, entry=1.5)                                 
4      1.01       52.3     82.50     % 44       CHAND(period=14, mult=3.0, entry=1.0)                                 
5      0.93       56.4     77.16     % 39       CHAND(period=18, mult=3.5, entry=1.5)                                 

PASS 2: Testing 32 regression combinations (fixed chandelier: period=14, mult=3.0, entry=1.5)...
  ✓ Chandelier-only wins: Sharpe 1.07 vs regression 1.07

Results for VTI:
  Best Sharpe: 1.07
  Win Rate: 54.3%
  Total Return: 93.37%
  Trades: 46
  Runtime: 2.8s

[VTV] Starting optimization...

======================================================================
Optimizing VTV [1Day]...
======================================================================
Loaded 1491 bars for VTV from PostgreSQL
PASS 1: Testing 27 chandelier-only combinations...

Testing 27 parameter combinations...
This may take a few minutes...

  [VTV] Tested 10/27 combinations...
  [VTV] Tested 20/27 combinations...

[OK] Optimization complete! Top 5 results:

Rank   Sharpe     Win%     Return     Trades   Parameters                                                            
------------------------------------------------------------------------------------------------------------------------
1      0.94       52.9     64.88     % 51       CHAND(period=18, mult=2.5, entry=2.0)                                 
2      0.86       58.3     61.34     % 48       CHAND(period=14, mult=3.0, entry=1.5)                                 
3      0.82       52.2     55.79     % 46       CHAND(period=18, mult=3.0, entry=2.0)                                 
4      0.81       53.8     59.12     % 52       CHAND(period=14, mult=3.0, entry=2.0)                                 
5      0.80       56.5     47.84     % 46       CHAND(period=18, mult=2.5, entry=1.0)                                 

PASS 2: Testing 32 regression combinations (fixed chandelier: period=18, mult=2.5, entry=2.0)...
  ✓ Regression exit wins: Sharpe 0.96 vs 0.94

Results for VTV:
  Best Sharpe: 0.96
  Win Rate: 51.9%
  Total Return: 66.14%
  Trades: 52
  Runtime: 2.8s
[2026-07-06 11:29:34] Optimizer finished (exit: 0)
[2026-07-07 09:18:14] Nightly optimizer starting...
[2026-07-07 09:18:14] Waiting for PostgreSQL...
[2026-07-07 09:18:14] PostgreSQL ready.
[Parallel(n_jobs=-1)]: Using backend LokyBackend with 8 concurrent workers.

======================================================================
NIGHTLY OPTIMIZER RUN
Timestamp: 2026-07-07T09:18:15.115749-04:00
Tickers: QQQ, VTI, VTV
Timeframe: 1Day
======================================================================


======================================================================
STEP 1: FETCHING INCREMENTAL PRICES
======================================================================

============================================================
Updating QQQ
============================================================
Loaded 1491 bars for QQQ from PostgreSQL
Current data: 1491 bars, last: 2026-07-06
Fetching incremental data...
Fetching QQQ incremental data since 2026-07-06
Fetching QQQ data from 2026-07-06 to 2026-07-07
Fetched 1 bars for QQQ (timestamped in America/New_York)
Appending 1 bars to database...
Loaded 1491 bars for QQQ from PostgreSQL
✓ Updated: 1491 total bars, last: 2026-07-06

============================================================
Updating VTI
============================================================
Loaded 1491 bars for VTI from PostgreSQL
Current data: 1491 bars, last: 2026-07-06
Fetching incremental data...
Fetching VTI incremental data since 2026-07-06
Fetching VTI data from 2026-07-06 to 2026-07-07
Fetched 1 bars for VTI (timestamped in America/New_York)
Appending 1 bars to database...
Loaded 1491 bars for VTI from PostgreSQL
✓ Updated: 1491 total bars, last: 2026-07-06

============================================================
Updating VTV
============================================================
Loaded 1491 bars for VTV from PostgreSQL
Current data: 1491 bars, last: 2026-07-06
Fetching incremental data...
Fetching VTV incremental data since 2026-07-06
Fetching VTV data from 2026-07-06 to 2026-07-07
Fetched 1 bars for VTV (timestamped in America/New_York)
Appending 1 bars to database...
Loaded 1491 bars for VTV from PostgreSQL
✓ Updated: 1491 total bars, last: 2026-07-06
[Parallel(n_jobs=-1)]: Done   3 out of   3 | elapsed:    3.6s finished
✓ Saved optimization candidate for QQQ (base_case=0)
✓ Saved best candidate for QQQ (cleaned up old candidates)
✓ Updated base_case=true params + metrics for QQQ
✓ Saved 36 backtest trades for QQQ to PostgreSQL
✓ Saved 37 equity snapshots for QQQ
✓ Logged optimization run for QQQ: Sharpe=1.1023583348609787
✓ Saved optimization candidate for VTI (base_case=0)
✓ Saved best candidate for VTI (cleaned up old candidates)
✓ Updated base_case=true params + metrics for VTI
✓ Saved 46 backtest trades for VTI to PostgreSQL
✓ Saved 47 equity snapshots for VTI
✓ Logged optimization run for VTI: Sharpe=1.0747323209505804
✓ Saved optimization candidate for VTV (base_case=0)
✓ Saved best candidate for VTV (cleaned up old candidates)
✓ Updated base_case=true params + metrics for VTV
✓ Saved 52 backtest trades for VTV to PostgreSQL
✓ Saved 53 equity snapshots for VTV
✓ Logged optimization run for VTV: Sharpe=0.9571293009251781

======================================================================
STEP 3: PORTFOLIO COORDINATE ASCENT
======================================================================
Loaded 1491 bars for QQQ from PostgreSQL
Loaded 1491 bars for VTI from PostgreSQL
Loaded 1491 bars for VTV from PostgreSQL
  Promotion gate: 0.8285 (best ever: 0.0000, current: 0.8285)
  Converged after 2 iterations
  Portfolio return: 165.30%
  Sharpe: 1.01 (baseline: 0.83)
  Max DD: 24.33%
  Trades: 35
  QQQ: CHAND(18, 3.5, entry_mult=1.5), REG(slope_atr 3d th=-2.0)
  VTI: CHAND(18, 3.5, entry_mult=1.5)
  VTV: CHAND(18, 2.5, entry_mult=2.0), REG(slope_atr 3d th=-2.0)
  ✓ Sharpe improved 0.8285 → 1.0052 — promoting new params
✓ Saved 35 backtest trades for BLENDED to PostgreSQL
✓ Saved 1474 equity snapshots for BLENDED
  ✓ Saved BLENDED portfolio results

======================================================================
NIGHTLY OPTIMIZATION COMPLETE
======================================================================
Total tickers: 3/3
Total runtime: 22.1s

QQQ:
  Params: CHAND(period=18, mult=3.5), REG(slope_pct 8d th=-0.5)
  Sharpe: 1.10 | Return: 141.70%
VTI:
  Params: CHAND(period=14, mult=3.0)
  Sharpe: 1.07 | Return: 93.37%
VTV:
  Params: CHAND(period=18, mult=2.5), REG(slope_atr 3d th=-1.0)
  Sharpe: 0.96 | Return: 66.14%

======================================================================
DATABASE SUMMARY
======================================================================

QQQ:
  Sharpe: 1.10, Return: 141.70%, Win Rate: 58.3%
VTI:
  Sharpe: 1.07, Return: 93.37%, Win Rate: 54.4%
VTV:
  Sharpe: 0.96, Return: 66.14%, Win Rate: 51.9%
BLENDED (PORTFOLIO):
  Sharpe: 1.01, Return: 165.30%, Win Rate: 54.3%

[VTI] Starting optimization...

======================================================================
Optimizing VTI [1Day]...
======================================================================
Loaded 1491 bars for VTI from PostgreSQL
PASS 1: Testing 27 chandelier-only combinations...

Testing 27 parameter combinations...
This may take a few minutes...

  [VTI] Tested 10/27 combinations...
  [VTI] Tested 20/27 combinations...

[OK] Optimization complete! Top 5 results:

Rank   Sharpe     Win%     Return     Trades   Parameters                                                            
------------------------------------------------------------------------------------------------------------------------
1      1.07       54.3     93.37     % 46       CHAND(period=14, mult=3.0, entry=1.5)                                 
2      1.05       53.7     84.38     % 41       CHAND(period=18, mult=3.0, entry=1.0)                                 
3      1.03       58.1     86.76     % 43       CHAND(period=18, mult=3.0, entry=1.5)                                 
4      1.01       52.3     82.50     % 44       CHAND(period=14, mult=3.0, entry=1.0)                                 
5      0.93       56.4     77.16     % 39       CHAND(period=18, mult=3.5, entry=1.5)                                 

PASS 2: Testing 32 regression combinations (fixed chandelier: period=14, mult=3.0, entry=1.5)...
  ✓ Chandelier-only wins: Sharpe 1.07 vs regression 1.07

Results for VTI:
  Best Sharpe: 1.07
  Win Rate: 54.3%
  Total Return: 93.37%
  Trades: 46
  Runtime: 2.6s

[QQQ] Starting optimization...

======================================================================
Optimizing QQQ [1Day]...
======================================================================
Loaded 1491 bars for QQQ from PostgreSQL
PASS 1: Testing 27 chandelier-only combinations...

Testing 27 parameter combinations...
This may take a few minutes...

  [QQQ] Tested 10/27 combinations...
  [QQQ] Tested 20/27 combinations...

[OK] Optimization complete! Top 5 results:

Rank   Sharpe     Win%     Return     Trades   Parameters                                                            
------------------------------------------------------------------------------------------------------------------------
1      1.07       58.3     135.90    % 36       CHAND(period=18, mult=3.5, entry=1.5)                                 
2      0.99       48.7     130.73    % 39       CHAND(period=14, mult=3.5, entry=1.5)                                 
3      0.98       46.3     134.79    % 41       CHAND(period=14, mult=3.5, entry=2.0)                                 
4      0.98       51.3     125.37    % 39       CHAND(period=18, mult=3.5, entry=2.0)                                 
5      0.93       60.0     106.47    % 35       CHAND(period=18, mult=3.5, entry=1.0)                                 

PASS 2: Testing 32 regression combinations (fixed chandelier: period=18, mult=3.5, entry=1.5)...
  ✓ Regression exit wins: Sharpe 1.10 vs 1.07

Results for QQQ:
  Best Sharpe: 1.10
  Win Rate: 58.3%
  Total Return: 141.70%
  Trades: 36
  Runtime: 2.7s

[VTV] Starting optimization...

======================================================================
Optimizing VTV [1Day]...
======================================================================
Loaded 1491 bars for VTV from PostgreSQL
PASS 1: Testing 27 chandelier-only combinations...

Testing 27 parameter combinations...
This may take a few minutes...

  [VTV] Tested 10/27 combinations...
  [VTV] Tested 20/27 combinations...

[OK] Optimization complete! Top 5 results:

Rank   Sharpe     Win%     Return     Trades   Parameters                                                            
------------------------------------------------------------------------------------------------------------------------
1      0.94       52.9     64.88     % 51       CHAND(period=18, mult=2.5, entry=2.0)                                 
2      0.86       58.3     61.34     % 48       CHAND(period=14, mult=3.0, entry=1.5)                                 
3      0.82       52.2     55.79     % 46       CHAND(period=18, mult=3.0, entry=2.0)                                 
4      0.81       53.8     59.12     % 52       CHAND(period=14, mult=3.0, entry=2.0)                                 
5      0.80       56.5     47.84     % 46       CHAND(period=18, mult=2.5, entry=1.0)                                 

PASS 2: Testing 32 regression combinations (fixed chandelier: period=18, mult=2.5, entry=2.0)...
  ✓ Regression exit wins: Sharpe 0.96 vs 0.94

Results for VTV:
  Best Sharpe: 0.96
  Win Rate: 51.9%
  Total Return: 66.14%
  Trades: 52
  Runtime: 2.7s
[2026-07-07 09:18:38] Optimizer finished (exit: 0)
[2026-07-14 09:43:10] Nightly optimizer starting...
[2026-07-14 09:43:10] Waiting for PostgreSQL...
[2026-07-14 09:43:10] PostgreSQL ready.
[Parallel(n_jobs=-1)]: Using backend LokyBackend with 8 concurrent workers.

======================================================================
NIGHTLY OPTIMIZER RUN
Timestamp: 2026-07-14T09:43:11.206279-04:00
Tickers: QQQ, VTI, VTV
Timeframe: 1Day
======================================================================


======================================================================
STEP 1: FETCHING INCREMENTAL PRICES
======================================================================

============================================================
Updating IWM
============================================================
No existing data for IWM
Fetching incremental data...
Database empty for IWM, fetching 1Day data from 2019-09-09
Fetching IWM data from 2019-09-09 to 2026-07-14
Fetched 1498 bars for IWM (timestamped in America/New_York)
Appending 1498 bars to database...
Appended 1498 new bars for IWM to PostgreSQL
Loaded 1498 bars for IWM from PostgreSQL
✓ Updated: 1498 total bars, last: 2026-07-14

============================================================
Updating DIA
============================================================
No existing data for DIA
Fetching incremental data...
Database empty for DIA, fetching 1Day data from 2019-09-09
Fetching DIA data from 2019-09-09 to 2026-07-14
Fetched 1498 bars for DIA (timestamped in America/New_York)
Appending 1498 bars to database...
Appended 1498 new bars for DIA to PostgreSQL
Loaded 1498 bars for DIA from PostgreSQL
✓ Updated: 1498 total bars, last: 2026-07-14

============================================================
Updating IJH
============================================================
No existing data for IJH
Fetching incremental data...
Database empty for IJH, fetching 1Day data from 2019-09-09
Fetching IJH data from 2019-09-09 to 2026-07-14
Fetched 1498 bars for IJH (timestamped in America/New_York)
Appending 1498 bars to database...
Appended 1498 new bars for IJH to PostgreSQL
Loaded 1498 bars for IJH from PostgreSQL
✓ Updated: 1498 total bars, last: 2026-07-14

============================================================
Updating IJR
============================================================
No existing data for IJR
Fetching incremental data...
Database empty for IJR, fetching 1Day data from 2019-09-09
Fetching IJR data from 2019-09-09 to 2026-07-14
Fetched 1498 bars for IJR (timestamped in America/New_York)
Appending 1498 bars to database...
Appended 1498 new bars for IJR to PostgreSQL
Loaded 1498 bars for IJR from PostgreSQL
✓ Updated: 1498 total bars, last: 2026-07-14

============================================================
Updating RSP
============================================================
No existing data for RSP
Fetching incremental data...
Database empty for RSP, fetching 1Day data from 2019-09-09
Fetching RSP data from 2019-09-09 to 2026-07-14
Fetched 1498 bars for RSP (timestamped in America/New_York)
Appending 1498 bars to database...
Appended 1498 new bars for RSP to PostgreSQL
Loaded 1498 bars for RSP from PostgreSQL
✓ Updated: 1498 total bars, last: 2026-07-14

============================================================
Updating SCHB
============================================================
No existing data for SCHB
Fetching incremental data...
Database empty for SCHB, fetching 1Day data from 2019-09-09
Fetching SCHB data from 2019-09-09 to 2026-07-14
Fetched 1493 bars for SCHB (timestamped in America/New_York)
Appending 1493 bars to database...
Appended 1493 new bars for SCHB to PostgreSQL
Loaded 1493 bars for SCHB from PostgreSQL
✓ Updated: 1493 total bars, last: 2026-07-14

============================================================
Updating SCHD
============================================================
No existing data for SCHD
Fetching incremental data...
Database empty for SCHD, fetching 1Day data from 2019-09-09
Fetching SCHD data from 2019-09-09 to 2026-07-14
Fetched 1498 bars for SCHD (timestamped in America/New_York)
Appending 1498 bars to database...
Appended 1498 new bars for SCHD to PostgreSQL
Loaded 1498 bars for SCHD from PostgreSQL
✓ Updated: 1498 total bars, last: 2026-07-14

============================================================
Updating SMH
============================================================
No existing data for SMH
Fetching incremental data...
Database empty for SMH, fetching 1Day data from 2019-09-09
Fetching SMH data from 2019-09-09 to 2026-07-14
Fetched 1498 bars for SMH (timestamped in America/New_York)
Appending 1498 bars to database...
Appended 1498 new bars for SMH to PostgreSQL
Loaded 1498 bars for SMH from PostgreSQL
✓ Updated: 1498 total bars, last: 2026-07-14

============================================================
Updating VGT
============================================================
No existing data for VGT
Fetching incremental data...
Database empty for VGT, fetching 1Day data from 2019-09-09
Fetching VGT data from 2019-09-09 to 2026-07-14
Fetched 1497 bars for VGT (timestamped in America/New_York)
Appending 1497 bars to database...
Appended 1497 new bars for VGT to PostgreSQL
Loaded 1497 bars for VGT from PostgreSQL
✓ Updated: 1497 total bars, last: 2026-07-14

============================================================
Updating VUG
============================================================
No existing data for VUG
Fetching incremental data...
Database empty for VUG, fetching 1Day data from 2019-09-09
Fetching VUG data from 2019-09-09 to 2026-07-14
Fetched 1498 bars for VUG (timestamped in America/New_York)
Appending 1498 bars to database...
Appended 1498 new bars for VUG to PostgreSQL
Loaded 1498 bars for VUG from PostgreSQL
✓ Updated: 1498 total bars, last: 2026-07-14

============================================================
Updating XLF
============================================================
No existing data for XLF
Fetching incremental data...
Database empty for XLF, fetching 1Day data from 2019-09-09
Fetching XLF data from 2019-09-09 to 2026-07-14
Fetched 1498 bars for XLF (timestamped in America/New_York)
Appending 1498 bars to database...
Appended 1498 new bars for XLF to PostgreSQL
Loaded 1498 bars for XLF from PostgreSQL
✓ Updated: 1498 total bars, last: 2026-07-14

============================================================
Updating XLK
============================================================
No existing data for XLK
Fetching incremental data...
Database empty for XLK, fetching 1Day data from 2019-09-09
Fetching XLK data from 2019-09-09 to 2026-07-14
Fetched 1498 bars for XLK (timestamped in America/New_York)
Appending 1498 bars to database...
Appended 1498 new bars for XLK to PostgreSQL
Loaded 1498 bars for XLK from PostgreSQL
✓ Updated: 1498 total bars, last: 2026-07-14

============================================================
Updating XLE
============================================================
No existing data for XLE
Fetching incremental data...
Database empty for XLE, fetching 1Day data from 2019-09-09
Fetching XLE data from 2019-09-09 to 2026-07-14
Fetched 1498 bars for XLE (timestamped in America/New_York)
Appending 1498 bars to database...
Appended 1498 new bars for XLE to PostgreSQL
Loaded 1498 bars for XLE from PostgreSQL
✓ Updated: 1498 total bars, last: 2026-07-14

============================================================
Updating XLU
============================================================
No existing data for XLU
Fetching incremental data...
Database empty for XLU, fetching 1Day data from 2019-09-09
Fetching XLU data from 2019-09-09 to 2026-07-14
Fetched 1498 bars for XLU (timestamped in America/New_York)
Appending 1498 bars to database...
Appended 1498 new bars for XLU to PostgreSQL
Loaded 1498 bars for XLU from PostgreSQL
✓ Updated: 1498 total bars, last: 2026-07-14

============================================================
Updating TLT
============================================================
No existing data for TLT
Fetching incremental data...
Database empty for TLT, fetching 1Day data from 2019-09-09
Fetching TLT data from 2019-09-09 to 2026-07-14
Fetched 1498 bars for TLT (timestamped in America/New_York)
Appending 1498 bars to database...
Appended 1498 new bars for TLT to PostgreSQL
Loaded 1498 bars for TLT from PostgreSQL
✓ Updated: 1498 total bars, last: 2026-07-14

============================================================
Updating GLD
============================================================
No existing data for GLD
Fetching incremental data...
Database empty for GLD, fetching 1Day data from 2019-09-09
Fetching GLD data from 2019-09-09 to 2026-07-14
Fetched 1498 bars for GLD (timestamped in America/New_York)
Appending 1498 bars to database...
Appended 1498 new bars for GLD to PostgreSQL
Loaded 1498 bars for GLD from PostgreSQL
✓ Updated: 1498 total bars, last: 2026-07-14

============================================================
Updating EEM
============================================================
No existing data for EEM
Fetching incremental data...
Database empty for EEM, fetching 1Day data from 2019-09-09
Fetching EEM data from 2019-09-09 to 2026-07-14
Fetched 1498 bars for EEM (timestamped in America/New_York)
Appending 1498 bars to database...
Appended 1498 new bars for EEM to PostgreSQL
Loaded 1498 bars for EEM from PostgreSQL
✓ Updated: 1498 total bars, last: 2026-07-14

============================================================
Updating EFA
============================================================
No existing data for EFA
Fetching incremental data...
Database empty for EFA, fetching 1Day data from 2019-09-09
Fetching EFA data from 2019-09-09 to 2026-07-14
Fetched 1498 bars for EFA (timestamped in America/New_York)
Appending 1498 bars to database...
Appended 1498 new bars for EFA to PostgreSQL
Loaded 1498 bars for EFA from PostgreSQL
✓ Updated: 1498 total bars, last: 2026-07-14

============================================================
Updating QQQ
============================================================
Loaded 1495 bars for QQQ from PostgreSQL
Current data: 1495 bars, last: 2026-07-10
Fetching incremental data...
Fetching QQQ incremental data since 2026-07-10
Fetching QQQ data from 2026-07-10 to 2026-07-14
Fetched 3 bars for QQQ (timestamped in America/New_York)
Appending 3 bars to database...
Appended 2 new bars for QQQ to PostgreSQL
Loaded 1497 bars for QQQ from PostgreSQL
✓ Updated: 1497 total bars, last: 2026-07-14

============================================================
Updating VTI
============================================================
Loaded 1495 bars for VTI from PostgreSQL
Current data: 1495 bars, last: 2026-07-10
Fetching incremental data...
Fetching VTI incremental data since 2026-07-10
Fetching VTI data from 2026-07-10 to 2026-07-14
Fetched 3 bars for VTI (timestamped in America/New_York)
Appending 3 bars to database...
Appended 2 new bars for VTI to PostgreSQL
Loaded 1497 bars for VTI from PostgreSQL
✓ Updated: 1497 total bars, last: 2026-07-14

============================================================
Updating VTV
============================================================
Loaded 1495 bars for VTV from PostgreSQL
Current data: 1495 bars, last: 2026-07-10
Fetching incremental data...
Fetching VTV incremental data since 2026-07-10
Fetching VTV data from 2026-07-10 to 2026-07-14
Fetched 3 bars for VTV (timestamped in America/New_York)
Appending 3 bars to database...
Appended 2 new bars for VTV to PostgreSQL
Loaded 1497 bars for VTV from PostgreSQL
✓ Updated: 1497 total bars, last: 2026-07-14

============================================================
Updating SPY
============================================================
Loaded 1000 bars for SPY from PostgreSQL
Current data: 1000 bars, last: 2026-05-26
Fetching incremental data...
Fetching SPY incremental data since 2026-05-26
Fetching SPY data from 2026-05-26 to 2026-07-14
Fetched 34 bars for SPY (timestamped in America/New_York)
Appending 34 bars to database...
Appended 33 new bars for SPY to PostgreSQL
Loaded 1033 bars for SPY from PostgreSQL
✓ Updated: 1033 total bars, last: 2026-07-14
[Parallel(n_jobs=-1)]: Done   3 out of   3 | elapsed:    3.8s finished
✓ Saved optimization candidate for QQQ (base_case=0)
✓ Saved best candidate for QQQ (cleaned up old candidates)
✓ Updated base_case=true params + metrics for QQQ
✓ Saved 36 backtest trades for QQQ to PostgreSQL
✓ Saved 37 equity snapshots for QQQ
✓ Logged optimization run for QQQ: Sharpe=1.084906277931774
✓ Saved optimization candidate for VTI (base_case=0)
✓ Saved best candidate for VTI (cleaned up old candidates)
✓ Updated base_case=true params + metrics for VTI
✓ Saved 46 backtest trades for VTI to PostgreSQL
✓ Saved 47 equity snapshots for VTI
✓ Logged optimization run for VTI: Sharpe=1.0690386145258788
✓ Saved optimization candidate for VTV (base_case=0)
✓ Saved best candidate for VTV (cleaned up old candidates)
✓ Updated base_case=true params + metrics for VTV
✓ Saved 52 backtest trades for VTV to PostgreSQL
✓ Saved 53 equity snapshots for VTV
✓ Logged optimization run for VTV: Sharpe=0.9622601157383944

======================================================================
STEP 3: PORTFOLIO COORDINATE ASCENT
======================================================================
Loaded 1497 bars for QQQ from PostgreSQL
Loaded 1497 bars for VTI from PostgreSQL
Loaded 1497 bars for VTV from PostgreSQL
  Promotion gate: 0.8314 (best ever: 0.0000, current: 0.8314)
  Converged after 2 iterations
  Portfolio return: 166.49%
  Sharpe: 1.01 (baseline: 0.83)
  Max DD: 24.33%
  Trades: 35
  QQQ: CHAND(18, 3.5, entry_mult=1.5), REG(slope_atr 3d th=-2.0)
  VTI: CHAND(18, 3.5, entry_mult=1.5)
  VTV: CHAND(18, 2.5, entry_mult=2.0), REG(slope_atr 3d th=-2.0)
  ✓ Sharpe improved 0.8314 → 1.0071 — promoting new params
✓ Saved 35 backtest trades for BLENDED to PostgreSQL
✓ Saved 1480 equity snapshots for BLENDED
  ✓ Saved BLENDED portfolio results

======================================================================
NIGHTLY OPTIMIZATION COMPLETE
======================================================================
Total tickers: 3/3
Total runtime: 22.6s

QQQ:
  Params: CHAND(period=18, mult=3.5), REG(slope_pct 8d th=-0.5)
  Sharpe: 1.08 | Return: 139.47%
VTI:
  Params: CHAND(period=14, mult=3.0)
  Sharpe: 1.07 | Return: 93.10%
VTV:
  Params: CHAND(period=18, mult=2.5), REG(slope_atr 3d th=-1.0)
  Sharpe: 0.96 | Return: 66.89%

======================================================================
DATABASE SUMMARY
======================================================================

QQQ:
  Sharpe: 1.08, Return: 139.47%, Win Rate: 58.3%
VTI:
  Sharpe: 1.07, Return: 93.10%, Win Rate: 54.4%
VTV:
  Sharpe: 0.96, Return: 66.89%, Win Rate: 51.9%
BLENDED (PORTFOLIO):
  Sharpe: 1.01, Return: 166.49%, Win Rate: 54.3%

[QQQ] Starting optimization...

======================================================================
Optimizing QQQ [1Day]...
======================================================================
Loaded 1497 bars for QQQ from PostgreSQL
PASS 1: Testing 27 chandelier-only combinations...

Testing 27 parameter combinations...
This may take a few minutes...

  [QQQ] Tested 10/27 combinations...
  [QQQ] Tested 20/27 combinations...

[OK] Optimization complete! Top 5 results:

Rank   Sharpe     Win%     Return     Trades   Parameters                                                            
------------------------------------------------------------------------------------------------------------------------
1      1.05       58.3     133.72    % 36       CHAND(period=18, mult=3.5, entry=1.5)                                 
2      0.98       48.7     128.60    % 39       CHAND(period=14, mult=3.5, entry=1.5)                                 
3      0.97       46.3     132.62    % 41       CHAND(period=14, mult=3.5, entry=2.0)                                 
4      0.96       51.3     123.29    % 39       CHAND(period=18, mult=3.5, entry=2.0)                                 
5      0.91       60.0     104.56    % 35       CHAND(period=18, mult=3.5, entry=1.0)                                 

PASS 2: Testing 32 regression combinations (fixed chandelier: period=18, mult=3.5, entry=1.5)...
  ✓ Regression exit wins: Sharpe 1.08 vs 1.05

Results for QQQ:
  Best Sharpe: 1.08
  Win Rate: 58.3%
  Total Return: 139.47%
  Trades: 36
  Runtime: 2.7s

[VTI] Starting optimization...

======================================================================
Optimizing VTI [1Day]...
======================================================================
Loaded 1497 bars for VTI from PostgreSQL
PASS 1: Testing 27 chandelier-only combinations...

Testing 27 parameter combinations...
This may take a few minutes...

  [VTI] Tested 10/27 combinations...
  [VTI] Tested 20/27 combinations...

[OK] Optimization complete! Top 5 results:

Rank   Sharpe     Win%     Return     Trades   Parameters                                                            
------------------------------------------------------------------------------------------------------------------------
1      1.07       54.3     93.10     % 46       CHAND(period=14, mult=3.0, entry=1.5)                                 
2      1.04       53.7     84.11     % 41       CHAND(period=18, mult=3.0, entry=1.0)                                 
3      1.03       58.1     86.49     % 43       CHAND(period=18, mult=3.0, entry=1.5)                                 
4      1.01       52.3     82.24     % 44       CHAND(period=14, mult=3.0, entry=1.0)                                 
5      0.93       56.4     76.91     % 39       CHAND(period=18, mult=3.5, entry=1.5)                                 

PASS 2: Testing 32 regression combinations (fixed chandelier: period=14, mult=3.0, entry=1.5)...
  ✓ Chandelier-only wins: Sharpe 1.07 vs regression 1.07

Results for VTI:
  Best Sharpe: 1.07
  Win Rate: 54.3%
  Total Return: 93.10%
  Trades: 46
  Runtime: 2.8s

[VTV] Starting optimization...

======================================================================
Optimizing VTV [1Day]...
======================================================================
Loaded 1497 bars for VTV from PostgreSQL
PASS 1: Testing 27 chandelier-only combinations...

Testing 27 parameter combinations...
This may take a few minutes...

  [VTV] Tested 10/27 combinations...
  [VTV] Tested 20/27 combinations...

[OK] Optimization complete! Top 5 results:

Rank   Sharpe     Win%     Return     Trades   Parameters                                                            
------------------------------------------------------------------------------------------------------------------------
1      0.95       52.9     65.62     % 51       CHAND(period=18, mult=2.5, entry=2.0)                                 
2      0.86       58.3     62.06     % 48       CHAND(period=14, mult=3.0, entry=1.5)                                 
3      0.82       52.2     56.48     % 46       CHAND(period=18, mult=3.0, entry=2.0)                                 
4      0.81       53.8     59.83     % 52       CHAND(period=14, mult=3.0, entry=2.0)                                 
5      0.81       56.5     48.50     % 46       CHAND(period=18, mult=2.5, entry=1.0)                                 

PASS 2: Testing 32 regression combinations (fixed chandelier: period=18, mult=2.5, entry=2.0)...
  ✓ Regression exit wins: Sharpe 0.96 vs 0.95

Results for VTV:
  Best Sharpe: 0.96
  Win Rate: 51.9%
  Total Return: 66.89%
  Trades: 52
  Runtime: 2.8s
[2026-07-14 09:43:46] Optimizer finished (exit: 0)
[2026-07-26 14:11:03] Nightly optimizer starting...
[2026-07-26 14:11:03] Waiting for PostgreSQL...
[2026-07-26 14:11:03] PostgreSQL ready.
[Parallel(n_jobs=-1)]: Using backend LokyBackend with 8 concurrent workers.

======================================================================
NIGHTLY OPTIMIZER RUN
Timestamp: 2026-07-26T14:11:06.027094-04:00
Tickers: QQQ, VTI, VTV
Timeframe: 1Day
======================================================================


======================================================================
STEP 1: FETCHING INCREMENTAL PRICES
======================================================================

============================================================
Updating XLC
============================================================
Loaded 1506 bars for XLC from PostgreSQL
Current data: 1506 bars, last: 2026-07-24
Fetching incremental data...
Fetching XLC incremental data since 2026-07-24
Fetching XLC data from 2026-07-24 to 2026-07-26
Fetched 1 bars for XLC (timestamped in America/New_York)
Appending 1 bars to database...
Loaded 1506 bars for XLC from PostgreSQL
✓ Updated: 1506 total bars, last: 2026-07-24

============================================================
Updating XLY
============================================================
Loaded 1506 bars for XLY from PostgreSQL
Current data: 1506 bars, last: 2026-07-24
Fetching incremental data...
Fetching XLY incremental data since 2026-07-24
Fetching XLY data from 2026-07-24 to 2026-07-26
Fetched 1 bars for XLY (timestamped in America/New_York)
Appending 1 bars to database...
Loaded 1506 bars for XLY from PostgreSQL
✓ Updated: 1506 total bars, last: 2026-07-24

============================================================
Updating XLP
============================================================
Loaded 1506 bars for XLP from PostgreSQL
Current data: 1506 bars, last: 2026-07-24
Fetching incremental data...
Fetching XLP incremental data since 2026-07-24
Fetching XLP data from 2026-07-24 to 2026-07-26
Fetched 1 bars for XLP (timestamped in America/New_York)
Appending 1 bars to database...
Loaded 1506 bars for XLP from PostgreSQL
✓ Updated: 1506 total bars, last: 2026-07-24

============================================================
Updating XLV
============================================================
Loaded 1506 bars for XLV from PostgreSQL
Current data: 1506 bars, last: 2026-07-24
Fetching incremental data...
Fetching XLV incremental data since 2026-07-24
Fetching XLV data from 2026-07-24 to 2026-07-26
Fetched 1 bars for XLV (timestamped in America/New_York)
Appending 1 bars to database...
Loaded 1506 bars for XLV from PostgreSQL
✓ Updated: 1506 total bars, last: 2026-07-24

============================================================
Updating XLI
============================================================
Loaded 1506 bars for XLI from PostgreSQL
Current data: 1506 bars, last: 2026-07-24
Fetching incremental data...
Fetching XLI incremental data since 2026-07-24
Fetching XLI data from 2026-07-24 to 2026-07-26
Fetched 1 bars for XLI (timestamped in America/New_York)
Appending 1 bars to database...
Loaded 1506 bars for XLI from PostgreSQL
✓ Updated: 1506 total bars, last: 2026-07-24

============================================================
Updating XLB
============================================================
Loaded 1506 bars for XLB from PostgreSQL
Current data: 1506 bars, last: 2026-07-24
Fetching incremental data...
Fetching XLB incremental data since 2026-07-24
Fetching XLB data from 2026-07-24 to 2026-07-26
Fetched 1 bars for XLB (timestamped in America/New_York)
Appending 1 bars to database...
Loaded 1506 bars for XLB from PostgreSQL
✓ Updated: 1506 total bars, last: 2026-07-24

============================================================
Updating XLRE
============================================================
Loaded 1506 bars for XLRE from PostgreSQL
Current data: 1506 bars, last: 2026-07-24
Fetching incremental data...
Fetching XLRE incremental data since 2026-07-24
Fetching XLRE data from 2026-07-24 to 2026-07-26
Fetched 1 bars for XLRE (timestamped in America/New_York)
Appending 1 bars to database...
Loaded 1506 bars for XLRE from PostgreSQL
✓ Updated: 1506 total bars, last: 2026-07-24

============================================================
Updating IWM
============================================================
Loaded 1506 bars for IWM from PostgreSQL
Current data: 1506 bars, last: 2026-07-24
Fetching incremental data...
Fetching IWM incremental data since 2026-07-24
Fetching IWM data from 2026-07-24 to 2026-07-26
Fetched 1 bars for IWM (timestamped in America/New_York)
Appending 1 bars to database...
Loaded 1506 bars for IWM from PostgreSQL
✓ Updated: 1506 total bars, last: 2026-07-24

============================================================
Updating DIA
============================================================
Loaded 1506 bars for DIA from PostgreSQL
Current data: 1506 bars, last: 2026-07-24
Fetching incremental data...
Fetching DIA incremental data since 2026-07-24
Fetching DIA data from 2026-07-24 to 2026-07-26
Fetched 1 bars for DIA (timestamped in America/New_York)
Appending 1 bars to database...
Loaded 1506 bars for DIA from PostgreSQL
✓ Updated: 1506 total bars, last: 2026-07-24

============================================================
Updating IJH
============================================================
Loaded 1506 bars for IJH from PostgreSQL
Current data: 1506 bars, last: 2026-07-24
Fetching incremental data...
Fetching IJH incremental data since 2026-07-24
Fetching IJH data from 2026-07-24 to 2026-07-26
Fetched 1 bars for IJH (timestamped in America/New_York)
Appending 1 bars to database...
Loaded 1506 bars for IJH from PostgreSQL
✓ Updated: 1506 total bars, last: 2026-07-24

============================================================
Updating IJR
============================================================
Loaded 1506 bars for IJR from PostgreSQL
Current data: 1506 bars, last: 2026-07-24
Fetching incremental data...
Fetching IJR incremental data since 2026-07-24
Fetching IJR data from 2026-07-24 to 2026-07-26
Fetched 1 bars for IJR (timestamped in America/New_York)
Appending 1 bars to database...
Loaded 1506 bars for IJR from PostgreSQL
✓ Updated: 1506 total bars, last: 2026-07-24

============================================================
Updating RSP
============================================================
Loaded 1506 bars for RSP from PostgreSQL
Current data: 1506 bars, last: 2026-07-24
Fetching incremental data...
Fetching RSP incremental data since 2026-07-24
Fetching RSP data from 2026-07-24 to 2026-07-26
Fetched 1 bars for RSP (timestamped in America/New_York)
Appending 1 bars to database...
Loaded 1506 bars for RSP from PostgreSQL
✓ Updated: 1506 total bars, last: 2026-07-24

============================================================
Updating SCHB
============================================================
Loaded 1501 bars for SCHB from PostgreSQL
Current data: 1501 bars, last: 2026-07-24
Fetching incremental data...
Fetching SCHB incremental data since 2026-07-24
Fetching SCHB data from 2026-07-24 to 2026-07-26
Fetched 1 bars for SCHB (timestamped in America/New_York)
Appending 1 bars to database...
Loaded 1501 bars for SCHB from PostgreSQL
✓ Updated: 1501 total bars, last: 2026-07-24

============================================================
Updating SCHD
============================================================
Loaded 1506 bars for SCHD from PostgreSQL
Current data: 1506 bars, last: 2026-07-24
Fetching incremental data...
Fetching SCHD incremental data since 2026-07-24
Fetching SCHD data from 2026-07-24 to 2026-07-26
Fetched 1 bars for SCHD (timestamped in America/New_York)
Appending 1 bars to database...
Loaded 1506 bars for SCHD from PostgreSQL
✓ Updated: 1506 total bars, last: 2026-07-24

============================================================
Updating SMH
============================================================
Loaded 1506 bars for SMH from PostgreSQL
Current data: 1506 bars, last: 2026-07-24
Fetching incremental data...
Fetching SMH incremental data since 2026-07-24
Fetching SMH data from 2026-07-24 to 2026-07-26
Fetched 1 bars for SMH (timestamped in America/New_York)
Appending 1 bars to database...
Loaded 1506 bars for SMH from PostgreSQL
✓ Updated: 1506 total bars, last: 2026-07-24

============================================================
Updating VGT
============================================================
Loaded 1505 bars for VGT from PostgreSQL
Current data: 1505 bars, last: 2026-07-24
Fetching incremental data...
Fetching VGT incremental data since 2026-07-24
Fetching VGT data from 2026-07-24 to 2026-07-26
Fetched 1 bars for VGT (timestamped in America/New_York)
Appending 1 bars to database...
Loaded 1505 bars for VGT from PostgreSQL
✓ Updated: 1505 total bars, last: 2026-07-24

============================================================
Updating VUG
============================================================
Loaded 1506 bars for VUG from PostgreSQL
Current data: 1506 bars, last: 2026-07-24
Fetching incremental data...
Fetching VUG incremental data since 2026-07-24
Fetching VUG data from 2026-07-24 to 2026-07-26
Fetched 1 bars for VUG (timestamped in America/New_York)
Appending 1 bars to database...
Loaded 1506 bars for VUG from PostgreSQL
✓ Updated: 1506 total bars, last: 2026-07-24

============================================================
Updating XLF
============================================================
Loaded 1506 bars for XLF from PostgreSQL
Current data: 1506 bars, last: 2026-07-24
Fetching incremental data...
Fetching XLF incremental data since 2026-07-24
Fetching XLF data from 2026-07-24 to 2026-07-26
Fetched 1 bars for XLF (timestamped in America/New_York)
Appending 1 bars to database...
Loaded 1506 bars for XLF from PostgreSQL
✓ Updated: 1506 total bars, last: 2026-07-24

============================================================
Updating XLK
============================================================
Loaded 1506 bars for XLK from PostgreSQL
Current data: 1506 bars, last: 2026-07-24
Fetching incremental data...
Fetching XLK incremental data since 2026-07-24
Fetching XLK data from 2026-07-24 to 2026-07-26
Fetched 1 bars for XLK (timestamped in America/New_York)
Appending 1 bars to database...
Loaded 1506 bars for XLK from PostgreSQL
✓ Updated: 1506 total bars, last: 2026-07-24

============================================================
Updating XLE
============================================================
Loaded 1506 bars for XLE from PostgreSQL
Current data: 1506 bars, last: 2026-07-24
Fetching incremental data...
Fetching XLE incremental data since 2026-07-24
Fetching XLE data from 2026-07-24 to 2026-07-26
Fetched 1 bars for XLE (timestamped in America/New_York)
Appending 1 bars to database...
Loaded 1506 bars for XLE from PostgreSQL
✓ Updated: 1506 total bars, last: 2026-07-24

============================================================
Updating XLU
============================================================
Loaded 1506 bars for XLU from PostgreSQL
Current data: 1506 bars, last: 2026-07-24
Fetching incremental data...
Fetching XLU incremental data since 2026-07-24
Fetching XLU data from 2026-07-24 to 2026-07-26
Fetched 1 bars for XLU (timestamped in America/New_York)
Appending 1 bars to database...
Loaded 1506 bars for XLU from PostgreSQL
✓ Updated: 1506 total bars, last: 2026-07-24

============================================================
Updating TLT
============================================================
Loaded 1506 bars for TLT from PostgreSQL
Current data: 1506 bars, last: 2026-07-24
Fetching incremental data...
Fetching TLT incremental data since 2026-07-24
Fetching TLT data from 2026-07-24 to 2026-07-26
Fetched 1 bars for TLT (timestamped in America/New_York)
Appending 1 bars to database...
Loaded 1506 bars for TLT from PostgreSQL
✓ Updated: 1506 total bars, last: 2026-07-24

============================================================
Updating GLD
============================================================
Loaded 1506 bars for GLD from PostgreSQL
Current data: 1506 bars, last: 2026-07-24
Fetching incremental data...
Fetching GLD incremental data since 2026-07-24
Fetching GLD data from 2026-07-24 to 2026-07-26
Fetched 1 bars for GLD (timestamped in America/New_York)
Appending 1 bars to database...
Loaded 1506 bars for GLD from PostgreSQL
✓ Updated: 1506 total bars, last: 2026-07-24

============================================================
Updating EEM
============================================================
Loaded 1506 bars for EEM from PostgreSQL
Current data: 1506 bars, last: 2026-07-24
Fetching incremental data...
Fetching EEM incremental data since 2026-07-24
Fetching EEM data from 2026-07-24 to 2026-07-26
Fetched 1 bars for EEM (timestamped in America/New_York)
Appending 1 bars to database...
Loaded 1506 bars for EEM from PostgreSQL
✓ Updated: 1506 total bars, last: 2026-07-24

============================================================
Updating EFA
============================================================
Loaded 1506 bars for EFA from PostgreSQL
Current data: 1506 bars, last: 2026-07-24
Fetching incremental data...
Fetching EFA incremental data since 2026-07-24
Fetching EFA data from 2026-07-24 to 2026-07-26
Fetched 1 bars for EFA (timestamped in America/New_York)
Appending 1 bars to database...
Loaded 1506 bars for EFA from PostgreSQL
✓ Updated: 1506 total bars, last: 2026-07-24

============================================================
Updating QQQ
============================================================
Loaded 1505 bars for QQQ from PostgreSQL
Current data: 1505 bars, last: 2026-07-24
Fetching incremental data...
Fetching QQQ incremental data since 2026-07-24
Fetching QQQ data from 2026-07-24 to 2026-07-26
Fetched 1 bars for QQQ (timestamped in America/New_York)
Appending 1 bars to database...
Loaded 1505 bars for QQQ from PostgreSQL
✓ Updated: 1505 total bars, last: 2026-07-24

============================================================
Updating VTI
============================================================
Loaded 1505 bars for VTI from PostgreSQL
Current data: 1505 bars, last: 2026-07-24
Fetching incremental data...
Fetching VTI incremental data since 2026-07-24
Fetching VTI data from 2026-07-24 to 2026-07-26
Fetched 1 bars for VTI (timestamped in America/New_York)
Appending 1 bars to database...
Loaded 1505 bars for VTI from PostgreSQL
✓ Updated: 1505 total bars, last: 2026-07-24

============================================================
Updating VTV
============================================================
Loaded 1505 bars for VTV from PostgreSQL
Current data: 1505 bars, last: 2026-07-24
Fetching incremental data...
Fetching VTV incremental data since 2026-07-24
Fetching VTV data from 2026-07-24 to 2026-07-26
Fetched 1 bars for VTV (timestamped in America/New_York)
Appending 1 bars to database...
Loaded 1505 bars for VTV from PostgreSQL
✓ Updated: 1505 total bars, last: 2026-07-24

============================================================
Updating SPY
============================================================
Loaded 1041 bars for SPY from PostgreSQL
Current data: 1041 bars, last: 2026-07-24
Fetching incremental data...
Fetching SPY incremental data since 2026-07-24
Fetching SPY data from 2026-07-24 to 2026-07-26
Fetched 1 bars for SPY (timestamped in America/New_York)
Appending 1 bars to database...
Loaded 1041 bars for SPY from PostgreSQL
✓ Updated: 1041 total bars, last: 2026-07-24
[Parallel(n_jobs=-1)]: Done   3 out of   3 | elapsed:    4.2s finished
✓ Saved optimization candidate for QQQ (base_case=0)
✓ Saved best candidate for QQQ (cleaned up old candidates)
✓ Updated base_case=true params + metrics for QQQ
✓ Saved 36 backtest trades for QQQ to PostgreSQL
✓ Saved 37 equity snapshots for QQQ
✓ Logged optimization run for QQQ: Sharpe=1.0530740754616597
✓ Saved optimization candidate for VTI (base_case=0)
✓ Saved best candidate for VTI (cleaned up old candidates)
✓ Updated base_case=true params + metrics for VTI
✓ Saved 46 backtest trades for VTI to PostgreSQL
✓ Saved 47 equity snapshots for VTI
✓ Logged optimization run for VTI: Sharpe=1.0386109366693697
✓ Saved optimization candidate for VTV (base_case=0)
✓ Saved best candidate for VTV (cleaned up old candidates)
✓ Updated base_case=true params + metrics for VTV
✓ Saved 52 backtest trades for VTV to PostgreSQL
✓ Saved 53 equity snapshots for VTV
✓ Logged optimization run for VTV: Sharpe=0.9670063432397283

======================================================================
STEP 3: PORTFOLIO COORDINATE ASCENT
======================================================================
Loaded 1505 bars for QQQ from PostgreSQL
Loaded 1505 bars for VTI from PostgreSQL
Loaded 1505 bars for VTV from PostgreSQL
  Promotion gate: 0.8339 (best ever: 0.0000, current: 0.8339)
  Converged after 2 iterations
  Portfolio return: 145.61%
  Sharpe: 1.07 (baseline: 0.83)
  Max DD: 14.71%
  Trades: 59
  QQQ: CHAND(18, 3.5, entry_mult=1.5), REG(slope_pct 8d th=-0.5)
  VTI: CHAND(18, 3.0, entry_mult=1.0)
  VTV: CHAND(18, 2.5, entry_mult=2.0), REG(slope_atr 3d th=-2.0)
  ✓ Sharpe improved 0.8339 → 1.0739 — promoting new params
✓ Saved 59 backtest trades for BLENDED to PostgreSQL
✓ Saved 1488 equity snapshots for BLENDED
  ✓ Saved BLENDED portfolio results

======================================================================
NIGHTLY OPTIMIZATION COMPLETE
======================================================================
Total tickers: 3/3
Total runtime: 27.3s

QQQ:
  Params: CHAND(period=18, mult=3.5), REG(slope_pct 8d th=-0.5)
  Sharpe: 1.05 | Return: 134.26%
VTI:
  Params: CHAND(period=14, mult=3.0)
  Sharpe: 1.04 | Return: 89.94%
VTV:
  Params: CHAND(period=18, mult=2.5), REG(slope_atr 3d th=-1.0)
  Sharpe: 0.97 | Return: 67.65%

======================================================================
DATABASE SUMMARY
======================================================================

QQQ:
  Sharpe: 1.05, Return: 134.26%, Win Rate: 58.3%
VTI:
  Sharpe: 1.04, Return: 89.94%, Win Rate: 54.4%
VTV:
  Sharpe: 0.97, Return: 67.65%, Win Rate: 51.9%
BLENDED (PORTFOLIO):
  Sharpe: 1.07, Return: 145.61%, Win Rate: 49.2%

[VTI] Starting optimization...

======================================================================
Optimizing VTI [1Day]...
======================================================================
Loaded 1505 bars for VTI from PostgreSQL
PASS 1: Testing 27 chandelier-only combinations...

Testing 27 parameter combinations...
This may take a few minutes...

  [VTI] Tested 10/27 combinations...
  [VTI] Tested 20/27 combinations...

[OK] Optimization complete! Top 5 results:

Rank   Sharpe     Win%     Return     Trades   Parameters                                                            
------------------------------------------------------------------------------------------------------------------------
1      1.04       54.3     89.94     % 46       CHAND(period=14, mult=3.0, entry=1.5)                                 
2      1.01       53.7     81.10     % 41       CHAND(period=18, mult=3.0, entry=1.0)                                 
3      1.00       58.1     83.44     % 43       CHAND(period=18, mult=3.0, entry=1.5)                                 
4      0.98       52.3     79.26     % 44       CHAND(period=14, mult=3.0, entry=1.0)                                 
5      0.90       56.4     73.97     % 39       CHAND(period=18, mult=3.5, entry=1.5)                                 

PASS 2: Testing 32 regression combinations (fixed chandelier: period=14, mult=3.0, entry=1.5)...
  ✓ Chandelier-only wins: Sharpe 1.04 vs regression 1.04

Results for VTI:
  Best Sharpe: 1.04
  Win Rate: 54.3%
  Total Return: 89.94%
  Trades: 46
  Runtime: 3.1s

[QQQ] Starting optimization...

======================================================================
Optimizing QQQ [1Day]...
======================================================================
Loaded 1505 bars for QQQ from PostgreSQL
PASS 1: Testing 27 chandelier-only combinations...

Testing 27 parameter combinations...
This may take a few minutes...

  [QQQ] Tested 10/27 combinations...
  [QQQ] Tested 20/27 combinations...

[OK] Optimization complete! Top 5 results:

Rank   Sharpe     Win%     Return     Trades   Parameters                                                            
------------------------------------------------------------------------------------------------------------------------
1      1.02       58.3     128.63    % 36       CHAND(period=18, mult=3.5, entry=1.5)                                 
2      0.95       48.7     123.62    % 39       CHAND(period=14, mult=3.5, entry=1.5)                                 
3      0.94       46.3     127.55    % 41       CHAND(period=14, mult=3.5, entry=2.0)                                 
4      0.93       51.3     118.42    % 39       CHAND(period=18, mult=3.5, entry=2.0)                                 
5      0.88       60.0     100.11    % 35       CHAND(period=18, mult=3.5, entry=1.0)                                 

PASS 2: Testing 32 regression combinations (fixed chandelier: period=18, mult=3.5, entry=1.5)...
  ✓ Regression exit wins: Sharpe 1.05 vs 1.02

Results for QQQ:
  Best Sharpe: 1.05
  Win Rate: 58.3%
  Total Return: 134.26%
  Trades: 36
  Runtime: 3.1s

[VTV] Starting optimization...

======================================================================
Optimizing VTV [1Day]...
======================================================================
Loaded 1505 bars for VTV from PostgreSQL
PASS 1: Testing 27 chandelier-only combinations...

Testing 27 parameter combinations...
This may take a few minutes...

  [VTV] Tested 10/27 combinations...
  [VTV] Tested 20/27 combinations...

[OK] Optimization complete! Top 5 results:

Rank   Sharpe     Win%     Return     Trades   Parameters                                                            
------------------------------------------------------------------------------------------------------------------------
1      0.95       52.9     66.38     % 51       CHAND(period=18, mult=2.5, entry=2.0)                                 
2      0.87       58.3     62.80     % 48       CHAND(period=14, mult=3.0, entry=1.5)                                 
3      0.83       52.2     57.20     % 46       CHAND(period=18, mult=3.0, entry=2.0)                                 
4      0.82       53.2     58.11     % 62       CHAND(period=14, mult=2.5, entry=2.0)                                 
5      0.82       56.5     49.17     % 46       CHAND(period=18, mult=2.5, entry=1.0)                                 

PASS 2: Testing 32 regression combinations (fixed chandelier: period=18, mult=2.5, entry=2.0)...
  ✓ Regression exit wins: Sharpe 0.97 vs 0.95

Results for VTV:
  Best Sharpe: 0.97
  Win Rate: 51.9%
  Total Return: 67.65%
  Trades: 52
  Runtime: 3.1s
[2026-07-26 14:11:43] Optimizer finished (exit: 0)
[2026-07-27 09:31:19] Nightly optimizer starting...
[2026-07-27 09:31:19] Waiting for PostgreSQL...
[2026-07-27 09:31:19] PostgreSQL ready.
[Parallel(n_jobs=-1)]: Using backend LokyBackend with 8 concurrent workers.

======================================================================
NIGHTLY OPTIMIZER RUN
Timestamp: 2026-07-27T09:31:21.255887-04:00
Tickers: QQQ, VTI, VTV
Timeframe: 1Day
======================================================================


======================================================================
STEP 1: FETCHING INCREMENTAL PRICES
======================================================================

============================================================
Updating XLC
============================================================
Loaded 1506 bars for XLC from PostgreSQL
Current data: 1506 bars, last: 2026-07-24
Fetching incremental data...
Fetching XLC incremental data since 2026-07-24
Fetching XLC data from 2026-07-24 to 2026-07-27
Fetched 2 bars for XLC (timestamped in America/New_York)
Appending 2 bars to database...
Appended 1 new bars for XLC to PostgreSQL
Loaded 1507 bars for XLC from PostgreSQL
✓ Updated: 1507 total bars, last: 2026-07-27

============================================================
Updating XLY
============================================================
Loaded 1506 bars for XLY from PostgreSQL
Current data: 1506 bars, last: 2026-07-24
Fetching incremental data...
Fetching XLY incremental data since 2026-07-24
Fetching XLY data from 2026-07-24 to 2026-07-27
Fetched 2 bars for XLY (timestamped in America/New_York)
Appending 2 bars to database...
Appended 1 new bars for XLY to PostgreSQL
Loaded 1507 bars for XLY from PostgreSQL
✓ Updated: 1507 total bars, last: 2026-07-27

============================================================
Updating XLP
============================================================
Loaded 1506 bars for XLP from PostgreSQL
Current data: 1506 bars, last: 2026-07-24
Fetching incremental data...
Fetching XLP incremental data since 2026-07-24
Fetching XLP data from 2026-07-24 to 2026-07-27
Fetched 2 bars for XLP (timestamped in America/New_York)
Appending 2 bars to database...
Appended 1 new bars for XLP to PostgreSQL
Loaded 1507 bars for XLP from PostgreSQL
✓ Updated: 1507 total bars, last: 2026-07-27

============================================================
Updating XLV
============================================================
Loaded 1506 bars for XLV from PostgreSQL
Current data: 1506 bars, last: 2026-07-24
Fetching incremental data...
Fetching XLV incremental data since 2026-07-24
Fetching XLV data from 2026-07-24 to 2026-07-27
Fetched 2 bars for XLV (timestamped in America/New_York)
Appending 2 bars to database...
Appended 1 new bars for XLV to PostgreSQL
Loaded 1507 bars for XLV from PostgreSQL
✓ Updated: 1507 total bars, last: 2026-07-27

============================================================
Updating XLI
============================================================
Loaded 1506 bars for XLI from PostgreSQL
Current data: 1506 bars, last: 2026-07-24
Fetching incremental data...
Fetching XLI incremental data since 2026-07-24
Fetching XLI data from 2026-07-24 to 2026-07-27
Fetched 2 bars for XLI (timestamped in America/New_York)
Appending 2 bars to database...
Appended 1 new bars for XLI to PostgreSQL
Loaded 1507 bars for XLI from PostgreSQL
✓ Updated: 1507 total bars, last: 2026-07-27

============================================================
Updating XLB
============================================================
Loaded 1506 bars for XLB from PostgreSQL
Current data: 1506 bars, last: 2026-07-24
Fetching incremental data...
Fetching XLB incremental data since 2026-07-24
Fetching XLB data from 2026-07-24 to 2026-07-27
Fetched 2 bars for XLB (timestamped in America/New_York)
Appending 2 bars to database...
Appended 1 new bars for XLB to PostgreSQL
Loaded 1507 bars for XLB from PostgreSQL
✓ Updated: 1507 total bars, last: 2026-07-27

============================================================
Updating XLRE
============================================================
Loaded 1506 bars for XLRE from PostgreSQL
Current data: 1506 bars, last: 2026-07-24
Fetching incremental data...
Fetching XLRE incremental data since 2026-07-24
Fetching XLRE data from 2026-07-24 to 2026-07-27
Fetched 2 bars for XLRE (timestamped in America/New_York)
Appending 2 bars to database...
Appended 1 new bars for XLRE to PostgreSQL
Loaded 1507 bars for XLRE from PostgreSQL
✓ Updated: 1507 total bars, last: 2026-07-27

============================================================
Updating IWM
============================================================
Loaded 1506 bars for IWM from PostgreSQL
Current data: 1506 bars, last: 2026-07-24
Fetching incremental data...
Fetching IWM incremental data since 2026-07-24
Fetching IWM data from 2026-07-24 to 2026-07-27
Fetched 2 bars for IWM (timestamped in America/New_York)
Appending 2 bars to database...
Appended 1 new bars for IWM to PostgreSQL
Loaded 1507 bars for IWM from PostgreSQL
✓ Updated: 1507 total bars, last: 2026-07-27

============================================================
Updating DIA
============================================================
Loaded 1506 bars for DIA from PostgreSQL
Current data: 1506 bars, last: 2026-07-24
Fetching incremental data...
Fetching DIA incremental data since 2026-07-24
Fetching DIA data from 2026-07-24 to 2026-07-27
Fetched 2 bars for DIA (timestamped in America/New_York)
Appending 2 bars to database...
Appended 1 new bars for DIA to PostgreSQL
Loaded 1507 bars for DIA from PostgreSQL
✓ Updated: 1507 total bars, last: 2026-07-27

============================================================
Updating IJH
============================================================
Loaded 1506 bars for IJH from PostgreSQL
Current data: 1506 bars, last: 2026-07-24
Fetching incremental data...
Fetching IJH incremental data since 2026-07-24
Fetching IJH data from 2026-07-24 to 2026-07-27
Fetched 2 bars for IJH (timestamped in America/New_York)
Appending 2 bars to database...
Appended 1 new bars for IJH to PostgreSQL
Loaded 1507 bars for IJH from PostgreSQL
✓ Updated: 1507 total bars, last: 2026-07-27

============================================================
Updating IJR
============================================================
Loaded 1506 bars for IJR from PostgreSQL
Current data: 1506 bars, last: 2026-07-24
Fetching incremental data...
Fetching IJR incremental data since 2026-07-24
Fetching IJR data from 2026-07-24 to 2026-07-27
Fetched 2 bars for IJR (timestamped in America/New_York)
Appending 2 bars to database...
Appended 1 new bars for IJR to PostgreSQL
Loaded 1507 bars for IJR from PostgreSQL
✓ Updated: 1507 total bars, last: 2026-07-27

============================================================
Updating RSP
============================================================
Loaded 1506 bars for RSP from PostgreSQL
Current data: 1506 bars, last: 2026-07-24
Fetching incremental data...
Fetching RSP incremental data since 2026-07-24
Fetching RSP data from 2026-07-24 to 2026-07-27
Fetched 2 bars for RSP (timestamped in America/New_York)
Appending 2 bars to database...
Appended 1 new bars for RSP to PostgreSQL
Loaded 1507 bars for RSP from PostgreSQL
✓ Updated: 1507 total bars, last: 2026-07-27

============================================================
Updating SCHB
============================================================
Loaded 1501 bars for SCHB from PostgreSQL
Current data: 1501 bars, last: 2026-07-24
Fetching incremental data...
Fetching SCHB incremental data since 2026-07-24
Fetching SCHB data from 2026-07-24 to 2026-07-27
Fetched 2 bars for SCHB (timestamped in America/New_York)
Appending 2 bars to database...
Appended 1 new bars for SCHB to PostgreSQL
Loaded 1502 bars for SCHB from PostgreSQL
✓ Updated: 1502 total bars, last: 2026-07-27

============================================================
Updating SCHD
============================================================
Loaded 1506 bars for SCHD from PostgreSQL
Current data: 1506 bars, last: 2026-07-24
Fetching incremental data...
Fetching SCHD incremental data since 2026-07-24
Fetching SCHD data from 2026-07-24 to 2026-07-27
Fetched 2 bars for SCHD (timestamped in America/New_York)
Appending 2 bars to database...
Appended 1 new bars for SCHD to PostgreSQL
Loaded 1507 bars for SCHD from PostgreSQL
✓ Updated: 1507 total bars, last: 2026-07-27

============================================================
Updating SMH
============================================================
Loaded 1506 bars for SMH from PostgreSQL
Current data: 1506 bars, last: 2026-07-24
Fetching incremental data...
Fetching SMH incremental data since 2026-07-24
Fetching SMH data from 2026-07-24 to 2026-07-27
Fetched 2 bars for SMH (timestamped in America/New_York)
Appending 2 bars to database...
Appended 1 new bars for SMH to PostgreSQL
Loaded 1507 bars for SMH from PostgreSQL
✓ Updated: 1507 total bars, last: 2026-07-27

============================================================
Updating VGT
============================================================
Loaded 1505 bars for VGT from PostgreSQL
Current data: 1505 bars, last: 2026-07-24
Fetching incremental data...
Fetching VGT incremental data since 2026-07-24
Fetching VGT data from 2026-07-24 to 2026-07-27
Fetched 2 bars for VGT (timestamped in America/New_York)
Appending 2 bars to database...
Appended 1 new bars for VGT to PostgreSQL
Loaded 1506 bars for VGT from PostgreSQL
✓ Updated: 1506 total bars, last: 2026-07-27

============================================================
Updating VUG
============================================================
Loaded 1506 bars for VUG from PostgreSQL
Current data: 1506 bars, last: 2026-07-24
Fetching incremental data...
Fetching VUG incremental data since 2026-07-24
Fetching VUG data from 2026-07-24 to 2026-07-27
Fetched 2 bars for VUG (timestamped in America/New_York)
Appending 2 bars to database...
Appended 1 new bars for VUG to PostgreSQL
Loaded 1507 bars for VUG from PostgreSQL
✓ Updated: 1507 total bars, last: 2026-07-27

============================================================
Updating XLF
============================================================
Loaded 1506 bars for XLF from PostgreSQL
Current data: 1506 bars, last: 2026-07-24
Fetching incremental data...
Fetching XLF incremental data since 2026-07-24
Fetching XLF data from 2026-07-24 to 2026-07-27
Fetched 2 bars for XLF (timestamped in America/New_York)
Appending 2 bars to database...
Appended 1 new bars for XLF to PostgreSQL
Loaded 1507 bars for XLF from PostgreSQL
✓ Updated: 1507 total bars, last: 2026-07-27

============================================================
Updating XLK
============================================================
Loaded 1506 bars for XLK from PostgreSQL
Current data: 1506 bars, last: 2026-07-24
Fetching incremental data...
Fetching XLK incremental data since 2026-07-24
Fetching XLK data from 2026-07-24 to 2026-07-27
Fetched 2 bars for XLK (timestamped in America/New_York)
Appending 2 bars to database...
Appended 1 new bars for XLK to PostgreSQL
Loaded 1507 bars for XLK from PostgreSQL
✓ Updated: 1507 total bars, last: 2026-07-27

============================================================
Updating XLE
============================================================
Loaded 1506 bars for XLE from PostgreSQL
Current data: 1506 bars, last: 2026-07-24
Fetching incremental data...
Fetching XLE incremental data since 2026-07-24
Fetching XLE data from 2026-07-24 to 2026-07-27
Fetched 2 bars for XLE (timestamped in America/New_York)
Appending 2 bars to database...
Appended 1 new bars for XLE to PostgreSQL
Loaded 1507 bars for XLE from PostgreSQL
✓ Updated: 1507 total bars, last: 2026-07-27

============================================================
Updating XLU
============================================================
Loaded 1506 bars for XLU from PostgreSQL
Current data: 1506 bars, last: 2026-07-24
Fetching incremental data...
Fetching XLU incremental data since 2026-07-24
Fetching XLU data from 2026-07-24 to 2026-07-27
Fetched 2 bars for XLU (timestamped in America/New_York)
Appending 2 bars to database...
Appended 1 new bars for XLU to PostgreSQL
Loaded 1507 bars for XLU from PostgreSQL
✓ Updated: 1507 total bars, last: 2026-07-27

============================================================
Updating TLT
============================================================
Loaded 1506 bars for TLT from PostgreSQL
Current data: 1506 bars, last: 2026-07-24
Fetching incremental data...
Fetching TLT incremental data since 2026-07-24
Fetching TLT data from 2026-07-24 to 2026-07-27
Fetched 2 bars for TLT (timestamped in America/New_York)
Appending 2 bars to database...
Appended 1 new bars for TLT to PostgreSQL
Loaded 1507 bars for TLT from PostgreSQL
✓ Updated: 1507 total bars, last: 2026-07-27

============================================================
Updating GLD
============================================================
Loaded 1506 bars for GLD from PostgreSQL
Current data: 1506 bars, last: 2026-07-24
Fetching incremental data...
Fetching GLD incremental data since 2026-07-24
Fetching GLD data from 2026-07-24 to 2026-07-27
Fetched 2 bars for GLD (timestamped in America/New_York)
Appending 2 bars to database...
Appended 1 new bars for GLD to PostgreSQL
Loaded 1507 bars for GLD from PostgreSQL
✓ Updated: 1507 total bars, last: 2026-07-27

============================================================
Updating EEM
============================================================
Loaded 1506 bars for EEM from PostgreSQL
Current data: 1506 bars, last: 2026-07-24
Fetching incremental data...
Fetching EEM incremental data since 2026-07-24
Fetching EEM data from 2026-07-24 to 2026-07-27
Fetched 2 bars for EEM (timestamped in America/New_York)
Appending 2 bars to database...
Appended 1 new bars for EEM to PostgreSQL
Loaded 1507 bars for EEM from PostgreSQL
✓ Updated: 1507 total bars, last: 2026-07-27

============================================================
Updating EFA
============================================================
Loaded 1506 bars for EFA from PostgreSQL
Current data: 1506 bars, last: 2026-07-24
Fetching incremental data...
Fetching EFA incremental data since 2026-07-24
Fetching EFA data from 2026-07-24 to 2026-07-27
Fetched 2 bars for EFA (timestamped in America/New_York)
Appending 2 bars to database...
Appended 1 new bars for EFA to PostgreSQL
Loaded 1507 bars for EFA from PostgreSQL
✓ Updated: 1507 total bars, last: 2026-07-27

============================================================
Updating QQQ
============================================================
Loaded 1505 bars for QQQ from PostgreSQL
Current data: 1505 bars, last: 2026-07-24
Fetching incremental data...
Fetching QQQ incremental data since 2026-07-24
Fetching QQQ data from 2026-07-24 to 2026-07-27
Fetched 2 bars for QQQ (timestamped in America/New_York)
Appending 2 bars to database...
Appended 1 new bars for QQQ to PostgreSQL
Loaded 1506 bars for QQQ from PostgreSQL
✓ Updated: 1506 total bars, last: 2026-07-27

============================================================
Updating VTI
============================================================
Loaded 1505 bars for VTI from PostgreSQL
Current data: 1505 bars, last: 2026-07-24
Fetching incremental data...
Fetching VTI incremental data since 2026-07-24
Fetching VTI data from 2026-07-24 to 2026-07-27
Fetched 2 bars for VTI (timestamped in America/New_York)
Appending 2 bars to database...
Appended 1 new bars for VTI to PostgreSQL
Loaded 1506 bars for VTI from PostgreSQL
✓ Updated: 1506 total bars, last: 2026-07-27

============================================================
Updating VTV
============================================================
Loaded 1505 bars for VTV from PostgreSQL
Current data: 1505 bars, last: 2026-07-24
Fetching incremental data...
Fetching VTV incremental data since 2026-07-24
Fetching VTV data from 2026-07-24 to 2026-07-27
Fetched 2 bars for VTV (timestamped in America/New_York)
Appending 2 bars to database...
Appended 1 new bars for VTV to PostgreSQL
Loaded 1506 bars for VTV from PostgreSQL
✓ Updated: 1506 total bars, last: 2026-07-27

============================================================
Updating SPY
============================================================
Loaded 1041 bars for SPY from PostgreSQL
Current data: 1041 bars, last: 2026-07-24
Fetching incremental data...
Fetching SPY incremental data since 2026-07-24
Fetching SPY data from 2026-07-24 to 2026-07-27
Fetched 2 bars for SPY (timestamped in America/New_York)
Appending 2 bars to database...
Appended 1 new bars for SPY to PostgreSQL
Loaded 1042 bars for SPY from PostgreSQL
✓ Updated: 1042 total bars, last: 2026-07-27
[Parallel(n_jobs=-1)]: Done   3 out of   3 | elapsed:    3.9s finished
✓ Saved optimization candidate for QQQ (base_case=0)
✓ Saved best candidate for QQQ (cleaned up old candidates)
✓ Updated base_case=true params + metrics for QQQ
✓ Saved 36 backtest trades for QQQ to PostgreSQL
✓ Saved 37 equity snapshots for QQQ
✓ Logged optimization run for QQQ: Sharpe=1.0527188407829995
✓ Saved optimization candidate for VTI (base_case=0)
✓ Saved best candidate for VTI (cleaned up old candidates)
✓ Updated base_case=true params + metrics for VTI
✓ Saved 46 backtest trades for VTI to PostgreSQL
✓ Saved 47 equity snapshots for VTI
✓ Logged optimization run for VTI: Sharpe=1.0382615614774997
✓ Saved optimization candidate for VTV (base_case=0)
✓ Saved best candidate for VTV (cleaned up old candidates)
✓ Updated base_case=true params + metrics for VTV
✓ Saved 52 backtest trades for VTV to PostgreSQL
✓ Saved 53 equity snapshots for VTV
✓ Logged optimization run for VTV: Sharpe=0.974522558416906

======================================================================
STEP 3: PORTFOLIO COORDINATE ASCENT
======================================================================
Loaded 1506 bars for QQQ from PostgreSQL
Loaded 1506 bars for VTI from PostgreSQL
Loaded 1506 bars for VTV from PostgreSQL
  Promotion gate: 0.8384 (best ever: 0.0000, current: 0.8384)
  Converged after 2 iterations
  Portfolio return: 146.72%
  Sharpe: 1.08 (baseline: 0.84)
  Max DD: 14.71%
  Trades: 59
  QQQ: CHAND(18, 3.5, entry_mult=1.5), REG(slope_pct 8d th=-0.5)
  VTI: CHAND(18, 3.0, entry_mult=1.0)
  VTV: CHAND(18, 2.5, entry_mult=2.0), REG(slope_atr 3d th=-2.0)
  ✓ Sharpe improved 0.8384 → 1.0784 — promoting new params
✓ Saved 59 backtest trades for BLENDED to PostgreSQL
✓ Saved 1489 equity snapshots for BLENDED
  ✓ Saved BLENDED portfolio results

======================================================================
NIGHTLY OPTIMIZATION COMPLETE
======================================================================
Total tickers: 3/3
Total runtime: 20.3s

QQQ:
  Params: CHAND(period=18, mult=3.5), REG(slope_pct 8d th=-0.5)
  Sharpe: 1.05 | Return: 134.26%
VTI:
  Params: CHAND(period=14, mult=3.0)
  Sharpe: 1.04 | Return: 89.94%
VTV:
  Params: CHAND(period=18, mult=2.5), REG(slope_atr 3d th=-1.0)
  Sharpe: 0.97 | Return: 68.40%

======================================================================
DATABASE SUMMARY
======================================================================

QQQ:
  Sharpe: 1.05, Return: 134.26%, Win Rate: 58.3%
VTI:
  Sharpe: 1.04, Return: 89.94%, Win Rate: 54.4%
VTV:
  Sharpe: 0.97, Return: 68.40%, Win Rate: 51.9%
BLENDED (PORTFOLIO):
  Sharpe: 1.08, Return: 146.72%, Win Rate: 49.2%

[VTV] Starting optimization...

======================================================================
Optimizing VTV [1Day]...
======================================================================
Loaded 1506 bars for VTV from PostgreSQL
PASS 1: Testing 27 chandelier-only combinations...

Testing 27 parameter combinations...
This may take a few minutes...

  [VTV] Tested 10/27 combinations...
  [VTV] Tested 20/27 combinations...

[OK] Optimization complete! Top 5 results:

Rank   Sharpe     Win%     Return     Trades   Parameters                                                            
------------------------------------------------------------------------------------------------------------------------
1      0.96       52.9     67.13     % 51       CHAND(period=18, mult=2.5, entry=2.0)                                 
2      0.88       58.3     63.54     % 48       CHAND(period=14, mult=3.0, entry=1.5)                                 
3      0.84       52.2     57.90     % 46       CHAND(period=18, mult=3.0, entry=2.0)                                 
4      0.82       56.5     49.85     % 46       CHAND(period=18, mult=2.5, entry=1.0)                                 
5      0.82       53.2     58.82     % 62       CHAND(period=14, mult=2.5, entry=2.0)                                 

PASS 2: Testing 32 regression combinations (fixed chandelier: period=18, mult=2.5, entry=2.0)...
  ✓ Regression exit wins: Sharpe 0.97 vs 0.96

Results for VTV:
  Best Sharpe: 0.97
  Win Rate: 51.9%
  Total Return: 68.40%
  Trades: 52
  Runtime: 2.9s

[VTI] Starting optimization...

======================================================================
Optimizing VTI [1Day]...
======================================================================
Loaded 1506 bars for VTI from PostgreSQL
PASS 1: Testing 27 chandelier-only combinations...

Testing 27 parameter combinations...
This may take a few minutes...

  [VTI] Tested 10/27 combinations...
  [VTI] Tested 20/27 combinations...

[OK] Optimization complete! Top 5 results:

Rank   Sharpe     Win%     Return     Trades   Parameters                                                            
------------------------------------------------------------------------------------------------------------------------
1      1.04       54.3     89.94     % 46       CHAND(period=14, mult=3.0, entry=1.5)                                 
2      1.01       53.7     81.10     % 41       CHAND(period=18, mult=3.0, entry=1.0)                                 
3      1.00       58.1     83.44     % 43       CHAND(period=18, mult=3.0, entry=1.5)                                 
4      0.97       52.3     79.26     % 44       CHAND(period=14, mult=3.0, entry=1.0)                                 
5      0.91       56.4     75.40     % 39       CHAND(period=18, mult=3.5, entry=1.5)                                 

PASS 2: Testing 32 regression combinations (fixed chandelier: period=14, mult=3.0, entry=1.5)...
  ✓ Chandelier-only wins: Sharpe 1.04 vs regression 1.04

Results for VTI:
  Best Sharpe: 1.04
  Win Rate: 54.3%
  Total Return: 89.94%
  Trades: 46
  Runtime: 2.9s

[QQQ] Starting optimization...

======================================================================
Optimizing QQQ [1Day]...
======================================================================
Loaded 1506 bars for QQQ from PostgreSQL
PASS 1: Testing 27 chandelier-only combinations...

Testing 27 parameter combinations...
This may take a few minutes...

  [QQQ] Tested 10/27 combinations...
  [QQQ] Tested 20/27 combinations...

[OK] Optimization complete! Top 5 results:

Rank   Sharpe     Win%     Return     Trades   Parameters                                                            
------------------------------------------------------------------------------------------------------------------------
1      1.02       58.3     128.63    % 36       CHAND(period=18, mult=3.5, entry=1.5)                                 
2      0.95       48.7     123.62    % 39       CHAND(period=14, mult=3.5, entry=1.5)                                 
3      0.94       46.3     127.55    % 41       CHAND(period=14, mult=3.5, entry=2.0)                                 
4      0.93       51.3     118.42    % 39       CHAND(period=18, mult=3.5, entry=2.0)                                 
5      0.88       60.0     100.11    % 35       CHAND(period=18, mult=3.5, entry=1.0)                                 

PASS 2: Testing 32 regression combinations (fixed chandelier: period=18, mult=3.5, entry=1.5)...
  ✓ Regression exit wins: Sharpe 1.05 vs 1.02

Results for QQQ:
  Best Sharpe: 1.05
  Win Rate: 58.3%
  Total Return: 134.26%
  Trades: 36
  Runtime: 2.9s
[2026-07-27 09:32:36] Optimizer finished (exit: 0)
[2026-07-28 09:10:36] Nightly optimizer starting...
[2026-07-28 09:10:36] Waiting for PostgreSQL...
[2026-07-28 09:10:36] PostgreSQL ready.
Traceback (most recent call last):
  File "/home/dikesh/data/dev/SwingTraderAndOptimizer/swingtrader/services/optimizer/venv/lib/python3.14/site-packages/alpaca/common/rest.py", line 198, in _one_request
    response.raise_for_status()
    ~~~~~~~~~~~~~~~~~~~~~~~~~^^
  File "/home/dikesh/data/dev/SwingTraderAndOptimizer/swingtrader/services/optimizer/venv/lib/python3.14/site-packages/requests/models.py", line 1167, in raise_for_status
    raise HTTPError(http_error_msg, response=self)
requests.exceptions.HTTPError: 429 Client Error: Too Many Requests for url: https://data.alpaca.markets/v2/stocks/bars?start=2026-07-27T04%3A00%3A00%2B00%3A00&end=2026-07-28T13%3A10%3A53.901731%2B00%3A00&limit=10000&timeframe=1Day&feed=iex&symbols=RSP

During handling of the above exception, another exception occurred:

Traceback (most recent call last):
  File "/home/dikesh/data/dev/SwingTraderAndOptimizer/swingtrader/services/optimizer/data_fetcher.py", line 161, in fetch_historical_data
    bars_dict = client.get_stock_bars(request_params)
  File "/home/dikesh/data/dev/SwingTraderAndOptimizer/swingtrader/services/optimizer/venv/lib/python3.14/site-packages/alpaca/data/historical/stock.py", line 87, in get_stock_bars
    raw_bars = self._get_marketdata(
        path="/stocks/bars",
        params=request_params.to_request_fields(),
        page_size=10_000,
    )
  File "/home/dikesh/data/dev/SwingTraderAndOptimizer/swingtrader/services/optimizer/venv/lib/python3.14/site-packages/alpaca/common/rest.py", line 393, in _get_marketdata
    response = self.get(path=path, data=params)
  File "/home/dikesh/data/dev/SwingTraderAndOptimizer/swingtrader/services/optimizer/venv/lib/python3.14/site-packages/alpaca/common/rest.py", line 225, in get
    return self._request("GET", path, data, **kwargs)
           ~~~~~~~~~~~~~^^^^^^^^^^^^^^^^^^^^^^^^^^^^^
  File "/home/dikesh/data/dev/SwingTraderAndOptimizer/swingtrader/services/optimizer/venv/lib/python3.14/site-packages/alpaca/common/rest.py", line 131, in _request
    return self._one_request(method, url, opts, retry)
           ~~~~~~~~~~~~~~~~~^^^^^^^^^^^^^^^^^^^^^^^^^^
  File "/home/dikesh/data/dev/SwingTraderAndOptimizer/swingtrader/services/optimizer/venv/lib/python3.14/site-packages/alpaca/common/rest.py", line 207, in _one_request
    raise APIError(error, http_error)
alpaca.common.exceptions.APIError: {"message": "too many requests."}

Traceback (most recent call last):
  File "/home/dikesh/data/dev/SwingTraderAndOptimizer/swingtrader/services/optimizer/venv/lib/python3.14/site-packages/alpaca/common/rest.py", line 198, in _one_request
    response.raise_for_status()
    ~~~~~~~~~~~~~~~~~~~~~~~~~^^
  File "/home/dikesh/data/dev/SwingTraderAndOptimizer/swingtrader/services/optimizer/venv/lib/python3.14/site-packages/requests/models.py", line 1167, in raise_for_status
    raise HTTPError(http_error_msg, response=self)
requests.exceptions.HTTPError: 429 Client Error: Too Many Requests for url: https://data.alpaca.markets/v2/stocks/bars?start=2026-07-27T04%3A00%3A00%2B00%3A00&end=2026-07-28T13%3A11%3A34.491446%2B00%3A00&limit=10000&timeframe=1Day&feed=iex&symbols=VUG

During handling of the above exception, another exception occurred:

Traceback (most recent call last):
  File "/home/dikesh/data/dev/SwingTraderAndOptimizer/swingtrader/services/optimizer/data_fetcher.py", line 161, in fetch_historical_data
    bars_dict = client.get_stock_bars(request_params)
  File "/home/dikesh/data/dev/SwingTraderAndOptimizer/swingtrader/services/optimizer/venv/lib/python3.14/site-packages/alpaca/data/historical/stock.py", line 87, in get_stock_bars
    raw_bars = self._get_marketdata(
        path="/stocks/bars",
        params=request_params.to_request_fields(),
        page_size=10_000,
    )
  File "/home/dikesh/data/dev/SwingTraderAndOptimizer/swingtrader/services/optimizer/venv/lib/python3.14/site-packages/alpaca/common/rest.py", line 393, in _get_marketdata
    response = self.get(path=path, data=params)
  File "/home/dikesh/data/dev/SwingTraderAndOptimizer/swingtrader/services/optimizer/venv/lib/python3.14/site-packages/alpaca/common/rest.py", line 225, in get
    return self._request("GET", path, data, **kwargs)
           ~~~~~~~~~~~~~^^^^^^^^^^^^^^^^^^^^^^^^^^^^^
  File "/home/dikesh/data/dev/SwingTraderAndOptimizer/swingtrader/services/optimizer/venv/lib/python3.14/site-packages/alpaca/common/rest.py", line 131, in _request
    return self._one_request(method, url, opts, retry)
           ~~~~~~~~~~~~~~~~~^^^^^^^^^^^^^^^^^^^^^^^^^^
  File "/home/dikesh/data/dev/SwingTraderAndOptimizer/swingtrader/services/optimizer/venv/lib/python3.14/site-packages/alpaca/common/rest.py", line 207, in _one_request
    raise APIError(error, http_error)
alpaca.common.exceptions.APIError: {"message": "too many requests."}

Traceback (most recent call last):
  File "/home/dikesh/data/dev/SwingTraderAndOptimizer/swingtrader/services/optimizer/venv/lib/python3.14/site-packages/alpaca/common/rest.py", line 198, in _one_request
    response.raise_for_status()
    ~~~~~~~~~~~~~~~~~~~~~~~~~^^
  File "/home/dikesh/data/dev/SwingTraderAndOptimizer/swingtrader/services/optimizer/venv/lib/python3.14/site-packages/requests/models.py", line 1167, in raise_for_status
    raise HTTPError(http_error_msg, response=self)
requests.exceptions.HTTPError: 429 Client Error: Too Many Requests for url: https://data.alpaca.markets/v2/stocks/bars?start=2026-07-27T04%3A00%3A00%2B00%3A00&end=2026-07-28T13%3A11%3A53.084780%2B00%3A00&limit=10000&timeframe=1Day&feed=iex&symbols=XLK

During handling of the above exception, another exception occurred:

Traceback (most recent call last):
  File "/home/dikesh/data/dev/SwingTraderAndOptimizer/swingtrader/services/optimizer/data_fetcher.py", line 161, in fetch_historical_data
    bars_dict = client.get_stock_bars(request_params)
  File "/home/dikesh/data/dev/SwingTraderAndOptimizer/swingtrader/services/optimizer/venv/lib/python3.14/site-packages/alpaca/data/historical/stock.py", line 87, in get_stock_bars
    raw_bars = self._get_marketdata(
        path="/stocks/bars",
        params=request_params.to_request_fields(),
        page_size=10_000,
    )
  File "/home/dikesh/data/dev/SwingTraderAndOptimizer/swingtrader/services/optimizer/venv/lib/python3.14/site-packages/alpaca/common/rest.py", line 393, in _get_marketdata
    response = self.get(path=path, data=params)
  File "/home/dikesh/data/dev/SwingTraderAndOptimizer/swingtrader/services/optimizer/venv/lib/python3.14/site-packages/alpaca/common/rest.py", line 225, in get
    return self._request("GET", path, data, **kwargs)
           ~~~~~~~~~~~~~^^^^^^^^^^^^^^^^^^^^^^^^^^^^^
  File "/home/dikesh/data/dev/SwingTraderAndOptimizer/swingtrader/services/optimizer/venv/lib/python3.14/site-packages/alpaca/common/rest.py", line 131, in _request
    return self._one_request(method, url, opts, retry)
           ~~~~~~~~~~~~~~~~~^^^^^^^^^^^^^^^^^^^^^^^^^^
  File "/home/dikesh/data/dev/SwingTraderAndOptimizer/swingtrader/services/optimizer/venv/lib/python3.14/site-packages/alpaca/common/rest.py", line 207, in _one_request
    raise APIError(error, http_error)
alpaca.common.exceptions.APIError: {"message": "too many requests."}

Traceback (most recent call last):
  File "/home/dikesh/data/dev/SwingTraderAndOptimizer/swingtrader/services/optimizer/venv/lib/python3.14/site-packages/alpaca/common/rest.py", line 198, in _one_request
    response.raise_for_status()
    ~~~~~~~~~~~~~~~~~~~~~~~~~^^
  File "/home/dikesh/data/dev/SwingTraderAndOptimizer/swingtrader/services/optimizer/venv/lib/python3.14/site-packages/requests/models.py", line 1167, in raise_for_status
    raise HTTPError(http_error_msg, response=self)
requests.exceptions.HTTPError: 429 Client Error: Too Many Requests for url: https://data.alpaca.markets/v2/stocks/bars?start=2026-07-27T04%3A00%3A00%2B00%3A00&end=2026-07-28T13%3A12%3A08.728055%2B00%3A00&limit=10000&timeframe=1Day&feed=iex&symbols=XLU

During handling of the above exception, another exception occurred:

Traceback (most recent call last):
  File "/home/dikesh/data/dev/SwingTraderAndOptimizer/swingtrader/services/optimizer/data_fetcher.py", line 161, in fetch_historical_data
    bars_dict = client.get_stock_bars(request_params)
  File "/home/dikesh/data/dev/SwingTraderAndOptimizer/swingtrader/services/optimizer/venv/lib/python3.14/site-packages/alpaca/data/historical/stock.py", line 87, in get_stock_bars
    raw_bars = self._get_marketdata(
        path="/stocks/bars",
        params=request_params.to_request_fields(),
        page_size=10_000,
    )
  File "/home/dikesh/data/dev/SwingTraderAndOptimizer/swingtrader/services/optimizer/venv/lib/python3.14/site-packages/alpaca/common/rest.py", line 393, in _get_marketdata
    response = self.get(path=path, data=params)
  File "/home/dikesh/data/dev/SwingTraderAndOptimizer/swingtrader/services/optimizer/venv/lib/python3.14/site-packages/alpaca/common/rest.py", line 225, in get
    return self._request("GET", path, data, **kwargs)
           ~~~~~~~~~~~~~^^^^^^^^^^^^^^^^^^^^^^^^^^^^^
  File "/home/dikesh/data/dev/SwingTraderAndOptimizer/swingtrader/services/optimizer/venv/lib/python3.14/site-packages/alpaca/common/rest.py", line 131, in _request
    return self._one_request(method, url, opts, retry)
           ~~~~~~~~~~~~~~~~~^^^^^^^^^^^^^^^^^^^^^^^^^^
  File "/home/dikesh/data/dev/SwingTraderAndOptimizer/swingtrader/services/optimizer/venv/lib/python3.14/site-packages/alpaca/common/rest.py", line 207, in _one_request
    raise APIError(error, http_error)
alpaca.common.exceptions.APIError: {"message": "too many requests."}

Traceback (most recent call last):
  File "/home/dikesh/data/dev/SwingTraderAndOptimizer/swingtrader/services/optimizer/venv/lib/python3.14/site-packages/alpaca/common/rest.py", line 198, in _one_request
    response.raise_for_status()
    ~~~~~~~~~~~~~~~~~~~~~~~~~^^
  File "/home/dikesh/data/dev/SwingTraderAndOptimizer/swingtrader/services/optimizer/venv/lib/python3.14/site-packages/requests/models.py", line 1167, in raise_for_status
    raise HTTPError(http_error_msg, response=self)
requests.exceptions.HTTPError: 429 Client Error: Too Many Requests for url: https://data.alpaca.markets/v2/stocks/bars?start=2026-07-27T04%3A00%3A00%2B00%3A00&end=2026-07-28T13%3A12%3A18.024432%2B00%3A00&limit=10000&timeframe=1Day&feed=iex&symbols=TLT

During handling of the above exception, another exception occurred:

Traceback (most recent call last):
  File "/home/dikesh/data/dev/SwingTraderAndOptimizer/swingtrader/services/optimizer/data_fetcher.py", line 161, in fetch_historical_data
    bars_dict = client.get_stock_bars(request_params)
  File "/home/dikesh/data/dev/SwingTraderAndOptimizer/swingtrader/services/optimizer/venv/lib/python3.14/site-packages/alpaca/data/historical/stock.py", line 87, in get_stock_bars
    raw_bars = self._get_marketdata(
        path="/stocks/bars",
        params=request_params.to_request_fields(),
        page_size=10_000,
    )
  File "/home/dikesh/data/dev/SwingTraderAndOptimizer/swingtrader/services/optimizer/venv/lib/python3.14/site-packages/alpaca/common/rest.py", line 393, in _get_marketdata
    response = self.get(path=path, data=params)
  File "/home/dikesh/data/dev/SwingTraderAndOptimizer/swingtrader/services/optimizer/venv/lib/python3.14/site-packages/alpaca/common/rest.py", line 225, in get
    return self._request("GET", path, data, **kwargs)
           ~~~~~~~~~~~~~^^^^^^^^^^^^^^^^^^^^^^^^^^^^^
  File "/home/dikesh/data/dev/SwingTraderAndOptimizer/swingtrader/services/optimizer/venv/lib/python3.14/site-packages/alpaca/common/rest.py", line 131, in _request
    return self._one_request(method, url, opts, retry)
           ~~~~~~~~~~~~~~~~~^^^^^^^^^^^^^^^^^^^^^^^^^^
  File "/home/dikesh/data/dev/SwingTraderAndOptimizer/swingtrader/services/optimizer/venv/lib/python3.14/site-packages/alpaca/common/rest.py", line 207, in _one_request
    raise APIError(error, http_error)
alpaca.common.exceptions.APIError: {"message": "too many requests."}

Traceback (most recent call last):
  File "/home/dikesh/data/dev/SwingTraderAndOptimizer/swingtrader/services/optimizer/venv/lib/python3.14/site-packages/alpaca/common/rest.py", line 198, in _one_request
    response.raise_for_status()
    ~~~~~~~~~~~~~~~~~~~~~~~~~^^
  File "/home/dikesh/data/dev/SwingTraderAndOptimizer/swingtrader/services/optimizer/venv/lib/python3.14/site-packages/requests/models.py", line 1167, in raise_for_status
    raise HTTPError(http_error_msg, response=self)
requests.exceptions.HTTPError: 429 Client Error: Too Many Requests for url: https://data.alpaca.markets/v2/stocks/bars?start=2026-07-27T04%3A00%3A00%2B00%3A00&end=2026-07-28T13%3A12%3A27.329493%2B00%3A00&limit=10000&timeframe=1Day&feed=iex&symbols=GLD

During handling of the above exception, another exception occurred:

Traceback (most recent call last):
  File "/home/dikesh/data/dev/SwingTraderAndOptimizer/swingtrader/services/optimizer/data_fetcher.py", line 161, in fetch_historical_data
    bars_dict = client.get_stock_bars(request_params)
  File "/home/dikesh/data/dev/SwingTraderAndOptimizer/swingtrader/services/optimizer/venv/lib/python3.14/site-packages/alpaca/data/historical/stock.py", line 87, in get_stock_bars
    raw_bars = self._get_marketdata(
        path="/stocks/bars",
        params=request_params.to_request_fields(),
        page_size=10_000,
    )
  File "/home/dikesh/data/dev/SwingTraderAndOptimizer/swingtrader/services/optimizer/venv/lib/python3.14/site-packages/alpaca/common/rest.py", line 393, in _get_marketdata
    response = self.get(path=path, data=params)
  File "/home/dikesh/data/dev/SwingTraderAndOptimizer/swingtrader/services/optimizer/venv/lib/python3.14/site-packages/alpaca/common/rest.py", line 225, in get
    return self._request("GET", path, data, **kwargs)
           ~~~~~~~~~~~~~^^^^^^^^^^^^^^^^^^^^^^^^^^^^^
  File "/home/dikesh/data/dev/SwingTraderAndOptimizer/swingtrader/services/optimizer/venv/lib/python3.14/site-packages/alpaca/common/rest.py", line 131, in _request
    return self._one_request(method, url, opts, retry)
           ~~~~~~~~~~~~~~~~~^^^^^^^^^^^^^^^^^^^^^^^^^^
  File "/home/dikesh/data/dev/SwingTraderAndOptimizer/swingtrader/services/optimizer/venv/lib/python3.14/site-packages/alpaca/common/rest.py", line 207, in _one_request
    raise APIError(error, http_error)
alpaca.common.exceptions.APIError: {"message": "too many requests."}

Traceback (most recent call last):
  File "/home/dikesh/data/dev/SwingTraderAndOptimizer/swingtrader/services/optimizer/venv/lib/python3.14/site-packages/alpaca/common/rest.py", line 198, in _one_request
    response.raise_for_status()
    ~~~~~~~~~~~~~~~~~~~~~~~~~^^
  File "/home/dikesh/data/dev/SwingTraderAndOptimizer/swingtrader/services/optimizer/venv/lib/python3.14/site-packages/requests/models.py", line 1167, in raise_for_status
    raise HTTPError(http_error_msg, response=self)
requests.exceptions.HTTPError: 429 Client Error: Too Many Requests for url: https://data.alpaca.markets/v2/stocks/bars?start=2026-07-27T04%3A00%3A00%2B00%3A00&end=2026-07-28T13%3A12%3A36.607605%2B00%3A00&limit=10000&timeframe=1Day&feed=iex&symbols=EEM

During handling of the above exception, another exception occurred:

Traceback (most recent call last):
  File "/home/dikesh/data/dev/SwingTraderAndOptimizer/swingtrader/services/optimizer/data_fetcher.py", line 161, in fetch_historical_data
    bars_dict = client.get_stock_bars(request_params)
  File "/home/dikesh/data/dev/SwingTraderAndOptimizer/swingtrader/services/optimizer/venv/lib/python3.14/site-packages/alpaca/data/historical/stock.py", line 87, in get_stock_bars
    raw_bars = self._get_marketdata(
        path="/stocks/bars",
        params=request_params.to_request_fields(),
        page_size=10_000,
    )
  File "/home/dikesh/data/dev/SwingTraderAndOptimizer/swingtrader/services/optimizer/venv/lib/python3.14/site-packages/alpaca/common/rest.py", line 393, in _get_marketdata
    response = self.get(path=path, data=params)
  File "/home/dikesh/data/dev/SwingTraderAndOptimizer/swingtrader/services/optimizer/venv/lib/python3.14/site-packages/alpaca/common/rest.py", line 225, in get
    return self._request("GET", path, data, **kwargs)
           ~~~~~~~~~~~~~^^^^^^^^^^^^^^^^^^^^^^^^^^^^^
  File "/home/dikesh/data/dev/SwingTraderAndOptimizer/swingtrader/services/optimizer/venv/lib/python3.14/site-packages/alpaca/common/rest.py", line 131, in _request
    return self._one_request(method, url, opts, retry)
           ~~~~~~~~~~~~~~~~~^^^^^^^^^^^^^^^^^^^^^^^^^^
  File "/home/dikesh/data/dev/SwingTraderAndOptimizer/swingtrader/services/optimizer/venv/lib/python3.14/site-packages/alpaca/common/rest.py", line 207, in _one_request
    raise APIError(error, http_error)
alpaca.common.exceptions.APIError: {"message": "too many requests."}

Traceback (most recent call last):
  File "/home/dikesh/data/dev/SwingTraderAndOptimizer/swingtrader/services/optimizer/venv/lib/python3.14/site-packages/alpaca/common/rest.py", line 198, in _one_request
    response.raise_for_status()
    ~~~~~~~~~~~~~~~~~~~~~~~~~^^
  File "/home/dikesh/data/dev/SwingTraderAndOptimizer/swingtrader/services/optimizer/venv/lib/python3.14/site-packages/requests/models.py", line 1167, in raise_for_status
    raise HTTPError(http_error_msg, response=self)
requests.exceptions.HTTPError: 429 Client Error: Too Many Requests for url: https://data.alpaca.markets/v2/stocks/bars?start=2026-07-27T04%3A00%3A00%2B00%3A00&end=2026-07-28T13%3A13%3A01.538496%2B00%3A00&limit=10000&timeframe=1Day&feed=iex&symbols=VTI

During handling of the above exception, another exception occurred:

Traceback (most recent call last):
  File "/home/dikesh/data/dev/SwingTraderAndOptimizer/swingtrader/services/optimizer/data_fetcher.py", line 161, in fetch_historical_data
    bars_dict = client.get_stock_bars(request_params)
  File "/home/dikesh/data/dev/SwingTraderAndOptimizer/swingtrader/services/optimizer/venv/lib/python3.14/site-packages/alpaca/data/historical/stock.py", line 87, in get_stock_bars
    raw_bars = self._get_marketdata(
        path="/stocks/bars",
        params=request_params.to_request_fields(),
        page_size=10_000,
    )
  File "/home/dikesh/data/dev/SwingTraderAndOptimizer/swingtrader/services/optimizer/venv/lib/python3.14/site-packages/alpaca/common/rest.py", line 393, in _get_marketdata
    response = self.get(path=path, data=params)
  File "/home/dikesh/data/dev/SwingTraderAndOptimizer/swingtrader/services/optimizer/venv/lib/python3.14/site-packages/alpaca/common/rest.py", line 225, in get
    return self._request("GET", path, data, **kwargs)
           ~~~~~~~~~~~~~^^^^^^^^^^^^^^^^^^^^^^^^^^^^^
  File "/home/dikesh/data/dev/SwingTraderAndOptimizer/swingtrader/services/optimizer/venv/lib/python3.14/site-packages/alpaca/common/rest.py", line 131, in _request
    return self._one_request(method, url, opts, retry)
           ~~~~~~~~~~~~~~~~~^^^^^^^^^^^^^^^^^^^^^^^^^^
  File "/home/dikesh/data/dev/SwingTraderAndOptimizer/swingtrader/services/optimizer/venv/lib/python3.14/site-packages/alpaca/common/rest.py", line 207, in _one_request
    raise APIError(error, http_error)
alpaca.common.exceptions.APIError: {"message": "too many requests."}

Traceback (most recent call last):
  File "/home/dikesh/data/dev/SwingTraderAndOptimizer/swingtrader/services/optimizer/venv/lib/python3.14/site-packages/alpaca/common/rest.py", line 198, in _one_request
    response.raise_for_status()
    ~~~~~~~~~~~~~~~~~~~~~~~~~^^
  File "/home/dikesh/data/dev/SwingTraderAndOptimizer/swingtrader/services/optimizer/venv/lib/python3.14/site-packages/requests/models.py", line 1167, in raise_for_status
    raise HTTPError(http_error_msg, response=self)
requests.exceptions.HTTPError: 429 Client Error: Too Many Requests for url: https://data.alpaca.markets/v2/stocks/bars?start=2026-07-27T04%3A00%3A00%2B00%3A00&end=2026-07-28T13%3A13%3A10.816379%2B00%3A00&limit=10000&timeframe=1Day&feed=iex&symbols=VTV

During handling of the above exception, another exception occurred:

Traceback (most recent call last):
  File "/home/dikesh/data/dev/SwingTraderAndOptimizer/swingtrader/services/optimizer/data_fetcher.py", line 161, in fetch_historical_data
    bars_dict = client.get_stock_bars(request_params)
  File "/home/dikesh/data/dev/SwingTraderAndOptimizer/swingtrader/services/optimizer/venv/lib/python3.14/site-packages/alpaca/data/historical/stock.py", line 87, in get_stock_bars
    raw_bars = self._get_marketdata(
        path="/stocks/bars",
        params=request_params.to_request_fields(),
        page_size=10_000,
    )
  File "/home/dikesh/data/dev/SwingTraderAndOptimizer/swingtrader/services/optimizer/venv/lib/python3.14/site-packages/alpaca/common/rest.py", line 393, in _get_marketdata
    response = self.get(path=path, data=params)
  File "/home/dikesh/data/dev/SwingTraderAndOptimizer/swingtrader/services/optimizer/venv/lib/python3.14/site-packages/alpaca/common/rest.py", line 225, in get
    return self._request("GET", path, data, **kwargs)
           ~~~~~~~~~~~~~^^^^^^^^^^^^^^^^^^^^^^^^^^^^^
  File "/home/dikesh/data/dev/SwingTraderAndOptimizer/swingtrader/services/optimizer/venv/lib/python3.14/site-packages/alpaca/common/rest.py", line 131, in _request
    return self._one_request(method, url, opts, retry)
           ~~~~~~~~~~~~~~~~~^^^^^^^^^^^^^^^^^^^^^^^^^^
  File "/home/dikesh/data/dev/SwingTraderAndOptimizer/swingtrader/services/optimizer/venv/lib/python3.14/site-packages/alpaca/common/rest.py", line 207, in _one_request
    raise APIError(error, http_error)
alpaca.common.exceptions.APIError: {"message": "too many requests."}

Traceback (most recent call last):
  File "/home/dikesh/data/dev/SwingTraderAndOptimizer/swingtrader/services/optimizer/venv/lib/python3.14/site-packages/alpaca/common/rest.py", line 198, in _one_request
    response.raise_for_status()
    ~~~~~~~~~~~~~~~~~~~~~~~~~^^
  File "/home/dikesh/data/dev/SwingTraderAndOptimizer/swingtrader/services/optimizer/venv/lib/python3.14/site-packages/requests/models.py", line 1167, in raise_for_status
    raise HTTPError(http_error_msg, response=self)
requests.exceptions.HTTPError: 429 Client Error: Too Many Requests for url: https://data.alpaca.markets/v2/stocks/bars?start=2026-07-27T04%3A00%3A00%2B00%3A00&end=2026-07-28T13%3A13%3A20.136223%2B00%3A00&limit=10000&timeframe=1Day&feed=iex&symbols=SPY

During handling of the above exception, another exception occurred:

Traceback (most recent call last):
  File "/home/dikesh/data/dev/SwingTraderAndOptimizer/swingtrader/services/optimizer/data_fetcher.py", line 161, in fetch_historical_data
    bars_dict = client.get_stock_bars(request_params)
  File "/home/dikesh/data/dev/SwingTraderAndOptimizer/swingtrader/services/optimizer/venv/lib/python3.14/site-packages/alpaca/data/historical/stock.py", line 87, in get_stock_bars
    raw_bars = self._get_marketdata(
        path="/stocks/bars",
        params=request_params.to_request_fields(),
        page_size=10_000,
    )
  File "/home/dikesh/data/dev/SwingTraderAndOptimizer/swingtrader/services/optimizer/venv/lib/python3.14/site-packages/alpaca/common/rest.py", line 393, in _get_marketdata
    response = self.get(path=path, data=params)
  File "/home/dikesh/data/dev/SwingTraderAndOptimizer/swingtrader/services/optimizer/venv/lib/python3.14/site-packages/alpaca/common/rest.py", line 225, in get
    return self._request("GET", path, data, **kwargs)
           ~~~~~~~~~~~~~^^^^^^^^^^^^^^^^^^^^^^^^^^^^^
  File "/home/dikesh/data/dev/SwingTraderAndOptimizer/swingtrader/services/optimizer/venv/lib/python3.14/site-packages/alpaca/common/rest.py", line 131, in _request
    return self._one_request(method, url, opts, retry)
           ~~~~~~~~~~~~~~~~~^^^^^^^^^^^^^^^^^^^^^^^^^^
  File "/home/dikesh/data/dev/SwingTraderAndOptimizer/swingtrader/services/optimizer/venv/lib/python3.14/site-packages/alpaca/common/rest.py", line 207, in _one_request
    raise APIError(error, http_error)
alpaca.common.exceptions.APIError: {"message": "too many requests."}

[Parallel(n_jobs=-1)]: Using backend LokyBackend with 8 concurrent workers.

======================================================================
NIGHTLY OPTIMIZER RUN
Timestamp: 2026-07-28T09:10:37.750125-04:00
Tickers: QQQ, VTI, VTV
Timeframe: 1Day
======================================================================


======================================================================
STEP 1: FETCHING INCREMENTAL PRICES
======================================================================

============================================================
Updating XLC
============================================================
Loaded 1507 bars for XLC from PostgreSQL
Current data: 1507 bars, last: 2026-07-27
Fetching incremental data...
Fetching XLC incremental data since 2026-07-27
Fetching XLC data from 2026-07-27 to 2026-07-28
Fetched 1 bars for XLC (timestamped in America/New_York)
Appending 1 bars to database...
Loaded 1507 bars for XLC from PostgreSQL
✓ Updated: 1507 total bars, last: 2026-07-27

============================================================
Updating XLY
============================================================
Loaded 1507 bars for XLY from PostgreSQL
Current data: 1507 bars, last: 2026-07-27
Fetching incremental data...
Fetching XLY incremental data since 2026-07-27
Fetching XLY data from 2026-07-27 to 2026-07-28
Fetched 1 bars for XLY (timestamped in America/New_York)
Appending 1 bars to database...
Loaded 1507 bars for XLY from PostgreSQL
✓ Updated: 1507 total bars, last: 2026-07-27

============================================================
Updating XLP
============================================================
Loaded 1507 bars for XLP from PostgreSQL
Current data: 1507 bars, last: 2026-07-27
Fetching incremental data...
Fetching XLP incremental data since 2026-07-27
Fetching XLP data from 2026-07-27 to 2026-07-28
Fetched 1 bars for XLP (timestamped in America/New_York)
Appending 1 bars to database...
Loaded 1507 bars for XLP from PostgreSQL
✓ Updated: 1507 total bars, last: 2026-07-27

============================================================
Updating XLV
============================================================
Loaded 1507 bars for XLV from PostgreSQL
Current data: 1507 bars, last: 2026-07-27
Fetching incremental data...
Fetching XLV incremental data since 2026-07-27
Fetching XLV data from 2026-07-27 to 2026-07-28
Fetched 1 bars for XLV (timestamped in America/New_York)
Appending 1 bars to database...
Loaded 1507 bars for XLV from PostgreSQL
✓ Updated: 1507 total bars, last: 2026-07-27

============================================================
Updating XLI
============================================================
Loaded 1507 bars for XLI from PostgreSQL
Current data: 1507 bars, last: 2026-07-27
Fetching incremental data...
Fetching XLI incremental data since 2026-07-27
Fetching XLI data from 2026-07-27 to 2026-07-28
Fetched 1 bars for XLI (timestamped in America/New_York)
Appending 1 bars to database...
Loaded 1507 bars for XLI from PostgreSQL
✓ Updated: 1507 total bars, last: 2026-07-27

============================================================
Updating XLB
============================================================
Loaded 1507 bars for XLB from PostgreSQL
Current data: 1507 bars, last: 2026-07-27
Fetching incremental data...
Fetching XLB incremental data since 2026-07-27
Fetching XLB data from 2026-07-27 to 2026-07-28
Fetched 1 bars for XLB (timestamped in America/New_York)
Appending 1 bars to database...
Loaded 1507 bars for XLB from PostgreSQL
✓ Updated: 1507 total bars, last: 2026-07-27

============================================================
Updating XLRE
============================================================
Loaded 1507 bars for XLRE from PostgreSQL
Current data: 1507 bars, last: 2026-07-27
Fetching incremental data...
Fetching XLRE incremental data since 2026-07-27
Fetching XLRE data from 2026-07-27 to 2026-07-28
Fetched 1 bars for XLRE (timestamped in America/New_York)
Appending 1 bars to database...
Loaded 1507 bars for XLRE from PostgreSQL
✓ Updated: 1507 total bars, last: 2026-07-27

============================================================
Updating IWM
============================================================
Loaded 1507 bars for IWM from PostgreSQL
Current data: 1507 bars, last: 2026-07-27
Fetching incremental data...
Fetching IWM incremental data since 2026-07-27
Fetching IWM data from 2026-07-27 to 2026-07-28
Fetched 1 bars for IWM (timestamped in America/New_York)
Appending 1 bars to database...
Loaded 1507 bars for IWM from PostgreSQL
✓ Updated: 1507 total bars, last: 2026-07-27

============================================================
Updating DIA
============================================================
Loaded 1507 bars for DIA from PostgreSQL
Current data: 1507 bars, last: 2026-07-27
Fetching incremental data...
Fetching DIA incremental data since 2026-07-27
Fetching DIA data from 2026-07-27 to 2026-07-28
Fetched 1 bars for DIA (timestamped in America/New_York)
Appending 1 bars to database...
Loaded 1507 bars for DIA from PostgreSQL
✓ Updated: 1507 total bars, last: 2026-07-27

============================================================
Updating IJH
============================================================
Loaded 1507 bars for IJH from PostgreSQL
Current data: 1507 bars, last: 2026-07-27
Fetching incremental data...
Fetching IJH incremental data since 2026-07-27
Fetching IJH data from 2026-07-27 to 2026-07-28
Fetched 1 bars for IJH (timestamped in America/New_York)
Appending 1 bars to database...
Loaded 1507 bars for IJH from PostgreSQL
✓ Updated: 1507 total bars, last: 2026-07-27

============================================================
Updating IJR
============================================================
Loaded 1507 bars for IJR from PostgreSQL
Current data: 1507 bars, last: 2026-07-27
Fetching incremental data...
Fetching IJR incremental data since 2026-07-27
Fetching IJR data from 2026-07-27 to 2026-07-28
Fetched 1 bars for IJR (timestamped in America/New_York)
Appending 1 bars to database...
Loaded 1507 bars for IJR from PostgreSQL
✓ Updated: 1507 total bars, last: 2026-07-27

============================================================
Updating RSP
============================================================
Loaded 1507 bars for RSP from PostgreSQL
Current data: 1507 bars, last: 2026-07-27
Fetching incremental data...
Fetching RSP incremental data since 2026-07-27
Fetching RSP data from 2026-07-27 to 2026-07-28
Error fetching data for RSP: {"message": "too many requests."}

No new data to fetch for RSP

============================================================
Updating SCHB
============================================================
Loaded 1502 bars for SCHB from PostgreSQL
Current data: 1502 bars, last: 2026-07-27
Fetching incremental data...
Fetching SCHB incremental data since 2026-07-27
Fetching SCHB data from 2026-07-27 to 2026-07-28
Fetched 1 bars for SCHB (timestamped in America/New_York)
Appending 1 bars to database...
Loaded 1502 bars for SCHB from PostgreSQL
✓ Updated: 1502 total bars, last: 2026-07-27

============================================================
Updating SCHD
============================================================
Loaded 1507 bars for SCHD from PostgreSQL
Current data: 1507 bars, last: 2026-07-27
Fetching incremental data...
Fetching SCHD incremental data since 2026-07-27
Fetching SCHD data from 2026-07-27 to 2026-07-28
Fetched 1 bars for SCHD (timestamped in America/New_York)
Appending 1 bars to database...
Loaded 1507 bars for SCHD from PostgreSQL
✓ Updated: 1507 total bars, last: 2026-07-27

============================================================
Updating SMH
============================================================
Loaded 1507 bars for SMH from PostgreSQL
Current data: 1507 bars, last: 2026-07-27
Fetching incremental data...
Fetching SMH incremental data since 2026-07-27
Fetching SMH data from 2026-07-27 to 2026-07-28
Fetched 1 bars for SMH (timestamped in America/New_York)
Appending 1 bars to database...
Loaded 1507 bars for SMH from PostgreSQL
✓ Updated: 1507 total bars, last: 2026-07-27

============================================================
Updating VGT
============================================================
Loaded 1506 bars for VGT from PostgreSQL
Current data: 1506 bars, last: 2026-07-27
Fetching incremental data...
Fetching VGT incremental data since 2026-07-27
Fetching VGT data from 2026-07-27 to 2026-07-28
Fetched 1 bars for VGT (timestamped in America/New_York)
Appending 1 bars to database...
Loaded 1506 bars for VGT from PostgreSQL
✓ Updated: 1506 total bars, last: 2026-07-27

============================================================
Updating VUG
============================================================
Loaded 1507 bars for VUG from PostgreSQL
Current data: 1507 bars, last: 2026-07-27
Fetching incremental data...
Fetching VUG incremental data since 2026-07-27
Fetching VUG data from 2026-07-27 to 2026-07-28
Error fetching data for VUG: {"message": "too many requests."}

No new data to fetch for VUG

============================================================
Updating XLF
============================================================
Loaded 1507 bars for XLF from PostgreSQL
Current data: 1507 bars, last: 2026-07-27
Fetching incremental data...
Fetching XLF incremental data since 2026-07-27
Fetching XLF data from 2026-07-27 to 2026-07-28
Fetched 1 bars for XLF (timestamped in America/New_York)
Appending 1 bars to database...
Loaded 1507 bars for XLF from PostgreSQL
✓ Updated: 1507 total bars, last: 2026-07-27

============================================================
Updating XLK
============================================================
Loaded 1507 bars for XLK from PostgreSQL
Current data: 1507 bars, last: 2026-07-27
Fetching incremental data...
Fetching XLK incremental data since 2026-07-27
Fetching XLK data from 2026-07-27 to 2026-07-28
Error fetching data for XLK: {"message": "too many requests."}

No new data to fetch for XLK

============================================================
Updating XLE
============================================================
Loaded 1507 bars for XLE from PostgreSQL
Current data: 1507 bars, last: 2026-07-27
Fetching incremental data...
Fetching XLE incremental data since 2026-07-27
Fetching XLE data from 2026-07-27 to 2026-07-28
Fetched 1 bars for XLE (timestamped in America/New_York)
Appending 1 bars to database...
Loaded 1507 bars for XLE from PostgreSQL
✓ Updated: 1507 total bars, last: 2026-07-27

============================================================
Updating XLU
============================================================
Loaded 1507 bars for XLU from PostgreSQL
Current data: 1507 bars, last: 2026-07-27
Fetching incremental data...
Fetching XLU incremental data since 2026-07-27
Fetching XLU data from 2026-07-27 to 2026-07-28
Error fetching data for XLU: {"message": "too many requests."}

No new data to fetch for XLU

============================================================
Updating TLT
============================================================
Loaded 1507 bars for TLT from PostgreSQL
Current data: 1507 bars, last: 2026-07-27
Fetching incremental data...
Fetching TLT incremental data since 2026-07-27
Fetching TLT data from 2026-07-27 to 2026-07-28
Error fetching data for TLT: {"message": "too many requests."}

No new data to fetch for TLT

============================================================
Updating GLD
============================================================
Loaded 1507 bars for GLD from PostgreSQL
Current data: 1507 bars, last: 2026-07-27
Fetching incremental data...
Fetching GLD incremental data since 2026-07-27
Fetching GLD data from 2026-07-27 to 2026-07-28
Error fetching data for GLD: {"message": "too many requests."}

No new data to fetch for GLD

============================================================
Updating EEM
============================================================
Loaded 1507 bars for EEM from PostgreSQL
Current data: 1507 bars, last: 2026-07-27
Fetching incremental data...
Fetching EEM incremental data since 2026-07-27
Fetching EEM data from 2026-07-27 to 2026-07-28
Error fetching data for EEM: {"message": "too many requests."}

No new data to fetch for EEM

============================================================
Updating EFA
============================================================
Loaded 1507 bars for EFA from PostgreSQL
Current data: 1507 bars, last: 2026-07-27
Fetching incremental data...
Fetching EFA incremental data since 2026-07-27
Fetching EFA data from 2026-07-27 to 2026-07-28
Fetched 1 bars for EFA (timestamped in America/New_York)
Appending 1 bars to database...
Loaded 1507 bars for EFA from PostgreSQL
✓ Updated: 1507 total bars, last: 2026-07-27

============================================================
Updating QQQ
============================================================
Loaded 1506 bars for QQQ from PostgreSQL
Current data: 1506 bars, last: 2026-07-27
Fetching incremental data...
Fetching QQQ incremental data since 2026-07-27
Fetching QQQ data from 2026-07-27 to 2026-07-28
Fetched 1 bars for QQQ (timestamped in America/New_York)
Appending 1 bars to database...
Loaded 1506 bars for QQQ from PostgreSQL
✓ Updated: 1506 total bars, last: 2026-07-27

============================================================
Updating VTI
============================================================
Loaded 1506 bars for VTI from PostgreSQL
Current data: 1506 bars, last: 2026-07-27
Fetching incremental data...
Fetching VTI incremental data since 2026-07-27
Fetching VTI data from 2026-07-27 to 2026-07-28
Error fetching data for VTI: {"message": "too many requests."}

No new data to fetch for VTI

============================================================
Updating VTV
============================================================
Loaded 1506 bars for VTV from PostgreSQL
Current data: 1506 bars, last: 2026-07-27
Fetching incremental data...
Fetching VTV incremental data since 2026-07-27
Fetching VTV data from 2026-07-27 to 2026-07-28
Error fetching data for VTV: {"message": "too many requests."}

No new data to fetch for VTV

============================================================
Updating SPY
============================================================
Loaded 1042 bars for SPY from PostgreSQL
Current data: 1042 bars, last: 2026-07-27
Fetching incremental data...
Fetching SPY incremental data since 2026-07-27
Fetching SPY data from 2026-07-27 to 2026-07-28
Error fetching data for SPY: {"message": "too many requests."}

No new data to fetch for SPY
[Parallel(n_jobs=-1)]: Done   3 out of   3 | elapsed:    3.3s finished
✓ Saved optimization candidate for QQQ (base_case=0)
✓ Saved best candidate for QQQ (cleaned up old candidates)
✓ Updated base_case=true params + metrics for QQQ
✓ Saved 36 backtest trades for QQQ to PostgreSQL
✓ Saved 37 equity snapshots for QQQ
✓ Logged optimization run for QQQ: Sharpe=1.0527188407829995
✓ Saved optimization candidate for VTI (base_case=0)
✓ Saved best candidate for VTI (cleaned up old candidates)
✓ Updated base_case=true params + metrics for VTI
✓ Saved 46 backtest trades for VTI to PostgreSQL
✓ Saved 47 equity snapshots for VTI
✓ Logged optimization run for VTI: Sharpe=1.0382615614774997
✓ Saved optimization candidate for VTV (base_case=0)
✓ Saved best candidate for VTV (cleaned up old candidates)
✓ Updated base_case=true params + metrics for VTV
✓ Saved 52 backtest trades for VTV to PostgreSQL
✓ Saved 53 equity snapshots for VTV
✓ Logged optimization run for VTV: Sharpe=0.974522558416906

======================================================================
STEP 3: PORTFOLIO COORDINATE ASCENT
======================================================================
Loaded 1506 bars for QQQ from PostgreSQL
Loaded 1506 bars for VTI from PostgreSQL
Loaded 1506 bars for VTV from PostgreSQL
  Promotion gate: 0.8384 (best ever: 0.0000, current: 0.8384)
  Converged after 2 iterations
  Portfolio return: 146.72%
  Sharpe: 1.08 (baseline: 0.84)
  Max DD: 14.71%
  Trades: 59
  QQQ: CHAND(18, 3.5, entry_mult=1.5), REG(slope_pct 8d th=-0.5)
  VTI: CHAND(18, 3.0, entry_mult=1.0)
  VTV: CHAND(18, 2.5, entry_mult=2.0), REG(slope_atr 3d th=-2.0)
  ✓ Sharpe improved 0.8384 → 1.0784 — promoting new params
✓ Saved 59 backtest trades for BLENDED to PostgreSQL
✓ Saved 1489 equity snapshots for BLENDED
  ✓ Saved BLENDED portfolio results

======================================================================
NIGHTLY OPTIMIZATION COMPLETE
======================================================================
Total tickers: 3/3
Total runtime: 18.6s

QQQ:
  Params: CHAND(period=18, mult=3.5), REG(slope_pct 8d th=-0.5)
  Sharpe: 1.05 | Return: 134.26%
VTI:
  Params: CHAND(period=14, mult=3.0)
  Sharpe: 1.04 | Return: 89.94%
VTV:
  Params: CHAND(period=18, mult=2.5), REG(slope_atr 3d th=-1.0)
  Sharpe: 0.97 | Return: 68.40%

======================================================================
DATABASE SUMMARY
======================================================================

QQQ:
  Sharpe: 1.05, Return: 134.26%, Win Rate: 58.3%
VTI:
  Sharpe: 1.04, Return: 89.94%, Win Rate: 54.4%
VTV:
  Sharpe: 0.97, Return: 68.40%, Win Rate: 51.9%
BLENDED (PORTFOLIO):
  Sharpe: 1.08, Return: 146.72%, Win Rate: 49.2%

[QQQ] Starting optimization...

======================================================================
Optimizing QQQ [1Day]...
======================================================================
Loaded 1506 bars for QQQ from PostgreSQL
PASS 1: Testing 27 chandelier-only combinations...

Testing 27 parameter combinations...
This may take a few minutes...

  [QQQ] Tested 10/27 combinations...
  [QQQ] Tested 20/27 combinations...

[OK] Optimization complete! Top 5 results:

Rank   Sharpe     Win%     Return     Trades   Parameters                                                            
------------------------------------------------------------------------------------------------------------------------
1      1.02       58.3     128.63    % 36       CHAND(period=18, mult=3.5, entry=1.5)                                 
2      0.95       48.7     123.62    % 39       CHAND(period=14, mult=3.5, entry=1.5)                                 
3      0.94       46.3     127.55    % 41       CHAND(period=14, mult=3.5, entry=2.0)                                 
4      0.93       51.3     118.42    % 39       CHAND(period=18, mult=3.5, entry=2.0)                                 
5      0.88       60.0     100.11    % 35       CHAND(period=18, mult=3.5, entry=1.0)                                 

PASS 2: Testing 32 regression combinations (fixed chandelier: period=18, mult=3.5, entry=1.5)...
  ✓ Regression exit wins: Sharpe 1.05 vs 1.02

Results for QQQ:
  Best Sharpe: 1.05
  Win Rate: 58.3%
  Total Return: 134.26%
  Trades: 36
  Runtime: 2.4s

[VTI] Starting optimization...

======================================================================
Optimizing VTI [1Day]...
======================================================================
Loaded 1506 bars for VTI from PostgreSQL
PASS 1: Testing 27 chandelier-only combinations...

Testing 27 parameter combinations...
This may take a few minutes...

  [VTI] Tested 10/27 combinations...
  [VTI] Tested 20/27 combinations...

[OK] Optimization complete! Top 5 results:

Rank   Sharpe     Win%     Return     Trades   Parameters                                                            
------------------------------------------------------------------------------------------------------------------------
1      1.04       54.3     89.94     % 46       CHAND(period=14, mult=3.0, entry=1.5)                                 
2      1.01       53.7     81.10     % 41       CHAND(period=18, mult=3.0, entry=1.0)                                 
3      1.00       58.1     83.44     % 43       CHAND(period=18, mult=3.0, entry=1.5)                                 
4      0.97       52.3     79.26     % 44       CHAND(period=14, mult=3.0, entry=1.0)                                 
5      0.91       56.4     75.40     % 39       CHAND(period=18, mult=3.5, entry=1.5)                                 

PASS 2: Testing 32 regression combinations (fixed chandelier: period=14, mult=3.0, entry=1.5)...
  ✓ Chandelier-only wins: Sharpe 1.04 vs regression 1.04

Results for VTI:
  Best Sharpe: 1.04
  Win Rate: 54.3%
  Total Return: 89.94%
  Trades: 46
  Runtime: 2.5s

[VTV] Starting optimization...

======================================================================
Optimizing VTV [1Day]...
======================================================================
Loaded 1506 bars for VTV from PostgreSQL
PASS 1: Testing 27 chandelier-only combinations...

Testing 27 parameter combinations...
This may take a few minutes...

  [VTV] Tested 10/27 combinations...
  [VTV] Tested 20/27 combinations...

[OK] Optimization complete! Top 5 results:

Rank   Sharpe     Win%     Return     Trades   Parameters                                                            
------------------------------------------------------------------------------------------------------------------------
1      0.96       52.9     67.13     % 51       CHAND(period=18, mult=2.5, entry=2.0)                                 
2      0.88       58.3     63.54     % 48       CHAND(period=14, mult=3.0, entry=1.5)                                 
3      0.84       52.2     57.90     % 46       CHAND(period=18, mult=3.0, entry=2.0)                                 
4      0.82       56.5     49.85     % 46       CHAND(period=18, mult=2.5, entry=1.0)                                 
5      0.82       53.2     58.82     % 62       CHAND(period=14, mult=2.5, entry=2.0)                                 

PASS 2: Testing 32 regression combinations (fixed chandelier: period=18, mult=2.5, entry=2.0)...
  ✓ Regression exit wins: Sharpe 0.97 vs 0.96

Results for VTV:
  Best Sharpe: 0.97
  Win Rate: 51.9%
  Total Return: 68.40%
  Trades: 52
  Runtime: 2.4s
[2026-07-28 09:13:48] Optimizer finished (exit: 0)
[2026-07-29 09:19:26] Nightly optimizer starting...
[2026-07-29 09:19:26] Waiting for PostgreSQL...
[2026-07-29 09:19:26] PostgreSQL ready.
Traceback (most recent call last):
  File "/home/dikesh/data/dev/SwingTraderAndOptimizer/swingtrader/services/optimizer/venv/lib/python3.14/site-packages/alpaca/common/rest.py", line 198, in _one_request
    response.raise_for_status()
    ~~~~~~~~~~~~~~~~~~~~~~~~~^^
  File "/home/dikesh/data/dev/SwingTraderAndOptimizer/swingtrader/services/optimizer/venv/lib/python3.14/site-packages/requests/models.py", line 1167, in raise_for_status
    raise HTTPError(http_error_msg, response=self)
requests.exceptions.HTTPError: 429 Client Error: Too Many Requests for url: https://data.alpaca.markets/v2/stocks/bars?start=2026-07-27T04%3A00%3A00%2B00%3A00&end=2026-07-29T13%3A19%3A46.246690%2B00%3A00&limit=10000&timeframe=1Day&feed=iex&symbols=XLE

During handling of the above exception, another exception occurred:

Traceback (most recent call last):
  File "/home/dikesh/data/dev/SwingTraderAndOptimizer/swingtrader/services/optimizer/data_fetcher.py", line 161, in fetch_historical_data
    bars_dict = client.get_stock_bars(request_params)
  File "/home/dikesh/data/dev/SwingTraderAndOptimizer/swingtrader/services/optimizer/venv/lib/python3.14/site-packages/alpaca/data/historical/stock.py", line 87, in get_stock_bars
    raw_bars = self._get_marketdata(
        path="/stocks/bars",
        params=request_params.to_request_fields(),
        page_size=10_000,
    )
  File "/home/dikesh/data/dev/SwingTraderAndOptimizer/swingtrader/services/optimizer/venv/lib/python3.14/site-packages/alpaca/common/rest.py", line 393, in _get_marketdata
    response = self.get(path=path, data=params)
  File "/home/dikesh/data/dev/SwingTraderAndOptimizer/swingtrader/services/optimizer/venv/lib/python3.14/site-packages/alpaca/common/rest.py", line 225, in get
    return self._request("GET", path, data, **kwargs)
           ~~~~~~~~~~~~~^^^^^^^^^^^^^^^^^^^^^^^^^^^^^
  File "/home/dikesh/data/dev/SwingTraderAndOptimizer/swingtrader/services/optimizer/venv/lib/python3.14/site-packages/alpaca/common/rest.py", line 131, in _request
    return self._one_request(method, url, opts, retry)
           ~~~~~~~~~~~~~~~~~^^^^^^^^^^^^^^^^^^^^^^^^^^
  File "/home/dikesh/data/dev/SwingTraderAndOptimizer/swingtrader/services/optimizer/venv/lib/python3.14/site-packages/alpaca/common/rest.py", line 207, in _one_request
    raise APIError(error, http_error)
alpaca.common.exceptions.APIError: {"message": "too many requests."}

Traceback (most recent call last):
  File "/home/dikesh/data/dev/SwingTraderAndOptimizer/swingtrader/services/optimizer/venv/lib/python3.14/site-packages/alpaca/common/rest.py", line 198, in _one_request
    response.raise_for_status()
    ~~~~~~~~~~~~~~~~~~~~~~~~~^^
  File "/home/dikesh/data/dev/SwingTraderAndOptimizer/swingtrader/services/optimizer/venv/lib/python3.14/site-packages/requests/models.py", line 1167, in raise_for_status
    raise HTTPError(http_error_msg, response=self)
requests.exceptions.HTTPError: 429 Client Error: Too Many Requests for url: https://data.alpaca.markets/v2/stocks/bars?start=2026-07-27T04%3A00%3A00%2B00%3A00&end=2026-07-29T13%3A19%3A55.526366%2B00%3A00&limit=10000&timeframe=1Day&feed=iex&symbols=XLU

During handling of the above exception, another exception occurred:

Traceback (most recent call last):
  File "/home/dikesh/data/dev/SwingTraderAndOptimizer/swingtrader/services/optimizer/data_fetcher.py", line 161, in fetch_historical_data
    bars_dict = client.get_stock_bars(request_params)
  File "/home/dikesh/data/dev/SwingTraderAndOptimizer/swingtrader/services/optimizer/venv/lib/python3.14/site-packages/alpaca/data/historical/stock.py", line 87, in get_stock_bars
    raw_bars = self._get_marketdata(
        path="/stocks/bars",
        params=request_params.to_request_fields(),
        page_size=10_000,
    )
  File "/home/dikesh/data/dev/SwingTraderAndOptimizer/swingtrader/services/optimizer/venv/lib/python3.14/site-packages/alpaca/common/rest.py", line 393, in _get_marketdata
    response = self.get(path=path, data=params)
  File "/home/dikesh/data/dev/SwingTraderAndOptimizer/swingtrader/services/optimizer/venv/lib/python3.14/site-packages/alpaca/common/rest.py", line 225, in get
    return self._request("GET", path, data, **kwargs)
           ~~~~~~~~~~~~~^^^^^^^^^^^^^^^^^^^^^^^^^^^^^
  File "/home/dikesh/data/dev/SwingTraderAndOptimizer/swingtrader/services/optimizer/venv/lib/python3.14/site-packages/alpaca/common/rest.py", line 131, in _request
    return self._one_request(method, url, opts, retry)
           ~~~~~~~~~~~~~~~~~^^^^^^^^^^^^^^^^^^^^^^^^^^
  File "/home/dikesh/data/dev/SwingTraderAndOptimizer/swingtrader/services/optimizer/venv/lib/python3.14/site-packages/alpaca/common/rest.py", line 207, in _one_request
    raise APIError(error, http_error)
alpaca.common.exceptions.APIError: {"message": "too many requests."}

[Parallel(n_jobs=-1)]: Using backend LokyBackend with 8 concurrent workers.

======================================================================
NIGHTLY OPTIMIZER RUN
Timestamp: 2026-07-29T09:19:28.334761-04:00
Tickers: QQQ, VTI, VTV
Timeframe: 1Day
======================================================================


======================================================================
STEP 1: FETCHING INCREMENTAL PRICES
======================================================================

============================================================
Updating XLC
============================================================
Loaded 1507 bars for XLC from PostgreSQL
Current data: 1507 bars, last: 2026-07-27
Fetching incremental data...
Fetching XLC incremental data since 2026-07-27
Fetching XLC data from 2026-07-27 to 2026-07-29
Fetched 2 bars for XLC (timestamped in America/New_York)
Appending 2 bars to database...
Appended 1 new bars for XLC to PostgreSQL
Loaded 1508 bars for XLC from PostgreSQL
✓ Updated: 1508 total bars, last: 2026-07-28

============================================================
Updating XLY
============================================================
Loaded 1507 bars for XLY from PostgreSQL
Current data: 1507 bars, last: 2026-07-27
Fetching incremental data...
Fetching XLY incremental data since 2026-07-27
Fetching XLY data from 2026-07-27 to 2026-07-29
Fetched 2 bars for XLY (timestamped in America/New_York)
Appending 2 bars to database...
Appended 1 new bars for XLY to PostgreSQL
Loaded 1508 bars for XLY from PostgreSQL
✓ Updated: 1508 total bars, last: 2026-07-28

============================================================
Updating XLP
============================================================
Loaded 1507 bars for XLP from PostgreSQL
Current data: 1507 bars, last: 2026-07-27
Fetching incremental data...
Fetching XLP incremental data since 2026-07-27
Fetching XLP data from 2026-07-27 to 2026-07-29
Fetched 2 bars for XLP (timestamped in America/New_York)
Appending 2 bars to database...
Appended 1 new bars for XLP to PostgreSQL
Loaded 1508 bars for XLP from PostgreSQL
✓ Updated: 1508 total bars, last: 2026-07-28

============================================================
Updating XLV
============================================================
Loaded 1507 bars for XLV from PostgreSQL
Current data: 1507 bars, last: 2026-07-27
Fetching incremental data...
Fetching XLV incremental data since 2026-07-27
Fetching XLV data from 2026-07-27 to 2026-07-29
Fetched 2 bars for XLV (timestamped in America/New_York)
Appending 2 bars to database...
Appended 1 new bars for XLV to PostgreSQL
Loaded 1508 bars for XLV from PostgreSQL
✓ Updated: 1508 total bars, last: 2026-07-28

============================================================
Updating XLI
============================================================
Loaded 1507 bars for XLI from PostgreSQL
Current data: 1507 bars, last: 2026-07-27
Fetching incremental data...
Fetching XLI incremental data since 2026-07-27
Fetching XLI data from 2026-07-27 to 2026-07-29
Fetched 2 bars for XLI (timestamped in America/New_York)
Appending 2 bars to database...
Appended 1 new bars for XLI to PostgreSQL
Loaded 1508 bars for XLI from PostgreSQL
✓ Updated: 1508 total bars, last: 2026-07-28

============================================================
Updating XLB
============================================================
Loaded 1507 bars for XLB from PostgreSQL
Current data: 1507 bars, last: 2026-07-27
Fetching incremental data...
Fetching XLB incremental data since 2026-07-27
Fetching XLB data from 2026-07-27 to 2026-07-29
Fetched 2 bars for XLB (timestamped in America/New_York)
Appending 2 bars to database...
Appended 1 new bars for XLB to PostgreSQL
Loaded 1508 bars for XLB from PostgreSQL
✓ Updated: 1508 total bars, last: 2026-07-28

============================================================
Updating XLRE
============================================================
Loaded 1507 bars for XLRE from PostgreSQL
Current data: 1507 bars, last: 2026-07-27
Fetching incremental data...
Fetching XLRE incremental data since 2026-07-27
Fetching XLRE data from 2026-07-27 to 2026-07-29
Fetched 2 bars for XLRE (timestamped in America/New_York)
Appending 2 bars to database...
Appended 1 new bars for XLRE to PostgreSQL
Loaded 1508 bars for XLRE from PostgreSQL
✓ Updated: 1508 total bars, last: 2026-07-28

============================================================
Updating IWM
============================================================
Loaded 1507 bars for IWM from PostgreSQL
Current data: 1507 bars, last: 2026-07-27
Fetching incremental data...
Fetching IWM incremental data since 2026-07-27
Fetching IWM data from 2026-07-27 to 2026-07-29
Fetched 2 bars for IWM (timestamped in America/New_York)
Appending 2 bars to database...
Appended 1 new bars for IWM to PostgreSQL
Loaded 1508 bars for IWM from PostgreSQL
✓ Updated: 1508 total bars, last: 2026-07-28

============================================================
Updating DIA
============================================================
Loaded 1507 bars for DIA from PostgreSQL
Current data: 1507 bars, last: 2026-07-27
Fetching incremental data...
Fetching DIA incremental data since 2026-07-27
Fetching DIA data from 2026-07-27 to 2026-07-29
Fetched 2 bars for DIA (timestamped in America/New_York)
Appending 2 bars to database...
Appended 1 new bars for DIA to PostgreSQL
Loaded 1508 bars for DIA from PostgreSQL
✓ Updated: 1508 total bars, last: 2026-07-28

============================================================
Updating IJH
============================================================
Loaded 1507 bars for IJH from PostgreSQL
Current data: 1507 bars, last: 2026-07-27
Fetching incremental data...
Fetching IJH incremental data since 2026-07-27
Fetching IJH data from 2026-07-27 to 2026-07-29
Fetched 2 bars for IJH (timestamped in America/New_York)
Appending 2 bars to database...
Appended 1 new bars for IJH to PostgreSQL
Loaded 1508 bars for IJH from PostgreSQL
✓ Updated: 1508 total bars, last: 2026-07-28

============================================================
Updating IJR
============================================================
Loaded 1507 bars for IJR from PostgreSQL
Current data: 1507 bars, last: 2026-07-27
Fetching incremental data...
Fetching IJR incremental data since 2026-07-27
Fetching IJR data from 2026-07-27 to 2026-07-29
Fetched 2 bars for IJR (timestamped in America/New_York)
Appending 2 bars to database...
Appended 1 new bars for IJR to PostgreSQL
Loaded 1508 bars for IJR from PostgreSQL
✓ Updated: 1508 total bars, last: 2026-07-28

============================================================
Updating RSP
============================================================
Loaded 1507 bars for RSP from PostgreSQL
Current data: 1507 bars, last: 2026-07-27
Fetching incremental data...
Fetching RSP incremental data since 2026-07-27
Fetching RSP data from 2026-07-27 to 2026-07-29
Fetched 2 bars for RSP (timestamped in America/New_York)
Appending 2 bars to database...
Appended 1 new bars for RSP to PostgreSQL
Loaded 1508 bars for RSP from PostgreSQL
✓ Updated: 1508 total bars, last: 2026-07-28

============================================================
Updating SCHB
============================================================
Loaded 1502 bars for SCHB from PostgreSQL
Current data: 1502 bars, last: 2026-07-27
Fetching incremental data...
Fetching SCHB incremental data since 2026-07-27
Fetching SCHB data from 2026-07-27 to 2026-07-29
Fetched 2 bars for SCHB (timestamped in America/New_York)
Appending 2 bars to database...
Appended 1 new bars for SCHB to PostgreSQL
Loaded 1503 bars for SCHB from PostgreSQL
✓ Updated: 1503 total bars, last: 2026-07-28

============================================================
Updating SCHD
============================================================
Loaded 1507 bars for SCHD from PostgreSQL
Current data: 1507 bars, last: 2026-07-27
Fetching incremental data...
Fetching SCHD incremental data since 2026-07-27
Fetching SCHD data from 2026-07-27 to 2026-07-29
Fetched 2 bars for SCHD (timestamped in America/New_York)
Appending 2 bars to database...
Appended 1 new bars for SCHD to PostgreSQL
Loaded 1508 bars for SCHD from PostgreSQL
✓ Updated: 1508 total bars, last: 2026-07-28

============================================================
Updating SMH
============================================================
Loaded 1507 bars for SMH from PostgreSQL
Current data: 1507 bars, last: 2026-07-27
Fetching incremental data...
Fetching SMH incremental data since 2026-07-27
Fetching SMH data from 2026-07-27 to 2026-07-29
Fetched 2 bars for SMH (timestamped in America/New_York)
Appending 2 bars to database...
Appended 1 new bars for SMH to PostgreSQL
Loaded 1508 bars for SMH from PostgreSQL
✓ Updated: 1508 total bars, last: 2026-07-28

============================================================
Updating VGT
============================================================
Loaded 1506 bars for VGT from PostgreSQL
Current data: 1506 bars, last: 2026-07-27
Fetching incremental data...
Fetching VGT incremental data since 2026-07-27
Fetching VGT data from 2026-07-27 to 2026-07-29
Fetched 2 bars for VGT (timestamped in America/New_York)
Appending 2 bars to database...
Appended 1 new bars for VGT to PostgreSQL
Loaded 1507 bars for VGT from PostgreSQL
✓ Updated: 1507 total bars, last: 2026-07-28

============================================================
Updating VUG
============================================================
Loaded 1507 bars for VUG from PostgreSQL
Current data: 1507 bars, last: 2026-07-27
Fetching incremental data...
Fetching VUG incremental data since 2026-07-27
Fetching VUG data from 2026-07-27 to 2026-07-29
Fetched 2 bars for VUG (timestamped in America/New_York)
Appending 2 bars to database...
Appended 1 new bars for VUG to PostgreSQL
Loaded 1508 bars for VUG from PostgreSQL
✓ Updated: 1508 total bars, last: 2026-07-28

============================================================
Updating XLF
============================================================
Loaded 1507 bars for XLF from PostgreSQL
Current data: 1507 bars, last: 2026-07-27
Fetching incremental data...
Fetching XLF incremental data since 2026-07-27
Fetching XLF data from 2026-07-27 to 2026-07-29
Fetched 2 bars for XLF (timestamped in America/New_York)
Appending 2 bars to database...
Appended 1 new bars for XLF to PostgreSQL
Loaded 1508 bars for XLF from PostgreSQL
✓ Updated: 1508 total bars, last: 2026-07-28

============================================================
Updating XLK
============================================================
Loaded 1507 bars for XLK from PostgreSQL
Current data: 1507 bars, last: 2026-07-27
Fetching incremental data...
Fetching XLK incremental data since 2026-07-27
Fetching XLK data from 2026-07-27 to 2026-07-29
Fetched 2 bars for XLK (timestamped in America/New_York)
Appending 2 bars to database...
Appended 1 new bars for XLK to PostgreSQL
Loaded 1508 bars for XLK from PostgreSQL
✓ Updated: 1508 total bars, last: 2026-07-28

============================================================
Updating XLE
============================================================
Loaded 1507 bars for XLE from PostgreSQL
Current data: 1507 bars, last: 2026-07-27
Fetching incremental data...
Fetching XLE incremental data since 2026-07-27
Fetching XLE data from 2026-07-27 to 2026-07-29
Error fetching data for XLE: {"message": "too many requests."}

No new data to fetch for XLE

============================================================
Updating XLU
============================================================
Loaded 1507 bars for XLU from PostgreSQL
Current data: 1507 bars, last: 2026-07-27
Fetching incremental data...
Fetching XLU incremental data since 2026-07-27
Fetching XLU data from 2026-07-27 to 2026-07-29
Error fetching data for XLU: {"message": "too many requests."}

No new data to fetch for XLU

============================================================
Updating TLT
============================================================
Loaded 1507 bars for TLT from PostgreSQL
Current data: 1507 bars, last: 2026-07-27
Fetching incremental data...
Fetching TLT incremental data since 2026-07-27
Fetching TLT data from 2026-07-27 to 2026-07-29
Fetched 2 bars for TLT (timestamped in America/New_York)
Appending 2 bars to database...
Appended 1 new bars for TLT to PostgreSQL
Loaded 1508 bars for TLT from PostgreSQL
✓ Updated: 1508 total bars, last: 2026-07-28

============================================================
Updating GLD
============================================================
Loaded 1507 bars for GLD from PostgreSQL
Current data: 1507 bars, last: 2026-07-27
Fetching incremental data...
Fetching GLD incremental data since 2026-07-27
Fetching GLD data from 2026-07-27 to 2026-07-29
Fetched 2 bars for GLD (timestamped in America/New_York)
Appending 2 bars to database...
Appended 1 new bars for GLD to PostgreSQL
Loaded 1508 bars for GLD from PostgreSQL
✓ Updated: 1508 total bars, last: 2026-07-28

============================================================
Updating EEM
============================================================
Loaded 1507 bars for EEM from PostgreSQL
Current data: 1507 bars, last: 2026-07-27
Fetching incremental data...
Fetching EEM incremental data since 2026-07-27
Fetching EEM data from 2026-07-27 to 2026-07-29
Fetched 2 bars for EEM (timestamped in America/New_York)
Appending 2 bars to database...
Appended 1 new bars for EEM to PostgreSQL
Loaded 1508 bars for EEM from PostgreSQL
✓ Updated: 1508 total bars, last: 2026-07-28

============================================================
Updating EFA
============================================================
Loaded 1507 bars for EFA from PostgreSQL
Current data: 1507 bars, last: 2026-07-27
Fetching incremental data...
Fetching EFA incremental data since 2026-07-27
Fetching EFA data from 2026-07-27 to 2026-07-29
Fetched 2 bars for EFA (timestamped in America/New_York)
Appending 2 bars to database...
Appended 1 new bars for EFA to PostgreSQL
Loaded 1508 bars for EFA from PostgreSQL
✓ Updated: 1508 total bars, last: 2026-07-28

============================================================
Updating QQQ
============================================================
Loaded 1506 bars for QQQ from PostgreSQL
Current data: 1506 bars, last: 2026-07-27
Fetching incremental data...
Fetching QQQ incremental data since 2026-07-27
Fetching QQQ data from 2026-07-27 to 2026-07-29
Fetched 2 bars for QQQ (timestamped in America/New_York)
Appending 2 bars to database...
Appended 1 new bars for QQQ to PostgreSQL
Loaded 1507 bars for QQQ from PostgreSQL
✓ Updated: 1507 total bars, last: 2026-07-28

============================================================
Updating VTI
============================================================
Loaded 1506 bars for VTI from PostgreSQL
Current data: 1506 bars, last: 2026-07-27
Fetching incremental data...
Fetching VTI incremental data since 2026-07-27
Fetching VTI data from 2026-07-27 to 2026-07-29
Fetched 2 bars for VTI (timestamped in America/New_York)
Appending 2 bars to database...
Appended 1 new bars for VTI to PostgreSQL
Loaded 1507 bars for VTI from PostgreSQL
✓ Updated: 1507 total bars, last: 2026-07-28

============================================================
Updating VTV
============================================================
Loaded 1506 bars for VTV from PostgreSQL
Current data: 1506 bars, last: 2026-07-27
Fetching incremental data...
Fetching VTV incremental data since 2026-07-27
Fetching VTV data from 2026-07-27 to 2026-07-29
Fetched 2 bars for VTV (timestamped in America/New_York)
Appending 2 bars to database...
Appended 1 new bars for VTV to PostgreSQL
Loaded 1507 bars for VTV from PostgreSQL
✓ Updated: 1507 total bars, last: 2026-07-28

============================================================
Updating SPY
============================================================
Loaded 1042 bars for SPY from PostgreSQL
Current data: 1042 bars, last: 2026-07-27
Fetching incremental data...
Fetching SPY incremental data since 2026-07-27
Fetching SPY data from 2026-07-27 to 2026-07-29
Fetched 2 bars for SPY (timestamped in America/New_York)
Appending 2 bars to database...
Appended 1 new bars for SPY to PostgreSQL
Loaded 1043 bars for SPY from PostgreSQL
✓ Updated: 1043 total bars, last: 2026-07-28
[Parallel(n_jobs=-1)]: Done   3 out of   3 | elapsed:    3.7s finished
✓ Saved optimization candidate for QQQ (base_case=0)
✓ Saved best candidate for QQQ (cleaned up old candidates)
✓ Updated base_case=true params + metrics for QQQ
✓ Saved 36 backtest trades for QQQ to PostgreSQL
✓ Saved 37 equity snapshots for QQQ
✓ Logged optimization run for QQQ: Sharpe=1.0523639653583206
✓ Saved optimization candidate for VTI (base_case=0)
✓ Saved best candidate for VTI (cleaned up old candidates)
✓ Updated base_case=true params + metrics for VTI
✓ Saved 46 backtest trades for VTI to PostgreSQL
✓ Saved 47 equity snapshots for VTI
✓ Logged optimization run for VTI: Sharpe=1.0379125386255126
✓ Saved optimization candidate for VTV (base_case=0)
✓ Saved best candidate for VTV (cleaned up old candidates)
✓ Updated base_case=true params + metrics for VTV
✓ Saved 52 backtest trades for VTV to PostgreSQL
✓ Saved 53 equity snapshots for VTV
✓ Logged optimization run for VTV: Sharpe=0.9818107680247108

======================================================================
STEP 3: PORTFOLIO COORDINATE ASCENT
======================================================================
Loaded 1507 bars for QQQ from PostgreSQL
Loaded 1507 bars for VTI from PostgreSQL
Loaded 1507 bars for VTV from PostgreSQL
  Promotion gate: 0.8428 (best ever: 0.0000, current: 0.8428)
  Converged after 2 iterations
  Portfolio return: 147.79%
  Sharpe: 1.08 (baseline: 0.84)
  Max DD: 14.71%
  Trades: 59
  QQQ: CHAND(18, 3.5, entry_mult=1.5), REG(slope_pct 8d th=-0.5)
  VTI: CHAND(18, 3.0, entry_mult=1.0)
  VTV: CHAND(18, 2.5, entry_mult=2.0), REG(slope_atr 3d th=-2.0)
  ✓ Sharpe improved 0.8428 → 1.0829 — promoting new params
✓ Saved 59 backtest trades for BLENDED to PostgreSQL
✓ Saved 1490 equity snapshots for BLENDED
  ✓ Saved BLENDED portfolio results

======================================================================
NIGHTLY OPTIMIZATION COMPLETE
======================================================================
Total tickers: 3/3
Total runtime: 22.4s

QQQ:
  Params: CHAND(period=18, mult=3.5), REG(slope_pct 8d th=-0.5)
  Sharpe: 1.05 | Return: 134.26%
VTI:
  Params: CHAND(period=14, mult=3.0)
  Sharpe: 1.04 | Return: 89.94%
VTV:
  Params: CHAND(period=18, mult=2.5), REG(slope_atr 3d th=-1.0)
  Sharpe: 0.98 | Return: 69.14%

======================================================================
DATABASE SUMMARY
======================================================================

QQQ:
  Sharpe: 1.05, Return: 134.26%, Win Rate: 58.3%
VTI:
  Sharpe: 1.04, Return: 89.94%, Win Rate: 54.4%
VTV:
  Sharpe: 0.98, Return: 69.14%, Win Rate: 51.9%
BLENDED (PORTFOLIO):
  Sharpe: 1.08, Return: 147.79%, Win Rate: 49.2%

[VTV] Starting optimization...

======================================================================
Optimizing VTV [1Day]...
======================================================================
Loaded 1507 bars for VTV from PostgreSQL
PASS 1: Testing 27 chandelier-only combinations...

Testing 27 parameter combinations...
This may take a few minutes...

  [VTV] Tested 10/27 combinations...
  [VTV] Tested 20/27 combinations...

[OK] Optimization complete! Top 5 results:

Rank   Sharpe     Win%     Return     Trades   Parameters                                                            
------------------------------------------------------------------------------------------------------------------------
1      0.96       52.9     67.85     % 51       CHAND(period=18, mult=2.5, entry=2.0)                                 
2      0.88       58.3     64.25     % 48       CHAND(period=14, mult=3.0, entry=1.5)                                 
3      0.84       52.2     58.59     % 46       CHAND(period=18, mult=3.0, entry=2.0)                                 
4      0.83       56.5     50.50     % 46       CHAND(period=18, mult=2.5, entry=1.0)                                 
5      0.83       53.2     59.52     % 62       CHAND(period=14, mult=2.5, entry=2.0)                                 

PASS 2: Testing 32 regression combinations (fixed chandelier: period=18, mult=2.5, entry=2.0)...
  ✓ Regression exit wins: Sharpe 0.98 vs 0.96

Results for VTV:
  Best Sharpe: 0.98
  Win Rate: 51.9%
  Total Return: 69.14%
  Trades: 52
  Runtime: 2.7s

[QQQ] Starting optimization...

======================================================================
Optimizing QQQ [1Day]...
======================================================================
Loaded 1507 bars for QQQ from PostgreSQL
PASS 1: Testing 27 chandelier-only combinations...

Testing 27 parameter combinations...
This may take a few minutes...

  [QQQ] Tested 10/27 combinations...
  [QQQ] Tested 20/27 combinations...

[OK] Optimization complete! Top 5 results:

Rank   Sharpe     Win%     Return     Trades   Parameters                                                            
------------------------------------------------------------------------------------------------------------------------
1      1.02       58.3     128.63    % 36       CHAND(period=18, mult=3.5, entry=1.5)                                 
2      0.95       48.7     123.62    % 39       CHAND(period=14, mult=3.5, entry=1.5)                                 
3      0.94       46.3     127.55    % 41       CHAND(period=14, mult=3.5, entry=2.0)                                 
4      0.93       51.3     118.42    % 39       CHAND(period=18, mult=3.5, entry=2.0)                                 
5      0.88       60.0     100.11    % 35       CHAND(period=18, mult=3.5, entry=1.0)                                 

PASS 2: Testing 32 regression combinations (fixed chandelier: period=18, mult=3.5, entry=1.5)...
  ✓ Regression exit wins: Sharpe 1.05 vs 1.02

Results for QQQ:
  Best Sharpe: 1.05
  Win Rate: 58.3%
  Total Return: 134.26%
  Trades: 36
  Runtime: 2.8s

[VTI] Starting optimization...

======================================================================
Optimizing VTI [1Day]...
======================================================================
Loaded 1507 bars for VTI from PostgreSQL
PASS 1: Testing 27 chandelier-only combinations...

Testing 27 parameter combinations...
This may take a few minutes...

  [VTI] Tested 10/27 combinations...
  [VTI] Tested 20/27 combinations...

[OK] Optimization complete! Top 5 results:

Rank   Sharpe     Win%     Return     Trades   Parameters                                                            
------------------------------------------------------------------------------------------------------------------------
1      1.04       54.3     89.94     % 46       CHAND(period=14, mult=3.0, entry=1.5)                                 
2      1.01       53.7     81.10     % 41       CHAND(period=18, mult=3.0, entry=1.0)                                 
3      1.00       58.1     83.44     % 43       CHAND(period=18, mult=3.0, entry=1.5)                                 
4      0.97       52.3     79.26     % 44       CHAND(period=14, mult=3.0, entry=1.0)                                 
5      0.90       56.4     74.52     % 39       CHAND(period=18, mult=3.5, entry=1.5)                                 

PASS 2: Testing 32 regression combinations (fixed chandelier: period=14, mult=3.0, entry=1.5)...
  ✓ Chandelier-only wins: Sharpe 1.04 vs regression 1.04

Results for VTI:
  Best Sharpe: 1.04
  Win Rate: 54.3%
  Total Return: 89.94%
  Trades: 46
  Runtime: 2.8s
[2026-07-29 09:20:41] Optimizer finished (exit: 0)
[2026-07-30 09:19:20] Nightly optimizer starting...
[2026-07-30 09:19:20] Waiting for PostgreSQL...
[2026-07-30 09:19:20] PostgreSQL ready.
Traceback (most recent call last):
  File "/home/dikesh/data/dev/SwingTraderAndOptimizer/swingtrader/services/optimizer/venv/lib/python3.14/site-packages/alpaca/common/rest.py", line 198, in _one_request
    response.raise_for_status()
    ~~~~~~~~~~~~~~~~~~~~~~~~~^^
  File "/home/dikesh/data/dev/SwingTraderAndOptimizer/swingtrader/services/optimizer/venv/lib/python3.14/site-packages/requests/models.py", line 1167, in raise_for_status
    raise HTTPError(http_error_msg, response=self)
requests.exceptions.HTTPError: 429 Client Error: Too Many Requests for url: https://data.alpaca.markets/v2/stocks/bars?start=2026-07-27T04%3A00%3A00%2B00%3A00&end=2026-07-30T13%3A19%3A34.171152%2B00%3A00&limit=10000&timeframe=1Day&feed=iex&symbols=XLE

During handling of the above exception, another exception occurred:

Traceback (most recent call last):
  File "/home/dikesh/data/dev/SwingTraderAndOptimizer/swingtrader/services/optimizer/data_fetcher.py", line 161, in fetch_historical_data
    bars_dict = client.get_stock_bars(request_params)
  File "/home/dikesh/data/dev/SwingTraderAndOptimizer/swingtrader/services/optimizer/venv/lib/python3.14/site-packages/alpaca/data/historical/stock.py", line 87, in get_stock_bars
    raw_bars = self._get_marketdata(
        path="/stocks/bars",
        params=request_params.to_request_fields(),
        page_size=10_000,
    )
  File "/home/dikesh/data/dev/SwingTraderAndOptimizer/swingtrader/services/optimizer/venv/lib/python3.14/site-packages/alpaca/common/rest.py", line 393, in _get_marketdata
    response = self.get(path=path, data=params)
  File "/home/dikesh/data/dev/SwingTraderAndOptimizer/swingtrader/services/optimizer/venv/lib/python3.14/site-packages/alpaca/common/rest.py", line 225, in get
    return self._request("GET", path, data, **kwargs)
           ~~~~~~~~~~~~~^^^^^^^^^^^^^^^^^^^^^^^^^^^^^
  File "/home/dikesh/data/dev/SwingTraderAndOptimizer/swingtrader/services/optimizer/venv/lib/python3.14/site-packages/alpaca/common/rest.py", line 131, in _request
    return self._one_request(method, url, opts, retry)
           ~~~~~~~~~~~~~~~~~^^^^^^^^^^^^^^^^^^^^^^^^^^
  File "/home/dikesh/data/dev/SwingTraderAndOptimizer/swingtrader/services/optimizer/venv/lib/python3.14/site-packages/alpaca/common/rest.py", line 207, in _one_request
    raise APIError(error, http_error)
alpaca.common.exceptions.APIError: {"message": "too many requests."}

[Parallel(n_jobs=-1)]: Using backend LokyBackend with 8 concurrent workers.

======================================================================
NIGHTLY OPTIMIZER RUN
Timestamp: 2026-07-30T09:19:22.541775-04:00
Tickers: QQQ, VTI, VTV
Timeframe: 1Day
======================================================================


======================================================================
STEP 1: FETCHING INCREMENTAL PRICES
======================================================================

============================================================
Updating XLC
============================================================
Loaded 1508 bars for XLC from PostgreSQL
Current data: 1508 bars, last: 2026-07-28
Fetching incremental data...
Fetching XLC incremental data since 2026-07-28
Fetching XLC data from 2026-07-28 to 2026-07-30
Fetched 2 bars for XLC (timestamped in America/New_York)
Appending 2 bars to database...
Appended 1 new bars for XLC to PostgreSQL
Loaded 1509 bars for XLC from PostgreSQL
✓ Updated: 1509 total bars, last: 2026-07-29

============================================================
Updating XLY
============================================================
Loaded 1508 bars for XLY from PostgreSQL
Current data: 1508 bars, last: 2026-07-28
Fetching incremental data...
Fetching XLY incremental data since 2026-07-28
Fetching XLY data from 2026-07-28 to 2026-07-30
Fetched 2 bars for XLY (timestamped in America/New_York)
Appending 2 bars to database...
Appended 1 new bars for XLY to PostgreSQL
Loaded 1509 bars for XLY from PostgreSQL
✓ Updated: 1509 total bars, last: 2026-07-29

============================================================
Updating XLP
============================================================
Loaded 1508 bars for XLP from PostgreSQL
Current data: 1508 bars, last: 2026-07-28
Fetching incremental data...
Fetching XLP incremental data since 2026-07-28
Fetching XLP data from 2026-07-28 to 2026-07-30
Fetched 2 bars for XLP (timestamped in America/New_York)
Appending 2 bars to database...
Appended 1 new bars for XLP to PostgreSQL
Loaded 1509 bars for XLP from PostgreSQL
✓ Updated: 1509 total bars, last: 2026-07-29

============================================================
Updating XLV
============================================================
Loaded 1508 bars for XLV from PostgreSQL
Current data: 1508 bars, last: 2026-07-28
Fetching incremental data...
Fetching XLV incremental data since 2026-07-28
Fetching XLV data from 2026-07-28 to 2026-07-30
Fetched 2 bars for XLV (timestamped in America/New_York)
Appending 2 bars to database...
Appended 1 new bars for XLV to PostgreSQL
Loaded 1509 bars for XLV from PostgreSQL
✓ Updated: 1509 total bars, last: 2026-07-29

============================================================
Updating XLI
============================================================
Loaded 1508 bars for XLI from PostgreSQL
Current data: 1508 bars, last: 2026-07-28
Fetching incremental data...
Fetching XLI incremental data since 2026-07-28
Fetching XLI data from 2026-07-28 to 2026-07-30
Fetched 2 bars for XLI (timestamped in America/New_York)
Appending 2 bars to database...
Appended 1 new bars for XLI to PostgreSQL
Loaded 1509 bars for XLI from PostgreSQL
✓ Updated: 1509 total bars, last: 2026-07-29

============================================================
Updating XLB
============================================================
Loaded 1508 bars for XLB from PostgreSQL
Current data: 1508 bars, last: 2026-07-28
Fetching incremental data...
Fetching XLB incremental data since 2026-07-28
Fetching XLB data from 2026-07-28 to 2026-07-30
Fetched 2 bars for XLB (timestamped in America/New_York)
Appending 2 bars to database...
Appended 1 new bars for XLB to PostgreSQL
Loaded 1509 bars for XLB from PostgreSQL
✓ Updated: 1509 total bars, last: 2026-07-29

============================================================
Updating XLRE
============================================================
Loaded 1508 bars for XLRE from PostgreSQL
Current data: 1508 bars, last: 2026-07-28
Fetching incremental data...
Fetching XLRE incremental data since 2026-07-28
Fetching XLRE data from 2026-07-28 to 2026-07-30
Fetched 2 bars for XLRE (timestamped in America/New_York)
Appending 2 bars to database...
Appended 1 new bars for XLRE to PostgreSQL
Loaded 1509 bars for XLRE from PostgreSQL
✓ Updated: 1509 total bars, last: 2026-07-29

============================================================
Updating IWM
============================================================
Loaded 1508 bars for IWM from PostgreSQL
Current data: 1508 bars, last: 2026-07-28
Fetching incremental data...
Fetching IWM incremental data since 2026-07-28
Fetching IWM data from 2026-07-28 to 2026-07-30
Fetched 2 bars for IWM (timestamped in America/New_York)
Appending 2 bars to database...
Appended 1 new bars for IWM to PostgreSQL
Loaded 1509 bars for IWM from PostgreSQL
✓ Updated: 1509 total bars, last: 2026-07-29

============================================================
Updating DIA
============================================================
Loaded 1508 bars for DIA from PostgreSQL
Current data: 1508 bars, last: 2026-07-28
Fetching incremental data...
Fetching DIA incremental data since 2026-07-28
Fetching DIA data from 2026-07-28 to 2026-07-30
Fetched 2 bars for DIA (timestamped in America/New_York)
Appending 2 bars to database...
Appended 1 new bars for DIA to PostgreSQL
Loaded 1509 bars for DIA from PostgreSQL
✓ Updated: 1509 total bars, last: 2026-07-29

============================================================
Updating IJH
============================================================
Loaded 1508 bars for IJH from PostgreSQL
Current data: 1508 bars, last: 2026-07-28
Fetching incremental data...
Fetching IJH incremental data since 2026-07-28
Fetching IJH data from 2026-07-28 to 2026-07-30
Fetched 2 bars for IJH (timestamped in America/New_York)
Appending 2 bars to database...
Appended 1 new bars for IJH to PostgreSQL
Loaded 1509 bars for IJH from PostgreSQL
✓ Updated: 1509 total bars, last: 2026-07-29

============================================================
Updating IJR
============================================================
Loaded 1508 bars for IJR from PostgreSQL
Current data: 1508 bars, last: 2026-07-28
Fetching incremental data...
Fetching IJR incremental data since 2026-07-28
Fetching IJR data from 2026-07-28 to 2026-07-30
Fetched 2 bars for IJR (timestamped in America/New_York)
Appending 2 bars to database...
Appended 1 new bars for IJR to PostgreSQL
Loaded 1509 bars for IJR from PostgreSQL
✓ Updated: 1509 total bars, last: 2026-07-29

============================================================
Updating RSP
============================================================
Loaded 1508 bars for RSP from PostgreSQL
Current data: 1508 bars, last: 2026-07-28
Fetching incremental data...
Fetching RSP incremental data since 2026-07-28
Fetching RSP data from 2026-07-28 to 2026-07-30
Fetched 2 bars for RSP (timestamped in America/New_York)
Appending 2 bars to database...
Appended 1 new bars for RSP to PostgreSQL
Loaded 1509 bars for RSP from PostgreSQL
✓ Updated: 1509 total bars, last: 2026-07-29

============================================================
Updating SCHB
============================================================
Loaded 1503 bars for SCHB from PostgreSQL
Current data: 1503 bars, last: 2026-07-28
Fetching incremental data...
Fetching SCHB incremental data since 2026-07-28
Fetching SCHB data from 2026-07-28 to 2026-07-30
Fetched 2 bars for SCHB (timestamped in America/New_York)
Appending 2 bars to database...
Appended 1 new bars for SCHB to PostgreSQL
Loaded 1504 bars for SCHB from PostgreSQL
✓ Updated: 1504 total bars, last: 2026-07-29

============================================================
Updating SCHD
============================================================
Loaded 1508 bars for SCHD from PostgreSQL
Current data: 1508 bars, last: 2026-07-28
Fetching incremental data...
Fetching SCHD incremental data since 2026-07-28
Fetching SCHD data from 2026-07-28 to 2026-07-30
Fetched 2 bars for SCHD (timestamped in America/New_York)
Appending 2 bars to database...
Appended 1 new bars for SCHD to PostgreSQL
Loaded 1509 bars for SCHD from PostgreSQL
✓ Updated: 1509 total bars, last: 2026-07-29

============================================================
Updating SMH
============================================================
Loaded 1508 bars for SMH from PostgreSQL
Current data: 1508 bars, last: 2026-07-28
Fetching incremental data...
Fetching SMH incremental data since 2026-07-28
Fetching SMH data from 2026-07-28 to 2026-07-30
Fetched 2 bars for SMH (timestamped in America/New_York)
Appending 2 bars to database...
Appended 1 new bars for SMH to PostgreSQL
Loaded 1509 bars for SMH from PostgreSQL
✓ Updated: 1509 total bars, last: 2026-07-29

============================================================
Updating VGT
============================================================
Loaded 1507 bars for VGT from PostgreSQL
Current data: 1507 bars, last: 2026-07-28
Fetching incremental data...
Fetching VGT incremental data since 2026-07-28
Fetching VGT data from 2026-07-28 to 2026-07-30
Fetched 2 bars for VGT (timestamped in America/New_York)
Appending 2 bars to database...
Appended 1 new bars for VGT to PostgreSQL
Loaded 1508 bars for VGT from PostgreSQL
✓ Updated: 1508 total bars, last: 2026-07-29

============================================================
Updating VUG
============================================================
Loaded 1508 bars for VUG from PostgreSQL
Current data: 1508 bars, last: 2026-07-28
Fetching incremental data...
Fetching VUG incremental data since 2026-07-28
Fetching VUG data from 2026-07-28 to 2026-07-30
Fetched 2 bars for VUG (timestamped in America/New_York)
Appending 2 bars to database...
Appended 1 new bars for VUG to PostgreSQL
Loaded 1509 bars for VUG from PostgreSQL
✓ Updated: 1509 total bars, last: 2026-07-29

============================================================
Updating XLF
============================================================
Loaded 1508 bars for XLF from PostgreSQL
Current data: 1508 bars, last: 2026-07-28
Fetching incremental data...
Fetching XLF incremental data since 2026-07-28
Fetching XLF data from 2026-07-28 to 2026-07-30
Fetched 2 bars for XLF (timestamped in America/New_York)
Appending 2 bars to database...
Appended 1 new bars for XLF to PostgreSQL
Loaded 1509 bars for XLF from PostgreSQL
✓ Updated: 1509 total bars, last: 2026-07-29

============================================================
Updating XLK
============================================================
Loaded 1508 bars for XLK from PostgreSQL
Current data: 1508 bars, last: 2026-07-28
Fetching incremental data...
Fetching XLK incremental data since 2026-07-28
Fetching XLK data from 2026-07-28 to 2026-07-30
Fetched 2 bars for XLK (timestamped in America/New_York)
Appending 2 bars to database...
Appended 1 new bars for XLK to PostgreSQL
Loaded 1509 bars for XLK from PostgreSQL
✓ Updated: 1509 total bars, last: 2026-07-29

============================================================
Updating XLE
============================================================
Loaded 1507 bars for XLE from PostgreSQL
Current data: 1507 bars, last: 2026-07-27
Fetching incremental data...
Fetching XLE incremental data since 2026-07-27
Fetching XLE data from 2026-07-27 to 2026-07-30
Error fetching data for XLE: {"message": "too many requests."}

No new data to fetch for XLE

============================================================
Updating XLU
============================================================
Loaded 1507 bars for XLU from PostgreSQL
Current data: 1507 bars, last: 2026-07-27
Fetching incremental data...
Fetching XLU incremental data since 2026-07-27
Fetching XLU data from 2026-07-27 to 2026-07-30
Fetched 3 bars for XLU (timestamped in America/New_York)
Appending 3 bars to database...
Appended 2 new bars for XLU to PostgreSQL
Loaded 1509 bars for XLU from PostgreSQL
✓ Updated: 1509 total bars, last: 2026-07-29

============================================================
Updating TLT
============================================================
Loaded 1508 bars for TLT from PostgreSQL
Current data: 1508 bars, last: 2026-07-28
Fetching incremental data...
Fetching TLT incremental data since 2026-07-28
Fetching TLT data from 2026-07-28 to 2026-07-30
Fetched 2 bars for TLT (timestamped in America/New_York)
Appending 2 bars to database...
Appended 1 new bars for TLT to PostgreSQL
Loaded 1509 bars for TLT from PostgreSQL
✓ Updated: 1509 total bars, last: 2026-07-29

============================================================
Updating GLD
============================================================
Loaded 1508 bars for GLD from PostgreSQL
Current data: 1508 bars, last: 2026-07-28
Fetching incremental data...
Fetching GLD incremental data since 2026-07-28
Fetching GLD data from 2026-07-28 to 2026-07-30
Fetched 2 bars for GLD (timestamped in America/New_York)
Appending 2 bars to database...
Appended 1 new bars for GLD to PostgreSQL
Loaded 1509 bars for GLD from PostgreSQL
✓ Updated: 1509 total bars, last: 2026-07-29

============================================================
Updating EEM
============================================================
Loaded 1508 bars for EEM from PostgreSQL
Current data: 1508 bars, last: 2026-07-28
Fetching incremental data...
Fetching EEM incremental data since 2026-07-28
Fetching EEM data from 2026-07-28 to 2026-07-30
Fetched 2 bars for EEM (timestamped in America/New_York)
Appending 2 bars to database...
Appended 1 new bars for EEM to PostgreSQL
Loaded 1509 bars for EEM from PostgreSQL
✓ Updated: 1509 total bars, last: 2026-07-29

============================================================
Updating EFA
============================================================
Loaded 1508 bars for EFA from PostgreSQL
Current data: 1508 bars, last: 2026-07-28
Fetching incremental data...
Fetching EFA incremental data since 2026-07-28
Fetching EFA data from 2026-07-28 to 2026-07-30
Fetched 2 bars for EFA (timestamped in America/New_York)
Appending 2 bars to database...
Appended 1 new bars for EFA to PostgreSQL
Loaded 1509 bars for EFA from PostgreSQL
✓ Updated: 1509 total bars, last: 2026-07-29

============================================================
Updating QQQ
============================================================
Loaded 1507 bars for QQQ from PostgreSQL
Current data: 1507 bars, last: 2026-07-28
Fetching incremental data...
Fetching QQQ incremental data since 2026-07-28
Fetching QQQ data from 2026-07-28 to 2026-07-30
Fetched 2 bars for QQQ (timestamped in America/New_York)
Appending 2 bars to database...
Appended 1 new bars for QQQ to PostgreSQL
Loaded 1508 bars for QQQ from PostgreSQL
✓ Updated: 1508 total bars, last: 2026-07-29

============================================================
Updating VTI
============================================================
Loaded 1507 bars for VTI from PostgreSQL
Current data: 1507 bars, last: 2026-07-28
Fetching incremental data...
Fetching VTI incremental data since 2026-07-28
Fetching VTI data from 2026-07-28 to 2026-07-30
Fetched 2 bars for VTI (timestamped in America/New_York)
Appending 2 bars to database...
Appended 1 new bars for VTI to PostgreSQL
Loaded 1508 bars for VTI from PostgreSQL
✓ Updated: 1508 total bars, last: 2026-07-29

============================================================
Updating VTV
============================================================
Loaded 1507 bars for VTV from PostgreSQL
Current data: 1507 bars, last: 2026-07-28
Fetching incremental data...
Fetching VTV incremental data since 2026-07-28
Fetching VTV data from 2026-07-28 to 2026-07-30
Fetched 2 bars for VTV (timestamped in America/New_York)
Appending 2 bars to database...
Appended 1 new bars for VTV to PostgreSQL
Loaded 1508 bars for VTV from PostgreSQL
✓ Updated: 1508 total bars, last: 2026-07-29

============================================================
Updating SPY
============================================================
Loaded 1043 bars for SPY from PostgreSQL
Current data: 1043 bars, last: 2026-07-28
Fetching incremental data...
Fetching SPY incremental data since 2026-07-28
Fetching SPY data from 2026-07-28 to 2026-07-30
Fetched 2 bars for SPY (timestamped in America/New_York)
Appending 2 bars to database...
Appended 1 new bars for SPY to PostgreSQL
Loaded 1044 bars for SPY from PostgreSQL
✓ Updated: 1044 total bars, last: 2026-07-29
[Parallel(n_jobs=-1)]: Done   3 out of   3 | elapsed:    3.9s finished
✓ Saved optimization candidate for QQQ (base_case=0)
✓ Saved best candidate for QQQ (cleaned up old candidates)
✓ Updated base_case=true params + metrics for QQQ
✓ Saved 36 backtest trades for QQQ to PostgreSQL
✓ Saved 37 equity snapshots for QQQ
✓ Logged optimization run for QQQ: Sharpe=1.0520094485824973
✓ Saved optimization candidate for VTI (base_case=0)
✓ Saved best candidate for VTI (cleaned up old candidates)
✓ Updated base_case=true params + metrics for VTI
✓ Saved 46 backtest trades for VTI to PostgreSQL
✓ Saved 47 equity snapshots for VTI
✓ Logged optimization run for VTI: Sharpe=1.0375638675215881
✓ Saved optimization candidate for VTV (base_case=0)
✓ Saved best candidate for VTV (cleaned up old candidates)
✓ Updated base_case=true params + metrics for VTV
✓ Saved 52 backtest trades for VTV to PostgreSQL
✓ Saved 53 equity snapshots for VTV
✓ Logged optimization run for VTV: Sharpe=0.9541788766341596

======================================================================
STEP 3: PORTFOLIO COORDINATE ASCENT
======================================================================
Loaded 1508 bars for QQQ from PostgreSQL
Loaded 1508 bars for VTI from PostgreSQL
Loaded 1508 bars for VTV from PostgreSQL
  Promotion gate: 0.8265 (best ever: 0.0000, current: 0.8265)
  Converged after 2 iterations
  Portfolio return: 144.27%
  Sharpe: 1.07 (baseline: 0.83)
  Max DD: 14.71%
  Trades: 59
  QQQ: CHAND(18, 3.5, entry_mult=1.5), REG(slope_pct 8d th=-0.5)
  VTI: CHAND(18, 3.0, entry_mult=1.0)
  VTV: CHAND(18, 2.5, entry_mult=2.0), REG(slope_atr 3d th=-2.0)
  ✓ Sharpe improved 0.8265 → 1.0658 — promoting new params
✓ Saved 59 backtest trades for BLENDED to PostgreSQL
✓ Saved 1491 equity snapshots for BLENDED
  ✓ Saved BLENDED portfolio results

======================================================================
NIGHTLY OPTIMIZATION COMPLETE
======================================================================
Total tickers: 3/3
Total runtime: 22.9s

QQQ:
  Params: CHAND(period=18, mult=3.5), REG(slope_pct 8d th=-0.5)
  Sharpe: 1.05 | Return: 134.26%
VTI:
  Params: CHAND(period=14, mult=3.0)
  Sharpe: 1.04 | Return: 89.94%
VTV:
  Params: CHAND(period=18, mult=2.5), REG(slope_atr 3d th=-1.0)
  Sharpe: 0.95 | Return: 66.73%

======================================================================
DATABASE SUMMARY
======================================================================

QQQ:
  Sharpe: 1.05, Return: 134.26%, Win Rate: 58.3%
VTI:
  Sharpe: 1.04, Return: 89.94%, Win Rate: 54.4%
VTV:
  Sharpe: 0.95, Return: 66.73%, Win Rate: 51.9%
BLENDED (PORTFOLIO):
  Sharpe: 1.07, Return: 144.27%, Win Rate: 49.2%

[QQQ] Starting optimization...

======================================================================
Optimizing QQQ [1Day]...
======================================================================
Loaded 1508 bars for QQQ from PostgreSQL
PASS 1: Testing 27 chandelier-only combinations...

Testing 27 parameter combinations...
This may take a few minutes...

  [QQQ] Tested 10/27 combinations...
  [QQQ] Tested 20/27 combinations...

[OK] Optimization complete! Top 5 results:

Rank   Sharpe     Win%     Return     Trades   Parameters                                                            
------------------------------------------------------------------------------------------------------------------------
1      1.02       58.3     128.63    % 36       CHAND(period=18, mult=3.5, entry=1.5)                                 
2      0.95       48.7     123.62    % 39       CHAND(period=14, mult=3.5, entry=1.5)                                 
3      0.94       46.3     127.55    % 41       CHAND(period=14, mult=3.5, entry=2.0)                                 
4      0.93       51.3     118.42    % 39       CHAND(period=18, mult=3.5, entry=2.0)                                 
5      0.88       60.0     100.11    % 35       CHAND(period=18, mult=3.5, entry=1.0)                                 

PASS 2: Testing 32 regression combinations (fixed chandelier: period=18, mult=3.5, entry=1.5)...
  ✓ Regression exit wins: Sharpe 1.05 vs 1.02

Results for QQQ:
  Best Sharpe: 1.05
  Win Rate: 58.3%
  Total Return: 134.26%
  Trades: 36
  Runtime: 2.8s

[VTI] Starting optimization...

======================================================================
Optimizing VTI [1Day]...
======================================================================
Loaded 1508 bars for VTI from PostgreSQL
PASS 1: Testing 27 chandelier-only combinations...

Testing 27 parameter combinations...
This may take a few minutes...

  [VTI] Tested 10/27 combinations...
  [VTI] Tested 20/27 combinations...

[OK] Optimization complete! Top 5 results:

Rank   Sharpe     Win%     Return     Trades   Parameters                                                            
------------------------------------------------------------------------------------------------------------------------
1      1.04       54.3     89.94     % 46       CHAND(period=14, mult=3.0, entry=1.5)                                 
2      1.01       53.7     81.10     % 41       CHAND(period=18, mult=3.0, entry=1.0)                                 
3      1.00       58.1     83.44     % 43       CHAND(period=18, mult=3.0, entry=1.5)                                 
4      0.97       52.3     79.26     % 44       CHAND(period=14, mult=3.0, entry=1.0)                                 
5      0.88       56.4     71.85     % 39       CHAND(period=18, mult=3.5, entry=1.5)                                 

PASS 2: Testing 32 regression combinations (fixed chandelier: period=14, mult=3.0, entry=1.5)...
  ✓ Chandelier-only wins: Sharpe 1.04 vs regression 1.04

Results for VTI:
  Best Sharpe: 1.04
  Win Rate: 54.3%
  Total Return: 89.94%
  Trades: 46
  Runtime: 2.9s

[VTV] Starting optimization...

======================================================================
Optimizing VTV [1Day]...
======================================================================
Loaded 1508 bars for VTV from PostgreSQL
PASS 1: Testing 27 chandelier-only combinations...

Testing 27 parameter combinations...
This may take a few minutes...

  [VTV] Tested 10/27 combinations...
  [VTV] Tested 20/27 combinations...

[OK] Optimization complete! Top 5 results:

Rank   Sharpe     Win%     Return     Trades   Parameters                                                            
------------------------------------------------------------------------------------------------------------------------
1      0.94       52.9     65.47     % 51       CHAND(period=18, mult=2.5, entry=2.0)                                 
2      0.86       58.3     61.92     % 48       CHAND(period=14, mult=3.0, entry=1.5)                                 
3      0.82       52.2     56.34     % 46       CHAND(period=18, mult=3.0, entry=2.0)                                 
4      0.80       53.2     57.25     % 62       CHAND(period=14, mult=2.5, entry=2.0)                                 
5      0.80       53.8     59.69     % 52       CHAND(period=14, mult=3.0, entry=2.0)                                 

PASS 2: Testing 32 regression combinations (fixed chandelier: period=18, mult=2.5, entry=2.0)...
  ✓ Regression exit wins: Sharpe 0.95 vs 0.94

Results for VTV:
  Best Sharpe: 0.95
  Win Rate: 51.9%
  Total Return: 66.73%
  Trades: 52
  Runtime: 2.9s
[2026-07-30 09:20:24] Optimizer finished (exit: 0)
[2026-07-31 09:12:03] Nightly optimizer starting...
[2026-07-31 09:12:03] Waiting for PostgreSQL...
[2026-07-31 09:12:03] PostgreSQL ready.
Traceback (most recent call last):
  File "/home/dikesh/data/dev/SwingTraderAndOptimizer/swingtrader/services/optimizer/venv/lib/python3.14/site-packages/alpaca/common/rest.py", line 198, in _one_request
    response.raise_for_status()
    ~~~~~~~~~~~~~~~~~~~~~~~~~^^
  File "/home/dikesh/data/dev/SwingTraderAndOptimizer/swingtrader/services/optimizer/venv/lib/python3.14/site-packages/requests/models.py", line 1167, in raise_for_status
    raise HTTPError(http_error_msg, response=self)
requests.exceptions.HTTPError: 429 Client Error: Too Many Requests for url: https://data.alpaca.markets/v2/stocks/bars?start=2026-07-29T04%3A00%3A00%2B00%3A00&end=2026-07-31T13%3A12%3A18.387227%2B00%3A00&limit=10000&timeframe=1Day&feed=iex&symbols=XLK

During handling of the above exception, another exception occurred:

Traceback (most recent call last):
  File "/home/dikesh/data/dev/SwingTraderAndOptimizer/swingtrader/services/optimizer/data_fetcher.py", line 161, in fetch_historical_data
    bars_dict = client.get_stock_bars(request_params)
  File "/home/dikesh/data/dev/SwingTraderAndOptimizer/swingtrader/services/optimizer/venv/lib/python3.14/site-packages/alpaca/data/historical/stock.py", line 87, in get_stock_bars
    raw_bars = self._get_marketdata(
        path="/stocks/bars",
        params=request_params.to_request_fields(),
        page_size=10_000,
    )
  File "/home/dikesh/data/dev/SwingTraderAndOptimizer/swingtrader/services/optimizer/venv/lib/python3.14/site-packages/alpaca/common/rest.py", line 393, in _get_marketdata
    response = self.get(path=path, data=params)
  File "/home/dikesh/data/dev/SwingTraderAndOptimizer/swingtrader/services/optimizer/venv/lib/python3.14/site-packages/alpaca/common/rest.py", line 225, in get
    return self._request("GET", path, data, **kwargs)
           ~~~~~~~~~~~~~^^^^^^^^^^^^^^^^^^^^^^^^^^^^^
  File "/home/dikesh/data/dev/SwingTraderAndOptimizer/swingtrader/services/optimizer/venv/lib/python3.14/site-packages/alpaca/common/rest.py", line 131, in _request
    return self._one_request(method, url, opts, retry)
           ~~~~~~~~~~~~~~~~~^^^^^^^^^^^^^^^^^^^^^^^^^^
  File "/home/dikesh/data/dev/SwingTraderAndOptimizer/swingtrader/services/optimizer/venv/lib/python3.14/site-packages/alpaca/common/rest.py", line 207, in _one_request
    raise APIError(error, http_error)
alpaca.common.exceptions.APIError: {"message": "too many requests."}

Traceback (most recent call last):
  File "/home/dikesh/data/dev/SwingTraderAndOptimizer/swingtrader/services/optimizer/venv/lib/python3.14/site-packages/alpaca/common/rest.py", line 198, in _one_request
    response.raise_for_status()
    ~~~~~~~~~~~~~~~~~~~~~~~~~^^
  File "/home/dikesh/data/dev/SwingTraderAndOptimizer/swingtrader/services/optimizer/venv/lib/python3.14/site-packages/requests/models.py", line 1167, in raise_for_status
    raise HTTPError(http_error_msg, response=self)
requests.exceptions.HTTPError: 429 Client Error: Too Many Requests for url: https://data.alpaca.markets/v2/stocks/bars?start=2026-07-27T04%3A00%3A00%2B00%3A00&end=2026-07-31T13%3A12%3A27.670036%2B00%3A00&limit=10000&timeframe=1Day&feed=iex&symbols=XLE

During handling of the above exception, another exception occurred:

Traceback (most recent call last):
  File "/home/dikesh/data/dev/SwingTraderAndOptimizer/swingtrader/services/optimizer/data_fetcher.py", line 161, in fetch_historical_data
    bars_dict = client.get_stock_bars(request_params)
  File "/home/dikesh/data/dev/SwingTraderAndOptimizer/swingtrader/services/optimizer/venv/lib/python3.14/site-packages/alpaca/data/historical/stock.py", line 87, in get_stock_bars
    raw_bars = self._get_marketdata(
        path="/stocks/bars",
        params=request_params.to_request_fields(),
        page_size=10_000,
    )
  File "/home/dikesh/data/dev/SwingTraderAndOptimizer/swingtrader/services/optimizer/venv/lib/python3.14/site-packages/alpaca/common/rest.py", line 393, in _get_marketdata
    response = self.get(path=path, data=params)
  File "/home/dikesh/data/dev/SwingTraderAndOptimizer/swingtrader/services/optimizer/venv/lib/python3.14/site-packages/alpaca/common/rest.py", line 225, in get
    return self._request("GET", path, data, **kwargs)
           ~~~~~~~~~~~~~^^^^^^^^^^^^^^^^^^^^^^^^^^^^^
  File "/home/dikesh/data/dev/SwingTraderAndOptimizer/swingtrader/services/optimizer/venv/lib/python3.14/site-packages/alpaca/common/rest.py", line 131, in _request
    return self._one_request(method, url, opts, retry)
           ~~~~~~~~~~~~~~~~~^^^^^^^^^^^^^^^^^^^^^^^^^^
  File "/home/dikesh/data/dev/SwingTraderAndOptimizer/swingtrader/services/optimizer/venv/lib/python3.14/site-packages/alpaca/common/rest.py", line 207, in _one_request
    raise APIError(error, http_error)
alpaca.common.exceptions.APIError: {"message": "too many requests."}

[Parallel(n_jobs=-1)]: Using backend LokyBackend with 8 concurrent workers.

======================================================================
NIGHTLY OPTIMIZER RUN
Timestamp: 2026-07-31T09:12:06.785371-04:00
Tickers: QQQ, VTI, VTV
Timeframe: 1Day
======================================================================


======================================================================
STEP 1: FETCHING INCREMENTAL PRICES
======================================================================

============================================================
Updating XLC
============================================================
Loaded 1509 bars for XLC from PostgreSQL
Current data: 1509 bars, last: 2026-07-29
Fetching incremental data...
Fetching XLC incremental data since 2026-07-29
Fetching XLC data from 2026-07-29 to 2026-07-31
Fetched 2 bars for XLC (timestamped in America/New_York)
Appending 2 bars to database...
Appended 1 new bars for XLC to PostgreSQL
Loaded 1510 bars for XLC from PostgreSQL
✓ Updated: 1510 total bars, last: 2026-07-30

============================================================
Updating XLY
============================================================
Loaded 1509 bars for XLY from PostgreSQL
Current data: 1509 bars, last: 2026-07-29
Fetching incremental data...
Fetching XLY incremental data since 2026-07-29
Fetching XLY data from 2026-07-29 to 2026-07-31
Fetched 2 bars for XLY (timestamped in America/New_York)
Appending 2 bars to database...
Appended 1 new bars for XLY to PostgreSQL
Loaded 1510 bars for XLY from PostgreSQL
✓ Updated: 1510 total bars, last: 2026-07-30

============================================================
Updating XLP
============================================================
Loaded 1509 bars for XLP from PostgreSQL
Current data: 1509 bars, last: 2026-07-29
Fetching incremental data...
Fetching XLP incremental data since 2026-07-29
Fetching XLP data from 2026-07-29 to 2026-07-31
Fetched 2 bars for XLP (timestamped in America/New_York)
Appending 2 bars to database...
Appended 1 new bars for XLP to PostgreSQL
Loaded 1510 bars for XLP from PostgreSQL
✓ Updated: 1510 total bars, last: 2026-07-30

============================================================
Updating XLV
============================================================
Loaded 1509 bars for XLV from PostgreSQL
Current data: 1509 bars, last: 2026-07-29
Fetching incremental data...
Fetching XLV incremental data since 2026-07-29
Fetching XLV data from 2026-07-29 to 2026-07-31
Fetched 2 bars for XLV (timestamped in America/New_York)
Appending 2 bars to database...
Appended 1 new bars for XLV to PostgreSQL
Loaded 1510 bars for XLV from PostgreSQL
✓ Updated: 1510 total bars, last: 2026-07-30

============================================================
Updating XLI
============================================================
Loaded 1509 bars for XLI from PostgreSQL
Current data: 1509 bars, last: 2026-07-29
Fetching incremental data...
Fetching XLI incremental data since 2026-07-29
Fetching XLI data from 2026-07-29 to 2026-07-31
Fetched 2 bars for XLI (timestamped in America/New_York)
Appending 2 bars to database...
Appended 1 new bars for XLI to PostgreSQL
Loaded 1510 bars for XLI from PostgreSQL
✓ Updated: 1510 total bars, last: 2026-07-30

============================================================
Updating XLB
============================================================
Loaded 1509 bars for XLB from PostgreSQL
Current data: 1509 bars, last: 2026-07-29
Fetching incremental data...
Fetching XLB incremental data since 2026-07-29
Fetching XLB data from 2026-07-29 to 2026-07-31
Fetched 2 bars for XLB (timestamped in America/New_York)
Appending 2 bars to database...
Appended 1 new bars for XLB to PostgreSQL
Loaded 1510 bars for XLB from PostgreSQL
✓ Updated: 1510 total bars, last: 2026-07-30

============================================================
Updating XLRE
============================================================
Loaded 1509 bars for XLRE from PostgreSQL
Current data: 1509 bars, last: 2026-07-29
Fetching incremental data...
Fetching XLRE incremental data since 2026-07-29
Fetching XLRE data from 2026-07-29 to 2026-07-31
Fetched 2 bars for XLRE (timestamped in America/New_York)
Appending 2 bars to database...
Appended 1 new bars for XLRE to PostgreSQL
Loaded 1510 bars for XLRE from PostgreSQL
✓ Updated: 1510 total bars, last: 2026-07-30

============================================================
Updating IWM
============================================================
Loaded 1509 bars for IWM from PostgreSQL
Current data: 1509 bars, last: 2026-07-29
Fetching incremental data...
Fetching IWM incremental data since 2026-07-29
Fetching IWM data from 2026-07-29 to 2026-07-31
Fetched 2 bars for IWM (timestamped in America/New_York)
Appending 2 bars to database...
Appended 1 new bars for IWM to PostgreSQL
Loaded 1510 bars for IWM from PostgreSQL
✓ Updated: 1510 total bars, last: 2026-07-30

============================================================
Updating DIA
============================================================
Loaded 1509 bars for DIA from PostgreSQL
Current data: 1509 bars, last: 2026-07-29
Fetching incremental data...
Fetching DIA incremental data since 2026-07-29
Fetching DIA data from 2026-07-29 to 2026-07-31
Fetched 2 bars for DIA (timestamped in America/New_York)
Appending 2 bars to database...
Appended 1 new bars for DIA to PostgreSQL
Loaded 1510 bars for DIA from PostgreSQL
✓ Updated: 1510 total bars, last: 2026-07-30

============================================================
Updating IJH
============================================================
Loaded 1509 bars for IJH from PostgreSQL
Current data: 1509 bars, last: 2026-07-29
Fetching incremental data...
Fetching IJH incremental data since 2026-07-29
Fetching IJH data from 2026-07-29 to 2026-07-31
Fetched 2 bars for IJH (timestamped in America/New_York)
Appending 2 bars to database...
Appended 1 new bars for IJH to PostgreSQL
Loaded 1510 bars for IJH from PostgreSQL
✓ Updated: 1510 total bars, last: 2026-07-30

============================================================
Updating IJR
============================================================
Loaded 1509 bars for IJR from PostgreSQL
Current data: 1509 bars, last: 2026-07-29
Fetching incremental data...
Fetching IJR incremental data since 2026-07-29
Fetching IJR data from 2026-07-29 to 2026-07-31
Fetched 2 bars for IJR (timestamped in America/New_York)
Appending 2 bars to database...
Appended 1 new bars for IJR to PostgreSQL
Loaded 1510 bars for IJR from PostgreSQL
✓ Updated: 1510 total bars, last: 2026-07-30

============================================================
Updating RSP
============================================================
Loaded 1509 bars for RSP from PostgreSQL
Current data: 1509 bars, last: 2026-07-29
Fetching incremental data...
Fetching RSP incremental data since 2026-07-29
Fetching RSP data from 2026-07-29 to 2026-07-31
Fetched 2 bars for RSP (timestamped in America/New_York)
Appending 2 bars to database...
Appended 1 new bars for RSP to PostgreSQL
Loaded 1510 bars for RSP from PostgreSQL
✓ Updated: 1510 total bars, last: 2026-07-30

============================================================
Updating SCHB
============================================================
Loaded 1504 bars for SCHB from PostgreSQL
Current data: 1504 bars, last: 2026-07-29
Fetching incremental data...
Fetching SCHB incremental data since 2026-07-29
Fetching SCHB data from 2026-07-29 to 2026-07-31
Fetched 2 bars for SCHB (timestamped in America/New_York)
Appending 2 bars to database...
Appended 1 new bars for SCHB to PostgreSQL
Loaded 1505 bars for SCHB from PostgreSQL
✓ Updated: 1505 total bars, last: 2026-07-30

============================================================
Updating SCHD
============================================================
Loaded 1509 bars for SCHD from PostgreSQL
Current data: 1509 bars, last: 2026-07-29
Fetching incremental data...
Fetching SCHD incremental data since 2026-07-29
Fetching SCHD data from 2026-07-29 to 2026-07-31
Fetched 2 bars for SCHD (timestamped in America/New_York)
Appending 2 bars to database...
Appended 1 new bars for SCHD to PostgreSQL
Loaded 1510 bars for SCHD from PostgreSQL
✓ Updated: 1510 total bars, last: 2026-07-30

============================================================
Updating SMH
============================================================
Loaded 1509 bars for SMH from PostgreSQL
Current data: 1509 bars, last: 2026-07-29
Fetching incremental data...
Fetching SMH incremental data since 2026-07-29
Fetching SMH data from 2026-07-29 to 2026-07-31
Fetched 2 bars for SMH (timestamped in America/New_York)
Appending 2 bars to database...
Appended 1 new bars for SMH to PostgreSQL
Loaded 1510 bars for SMH from PostgreSQL
✓ Updated: 1510 total bars, last: 2026-07-30

============================================================
Updating VGT
============================================================
Loaded 1508 bars for VGT from PostgreSQL
Current data: 1508 bars, last: 2026-07-29
Fetching incremental data...
Fetching VGT incremental data since 2026-07-29
Fetching VGT data from 2026-07-29 to 2026-07-31
Fetched 2 bars for VGT (timestamped in America/New_York)
Appending 2 bars to database...
Appended 1 new bars for VGT to PostgreSQL
Loaded 1509 bars for VGT from PostgreSQL
✓ Updated: 1509 total bars, last: 2026-07-30

============================================================
Updating VUG
============================================================
Loaded 1509 bars for VUG from PostgreSQL
Current data: 1509 bars, last: 2026-07-29
Fetching incremental data...
Fetching VUG incremental data since 2026-07-29
Fetching VUG data from 2026-07-29 to 2026-07-31
Fetched 2 bars for VUG (timestamped in America/New_York)
Appending 2 bars to database...
Appended 1 new bars for VUG to PostgreSQL
Loaded 1510 bars for VUG from PostgreSQL
✓ Updated: 1510 total bars, last: 2026-07-30

============================================================
Updating XLF
============================================================
Loaded 1509 bars for XLF from PostgreSQL
Current data: 1509 bars, last: 2026-07-29
Fetching incremental data...
Fetching XLF incremental data since 2026-07-29
Fetching XLF data from 2026-07-29 to 2026-07-31
Fetched 2 bars for XLF (timestamped in America/New_York)
Appending 2 bars to database...
Appended 1 new bars for XLF to PostgreSQL
Loaded 1510 bars for XLF from PostgreSQL
✓ Updated: 1510 total bars, last: 2026-07-30

============================================================
Updating XLK
============================================================
Loaded 1509 bars for XLK from PostgreSQL
Current data: 1509 bars, last: 2026-07-29
Fetching incremental data...
Fetching XLK incremental data since 2026-07-29
Fetching XLK data from 2026-07-29 to 2026-07-31
Error fetching data for XLK: {"message": "too many requests."}

No new data to fetch for XLK

============================================================
Updating XLE
============================================================
Loaded 1507 bars for XLE from PostgreSQL
Current data: 1507 bars, last: 2026-07-27
Fetching incremental data...
Fetching XLE incremental data since 2026-07-27
Fetching XLE data from 2026-07-27 to 2026-07-31
Error fetching data for XLE: {"message": "too many requests."}

No new data to fetch for XLE

============================================================
Updating XLU
============================================================
Loaded 1509 bars for XLU from PostgreSQL
Current data: 1509 bars, last: 2026-07-29
Fetching incremental data...
Fetching XLU incremental data since 2026-07-29
Fetching XLU data from 2026-07-29 to 2026-07-31
Fetched 2 bars for XLU (timestamped in America/New_York)
Appending 2 bars to database...
Appended 1 new bars for XLU to PostgreSQL
Loaded 1510 bars for XLU from PostgreSQL
✓ Updated: 1510 total bars, last: 2026-07-30

============================================================
Updating TLT
============================================================
Loaded 1509 bars for TLT from PostgreSQL
Current data: 1509 bars, last: 2026-07-29
Fetching incremental data...
Fetching TLT incremental data since 2026-07-29
Fetching TLT data from 2026-07-29 to 2026-07-31
Fetched 2 bars for TLT (timestamped in America/New_York)
Appending 2 bars to database...
Appended 1 new bars for TLT to PostgreSQL
Loaded 1510 bars for TLT from PostgreSQL
✓ Updated: 1510 total bars, last: 2026-07-30

============================================================
Updating GLD
============================================================
Loaded 1509 bars for GLD from PostgreSQL
Current data: 1509 bars, last: 2026-07-29
Fetching incremental data...
Fetching GLD incremental data since 2026-07-29
Fetching GLD data from 2026-07-29 to 2026-07-31
Fetched 2 bars for GLD (timestamped in America/New_York)
Appending 2 bars to database...
Appended 1 new bars for GLD to PostgreSQL
Loaded 1510 bars for GLD from PostgreSQL
✓ Updated: 1510 total bars, last: 2026-07-30

============================================================
Updating EEM
============================================================
Loaded 1509 bars for EEM from PostgreSQL
Current data: 1509 bars, last: 2026-07-29
Fetching incremental data...
Fetching EEM incremental data since 2026-07-29
Fetching EEM data from 2026-07-29 to 2026-07-31
Fetched 2 bars for EEM (timestamped in America/New_York)
Appending 2 bars to database...
Appended 1 new bars for EEM to PostgreSQL
Loaded 1510 bars for EEM from PostgreSQL
✓ Updated: 1510 total bars, last: 2026-07-30

============================================================
Updating EFA
============================================================
Loaded 1509 bars for EFA from PostgreSQL
Current data: 1509 bars, last: 2026-07-29
Fetching incremental data...
Fetching EFA incremental data since 2026-07-29
Fetching EFA data from 2026-07-29 to 2026-07-31
Fetched 2 bars for EFA (timestamped in America/New_York)
Appending 2 bars to database...
Appended 1 new bars for EFA to PostgreSQL
Loaded 1510 bars for EFA from PostgreSQL
✓ Updated: 1510 total bars, last: 2026-07-30

============================================================
Updating QQQ
============================================================
Loaded 1508 bars for QQQ from PostgreSQL
Current data: 1508 bars, last: 2026-07-29
Fetching incremental data...
Fetching QQQ incremental data since 2026-07-29
Fetching QQQ data from 2026-07-29 to 2026-07-31
Fetched 2 bars for QQQ (timestamped in America/New_York)
Appending 2 bars to database...
Appended 1 new bars for QQQ to PostgreSQL
Loaded 1509 bars for QQQ from PostgreSQL
✓ Updated: 1509 total bars, last: 2026-07-30

============================================================
Updating VTI
============================================================
Loaded 1508 bars for VTI from PostgreSQL
Current data: 1508 bars, last: 2026-07-29
Fetching incremental data...
Fetching VTI incremental data since 2026-07-29
Fetching VTI data from 2026-07-29 to 2026-07-31
Fetched 2 bars for VTI (timestamped in America/New_York)
Appending 2 bars to database...
Appended 1 new bars for VTI to PostgreSQL
Loaded 1509 bars for VTI from PostgreSQL
✓ Updated: 1509 total bars, last: 2026-07-30

============================================================
Updating VTV
============================================================
Loaded 1508 bars for VTV from PostgreSQL
Current data: 1508 bars, last: 2026-07-29
Fetching incremental data...
Fetching VTV incremental data since 2026-07-29
Fetching VTV data from 2026-07-29 to 2026-07-31
Fetched 2 bars for VTV (timestamped in America/New_York)
Appending 2 bars to database...
Appended 1 new bars for VTV to PostgreSQL
Loaded 1509 bars for VTV from PostgreSQL
✓ Updated: 1509 total bars, last: 2026-07-30

============================================================
Updating SPY
============================================================
Loaded 1044 bars for SPY from PostgreSQL
Current data: 1044 bars, last: 2026-07-29
Fetching incremental data...
Fetching SPY incremental data since 2026-07-29
Fetching SPY data from 2026-07-29 to 2026-07-31
Fetched 2 bars for SPY (timestamped in America/New_York)
Appending 2 bars to database...
Appended 1 new bars for SPY to PostgreSQL
Loaded 1045 bars for SPY from PostgreSQL
✓ Updated: 1045 total bars, last: 2026-07-30
[Parallel(n_jobs=-1)]: Done   3 out of   3 | elapsed:    3.9s finished
✓ Saved optimization candidate for QQQ (base_case=0)
✓ Saved best candidate for QQQ (cleaned up old candidates)
✓ Updated base_case=true params + metrics for QQQ
✓ Saved 36 backtest trades for QQQ to PostgreSQL
✓ Saved 37 equity snapshots for QQQ
✓ Logged optimization run for QQQ: Sharpe=1.0516552898518303
✓ Saved optimization candidate for VTI (base_case=0)
✓ Saved best candidate for VTI (cleaned up old candidates)
✓ Updated base_case=true params + metrics for VTI
✓ Saved 46 backtest trades for VTI to PostgreSQL
✓ Saved 47 equity snapshots for VTI
✓ Logged optimization run for VTI: Sharpe=1.0372155475752969
✓ Saved optimization candidate for VTV (base_case=0)
✓ Saved best candidate for VTV (cleaned up old candidates)
✓ Updated base_case=true params + metrics for VTV
✓ Saved 52 backtest trades for VTV to PostgreSQL
✓ Saved 53 equity snapshots for VTV
✓ Logged optimization run for VTV: Sharpe=0.9509067420964188

======================================================================
STEP 3: PORTFOLIO COORDINATE ASCENT
======================================================================
Loaded 1509 bars for QQQ from PostgreSQL
Loaded 1509 bars for VTI from PostgreSQL
Loaded 1509 bars for VTV from PostgreSQL
  Promotion gate: 0.8298 (best ever: 0.0000, current: 0.8298)
  Converged after 2 iterations
  Portfolio return: 145.07%
  Sharpe: 1.07 (baseline: 0.83)
  Max DD: 14.71%
  Trades: 59
  QQQ: CHAND(18, 3.5, entry_mult=1.5), REG(slope_pct 8d th=-0.5)
  VTI: CHAND(18, 3.0, entry_mult=1.0)
  VTV: CHAND(18, 2.5, entry_mult=2.0), REG(slope_atr 3d th=-2.0)
  ✓ Sharpe improved 0.8298 → 1.0691 — promoting new params
✓ Saved 59 backtest trades for BLENDED to PostgreSQL
✓ Saved 1492 equity snapshots for BLENDED
  ✓ Saved BLENDED portfolio results

======================================================================
NIGHTLY OPTIMIZATION COMPLETE
======================================================================
Total tickers: 3/3
Total runtime: 22.9s

QQQ:
  Params: CHAND(period=18, mult=3.5), REG(slope_pct 8d th=-0.5)
  Sharpe: 1.05 | Return: 134.26%
VTI:
  Params: CHAND(period=14, mult=3.0)
  Sharpe: 1.04 | Return: 89.94%
VTV:
  Params: CHAND(period=18, mult=2.5), REG(slope_atr 3d th=-1.0)
  Sharpe: 0.95 | Return: 66.45%

======================================================================
DATABASE SUMMARY
======================================================================

QQQ:
  Sharpe: 1.05, Return: 134.26%, Win Rate: 58.3%
VTI:
  Sharpe: 1.04, Return: 89.94%, Win Rate: 54.4%
VTV:
  Sharpe: 0.95, Return: 66.45%, Win Rate: 51.9%
BLENDED (PORTFOLIO):
  Sharpe: 1.07, Return: 145.07%, Win Rate: 49.2%

[VTI] Starting optimization...

======================================================================
Optimizing VTI [1Day]...
======================================================================
Loaded 1509 bars for VTI from PostgreSQL
PASS 1: Testing 27 chandelier-only combinations...

Testing 27 parameter combinations...
This may take a few minutes...

  [VTI] Tested 10/27 combinations...
  [VTI] Tested 20/27 combinations...

[OK] Optimization complete! Top 5 results:

Rank   Sharpe     Win%     Return     Trades   Parameters                                                            
------------------------------------------------------------------------------------------------------------------------
1      1.04       54.3     89.94     % 46       CHAND(period=14, mult=3.0, entry=1.5)                                 
2      1.01       53.7     81.10     % 41       CHAND(period=18, mult=3.0, entry=1.0)                                 
3      1.00       58.1     83.44     % 43       CHAND(period=18, mult=3.0, entry=1.5)                                 
4      0.97       52.3     79.26     % 44       CHAND(period=14, mult=3.0, entry=1.0)                                 
5      0.89       56.4     73.37     % 39       CHAND(period=18, mult=3.5, entry=1.5)                                 

PASS 2: Testing 32 regression combinations (fixed chandelier: period=14, mult=3.0, entry=1.5)...
  ✓ Chandelier-only wins: Sharpe 1.04 vs regression 1.04

Results for VTI:
  Best Sharpe: 1.04
  Win Rate: 54.3%
  Total Return: 89.94%
  Trades: 46
  Runtime: 2.8s

[QQQ] Starting optimization...

======================================================================
Optimizing QQQ [1Day]...
======================================================================
Loaded 1509 bars for QQQ from PostgreSQL
PASS 1: Testing 27 chandelier-only combinations...

Testing 27 parameter combinations...
This may take a few minutes...

  [QQQ] Tested 10/27 combinations...
  [QQQ] Tested 20/27 combinations...

[OK] Optimization complete! Top 5 results:

Rank   Sharpe     Win%     Return     Trades   Parameters                                                            
------------------------------------------------------------------------------------------------------------------------
1      1.02       58.3     128.63    % 36       CHAND(period=18, mult=3.5, entry=1.5)                                 
2      0.95       48.7     123.62    % 39       CHAND(period=14, mult=3.5, entry=1.5)                                 
3      0.94       46.3     127.55    % 41       CHAND(period=14, mult=3.5, entry=2.0)                                 
4      0.93       51.3     118.42    % 39       CHAND(period=18, mult=3.5, entry=2.0)                                 
5      0.88       60.0     100.11    % 35       CHAND(period=18, mult=3.5, entry=1.0)                                 

PASS 2: Testing 32 regression combinations (fixed chandelier: period=18, mult=3.5, entry=1.5)...
  ✓ Regression exit wins: Sharpe 1.05 vs 1.02

Results for QQQ:
  Best Sharpe: 1.05
  Win Rate: 58.3%
  Total Return: 134.26%
  Trades: 36
  Runtime: 2.8s

[VTV] Starting optimization...

======================================================================
Optimizing VTV [1Day]...
======================================================================
Loaded 1509 bars for VTV from PostgreSQL
PASS 1: Testing 27 chandelier-only combinations...

Testing 27 parameter combinations...
This may take a few minutes...

  [VTV] Tested 10/27 combinations...
  [VTV] Tested 20/27 combinations...

[OK] Optimization complete! Top 5 results:

Rank   Sharpe     Win%     Return     Trades   Parameters                                                            
------------------------------------------------------------------------------------------------------------------------
1      0.93       52.9     65.19     % 51       CHAND(period=18, mult=2.5, entry=2.0)                                 
2      0.86       58.3     62.45     % 48       CHAND(period=14, mult=3.0, entry=1.5)                                 
3      0.82       52.2     56.85     % 46       CHAND(period=18, mult=3.0, entry=2.0)                                 
4      0.81       53.8     60.21     % 52       CHAND(period=14, mult=3.0, entry=2.0)                                 
5      0.80       53.2     56.98     % 62       CHAND(period=14, mult=2.5, entry=2.0)                                 

PASS 2: Testing 32 regression combinations (fixed chandelier: period=18, mult=2.5, entry=2.0)...
  ✓ Regression exit wins: Sharpe 0.95 vs 0.93

Results for VTV:
  Best Sharpe: 0.95
  Win Rate: 51.9%
  Total Return: 66.45%
  Trades: 52
  Runtime: 2.8s
[2026-07-31 09:13:11] Optimizer finished (exit: 0)
